case_id,arm,stream,success,executed_raw_steps,replan_calls,entered_replanning,path,H_POLICY,H_REAL3_REPLAN
R6_reacher_004a2bdf27d8bfceafa73467,H0,R3_ORIGINAL,1,23,1,False,/workspace/r8/m5/formal/FORMAL/R3_ORIGINAL/R6_reacher_004a2bdf27d8bfceafa73467/H0/FULL_HISTORY/result.json,1,1
R6_reacher_004a2bdf27d8bfceafa73467,REFIT_103201,R3_ORIGINAL,1,24,1,False,/workspace/r8/m5/formal/FORMAL/R3_ORIGINAL/R6_reacher_004a2bdf27d8bfceafa73467/REFIT_103201/FULL_HISTORY/result.json,0,1
R6_reacher_004a2bdf27d8bfceafa73467,REFIT_103202,R3_ORIGINAL,1,26,2,True,/workspace/r8/m5/formal/FORMAL/R3_ORIGINAL/R6_reacher_004a2bdf27d8bfceafa73467/REFIT_103202/FULL_HISTORY/result.json,1,1
R6_reacher_004a2bdf27d8bfceafa73467,REFIT_103203,R3_ORIGINAL,1,25,1,False,/workspace/r8/m5/formal/FORMAL/R3_ORIGINAL/R6_reacher_004a2bdf27d8bfceafa73467/REFIT_103203/FULL_HISTORY/result.json,1,1
R6_reacher_005a9d4fafe8239392288119,H0,R3_ORIGINAL,1,23,1,False,/workspace/r8/m5/formal/FORMAL/R3_ORIGINAL/R6_reacher_005a9d4fafe8239392288119/H0/FULL_HISTORY/result.json,1,1
R6_reacher_005a9d4fafe8239392288119,REFIT_103201,R3_ORIGINAL,1,24,1,False,/workspace/r8/m5/formal/FORMAL/R3_ORIGINAL/R6_reacher_005a9d4fafe8239392288119/REFIT_103201/FULL_HISTORY/result.json,1,1
R6_reacher_005a9d4fafe8239392288119,REFIT_103202,R3_ORIGINAL,1,25,1,False,/workspace/r8/m5/formal/FORMAL/R3_ORIGINAL/R6_reacher_005a9d4fafe8239392288119/REFIT_103202/FULL_HISTORY/result.json,0,1
R6_reacher_005a9d4fafe8239392288119,REFIT_103203,R3_ORIGINAL,1,23,1,False,/workspace/r8/m5/formal/FORMAL/R3_ORIGINAL/R6_reacher_005a9d4fafe8239392288119/REFIT_103203/FULL_HISTORY/result.json,1,1
R6_reacher_01140d82262ee0be1b888afa,H0,R3_ORIGINAL,1,9,1,False,/workspace/r8/m5/formal/FORMAL/R3_ORIGINAL/R6_reacher_01140d82262ee0be1b888afa/H0/FULL_HISTORY/result.json,1,1
R6_reacher_01140d82262ee0be1b888afa,REFIT_103201,R3_ORIGINAL,1,25,1,False,/workspace/r8/m5/formal/FORMAL/R3_ORIGINAL/R6_reacher_01140d82262ee0be1b888afa/REFIT_103201/FULL_HISTORY/result.json,0,1
R6_reacher_01140d82262ee0be1b888afa,REFIT_103202,R3_ORIGINAL,1,25,1,False,/workspace/r8/m5/formal/FORMAL/R3_ORIGINAL/R6_reacher_01140d82262ee0be1b888afa/REFIT_103202/FULL_HISTORY/result.json,1,1
R6_reacher_01140d82262ee0be1b888afa,REFIT_103203,R3_ORIGINAL,1,21,1,False,/workspace/r8/m5/formal/FORMAL/R3_ORIGINAL/R6_reacher_01140d82262ee0be1b888afa/REFIT_103203/FULL_HISTORY/result.json,1,1
R6_reacher_011ea9fb18f79bb320718d2e,H0,R3_ORIGINAL,1,25,1,False,/workspace/r8/m5/formal/FORMAL/R3_ORIGINAL/R6_reacher_011ea9fb18f79bb320718d2e/H0/FULL_HISTORY/result.json,1,1
R6_reacher_011ea9fb18f79bb320718d2e,REFIT_103201,R3_ORIGINAL,1,23,1,False,/workspace/r8/m5/formal/FORMAL/R3_ORIGINAL/R6_reacher_011ea9fb18f79bb320718d2e/REFIT_103201/FULL_HISTORY/result.json,1,1
R6_reacher_011ea9fb18f79bb320718d2e,REFIT_103202,R3_ORIGINAL,1,13,1,False,/workspace/r8/m5/formal/FORMAL/R3_ORIGINAL/R6_reacher_011ea9fb18f79bb320718d2e/REFIT_103202/FULL_HISTORY/result.json,1,1
R6_reacher_011ea9fb18f79bb320718d2e,REFIT_103203,R3_ORIGINAL,1,22,1,False,/workspace/r8/m5/formal/FORMAL/R3_ORIGINAL/R6_reacher_011ea9fb18f79bb320718d2e/REFIT_103203/FULL_HISTORY/result.json,1,1
R6_reacher_012dddba11ae750296fdc988,H0,R3_ORIGINAL,1,15,1,False,/workspace/r8/m5/formal/FORMAL/R3_ORIGINAL/R6_reacher_012dddba11ae750296fdc988/H0/FULL_HISTORY/result.json,1,1
R6_reacher_012dddba11ae750296fdc988,REFIT_103201,R3_ORIGINAL,1,16,1,False,/workspace/r8/m5/formal/FORMAL/R3_ORIGINAL/R6_reacher_012dddba11ae750296fdc988/REFIT_103201/FULL_HISTORY/result.json,1,1
R6_reacher_012dddba11ae750296fdc988,REFIT_103202,R3_ORIGINAL,1,48,2,True,/workspace/r8/m5/formal/FORMAL/R3_ORIGINAL/R6_reacher_012dddba11ae750296fdc988/REFIT_103202/FULL_HISTORY/result.json,1,1
R6_reacher_012dddba11ae750296fdc988,REFIT_103203,R3_ORIGINAL,1,24,1,False,/workspace/r8/m5/formal/FORMAL/R3_ORIGINAL/R6_reacher_012dddba11ae750296fdc988/REFIT_103203/FULL_HISTORY/result.json,1,1
R6_reacher_01376a746a41e9e26d1e8b2e,H0,R3_ORIGINAL,1,24,1,False,/workspace/r8/m5/formal/FORMAL/R3_ORIGINAL/R6_reacher_01376a746a41e9e26d1e8b2e/H0/FULL_HISTORY/result.json,1,1
R6_reacher_01376a746a41e9e26d1e8b2e,REFIT_103201,R3_ORIGINAL,1,20,1,False,/workspace/r8/m5/formal/FORMAL/R3_ORIGINAL/R6_reacher_01376a746a41e9e26d1e8b2e/REFIT_103201/FULL_HISTORY/result.json,1,1
R6_reacher_01376a746a41e9e26d1e8b2e,REFIT_103202,R3_ORIGINAL,1,24,1,False,/workspace/r8/m5/formal/FORMAL/R3_ORIGINAL/R6_reacher_01376a746a41e9e26d1e8b2e/REFIT_103202/FULL_HISTORY/result.json,1,1
R6_reacher_01376a746a41e9e26d1e8b2e,REFIT_103203,R3_ORIGINAL,1,17,1,False,/workspace/r8/m5/formal/FORMAL/R3_ORIGINAL/R6_reacher_01376a746a41e9e26d1e8b2e/REFIT_103203/FULL_HISTORY/result.json,1,1
R6_reacher_0184346c125528018922c654,H0,R3_ORIGINAL,1,24,1,False,/workspace/r8/m5/formal/FORMAL/R3_ORIGINAL/R6_reacher_0184346c125528018922c654/H0/FULL_HISTORY/result.json,0,1
R6_reacher_0184346c125528018922c654,REFIT_103201,R3_ORIGINAL,1,20,1,False,/workspace/r8/m5/formal/FORMAL/R3_ORIGINAL/R6_reacher_0184346c125528018922c654/REFIT_103201/FULL_HISTORY/result.json,1,1
R6_reacher_0184346c125528018922c654,REFIT_103202,R3_ORIGINAL,1,19,1,False,/workspace/r8/m5/formal/FORMAL/R3_ORIGINAL/R6_reacher_0184346c125528018922c654/REFIT_103202/FULL_HISTORY/result.json,1,1
R6_reacher_0184346c125528018922c654,REFIT_103203,R3_ORIGINAL,1,23,1,False,/workspace/r8/m5/formal/FORMAL/R3_ORIGINAL/R6_reacher_0184346c125528018922c654/REFIT_103203/FULL_HISTORY/result.json,0,1
R6_reacher_0192eda575e790d45853b4a8,H0,R3_ORIGINAL,1,27,2,True,/workspace/r8/m5/formal/FORMAL/R3_ORIGINAL/R6_reacher_0192eda575e790d45853b4a8/H0/FULL_HISTORY/result.json,1,1
R6_reacher_0192eda575e790d45853b4a8,REFIT_103201,R3_ORIGINAL,1,26,2,True,/workspace/r8/m5/formal/FORMAL/R3_ORIGINAL/R6_reacher_0192eda575e790d45853b4a8/REFIT_103201/FULL_HISTORY/result.json,1,1
R6_reacher_0192eda575e790d45853b4a8,REFIT_103202,R3_ORIGINAL,1,25,1,False,/workspace/r8/m5/formal/FORMAL/R3_ORIGINAL/R6_reacher_0192eda575e790d45853b4a8/REFIT_103202/FULL_HISTORY/result.json,0,1
R6_reacher_0192eda575e790d45853b4a8,REFIT_103203,R3_ORIGINAL,1,50,2,True,/workspace/r8/m5/formal/FORMAL/R3_ORIGINAL/R6_reacher_0192eda575e790d45853b4a8/REFIT_103203/FULL_HISTORY/result.json,1,1
R6_reacher_01a317a7971dd8b32b9e544f,H0,R3_ORIGINAL,1,22,1,False,/workspace/r8/m5/formal/FORMAL/R3_ORIGINAL/R6_reacher_01a317a7971dd8b32b9e544f/H0/FULL_HISTORY/result.json,0,1
R6_reacher_01a317a7971dd8b32b9e544f,REFIT_103201,R3_ORIGINAL,1,24,1,False,/workspace/r8/m5/formal/FORMAL/R3_ORIGINAL/R6_reacher_01a317a7971dd8b32b9e544f/REFIT_103201/FULL_HISTORY/result.json,1,1
R6_reacher_01a317a7971dd8b32b9e544f,REFIT_103202,R3_ORIGINAL,1,50,2,True,/workspace/r8/m5/formal/FORMAL/R3_ORIGINAL/R6_reacher_01a317a7971dd8b32b9e544f/REFIT_103202/FULL_HISTORY/result.json,1,1
R6_reacher_01a317a7971dd8b32b9e544f,REFIT_103203,R3_ORIGINAL,1,23,1,False,/workspace/r8/m5/formal/FORMAL/R3_ORIGINAL/R6_reacher_01a317a7971dd8b32b9e544f/REFIT_103203/FULL_HISTORY/result.json,1,1
R6_reacher_01a7354c1ecb23a787077139,H0,R3_ORIGINAL,1,25,1,False,/workspace/r8/m5/formal/FORMAL/R3_ORIGINAL/R6_reacher_01a7354c1ecb23a787077139/H0/FULL_HISTORY/result.json,1,1
R6_reacher_01a7354c1ecb23a787077139,REFIT_103201,R3_ORIGINAL,1,23,1,False,/workspace/r8/m5/formal/FORMAL/R3_ORIGINAL/R6_reacher_01a7354c1ecb23a787077139/REFIT_103201/FULL_HISTORY/result.json,1,1
R6_reacher_01a7354c1ecb23a787077139,REFIT_103202,R3_ORIGINAL,1,11,1,False,/workspace/r8/m5/formal/FORMAL/R3_ORIGINAL/R6_reacher_01a7354c1ecb23a787077139/REFIT_103202/FULL_HISTORY/result.json,1,1
R6_reacher_01a7354c1ecb23a787077139,REFIT_103203,R3_ORIGINAL,1,25,1,False,/workspace/r8/m5/formal/FORMAL/R3_ORIGINAL/R6_reacher_01a7354c1ecb23a787077139/REFIT_103203/FULL_HISTORY/result.json,1,1
R6_reacher_01f4491b43897667d92d30bf,H0,R3_ORIGINAL,1,26,2,True,/workspace/r8/m5/formal/FORMAL/R3_ORIGINAL/R6_reacher_01f4491b43897667d92d30bf/H0/FULL_HISTORY/result.json,1,1
R6_reacher_01f4491b43897667d92d30bf,REFIT_103201,R3_ORIGINAL,1,27,2,True,/workspace/r8/m5/formal/FORMAL/R3_ORIGINAL/R6_reacher_01f4491b43897667d92d30bf/REFIT_103201/FULL_HISTORY/result.json,1,1
R6_reacher_01f4491b43897667d92d30bf,REFIT_103202,R3_ORIGINAL,1,25,1,False,/workspace/r8/m5/formal/FORMAL/R3_ORIGINAL/R6_reacher_01f4491b43897667d92d30bf/REFIT_103202/FULL_HISTORY/result.json,1,1
R6_reacher_01f4491b43897667d92d30bf,REFIT_103203,R3_ORIGINAL,0,50,2,True,/workspace/r8/m5/formal/FORMAL/R3_ORIGINAL/R6_reacher_01f4491b43897667d92d30bf/REFIT_103203/FULL_HISTORY/result.json,1,1
R6_reacher_01f5771f4bd3fe2f344b4afe,H0,R3_ORIGINAL,1,45,2,True,/workspace/r8/m5/formal/FORMAL/R3_ORIGINAL/R6_reacher_01f5771f4bd3fe2f344b4afe/H0/FULL_HISTORY/result.json,1,1
R6_reacher_01f5771f4bd3fe2f344b4afe,REFIT_103201,R3_ORIGINAL,1,23,1,False,/workspace/r8/m5/formal/FORMAL/R3_ORIGINAL/R6_reacher_01f5771f4bd3fe2f344b4afe/REFIT_103201/FULL_HISTORY/result.json,1,1
R6_reacher_01f5771f4bd3fe2f344b4afe,REFIT_103202,R3_ORIGINAL,1,24,1,False,/workspace/r8/m5/formal/FORMAL/R3_ORIGINAL/R6_reacher_01f5771f4bd3fe2f344b4afe/REFIT_103202/FULL_HISTORY/result.json,1,1
R6_reacher_01f5771f4bd3fe2f344b4afe,REFIT_103203,R3_ORIGINAL,1,24,1,False,/workspace/r8/m5/formal/FORMAL/R3_ORIGINAL/R6_reacher_01f5771f4bd3fe2f344b4afe/REFIT_103203/FULL_HISTORY/result.json,1,1
R6_reacher_02363949abe1b34ce169a168,H0,R3_ORIGINAL,1,25,1,False,/workspace/r8/m5/formal/FORMAL/R3_ORIGINAL/R6_reacher_02363949abe1b34ce169a168/H0/FULL_HISTORY/result.json,0,1
R6_reacher_02363949abe1b34ce169a168,REFIT_103201,R3_ORIGINAL,1,23,1,False,/workspace/r8/m5/formal/FORMAL/R3_ORIGINAL/R6_reacher_02363949abe1b34ce169a168/REFIT_103201/FULL_HISTORY/result.json,0,1
R6_reacher_02363949abe1b34ce169a168,REFIT_103202,R3_ORIGINAL,1,25,1,False,/workspace/r8/m5/formal/FORMAL/R3_ORIGINAL/R6_reacher_02363949abe1b34ce169a168/REFIT_103202/FULL_HISTORY/result.json,0,1
R6_reacher_02363949abe1b34ce169a168,REFIT_103203,R3_ORIGINAL,1,24,1,False,/workspace/r8/m5/formal/FORMAL/R3_ORIGINAL/R6_reacher_02363949abe1b34ce169a168/REFIT_103203/FULL_HISTORY/result.json,0,0
R6_reacher_0236acda3799285bc7c01150,H0,R3_ORIGINAL,1,25,1,False,/workspace/r8/m5/formal/FORMAL/R3_ORIGINAL/R6_reacher_0236acda3799285bc7c01150/H0/FULL_HISTORY/result.json,1,1
R6_reacher_0236acda3799285bc7c01150,REFIT_103201,R3_ORIGINAL,1,25,1,False,/workspace/r8/m5/formal/FORMAL/R3_ORIGINAL/R6_reacher_0236acda3799285bc7c01150/REFIT_103201/FULL_HISTORY/result.json,1,1
R6_reacher_0236acda3799285bc7c01150,REFIT_103202,R3_ORIGINAL,1,24,1,False,/workspace/r8/m5/formal/FORMAL/R3_ORIGINAL/R6_reacher_0236acda3799285bc7c01150/REFIT_103202/FULL_HISTORY/result.json,1,1
R6_reacher_0236acda3799285bc7c01150,REFIT_103203,R3_ORIGINAL,1,25,1,False,/workspace/r8/m5/formal/FORMAL/R3_ORIGINAL/R6_reacher_0236acda3799285bc7c01150/REFIT_103203/FULL_HISTORY/result.json,1,0
R6_reacher_0240bbadbe9657118f04a00f,H0,R3_ORIGINAL,0,50,2,True,/workspace/r8/m5/formal/FORMAL/R3_ORIGINAL/R6_reacher_0240bbadbe9657118f04a00f/H0/FULL_HISTORY/result.json,1,1
R6_reacher_0240bbadbe9657118f04a00f,REFIT_103201,R3_ORIGINAL,1,23,1,False,/workspace/r8/m5/formal/FORMAL/R3_ORIGINAL/R6_reacher_0240bbadbe9657118f04a00f/REFIT_103201/FULL_HISTORY/result.json,1,1
R6_reacher_0240bbadbe9657118f04a00f,REFIT_103202,R3_ORIGINAL,1,24,1,False,/workspace/r8/m5/formal/FORMAL/R3_ORIGINAL/R6_reacher_0240bbadbe9657118f04a00f/REFIT_103202/FULL_HISTORY/result.json,1,1
R6_reacher_0240bbadbe9657118f04a00f,REFIT_103203,R3_ORIGINAL,1,23,1,False,/workspace/r8/m5/formal/FORMAL/R3_ORIGINAL/R6_reacher_0240bbadbe9657118f04a00f/REFIT_103203/FULL_HISTORY/result.json,1,1
R6_reacher_026d9ade4b09a32c4196f539,H0,R3_ORIGINAL,1,25,1,False,/workspace/r8/m5/formal/FORMAL/R3_ORIGINAL/R6_reacher_026d9ade4b09a32c4196f539/H0/FULL_HISTORY/result.json,1,1
R6_reacher_026d9ade4b09a32c4196f539,REFIT_103201,R3_ORIGINAL,1,1,1,False,/workspace/r8/m5/formal/FORMAL/R3_ORIGINAL/R6_reacher_026d9ade4b09a32c4196f539/REFIT_103201/FULL_HISTORY/result.json,1,1
R6_reacher_026d9ade4b09a32c4196f539,REFIT_103202,R3_ORIGINAL,1,10,1,False,/workspace/r8/m5/formal/FORMAL/R3_ORIGINAL/R6_reacher_026d9ade4b09a32c4196f539/REFIT_103202/FULL_HISTORY/result.json,1,1
R6_reacher_026d9ade4b09a32c4196f539,REFIT_103203,R3_ORIGINAL,1,13,1,False,/workspace/r8/m5/formal/FORMAL/R3_ORIGINAL/R6_reacher_026d9ade4b09a32c4196f539/REFIT_103203/FULL_HISTORY/result.json,1,1
R6_reacher_027fb56ab9bbb246ba323f0b,H0,R3_ORIGINAL,1,23,1,False,/workspace/r8/m5/formal/FORMAL/R3_ORIGINAL/R6_reacher_027fb56ab9bbb246ba323f0b/H0/FULL_HISTORY/result.json,1,1
R6_reacher_027fb56ab9bbb246ba323f0b,REFIT_103201,R3_ORIGINAL,1,23,1,False,/workspace/r8/m5/formal/FORMAL/R3_ORIGINAL/R6_reacher_027fb56ab9bbb246ba323f0b/REFIT_103201/FULL_HISTORY/result.json,1,1
R6_reacher_027fb56ab9bbb246ba323f0b,REFIT_103202,R3_ORIGINAL,1,25,1,False,/workspace/r8/m5/formal/FORMAL/R3_ORIGINAL/R6_reacher_027fb56ab9bbb246ba323f0b/REFIT_103202/FULL_HISTORY/result.json,1,1
R6_reacher_027fb56ab9bbb246ba323f0b,REFIT_103203,R3_ORIGINAL,1,21,1,False,/workspace/r8/m5/formal/FORMAL/R3_ORIGINAL/R6_reacher_027fb56ab9bbb246ba323f0b/REFIT_103203/FULL_HISTORY/result.json,1,1
R6_reacher_02b5a054bf782ce2a8682ef0,H0,R3_ORIGINAL,1,25,1,False,/workspace/r8/m5/formal/FORMAL/R3_ORIGINAL/R6_reacher_02b5a054bf782ce2a8682ef0/H0/FULL_HISTORY/result.json,1,1
R6_reacher_02b5a054bf782ce2a8682ef0,REFIT_103201,R3_ORIGINAL,1,18,1,False,/workspace/r8/m5/formal/FORMAL/R3_ORIGINAL/R6_reacher_02b5a054bf782ce2a8682ef0/REFIT_103201/FULL_HISTORY/result.json,1,1
R6_reacher_02b5a054bf782ce2a8682ef0,REFIT_103202,R3_ORIGINAL,1,24,1,False,/workspace/r8/m5/formal/FORMAL/R3_ORIGINAL/R6_reacher_02b5a054bf782ce2a8682ef0/REFIT_103202/FULL_HISTORY/result.json,1,1
R6_reacher_02b5a054bf782ce2a8682ef0,REFIT_103203,R3_ORIGINAL,1,25,1,False,/workspace/r8/m5/formal/FORMAL/R3_ORIGINAL/R6_reacher_02b5a054bf782ce2a8682ef0/REFIT_103203/FULL_HISTORY/result.json,1,1
R6_reacher_02bf9b5015a6d24cafbda1dd,H0,R3_ORIGINAL,1,25,1,False,/workspace/r8/m5/formal/FORMAL/R3_ORIGINAL/R6_reacher_02bf9b5015a6d24cafbda1dd/H0/FULL_HISTORY/result.json,1,1
R6_reacher_02bf9b5015a6d24cafbda1dd,REFIT_103201,R3_ORIGINAL,1,25,1,False,/workspace/r8/m5/formal/FORMAL/R3_ORIGINAL/R6_reacher_02bf9b5015a6d24cafbda1dd/REFIT_103201/FULL_HISTORY/result.json,1,1
R6_reacher_02bf9b5015a6d24cafbda1dd,REFIT_103202,R3_ORIGINAL,1,25,1,False,/workspace/r8/m5/formal/FORMAL/R3_ORIGINAL/R6_reacher_02bf9b5015a6d24cafbda1dd/REFIT_103202/FULL_HISTORY/result.json,1,1
R6_reacher_02bf9b5015a6d24cafbda1dd,REFIT_103203,R3_ORIGINAL,1,26,2,True,/workspace/r8/m5/formal/FORMAL/R3_ORIGINAL/R6_reacher_02bf9b5015a6d24cafbda1dd/REFIT_103203/FULL_HISTORY/result.json,0,1
R6_reacher_02d110e309cbccb2d8a94c8b,H0,R3_ORIGINAL,1,15,1,False,/workspace/r8/m5/formal/FORMAL/R3_ORIGINAL/R6_reacher_02d110e309cbccb2d8a94c8b/H0/FULL_HISTORY/result.json,1,1
R6_reacher_02d110e309cbccb2d8a94c8b,REFIT_103201,R3_ORIGINAL,0,50,2,True,/workspace/r8/m5/formal/FORMAL/R3_ORIGINAL/R6_reacher_02d110e309cbccb2d8a94c8b/REFIT_103201/FULL_HISTORY/result.json,1,1
R6_reacher_02d110e309cbccb2d8a94c8b,REFIT_103202,R3_ORIGINAL,1,25,1,False,/workspace/r8/m5/formal/FORMAL/R3_ORIGINAL/R6_reacher_02d110e309cbccb2d8a94c8b/REFIT_103202/FULL_HISTORY/result.json,1,1
R6_reacher_02d110e309cbccb2d8a94c8b,REFIT_103203,R3_ORIGINAL,1,22,1,False,/workspace/r8/m5/formal/FORMAL/R3_ORIGINAL/R6_reacher_02d110e309cbccb2d8a94c8b/REFIT_103203/FULL_HISTORY/result.json,1,1
R6_reacher_0323e2a42cd2b4632da3af22,H0,R3_ORIGINAL,1,25,1,False,/workspace/r8/m5/formal/FORMAL/R3_ORIGINAL/R6_reacher_0323e2a42cd2b4632da3af22/H0/FULL_HISTORY/result.json,1,1
R6_reacher_0323e2a42cd2b4632da3af22,REFIT_103201,R3_ORIGINAL,0,50,2,True,/workspace/r8/m5/formal/FORMAL/R3_ORIGINAL/R6_reacher_0323e2a42cd2b4632da3af22/REFIT_103201/FULL_HISTORY/result.json,1,1
R6_reacher_0323e2a42cd2b4632da3af22,REFIT_103202,R3_ORIGINAL,1,25,1,False,/workspace/r8/m5/formal/FORMAL/R3_ORIGINAL/R6_reacher_0323e2a42cd2b4632da3af22/REFIT_103202/FULL_HISTORY/result.json,1,1
R6_reacher_0323e2a42cd2b4632da3af22,REFIT_103203,R3_ORIGINAL,1,25,1,False,/workspace/r8/m5/formal/FORMAL/R3_ORIGINAL/R6_reacher_0323e2a42cd2b4632da3af22/REFIT_103203/FULL_HISTORY/result.json,1,1
R6_reacher_03576c27fc916ca37b9d6b1d,H0,R3_ORIGINAL,1,25,1,False,/workspace/r8/m5/formal/FORMAL/R3_ORIGINAL/R6_reacher_03576c27fc916ca37b9d6b1d/H0/FULL_HISTORY/result.json,1,1
R6_reacher_03576c27fc916ca37b9d6b1d,REFIT_103201,R3_ORIGINAL,1,25,1,False,/workspace/r8/m5/formal/FORMAL/R3_ORIGINAL/R6_reacher_03576c27fc916ca37b9d6b1d/REFIT_103201/FULL_HISTORY/result.json,1,1
R6_reacher_03576c27fc916ca37b9d6b1d,REFIT_103202,R3_ORIGINAL,1,25,1,False,/workspace/r8/m5/formal/FORMAL/R3_ORIGINAL/R6_reacher_03576c27fc916ca37b9d6b1d/REFIT_103202/FULL_HISTORY/result.json,1,1
R6_reacher_03576c27fc916ca37b9d6b1d,REFIT_103203,R3_ORIGINAL,1,25,1,False,/workspace/r8/m5/formal/FORMAL/R3_ORIGINAL/R6_reacher_03576c27fc916ca37b9d6b1d/REFIT_103203/FULL_HISTORY/result.json,1,1
R6_reacher_035bff63e5e604a5c077f9b3,H0,R3_ORIGINAL,1,24,1,False,/workspace/r8/m5/formal/FORMAL/R3_ORIGINAL/R6_reacher_035bff63e5e604a5c077f9b3/H0/FULL_HISTORY/result.json,1,1
R6_reacher_035bff63e5e604a5c077f9b3,REFIT_103201,R3_ORIGINAL,1,22,1,False,/workspace/r8/m5/formal/FORMAL/R3_ORIGINAL/R6_reacher_035bff63e5e604a5c077f9b3/REFIT_103201/FULL_HISTORY/result.json,1,1
R6_reacher_035bff63e5e604a5c077f9b3,REFIT_103202,R3_ORIGINAL,1,30,2,True,/workspace/r8/m5/formal/FORMAL/R3_ORIGINAL/R6_reacher_035bff63e5e604a5c077f9b3/REFIT_103202/FULL_HISTORY/result.json,1,1
R6_reacher_035bff63e5e604a5c077f9b3,REFIT_103203,R3_ORIGINAL,1,23,1,False,/workspace/r8/m5/formal/FORMAL/R3_ORIGINAL/R6_reacher_035bff63e5e604a5c077f9b3/REFIT_103203/FULL_HISTORY/result.json,1,1
R6_reacher_0378e2d686e7ef985b91bf38,H0,R3_ORIGINAL,1,25,1,False,/workspace/r8/m5/formal/FORMAL/R3_ORIGINAL/R6_reacher_0378e2d686e7ef985b91bf38/H0/FULL_HISTORY/result.json,1,1
R6_reacher_0378e2d686e7ef985b91bf38,REFIT_103201,R3_ORIGINAL,1,25,1,False,/workspace/r8/m5/formal/FORMAL/R3_ORIGINAL/R6_reacher_0378e2d686e7ef985b91bf38/REFIT_103201/FULL_HISTORY/result.json,1,1
R6_reacher_0378e2d686e7ef985b91bf38,REFIT_103202,R3_ORIGINAL,1,50,2,True,/workspace/r8/m5/formal/FORMAL/R3_ORIGINAL/R6_reacher_0378e2d686e7ef985b91bf38/REFIT_103202/FULL_HISTORY/result.json,1,1
R6_reacher_0378e2d686e7ef985b91bf38,REFIT_103203,R3_ORIGINAL,1,27,2,True,/workspace/r8/m5/formal/FORMAL/R3_ORIGINAL/R6_reacher_0378e2d686e7ef985b91bf38/REFIT_103203/FULL_HISTORY/result.json,1,1
R6_reacher_037aa4ee62015773e3d025c8,H0,R3_ORIGINAL,1,24,1,False,/workspace/r8/m5/formal/FORMAL/R3_ORIGINAL/R6_reacher_037aa4ee62015773e3d025c8/H0/FULL_HISTORY/result.json,1,1
R6_reacher_037aa4ee62015773e3d025c8,REFIT_103201,R3_ORIGINAL,1,4,1,False,/workspace/r8/m5/formal/FORMAL/R3_ORIGINAL/R6_reacher_037aa4ee62015773e3d025c8/REFIT_103201/FULL_HISTORY/result.json,1,1
R6_reacher_037aa4ee62015773e3d025c8,REFIT_103202,R3_ORIGINAL,1,25,1,False,/workspace/r8/m5/formal/FORMAL/R3_ORIGINAL/R6_reacher_037aa4ee62015773e3d025c8/REFIT_103202/FULL_HISTORY/result.json,1,1
R6_reacher_037aa4ee62015773e3d025c8,REFIT_103203,R3_ORIGINAL,1,4,1,False,/workspace/r8/m5/formal/FORMAL/R3_ORIGINAL/R6_reacher_037aa4ee62015773e3d025c8/REFIT_103203/FULL_HISTORY/result.json,1,1
R6_reacher_03c5dc1bff3c46c7e7066e86,H0,R3_ORIGINAL,0,50,2,True,/workspace/r8/m5/formal/FORMAL/R3_ORIGINAL/R6_reacher_03c5dc1bff3c46c7e7066e86/H0/FULL_HISTORY/result.json,1,1
R6_reacher_03c5dc1bff3c46c7e7066e86,REFIT_103201,R3_ORIGINAL,1,25,1,False,/workspace/r8/m5/formal/FORMAL/R3_ORIGINAL/R6_reacher_03c5dc1bff3c46c7e7066e86/REFIT_103201/FULL_HISTORY/result.json,1,1
R6_reacher_03c5dc1bff3c46c7e7066e86,REFIT_103202,R3_ORIGINAL,1,25,1,False,/workspace/r8/m5/formal/FORMAL/R3_ORIGINAL/R6_reacher_03c5dc1bff3c46c7e7066e86/REFIT_103202/FULL_HISTORY/result.json,1,1
R6_reacher_03c5dc1bff3c46c7e7066e86,REFIT_103203,R3_ORIGINAL,1,25,1,False,/workspace/r8/m5/formal/FORMAL/R3_ORIGINAL/R6_reacher_03c5dc1bff3c46c7e7066e86/REFIT_103203/FULL_HISTORY/result.json,1,1
R6_reacher_03f079f0a6fc89393c99bd18,H0,R3_ORIGINAL,1,12,1,False,/workspace/r8/m5/formal/FORMAL/R3_ORIGINAL/R6_reacher_03f079f0a6fc89393c99bd18/H0/FULL_HISTORY/result.json,1,1
R6_reacher_03f079f0a6fc89393c99bd18,REFIT_103201,R3_ORIGINAL,1,22,1,False,/workspace/r8/m5/formal/FORMAL/R3_ORIGINAL/R6_reacher_03f079f0a6fc89393c99bd18/REFIT_103201/FULL_HISTORY/result.json,1,1
R6_reacher_03f079f0a6fc89393c99bd18,REFIT_103202,R3_ORIGINAL,1,24,1,False,/workspace/r8/m5/formal/FORMAL/R3_ORIGINAL/R6_reacher_03f079f0a6fc89393c99bd18/REFIT_103202/FULL_HISTORY/result.json,1,1
R6_reacher_03f079f0a6fc89393c99bd18,REFIT_103203,R3_ORIGINAL,1,22,1,False,/workspace/r8/m5/formal/FORMAL/R3_ORIGINAL/R6_reacher_03f079f0a6fc89393c99bd18/REFIT_103203/FULL_HISTORY/result.json,1,1
R6_reacher_040a17920fc86c8a79997322,H0,R3_ORIGINAL,1,25,1,False,/workspace/r8/m5/formal/FORMAL/R3_ORIGINAL/R6_reacher_040a17920fc86c8a79997322/H0/FULL_HISTORY/result.json,1,1
R6_reacher_040a17920fc86c8a79997322,REFIT_103201,R3_ORIGINAL,1,22,1,False,/workspace/r8/m5/formal/FORMAL/R3_ORIGINAL/R6_reacher_040a17920fc86c8a79997322/REFIT_103201/FULL_HISTORY/result.json,1,1
R6_reacher_040a17920fc86c8a79997322,REFIT_103202,R3_ORIGINAL,1,24,1,False,/workspace/r8/m5/formal/FORMAL/R3_ORIGINAL/R6_reacher_040a17920fc86c8a79997322/REFIT_103202/FULL_HISTORY/result.json,1,1
R6_reacher_040a17920fc86c8a79997322,REFIT_103203,R3_ORIGINAL,1,22,1,False,/workspace/r8/m5/formal/FORMAL/R3_ORIGINAL/R6_reacher_040a17920fc86c8a79997322/REFIT_103203/FULL_HISTORY/result.json,1,1
R6_reacher_040d72a154c2687da092ebc8,H0,R3_ORIGINAL,1,20,1,False,/workspace/r8/m5/formal/FORMAL/R3_ORIGINAL/R6_reacher_040d72a154c2687da092ebc8/H0/FULL_HISTORY/result.json,0,1
R6_reacher_040d72a154c2687da092ebc8,REFIT_103201,R3_ORIGINAL,1,22,1,False,/workspace/r8/m5/formal/FORMAL/R3_ORIGINAL/R6_reacher_040d72a154c2687da092ebc8/REFIT_103201/FULL_HISTORY/result.json,0,0
R6_reacher_040d72a154c2687da092ebc8,REFIT_103202,R3_ORIGINAL,1,24,1,False,/workspace/r8/m5/formal/FORMAL/R3_ORIGINAL/R6_reacher_040d72a154c2687da092ebc8/REFIT_103202/FULL_HISTORY/result.json,0,1
R6_reacher_040d72a154c2687da092ebc8,REFIT_103203,R3_ORIGINAL,1,24,1,False,/workspace/r8/m5/formal/FORMAL/R3_ORIGINAL/R6_reacher_040d72a154c2687da092ebc8/REFIT_103203/FULL_HISTORY/result.json,0,1
R6_reacher_0415eab85414f31fa3d57a99,H0,R3_ORIGINAL,1,1,1,False,/workspace/r8/m5/formal/FORMAL/R3_ORIGINAL/R6_reacher_0415eab85414f31fa3d57a99/H0/FULL_HISTORY/result.json,1,1
R6_reacher_0415eab85414f31fa3d57a99,REFIT_103201,R3_ORIGINAL,1,1,1,False,/workspace/r8/m5/formal/FORMAL/R3_ORIGINAL/R6_reacher_0415eab85414f31fa3d57a99/REFIT_103201/FULL_HISTORY/result.json,1,1
R6_reacher_0415eab85414f31fa3d57a99,REFIT_103202,R3_ORIGINAL,1,2,1,False,/workspace/r8/m5/formal/FORMAL/R3_ORIGINAL/R6_reacher_0415eab85414f31fa3d57a99/REFIT_103202/FULL_HISTORY/result.json,1,1
R6_reacher_0415eab85414f31fa3d57a99,REFIT_103203,R3_ORIGINAL,1,25,1,False,/workspace/r8/m5/formal/FORMAL/R3_ORIGINAL/R6_reacher_0415eab85414f31fa3d57a99/REFIT_103203/FULL_HISTORY/result.json,1,1
R6_reacher_042b78b7f94ed6c85b84ad7b,H0,R3_ORIGINAL,1,25,1,False,/workspace/r8/m5/formal/FORMAL/R3_ORIGINAL/R6_reacher_042b78b7f94ed6c85b84ad7b/H0/FULL_HISTORY/result.json,1,1
R6_reacher_042b78b7f94ed6c85b84ad7b,REFIT_103201,R3_ORIGINAL,1,25,1,False,/workspace/r8/m5/formal/FORMAL/R3_ORIGINAL/R6_reacher_042b78b7f94ed6c85b84ad7b/REFIT_103201/FULL_HISTORY/result.json,1,1
R6_reacher_042b78b7f94ed6c85b84ad7b,REFIT_103202,R3_ORIGINAL,1,25,1,False,/workspace/r8/m5/formal/FORMAL/R3_ORIGINAL/R6_reacher_042b78b7f94ed6c85b84ad7b/REFIT_103202/FULL_HISTORY/result.json,1,1
R6_reacher_042b78b7f94ed6c85b84ad7b,REFIT_103203,R3_ORIGINAL,1,24,1,False,/workspace/r8/m5/formal/FORMAL/R3_ORIGINAL/R6_reacher_042b78b7f94ed6c85b84ad7b/REFIT_103203/FULL_HISTORY/result.json,1,1
R6_reacher_04323b4ed17bb5ed62619b74,H0,R3_ORIGINAL,1,24,1,False,/workspace/r8/m5/formal/FORMAL/R3_ORIGINAL/R6_reacher_04323b4ed17bb5ed62619b74/H0/FULL_HISTORY/result.json,0,1
R6_reacher_04323b4ed17bb5ed62619b74,REFIT_103201,R3_ORIGINAL,1,23,1,False,/workspace/r8/m5/formal/FORMAL/R3_ORIGINAL/R6_reacher_04323b4ed17bb5ed62619b74/REFIT_103201/FULL_HISTORY/result.json,1,1
R6_reacher_04323b4ed17bb5ed62619b74,REFIT_103202,R3_ORIGINAL,1,19,1,False,/workspace/r8/m5/formal/FORMAL/R3_ORIGINAL/R6_reacher_04323b4ed17bb5ed62619b74/REFIT_103202/FULL_HISTORY/result.json,1,1
R6_reacher_04323b4ed17bb5ed62619b74,REFIT_103203,R3_ORIGINAL,1,23,1,False,/workspace/r8/m5/formal/FORMAL/R3_ORIGINAL/R6_reacher_04323b4ed17bb5ed62619b74/REFIT_103203/FULL_HISTORY/result.json,1,1
R6_reacher_0452de7446bee2d31c1997b9,H0,R3_ORIGINAL,1,13,1,False,/workspace/r8/m5/formal/FORMAL/R3_ORIGINAL/R6_reacher_0452de7446bee2d31c1997b9/H0/FULL_HISTORY/result.json,1,1
R6_reacher_0452de7446bee2d31c1997b9,REFIT_103201,R3_ORIGINAL,1,24,1,False,/workspace/r8/m5/formal/FORMAL/R3_ORIGINAL/R6_reacher_0452de7446bee2d31c1997b9/REFIT_103201/FULL_HISTORY/result.json,1,1
R6_reacher_0452de7446bee2d31c1997b9,REFIT_103202,R3_ORIGINAL,1,20,1,False,/workspace/r8/m5/formal/FORMAL/R3_ORIGINAL/R6_reacher_0452de7446bee2d31c1997b9/REFIT_103202/FULL_HISTORY/result.json,1,1
R6_reacher_0452de7446bee2d31c1997b9,REFIT_103203,R3_ORIGINAL,1,11,1,False,/workspace/r8/m5/formal/FORMAL/R3_ORIGINAL/R6_reacher_0452de7446bee2d31c1997b9/REFIT_103203/FULL_HISTORY/result.json,1,1
R6_reacher_04683ac84fb7627e60eba9af,H0,R3_ORIGINAL,1,25,1,False,/workspace/r8/m5/formal/FORMAL/R3_ORIGINAL/R6_reacher_04683ac84fb7627e60eba9af/H0/FULL_HISTORY/result.json,1,1
R6_reacher_04683ac84fb7627e60eba9af,REFIT_103201,R3_ORIGINAL,1,25,1,False,/workspace/r8/m5/formal/FORMAL/R3_ORIGINAL/R6_reacher_04683ac84fb7627e60eba9af/REFIT_103201/FULL_HISTORY/result.json,1,1
R6_reacher_04683ac84fb7627e60eba9af,REFIT_103202,R3_ORIGINAL,1,25,1,False,/workspace/r8/m5/formal/FORMAL/R3_ORIGINAL/R6_reacher_04683ac84fb7627e60eba9af/REFIT_103202/FULL_HISTORY/result.json,1,1
R6_reacher_04683ac84fb7627e60eba9af,REFIT_103203,R3_ORIGINAL,1,11,1,False,/workspace/r8/m5/formal/FORMAL/R3_ORIGINAL/R6_reacher_04683ac84fb7627e60eba9af/REFIT_103203/FULL_HISTORY/result.json,1,1
R6_reacher_04689ec072dab02039d86a47,H0,R3_ORIGINAL,1,50,2,True,/workspace/r8/m5/formal/FORMAL/R3_ORIGINAL/R6_reacher_04689ec072dab02039d86a47/H0/FULL_HISTORY/result.json,1,1
R6_reacher_04689ec072dab02039d86a47,REFIT_103201,R3_ORIGINAL,1,25,1,False,/workspace/r8/m5/formal/FORMAL/R3_ORIGINAL/R6_reacher_04689ec072dab02039d86a47/REFIT_103201/FULL_HISTORY/result.json,1,1
R6_reacher_04689ec072dab02039d86a47,REFIT_103202,R3_ORIGINAL,1,50,2,True,/workspace/r8/m5/formal/FORMAL/R3_ORIGINAL/R6_reacher_04689ec072dab02039d86a47/REFIT_103202/FULL_HISTORY/result.json,1,1
R6_reacher_04689ec072dab02039d86a47,REFIT_103203,R3_ORIGINAL,1,30,2,True,/workspace/r8/m5/formal/FORMAL/R3_ORIGINAL/R6_reacher_04689ec072dab02039d86a47/REFIT_103203/FULL_HISTORY/result.json,1,1
R6_reacher_046be47cf7ed9869cb27531c,H0,R3_ORIGINAL,1,20,1,False,/workspace/r8/m5/formal/FORMAL/R3_ORIGINAL/R6_reacher_046be47cf7ed9869cb27531c/H0/FULL_HISTORY/result.json,1,1
R6_reacher_046be47cf7ed9869cb27531c,REFIT_103201,R3_ORIGINAL,1,25,1,False,/workspace/r8/m5/formal/FORMAL/R3_ORIGINAL/R6_reacher_046be47cf7ed9869cb27531c/REFIT_103201/FULL_HISTORY/result.json,1,1
R6_reacher_046be47cf7ed9869cb27531c,REFIT_103202,R3_ORIGINAL,1,22,1,False,/workspace/r8/m5/formal/FORMAL/R3_ORIGINAL/R6_reacher_046be47cf7ed9869cb27531c/REFIT_103202/FULL_HISTORY/result.json,1,1
R6_reacher_046be47cf7ed9869cb27531c,REFIT_103203,R3_ORIGINAL,1,23,1,False,/workspace/r8/m5/formal/FORMAL/R3_ORIGINAL/R6_reacher_046be47cf7ed9869cb27531c/REFIT_103203/FULL_HISTORY/result.json,1,1
R6_reacher_048302dc4ec9c121421618eb,H0,R3_ORIGINAL,1,24,1,False,/workspace/r8/m5/formal/FORMAL/R3_ORIGINAL/R6_reacher_048302dc4ec9c121421618eb/H0/FULL_HISTORY/result.json,1,0
R6_reacher_048302dc4ec9c121421618eb,REFIT_103201,R3_ORIGINAL,1,24,1,False,/workspace/r8/m5/formal/FORMAL/R3_ORIGINAL/R6_reacher_048302dc4ec9c121421618eb/REFIT_103201/FULL_HISTORY/result.json,1,1
R6_reacher_048302dc4ec9c121421618eb,REFIT_103202,R3_ORIGINAL,1,16,1,False,/workspace/r8/m5/formal/FORMAL/R3_ORIGINAL/R6_reacher_048302dc4ec9c121421618eb/REFIT_103202/FULL_HISTORY/result.json,1,1
R6_reacher_048302dc4ec9c121421618eb,REFIT_103203,R3_ORIGINAL,1,24,1,False,/workspace/r8/m5/formal/FORMAL/R3_ORIGINAL/R6_reacher_048302dc4ec9c121421618eb/REFIT_103203/FULL_HISTORY/result.json,1,1
R6_reacher_048aa37b1e1d985113bcef99,H0,R3_ORIGINAL,0,50,2,True,/workspace/r8/m5/formal/FORMAL/R3_ORIGINAL/R6_reacher_048aa37b1e1d985113bcef99/H0/FULL_HISTORY/result.json,1,1
R6_reacher_048aa37b1e1d985113bcef99,REFIT_103201,R3_ORIGINAL,0,50,2,True,/workspace/r8/m5/formal/FORMAL/R3_ORIGINAL/R6_reacher_048aa37b1e1d985113bcef99/REFIT_103201/FULL_HISTORY/result.json,0,1
R6_reacher_048aa37b1e1d985113bcef99,REFIT_103202,R3_ORIGINAL,0,50,2,True,/workspace/r8/m5/formal/FORMAL/R3_ORIGINAL/R6_reacher_048aa37b1e1d985113bcef99/REFIT_103202/FULL_HISTORY/result.json,0,1
R6_reacher_048aa37b1e1d985113bcef99,REFIT_103203,R3_ORIGINAL,0,50,2,True,/workspace/r8/m5/formal/FORMAL/R3_ORIGINAL/R6_reacher_048aa37b1e1d985113bcef99/REFIT_103203/FULL_HISTORY/result.json,0,1
R6_reacher_04bca313072e5fd5c88146b6,H0,R3_ORIGINAL,1,25,1,False,/workspace/r8/m5/formal/FORMAL/R3_ORIGINAL/R6_reacher_04bca313072e5fd5c88146b6/H0/FULL_HISTORY/result.json,0,1
R6_reacher_04bca313072e5fd5c88146b6,REFIT_103201,R3_ORIGINAL,1,49,2,True,/workspace/r8/m5/formal/FORMAL/R3_ORIGINAL/R6_reacher_04bca313072e5fd5c88146b6/REFIT_103201/FULL_HISTORY/result.json,1,1
R6_reacher_04bca313072e5fd5c88146b6,REFIT_103202,R3_ORIGINAL,1,25,1,False,/workspace/r8/m5/formal/FORMAL/R3_ORIGINAL/R6_reacher_04bca313072e5fd5c88146b6/REFIT_103202/FULL_HISTORY/result.json,1,1
R6_reacher_04bca313072e5fd5c88146b6,REFIT_103203,R3_ORIGINAL,1,25,1,False,/workspace/r8/m5/formal/FORMAL/R3_ORIGINAL/R6_reacher_04bca313072e5fd5c88146b6/REFIT_103203/FULL_HISTORY/result.json,0,1
R6_reacher_04d10f6b3e3067ae5a06d677,H0,R3_ORIGINAL,0,50,2,True,/workspace/r8/m5/formal/FORMAL/R3_ORIGINAL/R6_reacher_04d10f6b3e3067ae5a06d677/H0/FULL_HISTORY/result.json,1,1
R6_reacher_04d10f6b3e3067ae5a06d677,REFIT_103201,R3_ORIGINAL,1,49,2,True,/workspace/r8/m5/formal/FORMAL/R3_ORIGINAL/R6_reacher_04d10f6b3e3067ae5a06d677/REFIT_103201/FULL_HISTORY/result.json,1,1
R6_reacher_04d10f6b3e3067ae5a06d677,REFIT_103202,R3_ORIGINAL,0,50,2,True,/workspace/r8/m5/formal/FORMAL/R3_ORIGINAL/R6_reacher_04d10f6b3e3067ae5a06d677/REFIT_103202/FULL_HISTORY/result.json,1,1
R6_reacher_04d10f6b3e3067ae5a06d677,REFIT_103203,R3_ORIGINAL,1,25,1,False,/workspace/r8/m5/formal/FORMAL/R3_ORIGINAL/R6_reacher_04d10f6b3e3067ae5a06d677/REFIT_103203/FULL_HISTORY/result.json,1,1
R6_reacher_05227f26cb88c6f6d6a24c57,H0,R3_ORIGINAL,1,24,1,False,/workspace/r8/m5/formal/FORMAL/R3_ORIGINAL/R6_reacher_05227f26cb88c6f6d6a24c57/H0/FULL_HISTORY/result.json,1,1
R6_reacher_05227f26cb88c6f6d6a24c57,REFIT_103201,R3_ORIGINAL,1,25,1,False,/workspace/r8/m5/formal/FORMAL/R3_ORIGINAL/R6_reacher_05227f26cb88c6f6d6a24c57/REFIT_103201/FULL_HISTORY/result.json,1,1
R6_reacher_05227f26cb88c6f6d6a24c57,REFIT_103202,R3_ORIGINAL,1,22,1,False,/workspace/r8/m5/formal/FORMAL/R3_ORIGINAL/R6_reacher_05227f26cb88c6f6d6a24c57/REFIT_103202/FULL_HISTORY/result.json,1,1
R6_reacher_05227f26cb88c6f6d6a24c57,REFIT_103203,R3_ORIGINAL,1,25,1,False,/workspace/r8/m5/formal/FORMAL/R3_ORIGINAL/R6_reacher_05227f26cb88c6f6d6a24c57/REFIT_103203/FULL_HISTORY/result.json,1,1
R6_reacher_05609e0e97d87b35452f8ae7,H0,R3_ORIGINAL,1,23,1,False,/workspace/r8/m5/formal/FORMAL/R3_ORIGINAL/R6_reacher_05609e0e97d87b35452f8ae7/H0/FULL_HISTORY/result.json,1,1
R6_reacher_05609e0e97d87b35452f8ae7,REFIT_103201,R3_ORIGINAL,1,20,1,False,/workspace/r8/m5/formal/FORMAL/R3_ORIGINAL/R6_reacher_05609e0e97d87b35452f8ae7/REFIT_103201/FULL_HISTORY/result.json,1,1
R6_reacher_05609e0e97d87b35452f8ae7,REFIT_103202,R3_ORIGINAL,1,23,1,False,/workspace/r8/m5/formal/FORMAL/R3_ORIGINAL/R6_reacher_05609e0e97d87b35452f8ae7/REFIT_103202/FULL_HISTORY/result.json,1,1
R6_reacher_05609e0e97d87b35452f8ae7,REFIT_103203,R3_ORIGINAL,1,23,1,False,/workspace/r8/m5/formal/FORMAL/R3_ORIGINAL/R6_reacher_05609e0e97d87b35452f8ae7/REFIT_103203/FULL_HISTORY/result.json,1,1
R6_reacher_05673647385df937e0c2da8e,H0,R3_ORIGINAL,1,25,1,False,/workspace/r8/m5/formal/FORMAL/R3_ORIGINAL/R6_reacher_05673647385df937e0c2da8e/H0/FULL_HISTORY/result.json,1,1
R6_reacher_05673647385df937e0c2da8e,REFIT_103201,R3_ORIGINAL,1,25,1,False,/workspace/r8/m5/formal/FORMAL/R3_ORIGINAL/R6_reacher_05673647385df937e0c2da8e/REFIT_103201/FULL_HISTORY/result.json,1,1
R6_reacher_05673647385df937e0c2da8e,REFIT_103202,R3_ORIGINAL,1,24,1,False,/workspace/r8/m5/formal/FORMAL/R3_ORIGINAL/R6_reacher_05673647385df937e0c2da8e/REFIT_103202/FULL_HISTORY/result.json,1,1
R6_reacher_05673647385df937e0c2da8e,REFIT_103203,R3_ORIGINAL,1,26,2,True,/workspace/r8/m5/formal/FORMAL/R3_ORIGINAL/R6_reacher_05673647385df937e0c2da8e/REFIT_103203/FULL_HISTORY/result.json,1,1
R6_reacher_0572fff5c1f8d2522d9fef3e,H0,R3_ORIGINAL,1,25,1,False,/workspace/r8/m5/formal/FORMAL/R3_ORIGINAL/R6_reacher_0572fff5c1f8d2522d9fef3e/H0/FULL_HISTORY/result.json,1,1
R6_reacher_0572fff5c1f8d2522d9fef3e,REFIT_103201,R3_ORIGINAL,1,20,1,False,/workspace/r8/m5/formal/FORMAL/R3_ORIGINAL/R6_reacher_0572fff5c1f8d2522d9fef3e/REFIT_103201/FULL_HISTORY/result.json,1,1
R6_reacher_0572fff5c1f8d2522d9fef3e,REFIT_103202,R3_ORIGINAL,1,26,2,True,/workspace/r8/m5/formal/FORMAL/R3_ORIGINAL/R6_reacher_0572fff5c1f8d2522d9fef3e/REFIT_103202/FULL_HISTORY/result.json,1,1
R6_reacher_0572fff5c1f8d2522d9fef3e,REFIT_103203,R3_ORIGINAL,1,18,1,False,/workspace/r8/m5/formal/FORMAL/R3_ORIGINAL/R6_reacher_0572fff5c1f8d2522d9fef3e/REFIT_103203/FULL_HISTORY/result.json,1,1
R6_reacher_058fbdf2d7805234d86b62e9,H0,R3_ORIGINAL,1,23,1,False,/workspace/r8/m5/formal/FORMAL/R3_ORIGINAL/R6_reacher_058fbdf2d7805234d86b62e9/H0/FULL_HISTORY/result.json,1,1
R6_reacher_058fbdf2d7805234d86b62e9,REFIT_103201,R3_ORIGINAL,1,25,1,False,/workspace/r8/m5/formal/FORMAL/R3_ORIGINAL/R6_reacher_058fbdf2d7805234d86b62e9/REFIT_103201/FULL_HISTORY/result.json,1,1
R6_reacher_058fbdf2d7805234d86b62e9,REFIT_103202,R3_ORIGINAL,1,25,1,False,/workspace/r8/m5/formal/FORMAL/R3_ORIGINAL/R6_reacher_058fbdf2d7805234d86b62e9/REFIT_103202/FULL_HISTORY/result.json,1,1
R6_reacher_058fbdf2d7805234d86b62e9,REFIT_103203,R3_ORIGINAL,1,25,1,False,/workspace/r8/m5/formal/FORMAL/R3_ORIGINAL/R6_reacher_058fbdf2d7805234d86b62e9/REFIT_103203/FULL_HISTORY/result.json,1,1
R6_reacher_05b7debf402e51340c75b891,H0,R3_ORIGINAL,1,24,1,False,/workspace/r8/m5/formal/FORMAL/R3_ORIGINAL/R6_reacher_05b7debf402e51340c75b891/H0/FULL_HISTORY/result.json,1,1
R6_reacher_05b7debf402e51340c75b891,REFIT_103201,R3_ORIGINAL,1,25,1,False,/workspace/r8/m5/formal/FORMAL/R3_ORIGINAL/R6_reacher_05b7debf402e51340c75b891/REFIT_103201/FULL_HISTORY/result.json,1,1
R6_reacher_05b7debf402e51340c75b891,REFIT_103202,R3_ORIGINAL,1,25,1,False,/workspace/r8/m5/formal/FORMAL/R3_ORIGINAL/R6_reacher_05b7debf402e51340c75b891/REFIT_103202/FULL_HISTORY/result.json,1,1
R6_reacher_05b7debf402e51340c75b891,REFIT_103203,R3_ORIGINAL,1,25,1,False,/workspace/r8/m5/formal/FORMAL/R3_ORIGINAL/R6_reacher_05b7debf402e51340c75b891/REFIT_103203/FULL_HISTORY/result.json,1,1
R6_reacher_05d9adfbb7fea330209f9d6e,H0,R3_ORIGINAL,1,25,1,False,/workspace/r8/m5/formal/FORMAL/R3_ORIGINAL/R6_reacher_05d9adfbb7fea330209f9d6e/H0/FULL_HISTORY/result.json,1,1
R6_reacher_05d9adfbb7fea330209f9d6e,REFIT_103201,R3_ORIGINAL,1,24,1,False,/workspace/r8/m5/formal/FORMAL/R3_ORIGINAL/R6_reacher_05d9adfbb7fea330209f9d6e/REFIT_103201/FULL_HISTORY/result.json,0,1
R6_reacher_05d9adfbb7fea330209f9d6e,REFIT_103202,R3_ORIGINAL,1,23,1,False,/workspace/r8/m5/formal/FORMAL/R3_ORIGINAL/R6_reacher_05d9adfbb7fea330209f9d6e/REFIT_103202/FULL_HISTORY/result.json,1,1
R6_reacher_05d9adfbb7fea330209f9d6e,REFIT_103203,R3_ORIGINAL,1,21,1,False,/workspace/r8/m5/formal/FORMAL/R3_ORIGINAL/R6_reacher_05d9adfbb7fea330209f9d6e/REFIT_103203/FULL_HISTORY/result.json,1,1
R6_reacher_0604aded9586b94217e9ae71,H0,R3_ORIGINAL,1,24,1,False,/workspace/r8/m5/formal/FORMAL/R3_ORIGINAL/R6_reacher_0604aded9586b94217e9ae71/H0/FULL_HISTORY/result.json,1,1
R6_reacher_0604aded9586b94217e9ae71,REFIT_103201,R3_ORIGINAL,1,25,1,False,/workspace/r8/m5/formal/FORMAL/R3_ORIGINAL/R6_reacher_0604aded9586b94217e9ae71/REFIT_103201/FULL_HISTORY/result.json,1,1
R6_reacher_0604aded9586b94217e9ae71,REFIT_103202,R3_ORIGINAL,1,25,1,False,/workspace/r8/m5/formal/FORMAL/R3_ORIGINAL/R6_reacher_0604aded9586b94217e9ae71/REFIT_103202/FULL_HISTORY/result.json,0,1
R6_reacher_0604aded9586b94217e9ae71,REFIT_103203,R3_ORIGINAL,1,25,1,False,/workspace/r8/m5/formal/FORMAL/R3_ORIGINAL/R6_reacher_0604aded9586b94217e9ae71/REFIT_103203/FULL_HISTORY/result.json,1,1
R6_reacher_06104c870ec34e14878b4947,H0,R3_ORIGINAL,1,21,1,False,/workspace/r8/m5/formal/FORMAL/R3_ORIGINAL/R6_reacher_06104c870ec34e14878b4947/H0/FULL_HISTORY/result.json,1,1
R6_reacher_06104c870ec34e14878b4947,REFIT_103201,R3_ORIGINAL,1,24,1,False,/workspace/r8/m5/formal/FORMAL/R3_ORIGINAL/R6_reacher_06104c870ec34e14878b4947/REFIT_103201/FULL_HISTORY/result.json,1,1
R6_reacher_06104c870ec34e14878b4947,REFIT_103202,R3_ORIGINAL,1,19,1,False,/workspace/r8/m5/formal/FORMAL/R3_ORIGINAL/R6_reacher_06104c870ec34e14878b4947/REFIT_103202/FULL_HISTORY/result.json,0,1
R6_reacher_06104c870ec34e14878b4947,REFIT_103203,R3_ORIGINAL,1,24,1,False,/workspace/r8/m5/formal/FORMAL/R3_ORIGINAL/R6_reacher_06104c870ec34e14878b4947/REFIT_103203/FULL_HISTORY/result.json,0,1
R6_reacher_0642735d2daa02558c1d8737,H0,R3_ORIGINAL,1,25,1,False,/workspace/r8/m5/formal/FORMAL/R3_ORIGINAL/R6_reacher_0642735d2daa02558c1d8737/H0/FULL_HISTORY/result.json,1,0
R6_reacher_0642735d2daa02558c1d8737,REFIT_103201,R3_ORIGINAL,1,25,1,False,/workspace/r8/m5/formal/FORMAL/R3_ORIGINAL/R6_reacher_0642735d2daa02558c1d8737/REFIT_103201/FULL_HISTORY/result.json,1,1
R6_reacher_0642735d2daa02558c1d8737,REFIT_103202,R3_ORIGINAL,1,25,1,False,/workspace/r8/m5/formal/FORMAL/R3_ORIGINAL/R6_reacher_0642735d2daa02558c1d8737/REFIT_103202/FULL_HISTORY/result.json,1,1
R6_reacher_0642735d2daa02558c1d8737,REFIT_103203,R3_ORIGINAL,1,25,1,False,/workspace/r8/m5/formal/FORMAL/R3_ORIGINAL/R6_reacher_0642735d2daa02558c1d8737/REFIT_103203/FULL_HISTORY/result.json,1,1
R6_reacher_0685d60e12fdbdbe63e5d232,H0,R3_ORIGINAL,1,10,1,False,/workspace/r8/m5/formal/FORMAL/R3_ORIGINAL/R6_reacher_0685d60e12fdbdbe63e5d232/H0/FULL_HISTORY/result.json,0,0
R6_reacher_0685d60e12fdbdbe63e5d232,REFIT_103201,R3_ORIGINAL,1,22,1,False,/workspace/r8/m5/formal/FORMAL/R3_ORIGINAL/R6_reacher_0685d60e12fdbdbe63e5d232/REFIT_103201/FULL_HISTORY/result.json,0,1
R6_reacher_0685d60e12fdbdbe63e5d232,REFIT_103202,R3_ORIGINAL,1,19,1,False,/workspace/r8/m5/formal/FORMAL/R3_ORIGINAL/R6_reacher_0685d60e12fdbdbe63e5d232/REFIT_103202/FULL_HISTORY/result.json,0,1
R6_reacher_0685d60e12fdbdbe63e5d232,REFIT_103203,R3_ORIGINAL,1,21,1,False,/workspace/r8/m5/formal/FORMAL/R3_ORIGINAL/R6_reacher_0685d60e12fdbdbe63e5d232/REFIT_103203/FULL_HISTORY/result.json,1,1
R6_reacher_069945d6d002522c9d5ef1d9,H0,R3_ORIGINAL,1,23,1,False,/workspace/r8/m5/formal/FORMAL/R3_ORIGINAL/R6_reacher_069945d6d002522c9d5ef1d9/H0/FULL_HISTORY/result.json,1,1
R6_reacher_069945d6d002522c9d5ef1d9,REFIT_103201,R3_ORIGINAL,1,25,1,False,/workspace/r8/m5/formal/FORMAL/R3_ORIGINAL/R6_reacher_069945d6d002522c9d5ef1d9/REFIT_103201/FULL_HISTORY/result.json,1,1
R6_reacher_069945d6d002522c9d5ef1d9,REFIT_103202,R3_ORIGINAL,1,22,1,False,/workspace/r8/m5/formal/FORMAL/R3_ORIGINAL/R6_reacher_069945d6d002522c9d5ef1d9/REFIT_103202/FULL_HISTORY/result.json,1,1
R6_reacher_069945d6d002522c9d5ef1d9,REFIT_103203,R3_ORIGINAL,1,23,1,False,/workspace/r8/m5/formal/FORMAL/R3_ORIGINAL/R6_reacher_069945d6d002522c9d5ef1d9/REFIT_103203/FULL_HISTORY/result.json,1,1
R6_reacher_06cc3d0169c47775bf5c3654,H0,R3_ORIGINAL,1,26,2,True,/workspace/r8/m5/formal/FORMAL/R3_ORIGINAL/R6_reacher_06cc3d0169c47775bf5c3654/H0/FULL_HISTORY/result.json,0,1
R6_reacher_06cc3d0169c47775bf5c3654,REFIT_103201,R3_ORIGINAL,1,25,1,False,/workspace/r8/m5/formal/FORMAL/R3_ORIGINAL/R6_reacher_06cc3d0169c47775bf5c3654/REFIT_103201/FULL_HISTORY/result.json,1,1
R6_reacher_06cc3d0169c47775bf5c3654,REFIT_103202,R3_ORIGINAL,1,25,1,False,/workspace/r8/m5/formal/FORMAL/R3_ORIGINAL/R6_reacher_06cc3d0169c47775bf5c3654/REFIT_103202/FULL_HISTORY/result.json,1,1
R6_reacher_06cc3d0169c47775bf5c3654,REFIT_103203,R3_ORIGINAL,1,25,1,False,/workspace/r8/m5/formal/FORMAL/R3_ORIGINAL/R6_reacher_06cc3d0169c47775bf5c3654/REFIT_103203/FULL_HISTORY/result.json,1,1
R6_reacher_06f31f0ed66595d668f795d6,H0,R3_ORIGINAL,1,25,1,False,/workspace/r8/m5/formal/FORMAL/R3_ORIGINAL/R6_reacher_06f31f0ed66595d668f795d6/H0/FULL_HISTORY/result.json,1,1
R6_reacher_06f31f0ed66595d668f795d6,REFIT_103201,R3_ORIGINAL,1,19,1,False,/workspace/r8/m5/formal/FORMAL/R3_ORIGINAL/R6_reacher_06f31f0ed66595d668f795d6/REFIT_103201/FULL_HISTORY/result.json,1,1
R6_reacher_06f31f0ed66595d668f795d6,REFIT_103202,R3_ORIGINAL,1,20,1,False,/workspace/r8/m5/formal/FORMAL/R3_ORIGINAL/R6_reacher_06f31f0ed66595d668f795d6/REFIT_103202/FULL_HISTORY/result.json,1,1
R6_reacher_06f31f0ed66595d668f795d6,REFIT_103203,R3_ORIGINAL,1,7,1,False,/workspace/r8/m5/formal/FORMAL/R3_ORIGINAL/R6_reacher_06f31f0ed66595d668f795d6/REFIT_103203/FULL_HISTORY/result.json,1,1
R6_reacher_070de37ab215162432f871dc,H0,R3_ORIGINAL,1,23,1,False,/workspace/r8/m5/formal/FORMAL/R3_ORIGINAL/R6_reacher_070de37ab215162432f871dc/H0/FULL_HISTORY/result.json,0,1
R6_reacher_070de37ab215162432f871dc,REFIT_103201,R3_ORIGINAL,1,24,1,False,/workspace/r8/m5/formal/FORMAL/R3_ORIGINAL/R6_reacher_070de37ab215162432f871dc/REFIT_103201/FULL_HISTORY/result.json,1,1
R6_reacher_070de37ab215162432f871dc,REFIT_103202,R3_ORIGINAL,1,16,1,False,/workspace/r8/m5/formal/FORMAL/R3_ORIGINAL/R6_reacher_070de37ab215162432f871dc/REFIT_103202/FULL_HISTORY/result.json,0,1
R6_reacher_070de37ab215162432f871dc,REFIT_103203,R3_ORIGINAL,1,20,1,False,/workspace/r8/m5/formal/FORMAL/R3_ORIGINAL/R6_reacher_070de37ab215162432f871dc/REFIT_103203/FULL_HISTORY/result.json,1,1
R6_reacher_0744272edb1918e64a7d6dd8,H0,R3_ORIGINAL,1,17,1,False,/workspace/r8/m5/formal/FORMAL/R3_ORIGINAL/R6_reacher_0744272edb1918e64a7d6dd8/H0/FULL_HISTORY/result.json,1,1
R6_reacher_0744272edb1918e64a7d6dd8,REFIT_103201,R3_ORIGINAL,1,25,1,False,/workspace/r8/m5/formal/FORMAL/R3_ORIGINAL/R6_reacher_0744272edb1918e64a7d6dd8/REFIT_103201/FULL_HISTORY/result.json,0,1
R6_reacher_0744272edb1918e64a7d6dd8,REFIT_103202,R3_ORIGINAL,1,18,1,False,/workspace/r8/m5/formal/FORMAL/R3_ORIGINAL/R6_reacher_0744272edb1918e64a7d6dd8/REFIT_103202/FULL_HISTORY/result.json,1,1
R6_reacher_0744272edb1918e64a7d6dd8,REFIT_103203,R3_ORIGINAL,1,14,1,False,/workspace/r8/m5/formal/FORMAL/R3_ORIGINAL/R6_reacher_0744272edb1918e64a7d6dd8/REFIT_103203/FULL_HISTORY/result.json,1,1
R6_reacher_0744863efce22b67c52bbf37,H0,R3_ORIGINAL,1,25,1,False,/workspace/r8/m5/formal/FORMAL/R3_ORIGINAL/R6_reacher_0744863efce22b67c52bbf37/H0/FULL_HISTORY/result.json,1,1
R6_reacher_0744863efce22b67c52bbf37,REFIT_103201,R3_ORIGINAL,1,43,2,True,/workspace/r8/m5/formal/FORMAL/R3_ORIGINAL/R6_reacher_0744863efce22b67c52bbf37/REFIT_103201/FULL_HISTORY/result.json,1,1
R6_reacher_0744863efce22b67c52bbf37,REFIT_103202,R3_ORIGINAL,1,25,1,False,/workspace/r8/m5/formal/FORMAL/R3_ORIGINAL/R6_reacher_0744863efce22b67c52bbf37/REFIT_103202/FULL_HISTORY/result.json,1,1
R6_reacher_0744863efce22b67c52bbf37,REFIT_103203,R3_ORIGINAL,1,25,1,False,/workspace/r8/m5/formal/FORMAL/R3_ORIGINAL/R6_reacher_0744863efce22b67c52bbf37/REFIT_103203/FULL_HISTORY/result.json,0,1
R6_reacher_0754fb7426df7476a90bdba4,H0,R3_ORIGINAL,1,23,1,False,/workspace/r8/m5/formal/FORMAL/R3_ORIGINAL/R6_reacher_0754fb7426df7476a90bdba4/H0/FULL_HISTORY/result.json,1,1
R6_reacher_0754fb7426df7476a90bdba4,REFIT_103201,R3_ORIGINAL,1,18,1,False,/workspace/r8/m5/formal/FORMAL/R3_ORIGINAL/R6_reacher_0754fb7426df7476a90bdba4/REFIT_103201/FULL_HISTORY/result.json,1,1
R6_reacher_0754fb7426df7476a90bdba4,REFIT_103202,R3_ORIGINAL,1,24,1,False,/workspace/r8/m5/formal/FORMAL/R3_ORIGINAL/R6_reacher_0754fb7426df7476a90bdba4/REFIT_103202/FULL_HISTORY/result.json,1,1
R6_reacher_0754fb7426df7476a90bdba4,REFIT_103203,R3_ORIGINAL,1,23,1,False,/workspace/r8/m5/formal/FORMAL/R3_ORIGINAL/R6_reacher_0754fb7426df7476a90bdba4/REFIT_103203/FULL_HISTORY/result.json,1,1
R6_reacher_07a0ab05518d2f71e8a802de,H0,R3_ORIGINAL,0,50,2,True,/workspace/r8/m5/formal/FORMAL/R3_ORIGINAL/R6_reacher_07a0ab05518d2f71e8a802de/H0/FULL_HISTORY/result.json,1,1
R6_reacher_07a0ab05518d2f71e8a802de,REFIT_103201,R3_ORIGINAL,1,24,1,False,/workspace/r8/m5/formal/FORMAL/R3_ORIGINAL/R6_reacher_07a0ab05518d2f71e8a802de/REFIT_103201/FULL_HISTORY/result.json,1,1
R6_reacher_07a0ab05518d2f71e8a802de,REFIT_103202,R3_ORIGINAL,1,36,2,True,/workspace/r8/m5/formal/FORMAL/R3_ORIGINAL/R6_reacher_07a0ab05518d2f71e8a802de/REFIT_103202/FULL_HISTORY/result.json,0,1
R6_reacher_07a0ab05518d2f71e8a802de,REFIT_103203,R3_ORIGINAL,1,25,1,False,/workspace/r8/m5/formal/FORMAL/R3_ORIGINAL/R6_reacher_07a0ab05518d2f71e8a802de/REFIT_103203/FULL_HISTORY/result.json,1,1
R6_reacher_07a6dc2136798f840125ba56,H0,R3_ORIGINAL,1,12,1,False,/workspace/r8/m5/formal/FORMAL/R3_ORIGINAL/R6_reacher_07a6dc2136798f840125ba56/H0/FULL_HISTORY/result.json,1,1
R6_reacher_07a6dc2136798f840125ba56,REFIT_103201,R3_ORIGINAL,1,16,1,False,/workspace/r8/m5/formal/FORMAL/R3_ORIGINAL/R6_reacher_07a6dc2136798f840125ba56/REFIT_103201/FULL_HISTORY/result.json,1,1
R6_reacher_07a6dc2136798f840125ba56,REFIT_103202,R3_ORIGINAL,1,1,1,False,/workspace/r8/m5/formal/FORMAL/R3_ORIGINAL/R6_reacher_07a6dc2136798f840125ba56/REFIT_103202/FULL_HISTORY/result.json,1,1
R6_reacher_07a6dc2136798f840125ba56,REFIT_103203,R3_ORIGINAL,1,16,1,False,/workspace/r8/m5/formal/FORMAL/R3_ORIGINAL/R6_reacher_07a6dc2136798f840125ba56/REFIT_103203/FULL_HISTORY/result.json,1,1
R6_reacher_07d217105efcc8943612bd1b,H0,R3_ORIGINAL,1,25,1,False,/workspace/r8/m5/formal/FORMAL/R3_ORIGINAL/R6_reacher_07d217105efcc8943612bd1b/H0/FULL_HISTORY/result.json,1,1
R6_reacher_07d217105efcc8943612bd1b,REFIT_103201,R3_ORIGINAL,1,20,1,False,/workspace/r8/m5/formal/FORMAL/R3_ORIGINAL/R6_reacher_07d217105efcc8943612bd1b/REFIT_103201/FULL_HISTORY/result.json,1,1
R6_reacher_07d217105efcc8943612bd1b,REFIT_103202,R3_ORIGINAL,1,25,1,False,/workspace/r8/m5/formal/FORMAL/R3_ORIGINAL/R6_reacher_07d217105efcc8943612bd1b/REFIT_103202/FULL_HISTORY/result.json,1,1
R6_reacher_07d217105efcc8943612bd1b,REFIT_103203,R3_ORIGINAL,1,23,1,False,/workspace/r8/m5/formal/FORMAL/R3_ORIGINAL/R6_reacher_07d217105efcc8943612bd1b/REFIT_103203/FULL_HISTORY/result.json,1,1
R6_reacher_07d8ede95622d173c866dc15,H0,R3_ORIGINAL,1,25,1,False,/workspace/r8/m5/formal/FORMAL/R3_ORIGINAL/R6_reacher_07d8ede95622d173c866dc15/H0/FULL_HISTORY/result.json,1,1
R6_reacher_07d8ede95622d173c866dc15,REFIT_103201,R3_ORIGINAL,1,23,1,False,/workspace/r8/m5/formal/FORMAL/R3_ORIGINAL/R6_reacher_07d8ede95622d173c866dc15/REFIT_103201/FULL_HISTORY/result.json,0,1
R6_reacher_07d8ede95622d173c866dc15,REFIT_103202,R3_ORIGINAL,1,25,1,False,/workspace/r8/m5/formal/FORMAL/R3_ORIGINAL/R6_reacher_07d8ede95622d173c866dc15/REFIT_103202/FULL_HISTORY/result.json,1,1
R6_reacher_07d8ede95622d173c866dc15,REFIT_103203,R3_ORIGINAL,1,25,1,False,/workspace/r8/m5/formal/FORMAL/R3_ORIGINAL/R6_reacher_07d8ede95622d173c866dc15/REFIT_103203/FULL_HISTORY/result.json,0,1
R6_reacher_07f453cb26b9a6852312cfaf,H0,R3_ORIGINAL,1,25,1,False,/workspace/r8/m5/formal/FORMAL/R3_ORIGINAL/R6_reacher_07f453cb26b9a6852312cfaf/H0/FULL_HISTORY/result.json,1,1
R6_reacher_07f453cb26b9a6852312cfaf,REFIT_103201,R3_ORIGINAL,1,25,1,False,/workspace/r8/m5/formal/FORMAL/R3_ORIGINAL/R6_reacher_07f453cb26b9a6852312cfaf/REFIT_103201/FULL_HISTORY/result.json,1,1
R6_reacher_07f453cb26b9a6852312cfaf,REFIT_103202,R3_ORIGINAL,1,22,1,False,/workspace/r8/m5/formal/FORMAL/R3_ORIGINAL/R6_reacher_07f453cb26b9a6852312cfaf/REFIT_103202/FULL_HISTORY/result.json,1,1
R6_reacher_07f453cb26b9a6852312cfaf,REFIT_103203,R3_ORIGINAL,1,25,1,False,/workspace/r8/m5/formal/FORMAL/R3_ORIGINAL/R6_reacher_07f453cb26b9a6852312cfaf/REFIT_103203/FULL_HISTORY/result.json,1,1
R6_reacher_0836c96bfa0e02e08d4dc536,H0,R3_ORIGINAL,1,25,1,False,/workspace/r8/m5/formal/FORMAL/R3_ORIGINAL/R6_reacher_0836c96bfa0e02e08d4dc536/H0/FULL_HISTORY/result.json,1,1
R6_reacher_0836c96bfa0e02e08d4dc536,REFIT_103201,R3_ORIGINAL,1,25,1,False,/workspace/r8/m5/formal/FORMAL/R3_ORIGINAL/R6_reacher_0836c96bfa0e02e08d4dc536/REFIT_103201/FULL_HISTORY/result.json,1,1
R6_reacher_0836c96bfa0e02e08d4dc536,REFIT_103202,R3_ORIGINAL,1,25,1,False,/workspace/r8/m5/formal/FORMAL/R3_ORIGINAL/R6_reacher_0836c96bfa0e02e08d4dc536/REFIT_103202/FULL_HISTORY/result.json,1,1
R6_reacher_0836c96bfa0e02e08d4dc536,REFIT_103203,R3_ORIGINAL,1,24,1,False,/workspace/r8/m5/formal/FORMAL/R3_ORIGINAL/R6_reacher_0836c96bfa0e02e08d4dc536/REFIT_103203/FULL_HISTORY/result.json,1,1
R6_reacher_0859eef19809752e9afbb84a,H0,R3_ORIGINAL,1,25,1,False,/workspace/r8/m5/formal/FORMAL/R3_ORIGINAL/R6_reacher_0859eef19809752e9afbb84a/H0/FULL_HISTORY/result.json,1,1
R6_reacher_0859eef19809752e9afbb84a,REFIT_103201,R3_ORIGINAL,1,16,1,False,/workspace/r8/m5/formal/FORMAL/R3_ORIGINAL/R6_reacher_0859eef19809752e9afbb84a/REFIT_103201/FULL_HISTORY/result.json,1,1
R6_reacher_0859eef19809752e9afbb84a,REFIT_103202,R3_ORIGINAL,1,18,1,False,/workspace/r8/m5/formal/FORMAL/R3_ORIGINAL/R6_reacher_0859eef19809752e9afbb84a/REFIT_103202/FULL_HISTORY/result.json,1,1
R6_reacher_0859eef19809752e9afbb84a,REFIT_103203,R3_ORIGINAL,1,20,1,False,/workspace/r8/m5/formal/FORMAL/R3_ORIGINAL/R6_reacher_0859eef19809752e9afbb84a/REFIT_103203/FULL_HISTORY/result.json,0,1
R6_reacher_0877b94c4c4ad9e7428aeeea,H0,R3_ORIGINAL,1,22,1,False,/workspace/r8/m5/formal/FORMAL/R3_ORIGINAL/R6_reacher_0877b94c4c4ad9e7428aeeea/H0/FULL_HISTORY/result.json,1,1
R6_reacher_0877b94c4c4ad9e7428aeeea,REFIT_103201,R3_ORIGINAL,1,23,1,False,/workspace/r8/m5/formal/FORMAL/R3_ORIGINAL/R6_reacher_0877b94c4c4ad9e7428aeeea/REFIT_103201/FULL_HISTORY/result.json,0,1
R6_reacher_0877b94c4c4ad9e7428aeeea,REFIT_103202,R3_ORIGINAL,1,25,1,False,/workspace/r8/m5/formal/FORMAL/R3_ORIGINAL/R6_reacher_0877b94c4c4ad9e7428aeeea/REFIT_103202/FULL_HISTORY/result.json,1,1
R6_reacher_0877b94c4c4ad9e7428aeeea,REFIT_103203,R3_ORIGINAL,1,22,1,False,/workspace/r8/m5/formal/FORMAL/R3_ORIGINAL/R6_reacher_0877b94c4c4ad9e7428aeeea/REFIT_103203/FULL_HISTORY/result.json,1,1
R6_reacher_08adec0f89aa2befc53c51f6,H0,R3_ORIGINAL,1,7,1,False,/workspace/r8/m5/formal/FORMAL/R3_ORIGINAL/R6_reacher_08adec0f89aa2befc53c51f6/H0/FULL_HISTORY/result.json,1,1
R6_reacher_08adec0f89aa2befc53c51f6,REFIT_103201,R3_ORIGINAL,1,25,1,False,/workspace/r8/m5/formal/FORMAL/R3_ORIGINAL/R6_reacher_08adec0f89aa2befc53c51f6/REFIT_103201/FULL_HISTORY/result.json,1,1
R6_reacher_08adec0f89aa2befc53c51f6,REFIT_103202,R3_ORIGINAL,1,4,1,False,/workspace/r8/m5/formal/FORMAL/R3_ORIGINAL/R6_reacher_08adec0f89aa2befc53c51f6/REFIT_103202/FULL_HISTORY/result.json,1,1
R6_reacher_08adec0f89aa2befc53c51f6,REFIT_103203,R3_ORIGINAL,1,5,1,False,/workspace/r8/m5/formal/FORMAL/R3_ORIGINAL/R6_reacher_08adec0f89aa2befc53c51f6/REFIT_103203/FULL_HISTORY/result.json,1,1
R6_reacher_08e2de8457d9e13b5d9c4a01,H0,R3_ORIGINAL,1,25,1,False,/workspace/r8/m5/formal/FORMAL/R3_ORIGINAL/R6_reacher_08e2de8457d9e13b5d9c4a01/H0/FULL_HISTORY/result.json,1,0
R6_reacher_08e2de8457d9e13b5d9c4a01,REFIT_103201,R3_ORIGINAL,1,25,1,False,/workspace/r8/m5/formal/FORMAL/R3_ORIGINAL/R6_reacher_08e2de8457d9e13b5d9c4a01/REFIT_103201/FULL_HISTORY/result.json,1,1
R6_reacher_08e2de8457d9e13b5d9c4a01,REFIT_103202,R3_ORIGINAL,1,25,1,False,/workspace/r8/m5/formal/FORMAL/R3_ORIGINAL/R6_reacher_08e2de8457d9e13b5d9c4a01/REFIT_103202/FULL_HISTORY/result.json,1,1
R6_reacher_08e2de8457d9e13b5d9c4a01,REFIT_103203,R3_ORIGINAL,1,25,1,False,/workspace/r8/m5/formal/FORMAL/R3_ORIGINAL/R6_reacher_08e2de8457d9e13b5d9c4a01/REFIT_103203/FULL_HISTORY/result.json,0,1
R6_reacher_08e532e2e16e5aa68e92e603,H0,R3_ORIGINAL,1,26,2,True,/workspace/r8/m5/formal/FORMAL/R3_ORIGINAL/R6_reacher_08e532e2e16e5aa68e92e603/H0/FULL_HISTORY/result.json,1,1
R6_reacher_08e532e2e16e5aa68e92e603,REFIT_103201,R3_ORIGINAL,1,7,1,False,/workspace/r8/m5/formal/FORMAL/R3_ORIGINAL/R6_reacher_08e532e2e16e5aa68e92e603/REFIT_103201/FULL_HISTORY/result.json,1,1
R6_reacher_08e532e2e16e5aa68e92e603,REFIT_103202,R3_ORIGINAL,1,17,1,False,/workspace/r8/m5/formal/FORMAL/R3_ORIGINAL/R6_reacher_08e532e2e16e5aa68e92e603/REFIT_103202/FULL_HISTORY/result.json,1,1
R6_reacher_08e532e2e16e5aa68e92e603,REFIT_103203,R3_ORIGINAL,0,50,2,True,/workspace/r8/m5/formal/FORMAL/R3_ORIGINAL/R6_reacher_08e532e2e16e5aa68e92e603/REFIT_103203/FULL_HISTORY/result.json,1,1
R6_reacher_08ea3c55a7fb98416d5450bc,H0,R3_ORIGINAL,0,50,2,True,/workspace/r8/m5/formal/FORMAL/R3_ORIGINAL/R6_reacher_08ea3c55a7fb98416d5450bc/H0/FULL_HISTORY/result.json,0,1
R6_reacher_08ea3c55a7fb98416d5450bc,REFIT_103201,R3_ORIGINAL,1,24,1,False,/workspace/r8/m5/formal/FORMAL/R3_ORIGINAL/R6_reacher_08ea3c55a7fb98416d5450bc/REFIT_103201/FULL_HISTORY/result.json,0,1
R6_reacher_08ea3c55a7fb98416d5450bc,REFIT_103202,R3_ORIGINAL,1,24,1,False,/workspace/r8/m5/formal/FORMAL/R3_ORIGINAL/R6_reacher_08ea3c55a7fb98416d5450bc/REFIT_103202/FULL_HISTORY/result.json,1,1
R6_reacher_08ea3c55a7fb98416d5450bc,REFIT_103203,R3_ORIGINAL,1,24,1,False,/workspace/r8/m5/formal/FORMAL/R3_ORIGINAL/R6_reacher_08ea3c55a7fb98416d5450bc/REFIT_103203/FULL_HISTORY/result.json,1,1
R6_reacher_08edd6141fcf2cc487e96efd,H0,R3_ORIGINAL,1,17,1,False,/workspace/r8/m5/formal/FORMAL/R3_ORIGINAL/R6_reacher_08edd6141fcf2cc487e96efd/H0/FULL_HISTORY/result.json,0,1
R6_reacher_08edd6141fcf2cc487e96efd,REFIT_103201,R3_ORIGINAL,1,25,1,False,/workspace/r8/m5/formal/FORMAL/R3_ORIGINAL/R6_reacher_08edd6141fcf2cc487e96efd/REFIT_103201/FULL_HISTORY/result.json,1,0
R6_reacher_08edd6141fcf2cc487e96efd,REFIT_103202,R3_ORIGINAL,1,25,1,False,/workspace/r8/m5/formal/FORMAL/R3_ORIGINAL/R6_reacher_08edd6141fcf2cc487e96efd/REFIT_103202/FULL_HISTORY/result.json,1,1
R6_reacher_08edd6141fcf2cc487e96efd,REFIT_103203,R3_ORIGINAL,1,25,1,False,/workspace/r8/m5/formal/FORMAL/R3_ORIGINAL/R6_reacher_08edd6141fcf2cc487e96efd/REFIT_103203/FULL_HISTORY/result.json,1,1
R6_reacher_090e387544f3b641157cea56,H0,R3_ORIGINAL,1,24,1,False,/workspace/r8/m5/formal/FORMAL/R3_ORIGINAL/R6_reacher_090e387544f3b641157cea56/H0/FULL_HISTORY/result.json,1,1
R6_reacher_090e387544f3b641157cea56,REFIT_103201,R3_ORIGINAL,1,45,2,True,/workspace/r8/m5/formal/FORMAL/R3_ORIGINAL/R6_reacher_090e387544f3b641157cea56/REFIT_103201/FULL_HISTORY/result.json,1,1
R6_reacher_090e387544f3b641157cea56,REFIT_103202,R3_ORIGINAL,1,50,2,True,/workspace/r8/m5/formal/FORMAL/R3_ORIGINAL/R6_reacher_090e387544f3b641157cea56/REFIT_103202/FULL_HISTORY/result.json,1,1
R6_reacher_090e387544f3b641157cea56,REFIT_103203,R3_ORIGINAL,1,24,1,False,/workspace/r8/m5/formal/FORMAL/R3_ORIGINAL/R6_reacher_090e387544f3b641157cea56/REFIT_103203/FULL_HISTORY/result.json,1,1
R6_reacher_09129778869b8933020399b8,H0,R3_ORIGINAL,1,14,1,False,/workspace/r8/m5/formal/FORMAL/R3_ORIGINAL/R6_reacher_09129778869b8933020399b8/H0/FULL_HISTORY/result.json,1,1
R6_reacher_09129778869b8933020399b8,REFIT_103201,R3_ORIGINAL,1,25,1,False,/workspace/r8/m5/formal/FORMAL/R3_ORIGINAL/R6_reacher_09129778869b8933020399b8/REFIT_103201/FULL_HISTORY/result.json,1,1
R6_reacher_09129778869b8933020399b8,REFIT_103202,R3_ORIGINAL,1,25,1,False,/workspace/r8/m5/formal/FORMAL/R3_ORIGINAL/R6_reacher_09129778869b8933020399b8/REFIT_103202/FULL_HISTORY/result.json,1,1
R6_reacher_09129778869b8933020399b8,REFIT_103203,R3_ORIGINAL,1,25,1,False,/workspace/r8/m5/formal/FORMAL/R3_ORIGINAL/R6_reacher_09129778869b8933020399b8/REFIT_103203/FULL_HISTORY/result.json,1,1
R6_reacher_092eb479cf3e133d57041497,H0,R3_ORIGINAL,1,25,1,False,/workspace/r8/m5/formal/FORMAL/R3_ORIGINAL/R6_reacher_092eb479cf3e133d57041497/H0/FULL_HISTORY/result.json,1,1
R6_reacher_092eb479cf3e133d57041497,REFIT_103201,R3_ORIGINAL,1,25,1,False,/workspace/r8/m5/formal/FORMAL/R3_ORIGINAL/R6_reacher_092eb479cf3e133d57041497/REFIT_103201/FULL_HISTORY/result.json,1,1
R6_reacher_092eb479cf3e133d57041497,REFIT_103202,R3_ORIGINAL,1,25,1,False,/workspace/r8/m5/formal/FORMAL/R3_ORIGINAL/R6_reacher_092eb479cf3e133d57041497/REFIT_103202/FULL_HISTORY/result.json,0,1
R6_reacher_092eb479cf3e133d57041497,REFIT_103203,R3_ORIGINAL,1,25,1,False,/workspace/r8/m5/formal/FORMAL/R3_ORIGINAL/R6_reacher_092eb479cf3e133d57041497/REFIT_103203/FULL_HISTORY/result.json,1,1
R6_reacher_0958072154ac56b71d457e80,H0,R3_ORIGINAL,1,23,1,False,/workspace/r8/m5/formal/FORMAL/R3_ORIGINAL/R6_reacher_0958072154ac56b71d457e80/H0/FULL_HISTORY/result.json,1,1
R6_reacher_0958072154ac56b71d457e80,REFIT_103201,R3_ORIGINAL,1,24,1,False,/workspace/r8/m5/formal/FORMAL/R3_ORIGINAL/R6_reacher_0958072154ac56b71d457e80/REFIT_103201/FULL_HISTORY/result.json,1,1
R6_reacher_0958072154ac56b71d457e80,REFIT_103202,R3_ORIGINAL,1,25,1,False,/workspace/r8/m5/formal/FORMAL/R3_ORIGINAL/R6_reacher_0958072154ac56b71d457e80/REFIT_103202/FULL_HISTORY/result.json,1,1
R6_reacher_0958072154ac56b71d457e80,REFIT_103203,R3_ORIGINAL,1,25,1,False,/workspace/r8/m5/formal/FORMAL/R3_ORIGINAL/R6_reacher_0958072154ac56b71d457e80/REFIT_103203/FULL_HISTORY/result.json,1,1
R6_reacher_0965dc9d288d1769d4d29d4a,H0,R3_ORIGINAL,1,26,2,True,/workspace/r8/m5/formal/FORMAL/R3_ORIGINAL/R6_reacher_0965dc9d288d1769d4d29d4a/H0/FULL_HISTORY/result.json,1,1
R6_reacher_0965dc9d288d1769d4d29d4a,REFIT_103201,R3_ORIGINAL,1,18,1,False,/workspace/r8/m5/formal/FORMAL/R3_ORIGINAL/R6_reacher_0965dc9d288d1769d4d29d4a/REFIT_103201/FULL_HISTORY/result.json,0,1
R6_reacher_0965dc9d288d1769d4d29d4a,REFIT_103202,R3_ORIGINAL,1,26,2,True,/workspace/r8/m5/formal/FORMAL/R3_ORIGINAL/R6_reacher_0965dc9d288d1769d4d29d4a/REFIT_103202/FULL_HISTORY/result.json,1,1
R6_reacher_0965dc9d288d1769d4d29d4a,REFIT_103203,R3_ORIGINAL,1,18,1,False,/workspace/r8/m5/formal/FORMAL/R3_ORIGINAL/R6_reacher_0965dc9d288d1769d4d29d4a/REFIT_103203/FULL_HISTORY/result.json,1,1
R6_reacher_096c43e05c7b22dbd8c24748,H0,R3_ORIGINAL,1,20,1,False,/workspace/r8/m5/formal/FORMAL/R3_ORIGINAL/R6_reacher_096c43e05c7b22dbd8c24748/H0/FULL_HISTORY/result.json,1,1
R6_reacher_096c43e05c7b22dbd8c24748,REFIT_103201,R3_ORIGINAL,1,25,1,False,/workspace/r8/m5/formal/FORMAL/R3_ORIGINAL/R6_reacher_096c43e05c7b22dbd8c24748/REFIT_103201/FULL_HISTORY/result.json,1,1
R6_reacher_096c43e05c7b22dbd8c24748,REFIT_103202,R3_ORIGINAL,1,25,1,False,/workspace/r8/m5/formal/FORMAL/R3_ORIGINAL/R6_reacher_096c43e05c7b22dbd8c24748/REFIT_103202/FULL_HISTORY/result.json,1,1
R6_reacher_096c43e05c7b22dbd8c24748,REFIT_103203,R3_ORIGINAL,1,23,1,False,/workspace/r8/m5/formal/FORMAL/R3_ORIGINAL/R6_reacher_096c43e05c7b22dbd8c24748/REFIT_103203/FULL_HISTORY/result.json,1,1
R6_reacher_09a47a8bb70067f36643bc00,H0,R3_ORIGINAL,1,23,1,False,/workspace/r8/m5/formal/FORMAL/R3_ORIGINAL/R6_reacher_09a47a8bb70067f36643bc00/H0/FULL_HISTORY/result.json,1,1
R6_reacher_09a47a8bb70067f36643bc00,REFIT_103201,R3_ORIGINAL,1,22,1,False,/workspace/r8/m5/formal/FORMAL/R3_ORIGINAL/R6_reacher_09a47a8bb70067f36643bc00/REFIT_103201/FULL_HISTORY/result.json,1,1
R6_reacher_09a47a8bb70067f36643bc00,REFIT_103202,R3_ORIGINAL,1,23,1,False,/workspace/r8/m5/formal/FORMAL/R3_ORIGINAL/R6_reacher_09a47a8bb70067f36643bc00/REFIT_103202/FULL_HISTORY/result.json,1,1
R6_reacher_09a47a8bb70067f36643bc00,REFIT_103203,R3_ORIGINAL,1,24,1,False,/workspace/r8/m5/formal/FORMAL/R3_ORIGINAL/R6_reacher_09a47a8bb70067f36643bc00/REFIT_103203/FULL_HISTORY/result.json,1,1
R6_reacher_09b6d2b9f5e37ac12c42b2de,H0,R3_ORIGINAL,0,50,2,True,/workspace/r8/m5/formal/FORMAL/R3_ORIGINAL/R6_reacher_09b6d2b9f5e37ac12c42b2de/H0/FULL_HISTORY/result.json,1,1
R6_reacher_09b6d2b9f5e37ac12c42b2de,REFIT_103201,R3_ORIGINAL,1,25,1,False,/workspace/r8/m5/formal/FORMAL/R3_ORIGINAL/R6_reacher_09b6d2b9f5e37ac12c42b2de/REFIT_103201/FULL_HISTORY/result.json,1,1
R6_reacher_09b6d2b9f5e37ac12c42b2de,REFIT_103202,R3_ORIGINAL,1,25,1,False,/workspace/r8/m5/formal/FORMAL/R3_ORIGINAL/R6_reacher_09b6d2b9f5e37ac12c42b2de/REFIT_103202/FULL_HISTORY/result.json,1,1
R6_reacher_09b6d2b9f5e37ac12c42b2de,REFIT_103203,R3_ORIGINAL,1,25,1,False,/workspace/r8/m5/formal/FORMAL/R3_ORIGINAL/R6_reacher_09b6d2b9f5e37ac12c42b2de/REFIT_103203/FULL_HISTORY/result.json,1,1
R6_reacher_09cac336578dc22db2b55aa2,H0,R3_ORIGINAL,1,25,1,False,/workspace/r8/m5/formal/FORMAL/R3_ORIGINAL/R6_reacher_09cac336578dc22db2b55aa2/H0/FULL_HISTORY/result.json,0,1
R6_reacher_09cac336578dc22db2b55aa2,REFIT_103201,R3_ORIGINAL,1,24,1,False,/workspace/r8/m5/formal/FORMAL/R3_ORIGINAL/R6_reacher_09cac336578dc22db2b55aa2/REFIT_103201/FULL_HISTORY/result.json,0,1
R6_reacher_09cac336578dc22db2b55aa2,REFIT_103202,R3_ORIGINAL,1,24,1,False,/workspace/r8/m5/formal/FORMAL/R3_ORIGINAL/R6_reacher_09cac336578dc22db2b55aa2/REFIT_103202/FULL_HISTORY/result.json,1,1
R6_reacher_09cac336578dc22db2b55aa2,REFIT_103203,R3_ORIGINAL,1,24,1,False,/workspace/r8/m5/formal/FORMAL/R3_ORIGINAL/R6_reacher_09cac336578dc22db2b55aa2/REFIT_103203/FULL_HISTORY/result.json,1,1
R6_reacher_0a1c76cdd10dec44fa26825d,H0,R3_ORIGINAL,1,24,1,False,/workspace/r8/m5/formal/FORMAL/R3_ORIGINAL/R6_reacher_0a1c76cdd10dec44fa26825d/H0/FULL_HISTORY/result.json,1,0
R6_reacher_0a1c76cdd10dec44fa26825d,REFIT_103201,R3_ORIGINAL,1,25,1,False,/workspace/r8/m5/formal/FORMAL/R3_ORIGINAL/R6_reacher_0a1c76cdd10dec44fa26825d/REFIT_103201/FULL_HISTORY/result.json,1,1
R6_reacher_0a1c76cdd10dec44fa26825d,REFIT_103202,R3_ORIGINAL,1,23,1,False,/workspace/r8/m5/formal/FORMAL/R3_ORIGINAL/R6_reacher_0a1c76cdd10dec44fa26825d/REFIT_103202/FULL_HISTORY/result.json,1,1
R6_reacher_0a1c76cdd10dec44fa26825d,REFIT_103203,R3_ORIGINAL,1,22,1,False,/workspace/r8/m5/formal/FORMAL/R3_ORIGINAL/R6_reacher_0a1c76cdd10dec44fa26825d/REFIT_103203/FULL_HISTORY/result.json,1,1
R6_reacher_0a3276eb5547ed96f16b50c5,H0,R3_ORIGINAL,1,25,1,False,/workspace/r8/m5/formal/FORMAL/R3_ORIGINAL/R6_reacher_0a3276eb5547ed96f16b50c5/H0/FULL_HISTORY/result.json,1,1
R6_reacher_0a3276eb5547ed96f16b50c5,REFIT_103201,R3_ORIGINAL,1,25,1,False,/workspace/r8/m5/formal/FORMAL/R3_ORIGINAL/R6_reacher_0a3276eb5547ed96f16b50c5/REFIT_103201/FULL_HISTORY/result.json,1,1
R6_reacher_0a3276eb5547ed96f16b50c5,REFIT_103202,R3_ORIGINAL,1,25,1,False,/workspace/r8/m5/formal/FORMAL/R3_ORIGINAL/R6_reacher_0a3276eb5547ed96f16b50c5/REFIT_103202/FULL_HISTORY/result.json,1,1
R6_reacher_0a3276eb5547ed96f16b50c5,REFIT_103203,R3_ORIGINAL,1,25,1,False,/workspace/r8/m5/formal/FORMAL/R3_ORIGINAL/R6_reacher_0a3276eb5547ed96f16b50c5/REFIT_103203/FULL_HISTORY/result.json,1,1
R6_reacher_0a34e5a0c99702c6891be14b,H0,R3_ORIGINAL,1,23,1,False,/workspace/r8/m5/formal/FORMAL/R3_ORIGINAL/R6_reacher_0a34e5a0c99702c6891be14b/H0/FULL_HISTORY/result.json,1,1
R6_reacher_0a34e5a0c99702c6891be14b,REFIT_103201,R3_ORIGINAL,1,23,1,False,/workspace/r8/m5/formal/FORMAL/R3_ORIGINAL/R6_reacher_0a34e5a0c99702c6891be14b/REFIT_103201/FULL_HISTORY/result.json,1,1
R6_reacher_0a34e5a0c99702c6891be14b,REFIT_103202,R3_ORIGINAL,1,25,1,False,/workspace/r8/m5/formal/FORMAL/R3_ORIGINAL/R6_reacher_0a34e5a0c99702c6891be14b/REFIT_103202/FULL_HISTORY/result.json,1,1
R6_reacher_0a34e5a0c99702c6891be14b,REFIT_103203,R3_ORIGINAL,1,24,1,False,/workspace/r8/m5/formal/FORMAL/R3_ORIGINAL/R6_reacher_0a34e5a0c99702c6891be14b/REFIT_103203/FULL_HISTORY/result.json,1,1
R6_reacher_0a592ca5f4b1f51d4a757a50,H0,R3_ORIGINAL,1,23,1,False,/workspace/r8/m5/formal/FORMAL/R3_ORIGINAL/R6_reacher_0a592ca5f4b1f51d4a757a50/H0/FULL_HISTORY/result.json,1,1
R6_reacher_0a592ca5f4b1f51d4a757a50,REFIT_103201,R3_ORIGINAL,1,22,1,False,/workspace/r8/m5/formal/FORMAL/R3_ORIGINAL/R6_reacher_0a592ca5f4b1f51d4a757a50/REFIT_103201/FULL_HISTORY/result.json,1,1
R6_reacher_0a592ca5f4b1f51d4a757a50,REFIT_103202,R3_ORIGINAL,1,26,2,True,/workspace/r8/m5/formal/FORMAL/R3_ORIGINAL/R6_reacher_0a592ca5f4b1f51d4a757a50/REFIT_103202/FULL_HISTORY/result.json,1,1
R6_reacher_0a592ca5f4b1f51d4a757a50,REFIT_103203,R3_ORIGINAL,1,23,1,False,/workspace/r8/m5/formal/FORMAL/R3_ORIGINAL/R6_reacher_0a592ca5f4b1f51d4a757a50/REFIT_103203/FULL_HISTORY/result.json,1,1
R6_reacher_0a67eaaa889aba7173dd8b5e,H0,R3_ORIGINAL,1,22,1,False,/workspace/r8/m5/formal/FORMAL/R3_ORIGINAL/R6_reacher_0a67eaaa889aba7173dd8b5e/H0/FULL_HISTORY/result.json,1,1
R6_reacher_0a67eaaa889aba7173dd8b5e,REFIT_103201,R3_ORIGINAL,1,23,1,False,/workspace/r8/m5/formal/FORMAL/R3_ORIGINAL/R6_reacher_0a67eaaa889aba7173dd8b5e/REFIT_103201/FULL_HISTORY/result.json,1,1
R6_reacher_0a67eaaa889aba7173dd8b5e,REFIT_103202,R3_ORIGINAL,1,23,1,False,/workspace/r8/m5/formal/FORMAL/R3_ORIGINAL/R6_reacher_0a67eaaa889aba7173dd8b5e/REFIT_103202/FULL_HISTORY/result.json,1,1
R6_reacher_0a67eaaa889aba7173dd8b5e,REFIT_103203,R3_ORIGINAL,1,23,1,False,/workspace/r8/m5/formal/FORMAL/R3_ORIGINAL/R6_reacher_0a67eaaa889aba7173dd8b5e/REFIT_103203/FULL_HISTORY/result.json,1,1
R6_reacher_0a74deb4b05592118d0fafd9,H0,R3_ORIGINAL,1,25,1,False,/workspace/r8/m5/formal/FORMAL/R3_ORIGINAL/R6_reacher_0a74deb4b05592118d0fafd9/H0/FULL_HISTORY/result.json,1,1
R6_reacher_0a74deb4b05592118d0fafd9,REFIT_103201,R3_ORIGINAL,1,25,1,False,/workspace/r8/m5/formal/FORMAL/R3_ORIGINAL/R6_reacher_0a74deb4b05592118d0fafd9/REFIT_103201/FULL_HISTORY/result.json,0,1
R6_reacher_0a74deb4b05592118d0fafd9,REFIT_103202,R3_ORIGINAL,1,33,2,True,/workspace/r8/m5/formal/FORMAL/R3_ORIGINAL/R6_reacher_0a74deb4b05592118d0fafd9/REFIT_103202/FULL_HISTORY/result.json,1,1
R6_reacher_0a74deb4b05592118d0fafd9,REFIT_103203,R3_ORIGINAL,0,50,2,True,/workspace/r8/m5/formal/FORMAL/R3_ORIGINAL/R6_reacher_0a74deb4b05592118d0fafd9/REFIT_103203/FULL_HISTORY/result.json,1,1
R6_reacher_0a8ebf9f92e62de330d9759e,H0,R3_ORIGINAL,1,25,1,False,/workspace/r8/m5/formal/FORMAL/R3_ORIGINAL/R6_reacher_0a8ebf9f92e62de330d9759e/H0/FULL_HISTORY/result.json,1,1
R6_reacher_0a8ebf9f92e62de330d9759e,REFIT_103201,R3_ORIGINAL,1,25,1,False,/workspace/r8/m5/formal/FORMAL/R3_ORIGINAL/R6_reacher_0a8ebf9f92e62de330d9759e/REFIT_103201/FULL_HISTORY/result.json,0,1
R6_reacher_0a8ebf9f92e62de330d9759e,REFIT_103202,R3_ORIGINAL,1,26,2,True,/workspace/r8/m5/formal/FORMAL/R3_ORIGINAL/R6_reacher_0a8ebf9f92e62de330d9759e/REFIT_103202/FULL_HISTORY/result.json,1,1
R6_reacher_0a8ebf9f92e62de330d9759e,REFIT_103203,R3_ORIGINAL,1,25,1,False,/workspace/r8/m5/formal/FORMAL/R3_ORIGINAL/R6_reacher_0a8ebf9f92e62de330d9759e/REFIT_103203/FULL_HISTORY/result.json,1,1
R6_reacher_0ab0d3473481dc3b32839a68,H0,R3_ORIGINAL,1,25,1,False,/workspace/r8/m5/formal/FORMAL/R3_ORIGINAL/R6_reacher_0ab0d3473481dc3b32839a68/H0/FULL_HISTORY/result.json,0,1
R6_reacher_0ab0d3473481dc3b32839a68,REFIT_103201,R3_ORIGINAL,1,25,1,False,/workspace/r8/m5/formal/FORMAL/R3_ORIGINAL/R6_reacher_0ab0d3473481dc3b32839a68/REFIT_103201/FULL_HISTORY/result.json,1,1
R6_reacher_0ab0d3473481dc3b32839a68,REFIT_103202,R3_ORIGINAL,1,25,1,False,/workspace/r8/m5/formal/FORMAL/R3_ORIGINAL/R6_reacher_0ab0d3473481dc3b32839a68/REFIT_103202/FULL_HISTORY/result.json,1,1
R6_reacher_0ab0d3473481dc3b32839a68,REFIT_103203,R3_ORIGINAL,1,25,1,False,/workspace/r8/m5/formal/FORMAL/R3_ORIGINAL/R6_reacher_0ab0d3473481dc3b32839a68/REFIT_103203/FULL_HISTORY/result.json,1,1
R6_reacher_0abbe32b49558f890c57967a,H0,R3_ORIGINAL,1,17,1,False,/workspace/r8/m5/formal/FORMAL/R3_ORIGINAL/R6_reacher_0abbe32b49558f890c57967a/H0/FULL_HISTORY/result.json,1,1
R6_reacher_0abbe32b49558f890c57967a,REFIT_103201,R3_ORIGINAL,1,23,1,False,/workspace/r8/m5/formal/FORMAL/R3_ORIGINAL/R6_reacher_0abbe32b49558f890c57967a/REFIT_103201/FULL_HISTORY/result.json,1,1
R6_reacher_0abbe32b49558f890c57967a,REFIT_103202,R3_ORIGINAL,1,24,1,False,/workspace/r8/m5/formal/FORMAL/R3_ORIGINAL/R6_reacher_0abbe32b49558f890c57967a/REFIT_103202/FULL_HISTORY/result.json,1,1
R6_reacher_0abbe32b49558f890c57967a,REFIT_103203,R3_ORIGINAL,1,24,1,False,/workspace/r8/m5/formal/FORMAL/R3_ORIGINAL/R6_reacher_0abbe32b49558f890c57967a/REFIT_103203/FULL_HISTORY/result.json,1,1
R6_reacher_004a2bdf27d8bfceafa73467,H0,R4_ALT_CEM_1,1,26,2,True,/workspace/r8/m5/formal/FORMAL/R4_ALT_CEM_1/R6_reacher_004a2bdf27d8bfceafa73467/H0/FULL_HISTORY/result.json,0,1
R6_reacher_004a2bdf27d8bfceafa73467,REFIT_103201,R4_ALT_CEM_1,1,24,1,False,/workspace/r8/m5/formal/FORMAL/R4_ALT_CEM_1/R6_reacher_004a2bdf27d8bfceafa73467/REFIT_103201/FULL_HISTORY/result.json,0,1
R6_reacher_004a2bdf27d8bfceafa73467,REFIT_103202,R4_ALT_CEM_1,0,50,2,True,/workspace/r8/m5/formal/FORMAL/R4_ALT_CEM_1/R6_reacher_004a2bdf27d8bfceafa73467/REFIT_103202/FULL_HISTORY/result.json,0,1
R6_reacher_004a2bdf27d8bfceafa73467,REFIT_103203,R4_ALT_CEM_1,1,24,1,False,/workspace/r8/m5/formal/FORMAL/R4_ALT_CEM_1/R6_reacher_004a2bdf27d8bfceafa73467/REFIT_103203/FULL_HISTORY/result.json,0,1
R6_reacher_005a9d4fafe8239392288119,H0,R4_ALT_CEM_1,1,24,1,False,/workspace/r8/m5/formal/FORMAL/R4_ALT_CEM_1/R6_reacher_005a9d4fafe8239392288119/H0/FULL_HISTORY/result.json,1,1
R6_reacher_005a9d4fafe8239392288119,REFIT_103201,R4_ALT_CEM_1,1,24,1,False,/workspace/r8/m5/formal/FORMAL/R4_ALT_CEM_1/R6_reacher_005a9d4fafe8239392288119/REFIT_103201/FULL_HISTORY/result.json,1,1
R6_reacher_005a9d4fafe8239392288119,REFIT_103202,R4_ALT_CEM_1,1,25,1,False,/workspace/r8/m5/formal/FORMAL/R4_ALT_CEM_1/R6_reacher_005a9d4fafe8239392288119/REFIT_103202/FULL_HISTORY/result.json,1,1
R6_reacher_005a9d4fafe8239392288119,REFIT_103203,R4_ALT_CEM_1,1,24,1,False,/workspace/r8/m5/formal/FORMAL/R4_ALT_CEM_1/R6_reacher_005a9d4fafe8239392288119/REFIT_103203/FULL_HISTORY/result.json,0,1
R6_reacher_01140d82262ee0be1b888afa,H0,R4_ALT_CEM_1,1,33,2,True,/workspace/r8/m5/formal/FORMAL/R4_ALT_CEM_1/R6_reacher_01140d82262ee0be1b888afa/H0/FULL_HISTORY/result.json,0,1
R6_reacher_01140d82262ee0be1b888afa,REFIT_103201,R4_ALT_CEM_1,1,23,1,False,/workspace/r8/m5/formal/FORMAL/R4_ALT_CEM_1/R6_reacher_01140d82262ee0be1b888afa/REFIT_103201/FULL_HISTORY/result.json,0,1
R6_reacher_01140d82262ee0be1b888afa,REFIT_103202,R4_ALT_CEM_1,1,25,1,False,/workspace/r8/m5/formal/FORMAL/R4_ALT_CEM_1/R6_reacher_01140d82262ee0be1b888afa/REFIT_103202/FULL_HISTORY/result.json,1,1
R6_reacher_01140d82262ee0be1b888afa,REFIT_103203,R4_ALT_CEM_1,1,24,1,False,/workspace/r8/m5/formal/FORMAL/R4_ALT_CEM_1/R6_reacher_01140d82262ee0be1b888afa/REFIT_103203/FULL_HISTORY/result.json,1,1
R6_reacher_011ea9fb18f79bb320718d2e,H0,R4_ALT_CEM_1,1,18,1,False,/workspace/r8/m5/formal/FORMAL/R4_ALT_CEM_1/R6_reacher_011ea9fb18f79bb320718d2e/H0/FULL_HISTORY/result.json,1,1
R6_reacher_011ea9fb18f79bb320718d2e,REFIT_103201,R4_ALT_CEM_1,1,21,1,False,/workspace/r8/m5/formal/FORMAL/R4_ALT_CEM_1/R6_reacher_011ea9fb18f79bb320718d2e/REFIT_103201/FULL_HISTORY/result.json,0,1
R6_reacher_011ea9fb18f79bb320718d2e,REFIT_103202,R4_ALT_CEM_1,1,20,1,False,/workspace/r8/m5/formal/FORMAL/R4_ALT_CEM_1/R6_reacher_011ea9fb18f79bb320718d2e/REFIT_103202/FULL_HISTORY/result.json,1,1
R6_reacher_011ea9fb18f79bb320718d2e,REFIT_103203,R4_ALT_CEM_1,1,20,1,False,/workspace/r8/m5/formal/FORMAL/R4_ALT_CEM_1/R6_reacher_011ea9fb18f79bb320718d2e/REFIT_103203/FULL_HISTORY/result.json,1,1
R6_reacher_012dddba11ae750296fdc988,H0,R4_ALT_CEM_1,1,23,1,False,/workspace/r8/m5/formal/FORMAL/R4_ALT_CEM_1/R6_reacher_012dddba11ae750296fdc988/H0/FULL_HISTORY/result.json,1,1
R6_reacher_012dddba11ae750296fdc988,REFIT_103201,R4_ALT_CEM_1,1,25,1,False,/workspace/r8/m5/formal/FORMAL/R4_ALT_CEM_1/R6_reacher_012dddba11ae750296fdc988/REFIT_103201/FULL_HISTORY/result.json,1,1
R6_reacher_012dddba11ae750296fdc988,REFIT_103202,R4_ALT_CEM_1,1,7,1,False,/workspace/r8/m5/formal/FORMAL/R4_ALT_CEM_1/R6_reacher_012dddba11ae750296fdc988/REFIT_103202/FULL_HISTORY/result.json,1,1
R6_reacher_012dddba11ae750296fdc988,REFIT_103203,R4_ALT_CEM_1,1,15,1,False,/workspace/r8/m5/formal/FORMAL/R4_ALT_CEM_1/R6_reacher_012dddba11ae750296fdc988/REFIT_103203/FULL_HISTORY/result.json,0,1
R6_reacher_01376a746a41e9e26d1e8b2e,H0,R4_ALT_CEM_1,1,25,1,False,/workspace/r8/m5/formal/FORMAL/R4_ALT_CEM_1/R6_reacher_01376a746a41e9e26d1e8b2e/H0/FULL_HISTORY/result.json,0,1
R6_reacher_01376a746a41e9e26d1e8b2e,REFIT_103201,R4_ALT_CEM_1,1,24,1,False,/workspace/r8/m5/formal/FORMAL/R4_ALT_CEM_1/R6_reacher_01376a746a41e9e26d1e8b2e/REFIT_103201/FULL_HISTORY/result.json,1,1
R6_reacher_01376a746a41e9e26d1e8b2e,REFIT_103202,R4_ALT_CEM_1,1,23,1,False,/workspace/r8/m5/formal/FORMAL/R4_ALT_CEM_1/R6_reacher_01376a746a41e9e26d1e8b2e/REFIT_103202/FULL_HISTORY/result.json,1,1
R6_reacher_01376a746a41e9e26d1e8b2e,REFIT_103203,R4_ALT_CEM_1,1,25,1,False,/workspace/r8/m5/formal/FORMAL/R4_ALT_CEM_1/R6_reacher_01376a746a41e9e26d1e8b2e/REFIT_103203/FULL_HISTORY/result.json,1,1
R6_reacher_0184346c125528018922c654,H0,R4_ALT_CEM_1,1,25,1,False,/workspace/r8/m5/formal/FORMAL/R4_ALT_CEM_1/R6_reacher_0184346c125528018922c654/H0/FULL_HISTORY/result.json,1,1
R6_reacher_0184346c125528018922c654,REFIT_103201,R4_ALT_CEM_1,1,25,1,False,/workspace/r8/m5/formal/FORMAL/R4_ALT_CEM_1/R6_reacher_0184346c125528018922c654/REFIT_103201/FULL_HISTORY/result.json,0,1
R6_reacher_0184346c125528018922c654,REFIT_103202,R4_ALT_CEM_1,1,25,1,False,/workspace/r8/m5/formal/FORMAL/R4_ALT_CEM_1/R6_reacher_0184346c125528018922c654/REFIT_103202/FULL_HISTORY/result.json,1,1
R6_reacher_0184346c125528018922c654,REFIT_103203,R4_ALT_CEM_1,1,25,1,False,/workspace/r8/m5/formal/FORMAL/R4_ALT_CEM_1/R6_reacher_0184346c125528018922c654/REFIT_103203/FULL_HISTORY/result.json,1,1
R6_reacher_0192eda575e790d45853b4a8,H0,R4_ALT_CEM_1,1,25,1,False,/workspace/r8/m5/formal/FORMAL/R4_ALT_CEM_1/R6_reacher_0192eda575e790d45853b4a8/H0/FULL_HISTORY/result.json,1,1
R6_reacher_0192eda575e790d45853b4a8,REFIT_103201,R4_ALT_CEM_1,1,49,2,True,/workspace/r8/m5/formal/FORMAL/R4_ALT_CEM_1/R6_reacher_0192eda575e790d45853b4a8/REFIT_103201/FULL_HISTORY/result.json,1,1
R6_reacher_0192eda575e790d45853b4a8,REFIT_103202,R4_ALT_CEM_1,1,49,2,True,/workspace/r8/m5/formal/FORMAL/R4_ALT_CEM_1/R6_reacher_0192eda575e790d45853b4a8/REFIT_103202/FULL_HISTORY/result.json,1,1
R6_reacher_0192eda575e790d45853b4a8,REFIT_103203,R4_ALT_CEM_1,1,47,2,True,/workspace/r8/m5/formal/FORMAL/R4_ALT_CEM_1/R6_reacher_0192eda575e790d45853b4a8/REFIT_103203/FULL_HISTORY/result.json,1,1
R6_reacher_01a317a7971dd8b32b9e544f,H0,R4_ALT_CEM_1,1,25,1,False,/workspace/r8/m5/formal/FORMAL/R4_ALT_CEM_1/R6_reacher_01a317a7971dd8b32b9e544f/H0/FULL_HISTORY/result.json,1,1
R6_reacher_01a317a7971dd8b32b9e544f,REFIT_103201,R4_ALT_CEM_1,1,25,1,False,/workspace/r8/m5/formal/FORMAL/R4_ALT_CEM_1/R6_reacher_01a317a7971dd8b32b9e544f/REFIT_103201/FULL_HISTORY/result.json,1,1
R6_reacher_01a317a7971dd8b32b9e544f,REFIT_103202,R4_ALT_CEM_1,1,25,1,False,/workspace/r8/m5/formal/FORMAL/R4_ALT_CEM_1/R6_reacher_01a317a7971dd8b32b9e544f/REFIT_103202/FULL_HISTORY/result.json,0,1
R6_reacher_01a317a7971dd8b32b9e544f,REFIT_103203,R4_ALT_CEM_1,1,25,1,False,/workspace/r8/m5/formal/FORMAL/R4_ALT_CEM_1/R6_reacher_01a317a7971dd8b32b9e544f/REFIT_103203/FULL_HISTORY/result.json,1,1
R6_reacher_01a7354c1ecb23a787077139,H0,R4_ALT_CEM_1,1,25,1,False,/workspace/r8/m5/formal/FORMAL/R4_ALT_CEM_1/R6_reacher_01a7354c1ecb23a787077139/H0/FULL_HISTORY/result.json,1,1
R6_reacher_01a7354c1ecb23a787077139,REFIT_103201,R4_ALT_CEM_1,1,25,1,False,/workspace/r8/m5/formal/FORMAL/R4_ALT_CEM_1/R6_reacher_01a7354c1ecb23a787077139/REFIT_103201/FULL_HISTORY/result.json,1,1
R6_reacher_01a7354c1ecb23a787077139,REFIT_103202,R4_ALT_CEM_1,1,25,1,False,/workspace/r8/m5/formal/FORMAL/R4_ALT_CEM_1/R6_reacher_01a7354c1ecb23a787077139/REFIT_103202/FULL_HISTORY/result.json,1,1
R6_reacher_01a7354c1ecb23a787077139,REFIT_103203,R4_ALT_CEM_1,1,25,1,False,/workspace/r8/m5/formal/FORMAL/R4_ALT_CEM_1/R6_reacher_01a7354c1ecb23a787077139/REFIT_103203/FULL_HISTORY/result.json,1,1
R6_reacher_01f4491b43897667d92d30bf,H0,R4_ALT_CEM_1,1,27,2,True,/workspace/r8/m5/formal/FORMAL/R4_ALT_CEM_1/R6_reacher_01f4491b43897667d92d30bf/H0/FULL_HISTORY/result.json,0,1
R6_reacher_01f4491b43897667d92d30bf,REFIT_103201,R4_ALT_CEM_1,1,25,1,False,/workspace/r8/m5/formal/FORMAL/R4_ALT_CEM_1/R6_reacher_01f4491b43897667d92d30bf/REFIT_103201/FULL_HISTORY/result.json,1,0
R6_reacher_01f4491b43897667d92d30bf,REFIT_103202,R4_ALT_CEM_1,1,25,1,False,/workspace/r8/m5/formal/FORMAL/R4_ALT_CEM_1/R6_reacher_01f4491b43897667d92d30bf/REFIT_103202/FULL_HISTORY/result.json,1,1
R6_reacher_01f4491b43897667d92d30bf,REFIT_103203,R4_ALT_CEM_1,1,28,2,True,/workspace/r8/m5/formal/FORMAL/R4_ALT_CEM_1/R6_reacher_01f4491b43897667d92d30bf/REFIT_103203/FULL_HISTORY/result.json,1,1
R6_reacher_01f5771f4bd3fe2f344b4afe,H0,R4_ALT_CEM_1,1,25,1,False,/workspace/r8/m5/formal/FORMAL/R4_ALT_CEM_1/R6_reacher_01f5771f4bd3fe2f344b4afe/H0/FULL_HISTORY/result.json,1,1
R6_reacher_01f5771f4bd3fe2f344b4afe,REFIT_103201,R4_ALT_CEM_1,1,25,1,False,/workspace/r8/m5/formal/FORMAL/R4_ALT_CEM_1/R6_reacher_01f5771f4bd3fe2f344b4afe/REFIT_103201/FULL_HISTORY/result.json,1,1
R6_reacher_01f5771f4bd3fe2f344b4afe,REFIT_103202,R4_ALT_CEM_1,1,25,1,False,/workspace/r8/m5/formal/FORMAL/R4_ALT_CEM_1/R6_reacher_01f5771f4bd3fe2f344b4afe/REFIT_103202/FULL_HISTORY/result.json,1,1
R6_reacher_01f5771f4bd3fe2f344b4afe,REFIT_103203,R4_ALT_CEM_1,1,25,1,False,/workspace/r8/m5/formal/FORMAL/R4_ALT_CEM_1/R6_reacher_01f5771f4bd3fe2f344b4afe/REFIT_103203/FULL_HISTORY/result.json,1,1
R6_reacher_02363949abe1b34ce169a168,H0,R4_ALT_CEM_1,1,24,1,False,/workspace/r8/m5/formal/FORMAL/R4_ALT_CEM_1/R6_reacher_02363949abe1b34ce169a168/H0/FULL_HISTORY/result.json,1,1
R6_reacher_02363949abe1b34ce169a168,REFIT_103201,R4_ALT_CEM_1,1,24,1,False,/workspace/r8/m5/formal/FORMAL/R4_ALT_CEM_1/R6_reacher_02363949abe1b34ce169a168/REFIT_103201/FULL_HISTORY/result.json,0,1
R6_reacher_02363949abe1b34ce169a168,REFIT_103202,R4_ALT_CEM_1,1,25,1,False,/workspace/r8/m5/formal/FORMAL/R4_ALT_CEM_1/R6_reacher_02363949abe1b34ce169a168/REFIT_103202/FULL_HISTORY/result.json,0,1
R6_reacher_02363949abe1b34ce169a168,REFIT_103203,R4_ALT_CEM_1,1,25,1,False,/workspace/r8/m5/formal/FORMAL/R4_ALT_CEM_1/R6_reacher_02363949abe1b34ce169a168/REFIT_103203/FULL_HISTORY/result.json,1,1
R6_reacher_0236acda3799285bc7c01150,H0,R4_ALT_CEM_1,1,14,1,False,/workspace/r8/m5/formal/FORMAL/R4_ALT_CEM_1/R6_reacher_0236acda3799285bc7c01150/H0/FULL_HISTORY/result.json,1,1
R6_reacher_0236acda3799285bc7c01150,REFIT_103201,R4_ALT_CEM_1,1,24,1,False,/workspace/r8/m5/formal/FORMAL/R4_ALT_CEM_1/R6_reacher_0236acda3799285bc7c01150/REFIT_103201/FULL_HISTORY/result.json,1,1
R6_reacher_0236acda3799285bc7c01150,REFIT_103202,R4_ALT_CEM_1,1,26,2,True,/workspace/r8/m5/formal/FORMAL/R4_ALT_CEM_1/R6_reacher_0236acda3799285bc7c01150/REFIT_103202/FULL_HISTORY/result.json,1,1
R6_reacher_0236acda3799285bc7c01150,REFIT_103203,R4_ALT_CEM_1,1,14,1,False,/workspace/r8/m5/formal/FORMAL/R4_ALT_CEM_1/R6_reacher_0236acda3799285bc7c01150/REFIT_103203/FULL_HISTORY/result.json,1,1
R6_reacher_0240bbadbe9657118f04a00f,H0,R4_ALT_CEM_1,1,23,1,False,/workspace/r8/m5/formal/FORMAL/R4_ALT_CEM_1/R6_reacher_0240bbadbe9657118f04a00f/H0/FULL_HISTORY/result.json,1,1
R6_reacher_0240bbadbe9657118f04a00f,REFIT_103201,R4_ALT_CEM_1,1,24,1,False,/workspace/r8/m5/formal/FORMAL/R4_ALT_CEM_1/R6_reacher_0240bbadbe9657118f04a00f/REFIT_103201/FULL_HISTORY/result.json,1,1
R6_reacher_0240bbadbe9657118f04a00f,REFIT_103202,R4_ALT_CEM_1,1,22,1,False,/workspace/r8/m5/formal/FORMAL/R4_ALT_CEM_1/R6_reacher_0240bbadbe9657118f04a00f/REFIT_103202/FULL_HISTORY/result.json,1,1
R6_reacher_0240bbadbe9657118f04a00f,REFIT_103203,R4_ALT_CEM_1,1,20,1,False,/workspace/r8/m5/formal/FORMAL/R4_ALT_CEM_1/R6_reacher_0240bbadbe9657118f04a00f/REFIT_103203/FULL_HISTORY/result.json,1,1
R6_reacher_026d9ade4b09a32c4196f539,H0,R4_ALT_CEM_1,1,2,1,False,/workspace/r8/m5/formal/FORMAL/R4_ALT_CEM_1/R6_reacher_026d9ade4b09a32c4196f539/H0/FULL_HISTORY/result.json,1,1
R6_reacher_026d9ade4b09a32c4196f539,REFIT_103201,R4_ALT_CEM_1,1,22,1,False,/workspace/r8/m5/formal/FORMAL/R4_ALT_CEM_1/R6_reacher_026d9ade4b09a32c4196f539/REFIT_103201/FULL_HISTORY/result.json,1,1
R6_reacher_026d9ade4b09a32c4196f539,REFIT_103202,R4_ALT_CEM_1,1,23,1,False,/workspace/r8/m5/formal/FORMAL/R4_ALT_CEM_1/R6_reacher_026d9ade4b09a32c4196f539/REFIT_103202/FULL_HISTORY/result.json,1,1
R6_reacher_026d9ade4b09a32c4196f539,REFIT_103203,R4_ALT_CEM_1,1,24,1,False,/workspace/r8/m5/formal/FORMAL/R4_ALT_CEM_1/R6_reacher_026d9ade4b09a32c4196f539/REFIT_103203/FULL_HISTORY/result.json,1,1
R6_reacher_027fb56ab9bbb246ba323f0b,H0,R4_ALT_CEM_1,1,25,1,False,/workspace/r8/m5/formal/FORMAL/R4_ALT_CEM_1/R6_reacher_027fb56ab9bbb246ba323f0b/H0/FULL_HISTORY/result.json,1,1
R6_reacher_027fb56ab9bbb246ba323f0b,REFIT_103201,R4_ALT_CEM_1,1,16,1,False,/workspace/r8/m5/formal/FORMAL/R4_ALT_CEM_1/R6_reacher_027fb56ab9bbb246ba323f0b/REFIT_103201/FULL_HISTORY/result.json,1,1
R6_reacher_027fb56ab9bbb246ba323f0b,REFIT_103202,R4_ALT_CEM_1,1,15,1,False,/workspace/r8/m5/formal/FORMAL/R4_ALT_CEM_1/R6_reacher_027fb56ab9bbb246ba323f0b/REFIT_103202/FULL_HISTORY/result.json,1,1
R6_reacher_027fb56ab9bbb246ba323f0b,REFIT_103203,R4_ALT_CEM_1,1,50,2,True,/workspace/r8/m5/formal/FORMAL/R4_ALT_CEM_1/R6_reacher_027fb56ab9bbb246ba323f0b/REFIT_103203/FULL_HISTORY/result.json,1,1
R6_reacher_02b5a054bf782ce2a8682ef0,H0,R4_ALT_CEM_1,1,24,1,False,/workspace/r8/m5/formal/FORMAL/R4_ALT_CEM_1/R6_reacher_02b5a054bf782ce2a8682ef0/H0/FULL_HISTORY/result.json,1,1
R6_reacher_02b5a054bf782ce2a8682ef0,REFIT_103201,R4_ALT_CEM_1,1,25,1,False,/workspace/r8/m5/formal/FORMAL/R4_ALT_CEM_1/R6_reacher_02b5a054bf782ce2a8682ef0/REFIT_103201/FULL_HISTORY/result.json,1,1
R6_reacher_02b5a054bf782ce2a8682ef0,REFIT_103202,R4_ALT_CEM_1,1,25,1,False,/workspace/r8/m5/formal/FORMAL/R4_ALT_CEM_1/R6_reacher_02b5a054bf782ce2a8682ef0/REFIT_103202/FULL_HISTORY/result.json,1,1
R6_reacher_02b5a054bf782ce2a8682ef0,REFIT_103203,R4_ALT_CEM_1,1,25,1,False,/workspace/r8/m5/formal/FORMAL/R4_ALT_CEM_1/R6_reacher_02b5a054bf782ce2a8682ef0/REFIT_103203/FULL_HISTORY/result.json,0,0
R6_reacher_02bf9b5015a6d24cafbda1dd,H0,R4_ALT_CEM_1,1,25,1,False,/workspace/r8/m5/formal/FORMAL/R4_ALT_CEM_1/R6_reacher_02bf9b5015a6d24cafbda1dd/H0/FULL_HISTORY/result.json,1,1
R6_reacher_02bf9b5015a6d24cafbda1dd,REFIT_103201,R4_ALT_CEM_1,0,50,2,True,/workspace/r8/m5/formal/FORMAL/R4_ALT_CEM_1/R6_reacher_02bf9b5015a6d24cafbda1dd/REFIT_103201/FULL_HISTORY/result.json,1,1
R6_reacher_02bf9b5015a6d24cafbda1dd,REFIT_103202,R4_ALT_CEM_1,0,50,2,True,/workspace/r8/m5/formal/FORMAL/R4_ALT_CEM_1/R6_reacher_02bf9b5015a6d24cafbda1dd/REFIT_103202/FULL_HISTORY/result.json,1,1
R6_reacher_02bf9b5015a6d24cafbda1dd,REFIT_103203,R4_ALT_CEM_1,0,50,2,True,/workspace/r8/m5/formal/FORMAL/R4_ALT_CEM_1/R6_reacher_02bf9b5015a6d24cafbda1dd/REFIT_103203/FULL_HISTORY/result.json,1,1
R6_reacher_02d110e309cbccb2d8a94c8b,H0,R4_ALT_CEM_1,1,25,1,False,/workspace/r8/m5/formal/FORMAL/R4_ALT_CEM_1/R6_reacher_02d110e309cbccb2d8a94c8b/H0/FULL_HISTORY/result.json,1,1
R6_reacher_02d110e309cbccb2d8a94c8b,REFIT_103201,R4_ALT_CEM_1,1,25,1,False,/workspace/r8/m5/formal/FORMAL/R4_ALT_CEM_1/R6_reacher_02d110e309cbccb2d8a94c8b/REFIT_103201/FULL_HISTORY/result.json,1,1
R6_reacher_02d110e309cbccb2d8a94c8b,REFIT_103202,R4_ALT_CEM_1,1,15,1,False,/workspace/r8/m5/formal/FORMAL/R4_ALT_CEM_1/R6_reacher_02d110e309cbccb2d8a94c8b/REFIT_103202/FULL_HISTORY/result.json,1,1
R6_reacher_02d110e309cbccb2d8a94c8b,REFIT_103203,R4_ALT_CEM_1,1,6,1,False,/workspace/r8/m5/formal/FORMAL/R4_ALT_CEM_1/R6_reacher_02d110e309cbccb2d8a94c8b/REFIT_103203/FULL_HISTORY/result.json,1,1
R6_reacher_0323e2a42cd2b4632da3af22,H0,R4_ALT_CEM_1,1,26,2,True,/workspace/r8/m5/formal/FORMAL/R4_ALT_CEM_1/R6_reacher_0323e2a42cd2b4632da3af22/H0/FULL_HISTORY/result.json,1,1
R6_reacher_0323e2a42cd2b4632da3af22,REFIT_103201,R4_ALT_CEM_1,1,19,1,False,/workspace/r8/m5/formal/FORMAL/R4_ALT_CEM_1/R6_reacher_0323e2a42cd2b4632da3af22/REFIT_103201/FULL_HISTORY/result.json,1,1
R6_reacher_0323e2a42cd2b4632da3af22,REFIT_103202,R4_ALT_CEM_1,1,24,1,False,/workspace/r8/m5/formal/FORMAL/R4_ALT_CEM_1/R6_reacher_0323e2a42cd2b4632da3af22/REFIT_103202/FULL_HISTORY/result.json,1,1
R6_reacher_0323e2a42cd2b4632da3af22,REFIT_103203,R4_ALT_CEM_1,1,23,1,False,/workspace/r8/m5/formal/FORMAL/R4_ALT_CEM_1/R6_reacher_0323e2a42cd2b4632da3af22/REFIT_103203/FULL_HISTORY/result.json,1,1
R6_reacher_03576c27fc916ca37b9d6b1d,H0,R4_ALT_CEM_1,1,20,1,False,/workspace/r8/m5/formal/FORMAL/R4_ALT_CEM_1/R6_reacher_03576c27fc916ca37b9d6b1d/H0/FULL_HISTORY/result.json,1,1
R6_reacher_03576c27fc916ca37b9d6b1d,REFIT_103201,R4_ALT_CEM_1,1,21,1,False,/workspace/r8/m5/formal/FORMAL/R4_ALT_CEM_1/R6_reacher_03576c27fc916ca37b9d6b1d/REFIT_103201/FULL_HISTORY/result.json,1,1
R6_reacher_03576c27fc916ca37b9d6b1d,REFIT_103202,R4_ALT_CEM_1,1,21,1,False,/workspace/r8/m5/formal/FORMAL/R4_ALT_CEM_1/R6_reacher_03576c27fc916ca37b9d6b1d/REFIT_103202/FULL_HISTORY/result.json,1,1
R6_reacher_03576c27fc916ca37b9d6b1d,REFIT_103203,R4_ALT_CEM_1,1,22,1,False,/workspace/r8/m5/formal/FORMAL/R4_ALT_CEM_1/R6_reacher_03576c27fc916ca37b9d6b1d/REFIT_103203/FULL_HISTORY/result.json,1,1
R6_reacher_035bff63e5e604a5c077f9b3,H0,R4_ALT_CEM_1,1,24,1,False,/workspace/r8/m5/formal/FORMAL/R4_ALT_CEM_1/R6_reacher_035bff63e5e604a5c077f9b3/H0/FULL_HISTORY/result.json,1,1
R6_reacher_035bff63e5e604a5c077f9b3,REFIT_103201,R4_ALT_CEM_1,1,25,1,False,/workspace/r8/m5/formal/FORMAL/R4_ALT_CEM_1/R6_reacher_035bff63e5e604a5c077f9b3/REFIT_103201/FULL_HISTORY/result.json,1,1
R6_reacher_035bff63e5e604a5c077f9b3,REFIT_103202,R4_ALT_CEM_1,1,24,1,False,/workspace/r8/m5/formal/FORMAL/R4_ALT_CEM_1/R6_reacher_035bff63e5e604a5c077f9b3/REFIT_103202/FULL_HISTORY/result.json,1,1
R6_reacher_035bff63e5e604a5c077f9b3,REFIT_103203,R4_ALT_CEM_1,1,24,1,False,/workspace/r8/m5/formal/FORMAL/R4_ALT_CEM_1/R6_reacher_035bff63e5e604a5c077f9b3/REFIT_103203/FULL_HISTORY/result.json,1,1
R6_reacher_0378e2d686e7ef985b91bf38,H0,R4_ALT_CEM_1,1,25,1,False,/workspace/r8/m5/formal/FORMAL/R4_ALT_CEM_1/R6_reacher_0378e2d686e7ef985b91bf38/H0/FULL_HISTORY/result.json,1,1
R6_reacher_0378e2d686e7ef985b91bf38,REFIT_103201,R4_ALT_CEM_1,1,25,1,False,/workspace/r8/m5/formal/FORMAL/R4_ALT_CEM_1/R6_reacher_0378e2d686e7ef985b91bf38/REFIT_103201/FULL_HISTORY/result.json,1,1
R6_reacher_0378e2d686e7ef985b91bf38,REFIT_103202,R4_ALT_CEM_1,1,25,1,False,/workspace/r8/m5/formal/FORMAL/R4_ALT_CEM_1/R6_reacher_0378e2d686e7ef985b91bf38/REFIT_103202/FULL_HISTORY/result.json,1,1
R6_reacher_0378e2d686e7ef985b91bf38,REFIT_103203,R4_ALT_CEM_1,1,25,1,False,/workspace/r8/m5/formal/FORMAL/R4_ALT_CEM_1/R6_reacher_0378e2d686e7ef985b91bf38/REFIT_103203/FULL_HISTORY/result.json,1,1
R6_reacher_037aa4ee62015773e3d025c8,H0,R4_ALT_CEM_1,1,25,1,False,/workspace/r8/m5/formal/FORMAL/R4_ALT_CEM_1/R6_reacher_037aa4ee62015773e3d025c8/H0/FULL_HISTORY/result.json,1,1
R6_reacher_037aa4ee62015773e3d025c8,REFIT_103201,R4_ALT_CEM_1,1,14,1,False,/workspace/r8/m5/formal/FORMAL/R4_ALT_CEM_1/R6_reacher_037aa4ee62015773e3d025c8/REFIT_103201/FULL_HISTORY/result.json,1,1
R6_reacher_037aa4ee62015773e3d025c8,REFIT_103202,R4_ALT_CEM_1,1,20,1,False,/workspace/r8/m5/formal/FORMAL/R4_ALT_CEM_1/R6_reacher_037aa4ee62015773e3d025c8/REFIT_103202/FULL_HISTORY/result.json,1,1
R6_reacher_037aa4ee62015773e3d025c8,REFIT_103203,R4_ALT_CEM_1,1,17,1,False,/workspace/r8/m5/formal/FORMAL/R4_ALT_CEM_1/R6_reacher_037aa4ee62015773e3d025c8/REFIT_103203/FULL_HISTORY/result.json,1,1
R6_reacher_03c5dc1bff3c46c7e7066e86,H0,R4_ALT_CEM_1,1,25,1,False,/workspace/r8/m5/formal/FORMAL/R4_ALT_CEM_1/R6_reacher_03c5dc1bff3c46c7e7066e86/H0/FULL_HISTORY/result.json,0,1
R6_reacher_03c5dc1bff3c46c7e7066e86,REFIT_103201,R4_ALT_CEM_1,1,25,1,False,/workspace/r8/m5/formal/FORMAL/R4_ALT_CEM_1/R6_reacher_03c5dc1bff3c46c7e7066e86/REFIT_103201/FULL_HISTORY/result.json,1,1
R6_reacher_03c5dc1bff3c46c7e7066e86,REFIT_103202,R4_ALT_CEM_1,1,25,1,False,/workspace/r8/m5/formal/FORMAL/R4_ALT_CEM_1/R6_reacher_03c5dc1bff3c46c7e7066e86/REFIT_103202/FULL_HISTORY/result.json,0,0
R6_reacher_03c5dc1bff3c46c7e7066e86,REFIT_103203,R4_ALT_CEM_1,1,17,1,False,/workspace/r8/m5/formal/FORMAL/R4_ALT_CEM_1/R6_reacher_03c5dc1bff3c46c7e7066e86/REFIT_103203/FULL_HISTORY/result.json,0,0
R6_reacher_03f079f0a6fc89393c99bd18,H0,R4_ALT_CEM_1,1,27,2,True,/workspace/r8/m5/formal/FORMAL/R4_ALT_CEM_1/R6_reacher_03f079f0a6fc89393c99bd18/H0/FULL_HISTORY/result.json,1,1
R6_reacher_03f079f0a6fc89393c99bd18,REFIT_103201,R4_ALT_CEM_1,1,25,1,False,/workspace/r8/m5/formal/FORMAL/R4_ALT_CEM_1/R6_reacher_03f079f0a6fc89393c99bd18/REFIT_103201/FULL_HISTORY/result.json,1,1
R6_reacher_03f079f0a6fc89393c99bd18,REFIT_103202,R4_ALT_CEM_1,1,25,1,False,/workspace/r8/m5/formal/FORMAL/R4_ALT_CEM_1/R6_reacher_03f079f0a6fc89393c99bd18/REFIT_103202/FULL_HISTORY/result.json,1,1
R6_reacher_03f079f0a6fc89393c99bd18,REFIT_103203,R4_ALT_CEM_1,1,25,1,False,/workspace/r8/m5/formal/FORMAL/R4_ALT_CEM_1/R6_reacher_03f079f0a6fc89393c99bd18/REFIT_103203/FULL_HISTORY/result.json,1,1
R6_reacher_040a17920fc86c8a79997322,H0,R4_ALT_CEM_1,1,24,1,False,/workspace/r8/m5/formal/FORMAL/R4_ALT_CEM_1/R6_reacher_040a17920fc86c8a79997322/H0/FULL_HISTORY/result.json,1,1
R6_reacher_040a17920fc86c8a79997322,REFIT_103201,R4_ALT_CEM_1,1,25,1,False,/workspace/r8/m5/formal/FORMAL/R4_ALT_CEM_1/R6_reacher_040a17920fc86c8a79997322/REFIT_103201/FULL_HISTORY/result.json,1,1
R6_reacher_040a17920fc86c8a79997322,REFIT_103202,R4_ALT_CEM_1,1,25,1,False,/workspace/r8/m5/formal/FORMAL/R4_ALT_CEM_1/R6_reacher_040a17920fc86c8a79997322/REFIT_103202/FULL_HISTORY/result.json,1,1
R6_reacher_040a17920fc86c8a79997322,REFIT_103203,R4_ALT_CEM_1,1,25,1,False,/workspace/r8/m5/formal/FORMAL/R4_ALT_CEM_1/R6_reacher_040a17920fc86c8a79997322/REFIT_103203/FULL_HISTORY/result.json,1,1
R6_reacher_040d72a154c2687da092ebc8,H0,R4_ALT_CEM_1,1,25,1,False,/workspace/r8/m5/formal/FORMAL/R4_ALT_CEM_1/R6_reacher_040d72a154c2687da092ebc8/H0/FULL_HISTORY/result.json,1,1
R6_reacher_040d72a154c2687da092ebc8,REFIT_103201,R4_ALT_CEM_1,1,25,1,False,/workspace/r8/m5/formal/FORMAL/R4_ALT_CEM_1/R6_reacher_040d72a154c2687da092ebc8/REFIT_103201/FULL_HISTORY/result.json,1,1
R6_reacher_040d72a154c2687da092ebc8,REFIT_103202,R4_ALT_CEM_1,1,25,1,False,/workspace/r8/m5/formal/FORMAL/R4_ALT_CEM_1/R6_reacher_040d72a154c2687da092ebc8/REFIT_103202/FULL_HISTORY/result.json,1,1
R6_reacher_040d72a154c2687da092ebc8,REFIT_103203,R4_ALT_CEM_1,1,25,1,False,/workspace/r8/m5/formal/FORMAL/R4_ALT_CEM_1/R6_reacher_040d72a154c2687da092ebc8/REFIT_103203/FULL_HISTORY/result.json,1,1
R6_reacher_0415eab85414f31fa3d57a99,H0,R4_ALT_CEM_1,1,2,1,False,/workspace/r8/m5/formal/FORMAL/R4_ALT_CEM_1/R6_reacher_0415eab85414f31fa3d57a99/H0/FULL_HISTORY/result.json,1,1
R6_reacher_0415eab85414f31fa3d57a99,REFIT_103201,R4_ALT_CEM_1,1,2,1,False,/workspace/r8/m5/formal/FORMAL/R4_ALT_CEM_1/R6_reacher_0415eab85414f31fa3d57a99/REFIT_103201/FULL_HISTORY/result.json,1,1
R6_reacher_0415eab85414f31fa3d57a99,REFIT_103202,R4_ALT_CEM_1,1,3,1,False,/workspace/r8/m5/formal/FORMAL/R4_ALT_CEM_1/R6_reacher_0415eab85414f31fa3d57a99/REFIT_103202/FULL_HISTORY/result.json,1,1
R6_reacher_0415eab85414f31fa3d57a99,REFIT_103203,R4_ALT_CEM_1,1,2,1,False,/workspace/r8/m5/formal/FORMAL/R4_ALT_CEM_1/R6_reacher_0415eab85414f31fa3d57a99/REFIT_103203/FULL_HISTORY/result.json,1,1
R6_reacher_042b78b7f94ed6c85b84ad7b,H0,R4_ALT_CEM_1,1,30,2,True,/workspace/r8/m5/formal/FORMAL/R4_ALT_CEM_1/R6_reacher_042b78b7f94ed6c85b84ad7b/H0/FULL_HISTORY/result.json,1,1
R6_reacher_042b78b7f94ed6c85b84ad7b,REFIT_103201,R4_ALT_CEM_1,1,25,1,False,/workspace/r8/m5/formal/FORMAL/R4_ALT_CEM_1/R6_reacher_042b78b7f94ed6c85b84ad7b/REFIT_103201/FULL_HISTORY/result.json,1,1
R6_reacher_042b78b7f94ed6c85b84ad7b,REFIT_103202,R4_ALT_CEM_1,1,28,2,True,/workspace/r8/m5/formal/FORMAL/R4_ALT_CEM_1/R6_reacher_042b78b7f94ed6c85b84ad7b/REFIT_103202/FULL_HISTORY/result.json,1,1
R6_reacher_042b78b7f94ed6c85b84ad7b,REFIT_103203,R4_ALT_CEM_1,1,25,1,False,/workspace/r8/m5/formal/FORMAL/R4_ALT_CEM_1/R6_reacher_042b78b7f94ed6c85b84ad7b/REFIT_103203/FULL_HISTORY/result.json,1,1
R6_reacher_04323b4ed17bb5ed62619b74,H0,R4_ALT_CEM_1,1,23,1,False,/workspace/r8/m5/formal/FORMAL/R4_ALT_CEM_1/R6_reacher_04323b4ed17bb5ed62619b74/H0/FULL_HISTORY/result.json,1,1
R6_reacher_04323b4ed17bb5ed62619b74,REFIT_103201,R4_ALT_CEM_1,1,25,1,False,/workspace/r8/m5/formal/FORMAL/R4_ALT_CEM_1/R6_reacher_04323b4ed17bb5ed62619b74/REFIT_103201/FULL_HISTORY/result.json,1,1
R6_reacher_04323b4ed17bb5ed62619b74,REFIT_103202,R4_ALT_CEM_1,1,19,1,False,/workspace/r8/m5/formal/FORMAL/R4_ALT_CEM_1/R6_reacher_04323b4ed17bb5ed62619b74/REFIT_103202/FULL_HISTORY/result.json,1,1
R6_reacher_04323b4ed17bb5ed62619b74,REFIT_103203,R4_ALT_CEM_1,1,24,1,False,/workspace/r8/m5/formal/FORMAL/R4_ALT_CEM_1/R6_reacher_04323b4ed17bb5ed62619b74/REFIT_103203/FULL_HISTORY/result.json,1,1
R6_reacher_0452de7446bee2d31c1997b9,H0,R4_ALT_CEM_1,1,20,1,False,/workspace/r8/m5/formal/FORMAL/R4_ALT_CEM_1/R6_reacher_0452de7446bee2d31c1997b9/H0/FULL_HISTORY/result.json,1,1
R6_reacher_0452de7446bee2d31c1997b9,REFIT_103201,R4_ALT_CEM_1,1,22,1,False,/workspace/r8/m5/formal/FORMAL/R4_ALT_CEM_1/R6_reacher_0452de7446bee2d31c1997b9/REFIT_103201/FULL_HISTORY/result.json,1,1
R6_reacher_0452de7446bee2d31c1997b9,REFIT_103202,R4_ALT_CEM_1,1,23,1,False,/workspace/r8/m5/formal/FORMAL/R4_ALT_CEM_1/R6_reacher_0452de7446bee2d31c1997b9/REFIT_103202/FULL_HISTORY/result.json,0,1
R6_reacher_0452de7446bee2d31c1997b9,REFIT_103203,R4_ALT_CEM_1,1,25,1,False,/workspace/r8/m5/formal/FORMAL/R4_ALT_CEM_1/R6_reacher_0452de7446bee2d31c1997b9/REFIT_103203/FULL_HISTORY/result.json,1,1
R6_reacher_04683ac84fb7627e60eba9af,H0,R4_ALT_CEM_1,1,20,1,False,/workspace/r8/m5/formal/FORMAL/R4_ALT_CEM_1/R6_reacher_04683ac84fb7627e60eba9af/H0/FULL_HISTORY/result.json,1,1
R6_reacher_04683ac84fb7627e60eba9af,REFIT_103201,R4_ALT_CEM_1,1,24,1,False,/workspace/r8/m5/formal/FORMAL/R4_ALT_CEM_1/R6_reacher_04683ac84fb7627e60eba9af/REFIT_103201/FULL_HISTORY/result.json,1,1
R6_reacher_04683ac84fb7627e60eba9af,REFIT_103202,R4_ALT_CEM_1,1,23,1,False,/workspace/r8/m5/formal/FORMAL/R4_ALT_CEM_1/R6_reacher_04683ac84fb7627e60eba9af/REFIT_103202/FULL_HISTORY/result.json,1,1
R6_reacher_04683ac84fb7627e60eba9af,REFIT_103203,R4_ALT_CEM_1,1,14,1,False,/workspace/r8/m5/formal/FORMAL/R4_ALT_CEM_1/R6_reacher_04683ac84fb7627e60eba9af/REFIT_103203/FULL_HISTORY/result.json,1,1
R6_reacher_04689ec072dab02039d86a47,H0,R4_ALT_CEM_1,1,25,1,False,/workspace/r8/m5/formal/FORMAL/R4_ALT_CEM_1/R6_reacher_04689ec072dab02039d86a47/H0/FULL_HISTORY/result.json,0,1
R6_reacher_04689ec072dab02039d86a47,REFIT_103201,R4_ALT_CEM_1,1,25,1,False,/workspace/r8/m5/formal/FORMAL/R4_ALT_CEM_1/R6_reacher_04689ec072dab02039d86a47/REFIT_103201/FULL_HISTORY/result.json,0,1
R6_reacher_04689ec072dab02039d86a47,REFIT_103202,R4_ALT_CEM_1,1,25,1,False,/workspace/r8/m5/formal/FORMAL/R4_ALT_CEM_1/R6_reacher_04689ec072dab02039d86a47/REFIT_103202/FULL_HISTORY/result.json,0,1
R6_reacher_04689ec072dab02039d86a47,REFIT_103203,R4_ALT_CEM_1,1,25,1,False,/workspace/r8/m5/formal/FORMAL/R4_ALT_CEM_1/R6_reacher_04689ec072dab02039d86a47/REFIT_103203/FULL_HISTORY/result.json,0,1
R6_reacher_046be47cf7ed9869cb27531c,H0,R4_ALT_CEM_1,1,9,1,False,/workspace/r8/m5/formal/FORMAL/R4_ALT_CEM_1/R6_reacher_046be47cf7ed9869cb27531c/H0/FULL_HISTORY/result.json,0,1
R6_reacher_046be47cf7ed9869cb27531c,REFIT_103201,R4_ALT_CEM_1,1,25,1,False,/workspace/r8/m5/formal/FORMAL/R4_ALT_CEM_1/R6_reacher_046be47cf7ed9869cb27531c/REFIT_103201/FULL_HISTORY/result.json,0,1
R6_reacher_046be47cf7ed9869cb27531c,REFIT_103202,R4_ALT_CEM_1,1,24,1,False,/workspace/r8/m5/formal/FORMAL/R4_ALT_CEM_1/R6_reacher_046be47cf7ed9869cb27531c/REFIT_103202/FULL_HISTORY/result.json,0,1
R6_reacher_046be47cf7ed9869cb27531c,REFIT_103203,R4_ALT_CEM_1,1,8,1,False,/workspace/r8/m5/formal/FORMAL/R4_ALT_CEM_1/R6_reacher_046be47cf7ed9869cb27531c/REFIT_103203/FULL_HISTORY/result.json,1,1
R6_reacher_048302dc4ec9c121421618eb,H0,R4_ALT_CEM_1,1,25,1,False,/workspace/r8/m5/formal/FORMAL/R4_ALT_CEM_1/R6_reacher_048302dc4ec9c121421618eb/H0/FULL_HISTORY/result.json,1,1
R6_reacher_048302dc4ec9c121421618eb,REFIT_103201,R4_ALT_CEM_1,1,18,1,False,/workspace/r8/m5/formal/FORMAL/R4_ALT_CEM_1/R6_reacher_048302dc4ec9c121421618eb/REFIT_103201/FULL_HISTORY/result.json,1,1
R6_reacher_048302dc4ec9c121421618eb,REFIT_103202,R4_ALT_CEM_1,1,16,1,False,/workspace/r8/m5/formal/FORMAL/R4_ALT_CEM_1/R6_reacher_048302dc4ec9c121421618eb/REFIT_103202/FULL_HISTORY/result.json,0,1
R6_reacher_048302dc4ec9c121421618eb,REFIT_103203,R4_ALT_CEM_1,1,13,1,False,/workspace/r8/m5/formal/FORMAL/R4_ALT_CEM_1/R6_reacher_048302dc4ec9c121421618eb/REFIT_103203/FULL_HISTORY/result.json,0,1
R6_reacher_048aa37b1e1d985113bcef99,H0,R4_ALT_CEM_1,1,25,1,False,/workspace/r8/m5/formal/FORMAL/R4_ALT_CEM_1/R6_reacher_048aa37b1e1d985113bcef99/H0/FULL_HISTORY/result.json,1,1
R6_reacher_048aa37b1e1d985113bcef99,REFIT_103201,R4_ALT_CEM_1,1,33,2,True,/workspace/r8/m5/formal/FORMAL/R4_ALT_CEM_1/R6_reacher_048aa37b1e1d985113bcef99/REFIT_103201/FULL_HISTORY/result.json,1,1
R6_reacher_048aa37b1e1d985113bcef99,REFIT_103202,R4_ALT_CEM_1,1,27,2,True,/workspace/r8/m5/formal/FORMAL/R4_ALT_CEM_1/R6_reacher_048aa37b1e1d985113bcef99/REFIT_103202/FULL_HISTORY/result.json,1,1
R6_reacher_048aa37b1e1d985113bcef99,REFIT_103203,R4_ALT_CEM_1,1,50,2,True,/workspace/r8/m5/formal/FORMAL/R4_ALT_CEM_1/R6_reacher_048aa37b1e1d985113bcef99/REFIT_103203/FULL_HISTORY/result.json,1,1
R6_reacher_04bca313072e5fd5c88146b6,H0,R4_ALT_CEM_1,1,22,1,False,/workspace/r8/m5/formal/FORMAL/R4_ALT_CEM_1/R6_reacher_04bca313072e5fd5c88146b6/H0/FULL_HISTORY/result.json,1,1
R6_reacher_04bca313072e5fd5c88146b6,REFIT_103201,R4_ALT_CEM_1,1,25,1,False,/workspace/r8/m5/formal/FORMAL/R4_ALT_CEM_1/R6_reacher_04bca313072e5fd5c88146b6/REFIT_103201/FULL_HISTORY/result.json,1,1
R6_reacher_04bca313072e5fd5c88146b6,REFIT_103202,R4_ALT_CEM_1,1,23,1,False,/workspace/r8/m5/formal/FORMAL/R4_ALT_CEM_1/R6_reacher_04bca313072e5fd5c88146b6/REFIT_103202/FULL_HISTORY/result.json,1,1
R6_reacher_04bca313072e5fd5c88146b6,REFIT_103203,R4_ALT_CEM_1,1,24,1,False,/workspace/r8/m5/formal/FORMAL/R4_ALT_CEM_1/R6_reacher_04bca313072e5fd5c88146b6/REFIT_103203/FULL_HISTORY/result.json,1,1
R6_reacher_04d10f6b3e3067ae5a06d677,H0,R4_ALT_CEM_1,1,25,1,False,/workspace/r8/m5/formal/FORMAL/R4_ALT_CEM_1/R6_reacher_04d10f6b3e3067ae5a06d677/H0/FULL_HISTORY/result.json,1,1
R6_reacher_04d10f6b3e3067ae5a06d677,REFIT_103201,R4_ALT_CEM_1,1,25,1,False,/workspace/r8/m5/formal/FORMAL/R4_ALT_CEM_1/R6_reacher_04d10f6b3e3067ae5a06d677/REFIT_103201/FULL_HISTORY/result.json,1,1
R6_reacher_04d10f6b3e3067ae5a06d677,REFIT_103202,R4_ALT_CEM_1,1,25,1,False,/workspace/r8/m5/formal/FORMAL/R4_ALT_CEM_1/R6_reacher_04d10f6b3e3067ae5a06d677/REFIT_103202/FULL_HISTORY/result.json,1,1
R6_reacher_04d10f6b3e3067ae5a06d677,REFIT_103203,R4_ALT_CEM_1,1,25,1,False,/workspace/r8/m5/formal/FORMAL/R4_ALT_CEM_1/R6_reacher_04d10f6b3e3067ae5a06d677/REFIT_103203/FULL_HISTORY/result.json,1,1
R6_reacher_05227f26cb88c6f6d6a24c57,H0,R4_ALT_CEM_1,1,25,1,False,/workspace/r8/m5/formal/FORMAL/R4_ALT_CEM_1/R6_reacher_05227f26cb88c6f6d6a24c57/H0/FULL_HISTORY/result.json,1,1
R6_reacher_05227f26cb88c6f6d6a24c57,REFIT_103201,R4_ALT_CEM_1,1,24,1,False,/workspace/r8/m5/formal/FORMAL/R4_ALT_CEM_1/R6_reacher_05227f26cb88c6f6d6a24c57/REFIT_103201/FULL_HISTORY/result.json,1,1
R6_reacher_05227f26cb88c6f6d6a24c57,REFIT_103202,R4_ALT_CEM_1,1,25,1,False,/workspace/r8/m5/formal/FORMAL/R4_ALT_CEM_1/R6_reacher_05227f26cb88c6f6d6a24c57/REFIT_103202/FULL_HISTORY/result.json,1,1
R6_reacher_05227f26cb88c6f6d6a24c57,REFIT_103203,R4_ALT_CEM_1,1,25,1,False,/workspace/r8/m5/formal/FORMAL/R4_ALT_CEM_1/R6_reacher_05227f26cb88c6f6d6a24c57/REFIT_103203/FULL_HISTORY/result.json,1,1
R6_reacher_05609e0e97d87b35452f8ae7,H0,R4_ALT_CEM_1,1,24,1,False,/workspace/r8/m5/formal/FORMAL/R4_ALT_CEM_1/R6_reacher_05609e0e97d87b35452f8ae7/H0/FULL_HISTORY/result.json,1,1
R6_reacher_05609e0e97d87b35452f8ae7,REFIT_103201,R4_ALT_CEM_1,1,27,2,True,/workspace/r8/m5/formal/FORMAL/R4_ALT_CEM_1/R6_reacher_05609e0e97d87b35452f8ae7/REFIT_103201/FULL_HISTORY/result.json,1,1
R6_reacher_05609e0e97d87b35452f8ae7,REFIT_103202,R4_ALT_CEM_1,1,24,1,False,/workspace/r8/m5/formal/FORMAL/R4_ALT_CEM_1/R6_reacher_05609e0e97d87b35452f8ae7/REFIT_103202/FULL_HISTORY/result.json,1,1
R6_reacher_05609e0e97d87b35452f8ae7,REFIT_103203,R4_ALT_CEM_1,1,24,1,False,/workspace/r8/m5/formal/FORMAL/R4_ALT_CEM_1/R6_reacher_05609e0e97d87b35452f8ae7/REFIT_103203/FULL_HISTORY/result.json,1,1
R6_reacher_05673647385df937e0c2da8e,H0,R4_ALT_CEM_1,1,25,1,False,/workspace/r8/m5/formal/FORMAL/R4_ALT_CEM_1/R6_reacher_05673647385df937e0c2da8e/H0/FULL_HISTORY/result.json,1,1
R6_reacher_05673647385df937e0c2da8e,REFIT_103201,R4_ALT_CEM_1,1,25,1,False,/workspace/r8/m5/formal/FORMAL/R4_ALT_CEM_1/R6_reacher_05673647385df937e0c2da8e/REFIT_103201/FULL_HISTORY/result.json,1,1
R6_reacher_05673647385df937e0c2da8e,REFIT_103202,R4_ALT_CEM_1,1,25,1,False,/workspace/r8/m5/formal/FORMAL/R4_ALT_CEM_1/R6_reacher_05673647385df937e0c2da8e/REFIT_103202/FULL_HISTORY/result.json,1,1
R6_reacher_05673647385df937e0c2da8e,REFIT_103203,R4_ALT_CEM_1,1,24,1,False,/workspace/r8/m5/formal/FORMAL/R4_ALT_CEM_1/R6_reacher_05673647385df937e0c2da8e/REFIT_103203/FULL_HISTORY/result.json,1,1
R6_reacher_0572fff5c1f8d2522d9fef3e,H0,R4_ALT_CEM_1,1,25,1,False,/workspace/r8/m5/formal/FORMAL/R4_ALT_CEM_1/R6_reacher_0572fff5c1f8d2522d9fef3e/H0/FULL_HISTORY/result.json,1,1
R6_reacher_0572fff5c1f8d2522d9fef3e,REFIT_103201,R4_ALT_CEM_1,1,23,1,False,/workspace/r8/m5/formal/FORMAL/R4_ALT_CEM_1/R6_reacher_0572fff5c1f8d2522d9fef3e/REFIT_103201/FULL_HISTORY/result.json,1,1
R6_reacher_0572fff5c1f8d2522d9fef3e,REFIT_103202,R4_ALT_CEM_1,1,23,1,False,/workspace/r8/m5/formal/FORMAL/R4_ALT_CEM_1/R6_reacher_0572fff5c1f8d2522d9fef3e/REFIT_103202/FULL_HISTORY/result.json,1,1
R6_reacher_0572fff5c1f8d2522d9fef3e,REFIT_103203,R4_ALT_CEM_1,1,23,1,False,/workspace/r8/m5/formal/FORMAL/R4_ALT_CEM_1/R6_reacher_0572fff5c1f8d2522d9fef3e/REFIT_103203/FULL_HISTORY/result.json,1,1
R6_reacher_058fbdf2d7805234d86b62e9,H0,R4_ALT_CEM_1,1,21,1,False,/workspace/r8/m5/formal/FORMAL/R4_ALT_CEM_1/R6_reacher_058fbdf2d7805234d86b62e9/H0/FULL_HISTORY/result.json,1,1
R6_reacher_058fbdf2d7805234d86b62e9,REFIT_103201,R4_ALT_CEM_1,1,25,1,False,/workspace/r8/m5/formal/FORMAL/R4_ALT_CEM_1/R6_reacher_058fbdf2d7805234d86b62e9/REFIT_103201/FULL_HISTORY/result.json,1,1
R6_reacher_058fbdf2d7805234d86b62e9,REFIT_103202,R4_ALT_CEM_1,1,22,1,False,/workspace/r8/m5/formal/FORMAL/R4_ALT_CEM_1/R6_reacher_058fbdf2d7805234d86b62e9/REFIT_103202/FULL_HISTORY/result.json,1,1
R6_reacher_058fbdf2d7805234d86b62e9,REFIT_103203,R4_ALT_CEM_1,1,27,2,True,/workspace/r8/m5/formal/FORMAL/R4_ALT_CEM_1/R6_reacher_058fbdf2d7805234d86b62e9/REFIT_103203/FULL_HISTORY/result.json,1,1
R6_reacher_05b7debf402e51340c75b891,H0,R4_ALT_CEM_1,1,24,1,False,/workspace/r8/m5/formal/FORMAL/R4_ALT_CEM_1/R6_reacher_05b7debf402e51340c75b891/H0/FULL_HISTORY/result.json,0,1
R6_reacher_05b7debf402e51340c75b891,REFIT_103201,R4_ALT_CEM_1,1,24,1,False,/workspace/r8/m5/formal/FORMAL/R4_ALT_CEM_1/R6_reacher_05b7debf402e51340c75b891/REFIT_103201/FULL_HISTORY/result.json,1,1
R6_reacher_05b7debf402e51340c75b891,REFIT_103202,R4_ALT_CEM_1,1,25,1,False,/workspace/r8/m5/formal/FORMAL/R4_ALT_CEM_1/R6_reacher_05b7debf402e51340c75b891/REFIT_103202/FULL_HISTORY/result.json,1,1
R6_reacher_05b7debf402e51340c75b891,REFIT_103203,R4_ALT_CEM_1,1,25,1,False,/workspace/r8/m5/formal/FORMAL/R4_ALT_CEM_1/R6_reacher_05b7debf402e51340c75b891/REFIT_103203/FULL_HISTORY/result.json,1,1
R6_reacher_05d9adfbb7fea330209f9d6e,H0,R4_ALT_CEM_1,1,25,1,False,/workspace/r8/m5/formal/FORMAL/R4_ALT_CEM_1/R6_reacher_05d9adfbb7fea330209f9d6e/H0/FULL_HISTORY/result.json,0,1
R6_reacher_05d9adfbb7fea330209f9d6e,REFIT_103201,R4_ALT_CEM_1,1,25,1,False,/workspace/r8/m5/formal/FORMAL/R4_ALT_CEM_1/R6_reacher_05d9adfbb7fea330209f9d6e/REFIT_103201/FULL_HISTORY/result.json,1,1
R6_reacher_05d9adfbb7fea330209f9d6e,REFIT_103202,R4_ALT_CEM_1,1,25,1,False,/workspace/r8/m5/formal/FORMAL/R4_ALT_CEM_1/R6_reacher_05d9adfbb7fea330209f9d6e/REFIT_103202/FULL_HISTORY/result.json,1,1
R6_reacher_05d9adfbb7fea330209f9d6e,REFIT_103203,R4_ALT_CEM_1,1,24,1,False,/workspace/r8/m5/formal/FORMAL/R4_ALT_CEM_1/R6_reacher_05d9adfbb7fea330209f9d6e/REFIT_103203/FULL_HISTORY/result.json,0,1
R6_reacher_0604aded9586b94217e9ae71,H0,R4_ALT_CEM_1,1,25,1,False,/workspace/r8/m5/formal/FORMAL/R4_ALT_CEM_1/R6_reacher_0604aded9586b94217e9ae71/H0/FULL_HISTORY/result.json,1,1
R6_reacher_0604aded9586b94217e9ae71,REFIT_103201,R4_ALT_CEM_1,1,24,1,False,/workspace/r8/m5/formal/FORMAL/R4_ALT_CEM_1/R6_reacher_0604aded9586b94217e9ae71/REFIT_103201/FULL_HISTORY/result.json,1,1
R6_reacher_0604aded9586b94217e9ae71,REFIT_103202,R4_ALT_CEM_1,1,25,1,False,/workspace/r8/m5/formal/FORMAL/R4_ALT_CEM_1/R6_reacher_0604aded9586b94217e9ae71/REFIT_103202/FULL_HISTORY/result.json,1,1
R6_reacher_0604aded9586b94217e9ae71,REFIT_103203,R4_ALT_CEM_1,1,24,1,False,/workspace/r8/m5/formal/FORMAL/R4_ALT_CEM_1/R6_reacher_0604aded9586b94217e9ae71/REFIT_103203/FULL_HISTORY/result.json,1,1
R6_reacher_06104c870ec34e14878b4947,H0,R4_ALT_CEM_1,1,20,1,False,/workspace/r8/m5/formal/FORMAL/R4_ALT_CEM_1/R6_reacher_06104c870ec34e14878b4947/H0/FULL_HISTORY/result.json,1,1
R6_reacher_06104c870ec34e14878b4947,REFIT_103201,R4_ALT_CEM_1,1,24,1,False,/workspace/r8/m5/formal/FORMAL/R4_ALT_CEM_1/R6_reacher_06104c870ec34e14878b4947/REFIT_103201/FULL_HISTORY/result.json,0,1
R6_reacher_06104c870ec34e14878b4947,REFIT_103202,R4_ALT_CEM_1,1,28,2,True,/workspace/r8/m5/formal/FORMAL/R4_ALT_CEM_1/R6_reacher_06104c870ec34e14878b4947/REFIT_103202/FULL_HISTORY/result.json,1,1
R6_reacher_06104c870ec34e14878b4947,REFIT_103203,R4_ALT_CEM_1,1,25,1,False,/workspace/r8/m5/formal/FORMAL/R4_ALT_CEM_1/R6_reacher_06104c870ec34e14878b4947/REFIT_103203/FULL_HISTORY/result.json,1,1
R6_reacher_0642735d2daa02558c1d8737,H0,R4_ALT_CEM_1,1,15,1,False,/workspace/r8/m5/formal/FORMAL/R4_ALT_CEM_1/R6_reacher_0642735d2daa02558c1d8737/H0/FULL_HISTORY/result.json,1,1
R6_reacher_0642735d2daa02558c1d8737,REFIT_103201,R4_ALT_CEM_1,1,25,1,False,/workspace/r8/m5/formal/FORMAL/R4_ALT_CEM_1/R6_reacher_0642735d2daa02558c1d8737/REFIT_103201/FULL_HISTORY/result.json,1,1
R6_reacher_0642735d2daa02558c1d8737,REFIT_103202,R4_ALT_CEM_1,1,24,1,False,/workspace/r8/m5/formal/FORMAL/R4_ALT_CEM_1/R6_reacher_0642735d2daa02558c1d8737/REFIT_103202/FULL_HISTORY/result.json,1,1
R6_reacher_0642735d2daa02558c1d8737,REFIT_103203,R4_ALT_CEM_1,1,24,1,False,/workspace/r8/m5/formal/FORMAL/R4_ALT_CEM_1/R6_reacher_0642735d2daa02558c1d8737/REFIT_103203/FULL_HISTORY/result.json,1,1
R6_reacher_0685d60e12fdbdbe63e5d232,H0,R4_ALT_CEM_1,1,20,1,False,/workspace/r8/m5/formal/FORMAL/R4_ALT_CEM_1/R6_reacher_0685d60e12fdbdbe63e5d232/H0/FULL_HISTORY/result.json,1,1
R6_reacher_0685d60e12fdbdbe63e5d232,REFIT_103201,R4_ALT_CEM_1,1,20,1,False,/workspace/r8/m5/formal/FORMAL/R4_ALT_CEM_1/R6_reacher_0685d60e12fdbdbe63e5d232/REFIT_103201/FULL_HISTORY/result.json,0,1
R6_reacher_0685d60e12fdbdbe63e5d232,REFIT_103202,R4_ALT_CEM_1,1,23,1,False,/workspace/r8/m5/formal/FORMAL/R4_ALT_CEM_1/R6_reacher_0685d60e12fdbdbe63e5d232/REFIT_103202/FULL_HISTORY/result.json,1,1
R6_reacher_0685d60e12fdbdbe63e5d232,REFIT_103203,R4_ALT_CEM_1,1,8,1,False,/workspace/r8/m5/formal/FORMAL/R4_ALT_CEM_1/R6_reacher_0685d60e12fdbdbe63e5d232/REFIT_103203/FULL_HISTORY/result.json,0,1
R6_reacher_069945d6d002522c9d5ef1d9,H0,R4_ALT_CEM_1,1,24,1,False,/workspace/r8/m5/formal/FORMAL/R4_ALT_CEM_1/R6_reacher_069945d6d002522c9d5ef1d9/H0/FULL_HISTORY/result.json,1,1
R6_reacher_069945d6d002522c9d5ef1d9,REFIT_103201,R4_ALT_CEM_1,1,25,1,False,/workspace/r8/m5/formal/FORMAL/R4_ALT_CEM_1/R6_reacher_069945d6d002522c9d5ef1d9/REFIT_103201/FULL_HISTORY/result.json,1,1
R6_reacher_069945d6d002522c9d5ef1d9,REFIT_103202,R4_ALT_CEM_1,1,25,1,False,/workspace/r8/m5/formal/FORMAL/R4_ALT_CEM_1/R6_reacher_069945d6d002522c9d5ef1d9/REFIT_103202/FULL_HISTORY/result.json,1,1
R6_reacher_069945d6d002522c9d5ef1d9,REFIT_103203,R4_ALT_CEM_1,1,25,1,False,/workspace/r8/m5/formal/FORMAL/R4_ALT_CEM_1/R6_reacher_069945d6d002522c9d5ef1d9/REFIT_103203/FULL_HISTORY/result.json,1,1
R6_reacher_06cc3d0169c47775bf5c3654,H0,R4_ALT_CEM_1,1,27,2,True,/workspace/r8/m5/formal/FORMAL/R4_ALT_CEM_1/R6_reacher_06cc3d0169c47775bf5c3654/H0/FULL_HISTORY/result.json,1,1
R6_reacher_06cc3d0169c47775bf5c3654,REFIT_103201,R4_ALT_CEM_1,1,18,1,False,/workspace/r8/m5/formal/FORMAL/R4_ALT_CEM_1/R6_reacher_06cc3d0169c47775bf5c3654/REFIT_103201/FULL_HISTORY/result.json,1,0
R6_reacher_06cc3d0169c47775bf5c3654,REFIT_103202,R4_ALT_CEM_1,1,23,1,False,/workspace/r8/m5/formal/FORMAL/R4_ALT_CEM_1/R6_reacher_06cc3d0169c47775bf5c3654/REFIT_103202/FULL_HISTORY/result.json,1,1
R6_reacher_06cc3d0169c47775bf5c3654,REFIT_103203,R4_ALT_CEM_1,1,24,1,False,/workspace/r8/m5/formal/FORMAL/R4_ALT_CEM_1/R6_reacher_06cc3d0169c47775bf5c3654/REFIT_103203/FULL_HISTORY/result.json,1,1
R6_reacher_06f31f0ed66595d668f795d6,H0,R4_ALT_CEM_1,1,24,1,False,/workspace/r8/m5/formal/FORMAL/R4_ALT_CEM_1/R6_reacher_06f31f0ed66595d668f795d6/H0/FULL_HISTORY/result.json,1,1
R6_reacher_06f31f0ed66595d668f795d6,REFIT_103201,R4_ALT_CEM_1,1,24,1,False,/workspace/r8/m5/formal/FORMAL/R4_ALT_CEM_1/R6_reacher_06f31f0ed66595d668f795d6/REFIT_103201/FULL_HISTORY/result.json,1,1
R6_reacher_06f31f0ed66595d668f795d6,REFIT_103202,R4_ALT_CEM_1,1,23,1,False,/workspace/r8/m5/formal/FORMAL/R4_ALT_CEM_1/R6_reacher_06f31f0ed66595d668f795d6/REFIT_103202/FULL_HISTORY/result.json,1,1
R6_reacher_06f31f0ed66595d668f795d6,REFIT_103203,R4_ALT_CEM_1,1,25,1,False,/workspace/r8/m5/formal/FORMAL/R4_ALT_CEM_1/R6_reacher_06f31f0ed66595d668f795d6/REFIT_103203/FULL_HISTORY/result.json,1,1
R6_reacher_070de37ab215162432f871dc,H0,R4_ALT_CEM_1,1,24,1,False,/workspace/r8/m5/formal/FORMAL/R4_ALT_CEM_1/R6_reacher_070de37ab215162432f871dc/H0/FULL_HISTORY/result.json,1,1
R6_reacher_070de37ab215162432f871dc,REFIT_103201,R4_ALT_CEM_1,1,24,1,False,/workspace/r8/m5/formal/FORMAL/R4_ALT_CEM_1/R6_reacher_070de37ab215162432f871dc/REFIT_103201/FULL_HISTORY/result.json,1,1
R6_reacher_070de37ab215162432f871dc,REFIT_103202,R4_ALT_CEM_1,1,24,1,False,/workspace/r8/m5/formal/FORMAL/R4_ALT_CEM_1/R6_reacher_070de37ab215162432f871dc/REFIT_103202/FULL_HISTORY/result.json,1,1
R6_reacher_070de37ab215162432f871dc,REFIT_103203,R4_ALT_CEM_1,1,23,1,False,/workspace/r8/m5/formal/FORMAL/R4_ALT_CEM_1/R6_reacher_070de37ab215162432f871dc/REFIT_103203/FULL_HISTORY/result.json,0,1
R6_reacher_0744272edb1918e64a7d6dd8,H0,R4_ALT_CEM_1,1,25,1,False,/workspace/r8/m5/formal/FORMAL/R4_ALT_CEM_1/R6_reacher_0744272edb1918e64a7d6dd8/H0/FULL_HISTORY/result.json,0,1
R6_reacher_0744272edb1918e64a7d6dd8,REFIT_103201,R4_ALT_CEM_1,1,24,1,False,/workspace/r8/m5/formal/FORMAL/R4_ALT_CEM_1/R6_reacher_0744272edb1918e64a7d6dd8/REFIT_103201/FULL_HISTORY/result.json,1,1
R6_reacher_0744272edb1918e64a7d6dd8,REFIT_103202,R4_ALT_CEM_1,1,23,1,False,/workspace/r8/m5/formal/FORMAL/R4_ALT_CEM_1/R6_reacher_0744272edb1918e64a7d6dd8/REFIT_103202/FULL_HISTORY/result.json,1,1
R6_reacher_0744272edb1918e64a7d6dd8,REFIT_103203,R4_ALT_CEM_1,1,24,1,False,/workspace/r8/m5/formal/FORMAL/R4_ALT_CEM_1/R6_reacher_0744272edb1918e64a7d6dd8/REFIT_103203/FULL_HISTORY/result.json,1,1
R6_reacher_0744863efce22b67c52bbf37,H0,R4_ALT_CEM_1,1,24,1,False,/workspace/r8/m5/formal/FORMAL/R4_ALT_CEM_1/R6_reacher_0744863efce22b67c52bbf37/H0/FULL_HISTORY/result.json,1,1
R6_reacher_0744863efce22b67c52bbf37,REFIT_103201,R4_ALT_CEM_1,1,24,1,False,/workspace/r8/m5/formal/FORMAL/R4_ALT_CEM_1/R6_reacher_0744863efce22b67c52bbf37/REFIT_103201/FULL_HISTORY/result.json,1,1
R6_reacher_0744863efce22b67c52bbf37,REFIT_103202,R4_ALT_CEM_1,1,25,1,False,/workspace/r8/m5/formal/FORMAL/R4_ALT_CEM_1/R6_reacher_0744863efce22b67c52bbf37/REFIT_103202/FULL_HISTORY/result.json,1,1
R6_reacher_0744863efce22b67c52bbf37,REFIT_103203,R4_ALT_CEM_1,1,24,1,False,/workspace/r8/m5/formal/FORMAL/R4_ALT_CEM_1/R6_reacher_0744863efce22b67c52bbf37/REFIT_103203/FULL_HISTORY/result.json,1,1
R6_reacher_0754fb7426df7476a90bdba4,H0,R4_ALT_CEM_1,1,23,1,False,/workspace/r8/m5/formal/FORMAL/R4_ALT_CEM_1/R6_reacher_0754fb7426df7476a90bdba4/H0/FULL_HISTORY/result.json,1,1
R6_reacher_0754fb7426df7476a90bdba4,REFIT_103201,R4_ALT_CEM_1,1,25,1,False,/workspace/r8/m5/formal/FORMAL/R4_ALT_CEM_1/R6_reacher_0754fb7426df7476a90bdba4/REFIT_103201/FULL_HISTORY/result.json,1,1
R6_reacher_0754fb7426df7476a90bdba4,REFIT_103202,R4_ALT_CEM_1,1,25,1,False,/workspace/r8/m5/formal/FORMAL/R4_ALT_CEM_1/R6_reacher_0754fb7426df7476a90bdba4/REFIT_103202/FULL_HISTORY/result.json,1,1
R6_reacher_0754fb7426df7476a90bdba4,REFIT_103203,R4_ALT_CEM_1,1,25,1,False,/workspace/r8/m5/formal/FORMAL/R4_ALT_CEM_1/R6_reacher_0754fb7426df7476a90bdba4/REFIT_103203/FULL_HISTORY/result.json,1,1
R6_reacher_07a0ab05518d2f71e8a802de,H0,R4_ALT_CEM_1,1,25,1,False,/workspace/r8/m5/formal/FORMAL/R4_ALT_CEM_1/R6_reacher_07a0ab05518d2f71e8a802de/H0/FULL_HISTORY/result.json,1,1
R6_reacher_07a0ab05518d2f71e8a802de,REFIT_103201,R4_ALT_CEM_1,1,25,1,False,/workspace/r8/m5/formal/FORMAL/R4_ALT_CEM_1/R6_reacher_07a0ab05518d2f71e8a802de/REFIT_103201/FULL_HISTORY/result.json,1,1
R6_reacher_07a0ab05518d2f71e8a802de,REFIT_103202,R4_ALT_CEM_1,1,25,1,False,/workspace/r8/m5/formal/FORMAL/R4_ALT_CEM_1/R6_reacher_07a0ab05518d2f71e8a802de/REFIT_103202/FULL_HISTORY/result.json,1,1
R6_reacher_07a0ab05518d2f71e8a802de,REFIT_103203,R4_ALT_CEM_1,1,25,1,False,/workspace/r8/m5/formal/FORMAL/R4_ALT_CEM_1/R6_reacher_07a0ab05518d2f71e8a802de/REFIT_103203/FULL_HISTORY/result.json,0,1
R6_reacher_07a6dc2136798f840125ba56,H0,R4_ALT_CEM_1,1,25,1,False,/workspace/r8/m5/formal/FORMAL/R4_ALT_CEM_1/R6_reacher_07a6dc2136798f840125ba56/H0/FULL_HISTORY/result.json,1,1
R6_reacher_07a6dc2136798f840125ba56,REFIT_103201,R4_ALT_CEM_1,1,2,1,False,/workspace/r8/m5/formal/FORMAL/R4_ALT_CEM_1/R6_reacher_07a6dc2136798f840125ba56/REFIT_103201/FULL_HISTORY/result.json,1,1
R6_reacher_07a6dc2136798f840125ba56,REFIT_103202,R4_ALT_CEM_1,1,1,1,False,/workspace/r8/m5/formal/FORMAL/R4_ALT_CEM_1/R6_reacher_07a6dc2136798f840125ba56/REFIT_103202/FULL_HISTORY/result.json,1,1
R6_reacher_07a6dc2136798f840125ba56,REFIT_103203,R4_ALT_CEM_1,1,1,1,False,/workspace/r8/m5/formal/FORMAL/R4_ALT_CEM_1/R6_reacher_07a6dc2136798f840125ba56/REFIT_103203/FULL_HISTORY/result.json,1,1
R6_reacher_07d217105efcc8943612bd1b,H0,R4_ALT_CEM_1,1,22,1,False,/workspace/r8/m5/formal/FORMAL/R4_ALT_CEM_1/R6_reacher_07d217105efcc8943612bd1b/H0/FULL_HISTORY/result.json,1,1
R6_reacher_07d217105efcc8943612bd1b,REFIT_103201,R4_ALT_CEM_1,1,23,1,False,/workspace/r8/m5/formal/FORMAL/R4_ALT_CEM_1/R6_reacher_07d217105efcc8943612bd1b/REFIT_103201/FULL_HISTORY/result.json,1,1
R6_reacher_07d217105efcc8943612bd1b,REFIT_103202,R4_ALT_CEM_1,1,25,1,False,/workspace/r8/m5/formal/FORMAL/R4_ALT_CEM_1/R6_reacher_07d217105efcc8943612bd1b/REFIT_103202/FULL_HISTORY/result.json,1,1
R6_reacher_07d217105efcc8943612bd1b,REFIT_103203,R4_ALT_CEM_1,1,24,1,False,/workspace/r8/m5/formal/FORMAL/R4_ALT_CEM_1/R6_reacher_07d217105efcc8943612bd1b/REFIT_103203/FULL_HISTORY/result.json,1,1
R6_reacher_07d8ede95622d173c866dc15,H0,R4_ALT_CEM_1,1,17,1,False,/workspace/r8/m5/formal/FORMAL/R4_ALT_CEM_1/R6_reacher_07d8ede95622d173c866dc15/H0/FULL_HISTORY/result.json,1,1
R6_reacher_07d8ede95622d173c866dc15,REFIT_103201,R4_ALT_CEM_1,0,50,2,True,/workspace/r8/m5/formal/FORMAL/R4_ALT_CEM_1/R6_reacher_07d8ede95622d173c866dc15/REFIT_103201/FULL_HISTORY/result.json,1,1
R6_reacher_07d8ede95622d173c866dc15,REFIT_103202,R4_ALT_CEM_1,1,25,1,False,/workspace/r8/m5/formal/FORMAL/R4_ALT_CEM_1/R6_reacher_07d8ede95622d173c866dc15/REFIT_103202/FULL_HISTORY/result.json,1,1
R6_reacher_07d8ede95622d173c866dc15,REFIT_103203,R4_ALT_CEM_1,1,25,1,False,/workspace/r8/m5/formal/FORMAL/R4_ALT_CEM_1/R6_reacher_07d8ede95622d173c866dc15/REFIT_103203/FULL_HISTORY/result.json,0,1
R6_reacher_07f453cb26b9a6852312cfaf,H0,R4_ALT_CEM_1,1,24,1,False,/workspace/r8/m5/formal/FORMAL/R4_ALT_CEM_1/R6_reacher_07f453cb26b9a6852312cfaf/H0/FULL_HISTORY/result.json,1,1
R6_reacher_07f453cb26b9a6852312cfaf,REFIT_103201,R4_ALT_CEM_1,1,24,1,False,/workspace/r8/m5/formal/FORMAL/R4_ALT_CEM_1/R6_reacher_07f453cb26b9a6852312cfaf/REFIT_103201/FULL_HISTORY/result.json,1,1
R6_reacher_07f453cb26b9a6852312cfaf,REFIT_103202,R4_ALT_CEM_1,1,24,1,False,/workspace/r8/m5/formal/FORMAL/R4_ALT_CEM_1/R6_reacher_07f453cb26b9a6852312cfaf/REFIT_103202/FULL_HISTORY/result.json,1,1
R6_reacher_07f453cb26b9a6852312cfaf,REFIT_103203,R4_ALT_CEM_1,1,24,1,False,/workspace/r8/m5/formal/FORMAL/R4_ALT_CEM_1/R6_reacher_07f453cb26b9a6852312cfaf/REFIT_103203/FULL_HISTORY/result.json,1,1
R6_reacher_0836c96bfa0e02e08d4dc536,H0,R4_ALT_CEM_1,1,24,1,False,/workspace/r8/m5/formal/FORMAL/R4_ALT_CEM_1/R6_reacher_0836c96bfa0e02e08d4dc536/H0/FULL_HISTORY/result.json,1,1
R6_reacher_0836c96bfa0e02e08d4dc536,REFIT_103201,R4_ALT_CEM_1,1,24,1,False,/workspace/r8/m5/formal/FORMAL/R4_ALT_CEM_1/R6_reacher_0836c96bfa0e02e08d4dc536/REFIT_103201/FULL_HISTORY/result.json,1,1
R6_reacher_0836c96bfa0e02e08d4dc536,REFIT_103202,R4_ALT_CEM_1,1,25,1,False,/workspace/r8/m5/formal/FORMAL/R4_ALT_CEM_1/R6_reacher_0836c96bfa0e02e08d4dc536/REFIT_103202/FULL_HISTORY/result.json,1,1
R6_reacher_0836c96bfa0e02e08d4dc536,REFIT_103203,R4_ALT_CEM_1,1,25,1,False,/workspace/r8/m5/formal/FORMAL/R4_ALT_CEM_1/R6_reacher_0836c96bfa0e02e08d4dc536/REFIT_103203/FULL_HISTORY/result.json,1,1
R6_reacher_0859eef19809752e9afbb84a,H0,R4_ALT_CEM_1,1,25,1,False,/workspace/r8/m5/formal/FORMAL/R4_ALT_CEM_1/R6_reacher_0859eef19809752e9afbb84a/H0/FULL_HISTORY/result.json,1,1
R6_reacher_0859eef19809752e9afbb84a,REFIT_103201,R4_ALT_CEM_1,1,25,1,False,/workspace/r8/m5/formal/FORMAL/R4_ALT_CEM_1/R6_reacher_0859eef19809752e9afbb84a/REFIT_103201/FULL_HISTORY/result.json,1,1
R6_reacher_0859eef19809752e9afbb84a,REFIT_103202,R4_ALT_CEM_1,1,24,1,False,/workspace/r8/m5/formal/FORMAL/R4_ALT_CEM_1/R6_reacher_0859eef19809752e9afbb84a/REFIT_103202/FULL_HISTORY/result.json,0,1
R6_reacher_0859eef19809752e9afbb84a,REFIT_103203,R4_ALT_CEM_1,1,23,1,False,/workspace/r8/m5/formal/FORMAL/R4_ALT_CEM_1/R6_reacher_0859eef19809752e9afbb84a/REFIT_103203/FULL_HISTORY/result.json,1,1
R6_reacher_0877b94c4c4ad9e7428aeeea,H0,R4_ALT_CEM_1,1,21,1,False,/workspace/r8/m5/formal/FORMAL/R4_ALT_CEM_1/R6_reacher_0877b94c4c4ad9e7428aeeea/H0/FULL_HISTORY/result.json,1,1
R6_reacher_0877b94c4c4ad9e7428aeeea,REFIT_103201,R4_ALT_CEM_1,1,25,1,False,/workspace/r8/m5/formal/FORMAL/R4_ALT_CEM_1/R6_reacher_0877b94c4c4ad9e7428aeeea/REFIT_103201/FULL_HISTORY/result.json,1,1
R6_reacher_0877b94c4c4ad9e7428aeeea,REFIT_103202,R4_ALT_CEM_1,1,24,1,False,/workspace/r8/m5/formal/FORMAL/R4_ALT_CEM_1/R6_reacher_0877b94c4c4ad9e7428aeeea/REFIT_103202/FULL_HISTORY/result.json,0,1
R6_reacher_0877b94c4c4ad9e7428aeeea,REFIT_103203,R4_ALT_CEM_1,1,24,1,False,/workspace/r8/m5/formal/FORMAL/R4_ALT_CEM_1/R6_reacher_0877b94c4c4ad9e7428aeeea/REFIT_103203/FULL_HISTORY/result.json,1,1
R6_reacher_08adec0f89aa2befc53c51f6,H0,R4_ALT_CEM_1,1,25,1,False,/workspace/r8/m5/formal/FORMAL/R4_ALT_CEM_1/R6_reacher_08adec0f89aa2befc53c51f6/H0/FULL_HISTORY/result.json,1,1
R6_reacher_08adec0f89aa2befc53c51f6,REFIT_103201,R4_ALT_CEM_1,1,25,1,False,/workspace/r8/m5/formal/FORMAL/R4_ALT_CEM_1/R6_reacher_08adec0f89aa2befc53c51f6/REFIT_103201/FULL_HISTORY/result.json,1,1
R6_reacher_08adec0f89aa2befc53c51f6,REFIT_103202,R4_ALT_CEM_1,1,25,1,False,/workspace/r8/m5/formal/FORMAL/R4_ALT_CEM_1/R6_reacher_08adec0f89aa2befc53c51f6/REFIT_103202/FULL_HISTORY/result.json,1,1
R6_reacher_08adec0f89aa2befc53c51f6,REFIT_103203,R4_ALT_CEM_1,1,25,1,False,/workspace/r8/m5/formal/FORMAL/R4_ALT_CEM_1/R6_reacher_08adec0f89aa2befc53c51f6/REFIT_103203/FULL_HISTORY/result.json,1,1
R6_reacher_08e2de8457d9e13b5d9c4a01,H0,R4_ALT_CEM_1,1,25,1,False,/workspace/r8/m5/formal/FORMAL/R4_ALT_CEM_1/R6_reacher_08e2de8457d9e13b5d9c4a01/H0/FULL_HISTORY/result.json,1,1
R6_reacher_08e2de8457d9e13b5d9c4a01,REFIT_103201,R4_ALT_CEM_1,1,25,1,False,/workspace/r8/m5/formal/FORMAL/R4_ALT_CEM_1/R6_reacher_08e2de8457d9e13b5d9c4a01/REFIT_103201/FULL_HISTORY/result.json,1,1
R6_reacher_08e2de8457d9e13b5d9c4a01,REFIT_103202,R4_ALT_CEM_1,1,23,1,False,/workspace/r8/m5/formal/FORMAL/R4_ALT_CEM_1/R6_reacher_08e2de8457d9e13b5d9c4a01/REFIT_103202/FULL_HISTORY/result.json,1,1
R6_reacher_08e2de8457d9e13b5d9c4a01,REFIT_103203,R4_ALT_CEM_1,1,23,1,False,/workspace/r8/m5/formal/FORMAL/R4_ALT_CEM_1/R6_reacher_08e2de8457d9e13b5d9c4a01/REFIT_103203/FULL_HISTORY/result.json,1,1
R6_reacher_08e532e2e16e5aa68e92e603,H0,R4_ALT_CEM_1,1,9,1,False,/workspace/r8/m5/formal/FORMAL/R4_ALT_CEM_1/R6_reacher_08e532e2e16e5aa68e92e603/H0/FULL_HISTORY/result.json,1,1
R6_reacher_08e532e2e16e5aa68e92e603,REFIT_103201,R4_ALT_CEM_1,1,9,1,False,/workspace/r8/m5/formal/FORMAL/R4_ALT_CEM_1/R6_reacher_08e532e2e16e5aa68e92e603/REFIT_103201/FULL_HISTORY/result.json,1,1
R6_reacher_08e532e2e16e5aa68e92e603,REFIT_103202,R4_ALT_CEM_1,1,25,1,False,/workspace/r8/m5/formal/FORMAL/R4_ALT_CEM_1/R6_reacher_08e532e2e16e5aa68e92e603/REFIT_103202/FULL_HISTORY/result.json,1,1
R6_reacher_08e532e2e16e5aa68e92e603,REFIT_103203,R4_ALT_CEM_1,1,10,1,False,/workspace/r8/m5/formal/FORMAL/R4_ALT_CEM_1/R6_reacher_08e532e2e16e5aa68e92e603/REFIT_103203/FULL_HISTORY/result.json,1,1
R6_reacher_08ea3c55a7fb98416d5450bc,H0,R4_ALT_CEM_1,1,33,2,True,/workspace/r8/m5/formal/FORMAL/R4_ALT_CEM_1/R6_reacher_08ea3c55a7fb98416d5450bc/H0/FULL_HISTORY/result.json,0,1
R6_reacher_08ea3c55a7fb98416d5450bc,REFIT_103201,R4_ALT_CEM_1,1,25,1,False,/workspace/r8/m5/formal/FORMAL/R4_ALT_CEM_1/R6_reacher_08ea3c55a7fb98416d5450bc/REFIT_103201/FULL_HISTORY/result.json,1,1
R6_reacher_08ea3c55a7fb98416d5450bc,REFIT_103202,R4_ALT_CEM_1,1,24,1,False,/workspace/r8/m5/formal/FORMAL/R4_ALT_CEM_1/R6_reacher_08ea3c55a7fb98416d5450bc/REFIT_103202/FULL_HISTORY/result.json,1,1
R6_reacher_08ea3c55a7fb98416d5450bc,REFIT_103203,R4_ALT_CEM_1,1,25,1,False,/workspace/r8/m5/formal/FORMAL/R4_ALT_CEM_1/R6_reacher_08ea3c55a7fb98416d5450bc/REFIT_103203/FULL_HISTORY/result.json,1,0
R6_reacher_08edd6141fcf2cc487e96efd,H0,R4_ALT_CEM_1,1,47,2,True,/workspace/r8/m5/formal/FORMAL/R4_ALT_CEM_1/R6_reacher_08edd6141fcf2cc487e96efd/H0/FULL_HISTORY/result.json,1,1
R6_reacher_08edd6141fcf2cc487e96efd,REFIT_103201,R4_ALT_CEM_1,1,22,1,False,/workspace/r8/m5/formal/FORMAL/R4_ALT_CEM_1/R6_reacher_08edd6141fcf2cc487e96efd/REFIT_103201/FULL_HISTORY/result.json,1,1
R6_reacher_08edd6141fcf2cc487e96efd,REFIT_103202,R4_ALT_CEM_1,1,21,1,False,/workspace/r8/m5/formal/FORMAL/R4_ALT_CEM_1/R6_reacher_08edd6141fcf2cc487e96efd/REFIT_103202/FULL_HISTORY/result.json,1,1
R6_reacher_08edd6141fcf2cc487e96efd,REFIT_103203,R4_ALT_CEM_1,1,20,1,False,/workspace/r8/m5/formal/FORMAL/R4_ALT_CEM_1/R6_reacher_08edd6141fcf2cc487e96efd/REFIT_103203/FULL_HISTORY/result.json,1,1
R6_reacher_090e387544f3b641157cea56,H0,R4_ALT_CEM_1,0,50,2,True,/workspace/r8/m5/formal/FORMAL/R4_ALT_CEM_1/R6_reacher_090e387544f3b641157cea56/H0/FULL_HISTORY/result.json,0,1
R6_reacher_090e387544f3b641157cea56,REFIT_103201,R4_ALT_CEM_1,1,26,2,True,/workspace/r8/m5/formal/FORMAL/R4_ALT_CEM_1/R6_reacher_090e387544f3b641157cea56/REFIT_103201/FULL_HISTORY/result.json,0,1
R6_reacher_090e387544f3b641157cea56,REFIT_103202,R4_ALT_CEM_1,1,26,2,True,/workspace/r8/m5/formal/FORMAL/R4_ALT_CEM_1/R6_reacher_090e387544f3b641157cea56/REFIT_103202/FULL_HISTORY/result.json,0,1
R6_reacher_090e387544f3b641157cea56,REFIT_103203,R4_ALT_CEM_1,1,26,2,True,/workspace/r8/m5/formal/FORMAL/R4_ALT_CEM_1/R6_reacher_090e387544f3b641157cea56/REFIT_103203/FULL_HISTORY/result.json,0,0
R6_reacher_09129778869b8933020399b8,H0,R4_ALT_CEM_1,0,50,2,True,/workspace/r8/m5/formal/FORMAL/R4_ALT_CEM_1/R6_reacher_09129778869b8933020399b8/H0/FULL_HISTORY/result.json,1,1
R6_reacher_09129778869b8933020399b8,REFIT_103201,R4_ALT_CEM_1,0,50,2,True,/workspace/r8/m5/formal/FORMAL/R4_ALT_CEM_1/R6_reacher_09129778869b8933020399b8/REFIT_103201/FULL_HISTORY/result.json,1,1
R6_reacher_09129778869b8933020399b8,REFIT_103202,R4_ALT_CEM_1,1,25,1,False,/workspace/r8/m5/formal/FORMAL/R4_ALT_CEM_1/R6_reacher_09129778869b8933020399b8/REFIT_103202/FULL_HISTORY/result.json,1,1
R6_reacher_09129778869b8933020399b8,REFIT_103203,R4_ALT_CEM_1,0,50,2,True,/workspace/r8/m5/formal/FORMAL/R4_ALT_CEM_1/R6_reacher_09129778869b8933020399b8/REFIT_103203/FULL_HISTORY/result.json,1,1
R6_reacher_092eb479cf3e133d57041497,H0,R4_ALT_CEM_1,1,22,1,False,/workspace/r8/m5/formal/FORMAL/R4_ALT_CEM_1/R6_reacher_092eb479cf3e133d57041497/H0/FULL_HISTORY/result.json,1,1
R6_reacher_092eb479cf3e133d57041497,REFIT_103201,R4_ALT_CEM_1,1,25,1,False,/workspace/r8/m5/formal/FORMAL/R4_ALT_CEM_1/R6_reacher_092eb479cf3e133d57041497/REFIT_103201/FULL_HISTORY/result.json,0,1
R6_reacher_092eb479cf3e133d57041497,REFIT_103202,R4_ALT_CEM_1,1,18,1,False,/workspace/r8/m5/formal/FORMAL/R4_ALT_CEM_1/R6_reacher_092eb479cf3e133d57041497/REFIT_103202/FULL_HISTORY/result.json,1,1
R6_reacher_092eb479cf3e133d57041497,REFIT_103203,R4_ALT_CEM_1,1,25,1,False,/workspace/r8/m5/formal/FORMAL/R4_ALT_CEM_1/R6_reacher_092eb479cf3e133d57041497/REFIT_103203/FULL_HISTORY/result.json,1,1
R6_reacher_0958072154ac56b71d457e80,H0,R4_ALT_CEM_1,1,23,1,False,/workspace/r8/m5/formal/FORMAL/R4_ALT_CEM_1/R6_reacher_0958072154ac56b71d457e80/H0/FULL_HISTORY/result.json,1,1
R6_reacher_0958072154ac56b71d457e80,REFIT_103201,R4_ALT_CEM_1,1,24,1,False,/workspace/r8/m5/formal/FORMAL/R4_ALT_CEM_1/R6_reacher_0958072154ac56b71d457e80/REFIT_103201/FULL_HISTORY/result.json,1,1
R6_reacher_0958072154ac56b71d457e80,REFIT_103202,R4_ALT_CEM_1,1,25,1,False,/workspace/r8/m5/formal/FORMAL/R4_ALT_CEM_1/R6_reacher_0958072154ac56b71d457e80/REFIT_103202/FULL_HISTORY/result.json,1,1
R6_reacher_0958072154ac56b71d457e80,REFIT_103203,R4_ALT_CEM_1,1,19,1,False,/workspace/r8/m5/formal/FORMAL/R4_ALT_CEM_1/R6_reacher_0958072154ac56b71d457e80/REFIT_103203/FULL_HISTORY/result.json,1,1
R6_reacher_0965dc9d288d1769d4d29d4a,H0,R4_ALT_CEM_1,1,25,1,False,/workspace/r8/m5/formal/FORMAL/R4_ALT_CEM_1/R6_reacher_0965dc9d288d1769d4d29d4a/H0/FULL_HISTORY/result.json,1,1
R6_reacher_0965dc9d288d1769d4d29d4a,REFIT_103201,R4_ALT_CEM_1,1,24,1,False,/workspace/r8/m5/formal/FORMAL/R4_ALT_CEM_1/R6_reacher_0965dc9d288d1769d4d29d4a/REFIT_103201/FULL_HISTORY/result.json,0,1
R6_reacher_0965dc9d288d1769d4d29d4a,REFIT_103202,R4_ALT_CEM_1,1,24,1,False,/workspace/r8/m5/formal/FORMAL/R4_ALT_CEM_1/R6_reacher_0965dc9d288d1769d4d29d4a/REFIT_103202/FULL_HISTORY/result.json,1,1
R6_reacher_0965dc9d288d1769d4d29d4a,REFIT_103203,R4_ALT_CEM_1,1,24,1,False,/workspace/r8/m5/formal/FORMAL/R4_ALT_CEM_1/R6_reacher_0965dc9d288d1769d4d29d4a/REFIT_103203/FULL_HISTORY/result.json,1,1
R6_reacher_096c43e05c7b22dbd8c24748,H0,R4_ALT_CEM_1,1,22,1,False,/workspace/r8/m5/formal/FORMAL/R4_ALT_CEM_1/R6_reacher_096c43e05c7b22dbd8c24748/H0/FULL_HISTORY/result.json,1,1
R6_reacher_096c43e05c7b22dbd8c24748,REFIT_103201,R4_ALT_CEM_1,1,25,1,False,/workspace/r8/m5/formal/FORMAL/R4_ALT_CEM_1/R6_reacher_096c43e05c7b22dbd8c24748/REFIT_103201/FULL_HISTORY/result.json,1,1
R6_reacher_096c43e05c7b22dbd8c24748,REFIT_103202,R4_ALT_CEM_1,1,25,1,False,/workspace/r8/m5/formal/FORMAL/R4_ALT_CEM_1/R6_reacher_096c43e05c7b22dbd8c24748/REFIT_103202/FULL_HISTORY/result.json,1,1
R6_reacher_096c43e05c7b22dbd8c24748,REFIT_103203,R4_ALT_CEM_1,1,24,1,False,/workspace/r8/m5/formal/FORMAL/R4_ALT_CEM_1/R6_reacher_096c43e05c7b22dbd8c24748/REFIT_103203/FULL_HISTORY/result.json,1,1
R6_reacher_09a47a8bb70067f36643bc00,H0,R4_ALT_CEM_1,1,15,1,False,/workspace/r8/m5/formal/FORMAL/R4_ALT_CEM_1/R6_reacher_09a47a8bb70067f36643bc00/H0/FULL_HISTORY/result.json,1,1
R6_reacher_09a47a8bb70067f36643bc00,REFIT_103201,R4_ALT_CEM_1,1,23,1,False,/workspace/r8/m5/formal/FORMAL/R4_ALT_CEM_1/R6_reacher_09a47a8bb70067f36643bc00/REFIT_103201/FULL_HISTORY/result.json,1,1
R6_reacher_09a47a8bb70067f36643bc00,REFIT_103202,R4_ALT_CEM_1,1,19,1,False,/workspace/r8/m5/formal/FORMAL/R4_ALT_CEM_1/R6_reacher_09a47a8bb70067f36643bc00/REFIT_103202/FULL_HISTORY/result.json,1,1
R6_reacher_09a47a8bb70067f36643bc00,REFIT_103203,R4_ALT_CEM_1,1,22,1,False,/workspace/r8/m5/formal/FORMAL/R4_ALT_CEM_1/R6_reacher_09a47a8bb70067f36643bc00/REFIT_103203/FULL_HISTORY/result.json,1,1
R6_reacher_09b6d2b9f5e37ac12c42b2de,H0,R4_ALT_CEM_1,0,50,2,True,/workspace/r8/m5/formal/FORMAL/R4_ALT_CEM_1/R6_reacher_09b6d2b9f5e37ac12c42b2de/H0/FULL_HISTORY/result.json,1,1
R6_reacher_09b6d2b9f5e37ac12c42b2de,REFIT_103201,R4_ALT_CEM_1,1,25,1,False,/workspace/r8/m5/formal/FORMAL/R4_ALT_CEM_1/R6_reacher_09b6d2b9f5e37ac12c42b2de/REFIT_103201/FULL_HISTORY/result.json,1,1
R6_reacher_09b6d2b9f5e37ac12c42b2de,REFIT_103202,R4_ALT_CEM_1,1,26,2,True,/workspace/r8/m5/formal/FORMAL/R4_ALT_CEM_1/R6_reacher_09b6d2b9f5e37ac12c42b2de/REFIT_103202/FULL_HISTORY/result.json,1,1
R6_reacher_09b6d2b9f5e37ac12c42b2de,REFIT_103203,R4_ALT_CEM_1,1,26,2,True,/workspace/r8/m5/formal/FORMAL/R4_ALT_CEM_1/R6_reacher_09b6d2b9f5e37ac12c42b2de/REFIT_103203/FULL_HISTORY/result.json,1,1
R6_reacher_09cac336578dc22db2b55aa2,H0,R4_ALT_CEM_1,1,25,1,False,/workspace/r8/m5/formal/FORMAL/R4_ALT_CEM_1/R6_reacher_09cac336578dc22db2b55aa2/H0/FULL_HISTORY/result.json,1,1
R6_reacher_09cac336578dc22db2b55aa2,REFIT_103201,R4_ALT_CEM_1,1,25,1,False,/workspace/r8/m5/formal/FORMAL/R4_ALT_CEM_1/R6_reacher_09cac336578dc22db2b55aa2/REFIT_103201/FULL_HISTORY/result.json,1,1
R6_reacher_09cac336578dc22db2b55aa2,REFIT_103202,R4_ALT_CEM_1,1,24,1,False,/workspace/r8/m5/formal/FORMAL/R4_ALT_CEM_1/R6_reacher_09cac336578dc22db2b55aa2/REFIT_103202/FULL_HISTORY/result.json,0,1
R6_reacher_09cac336578dc22db2b55aa2,REFIT_103203,R4_ALT_CEM_1,1,23,1,False,/workspace/r8/m5/formal/FORMAL/R4_ALT_CEM_1/R6_reacher_09cac336578dc22db2b55aa2/REFIT_103203/FULL_HISTORY/result.json,0,1
R6_reacher_0a1c76cdd10dec44fa26825d,H0,R4_ALT_CEM_1,1,23,1,False,/workspace/r8/m5/formal/FORMAL/R4_ALT_CEM_1/R6_reacher_0a1c76cdd10dec44fa26825d/H0/FULL_HISTORY/result.json,0,0
R6_reacher_0a1c76cdd10dec44fa26825d,REFIT_103201,R4_ALT_CEM_1,1,23,1,False,/workspace/r8/m5/formal/FORMAL/R4_ALT_CEM_1/R6_reacher_0a1c76cdd10dec44fa26825d/REFIT_103201/FULL_HISTORY/result.json,1,1
R6_reacher_0a1c76cdd10dec44fa26825d,REFIT_103202,R4_ALT_CEM_1,1,25,1,False,/workspace/r8/m5/formal/FORMAL/R4_ALT_CEM_1/R6_reacher_0a1c76cdd10dec44fa26825d/REFIT_103202/FULL_HISTORY/result.json,1,1
R6_reacher_0a1c76cdd10dec44fa26825d,REFIT_103203,R4_ALT_CEM_1,1,22,1,False,/workspace/r8/m5/formal/FORMAL/R4_ALT_CEM_1/R6_reacher_0a1c76cdd10dec44fa26825d/REFIT_103203/FULL_HISTORY/result.json,1,1
R6_reacher_0a3276eb5547ed96f16b50c5,H0,R4_ALT_CEM_1,1,24,1,False,/workspace/r8/m5/formal/FORMAL/R4_ALT_CEM_1/R6_reacher_0a3276eb5547ed96f16b50c5/H0/FULL_HISTORY/result.json,1,1
R6_reacher_0a3276eb5547ed96f16b50c5,REFIT_103201,R4_ALT_CEM_1,1,24,1,False,/workspace/r8/m5/formal/FORMAL/R4_ALT_CEM_1/R6_reacher_0a3276eb5547ed96f16b50c5/REFIT_103201/FULL_HISTORY/result.json,1,1
R6_reacher_0a3276eb5547ed96f16b50c5,REFIT_103202,R4_ALT_CEM_1,1,22,1,False,/workspace/r8/m5/formal/FORMAL/R4_ALT_CEM_1/R6_reacher_0a3276eb5547ed96f16b50c5/REFIT_103202/FULL_HISTORY/result.json,1,1
R6_reacher_0a3276eb5547ed96f16b50c5,REFIT_103203,R4_ALT_CEM_1,1,24,1,False,/workspace/r8/m5/formal/FORMAL/R4_ALT_CEM_1/R6_reacher_0a3276eb5547ed96f16b50c5/REFIT_103203/FULL_HISTORY/result.json,1,1
R6_reacher_0a34e5a0c99702c6891be14b,H0,R4_ALT_CEM_1,1,24,1,False,/workspace/r8/m5/formal/FORMAL/R4_ALT_CEM_1/R6_reacher_0a34e5a0c99702c6891be14b/H0/FULL_HISTORY/result.json,1,1
R6_reacher_0a34e5a0c99702c6891be14b,REFIT_103201,R4_ALT_CEM_1,1,24,1,False,/workspace/r8/m5/formal/FORMAL/R4_ALT_CEM_1/R6_reacher_0a34e5a0c99702c6891be14b/REFIT_103201/FULL_HISTORY/result.json,1,1
R6_reacher_0a34e5a0c99702c6891be14b,REFIT_103202,R4_ALT_CEM_1,1,24,1,False,/workspace/r8/m5/formal/FORMAL/R4_ALT_CEM_1/R6_reacher_0a34e5a0c99702c6891be14b/REFIT_103202/FULL_HISTORY/result.json,1,1
R6_reacher_0a34e5a0c99702c6891be14b,REFIT_103203,R4_ALT_CEM_1,1,24,1,False,/workspace/r8/m5/formal/FORMAL/R4_ALT_CEM_1/R6_reacher_0a34e5a0c99702c6891be14b/REFIT_103203/FULL_HISTORY/result.json,1,1
R6_reacher_0a592ca5f4b1f51d4a757a50,H0,R4_ALT_CEM_1,1,23,1,False,/workspace/r8/m5/formal/FORMAL/R4_ALT_CEM_1/R6_reacher_0a592ca5f4b1f51d4a757a50/H0/FULL_HISTORY/result.json,0,1
R6_reacher_0a592ca5f4b1f51d4a757a50,REFIT_103201,R4_ALT_CEM_1,1,25,1,False,/workspace/r8/m5/formal/FORMAL/R4_ALT_CEM_1/R6_reacher_0a592ca5f4b1f51d4a757a50/REFIT_103201/FULL_HISTORY/result.json,1,1
R6_reacher_0a592ca5f4b1f51d4a757a50,REFIT_103202,R4_ALT_CEM_1,1,25,1,False,/workspace/r8/m5/formal/FORMAL/R4_ALT_CEM_1/R6_reacher_0a592ca5f4b1f51d4a757a50/REFIT_103202/FULL_HISTORY/result.json,1,1
R6_reacher_0a592ca5f4b1f51d4a757a50,REFIT_103203,R4_ALT_CEM_1,1,25,1,False,/workspace/r8/m5/formal/FORMAL/R4_ALT_CEM_1/R6_reacher_0a592ca5f4b1f51d4a757a50/REFIT_103203/FULL_HISTORY/result.json,1,1
R6_reacher_0a67eaaa889aba7173dd8b5e,H0,R4_ALT_CEM_1,1,20,1,False,/workspace/r8/m5/formal/FORMAL/R4_ALT_CEM_1/R6_reacher_0a67eaaa889aba7173dd8b5e/H0/FULL_HISTORY/result.json,1,1
R6_reacher_0a67eaaa889aba7173dd8b5e,REFIT_103201,R4_ALT_CEM_1,1,21,1,False,/workspace/r8/m5/formal/FORMAL/R4_ALT_CEM_1/R6_reacher_0a67eaaa889aba7173dd8b5e/REFIT_103201/FULL_HISTORY/result.json,0,1
R6_reacher_0a67eaaa889aba7173dd8b5e,REFIT_103202,R4_ALT_CEM_1,1,21,1,False,/workspace/r8/m5/formal/FORMAL/R4_ALT_CEM_1/R6_reacher_0a67eaaa889aba7173dd8b5e/REFIT_103202/FULL_HISTORY/result.json,1,1
R6_reacher_0a67eaaa889aba7173dd8b5e,REFIT_103203,R4_ALT_CEM_1,1,24,1,False,/workspace/r8/m5/formal/FORMAL/R4_ALT_CEM_1/R6_reacher_0a67eaaa889aba7173dd8b5e/REFIT_103203/FULL_HISTORY/result.json,1,1
R6_reacher_0a74deb4b05592118d0fafd9,H0,R4_ALT_CEM_1,1,24,1,False,/workspace/r8/m5/formal/FORMAL/R4_ALT_CEM_1/R6_reacher_0a74deb4b05592118d0fafd9/H0/FULL_HISTORY/result.json,0,1
R6_reacher_0a74deb4b05592118d0fafd9,REFIT_103201,R4_ALT_CEM_1,1,21,1,False,/workspace/r8/m5/formal/FORMAL/R4_ALT_CEM_1/R6_reacher_0a74deb4b05592118d0fafd9/REFIT_103201/FULL_HISTORY/result.json,1,1
R6_reacher_0a74deb4b05592118d0fafd9,REFIT_103202,R4_ALT_CEM_1,1,32,2,True,/workspace/r8/m5/formal/FORMAL/R4_ALT_CEM_1/R6_reacher_0a74deb4b05592118d0fafd9/REFIT_103202/FULL_HISTORY/result.json,1,1
R6_reacher_0a74deb4b05592118d0fafd9,REFIT_103203,R4_ALT_CEM_1,1,23,1,False,/workspace/r8/m5/formal/FORMAL/R4_ALT_CEM_1/R6_reacher_0a74deb4b05592118d0fafd9/REFIT_103203/FULL_HISTORY/result.json,0,1
R6_reacher_0a8ebf9f92e62de330d9759e,H0,R4_ALT_CEM_1,1,25,1,False,/workspace/r8/m5/formal/FORMAL/R4_ALT_CEM_1/R6_reacher_0a8ebf9f92e62de330d9759e/H0/FULL_HISTORY/result.json,0,0
R6_reacher_0a8ebf9f92e62de330d9759e,REFIT_103201,R4_ALT_CEM_1,1,25,1,False,/workspace/r8/m5/formal/FORMAL/R4_ALT_CEM_1/R6_reacher_0a8ebf9f92e62de330d9759e/REFIT_103201/FULL_HISTORY/result.json,0,1
R6_reacher_0a8ebf9f92e62de330d9759e,REFIT_103202,R4_ALT_CEM_1,1,25,1,False,/workspace/r8/m5/formal/FORMAL/R4_ALT_CEM_1/R6_reacher_0a8ebf9f92e62de330d9759e/REFIT_103202/FULL_HISTORY/result.json,1,0
R6_reacher_0a8ebf9f92e62de330d9759e,REFIT_103203,R4_ALT_CEM_1,1,26,2,True,/workspace/r8/m5/formal/FORMAL/R4_ALT_CEM_1/R6_reacher_0a8ebf9f92e62de330d9759e/REFIT_103203/FULL_HISTORY/result.json,0,1
R6_reacher_0ab0d3473481dc3b32839a68,H0,R4_ALT_CEM_1,1,17,1,False,/workspace/r8/m5/formal/FORMAL/R4_ALT_CEM_1/R6_reacher_0ab0d3473481dc3b32839a68/H0/FULL_HISTORY/result.json,0,1
R6_reacher_0ab0d3473481dc3b32839a68,REFIT_103201,R4_ALT_CEM_1,1,32,2,True,/workspace/r8/m5/formal/FORMAL/R4_ALT_CEM_1/R6_reacher_0ab0d3473481dc3b32839a68/REFIT_103201/FULL_HISTORY/result.json,1,1
R6_reacher_0ab0d3473481dc3b32839a68,REFIT_103202,R4_ALT_CEM_1,1,25,1,False,/workspace/r8/m5/formal/FORMAL/R4_ALT_CEM_1/R6_reacher_0ab0d3473481dc3b32839a68/REFIT_103202/FULL_HISTORY/result.json,1,1
R6_reacher_0ab0d3473481dc3b32839a68,REFIT_103203,R4_ALT_CEM_1,1,22,1,False,/workspace/r8/m5/formal/FORMAL/R4_ALT_CEM_1/R6_reacher_0ab0d3473481dc3b32839a68/REFIT_103203/FULL_HISTORY/result.json,1,1
R6_reacher_0abbe32b49558f890c57967a,H0,R4_ALT_CEM_1,1,21,1,False,/workspace/r8/m5/formal/FORMAL/R4_ALT_CEM_1/R6_reacher_0abbe32b49558f890c57967a/H0/FULL_HISTORY/result.json,1,0
R6_reacher_0abbe32b49558f890c57967a,REFIT_103201,R4_ALT_CEM_1,1,24,1,False,/workspace/r8/m5/formal/FORMAL/R4_ALT_CEM_1/R6_reacher_0abbe32b49558f890c57967a/REFIT_103201/FULL_HISTORY/result.json,1,1
R6_reacher_0abbe32b49558f890c57967a,REFIT_103202,R4_ALT_CEM_1,1,24,1,False,/workspace/r8/m5/formal/FORMAL/R4_ALT_CEM_1/R6_reacher_0abbe32b49558f890c57967a/REFIT_103202/FULL_HISTORY/result.json,1,1
R6_reacher_0abbe32b49558f890c57967a,REFIT_103203,R4_ALT_CEM_1,1,24,1,False,/workspace/r8/m5/formal/FORMAL/R4_ALT_CEM_1/R6_reacher_0abbe32b49558f890c57967a/REFIT_103203/FULL_HISTORY/result.json,1,1
R6_reacher_004a2bdf27d8bfceafa73467,H0,R4_ALT_CEM_2,1,23,1,False,/workspace/r8/m5/formal/FORMAL/R4_ALT_CEM_2/R6_reacher_004a2bdf27d8bfceafa73467/H0/FULL_HISTORY/result.json,0,1
R6_reacher_004a2bdf27d8bfceafa73467,REFIT_103201,R4_ALT_CEM_2,1,23,1,False,/workspace/r8/m5/formal/FORMAL/R4_ALT_CEM_2/R6_reacher_004a2bdf27d8bfceafa73467/REFIT_103201/FULL_HISTORY/result.json,1,1
R6_reacher_004a2bdf27d8bfceafa73467,REFIT_103202,R4_ALT_CEM_2,1,23,1,False,/workspace/r8/m5/formal/FORMAL/R4_ALT_CEM_2/R6_reacher_004a2bdf27d8bfceafa73467/REFIT_103202/FULL_HISTORY/result.json,1,1
R6_reacher_004a2bdf27d8bfceafa73467,REFIT_103203,R4_ALT_CEM_2,1,22,1,False,/workspace/r8/m5/formal/FORMAL/R4_ALT_CEM_2/R6_reacher_004a2bdf27d8bfceafa73467/REFIT_103203/FULL_HISTORY/result.json,1,1
R6_reacher_005a9d4fafe8239392288119,H0,R4_ALT_CEM_2,1,25,1,False,/workspace/r8/m5/formal/FORMAL/R4_ALT_CEM_2/R6_reacher_005a9d4fafe8239392288119/H0/FULL_HISTORY/result.json,0,1
R6_reacher_005a9d4fafe8239392288119,REFIT_103201,R4_ALT_CEM_2,1,25,1,False,/workspace/r8/m5/formal/FORMAL/R4_ALT_CEM_2/R6_reacher_005a9d4fafe8239392288119/REFIT_103201/FULL_HISTORY/result.json,0,1
R6_reacher_005a9d4fafe8239392288119,REFIT_103202,R4_ALT_CEM_2,1,25,1,False,/workspace/r8/m5/formal/FORMAL/R4_ALT_CEM_2/R6_reacher_005a9d4fafe8239392288119/REFIT_103202/FULL_HISTORY/result.json,1,1
R6_reacher_005a9d4fafe8239392288119,REFIT_103203,R4_ALT_CEM_2,1,25,1,False,/workspace/r8/m5/formal/FORMAL/R4_ALT_CEM_2/R6_reacher_005a9d4fafe8239392288119/REFIT_103203/FULL_HISTORY/result.json,0,1
R6_reacher_01140d82262ee0be1b888afa,H0,R4_ALT_CEM_2,1,18,1,False,/workspace/r8/m5/formal/FORMAL/R4_ALT_CEM_2/R6_reacher_01140d82262ee0be1b888afa/H0/FULL_HISTORY/result.json,0,1
R6_reacher_01140d82262ee0be1b888afa,REFIT_103201,R4_ALT_CEM_2,1,12,1,False,/workspace/r8/m5/formal/FORMAL/R4_ALT_CEM_2/R6_reacher_01140d82262ee0be1b888afa/REFIT_103201/FULL_HISTORY/result.json,1,1
R6_reacher_01140d82262ee0be1b888afa,REFIT_103202,R4_ALT_CEM_2,1,13,1,False,/workspace/r8/m5/formal/FORMAL/R4_ALT_CEM_2/R6_reacher_01140d82262ee0be1b888afa/REFIT_103202/FULL_HISTORY/result.json,0,1
R6_reacher_01140d82262ee0be1b888afa,REFIT_103203,R4_ALT_CEM_2,1,13,1,False,/workspace/r8/m5/formal/FORMAL/R4_ALT_CEM_2/R6_reacher_01140d82262ee0be1b888afa/REFIT_103203/FULL_HISTORY/result.json,0,0
R6_reacher_011ea9fb18f79bb320718d2e,H0,R4_ALT_CEM_2,1,23,1,False,/workspace/r8/m5/formal/FORMAL/R4_ALT_CEM_2/R6_reacher_011ea9fb18f79bb320718d2e/H0/FULL_HISTORY/result.json,1,1
R6_reacher_011ea9fb18f79bb320718d2e,REFIT_103201,R4_ALT_CEM_2,1,24,1,False,/workspace/r8/m5/formal/FORMAL/R4_ALT_CEM_2/R6_reacher_011ea9fb18f79bb320718d2e/REFIT_103201/FULL_HISTORY/result.json,1,1
R6_reacher_011ea9fb18f79bb320718d2e,REFIT_103202,R4_ALT_CEM_2,1,25,1,False,/workspace/r8/m5/formal/FORMAL/R4_ALT_CEM_2/R6_reacher_011ea9fb18f79bb320718d2e/REFIT_103202/FULL_HISTORY/result.json,1,1
R6_reacher_011ea9fb18f79bb320718d2e,REFIT_103203,R4_ALT_CEM_2,1,24,1,False,/workspace/r8/m5/formal/FORMAL/R4_ALT_CEM_2/R6_reacher_011ea9fb18f79bb320718d2e/REFIT_103203/FULL_HISTORY/result.json,1,1
R6_reacher_012dddba11ae750296fdc988,H0,R4_ALT_CEM_2,1,15,1,False,/workspace/r8/m5/formal/FORMAL/R4_ALT_CEM_2/R6_reacher_012dddba11ae750296fdc988/H0/FULL_HISTORY/result.json,1,1
R6_reacher_012dddba11ae750296fdc988,REFIT_103201,R4_ALT_CEM_2,1,24,1,False,/workspace/r8/m5/formal/FORMAL/R4_ALT_CEM_2/R6_reacher_012dddba11ae750296fdc988/REFIT_103201/FULL_HISTORY/result.json,1,1
R6_reacher_012dddba11ae750296fdc988,REFIT_103202,R4_ALT_CEM_2,1,20,1,False,/workspace/r8/m5/formal/FORMAL/R4_ALT_CEM_2/R6_reacher_012dddba11ae750296fdc988/REFIT_103202/FULL_HISTORY/result.json,1,1
R6_reacher_012dddba11ae750296fdc988,REFIT_103203,R4_ALT_CEM_2,1,24,1,False,/workspace/r8/m5/formal/FORMAL/R4_ALT_CEM_2/R6_reacher_012dddba11ae750296fdc988/REFIT_103203/FULL_HISTORY/result.json,1,1
R6_reacher_01376a746a41e9e26d1e8b2e,H0,R4_ALT_CEM_2,1,25,1,False,/workspace/r8/m5/formal/FORMAL/R4_ALT_CEM_2/R6_reacher_01376a746a41e9e26d1e8b2e/H0/FULL_HISTORY/result.json,0,1
R6_reacher_01376a746a41e9e26d1e8b2e,REFIT_103201,R4_ALT_CEM_2,1,23,1,False,/workspace/r8/m5/formal/FORMAL/R4_ALT_CEM_2/R6_reacher_01376a746a41e9e26d1e8b2e/REFIT_103201/FULL_HISTORY/result.json,1,1
R6_reacher_01376a746a41e9e26d1e8b2e,REFIT_103202,R4_ALT_CEM_2,1,22,1,False,/workspace/r8/m5/formal/FORMAL/R4_ALT_CEM_2/R6_reacher_01376a746a41e9e26d1e8b2e/REFIT_103202/FULL_HISTORY/result.json,1,1
R6_reacher_01376a746a41e9e26d1e8b2e,REFIT_103203,R4_ALT_CEM_2,1,22,1,False,/workspace/r8/m5/formal/FORMAL/R4_ALT_CEM_2/R6_reacher_01376a746a41e9e26d1e8b2e/REFIT_103203/FULL_HISTORY/result.json,1,1
R6_reacher_0184346c125528018922c654,H0,R4_ALT_CEM_2,1,21,1,False,/workspace/r8/m5/formal/FORMAL/R4_ALT_CEM_2/R6_reacher_0184346c125528018922c654/H0/FULL_HISTORY/result.json,1,1
R6_reacher_0184346c125528018922c654,REFIT_103201,R4_ALT_CEM_2,1,22,1,False,/workspace/r8/m5/formal/FORMAL/R4_ALT_CEM_2/R6_reacher_0184346c125528018922c654/REFIT_103201/FULL_HISTORY/result.json,1,1
R6_reacher_0184346c125528018922c654,REFIT_103202,R4_ALT_CEM_2,1,24,1,False,/workspace/r8/m5/formal/FORMAL/R4_ALT_CEM_2/R6_reacher_0184346c125528018922c654/REFIT_103202/FULL_HISTORY/result.json,1,1
R6_reacher_0184346c125528018922c654,REFIT_103203,R4_ALT_CEM_2,1,24,1,False,/workspace/r8/m5/formal/FORMAL/R4_ALT_CEM_2/R6_reacher_0184346c125528018922c654/REFIT_103203/FULL_HISTORY/result.json,1,1
R6_reacher_0192eda575e790d45853b4a8,H0,R4_ALT_CEM_2,1,40,2,True,/workspace/r8/m5/formal/FORMAL/R4_ALT_CEM_2/R6_reacher_0192eda575e790d45853b4a8/H0/FULL_HISTORY/result.json,1,1
R6_reacher_0192eda575e790d45853b4a8,REFIT_103201,R4_ALT_CEM_2,0,50,2,True,/workspace/r8/m5/formal/FORMAL/R4_ALT_CEM_2/R6_reacher_0192eda575e790d45853b4a8/REFIT_103201/FULL_HISTORY/result.json,1,1
R6_reacher_0192eda575e790d45853b4a8,REFIT_103202,R4_ALT_CEM_2,1,50,2,True,/workspace/r8/m5/formal/FORMAL/R4_ALT_CEM_2/R6_reacher_0192eda575e790d45853b4a8/REFIT_103202/FULL_HISTORY/result.json,1,1
R6_reacher_0192eda575e790d45853b4a8,REFIT_103203,R4_ALT_CEM_2,1,24,1,False,/workspace/r8/m5/formal/FORMAL/R4_ALT_CEM_2/R6_reacher_0192eda575e790d45853b4a8/REFIT_103203/FULL_HISTORY/result.json,1,1
R6_reacher_01a317a7971dd8b32b9e544f,H0,R4_ALT_CEM_2,1,23,1,False,/workspace/r8/m5/formal/FORMAL/R4_ALT_CEM_2/R6_reacher_01a317a7971dd8b32b9e544f/H0/FULL_HISTORY/result.json,0,1
R6_reacher_01a317a7971dd8b32b9e544f,REFIT_103201,R4_ALT_CEM_2,1,25,1,False,/workspace/r8/m5/formal/FORMAL/R4_ALT_CEM_2/R6_reacher_01a317a7971dd8b32b9e544f/REFIT_103201/FULL_HISTORY/result.json,1,1
R6_reacher_01a317a7971dd8b32b9e544f,REFIT_103202,R4_ALT_CEM_2,1,23,1,False,/workspace/r8/m5/formal/FORMAL/R4_ALT_CEM_2/R6_reacher_01a317a7971dd8b32b9e544f/REFIT_103202/FULL_HISTORY/result.json,0,1
R6_reacher_01a317a7971dd8b32b9e544f,REFIT_103203,R4_ALT_CEM_2,1,23,1,False,/workspace/r8/m5/formal/FORMAL/R4_ALT_CEM_2/R6_reacher_01a317a7971dd8b32b9e544f/REFIT_103203/FULL_HISTORY/result.json,1,1
R6_reacher_01a7354c1ecb23a787077139,H0,R4_ALT_CEM_2,1,22,1,False,/workspace/r8/m5/formal/FORMAL/R4_ALT_CEM_2/R6_reacher_01a7354c1ecb23a787077139/H0/FULL_HISTORY/result.json,1,1
R6_reacher_01a7354c1ecb23a787077139,REFIT_103201,R4_ALT_CEM_2,1,17,1,False,/workspace/r8/m5/formal/FORMAL/R4_ALT_CEM_2/R6_reacher_01a7354c1ecb23a787077139/REFIT_103201/FULL_HISTORY/result.json,1,1
R6_reacher_01a7354c1ecb23a787077139,REFIT_103202,R4_ALT_CEM_2,1,13,1,False,/workspace/r8/m5/formal/FORMAL/R4_ALT_CEM_2/R6_reacher_01a7354c1ecb23a787077139/REFIT_103202/FULL_HISTORY/result.json,1,1
R6_reacher_01a7354c1ecb23a787077139,REFIT_103203,R4_ALT_CEM_2,1,15,1,False,/workspace/r8/m5/formal/FORMAL/R4_ALT_CEM_2/R6_reacher_01a7354c1ecb23a787077139/REFIT_103203/FULL_HISTORY/result.json,1,1
R6_reacher_01f4491b43897667d92d30bf,H0,R4_ALT_CEM_2,1,26,2,True,/workspace/r8/m5/formal/FORMAL/R4_ALT_CEM_2/R6_reacher_01f4491b43897667d92d30bf/H0/FULL_HISTORY/result.json,0,1
R6_reacher_01f4491b43897667d92d30bf,REFIT_103201,R4_ALT_CEM_2,1,25,1,False,/workspace/r8/m5/formal/FORMAL/R4_ALT_CEM_2/R6_reacher_01f4491b43897667d92d30bf/REFIT_103201/FULL_HISTORY/result.json,0,1
R6_reacher_01f4491b43897667d92d30bf,REFIT_103202,R4_ALT_CEM_2,1,26,2,True,/workspace/r8/m5/formal/FORMAL/R4_ALT_CEM_2/R6_reacher_01f4491b43897667d92d30bf/REFIT_103202/FULL_HISTORY/result.json,1,0
R6_reacher_01f4491b43897667d92d30bf,REFIT_103203,R4_ALT_CEM_2,1,25,1,False,/workspace/r8/m5/formal/FORMAL/R4_ALT_CEM_2/R6_reacher_01f4491b43897667d92d30bf/REFIT_103203/FULL_HISTORY/result.json,1,0
R6_reacher_01f5771f4bd3fe2f344b4afe,H0,R4_ALT_CEM_2,1,25,1,False,/workspace/r8/m5/formal/FORMAL/R4_ALT_CEM_2/R6_reacher_01f5771f4bd3fe2f344b4afe/H0/FULL_HISTORY/result.json,1,1
R6_reacher_01f5771f4bd3fe2f344b4afe,REFIT_103201,R4_ALT_CEM_2,1,25,1,False,/workspace/r8/m5/formal/FORMAL/R4_ALT_CEM_2/R6_reacher_01f5771f4bd3fe2f344b4afe/REFIT_103201/FULL_HISTORY/result.json,1,1
R6_reacher_01f5771f4bd3fe2f344b4afe,REFIT_103202,R4_ALT_CEM_2,1,24,1,False,/workspace/r8/m5/formal/FORMAL/R4_ALT_CEM_2/R6_reacher_01f5771f4bd3fe2f344b4afe/REFIT_103202/FULL_HISTORY/result.json,1,1
R6_reacher_01f5771f4bd3fe2f344b4afe,REFIT_103203,R4_ALT_CEM_2,1,25,1,False,/workspace/r8/m5/formal/FORMAL/R4_ALT_CEM_2/R6_reacher_01f5771f4bd3fe2f344b4afe/REFIT_103203/FULL_HISTORY/result.json,1,1
R6_reacher_02363949abe1b34ce169a168,H0,R4_ALT_CEM_2,1,25,1,False,/workspace/r8/m5/formal/FORMAL/R4_ALT_CEM_2/R6_reacher_02363949abe1b34ce169a168/H0/FULL_HISTORY/result.json,1,1
R6_reacher_02363949abe1b34ce169a168,REFIT_103201,R4_ALT_CEM_2,1,17,1,False,/workspace/r8/m5/formal/FORMAL/R4_ALT_CEM_2/R6_reacher_02363949abe1b34ce169a168/REFIT_103201/FULL_HISTORY/result.json,1,1
R6_reacher_02363949abe1b34ce169a168,REFIT_103202,R4_ALT_CEM_2,1,22,1,False,/workspace/r8/m5/formal/FORMAL/R4_ALT_CEM_2/R6_reacher_02363949abe1b34ce169a168/REFIT_103202/FULL_HISTORY/result.json,0,0
R6_reacher_02363949abe1b34ce169a168,REFIT_103203,R4_ALT_CEM_2,1,21,1,False,/workspace/r8/m5/formal/FORMAL/R4_ALT_CEM_2/R6_reacher_02363949abe1b34ce169a168/REFIT_103203/FULL_HISTORY/result.json,0,1
R6_reacher_0236acda3799285bc7c01150,H0,R4_ALT_CEM_2,1,25,1,False,/workspace/r8/m5/formal/FORMAL/R4_ALT_CEM_2/R6_reacher_0236acda3799285bc7c01150/H0/FULL_HISTORY/result.json,1,1
R6_reacher_0236acda3799285bc7c01150,REFIT_103201,R4_ALT_CEM_2,1,24,1,False,/workspace/r8/m5/formal/FORMAL/R4_ALT_CEM_2/R6_reacher_0236acda3799285bc7c01150/REFIT_103201/FULL_HISTORY/result.json,1,1
R6_reacher_0236acda3799285bc7c01150,REFIT_103202,R4_ALT_CEM_2,1,24,1,False,/workspace/r8/m5/formal/FORMAL/R4_ALT_CEM_2/R6_reacher_0236acda3799285bc7c01150/REFIT_103202/FULL_HISTORY/result.json,0,1
R6_reacher_0236acda3799285bc7c01150,REFIT_103203,R4_ALT_CEM_2,1,22,1,False,/workspace/r8/m5/formal/FORMAL/R4_ALT_CEM_2/R6_reacher_0236acda3799285bc7c01150/REFIT_103203/FULL_HISTORY/result.json,1,1
R6_reacher_0240bbadbe9657118f04a00f,H0,R4_ALT_CEM_2,1,18,1,False,/workspace/r8/m5/formal/FORMAL/R4_ALT_CEM_2/R6_reacher_0240bbadbe9657118f04a00f/H0/FULL_HISTORY/result.json,1,1
R6_reacher_0240bbadbe9657118f04a00f,REFIT_103201,R4_ALT_CEM_2,1,19,1,False,/workspace/r8/m5/formal/FORMAL/R4_ALT_CEM_2/R6_reacher_0240bbadbe9657118f04a00f/REFIT_103201/FULL_HISTORY/result.json,1,1
R6_reacher_0240bbadbe9657118f04a00f,REFIT_103202,R4_ALT_CEM_2,1,19,1,False,/workspace/r8/m5/formal/FORMAL/R4_ALT_CEM_2/R6_reacher_0240bbadbe9657118f04a00f/REFIT_103202/FULL_HISTORY/result.json,1,1
R6_reacher_0240bbadbe9657118f04a00f,REFIT_103203,R4_ALT_CEM_2,1,18,1,False,/workspace/r8/m5/formal/FORMAL/R4_ALT_CEM_2/R6_reacher_0240bbadbe9657118f04a00f/REFIT_103203/FULL_HISTORY/result.json,1,1
R6_reacher_026d9ade4b09a32c4196f539,H0,R4_ALT_CEM_2,1,25,1,False,/workspace/r8/m5/formal/FORMAL/R4_ALT_CEM_2/R6_reacher_026d9ade4b09a32c4196f539/H0/FULL_HISTORY/result.json,0,1
R6_reacher_026d9ade4b09a32c4196f539,REFIT_103201,R4_ALT_CEM_2,1,3,1,False,/workspace/r8/m5/formal/FORMAL/R4_ALT_CEM_2/R6_reacher_026d9ade4b09a32c4196f539/REFIT_103201/FULL_HISTORY/result.json,1,1
R6_reacher_026d9ade4b09a32c4196f539,REFIT_103202,R4_ALT_CEM_2,1,25,1,False,/workspace/r8/m5/formal/FORMAL/R4_ALT_CEM_2/R6_reacher_026d9ade4b09a32c4196f539/REFIT_103202/FULL_HISTORY/result.json,1,1
R6_reacher_026d9ade4b09a32c4196f539,REFIT_103203,R4_ALT_CEM_2,1,2,1,False,/workspace/r8/m5/formal/FORMAL/R4_ALT_CEM_2/R6_reacher_026d9ade4b09a32c4196f539/REFIT_103203/FULL_HISTORY/result.json,1,1
R6_reacher_027fb56ab9bbb246ba323f0b,H0,R4_ALT_CEM_2,1,24,1,False,/workspace/r8/m5/formal/FORMAL/R4_ALT_CEM_2/R6_reacher_027fb56ab9bbb246ba323f0b/H0/FULL_HISTORY/result.json,1,1
R6_reacher_027fb56ab9bbb246ba323f0b,REFIT_103201,R4_ALT_CEM_2,1,25,1,False,/workspace/r8/m5/formal/FORMAL/R4_ALT_CEM_2/R6_reacher_027fb56ab9bbb246ba323f0b/REFIT_103201/FULL_HISTORY/result.json,1,1
R6_reacher_027fb56ab9bbb246ba323f0b,REFIT_103202,R4_ALT_CEM_2,1,23,1,False,/workspace/r8/m5/formal/FORMAL/R4_ALT_CEM_2/R6_reacher_027fb56ab9bbb246ba323f0b/REFIT_103202/FULL_HISTORY/result.json,1,1
R6_reacher_027fb56ab9bbb246ba323f0b,REFIT_103203,R4_ALT_CEM_2,1,24,1,False,/workspace/r8/m5/formal/FORMAL/R4_ALT_CEM_2/R6_reacher_027fb56ab9bbb246ba323f0b/REFIT_103203/FULL_HISTORY/result.json,1,1
R6_reacher_02b5a054bf782ce2a8682ef0,H0,R4_ALT_CEM_2,1,25,1,False,/workspace/r8/m5/formal/FORMAL/R4_ALT_CEM_2/R6_reacher_02b5a054bf782ce2a8682ef0/H0/FULL_HISTORY/result.json,0,1
R6_reacher_02b5a054bf782ce2a8682ef0,REFIT_103201,R4_ALT_CEM_2,1,23,1,False,/workspace/r8/m5/formal/FORMAL/R4_ALT_CEM_2/R6_reacher_02b5a054bf782ce2a8682ef0/REFIT_103201/FULL_HISTORY/result.json,1,1
R6_reacher_02b5a054bf782ce2a8682ef0,REFIT_103202,R4_ALT_CEM_2,1,23,1,False,/workspace/r8/m5/formal/FORMAL/R4_ALT_CEM_2/R6_reacher_02b5a054bf782ce2a8682ef0/REFIT_103202/FULL_HISTORY/result.json,1,1
R6_reacher_02b5a054bf782ce2a8682ef0,REFIT_103203,R4_ALT_CEM_2,1,24,1,False,/workspace/r8/m5/formal/FORMAL/R4_ALT_CEM_2/R6_reacher_02b5a054bf782ce2a8682ef0/REFIT_103203/FULL_HISTORY/result.json,1,1
R6_reacher_02bf9b5015a6d24cafbda1dd,H0,R4_ALT_CEM_2,1,26,2,True,/workspace/r8/m5/formal/FORMAL/R4_ALT_CEM_2/R6_reacher_02bf9b5015a6d24cafbda1dd/H0/FULL_HISTORY/result.json,1,1
R6_reacher_02bf9b5015a6d24cafbda1dd,REFIT_103201,R4_ALT_CEM_2,1,25,1,False,/workspace/r8/m5/formal/FORMAL/R4_ALT_CEM_2/R6_reacher_02bf9b5015a6d24cafbda1dd/REFIT_103201/FULL_HISTORY/result.json,1,1
R6_reacher_02bf9b5015a6d24cafbda1dd,REFIT_103202,R4_ALT_CEM_2,1,26,2,True,/workspace/r8/m5/formal/FORMAL/R4_ALT_CEM_2/R6_reacher_02bf9b5015a6d24cafbda1dd/REFIT_103202/FULL_HISTORY/result.json,1,1
R6_reacher_02bf9b5015a6d24cafbda1dd,REFIT_103203,R4_ALT_CEM_2,1,26,2,True,/workspace/r8/m5/formal/FORMAL/R4_ALT_CEM_2/R6_reacher_02bf9b5015a6d24cafbda1dd/REFIT_103203/FULL_HISTORY/result.json,1,1
R6_reacher_02d110e309cbccb2d8a94c8b,H0,R4_ALT_CEM_2,1,25,1,False,/workspace/r8/m5/formal/FORMAL/R4_ALT_CEM_2/R6_reacher_02d110e309cbccb2d8a94c8b/H0/FULL_HISTORY/result.json,1,1
R6_reacher_02d110e309cbccb2d8a94c8b,REFIT_103201,R4_ALT_CEM_2,1,25,1,False,/workspace/r8/m5/formal/FORMAL/R4_ALT_CEM_2/R6_reacher_02d110e309cbccb2d8a94c8b/REFIT_103201/FULL_HISTORY/result.json,1,1
R6_reacher_02d110e309cbccb2d8a94c8b,REFIT_103202,R4_ALT_CEM_2,1,14,1,False,/workspace/r8/m5/formal/FORMAL/R4_ALT_CEM_2/R6_reacher_02d110e309cbccb2d8a94c8b/REFIT_103202/FULL_HISTORY/result.json,1,1
R6_reacher_02d110e309cbccb2d8a94c8b,REFIT_103203,R4_ALT_CEM_2,1,23,1,False,/workspace/r8/m5/formal/FORMAL/R4_ALT_CEM_2/R6_reacher_02d110e309cbccb2d8a94c8b/REFIT_103203/FULL_HISTORY/result.json,1,1
R6_reacher_0323e2a42cd2b4632da3af22,H0,R4_ALT_CEM_2,1,23,1,False,/workspace/r8/m5/formal/FORMAL/R4_ALT_CEM_2/R6_reacher_0323e2a42cd2b4632da3af22/H0/FULL_HISTORY/result.json,1,1
R6_reacher_0323e2a42cd2b4632da3af22,REFIT_103201,R4_ALT_CEM_2,1,25,1,False,/workspace/r8/m5/formal/FORMAL/R4_ALT_CEM_2/R6_reacher_0323e2a42cd2b4632da3af22/REFIT_103201/FULL_HISTORY/result.json,1,1
R6_reacher_0323e2a42cd2b4632da3af22,REFIT_103202,R4_ALT_CEM_2,1,25,1,False,/workspace/r8/m5/formal/FORMAL/R4_ALT_CEM_2/R6_reacher_0323e2a42cd2b4632da3af22/REFIT_103202/FULL_HISTORY/result.json,1,1
R6_reacher_0323e2a42cd2b4632da3af22,REFIT_103203,R4_ALT_CEM_2,1,25,1,False,/workspace/r8/m5/formal/FORMAL/R4_ALT_CEM_2/R6_reacher_0323e2a42cd2b4632da3af22/REFIT_103203/FULL_HISTORY/result.json,1,1
R6_reacher_03576c27fc916ca37b9d6b1d,H0,R4_ALT_CEM_2,1,25,1,False,/workspace/r8/m5/formal/FORMAL/R4_ALT_CEM_2/R6_reacher_03576c27fc916ca37b9d6b1d/H0/FULL_HISTORY/result.json,1,1
R6_reacher_03576c27fc916ca37b9d6b1d,REFIT_103201,R4_ALT_CEM_2,1,25,1,False,/workspace/r8/m5/formal/FORMAL/R4_ALT_CEM_2/R6_reacher_03576c27fc916ca37b9d6b1d/REFIT_103201/FULL_HISTORY/result.json,1,1
R6_reacher_03576c27fc916ca37b9d6b1d,REFIT_103202,R4_ALT_CEM_2,1,25,1,False,/workspace/r8/m5/formal/FORMAL/R4_ALT_CEM_2/R6_reacher_03576c27fc916ca37b9d6b1d/REFIT_103202/FULL_HISTORY/result.json,1,1
R6_reacher_03576c27fc916ca37b9d6b1d,REFIT_103203,R4_ALT_CEM_2,1,25,1,False,/workspace/r8/m5/formal/FORMAL/R4_ALT_CEM_2/R6_reacher_03576c27fc916ca37b9d6b1d/REFIT_103203/FULL_HISTORY/result.json,0,1
R6_reacher_035bff63e5e604a5c077f9b3,H0,R4_ALT_CEM_2,1,24,1,False,/workspace/r8/m5/formal/FORMAL/R4_ALT_CEM_2/R6_reacher_035bff63e5e604a5c077f9b3/H0/FULL_HISTORY/result.json,1,1
R6_reacher_035bff63e5e604a5c077f9b3,REFIT_103201,R4_ALT_CEM_2,1,25,1,False,/workspace/r8/m5/formal/FORMAL/R4_ALT_CEM_2/R6_reacher_035bff63e5e604a5c077f9b3/REFIT_103201/FULL_HISTORY/result.json,1,1
R6_reacher_035bff63e5e604a5c077f9b3,REFIT_103202,R4_ALT_CEM_2,1,25,1,False,/workspace/r8/m5/formal/FORMAL/R4_ALT_CEM_2/R6_reacher_035bff63e5e604a5c077f9b3/REFIT_103202/FULL_HISTORY/result.json,1,1
R6_reacher_035bff63e5e604a5c077f9b3,REFIT_103203,R4_ALT_CEM_2,1,22,1,False,/workspace/r8/m5/formal/FORMAL/R4_ALT_CEM_2/R6_reacher_035bff63e5e604a5c077f9b3/REFIT_103203/FULL_HISTORY/result.json,1,1
R6_reacher_0378e2d686e7ef985b91bf38,H0,R4_ALT_CEM_2,1,25,1,False,/workspace/r8/m5/formal/FORMAL/R4_ALT_CEM_2/R6_reacher_0378e2d686e7ef985b91bf38/H0/FULL_HISTORY/result.json,1,1
R6_reacher_0378e2d686e7ef985b91bf38,REFIT_103201,R4_ALT_CEM_2,1,25,1,False,/workspace/r8/m5/formal/FORMAL/R4_ALT_CEM_2/R6_reacher_0378e2d686e7ef985b91bf38/REFIT_103201/FULL_HISTORY/result.json,1,1
R6_reacher_0378e2d686e7ef985b91bf38,REFIT_103202,R4_ALT_CEM_2,1,25,1,False,/workspace/r8/m5/formal/FORMAL/R4_ALT_CEM_2/R6_reacher_0378e2d686e7ef985b91bf38/REFIT_103202/FULL_HISTORY/result.json,1,1
R6_reacher_0378e2d686e7ef985b91bf38,REFIT_103203,R4_ALT_CEM_2,1,25,1,False,/workspace/r8/m5/formal/FORMAL/R4_ALT_CEM_2/R6_reacher_0378e2d686e7ef985b91bf38/REFIT_103203/FULL_HISTORY/result.json,1,1
R6_reacher_037aa4ee62015773e3d025c8,H0,R4_ALT_CEM_2,1,16,1,False,/workspace/r8/m5/formal/FORMAL/R4_ALT_CEM_2/R6_reacher_037aa4ee62015773e3d025c8/H0/FULL_HISTORY/result.json,1,1
R6_reacher_037aa4ee62015773e3d025c8,REFIT_103201,R4_ALT_CEM_2,1,19,1,False,/workspace/r8/m5/formal/FORMAL/R4_ALT_CEM_2/R6_reacher_037aa4ee62015773e3d025c8/REFIT_103201/FULL_HISTORY/result.json,1,1
R6_reacher_037aa4ee62015773e3d025c8,REFIT_103202,R4_ALT_CEM_2,1,15,1,False,/workspace/r8/m5/formal/FORMAL/R4_ALT_CEM_2/R6_reacher_037aa4ee62015773e3d025c8/REFIT_103202/FULL_HISTORY/result.json,0,1
R6_reacher_037aa4ee62015773e3d025c8,REFIT_103203,R4_ALT_CEM_2,1,15,1,False,/workspace/r8/m5/formal/FORMAL/R4_ALT_CEM_2/R6_reacher_037aa4ee62015773e3d025c8/REFIT_103203/FULL_HISTORY/result.json,1,1
R6_reacher_03c5dc1bff3c46c7e7066e86,H0,R4_ALT_CEM_2,1,25,1,False,/workspace/r8/m5/formal/FORMAL/R4_ALT_CEM_2/R6_reacher_03c5dc1bff3c46c7e7066e86/H0/FULL_HISTORY/result.json,0,1
R6_reacher_03c5dc1bff3c46c7e7066e86,REFIT_103201,R4_ALT_CEM_2,1,19,1,False,/workspace/r8/m5/formal/FORMAL/R4_ALT_CEM_2/R6_reacher_03c5dc1bff3c46c7e7066e86/REFIT_103201/FULL_HISTORY/result.json,1,1
R6_reacher_03c5dc1bff3c46c7e7066e86,REFIT_103202,R4_ALT_CEM_2,1,21,1,False,/workspace/r8/m5/formal/FORMAL/R4_ALT_CEM_2/R6_reacher_03c5dc1bff3c46c7e7066e86/REFIT_103202/FULL_HISTORY/result.json,0,1
R6_reacher_03c5dc1bff3c46c7e7066e86,REFIT_103203,R4_ALT_CEM_2,1,41,2,True,/workspace/r8/m5/formal/FORMAL/R4_ALT_CEM_2/R6_reacher_03c5dc1bff3c46c7e7066e86/REFIT_103203/FULL_HISTORY/result.json,1,1
R6_reacher_03f079f0a6fc89393c99bd18,H0,R4_ALT_CEM_2,1,23,1,False,/workspace/r8/m5/formal/FORMAL/R4_ALT_CEM_2/R6_reacher_03f079f0a6fc89393c99bd18/H0/FULL_HISTORY/result.json,0,1
R6_reacher_03f079f0a6fc89393c99bd18,REFIT_103201,R4_ALT_CEM_2,1,24,1,False,/workspace/r8/m5/formal/FORMAL/R4_ALT_CEM_2/R6_reacher_03f079f0a6fc89393c99bd18/REFIT_103201/FULL_HISTORY/result.json,1,1
R6_reacher_03f079f0a6fc89393c99bd18,REFIT_103202,R4_ALT_CEM_2,1,25,1,False,/workspace/r8/m5/formal/FORMAL/R4_ALT_CEM_2/R6_reacher_03f079f0a6fc89393c99bd18/REFIT_103202/FULL_HISTORY/result.json,1,1
R6_reacher_03f079f0a6fc89393c99bd18,REFIT_103203,R4_ALT_CEM_2,1,25,1,False,/workspace/r8/m5/formal/FORMAL/R4_ALT_CEM_2/R6_reacher_03f079f0a6fc89393c99bd18/REFIT_103203/FULL_HISTORY/result.json,1,1
R6_reacher_040a17920fc86c8a79997322,H0,R4_ALT_CEM_2,1,21,1,False,/workspace/r8/m5/formal/FORMAL/R4_ALT_CEM_2/R6_reacher_040a17920fc86c8a79997322/H0/FULL_HISTORY/result.json,1,1
R6_reacher_040a17920fc86c8a79997322,REFIT_103201,R4_ALT_CEM_2,1,24,1,False,/workspace/r8/m5/formal/FORMAL/R4_ALT_CEM_2/R6_reacher_040a17920fc86c8a79997322/REFIT_103201/FULL_HISTORY/result.json,1,1
R6_reacher_040a17920fc86c8a79997322,REFIT_103202,R4_ALT_CEM_2,1,24,1,False,/workspace/r8/m5/formal/FORMAL/R4_ALT_CEM_2/R6_reacher_040a17920fc86c8a79997322/REFIT_103202/FULL_HISTORY/result.json,1,1
R6_reacher_040a17920fc86c8a79997322,REFIT_103203,R4_ALT_CEM_2,1,23,1,False,/workspace/r8/m5/formal/FORMAL/R4_ALT_CEM_2/R6_reacher_040a17920fc86c8a79997322/REFIT_103203/FULL_HISTORY/result.json,1,1
R6_reacher_040d72a154c2687da092ebc8,H0,R4_ALT_CEM_2,1,26,2,True,/workspace/r8/m5/formal/FORMAL/R4_ALT_CEM_2/R6_reacher_040d72a154c2687da092ebc8/H0/FULL_HISTORY/result.json,1,1
R6_reacher_040d72a154c2687da092ebc8,REFIT_103201,R4_ALT_CEM_2,1,25,1,False,/workspace/r8/m5/formal/FORMAL/R4_ALT_CEM_2/R6_reacher_040d72a154c2687da092ebc8/REFIT_103201/FULL_HISTORY/result.json,1,1
R6_reacher_040d72a154c2687da092ebc8,REFIT_103202,R4_ALT_CEM_2,1,25,1,False,/workspace/r8/m5/formal/FORMAL/R4_ALT_CEM_2/R6_reacher_040d72a154c2687da092ebc8/REFIT_103202/FULL_HISTORY/result.json,1,1
R6_reacher_040d72a154c2687da092ebc8,REFIT_103203,R4_ALT_CEM_2,1,25,1,False,/workspace/r8/m5/formal/FORMAL/R4_ALT_CEM_2/R6_reacher_040d72a154c2687da092ebc8/REFIT_103203/FULL_HISTORY/result.json,1,1
R6_reacher_0415eab85414f31fa3d57a99,H0,R4_ALT_CEM_2,1,13,1,False,/workspace/r8/m5/formal/FORMAL/R4_ALT_CEM_2/R6_reacher_0415eab85414f31fa3d57a99/H0/FULL_HISTORY/result.json,1,1
R6_reacher_0415eab85414f31fa3d57a99,REFIT_103201,R4_ALT_CEM_2,1,17,1,False,/workspace/r8/m5/formal/FORMAL/R4_ALT_CEM_2/R6_reacher_0415eab85414f31fa3d57a99/REFIT_103201/FULL_HISTORY/result.json,1,1
R6_reacher_0415eab85414f31fa3d57a99,REFIT_103202,R4_ALT_CEM_2,1,2,1,False,/workspace/r8/m5/formal/FORMAL/R4_ALT_CEM_2/R6_reacher_0415eab85414f31fa3d57a99/REFIT_103202/FULL_HISTORY/result.json,1,1
R6_reacher_0415eab85414f31fa3d57a99,REFIT_103203,R4_ALT_CEM_2,1,13,1,False,/workspace/r8/m5/formal/FORMAL/R4_ALT_CEM_2/R6_reacher_0415eab85414f31fa3d57a99/REFIT_103203/FULL_HISTORY/result.json,1,1
R6_reacher_042b78b7f94ed6c85b84ad7b,H0,R4_ALT_CEM_2,0,50,2,True,/workspace/r8/m5/formal/FORMAL/R4_ALT_CEM_2/R6_reacher_042b78b7f94ed6c85b84ad7b/H0/FULL_HISTORY/result.json,1,1
R6_reacher_042b78b7f94ed6c85b84ad7b,REFIT_103201,R4_ALT_CEM_2,1,35,2,True,/workspace/r8/m5/formal/FORMAL/R4_ALT_CEM_2/R6_reacher_042b78b7f94ed6c85b84ad7b/REFIT_103201/FULL_HISTORY/result.json,1,1
R6_reacher_042b78b7f94ed6c85b84ad7b,REFIT_103202,R4_ALT_CEM_2,1,26,2,True,/workspace/r8/m5/formal/FORMAL/R4_ALT_CEM_2/R6_reacher_042b78b7f94ed6c85b84ad7b/REFIT_103202/FULL_HISTORY/result.json,1,1
R6_reacher_042b78b7f94ed6c85b84ad7b,REFIT_103203,R4_ALT_CEM_2,1,25,1,False,/workspace/r8/m5/formal/FORMAL/R4_ALT_CEM_2/R6_reacher_042b78b7f94ed6c85b84ad7b/REFIT_103203/FULL_HISTORY/result.json,1,1
R6_reacher_04323b4ed17bb5ed62619b74,H0,R4_ALT_CEM_2,1,25,1,False,/workspace/r8/m5/formal/FORMAL/R4_ALT_CEM_2/R6_reacher_04323b4ed17bb5ed62619b74/H0/FULL_HISTORY/result.json,1,1
R6_reacher_04323b4ed17bb5ed62619b74,REFIT_103201,R4_ALT_CEM_2,1,24,1,False,/workspace/r8/m5/formal/FORMAL/R4_ALT_CEM_2/R6_reacher_04323b4ed17bb5ed62619b74/REFIT_103201/FULL_HISTORY/result.json,1,1
R6_reacher_04323b4ed17bb5ed62619b74,REFIT_103202,R4_ALT_CEM_2,1,25,1,False,/workspace/r8/m5/formal/FORMAL/R4_ALT_CEM_2/R6_reacher_04323b4ed17bb5ed62619b74/REFIT_103202/FULL_HISTORY/result.json,1,1
R6_reacher_04323b4ed17bb5ed62619b74,REFIT_103203,R4_ALT_CEM_2,1,24,1,False,/workspace/r8/m5/formal/FORMAL/R4_ALT_CEM_2/R6_reacher_04323b4ed17bb5ed62619b74/REFIT_103203/FULL_HISTORY/result.json,1,1
R6_reacher_0452de7446bee2d31c1997b9,H0,R4_ALT_CEM_2,1,18,1,False,/workspace/r8/m5/formal/FORMAL/R4_ALT_CEM_2/R6_reacher_0452de7446bee2d31c1997b9/H0/FULL_HISTORY/result.json,1,1
R6_reacher_0452de7446bee2d31c1997b9,REFIT_103201,R4_ALT_CEM_2,1,23,1,False,/workspace/r8/m5/formal/FORMAL/R4_ALT_CEM_2/R6_reacher_0452de7446bee2d31c1997b9/REFIT_103201/FULL_HISTORY/result.json,1,1
R6_reacher_0452de7446bee2d31c1997b9,REFIT_103202,R4_ALT_CEM_2,1,24,1,False,/workspace/r8/m5/formal/FORMAL/R4_ALT_CEM_2/R6_reacher_0452de7446bee2d31c1997b9/REFIT_103202/FULL_HISTORY/result.json,1,1
R6_reacher_0452de7446bee2d31c1997b9,REFIT_103203,R4_ALT_CEM_2,1,24,1,False,/workspace/r8/m5/formal/FORMAL/R4_ALT_CEM_2/R6_reacher_0452de7446bee2d31c1997b9/REFIT_103203/FULL_HISTORY/result.json,1,1
R6_reacher_04683ac84fb7627e60eba9af,H0,R4_ALT_CEM_2,1,25,1,False,/workspace/r8/m5/formal/FORMAL/R4_ALT_CEM_2/R6_reacher_04683ac84fb7627e60eba9af/H0/FULL_HISTORY/result.json,1,1
R6_reacher_04683ac84fb7627e60eba9af,REFIT_103201,R4_ALT_CEM_2,1,25,1,False,/workspace/r8/m5/formal/FORMAL/R4_ALT_CEM_2/R6_reacher_04683ac84fb7627e60eba9af/REFIT_103201/FULL_HISTORY/result.json,1,1
R6_reacher_04683ac84fb7627e60eba9af,REFIT_103202,R4_ALT_CEM_2,1,15,1,False,/workspace/r8/m5/formal/FORMAL/R4_ALT_CEM_2/R6_reacher_04683ac84fb7627e60eba9af/REFIT_103202/FULL_HISTORY/result.json,1,1
R6_reacher_04683ac84fb7627e60eba9af,REFIT_103203,R4_ALT_CEM_2,1,20,1,False,/workspace/r8/m5/formal/FORMAL/R4_ALT_CEM_2/R6_reacher_04683ac84fb7627e60eba9af/REFIT_103203/FULL_HISTORY/result.json,1,1
R6_reacher_04689ec072dab02039d86a47,H0,R4_ALT_CEM_2,1,25,1,False,/workspace/r8/m5/formal/FORMAL/R4_ALT_CEM_2/R6_reacher_04689ec072dab02039d86a47/H0/FULL_HISTORY/result.json,0,1
R6_reacher_04689ec072dab02039d86a47,REFIT_103201,R4_ALT_CEM_2,1,25,1,False,/workspace/r8/m5/formal/FORMAL/R4_ALT_CEM_2/R6_reacher_04689ec072dab02039d86a47/REFIT_103201/FULL_HISTORY/result.json,0,1
R6_reacher_04689ec072dab02039d86a47,REFIT_103202,R4_ALT_CEM_2,1,25,1,False,/workspace/r8/m5/formal/FORMAL/R4_ALT_CEM_2/R6_reacher_04689ec072dab02039d86a47/REFIT_103202/FULL_HISTORY/result.json,1,1
R6_reacher_04689ec072dab02039d86a47,REFIT_103203,R4_ALT_CEM_2,1,25,1,False,/workspace/r8/m5/formal/FORMAL/R4_ALT_CEM_2/R6_reacher_04689ec072dab02039d86a47/REFIT_103203/FULL_HISTORY/result.json,0,1
R6_reacher_046be47cf7ed9869cb27531c,H0,R4_ALT_CEM_2,1,24,1,False,/workspace/r8/m5/formal/FORMAL/R4_ALT_CEM_2/R6_reacher_046be47cf7ed9869cb27531c/H0/FULL_HISTORY/result.json,0,1
R6_reacher_046be47cf7ed9869cb27531c,REFIT_103201,R4_ALT_CEM_2,1,24,1,False,/workspace/r8/m5/formal/FORMAL/R4_ALT_CEM_2/R6_reacher_046be47cf7ed9869cb27531c/REFIT_103201/FULL_HISTORY/result.json,1,1
R6_reacher_046be47cf7ed9869cb27531c,REFIT_103202,R4_ALT_CEM_2,1,24,1,False,/workspace/r8/m5/formal/FORMAL/R4_ALT_CEM_2/R6_reacher_046be47cf7ed9869cb27531c/REFIT_103202/FULL_HISTORY/result.json,1,1
R6_reacher_046be47cf7ed9869cb27531c,REFIT_103203,R4_ALT_CEM_2,1,16,1,False,/workspace/r8/m5/formal/FORMAL/R4_ALT_CEM_2/R6_reacher_046be47cf7ed9869cb27531c/REFIT_103203/FULL_HISTORY/result.json,1,1
R6_reacher_048302dc4ec9c121421618eb,H0,R4_ALT_CEM_2,1,29,2,True,/workspace/r8/m5/formal/FORMAL/R4_ALT_CEM_2/R6_reacher_048302dc4ec9c121421618eb/H0/FULL_HISTORY/result.json,0,1
R6_reacher_048302dc4ec9c121421618eb,REFIT_103201,R4_ALT_CEM_2,1,25,1,False,/workspace/r8/m5/formal/FORMAL/R4_ALT_CEM_2/R6_reacher_048302dc4ec9c121421618eb/REFIT_103201/FULL_HISTORY/result.json,1,1
R6_reacher_048302dc4ec9c121421618eb,REFIT_103202,R4_ALT_CEM_2,1,25,1,False,/workspace/r8/m5/formal/FORMAL/R4_ALT_CEM_2/R6_reacher_048302dc4ec9c121421618eb/REFIT_103202/FULL_HISTORY/result.json,1,1
R6_reacher_048302dc4ec9c121421618eb,REFIT_103203,R4_ALT_CEM_2,1,14,1,False,/workspace/r8/m5/formal/FORMAL/R4_ALT_CEM_2/R6_reacher_048302dc4ec9c121421618eb/REFIT_103203/FULL_HISTORY/result.json,1,1
R6_reacher_048aa37b1e1d985113bcef99,H0,R4_ALT_CEM_2,1,26,2,True,/workspace/r8/m5/formal/FORMAL/R4_ALT_CEM_2/R6_reacher_048aa37b1e1d985113bcef99/H0/FULL_HISTORY/result.json,1,1
R6_reacher_048aa37b1e1d985113bcef99,REFIT_103201,R4_ALT_CEM_2,0,50,2,True,/workspace/r8/m5/formal/FORMAL/R4_ALT_CEM_2/R6_reacher_048aa37b1e1d985113bcef99/REFIT_103201/FULL_HISTORY/result.json,0,0
R6_reacher_048aa37b1e1d985113bcef99,REFIT_103202,R4_ALT_CEM_2,0,50,2,True,/workspace/r8/m5/formal/FORMAL/R4_ALT_CEM_2/R6_reacher_048aa37b1e1d985113bcef99/REFIT_103202/FULL_HISTORY/result.json,0,0
R6_reacher_048aa37b1e1d985113bcef99,REFIT_103203,R4_ALT_CEM_2,0,50,2,True,/workspace/r8/m5/formal/FORMAL/R4_ALT_CEM_2/R6_reacher_048aa37b1e1d985113bcef99/REFIT_103203/FULL_HISTORY/result.json,0,0
R6_reacher_04bca313072e5fd5c88146b6,H0,R4_ALT_CEM_2,1,23,1,False,/workspace/r8/m5/formal/FORMAL/R4_ALT_CEM_2/R6_reacher_04bca313072e5fd5c88146b6/H0/FULL_HISTORY/result.json,1,1
R6_reacher_04bca313072e5fd5c88146b6,REFIT_103201,R4_ALT_CEM_2,1,25,1,False,/workspace/r8/m5/formal/FORMAL/R4_ALT_CEM_2/R6_reacher_04bca313072e5fd5c88146b6/REFIT_103201/FULL_HISTORY/result.json,1,1
R6_reacher_04bca313072e5fd5c88146b6,REFIT_103202,R4_ALT_CEM_2,1,25,1,False,/workspace/r8/m5/formal/FORMAL/R4_ALT_CEM_2/R6_reacher_04bca313072e5fd5c88146b6/REFIT_103202/FULL_HISTORY/result.json,1,1
R6_reacher_04bca313072e5fd5c88146b6,REFIT_103203,R4_ALT_CEM_2,1,25,1,False,/workspace/r8/m5/formal/FORMAL/R4_ALT_CEM_2/R6_reacher_04bca313072e5fd5c88146b6/REFIT_103203/FULL_HISTORY/result.json,1,1
R6_reacher_04d10f6b3e3067ae5a06d677,H0,R4_ALT_CEM_2,1,25,1,False,/workspace/r8/m5/formal/FORMAL/R4_ALT_CEM_2/R6_reacher_04d10f6b3e3067ae5a06d677/H0/FULL_HISTORY/result.json,1,1
R6_reacher_04d10f6b3e3067ae5a06d677,REFIT_103201,R4_ALT_CEM_2,1,25,1,False,/workspace/r8/m5/formal/FORMAL/R4_ALT_CEM_2/R6_reacher_04d10f6b3e3067ae5a06d677/REFIT_103201/FULL_HISTORY/result.json,1,1
R6_reacher_04d10f6b3e3067ae5a06d677,REFIT_103202,R4_ALT_CEM_2,1,25,1,False,/workspace/r8/m5/formal/FORMAL/R4_ALT_CEM_2/R6_reacher_04d10f6b3e3067ae5a06d677/REFIT_103202/FULL_HISTORY/result.json,1,1
R6_reacher_04d10f6b3e3067ae5a06d677,REFIT_103203,R4_ALT_CEM_2,0,50,2,True,/workspace/r8/m5/formal/FORMAL/R4_ALT_CEM_2/R6_reacher_04d10f6b3e3067ae5a06d677/REFIT_103203/FULL_HISTORY/result.json,1,1
R6_reacher_05227f26cb88c6f6d6a24c57,H0,R4_ALT_CEM_2,1,24,1,False,/workspace/r8/m5/formal/FORMAL/R4_ALT_CEM_2/R6_reacher_05227f26cb88c6f6d6a24c57/H0/FULL_HISTORY/result.json,1,1
R6_reacher_05227f26cb88c6f6d6a24c57,REFIT_103201,R4_ALT_CEM_2,1,24,1,False,/workspace/r8/m5/formal/FORMAL/R4_ALT_CEM_2/R6_reacher_05227f26cb88c6f6d6a24c57/REFIT_103201/FULL_HISTORY/result.json,1,1
R6_reacher_05227f26cb88c6f6d6a24c57,REFIT_103202,R4_ALT_CEM_2,1,23,1,False,/workspace/r8/m5/formal/FORMAL/R4_ALT_CEM_2/R6_reacher_05227f26cb88c6f6d6a24c57/REFIT_103202/FULL_HISTORY/result.json,1,1
R6_reacher_05227f26cb88c6f6d6a24c57,REFIT_103203,R4_ALT_CEM_2,1,24,1,False,/workspace/r8/m5/formal/FORMAL/R4_ALT_CEM_2/R6_reacher_05227f26cb88c6f6d6a24c57/REFIT_103203/FULL_HISTORY/result.json,1,1
R6_reacher_05609e0e97d87b35452f8ae7,H0,R4_ALT_CEM_2,1,25,1,False,/workspace/r8/m5/formal/FORMAL/R4_ALT_CEM_2/R6_reacher_05609e0e97d87b35452f8ae7/H0/FULL_HISTORY/result.json,1,1
R6_reacher_05609e0e97d87b35452f8ae7,REFIT_103201,R4_ALT_CEM_2,1,25,1,False,/workspace/r8/m5/formal/FORMAL/R4_ALT_CEM_2/R6_reacher_05609e0e97d87b35452f8ae7/REFIT_103201/FULL_HISTORY/result.json,1,1
R6_reacher_05609e0e97d87b35452f8ae7,REFIT_103202,R4_ALT_CEM_2,1,25,1,False,/workspace/r8/m5/formal/FORMAL/R4_ALT_CEM_2/R6_reacher_05609e0e97d87b35452f8ae7/REFIT_103202/FULL_HISTORY/result.json,1,1
R6_reacher_05609e0e97d87b35452f8ae7,REFIT_103203,R4_ALT_CEM_2,1,23,1,False,/workspace/r8/m5/formal/FORMAL/R4_ALT_CEM_2/R6_reacher_05609e0e97d87b35452f8ae7/REFIT_103203/FULL_HISTORY/result.json,1,1
R6_reacher_05673647385df937e0c2da8e,H0,R4_ALT_CEM_2,0,50,2,True,/workspace/r8/m5/formal/FORMAL/R4_ALT_CEM_2/R6_reacher_05673647385df937e0c2da8e/H0/FULL_HISTORY/result.json,1,1
R6_reacher_05673647385df937e0c2da8e,REFIT_103201,R4_ALT_CEM_2,1,25,1,False,/workspace/r8/m5/formal/FORMAL/R4_ALT_CEM_2/R6_reacher_05673647385df937e0c2da8e/REFIT_103201/FULL_HISTORY/result.json,0,1
R6_reacher_05673647385df937e0c2da8e,REFIT_103202,R4_ALT_CEM_2,1,50,2,True,/workspace/r8/m5/formal/FORMAL/R4_ALT_CEM_2/R6_reacher_05673647385df937e0c2da8e/REFIT_103202/FULL_HISTORY/result.json,0,1
R6_reacher_05673647385df937e0c2da8e,REFIT_103203,R4_ALT_CEM_2,1,49,2,True,/workspace/r8/m5/formal/FORMAL/R4_ALT_CEM_2/R6_reacher_05673647385df937e0c2da8e/REFIT_103203/FULL_HISTORY/result.json,1,1
R6_reacher_0572fff5c1f8d2522d9fef3e,H0,R4_ALT_CEM_2,1,25,1,False,/workspace/r8/m5/formal/FORMAL/R4_ALT_CEM_2/R6_reacher_0572fff5c1f8d2522d9fef3e/H0/FULL_HISTORY/result.json,1,1
R6_reacher_0572fff5c1f8d2522d9fef3e,REFIT_103201,R4_ALT_CEM_2,1,24,1,False,/workspace/r8/m5/formal/FORMAL/R4_ALT_CEM_2/R6_reacher_0572fff5c1f8d2522d9fef3e/REFIT_103201/FULL_HISTORY/result.json,1,1
R6_reacher_0572fff5c1f8d2522d9fef3e,REFIT_103202,R4_ALT_CEM_2,1,24,1,False,/workspace/r8/m5/formal/FORMAL/R4_ALT_CEM_2/R6_reacher_0572fff5c1f8d2522d9fef3e/REFIT_103202/FULL_HISTORY/result.json,1,1
R6_reacher_0572fff5c1f8d2522d9fef3e,REFIT_103203,R4_ALT_CEM_2,1,24,1,False,/workspace/r8/m5/formal/FORMAL/R4_ALT_CEM_2/R6_reacher_0572fff5c1f8d2522d9fef3e/REFIT_103203/FULL_HISTORY/result.json,1,1
R6_reacher_058fbdf2d7805234d86b62e9,H0,R4_ALT_CEM_2,1,23,1,False,/workspace/r8/m5/formal/FORMAL/R4_ALT_CEM_2/R6_reacher_058fbdf2d7805234d86b62e9/H0/FULL_HISTORY/result.json,1,1
R6_reacher_058fbdf2d7805234d86b62e9,REFIT_103201,R4_ALT_CEM_2,1,24,1,False,/workspace/r8/m5/formal/FORMAL/R4_ALT_CEM_2/R6_reacher_058fbdf2d7805234d86b62e9/REFIT_103201/FULL_HISTORY/result.json,1,1
R6_reacher_058fbdf2d7805234d86b62e9,REFIT_103202,R4_ALT_CEM_2,1,23,1,False,/workspace/r8/m5/formal/FORMAL/R4_ALT_CEM_2/R6_reacher_058fbdf2d7805234d86b62e9/REFIT_103202/FULL_HISTORY/result.json,0,1
R6_reacher_058fbdf2d7805234d86b62e9,REFIT_103203,R4_ALT_CEM_2,1,23,1,False,/workspace/r8/m5/formal/FORMAL/R4_ALT_CEM_2/R6_reacher_058fbdf2d7805234d86b62e9/REFIT_103203/FULL_HISTORY/result.json,1,1
R6_reacher_05b7debf402e51340c75b891,H0,R4_ALT_CEM_2,1,23,1,False,/workspace/r8/m5/formal/FORMAL/R4_ALT_CEM_2/R6_reacher_05b7debf402e51340c75b891/H0/FULL_HISTORY/result.json,1,1
R6_reacher_05b7debf402e51340c75b891,REFIT_103201,R4_ALT_CEM_2,1,25,1,False,/workspace/r8/m5/formal/FORMAL/R4_ALT_CEM_2/R6_reacher_05b7debf402e51340c75b891/REFIT_103201/FULL_HISTORY/result.json,0,1
R6_reacher_05b7debf402e51340c75b891,REFIT_103202,R4_ALT_CEM_2,1,24,1,False,/workspace/r8/m5/formal/FORMAL/R4_ALT_CEM_2/R6_reacher_05b7debf402e51340c75b891/REFIT_103202/FULL_HISTORY/result.json,1,1
R6_reacher_05b7debf402e51340c75b891,REFIT_103203,R4_ALT_CEM_2,1,49,2,True,/workspace/r8/m5/formal/FORMAL/R4_ALT_CEM_2/R6_reacher_05b7debf402e51340c75b891/REFIT_103203/FULL_HISTORY/result.json,0,1
R6_reacher_05d9adfbb7fea330209f9d6e,H0,R4_ALT_CEM_2,1,23,1,False,/workspace/r8/m5/formal/FORMAL/R4_ALT_CEM_2/R6_reacher_05d9adfbb7fea330209f9d6e/H0/FULL_HISTORY/result.json,1,1
R6_reacher_05d9adfbb7fea330209f9d6e,REFIT_103201,R4_ALT_CEM_2,1,25,1,False,/workspace/r8/m5/formal/FORMAL/R4_ALT_CEM_2/R6_reacher_05d9adfbb7fea330209f9d6e/REFIT_103201/FULL_HISTORY/result.json,1,1
R6_reacher_05d9adfbb7fea330209f9d6e,REFIT_103202,R4_ALT_CEM_2,1,25,1,False,/workspace/r8/m5/formal/FORMAL/R4_ALT_CEM_2/R6_reacher_05d9adfbb7fea330209f9d6e/REFIT_103202/FULL_HISTORY/result.json,1,1
R6_reacher_05d9adfbb7fea330209f9d6e,REFIT_103203,R4_ALT_CEM_2,1,25,1,False,/workspace/r8/m5/formal/FORMAL/R4_ALT_CEM_2/R6_reacher_05d9adfbb7fea330209f9d6e/REFIT_103203/FULL_HISTORY/result.json,1,1
R6_reacher_0604aded9586b94217e9ae71,H0,R4_ALT_CEM_2,1,24,1,False,/workspace/r8/m5/formal/FORMAL/R4_ALT_CEM_2/R6_reacher_0604aded9586b94217e9ae71/H0/FULL_HISTORY/result.json,0,1
R6_reacher_0604aded9586b94217e9ae71,REFIT_103201,R4_ALT_CEM_2,1,12,1,False,/workspace/r8/m5/formal/FORMAL/R4_ALT_CEM_2/R6_reacher_0604aded9586b94217e9ae71/REFIT_103201/FULL_HISTORY/result.json,1,1
R6_reacher_0604aded9586b94217e9ae71,REFIT_103202,R4_ALT_CEM_2,1,7,1,False,/workspace/r8/m5/formal/FORMAL/R4_ALT_CEM_2/R6_reacher_0604aded9586b94217e9ae71/REFIT_103202/FULL_HISTORY/result.json,1,1
R6_reacher_0604aded9586b94217e9ae71,REFIT_103203,R4_ALT_CEM_2,1,25,1,False,/workspace/r8/m5/formal/FORMAL/R4_ALT_CEM_2/R6_reacher_0604aded9586b94217e9ae71/REFIT_103203/FULL_HISTORY/result.json,1,1
R6_reacher_06104c870ec34e14878b4947,H0,R4_ALT_CEM_2,1,27,2,True,/workspace/r8/m5/formal/FORMAL/R4_ALT_CEM_2/R6_reacher_06104c870ec34e14878b4947/H0/FULL_HISTORY/result.json,0,1
R6_reacher_06104c870ec34e14878b4947,REFIT_103201,R4_ALT_CEM_2,1,25,1,False,/workspace/r8/m5/formal/FORMAL/R4_ALT_CEM_2/R6_reacher_06104c870ec34e14878b4947/REFIT_103201/FULL_HISTORY/result.json,1,1
R6_reacher_06104c870ec34e14878b4947,REFIT_103202,R4_ALT_CEM_2,1,39,2,True,/workspace/r8/m5/formal/FORMAL/R4_ALT_CEM_2/R6_reacher_06104c870ec34e14878b4947/REFIT_103202/FULL_HISTORY/result.json,0,1
R6_reacher_06104c870ec34e14878b4947,REFIT_103203,R4_ALT_CEM_2,1,25,1,False,/workspace/r8/m5/formal/FORMAL/R4_ALT_CEM_2/R6_reacher_06104c870ec34e14878b4947/REFIT_103203/FULL_HISTORY/result.json,0,1
R6_reacher_0642735d2daa02558c1d8737,H0,R4_ALT_CEM_2,1,25,1,False,/workspace/r8/m5/formal/FORMAL/R4_ALT_CEM_2/R6_reacher_0642735d2daa02558c1d8737/H0/FULL_HISTORY/result.json,1,1
R6_reacher_0642735d2daa02558c1d8737,REFIT_103201,R4_ALT_CEM_2,1,24,1,False,/workspace/r8/m5/formal/FORMAL/R4_ALT_CEM_2/R6_reacher_0642735d2daa02558c1d8737/REFIT_103201/FULL_HISTORY/result.json,1,1
R6_reacher_0642735d2daa02558c1d8737,REFIT_103202,R4_ALT_CEM_2,1,24,1,False,/workspace/r8/m5/formal/FORMAL/R4_ALT_CEM_2/R6_reacher_0642735d2daa02558c1d8737/REFIT_103202/FULL_HISTORY/result.json,1,1
R6_reacher_0642735d2daa02558c1d8737,REFIT_103203,R4_ALT_CEM_2,1,25,1,False,/workspace/r8/m5/formal/FORMAL/R4_ALT_CEM_2/R6_reacher_0642735d2daa02558c1d8737/REFIT_103203/FULL_HISTORY/result.json,0,1
R6_reacher_0685d60e12fdbdbe63e5d232,H0,R4_ALT_CEM_2,1,14,1,False,/workspace/r8/m5/formal/FORMAL/R4_ALT_CEM_2/R6_reacher_0685d60e12fdbdbe63e5d232/H0/FULL_HISTORY/result.json,1,0
R6_reacher_0685d60e12fdbdbe63e5d232,REFIT_103201,R4_ALT_CEM_2,1,23,1,False,/workspace/r8/m5/formal/FORMAL/R4_ALT_CEM_2/R6_reacher_0685d60e12fdbdbe63e5d232/REFIT_103201/FULL_HISTORY/result.json,1,1
R6_reacher_0685d60e12fdbdbe63e5d232,REFIT_103202,R4_ALT_CEM_2,1,14,1,False,/workspace/r8/m5/formal/FORMAL/R4_ALT_CEM_2/R6_reacher_0685d60e12fdbdbe63e5d232/REFIT_103202/FULL_HISTORY/result.json,1,1
R6_reacher_0685d60e12fdbdbe63e5d232,REFIT_103203,R4_ALT_CEM_2,1,14,1,False,/workspace/r8/m5/formal/FORMAL/R4_ALT_CEM_2/R6_reacher_0685d60e12fdbdbe63e5d232/REFIT_103203/FULL_HISTORY/result.json,1,1
R6_reacher_069945d6d002522c9d5ef1d9,H0,R4_ALT_CEM_2,1,25,1,False,/workspace/r8/m5/formal/FORMAL/R4_ALT_CEM_2/R6_reacher_069945d6d002522c9d5ef1d9/H0/FULL_HISTORY/result.json,1,1
R6_reacher_069945d6d002522c9d5ef1d9,REFIT_103201,R4_ALT_CEM_2,1,25,1,False,/workspace/r8/m5/formal/FORMAL/R4_ALT_CEM_2/R6_reacher_069945d6d002522c9d5ef1d9/REFIT_103201/FULL_HISTORY/result.json,1,1
R6_reacher_069945d6d002522c9d5ef1d9,REFIT_103202,R4_ALT_CEM_2,1,26,2,True,/workspace/r8/m5/formal/FORMAL/R4_ALT_CEM_2/R6_reacher_069945d6d002522c9d5ef1d9/REFIT_103202/FULL_HISTORY/result.json,1,1
R6_reacher_069945d6d002522c9d5ef1d9,REFIT_103203,R4_ALT_CEM_2,1,25,1,False,/workspace/r8/m5/formal/FORMAL/R4_ALT_CEM_2/R6_reacher_069945d6d002522c9d5ef1d9/REFIT_103203/FULL_HISTORY/result.json,1,1
R6_reacher_06cc3d0169c47775bf5c3654,H0,R4_ALT_CEM_2,1,27,2,True,/workspace/r8/m5/formal/FORMAL/R4_ALT_CEM_2/R6_reacher_06cc3d0169c47775bf5c3654/H0/FULL_HISTORY/result.json,1,1
R6_reacher_06cc3d0169c47775bf5c3654,REFIT_103201,R4_ALT_CEM_2,1,25,1,False,/workspace/r8/m5/formal/FORMAL/R4_ALT_CEM_2/R6_reacher_06cc3d0169c47775bf5c3654/REFIT_103201/FULL_HISTORY/result.json,1,1
R6_reacher_06cc3d0169c47775bf5c3654,REFIT_103202,R4_ALT_CEM_2,1,24,1,False,/workspace/r8/m5/formal/FORMAL/R4_ALT_CEM_2/R6_reacher_06cc3d0169c47775bf5c3654/REFIT_103202/FULL_HISTORY/result.json,1,1
R6_reacher_06cc3d0169c47775bf5c3654,REFIT_103203,R4_ALT_CEM_2,1,24,1,False,/workspace/r8/m5/formal/FORMAL/R4_ALT_CEM_2/R6_reacher_06cc3d0169c47775bf5c3654/REFIT_103203/FULL_HISTORY/result.json,1,1
R6_reacher_06f31f0ed66595d668f795d6,H0,R4_ALT_CEM_2,1,24,1,False,/workspace/r8/m5/formal/FORMAL/R4_ALT_CEM_2/R6_reacher_06f31f0ed66595d668f795d6/H0/FULL_HISTORY/result.json,1,1
R6_reacher_06f31f0ed66595d668f795d6,REFIT_103201,R4_ALT_CEM_2,1,24,1,False,/workspace/r8/m5/formal/FORMAL/R4_ALT_CEM_2/R6_reacher_06f31f0ed66595d668f795d6/REFIT_103201/FULL_HISTORY/result.json,1,1
R6_reacher_06f31f0ed66595d668f795d6,REFIT_103202,R4_ALT_CEM_2,1,25,1,False,/workspace/r8/m5/formal/FORMAL/R4_ALT_CEM_2/R6_reacher_06f31f0ed66595d668f795d6/REFIT_103202/FULL_HISTORY/result.json,1,1
R6_reacher_06f31f0ed66595d668f795d6,REFIT_103203,R4_ALT_CEM_2,1,24,1,False,/workspace/r8/m5/formal/FORMAL/R4_ALT_CEM_2/R6_reacher_06f31f0ed66595d668f795d6/REFIT_103203/FULL_HISTORY/result.json,1,1
R6_reacher_070de37ab215162432f871dc,H0,R4_ALT_CEM_2,1,25,1,False,/workspace/r8/m5/formal/FORMAL/R4_ALT_CEM_2/R6_reacher_070de37ab215162432f871dc/H0/FULL_HISTORY/result.json,0,1
R6_reacher_070de37ab215162432f871dc,REFIT_103201,R4_ALT_CEM_2,1,24,1,False,/workspace/r8/m5/formal/FORMAL/R4_ALT_CEM_2/R6_reacher_070de37ab215162432f871dc/REFIT_103201/FULL_HISTORY/result.json,0,1
R6_reacher_070de37ab215162432f871dc,REFIT_103202,R4_ALT_CEM_2,1,24,1,False,/workspace/r8/m5/formal/FORMAL/R4_ALT_CEM_2/R6_reacher_070de37ab215162432f871dc/REFIT_103202/FULL_HISTORY/result.json,1,1
R6_reacher_070de37ab215162432f871dc,REFIT_103203,R4_ALT_CEM_2,1,23,1,False,/workspace/r8/m5/formal/FORMAL/R4_ALT_CEM_2/R6_reacher_070de37ab215162432f871dc/REFIT_103203/FULL_HISTORY/result.json,0,1
R6_reacher_0744272edb1918e64a7d6dd8,H0,R4_ALT_CEM_2,1,13,1,False,/workspace/r8/m5/formal/FORMAL/R4_ALT_CEM_2/R6_reacher_0744272edb1918e64a7d6dd8/H0/FULL_HISTORY/result.json,1,1
R6_reacher_0744272edb1918e64a7d6dd8,REFIT_103201,R4_ALT_CEM_2,1,14,1,False,/workspace/r8/m5/formal/FORMAL/R4_ALT_CEM_2/R6_reacher_0744272edb1918e64a7d6dd8/REFIT_103201/FULL_HISTORY/result.json,1,1
R6_reacher_0744272edb1918e64a7d6dd8,REFIT_103202,R4_ALT_CEM_2,1,17,1,False,/workspace/r8/m5/formal/FORMAL/R4_ALT_CEM_2/R6_reacher_0744272edb1918e64a7d6dd8/REFIT_103202/FULL_HISTORY/result.json,1,1
R6_reacher_0744272edb1918e64a7d6dd8,REFIT_103203,R4_ALT_CEM_2,1,22,1,False,/workspace/r8/m5/formal/FORMAL/R4_ALT_CEM_2/R6_reacher_0744272edb1918e64a7d6dd8/REFIT_103203/FULL_HISTORY/result.json,1,1
R6_reacher_0744863efce22b67c52bbf37,H0,R4_ALT_CEM_2,1,24,1,False,/workspace/r8/m5/formal/FORMAL/R4_ALT_CEM_2/R6_reacher_0744863efce22b67c52bbf37/H0/FULL_HISTORY/result.json,1,1
R6_reacher_0744863efce22b67c52bbf37,REFIT_103201,R4_ALT_CEM_2,1,25,1,False,/workspace/r8/m5/formal/FORMAL/R4_ALT_CEM_2/R6_reacher_0744863efce22b67c52bbf37/REFIT_103201/FULL_HISTORY/result.json,0,1
R6_reacher_0744863efce22b67c52bbf37,REFIT_103202,R4_ALT_CEM_2,1,26,2,True,/workspace/r8/m5/formal/FORMAL/R4_ALT_CEM_2/R6_reacher_0744863efce22b67c52bbf37/REFIT_103202/FULL_HISTORY/result.json,0,1
R6_reacher_0744863efce22b67c52bbf37,REFIT_103203,R4_ALT_CEM_2,1,25,1,False,/workspace/r8/m5/formal/FORMAL/R4_ALT_CEM_2/R6_reacher_0744863efce22b67c52bbf37/REFIT_103203/FULL_HISTORY/result.json,0,1
R6_reacher_0754fb7426df7476a90bdba4,H0,R4_ALT_CEM_2,1,22,1,False,/workspace/r8/m5/formal/FORMAL/R4_ALT_CEM_2/R6_reacher_0754fb7426df7476a90bdba4/H0/FULL_HISTORY/result.json,1,1
R6_reacher_0754fb7426df7476a90bdba4,REFIT_103201,R4_ALT_CEM_2,1,23,1,False,/workspace/r8/m5/formal/FORMAL/R4_ALT_CEM_2/R6_reacher_0754fb7426df7476a90bdba4/REFIT_103201/FULL_HISTORY/result.json,1,1
R6_reacher_0754fb7426df7476a90bdba4,REFIT_103202,R4_ALT_CEM_2,1,24,1,False,/workspace/r8/m5/formal/FORMAL/R4_ALT_CEM_2/R6_reacher_0754fb7426df7476a90bdba4/REFIT_103202/FULL_HISTORY/result.json,1,1
R6_reacher_0754fb7426df7476a90bdba4,REFIT_103203,R4_ALT_CEM_2,1,25,1,False,/workspace/r8/m5/formal/FORMAL/R4_ALT_CEM_2/R6_reacher_0754fb7426df7476a90bdba4/REFIT_103203/FULL_HISTORY/result.json,1,1
R6_reacher_07a0ab05518d2f71e8a802de,H0,R4_ALT_CEM_2,1,24,1,False,/workspace/r8/m5/formal/FORMAL/R4_ALT_CEM_2/R6_reacher_07a0ab05518d2f71e8a802de/H0/FULL_HISTORY/result.json,1,1
R6_reacher_07a0ab05518d2f71e8a802de,REFIT_103201,R4_ALT_CEM_2,1,26,2,True,/workspace/r8/m5/formal/FORMAL/R4_ALT_CEM_2/R6_reacher_07a0ab05518d2f71e8a802de/REFIT_103201/FULL_HISTORY/result.json,1,1
R6_reacher_07a0ab05518d2f71e8a802de,REFIT_103202,R4_ALT_CEM_2,1,26,2,True,/workspace/r8/m5/formal/FORMAL/R4_ALT_CEM_2/R6_reacher_07a0ab05518d2f71e8a802de/REFIT_103202/FULL_HISTORY/result.json,1,1
R6_reacher_07a0ab05518d2f71e8a802de,REFIT_103203,R4_ALT_CEM_2,1,26,2,True,/workspace/r8/m5/formal/FORMAL/R4_ALT_CEM_2/R6_reacher_07a0ab05518d2f71e8a802de/REFIT_103203/FULL_HISTORY/result.json,1,1
R6_reacher_07a6dc2136798f840125ba56,H0,R4_ALT_CEM_2,1,12,1,False,/workspace/r8/m5/formal/FORMAL/R4_ALT_CEM_2/R6_reacher_07a6dc2136798f840125ba56/H0/FULL_HISTORY/result.json,1,1
R6_reacher_07a6dc2136798f840125ba56,REFIT_103201,R4_ALT_CEM_2,1,1,1,False,/workspace/r8/m5/formal/FORMAL/R4_ALT_CEM_2/R6_reacher_07a6dc2136798f840125ba56/REFIT_103201/FULL_HISTORY/result.json,1,1
R6_reacher_07a6dc2136798f840125ba56,REFIT_103202,R4_ALT_CEM_2,1,1,1,False,/workspace/r8/m5/formal/FORMAL/R4_ALT_CEM_2/R6_reacher_07a6dc2136798f840125ba56/REFIT_103202/FULL_HISTORY/result.json,1,1
R6_reacher_07a6dc2136798f840125ba56,REFIT_103203,R4_ALT_CEM_2,1,2,1,False,/workspace/r8/m5/formal/FORMAL/R4_ALT_CEM_2/R6_reacher_07a6dc2136798f840125ba56/REFIT_103203/FULL_HISTORY/result.json,1,1
R6_reacher_07d217105efcc8943612bd1b,H0,R4_ALT_CEM_2,1,25,1,False,/workspace/r8/m5/formal/FORMAL/R4_ALT_CEM_2/R6_reacher_07d217105efcc8943612bd1b/H0/FULL_HISTORY/result.json,1,1
R6_reacher_07d217105efcc8943612bd1b,REFIT_103201,R4_ALT_CEM_2,1,25,1,False,/workspace/r8/m5/formal/FORMAL/R4_ALT_CEM_2/R6_reacher_07d217105efcc8943612bd1b/REFIT_103201/FULL_HISTORY/result.json,1,1
R6_reacher_07d217105efcc8943612bd1b,REFIT_103202,R4_ALT_CEM_2,1,24,1,False,/workspace/r8/m5/formal/FORMAL/R4_ALT_CEM_2/R6_reacher_07d217105efcc8943612bd1b/REFIT_103202/FULL_HISTORY/result.json,1,1
R6_reacher_07d217105efcc8943612bd1b,REFIT_103203,R4_ALT_CEM_2,1,25,1,False,/workspace/r8/m5/formal/FORMAL/R4_ALT_CEM_2/R6_reacher_07d217105efcc8943612bd1b/REFIT_103203/FULL_HISTORY/result.json,1,1
R6_reacher_07d8ede95622d173c866dc15,H0,R4_ALT_CEM_2,1,22,1,False,/workspace/r8/m5/formal/FORMAL/R4_ALT_CEM_2/R6_reacher_07d8ede95622d173c866dc15/H0/FULL_HISTORY/result.json,0,1
R6_reacher_07d8ede95622d173c866dc15,REFIT_103201,R4_ALT_CEM_2,1,21,1,False,/workspace/r8/m5/formal/FORMAL/R4_ALT_CEM_2/R6_reacher_07d8ede95622d173c866dc15/REFIT_103201/FULL_HISTORY/result.json,1,1
R6_reacher_07d8ede95622d173c866dc15,REFIT_103202,R4_ALT_CEM_2,1,26,2,True,/workspace/r8/m5/formal/FORMAL/R4_ALT_CEM_2/R6_reacher_07d8ede95622d173c866dc15/REFIT_103202/FULL_HISTORY/result.json,1,1
R6_reacher_07d8ede95622d173c866dc15,REFIT_103203,R4_ALT_CEM_2,1,22,1,False,/workspace/r8/m5/formal/FORMAL/R4_ALT_CEM_2/R6_reacher_07d8ede95622d173c866dc15/REFIT_103203/FULL_HISTORY/result.json,1,1
R6_reacher_07f453cb26b9a6852312cfaf,H0,R4_ALT_CEM_2,1,25,1,False,/workspace/r8/m5/formal/FORMAL/R4_ALT_CEM_2/R6_reacher_07f453cb26b9a6852312cfaf/H0/FULL_HISTORY/result.json,1,1
R6_reacher_07f453cb26b9a6852312cfaf,REFIT_103201,R4_ALT_CEM_2,1,24,1,False,/workspace/r8/m5/formal/FORMAL/R4_ALT_CEM_2/R6_reacher_07f453cb26b9a6852312cfaf/REFIT_103201/FULL_HISTORY/result.json,1,1
R6_reacher_07f453cb26b9a6852312cfaf,REFIT_103202,R4_ALT_CEM_2,1,25,1,False,/workspace/r8/m5/formal/FORMAL/R4_ALT_CEM_2/R6_reacher_07f453cb26b9a6852312cfaf/REFIT_103202/FULL_HISTORY/result.json,1,1
R6_reacher_07f453cb26b9a6852312cfaf,REFIT_103203,R4_ALT_CEM_2,1,25,1,False,/workspace/r8/m5/formal/FORMAL/R4_ALT_CEM_2/R6_reacher_07f453cb26b9a6852312cfaf/REFIT_103203/FULL_HISTORY/result.json,1,1
R6_reacher_0836c96bfa0e02e08d4dc536,H0,R4_ALT_CEM_2,1,25,1,False,/workspace/r8/m5/formal/FORMAL/R4_ALT_CEM_2/R6_reacher_0836c96bfa0e02e08d4dc536/H0/FULL_HISTORY/result.json,1,1
R6_reacher_0836c96bfa0e02e08d4dc536,REFIT_103201,R4_ALT_CEM_2,1,25,1,False,/workspace/r8/m5/formal/FORMAL/R4_ALT_CEM_2/R6_reacher_0836c96bfa0e02e08d4dc536/REFIT_103201/FULL_HISTORY/result.json,1,1
R6_reacher_0836c96bfa0e02e08d4dc536,REFIT_103202,R4_ALT_CEM_2,1,25,1,False,/workspace/r8/m5/formal/FORMAL/R4_ALT_CEM_2/R6_reacher_0836c96bfa0e02e08d4dc536/REFIT_103202/FULL_HISTORY/result.json,1,1
R6_reacher_0836c96bfa0e02e08d4dc536,REFIT_103203,R4_ALT_CEM_2,1,25,1,False,/workspace/r8/m5/formal/FORMAL/R4_ALT_CEM_2/R6_reacher_0836c96bfa0e02e08d4dc536/REFIT_103203/FULL_HISTORY/result.json,1,1
R6_reacher_0859eef19809752e9afbb84a,H0,R4_ALT_CEM_2,1,24,1,False,/workspace/r8/m5/formal/FORMAL/R4_ALT_CEM_2/R6_reacher_0859eef19809752e9afbb84a/H0/FULL_HISTORY/result.json,1,1
R6_reacher_0859eef19809752e9afbb84a,REFIT_103201,R4_ALT_CEM_2,1,25,1,False,/workspace/r8/m5/formal/FORMAL/R4_ALT_CEM_2/R6_reacher_0859eef19809752e9afbb84a/REFIT_103201/FULL_HISTORY/result.json,0,1
R6_reacher_0859eef19809752e9afbb84a,REFIT_103202,R4_ALT_CEM_2,1,20,1,False,/workspace/r8/m5/formal/FORMAL/R4_ALT_CEM_2/R6_reacher_0859eef19809752e9afbb84a/REFIT_103202/FULL_HISTORY/result.json,1,1
R6_reacher_0859eef19809752e9afbb84a,REFIT_103203,R4_ALT_CEM_2,1,24,1,False,/workspace/r8/m5/formal/FORMAL/R4_ALT_CEM_2/R6_reacher_0859eef19809752e9afbb84a/REFIT_103203/FULL_HISTORY/result.json,1,1
R6_reacher_0877b94c4c4ad9e7428aeeea,H0,R4_ALT_CEM_2,1,25,1,False,/workspace/r8/m5/formal/FORMAL/R4_ALT_CEM_2/R6_reacher_0877b94c4c4ad9e7428aeeea/H0/FULL_HISTORY/result.json,1,1
R6_reacher_0877b94c4c4ad9e7428aeeea,REFIT_103201,R4_ALT_CEM_2,1,25,1,False,/workspace/r8/m5/formal/FORMAL/R4_ALT_CEM_2/R6_reacher_0877b94c4c4ad9e7428aeeea/REFIT_103201/FULL_HISTORY/result.json,1,1
R6_reacher_0877b94c4c4ad9e7428aeeea,REFIT_103202,R4_ALT_CEM_2,1,25,1,False,/workspace/r8/m5/formal/FORMAL/R4_ALT_CEM_2/R6_reacher_0877b94c4c4ad9e7428aeeea/REFIT_103202/FULL_HISTORY/result.json,1,1
R6_reacher_0877b94c4c4ad9e7428aeeea,REFIT_103203,R4_ALT_CEM_2,1,25,1,False,/workspace/r8/m5/formal/FORMAL/R4_ALT_CEM_2/R6_reacher_0877b94c4c4ad9e7428aeeea/REFIT_103203/FULL_HISTORY/result.json,1,1
R6_reacher_08adec0f89aa2befc53c51f6,H0,R4_ALT_CEM_2,1,25,1,False,/workspace/r8/m5/formal/FORMAL/R4_ALT_CEM_2/R6_reacher_08adec0f89aa2befc53c51f6/H0/FULL_HISTORY/result.json,1,1
R6_reacher_08adec0f89aa2befc53c51f6,REFIT_103201,R4_ALT_CEM_2,1,25,1,False,/workspace/r8/m5/formal/FORMAL/R4_ALT_CEM_2/R6_reacher_08adec0f89aa2befc53c51f6/REFIT_103201/FULL_HISTORY/result.json,1,1
R6_reacher_08adec0f89aa2befc53c51f6,REFIT_103202,R4_ALT_CEM_2,1,25,1,False,/workspace/r8/m5/formal/FORMAL/R4_ALT_CEM_2/R6_reacher_08adec0f89aa2befc53c51f6/REFIT_103202/FULL_HISTORY/result.json,1,1
R6_reacher_08adec0f89aa2befc53c51f6,REFIT_103203,R4_ALT_CEM_2,1,25,1,False,/workspace/r8/m5/formal/FORMAL/R4_ALT_CEM_2/R6_reacher_08adec0f89aa2befc53c51f6/REFIT_103203/FULL_HISTORY/result.json,1,1
R6_reacher_08e2de8457d9e13b5d9c4a01,H0,R4_ALT_CEM_2,1,26,2,True,/workspace/r8/m5/formal/FORMAL/R4_ALT_CEM_2/R6_reacher_08e2de8457d9e13b5d9c4a01/H0/FULL_HISTORY/result.json,0,1
R6_reacher_08e2de8457d9e13b5d9c4a01,REFIT_103201,R4_ALT_CEM_2,1,26,2,True,/workspace/r8/m5/formal/FORMAL/R4_ALT_CEM_2/R6_reacher_08e2de8457d9e13b5d9c4a01/REFIT_103201/FULL_HISTORY/result.json,0,1
R6_reacher_08e2de8457d9e13b5d9c4a01,REFIT_103202,R4_ALT_CEM_2,1,25,1,False,/workspace/r8/m5/formal/FORMAL/R4_ALT_CEM_2/R6_reacher_08e2de8457d9e13b5d9c4a01/REFIT_103202/FULL_HISTORY/result.json,1,1
R6_reacher_08e2de8457d9e13b5d9c4a01,REFIT_103203,R4_ALT_CEM_2,1,26,2,True,/workspace/r8/m5/formal/FORMAL/R4_ALT_CEM_2/R6_reacher_08e2de8457d9e13b5d9c4a01/REFIT_103203/FULL_HISTORY/result.json,1,1
R6_reacher_08e532e2e16e5aa68e92e603,H0,R4_ALT_CEM_2,1,16,1,False,/workspace/r8/m5/formal/FORMAL/R4_ALT_CEM_2/R6_reacher_08e532e2e16e5aa68e92e603/H0/FULL_HISTORY/result.json,1,1
R6_reacher_08e532e2e16e5aa68e92e603,REFIT_103201,R4_ALT_CEM_2,1,15,1,False,/workspace/r8/m5/formal/FORMAL/R4_ALT_CEM_2/R6_reacher_08e532e2e16e5aa68e92e603/REFIT_103201/FULL_HISTORY/result.json,1,1
R6_reacher_08e532e2e16e5aa68e92e603,REFIT_103202,R4_ALT_CEM_2,1,21,1,False,/workspace/r8/m5/formal/FORMAL/R4_ALT_CEM_2/R6_reacher_08e532e2e16e5aa68e92e603/REFIT_103202/FULL_HISTORY/result.json,1,1
R6_reacher_08e532e2e16e5aa68e92e603,REFIT_103203,R4_ALT_CEM_2,1,12,1,False,/workspace/r8/m5/formal/FORMAL/R4_ALT_CEM_2/R6_reacher_08e532e2e16e5aa68e92e603/REFIT_103203/FULL_HISTORY/result.json,1,1
R6_reacher_08ea3c55a7fb98416d5450bc,H0,R4_ALT_CEM_2,0,50,2,True,/workspace/r8/m5/formal/FORMAL/R4_ALT_CEM_2/R6_reacher_08ea3c55a7fb98416d5450bc/H0/FULL_HISTORY/result.json,0,1
R6_reacher_08ea3c55a7fb98416d5450bc,REFIT_103201,R4_ALT_CEM_2,1,24,1,False,/workspace/r8/m5/formal/FORMAL/R4_ALT_CEM_2/R6_reacher_08ea3c55a7fb98416d5450bc/REFIT_103201/FULL_HISTORY/result.json,1,1
R6_reacher_08ea3c55a7fb98416d5450bc,REFIT_103202,R4_ALT_CEM_2,1,25,1,False,/workspace/r8/m5/formal/FORMAL/R4_ALT_CEM_2/R6_reacher_08ea3c55a7fb98416d5450bc/REFIT_103202/FULL_HISTORY/result.json,0,1
R6_reacher_08ea3c55a7fb98416d5450bc,REFIT_103203,R4_ALT_CEM_2,1,25,1,False,/workspace/r8/m5/formal/FORMAL/R4_ALT_CEM_2/R6_reacher_08ea3c55a7fb98416d5450bc/REFIT_103203/FULL_HISTORY/result.json,1,1
R6_reacher_08edd6141fcf2cc487e96efd,H0,R4_ALT_CEM_2,1,18,1,False,/workspace/r8/m5/formal/FORMAL/R4_ALT_CEM_2/R6_reacher_08edd6141fcf2cc487e96efd/H0/FULL_HISTORY/result.json,1,0
R6_reacher_08edd6141fcf2cc487e96efd,REFIT_103201,R4_ALT_CEM_2,1,22,1,False,/workspace/r8/m5/formal/FORMAL/R4_ALT_CEM_2/R6_reacher_08edd6141fcf2cc487e96efd/REFIT_103201/FULL_HISTORY/result.json,0,1
R6_reacher_08edd6141fcf2cc487e96efd,REFIT_103202,R4_ALT_CEM_2,1,17,1,False,/workspace/r8/m5/formal/FORMAL/R4_ALT_CEM_2/R6_reacher_08edd6141fcf2cc487e96efd/REFIT_103202/FULL_HISTORY/result.json,1,0
R6_reacher_08edd6141fcf2cc487e96efd,REFIT_103203,R4_ALT_CEM_2,1,22,1,False,/workspace/r8/m5/formal/FORMAL/R4_ALT_CEM_2/R6_reacher_08edd6141fcf2cc487e96efd/REFIT_103203/FULL_HISTORY/result.json,1,1
R6_reacher_090e387544f3b641157cea56,H0,R4_ALT_CEM_2,1,23,1,False,/workspace/r8/m5/formal/FORMAL/R4_ALT_CEM_2/R6_reacher_090e387544f3b641157cea56/H0/FULL_HISTORY/result.json,0,1
R6_reacher_090e387544f3b641157cea56,REFIT_103201,R4_ALT_CEM_2,1,24,1,False,/workspace/r8/m5/formal/FORMAL/R4_ALT_CEM_2/R6_reacher_090e387544f3b641157cea56/REFIT_103201/FULL_HISTORY/result.json,1,1
R6_reacher_090e387544f3b641157cea56,REFIT_103202,R4_ALT_CEM_2,1,24,1,False,/workspace/r8/m5/formal/FORMAL/R4_ALT_CEM_2/R6_reacher_090e387544f3b641157cea56/REFIT_103202/FULL_HISTORY/result.json,1,1
R6_reacher_090e387544f3b641157cea56,REFIT_103203,R4_ALT_CEM_2,1,24,1,False,/workspace/r8/m5/formal/FORMAL/R4_ALT_CEM_2/R6_reacher_090e387544f3b641157cea56/REFIT_103203/FULL_HISTORY/result.json,1,1
R6_reacher_09129778869b8933020399b8,H0,R4_ALT_CEM_2,1,25,1,False,/workspace/r8/m5/formal/FORMAL/R4_ALT_CEM_2/R6_reacher_09129778869b8933020399b8/H0/FULL_HISTORY/result.json,1,1
R6_reacher_09129778869b8933020399b8,REFIT_103201,R4_ALT_CEM_2,1,25,1,False,/workspace/r8/m5/formal/FORMAL/R4_ALT_CEM_2/R6_reacher_09129778869b8933020399b8/REFIT_103201/FULL_HISTORY/result.json,1,1
R6_reacher_09129778869b8933020399b8,REFIT_103202,R4_ALT_CEM_2,1,25,1,False,/workspace/r8/m5/formal/FORMAL/R4_ALT_CEM_2/R6_reacher_09129778869b8933020399b8/REFIT_103202/FULL_HISTORY/result.json,1,1
R6_reacher_09129778869b8933020399b8,REFIT_103203,R4_ALT_CEM_2,1,25,1,False,/workspace/r8/m5/formal/FORMAL/R4_ALT_CEM_2/R6_reacher_09129778869b8933020399b8/REFIT_103203/FULL_HISTORY/result.json,0,1
R6_reacher_092eb479cf3e133d57041497,H0,R4_ALT_CEM_2,1,42,2,True,/workspace/r8/m5/formal/FORMAL/R4_ALT_CEM_2/R6_reacher_092eb479cf3e133d57041497/H0/FULL_HISTORY/result.json,1,1
R6_reacher_092eb479cf3e133d57041497,REFIT_103201,R4_ALT_CEM_2,1,24,1,False,/workspace/r8/m5/formal/FORMAL/R4_ALT_CEM_2/R6_reacher_092eb479cf3e133d57041497/REFIT_103201/FULL_HISTORY/result.json,1,1
R6_reacher_092eb479cf3e133d57041497,REFIT_103202,R4_ALT_CEM_2,1,24,1,False,/workspace/r8/m5/formal/FORMAL/R4_ALT_CEM_2/R6_reacher_092eb479cf3e133d57041497/REFIT_103202/FULL_HISTORY/result.json,1,1
R6_reacher_092eb479cf3e133d57041497,REFIT_103203,R4_ALT_CEM_2,1,22,1,False,/workspace/r8/m5/formal/FORMAL/R4_ALT_CEM_2/R6_reacher_092eb479cf3e133d57041497/REFIT_103203/FULL_HISTORY/result.json,1,1
R6_reacher_0958072154ac56b71d457e80,H0,R4_ALT_CEM_2,1,22,1,False,/workspace/r8/m5/formal/FORMAL/R4_ALT_CEM_2/R6_reacher_0958072154ac56b71d457e80/H0/FULL_HISTORY/result.json,1,1
R6_reacher_0958072154ac56b71d457e80,REFIT_103201,R4_ALT_CEM_2,1,26,2,True,/workspace/r8/m5/formal/FORMAL/R4_ALT_CEM_2/R6_reacher_0958072154ac56b71d457e80/REFIT_103201/FULL_HISTORY/result.json,1,1
R6_reacher_0958072154ac56b71d457e80,REFIT_103202,R4_ALT_CEM_2,1,24,1,False,/workspace/r8/m5/formal/FORMAL/R4_ALT_CEM_2/R6_reacher_0958072154ac56b71d457e80/REFIT_103202/FULL_HISTORY/result.json,1,1
R6_reacher_0958072154ac56b71d457e80,REFIT_103203,R4_ALT_CEM_2,1,25,1,False,/workspace/r8/m5/formal/FORMAL/R4_ALT_CEM_2/R6_reacher_0958072154ac56b71d457e80/REFIT_103203/FULL_HISTORY/result.json,1,1
R6_reacher_0965dc9d288d1769d4d29d4a,H0,R4_ALT_CEM_2,1,25,1,False,/workspace/r8/m5/formal/FORMAL/R4_ALT_CEM_2/R6_reacher_0965dc9d288d1769d4d29d4a/H0/FULL_HISTORY/result.json,1,1
R6_reacher_0965dc9d288d1769d4d29d4a,REFIT_103201,R4_ALT_CEM_2,1,24,1,False,/workspace/r8/m5/formal/FORMAL/R4_ALT_CEM_2/R6_reacher_0965dc9d288d1769d4d29d4a/REFIT_103201/FULL_HISTORY/result.json,1,1
R6_reacher_0965dc9d288d1769d4d29d4a,REFIT_103202,R4_ALT_CEM_2,1,25,1,False,/workspace/r8/m5/formal/FORMAL/R4_ALT_CEM_2/R6_reacher_0965dc9d288d1769d4d29d4a/REFIT_103202/FULL_HISTORY/result.json,1,1
R6_reacher_0965dc9d288d1769d4d29d4a,REFIT_103203,R4_ALT_CEM_2,1,22,1,False,/workspace/r8/m5/formal/FORMAL/R4_ALT_CEM_2/R6_reacher_0965dc9d288d1769d4d29d4a/REFIT_103203/FULL_HISTORY/result.json,1,1
R6_reacher_096c43e05c7b22dbd8c24748,H0,R4_ALT_CEM_2,1,21,1,False,/workspace/r8/m5/formal/FORMAL/R4_ALT_CEM_2/R6_reacher_096c43e05c7b22dbd8c24748/H0/FULL_HISTORY/result.json,1,1
R6_reacher_096c43e05c7b22dbd8c24748,REFIT_103201,R4_ALT_CEM_2,1,18,1,False,/workspace/r8/m5/formal/FORMAL/R4_ALT_CEM_2/R6_reacher_096c43e05c7b22dbd8c24748/REFIT_103201/FULL_HISTORY/result.json,1,1
R6_reacher_096c43e05c7b22dbd8c24748,REFIT_103202,R4_ALT_CEM_2,1,25,1,False,/workspace/r8/m5/formal/FORMAL/R4_ALT_CEM_2/R6_reacher_096c43e05c7b22dbd8c24748/REFIT_103202/FULL_HISTORY/result.json,1,1
R6_reacher_096c43e05c7b22dbd8c24748,REFIT_103203,R4_ALT_CEM_2,1,19,1,False,/workspace/r8/m5/formal/FORMAL/R4_ALT_CEM_2/R6_reacher_096c43e05c7b22dbd8c24748/REFIT_103203/FULL_HISTORY/result.json,1,1
R6_reacher_09a47a8bb70067f36643bc00,H0,R4_ALT_CEM_2,1,20,1,False,/workspace/r8/m5/formal/FORMAL/R4_ALT_CEM_2/R6_reacher_09a47a8bb70067f36643bc00/H0/FULL_HISTORY/result.json,1,1
R6_reacher_09a47a8bb70067f36643bc00,REFIT_103201,R4_ALT_CEM_2,1,12,1,False,/workspace/r8/m5/formal/FORMAL/R4_ALT_CEM_2/R6_reacher_09a47a8bb70067f36643bc00/REFIT_103201/FULL_HISTORY/result.json,1,1
R6_reacher_09a47a8bb70067f36643bc00,REFIT_103202,R4_ALT_CEM_2,1,22,1,False,/workspace/r8/m5/formal/FORMAL/R4_ALT_CEM_2/R6_reacher_09a47a8bb70067f36643bc00/REFIT_103202/FULL_HISTORY/result.json,1,1
R6_reacher_09a47a8bb70067f36643bc00,REFIT_103203,R4_ALT_CEM_2,1,22,1,False,/workspace/r8/m5/formal/FORMAL/R4_ALT_CEM_2/R6_reacher_09a47a8bb70067f36643bc00/REFIT_103203/FULL_HISTORY/result.json,1,1
R6_reacher_09b6d2b9f5e37ac12c42b2de,H0,R4_ALT_CEM_2,1,23,1,False,/workspace/r8/m5/formal/FORMAL/R4_ALT_CEM_2/R6_reacher_09b6d2b9f5e37ac12c42b2de/H0/FULL_HISTORY/result.json,1,1
R6_reacher_09b6d2b9f5e37ac12c42b2de,REFIT_103201,R4_ALT_CEM_2,1,24,1,False,/workspace/r8/m5/formal/FORMAL/R4_ALT_CEM_2/R6_reacher_09b6d2b9f5e37ac12c42b2de/REFIT_103201/FULL_HISTORY/result.json,1,1
R6_reacher_09b6d2b9f5e37ac12c42b2de,REFIT_103202,R4_ALT_CEM_2,1,24,1,False,/workspace/r8/m5/formal/FORMAL/R4_ALT_CEM_2/R6_reacher_09b6d2b9f5e37ac12c42b2de/REFIT_103202/FULL_HISTORY/result.json,1,1
R6_reacher_09b6d2b9f5e37ac12c42b2de,REFIT_103203,R4_ALT_CEM_2,1,24,1,False,/workspace/r8/m5/formal/FORMAL/R4_ALT_CEM_2/R6_reacher_09b6d2b9f5e37ac12c42b2de/REFIT_103203/FULL_HISTORY/result.json,1,1
R6_reacher_09cac336578dc22db2b55aa2,H0,R4_ALT_CEM_2,1,25,1,False,/workspace/r8/m5/formal/FORMAL/R4_ALT_CEM_2/R6_reacher_09cac336578dc22db2b55aa2/H0/FULL_HISTORY/result.json,0,1
R6_reacher_09cac336578dc22db2b55aa2,REFIT_103201,R4_ALT_CEM_2,1,20,1,False,/workspace/r8/m5/formal/FORMAL/R4_ALT_CEM_2/R6_reacher_09cac336578dc22db2b55aa2/REFIT_103201/FULL_HISTORY/result.json,1,1
R6_reacher_09cac336578dc22db2b55aa2,REFIT_103202,R4_ALT_CEM_2,1,15,1,False,/workspace/r8/m5/formal/FORMAL/R4_ALT_CEM_2/R6_reacher_09cac336578dc22db2b55aa2/REFIT_103202/FULL_HISTORY/result.json,1,1
R6_reacher_09cac336578dc22db2b55aa2,REFIT_103203,R4_ALT_CEM_2,1,15,1,False,/workspace/r8/m5/formal/FORMAL/R4_ALT_CEM_2/R6_reacher_09cac336578dc22db2b55aa2/REFIT_103203/FULL_HISTORY/result.json,1,1
R6_reacher_0a1c76cdd10dec44fa26825d,H0,R4_ALT_CEM_2,1,24,1,False,/workspace/r8/m5/formal/FORMAL/R4_ALT_CEM_2/R6_reacher_0a1c76cdd10dec44fa26825d/H0/FULL_HISTORY/result.json,1,1
R6_reacher_0a1c76cdd10dec44fa26825d,REFIT_103201,R4_ALT_CEM_2,1,22,1,False,/workspace/r8/m5/formal/FORMAL/R4_ALT_CEM_2/R6_reacher_0a1c76cdd10dec44fa26825d/REFIT_103201/FULL_HISTORY/result.json,1,1
R6_reacher_0a1c76cdd10dec44fa26825d,REFIT_103202,R4_ALT_CEM_2,1,20,1,False,/workspace/r8/m5/formal/FORMAL/R4_ALT_CEM_2/R6_reacher_0a1c76cdd10dec44fa26825d/REFIT_103202/FULL_HISTORY/result.json,1,1
R6_reacher_0a1c76cdd10dec44fa26825d,REFIT_103203,R4_ALT_CEM_2,1,23,1,False,/workspace/r8/m5/formal/FORMAL/R4_ALT_CEM_2/R6_reacher_0a1c76cdd10dec44fa26825d/REFIT_103203/FULL_HISTORY/result.json,0,1
R6_reacher_0a3276eb5547ed96f16b50c5,H0,R4_ALT_CEM_2,1,18,1,False,/workspace/r8/m5/formal/FORMAL/R4_ALT_CEM_2/R6_reacher_0a3276eb5547ed96f16b50c5/H0/FULL_HISTORY/result.json,1,1
R6_reacher_0a3276eb5547ed96f16b50c5,REFIT_103201,R4_ALT_CEM_2,1,18,1,False,/workspace/r8/m5/formal/FORMAL/R4_ALT_CEM_2/R6_reacher_0a3276eb5547ed96f16b50c5/REFIT_103201/FULL_HISTORY/result.json,1,1
R6_reacher_0a3276eb5547ed96f16b50c5,REFIT_103202,R4_ALT_CEM_2,1,25,1,False,/workspace/r8/m5/formal/FORMAL/R4_ALT_CEM_2/R6_reacher_0a3276eb5547ed96f16b50c5/REFIT_103202/FULL_HISTORY/result.json,1,1
R6_reacher_0a3276eb5547ed96f16b50c5,REFIT_103203,R4_ALT_CEM_2,1,25,1,False,/workspace/r8/m5/formal/FORMAL/R4_ALT_CEM_2/R6_reacher_0a3276eb5547ed96f16b50c5/REFIT_103203/FULL_HISTORY/result.json,1,1
R6_reacher_0a34e5a0c99702c6891be14b,H0,R4_ALT_CEM_2,1,24,1,False,/workspace/r8/m5/formal/FORMAL/R4_ALT_CEM_2/R6_reacher_0a34e5a0c99702c6891be14b/H0/FULL_HISTORY/result.json,1,1
R6_reacher_0a34e5a0c99702c6891be14b,REFIT_103201,R4_ALT_CEM_2,1,24,1,False,/workspace/r8/m5/formal/FORMAL/R4_ALT_CEM_2/R6_reacher_0a34e5a0c99702c6891be14b/REFIT_103201/FULL_HISTORY/result.json,1,1
R6_reacher_0a34e5a0c99702c6891be14b,REFIT_103202,R4_ALT_CEM_2,1,25,1,False,/workspace/r8/m5/formal/FORMAL/R4_ALT_CEM_2/R6_reacher_0a34e5a0c99702c6891be14b/REFIT_103202/FULL_HISTORY/result.json,0,1
R6_reacher_0a34e5a0c99702c6891be14b,REFIT_103203,R4_ALT_CEM_2,1,24,1,False,/workspace/r8/m5/formal/FORMAL/R4_ALT_CEM_2/R6_reacher_0a34e5a0c99702c6891be14b/REFIT_103203/FULL_HISTORY/result.json,0,1
R6_reacher_0a592ca5f4b1f51d4a757a50,H0,R4_ALT_CEM_2,1,19,1,False,/workspace/r8/m5/formal/FORMAL/R4_ALT_CEM_2/R6_reacher_0a592ca5f4b1f51d4a757a50/H0/FULL_HISTORY/result.json,1,1
R6_reacher_0a592ca5f4b1f51d4a757a50,REFIT_103201,R4_ALT_CEM_2,1,23,1,False,/workspace/r8/m5/formal/FORMAL/R4_ALT_CEM_2/R6_reacher_0a592ca5f4b1f51d4a757a50/REFIT_103201/FULL_HISTORY/result.json,1,1
R6_reacher_0a592ca5f4b1f51d4a757a50,REFIT_103202,R4_ALT_CEM_2,1,50,2,True,/workspace/r8/m5/formal/FORMAL/R4_ALT_CEM_2/R6_reacher_0a592ca5f4b1f51d4a757a50/REFIT_103202/FULL_HISTORY/result.json,1,1
R6_reacher_0a592ca5f4b1f51d4a757a50,REFIT_103203,R4_ALT_CEM_2,1,18,1,False,/workspace/r8/m5/formal/FORMAL/R4_ALT_CEM_2/R6_reacher_0a592ca5f4b1f51d4a757a50/REFIT_103203/FULL_HISTORY/result.json,1,1
R6_reacher_0a67eaaa889aba7173dd8b5e,H0,R4_ALT_CEM_2,1,25,1,False,/workspace/r8/m5/formal/FORMAL/R4_ALT_CEM_2/R6_reacher_0a67eaaa889aba7173dd8b5e/H0/FULL_HISTORY/result.json,1,1
R6_reacher_0a67eaaa889aba7173dd8b5e,REFIT_103201,R4_ALT_CEM_2,1,25,1,False,/workspace/r8/m5/formal/FORMAL/R4_ALT_CEM_2/R6_reacher_0a67eaaa889aba7173dd8b5e/REFIT_103201/FULL_HISTORY/result.json,1,1
R6_reacher_0a67eaaa889aba7173dd8b5e,REFIT_103202,R4_ALT_CEM_2,1,25,1,False,/workspace/r8/m5/formal/FORMAL/R4_ALT_CEM_2/R6_reacher_0a67eaaa889aba7173dd8b5e/REFIT_103202/FULL_HISTORY/result.json,1,1
R6_reacher_0a67eaaa889aba7173dd8b5e,REFIT_103203,R4_ALT_CEM_2,1,17,1,False,/workspace/r8/m5/formal/FORMAL/R4_ALT_CEM_2/R6_reacher_0a67eaaa889aba7173dd8b5e/REFIT_103203/FULL_HISTORY/result.json,1,1
R6_reacher_0a74deb4b05592118d0fafd9,H0,R4_ALT_CEM_2,1,25,1,False,/workspace/r8/m5/formal/FORMAL/R4_ALT_CEM_2/R6_reacher_0a74deb4b05592118d0fafd9/H0/FULL_HISTORY/result.json,1,1
R6_reacher_0a74deb4b05592118d0fafd9,REFIT_103201,R4_ALT_CEM_2,1,25,1,False,/workspace/r8/m5/formal/FORMAL/R4_ALT_CEM_2/R6_reacher_0a74deb4b05592118d0fafd9/REFIT_103201/FULL_HISTORY/result.json,0,1
R6_reacher_0a74deb4b05592118d0fafd9,REFIT_103202,R4_ALT_CEM_2,1,24,1,False,/workspace/r8/m5/formal/FORMAL/R4_ALT_CEM_2/R6_reacher_0a74deb4b05592118d0fafd9/REFIT_103202/FULL_HISTORY/result.json,1,1
R6_reacher_0a74deb4b05592118d0fafd9,REFIT_103203,R4_ALT_CEM_2,1,25,1,False,/workspace/r8/m5/formal/FORMAL/R4_ALT_CEM_2/R6_reacher_0a74deb4b05592118d0fafd9/REFIT_103203/FULL_HISTORY/result.json,1,1
R6_reacher_0a8ebf9f92e62de330d9759e,H0,R4_ALT_CEM_2,1,25,1,False,/workspace/r8/m5/formal/FORMAL/R4_ALT_CEM_2/R6_reacher_0a8ebf9f92e62de330d9759e/H0/FULL_HISTORY/result.json,0,1
R6_reacher_0a8ebf9f92e62de330d9759e,REFIT_103201,R4_ALT_CEM_2,1,50,2,True,/workspace/r8/m5/formal/FORMAL/R4_ALT_CEM_2/R6_reacher_0a8ebf9f92e62de330d9759e/REFIT_103201/FULL_HISTORY/result.json,0,1
R6_reacher_0a8ebf9f92e62de330d9759e,REFIT_103202,R4_ALT_CEM_2,1,50,2,True,/workspace/r8/m5/formal/FORMAL/R4_ALT_CEM_2/R6_reacher_0a8ebf9f92e62de330d9759e/REFIT_103202/FULL_HISTORY/result.json,0,1
R6_reacher_0a8ebf9f92e62de330d9759e,REFIT_103203,R4_ALT_CEM_2,0,50,2,True,/workspace/r8/m5/formal/FORMAL/R4_ALT_CEM_2/R6_reacher_0a8ebf9f92e62de330d9759e/REFIT_103203/FULL_HISTORY/result.json,0,1
R6_reacher_0ab0d3473481dc3b32839a68,H0,R4_ALT_CEM_2,1,21,1,False,/workspace/r8/m5/formal/FORMAL/R4_ALT_CEM_2/R6_reacher_0ab0d3473481dc3b32839a68/H0/FULL_HISTORY/result.json,1,1
R6_reacher_0ab0d3473481dc3b32839a68,REFIT_103201,R4_ALT_CEM_2,1,23,1,False,/workspace/r8/m5/formal/FORMAL/R4_ALT_CEM_2/R6_reacher_0ab0d3473481dc3b32839a68/REFIT_103201/FULL_HISTORY/result.json,1,1
R6_reacher_0ab0d3473481dc3b32839a68,REFIT_103202,R4_ALT_CEM_2,1,25,1,False,/workspace/r8/m5/formal/FORMAL/R4_ALT_CEM_2/R6_reacher_0ab0d3473481dc3b32839a68/REFIT_103202/FULL_HISTORY/result.json,1,1
R6_reacher_0ab0d3473481dc3b32839a68,REFIT_103203,R4_ALT_CEM_2,1,24,1,False,/workspace/r8/m5/formal/FORMAL/R4_ALT_CEM_2/R6_reacher_0ab0d3473481dc3b32839a68/REFIT_103203/FULL_HISTORY/result.json,1,1
R6_reacher_0abbe32b49558f890c57967a,H0,R4_ALT_CEM_2,1,22,1,False,/workspace/r8/m5/formal/FORMAL/R4_ALT_CEM_2/R6_reacher_0abbe32b49558f890c57967a/H0/FULL_HISTORY/result.json,1,1
R6_reacher_0abbe32b49558f890c57967a,REFIT_103201,R4_ALT_CEM_2,1,25,1,False,/workspace/r8/m5/formal/FORMAL/R4_ALT_CEM_2/R6_reacher_0abbe32b49558f890c57967a/REFIT_103201/FULL_HISTORY/result.json,1,1
R6_reacher_0abbe32b49558f890c57967a,REFIT_103202,R4_ALT_CEM_2,1,24,1,False,/workspace/r8/m5/formal/FORMAL/R4_ALT_CEM_2/R6_reacher_0abbe32b49558f890c57967a/REFIT_103202/FULL_HISTORY/result.json,1,1
R6_reacher_0abbe32b49558f890c57967a,REFIT_103203,R4_ALT_CEM_2,1,24,1,False,/workspace/r8/m5/formal/FORMAL/R4_ALT_CEM_2/R6_reacher_0abbe32b49558f890c57967a/REFIT_103203/FULL_HISTORY/result.json,1,1
