task,cases,independent_unit,bootstrap_replicates,multiplicity,source_table_sha256,evidence_label,metric,arm,history_kind,horizon_macro,estimate,conditional95_low,conditional95_high,family95_low,family95_high,merge_source_sha256,merge_source_table
pusht,100,CASE,5000,UNADJUSTED_POINTWISE_CONDITIONAL,2b6a8d8d414804585f36d21a8dcecf84e810a9a55da6ce07e78d8f1af90c239b,POST_R4_SUPPLEMENT_ON_KNOWN_EVALUATION_CASES,latent_mse,H0,H_POLICY,1,0.008788446520920843,0.006132567625289085,0.013172340440039986,0.006230312456083962,0.012943718004863148,02adc09003fd81a4e72955cd08ca6953787f190bbdd548830113d10e2c3862a5,/workspace/r5/H1a/combined/HISTORY_CONDITION_4TASK_TABLE.csv
pusht,100,CASE,5000,UNADJUSTED_POINTWISE_CONDITIONAL,2b6a8d8d414804585f36d21a8dcecf84e810a9a55da6ce07e78d8f1af90c239b,POST_R4_SUPPLEMENT_ON_KNOWN_EVALUATION_CASES,latent_mse,H0,H_REAL3,1,0.008431567454244941,0.005728722749161534,0.013262695228972003,0.005815773030445245,0.013067954324897716,02adc09003fd81a4e72955cd08ca6953787f190bbdd548830113d10e2c3862a5,/workspace/r5/H1a/combined/HISTORY_CONDITION_4TASK_TABLE.csv
pusht,100,CASE,5000,UNADJUSTED_POINTWISE_CONDITIONAL,2b6a8d8d414804585f36d21a8dcecf84e810a9a55da6ce07e78d8f1af90c239b,POST_R4_SUPPLEMENT_ON_KNOWN_EVALUATION_CASES,latent_mse_REAL3_minus_POLICY,H0,PAIRED_REAL3_MINUS_POLICY,1,-0.0003568790666759014,-0.0011693908842571544,0.000527061644243076,-0.0011703327397473765,0.0005251424871459072,02adc09003fd81a4e72955cd08ca6953787f190bbdd548830113d10e2c3862a5,/workspace/r5/H1a/combined/HISTORY_CONDITION_4TASK_TABLE.csv
pusht,100,CASE,5000,UNADJUSTED_POINTWISE_CONDITIONAL,2b6a8d8d414804585f36d21a8dcecf84e810a9a55da6ce07e78d8f1af90c239b,POST_R4_SUPPLEMENT_ON_KNOWN_EVALUATION_CASES,latent_mse,REFIT_103201,H_POLICY,1,0.0073573072347790005,0.005050159771664766,0.01108037382530165,0.005186676912402284,0.010975546035513605,02adc09003fd81a4e72955cd08ca6953787f190bbdd548830113d10e2c3862a5,/workspace/r5/H1a/combined/HISTORY_CONDITION_4TASK_TABLE.csv
pusht,100,CASE,5000,UNADJUSTED_POINTWISE_CONDITIONAL,2b6a8d8d414804585f36d21a8dcecf84e810a9a55da6ce07e78d8f1af90c239b,POST_R4_SUPPLEMENT_ON_KNOWN_EVALUATION_CASES,latent_mse,REFIT_103201,H_REAL3,1,0.006658591856248677,0.004838567217608215,0.009358976958843409,0.0049626004347497095,0.00925256376157301,02adc09003fd81a4e72955cd08ca6953787f190bbdd548830113d10e2c3862a5,/workspace/r5/H1a/combined/HISTORY_CONDITION_4TASK_TABLE.csv
pusht,100,CASE,5000,UNADJUSTED_POINTWISE_CONDITIONAL,2b6a8d8d414804585f36d21a8dcecf84e810a9a55da6ce07e78d8f1af90c239b,POST_R4_SUPPLEMENT_ON_KNOWN_EVALUATION_CASES,latent_mse_REAL3_minus_POLICY,REFIT_103201,PAIRED_REAL3_MINUS_POLICY,1,-0.0006987153785303235,-0.0018089303505257703,-3.1462431652471557e-05,-0.0018173340613210872,-5.0593038394919055e-05,02adc09003fd81a4e72955cd08ca6953787f190bbdd548830113d10e2c3862a5,/workspace/r5/H1a/combined/HISTORY_CONDITION_4TASK_TABLE.csv
pusht,100,CASE,5000,UNADJUSTED_POINTWISE_CONDITIONAL,2b6a8d8d414804585f36d21a8dcecf84e810a9a55da6ce07e78d8f1af90c239b,POST_R4_SUPPLEMENT_ON_KNOWN_EVALUATION_CASES,relative_refit_improvement_ratio_of_means,REFIT_103201,H_POLICY,1,0.1628432604937658,-0.24901342208066338,0.4457369800081907,-0.25111059917782297,0.44542918126264014,02adc09003fd81a4e72955cd08ca6953787f190bbdd548830113d10e2c3862a5,/workspace/r5/H1a/combined/HISTORY_CONDITION_4TASK_TABLE.csv
pusht,100,CASE,5000,UNADJUSTED_POINTWISE_CONDITIONAL,2b6a8d8d414804585f36d21a8dcecf84e810a9a55da6ce07e78d8f1af90c239b,POST_R4_SUPPLEMENT_ON_KNOWN_EVALUATION_CASES,relative_refit_improvement_ratio_of_means,REFIT_103201,H_REAL3,1,0.2102782913874033,-0.2186534838306779,0.47511609874065286,-0.21662145490522636,0.480172436450617,02adc09003fd81a4e72955cd08ca6953787f190bbdd548830113d10e2c3862a5,/workspace/r5/H1a/combined/HISTORY_CONDITION_4TASK_TABLE.csv
pusht,100,CASE,5000,UNADJUSTED_POINTWISE_CONDITIONAL,2b6a8d8d414804585f36d21a8dcecf84e810a9a55da6ce07e78d8f1af90c239b,POST_R4_SUPPLEMENT_ON_KNOWN_EVALUATION_CASES,latent_mse,REFIT_103202,H_POLICY,1,0.006640173299238086,0.004997801635123324,0.008955077755264938,0.005127191327256957,0.008828416127365648,02adc09003fd81a4e72955cd08ca6953787f190bbdd548830113d10e2c3862a5,/workspace/r5/H1a/combined/HISTORY_CONDITION_4TASK_TABLE.csv
pusht,100,CASE,5000,UNADJUSTED_POINTWISE_CONDITIONAL,2b6a8d8d414804585f36d21a8dcecf84e810a9a55da6ce07e78d8f1af90c239b,POST_R4_SUPPLEMENT_ON_KNOWN_EVALUATION_CASES,latent_mse,REFIT_103202,H_REAL3,1,0.0060653452400583775,0.004751603809185326,0.007748313329415395,0.004871923231302254,0.007643635647104793,02adc09003fd81a4e72955cd08ca6953787f190bbdd548830113d10e2c3862a5,/workspace/r5/H1a/combined/HISTORY_CONDITION_4TASK_TABLE.csv
pusht,100,CASE,5000,UNADJUSTED_POINTWISE_CONDITIONAL,2b6a8d8d414804585f36d21a8dcecf84e810a9a55da6ce07e78d8f1af90c239b,POST_R4_SUPPLEMENT_ON_KNOWN_EVALUATION_CASES,latent_mse_REAL3_minus_POLICY,REFIT_103202,PAIRED_REAL3_MINUS_POLICY,1,-0.0005748280591797083,-0.001390946701489156,-4.303104124846875e-05,-0.0013822010179909154,-6.51999770140912e-05,02adc09003fd81a4e72955cd08ca6953787f190bbdd548830113d10e2c3862a5,/workspace/r5/H1a/combined/HISTORY_CONDITION_4TASK_TABLE.csv
pusht,100,CASE,5000,UNADJUSTED_POINTWISE_CONDITIONAL,2b6a8d8d414804585f36d21a8dcecf84e810a9a55da6ce07e78d8f1af90c239b,POST_R4_SUPPLEMENT_ON_KNOWN_EVALUATION_CASES,relative_refit_improvement_ratio_of_means,REFIT_103202,H_POLICY,1,0.24444288493635433,-0.02247011681751577,0.4590285498614761,-0.024131891664605228,0.4613724481265328,02adc09003fd81a4e72955cd08ca6953787f190bbdd548830113d10e2c3862a5,/workspace/r5/H1a/combined/HISTORY_CONDITION_4TASK_TABLE.csv
pusht,100,CASE,5000,UNADJUSTED_POINTWISE_CONDITIONAL,2b6a8d8d414804585f36d21a8dcecf84e810a9a55da6ce07e78d8f1af90c239b,POST_R4_SUPPLEMENT_ON_KNOWN_EVALUATION_CASES,relative_refit_improvement_ratio_of_means,REFIT_103202,H_REAL3,1,0.28063847286132665,-0.014945553461413593,0.4957534255595081,-0.014214727203313503,0.4958423740805478,02adc09003fd81a4e72955cd08ca6953787f190bbdd548830113d10e2c3862a5,/workspace/r5/H1a/combined/HISTORY_CONDITION_4TASK_TABLE.csv
pusht,100,CASE,5000,UNADJUSTED_POINTWISE_CONDITIONAL,2b6a8d8d414804585f36d21a8dcecf84e810a9a55da6ce07e78d8f1af90c239b,POST_R4_SUPPLEMENT_ON_KNOWN_EVALUATION_CASES,latent_mse,REFIT_103203,H_POLICY,1,0.006670928843086585,0.004985695184383076,0.009177456654288107,0.005127423234562951,0.009044048348874133,02adc09003fd81a4e72955cd08ca6953787f190bbdd548830113d10e2c3862a5,/workspace/r5/H1a/combined/HISTORY_CONDITION_4TASK_TABLE.csv
pusht,100,CASE,5000,UNADJUSTED_POINTWISE_CONDITIONAL,2b6a8d8d414804585f36d21a8dcecf84e810a9a55da6ce07e78d8f1af90c239b,POST_R4_SUPPLEMENT_ON_KNOWN_EVALUATION_CASES,latent_mse,REFIT_103203,H_REAL3,1,0.006047517550759949,0.004792332329408964,0.007645405386312632,0.0049224279457380565,0.007503927062365814,02adc09003fd81a4e72955cd08ca6953787f190bbdd548830113d10e2c3862a5,/workspace/r5/H1a/combined/HISTORY_CONDITION_4TASK_TABLE.csv
pusht,100,CASE,5000,UNADJUSTED_POINTWISE_CONDITIONAL,2b6a8d8d414804585f36d21a8dcecf84e810a9a55da6ce07e78d8f1af90c239b,POST_R4_SUPPLEMENT_ON_KNOWN_EVALUATION_CASES,latent_mse_REAL3_minus_POLICY,REFIT_103203,PAIRED_REAL3_MINUS_POLICY,1,-0.0006234112923266366,-0.0017027640656306175,5.611765387584437e-05,-0.001705771094798764,4.4052119641725906e-05,02adc09003fd81a4e72955cd08ca6953787f190bbdd548830113d10e2c3862a5,/workspace/r5/H1a/combined/HISTORY_CONDITION_4TASK_TABLE.csv
pusht,100,CASE,5000,UNADJUSTED_POINTWISE_CONDITIONAL,2b6a8d8d414804585f36d21a8dcecf84e810a9a55da6ce07e78d8f1af90c239b,POST_R4_SUPPLEMENT_ON_KNOWN_EVALUATION_CASES,relative_refit_improvement_ratio_of_means,REFIT_103203,H_POLICY,1,0.2409433422384172,-0.05015054262630099,0.47444027872223377,-0.0538757659726848,0.4766895971371492,02adc09003fd81a4e72955cd08ca6953787f190bbdd548830113d10e2c3862a5,/workspace/r5/H1a/combined/HISTORY_CONDITION_4TASK_TABLE.csv
pusht,100,CASE,5000,UNADJUSTED_POINTWISE_CONDITIONAL,2b6a8d8d414804585f36d21a8dcecf84e810a9a55da6ce07e78d8f1af90c239b,POST_R4_SUPPLEMENT_ON_KNOWN_EVALUATION_CASES,relative_refit_improvement_ratio_of_means,REFIT_103203,H_REAL3,1,0.28275287085377265,-0.009647731325945605,0.5033266708027276,-0.0072917105555263305,0.5032011930094645,02adc09003fd81a4e72955cd08ca6953787f190bbdd548830113d10e2c3862a5,/workspace/r5/H1a/combined/HISTORY_CONDITION_4TASK_TABLE.csv
pusht,100,CASE,5000,UNADJUSTED_POINTWISE_CONDITIONAL,2b6a8d8d414804585f36d21a8dcecf84e810a9a55da6ce07e78d8f1af90c239b,POST_R4_SUPPLEMENT_ON_KNOWN_EVALUATION_CASES,latent_mse,FIXED3_REFIT_MEAN_NOT_ENSEMBLE,H_POLICY,1,0.00688946979236789,0.005014349677483551,0.009745966393044604,0.005151532101637079,0.009612912517744491,02adc09003fd81a4e72955cd08ca6953787f190bbdd548830113d10e2c3862a5,/workspace/r5/H1a/combined/HISTORY_CONDITION_4TASK_TABLE.csv
pusht,100,CASE,5000,UNADJUSTED_POINTWISE_CONDITIONAL,2b6a8d8d414804585f36d21a8dcecf84e810a9a55da6ce07e78d8f1af90c239b,POST_R4_SUPPLEMENT_ON_KNOWN_EVALUATION_CASES,latent_mse,FIXED3_REFIT_MEAN_NOT_ENSEMBLE,H_REAL3,1,0.0062571515490223335,0.004795225501812335,0.008219408858426803,0.004922212693107373,0.008095324106177556,02adc09003fd81a4e72955cd08ca6953787f190bbdd548830113d10e2c3862a5,/workspace/r5/H1a/combined/HISTORY_CONDITION_4TASK_TABLE.csv
pusht,100,CASE,5000,UNADJUSTED_POINTWISE_CONDITIONAL,2b6a8d8d414804585f36d21a8dcecf84e810a9a55da6ce07e78d8f1af90c239b,POST_R4_SUPPLEMENT_ON_KNOWN_EVALUATION_CASES,latent_mse_REAL3_minus_POLICY,FIXED3_REFIT_MEAN_NOT_ENSEMBLE,PAIRED_REAL3_MINUS_POLICY,1,-0.0006323182433455559,-0.0016325080395181426,-1.3274416749482306e-05,-0.0016336917698471264,-3.0613037502619526e-05,02adc09003fd81a4e72955cd08ca6953787f190bbdd548830113d10e2c3862a5,/workspace/r5/H1a/combined/HISTORY_CONDITION_4TASK_TABLE.csv
pusht,100,CASE,5000,UNADJUSTED_POINTWISE_CONDITIONAL,2b6a8d8d414804585f36d21a8dcecf84e810a9a55da6ce07e78d8f1af90c239b,POST_R4_SUPPLEMENT_ON_KNOWN_EVALUATION_CASES,relative_refit_improvement_ratio_of_means,FIXED3_REFIT_MEAN_NOT_ENSEMBLE,H_POLICY,1,0.21607649588951255,-0.10233956591839219,0.45791283905900415,-0.1070881992286985,0.4598936525786125,02adc09003fd81a4e72955cd08ca6953787f190bbdd548830113d10e2c3862a5,/workspace/r5/H1a/combined/HISTORY_CONDITION_4TASK_TABLE.csv
pusht,100,CASE,5000,UNADJUSTED_POINTWISE_CONDITIONAL,2b6a8d8d414804585f36d21a8dcecf84e810a9a55da6ce07e78d8f1af90c239b,POST_R4_SUPPLEMENT_ON_KNOWN_EVALUATION_CASES,relative_refit_improvement_ratio_of_means,FIXED3_REFIT_MEAN_NOT_ENSEMBLE,H_REAL3,1,0.257889878367501,-0.07318557045858838,0.4880669444052048,-0.07842648163285028,0.49345082083753705,02adc09003fd81a4e72955cd08ca6953787f190bbdd548830113d10e2c3862a5,/workspace/r5/H1a/combined/HISTORY_CONDITION_4TASK_TABLE.csv
pusht,100,CASE,5000,UNADJUSTED_POINTWISE_CONDITIONAL,2b6a8d8d414804585f36d21a8dcecf84e810a9a55da6ce07e78d8f1af90c239b,POST_R4_SUPPLEMENT_ON_KNOWN_EVALUATION_CASES,latent_mse,H0,H_POLICY,2,0.018743416527286172,0.014287194573553279,0.024506497067515735,0.014329553524744154,0.02420595274749016,02adc09003fd81a4e72955cd08ca6953787f190bbdd548830113d10e2c3862a5,/workspace/r5/H1a/combined/HISTORY_CONDITION_4TASK_TABLE.csv
pusht,100,CASE,5000,UNADJUSTED_POINTWISE_CONDITIONAL,2b6a8d8d414804585f36d21a8dcecf84e810a9a55da6ce07e78d8f1af90c239b,POST_R4_SUPPLEMENT_ON_KNOWN_EVALUATION_CASES,latent_mse,H0,H_REAL3,2,0.016971468781121074,0.012767860032152386,0.02279245748394168,0.012809644494038102,0.022680658074449536,02adc09003fd81a4e72955cd08ca6953787f190bbdd548830113d10e2c3862a5,/workspace/r5/H1a/combined/HISTORY_CONDITION_4TASK_TABLE.csv
pusht,100,CASE,5000,UNADJUSTED_POINTWISE_CONDITIONAL,2b6a8d8d414804585f36d21a8dcecf84e810a9a55da6ce07e78d8f1af90c239b,POST_R4_SUPPLEMENT_ON_KNOWN_EVALUATION_CASES,latent_mse_REAL3_minus_POLICY,H0,PAIRED_REAL3_MINUS_POLICY,2,-0.0017719477461650968,-0.003271358453668654,-0.00047494618711061776,-0.003098683160904329,-0.00048245212468675687,02adc09003fd81a4e72955cd08ca6953787f190bbdd548830113d10e2c3862a5,/workspace/r5/H1a/combined/HISTORY_CONDITION_4TASK_TABLE.csv
pusht,100,CASE,5000,UNADJUSTED_POINTWISE_CONDITIONAL,2b6a8d8d414804585f36d21a8dcecf84e810a9a55da6ce07e78d8f1af90c239b,POST_R4_SUPPLEMENT_ON_KNOWN_EVALUATION_CASES,latent_mse,REFIT_103201,H_POLICY,2,0.019346747437957675,0.010903716945031193,0.03367055850720498,0.01108696927309286,0.03298370693183812,02adc09003fd81a4e72955cd08ca6953787f190bbdd548830113d10e2c3862a5,/workspace/r5/H1a/combined/HISTORY_CONDITION_4TASK_TABLE.csv
pusht,100,CASE,5000,UNADJUSTED_POINTWISE_CONDITIONAL,2b6a8d8d414804585f36d21a8dcecf84e810a9a55da6ce07e78d8f1af90c239b,POST_R4_SUPPLEMENT_ON_KNOWN_EVALUATION_CASES,latent_mse,REFIT_103201,H_REAL3,2,0.017407510889461263,0.01045164987182943,0.02850815493284607,0.01061579309675298,0.027889840856534138,02adc09003fd81a4e72955cd08ca6953787f190bbdd548830113d10e2c3862a5,/workspace/r5/H1a/combined/HISTORY_CONDITION_4TASK_TABLE.csv
pusht,100,CASE,5000,UNADJUSTED_POINTWISE_CONDITIONAL,2b6a8d8d414804585f36d21a8dcecf84e810a9a55da6ce07e78d8f1af90c239b,POST_R4_SUPPLEMENT_ON_KNOWN_EVALUATION_CASES,latent_mse_REAL3_minus_POLICY,REFIT_103201,PAIRED_REAL3_MINUS_POLICY,2,-0.0019392365484964102,-0.005203805372177158,-0.00010466969470144314,-0.00528800648845821,-2.674209299590172e-05,02adc09003fd81a4e72955cd08ca6953787f190bbdd548830113d10e2c3862a5,/workspace/r5/H1a/combined/HISTORY_CONDITION_4TASK_TABLE.csv
pusht,100,CASE,5000,UNADJUSTED_POINTWISE_CONDITIONAL,2b6a8d8d414804585f36d21a8dcecf84e810a9a55da6ce07e78d8f1af90c239b,POST_R4_SUPPLEMENT_ON_KNOWN_EVALUATION_CASES,relative_refit_improvement_ratio_of_means,REFIT_103201,H_POLICY,2,-0.03218895070667556,-0.6766865280782396,0.3874858197086673,-0.6652597560851663,0.38013926425280903,02adc09003fd81a4e72955cd08ca6953787f190bbdd548830113d10e2c3862a5,/workspace/r5/H1a/combined/HISTORY_CONDITION_4TASK_TABLE.csv
pusht,100,CASE,5000,UNADJUSTED_POINTWISE_CONDITIONAL,2b6a8d8d414804585f36d21a8dcecf84e810a9a55da6ce07e78d8f1af90c239b,POST_R4_SUPPLEMENT_ON_KNOWN_EVALUATION_CASES,relative_refit_improvement_ratio_of_means,REFIT_103201,H_REAL3,2,-0.025692655948861557,-0.6590408939547406,0.37883593353556727,-0.6415390453249148,0.3709101913304069,02adc09003fd81a4e72955cd08ca6953787f190bbdd548830113d10e2c3862a5,/workspace/r5/H1a/combined/HISTORY_CONDITION_4TASK_TABLE.csv
pusht,100,CASE,5000,UNADJUSTED_POINTWISE_CONDITIONAL,2b6a8d8d414804585f36d21a8dcecf84e810a9a55da6ce07e78d8f1af90c239b,POST_R4_SUPPLEMENT_ON_KNOWN_EVALUATION_CASES,latent_mse,REFIT_103202,H_POLICY,2,0.01717190461116843,0.010891300913208397,0.026573310067586127,0.011058225276395784,0.026142536797427136,02adc09003fd81a4e72955cd08ca6953787f190bbdd548830113d10e2c3862a5,/workspace/r5/H1a/combined/HISTORY_CONDITION_4TASK_TABLE.csv
pusht,100,CASE,5000,UNADJUSTED_POINTWISE_CONDITIONAL,2b6a8d8d414804585f36d21a8dcecf84e810a9a55da6ce07e78d8f1af90c239b,POST_R4_SUPPLEMENT_ON_KNOWN_EVALUATION_CASES,latent_mse,REFIT_103202,H_REAL3,2,0.0152917560050264,0.010453017227089731,0.021938854072795944,0.010579130795832016,0.021315877227763222,02adc09003fd81a4e72955cd08ca6953787f190bbdd548830113d10e2c3862a5,/workspace/r5/H1a/combined/HISTORY_CONDITION_4TASK_TABLE.csv
pusht,100,CASE,5000,UNADJUSTED_POINTWISE_CONDITIONAL,2b6a8d8d414804585f36d21a8dcecf84e810a9a55da6ce07e78d8f1af90c239b,POST_R4_SUPPLEMENT_ON_KNOWN_EVALUATION_CASES,latent_mse_REAL3_minus_POLICY,REFIT_103202,PAIRED_REAL3_MINUS_POLICY,2,-0.0018801486061420293,-0.004971716090425616,-0.00013847796365735148,-0.005121549780078842,-4.222650380629924e-05,02adc09003fd81a4e72955cd08ca6953787f190bbdd548830113d10e2c3862a5,/workspace/r5/H1a/combined/HISTORY_CONDITION_4TASK_TABLE.csv
pusht,100,CASE,5000,UNADJUSTED_POINTWISE_CONDITIONAL,2b6a8d8d414804585f36d21a8dcecf84e810a9a55da6ce07e78d8f1af90c239b,POST_R4_SUPPLEMENT_ON_KNOWN_EVALUATION_CASES,relative_refit_improvement_ratio_of_means,REFIT_103202,H_POLICY,2,0.08384340783495774,-0.3249110678958827,0.3902521685657078,-0.32279707160623755,0.38104699603744174,02adc09003fd81a4e72955cd08ca6953787f190bbdd548830113d10e2c3862a5,/workspace/r5/H1a/combined/HISTORY_CONDITION_4TASK_TABLE.csv
pusht,100,CASE,5000,UNADJUSTED_POINTWISE_CONDITIONAL,2b6a8d8d414804585f36d21a8dcecf84e810a9a55da6ce07e78d8f1af90c239b,POST_R4_SUPPLEMENT_ON_KNOWN_EVALUATION_CASES,relative_refit_improvement_ratio_of_means,REFIT_103202,H_REAL3,2,0.0989727405304586,-0.28579266775023204,0.3799076376096627,-0.2656584597057363,0.37508327126220264,02adc09003fd81a4e72955cd08ca6953787f190bbdd548830113d10e2c3862a5,/workspace/r5/H1a/combined/HISTORY_CONDITION_4TASK_TABLE.csv
pusht,100,CASE,5000,UNADJUSTED_POINTWISE_CONDITIONAL,2b6a8d8d414804585f36d21a8dcecf84e810a9a55da6ce07e78d8f1af90c239b,POST_R4_SUPPLEMENT_ON_KNOWN_EVALUATION_CASES,latent_mse,REFIT_103203,H_POLICY,2,0.01691375198541209,0.010772311732522213,0.02617393680743407,0.010948074009810555,0.025522971129046973,02adc09003fd81a4e72955cd08ca6953787f190bbdd548830113d10e2c3862a5,/workspace/r5/H1a/combined/HISTORY_CONDITION_4TASK_TABLE.csv
pusht,100,CASE,5000,UNADJUSTED_POINTWISE_CONDITIONAL,2b6a8d8d414804585f36d21a8dcecf84e810a9a55da6ce07e78d8f1af90c239b,POST_R4_SUPPLEMENT_ON_KNOWN_EVALUATION_CASES,latent_mse,REFIT_103203,H_REAL3,2,0.014945311211049557,0.01041710175407934,0.02101910104876151,0.010605050277889213,0.02034691531446068,02adc09003fd81a4e72955cd08ca6953787f190bbdd548830113d10e2c3862a5,/workspace/r5/H1a/combined/HISTORY_CONDITION_4TASK_TABLE.csv
pusht,100,CASE,5000,UNADJUSTED_POINTWISE_CONDITIONAL,2b6a8d8d414804585f36d21a8dcecf84e810a9a55da6ce07e78d8f1af90c239b,POST_R4_SUPPLEMENT_ON_KNOWN_EVALUATION_CASES,latent_mse_REAL3_minus_POLICY,REFIT_103203,PAIRED_REAL3_MINUS_POLICY,2,-0.0019684407743625343,-0.005434205318451859,1.1475302686449016e-05,-0.005573749873030465,6.612798169582379e-05,02adc09003fd81a4e72955cd08ca6953787f190bbdd548830113d10e2c3862a5,/workspace/r5/H1a/combined/HISTORY_CONDITION_4TASK_TABLE.csv
pusht,100,CASE,5000,UNADJUSTED_POINTWISE_CONDITIONAL,2b6a8d8d414804585f36d21a8dcecf84e810a9a55da6ce07e78d8f1af90c239b,POST_R4_SUPPLEMENT_ON_KNOWN_EVALUATION_CASES,relative_refit_improvement_ratio_of_means,REFIT_103203,H_POLICY,2,0.09761638382258137,-0.3024545452872101,0.39877041211364983,-0.2946909185965102,0.38857710796571715,02adc09003fd81a4e72955cd08ca6953787f190bbdd548830113d10e2c3862a5,/workspace/r5/H1a/combined/HISTORY_CONDITION_4TASK_TABLE.csv
pusht,100,CASE,5000,UNADJUSTED_POINTWISE_CONDITIONAL,2b6a8d8d414804585f36d21a8dcecf84e810a9a55da6ce07e78d8f1af90c239b,POST_R4_SUPPLEMENT_ON_KNOWN_EVALUATION_CASES,relative_refit_improvement_ratio_of_means,REFIT_103203,H_REAL3,2,0.11938610595244403,-0.22682061006658413,0.38214187847635317,-0.2109703428156613,0.38048331998075685,02adc09003fd81a4e72955cd08ca6953787f190bbdd548830113d10e2c3862a5,/workspace/r5/H1a/combined/HISTORY_CONDITION_4TASK_TABLE.csv
pusht,100,CASE,5000,UNADJUSTED_POINTWISE_CONDITIONAL,2b6a8d8d414804585f36d21a8dcecf84e810a9a55da6ce07e78d8f1af90c239b,POST_R4_SUPPLEMENT_ON_KNOWN_EVALUATION_CASES,latent_mse,FIXED3_REFIT_MEAN_NOT_ENSEMBLE,H_POLICY,2,0.017810801344846066,0.01087935518096007,0.02878662238010049,0.011033132012508301,0.028171041332437554,02adc09003fd81a4e72955cd08ca6953787f190bbdd548830113d10e2c3862a5,/workspace/r5/H1a/combined/HISTORY_CONDITION_4TASK_TABLE.csv
pusht,100,CASE,5000,UNADJUSTED_POINTWISE_CONDITIONAL,2b6a8d8d414804585f36d21a8dcecf84e810a9a55da6ce07e78d8f1af90c239b,POST_R4_SUPPLEMENT_ON_KNOWN_EVALUATION_CASES,latent_mse,FIXED3_REFIT_MEAN_NOT_ENSEMBLE,H_REAL3,2,0.015881526035179075,0.01042583479138557,0.023767542530316856,0.010587154296090008,0.023024778736844862,02adc09003fd81a4e72955cd08ca6953787f190bbdd548830113d10e2c3862a5,/workspace/r5/H1a/combined/HISTORY_CONDITION_4TASK_TABLE.csv
pusht,100,CASE,5000,UNADJUSTED_POINTWISE_CONDITIONAL,2b6a8d8d414804585f36d21a8dcecf84e810a9a55da6ce07e78d8f1af90c239b,POST_R4_SUPPLEMENT_ON_KNOWN_EVALUATION_CASES,latent_mse_REAL3_minus_POLICY,FIXED3_REFIT_MEAN_NOT_ENSEMBLE,PAIRED_REAL3_MINUS_POLICY,2,-0.0019292753096669915,-0.00520170341595076,-8.12541992248348e-05,-0.0053148062181575416,-1.7830366696196266e-05,02adc09003fd81a4e72955cd08ca6953787f190bbdd548830113d10e2c3862a5,/workspace/r5/H1a/combined/HISTORY_CONDITION_4TASK_TABLE.csv
pusht,100,CASE,5000,UNADJUSTED_POINTWISE_CONDITIONAL,2b6a8d8d414804585f36d21a8dcecf84e810a9a55da6ce07e78d8f1af90c239b,POST_R4_SUPPLEMENT_ON_KNOWN_EVALUATION_CASES,relative_refit_improvement_ratio_of_means,FIXED3_REFIT_MEAN_NOT_ENSEMBLE,H_POLICY,2,0.04975694698362112,-0.4335251488619777,0.39113981598503383,-0.42448576936386484,0.38308886342333526,02adc09003fd81a4e72955cd08ca6953787f190bbdd548830113d10e2c3862a5,/workspace/r5/H1a/combined/HISTORY_CONDITION_4TASK_TABLE.csv
pusht,100,CASE,5000,UNADJUSTED_POINTWISE_CONDITIONAL,2b6a8d8d414804585f36d21a8dcecf84e810a9a55da6ce07e78d8f1af90c239b,POST_R4_SUPPLEMENT_ON_KNOWN_EVALUATION_CASES,relative_refit_improvement_ratio_of_means,FIXED3_REFIT_MEAN_NOT_ENSEMBLE,H_REAL3,2,0.06422206351134692,-0.38186539111975576,0.3797880258853552,-0.3652845330036582,0.37334090532467157,02adc09003fd81a4e72955cd08ca6953787f190bbdd548830113d10e2c3862a5,/workspace/r5/H1a/combined/HISTORY_CONDITION_4TASK_TABLE.csv
pusht,100,CASE,5000,UNADJUSTED_POINTWISE_CONDITIONAL,2b6a8d8d414804585f36d21a8dcecf84e810a9a55da6ce07e78d8f1af90c239b,POST_R4_SUPPLEMENT_ON_KNOWN_EVALUATION_CASES,latent_mse,H0,H_POLICY,5,0.06172028503380716,0.04123008244065568,0.08912758148473221,0.041913010773431035,0.0881964461064942,02adc09003fd81a4e72955cd08ca6953787f190bbdd548830113d10e2c3862a5,/workspace/r5/H1a/combined/HISTORY_CONDITION_4TASK_TABLE.csv
pusht,100,CASE,5000,UNADJUSTED_POINTWISE_CONDITIONAL,2b6a8d8d414804585f36d21a8dcecf84e810a9a55da6ce07e78d8f1af90c239b,POST_R4_SUPPLEMENT_ON_KNOWN_EVALUATION_CASES,latent_mse,H0,H_REAL3,5,0.05831168442033231,0.03657578802248463,0.08797968132258392,0.03731472894783156,0.08729183235491046,02adc09003fd81a4e72955cd08ca6953787f190bbdd548830113d10e2c3862a5,/workspace/r5/H1a/combined/HISTORY_CONDITION_4TASK_TABLE.csv
pusht,100,CASE,5000,UNADJUSTED_POINTWISE_CONDITIONAL,2b6a8d8d414804585f36d21a8dcecf84e810a9a55da6ce07e78d8f1af90c239b,POST_R4_SUPPLEMENT_ON_KNOWN_EVALUATION_CASES,latent_mse_REAL3_minus_POLICY,H0,PAIRED_REAL3_MINUS_POLICY,5,-0.003408600613474846,-0.008001860766555183,0.0008834630770143036,-0.007294279280265045,0.0006603474141912277,02adc09003fd81a4e72955cd08ca6953787f190bbdd548830113d10e2c3862a5,/workspace/r5/H1a/combined/HISTORY_CONDITION_4TASK_TABLE.csv
pusht,100,CASE,5000,UNADJUSTED_POINTWISE_CONDITIONAL,2b6a8d8d414804585f36d21a8dcecf84e810a9a55da6ce07e78d8f1af90c239b,POST_R4_SUPPLEMENT_ON_KNOWN_EVALUATION_CASES,latent_mse,REFIT_103201,H_POLICY,5,0.060060673262923955,0.03628642002237029,0.09485666324914199,0.03574726632167767,0.09392137174135819,02adc09003fd81a4e72955cd08ca6953787f190bbdd548830113d10e2c3862a5,/workspace/r5/H1a/combined/HISTORY_CONDITION_4TASK_TABLE.csv
pusht,100,CASE,5000,UNADJUSTED_POINTWISE_CONDITIONAL,2b6a8d8d414804585f36d21a8dcecf84e810a9a55da6ce07e78d8f1af90c239b,POST_R4_SUPPLEMENT_ON_KNOWN_EVALUATION_CASES,latent_mse,REFIT_103201,H_REAL3,5,0.05881644344655797,0.03503123165277066,0.0936714191380306,0.03427141812655315,0.09280139870865842,02adc09003fd81a4e72955cd08ca6953787f190bbdd548830113d10e2c3862a5,/workspace/r5/H1a/combined/HISTORY_CONDITION_4TASK_TABLE.csv
pusht,100,CASE,5000,UNADJUSTED_POINTWISE_CONDITIONAL,2b6a8d8d414804585f36d21a8dcecf84e810a9a55da6ce07e78d8f1af90c239b,POST_R4_SUPPLEMENT_ON_KNOWN_EVALUATION_CASES,latent_mse_REAL3_minus_POLICY,REFIT_103201,PAIRED_REAL3_MINUS_POLICY,5,-0.001244229816365987,-0.003340855927381199,0.0007767416925635181,-0.0032852242751006604,0.0008367636995158435,02adc09003fd81a4e72955cd08ca6953787f190bbdd548830113d10e2c3862a5,/workspace/r5/H1a/combined/HISTORY_CONDITION_4TASK_TABLE.csv
pusht,100,CASE,5000,UNADJUSTED_POINTWISE_CONDITIONAL,2b6a8d8d414804585f36d21a8dcecf84e810a9a55da6ce07e78d8f1af90c239b,POST_R4_SUPPLEMENT_ON_KNOWN_EVALUATION_CASES,relative_refit_improvement_ratio_of_means,REFIT_103201,H_POLICY,5,0.0268892434630552,-0.36000456161359917,0.37347107006838964,-0.34148064823608587,0.3828987135258264,02adc09003fd81a4e72955cd08ca6953787f190bbdd548830113d10e2c3862a5,/workspace/r5/H1a/combined/HISTORY_CONDITION_4TASK_TABLE.csv
pusht,100,CASE,5000,UNADJUSTED_POINTWISE_CONDITIONAL,2b6a8d8d414804585f36d21a8dcecf84e810a9a55da6ce07e78d8f1af90c239b,POST_R4_SUPPLEMENT_ON_KNOWN_EVALUATION_CASES,relative_refit_improvement_ratio_of_means,REFIT_103201,H_REAL3,5,-0.008656224412712266,-0.44308896494173805,0.3736355287674068,-0.4255435224058804,0.3791905641179559,02adc09003fd81a4e72955cd08ca6953787f190bbdd548830113d10e2c3862a5,/workspace/r5/H1a/combined/HISTORY_CONDITION_4TASK_TABLE.csv
pusht,100,CASE,5000,UNADJUSTED_POINTWISE_CONDITIONAL,2b6a8d8d414804585f36d21a8dcecf84e810a9a55da6ce07e78d8f1af90c239b,POST_R4_SUPPLEMENT_ON_KNOWN_EVALUATION_CASES,latent_mse,REFIT_103202,H_POLICY,5,0.057478964822366835,0.03429397698282264,0.0925269771462772,0.03411985650645703,0.09230034177511122,02adc09003fd81a4e72955cd08ca6953787f190bbdd548830113d10e2c3862a5,/workspace/r5/H1a/combined/HISTORY_CONDITION_4TASK_TABLE.csv
pusht,100,CASE,5000,UNADJUSTED_POINTWISE_CONDITIONAL,2b6a8d8d414804585f36d21a8dcecf84e810a9a55da6ce07e78d8f1af90c239b,POST_R4_SUPPLEMENT_ON_KNOWN_EVALUATION_CASES,latent_mse,REFIT_103202,H_REAL3,5,0.05525292263482697,0.032317011064005786,0.08999426230721291,0.032330716069806885,0.08900436192199045,02adc09003fd81a4e72955cd08ca6953787f190bbdd548830113d10e2c3862a5,/workspace/r5/H1a/combined/HISTORY_CONDITION_4TASK_TABLE.csv
pusht,100,CASE,5000,UNADJUSTED_POINTWISE_CONDITIONAL,2b6a8d8d414804585f36d21a8dcecf84e810a9a55da6ce07e78d8f1af90c239b,POST_R4_SUPPLEMENT_ON_KNOWN_EVALUATION_CASES,latent_mse_REAL3_minus_POLICY,REFIT_103202,PAIRED_REAL3_MINUS_POLICY,5,-0.0022260421875398605,-0.004281206085317535,-0.0003057813584746331,-0.004326846031004,-7.243984039247474e-05,02adc09003fd81a4e72955cd08ca6953787f190bbdd548830113d10e2c3862a5,/workspace/r5/H1a/combined/HISTORY_CONDITION_4TASK_TABLE.csv
pusht,100,CASE,5000,UNADJUSTED_POINTWISE_CONDITIONAL,2b6a8d8d414804585f36d21a8dcecf84e810a9a55da6ce07e78d8f1af90c239b,POST_R4_SUPPLEMENT_ON_KNOWN_EVALUATION_CASES,relative_refit_improvement_ratio_of_means,REFIT_103202,H_POLICY,5,0.0687184158193234,-0.3093576025040401,0.41034693088584606,-0.27520019242720495,0.39425524570003867,02adc09003fd81a4e72955cd08ca6953787f190bbdd548830113d10e2c3862a5,/workspace/r5/H1a/combined/HISTORY_CONDITION_4TASK_TABLE.csv
pusht,100,CASE,5000,UNADJUSTED_POINTWISE_CONDITIONAL,2b6a8d8d414804585f36d21a8dcecf84e810a9a55da6ce07e78d8f1af90c239b,POST_R4_SUPPLEMENT_ON_KNOWN_EVALUATION_CASES,relative_refit_improvement_ratio_of_means,REFIT_103202,H_REAL3,5,0.05245538378649206,-0.35484951646634827,0.4198547095539656,-0.3152755610339769,0.39935630660562327,02adc09003fd81a4e72955cd08ca6953787f190bbdd548830113d10e2c3862a5,/workspace/r5/H1a/combined/HISTORY_CONDITION_4TASK_TABLE.csv
pusht,100,CASE,5000,UNADJUSTED_POINTWISE_CONDITIONAL,2b6a8d8d414804585f36d21a8dcecf84e810a9a55da6ce07e78d8f1af90c239b,POST_R4_SUPPLEMENT_ON_KNOWN_EVALUATION_CASES,latent_mse,REFIT_103203,H_POLICY,5,0.059791509120259434,0.03643665075144963,0.09319756817305458,0.035867407666841544,0.09247370489949741,02adc09003fd81a4e72955cd08ca6953787f190bbdd548830113d10e2c3862a5,/workspace/r5/H1a/combined/HISTORY_CONDITION_4TASK_TABLE.csv
pusht,100,CASE,5000,UNADJUSTED_POINTWISE_CONDITIONAL,2b6a8d8d414804585f36d21a8dcecf84e810a9a55da6ce07e78d8f1af90c239b,POST_R4_SUPPLEMENT_ON_KNOWN_EVALUATION_CASES,latent_mse,REFIT_103203,H_REAL3,5,0.05856171598425135,0.03530338821781334,0.09167770940478656,0.03471393635128003,0.09069110855991523,02adc09003fd81a4e72955cd08ca6953787f190bbdd548830113d10e2c3862a5,/workspace/r5/H1a/combined/HISTORY_CONDITION_4TASK_TABLE.csv
pusht,100,CASE,5000,UNADJUSTED_POINTWISE_CONDITIONAL,2b6a8d8d414804585f36d21a8dcecf84e810a9a55da6ce07e78d8f1af90c239b,POST_R4_SUPPLEMENT_ON_KNOWN_EVALUATION_CASES,latent_mse_REAL3_minus_POLICY,REFIT_103203,PAIRED_REAL3_MINUS_POLICY,5,-0.0012297931360080838,-0.004250634194933809,0.0014791727233678098,-0.00426814067014493,0.001793013662456971,02adc09003fd81a4e72955cd08ca6953787f190bbdd548830113d10e2c3862a5,/workspace/r5/H1a/combined/HISTORY_CONDITION_4TASK_TABLE.csv
pusht,100,CASE,5000,UNADJUSTED_POINTWISE_CONDITIONAL,2b6a8d8d414804585f36d21a8dcecf84e810a9a55da6ce07e78d8f1af90c239b,POST_R4_SUPPLEMENT_ON_KNOWN_EVALUATION_CASES,relative_refit_improvement_ratio_of_means,REFIT_103203,H_POLICY,5,0.031250275537309025,-0.3542270874541268,0.37826031482120687,-0.34447986994798485,0.39424668825888803,02adc09003fd81a4e72955cd08ca6953787f190bbdd548830113d10e2c3862a5,/workspace/r5/H1a/combined/HISTORY_CONDITION_4TASK_TABLE.csv
pusht,100,CASE,5000,UNADJUSTED_POINTWISE_CONDITIONAL,2b6a8d8d414804585f36d21a8dcecf84e810a9a55da6ce07e78d8f1af90c239b,POST_R4_SUPPLEMENT_ON_KNOWN_EVALUATION_CASES,relative_refit_improvement_ratio_of_means,REFIT_103203,H_REAL3,5,-0.0042878467052454485,-0.4423808555330216,0.37128016526204655,-0.44268158711177225,0.3868996395352781,02adc09003fd81a4e72955cd08ca6953787f190bbdd548830113d10e2c3862a5,/workspace/r5/H1a/combined/HISTORY_CONDITION_4TASK_TABLE.csv
pusht,100,CASE,5000,UNADJUSTED_POINTWISE_CONDITIONAL,2b6a8d8d414804585f36d21a8dcecf84e810a9a55da6ce07e78d8f1af90c239b,POST_R4_SUPPLEMENT_ON_KNOWN_EVALUATION_CASES,latent_mse,FIXED3_REFIT_MEAN_NOT_ENSEMBLE,H_POLICY,5,0.059110382401850084,0.03600893694366096,0.0930514309171121,0.03558817680178551,0.09270223110073234,02adc09003fd81a4e72955cd08ca6953787f190bbdd548830113d10e2c3862a5,/workspace/r5/H1a/combined/HISTORY_CONDITION_4TASK_TABLE.csv
pusht,100,CASE,5000,UNADJUSTED_POINTWISE_CONDITIONAL,2b6a8d8d414804585f36d21a8dcecf84e810a9a55da6ce07e78d8f1af90c239b,POST_R4_SUPPLEMENT_ON_KNOWN_EVALUATION_CASES,latent_mse,FIXED3_REFIT_MEAN_NOT_ENSEMBLE,H_REAL3,5,0.05754369402187876,0.034463215959161374,0.0917104799110481,0.033974776023659316,0.0907340990835964,02adc09003fd81a4e72955cd08ca6953787f190bbdd548830113d10e2c3862a5,/workspace/r5/H1a/combined/HISTORY_CONDITION_4TASK_TABLE.csv
pusht,100,CASE,5000,UNADJUSTED_POINTWISE_CONDITIONAL,2b6a8d8d414804585f36d21a8dcecf84e810a9a55da6ce07e78d8f1af90c239b,POST_R4_SUPPLEMENT_ON_KNOWN_EVALUATION_CASES,latent_mse_REAL3_minus_POLICY,FIXED3_REFIT_MEAN_NOT_ENSEMBLE,PAIRED_REAL3_MINUS_POLICY,5,-0.001566688379971312,-0.00363643323457412,0.00045767735232947915,-0.00364619171258355,0.0006273577124464007,02adc09003fd81a4e72955cd08ca6953787f190bbdd548830113d10e2c3862a5,/workspace/r5/H1a/combined/HISTORY_CONDITION_4TASK_TABLE.csv
pusht,100,CASE,5000,UNADJUSTED_POINTWISE_CONDITIONAL,2b6a8d8d414804585f36d21a8dcecf84e810a9a55da6ce07e78d8f1af90c239b,POST_R4_SUPPLEMENT_ON_KNOWN_EVALUATION_CASES,relative_refit_improvement_ratio_of_means,FIXED3_REFIT_MEAN_NOT_ENSEMBLE,H_POLICY,5,0.04228597827322906,-0.33540878873767316,0.3854320008152086,-0.31340468646654773,0.3865397733198104,02adc09003fd81a4e72955cd08ca6953787f190bbdd548830113d10e2c3862a5,/workspace/r5/H1a/combined/HISTORY_CONDITION_4TASK_TABLE.csv
pusht,100,CASE,5000,UNADJUSTED_POINTWISE_CONDITIONAL,2b6a8d8d414804585f36d21a8dcecf84e810a9a55da6ce07e78d8f1af90c239b,POST_R4_SUPPLEMENT_ON_KNOWN_EVALUATION_CASES,relative_refit_improvement_ratio_of_means,FIXED3_REFIT_MEAN_NOT_ENSEMBLE,H_REAL3,5,0.013170437556178116,-0.4086600636046778,0.3853355491470892,-0.38645925916328167,0.383774186855847,02adc09003fd81a4e72955cd08ca6953787f190bbdd548830113d10e2c3862a5,/workspace/r5/H1a/combined/HISTORY_CONDITION_4TASK_TABLE.csv
reacher,100,CASE,5000,UNADJUSTED_POINTWISE_CONDITIONAL,0da55e525d807d1ec54beadaf1dbae9b972da79e44bd0569ace11a855b05df30,POST_R4_SUPPLEMENT_ON_KNOWN_EVALUATION_CASES,latent_mse,H0,H_POLICY,1,0.07098522661719471,0.05673616013582796,0.08669182679662481,,,02adc09003fd81a4e72955cd08ca6953787f190bbdd548830113d10e2c3862a5,/workspace/r5/H1a/combined/HISTORY_CONDITION_4TASK_TABLE.csv
reacher,100,CASE,5000,UNADJUSTED_POINTWISE_CONDITIONAL,0da55e525d807d1ec54beadaf1dbae9b972da79e44bd0569ace11a855b05df30,POST_R4_SUPPLEMENT_ON_KNOWN_EVALUATION_CASES,latent_mse,H0,H_REAL3,1,0.006784568335860968,0.006019644018902909,0.007632306279498152,,,02adc09003fd81a4e72955cd08ca6953787f190bbdd548830113d10e2c3862a5,/workspace/r5/H1a/combined/HISTORY_CONDITION_4TASK_TABLE.csv
reacher,100,CASE,5000,UNADJUSTED_POINTWISE_CONDITIONAL,0da55e525d807d1ec54beadaf1dbae9b972da79e44bd0569ace11a855b05df30,POST_R4_SUPPLEMENT_ON_KNOWN_EVALUATION_CASES,latent_mse_REAL3_minus_POLICY,H0,PAIRED_REAL3_MINUS_POLICY,1,-0.06420065828133374,-0.07998367553239222,-0.05019263101456454,,,02adc09003fd81a4e72955cd08ca6953787f190bbdd548830113d10e2c3862a5,/workspace/r5/H1a/combined/HISTORY_CONDITION_4TASK_TABLE.csv
reacher,100,CASE,5000,UNADJUSTED_POINTWISE_CONDITIONAL,0da55e525d807d1ec54beadaf1dbae9b972da79e44bd0569ace11a855b05df30,POST_R4_SUPPLEMENT_ON_KNOWN_EVALUATION_CASES,latent_mse,REFIT_103201,H_POLICY,1,0.06508420951198786,0.05152619073353708,0.08055994008912239,,,02adc09003fd81a4e72955cd08ca6953787f190bbdd548830113d10e2c3862a5,/workspace/r5/H1a/combined/HISTORY_CONDITION_4TASK_TABLE.csv
reacher,100,CASE,5000,UNADJUSTED_POINTWISE_CONDITIONAL,0da55e525d807d1ec54beadaf1dbae9b972da79e44bd0569ace11a855b05df30,POST_R4_SUPPLEMENT_ON_KNOWN_EVALUATION_CASES,latent_mse,REFIT_103201,H_REAL3,1,0.0009278431780694518,0.0007909100023935025,0.001083665349113289,,,02adc09003fd81a4e72955cd08ca6953787f190bbdd548830113d10e2c3862a5,/workspace/r5/H1a/combined/HISTORY_CONDITION_4TASK_TABLE.csv
reacher,100,CASE,5000,UNADJUSTED_POINTWISE_CONDITIONAL,0da55e525d807d1ec54beadaf1dbae9b972da79e44bd0569ace11a855b05df30,POST_R4_SUPPLEMENT_ON_KNOWN_EVALUATION_CASES,latent_mse_REAL3_minus_POLICY,REFIT_103201,PAIRED_REAL3_MINUS_POLICY,1,-0.06415636633391841,-0.07959996439461611,-0.05061671735622076,,,02adc09003fd81a4e72955cd08ca6953787f190bbdd548830113d10e2c3862a5,/workspace/r5/H1a/combined/HISTORY_CONDITION_4TASK_TABLE.csv
reacher,100,CASE,5000,UNADJUSTED_POINTWISE_CONDITIONAL,0da55e525d807d1ec54beadaf1dbae9b972da79e44bd0569ace11a855b05df30,POST_R4_SUPPLEMENT_ON_KNOWN_EVALUATION_CASES,relative_refit_improvement_ratio_of_means,REFIT_103201,H_POLICY,1,0.08313021436177893,0.04325151457218448,0.124913925559529,,,02adc09003fd81a4e72955cd08ca6953787f190bbdd548830113d10e2c3862a5,/workspace/r5/H1a/combined/HISTORY_CONDITION_4TASK_TABLE.csv
reacher,100,CASE,5000,UNADJUSTED_POINTWISE_CONDITIONAL,0da55e525d807d1ec54beadaf1dbae9b972da79e44bd0569ace11a855b05df30,POST_R4_SUPPLEMENT_ON_KNOWN_EVALUATION_CASES,relative_refit_improvement_ratio_of_means,REFIT_103201,H_REAL3,1,0.863242120627604,0.8439195230395707,0.8810631552504824,,,02adc09003fd81a4e72955cd08ca6953787f190bbdd548830113d10e2c3862a5,/workspace/r5/H1a/combined/HISTORY_CONDITION_4TASK_TABLE.csv
reacher,100,CASE,5000,UNADJUSTED_POINTWISE_CONDITIONAL,0da55e525d807d1ec54beadaf1dbae9b972da79e44bd0569ace11a855b05df30,POST_R4_SUPPLEMENT_ON_KNOWN_EVALUATION_CASES,latent_mse,REFIT_103202,H_POLICY,1,0.06546967102913186,0.05178790099284379,0.08107222709612688,,,02adc09003fd81a4e72955cd08ca6953787f190bbdd548830113d10e2c3862a5,/workspace/r5/H1a/combined/HISTORY_CONDITION_4TASK_TABLE.csv
reacher,100,CASE,5000,UNADJUSTED_POINTWISE_CONDITIONAL,0da55e525d807d1ec54beadaf1dbae9b972da79e44bd0569ace11a855b05df30,POST_R4_SUPPLEMENT_ON_KNOWN_EVALUATION_CASES,latent_mse,REFIT_103202,H_REAL3,1,0.0009290837292792275,0.0007988663508367608,0.0010777995934404315,,,02adc09003fd81a4e72955cd08ca6953787f190bbdd548830113d10e2c3862a5,/workspace/r5/H1a/combined/HISTORY_CONDITION_4TASK_TABLE.csv
reacher,100,CASE,5000,UNADJUSTED_POINTWISE_CONDITIONAL,0da55e525d807d1ec54beadaf1dbae9b972da79e44bd0569ace11a855b05df30,POST_R4_SUPPLEMENT_ON_KNOWN_EVALUATION_CASES,latent_mse_REAL3_minus_POLICY,REFIT_103202,PAIRED_REAL3_MINUS_POLICY,1,-0.06454058729985263,-0.08012024989953352,-0.050881108820969544,,,02adc09003fd81a4e72955cd08ca6953787f190bbdd548830113d10e2c3862a5,/workspace/r5/H1a/combined/HISTORY_CONDITION_4TASK_TABLE.csv
reacher,100,CASE,5000,UNADJUSTED_POINTWISE_CONDITIONAL,0da55e525d807d1ec54beadaf1dbae9b972da79e44bd0569ace11a855b05df30,POST_R4_SUPPLEMENT_ON_KNOWN_EVALUATION_CASES,relative_refit_improvement_ratio_of_means,REFIT_103202,H_POLICY,1,0.07770004902297267,0.03683970480519186,0.12067364373742492,,,02adc09003fd81a4e72955cd08ca6953787f190bbdd548830113d10e2c3862a5,/workspace/r5/H1a/combined/HISTORY_CONDITION_4TASK_TABLE.csv
reacher,100,CASE,5000,UNADJUSTED_POINTWISE_CONDITIONAL,0da55e525d807d1ec54beadaf1dbae9b972da79e44bd0569ace11a855b05df30,POST_R4_SUPPLEMENT_ON_KNOWN_EVALUATION_CASES,relative_refit_improvement_ratio_of_means,REFIT_103202,H_REAL3,1,0.8630592716756348,0.8437989995100291,0.880414210453262,,,02adc09003fd81a4e72955cd08ca6953787f190bbdd548830113d10e2c3862a5,/workspace/r5/H1a/combined/HISTORY_CONDITION_4TASK_TABLE.csv
reacher,100,CASE,5000,UNADJUSTED_POINTWISE_CONDITIONAL,0da55e525d807d1ec54beadaf1dbae9b972da79e44bd0569ace11a855b05df30,POST_R4_SUPPLEMENT_ON_KNOWN_EVALUATION_CASES,latent_mse,REFIT_103203,H_POLICY,1,0.06588760346639902,0.05232108214497566,0.08127185904886573,,,02adc09003fd81a4e72955cd08ca6953787f190bbdd548830113d10e2c3862a5,/workspace/r5/H1a/combined/HISTORY_CONDITION_4TASK_TABLE.csv
reacher,100,CASE,5000,UNADJUSTED_POINTWISE_CONDITIONAL,0da55e525d807d1ec54beadaf1dbae9b972da79e44bd0569ace11a855b05df30,POST_R4_SUPPLEMENT_ON_KNOWN_EVALUATION_CASES,latent_mse,REFIT_103203,H_REAL3,1,0.0009385532443411649,0.0007900177400406392,0.0011073770211478403,,,02adc09003fd81a4e72955cd08ca6953787f190bbdd548830113d10e2c3862a5,/workspace/r5/H1a/combined/HISTORY_CONDITION_4TASK_TABLE.csv
reacher,100,CASE,5000,UNADJUSTED_POINTWISE_CONDITIONAL,0da55e525d807d1ec54beadaf1dbae9b972da79e44bd0569ace11a855b05df30,POST_R4_SUPPLEMENT_ON_KNOWN_EVALUATION_CASES,latent_mse_REAL3_minus_POLICY,REFIT_103203,PAIRED_REAL3_MINUS_POLICY,1,-0.06494905022205785,-0.0802889093092308,-0.0514188478074575,,,02adc09003fd81a4e72955cd08ca6953787f190bbdd548830113d10e2c3862a5,/workspace/r5/H1a/combined/HISTORY_CONDITION_4TASK_TABLE.csv
reacher,100,CASE,5000,UNADJUSTED_POINTWISE_CONDITIONAL,0da55e525d807d1ec54beadaf1dbae9b972da79e44bd0569ace11a855b05df30,POST_R4_SUPPLEMENT_ON_KNOWN_EVALUATION_CASES,relative_refit_improvement_ratio_of_means,REFIT_103203,H_POLICY,1,0.07181245160047002,0.0332886597810395,0.11006454775950594,,,02adc09003fd81a4e72955cd08ca6953787f190bbdd548830113d10e2c3862a5,/workspace/r5/H1a/combined/HISTORY_CONDITION_4TASK_TABLE.csv
reacher,100,CASE,5000,UNADJUSTED_POINTWISE_CONDITIONAL,0da55e525d807d1ec54beadaf1dbae9b972da79e44bd0569ace11a855b05df30,POST_R4_SUPPLEMENT_ON_KNOWN_EVALUATION_CASES,relative_refit_improvement_ratio_of_means,REFIT_103203,H_REAL3,1,0.8616635284841506,0.8419221355825061,0.8799186011831053,,,02adc09003fd81a4e72955cd08ca6953787f190bbdd548830113d10e2c3862a5,/workspace/r5/H1a/combined/HISTORY_CONDITION_4TASK_TABLE.csv
reacher,100,CASE,5000,UNADJUSTED_POINTWISE_CONDITIONAL,0da55e525d807d1ec54beadaf1dbae9b972da79e44bd0569ace11a855b05df30,POST_R4_SUPPLEMENT_ON_KNOWN_EVALUATION_CASES,latent_mse,FIXED3_REFIT_MEAN_NOT_ENSEMBLE,H_POLICY,1,0.06548049466917291,0.051742359374552814,0.08099893876285447,,,02adc09003fd81a4e72955cd08ca6953787f190bbdd548830113d10e2c3862a5,/workspace/r5/H1a/combined/HISTORY_CONDITION_4TASK_TABLE.csv
reacher,100,CASE,5000,UNADJUSTED_POINTWISE_CONDITIONAL,0da55e525d807d1ec54beadaf1dbae9b972da79e44bd0569ace11a855b05df30,POST_R4_SUPPLEMENT_ON_KNOWN_EVALUATION_CASES,latent_mse,FIXED3_REFIT_MEAN_NOT_ENSEMBLE,H_REAL3,1,0.0009318267172299479,0.0007975613684866404,0.0010868976723128678,,,02adc09003fd81a4e72955cd08ca6953787f190bbdd548830113d10e2c3862a5,/workspace/r5/H1a/combined/HISTORY_CONDITION_4TASK_TABLE.csv
reacher,100,CASE,5000,UNADJUSTED_POINTWISE_CONDITIONAL,0da55e525d807d1ec54beadaf1dbae9b972da79e44bd0569ace11a855b05df30,POST_R4_SUPPLEMENT_ON_KNOWN_EVALUATION_CASES,latent_mse_REAL3_minus_POLICY,FIXED3_REFIT_MEAN_NOT_ENSEMBLE,PAIRED_REAL3_MINUS_POLICY,1,-0.06454866795194296,-0.08003032003688713,-0.05086658368570596,,,02adc09003fd81a4e72955cd08ca6953787f190bbdd548830113d10e2c3862a5,/workspace/r5/H1a/combined/HISTORY_CONDITION_4TASK_TABLE.csv
reacher,100,CASE,5000,UNADJUSTED_POINTWISE_CONDITIONAL,0da55e525d807d1ec54beadaf1dbae9b972da79e44bd0569ace11a855b05df30,POST_R4_SUPPLEMENT_ON_KNOWN_EVALUATION_CASES,relative_refit_improvement_ratio_of_means,FIXED3_REFIT_MEAN_NOT_ENSEMBLE,H_POLICY,1,0.07754757166174053,0.0397008342560847,0.11723777161358885,,,02adc09003fd81a4e72955cd08ca6953787f190bbdd548830113d10e2c3862a5,/workspace/r5/H1a/combined/HISTORY_CONDITION_4TASK_TABLE.csv
reacher,100,CASE,5000,UNADJUSTED_POINTWISE_CONDITIONAL,0da55e525d807d1ec54beadaf1dbae9b972da79e44bd0569ace11a855b05df30,POST_R4_SUPPLEMENT_ON_KNOWN_EVALUATION_CASES,relative_refit_improvement_ratio_of_means,FIXED3_REFIT_MEAN_NOT_ENSEMBLE,H_REAL3,1,0.8626549735957963,0.8437916368015385,0.8797467029235567,,,02adc09003fd81a4e72955cd08ca6953787f190bbdd548830113d10e2c3862a5,/workspace/r5/H1a/combined/HISTORY_CONDITION_4TASK_TABLE.csv
reacher,100,CASE,5000,UNADJUSTED_POINTWISE_CONDITIONAL,0da55e525d807d1ec54beadaf1dbae9b972da79e44bd0569ace11a855b05df30,POST_R4_SUPPLEMENT_ON_KNOWN_EVALUATION_CASES,latent_mse,H0,H_POLICY,2,0.09794826551806182,0.07640864390530623,0.12235997334285639,,,02adc09003fd81a4e72955cd08ca6953787f190bbdd548830113d10e2c3862a5,/workspace/r5/H1a/combined/HISTORY_CONDITION_4TASK_TABLE.csv
reacher,100,CASE,5000,UNADJUSTED_POINTWISE_CONDITIONAL,0da55e525d807d1ec54beadaf1dbae9b972da79e44bd0569ace11a855b05df30,POST_R4_SUPPLEMENT_ON_KNOWN_EVALUATION_CASES,latent_mse,H0,H_REAL3,2,0.01108217476401478,0.009856589782168157,0.012408243400743228,,,02adc09003fd81a4e72955cd08ca6953787f190bbdd548830113d10e2c3862a5,/workspace/r5/H1a/combined/HISTORY_CONDITION_4TASK_TABLE.csv
reacher,100,CASE,5000,UNADJUSTED_POINTWISE_CONDITIONAL,0da55e525d807d1ec54beadaf1dbae9b972da79e44bd0569ace11a855b05df30,POST_R4_SUPPLEMENT_ON_KNOWN_EVALUATION_CASES,latent_mse_REAL3_minus_POLICY,H0,PAIRED_REAL3_MINUS_POLICY,2,-0.08686609075404704,-0.11087686808558647,-0.06561901332647539,,,02adc09003fd81a4e72955cd08ca6953787f190bbdd548830113d10e2c3862a5,/workspace/r5/H1a/combined/HISTORY_CONDITION_4TASK_TABLE.csv
reacher,100,CASE,5000,UNADJUSTED_POINTWISE_CONDITIONAL,0da55e525d807d1ec54beadaf1dbae9b972da79e44bd0569ace11a855b05df30,POST_R4_SUPPLEMENT_ON_KNOWN_EVALUATION_CASES,latent_mse,REFIT_103201,H_POLICY,2,0.08858161731273867,0.06844126252300338,0.11146025159885173,,,02adc09003fd81a4e72955cd08ca6953787f190bbdd548830113d10e2c3862a5,/workspace/r5/H1a/combined/HISTORY_CONDITION_4TASK_TABLE.csv
reacher,100,CASE,5000,UNADJUSTED_POINTWISE_CONDITIONAL,0da55e525d807d1ec54beadaf1dbae9b972da79e44bd0569ace11a855b05df30,POST_R4_SUPPLEMENT_ON_KNOWN_EVALUATION_CASES,latent_mse,REFIT_103201,H_REAL3,2,0.0012027151112852152,0.0010021100436533742,0.0014309607091527138,,,02adc09003fd81a4e72955cd08ca6953787f190bbdd548830113d10e2c3862a5,/workspace/r5/H1a/combined/HISTORY_CONDITION_4TASK_TABLE.csv
reacher,100,CASE,5000,UNADJUSTED_POINTWISE_CONDITIONAL,0da55e525d807d1ec54beadaf1dbae9b972da79e44bd0569ace11a855b05df30,POST_R4_SUPPLEMENT_ON_KNOWN_EVALUATION_CASES,latent_mse_REAL3_minus_POLICY,REFIT_103201,PAIRED_REAL3_MINUS_POLICY,2,-0.08737890220145346,-0.11032249037221846,-0.06733767888016158,,,02adc09003fd81a4e72955cd08ca6953787f190bbdd548830113d10e2c3862a5,/workspace/r5/H1a/combined/HISTORY_CONDITION_4TASK_TABLE.csv
reacher,100,CASE,5000,UNADJUSTED_POINTWISE_CONDITIONAL,0da55e525d807d1ec54beadaf1dbae9b972da79e44bd0569ace11a855b05df30,POST_R4_SUPPLEMENT_ON_KNOWN_EVALUATION_CASES,relative_refit_improvement_ratio_of_means,REFIT_103201,H_POLICY,2,0.09562852548518,0.045316860789681404,0.14926815195123921,,,02adc09003fd81a4e72955cd08ca6953787f190bbdd548830113d10e2c3862a5,/workspace/r5/H1a/combined/HISTORY_CONDITION_4TASK_TABLE.csv
reacher,100,CASE,5000,UNADJUSTED_POINTWISE_CONDITIONAL,0da55e525d807d1ec54beadaf1dbae9b972da79e44bd0569ace11a855b05df30,POST_R4_SUPPLEMENT_ON_KNOWN_EVALUATION_CASES,relative_refit_improvement_ratio_of_means,REFIT_103201,H_REAL3,2,0.8914730062559035,0.8677303536880427,0.9115162568787143,,,02adc09003fd81a4e72955cd08ca6953787f190bbdd548830113d10e2c3862a5,/workspace/r5/H1a/combined/HISTORY_CONDITION_4TASK_TABLE.csv
reacher,100,CASE,5000,UNADJUSTED_POINTWISE_CONDITIONAL,0da55e525d807d1ec54beadaf1dbae9b972da79e44bd0569ace11a855b05df30,POST_R4_SUPPLEMENT_ON_KNOWN_EVALUATION_CASES,latent_mse,REFIT_103202,H_POLICY,2,0.08840253695612774,0.06824921456590528,0.11125107953860423,,,02adc09003fd81a4e72955cd08ca6953787f190bbdd548830113d10e2c3862a5,/workspace/r5/H1a/combined/HISTORY_CONDITION_4TASK_TABLE.csv
reacher,100,CASE,5000,UNADJUSTED_POINTWISE_CONDITIONAL,0da55e525d807d1ec54beadaf1dbae9b972da79e44bd0569ace11a855b05df30,POST_R4_SUPPLEMENT_ON_KNOWN_EVALUATION_CASES,latent_mse,REFIT_103202,H_REAL3,2,0.0012813396721321625,0.0010794774563983084,0.0015079020754055817,,,02adc09003fd81a4e72955cd08ca6953787f190bbdd548830113d10e2c3862a5,/workspace/r5/H1a/combined/HISTORY_CONDITION_4TASK_TABLE.csv
reacher,100,CASE,5000,UNADJUSTED_POINTWISE_CONDITIONAL,0da55e525d807d1ec54beadaf1dbae9b972da79e44bd0569ace11a855b05df30,POST_R4_SUPPLEMENT_ON_KNOWN_EVALUATION_CASES,latent_mse_REAL3_minus_POLICY,REFIT_103202,PAIRED_REAL3_MINUS_POLICY,2,-0.08712119728399557,-0.10987033422012245,-0.06697532306330323,,,02adc09003fd81a4e72955cd08ca6953787f190bbdd548830113d10e2c3862a5,/workspace/r5/H1a/combined/HISTORY_CONDITION_4TASK_TABLE.csv
reacher,100,CASE,5000,UNADJUSTED_POINTWISE_CONDITIONAL,0da55e525d807d1ec54beadaf1dbae9b972da79e44bd0569ace11a855b05df30,POST_R4_SUPPLEMENT_ON_KNOWN_EVALUATION_CASES,relative_refit_improvement_ratio_of_means,REFIT_103202,H_POLICY,2,0.09745684123598736,0.044033579557863224,0.1530353174449152,,,02adc09003fd81a4e72955cd08ca6953787f190bbdd548830113d10e2c3862a5,/workspace/r5/H1a/combined/HISTORY_CONDITION_4TASK_TABLE.csv
reacher,100,CASE,5000,UNADJUSTED_POINTWISE_CONDITIONAL,0da55e525d807d1ec54beadaf1dbae9b972da79e44bd0569ace11a855b05df30,POST_R4_SUPPLEMENT_ON_KNOWN_EVALUATION_CASES,relative_refit_improvement_ratio_of_means,REFIT_103202,H_REAL3,2,0.884378319290467,0.8602369127800389,0.9046044408145537,,,02adc09003fd81a4e72955cd08ca6953787f190bbdd548830113d10e2c3862a5,/workspace/r5/H1a/combined/HISTORY_CONDITION_4TASK_TABLE.csv
reacher,100,CASE,5000,UNADJUSTED_POINTWISE_CONDITIONAL,0da55e525d807d1ec54beadaf1dbae9b972da79e44bd0569ace11a855b05df30,POST_R4_SUPPLEMENT_ON_KNOWN_EVALUATION_CASES,latent_mse,REFIT_103203,H_POLICY,2,0.08957573263207451,0.0696925642627757,0.11248592825728701,,,02adc09003fd81a4e72955cd08ca6953787f190bbdd548830113d10e2c3862a5,/workspace/r5/H1a/combined/HISTORY_CONDITION_4TASK_TABLE.csv
reacher,100,CASE,5000,UNADJUSTED_POINTWISE_CONDITIONAL,0da55e525d807d1ec54beadaf1dbae9b972da79e44bd0569ace11a855b05df30,POST_R4_SUPPLEMENT_ON_KNOWN_EVALUATION_CASES,latent_mse,REFIT_103203,H_REAL3,2,0.0011367981178045739,0.0009425852056483564,0.0013659735158398688,,,02adc09003fd81a4e72955cd08ca6953787f190bbdd548830113d10e2c3862a5,/workspace/r5/H1a/combined/HISTORY_CONDITION_4TASK_TABLE.csv
reacher,100,CASE,5000,UNADJUSTED_POINTWISE_CONDITIONAL,0da55e525d807d1ec54beadaf1dbae9b972da79e44bd0569ace11a855b05df30,POST_R4_SUPPLEMENT_ON_KNOWN_EVALUATION_CASES,latent_mse_REAL3_minus_POLICY,REFIT_103203,PAIRED_REAL3_MINUS_POLICY,2,-0.08843893451426993,-0.11135654069285737,-0.06858674030759358,,,02adc09003fd81a4e72955cd08ca6953787f190bbdd548830113d10e2c3862a5,/workspace/r5/H1a/combined/HISTORY_CONDITION_4TASK_TABLE.csv
reacher,100,CASE,5000,UNADJUSTED_POINTWISE_CONDITIONAL,0da55e525d807d1ec54beadaf1dbae9b972da79e44bd0569ace11a855b05df30,POST_R4_SUPPLEMENT_ON_KNOWN_EVALUATION_CASES,relative_refit_improvement_ratio_of_means,REFIT_103203,H_POLICY,2,0.08547913372129498,0.035131485889655104,0.1363287250345796,,,02adc09003fd81a4e72955cd08ca6953787f190bbdd548830113d10e2c3862a5,/workspace/r5/H1a/combined/HISTORY_CONDITION_4TASK_TABLE.csv
reacher,100,CASE,5000,UNADJUSTED_POINTWISE_CONDITIONAL,0da55e525d807d1ec54beadaf1dbae9b972da79e44bd0569ace11a855b05df30,POST_R4_SUPPLEMENT_ON_KNOWN_EVALUATION_CASES,relative_refit_improvement_ratio_of_means,REFIT_103203,H_REAL3,2,0.8974210259257144,0.8736592079003741,0.9169177715058852,,,02adc09003fd81a4e72955cd08ca6953787f190bbdd548830113d10e2c3862a5,/workspace/r5/H1a/combined/HISTORY_CONDITION_4TASK_TABLE.csv
reacher,100,CASE,5000,UNADJUSTED_POINTWISE_CONDITIONAL,0da55e525d807d1ec54beadaf1dbae9b972da79e44bd0569ace11a855b05df30,POST_R4_SUPPLEMENT_ON_KNOWN_EVALUATION_CASES,latent_mse,FIXED3_REFIT_MEAN_NOT_ENSEMBLE,H_POLICY,2,0.08885329563364698,0.06886161131908497,0.1118907579464139,,,02adc09003fd81a4e72955cd08ca6953787f190bbdd548830113d10e2c3862a5,/workspace/r5/H1a/combined/HISTORY_CONDITION_4TASK_TABLE.csv
reacher,100,CASE,5000,UNADJUSTED_POINTWISE_CONDITIONAL,0da55e525d807d1ec54beadaf1dbae9b972da79e44bd0569ace11a855b05df30,POST_R4_SUPPLEMENT_ON_KNOWN_EVALUATION_CASES,latent_mse,FIXED3_REFIT_MEAN_NOT_ENSEMBLE,H_REAL3,2,0.0012069509670739839,0.0010180771393473453,0.0014286775821249949,,,02adc09003fd81a4e72955cd08ca6953787f190bbdd548830113d10e2c3862a5,/workspace/r5/H1a/combined/HISTORY_CONDITION_4TASK_TABLE.csv
reacher,100,CASE,5000,UNADJUSTED_POINTWISE_CONDITIONAL,0da55e525d807d1ec54beadaf1dbae9b972da79e44bd0569ace11a855b05df30,POST_R4_SUPPLEMENT_ON_KNOWN_EVALUATION_CASES,latent_mse_REAL3_minus_POLICY,FIXED3_REFIT_MEAN_NOT_ENSEMBLE,PAIRED_REAL3_MINUS_POLICY,2,-0.08764634466657299,-0.11059442194935157,-0.06771209792931648,,,02adc09003fd81a4e72955cd08ca6953787f190bbdd548830113d10e2c3862a5,/workspace/r5/H1a/combined/HISTORY_CONDITION_4TASK_TABLE.csv
reacher,100,CASE,5000,UNADJUSTED_POINTWISE_CONDITIONAL,0da55e525d807d1ec54beadaf1dbae9b972da79e44bd0569ace11a855b05df30,POST_R4_SUPPLEMENT_ON_KNOWN_EVALUATION_CASES,relative_refit_improvement_ratio_of_means,FIXED3_REFIT_MEAN_NOT_ENSEMBLE,H_POLICY,2,0.09285483348082069,0.04372254679955209,0.14388446701983817,,,02adc09003fd81a4e72955cd08ca6953787f190bbdd548830113d10e2c3862a5,/workspace/r5/H1a/combined/HISTORY_CONDITION_4TASK_TABLE.csv
reacher,100,CASE,5000,UNADJUSTED_POINTWISE_CONDITIONAL,0da55e525d807d1ec54beadaf1dbae9b972da79e44bd0569ace11a855b05df30,POST_R4_SUPPLEMENT_ON_KNOWN_EVALUATION_CASES,relative_refit_improvement_ratio_of_means,FIXED3_REFIT_MEAN_NOT_ENSEMBLE,H_REAL3,2,0.8910907838240283,0.8676714520498574,0.9103040347282085,,,02adc09003fd81a4e72955cd08ca6953787f190bbdd548830113d10e2c3862a5,/workspace/r5/H1a/combined/HISTORY_CONDITION_4TASK_TABLE.csv
reacher,100,CASE,5000,UNADJUSTED_POINTWISE_CONDITIONAL,0da55e525d807d1ec54beadaf1dbae9b972da79e44bd0569ace11a855b05df30,POST_R4_SUPPLEMENT_ON_KNOWN_EVALUATION_CASES,latent_mse,H0,H_POLICY,5,0.11806012281682342,0.09240242752304766,0.14645918206579514,,,02adc09003fd81a4e72955cd08ca6953787f190bbdd548830113d10e2c3862a5,/workspace/r5/H1a/combined/HISTORY_CONDITION_4TASK_TABLE.csv
reacher,100,CASE,5000,UNADJUSTED_POINTWISE_CONDITIONAL,0da55e525d807d1ec54beadaf1dbae9b972da79e44bd0569ace11a855b05df30,POST_R4_SUPPLEMENT_ON_KNOWN_EVALUATION_CASES,latent_mse,H0,H_REAL3,5,0.01976001632399857,0.01726574023417197,0.022501347407931454,,,02adc09003fd81a4e72955cd08ca6953787f190bbdd548830113d10e2c3862a5,/workspace/r5/H1a/combined/HISTORY_CONDITION_4TASK_TABLE.csv
reacher,100,CASE,5000,UNADJUSTED_POINTWISE_CONDITIONAL,0da55e525d807d1ec54beadaf1dbae9b972da79e44bd0569ace11a855b05df30,POST_R4_SUPPLEMENT_ON_KNOWN_EVALUATION_CASES,latent_mse_REAL3_minus_POLICY,H0,PAIRED_REAL3_MINUS_POLICY,5,-0.09830010649282485,-0.12717867073428352,-0.07219890415633563,,,02adc09003fd81a4e72955cd08ca6953787f190bbdd548830113d10e2c3862a5,/workspace/r5/H1a/combined/HISTORY_CONDITION_4TASK_TABLE.csv
reacher,100,CASE,5000,UNADJUSTED_POINTWISE_CONDITIONAL,0da55e525d807d1ec54beadaf1dbae9b972da79e44bd0569ace11a855b05df30,POST_R4_SUPPLEMENT_ON_KNOWN_EVALUATION_CASES,latent_mse,REFIT_103201,H_POLICY,5,0.1024842522724066,0.0788657255283615,0.12990312492885275,,,02adc09003fd81a4e72955cd08ca6953787f190bbdd548830113d10e2c3862a5,/workspace/r5/H1a/combined/HISTORY_CONDITION_4TASK_TABLE.csv
reacher,100,CASE,5000,UNADJUSTED_POINTWISE_CONDITIONAL,0da55e525d807d1ec54beadaf1dbae9b972da79e44bd0569ace11a855b05df30,POST_R4_SUPPLEMENT_ON_KNOWN_EVALUATION_CASES,latent_mse,REFIT_103201,H_REAL3,5,0.0019027620230917819,0.0015685445250055636,0.0022682863767186055,,,02adc09003fd81a4e72955cd08ca6953787f190bbdd548830113d10e2c3862a5,/workspace/r5/H1a/combined/HISTORY_CONDITION_4TASK_TABLE.csv
reacher,100,CASE,5000,UNADJUSTED_POINTWISE_CONDITIONAL,0da55e525d807d1ec54beadaf1dbae9b972da79e44bd0569ace11a855b05df30,POST_R4_SUPPLEMENT_ON_KNOWN_EVALUATION_CASES,latent_mse_REAL3_minus_POLICY,REFIT_103201,PAIRED_REAL3_MINUS_POLICY,5,-0.10058149024931481,-0.12790211349812308,-0.07700091927636096,,,02adc09003fd81a4e72955cd08ca6953787f190bbdd548830113d10e2c3862a5,/workspace/r5/H1a/combined/HISTORY_CONDITION_4TASK_TABLE.csv
reacher,100,CASE,5000,UNADJUSTED_POINTWISE_CONDITIONAL,0da55e525d807d1ec54beadaf1dbae9b972da79e44bd0569ace11a855b05df30,POST_R4_SUPPLEMENT_ON_KNOWN_EVALUATION_CASES,relative_refit_improvement_ratio_of_means,REFIT_103201,H_POLICY,5,0.13193168169563585,0.06610951638090218,0.20081499423665952,,,02adc09003fd81a4e72955cd08ca6953787f190bbdd548830113d10e2c3862a5,/workspace/r5/H1a/combined/HISTORY_CONDITION_4TASK_TABLE.csv
reacher,100,CASE,5000,UNADJUSTED_POINTWISE_CONDITIONAL,0da55e525d807d1ec54beadaf1dbae9b972da79e44bd0569ace11a855b05df30,POST_R4_SUPPLEMENT_ON_KNOWN_EVALUATION_CASES,relative_refit_improvement_ratio_of_means,REFIT_103201,H_REAL3,5,0.9037064548989834,0.8800504280271533,0.9230122588568764,,,02adc09003fd81a4e72955cd08ca6953787f190bbdd548830113d10e2c3862a5,/workspace/r5/H1a/combined/HISTORY_CONDITION_4TASK_TABLE.csv
reacher,100,CASE,5000,UNADJUSTED_POINTWISE_CONDITIONAL,0da55e525d807d1ec54beadaf1dbae9b972da79e44bd0569ace11a855b05df30,POST_R4_SUPPLEMENT_ON_KNOWN_EVALUATION_CASES,latent_mse,REFIT_103202,H_POLICY,5,0.10302555574802681,0.07893093001731905,0.13072546096751464,,,02adc09003fd81a4e72955cd08ca6953787f190bbdd548830113d10e2c3862a5,/workspace/r5/H1a/combined/HISTORY_CONDITION_4TASK_TABLE.csv
reacher,100,CASE,5000,UNADJUSTED_POINTWISE_CONDITIONAL,0da55e525d807d1ec54beadaf1dbae9b972da79e44bd0569ace11a855b05df30,POST_R4_SUPPLEMENT_ON_KNOWN_EVALUATION_CASES,latent_mse,REFIT_103202,H_REAL3,5,0.0022497243169345895,0.0018625709277403076,0.002681655968131963,,,02adc09003fd81a4e72955cd08ca6953787f190bbdd548830113d10e2c3862a5,/workspace/r5/H1a/combined/HISTORY_CONDITION_4TASK_TABLE.csv
reacher,100,CASE,5000,UNADJUSTED_POINTWISE_CONDITIONAL,0da55e525d807d1ec54beadaf1dbae9b972da79e44bd0569ace11a855b05df30,POST_R4_SUPPLEMENT_ON_KNOWN_EVALUATION_CASES,latent_mse_REAL3_minus_POLICY,REFIT_103202,PAIRED_REAL3_MINUS_POLICY,5,-0.10077583143109223,-0.12836036295260417,-0.07674732240413869,,,02adc09003fd81a4e72955cd08ca6953787f190bbdd548830113d10e2c3862a5,/workspace/r5/H1a/combined/HISTORY_CONDITION_4TASK_TABLE.csv
reacher,100,CASE,5000,UNADJUSTED_POINTWISE_CONDITIONAL,0da55e525d807d1ec54beadaf1dbae9b972da79e44bd0569ace11a855b05df30,POST_R4_SUPPLEMENT_ON_KNOWN_EVALUATION_CASES,relative_refit_improvement_ratio_of_means,REFIT_103202,H_POLICY,5,0.12734670022428776,0.06121717238603079,0.19744932855830663,,,02adc09003fd81a4e72955cd08ca6953787f190bbdd548830113d10e2c3862a5,/workspace/r5/H1a/combined/HISTORY_CONDITION_4TASK_TABLE.csv
reacher,100,CASE,5000,UNADJUSTED_POINTWISE_CONDITIONAL,0da55e525d807d1ec54beadaf1dbae9b972da79e44bd0569ace11a855b05df30,POST_R4_SUPPLEMENT_ON_KNOWN_EVALUATION_CASES,relative_refit_improvement_ratio_of_means,REFIT_103202,H_REAL3,5,0.8861476488659425,0.8574559654008925,0.9097475673004671,,,02adc09003fd81a4e72955cd08ca6953787f190bbdd548830113d10e2c3862a5,/workspace/r5/H1a/combined/HISTORY_CONDITION_4TASK_TABLE.csv
reacher,100,CASE,5000,UNADJUSTED_POINTWISE_CONDITIONAL,0da55e525d807d1ec54beadaf1dbae9b972da79e44bd0569ace11a855b05df30,POST_R4_SUPPLEMENT_ON_KNOWN_EVALUATION_CASES,latent_mse,REFIT_103203,H_POLICY,5,0.10343735985225067,0.07961685828672489,0.13115877805376658,,,02adc09003fd81a4e72955cd08ca6953787f190bbdd548830113d10e2c3862a5,/workspace/r5/H1a/combined/HISTORY_CONDITION_4TASK_TABLE.csv
reacher,100,CASE,5000,UNADJUSTED_POINTWISE_CONDITIONAL,0da55e525d807d1ec54beadaf1dbae9b972da79e44bd0569ace11a855b05df30,POST_R4_SUPPLEMENT_ON_KNOWN_EVALUATION_CASES,latent_mse,REFIT_103203,H_REAL3,5,0.0019322885687870438,0.0016194114094178077,0.002294475514099758,,,02adc09003fd81a4e72955cd08ca6953787f190bbdd548830113d10e2c3862a5,/workspace/r5/H1a/combined/HISTORY_CONDITION_4TASK_TABLE.csv
reacher,100,CASE,5000,UNADJUSTED_POINTWISE_CONDITIONAL,0da55e525d807d1ec54beadaf1dbae9b972da79e44bd0569ace11a855b05df30,POST_R4_SUPPLEMENT_ON_KNOWN_EVALUATION_CASES,latent_mse_REAL3_minus_POLICY,REFIT_103203,PAIRED_REAL3_MINUS_POLICY,5,-0.10150507128346362,-0.12923795855355638,-0.07764750781577096,,,02adc09003fd81a4e72955cd08ca6953787f190bbdd548830113d10e2c3862a5,/workspace/r5/H1a/combined/HISTORY_CONDITION_4TASK_TABLE.csv
reacher,100,CASE,5000,UNADJUSTED_POINTWISE_CONDITIONAL,0da55e525d807d1ec54beadaf1dbae9b972da79e44bd0569ace11a855b05df30,POST_R4_SUPPLEMENT_ON_KNOWN_EVALUATION_CASES,relative_refit_improvement_ratio_of_means,REFIT_103203,H_POLICY,5,0.12385861216882478,0.0585093801083291,0.18919370252285034,,,02adc09003fd81a4e72955cd08ca6953787f190bbdd548830113d10e2c3862a5,/workspace/r5/H1a/combined/HISTORY_CONDITION_4TASK_TABLE.csv
reacher,100,CASE,5000,UNADJUSTED_POINTWISE_CONDITIONAL,0da55e525d807d1ec54beadaf1dbae9b972da79e44bd0569ace11a855b05df30,POST_R4_SUPPLEMENT_ON_KNOWN_EVALUATION_CASES,relative_refit_improvement_ratio_of_means,REFIT_103203,H_REAL3,5,0.9022121977480213,0.8784946132179862,0.9216177985905293,,,02adc09003fd81a4e72955cd08ca6953787f190bbdd548830113d10e2c3862a5,/workspace/r5/H1a/combined/HISTORY_CONDITION_4TASK_TABLE.csv
reacher,100,CASE,5000,UNADJUSTED_POINTWISE_CONDITIONAL,0da55e525d807d1ec54beadaf1dbae9b972da79e44bd0569ace11a855b05df30,POST_R4_SUPPLEMENT_ON_KNOWN_EVALUATION_CASES,latent_mse,FIXED3_REFIT_MEAN_NOT_ENSEMBLE,H_POLICY,5,0.10298238929089472,0.07927217018998149,0.13037037055797795,,,02adc09003fd81a4e72955cd08ca6953787f190bbdd548830113d10e2c3862a5,/workspace/r5/H1a/combined/HISTORY_CONDITION_4TASK_TABLE.csv
reacher,100,CASE,5000,UNADJUSTED_POINTWISE_CONDITIONAL,0da55e525d807d1ec54beadaf1dbae9b972da79e44bd0569ace11a855b05df30,POST_R4_SUPPLEMENT_ON_KNOWN_EVALUATION_CASES,latent_mse,FIXED3_REFIT_MEAN_NOT_ENSEMBLE,H_REAL3,5,0.0020282583029378053,0.0017190456744986783,0.0023784010907681175,,,02adc09003fd81a4e72955cd08ca6953787f190bbdd548830113d10e2c3862a5,/workspace/r5/H1a/combined/HISTORY_CONDITION_4TASK_TABLE.csv
reacher,100,CASE,5000,UNADJUSTED_POINTWISE_CONDITIONAL,0da55e525d807d1ec54beadaf1dbae9b972da79e44bd0569ace11a855b05df30,POST_R4_SUPPLEMENT_ON_KNOWN_EVALUATION_CASES,latent_mse_REAL3_minus_POLICY,FIXED3_REFIT_MEAN_NOT_ENSEMBLE,PAIRED_REAL3_MINUS_POLICY,5,-0.10095413098795689,-0.12837481275382984,-0.07714149373302522,,,02adc09003fd81a4e72955cd08ca6953787f190bbdd548830113d10e2c3862a5,/workspace/r5/H1a/combined/HISTORY_CONDITION_4TASK_TABLE.csv
reacher,100,CASE,5000,UNADJUSTED_POINTWISE_CONDITIONAL,0da55e525d807d1ec54beadaf1dbae9b972da79e44bd0569ace11a855b05df30,POST_R4_SUPPLEMENT_ON_KNOWN_EVALUATION_CASES,relative_refit_improvement_ratio_of_means,FIXED3_REFIT_MEAN_NOT_ENSEMBLE,H_POLICY,5,0.1277123313629159,0.06468802499163878,0.19372394124542053,,,02adc09003fd81a4e72955cd08ca6953787f190bbdd548830113d10e2c3862a5,/workspace/r5/H1a/combined/HISTORY_CONDITION_4TASK_TABLE.csv
reacher,100,CASE,5000,UNADJUSTED_POINTWISE_CONDITIONAL,0da55e525d807d1ec54beadaf1dbae9b972da79e44bd0569ace11a855b05df30,POST_R4_SUPPLEMENT_ON_KNOWN_EVALUATION_CASES,relative_refit_improvement_ratio_of_means,FIXED3_REFIT_MEAN_NOT_ENSEMBLE,H_REAL3,5,0.8973554338376492,0.8734677383605284,0.9170385558307272,,,02adc09003fd81a4e72955cd08ca6953787f190bbdd548830113d10e2c3862a5,/workspace/r5/H1a/combined/HISTORY_CONDITION_4TASK_TABLE.csv
tworoom,100,CASE,5000,UNADJUSTED_POINTWISE_CONDITIONAL,d25a7f028a0fa031668f34633c7c021a633c21cd0d010b88705cac81509bbbab,POST_R4_SUPPLEMENT_ON_KNOWN_EVALUATION_CASES,latent_mse,H0,H_POLICY,1,0.0649427155405283,0.06005318921012803,0.07041832104558125,,,02adc09003fd81a4e72955cd08ca6953787f190bbdd548830113d10e2c3862a5,/workspace/r5/H1a/combined/HISTORY_CONDITION_4TASK_TABLE.csv
tworoom,100,CASE,5000,UNADJUSTED_POINTWISE_CONDITIONAL,d25a7f028a0fa031668f34633c7c021a633c21cd0d010b88705cac81509bbbab,POST_R4_SUPPLEMENT_ON_KNOWN_EVALUATION_CASES,latent_mse,H0,H_REAL3,1,0.06477128835394978,0.05974302026862279,0.07037226838758216,,,02adc09003fd81a4e72955cd08ca6953787f190bbdd548830113d10e2c3862a5,/workspace/r5/H1a/combined/HISTORY_CONDITION_4TASK_TABLE.csv
tworoom,100,CASE,5000,UNADJUSTED_POINTWISE_CONDITIONAL,d25a7f028a0fa031668f34633c7c021a633c21cd0d010b88705cac81509bbbab,POST_R4_SUPPLEMENT_ON_KNOWN_EVALUATION_CASES,latent_mse_REAL3_minus_POLICY,H0,PAIRED_REAL3_MINUS_POLICY,1,-0.0001714271865785122,-0.0012219783193431794,0.0008024111785925914,,,02adc09003fd81a4e72955cd08ca6953787f190bbdd548830113d10e2c3862a5,/workspace/r5/H1a/combined/HISTORY_CONDITION_4TASK_TABLE.csv
tworoom,100,CASE,5000,UNADJUSTED_POINTWISE_CONDITIONAL,d25a7f028a0fa031668f34633c7c021a633c21cd0d010b88705cac81509bbbab,POST_R4_SUPPLEMENT_ON_KNOWN_EVALUATION_CASES,latent_mse,REFIT_103201,H_POLICY,1,0.001386264284956269,0.001107363727169286,0.0017313946828653563,,,02adc09003fd81a4e72955cd08ca6953787f190bbdd548830113d10e2c3862a5,/workspace/r5/H1a/combined/HISTORY_CONDITION_4TASK_TABLE.csv
tworoom,100,CASE,5000,UNADJUSTED_POINTWISE_CONDITIONAL,d25a7f028a0fa031668f34633c7c021a633c21cd0d010b88705cac81509bbbab,POST_R4_SUPPLEMENT_ON_KNOWN_EVALUATION_CASES,latent_mse,REFIT_103201,H_REAL3,1,0.001444248225307092,0.0011699879184525344,0.0017731263510577262,,,02adc09003fd81a4e72955cd08ca6953787f190bbdd548830113d10e2c3862a5,/workspace/r5/H1a/combined/HISTORY_CONDITION_4TASK_TABLE.csv
tworoom,100,CASE,5000,UNADJUSTED_POINTWISE_CONDITIONAL,d25a7f028a0fa031668f34633c7c021a633c21cd0d010b88705cac81509bbbab,POST_R4_SUPPLEMENT_ON_KNOWN_EVALUATION_CASES,latent_mse_REAL3_minus_POLICY,REFIT_103201,PAIRED_REAL3_MINUS_POLICY,1,5.7983940350823105e-05,-3.508857481938321e-05,0.00015113040315191026,,,02adc09003fd81a4e72955cd08ca6953787f190bbdd548830113d10e2c3862a5,/workspace/r5/H1a/combined/HISTORY_CONDITION_4TASK_TABLE.csv
tworoom,100,CASE,5000,UNADJUSTED_POINTWISE_CONDITIONAL,d25a7f028a0fa031668f34633c7c021a633c21cd0d010b88705cac81509bbbab,POST_R4_SUPPLEMENT_ON_KNOWN_EVALUATION_CASES,relative_refit_improvement_ratio_of_means,REFIT_103201,H_POLICY,1,0.9786540449776673,0.9727849088413341,0.983270926043891,,,02adc09003fd81a4e72955cd08ca6953787f190bbdd548830113d10e2c3862a5,/workspace/r5/H1a/combined/HISTORY_CONDITION_4TASK_TABLE.csv
tworoom,100,CASE,5000,UNADJUSTED_POINTWISE_CONDITIONAL,d25a7f028a0fa031668f34633c7c021a633c21cd0d010b88705cac81509bbbab,POST_R4_SUPPLEMENT_ON_KNOWN_EVALUATION_CASES,relative_refit_improvement_ratio_of_means,REFIT_103201,H_REAL3,1,0.9777023390763074,0.9719956769378691,0.9823957474313182,,,02adc09003fd81a4e72955cd08ca6953787f190bbdd548830113d10e2c3862a5,/workspace/r5/H1a/combined/HISTORY_CONDITION_4TASK_TABLE.csv
tworoom,100,CASE,5000,UNADJUSTED_POINTWISE_CONDITIONAL,d25a7f028a0fa031668f34633c7c021a633c21cd0d010b88705cac81509bbbab,POST_R4_SUPPLEMENT_ON_KNOWN_EVALUATION_CASES,latent_mse,REFIT_103202,H_POLICY,1,0.0013326792942825706,0.0011068654912014606,0.001614009454322513,,,02adc09003fd81a4e72955cd08ca6953787f190bbdd548830113d10e2c3862a5,/workspace/r5/H1a/combined/HISTORY_CONDITION_4TASK_TABLE.csv
tworoom,100,CASE,5000,UNADJUSTED_POINTWISE_CONDITIONAL,d25a7f028a0fa031668f34633c7c021a633c21cd0d010b88705cac81509bbbab,POST_R4_SUPPLEMENT_ON_KNOWN_EVALUATION_CASES,latent_mse,REFIT_103202,H_REAL3,1,0.001427680636115838,0.0011697529253651736,0.0017474446903943315,,,02adc09003fd81a4e72955cd08ca6953787f190bbdd548830113d10e2c3862a5,/workspace/r5/H1a/combined/HISTORY_CONDITION_4TASK_TABLE.csv
tworoom,100,CASE,5000,UNADJUSTED_POINTWISE_CONDITIONAL,d25a7f028a0fa031668f34633c7c021a633c21cd0d010b88705cac81509bbbab,POST_R4_SUPPLEMENT_ON_KNOWN_EVALUATION_CASES,latent_mse_REAL3_minus_POLICY,REFIT_103202,PAIRED_REAL3_MINUS_POLICY,1,9.500134183326736e-05,3.954259118472692e-06,0.0001976752650734851,,,02adc09003fd81a4e72955cd08ca6953787f190bbdd548830113d10e2c3862a5,/workspace/r5/H1a/combined/HISTORY_CONDITION_4TASK_TABLE.csv
tworoom,100,CASE,5000,UNADJUSTED_POINTWISE_CONDITIONAL,d25a7f028a0fa031668f34633c7c021a633c21cd0d010b88705cac81509bbbab,POST_R4_SUPPLEMENT_ON_KNOWN_EVALUATION_CASES,relative_refit_improvement_ratio_of_means,REFIT_103202,H_POLICY,1,0.9794791566199461,0.9747241174739963,0.9834347828645688,,,02adc09003fd81a4e72955cd08ca6953787f190bbdd548830113d10e2c3862a5,/workspace/r5/H1a/combined/HISTORY_CONDITION_4TASK_TABLE.csv
tworoom,100,CASE,5000,UNADJUSTED_POINTWISE_CONDITIONAL,d25a7f028a0fa031668f34633c7c021a633c21cd0d010b88705cac81509bbbab,POST_R4_SUPPLEMENT_ON_KNOWN_EVALUATION_CASES,relative_refit_improvement_ratio_of_means,REFIT_103202,H_REAL3,1,0.9779581250829206,0.9723833041292987,0.9823918907872045,,,02adc09003fd81a4e72955cd08ca6953787f190bbdd548830113d10e2c3862a5,/workspace/r5/H1a/combined/HISTORY_CONDITION_4TASK_TABLE.csv
tworoom,100,CASE,5000,UNADJUSTED_POINTWISE_CONDITIONAL,d25a7f028a0fa031668f34633c7c021a633c21cd0d010b88705cac81509bbbab,POST_R4_SUPPLEMENT_ON_KNOWN_EVALUATION_CASES,latent_mse,REFIT_103203,H_POLICY,1,0.0014399323094403372,0.0011858972476475175,0.0017406180645339186,,,02adc09003fd81a4e72955cd08ca6953787f190bbdd548830113d10e2c3862a5,/workspace/r5/H1a/combined/HISTORY_CONDITION_4TASK_TABLE.csv
tworoom,100,CASE,5000,UNADJUSTED_POINTWISE_CONDITIONAL,d25a7f028a0fa031668f34633c7c021a633c21cd0d010b88705cac81509bbbab,POST_R4_SUPPLEMENT_ON_KNOWN_EVALUATION_CASES,latent_mse,REFIT_103203,H_REAL3,1,0.001514798409480136,0.0012450303383157006,0.00182325556181604,,,02adc09003fd81a4e72955cd08ca6953787f190bbdd548830113d10e2c3862a5,/workspace/r5/H1a/combined/HISTORY_CONDITION_4TASK_TABLE.csv
tworoom,100,CASE,5000,UNADJUSTED_POINTWISE_CONDITIONAL,d25a7f028a0fa031668f34633c7c021a633c21cd0d010b88705cac81509bbbab,POST_R4_SUPPLEMENT_ON_KNOWN_EVALUATION_CASES,latent_mse_REAL3_minus_POLICY,REFIT_103203,PAIRED_REAL3_MINUS_POLICY,1,7.486610003979876e-05,-1.7656614836596415e-05,0.0001704315016031613,,,02adc09003fd81a4e72955cd08ca6953787f190bbdd548830113d10e2c3862a5,/workspace/r5/H1a/combined/HISTORY_CONDITION_4TASK_TABLE.csv
tworoom,100,CASE,5000,UNADJUSTED_POINTWISE_CONDITIONAL,d25a7f028a0fa031668f34633c7c021a633c21cd0d010b88705cac81509bbbab,POST_R4_SUPPLEMENT_ON_KNOWN_EVALUATION_CASES,relative_refit_improvement_ratio_of_means,REFIT_103203,H_POLICY,1,0.9778276547653488,0.9729060731101024,0.9819723903988519,,,02adc09003fd81a4e72955cd08ca6953787f190bbdd548830113d10e2c3862a5,/workspace/r5/H1a/combined/HISTORY_CONDITION_4TASK_TABLE.csv
tworoom,100,CASE,5000,UNADJUSTED_POINTWISE_CONDITIONAL,d25a7f028a0fa031668f34633c7c021a633c21cd0d010b88705cac81509bbbab,POST_R4_SUPPLEMENT_ON_KNOWN_EVALUATION_CASES,relative_refit_improvement_ratio_of_means,REFIT_103203,H_REAL3,1,0.9766131190535788,0.9713909214264757,0.9811255515581994,,,02adc09003fd81a4e72955cd08ca6953787f190bbdd548830113d10e2c3862a5,/workspace/r5/H1a/combined/HISTORY_CONDITION_4TASK_TABLE.csv
tworoom,100,CASE,5000,UNADJUSTED_POINTWISE_CONDITIONAL,d25a7f028a0fa031668f34633c7c021a633c21cd0d010b88705cac81509bbbab,POST_R4_SUPPLEMENT_ON_KNOWN_EVALUATION_CASES,latent_mse,FIXED3_REFIT_MEAN_NOT_ENSEMBLE,H_POLICY,1,0.0013862919628930587,0.0011431828140290841,0.0016834670575723671,,,02adc09003fd81a4e72955cd08ca6953787f190bbdd548830113d10e2c3862a5,/workspace/r5/H1a/combined/HISTORY_CONDITION_4TASK_TABLE.csv
tworoom,100,CASE,5000,UNADJUSTED_POINTWISE_CONDITIONAL,d25a7f028a0fa031668f34633c7c021a633c21cd0d010b88705cac81509bbbab,POST_R4_SUPPLEMENT_ON_KNOWN_EVALUATION_CASES,latent_mse,FIXED3_REFIT_MEAN_NOT_ENSEMBLE,H_REAL3,1,0.0014622424236343553,0.001205963729521803,0.00176406106036787,,,02adc09003fd81a4e72955cd08ca6953787f190bbdd548830113d10e2c3862a5,/workspace/r5/H1a/combined/HISTORY_CONDITION_4TASK_TABLE.csv
tworoom,100,CASE,5000,UNADJUSTED_POINTWISE_CONDITIONAL,d25a7f028a0fa031668f34633c7c021a633c21cd0d010b88705cac81509bbbab,POST_R4_SUPPLEMENT_ON_KNOWN_EVALUATION_CASES,latent_mse_REAL3_minus_POLICY,FIXED3_REFIT_MEAN_NOT_ENSEMBLE,PAIRED_REAL3_MINUS_POLICY,1,7.595046074129642e-05,-5.250948129590419e-06,0.00016041460096554743,,,02adc09003fd81a4e72955cd08ca6953787f190bbdd548830113d10e2c3862a5,/workspace/r5/H1a/combined/HISTORY_CONDITION_4TASK_TABLE.csv
tworoom,100,CASE,5000,UNADJUSTED_POINTWISE_CONDITIONAL,d25a7f028a0fa031668f34633c7c021a633c21cd0d010b88705cac81509bbbab,POST_R4_SUPPLEMENT_ON_KNOWN_EVALUATION_CASES,relative_refit_improvement_ratio_of_means,FIXED3_REFIT_MEAN_NOT_ENSEMBLE,H_POLICY,1,0.9786536187876541,0.973580505535353,0.9827124174540172,,,02adc09003fd81a4e72955cd08ca6953787f190bbdd548830113d10e2c3862a5,/workspace/r5/H1a/combined/HISTORY_CONDITION_4TASK_TABLE.csv
tworoom,100,CASE,5000,UNADJUSTED_POINTWISE_CONDITIONAL,d25a7f028a0fa031668f34633c7c021a633c21cd0d010b88705cac81509bbbab,POST_R4_SUPPLEMENT_ON_KNOWN_EVALUATION_CASES,relative_refit_improvement_ratio_of_means,FIXED3_REFIT_MEAN_NOT_ENSEMBLE,H_REAL3,1,0.9774245277376024,0.9721057562768732,0.9817876219930215,,,02adc09003fd81a4e72955cd08ca6953787f190bbdd548830113d10e2c3862a5,/workspace/r5/H1a/combined/HISTORY_CONDITION_4TASK_TABLE.csv
tworoom,100,CASE,5000,UNADJUSTED_POINTWISE_CONDITIONAL,d25a7f028a0fa031668f34633c7c021a633c21cd0d010b88705cac81509bbbab,POST_R4_SUPPLEMENT_ON_KNOWN_EVALUATION_CASES,latent_mse,H0,H_POLICY,2,0.07636833500117063,0.06884814196638762,0.08451138431951404,,,02adc09003fd81a4e72955cd08ca6953787f190bbdd548830113d10e2c3862a5,/workspace/r5/H1a/combined/HISTORY_CONDITION_4TASK_TABLE.csv
tworoom,100,CASE,5000,UNADJUSTED_POINTWISE_CONDITIONAL,d25a7f028a0fa031668f34633c7c021a633c21cd0d010b88705cac81509bbbab,POST_R4_SUPPLEMENT_ON_KNOWN_EVALUATION_CASES,latent_mse,H0,H_REAL3,2,0.07837070936337114,0.0698695356445387,0.0876764250723645,,,02adc09003fd81a4e72955cd08ca6953787f190bbdd548830113d10e2c3862a5,/workspace/r5/H1a/combined/HISTORY_CONDITION_4TASK_TABLE.csv
tworoom,100,CASE,5000,UNADJUSTED_POINTWISE_CONDITIONAL,d25a7f028a0fa031668f34633c7c021a633c21cd0d010b88705cac81509bbbab,POST_R4_SUPPLEMENT_ON_KNOWN_EVALUATION_CASES,latent_mse_REAL3_minus_POLICY,H0,PAIRED_REAL3_MINUS_POLICY,2,0.0020023743622004987,0.0003321167137473822,0.0038647070820443325,,,02adc09003fd81a4e72955cd08ca6953787f190bbdd548830113d10e2c3862a5,/workspace/r5/H1a/combined/HISTORY_CONDITION_4TASK_TABLE.csv
tworoom,100,CASE,5000,UNADJUSTED_POINTWISE_CONDITIONAL,d25a7f028a0fa031668f34633c7c021a633c21cd0d010b88705cac81509bbbab,POST_R4_SUPPLEMENT_ON_KNOWN_EVALUATION_CASES,latent_mse,REFIT_103201,H_POLICY,2,0.0028412358631612735,0.0019144707856248715,0.004144335824232255,,,02adc09003fd81a4e72955cd08ca6953787f190bbdd548830113d10e2c3862a5,/workspace/r5/H1a/combined/HISTORY_CONDITION_4TASK_TABLE.csv
tworoom,100,CASE,5000,UNADJUSTED_POINTWISE_CONDITIONAL,d25a7f028a0fa031668f34633c7c021a633c21cd0d010b88705cac81509bbbab,POST_R4_SUPPLEMENT_ON_KNOWN_EVALUATION_CASES,latent_mse,REFIT_103201,H_REAL3,2,0.002922720275237225,0.0019395189274728183,0.0042660087643889705,,,02adc09003fd81a4e72955cd08ca6953787f190bbdd548830113d10e2c3862a5,/workspace/r5/H1a/combined/HISTORY_CONDITION_4TASK_TABLE.csv
tworoom,100,CASE,5000,UNADJUSTED_POINTWISE_CONDITIONAL,d25a7f028a0fa031668f34633c7c021a633c21cd0d010b88705cac81509bbbab,POST_R4_SUPPLEMENT_ON_KNOWN_EVALUATION_CASES,latent_mse_REAL3_minus_POLICY,REFIT_103201,PAIRED_REAL3_MINUS_POLICY,2,8.14844120759517e-05,-0.00015407198375032746,0.0003119271310788462,,,02adc09003fd81a4e72955cd08ca6953787f190bbdd548830113d10e2c3862a5,/workspace/r5/H1a/combined/HISTORY_CONDITION_4TASK_TABLE.csv
tworoom,100,CASE,5000,UNADJUSTED_POINTWISE_CONDITIONAL,d25a7f028a0fa031668f34633c7c021a633c21cd0d010b88705cac81509bbbab,POST_R4_SUPPLEMENT_ON_KNOWN_EVALUATION_CASES,relative_refit_improvement_ratio_of_means,REFIT_103201,H_POLICY,2,0.9627956290638296,0.9450210531996157,0.9753064366359806,,,02adc09003fd81a4e72955cd08ca6953787f190bbdd548830113d10e2c3862a5,/workspace/r5/H1a/combined/HISTORY_CONDITION_4TASK_TABLE.csv
tworoom,100,CASE,5000,UNADJUSTED_POINTWISE_CONDITIONAL,d25a7f028a0fa031668f34633c7c021a633c21cd0d010b88705cac81509bbbab,POST_R4_SUPPLEMENT_ON_KNOWN_EVALUATION_CASES,relative_refit_improvement_ratio_of_means,REFIT_103201,H_REAL3,2,0.9627064716017073,0.9446719451138407,0.9757514573379936,,,02adc09003fd81a4e72955cd08ca6953787f190bbdd548830113d10e2c3862a5,/workspace/r5/H1a/combined/HISTORY_CONDITION_4TASK_TABLE.csv
tworoom,100,CASE,5000,UNADJUSTED_POINTWISE_CONDITIONAL,d25a7f028a0fa031668f34633c7c021a633c21cd0d010b88705cac81509bbbab,POST_R4_SUPPLEMENT_ON_KNOWN_EVALUATION_CASES,latent_mse,REFIT_103202,H_POLICY,2,0.002739263390249107,0.001902275812390144,0.003920977686517289,,,02adc09003fd81a4e72955cd08ca6953787f190bbdd548830113d10e2c3862a5,/workspace/r5/H1a/combined/HISTORY_CONDITION_4TASK_TABLE.csv
tworoom,100,CASE,5000,UNADJUSTED_POINTWISE_CONDITIONAL,d25a7f028a0fa031668f34633c7c021a633c21cd0d010b88705cac81509bbbab,POST_R4_SUPPLEMENT_ON_KNOWN_EVALUATION_CASES,latent_mse,REFIT_103202,H_REAL3,2,0.0029760728619294243,0.0020504142434510865,0.004225398941300228,,,02adc09003fd81a4e72955cd08ca6953787f190bbdd548830113d10e2c3862a5,/workspace/r5/H1a/combined/HISTORY_CONDITION_4TASK_TABLE.csv
tworoom,100,CASE,5000,UNADJUSTED_POINTWISE_CONDITIONAL,d25a7f028a0fa031668f34633c7c021a633c21cd0d010b88705cac81509bbbab,POST_R4_SUPPLEMENT_ON_KNOWN_EVALUATION_CASES,latent_mse_REAL3_minus_POLICY,REFIT_103202,PAIRED_REAL3_MINUS_POLICY,2,0.00023680947168031708,-4.813259775255573e-05,0.0005470015944229088,,,02adc09003fd81a4e72955cd08ca6953787f190bbdd548830113d10e2c3862a5,/workspace/r5/H1a/combined/HISTORY_CONDITION_4TASK_TABLE.csv
tworoom,100,CASE,5000,UNADJUSTED_POINTWISE_CONDITIONAL,d25a7f028a0fa031668f34633c7c021a633c21cd0d010b88705cac81509bbbab,POST_R4_SUPPLEMENT_ON_KNOWN_EVALUATION_CASES,relative_refit_improvement_ratio_of_means,REFIT_103202,H_POLICY,2,0.9641309007168074,0.9477422405962543,0.9754864301084775,,,02adc09003fd81a4e72955cd08ca6953787f190bbdd548830113d10e2c3862a5,/workspace/r5/H1a/combined/HISTORY_CONDITION_4TASK_TABLE.csv
tworoom,100,CASE,5000,UNADJUSTED_POINTWISE_CONDITIONAL,d25a7f028a0fa031668f34633c7c021a633c21cd0d010b88705cac81509bbbab,POST_R4_SUPPLEMENT_ON_KNOWN_EVALUATION_CASES,relative_refit_improvement_ratio_of_means,REFIT_103202,H_REAL3,2,0.9620256995744333,0.9453419468468911,0.9740257736273453,,,02adc09003fd81a4e72955cd08ca6953787f190bbdd548830113d10e2c3862a5,/workspace/r5/H1a/combined/HISTORY_CONDITION_4TASK_TABLE.csv
tworoom,100,CASE,5000,UNADJUSTED_POINTWISE_CONDITIONAL,d25a7f028a0fa031668f34633c7c021a633c21cd0d010b88705cac81509bbbab,POST_R4_SUPPLEMENT_ON_KNOWN_EVALUATION_CASES,latent_mse,REFIT_103203,H_POLICY,2,0.0027549006408662535,0.0019177785345891609,0.003938272485022023,,,02adc09003fd81a4e72955cd08ca6953787f190bbdd548830113d10e2c3862a5,/workspace/r5/H1a/combined/HISTORY_CONDITION_4TASK_TABLE.csv
tworoom,100,CASE,5000,UNADJUSTED_POINTWISE_CONDITIONAL,d25a7f028a0fa031668f34633c7c021a633c21cd0d010b88705cac81509bbbab,POST_R4_SUPPLEMENT_ON_KNOWN_EVALUATION_CASES,latent_mse,REFIT_103203,H_REAL3,2,0.002979211807542015,0.002017270198361075,0.004256287543576036,,,02adc09003fd81a4e72955cd08ca6953787f190bbdd548830113d10e2c3862a5,/workspace/r5/H1a/combined/HISTORY_CONDITION_4TASK_TABLE.csv
tworoom,100,CASE,5000,UNADJUSTED_POINTWISE_CONDITIONAL,d25a7f028a0fa031668f34633c7c021a633c21cd0d010b88705cac81509bbbab,POST_R4_SUPPLEMENT_ON_KNOWN_EVALUATION_CASES,latent_mse_REAL3_minus_POLICY,REFIT_103203,PAIRED_REAL3_MINUS_POLICY,2,0.00022431116667576134,-2.532713818800403e-05,0.00052754566007934,,,02adc09003fd81a4e72955cd08ca6953787f190bbdd548830113d10e2c3862a5,/workspace/r5/H1a/combined/HISTORY_CONDITION_4TASK_TABLE.csv
tworoom,100,CASE,5000,UNADJUSTED_POINTWISE_CONDITIONAL,d25a7f028a0fa031668f34633c7c021a633c21cd0d010b88705cac81509bbbab,POST_R4_SUPPLEMENT_ON_KNOWN_EVALUATION_CASES,relative_refit_improvement_ratio_of_means,REFIT_103203,H_POLICY,2,0.9639261397957147,0.9476814019605785,0.9754506447758435,,,02adc09003fd81a4e72955cd08ca6953787f190bbdd548830113d10e2c3862a5,/workspace/r5/H1a/combined/HISTORY_CONDITION_4TASK_TABLE.csv
tworoom,100,CASE,5000,UNADJUSTED_POINTWISE_CONDITIONAL,d25a7f028a0fa031668f34633c7c021a633c21cd0d010b88705cac81509bbbab,POST_R4_SUPPLEMENT_ON_KNOWN_EVALUATION_CASES,relative_refit_improvement_ratio_of_means,REFIT_103203,H_REAL3,2,0.9619856470390143,0.9446894922045457,0.9744999011568206,,,02adc09003fd81a4e72955cd08ca6953787f190bbdd548830113d10e2c3862a5,/workspace/r5/H1a/combined/HISTORY_CONDITION_4TASK_TABLE.csv
tworoom,100,CASE,5000,UNADJUSTED_POINTWISE_CONDITIONAL,d25a7f028a0fa031668f34633c7c021a633c21cd0d010b88705cac81509bbbab,POST_R4_SUPPLEMENT_ON_KNOWN_EVALUATION_CASES,latent_mse,FIXED3_REFIT_MEAN_NOT_ENSEMBLE,H_POLICY,2,0.0027784666314255445,0.0019177702395027155,0.003997228397934425,,,02adc09003fd81a4e72955cd08ca6953787f190bbdd548830113d10e2c3862a5,/workspace/r5/H1a/combined/HISTORY_CONDITION_4TASK_TABLE.csv
tworoom,100,CASE,5000,UNADJUSTED_POINTWISE_CONDITIONAL,d25a7f028a0fa031668f34633c7c021a633c21cd0d010b88705cac81509bbbab,POST_R4_SUPPLEMENT_ON_KNOWN_EVALUATION_CASES,latent_mse,FIXED3_REFIT_MEAN_NOT_ENSEMBLE,H_REAL3,2,0.0029593349815695553,0.002022158497801381,0.0042317617867956864,,,02adc09003fd81a4e72955cd08ca6953787f190bbdd548830113d10e2c3862a5,/workspace/r5/H1a/combined/HISTORY_CONDITION_4TASK_TABLE.csv
tworoom,100,CASE,5000,UNADJUSTED_POINTWISE_CONDITIONAL,d25a7f028a0fa031668f34633c7c021a633c21cd0d010b88705cac81509bbbab,POST_R4_SUPPLEMENT_ON_KNOWN_EVALUATION_CASES,latent_mse_REAL3_minus_POLICY,FIXED3_REFIT_MEAN_NOT_ENSEMBLE,PAIRED_REAL3_MINUS_POLICY,2,0.00018086835014401008,-5.8037464802813114e-05,0.0004435148098879532,,,02adc09003fd81a4e72955cd08ca6953787f190bbdd548830113d10e2c3862a5,/workspace/r5/H1a/combined/HISTORY_CONDITION_4TASK_TABLE.csv
tworoom,100,CASE,5000,UNADJUSTED_POINTWISE_CONDITIONAL,d25a7f028a0fa031668f34633c7c021a633c21cd0d010b88705cac81509bbbab,POST_R4_SUPPLEMENT_ON_KNOWN_EVALUATION_CASES,relative_refit_improvement_ratio_of_means,FIXED3_REFIT_MEAN_NOT_ENSEMBLE,H_POLICY,2,0.9636175565254506,0.9468979814728298,0.9752445229121314,,,02adc09003fd81a4e72955cd08ca6953787f190bbdd548830113d10e2c3862a5,/workspace/r5/H1a/combined/HISTORY_CONDITION_4TASK_TABLE.csv
tworoom,100,CASE,5000,UNADJUSTED_POINTWISE_CONDITIONAL,d25a7f028a0fa031668f34633c7c021a633c21cd0d010b88705cac81509bbbab,POST_R4_SUPPLEMENT_ON_KNOWN_EVALUATION_CASES,relative_refit_improvement_ratio_of_means,FIXED3_REFIT_MEAN_NOT_ENSEMBLE,H_REAL3,2,0.9622392727383849,0.9449564926676679,0.9746822205404353,,,02adc09003fd81a4e72955cd08ca6953787f190bbdd548830113d10e2c3862a5,/workspace/r5/H1a/combined/HISTORY_CONDITION_4TASK_TABLE.csv
tworoom,100,CASE,5000,UNADJUSTED_POINTWISE_CONDITIONAL,d25a7f028a0fa031668f34633c7c021a633c21cd0d010b88705cac81509bbbab,POST_R4_SUPPLEMENT_ON_KNOWN_EVALUATION_CASES,latent_mse,H0,H_POLICY,5,0.10874907268211245,0.09537645951518789,0.12506460019852966,,,02adc09003fd81a4e72955cd08ca6953787f190bbdd548830113d10e2c3862a5,/workspace/r5/H1a/combined/HISTORY_CONDITION_4TASK_TABLE.csv
tworoom,100,CASE,5000,UNADJUSTED_POINTWISE_CONDITIONAL,d25a7f028a0fa031668f34633c7c021a633c21cd0d010b88705cac81509bbbab,POST_R4_SUPPLEMENT_ON_KNOWN_EVALUATION_CASES,latent_mse,H0,H_REAL3,5,0.11016596434637904,0.09604721998004244,0.12687027281802143,,,02adc09003fd81a4e72955cd08ca6953787f190bbdd548830113d10e2c3862a5,/workspace/r5/H1a/combined/HISTORY_CONDITION_4TASK_TABLE.csv
tworoom,100,CASE,5000,UNADJUSTED_POINTWISE_CONDITIONAL,d25a7f028a0fa031668f34633c7c021a633c21cd0d010b88705cac81509bbbab,POST_R4_SUPPLEMENT_ON_KNOWN_EVALUATION_CASES,latent_mse_REAL3_minus_POLICY,H0,PAIRED_REAL3_MINUS_POLICY,5,0.0014168916642665864,-0.0015888736555352808,0.004545371503569184,,,02adc09003fd81a4e72955cd08ca6953787f190bbdd548830113d10e2c3862a5,/workspace/r5/H1a/combined/HISTORY_CONDITION_4TASK_TABLE.csv
tworoom,100,CASE,5000,UNADJUSTED_POINTWISE_CONDITIONAL,d25a7f028a0fa031668f34633c7c021a633c21cd0d010b88705cac81509bbbab,POST_R4_SUPPLEMENT_ON_KNOWN_EVALUATION_CASES,latent_mse,REFIT_103201,H_POLICY,5,0.009032805300957989,0.005202064601842722,0.013992335811410156,,,02adc09003fd81a4e72955cd08ca6953787f190bbdd548830113d10e2c3862a5,/workspace/r5/H1a/combined/HISTORY_CONDITION_4TASK_TABLE.csv
tworoom,100,CASE,5000,UNADJUSTED_POINTWISE_CONDITIONAL,d25a7f028a0fa031668f34633c7c021a633c21cd0d010b88705cac81509bbbab,POST_R4_SUPPLEMENT_ON_KNOWN_EVALUATION_CASES,latent_mse,REFIT_103201,H_REAL3,5,0.009446270789194387,0.005300623378760065,0.014637559387709189,,,02adc09003fd81a4e72955cd08ca6953787f190bbdd548830113d10e2c3862a5,/workspace/r5/H1a/combined/HISTORY_CONDITION_4TASK_TABLE.csv
tworoom,100,CASE,5000,UNADJUSTED_POINTWISE_CONDITIONAL,d25a7f028a0fa031668f34633c7c021a633c21cd0d010b88705cac81509bbbab,POST_R4_SUPPLEMENT_ON_KNOWN_EVALUATION_CASES,latent_mse_REAL3_minus_POLICY,REFIT_103201,PAIRED_REAL3_MINUS_POLICY,5,0.0004134654882363975,-0.00011293259978992864,0.0010570443331162096,,,02adc09003fd81a4e72955cd08ca6953787f190bbdd548830113d10e2c3862a5,/workspace/r5/H1a/combined/HISTORY_CONDITION_4TASK_TABLE.csv
tworoom,100,CASE,5000,UNADJUSTED_POINTWISE_CONDITIONAL,d25a7f028a0fa031668f34633c7c021a633c21cd0d010b88705cac81509bbbab,POST_R4_SUPPLEMENT_ON_KNOWN_EVALUATION_CASES,relative_refit_improvement_ratio_of_means,REFIT_103201,H_POLICY,5,0.9169390131043964,0.8793808682950984,0.949283462559003,,,02adc09003fd81a4e72955cd08ca6953787f190bbdd548830113d10e2c3862a5,/workspace/r5/H1a/combined/HISTORY_CONDITION_4TASK_TABLE.csv
tworoom,100,CASE,5000,UNADJUSTED_POINTWISE_CONDITIONAL,d25a7f028a0fa031668f34633c7c021a633c21cd0d010b88705cac81509bbbab,POST_R4_SUPPLEMENT_ON_KNOWN_EVALUATION_CASES,relative_refit_improvement_ratio_of_means,REFIT_103201,H_REAL3,5,0.9142541814503268,0.8741960265039568,0.9486454949485214,,,02adc09003fd81a4e72955cd08ca6953787f190bbdd548830113d10e2c3862a5,/workspace/r5/H1a/combined/HISTORY_CONDITION_4TASK_TABLE.csv
tworoom,100,CASE,5000,UNADJUSTED_POINTWISE_CONDITIONAL,d25a7f028a0fa031668f34633c7c021a633c21cd0d010b88705cac81509bbbab,POST_R4_SUPPLEMENT_ON_KNOWN_EVALUATION_CASES,latent_mse,REFIT_103202,H_POLICY,5,0.010880342532182112,0.005288977238058578,0.01810791807439818,,,02adc09003fd81a4e72955cd08ca6953787f190bbdd548830113d10e2c3862a5,/workspace/r5/H1a/combined/HISTORY_CONDITION_4TASK_TABLE.csv
tworoom,100,CASE,5000,UNADJUSTED_POINTWISE_CONDITIONAL,d25a7f028a0fa031668f34633c7c021a633c21cd0d010b88705cac81509bbbab,POST_R4_SUPPLEMENT_ON_KNOWN_EVALUATION_CASES,latent_mse,REFIT_103202,H_REAL3,5,0.01123130634892732,0.005601761198064196,0.018423475055460582,,,02adc09003fd81a4e72955cd08ca6953787f190bbdd548830113d10e2c3862a5,/workspace/r5/H1a/combined/HISTORY_CONDITION_4TASK_TABLE.csv
tworoom,100,CASE,5000,UNADJUSTED_POINTWISE_CONDITIONAL,d25a7f028a0fa031668f34633c7c021a633c21cd0d010b88705cac81509bbbab,POST_R4_SUPPLEMENT_ON_KNOWN_EVALUATION_CASES,latent_mse_REAL3_minus_POLICY,REFIT_103202,PAIRED_REAL3_MINUS_POLICY,5,0.0003509638167452067,-3.334121286752634e-05,0.0007722111391776697,,,02adc09003fd81a4e72955cd08ca6953787f190bbdd548830113d10e2c3862a5,/workspace/r5/H1a/combined/HISTORY_CONDITION_4TASK_TABLE.csv
tworoom,100,CASE,5000,UNADJUSTED_POINTWISE_CONDITIONAL,d25a7f028a0fa031668f34633c7c021a633c21cd0d010b88705cac81509bbbab,POST_R4_SUPPLEMENT_ON_KNOWN_EVALUATION_CASES,relative_refit_improvement_ratio_of_means,REFIT_103202,H_POLICY,5,0.899950020135006,0.8429515474403132,0.9486416729059687,,,02adc09003fd81a4e72955cd08ca6953787f190bbdd548830113d10e2c3862a5,/workspace/r5/H1a/combined/HISTORY_CONDITION_4TASK_TABLE.csv
tworoom,100,CASE,5000,UNADJUSTED_POINTWISE_CONDITIONAL,d25a7f028a0fa031668f34633c7c021a633c21cd0d010b88705cac81509bbbab,POST_R4_SUPPLEMENT_ON_KNOWN_EVALUATION_CASES,relative_refit_improvement_ratio_of_means,REFIT_103202,H_REAL3,5,0.8980510322261208,0.8416712665103168,0.9462313754234751,,,02adc09003fd81a4e72955cd08ca6953787f190bbdd548830113d10e2c3862a5,/workspace/r5/H1a/combined/HISTORY_CONDITION_4TASK_TABLE.csv
tworoom,100,CASE,5000,UNADJUSTED_POINTWISE_CONDITIONAL,d25a7f028a0fa031668f34633c7c021a633c21cd0d010b88705cac81509bbbab,POST_R4_SUPPLEMENT_ON_KNOWN_EVALUATION_CASES,latent_mse,REFIT_103203,H_POLICY,5,0.010138601459912024,0.004774187186616473,0.01748677687969757,,,02adc09003fd81a4e72955cd08ca6953787f190bbdd548830113d10e2c3862a5,/workspace/r5/H1a/combined/HISTORY_CONDITION_4TASK_TABLE.csv
tworoom,100,CASE,5000,UNADJUSTED_POINTWISE_CONDITIONAL,d25a7f028a0fa031668f34633c7c021a633c21cd0d010b88705cac81509bbbab,POST_R4_SUPPLEMENT_ON_KNOWN_EVALUATION_CASES,latent_mse,REFIT_103203,H_REAL3,5,0.010083323820726946,0.005068015603901586,0.016655016573735335,,,02adc09003fd81a4e72955cd08ca6953787f190bbdd548830113d10e2c3862a5,/workspace/r5/H1a/combined/HISTORY_CONDITION_4TASK_TABLE.csv
tworoom,100,CASE,5000,UNADJUSTED_POINTWISE_CONDITIONAL,d25a7f028a0fa031668f34633c7c021a633c21cd0d010b88705cac81509bbbab,POST_R4_SUPPLEMENT_ON_KNOWN_EVALUATION_CASES,latent_mse_REAL3_minus_POLICY,REFIT_103203,PAIRED_REAL3_MINUS_POLICY,5,-5.527763918507844e-05,-0.0012292889928503428,0.0008001092539052468,,,02adc09003fd81a4e72955cd08ca6953787f190bbdd548830113d10e2c3862a5,/workspace/r5/H1a/combined/HISTORY_CONDITION_4TASK_TABLE.csv
tworoom,100,CASE,5000,UNADJUSTED_POINTWISE_CONDITIONAL,d25a7f028a0fa031668f34633c7c021a633c21cd0d010b88705cac81509bbbab,POST_R4_SUPPLEMENT_ON_KNOWN_EVALUATION_CASES,relative_refit_improvement_ratio_of_means,REFIT_103203,H_POLICY,5,0.9067706858563432,0.8438762771010875,0.9536762939833692,,,02adc09003fd81a4e72955cd08ca6953787f190bbdd548830113d10e2c3862a5,/workspace/r5/H1a/combined/HISTORY_CONDITION_4TASK_TABLE.csv
tworoom,100,CASE,5000,UNADJUSTED_POINTWISE_CONDITIONAL,d25a7f028a0fa031668f34633c7c021a633c21cd0d010b88705cac81509bbbab,POST_R4_SUPPLEMENT_ON_KNOWN_EVALUATION_CASES,relative_refit_improvement_ratio_of_means,REFIT_103203,H_REAL3,5,0.9084715149497226,0.8545647648154012,0.9511957782411952,,,02adc09003fd81a4e72955cd08ca6953787f190bbdd548830113d10e2c3862a5,/workspace/r5/H1a/combined/HISTORY_CONDITION_4TASK_TABLE.csv
tworoom,100,CASE,5000,UNADJUSTED_POINTWISE_CONDITIONAL,d25a7f028a0fa031668f34633c7c021a633c21cd0d010b88705cac81509bbbab,POST_R4_SUPPLEMENT_ON_KNOWN_EVALUATION_CASES,latent_mse,FIXED3_REFIT_MEAN_NOT_ENSEMBLE,H_POLICY,5,0.010017249764350708,0.005152802674531509,0.01620883653454075,,,02adc09003fd81a4e72955cd08ca6953787f190bbdd548830113d10e2c3862a5,/workspace/r5/H1a/combined/HISTORY_CONDITION_4TASK_TABLE.csv
tworoom,100,CASE,5000,UNADJUSTED_POINTWISE_CONDITIONAL,d25a7f028a0fa031668f34633c7c021a633c21cd0d010b88705cac81509bbbab,POST_R4_SUPPLEMENT_ON_KNOWN_EVALUATION_CASES,latent_mse,FIXED3_REFIT_MEAN_NOT_ENSEMBLE,H_REAL3,5,0.01025363365294955,0.005404742686381117,0.016363558666588993,,,02adc09003fd81a4e72955cd08ca6953787f190bbdd548830113d10e2c3862a5,/workspace/r5/H1a/combined/HISTORY_CONDITION_4TASK_TABLE.csv
tworoom,100,CASE,5000,UNADJUSTED_POINTWISE_CONDITIONAL,d25a7f028a0fa031668f34633c7c021a633c21cd0d010b88705cac81509bbbab,POST_R4_SUPPLEMENT_ON_KNOWN_EVALUATION_CASES,latent_mse_REAL3_minus_POLICY,FIXED3_REFIT_MEAN_NOT_ENSEMBLE,PAIRED_REAL3_MINUS_POLICY,5,0.00023638388859884195,-0.00014369866921091037,0.0006398836249500162,,,02adc09003fd81a4e72955cd08ca6953787f190bbdd548830113d10e2c3862a5,/workspace/r5/H1a/combined/HISTORY_CONDITION_4TASK_TABLE.csv
tworoom,100,CASE,5000,UNADJUSTED_POINTWISE_CONDITIONAL,d25a7f028a0fa031668f34633c7c021a633c21cd0d010b88705cac81509bbbab,POST_R4_SUPPLEMENT_ON_KNOWN_EVALUATION_CASES,relative_refit_improvement_ratio_of_means,FIXED3_REFIT_MEAN_NOT_ENSEMBLE,H_POLICY,5,0.9078865730319152,0.8583550335168588,0.9496402136880034,,,02adc09003fd81a4e72955cd08ca6953787f190bbdd548830113d10e2c3862a5,/workspace/r5/H1a/combined/HISTORY_CONDITION_4TASK_TABLE.csv
tworoom,100,CASE,5000,UNADJUSTED_POINTWISE_CONDITIONAL,d25a7f028a0fa031668f34633c7c021a633c21cd0d010b88705cac81509bbbab,POST_R4_SUPPLEMENT_ON_KNOWN_EVALUATION_CASES,relative_refit_improvement_ratio_of_means,FIXED3_REFIT_MEAN_NOT_ENSEMBLE,H_REAL3,5,0.9069255762087234,0.858977122729152,0.9480102746765362,,,02adc09003fd81a4e72955cd08ca6953787f190bbdd548830113d10e2c3862a5,/workspace/r5/H1a/combined/HISTORY_CONDITION_4TASK_TABLE.csv
cube,100,CASE,5000,UNADJUSTED_POINTWISE_CONDITIONAL,8ef761a311ab395e1535dbef40d67f970fdfb3036cd2842ef482b6525a6d5030,POST_R4_SUPPLEMENT_ON_KNOWN_EVALUATION_CASES,latent_mse,H0,H_POLICY,1,0.00466656414209865,0.004108093429356813,0.005280340374883962,,,02adc09003fd81a4e72955cd08ca6953787f190bbdd548830113d10e2c3862a5,/workspace/r5/H1a/combined/HISTORY_CONDITION_4TASK_TABLE.csv
cube,100,CASE,5000,UNADJUSTED_POINTWISE_CONDITIONAL,8ef761a311ab395e1535dbef40d67f970fdfb3036cd2842ef482b6525a6d5030,POST_R4_SUPPLEMENT_ON_KNOWN_EVALUATION_CASES,latent_mse,H0,H_REAL3,1,0.0043727385520469396,0.0038457828876562418,0.004967496194585692,,,02adc09003fd81a4e72955cd08ca6953787f190bbdd548830113d10e2c3862a5,/workspace/r5/H1a/combined/HISTORY_CONDITION_4TASK_TABLE.csv
cube,100,CASE,5000,UNADJUSTED_POINTWISE_CONDITIONAL,8ef761a311ab395e1535dbef40d67f970fdfb3036cd2842ef482b6525a6d5030,POST_R4_SUPPLEMENT_ON_KNOWN_EVALUATION_CASES,latent_mse_REAL3_minus_POLICY,H0,PAIRED_REAL3_MINUS_POLICY,1,-0.0002938255900517106,-0.000505869277199963,-0.00010455263071344248,,,02adc09003fd81a4e72955cd08ca6953787f190bbdd548830113d10e2c3862a5,/workspace/r5/H1a/combined/HISTORY_CONDITION_4TASK_TABLE.csv
cube,100,CASE,5000,UNADJUSTED_POINTWISE_CONDITIONAL,8ef761a311ab395e1535dbef40d67f970fdfb3036cd2842ef482b6525a6d5030,POST_R4_SUPPLEMENT_ON_KNOWN_EVALUATION_CASES,latent_mse,REFIT_103201,H_POLICY,1,0.002057946816785261,0.0016970997632306537,0.0024688462248086576,,,02adc09003fd81a4e72955cd08ca6953787f190bbdd548830113d10e2c3862a5,/workspace/r5/H1a/combined/HISTORY_CONDITION_4TASK_TABLE.csv
cube,100,CASE,5000,UNADJUSTED_POINTWISE_CONDITIONAL,8ef761a311ab395e1535dbef40d67f970fdfb3036cd2842ef482b6525a6d5030,POST_R4_SUPPLEMENT_ON_KNOWN_EVALUATION_CASES,latent_mse,REFIT_103201,H_REAL3,1,0.0018677870501414872,0.0015288915314522456,0.00225612515942339,,,02adc09003fd81a4e72955cd08ca6953787f190bbdd548830113d10e2c3862a5,/workspace/r5/H1a/combined/HISTORY_CONDITION_4TASK_TABLE.csv
cube,100,CASE,5000,UNADJUSTED_POINTWISE_CONDITIONAL,8ef761a311ab395e1535dbef40d67f970fdfb3036cd2842ef482b6525a6d5030,POST_R4_SUPPLEMENT_ON_KNOWN_EVALUATION_CASES,latent_mse_REAL3_minus_POLICY,REFIT_103201,PAIRED_REAL3_MINUS_POLICY,1,-0.00019015976664377377,-0.00032243748289329237,-7.160283263510798e-05,,,02adc09003fd81a4e72955cd08ca6953787f190bbdd548830113d10e2c3862a5,/workspace/r5/H1a/combined/HISTORY_CONDITION_4TASK_TABLE.csv
cube,100,CASE,5000,UNADJUSTED_POINTWISE_CONDITIONAL,8ef761a311ab395e1535dbef40d67f970fdfb3036cd2842ef482b6525a6d5030,POST_R4_SUPPLEMENT_ON_KNOWN_EVALUATION_CASES,relative_refit_improvement_ratio_of_means,REFIT_103201,H_POLICY,1,0.5590017078690019,0.5051772949369836,0.6100210991975739,,,02adc09003fd81a4e72955cd08ca6953787f190bbdd548830113d10e2c3862a5,/workspace/r5/H1a/combined/HISTORY_CONDITION_4TASK_TABLE.csv
cube,100,CASE,5000,UNADJUSTED_POINTWISE_CONDITIONAL,8ef761a311ab395e1535dbef40d67f970fdfb3036cd2842ef482b6525a6d5030,POST_R4_SUPPLEMENT_ON_KNOWN_EVALUATION_CASES,relative_refit_improvement_ratio_of_means,REFIT_103201,H_REAL3,1,0.5728564541625407,0.520190485782644,0.6239885649127181,,,02adc09003fd81a4e72955cd08ca6953787f190bbdd548830113d10e2c3862a5,/workspace/r5/H1a/combined/HISTORY_CONDITION_4TASK_TABLE.csv
cube,100,CASE,5000,UNADJUSTED_POINTWISE_CONDITIONAL,8ef761a311ab395e1535dbef40d67f970fdfb3036cd2842ef482b6525a6d5030,POST_R4_SUPPLEMENT_ON_KNOWN_EVALUATION_CASES,latent_mse,REFIT_103202,H_POLICY,1,0.0020264218009833712,0.0016745473065748228,0.0024308310439919295,,,02adc09003fd81a4e72955cd08ca6953787f190bbdd548830113d10e2c3862a5,/workspace/r5/H1a/combined/HISTORY_CONDITION_4TASK_TABLE.csv
cube,100,CASE,5000,UNADJUSTED_POINTWISE_CONDITIONAL,8ef761a311ab395e1535dbef40d67f970fdfb3036cd2842ef482b6525a6d5030,POST_R4_SUPPLEMENT_ON_KNOWN_EVALUATION_CASES,latent_mse,REFIT_103202,H_REAL3,1,0.0018352890841197222,0.0015126808424465708,0.0022083057832205668,,,02adc09003fd81a4e72955cd08ca6953787f190bbdd548830113d10e2c3862a5,/workspace/r5/H1a/combined/HISTORY_CONDITION_4TASK_TABLE.csv
cube,100,CASE,5000,UNADJUSTED_POINTWISE_CONDITIONAL,8ef761a311ab395e1535dbef40d67f970fdfb3036cd2842ef482b6525a6d5030,POST_R4_SUPPLEMENT_ON_KNOWN_EVALUATION_CASES,latent_mse_REAL3_minus_POLICY,REFIT_103202,PAIRED_REAL3_MINUS_POLICY,1,-0.00019113271686364895,-0.0003277208591498493,-6.991837210807717e-05,,,02adc09003fd81a4e72955cd08ca6953787f190bbdd548830113d10e2c3862a5,/workspace/r5/H1a/combined/HISTORY_CONDITION_4TASK_TABLE.csv
cube,100,CASE,5000,UNADJUSTED_POINTWISE_CONDITIONAL,8ef761a311ab395e1535dbef40d67f970fdfb3036cd2842ef482b6525a6d5030,POST_R4_SUPPLEMENT_ON_KNOWN_EVALUATION_CASES,relative_refit_improvement_ratio_of_means,REFIT_103202,H_POLICY,1,0.5657572168134718,0.5115223688599589,0.6164105760249763,,,02adc09003fd81a4e72955cd08ca6953787f190bbdd548830113d10e2c3862a5,/workspace/r5/H1a/combined/HISTORY_CONDITION_4TASK_TABLE.csv
cube,100,CASE,5000,UNADJUSTED_POINTWISE_CONDITIONAL,8ef761a311ab395e1535dbef40d67f970fdfb3036cd2842ef482b6525a6d5030,POST_R4_SUPPLEMENT_ON_KNOWN_EVALUATION_CASES,relative_refit_improvement_ratio_of_means,REFIT_103202,H_REAL3,1,0.5802884022735368,0.5284445320151598,0.6296259999677075,,,02adc09003fd81a4e72955cd08ca6953787f190bbdd548830113d10e2c3862a5,/workspace/r5/H1a/combined/HISTORY_CONDITION_4TASK_TABLE.csv
cube,100,CASE,5000,UNADJUSTED_POINTWISE_CONDITIONAL,8ef761a311ab395e1535dbef40d67f970fdfb3036cd2842ef482b6525a6d5030,POST_R4_SUPPLEMENT_ON_KNOWN_EVALUATION_CASES,latent_mse,REFIT_103203,H_POLICY,1,0.002094527418666985,0.0017021360990620452,0.0025503940947091907,,,02adc09003fd81a4e72955cd08ca6953787f190bbdd548830113d10e2c3862a5,/workspace/r5/H1a/combined/HISTORY_CONDITION_4TASK_TABLE.csv
cube,100,CASE,5000,UNADJUSTED_POINTWISE_CONDITIONAL,8ef761a311ab395e1535dbef40d67f970fdfb3036cd2842ef482b6525a6d5030,POST_R4_SUPPLEMENT_ON_KNOWN_EVALUATION_CASES,latent_mse,REFIT_103203,H_REAL3,1,0.0018709022869006732,0.0015221970253551263,0.002272146153314679,,,02adc09003fd81a4e72955cd08ca6953787f190bbdd548830113d10e2c3862a5,/workspace/r5/H1a/combined/HISTORY_CONDITION_4TASK_TABLE.csv
cube,100,CASE,5000,UNADJUSTED_POINTWISE_CONDITIONAL,8ef761a311ab395e1535dbef40d67f970fdfb3036cd2842ef482b6525a6d5030,POST_R4_SUPPLEMENT_ON_KNOWN_EVALUATION_CASES,latent_mse_REAL3_minus_POLICY,REFIT_103203,PAIRED_REAL3_MINUS_POLICY,1,-0.0002236251317663118,-0.0003838386533607263,-8.82244001986692e-05,,,02adc09003fd81a4e72955cd08ca6953787f190bbdd548830113d10e2c3862a5,/workspace/r5/H1a/combined/HISTORY_CONDITION_4TASK_TABLE.csv
cube,100,CASE,5000,UNADJUSTED_POINTWISE_CONDITIONAL,8ef761a311ab395e1535dbef40d67f970fdfb3036cd2842ef482b6525a6d5030,POST_R4_SUPPLEMENT_ON_KNOWN_EVALUATION_CASES,relative_refit_improvement_ratio_of_means,REFIT_103203,H_POLICY,1,0.5511628352492691,0.4951941405177435,0.6067246324378669,,,02adc09003fd81a4e72955cd08ca6953787f190bbdd548830113d10e2c3862a5,/workspace/r5/H1a/combined/HISTORY_CONDITION_4TASK_TABLE.csv
cube,100,CASE,5000,UNADJUSTED_POINTWISE_CONDITIONAL,8ef761a311ab395e1535dbef40d67f970fdfb3036cd2842ef482b6525a6d5030,POST_R4_SUPPLEMENT_ON_KNOWN_EVALUATION_CASES,relative_refit_improvement_ratio_of_means,REFIT_103203,H_REAL3,1,0.5721440317933305,0.5181940850326927,0.6237192360911166,,,02adc09003fd81a4e72955cd08ca6953787f190bbdd548830113d10e2c3862a5,/workspace/r5/H1a/combined/HISTORY_CONDITION_4TASK_TABLE.csv
cube,100,CASE,5000,UNADJUSTED_POINTWISE_CONDITIONAL,8ef761a311ab395e1535dbef40d67f970fdfb3036cd2842ef482b6525a6d5030,POST_R4_SUPPLEMENT_ON_KNOWN_EVALUATION_CASES,latent_mse,FIXED3_REFIT_MEAN_NOT_ENSEMBLE,H_POLICY,1,0.002059632012145206,0.0016931300764566307,0.0024806351621142917,,,02adc09003fd81a4e72955cd08ca6953787f190bbdd548830113d10e2c3862a5,/workspace/r5/H1a/combined/HISTORY_CONDITION_4TASK_TABLE.csv
cube,100,CASE,5000,UNADJUSTED_POINTWISE_CONDITIONAL,8ef761a311ab395e1535dbef40d67f970fdfb3036cd2842ef482b6525a6d5030,POST_R4_SUPPLEMENT_ON_KNOWN_EVALUATION_CASES,latent_mse,FIXED3_REFIT_MEAN_NOT_ENSEMBLE,H_REAL3,1,0.001857992807053961,0.0015240830825011165,0.002243571291289603,,,02adc09003fd81a4e72955cd08ca6953787f190bbdd548830113d10e2c3862a5,/workspace/r5/H1a/combined/HISTORY_CONDITION_4TASK_TABLE.csv
cube,100,CASE,5000,UNADJUSTED_POINTWISE_CONDITIONAL,8ef761a311ab395e1535dbef40d67f970fdfb3036cd2842ef482b6525a6d5030,POST_R4_SUPPLEMENT_ON_KNOWN_EVALUATION_CASES,latent_mse_REAL3_minus_POLICY,FIXED3_REFIT_MEAN_NOT_ENSEMBLE,PAIRED_REAL3_MINUS_POLICY,1,-0.00020163920509124483,-0.00034396292127833775,-7.84140546275012e-05,,,02adc09003fd81a4e72955cd08ca6953787f190bbdd548830113d10e2c3862a5,/workspace/r5/H1a/combined/HISTORY_CONDITION_4TASK_TABLE.csv
cube,100,CASE,5000,UNADJUSTED_POINTWISE_CONDITIONAL,8ef761a311ab395e1535dbef40d67f970fdfb3036cd2842ef482b6525a6d5030,POST_R4_SUPPLEMENT_ON_KNOWN_EVALUATION_CASES,relative_refit_improvement_ratio_of_means,FIXED3_REFIT_MEAN_NOT_ENSEMBLE,H_POLICY,1,0.5586405866439142,0.5039408029222476,0.610280926835358,,,02adc09003fd81a4e72955cd08ca6953787f190bbdd548830113d10e2c3862a5,/workspace/r5/H1a/combined/HISTORY_CONDITION_4TASK_TABLE.csv
cube,100,CASE,5000,UNADJUSTED_POINTWISE_CONDITIONAL,8ef761a311ab395e1535dbef40d67f970fdfb3036cd2842ef482b6525a6d5030,POST_R4_SUPPLEMENT_ON_KNOWN_EVALUATION_CASES,relative_refit_improvement_ratio_of_means,FIXED3_REFIT_MEAN_NOT_ENSEMBLE,H_REAL3,1,0.5750962960764693,0.5226980296690182,0.6251932818375319,,,02adc09003fd81a4e72955cd08ca6953787f190bbdd548830113d10e2c3862a5,/workspace/r5/H1a/combined/HISTORY_CONDITION_4TASK_TABLE.csv
cube,100,CASE,5000,UNADJUSTED_POINTWISE_CONDITIONAL,8ef761a311ab395e1535dbef40d67f970fdfb3036cd2842ef482b6525a6d5030,POST_R4_SUPPLEMENT_ON_KNOWN_EVALUATION_CASES,latent_mse,H0,H_POLICY,2,0.009319943892769515,0.00740338475262979,0.011792877976200539,,,02adc09003fd81a4e72955cd08ca6953787f190bbdd548830113d10e2c3862a5,/workspace/r5/H1a/combined/HISTORY_CONDITION_4TASK_TABLE.csv
cube,100,CASE,5000,UNADJUSTED_POINTWISE_CONDITIONAL,8ef761a311ab395e1535dbef40d67f970fdfb3036cd2842ef482b6525a6d5030,POST_R4_SUPPLEMENT_ON_KNOWN_EVALUATION_CASES,latent_mse,H0,H_REAL3,2,0.008532669867854566,0.007001249646302313,0.010301312319643327,,,02adc09003fd81a4e72955cd08ca6953787f190bbdd548830113d10e2c3862a5,/workspace/r5/H1a/combined/HISTORY_CONDITION_4TASK_TABLE.csv
cube,100,CASE,5000,UNADJUSTED_POINTWISE_CONDITIONAL,8ef761a311ab395e1535dbef40d67f970fdfb3036cd2842ef482b6525a6d5030,POST_R4_SUPPLEMENT_ON_KNOWN_EVALUATION_CASES,latent_mse_REAL3_minus_POLICY,H0,PAIRED_REAL3_MINUS_POLICY,2,-0.0007872740249149501,-0.0018733039961080068,-7.507671817438693e-05,,,02adc09003fd81a4e72955cd08ca6953787f190bbdd548830113d10e2c3862a5,/workspace/r5/H1a/combined/HISTORY_CONDITION_4TASK_TABLE.csv
cube,100,CASE,5000,UNADJUSTED_POINTWISE_CONDITIONAL,8ef761a311ab395e1535dbef40d67f970fdfb3036cd2842ef482b6525a6d5030,POST_R4_SUPPLEMENT_ON_KNOWN_EVALUATION_CASES,latent_mse,REFIT_103201,H_POLICY,2,0.0045075773005373776,0.003208938149487949,0.006222862873139092,,,02adc09003fd81a4e72955cd08ca6953787f190bbdd548830113d10e2c3862a5,/workspace/r5/H1a/combined/HISTORY_CONDITION_4TASK_TABLE.csv
cube,100,CASE,5000,UNADJUSTED_POINTWISE_CONDITIONAL,8ef761a311ab395e1535dbef40d67f970fdfb3036cd2842ef482b6525a6d5030,POST_R4_SUPPLEMENT_ON_KNOWN_EVALUATION_CASES,latent_mse,REFIT_103201,H_REAL3,2,0.003583603154402226,0.0027740337069844826,0.004475176324922359,,,02adc09003fd81a4e72955cd08ca6953787f190bbdd548830113d10e2c3862a5,/workspace/r5/H1a/combined/HISTORY_CONDITION_4TASK_TABLE.csv
cube,100,CASE,5000,UNADJUSTED_POINTWISE_CONDITIONAL,8ef761a311ab395e1535dbef40d67f970fdfb3036cd2842ef482b6525a6d5030,POST_R4_SUPPLEMENT_ON_KNOWN_EVALUATION_CASES,latent_mse_REAL3_minus_POLICY,REFIT_103201,PAIRED_REAL3_MINUS_POLICY,2,-0.0009239741461351514,-0.0019551293706026626,-0.0002341996952309276,,,02adc09003fd81a4e72955cd08ca6953787f190bbdd548830113d10e2c3862a5,/workspace/r5/H1a/combined/HISTORY_CONDITION_4TASK_TABLE.csv
cube,100,CASE,5000,UNADJUSTED_POINTWISE_CONDITIONAL,8ef761a311ab395e1535dbef40d67f970fdfb3036cd2842ef482b6525a6d5030,POST_R4_SUPPLEMENT_ON_KNOWN_EVALUATION_CASES,relative_refit_improvement_ratio_of_means,REFIT_103201,H_POLICY,2,0.5163514552877951,0.4544938976239847,0.5865379889559845,,,02adc09003fd81a4e72955cd08ca6953787f190bbdd548830113d10e2c3862a5,/workspace/r5/H1a/combined/HISTORY_CONDITION_4TASK_TABLE.csv
cube,100,CASE,5000,UNADJUSTED_POINTWISE_CONDITIONAL,8ef761a311ab395e1535dbef40d67f970fdfb3036cd2842ef482b6525a6d5030,POST_R4_SUPPLEMENT_ON_KNOWN_EVALUATION_CASES,relative_refit_improvement_ratio_of_means,REFIT_103201,H_REAL3,2,0.5800138514789065,0.5242372440136478,0.6308590345076606,,,02adc09003fd81a4e72955cd08ca6953787f190bbdd548830113d10e2c3862a5,/workspace/r5/H1a/combined/HISTORY_CONDITION_4TASK_TABLE.csv
cube,100,CASE,5000,UNADJUSTED_POINTWISE_CONDITIONAL,8ef761a311ab395e1535dbef40d67f970fdfb3036cd2842ef482b6525a6d5030,POST_R4_SUPPLEMENT_ON_KNOWN_EVALUATION_CASES,latent_mse,REFIT_103202,H_POLICY,2,0.004216593864257447,0.003056466940885002,0.005688571333332219,,,02adc09003fd81a4e72955cd08ca6953787f190bbdd548830113d10e2c3862a5,/workspace/r5/H1a/combined/HISTORY_CONDITION_4TASK_TABLE.csv
cube,100,CASE,5000,UNADJUSTED_POINTWISE_CONDITIONAL,8ef761a311ab395e1535dbef40d67f970fdfb3036cd2842ef482b6525a6d5030,POST_R4_SUPPLEMENT_ON_KNOWN_EVALUATION_CASES,latent_mse,REFIT_103202,H_REAL3,2,0.0035874213147326374,0.0027558054516193804,0.004526734095168648,,,02adc09003fd81a4e72955cd08ca6953787f190bbdd548830113d10e2c3862a5,/workspace/r5/H1a/combined/HISTORY_CONDITION_4TASK_TABLE.csv
cube,100,CASE,5000,UNADJUSTED_POINTWISE_CONDITIONAL,8ef761a311ab395e1535dbef40d67f970fdfb3036cd2842ef482b6525a6d5030,POST_R4_SUPPLEMENT_ON_KNOWN_EVALUATION_CASES,latent_mse_REAL3_minus_POLICY,REFIT_103202,PAIRED_REAL3_MINUS_POLICY,2,-0.0006291725495248102,-0.001393481499333575,-8.946062477480188e-05,,,02adc09003fd81a4e72955cd08ca6953787f190bbdd548830113d10e2c3862a5,/workspace/r5/H1a/combined/HISTORY_CONDITION_4TASK_TABLE.csv
cube,100,CASE,5000,UNADJUSTED_POINTWISE_CONDITIONAL,8ef761a311ab395e1535dbef40d67f970fdfb3036cd2842ef482b6525a6d5030,POST_R4_SUPPLEMENT_ON_KNOWN_EVALUATION_CASES,relative_refit_improvement_ratio_of_means,REFIT_103202,H_POLICY,2,0.547573041987011,0.4937200266292356,0.6081934122293613,,,02adc09003fd81a4e72955cd08ca6953787f190bbdd548830113d10e2c3862a5,/workspace/r5/H1a/combined/HISTORY_CONDITION_4TASK_TABLE.csv
cube,100,CASE,5000,UNADJUSTED_POINTWISE_CONDITIONAL,8ef761a311ab395e1535dbef40d67f970fdfb3036cd2842ef482b6525a6d5030,POST_R4_SUPPLEMENT_ON_KNOWN_EVALUATION_CASES,relative_refit_improvement_ratio_of_means,REFIT_103202,H_REAL3,2,0.5795663760240322,0.5280006332486264,0.6308751201527361,,,02adc09003fd81a4e72955cd08ca6953787f190bbdd548830113d10e2c3862a5,/workspace/r5/H1a/combined/HISTORY_CONDITION_4TASK_TABLE.csv
cube,100,CASE,5000,UNADJUSTED_POINTWISE_CONDITIONAL,8ef761a311ab395e1535dbef40d67f970fdfb3036cd2842ef482b6525a6d5030,POST_R4_SUPPLEMENT_ON_KNOWN_EVALUATION_CASES,latent_mse,REFIT_103203,H_POLICY,2,0.004769772847357672,0.0031636481313762487,0.0071744723913434415,,,02adc09003fd81a4e72955cd08ca6953787f190bbdd548830113d10e2c3862a5,/workspace/r5/H1a/combined/HISTORY_CONDITION_4TASK_TABLE.csv
cube,100,CASE,5000,UNADJUSTED_POINTWISE_CONDITIONAL,8ef761a311ab395e1535dbef40d67f970fdfb3036cd2842ef482b6525a6d5030,POST_R4_SUPPLEMENT_ON_KNOWN_EVALUATION_CASES,latent_mse,REFIT_103203,H_REAL3,2,0.0038627211126731707,0.002777651524156681,0.005211815535774802,,,02adc09003fd81a4e72955cd08ca6953787f190bbdd548830113d10e2c3862a5,/workspace/r5/H1a/combined/HISTORY_CONDITION_4TASK_TABLE.csv
cube,100,CASE,5000,UNADJUSTED_POINTWISE_CONDITIONAL,8ef761a311ab395e1535dbef40d67f970fdfb3036cd2842ef482b6525a6d5030,POST_R4_SUPPLEMENT_ON_KNOWN_EVALUATION_CASES,latent_mse_REAL3_minus_POLICY,REFIT_103203,PAIRED_REAL3_MINUS_POLICY,2,-0.0009070517346845008,-0.002014474111252639,-0.00019038592252763932,,,02adc09003fd81a4e72955cd08ca6953787f190bbdd548830113d10e2c3862a5,/workspace/r5/H1a/combined/HISTORY_CONDITION_4TASK_TABLE.csv
cube,100,CASE,5000,UNADJUSTED_POINTWISE_CONDITIONAL,8ef761a311ab395e1535dbef40d67f970fdfb3036cd2842ef482b6525a6d5030,POST_R4_SUPPLEMENT_ON_KNOWN_EVALUATION_CASES,relative_refit_improvement_ratio_of_means,REFIT_103203,H_POLICY,2,0.4882187165248818,0.38194005357609945,0.5941074705512805,,,02adc09003fd81a4e72955cd08ca6953787f190bbdd548830113d10e2c3862a5,/workspace/r5/H1a/combined/HISTORY_CONDITION_4TASK_TABLE.csv
cube,100,CASE,5000,UNADJUSTED_POINTWISE_CONDITIONAL,8ef761a311ab395e1535dbef40d67f970fdfb3036cd2842ef482b6525a6d5030,POST_R4_SUPPLEMENT_ON_KNOWN_EVALUATION_CASES,relative_refit_improvement_ratio_of_means,REFIT_103203,H_REAL3,2,0.5473021724155368,0.46427523027512346,0.6250380643160126,,,02adc09003fd81a4e72955cd08ca6953787f190bbdd548830113d10e2c3862a5,/workspace/r5/H1a/combined/HISTORY_CONDITION_4TASK_TABLE.csv
cube,100,CASE,5000,UNADJUSTED_POINTWISE_CONDITIONAL,8ef761a311ab395e1535dbef40d67f970fdfb3036cd2842ef482b6525a6d5030,POST_R4_SUPPLEMENT_ON_KNOWN_EVALUATION_CASES,latent_mse,FIXED3_REFIT_MEAN_NOT_ENSEMBLE,H_POLICY,2,0.004497981337384165,0.003150124161853455,0.00635662078231447,,,02adc09003fd81a4e72955cd08ca6953787f190bbdd548830113d10e2c3862a5,/workspace/r5/H1a/combined/HISTORY_CONDITION_4TASK_TABLE.csv
cube,100,CASE,5000,UNADJUSTED_POINTWISE_CONDITIONAL,8ef761a311ab395e1535dbef40d67f970fdfb3036cd2842ef482b6525a6d5030,POST_R4_SUPPLEMENT_ON_KNOWN_EVALUATION_CASES,latent_mse,FIXED3_REFIT_MEAN_NOT_ENSEMBLE,H_REAL3,2,0.0036779151939360117,0.002782092847039166,0.004693604763742769,,,02adc09003fd81a4e72955cd08ca6953787f190bbdd548830113d10e2c3862a5,/workspace/r5/H1a/combined/HISTORY_CONDITION_4TASK_TABLE.csv
cube,100,CASE,5000,UNADJUSTED_POINTWISE_CONDITIONAL,8ef761a311ab395e1535dbef40d67f970fdfb3036cd2842ef482b6525a6d5030,POST_R4_SUPPLEMENT_ON_KNOWN_EVALUATION_CASES,latent_mse_REAL3_minus_POLICY,FIXED3_REFIT_MEAN_NOT_ENSEMBLE,PAIRED_REAL3_MINUS_POLICY,2,-0.000820066143448154,-0.0017813239105089456,-0.0001729526406343215,,,02adc09003fd81a4e72955cd08ca6953787f190bbdd548830113d10e2c3862a5,/workspace/r5/H1a/combined/HISTORY_CONDITION_4TASK_TABLE.csv
cube,100,CASE,5000,UNADJUSTED_POINTWISE_CONDITIONAL,8ef761a311ab395e1535dbef40d67f970fdfb3036cd2842ef482b6525a6d5030,POST_R4_SUPPLEMENT_ON_KNOWN_EVALUATION_CASES,relative_refit_improvement_ratio_of_means,FIXED3_REFIT_MEAN_NOT_ENSEMBLE,H_POLICY,2,0.5173810712665627,0.44871699237064444,0.5948963172513446,,,02adc09003fd81a4e72955cd08ca6953787f190bbdd548830113d10e2c3862a5,/workspace/r5/H1a/combined/HISTORY_CONDITION_4TASK_TABLE.csv
cube,100,CASE,5000,UNADJUSTED_POINTWISE_CONDITIONAL,8ef761a311ab395e1535dbef40d67f970fdfb3036cd2842ef482b6525a6d5030,POST_R4_SUPPLEMENT_ON_KNOWN_EVALUATION_CASES,relative_refit_improvement_ratio_of_means,FIXED3_REFIT_MEAN_NOT_ENSEMBLE,H_REAL3,2,0.5689607999728251,0.5131857977429375,0.6262145034389096,,,02adc09003fd81a4e72955cd08ca6953787f190bbdd548830113d10e2c3862a5,/workspace/r5/H1a/combined/HISTORY_CONDITION_4TASK_TABLE.csv
cube,100,CASE,5000,UNADJUSTED_POINTWISE_CONDITIONAL,8ef761a311ab395e1535dbef40d67f970fdfb3036cd2842ef482b6525a6d5030,POST_R4_SUPPLEMENT_ON_KNOWN_EVALUATION_CASES,latent_mse,H0,H_POLICY,5,0.0369381880084984,0.02238369725033408,0.059064009292051176,,,02adc09003fd81a4e72955cd08ca6953787f190bbdd548830113d10e2c3862a5,/workspace/r5/H1a/combined/HISTORY_CONDITION_4TASK_TABLE.csv
cube,100,CASE,5000,UNADJUSTED_POINTWISE_CONDITIONAL,8ef761a311ab395e1535dbef40d67f970fdfb3036cd2842ef482b6525a6d5030,POST_R4_SUPPLEMENT_ON_KNOWN_EVALUATION_CASES,latent_mse,H0,H_REAL3,5,0.03438559825066477,0.019382265102292875,0.0564590464374632,,,02adc09003fd81a4e72955cd08ca6953787f190bbdd548830113d10e2c3862a5,/workspace/r5/H1a/combined/HISTORY_CONDITION_4TASK_TABLE.csv
cube,100,CASE,5000,UNADJUSTED_POINTWISE_CONDITIONAL,8ef761a311ab395e1535dbef40d67f970fdfb3036cd2842ef482b6525a6d5030,POST_R4_SUPPLEMENT_ON_KNOWN_EVALUATION_CASES,latent_mse_REAL3_minus_POLICY,H0,PAIRED_REAL3_MINUS_POLICY,5,-0.0025525897578336297,-0.006026000046520493,0.001585968376137286,,,02adc09003fd81a4e72955cd08ca6953787f190bbdd548830113d10e2c3862a5,/workspace/r5/H1a/combined/HISTORY_CONDITION_4TASK_TABLE.csv
cube,100,CASE,5000,UNADJUSTED_POINTWISE_CONDITIONAL,8ef761a311ab395e1535dbef40d67f970fdfb3036cd2842ef482b6525a6d5030,POST_R4_SUPPLEMENT_ON_KNOWN_EVALUATION_CASES,latent_mse,REFIT_103201,H_POLICY,5,0.02499214759620372,0.013927381399975274,0.039694380197368435,,,02adc09003fd81a4e72955cd08ca6953787f190bbdd548830113d10e2c3862a5,/workspace/r5/H1a/combined/HISTORY_CONDITION_4TASK_TABLE.csv
cube,100,CASE,5000,UNADJUSTED_POINTWISE_CONDITIONAL,8ef761a311ab395e1535dbef40d67f970fdfb3036cd2842ef482b6525a6d5030,POST_R4_SUPPLEMENT_ON_KNOWN_EVALUATION_CASES,latent_mse,REFIT_103201,H_REAL3,5,0.01599020116322208,0.010237139279211988,0.024137223717771116,,,02adc09003fd81a4e72955cd08ca6953787f190bbdd548830113d10e2c3862a5,/workspace/r5/H1a/combined/HISTORY_CONDITION_4TASK_TABLE.csv
cube,100,CASE,5000,UNADJUSTED_POINTWISE_CONDITIONAL,8ef761a311ab395e1535dbef40d67f970fdfb3036cd2842ef482b6525a6d5030,POST_R4_SUPPLEMENT_ON_KNOWN_EVALUATION_CASES,latent_mse_REAL3_minus_POLICY,REFIT_103201,PAIRED_REAL3_MINUS_POLICY,5,-0.00900194643298164,-0.020177233443493606,-0.0018746787645941435,,,02adc09003fd81a4e72955cd08ca6953787f190bbdd548830113d10e2c3862a5,/workspace/r5/H1a/combined/HISTORY_CONDITION_4TASK_TABLE.csv
cube,100,CASE,5000,UNADJUSTED_POINTWISE_CONDITIONAL,8ef761a311ab395e1535dbef40d67f970fdfb3036cd2842ef482b6525a6d5030,POST_R4_SUPPLEMENT_ON_KNOWN_EVALUATION_CASES,relative_refit_improvement_ratio_of_means,REFIT_103201,H_POLICY,5,0.3234062377273689,0.17066159926229618,0.45020764285565995,,,02adc09003fd81a4e72955cd08ca6953787f190bbdd548830113d10e2c3862a5,/workspace/r5/H1a/combined/HISTORY_CONDITION_4TASK_TABLE.csv
cube,100,CASE,5000,UNADJUSTED_POINTWISE_CONDITIONAL,8ef761a311ab395e1535dbef40d67f970fdfb3036cd2842ef482b6525a6d5030,POST_R4_SUPPLEMENT_ON_KNOWN_EVALUATION_CASES,relative_refit_improvement_ratio_of_means,REFIT_103201,H_REAL3,5,0.5349738850940904,0.3158399014865707,0.7034672113100359,,,02adc09003fd81a4e72955cd08ca6953787f190bbdd548830113d10e2c3862a5,/workspace/r5/H1a/combined/HISTORY_CONDITION_4TASK_TABLE.csv
cube,100,CASE,5000,UNADJUSTED_POINTWISE_CONDITIONAL,8ef761a311ab395e1535dbef40d67f970fdfb3036cd2842ef482b6525a6d5030,POST_R4_SUPPLEMENT_ON_KNOWN_EVALUATION_CASES,latent_mse,REFIT_103202,H_POLICY,5,0.024078139473567718,0.013262809960840968,0.038724062900000675,,,02adc09003fd81a4e72955cd08ca6953787f190bbdd548830113d10e2c3862a5,/workspace/r5/H1a/combined/HISTORY_CONDITION_4TASK_TABLE.csv
cube,100,CASE,5000,UNADJUSTED_POINTWISE_CONDITIONAL,8ef761a311ab395e1535dbef40d67f970fdfb3036cd2842ef482b6525a6d5030,POST_R4_SUPPLEMENT_ON_KNOWN_EVALUATION_CASES,latent_mse,REFIT_103202,H_REAL3,5,0.017416367419064046,0.010419829308899353,0.026421600792004025,,,02adc09003fd81a4e72955cd08ca6953787f190bbdd548830113d10e2c3862a5,/workspace/r5/H1a/combined/HISTORY_CONDITION_4TASK_TABLE.csv
cube,100,CASE,5000,UNADJUSTED_POINTWISE_CONDITIONAL,8ef761a311ab395e1535dbef40d67f970fdfb3036cd2842ef482b6525a6d5030,POST_R4_SUPPLEMENT_ON_KNOWN_EVALUATION_CASES,latent_mse_REAL3_minus_POLICY,REFIT_103202,PAIRED_REAL3_MINUS_POLICY,5,-0.006661772054503672,-0.0150257705112017,-0.0008287591143453049,,,02adc09003fd81a4e72955cd08ca6953787f190bbdd548830113d10e2c3862a5,/workspace/r5/H1a/combined/HISTORY_CONDITION_4TASK_TABLE.csv
cube,100,CASE,5000,UNADJUSTED_POINTWISE_CONDITIONAL,8ef761a311ab395e1535dbef40d67f970fdfb3036cd2842ef482b6525a6d5030,POST_R4_SUPPLEMENT_ON_KNOWN_EVALUATION_CASES,relative_refit_improvement_ratio_of_means,REFIT_103202,H_POLICY,5,0.34815049758185107,0.21766440637926615,0.4679889148743724,,,02adc09003fd81a4e72955cd08ca6953787f190bbdd548830113d10e2c3862a5,/workspace/r5/H1a/combined/HISTORY_CONDITION_4TASK_TABLE.csv
cube,100,CASE,5000,UNADJUSTED_POINTWISE_CONDITIONAL,8ef761a311ab395e1535dbef40d67f970fdfb3036cd2842ef482b6525a6d5030,POST_R4_SUPPLEMENT_ON_KNOWN_EVALUATION_CASES,relative_refit_improvement_ratio_of_means,REFIT_103202,H_REAL3,5,0.4934981996793574,0.33533124659654295,0.6041735448603474,,,02adc09003fd81a4e72955cd08ca6953787f190bbdd548830113d10e2c3862a5,/workspace/r5/H1a/combined/HISTORY_CONDITION_4TASK_TABLE.csv
cube,100,CASE,5000,UNADJUSTED_POINTWISE_CONDITIONAL,8ef761a311ab395e1535dbef40d67f970fdfb3036cd2842ef482b6525a6d5030,POST_R4_SUPPLEMENT_ON_KNOWN_EVALUATION_CASES,latent_mse,REFIT_103203,H_POLICY,5,0.026489366366004106,0.013257114715743227,0.045487033468903974,,,02adc09003fd81a4e72955cd08ca6953787f190bbdd548830113d10e2c3862a5,/workspace/r5/H1a/combined/HISTORY_CONDITION_4TASK_TABLE.csv
cube,100,CASE,5000,UNADJUSTED_POINTWISE_CONDITIONAL,8ef761a311ab395e1535dbef40d67f970fdfb3036cd2842ef482b6525a6d5030,POST_R4_SUPPLEMENT_ON_KNOWN_EVALUATION_CASES,latent_mse,REFIT_103203,H_REAL3,5,0.01672336108458694,0.010518354743515373,0.024313874184605084,,,02adc09003fd81a4e72955cd08ca6953787f190bbdd548830113d10e2c3862a5,/workspace/r5/H1a/combined/HISTORY_CONDITION_4TASK_TABLE.csv
cube,100,CASE,5000,UNADJUSTED_POINTWISE_CONDITIONAL,8ef761a311ab395e1535dbef40d67f970fdfb3036cd2842ef482b6525a6d5030,POST_R4_SUPPLEMENT_ON_KNOWN_EVALUATION_CASES,latent_mse_REAL3_minus_POLICY,REFIT_103203,PAIRED_REAL3_MINUS_POLICY,5,-0.009766005281417165,-0.023833768451135256,-0.0014424191863945503,,,02adc09003fd81a4e72955cd08ca6953787f190bbdd548830113d10e2c3862a5,/workspace/r5/H1a/combined/HISTORY_CONDITION_4TASK_TABLE.csv
cube,100,CASE,5000,UNADJUSTED_POINTWISE_CONDITIONAL,8ef761a311ab395e1535dbef40d67f970fdfb3036cd2842ef482b6525a6d5030,POST_R4_SUPPLEMENT_ON_KNOWN_EVALUATION_CASES,relative_refit_improvement_ratio_of_means,REFIT_103203,H_POLICY,5,0.282873151224698,0.16222742653004898,0.460923622485381,,,02adc09003fd81a4e72955cd08ca6953787f190bbdd548830113d10e2c3862a5,/workspace/r5/H1a/combined/HISTORY_CONDITION_4TASK_TABLE.csv
cube,100,CASE,5000,UNADJUSTED_POINTWISE_CONDITIONAL,8ef761a311ab395e1535dbef40d67f970fdfb3036cd2842ef482b6525a6d5030,POST_R4_SUPPLEMENT_ON_KNOWN_EVALUATION_CASES,relative_refit_improvement_ratio_of_means,REFIT_103203,H_REAL3,5,0.5136521702290396,0.3167293776303854,0.6517673749034184,,,02adc09003fd81a4e72955cd08ca6953787f190bbdd548830113d10e2c3862a5,/workspace/r5/H1a/combined/HISTORY_CONDITION_4TASK_TABLE.csv
cube,100,CASE,5000,UNADJUSTED_POINTWISE_CONDITIONAL,8ef761a311ab395e1535dbef40d67f970fdfb3036cd2842ef482b6525a6d5030,POST_R4_SUPPLEMENT_ON_KNOWN_EVALUATION_CASES,latent_mse,FIXED3_REFIT_MEAN_NOT_ENSEMBLE,H_POLICY,5,0.025186551145258515,0.013470562632925676,0.04134860941797038,,,02adc09003fd81a4e72955cd08ca6953787f190bbdd548830113d10e2c3862a5,/workspace/r5/H1a/combined/HISTORY_CONDITION_4TASK_TABLE.csv
cube,100,CASE,5000,UNADJUSTED_POINTWISE_CONDITIONAL,8ef761a311ab395e1535dbef40d67f970fdfb3036cd2842ef482b6525a6d5030,POST_R4_SUPPLEMENT_ON_KNOWN_EVALUATION_CASES,latent_mse,FIXED3_REFIT_MEAN_NOT_ENSEMBLE,H_REAL3,5,0.016709976555624353,0.010443056617174687,0.024927378956238193,,,02adc09003fd81a4e72955cd08ca6953787f190bbdd548830113d10e2c3862a5,/workspace/r5/H1a/combined/HISTORY_CONDITION_4TASK_TABLE.csv
cube,100,CASE,5000,UNADJUSTED_POINTWISE_CONDITIONAL,8ef761a311ab395e1535dbef40d67f970fdfb3036cd2842ef482b6525a6d5030,POST_R4_SUPPLEMENT_ON_KNOWN_EVALUATION_CASES,latent_mse_REAL3_minus_POLICY,FIXED3_REFIT_MEAN_NOT_ENSEMBLE,PAIRED_REAL3_MINUS_POLICY,5,-0.008476574589634158,-0.01973082327658388,-0.0014641889990064873,,,02adc09003fd81a4e72955cd08ca6953787f190bbdd548830113d10e2c3862a5,/workspace/r5/H1a/combined/HISTORY_CONDITION_4TASK_TABLE.csv
cube,100,CASE,5000,UNADJUSTED_POINTWISE_CONDITIONAL,8ef761a311ab395e1535dbef40d67f970fdfb3036cd2842ef482b6525a6d5030,POST_R4_SUPPLEMENT_ON_KNOWN_EVALUATION_CASES,relative_refit_improvement_ratio_of_means,FIXED3_REFIT_MEAN_NOT_ENSEMBLE,H_POLICY,5,0.318143295511306,0.19289507308240336,0.45282045965314427,,,02adc09003fd81a4e72955cd08ca6953787f190bbdd548830113d10e2c3862a5,/workspace/r5/H1a/combined/HISTORY_CONDITION_4TASK_TABLE.csv
cube,100,CASE,5000,UNADJUSTED_POINTWISE_CONDITIONAL,8ef761a311ab395e1535dbef40d67f970fdfb3036cd2842ef482b6525a6d5030,POST_R4_SUPPLEMENT_ON_KNOWN_EVALUATION_CASES,relative_refit_improvement_ratio_of_means,FIXED3_REFIT_MEAN_NOT_ENSEMBLE,H_REAL3,5,0.5140414183341625,0.32897230637333136,0.6502014896077535,,,02adc09003fd81a4e72955cd08ca6953787f190bbdd548830113d10e2c3862a5,/workspace/r5/H1a/combined/HISTORY_CONDITION_4TASK_TABLE.csv
