world,method,arm,horizon,seed_count,mean_risk,mean_excess_risk,delivery_source,delivery_source_sha256
DYN_HID-DISC-STRONG,EP,JOINT_LINUX,1,3,0.3482401911404478,0.24464430107679813,X2_ALL324_FROZEN_E0,70b846e0634a8c7a17e537dfda8bd766392ef719b2eb16f6dce95537b4b710c3
DYN_HID-DISC-STRONG,EP,JOINT_LINUX,16,3,0.7181929138074917,0.51715328831454,X2_ALL324_FROZEN_E0,70b846e0634a8c7a17e537dfda8bd766392ef719b2eb16f6dce95537b4b710c3
DYN_HID-DISC-STRONG,EP,JOINT_LINUX,8,3,0.5974606332330356,0.39867630417618133,X2_ALL324_FROZEN_E0,70b846e0634a8c7a17e537dfda8bd766392ef719b2eb16f6dce95537b4b710c3
DYN_HID-DISC-STRONG,EP,MLP_POST_H8,1,3,0.42254257125726075,0.3189466811936111,X2_ALL324_FROZEN_E0,70b846e0634a8c7a17e537dfda8bd766392ef719b2eb16f6dce95537b4b710c3
DYN_HID-DISC-STRONG,EP,MLP_POST_H8,16,3,0.7318331148004523,0.5307934893075005,X2_ALL324_FROZEN_E0,70b846e0634a8c7a17e537dfda8bd766392ef719b2eb16f6dce95537b4b710c3
DYN_HID-DISC-STRONG,EP,MLP_POST_H8,8,3,0.6678291367669745,0.46904480771012036,X2_ALL324_FROZEN_E0,70b846e0634a8c7a17e537dfda8bd766392ef719b2eb16f6dce95537b4b710c3
DYN_HID-DISC-STRONG,EP,PRED_CONT,1,3,0.3699345165251613,0.2663386264615116,X2_ALL324_FROZEN_E0,70b846e0634a8c7a17e537dfda8bd766392ef719b2eb16f6dce95537b4b710c3
DYN_HID-DISC-STRONG,EP,PRED_CONT,16,3,0.7633494534628121,0.5623098279698603,X2_ALL324_FROZEN_E0,70b846e0634a8c7a17e537dfda8bd766392ef719b2eb16f6dce95537b4b710c3
DYN_HID-DISC-STRONG,EP,PRED_CONT,8,3,0.6420337696870148,0.4432494406301604,X2_ALL324_FROZEN_E0,70b846e0634a8c7a17e537dfda8bd766392ef719b2eb16f6dce95537b4b710c3
DYN_HID-DISC-STRONG,EP,S1_SELECTED,1,3,0.3500336783190616,0.246437788255412,X2_ALL324_FROZEN_E0,70b846e0634a8c7a17e537dfda8bd766392ef719b2eb16f6dce95537b4b710c3
DYN_HID-DISC-STRONG,EP,S1_SELECTED,16,3,0.4818285315568717,0.28078890606391993,X2_ALL324_FROZEN_E0,70b846e0634a8c7a17e537dfda8bd766392ef719b2eb16f6dce95537b4b710c3
DYN_HID-DISC-STRONG,EP,S1_SELECTED,8,3,0.48429832144064616,0.2855139923837919,X2_ALL324_FROZEN_E0,70b846e0634a8c7a17e537dfda8bd766392ef719b2eb16f6dce95537b4b710c3
DYN_HID-DISC-STRONG,EP_SHUF,JOINT_LINUX,1,3,0.23969575193807668,0.13609986187442705,X2_ALL324_FROZEN_E0,70b846e0634a8c7a17e537dfda8bd766392ef719b2eb16f6dce95537b4b710c3
DYN_HID-DISC-STRONG,EP_SHUF,JOINT_LINUX,16,3,0.5935938750032151,0.39255424951026324,X2_ALL324_FROZEN_E0,70b846e0634a8c7a17e537dfda8bd766392ef719b2eb16f6dce95537b4b710c3
DYN_HID-DISC-STRONG,EP_SHUF,JOINT_LINUX,8,3,0.46937123933473535,0.27058691027788107,X2_ALL324_FROZEN_E0,70b846e0634a8c7a17e537dfda8bd766392ef719b2eb16f6dce95537b4b710c3
DYN_HID-DISC-STRONG,EP_SHUF,MLP_POST_H8,1,3,0.33567503875164545,0.2320791486879958,X2_ALL324_FROZEN_E0,70b846e0634a8c7a17e537dfda8bd766392ef719b2eb16f6dce95537b4b710c3
DYN_HID-DISC-STRONG,EP_SHUF,MLP_POST_H8,16,3,0.663425670791293,0.46238604529834104,X2_ALL324_FROZEN_E0,70b846e0634a8c7a17e537dfda8bd766392ef719b2eb16f6dce95537b4b710c3
DYN_HID-DISC-STRONG,EP_SHUF,MLP_POST_H8,8,3,0.6019925531890884,0.4032082241322341,X2_ALL324_FROZEN_E0,70b846e0634a8c7a17e537dfda8bd766392ef719b2eb16f6dce95537b4b710c3
DYN_HID-DISC-STRONG,EP_SHUF,PRED_CONT,1,3,0.29098214759132396,0.18738625752767427,X2_ALL324_FROZEN_E0,70b846e0634a8c7a17e537dfda8bd766392ef719b2eb16f6dce95537b4b710c3
DYN_HID-DISC-STRONG,EP_SHUF,PRED_CONT,16,3,0.6632394757790482,0.4621998502860962,X2_ALL324_FROZEN_E0,70b846e0634a8c7a17e537dfda8bd766392ef719b2eb16f6dce95537b4b710c3
DYN_HID-DISC-STRONG,EP_SHUF,PRED_CONT,8,3,0.555748006436319,0.3569636773794648,X2_ALL324_FROZEN_E0,70b846e0634a8c7a17e537dfda8bd766392ef719b2eb16f6dce95537b4b710c3
DYN_HID-DISC-STRONG,EP_SHUF,S1_SELECTED,1,3,0.29113328096874425,0.18753739090509466,X2_ALL324_FROZEN_E0,70b846e0634a8c7a17e537dfda8bd766392ef719b2eb16f6dce95537b4b710c3
DYN_HID-DISC-STRONG,EP_SHUF,S1_SELECTED,16,3,0.465548976176168,0.26450935068321607,X2_ALL324_FROZEN_E0,70b846e0634a8c7a17e537dfda8bd766392ef719b2eb16f6dce95537b4b710c3
DYN_HID-DISC-STRONG,EP_SHUF,S1_SELECTED,8,3,0.4632196433565423,0.26443531429968803,X2_ALL324_FROZEN_E0,70b846e0634a8c7a17e537dfda8bd766392ef719b2eb16f6dce95537b4b710c3
DYN_HID-DISC-STRONG,NO_REG,JOINT_LINUX,1,3,2.057529517939581,1.9539336278759312,X2_ALL324_FROZEN_E0,70b846e0634a8c7a17e537dfda8bd766392ef719b2eb16f6dce95537b4b710c3
DYN_HID-DISC-STRONG,NO_REG,JOINT_LINUX,16,3,2.0648190576851015,1.8637794321921497,X2_ALL324_FROZEN_E0,70b846e0634a8c7a17e537dfda8bd766392ef719b2eb16f6dce95537b4b710c3
DYN_HID-DISC-STRONG,NO_REG,JOINT_LINUX,8,3,2.053977344783001,1.8551930157261467,X2_ALL324_FROZEN_E0,70b846e0634a8c7a17e537dfda8bd766392ef719b2eb16f6dce95537b4b710c3
DYN_HID-DISC-STRONG,NO_REG,MLP_POST_H8,1,3,2.0211207953864903,1.9175249053228403,X2_ALL324_FROZEN_E0,70b846e0634a8c7a17e537dfda8bd766392ef719b2eb16f6dce95537b4b710c3
DYN_HID-DISC-STRONG,NO_REG,MLP_POST_H8,16,3,2.0329889671895796,1.831949341696628,X2_ALL324_FROZEN_E0,70b846e0634a8c7a17e537dfda8bd766392ef719b2eb16f6dce95537b4b710c3
DYN_HID-DISC-STRONG,NO_REG,MLP_POST_H8,8,3,2.0195903565483877,1.8208060274915336,X2_ALL324_FROZEN_E0,70b846e0634a8c7a17e537dfda8bd766392ef719b2eb16f6dce95537b4b710c3
DYN_HID-DISC-STRONG,NO_REG,PRED_CONT,1,3,2.023976392438582,1.9203805023749323,X2_ALL324_FROZEN_E0,70b846e0634a8c7a17e537dfda8bd766392ef719b2eb16f6dce95537b4b710c3
DYN_HID-DISC-STRONG,NO_REG,PRED_CONT,16,3,2.030876728955316,1.8298371034623642,X2_ALL324_FROZEN_E0,70b846e0634a8c7a17e537dfda8bd766392ef719b2eb16f6dce95537b4b710c3
DYN_HID-DISC-STRONG,NO_REG,PRED_CONT,8,3,2.020156340141243,1.821372011084388,X2_ALL324_FROZEN_E0,70b846e0634a8c7a17e537dfda8bd766392ef719b2eb16f6dce95537b4b710c3
DYN_HID-DISC-STRONG,NO_REG,S1_SELECTED,1,3,2.0355652458190168,1.931969355755367,X2_ALL324_FROZEN_E0,70b846e0634a8c7a17e537dfda8bd766392ef719b2eb16f6dce95537b4b710c3
DYN_HID-DISC-STRONG,NO_REG,S1_SELECTED,16,3,2.0431743961315556,1.842134770638604,X2_ALL324_FROZEN_E0,70b846e0634a8c7a17e537dfda8bd766392ef719b2eb16f6dce95537b4b710c3
DYN_HID-DISC-STRONG,NO_REG,S1_SELECTED,8,3,2.0323686163866683,1.833584287329814,X2_ALL324_FROZEN_E0,70b846e0634a8c7a17e537dfda8bd766392ef719b2eb16f6dce95537b4b710c3
DYN_HID-DISC-STRONG,POOL,JOINT_LINUX,1,3,0.2268051922058596,0.12320930214220993,X2_ALL324_FROZEN_E0,70b846e0634a8c7a17e537dfda8bd766392ef719b2eb16f6dce95537b4b710c3
DYN_HID-DISC-STRONG,POOL,JOINT_LINUX,16,3,0.5730271426836511,0.3719875171906992,X2_ALL324_FROZEN_E0,70b846e0634a8c7a17e537dfda8bd766392ef719b2eb16f6dce95537b4b710c3
DYN_HID-DISC-STRONG,POOL,JOINT_LINUX,8,3,0.4512698543545648,0.2524855252977105,X2_ALL324_FROZEN_E0,70b846e0634a8c7a17e537dfda8bd766392ef719b2eb16f6dce95537b4b710c3
DYN_HID-DISC-STRONG,POOL,MLP_POST_H8,1,3,0.3172634168236235,0.2136675267599739,X2_ALL324_FROZEN_E0,70b846e0634a8c7a17e537dfda8bd766392ef719b2eb16f6dce95537b4b710c3
DYN_HID-DISC-STRONG,POOL,MLP_POST_H8,16,3,0.644131577661254,0.4430919521683021,X2_ALL324_FROZEN_E0,70b846e0634a8c7a17e537dfda8bd766392ef719b2eb16f6dce95537b4b710c3
DYN_HID-DISC-STRONG,POOL,MLP_POST_H8,8,3,0.586222176591246,0.38743784753439164,X2_ALL324_FROZEN_E0,70b846e0634a8c7a17e537dfda8bd766392ef719b2eb16f6dce95537b4b710c3
DYN_HID-DISC-STRONG,POOL,PRED_CONT,1,3,0.2745355818687617,0.17093969180511207,X2_ALL324_FROZEN_E0,70b846e0634a8c7a17e537dfda8bd766392ef719b2eb16f6dce95537b4b710c3
DYN_HID-DISC-STRONG,POOL,PRED_CONT,16,3,0.6281538557011911,0.4271142302082393,X2_ALL324_FROZEN_E0,70b846e0634a8c7a17e537dfda8bd766392ef719b2eb16f6dce95537b4b710c3
DYN_HID-DISC-STRONG,POOL,PRED_CONT,8,3,0.5341790646088488,0.33539473555199456,X2_ALL324_FROZEN_E0,70b846e0634a8c7a17e537dfda8bd766392ef719b2eb16f6dce95537b4b710c3
DYN_HID-DISC-STRONG,POOL,S1_SELECTED,1,3,0.28000433013195225,0.17640844006830259,X2_ALL324_FROZEN_E0,70b846e0634a8c7a17e537dfda8bd766392ef719b2eb16f6dce95537b4b710c3
DYN_HID-DISC-STRONG,POOL,S1_SELECTED,16,3,0.45960133795549085,0.258561712462539,X2_ALL324_FROZEN_E0,70b846e0634a8c7a17e537dfda8bd766392ef719b2eb16f6dce95537b4b710c3
DYN_HID-DISC-STRONG,POOL,S1_SELECTED,8,3,0.4579592030306998,0.2591748739738455,X2_ALL324_FROZEN_E0,70b846e0634a8c7a17e537dfda8bd766392ef719b2eb16f6dce95537b4b710c3
DYN_HID-DISC-STRONG,SMX_B,JOINT_LINUX,1,3,0.23515462299875964,0.13155873293510997,X2_ALL324_FROZEN_E0,70b846e0634a8c7a17e537dfda8bd766392ef719b2eb16f6dce95537b4b710c3
DYN_HID-DISC-STRONG,SMX_B,JOINT_LINUX,16,3,0.5763991338066031,0.37535950831365134,X2_ALL324_FROZEN_E0,70b846e0634a8c7a17e537dfda8bd766392ef719b2eb16f6dce95537b4b710c3
DYN_HID-DISC-STRONG,SMX_B,JOINT_LINUX,8,3,0.46627353198198485,0.2674892029251305,X2_ALL324_FROZEN_E0,70b846e0634a8c7a17e537dfda8bd766392ef719b2eb16f6dce95537b4b710c3
DYN_HID-DISC-STRONG,SMX_B,MLP_POST_H8,1,3,0.34799361835183157,0.24439772828818196,X2_ALL324_FROZEN_E0,70b846e0634a8c7a17e537dfda8bd766392ef719b2eb16f6dce95537b4b710c3
DYN_HID-DISC-STRONG,SMX_B,MLP_POST_H8,16,3,0.6852073170947314,0.48416769160177947,X2_ALL324_FROZEN_E0,70b846e0634a8c7a17e537dfda8bd766392ef719b2eb16f6dce95537b4b710c3
DYN_HID-DISC-STRONG,SMX_B,MLP_POST_H8,8,3,0.6206467877014589,0.42186245864460453,X2_ALL324_FROZEN_E0,70b846e0634a8c7a17e537dfda8bd766392ef719b2eb16f6dce95537b4b710c3
DYN_HID-DISC-STRONG,SMX_B,PRED_CONT,1,3,0.2886707856416429,0.18507489557799325,X2_ALL324_FROZEN_E0,70b846e0634a8c7a17e537dfda8bd766392ef719b2eb16f6dce95537b4b710c3
DYN_HID-DISC-STRONG,SMX_B,PRED_CONT,16,3,0.7003511505794521,0.4993115250865003,X2_ALL324_FROZEN_E0,70b846e0634a8c7a17e537dfda8bd766392ef719b2eb16f6dce95537b4b710c3
DYN_HID-DISC-STRONG,SMX_B,PRED_CONT,8,3,0.5766798999703627,0.3778955709135084,X2_ALL324_FROZEN_E0,70b846e0634a8c7a17e537dfda8bd766392ef719b2eb16f6dce95537b4b710c3
DYN_HID-DISC-STRONG,SMX_B,S1_SELECTED,1,3,0.2793885042020801,0.17579261413843042,X2_ALL324_FROZEN_E0,70b846e0634a8c7a17e537dfda8bd766392ef719b2eb16f6dce95537b4b710c3
DYN_HID-DISC-STRONG,SMX_B,S1_SELECTED,16,3,0.46396717831765605,0.2629275528247042,X2_ALL324_FROZEN_E0,70b846e0634a8c7a17e537dfda8bd766392ef719b2eb16f6dce95537b4b710c3
DYN_HID-DISC-STRONG,SMX_B,S1_SELECTED,8,3,0.4599018300996643,0.26111750104281,X2_ALL324_FROZEN_E0,70b846e0634a8c7a17e537dfda8bd766392ef719b2eb16f6dce95537b4b710c3
DYN_HID-DISC-STRONG,SM_B,JOINT_LINUX,1,3,0.21709807478197987,0.11350218471833023,X2_ALL324_FROZEN_E0,70b846e0634a8c7a17e537dfda8bd766392ef719b2eb16f6dce95537b4b710c3
DYN_HID-DISC-STRONG,SM_B,JOINT_LINUX,16,3,0.5557974116796102,0.3547577861866584,X2_ALL324_FROZEN_E0,70b846e0634a8c7a17e537dfda8bd766392ef719b2eb16f6dce95537b4b710c3
DYN_HID-DISC-STRONG,SM_B,JOINT_LINUX,8,3,0.44519037916821813,0.24640605011136377,X2_ALL324_FROZEN_E0,70b846e0634a8c7a17e537dfda8bd766392ef719b2eb16f6dce95537b4b710c3
DYN_HID-DISC-STRONG,SM_B,MLP_POST_H8,1,3,0.30396444272312917,0.20036855265947948,X2_ALL324_FROZEN_E0,70b846e0634a8c7a17e537dfda8bd766392ef719b2eb16f6dce95537b4b710c3
DYN_HID-DISC-STRONG,SM_B,MLP_POST_H8,16,3,0.6245379445330613,0.42349831904010937,X2_ALL324_FROZEN_E0,70b846e0634a8c7a17e537dfda8bd766392ef719b2eb16f6dce95537b4b710c3
DYN_HID-DISC-STRONG,SM_B,MLP_POST_H8,8,3,0.5656897283383805,0.3669053992815261,X2_ALL324_FROZEN_E0,70b846e0634a8c7a17e537dfda8bd766392ef719b2eb16f6dce95537b4b710c3
DYN_HID-DISC-STRONG,SM_B,PRED_CONT,1,3,0.2614896495094935,0.1578937594458438,X2_ALL324_FROZEN_E0,70b846e0634a8c7a17e537dfda8bd766392ef719b2eb16f6dce95537b4b710c3
DYN_HID-DISC-STRONG,SM_B,PRED_CONT,16,3,0.6589310284959641,0.4578914030030122,X2_ALL324_FROZEN_E0,70b846e0634a8c7a17e537dfda8bd766392ef719b2eb16f6dce95537b4b710c3
DYN_HID-DISC-STRONG,SM_B,PRED_CONT,8,3,0.5443846354859698,0.34560030642911554,X2_ALL324_FROZEN_E0,70b846e0634a8c7a17e537dfda8bd766392ef719b2eb16f6dce95537b4b710c3
DYN_HID-DISC-STRONG,SM_B,S1_SELECTED,1,3,0.26159796854252626,0.1580020784788766,X2_ALL324_FROZEN_E0,70b846e0634a8c7a17e537dfda8bd766392ef719b2eb16f6dce95537b4b710c3
DYN_HID-DISC-STRONG,SM_B,S1_SELECTED,16,3,0.45383786447962926,0.25279823898667736,X2_ALL324_FROZEN_E0,70b846e0634a8c7a17e537dfda8bd766392ef719b2eb16f6dce95537b4b710c3
DYN_HID-DISC-STRONG,SM_B,S1_SELECTED,8,3,0.453168925928727,0.25438459687187265,X2_ALL324_FROZEN_E0,70b846e0634a8c7a17e537dfda8bd766392ef719b2eb16f6dce95537b4b710c3
DYN_HID-DISC-STRONG,SUP_DIRECT,JOINT_LINUX,1,3,0.20233281642052262,0.09873692635687299,X2_ALL324_FROZEN_E0,70b846e0634a8c7a17e537dfda8bd766392ef719b2eb16f6dce95537b4b710c3
DYN_HID-DISC-STRONG,SUP_DIRECT,JOINT_LINUX,16,3,0.37793004329507496,0.17689041780212308,X2_ALL324_FROZEN_E0,70b846e0634a8c7a17e537dfda8bd766392ef719b2eb16f6dce95537b4b710c3
DYN_HID-DISC-STRONG,SUP_DIRECT,JOINT_LINUX,8,3,0.3802617739546232,0.18147744489776885,X2_ALL324_FROZEN_E0,70b846e0634a8c7a17e537dfda8bd766392ef719b2eb16f6dce95537b4b710c3
DYN_HID-DISC-STRONG,SUP_DIRECT,MLP_POST_H8,1,3,0.23405634958461732,0.13046045952096766,X2_ALL324_FROZEN_E0,70b846e0634a8c7a17e537dfda8bd766392ef719b2eb16f6dce95537b4b710c3
DYN_HID-DISC-STRONG,SUP_DIRECT,MLP_POST_H8,16,3,0.5183241204529228,0.31728449495997096,X2_ALL324_FROZEN_E0,70b846e0634a8c7a17e537dfda8bd766392ef719b2eb16f6dce95537b4b710c3
DYN_HID-DISC-STRONG,SUP_DIRECT,MLP_POST_H8,8,3,0.4610577980453791,0.2622734689885247,X2_ALL324_FROZEN_E0,70b846e0634a8c7a17e537dfda8bd766392ef719b2eb16f6dce95537b4b710c3
DYN_HID-DISC-STRONG,SUP_DIRECT,PRED_CONT,1,3,0.19362838228926313,0.09003249222561349,X2_ALL324_FROZEN_E0,70b846e0634a8c7a17e537dfda8bd766392ef719b2eb16f6dce95537b4b710c3
DYN_HID-DISC-STRONG,SUP_DIRECT,PRED_CONT,16,3,0.4518642556616304,0.25082463016867856,X2_ALL324_FROZEN_E0,70b846e0634a8c7a17e537dfda8bd766392ef719b2eb16f6dce95537b4b710c3
DYN_HID-DISC-STRONG,SUP_DIRECT,PRED_CONT,8,3,0.452348236037067,0.2535639069802127,X2_ALL324_FROZEN_E0,70b846e0634a8c7a17e537dfda8bd766392ef719b2eb16f6dce95537b4b710c3
DYN_HID-DISC-STRONG,SUP_DIRECT,S1_SELECTED,1,3,0.24498633503135103,0.14139044496770137,X2_ALL324_FROZEN_E0,70b846e0634a8c7a17e537dfda8bd766392ef719b2eb16f6dce95537b4b710c3
DYN_HID-DISC-STRONG,SUP_DIRECT,S1_SELECTED,16,3,0.4621038180495655,0.2610641925566137,X2_ALL324_FROZEN_E0,70b846e0634a8c7a17e537dfda8bd766392ef719b2eb16f6dce95537b4b710c3
DYN_HID-DISC-STRONG,SUP_DIRECT,S1_SELECTED,8,3,0.4587615627375247,0.2599772336806704,X2_ALL324_FROZEN_E0,70b846e0634a8c7a17e537dfda8bd766392ef719b2eb16f6dce95537b4b710c3
DYN_HID-DISC-STRONG,TC,JOINT_LINUX,1,3,0.2004642012630842,0.09686831119943456,X2_ALL324_FROZEN_E0,70b846e0634a8c7a17e537dfda8bd766392ef719b2eb16f6dce95537b4b710c3
DYN_HID-DISC-STRONG,TC,JOINT_LINUX,16,3,0.5402553020957197,0.33921567660276786,X2_ALL324_FROZEN_E0,70b846e0634a8c7a17e537dfda8bd766392ef719b2eb16f6dce95537b4b710c3
DYN_HID-DISC-STRONG,TC,JOINT_LINUX,8,3,0.4243971109527401,0.2256127818958857,X2_ALL324_FROZEN_E0,70b846e0634a8c7a17e537dfda8bd766392ef719b2eb16f6dce95537b4b710c3
DYN_HID-DISC-STRONG,TC,MLP_POST_H8,1,3,0.290700140279226,0.1871042502155764,X2_ALL324_FROZEN_E0,70b846e0634a8c7a17e537dfda8bd766392ef719b2eb16f6dce95537b4b710c3
DYN_HID-DISC-STRONG,TC,MLP_POST_H8,16,3,0.6108784301822963,0.4098388046893444,X2_ALL324_FROZEN_E0,70b846e0634a8c7a17e537dfda8bd766392ef719b2eb16f6dce95537b4b710c3
DYN_HID-DISC-STRONG,TC,MLP_POST_H8,8,3,0.5513915448739358,0.35260721581708143,X2_ALL324_FROZEN_E0,70b846e0634a8c7a17e537dfda8bd766392ef719b2eb16f6dce95537b4b710c3
DYN_HID-DISC-STRONG,TC,PRED_CONT,1,3,0.24503811725777683,0.14144222719412722,X2_ALL324_FROZEN_E0,70b846e0634a8c7a17e537dfda8bd766392ef719b2eb16f6dce95537b4b710c3
DYN_HID-DISC-STRONG,TC,PRED_CONT,16,3,0.6006099069845127,0.39957028149156076,X2_ALL324_FROZEN_E0,70b846e0634a8c7a17e537dfda8bd766392ef719b2eb16f6dce95537b4b710c3
DYN_HID-DISC-STRONG,TC,PRED_CONT,8,3,0.5006041996148191,0.30181987055796466,X2_ALL324_FROZEN_E0,70b846e0634a8c7a17e537dfda8bd766392ef719b2eb16f6dce95537b4b710c3
DYN_HID-DISC-STRONG,TC,S1_SELECTED,1,3,0.25777488531245407,0.1541789952488044,X2_ALL324_FROZEN_E0,70b846e0634a8c7a17e537dfda8bd766392ef719b2eb16f6dce95537b4b710c3
DYN_HID-DISC-STRONG,TC,S1_SELECTED,16,3,0.45037722167084365,0.24933759617789183,X2_ALL324_FROZEN_E0,70b846e0634a8c7a17e537dfda8bd766392ef719b2eb16f6dce95537b4b710c3
DYN_HID-DISC-STRONG,TC,S1_SELECTED,8,3,0.45087580260894916,0.25209147355209477,X2_ALL324_FROZEN_E0,70b846e0634a8c7a17e537dfda8bd766392ef719b2eb16f6dce95537b4b710c3
DYN_HID-DISC-STRONG,XS,JOINT_LINUX,1,3,0.23882204166686405,0.13522615160321438,X2_ALL324_FROZEN_E0,70b846e0634a8c7a17e537dfda8bd766392ef719b2eb16f6dce95537b4b710c3
DYN_HID-DISC-STRONG,XS,JOINT_LINUX,16,3,0.5943290393331556,0.39328941384020366,X2_ALL324_FROZEN_E0,70b846e0634a8c7a17e537dfda8bd766392ef719b2eb16f6dce95537b4b710c3
DYN_HID-DISC-STRONG,XS,JOINT_LINUX,8,3,0.467612141183005,0.26882781212615064,X2_ALL324_FROZEN_E0,70b846e0634a8c7a17e537dfda8bd766392ef719b2eb16f6dce95537b4b710c3
DYN_HID-DISC-STRONG,XS,MLP_POST_H8,1,3,0.336409157964263,0.2328132679006134,X2_ALL324_FROZEN_E0,70b846e0634a8c7a17e537dfda8bd766392ef719b2eb16f6dce95537b4b710c3
DYN_HID-DISC-STRONG,XS,MLP_POST_H8,16,3,0.6601300360738321,0.45909041058088024,X2_ALL324_FROZEN_E0,70b846e0634a8c7a17e537dfda8bd766392ef719b2eb16f6dce95537b4b710c3
DYN_HID-DISC-STRONG,XS,MLP_POST_H8,8,3,0.6022348140466853,0.403450484989831,X2_ALL324_FROZEN_E0,70b846e0634a8c7a17e537dfda8bd766392ef719b2eb16f6dce95537b4b710c3
DYN_HID-DISC-STRONG,XS,PRED_CONT,1,3,0.2974679990454271,0.19387210898177742,X2_ALL324_FROZEN_E0,70b846e0634a8c7a17e537dfda8bd766392ef719b2eb16f6dce95537b4b710c3
DYN_HID-DISC-STRONG,XS,PRED_CONT,16,3,0.6697982970501904,0.46875867155723855,X2_ALL324_FROZEN_E0,70b846e0634a8c7a17e537dfda8bd766392ef719b2eb16f6dce95537b4b710c3
DYN_HID-DISC-STRONG,XS,PRED_CONT,8,3,0.5551815458456651,0.35639721678881076,X2_ALL324_FROZEN_E0,70b846e0634a8c7a17e537dfda8bd766392ef719b2eb16f6dce95537b4b710c3
DYN_HID-DISC-STRONG,XS,S1_SELECTED,1,3,0.29048969432070265,0.18689380425705304,X2_ALL324_FROZEN_E0,70b846e0634a8c7a17e537dfda8bd766392ef719b2eb16f6dce95537b4b710c3
DYN_HID-DISC-STRONG,XS,S1_SELECTED,16,3,0.46492599318204236,0.26388636768909046,X2_ALL324_FROZEN_E0,70b846e0634a8c7a17e537dfda8bd766392ef719b2eb16f6dce95537b4b710c3
DYN_HID-DISC-STRONG,XS,S1_SELECTED,8,3,0.4625893558141538,0.2638050267572994,X2_ALL324_FROZEN_E0,70b846e0634a8c7a17e537dfda8bd766392ef719b2eb16f6dce95537b4b710c3
DYN_HID-DISC-WEAK,EP,JOINT_LINUX,1,3,0.17971489366038465,0.07357891609612778,X2_ALL324_FROZEN_E0,70b846e0634a8c7a17e537dfda8bd766392ef719b2eb16f6dce95537b4b710c3
DYN_HID-DISC-WEAK,EP,JOINT_LINUX,16,3,0.3017438530583168,0.0906999362239689,X2_ALL324_FROZEN_E0,70b846e0634a8c7a17e537dfda8bd766392ef719b2eb16f6dce95537b4b710c3
DYN_HID-DISC-WEAK,EP,JOINT_LINUX,8,3,0.2989074498000283,0.0894740063736406,X2_ALL324_FROZEN_E0,70b846e0634a8c7a17e537dfda8bd766392ef719b2eb16f6dce95537b4b710c3
DYN_HID-DISC-WEAK,EP,MLP_POST_H8,1,3,0.2675179479904076,0.16138197042615074,X2_ALL324_FROZEN_E0,70b846e0634a8c7a17e537dfda8bd766392ef719b2eb16f6dce95537b4b710c3
DYN_HID-DISC-WEAK,EP,MLP_POST_H8,16,3,0.4729590818924531,0.26191516505810514,X2_ALL324_FROZEN_E0,70b846e0634a8c7a17e537dfda8bd766392ef719b2eb16f6dce95537b4b710c3
DYN_HID-DISC-WEAK,EP,MLP_POST_H8,8,3,0.4670225902973139,0.25758914687092616,X2_ALL324_FROZEN_E0,70b846e0634a8c7a17e537dfda8bd766392ef719b2eb16f6dce95537b4b710c3
DYN_HID-DISC-WEAK,EP,PRED_CONT,1,3,0.22211471686164716,0.11597873929739029,X2_ALL324_FROZEN_E0,70b846e0634a8c7a17e537dfda8bd766392ef719b2eb16f6dce95537b4b710c3
DYN_HID-DISC-WEAK,EP,PRED_CONT,16,3,0.383547250461387,0.1725033336270391,X2_ALL324_FROZEN_E0,70b846e0634a8c7a17e537dfda8bd766392ef719b2eb16f6dce95537b4b710c3
DYN_HID-DISC-WEAK,EP,PRED_CONT,8,3,0.3792535721819257,0.16982012875553798,X2_ALL324_FROZEN_E0,70b846e0634a8c7a17e537dfda8bd766392ef719b2eb16f6dce95537b4b710c3
DYN_HID-DISC-WEAK,EP,S1_SELECTED,1,3,0.1677898428860465,0.06165386532178966,X2_ALL324_FROZEN_E0,70b846e0634a8c7a17e537dfda8bd766392ef719b2eb16f6dce95537b4b710c3
DYN_HID-DISC-WEAK,EP,S1_SELECTED,16,3,0.24664517124957344,0.03560125441522554,X2_ALL324_FROZEN_E0,70b846e0634a8c7a17e537dfda8bd766392ef719b2eb16f6dce95537b4b710c3
DYN_HID-DISC-WEAK,EP,S1_SELECTED,8,3,0.2453477532113207,0.03591430978493299,X2_ALL324_FROZEN_E0,70b846e0634a8c7a17e537dfda8bd766392ef719b2eb16f6dce95537b4b710c3
DYN_HID-DISC-WEAK,EP_SHUF,JOINT_LINUX,1,3,0.18886709905553403,0.08273112149127718,X2_ALL324_FROZEN_E0,70b846e0634a8c7a17e537dfda8bd766392ef719b2eb16f6dce95537b4b710c3
DYN_HID-DISC-WEAK,EP_SHUF,JOINT_LINUX,16,3,0.31389372369920127,0.10284980686485334,X2_ALL324_FROZEN_E0,70b846e0634a8c7a17e537dfda8bd766392ef719b2eb16f6dce95537b4b710c3
DYN_HID-DISC-WEAK,EP_SHUF,JOINT_LINUX,8,3,0.30857229206442754,0.09913884863803983,X2_ALL324_FROZEN_E0,70b846e0634a8c7a17e537dfda8bd766392ef719b2eb16f6dce95537b4b710c3
DYN_HID-DISC-WEAK,EP_SHUF,MLP_POST_H8,1,3,0.2597904514245041,0.15365447386024722,X2_ALL324_FROZEN_E0,70b846e0634a8c7a17e537dfda8bd766392ef719b2eb16f6dce95537b4b710c3
DYN_HID-DISC-WEAK,EP_SHUF,MLP_POST_H8,16,3,0.44664147832816653,0.2355975614938186,X2_ALL324_FROZEN_E0,70b846e0634a8c7a17e537dfda8bd766392ef719b2eb16f6dce95537b4b710c3
DYN_HID-DISC-WEAK,EP_SHUF,MLP_POST_H8,8,3,0.44093748507571034,0.2315040416493226,X2_ALL324_FROZEN_E0,70b846e0634a8c7a17e537dfda8bd766392ef719b2eb16f6dce95537b4b710c3
DYN_HID-DISC-WEAK,EP_SHUF,PRED_CONT,1,3,0.24017466572917326,0.13403868816491638,X2_ALL324_FROZEN_E0,70b846e0634a8c7a17e537dfda8bd766392ef719b2eb16f6dce95537b4b710c3
DYN_HID-DISC-WEAK,EP_SHUF,PRED_CONT,16,3,0.4016978669097493,0.1906539500754013,X2_ALL324_FROZEN_E0,70b846e0634a8c7a17e537dfda8bd766392ef719b2eb16f6dce95537b4b710c3
DYN_HID-DISC-WEAK,EP_SHUF,PRED_CONT,8,3,0.4000699490673165,0.19063650564092874,X2_ALL324_FROZEN_E0,70b846e0634a8c7a17e537dfda8bd766392ef719b2eb16f6dce95537b4b710c3
DYN_HID-DISC-WEAK,EP_SHUF,S1_SELECTED,1,3,0.1751883983492183,0.06905242078496142,X2_ALL324_FROZEN_E0,70b846e0634a8c7a17e537dfda8bd766392ef719b2eb16f6dce95537b4b710c3
DYN_HID-DISC-WEAK,EP_SHUF,S1_SELECTED,16,3,0.24824712930604761,0.037203212471699616,X2_ALL324_FROZEN_E0,70b846e0634a8c7a17e537dfda8bd766392ef719b2eb16f6dce95537b4b710c3
DYN_HID-DISC-WEAK,EP_SHUF,S1_SELECTED,8,3,0.24693236568356314,0.03749892225717542,X2_ALL324_FROZEN_E0,70b846e0634a8c7a17e537dfda8bd766392ef719b2eb16f6dce95537b4b710c3
DYN_HID-DISC-WEAK,NO_REG,JOINT_LINUX,1,3,1.657201166981921,1.5510651894176641,X2_ALL324_FROZEN_E0,70b846e0634a8c7a17e537dfda8bd766392ef719b2eb16f6dce95537b4b710c3
DYN_HID-DISC-WEAK,NO_REG,JOINT_LINUX,16,3,1.6181607990656142,1.407116882231266,X2_ALL324_FROZEN_E0,70b846e0634a8c7a17e537dfda8bd766392ef719b2eb16f6dce95537b4b710c3
DYN_HID-DISC-WEAK,NO_REG,JOINT_LINUX,8,3,1.6018293192496185,1.3923958758232307,X2_ALL324_FROZEN_E0,70b846e0634a8c7a17e537dfda8bd766392ef719b2eb16f6dce95537b4b710c3
DYN_HID-DISC-WEAK,NO_REG,MLP_POST_H8,1,3,1.6122997010648012,1.5061637235005445,X2_ALL324_FROZEN_E0,70b846e0634a8c7a17e537dfda8bd766392ef719b2eb16f6dce95537b4b710c3
DYN_HID-DISC-WEAK,NO_REG,MLP_POST_H8,16,3,1.5744767196086293,1.3634328027742815,X2_ALL324_FROZEN_E0,70b846e0634a8c7a17e537dfda8bd766392ef719b2eb16f6dce95537b4b710c3
DYN_HID-DISC-WEAK,NO_REG,MLP_POST_H8,8,3,1.5599496053733264,1.3505161619469386,X2_ALL324_FROZEN_E0,70b846e0634a8c7a17e537dfda8bd766392ef719b2eb16f6dce95537b4b710c3
DYN_HID-DISC-WEAK,NO_REG,PRED_CONT,1,3,1.614546902314255,1.5084109247499977,X2_ALL324_FROZEN_E0,70b846e0634a8c7a17e537dfda8bd766392ef719b2eb16f6dce95537b4b710c3
DYN_HID-DISC-WEAK,NO_REG,PRED_CONT,16,3,1.5763907146037903,1.3653467977694422,X2_ALL324_FROZEN_E0,70b846e0634a8c7a17e537dfda8bd766392ef719b2eb16f6dce95537b4b710c3
DYN_HID-DISC-WEAK,NO_REG,PRED_CONT,8,3,1.56127501661072,1.3518415731843323,X2_ALL324_FROZEN_E0,70b846e0634a8c7a17e537dfda8bd766392ef719b2eb16f6dce95537b4b710c3
DYN_HID-DISC-WEAK,NO_REG,S1_SELECTED,1,3,1.6293067166084552,1.5231707390441984,X2_ALL324_FROZEN_E0,70b846e0634a8c7a17e537dfda8bd766392ef719b2eb16f6dce95537b4b710c3
DYN_HID-DISC-WEAK,NO_REG,S1_SELECTED,16,3,1.5917752418269362,1.3807313249925883,X2_ALL324_FROZEN_E0,70b846e0634a8c7a17e537dfda8bd766392ef719b2eb16f6dce95537b4b710c3
DYN_HID-DISC-WEAK,NO_REG,S1_SELECTED,8,3,1.5762388437659325,1.3668054003395447,X2_ALL324_FROZEN_E0,70b846e0634a8c7a17e537dfda8bd766392ef719b2eb16f6dce95537b4b710c3
DYN_HID-DISC-WEAK,POOL,JOINT_LINUX,1,3,0.18319472876760465,0.07705875120334778,X2_ALL324_FROZEN_E0,70b846e0634a8c7a17e537dfda8bd766392ef719b2eb16f6dce95537b4b710c3
DYN_HID-DISC-WEAK,POOL,JOINT_LINUX,16,3,0.3096058127546369,0.09856189592028892,X2_ALL324_FROZEN_E0,70b846e0634a8c7a17e537dfda8bd766392ef719b2eb16f6dce95537b4b710c3
DYN_HID-DISC-WEAK,POOL,JOINT_LINUX,8,3,0.3041706934794118,0.09473725005302414,X2_ALL324_FROZEN_E0,70b846e0634a8c7a17e537dfda8bd766392ef719b2eb16f6dce95537b4b710c3
DYN_HID-DISC-WEAK,POOL,MLP_POST_H8,1,3,0.2525198593558558,0.14638388179159895,X2_ALL324_FROZEN_E0,70b846e0634a8c7a17e537dfda8bd766392ef719b2eb16f6dce95537b4b710c3
DYN_HID-DISC-WEAK,POOL,MLP_POST_H8,16,3,0.4376874289354525,0.22664351210110456,X2_ALL324_FROZEN_E0,70b846e0634a8c7a17e537dfda8bd766392ef719b2eb16f6dce95537b4b710c3
DYN_HID-DISC-WEAK,POOL,MLP_POST_H8,8,3,0.4346429359340373,0.22520949250764957,X2_ALL324_FROZEN_E0,70b846e0634a8c7a17e537dfda8bd766392ef719b2eb16f6dce95537b4b710c3
DYN_HID-DISC-WEAK,POOL,PRED_CONT,1,3,0.2335273991166645,0.12739142155240762,X2_ALL324_FROZEN_E0,70b846e0634a8c7a17e537dfda8bd766392ef719b2eb16f6dce95537b4b710c3
DYN_HID-DISC-WEAK,POOL,PRED_CONT,16,3,0.39536071740618883,0.18431680057184088,X2_ALL324_FROZEN_E0,70b846e0634a8c7a17e537dfda8bd766392ef719b2eb16f6dce95537b4b710c3
DYN_HID-DISC-WEAK,POOL,PRED_CONT,8,3,0.3953363189765103,0.18590287555012266,X2_ALL324_FROZEN_E0,70b846e0634a8c7a17e537dfda8bd766392ef719b2eb16f6dce95537b4b710c3
DYN_HID-DISC-WEAK,POOL,S1_SELECTED,1,3,0.16860182175539096,0.06246584419113408,X2_ALL324_FROZEN_E0,70b846e0634a8c7a17e537dfda8bd766392ef719b2eb16f6dce95537b4b710c3
DYN_HID-DISC-WEAK,POOL,S1_SELECTED,16,3,0.24298780920126153,0.031943892366913605,X2_ALL324_FROZEN_E0,70b846e0634a8c7a17e537dfda8bd766392ef719b2eb16f6dce95537b4b710c3
DYN_HID-DISC-WEAK,POOL,S1_SELECTED,8,3,0.2417836948457849,0.03235025141939723,X2_ALL324_FROZEN_E0,70b846e0634a8c7a17e537dfda8bd766392ef719b2eb16f6dce95537b4b710c3
DYN_HID-DISC-WEAK,SMX_B,JOINT_LINUX,1,3,0.1678264685480579,0.061690490983801034,X2_ALL324_FROZEN_E0,70b846e0634a8c7a17e537dfda8bd766392ef719b2eb16f6dce95537b4b710c3
DYN_HID-DISC-WEAK,SMX_B,JOINT_LINUX,16,3,0.2943689653756014,0.08332504854125346,X2_ALL324_FROZEN_E0,70b846e0634a8c7a17e537dfda8bd766392ef719b2eb16f6dce95537b4b710c3
DYN_HID-DISC-WEAK,SMX_B,JOINT_LINUX,8,3,0.2900095687649534,0.0805761253385657,X2_ALL324_FROZEN_E0,70b846e0634a8c7a17e537dfda8bd766392ef719b2eb16f6dce95537b4b710c3
DYN_HID-DISC-WEAK,SMX_B,MLP_POST_H8,1,3,0.2443694204993879,0.13823344293513098,X2_ALL324_FROZEN_E0,70b846e0634a8c7a17e537dfda8bd766392ef719b2eb16f6dce95537b4b710c3
DYN_HID-DISC-WEAK,SMX_B,MLP_POST_H8,16,3,0.4299714560701351,0.2189275392357871,X2_ALL324_FROZEN_E0,70b846e0634a8c7a17e537dfda8bd766392ef719b2eb16f6dce95537b4b710c3
DYN_HID-DISC-WEAK,SMX_B,MLP_POST_H8,8,3,0.42300625240265005,0.21357280897626238,X2_ALL324_FROZEN_E0,70b846e0634a8c7a17e537dfda8bd766392ef719b2eb16f6dce95537b4b710c3
DYN_HID-DISC-WEAK,SMX_B,PRED_CONT,1,3,0.2316284526878708,0.12549247512361392,X2_ALL324_FROZEN_E0,70b846e0634a8c7a17e537dfda8bd766392ef719b2eb16f6dce95537b4b710c3
DYN_HID-DISC-WEAK,SMX_B,PRED_CONT,16,3,0.4099325600404901,0.19888864320614208,X2_ALL324_FROZEN_E0,70b846e0634a8c7a17e537dfda8bd766392ef719b2eb16f6dce95537b4b710c3
DYN_HID-DISC-WEAK,SMX_B,PRED_CONT,8,3,0.41007098059731967,0.200637537170932,X2_ALL324_FROZEN_E0,70b846e0634a8c7a17e537dfda8bd766392ef719b2eb16f6dce95537b4b710c3
DYN_HID-DISC-WEAK,SMX_B,S1_SELECTED,1,3,0.15011010833684912,0.04397413077259226,X2_ALL324_FROZEN_E0,70b846e0634a8c7a17e537dfda8bd766392ef719b2eb16f6dce95537b4b710c3
DYN_HID-DISC-WEAK,SMX_B,S1_SELECTED,16,3,0.23576390080284085,0.024719983968492898,X2_ALL324_FROZEN_E0,70b846e0634a8c7a17e537dfda8bd766392ef719b2eb16f6dce95537b4b710c3
DYN_HID-DISC-WEAK,SMX_B,S1_SELECTED,8,3,0.23372998853456828,0.024296545108180568,X2_ALL324_FROZEN_E0,70b846e0634a8c7a17e537dfda8bd766392ef719b2eb16f6dce95537b4b710c3
DYN_HID-DISC-WEAK,SM_B,JOINT_LINUX,1,3,0.15228293137163681,0.046146953807379903,X2_ALL324_FROZEN_E0,70b846e0634a8c7a17e537dfda8bd766392ef719b2eb16f6dce95537b4b710c3
DYN_HID-DISC-WEAK,SM_B,JOINT_LINUX,16,3,0.2754167994351612,0.06437288260081321,X2_ALL324_FROZEN_E0,70b846e0634a8c7a17e537dfda8bd766392ef719b2eb16f6dce95537b4b710c3
DYN_HID-DISC-WEAK,SM_B,JOINT_LINUX,8,3,0.2731275267667012,0.06369408334031344,X2_ALL324_FROZEN_E0,70b846e0634a8c7a17e537dfda8bd766392ef719b2eb16f6dce95537b4b710c3
DYN_HID-DISC-WEAK,SM_B,MLP_POST_H8,1,3,0.2248332432039163,0.11869726563965939,X2_ALL324_FROZEN_E0,70b846e0634a8c7a17e537dfda8bd766392ef719b2eb16f6dce95537b4b710c3
DYN_HID-DISC-WEAK,SM_B,MLP_POST_H8,16,3,0.4302556294096689,0.21921171257532093,X2_ALL324_FROZEN_E0,70b846e0634a8c7a17e537dfda8bd766392ef719b2eb16f6dce95537b4b710c3
DYN_HID-DISC-WEAK,SM_B,MLP_POST_H8,8,3,0.4227042359822293,0.21327079255584155,X2_ALL324_FROZEN_E0,70b846e0634a8c7a17e537dfda8bd766392ef719b2eb16f6dce95537b4b710c3
DYN_HID-DISC-WEAK,SM_B,PRED_CONT,1,3,0.2230499243633758,0.11691394679911893,X2_ALL324_FROZEN_E0,70b846e0634a8c7a17e537dfda8bd766392ef719b2eb16f6dce95537b4b710c3
DYN_HID-DISC-WEAK,SM_B,PRED_CONT,16,3,0.4064932322730465,0.19544931543869848,X2_ALL324_FROZEN_E0,70b846e0634a8c7a17e537dfda8bd766392ef719b2eb16f6dce95537b4b710c3
DYN_HID-DISC-WEAK,SM_B,PRED_CONT,8,3,0.4009824770491585,0.19154903362277076,X2_ALL324_FROZEN_E0,70b846e0634a8c7a17e537dfda8bd766392ef719b2eb16f6dce95537b4b710c3
DYN_HID-DISC-WEAK,SM_B,S1_SELECTED,1,3,0.13573686536877458,0.029600887804517684,X2_ALL324_FROZEN_E0,70b846e0634a8c7a17e537dfda8bd766392ef719b2eb16f6dce95537b4b710c3
DYN_HID-DISC-WEAK,SM_B,S1_SELECTED,16,3,0.2322108583543526,0.0211669415200046,X2_ALL324_FROZEN_E0,70b846e0634a8c7a17e537dfda8bd766392ef719b2eb16f6dce95537b4b710c3
DYN_HID-DISC-WEAK,SM_B,S1_SELECTED,8,3,0.22998472859409724,0.020551285167709526,X2_ALL324_FROZEN_E0,70b846e0634a8c7a17e537dfda8bd766392ef719b2eb16f6dce95537b4b710c3
DYN_HID-DISC-WEAK,SUP_DIRECT,JOINT_LINUX,1,3,0.13728478157583732,0.031148804011580416,X2_ALL324_FROZEN_E0,70b846e0634a8c7a17e537dfda8bd766392ef719b2eb16f6dce95537b4b710c3
DYN_HID-DISC-WEAK,SUP_DIRECT,JOINT_LINUX,16,3,0.27047693806688083,0.059433021232532884,X2_ALL324_FROZEN_E0,70b846e0634a8c7a17e537dfda8bd766392ef719b2eb16f6dce95537b4b710c3
DYN_HID-DISC-WEAK,SUP_DIRECT,JOINT_LINUX,8,3,0.2674603610624373,0.05802691763604961,X2_ALL324_FROZEN_E0,70b846e0634a8c7a17e537dfda8bd766392ef719b2eb16f6dce95537b4b710c3
DYN_HID-DISC-WEAK,SUP_DIRECT,MLP_POST_H8,1,3,0.1825391560420697,0.0764031784778128,X2_ALL324_FROZEN_E0,70b846e0634a8c7a17e537dfda8bd766392ef719b2eb16f6dce95537b4b710c3
DYN_HID-DISC-WEAK,SUP_DIRECT,MLP_POST_H8,16,3,0.35430717338873824,0.14326325655439034,X2_ALL324_FROZEN_E0,70b846e0634a8c7a17e537dfda8bd766392ef719b2eb16f6dce95537b4b710c3
DYN_HID-DISC-WEAK,SUP_DIRECT,MLP_POST_H8,8,3,0.3533506537967505,0.14391721037036279,X2_ALL324_FROZEN_E0,70b846e0634a8c7a17e537dfda8bd766392ef719b2eb16f6dce95537b4b710c3
DYN_HID-DISC-WEAK,SUP_DIRECT,PRED_CONT,1,3,0.17380194462720955,0.06766596706295265,X2_ALL324_FROZEN_E0,70b846e0634a8c7a17e537dfda8bd766392ef719b2eb16f6dce95537b4b710c3
DYN_HID-DISC-WEAK,SUP_DIRECT,PRED_CONT,16,3,0.45864792800303916,0.24760401116869127,X2_ALL324_FROZEN_E0,70b846e0634a8c7a17e537dfda8bd766392ef719b2eb16f6dce95537b4b710c3
DYN_HID-DISC-WEAK,SUP_DIRECT,PRED_CONT,8,3,0.459900730910139,0.2504672874837513,X2_ALL324_FROZEN_E0,70b846e0634a8c7a17e537dfda8bd766392ef719b2eb16f6dce95537b4b710c3
DYN_HID-DISC-WEAK,SUP_DIRECT,S1_SELECTED,1,3,0.11482597543521561,0.008689997870958732,X2_ALL324_FROZEN_E0,70b846e0634a8c7a17e537dfda8bd766392ef719b2eb16f6dce95537b4b710c3
DYN_HID-DISC-WEAK,SUP_DIRECT,S1_SELECTED,16,3,0.2225918789294857,0.011547962095137745,X2_ALL324_FROZEN_E0,70b846e0634a8c7a17e537dfda8bd766392ef719b2eb16f6dce95537b4b710c3
DYN_HID-DISC-WEAK,SUP_DIRECT,S1_SELECTED,8,3,0.22035897451827546,0.010925531091887727,X2_ALL324_FROZEN_E0,70b846e0634a8c7a17e537dfda8bd766392ef719b2eb16f6dce95537b4b710c3
DYN_HID-DISC-WEAK,TC,JOINT_LINUX,1,3,0.15889880389641695,0.05276282633216006,X2_ALL324_FROZEN_E0,70b846e0634a8c7a17e537dfda8bd766392ef719b2eb16f6dce95537b4b710c3
DYN_HID-DISC-WEAK,TC,JOINT_LINUX,16,3,0.27882987874986204,0.06778596191551411,X2_ALL324_FROZEN_E0,70b846e0634a8c7a17e537dfda8bd766392ef719b2eb16f6dce95537b4b710c3
DYN_HID-DISC-WEAK,TC,JOINT_LINUX,8,3,0.2742025373166337,0.06476909389024603,X2_ALL324_FROZEN_E0,70b846e0634a8c7a17e537dfda8bd766392ef719b2eb16f6dce95537b4b710c3
DYN_HID-DISC-WEAK,TC,MLP_POST_H8,1,3,0.24137485170440673,0.13523887414014987,X2_ALL324_FROZEN_E0,70b846e0634a8c7a17e537dfda8bd766392ef719b2eb16f6dce95537b4b710c3
DYN_HID-DISC-WEAK,TC,MLP_POST_H8,16,3,0.44209670428414255,0.23105278744979463,X2_ALL324_FROZEN_E0,70b846e0634a8c7a17e537dfda8bd766392ef719b2eb16f6dce95537b4b710c3
DYN_HID-DISC-WEAK,TC,MLP_POST_H8,8,3,0.43986083517903357,0.2304273917526459,X2_ALL324_FROZEN_E0,70b846e0634a8c7a17e537dfda8bd766392ef719b2eb16f6dce95537b4b710c3
DYN_HID-DISC-WEAK,TC,PRED_CONT,1,3,0.21692110234515982,0.11078512478090292,X2_ALL324_FROZEN_E0,70b846e0634a8c7a17e537dfda8bd766392ef719b2eb16f6dce95537b4b710c3
DYN_HID-DISC-WEAK,TC,PRED_CONT,16,3,0.3915826815563277,0.18053876472197974,X2_ALL324_FROZEN_E0,70b846e0634a8c7a17e537dfda8bd766392ef719b2eb16f6dce95537b4b710c3
DYN_HID-DISC-WEAK,TC,PRED_CONT,8,3,0.3933564869198724,0.18392304349348476,X2_ALL324_FROZEN_E0,70b846e0634a8c7a17e537dfda8bd766392ef719b2eb16f6dce95537b4b710c3
DYN_HID-DISC-WEAK,TC,S1_SELECTED,1,3,0.14483447697833374,0.03869849941407687,X2_ALL324_FROZEN_E0,70b846e0634a8c7a17e537dfda8bd766392ef719b2eb16f6dce95537b4b710c3
DYN_HID-DISC-WEAK,TC,S1_SELECTED,16,3,0.23320016252283227,0.022156245688484306,X2_ALL324_FROZEN_E0,70b846e0634a8c7a17e537dfda8bd766392ef719b2eb16f6dce95537b4b710c3
DYN_HID-DISC-WEAK,TC,S1_SELECTED,8,3,0.231446909098586,0.022013465672198335,X2_ALL324_FROZEN_E0,70b846e0634a8c7a17e537dfda8bd766392ef719b2eb16f6dce95537b4b710c3
DYN_HID-DISC-WEAK,XS,JOINT_LINUX,1,3,0.1882269925084726,0.08209101494421571,X2_ALL324_FROZEN_E0,70b846e0634a8c7a17e537dfda8bd766392ef719b2eb16f6dce95537b4b710c3
DYN_HID-DISC-WEAK,XS,JOINT_LINUX,16,3,0.3127387010142954,0.10169478417994739,X2_ALL324_FROZEN_E0,70b846e0634a8c7a17e537dfda8bd766392ef719b2eb16f6dce95537b4b710c3
DYN_HID-DISC-WEAK,XS,JOINT_LINUX,8,3,0.307568079943867,0.09813463651747929,X2_ALL324_FROZEN_E0,70b846e0634a8c7a17e537dfda8bd766392ef719b2eb16f6dce95537b4b710c3
DYN_HID-DISC-WEAK,XS,MLP_POST_H8,1,3,0.25928187741864106,0.15314589985438418,X2_ALL324_FROZEN_E0,70b846e0634a8c7a17e537dfda8bd766392ef719b2eb16f6dce95537b4b710c3
DYN_HID-DISC-WEAK,XS,MLP_POST_H8,16,3,0.442259921576227,0.23121600474187898,X2_ALL324_FROZEN_E0,70b846e0634a8c7a17e537dfda8bd766392ef719b2eb16f6dce95537b4b710c3
DYN_HID-DISC-WEAK,XS,MLP_POST_H8,8,3,0.43281404511107163,0.223380601684684,X2_ALL324_FROZEN_E0,70b846e0634a8c7a17e537dfda8bd766392ef719b2eb16f6dce95537b4b710c3
DYN_HID-DISC-WEAK,XS,PRED_CONT,1,3,0.2394963505934272,0.13336037302917028,X2_ALL324_FROZEN_E0,70b846e0634a8c7a17e537dfda8bd766392ef719b2eb16f6dce95537b4b710c3
DYN_HID-DISC-WEAK,XS,PRED_CONT,16,3,0.41514984696826157,0.20410593013391365,X2_ALL324_FROZEN_E0,70b846e0634a8c7a17e537dfda8bd766392ef719b2eb16f6dce95537b4b710c3
DYN_HID-DISC-WEAK,XS,PRED_CONT,8,3,0.40739060744590344,0.19795716401951577,X2_ALL324_FROZEN_E0,70b846e0634a8c7a17e537dfda8bd766392ef719b2eb16f6dce95537b4b710c3
DYN_HID-DISC-WEAK,XS,S1_SELECTED,1,3,0.17465111162559097,0.0685151340613341,X2_ALL324_FROZEN_E0,70b846e0634a8c7a17e537dfda8bd766392ef719b2eb16f6dce95537b4b710c3
DYN_HID-DISC-WEAK,XS,S1_SELECTED,16,3,0.2476603855137708,0.03661646867942283,X2_ALL324_FROZEN_E0,70b846e0634a8c7a17e537dfda8bd766392ef719b2eb16f6dce95537b4b710c3
DYN_HID-DISC-WEAK,XS,S1_SELECTED,8,3,0.24640467416452239,0.03697123073813472,X2_ALL324_FROZEN_E0,70b846e0634a8c7a17e537dfda8bd766392ef719b2eb16f6dce95537b4b710c3
DYN_HID-GAUSS-STRONG,EP,JOINT_LINUX,1,3,0.49319804361536806,0.374432621913179,X2_ALL324_FROZEN_E0,70b846e0634a8c7a17e537dfda8bd766392ef719b2eb16f6dce95537b4b710c3
DYN_HID-GAUSS-STRONG,EP,JOINT_LINUX,16,3,0.8576107159423638,0.6199051226343816,X2_ALL324_FROZEN_E0,70b846e0634a8c7a17e537dfda8bd766392ef719b2eb16f6dce95537b4b710c3
DYN_HID-GAUSS-STRONG,EP,JOINT_LINUX,8,3,0.747886465417681,0.5143720757902875,X2_ALL324_FROZEN_E0,70b846e0634a8c7a17e537dfda8bd766392ef719b2eb16f6dce95537b4b710c3
DYN_HID-GAUSS-STRONG,EP,MLP_POST_H8,1,3,0.5980927944021603,0.4793273726999712,X2_ALL324_FROZEN_E0,70b846e0634a8c7a17e537dfda8bd766392ef719b2eb16f6dce95537b4b710c3
DYN_HID-GAUSS-STRONG,EP,MLP_POST_H8,16,3,0.9248226598703265,0.6871170665623443,X2_ALL324_FROZEN_E0,70b846e0634a8c7a17e537dfda8bd766392ef719b2eb16f6dce95537b4b710c3
DYN_HID-GAUSS-STRONG,EP,MLP_POST_H8,8,3,0.8619397259276752,0.6284253363002817,X2_ALL324_FROZEN_E0,70b846e0634a8c7a17e537dfda8bd766392ef719b2eb16f6dce95537b4b710c3
DYN_HID-GAUSS-STRONG,EP,PRED_CONT,1,3,0.535963680551584,0.41719825884939493,X2_ALL324_FROZEN_E0,70b846e0634a8c7a17e537dfda8bd766392ef719b2eb16f6dce95537b4b710c3
DYN_HID-GAUSS-STRONG,EP,PRED_CONT,16,3,0.9069244519213839,0.6692188586134019,X2_ALL324_FROZEN_E0,70b846e0634a8c7a17e537dfda8bd766392ef719b2eb16f6dce95537b4b710c3
DYN_HID-GAUSS-STRONG,EP,PRED_CONT,8,3,0.8095742624102878,0.5760598727828943,X2_ALL324_FROZEN_E0,70b846e0634a8c7a17e537dfda8bd766392ef719b2eb16f6dce95537b4b710c3
DYN_HID-GAUSS-STRONG,EP,S1_SELECTED,1,3,0.5015663616100231,0.382800939907834,X2_ALL324_FROZEN_E0,70b846e0634a8c7a17e537dfda8bd766392ef719b2eb16f6dce95537b4b710c3
DYN_HID-GAUSS-STRONG,EP,S1_SELECTED,16,3,0.61309780820604,0.3753922148980578,X2_ALL324_FROZEN_E0,70b846e0634a8c7a17e537dfda8bd766392ef719b2eb16f6dce95537b4b710c3
DYN_HID-GAUSS-STRONG,EP,S1_SELECTED,8,3,0.6027954004643954,0.3692810108370019,X2_ALL324_FROZEN_E0,70b846e0634a8c7a17e537dfda8bd766392ef719b2eb16f6dce95537b4b710c3
DYN_HID-GAUSS-STRONG,EP_SHUF,JOINT_LINUX,1,3,0.2749787172414926,0.1562132955393035,X2_ALL324_FROZEN_E0,70b846e0634a8c7a17e537dfda8bd766392ef719b2eb16f6dce95537b4b710c3
DYN_HID-GAUSS-STRONG,EP_SHUF,JOINT_LINUX,16,3,0.6316726511166103,0.3939670578086281,X2_ALL324_FROZEN_E0,70b846e0634a8c7a17e537dfda8bd766392ef719b2eb16f6dce95537b4b710c3
DYN_HID-GAUSS-STRONG,EP_SHUF,JOINT_LINUX,8,3,0.5338803459465887,0.3003659563191952,X2_ALL324_FROZEN_E0,70b846e0634a8c7a17e537dfda8bd766392ef719b2eb16f6dce95537b4b710c3
DYN_HID-GAUSS-STRONG,EP_SHUF,MLP_POST_H8,1,3,0.40270197983879585,0.2839365581366068,X2_ALL324_FROZEN_E0,70b846e0634a8c7a17e537dfda8bd766392ef719b2eb16f6dce95537b4b710c3
DYN_HID-GAUSS-STRONG,EP_SHUF,MLP_POST_H8,16,3,0.7938054684280971,0.5560998751201148,X2_ALL324_FROZEN_E0,70b846e0634a8c7a17e537dfda8bd766392ef719b2eb16f6dce95537b4b710c3
DYN_HID-GAUSS-STRONG,EP_SHUF,MLP_POST_H8,8,3,0.6897018962702625,0.45618750664286906,X2_ALL324_FROZEN_E0,70b846e0634a8c7a17e537dfda8bd766392ef719b2eb16f6dce95537b4b710c3
DYN_HID-GAUSS-STRONG,EP_SHUF,PRED_CONT,1,3,0.32972707384607536,0.2109616521438863,X2_ALL324_FROZEN_E0,70b846e0634a8c7a17e537dfda8bd766392ef719b2eb16f6dce95537b4b710c3
DYN_HID-GAUSS-STRONG,EP_SHUF,PRED_CONT,16,3,0.766444082610949,0.5287384893029667,X2_ALL324_FROZEN_E0,70b846e0634a8c7a17e537dfda8bd766392ef719b2eb16f6dce95537b4b710c3
DYN_HID-GAUSS-STRONG,EP_SHUF,PRED_CONT,8,3,0.6401968913658865,0.40668250173849296,X2_ALL324_FROZEN_E0,70b846e0634a8c7a17e537dfda8bd766392ef719b2eb16f6dce95537b4b710c3
DYN_HID-GAUSS-STRONG,EP_SHUF,S1_SELECTED,1,3,0.24725352368903866,0.12848810198684957,X2_ALL324_FROZEN_E0,70b846e0634a8c7a17e537dfda8bd766392ef719b2eb16f6dce95537b4b710c3
DYN_HID-GAUSS-STRONG,EP_SHUF,S1_SELECTED,16,3,0.38375025545010705,0.14604466214212475,X2_ALL324_FROZEN_E0,70b846e0634a8c7a17e537dfda8bd766392ef719b2eb16f6dce95537b4b710c3
DYN_HID-GAUSS-STRONG,EP_SHUF,S1_SELECTED,8,3,0.3785475398592324,0.1450331502318389,X2_ALL324_FROZEN_E0,70b846e0634a8c7a17e537dfda8bd766392ef719b2eb16f6dce95537b4b710c3
DYN_HID-GAUSS-STRONG,NO_REG,JOINT_LINUX,1,3,2.185655410935357,2.066889989233168,X2_ALL324_FROZEN_E0,70b846e0634a8c7a17e537dfda8bd766392ef719b2eb16f6dce95537b4b710c3
DYN_HID-GAUSS-STRONG,NO_REG,JOINT_LINUX,16,3,2.1727821080448293,1.9350765147368467,X2_ALL324_FROZEN_E0,70b846e0634a8c7a17e537dfda8bd766392ef719b2eb16f6dce95537b4b710c3
DYN_HID-GAUSS-STRONG,NO_REG,JOINT_LINUX,8,3,2.163998085562223,1.9304836959348293,X2_ALL324_FROZEN_E0,70b846e0634a8c7a17e537dfda8bd766392ef719b2eb16f6dce95537b4b710c3
DYN_HID-GAUSS-STRONG,NO_REG,MLP_POST_H8,1,3,2.1193237954771655,2.0005583737749766,X2_ALL324_FROZEN_E0,70b846e0634a8c7a17e537dfda8bd766392ef719b2eb16f6dce95537b4b710c3
DYN_HID-GAUSS-STRONG,NO_REG,MLP_POST_H8,16,3,2.1156797142774404,1.8779741209694578,X2_ALL324_FROZEN_E0,70b846e0634a8c7a17e537dfda8bd766392ef719b2eb16f6dce95537b4b710c3
DYN_HID-GAUSS-STRONG,NO_REG,MLP_POST_H8,8,3,2.104902101506345,1.8713877118789515,X2_ALL324_FROZEN_E0,70b846e0634a8c7a17e537dfda8bd766392ef719b2eb16f6dce95537b4b710c3
DYN_HID-GAUSS-STRONG,NO_REG,PRED_CONT,1,3,2.1252030380831015,2.006437616380912,X2_ALL324_FROZEN_E0,70b846e0634a8c7a17e537dfda8bd766392ef719b2eb16f6dce95537b4b710c3
DYN_HID-GAUSS-STRONG,NO_REG,PRED_CONT,16,3,2.112628498199114,1.8749229048911318,X2_ALL324_FROZEN_E0,70b846e0634a8c7a17e537dfda8bd766392ef719b2eb16f6dce95537b4b710c3
DYN_HID-GAUSS-STRONG,NO_REG,PRED_CONT,8,3,2.104536187076634,1.8710217974492407,X2_ALL324_FROZEN_E0,70b846e0634a8c7a17e537dfda8bd766392ef719b2eb16f6dce95537b4b710c3
DYN_HID-GAUSS-STRONG,NO_REG,S1_SELECTED,1,3,2.143985991377011,2.0252205696748216,X2_ALL324_FROZEN_E0,70b846e0634a8c7a17e537dfda8bd766392ef719b2eb16f6dce95537b4b710c3
DYN_HID-GAUSS-STRONG,NO_REG,S1_SELECTED,16,3,2.1341908915013255,1.8964852981933433,X2_ALL324_FROZEN_E0,70b846e0634a8c7a17e537dfda8bd766392ef719b2eb16f6dce95537b4b710c3
DYN_HID-GAUSS-STRONG,NO_REG,S1_SELECTED,8,3,2.1258361550645275,1.8923217654371338,X2_ALL324_FROZEN_E0,70b846e0634a8c7a17e537dfda8bd766392ef719b2eb16f6dce95537b4b710c3
DYN_HID-GAUSS-STRONG,POOL,JOINT_LINUX,1,3,0.25996783457102746,0.14120241286883836,X2_ALL324_FROZEN_E0,70b846e0634a8c7a17e537dfda8bd766392ef719b2eb16f6dce95537b4b710c3
DYN_HID-GAUSS-STRONG,POOL,JOINT_LINUX,16,3,0.609476543169279,0.3717709498612969,X2_ALL324_FROZEN_E0,70b846e0634a8c7a17e537dfda8bd766392ef719b2eb16f6dce95537b4b710c3
DYN_HID-GAUSS-STRONG,POOL,JOINT_LINUX,8,3,0.5152048425309547,0.28169045290356115,X2_ALL324_FROZEN_E0,70b846e0634a8c7a17e537dfda8bd766392ef719b2eb16f6dce95537b4b710c3
DYN_HID-GAUSS-STRONG,POOL,MLP_POST_H8,1,3,0.3848435351810798,0.26607811347889077,X2_ALL324_FROZEN_E0,70b846e0634a8c7a17e537dfda8bd766392ef719b2eb16f6dce95537b4b710c3
DYN_HID-GAUSS-STRONG,POOL,MLP_POST_H8,16,3,0.7706280436786864,0.5329224503707043,X2_ALL324_FROZEN_E0,70b846e0634a8c7a17e537dfda8bd766392ef719b2eb16f6dce95537b4b710c3
DYN_HID-GAUSS-STRONG,POOL,MLP_POST_H8,8,3,0.6724134464239025,0.43889905679650904,X2_ALL324_FROZEN_E0,70b846e0634a8c7a17e537dfda8bd766392ef719b2eb16f6dce95537b4b710c3
DYN_HID-GAUSS-STRONG,POOL,PRED_CONT,1,3,0.3146746387426686,0.19590921704047956,X2_ALL324_FROZEN_E0,70b846e0634a8c7a17e537dfda8bd766392ef719b2eb16f6dce95537b4b710c3
DYN_HID-GAUSS-STRONG,POOL,PRED_CONT,16,3,0.7405203173561518,0.5028147240481695,X2_ALL324_FROZEN_E0,70b846e0634a8c7a17e537dfda8bd766392ef719b2eb16f6dce95537b4b710c3
DYN_HID-GAUSS-STRONG,POOL,PRED_CONT,8,3,0.6247108636605484,0.391196474033155,X2_ALL324_FROZEN_E0,70b846e0634a8c7a17e537dfda8bd766392ef719b2eb16f6dce95537b4b710c3
DYN_HID-GAUSS-STRONG,POOL,S1_SELECTED,1,3,0.23147107291817692,0.11270565121598787,X2_ALL324_FROZEN_E0,70b846e0634a8c7a17e537dfda8bd766392ef719b2eb16f6dce95537b4b710c3
DYN_HID-GAUSS-STRONG,POOL,S1_SELECTED,16,3,0.37021202657080615,0.132506433262824,X2_ALL324_FROZEN_E0,70b846e0634a8c7a17e537dfda8bd766392ef719b2eb16f6dce95537b4b710c3
DYN_HID-GAUSS-STRONG,POOL,S1_SELECTED,8,3,0.36492731693720676,0.13141292730981327,X2_ALL324_FROZEN_E0,70b846e0634a8c7a17e537dfda8bd766392ef719b2eb16f6dce95537b4b710c3
DYN_HID-GAUSS-STRONG,SMX_B,JOINT_LINUX,1,3,0.2777104251100792,0.15894500340789006,X2_ALL324_FROZEN_E0,70b846e0634a8c7a17e537dfda8bd766392ef719b2eb16f6dce95537b4b710c3
DYN_HID-GAUSS-STRONG,SMX_B,JOINT_LINUX,16,3,0.6193216586089836,0.3816160653010014,X2_ALL324_FROZEN_E0,70b846e0634a8c7a17e537dfda8bd766392ef719b2eb16f6dce95537b4b710c3
DYN_HID-GAUSS-STRONG,SMX_B,JOINT_LINUX,8,3,0.5260293494037077,0.29251495977631425,X2_ALL324_FROZEN_E0,70b846e0634a8c7a17e537dfda8bd766392ef719b2eb16f6dce95537b4b710c3
DYN_HID-GAUSS-STRONG,SMX_B,MLP_POST_H8,1,3,0.4247707364365971,0.3060053147344079,X2_ALL324_FROZEN_E0,70b846e0634a8c7a17e537dfda8bd766392ef719b2eb16f6dce95537b4b710c3
DYN_HID-GAUSS-STRONG,SMX_B,MLP_POST_H8,16,3,0.7943900784513359,0.5566844851433537,X2_ALL324_FROZEN_E0,70b846e0634a8c7a17e537dfda8bd766392ef719b2eb16f6dce95537b4b710c3
DYN_HID-GAUSS-STRONG,SMX_B,MLP_POST_H8,8,3,0.7102191682901043,0.4767047786627107,X2_ALL324_FROZEN_E0,70b846e0634a8c7a17e537dfda8bd766392ef719b2eb16f6dce95537b4b710c3
DYN_HID-GAUSS-STRONG,SMX_B,PRED_CONT,1,3,0.33573779121656067,0.2169723695143715,X2_ALL324_FROZEN_E0,70b846e0634a8c7a17e537dfda8bd766392ef719b2eb16f6dce95537b4b710c3
DYN_HID-GAUSS-STRONG,SMX_B,PRED_CONT,16,3,0.7710959183118774,0.533390325003895,X2_ALL324_FROZEN_E0,70b846e0634a8c7a17e537dfda8bd766392ef719b2eb16f6dce95537b4b710c3
DYN_HID-GAUSS-STRONG,SMX_B,PRED_CONT,8,3,0.6579839971881231,0.4244696075607295,X2_ALL324_FROZEN_E0,70b846e0634a8c7a17e537dfda8bd766392ef719b2eb16f6dce95537b4b710c3
DYN_HID-GAUSS-STRONG,SMX_B,S1_SELECTED,1,3,0.2779190692246141,0.15915364752242497,X2_ALL324_FROZEN_E0,70b846e0634a8c7a17e537dfda8bd766392ef719b2eb16f6dce95537b4b710c3
DYN_HID-GAUSS-STRONG,SMX_B,S1_SELECTED,16,3,0.43798744669408096,0.20028185338609872,X2_ALL324_FROZEN_E0,70b846e0634a8c7a17e537dfda8bd766392ef719b2eb16f6dce95537b4b710c3
DYN_HID-GAUSS-STRONG,SMX_B,S1_SELECTED,8,3,0.4339674149090495,0.20045302528165587,X2_ALL324_FROZEN_E0,70b846e0634a8c7a17e537dfda8bd766392ef719b2eb16f6dce95537b4b710c3
DYN_HID-GAUSS-STRONG,SM_B,JOINT_LINUX,1,3,0.24841779209397827,0.12965237039178917,X2_ALL324_FROZEN_E0,70b846e0634a8c7a17e537dfda8bd766392ef719b2eb16f6dce95537b4b710c3
DYN_HID-GAUSS-STRONG,SM_B,JOINT_LINUX,16,3,0.5912881962750306,0.3535826029670484,X2_ALL324_FROZEN_E0,70b846e0634a8c7a17e537dfda8bd766392ef719b2eb16f6dce95537b4b710c3
DYN_HID-GAUSS-STRONG,SM_B,JOINT_LINUX,8,3,0.4994537739223808,0.2659393842949873,X2_ALL324_FROZEN_E0,70b846e0634a8c7a17e537dfda8bd766392ef719b2eb16f6dce95537b4b710c3
DYN_HID-GAUSS-STRONG,SM_B,MLP_POST_H8,1,3,0.3564323411746872,0.2376669194724981,X2_ALL324_FROZEN_E0,70b846e0634a8c7a17e537dfda8bd766392ef719b2eb16f6dce95537b4b710c3
DYN_HID-GAUSS-STRONG,SM_B,MLP_POST_H8,16,3,0.7275309476198529,0.4898253543118707,X2_ALL324_FROZEN_E0,70b846e0634a8c7a17e537dfda8bd766392ef719b2eb16f6dce95537b4b710c3
DYN_HID-GAUSS-STRONG,SM_B,MLP_POST_H8,8,3,0.6337719421027013,0.40025755247530775,X2_ALL324_FROZEN_E0,70b846e0634a8c7a17e537dfda8bd766392ef719b2eb16f6dce95537b4b710c3
DYN_HID-GAUSS-STRONG,SM_B,PRED_CONT,1,3,0.3121063499181947,0.1933409282160056,X2_ALL324_FROZEN_E0,70b846e0634a8c7a17e537dfda8bd766392ef719b2eb16f6dce95537b4b710c3
DYN_HID-GAUSS-STRONG,SM_B,PRED_CONT,16,3,0.7513472673380446,0.5136416740300626,X2_ALL324_FROZEN_E0,70b846e0634a8c7a17e537dfda8bd766392ef719b2eb16f6dce95537b4b710c3
DYN_HID-GAUSS-STRONG,SM_B,PRED_CONT,8,3,0.6194672855573541,0.3859528959299605,X2_ALL324_FROZEN_E0,70b846e0634a8c7a17e537dfda8bd766392ef719b2eb16f6dce95537b4b710c3
DYN_HID-GAUSS-STRONG,SM_B,S1_SELECTED,1,3,0.22027761413692123,0.10151219243473214,X2_ALL324_FROZEN_E0,70b846e0634a8c7a17e537dfda8bd766392ef719b2eb16f6dce95537b4b710c3
DYN_HID-GAUSS-STRONG,SM_B,S1_SELECTED,16,3,0.36069193705183716,0.12298634374385509,X2_ALL324_FROZEN_E0,70b846e0634a8c7a17e537dfda8bd766392ef719b2eb16f6dce95537b4b710c3
DYN_HID-GAUSS-STRONG,SM_B,S1_SELECTED,8,3,0.3522615408980463,0.11874715127065277,X2_ALL324_FROZEN_E0,70b846e0634a8c7a17e537dfda8bd766392ef719b2eb16f6dce95537b4b710c3
DYN_HID-GAUSS-STRONG,SUP_DIRECT,JOINT_LINUX,1,3,0.241449345662565,0.1226839239603759,X2_ALL324_FROZEN_E0,70b846e0634a8c7a17e537dfda8bd766392ef719b2eb16f6dce95537b4b710c3
DYN_HID-GAUSS-STRONG,SUP_DIRECT,JOINT_LINUX,16,3,0.44576917808752503,0.20806358477954287,X2_ALL324_FROZEN_E0,70b846e0634a8c7a17e537dfda8bd766392ef719b2eb16f6dce95537b4b710c3
DYN_HID-GAUSS-STRONG,SUP_DIRECT,JOINT_LINUX,8,3,0.4499094965046311,0.21639510687723762,X2_ALL324_FROZEN_E0,70b846e0634a8c7a17e537dfda8bd766392ef719b2eb16f6dce95537b4b710c3
DYN_HID-GAUSS-STRONG,SUP_DIRECT,MLP_POST_H8,1,3,0.30173282268732077,0.18296740098513167,X2_ALL324_FROZEN_E0,70b846e0634a8c7a17e537dfda8bd766392ef719b2eb16f6dce95537b4b710c3
DYN_HID-GAUSS-STRONG,SUP_DIRECT,MLP_POST_H8,16,3,0.6536254529276018,0.41591985961961947,X2_ALL324_FROZEN_E0,70b846e0634a8c7a17e537dfda8bd766392ef719b2eb16f6dce95537b4b710c3
DYN_HID-GAUSS-STRONG,SUP_DIRECT,MLP_POST_H8,8,3,0.5643831128365625,0.330868723209169,X2_ALL324_FROZEN_E0,70b846e0634a8c7a17e537dfda8bd766392ef719b2eb16f6dce95537b4b710c3
DYN_HID-GAUSS-STRONG,SUP_DIRECT,PRED_CONT,1,3,0.2586687757885153,0.13990335408632623,X2_ALL324_FROZEN_E0,70b846e0634a8c7a17e537dfda8bd766392ef719b2eb16f6dce95537b4b710c3
DYN_HID-GAUSS-STRONG,SUP_DIRECT,PRED_CONT,16,3,0.588749008773006,0.35104341546502377,X2_ALL324_FROZEN_E0,70b846e0634a8c7a17e537dfda8bd766392ef719b2eb16f6dce95537b4b710c3
DYN_HID-GAUSS-STRONG,SUP_DIRECT,PRED_CONT,8,3,0.5850181321597271,0.3515037425323335,X2_ALL324_FROZEN_E0,70b846e0634a8c7a17e537dfda8bd766392ef719b2eb16f6dce95537b4b710c3
DYN_HID-GAUSS-STRONG,SUP_DIRECT,S1_SELECTED,1,3,0.1956338253698191,0.07686840366763002,X2_ALL324_FROZEN_E0,70b846e0634a8c7a17e537dfda8bd766392ef719b2eb16f6dce95537b4b710c3
DYN_HID-GAUSS-STRONG,SUP_DIRECT,S1_SELECTED,16,3,0.34015605577813285,0.10245046247015062,X2_ALL324_FROZEN_E0,70b846e0634a8c7a17e537dfda8bd766392ef719b2eb16f6dce95537b4b710c3
DYN_HID-GAUSS-STRONG,SUP_DIRECT,S1_SELECTED,8,3,0.3321391209660635,0.09862473133867,X2_ALL324_FROZEN_E0,70b846e0634a8c7a17e537dfda8bd766392ef719b2eb16f6dce95537b4b710c3
DYN_HID-GAUSS-STRONG,TC,JOINT_LINUX,1,3,0.24165646601170807,0.12289104430951896,X2_ALL324_FROZEN_E0,70b846e0634a8c7a17e537dfda8bd766392ef719b2eb16f6dce95537b4b710c3
DYN_HID-GAUSS-STRONG,TC,JOINT_LINUX,16,3,0.593010779027889,0.3553051857199068,X2_ALL324_FROZEN_E0,70b846e0634a8c7a17e537dfda8bd766392ef719b2eb16f6dce95537b4b710c3
DYN_HID-GAUSS-STRONG,TC,JOINT_LINUX,8,3,0.49116947129446187,0.25765508166706835,X2_ALL324_FROZEN_E0,70b846e0634a8c7a17e537dfda8bd766392ef719b2eb16f6dce95537b4b710c3
DYN_HID-GAUSS-STRONG,TC,MLP_POST_H8,1,3,0.35634167832381697,0.23757625662162787,X2_ALL324_FROZEN_E0,70b846e0634a8c7a17e537dfda8bd766392ef719b2eb16f6dce95537b4b710c3
DYN_HID-GAUSS-STRONG,TC,MLP_POST_H8,16,3,0.7319980881508531,0.494292494842871,X2_ALL324_FROZEN_E0,70b846e0634a8c7a17e537dfda8bd766392ef719b2eb16f6dce95537b4b710c3
DYN_HID-GAUSS-STRONG,TC,MLP_POST_H8,8,3,0.6336900263643491,0.4001756367369557,X2_ALL324_FROZEN_E0,70b846e0634a8c7a17e537dfda8bd766392ef719b2eb16f6dce95537b4b710c3
DYN_HID-GAUSS-STRONG,TC,PRED_CONT,1,3,0.30677857446776197,0.18801315276557287,X2_ALL324_FROZEN_E0,70b846e0634a8c7a17e537dfda8bd766392ef719b2eb16f6dce95537b4b710c3
DYN_HID-GAUSS-STRONG,TC,PRED_CONT,16,3,0.7458004900677513,0.508094896759769,X2_ALL324_FROZEN_E0,70b846e0634a8c7a17e537dfda8bd766392ef719b2eb16f6dce95537b4b710c3
DYN_HID-GAUSS-STRONG,TC,PRED_CONT,8,3,0.6213192227141301,0.3878048330867365,X2_ALL324_FROZEN_E0,70b846e0634a8c7a17e537dfda8bd766392ef719b2eb16f6dce95537b4b710c3
DYN_HID-GAUSS-STRONG,TC,S1_SELECTED,1,3,0.20972810550898421,0.09096268380679506,X2_ALL324_FROZEN_E0,70b846e0634a8c7a17e537dfda8bd766392ef719b2eb16f6dce95537b4b710c3
DYN_HID-GAUSS-STRONG,TC,S1_SELECTED,16,3,0.3481135861268321,0.11040799281884993,X2_ALL324_FROZEN_E0,70b846e0634a8c7a17e537dfda8bd766392ef719b2eb16f6dce95537b4b710c3
DYN_HID-GAUSS-STRONG,TC,S1_SELECTED,8,3,0.34285065483857985,0.10933626521118626,X2_ALL324_FROZEN_E0,70b846e0634a8c7a17e537dfda8bd766392ef719b2eb16f6dce95537b4b710c3
DYN_HID-GAUSS-STRONG,XS,JOINT_LINUX,1,3,0.27195479380786897,0.15318937210567987,X2_ALL324_FROZEN_E0,70b846e0634a8c7a17e537dfda8bd766392ef719b2eb16f6dce95537b4b710c3
DYN_HID-GAUSS-STRONG,XS,JOINT_LINUX,16,3,0.627019446153149,0.3893138528451668,X2_ALL324_FROZEN_E0,70b846e0634a8c7a17e537dfda8bd766392ef719b2eb16f6dce95537b4b710c3
DYN_HID-GAUSS-STRONG,XS,JOINT_LINUX,8,3,0.5302505366433253,0.2967361470159318,X2_ALL324_FROZEN_E0,70b846e0634a8c7a17e537dfda8bd766392ef719b2eb16f6dce95537b4b710c3
DYN_HID-GAUSS-STRONG,XS,MLP_POST_H8,1,3,0.4090123527006399,0.2902469309984508,X2_ALL324_FROZEN_E0,70b846e0634a8c7a17e537dfda8bd766392ef719b2eb16f6dce95537b4b710c3
DYN_HID-GAUSS-STRONG,XS,MLP_POST_H8,16,3,0.7925057139483841,0.5548001206404019,X2_ALL324_FROZEN_E0,70b846e0634a8c7a17e537dfda8bd766392ef719b2eb16f6dce95537b4b710c3
DYN_HID-GAUSS-STRONG,XS,MLP_POST_H8,8,3,0.6967077451388697,0.4631933555114762,X2_ALL324_FROZEN_E0,70b846e0634a8c7a17e537dfda8bd766392ef719b2eb16f6dce95537b4b710c3
DYN_HID-GAUSS-STRONG,XS,PRED_CONT,1,3,0.3266444169611526,0.20787899525896344,X2_ALL324_FROZEN_E0,70b846e0634a8c7a17e537dfda8bd766392ef719b2eb16f6dce95537b4b710c3
DYN_HID-GAUSS-STRONG,XS,PRED_CONT,16,3,0.7716744622971987,0.5339688689892165,X2_ALL324_FROZEN_E0,70b846e0634a8c7a17e537dfda8bd766392ef719b2eb16f6dce95537b4b710c3
DYN_HID-GAUSS-STRONG,XS,PRED_CONT,8,3,0.6383016542756027,0.40478726464820913,X2_ALL324_FROZEN_E0,70b846e0634a8c7a17e537dfda8bd766392ef719b2eb16f6dce95537b4b710c3
DYN_HID-GAUSS-STRONG,XS,S1_SELECTED,1,3,0.24419807246514968,0.12543265076296053,X2_ALL324_FROZEN_E0,70b846e0634a8c7a17e537dfda8bd766392ef719b2eb16f6dce95537b4b710c3
DYN_HID-GAUSS-STRONG,XS,S1_SELECTED,16,3,0.38003532212299646,0.1423297288150143,X2_ALL324_FROZEN_E0,70b846e0634a8c7a17e537dfda8bd766392ef719b2eb16f6dce95537b4b710c3
DYN_HID-GAUSS-STRONG,XS,S1_SELECTED,8,3,0.3751592589797664,0.1416448693523729,X2_ALL324_FROZEN_E0,70b846e0634a8c7a17e537dfda8bd766392ef719b2eb16f6dce95537b4b710c3
DYN_HID-GAUSS-WEAK,EP,JOINT_LINUX,1,3,0.17793186331798339,0.0668604717371694,X2_ALL324_FROZEN_E0,70b846e0634a8c7a17e537dfda8bd766392ef719b2eb16f6dce95537b4b710c3
DYN_HID-GAUSS-WEAK,EP,JOINT_LINUX,16,3,0.29920730220891806,0.08781610593865452,X2_ALL324_FROZEN_E0,70b846e0634a8c7a17e537dfda8bd766392ef719b2eb16f6dce95537b4b710c3
DYN_HID-GAUSS-WEAK,EP,JOINT_LINUX,8,3,0.29703138059267375,0.08792628654842329,X2_ALL324_FROZEN_E0,70b846e0634a8c7a17e537dfda8bd766392ef719b2eb16f6dce95537b4b710c3
DYN_HID-GAUSS-WEAK,EP,MLP_POST_H8,1,3,0.2529287828716159,0.1418573912908019,X2_ALL324_FROZEN_E0,70b846e0634a8c7a17e537dfda8bd766392ef719b2eb16f6dce95537b4b710c3
DYN_HID-GAUSS-WEAK,EP,MLP_POST_H8,16,3,0.4541496566466969,0.2427584603764333,X2_ALL324_FROZEN_E0,70b846e0634a8c7a17e537dfda8bd766392ef719b2eb16f6dce95537b4b710c3
DYN_HID-GAUSS-WEAK,EP,MLP_POST_H8,8,3,0.45098135369734327,0.2418762596530928,X2_ALL324_FROZEN_E0,70b846e0634a8c7a17e537dfda8bd766392ef719b2eb16f6dce95537b4b710c3
DYN_HID-GAUSS-WEAK,EP,PRED_CONT,1,3,0.22049279269803793,0.10942140111722391,X2_ALL324_FROZEN_E0,70b846e0634a8c7a17e537dfda8bd766392ef719b2eb16f6dce95537b4b710c3
DYN_HID-GAUSS-WEAK,EP,PRED_CONT,16,3,0.3757450698902664,0.16435387362000284,X2_ALL324_FROZEN_E0,70b846e0634a8c7a17e537dfda8bd766392ef719b2eb16f6dce95537b4b710c3
DYN_HID-GAUSS-WEAK,EP,PRED_CONT,8,3,0.37375196417579276,0.1646468701315424,X2_ALL324_FROZEN_E0,70b846e0634a8c7a17e537dfda8bd766392ef719b2eb16f6dce95537b4b710c3
DYN_HID-GAUSS-WEAK,EP,S1_SELECTED,1,3,0.16634279863753945,0.05527140705672547,X2_ALL324_FROZEN_E0,70b846e0634a8c7a17e537dfda8bd766392ef719b2eb16f6dce95537b4b710c3
DYN_HID-GAUSS-WEAK,EP,S1_SELECTED,16,3,0.24653754920394963,0.035146352933686086,X2_ALL324_FROZEN_E0,70b846e0634a8c7a17e537dfda8bd766392ef719b2eb16f6dce95537b4b710c3
DYN_HID-GAUSS-WEAK,EP,S1_SELECTED,8,3,0.24450364060513208,0.03539854656088164,X2_ALL324_FROZEN_E0,70b846e0634a8c7a17e537dfda8bd766392ef719b2eb16f6dce95537b4b710c3
DYN_HID-GAUSS-WEAK,EP_SHUF,JOINT_LINUX,1,3,0.18826387097835942,0.07719247939754544,X2_ALL324_FROZEN_E0,70b846e0634a8c7a17e537dfda8bd766392ef719b2eb16f6dce95537b4b710c3
DYN_HID-GAUSS-WEAK,EP_SHUF,JOINT_LINUX,16,3,0.3078741680189137,0.09648297174865024,X2_ALL324_FROZEN_E0,70b846e0634a8c7a17e537dfda8bd766392ef719b2eb16f6dce95537b4b710c3
DYN_HID-GAUSS-WEAK,EP_SHUF,JOINT_LINUX,8,3,0.3058841934082974,0.09677909936404701,X2_ALL324_FROZEN_E0,70b846e0634a8c7a17e537dfda8bd766392ef719b2eb16f6dce95537b4b710c3
DYN_HID-GAUSS-WEAK,EP_SHUF,MLP_POST_H8,1,3,0.2517310819041967,0.14065969032338274,X2_ALL324_FROZEN_E0,70b846e0634a8c7a17e537dfda8bd766392ef719b2eb16f6dce95537b4b710c3
DYN_HID-GAUSS-WEAK,EP_SHUF,MLP_POST_H8,16,3,0.4411560416573887,0.22976484538712524,X2_ALL324_FROZEN_E0,70b846e0634a8c7a17e537dfda8bd766392ef719b2eb16f6dce95537b4b710c3
DYN_HID-GAUSS-WEAK,EP_SHUF,MLP_POST_H8,8,3,0.4377139507132197,0.22860885666896927,X2_ALL324_FROZEN_E0,70b846e0634a8c7a17e537dfda8bd766392ef719b2eb16f6dce95537b4b710c3
DYN_HID-GAUSS-WEAK,EP_SHUF,PRED_CONT,1,3,0.24622278299221104,0.1351513914113971,X2_ALL324_FROZEN_E0,70b846e0634a8c7a17e537dfda8bd766392ef719b2eb16f6dce95537b4b710c3
DYN_HID-GAUSS-WEAK,EP_SHUF,PRED_CONT,16,3,0.4138324769389851,0.2024412806687216,X2_ALL324_FROZEN_E0,70b846e0634a8c7a17e537dfda8bd766392ef719b2eb16f6dce95537b4b710c3
DYN_HID-GAUSS-WEAK,EP_SHUF,PRED_CONT,8,3,0.4116285734082181,0.20252347936396772,X2_ALL324_FROZEN_E0,70b846e0634a8c7a17e537dfda8bd766392ef719b2eb16f6dce95537b4b710c3
DYN_HID-GAUSS-WEAK,EP_SHUF,S1_SELECTED,1,3,0.1746283824255459,0.06355699084473192,X2_ALL324_FROZEN_E0,70b846e0634a8c7a17e537dfda8bd766392ef719b2eb16f6dce95537b4b710c3
DYN_HID-GAUSS-WEAK,EP_SHUF,S1_SELECTED,16,3,0.2472873228583928,0.03589612658812929,X2_ALL324_FROZEN_E0,70b846e0634a8c7a17e537dfda8bd766392ef719b2eb16f6dce95537b4b710c3
DYN_HID-GAUSS-WEAK,EP_SHUF,S1_SELECTED,8,3,0.2456124633332988,0.03650736928904838,X2_ALL324_FROZEN_E0,70b846e0634a8c7a17e537dfda8bd766392ef719b2eb16f6dce95537b4b710c3
DYN_HID-GAUSS-WEAK,NO_REG,JOINT_LINUX,1,3,1.6519062673391394,1.5408348757583255,X2_ALL324_FROZEN_E0,70b846e0634a8c7a17e537dfda8bd766392ef719b2eb16f6dce95537b4b710c3
DYN_HID-GAUSS-WEAK,NO_REG,JOINT_LINUX,16,3,1.6417135040978204,1.4303223078275569,X2_ALL324_FROZEN_E0,70b846e0634a8c7a17e537dfda8bd766392ef719b2eb16f6dce95537b4b710c3
DYN_HID-GAUSS-WEAK,NO_REG,JOINT_LINUX,8,3,1.6740589851783791,1.4649538911341287,X2_ALL324_FROZEN_E0,70b846e0634a8c7a17e537dfda8bd766392ef719b2eb16f6dce95537b4b710c3
DYN_HID-GAUSS-WEAK,NO_REG,MLP_POST_H8,1,3,1.6207657285667452,1.5096943369859313,X2_ALL324_FROZEN_E0,70b846e0634a8c7a17e537dfda8bd766392ef719b2eb16f6dce95537b4b710c3
DYN_HID-GAUSS-WEAK,NO_REG,MLP_POST_H8,16,3,1.6122257883690174,1.4008345920987537,X2_ALL324_FROZEN_E0,70b846e0634a8c7a17e537dfda8bd766392ef719b2eb16f6dce95537b4b710c3
DYN_HID-GAUSS-WEAK,NO_REG,MLP_POST_H8,8,3,1.6438717424354994,1.434766648391249,X2_ALL324_FROZEN_E0,70b846e0634a8c7a17e537dfda8bd766392ef719b2eb16f6dce95537b4b710c3
DYN_HID-GAUSS-WEAK,NO_REG,PRED_CONT,1,3,1.6221356969296794,1.5110643053488655,X2_ALL324_FROZEN_E0,70b846e0634a8c7a17e537dfda8bd766392ef719b2eb16f6dce95537b4b710c3
DYN_HID-GAUSS-WEAK,NO_REG,PRED_CONT,16,3,1.6120667448343438,1.4006755485640803,X2_ALL324_FROZEN_E0,70b846e0634a8c7a17e537dfda8bd766392ef719b2eb16f6dce95537b4b710c3
DYN_HID-GAUSS-WEAK,NO_REG,PRED_CONT,8,3,1.6438886956547065,1.434783601610456,X2_ALL324_FROZEN_E0,70b846e0634a8c7a17e537dfda8bd766392ef719b2eb16f6dce95537b4b710c3
DYN_HID-GAUSS-WEAK,NO_REG,S1_SELECTED,1,3,1.6350098557011126,1.5239384641202987,X2_ALL324_FROZEN_E0,70b846e0634a8c7a17e537dfda8bd766392ef719b2eb16f6dce95537b4b710c3
DYN_HID-GAUSS-WEAK,NO_REG,S1_SELECTED,16,3,1.6248232350380738,1.4134320387678105,X2_ALL324_FROZEN_E0,70b846e0634a8c7a17e537dfda8bd766392ef719b2eb16f6dce95537b4b710c3
DYN_HID-GAUSS-WEAK,NO_REG,S1_SELECTED,8,3,1.6569163225520807,1.44781122850783,X2_ALL324_FROZEN_E0,70b846e0634a8c7a17e537dfda8bd766392ef719b2eb16f6dce95537b4b710c3
DYN_HID-GAUSS-WEAK,POOL,JOINT_LINUX,1,3,0.18132939341420648,0.07025800183339252,X2_ALL324_FROZEN_E0,70b846e0634a8c7a17e537dfda8bd766392ef719b2eb16f6dce95537b4b710c3
DYN_HID-GAUSS-WEAK,POOL,JOINT_LINUX,16,3,0.30144965380222266,0.09005845753195911,X2_ALL324_FROZEN_E0,70b846e0634a8c7a17e537dfda8bd766392ef719b2eb16f6dce95537b4b710c3
DYN_HID-GAUSS-WEAK,POOL,JOINT_LINUX,8,3,0.2996189584740206,0.09051386442977018,X2_ALL324_FROZEN_E0,70b846e0634a8c7a17e537dfda8bd766392ef719b2eb16f6dce95537b4b710c3
DYN_HID-GAUSS-WEAK,POOL,MLP_POST_H8,1,3,0.24403291757954979,0.1329615259987358,X2_ALL324_FROZEN_E0,70b846e0634a8c7a17e537dfda8bd766392ef719b2eb16f6dce95537b4b710c3
DYN_HID-GAUSS-WEAK,POOL,MLP_POST_H8,16,3,0.43208178506927614,0.22069058879901263,X2_ALL324_FROZEN_E0,70b846e0634a8c7a17e537dfda8bd766392ef719b2eb16f6dce95537b4b710c3
DYN_HID-GAUSS-WEAK,POOL,MLP_POST_H8,8,3,0.4274598974029738,0.21835480335872337,X2_ALL324_FROZEN_E0,70b846e0634a8c7a17e537dfda8bd766392ef719b2eb16f6dce95537b4b710c3
DYN_HID-GAUSS-WEAK,POOL,PRED_CONT,1,3,0.23788778629528393,0.12681639471446995,X2_ALL324_FROZEN_E0,70b846e0634a8c7a17e537dfda8bd766392ef719b2eb16f6dce95537b4b710c3
DYN_HID-GAUSS-WEAK,POOL,PRED_CONT,16,3,0.39940775521982347,0.18801655894956001,X2_ALL324_FROZEN_E0,70b846e0634a8c7a17e537dfda8bd766392ef719b2eb16f6dce95537b4b710c3
DYN_HID-GAUSS-WEAK,POOL,PRED_CONT,8,3,0.3999428457049257,0.19083775166067526,X2_ALL324_FROZEN_E0,70b846e0634a8c7a17e537dfda8bd766392ef719b2eb16f6dce95537b4b710c3
DYN_HID-GAUSS-WEAK,POOL,S1_SELECTED,1,3,0.16649713014656967,0.05542573856575572,X2_ALL324_FROZEN_E0,70b846e0634a8c7a17e537dfda8bd766392ef719b2eb16f6dce95537b4b710c3
DYN_HID-GAUSS-WEAK,POOL,S1_SELECTED,16,3,0.24183382572844994,0.030442629458186432,X2_ALL324_FROZEN_E0,70b846e0634a8c7a17e537dfda8bd766392ef719b2eb16f6dce95537b4b710c3
DYN_HID-GAUSS-WEAK,POOL,S1_SELECTED,8,3,0.24038251171729966,0.03127741767304923,X2_ALL324_FROZEN_E0,70b846e0634a8c7a17e537dfda8bd766392ef719b2eb16f6dce95537b4b710c3
DYN_HID-GAUSS-WEAK,SMX_B,JOINT_LINUX,1,3,0.17013286481691767,0.059061473236103675,X2_ALL324_FROZEN_E0,70b846e0634a8c7a17e537dfda8bd766392ef719b2eb16f6dce95537b4b710c3
DYN_HID-GAUSS-WEAK,SMX_B,JOINT_LINUX,16,3,0.2908014767376497,0.07941028046738623,X2_ALL324_FROZEN_E0,70b846e0634a8c7a17e537dfda8bd766392ef719b2eb16f6dce95537b4b710c3
DYN_HID-GAUSS-WEAK,SMX_B,JOINT_LINUX,8,3,0.2891514520934389,0.0800463580491885,X2_ALL324_FROZEN_E0,70b846e0634a8c7a17e537dfda8bd766392ef719b2eb16f6dce95537b4b710c3
DYN_HID-GAUSS-WEAK,SMX_B,MLP_POST_H8,1,3,0.23815902135266342,0.12708762977184948,X2_ALL324_FROZEN_E0,70b846e0634a8c7a17e537dfda8bd766392ef719b2eb16f6dce95537b4b710c3
DYN_HID-GAUSS-WEAK,SMX_B,MLP_POST_H8,16,3,0.4290378443350337,0.21764664806477016,X2_ALL324_FROZEN_E0,70b846e0634a8c7a17e537dfda8bd766392ef719b2eb16f6dce95537b4b710c3
DYN_HID-GAUSS-WEAK,SMX_B,MLP_POST_H8,8,3,0.4251339247552839,0.2160288307110335,X2_ALL324_FROZEN_E0,70b846e0634a8c7a17e537dfda8bd766392ef719b2eb16f6dce95537b4b710c3
DYN_HID-GAUSS-WEAK,SMX_B,PRED_CONT,1,3,0.23066539121394602,0.11959399963313204,X2_ALL324_FROZEN_E0,70b846e0634a8c7a17e537dfda8bd766392ef719b2eb16f6dce95537b4b710c3
DYN_HID-GAUSS-WEAK,SMX_B,PRED_CONT,16,3,0.40210315679287295,0.1907119605226094,X2_ALL324_FROZEN_E0,70b846e0634a8c7a17e537dfda8bd766392ef719b2eb16f6dce95537b4b710c3
DYN_HID-GAUSS-WEAK,SMX_B,PRED_CONT,8,3,0.4012635003911625,0.1921584063469121,X2_ALL324_FROZEN_E0,70b846e0634a8c7a17e537dfda8bd766392ef719b2eb16f6dce95537b4b710c3
DYN_HID-GAUSS-WEAK,SMX_B,S1_SELECTED,1,3,0.15359292797198945,0.04252153639117547,X2_ALL324_FROZEN_E0,70b846e0634a8c7a17e537dfda8bd766392ef719b2eb16f6dce95537b4b710c3
DYN_HID-GAUSS-WEAK,SMX_B,S1_SELECTED,16,3,0.23671509824841494,0.02532390197815142,X2_ALL324_FROZEN_E0,70b846e0634a8c7a17e537dfda8bd766392ef719b2eb16f6dce95537b4b710c3
DYN_HID-GAUSS-WEAK,SMX_B,S1_SELECTED,8,3,0.23459850853356198,0.025493414489311566,X2_ALL324_FROZEN_E0,70b846e0634a8c7a17e537dfda8bd766392ef719b2eb16f6dce95537b4b710c3
DYN_HID-GAUSS-WEAK,SM_B,JOINT_LINUX,1,3,0.15419729966685006,0.04312590808603609,X2_ALL324_FROZEN_E0,70b846e0634a8c7a17e537dfda8bd766392ef719b2eb16f6dce95537b4b710c3
DYN_HID-GAUSS-WEAK,SM_B,JOINT_LINUX,16,3,0.27114591499139534,0.059754718721131826,X2_ALL324_FROZEN_E0,70b846e0634a8c7a17e537dfda8bd766392ef719b2eb16f6dce95537b4b710c3
DYN_HID-GAUSS-WEAK,SM_B,JOINT_LINUX,8,3,0.26990145306652896,0.060796359022278534,X2_ALL324_FROZEN_E0,70b846e0634a8c7a17e537dfda8bd766392ef719b2eb16f6dce95537b4b710c3
DYN_HID-GAUSS-WEAK,SM_B,MLP_POST_H8,1,3,0.21924077578057952,0.10816938419976553,X2_ALL324_FROZEN_E0,70b846e0634a8c7a17e537dfda8bd766392ef719b2eb16f6dce95537b4b710c3
DYN_HID-GAUSS-WEAK,SM_B,MLP_POST_H8,16,3,0.4229876412285443,0.21159644495828078,X2_ALL324_FROZEN_E0,70b846e0634a8c7a17e537dfda8bd766392ef719b2eb16f6dce95537b4b710c3
DYN_HID-GAUSS-WEAK,SM_B,MLP_POST_H8,8,3,0.41990685315155435,0.21080175910730384,X2_ALL324_FROZEN_E0,70b846e0634a8c7a17e537dfda8bd766392ef719b2eb16f6dce95537b4b710c3
DYN_HID-GAUSS-WEAK,SM_B,PRED_CONT,1,3,0.22559929398341008,0.11452790240259612,X2_ALL324_FROZEN_E0,70b846e0634a8c7a17e537dfda8bd766392ef719b2eb16f6dce95537b4b710c3
DYN_HID-GAUSS-WEAK,SM_B,PRED_CONT,16,3,0.4227772991616678,0.21138610289140422,X2_ALL324_FROZEN_E0,70b846e0634a8c7a17e537dfda8bd766392ef719b2eb16f6dce95537b4b710c3
DYN_HID-GAUSS-WEAK,SM_B,PRED_CONT,8,3,0.4200068064770191,0.21090171243276867,X2_ALL324_FROZEN_E0,70b846e0634a8c7a17e537dfda8bd766392ef719b2eb16f6dce95537b4b710c3
DYN_HID-GAUSS-WEAK,SM_B,S1_SELECTED,1,3,0.13664645372532852,0.02557506214451455,X2_ALL324_FROZEN_E0,70b846e0634a8c7a17e537dfda8bd766392ef719b2eb16f6dce95537b4b710c3
DYN_HID-GAUSS-WEAK,SM_B,S1_SELECTED,16,3,0.22853587324981448,0.017144676979550893,X2_ALL324_FROZEN_E0,70b846e0634a8c7a17e537dfda8bd766392ef719b2eb16f6dce95537b4b710c3
DYN_HID-GAUSS-WEAK,SM_B,S1_SELECTED,8,3,0.22704280382761546,0.01793770978336502,X2_ALL324_FROZEN_E0,70b846e0634a8c7a17e537dfda8bd766392ef719b2eb16f6dce95537b4b710c3
DYN_HID-GAUSS-WEAK,SUP_DIRECT,JOINT_LINUX,1,3,0.1433240607754041,0.032252669194590154,X2_ALL324_FROZEN_E0,70b846e0634a8c7a17e537dfda8bd766392ef719b2eb16f6dce95537b4b710c3
DYN_HID-GAUSS-WEAK,SUP_DIRECT,JOINT_LINUX,16,3,0.26894461327072594,0.05755341700046241,X2_ALL324_FROZEN_E0,70b846e0634a8c7a17e537dfda8bd766392ef719b2eb16f6dce95537b4b710c3
DYN_HID-GAUSS-WEAK,SUP_DIRECT,JOINT_LINUX,8,3,0.26418545053011394,0.05508035648586355,X2_ALL324_FROZEN_E0,70b846e0634a8c7a17e537dfda8bd766392ef719b2eb16f6dce95537b4b710c3
DYN_HID-GAUSS-WEAK,SUP_DIRECT,MLP_POST_H8,1,3,0.18713609439822362,0.07606470281740967,X2_ALL324_FROZEN_E0,70b846e0634a8c7a17e537dfda8bd766392ef719b2eb16f6dce95537b4b710c3
DYN_HID-GAUSS-WEAK,SUP_DIRECT,MLP_POST_H8,16,3,0.35310412224950566,0.14171292597924215,X2_ALL324_FROZEN_E0,70b846e0634a8c7a17e537dfda8bd766392ef719b2eb16f6dce95537b4b710c3
DYN_HID-GAUSS-WEAK,SUP_DIRECT,MLP_POST_H8,8,3,0.35262128224832606,0.1435161882040756,X2_ALL324_FROZEN_E0,70b846e0634a8c7a17e537dfda8bd766392ef719b2eb16f6dce95537b4b710c3
DYN_HID-GAUSS-WEAK,SUP_DIRECT,PRED_CONT,1,3,0.18124079675825197,0.07016940517743799,X2_ALL324_FROZEN_E0,70b846e0634a8c7a17e537dfda8bd766392ef719b2eb16f6dce95537b4b710c3
DYN_HID-GAUSS-WEAK,SUP_DIRECT,PRED_CONT,16,3,0.454812501975938,0.24342130570567444,X2_ALL324_FROZEN_E0,70b846e0634a8c7a17e537dfda8bd766392ef719b2eb16f6dce95537b4b710c3
DYN_HID-GAUSS-WEAK,SUP_DIRECT,PRED_CONT,8,3,0.4514681311408568,0.24236303709660645,X2_ALL324_FROZEN_E0,70b846e0634a8c7a17e537dfda8bd766392ef719b2eb16f6dce95537b4b710c3
DYN_HID-GAUSS-WEAK,SUP_DIRECT,S1_SELECTED,1,3,0.11767271099472502,0.006601319413911062,X2_ALL324_FROZEN_E0,70b846e0634a8c7a17e537dfda8bd766392ef719b2eb16f6dce95537b4b710c3
DYN_HID-GAUSS-WEAK,SUP_DIRECT,S1_SELECTED,16,3,0.22137160163521444,0.009980405364950928,X2_ALL324_FROZEN_E0,70b846e0634a8c7a17e537dfda8bd766392ef719b2eb16f6dce95537b4b710c3
DYN_HID-GAUSS-WEAK,SUP_DIRECT,S1_SELECTED,8,3,0.21891627658459667,0.00981118254034627,X2_ALL324_FROZEN_E0,70b846e0634a8c7a17e537dfda8bd766392ef719b2eb16f6dce95537b4b710c3
DYN_HID-GAUSS-WEAK,TC,JOINT_LINUX,1,3,0.1687737340500904,0.05770234246927644,X2_ALL324_FROZEN_E0,70b846e0634a8c7a17e537dfda8bd766392ef719b2eb16f6dce95537b4b710c3
DYN_HID-GAUSS-WEAK,TC,JOINT_LINUX,16,3,0.2890074133622031,0.07761621709193958,X2_ALL324_FROZEN_E0,70b846e0634a8c7a17e537dfda8bd766392ef719b2eb16f6dce95537b4b710c3
DYN_HID-GAUSS-WEAK,TC,JOINT_LINUX,8,3,0.28766794728680933,0.07856285324255889,X2_ALL324_FROZEN_E0,70b846e0634a8c7a17e537dfda8bd766392ef719b2eb16f6dce95537b4b710c3
DYN_HID-GAUSS-WEAK,TC,MLP_POST_H8,1,3,0.24448174736895031,0.13341035578813634,X2_ALL324_FROZEN_E0,70b846e0634a8c7a17e537dfda8bd766392ef719b2eb16f6dce95537b4b710c3
DYN_HID-GAUSS-WEAK,TC,MLP_POST_H8,16,3,0.444474289208778,0.2330830929385145,X2_ALL324_FROZEN_E0,70b846e0634a8c7a17e537dfda8bd766392ef719b2eb16f6dce95537b4b710c3
DYN_HID-GAUSS-WEAK,TC,MLP_POST_H8,8,3,0.4357972153974892,0.22669212135323877,X2_ALL324_FROZEN_E0,70b846e0634a8c7a17e537dfda8bd766392ef719b2eb16f6dce95537b4b710c3
DYN_HID-GAUSS-WEAK,TC,PRED_CONT,1,3,0.22746456712642305,0.11639317554560903,X2_ALL324_FROZEN_E0,70b846e0634a8c7a17e537dfda8bd766392ef719b2eb16f6dce95537b4b710c3
DYN_HID-GAUSS-WEAK,TC,PRED_CONT,16,3,0.40540234980545203,0.19401115353518858,X2_ALL324_FROZEN_E0,70b846e0634a8c7a17e537dfda8bd766392ef719b2eb16f6dce95537b4b710c3
DYN_HID-GAUSS-WEAK,TC,PRED_CONT,8,3,0.40097384634875705,0.19186875230450653,X2_ALL324_FROZEN_E0,70b846e0634a8c7a17e537dfda8bd766392ef719b2eb16f6dce95537b4b710c3
DYN_HID-GAUSS-WEAK,TC,S1_SELECTED,1,3,0.15115003978309735,0.04007864820228336,X2_ALL324_FROZEN_E0,70b846e0634a8c7a17e537dfda8bd766392ef719b2eb16f6dce95537b4b710c3
DYN_HID-GAUSS-WEAK,TC,S1_SELECTED,16,3,0.23678296532325516,0.025391769052991675,X2_ALL324_FROZEN_E0,70b846e0634a8c7a17e537dfda8bd766392ef719b2eb16f6dce95537b4b710c3
DYN_HID-GAUSS-WEAK,TC,S1_SELECTED,8,3,0.23430692045061977,0.025201826406369292,X2_ALL324_FROZEN_E0,70b846e0634a8c7a17e537dfda8bd766392ef719b2eb16f6dce95537b4b710c3
DYN_HID-GAUSS-WEAK,XS,JOINT_LINUX,1,3,0.19063142218840654,0.07956003060759255,X2_ALL324_FROZEN_E0,70b846e0634a8c7a17e537dfda8bd766392ef719b2eb16f6dce95537b4b710c3
DYN_HID-GAUSS-WEAK,XS,JOINT_LINUX,16,3,0.30975288029846637,0.09836168402820288,X2_ALL324_FROZEN_E0,70b846e0634a8c7a17e537dfda8bd766392ef719b2eb16f6dce95537b4b710c3
DYN_HID-GAUSS-WEAK,XS,JOINT_LINUX,8,3,0.30811850121304635,0.09901340716879588,X2_ALL324_FROZEN_E0,70b846e0634a8c7a17e537dfda8bd766392ef719b2eb16f6dce95537b4b710c3
DYN_HID-GAUSS-WEAK,XS,MLP_POST_H8,1,3,0.25093749977241636,0.13986610819160236,X2_ALL324_FROZEN_E0,70b846e0634a8c7a17e537dfda8bd766392ef719b2eb16f6dce95537b4b710c3
DYN_HID-GAUSS-WEAK,XS,MLP_POST_H8,16,3,0.44067823045006227,0.2292870341797988,X2_ALL324_FROZEN_E0,70b846e0634a8c7a17e537dfda8bd766392ef719b2eb16f6dce95537b4b710c3
DYN_HID-GAUSS-WEAK,XS,MLP_POST_H8,8,3,0.4355096643937031,0.22640457034945263,X2_ALL324_FROZEN_E0,70b846e0634a8c7a17e537dfda8bd766392ef719b2eb16f6dce95537b4b710c3
DYN_HID-GAUSS-WEAK,XS,PRED_CONT,1,3,0.24389594783533872,0.13282455625452472,X2_ALL324_FROZEN_E0,70b846e0634a8c7a17e537dfda8bd766392ef719b2eb16f6dce95537b4b710c3
DYN_HID-GAUSS-WEAK,XS,PRED_CONT,16,3,0.4123004326487427,0.20090923637847916,X2_ALL324_FROZEN_E0,70b846e0634a8c7a17e537dfda8bd766392ef719b2eb16f6dce95537b4b710c3
DYN_HID-GAUSS-WEAK,XS,PRED_CONT,8,3,0.4118046906394632,0.20269959659521267,X2_ALL324_FROZEN_E0,70b846e0634a8c7a17e537dfda8bd766392ef719b2eb16f6dce95537b4b710c3
DYN_HID-GAUSS-WEAK,XS,S1_SELECTED,1,3,0.17669483519016407,0.06562344360935007,X2_ALL324_FROZEN_E0,70b846e0634a8c7a17e537dfda8bd766392ef719b2eb16f6dce95537b4b710c3
DYN_HID-GAUSS-WEAK,XS,S1_SELECTED,16,3,0.2483939801610132,0.037002783890749645,X2_ALL324_FROZEN_E0,70b846e0634a8c7a17e537dfda8bd766392ef719b2eb16f6dce95537b4b710c3
DYN_HID-GAUSS-WEAK,XS,S1_SELECTED,8,3,0.24673355362248708,0.03762845957823663,X2_ALL324_FROZEN_E0,70b846e0634a8c7a17e537dfda8bd766392ef719b2eb16f6dce95537b4b710c3
DYN_VIS-DISC-STRONG,EP,JOINT_LINUX,1,3,0.4641122973880734,0.361944316213433,X2_ALL324_FROZEN_E0,70b846e0634a8c7a17e537dfda8bd766392ef719b2eb16f6dce95537b4b710c3
DYN_VIS-DISC-STRONG,EP,JOINT_LINUX,16,3,0.638207665005621,0.44670407986076616,X2_ALL324_FROZEN_E0,70b846e0634a8c7a17e537dfda8bd766392ef719b2eb16f6dce95537b4b710c3
DYN_VIS-DISC-STRONG,EP,JOINT_LINUX,8,3,0.6134158410173814,0.42025271609566345,X2_ALL324_FROZEN_E0,70b846e0634a8c7a17e537dfda8bd766392ef719b2eb16f6dce95537b4b710c3
DYN_VIS-DISC-STRONG,EP,MLP_POST_H8,1,3,0.5555029573227603,0.45333497614811996,X2_ALL324_FROZEN_E0,70b846e0634a8c7a17e537dfda8bd766392ef719b2eb16f6dce95537b4b710c3
DYN_VIS-DISC-STRONG,EP,MLP_POST_H8,16,3,0.7679696646871319,0.576466079542277,X2_ALL324_FROZEN_E0,70b846e0634a8c7a17e537dfda8bd766392ef719b2eb16f6dce95537b4b710c3
DYN_VIS-DISC-STRONG,EP,MLP_POST_H8,8,3,0.7732280491420594,0.5800649242203415,X2_ALL324_FROZEN_E0,70b846e0634a8c7a17e537dfda8bd766392ef719b2eb16f6dce95537b4b710c3
DYN_VIS-DISC-STRONG,EP,PRED_CONT,1,3,0.5297040743696395,0.42753609319499913,X2_ALL324_FROZEN_E0,70b846e0634a8c7a17e537dfda8bd766392ef719b2eb16f6dce95537b4b710c3
DYN_VIS-DISC-STRONG,EP,PRED_CONT,16,3,0.7308566460316627,0.5393530608868078,X2_ALL324_FROZEN_E0,70b846e0634a8c7a17e537dfda8bd766392ef719b2eb16f6dce95537b4b710c3
DYN_VIS-DISC-STRONG,EP,PRED_CONT,8,3,0.7003361670372609,0.5071730421155428,X2_ALL324_FROZEN_E0,70b846e0634a8c7a17e537dfda8bd766392ef719b2eb16f6dce95537b4b710c3
DYN_VIS-DISC-STRONG,EP,S1_SELECTED,1,3,0.4623362350451279,0.3601682538704874,X2_ALL324_FROZEN_E0,70b846e0634a8c7a17e537dfda8bd766392ef719b2eb16f6dce95537b4b710c3
DYN_VIS-DISC-STRONG,EP,S1_SELECTED,16,3,0.5253579813194248,0.33385439617456986,X2_ALL324_FROZEN_E0,70b846e0634a8c7a17e537dfda8bd766392ef719b2eb16f6dce95537b4b710c3
DYN_VIS-DISC-STRONG,EP,S1_SELECTED,8,3,0.5310417724601441,0.33787864753842606,X2_ALL324_FROZEN_E0,70b846e0634a8c7a17e537dfda8bd766392ef719b2eb16f6dce95537b4b710c3
DYN_VIS-DISC-STRONG,EP_SHUF,JOINT_LINUX,1,3,0.14598570740400232,0.043817726229361864,X2_ALL324_FROZEN_E0,70b846e0634a8c7a17e537dfda8bd766392ef719b2eb16f6dce95537b4b710c3
DYN_VIS-DISC-STRONG,EP_SHUF,JOINT_LINUX,16,3,0.24565572725299045,0.054152142108135515,X2_ALL324_FROZEN_E0,70b846e0634a8c7a17e537dfda8bd766392ef719b2eb16f6dce95537b4b710c3
DYN_VIS-DISC-STRONG,EP_SHUF,JOINT_LINUX,8,3,0.2482123810648573,0.05504925614313924,X2_ALL324_FROZEN_E0,70b846e0634a8c7a17e537dfda8bd766392ef719b2eb16f6dce95537b4b710c3
DYN_VIS-DISC-STRONG,EP_SHUF,MLP_POST_H8,1,3,0.19189996036367907,0.0897319791890386,X2_ALL324_FROZEN_E0,70b846e0634a8c7a17e537dfda8bd766392ef719b2eb16f6dce95537b4b710c3
DYN_VIS-DISC-STRONG,EP_SHUF,MLP_POST_H8,16,3,0.36240907298068636,0.17090548783583148,X2_ALL324_FROZEN_E0,70b846e0634a8c7a17e537dfda8bd766392ef719b2eb16f6dce95537b4b710c3
DYN_VIS-DISC-STRONG,EP_SHUF,MLP_POST_H8,8,3,0.3640620968599014,0.17089897193818326,X2_ALL324_FROZEN_E0,70b846e0634a8c7a17e537dfda8bd766392ef719b2eb16f6dce95537b4b710c3
DYN_VIS-DISC-STRONG,EP_SHUF,PRED_CONT,1,3,0.22092719180377718,0.11875921062913675,X2_ALL324_FROZEN_E0,70b846e0634a8c7a17e537dfda8bd766392ef719b2eb16f6dce95537b4b710c3
DYN_VIS-DISC-STRONG,EP_SHUF,PRED_CONT,16,3,0.388724715583837,0.19722113043898207,X2_ALL324_FROZEN_E0,70b846e0634a8c7a17e537dfda8bd766392ef719b2eb16f6dce95537b4b710c3
DYN_VIS-DISC-STRONG,EP_SHUF,PRED_CONT,8,3,0.3883978376848871,0.19523471276316898,X2_ALL324_FROZEN_E0,70b846e0634a8c7a17e537dfda8bd766392ef719b2eb16f6dce95537b4b710c3
DYN_VIS-DISC-STRONG,EP_SHUF,S1_SELECTED,1,3,0.14676755170779576,0.0445995705331553,X2_ALL324_FROZEN_E0,70b846e0634a8c7a17e537dfda8bd766392ef719b2eb16f6dce95537b4b710c3
DYN_VIS-DISC-STRONG,EP_SHUF,S1_SELECTED,16,3,0.2443455574488366,0.052841972303981695,X2_ALL324_FROZEN_E0,70b846e0634a8c7a17e537dfda8bd766392ef719b2eb16f6dce95537b4b710c3
DYN_VIS-DISC-STRONG,EP_SHUF,S1_SELECTED,8,3,0.24531746109366404,0.05215433617194598,X2_ALL324_FROZEN_E0,70b846e0634a8c7a17e537dfda8bd766392ef719b2eb16f6dce95537b4b710c3
DYN_VIS-DISC-STRONG,NO_REG,JOINT_LINUX,1,3,2.199363628768325,2.097195647593684,X2_ALL324_FROZEN_E0,70b846e0634a8c7a17e537dfda8bd766392ef719b2eb16f6dce95537b4b710c3
DYN_VIS-DISC-STRONG,NO_REG,JOINT_LINUX,16,3,2.2065307543606796,2.015027169215825,X2_ALL324_FROZEN_E0,70b846e0634a8c7a17e537dfda8bd766392ef719b2eb16f6dce95537b4b710c3
DYN_VIS-DISC-STRONG,NO_REG,JOINT_LINUX,8,3,2.209887759004039,2.016724634082321,X2_ALL324_FROZEN_E0,70b846e0634a8c7a17e537dfda8bd766392ef719b2eb16f6dce95537b4b710c3
DYN_VIS-DISC-STRONG,NO_REG,MLP_POST_H8,1,3,2.1770614013356986,2.0748934201610587,X2_ALL324_FROZEN_E0,70b846e0634a8c7a17e537dfda8bd766392ef719b2eb16f6dce95537b4b710c3
DYN_VIS-DISC-STRONG,NO_REG,MLP_POST_H8,16,3,2.186281847123409,1.994778261978554,X2_ALL324_FROZEN_E0,70b846e0634a8c7a17e537dfda8bd766392ef719b2eb16f6dce95537b4b710c3
DYN_VIS-DISC-STRONG,NO_REG,MLP_POST_H8,8,3,2.1886183670951804,1.9954552421734622,X2_ALL324_FROZEN_E0,70b846e0634a8c7a17e537dfda8bd766392ef719b2eb16f6dce95537b4b710c3
DYN_VIS-DISC-STRONG,NO_REG,PRED_CONT,1,3,2.183135783726682,2.0809678025520415,X2_ALL324_FROZEN_E0,70b846e0634a8c7a17e537dfda8bd766392ef719b2eb16f6dce95537b4b710c3
DYN_VIS-DISC-STRONG,NO_REG,PRED_CONT,16,3,2.189920118174273,1.9984165330294177,X2_ALL324_FROZEN_E0,70b846e0634a8c7a17e537dfda8bd766392ef719b2eb16f6dce95537b4b710c3
DYN_VIS-DISC-STRONG,NO_REG,PRED_CONT,8,3,2.1937330068364287,2.0005698819147106,X2_ALL324_FROZEN_E0,70b846e0634a8c7a17e537dfda8bd766392ef719b2eb16f6dce95537b4b710c3
DYN_VIS-DISC-STRONG,NO_REG,S1_SELECTED,1,3,2.1880870055396935,2.085919024365053,X2_ALL324_FROZEN_E0,70b846e0634a8c7a17e537dfda8bd766392ef719b2eb16f6dce95537b4b710c3
DYN_VIS-DISC-STRONG,NO_REG,S1_SELECTED,16,3,2.1965287902804698,2.0050252051356146,X2_ALL324_FROZEN_E0,70b846e0634a8c7a17e537dfda8bd766392ef719b2eb16f6dce95537b4b710c3
DYN_VIS-DISC-STRONG,NO_REG,S1_SELECTED,8,3,2.200206260968507,2.007043136046789,X2_ALL324_FROZEN_E0,70b846e0634a8c7a17e537dfda8bd766392ef719b2eb16f6dce95537b4b710c3
DYN_VIS-DISC-STRONG,POOL,JOINT_LINUX,1,3,0.14115461979756916,0.038986638622928706,X2_ALL324_FROZEN_E0,70b846e0634a8c7a17e537dfda8bd766392ef719b2eb16f6dce95537b4b710c3
DYN_VIS-DISC-STRONG,POOL,JOINT_LINUX,16,3,0.24182906501779403,0.050325479872939116,X2_ALL324_FROZEN_E0,70b846e0634a8c7a17e537dfda8bd766392ef719b2eb16f6dce95537b4b710c3
DYN_VIS-DISC-STRONG,POOL,JOINT_LINUX,8,3,0.24404507706342046,0.0508819521417024,X2_ALL324_FROZEN_E0,70b846e0634a8c7a17e537dfda8bd766392ef719b2eb16f6dce95537b4b710c3
DYN_VIS-DISC-STRONG,POOL,MLP_POST_H8,1,3,0.18575663690970187,0.0835886557350614,X2_ALL324_FROZEN_E0,70b846e0634a8c7a17e537dfda8bd766392ef719b2eb16f6dce95537b4b710c3
DYN_VIS-DISC-STRONG,POOL,MLP_POST_H8,16,3,0.3581559018358364,0.16665231669098143,X2_ALL324_FROZEN_E0,70b846e0634a8c7a17e537dfda8bd766392ef719b2eb16f6dce95537b4b710c3
DYN_VIS-DISC-STRONG,POOL,MLP_POST_H8,8,3,0.35888578778676905,0.16572266286505097,X2_ALL324_FROZEN_E0,70b846e0634a8c7a17e537dfda8bd766392ef719b2eb16f6dce95537b4b710c3
DYN_VIS-DISC-STRONG,POOL,PRED_CONT,1,3,0.21446232302233517,0.11229434184769473,X2_ALL324_FROZEN_E0,70b846e0634a8c7a17e537dfda8bd766392ef719b2eb16f6dce95537b4b710c3
DYN_VIS-DISC-STRONG,POOL,PRED_CONT,16,3,0.390358975259901,0.19885539011504608,X2_ALL324_FROZEN_E0,70b846e0634a8c7a17e537dfda8bd766392ef719b2eb16f6dce95537b4b710c3
DYN_VIS-DISC-STRONG,POOL,PRED_CONT,8,3,0.38730389638642015,0.1941407714647021,X2_ALL324_FROZEN_E0,70b846e0634a8c7a17e537dfda8bd766392ef719b2eb16f6dce95537b4b710c3
DYN_VIS-DISC-STRONG,POOL,S1_SELECTED,1,3,0.1438109747488332,0.04164299357419273,X2_ALL324_FROZEN_E0,70b846e0634a8c7a17e537dfda8bd766392ef719b2eb16f6dce95537b4b710c3
DYN_VIS-DISC-STRONG,POOL,S1_SELECTED,16,3,0.24513653780090014,0.05363295265604521,X2_ALL324_FROZEN_E0,70b846e0634a8c7a17e537dfda8bd766392ef719b2eb16f6dce95537b4b710c3
DYN_VIS-DISC-STRONG,POOL,S1_SELECTED,8,3,0.2459829534088894,0.05281982848717135,X2_ALL324_FROZEN_E0,70b846e0634a8c7a17e537dfda8bd766392ef719b2eb16f6dce95537b4b710c3
DYN_VIS-DISC-STRONG,SMX_B,JOINT_LINUX,1,3,0.15721828308252717,0.055050301907886734,X2_ALL324_FROZEN_E0,70b846e0634a8c7a17e537dfda8bd766392ef719b2eb16f6dce95537b4b710c3
DYN_VIS-DISC-STRONG,SMX_B,JOINT_LINUX,16,3,0.2554622890847455,0.06395870393989052,X2_ALL324_FROZEN_E0,70b846e0634a8c7a17e537dfda8bd766392ef719b2eb16f6dce95537b4b710c3
DYN_VIS-DISC-STRONG,SMX_B,JOINT_LINUX,8,3,0.2564360456938357,0.06327292077211766,X2_ALL324_FROZEN_E0,70b846e0634a8c7a17e537dfda8bd766392ef719b2eb16f6dce95537b4b710c3
DYN_VIS-DISC-STRONG,SMX_B,MLP_POST_H8,1,3,0.2028708595224538,0.10070287834781333,X2_ALL324_FROZEN_E0,70b846e0634a8c7a17e537dfda8bd766392ef719b2eb16f6dce95537b4b710c3
DYN_VIS-DISC-STRONG,SMX_B,MLP_POST_H8,16,3,0.3643051145138562,0.17280152936900126,X2_ALL324_FROZEN_E0,70b846e0634a8c7a17e537dfda8bd766392ef719b2eb16f6dce95537b4b710c3
DYN_VIS-DISC-STRONG,SMX_B,MLP_POST_H8,8,3,0.36408887865856004,0.1709257537368419,X2_ALL324_FROZEN_E0,70b846e0634a8c7a17e537dfda8bd766392ef719b2eb16f6dce95537b4b710c3
DYN_VIS-DISC-STRONG,SMX_B,PRED_CONT,1,3,0.22694320027620898,0.12477521910156852,X2_ALL324_FROZEN_E0,70b846e0634a8c7a17e537dfda8bd766392ef719b2eb16f6dce95537b4b710c3
DYN_VIS-DISC-STRONG,SMX_B,PRED_CONT,16,3,0.3912450527527163,0.19974146760786135,X2_ALL324_FROZEN_E0,70b846e0634a8c7a17e537dfda8bd766392ef719b2eb16f6dce95537b4b710c3
DYN_VIS-DISC-STRONG,SMX_B,PRED_CONT,8,3,0.3874058697872669,0.19424274486554882,X2_ALL324_FROZEN_E0,70b846e0634a8c7a17e537dfda8bd766392ef719b2eb16f6dce95537b4b710c3
DYN_VIS-DISC-STRONG,SMX_B,S1_SELECTED,1,3,0.14927330182267293,0.047105320648032474,X2_ALL324_FROZEN_E0,70b846e0634a8c7a17e537dfda8bd766392ef719b2eb16f6dce95537b4b710c3
DYN_VIS-DISC-STRONG,SMX_B,S1_SELECTED,16,3,0.23642794883895266,0.0449243636940977,X2_ALL324_FROZEN_E0,70b846e0634a8c7a17e537dfda8bd766392ef719b2eb16f6dce95537b4b710c3
DYN_VIS-DISC-STRONG,SMX_B,S1_SELECTED,8,3,0.23657256449115413,0.043409439569436055,X2_ALL324_FROZEN_E0,70b846e0634a8c7a17e537dfda8bd766392ef719b2eb16f6dce95537b4b710c3
DYN_VIS-DISC-STRONG,SM_B,JOINT_LINUX,1,3,0.2660211765042506,0.16385319532961015,X2_ALL324_FROZEN_E0,70b846e0634a8c7a17e537dfda8bd766392ef719b2eb16f6dce95537b4b710c3
DYN_VIS-DISC-STRONG,SM_B,JOINT_LINUX,16,3,0.3563860535713252,0.16488246842647022,X2_ALL324_FROZEN_E0,70b846e0634a8c7a17e537dfda8bd766392ef719b2eb16f6dce95537b4b710c3
DYN_VIS-DISC-STRONG,SM_B,JOINT_LINUX,8,3,0.35625795682134037,0.1630948318996222,X2_ALL324_FROZEN_E0,70b846e0634a8c7a17e537dfda8bd766392ef719b2eb16f6dce95537b4b710c3
DYN_VIS-DISC-STRONG,SM_B,MLP_POST_H8,1,3,0.31191669572378355,0.2097487145491431,X2_ALL324_FROZEN_E0,70b846e0634a8c7a17e537dfda8bd766392ef719b2eb16f6dce95537b4b710c3
DYN_VIS-DISC-STRONG,SM_B,MLP_POST_H8,16,3,0.4569406260053137,0.2654370408604588,X2_ALL324_FROZEN_E0,70b846e0634a8c7a17e537dfda8bd766392ef719b2eb16f6dce95537b4b710c3
DYN_VIS-DISC-STRONG,SM_B,MLP_POST_H8,8,3,0.4587045416091223,0.2655414166874042,X2_ALL324_FROZEN_E0,70b846e0634a8c7a17e537dfda8bd766392ef719b2eb16f6dce95537b4b710c3
DYN_VIS-DISC-STRONG,SM_B,PRED_CONT,1,3,0.3268046178490604,0.2246366366744199,X2_ALL324_FROZEN_E0,70b846e0634a8c7a17e537dfda8bd766392ef719b2eb16f6dce95537b4b710c3
DYN_VIS-DISC-STRONG,SM_B,PRED_CONT,16,3,0.46890138918296503,0.27739780403811015,X2_ALL324_FROZEN_E0,70b846e0634a8c7a17e537dfda8bd766392ef719b2eb16f6dce95537b4b710c3
DYN_VIS-DISC-STRONG,SM_B,PRED_CONT,8,3,0.4612217089110935,0.26805858398937543,X2_ALL324_FROZEN_E0,70b846e0634a8c7a17e537dfda8bd766392ef719b2eb16f6dce95537b4b710c3
DYN_VIS-DISC-STRONG,SM_B,S1_SELECTED,1,3,0.24785086967292635,0.14568288849828592,X2_ALL324_FROZEN_E0,70b846e0634a8c7a17e537dfda8bd766392ef719b2eb16f6dce95537b4b710c3
DYN_VIS-DISC-STRONG,SM_B,S1_SELECTED,16,3,0.32036086055439217,0.12885727540953726,X2_ALL324_FROZEN_E0,70b846e0634a8c7a17e537dfda8bd766392ef719b2eb16f6dce95537b4b710c3
DYN_VIS-DISC-STRONG,SM_B,S1_SELECTED,8,3,0.3222703405626777,0.12910721564095964,X2_ALL324_FROZEN_E0,70b846e0634a8c7a17e537dfda8bd766392ef719b2eb16f6dce95537b4b710c3
DYN_VIS-DISC-STRONG,SUP_DIRECT,JOINT_LINUX,1,3,0.12460971656525917,0.022441735390618722,X2_ALL324_FROZEN_E0,70b846e0634a8c7a17e537dfda8bd766392ef719b2eb16f6dce95537b4b710c3
DYN_VIS-DISC-STRONG,SUP_DIRECT,JOINT_LINUX,16,3,0.22405326875910284,0.0325496836142479,X2_ALL324_FROZEN_E0,70b846e0634a8c7a17e537dfda8bd766392ef719b2eb16f6dce95537b4b710c3
DYN_VIS-DISC-STRONG,SUP_DIRECT,JOINT_LINUX,8,3,0.22320942083450498,0.03004629591278692,X2_ALL324_FROZEN_E0,70b846e0634a8c7a17e537dfda8bd766392ef719b2eb16f6dce95537b4b710c3
DYN_VIS-DISC-STRONG,SUP_DIRECT,MLP_POST_H8,1,3,0.3449869795411243,0.24281899836648388,X2_ALL324_FROZEN_E0,70b846e0634a8c7a17e537dfda8bd766392ef719b2eb16f6dce95537b4b710c3
DYN_VIS-DISC-STRONG,SUP_DIRECT,MLP_POST_H8,16,3,0.4956394873096588,0.3041359021648038,X2_ALL324_FROZEN_E0,70b846e0634a8c7a17e537dfda8bd766392ef719b2eb16f6dce95537b4b710c3
DYN_VIS-DISC-STRONG,SUP_DIRECT,MLP_POST_H8,8,3,0.4997888711681879,0.3066257462464698,X2_ALL324_FROZEN_E0,70b846e0634a8c7a17e537dfda8bd766392ef719b2eb16f6dce95537b4b710c3
DYN_VIS-DISC-STRONG,SUP_DIRECT,PRED_CONT,1,3,0.1630817115527154,0.06091373037807494,X2_ALL324_FROZEN_E0,70b846e0634a8c7a17e537dfda8bd766392ef719b2eb16f6dce95537b4b710c3
DYN_VIS-DISC-STRONG,SUP_DIRECT,PRED_CONT,16,3,0.37862570006753304,0.18712211492267808,X2_ALL324_FROZEN_E0,70b846e0634a8c7a17e537dfda8bd766392ef719b2eb16f6dce95537b4b710c3
DYN_VIS-DISC-STRONG,SUP_DIRECT,PRED_CONT,8,3,0.3834974394729007,0.19033431455118266,X2_ALL324_FROZEN_E0,70b846e0634a8c7a17e537dfda8bd766392ef719b2eb16f6dce95537b4b710c3
DYN_VIS-DISC-STRONG,SUP_DIRECT,S1_SELECTED,1,3,0.26587742167932715,0.16370944050468672,X2_ALL324_FROZEN_E0,70b846e0634a8c7a17e537dfda8bd766392ef719b2eb16f6dce95537b4b710c3
DYN_VIS-DISC-STRONG,SUP_DIRECT,S1_SELECTED,16,3,0.32935383986496114,0.13785025472010623,X2_ALL324_FROZEN_E0,70b846e0634a8c7a17e537dfda8bd766392ef719b2eb16f6dce95537b4b710c3
DYN_VIS-DISC-STRONG,SUP_DIRECT,S1_SELECTED,8,3,0.3330652905659622,0.13990216564424415,X2_ALL324_FROZEN_E0,70b846e0634a8c7a17e537dfda8bd766392ef719b2eb16f6dce95537b4b710c3
DYN_VIS-DISC-STRONG,TC,JOINT_LINUX,1,3,0.21759388055398862,0.11542589937934818,X2_ALL324_FROZEN_E0,70b846e0634a8c7a17e537dfda8bd766392ef719b2eb16f6dce95537b4b710c3
DYN_VIS-DISC-STRONG,TC,JOINT_LINUX,16,3,0.3083423520740631,0.1168387669292081,X2_ALL324_FROZEN_E0,70b846e0634a8c7a17e537dfda8bd766392ef719b2eb16f6dce95537b4b710c3
DYN_VIS-DISC-STRONG,TC,JOINT_LINUX,8,3,0.31100052876186185,0.11783740384014375,X2_ALL324_FROZEN_E0,70b846e0634a8c7a17e537dfda8bd766392ef719b2eb16f6dce95537b4b710c3
DYN_VIS-DISC-STRONG,TC,MLP_POST_H8,1,3,0.2650757431305037,0.16290776195586326,X2_ALL324_FROZEN_E0,70b846e0634a8c7a17e537dfda8bd766392ef719b2eb16f6dce95537b4b710c3
DYN_VIS-DISC-STRONG,TC,MLP_POST_H8,16,3,0.42122257825161674,0.22971899310676178,X2_ALL324_FROZEN_E0,70b846e0634a8c7a17e537dfda8bd766392ef719b2eb16f6dce95537b4b710c3
DYN_VIS-DISC-STRONG,TC,MLP_POST_H8,8,3,0.42130772371296604,0.2281445987912479,X2_ALL324_FROZEN_E0,70b846e0634a8c7a17e537dfda8bd766392ef719b2eb16f6dce95537b4b710c3
DYN_VIS-DISC-STRONG,TC,PRED_CONT,1,3,0.2681405450502233,0.16597256387558287,X2_ALL324_FROZEN_E0,70b846e0634a8c7a17e537dfda8bd766392ef719b2eb16f6dce95537b4b710c3
DYN_VIS-DISC-STRONG,TC,PRED_CONT,16,3,0.4151804482360797,0.22367686309122473,X2_ALL324_FROZEN_E0,70b846e0634a8c7a17e537dfda8bd766392ef719b2eb16f6dce95537b4b710c3
DYN_VIS-DISC-STRONG,TC,PRED_CONT,8,3,0.41437994996147975,0.22121682503976162,X2_ALL324_FROZEN_E0,70b846e0634a8c7a17e537dfda8bd766392ef719b2eb16f6dce95537b4b710c3
DYN_VIS-DISC-STRONG,TC,S1_SELECTED,1,3,0.20483232942308852,0.1026643482484481,X2_ALL324_FROZEN_E0,70b846e0634a8c7a17e537dfda8bd766392ef719b2eb16f6dce95537b4b710c3
DYN_VIS-DISC-STRONG,TC,S1_SELECTED,16,3,0.27994050495817296,0.08843691981331797,X2_ALL324_FROZEN_E0,70b846e0634a8c7a17e537dfda8bd766392ef719b2eb16f6dce95537b4b710c3
DYN_VIS-DISC-STRONG,TC,S1_SELECTED,8,3,0.28308812029054065,0.08992499536882255,X2_ALL324_FROZEN_E0,70b846e0634a8c7a17e537dfda8bd766392ef719b2eb16f6dce95537b4b710c3
DYN_VIS-DISC-STRONG,XS,JOINT_LINUX,1,3,0.14265916109282398,0.04049117991818352,X2_ALL324_FROZEN_E0,70b846e0634a8c7a17e537dfda8bd766392ef719b2eb16f6dce95537b4b710c3
DYN_VIS-DISC-STRONG,XS,JOINT_LINUX,16,3,0.24029942429871123,0.048795839153856324,X2_ALL324_FROZEN_E0,70b846e0634a8c7a17e537dfda8bd766392ef719b2eb16f6dce95537b4b710c3
DYN_VIS-DISC-STRONG,XS,JOINT_LINUX,8,3,0.24253199354205215,0.0493688686203341,X2_ALL324_FROZEN_E0,70b846e0634a8c7a17e537dfda8bd766392ef719b2eb16f6dce95537b4b710c3
DYN_VIS-DISC-STRONG,XS,MLP_POST_H8,1,3,0.189561580468543,0.08739359929390256,X2_ALL324_FROZEN_E0,70b846e0634a8c7a17e537dfda8bd766392ef719b2eb16f6dce95537b4b710c3
DYN_VIS-DISC-STRONG,XS,MLP_POST_H8,16,3,0.3534062495080686,0.16190266436321368,X2_ALL324_FROZEN_E0,70b846e0634a8c7a17e537dfda8bd766392ef719b2eb16f6dce95537b4b710c3
DYN_VIS-DISC-STRONG,XS,MLP_POST_H8,8,3,0.35367942987052386,0.16051630494880575,X2_ALL324_FROZEN_E0,70b846e0634a8c7a17e537dfda8bd766392ef719b2eb16f6dce95537b4b710c3
DYN_VIS-DISC-STRONG,XS,PRED_CONT,1,3,0.21434180569916492,0.11217382452452444,X2_ALL324_FROZEN_E0,70b846e0634a8c7a17e537dfda8bd766392ef719b2eb16f6dce95537b4b710c3
DYN_VIS-DISC-STRONG,XS,PRED_CONT,16,3,0.37645079247238256,0.18494720732752765,X2_ALL324_FROZEN_E0,70b846e0634a8c7a17e537dfda8bd766392ef719b2eb16f6dce95537b4b710c3
DYN_VIS-DISC-STRONG,XS,PRED_CONT,8,3,0.37554603840549583,0.18238291348377775,X2_ALL324_FROZEN_E0,70b846e0634a8c7a17e537dfda8bd766392ef719b2eb16f6dce95537b4b710c3
DYN_VIS-DISC-STRONG,XS,S1_SELECTED,1,3,0.1369510688627312,0.03478308768809076,X2_ALL324_FROZEN_E0,70b846e0634a8c7a17e537dfda8bd766392ef719b2eb16f6dce95537b4b710c3
DYN_VIS-DISC-STRONG,XS,S1_SELECTED,16,3,0.22633909293666754,0.0348355077918126,X2_ALL324_FROZEN_E0,70b846e0634a8c7a17e537dfda8bd766392ef719b2eb16f6dce95537b4b710c3
DYN_VIS-DISC-STRONG,XS,S1_SELECTED,8,3,0.22728998449848103,0.03412685957676298,X2_ALL324_FROZEN_E0,70b846e0634a8c7a17e537dfda8bd766392ef719b2eb16f6dce95537b4b710c3
DYN_VIS-DISC-WEAK,EP,JOINT_LINUX,1,3,0.18450575173519515,0.08454343888174413,X2_ALL324_FROZEN_E0,70b846e0634a8c7a17e537dfda8bd766392ef719b2eb16f6dce95537b4b710c3
DYN_VIS-DISC-WEAK,EP,JOINT_LINUX,16,3,0.2969493356563593,0.10136291268679713,X2_ALL324_FROZEN_E0,70b846e0634a8c7a17e537dfda8bd766392ef719b2eb16f6dce95537b4b710c3
DYN_VIS-DISC-WEAK,EP,JOINT_LINUX,8,3,0.29653591645435995,0.1035335807271201,X2_ALL324_FROZEN_E0,70b846e0634a8c7a17e537dfda8bd766392ef719b2eb16f6dce95537b4b710c3
DYN_VIS-DISC-WEAK,EP,MLP_POST_H8,1,3,0.2609926109314787,0.16103029807802763,X2_ALL324_FROZEN_E0,70b846e0634a8c7a17e537dfda8bd766392ef719b2eb16f6dce95537b4b710c3
DYN_VIS-DISC-WEAK,EP,MLP_POST_H8,16,3,0.4539474841132755,0.2583610611437133,X2_ALL324_FROZEN_E0,70b846e0634a8c7a17e537dfda8bd766392ef719b2eb16f6dce95537b4b710c3
DYN_VIS-DISC-WEAK,EP,MLP_POST_H8,8,3,0.4480204169080719,0.255018081180832,X2_ALL324_FROZEN_E0,70b846e0634a8c7a17e537dfda8bd766392ef719b2eb16f6dce95537b4b710c3
DYN_VIS-DISC-WEAK,EP,PRED_CONT,1,3,0.22591975575760626,0.12595744290415523,X2_ALL324_FROZEN_E0,70b846e0634a8c7a17e537dfda8bd766392ef719b2eb16f6dce95537b4b710c3
DYN_VIS-DISC-WEAK,EP,PRED_CONT,16,3,0.37402391306742366,0.17843749009786147,X2_ALL324_FROZEN_E0,70b846e0634a8c7a17e537dfda8bd766392ef719b2eb16f6dce95537b4b710c3
DYN_VIS-DISC-WEAK,EP,PRED_CONT,8,3,0.374529852091343,0.18152751636410316,X2_ALL324_FROZEN_E0,70b846e0634a8c7a17e537dfda8bd766392ef719b2eb16f6dce95537b4b710c3
DYN_VIS-DISC-WEAK,EP,S1_SELECTED,1,3,0.17219414407115852,0.07223183121770745,X2_ALL324_FROZEN_E0,70b846e0634a8c7a17e537dfda8bd766392ef719b2eb16f6dce95537b4b710c3
DYN_VIS-DISC-WEAK,EP,S1_SELECTED,16,3,0.25235601506212596,0.05676959209256376,X2_ALL324_FROZEN_E0,70b846e0634a8c7a17e537dfda8bd766392ef719b2eb16f6dce95537b4b710c3
DYN_VIS-DISC-WEAK,EP,S1_SELECTED,8,3,0.24914460573674754,0.056142270009507673,X2_ALL324_FROZEN_E0,70b846e0634a8c7a17e537dfda8bd766392ef719b2eb16f6dce95537b4b710c3
DYN_VIS-DISC-WEAK,EP_SHUF,JOINT_LINUX,1,3,0.1566719308232539,0.05670961796980286,X2_ALL324_FROZEN_E0,70b846e0634a8c7a17e537dfda8bd766392ef719b2eb16f6dce95537b4b710c3
DYN_VIS-DISC-WEAK,EP_SHUF,JOINT_LINUX,16,3,0.26040110794232524,0.064814684972763,X2_ALL324_FROZEN_E0,70b846e0634a8c7a17e537dfda8bd766392ef719b2eb16f6dce95537b4b710c3
DYN_VIS-DISC-WEAK,EP_SHUF,JOINT_LINUX,8,3,0.26039571822894,0.06739338250170014,X2_ALL324_FROZEN_E0,70b846e0634a8c7a17e537dfda8bd766392ef719b2eb16f6dce95537b4b710c3
DYN_VIS-DISC-WEAK,EP_SHUF,MLP_POST_H8,1,3,0.21597374229506724,0.11601142944161617,X2_ALL324_FROZEN_E0,70b846e0634a8c7a17e537dfda8bd766392ef719b2eb16f6dce95537b4b710c3
DYN_VIS-DISC-WEAK,EP_SHUF,MLP_POST_H8,16,3,0.3743804753774416,0.1787940524078795,X2_ALL324_FROZEN_E0,70b846e0634a8c7a17e537dfda8bd766392ef719b2eb16f6dce95537b4b710c3
DYN_VIS-DISC-WEAK,EP_SHUF,MLP_POST_H8,8,3,0.37489606637090905,0.18189373064366918,X2_ALL324_FROZEN_E0,70b846e0634a8c7a17e537dfda8bd766392ef719b2eb16f6dce95537b4b710c3
DYN_VIS-DISC-WEAK,EP_SHUF,PRED_CONT,1,3,0.20697376861273079,0.10701145575927977,X2_ALL324_FROZEN_E0,70b846e0634a8c7a17e537dfda8bd766392ef719b2eb16f6dce95537b4b710c3
DYN_VIS-DISC-WEAK,EP_SHUF,PRED_CONT,16,3,0.33601196264884986,0.1404255396792877,X2_ALL324_FROZEN_E0,70b846e0634a8c7a17e537dfda8bd766392ef719b2eb16f6dce95537b4b710c3
DYN_VIS-DISC-WEAK,EP_SHUF,PRED_CONT,8,3,0.3365925559011315,0.1435902201738917,X2_ALL324_FROZEN_E0,70b846e0634a8c7a17e537dfda8bd766392ef719b2eb16f6dce95537b4b710c3
DYN_VIS-DISC-WEAK,EP_SHUF,S1_SELECTED,1,3,0.14219204342610198,0.04222973057265093,X2_ALL324_FROZEN_E0,70b846e0634a8c7a17e537dfda8bd766392ef719b2eb16f6dce95537b4b710c3
DYN_VIS-DISC-WEAK,EP_SHUF,S1_SELECTED,16,3,0.21761578507873236,0.02202936210917018,X2_ALL324_FROZEN_E0,70b846e0634a8c7a17e537dfda8bd766392ef719b2eb16f6dce95537b4b710c3
DYN_VIS-DISC-WEAK,EP_SHUF,S1_SELECTED,8,3,0.2146832534876765,0.02168091776043667,X2_ALL324_FROZEN_E0,70b846e0634a8c7a17e537dfda8bd766392ef719b2eb16f6dce95537b4b710c3
DYN_VIS-DISC-WEAK,NO_REG,JOINT_LINUX,1,3,1.6110712533416611,1.51110894048821,X2_ALL324_FROZEN_E0,70b846e0634a8c7a17e537dfda8bd766392ef719b2eb16f6dce95537b4b710c3
DYN_VIS-DISC-WEAK,NO_REG,JOINT_LINUX,16,3,1.6640428802600702,1.468456457290508,X2_ALL324_FROZEN_E0,70b846e0634a8c7a17e537dfda8bd766392ef719b2eb16f6dce95537b4b710c3
DYN_VIS-DISC-WEAK,NO_REG,JOINT_LINUX,8,3,1.651824729020138,1.4588223932928983,X2_ALL324_FROZEN_E0,70b846e0634a8c7a17e537dfda8bd766392ef719b2eb16f6dce95537b4b710c3
DYN_VIS-DISC-WEAK,NO_REG,MLP_POST_H8,1,3,1.5855347815611787,1.4855724687077279,X2_ALL324_FROZEN_E0,70b846e0634a8c7a17e537dfda8bd766392ef719b2eb16f6dce95537b4b710c3
DYN_VIS-DISC-WEAK,NO_REG,MLP_POST_H8,16,3,1.6374964095365243,1.4419099865669622,X2_ALL324_FROZEN_E0,70b846e0634a8c7a17e537dfda8bd766392ef719b2eb16f6dce95537b4b710c3
DYN_VIS-DISC-WEAK,NO_REG,MLP_POST_H8,8,3,1.6253373492221999,1.4323350134949602,X2_ALL324_FROZEN_E0,70b846e0634a8c7a17e537dfda8bd766392ef719b2eb16f6dce95537b4b710c3
DYN_VIS-DISC-WEAK,NO_REG,PRED_CONT,1,3,1.5857165012618797,1.4857541884084287,X2_ALL324_FROZEN_E0,70b846e0634a8c7a17e537dfda8bd766392ef719b2eb16f6dce95537b4b710c3
DYN_VIS-DISC-WEAK,NO_REG,PRED_CONT,16,3,1.6379454452046864,1.4423590222351244,X2_ALL324_FROZEN_E0,70b846e0634a8c7a17e537dfda8bd766392ef719b2eb16f6dce95537b4b710c3
DYN_VIS-DISC-WEAK,NO_REG,PRED_CONT,8,3,1.6259532165852244,1.4329508808579847,X2_ALL324_FROZEN_E0,70b846e0634a8c7a17e537dfda8bd766392ef719b2eb16f6dce95537b4b710c3
DYN_VIS-DISC-WEAK,NO_REG,S1_SELECTED,1,3,1.5964571164198256,1.4964948035663745,X2_ALL324_FROZEN_E0,70b846e0634a8c7a17e537dfda8bd766392ef719b2eb16f6dce95537b4b710c3
DYN_VIS-DISC-WEAK,NO_REG,S1_SELECTED,16,3,1.6489664190849769,1.4533799961154148,X2_ALL324_FROZEN_E0,70b846e0634a8c7a17e537dfda8bd766392ef719b2eb16f6dce95537b4b710c3
DYN_VIS-DISC-WEAK,NO_REG,S1_SELECTED,8,3,1.6371198625396357,1.444117526812396,X2_ALL324_FROZEN_E0,70b846e0634a8c7a17e537dfda8bd766392ef719b2eb16f6dce95537b4b710c3
DYN_VIS-DISC-WEAK,POOL,JOINT_LINUX,1,3,0.1457916673217183,0.045829354468267275,X2_ALL324_FROZEN_E0,70b846e0634a8c7a17e537dfda8bd766392ef719b2eb16f6dce95537b4b710c3
DYN_VIS-DISC-WEAK,POOL,JOINT_LINUX,16,3,0.2502817835238436,0.05469536055428143,X2_ALL324_FROZEN_E0,70b846e0634a8c7a17e537dfda8bd766392ef719b2eb16f6dce95537b4b710c3
DYN_VIS-DISC-WEAK,POOL,JOINT_LINUX,8,3,0.25009297302440525,0.057090637297165465,X2_ALL324_FROZEN_E0,70b846e0634a8c7a17e537dfda8bd766392ef719b2eb16f6dce95537b4b710c3
DYN_VIS-DISC-WEAK,POOL,MLP_POST_H8,1,3,0.20624093285532882,0.10627862000187778,X2_ALL324_FROZEN_E0,70b846e0634a8c7a17e537dfda8bd766392ef719b2eb16f6dce95537b4b710c3
DYN_VIS-DISC-WEAK,POOL,MLP_POST_H8,16,3,0.3707718110131994,0.17518538804363726,X2_ALL324_FROZEN_E0,70b846e0634a8c7a17e537dfda8bd766392ef719b2eb16f6dce95537b4b710c3
DYN_VIS-DISC-WEAK,POOL,MLP_POST_H8,8,3,0.3704686936042796,0.1774663578770398,X2_ALL324_FROZEN_E0,70b846e0634a8c7a17e537dfda8bd766392ef719b2eb16f6dce95537b4b710c3
DYN_VIS-DISC-WEAK,POOL,PRED_CONT,1,3,0.19399739120026835,0.09403507834681729,X2_ALL324_FROZEN_E0,70b846e0634a8c7a17e537dfda8bd766392ef719b2eb16f6dce95537b4b710c3
DYN_VIS-DISC-WEAK,POOL,PRED_CONT,16,3,0.3261599254692482,0.13057350249968608,X2_ALL324_FROZEN_E0,70b846e0634a8c7a17e537dfda8bd766392ef719b2eb16f6dce95537b4b710c3
DYN_VIS-DISC-WEAK,POOL,PRED_CONT,8,3,0.33201574185136745,0.13901340612412763,X2_ALL324_FROZEN_E0,70b846e0634a8c7a17e537dfda8bd766392ef719b2eb16f6dce95537b4b710c3
DYN_VIS-DISC-WEAK,POOL,S1_SELECTED,1,3,0.13164672052237855,0.0316844076689275,X2_ALL324_FROZEN_E0,70b846e0634a8c7a17e537dfda8bd766392ef719b2eb16f6dce95537b4b710c3
DYN_VIS-DISC-WEAK,POOL,S1_SELECTED,16,3,0.2119414996688124,0.016355076699250227,X2_ALL324_FROZEN_E0,70b846e0634a8c7a17e537dfda8bd766392ef719b2eb16f6dce95537b4b710c3
DYN_VIS-DISC-WEAK,POOL,S1_SELECTED,8,3,0.20893651281520778,0.015934177087967988,X2_ALL324_FROZEN_E0,70b846e0634a8c7a17e537dfda8bd766392ef719b2eb16f6dce95537b4b710c3
DYN_VIS-DISC-WEAK,SMX_B,JOINT_LINUX,1,3,0.14468174212492277,0.04471942927147172,X2_ALL324_FROZEN_E0,70b846e0634a8c7a17e537dfda8bd766392ef719b2eb16f6dce95537b4b710c3
DYN_VIS-DISC-WEAK,SMX_B,JOINT_LINUX,16,3,0.24880007150112607,0.0532136485315639,X2_ALL324_FROZEN_E0,70b846e0634a8c7a17e537dfda8bd766392ef719b2eb16f6dce95537b4b710c3
DYN_VIS-DISC-WEAK,SMX_B,JOINT_LINUX,8,3,0.2488630476098356,0.0558607118825958,X2_ALL324_FROZEN_E0,70b846e0634a8c7a17e537dfda8bd766392ef719b2eb16f6dce95537b4b710c3
DYN_VIS-DISC-WEAK,SMX_B,MLP_POST_H8,1,3,0.20630328852869564,0.10634097567524459,X2_ALL324_FROZEN_E0,70b846e0634a8c7a17e537dfda8bd766392ef719b2eb16f6dce95537b4b710c3
DYN_VIS-DISC-WEAK,SMX_B,MLP_POST_H8,16,3,0.369212113360826,0.17362569039126385,X2_ALL324_FROZEN_E0,70b846e0634a8c7a17e537dfda8bd766392ef719b2eb16f6dce95537b4b710c3
DYN_VIS-DISC-WEAK,SMX_B,MLP_POST_H8,8,3,0.3675274836714417,0.17452514794420193,X2_ALL324_FROZEN_E0,70b846e0634a8c7a17e537dfda8bd766392ef719b2eb16f6dce95537b4b710c3
DYN_VIS-DISC-WEAK,SMX_B,PRED_CONT,1,3,0.19668310750419793,0.09672079465074686,X2_ALL324_FROZEN_E0,70b846e0634a8c7a17e537dfda8bd766392ef719b2eb16f6dce95537b4b710c3
DYN_VIS-DISC-WEAK,SMX_B,PRED_CONT,16,3,0.32828912243014,0.13270269946057786,X2_ALL324_FROZEN_E0,70b846e0634a8c7a17e537dfda8bd766392ef719b2eb16f6dce95537b4b710c3
DYN_VIS-DISC-WEAK,SMX_B,PRED_CONT,8,3,0.3320510621229463,0.1390487263957065,X2_ALL324_FROZEN_E0,70b846e0634a8c7a17e537dfda8bd766392ef719b2eb16f6dce95537b4b710c3
DYN_VIS-DISC-WEAK,SMX_B,S1_SELECTED,1,3,0.13108397516859058,0.03112166231513952,X2_ALL324_FROZEN_E0,70b846e0634a8c7a17e537dfda8bd766392ef719b2eb16f6dce95537b4b710c3
DYN_VIS-DISC-WEAK,SMX_B,S1_SELECTED,16,3,0.21199627919333508,0.0164098562237729,X2_ALL324_FROZEN_E0,70b846e0634a8c7a17e537dfda8bd766392ef719b2eb16f6dce95537b4b710c3
DYN_VIS-DISC-WEAK,SMX_B,S1_SELECTED,8,3,0.2090923833838317,0.01609004765659185,X2_ALL324_FROZEN_E0,70b846e0634a8c7a17e537dfda8bd766392ef719b2eb16f6dce95537b4b710c3
DYN_VIS-DISC-WEAK,SM_B,JOINT_LINUX,1,3,0.15959049446776577,0.05962818161431469,X2_ALL324_FROZEN_E0,70b846e0634a8c7a17e537dfda8bd766392ef719b2eb16f6dce95537b4b710c3
DYN_VIS-DISC-WEAK,SM_B,JOINT_LINUX,16,3,0.26095065432204184,0.06536423135247962,X2_ALL324_FROZEN_E0,70b846e0634a8c7a17e537dfda8bd766392ef719b2eb16f6dce95537b4b710c3
DYN_VIS-DISC-WEAK,SM_B,JOINT_LINUX,8,3,0.2601753605865679,0.0671730248593281,X2_ALL324_FROZEN_E0,70b846e0634a8c7a17e537dfda8bd766392ef719b2eb16f6dce95537b4b710c3
DYN_VIS-DISC-WEAK,SM_B,MLP_POST_H8,1,3,0.21353709946667046,0.1135747866132194,X2_ALL324_FROZEN_E0,70b846e0634a8c7a17e537dfda8bd766392ef719b2eb16f6dce95537b4b710c3
DYN_VIS-DISC-WEAK,SM_B,MLP_POST_H8,16,3,0.37738447625485044,0.1817980532852883,X2_ALL324_FROZEN_E0,70b846e0634a8c7a17e537dfda8bd766392ef719b2eb16f6dce95537b4b710c3
DYN_VIS-DISC-WEAK,SM_B,MLP_POST_H8,8,3,0.37781007016565304,0.18480773443841325,X2_ALL324_FROZEN_E0,70b846e0634a8c7a17e537dfda8bd766392ef719b2eb16f6dce95537b4b710c3
DYN_VIS-DISC-WEAK,SM_B,PRED_CONT,1,3,0.21674256203984607,0.116780249186395,X2_ALL324_FROZEN_E0,70b846e0634a8c7a17e537dfda8bd766392ef719b2eb16f6dce95537b4b710c3
DYN_VIS-DISC-WEAK,SM_B,PRED_CONT,16,3,0.3620481823332638,0.16646175936370167,X2_ALL324_FROZEN_E0,70b846e0634a8c7a17e537dfda8bd766392ef719b2eb16f6dce95537b4b710c3
DYN_VIS-DISC-WEAK,SM_B,PRED_CONT,8,3,0.3622959903253979,0.16929365459815812,X2_ALL324_FROZEN_E0,70b846e0634a8c7a17e537dfda8bd766392ef719b2eb16f6dce95537b4b710c3
DYN_VIS-DISC-WEAK,SM_B,S1_SELECTED,1,3,0.1408097497561334,0.04084743690268231,X2_ALL324_FROZEN_E0,70b846e0634a8c7a17e537dfda8bd766392ef719b2eb16f6dce95537b4b710c3
DYN_VIS-DISC-WEAK,SM_B,S1_SELECTED,16,3,0.22053606971934325,0.024949646749781073,X2_ALL324_FROZEN_E0,70b846e0634a8c7a17e537dfda8bd766392ef719b2eb16f6dce95537b4b710c3
DYN_VIS-DISC-WEAK,SM_B,S1_SELECTED,8,3,0.21887699187310786,0.025874656145868053,X2_ALL324_FROZEN_E0,70b846e0634a8c7a17e537dfda8bd766392ef719b2eb16f6dce95537b4b710c3
DYN_VIS-DISC-WEAK,SUP_DIRECT,JOINT_LINUX,1,3,0.11984300770123861,0.019880694847787553,X2_ALL324_FROZEN_E0,70b846e0634a8c7a17e537dfda8bd766392ef719b2eb16f6dce95537b4b710c3
DYN_VIS-DISC-WEAK,SUP_DIRECT,JOINT_LINUX,16,3,0.22935851090468193,0.033772087935119745,X2_ALL324_FROZEN_E0,70b846e0634a8c7a17e537dfda8bd766392ef719b2eb16f6dce95537b4b710c3
DYN_VIS-DISC-WEAK,SUP_DIRECT,JOINT_LINUX,8,3,0.22439190276643994,0.03138956703920012,X2_ALL324_FROZEN_E0,70b846e0634a8c7a17e537dfda8bd766392ef719b2eb16f6dce95537b4b710c3
DYN_VIS-DISC-WEAK,SUP_DIRECT,MLP_POST_H8,1,3,0.17341781240532617,0.0734554995518751,X2_ALL324_FROZEN_E0,70b846e0634a8c7a17e537dfda8bd766392ef719b2eb16f6dce95537b4b710c3
DYN_VIS-DISC-WEAK,SUP_DIRECT,MLP_POST_H8,16,3,0.32372031242180305,0.12813388945224088,X2_ALL324_FROZEN_E0,70b846e0634a8c7a17e537dfda8bd766392ef719b2eb16f6dce95537b4b710c3
DYN_VIS-DISC-WEAK,SUP_DIRECT,MLP_POST_H8,8,3,0.3191189133478162,0.12611657762057635,X2_ALL324_FROZEN_E0,70b846e0634a8c7a17e537dfda8bd766392ef719b2eb16f6dce95537b4b710c3
DYN_VIS-DISC-WEAK,SUP_DIRECT,PRED_CONT,1,3,0.1542372740431619,0.054274961189710834,X2_ALL324_FROZEN_E0,70b846e0634a8c7a17e537dfda8bd766392ef719b2eb16f6dce95537b4b710c3
DYN_VIS-DISC-WEAK,SUP_DIRECT,PRED_CONT,16,3,0.4015519896578727,0.20596556668831045,X2_ALL324_FROZEN_E0,70b846e0634a8c7a17e537dfda8bd766392ef719b2eb16f6dce95537b4b710c3
DYN_VIS-DISC-WEAK,SUP_DIRECT,PRED_CONT,8,3,0.386768292791739,0.19376595706449917,X2_ALL324_FROZEN_E0,70b846e0634a8c7a17e537dfda8bd766392ef719b2eb16f6dce95537b4b710c3
DYN_VIS-DISC-WEAK,SUP_DIRECT,S1_SELECTED,1,3,0.1104973748628888,0.01053506200943774,X2_ALL324_FROZEN_E0,70b846e0634a8c7a17e537dfda8bd766392ef719b2eb16f6dce95537b4b710c3
DYN_VIS-DISC-WEAK,SUP_DIRECT,S1_SELECTED,16,3,0.20604770495997304,0.010461281990410872,X2_ALL324_FROZEN_E0,70b846e0634a8c7a17e537dfda8bd766392ef719b2eb16f6dce95537b4b710c3
DYN_VIS-DISC-WEAK,SUP_DIRECT,S1_SELECTED,8,3,0.20292535544107748,0.00992301971383767,X2_ALL324_FROZEN_E0,70b846e0634a8c7a17e537dfda8bd766392ef719b2eb16f6dce95537b4b710c3
DYN_VIS-DISC-WEAK,TC,JOINT_LINUX,1,3,0.17787417242666104,0.07791185957320997,X2_ALL324_FROZEN_E0,70b846e0634a8c7a17e537dfda8bd766392ef719b2eb16f6dce95537b4b710c3
DYN_VIS-DISC-WEAK,TC,JOINT_LINUX,16,3,0.28792842153077913,0.09234199856121694,X2_ALL324_FROZEN_E0,70b846e0634a8c7a17e537dfda8bd766392ef719b2eb16f6dce95537b4b710c3
DYN_VIS-DISC-WEAK,TC,JOINT_LINUX,8,3,0.28309792222658764,0.09009558649934779,X2_ALL324_FROZEN_E0,70b846e0634a8c7a17e537dfda8bd766392ef719b2eb16f6dce95537b4b710c3
DYN_VIS-DISC-WEAK,TC,MLP_POST_H8,1,3,0.245610776471318,0.14564846361786696,X2_ALL324_FROZEN_E0,70b846e0634a8c7a17e537dfda8bd766392ef719b2eb16f6dce95537b4b710c3
DYN_VIS-DISC-WEAK,TC,MLP_POST_H8,16,3,0.4233119232068936,0.22772550023733137,X2_ALL324_FROZEN_E0,70b846e0634a8c7a17e537dfda8bd766392ef719b2eb16f6dce95537b4b710c3
DYN_VIS-DISC-WEAK,TC,MLP_POST_H8,8,3,0.4180983447137942,0.22509600898655432,X2_ALL324_FROZEN_E0,70b846e0634a8c7a17e537dfda8bd766392ef719b2eb16f6dce95537b4b710c3
DYN_VIS-DISC-WEAK,TC,PRED_CONT,1,3,0.2279399809954692,0.12797766814201816,X2_ALL324_FROZEN_E0,70b846e0634a8c7a17e537dfda8bd766392ef719b2eb16f6dce95537b4b710c3
DYN_VIS-DISC-WEAK,TC,PRED_CONT,16,3,0.38357325626029865,0.18798683329073643,X2_ALL324_FROZEN_E0,70b846e0634a8c7a17e537dfda8bd766392ef719b2eb16f6dce95537b4b710c3
DYN_VIS-DISC-WEAK,TC,PRED_CONT,8,3,0.37857165107369584,0.18556931534645602,X2_ALL324_FROZEN_E0,70b846e0634a8c7a17e537dfda8bd766392ef719b2eb16f6dce95537b4b710c3
DYN_VIS-DISC-WEAK,TC,S1_SELECTED,1,3,0.15615010285012165,0.056187789996670574,X2_ALL324_FROZEN_E0,70b846e0634a8c7a17e537dfda8bd766392ef719b2eb16f6dce95537b4b710c3
DYN_VIS-DISC-WEAK,TC,S1_SELECTED,16,3,0.23664504177505633,0.041058618805494156,X2_ALL324_FROZEN_E0,70b846e0634a8c7a17e537dfda8bd766392ef719b2eb16f6dce95537b4b710c3
DYN_VIS-DISC-WEAK,TC,S1_SELECTED,8,3,0.2335921612351944,0.040589825507954536,X2_ALL324_FROZEN_E0,70b846e0634a8c7a17e537dfda8bd766392ef719b2eb16f6dce95537b4b710c3
DYN_VIS-DISC-WEAK,XS,JOINT_LINUX,1,3,0.15262633690448127,0.05266402405103022,X2_ALL324_FROZEN_E0,70b846e0634a8c7a17e537dfda8bd766392ef719b2eb16f6dce95537b4b710c3
DYN_VIS-DISC-WEAK,XS,JOINT_LINUX,16,3,0.2561377521677327,0.06055132919817054,X2_ALL324_FROZEN_E0,70b846e0634a8c7a17e537dfda8bd766392ef719b2eb16f6dce95537b4b710c3
DYN_VIS-DISC-WEAK,XS,JOINT_LINUX,8,3,0.2557411685621159,0.06273883283487604,X2_ALL324_FROZEN_E0,70b846e0634a8c7a17e537dfda8bd766392ef719b2eb16f6dce95537b4b710c3
DYN_VIS-DISC-WEAK,XS,MLP_POST_H8,1,3,0.21457953930179685,0.11461722644834578,X2_ALL324_FROZEN_E0,70b846e0634a8c7a17e537dfda8bd766392ef719b2eb16f6dce95537b4b710c3
DYN_VIS-DISC-WEAK,XS,MLP_POST_H8,16,3,0.3698760334124871,0.17428961044292487,X2_ALL324_FROZEN_E0,70b846e0634a8c7a17e537dfda8bd766392ef719b2eb16f6dce95537b4b710c3
DYN_VIS-DISC-WEAK,XS,MLP_POST_H8,8,3,0.37387937443814484,0.18087703871090502,X2_ALL324_FROZEN_E0,70b846e0634a8c7a17e537dfda8bd766392ef719b2eb16f6dce95537b4b710c3
DYN_VIS-DISC-WEAK,XS,PRED_CONT,1,3,0.20424105167356546,0.1042787388201144,X2_ALL324_FROZEN_E0,70b846e0634a8c7a17e537dfda8bd766392ef719b2eb16f6dce95537b4b710c3
DYN_VIS-DISC-WEAK,XS,PRED_CONT,16,3,0.33098832712307835,0.13540190415351616,X2_ALL324_FROZEN_E0,70b846e0634a8c7a17e537dfda8bd766392ef719b2eb16f6dce95537b4b710c3
DYN_VIS-DISC-WEAK,XS,PRED_CONT,8,3,0.3382201426938362,0.14521780696659636,X2_ALL324_FROZEN_E0,70b846e0634a8c7a17e537dfda8bd766392ef719b2eb16f6dce95537b4b710c3
DYN_VIS-DISC-WEAK,XS,S1_SELECTED,1,3,0.13880743021448513,0.038845117361034076,X2_ALL324_FROZEN_E0,70b846e0634a8c7a17e537dfda8bd766392ef719b2eb16f6dce95537b4b710c3
DYN_VIS-DISC-WEAK,XS,S1_SELECTED,16,3,0.21545772616970962,0.019871303200147444,X2_ALL324_FROZEN_E0,70b846e0634a8c7a17e537dfda8bd766392ef719b2eb16f6dce95537b4b710c3
DYN_VIS-DISC-WEAK,XS,S1_SELECTED,8,3,0.21249579008583908,0.019493454358599255,X2_ALL324_FROZEN_E0,70b846e0634a8c7a17e537dfda8bd766392ef719b2eb16f6dce95537b4b710c3
DYN_VIS-GAUSS-STRONG,EP,JOINT_LINUX,1,3,0.45061254396794537,0.3465621287852609,X2_ALL324_FROZEN_E0,70b846e0634a8c7a17e537dfda8bd766392ef719b2eb16f6dce95537b4b710c3
DYN_VIS-GAUSS-STRONG,EP,JOINT_LINUX,16,3,0.6202828962129341,0.42340779289193636,X2_ALL324_FROZEN_E0,70b846e0634a8c7a17e537dfda8bd766392ef719b2eb16f6dce95537b4b710c3
DYN_VIS-GAUSS-STRONG,EP,JOINT_LINUX,8,3,0.5835167656393446,0.38756609921608876,X2_ALL324_FROZEN_E0,70b846e0634a8c7a17e537dfda8bd766392ef719b2eb16f6dce95537b4b710c3
DYN_VIS-GAUSS-STRONG,EP,MLP_POST_H8,1,3,0.5373393441141618,0.43328892893147736,X2_ALL324_FROZEN_E0,70b846e0634a8c7a17e537dfda8bd766392ef719b2eb16f6dce95537b4b710c3
DYN_VIS-GAUSS-STRONG,EP,MLP_POST_H8,16,3,0.7429276760002024,0.5460525726792046,X2_ALL324_FROZEN_E0,70b846e0634a8c7a17e537dfda8bd766392ef719b2eb16f6dce95537b4b710c3
DYN_VIS-GAUSS-STRONG,EP,MLP_POST_H8,8,3,0.7347948006862547,0.5388441342629989,X2_ALL324_FROZEN_E0,70b846e0634a8c7a17e537dfda8bd766392ef719b2eb16f6dce95537b4b710c3
DYN_VIS-GAUSS-STRONG,EP,PRED_CONT,1,3,0.5315196341633471,0.4274692189806628,X2_ALL324_FROZEN_E0,70b846e0634a8c7a17e537dfda8bd766392ef719b2eb16f6dce95537b4b710c3
DYN_VIS-GAUSS-STRONG,EP,PRED_CONT,16,3,0.7195725725036332,0.5226974691826354,X2_ALL324_FROZEN_E0,70b846e0634a8c7a17e537dfda8bd766392ef719b2eb16f6dce95537b4b710c3
DYN_VIS-GAUSS-STRONG,EP,PRED_CONT,8,3,0.6938428112782652,0.4978921448550094,X2_ALL324_FROZEN_E0,70b846e0634a8c7a17e537dfda8bd766392ef719b2eb16f6dce95537b4b710c3
DYN_VIS-GAUSS-STRONG,EP,S1_SELECTED,1,3,0.421609571575632,0.31755915639294746,X2_ALL324_FROZEN_E0,70b846e0634a8c7a17e537dfda8bd766392ef719b2eb16f6dce95537b4b710c3
DYN_VIS-GAUSS-STRONG,EP,S1_SELECTED,16,3,0.43983409323363826,0.24295898991264053,X2_ALL324_FROZEN_E0,70b846e0634a8c7a17e537dfda8bd766392ef719b2eb16f6dce95537b4b710c3
DYN_VIS-GAUSS-STRONG,EP,S1_SELECTED,8,3,0.44098143577861837,0.24503076935536253,X2_ALL324_FROZEN_E0,70b846e0634a8c7a17e537dfda8bd766392ef719b2eb16f6dce95537b4b710c3
DYN_VIS-GAUSS-STRONG,EP_SHUF,JOINT_LINUX,1,3,0.20662702747450748,0.10257661229182298,X2_ALL324_FROZEN_E0,70b846e0634a8c7a17e537dfda8bd766392ef719b2eb16f6dce95537b4b710c3
DYN_VIS-GAUSS-STRONG,EP_SHUF,JOINT_LINUX,16,3,0.3123240870750085,0.11544898375401076,X2_ALL324_FROZEN_E0,70b846e0634a8c7a17e537dfda8bd766392ef719b2eb16f6dce95537b4b710c3
DYN_VIS-GAUSS-STRONG,EP_SHUF,JOINT_LINUX,8,3,0.3028979863228764,0.10694731989962057,X2_ALL324_FROZEN_E0,70b846e0634a8c7a17e537dfda8bd766392ef719b2eb16f6dce95537b4b710c3
DYN_VIS-GAUSS-STRONG,EP_SHUF,MLP_POST_H8,1,3,0.2547816249587293,0.1507312097760448,X2_ALL324_FROZEN_E0,70b846e0634a8c7a17e537dfda8bd766392ef719b2eb16f6dce95537b4b710c3
DYN_VIS-GAUSS-STRONG,EP_SHUF,MLP_POST_H8,16,3,0.3940597659720469,0.1971846626510492,X2_ALL324_FROZEN_E0,70b846e0634a8c7a17e537dfda8bd766392ef719b2eb16f6dce95537b4b710c3
DYN_VIS-GAUSS-STRONG,EP_SHUF,MLP_POST_H8,8,3,0.389984268792879,0.19403360236962322,X2_ALL324_FROZEN_E0,70b846e0634a8c7a17e537dfda8bd766392ef719b2eb16f6dce95537b4b710c3
DYN_VIS-GAUSS-STRONG,EP_SHUF,PRED_CONT,1,3,0.25236338081558024,0.14831296563289573,X2_ALL324_FROZEN_E0,70b846e0634a8c7a17e537dfda8bd766392ef719b2eb16f6dce95537b4b710c3
DYN_VIS-GAUSS-STRONG,EP_SHUF,PRED_CONT,16,3,0.38204281437438725,0.18516771105338956,X2_ALL324_FROZEN_E0,70b846e0634a8c7a17e537dfda8bd766392ef719b2eb16f6dce95537b4b710c3
DYN_VIS-GAUSS-STRONG,EP_SHUF,PRED_CONT,8,3,0.3790766426296633,0.1831259762064075,X2_ALL324_FROZEN_E0,70b846e0634a8c7a17e537dfda8bd766392ef719b2eb16f6dce95537b4b710c3
DYN_VIS-GAUSS-STRONG,EP_SHUF,S1_SELECTED,1,3,0.1785191904107182,0.0744687752280337,X2_ALL324_FROZEN_E0,70b846e0634a8c7a17e537dfda8bd766392ef719b2eb16f6dce95537b4b710c3
DYN_VIS-GAUSS-STRONG,EP_SHUF,S1_SELECTED,16,3,0.23823935461601167,0.04136425129501397,X2_ALL324_FROZEN_E0,70b846e0634a8c7a17e537dfda8bd766392ef719b2eb16f6dce95537b4b710c3
DYN_VIS-GAUSS-STRONG,EP_SHUF,S1_SELECTED,8,3,0.23753513194101294,0.04158446551775715,X2_ALL324_FROZEN_E0,70b846e0634a8c7a17e537dfda8bd766392ef719b2eb16f6dce95537b4b710c3
DYN_VIS-GAUSS-STRONG,NO_REG,JOINT_LINUX,1,3,2.0139686095141887,1.9099181943315042,X2_ALL324_FROZEN_E0,70b846e0634a8c7a17e537dfda8bd766392ef719b2eb16f6dce95537b4b710c3
DYN_VIS-GAUSS-STRONG,NO_REG,JOINT_LINUX,16,3,2.0527756405254625,1.8559005372044648,X2_ALL324_FROZEN_E0,70b846e0634a8c7a17e537dfda8bd766392ef719b2eb16f6dce95537b4b710c3
DYN_VIS-GAUSS-STRONG,NO_REG,JOINT_LINUX,8,3,2.0505293629211034,1.854578696497848,X2_ALL324_FROZEN_E0,70b846e0634a8c7a17e537dfda8bd766392ef719b2eb16f6dce95537b4b710c3
DYN_VIS-GAUSS-STRONG,NO_REG,MLP_POST_H8,1,3,1.9963179307696668,1.8922675155869826,X2_ALL324_FROZEN_E0,70b846e0634a8c7a17e537dfda8bd766392ef719b2eb16f6dce95537b4b710c3
DYN_VIS-GAUSS-STRONG,NO_REG,MLP_POST_H8,16,3,2.0372036649534095,1.8403285616324119,X2_ALL324_FROZEN_E0,70b846e0634a8c7a17e537dfda8bd766392ef719b2eb16f6dce95537b4b710c3
DYN_VIS-GAUSS-STRONG,NO_REG,MLP_POST_H8,8,3,2.034677155059937,1.8387264886366816,X2_ALL324_FROZEN_E0,70b846e0634a8c7a17e537dfda8bd766392ef719b2eb16f6dce95537b4b710c3
DYN_VIS-GAUSS-STRONG,NO_REG,PRED_CONT,1,3,1.9998874305859948,1.8958370154033108,X2_ALL324_FROZEN_E0,70b846e0634a8c7a17e537dfda8bd766392ef719b2eb16f6dce95537b4b710c3
DYN_VIS-GAUSS-STRONG,NO_REG,PRED_CONT,16,3,2.038384333069985,1.841509229748987,X2_ALL324_FROZEN_E0,70b846e0634a8c7a17e537dfda8bd766392ef719b2eb16f6dce95537b4b710c3
DYN_VIS-GAUSS-STRONG,NO_REG,PRED_CONT,8,3,2.036385385332471,1.8404347189092152,X2_ALL324_FROZEN_E0,70b846e0634a8c7a17e537dfda8bd766392ef719b2eb16f6dce95537b4b710c3
DYN_VIS-GAUSS-STRONG,NO_REG,S1_SELECTED,1,3,2.0063023902537602,1.9022519750710758,X2_ALL324_FROZEN_E0,70b846e0634a8c7a17e537dfda8bd766392ef719b2eb16f6dce95537b4b710c3
DYN_VIS-GAUSS-STRONG,NO_REG,S1_SELECTED,16,3,2.0458730908471847,1.848997987526187,X2_ALL324_FROZEN_E0,70b846e0634a8c7a17e537dfda8bd766392ef719b2eb16f6dce95537b4b710c3
DYN_VIS-GAUSS-STRONG,NO_REG,S1_SELECTED,8,3,2.0440392950589987,1.8480886286357425,X2_ALL324_FROZEN_E0,70b846e0634a8c7a17e537dfda8bd766392ef719b2eb16f6dce95537b4b710c3
DYN_VIS-GAUSS-STRONG,POOL,JOINT_LINUX,1,3,0.1931683729906639,0.08911795780797942,X2_ALL324_FROZEN_E0,70b846e0634a8c7a17e537dfda8bd766392ef719b2eb16f6dce95537b4b710c3
DYN_VIS-GAUSS-STRONG,POOL,JOINT_LINUX,16,3,0.2987154102833399,0.10184030696234218,X2_ALL324_FROZEN_E0,70b846e0634a8c7a17e537dfda8bd766392ef719b2eb16f6dce95537b4b710c3
DYN_VIS-GAUSS-STRONG,POOL,JOINT_LINUX,8,3,0.2895093022780731,0.09355863585481729,X2_ALL324_FROZEN_E0,70b846e0634a8c7a17e537dfda8bd766392ef719b2eb16f6dce95537b4b710c3
DYN_VIS-GAUSS-STRONG,POOL,MLP_POST_H8,1,3,0.2395775669090828,0.1355271517263983,X2_ALL324_FROZEN_E0,70b846e0634a8c7a17e537dfda8bd766392ef719b2eb16f6dce95537b4b710c3
DYN_VIS-GAUSS-STRONG,POOL,MLP_POST_H8,16,3,0.38353416816521263,0.18665906484421488,X2_ALL324_FROZEN_E0,70b846e0634a8c7a17e537dfda8bd766392ef719b2eb16f6dce95537b4b710c3
DYN_VIS-GAUSS-STRONG,POOL,MLP_POST_H8,8,3,0.37866189988906496,0.18271123346580911,X2_ALL324_FROZEN_E0,70b846e0634a8c7a17e537dfda8bd766392ef719b2eb16f6dce95537b4b710c3
DYN_VIS-GAUSS-STRONG,POOL,PRED_CONT,1,3,0.23534888609927465,0.1312984709165902,X2_ALL324_FROZEN_E0,70b846e0634a8c7a17e537dfda8bd766392ef719b2eb16f6dce95537b4b710c3
DYN_VIS-GAUSS-STRONG,POOL,PRED_CONT,16,3,0.36395865868750893,0.16708355536651118,X2_ALL324_FROZEN_E0,70b846e0634a8c7a17e537dfda8bd766392ef719b2eb16f6dce95537b4b710c3
DYN_VIS-GAUSS-STRONG,POOL,PRED_CONT,8,3,0.3598162837803323,0.16386561735707653,X2_ALL324_FROZEN_E0,70b846e0634a8c7a17e537dfda8bd766392ef719b2eb16f6dce95537b4b710c3
DYN_VIS-GAUSS-STRONG,POOL,S1_SELECTED,1,3,0.16831498082059224,0.06426456563790775,X2_ALL324_FROZEN_E0,70b846e0634a8c7a17e537dfda8bd766392ef719b2eb16f6dce95537b4b710c3
DYN_VIS-GAUSS-STRONG,POOL,S1_SELECTED,16,3,0.23381839640447652,0.03694329308347877,X2_ALL324_FROZEN_E0,70b846e0634a8c7a17e537dfda8bd766392ef719b2eb16f6dce95537b4b710c3
DYN_VIS-GAUSS-STRONG,POOL,S1_SELECTED,8,3,0.23384519637962894,0.03789452995637311,X2_ALL324_FROZEN_E0,70b846e0634a8c7a17e537dfda8bd766392ef719b2eb16f6dce95537b4b710c3
DYN_VIS-GAUSS-STRONG,SMX_B,JOINT_LINUX,1,3,0.2070690644748067,0.10301864929212223,X2_ALL324_FROZEN_E0,70b846e0634a8c7a17e537dfda8bd766392ef719b2eb16f6dce95537b4b710c3
DYN_VIS-GAUSS-STRONG,SMX_B,JOINT_LINUX,16,3,0.30881392356995885,0.11193882024896111,X2_ALL324_FROZEN_E0,70b846e0634a8c7a17e537dfda8bd766392ef719b2eb16f6dce95537b4b710c3
DYN_VIS-GAUSS-STRONG,SMX_B,JOINT_LINUX,8,3,0.30302524508174566,0.10707457865848986,X2_ALL324_FROZEN_E0,70b846e0634a8c7a17e537dfda8bd766392ef719b2eb16f6dce95537b4b710c3
DYN_VIS-GAUSS-STRONG,SMX_B,MLP_POST_H8,1,3,0.24650730114823824,0.14245688596555375,X2_ALL324_FROZEN_E0,70b846e0634a8c7a17e537dfda8bd766392ef719b2eb16f6dce95537b4b710c3
DYN_VIS-GAUSS-STRONG,SMX_B,MLP_POST_H8,16,3,0.37967665870079337,0.18280155537979562,X2_ALL324_FROZEN_E0,70b846e0634a8c7a17e537dfda8bd766392ef719b2eb16f6dce95537b4b710c3
DYN_VIS-GAUSS-STRONG,SMX_B,MLP_POST_H8,8,3,0.378415192853246,0.18246452642999023,X2_ALL324_FROZEN_E0,70b846e0634a8c7a17e537dfda8bd766392ef719b2eb16f6dce95537b4b710c3
DYN_VIS-GAUSS-STRONG,SMX_B,PRED_CONT,1,3,0.24799014588057924,0.14393973069789476,X2_ALL324_FROZEN_E0,70b846e0634a8c7a17e537dfda8bd766392ef719b2eb16f6dce95537b4b710c3
DYN_VIS-GAUSS-STRONG,SMX_B,PRED_CONT,16,3,0.38606393399341005,0.18918883067241232,X2_ALL324_FROZEN_E0,70b846e0634a8c7a17e537dfda8bd766392ef719b2eb16f6dce95537b4b710c3
DYN_VIS-GAUSS-STRONG,SMX_B,PRED_CONT,8,3,0.3787104655084165,0.1827597990851607,X2_ALL324_FROZEN_E0,70b846e0634a8c7a17e537dfda8bd766392ef719b2eb16f6dce95537b4b710c3
DYN_VIS-GAUSS-STRONG,SMX_B,S1_SELECTED,1,3,0.18015600627131087,0.0761055910886264,X2_ALL324_FROZEN_E0,70b846e0634a8c7a17e537dfda8bd766392ef719b2eb16f6dce95537b4b710c3
DYN_VIS-GAUSS-STRONG,SMX_B,S1_SELECTED,16,3,0.24589757843797602,0.0490224751169783,X2_ALL324_FROZEN_E0,70b846e0634a8c7a17e537dfda8bd766392ef719b2eb16f6dce95537b4b710c3
DYN_VIS-GAUSS-STRONG,SMX_B,S1_SELECTED,8,3,0.2445544109902781,0.048603744567022295,X2_ALL324_FROZEN_E0,70b846e0634a8c7a17e537dfda8bd766392ef719b2eb16f6dce95537b4b710c3
DYN_VIS-GAUSS-STRONG,SM_B,JOINT_LINUX,1,3,0.20301290948159964,0.09896249429891518,X2_ALL324_FROZEN_E0,70b846e0634a8c7a17e537dfda8bd766392ef719b2eb16f6dce95537b4b710c3
DYN_VIS-GAUSS-STRONG,SM_B,JOINT_LINUX,16,3,0.30712760731408784,0.11025250399309011,X2_ALL324_FROZEN_E0,70b846e0634a8c7a17e537dfda8bd766392ef719b2eb16f6dce95537b4b710c3
DYN_VIS-GAUSS-STRONG,SM_B,JOINT_LINUX,8,3,0.3008619373772697,0.10491127095401391,X2_ALL324_FROZEN_E0,70b846e0634a8c7a17e537dfda8bd766392ef719b2eb16f6dce95537b4b710c3
DYN_VIS-GAUSS-STRONG,SM_B,MLP_POST_H8,1,3,0.2538869417777312,0.14983652659504668,X2_ALL324_FROZEN_E0,70b846e0634a8c7a17e537dfda8bd766392ef719b2eb16f6dce95537b4b710c3
DYN_VIS-GAUSS-STRONG,SM_B,MLP_POST_H8,16,3,0.40658648463313907,0.20971138131214137,X2_ALL324_FROZEN_E0,70b846e0634a8c7a17e537dfda8bd766392ef719b2eb16f6dce95537b4b710c3
DYN_VIS-GAUSS-STRONG,SM_B,MLP_POST_H8,8,3,0.40140994924833845,0.20545928282508263,X2_ALL324_FROZEN_E0,70b846e0634a8c7a17e537dfda8bd766392ef719b2eb16f6dce95537b4b710c3
DYN_VIS-GAUSS-STRONG,SM_B,PRED_CONT,1,3,0.2488401156682222,0.14478970048553771,X2_ALL324_FROZEN_E0,70b846e0634a8c7a17e537dfda8bd766392ef719b2eb16f6dce95537b4b710c3
DYN_VIS-GAUSS-STRONG,SM_B,PRED_CONT,16,3,0.39423025167581444,0.19735514835481668,X2_ALL324_FROZEN_E0,70b846e0634a8c7a17e537dfda8bd766392ef719b2eb16f6dce95537b4b710c3
DYN_VIS-GAUSS-STRONG,SM_B,PRED_CONT,8,3,0.38707625607068047,0.19112558964742468,X2_ALL324_FROZEN_E0,70b846e0634a8c7a17e537dfda8bd766392ef719b2eb16f6dce95537b4b710c3
DYN_VIS-GAUSS-STRONG,SM_B,S1_SELECTED,1,3,0.17375917004732525,0.06970875486464075,X2_ALL324_FROZEN_E0,70b846e0634a8c7a17e537dfda8bd766392ef719b2eb16f6dce95537b4b710c3
DYN_VIS-GAUSS-STRONG,SM_B,S1_SELECTED,16,3,0.25397955901856534,0.05710445569756761,X2_ALL324_FROZEN_E0,70b846e0634a8c7a17e537dfda8bd766392ef719b2eb16f6dce95537b4b710c3
DYN_VIS-GAUSS-STRONG,SM_B,S1_SELECTED,8,3,0.24339561768774876,0.047444951264492975,X2_ALL324_FROZEN_E0,70b846e0634a8c7a17e537dfda8bd766392ef719b2eb16f6dce95537b4b710c3
DYN_VIS-GAUSS-STRONG,SUP_DIRECT,JOINT_LINUX,1,3,0.1278329054862717,0.023782490303587204,X2_ALL324_FROZEN_E0,70b846e0634a8c7a17e537dfda8bd766392ef719b2eb16f6dce95537b4b710c3
DYN_VIS-GAUSS-STRONG,SUP_DIRECT,JOINT_LINUX,16,3,0.22983563969731358,0.03296053637631585,X2_ALL324_FROZEN_E0,70b846e0634a8c7a17e537dfda8bd766392ef719b2eb16f6dce95537b4b710c3
DYN_VIS-GAUSS-STRONG,SUP_DIRECT,JOINT_LINUX,8,3,0.2319232730439875,0.0359726066207317,X2_ALL324_FROZEN_E0,70b846e0634a8c7a17e537dfda8bd766392ef719b2eb16f6dce95537b4b710c3
DYN_VIS-GAUSS-STRONG,SUP_DIRECT,MLP_POST_H8,1,3,0.2683210392485724,0.1642706240658879,X2_ALL324_FROZEN_E0,70b846e0634a8c7a17e537dfda8bd766392ef719b2eb16f6dce95537b4b710c3
DYN_VIS-GAUSS-STRONG,SUP_DIRECT,MLP_POST_H8,16,3,0.42278619361834685,0.2259110902973492,X2_ALL324_FROZEN_E0,70b846e0634a8c7a17e537dfda8bd766392ef719b2eb16f6dce95537b4b710c3
DYN_VIS-GAUSS-STRONG,SUP_DIRECT,MLP_POST_H8,8,3,0.42138037229373615,0.22542970587048036,X2_ALL324_FROZEN_E0,70b846e0634a8c7a17e537dfda8bd766392ef719b2eb16f6dce95537b4b710c3
DYN_VIS-GAUSS-STRONG,SUP_DIRECT,PRED_CONT,1,3,0.1687637814032746,0.0647133662205901,X2_ALL324_FROZEN_E0,70b846e0634a8c7a17e537dfda8bd766392ef719b2eb16f6dce95537b4b710c3
DYN_VIS-GAUSS-STRONG,SUP_DIRECT,PRED_CONT,16,3,0.3698254460773051,0.1729503427563074,X2_ALL324_FROZEN_E0,70b846e0634a8c7a17e537dfda8bd766392ef719b2eb16f6dce95537b4b710c3
DYN_VIS-GAUSS-STRONG,SUP_DIRECT,PRED_CONT,8,3,0.3661706095691819,0.17021994314592612,X2_ALL324_FROZEN_E0,70b846e0634a8c7a17e537dfda8bd766392ef719b2eb16f6dce95537b4b710c3
DYN_VIS-GAUSS-STRONG,SUP_DIRECT,S1_SELECTED,1,3,0.1888489458035643,0.08479853062087983,X2_ALL324_FROZEN_E0,70b846e0634a8c7a17e537dfda8bd766392ef719b2eb16f6dce95537b4b710c3
DYN_VIS-GAUSS-STRONG,SUP_DIRECT,S1_SELECTED,16,3,0.25981467069830594,0.06293956737730817,X2_ALL324_FROZEN_E0,70b846e0634a8c7a17e537dfda8bd766392ef719b2eb16f6dce95537b4b710c3
DYN_VIS-GAUSS-STRONG,SUP_DIRECT,S1_SELECTED,8,3,0.2596965409450886,0.06374587452183277,X2_ALL324_FROZEN_E0,70b846e0634a8c7a17e537dfda8bd766392ef719b2eb16f6dce95537b4b710c3
DYN_VIS-GAUSS-STRONG,TC,JOINT_LINUX,1,3,0.2022702567964806,0.09821984161379611,X2_ALL324_FROZEN_E0,70b846e0634a8c7a17e537dfda8bd766392ef719b2eb16f6dce95537b4b710c3
DYN_VIS-GAUSS-STRONG,TC,JOINT_LINUX,16,3,0.30331231189660507,0.10643720857560734,X2_ALL324_FROZEN_E0,70b846e0634a8c7a17e537dfda8bd766392ef719b2eb16f6dce95537b4b710c3
DYN_VIS-GAUSS-STRONG,TC,JOINT_LINUX,8,3,0.29811965613057845,0.10216898970732269,X2_ALL324_FROZEN_E0,70b846e0634a8c7a17e537dfda8bd766392ef719b2eb16f6dce95537b4b710c3
DYN_VIS-GAUSS-STRONG,TC,MLP_POST_H8,1,3,0.25334801347223973,0.14929759828955522,X2_ALL324_FROZEN_E0,70b846e0634a8c7a17e537dfda8bd766392ef719b2eb16f6dce95537b4b710c3
DYN_VIS-GAUSS-STRONG,TC,MLP_POST_H8,16,3,0.3981562493011909,0.20128114598019317,X2_ALL324_FROZEN_E0,70b846e0634a8c7a17e537dfda8bd766392ef719b2eb16f6dce95537b4b710c3
DYN_VIS-GAUSS-STRONG,TC,MLP_POST_H8,8,3,0.3966483300997297,0.200697663676474,X2_ALL324_FROZEN_E0,70b846e0634a8c7a17e537dfda8bd766392ef719b2eb16f6dce95537b4b710c3
DYN_VIS-GAUSS-STRONG,TC,PRED_CONT,1,3,0.24431618413658715,0.14026576895390266,X2_ALL324_FROZEN_E0,70b846e0634a8c7a17e537dfda8bd766392ef719b2eb16f6dce95537b4b710c3
DYN_VIS-GAUSS-STRONG,TC,PRED_CONT,16,3,0.3812738855404752,0.18439878221947756,X2_ALL324_FROZEN_E0,70b846e0634a8c7a17e537dfda8bd766392ef719b2eb16f6dce95537b4b710c3
DYN_VIS-GAUSS-STRONG,TC,PRED_CONT,8,3,0.3719026938931411,0.17595202746988536,X2_ALL324_FROZEN_E0,70b846e0634a8c7a17e537dfda8bd766392ef719b2eb16f6dce95537b4b710c3
DYN_VIS-GAUSS-STRONG,TC,S1_SELECTED,1,3,0.17719766421801483,0.07314724903533035,X2_ALL324_FROZEN_E0,70b846e0634a8c7a17e537dfda8bd766392ef719b2eb16f6dce95537b4b710c3
DYN_VIS-GAUSS-STRONG,TC,S1_SELECTED,16,3,0.25666533649595763,0.05979023317495994,X2_ALL324_FROZEN_E0,70b846e0634a8c7a17e537dfda8bd766392ef719b2eb16f6dce95537b4b710c3
DYN_VIS-GAUSS-STRONG,TC,S1_SELECTED,8,3,0.24443477794188784,0.04848411151863207,X2_ALL324_FROZEN_E0,70b846e0634a8c7a17e537dfda8bd766392ef719b2eb16f6dce95537b4b710c3
DYN_VIS-GAUSS-STRONG,XS,JOINT_LINUX,1,3,0.1898168410339012,0.08576642585121674,X2_ALL324_FROZEN_E0,70b846e0634a8c7a17e537dfda8bd766392ef719b2eb16f6dce95537b4b710c3
DYN_VIS-GAUSS-STRONG,XS,JOINT_LINUX,16,3,0.28767085579637636,0.09079575247537865,X2_ALL324_FROZEN_E0,70b846e0634a8c7a17e537dfda8bd766392ef719b2eb16f6dce95537b4b710c3
DYN_VIS-GAUSS-STRONG,XS,JOINT_LINUX,8,3,0.2823231530331321,0.0863724866098763,X2_ALL324_FROZEN_E0,70b846e0634a8c7a17e537dfda8bd766392ef719b2eb16f6dce95537b4b710c3
DYN_VIS-GAUSS-STRONG,XS,MLP_POST_H8,1,3,0.23567840049603608,0.13162798531335163,X2_ALL324_FROZEN_E0,70b846e0634a8c7a17e537dfda8bd766392ef719b2eb16f6dce95537b4b710c3
DYN_VIS-GAUSS-STRONG,XS,MLP_POST_H8,16,3,0.37492051471352705,0.17804541139252936,X2_ALL324_FROZEN_E0,70b846e0634a8c7a17e537dfda8bd766392ef719b2eb16f6dce95537b4b710c3
DYN_VIS-GAUSS-STRONG,XS,MLP_POST_H8,8,3,0.36831249878910205,0.17236183236584632,X2_ALL324_FROZEN_E0,70b846e0634a8c7a17e537dfda8bd766392ef719b2eb16f6dce95537b4b710c3
DYN_VIS-GAUSS-STRONG,XS,PRED_CONT,1,3,0.23568781102113798,0.1316373958384535,X2_ALL324_FROZEN_E0,70b846e0634a8c7a17e537dfda8bd766392ef719b2eb16f6dce95537b4b710c3
DYN_VIS-GAUSS-STRONG,XS,PRED_CONT,16,3,0.37203735333083426,0.1751622500098365,X2_ALL324_FROZEN_E0,70b846e0634a8c7a17e537dfda8bd766392ef719b2eb16f6dce95537b4b710c3
DYN_VIS-GAUSS-STRONG,XS,PRED_CONT,8,3,0.36644227995206297,0.17049161352880718,X2_ALL324_FROZEN_E0,70b846e0634a8c7a17e537dfda8bd766392ef719b2eb16f6dce95537b4b710c3
DYN_VIS-GAUSS-STRONG,XS,S1_SELECTED,1,3,0.16876297615435987,0.06471256097167537,X2_ALL324_FROZEN_E0,70b846e0634a8c7a17e537dfda8bd766392ef719b2eb16f6dce95537b4b710c3
DYN_VIS-GAUSS-STRONG,XS,S1_SELECTED,16,3,0.23660915375905034,0.03973405043805262,X2_ALL324_FROZEN_E0,70b846e0634a8c7a17e537dfda8bd766392ef719b2eb16f6dce95537b4b710c3
DYN_VIS-GAUSS-STRONG,XS,S1_SELECTED,8,3,0.2365083977765772,0.04055773135332142,X2_ALL324_FROZEN_E0,70b846e0634a8c7a17e537dfda8bd766392ef719b2eb16f6dce95537b4b710c3
DYN_VIS-GAUSS-WEAK,EP,JOINT_LINUX,1,3,0.17517271167441636,0.07240538425026417,X2_ALL324_FROZEN_E0,70b846e0634a8c7a17e537dfda8bd766392ef719b2eb16f6dce95537b4b710c3
DYN_VIS-GAUSS-WEAK,EP,JOINT_LINUX,16,3,0.2807508426235646,0.08767239496433747,X2_ALL324_FROZEN_E0,70b846e0634a8c7a17e537dfda8bd766392ef719b2eb16f6dce95537b4b710c3
DYN_VIS-GAUSS-WEAK,EP,JOINT_LINUX,8,3,0.28172069694513224,0.08957881219678825,X2_ALL324_FROZEN_E0,70b846e0634a8c7a17e537dfda8bd766392ef719b2eb16f6dce95537b4b710c3
DYN_VIS-GAUSS-WEAK,EP,MLP_POST_H8,1,3,0.2538859049001899,0.15111857747603777,X2_ALL324_FROZEN_E0,70b846e0634a8c7a17e537dfda8bd766392ef719b2eb16f6dce95537b4b710c3
DYN_VIS-GAUSS-WEAK,EP,MLP_POST_H8,16,3,0.4406878270453221,0.24760937938609495,X2_ALL324_FROZEN_E0,70b846e0634a8c7a17e537dfda8bd766392ef719b2eb16f6dce95537b4b710c3
DYN_VIS-GAUSS-WEAK,EP,MLP_POST_H8,8,3,0.4405252727866249,0.24838338803828094,X2_ALL324_FROZEN_E0,70b846e0634a8c7a17e537dfda8bd766392ef719b2eb16f6dce95537b4b710c3
DYN_VIS-GAUSS-WEAK,EP,PRED_CONT,1,3,0.2176064661555153,0.11483913873136313,X2_ALL324_FROZEN_E0,70b846e0634a8c7a17e537dfda8bd766392ef719b2eb16f6dce95537b4b710c3
DYN_VIS-GAUSS-WEAK,EP,PRED_CONT,16,3,0.363439200073638,0.17036075241441084,X2_ALL324_FROZEN_E0,70b846e0634a8c7a17e537dfda8bd766392ef719b2eb16f6dce95537b4b710c3
DYN_VIS-GAUSS-WEAK,EP,PRED_CONT,8,3,0.36404643803543824,0.17190455328709428,X2_ALL324_FROZEN_E0,70b846e0634a8c7a17e537dfda8bd766392ef719b2eb16f6dce95537b4b710c3
DYN_VIS-GAUSS-WEAK,EP,S1_SELECTED,1,3,0.16640928372276623,0.06364195629861406,X2_ALL324_FROZEN_E0,70b846e0634a8c7a17e537dfda8bd766392ef719b2eb16f6dce95537b4b710c3
DYN_VIS-GAUSS-WEAK,EP,S1_SELECTED,16,3,0.23606317383937156,0.04298472618014438,X2_ALL324_FROZEN_E0,70b846e0634a8c7a17e537dfda8bd766392ef719b2eb16f6dce95537b4b710c3
DYN_VIS-GAUSS-WEAK,EP,S1_SELECTED,8,3,0.2388385685329443,0.04669668378460034,X2_ALL324_FROZEN_E0,70b846e0634a8c7a17e537dfda8bd766392ef719b2eb16f6dce95537b4b710c3
DYN_VIS-GAUSS-WEAK,EP_SHUF,JOINT_LINUX,1,3,0.1700584748350633,0.06729114741091112,X2_ALL324_FROZEN_E0,70b846e0634a8c7a17e537dfda8bd766392ef719b2eb16f6dce95537b4b710c3
DYN_VIS-GAUSS-WEAK,EP_SHUF,JOINT_LINUX,16,3,0.2629892470369379,0.06991079937771072,X2_ALL324_FROZEN_E0,70b846e0634a8c7a17e537dfda8bd766392ef719b2eb16f6dce95537b4b710c3
DYN_VIS-GAUSS-WEAK,EP_SHUF,JOINT_LINUX,8,3,0.26495839582500774,0.07281651107666377,X2_ALL324_FROZEN_E0,70b846e0634a8c7a17e537dfda8bd766392ef719b2eb16f6dce95537b4b710c3
DYN_VIS-GAUSS-WEAK,EP_SHUF,MLP_POST_H8,1,3,0.2380230007358001,0.13525567331164792,X2_ALL324_FROZEN_E0,70b846e0634a8c7a17e537dfda8bd766392ef719b2eb16f6dce95537b4b710c3
DYN_VIS-GAUSS-WEAK,EP_SHUF,MLP_POST_H8,16,3,0.3937221278235676,0.20064368016434042,X2_ALL324_FROZEN_E0,70b846e0634a8c7a17e537dfda8bd766392ef719b2eb16f6dce95537b4b710c3
DYN_VIS-GAUSS-WEAK,EP_SHUF,MLP_POST_H8,8,3,0.39126063919003534,0.19911875444169144,X2_ALL324_FROZEN_E0,70b846e0634a8c7a17e537dfda8bd766392ef719b2eb16f6dce95537b4b710c3
DYN_VIS-GAUSS-WEAK,EP_SHUF,PRED_CONT,1,3,0.21772982448331815,0.11496249705916596,X2_ALL324_FROZEN_E0,70b846e0634a8c7a17e537dfda8bd766392ef719b2eb16f6dce95537b4b710c3
DYN_VIS-GAUSS-WEAK,EP_SHUF,PRED_CONT,16,3,0.3387313954284612,0.14565294776923407,X2_ALL324_FROZEN_E0,70b846e0634a8c7a17e537dfda8bd766392ef719b2eb16f6dce95537b4b710c3
DYN_VIS-GAUSS-WEAK,EP_SHUF,PRED_CONT,8,3,0.34572412930480745,0.1535822445564635,X2_ALL324_FROZEN_E0,70b846e0634a8c7a17e537dfda8bd766392ef719b2eb16f6dce95537b4b710c3
DYN_VIS-GAUSS-WEAK,EP_SHUF,S1_SELECTED,1,3,0.16057724796629072,0.057809920542138536,X2_ALL324_FROZEN_E0,70b846e0634a8c7a17e537dfda8bd766392ef719b2eb16f6dce95537b4b710c3
DYN_VIS-GAUSS-WEAK,EP_SHUF,S1_SELECTED,16,3,0.21516539572726534,0.022086948068038154,X2_ALL324_FROZEN_E0,70b846e0634a8c7a17e537dfda8bd766392ef719b2eb16f6dce95537b4b710c3
DYN_VIS-GAUSS-WEAK,EP_SHUF,S1_SELECTED,8,3,0.21731846056819837,0.025176575819854424,X2_ALL324_FROZEN_E0,70b846e0634a8c7a17e537dfda8bd766392ef719b2eb16f6dce95537b4b710c3
DYN_VIS-GAUSS-WEAK,NO_REG,JOINT_LINUX,1,3,1.7287456224922326,1.6259782950680803,X2_ALL324_FROZEN_E0,70b846e0634a8c7a17e537dfda8bd766392ef719b2eb16f6dce95537b4b710c3
DYN_VIS-GAUSS-WEAK,NO_REG,JOINT_LINUX,16,3,1.6377737521872004,1.4446953045279736,X2_ALL324_FROZEN_E0,70b846e0634a8c7a17e537dfda8bd766392ef719b2eb16f6dce95537b4b710c3
DYN_VIS-GAUSS-WEAK,NO_REG,JOINT_LINUX,8,3,1.6707700173236972,1.4786281325753536,X2_ALL324_FROZEN_E0,70b846e0634a8c7a17e537dfda8bd766392ef719b2eb16f6dce95537b4b710c3
DYN_VIS-GAUSS-WEAK,NO_REG,MLP_POST_H8,1,3,1.69903559591768,1.5962682684935279,X2_ALL324_FROZEN_E0,70b846e0634a8c7a17e537dfda8bd766392ef719b2eb16f6dce95537b4b710c3
DYN_VIS-GAUSS-WEAK,NO_REG,MLP_POST_H8,16,3,1.6093662389570615,1.4162877912978347,X2_ALL324_FROZEN_E0,70b846e0634a8c7a17e537dfda8bd766392ef719b2eb16f6dce95537b4b710c3
DYN_VIS-GAUSS-WEAK,NO_REG,MLP_POST_H8,8,3,1.6418787229765524,1.4497368382282083,X2_ALL324_FROZEN_E0,70b846e0634a8c7a17e537dfda8bd766392ef719b2eb16f6dce95537b4b710c3
DYN_VIS-GAUSS-WEAK,NO_REG,PRED_CONT,1,3,1.6995571897917408,1.5967898623675885,X2_ALL324_FROZEN_E0,70b846e0634a8c7a17e537dfda8bd766392ef719b2eb16f6dce95537b4b710c3
DYN_VIS-GAUSS-WEAK,NO_REG,PRED_CONT,16,3,1.6095393236050954,1.4164608759458683,X2_ALL324_FROZEN_E0,70b846e0634a8c7a17e537dfda8bd766392ef719b2eb16f6dce95537b4b710c3
DYN_VIS-GAUSS-WEAK,NO_REG,PRED_CONT,8,3,1.6422236233085492,1.4500817385602052,X2_ALL324_FROZEN_E0,70b846e0634a8c7a17e537dfda8bd766392ef719b2eb16f6dce95537b4b710c3
DYN_VIS-GAUSS-WEAK,NO_REG,S1_SELECTED,1,3,1.7128818609450682,1.6101145335209164,X2_ALL324_FROZEN_E0,70b846e0634a8c7a17e537dfda8bd766392ef719b2eb16f6dce95537b4b710c3
DYN_VIS-GAUSS-WEAK,NO_REG,S1_SELECTED,16,3,1.623200396862203,1.4301219492029762,X2_ALL324_FROZEN_E0,70b846e0634a8c7a17e537dfda8bd766392ef719b2eb16f6dce95537b4b710c3
DYN_VIS-GAUSS-WEAK,NO_REG,S1_SELECTED,8,3,1.656137485423807,1.4639956006754629,X2_ALL324_FROZEN_E0,70b846e0634a8c7a17e537dfda8bd766392ef719b2eb16f6dce95537b4b710c3
DYN_VIS-GAUSS-WEAK,POOL,JOINT_LINUX,1,3,0.1581246126460484,0.05535728522189624,X2_ALL324_FROZEN_E0,70b846e0634a8c7a17e537dfda8bd766392ef719b2eb16f6dce95537b4b710c3
DYN_VIS-GAUSS-WEAK,POOL,JOINT_LINUX,16,3,0.25254130228282284,0.05946285462359566,X2_ALL324_FROZEN_E0,70b846e0634a8c7a17e537dfda8bd766392ef719b2eb16f6dce95537b4b710c3
DYN_VIS-GAUSS-WEAK,POOL,JOINT_LINUX,8,3,0.25444277417102296,0.062300889422679036,X2_ALL324_FROZEN_E0,70b846e0634a8c7a17e537dfda8bd766392ef719b2eb16f6dce95537b4b710c3
DYN_VIS-GAUSS-WEAK,POOL,MLP_POST_H8,1,3,0.22561073326137315,0.12284340583722099,X2_ALL324_FROZEN_E0,70b846e0634a8c7a17e537dfda8bd766392ef719b2eb16f6dce95537b4b710c3
DYN_VIS-GAUSS-WEAK,POOL,MLP_POST_H8,16,3,0.38253495957634137,0.18945651191711413,X2_ALL324_FROZEN_E0,70b846e0634a8c7a17e537dfda8bd766392ef719b2eb16f6dce95537b4b710c3
DYN_VIS-GAUSS-WEAK,POOL,MLP_POST_H8,8,3,0.3814047806679424,0.18926289591959847,X2_ALL324_FROZEN_E0,70b846e0634a8c7a17e537dfda8bd766392ef719b2eb16f6dce95537b4b710c3
DYN_VIS-GAUSS-WEAK,POOL,PRED_CONT,1,3,0.20488270423181443,0.10211537680766224,X2_ALL324_FROZEN_E0,70b846e0634a8c7a17e537dfda8bd766392ef719b2eb16f6dce95537b4b710c3
DYN_VIS-GAUSS-WEAK,POOL,PRED_CONT,16,3,0.32445331938147987,0.1313748717222527,X2_ALL324_FROZEN_E0,70b846e0634a8c7a17e537dfda8bd766392ef719b2eb16f6dce95537b4b710c3
DYN_VIS-GAUSS-WEAK,POOL,PRED_CONT,8,3,0.3284113176017865,0.13626943285344253,X2_ALL324_FROZEN_E0,70b846e0634a8c7a17e537dfda8bd766392ef719b2eb16f6dce95537b4b710c3
DYN_VIS-GAUSS-WEAK,POOL,S1_SELECTED,1,3,0.14840808328488195,0.04564075586072978,X2_ALL324_FROZEN_E0,70b846e0634a8c7a17e537dfda8bd766392ef719b2eb16f6dce95537b4b710c3
DYN_VIS-GAUSS-WEAK,POOL,S1_SELECTED,16,3,0.20980860709704405,0.016730159437816822,X2_ALL324_FROZEN_E0,70b846e0634a8c7a17e537dfda8bd766392ef719b2eb16f6dce95537b4b710c3
DYN_VIS-GAUSS-WEAK,POOL,S1_SELECTED,8,3,0.21146191171118736,0.019320026962843424,X2_ALL324_FROZEN_E0,70b846e0634a8c7a17e537dfda8bd766392ef719b2eb16f6dce95537b4b710c3
DYN_VIS-GAUSS-WEAK,SMX_B,JOINT_LINUX,1,3,0.15344581998769424,0.050678492563542066,X2_ALL324_FROZEN_E0,70b846e0634a8c7a17e537dfda8bd766392ef719b2eb16f6dce95537b4b710c3
DYN_VIS-GAUSS-WEAK,SMX_B,JOINT_LINUX,16,3,0.24925300047305565,0.05617455281382847,X2_ALL324_FROZEN_E0,70b846e0634a8c7a17e537dfda8bd766392ef719b2eb16f6dce95537b4b710c3
DYN_VIS-GAUSS-WEAK,SMX_B,JOINT_LINUX,8,3,0.2505220417811183,0.05838015703277439,X2_ALL324_FROZEN_E0,70b846e0634a8c7a17e537dfda8bd766392ef719b2eb16f6dce95537b4b710c3
DYN_VIS-GAUSS-WEAK,SMX_B,MLP_POST_H8,1,3,0.22150006708352876,0.1187327396593766,X2_ALL324_FROZEN_E0,70b846e0634a8c7a17e537dfda8bd766392ef719b2eb16f6dce95537b4b710c3
DYN_VIS-GAUSS-WEAK,SMX_B,MLP_POST_H8,16,3,0.37996053263177937,0.18688208497255218,X2_ALL324_FROZEN_E0,70b846e0634a8c7a17e537dfda8bd766392ef719b2eb16f6dce95537b4b710c3
DYN_VIS-GAUSS-WEAK,SMX_B,MLP_POST_H8,8,3,0.3738386221660773,0.18169673741773337,X2_ALL324_FROZEN_E0,70b846e0634a8c7a17e537dfda8bd766392ef719b2eb16f6dce95537b4b710c3
DYN_VIS-GAUSS-WEAK,SMX_B,PRED_CONT,1,3,0.199010583734212,0.09624325631005981,X2_ALL324_FROZEN_E0,70b846e0634a8c7a17e537dfda8bd766392ef719b2eb16f6dce95537b4b710c3
DYN_VIS-GAUSS-WEAK,SMX_B,PRED_CONT,16,3,0.3159993256893846,0.12292087803015743,X2_ALL324_FROZEN_E0,70b846e0634a8c7a17e537dfda8bd766392ef719b2eb16f6dce95537b4b710c3
DYN_VIS-GAUSS-WEAK,SMX_B,PRED_CONT,8,3,0.3217329831333557,0.12959109838501168,X2_ALL324_FROZEN_E0,70b846e0634a8c7a17e537dfda8bd766392ef719b2eb16f6dce95537b4b710c3
DYN_VIS-GAUSS-WEAK,SMX_B,S1_SELECTED,1,3,0.14339627102538322,0.040628943601231045,X2_ALL324_FROZEN_E0,70b846e0634a8c7a17e537dfda8bd766392ef719b2eb16f6dce95537b4b710c3
DYN_VIS-GAUSS-WEAK,SMX_B,S1_SELECTED,16,3,0.20807137223411,0.014992924574882882,X2_ALL324_FROZEN_E0,70b846e0634a8c7a17e537dfda8bd766392ef719b2eb16f6dce95537b4b710c3
DYN_VIS-GAUSS-WEAK,SMX_B,S1_SELECTED,8,3,0.20982805864814003,0.017686173899796088,X2_ALL324_FROZEN_E0,70b846e0634a8c7a17e537dfda8bd766392ef719b2eb16f6dce95537b4b710c3
DYN_VIS-GAUSS-WEAK,SM_B,JOINT_LINUX,1,3,0.20474853795702722,0.10198121053287505,X2_ALL324_FROZEN_E0,70b846e0634a8c7a17e537dfda8bd766392ef719b2eb16f6dce95537b4b710c3
DYN_VIS-GAUSS-WEAK,SM_B,JOINT_LINUX,16,3,0.2849531840286474,0.09187473636942019,X2_ALL324_FROZEN_E0,70b846e0634a8c7a17e537dfda8bd766392ef719b2eb16f6dce95537b4b710c3
DYN_VIS-GAUSS-WEAK,SM_B,JOINT_LINUX,8,3,0.2913024876551599,0.09916060290681596,X2_ALL324_FROZEN_E0,70b846e0634a8c7a17e537dfda8bd766392ef719b2eb16f6dce95537b4b710c3
DYN_VIS-GAUSS-WEAK,SM_B,MLP_POST_H8,1,3,0.2618863116607546,0.15911898423660242,X2_ALL324_FROZEN_E0,70b846e0634a8c7a17e537dfda8bd766392ef719b2eb16f6dce95537b4b710c3
DYN_VIS-GAUSS-WEAK,SM_B,MLP_POST_H8,16,3,0.41864910906802716,0.22557066140880008,X2_ALL324_FROZEN_E0,70b846e0634a8c7a17e537dfda8bd766392ef719b2eb16f6dce95537b4b710c3
DYN_VIS-GAUSS-WEAK,SM_B,MLP_POST_H8,8,3,0.42032236213710084,0.22818047738875688,X2_ALL324_FROZEN_E0,70b846e0634a8c7a17e537dfda8bd766392ef719b2eb16f6dce95537b4b710c3
DYN_VIS-GAUSS-WEAK,SM_B,PRED_CONT,1,3,0.25062909041859455,0.14786176299444234,X2_ALL324_FROZEN_E0,70b846e0634a8c7a17e537dfda8bd766392ef719b2eb16f6dce95537b4b710c3
DYN_VIS-GAUSS-WEAK,SM_B,PRED_CONT,16,3,0.36942610498156475,0.17634765732233756,X2_ALL324_FROZEN_E0,70b846e0634a8c7a17e537dfda8bd766392ef719b2eb16f6dce95537b4b710c3
DYN_VIS-GAUSS-WEAK,SM_B,PRED_CONT,8,3,0.37362525232264665,0.1814833675743027,X2_ALL324_FROZEN_E0,70b846e0634a8c7a17e537dfda8bd766392ef719b2eb16f6dce95537b4b710c3
DYN_VIS-GAUSS-WEAK,SM_B,S1_SELECTED,1,3,0.18547033345838126,0.0827030060342291,X2_ALL324_FROZEN_E0,70b846e0634a8c7a17e537dfda8bd766392ef719b2eb16f6dce95537b4b710c3
DYN_VIS-GAUSS-WEAK,SM_B,S1_SELECTED,16,3,0.24305351142274664,0.04997506376351945,X2_ALL324_FROZEN_E0,70b846e0634a8c7a17e537dfda8bd766392ef719b2eb16f6dce95537b4b710c3
DYN_VIS-GAUSS-WEAK,SM_B,S1_SELECTED,8,3,0.24697147874845393,0.05482959400011,X2_ALL324_FROZEN_E0,70b846e0634a8c7a17e537dfda8bd766392ef719b2eb16f6dce95537b4b710c3
DYN_VIS-GAUSS-WEAK,SUP_DIRECT,JOINT_LINUX,1,3,0.1247031122517932,0.021935784827641008,X2_ALL324_FROZEN_E0,70b846e0634a8c7a17e537dfda8bd766392ef719b2eb16f6dce95537b4b710c3
DYN_VIS-GAUSS-WEAK,SUP_DIRECT,JOINT_LINUX,16,3,0.22831510150777148,0.03523665384854432,X2_ALL324_FROZEN_E0,70b846e0634a8c7a17e537dfda8bd766392ef719b2eb16f6dce95537b4b710c3
DYN_VIS-GAUSS-WEAK,SUP_DIRECT,JOINT_LINUX,8,3,0.22893255766379186,0.036790672915447964,X2_ALL324_FROZEN_E0,70b846e0634a8c7a17e537dfda8bd766392ef719b2eb16f6dce95537b4b710c3
DYN_VIS-GAUSS-WEAK,SUP_DIRECT,MLP_POST_H8,1,3,0.17691137954502675,0.07414405212087455,X2_ALL324_FROZEN_E0,70b846e0634a8c7a17e537dfda8bd766392ef719b2eb16f6dce95537b4b710c3
DYN_VIS-GAUSS-WEAK,SUP_DIRECT,MLP_POST_H8,16,3,0.3191497697497691,0.12607132209054187,X2_ALL324_FROZEN_E0,70b846e0634a8c7a17e537dfda8bd766392ef719b2eb16f6dce95537b4b710c3
DYN_VIS-GAUSS-WEAK,SUP_DIRECT,MLP_POST_H8,8,3,0.3208739469338508,0.1287320621855069,X2_ALL324_FROZEN_E0,70b846e0634a8c7a17e537dfda8bd766392ef719b2eb16f6dce95537b4b710c3
DYN_VIS-GAUSS-WEAK,SUP_DIRECT,PRED_CONT,1,3,0.1606801783594868,0.057912850935334624,X2_ALL324_FROZEN_E0,70b846e0634a8c7a17e537dfda8bd766392ef719b2eb16f6dce95537b4b710c3
DYN_VIS-GAUSS-WEAK,SUP_DIRECT,PRED_CONT,16,3,0.3893307014044289,0.19625225374520164,X2_ALL324_FROZEN_E0,70b846e0634a8c7a17e537dfda8bd766392ef719b2eb16f6dce95537b4b710c3
DYN_VIS-GAUSS-WEAK,SUP_DIRECT,PRED_CONT,8,3,0.3876472472611148,0.19550536251277092,X2_ALL324_FROZEN_E0,70b846e0634a8c7a17e537dfda8bd766392ef719b2eb16f6dce95537b4b710c3
DYN_VIS-GAUSS-WEAK,SUP_DIRECT,S1_SELECTED,1,3,0.11183699007176073,0.009069662647608542,X2_ALL324_FROZEN_E0,70b846e0634a8c7a17e537dfda8bd766392ef719b2eb16f6dce95537b4b710c3
DYN_VIS-GAUSS-WEAK,SUP_DIRECT,S1_SELECTED,16,3,0.1984569211957016,0.005378473536474415,X2_ALL324_FROZEN_E0,70b846e0634a8c7a17e537dfda8bd766392ef719b2eb16f6dce95537b4b710c3
DYN_VIS-GAUSS-WEAK,SUP_DIRECT,S1_SELECTED,8,3,0.19885871003098407,0.006716825282640115,X2_ALL324_FROZEN_E0,70b846e0634a8c7a17e537dfda8bd766392ef719b2eb16f6dce95537b4b710c3
DYN_VIS-GAUSS-WEAK,TC,JOINT_LINUX,1,3,0.17511573973356168,0.07234841230940948,X2_ALL324_FROZEN_E0,70b846e0634a8c7a17e537dfda8bd766392ef719b2eb16f6dce95537b4b710c3
DYN_VIS-GAUSS-WEAK,TC,JOINT_LINUX,16,3,0.27571969832125176,0.08264125066202456,X2_ALL324_FROZEN_E0,70b846e0634a8c7a17e537dfda8bd766392ef719b2eb16f6dce95537b4b710c3
DYN_VIS-GAUSS-WEAK,TC,JOINT_LINUX,8,3,0.27579659194032996,0.08365470719198599,X2_ALL324_FROZEN_E0,70b846e0634a8c7a17e537dfda8bd766392ef719b2eb16f6dce95537b4b710c3
DYN_VIS-GAUSS-WEAK,TC,MLP_POST_H8,1,3,0.24244517954543096,0.13967785212127878,X2_ALL324_FROZEN_E0,70b846e0634a8c7a17e537dfda8bd766392ef719b2eb16f6dce95537b4b710c3
DYN_VIS-GAUSS-WEAK,TC,MLP_POST_H8,16,3,0.4106890882854925,0.2176106406262653,X2_ALL324_FROZEN_E0,70b846e0634a8c7a17e537dfda8bd766392ef719b2eb16f6dce95537b4b710c3
DYN_VIS-GAUSS-WEAK,TC,MLP_POST_H8,8,3,0.41314609149567344,0.22100420674732946,X2_ALL324_FROZEN_E0,70b846e0634a8c7a17e537dfda8bd766392ef719b2eb16f6dce95537b4b710c3
DYN_VIS-GAUSS-WEAK,TC,PRED_CONT,1,3,0.22855519219467527,0.1257878647705231,X2_ALL324_FROZEN_E0,70b846e0634a8c7a17e537dfda8bd766392ef719b2eb16f6dce95537b4b710c3
DYN_VIS-GAUSS-WEAK,TC,PRED_CONT,16,3,0.3703287073684978,0.17725025970927066,X2_ALL324_FROZEN_E0,70b846e0634a8c7a17e537dfda8bd766392ef719b2eb16f6dce95537b4b710c3
DYN_VIS-GAUSS-WEAK,TC,PRED_CONT,8,3,0.369339672232591,0.17719778748424705,X2_ALL324_FROZEN_E0,70b846e0634a8c7a17e537dfda8bd766392ef719b2eb16f6dce95537b4b710c3
DYN_VIS-GAUSS-WEAK,TC,S1_SELECTED,1,3,0.15973646157667326,0.05696913415252108,X2_ALL324_FROZEN_E0,70b846e0634a8c7a17e537dfda8bd766392ef719b2eb16f6dce95537b4b710c3
DYN_VIS-GAUSS-WEAK,TC,S1_SELECTED,16,3,0.22230812571899336,0.029229678059766184,X2_ALL324_FROZEN_E0,70b846e0634a8c7a17e537dfda8bd766392ef719b2eb16f6dce95537b4b710c3
DYN_VIS-GAUSS-WEAK,TC,S1_SELECTED,8,3,0.22466335701527915,0.03252147226693514,X2_ALL324_FROZEN_E0,70b846e0634a8c7a17e537dfda8bd766392ef719b2eb16f6dce95537b4b710c3
DYN_VIS-GAUSS-WEAK,XS,JOINT_LINUX,1,3,0.1576140991238774,0.05484677169972518,X2_ALL324_FROZEN_E0,70b846e0634a8c7a17e537dfda8bd766392ef719b2eb16f6dce95537b4b710c3
DYN_VIS-GAUSS-WEAK,XS,JOINT_LINUX,16,3,0.25259733135305235,0.05951888369382514,X2_ALL324_FROZEN_E0,70b846e0634a8c7a17e537dfda8bd766392ef719b2eb16f6dce95537b4b710c3
DYN_VIS-GAUSS-WEAK,XS,JOINT_LINUX,8,3,0.2539620464429073,0.06182016169456339,X2_ALL324_FROZEN_E0,70b846e0634a8c7a17e537dfda8bd766392ef719b2eb16f6dce95537b4b710c3
DYN_VIS-GAUSS-WEAK,XS,MLP_POST_H8,1,3,0.22475980826910114,0.12199248084494896,X2_ALL324_FROZEN_E0,70b846e0634a8c7a17e537dfda8bd766392ef719b2eb16f6dce95537b4b710c3
DYN_VIS-GAUSS-WEAK,XS,MLP_POST_H8,16,3,0.3797322220556973,0.18665377439647013,X2_ALL324_FROZEN_E0,70b846e0634a8c7a17e537dfda8bd766392ef719b2eb16f6dce95537b4b710c3
DYN_VIS-GAUSS-WEAK,XS,MLP_POST_H8,8,3,0.37740143593179565,0.18525955118345172,X2_ALL324_FROZEN_E0,70b846e0634a8c7a17e537dfda8bd766392ef719b2eb16f6dce95537b4b710c3
DYN_VIS-GAUSS-WEAK,XS,PRED_CONT,1,3,0.19967123051214852,0.09690390308799633,X2_ALL324_FROZEN_E0,70b846e0634a8c7a17e537dfda8bd766392ef719b2eb16f6dce95537b4b710c3
DYN_VIS-GAUSS-WEAK,XS,PRED_CONT,16,3,0.3239905522665476,0.1309121046073204,X2_ALL324_FROZEN_E0,70b846e0634a8c7a17e537dfda8bd766392ef719b2eb16f6dce95537b4b710c3
DYN_VIS-GAUSS-WEAK,XS,PRED_CONT,8,3,0.32244811638243664,0.1303062316340927,X2_ALL324_FROZEN_E0,70b846e0634a8c7a17e537dfda8bd766392ef719b2eb16f6dce95537b4b710c3
DYN_VIS-GAUSS-WEAK,XS,S1_SELECTED,1,3,0.14878338863457527,0.046016061210423086,X2_ALL324_FROZEN_E0,70b846e0634a8c7a17e537dfda8bd766392ef719b2eb16f6dce95537b4b710c3
DYN_VIS-GAUSS-WEAK,XS,S1_SELECTED,16,3,0.20967341716543383,0.016594969506206637,X2_ALL324_FROZEN_E0,70b846e0634a8c7a17e537dfda8bd766392ef719b2eb16f6dce95537b4b710c3
DYN_VIS-GAUSS-WEAK,XS,S1_SELECTED,8,3,0.21130088804829186,0.019159003299947946,X2_ALL324_FROZEN_E0,70b846e0634a8c7a17e537dfda8bd766392ef719b2eb16f6dce95537b4b710c3
OBS-DISC-STRONG,EP,JOINT_LINUX,1,3,0.17368271633742136,0.0711585075421196,X2_ALL324_FROZEN_E0,70b846e0634a8c7a17e537dfda8bd766392ef719b2eb16f6dce95537b4b710c3
OBS-DISC-STRONG,EP,JOINT_LINUX,16,3,0.27051692755754514,0.07527785142459995,X2_ALL324_FROZEN_E0,70b846e0634a8c7a17e537dfda8bd766392ef719b2eb16f6dce95537b4b710c3
OBS-DISC-STRONG,EP,JOINT_LINUX,8,3,0.2704203958987509,0.07604144289033267,X2_ALL324_FROZEN_E0,70b846e0634a8c7a17e537dfda8bd766392ef719b2eb16f6dce95537b4b710c3
OBS-DISC-STRONG,EP,MLP_POST_H8,1,3,0.25269255575691124,0.15016834696160947,X2_ALL324_FROZEN_E0,70b846e0634a8c7a17e537dfda8bd766392ef719b2eb16f6dce95537b4b710c3
OBS-DISC-STRONG,EP,MLP_POST_H8,16,3,0.41317912802886897,0.2179400518959238,X2_ALL324_FROZEN_E0,70b846e0634a8c7a17e537dfda8bd766392ef719b2eb16f6dce95537b4b710c3
OBS-DISC-STRONG,EP,MLP_POST_H8,8,3,0.4165703392489564,0.22219138624053816,X2_ALL324_FROZEN_E0,70b846e0634a8c7a17e537dfda8bd766392ef719b2eb16f6dce95537b4b710c3
OBS-DISC-STRONG,EP,PRED_CONT,1,3,0.2113817179809511,0.10885750918564935,X2_ALL324_FROZEN_E0,70b846e0634a8c7a17e537dfda8bd766392ef719b2eb16f6dce95537b4b710c3
OBS-DISC-STRONG,EP,PRED_CONT,16,3,0.3387674904831793,0.1435284143502341,X2_ALL324_FROZEN_E0,70b846e0634a8c7a17e537dfda8bd766392ef719b2eb16f6dce95537b4b710c3
OBS-DISC-STRONG,EP,PRED_CONT,8,3,0.3409307119958001,0.14655175898738185,X2_ALL324_FROZEN_E0,70b846e0634a8c7a17e537dfda8bd766392ef719b2eb16f6dce95537b4b710c3
OBS-DISC-STRONG,EP,S1_SELECTED,1,3,0.16304068699043398,0.06051647819513223,X2_ALL324_FROZEN_E0,70b846e0634a8c7a17e537dfda8bd766392ef719b2eb16f6dce95537b4b710c3
OBS-DISC-STRONG,EP,S1_SELECTED,16,3,0.2226048687144191,0.027365792581473914,X2_ALL324_FROZEN_E0,70b846e0634a8c7a17e537dfda8bd766392ef719b2eb16f6dce95537b4b710c3
OBS-DISC-STRONG,EP,S1_SELECTED,8,3,0.22260765097951563,0.028228697971097394,X2_ALL324_FROZEN_E0,70b846e0634a8c7a17e537dfda8bd766392ef719b2eb16f6dce95537b4b710c3
OBS-DISC-STRONG,EP_SHUF,JOINT_LINUX,1,3,0.14418177688183106,0.04165756808652931,X2_ALL324_FROZEN_E0,70b846e0634a8c7a17e537dfda8bd766392ef719b2eb16f6dce95537b4b710c3
OBS-DISC-STRONG,EP_SHUF,JOINT_LINUX,16,3,0.24726089274135868,0.05202181660841348,X2_ALL324_FROZEN_E0,70b846e0634a8c7a17e537dfda8bd766392ef719b2eb16f6dce95537b4b710c3
OBS-DISC-STRONG,EP_SHUF,JOINT_LINUX,8,3,0.24816999134223536,0.05379103833381713,X2_ALL324_FROZEN_E0,70b846e0634a8c7a17e537dfda8bd766392ef719b2eb16f6dce95537b4b710c3
OBS-DISC-STRONG,EP_SHUF,MLP_POST_H8,1,3,0.18979874554295306,0.0872745367476513,X2_ALL324_FROZEN_E0,70b846e0634a8c7a17e537dfda8bd766392ef719b2eb16f6dce95537b4b710c3
OBS-DISC-STRONG,EP_SHUF,MLP_POST_H8,16,3,0.34870053256627126,0.15346145643332598,X2_ALL324_FROZEN_E0,70b846e0634a8c7a17e537dfda8bd766392ef719b2eb16f6dce95537b4b710c3
OBS-DISC-STRONG,EP_SHUF,MLP_POST_H8,8,3,0.3445187002227099,0.15013974721429169,X2_ALL324_FROZEN_E0,70b846e0634a8c7a17e537dfda8bd766392ef719b2eb16f6dce95537b4b710c3
OBS-DISC-STRONG,EP_SHUF,PRED_CONT,1,3,0.21423594108616265,0.11171173229086091,X2_ALL324_FROZEN_E0,70b846e0634a8c7a17e537dfda8bd766392ef719b2eb16f6dce95537b4b710c3
OBS-DISC-STRONG,EP_SHUF,PRED_CONT,16,3,0.3695450914292844,0.17430601529633916,X2_ALL324_FROZEN_E0,70b846e0634a8c7a17e537dfda8bd766392ef719b2eb16f6dce95537b4b710c3
OBS-DISC-STRONG,EP_SHUF,PRED_CONT,8,3,0.3679668603624,0.17358790735398177,X2_ALL324_FROZEN_E0,70b846e0634a8c7a17e537dfda8bd766392ef719b2eb16f6dce95537b4b710c3
OBS-DISC-STRONG,EP_SHUF,S1_SELECTED,1,3,0.13250965767625758,0.029985448880955848,X2_ALL324_FROZEN_E0,70b846e0634a8c7a17e537dfda8bd766392ef719b2eb16f6dce95537b4b710c3
OBS-DISC-STRONG,EP_SHUF,S1_SELECTED,16,3,0.2169988855284689,0.021759809395523706,X2_ALL324_FROZEN_E0,70b846e0634a8c7a17e537dfda8bd766392ef719b2eb16f6dce95537b4b710c3
OBS-DISC-STRONG,EP_SHUF,S1_SELECTED,8,3,0.21695506314641544,0.02257611013799718,X2_ALL324_FROZEN_E0,70b846e0634a8c7a17e537dfda8bd766392ef719b2eb16f6dce95537b4b710c3
OBS-DISC-STRONG,NO_REG,JOINT_LINUX,1,3,1.5912855684934109,1.488761359698109,X2_ALL324_FROZEN_E0,70b846e0634a8c7a17e537dfda8bd766392ef719b2eb16f6dce95537b4b710c3
OBS-DISC-STRONG,NO_REG,JOINT_LINUX,16,3,1.5847206024802725,1.3894815263473272,X2_ALL324_FROZEN_E0,70b846e0634a8c7a17e537dfda8bd766392ef719b2eb16f6dce95537b4b710c3
OBS-DISC-STRONG,NO_REG,JOINT_LINUX,8,3,1.5785265531642594,1.384147600155841,X2_ALL324_FROZEN_E0,70b846e0634a8c7a17e537dfda8bd766392ef719b2eb16f6dce95537b4b710c3
OBS-DISC-STRONG,NO_REG,MLP_POST_H8,1,3,1.5674639365290115,1.46493972773371,X2_ALL324_FROZEN_E0,70b846e0634a8c7a17e537dfda8bd766392ef719b2eb16f6dce95537b4b710c3
OBS-DISC-STRONG,NO_REG,MLP_POST_H8,16,3,1.5600882352851535,1.364849159152208,X2_ALL324_FROZEN_E0,70b846e0634a8c7a17e537dfda8bd766392ef719b2eb16f6dce95537b4b710c3
OBS-DISC-STRONG,NO_REG,MLP_POST_H8,8,3,1.5544853881855827,1.3601064351771643,X2_ALL324_FROZEN_E0,70b846e0634a8c7a17e537dfda8bd766392ef719b2eb16f6dce95537b4b710c3
OBS-DISC-STRONG,NO_REG,PRED_CONT,1,3,1.5667506266535447,1.4642264178582431,X2_ALL324_FROZEN_E0,70b846e0634a8c7a17e537dfda8bd766392ef719b2eb16f6dce95537b4b710c3
OBS-DISC-STRONG,NO_REG,PRED_CONT,16,3,1.5607027596292025,1.3654636834962572,X2_ALL324_FROZEN_E0,70b846e0634a8c7a17e537dfda8bd766392ef719b2eb16f6dce95537b4b710c3
OBS-DISC-STRONG,NO_REG,PRED_CONT,8,3,1.5542864990585905,1.3599075460501722,X2_ALL324_FROZEN_E0,70b846e0634a8c7a17e537dfda8bd766392ef719b2eb16f6dce95537b4b710c3
OBS-DISC-STRONG,NO_REG,S1_SELECTED,1,3,1.5749167330701719,1.4723925242748706,X2_ALL324_FROZEN_E0,70b846e0634a8c7a17e537dfda8bd766392ef719b2eb16f6dce95537b4b710c3
OBS-DISC-STRONG,NO_REG,S1_SELECTED,16,3,1.569769972001102,1.3745308958681572,X2_ALL324_FROZEN_E0,70b846e0634a8c7a17e537dfda8bd766392ef719b2eb16f6dce95537b4b710c3
OBS-DISC-STRONG,NO_REG,S1_SELECTED,8,3,1.563648906684773,1.3692699536763546,X2_ALL324_FROZEN_E0,70b846e0634a8c7a17e537dfda8bd766392ef719b2eb16f6dce95537b4b710c3
OBS-DISC-STRONG,POOL,JOINT_LINUX,1,3,0.14277765755238628,0.040253448757084566,X2_ALL324_FROZEN_E0,70b846e0634a8c7a17e537dfda8bd766392ef719b2eb16f6dce95537b4b710c3
OBS-DISC-STRONG,POOL,JOINT_LINUX,16,3,0.24625190065570393,0.05101282452275874,X2_ALL324_FROZEN_E0,70b846e0634a8c7a17e537dfda8bd766392ef719b2eb16f6dce95537b4b710c3
OBS-DISC-STRONG,POOL,JOINT_LINUX,8,3,0.2472937935393128,0.05291484053089455,X2_ALL324_FROZEN_E0,70b846e0634a8c7a17e537dfda8bd766392ef719b2eb16f6dce95537b4b710c3
OBS-DISC-STRONG,POOL,MLP_POST_H8,1,3,0.18831621911727883,0.08579201032197713,X2_ALL324_FROZEN_E0,70b846e0634a8c7a17e537dfda8bd766392ef719b2eb16f6dce95537b4b710c3
OBS-DISC-STRONG,POOL,MLP_POST_H8,16,3,0.34981716057947426,0.15457808444652907,X2_ALL324_FROZEN_E0,70b846e0634a8c7a17e537dfda8bd766392ef719b2eb16f6dce95537b4b710c3
OBS-DISC-STRONG,POOL,MLP_POST_H8,8,3,0.3441575545530638,0.14977860154464553,X2_ALL324_FROZEN_E0,70b846e0634a8c7a17e537dfda8bd766392ef719b2eb16f6dce95537b4b710c3
OBS-DISC-STRONG,POOL,PRED_CONT,1,3,0.21064850838034535,0.10812429958504365,X2_ALL324_FROZEN_E0,70b846e0634a8c7a17e537dfda8bd766392ef719b2eb16f6dce95537b4b710c3
OBS-DISC-STRONG,POOL,PRED_CONT,16,3,0.35472220895932177,0.15948313282637652,X2_ALL324_FROZEN_E0,70b846e0634a8c7a17e537dfda8bd766392ef719b2eb16f6dce95537b4b710c3
OBS-DISC-STRONG,POOL,PRED_CONT,8,3,0.3528841481314659,0.15850519512304762,X2_ALL324_FROZEN_E0,70b846e0634a8c7a17e537dfda8bd766392ef719b2eb16f6dce95537b4b710c3
OBS-DISC-STRONG,POOL,S1_SELECTED,1,3,0.13066440420303596,0.02814019540773421,X2_ALL324_FROZEN_E0,70b846e0634a8c7a17e537dfda8bd766392ef719b2eb16f6dce95537b4b710c3
OBS-DISC-STRONG,POOL,S1_SELECTED,16,3,0.21524434291800656,0.020005266785061388,X2_ALL324_FROZEN_E0,70b846e0634a8c7a17e537dfda8bd766392ef719b2eb16f6dce95537b4b710c3
OBS-DISC-STRONG,POOL,S1_SELECTED,8,3,0.2151722387914633,0.020793285783045058,X2_ALL324_FROZEN_E0,70b846e0634a8c7a17e537dfda8bd766392ef719b2eb16f6dce95537b4b710c3
OBS-DISC-STRONG,SMX_B,JOINT_LINUX,1,3,0.1363174676727372,0.03379325887743543,X2_ALL324_FROZEN_E0,70b846e0634a8c7a17e537dfda8bd766392ef719b2eb16f6dce95537b4b710c3
OBS-DISC-STRONG,SMX_B,JOINT_LINUX,16,3,0.24162020024426126,0.046381124111316084,X2_ALL324_FROZEN_E0,70b846e0634a8c7a17e537dfda8bd766392ef719b2eb16f6dce95537b4b710c3
OBS-DISC-STRONG,SMX_B,JOINT_LINUX,8,3,0.24055577050929888,0.04617681750088067,X2_ALL324_FROZEN_E0,70b846e0634a8c7a17e537dfda8bd766392ef719b2eb16f6dce95537b4b710c3
OBS-DISC-STRONG,SMX_B,MLP_POST_H8,1,3,0.17899567396616015,0.07647146517085839,X2_ALL324_FROZEN_E0,70b846e0634a8c7a17e537dfda8bd766392ef719b2eb16f6dce95537b4b710c3
OBS-DISC-STRONG,SMX_B,MLP_POST_H8,16,3,0.3444058944443517,0.14916681831140646,X2_ALL324_FROZEN_E0,70b846e0634a8c7a17e537dfda8bd766392ef719b2eb16f6dce95537b4b710c3
OBS-DISC-STRONG,SMX_B,MLP_POST_H8,8,3,0.33499032952353663,0.14061137651511843,X2_ALL324_FROZEN_E0,70b846e0634a8c7a17e537dfda8bd766392ef719b2eb16f6dce95537b4b710c3
OBS-DISC-STRONG,SMX_B,PRED_CONT,1,3,0.21069138453324623,0.10816717573794449,X2_ALL324_FROZEN_E0,70b846e0634a8c7a17e537dfda8bd766392ef719b2eb16f6dce95537b4b710c3
OBS-DISC-STRONG,SMX_B,PRED_CONT,16,3,0.3713846163412137,0.17614554020826856,X2_ALL324_FROZEN_E0,70b846e0634a8c7a17e537dfda8bd766392ef719b2eb16f6dce95537b4b710c3
OBS-DISC-STRONG,SMX_B,PRED_CONT,8,3,0.3712422667100661,0.17686331370164787,X2_ALL324_FROZEN_E0,70b846e0634a8c7a17e537dfda8bd766392ef719b2eb16f6dce95537b4b710c3
OBS-DISC-STRONG,SMX_B,S1_SELECTED,1,3,0.12419311211166788,0.02166890331636612,X2_ALL324_FROZEN_E0,70b846e0634a8c7a17e537dfda8bd766392ef719b2eb16f6dce95537b4b710c3
OBS-DISC-STRONG,SMX_B,S1_SELECTED,16,3,0.21036605567213304,0.015126979539187818,X2_ALL324_FROZEN_E0,70b846e0634a8c7a17e537dfda8bd766392ef719b2eb16f6dce95537b4b710c3
OBS-DISC-STRONG,SMX_B,S1_SELECTED,8,3,0.20968995237486773,0.015310999366449482,X2_ALL324_FROZEN_E0,70b846e0634a8c7a17e537dfda8bd766392ef719b2eb16f6dce95537b4b710c3
OBS-DISC-STRONG,SM_B,JOINT_LINUX,1,3,0.28253666649191084,0.18001245769660904,X2_ALL324_FROZEN_E0,70b846e0634a8c7a17e537dfda8bd766392ef719b2eb16f6dce95537b4b710c3
OBS-DISC-STRONG,SM_B,JOINT_LINUX,16,3,0.3867561374020921,0.19151706126914694,X2_ALL324_FROZEN_E0,70b846e0634a8c7a17e537dfda8bd766392ef719b2eb16f6dce95537b4b710c3
OBS-DISC-STRONG,SM_B,JOINT_LINUX,8,3,0.3843309741918737,0.18995202118345547,X2_ALL324_FROZEN_E0,70b846e0634a8c7a17e537dfda8bd766392ef719b2eb16f6dce95537b4b710c3
OBS-DISC-STRONG,SM_B,MLP_POST_H8,1,3,0.31410245691028416,0.21157824811498238,X2_ALL324_FROZEN_E0,70b846e0634a8c7a17e537dfda8bd766392ef719b2eb16f6dce95537b4b710c3
OBS-DISC-STRONG,SM_B,MLP_POST_H8,16,3,0.4680013371714648,0.2727622610385196,X2_ALL324_FROZEN_E0,70b846e0634a8c7a17e537dfda8bd766392ef719b2eb16f6dce95537b4b710c3
OBS-DISC-STRONG,SM_B,MLP_POST_H8,8,3,0.46197815635306555,0.2675992033446474,X2_ALL324_FROZEN_E0,70b846e0634a8c7a17e537dfda8bd766392ef719b2eb16f6dce95537b4b710c3
OBS-DISC-STRONG,SM_B,PRED_CONT,1,3,0.34355493767674633,0.24103072888144458,X2_ALL324_FROZEN_E0,70b846e0634a8c7a17e537dfda8bd766392ef719b2eb16f6dce95537b4b710c3
OBS-DISC-STRONG,SM_B,PRED_CONT,16,3,0.4960825214237809,0.3008434452908357,X2_ALL324_FROZEN_E0,70b846e0634a8c7a17e537dfda8bd766392ef719b2eb16f6dce95537b4b710c3
OBS-DISC-STRONG,SM_B,PRED_CONT,8,3,0.48858390128598767,0.29420494827756954,X2_ALL324_FROZEN_E0,70b846e0634a8c7a17e537dfda8bd766392ef719b2eb16f6dce95537b4b710c3
OBS-DISC-STRONG,SM_B,S1_SELECTED,1,3,0.23890071561088444,0.1363765068155827,X2_ALL324_FROZEN_E0,70b846e0634a8c7a17e537dfda8bd766392ef719b2eb16f6dce95537b4b710c3
OBS-DISC-STRONG,SM_B,S1_SELECTED,16,3,0.30294264873758386,0.10770357260463866,X2_ALL324_FROZEN_E0,70b846e0634a8c7a17e537dfda8bd766392ef719b2eb16f6dce95537b4b710c3
OBS-DISC-STRONG,SM_B,S1_SELECTED,8,3,0.29870014759917035,0.10432119459075218,X2_ALL324_FROZEN_E0,70b846e0634a8c7a17e537dfda8bd766392ef719b2eb16f6dce95537b4b710c3
OBS-DISC-STRONG,SUP_DIRECT,JOINT_LINUX,1,3,0.12114297894224979,0.01861877014694804,X2_ALL324_FROZEN_E0,70b846e0634a8c7a17e537dfda8bd766392ef719b2eb16f6dce95537b4b710c3
OBS-DISC-STRONG,SUP_DIRECT,JOINT_LINUX,16,3,0.2298197558835066,0.034580679750561415,X2_ALL324_FROZEN_E0,70b846e0634a8c7a17e537dfda8bd766392ef719b2eb16f6dce95537b4b710c3
OBS-DISC-STRONG,SUP_DIRECT,JOINT_LINUX,8,3,0.22436829828978952,0.029989345281371278,X2_ALL324_FROZEN_E0,70b846e0634a8c7a17e537dfda8bd766392ef719b2eb16f6dce95537b4b710c3
OBS-DISC-STRONG,SUP_DIRECT,MLP_POST_H8,1,3,0.16247286057537488,0.05994865178007314,X2_ALL324_FROZEN_E0,70b846e0634a8c7a17e537dfda8bd766392ef719b2eb16f6dce95537b4b710c3
OBS-DISC-STRONG,SUP_DIRECT,MLP_POST_H8,16,3,0.2979207780462152,0.10268170191326997,X2_ALL324_FROZEN_E0,70b846e0634a8c7a17e537dfda8bd766392ef719b2eb16f6dce95537b4b710c3
OBS-DISC-STRONG,SUP_DIRECT,MLP_POST_H8,8,3,0.29734178491607133,0.1029628319076531,X2_ALL324_FROZEN_E0,70b846e0634a8c7a17e537dfda8bd766392ef719b2eb16f6dce95537b4b710c3
OBS-DISC-STRONG,SUP_DIRECT,PRED_CONT,1,3,0.15291487228764397,0.05039066349234222,X2_ALL324_FROZEN_E0,70b846e0634a8c7a17e537dfda8bd766392ef719b2eb16f6dce95537b4b710c3
OBS-DISC-STRONG,SUP_DIRECT,PRED_CONT,16,3,0.3955846891501505,0.20034561301720535,X2_ALL324_FROZEN_E0,70b846e0634a8c7a17e537dfda8bd766392ef719b2eb16f6dce95537b4b710c3
OBS-DISC-STRONG,SUP_DIRECT,PRED_CONT,8,3,0.3828297223728945,0.18845076936447624,X2_ALL324_FROZEN_E0,70b846e0634a8c7a17e537dfda8bd766392ef719b2eb16f6dce95537b4b710c3
OBS-DISC-STRONG,SUP_DIRECT,S1_SELECTED,1,3,0.10599246866717893,0.003468259871877178,X2_ALL324_FROZEN_E0,70b846e0634a8c7a17e537dfda8bd766392ef719b2eb16f6dce95537b4b710c3
OBS-DISC-STRONG,SUP_DIRECT,S1_SELECTED,16,3,0.1973541496146182,0.002115073481673002,X2_ALL324_FROZEN_E0,70b846e0634a8c7a17e537dfda8bd766392ef719b2eb16f6dce95537b4b710c3
OBS-DISC-STRONG,SUP_DIRECT,S1_SELECTED,8,3,0.1963052267343329,0.0019262737259146494,X2_ALL324_FROZEN_E0,70b846e0634a8c7a17e537dfda8bd766392ef719b2eb16f6dce95537b4b710c3
OBS-DISC-STRONG,TC,JOINT_LINUX,1,3,0.3308937668952537,0.22836955809995194,X2_ALL324_FROZEN_E0,70b846e0634a8c7a17e537dfda8bd766392ef719b2eb16f6dce95537b4b710c3
OBS-DISC-STRONG,TC,JOINT_LINUX,16,3,0.42456299529151753,0.2293239191585723,X2_ALL324_FROZEN_E0,70b846e0634a8c7a17e537dfda8bd766392ef719b2eb16f6dce95537b4b710c3
OBS-DISC-STRONG,TC,JOINT_LINUX,8,3,0.42412950266739785,0.22975054965897965,X2_ALL324_FROZEN_E0,70b846e0634a8c7a17e537dfda8bd766392ef719b2eb16f6dce95537b4b710c3
OBS-DISC-STRONG,TC,MLP_POST_H8,1,3,0.3687197345324764,0.26619552573717464,X2_ALL324_FROZEN_E0,70b846e0634a8c7a17e537dfda8bd766392ef719b2eb16f6dce95537b4b710c3
OBS-DISC-STRONG,TC,MLP_POST_H8,16,3,0.5174300709288144,0.32219099479586927,X2_ALL324_FROZEN_E0,70b846e0634a8c7a17e537dfda8bd766392ef719b2eb16f6dce95537b4b710c3
OBS-DISC-STRONG,TC,MLP_POST_H8,8,3,0.516001955809059,0.3216230028006408,X2_ALL324_FROZEN_E0,70b846e0634a8c7a17e537dfda8bd766392ef719b2eb16f6dce95537b4b710c3
OBS-DISC-STRONG,TC,PRED_CONT,1,3,0.3905209403066012,0.28799673151129945,X2_ALL324_FROZEN_E0,70b846e0634a8c7a17e537dfda8bd766392ef719b2eb16f6dce95537b4b710c3
OBS-DISC-STRONG,TC,PRED_CONT,16,3,0.5372002092221698,0.34196113308922466,X2_ALL324_FROZEN_E0,70b846e0634a8c7a17e537dfda8bd766392ef719b2eb16f6dce95537b4b710c3
OBS-DISC-STRONG,TC,PRED_CONT,8,3,0.5374240839539387,0.3430451309455205,X2_ALL324_FROZEN_E0,70b846e0634a8c7a17e537dfda8bd766392ef719b2eb16f6dce95537b4b710c3
OBS-DISC-STRONG,TC,S1_SELECTED,1,3,0.2921319423609894,0.1896077335656876,X2_ALL324_FROZEN_E0,70b846e0634a8c7a17e537dfda8bd766392ef719b2eb16f6dce95537b4b710c3
OBS-DISC-STRONG,TC,S1_SELECTED,16,3,0.3546982861714822,0.159459210038537,X2_ALL324_FROZEN_E0,70b846e0634a8c7a17e537dfda8bd766392ef719b2eb16f6dce95537b4b710c3
OBS-DISC-STRONG,TC,S1_SELECTED,8,3,0.35275573899820795,0.15837678598978971,X2_ALL324_FROZEN_E0,70b846e0634a8c7a17e537dfda8bd766392ef719b2eb16f6dce95537b4b710c3
OBS-DISC-STRONG,XS,JOINT_LINUX,1,3,0.14277266117740703,0.04024845238210529,X2_ALL324_FROZEN_E0,70b846e0634a8c7a17e537dfda8bd766392ef719b2eb16f6dce95537b4b710c3
OBS-DISC-STRONG,XS,JOINT_LINUX,16,3,0.24977424441024546,0.05453516827730027,X2_ALL324_FROZEN_E0,70b846e0634a8c7a17e537dfda8bd766392ef719b2eb16f6dce95537b4b710c3
OBS-DISC-STRONG,XS,JOINT_LINUX,8,3,0.24874149416207625,0.054362541153657996,X2_ALL324_FROZEN_E0,70b846e0634a8c7a17e537dfda8bd766392ef719b2eb16f6dce95537b4b710c3
OBS-DISC-STRONG,XS,MLP_POST_H8,1,3,0.1881571903886913,0.08563298159338956,X2_ALL324_FROZEN_E0,70b846e0634a8c7a17e537dfda8bd766392ef719b2eb16f6dce95537b4b710c3
OBS-DISC-STRONG,XS,MLP_POST_H8,16,3,0.3464346152799817,0.15119553914703648,X2_ALL324_FROZEN_E0,70b846e0634a8c7a17e537dfda8bd766392ef719b2eb16f6dce95537b4b710c3
OBS-DISC-STRONG,XS,MLP_POST_H8,8,3,0.34137848576844365,0.14699953276002542,X2_ALL324_FROZEN_E0,70b846e0634a8c7a17e537dfda8bd766392ef719b2eb16f6dce95537b4b710c3
OBS-DISC-STRONG,XS,PRED_CONT,1,3,0.21439441365709186,0.11187020486179011,X2_ALL324_FROZEN_E0,70b846e0634a8c7a17e537dfda8bd766392ef719b2eb16f6dce95537b4b710c3
OBS-DISC-STRONG,XS,PRED_CONT,16,3,0.36174799707594246,0.1665089209429972,X2_ALL324_FROZEN_E0,70b846e0634a8c7a17e537dfda8bd766392ef719b2eb16f6dce95537b4b710c3
OBS-DISC-STRONG,XS,PRED_CONT,8,3,0.3582666800247576,0.16388772701633936,X2_ALL324_FROZEN_E0,70b846e0634a8c7a17e537dfda8bd766392ef719b2eb16f6dce95537b4b710c3
OBS-DISC-STRONG,XS,S1_SELECTED,1,3,0.13336140544822264,0.03083719665292088,X2_ALL324_FROZEN_E0,70b846e0634a8c7a17e537dfda8bd766392ef719b2eb16f6dce95537b4b710c3
OBS-DISC-STRONG,XS,S1_SELECTED,16,3,0.22005550439588895,0.024816428262943734,X2_ALL324_FROZEN_E0,70b846e0634a8c7a17e537dfda8bd766392ef719b2eb16f6dce95537b4b710c3
OBS-DISC-STRONG,XS,S1_SELECTED,8,3,0.219104015851625,0.02472506284320679,X2_ALL324_FROZEN_E0,70b846e0634a8c7a17e537dfda8bd766392ef719b2eb16f6dce95537b4b710c3
OBS-DISC-WEAK,EP,JOINT_LINUX,1,3,0.16284078071603095,0.05997444767048907,X2_ALL324_FROZEN_E0,70b846e0634a8c7a17e537dfda8bd766392ef719b2eb16f6dce95537b4b710c3
OBS-DISC-WEAK,EP,JOINT_LINUX,16,3,0.26531581286036626,0.06790771937065786,X2_ALL324_FROZEN_E0,70b846e0634a8c7a17e537dfda8bd766392ef719b2eb16f6dce95537b4b710c3
OBS-DISC-WEAK,EP,JOINT_LINUX,8,3,0.26443647488932576,0.06867867725517086,X2_ALL324_FROZEN_E0,70b846e0634a8c7a17e537dfda8bd766392ef719b2eb16f6dce95537b4b710c3
OBS-DISC-WEAK,EP,MLP_POST_H8,1,3,0.25989420823940274,0.15702787519386088,X2_ALL324_FROZEN_E0,70b846e0634a8c7a17e537dfda8bd766392ef719b2eb16f6dce95537b4b710c3
OBS-DISC-WEAK,EP,MLP_POST_H8,16,3,0.4328906428203285,0.2354825493306201,X2_ALL324_FROZEN_E0,70b846e0634a8c7a17e537dfda8bd766392ef719b2eb16f6dce95537b4b710c3
OBS-DISC-WEAK,EP,MLP_POST_H8,8,3,0.4327974016553319,0.23703960402117705,X2_ALL324_FROZEN_E0,70b846e0634a8c7a17e537dfda8bd766392ef719b2eb16f6dce95537b4b710c3
OBS-DISC-WEAK,EP,PRED_CONT,1,3,0.19712596742692465,0.09425963438138278,X2_ALL324_FROZEN_E0,70b846e0634a8c7a17e537dfda8bd766392ef719b2eb16f6dce95537b4b710c3
OBS-DISC-WEAK,EP,PRED_CONT,16,3,0.3349740272657166,0.1375659337760082,X2_ALL324_FROZEN_E0,70b846e0634a8c7a17e537dfda8bd766392ef719b2eb16f6dce95537b4b710c3
OBS-DISC-WEAK,EP,PRED_CONT,8,3,0.3339241034893097,0.13816630585515477,X2_ALL324_FROZEN_E0,70b846e0634a8c7a17e537dfda8bd766392ef719b2eb16f6dce95537b4b710c3
OBS-DISC-WEAK,EP,S1_SELECTED,1,3,0.1474726582311925,0.04460632518565063,X2_ALL324_FROZEN_E0,70b846e0634a8c7a17e537dfda8bd766392ef719b2eb16f6dce95537b4b710c3
OBS-DISC-WEAK,EP,S1_SELECTED,16,3,0.21606098690560208,0.018652893415893646,X2_ALL324_FROZEN_E0,70b846e0634a8c7a17e537dfda8bd766392ef719b2eb16f6dce95537b4b710c3
OBS-DISC-WEAK,EP,S1_SELECTED,8,3,0.21507764040471403,0.019319842770559186,X2_ALL324_FROZEN_E0,70b846e0634a8c7a17e537dfda8bd766392ef719b2eb16f6dce95537b4b710c3
OBS-DISC-WEAK,EP_SHUF,JOINT_LINUX,1,3,0.17805113908355877,0.0751848060380169,X2_ALL324_FROZEN_E0,70b846e0634a8c7a17e537dfda8bd766392ef719b2eb16f6dce95537b4b710c3
OBS-DISC-WEAK,EP_SHUF,JOINT_LINUX,16,3,0.28016251972546874,0.08275442623576033,X2_ALL324_FROZEN_E0,70b846e0634a8c7a17e537dfda8bd766392ef719b2eb16f6dce95537b4b710c3
OBS-DISC-WEAK,EP_SHUF,JOINT_LINUX,8,3,0.2795374990905858,0.08377970145643095,X2_ALL324_FROZEN_E0,70b846e0634a8c7a17e537dfda8bd766392ef719b2eb16f6dce95537b4b710c3
OBS-DISC-WEAK,EP_SHUF,MLP_POST_H8,1,3,0.2407587498338415,0.13789241678829964,X2_ALL324_FROZEN_E0,70b846e0634a8c7a17e537dfda8bd766392ef719b2eb16f6dce95537b4b710c3
OBS-DISC-WEAK,EP_SHUF,MLP_POST_H8,16,3,0.403455420572928,0.20604732708321963,X2_ALL324_FROZEN_E0,70b846e0634a8c7a17e537dfda8bd766392ef719b2eb16f6dce95537b4b710c3
OBS-DISC-WEAK,EP_SHUF,MLP_POST_H8,8,3,0.3984932046211705,0.20273540698701564,X2_ALL324_FROZEN_E0,70b846e0634a8c7a17e537dfda8bd766392ef719b2eb16f6dce95537b4b710c3
OBS-DISC-WEAK,EP_SHUF,PRED_CONT,1,3,0.2243799363719385,0.12151360332639662,X2_ALL324_FROZEN_E0,70b846e0634a8c7a17e537dfda8bd766392ef719b2eb16f6dce95537b4b710c3
OBS-DISC-WEAK,EP_SHUF,PRED_CONT,16,3,0.3608236871161363,0.16341559362642788,X2_ALL324_FROZEN_E0,70b846e0634a8c7a17e537dfda8bd766392ef719b2eb16f6dce95537b4b710c3
OBS-DISC-WEAK,EP_SHUF,PRED_CONT,8,3,0.35856375159696885,0.16280595396281397,X2_ALL324_FROZEN_E0,70b846e0634a8c7a17e537dfda8bd766392ef719b2eb16f6dce95537b4b710c3
OBS-DISC-WEAK,EP_SHUF,S1_SELECTED,1,3,0.1636619021329687,0.060795569087426816,X2_ALL324_FROZEN_E0,70b846e0634a8c7a17e537dfda8bd766392ef719b2eb16f6dce95537b4b710c3
OBS-DISC-WEAK,EP_SHUF,S1_SELECTED,16,3,0.22537887881158483,0.027970785321876402,X2_ALL324_FROZEN_E0,70b846e0634a8c7a17e537dfda8bd766392ef719b2eb16f6dce95537b4b710c3
OBS-DISC-WEAK,EP_SHUF,S1_SELECTED,8,3,0.22387936759615334,0.02812156996199852,X2_ALL324_FROZEN_E0,70b846e0634a8c7a17e537dfda8bd766392ef719b2eb16f6dce95537b4b710c3
OBS-DISC-WEAK,NO_REG,JOINT_LINUX,1,3,1.6679254482136638,1.565059115168122,X2_ALL324_FROZEN_E0,70b846e0634a8c7a17e537dfda8bd766392ef719b2eb16f6dce95537b4b710c3
OBS-DISC-WEAK,NO_REG,JOINT_LINUX,16,3,1.6194996987077015,1.422091605217993,X2_ALL324_FROZEN_E0,70b846e0634a8c7a17e537dfda8bd766392ef719b2eb16f6dce95537b4b710c3
OBS-DISC-WEAK,NO_REG,JOINT_LINUX,8,3,1.6340812910582276,1.438323493424073,X2_ALL324_FROZEN_E0,70b846e0634a8c7a17e537dfda8bd766392ef719b2eb16f6dce95537b4b710c3
OBS-DISC-WEAK,NO_REG,MLP_POST_H8,1,3,1.6410061352337244,1.5381398021881825,X2_ALL324_FROZEN_E0,70b846e0634a8c7a17e537dfda8bd766392ef719b2eb16f6dce95537b4b710c3
OBS-DISC-WEAK,NO_REG,MLP_POST_H8,16,3,1.5925878752491525,1.3951797817594442,X2_ALL324_FROZEN_E0,70b846e0634a8c7a17e537dfda8bd766392ef719b2eb16f6dce95537b4b710c3
OBS-DISC-WEAK,NO_REG,MLP_POST_H8,8,3,1.606812148055092,1.411054350420937,X2_ALL324_FROZEN_E0,70b846e0634a8c7a17e537dfda8bd766392ef719b2eb16f6dce95537b4b710c3
OBS-DISC-WEAK,NO_REG,PRED_CONT,1,3,1.6406086498131789,1.5377423167676374,X2_ALL324_FROZEN_E0,70b846e0634a8c7a17e537dfda8bd766392ef719b2eb16f6dce95537b4b710c3
OBS-DISC-WEAK,NO_REG,PRED_CONT,16,3,1.5929099701984255,1.3955018767087173,X2_ALL324_FROZEN_E0,70b846e0634a8c7a17e537dfda8bd766392ef719b2eb16f6dce95537b4b710c3
OBS-DISC-WEAK,NO_REG,PRED_CONT,8,3,1.6071522969171868,1.4113944992830316,X2_ALL324_FROZEN_E0,70b846e0634a8c7a17e537dfda8bd766392ef719b2eb16f6dce95537b4b710c3
OBS-DISC-WEAK,NO_REG,S1_SELECTED,1,3,1.6522870701130017,1.5494207370674598,X2_ALL324_FROZEN_E0,70b846e0634a8c7a17e537dfda8bd766392ef719b2eb16f6dce95537b4b710c3
OBS-DISC-WEAK,NO_REG,S1_SELECTED,16,3,1.6046182703728513,1.407210176883143,X2_ALL324_FROZEN_E0,70b846e0634a8c7a17e537dfda8bd766392ef719b2eb16f6dce95537b4b710c3
OBS-DISC-WEAK,NO_REG,S1_SELECTED,8,3,1.618902359953026,1.4231445623188712,X2_ALL324_FROZEN_E0,70b846e0634a8c7a17e537dfda8bd766392ef719b2eb16f6dce95537b4b710c3
OBS-DISC-WEAK,POOL,JOINT_LINUX,1,3,0.16096251065173772,0.05809617760619585,X2_ALL324_FROZEN_E0,70b846e0634a8c7a17e537dfda8bd766392ef719b2eb16f6dce95537b4b710c3
OBS-DISC-WEAK,POOL,JOINT_LINUX,16,3,0.2633755739854328,0.06596748049572437,X2_ALL324_FROZEN_E0,70b846e0634a8c7a17e537dfda8bd766392ef719b2eb16f6dce95537b4b710c3
OBS-DISC-WEAK,POOL,JOINT_LINUX,8,3,0.26301524410964255,0.06725744647548774,X2_ALL324_FROZEN_E0,70b846e0634a8c7a17e537dfda8bd766392ef719b2eb16f6dce95537b4b710c3
OBS-DISC-WEAK,POOL,MLP_POST_H8,1,3,0.22130155854920242,0.11843522550366058,X2_ALL324_FROZEN_E0,70b846e0634a8c7a17e537dfda8bd766392ef719b2eb16f6dce95537b4b710c3
OBS-DISC-WEAK,POOL,MLP_POST_H8,16,3,0.3842750946284179,0.18686700113870947,X2_ALL324_FROZEN_E0,70b846e0634a8c7a17e537dfda8bd766392ef719b2eb16f6dce95537b4b710c3
OBS-DISC-WEAK,POOL,MLP_POST_H8,8,3,0.3806903798075713,0.18493258217341643,X2_ALL324_FROZEN_E0,70b846e0634a8c7a17e537dfda8bd766392ef719b2eb16f6dce95537b4b710c3
OBS-DISC-WEAK,POOL,PRED_CONT,1,3,0.20806258313789075,0.1051962500923489,X2_ALL324_FROZEN_E0,70b846e0634a8c7a17e537dfda8bd766392ef719b2eb16f6dce95537b4b710c3
OBS-DISC-WEAK,POOL,PRED_CONT,16,3,0.3432251748715866,0.14581708138187813,X2_ALL324_FROZEN_E0,70b846e0634a8c7a17e537dfda8bd766392ef719b2eb16f6dce95537b4b710c3
OBS-DISC-WEAK,POOL,PRED_CONT,8,3,0.34522491970138053,0.14946712206722565,X2_ALL324_FROZEN_E0,70b846e0634a8c7a17e537dfda8bd766392ef719b2eb16f6dce95537b4b710c3
OBS-DISC-WEAK,POOL,S1_SELECTED,1,3,0.14672110199739843,0.043854768951856554,X2_ALL324_FROZEN_E0,70b846e0634a8c7a17e537dfda8bd766392ef719b2eb16f6dce95537b4b710c3
OBS-DISC-WEAK,POOL,S1_SELECTED,16,3,0.2171289098571069,0.019720816367398475,X2_ALL324_FROZEN_E0,70b846e0634a8c7a17e537dfda8bd766392ef719b2eb16f6dce95537b4b710c3
OBS-DISC-WEAK,POOL,S1_SELECTED,8,3,0.21530376165771006,0.01954596402355524,X2_ALL324_FROZEN_E0,70b846e0634a8c7a17e537dfda8bd766392ef719b2eb16f6dce95537b4b710c3
OBS-DISC-WEAK,SMX_B,JOINT_LINUX,1,3,0.1538140854660716,0.050947752420529735,X2_ALL324_FROZEN_E0,70b846e0634a8c7a17e537dfda8bd766392ef719b2eb16f6dce95537b4b710c3
OBS-DISC-WEAK,SMX_B,JOINT_LINUX,16,3,0.2585117048308088,0.06110361134110041,X2_ALL324_FROZEN_E0,70b846e0634a8c7a17e537dfda8bd766392ef719b2eb16f6dce95537b4b710c3
OBS-DISC-WEAK,SMX_B,JOINT_LINUX,8,3,0.2565766905761642,0.0608188929420094,X2_ALL324_FROZEN_E0,70b846e0634a8c7a17e537dfda8bd766392ef719b2eb16f6dce95537b4b710c3
OBS-DISC-WEAK,SMX_B,MLP_POST_H8,1,3,0.21798326746136035,0.1151169344158185,X2_ALL324_FROZEN_E0,70b846e0634a8c7a17e537dfda8bd766392ef719b2eb16f6dce95537b4b710c3
OBS-DISC-WEAK,SMX_B,MLP_POST_H8,16,3,0.38395573920212295,0.18654764571241456,X2_ALL324_FROZEN_E0,70b846e0634a8c7a17e537dfda8bd766392ef719b2eb16f6dce95537b4b710c3
OBS-DISC-WEAK,SMX_B,MLP_POST_H8,8,3,0.37940945559810807,0.18365165796395325,X2_ALL324_FROZEN_E0,70b846e0634a8c7a17e537dfda8bd766392ef719b2eb16f6dce95537b4b710c3
OBS-DISC-WEAK,SMX_B,PRED_CONT,1,3,0.20556202395385892,0.10269569090831705,X2_ALL324_FROZEN_E0,70b846e0634a8c7a17e537dfda8bd766392ef719b2eb16f6dce95537b4b710c3
OBS-DISC-WEAK,SMX_B,PRED_CONT,16,3,0.3386261984604282,0.14121810497071977,X2_ALL324_FROZEN_E0,70b846e0634a8c7a17e537dfda8bd766392ef719b2eb16f6dce95537b4b710c3
OBS-DISC-WEAK,SMX_B,PRED_CONT,8,3,0.34087978503798105,0.14512198740382623,X2_ALL324_FROZEN_E0,70b846e0634a8c7a17e537dfda8bd766392ef719b2eb16f6dce95537b4b710c3
OBS-DISC-WEAK,SMX_B,S1_SELECTED,1,3,0.14155444933530328,0.038688116289761425,X2_ALL324_FROZEN_E0,70b846e0634a8c7a17e537dfda8bd766392ef719b2eb16f6dce95537b4b710c3
OBS-DISC-WEAK,SMX_B,S1_SELECTED,16,3,0.21598869922502928,0.018580605735320877,X2_ALL324_FROZEN_E0,70b846e0634a8c7a17e537dfda8bd766392ef719b2eb16f6dce95537b4b710c3
OBS-DISC-WEAK,SMX_B,S1_SELECTED,8,3,0.21396997120614217,0.018212173571987345,X2_ALL324_FROZEN_E0,70b846e0634a8c7a17e537dfda8bd766392ef719b2eb16f6dce95537b4b710c3
OBS-DISC-WEAK,SM_B,JOINT_LINUX,1,3,0.14232529373688305,0.03945896069134119,X2_ALL324_FROZEN_E0,70b846e0634a8c7a17e537dfda8bd766392ef719b2eb16f6dce95537b4b710c3
OBS-DISC-WEAK,SM_B,JOINT_LINUX,16,3,0.24323622811367818,0.04582813462396972,X2_ALL324_FROZEN_E0,70b846e0634a8c7a17e537dfda8bd766392ef719b2eb16f6dce95537b4b710c3
OBS-DISC-WEAK,SM_B,JOINT_LINUX,8,3,0.2432461720937471,0.04748837445959226,X2_ALL324_FROZEN_E0,70b846e0634a8c7a17e537dfda8bd766392ef719b2eb16f6dce95537b4b710c3
OBS-DISC-WEAK,SM_B,MLP_POST_H8,1,3,0.20232520955061858,0.09945887650507672,X2_ALL324_FROZEN_E0,70b846e0634a8c7a17e537dfda8bd766392ef719b2eb16f6dce95537b4b710c3
OBS-DISC-WEAK,SM_B,MLP_POST_H8,16,3,0.3764424205445868,0.17903432705487834,X2_ALL324_FROZEN_E0,70b846e0634a8c7a17e537dfda8bd766392ef719b2eb16f6dce95537b4b710c3
OBS-DISC-WEAK,SM_B,MLP_POST_H8,8,3,0.36634444727596677,0.170586649641812,X2_ALL324_FROZEN_E0,70b846e0634a8c7a17e537dfda8bd766392ef719b2eb16f6dce95537b4b710c3
OBS-DISC-WEAK,SM_B,PRED_CONT,1,3,0.20234272912226517,0.09947639607672332,X2_ALL324_FROZEN_E0,70b846e0634a8c7a17e537dfda8bd766392ef719b2eb16f6dce95537b4b710c3
OBS-DISC-WEAK,SM_B,PRED_CONT,16,3,0.34976902519292613,0.1523609317032177,X2_ALL324_FROZEN_E0,70b846e0634a8c7a17e537dfda8bd766392ef719b2eb16f6dce95537b4b710c3
OBS-DISC-WEAK,SM_B,PRED_CONT,8,3,0.34720148693454594,0.15144368930039107,X2_ALL324_FROZEN_E0,70b846e0634a8c7a17e537dfda8bd766392ef719b2eb16f6dce95537b4b710c3
OBS-DISC-WEAK,SM_B,S1_SELECTED,1,3,0.13023634080894866,0.02737000776340683,X2_ALL324_FROZEN_E0,70b846e0634a8c7a17e537dfda8bd766392ef719b2eb16f6dce95537b4b710c3
OBS-DISC-WEAK,SM_B,S1_SELECTED,16,3,0.20977067153003448,0.012362578040326061,X2_ALL324_FROZEN_E0,70b846e0634a8c7a17e537dfda8bd766392ef719b2eb16f6dce95537b4b710c3
OBS-DISC-WEAK,SM_B,S1_SELECTED,8,3,0.2081962949697291,0.012438497335574264,X2_ALL324_FROZEN_E0,70b846e0634a8c7a17e537dfda8bd766392ef719b2eb16f6dce95537b4b710c3
OBS-DISC-WEAK,SUP_DIRECT,JOINT_LINUX,1,3,0.12227005179315231,0.019403718747610443,X2_ALL324_FROZEN_E0,70b846e0634a8c7a17e537dfda8bd766392ef719b2eb16f6dce95537b4b710c3
OBS-DISC-WEAK,SUP_DIRECT,JOINT_LINUX,16,3,0.23302238295772967,0.03561428946802123,X2_ALL324_FROZEN_E0,70b846e0634a8c7a17e537dfda8bd766392ef719b2eb16f6dce95537b4b710c3
OBS-DISC-WEAK,SUP_DIRECT,JOINT_LINUX,8,3,0.2299427146124812,0.03418491697832637,X2_ALL324_FROZEN_E0,70b846e0634a8c7a17e537dfda8bd766392ef719b2eb16f6dce95537b4b710c3
OBS-DISC-WEAK,SUP_DIRECT,MLP_POST_H8,1,3,0.15976438354558609,0.05689805050004423,X2_ALL324_FROZEN_E0,70b846e0634a8c7a17e537dfda8bd766392ef719b2eb16f6dce95537b4b710c3
OBS-DISC-WEAK,SUP_DIRECT,MLP_POST_H8,16,3,0.30221742877335184,0.10480933528364338,X2_ALL324_FROZEN_E0,70b846e0634a8c7a17e537dfda8bd766392ef719b2eb16f6dce95537b4b710c3
OBS-DISC-WEAK,SUP_DIRECT,MLP_POST_H8,8,3,0.3026280966670116,0.10687029903285679,X2_ALL324_FROZEN_E0,70b846e0634a8c7a17e537dfda8bd766392ef719b2eb16f6dce95537b4b710c3
OBS-DISC-WEAK,SUP_DIRECT,PRED_CONT,1,3,0.15433993065605547,0.051473597610513615,X2_ALL324_FROZEN_E0,70b846e0634a8c7a17e537dfda8bd766392ef719b2eb16f6dce95537b4b710c3
OBS-DISC-WEAK,SUP_DIRECT,PRED_CONT,16,3,0.4029811360557656,0.20557304256605716,X2_ALL324_FROZEN_E0,70b846e0634a8c7a17e537dfda8bd766392ef719b2eb16f6dce95537b4b710c3
OBS-DISC-WEAK,SUP_DIRECT,PRED_CONT,8,3,0.397381263799013,0.20162346616485816,X2_ALL324_FROZEN_E0,70b846e0634a8c7a17e537dfda8bd766392ef719b2eb16f6dce95537b4b710c3
OBS-DISC-WEAK,SUP_DIRECT,S1_SELECTED,1,3,0.1047889839340162,0.0019226508884743383,X2_ALL324_FROZEN_E0,70b846e0634a8c7a17e537dfda8bd766392ef719b2eb16f6dce95537b4b710c3
OBS-DISC-WEAK,SUP_DIRECT,S1_SELECTED,16,3,0.19863304514209812,0.001224951652389709,X2_ALL324_FROZEN_E0,70b846e0634a8c7a17e537dfda8bd766392ef719b2eb16f6dce95537b4b710c3
OBS-DISC-WEAK,SUP_DIRECT,S1_SELECTED,8,3,0.19703377932722435,0.0012759816930695185,X2_ALL324_FROZEN_E0,70b846e0634a8c7a17e537dfda8bd766392ef719b2eb16f6dce95537b4b710c3
OBS-DISC-WEAK,TC,JOINT_LINUX,1,3,0.1443300286993818,0.04146369565383994,X2_ALL324_FROZEN_E0,70b846e0634a8c7a17e537dfda8bd766392ef719b2eb16f6dce95537b4b710c3
OBS-DISC-WEAK,TC,JOINT_LINUX,16,3,0.24430907438840033,0.04690098089869193,X2_ALL324_FROZEN_E0,70b846e0634a8c7a17e537dfda8bd766392ef719b2eb16f6dce95537b4b710c3
OBS-DISC-WEAK,TC,JOINT_LINUX,8,3,0.24437381358769206,0.048616015953537206,X2_ALL324_FROZEN_E0,70b846e0634a8c7a17e537dfda8bd766392ef719b2eb16f6dce95537b4b710c3
OBS-DISC-WEAK,TC,MLP_POST_H8,1,3,0.21817113665446386,0.11530480360892198,X2_ALL324_FROZEN_E0,70b846e0634a8c7a17e537dfda8bd766392ef719b2eb16f6dce95537b4b710c3
OBS-DISC-WEAK,TC,MLP_POST_H8,16,3,0.394786441087627,0.19737834759791864,X2_ALL324_FROZEN_E0,70b846e0634a8c7a17e537dfda8bd766392ef719b2eb16f6dce95537b4b710c3
OBS-DISC-WEAK,TC,MLP_POST_H8,8,3,0.3845367215762532,0.18877892394209841,X2_ALL324_FROZEN_E0,70b846e0634a8c7a17e537dfda8bd766392ef719b2eb16f6dce95537b4b710c3
OBS-DISC-WEAK,TC,PRED_CONT,1,3,0.19482657245750387,0.091960239411962,X2_ALL324_FROZEN_E0,70b846e0634a8c7a17e537dfda8bd766392ef719b2eb16f6dce95537b4b710c3
OBS-DISC-WEAK,TC,PRED_CONT,16,3,0.34658715365117754,0.14917906016146917,X2_ALL324_FROZEN_E0,70b846e0634a8c7a17e537dfda8bd766392ef719b2eb16f6dce95537b4b710c3
OBS-DISC-WEAK,TC,PRED_CONT,8,3,0.3464668310665991,0.15070903343244427,X2_ALL324_FROZEN_E0,70b846e0634a8c7a17e537dfda8bd766392ef719b2eb16f6dce95537b4b710c3
OBS-DISC-WEAK,TC,S1_SELECTED,1,3,0.12966664784326506,0.02680031479772319,X2_ALL324_FROZEN_E0,70b846e0634a8c7a17e537dfda8bd766392ef719b2eb16f6dce95537b4b710c3
OBS-DISC-WEAK,TC,S1_SELECTED,16,3,0.2082615346223878,0.010853441132679395,X2_ALL324_FROZEN_E0,70b846e0634a8c7a17e537dfda8bd766392ef719b2eb16f6dce95537b4b710c3
OBS-DISC-WEAK,TC,S1_SELECTED,8,3,0.2065036123084111,0.010745814674256301,X2_ALL324_FROZEN_E0,70b846e0634a8c7a17e537dfda8bd766392ef719b2eb16f6dce95537b4b710c3
OBS-DISC-WEAK,XS,JOINT_LINUX,1,3,0.1668499401043689,0.06398360705882704,X2_ALL324_FROZEN_E0,70b846e0634a8c7a17e537dfda8bd766392ef719b2eb16f6dce95537b4b710c3
OBS-DISC-WEAK,XS,JOINT_LINUX,16,3,0.2683852671013921,0.07097717361168367,X2_ALL324_FROZEN_E0,70b846e0634a8c7a17e537dfda8bd766392ef719b2eb16f6dce95537b4b710c3
OBS-DISC-WEAK,XS,JOINT_LINUX,8,3,0.26759899406684323,0.0718411964326884,X2_ALL324_FROZEN_E0,70b846e0634a8c7a17e537dfda8bd766392ef719b2eb16f6dce95537b4b710c3
OBS-DISC-WEAK,XS,MLP_POST_H8,1,3,0.22711820566309368,0.12425187261755181,X2_ALL324_FROZEN_E0,70b846e0634a8c7a17e537dfda8bd766392ef719b2eb16f6dce95537b4b710c3
OBS-DISC-WEAK,XS,MLP_POST_H8,16,3,0.3934820761010475,0.1960739826113391,X2_ALL324_FROZEN_E0,70b846e0634a8c7a17e537dfda8bd766392ef719b2eb16f6dce95537b4b710c3
OBS-DISC-WEAK,XS,MLP_POST_H8,8,3,0.38905005155317934,0.1932922539190245,X2_ALL324_FROZEN_E0,70b846e0634a8c7a17e537dfda8bd766392ef719b2eb16f6dce95537b4b710c3
OBS-DISC-WEAK,XS,PRED_CONT,1,3,0.21768204253110637,0.11481570948556452,X2_ALL324_FROZEN_E0,70b846e0634a8c7a17e537dfda8bd766392ef719b2eb16f6dce95537b4b710c3
OBS-DISC-WEAK,XS,PRED_CONT,16,3,0.35136588834114596,0.1539577948514376,X2_ALL324_FROZEN_E0,70b846e0634a8c7a17e537dfda8bd766392ef719b2eb16f6dce95537b4b710c3
OBS-DISC-WEAK,XS,PRED_CONT,8,3,0.35504009080792587,0.15928229317377104,X2_ALL324_FROZEN_E0,70b846e0634a8c7a17e537dfda8bd766392ef719b2eb16f6dce95537b4b710c3
OBS-DISC-WEAK,XS,S1_SELECTED,1,3,0.15382781176269553,0.050961478717153674,X2_ALL324_FROZEN_E0,70b846e0634a8c7a17e537dfda8bd766392ef719b2eb16f6dce95537b4b710c3
OBS-DISC-WEAK,XS,S1_SELECTED,16,3,0.22024896223235757,0.02284086874264914,X2_ALL324_FROZEN_E0,70b846e0634a8c7a17e537dfda8bd766392ef719b2eb16f6dce95537b4b710c3
OBS-DISC-WEAK,XS,S1_SELECTED,8,3,0.2186467260296746,0.022888928395519748,X2_ALL324_FROZEN_E0,70b846e0634a8c7a17e537dfda8bd766392ef719b2eb16f6dce95537b4b710c3
OBS-GAUSS-STRONG,EP,JOINT_LINUX,1,3,0.15767921834266782,0.05304749862708805,X2_ALL324_FROZEN_E0,70b846e0634a8c7a17e537dfda8bd766392ef719b2eb16f6dce95537b4b710c3
OBS-GAUSS-STRONG,EP,JOINT_LINUX,16,3,0.2587971713305454,0.057625164420541004,X2_ALL324_FROZEN_E0,70b846e0634a8c7a17e537dfda8bd766392ef719b2eb16f6dce95537b4b710c3
OBS-GAUSS-STRONG,EP,JOINT_LINUX,8,3,0.2580334491008122,0.05960989397024039,X2_ALL324_FROZEN_E0,70b846e0634a8c7a17e537dfda8bd766392ef719b2eb16f6dce95537b4b710c3
OBS-GAUSS-STRONG,EP,MLP_POST_H8,1,3,0.25172038872525676,0.14708866900967701,X2_ALL324_FROZEN_E0,70b846e0634a8c7a17e537dfda8bd766392ef719b2eb16f6dce95537b4b710c3
OBS-GAUSS-STRONG,EP,MLP_POST_H8,16,3,0.42312112647981975,0.2219491195698153,X2_ALL324_FROZEN_E0,70b846e0634a8c7a17e537dfda8bd766392ef719b2eb16f6dce95537b4b710c3
OBS-GAUSS-STRONG,EP,MLP_POST_H8,8,3,0.4294781854511547,0.2310546303205829,X2_ALL324_FROZEN_E0,70b846e0634a8c7a17e537dfda8bd766392ef719b2eb16f6dce95537b4b710c3
OBS-GAUSS-STRONG,EP,PRED_CONT,1,3,0.19385270651133057,0.08922098679575081,X2_ALL324_FROZEN_E0,70b846e0634a8c7a17e537dfda8bd766392ef719b2eb16f6dce95537b4b710c3
OBS-GAUSS-STRONG,EP,PRED_CONT,16,3,0.32716123382132,0.12598922691131556,X2_ALL324_FROZEN_E0,70b846e0634a8c7a17e537dfda8bd766392ef719b2eb16f6dce95537b4b710c3
OBS-GAUSS-STRONG,EP,PRED_CONT,8,3,0.3311715688297827,0.13274801369921088,X2_ALL324_FROZEN_E0,70b846e0634a8c7a17e537dfda8bd766392ef719b2eb16f6dce95537b4b710c3
OBS-GAUSS-STRONG,EP,S1_SELECTED,1,3,0.14351385652982002,0.03888213681424026,X2_ALL324_FROZEN_E0,70b846e0634a8c7a17e537dfda8bd766392ef719b2eb16f6dce95537b4b710c3
OBS-GAUSS-STRONG,EP,S1_SELECTED,16,3,0.216631439406473,0.015459432496468565,X2_ALL324_FROZEN_E0,70b846e0634a8c7a17e537dfda8bd766392ef719b2eb16f6dce95537b4b710c3
OBS-GAUSS-STRONG,EP,S1_SELECTED,8,3,0.21445566454031736,0.01603210940974557,X2_ALL324_FROZEN_E0,70b846e0634a8c7a17e537dfda8bd766392ef719b2eb16f6dce95537b4b710c3
OBS-GAUSS-STRONG,EP_SHUF,JOINT_LINUX,1,3,0.18242240175529212,0.07779068203971233,X2_ALL324_FROZEN_E0,70b846e0634a8c7a17e537dfda8bd766392ef719b2eb16f6dce95537b4b710c3
OBS-GAUSS-STRONG,EP_SHUF,JOINT_LINUX,16,3,0.2850695071411684,0.08389750023116398,X2_ALL324_FROZEN_E0,70b846e0634a8c7a17e537dfda8bd766392ef719b2eb16f6dce95537b4b710c3
OBS-GAUSS-STRONG,EP_SHUF,JOINT_LINUX,8,3,0.28182398356763605,0.08340042843706423,X2_ALL324_FROZEN_E0,70b846e0634a8c7a17e537dfda8bd766392ef719b2eb16f6dce95537b4b710c3
OBS-GAUSS-STRONG,EP_SHUF,MLP_POST_H8,1,3,0.23492856162687037,0.13029684191129057,X2_ALL324_FROZEN_E0,70b846e0634a8c7a17e537dfda8bd766392ef719b2eb16f6dce95537b4b710c3
OBS-GAUSS-STRONG,EP_SHUF,MLP_POST_H8,16,3,0.3919909621369077,0.1908189552269032,X2_ALL324_FROZEN_E0,70b846e0634a8c7a17e537dfda8bd766392ef719b2eb16f6dce95537b4b710c3
OBS-GAUSS-STRONG,EP_SHUF,MLP_POST_H8,8,3,0.3848050248975339,0.1863814697669621,X2_ALL324_FROZEN_E0,70b846e0634a8c7a17e537dfda8bd766392ef719b2eb16f6dce95537b4b710c3
OBS-GAUSS-STRONG,EP_SHUF,PRED_CONT,1,3,0.22991520093935436,0.1252834812237746,X2_ALL324_FROZEN_E0,70b846e0634a8c7a17e537dfda8bd766392ef719b2eb16f6dce95537b4b710c3
OBS-GAUSS-STRONG,EP_SHUF,PRED_CONT,16,3,0.3590823383645087,0.15791033145450425,X2_ALL324_FROZEN_E0,70b846e0634a8c7a17e537dfda8bd766392ef719b2eb16f6dce95537b4b710c3
OBS-GAUSS-STRONG,EP_SHUF,PRED_CONT,8,3,0.3561948466919533,0.15777129156138145,X2_ALL324_FROZEN_E0,70b846e0634a8c7a17e537dfda8bd766392ef719b2eb16f6dce95537b4b710c3
OBS-GAUSS-STRONG,EP_SHUF,S1_SELECTED,1,3,0.15410725250172097,0.0494755327861412,X2_ALL324_FROZEN_E0,70b846e0634a8c7a17e537dfda8bd766392ef719b2eb16f6dce95537b4b710c3
OBS-GAUSS-STRONG,EP_SHUF,S1_SELECTED,16,3,0.22469950297368113,0.0235274960636767,X2_ALL324_FROZEN_E0,70b846e0634a8c7a17e537dfda8bd766392ef719b2eb16f6dce95537b4b710c3
OBS-GAUSS-STRONG,EP_SHUF,S1_SELECTED,8,3,0.22263892736331448,0.02421537223274266,X2_ALL324_FROZEN_E0,70b846e0634a8c7a17e537dfda8bd766392ef719b2eb16f6dce95537b4b710c3
OBS-GAUSS-STRONG,NO_REG,JOINT_LINUX,1,3,1.625917981551946,1.5212862618363665,X2_ALL324_FROZEN_E0,70b846e0634a8c7a17e537dfda8bd766392ef719b2eb16f6dce95537b4b710c3
OBS-GAUSS-STRONG,NO_REG,JOINT_LINUX,16,3,1.6599516865032478,1.4587796795932435,X2_ALL324_FROZEN_E0,70b846e0634a8c7a17e537dfda8bd766392ef719b2eb16f6dce95537b4b710c3
OBS-GAUSS-STRONG,NO_REG,JOINT_LINUX,8,3,1.634388524149091,1.4359649690185197,X2_ALL324_FROZEN_E0,70b846e0634a8c7a17e537dfda8bd766392ef719b2eb16f6dce95537b4b710c3
OBS-GAUSS-STRONG,NO_REG,MLP_POST_H8,1,3,1.6095127806824987,1.504881060966919,X2_ALL324_FROZEN_E0,70b846e0634a8c7a17e537dfda8bd766392ef719b2eb16f6dce95537b4b710c3
OBS-GAUSS-STRONG,NO_REG,MLP_POST_H8,16,3,1.6435187990674702,1.4423467921574655,X2_ALL324_FROZEN_E0,70b846e0634a8c7a17e537dfda8bd766392ef719b2eb16f6dce95537b4b710c3
OBS-GAUSS-STRONG,NO_REG,MLP_POST_H8,8,3,1.618927105111535,1.4205035499809633,X2_ALL324_FROZEN_E0,70b846e0634a8c7a17e537dfda8bd766392ef719b2eb16f6dce95537b4b710c3
OBS-GAUSS-STRONG,NO_REG,PRED_CONT,1,3,1.6098096852918438,1.505177965576264,X2_ALL324_FROZEN_E0,70b846e0634a8c7a17e537dfda8bd766392ef719b2eb16f6dce95537b4b710c3
OBS-GAUSS-STRONG,NO_REG,PRED_CONT,16,3,1.6433492772679934,1.4421772703579891,X2_ALL324_FROZEN_E0,70b846e0634a8c7a17e537dfda8bd766392ef719b2eb16f6dce95537b4b710c3
OBS-GAUSS-STRONG,NO_REG,PRED_CONT,8,3,1.618185044167431,1.4197614890368593,X2_ALL324_FROZEN_E0,70b846e0634a8c7a17e537dfda8bd766392ef719b2eb16f6dce95537b4b710c3
OBS-GAUSS-STRONG,NO_REG,S1_SELECTED,1,3,1.617847916391778,1.5132161966761986,X2_ALL324_FROZEN_E0,70b846e0634a8c7a17e537dfda8bd766392ef719b2eb16f6dce95537b4b710c3
OBS-GAUSS-STRONG,NO_REG,S1_SELECTED,16,3,1.6526076922535893,1.4514356853435846,X2_ALL324_FROZEN_E0,70b846e0634a8c7a17e537dfda8bd766392ef719b2eb16f6dce95537b4b710c3
OBS-GAUSS-STRONG,NO_REG,S1_SELECTED,8,3,1.6273889061618292,1.4289653510312574,X2_ALL324_FROZEN_E0,70b846e0634a8c7a17e537dfda8bd766392ef719b2eb16f6dce95537b4b710c3
OBS-GAUSS-STRONG,POOL,JOINT_LINUX,1,3,0.1719528134078636,0.06732109369228383,X2_ALL324_FROZEN_E0,70b846e0634a8c7a17e537dfda8bd766392ef719b2eb16f6dce95537b4b710c3
OBS-GAUSS-STRONG,POOL,JOINT_LINUX,16,3,0.2760077256380578,0.07483571872805335,X2_ALL324_FROZEN_E0,70b846e0634a8c7a17e537dfda8bd766392ef719b2eb16f6dce95537b4b710c3
OBS-GAUSS-STRONG,POOL,JOINT_LINUX,8,3,0.27240885132964854,0.07398529619907673,X2_ALL324_FROZEN_E0,70b846e0634a8c7a17e537dfda8bd766392ef719b2eb16f6dce95537b4b710c3
OBS-GAUSS-STRONG,POOL,MLP_POST_H8,1,3,0.22295580330417794,0.1183240835885982,X2_ALL324_FROZEN_E0,70b846e0634a8c7a17e537dfda8bd766392ef719b2eb16f6dce95537b4b710c3
OBS-GAUSS-STRONG,POOL,MLP_POST_H8,16,3,0.382143057186374,0.1809710502763695,X2_ALL324_FROZEN_E0,70b846e0634a8c7a17e537dfda8bd766392ef719b2eb16f6dce95537b4b710c3
OBS-GAUSS-STRONG,POOL,MLP_POST_H8,8,3,0.37549796465107677,0.177074409520505,X2_ALL324_FROZEN_E0,70b846e0634a8c7a17e537dfda8bd766392ef719b2eb16f6dce95537b4b710c3
OBS-GAUSS-STRONG,POOL,PRED_CONT,1,3,0.21727459712442132,0.11264287740884156,X2_ALL324_FROZEN_E0,70b846e0634a8c7a17e537dfda8bd766392ef719b2eb16f6dce95537b4b710c3
OBS-GAUSS-STRONG,POOL,PRED_CONT,16,3,0.3542661695645914,0.1530941626545869,X2_ALL324_FROZEN_E0,70b846e0634a8c7a17e537dfda8bd766392ef719b2eb16f6dce95537b4b710c3
OBS-GAUSS-STRONG,POOL,PRED_CONT,8,3,0.34810393555813435,0.1496803804275626,X2_ALL324_FROZEN_E0,70b846e0634a8c7a17e537dfda8bd766392ef719b2eb16f6dce95537b4b710c3
OBS-GAUSS-STRONG,POOL,S1_SELECTED,1,3,0.1463311543099426,0.04169943459436284,X2_ALL324_FROZEN_E0,70b846e0634a8c7a17e537dfda8bd766392ef719b2eb16f6dce95537b4b710c3
OBS-GAUSS-STRONG,POOL,S1_SELECTED,16,3,0.22057837826472915,0.019406371354724682,X2_ALL324_FROZEN_E0,70b846e0634a8c7a17e537dfda8bd766392ef719b2eb16f6dce95537b4b710c3
OBS-GAUSS-STRONG,POOL,S1_SELECTED,8,3,0.218139475565332,0.01971592043476021,X2_ALL324_FROZEN_E0,70b846e0634a8c7a17e537dfda8bd766392ef719b2eb16f6dce95537b4b710c3
OBS-GAUSS-STRONG,SMX_B,JOINT_LINUX,1,3,0.17164383244432288,0.06701211272874309,X2_ALL324_FROZEN_E0,70b846e0634a8c7a17e537dfda8bd766392ef719b2eb16f6dce95537b4b710c3
OBS-GAUSS-STRONG,SMX_B,JOINT_LINUX,16,3,0.27679885366789375,0.07562684675788933,X2_ALL324_FROZEN_E0,70b846e0634a8c7a17e537dfda8bd766392ef719b2eb16f6dce95537b4b710c3
OBS-GAUSS-STRONG,SMX_B,JOINT_LINUX,8,3,0.2764794693890935,0.07805591425852167,X2_ALL324_FROZEN_E0,70b846e0634a8c7a17e537dfda8bd766392ef719b2eb16f6dce95537b4b710c3
OBS-GAUSS-STRONG,SMX_B,MLP_POST_H8,1,3,0.21808947353741673,0.11345775382183697,X2_ALL324_FROZEN_E0,70b846e0634a8c7a17e537dfda8bd766392ef719b2eb16f6dce95537b4b710c3
OBS-GAUSS-STRONG,SMX_B,MLP_POST_H8,16,3,0.3731024381301193,0.17193043122011484,X2_ALL324_FROZEN_E0,70b846e0634a8c7a17e537dfda8bd766392ef719b2eb16f6dce95537b4b710c3
OBS-GAUSS-STRONG,SMX_B,MLP_POST_H8,8,3,0.36676241191173714,0.16833885678116522,X2_ALL324_FROZEN_E0,70b846e0634a8c7a17e537dfda8bd766392ef719b2eb16f6dce95537b4b710c3
OBS-GAUSS-STRONG,SMX_B,PRED_CONT,1,3,0.22115068890070463,0.11651896918512487,X2_ALL324_FROZEN_E0,70b846e0634a8c7a17e537dfda8bd766392ef719b2eb16f6dce95537b4b710c3
OBS-GAUSS-STRONG,SMX_B,PRED_CONT,16,3,0.3522509974514838,0.15107899054147939,X2_ALL324_FROZEN_E0,70b846e0634a8c7a17e537dfda8bd766392ef719b2eb16f6dce95537b4b710c3
OBS-GAUSS-STRONG,SMX_B,PRED_CONT,8,3,0.35305167106986785,0.15462811593929596,X2_ALL324_FROZEN_E0,70b846e0634a8c7a17e537dfda8bd766392ef719b2eb16f6dce95537b4b710c3
OBS-GAUSS-STRONG,SMX_B,S1_SELECTED,1,3,0.14716624984093477,0.042534530125355,X2_ALL324_FROZEN_E0,70b846e0634a8c7a17e537dfda8bd766392ef719b2eb16f6dce95537b4b710c3
OBS-GAUSS-STRONG,SMX_B,S1_SELECTED,16,3,0.22477421192689404,0.023602205016889578,X2_ALL324_FROZEN_E0,70b846e0634a8c7a17e537dfda8bd766392ef719b2eb16f6dce95537b4b710c3
OBS-GAUSS-STRONG,SMX_B,S1_SELECTED,8,3,0.2224127232797658,0.02398916814919395,X2_ALL324_FROZEN_E0,70b846e0634a8c7a17e537dfda8bd766392ef719b2eb16f6dce95537b4b710c3
OBS-GAUSS-STRONG,SM_B,JOINT_LINUX,1,3,0.234774379343627,0.13014265962804722,X2_ALL324_FROZEN_E0,70b846e0634a8c7a17e537dfda8bd766392ef719b2eb16f6dce95537b4b710c3
OBS-GAUSS-STRONG,SM_B,JOINT_LINUX,16,3,0.3269326405090111,0.12576063359900666,X2_ALL324_FROZEN_E0,70b846e0634a8c7a17e537dfda8bd766392ef719b2eb16f6dce95537b4b710c3
OBS-GAUSS-STRONG,SM_B,JOINT_LINUX,8,3,0.3250559176322747,0.12663236250170287,X2_ALL324_FROZEN_E0,70b846e0634a8c7a17e537dfda8bd766392ef719b2eb16f6dce95537b4b710c3
OBS-GAUSS-STRONG,SM_B,MLP_POST_H8,1,3,0.2875845227368437,0.18295280302126393,X2_ALL324_FROZEN_E0,70b846e0634a8c7a17e537dfda8bd766392ef719b2eb16f6dce95537b4b710c3
OBS-GAUSS-STRONG,SM_B,MLP_POST_H8,16,3,0.44124104389879815,0.24006903698879375,X2_ALL324_FROZEN_E0,70b846e0634a8c7a17e537dfda8bd766392ef719b2eb16f6dce95537b4b710c3
OBS-GAUSS-STRONG,SM_B,MLP_POST_H8,8,3,0.4415117376080036,0.2430881824774318,X2_ALL324_FROZEN_E0,70b846e0634a8c7a17e537dfda8bd766392ef719b2eb16f6dce95537b4b710c3
OBS-GAUSS-STRONG,SM_B,PRED_CONT,1,3,0.2812763640592153,0.17664464434363555,X2_ALL324_FROZEN_E0,70b846e0634a8c7a17e537dfda8bd766392ef719b2eb16f6dce95537b4b710c3
OBS-GAUSS-STRONG,SM_B,PRED_CONT,16,3,0.40397684951316054,0.20280484260315604,X2_ALL324_FROZEN_E0,70b846e0634a8c7a17e537dfda8bd766392ef719b2eb16f6dce95537b4b710c3
OBS-GAUSS-STRONG,SM_B,PRED_CONT,8,3,0.4051061492586541,0.20668259412808232,X2_ALL324_FROZEN_E0,70b846e0634a8c7a17e537dfda8bd766392ef719b2eb16f6dce95537b4b710c3
OBS-GAUSS-STRONG,SM_B,S1_SELECTED,1,3,0.2037662453660758,0.09913452565049606,X2_ALL324_FROZEN_E0,70b846e0634a8c7a17e537dfda8bd766392ef719b2eb16f6dce95537b4b710c3
OBS-GAUSS-STRONG,SM_B,S1_SELECTED,16,3,0.2631353174882966,0.06196331057829214,X2_ALL324_FROZEN_E0,70b846e0634a8c7a17e537dfda8bd766392ef719b2eb16f6dce95537b4b710c3
OBS-GAUSS-STRONG,SM_B,S1_SELECTED,8,3,0.26133329573407776,0.06290974060350596,X2_ALL324_FROZEN_E0,70b846e0634a8c7a17e537dfda8bd766392ef719b2eb16f6dce95537b4b710c3
OBS-GAUSS-STRONG,SUP_DIRECT,JOINT_LINUX,1,3,0.12454756485909053,0.019915845143510785,X2_ALL324_FROZEN_E0,70b846e0634a8c7a17e537dfda8bd766392ef719b2eb16f6dce95537b4b710c3
OBS-GAUSS-STRONG,SUP_DIRECT,JOINT_LINUX,16,3,0.2369955558217196,0.03582354891171518,X2_ALL324_FROZEN_E0,70b846e0634a8c7a17e537dfda8bd766392ef719b2eb16f6dce95537b4b710c3
OBS-GAUSS-STRONG,SUP_DIRECT,JOINT_LINUX,8,3,0.23125528624820257,0.03283173111763077,X2_ALL324_FROZEN_E0,70b846e0634a8c7a17e537dfda8bd766392ef719b2eb16f6dce95537b4b710c3
OBS-GAUSS-STRONG,SUP_DIRECT,MLP_POST_H8,1,3,0.16737418933458761,0.06274246961900785,X2_ALL324_FROZEN_E0,70b846e0634a8c7a17e537dfda8bd766392ef719b2eb16f6dce95537b4b710c3
OBS-GAUSS-STRONG,SUP_DIRECT,MLP_POST_H8,16,3,0.3169710005568431,0.11579899364683861,X2_ALL324_FROZEN_E0,70b846e0634a8c7a17e537dfda8bd766392ef719b2eb16f6dce95537b4b710c3
OBS-GAUSS-STRONG,SUP_DIRECT,MLP_POST_H8,8,3,0.3168533563225188,0.11842980119194706,X2_ALL324_FROZEN_E0,70b846e0634a8c7a17e537dfda8bd766392ef719b2eb16f6dce95537b4b710c3
OBS-GAUSS-STRONG,SUP_DIRECT,PRED_CONT,1,3,0.1601049918816383,0.05547327216605854,X2_ALL324_FROZEN_E0,70b846e0634a8c7a17e537dfda8bd766392ef719b2eb16f6dce95537b4b710c3
OBS-GAUSS-STRONG,SUP_DIRECT,PRED_CONT,16,3,0.3997345609773942,0.1985625540673898,X2_ALL324_FROZEN_E0,70b846e0634a8c7a17e537dfda8bd766392ef719b2eb16f6dce95537b4b710c3
OBS-GAUSS-STRONG,SUP_DIRECT,PRED_CONT,8,3,0.39098935553661235,0.19256580040604052,X2_ALL324_FROZEN_E0,70b846e0634a8c7a17e537dfda8bd766392ef719b2eb16f6dce95537b4b710c3
OBS-GAUSS-STRONG,SUP_DIRECT,S1_SELECTED,1,3,0.10922184919432727,0.0045901294787475165,X2_ALL324_FROZEN_E0,70b846e0634a8c7a17e537dfda8bd766392ef719b2eb16f6dce95537b4b710c3
OBS-GAUSS-STRONG,SUP_DIRECT,S1_SELECTED,16,3,0.20302537023789616,0.0018533633278917383,X2_ALL324_FROZEN_E0,70b846e0634a8c7a17e537dfda8bd766392ef719b2eb16f6dce95537b4b710c3
OBS-GAUSS-STRONG,SUP_DIRECT,S1_SELECTED,8,3,0.20074751652561207,0.002323961395040236,X2_ALL324_FROZEN_E0,70b846e0634a8c7a17e537dfda8bd766392ef719b2eb16f6dce95537b4b710c3
OBS-GAUSS-STRONG,TC,JOINT_LINUX,1,3,0.14593278235638843,0.04130106264080869,X2_ALL324_FROZEN_E0,70b846e0634a8c7a17e537dfda8bd766392ef719b2eb16f6dce95537b4b710c3
OBS-GAUSS-STRONG,TC,JOINT_LINUX,16,3,0.2537950807558912,0.05262307384588677,X2_ALL324_FROZEN_E0,70b846e0634a8c7a17e537dfda8bd766392ef719b2eb16f6dce95537b4b710c3
OBS-GAUSS-STRONG,TC,JOINT_LINUX,8,3,0.25079447950945044,0.05237092437887864,X2_ALL324_FROZEN_E0,70b846e0634a8c7a17e537dfda8bd766392ef719b2eb16f6dce95537b4b710c3
OBS-GAUSS-STRONG,TC,MLP_POST_H8,1,3,0.20170838510837963,0.09707666539279985,X2_ALL324_FROZEN_E0,70b846e0634a8c7a17e537dfda8bd766392ef719b2eb16f6dce95537b4b710c3
OBS-GAUSS-STRONG,TC,MLP_POST_H8,16,3,0.37422976549695025,0.17305775858694583,X2_ALL324_FROZEN_E0,70b846e0634a8c7a17e537dfda8bd766392ef719b2eb16f6dce95537b4b710c3
OBS-GAUSS-STRONG,TC,MLP_POST_H8,8,3,0.3757817850822914,0.1773582299517196,X2_ALL324_FROZEN_E0,70b846e0634a8c7a17e537dfda8bd766392ef719b2eb16f6dce95537b4b710c3
OBS-GAUSS-STRONG,TC,PRED_CONT,1,3,0.20162167068573936,0.0969899509701596,X2_ALL324_FROZEN_E0,70b846e0634a8c7a17e537dfda8bd766392ef719b2eb16f6dce95537b4b710c3
OBS-GAUSS-STRONG,TC,PRED_CONT,16,3,0.3408901847452314,0.13971817783522697,X2_ALL324_FROZEN_E0,70b846e0634a8c7a17e537dfda8bd766392ef719b2eb16f6dce95537b4b710c3
OBS-GAUSS-STRONG,TC,PRED_CONT,8,3,0.34333199393482833,0.14490843880425652,X2_ALL324_FROZEN_E0,70b846e0634a8c7a17e537dfda8bd766392ef719b2eb16f6dce95537b4b710c3
OBS-GAUSS-STRONG,TC,S1_SELECTED,1,3,0.13086803174382325,0.026236312028243513,X2_ALL324_FROZEN_E0,70b846e0634a8c7a17e537dfda8bd766392ef719b2eb16f6dce95537b4b710c3
OBS-GAUSS-STRONG,TC,S1_SELECTED,16,3,0.21061516562674285,0.009443158716738417,X2_ALL324_FROZEN_E0,70b846e0634a8c7a17e537dfda8bd766392ef719b2eb16f6dce95537b4b710c3
OBS-GAUSS-STRONG,TC,S1_SELECTED,8,3,0.20824207713924256,0.009818522008670727,X2_ALL324_FROZEN_E0,70b846e0634a8c7a17e537dfda8bd766392ef719b2eb16f6dce95537b4b710c3
OBS-GAUSS-STRONG,XS,JOINT_LINUX,1,3,0.1696270492392408,0.06499532952366101,X2_ALL324_FROZEN_E0,70b846e0634a8c7a17e537dfda8bd766392ef719b2eb16f6dce95537b4b710c3
OBS-GAUSS-STRONG,XS,JOINT_LINUX,16,3,0.275091120035903,0.07391911312589865,X2_ALL324_FROZEN_E0,70b846e0634a8c7a17e537dfda8bd766392ef719b2eb16f6dce95537b4b710c3
OBS-GAUSS-STRONG,XS,JOINT_LINUX,8,3,0.2725237611372744,0.07410020600670256,X2_ALL324_FROZEN_E0,70b846e0634a8c7a17e537dfda8bd766392ef719b2eb16f6dce95537b4b710c3
OBS-GAUSS-STRONG,XS,MLP_POST_H8,1,3,0.21722559860508617,0.11259387888950644,X2_ALL324_FROZEN_E0,70b846e0634a8c7a17e537dfda8bd766392ef719b2eb16f6dce95537b4b710c3
OBS-GAUSS-STRONG,XS,MLP_POST_H8,16,3,0.37396453968046167,0.17279253277045728,X2_ALL324_FROZEN_E0,70b846e0634a8c7a17e537dfda8bd766392ef719b2eb16f6dce95537b4b710c3
OBS-GAUSS-STRONG,XS,MLP_POST_H8,8,3,0.36843433281450677,0.170010777683935,X2_ALL324_FROZEN_E0,70b846e0634a8c7a17e537dfda8bd766392ef719b2eb16f6dce95537b4b710c3
OBS-GAUSS-STRONG,XS,PRED_CONT,1,3,0.21824364369008672,0.11361192397450696,X2_ALL324_FROZEN_E0,70b846e0634a8c7a17e537dfda8bd766392ef719b2eb16f6dce95537b4b710c3
OBS-GAUSS-STRONG,XS,PRED_CONT,16,3,0.3517847443287705,0.1506127374187661,X2_ALL324_FROZEN_E0,70b846e0634a8c7a17e537dfda8bd766392ef719b2eb16f6dce95537b4b710c3
OBS-GAUSS-STRONG,XS,PRED_CONT,8,3,0.35105259275450057,0.15262903762392874,X2_ALL324_FROZEN_E0,70b846e0634a8c7a17e537dfda8bd766392ef719b2eb16f6dce95537b4b710c3
OBS-GAUSS-STRONG,XS,S1_SELECTED,1,3,0.14505664543940283,0.040424925723823085,X2_ALL324_FROZEN_E0,70b846e0634a8c7a17e537dfda8bd766392ef719b2eb16f6dce95537b4b710c3
OBS-GAUSS-STRONG,XS,S1_SELECTED,16,3,0.22205940665247048,0.020887399742466062,X2_ALL324_FROZEN_E0,70b846e0634a8c7a17e537dfda8bd766392ef719b2eb16f6dce95537b4b710c3
OBS-GAUSS-STRONG,XS,S1_SELECTED,8,3,0.21975900213612243,0.021335447005550633,X2_ALL324_FROZEN_E0,70b846e0634a8c7a17e537dfda8bd766392ef719b2eb16f6dce95537b4b710c3
OBS-GAUSS-WEAK,EP,JOINT_LINUX,1,3,0.1756668128746676,0.07418293642780062,X2_ALL324_FROZEN_E0,70b846e0634a8c7a17e537dfda8bd766392ef719b2eb16f6dce95537b4b710c3
OBS-GAUSS-WEAK,EP,JOINT_LINUX,16,3,0.27454573094906287,0.08103162802265969,X2_ALL324_FROZEN_E0,70b846e0634a8c7a17e537dfda8bd766392ef719b2eb16f6dce95537b4b710c3
OBS-GAUSS-WEAK,EP,JOINT_LINUX,8,3,0.27171623904419295,0.07920373040936639,X2_ALL324_FROZEN_E0,70b846e0634a8c7a17e537dfda8bd766392ef719b2eb16f6dce95537b4b710c3
OBS-GAUSS-WEAK,EP,MLP_POST_H8,1,3,0.2483449393716941,0.14686106292482712,X2_ALL324_FROZEN_E0,70b846e0634a8c7a17e537dfda8bd766392ef719b2eb16f6dce95537b4b710c3
OBS-GAUSS-WEAK,EP,MLP_POST_H8,16,3,0.4209311043500484,0.22741700142364518,X2_ALL324_FROZEN_E0,70b846e0634a8c7a17e537dfda8bd766392ef719b2eb16f6dce95537b4b710c3
OBS-GAUSS-WEAK,EP,MLP_POST_H8,8,3,0.41277071392194603,0.22025820528711948,X2_ALL324_FROZEN_E0,70b846e0634a8c7a17e537dfda8bd766392ef719b2eb16f6dce95537b4b710c3
OBS-GAUSS-WEAK,EP,PRED_CONT,1,3,0.21841809646909607,0.11693422002222909,X2_ALL324_FROZEN_E0,70b846e0634a8c7a17e537dfda8bd766392ef719b2eb16f6dce95537b4b710c3
OBS-GAUSS-WEAK,EP,PRED_CONT,16,3,0.3477182792643836,0.15420417633798042,X2_ALL324_FROZEN_E0,70b846e0634a8c7a17e537dfda8bd766392ef719b2eb16f6dce95537b4b710c3
OBS-GAUSS-WEAK,EP,PRED_CONT,8,3,0.3458134891308957,0.15330098049606916,X2_ALL324_FROZEN_E0,70b846e0634a8c7a17e537dfda8bd766392ef719b2eb16f6dce95537b4b710c3
OBS-GAUSS-WEAK,EP,S1_SELECTED,1,3,0.16423544234361712,0.06275156589675011,X2_ALL324_FROZEN_E0,70b846e0634a8c7a17e537dfda8bd766392ef719b2eb16f6dce95537b4b710c3
OBS-GAUSS-WEAK,EP,S1_SELECTED,16,3,0.23372310165432578,0.040208998727922586,X2_ALL324_FROZEN_E0,70b846e0634a8c7a17e537dfda8bd766392ef719b2eb16f6dce95537b4b710c3
OBS-GAUSS-WEAK,EP,S1_SELECTED,8,3,0.2302425068744418,0.037729998239615224,X2_ALL324_FROZEN_E0,70b846e0634a8c7a17e537dfda8bd766392ef719b2eb16f6dce95537b4b710c3
OBS-GAUSS-WEAK,EP_SHUF,JOINT_LINUX,1,3,0.17147922577060923,0.0699953493237422,X2_ALL324_FROZEN_E0,70b846e0634a8c7a17e537dfda8bd766392ef719b2eb16f6dce95537b4b710c3
OBS-GAUSS-WEAK,EP_SHUF,JOINT_LINUX,16,3,0.27656170842579114,0.08304760549938794,X2_ALL324_FROZEN_E0,70b846e0634a8c7a17e537dfda8bd766392ef719b2eb16f6dce95537b4b710c3
OBS-GAUSS-WEAK,EP_SHUF,JOINT_LINUX,8,3,0.2704786558938435,0.07796614725901697,X2_ALL324_FROZEN_E0,70b846e0634a8c7a17e537dfda8bd766392ef719b2eb16f6dce95537b4b710c3
OBS-GAUSS-WEAK,EP_SHUF,MLP_POST_H8,1,3,0.2298948626745817,0.1284109862277147,X2_ALL324_FROZEN_E0,70b846e0634a8c7a17e537dfda8bd766392ef719b2eb16f6dce95537b4b710c3
OBS-GAUSS-WEAK,EP_SHUF,MLP_POST_H8,16,3,0.39334543998934207,0.19983133706293887,X2_ALL324_FROZEN_E0,70b846e0634a8c7a17e537dfda8bd766392ef719b2eb16f6dce95537b4b710c3
OBS-GAUSS-WEAK,EP_SHUF,MLP_POST_H8,8,3,0.38524431515033336,0.1927318065155068,X2_ALL324_FROZEN_E0,70b846e0634a8c7a17e537dfda8bd766392ef719b2eb16f6dce95537b4b710c3
OBS-GAUSS-WEAK,EP_SHUF,PRED_CONT,1,3,0.2185053663863564,0.11702148993948941,X2_ALL324_FROZEN_E0,70b846e0634a8c7a17e537dfda8bd766392ef719b2eb16f6dce95537b4b710c3
OBS-GAUSS-WEAK,EP_SHUF,PRED_CONT,16,3,0.3546125518012084,0.1610984488748051,X2_ALL324_FROZEN_E0,70b846e0634a8c7a17e537dfda8bd766392ef719b2eb16f6dce95537b4b710c3
OBS-GAUSS-WEAK,EP_SHUF,PRED_CONT,8,3,0.35231706198135976,0.15980455334653318,X2_ALL324_FROZEN_E0,70b846e0634a8c7a17e537dfda8bd766392ef719b2eb16f6dce95537b4b710c3
OBS-GAUSS-WEAK,EP_SHUF,S1_SELECTED,1,3,0.16028157497368484,0.05879769852681784,X2_ALL324_FROZEN_E0,70b846e0634a8c7a17e537dfda8bd766392ef719b2eb16f6dce95537b4b710c3
OBS-GAUSS-WEAK,EP_SHUF,S1_SELECTED,16,3,0.22323653413312683,0.029722431206723632,X2_ALL324_FROZEN_E0,70b846e0634a8c7a17e537dfda8bd766392ef719b2eb16f6dce95537b4b710c3
OBS-GAUSS-WEAK,EP_SHUF,S1_SELECTED,8,3,0.21913377594234248,0.026621267307515916,X2_ALL324_FROZEN_E0,70b846e0634a8c7a17e537dfda8bd766392ef719b2eb16f6dce95537b4b710c3
OBS-GAUSS-WEAK,NO_REG,JOINT_LINUX,1,3,1.5914523149384194,1.4899684384915524,X2_ALL324_FROZEN_E0,70b846e0634a8c7a17e537dfda8bd766392ef719b2eb16f6dce95537b4b710c3
OBS-GAUSS-WEAK,NO_REG,JOINT_LINUX,16,3,1.6352312260682187,1.4417171231418155,X2_ALL324_FROZEN_E0,70b846e0634a8c7a17e537dfda8bd766392ef719b2eb16f6dce95537b4b710c3
OBS-GAUSS-WEAK,NO_REG,JOINT_LINUX,8,3,1.605038533790352,1.412526025155526,X2_ALL324_FROZEN_E0,70b846e0634a8c7a17e537dfda8bd766392ef719b2eb16f6dce95537b4b710c3
OBS-GAUSS-WEAK,NO_REG,MLP_POST_H8,1,3,1.5715427475178576,1.4700588710709905,X2_ALL324_FROZEN_E0,70b846e0634a8c7a17e537dfda8bd766392ef719b2eb16f6dce95537b4b710c3
OBS-GAUSS-WEAK,NO_REG,MLP_POST_H8,16,3,1.6139688632447573,1.4204547603183544,X2_ALL324_FROZEN_E0,70b846e0634a8c7a17e537dfda8bd766392ef719b2eb16f6dce95537b4b710c3
OBS-GAUSS-WEAK,NO_REG,MLP_POST_H8,8,3,1.584641407266802,1.3921288986319755,X2_ALL324_FROZEN_E0,70b846e0634a8c7a17e537dfda8bd766392ef719b2eb16f6dce95537b4b710c3
OBS-GAUSS-WEAK,NO_REG,PRED_CONT,1,3,1.572897004372994,1.4714131279261267,X2_ALL324_FROZEN_E0,70b846e0634a8c7a17e537dfda8bd766392ef719b2eb16f6dce95537b4b710c3
OBS-GAUSS-WEAK,NO_REG,PRED_CONT,16,3,1.6158292355751476,1.4223151326487444,X2_ALL324_FROZEN_E0,70b846e0634a8c7a17e537dfda8bd766392ef719b2eb16f6dce95537b4b710c3
OBS-GAUSS-WEAK,NO_REG,PRED_CONT,8,3,1.586125687386587,1.3936131787517605,X2_ALL324_FROZEN_E0,70b846e0634a8c7a17e537dfda8bd766392ef719b2eb16f6dce95537b4b710c3
OBS-GAUSS-WEAK,NO_REG,S1_SELECTED,1,3,1.5803318899749617,1.4788480135280944,X2_ALL324_FROZEN_E0,70b846e0634a8c7a17e537dfda8bd766392ef719b2eb16f6dce95537b4b710c3
OBS-GAUSS-WEAK,NO_REG,S1_SELECTED,16,3,1.6237888168251622,1.4302747138987593,X2_ALL324_FROZEN_E0,70b846e0634a8c7a17e537dfda8bd766392ef719b2eb16f6dce95537b4b710c3
OBS-GAUSS-WEAK,NO_REG,S1_SELECTED,8,3,1.5940143919446446,1.401501883309818,X2_ALL324_FROZEN_E0,70b846e0634a8c7a17e537dfda8bd766392ef719b2eb16f6dce95537b4b710c3
OBS-GAUSS-WEAK,POOL,JOINT_LINUX,1,3,0.15836622736456624,0.056882350917699255,X2_ALL324_FROZEN_E0,70b846e0634a8c7a17e537dfda8bd766392ef719b2eb16f6dce95537b4b710c3
OBS-GAUSS-WEAK,POOL,JOINT_LINUX,16,3,0.26268034016466923,0.06916623723826604,X2_ALL324_FROZEN_E0,70b846e0634a8c7a17e537dfda8bd766392ef719b2eb16f6dce95537b4b710c3
OBS-GAUSS-WEAK,POOL,JOINT_LINUX,8,3,0.2576040992468265,0.06509159061199993,X2_ALL324_FROZEN_E0,70b846e0634a8c7a17e537dfda8bd766392ef719b2eb16f6dce95537b4b710c3
OBS-GAUSS-WEAK,POOL,MLP_POST_H8,1,3,0.216725994560532,0.11524211811366497,X2_ALL324_FROZEN_E0,70b846e0634a8c7a17e537dfda8bd766392ef719b2eb16f6dce95537b4b710c3
OBS-GAUSS-WEAK,POOL,MLP_POST_H8,16,3,0.3842814169930231,0.19076731406661993,X2_ALL324_FROZEN_E0,70b846e0634a8c7a17e537dfda8bd766392ef719b2eb16f6dce95537b4b710c3
OBS-GAUSS-WEAK,POOL,MLP_POST_H8,8,3,0.3739492994371063,0.18143679080227973,X2_ALL324_FROZEN_E0,70b846e0634a8c7a17e537dfda8bd766392ef719b2eb16f6dce95537b4b710c3
OBS-GAUSS-WEAK,POOL,PRED_CONT,1,3,0.20496072954276923,0.10347685309590222,X2_ALL324_FROZEN_E0,70b846e0634a8c7a17e537dfda8bd766392ef719b2eb16f6dce95537b4b710c3
OBS-GAUSS-WEAK,POOL,PRED_CONT,16,3,0.33505449499397755,0.14154039206757438,X2_ALL324_FROZEN_E0,70b846e0634a8c7a17e537dfda8bd766392ef719b2eb16f6dce95537b4b710c3
OBS-GAUSS-WEAK,POOL,PRED_CONT,8,3,0.3314700657828054,0.1389575571479789,X2_ALL324_FROZEN_E0,70b846e0634a8c7a17e537dfda8bd766392ef719b2eb16f6dce95537b4b710c3
OBS-GAUSS-WEAK,POOL,S1_SELECTED,1,3,0.1471482157582167,0.04566433931134972,X2_ALL324_FROZEN_E0,70b846e0634a8c7a17e537dfda8bd766392ef719b2eb16f6dce95537b4b710c3
OBS-GAUSS-WEAK,POOL,S1_SELECTED,16,3,0.21638144818292582,0.02286734525652262,X2_ALL324_FROZEN_E0,70b846e0634a8c7a17e537dfda8bd766392ef719b2eb16f6dce95537b4b710c3
OBS-GAUSS-WEAK,POOL,S1_SELECTED,8,3,0.21282746235933034,0.020314953724503787,X2_ALL324_FROZEN_E0,70b846e0634a8c7a17e537dfda8bd766392ef719b2eb16f6dce95537b4b710c3
OBS-GAUSS-WEAK,SMX_B,JOINT_LINUX,1,3,0.15469133569898755,0.053207459252120566,X2_ALL324_FROZEN_E0,70b846e0634a8c7a17e537dfda8bd766392ef719b2eb16f6dce95537b4b710c3
OBS-GAUSS-WEAK,SMX_B,JOINT_LINUX,16,3,0.2581002608261184,0.06458615789971525,X2_ALL324_FROZEN_E0,70b846e0634a8c7a17e537dfda8bd766392ef719b2eb16f6dce95537b4b710c3
OBS-GAUSS-WEAK,SMX_B,JOINT_LINUX,8,3,0.25346909666005496,0.06095658802522839,X2_ALL324_FROZEN_E0,70b846e0634a8c7a17e537dfda8bd766392ef719b2eb16f6dce95537b4b710c3
OBS-GAUSS-WEAK,SMX_B,MLP_POST_H8,1,3,0.21625088703412856,0.11476701058726162,X2_ALL324_FROZEN_E0,70b846e0634a8c7a17e537dfda8bd766392ef719b2eb16f6dce95537b4b710c3
OBS-GAUSS-WEAK,SMX_B,MLP_POST_H8,16,3,0.38421955271219826,0.19070544978579504,X2_ALL324_FROZEN_E0,70b846e0634a8c7a17e537dfda8bd766392ef719b2eb16f6dce95537b4b710c3
OBS-GAUSS-WEAK,SMX_B,MLP_POST_H8,8,3,0.37460723377930116,0.18209472514447458,X2_ALL324_FROZEN_E0,70b846e0634a8c7a17e537dfda8bd766392ef719b2eb16f6dce95537b4b710c3
OBS-GAUSS-WEAK,SMX_B,PRED_CONT,1,3,0.1997515419338083,0.09826766548694134,X2_ALL324_FROZEN_E0,70b846e0634a8c7a17e537dfda8bd766392ef719b2eb16f6dce95537b4b710c3
OBS-GAUSS-WEAK,SMX_B,PRED_CONT,16,3,0.3235773220156582,0.13006321908925497,X2_ALL324_FROZEN_E0,70b846e0634a8c7a17e537dfda8bd766392ef719b2eb16f6dce95537b4b710c3
OBS-GAUSS-WEAK,SMX_B,PRED_CONT,8,3,0.3227086982318717,0.13019618959704515,X2_ALL324_FROZEN_E0,70b846e0634a8c7a17e537dfda8bd766392ef719b2eb16f6dce95537b4b710c3
OBS-GAUSS-WEAK,SMX_B,S1_SELECTED,1,3,0.14448509913041044,0.04300122268354347,X2_ALL324_FROZEN_E0,70b846e0634a8c7a17e537dfda8bd766392ef719b2eb16f6dce95537b4b710c3
OBS-GAUSS-WEAK,SMX_B,S1_SELECTED,16,3,0.2164437261625222,0.022929623236119013,X2_ALL324_FROZEN_E0,70b846e0634a8c7a17e537dfda8bd766392ef719b2eb16f6dce95537b4b710c3
OBS-GAUSS-WEAK,SMX_B,S1_SELECTED,8,3,0.21332953115210226,0.020817022517275675,X2_ALL324_FROZEN_E0,70b846e0634a8c7a17e537dfda8bd766392ef719b2eb16f6dce95537b4b710c3
OBS-GAUSS-WEAK,SM_B,JOINT_LINUX,1,3,0.1536377076436752,0.05215383119680822,X2_ALL324_FROZEN_E0,70b846e0634a8c7a17e537dfda8bd766392ef719b2eb16f6dce95537b4b710c3
OBS-GAUSS-WEAK,SM_B,JOINT_LINUX,16,3,0.24766850930408238,0.054154406377679216,X2_ALL324_FROZEN_E0,70b846e0634a8c7a17e537dfda8bd766392ef719b2eb16f6dce95537b4b710c3
OBS-GAUSS-WEAK,SM_B,JOINT_LINUX,8,3,0.24516937927877355,0.052656870643946994,X2_ALL324_FROZEN_E0,70b846e0634a8c7a17e537dfda8bd766392ef719b2eb16f6dce95537b4b710c3
OBS-GAUSS-WEAK,SM_B,MLP_POST_H8,1,3,0.2277021591115915,0.1262182826647245,X2_ALL324_FROZEN_E0,70b846e0634a8c7a17e537dfda8bd766392ef719b2eb16f6dce95537b4b710c3
OBS-GAUSS-WEAK,SM_B,MLP_POST_H8,16,3,0.3950053658695441,0.2014912629431409,X2_ALL324_FROZEN_E0,70b846e0634a8c7a17e537dfda8bd766392ef719b2eb16f6dce95537b4b710c3
OBS-GAUSS-WEAK,SM_B,MLP_POST_H8,8,3,0.3873823478677798,0.19486983923295328,X2_ALL324_FROZEN_E0,70b846e0634a8c7a17e537dfda8bd766392ef719b2eb16f6dce95537b4b710c3
OBS-GAUSS-WEAK,SM_B,PRED_CONT,1,3,0.2076523029048678,0.10616842645800084,X2_ALL324_FROZEN_E0,70b846e0634a8c7a17e537dfda8bd766392ef719b2eb16f6dce95537b4b710c3
OBS-GAUSS-WEAK,SM_B,PRED_CONT,16,3,0.337691354797025,0.14417725187062178,X2_ALL324_FROZEN_E0,70b846e0634a8c7a17e537dfda8bd766392ef719b2eb16f6dce95537b4b710c3
OBS-GAUSS-WEAK,SM_B,PRED_CONT,8,3,0.33501175595167326,0.14249924731684668,X2_ALL324_FROZEN_E0,70b846e0634a8c7a17e537dfda8bd766392ef719b2eb16f6dce95537b4b710c3
OBS-GAUSS-WEAK,SM_B,S1_SELECTED,1,3,0.1311531730789146,0.029669296632047624,X2_ALL324_FROZEN_E0,70b846e0634a8c7a17e537dfda8bd766392ef719b2eb16f6dce95537b4b710c3
OBS-GAUSS-WEAK,SM_B,S1_SELECTED,16,3,0.20950587788943334,0.01599177496303016,X2_ALL324_FROZEN_E0,70b846e0634a8c7a17e537dfda8bd766392ef719b2eb16f6dce95537b4b710c3
OBS-GAUSS-WEAK,SM_B,S1_SELECTED,8,3,0.20730385469500598,0.014791346060179419,X2_ALL324_FROZEN_E0,70b846e0634a8c7a17e537dfda8bd766392ef719b2eb16f6dce95537b4b710c3
OBS-GAUSS-WEAK,SUP_DIRECT,JOINT_LINUX,1,3,0.11957168136641093,0.018087804919543926,X2_ALL324_FROZEN_E0,70b846e0634a8c7a17e537dfda8bd766392ef719b2eb16f6dce95537b4b710c3
OBS-GAUSS-WEAK,SUP_DIRECT,JOINT_LINUX,16,3,0.2257177490369832,0.03220364611058003,X2_ALL324_FROZEN_E0,70b846e0634a8c7a17e537dfda8bd766392ef719b2eb16f6dce95537b4b710c3
OBS-GAUSS-WEAK,SUP_DIRECT,JOINT_LINUX,8,3,0.22643712649155723,0.03392461785673067,X2_ALL324_FROZEN_E0,70b846e0634a8c7a17e537dfda8bd766392ef719b2eb16f6dce95537b4b710c3
OBS-GAUSS-WEAK,SUP_DIRECT,MLP_POST_H8,1,3,0.16171982884363648,0.06023595239676947,X2_ALL324_FROZEN_E0,70b846e0634a8c7a17e537dfda8bd766392ef719b2eb16f6dce95537b4b710c3
OBS-GAUSS-WEAK,SUP_DIRECT,MLP_POST_H8,16,3,0.30139992350133105,0.10788582057492786,X2_ALL324_FROZEN_E0,70b846e0634a8c7a17e537dfda8bd766392ef719b2eb16f6dce95537b4b710c3
OBS-GAUSS-WEAK,SUP_DIRECT,MLP_POST_H8,8,3,0.29874709084702583,0.10623458221219927,X2_ALL324_FROZEN_E0,70b846e0634a8c7a17e537dfda8bd766392ef719b2eb16f6dce95537b4b710c3
OBS-GAUSS-WEAK,SUP_DIRECT,PRED_CONT,1,3,0.1537444146252925,0.05226053817842551,X2_ALL324_FROZEN_E0,70b846e0634a8c7a17e537dfda8bd766392ef719b2eb16f6dce95537b4b710c3
OBS-GAUSS-WEAK,SUP_DIRECT,PRED_CONT,16,3,0.3926650323913619,0.19915092946495871,X2_ALL324_FROZEN_E0,70b846e0634a8c7a17e537dfda8bd766392ef719b2eb16f6dce95537b4b710c3
OBS-GAUSS-WEAK,SUP_DIRECT,PRED_CONT,8,3,0.38123553511538893,0.18872302648056238,X2_ALL324_FROZEN_E0,70b846e0634a8c7a17e537dfda8bd766392ef719b2eb16f6dce95537b4b710c3
OBS-GAUSS-WEAK,SUP_DIRECT,S1_SELECTED,1,3,0.10394180053764823,0.002457924090781244,X2_ALL324_FROZEN_E0,70b846e0634a8c7a17e537dfda8bd766392ef719b2eb16f6dce95537b4b710c3
OBS-GAUSS-WEAK,SUP_DIRECT,S1_SELECTED,16,3,0.19536074774258658,0.0018466448161833515,X2_ALL324_FROZEN_E0,70b846e0634a8c7a17e537dfda8bd766392ef719b2eb16f6dce95537b4b710c3
OBS-GAUSS-WEAK,SUP_DIRECT,S1_SELECTED,8,3,0.19458310990925323,0.0020706012744266624,X2_ALL324_FROZEN_E0,70b846e0634a8c7a17e537dfda8bd766392ef719b2eb16f6dce95537b4b710c3
OBS-GAUSS-WEAK,TC,JOINT_LINUX,1,3,0.13650782407889311,0.03502394763202612,X2_ALL324_FROZEN_E0,70b846e0634a8c7a17e537dfda8bd766392ef719b2eb16f6dce95537b4b710c3
OBS-GAUSS-WEAK,TC,JOINT_LINUX,16,3,0.23999904516909965,0.046484942242696496,X2_ALL324_FROZEN_E0,70b846e0634a8c7a17e537dfda8bd766392ef719b2eb16f6dce95537b4b710c3
OBS-GAUSS-WEAK,TC,JOINT_LINUX,8,3,0.23730792700801007,0.04479541837318349,X2_ALL324_FROZEN_E0,70b846e0634a8c7a17e537dfda8bd766392ef719b2eb16f6dce95537b4b710c3
OBS-GAUSS-WEAK,TC,MLP_POST_H8,1,3,0.20946287730402766,0.10797900085716065,X2_ALL324_FROZEN_E0,70b846e0634a8c7a17e537dfda8bd766392ef719b2eb16f6dce95537b4b710c3
OBS-GAUSS-WEAK,TC,MLP_POST_H8,16,3,0.3890584088338181,0.19554430590741492,X2_ALL324_FROZEN_E0,70b846e0634a8c7a17e537dfda8bd766392ef719b2eb16f6dce95537b4b710c3
OBS-GAUSS-WEAK,TC,MLP_POST_H8,8,3,0.37847105629958394,0.18595854766475736,X2_ALL324_FROZEN_E0,70b846e0634a8c7a17e537dfda8bd766392ef719b2eb16f6dce95537b4b710c3
OBS-GAUSS-WEAK,TC,PRED_CONT,1,3,0.18990192348098633,0.08841804703411936,X2_ALL324_FROZEN_E0,70b846e0634a8c7a17e537dfda8bd766392ef719b2eb16f6dce95537b4b710c3
OBS-GAUSS-WEAK,TC,PRED_CONT,16,3,0.3364000033522814,0.14288590042587823,X2_ALL324_FROZEN_E0,70b846e0634a8c7a17e537dfda8bd766392ef719b2eb16f6dce95537b4b710c3
OBS-GAUSS-WEAK,TC,PRED_CONT,8,3,0.3338417635116104,0.1413292548767838,X2_ALL324_FROZEN_E0,70b846e0634a8c7a17e537dfda8bd766392ef719b2eb16f6dce95537b4b710c3
OBS-GAUSS-WEAK,TC,S1_SELECTED,1,3,0.12183499541512637,0.020351118968259366,X2_ALL324_FROZEN_E0,70b846e0634a8c7a17e537dfda8bd766392ef719b2eb16f6dce95537b4b710c3
OBS-GAUSS-WEAK,TC,S1_SELECTED,16,3,0.2021267772588804,0.008612674332477246,X2_ALL324_FROZEN_E0,70b846e0634a8c7a17e537dfda8bd766392ef719b2eb16f6dce95537b4b710c3
OBS-GAUSS-WEAK,TC,S1_SELECTED,8,3,0.19976421827712587,0.007251709642299302,X2_ALL324_FROZEN_E0,70b846e0634a8c7a17e537dfda8bd766392ef719b2eb16f6dce95537b4b710c3
OBS-GAUSS-WEAK,XS,JOINT_LINUX,1,3,0.16677017474813405,0.06528629830126705,X2_ALL324_FROZEN_E0,70b846e0634a8c7a17e537dfda8bd766392ef719b2eb16f6dce95537b4b710c3
OBS-GAUSS-WEAK,XS,JOINT_LINUX,16,3,0.2705045659841369,0.07699046305773373,X2_ALL324_FROZEN_E0,70b846e0634a8c7a17e537dfda8bd766392ef719b2eb16f6dce95537b4b710c3
OBS-GAUSS-WEAK,XS,JOINT_LINUX,8,3,0.26492532212972414,0.07241281349489756,X2_ALL324_FROZEN_E0,70b846e0634a8c7a17e537dfda8bd766392ef719b2eb16f6dce95537b4b710c3
OBS-GAUSS-WEAK,XS,MLP_POST_H8,1,3,0.2278462183323148,0.12636234188544784,X2_ALL324_FROZEN_E0,70b846e0634a8c7a17e537dfda8bd766392ef719b2eb16f6dce95537b4b710c3
OBS-GAUSS-WEAK,XS,MLP_POST_H8,16,3,0.38945858812376993,0.1959444851973667,X2_ALL324_FROZEN_E0,70b846e0634a8c7a17e537dfda8bd766392ef719b2eb16f6dce95537b4b710c3
OBS-GAUSS-WEAK,XS,MLP_POST_H8,8,3,0.3814227007702171,0.18891019213539062,X2_ALL324_FROZEN_E0,70b846e0634a8c7a17e537dfda8bd766392ef719b2eb16f6dce95537b4b710c3
OBS-GAUSS-WEAK,XS,PRED_CONT,1,3,0.21309339125985502,0.11160951481298802,X2_ALL324_FROZEN_E0,70b846e0634a8c7a17e537dfda8bd766392ef719b2eb16f6dce95537b4b710c3
OBS-GAUSS-WEAK,XS,PRED_CONT,16,3,0.34839489283247377,0.15488078990607063,X2_ALL324_FROZEN_E0,70b846e0634a8c7a17e537dfda8bd766392ef719b2eb16f6dce95537b4b710c3
OBS-GAUSS-WEAK,XS,PRED_CONT,8,3,0.3429039655603625,0.15039145692553593,X2_ALL324_FROZEN_E0,70b846e0634a8c7a17e537dfda8bd766392ef719b2eb16f6dce95537b4b710c3
OBS-GAUSS-WEAK,XS,S1_SELECTED,1,3,0.1561912303969483,0.054707353950081306,X2_ALL324_FROZEN_E0,70b846e0634a8c7a17e537dfda8bd766392ef719b2eb16f6dce95537b4b710c3
OBS-GAUSS-WEAK,XS,S1_SELECTED,16,3,0.22161731316160796,0.02810321023520479,X2_ALL324_FROZEN_E0,70b846e0634a8c7a17e537dfda8bd766392ef719b2eb16f6dce95537b4b710c3
OBS-GAUSS-WEAK,XS,S1_SELECTED,8,3,0.2176025804389059,0.02509007180407936,X2_ALL324_FROZEN_E0,70b846e0634a8c7a17e537dfda8bd766392ef719b2eb16f6dce95537b4b710c3
