case_id,arm,stream,mode,status,success,entered_replanning,first_plan_equal,source_result_sha256,trajectory_sha256
R8_tworoom_003c28579b58245c0c254088,H0,R3_ORIGINAL,H_POLICY,FRESH_PAIRED_CONTROL,0,True,,f8c04881ca91c50287760763718e8d3e50716757e4a1ab87c25b59bf1dbad3d0,
R8_tworoom_003c28579b58245c0c254088,H0,R3_ORIGINAL,H_REAL3_REPLAN,COMPLETE,0,True,True,ccbf0372f600965b36709ec47c765df24a1dcd317dc0f3ed04d2dca24221435e,3ffd4edde4de03ddd20d8a0128ea98fa29681de89e78120b0db0443f1eb44229
R8_tworoom_003c28579b58245c0c254088,H0,R4_ALT_CEM_1,H_POLICY,FRESH_PAIRED_CONTROL,0,True,,9d5b35081c6022710617c3c2a103cc78ee78c62813f278fb370e9d68a7c7505a,
R8_tworoom_003c28579b58245c0c254088,H0,R4_ALT_CEM_1,H_REAL3_REPLAN,COMPLETE,0,True,True,e8656cef0e7f9270cee829a4f7b8bccda3646ae9a0995312372bb9e539654aaa,88255207f208e011e8a3bed6af4192a138bd2f2783c17646c1fde7b9dfffd89d
R8_tworoom_003c28579b58245c0c254088,H0,R4_ALT_CEM_2,H_POLICY,FRESH_PAIRED_CONTROL,0,True,,1b64f2a4574c4d1f8462de83018312defbefc16fd204969dda4be67ff3784dbd,
R8_tworoom_003c28579b58245c0c254088,H0,R4_ALT_CEM_2,H_REAL3_REPLAN,COMPLETE,0,True,True,7ead1a7bfcd21924b1ed4b1d32782e89b6c505daccb77f61bf46bb79f7eea1b2,ef2c7aa5ab64906a6b669a0f7a345d3b16cf525f52ec018046ca64a2c4d60a3e
R8_tworoom_003c28579b58245c0c254088,REFIT_103201,R3_ORIGINAL,H_POLICY,FRESH_PAIRED_CONTROL,1,False,,e674817a049a85a4904c34f70b0725d5573868bf693271e82ccc89a7c6e53853,
R8_tworoom_003c28579b58245c0c254088,REFIT_103201,R3_ORIGINAL,H_REAL3_REPLAN,COMPLETE,1,False,True,e852d07d608e454e4038d747d31dd3b7814667f71646c2c28c528841b3a7f0b4,b651d32e0806e5edb0edc99673a3ba52120bdde09781e3ab7d9d60d034e97dc6
R8_tworoom_003c28579b58245c0c254088,REFIT_103201,R4_ALT_CEM_1,H_POLICY,FRESH_PAIRED_CONTROL,1,False,,6d15c568240e9c5e1327cb2dbb42c587bd1d556cd24984188d8a0454307d889b,
R8_tworoom_003c28579b58245c0c254088,REFIT_103201,R4_ALT_CEM_1,H_REAL3_REPLAN,COMPLETE,1,False,True,6e6fdc1c61b4ec872d79a32a21f0426f1c10dee21a7d2d07c6227a8522ab0bc7,29aad5c3898663682e0469e62940b32ea4d7414394647850845d73450ef36306
R8_tworoom_003c28579b58245c0c254088,REFIT_103201,R4_ALT_CEM_2,H_POLICY,FRESH_PAIRED_CONTROL,1,False,,1f6d289e0a5712e978bf5136960eb68c1b72e6fd90865cbf320939bcb7cf82d5,
R8_tworoom_003c28579b58245c0c254088,REFIT_103201,R4_ALT_CEM_2,H_REAL3_REPLAN,COMPLETE,1,False,True,75862c6d62398120c28763ea899e6395623370b40e3129bc4ac1f28a890e210d,b94f241e0465900b792eb0602386cd4a846cf87aa238cc1bab19d49b60d4a79c
R8_tworoom_003c28579b58245c0c254088,REFIT_103202,R3_ORIGINAL,H_POLICY,FRESH_PAIRED_CONTROL,1,False,,733ebc0fa4f892c52d8b9488d9e89b6d31cd46f4ffe29f42de65db5d6cc28ef1,
R8_tworoom_003c28579b58245c0c254088,REFIT_103202,R3_ORIGINAL,H_REAL3_REPLAN,COMPLETE,1,False,True,c1f491e934521c7d28c3081271147e71bc08757a47e2b3a6d0d9aacfdd728b8f,712e3f7da89e1eacfa6c25ca2577eb11d8a03700581341a9f04698a263363c77
R8_tworoom_003c28579b58245c0c254088,REFIT_103202,R4_ALT_CEM_1,H_POLICY,FRESH_PAIRED_CONTROL,1,False,,63ca71d608f9f67477812118c9841f8adee435d99f3fe2de4cf82318f7ce1fe6,
R8_tworoom_003c28579b58245c0c254088,REFIT_103202,R4_ALT_CEM_1,H_REAL3_REPLAN,COMPLETE,1,False,True,5f9a50a65ee7ec2d77cd2b8d8d42e9209a867bba3849bf5a1c657ea6355688ed,d900775f7253afb028ea92735f019de55c9adf287dafb7ddb578b5ffa699d4fe
R8_tworoom_003c28579b58245c0c254088,REFIT_103202,R4_ALT_CEM_2,H_POLICY,FRESH_PAIRED_CONTROL,1,False,,c2d1580daf0b5b278fe17c6178580430da312760cb5c02a27acdaf9338a4592a,
R8_tworoom_003c28579b58245c0c254088,REFIT_103202,R4_ALT_CEM_2,H_REAL3_REPLAN,COMPLETE,1,False,True,73639bf697e06dafc1d82aaa2d6a03e70dcaa39c9bee34eb45eb9842080a71d9,58a73ee26768bccc306473a082ff99b9b90993493b747045c335f9ed0e7b3194
R8_tworoom_003c28579b58245c0c254088,REFIT_103203,R3_ORIGINAL,H_POLICY,FRESH_PAIRED_CONTROL,1,False,,82a010ac47cde2797230c6f81e758791265be549a53510cafa75a3cbedd02478,
R8_tworoom_003c28579b58245c0c254088,REFIT_103203,R3_ORIGINAL,H_REAL3_REPLAN,COMPLETE,1,False,True,f0c3697cc6bacb947d3d3b6e400cd218759453267f172a2bdae59915a2a41812,74129238baedfdb4ec2470747151cf7656637d352b1f069fd9a5b5471964e65d
R8_tworoom_003c28579b58245c0c254088,REFIT_103203,R4_ALT_CEM_1,H_POLICY,FRESH_PAIRED_CONTROL,1,False,,8096b39f39d870265270bbec1f7cfb5c8db493656e4b0574484c9f7f3715a133,
R8_tworoom_003c28579b58245c0c254088,REFIT_103203,R4_ALT_CEM_1,H_REAL3_REPLAN,COMPLETE,1,False,True,18da7cfd82e161940d2a90d73fc9cd2facdaaa7c1b3f1104ccbedcf8ac0b0637,c67af39e0a2d0aacabd9de57b8a7593d4c2027cb0451b948a3c3b46e28bf3609
R8_tworoom_003c28579b58245c0c254088,REFIT_103203,R4_ALT_CEM_2,H_POLICY,FRESH_PAIRED_CONTROL,1,False,,c10b7d85b5fe445fb1ff12dea99eac05cd974b9e220af970e2e564a797cf06d1,
R8_tworoom_003c28579b58245c0c254088,REFIT_103203,R4_ALT_CEM_2,H_REAL3_REPLAN,COMPLETE,1,False,True,4752c65d4e186400fc399f77aab6984341fa457ef2ab4e3d02fe0a0f8f17e452,f0772dd8e3d36989ea74d2f7552887a11efa2980f0b0a6fb7ac09ac874a3125f
R8_tworoom_00475b9743bd99184577e0e2,H0,R3_ORIGINAL,H_POLICY,FRESH_PAIRED_CONTROL,1,False,,393274a43a485f39d3f91ddcde72e435cb48226ff199849d419f7823a9be703b,
R8_tworoom_00475b9743bd99184577e0e2,H0,R3_ORIGINAL,H_REAL3_REPLAN,COMPLETE,1,False,True,ac2056fe2e04272f9dd6d515103696f53e7e34b192776aad47bdb878c0846a1c,046fdb334f4b86eef6271ac707ea66b0207be5ec634e603ab16ddebd3d8cd9e5
R8_tworoom_00475b9743bd99184577e0e2,H0,R4_ALT_CEM_1,H_POLICY,FRESH_PAIRED_CONTROL,1,False,,42cea4e33424d23760528e2f6ff208f2988bd886f1f8dcf715fef7323fb9a844,
R8_tworoom_00475b9743bd99184577e0e2,H0,R4_ALT_CEM_1,H_REAL3_REPLAN,COMPLETE,1,False,True,52945844311422f1eae97e02a6492c63e372fee86d090b00323ed3d0e7f92cfa,2d11b4426392195852fd7463ec8be3cdc4020322192afe1812b6a3e1997d5eaf
R8_tworoom_00475b9743bd99184577e0e2,H0,R4_ALT_CEM_2,H_POLICY,FRESH_PAIRED_CONTROL,1,False,,8090a97f18ade1d53474a0b389e33e45c303eda77fbe1e11a445c042e41392b2,
R8_tworoom_00475b9743bd99184577e0e2,H0,R4_ALT_CEM_2,H_REAL3_REPLAN,COMPLETE,1,False,True,d4075d2af2eb134d606d793579a99faabb8dad841820ae58eb928220fde3d77e,1c6eb52f62afa518c90b5861cae54a79e5424c0291f455c0eb806d453094beb5
R8_tworoom_00475b9743bd99184577e0e2,REFIT_103201,R3_ORIGINAL,H_POLICY,FRESH_PAIRED_CONTROL,1,False,,05ff373ae5c5b03d9b455c7fb4bd54d61125492eee539bfc880dc94bde0c49bf,
R8_tworoom_00475b9743bd99184577e0e2,REFIT_103201,R3_ORIGINAL,H_REAL3_REPLAN,COMPLETE,1,False,True,5a62245f8c56a04cd2312c26e55b1b9a872c19ee16e456cb7564e2d5912a06c9,b901b37723bf38f4e95929b6d4e6d9e44e9f6d6cb5034d3a28c62594fad3757b
R8_tworoom_00475b9743bd99184577e0e2,REFIT_103201,R4_ALT_CEM_1,H_POLICY,FRESH_PAIRED_CONTROL,1,False,,38402a216c839510d1d70bac37f8cf2c14682a1e4cb80d469d2f1b221a259ace,
R8_tworoom_00475b9743bd99184577e0e2,REFIT_103201,R4_ALT_CEM_1,H_REAL3_REPLAN,COMPLETE,1,False,True,216e8f49f8b009720a3dd542065b16f34e7664b35843144a825cb6286feaf398,2d9d5a45c70f05ab8c46a2ff9a39642bee841f27f73e86ecd80444367954bbbc
R8_tworoom_00475b9743bd99184577e0e2,REFIT_103201,R4_ALT_CEM_2,H_POLICY,FRESH_PAIRED_CONTROL,1,False,,05ab205c675012aeb4bdd88a63eceb8f3a9abd6419f40816dd8592cc6be40149,
R8_tworoom_00475b9743bd99184577e0e2,REFIT_103201,R4_ALT_CEM_2,H_REAL3_REPLAN,COMPLETE,1,False,True,29aa0f1999ed874ef5c63b397ff03d346117824e7b3d11429c2dc192628f214d,5016daa30c078194dc22cd7460b644e68ded632a83bc9fc340d6f0d744671d9e
R8_tworoom_00475b9743bd99184577e0e2,REFIT_103202,R3_ORIGINAL,H_POLICY,FRESH_PAIRED_CONTROL,1,False,,510c16c5dc1bd806b8d017712b1b7a5d401751cd84be25ddf63df6757ecddce1,
R8_tworoom_00475b9743bd99184577e0e2,REFIT_103202,R3_ORIGINAL,H_REAL3_REPLAN,COMPLETE,1,False,True,2f94e1bad22de74112535322e78f06b3066e914786fa228f2e72267468ed46d5,c1ecffbcb2c518caf5944f05e25ef763345c0dde82a5d35c640c2fd296c944db
R8_tworoom_00475b9743bd99184577e0e2,REFIT_103202,R4_ALT_CEM_1,H_POLICY,FRESH_PAIRED_CONTROL,1,False,,60925e1f331a6c053c409eca0ad59327dcd0b53302da35d2262fafe9f17b192b,
R8_tworoom_00475b9743bd99184577e0e2,REFIT_103202,R4_ALT_CEM_1,H_REAL3_REPLAN,COMPLETE,1,False,True,1ff7bb4180c674fe97ea1bb0ca963f0717616b8442de75b340e37f6b8a23703b,7f2277ff057525da7c061fc53b9fb3a1a1f1a709e55647b30cb01ce78b3e2e1d
R8_tworoom_00475b9743bd99184577e0e2,REFIT_103202,R4_ALT_CEM_2,H_POLICY,FRESH_PAIRED_CONTROL,1,False,,89c8bb5ea4102760ace9594236f04f1a26e2b5163955b62ada238901fa431096,
R8_tworoom_00475b9743bd99184577e0e2,REFIT_103202,R4_ALT_CEM_2,H_REAL3_REPLAN,COMPLETE,1,False,True,05c3f81ef6d2cda5c3c5e7ac0c8a4fe6bf1c716ab2c204a3e61603a08061600d,e4723afde40e119d911cc36f076d1da834608a5810dc29169edfa4de14fed474
R8_tworoom_00475b9743bd99184577e0e2,REFIT_103203,R3_ORIGINAL,H_POLICY,FRESH_PAIRED_CONTROL,1,False,,f26add27183026bc8b96c2791ec40302a7e15e57ca6e96c36931aba86e5a10d7,
R8_tworoom_00475b9743bd99184577e0e2,REFIT_103203,R3_ORIGINAL,H_REAL3_REPLAN,COMPLETE,1,False,True,f9752623c6fb78a76d199356248aadfa388ac27f36404024f760b97fbf9df222,50eadb8a4ad2b86ff5cc07f4b24a88d5b5c7896da71edca8113bb95b901134f0
R8_tworoom_00475b9743bd99184577e0e2,REFIT_103203,R4_ALT_CEM_1,H_POLICY,FRESH_PAIRED_CONTROL,1,False,,c98f48a3048956c2af3433fe90ae95f19f183280e8f093ae7683a0efbc197e48,
R8_tworoom_00475b9743bd99184577e0e2,REFIT_103203,R4_ALT_CEM_1,H_REAL3_REPLAN,COMPLETE,1,False,True,20b16be0b9a5301bc56d3fa46fb265adaaaf3290c925cf1da151a398f2fb19c9,1728f47dbc5e932becc7ebadeaa3f2abc8004287ed8bfd0a02c37a721999dc75
R8_tworoom_00475b9743bd99184577e0e2,REFIT_103203,R4_ALT_CEM_2,H_POLICY,FRESH_PAIRED_CONTROL,1,False,,6985fb2588e50a54ced11d4db8f7ca2d8341e686187e3479d571d85d7ba7bbc0,
R8_tworoom_00475b9743bd99184577e0e2,REFIT_103203,R4_ALT_CEM_2,H_REAL3_REPLAN,COMPLETE,1,False,True,a1416dff79fe941080bf8cc611f7f45be008c0d41deda4a5d4a73153d62d77da,963f68fcb43fb8682232557b998ec9e33176eca7e64da5c4018e5ca352b0f608
R8_tworoom_00508c7292fddf7be63a8708,H0,R3_ORIGINAL,H_POLICY,FRESH_PAIRED_CONTROL,1,False,,d6c4d53c1a41ecc180e1305cb17bdb6d0fe200c684a7708b5a837a4f6b503f7b,
R8_tworoom_00508c7292fddf7be63a8708,H0,R3_ORIGINAL,H_REAL3_REPLAN,COMPLETE,1,False,True,f8094a21909dc7265db12cee41577c0e14e10736b75fc7df0379471427e8958c,6d5caf702556a9a06a3417857e1bf72712a3a04b7f10ab3b42b6401cefb0d9a0
R8_tworoom_00508c7292fddf7be63a8708,H0,R4_ALT_CEM_1,H_POLICY,FRESH_PAIRED_CONTROL,1,True,,0975bc17fd95f06f38250a647c5e5248ed8b998869566bbb7d0e4706a5841d81,
R8_tworoom_00508c7292fddf7be63a8708,H0,R4_ALT_CEM_1,H_REAL3_REPLAN,COMPLETE,1,True,True,90f0ba390ff57cd97a018fd7263db560482e696236b8b5ad5436da78058f7a75,40fe3c5921ce7e80ff170584cef96e280a73c4520ce6d9e306cd6528a124dbd5
R8_tworoom_00508c7292fddf7be63a8708,H0,R4_ALT_CEM_2,H_POLICY,FRESH_PAIRED_CONTROL,1,False,,5d8b1362ae83634ade09f606c37bf1e904a3f254caf7a1d399badc451a6b11a9,
R8_tworoom_00508c7292fddf7be63a8708,H0,R4_ALT_CEM_2,H_REAL3_REPLAN,COMPLETE,1,False,True,6e84b8966f0144eeed9134f1b218ce62c54696e20604c2be370218d2ba18ece9,f726138a3bc9a136e0cfe6e7b011858e939cc0eda214c8eaa2849f926f55baec
R8_tworoom_00508c7292fddf7be63a8708,REFIT_103201,R3_ORIGINAL,H_POLICY,FRESH_PAIRED_CONTROL,1,True,,ec20a07b566821b76133a4006ed75eb2367aee72351505081599c07fa999db1b,
R8_tworoom_00508c7292fddf7be63a8708,REFIT_103201,R3_ORIGINAL,H_REAL3_REPLAN,COMPLETE,1,True,True,5e5d5bf25966cc597173535f53faedd5ccfdf6605ecacf6d434ad781dee4630b,fed98b366bfd2914786c00c9a4ea45f95e70c3f808743fb3257874cce6375ba0
R8_tworoom_00508c7292fddf7be63a8708,REFIT_103201,R4_ALT_CEM_1,H_POLICY,FRESH_PAIRED_CONTROL,1,False,,274532b9f92aa1b9dbd1e89b37d68b9be1fd03133c337dfad206aa0d8fe74031,
R8_tworoom_00508c7292fddf7be63a8708,REFIT_103201,R4_ALT_CEM_1,H_REAL3_REPLAN,COMPLETE,1,False,True,61688afaf2c564f9b4c89bebe3a446fc1e777b303c1e9aea6f8dc47c10b20688,3c7cf3e03cb6bcf6b6410c54426e943cf5d65ad50e4e17ce9d0ec8c3c16bfc98
R8_tworoom_00508c7292fddf7be63a8708,REFIT_103201,R4_ALT_CEM_2,H_POLICY,FRESH_PAIRED_CONTROL,1,False,,aa898b6a14db4fc32fd2f561f8077b19f92e98de5678f82d4760543a6de1c2cf,
R8_tworoom_00508c7292fddf7be63a8708,REFIT_103201,R4_ALT_CEM_2,H_REAL3_REPLAN,COMPLETE,1,False,True,ea307e72f27c17071c698c66ddf45560682ba7125accb4822c9f34816d7b5f01,9db094f733493330ba0922129beadaa313226136e939b0f578c96c0ae54eb995
R8_tworoom_00508c7292fddf7be63a8708,REFIT_103202,R3_ORIGINAL,H_POLICY,FRESH_PAIRED_CONTROL,1,False,,f6a802fd52267c17e8525fd2a3427858c14fd869385b201f8eb9a186a5769faa,
R8_tworoom_00508c7292fddf7be63a8708,REFIT_103202,R3_ORIGINAL,H_REAL3_REPLAN,COMPLETE,1,False,True,9f873caa75443fbbc3c40d2f969fe4740f94a83df0d08223b044a3b6d34d54c9,a7b7b9094ef02681fa3934f92786662b4e10e145bd7fdcc2f4697a9163eb53bd
R8_tworoom_00508c7292fddf7be63a8708,REFIT_103202,R4_ALT_CEM_1,H_POLICY,FRESH_PAIRED_CONTROL,1,True,,290dae5627377bea9093fb678ad839edfb8c5fd0c6542b64af227e300b2478b1,
R8_tworoom_00508c7292fddf7be63a8708,REFIT_103202,R4_ALT_CEM_1,H_REAL3_REPLAN,COMPLETE,1,True,True,faee71647893a1143bbf72c40b34f9e2624a00f974f68e365eadb996c8fb3cc8,2d7c0c66ff461eb84359585a1430b1c85006ef168881305e83daee77f066c327
R8_tworoom_00508c7292fddf7be63a8708,REFIT_103202,R4_ALT_CEM_2,H_POLICY,FRESH_PAIRED_CONTROL,1,False,,ae5a8455cc30efb8720a330f6e360c05e00ca50391e930d673005f4c311caefb,
R8_tworoom_00508c7292fddf7be63a8708,REFIT_103202,R4_ALT_CEM_2,H_REAL3_REPLAN,COMPLETE,1,False,True,12d824a5d68b862c8befa8999eefe589a4ee9381cd5d84a65c755d1dee36c3d3,af935d4a6b891be05b371399cbf2955bff1e79b9cbc1e0bc3c035a2c7685598f
R8_tworoom_00508c7292fddf7be63a8708,REFIT_103203,R3_ORIGINAL,H_POLICY,FRESH_PAIRED_CONTROL,1,False,,66824974515f8ac689326179be148b0a948ba0e8a445bac20dd6a5cb3b651433,
R8_tworoom_00508c7292fddf7be63a8708,REFIT_103203,R3_ORIGINAL,H_REAL3_REPLAN,COMPLETE,1,False,True,b5b453d7a4145184d2a3901fbae0d0b4cae2016ae984ad91a93e6ad5f7c28748,d9771b7c280fc8cbf12e74e701982a860c0ec359d6f0aaa47d61962c585d4476
R8_tworoom_00508c7292fddf7be63a8708,REFIT_103203,R4_ALT_CEM_1,H_POLICY,FRESH_PAIRED_CONTROL,1,False,,f84f1cd9e4d5e3a5ed1ce97e2e728958946e80f2f9339e7f670a0e621a321f8d,
R8_tworoom_00508c7292fddf7be63a8708,REFIT_103203,R4_ALT_CEM_1,H_REAL3_REPLAN,COMPLETE,1,False,True,4ac455862df0ee799b8fbe901d05ec783463217b930f81573c26a690013d9eba,261911aaf37deb135b37c4b249deb807b5aef017830fd973c4c138130e02d05c
R8_tworoom_00508c7292fddf7be63a8708,REFIT_103203,R4_ALT_CEM_2,H_POLICY,FRESH_PAIRED_CONTROL,1,False,,0a921aa196afb08b57613bd859eb2f03995d3e082c086e73dc765680e4599154,
R8_tworoom_00508c7292fddf7be63a8708,REFIT_103203,R4_ALT_CEM_2,H_REAL3_REPLAN,COMPLETE,1,False,True,fbe722502535f6ca9f422b186a24520af56f5697d79475e7fcbb5232c1988a09,670f2089f18eeda8902f1a5faf5aa3406afabf90db4a4e8a41f9964e9aea73f9
R8_tworoom_005aa86707a07a874aa9a029,H0,R3_ORIGINAL,H_POLICY,FRESH_PAIRED_CONTROL,1,False,,3f32ae61178099226e112957eff9d6893c864ab3917c0cd8b1fa21349ef818c2,
R8_tworoom_005aa86707a07a874aa9a029,H0,R3_ORIGINAL,H_REAL3_REPLAN,COMPLETE,1,False,True,3e02acc2209bcaf84759fafe055ae1a15bfb7d385a75c8bef95df74e7f7f6523,08102d4051e35c493820afb587e043e43907475ecc0a0370243c4404ae12c784
R8_tworoom_005aa86707a07a874aa9a029,H0,R4_ALT_CEM_1,H_POLICY,FRESH_PAIRED_CONTROL,1,False,,0d1be6ce4eae4a139c1d237612903a08557b977dd6e9847281291208af08ca1a,
R8_tworoom_005aa86707a07a874aa9a029,H0,R4_ALT_CEM_1,H_REAL3_REPLAN,COMPLETE,1,False,True,51f75460c4dd510c2fbad0585559f7ac8654292cb8aa403fa84a69c860aac6c8,ad029110d701913c46a3a22f81dae535e69d7a4282409ec3f0beb8e73ecf6319
R8_tworoom_005aa86707a07a874aa9a029,H0,R4_ALT_CEM_2,H_POLICY,FRESH_PAIRED_CONTROL,1,False,,87a72994c7437ac4565b6cf3dbf037bc45b3c7c285cebf7848e5cfe807c96cf1,
R8_tworoom_005aa86707a07a874aa9a029,H0,R4_ALT_CEM_2,H_REAL3_REPLAN,COMPLETE,1,False,True,1257279885c35993516d0b451b56202b1a830f84f5243f95b7fd46c3c463bc5d,3cbd041094d107189ddeba69e946891b07def13b73e32320ce738a2325b10bd1
R8_tworoom_005aa86707a07a874aa9a029,REFIT_103201,R3_ORIGINAL,H_POLICY,FRESH_PAIRED_CONTROL,1,False,,72bf9bf27acecc44dbc4f3dc8b083eb69a8778ec0fc0fc6139e364582e8b146b,
R8_tworoom_005aa86707a07a874aa9a029,REFIT_103201,R3_ORIGINAL,H_REAL3_REPLAN,COMPLETE,1,False,True,c9b5c1f7f2b0280f7352a407881d49363875528206dd15773022c213b6244e42,86ad2d4a35bf78aaab502140ce59360793b4bcb7cff5009bfd0bab2c8eb45e05
R8_tworoom_005aa86707a07a874aa9a029,REFIT_103201,R4_ALT_CEM_1,H_POLICY,FRESH_PAIRED_CONTROL,1,False,,cf7ba129e822baf6bbf146c79067c9a0dfff607e0ad5778f9c27038b86dc496a,
R8_tworoom_005aa86707a07a874aa9a029,REFIT_103201,R4_ALT_CEM_1,H_REAL3_REPLAN,COMPLETE,1,False,True,1d4e713de416b4c220db205adba4d7764f302f705918dc31b1b13dc9e985ea0d,fa61169ca602a68e3dffcf83b3688724f82b8fd37f53dadcb680ac7a6d3b1479
R8_tworoom_005aa86707a07a874aa9a029,REFIT_103201,R4_ALT_CEM_2,H_POLICY,FRESH_PAIRED_CONTROL,1,False,,7ccad50b1067e04bdce71e8317d257957ed24dfed4c7bfbddc3ba3a8b28db364,
R8_tworoom_005aa86707a07a874aa9a029,REFIT_103201,R4_ALT_CEM_2,H_REAL3_REPLAN,COMPLETE,1,False,True,1fdcb1e3abbe30a9f34b79186b1cbc6240047c7d571328f5eaa1d95efb6098cf,3eddbdc3a33db884f723928a98e7eb6321c605e308a47b7e818651f0858a5e42
R8_tworoom_005aa86707a07a874aa9a029,REFIT_103202,R3_ORIGINAL,H_POLICY,FRESH_PAIRED_CONTROL,1,False,,2bffd1457ae45e514fdf06dbd5de7c95f9a7389fa4410665e8b8edc8d94c7d8b,
R8_tworoom_005aa86707a07a874aa9a029,REFIT_103202,R3_ORIGINAL,H_REAL3_REPLAN,COMPLETE,1,False,True,88a16630612500bc082c4b24ae894fba859ad3e7581b3b8c21a9dc5def47b89d,a6ccf0ab4eee6fb3b1905e456fd119c6c61b14339e444c609729ef1d962157f0
R8_tworoom_005aa86707a07a874aa9a029,REFIT_103202,R4_ALT_CEM_1,H_POLICY,FRESH_PAIRED_CONTROL,1,False,,8098ecad2a88cb2dbe7cc3a61e96adab89e27031b9926707c0544c6b8b60e6bd,
R8_tworoom_005aa86707a07a874aa9a029,REFIT_103202,R4_ALT_CEM_1,H_REAL3_REPLAN,COMPLETE,1,False,True,e66dcb01199b1d3451a9f529fec1d67f8872e1e70a1a4b0164bb57d85e2472f3,a7051e0847d0aa412a30bbda524e15880462e52cb8bc0b03b4dca3ad01798cb2
R8_tworoom_005aa86707a07a874aa9a029,REFIT_103202,R4_ALT_CEM_2,H_POLICY,FRESH_PAIRED_CONTROL,1,False,,7d6d1c875a2ec64f097e72e06e2d84471294ab358c69fcec45011f80c6e07679,
R8_tworoom_005aa86707a07a874aa9a029,REFIT_103202,R4_ALT_CEM_2,H_REAL3_REPLAN,COMPLETE,1,False,True,f91e8c5e152f6d66dad8d4e5fa79206ea2154ad809223f1e6866b4f015e1e18c,36a03594deab8d84dd5fab9821f208e0b6357e1dd70996617ac1112524b2095d
R8_tworoom_005aa86707a07a874aa9a029,REFIT_103203,R3_ORIGINAL,H_POLICY,FRESH_PAIRED_CONTROL,1,False,,55bc691b71e618a0534cd643b22a666f9207b608018b11a9a0a2a0a766eccd7b,
R8_tworoom_005aa86707a07a874aa9a029,REFIT_103203,R3_ORIGINAL,H_REAL3_REPLAN,COMPLETE,1,False,True,6eb9637c0d6223f9cd7ee7089a671047c2d938cfdff010eb72ef32a1f7056d62,09b83fbddf5de308e50c6febb48bd09b12234c1c030c8ceecd88f885abdc446d
R8_tworoom_005aa86707a07a874aa9a029,REFIT_103203,R4_ALT_CEM_1,H_POLICY,FRESH_PAIRED_CONTROL,1,False,,6fbf52353c66fdfabfb198eda3985864a5f614e419a784a05cd3071333fe7509,
R8_tworoom_005aa86707a07a874aa9a029,REFIT_103203,R4_ALT_CEM_1,H_REAL3_REPLAN,COMPLETE,1,False,True,0b49876399633a8f5c42ad27c1409ccd2a9badbb1a04a7efcbdeaf7c50880957,5dbf0cb13fa9dd014be73fdfc96b57d426ef0844d16b58a63a3d673c385e1a7f
R8_tworoom_005aa86707a07a874aa9a029,REFIT_103203,R4_ALT_CEM_2,H_POLICY,FRESH_PAIRED_CONTROL,1,False,,7e3b4a7c557803644b552997f8638258cceb9ce4401f554bc0fc68a13ccdacc4,
R8_tworoom_005aa86707a07a874aa9a029,REFIT_103203,R4_ALT_CEM_2,H_REAL3_REPLAN,COMPLETE,1,False,True,c979a9f3a1e3ec2137866bcf993bdad43c8535162060e4ba00c092e19c1278df,5cb64320d02eb3e859a047bdfc6ed70dd909f03d1c30fdfda4b3fee3c1a81bde
R8_tworoom_009360d1bee12d9dbc362c74,H0,R3_ORIGINAL,H_POLICY,FRESH_PAIRED_CONTROL,1,False,,3e7773d770eb52daa7bf9a92caeb503d0e1a88e55fa6d21282e41420eb66d57a,
R8_tworoom_009360d1bee12d9dbc362c74,H0,R3_ORIGINAL,H_REAL3_REPLAN,COMPLETE,1,False,True,82d8e84c130064f18be9193443ffaa55afb7e6a7390a4e48be3c11a27d9220a8,cfd256e9085554c434a4e7f1aa06145aa6b8c9968803065631db967e0fc2b66f
R8_tworoom_009360d1bee12d9dbc362c74,H0,R4_ALT_CEM_1,H_POLICY,FRESH_PAIRED_CONTROL,1,False,,2e5b01c9e7f5f197ce59918785dee66023ca43a1a082a0e1599dd2cdd37df74d,
R8_tworoom_009360d1bee12d9dbc362c74,H0,R4_ALT_CEM_1,H_REAL3_REPLAN,COMPLETE,1,False,True,ba4beb197ce9a211eb6cbe505ff4b639c23bf0232c79dd50a7615d63ee18939f,d173e0d71f861393ef31a0f6af1c42f2a79065ee505d6cabcc253a53c48dcb60
R8_tworoom_009360d1bee12d9dbc362c74,H0,R4_ALT_CEM_2,H_POLICY,FRESH_PAIRED_CONTROL,1,False,,1971225c7ff9c7bf5846b3dd2e6a86c8d220b4f5b4ba75cd2cb49c6cf44e8ede,
R8_tworoom_009360d1bee12d9dbc362c74,H0,R4_ALT_CEM_2,H_REAL3_REPLAN,COMPLETE,1,False,True,b4d8474047d39046fa9eb21ffcb668d79224364b49886979841e0b8232065342,72a6483cd740353e2387eab7d88f9746cbdf6b099a3bab99e798347eaed585d8
R8_tworoom_009360d1bee12d9dbc362c74,REFIT_103201,R3_ORIGINAL,H_POLICY,FRESH_PAIRED_CONTROL,1,False,,35929c57d9f7cea3a5057666dba2de289d291adcc3154e3aefe03c731d69e442,
R8_tworoom_009360d1bee12d9dbc362c74,REFIT_103201,R3_ORIGINAL,H_REAL3_REPLAN,COMPLETE,1,False,True,0572a9c4492f38b4bc377c6662a2c7e35612746f7dac727778dfb49ff36fe257,78c3c9249ce0d8c3c95c28393b44a290e377c129ffe108980324458895156182
R8_tworoom_009360d1bee12d9dbc362c74,REFIT_103201,R4_ALT_CEM_1,H_POLICY,FRESH_PAIRED_CONTROL,1,False,,30324c7997fba1d020ff635d74b4fddafbdcaa0e6f351803c2de4a08af9c613c,
R8_tworoom_009360d1bee12d9dbc362c74,REFIT_103201,R4_ALT_CEM_1,H_REAL3_REPLAN,COMPLETE,1,False,True,379e4909a3283adca68aacb5f6ea3f5c2f6c6bdaf465ed0e008905be4a3219cc,c475bd05944ed8dbc3dbb9cf9283e2d7b9446a9e04b8afb88c04817199e6cfea
R8_tworoom_009360d1bee12d9dbc362c74,REFIT_103201,R4_ALT_CEM_2,H_POLICY,FRESH_PAIRED_CONTROL,1,False,,df0bd7512358df5a93012bfbd7a612630225fae14c5f77dbfa6a56b589bd5896,
R8_tworoom_009360d1bee12d9dbc362c74,REFIT_103201,R4_ALT_CEM_2,H_REAL3_REPLAN,COMPLETE,1,False,True,ae4bc8c50b370184c4e77f528da500b16e4b42689413c96577408658636966ef,599708445bf20e97b5ba0dd617ca7ce671641f330ce5914b309a2a82d47ed263
R8_tworoom_009360d1bee12d9dbc362c74,REFIT_103202,R3_ORIGINAL,H_POLICY,FRESH_PAIRED_CONTROL,1,False,,45ca3b62b87fcfa748e0bf75dead173bf2e42e33c3b5eb035bc1f347759e1953,
R8_tworoom_009360d1bee12d9dbc362c74,REFIT_103202,R3_ORIGINAL,H_REAL3_REPLAN,COMPLETE,1,False,True,17cdf2a93cb93abdb40a9187fe9f5cae18da5f9ccf076d16cf61fc7cb96b603b,667ec4881e94cc2dddc458012db0a0571c5964afa591d5ec5850c5c10a7dc705
R8_tworoom_009360d1bee12d9dbc362c74,REFIT_103202,R4_ALT_CEM_1,H_POLICY,FRESH_PAIRED_CONTROL,1,False,,53eff7ecb979c009b29bf216455572f7b14546e9b23b81232830415399030299,
R8_tworoom_009360d1bee12d9dbc362c74,REFIT_103202,R4_ALT_CEM_1,H_REAL3_REPLAN,COMPLETE,1,False,True,3419d6e19b9bc4e6db8bf5ae623ef33b736307904c559a557b5a213b1b0c3c3c,edabfe5882043755d83880ef5f2db53f29a1d9522b050d1f2dbe8fbcdc1b47ac
R8_tworoom_009360d1bee12d9dbc362c74,REFIT_103202,R4_ALT_CEM_2,H_POLICY,FRESH_PAIRED_CONTROL,1,False,,d57c2d2a985ce770e39e969512368905899b355982714016fa461f4fa479cea0,
R8_tworoom_009360d1bee12d9dbc362c74,REFIT_103202,R4_ALT_CEM_2,H_REAL3_REPLAN,COMPLETE,1,False,True,b1dfc57c9a1c5f15910d42e0b8e5142162c03ab53993c63f897c000348004c0c,4dd8eb0f0e6b4e844aad27b46674c90f60b013c77c651d67965539c30eb69345
R8_tworoom_009360d1bee12d9dbc362c74,REFIT_103203,R3_ORIGINAL,H_POLICY,FRESH_PAIRED_CONTROL,1,False,,5ef72ab877c41016635ceea0d2d0a971832441e1a788c7dbf9eb721c30916e4b,
R8_tworoom_009360d1bee12d9dbc362c74,REFIT_103203,R3_ORIGINAL,H_REAL3_REPLAN,COMPLETE,1,False,True,3b9a5859a00b61bc5ebc3742af4a8f192aa57dcff81b8a15b770bbef5890926b,736a2a60d3a7b85c27bfc9a2ec9d5b135b53844d2e138d4580769669829efd40
R8_tworoom_009360d1bee12d9dbc362c74,REFIT_103203,R4_ALT_CEM_1,H_POLICY,FRESH_PAIRED_CONTROL,1,False,,21ed403e38abe496dbc1b5205b66ca0e67f536b6b850f85d3af8302a8216c476,
R8_tworoom_009360d1bee12d9dbc362c74,REFIT_103203,R4_ALT_CEM_1,H_REAL3_REPLAN,COMPLETE,1,False,True,242ca69ea3633f9febdcf44935e19b93d8b67d979f20e80f3d9544a5405c98d9,20c728de5441365f06e6aa62d1cc680323c8ab4de51d7a1313e79dd785c89a4a
R8_tworoom_009360d1bee12d9dbc362c74,REFIT_103203,R4_ALT_CEM_2,H_POLICY,FRESH_PAIRED_CONTROL,1,False,,c1982c755879a68f3638e3edbaa645eed3094ff7d8ae5b28eedf236e83227ad7,
R8_tworoom_009360d1bee12d9dbc362c74,REFIT_103203,R4_ALT_CEM_2,H_REAL3_REPLAN,COMPLETE,1,False,True,37b39e8b44760d7b09ce8fdd864390cf4abbf4968b27be8d1864df0a3ec76472,c66f9d112a9b7b3229e345158f177edcac1325c9b6bc05d813428a9e2db01ed0
R8_tworoom_00c6b02dc7fb880bcdfc7dda,H0,R3_ORIGINAL,H_POLICY,FRESH_PAIRED_CONTROL,1,False,,a8683b7b65d25edd8fdd814716f783360607180c7636cfacb141dfc4c1cda596,
R8_tworoom_00c6b02dc7fb880bcdfc7dda,H0,R3_ORIGINAL,H_REAL3_REPLAN,COMPLETE,1,False,True,7d1a4999e3ab170777f02d447c012a53048bea96e7a0f5f967809f1a15ebc565,e6a97c6283920b4fed0ef1f74dc16a8cf615fc85b5361c313f9229db3f52dd2d
R8_tworoom_00c6b02dc7fb880bcdfc7dda,H0,R4_ALT_CEM_1,H_POLICY,FRESH_PAIRED_CONTROL,1,False,,724ae0ca4bcafd91b83f4349b6e9e5d23b9e4edad94c49b98039d43e6f20f26a,
R8_tworoom_00c6b02dc7fb880bcdfc7dda,H0,R4_ALT_CEM_1,H_REAL3_REPLAN,COMPLETE,1,False,True,91878308ffb05b04c1e90f11b381f1fe42f7943ae7d4f55444434885d3912a65,c09cfc12314a8fd150d812643cb6bc0af183939be7565c593ada31896c0470ae
R8_tworoom_00c6b02dc7fb880bcdfc7dda,H0,R4_ALT_CEM_2,H_POLICY,FRESH_PAIRED_CONTROL,1,False,,844f5938bb4cde695e5bb733b8555c7097620f8985c235d529f00d6eef1d76a0,
R8_tworoom_00c6b02dc7fb880bcdfc7dda,H0,R4_ALT_CEM_2,H_REAL3_REPLAN,COMPLETE,1,False,True,cae461f862f7bd249820c583c2034ce8ce1a2338d46336ac8defdee5ec1a9a0f,dee831b802fb58185897d12e03b177cbb3e3e33fcba27604d5c05d276b44d7b4
R8_tworoom_00c6b02dc7fb880bcdfc7dda,REFIT_103201,R3_ORIGINAL,H_POLICY,FRESH_PAIRED_CONTROL,1,False,,934e58ea3d86dcb613a67e0ad83ece7b68253c145c72054ffb4c461e7c6d4ded,
R8_tworoom_00c6b02dc7fb880bcdfc7dda,REFIT_103201,R3_ORIGINAL,H_REAL3_REPLAN,COMPLETE,1,False,True,19e99bd4487075c3f12acb9ae6ca7b86c01d9b2939047358166df4d5d244b694,2d9e551448d59a2494dc167a0238271ae9bdc996c41784b8aa8c34f740dcedff
R8_tworoom_00c6b02dc7fb880bcdfc7dda,REFIT_103201,R4_ALT_CEM_1,H_POLICY,FRESH_PAIRED_CONTROL,1,False,,317cecde5489c7da7bc596e06382b852a98d321d99f6da7610941d5d9a6f8a22,
R8_tworoom_00c6b02dc7fb880bcdfc7dda,REFIT_103201,R4_ALT_CEM_1,H_REAL3_REPLAN,COMPLETE,1,False,True,05bf116e42092e0f1dc27e37bf685bf8591c12914d0b0d5e447772f334f2527c,7d64aa438d4391552d34cf0d3e8a037fb1c3d40cdb0d35b28f308f5e501da06d
R8_tworoom_00c6b02dc7fb880bcdfc7dda,REFIT_103201,R4_ALT_CEM_2,H_POLICY,FRESH_PAIRED_CONTROL,1,False,,476b76617d45ee4bd313acfdce1ab2a925c5885a429e08b949fe77d9f5271e65,
R8_tworoom_00c6b02dc7fb880bcdfc7dda,REFIT_103201,R4_ALT_CEM_2,H_REAL3_REPLAN,COMPLETE,1,False,True,c362d0b920817abd489cd878c9858982652fb33bea34a03e52f474f597e9dfee,d26524c61a3a2a0c3ae927b784446f2f9c5458ad0bee4703ab3e43cf0295cf5d
R8_tworoom_00c6b02dc7fb880bcdfc7dda,REFIT_103202,R3_ORIGINAL,H_POLICY,FRESH_PAIRED_CONTROL,1,False,,601bb33d3f8a8dd77211b7dcff8f6bdec1d1c4ad4e7bdb3a653f8620bae4164d,
R8_tworoom_00c6b02dc7fb880bcdfc7dda,REFIT_103202,R3_ORIGINAL,H_REAL3_REPLAN,COMPLETE,1,False,True,4c31494f9466541ace4e1b62a3c97a98df918e2cf323fb2385f99520e29226f2,9b1cc1e23b5cd91d0be9c2c820bf2b7cd0f0a38f34ce7201e2e21680d441dab4
R8_tworoom_00c6b02dc7fb880bcdfc7dda,REFIT_103202,R4_ALT_CEM_1,H_POLICY,FRESH_PAIRED_CONTROL,1,False,,7ef6c55a0f34546c5d42eb96d358f7fe6abcb8d68070047069bdcaf2eabcc42e,
R8_tworoom_00c6b02dc7fb880bcdfc7dda,REFIT_103202,R4_ALT_CEM_1,H_REAL3_REPLAN,COMPLETE,1,False,True,21c4babb0ebe8efc865290743e56f958b74ae7093d4ed8310d92482d8fd28ab8,13dc2de58e059797a5af09320f00e36b64732006aae5d05047c6b0c7ecb05eb1
R8_tworoom_00c6b02dc7fb880bcdfc7dda,REFIT_103202,R4_ALT_CEM_2,H_POLICY,FRESH_PAIRED_CONTROL,1,False,,b0e8fca12ca00108354dd9b6e9abb2509033392ff766e75fe46552ced6c028a9,
R8_tworoom_00c6b02dc7fb880bcdfc7dda,REFIT_103202,R4_ALT_CEM_2,H_REAL3_REPLAN,COMPLETE,1,False,True,5ee8cc35b815b425e962c1763dc54969e2e821e699cbcc28647a7d1761fa1f6d,967b862a71d36618a7f5dd47290341575276e82ebcb0e0b81925d0f15afeaaf0
R8_tworoom_00c6b02dc7fb880bcdfc7dda,REFIT_103203,R3_ORIGINAL,H_POLICY,FRESH_PAIRED_CONTROL,1,False,,063b1dd39515679a2d218dcbe58cd74acb6cdc85adfaebb7def0d02b04c3508e,
R8_tworoom_00c6b02dc7fb880bcdfc7dda,REFIT_103203,R3_ORIGINAL,H_REAL3_REPLAN,COMPLETE,1,False,True,2108976e1a4680d3c71281d0e3c83cddf798268553f29d7d98dc175c3e2cb570,461ff3d1d7dfb513ce14b367d5fbbf4a8b2e3b89fc30aa72cbd2ad40a32789c5
R8_tworoom_00c6b02dc7fb880bcdfc7dda,REFIT_103203,R4_ALT_CEM_1,H_POLICY,FRESH_PAIRED_CONTROL,1,False,,c72a3863359fbdd5fef9b3ae72ceebcb61fae8569a1537f2c572dc0956a1dbc8,
R8_tworoom_00c6b02dc7fb880bcdfc7dda,REFIT_103203,R4_ALT_CEM_1,H_REAL3_REPLAN,COMPLETE,1,False,True,66016f653ca78efda2e492f644d6587f9fbeca1d7cf4e5b635fb9b9daa53bb80,d2a644138f5928e8282009de683f574d9456beb94faa68ec380a177ac8191188
R8_tworoom_00c6b02dc7fb880bcdfc7dda,REFIT_103203,R4_ALT_CEM_2,H_POLICY,FRESH_PAIRED_CONTROL,1,False,,e1e52f56e6bc9c4e4ef648fa34820d640de6283fc697cf9e3d7a67f8d77a34f1,
R8_tworoom_00c6b02dc7fb880bcdfc7dda,REFIT_103203,R4_ALT_CEM_2,H_REAL3_REPLAN,COMPLETE,1,False,True,2082cb9c6a59b4a2ece54322cbbe02ef8fc7028766bc859ca4087d1982bc1c33,e9590120013914880bc0840d26c758deefa22dddb0b77cd55275634beb32d848
R8_tworoom_00e9a3b01023364006051823,H0,R3_ORIGINAL,H_POLICY,FRESH_PAIRED_CONTROL,1,True,,af57996e01bb605a8ebc8858791d9335b431bdae1f69f538ea118d346f0b51ea,
R8_tworoom_00e9a3b01023364006051823,H0,R3_ORIGINAL,H_REAL3_REPLAN,COMPLETE,1,True,True,f61b29d39a86a0c37d77bcf04eb72e122f3f936a16a9062fe0ff59dc28838691,fb892b4566fa48e068ebc976ede53e74c1a465c148a164616c0656b72f45939d
R8_tworoom_00e9a3b01023364006051823,H0,R4_ALT_CEM_1,H_POLICY,FRESH_PAIRED_CONTROL,1,True,,2d928211ce6724f3aa3924f03e99a534d52e16d493edef0667f3829add3c248e,
R8_tworoom_00e9a3b01023364006051823,H0,R4_ALT_CEM_1,H_REAL3_REPLAN,COMPLETE,1,True,True,2211d485b775fcd8d3c259212e774c209729fa2604498842b7c2a1a62760e5c4,46a2591388a5c1858a7afcb549fd5a5af86aa7f3ce5169f4835529e0fe9a2dfe
R8_tworoom_00e9a3b01023364006051823,H0,R4_ALT_CEM_2,H_POLICY,FRESH_PAIRED_CONTROL,1,True,,6ba42b4a1b387945dcd2cd97a6ebd75f7069f280d99f243c9a429b86857fdbaa,
R8_tworoom_00e9a3b01023364006051823,H0,R4_ALT_CEM_2,H_REAL3_REPLAN,COMPLETE,0,True,True,54a0dd909fbc8581419d7ee29f57111c46e5949e1132a7acc11b79bb4c4d8091,7bb95315ad44619de0dd4c1233a8acee1ec6231f097152e63f49557748f2c6d8
R8_tworoom_00e9a3b01023364006051823,REFIT_103201,R3_ORIGINAL,H_POLICY,FRESH_PAIRED_CONTROL,1,True,,e12f80d55db591414030a63fdd66bdd019f47aebd292feb8613861f0675aec26,
R8_tworoom_00e9a3b01023364006051823,REFIT_103201,R3_ORIGINAL,H_REAL3_REPLAN,COMPLETE,1,True,True,a26a13653c2845a8b53e8a0b2eebde88f7b8d4b4263ea9b73de9b82bcb346e41,6718899df1583d49bed9bbe39ec6685767bb056be1700a7e196daf0286b62b35
R8_tworoom_00e9a3b01023364006051823,REFIT_103201,R4_ALT_CEM_1,H_POLICY,FRESH_PAIRED_CONTROL,1,False,,06fdb1f2ad6a8b91e704d29664ea65598fe04bcaffc2cd7eab109c745ebe404b,
R8_tworoom_00e9a3b01023364006051823,REFIT_103201,R4_ALT_CEM_1,H_REAL3_REPLAN,COMPLETE,1,False,True,7025939e6a440b70c91a654b05ed4f87b0112bb3334b0157c85472e01abe1506,25f604263d1c1c8a2282aae70d1f948f5b40415386a09d0102ec3beb1c016c5a
R8_tworoom_00e9a3b01023364006051823,REFIT_103201,R4_ALT_CEM_2,H_POLICY,FRESH_PAIRED_CONTROL,1,True,,f5a3add9f5314d496cd6cfd229642fc5bb62e208cfd65524457ccff9f0ef4688,
R8_tworoom_00e9a3b01023364006051823,REFIT_103201,R4_ALT_CEM_2,H_REAL3_REPLAN,COMPLETE,1,True,True,dbbf43433b0c8bf5c8add22d64f98b56f2626bd4175033ad92eb23396a74447b,0c9abf70db02dcd77bd47163c9ae10b0935124ddbe933408c5c00fdebaaf99f4
R8_tworoom_00e9a3b01023364006051823,REFIT_103202,R3_ORIGINAL,H_POLICY,FRESH_PAIRED_CONTROL,1,True,,b4e91f3489367a45350fee6658a7b38f0e3b760902cb264c40c61478def4d8ff,
R8_tworoom_00e9a3b01023364006051823,REFIT_103202,R3_ORIGINAL,H_REAL3_REPLAN,COMPLETE,1,True,True,9cac56d5d75efd1bfd81b8dd647eb2396f353d54af78715abe0a2d8e106c735f,b4dfc48a79072338262350d6f39562b73bdf9e338f1ae56cfaf5ed07bcd81035
R8_tworoom_00e9a3b01023364006051823,REFIT_103202,R4_ALT_CEM_1,H_POLICY,FRESH_PAIRED_CONTROL,1,True,,3562e435cb4599bb738242a76092d912e7e86efc7b376f9625d910f370cb7e6b,
R8_tworoom_00e9a3b01023364006051823,REFIT_103202,R4_ALT_CEM_1,H_REAL3_REPLAN,COMPLETE,1,True,True,4941fb08c3f23a3e982d41a036a6ec9b7b445e460f452ec73f8e52adf7915d07,ec527c912917162202d0efbeee39d2109da4fa8b8b428bc84deb63b46d24f7b4
R8_tworoom_00e9a3b01023364006051823,REFIT_103202,R4_ALT_CEM_2,H_POLICY,FRESH_PAIRED_CONTROL,0,True,,8b9c75b5a1d2c7fbd41404685a7911b4b7af2171dcb71e275e59924781c4b18c,
R8_tworoom_00e9a3b01023364006051823,REFIT_103202,R4_ALT_CEM_2,H_REAL3_REPLAN,COMPLETE,0,True,True,89ddc14690b44f6823f161ae3fdc4704bddcd1f638df106730fae8f91916bfb0,14b65897c4977ad48a0b7e519e07f5d030a05513527070216cd06e09d6f68e36
R8_tworoom_00e9a3b01023364006051823,REFIT_103203,R3_ORIGINAL,H_POLICY,FRESH_PAIRED_CONTROL,1,True,,02d35a2278fd4c1fc83d82d2ad634a9eafa58bce8acc4514f3c8fa68be3743d3,
R8_tworoom_00e9a3b01023364006051823,REFIT_103203,R3_ORIGINAL,H_REAL3_REPLAN,COMPLETE,0,True,True,421578c022ee5a48beb8881c2521fea23b813e5ed59fb4baba680119722a7bbe,2706c97566d1bbf9d3fd393407dc37ba6986746794326168cd5256699f161615
R8_tworoom_00e9a3b01023364006051823,REFIT_103203,R4_ALT_CEM_1,H_POLICY,FRESH_PAIRED_CONTROL,1,False,,6e2c9318a2a7190eac2abfe5dbfce784f4612cdc98e3a50a84861e04cb5a9723,
R8_tworoom_00e9a3b01023364006051823,REFIT_103203,R4_ALT_CEM_1,H_REAL3_REPLAN,COMPLETE,1,False,True,92f0c77c55be4ae12ebbe6dbf323afc8392dbf8a6fc148a83fb67b2965801a71,c1c776087e908381af3b8be87c0117e5461a81f0a215b85d58d6cefc534dbc73
R8_tworoom_00e9a3b01023364006051823,REFIT_103203,R4_ALT_CEM_2,H_POLICY,FRESH_PAIRED_CONTROL,1,True,,14084d80327a01d2df4e4fe395f0356776593dc1eca421816260f3b9344feb6f,
R8_tworoom_00e9a3b01023364006051823,REFIT_103203,R4_ALT_CEM_2,H_REAL3_REPLAN,COMPLETE,1,True,True,2b1d12fa99deca4e6e697c18c0ed83469afa85e8018946ad636854006f576e4e,37aa1e163a2f6caa38f6642c1c76b273ce86fc78c42f07a27947e5c8e4cf7fe1
R8_tworoom_0111aeb23da6fffc773d216b,H0,R3_ORIGINAL,H_POLICY,FRESH_PAIRED_CONTROL,1,False,,2db607c96ce365cfdaaa0955518f5073a6c6372b6226a7fe3debac07a0d0027b,
R8_tworoom_0111aeb23da6fffc773d216b,H0,R3_ORIGINAL,H_REAL3_REPLAN,COMPLETE,1,False,True,cb7fcbf390d045abccd01f67e2936e0e9bde052caf9146485ff7f897cabf0fe7,4ef82f8742380ed85a82ae2b2403eddda4fa9de24956d15caa861dd102350200
R8_tworoom_0111aeb23da6fffc773d216b,H0,R4_ALT_CEM_1,H_POLICY,FRESH_PAIRED_CONTROL,1,False,,5c89d5084538b680b0ebb575fe17539931744e17835863b998e667fc960350d2,
R8_tworoom_0111aeb23da6fffc773d216b,H0,R4_ALT_CEM_1,H_REAL3_REPLAN,COMPLETE,1,False,True,f0a80fac138a3b1ca7a8e79d481afba962afe3d19aa301fbfc294254491893db,43080e2c601b541ef682fa68d14f57a632c643b7947ce27e09cde376f036f032
R8_tworoom_0111aeb23da6fffc773d216b,H0,R4_ALT_CEM_2,H_POLICY,FRESH_PAIRED_CONTROL,1,False,,83459f78be1e92b61a7695bde5155b2a8195f926d6fdc67258647bc3e859e8d9,
R8_tworoom_0111aeb23da6fffc773d216b,H0,R4_ALT_CEM_2,H_REAL3_REPLAN,COMPLETE,1,False,True,3acad9dc1bc6139b1452ec6fad36ff437551e0abf4aa06dc025a0b62a8d5525f,0ded9ef7ed72c37acdfd5e9c06cd9fdff987e0b0b75bceb93408aa5a9522271e
R8_tworoom_0111aeb23da6fffc773d216b,REFIT_103201,R3_ORIGINAL,H_POLICY,FRESH_PAIRED_CONTROL,1,False,,1e388812252d4d6b6dc08afc028c2cf173b9638c4046828454dff046b501dbdf,
R8_tworoom_0111aeb23da6fffc773d216b,REFIT_103201,R3_ORIGINAL,H_REAL3_REPLAN,COMPLETE,1,False,True,6158b386804633890fc518074caf13e6025652e703fab9030442c2ccf23b60da,07c8877036220c12f6b8296c185fe934a3e3f90fbdfeec9ba0edfa6d5b27954c
R8_tworoom_0111aeb23da6fffc773d216b,REFIT_103201,R4_ALT_CEM_1,H_POLICY,FRESH_PAIRED_CONTROL,1,False,,acada97b92506ab267190c476033b817c4de716f0d061885bf5b341eb2eae63d,
R8_tworoom_0111aeb23da6fffc773d216b,REFIT_103201,R4_ALT_CEM_1,H_REAL3_REPLAN,COMPLETE,1,False,True,283f3313421bd296abee1ef90045f72ad4da60452a3c5624cfffbc3007d89c42,7af984334d72514a7f1484d56a40dd61874299299e7f7b1054c5b7b1441d9ec3
R8_tworoom_0111aeb23da6fffc773d216b,REFIT_103201,R4_ALT_CEM_2,H_POLICY,FRESH_PAIRED_CONTROL,1,False,,849a4dcd281e14cfe671ca834fa075d53202af6e004cee50bcec3556f2d51a31,
R8_tworoom_0111aeb23da6fffc773d216b,REFIT_103201,R4_ALT_CEM_2,H_REAL3_REPLAN,COMPLETE,1,False,True,d98a8536301462b4239c1ec2087d5c8953bb9d7fa466945038493cb97a6b940d,b8271d1694900ee68d1b81a1a311104f032257bc5cd37b17593a4262b86afa4f
R8_tworoom_0111aeb23da6fffc773d216b,REFIT_103202,R3_ORIGINAL,H_POLICY,FRESH_PAIRED_CONTROL,1,False,,3b0380dab40dec5904a503bca9fdd076a68ca54c1f1072a23814caef4c62ca2f,
R8_tworoom_0111aeb23da6fffc773d216b,REFIT_103202,R3_ORIGINAL,H_REAL3_REPLAN,COMPLETE,1,False,True,e5641b77a58ea518ad1c247a851f5cb5679a200b4cb2160390442c5784546a56,bfcf8b5a1145b48502d7d83e6516de143d8aacecfdac459e2f354eb95d013447
R8_tworoom_0111aeb23da6fffc773d216b,REFIT_103202,R4_ALT_CEM_1,H_POLICY,FRESH_PAIRED_CONTROL,1,False,,1c94e7ae01dcc647b219fb15ac03be3b9245e1babfba4b7db529eae3c67534b9,
R8_tworoom_0111aeb23da6fffc773d216b,REFIT_103202,R4_ALT_CEM_1,H_REAL3_REPLAN,COMPLETE,1,False,True,12fd1f1e37dffa9b7eca64bfbf2e41fdd1f23787039fa2f24a773af44f1b95ec,bedd335ffa9e30c089981c66d8b1c143d5a760309a1e67a70343b4dbcd650d4e
R8_tworoom_0111aeb23da6fffc773d216b,REFIT_103202,R4_ALT_CEM_2,H_POLICY,FRESH_PAIRED_CONTROL,1,False,,aaa0012d6555f974840dddb2dfca7650675eb3ba03dcee5d67f1171c7cfb42cd,
R8_tworoom_0111aeb23da6fffc773d216b,REFIT_103202,R4_ALT_CEM_2,H_REAL3_REPLAN,COMPLETE,1,False,True,ce2000bf3b6fee65baf46a07714324c07ffdbe736b4989bcafaa1a6eab27c94d,74d5356c5b9747a37af8581ba20a4f119dbff9a81722893851e370f1d40fae26
R8_tworoom_0111aeb23da6fffc773d216b,REFIT_103203,R3_ORIGINAL,H_POLICY,FRESH_PAIRED_CONTROL,1,False,,3d3070c893bf62e671b3279469f0f98e3e9a5e2d351659c68e72d7c6083a9b4b,
R8_tworoom_0111aeb23da6fffc773d216b,REFIT_103203,R3_ORIGINAL,H_REAL3_REPLAN,COMPLETE,1,False,True,8a5fdc9585f48880ee42831bd1c80890163790dfa0243a29c39769149435d506,3d52603bdbc79c6713e006fc0f8c100c04787a7ce9fac9d819e24ad1a7e1e18b
R8_tworoom_0111aeb23da6fffc773d216b,REFIT_103203,R4_ALT_CEM_1,H_POLICY,FRESH_PAIRED_CONTROL,1,False,,4cd160847f220560e2cc6ae6fd6282fdae1d478e31b77ab105ba35f60d63571c,
R8_tworoom_0111aeb23da6fffc773d216b,REFIT_103203,R4_ALT_CEM_1,H_REAL3_REPLAN,COMPLETE,1,False,True,ea31a0ad9cce2c03ed046e60610838becb9415a5cb255165252c90b297396e1d,444f12f18d5bd0cd56b256f6efa7d6e55cb1723863c6ba685e80a421a55dda4e
R8_tworoom_0111aeb23da6fffc773d216b,REFIT_103203,R4_ALT_CEM_2,H_POLICY,FRESH_PAIRED_CONTROL,1,False,,b58126d28d00410215aa4ded6c04ecde408230bb48fdf342151a63b14995675c,
R8_tworoom_0111aeb23da6fffc773d216b,REFIT_103203,R4_ALT_CEM_2,H_REAL3_REPLAN,COMPLETE,1,False,True,af2fca92daf77468989e5e3fe5996152a5d01f556803e68ec5283ab8d9545649,f1ca4bb891513ff1a3d16f4acf162c28b80f6eeed9aa90a1c722dbcda93a0789
R8_tworoom_01318120cf0b720a19bef43c,H0,R3_ORIGINAL,H_POLICY,FRESH_PAIRED_CONTROL,1,False,,49241815e8a71799711c341ba5c3407d0b72915d40ba175dd6590d9ac699cb43,
R8_tworoom_01318120cf0b720a19bef43c,H0,R3_ORIGINAL,H_REAL3_REPLAN,COMPLETE,1,False,True,d6895faedfac61d1d32e5a06cb0953e8ef9882f008f144485b090d82c702f613,7aaf7128d63872fb3c782f1c08eb1aa17a00f91dd70f9b5554a8ab681c6f2099
R8_tworoom_01318120cf0b720a19bef43c,H0,R4_ALT_CEM_1,H_POLICY,FRESH_PAIRED_CONTROL,1,False,,fdd0fe8cf71693a18d76bb0f779c31f2fecd7f103eb3353ff234c61fec02238b,
R8_tworoom_01318120cf0b720a19bef43c,H0,R4_ALT_CEM_1,H_REAL3_REPLAN,COMPLETE,1,False,True,7581932061f0bfa7598b28e2705ffb662075ad5f6ea57a58964b1f6883734291,feb1e044ae2cd08322a90564c9d0d094ac49155e2df04f493bd272e7dfb11a88
R8_tworoom_01318120cf0b720a19bef43c,H0,R4_ALT_CEM_2,H_POLICY,FRESH_PAIRED_CONTROL,1,False,,b51798a73b8af52f4f04d7f27a3fcd8cf3f436037989bc1c1b157ccf0a3f7669,
R8_tworoom_01318120cf0b720a19bef43c,H0,R4_ALT_CEM_2,H_REAL3_REPLAN,COMPLETE,1,False,True,59af6a1ea1d5f89502f8596dd3e2f38924c94898b2a9286ed2320a2680fea4ac,78263933b7571325699a077955edde83462b2836221f8590e337469efb6559ff
R8_tworoom_01318120cf0b720a19bef43c,REFIT_103201,R3_ORIGINAL,H_POLICY,FRESH_PAIRED_CONTROL,1,False,,e59c9a850f263ee02826d2dfc461203421c0f332b93b271b80c79c68b6ff81f5,
R8_tworoom_01318120cf0b720a19bef43c,REFIT_103201,R3_ORIGINAL,H_REAL3_REPLAN,COMPLETE,1,False,True,bda0710de15a0d0c7211fc7c1f8fab5e512c5862909ab5a323df8b6282b3812a,696f475bc4bd5f46ec7c61c965194b368a5c635b8ee6808e7aae815d5eda7230
R8_tworoom_01318120cf0b720a19bef43c,REFIT_103201,R4_ALT_CEM_1,H_POLICY,FRESH_PAIRED_CONTROL,1,False,,fe1ee757184c2612f29cc612c49cc32e6f7dc4d7e1b1e17a01ed13c3287b7081,
R8_tworoom_01318120cf0b720a19bef43c,REFIT_103201,R4_ALT_CEM_1,H_REAL3_REPLAN,COMPLETE,1,False,True,f679ef6913a69a5c41fe354e2df6cdb0537e74ba5490dc105d0e034d827e7fd6,1e269546a425b72cd663753ae42afb1ab8c260c349755e3299acda2c100355ae
R8_tworoom_01318120cf0b720a19bef43c,REFIT_103201,R4_ALT_CEM_2,H_POLICY,FRESH_PAIRED_CONTROL,1,False,,83dba0dea149557236f248e5b9993fbc6f088897e48eea83626e133e23c42462,
R8_tworoom_01318120cf0b720a19bef43c,REFIT_103201,R4_ALT_CEM_2,H_REAL3_REPLAN,COMPLETE,1,False,True,ac2a3ab59998986dde2b9780d5d817a39c1ef220296d29d24eebcf535cff618d,843911264e60cd0c097c4ca9f9d42f73b0d135b2aaae675fd2281d0cbb104bd3
R8_tworoom_01318120cf0b720a19bef43c,REFIT_103202,R3_ORIGINAL,H_POLICY,FRESH_PAIRED_CONTROL,1,False,,161130256910b1b1b2697896fc044f350dc9d6429520ef450603731f99efa98a,
R8_tworoom_01318120cf0b720a19bef43c,REFIT_103202,R3_ORIGINAL,H_REAL3_REPLAN,COMPLETE,1,False,True,804c2129462bbc040cbfc8b108bcfceb7cf91dece49e2ce6562454f0e1eec1eb,fbbc81ac116aeb9b76c1c83a5b16b6398894cceb57d9518484b68cf892d075dd
R8_tworoom_01318120cf0b720a19bef43c,REFIT_103202,R4_ALT_CEM_1,H_POLICY,FRESH_PAIRED_CONTROL,1,False,,011c2bf3bed091b3f8b524af802c94c93cbdaebbfe87a60294a71d45fcab9d4a,
R8_tworoom_01318120cf0b720a19bef43c,REFIT_103202,R4_ALT_CEM_1,H_REAL3_REPLAN,COMPLETE,1,False,True,851ffa7369304f984fd7156d966e43ff077523c0697ebba07ff8abeae72d6974,80f8dc804bac162e80586cf0a4ccc890e39adf867147735ee5a63358c76f4c58
R8_tworoom_01318120cf0b720a19bef43c,REFIT_103202,R4_ALT_CEM_2,H_POLICY,FRESH_PAIRED_CONTROL,1,False,,0d1b01c9bf7bdd49d25395a482b27e1f34a7242a237d3d4f5b96804eb4934f3e,
R8_tworoom_01318120cf0b720a19bef43c,REFIT_103202,R4_ALT_CEM_2,H_REAL3_REPLAN,COMPLETE,1,False,True,ce638eb71763dea748277224d4e8887ce3bd69ef9a29d394b0ef6ebf2ae7dae2,99861a8ad506c9135492fdabbaea363c9756e385d3f20dee3dcaf72be7634b13
R8_tworoom_01318120cf0b720a19bef43c,REFIT_103203,R3_ORIGINAL,H_POLICY,FRESH_PAIRED_CONTROL,1,False,,7d4c9ef83fc162bac0116135cf5e191a0d8773123447cf55d9556cebb28cee36,
R8_tworoom_01318120cf0b720a19bef43c,REFIT_103203,R3_ORIGINAL,H_REAL3_REPLAN,COMPLETE,1,False,True,0be53d655f40da4690850ce6c5c3600501ee5ef1648ffa13ba4288ce4e9c0f17,0b2394c54b4cb2593d86a3f4d29afaf81b7a5b90017877ea1e8c80b1ccbae920
R8_tworoom_01318120cf0b720a19bef43c,REFIT_103203,R4_ALT_CEM_1,H_POLICY,FRESH_PAIRED_CONTROL,1,False,,b7c92acfc3d763d3bb61d6b8dff5c2ff032d32a8504269626bec3f9bf212aace,
R8_tworoom_01318120cf0b720a19bef43c,REFIT_103203,R4_ALT_CEM_1,H_REAL3_REPLAN,COMPLETE,1,False,True,2705daa4081310d4f9bbec5126d8aebfa78f9c61f3835df544d319789ec48436,15b494a8982a52d39ca288bcb16c77beedbac19fb90a4beb289c8f0629e8f380
R8_tworoom_01318120cf0b720a19bef43c,REFIT_103203,R4_ALT_CEM_2,H_POLICY,FRESH_PAIRED_CONTROL,1,False,,d01bd36a2e7acec13aff933bce22931b07688c93727fac551829948e3ed1dcfb,
R8_tworoom_01318120cf0b720a19bef43c,REFIT_103203,R4_ALT_CEM_2,H_REAL3_REPLAN,COMPLETE,1,False,True,cb0e3e00071cd2a34d64347207433aa1f84a2ebdd9f1e70c93467307979ada26,f8f2df07004fe712844aae85162fb6ee1268939e61ee098b7dfe3eab2cc1e5cc
R8_tworoom_0149e656267ef1e29db10374,H0,R3_ORIGINAL,H_POLICY,FRESH_PAIRED_CONTROL,1,False,,63c81fcaa1cc84d8980fd79470e472527dc431829ef4b44cf550840f9fd8e259,
R8_tworoom_0149e656267ef1e29db10374,H0,R3_ORIGINAL,H_REAL3_REPLAN,COMPLETE,1,False,True,aee2bb1f8f8db6fff8d9f06990d0f1cbb57b2e0604ea29a445ccdf1e804c82dd,db555869254925f8534d2ba26c6c1f7d501f7e6ed9fa6a360018953d7f2aa398
R8_tworoom_0149e656267ef1e29db10374,H0,R4_ALT_CEM_1,H_POLICY,FRESH_PAIRED_CONTROL,1,False,,54e3942ce86eb8867adac6f5988916e9091b6df8cd3a66161bfebfada0ca4c5f,
R8_tworoom_0149e656267ef1e29db10374,H0,R4_ALT_CEM_1,H_REAL3_REPLAN,COMPLETE,1,False,True,a864fa97501651afa04d736fa6beb21744567bf0da1e3c257a2f6e8e82b3cf88,0a4f698f47feebf2209e0be0f8659add8f1edc2164e317e3ba15b555d5596c1f
R8_tworoom_0149e656267ef1e29db10374,H0,R4_ALT_CEM_2,H_POLICY,FRESH_PAIRED_CONTROL,1,False,,9e6e468db67ba1e0d9d9e8bd5941883e82d6b452843755a93d184025bf593e2e,
R8_tworoom_0149e656267ef1e29db10374,H0,R4_ALT_CEM_2,H_REAL3_REPLAN,COMPLETE,1,False,True,8c993559fc7b0e4e7d325e2ff0c8487a2dd881fe69dfdb743b92933cd068b3be,21745d0526bb0321731b28f7a0b5bbd3662227187a6e6671f621776cd27e10bd
R8_tworoom_0149e656267ef1e29db10374,REFIT_103201,R3_ORIGINAL,H_POLICY,FRESH_PAIRED_CONTROL,1,False,,bce6bfc5c1a8dd1be56a90aadb0509efbfe54691c5e5f080dbd3e28497a95a4a,
R8_tworoom_0149e656267ef1e29db10374,REFIT_103201,R3_ORIGINAL,H_REAL3_REPLAN,COMPLETE,1,False,True,8ff6383bffa9873d0c78b62fefe7d1b8056013a219d446400b2b6cb6e3e7ef04,594a616760380ec245992864dcce288a72c09cb8d8fbea112f8c9b1ad6190d5f
R8_tworoom_0149e656267ef1e29db10374,REFIT_103201,R4_ALT_CEM_1,H_POLICY,FRESH_PAIRED_CONTROL,1,False,,844c0260a5deeb1dd138e14af9f0eb1fc98b7d9091bf0004ca40d803f4183c7a,
R8_tworoom_0149e656267ef1e29db10374,REFIT_103201,R4_ALT_CEM_1,H_REAL3_REPLAN,COMPLETE,1,False,True,164b6cfb20b26dcb4ffc598b2c376b04e1737f7270ce1f87d3e34521940697c3,7fec3402f22bee39c52947494208d1786d6de3c9ee51cb4fb6084ce73ea0b827
R8_tworoom_0149e656267ef1e29db10374,REFIT_103201,R4_ALT_CEM_2,H_POLICY,FRESH_PAIRED_CONTROL,1,False,,20ec5a4f3071a005550ab221bb19333a1930a176cbe85b6fd30f026b4c9e9be3,
R8_tworoom_0149e656267ef1e29db10374,REFIT_103201,R4_ALT_CEM_2,H_REAL3_REPLAN,COMPLETE,1,False,True,5cc9de75bc9dfd2d63ca6a3a9d08784dd55a2cd8ef5e1e816092880f7389e947,3e0655f3605c384cee0e6c243750df64f7e6d24916d414da697597cd0a7319ec
R8_tworoom_0149e656267ef1e29db10374,REFIT_103202,R3_ORIGINAL,H_POLICY,FRESH_PAIRED_CONTROL,1,False,,5da48f1f3ff405c15bd17ba035ec03230cfb27ea6b56a8edf498c313529c349d,
R8_tworoom_0149e656267ef1e29db10374,REFIT_103202,R3_ORIGINAL,H_REAL3_REPLAN,COMPLETE,1,False,True,b32d417916c81cf8550089b6ee6b851db6a53bf4693ef5da5660f8d50134ed7d,8c04c955b13b5194a1314fe04f44dd0861f7809e23e75d056eda22f3f9217978
R8_tworoom_0149e656267ef1e29db10374,REFIT_103202,R4_ALT_CEM_1,H_POLICY,FRESH_PAIRED_CONTROL,1,False,,4edde37a174e5856f488c7a37ed52b6f63951fab048f0e684a6de64af608ea0a,
R8_tworoom_0149e656267ef1e29db10374,REFIT_103202,R4_ALT_CEM_1,H_REAL3_REPLAN,COMPLETE,1,False,True,60b97fd30a7976a9d8427cbbf3fad0375a30666149547aca073b888b3269d00f,d37ddfd69d70fcfbb6385371f27367a6212b6ada2cc11d894cfa0ef671a0a10d
R8_tworoom_0149e656267ef1e29db10374,REFIT_103202,R4_ALT_CEM_2,H_POLICY,FRESH_PAIRED_CONTROL,1,False,,2b2d60dfebe7a397342723a5f2b8e134f6e455ad82af581b79ecdc4624e5bd2c,
R8_tworoom_0149e656267ef1e29db10374,REFIT_103202,R4_ALT_CEM_2,H_REAL3_REPLAN,COMPLETE,1,False,True,4b6b012f821f4f5bae9cb58062468f9d59b963e5b19bf61731efb113b0faf35e,251e55e48c9512ae170c0a51fe206bed414fb728b4ef0d8b99acd1be5d67da27
R8_tworoom_0149e656267ef1e29db10374,REFIT_103203,R3_ORIGINAL,H_POLICY,FRESH_PAIRED_CONTROL,1,False,,0bf1260d9ef57ecbbcaf20defd05853ecfc061bc86bd5ac5369e33f85a4a3d6c,
R8_tworoom_0149e656267ef1e29db10374,REFIT_103203,R3_ORIGINAL,H_REAL3_REPLAN,COMPLETE,1,False,True,7e037f3a23c29128a308039097286c79b1152e4121705eecc292d346ff9be9c1,7fc7ea487343651674ba1e82b41817b8e619a3d4a3b76e2d927d486dad971978
R8_tworoom_0149e656267ef1e29db10374,REFIT_103203,R4_ALT_CEM_1,H_POLICY,FRESH_PAIRED_CONTROL,1,False,,1102a22a2bd31d5b6f585e65b7168f6d4924a4eb8dd67da4d23e08b9c606c8e0,
R8_tworoom_0149e656267ef1e29db10374,REFIT_103203,R4_ALT_CEM_1,H_REAL3_REPLAN,COMPLETE,1,False,True,eb72790fe198c5fa17bb06031906836f513b991f22711656dc98bd36dcb6671b,b901891d2592026450465ddd3a62cfadd43ead370a09dff6bbd29ab763cdd7a9
R8_tworoom_0149e656267ef1e29db10374,REFIT_103203,R4_ALT_CEM_2,H_POLICY,FRESH_PAIRED_CONTROL,1,False,,c5d576a593931d75ddb962539dfff2a7ff836c75c688cfb280f2b2b310452a5a,
R8_tworoom_0149e656267ef1e29db10374,REFIT_103203,R4_ALT_CEM_2,H_REAL3_REPLAN,COMPLETE,1,False,True,9511edf082c21ab206e619deed79ab29ef41581e086c4186effcc94c1a28874a,fd03178eeaecfd47f57986ff55a0289f29f999c53563e010e01c11023b54de66
R8_tworoom_016639ac537c8d4f9f2e2f3d,H0,R3_ORIGINAL,H_POLICY,FRESH_PAIRED_CONTROL,1,False,,99f246c7343f79f8f2cf020ab031c2a0da39cb81b13d912d32a623140486a6c2,
R8_tworoom_016639ac537c8d4f9f2e2f3d,H0,R3_ORIGINAL,H_REAL3_REPLAN,COMPLETE,1,False,True,db7eb1ed14b2495864d19eba2f57bee4f930d61af6ce4b7d7c597b68f7c10143,140744ab888dec0632a7bbd7a67bdf2ed8834cbc00816e4119bd5f8d247566f8
R8_tworoom_016639ac537c8d4f9f2e2f3d,H0,R4_ALT_CEM_1,H_POLICY,FRESH_PAIRED_CONTROL,0,True,,23895af528fcaa18c146f9483b2b30c4e4441939ad0a8c9887d997e52bc44738,
R8_tworoom_016639ac537c8d4f9f2e2f3d,H0,R4_ALT_CEM_1,H_REAL3_REPLAN,COMPLETE,1,True,True,850dfb7ca9a58e50bfb0d187c26b7e3b3386d36843b1cb040ab552065ab1a646,17941f2c60e869714f6d30e37619fc3bc71f225a2f9d8e31f0c061681ec328bf
R8_tworoom_016639ac537c8d4f9f2e2f3d,H0,R4_ALT_CEM_2,H_POLICY,FRESH_PAIRED_CONTROL,1,True,,6fc1a54ce44333cb85cb893dc2381bb6432ec55eced3d6676f23667ada9c25f1,
R8_tworoom_016639ac537c8d4f9f2e2f3d,H0,R4_ALT_CEM_2,H_REAL3_REPLAN,COMPLETE,1,True,True,f1ac0c830e1c580e7fac6024cc07c0601e8934a569fd5a73396f667a9a7a7cf9,a82b0f5494ec229add7af1742c93d8259bb7402d61ee9014e20f137548f60064
R8_tworoom_016639ac537c8d4f9f2e2f3d,REFIT_103201,R3_ORIGINAL,H_POLICY,FRESH_PAIRED_CONTROL,1,False,,883d2f0d73355f4a04d2890596b7b8521501e933c7914598f5b813cf30828264,
R8_tworoom_016639ac537c8d4f9f2e2f3d,REFIT_103201,R3_ORIGINAL,H_REAL3_REPLAN,COMPLETE,1,False,True,3ed29b3078319304974b996764431a87c4914536e7d56d09999cd3e91a3fec19,6fa7c661d8dcb460a195ba79fa1d99c406903777200e14b7235e68ca1607a055
R8_tworoom_016639ac537c8d4f9f2e2f3d,REFIT_103201,R4_ALT_CEM_1,H_POLICY,FRESH_PAIRED_CONTROL,1,False,,bfd527a2a3ebb156db2895e110c389ebade54d8a6b01c46d9e0ae2a133c1ddce,
R8_tworoom_016639ac537c8d4f9f2e2f3d,REFIT_103201,R4_ALT_CEM_1,H_REAL3_REPLAN,COMPLETE,1,False,True,5747e95b9c2eb94bc17c569a61f5b1ba437777a1e59bf7e01ca98f6e940af3fb,b4b8bcb64a0eccecbec420de3a258d8dc0dfd940ffe1c12d8a2f9ab70b95749f
R8_tworoom_016639ac537c8d4f9f2e2f3d,REFIT_103201,R4_ALT_CEM_2,H_POLICY,FRESH_PAIRED_CONTROL,1,False,,b8ccf0dc09cec3fa6485041acc946d1459a13500637d8ccd14d4bd9609cc002a,
R8_tworoom_016639ac537c8d4f9f2e2f3d,REFIT_103201,R4_ALT_CEM_2,H_REAL3_REPLAN,COMPLETE,1,False,True,3de679435e87b90faf2332c80dee85972219285f043b1a115d3aa51c941f9b34,4281b00d4a60997103c59ee3fe140ba96854ffaf881ac33b1ffd2847dc2145ef
R8_tworoom_016639ac537c8d4f9f2e2f3d,REFIT_103202,R3_ORIGINAL,H_POLICY,FRESH_PAIRED_CONTROL,1,False,,0023ab5228f69033036aaafe52c1c78e83218be1696ceab14d970f4753cc816e,
R8_tworoom_016639ac537c8d4f9f2e2f3d,REFIT_103202,R3_ORIGINAL,H_REAL3_REPLAN,COMPLETE,1,False,True,7b4dfc33260f1d2967692896a049a621ba17c3f892ffddfc03bf8ffd7b3c0a7b,cb67958df84e80efcc9be2be17f3885226553016a91ed1a532c969dcd7579b1a
R8_tworoom_016639ac537c8d4f9f2e2f3d,REFIT_103202,R4_ALT_CEM_1,H_POLICY,FRESH_PAIRED_CONTROL,1,False,,88df031f4cf8b1d2b2fbb99498f09779052ad6a5d3581f6b58f614c7ef0689c4,
R8_tworoom_016639ac537c8d4f9f2e2f3d,REFIT_103202,R4_ALT_CEM_1,H_REAL3_REPLAN,COMPLETE,1,False,True,987d7d7dd3ce4ba2249966a6918e47d8da234983d49bdce70e5fdddacadb6329,96f4839fd02cc30a76828a4827f9b485332c225d24f20e98ac983f866c21ea4f
R8_tworoom_016639ac537c8d4f9f2e2f3d,REFIT_103202,R4_ALT_CEM_2,H_POLICY,FRESH_PAIRED_CONTROL,1,False,,e41952a18c599b1435dadca2241e95887cb86a6a8964ed6b42d8c11de9c0d68a,
R8_tworoom_016639ac537c8d4f9f2e2f3d,REFIT_103202,R4_ALT_CEM_2,H_REAL3_REPLAN,COMPLETE,1,False,True,e1e77dc479616121f4c71ef1aaeb7d2256029901babb21f23077fc56916e40b0,9e3cb072376d2650295249f4425734483a5c5afa6a6b436198d49babd8d2959a
R8_tworoom_016639ac537c8d4f9f2e2f3d,REFIT_103203,R3_ORIGINAL,H_POLICY,FRESH_PAIRED_CONTROL,1,False,,37a9600ee7fa309b826d6a0856b14b2db9308c62616c83fbec5335f314708f14,
R8_tworoom_016639ac537c8d4f9f2e2f3d,REFIT_103203,R3_ORIGINAL,H_REAL3_REPLAN,COMPLETE,1,False,True,bf0e39be98262afe17031200e874269e5768ddaff56c3636f8adf43d328dfc37,b2d55acec348cef24f5d57ba24a424d44b5118ebc2c8bc2ffe9dd62eeb788914
R8_tworoom_016639ac537c8d4f9f2e2f3d,REFIT_103203,R4_ALT_CEM_1,H_POLICY,FRESH_PAIRED_CONTROL,1,False,,ddafef5492c2e8e8428e370a5fce8ebd539c838a1831b0665052fa0446f28552,
R8_tworoom_016639ac537c8d4f9f2e2f3d,REFIT_103203,R4_ALT_CEM_1,H_REAL3_REPLAN,COMPLETE,1,False,True,fe7673a93e16c465cbac69aff1613b7e6c5e7fa85f2e3f09c0570a07b57e8dfd,8d4670d9316dc98ec58e758cd95c247e98a0ec001dbc5dc76fd698cd7392918a
R8_tworoom_016639ac537c8d4f9f2e2f3d,REFIT_103203,R4_ALT_CEM_2,H_POLICY,FRESH_PAIRED_CONTROL,1,False,,8d66c9282eb792841e6d4cf889b5bc246d3d1064b1ab3938e8bf68985b14022b,
R8_tworoom_016639ac537c8d4f9f2e2f3d,REFIT_103203,R4_ALT_CEM_2,H_REAL3_REPLAN,COMPLETE,1,False,True,cf0529ecea756be3d46034a9dca40d101dc484a9f4c717b33f2926e6d6192090,a352b3a265df016231dab53cbf977285163d7d4991f78d3c02a116630d02796c
R8_tworoom_01ae7626ffa6fa257b7c7adf,H0,R3_ORIGINAL,H_POLICY,FRESH_PAIRED_CONTROL,1,False,,4df985748f4f5293327d6db6e01d3aef01efef9c7a5357b692fa8eed039799cb,
R8_tworoom_01ae7626ffa6fa257b7c7adf,H0,R3_ORIGINAL,H_REAL3_REPLAN,COMPLETE,1,False,True,c8c71f33a1a93141f04de489b2cd0e83232aed53fb3a44b912d6e57abced4ee8,72837ada9aba50959f282a994ef81a602c365a2a1b02cf5b9aaa34523add2ddf
R8_tworoom_01ae7626ffa6fa257b7c7adf,H0,R4_ALT_CEM_1,H_POLICY,FRESH_PAIRED_CONTROL,1,False,,d5f7807501bf712d1943420c224c405ce5f7bf2db045d734bd7da6ee2ebb9b93,
R8_tworoom_01ae7626ffa6fa257b7c7adf,H0,R4_ALT_CEM_1,H_REAL3_REPLAN,COMPLETE,1,False,True,bcd657ea3eef8a53a559becf0fd96310cbaa91c58e19f5c3c8185d576ca08a86,0e2382255fab72b9b712f96b475aebb39f728ce0a3301ca9b1a51e0a07ad2dea
R8_tworoom_01ae7626ffa6fa257b7c7adf,H0,R4_ALT_CEM_2,H_POLICY,FRESH_PAIRED_CONTROL,1,False,,56d79367d1d08ac861b1bc8070ed1865f208b20a26f93b7ce03f47906a757f25,
R8_tworoom_01ae7626ffa6fa257b7c7adf,H0,R4_ALT_CEM_2,H_REAL3_REPLAN,COMPLETE,1,False,True,fe7040adb164a312b3ac6ff47a7793bbef49b69bec876384d99f75b0db82ea6d,9c3d4dee76ca73c12c1fa0c7e4bbe7f1b5f72456f168b4d683433a40b0b7a26e
R8_tworoom_01ae7626ffa6fa257b7c7adf,REFIT_103201,R3_ORIGINAL,H_POLICY,FRESH_PAIRED_CONTROL,1,False,,8ed1d97bfd3aaa15fc89d6f02755251e5108aeb67b1e4eee2244ba34c5711094,
R8_tworoom_01ae7626ffa6fa257b7c7adf,REFIT_103201,R3_ORIGINAL,H_REAL3_REPLAN,COMPLETE,1,False,True,d56ff329fff748f3108bcdf8273d13b9f7f3706a38440a709b2a1e42fafc691c,73d829f4eb1d9be1cc97934a24da94a576bd1525b426a938a4ba9c9507ea64cc
R8_tworoom_01ae7626ffa6fa257b7c7adf,REFIT_103201,R4_ALT_CEM_1,H_POLICY,FRESH_PAIRED_CONTROL,1,False,,87906e9cd87839809d8925ab1647f12fac8a4dea4ffdb927ff6228a4273a3135,
R8_tworoom_01ae7626ffa6fa257b7c7adf,REFIT_103201,R4_ALT_CEM_1,H_REAL3_REPLAN,COMPLETE,1,False,True,ca6c526c0d095a46d36f80f14b3eb0e13a5166e1c7e9306a5a3872112ff9c136,e6bac4b93cab0ea12aefeb04b98b158353ae538757fa84efdc5c81a7014ccf5a
R8_tworoom_01ae7626ffa6fa257b7c7adf,REFIT_103201,R4_ALT_CEM_2,H_POLICY,FRESH_PAIRED_CONTROL,1,False,,56970f62e926556cf3fa3fa6ce808fad7a40645175a8ab8d3df4d6b41fa67c8d,
R8_tworoom_01ae7626ffa6fa257b7c7adf,REFIT_103201,R4_ALT_CEM_2,H_REAL3_REPLAN,COMPLETE,1,False,True,42b7aa4aeead750d82fe9698adced00364d0d8d9bb294f1807c4b2961744e9f2,f91dd558e422d5e330ec172774717114cb5b0f0c6aed917d653795a9ea2be821
R8_tworoom_01ae7626ffa6fa257b7c7adf,REFIT_103202,R3_ORIGINAL,H_POLICY,FRESH_PAIRED_CONTROL,1,False,,3a0ecd48d94c1b91726ee133dcd5dce2e1a694f0bb1ac6713da1ff3012f769c3,
R8_tworoom_01ae7626ffa6fa257b7c7adf,REFIT_103202,R3_ORIGINAL,H_REAL3_REPLAN,COMPLETE,1,False,True,532a994f1dc9248152717711912deb4f0c39625c4fcc67ea500e97206ab7f574,a13f529a463adddf5c6dd783a6b19f05c13e4e372cece73ae423759097fffa42
R8_tworoom_01ae7626ffa6fa257b7c7adf,REFIT_103202,R4_ALT_CEM_1,H_POLICY,FRESH_PAIRED_CONTROL,1,False,,a4c010f594e3b8834e81d17646b23700d066bd690f818ad9778ea4b616c1451b,
R8_tworoom_01ae7626ffa6fa257b7c7adf,REFIT_103202,R4_ALT_CEM_1,H_REAL3_REPLAN,COMPLETE,1,False,True,c41d6a8cb52ae714f9e8099198965dbb35ac29900331923254efcd74d3cdf6a2,05a2065fd4409bfd6ec39d86defa618140ab21fd600ab4a640f9825f739055ae
R8_tworoom_01ae7626ffa6fa257b7c7adf,REFIT_103202,R4_ALT_CEM_2,H_POLICY,FRESH_PAIRED_CONTROL,1,False,,a620abd6b8df580283642b8a4302789379f240f7c7ab2c8389b95fdc76df921f,
R8_tworoom_01ae7626ffa6fa257b7c7adf,REFIT_103202,R4_ALT_CEM_2,H_REAL3_REPLAN,COMPLETE,1,False,True,e3ca82379fe3d88e3e543e93b9b191e8dfb27e90d76d1a0b9f1ee25f4ef5cb4e,8aed07e154c80bd7361f0223151dd09b4e301558cfc7678eb30c04af0b9b8190
R8_tworoom_01ae7626ffa6fa257b7c7adf,REFIT_103203,R3_ORIGINAL,H_POLICY,FRESH_PAIRED_CONTROL,1,False,,216638614ec13c84bf51dc2ad9824dc6bd6df8e8333f9b1bd52dd3a1014d1928,
R8_tworoom_01ae7626ffa6fa257b7c7adf,REFIT_103203,R3_ORIGINAL,H_REAL3_REPLAN,COMPLETE,1,False,True,311f75eccf74e6b8da4b1b9a33611337f812e4879d208b12e750adb6b87744c8,0bc427ff3aadab2fa8aa56bcda9f2d06101a79a076ad0ac113f5f1da84561f7f
R8_tworoom_01ae7626ffa6fa257b7c7adf,REFIT_103203,R4_ALT_CEM_1,H_POLICY,FRESH_PAIRED_CONTROL,1,False,,471c006481e6c688677b8b7ca1c3d4c0abf97923206e45a22bb4ab5f68ce700d,
R8_tworoom_01ae7626ffa6fa257b7c7adf,REFIT_103203,R4_ALT_CEM_1,H_REAL3_REPLAN,COMPLETE,1,False,True,80c49f4bed69b3e811b2a27d199ba04577ebaae3e2d6e5db9ba389de6a1faf5a,0c5b38ea503dd7391500ed75944bfa767375ad629857abbe3827b2f571c88ded
R8_tworoom_01ae7626ffa6fa257b7c7adf,REFIT_103203,R4_ALT_CEM_2,H_POLICY,FRESH_PAIRED_CONTROL,1,False,,269acdd39867b8ca70033871b1e7e090943f05d452921f3b0cf2dc8e13fe3b76,
R8_tworoom_01ae7626ffa6fa257b7c7adf,REFIT_103203,R4_ALT_CEM_2,H_REAL3_REPLAN,COMPLETE,1,False,True,cab448d50ae87bfeaeff64b80baed0e2cabca92e27be05de0be74e616a321406,f1faa290b32bf31f82babf23aa7f6f060fd3620e9792def274442946911b085f
R8_tworoom_01aea11bbccfd11820ae3b67,H0,R3_ORIGINAL,H_POLICY,FRESH_PAIRED_CONTROL,1,False,,d20e6ef2b6d1877b580bdd80a69e21a47b1c912d56a5b3ba4108b1c92d3646be,
R8_tworoom_01aea11bbccfd11820ae3b67,H0,R3_ORIGINAL,H_REAL3_REPLAN,COMPLETE,1,False,True,10fcfc636d68d1537b7d8829849a2312450b69c909c3387f1cb5dedb56d4641a,869287f627e7920c157cf5c0880fd4a58b39adbe890848b1d96d58e06fe06b74
R8_tworoom_01aea11bbccfd11820ae3b67,H0,R4_ALT_CEM_1,H_POLICY,FRESH_PAIRED_CONTROL,1,False,,ea9ac78fd933351e41f2f5f2065e9c52d1cdf07240ce7a92b33dc217f1e1da52,
R8_tworoom_01aea11bbccfd11820ae3b67,H0,R4_ALT_CEM_1,H_REAL3_REPLAN,COMPLETE,1,False,True,f75b6fea0e2f6a8c742f904904fc22a1dbc7625d217815325fc64f8ef8cbdae8,cf80ce01f7b8ec12dac31f4570ec03211a4d7cdd2c6eb10581574f4066bba797
R8_tworoom_01aea11bbccfd11820ae3b67,H0,R4_ALT_CEM_2,H_POLICY,FRESH_PAIRED_CONTROL,1,False,,f6547d326f5a11d6285abbb90e028cffe643110832d78e1719ac14c66229f88a,
R8_tworoom_01aea11bbccfd11820ae3b67,H0,R4_ALT_CEM_2,H_REAL3_REPLAN,COMPLETE,1,False,True,4ea686a206be01cdffce6f4c207f4d05a3ae75cb615a512dfafad38e6b5bb6d5,b16dc86a0149617990c8916c50c425edc6576dd14afe80848fa9052d05b1eb57
R8_tworoom_01aea11bbccfd11820ae3b67,REFIT_103201,R3_ORIGINAL,H_POLICY,FRESH_PAIRED_CONTROL,1,False,,813e3512d087c793f4e3df63f94056f292f492a1b816a508070244763f3709b6,
R8_tworoom_01aea11bbccfd11820ae3b67,REFIT_103201,R3_ORIGINAL,H_REAL3_REPLAN,COMPLETE,1,False,True,e6f51a3b1d5953b88743801b6e334b3aa893b04a239ff68c5693b307093ba03d,2dc8e669e6d3d8969d3b034e42d9dd0d62f5acd89be0724a273a232d846b19c4
R8_tworoom_01aea11bbccfd11820ae3b67,REFIT_103201,R4_ALT_CEM_1,H_POLICY,FRESH_PAIRED_CONTROL,1,False,,0041a208b79067995d5129a641d48bfaa8b045742de6444b8b97b8830357fdbb,
R8_tworoom_01aea11bbccfd11820ae3b67,REFIT_103201,R4_ALT_CEM_1,H_REAL3_REPLAN,COMPLETE,1,False,True,2c7ffa50f8795114419c2824ebfc8fbf140962f0f0e9e1d47a14ef2ae7c4f017,242cb516080fef34de998713f92bed6f8539f13d9e1318e4b8b0734cefacd59b
R8_tworoom_01aea11bbccfd11820ae3b67,REFIT_103201,R4_ALT_CEM_2,H_POLICY,FRESH_PAIRED_CONTROL,1,False,,86c8d07c5944bd13996a3f7299a2382da260f77d5e5ca60a5e0ac4f19130ce6c,
R8_tworoom_01aea11bbccfd11820ae3b67,REFIT_103201,R4_ALT_CEM_2,H_REAL3_REPLAN,COMPLETE,1,False,True,f3b14f05bf7e7e2c722d8a6fda6c2f21d9b2b958aeaa516396738c262136a760,1ba563b071a4e0138cf93b0c466fc80a3684b96cda5e970c69562b01f133af0b
R8_tworoom_01aea11bbccfd11820ae3b67,REFIT_103202,R3_ORIGINAL,H_POLICY,FRESH_PAIRED_CONTROL,1,False,,3771c53d7e93d57e4b989adf6b4821dc630050be55398263eeaa83ddafd43469,
R8_tworoom_01aea11bbccfd11820ae3b67,REFIT_103202,R3_ORIGINAL,H_REAL3_REPLAN,COMPLETE,1,False,True,b30dabc3d34d307a04e496d271a50d8f75d0d0069ce2ef86fd3ffb9f26e7cd91,f33d6ef56586928cad76fc2e21ce1f9d964e1e3054fc736062094981dec1b777
R8_tworoom_01aea11bbccfd11820ae3b67,REFIT_103202,R4_ALT_CEM_1,H_POLICY,FRESH_PAIRED_CONTROL,1,False,,55daecf0f3cc22f670e7f83738d13a6e227e256aad04d2e8d1f1f3d20e1de808,
R8_tworoom_01aea11bbccfd11820ae3b67,REFIT_103202,R4_ALT_CEM_1,H_REAL3_REPLAN,COMPLETE,1,False,True,27e4ea64fe0905cf6ddeec8045e66a99002b00c3c9f3814deb88e34b44ab69f7,bae36b8de8047564ed97d7d4a3f7b209aef0a337fdb3706f2bcd3cec2f6f366b
R8_tworoom_01aea11bbccfd11820ae3b67,REFIT_103202,R4_ALT_CEM_2,H_POLICY,FRESH_PAIRED_CONTROL,1,False,,eb9dbbce1458a2995597a3cccec9d2a64142d3121ce5f9684da215f7c1155184,
R8_tworoom_01aea11bbccfd11820ae3b67,REFIT_103202,R4_ALT_CEM_2,H_REAL3_REPLAN,COMPLETE,1,False,True,0d42686aa47957ee775631dea64078284c663a14e25e10fc6895098ebf0fb6e0,54e9068f27b147033790e8af30bcfc065ab54fd96944aa8f839e84fe3ea8d424
R8_tworoom_01aea11bbccfd11820ae3b67,REFIT_103203,R3_ORIGINAL,H_POLICY,FRESH_PAIRED_CONTROL,1,False,,4855c1b9a43bccb12a54f4b130f06970422eaad48ddd7a8f8b3cf21a7566f32c,
R8_tworoom_01aea11bbccfd11820ae3b67,REFIT_103203,R3_ORIGINAL,H_REAL3_REPLAN,COMPLETE,1,False,True,18c5eb96ebd798c5832b60a6813c0208ad2554690beea9244518c40b0785a1b7,1364d5eaa11e18c7b4102e8c835a05b8bca688501ab577fa5ff81e772b842c76
R8_tworoom_01aea11bbccfd11820ae3b67,REFIT_103203,R4_ALT_CEM_1,H_POLICY,FRESH_PAIRED_CONTROL,1,False,,1652bd5bf24f77ca1399ddd7bf4920902a46ceeefafc6843b4178517e57679d5,
R8_tworoom_01aea11bbccfd11820ae3b67,REFIT_103203,R4_ALT_CEM_1,H_REAL3_REPLAN,COMPLETE,1,False,True,246223fd0e7f9be68841b356eb4499f7d34a6c0a3261de30287fb254faf5279d,f038e4352cc5334a3a928d46047a57aa976a60c86e4c8df1e2636d9fb4836bd0
R8_tworoom_01aea11bbccfd11820ae3b67,REFIT_103203,R4_ALT_CEM_2,H_POLICY,FRESH_PAIRED_CONTROL,1,False,,9af348d2f2b280c2cc1db1512c204c507b408b091c4b1f240a6350defa46071a,
R8_tworoom_01aea11bbccfd11820ae3b67,REFIT_103203,R4_ALT_CEM_2,H_REAL3_REPLAN,COMPLETE,1,False,True,d2d68339744bfa7cde37bea830b0c4ec7bad3904281a6d473aee68dd0d260acb,3254eb7a9b2ff5b93747c54eead8b0eb5f10411e8491305ff4cf558f9cd2a449
R8_tworoom_01c16f34aa04119a3489ad0f,H0,R3_ORIGINAL,H_POLICY,FRESH_PAIRED_CONTROL,1,False,,7ae65b971b3808c11166d75888fa3d0b02108cba8fb6a664e0b6db9c9908f109,
R8_tworoom_01c16f34aa04119a3489ad0f,H0,R3_ORIGINAL,H_REAL3_REPLAN,COMPLETE,1,False,True,ecab6f9214af209114262abe7376e4e5e1a9e2035d5c62aa79186ea913468837,d8b74c24337f3784ae38058c8a1b88522d2308746eb26a4a0932cc75a6db4349
R8_tworoom_01c16f34aa04119a3489ad0f,H0,R4_ALT_CEM_1,H_POLICY,FRESH_PAIRED_CONTROL,1,False,,652628e66fb416fed9f71e0200cd0a36682b08e96013cb22678f290f6f016c4d,
R8_tworoom_01c16f34aa04119a3489ad0f,H0,R4_ALT_CEM_1,H_REAL3_REPLAN,COMPLETE,1,False,True,01d3d5966668f32c0108dce154be14b48bf17f351929eba3346d590d589f04b0,14d9e989fa8f1c267077cad7afdcb8fe3b9da376b7e3000c44b86699f16a7f92
R8_tworoom_01c16f34aa04119a3489ad0f,H0,R4_ALT_CEM_2,H_POLICY,FRESH_PAIRED_CONTROL,1,True,,806513b36638f9c6e971ccc5e4809d0d8d950a4e2cdc00d6b6885805b9f21d6a,
R8_tworoom_01c16f34aa04119a3489ad0f,H0,R4_ALT_CEM_2,H_REAL3_REPLAN,COMPLETE,1,True,True,55ff0851004a1ab28738204d699ebf893d231f07297eb76a666029fbabe32f02,90a193f0dda0aa4c99be7393004ffd1b2e63700d513ee70b54a3c4c25124638f
R8_tworoom_01c16f34aa04119a3489ad0f,REFIT_103201,R3_ORIGINAL,H_POLICY,FRESH_PAIRED_CONTROL,1,False,,c49c16371f0d79302e86846157ff48891ffbd67193547ec6f40f6139a109a7c5,
R8_tworoom_01c16f34aa04119a3489ad0f,REFIT_103201,R3_ORIGINAL,H_REAL3_REPLAN,COMPLETE,1,False,True,6af7425432b7b0ed68865e018755318cefd13237be89fbc4bc03423e3d26b701,a38c3d55100aa1cdb384e20eb5f643a891e164736864a5da9d17a32f3d0a8220
R8_tworoom_01c16f34aa04119a3489ad0f,REFIT_103201,R4_ALT_CEM_1,H_POLICY,FRESH_PAIRED_CONTROL,1,False,,d8d81305468c478452ed1a9cfd48d07b94145b21375d313b553e667db42b2fa3,
R8_tworoom_01c16f34aa04119a3489ad0f,REFIT_103201,R4_ALT_CEM_1,H_REAL3_REPLAN,COMPLETE,1,False,True,7c7420a71905a11c1695627f061a74e88a857e3138951c4d1cc3c9c4835a3d74,d17fe7dc35a545c0df5a43524a4b9cf73dc71df9b8252e4aba425fd48cba14a9
R8_tworoom_01c16f34aa04119a3489ad0f,REFIT_103201,R4_ALT_CEM_2,H_POLICY,FRESH_PAIRED_CONTROL,1,False,,bae3868585072ce2a8f121c4adcb027f0dcee37d6a61040e82b73d3a445596c1,
R8_tworoom_01c16f34aa04119a3489ad0f,REFIT_103201,R4_ALT_CEM_2,H_REAL3_REPLAN,COMPLETE,1,False,True,f91ed1dd73461ff3d01103aadcaddbddfdbe77ef366f32e6d52b2f6b3ee03bbe,5d9396305c7a7f3a54d1152aeec7e161023026d465074e7208c8319619b81506
R8_tworoom_01c16f34aa04119a3489ad0f,REFIT_103202,R3_ORIGINAL,H_POLICY,FRESH_PAIRED_CONTROL,1,False,,953f91b9538e8a89cddb8614224a8e23cba6116bf3878d54d031081324093b11,
R8_tworoom_01c16f34aa04119a3489ad0f,REFIT_103202,R3_ORIGINAL,H_REAL3_REPLAN,COMPLETE,1,False,True,81d59a6e73824e03928d2b97a0db76dab4171f5142d4f8f7cd87c81853ee0cdb,051d86c11c2abf624dbb106f9d17f2c9646c59d7e062a1ac28fa993ab7f5e0e3
R8_tworoom_01c16f34aa04119a3489ad0f,REFIT_103202,R4_ALT_CEM_1,H_POLICY,FRESH_PAIRED_CONTROL,1,False,,4c3b335edeca264ea00c4998878af5f9dcee2f46f3fbebd4e4363ba66596f900,
R8_tworoom_01c16f34aa04119a3489ad0f,REFIT_103202,R4_ALT_CEM_1,H_REAL3_REPLAN,COMPLETE,1,False,True,29ee2922abf7daad535f809c28108d3833795b5832e0bd302e17666ef92ca017,72ac4f4c2281a72b9c8b921a95e4ad1e280ca6bdaab4613cb3c5a411405db285
R8_tworoom_01c16f34aa04119a3489ad0f,REFIT_103202,R4_ALT_CEM_2,H_POLICY,FRESH_PAIRED_CONTROL,1,True,,6e7eea1d290d5d3f34c31723244189e2dce9506ab6d7b16f7cbcda7d563af132,
R8_tworoom_01c16f34aa04119a3489ad0f,REFIT_103202,R4_ALT_CEM_2,H_REAL3_REPLAN,COMPLETE,1,True,True,c169d87ece5718d647d3c83dfb21500fe2e0e92efd2ba7a0c85f7ef03e41ed28,e6bfb1214e9c88380ec849031a2bad4c750619feea9e25466b91cd0139d8f584
R8_tworoom_01c16f34aa04119a3489ad0f,REFIT_103203,R3_ORIGINAL,H_POLICY,FRESH_PAIRED_CONTROL,1,False,,9fd2ba010c3da5c67c9e863a009c73a43ce6077ac4d0f5a9bba744e663e348d6,
R8_tworoom_01c16f34aa04119a3489ad0f,REFIT_103203,R3_ORIGINAL,H_REAL3_REPLAN,COMPLETE,1,False,True,5982f4d445b81ddc7d0e801bba7880188a2a9abc3f10b49aaca4af5cd6a2eb96,7fae7c0cd283519dee5850f7bec774efb08cccfb9888aff82a0c2732078ac260
R8_tworoom_01c16f34aa04119a3489ad0f,REFIT_103203,R4_ALT_CEM_1,H_POLICY,FRESH_PAIRED_CONTROL,1,False,,ce11d54d7d082068495c7b9256c369a874714e0d21931cd37736abe4d7b1e5ce,
R8_tworoom_01c16f34aa04119a3489ad0f,REFIT_103203,R4_ALT_CEM_1,H_REAL3_REPLAN,COMPLETE,1,False,True,9a91084628e1730380efa7bb7914b0d7ddf0104ac0497c8668e66cf03f48d8cf,974f3fd6df3e5bb2c6995f8acbbd21e8b7a091c38fad5391d660cc59dfe9c9f0
R8_tworoom_01c16f34aa04119a3489ad0f,REFIT_103203,R4_ALT_CEM_2,H_POLICY,FRESH_PAIRED_CONTROL,1,True,,c00a91429cdfded624bbc73a1f5feebf645263167f63caff7d9bc12e6eb59903,
R8_tworoom_01c16f34aa04119a3489ad0f,REFIT_103203,R4_ALT_CEM_2,H_REAL3_REPLAN,COMPLETE,1,True,True,67768fd30c9dac80478be152198caa5fb6bb2f4844e0445dd0a601e1e54ff73e,c23db313eac95249ab4b277f2ed6d548f870b277e1d150f66ff18d843b284cd5
R8_tworoom_01c67df22131e1d43aea07a4,H0,R3_ORIGINAL,H_POLICY,FRESH_PAIRED_CONTROL,1,False,,36241cc85cab744dcdd21711feb39a4e20f427a639c0ff47eafda0e5e8fc17ac,
R8_tworoom_01c67df22131e1d43aea07a4,H0,R3_ORIGINAL,H_REAL3_REPLAN,COMPLETE,1,False,True,9e2f6b11d78cee821a2d52ee8351b9d7a47d67fce9919784a9d544936bdb8148,f60c742ef8eb72161770d7d5a36420d5b2a315720f87019a4b68a4ded7363303
R8_tworoom_01c67df22131e1d43aea07a4,H0,R4_ALT_CEM_1,H_POLICY,FRESH_PAIRED_CONTROL,1,False,,ebc4f0dbc7cb019102f1a8f8368757ac568bd5dacec6b030a5c0478a15b3da41,
R8_tworoom_01c67df22131e1d43aea07a4,H0,R4_ALT_CEM_1,H_REAL3_REPLAN,COMPLETE,1,False,True,2a1bb5b5a01add4a48adb01be640f23ab3dcd02952b46cbec1d453bc2f085b2a,55006f54d7df563dcb7d4c0b428d4fe66c55f177da96d69b4c81e71d2c23265a
R8_tworoom_01c67df22131e1d43aea07a4,H0,R4_ALT_CEM_2,H_POLICY,FRESH_PAIRED_CONTROL,1,False,,f5f33b93c445738199088759febf74afce33ab946230fc3da230084b8ce03083,
R8_tworoom_01c67df22131e1d43aea07a4,H0,R4_ALT_CEM_2,H_REAL3_REPLAN,COMPLETE,1,False,True,caef9b8053d86469da69921d6a7721b822d100bbc59ce4ac9cd790f9b16a4076,52122aa4bf910bc639a3640270d41a476941e95a88163711fd35af523e3e2594
R8_tworoom_01c67df22131e1d43aea07a4,REFIT_103201,R3_ORIGINAL,H_POLICY,FRESH_PAIRED_CONTROL,1,False,,f0d0360edba339ac3ab5abe20941781431c4a9460ca9978231dfacdacd9a5202,
R8_tworoom_01c67df22131e1d43aea07a4,REFIT_103201,R3_ORIGINAL,H_REAL3_REPLAN,COMPLETE,1,False,True,91cd34a52adbb7fd822d323ea5e777872f914e38d9b65159c677cccecf31452c,2546132650f22b2703656f8c5033b85e5a5111da4a48a0ed97ed3544876c8e11
R8_tworoom_01c67df22131e1d43aea07a4,REFIT_103201,R4_ALT_CEM_1,H_POLICY,FRESH_PAIRED_CONTROL,1,False,,07949fa367842ac521cbe6228a67b97c6410eca4380dd09634c6c201ff79760d,
R8_tworoom_01c67df22131e1d43aea07a4,REFIT_103201,R4_ALT_CEM_1,H_REAL3_REPLAN,COMPLETE,1,False,True,d0b8f602587c1e82dd907b92c833579f40f775bceede6f84ef99c143a22ec02f,40bef5445096f026cdd7eacb2f0c095f7da4a15154cd11bae94ea82085d414dc
R8_tworoom_01c67df22131e1d43aea07a4,REFIT_103201,R4_ALT_CEM_2,H_POLICY,FRESH_PAIRED_CONTROL,1,False,,df274813c13138aecb1f3d4a5b0be4ae00779234a164b5302c5f3282910aff8f,
R8_tworoom_01c67df22131e1d43aea07a4,REFIT_103201,R4_ALT_CEM_2,H_REAL3_REPLAN,COMPLETE,1,False,True,e6945c89d857ebe08434e382abc6a5a4c82d4abe99c2289a46c4b50d28a6c2e3,110ca73fc3e6ea7a4c518869f93bf7b094292194fac974c083f0ed0423e338d4
R8_tworoom_01c67df22131e1d43aea07a4,REFIT_103202,R3_ORIGINAL,H_POLICY,FRESH_PAIRED_CONTROL,1,False,,e1302b12ec267cdc530d17320d34a94a669c1a346487395f203f2676740b0dd9,
R8_tworoom_01c67df22131e1d43aea07a4,REFIT_103202,R3_ORIGINAL,H_REAL3_REPLAN,COMPLETE,1,False,True,22a7917183f30a2c1bf1806d176c482503faa50f6f479915471f91b9a656a147,e232ef42deeac80818b75c79798c09a54727c8a9c924f9b75666c8e5ce332912
R8_tworoom_01c67df22131e1d43aea07a4,REFIT_103202,R4_ALT_CEM_1,H_POLICY,FRESH_PAIRED_CONTROL,1,False,,85ee95d94c419ff9ec43956618e778e63b51309f1827924cd4676974980e9a8f,
R8_tworoom_01c67df22131e1d43aea07a4,REFIT_103202,R4_ALT_CEM_1,H_REAL3_REPLAN,COMPLETE,1,False,True,7752bd71023a331a62b2d6d4eaec942ffd87cd10f4b31ee23ff75d1c9b97a5d9,193141ba1c6c47c028bb4c14f7f0767cae376e712d2f46ce4ccd2fcd68b49496
R8_tworoom_01c67df22131e1d43aea07a4,REFIT_103202,R4_ALT_CEM_2,H_POLICY,FRESH_PAIRED_CONTROL,1,False,,78926a4ed20a09c70a48b8124224469a7f97e900359df516648e4b07e518b9e7,
R8_tworoom_01c67df22131e1d43aea07a4,REFIT_103202,R4_ALT_CEM_2,H_REAL3_REPLAN,COMPLETE,1,False,True,d83f5ac25336cceab83970457a077b0d1af0110aaf4505232ad5654ca0ec3806,3f7d7ca5659f7a385e0bfc315b8d5227e4ffaba59d080c51e67e8d44b3b45b17
R8_tworoom_01c67df22131e1d43aea07a4,REFIT_103203,R3_ORIGINAL,H_POLICY,FRESH_PAIRED_CONTROL,1,False,,d805d04209dc8443b45e648f36914e5c83f328535d05d05a6f161ce05bdd2e65,
R8_tworoom_01c67df22131e1d43aea07a4,REFIT_103203,R3_ORIGINAL,H_REAL3_REPLAN,COMPLETE,1,False,True,02e0a48d48490f5b9b921263ede3636427411a14e661a2893dc25f493e292444,c01293e6db2a7b0ba0f527cf93700b9abe73e2df36b1fc54e4948865dbcd20e1
R8_tworoom_01c67df22131e1d43aea07a4,REFIT_103203,R4_ALT_CEM_1,H_POLICY,FRESH_PAIRED_CONTROL,1,True,,0d496f998aa1b3e69d7e25a21f8335271787d497a4d4f11d99a0664c71d89320,
R8_tworoom_01c67df22131e1d43aea07a4,REFIT_103203,R4_ALT_CEM_1,H_REAL3_REPLAN,COMPLETE,1,True,True,19f673bc9cc13b880a5aba8292a2c79cd6445036310a2ccfbe2ddd7585b04926,33e43b2b69f3343eed1b2134d609b592ef32a324e7a960f608b2e60072f2f948
R8_tworoom_01c67df22131e1d43aea07a4,REFIT_103203,R4_ALT_CEM_2,H_POLICY,FRESH_PAIRED_CONTROL,1,False,,5d279e01d36641d615a337f3c7efe6a6b093bdcad30681fc1df67d62fc1babf5,
R8_tworoom_01c67df22131e1d43aea07a4,REFIT_103203,R4_ALT_CEM_2,H_REAL3_REPLAN,COMPLETE,1,False,True,746cea61c02f03e1815de0b8b4e0bcb48c50197ef4fb5064bb19b3e15e2fc5ba,41c017e82afd2f2f6ddbe2ea6318d4ca9c81aefbe113425919d82cbf068fc98b
R8_tworoom_01e3ee0ac905e396feaf2334,H0,R3_ORIGINAL,H_POLICY,FRESH_PAIRED_CONTROL,1,False,,8c7c17212c3891ff9c14cbd28ba895bf4bec73d02da3a6729e66948a30f238e2,
R8_tworoom_01e3ee0ac905e396feaf2334,H0,R3_ORIGINAL,H_REAL3_REPLAN,COMPLETE,1,False,True,482b0b6c8953658934b2fed84fb5d138cb17e98a1158649a2906bcb57b9158d9,92370a3fdb022e4a665bdb018f3ce687b5f5b64238363a58a05590e4806a6a68
R8_tworoom_01e3ee0ac905e396feaf2334,H0,R4_ALT_CEM_1,H_POLICY,FRESH_PAIRED_CONTROL,1,False,,064a4672787dcbee78ce40b0ac4b9c77204e04c4d85e936c147ac1df382c6579,
R8_tworoom_01e3ee0ac905e396feaf2334,H0,R4_ALT_CEM_1,H_REAL3_REPLAN,COMPLETE,1,False,True,17761407b1f57a7fe1a195a3eb4b599a71b2ee8f9195bd735b1ef2d7b7681e3f,19179c9f1c878d8ee69c0e5c08fec19319fc4697a8eae7958068b6e98b73b200
R8_tworoom_01e3ee0ac905e396feaf2334,H0,R4_ALT_CEM_2,H_POLICY,FRESH_PAIRED_CONTROL,1,False,,88852c2b9b942b7d9bc9e9603bfcd4d8f145d903777e380066f3b1c29b011aa1,
R8_tworoom_01e3ee0ac905e396feaf2334,H0,R4_ALT_CEM_2,H_REAL3_REPLAN,COMPLETE,1,False,True,60ddb3fa37a0c78b98a2b9e6c265e7a1cb1dccbfaf57874addce60d1118d789d,2dca737ff40b7b36ad048d037d1d88fa6113aec4c06ae66827e53b98fddcc2cf
R8_tworoom_01e3ee0ac905e396feaf2334,REFIT_103201,R3_ORIGINAL,H_POLICY,FRESH_PAIRED_CONTROL,1,False,,d4644fb7ccb51da9f503a87c4d18f793a0c6ee7c3bf992fd0fb463472ec7aaf1,
R8_tworoom_01e3ee0ac905e396feaf2334,REFIT_103201,R3_ORIGINAL,H_REAL3_REPLAN,COMPLETE,1,False,True,2f50d3236b607597e8fb18fd6c779760e54258d511851218492deb3423efdc4b,a3fc5e8a6cc6ecf63c2028af86f2257543a629606b68fc4685ff1421867441c6
R8_tworoom_01e3ee0ac905e396feaf2334,REFIT_103201,R4_ALT_CEM_1,H_POLICY,FRESH_PAIRED_CONTROL,1,False,,27baf48b4e11ae1b8046e13bf95ab922c43e9eb35ba574e0839a86494eeb992e,
R8_tworoom_01e3ee0ac905e396feaf2334,REFIT_103201,R4_ALT_CEM_1,H_REAL3_REPLAN,COMPLETE,1,False,True,a9566e0f587e250464343d9e97f6703d4968af8de2af3f6f0c24af42aa0a8fe2,30301c79ee12dd080c713fafd1e9bb48af2df641bab90c29054e117e4a18a3a1
R8_tworoom_01e3ee0ac905e396feaf2334,REFIT_103201,R4_ALT_CEM_2,H_POLICY,FRESH_PAIRED_CONTROL,1,False,,99ecc263665bf9ba47c911665fcf1e4c863a619018909f2b1f5cbb1a35d30a9f,
R8_tworoom_01e3ee0ac905e396feaf2334,REFIT_103201,R4_ALT_CEM_2,H_REAL3_REPLAN,COMPLETE,1,False,True,8bbc155f512dbc217e56778dda46a257f53e2727f7a2dc3bc0d2d144722e87e9,305433e0cdb55571018d365fabf51d4b690f51a3f6f4e1a580d072a3eba1f375
R8_tworoom_01e3ee0ac905e396feaf2334,REFIT_103202,R3_ORIGINAL,H_POLICY,FRESH_PAIRED_CONTROL,1,False,,6d8b4f2a44a143b29d57a7e2fcb3a6b04e239664b6fc647dd4a68c0814343afc,
R8_tworoom_01e3ee0ac905e396feaf2334,REFIT_103202,R3_ORIGINAL,H_REAL3_REPLAN,COMPLETE,1,False,True,4c8d782e5b7a9be99b731b56d82c97f956ec39a8c3f28ee9882484cc81fd71fb,ed54087bad16e632c9aa63e47f66134df19f52dcc6dd5e0e85e11d9799702085
R8_tworoom_01e3ee0ac905e396feaf2334,REFIT_103202,R4_ALT_CEM_1,H_POLICY,FRESH_PAIRED_CONTROL,1,False,,fdea8a6e59b7de963ab130f45d05682ddc08afbdb7e227578676db6b78c99372,
R8_tworoom_01e3ee0ac905e396feaf2334,REFIT_103202,R4_ALT_CEM_1,H_REAL3_REPLAN,COMPLETE,1,False,True,25a5b3e51a32c541bbe9949eeff27d49ae05ad65b51943b503b34c8931ace599,84c2bb00e8967e09bf9e6cca892fa5e8a78cdc2131def317b482b2d05ce368ad
R8_tworoom_01e3ee0ac905e396feaf2334,REFIT_103202,R4_ALT_CEM_2,H_POLICY,FRESH_PAIRED_CONTROL,1,False,,d345c6b9d96d917da675a7a16efa1f2ebfed0f069e4493bd35ab7159091ea5a3,
R8_tworoom_01e3ee0ac905e396feaf2334,REFIT_103202,R4_ALT_CEM_2,H_REAL3_REPLAN,COMPLETE,1,False,True,ebd91ac45c027819a54f465590c868a8dc4675fc8aae4295f43cf9d92bebf4b5,84433461ea641d5308c6249a97a0c8b66a6db5bcf87d1bb91dc2ad5aca5eda24
R8_tworoom_01e3ee0ac905e396feaf2334,REFIT_103203,R3_ORIGINAL,H_POLICY,FRESH_PAIRED_CONTROL,1,False,,5835869f36df8087c9d02c6547ae522559165f8af23198e300e52c61e3d9c7b9,
R8_tworoom_01e3ee0ac905e396feaf2334,REFIT_103203,R3_ORIGINAL,H_REAL3_REPLAN,COMPLETE,1,False,True,45dbbda87214bbdbfc0be5d0082472cdde1981d02760bdf507e7ba794f37410f,d669402b075f4d10d153293a2c82fc60493f0e84ac6d0507e28b038a7572fd1f
R8_tworoom_01e3ee0ac905e396feaf2334,REFIT_103203,R4_ALT_CEM_1,H_POLICY,FRESH_PAIRED_CONTROL,1,False,,a1bb896ceb40786825f8f318cd7dafd0e96c7dc872bf2dc5dd9a8e36ba283271,
R8_tworoom_01e3ee0ac905e396feaf2334,REFIT_103203,R4_ALT_CEM_1,H_REAL3_REPLAN,COMPLETE,1,False,True,86568165723d9aa4fe1251907a9abe220f52ce483edf07b4a224de022583e9ec,111dc0dc11a406c71c204516e5452d0f90c1d8d3a40a042ac81b59a444a4a360
R8_tworoom_01e3ee0ac905e396feaf2334,REFIT_103203,R4_ALT_CEM_2,H_POLICY,FRESH_PAIRED_CONTROL,1,False,,c891f4568cccbfb9252990c9aca63604de6991430daedf1d425689368f20e82d,
R8_tworoom_01e3ee0ac905e396feaf2334,REFIT_103203,R4_ALT_CEM_2,H_REAL3_REPLAN,COMPLETE,1,False,True,5eae1aac5ed6326d7ea425c2602247f3b2046394e1e882878253d92b64d33741,61e162cdf434513961d68344449c6a0f8ad222471dc00f2e487a01a7a99094c3
R8_tworoom_01e4a5589224d5a2e107c624,H0,R3_ORIGINAL,H_POLICY,FRESH_PAIRED_CONTROL,1,False,,1f0820b4c0b599d05d612458d00ed15ecaccfa8a27d3621d5dd108b71e26a609,
R8_tworoom_01e4a5589224d5a2e107c624,H0,R3_ORIGINAL,H_REAL3_REPLAN,COMPLETE,1,False,True,3b140f49b155e0b4ad63c9a304812ab7e3e643eecdedb7ca531b7eb27dd0dd12,d19a9ca597a38130decdbf9c74a5c27d3f0e84a04650307d5ed6638324d5b997
R8_tworoom_01e4a5589224d5a2e107c624,H0,R4_ALT_CEM_1,H_POLICY,FRESH_PAIRED_CONTROL,1,False,,2cfe5cbeea15b46706dff06f3c49273d28104512794c27ddeb3bba7150cb3035,
R8_tworoom_01e4a5589224d5a2e107c624,H0,R4_ALT_CEM_1,H_REAL3_REPLAN,COMPLETE,1,False,True,f5974161d7044a626fd884a452b74b1f410417d3f726ced67f200b8a17be2341,6b070d00c3da7a47caeb182a8f6e791e63235eb5e75d5bd4d17572a515eaebeb
R8_tworoom_01e4a5589224d5a2e107c624,H0,R4_ALT_CEM_2,H_POLICY,FRESH_PAIRED_CONTROL,1,False,,965190d839df05ce2ff33c523e2be20d5e2a695741ef52dd270001cd72ec4463,
R8_tworoom_01e4a5589224d5a2e107c624,H0,R4_ALT_CEM_2,H_REAL3_REPLAN,COMPLETE,1,False,True,8941b98ecc382f8be16d56c99a2f2d43b7db25e1930b493d21bd2a534e99e7c7,04c2040761d8859ee5b3ec3d4f4ed8c228bdb6d3858cfed4192ee66519d62544
R8_tworoom_01e4a5589224d5a2e107c624,REFIT_103201,R3_ORIGINAL,H_POLICY,FRESH_PAIRED_CONTROL,1,False,,d5ef3577878d61676c6efda888a9385fed4787668924426a11c76fccc3d5558f,
R8_tworoom_01e4a5589224d5a2e107c624,REFIT_103201,R3_ORIGINAL,H_REAL3_REPLAN,COMPLETE,1,False,True,91a2f8778beb321ee27635deaaa81f1f6d34a547e76689ac45bde6c1e99b5ac2,f083a82ab2ef5760baed1f4290785116c68a4db4af974b055928f2db5e8367d8
R8_tworoom_01e4a5589224d5a2e107c624,REFIT_103201,R4_ALT_CEM_1,H_POLICY,FRESH_PAIRED_CONTROL,1,False,,0452c198f2bcde8840e43ffa21489a5eadac7b169fe7e9d45da4e8fee370f72f,
R8_tworoom_01e4a5589224d5a2e107c624,REFIT_103201,R4_ALT_CEM_1,H_REAL3_REPLAN,COMPLETE,1,False,True,e5a6df699b9904b26e1b284b69643966a8d6e93e37c3a7b70f53a66cd7ba71ab,24f2f2e81718e95d9c65571da840eea3cad43beeb82b6fa61b3844a7bb058f33
R8_tworoom_01e4a5589224d5a2e107c624,REFIT_103201,R4_ALT_CEM_2,H_POLICY,FRESH_PAIRED_CONTROL,1,False,,a6aab726c851cbf5dbc5d3df8959c63d3a7fa00fb40b155eabb64eba443a56de,
R8_tworoom_01e4a5589224d5a2e107c624,REFIT_103201,R4_ALT_CEM_2,H_REAL3_REPLAN,COMPLETE,1,False,True,583dd7e0538d8c8d98910c1cc898ba30a137b94fa0a69553046f40d91dc5cca4,7f56df6977d4952ceeac27efbc26b64750f64970f278f172d6357b0b27acc5d3
R8_tworoom_01e4a5589224d5a2e107c624,REFIT_103202,R3_ORIGINAL,H_POLICY,FRESH_PAIRED_CONTROL,1,False,,98fb999898290770927e49312ca7f460853618f262d243b6ad103543d1c3d0c8,
R8_tworoom_01e4a5589224d5a2e107c624,REFIT_103202,R3_ORIGINAL,H_REAL3_REPLAN,COMPLETE,1,False,True,fb9ae4b1b457cdc23cf0bbede4727a5d83172afacc6c8d2907a2078ad9b8743c,507f85ef3514dce40e3ce96ef6f371a6217d7455117cde2e1f7205702a63f6e2
R8_tworoom_01e4a5589224d5a2e107c624,REFIT_103202,R4_ALT_CEM_1,H_POLICY,FRESH_PAIRED_CONTROL,1,False,,35d11d6c6f62e17cf4ca566cc5e2c8092864496cf344e1893db1d822237efb92,
R8_tworoom_01e4a5589224d5a2e107c624,REFIT_103202,R4_ALT_CEM_1,H_REAL3_REPLAN,COMPLETE,1,False,True,58acabc02bed806c1318fa500eb85933c5a3e12c4efa5187ba16841cc3db3bd6,c8db6b68b8c24c6ba0c92e032e7f0b821b3394318061be603820fc7674a338c3
R8_tworoom_01e4a5589224d5a2e107c624,REFIT_103202,R4_ALT_CEM_2,H_POLICY,FRESH_PAIRED_CONTROL,1,False,,a701f0c9e4857533eb7436be03ab0ba2dee42b4c3969fd9d8a858358a8bdaff4,
R8_tworoom_01e4a5589224d5a2e107c624,REFIT_103202,R4_ALT_CEM_2,H_REAL3_REPLAN,COMPLETE,1,False,True,ee2f15181a19b51faa484baa68428e3e38ab0042944db122cc9202c5b4681f33,6b30b85254a48aec0ef6c841f338da8d70a08294a5900810cf53141dbf6f31de
R8_tworoom_01e4a5589224d5a2e107c624,REFIT_103203,R3_ORIGINAL,H_POLICY,FRESH_PAIRED_CONTROL,1,False,,a20b7ce4f7a586638ef4c7bd0d23f8915cf34cae98cbb76c9547f68a1ee23124,
R8_tworoom_01e4a5589224d5a2e107c624,REFIT_103203,R3_ORIGINAL,H_REAL3_REPLAN,COMPLETE,1,False,True,c6f64a6f8d73202b98c41b14bd18b3c98831672ae6f15c7810bafedf5fda3557,d02a18e8154f2228cbe300a0c2d4c6fc07aab20e4510d6163493e7e16ba52cfa
R8_tworoom_01e4a5589224d5a2e107c624,REFIT_103203,R4_ALT_CEM_1,H_POLICY,FRESH_PAIRED_CONTROL,1,False,,d44fc42412b6a1861d8b1c023ca2ebb015263748bc942c4bb34168122654d3fb,
R8_tworoom_01e4a5589224d5a2e107c624,REFIT_103203,R4_ALT_CEM_1,H_REAL3_REPLAN,COMPLETE,1,False,True,528d95e60bc6ec21e42191a2d4f725f33d36c9bd91026f8aee4bcd513ff32d78,f94807d511baf40b8742a6ee244a3e740e535a8f536322c593878045dd0661f8
R8_tworoom_01e4a5589224d5a2e107c624,REFIT_103203,R4_ALT_CEM_2,H_POLICY,FRESH_PAIRED_CONTROL,1,False,,88638635844d0fcd0d963eb87a1d0575cbd6bd51c3ba0bb29794d1b7331b594f,
R8_tworoom_01e4a5589224d5a2e107c624,REFIT_103203,R4_ALT_CEM_2,H_REAL3_REPLAN,COMPLETE,1,False,True,c49fb6b3922acdefa8f8f5b26532791efb1cd7f952e381109cf988acd4a1d1c6,3c3cc7aa490621089453c9e7cf0d24ae633c9d01520f36f735e102ea2e7d1f17
R8_tworoom_01e8cd45d1ad84576e58b248,H0,R3_ORIGINAL,H_POLICY,FRESH_PAIRED_CONTROL,0,True,,a519483c5513c63d795beea67e4436066541c49a0379f6f7ff2e1f61cfb80a68,
R8_tworoom_01e8cd45d1ad84576e58b248,H0,R3_ORIGINAL,H_REAL3_REPLAN,COMPLETE,0,True,True,2fccabbff12486958d08404931d6dc1c16e12d529ae3ddf539d5096c482ef1c5,504684195a8e6f4ea0c519716b635c5bafdbd0e4f5cf2126dff6b0a6163ad3d9
R8_tworoom_01e8cd45d1ad84576e58b248,H0,R4_ALT_CEM_1,H_POLICY,FRESH_PAIRED_CONTROL,0,True,,2d564f0f459f283f46f0506cbe5001e09fb8d75a161c312c6bea38f48e7b151b,
R8_tworoom_01e8cd45d1ad84576e58b248,H0,R4_ALT_CEM_1,H_REAL3_REPLAN,COMPLETE,0,True,True,a491ad0e1cd941830c7c9cf5fbd66d83565fe4e2bdec36faec139850007325eb,9b7083f369a1c4cda922d59f7fb48f738dfeff1add4663059bfcd5997e3c741f
R8_tworoom_01e8cd45d1ad84576e58b248,H0,R4_ALT_CEM_2,H_POLICY,FRESH_PAIRED_CONTROL,0,True,,bd27097c34a6f8d16b33dcc516b0152274cd88f25d2a48b8b1ee4917a9684783,
R8_tworoom_01e8cd45d1ad84576e58b248,H0,R4_ALT_CEM_2,H_REAL3_REPLAN,COMPLETE,0,True,True,a258735f0d7659fb8b110f5e3c9e3410c1874efe8f69b74347ba194f789c2366,59380583544c65d93f0300e9f7778499c6cf08b0739b237edb079665ebc45083
R8_tworoom_01e8cd45d1ad84576e58b248,REFIT_103201,R3_ORIGINAL,H_POLICY,FRESH_PAIRED_CONTROL,0,True,,5074f5ea53834655fc77e2658c29334bc67ac60cd640f34670a3572a0a3973a3,
R8_tworoom_01e8cd45d1ad84576e58b248,REFIT_103201,R3_ORIGINAL,H_REAL3_REPLAN,COMPLETE,0,True,True,43d6479e7c30ae3f64f55dc64336d01c23f28f1e3c38804c7908f44fcb7a0a68,ffb1e72a385da7515a031b7ff0b9f6ae8785e369305fa7dd9bbac6985a66a443
R8_tworoom_01e8cd45d1ad84576e58b248,REFIT_103201,R4_ALT_CEM_1,H_POLICY,FRESH_PAIRED_CONTROL,0,True,,6531fee7ba8d1f98b080ee7571345f8c6bc9ff6a40da7a553ef1f5aa24cb0c66,
R8_tworoom_01e8cd45d1ad84576e58b248,REFIT_103201,R4_ALT_CEM_1,H_REAL3_REPLAN,COMPLETE,0,True,True,d92b5b84bd2811f8f563c2a1c57efab81f8e51c1290d4b3a200349d75ceade7d,12899c047e8720d1b67e69a2712bac1a22cf249437614f3edfb0507141d7e7ad
R8_tworoom_01e8cd45d1ad84576e58b248,REFIT_103201,R4_ALT_CEM_2,H_POLICY,FRESH_PAIRED_CONTROL,0,True,,e01238a96a6f1bbd133b1cea344255fc402ee6dd21fa96319880406c2da4e786,
R8_tworoom_01e8cd45d1ad84576e58b248,REFIT_103201,R4_ALT_CEM_2,H_REAL3_REPLAN,COMPLETE,0,True,True,3927d6e8c2216f5cb2dc82f6c3e3dd6902faf9f6e477dc6e661e1be181b424d6,839c0e5ec9b7cbb37b887fc8a07c2080b5d1450c29d622979a932a0f68f98e24
R8_tworoom_01e8cd45d1ad84576e58b248,REFIT_103202,R3_ORIGINAL,H_POLICY,FRESH_PAIRED_CONTROL,0,True,,fb7662c758c8f1965d60ca672ba2d0ab3ffbb5ddf9497e17a00a027bf7016f0b,
R8_tworoom_01e8cd45d1ad84576e58b248,REFIT_103202,R3_ORIGINAL,H_REAL3_REPLAN,COMPLETE,0,True,True,387fc0162b799a15cde554fdd27bce4490759d81442dd148ad7014be165c7eb8,923efccbd0b737d083f8477c0de755580bd4ecc1c59f6483029d7b080328f6d9
R8_tworoom_01e8cd45d1ad84576e58b248,REFIT_103202,R4_ALT_CEM_1,H_POLICY,FRESH_PAIRED_CONTROL,0,True,,45766fae8cbe7d4a9aad3216157e979d7270339b8630494835c08f50607732af,
R8_tworoom_01e8cd45d1ad84576e58b248,REFIT_103202,R4_ALT_CEM_1,H_REAL3_REPLAN,COMPLETE,0,True,True,1e97e48951e35091c7d1c5601e09435a4f2070a89f17c2c11a44306a60f7a6e4,80dcf4542572fd6fe9b3551ffdfc3f9a38689f6a2529ca83bb5303db104488fc
R8_tworoom_01e8cd45d1ad84576e58b248,REFIT_103202,R4_ALT_CEM_2,H_POLICY,FRESH_PAIRED_CONTROL,0,True,,7ec787f630fcc32bdbea2ee31beb7eb0d5f203c7bd16e639f3d5e51d93963e7c,
R8_tworoom_01e8cd45d1ad84576e58b248,REFIT_103202,R4_ALT_CEM_2,H_REAL3_REPLAN,COMPLETE,0,True,True,2068362f29f857390e5cd5ad3761b509b7256f9561ab143fd83e3389ac5f786e,f567ae6ece9bffa305b0c4c541e1cea81632486c01846a7c3154b829a9f6b176
R8_tworoom_01e8cd45d1ad84576e58b248,REFIT_103203,R3_ORIGINAL,H_POLICY,FRESH_PAIRED_CONTROL,0,True,,0d827977430b8991f81fc648af0a87c9c469fc311d7c1b1f4b4e1a6b263d9601,
R8_tworoom_01e8cd45d1ad84576e58b248,REFIT_103203,R3_ORIGINAL,H_REAL3_REPLAN,COMPLETE,0,True,True,951243fa038d329d6accf89dcfd7dfc8b880fb85ade8a57d3ce2f1b2ee7a8024,1f2262a07b001b7f96023304f6cf0f051718760a949810616ea511ea5cf3dbfd
R8_tworoom_01e8cd45d1ad84576e58b248,REFIT_103203,R4_ALT_CEM_1,H_POLICY,FRESH_PAIRED_CONTROL,0,True,,af4aab54f92803acd18ca71aafc7396760ae4cd6a7800d3cf74c0868979910e1,
R8_tworoom_01e8cd45d1ad84576e58b248,REFIT_103203,R4_ALT_CEM_1,H_REAL3_REPLAN,COMPLETE,0,True,True,85832830702b31bc5082d312a322d73b2fd455f8c2ba3df149b93360dfb7b1be,c943c53dab2cae43c8c6abac562353c5d5688839c89e4e053e640e2bb6aeb034
R8_tworoom_01e8cd45d1ad84576e58b248,REFIT_103203,R4_ALT_CEM_2,H_POLICY,FRESH_PAIRED_CONTROL,0,True,,9de5d03356f2c13ab43891ad6728b3b9947fd83a3404176e7158cb33eeb04843,
R8_tworoom_01e8cd45d1ad84576e58b248,REFIT_103203,R4_ALT_CEM_2,H_REAL3_REPLAN,COMPLETE,0,True,True,53dff9e0ea5a6dbd47b79e6c80818bc5239a77bbb0cc3ec08b9f6f8e72ca8049,8aa2cde3d36e0e7a87520fbe0bedc31e0bc78fc47637d567421ab193a03bbb1b
R8_tworoom_01ff035cef2e8239ddc76266,H0,R3_ORIGINAL,H_POLICY,FRESH_PAIRED_CONTROL,1,False,,6aa58f4b6fa3278939816b279280fcf61c9bac58dda9da1647afdf8976153c27,
R8_tworoom_01ff035cef2e8239ddc76266,H0,R3_ORIGINAL,H_REAL3_REPLAN,COMPLETE,1,False,True,7ed154eba17affa120d2e3542942bddaf3ff0b1fec44b7db8798fd2af815db35,c74076335fda9d605368af417eb86522f0f4a107550ce27678b7c252eb330889
R8_tworoom_01ff035cef2e8239ddc76266,H0,R4_ALT_CEM_1,H_POLICY,FRESH_PAIRED_CONTROL,1,False,,3d7e0193dd24eb95bbdc919af3b09b120a6f08e5334b47b09f0cc19d23a9178f,
R8_tworoom_01ff035cef2e8239ddc76266,H0,R4_ALT_CEM_1,H_REAL3_REPLAN,COMPLETE,1,False,True,2ead9f2b876fcd9c86bbf16ca4fc1c46c117ec61e7a431715e5200e6f9e0ff03,af6ea8fce0714ca663108d6b18167858ae62b1c07c03bebddfc669b5318aab7a
R8_tworoom_01ff035cef2e8239ddc76266,H0,R4_ALT_CEM_2,H_POLICY,FRESH_PAIRED_CONTROL,1,False,,5530a26b49f29eb99b82da5e0a1dda56f456be05e41a2fd1dc028b08060c4f6e,
R8_tworoom_01ff035cef2e8239ddc76266,H0,R4_ALT_CEM_2,H_REAL3_REPLAN,COMPLETE,1,False,True,81c88f665a5f18c7aa04680d1db01679e135e01d53b55823e843e33b856ed592,120897d0d36e4934f2e426a4aa089c3c20318a17538570d4646907f0614ee151
R8_tworoom_01ff035cef2e8239ddc76266,REFIT_103201,R3_ORIGINAL,H_POLICY,FRESH_PAIRED_CONTROL,1,False,,39a487d80548ca1bf890ff296ce3f40f988f0ec9374315b33490d38deb0ec026,
R8_tworoom_01ff035cef2e8239ddc76266,REFIT_103201,R3_ORIGINAL,H_REAL3_REPLAN,COMPLETE,1,False,True,d01435f5178d8cf5e41816937038d610b0da5612b521b15748862ce40c3a0947,162ff74bba9a7570e2e3e5521bc1c463add0dd70987932f0e51893f3bd670421
R8_tworoom_01ff035cef2e8239ddc76266,REFIT_103201,R4_ALT_CEM_1,H_POLICY,FRESH_PAIRED_CONTROL,1,False,,e3f2988c3a0124a2b98cebbdeca8b45b1530e79d418a3f0b33b61b9bb4ea3733,
R8_tworoom_01ff035cef2e8239ddc76266,REFIT_103201,R4_ALT_CEM_1,H_REAL3_REPLAN,COMPLETE,1,False,True,8bfbfb8d4b7af308c58084f005fe814e908777c72e75f5f293268f449dd8c7d2,1283724dde2850cf55f7625c9bf614249d1226121c7ed51c95dbd33fe06c3068
R8_tworoom_01ff035cef2e8239ddc76266,REFIT_103201,R4_ALT_CEM_2,H_POLICY,FRESH_PAIRED_CONTROL,1,False,,cfa1cd8408bf2f278e3912a19d740d5ac76c1adacfd90461f745456fdce3c6bd,
R8_tworoom_01ff035cef2e8239ddc76266,REFIT_103201,R4_ALT_CEM_2,H_REAL3_REPLAN,COMPLETE,1,False,True,b7312e42d47d6b31712a80d62fb4af7ed55f7f853d3db38e006445f241ec9414,eddb9b92aad7a1e7bcc88ca8fe09298710a8da3457a357a78efb4e6d84179c99
R8_tworoom_01ff035cef2e8239ddc76266,REFIT_103202,R3_ORIGINAL,H_POLICY,FRESH_PAIRED_CONTROL,1,False,,19a5c33d4fb819e6fc33ae6a9e60f608ed27497a5bb8e3774e5d8d7935eb3ccb,
R8_tworoom_01ff035cef2e8239ddc76266,REFIT_103202,R3_ORIGINAL,H_REAL3_REPLAN,COMPLETE,1,False,True,7bdc7136cf8ff38c5b7a9c19de4242eac8435656fe2e1a7c8d7a6f9cf0f107bf,1171c75233d75730b8fbf6512d409defc9e2cbf19ac6981a0c2ae33ee4cbdcbe
R8_tworoom_01ff035cef2e8239ddc76266,REFIT_103202,R4_ALT_CEM_1,H_POLICY,FRESH_PAIRED_CONTROL,1,False,,4ee0c03a978174173d050a46806d7061dc656793a53e357cd7f0b3fca6c6919d,
R8_tworoom_01ff035cef2e8239ddc76266,REFIT_103202,R4_ALT_CEM_1,H_REAL3_REPLAN,COMPLETE,1,False,True,66fe467bff58a415da3157e49882f43985c16957b719dcb4ab3b178974dfb6fc,87c2b66ffa157be227dc938e9108141a8cb7bca669f4f5d0115d62225a0485c9
R8_tworoom_01ff035cef2e8239ddc76266,REFIT_103202,R4_ALT_CEM_2,H_POLICY,FRESH_PAIRED_CONTROL,1,False,,75d2861de1681e3a82b2c80cfdee905c1429b1095b4a350aed6c016e368679be,
R8_tworoom_01ff035cef2e8239ddc76266,REFIT_103202,R4_ALT_CEM_2,H_REAL3_REPLAN,COMPLETE,1,False,True,d6911d28909e05b9bbee72d651b264c5f88359ada5d8a3276a472f5e8595c903,c7ffdafd16c7a532851f9edf53282cf0b2d65db176fe62aed463257056a8cc2c
R8_tworoom_01ff035cef2e8239ddc76266,REFIT_103203,R3_ORIGINAL,H_POLICY,FRESH_PAIRED_CONTROL,1,False,,b89fe6d1a33d6b285165e0cfb9bae8b9e25e2461e414510f39b42a73afb57d5d,
R8_tworoom_01ff035cef2e8239ddc76266,REFIT_103203,R3_ORIGINAL,H_REAL3_REPLAN,COMPLETE,1,False,True,bef8f22f044bcb6b613f436e58d77d374c35046a7d807673209eec392158ec59,5c0952610a205a36cfb04720fa5585300f7dc2e6048370cb64f8f7074444d64f
R8_tworoom_01ff035cef2e8239ddc76266,REFIT_103203,R4_ALT_CEM_1,H_POLICY,FRESH_PAIRED_CONTROL,1,True,,59cac78a74c3a4f85556ed33e2c97ba5a2e909a84193c283bcaa5e8ab988ff55,
R8_tworoom_01ff035cef2e8239ddc76266,REFIT_103203,R4_ALT_CEM_1,H_REAL3_REPLAN,COMPLETE,0,True,True,82ced9fae032311f29c95d146c77da10e62d72f02934d87c4427d7b6aebb3801,e4d5ca5e514f808ef16ef2572eedb918c400ddf867d24f69fcf1ec94628f4dbc
R8_tworoom_01ff035cef2e8239ddc76266,REFIT_103203,R4_ALT_CEM_2,H_POLICY,FRESH_PAIRED_CONTROL,1,False,,b6bf85019b8923f060a03a6788c1af979fea117cd4e0be3a8a9d7b1efc241e6a,
R8_tworoom_01ff035cef2e8239ddc76266,REFIT_103203,R4_ALT_CEM_2,H_REAL3_REPLAN,COMPLETE,1,False,True,3ecb7fdbc9b80fe5275a558fb0ac24c3184de0c9eb7d99f02b71ad6d87de29fe,6c49ba72c9182b299bed4325e86159b0734b054d79fe79a1084eb7c634003e65
R8_tworoom_02263f4317267b20880e541d,H0,R3_ORIGINAL,H_POLICY,FRESH_PAIRED_CONTROL,1,False,,fc903d7100618bc31e0eb4de1ac2b44b87b0c8b4dffafdbb30d541197fde937f,
R8_tworoom_02263f4317267b20880e541d,H0,R3_ORIGINAL,H_REAL3_REPLAN,COMPLETE,1,False,True,f8a212eb3cbab5d435b383890ec91db066b3122ba4eb5c0a97c009864b854dbf,225438e83066bc70d450592ce8d61e8d5bd6d7d457cc2e4851b2d4869d15e93b
R8_tworoom_02263f4317267b20880e541d,H0,R4_ALT_CEM_1,H_POLICY,FRESH_PAIRED_CONTROL,1,False,,1b44eaaec321481b7206f7f5d4d3442bccade010ca9d9d696b75515b8ce9aab6,
R8_tworoom_02263f4317267b20880e541d,H0,R4_ALT_CEM_1,H_REAL3_REPLAN,COMPLETE,1,False,True,584f1e28598f857124fa3f5bb7e3ed9395289c3daddfdf47c183e6fdbfdaf75d,cbd1f51951a513f7e9f25fff94bacb385056e48c0415f4a5fde134066b285ada
R8_tworoom_02263f4317267b20880e541d,H0,R4_ALT_CEM_2,H_POLICY,FRESH_PAIRED_CONTROL,1,True,,f62a01c1cd23ef78f6bb9711b180e38b2cbef1feee140c723dbafbc690402476,
R8_tworoom_02263f4317267b20880e541d,H0,R4_ALT_CEM_2,H_REAL3_REPLAN,COMPLETE,1,True,True,2a75e9bc5b2369070bc4c5fa9385f7e0f76728495f47cecb3fc1d89bcbe21870,7d11be3e809f5513f2e3c34d34599c41388fce0d2d0dcf84ad6e602beaa84039
R8_tworoom_02263f4317267b20880e541d,REFIT_103201,R3_ORIGINAL,H_POLICY,FRESH_PAIRED_CONTROL,1,False,,94bc3009a20b29f0a0e3bf5454492dc2d609b8a303bc28369a762e164040f3bc,
R8_tworoom_02263f4317267b20880e541d,REFIT_103201,R3_ORIGINAL,H_REAL3_REPLAN,COMPLETE,1,False,True,a635c7745c87e67131f7488449b7e7530f8a086c9028dfcc2c88cb2ccf14c1e7,9bf7f6b86c694f699180bbf10198dec67d62cc0742300af3cec150745f9a82a0
R8_tworoom_02263f4317267b20880e541d,REFIT_103201,R4_ALT_CEM_1,H_POLICY,FRESH_PAIRED_CONTROL,1,False,,06a2d5721738c34ab381064835a8426734a8a054535622c3f420cf18b0817d87,
R8_tworoom_02263f4317267b20880e541d,REFIT_103201,R4_ALT_CEM_1,H_REAL3_REPLAN,COMPLETE,1,False,True,733616456ce54372ed45e494ec4b885ebaf202733284e80c1403af00731e5ca0,933429f20d708f8914fac745291e95e5f4d3cbfc373b431ffb3e78d817ed55c8
R8_tworoom_02263f4317267b20880e541d,REFIT_103201,R4_ALT_CEM_2,H_POLICY,FRESH_PAIRED_CONTROL,1,False,,5ea5b85a02e77eb09ea8ae43dc41b728b543c93af0d3cf9bdf970f5ba253a156,
R8_tworoom_02263f4317267b20880e541d,REFIT_103201,R4_ALT_CEM_2,H_REAL3_REPLAN,COMPLETE,1,False,True,073da5443b0942208abb49f3178dab2b65509892527dd736ed32740f9a83d6b3,04d9a7e9f9f667f95e803417090ffc1a79e8ce73fa6c096b1e3e0323c636b48c
R8_tworoom_02263f4317267b20880e541d,REFIT_103202,R3_ORIGINAL,H_POLICY,FRESH_PAIRED_CONTROL,1,False,,f6e08f4d397e9b0dfefb2d5151209a227e56db99276d1556a75ebf139e1394cd,
R8_tworoom_02263f4317267b20880e541d,REFIT_103202,R3_ORIGINAL,H_REAL3_REPLAN,COMPLETE,1,False,True,fb34ab16e69b6bdf18f81bc3de99c7ada1cbbf20b31631bc958b7269260681a7,138d64fe368c867f1aacf991adce09cd240d05ab4bb671a929782f6bf414539e
R8_tworoom_02263f4317267b20880e541d,REFIT_103202,R4_ALT_CEM_1,H_POLICY,FRESH_PAIRED_CONTROL,1,False,,00546de189c64334888f7e85f58823044fa110de1e3443fabb6a1df277f04333,
R8_tworoom_02263f4317267b20880e541d,REFIT_103202,R4_ALT_CEM_1,H_REAL3_REPLAN,COMPLETE,1,False,True,a43cd9113f96266aa2536cdc0df532a03981b60b30510d89159636149b2b3055,cd17c46458c9c8147f02487f7391d5420b08b4627a571d1790bc5cee336f63ac
R8_tworoom_02263f4317267b20880e541d,REFIT_103202,R4_ALT_CEM_2,H_POLICY,FRESH_PAIRED_CONTROL,1,False,,7ffd700a359143924d8d515f461e14fe2473e5d30f17af2f20d087dfa05128b2,
R8_tworoom_02263f4317267b20880e541d,REFIT_103202,R4_ALT_CEM_2,H_REAL3_REPLAN,COMPLETE,1,False,True,0c5baaecc15a02db0fe2995ed2e9f62c8b232f3626958c5f45ce1de21107cb4a,b29fee22a75f0f63741c5b69a229cebc1088d423bd7b62e4ae13709ae00058ee
R8_tworoom_02263f4317267b20880e541d,REFIT_103203,R3_ORIGINAL,H_POLICY,FRESH_PAIRED_CONTROL,1,True,,8dd067ec16bd62e584fd5e35ba0c78f9bdc9cc6f4a2d5b593792d3d4428dfb70,
R8_tworoom_02263f4317267b20880e541d,REFIT_103203,R3_ORIGINAL,H_REAL3_REPLAN,COMPLETE,1,True,True,caff43531f4c6c717e2af949b352cfa194a79c00f3e7c4cce614c56ab9392f25,e36145f151c81297261a0bf23a679aac4d6dfb54a95f6fac97d8b4c0c8022e3b
R8_tworoom_02263f4317267b20880e541d,REFIT_103203,R4_ALT_CEM_1,H_POLICY,FRESH_PAIRED_CONTROL,1,False,,706c3ea156b4767c960a77b8f9911e7c04a5d4bdb255c3d6b969edcd5c964b74,
R8_tworoom_02263f4317267b20880e541d,REFIT_103203,R4_ALT_CEM_1,H_REAL3_REPLAN,COMPLETE,1,False,True,a6e2164b4aeacfac6cb498022c4b60d7c0f1460bae810c00550c9c6bb650aed5,4f80248bda02dc323a579f191f935c2952e11d1b2d5f7b32633f042779c6656f
R8_tworoom_02263f4317267b20880e541d,REFIT_103203,R4_ALT_CEM_2,H_POLICY,FRESH_PAIRED_CONTROL,1,False,,33fecdd45db1bd66b43d3f8fb156bedf1f070cafdc661254d9475ee973f2e383,
R8_tworoom_02263f4317267b20880e541d,REFIT_103203,R4_ALT_CEM_2,H_REAL3_REPLAN,COMPLETE,1,False,True,8211698444ac367eee20f5d22ca0334ac6af3428e1fa1793a234f2b8c22157e2,476717f56c9c01ff2bd1e0529d3d34810a21c9be1aa3b8a9e255d16935e3404a
R8_tworoom_023f7ed8e2a657f21a31d693,H0,R3_ORIGINAL,H_POLICY,FRESH_PAIRED_CONTROL,1,False,,4bcdb40eaea0f0751d53649499bafbe6a28857277ee7bf7e8798d1efd4e17647,
R8_tworoom_023f7ed8e2a657f21a31d693,H0,R3_ORIGINAL,H_REAL3_REPLAN,COMPLETE,1,False,True,415cd22c370531ad120a2e37b9ee274ce479300db233f0f60b8d3df91e7c86ae,adda3ef9a204a64947f641acaeb9b80d93e6d99af36ee390a4fe885a67f4473b
R8_tworoom_023f7ed8e2a657f21a31d693,H0,R4_ALT_CEM_1,H_POLICY,FRESH_PAIRED_CONTROL,1,False,,b26f834ceff7c5f1514acdef979005e33b25f1d357526c323d03b579905125a4,
R8_tworoom_023f7ed8e2a657f21a31d693,H0,R4_ALT_CEM_1,H_REAL3_REPLAN,COMPLETE,1,False,True,45b9a73cff28b02298775e40365e9001f870aab8789a8da64269a389e1cd588f,052e57653c6b8ac2657c88d18fd79cacc30a5702c4c285260fe11b1d344f699a
R8_tworoom_023f7ed8e2a657f21a31d693,H0,R4_ALT_CEM_2,H_POLICY,FRESH_PAIRED_CONTROL,1,False,,9d6bdb60cf67356ad1a4c6a8c1b8b60f805b6150c6c77efb231ffb7118aec454,
R8_tworoom_023f7ed8e2a657f21a31d693,H0,R4_ALT_CEM_2,H_REAL3_REPLAN,COMPLETE,1,False,True,6ae325e5c107295cbfce3776cdc87dc3b6de0ac86996aed18e5f0876b8549135,4dd80ad2bdb12f11abe25ac931d676ec9188115ce15bb742883c24b314323762
R8_tworoom_023f7ed8e2a657f21a31d693,REFIT_103201,R3_ORIGINAL,H_POLICY,FRESH_PAIRED_CONTROL,1,False,,fab90cc2ff9fdde53ed5d68aaa7adc33c14f7b2f1b17d78bb88b69f9dbe42574,
R8_tworoom_023f7ed8e2a657f21a31d693,REFIT_103201,R3_ORIGINAL,H_REAL3_REPLAN,COMPLETE,1,False,True,e63d4f20924eb7112557076b9eb4333608ee28c6652234a18188ca64e3a265e2,8d0b5ff3811a2500bf8f0d91b677fcad5713d7a728ceb992f05a7bfbb4b676f8
R8_tworoom_023f7ed8e2a657f21a31d693,REFIT_103201,R4_ALT_CEM_1,H_POLICY,FRESH_PAIRED_CONTROL,1,False,,b44b35f5ca52d229b1b72eca5f44585ace158a5555cc7578c9bd763bee277738,
R8_tworoom_023f7ed8e2a657f21a31d693,REFIT_103201,R4_ALT_CEM_1,H_REAL3_REPLAN,COMPLETE,1,False,True,d62d1ad6d90d0d74bb8a64a129e8ec023dfab49bee419eb1fd533720fb210060,775f3e1af4e561eb4e0ca1d5a500b6c9ec61c820b39e4eff393bab05dfd4f285
R8_tworoom_023f7ed8e2a657f21a31d693,REFIT_103201,R4_ALT_CEM_2,H_POLICY,FRESH_PAIRED_CONTROL,1,False,,55b4c1881a2d5619033f6b00bf74b3ae5404de8a4b6f0e9735667518c0ff7c68,
R8_tworoom_023f7ed8e2a657f21a31d693,REFIT_103201,R4_ALT_CEM_2,H_REAL3_REPLAN,COMPLETE,1,False,True,41d3a7d41b6d820744d733d4704a5d95c8c723622ccbc03584df87f808ff2425,8c9875c2ec186387d70425f8f766ed299960f0239741d784b5849265e0e21f2c
R8_tworoom_023f7ed8e2a657f21a31d693,REFIT_103202,R3_ORIGINAL,H_POLICY,FRESH_PAIRED_CONTROL,1,False,,e40ed9586e9058bfca9c2d4187ee8274aaa69dce73c4d7675155fee64a0f3e1d,
R8_tworoom_023f7ed8e2a657f21a31d693,REFIT_103202,R3_ORIGINAL,H_REAL3_REPLAN,COMPLETE,1,False,True,3e106e9062652b9d91fae63f5d838dc4fca4e7caf14bb44de8451c6fe78f0855,d3bb8a42e811c0e7964bb1e30b9695dce8247e18181597ad942845833299bbea
R8_tworoom_023f7ed8e2a657f21a31d693,REFIT_103202,R4_ALT_CEM_1,H_POLICY,FRESH_PAIRED_CONTROL,1,False,,e0eb1a9c2ec8fb6a907a052cf1233a3793b422f874560487a6204134fbab8089,
R8_tworoom_023f7ed8e2a657f21a31d693,REFIT_103202,R4_ALT_CEM_1,H_REAL3_REPLAN,COMPLETE,1,False,True,94f7d821304e83a516b3e2a553af3e3692c676a946e08eff984bf4d29f4eafcc,fe0ab88fc7eada516f785f78fd27e90c89cd38ee0787bb4edf684b7ca93e61a4
R8_tworoom_023f7ed8e2a657f21a31d693,REFIT_103202,R4_ALT_CEM_2,H_POLICY,FRESH_PAIRED_CONTROL,1,False,,061dae9eb52975b7569e1a2c204f159649e174c65c695c5c46edf7ef194b8c01,
R8_tworoom_023f7ed8e2a657f21a31d693,REFIT_103202,R4_ALT_CEM_2,H_REAL3_REPLAN,COMPLETE,1,False,True,9f2aa39488a404871c6215d24a8fdbf0f70d9fa1dd704f51421744064aa65ec4,aeecf83e6db2be545157e19a85e80fe1c170927a0999facf93dda9ef9541840c
R8_tworoom_023f7ed8e2a657f21a31d693,REFIT_103203,R3_ORIGINAL,H_POLICY,FRESH_PAIRED_CONTROL,1,False,,952c39589334e276838fb1b143b7fa6550510600c6a426a49ede78f5b83ff35a,
R8_tworoom_023f7ed8e2a657f21a31d693,REFIT_103203,R3_ORIGINAL,H_REAL3_REPLAN,COMPLETE,1,False,True,2be80438923f562c5554111c35cf9e2c325d33b08238e84f8377a871693e86f7,be6ada864fccbdf6df2d51d270ff4cc157f1688b95f01469df069c42a936e3c4
R8_tworoom_023f7ed8e2a657f21a31d693,REFIT_103203,R4_ALT_CEM_1,H_POLICY,FRESH_PAIRED_CONTROL,1,False,,3907c70499c8244254058a7dfcfedba12693cdb4810532c3267a9b46bd4e5a1a,
R8_tworoom_023f7ed8e2a657f21a31d693,REFIT_103203,R4_ALT_CEM_1,H_REAL3_REPLAN,COMPLETE,1,False,True,590ef687f0e537eb48354d980405729b463eaec810f30d6383d6f4a5587c7117,2be4f34ea1139d8d4e78ab81a20073795c4ad0891eeaba302af71d2f1eaeb4b3
R8_tworoom_023f7ed8e2a657f21a31d693,REFIT_103203,R4_ALT_CEM_2,H_POLICY,FRESH_PAIRED_CONTROL,1,False,,31547ae1af5b8fc7acea8a059f2a6c50b75eb6fd86ac9ee38d419e5bdf521623,
R8_tworoom_023f7ed8e2a657f21a31d693,REFIT_103203,R4_ALT_CEM_2,H_REAL3_REPLAN,COMPLETE,1,False,True,06df5afb6b6132da9d68282350763b93ef6f2d0a7427f629dd4a58987784b6fa,5e31af1931a03227e5ff8bb2c0b64e8cae88782f34edb28b259b7b075c18a3c7
R8_tworoom_0242e4f12dfac63f79ddbe09,H0,R3_ORIGINAL,H_POLICY,FRESH_PAIRED_CONTROL,0,True,,15d21b64789fe33dd2f5c222b7ff3fab8110c42e359e9719c86743558728593c,
R8_tworoom_0242e4f12dfac63f79ddbe09,H0,R3_ORIGINAL,H_REAL3_REPLAN,COMPLETE,0,True,True,78e7081be9f0a8edc91d148b9df037b7cb791ff35be3208fa2fed79f18044365,29fb5687614ef3d21b79e84a4bc727136195f68d42eab0b91f9add25e0ac9076
R8_tworoom_0242e4f12dfac63f79ddbe09,H0,R4_ALT_CEM_1,H_POLICY,FRESH_PAIRED_CONTROL,0,True,,c692d5ac8c55a7dad23e59179b73b461303556c2a9ce6ffac8722832e4056514,
R8_tworoom_0242e4f12dfac63f79ddbe09,H0,R4_ALT_CEM_1,H_REAL3_REPLAN,COMPLETE,0,True,True,d9d0aa6b51d347923a7f9c8dd377dd75104d160337e6865c608c64dbbf73d537,e634931272fd966ee3a310f0e60ace316f0d5f3bf2292349fe7e07b7825440f2
R8_tworoom_0242e4f12dfac63f79ddbe09,H0,R4_ALT_CEM_2,H_POLICY,FRESH_PAIRED_CONTROL,0,True,,4f316309a2be96bb7cabce0149328733bceec2b89e2b497024e068f8faab3088,
R8_tworoom_0242e4f12dfac63f79ddbe09,H0,R4_ALT_CEM_2,H_REAL3_REPLAN,COMPLETE,0,True,True,c57d031f6bf0cb73fd111403060e27897e5685af478aa71596c4fc54ba3dc9b0,45c93f25e977fb799b0c87088690358912e84fc88ee732833c57fed24434abbb
R8_tworoom_0242e4f12dfac63f79ddbe09,REFIT_103201,R3_ORIGINAL,H_POLICY,FRESH_PAIRED_CONTROL,0,True,,061a475506acae23a05fd8c48b401777e8a8ee7ba060d745c0f0fb6f17d5a629,
R8_tworoom_0242e4f12dfac63f79ddbe09,REFIT_103201,R3_ORIGINAL,H_REAL3_REPLAN,COMPLETE,0,True,True,86c21bf33e1cb4db10fe5f888d5dabc9cc2771cecb69a06b2b86fdc947968382,022c5e77156b865e26cf0a23ba2bf1ee7138133acef031263dcedbc6fbecaaa3
R8_tworoom_0242e4f12dfac63f79ddbe09,REFIT_103201,R4_ALT_CEM_1,H_POLICY,FRESH_PAIRED_CONTROL,0,True,,b774a9d8e1167eb99f0ff5d67d14bc92d8c08892cda06292b55b9c85c37f1a05,
R8_tworoom_0242e4f12dfac63f79ddbe09,REFIT_103201,R4_ALT_CEM_1,H_REAL3_REPLAN,COMPLETE,0,True,True,68310ce23a17ec6044b3ae8fbdf41d78b0525edad3ee7588c3389f221ecc6981,d5079c95319f3e10997bf774e6ae0187cf8ff949cff0ecbfd4b33ac3d42921d3
R8_tworoom_0242e4f12dfac63f79ddbe09,REFIT_103201,R4_ALT_CEM_2,H_POLICY,FRESH_PAIRED_CONTROL,0,True,,5e746771a3d0eff80bd19d206077dad0d9b757a4570b30dcb55eade426aaa290,
R8_tworoom_0242e4f12dfac63f79ddbe09,REFIT_103201,R4_ALT_CEM_2,H_REAL3_REPLAN,COMPLETE,0,True,True,37c20ea39ebe54df37698470ec0d714ce062528837b49db1159f5f951a80db99,cd442fc5a62dae8c1c5815e7610caf7ae2fdc32f2570fe91116b8bdb06c53128
R8_tworoom_0242e4f12dfac63f79ddbe09,REFIT_103202,R3_ORIGINAL,H_POLICY,FRESH_PAIRED_CONTROL,0,True,,ef18037a7d8d5354234588c3f8a5fc5a3dbad86a9ab237a2332bc475f8e3c66a,
R8_tworoom_0242e4f12dfac63f79ddbe09,REFIT_103202,R3_ORIGINAL,H_REAL3_REPLAN,COMPLETE,0,True,True,334f096021270141293c7ae0d69226bf88c36468beb2da4aa2dab2206d796828,b7717b7d9fd8616b8442a7dec0721398c41a4197b2f57d34b484497d99dcd00e
R8_tworoom_0242e4f12dfac63f79ddbe09,REFIT_103202,R4_ALT_CEM_1,H_POLICY,FRESH_PAIRED_CONTROL,0,True,,8a3a530e0fdb5f2b38956068f3655cfeb2cf7c8c9ba0241ee3c70b512c4230f6,
R8_tworoom_0242e4f12dfac63f79ddbe09,REFIT_103202,R4_ALT_CEM_1,H_REAL3_REPLAN,COMPLETE,0,True,True,3b4d5c24fd99b6cb7ca80e41cc05a479700a53c2dae85ddcd11ac3c6a81c6114,dcc20aea8a3e27b74096268376c1dbd181a0870ba262636e5dd2ed1fa3608307
R8_tworoom_0242e4f12dfac63f79ddbe09,REFIT_103202,R4_ALT_CEM_2,H_POLICY,FRESH_PAIRED_CONTROL,0,True,,1fa7857eb468c4258c830b377e9e4b403d0ca8fbf69fdd3d52225b01a40ac58f,
R8_tworoom_0242e4f12dfac63f79ddbe09,REFIT_103202,R4_ALT_CEM_2,H_REAL3_REPLAN,COMPLETE,0,True,True,9bbbafc191040a94545a2b952970bb550f3c47bcd99b6dcc590548c715e72786,25868b5e050d6d97e05fe8df7a84bc15d23242d1834fd8cd1aff68ec9e9f9c29
R8_tworoom_0242e4f12dfac63f79ddbe09,REFIT_103203,R3_ORIGINAL,H_POLICY,FRESH_PAIRED_CONTROL,0,True,,248cce400669a0b3e25d5b9eb1151ec766dcff56c760309dc2f29436c2fd53f9,
R8_tworoom_0242e4f12dfac63f79ddbe09,REFIT_103203,R3_ORIGINAL,H_REAL3_REPLAN,COMPLETE,0,True,True,046d570683a98652ce1a363fb416eecf5da4a792b352bc471e97803fbfac8121,01061c163c2c94b38dfac5fc748984e461ffab665f80be1f7d85a836f826a05a
R8_tworoom_0242e4f12dfac63f79ddbe09,REFIT_103203,R4_ALT_CEM_1,H_POLICY,FRESH_PAIRED_CONTROL,0,True,,2fe709e1d8db972c40fe1825990ef1910fd279c85e219f32820c5d27a22096f1,
R8_tworoom_0242e4f12dfac63f79ddbe09,REFIT_103203,R4_ALT_CEM_1,H_REAL3_REPLAN,COMPLETE,0,True,True,ef00f8ff4e6e814a619d4934bcb4f8ee6d4b76b325e8d0d0b51c7ce010702af4,ce741973e1085379d9317db54f557d7372687abae3838e369871ad85240a645c
R8_tworoom_0242e4f12dfac63f79ddbe09,REFIT_103203,R4_ALT_CEM_2,H_POLICY,FRESH_PAIRED_CONTROL,0,True,,d0522295e11e72d65f03b7ecc6eb9472ac537c85d4b7a79a6b0027f252637f14,
R8_tworoom_0242e4f12dfac63f79ddbe09,REFIT_103203,R4_ALT_CEM_2,H_REAL3_REPLAN,COMPLETE,0,True,True,462104d2f909b49dc7b507b6fb4125250fa08f25a283bc7d294d13ec2dd528b9,e57356db9b3b43094b8b44454d21d46ccc9b0a77d4b7d33fa1467fc788b5478d
R8_tworoom_025f489cacfa2a35b021beae,H0,R3_ORIGINAL,H_POLICY,FRESH_PAIRED_CONTROL,1,False,,efd7382d19700c967fe5b474994430e176ae87cdff5be1d9a1387f260b4eea9c,
R8_tworoom_025f489cacfa2a35b021beae,H0,R3_ORIGINAL,H_REAL3_REPLAN,COMPLETE,1,False,True,6d893225876f004a904a3450bc9a9cfa9b98ee2f26041d5b39bb70b2e16c3e94,94531acadd21e6b853621ed3e4116ebdc96fdad3a07f7d41892c5b7a5aa41fa5
R8_tworoom_025f489cacfa2a35b021beae,H0,R4_ALT_CEM_1,H_POLICY,FRESH_PAIRED_CONTROL,1,False,,b3d295bdf491a62f231c56f76ead807fd17b3804c91ec8409e86d58a34f7a9d9,
R8_tworoom_025f489cacfa2a35b021beae,H0,R4_ALT_CEM_1,H_REAL3_REPLAN,COMPLETE,1,False,True,cb324239d418a7f9018d9cc2006bb0c4acae508218078668945e60828f1f1328,584dc6187f18994a854f8dc9e73449729072a354c216f6a45e523846d9a83da6
R8_tworoom_025f489cacfa2a35b021beae,H0,R4_ALT_CEM_2,H_POLICY,FRESH_PAIRED_CONTROL,1,False,,035f00ee42955955400787508ef1575c411b24ba229faa7839fc6d61c3b06b20,
R8_tworoom_025f489cacfa2a35b021beae,H0,R4_ALT_CEM_2,H_REAL3_REPLAN,COMPLETE,1,False,True,543b8cf8bfe5352739fa65398f167a08f0fc994daa0eb1d3b50eb0c931af610d,1bd21db57e6945fdd137507b20115ab5528593ac131b63d4edb542fa30d161ba
R8_tworoom_025f489cacfa2a35b021beae,REFIT_103201,R3_ORIGINAL,H_POLICY,FRESH_PAIRED_CONTROL,1,False,,38176f3caf585235c6281f9a983a75e72dc10beb2b3998efbff0fe8ced23615b,
R8_tworoom_025f489cacfa2a35b021beae,REFIT_103201,R3_ORIGINAL,H_REAL3_REPLAN,COMPLETE,1,False,True,030ff8bf5311e6809cf37970816cf85515164ddce4f807c73a15de6afb4739a9,cf17c3564de0f5a2f6aa4d531851d196b7bdd77cf0afa8839c022e44b8395f98
R8_tworoom_025f489cacfa2a35b021beae,REFIT_103201,R4_ALT_CEM_1,H_POLICY,FRESH_PAIRED_CONTROL,1,False,,16d1f383f1ef600977cec35af3af1a59879e98cc53058c8fe85910280fe52210,
R8_tworoom_025f489cacfa2a35b021beae,REFIT_103201,R4_ALT_CEM_1,H_REAL3_REPLAN,COMPLETE,1,False,True,6ee462befefcd3745c528fe094b72cfc66dbb33123f45be01908712113590d0b,ca9f45cc1250c280d5e0f85e2146db12ddc8b1a400aa70df19502f1c94f78af3
R8_tworoom_025f489cacfa2a35b021beae,REFIT_103201,R4_ALT_CEM_2,H_POLICY,FRESH_PAIRED_CONTROL,1,False,,d3c1418aa4d02f1bb864b571a26a0474595cf434971029a29ce34fcb38233208,
R8_tworoom_025f489cacfa2a35b021beae,REFIT_103201,R4_ALT_CEM_2,H_REAL3_REPLAN,COMPLETE,1,False,True,84d4fb1243f6749c892a49f61c3ac8b5d792f9910ca04b2d74e7a40e9d2ebb46,53c85bb070c224cbdbeb7fcef4b4580fcf768f424926747766070b4c0b77818a
R8_tworoom_025f489cacfa2a35b021beae,REFIT_103202,R3_ORIGINAL,H_POLICY,FRESH_PAIRED_CONTROL,1,False,,d2be306e632623f10a172f3a4e4488f719daf21e2979a802f880fd9bdb1e3881,
R8_tworoom_025f489cacfa2a35b021beae,REFIT_103202,R3_ORIGINAL,H_REAL3_REPLAN,COMPLETE,1,False,True,17534e761ea2c9b3ba0389ffb67e6dc196ad82b87152c473e979c55274ed8a3a,1d76e14f9eaacbe248640bb7fb5537b76966410eed20b8415e6db1210a172c62
R8_tworoom_025f489cacfa2a35b021beae,REFIT_103202,R4_ALT_CEM_1,H_POLICY,FRESH_PAIRED_CONTROL,1,False,,04b04d9baa5e16f4d82997e216efa488462e2382fa926f1b907ab1d598a1d646,
R8_tworoom_025f489cacfa2a35b021beae,REFIT_103202,R4_ALT_CEM_1,H_REAL3_REPLAN,COMPLETE,1,False,True,734f4614d35ff7f1fbaebd0b5a2d2575161f8eba4f8fe5e95837a81143955433,cbc99ae355376b84ecaca9474310957113953baa6aa1645ca59891b0654fbfd6
R8_tworoom_025f489cacfa2a35b021beae,REFIT_103202,R4_ALT_CEM_2,H_POLICY,FRESH_PAIRED_CONTROL,1,False,,671e257f49b96e15292a5e5e81961c001b1cd2b8df7be67e30ad1360e9bd62cd,
R8_tworoom_025f489cacfa2a35b021beae,REFIT_103202,R4_ALT_CEM_2,H_REAL3_REPLAN,COMPLETE,1,False,True,f60661d931b5f65ec8f53bb4d66f4a51642cec7d48cfc08b0baf667757da2945,0e6dfec1ba5f88e048f552f7bad27a178aecc0b85f0555588387bea80d934515
R8_tworoom_025f489cacfa2a35b021beae,REFIT_103203,R3_ORIGINAL,H_POLICY,FRESH_PAIRED_CONTROL,1,False,,b41bb2efaee018df0658ac29803f5aa3bd5706c30acf158edd8a1f0a8d613ae7,
R8_tworoom_025f489cacfa2a35b021beae,REFIT_103203,R3_ORIGINAL,H_REAL3_REPLAN,COMPLETE,1,False,True,4f4701bee51c1168f9b546a849950366336bb34c8a51e73d1efdd34864108b8c,1251bb0d08c5e946804d546ecfc9aa37d383a212bde4669f3ed0dbed9b16a642
R8_tworoom_025f489cacfa2a35b021beae,REFIT_103203,R4_ALT_CEM_1,H_POLICY,FRESH_PAIRED_CONTROL,1,False,,794cfbcb2557da84cd450b9ab736a4a9b69f94738c98bcccba2a0a94cafbc2c5,
R8_tworoom_025f489cacfa2a35b021beae,REFIT_103203,R4_ALT_CEM_1,H_REAL3_REPLAN,COMPLETE,1,False,True,49daf24a4b5650e1ece2b6f7b339ed77656883f16f0ceda61712062c649e05cd,b801af3fe831999e5b3a4158828b458319115b512efe3077c40471665b2d20d9
R8_tworoom_025f489cacfa2a35b021beae,REFIT_103203,R4_ALT_CEM_2,H_POLICY,FRESH_PAIRED_CONTROL,1,False,,71ae482447a8fb43772b4e54900ab43ecf4bfd840316e76ac282c0badbdfe338,
R8_tworoom_025f489cacfa2a35b021beae,REFIT_103203,R4_ALT_CEM_2,H_REAL3_REPLAN,COMPLETE,1,False,True,e2996d0b1cde512cebd8e7baf50bb34f1b1aef971d3e884b8c16056d1b2fac5d,e786f3ad8540b20fa0859eea1d441f62efbf3519217eb07ede0c5edb875c2583
R8_tworoom_02680528f8abd745a907a78d,H0,R3_ORIGINAL,H_POLICY,FRESH_PAIRED_CONTROL,1,False,,2ce315d791846670f32e5a6fe51288498beda57777e6b43a307c3d44ee4f5b69,
R8_tworoom_02680528f8abd745a907a78d,H0,R3_ORIGINAL,H_REAL3_REPLAN,COMPLETE,1,False,True,2f0cd8a852d1de24b4a6c1f2bf6ce61a07bcb1248e9d99e9741cc62c3e351ba5,d039655bc77ea12a238f8c34c737ad4fff9647e6a2e06e979cb5b1458e97fcdf
R8_tworoom_02680528f8abd745a907a78d,H0,R4_ALT_CEM_1,H_POLICY,FRESH_PAIRED_CONTROL,1,False,,dd4d5e2340c13fcd365bd8cff670567d9a0d54d635d2316d330e83df4243587e,
R8_tworoom_02680528f8abd745a907a78d,H0,R4_ALT_CEM_1,H_REAL3_REPLAN,COMPLETE,1,False,True,2172232afbc0162b20673ae870ee691138e35effd2d21d36458395c396be1e49,3a48817777e26f4340a1555ab7055b69cdcdb9ca87cb075d22236c96ff508284
R8_tworoom_02680528f8abd745a907a78d,H0,R4_ALT_CEM_2,H_POLICY,FRESH_PAIRED_CONTROL,1,False,,c434fe04b81df237d6c22fd680dbe37b912e8b76f13cd7d3c85a1209490e3c2f,
R8_tworoom_02680528f8abd745a907a78d,H0,R4_ALT_CEM_2,H_REAL3_REPLAN,COMPLETE,1,False,True,267810c3d6ecda4f003e26ecddba92bcc88bb011dc816c46525e885daf6e597c,36ddbbd3418fb372dd821162bcabf5266ea53cbfc35e88ce0a0f3f50dab17d23
R8_tworoom_02680528f8abd745a907a78d,REFIT_103201,R3_ORIGINAL,H_POLICY,FRESH_PAIRED_CONTROL,1,False,,1d28c61e60ec119ca7279cc9e3769aa95782430c4add4effac3389296a643cb9,
R8_tworoom_02680528f8abd745a907a78d,REFIT_103201,R3_ORIGINAL,H_REAL3_REPLAN,COMPLETE,1,False,True,cc994248de65b6fd5f2d88f60c1dfc1a3409d55a90ee4c41210e2e1740b60a9a,1352633684e8cb1f0ca405e8b770b5cb0ca21e047d4f4fd85ad73b3d2a8883df
R8_tworoom_02680528f8abd745a907a78d,REFIT_103201,R4_ALT_CEM_1,H_POLICY,FRESH_PAIRED_CONTROL,1,False,,32ff17be2048e323ecf339797137b72b3d4ec536c1d6f5168a137e682eddc515,
R8_tworoom_02680528f8abd745a907a78d,REFIT_103201,R4_ALT_CEM_1,H_REAL3_REPLAN,COMPLETE,1,False,True,ff68171ff135aa38684b89a47392ff546be01b498745a01dc01503886d997311,ead21d4293eff84be35461541d874e84b648d6b7f3849c11ff72d8f55ff145ff
R8_tworoom_02680528f8abd745a907a78d,REFIT_103201,R4_ALT_CEM_2,H_POLICY,FRESH_PAIRED_CONTROL,1,False,,e0a39263ca293c17b631fc2f409764ed6f456ae7d8359adcb9b712afa1050edb,
R8_tworoom_02680528f8abd745a907a78d,REFIT_103201,R4_ALT_CEM_2,H_REAL3_REPLAN,COMPLETE,1,False,True,ac0c649102d6649c20ab1d020e67f8adcd4ee9b7fd15f731682cafbb0fb78ff1,1bd0db139ff018864f24e31252218fd9fe444b0da3b726816dadea65d17a8686
R8_tworoom_02680528f8abd745a907a78d,REFIT_103202,R3_ORIGINAL,H_POLICY,FRESH_PAIRED_CONTROL,1,False,,517e3cda9f4a110cf9b76d3443dbc0151a6b59c392a0bf9d490a039f888eba71,
R8_tworoom_02680528f8abd745a907a78d,REFIT_103202,R3_ORIGINAL,H_REAL3_REPLAN,COMPLETE,1,False,True,d3d7b31378db2bffeb675908253aecd0310135487fdede7548439acf6c3fa5ba,6bec479a5140eaa51ed77a3f831139aff161283587940800c14b97f0e70e77d8
R8_tworoom_02680528f8abd745a907a78d,REFIT_103202,R4_ALT_CEM_1,H_POLICY,FRESH_PAIRED_CONTROL,1,False,,1742429fa1619ec81e0b5620c43e7f08fcd759b412937c9e898609e4ed5b2101,
R8_tworoom_02680528f8abd745a907a78d,REFIT_103202,R4_ALT_CEM_1,H_REAL3_REPLAN,COMPLETE,1,False,True,02257af27ea99ea9a9140793deb47c9f7db189a61f73b5c3fe8e8c4e30f9e64b,066ce99ddae6fbf5b3bec8f0f5e5388d8402ffebb3f620a9f90b7abbce422b91
R8_tworoom_02680528f8abd745a907a78d,REFIT_103202,R4_ALT_CEM_2,H_POLICY,FRESH_PAIRED_CONTROL,1,False,,bbb519d13274fa1f2b4b35ddd217711a084f264f2539e22c545f39f13a9233de,
R8_tworoom_02680528f8abd745a907a78d,REFIT_103202,R4_ALT_CEM_2,H_REAL3_REPLAN,COMPLETE,1,False,True,2ac632fefcb1c6d2738a4334ea1666f41faa5be9a975b0ef3bbc9ba42d4df65f,e24b0103c30762b87669cc58928db250b1195d6fae41aa02d19fbf9597853eef
R8_tworoom_02680528f8abd745a907a78d,REFIT_103203,R3_ORIGINAL,H_POLICY,FRESH_PAIRED_CONTROL,1,False,,64db6d71c13ee6e1c5a11af4ae79679ad2366db552350fb0fc26ce060eefcc9b,
R8_tworoom_02680528f8abd745a907a78d,REFIT_103203,R3_ORIGINAL,H_REAL3_REPLAN,COMPLETE,1,False,True,05f84f1e7eefd494e61da4dd0192425f27580fe272586a1b8c2619c4b8921e0d,f2b7725dc072c6b0c22758264d57a2beca2a8abc3c0b929c9818c602242552ee
R8_tworoom_02680528f8abd745a907a78d,REFIT_103203,R4_ALT_CEM_1,H_POLICY,FRESH_PAIRED_CONTROL,1,False,,550ea443e801882598352c57f7dada29338f8fa7d089525a0be341a37ab5778a,
R8_tworoom_02680528f8abd745a907a78d,REFIT_103203,R4_ALT_CEM_1,H_REAL3_REPLAN,COMPLETE,1,False,True,d3c8f3ef3aec9a30e274173221e3d0e568625d733f5ae31cd326d361365a03cc,e1243ef80dc9454e9ec98f459a5110a5b255d3184890790f9e2e3e7afbd12ebc
R8_tworoom_02680528f8abd745a907a78d,REFIT_103203,R4_ALT_CEM_2,H_POLICY,FRESH_PAIRED_CONTROL,1,False,,bf9c79b6330a0b5ee63f8db92e88f3da5cd535ada9b5c0a2e10a768218c05bf2,
R8_tworoom_02680528f8abd745a907a78d,REFIT_103203,R4_ALT_CEM_2,H_REAL3_REPLAN,COMPLETE,1,False,True,b5a7d11997d60b07545276f3617eacce19c4a5c23676908e51747370bf6acf4c,d19397e6cac9f8834de11557d15ee3a865f2c39fca3c3ef8a93dd2ca21a10f74
R8_tworoom_028b381589885cb32be33fa7,H0,R3_ORIGINAL,H_POLICY,FRESH_PAIRED_CONTROL,1,False,,ff28cf4243ce6c4e6120e8a5b1ed226e42cb33ee47b7603142ff0057fe849bf4,
R8_tworoom_028b381589885cb32be33fa7,H0,R3_ORIGINAL,H_REAL3_REPLAN,COMPLETE,1,False,True,60b1387bbeca3be74d487e96104a487741caa8480a6a0b818ff444bfcd2b199c,d6ec064d18c33bed734fa2645467e646c3b13bbb8fd695456e508140eb24a4f0
R8_tworoom_028b381589885cb32be33fa7,H0,R4_ALT_CEM_1,H_POLICY,FRESH_PAIRED_CONTROL,1,True,,552e7ac45f6f60a524dc62809434ff784356136b1d8f62611ca9c0557261c17a,
R8_tworoom_028b381589885cb32be33fa7,H0,R4_ALT_CEM_1,H_REAL3_REPLAN,COMPLETE,1,True,True,542c1cc8328bb4aa62088b78d21fb0309a9707c00ecb04430b26dd3c88f870ce,3472920499f4408db8848bab8a97f3bb6a07ff99a96fb6985dbfc18e9f635fcc
R8_tworoom_028b381589885cb32be33fa7,H0,R4_ALT_CEM_2,H_POLICY,FRESH_PAIRED_CONTROL,1,False,,0473139a86d5114310a7fa2fb084e9d663fe63300bc4778db93c4f0c78137c4c,
R8_tworoom_028b381589885cb32be33fa7,H0,R4_ALT_CEM_2,H_REAL3_REPLAN,COMPLETE,1,False,True,c436f663cb0b201d53c04088106380d63003962a085029bf19381c56c0a47c57,dadcccc1d6af2d22f5f806654f396fdbae9e0d6e899b54fe4e5a073a14973a81
R8_tworoom_028b381589885cb32be33fa7,REFIT_103201,R3_ORIGINAL,H_POLICY,FRESH_PAIRED_CONTROL,1,False,,6553e0a2a61adc62275a4692ae61f4c71be8128460537663f3c195390f181804,
R8_tworoom_028b381589885cb32be33fa7,REFIT_103201,R3_ORIGINAL,H_REAL3_REPLAN,COMPLETE,1,False,True,27859eeb37c76c7cb798672b70f34764ec63f972188c4b9c2b76f5873cc98939,01cb4d46232f443454c7537d2408c802d312e1cfb78f9111ffcda50452a05da3
R8_tworoom_028b381589885cb32be33fa7,REFIT_103201,R4_ALT_CEM_1,H_POLICY,FRESH_PAIRED_CONTROL,1,False,,5afa6a19b64ea938448daa5ed8af803724cde2f1723ee445a38d3c565d9fd816,
R8_tworoom_028b381589885cb32be33fa7,REFIT_103201,R4_ALT_CEM_1,H_REAL3_REPLAN,COMPLETE,1,False,True,9a2db1d955a13b28432b44065dd0cfa24482d5a7c75a9e04c62e03dc7baeff1f,11bd8f8726dfb774e7c229e175cd6c5bf5ea41fd9443c3ee3f289df96f99efc0
R8_tworoom_028b381589885cb32be33fa7,REFIT_103201,R4_ALT_CEM_2,H_POLICY,FRESH_PAIRED_CONTROL,1,True,,e3c4298759ea5a1874eff3637fb816e2983786c70f1b4215fe9999b4a8f47f56,
R8_tworoom_028b381589885cb32be33fa7,REFIT_103201,R4_ALT_CEM_2,H_REAL3_REPLAN,COMPLETE,1,True,True,57dcb86fcdb62ed3c24b77f2c2cc6fb5f7fe398ec501302e591be47e41c87d60,157c9fa6fc41e68beae5ed9b8e59fa42157186090060cb3f4fb8ecf70db42be6
R8_tworoom_028b381589885cb32be33fa7,REFIT_103202,R3_ORIGINAL,H_POLICY,FRESH_PAIRED_CONTROL,1,False,,70fa6c886ea70f2111f5eb663c1636bd82f0d073352d51ccb41c167f7b8fcf15,
R8_tworoom_028b381589885cb32be33fa7,REFIT_103202,R3_ORIGINAL,H_REAL3_REPLAN,COMPLETE,1,False,True,6de043d08d250919e0529a4528292deea8d93022f96adcc895acc64b1c08d650,10251fe8360dd1b7ddbf13e4138c63b8acafe3eb4a32eea266bb0f2c286db813
R8_tworoom_028b381589885cb32be33fa7,REFIT_103202,R4_ALT_CEM_1,H_POLICY,FRESH_PAIRED_CONTROL,1,False,,35efe882ff6453d55de5197ad62b13df00bc04cdfad5b3a925d640499c4bbf46,
R8_tworoom_028b381589885cb32be33fa7,REFIT_103202,R4_ALT_CEM_1,H_REAL3_REPLAN,COMPLETE,1,False,True,f970d45d92a13b6c7250e82ac1ba0894431e1234b452f9a9719ca006b359ab95,97a1da99c0f75fef086c95c9237fc22efc37d6c5c991dc8afa0151dad7b713a8
R8_tworoom_028b381589885cb32be33fa7,REFIT_103202,R4_ALT_CEM_2,H_POLICY,FRESH_PAIRED_CONTROL,1,False,,52367e5e93c6f87ce7e70c3f2d740576b8ecd0960a34895d30271f0dab792d1e,
R8_tworoom_028b381589885cb32be33fa7,REFIT_103202,R4_ALT_CEM_2,H_REAL3_REPLAN,COMPLETE,1,False,True,544ef2a6f41dc561a9afcce20795be31d995ceb4ff3108ae24b9cde731d6a932,1a44f13c91c775db358adbaef3ba4b900515473c2f73a92e3c6df8aa1e473935
R8_tworoom_028b381589885cb32be33fa7,REFIT_103203,R3_ORIGINAL,H_POLICY,FRESH_PAIRED_CONTROL,1,False,,33d10d0ba03e07e2777770d4b4aef59d19881f3f44c4fd0122e4781c058c1dd1,
R8_tworoom_028b381589885cb32be33fa7,REFIT_103203,R3_ORIGINAL,H_REAL3_REPLAN,COMPLETE,1,False,True,79b8db965ac1e7b82331071263ccffb8e17296327bee531161d6b3d700642f34,aaca40852e96968d0c23d45d375dbb48a233c6e36f573b118a4d3f8ca8bc7447
R8_tworoom_028b381589885cb32be33fa7,REFIT_103203,R4_ALT_CEM_1,H_POLICY,FRESH_PAIRED_CONTROL,1,False,,30cbb3bcd7ab09bc7453010acb1ca639ec10372f50d88a9b646d65260aa761b5,
R8_tworoom_028b381589885cb32be33fa7,REFIT_103203,R4_ALT_CEM_1,H_REAL3_REPLAN,COMPLETE,1,False,True,667cfbee343cb29f939a4079f79aca92a7a81945772955a9465fe359be7f6d84,d2e3c20b962c8e17b8c0a6fb25d106e2dc7c19c1da6baf30e7ca91abed443028
R8_tworoom_028b381589885cb32be33fa7,REFIT_103203,R4_ALT_CEM_2,H_POLICY,FRESH_PAIRED_CONTROL,1,False,,c8029a42c51b9179aba4a7e8cb1272719abaa3b9504bf3db214f14f4005629ad,
R8_tworoom_028b381589885cb32be33fa7,REFIT_103203,R4_ALT_CEM_2,H_REAL3_REPLAN,COMPLETE,1,False,True,40b95ccca50f85deed10dbdbeafb154fda32cc8fe5d48d4fbde3a8d482503a8d,5bff0ba74ed4f82c2fbf6235c115e79cd3d15c726d9f17f28dacadf35990f4a9
R8_tworoom_02a8dae64e56ef9c8aafa967,H0,R3_ORIGINAL,H_POLICY,FRESH_PAIRED_CONTROL,1,False,,dd5e71159215ce7f445a8334fa1768827818726e9464a064890260b0749da9fb,
R8_tworoom_02a8dae64e56ef9c8aafa967,H0,R3_ORIGINAL,H_REAL3_REPLAN,COMPLETE,1,False,True,384ca7977b12be4be22a410d69e15db22e29c9e52cc2df39c3650705454f433d,316736935840c5738b54d9bb8a3b2581e17daacdf0bbfb401bccec7ccbc12239
R8_tworoom_02a8dae64e56ef9c8aafa967,H0,R4_ALT_CEM_1,H_POLICY,FRESH_PAIRED_CONTROL,1,False,,ccc323fb48ca874f6d467279ad06018fd1a90393c76570aa66abc0a6d118acad,
R8_tworoom_02a8dae64e56ef9c8aafa967,H0,R4_ALT_CEM_1,H_REAL3_REPLAN,COMPLETE,1,False,True,c5939cbd0554e0b947d266ef0d4bf0db348ae08bfdc89ab40c23c0fdae8e82eb,2f31f73aaf006c5803be5b75576f876a5ecabbc880f5b9d97c2fbed575a40f32
R8_tworoom_02a8dae64e56ef9c8aafa967,H0,R4_ALT_CEM_2,H_POLICY,FRESH_PAIRED_CONTROL,1,False,,98375dc48923147fa315e536069f25cb556a9624856e208c819a8a36f36642a0,
R8_tworoom_02a8dae64e56ef9c8aafa967,H0,R4_ALT_CEM_2,H_REAL3_REPLAN,COMPLETE,1,False,True,9f3b4d5c2441d529f02abbfdaab7f427e9c465aae9b987bf61539309c315c488,c777238ce6a6843b32f0b3da4cf84a54d7d3676d26564724e62cb9c61a50b33c
R8_tworoom_02a8dae64e56ef9c8aafa967,REFIT_103201,R3_ORIGINAL,H_POLICY,FRESH_PAIRED_CONTROL,1,False,,058ae6b8fccdd2a3676ced3bbe515048dbeb0df9fef1ee041c1bfd6eb78d477a,
R8_tworoom_02a8dae64e56ef9c8aafa967,REFIT_103201,R3_ORIGINAL,H_REAL3_REPLAN,COMPLETE,1,False,True,2f5429762633af35c1e1024bcc3acb8b72d3d0d83c3e80b05ea6d1932b8b1b5c,5a342eb20f07d313662f220d5bb13a60711e4d9093f35b51eb22f36bd2994952
R8_tworoom_02a8dae64e56ef9c8aafa967,REFIT_103201,R4_ALT_CEM_1,H_POLICY,FRESH_PAIRED_CONTROL,1,False,,c1bfa547b267a405d3233e47f9b8deda252f0fe4b6b5b9666ea6fcfb3a4ac480,
R8_tworoom_02a8dae64e56ef9c8aafa967,REFIT_103201,R4_ALT_CEM_1,H_REAL3_REPLAN,COMPLETE,1,False,True,ea0f48955ecf5e620b7d2c44532875815f27c0bd74832d09444893a72b28ed3b,968b3d0060d7dcb9fe8d14a5d025c2b77d2e111edb18928442e224e45ba9f3d6
R8_tworoom_02a8dae64e56ef9c8aafa967,REFIT_103201,R4_ALT_CEM_2,H_POLICY,FRESH_PAIRED_CONTROL,1,False,,15ed7dc6c721d2c30a129d550ff72e2e93411ae339020c7b057dd40128653513,
R8_tworoom_02a8dae64e56ef9c8aafa967,REFIT_103201,R4_ALT_CEM_2,H_REAL3_REPLAN,COMPLETE,1,False,True,206c7b2fee865470a43089aed2aa1d6924b21b24a15a45db9ec2d0a578a4f9e9,3e8a295efd8ea00cda68f5fa6cb5fd8e6d2992d8756653410e5d476d69f4de60
R8_tworoom_02a8dae64e56ef9c8aafa967,REFIT_103202,R3_ORIGINAL,H_POLICY,FRESH_PAIRED_CONTROL,1,False,,621d4f671b93c5af8606f32b7b871b2bf01f560e8836376f077792762f1bc057,
R8_tworoom_02a8dae64e56ef9c8aafa967,REFIT_103202,R3_ORIGINAL,H_REAL3_REPLAN,COMPLETE,1,False,True,de5db9871ac283d43841c5c21ebaaaf33792d243d9b2fd57018345890d61821f,d9bb412a55b5c127afdc5bdf1b1b307b3d174de0a21c2cb0530ae09bc4242d01
R8_tworoom_02a8dae64e56ef9c8aafa967,REFIT_103202,R4_ALT_CEM_1,H_POLICY,FRESH_PAIRED_CONTROL,1,False,,453a6b2834c23e7aedefeaf45cb5e4814febc7f6b71f885a58cd0a4702229d51,
R8_tworoom_02a8dae64e56ef9c8aafa967,REFIT_103202,R4_ALT_CEM_1,H_REAL3_REPLAN,COMPLETE,1,False,True,5656d754e689fd83fd8d3ea8323b179146e47d07ce75e34a7c0c60a7b6e27f3e,977a2e0f0f00fe4542f5e25d30bb0f7869be3b4f017e22b092029be5e4e1a85a
R8_tworoom_02a8dae64e56ef9c8aafa967,REFIT_103202,R4_ALT_CEM_2,H_POLICY,FRESH_PAIRED_CONTROL,1,False,,0afe885b610ad11ef1de1fead0a8e383203624f6bf66d56dcf2dc750bdd8d1ae,
R8_tworoom_02a8dae64e56ef9c8aafa967,REFIT_103202,R4_ALT_CEM_2,H_REAL3_REPLAN,COMPLETE,1,False,True,cf60d31f2e66cb0529c721f0ca68e99a6ae732654d02389029fa1e6bad9fc763,4b3c53e26ba50a930a1e919e01a5e2de45505fa3b0d9b16945a2663ecf8651c8
R8_tworoom_02a8dae64e56ef9c8aafa967,REFIT_103203,R3_ORIGINAL,H_POLICY,FRESH_PAIRED_CONTROL,1,True,,471441c0a09db523cf2d3d95306a964c22b253165e72cec438ced831e226b0ce,
R8_tworoom_02a8dae64e56ef9c8aafa967,REFIT_103203,R3_ORIGINAL,H_REAL3_REPLAN,COMPLETE,1,True,True,f3908f4a8cfe04d9088b6bf7431d3b569aa865b51ec0337800daa6f6ada1516f,039ef7a3c5d0f98b041a30040d5d0ef19ca5d5ddc5c3471768caad715f411e4a
R8_tworoom_02a8dae64e56ef9c8aafa967,REFIT_103203,R4_ALT_CEM_1,H_POLICY,FRESH_PAIRED_CONTROL,1,False,,6cad1fb0155e8a4f9be412f5231d9f757d8d9d4f27fd0d2f49214a50bd9b0858,
R8_tworoom_02a8dae64e56ef9c8aafa967,REFIT_103203,R4_ALT_CEM_1,H_REAL3_REPLAN,COMPLETE,1,False,True,28cf0e740903231e9a3c02e57ad2353cf1b88e3e171051fbf1583d9bd8751894,bfb35f06073f4a1c78d5670fd31acc6e947a896ed1f66a8927d0746de5096954
R8_tworoom_02a8dae64e56ef9c8aafa967,REFIT_103203,R4_ALT_CEM_2,H_POLICY,FRESH_PAIRED_CONTROL,1,False,,ba0f24dde9556c0338cedd3fb8beb3a529d820fa27618c7efdd93a76230ad38b,
R8_tworoom_02a8dae64e56ef9c8aafa967,REFIT_103203,R4_ALT_CEM_2,H_REAL3_REPLAN,COMPLETE,1,False,True,9076490bac7a96352bb51fa9bd84548b492a11956b6d4290a4cdc846e1942a6e,e1dcd484df2fac07dd98fd9bccbc66222e279a5bc840f7de09a36ea92f4a536f
R8_tworoom_02bab79061b5e6efe77164bc,H0,R3_ORIGINAL,H_POLICY,FRESH_PAIRED_CONTROL,1,False,,69f54b30bc670c89550965acf33a6471c2cf32d76d01f3ceced2f2bb8137221e,
R8_tworoom_02bab79061b5e6efe77164bc,H0,R3_ORIGINAL,H_REAL3_REPLAN,COMPLETE,1,False,True,f71fcc17e0cb17ab063ac0d21ee0cd7436439b2d5aae2b7b80a2d739cd912ab6,20c316fb7d7c072d5c5f1ed35aa5abe48291bb5b9c5f6d5ccf7b35c78313eebc
R8_tworoom_02bab79061b5e6efe77164bc,H0,R4_ALT_CEM_1,H_POLICY,FRESH_PAIRED_CONTROL,1,False,,c41ea6ab7a655c09aa7de502ee057251d7f70b2379c84d344be9ce010ae6df7f,
R8_tworoom_02bab79061b5e6efe77164bc,H0,R4_ALT_CEM_1,H_REAL3_REPLAN,COMPLETE,1,False,True,9a279fec63fa006de523c65799c9b5596cb0e8684d7c68a142a1bd019e06f979,8e02019bad0d1095250225b7213f4ac4e91eeed16f673eef38aa060e72e9f254
R8_tworoom_02bab79061b5e6efe77164bc,H0,R4_ALT_CEM_2,H_POLICY,FRESH_PAIRED_CONTROL,1,False,,b15e1756676b8a2ff3ea6e9d3aa857aea15185c2d55951d328020cd92735e12d,
R8_tworoom_02bab79061b5e6efe77164bc,H0,R4_ALT_CEM_2,H_REAL3_REPLAN,COMPLETE,1,False,True,6a77c4047dea6b8d0236b9f622ae6935d7b41502fe749abc79f1bb7939c1136e,d8f811697e9d4df86aabded38b53352656df78933c228dbda13dfe0e00b915bf
R8_tworoom_02bab79061b5e6efe77164bc,REFIT_103201,R3_ORIGINAL,H_POLICY,FRESH_PAIRED_CONTROL,1,False,,b04343e0b97caef2281780a41016864e56a5adca1d2f7d874e77518144e38ea7,
R8_tworoom_02bab79061b5e6efe77164bc,REFIT_103201,R3_ORIGINAL,H_REAL3_REPLAN,COMPLETE,1,False,True,67604f6d79f2188d7aa2f1a37fd5d4548e38b033be368376fc29c90dc723b683,b84e6d4847feed69a6fc01d85e5e5b27afde4fba456ab106fd9e493ad8d45e25
R8_tworoom_02bab79061b5e6efe77164bc,REFIT_103201,R4_ALT_CEM_1,H_POLICY,FRESH_PAIRED_CONTROL,1,False,,6524bebdb10333d576d3e51cf18bc0a46d10d7572e80607d2d1d353a0e4ac01c,
R8_tworoom_02bab79061b5e6efe77164bc,REFIT_103201,R4_ALT_CEM_1,H_REAL3_REPLAN,COMPLETE,1,False,True,649c51e77ee22d7fd4881aad181102060d3c248b0837857ba5c7dc4eed56fea5,205d5cf2bafd67b7cba5b8df1162887e735a3e5b6257749c01a93b70ff8fb828
R8_tworoom_02bab79061b5e6efe77164bc,REFIT_103201,R4_ALT_CEM_2,H_POLICY,FRESH_PAIRED_CONTROL,1,False,,029566311a71e71195e6dac995a39562be954e995b7b013a1f916cd1a36dcd9e,
R8_tworoom_02bab79061b5e6efe77164bc,REFIT_103201,R4_ALT_CEM_2,H_REAL3_REPLAN,COMPLETE,1,False,True,072156510a93a048aaa6f09c2af7098307621835443d80eb22c2eecfbf5aa9b0,f399822cd26f99e49828a63d70175a5f6eebf68fca1681580625510eeca8099f
R8_tworoom_02bab79061b5e6efe77164bc,REFIT_103202,R3_ORIGINAL,H_POLICY,FRESH_PAIRED_CONTROL,1,False,,6adc7931c73c992f3b544140f6514f91d3b68b7a7fe80fca21a4babeb1561dff,
R8_tworoom_02bab79061b5e6efe77164bc,REFIT_103202,R3_ORIGINAL,H_REAL3_REPLAN,COMPLETE,1,False,True,5f44181d1a29f89dce2adbd76ba49f67c685d37157a0ad4e83911321f1dbd650,b9511b5a336677029f729df0657f24bd07fc7faf6504eeaab48a6994bfd5dee5
R8_tworoom_02bab79061b5e6efe77164bc,REFIT_103202,R4_ALT_CEM_1,H_POLICY,FRESH_PAIRED_CONTROL,1,False,,907e527ceca8da5f270a0cf582415756ee47b89eb0190f9fbb042ba5101b1dc5,
R8_tworoom_02bab79061b5e6efe77164bc,REFIT_103202,R4_ALT_CEM_1,H_REAL3_REPLAN,COMPLETE,1,False,True,3de1d5cffcc32c8a74f6e146bf41f0d8efeda7f16b4bd34b6bd8605920e9b01a,dc14efd51b4ee588421b58611f376398039bbdd24fd17386d71c765124c9a010
R8_tworoom_02bab79061b5e6efe77164bc,REFIT_103202,R4_ALT_CEM_2,H_POLICY,FRESH_PAIRED_CONTROL,1,False,,053b7b128edfa13678595251c21b75dca68e672085b6aaee09e3c74694c67f9e,
R8_tworoom_02bab79061b5e6efe77164bc,REFIT_103202,R4_ALT_CEM_2,H_REAL3_REPLAN,COMPLETE,1,False,True,d59981c85b862c31f782eb301d5048355787932af27eaa64ed1f5b307d3776b1,8f3310cb387403e4224731ab4e5c34a6d5071c865cbdbe3f051dec9c53b0b671
R8_tworoom_02bab79061b5e6efe77164bc,REFIT_103203,R3_ORIGINAL,H_POLICY,FRESH_PAIRED_CONTROL,1,False,,2f5ba850a1d79c3c56ded6e8568a533ec3352f9c3ca7c214be72b7fcdd1799a4,
R8_tworoom_02bab79061b5e6efe77164bc,REFIT_103203,R3_ORIGINAL,H_REAL3_REPLAN,COMPLETE,1,False,True,772ae03583cc4ae681b4bc2cce4874dbc344b4c4952e3570f8fe6cd797fbf762,347210b666bb152255a3ac64d4b2f478d89cc6bf46856f81cfcfb3a20d6a5404
R8_tworoom_02bab79061b5e6efe77164bc,REFIT_103203,R4_ALT_CEM_1,H_POLICY,FRESH_PAIRED_CONTROL,1,False,,0ef8f55614b305037554b106187f1923d39ef878937f8f793d90ab63790b90e4,
R8_tworoom_02bab79061b5e6efe77164bc,REFIT_103203,R4_ALT_CEM_1,H_REAL3_REPLAN,COMPLETE,1,False,True,e9e406ba5aa7155842127493c402a92e35112292efb19d5ffda64dedffffc97e,463280ffc7e1ab399188e01e02d34b7949a9a6c50c00a8160b2954c318755ee9
R8_tworoom_02bab79061b5e6efe77164bc,REFIT_103203,R4_ALT_CEM_2,H_POLICY,FRESH_PAIRED_CONTROL,1,False,,7758600e181cec3f6fd00e035aed071409d3d2f0ee5990a8f739878405fa37a4,
R8_tworoom_02bab79061b5e6efe77164bc,REFIT_103203,R4_ALT_CEM_2,H_REAL3_REPLAN,COMPLETE,1,False,True,ae3fb59244626bcb36971a164542862a8f43e442a164f8ed06aa81bd1c29024f,8dc6df81019f2df47de79065b89c611fcda8104fbbecadb1ae6b364f3b363d8c
R8_tworoom_02c039936a6720d15d8b0f8b,H0,R3_ORIGINAL,H_POLICY,FRESH_PAIRED_CONTROL,1,False,,9f871f5a9161c66c1ad4c419166a1706405a85ecfe9122a6877fe01f5038d8af,
R8_tworoom_02c039936a6720d15d8b0f8b,H0,R3_ORIGINAL,H_REAL3_REPLAN,COMPLETE,1,False,True,a622b4a633097f63e51868037aeb1b0c43329f2e4b7bd3408ebc40225bf4099a,5b2bf979cb31486b644d10fdc65b04da9cdea013bc0f51afe329531ea3e608ab
R8_tworoom_02c039936a6720d15d8b0f8b,H0,R4_ALT_CEM_1,H_POLICY,FRESH_PAIRED_CONTROL,0,True,,13b7c28fd6b10ce0c2be1b707b40c7b5169440b05501fb07c23543a2ba75d635,
R8_tworoom_02c039936a6720d15d8b0f8b,H0,R4_ALT_CEM_1,H_REAL3_REPLAN,COMPLETE,0,True,True,f0d44f9e70f72eebce5c677115b1c657afcfbca75ed65b6b0226ceac54638cd7,bebf9c6836bda7c07e4c5b063664fccad98a706def5758afe0ea6c21c78bca50
R8_tworoom_02c039936a6720d15d8b0f8b,H0,R4_ALT_CEM_2,H_POLICY,FRESH_PAIRED_CONTROL,0,True,,d479121e9247ce29e05e85a1ab161d872fe061bcdaa014f5a57ec5536799e0a1,
R8_tworoom_02c039936a6720d15d8b0f8b,H0,R4_ALT_CEM_2,H_REAL3_REPLAN,COMPLETE,0,True,True,e9ff58c08e5bfbc71a0585bd638b0338c67c0052493e237f956cae9783d60564,062f57bfda71204cd4add4996d2863ee96a94da1315e6cbaed5596ac502cad51
R8_tworoom_02c039936a6720d15d8b0f8b,REFIT_103201,R3_ORIGINAL,H_POLICY,FRESH_PAIRED_CONTROL,1,False,,a309410fe3bbefc8cd04540af28ed3e721b8d23beaa5d30f3db766b5af1232af,
R8_tworoom_02c039936a6720d15d8b0f8b,REFIT_103201,R3_ORIGINAL,H_REAL3_REPLAN,COMPLETE,1,False,True,6846fc59c1c52b8e02b1077d45f7d3e5431e2320953bcf55b23d9f35b8097d1f,907b4bbb369067ea9786f2e941181138a289c9d3533e32ffdbbb044bb8183bf3
R8_tworoom_02c039936a6720d15d8b0f8b,REFIT_103201,R4_ALT_CEM_1,H_POLICY,FRESH_PAIRED_CONTROL,1,False,,d1862b1dff7dcbe3da6df680af07c831bdf7c30d5088f91f63108c69cb7df9d7,
R8_tworoom_02c039936a6720d15d8b0f8b,REFIT_103201,R4_ALT_CEM_1,H_REAL3_REPLAN,COMPLETE,1,False,True,bab93fcd83e0489204cfd8836cbf5fc02a3d10489e76f4202d3ccf9639a49379,bb9c9102a5f05900219eb111795bccabd7eb76bbff821655f81d01bd90d6fbab
R8_tworoom_02c039936a6720d15d8b0f8b,REFIT_103201,R4_ALT_CEM_2,H_POLICY,FRESH_PAIRED_CONTROL,1,False,,20a72bc776b6f4e8ec307ac3c001021a2467e9cdd794e62b8b0634ee5d0159ff,
R8_tworoom_02c039936a6720d15d8b0f8b,REFIT_103201,R4_ALT_CEM_2,H_REAL3_REPLAN,COMPLETE,1,False,True,e91c73857ae2f18bda0bf4b7b323310a5c6d86c0abd83b27a34709618257a8c3,d492ef0c277d18103ee55b4d8cb42de0c884954c59a2f9b15c78a6aff5265da3
R8_tworoom_02c039936a6720d15d8b0f8b,REFIT_103202,R3_ORIGINAL,H_POLICY,FRESH_PAIRED_CONTROL,1,False,,f3956f6b06fad50980aede5628bff0fb8f776a7855b9e38dd4164683f26d09bb,
R8_tworoom_02c039936a6720d15d8b0f8b,REFIT_103202,R3_ORIGINAL,H_REAL3_REPLAN,COMPLETE,1,False,True,99683523f5829ea6c197ffe2658a099461b9f89bad8d3fe3b323ce579d783fcb,6f3efb7c85b6cf48f912e7d3b10feee81c9d43d950f32ba0e9530fc1449ff5ea
R8_tworoom_02c039936a6720d15d8b0f8b,REFIT_103202,R4_ALT_CEM_1,H_POLICY,FRESH_PAIRED_CONTROL,1,False,,ebbbc8a1434911091aa213ba2a7bde4c7f6a4cd4ef7e1a574a20952b43fd0e62,
R8_tworoom_02c039936a6720d15d8b0f8b,REFIT_103202,R4_ALT_CEM_1,H_REAL3_REPLAN,COMPLETE,1,False,True,b2df2102a5a778e09925f8a3ef61c6d637ab8208266b9b7d709c07f6ce83bd27,0e9deb87de100662fb362e8e66d85d1dbdda50cb06a3c7287b955547ee2a030c
R8_tworoom_02c039936a6720d15d8b0f8b,REFIT_103202,R4_ALT_CEM_2,H_POLICY,FRESH_PAIRED_CONTROL,1,False,,549c6065d57134f9effdcbf1bc1e1515a345a7fb0c1e31a83400193d655f81e1,
R8_tworoom_02c039936a6720d15d8b0f8b,REFIT_103202,R4_ALT_CEM_2,H_REAL3_REPLAN,COMPLETE,1,False,True,077ba75f4341eb5bd0a9cef2135e17930b8ee88d5c5b94041c01a0e0680a36a7,dfb3317123c808d8fced05daee76e9202248367a0d3577b0c64eef962548082b
R8_tworoom_02c039936a6720d15d8b0f8b,REFIT_103203,R3_ORIGINAL,H_POLICY,FRESH_PAIRED_CONTROL,1,False,,220295185139d821db1ea24eb2f54799a213dc68c170efb06928f620436b3477,
R8_tworoom_02c039936a6720d15d8b0f8b,REFIT_103203,R3_ORIGINAL,H_REAL3_REPLAN,COMPLETE,1,False,True,aee34d03ab98327497213e171bd51d23ca5633e34c4cb76370ba82128626bb2e,ec39aa1c7e31ac4dca8fb413b9e47641ce0dc5ff4e297e85fb139bd150398993
R8_tworoom_02c039936a6720d15d8b0f8b,REFIT_103203,R4_ALT_CEM_1,H_POLICY,FRESH_PAIRED_CONTROL,1,True,,9ae6758e207246c40034a4f72b820453a81fe33db122d191e9bbfabbeefc9003,
R8_tworoom_02c039936a6720d15d8b0f8b,REFIT_103203,R4_ALT_CEM_1,H_REAL3_REPLAN,COMPLETE,1,True,True,f9a8d87986244bea6521ed28c093d46c811425824df1f1f9d6a7cee32f9e7da2,6770dee810dacdf9e59d1c7733d72608fa9f333a6641ab14135bc3ce1a107184
R8_tworoom_02c039936a6720d15d8b0f8b,REFIT_103203,R4_ALT_CEM_2,H_POLICY,FRESH_PAIRED_CONTROL,1,False,,ace0f86a8f57a42d65510e730287d65876c6ca7753bfbcc3390152f637b7f5f2,
R8_tworoom_02c039936a6720d15d8b0f8b,REFIT_103203,R4_ALT_CEM_2,H_REAL3_REPLAN,COMPLETE,1,False,True,6b5dc8fc95f71a77c3f619670f5a9368b2aea742b1277a5c38ba063b2a766d63,2409864a39d269904eacbf6b2d8b135e4ad52c4ddb8dc8eb43299209f3986fe3
R8_tworoom_02c5bb81ae3f918f45c08145,H0,R3_ORIGINAL,H_POLICY,FRESH_PAIRED_CONTROL,1,False,,5697961e2fcace193c242f9099e74eb52d1120b837919bf21bb1767089c9063f,
R8_tworoom_02c5bb81ae3f918f45c08145,H0,R3_ORIGINAL,H_REAL3_REPLAN,COMPLETE,1,False,True,50b2cd1adbe5150a7acc6023b7963d8bd9ddea1f40e33923946baf8e684eda31,89c6a4196a51eb17ce0ba84c0b2520ffa6fa1a0c3233f6081dd0c06bf234b291
R8_tworoom_02c5bb81ae3f918f45c08145,H0,R4_ALT_CEM_1,H_POLICY,FRESH_PAIRED_CONTROL,1,False,,f149199fcc2b67ee4246c8c520c79a0705627be6cd95fb7814a586bd45f4d7e1,
R8_tworoom_02c5bb81ae3f918f45c08145,H0,R4_ALT_CEM_1,H_REAL3_REPLAN,COMPLETE,1,False,True,bd26a5f46237167681713767d6861b7bc6931272cab98f1153eb9aedd8afb8c3,a5558d95ff9e37faf650b3407a3b26d37987d714f4e71d6085684b27a28e3244
R8_tworoom_02c5bb81ae3f918f45c08145,H0,R4_ALT_CEM_2,H_POLICY,FRESH_PAIRED_CONTROL,1,False,,3f02fcf2a2ec6db5a83654add702b4a60460173e847580fa1a7e19d1f44429cc,
R8_tworoom_02c5bb81ae3f918f45c08145,H0,R4_ALT_CEM_2,H_REAL3_REPLAN,COMPLETE,1,False,True,390ed6a629a0ea55d7b2a48fc1078f9a9c37b6f1e2981d1d453d5cd985aff789,2ed2a1fa6ff504224efa7026962fe0ad94620b389144a61844a00f08011b2669
R8_tworoom_02c5bb81ae3f918f45c08145,REFIT_103201,R3_ORIGINAL,H_POLICY,FRESH_PAIRED_CONTROL,1,False,,6e07a9e041ce910f7fa459f713303821f553bf24f7bcb9baf74f8a8d0320f043,
R8_tworoom_02c5bb81ae3f918f45c08145,REFIT_103201,R3_ORIGINAL,H_REAL3_REPLAN,COMPLETE,1,False,True,d56b1d362e85bbd0cf490e05597683ca5450080824f29b94760b9cbf714e08d7,676df0811c07d6950485a122d6e6a55642b8b9de8a5485dc8506ea3c588eac05
R8_tworoom_02c5bb81ae3f918f45c08145,REFIT_103201,R4_ALT_CEM_1,H_POLICY,FRESH_PAIRED_CONTROL,1,False,,f5d5133ae98666fe870cb61e38d5b3f05b0e74fe122a43812e44f5d696dc58f1,
R8_tworoom_02c5bb81ae3f918f45c08145,REFIT_103201,R4_ALT_CEM_1,H_REAL3_REPLAN,COMPLETE,1,False,True,2108186917bc67f9deef1c29be121e3c2b46a9da9fb85bee33825d0931fbb868,d852d2773e1786935bf7dad69252fa60119cac1899f8de4cb159107a35158e58
R8_tworoom_02c5bb81ae3f918f45c08145,REFIT_103201,R4_ALT_CEM_2,H_POLICY,FRESH_PAIRED_CONTROL,1,False,,de45779a5502c90ae85d2b565e5f548e7f332644ec13b7852f60d81eeadf5c4e,
R8_tworoom_02c5bb81ae3f918f45c08145,REFIT_103201,R4_ALT_CEM_2,H_REAL3_REPLAN,COMPLETE,1,False,True,da957ccfe4e75393ef3a59d67f7e743e5529e04283c5e64f5f87bbbfd171c234,c67a797b1f3ab90e42a8960c1ecaa2e6656574ae43c9379e5d88753ae441c036
R8_tworoom_02c5bb81ae3f918f45c08145,REFIT_103202,R3_ORIGINAL,H_POLICY,FRESH_PAIRED_CONTROL,1,False,,ccde65a20b9b35ac3dcb74381dc1b202eb0a3fa961eca25bab186d589f6e549f,
R8_tworoom_02c5bb81ae3f918f45c08145,REFIT_103202,R3_ORIGINAL,H_REAL3_REPLAN,COMPLETE,1,False,True,72adf4a9d39ee358ec69f4cf9b9f7d272f3f508896ff7155d5e6f0d3eadca300,70e2473d09ead27f09cc4e4fbe7bb584f4c63c7b8e34613a3c2164769b6b66fa
R8_tworoom_02c5bb81ae3f918f45c08145,REFIT_103202,R4_ALT_CEM_1,H_POLICY,FRESH_PAIRED_CONTROL,1,False,,72bc2b4bd2bc8c449721ce509f7b4b7e5c51eea8a5516768063e083ea8f55b44,
R8_tworoom_02c5bb81ae3f918f45c08145,REFIT_103202,R4_ALT_CEM_1,H_REAL3_REPLAN,COMPLETE,1,False,True,85cfc690d6fa234b8b59c888c66e3f7009794453aacc63c7e8f4be2fc7f04006,0dc73036db1fd4e0e9897a80ac746c1da4aabebc2606a629433eb34def09a401
R8_tworoom_02c5bb81ae3f918f45c08145,REFIT_103202,R4_ALT_CEM_2,H_POLICY,FRESH_PAIRED_CONTROL,1,False,,0dbb68852afb395bb0c6e8ed35561d1c5b654c84e1c9de1ca7ce9679a93fad16,
R8_tworoom_02c5bb81ae3f918f45c08145,REFIT_103202,R4_ALT_CEM_2,H_REAL3_REPLAN,COMPLETE,1,False,True,f938d5c2495846723908c2b8a7759768f70a703eaeb3603d8bd8479e5faff137,b44d8d71b74b4bd20e06e5ed46727ec9f6a70776db4d8c9157ea0298902ce0e5
R8_tworoom_02c5bb81ae3f918f45c08145,REFIT_103203,R3_ORIGINAL,H_POLICY,FRESH_PAIRED_CONTROL,1,False,,53a19d56bde66d5e08bac39b9fb20a32a31e27748da1ffc3d13686f42ff15c70,
R8_tworoom_02c5bb81ae3f918f45c08145,REFIT_103203,R3_ORIGINAL,H_REAL3_REPLAN,COMPLETE,1,False,True,c058ab2f7c5f04841a4b7025f63c7c67060dc149c9d820eda83c173babed1c32,4c521b5b045c1ea251ae18198aa2cc4a5d124050a53f36392dace06ad3963920
R8_tworoom_02c5bb81ae3f918f45c08145,REFIT_103203,R4_ALT_CEM_1,H_POLICY,FRESH_PAIRED_CONTROL,1,False,,45667285292690da1c4e8bf807b673cbaf66caefb7c74532b16a66eb9eab9c7b,
R8_tworoom_02c5bb81ae3f918f45c08145,REFIT_103203,R4_ALT_CEM_1,H_REAL3_REPLAN,COMPLETE,1,False,True,3e38dbef2ea7c6694c484086ebf0a6db796a6d8c41de699db3cfea05056acf01,7cc9cab67585e831975c8778ba83cbe9f0b186e6f8171d077f01f51427c6e5c3
R8_tworoom_02c5bb81ae3f918f45c08145,REFIT_103203,R4_ALT_CEM_2,H_POLICY,FRESH_PAIRED_CONTROL,1,False,,c548582e2425d9a3434dea8088469499e10a58c1459be15ed1ef15aa41c809e4,
R8_tworoom_02c5bb81ae3f918f45c08145,REFIT_103203,R4_ALT_CEM_2,H_REAL3_REPLAN,COMPLETE,1,False,True,bd665125d833fc85cb111f8e9961b26caea6d03222abe3928ee89338bb745025,e60b255b1571f05747372e7879dfb115f0b856dadac107d1c8511018bd52e98a
R8_tworoom_02d714c413bbbd0601fb4d3d,H0,R3_ORIGINAL,H_POLICY,FRESH_PAIRED_CONTROL,1,False,,c897d54fc57aa695559f27b8c5989741a6964e12620ba5794c49a2698a965641,
R8_tworoom_02d714c413bbbd0601fb4d3d,H0,R3_ORIGINAL,H_REAL3_REPLAN,COMPLETE,1,False,True,ce143f44ab3beafe0c784b4220cbbc724c77d98e0818aeca7035897ebbe67989,e6e21b46188af489879055806583074652fc3acb3b3f2c5d7dcbe1b21542561b
R8_tworoom_02d714c413bbbd0601fb4d3d,H0,R4_ALT_CEM_1,H_POLICY,FRESH_PAIRED_CONTROL,1,False,,b61bfc8edc4076e8da12f484a10c0ba73a01db786c9ffc000abb84f51b560b7f,
R8_tworoom_02d714c413bbbd0601fb4d3d,H0,R4_ALT_CEM_1,H_REAL3_REPLAN,COMPLETE,1,False,True,63089787ce13b1768e40a4d7c627c794b36eafff33ca0654e984f59654b7693c,1435b845f09cbcbe2dde0fe0eef934d08fb549d29cf785aaa1857f49850178f0
R8_tworoom_02d714c413bbbd0601fb4d3d,H0,R4_ALT_CEM_2,H_POLICY,FRESH_PAIRED_CONTROL,1,False,,d4324ec32f58e327d64eca8a0eb1e26c60597ca1b74d5edb5a431ef66bf56866,
R8_tworoom_02d714c413bbbd0601fb4d3d,H0,R4_ALT_CEM_2,H_REAL3_REPLAN,COMPLETE,1,False,True,d0a2872f0caad8d6b392b38ef6e2977134b392b643d0c4b3d66fa83f2f7fa352,f6074094be9ef0066c37f46c1dd1da9ba801a0bf8827e959b93705d6f3b1b6a2
R8_tworoom_02d714c413bbbd0601fb4d3d,REFIT_103201,R3_ORIGINAL,H_POLICY,FRESH_PAIRED_CONTROL,1,False,,411f1b71287e98586abe08fdd70cbe6234ace45036b044de8d7c1e6d5caf312d,
R8_tworoom_02d714c413bbbd0601fb4d3d,REFIT_103201,R3_ORIGINAL,H_REAL3_REPLAN,COMPLETE,1,False,True,570ada9a7ea8559385b0b3adc6eb9fbd399fa6906c152591437e068b5f837a80,eef21b8392af185e8e8ea1fb7853e9d27f5337f6548e185e9d723014f18747cd
R8_tworoom_02d714c413bbbd0601fb4d3d,REFIT_103201,R4_ALT_CEM_1,H_POLICY,FRESH_PAIRED_CONTROL,1,False,,41fb3e9f07b4328ebd8a905d091348e75d1fdbe81a4bdfa67127cffedee3fe3c,
R8_tworoom_02d714c413bbbd0601fb4d3d,REFIT_103201,R4_ALT_CEM_1,H_REAL3_REPLAN,COMPLETE,1,False,True,8a5641f468e58e133a36339b9f99dc7bc71fb4745002bfbcbdeccd650375f6a5,031bc2f9bc299811c20f87fc8be082ed38492519fe3f686393a720a9dc3e5904
R8_tworoom_02d714c413bbbd0601fb4d3d,REFIT_103201,R4_ALT_CEM_2,H_POLICY,FRESH_PAIRED_CONTROL,1,False,,8f612fa50e16279ed75abc4a32594b76c6fa71d011917b6c6a787b5e86361500,
R8_tworoom_02d714c413bbbd0601fb4d3d,REFIT_103201,R4_ALT_CEM_2,H_REAL3_REPLAN,COMPLETE,1,False,True,accf8f0e24e53231d8ab3fbdef6d15c24762c896be9563ef8da9301ca49e2821,304ff575206827ac32e61b38bb5528207714e6964142ecf297a441a443d4069b
R8_tworoom_02d714c413bbbd0601fb4d3d,REFIT_103202,R3_ORIGINAL,H_POLICY,FRESH_PAIRED_CONTROL,1,False,,4197ea09a5bde69b427811b2028583b85e4184449eab3fe28b5650dc469548ae,
R8_tworoom_02d714c413bbbd0601fb4d3d,REFIT_103202,R3_ORIGINAL,H_REAL3_REPLAN,COMPLETE,1,False,True,685657082effe5d54268f85f5587f2dbc63c58f5791d7b66acbbb10d1707eeb9,8fb1ae6e6db9f7ca70d367a76a3999a515e046f77c3d2e7b0d1b3f88535ae182
R8_tworoom_02d714c413bbbd0601fb4d3d,REFIT_103202,R4_ALT_CEM_1,H_POLICY,FRESH_PAIRED_CONTROL,1,False,,ccac68cb5a9adddf8c4a6b4e00fed4d0276412ff3ebae434c38366477689ab46,
R8_tworoom_02d714c413bbbd0601fb4d3d,REFIT_103202,R4_ALT_CEM_1,H_REAL3_REPLAN,COMPLETE,1,False,True,c3fa075d8d67424323cf8dd5363a59d750124b067193020a0863f2a435fab18d,d44904a1670746b271d7fb755ca331825fcbeaff3408418acdce24681ab6755e
R8_tworoom_02d714c413bbbd0601fb4d3d,REFIT_103202,R4_ALT_CEM_2,H_POLICY,FRESH_PAIRED_CONTROL,1,False,,69a6a22437588d63bafebbc1b0de4fdc959884891e272634a74dcaf3e577bd9a,
R8_tworoom_02d714c413bbbd0601fb4d3d,REFIT_103202,R4_ALT_CEM_2,H_REAL3_REPLAN,COMPLETE,1,False,True,4ab036988023e5e52271f92b286e6a95ff7a989c4357543c2bcd2b1ac3ab1914,c1561119e03ff29a118af9944f3803d2921ba1e5738bcd9ca7485cf73989868e
R8_tworoom_02d714c413bbbd0601fb4d3d,REFIT_103203,R3_ORIGINAL,H_POLICY,FRESH_PAIRED_CONTROL,1,False,,6120cd1f967e03d67a362d44040cf4bdc4324803f6d48cfa391f002af38198c7,
R8_tworoom_02d714c413bbbd0601fb4d3d,REFIT_103203,R3_ORIGINAL,H_REAL3_REPLAN,COMPLETE,1,False,True,e558634f544e29352e38c12b295c732379074f8843227f34e8acaf67640f3312,2097b94a7c78305c7219bceb79ebc6391ec4373c670cf041c98757968be01473
R8_tworoom_02d714c413bbbd0601fb4d3d,REFIT_103203,R4_ALT_CEM_1,H_POLICY,FRESH_PAIRED_CONTROL,1,False,,148ceeee74cf09b9bf904adc6311906cc963e019a00355707dd82f255b3a2439,
R8_tworoom_02d714c413bbbd0601fb4d3d,REFIT_103203,R4_ALT_CEM_1,H_REAL3_REPLAN,COMPLETE,1,False,True,33cdc3e404f0eee9b83fa329241ae7a1928653a5d1e6d526d7b211bb64cec1ad,30aa8f0335bd4c820787bf74e91880f5c17842b6395794a533abe6a1e7be4eb4
R8_tworoom_02d714c413bbbd0601fb4d3d,REFIT_103203,R4_ALT_CEM_2,H_POLICY,FRESH_PAIRED_CONTROL,1,False,,669893867083f048fca5c7dcbb0366f32f169ec44e0bc857f86f578e75b99b80,
R8_tworoom_02d714c413bbbd0601fb4d3d,REFIT_103203,R4_ALT_CEM_2,H_REAL3_REPLAN,COMPLETE,1,False,True,f00c4b0be9849767c25a4c6d96ca39607cc62690919584dee6b8eeb1b9690e6d,f2b5ad0c2ac1c4f12f460d6e0cc63a3673a1319196523e15c359e9df2f676fc2
R8_tworoom_02ded7194e65433a137a4758,H0,R3_ORIGINAL,H_POLICY,FRESH_PAIRED_CONTROL,1,False,,007dfe054d4fa1b1f2d50534878786c3a749eb485d0e9e82535fd9e697f21208,
R8_tworoom_02ded7194e65433a137a4758,H0,R3_ORIGINAL,H_REAL3_REPLAN,COMPLETE,1,False,True,19751ce85ecc3da37f8a8f70cf34035fd885495a80f2ca1aff143e0ed20dc982,771b6ca63202cbf2a550f23ff309aa737040ff6ff1d9af8d412d1a3fbc3ee412
R8_tworoom_02ded7194e65433a137a4758,H0,R4_ALT_CEM_1,H_POLICY,FRESH_PAIRED_CONTROL,1,True,,78fcba835b79c5da5fbe8e8d0ae2d5edb054e8a961c4a3255c31485f8f8fd8eb,
R8_tworoom_02ded7194e65433a137a4758,H0,R4_ALT_CEM_1,H_REAL3_REPLAN,COMPLETE,1,True,True,f17afc965b9135ed199caa4960aba5e7b84fa3dd37e0ab71efc2c823dbfc64ce,04022094a9f8aca6cb3ec3741a39ec504241566b031312d25e9fa2f4e540d9c2
R8_tworoom_02ded7194e65433a137a4758,H0,R4_ALT_CEM_2,H_POLICY,FRESH_PAIRED_CONTROL,1,False,,f797025ebe7c3ddd5ea099cfe8768fee7bab83047bf6e233dfe7aea77459df86,
R8_tworoom_02ded7194e65433a137a4758,H0,R4_ALT_CEM_2,H_REAL3_REPLAN,COMPLETE,1,False,True,e52ecee87410841941018244fd1f23cd8536b45012f7c7fbc578457dc082e271,38ce08d37577db033a9d4247ca06b93f59b0b57df3ceb265d68e2b264ad8d6b3
R8_tworoom_02ded7194e65433a137a4758,REFIT_103201,R3_ORIGINAL,H_POLICY,FRESH_PAIRED_CONTROL,1,False,,cfea94394a8b1e153b5c9a2dce14eb8aead4465e1d9b1fe6f3a1f3f08be5dd20,
R8_tworoom_02ded7194e65433a137a4758,REFIT_103201,R3_ORIGINAL,H_REAL3_REPLAN,COMPLETE,1,False,True,a373882452315c6557e197ff4e14051388c6d946074932174b69628b7d4e1a50,ee6e6e6e7f9a5c075564d86eef141d3bfe179e4668ec192a5a74fa2f131b4d31
R8_tworoom_02ded7194e65433a137a4758,REFIT_103201,R4_ALT_CEM_1,H_POLICY,FRESH_PAIRED_CONTROL,1,False,,ceec95e990b21298707ef90053029b1188138efd6cc3c8732e35dbc5b9d2ca43,
R8_tworoom_02ded7194e65433a137a4758,REFIT_103201,R4_ALT_CEM_1,H_REAL3_REPLAN,COMPLETE,1,False,True,cbacc7c9403dbee74fbcf808893c3522ac41ec8c571c394ce08f4e27cd702d3d,c955624902ad615591463e7fbbafd5ebab640f250c6daea996e498ec3b0df3bc
R8_tworoom_02ded7194e65433a137a4758,REFIT_103201,R4_ALT_CEM_2,H_POLICY,FRESH_PAIRED_CONTROL,1,False,,c5166e4c49aba8658c2e95dc13765617eb7a74dbe796f95b15adacb85a8efa65,
R8_tworoom_02ded7194e65433a137a4758,REFIT_103201,R4_ALT_CEM_2,H_REAL3_REPLAN,COMPLETE,1,False,True,0e836515f24b9a166c111e7f3cbbf2c1de41384dce072ab8d7a0b628fcafee94,282b8c4ef65f92eb34f8b129d54fe075b285f2f97e0aec41ded0410a2df39b7a
R8_tworoom_02ded7194e65433a137a4758,REFIT_103202,R3_ORIGINAL,H_POLICY,FRESH_PAIRED_CONTROL,1,False,,8ecddb02ba7ca38e319cfe235c60e8a6752ca14a9acadcbca91725b699876a89,
R8_tworoom_02ded7194e65433a137a4758,REFIT_103202,R3_ORIGINAL,H_REAL3_REPLAN,COMPLETE,1,False,True,56e80df69f4e0bb132a54e50d3c603dc361afc07dd003149be670a4e49948b3e,4e5adc0d8d6d6496f707bdf609ff8c7bcb1fd7fdbddf4a25a8d9dfce3557bb55
R8_tworoom_02ded7194e65433a137a4758,REFIT_103202,R4_ALT_CEM_1,H_POLICY,FRESH_PAIRED_CONTROL,1,False,,155a2e2a39da87a802851f673ea4165b53aed286aeea513bd234d908886319f2,
R8_tworoom_02ded7194e65433a137a4758,REFIT_103202,R4_ALT_CEM_1,H_REAL3_REPLAN,COMPLETE,1,False,True,4500f883afaf99000b26d6633f912ab58314795d89054041841c330d573c528c,b1b1f744d369a7cd734793c1c6e1d208ef4818a8aa9851a3954daf39984b725b
R8_tworoom_02ded7194e65433a137a4758,REFIT_103202,R4_ALT_CEM_2,H_POLICY,FRESH_PAIRED_CONTROL,1,False,,c7ae098c61921d1b685e35573470d7cd3a6b6baa7073ca0bb3d4d440e91c627d,
R8_tworoom_02ded7194e65433a137a4758,REFIT_103202,R4_ALT_CEM_2,H_REAL3_REPLAN,COMPLETE,1,False,True,e7287e2de854720b13f691d46ecd79ab489902586e73f06c03f5ee4d219094d9,aa0f86f3fa2db664919193ec650237acecb72c78538f051b9a841b76c1e71e81
R8_tworoom_02ded7194e65433a137a4758,REFIT_103203,R3_ORIGINAL,H_POLICY,FRESH_PAIRED_CONTROL,1,False,,deb15b56be28aeb1c1cb34641256afb37ee7313fe8ef5a8d3c55bff7ac2220f5,
R8_tworoom_02ded7194e65433a137a4758,REFIT_103203,R3_ORIGINAL,H_REAL3_REPLAN,COMPLETE,1,False,True,43d29d6c007a315148d61dde75bdaaec840239ac6f20de74bcd214a59ae5d344,7301ef4bb050abf9b720121bfb5f7a0575bc1307b3346424a5129c79af8429e5
R8_tworoom_02ded7194e65433a137a4758,REFIT_103203,R4_ALT_CEM_1,H_POLICY,FRESH_PAIRED_CONTROL,1,True,,99b16cb091a3fce1d3360174aa9ec7f89a787bd53872f4baf72505262f8f1a1d,
R8_tworoom_02ded7194e65433a137a4758,REFIT_103203,R4_ALT_CEM_1,H_REAL3_REPLAN,COMPLETE,1,True,True,c8f42248aca1ec3922185ff5a6a9b5018f255b74ad8efbcb142139679d8bbbed,8d3647526a62b07896642cb6719fafb8380517b3fd7474d7c9ed126304e15d28
R8_tworoom_02ded7194e65433a137a4758,REFIT_103203,R4_ALT_CEM_2,H_POLICY,FRESH_PAIRED_CONTROL,1,False,,be505253256ae5a2b9c8786524123f383658b5449ec9df475fa1cd8c6b169360,
R8_tworoom_02ded7194e65433a137a4758,REFIT_103203,R4_ALT_CEM_2,H_REAL3_REPLAN,COMPLETE,1,False,True,655f3f328b58ba1dd3082c5efd97c0536800b0df5232d8120db9e6288a7870e3,72b6512e752e5996ee7010e251823a203831ffc537dd5798f2583d0316bef0ce
R8_tworoom_02f110e92f4d49fdbc75429a,H0,R3_ORIGINAL,H_POLICY,FRESH_PAIRED_CONTROL,1,False,,5dfeac0d5f4b81fd98b8471da172f78b5dc007458a4f98a58ce0099899339088,
R8_tworoom_02f110e92f4d49fdbc75429a,H0,R3_ORIGINAL,H_REAL3_REPLAN,COMPLETE,1,False,True,a3ff5b69fd5b28b233e47a306d6cce3e8b8d66b4fdb1f1ac6eadb731662ad8f6,a7559ba396955af12deebe2404abfd5006dd18af31dd8ec494849efc403dd3cd
R8_tworoom_02f110e92f4d49fdbc75429a,H0,R4_ALT_CEM_1,H_POLICY,FRESH_PAIRED_CONTROL,1,False,,d2198f9f05b4e3499f896e39929b61d6f473442d824439e5e321932eaee940ac,
R8_tworoom_02f110e92f4d49fdbc75429a,H0,R4_ALT_CEM_1,H_REAL3_REPLAN,COMPLETE,1,False,True,805053481e02d89bca1fdb3955956ddf5e6170eb1e6232b7beb4899b9efbbe67,6d07098433c5f56c3004939304a27e01aadd2162eb041d22e2e1fb240d8cb165
R8_tworoom_02f110e92f4d49fdbc75429a,H0,R4_ALT_CEM_2,H_POLICY,FRESH_PAIRED_CONTROL,1,False,,c2f54fe04abc4210d5b67b27ceec289ba71fb9372a57be8f3f0ad6e20c74e5fd,
R8_tworoom_02f110e92f4d49fdbc75429a,H0,R4_ALT_CEM_2,H_REAL3_REPLAN,COMPLETE,1,False,True,421da79750099aa32af409d285cb24fdb6bb3da7bba2d948b776cd944e63b935,7b12929a17ef008b1cde9fa5fd2f1afc5dc5a7b61e4098f297f37ac8928a58d3
R8_tworoom_02f110e92f4d49fdbc75429a,REFIT_103201,R3_ORIGINAL,H_POLICY,FRESH_PAIRED_CONTROL,1,False,,2c0f8d9366b0d3235fdc60a5603b5b4362c3578c7cf77ab4f08656133458b3c3,
R8_tworoom_02f110e92f4d49fdbc75429a,REFIT_103201,R3_ORIGINAL,H_REAL3_REPLAN,COMPLETE,1,False,True,75c71de9ba74a329a50430451166cb24ec311066225f9a07650407212dc72d6e,3880133309949bcd7c8d9b8a290a0a5fe25c6e21dccc7fcc0163e8fab0f7856d
R8_tworoom_02f110e92f4d49fdbc75429a,REFIT_103201,R4_ALT_CEM_1,H_POLICY,FRESH_PAIRED_CONTROL,1,False,,5bf655053e710c6e10fbaa7f3b6341ea1c886b2bad7c8120f0e95b5dd7a5991f,
R8_tworoom_02f110e92f4d49fdbc75429a,REFIT_103201,R4_ALT_CEM_1,H_REAL3_REPLAN,COMPLETE,1,False,True,a44280f4bb956941dfdfe3f746191e64e6d54d38cd20e18e98b35855211bd251,19e0d74e624395dc8c8cf49aee961959500138a86ecf3f547c70d6df6d3ea65b
R8_tworoom_02f110e92f4d49fdbc75429a,REFIT_103201,R4_ALT_CEM_2,H_POLICY,FRESH_PAIRED_CONTROL,1,False,,69ef3eabbceecf3b06093ad81fc9f200152eea5b72932fa44bd2c8512ee01aa4,
R8_tworoom_02f110e92f4d49fdbc75429a,REFIT_103201,R4_ALT_CEM_2,H_REAL3_REPLAN,COMPLETE,1,False,True,23f51e95d9d4d8f04877ae645ef6a7f9220d9106f834db31245e1e21b19317fc,c7a47d979a86717b2db223e3f84331121cbfc44229d5c4188bf50be6ee12a24b
R8_tworoom_02f110e92f4d49fdbc75429a,REFIT_103202,R3_ORIGINAL,H_POLICY,FRESH_PAIRED_CONTROL,1,False,,a92cdda7edbf9713fc0d8c1768a3922480fbc11971eff3ea68500b898a3c3794,
R8_tworoom_02f110e92f4d49fdbc75429a,REFIT_103202,R3_ORIGINAL,H_REAL3_REPLAN,COMPLETE,1,False,True,bc2f2ebc0d437765ec540e98903c8886d215c6f1b4329530d3615d2c4d6580a7,95e0ff4c61b3f97bca28fe12bb1b0e79e063fc7bcb2334859ab5f1cbfd3c09db
R8_tworoom_02f110e92f4d49fdbc75429a,REFIT_103202,R4_ALT_CEM_1,H_POLICY,FRESH_PAIRED_CONTROL,1,False,,5b7b0d5b26e894769f6eca17f994dbdf19ff4acfb13fc6d8d43d721df0ea8cfd,
R8_tworoom_02f110e92f4d49fdbc75429a,REFIT_103202,R4_ALT_CEM_1,H_REAL3_REPLAN,COMPLETE,1,False,True,d64c619770888a883132c2d1db613d2db7ae5544a4022313dd2340b7687cc857,e1220298b1aa313e28e21624d83bc33821c88fca4e2f94ca9b4cac3797454002
R8_tworoom_02f110e92f4d49fdbc75429a,REFIT_103202,R4_ALT_CEM_2,H_POLICY,FRESH_PAIRED_CONTROL,1,False,,75de751cd84d4038923b7b54986b0d160274a0a2be4045ea5e6041237d8b9455,
R8_tworoom_02f110e92f4d49fdbc75429a,REFIT_103202,R4_ALT_CEM_2,H_REAL3_REPLAN,COMPLETE,1,False,True,239f0f222360f30bfed3b261cb18843ec9c3017a67e8c9561a8bb0198e4dc542,81596483dd5a51980011c7a4c15774b532e1e679235d9d28e00662011f5455d0
R8_tworoom_02f110e92f4d49fdbc75429a,REFIT_103203,R3_ORIGINAL,H_POLICY,FRESH_PAIRED_CONTROL,1,False,,6a45a21a748d5b654ced7b7eec5385934c60a01f77416c47e31557c16acb5333,
R8_tworoom_02f110e92f4d49fdbc75429a,REFIT_103203,R3_ORIGINAL,H_REAL3_REPLAN,COMPLETE,1,False,True,886c324050d7e3e70ea761a0eff4046cbf89394e58e5f9baa1a582d73353057e,7eb889183a39a691286cf4015a7da7b805f941e78c6aedafde1b479376a26465
R8_tworoom_02f110e92f4d49fdbc75429a,REFIT_103203,R4_ALT_CEM_1,H_POLICY,FRESH_PAIRED_CONTROL,1,False,,496982b5e6f4315b14371d6e30013dd361b24f389be11f7a7f8a4c0f9e377bed,
R8_tworoom_02f110e92f4d49fdbc75429a,REFIT_103203,R4_ALT_CEM_1,H_REAL3_REPLAN,COMPLETE,1,False,True,5b8e4e15c9011878d6607587ab8ddc08594345414c8f8fe0faa84328c66314bc,c7a88fa31dc6a7803d1bc7de87cbb6675bbc82810c1adfc03b7f22f52de1bd55
R8_tworoom_02f110e92f4d49fdbc75429a,REFIT_103203,R4_ALT_CEM_2,H_POLICY,FRESH_PAIRED_CONTROL,1,False,,1eda8fe0b6f6c66305b4e20d9b5fc64d7fc73dd2576aa21cf6f1aec40bc2351c,
R8_tworoom_02f110e92f4d49fdbc75429a,REFIT_103203,R4_ALT_CEM_2,H_REAL3_REPLAN,COMPLETE,1,False,True,e82b94abed7f6c8bd43b8e2fb12cea156321fde698a223242afc723b88bff7f1,d8a46746fff0a889cb4297f70a01fdd85c67a67a83deee861fb792605f85586c
R8_tworoom_031a32eb62cc199fab44890e,H0,R3_ORIGINAL,H_POLICY,FRESH_PAIRED_CONTROL,1,True,,7125dfbc80251b7e4bc5aa10bd333e2c5ba587c5409782702bac030f68f7098e,
R8_tworoom_031a32eb62cc199fab44890e,H0,R3_ORIGINAL,H_REAL3_REPLAN,COMPLETE,1,True,True,177e8283c03485713ffe5029a0c7cae11b2711c761d4029693fdb08495ff7613,b360458340687b35baf868a6c52b0c8ce7c05aaddc0525fe596b5d44057cfae3
R8_tworoom_031a32eb62cc199fab44890e,H0,R4_ALT_CEM_1,H_POLICY,FRESH_PAIRED_CONTROL,1,True,,06069d14a9bd261b1f233534d12a793b5b345b46d42ff3ebfefaf56610aed92c,
R8_tworoom_031a32eb62cc199fab44890e,H0,R4_ALT_CEM_1,H_REAL3_REPLAN,COMPLETE,0,True,True,a1dfc7669ace952bfc2123f3fd2611685c803711787803751316a8b4b6320de9,2ea53b487183b52670c44f625f6f6459d98bba38a95bea9ae7ee7a277bd7516d
R8_tworoom_031a32eb62cc199fab44890e,H0,R4_ALT_CEM_2,H_POLICY,FRESH_PAIRED_CONTROL,1,True,,91bf3822007dfc94cd97f00e21a6aa45074b85bd7e6cdc3ac551c95d22f0c29f,
R8_tworoom_031a32eb62cc199fab44890e,H0,R4_ALT_CEM_2,H_REAL3_REPLAN,COMPLETE,1,True,True,a7539c24d3d38f212646a5098d5a8f8987767c34ae74e4bea02e2edebafac49d,7837922554cfffed4c63f8ed9082692de0e367acf622f92a8df00800440cabb2
R8_tworoom_031a32eb62cc199fab44890e,REFIT_103201,R3_ORIGINAL,H_POLICY,FRESH_PAIRED_CONTROL,1,True,,ea34c4381735958b1941201ef9e0cf5b2962e61e5a4b8b28dac631c645546af9,
R8_tworoom_031a32eb62cc199fab44890e,REFIT_103201,R3_ORIGINAL,H_REAL3_REPLAN,COMPLETE,1,True,True,9469c7b6ac5bfca0c1cab5028bce8502826c76d15a4855112d137dcd229885aa,596757a3df7d5ec10b53a4325ad640461346c9ee49258e417b3cd78bac2be660
R8_tworoom_031a32eb62cc199fab44890e,REFIT_103201,R4_ALT_CEM_1,H_POLICY,FRESH_PAIRED_CONTROL,1,True,,ff03b09d15fbdc0fbd84c68821ba0458b6eb6be9fffa64a9d0d31f17a961fd8b,
R8_tworoom_031a32eb62cc199fab44890e,REFIT_103201,R4_ALT_CEM_1,H_REAL3_REPLAN,COMPLETE,1,True,True,1c071accd1b5cfe08d1607a50e2ade827ac0f75b9111cbddff46e9eedc6b2d67,01a6d8cb279bbf66bda7817855d82e09fe8b3186bf4a7d338fc8e8132417ee3b
R8_tworoom_031a32eb62cc199fab44890e,REFIT_103201,R4_ALT_CEM_2,H_POLICY,FRESH_PAIRED_CONTROL,0,True,,676af44d12b84282f8f413ba7ee18205bb3cb2a96412cc496e802dc469f2cf23,
R8_tworoom_031a32eb62cc199fab44890e,REFIT_103201,R4_ALT_CEM_2,H_REAL3_REPLAN,COMPLETE,0,True,True,ef03c2b229346f57187904c62ac5a398b387b09c9365c56e14e06bfad95b0af9,104d51dd029e71e53976a7e7ec3288156c7850ec360d864cde49a717eaedc9d7
R8_tworoom_031a32eb62cc199fab44890e,REFIT_103202,R3_ORIGINAL,H_POLICY,FRESH_PAIRED_CONTROL,1,True,,1966efeac4ec39384c7a181d358c50b6a25258406150b0f741d41232a9685ea6,
R8_tworoom_031a32eb62cc199fab44890e,REFIT_103202,R3_ORIGINAL,H_REAL3_REPLAN,COMPLETE,0,True,True,37e4503924d035e6f1bdef7d53f6eac1837f7c4e132b768f3d05ec899b161228,944189e29e028d98a60a65264e3568845e3c9c0375ebd24b45c9570a86131adb
R8_tworoom_031a32eb62cc199fab44890e,REFIT_103202,R4_ALT_CEM_1,H_POLICY,FRESH_PAIRED_CONTROL,0,True,,6e263d1d31d9fba9f65d168ce40edfa0bb51e3b5c3d8ae3d10108a2ba9f4face,
R8_tworoom_031a32eb62cc199fab44890e,REFIT_103202,R4_ALT_CEM_1,H_REAL3_REPLAN,COMPLETE,1,True,True,eefa8286cefea673870996e7b153758f61184cba2721459eb746d2f47d55fda8,38273323715d2c86c7b01b07acf1d19d6d29a3152fbc8daa59bebed4d0cea044
R8_tworoom_031a32eb62cc199fab44890e,REFIT_103202,R4_ALT_CEM_2,H_POLICY,FRESH_PAIRED_CONTROL,0,True,,198c520261fec8ed35d643c27f39aaa22f24c215871d1169b62ecd7f8e708317,
R8_tworoom_031a32eb62cc199fab44890e,REFIT_103202,R4_ALT_CEM_2,H_REAL3_REPLAN,COMPLETE,0,True,True,b0907f13ab1ddf6640e5b6213e5b2ce39dee05af089adb7673d1495bd7701a77,e1506ef9b06462976829f6745d67111fbffd316fde6bb64d09660c9b6cb04cfd
R8_tworoom_031a32eb62cc199fab44890e,REFIT_103203,R3_ORIGINAL,H_POLICY,FRESH_PAIRED_CONTROL,1,False,,27489da7547724f51c0736686fb8dcb5519191d78bde6b207ab3a85773d3569f,
R8_tworoom_031a32eb62cc199fab44890e,REFIT_103203,R3_ORIGINAL,H_REAL3_REPLAN,COMPLETE,1,False,True,836ea9973260a866734029e96f239bc153d52b595afaa4f53e018d8bedd6d28c,b6fafa063b398e6b20d34f42fb351a25195c20fdc80cbefc977d9018d6e76314
R8_tworoom_031a32eb62cc199fab44890e,REFIT_103203,R4_ALT_CEM_1,H_POLICY,FRESH_PAIRED_CONTROL,0,True,,c7b444ffa56a9e1be37fbcfaa802ad31648431a67ed8296d9dec348d5af5b936,
R8_tworoom_031a32eb62cc199fab44890e,REFIT_103203,R4_ALT_CEM_1,H_REAL3_REPLAN,COMPLETE,0,True,True,893094826cc6851bfc69a410468606d9b2dd81993bc5e8be5a60bbe405acdea0,45bc177dddd2365460c417d17d4851464f579a0cea306a2a8b58f8472e2ae61d
R8_tworoom_031a32eb62cc199fab44890e,REFIT_103203,R4_ALT_CEM_2,H_POLICY,FRESH_PAIRED_CONTROL,0,True,,a194d9570527accec8b139e216a23ede8d1c5b6fef6961cf5af22c7eaa6a90a8,
R8_tworoom_031a32eb62cc199fab44890e,REFIT_103203,R4_ALT_CEM_2,H_REAL3_REPLAN,COMPLETE,0,True,True,df8fe369fecaf447d7195eb98f62735e3bbc6518bf51556237fadf8d4b53da1c,b5a30c035f66c93b15b3c253425339d1454ac9e8a30bb218f9039d66c7c4be4b
R8_tworoom_031a5d25e58a49a33676fb9a,H0,R3_ORIGINAL,H_POLICY,FRESH_PAIRED_CONTROL,1,False,,9a99eaf08cf8d252c331fa6af6f8052f959c4dfac6506c2adcd69ca14475eb43,
R8_tworoom_031a5d25e58a49a33676fb9a,H0,R3_ORIGINAL,H_REAL3_REPLAN,COMPLETE,1,False,True,84c34c3166e2486be7f3901bdc02aea735ffaa6462b3a9c746d6e0bb29c5e559,33d6dad1a40a38ad37255c1989e5e4c3b827a0693ffc035016873125c45c1f5e
R8_tworoom_031a5d25e58a49a33676fb9a,H0,R4_ALT_CEM_1,H_POLICY,FRESH_PAIRED_CONTROL,1,True,,6d33e652f82dba74657db259f18952f95b135495c369fab0cb9007caf61d0723,
R8_tworoom_031a5d25e58a49a33676fb9a,H0,R4_ALT_CEM_1,H_REAL3_REPLAN,COMPLETE,1,True,True,0f7019f05f4e5cd4d85bc4698090ba359cfb3ccd879c3898e20b7456a2c5bf71,c4684b5c4da6fb5c41e65c69976cab1556cece2c05ef50a98d828142bf17a672
R8_tworoom_031a5d25e58a49a33676fb9a,H0,R4_ALT_CEM_2,H_POLICY,FRESH_PAIRED_CONTROL,1,False,,d65222f7cf5959f097d9205860f10b73ec1335250cc39a5dbe5090f5abb88a62,
R8_tworoom_031a5d25e58a49a33676fb9a,H0,R4_ALT_CEM_2,H_REAL3_REPLAN,COMPLETE,1,False,True,9e4a3c0826a47f5a088c01c9092e818c98bd5f522f678494f4cfba35b78afaec,3f71fb8c89f3750d20b979e4184ecdd8623f7977e31470b5a72cba2fb8e9ae62
R8_tworoom_031a5d25e58a49a33676fb9a,REFIT_103201,R3_ORIGINAL,H_POLICY,FRESH_PAIRED_CONTROL,0,True,,8532a084a23aa90394e51c3bbf866240088eade7646ebd949b97697bca8115b2,
R8_tworoom_031a5d25e58a49a33676fb9a,REFIT_103201,R3_ORIGINAL,H_REAL3_REPLAN,COMPLETE,0,True,True,d164b00f6b96163ec62fc9587d28dfae04560d73b9ae2e6b723c245f084bc0fc,df89dea7fb69f7286775128579b7b68a15c6993060af1d3b551929f4c6e390a4
R8_tworoom_031a5d25e58a49a33676fb9a,REFIT_103201,R4_ALT_CEM_1,H_POLICY,FRESH_PAIRED_CONTROL,1,True,,7398c311dd91a9b550ff9c11841979a0bf45b9cab657e161afddfbe46d4ad433,
R8_tworoom_031a5d25e58a49a33676fb9a,REFIT_103201,R4_ALT_CEM_1,H_REAL3_REPLAN,COMPLETE,0,True,True,69662a0dc5453912f6a7ac2510bfa6a49ffb599ea090655456615b2456391971,6b8da8d86176d78af0a8a3b059b14fa3cc9202d4e8c2be8641966aea4da39718
R8_tworoom_031a5d25e58a49a33676fb9a,REFIT_103201,R4_ALT_CEM_2,H_POLICY,FRESH_PAIRED_CONTROL,1,False,,b0a5d14511ec1d953715c4d2a2e7ebe019b97c0a7b3104d2b4ee74a4e13511b7,
R8_tworoom_031a5d25e58a49a33676fb9a,REFIT_103201,R4_ALT_CEM_2,H_REAL3_REPLAN,COMPLETE,1,False,True,012d52f0270a64e4e80d45446a77e8aac84f9d9c17c6de55fa49f22b31799872,93121dae3a157de92d2548dc5a111ccbce82435e814cc36ef327e9be4eab08ea
R8_tworoom_031a5d25e58a49a33676fb9a,REFIT_103202,R3_ORIGINAL,H_POLICY,FRESH_PAIRED_CONTROL,1,False,,9abb18effc85f03cd2e02edb43e921e4def7fffbd909d3de55fdfee42642d725,
R8_tworoom_031a5d25e58a49a33676fb9a,REFIT_103202,R3_ORIGINAL,H_REAL3_REPLAN,COMPLETE,1,False,True,663619167005f8f88a5f8f6b5931a4784e761b93baa767400d64aa8c9f360eb5,91ffac275ca7a52bf8e53577c91de6295d45fc4bc746f5f6c1e6440663a4fa46
R8_tworoom_031a5d25e58a49a33676fb9a,REFIT_103202,R4_ALT_CEM_1,H_POLICY,FRESH_PAIRED_CONTROL,1,True,,ec7e5310962161472d49ba5da1a1e593d6465e159da0948427ec99f194135415,
R8_tworoom_031a5d25e58a49a33676fb9a,REFIT_103202,R4_ALT_CEM_1,H_REAL3_REPLAN,COMPLETE,1,True,True,c98c15895a8693bb2414d443f5d57e68890610498f75945c620883af107bd284,55bb9423fa00c92fea89db35d29a75df04626d9e0b65823f6e1205d922259fee
R8_tworoom_031a5d25e58a49a33676fb9a,REFIT_103202,R4_ALT_CEM_2,H_POLICY,FRESH_PAIRED_CONTROL,1,False,,a7b1acc80aac77b793013d585f3420f8230f3c93585fca9e44ca5d3ac930998f,
R8_tworoom_031a5d25e58a49a33676fb9a,REFIT_103202,R4_ALT_CEM_2,H_REAL3_REPLAN,COMPLETE,1,False,True,f220fce54912e4ea714a7e26b0184f318cf8aecd2a94bbf044c68626ef909903,9a8247ccda8af326677ddf9ea99ca45374e6bd5b5059a7815b4ec512194b72da
R8_tworoom_031a5d25e58a49a33676fb9a,REFIT_103203,R3_ORIGINAL,H_POLICY,FRESH_PAIRED_CONTROL,1,False,,af7455d2ccf800c8d2be3365c7d98372e78e883d95abc0096f4bc43d291fa82c,
R8_tworoom_031a5d25e58a49a33676fb9a,REFIT_103203,R3_ORIGINAL,H_REAL3_REPLAN,COMPLETE,1,False,True,a75561a0b16e299168640ec58a9834d6833e31291b5ddd1ead2265f3db19b3d2,43d919d622a27472c903da5b61c14e1c42b036723026e7c4758511e7cda89547
R8_tworoom_031a5d25e58a49a33676fb9a,REFIT_103203,R4_ALT_CEM_1,H_POLICY,FRESH_PAIRED_CONTROL,1,True,,5b32cf69e08ac6d2e1f5e710b34f6cc42b07f9f1dc6ddb23569ae2fb1c7e27de,
R8_tworoom_031a5d25e58a49a33676fb9a,REFIT_103203,R4_ALT_CEM_1,H_REAL3_REPLAN,COMPLETE,1,True,True,19c9e05af4cd132f1ac6c8d52b434ed59d1c0d416fb39a3b71ba63a1312bc05e,78e5bacb2ec3ec3e58a1e94a7223595169bc8cd2befb6e30fe773f53b1a37647
R8_tworoom_031a5d25e58a49a33676fb9a,REFIT_103203,R4_ALT_CEM_2,H_POLICY,FRESH_PAIRED_CONTROL,0,True,,785ef904b929d11b15f191446813e9ac9b8ba0236b1e81d671252f52c85fb7ff,
R8_tworoom_031a5d25e58a49a33676fb9a,REFIT_103203,R4_ALT_CEM_2,H_REAL3_REPLAN,COMPLETE,1,True,True,df528066cc74f14655b942366945636ea6cda656c191fd465d94b3779bf1765e,95ba38f9ef7a981107e99eafbc66416407f393b59913403b68975a0b40f77579
R8_tworoom_0347e2fccede19563d0c5c76,H0,R3_ORIGINAL,H_POLICY,FRESH_PAIRED_CONTROL,1,False,,5a868386c418af279bf14fe44d6661398edd6be40c43e72b65bfcb6932c5dbba,
R8_tworoom_0347e2fccede19563d0c5c76,H0,R3_ORIGINAL,H_REAL3_REPLAN,COMPLETE,1,False,True,7fdab0178d049983e6e25c6b8f3cbdab119e85602724941872ee385d8b33c7f1,3e6fcca58f51897d48e4429b972f558191f208a69d9612520c7c13180e65aea2
R8_tworoom_0347e2fccede19563d0c5c76,H0,R4_ALT_CEM_1,H_POLICY,FRESH_PAIRED_CONTROL,1,False,,65cb22d5ff482d9e15032643677a8c9ff2fe47f34dad224b9e8c118b4e083b6e,
R8_tworoom_0347e2fccede19563d0c5c76,H0,R4_ALT_CEM_1,H_REAL3_REPLAN,COMPLETE,1,False,True,ac554105ddc1f0788f9579e4bbee68c331a63e7be03eb4ec796d776ae5da72a8,a2b506ee66294a9937a0e0042265e6446d20e7d82bdbadbd514a1fb8b77bf01b
R8_tworoom_0347e2fccede19563d0c5c76,H0,R4_ALT_CEM_2,H_POLICY,FRESH_PAIRED_CONTROL,1,False,,8cc6d38ddd55d7ee28a77078c6dc46511d7985d343f1c5bc295ac47e84c57ed5,
R8_tworoom_0347e2fccede19563d0c5c76,H0,R4_ALT_CEM_2,H_REAL3_REPLAN,COMPLETE,1,False,True,36778e63453c0243f025083cfd303a562da1e4e33de2168b4ecca3ddd37d3896,72e5a0562528479a521dc829479c52e34d6b0170e028d821c7583ec2fbd41b13
R8_tworoom_0347e2fccede19563d0c5c76,REFIT_103201,R3_ORIGINAL,H_POLICY,FRESH_PAIRED_CONTROL,1,False,,40febc7acaf7a061f845771406b678ffbf91efae29c6162c125107a6c29176a0,
R8_tworoom_0347e2fccede19563d0c5c76,REFIT_103201,R3_ORIGINAL,H_REAL3_REPLAN,COMPLETE,1,False,True,d4cc81063184bc6c67101868258cd9956c9a8b88bc8e573099a22fae35de96cb,ec6b27d77e5d5ac39333be6f6bcbfcc4f2865ce01cc59603a8f9709c890ad61d
R8_tworoom_0347e2fccede19563d0c5c76,REFIT_103201,R4_ALT_CEM_1,H_POLICY,FRESH_PAIRED_CONTROL,1,False,,e5fdba6daf75a11e8c8dc6836524cd4c2b62e7401ddd184ed578fbe805edeba8,
R8_tworoom_0347e2fccede19563d0c5c76,REFIT_103201,R4_ALT_CEM_1,H_REAL3_REPLAN,COMPLETE,1,False,True,c39d3c926669b52013f774ef6e364f9752ea60c73d096e36ca9b725f4c710d58,757e4305bf04983bf7316a012d7fdae1480d285fc312ee40e214720d83408e59
R8_tworoom_0347e2fccede19563d0c5c76,REFIT_103201,R4_ALT_CEM_2,H_POLICY,FRESH_PAIRED_CONTROL,1,False,,ab5c5587437c310fcb10d9fdb7f39e0b83289d8a6802ae112bd3451cfde1399b,
R8_tworoom_0347e2fccede19563d0c5c76,REFIT_103201,R4_ALT_CEM_2,H_REAL3_REPLAN,COMPLETE,1,False,True,19de69cac4c0569b23ab0fdd5d3971811dfab9facf066df2d31a9eacc9b0fccd,3db3cda5784a399d042597d91ea51a788da3d62dea35a36e2f59f9f2c027796d
R8_tworoom_0347e2fccede19563d0c5c76,REFIT_103202,R3_ORIGINAL,H_POLICY,FRESH_PAIRED_CONTROL,1,False,,be956340eb6be433d0d13016db74448449884a36777fa5fc6c8e71fedb45ff03,
R8_tworoom_0347e2fccede19563d0c5c76,REFIT_103202,R3_ORIGINAL,H_REAL3_REPLAN,COMPLETE,1,False,True,2c4afbc60b8c408e439d959b1f8130570b88d005d6466caea285af0f9543d792,4b5546db29992bc31c481f7b943709d509a363d8922957190224807ac60a34a0
R8_tworoom_0347e2fccede19563d0c5c76,REFIT_103202,R4_ALT_CEM_1,H_POLICY,FRESH_PAIRED_CONTROL,1,False,,a5d12ccc28cac95b7c0800a96f39adcff4ba5a615f49088b9168dee5866cdbe5,
R8_tworoom_0347e2fccede19563d0c5c76,REFIT_103202,R4_ALT_CEM_1,H_REAL3_REPLAN,COMPLETE,1,False,True,93df98520c86e719b511be885e0847cef7dccd3e4ce725d9cf1ebb8a7750085d,6f937ca85a4fd8f5d13ba4f59b67719380536b713d261b3ce8bb2c4e82a218e5
R8_tworoom_0347e2fccede19563d0c5c76,REFIT_103202,R4_ALT_CEM_2,H_POLICY,FRESH_PAIRED_CONTROL,1,False,,628da444ad35d9ad7218b8986a65da87ecfc50b7121fe479df80475bb0ce70fb,
R8_tworoom_0347e2fccede19563d0c5c76,REFIT_103202,R4_ALT_CEM_2,H_REAL3_REPLAN,COMPLETE,1,False,True,6dad037dff9fcf9ec568acbee8d56c5d9acd4c1d00388f46494d1cbd29579911,20b55e4ffe965a26778e25c4404edea200c7082b7c88008c31319938879a6065
R8_tworoom_0347e2fccede19563d0c5c76,REFIT_103203,R3_ORIGINAL,H_POLICY,FRESH_PAIRED_CONTROL,1,False,,7efb7c40e50a4da47ecb0a3430fa5a7d3ef1ae3c1d96e76ab8290ff4dcc5acea,
R8_tworoom_0347e2fccede19563d0c5c76,REFIT_103203,R3_ORIGINAL,H_REAL3_REPLAN,COMPLETE,1,False,True,5e0f5db23636d639288d7b2f5d07d35cd14b4cbebfba14bd8a802461b7af7723,6cdb2527cb52576c38f9ce22140f9a8ce0a65ebf90ab6378e021ae1cd5f36c76
R8_tworoom_0347e2fccede19563d0c5c76,REFIT_103203,R4_ALT_CEM_1,H_POLICY,FRESH_PAIRED_CONTROL,1,False,,6d2d408f43dc9869b69d5308b38e9abd44ba238f6c61c4b240b41a1cffe9e2f2,
R8_tworoom_0347e2fccede19563d0c5c76,REFIT_103203,R4_ALT_CEM_1,H_REAL3_REPLAN,COMPLETE,1,False,True,5ed1905e4ca2c5dd18915400e0e9bcc123d31f14dbbb5189d14051170caf3e34,fb3a86b4daaa4e620687763f06a343f144bdf989f514a050325d9a81de5ae2af
R8_tworoom_0347e2fccede19563d0c5c76,REFIT_103203,R4_ALT_CEM_2,H_POLICY,FRESH_PAIRED_CONTROL,1,False,,cd4024cf10350c990ff0b9589b2df281488ceab3feb988adfbd25e3b333176de,
R8_tworoom_0347e2fccede19563d0c5c76,REFIT_103203,R4_ALT_CEM_2,H_REAL3_REPLAN,COMPLETE,1,False,True,4d96172ba68f41db324e19a25c3489ab8fb69368f6449a82152fbd45aa422712,a182ba0e80edb33feaeeb070ebc8ef9cd5c73705d28bb18151a4820093b227c3
R8_tworoom_03482cb62a11aa50b0b8bb2a,H0,R3_ORIGINAL,H_POLICY,FRESH_PAIRED_CONTROL,1,False,,d790d44d6c20471b240f273e35625bd0aeba23ecbbd792343da0c19eb852abf2,
R8_tworoom_03482cb62a11aa50b0b8bb2a,H0,R3_ORIGINAL,H_REAL3_REPLAN,COMPLETE,1,False,True,23357fd5a4df0697053c9bef10abfab29869420972be5c8909037a36cdb94fa0,2f71c50a6a55959fa5f4640d39167b7bf2794d9bf55431859a97d21e46934220
R8_tworoom_03482cb62a11aa50b0b8bb2a,H0,R4_ALT_CEM_1,H_POLICY,FRESH_PAIRED_CONTROL,1,False,,d945e3525ae1ee0ac56793762567473f0c63505183f0c14d261aca0e5e517367,
R8_tworoom_03482cb62a11aa50b0b8bb2a,H0,R4_ALT_CEM_1,H_REAL3_REPLAN,COMPLETE,1,False,True,1fc82536b5dfaee9b8b6c88fad4ea2a2101b02bd14bc56c7dc0df211cff8e4d6,9d65aec5b979db62bcca26cd547769d88fd1423826b1665182ba0218e90745e0
R8_tworoom_03482cb62a11aa50b0b8bb2a,H0,R4_ALT_CEM_2,H_POLICY,FRESH_PAIRED_CONTROL,1,False,,6631d3d3a2a640f80df3db9f3174f61b7debcb8cba96df00d922f79961bf1201,
R8_tworoom_03482cb62a11aa50b0b8bb2a,H0,R4_ALT_CEM_2,H_REAL3_REPLAN,COMPLETE,1,False,True,ddcb25b2cc17ee6acfa8819dea2c28a4329f3b6e91cdcafce21ece8b77c325da,0ac3c93426b53fe0076794e0fa5f7d20b8a831a749ad729f0c543611241a99b3
R8_tworoom_03482cb62a11aa50b0b8bb2a,REFIT_103201,R3_ORIGINAL,H_POLICY,FRESH_PAIRED_CONTROL,1,False,,cfc922c34ccc9cbdeb2f94c669f71549276aef1b848e372469620282ef008b9b,
R8_tworoom_03482cb62a11aa50b0b8bb2a,REFIT_103201,R3_ORIGINAL,H_REAL3_REPLAN,COMPLETE,1,False,True,488019c744f6ffff4412e374351d3ce84619db54f2c981f5065f3d32c7d5f49f,b4686e43a19cdaebbf0ffb44f69208ab0c8550a11da855a96a045eef873e1591
R8_tworoom_03482cb62a11aa50b0b8bb2a,REFIT_103201,R4_ALT_CEM_1,H_POLICY,FRESH_PAIRED_CONTROL,1,False,,681db4c29924073ffa8fbbd1e4ddc2533fc149c532a9037c1cbdd6cd73b13e7a,
R8_tworoom_03482cb62a11aa50b0b8bb2a,REFIT_103201,R4_ALT_CEM_1,H_REAL3_REPLAN,COMPLETE,1,False,True,367bb324eddd67e6b77c535717d86e4bec2f8db25a3bd653efab9b27aa3cb4bc,51f5b09f4b81d7871300b927117ec76fb46742914c47646c108d8b2ff7897d7c
R8_tworoom_03482cb62a11aa50b0b8bb2a,REFIT_103201,R4_ALT_CEM_2,H_POLICY,FRESH_PAIRED_CONTROL,1,False,,c73b2d24ca5ab5414ddd5999dedffcd03f43921d72c9db0af1b27c747ac18610,
R8_tworoom_03482cb62a11aa50b0b8bb2a,REFIT_103201,R4_ALT_CEM_2,H_REAL3_REPLAN,COMPLETE,1,False,True,bcfca82869e0cbf4d29683565caf0b839286686af40a5c90d54fcf3ffc0f6223,7df4937bf1ce948fa5a619723571e9bac6a1f5891243d5e3f03e51a775a16e7d
R8_tworoom_03482cb62a11aa50b0b8bb2a,REFIT_103202,R3_ORIGINAL,H_POLICY,FRESH_PAIRED_CONTROL,1,False,,5bc0ad0fedf553de7880d3e740c34d4b84a2a9b6d20362399ac69b9d6ec6ed0b,
R8_tworoom_03482cb62a11aa50b0b8bb2a,REFIT_103202,R3_ORIGINAL,H_REAL3_REPLAN,COMPLETE,1,False,True,3fe169444e183ddcc401b66afae8e09070f9a0d34ae81433ce680c181b39c06c,981150c71e122264fe631099dd9ff16ef07f5c5c8c54c3e3366b5b6d77ac3f95
R8_tworoom_03482cb62a11aa50b0b8bb2a,REFIT_103202,R4_ALT_CEM_1,H_POLICY,FRESH_PAIRED_CONTROL,1,False,,2bc45e006df8beddeae7f2a5b11858253307c1d40e6b8d218b07e0d0dfbdd184,
R8_tworoom_03482cb62a11aa50b0b8bb2a,REFIT_103202,R4_ALT_CEM_1,H_REAL3_REPLAN,COMPLETE,1,False,True,c104646bdf76f88a862d7695467c6e43602fd5a26af4accc3d1e3c1c383ab346,d3225c83f3bd983f574574694a4c71bf83d518cb35a5046e08170f775768f973
R8_tworoom_03482cb62a11aa50b0b8bb2a,REFIT_103202,R4_ALT_CEM_2,H_POLICY,FRESH_PAIRED_CONTROL,1,False,,9f702a4aee102695481c0a7d3984c98d28b8df8e2954aed653e4a3d3db9040fb,
R8_tworoom_03482cb62a11aa50b0b8bb2a,REFIT_103202,R4_ALT_CEM_2,H_REAL3_REPLAN,COMPLETE,1,False,True,9023df02c697e20540538e56f615957b0aa9e6afcd7e54bd21c50c90f2fdb3fb,66a53326b3615ab94844c903cbfd303e5b3ad6c85e3e2e04a8f433b458b6c423
R8_tworoom_03482cb62a11aa50b0b8bb2a,REFIT_103203,R3_ORIGINAL,H_POLICY,FRESH_PAIRED_CONTROL,1,False,,ff93695752a2de15f76ffe27dd16a759c807501c4f80937cd5b969c5ac95b16a,
R8_tworoom_03482cb62a11aa50b0b8bb2a,REFIT_103203,R3_ORIGINAL,H_REAL3_REPLAN,COMPLETE,1,False,True,04723b1468c3d1c5c4d768ea40195afd8a8a0105396bf8df66c7261ecb81ffb4,6d8a29caa5bd9b1685cd3c00748ff078dc10243cc793846223fc400f325db2e1
R8_tworoom_03482cb62a11aa50b0b8bb2a,REFIT_103203,R4_ALT_CEM_1,H_POLICY,FRESH_PAIRED_CONTROL,1,False,,e7bd725a23c80454c88d3e25b6fe768c9b64fa13fa4e9b5e59e093488496f7e0,
R8_tworoom_03482cb62a11aa50b0b8bb2a,REFIT_103203,R4_ALT_CEM_1,H_REAL3_REPLAN,COMPLETE,1,False,True,e8e6e560a44a66ac2c47c2d7a2b0805f0d8fd13dc4f2057ad8f0550508716c3c,6c5eccc9a02edd3963b4fd45a7e5362c927ad62f4bb9986ce0e0ee331e53ecb7
R8_tworoom_03482cb62a11aa50b0b8bb2a,REFIT_103203,R4_ALT_CEM_2,H_POLICY,FRESH_PAIRED_CONTROL,1,False,,9fbb188cf3da80be38d993b2dfb73de5f8f04d4b1a4341dae2273e332792618f,
R8_tworoom_03482cb62a11aa50b0b8bb2a,REFIT_103203,R4_ALT_CEM_2,H_REAL3_REPLAN,COMPLETE,1,False,True,7b419ada75c918c296616adf9ce21b714ec2a767cca1efc3a302484c1b3cf43a,720a03c98088bd73164ecd1152e02d00f6abec0c94caa9cd904ca3b237a82873
R8_tworoom_036be7416891ce8927324f99,H0,R3_ORIGINAL,H_POLICY,FRESH_PAIRED_CONTROL,1,False,,db315663f621ec7e52a56a12eb39d144ccfcd143afbf0d77225a37293eb58e23,
R8_tworoom_036be7416891ce8927324f99,H0,R3_ORIGINAL,H_REAL3_REPLAN,COMPLETE,1,False,True,b48c3df01540774a4bd641ced540646b9cfe5106b946fe6b38a3c46d23530fdc,cf91bec7a9fdc593048f238a8db9642537983883b6138a34cf6ec355f6527692
R8_tworoom_036be7416891ce8927324f99,H0,R4_ALT_CEM_1,H_POLICY,FRESH_PAIRED_CONTROL,1,False,,99bdfab1fc8a959636ca7d129d5a8c070746c9ac35fd59980be2dcf8cbe15c12,
R8_tworoom_036be7416891ce8927324f99,H0,R4_ALT_CEM_1,H_REAL3_REPLAN,COMPLETE,1,False,True,1d2d2e71f137b2035803bb99e5bae8b58fc2896480e370b9a99226c33a1c9c2e,7663029b003c5f0d7a53f587513c861c96b92a007369ad29c5e74ecdadd868e1
R8_tworoom_036be7416891ce8927324f99,H0,R4_ALT_CEM_2,H_POLICY,FRESH_PAIRED_CONTROL,1,False,,870b97a2777243c2fda04c9fb9b32c08f88c1ef702f7df0804452d31165a9e73,
R8_tworoom_036be7416891ce8927324f99,H0,R4_ALT_CEM_2,H_REAL3_REPLAN,COMPLETE,1,False,True,1ee114a9841215f33d07bde39b67d7eced599596baece75269e85dd4a2ca48cf,a80a0105f82fbb4641ef75a5e3193049ceecc6d50424e0f41da5f15fc49d9435
R8_tworoom_036be7416891ce8927324f99,REFIT_103201,R3_ORIGINAL,H_POLICY,FRESH_PAIRED_CONTROL,1,False,,43bb146cb3f4a2bf3e158faa52aa73a38e657fc152745a9c11b4c074ac28201b,
R8_tworoom_036be7416891ce8927324f99,REFIT_103201,R3_ORIGINAL,H_REAL3_REPLAN,COMPLETE,1,False,True,b3ca0dcb7cc014f234dfe9b2d0495ed64e492c8dfe97687a69624fc78740b367,40c9c7e1fd30f3afebdf5929220dbd3f34ab18cabd329dd3e844dbcfce0064fe
R8_tworoom_036be7416891ce8927324f99,REFIT_103201,R4_ALT_CEM_1,H_POLICY,FRESH_PAIRED_CONTROL,1,False,,b891f5e314fd4e51bfad8efe403d6d9511215015966d6e72d2fd3fe829bccdad,
R8_tworoom_036be7416891ce8927324f99,REFIT_103201,R4_ALT_CEM_1,H_REAL3_REPLAN,COMPLETE,1,False,True,eac4f24ac36ae4c04220420c706f3b624eea5cc805247351ac8da213f9741336,c858d6919a63b1a12d907340fd08f70c50fa40fd45eb3c702f8cb14c10b6f848
R8_tworoom_036be7416891ce8927324f99,REFIT_103201,R4_ALT_CEM_2,H_POLICY,FRESH_PAIRED_CONTROL,1,False,,2acde11aeabc990e834d99347b03c2138526e12adb99d77783a620f0f221e9cb,
R8_tworoom_036be7416891ce8927324f99,REFIT_103201,R4_ALT_CEM_2,H_REAL3_REPLAN,COMPLETE,1,False,True,c159bb84b49cf27e4cb50b324c3f73b7613ece871828fde6c7e45cb59519938d,b098b16eead9d1a927761f1fe4d5265b364dcbccdf68b4a65461ff15093741ca
R8_tworoom_036be7416891ce8927324f99,REFIT_103202,R3_ORIGINAL,H_POLICY,FRESH_PAIRED_CONTROL,1,False,,19b76ce15f2dde51adf45de871c4a7bec9254b59c8d27fd74ca289a17b21fcc6,
R8_tworoom_036be7416891ce8927324f99,REFIT_103202,R3_ORIGINAL,H_REAL3_REPLAN,COMPLETE,1,False,True,d274d78b3da7619d4c71775ddb3711f70bf3b9695cf6fc74718ba895f98c6643,4765e10a2ccd108fbb350a0a74074826746430a2b8c4e783690e2abd8421b4ed
R8_tworoom_036be7416891ce8927324f99,REFIT_103202,R4_ALT_CEM_1,H_POLICY,FRESH_PAIRED_CONTROL,1,False,,965bda33a6e56496cd0f53d61e2749335248fd59f37d46c6f51be40722334a34,
R8_tworoom_036be7416891ce8927324f99,REFIT_103202,R4_ALT_CEM_1,H_REAL3_REPLAN,COMPLETE,1,False,True,aab822b157ba3f39ede6c52ea56700925193611be89f9f7abf6f4f69f47bd821,8ecb7ecc512842fb17616919999951323ae14f9b72d41c1473a796a7c021d7f1
R8_tworoom_036be7416891ce8927324f99,REFIT_103202,R4_ALT_CEM_2,H_POLICY,FRESH_PAIRED_CONTROL,1,False,,93b58acf0f0e628bc532620ae440eea77bb598620b7fdcd38800e29d86bffd57,
R8_tworoom_036be7416891ce8927324f99,REFIT_103202,R4_ALT_CEM_2,H_REAL3_REPLAN,COMPLETE,1,False,True,05c7934e0331b784f28b24a685a554e6e77f4ba169459e06c685755eacb49268,165604e389045d50268c400428ff09552b57b729170e6c3b972a999acc5172f6
R8_tworoom_036be7416891ce8927324f99,REFIT_103203,R3_ORIGINAL,H_POLICY,FRESH_PAIRED_CONTROL,1,False,,59d96dd0707ef6653cd3f35ab62c94eb5b6bc99d5d350d9a7e9bf8927fde15ea,
R8_tworoom_036be7416891ce8927324f99,REFIT_103203,R3_ORIGINAL,H_REAL3_REPLAN,COMPLETE,1,False,True,dfcf642e8d1a116393d87d4e2c51db7d43c72496b1c43aae4bb566ed2e0c32a5,95c26807bbf171b542b33eb38055ab58b71c2564082d32c1caf37cbf75e64b14
R8_tworoom_036be7416891ce8927324f99,REFIT_103203,R4_ALT_CEM_1,H_POLICY,FRESH_PAIRED_CONTROL,1,False,,1168e5ce97bf8d530d77db64a388ef06199530e29470d817c9a8aa4293dfc3ff,
R8_tworoom_036be7416891ce8927324f99,REFIT_103203,R4_ALT_CEM_1,H_REAL3_REPLAN,COMPLETE,1,False,True,3eb7a6448cddf888ae2ea1029d61e909422d94762ceef5e3d91d18913a0f2ca0,3e562026c5db21d1f477ab4aa8da579e02c31148182c7a79515bdd5387ab804d
R8_tworoom_036be7416891ce8927324f99,REFIT_103203,R4_ALT_CEM_2,H_POLICY,FRESH_PAIRED_CONTROL,1,False,,551d9fa7e263a94c894bb9ced87bfb4553a7d95b173248c0dffa03feb12a0727,
R8_tworoom_036be7416891ce8927324f99,REFIT_103203,R4_ALT_CEM_2,H_REAL3_REPLAN,COMPLETE,1,False,True,80b605c9c24b1e756d4577636f0d40cab33fcfcb0b5f65cee020315663a78a9e,e4153ccc2414acf8cf20fcc1497c214ad62d0d21b1214c4865d5d5be68c7eef8
R8_tworoom_037985ace4b830f6fc862011,H0,R3_ORIGINAL,H_POLICY,FRESH_PAIRED_CONTROL,1,False,,98c71d8a65c5b137e835d0f559ab9b833cb09face4690f7d0efd865db4124b69,
R8_tworoom_037985ace4b830f6fc862011,H0,R3_ORIGINAL,H_REAL3_REPLAN,COMPLETE,1,False,True,6b65742acc5084a3123726bd04081f89c5357277c573d9e84f0a3972b7b35a11,d70227de15e0c6ca084a2e105eb9641083298850792a35d357d2df8b2bf96a49
R8_tworoom_037985ace4b830f6fc862011,H0,R4_ALT_CEM_1,H_POLICY,FRESH_PAIRED_CONTROL,1,False,,5aecc795772321efb4ea686ea8892aa961612e1173507d2fb5c91254250b0f51,
R8_tworoom_037985ace4b830f6fc862011,H0,R4_ALT_CEM_1,H_REAL3_REPLAN,COMPLETE,1,False,True,04be1c718851f5c8ec51072e210aa08b144e7d0ad6a36dcbeb844cf24036366c,d328dc7ea1bba39a9b2da55c95e465ea072bb393088ea391707dcec9ba860665
R8_tworoom_037985ace4b830f6fc862011,H0,R4_ALT_CEM_2,H_POLICY,FRESH_PAIRED_CONTROL,1,False,,6104271caa3f2f9b4cd9bd2f06f70973e2031c65370a8a086906e758d6ed12ae,
R8_tworoom_037985ace4b830f6fc862011,H0,R4_ALT_CEM_2,H_REAL3_REPLAN,COMPLETE,1,False,True,20e55c1628da832081f3b4a13003487b70484136a539bb021c387bfbb8c67561,093ed022f4c63b078bea1d180b606ba11b638f52de474692fc4bf1d2fdd8f79c
R8_tworoom_037985ace4b830f6fc862011,REFIT_103201,R3_ORIGINAL,H_POLICY,FRESH_PAIRED_CONTROL,1,False,,45d0c6a463cd41e6f419a819698cfa5748657f1aacfb5f87728fcd3ca599e0e8,
R8_tworoom_037985ace4b830f6fc862011,REFIT_103201,R3_ORIGINAL,H_REAL3_REPLAN,COMPLETE,1,False,True,0b90457ee3b0628243ab301004dc07cf00442c1831f2df9a359c57a8b6de76a9,946a7079a244efb4c7be50863e626f27423d561b5a531f8951eb787bcaaed1de
R8_tworoom_037985ace4b830f6fc862011,REFIT_103201,R4_ALT_CEM_1,H_POLICY,FRESH_PAIRED_CONTROL,1,False,,5cfbf37d664e21e439814748a59c72bada7df41f47a43612fc73cb4fe188092d,
R8_tworoom_037985ace4b830f6fc862011,REFIT_103201,R4_ALT_CEM_1,H_REAL3_REPLAN,COMPLETE,1,False,True,289dec0bb10aa2dcb86ce096f9adb138f0c73c2ef044baf7c18b32892c9a1248,44f560406bf7ebbc9a04659b2517fdab44acbea31163d06dae0df80bd9418f4e
R8_tworoom_037985ace4b830f6fc862011,REFIT_103201,R4_ALT_CEM_2,H_POLICY,FRESH_PAIRED_CONTROL,1,False,,b46eb33b315177fe806d4a400c04d66b9604f1619c81ab884ff6e44b161417a2,
R8_tworoom_037985ace4b830f6fc862011,REFIT_103201,R4_ALT_CEM_2,H_REAL3_REPLAN,COMPLETE,1,False,True,f0e38eff763aae00e8b010fd34a2a9057c073dc9c29c86ea2631773d5f0d979f,6c7d202f6c83f4099e0be3a48c4195816a049c921af6c4e3fa2fd87f9e6bc83c
R8_tworoom_037985ace4b830f6fc862011,REFIT_103202,R3_ORIGINAL,H_POLICY,FRESH_PAIRED_CONTROL,1,False,,cb2b2903d9823008f95a41a1ef73f1dfd2cc0e9795840a89e24d3ee3d8b9c3db,
R8_tworoom_037985ace4b830f6fc862011,REFIT_103202,R3_ORIGINAL,H_REAL3_REPLAN,COMPLETE,1,False,True,242eba119c222f3003a869c560ee3f60bae6efb65a0c7ac988e137aa00007158,f851d992c5ec3840f2c920f99e066b365b567a06c4e54dba053b53e42895c5e2
R8_tworoom_037985ace4b830f6fc862011,REFIT_103202,R4_ALT_CEM_1,H_POLICY,FRESH_PAIRED_CONTROL,1,False,,aef670405297aeaf626803549f57fe6aad2919afeefbfd428e861a1b75503699,
R8_tworoom_037985ace4b830f6fc862011,REFIT_103202,R4_ALT_CEM_1,H_REAL3_REPLAN,COMPLETE,1,False,True,d0d9707039508fd8848eef84266e947eced2f2a0fb6c45009c54122cc31b0815,b68d0dba85ada2e0b650119c3fbe860111ccc3e28e26b4bfd9d15a5fb6759e09
R8_tworoom_037985ace4b830f6fc862011,REFIT_103202,R4_ALT_CEM_2,H_POLICY,FRESH_PAIRED_CONTROL,1,False,,4409311e13b939057dbc638b67301c543d97e3fe4d0bfa91005abc33c06735c3,
R8_tworoom_037985ace4b830f6fc862011,REFIT_103202,R4_ALT_CEM_2,H_REAL3_REPLAN,COMPLETE,1,False,True,5e56ecb5fbdd7e66b9d589a211c4173b8e87a73fd9e76e37061e704f899ecfb4,eecf0daa41058897d88ca1901f24e04b858a742724370050461f6c21b5a7b0ed
R8_tworoom_037985ace4b830f6fc862011,REFIT_103203,R3_ORIGINAL,H_POLICY,FRESH_PAIRED_CONTROL,1,False,,4c04a80227bc7a40918361a0217b035abadacaceb837815f11d27441492c3505,
R8_tworoom_037985ace4b830f6fc862011,REFIT_103203,R3_ORIGINAL,H_REAL3_REPLAN,COMPLETE,1,False,True,7bb01cebff6a45ad021247a73f2d1cf6fd8e338b06a9e8a737e754d875f1de0a,68fe80cb12f796a04c7ffb573bfbb2167488073be63f10db26f221bc7f6e7987
R8_tworoom_037985ace4b830f6fc862011,REFIT_103203,R4_ALT_CEM_1,H_POLICY,FRESH_PAIRED_CONTROL,1,False,,72aef722441cf3816157c3cda81456be16bae31a622962a533d3b21afc9712b3,
R8_tworoom_037985ace4b830f6fc862011,REFIT_103203,R4_ALT_CEM_1,H_REAL3_REPLAN,COMPLETE,1,False,True,d8b395ff2dae697979daa4708e0eaed5ea8f0389706d57dbeab530c6356ba9f9,2032aa6295703b2ab51dbd8888a8ecc4ab8967fc613aa8403798de5d58e494cf
R8_tworoom_037985ace4b830f6fc862011,REFIT_103203,R4_ALT_CEM_2,H_POLICY,FRESH_PAIRED_CONTROL,1,False,,82aefec50ebcdea2f4a477393a81388e51125687de65b2fd4623e53c6cfc2480,
R8_tworoom_037985ace4b830f6fc862011,REFIT_103203,R4_ALT_CEM_2,H_REAL3_REPLAN,COMPLETE,1,False,True,ed480822af2efeec6f585c7752ffb051114d6c41108717977030eb456eb82536,690595440b3bb139351a7c0a2d13383850fe88f14bdf11b2d20a56d16093f003
R8_tworoom_037e59f4b23261042d6eeb46,H0,R3_ORIGINAL,H_POLICY,FRESH_PAIRED_CONTROL,1,True,,d0684eca0441d065e647929ad6a2af8fbbd44171c669342fdc22d215fec64dac,
R8_tworoom_037e59f4b23261042d6eeb46,H0,R3_ORIGINAL,H_REAL3_REPLAN,COMPLETE,1,True,True,d557731ef84cc8bc06a57d7c9adeea25aa083e82e1d4a6a74a6426d78018297c,7c3ac55e5b8265078f7fb73d652cda3d277282462daef62c39c8db74a4a57fa2
R8_tworoom_037e59f4b23261042d6eeb46,H0,R4_ALT_CEM_1,H_POLICY,FRESH_PAIRED_CONTROL,0,True,,93867aef9c85115492a94958839f57e73099fec2613b9aa10b9b504cc30e557e,
R8_tworoom_037e59f4b23261042d6eeb46,H0,R4_ALT_CEM_1,H_REAL3_REPLAN,COMPLETE,0,True,True,6d0633ec24a2e5825bd4c7d951d0bba828d1cfa8079ae3afd87a2358de3139cd,6d37e0f1f74d98dac5aca8b3131eef9b737d051078139442b51e1f28797980c8
R8_tworoom_037e59f4b23261042d6eeb46,H0,R4_ALT_CEM_2,H_POLICY,FRESH_PAIRED_CONTROL,1,True,,2d8813dcec942d57d2cd9ec4595746da48041d41872440edaac4737cbc511d12,
R8_tworoom_037e59f4b23261042d6eeb46,H0,R4_ALT_CEM_2,H_REAL3_REPLAN,COMPLETE,1,True,True,e921eb7eb2199545784690b5b5075c16167aaf35eebff916cc06e8373f285a23,488bb5cb1acd20214d5176bac6d61c8a124bd91f3dd040a0839de2c11c9e6580
R8_tworoom_037e59f4b23261042d6eeb46,REFIT_103201,R3_ORIGINAL,H_POLICY,FRESH_PAIRED_CONTROL,1,True,,a1148265692174d0dc3d8cca737dfd0f0efd9203ebf5c26a695749184b10bf4a,
R8_tworoom_037e59f4b23261042d6eeb46,REFIT_103201,R3_ORIGINAL,H_REAL3_REPLAN,COMPLETE,1,True,True,af98c06ffd5da8e5cf5de08039efc75172012359f54f3a1bf02b885bce5cd597,6dd6be2fc208784face0d14438eaae53518558b31494a633638e4b157989c4dd
R8_tworoom_037e59f4b23261042d6eeb46,REFIT_103201,R4_ALT_CEM_1,H_POLICY,FRESH_PAIRED_CONTROL,1,False,,953d52599f087efb81ce2ed5708f751593fdb6c004a76e6ba1f662956ba80c11,
R8_tworoom_037e59f4b23261042d6eeb46,REFIT_103201,R4_ALT_CEM_1,H_REAL3_REPLAN,COMPLETE,1,False,True,c103196ff77bc485455054ad8cdd44fa300a32f88661912de828356a9842752e,72de2bb0f42ff5033ad6391fe5b44fe20e98cfb29eb916638cc4282bf57f2ced
R8_tworoom_037e59f4b23261042d6eeb46,REFIT_103201,R4_ALT_CEM_2,H_POLICY,FRESH_PAIRED_CONTROL,1,True,,bf2940550beb428d8c18650c3c5df3dcc009a6ef56a8078779b96c661c74131e,
R8_tworoom_037e59f4b23261042d6eeb46,REFIT_103201,R4_ALT_CEM_2,H_REAL3_REPLAN,COMPLETE,1,True,True,a747584920807829cddc663ca828042623475d20b2d10b90251f267b6cf7af2e,792fa10a1640ea5adf19a997de74ae1c42ae2fef66daf0b70c58d3abbc536652
R8_tworoom_037e59f4b23261042d6eeb46,REFIT_103202,R3_ORIGINAL,H_POLICY,FRESH_PAIRED_CONTROL,1,False,,2db82379d90d09bbf5a3b50e05391819278c0e12857f97ffc176ae7d0f6d71d5,
R8_tworoom_037e59f4b23261042d6eeb46,REFIT_103202,R3_ORIGINAL,H_REAL3_REPLAN,COMPLETE,1,False,True,ef41d0ba50dbb48c1d83088aba6f02345f6453e8a54a4909bea24dff94016a8e,d5c63cbb41e5d2671c1e06087620416dd8a06573945871415ba1cefa585f979b
R8_tworoom_037e59f4b23261042d6eeb46,REFIT_103202,R4_ALT_CEM_1,H_POLICY,FRESH_PAIRED_CONTROL,1,False,,cffb1deac413390a2de5837f0d5692d0f1c0f74bff8269147f24a0ec242ee520,
R8_tworoom_037e59f4b23261042d6eeb46,REFIT_103202,R4_ALT_CEM_1,H_REAL3_REPLAN,COMPLETE,1,False,True,15d07836b1e02e2ee6e64d5ffcb2832d609edb854f5e879757011edcedffbd47,9c584f5f4908c43a4d99def574db894f64dfc40b249dce198698b3a84d5b41d0
R8_tworoom_037e59f4b23261042d6eeb46,REFIT_103202,R4_ALT_CEM_2,H_POLICY,FRESH_PAIRED_CONTROL,1,True,,4da0f36685671a230e03913c11974f3062a919ae9a3b8ece3d1ca82de24293c8,
R8_tworoom_037e59f4b23261042d6eeb46,REFIT_103202,R4_ALT_CEM_2,H_REAL3_REPLAN,COMPLETE,1,True,True,e7c3df30540f3ac2b4c3c9342922ce56192181a36f955204c62863b7f2279785,3c0a28e48b83ce991decef85cdffb4aff7be40359e253da765b251837fa4d32a
R8_tworoom_037e59f4b23261042d6eeb46,REFIT_103203,R3_ORIGINAL,H_POLICY,FRESH_PAIRED_CONTROL,1,True,,6f82f7638b1bc8dc11612d762516df6518e110c279772cbe6865e0556fa5edaa,
R8_tworoom_037e59f4b23261042d6eeb46,REFIT_103203,R3_ORIGINAL,H_REAL3_REPLAN,COMPLETE,1,True,True,9d6359276e4adbb0fc11ad1e4419e470f58e59fa286942fc3155267fbaf7bc1b,b2e3682cc98cdcce66b0c1338f203109bd44d16705648db3b222cce029a47634
R8_tworoom_037e59f4b23261042d6eeb46,REFIT_103203,R4_ALT_CEM_1,H_POLICY,FRESH_PAIRED_CONTROL,1,False,,bd3c0507acfb2db1767f70a71f258f37a0f3e68b01ce8cbb703410eba00ace00,
R8_tworoom_037e59f4b23261042d6eeb46,REFIT_103203,R4_ALT_CEM_1,H_REAL3_REPLAN,COMPLETE,1,False,True,1d482d7e1dc7d2d3895aa69be18e0e0d9b51b6a1fc903de77a2de35c8a52d5ab,ef5c9f0515c3efebe09eb40c7aec168dc91bc532b7445258267585c7f1321b08
R8_tworoom_037e59f4b23261042d6eeb46,REFIT_103203,R4_ALT_CEM_2,H_POLICY,FRESH_PAIRED_CONTROL,1,False,,8229e870b00321e67c36c471b53e68247ea31ae55d6679955020a96b0112f845,
R8_tworoom_037e59f4b23261042d6eeb46,REFIT_103203,R4_ALT_CEM_2,H_REAL3_REPLAN,COMPLETE,1,False,True,169e4983068feabd88f09e46a3eb1b53f3f7fd352f9c7f924728b7a9cff91e32,f501e00f404906bc722617c9c02a465924b32986d921d266da26e3194cc88753
R8_tworoom_039f03865caa5e75652a007c,H0,R3_ORIGINAL,H_POLICY,FRESH_PAIRED_CONTROL,1,False,,b9da21b5bc7fa262d4c9824e3a0d35e8e5a610bcbec7f087aa61082cdfca0868,
R8_tworoom_039f03865caa5e75652a007c,H0,R3_ORIGINAL,H_REAL3_REPLAN,COMPLETE,1,False,True,5832566ab8f156021791497a203c8b42183e38dee197899ff76fbe5326102f48,e03c35a20bfb3ca9f5d411de60b5b26c09d45353d42a47ea2c60861d69a7be0d
R8_tworoom_039f03865caa5e75652a007c,H0,R4_ALT_CEM_1,H_POLICY,FRESH_PAIRED_CONTROL,1,False,,6374dbcac9b333c183365127efe32efbc4d3435afc957053606bbb1a9e6150d2,
R8_tworoom_039f03865caa5e75652a007c,H0,R4_ALT_CEM_1,H_REAL3_REPLAN,COMPLETE,1,False,True,744f5f1dd912c31638480f501c37e93eedefe048bfcde65d75b2370611c49b74,f1c3abadd439228ccc8abe0f7e666f8c72f5d8bd310a369f223ad34380bc9eea
R8_tworoom_039f03865caa5e75652a007c,H0,R4_ALT_CEM_2,H_POLICY,FRESH_PAIRED_CONTROL,1,False,,50ca11c8b7aff95ff64020b15cd8d97df4d3abd6d645fc4bc9266989d9880cd7,
R8_tworoom_039f03865caa5e75652a007c,H0,R4_ALT_CEM_2,H_REAL3_REPLAN,COMPLETE,1,False,True,d2274bed2419aca0861051f4ac473e61fb7002fb824bc91bcaaaae73e2de28c0,65b0da451d7890085a7a683a425090d47976f822c826949b2a342593fc0e87e5
R8_tworoom_039f03865caa5e75652a007c,REFIT_103201,R3_ORIGINAL,H_POLICY,FRESH_PAIRED_CONTROL,1,False,,bbaffe51eb1606aa9ba7d6800b465dd93428e214e66b15658711c0a573406dfe,
R8_tworoom_039f03865caa5e75652a007c,REFIT_103201,R3_ORIGINAL,H_REAL3_REPLAN,COMPLETE,1,False,True,8e11ece11c194a634a29096a4c5c77ac2e6e44e562a73007480d25290d547b9c,fe974f40059c59d56f54f47c2ad232420a1e1963a31f139d78879747c3830869
R8_tworoom_039f03865caa5e75652a007c,REFIT_103201,R4_ALT_CEM_1,H_POLICY,FRESH_PAIRED_CONTROL,1,False,,59da17b0b24ec946c81e565a3469f266497bc58792bc3cc1bab98b21615cb04c,
R8_tworoom_039f03865caa5e75652a007c,REFIT_103201,R4_ALT_CEM_1,H_REAL3_REPLAN,COMPLETE,1,False,True,17f9d9c7d5e426fcac23dece2fe105ac34d65466a0726c52f0dd11bb23d79a57,1d498f64f4326aa66ce864d2e85fd44b2a2d3155dd2d6f22247f7f404b9ae7ef
R8_tworoom_039f03865caa5e75652a007c,REFIT_103201,R4_ALT_CEM_2,H_POLICY,FRESH_PAIRED_CONTROL,1,False,,6876c261e3ec3913121a4aeea450896a22d9f034db4eaa85a47cebf9b453f3f7,
R8_tworoom_039f03865caa5e75652a007c,REFIT_103201,R4_ALT_CEM_2,H_REAL3_REPLAN,COMPLETE,1,False,True,08a67c435fb5091403a3fca721925bd601446c2954390c38637e59aa9bae5298,5b401044e0ae69197631ec92d55a7b0b28392bff5ece15da988a60d8cefcfca0
R8_tworoom_039f03865caa5e75652a007c,REFIT_103202,R3_ORIGINAL,H_POLICY,FRESH_PAIRED_CONTROL,1,False,,9c6825ad6184cf7e16dbbe9f4559dd58c62deabe89e92b2f10add2a22f2f759c,
R8_tworoom_039f03865caa5e75652a007c,REFIT_103202,R3_ORIGINAL,H_REAL3_REPLAN,COMPLETE,1,False,True,f6a81f9c730adf4c32be84d6a08b101655f53cce52b325737a6635d4ada50005,a38004fa21d0f17aec782825c812037b88c90d22a81afbdb98bb6b5f976eb17c
R8_tworoom_039f03865caa5e75652a007c,REFIT_103202,R4_ALT_CEM_1,H_POLICY,FRESH_PAIRED_CONTROL,1,False,,970a5d23a4b6dafab5cd73c02e73e7b06ba4b8ae104a88bc4353797c5e1ec015,
R8_tworoom_039f03865caa5e75652a007c,REFIT_103202,R4_ALT_CEM_1,H_REAL3_REPLAN,COMPLETE,1,False,True,eaaad8d2d0140baa1ff7577f0cf5e4c25d8e72c61749cff314e35e58bb68b74d,6ca74614d3956c2b090c4c762c7215269912a56522abcd51c8836c643bc3dce4
R8_tworoom_039f03865caa5e75652a007c,REFIT_103202,R4_ALT_CEM_2,H_POLICY,FRESH_PAIRED_CONTROL,1,False,,006f694462f9eff53614420f6e4dd502e87bff7e64ba5e8aefc21a717e4e7eb0,
R8_tworoom_039f03865caa5e75652a007c,REFIT_103202,R4_ALT_CEM_2,H_REAL3_REPLAN,COMPLETE,1,False,True,408ee94d310599d547e0559484f2e4af45848430872dcd6ef173d483daac0426,181ffd68862752c86eaeb5053c49a8568a382c4fc216aea6b3a8aa6163c3a5f2
R8_tworoom_039f03865caa5e75652a007c,REFIT_103203,R3_ORIGINAL,H_POLICY,FRESH_PAIRED_CONTROL,1,False,,71779e915b1233323670d4870d458ac668b307f0b4e3cc7cb48e963a5ede94e8,
R8_tworoom_039f03865caa5e75652a007c,REFIT_103203,R3_ORIGINAL,H_REAL3_REPLAN,COMPLETE,1,False,True,a965aa68767ebb008735f4eb958ee6b775f8339e95732764acf16a21cc434ecc,b608fdb6f35bfd8fc2cfa631540f4c11dc06483192a3c21001762e66b2794d70
R8_tworoom_039f03865caa5e75652a007c,REFIT_103203,R4_ALT_CEM_1,H_POLICY,FRESH_PAIRED_CONTROL,1,False,,b101dbaf8049d4dbc4b9becb8fc202b6a003b645b7aee754125bcd8b6efe6809,
R8_tworoom_039f03865caa5e75652a007c,REFIT_103203,R4_ALT_CEM_1,H_REAL3_REPLAN,COMPLETE,1,False,True,754139cd0fa8a118ce8535edaa2e25464c60450eceeb373118edf54d9009919f,409610f5d546e1c9178c0a664711bdbf0fe1bf8d4b6071bae422dcd8cfc5c2dc
R8_tworoom_039f03865caa5e75652a007c,REFIT_103203,R4_ALT_CEM_2,H_POLICY,FRESH_PAIRED_CONTROL,1,False,,078a9236514bceafbe8102a13c1f311165fa1cf9effabb7dae3eb1c2accb38c4,
R8_tworoom_039f03865caa5e75652a007c,REFIT_103203,R4_ALT_CEM_2,H_REAL3_REPLAN,COMPLETE,1,False,True,9059285f0371b3d9ce8f0ea72e34c1cc315f0a36a780c366fd6252216b36b8f0,d916b81f5898de205238217a24f3ced35c8fa129c495c4aa85bae485892dc56e
R8_tworoom_03a2c5b51519abb663dc8836,H0,R3_ORIGINAL,H_POLICY,FRESH_PAIRED_CONTROL,1,False,,2ba1c2908016eee64c6f216bd24a68068f740a3ef8e841a2f054c3d5c6c14f7a,
R8_tworoom_03a2c5b51519abb663dc8836,H0,R3_ORIGINAL,H_REAL3_REPLAN,COMPLETE,1,False,True,01913ba81d32518c5cbd251d4311df7772afdc120622a45520ccdc02be69dbb7,7dc939a3be601b179d8a30c7c1af7b6c80426c7350f431aeeef531bd54cb9940
R8_tworoom_03a2c5b51519abb663dc8836,H0,R4_ALT_CEM_1,H_POLICY,FRESH_PAIRED_CONTROL,0,True,,455ec687f5380ea8c8b8286479fa160346cf5083690a5238eb3bc4a6c3c25a70,
R8_tworoom_03a2c5b51519abb663dc8836,H0,R4_ALT_CEM_1,H_REAL3_REPLAN,COMPLETE,0,True,True,d73ab674345f48371672e516b9b5dc70c84c82fddf475b829872518499307bcf,a53ad95bbac5bbac1d0b9c8ee90d59ce85be18323a6987d9afb130251a01f5bf
R8_tworoom_03a2c5b51519abb663dc8836,H0,R4_ALT_CEM_2,H_POLICY,FRESH_PAIRED_CONTROL,1,True,,5cb280e1ebd89db605dee19c25e21fe6bf60c6012c8f160360d493a42a9fa44e,
R8_tworoom_03a2c5b51519abb663dc8836,H0,R4_ALT_CEM_2,H_REAL3_REPLAN,COMPLETE,1,True,True,0add112fdeda60976af31d653038e540495eb3298fe3e8808465cf046a7a8490,dbb72bcb6f747fe37b5c50d489405001bcc7a24a182b7e3d68b31b86e63fa5e4
R8_tworoom_03a2c5b51519abb663dc8836,REFIT_103201,R3_ORIGINAL,H_POLICY,FRESH_PAIRED_CONTROL,1,False,,9e9b0c5ce6cd5aa4d35f029c22cd2855aca8f0153d2589fb4975c074e3bdf904,
R8_tworoom_03a2c5b51519abb663dc8836,REFIT_103201,R3_ORIGINAL,H_REAL3_REPLAN,COMPLETE,1,False,True,d0e2d36138f2a055e1c13059c746c0cb5897cf7fdebc1c7730c6d866087ef6f9,cd4a54f263726a9709299bba694251423f9de9902bd62a8aaff9190faf8f66d8
R8_tworoom_03a2c5b51519abb663dc8836,REFIT_103201,R4_ALT_CEM_1,H_POLICY,FRESH_PAIRED_CONTROL,1,False,,0d828725ee5fcf8331245c568a995b4be9009366f6466d82e2c1d71da22e1511,
R8_tworoom_03a2c5b51519abb663dc8836,REFIT_103201,R4_ALT_CEM_1,H_REAL3_REPLAN,COMPLETE,1,False,True,b0ff4eaae7fc9ea0fcf420e13be748cfbc8a6d551cf5715a931f5fcff1513f32,2bbb3b52716fc117b7e519ead6238e030f08b5b8e9be4a8b80d8d44fb96ec235
R8_tworoom_03a2c5b51519abb663dc8836,REFIT_103201,R4_ALT_CEM_2,H_POLICY,FRESH_PAIRED_CONTROL,1,True,,51eda0e616e23b97554d71d9db1014c9e5b49a2c3578de61214f9627dfc3092f,
R8_tworoom_03a2c5b51519abb663dc8836,REFIT_103201,R4_ALT_CEM_2,H_REAL3_REPLAN,COMPLETE,0,True,True,5848709a8e6139c3ce90d277559fdc73756e9acf158e00e40cf9dbce2c570ebc,d42840480587ca81a41579abca21330f18b5a74114646384edf1b7cfe74eb51a
R8_tworoom_03a2c5b51519abb663dc8836,REFIT_103202,R3_ORIGINAL,H_POLICY,FRESH_PAIRED_CONTROL,1,True,,f69f3ba7dee72316578fd94321425202277c37fb1d491cc8336fad27846f3035,
R8_tworoom_03a2c5b51519abb663dc8836,REFIT_103202,R3_ORIGINAL,H_REAL3_REPLAN,COMPLETE,0,True,True,c18695f3cc36fce9b0488124d439a1bf04a7c1e94a568b63b94da8291592f8b5,6a32c755da7d051fc5f5637cfbf98342875b48a4a35b8de5ba4fbaf1b3455aaf
R8_tworoom_03a2c5b51519abb663dc8836,REFIT_103202,R4_ALT_CEM_1,H_POLICY,FRESH_PAIRED_CONTROL,1,False,,e1d1580f4929f2dd530445589bed9b575e4cd2d17fffbbbcbbe2688b26752923,
R8_tworoom_03a2c5b51519abb663dc8836,REFIT_103202,R4_ALT_CEM_1,H_REAL3_REPLAN,COMPLETE,1,False,True,dd9ff7dff4cf9eda5c9da77bc08b494fcd3a81c1a5e826737d9e3d7e4e1625a4,ca811df1bce2381391d23e722cd091c01bac590272b18de29f4210d8e69f07ff
R8_tworoom_03a2c5b51519abb663dc8836,REFIT_103202,R4_ALT_CEM_2,H_POLICY,FRESH_PAIRED_CONTROL,1,True,,c48725c93eeefb08acde6314c2cfc1a93dafc6061c851ddaf0c82530ffbf3750,
R8_tworoom_03a2c5b51519abb663dc8836,REFIT_103202,R4_ALT_CEM_2,H_REAL3_REPLAN,COMPLETE,1,True,True,d79175aa38919f6f3a60aae187f72de9db87a1a798754fb7d0c90b4b4bfdebb0,460998b4f78436ee86af168fbd6c5048e80ad7ddde4791bcf76ef4f05da03bbd
R8_tworoom_03a2c5b51519abb663dc8836,REFIT_103203,R3_ORIGINAL,H_POLICY,FRESH_PAIRED_CONTROL,1,False,,1a5e1091df6b2c0bbd39bf3f899e762b3aefa44d3ee9704949963361ef84156d,
R8_tworoom_03a2c5b51519abb663dc8836,REFIT_103203,R3_ORIGINAL,H_REAL3_REPLAN,COMPLETE,1,False,True,a75d21dbbff277f6c3fec9abc4206576353204af75786c3ad25cc893c2e9c8e8,50f2f3dc9048a803c5729bf2581c9e2224817218085f4f4c54e2f971a1fa2d32
R8_tworoom_03a2c5b51519abb663dc8836,REFIT_103203,R4_ALT_CEM_1,H_POLICY,FRESH_PAIRED_CONTROL,1,False,,5676e0159542517339e17a3d495ed52b2ec46ace780864aa0e49f8ce97da6fa0,
R8_tworoom_03a2c5b51519abb663dc8836,REFIT_103203,R4_ALT_CEM_1,H_REAL3_REPLAN,COMPLETE,1,False,True,8cf482f0c0fb26df0e28c59b980ca129bce6a71565361f02eba1b1b4171e908f,53e63db522b65c2e4eb01a9592bad87173a6ca084ba20dbfe81f5ce16806ca73
R8_tworoom_03a2c5b51519abb663dc8836,REFIT_103203,R4_ALT_CEM_2,H_POLICY,FRESH_PAIRED_CONTROL,1,True,,5e9c588ea6472eaf7d82a3f801e690e0047d3303f5814b20dec798bad5d99d57,
R8_tworoom_03a2c5b51519abb663dc8836,REFIT_103203,R4_ALT_CEM_2,H_REAL3_REPLAN,COMPLETE,1,True,True,29c427fefaea59d0453059f23b36c48b73a6932447df9cd4244b3daae3b30fe2,fc8ac2800def5265ea41c8a5d00cd369396651adc8cadc07cab9a311a39d8b62
R8_tworoom_03c29f0d8ad7d05c2b5f83db,H0,R3_ORIGINAL,H_POLICY,FRESH_PAIRED_CONTROL,1,False,,701664bc6d589c3b45ae23d5c9cb615a19dc4d92a62f6f39e3a8fdef0003988e,
R8_tworoom_03c29f0d8ad7d05c2b5f83db,H0,R3_ORIGINAL,H_REAL3_REPLAN,COMPLETE,1,False,True,4af2d7f46e473bc1a0f7d8908991ad4b69a9e4529dabecad902a552e25db88e8,b02900034deae8fb28dea30652110f3a40be32bbff9c45c53665e69f4727824c
R8_tworoom_03c29f0d8ad7d05c2b5f83db,H0,R4_ALT_CEM_1,H_POLICY,FRESH_PAIRED_CONTROL,1,False,,37648159b185cef547d2dd4091505bdd38840f2d98f8b47265e01b72e0cfd7f9,
R8_tworoom_03c29f0d8ad7d05c2b5f83db,H0,R4_ALT_CEM_1,H_REAL3_REPLAN,COMPLETE,1,False,True,1102582e7bb5d33abbc045a3f5dfd84c8ce4ef71b138430d17915400f9bd0196,71222a2fe688ce9111599f27bfcd607a267dd253cb1ca0e085ea3c3eceeaef54
R8_tworoom_03c29f0d8ad7d05c2b5f83db,H0,R4_ALT_CEM_2,H_POLICY,FRESH_PAIRED_CONTROL,1,False,,995f6e19501652b535e015c8419ee491cb5c0298136d616585bde495ae279b2d,
R8_tworoom_03c29f0d8ad7d05c2b5f83db,H0,R4_ALT_CEM_2,H_REAL3_REPLAN,COMPLETE,1,False,True,46c14aed4dd22d52cdd6dcb5e8c1ab9c4efa948cb7a10cd37bc69f15672251f4,f63004caff27a0b5fd2abba7ebf149d8d2f29a9a8b4120edfa82a5376917bfff
R8_tworoom_03c29f0d8ad7d05c2b5f83db,REFIT_103201,R3_ORIGINAL,H_POLICY,FRESH_PAIRED_CONTROL,1,False,,a70df8f7851bbd3fed39ca76197c84462f23784bf1f2ba6db153aa7f55032173,
R8_tworoom_03c29f0d8ad7d05c2b5f83db,REFIT_103201,R3_ORIGINAL,H_REAL3_REPLAN,COMPLETE,1,False,True,d4b5a00ed0e8a47937fccc89bddd187621454408abb38ef66a0c117fc37b92c8,682c19d29a0261a012e4b84b0db36bc8152d231c80b377717f0a228e8a74a01a
R8_tworoom_03c29f0d8ad7d05c2b5f83db,REFIT_103201,R4_ALT_CEM_1,H_POLICY,FRESH_PAIRED_CONTROL,1,False,,e1885075951d3270b6ec98ac6e36451a8325190f6ac02bcbb42015d760b4caaf,
R8_tworoom_03c29f0d8ad7d05c2b5f83db,REFIT_103201,R4_ALT_CEM_1,H_REAL3_REPLAN,COMPLETE,1,False,True,2b480197a30099c9b52ed87c34a92010fe6a799fafb06e2175f4d538abab971d,cf131e0f4a019ba15c9d9ddf71f203bddfedb0196654bfbe1679ed7208dfa1cf
R8_tworoom_03c29f0d8ad7d05c2b5f83db,REFIT_103201,R4_ALT_CEM_2,H_POLICY,FRESH_PAIRED_CONTROL,1,False,,f91a3629a3d49f92efd185683c47cb98ce50e535d9760525d95f58399d84a05a,
R8_tworoom_03c29f0d8ad7d05c2b5f83db,REFIT_103201,R4_ALT_CEM_2,H_REAL3_REPLAN,COMPLETE,1,False,True,5a52c202216c13a955ed8a62dabac180a8ba61fc184ef07686afa6037845f002,f9495995b2330582560198745a9ce39da23e8463338ca9d4562be1b20c16db38
R8_tworoom_03c29f0d8ad7d05c2b5f83db,REFIT_103202,R3_ORIGINAL,H_POLICY,FRESH_PAIRED_CONTROL,1,False,,56b10359bbb3bcc5afd783e24f0f06c42e9c2d847a1c1fbf34410c8b5d35ad8f,
R8_tworoom_03c29f0d8ad7d05c2b5f83db,REFIT_103202,R3_ORIGINAL,H_REAL3_REPLAN,COMPLETE,1,False,True,e0a5eb117ebc2e40a5ab36a9c5003ca0d85ad8386235c55e295c99ede4ac5bc3,132a14f7502af0a3473ad7c1f641815c532c252be680f79c17863cb0fc3a6de2
R8_tworoom_03c29f0d8ad7d05c2b5f83db,REFIT_103202,R4_ALT_CEM_1,H_POLICY,FRESH_PAIRED_CONTROL,1,False,,1d87fab33964dfd1898dfaa4333a247ed132e0d751454c1398d23380fef1a313,
R8_tworoom_03c29f0d8ad7d05c2b5f83db,REFIT_103202,R4_ALT_CEM_1,H_REAL3_REPLAN,COMPLETE,1,False,True,a356686b597dc7580b03a0c03d30d6917e8d6b9a8f0681c6418db426166cab99,18c9a773d47b4146c63c8d9825908753b18a180d2d9fb9e0c84f37881d1b52d0
R8_tworoom_03c29f0d8ad7d05c2b5f83db,REFIT_103202,R4_ALT_CEM_2,H_POLICY,FRESH_PAIRED_CONTROL,1,False,,f08d24e12b59e18d07355bf25eb254a87c9cbe2c4f3d14fdfd695c0aef0e4c7d,
R8_tworoom_03c29f0d8ad7d05c2b5f83db,REFIT_103202,R4_ALT_CEM_2,H_REAL3_REPLAN,COMPLETE,1,False,True,865efa4e576e16ec1803f5d6fd14b2ec3827cc4c23136cfc787feecf6e6218ba,a733db76a3305b91868c416695d048984443850e4202bbf03e416a8689fa5f8d
R8_tworoom_03c29f0d8ad7d05c2b5f83db,REFIT_103203,R3_ORIGINAL,H_POLICY,FRESH_PAIRED_CONTROL,1,False,,15d8c0d62c8e78eb874dd89efc36c7b390e467a91eb75ca7f60b78b97f962f1a,
R8_tworoom_03c29f0d8ad7d05c2b5f83db,REFIT_103203,R3_ORIGINAL,H_REAL3_REPLAN,COMPLETE,1,False,True,f559b0c9511f4062525b48baa59b0caf2c4c9c4d824988e3806e99b83f695142,b0806ea3253da9cb4181c778e96a07d39568d49a30ccc1f03967339f93c84526
R8_tworoom_03c29f0d8ad7d05c2b5f83db,REFIT_103203,R4_ALT_CEM_1,H_POLICY,FRESH_PAIRED_CONTROL,1,False,,3a48ef968082c2e9cdbea676a6f19865b95fcb41584b638be08ba7a9f36614d7,
R8_tworoom_03c29f0d8ad7d05c2b5f83db,REFIT_103203,R4_ALT_CEM_1,H_REAL3_REPLAN,COMPLETE,1,False,True,8116a922272852ec093015ceb5903738c26a06f8d4b634d9732693e4a9c7d8a6,912a00056f33ae77e7c8198b3e8694bf7dd30989ecfd604ae431876a7fcf2ac0
R8_tworoom_03c29f0d8ad7d05c2b5f83db,REFIT_103203,R4_ALT_CEM_2,H_POLICY,FRESH_PAIRED_CONTROL,1,False,,30c1ffdb3b726476c0254e2c7a048eb1cfe6766320bd932c8408162cbec51bbc,
R8_tworoom_03c29f0d8ad7d05c2b5f83db,REFIT_103203,R4_ALT_CEM_2,H_REAL3_REPLAN,COMPLETE,1,False,True,0cd4bc71f57390c6175d366bd6c7e97c7b10783309062c213f0c7fd9df0d8a4b,460579faef5a145eef157b7567ac9b9e965d0b0f6026b69f1a7d25661d171840
R8_tworoom_03e6c9a71e00e52688674c25,H0,R3_ORIGINAL,H_POLICY,FRESH_PAIRED_CONTROL,1,True,,a7754b38379c26608b5e0e7dc268919fe23736761e480900017963ef9669a067,
R8_tworoom_03e6c9a71e00e52688674c25,H0,R3_ORIGINAL,H_REAL3_REPLAN,COMPLETE,1,True,True,d82909bfba347ea161ec147615811ea5ef168f6c1d3daec4f5ce95b7a0770e04,1c7110f7b115c68464308c3be2f99e62a30e20258691a4a0ee101005c40f7d5a
R8_tworoom_03e6c9a71e00e52688674c25,H0,R4_ALT_CEM_1,H_POLICY,FRESH_PAIRED_CONTROL,1,True,,2575c226b5ec93dd8f5ed80e2fbb9daec72a3a2c3c964e8e66c1e94399b1e17d,
R8_tworoom_03e6c9a71e00e52688674c25,H0,R4_ALT_CEM_1,H_REAL3_REPLAN,COMPLETE,0,True,True,cf711c2a14a4436c359c1be9462214d92dde50b5a7019ade10f8de73131dff30,21a7a6201d44ab355c32a3beb71a0daefaa8e0ee32caece60ce5a0c41df4a39b
R8_tworoom_03e6c9a71e00e52688674c25,H0,R4_ALT_CEM_2,H_POLICY,FRESH_PAIRED_CONTROL,1,False,,dadf7194ba979f1d2a18f141f907b3d74282ad52904dcbb9aa302653a468e757,
R8_tworoom_03e6c9a71e00e52688674c25,H0,R4_ALT_CEM_2,H_REAL3_REPLAN,COMPLETE,1,False,True,fca66a5b138e6cf5e9f1b89160a2574cf87a738a87b1a3f25735f72e7643ab14,9b614f3842bb832916ac3756c0fdf3e8201bc43b7aa7dba83c395428d034b834
R8_tworoom_03e6c9a71e00e52688674c25,REFIT_103201,R3_ORIGINAL,H_POLICY,FRESH_PAIRED_CONTROL,1,False,,565b0bd1846f2d6202269dc08f45cd900414ad62d9fcc97ddff34db8655c9a20,
R8_tworoom_03e6c9a71e00e52688674c25,REFIT_103201,R3_ORIGINAL,H_REAL3_REPLAN,COMPLETE,1,False,True,630c85e4a0b61031f678eb7055995d0046784d8bd615b0c7ec2a17139272212c,aaf4edc6f128be1bcbe6a243ac6015553b8dfa5a410963f01fec37531ae64c0c
R8_tworoom_03e6c9a71e00e52688674c25,REFIT_103201,R4_ALT_CEM_1,H_POLICY,FRESH_PAIRED_CONTROL,1,True,,97b0d6d98a954be6423d7bba6eb66924971c7885326ed751cbe793d8216d8ed0,
R8_tworoom_03e6c9a71e00e52688674c25,REFIT_103201,R4_ALT_CEM_1,H_REAL3_REPLAN,COMPLETE,1,True,True,f6155a54dbeb8ccb3d65f6ba82dbb60752951e7eb57fdb17f9f19b80ddff4366,10e5a488cf301321f4b4a3f00b47a9b4cd15858fa036ef1f4239dc884a30949c
R8_tworoom_03e6c9a71e00e52688674c25,REFIT_103201,R4_ALT_CEM_2,H_POLICY,FRESH_PAIRED_CONTROL,1,False,,f51ca9542a6e074510105a2dc1cfcf05c85b1f6921b118b75a4c0ff19082958b,
R8_tworoom_03e6c9a71e00e52688674c25,REFIT_103201,R4_ALT_CEM_2,H_REAL3_REPLAN,COMPLETE,1,False,True,407030b4d9042a2c3902bdc2ea5229db57f8654cca6e77fe60381f0856048d50,d01fe887f0cbbac5b6fb9a9f603fc33d5b6f336d9f147ce7610944bb91cf9626
R8_tworoom_03e6c9a71e00e52688674c25,REFIT_103202,R3_ORIGINAL,H_POLICY,FRESH_PAIRED_CONTROL,1,False,,caaab5ff2433a4ec70b746c89ffc7b9b6d5aff4f57405fbd14210e0d3ddbc387,
R8_tworoom_03e6c9a71e00e52688674c25,REFIT_103202,R3_ORIGINAL,H_REAL3_REPLAN,COMPLETE,1,False,True,60065044280b6b1ea7c625465085d2431eabbbc86a84830004f1e3b7dae833ae,91b8dd0d180d6eb37190cc9468efe6250d2c11ad2520de1b24302240e97e1325
R8_tworoom_03e6c9a71e00e52688674c25,REFIT_103202,R4_ALT_CEM_1,H_POLICY,FRESH_PAIRED_CONTROL,1,False,,db697ca8ad2781bb9528278ba3c84c2e402b625c3e3a188e347eed99f071909c,
R8_tworoom_03e6c9a71e00e52688674c25,REFIT_103202,R4_ALT_CEM_1,H_REAL3_REPLAN,COMPLETE,1,False,True,55015a25bda604bf55053d5b3f9c6c65f97a3a5e771483927e5ee3cbac206e4d,25dd32b935e335b22abe9d6e8b9a07e0a5e0f5d2384b69e523957d73a4cc7dbe
R8_tworoom_03e6c9a71e00e52688674c25,REFIT_103202,R4_ALT_CEM_2,H_POLICY,FRESH_PAIRED_CONTROL,1,True,,2bdef260ad6baf4fa0d7c0e0e7c5513b43a1f58c916f69f928e670899d1a395a,
R8_tworoom_03e6c9a71e00e52688674c25,REFIT_103202,R4_ALT_CEM_2,H_REAL3_REPLAN,COMPLETE,1,True,True,4169aa293e2ce503d87474c2a086af7144ff5976900cca4e00d3d678454d7a77,2077fb67bca5df6a83f938027242b6bf56328c7f39072231962ac46d26240af5
R8_tworoom_03e6c9a71e00e52688674c25,REFIT_103203,R3_ORIGINAL,H_POLICY,FRESH_PAIRED_CONTROL,1,True,,b7cf3374406a417661fd04cef6c9687a1310eae43916bb2c889bc6fb90496663,
R8_tworoom_03e6c9a71e00e52688674c25,REFIT_103203,R3_ORIGINAL,H_REAL3_REPLAN,COMPLETE,1,True,True,3e4942507a6989e825cbaf2ba33d7bd67f2138eb1664d071b9ba5fbf449fe5b8,ef536b231269358fc556fd5483ea7da180181b8364cd6a4fac94de26d6c809c0
R8_tworoom_03e6c9a71e00e52688674c25,REFIT_103203,R4_ALT_CEM_1,H_POLICY,FRESH_PAIRED_CONTROL,1,False,,099fda8edd10815be73623e436b2b6c3cdbf11ac053518396a186eac33a160f6,
R8_tworoom_03e6c9a71e00e52688674c25,REFIT_103203,R4_ALT_CEM_1,H_REAL3_REPLAN,COMPLETE,1,False,True,94b84d371d8cbcce59f62193bac7d0cc86329223bc4ce004e68be998eccc8f83,721742057fef8e55c951cfb5ab15f3a18c1375af2da88989514ec32b1415a1a3
R8_tworoom_03e6c9a71e00e52688674c25,REFIT_103203,R4_ALT_CEM_2,H_POLICY,FRESH_PAIRED_CONTROL,1,False,,0e7812dbed486d2af1681cdf039ab19e1337f5e4afe3f7a639cb3bb0fc6d8dd4,
R8_tworoom_03e6c9a71e00e52688674c25,REFIT_103203,R4_ALT_CEM_2,H_REAL3_REPLAN,COMPLETE,1,False,True,3c1d97c99f30ee1ed612a59efca2e6fad1cf7c141beee60401ca33683d4c057b,3b6caf5372cfc6c1802cc9d3d9679e4aee6bbdb128f95a8ccb3d06e32c48d344
R8_tworoom_03efebeb192558a8fc438a3b,H0,R3_ORIGINAL,H_POLICY,FRESH_PAIRED_CONTROL,1,False,,0cce694711c0e8478830932527f722578e03f4394e8dd71ab4321fc60b474c4c,
R8_tworoom_03efebeb192558a8fc438a3b,H0,R3_ORIGINAL,H_REAL3_REPLAN,COMPLETE,1,False,True,d09a2d0e96bbbb12de9fc0320a65373cd013aa484c20e446d6a0e614c1c600ce,afb49172611e8a95500b727244ee130f93c86f17ede3f23f10508afb3f1b4cb3
R8_tworoom_03efebeb192558a8fc438a3b,H0,R4_ALT_CEM_1,H_POLICY,FRESH_PAIRED_CONTROL,1,False,,f75c2ea0cdb81620166a826580e22734166f1131bd88af1e2fd2232b5258e061,
R8_tworoom_03efebeb192558a8fc438a3b,H0,R4_ALT_CEM_1,H_REAL3_REPLAN,COMPLETE,1,False,True,470583d99e912bf9d78caaed6cbc825cdf74c0b982fbd4ae67f8fc061cbba4e4,5d969337fe7ec96390883f8f4ffcd9fdcf3a5f07dc1123833c34232cff63373d
R8_tworoom_03efebeb192558a8fc438a3b,H0,R4_ALT_CEM_2,H_POLICY,FRESH_PAIRED_CONTROL,0,True,,0035f03be4df83501a49a7e22206c0ce1985b27bacf6b058d33d5ae9cca1c4e2,
R8_tworoom_03efebeb192558a8fc438a3b,H0,R4_ALT_CEM_2,H_REAL3_REPLAN,COMPLETE,0,True,True,e69f5ef3afa111833cbb6e9f1bc8c66fe351add5017f124a8c9e77b49f553514,ecac5e422f988f761c1b755a39e603a3a05baaec816d0e1dac8ddc5868ead2bc
R8_tworoom_03efebeb192558a8fc438a3b,REFIT_103201,R3_ORIGINAL,H_POLICY,FRESH_PAIRED_CONTROL,0,True,,6e1dd83e1ee4f5f4d25cd9a74e99546e37fb70b7197c01b4cc1eb2fe655cbbbc,
R8_tworoom_03efebeb192558a8fc438a3b,REFIT_103201,R3_ORIGINAL,H_REAL3_REPLAN,COMPLETE,0,True,True,8d90ef48d55d05eba932407b6858ad8275b7361cae9e11e6a6d6970792111daa,cadc14053c3b089ea9642cb16bb71f52e045ac42b3ebabfbd7ed31004c567528
R8_tworoom_03efebeb192558a8fc438a3b,REFIT_103201,R4_ALT_CEM_1,H_POLICY,FRESH_PAIRED_CONTROL,1,False,,e82d7be8d5699301d679e86227863acdc728809de6039d7f680c76ad3126156d,
R8_tworoom_03efebeb192558a8fc438a3b,REFIT_103201,R4_ALT_CEM_1,H_REAL3_REPLAN,COMPLETE,1,False,True,b91993499dfc27bb43f749726c39c84d8f73ef29f69d4e7c70264565a66573e1,e67ecc6cf67a5c68d653f8db300bf3616c6bf3cdcc0a627ec0b5dea88e843ffc
R8_tworoom_03efebeb192558a8fc438a3b,REFIT_103201,R4_ALT_CEM_2,H_POLICY,FRESH_PAIRED_CONTROL,0,True,,8754966d7e16e5fe1775591f2fe492eddc40c3d89a3acdf8735bc78c495f0b0e,
R8_tworoom_03efebeb192558a8fc438a3b,REFIT_103201,R4_ALT_CEM_2,H_REAL3_REPLAN,COMPLETE,0,True,True,19d02e0de2d4796c3e6dff22132d62a2541c878f98855dcc0f550e4c6c8939c4,7a3311d7cfc48cfd82bd8986631f0105ffc19538b245665393ca495fdd4c2624
R8_tworoom_03efebeb192558a8fc438a3b,REFIT_103202,R3_ORIGINAL,H_POLICY,FRESH_PAIRED_CONTROL,1,True,,821a082c7822c2e86c3e5e3f860999295b2c7a74cafb8c41affd19b5d8b6dfcc,
R8_tworoom_03efebeb192558a8fc438a3b,REFIT_103202,R3_ORIGINAL,H_REAL3_REPLAN,COMPLETE,1,True,True,93b1918c7cb21fd23d364021de9586c9dbac8a4c03c3d24631e8b04cea1a6416,9a2110d30f08378c96dc0ef4edb196fb8fac7bc934cb0ebdc8ec0d0e919b1f8e
R8_tworoom_03efebeb192558a8fc438a3b,REFIT_103202,R4_ALT_CEM_1,H_POLICY,FRESH_PAIRED_CONTROL,1,False,,e012a214fa3c8fa8ae2a8c0f547bf121d5b6e519c6cc55cb7ac2e58b57cf1511,
R8_tworoom_03efebeb192558a8fc438a3b,REFIT_103202,R4_ALT_CEM_1,H_REAL3_REPLAN,COMPLETE,1,False,True,7245e0d250dbf5078f3fdb70a3b9f64fad60dcdac3e6eccf2006fbc7dd2d517e,309dd1e1c734f8cd219320cce6e10c15259059081718d4e2b6690091036f5c4f
R8_tworoom_03efebeb192558a8fc438a3b,REFIT_103202,R4_ALT_CEM_2,H_POLICY,FRESH_PAIRED_CONTROL,1,True,,d4bc6da706216fcf9bbb7cb1b7bf3bde98a8af3c822b03bc7b433a6502ee6289,
R8_tworoom_03efebeb192558a8fc438a3b,REFIT_103202,R4_ALT_CEM_2,H_REAL3_REPLAN,COMPLETE,1,True,True,c8150898c6469d7eb547f5f2bac1f018e8d437406ba63033fe70268b03dcb9c6,b6ecfe22f6feaac43980d14d3742d63b9c13aea8ca70fa9e31b427c7252893e2
R8_tworoom_03efebeb192558a8fc438a3b,REFIT_103203,R3_ORIGINAL,H_POLICY,FRESH_PAIRED_CONTROL,1,True,,245405ecc8d8ffd9f56a8426e8f6cb46040a3a60057e73127e09180fdb435b06,
R8_tworoom_03efebeb192558a8fc438a3b,REFIT_103203,R3_ORIGINAL,H_REAL3_REPLAN,COMPLETE,1,True,True,59c4f38b39eb246ddb646d838027a537ebcafea7a4cdc97df8eedc34279a8d03,dc773b333f27b20419b98f0d14d818ea66f53fe0e0c1cdaaa0a97c2ec641a025
R8_tworoom_03efebeb192558a8fc438a3b,REFIT_103203,R4_ALT_CEM_1,H_POLICY,FRESH_PAIRED_CONTROL,1,False,,b43c7fdc32846788a4934a4802130596f85bb1d73f51cfcdab1f33e2c7b749af,
R8_tworoom_03efebeb192558a8fc438a3b,REFIT_103203,R4_ALT_CEM_1,H_REAL3_REPLAN,COMPLETE,1,False,True,bdea3af1990b9d5365400e319a0190aa7cf84ac8ceed69d749d872ef43c54805,b93fbc1f8641e1800bab2fa7e16836204a4e2f411bc1e7afa241980858fa9a4e
R8_tworoom_03efebeb192558a8fc438a3b,REFIT_103203,R4_ALT_CEM_2,H_POLICY,FRESH_PAIRED_CONTROL,1,True,,56163d397494568f37d74c4566109963e1e1cf878d41a39d9181264a55abc758,
R8_tworoom_03efebeb192558a8fc438a3b,REFIT_103203,R4_ALT_CEM_2,H_REAL3_REPLAN,COMPLETE,1,True,True,cdd862a34dc766cb38e391463d9938783da2c568a4e77c47132262b752b7d286,5d14b393b65e2e5cbc81dd83c12bee2ce0ce48eeb8bbe57a238762db96fff803
R8_tworoom_03f4e94af8fa8d668c086cb9,H0,R3_ORIGINAL,H_POLICY,FRESH_PAIRED_CONTROL,1,False,,8c3c18950f171e8a8df566bb5eb00085a301706daf0fd5ce5c0713efd86ba3d3,
R8_tworoom_03f4e94af8fa8d668c086cb9,H0,R3_ORIGINAL,H_REAL3_REPLAN,COMPLETE,1,False,True,c6edf19e28333a355276a443d50b355a6d7ed4da755a9349824744238054c327,0475f1e740850613293f8c8db202f130addb18a09aa11e8a21d5f82943256d1a
R8_tworoom_03f4e94af8fa8d668c086cb9,H0,R4_ALT_CEM_1,H_POLICY,FRESH_PAIRED_CONTROL,1,False,,8f9012e54629d7d1ecfe0cb13fee71a5b7b54ae2f352f2594619253a4ff058e8,
R8_tworoom_03f4e94af8fa8d668c086cb9,H0,R4_ALT_CEM_1,H_REAL3_REPLAN,COMPLETE,1,False,True,500bda88b5fd54c9ee65665d3719823265db9c77795922f993066ff40a16a0c6,a9a004c1a6afac4c7f792ddc129930d106ee19014ee18bbe29968ade41a4f8ce
R8_tworoom_03f4e94af8fa8d668c086cb9,H0,R4_ALT_CEM_2,H_POLICY,FRESH_PAIRED_CONTROL,1,False,,75a211e368ad82d704cbbd8e3b3850bba720b1cedc303bfb5562e45ecd15804c,
R8_tworoom_03f4e94af8fa8d668c086cb9,H0,R4_ALT_CEM_2,H_REAL3_REPLAN,COMPLETE,1,False,True,a7329600473211357f2a361eec2c560dd0b77ed623817f04aa41a8a55d97ab43,f2af3e7dbb2429e58ea72cfc08376ab7ee562d672a2f81dcf0bed2a5c3f7e660
R8_tworoom_03f4e94af8fa8d668c086cb9,REFIT_103201,R3_ORIGINAL,H_POLICY,FRESH_PAIRED_CONTROL,1,False,,469943f5460d8e9c79db2401c918a8171385a449d9b0b966b3f9fd2a8513f9f2,
R8_tworoom_03f4e94af8fa8d668c086cb9,REFIT_103201,R3_ORIGINAL,H_REAL3_REPLAN,COMPLETE,1,False,True,9f86da93802f37b75f874d510eabfdbc3914ac3e7de1f102d499b52cc921284a,6bb7739cd0f7943100672b041ae4f78091bec9a6a79ab5d4bf5079a12f595ac3
R8_tworoom_03f4e94af8fa8d668c086cb9,REFIT_103201,R4_ALT_CEM_1,H_POLICY,FRESH_PAIRED_CONTROL,1,False,,296bd7e55694d82ff3025e18087b5890b5c2c0baafe460662df77b3a0db87ae3,
R8_tworoom_03f4e94af8fa8d668c086cb9,REFIT_103201,R4_ALT_CEM_1,H_REAL3_REPLAN,COMPLETE,1,False,True,94589695c120ec1de4ebc75fb32fd8d46dd7636467212c105351390f95807ba1,e9fa250c765c3d605bd55d2c528d90f2c9d6906ef1cefa1b7576b57dadbf795d
R8_tworoom_03f4e94af8fa8d668c086cb9,REFIT_103201,R4_ALT_CEM_2,H_POLICY,FRESH_PAIRED_CONTROL,1,False,,4354461e1a5ae34b433b81f48172cc406a3879e35c00549dd7ba693e3fa7bbf8,
R8_tworoom_03f4e94af8fa8d668c086cb9,REFIT_103201,R4_ALT_CEM_2,H_REAL3_REPLAN,COMPLETE,1,False,True,b8fd581817f99db447642e62161c4cb2ceb69883df2263edc10c359b5f549eff,95b94169cb9694ad7b41007d940fd20e19cf2ddbbe1241e60dd69fc321168cf8
R8_tworoom_03f4e94af8fa8d668c086cb9,REFIT_103202,R3_ORIGINAL,H_POLICY,FRESH_PAIRED_CONTROL,1,False,,41a5bf31ddadedaf8509bb005af669b8b6f4aa39c5b1f3465c1322c436b55fcb,
R8_tworoom_03f4e94af8fa8d668c086cb9,REFIT_103202,R3_ORIGINAL,H_REAL3_REPLAN,COMPLETE,1,False,True,ffb2beb4049b729d6fb50d6863b3f70fedc03bb025752f227cf323379c7cd2a6,3febd3bd808c700a4e50b1cd3fb2b9669028a3ade3eca7ee9763b42405f94521
R8_tworoom_03f4e94af8fa8d668c086cb9,REFIT_103202,R4_ALT_CEM_1,H_POLICY,FRESH_PAIRED_CONTROL,1,False,,8332610017e4e7914a2cc49f55641e57155ee00d7c50e97af1377d2eace6859d,
R8_tworoom_03f4e94af8fa8d668c086cb9,REFIT_103202,R4_ALT_CEM_1,H_REAL3_REPLAN,COMPLETE,1,False,True,b17291426bc2df01199b476eaa000eff3627d594538ee8c9650134ded73e7aa9,63e95cc1b4086e9b17d050cd1b00865d71252c015929a8a01e025528fd54e0e5
R8_tworoom_03f4e94af8fa8d668c086cb9,REFIT_103202,R4_ALT_CEM_2,H_POLICY,FRESH_PAIRED_CONTROL,1,False,,bbbe9e9b9dd20cbd78d5f2d62241971af88151e6d8905f1fde66e73093ae954e,
R8_tworoom_03f4e94af8fa8d668c086cb9,REFIT_103202,R4_ALT_CEM_2,H_REAL3_REPLAN,COMPLETE,1,False,True,eb0c54acdd89647f50ec988e1f69af45bbc91a22cb1ab35af9a054de23beb38c,1e080a504af56171f209719b05dab866f4b7ab21bb2e20533a21f2423aa0d2b7
R8_tworoom_03f4e94af8fa8d668c086cb9,REFIT_103203,R3_ORIGINAL,H_POLICY,FRESH_PAIRED_CONTROL,1,False,,311a0f85245e9ba056576eb18d1c841af0a325128f6bdbb2b1843c92d195d289,
R8_tworoom_03f4e94af8fa8d668c086cb9,REFIT_103203,R3_ORIGINAL,H_REAL3_REPLAN,COMPLETE,1,False,True,99d401e277e6e94c2f713ead320626f1a78f0921843eaee1f1eea60abf6dca19,259c4815272ac96caa59179376ee9687aea1e09abdc2a54bef12626a3659da30
R8_tworoom_03f4e94af8fa8d668c086cb9,REFIT_103203,R4_ALT_CEM_1,H_POLICY,FRESH_PAIRED_CONTROL,1,False,,3e40955ae5af7d8f928a28009d7880a3f9b4d777a5e995165a418ebcf243d393,
R8_tworoom_03f4e94af8fa8d668c086cb9,REFIT_103203,R4_ALT_CEM_1,H_REAL3_REPLAN,COMPLETE,1,False,True,2c1b9f8de92ca28bfc2301e0f5d0cc0162650198213cde420d7d3dd1daf93aeb,4731f5efe10bfe652dc92dc5debca7dd8aaedfe3d686f511febed0a8fde546c2
R8_tworoom_03f4e94af8fa8d668c086cb9,REFIT_103203,R4_ALT_CEM_2,H_POLICY,FRESH_PAIRED_CONTROL,1,False,,759fb68a52659604fc17bc2af0d25ac646e8ef6fec5531379f14a292537bf896,
R8_tworoom_03f4e94af8fa8d668c086cb9,REFIT_103203,R4_ALT_CEM_2,H_REAL3_REPLAN,COMPLETE,1,False,True,606b9d4c37d85a98a364dcfc895ac9abaf8a05725e98bc813bfbf188b47c60e7,15b0db177391f2ec77ea4889821768a8128884382c9ae9df14131612244f15b9
R8_tworoom_04207223ae48ad8b58be3a7a,H0,R3_ORIGINAL,H_POLICY,FRESH_PAIRED_CONTROL,1,False,,472339f462c6e69ad8a3687918cb9a9ce9f1f6e0426b09f1600292799620fa15,
R8_tworoom_04207223ae48ad8b58be3a7a,H0,R3_ORIGINAL,H_REAL3_REPLAN,COMPLETE,1,False,True,f2f0bc0c0c4878409d4b0096928acb9d96a1b1ed274386b389aad6ca6788bfda,1d60a4337a6b95664198acfe8d34e59d6e916fa5940726a4c2face4b5a1587d4
R8_tworoom_04207223ae48ad8b58be3a7a,H0,R4_ALT_CEM_1,H_POLICY,FRESH_PAIRED_CONTROL,1,False,,9b78a791a06235b53894b6ad5414255764c16d6b94ccc1cecb93f4554149b201,
R8_tworoom_04207223ae48ad8b58be3a7a,H0,R4_ALT_CEM_1,H_REAL3_REPLAN,COMPLETE,1,False,True,da996e946ea052c9335c1a6e8d46672f5e44e4d6f25f54340e4b61b21c3b58d5,b37d531ac3af0806f2d138317997ef6e17a15ae7fe52cad6a530192d71610379
R8_tworoom_04207223ae48ad8b58be3a7a,H0,R4_ALT_CEM_2,H_POLICY,FRESH_PAIRED_CONTROL,1,False,,fe062edf7025dc25930b68078aa664993e5190b0a861c9d0a263605ec4427e05,
R8_tworoom_04207223ae48ad8b58be3a7a,H0,R4_ALT_CEM_2,H_REAL3_REPLAN,COMPLETE,1,False,True,4732954650518a29d1970eef9b789faf40c04181d53819cb78234c5bba7a7a30,58d22c37365cad069099b06f39118d4785d2dc202954a9a775ca543427cff26c
R8_tworoom_04207223ae48ad8b58be3a7a,REFIT_103201,R3_ORIGINAL,H_POLICY,FRESH_PAIRED_CONTROL,1,False,,8c0fd4b23c566b219c99905a9aaa7c1e31254a2abd223453ff384c6be1055893,
R8_tworoom_04207223ae48ad8b58be3a7a,REFIT_103201,R3_ORIGINAL,H_REAL3_REPLAN,COMPLETE,1,False,True,28086b4d072a74641b4401c957171f6d975a32958f2b575e73264611ca7535f6,c638254fff7091fdec7d67218c471fdd38f3861d8d805873fb61168a7c823bcb
R8_tworoom_04207223ae48ad8b58be3a7a,REFIT_103201,R4_ALT_CEM_1,H_POLICY,FRESH_PAIRED_CONTROL,1,False,,d559402decfd8a37e7288a199b81c0fc469f9661eb5ae9efb2252b542f87d939,
R8_tworoom_04207223ae48ad8b58be3a7a,REFIT_103201,R4_ALT_CEM_1,H_REAL3_REPLAN,COMPLETE,1,False,True,27a01ab8405de36081e8e7e88b21af20afa7ff9ed7a07a15dcbb8bacdf6f2f9b,2198be66e123d33e8442042591953fc2ece0d99e1da235482ff2458edaec428a
R8_tworoom_04207223ae48ad8b58be3a7a,REFIT_103201,R4_ALT_CEM_2,H_POLICY,FRESH_PAIRED_CONTROL,1,False,,dc8e598d646614e79df540045b2e7ef83a6f9ef8224849d9f2de5a8dc69c3d03,
R8_tworoom_04207223ae48ad8b58be3a7a,REFIT_103201,R4_ALT_CEM_2,H_REAL3_REPLAN,COMPLETE,1,False,True,a5c3f9a65bec5300eb72ac99e5afe00185dcc5263733b859bf318139ad24bbfd,c994b6e2930ace9c3a8264af25869d2f74f0d524e4b3daf19e82844509f710ba
R8_tworoom_04207223ae48ad8b58be3a7a,REFIT_103202,R3_ORIGINAL,H_POLICY,FRESH_PAIRED_CONTROL,1,False,,b27568cb5932f2e846093354500d668ad2d7ac170ff722c84d5e973107aa519b,
R8_tworoom_04207223ae48ad8b58be3a7a,REFIT_103202,R3_ORIGINAL,H_REAL3_REPLAN,COMPLETE,1,False,True,94391d4cb49fcc36e3a1fd1cecdc4ca6d2354c51bd96e4ae13de9970159cc210,86f1c4abfcbb567241738088e00e909913c7a231749f823c5596b0e95413326a
R8_tworoom_04207223ae48ad8b58be3a7a,REFIT_103202,R4_ALT_CEM_1,H_POLICY,FRESH_PAIRED_CONTROL,1,False,,1dcd27ae3a988e2804562f0d81004c8598574bee9c8037f245769f35f5af20fa,
R8_tworoom_04207223ae48ad8b58be3a7a,REFIT_103202,R4_ALT_CEM_1,H_REAL3_REPLAN,COMPLETE,1,False,True,1293c84267dca90d0ee80492147d048961d96a3cdbb221d0f1d0064b97951ffe,6864a8d342a87b02e7567c071db52cbc167c28bb47410653e1b28a30e89b74c2
R8_tworoom_04207223ae48ad8b58be3a7a,REFIT_103202,R4_ALT_CEM_2,H_POLICY,FRESH_PAIRED_CONTROL,1,False,,a77071f62eaf53f413e6249de8e4228663de9308c38188990c2b533d772cad4e,
R8_tworoom_04207223ae48ad8b58be3a7a,REFIT_103202,R4_ALT_CEM_2,H_REAL3_REPLAN,COMPLETE,1,False,True,ee307aa632d4bfe3065cf360c45518a2b24aad0e27c1a3c1b9c44ea3d991d196,c6207e9331addb6d6593f98fc7f6b1a5575c62b2a6432bd76bce0b3bbe209aa8
R8_tworoom_04207223ae48ad8b58be3a7a,REFIT_103203,R3_ORIGINAL,H_POLICY,FRESH_PAIRED_CONTROL,1,False,,063fdc92ffef567c15b647ab548375fa04eaaa9fea0e23ff5de4006b45230fae,
R8_tworoom_04207223ae48ad8b58be3a7a,REFIT_103203,R3_ORIGINAL,H_REAL3_REPLAN,COMPLETE,1,False,True,c472ed9a83d582ffb7f1f7ae61da7149033a8bb995421dee933f69ac5d4cda60,10c3c382d227a0f488d92b032cc5ffe7bb66e172255f7e88e3bc92a4be140c54
R8_tworoom_04207223ae48ad8b58be3a7a,REFIT_103203,R4_ALT_CEM_1,H_POLICY,FRESH_PAIRED_CONTROL,1,False,,bba648f3726fedd1d217063422f1f565b642dab344fd6f8370e2e0a0e0c5239e,
R8_tworoom_04207223ae48ad8b58be3a7a,REFIT_103203,R4_ALT_CEM_1,H_REAL3_REPLAN,COMPLETE,1,False,True,7e21750f6343844faa2d68b6f386374dde1d7928b890ede4b5a55a8f9846ef1e,67e8623b7b4bd13a8626cdb1febe1cdd47d563c9fc4085a8f4b08e3451b9db59
R8_tworoom_04207223ae48ad8b58be3a7a,REFIT_103203,R4_ALT_CEM_2,H_POLICY,FRESH_PAIRED_CONTROL,1,False,,2252b2e7b2090c89369a3cb2d3cccb20264ddeefad444ab19d362416a7b4711e,
R8_tworoom_04207223ae48ad8b58be3a7a,REFIT_103203,R4_ALT_CEM_2,H_REAL3_REPLAN,COMPLETE,1,False,True,9c6d40d142aef566aaf952eba4d3044535014368da930fcf4190f8bd11797e12,395f0b5211bd85892db449d52759b63ecf879c93c8a3a7c38b40a51fd2b225fb
R8_tworoom_042b6ebbb71de453c372ac1a,H0,R3_ORIGINAL,H_POLICY,FRESH_PAIRED_CONTROL,1,False,,12de570b8b62f442da4981e8e86441e9a67a83b81827c15180b20339934310d6,
R8_tworoom_042b6ebbb71de453c372ac1a,H0,R3_ORIGINAL,H_REAL3_REPLAN,COMPLETE,1,False,True,ba95c0848611e024d83c48bd6eca8f0f3047b36ed787bbab0ace745114e6c8ad,86de8146920848faf10c40c87620977623d4a8bcb8a39943d4d28be9cb352aba
R8_tworoom_042b6ebbb71de453c372ac1a,H0,R4_ALT_CEM_1,H_POLICY,FRESH_PAIRED_CONTROL,1,False,,bb31e060c0a403a512520041f04f393c0428a0ddd8a613bf5a0fc2c48a19096e,
R8_tworoom_042b6ebbb71de453c372ac1a,H0,R4_ALT_CEM_1,H_REAL3_REPLAN,COMPLETE,1,False,True,9bc0b04480031fc77c2ac2c583478f0b520f2f0d268b77b8b93e3d6bdec5911a,6578cfb0b5828abe83c41c2ad9d7d4441479606c9a95f3bae4f87e317a6909a1
R8_tworoom_042b6ebbb71de453c372ac1a,H0,R4_ALT_CEM_2,H_POLICY,FRESH_PAIRED_CONTROL,1,False,,4a4e3bcbfa38c3de5bc7ab34abb6849804e15429b3aee67e2b0d66198c2bc2ac,
R8_tworoom_042b6ebbb71de453c372ac1a,H0,R4_ALT_CEM_2,H_REAL3_REPLAN,COMPLETE,1,False,True,c5dc4d40d6a790e7341ffc5b069bc2ec78954473bf14bc42d7a079fbfff55ae7,a13fa43f2bff4b6fce6aa51ace4d88b202309cbeff1bea4138a21131683a2544
R8_tworoom_042b6ebbb71de453c372ac1a,REFIT_103201,R3_ORIGINAL,H_POLICY,FRESH_PAIRED_CONTROL,1,False,,62f4a3c909126b977cc9cf7843735d2648f6b2f10123f9cf5520fc834cb4411d,
R8_tworoom_042b6ebbb71de453c372ac1a,REFIT_103201,R3_ORIGINAL,H_REAL3_REPLAN,COMPLETE,1,False,True,178eb700545026f460b98bf40b66dd3be4cf23609fdbe10a1a76917e78327a45,ecd660b1da88c16d10ce136d165a0bde67818bfe719bf50448eafce53242577b
R8_tworoom_042b6ebbb71de453c372ac1a,REFIT_103201,R4_ALT_CEM_1,H_POLICY,FRESH_PAIRED_CONTROL,1,False,,fa35b5005365fc8a59db3a418aa2723c779e71d77de5a0ed9f8a81fab59b8165,
R8_tworoom_042b6ebbb71de453c372ac1a,REFIT_103201,R4_ALT_CEM_1,H_REAL3_REPLAN,COMPLETE,1,False,True,b324570b925b2c0a589970d2fb187b8edb1cd83cffb5dc36fd9c3f64319c8ccc,36c278b2ae4a490961d88ce69a20a4c6fb300af1fb77f1bc9b5e977ea4d70591
R8_tworoom_042b6ebbb71de453c372ac1a,REFIT_103201,R4_ALT_CEM_2,H_POLICY,FRESH_PAIRED_CONTROL,1,False,,102893345e80411e8a992907278c697e8615b5dfd1573062dde9c6d263c42c62,
R8_tworoom_042b6ebbb71de453c372ac1a,REFIT_103201,R4_ALT_CEM_2,H_REAL3_REPLAN,COMPLETE,1,False,True,3d44b550998700b5745c0fa9493d17f1f31339acc27a8ae88e6fb4f7ebdb8002,faed18afa0b5122e2f7d136a9ed7de59c9248c3e712f824f4200cdeda3b67da2
R8_tworoom_042b6ebbb71de453c372ac1a,REFIT_103202,R3_ORIGINAL,H_POLICY,FRESH_PAIRED_CONTROL,1,False,,71948374792034f22355f77c52aacbd4591f00324c24d77303d267b04456ea95,
R8_tworoom_042b6ebbb71de453c372ac1a,REFIT_103202,R3_ORIGINAL,H_REAL3_REPLAN,COMPLETE,1,False,True,ad1e00a7f23059f9549e8ceb403e6b91bf85d9ebe0a90c8f113b8b1d27435647,0decdcc92fdf47626df970b35844e129da51e67e73eeace1bf139b41f43805e1
R8_tworoom_042b6ebbb71de453c372ac1a,REFIT_103202,R4_ALT_CEM_1,H_POLICY,FRESH_PAIRED_CONTROL,1,False,,82e005c0982208ccdf6afc65b71a557c30fb886ca3e9a08f2b657fc8355c0e75,
R8_tworoom_042b6ebbb71de453c372ac1a,REFIT_103202,R4_ALT_CEM_1,H_REAL3_REPLAN,COMPLETE,1,False,True,cc0498eebbe10d9511b312189049c2d7dd024f3ea72005ac7dd8e4fbc1228c27,b8060999783e25c567153648fe97b6f88bc47a12e6e3a67c128eedcf2958cd2c
R8_tworoom_042b6ebbb71de453c372ac1a,REFIT_103202,R4_ALT_CEM_2,H_POLICY,FRESH_PAIRED_CONTROL,1,False,,7f5c9ab5462b76bc3363fb7e5fcdbf0461adb284f83de9c921b6cfeaaedc4623,
R8_tworoom_042b6ebbb71de453c372ac1a,REFIT_103202,R4_ALT_CEM_2,H_REAL3_REPLAN,COMPLETE,1,False,True,a9b1460bcd708843311ac760ef8c61c28f3cdffb74dd47d007e5bb780d6d621f,e62ec71eabcd1ff8da5fe60019edf3d15cfb0c91109da1ee62928c2f663f1acb
R8_tworoom_042b6ebbb71de453c372ac1a,REFIT_103203,R3_ORIGINAL,H_POLICY,FRESH_PAIRED_CONTROL,1,False,,8dafb100616e59be8e34c305928f5819c15a01af9585f5a30fe5451588a9dcbc,
R8_tworoom_042b6ebbb71de453c372ac1a,REFIT_103203,R3_ORIGINAL,H_REAL3_REPLAN,COMPLETE,1,False,True,ef5abf9edc1807aec12096b83db1b99ecb822619b51b18d1f77b49229a9edcb9,4f8097bbf8a53893d4bf8f523987e2e7460aa7e4fe162afc1362c7c485861dff
R8_tworoom_042b6ebbb71de453c372ac1a,REFIT_103203,R4_ALT_CEM_1,H_POLICY,FRESH_PAIRED_CONTROL,1,False,,123b37e7246a5c376f1ad943a393c96a7c5954a73473f31859cf2ebd3fa86d28,
R8_tworoom_042b6ebbb71de453c372ac1a,REFIT_103203,R4_ALT_CEM_1,H_REAL3_REPLAN,COMPLETE,1,False,True,684858a4dafaa0b7c2444d4227fdf4347ca700f3f4d556d2ee51ea79494d3683,1405c38a4e4d2be3ef7187697fd526df8dcaf3f32664a8572fb684fa755070a5
R8_tworoom_042b6ebbb71de453c372ac1a,REFIT_103203,R4_ALT_CEM_2,H_POLICY,FRESH_PAIRED_CONTROL,1,False,,685e68f788c02a4f2077f62ce5be08a6de81b545861d04c0bdb76219405b87c9,
R8_tworoom_042b6ebbb71de453c372ac1a,REFIT_103203,R4_ALT_CEM_2,H_REAL3_REPLAN,COMPLETE,1,False,True,6e2ff157dfc36c6495c67217e36b7b4bf07ec247eff3cf1304f0212d5e34f552,fe4062e27b7c654691915e8b31f64734265cfbcc55dc4156ce8145659db775fe
R8_tworoom_043a3f8ff0c3e18976268fde,H0,R3_ORIGINAL,H_POLICY,FRESH_PAIRED_CONTROL,1,False,,4fba4a3cac87688919534c708e317cd891d3b3a465ff7c43006ab16b2370e17f,
R8_tworoom_043a3f8ff0c3e18976268fde,H0,R3_ORIGINAL,H_REAL3_REPLAN,COMPLETE,1,False,True,deeca49a67f6a4b0698e9f40d04386a5aeb3d888df1ab7afb83e7fc22305d3dc,f6daa686004f7ffd34d8164075587110959484138a388492ee5829caa24f270a
R8_tworoom_043a3f8ff0c3e18976268fde,H0,R4_ALT_CEM_1,H_POLICY,FRESH_PAIRED_CONTROL,1,False,,dbda3faf0dfbd13c4268356d321f201cf6b20fdc148111c047e3952ce7145cb7,
R8_tworoom_043a3f8ff0c3e18976268fde,H0,R4_ALT_CEM_1,H_REAL3_REPLAN,COMPLETE,1,False,True,44d9ecf51ddeea31f19e03913da7fbd147bf09b1a9755186b374605a4751b68b,d73645e6884f25f56a678430eb42f40b23ce5e76718878a715b010ca215465f9
R8_tworoom_043a3f8ff0c3e18976268fde,H0,R4_ALT_CEM_2,H_POLICY,FRESH_PAIRED_CONTROL,1,False,,822bde3fa0d5738fb67325a5a9a914acd8284915c18bcf49566c9d4739124d65,
R8_tworoom_043a3f8ff0c3e18976268fde,H0,R4_ALT_CEM_2,H_REAL3_REPLAN,COMPLETE,1,False,True,6d33092bc62fe5fdfa19160bef74fa74de77bc33c6c02db5845094cc33a05131,94b757fa0cb1cdb51380e6204ef267724e1562f756d50a6e10dfa6d032c89902
R8_tworoom_043a3f8ff0c3e18976268fde,REFIT_103201,R3_ORIGINAL,H_POLICY,FRESH_PAIRED_CONTROL,1,False,,8eb5f389eb3f7b265cdee601b0241886ba1c5d4e27301c9b5ff1730de3ed9dd2,
R8_tworoom_043a3f8ff0c3e18976268fde,REFIT_103201,R3_ORIGINAL,H_REAL3_REPLAN,COMPLETE,1,False,True,ff2dc8454ee6f8b7bef8e206cb9086cc76bfc65f0f72f195c584b728f85003cf,1febe4a4500ba65236a8ab9e64c5ecf4be15788452ca14c5d36f75f8f558608f
R8_tworoom_043a3f8ff0c3e18976268fde,REFIT_103201,R4_ALT_CEM_1,H_POLICY,FRESH_PAIRED_CONTROL,1,False,,8c7f908cd5d77076f10fe2e6db2036a4e830f1095943026cb4441e66bb883ec6,
R8_tworoom_043a3f8ff0c3e18976268fde,REFIT_103201,R4_ALT_CEM_1,H_REAL3_REPLAN,COMPLETE,1,False,True,3c6b3c853298a0a9cbc22067a6a5921406c054780a75e600a49ca7cd17b10c6e,d3bf841481f13fdc035fa38cfe437f43c472cc059b73393853137c476a0831b6
R8_tworoom_043a3f8ff0c3e18976268fde,REFIT_103201,R4_ALT_CEM_2,H_POLICY,FRESH_PAIRED_CONTROL,1,False,,8d2192bf9cd42f3deea96b997c07f8de04925c2a30ab03b0171bfd8c6eb40f44,
R8_tworoom_043a3f8ff0c3e18976268fde,REFIT_103201,R4_ALT_CEM_2,H_REAL3_REPLAN,COMPLETE,1,False,True,7c88e62abc22b478ef40b4439415f6234edb65bfbaff5c2b2914f0c090f963c8,0ecfe95c2aa190b74319d76aa30c8e598d1e7cc77e2a73c9f4fe859cc6f97219
R8_tworoom_043a3f8ff0c3e18976268fde,REFIT_103202,R3_ORIGINAL,H_POLICY,FRESH_PAIRED_CONTROL,1,False,,6a108963a4b7303bd4c66dce090abeea852315c0cfa622aa58259528e682c81f,
R8_tworoom_043a3f8ff0c3e18976268fde,REFIT_103202,R3_ORIGINAL,H_REAL3_REPLAN,COMPLETE,1,False,True,c444b62d1a8e4ae08936ab87e473647120d9720955941f83ac885d8ce5835949,bbeeea63a98197254b8858f76c6608d35f46ff0e107421315f62f20f4df69d36
R8_tworoom_043a3f8ff0c3e18976268fde,REFIT_103202,R4_ALT_CEM_1,H_POLICY,FRESH_PAIRED_CONTROL,1,False,,7a07209880059889b0491bcd88ac8242f6104656dc8892feed243b980ea5ebf5,
R8_tworoom_043a3f8ff0c3e18976268fde,REFIT_103202,R4_ALT_CEM_1,H_REAL3_REPLAN,COMPLETE,1,False,True,d6f2f52c704329bd792e1beff7b089278c4b2b8224a8bd93199b8cae4ffe25d2,fc0bc860980b43d3963abf8010581a9bcf4531eb1cd57f1cfd56b7e3b19a52db
R8_tworoom_043a3f8ff0c3e18976268fde,REFIT_103202,R4_ALT_CEM_2,H_POLICY,FRESH_PAIRED_CONTROL,1,False,,792c97b030eb36bbc22b14be5855f8b50c3758d826ffe147090f3c827b84c159,
R8_tworoom_043a3f8ff0c3e18976268fde,REFIT_103202,R4_ALT_CEM_2,H_REAL3_REPLAN,COMPLETE,1,False,True,8327190de01f99147cf192ba28a97eda1d0586684cfd2e815c33d7149da18209,6e2bd9956dd0c411a6354ddbe80ae72455f6e07b83dd936043b855a4bd781c61
R8_tworoom_043a3f8ff0c3e18976268fde,REFIT_103203,R3_ORIGINAL,H_POLICY,FRESH_PAIRED_CONTROL,1,False,,c32a0bda290875611df56d6ed31387ec339a9e018078c00c5719a3447c579d7e,
R8_tworoom_043a3f8ff0c3e18976268fde,REFIT_103203,R3_ORIGINAL,H_REAL3_REPLAN,COMPLETE,1,False,True,8cd894845649afde14f29d34660b9058dd62a1068d7e51439d1b3ccef97e4a7c,2e173a68e95a3e2b41d69474b1a1f72b6e50a7eedb1ce3219bdea9341f0b4f47
R8_tworoom_043a3f8ff0c3e18976268fde,REFIT_103203,R4_ALT_CEM_1,H_POLICY,FRESH_PAIRED_CONTROL,1,False,,f5d9d4538277a237d55db77344e32f1ef5609111920909fddd50611c5990b4dd,
R8_tworoom_043a3f8ff0c3e18976268fde,REFIT_103203,R4_ALT_CEM_1,H_REAL3_REPLAN,COMPLETE,1,False,True,0016b5e631dcd34384c39d964d9c0dafcfdaba5fbb469758e3bf19290debb5b3,e70a9cd7dfbe950c959110da3c8cf37c8d703abffe5166275aac1104541f5cba
R8_tworoom_043a3f8ff0c3e18976268fde,REFIT_103203,R4_ALT_CEM_2,H_POLICY,FRESH_PAIRED_CONTROL,1,True,,187dbaa47f17227b34eededf9137bd156ee4d2e7849fc83e5dab3c03e249d671,
R8_tworoom_043a3f8ff0c3e18976268fde,REFIT_103203,R4_ALT_CEM_2,H_REAL3_REPLAN,COMPLETE,1,True,True,161a45ec05bcf750a4e3b46152c1ee8ebf0b1205e13d7c291913fd43de69909e,64bbb456e6ac0a6e1e557c36bb21b9f7a04271e29245d197bdcf8092ec1e0ebc
R8_tworoom_04473637cdfc1f585d9adcf3,H0,R3_ORIGINAL,H_POLICY,FRESH_PAIRED_CONTROL,1,False,,4186f3523b405036904d3ac34a55e1d6d04ff24e554cc75a9c0c6a41a0de6dd9,
R8_tworoom_04473637cdfc1f585d9adcf3,H0,R3_ORIGINAL,H_REAL3_REPLAN,COMPLETE,1,False,True,ea6ad3276c9556794e34bd700eeb0e39f20e03a4d72df41ed4ee921d756ae5e1,b58a205ff154138df072316b29cd6a3c727afa2a61e24e3a2bd6800cfbc71dd7
R8_tworoom_04473637cdfc1f585d9adcf3,H0,R4_ALT_CEM_1,H_POLICY,FRESH_PAIRED_CONTROL,1,False,,e06e95eecf62f9c64d745a18e63e019c3c8d9dc652fd0895aedfee297435edd1,
R8_tworoom_04473637cdfc1f585d9adcf3,H0,R4_ALT_CEM_1,H_REAL3_REPLAN,COMPLETE,1,False,True,4e20d60f092129dc0732bdb250cda6d721ac88e464d18414bc293ace13f36819,7fe5211e3e22e6cb21bc964e1aff21e60cecbe978c61172b99930e6d7f2e451d
R8_tworoom_04473637cdfc1f585d9adcf3,H0,R4_ALT_CEM_2,H_POLICY,FRESH_PAIRED_CONTROL,1,False,,292d7f47d35f4c1dc08fb9ec425e73980f1b3bfed1d1713847c0a130e6f88fcf,
R8_tworoom_04473637cdfc1f585d9adcf3,H0,R4_ALT_CEM_2,H_REAL3_REPLAN,COMPLETE,1,False,True,4200538f5dee10da263cc32695fe150e7094b351cf548e7cf12097498323218f,fb49a6aa42ab4c76c5005d3353ff9fd14e94f2dd9d304b52527f7dea4bcbcdb7
R8_tworoom_04473637cdfc1f585d9adcf3,REFIT_103201,R3_ORIGINAL,H_POLICY,FRESH_PAIRED_CONTROL,1,False,,fd4e1786c3c5306d777f2509315d33eb89d570be0cfdccf00fc3e6ea1db19c65,
R8_tworoom_04473637cdfc1f585d9adcf3,REFIT_103201,R3_ORIGINAL,H_REAL3_REPLAN,COMPLETE,1,False,True,48797bc0621c8293b63240b3edc0e227e740db3d91aeeb6105692b50e1c39b1a,b33ab687cd22c538413b68df29f99b435fb9a5edfffa484ad0aa1ca32d779aea
R8_tworoom_04473637cdfc1f585d9adcf3,REFIT_103201,R4_ALT_CEM_1,H_POLICY,FRESH_PAIRED_CONTROL,1,False,,97fa45cf557bd6b7271c8c69b4b9c364bd37c418b591f124c9bdab40a11946df,
R8_tworoom_04473637cdfc1f585d9adcf3,REFIT_103201,R4_ALT_CEM_1,H_REAL3_REPLAN,COMPLETE,1,False,True,f20684c00949d0d6f0cd4df1124789780a7e382dd35c19a0b28cd82982a16e40,c15e7962edbf58f82cf057ef3619ce8d8b4535c1cfb0aa9fe2514959c830116e
R8_tworoom_04473637cdfc1f585d9adcf3,REFIT_103201,R4_ALT_CEM_2,H_POLICY,FRESH_PAIRED_CONTROL,1,False,,18c82a267f5282a863100557725dde0280cc7e9044e10c9fc645eba64fd9eee1,
R8_tworoom_04473637cdfc1f585d9adcf3,REFIT_103201,R4_ALT_CEM_2,H_REAL3_REPLAN,COMPLETE,1,False,True,bd1d5509f907e20d072daff272371d59aa512922b22350ddfeae3f3dfbd4b59d,49a7cd1dc61368d4f4304bc6366cec28c5158801751322fb6c5873030279583a
R8_tworoom_04473637cdfc1f585d9adcf3,REFIT_103202,R3_ORIGINAL,H_POLICY,FRESH_PAIRED_CONTROL,1,False,,a523d8346147b88f7f3c79bd42ee4f0fae7a634faaa4578e962dabce160076ca,
R8_tworoom_04473637cdfc1f585d9adcf3,REFIT_103202,R3_ORIGINAL,H_REAL3_REPLAN,COMPLETE,1,False,True,13c75d2f2267658fb91fe2aef25dc9ad00aaa94c348a997aa6053aa2280cbd11,1e091abc4443f5d378d5e56feb4bdcd773f2b1996165fae561da118690b5897b
R8_tworoom_04473637cdfc1f585d9adcf3,REFIT_103202,R4_ALT_CEM_1,H_POLICY,FRESH_PAIRED_CONTROL,1,False,,5e901792e3bbd63e2631b92973c0399f9bde9f228dd81222c4d7a07db6f020c5,
R8_tworoom_04473637cdfc1f585d9adcf3,REFIT_103202,R4_ALT_CEM_1,H_REAL3_REPLAN,COMPLETE,1,False,True,930339cff140b39a8b26d86e7d7e8078d2b75837b96b4f4a337852a7eb5bdaca,6ab97fb4aaac6729bd06e5d47c58aa73b5326a85d6db79e176da7dd5f1165dfe
R8_tworoom_04473637cdfc1f585d9adcf3,REFIT_103202,R4_ALT_CEM_2,H_POLICY,FRESH_PAIRED_CONTROL,1,False,,e3f4517cb5f4fbb9976c8c57706d143e746dafc65e0499c6c604594ff2e7a311,
R8_tworoom_04473637cdfc1f585d9adcf3,REFIT_103202,R4_ALT_CEM_2,H_REAL3_REPLAN,COMPLETE,1,False,True,8241859e59328f5aaff0a970ef121df42b4584a69d7fa2cf9922fdf2d4d47264,68dc3427acb659398df136485dd6ac5ad5625dabf95f6e1ef7169d79a9e93a5a
R8_tworoom_04473637cdfc1f585d9adcf3,REFIT_103203,R3_ORIGINAL,H_POLICY,FRESH_PAIRED_CONTROL,1,False,,c502506c41ca52ec77f119f53e3d0227859ad2905fde2db6638b580f057c0c83,
R8_tworoom_04473637cdfc1f585d9adcf3,REFIT_103203,R3_ORIGINAL,H_REAL3_REPLAN,COMPLETE,1,False,True,adaa3059baf089bac925ed610ec2ca0630fb20a0ea17a13a2b77c236759adaff,451ca9ce875a0780be73c725fa53046cbc876776aac30ae2c8e3cd71f96818c7
R8_tworoom_04473637cdfc1f585d9adcf3,REFIT_103203,R4_ALT_CEM_1,H_POLICY,FRESH_PAIRED_CONTROL,1,False,,5aecfe84ee04021054b110ae72d0b65429cb0ab4ecade93f26292f97dac29eaa,
R8_tworoom_04473637cdfc1f585d9adcf3,REFIT_103203,R4_ALT_CEM_1,H_REAL3_REPLAN,COMPLETE,1,False,True,ced39c8e34cbd8125cf9a0ad5afe46ecab4e6f04ed7231195a979b97594ad93a,bdf4298e1b35310dfec7eca913eb25d788bcc60183c7889d8e1ea8ad0d73d97a
R8_tworoom_04473637cdfc1f585d9adcf3,REFIT_103203,R4_ALT_CEM_2,H_POLICY,FRESH_PAIRED_CONTROL,1,False,,5d8b705562d0908e41105f60a61e2e4c74247266d8ef933cb3579807015755bd,
R8_tworoom_04473637cdfc1f585d9adcf3,REFIT_103203,R4_ALT_CEM_2,H_REAL3_REPLAN,COMPLETE,1,False,True,a9da1f7ff0237576491bcf71b5442b9089ddf2b788348580cbb1854d431c2bb0,0e016f314c87074cbfd02bd4e8b6a2c1b169a867b486b33749ebcf3adb3b78fe
R8_tworoom_044ce8e736a8edf6c678d55e,H0,R3_ORIGINAL,H_POLICY,FRESH_PAIRED_CONTROL,1,False,,5a7b3e17f7b79d5b3f4764c7de2a4e422d580a83a1a23180d31cdf5d5e7aaff2,
R8_tworoom_044ce8e736a8edf6c678d55e,H0,R3_ORIGINAL,H_REAL3_REPLAN,COMPLETE,1,False,True,2ae9556eb62e0631075269d73d16f6b850a9abfb51be310514617c4aac694773,ca154205b2b5363687f52200d22960ecb9ab8c9b482893008426be828301ed3c
R8_tworoom_044ce8e736a8edf6c678d55e,H0,R4_ALT_CEM_1,H_POLICY,FRESH_PAIRED_CONTROL,1,True,,bcbef634576be6b765170d2abaf4c79a0de634f4b3cd8ce65320ab5328ea7e3a,
R8_tworoom_044ce8e736a8edf6c678d55e,H0,R4_ALT_CEM_1,H_REAL3_REPLAN,COMPLETE,1,True,True,ca4f2b34a92bf00d63625880a08d819d42a587eae580adec0d01ca4ea9b4568b,3bb3a10cf8c0a368aabe08ca320744a0a7f57053a7276d190d211b2e85ec876c
R8_tworoom_044ce8e736a8edf6c678d55e,H0,R4_ALT_CEM_2,H_POLICY,FRESH_PAIRED_CONTROL,1,True,,69c36d2e53cb4e919f76c1d6da6aa8fe8df13ae5c521a439f45c267c18646bf3,
R8_tworoom_044ce8e736a8edf6c678d55e,H0,R4_ALT_CEM_2,H_REAL3_REPLAN,COMPLETE,1,True,True,fd2dbe12c5e720f78bc79e85d744b3d12be6251f012a82f242c2ed0e0b400c84,37cd125553f4e8f0827b245a1db47fcf001256511ad41490aa1cf641a9407d6d
R8_tworoom_044ce8e736a8edf6c678d55e,REFIT_103201,R3_ORIGINAL,H_POLICY,FRESH_PAIRED_CONTROL,0,True,,83a01772e1312c0f7736ac80f5cf3af24876453269fed3ff412d102ec00ffd42,
R8_tworoom_044ce8e736a8edf6c678d55e,REFIT_103201,R3_ORIGINAL,H_REAL3_REPLAN,COMPLETE,0,True,True,6b6f4c7c533c2694c705da0efe7cba34751bd401006d2a2968ed4dfe7b1bc577,f98b9438b30315b41dba95076f922919343bbac5facaf74949ba1d0db0e15562
R8_tworoom_044ce8e736a8edf6c678d55e,REFIT_103201,R4_ALT_CEM_1,H_POLICY,FRESH_PAIRED_CONTROL,0,True,,c4084ff0cc446d5b46355f70f39472e23c47b1994f95fffefc6071f501a8248c,
R8_tworoom_044ce8e736a8edf6c678d55e,REFIT_103201,R4_ALT_CEM_1,H_REAL3_REPLAN,COMPLETE,0,True,True,4c4e690e0aede446c6fe2882489c8f627902e62210784c223489b08f4c257177,c192a6790e58ee3465d692fe322da3867cea3ca4ca55412064b12868e7e23b82
R8_tworoom_044ce8e736a8edf6c678d55e,REFIT_103201,R4_ALT_CEM_2,H_POLICY,FRESH_PAIRED_CONTROL,0,True,,00ae34dec7f24f17e4e87c8361a9dddb277cd29993090ed90e96c1ea1afb212e,
R8_tworoom_044ce8e736a8edf6c678d55e,REFIT_103201,R4_ALT_CEM_2,H_REAL3_REPLAN,COMPLETE,0,True,True,de4ff3db4d719ecd03c9d4235bc307f829d1a038baa1c678a3034cc715479253,1bef528ee72d5e754ed53d962ac8f481ab7d9e302d38f18071755482c8ff1dfa
R8_tworoom_044ce8e736a8edf6c678d55e,REFIT_103202,R3_ORIGINAL,H_POLICY,FRESH_PAIRED_CONTROL,0,True,,4f949cfa7188466edd3371c9cbe28c303fff2b9720bdd9e447964dd8eaf1d6fa,
R8_tworoom_044ce8e736a8edf6c678d55e,REFIT_103202,R3_ORIGINAL,H_REAL3_REPLAN,COMPLETE,0,True,True,47a93b957ce2b1a59d6a14004abda359f4cecc896dba30f0581e90cc8cf22415,b0b1dc6c71251bb86d4d9dd3a01b54da1cd4903b6cffc9d637d0c5abe8996af2
R8_tworoom_044ce8e736a8edf6c678d55e,REFIT_103202,R4_ALT_CEM_1,H_POLICY,FRESH_PAIRED_CONTROL,0,True,,7a37516763474ad9ddae4ec87f7f6a93b6ff534bf7b30cf942f156a5d8dedd06,
R8_tworoom_044ce8e736a8edf6c678d55e,REFIT_103202,R4_ALT_CEM_1,H_REAL3_REPLAN,COMPLETE,0,True,True,34b539052ec0a37b0b010b960271ec43305610495ec35bec5dcb465067508341,cb74d105a6118f1083b23db7cd7b751ec21f78b15402741086a1278de4d6e0a6
R8_tworoom_044ce8e736a8edf6c678d55e,REFIT_103202,R4_ALT_CEM_2,H_POLICY,FRESH_PAIRED_CONTROL,0,True,,a19dd890fce26f5559d98a1873b27cbf4331001b376937be7be2a397d1ec0d5e,
R8_tworoom_044ce8e736a8edf6c678d55e,REFIT_103202,R4_ALT_CEM_2,H_REAL3_REPLAN,COMPLETE,0,True,True,4ac54f4253dfaeeef1fb903fbca9a589303a6c4b5416a055fac7341918573ba1,fac4fa0193fd32b287d42913918ef46ba053b70c7c2eaba66db9c329e817d1b6
R8_tworoom_044ce8e736a8edf6c678d55e,REFIT_103203,R3_ORIGINAL,H_POLICY,FRESH_PAIRED_CONTROL,0,True,,8a394370ab01d64ac895315a0d5ea17d3749b290b31d45e6f48831d33642ff94,
R8_tworoom_044ce8e736a8edf6c678d55e,REFIT_103203,R3_ORIGINAL,H_REAL3_REPLAN,COMPLETE,0,True,True,bec8620de61a9d8de800b176116254e317c6fbebdec0928a75531867b90f0353,120d2511abcbb5022dd4978732941dbd6ad678636f5cf12784af94572f28e7fe
R8_tworoom_044ce8e736a8edf6c678d55e,REFIT_103203,R4_ALT_CEM_1,H_POLICY,FRESH_PAIRED_CONTROL,0,True,,04ca4bc8d4013c882f53ab5e8756969fbe6167f15208bc0b8d74429664a610b4,
R8_tworoom_044ce8e736a8edf6c678d55e,REFIT_103203,R4_ALT_CEM_1,H_REAL3_REPLAN,COMPLETE,0,True,True,0a90b490df1514e2aa188462b64181e0156707a2cdb086473d3e3f4955537264,c08a33e044d4c38708aac380112f7ff9c2de7ae6efcc21dd5a1eb763040fae85
R8_tworoom_044ce8e736a8edf6c678d55e,REFIT_103203,R4_ALT_CEM_2,H_POLICY,FRESH_PAIRED_CONTROL,0,True,,aad03ed48c0fe0d6c64bd5cee0ca47c750f1effa9b6f0ee64744761d7b84d4b7,
R8_tworoom_044ce8e736a8edf6c678d55e,REFIT_103203,R4_ALT_CEM_2,H_REAL3_REPLAN,COMPLETE,0,True,True,6ff76f08920ea9cb2e79c0586289826bf01c4e2431651c47df7981c6b13e6f45,82038a15afeb9fd620a6f124490f5eeaa5527493cbed3514178d6a4b430f9a61
R8_tworoom_04bbb5132a97dfcd384a8abb,H0,R3_ORIGINAL,H_POLICY,FRESH_PAIRED_CONTROL,0,True,,8b7496dc0ba0089dd3e99929ead1f5a4dcc18a614ecdc192795d119ecfde9af8,
R8_tworoom_04bbb5132a97dfcd384a8abb,H0,R3_ORIGINAL,H_REAL3_REPLAN,COMPLETE,0,True,True,14040769360f6901ef667a6b9aadff137ba10a2b7d6ad326e6e25dd6c3b9d7e7,efb862d556b8ac06ec2d7e66b7aa6a35d07fc46c3cb6195cff877fad8accefa9
R8_tworoom_04bbb5132a97dfcd384a8abb,H0,R4_ALT_CEM_1,H_POLICY,FRESH_PAIRED_CONTROL,0,True,,8b2cb7640877783d58a56597214ecb51a9d496b1116a823526d637d743f1d209,
R8_tworoom_04bbb5132a97dfcd384a8abb,H0,R4_ALT_CEM_1,H_REAL3_REPLAN,COMPLETE,0,True,True,8e733e1c2e416a7f928c42a4e88390db205303fd87e93e371be0ea845a4d7069,969823df5fd4ea84a4b847a38418e40bdc1c13b37f74ae9ab7bfdf38941ee094
R8_tworoom_04bbb5132a97dfcd384a8abb,H0,R4_ALT_CEM_2,H_POLICY,FRESH_PAIRED_CONTROL,0,True,,af96dbaaa55a44f9292de0601f93ab86e06dc58b0bd358d442311e2715339df1,
R8_tworoom_04bbb5132a97dfcd384a8abb,H0,R4_ALT_CEM_2,H_REAL3_REPLAN,COMPLETE,0,True,True,087c7f9e6e7a6d3fbf4e37d5bb109fbbe669c00d71bfdd6dbc1981ac5a1230b1,122c671a478983fb169879f50a41be8620c6f9cfce44ed52aa2ed2a9b2cf85b4
R8_tworoom_04bbb5132a97dfcd384a8abb,REFIT_103201,R3_ORIGINAL,H_POLICY,FRESH_PAIRED_CONTROL,0,True,,d6942e761e7521424b03dbab7659305f28b569bc78fada37fa06f670dfac82b0,
R8_tworoom_04bbb5132a97dfcd384a8abb,REFIT_103201,R3_ORIGINAL,H_REAL3_REPLAN,COMPLETE,0,True,True,edb05d29e8c23af1462195a9ad196f37a919dcef89aa8d325b3b0720a03ffdf7,e07343254d4de412418988b9a69a640fa2e2c43fe8ce61ab13f601a47e08c7fe
R8_tworoom_04bbb5132a97dfcd384a8abb,REFIT_103201,R4_ALT_CEM_1,H_POLICY,FRESH_PAIRED_CONTROL,0,True,,e48a6325815f057ca8992966c547bdbea0cd162b24b76aa9df468c05437cdecd,
R8_tworoom_04bbb5132a97dfcd384a8abb,REFIT_103201,R4_ALT_CEM_1,H_REAL3_REPLAN,COMPLETE,0,True,True,4a0e7f8e38a2e7c85df355f5b42815786642243a55065c0f6547a929736a4fb9,94b554762a90fc0824304ee8398f6dec8a0be2ac84abc7f729bb0a30ba3f8c3c
R8_tworoom_04bbb5132a97dfcd384a8abb,REFIT_103201,R4_ALT_CEM_2,H_POLICY,FRESH_PAIRED_CONTROL,0,True,,8ca2684a5b62aab9eed6f8c64967a79667623bbec2a0bc932c4302f75a433801,
R8_tworoom_04bbb5132a97dfcd384a8abb,REFIT_103201,R4_ALT_CEM_2,H_REAL3_REPLAN,COMPLETE,0,True,True,45fb4eb6cea9a49bf4253fd5c4c5b522a48221dd40d8403efdc7ddcd3655adfd,928f4baa6db7bde9e032f9e9aa826b6d69cd2b2826edffc56d0ba387aef6ae0a
R8_tworoom_04bbb5132a97dfcd384a8abb,REFIT_103202,R3_ORIGINAL,H_POLICY,FRESH_PAIRED_CONTROL,0,True,,7e1f383687b552f1f96d977e0f980e118941b7f1184d18027341def65b6a030e,
R8_tworoom_04bbb5132a97dfcd384a8abb,REFIT_103202,R3_ORIGINAL,H_REAL3_REPLAN,COMPLETE,0,True,True,3eec1a1d0a1131334a604f149ccb50890c8989262068186af04ab86b89ba82c5,e8f48c65b008db78f3ab7a1d31e72541f82558c202803d9c703aee1df68f96bb
R8_tworoom_04bbb5132a97dfcd384a8abb,REFIT_103202,R4_ALT_CEM_1,H_POLICY,FRESH_PAIRED_CONTROL,0,True,,883715c90a33ce3dcb5c60c36e4fec42dd7d4633ccd3963285f4a1426631dd92,
R8_tworoom_04bbb5132a97dfcd384a8abb,REFIT_103202,R4_ALT_CEM_1,H_REAL3_REPLAN,COMPLETE,0,True,True,3449440352d890f88c1b519743982c86b9583174caffd5f1adb7b6c6bb9c4102,2fa09159857ce4e411865453f6e5b7719b4a2b04ee29b0f3610d2507f2e634df
R8_tworoom_04bbb5132a97dfcd384a8abb,REFIT_103202,R4_ALT_CEM_2,H_POLICY,FRESH_PAIRED_CONTROL,0,True,,dd4d92b975fc55ed8998c891398bc71d9655f56d473655bfbac232fe6ba48b3b,
R8_tworoom_04bbb5132a97dfcd384a8abb,REFIT_103202,R4_ALT_CEM_2,H_REAL3_REPLAN,COMPLETE,0,True,True,b5f160f312349dd66c67107615224321159c36e7450c55f2f95de790d586fcb3,5994913e5244397d897ec5de3bfab584b1389b2cfbc0cc7e7c0de7c35c07234b
R8_tworoom_04bbb5132a97dfcd384a8abb,REFIT_103203,R3_ORIGINAL,H_POLICY,FRESH_PAIRED_CONTROL,0,True,,6a33325a75e1ca3113a8155a104226a781acd21e4a77b64327cc792ab01d8c0a,
R8_tworoom_04bbb5132a97dfcd384a8abb,REFIT_103203,R3_ORIGINAL,H_REAL3_REPLAN,COMPLETE,0,True,True,744b61430de08eb7cdc2381fd8385cd09466b9677b8bc0494391145a280f75aa,26cbf18d03b35c3b2ef9d939b7739984b4890df176e1de181c80e424ef6bb368
R8_tworoom_04bbb5132a97dfcd384a8abb,REFIT_103203,R4_ALT_CEM_1,H_POLICY,FRESH_PAIRED_CONTROL,0,True,,e0c56a5e83eb5a7a0447f00d01a20cb7394dea6992a3ceb25dea63bcace22375,
R8_tworoom_04bbb5132a97dfcd384a8abb,REFIT_103203,R4_ALT_CEM_1,H_REAL3_REPLAN,COMPLETE,0,True,True,6b6cf11d5443c6bb4db77363a819d40facebb0b606da6b25cb0ef4ac20bd8187,2d1b29d264538e6133782b784c7ff0f9bf9c46c5a1b46ca2a665b7221dd3c95a
R8_tworoom_04bbb5132a97dfcd384a8abb,REFIT_103203,R4_ALT_CEM_2,H_POLICY,FRESH_PAIRED_CONTROL,0,True,,33bc0caac1c08afdcd8af9798d15f26346204fa8c6590d6943f1eff61af034a9,
R8_tworoom_04bbb5132a97dfcd384a8abb,REFIT_103203,R4_ALT_CEM_2,H_REAL3_REPLAN,COMPLETE,0,True,True,7731695bb64b2fd93fe9bded546efd1d952622de5ce9f0578fea5e441762a785,66960921fa4fd819d18f9d90e31be6c6bca49e4534a6ecd5ca02f10373a32782
R8_tworoom_04c09f873c34ac20e9f83a16,H0,R3_ORIGINAL,H_POLICY,FRESH_PAIRED_CONTROL,1,False,,f87e4b838f5094e8d225c5c99ae1bce50a218823e06a62a4b97b52d96a09b4e4,
R8_tworoom_04c09f873c34ac20e9f83a16,H0,R3_ORIGINAL,H_REAL3_REPLAN,COMPLETE,1,False,True,86b61284e146849672b43ee9cf78af458a841ef68c0397830cc4c1525bc67cbc,771c1f3c81c3798cbcc58fa27805119f8f282d5e8facd8670189b00970405544
R8_tworoom_04c09f873c34ac20e9f83a16,H0,R4_ALT_CEM_1,H_POLICY,FRESH_PAIRED_CONTROL,1,False,,6c8613daad4f795c3fea6a358e5fbd0e2c9fc836a19f318352bca8a7c0a71e66,
R8_tworoom_04c09f873c34ac20e9f83a16,H0,R4_ALT_CEM_1,H_REAL3_REPLAN,COMPLETE,1,False,True,e20b30a7f97e284c7c59153c04bf0d1d25d80098dafd786ca6506949179448eb,0fbd59a91a3c90d78db3d4ce0be3765b4f681131636e3221183484e6819a8e4e
R8_tworoom_04c09f873c34ac20e9f83a16,H0,R4_ALT_CEM_2,H_POLICY,FRESH_PAIRED_CONTROL,1,False,,594d9f88deb5d3129b54178537a800eccfa8083711cc632a70fba02da894ce74,
R8_tworoom_04c09f873c34ac20e9f83a16,H0,R4_ALT_CEM_2,H_REAL3_REPLAN,COMPLETE,1,False,True,cb26dddf93b6ea91c7f6bfbe2001b7bd10a5d438dabdb2ce992dfb05f3e0fdf3,4c43132bcf7866de9e1a916f1d74bac82374aa220b7eaff591d29efdbc081f1e
R8_tworoom_04c09f873c34ac20e9f83a16,REFIT_103201,R3_ORIGINAL,H_POLICY,FRESH_PAIRED_CONTROL,0,True,,114f87a747134e4b11d6250ee897b3813d64db14bf65acc63d044b3f64043983,
R8_tworoom_04c09f873c34ac20e9f83a16,REFIT_103201,R3_ORIGINAL,H_REAL3_REPLAN,COMPLETE,0,True,True,895147e29ca71633b831d8ce0bffb9c26435f74eac3fcf40b55c67c1dccc8cd8,720acf18d10c781f9896da0602354e67f911c0b34b5bc4f283376e583c331c70
R8_tworoom_04c09f873c34ac20e9f83a16,REFIT_103201,R4_ALT_CEM_1,H_POLICY,FRESH_PAIRED_CONTROL,0,True,,475960712efce0107dd47ded1361a4abe53a60689a30f2f20b9b58472e5a298a,
R8_tworoom_04c09f873c34ac20e9f83a16,REFIT_103201,R4_ALT_CEM_1,H_REAL3_REPLAN,COMPLETE,0,True,True,d15460c282076c621b63c781e9ee7fa16be575ddd8270eb58f5fe10197392a56,fbf24ef53b117f9fb5da516ecaa2dd59ecffeeb5346b09e4b8de126682859430
R8_tworoom_04c09f873c34ac20e9f83a16,REFIT_103201,R4_ALT_CEM_2,H_POLICY,FRESH_PAIRED_CONTROL,0,True,,f04b13c03acfb9b667f9c6cfbfd0869c1f139e0c9ea0249d6ffb0abc69e11b32,
R8_tworoom_04c09f873c34ac20e9f83a16,REFIT_103201,R4_ALT_CEM_2,H_REAL3_REPLAN,COMPLETE,0,True,True,7de3b0247d435b322ac3204167be66f75de1c8f8db92eba734fc7bb0876c4b25,75daf6eb06ca13201ca4200c6b1845b4205fc66665eaa04d360d487c43e066b9
R8_tworoom_04c09f873c34ac20e9f83a16,REFIT_103202,R3_ORIGINAL,H_POLICY,FRESH_PAIRED_CONTROL,0,True,,398becefa630ca497644e59db74fdd211d81cd1b1556848fe51afd214a14466d,
R8_tworoom_04c09f873c34ac20e9f83a16,REFIT_103202,R3_ORIGINAL,H_REAL3_REPLAN,COMPLETE,0,True,True,bd489c329aa4572ebb59cba995970847c5e78e4c45bbe721ca3fc82d8940ca52,12b0c9ed96222b1a5194c330e29cece473649c4015baca98379eb90b6620aefb
R8_tworoom_04c09f873c34ac20e9f83a16,REFIT_103202,R4_ALT_CEM_1,H_POLICY,FRESH_PAIRED_CONTROL,0,True,,1256d472b8f112ff68e12ca669739cbdf97ec8c9b4ee0e49e54d5272ea914363,
R8_tworoom_04c09f873c34ac20e9f83a16,REFIT_103202,R4_ALT_CEM_1,H_REAL3_REPLAN,COMPLETE,0,True,True,1f19f0636b1c07e05e77e029f7f2497827962cbe1ff27c676d2128c5ded0882d,2e1d2016196f58a0bfcdac3549eeb66d9eb714fbfe94fa24a787b1ffde95dea7
R8_tworoom_04c09f873c34ac20e9f83a16,REFIT_103202,R4_ALT_CEM_2,H_POLICY,FRESH_PAIRED_CONTROL,0,True,,f5cd96e74fa87886f37dc17b5f2bce78cdab30174d6041160791c89332285e4c,
R8_tworoom_04c09f873c34ac20e9f83a16,REFIT_103202,R4_ALT_CEM_2,H_REAL3_REPLAN,COMPLETE,0,True,True,bfd501f80914aac76ab742207283dd7ee442ab1da0b97ce1da080b154daabdf9,a4fdacfb36c6cead51ef2e56a1951f7c1f460738ead36cdcfafd8e9e6b3a87f2
R8_tworoom_04c09f873c34ac20e9f83a16,REFIT_103203,R3_ORIGINAL,H_POLICY,FRESH_PAIRED_CONTROL,0,True,,62aded69e056aecafc62e4b30c3b623095f170c476a85a90e3be656306d80ff4,
R8_tworoom_04c09f873c34ac20e9f83a16,REFIT_103203,R3_ORIGINAL,H_REAL3_REPLAN,COMPLETE,0,True,True,afa727006421912014527cdc323307e4b2aa00a8e99dd82b999346a94935cd36,d58af9a3c9ed40e189529b459f88e797fe6dd9ad984cecfdcab75291c57ce9e2
R8_tworoom_04c09f873c34ac20e9f83a16,REFIT_103203,R4_ALT_CEM_1,H_POLICY,FRESH_PAIRED_CONTROL,0,True,,5f763a3236577ee454ae2847d2bd741aaa56656ed05fea66e6dc0bf38203966d,
R8_tworoom_04c09f873c34ac20e9f83a16,REFIT_103203,R4_ALT_CEM_1,H_REAL3_REPLAN,COMPLETE,0,True,True,0c348af9be549375fa4fc15b43fd1d58c628b6badfefe664b9da8e83e0315997,aef25dc06346292b79b014cd6886d8f458bed29de86abfe9613250ed9ea81544
R8_tworoom_04c09f873c34ac20e9f83a16,REFIT_103203,R4_ALT_CEM_2,H_POLICY,FRESH_PAIRED_CONTROL,0,True,,7440a56689283a5824f7e8ad2e14b01f113a32f384794e80cbbda1f1a37f06a0,
R8_tworoom_04c09f873c34ac20e9f83a16,REFIT_103203,R4_ALT_CEM_2,H_REAL3_REPLAN,COMPLETE,0,True,True,d5a04735a85afce4109ce4554d6aac6fdb2d617e5f82a6d0ae103c60d3a74b83,98f92b577333b4a3dedc69cf3d70089c8b8f193f739bdba31fb3404f9c0028e6
R8_tworoom_04d8323122fa693918b468b7,H0,R3_ORIGINAL,H_POLICY,FRESH_PAIRED_CONTROL,1,False,,1106a491c6dcd2e126895ebf93ba1db2f6e7d9578db53b3d3845cffcaa2f895c,
R8_tworoom_04d8323122fa693918b468b7,H0,R3_ORIGINAL,H_REAL3_REPLAN,COMPLETE,1,False,True,7587af78af9ef499e0027d7c249d124b068f7b677bb505848b8e4f88ebb3cd6b,10adcdef325b853a477eaa85da968c39de92e8c55bc8113f5337de1dcddc9874
R8_tworoom_04d8323122fa693918b468b7,H0,R4_ALT_CEM_1,H_POLICY,FRESH_PAIRED_CONTROL,1,False,,bba17a209c9d6a66e1cefc522cfadbde9c0c599c87b534210b7da11a486d4da5,
R8_tworoom_04d8323122fa693918b468b7,H0,R4_ALT_CEM_1,H_REAL3_REPLAN,COMPLETE,1,False,True,25d1ffb3fde82835205fcd7697f82907e7fd9ea05793b00708c1c104ecbbd952,842912515549925e90d6a6aa9730072c7963e44e30ec19eccc78aa142b473dc6
R8_tworoom_04d8323122fa693918b468b7,H0,R4_ALT_CEM_2,H_POLICY,FRESH_PAIRED_CONTROL,1,False,,3b53c331f1b4206c226dd7e20539079c8e073189f3a742e4c3c3cba1b4821162,
R8_tworoom_04d8323122fa693918b468b7,H0,R4_ALT_CEM_2,H_REAL3_REPLAN,COMPLETE,1,False,True,d1945439d53b9d9979d0a88c1164fe031a626882703d148975acfd92ac1ae7bd,034611074a66d29d05b294a6e8c355f2c113ba0cd201f39dfb392d864e3c78a2
R8_tworoom_04d8323122fa693918b468b7,REFIT_103201,R3_ORIGINAL,H_POLICY,FRESH_PAIRED_CONTROL,1,False,,24ab6d4a97d4b6aa317dfb94c8584d15007e754077fa4cb3663a7770ca7764be,
R8_tworoom_04d8323122fa693918b468b7,REFIT_103201,R3_ORIGINAL,H_REAL3_REPLAN,COMPLETE,1,False,True,adcd591dd05d979f078bbe5937a83fd502a46501308ab6f1caf7731614a7fa14,ed8d8dca48f94b10ff3d403e51325f39d034ad8ce67a40ea476a88c7936ae4cf
R8_tworoom_04d8323122fa693918b468b7,REFIT_103201,R4_ALT_CEM_1,H_POLICY,FRESH_PAIRED_CONTROL,1,False,,019bf2dbb2977cf836e015bf62366f05c9cfe7e94862de6c7b9a85e33b20c199,
R8_tworoom_04d8323122fa693918b468b7,REFIT_103201,R4_ALT_CEM_1,H_REAL3_REPLAN,COMPLETE,1,False,True,9a39d456ffc2e1f6f97b3be314f0e889c479736449a59619479188c78732ceed,d3868c23c5ada1b26d13d4e0093eb3f74c9cefdc8e574f743120df24d530d1d3
R8_tworoom_04d8323122fa693918b468b7,REFIT_103201,R4_ALT_CEM_2,H_POLICY,FRESH_PAIRED_CONTROL,1,False,,ed12cb1739b6a646020dcde41f6998a8b56e5fc84f007c240e69a7286bf32915,
R8_tworoom_04d8323122fa693918b468b7,REFIT_103201,R4_ALT_CEM_2,H_REAL3_REPLAN,COMPLETE,1,False,True,a63e5d1be8f95b337b2033c0d91aec4982bcab05a6672e099da68966ae5bb8d2,4e029922343ebc22be8eb452550404dba787ae518d758d8e106d1532fa3c4d38
R8_tworoom_04d8323122fa693918b468b7,REFIT_103202,R3_ORIGINAL,H_POLICY,FRESH_PAIRED_CONTROL,1,False,,a794052c89fe51248a7b553f79c2873ea3446e7342ba80f67ae95c0f176b07f7,
R8_tworoom_04d8323122fa693918b468b7,REFIT_103202,R3_ORIGINAL,H_REAL3_REPLAN,COMPLETE,1,False,True,9938fa2be65bc4fa41ed18be92d71cbbd4887bc72341d048e2facbf4e63a4dbe,2070f11af02e30af0c8778cd54b46d677089f269d376975438b510118b192069
R8_tworoom_04d8323122fa693918b468b7,REFIT_103202,R4_ALT_CEM_1,H_POLICY,FRESH_PAIRED_CONTROL,1,False,,30061d3ce8c96ec69114718fc48995d901700e13a71d27891ab4ffa754c83d58,
R8_tworoom_04d8323122fa693918b468b7,REFIT_103202,R4_ALT_CEM_1,H_REAL3_REPLAN,COMPLETE,1,False,True,95e4adfcb8cce3abcbdb27efdd9cbf7697f836ebc964598bfca99125ec50c8d8,809f30b52cab09b75937c6b888b54acd9fe6b8f1000abdde6131ab18516550cd
R8_tworoom_04d8323122fa693918b468b7,REFIT_103202,R4_ALT_CEM_2,H_POLICY,FRESH_PAIRED_CONTROL,1,False,,0b4bd1e9aae9c781a694b429540623841379f8826572893a298ae9b34e04ee0b,
R8_tworoom_04d8323122fa693918b468b7,REFIT_103202,R4_ALT_CEM_2,H_REAL3_REPLAN,COMPLETE,1,False,True,816cb5632bbefe20def50e1ce5d5375477f8cc26ab3b2af0edbcab69f68496fc,eaf75e634401479c6cef62c4d5f5582d83ff6d1fde14ade60ac0958e6b5472f7
R8_tworoom_04d8323122fa693918b468b7,REFIT_103203,R3_ORIGINAL,H_POLICY,FRESH_PAIRED_CONTROL,1,False,,b98a7b6d943eba69a29e95a43db4b044fd90ab90f1622caf0ba845d8f13d5ec7,
R8_tworoom_04d8323122fa693918b468b7,REFIT_103203,R3_ORIGINAL,H_REAL3_REPLAN,COMPLETE,1,False,True,be59714730812a2983fff2c67bf1e702da181a4395388fdb5d909a9c63ceece7,342b9f253c68e4dcc9dda48e1db053c7c242e20c8e3efab7fb4d71261c48e533
R8_tworoom_04d8323122fa693918b468b7,REFIT_103203,R4_ALT_CEM_1,H_POLICY,FRESH_PAIRED_CONTROL,1,False,,0d7a0c8a361ad51104d0bf44d956f2304ed1dbe782468b02101895435e322fd7,
R8_tworoom_04d8323122fa693918b468b7,REFIT_103203,R4_ALT_CEM_1,H_REAL3_REPLAN,COMPLETE,1,False,True,d4dbf4c6230270e7773739a9a1b4b8c074a669f20bf856a89b6fbeaa6f06b7bf,c3a9a7b57e13b5780ca65e4272ec2fd11e838f1b31adc6bce2ae2797d2a3118d
R8_tworoom_04d8323122fa693918b468b7,REFIT_103203,R4_ALT_CEM_2,H_POLICY,FRESH_PAIRED_CONTROL,1,False,,e6715bf01f1d4516c2c2dcf9969ae4ff4d26a26beef805ec460ac47bb3385df4,
R8_tworoom_04d8323122fa693918b468b7,REFIT_103203,R4_ALT_CEM_2,H_REAL3_REPLAN,COMPLETE,1,False,True,63d24b0b139e0e3a599a228960677f3a13907d1a885d0d92a04401ee175d1b45,69f7b545f54a41acc5711baef96eb05faa6aae6717db1bf565a39a7d228edb22
R8_tworoom_04fb0eb806c1c28fc14b3111,H0,R3_ORIGINAL,H_POLICY,FRESH_PAIRED_CONTROL,1,False,,566460c83087d2df948e4c7059b19a468a5ce250cdb81a8dd78c0a2496c891a6,
R8_tworoom_04fb0eb806c1c28fc14b3111,H0,R3_ORIGINAL,H_REAL3_REPLAN,COMPLETE,1,False,True,c191ce86d79983d8e8228ea9ac01f587e668d5d9288624840cf1f17014c4c863,82584cb25910672de1fb6b232d5c29fbc2eecda4131cd067609de02490feaadf
R8_tworoom_04fb0eb806c1c28fc14b3111,H0,R4_ALT_CEM_1,H_POLICY,FRESH_PAIRED_CONTROL,1,False,,96f9af498c3779fdbca9e7a9e833ed748f4f2923fe46607087dc50445bd98ac3,
R8_tworoom_04fb0eb806c1c28fc14b3111,H0,R4_ALT_CEM_1,H_REAL3_REPLAN,COMPLETE,1,False,True,de62be6619edde961f0a81e8312e1ec8e53586b69dd4c0c24ce38d8aaff486da,abce6513284c493ce76726a3c6704a167edc600c1d9046eb45d9ef1bc2f3f5b3
R8_tworoom_04fb0eb806c1c28fc14b3111,H0,R4_ALT_CEM_2,H_POLICY,FRESH_PAIRED_CONTROL,1,False,,b9059776b20ce0730845f78a81d437b84cab035a4add1f6ee24201501ea59986,
R8_tworoom_04fb0eb806c1c28fc14b3111,H0,R4_ALT_CEM_2,H_REAL3_REPLAN,COMPLETE,1,False,True,52e0a9fdd17ecf2a6439866ca39ba958e0a460118bcb91850c0cf6f674d91ec2,cdac8415e59c86135cb2e5409a63bc010caee95db5529a410a7e270065715ba7
R8_tworoom_04fb0eb806c1c28fc14b3111,REFIT_103201,R3_ORIGINAL,H_POLICY,FRESH_PAIRED_CONTROL,1,False,,898498088d56886038a7261efb5bf7a3c1a9851eabcc620caefa2f698613d368,
R8_tworoom_04fb0eb806c1c28fc14b3111,REFIT_103201,R3_ORIGINAL,H_REAL3_REPLAN,COMPLETE,1,False,True,008ba9998bb029e71078edcd705a917013a123687d6f194fea50fbcf651cee6a,680c21c4fad0653165a7695680ceca2141827cbc333ed52a6482ec5024b29621
R8_tworoom_04fb0eb806c1c28fc14b3111,REFIT_103201,R4_ALT_CEM_1,H_POLICY,FRESH_PAIRED_CONTROL,1,False,,903787226aa205f3cf035a2db8898172e0420f3adf1ac9630d47185a5d5bb208,
R8_tworoom_04fb0eb806c1c28fc14b3111,REFIT_103201,R4_ALT_CEM_1,H_REAL3_REPLAN,COMPLETE,1,False,True,6ec4297bd79ab7138204c96e4f0e7742152806a525e2de7121929a8a61d29b10,b108f3cf41f659dc7056c308798c8e2c937b00170af380102b4873b1018baf5c
R8_tworoom_04fb0eb806c1c28fc14b3111,REFIT_103201,R4_ALT_CEM_2,H_POLICY,FRESH_PAIRED_CONTROL,1,False,,db44347d50fe426390bdef71c266c8adeecabea7df5cfbd159c437791ba9f724,
R8_tworoom_04fb0eb806c1c28fc14b3111,REFIT_103201,R4_ALT_CEM_2,H_REAL3_REPLAN,COMPLETE,1,False,True,1069edfc27e9a5860dcbdf615965f26ae01eaa56f8699e5bba9954f30d2d5896,4774338bb7bf8082fc84d28f1440fc7087daeda5e7793f1113e479b4ae3a6109
R8_tworoom_04fb0eb806c1c28fc14b3111,REFIT_103202,R3_ORIGINAL,H_POLICY,FRESH_PAIRED_CONTROL,1,False,,71f3479d7d17b698ccd23f067ed6f33bcc1af1dfceb6a23f3e652a301fcedfa9,
R8_tworoom_04fb0eb806c1c28fc14b3111,REFIT_103202,R3_ORIGINAL,H_REAL3_REPLAN,COMPLETE,1,False,True,b8d25ffad918082f00fb895525c574921a56dea611a2b442ff6facaa89cf0704,160d3f29717f7e66384d91a4867d719932bbbe7176908d96534e6f7cbf630cdc
R8_tworoom_04fb0eb806c1c28fc14b3111,REFIT_103202,R4_ALT_CEM_1,H_POLICY,FRESH_PAIRED_CONTROL,1,False,,6ee3e220c79818ab025450a0cc7c54639883331fae531909c61aafaf533db5d1,
R8_tworoom_04fb0eb806c1c28fc14b3111,REFIT_103202,R4_ALT_CEM_1,H_REAL3_REPLAN,COMPLETE,1,False,True,54cc3e8cdc46d394f5db97fde9851d515878be76f51fa48713feec966384d1ef,3d2c8f58b1e972ab846a2322e5eabdd4bd25377523e47c276b08d98097ff9718
R8_tworoom_04fb0eb806c1c28fc14b3111,REFIT_103202,R4_ALT_CEM_2,H_POLICY,FRESH_PAIRED_CONTROL,1,False,,fef5f894eb75bdc860769ead284d713202f6307337b23b9899bbc20977be31d7,
R8_tworoom_04fb0eb806c1c28fc14b3111,REFIT_103202,R4_ALT_CEM_2,H_REAL3_REPLAN,COMPLETE,1,False,True,ae798f0bc637cab0d47f1e6892ece48b983be492d0c5b0b40b8799564f13897a,8284c68681331f0828fe722d584e9b11715e96ca9e594cb73b420b00f774bd04
R8_tworoom_04fb0eb806c1c28fc14b3111,REFIT_103203,R3_ORIGINAL,H_POLICY,FRESH_PAIRED_CONTROL,1,False,,a7e9b093de734850a7d2e66c9e0c9d3d44dd09606705fd9428d29d35104b55b3,
R8_tworoom_04fb0eb806c1c28fc14b3111,REFIT_103203,R3_ORIGINAL,H_REAL3_REPLAN,COMPLETE,1,False,True,434dda08c685d6b4b5fdc76d0400767dfb22b556bd5ea940031b6b8331e8095f,d320649d2bf8e3398c157b66957211d60bada5dd4a49170e1e9b7b5362ee5224
R8_tworoom_04fb0eb806c1c28fc14b3111,REFIT_103203,R4_ALT_CEM_1,H_POLICY,FRESH_PAIRED_CONTROL,1,False,,02495508dc0916b0b5092c34053a465751b18087d9c8e04dbed7a48185a25a4f,
R8_tworoom_04fb0eb806c1c28fc14b3111,REFIT_103203,R4_ALT_CEM_1,H_REAL3_REPLAN,COMPLETE,1,False,True,f8191b2b70142b8c654a5436a312ef9fbee4ace6282285178bd3172927092a86,2be2a5fc2a9f7014d2d92be0338a217650f7b5160ce5bdf9339612d3eba9afb2
R8_tworoom_04fb0eb806c1c28fc14b3111,REFIT_103203,R4_ALT_CEM_2,H_POLICY,FRESH_PAIRED_CONTROL,1,False,,3ee1230990f40040054b7d4357cf643b12579fbe8ff9bb8fa2b04241806cf6a5,
R8_tworoom_04fb0eb806c1c28fc14b3111,REFIT_103203,R4_ALT_CEM_2,H_REAL3_REPLAN,COMPLETE,1,False,True,ff614d0051e673a731ce9739391ed0193f581f5222e8a4d2a6ac01470e606d9b,295dac5841532a31eb46451e34631e0f88c5667d2311a6769c75c717c1bf3874
R8_tworoom_051a0810ac344676a8395c84,H0,R3_ORIGINAL,H_POLICY,FRESH_PAIRED_CONTROL,1,False,,182b0fefe17c24c54d1214433e4420673195889642fa033e7c7363114cef77ee,
R8_tworoom_051a0810ac344676a8395c84,H0,R3_ORIGINAL,H_REAL3_REPLAN,COMPLETE,1,False,True,a2324c5e0d22fe2c10f74636598b40993559da182375b0b8f883d3b3b470434b,d872c79bfff5ac0be17d8eb2140593f343fd1ae2d2992e3f140da3d944dbc9f8
R8_tworoom_051a0810ac344676a8395c84,H0,R4_ALT_CEM_1,H_POLICY,FRESH_PAIRED_CONTROL,1,True,,3f0b63e4c11627d3703f4216dd623185acb2007f0cf0837d0342f8cde833757b,
R8_tworoom_051a0810ac344676a8395c84,H0,R4_ALT_CEM_1,H_REAL3_REPLAN,COMPLETE,1,True,True,5739cd9893e179e1032191cefd750f397dd9379280c899fbac1e9960cd91f8ae,273217bfa7a438d882c70b99962e7c7f4e7340f93fa8d732513674a18ec203b5
R8_tworoom_051a0810ac344676a8395c84,H0,R4_ALT_CEM_2,H_POLICY,FRESH_PAIRED_CONTROL,1,True,,6f69a131c4220abb0148c4221ac64ec6eb3c6439265d01f21a7da0643a2add4e,
R8_tworoom_051a0810ac344676a8395c84,H0,R4_ALT_CEM_2,H_REAL3_REPLAN,COMPLETE,1,True,True,531872791e09b3fae3fefe065286c9ce6eb842a9172e3bd93f379b2271a48141,d408aeaabb8fa3252076f9f1b691c89ec70e5f667a77aaef19d3ca97bef178ca
R8_tworoom_051a0810ac344676a8395c84,REFIT_103201,R3_ORIGINAL,H_POLICY,FRESH_PAIRED_CONTROL,1,False,,f70567e9bebbf14938f100314fd89d2c14a167f9393f003c0f68dc1b90dd493f,
R8_tworoom_051a0810ac344676a8395c84,REFIT_103201,R3_ORIGINAL,H_REAL3_REPLAN,COMPLETE,1,False,True,377eb74e3af4eb65fd1e230155117a9c3f4d85ec82e9c927f51ac80108cb96c5,cce87ddb5ce68ad2a43ea6e52d2ec7d445dab4722a4f98be1eeea1ef623b8024
R8_tworoom_051a0810ac344676a8395c84,REFIT_103201,R4_ALT_CEM_1,H_POLICY,FRESH_PAIRED_CONTROL,1,False,,566bd76c2e77308579a2d1e6195a833e4b3ab7485551b6ef4b90e8dbc6e0c0af,
R8_tworoom_051a0810ac344676a8395c84,REFIT_103201,R4_ALT_CEM_1,H_REAL3_REPLAN,COMPLETE,1,False,True,083fdf11a5f9858e4ca696c0d56773f234404f5f1f6d3f3f0f6225dba0004cc1,d265f81e5238e06ad3569d6833c68a2bf12d136488eeaa0b48347232410596a7
R8_tworoom_051a0810ac344676a8395c84,REFIT_103201,R4_ALT_CEM_2,H_POLICY,FRESH_PAIRED_CONTROL,1,False,,5b816303f14a0d1d62fa03cbce6240bdc11c682e82a8c52d5b1bec50e08f365d,
R8_tworoom_051a0810ac344676a8395c84,REFIT_103201,R4_ALT_CEM_2,H_REAL3_REPLAN,COMPLETE,1,False,True,e8ce9744dc6947a35b42caa85ba2a16b853724b6b48237d2b13c12a04e9cbb22,ac98cebe38deb0b37bdc6ecd40ac9ed09afe2391034523710267b67f421fe5d3
R8_tworoom_051a0810ac344676a8395c84,REFIT_103202,R3_ORIGINAL,H_POLICY,FRESH_PAIRED_CONTROL,1,False,,29df63aa6aa32d64f9ac58ae10a28d40bc0919fb3d499d3aca8e8e59a99bd31e,
R8_tworoom_051a0810ac344676a8395c84,REFIT_103202,R3_ORIGINAL,H_REAL3_REPLAN,COMPLETE,1,False,True,2957d97d933fb9a1bf251ce72a79d1d056b1df3c46a7d398d0dba9de07b30faa,1fc8eed69b09f294c17aa56c77e2e894af7527f598b83c51adb73eaca5f74634
R8_tworoom_051a0810ac344676a8395c84,REFIT_103202,R4_ALT_CEM_1,H_POLICY,FRESH_PAIRED_CONTROL,1,False,,6e9592ddeed68421151279183b78d7e815dd7a726340a97321d31bc93a043b94,
R8_tworoom_051a0810ac344676a8395c84,REFIT_103202,R4_ALT_CEM_1,H_REAL3_REPLAN,COMPLETE,1,False,True,1591d73306b50f0cd6a2df58a8d048c6d7bfcb77c94379809702c157768a9569,ea3ad511f55f4bad8aa9f4b31e6bfc7ba38eac9c00fd46b3fd55ce04770d4aa2
R8_tworoom_051a0810ac344676a8395c84,REFIT_103202,R4_ALT_CEM_2,H_POLICY,FRESH_PAIRED_CONTROL,1,False,,93dd3e6e3cda2906f67ce9dbbd15b0f31e5fa09873099b691f62cc82ad7a3b18,
R8_tworoom_051a0810ac344676a8395c84,REFIT_103202,R4_ALT_CEM_2,H_REAL3_REPLAN,COMPLETE,1,False,True,e577a399ab4bc6fe38b05b35e0705f5cc554d8bc9f42879f30807c5570be3268,aa7b0fb201fb8fd414ecc2ac43a6991ebe975f067ad9ef96213a45b15560bb69
R8_tworoom_051a0810ac344676a8395c84,REFIT_103203,R3_ORIGINAL,H_POLICY,FRESH_PAIRED_CONTROL,1,False,,0bc4f56fe709db4fd2ad2cdfc80acc2754c535195c0d757a69f8dabd91046b63,
R8_tworoom_051a0810ac344676a8395c84,REFIT_103203,R3_ORIGINAL,H_REAL3_REPLAN,COMPLETE,1,False,True,4877863603bf20b9ec268d796a4a69a986f7e6e27662b5cc80510a8b3e857a03,4933636f6aa9de30398570875cda9b139213a08b575ddf6a32fa8bbe0d5c1a71
R8_tworoom_051a0810ac344676a8395c84,REFIT_103203,R4_ALT_CEM_1,H_POLICY,FRESH_PAIRED_CONTROL,1,False,,3d93a1b8916d80bf5a87ed1e45b61489fdece5a3b2ed1530a431e8d3d3c35ec1,
R8_tworoom_051a0810ac344676a8395c84,REFIT_103203,R4_ALT_CEM_1,H_REAL3_REPLAN,COMPLETE,1,False,True,651c068507747fce5bf32cdea18543e836e1d223761574b57cf945edf7d17ef5,9aea3885fc8dcf6102bd82a4745a5dd3f90ea9c07aa127fcc295283297e2d6fb
R8_tworoom_051a0810ac344676a8395c84,REFIT_103203,R4_ALT_CEM_2,H_POLICY,FRESH_PAIRED_CONTROL,1,False,,b38eb8169f47767975b3f71b1756ccc0a9dec640804b5feeb31125a13514ef4a,
R8_tworoom_051a0810ac344676a8395c84,REFIT_103203,R4_ALT_CEM_2,H_REAL3_REPLAN,COMPLETE,1,False,True,c40e5f8746fc29839b7befaf37aa5fd8907b9146738114579db89b4453f292b1,63cea44ac05c0be95ee3fd5430f1a35c55c09e157c15f04e5e3480c5b5251b9b
R8_tworoom_053839539a00319e17892aa8,H0,R3_ORIGINAL,H_POLICY,FRESH_PAIRED_CONTROL,1,False,,7b6bc9d9cb46272b5020ba885a6980e4fe60f11d2b2439e9ba9e29d8c6fd864a,
R8_tworoom_053839539a00319e17892aa8,H0,R3_ORIGINAL,H_REAL3_REPLAN,COMPLETE,1,False,True,959c79e9c1a3728cb342009a7e35e638e26f10f377cb2e1a1ff47a6257ccdfce,29afe7725def7aa243b7e5e70e8af8a67fe87deb5ae9466b41bd4da3ddbcc90c
R8_tworoom_053839539a00319e17892aa8,H0,R4_ALT_CEM_1,H_POLICY,FRESH_PAIRED_CONTROL,1,False,,57ba01c21cf9770761092a3ca9493a9473bf54213e584ebe34c82a00c7559f01,
R8_tworoom_053839539a00319e17892aa8,H0,R4_ALT_CEM_1,H_REAL3_REPLAN,COMPLETE,1,False,True,0e00b61a52692047d8b375f60377a95ee463be59bc1e69fc1d3d2f872409d9d4,38157a08371114c758b63041a6e78ef2d2363df79d1e884c10203bf48848f15a
R8_tworoom_053839539a00319e17892aa8,H0,R4_ALT_CEM_2,H_POLICY,FRESH_PAIRED_CONTROL,1,False,,c320df4cbe1405cf174ec3d18e0f5630bbe89ac6f775f1a776d2ee9811049f3f,
R8_tworoom_053839539a00319e17892aa8,H0,R4_ALT_CEM_2,H_REAL3_REPLAN,COMPLETE,1,False,True,b755d67a0cdf304f7c67d20c828c604a349e15646bdb0c29c3f2d2f8d5235ece,91178e808a5207a18b2c5907edc7f855014940d071fb4f93d705bc14728a40c5
R8_tworoom_053839539a00319e17892aa8,REFIT_103201,R3_ORIGINAL,H_POLICY,FRESH_PAIRED_CONTROL,1,False,,736e5bcd0eadc183058e58a459d366e0db36a04a734cdb67afe61d1486d88b3f,
R8_tworoom_053839539a00319e17892aa8,REFIT_103201,R3_ORIGINAL,H_REAL3_REPLAN,COMPLETE,1,False,True,6116334f0c317881718bc69320b79d307140641f89501c4d0b9f98fc99f7c2e8,a6b10d5126a4d647bbdd61db6c22b52da12f844620c210608399f103aadc49f8
R8_tworoom_053839539a00319e17892aa8,REFIT_103201,R4_ALT_CEM_1,H_POLICY,FRESH_PAIRED_CONTROL,1,False,,3b81622b5b0e64766e51c675313b5912128f4fd1c46532431a6eac9ea580aca6,
R8_tworoom_053839539a00319e17892aa8,REFIT_103201,R4_ALT_CEM_1,H_REAL3_REPLAN,COMPLETE,1,False,True,ea3741d48e8b8fde54c07306074e9d562f3e1322023a64f10e9dd1a701ed5ff8,d34a3ebf91d77e8c796ecad07d5b664f7858a7d8f402e30cd8e56eaba75bf6cd
R8_tworoom_053839539a00319e17892aa8,REFIT_103201,R4_ALT_CEM_2,H_POLICY,FRESH_PAIRED_CONTROL,1,False,,b5b9d85d6af658a8eae6dccfcab23b07d6832a41dcfe2c37a7fb9f674b26396f,
R8_tworoom_053839539a00319e17892aa8,REFIT_103201,R4_ALT_CEM_2,H_REAL3_REPLAN,COMPLETE,1,False,True,918603b1e946b0c7b966380d22a77651d57a0345a92e1521a8f1239e914cf3bd,2dea56fa544eb63e0d2d91ee32979df0ef25fdae73735666578445ea3131e8c4
R8_tworoom_053839539a00319e17892aa8,REFIT_103202,R3_ORIGINAL,H_POLICY,FRESH_PAIRED_CONTROL,1,False,,b7ad30049c9d13fcce3a8a8031f9f327c892e10e2923e0b1ac3cffa40c555e07,
R8_tworoom_053839539a00319e17892aa8,REFIT_103202,R3_ORIGINAL,H_REAL3_REPLAN,COMPLETE,1,False,True,b7f15fbf77295c733adea6cc78067e57be3799342a1cddb7436bee3ddeb9ec20,ac8b456282a0ded6ae032fe6596f66eb177d1cf5e3a47815b1c31d7ae0b72a14
R8_tworoom_053839539a00319e17892aa8,REFIT_103202,R4_ALT_CEM_1,H_POLICY,FRESH_PAIRED_CONTROL,1,False,,e30f5f967bcba6398fa8dd50f5e0a4f52f944ca2acf3929816e42a7df18b2348,
R8_tworoom_053839539a00319e17892aa8,REFIT_103202,R4_ALT_CEM_1,H_REAL3_REPLAN,COMPLETE,1,False,True,dea507149570e55ad0a352f84655382631d639c9598efd30ebd3d15d9ca629b2,1069c3d22bbf8bed3924b8e1e8717b47029cda08817ef5f06e9787ab1b8c8609
R8_tworoom_053839539a00319e17892aa8,REFIT_103202,R4_ALT_CEM_2,H_POLICY,FRESH_PAIRED_CONTROL,1,False,,aca20a8bb83d8ac95225b36a43c42b1fd36bf63229cd63375122d6637aaa2014,
R8_tworoom_053839539a00319e17892aa8,REFIT_103202,R4_ALT_CEM_2,H_REAL3_REPLAN,COMPLETE,1,False,True,92593f4075ed5e41d8f3bc03b9022b0668804dbe43de2ee172a9fb68cfee067e,10a55db855ff1aad6881ce1025572197e1c1ce807f862371ece741e8aa2bc013
R8_tworoom_053839539a00319e17892aa8,REFIT_103203,R3_ORIGINAL,H_POLICY,FRESH_PAIRED_CONTROL,1,False,,5bab383dedb75ec04e93e41d1b56090d81c4e371cf4b9f99e154a5ab018f635e,
R8_tworoom_053839539a00319e17892aa8,REFIT_103203,R3_ORIGINAL,H_REAL3_REPLAN,COMPLETE,1,False,True,f55b25589cff151122773a0945442f5360bf7c890ccac76e8bb765fb2928d3c3,47d1066c32c44dcb18f7fe893de89dfed8d8da579e6cba20e280f9520770025d
R8_tworoom_053839539a00319e17892aa8,REFIT_103203,R4_ALT_CEM_1,H_POLICY,FRESH_PAIRED_CONTROL,1,False,,8ae657f4af9ddea49a138bd266325195d7c7107d0848b0a884aac33336e13fd5,
R8_tworoom_053839539a00319e17892aa8,REFIT_103203,R4_ALT_CEM_1,H_REAL3_REPLAN,COMPLETE,1,False,True,4337575b45587d9c1fd93ece37d81f010e98122e15b9b01adac135f02b0038c8,7e342a9cc11a51163631b8b7c462e968c4d24902c30e244ddd62e4761c0c2d1d
R8_tworoom_053839539a00319e17892aa8,REFIT_103203,R4_ALT_CEM_2,H_POLICY,FRESH_PAIRED_CONTROL,1,False,,af61a438f518f2a8755c879f7b00f3a93ec876a5fd0a91c18403850c7eeb9f8a,
R8_tworoom_053839539a00319e17892aa8,REFIT_103203,R4_ALT_CEM_2,H_REAL3_REPLAN,COMPLETE,1,False,True,e4872fb070b74e19238c147b28c3aced7872383476ce6e3d947d782cd044ad13,6d14f0af855f7313766383b7224f260aa2409fa5228765171f71f2a97cdb0232
R8_tworoom_053b1b2f86917a1334209ecf,H0,R3_ORIGINAL,H_POLICY,FRESH_PAIRED_CONTROL,1,False,,b00b4a1072c160ddaf1b1cb23fbc120ab0f2dc57e4e13b8e4c668e2e2dfd8895,
R8_tworoom_053b1b2f86917a1334209ecf,H0,R3_ORIGINAL,H_REAL3_REPLAN,COMPLETE,1,False,True,4d10130be9ce315e7b232f91242265d54c2c9e8839154885359e0ec9b03f5198,2f3932e19a74bab5cb6b490892fcb4f1ba325ffaa545a9f2e3b0524b8c2546b2
R8_tworoom_053b1b2f86917a1334209ecf,H0,R4_ALT_CEM_1,H_POLICY,FRESH_PAIRED_CONTROL,1,False,,aa7eb27a665d399fbe28dd14b43ee217e1a83c845cbe103fc145986652a27b0b,
R8_tworoom_053b1b2f86917a1334209ecf,H0,R4_ALT_CEM_1,H_REAL3_REPLAN,COMPLETE,1,False,True,ef9a72af6a054faf0d1d20a55b8c4855e61ce50fc742881f76e368c638c057a8,75470bc0584c83a610127b469f1f51462d3427efda09ba92ffa561bad5efae35
R8_tworoom_053b1b2f86917a1334209ecf,H0,R4_ALT_CEM_2,H_POLICY,FRESH_PAIRED_CONTROL,1,False,,652bf0c90b8097070a6316d223d6a8a886a94da67eae905f97f41595e406f15d,
R8_tworoom_053b1b2f86917a1334209ecf,H0,R4_ALT_CEM_2,H_REAL3_REPLAN,COMPLETE,1,False,True,103e5716d74ac175f0b7ebd8a40c231f872162e20ec8ca3444502e1d67e1d33e,2b8a3c4dd687519dca6df8a2a33e1873739d7ace73322bc05025885bd9d426da
R8_tworoom_053b1b2f86917a1334209ecf,REFIT_103201,R3_ORIGINAL,H_POLICY,FRESH_PAIRED_CONTROL,1,False,,79a0c2e6a44f5a4e45cfb9f9d7a83c2979288e8ae9f3f9fff0f91bedf1246ad7,
R8_tworoom_053b1b2f86917a1334209ecf,REFIT_103201,R3_ORIGINAL,H_REAL3_REPLAN,COMPLETE,1,False,True,1221eca5f2844da2747d3d70b137d9636a9bc3d2b2c40ee91748982079148a4c,c423b32bd285f2d8662a5aba2ad3f4568932119d08b88934830c4d51cc259566
R8_tworoom_053b1b2f86917a1334209ecf,REFIT_103201,R4_ALT_CEM_1,H_POLICY,FRESH_PAIRED_CONTROL,1,False,,651b710278d1644ef6737fd51e63841bc807b1b62bc7321f285a635a5543404f,
R8_tworoom_053b1b2f86917a1334209ecf,REFIT_103201,R4_ALT_CEM_1,H_REAL3_REPLAN,COMPLETE,1,False,True,9f22c7459031a4163b73b87d7fc49c92f3eecef2ea80cd5a980a25aee46d60b5,19bca86177bc968db79cc2ad3e248a2ae94f516f72b581d6c978dea5ee0dd462
R8_tworoom_053b1b2f86917a1334209ecf,REFIT_103201,R4_ALT_CEM_2,H_POLICY,FRESH_PAIRED_CONTROL,1,False,,76566b076d10a42b4f96761c32e23bcf5055b22694bdaba1c0c29dff80e789b2,
R8_tworoom_053b1b2f86917a1334209ecf,REFIT_103201,R4_ALT_CEM_2,H_REAL3_REPLAN,COMPLETE,1,False,True,5a4261211ed84878c87491cac49770fcdbf587fa5227288cfcc95fedea4745d7,2546dc15af3bdb32160a1397274a0994f0e4c1e1120d75f73f75856c9ef8642c
R8_tworoom_053b1b2f86917a1334209ecf,REFIT_103202,R3_ORIGINAL,H_POLICY,FRESH_PAIRED_CONTROL,1,False,,37161ef466890a89652f9984670febd97a2439c303adca9f439c08fccd0e98c1,
R8_tworoom_053b1b2f86917a1334209ecf,REFIT_103202,R3_ORIGINAL,H_REAL3_REPLAN,COMPLETE,1,False,True,b8fabaa8987095563f612b60cefc09c2c4acea7d06bc1c10f251e7aadbaf15cd,52fca58cd67ad64976481db0392e74e82e57776533045499a8f5addd247ce9b3
R8_tworoom_053b1b2f86917a1334209ecf,REFIT_103202,R4_ALT_CEM_1,H_POLICY,FRESH_PAIRED_CONTROL,1,False,,8d6322a3dc171f0f1aec4f8e235ae85c17c07c458c017627c30707cb3a86c997,
R8_tworoom_053b1b2f86917a1334209ecf,REFIT_103202,R4_ALT_CEM_1,H_REAL3_REPLAN,COMPLETE,1,False,True,687f38e574333e0c5e506a32e9ca09a1ccee2c870cbe022dbc31a438bcd4df9d,0aa95411f5d8caa15b582463dd0259af0e82729aa478a88a7a5ec40bca88db5a
R8_tworoom_053b1b2f86917a1334209ecf,REFIT_103202,R4_ALT_CEM_2,H_POLICY,FRESH_PAIRED_CONTROL,1,False,,532028299b6eb2accb484a809d72420b682f43fbb6d9450bb4264cc55fe00090,
R8_tworoom_053b1b2f86917a1334209ecf,REFIT_103202,R4_ALT_CEM_2,H_REAL3_REPLAN,COMPLETE,1,False,True,a4c901b3f037a1394b45945976c32d1aaf18a3f1682e1977f139eb940661df4d,a3ff68f34f1d8552550642bd6bd5053ecc12a227abf0a7f962e9c66eb1c6a8d2
R8_tworoom_053b1b2f86917a1334209ecf,REFIT_103203,R3_ORIGINAL,H_POLICY,FRESH_PAIRED_CONTROL,1,False,,f717cc9f265d001ebb21601f8151cbfe4d38ff928136f2f8f993393aacdee333,
R8_tworoom_053b1b2f86917a1334209ecf,REFIT_103203,R3_ORIGINAL,H_REAL3_REPLAN,COMPLETE,1,False,True,269db56d4a85b90d9f10ce5f3561b6c66b002f300bf3d7641dd6434726b320c2,d24ab3635621ee892fa211060c1ad5c5800bbd4038c54cd17ab341d80bfd1ff1
R8_tworoom_053b1b2f86917a1334209ecf,REFIT_103203,R4_ALT_CEM_1,H_POLICY,FRESH_PAIRED_CONTROL,1,False,,331c8e224b2aee728f3804a62d43c9a47a55f91576ee6154da96b608a8cc86be,
R8_tworoom_053b1b2f86917a1334209ecf,REFIT_103203,R4_ALT_CEM_1,H_REAL3_REPLAN,COMPLETE,1,False,True,6697e2963ba9a0aa5fe6a48a48469f953c5720574f9663b189d8a6da6ed2fb0d,49c52e51029730b22977eed2fc2288f9614a34ee27e04b1f86f596368aaa0f26
R8_tworoom_053b1b2f86917a1334209ecf,REFIT_103203,R4_ALT_CEM_2,H_POLICY,FRESH_PAIRED_CONTROL,1,False,,fdf609f7eb91252deecc60a2d403e3b639ca80fc9df08d6c42f698b2295a7eab,
R8_tworoom_053b1b2f86917a1334209ecf,REFIT_103203,R4_ALT_CEM_2,H_REAL3_REPLAN,COMPLETE,1,False,True,5d9c65ecc090609b16c4b8ad645a11f5b102ca80c16539de3553a4e310051792,14955e60f426a93e1392c7934add7148717d582d5331b2801c019ebefb5868a5
R8_tworoom_053cdbeea03f1533347ae777,H0,R3_ORIGINAL,H_POLICY,FRESH_PAIRED_CONTROL,0,True,,1c2f8eaf0d71033c3cdac77b30745031c376f3996fbd2f5dcfb808c54681a526,
R8_tworoom_053cdbeea03f1533347ae777,H0,R3_ORIGINAL,H_REAL3_REPLAN,COMPLETE,0,True,True,be301f5e419b8d80bd424d46905279280919ca117f8eefead8d0419798fa935c,9ad988fad8b42ceb8edebf5b69ad0840e1d4c90572c66d427905b0a508430a1b
R8_tworoom_053cdbeea03f1533347ae777,H0,R4_ALT_CEM_1,H_POLICY,FRESH_PAIRED_CONTROL,0,True,,574fd025c8f793c2f151405d678f267b580d7896806c3234b4590c40942c1824,
R8_tworoom_053cdbeea03f1533347ae777,H0,R4_ALT_CEM_1,H_REAL3_REPLAN,COMPLETE,0,True,True,961b07405507bc99b293961869f8835342f29b627e8f0470467a74b1fcd7af79,56adf3e2653b898f7263367e3b9928a445688a8c91fed3458ce3cf70964853ec
R8_tworoom_053cdbeea03f1533347ae777,H0,R4_ALT_CEM_2,H_POLICY,FRESH_PAIRED_CONTROL,0,True,,650d166140750725bba0837bc27114c57b0cfda76f44118153ba37df29861e92,
R8_tworoom_053cdbeea03f1533347ae777,H0,R4_ALT_CEM_2,H_REAL3_REPLAN,COMPLETE,0,True,True,7ac721e56a5dd93a9d393b6419b5133324fac2499c791d013ac1279bcb782a07,956d565ebf37c57a176d93edc7eb72b24b363a03e8360c46aea54ef12cbcc7ad
R8_tworoom_053cdbeea03f1533347ae777,REFIT_103201,R3_ORIGINAL,H_POLICY,FRESH_PAIRED_CONTROL,0,True,,aeb2cc136953c9ae6293c42ceaffdc74a0dfe872b175c5b9d9ba35af43e08a77,
R8_tworoom_053cdbeea03f1533347ae777,REFIT_103201,R3_ORIGINAL,H_REAL3_REPLAN,COMPLETE,0,True,True,f2c9e388344ded262cc13018ec61432ff0d0f2c9d86ffbed03d1b6d610b1c521,8ac8d8f13f59d485d02888df96a0d4c79fcde25b7820ca3a522c21b75545b54c
R8_tworoom_053cdbeea03f1533347ae777,REFIT_103201,R4_ALT_CEM_1,H_POLICY,FRESH_PAIRED_CONTROL,0,True,,90c2a3e5c66975e1d5f9ed55ee5e349b549ab83c6ec15b14a902640ad0cc6833,
R8_tworoom_053cdbeea03f1533347ae777,REFIT_103201,R4_ALT_CEM_1,H_REAL3_REPLAN,COMPLETE,0,True,True,35ab63174e288bf47324a3f1232e2995a8d810f0c53fdcd17609eb961a5aab78,f7d920d42169b9634e011b7fd923ccebf77e3410639872c3878a12708e8e85de
R8_tworoom_053cdbeea03f1533347ae777,REFIT_103201,R4_ALT_CEM_2,H_POLICY,FRESH_PAIRED_CONTROL,0,True,,e28877d3f5d56df606c02e7df11f4768d65f0fa16a4ffca0f908e45cde9dfabd,
R8_tworoom_053cdbeea03f1533347ae777,REFIT_103201,R4_ALT_CEM_2,H_REAL3_REPLAN,COMPLETE,0,True,True,50fcf2b9fab0b7695a208dbc1ff6c91342d5f4d976f68f6192669028ba3ed3b6,76e48bf74e1dd459886f842dfa8ec333615ab0e91f1614820e96a276425a09fc
R8_tworoom_053cdbeea03f1533347ae777,REFIT_103202,R3_ORIGINAL,H_POLICY,FRESH_PAIRED_CONTROL,0,True,,cb69920f02d84567334030c78b018d7048050ec75ba5cec9dd37747a898fb122,
R8_tworoom_053cdbeea03f1533347ae777,REFIT_103202,R3_ORIGINAL,H_REAL3_REPLAN,COMPLETE,0,True,True,1288f2eb83f3a3ef65f2b96a643dd3103b0a39cdda52bd35f1cb2642f25b005d,c9ccf246ee51648a416b93cd94f96832c35d816c56cce34969f0ea242a6af7f1
R8_tworoom_053cdbeea03f1533347ae777,REFIT_103202,R4_ALT_CEM_1,H_POLICY,FRESH_PAIRED_CONTROL,0,True,,acc21d05fecc30ab1937c32d996fd01df1b497cf4a862fd5fb98f913e21ca408,
R8_tworoom_053cdbeea03f1533347ae777,REFIT_103202,R4_ALT_CEM_1,H_REAL3_REPLAN,COMPLETE,0,True,True,7513df33abd8f631397903cb2469a67303672de45d188f5e85d02f2a916699ac,12b3e5d4e448eca4377b96df539df142f04475d717f989a626a51a7bc56df500
R8_tworoom_053cdbeea03f1533347ae777,REFIT_103202,R4_ALT_CEM_2,H_POLICY,FRESH_PAIRED_CONTROL,0,True,,8d903f2706cb2be367254828ed6988e19d1933a4dc13a6b9c2db1070db1d7454,
R8_tworoom_053cdbeea03f1533347ae777,REFIT_103202,R4_ALT_CEM_2,H_REAL3_REPLAN,COMPLETE,0,True,True,e66e5b142a4ba9f301e03bdb92eaab90bbac81d880d26788122f92170cb49e8b,e419d73d8ec0ed1225d56dce889b29c37a1484f3e2be27317e9175f463e4ea1d
R8_tworoom_053cdbeea03f1533347ae777,REFIT_103203,R3_ORIGINAL,H_POLICY,FRESH_PAIRED_CONTROL,0,True,,b831e58fb520f28b25352a0e73428919fbf3332aaf9153c7cf13de1f6b543242,
R8_tworoom_053cdbeea03f1533347ae777,REFIT_103203,R3_ORIGINAL,H_REAL3_REPLAN,COMPLETE,0,True,True,d8631a638072a0c7f7061d05a338b46a58ed47b77fe9782efa6ab67689a07b92,b20558af97b9352f6f2d76ea2beee109e2523fbb5ee43e3573b135e1c9037aa2
R8_tworoom_053cdbeea03f1533347ae777,REFIT_103203,R4_ALT_CEM_1,H_POLICY,FRESH_PAIRED_CONTROL,0,True,,9ba3b89c3c11b2da3a22b66a9c7d769491ba674b72615bfbee94e25fffad75e9,
R8_tworoom_053cdbeea03f1533347ae777,REFIT_103203,R4_ALT_CEM_1,H_REAL3_REPLAN,COMPLETE,0,True,True,d8bfe29e2470735456b2061c52dbdc2ea6e2c16d6b8731ac39b215dfcb874300,e3640201e32f4e0f662861d75f9349b0f0b60dbac5d7caa0aa92b748643eea89
R8_tworoom_053cdbeea03f1533347ae777,REFIT_103203,R4_ALT_CEM_2,H_POLICY,FRESH_PAIRED_CONTROL,0,True,,a2a692239afaaacfd1a33ce5defb11f4d597b6069bfd14234c20d24d99713581,
R8_tworoom_053cdbeea03f1533347ae777,REFIT_103203,R4_ALT_CEM_2,H_REAL3_REPLAN,COMPLETE,0,True,True,0132e963bd3bd08451edff1eda6780fd470aec25f3ff4cb09aa75f620466ba7b,c08edb4515e8a96bdea04f94e191dd1d674464744c05af2c38f38793a4d24d7e
R8_tworoom_053e618c84fb4cef468f72ae,H0,R3_ORIGINAL,H_POLICY,FRESH_PAIRED_CONTROL,1,False,,4120763185888b855c5ec5622f4c5d3df5fb84e58df9202d2ccbe8ea1c356d8f,
R8_tworoom_053e618c84fb4cef468f72ae,H0,R3_ORIGINAL,H_REAL3_REPLAN,COMPLETE,1,False,True,bba5072bb88c931e063bfe129bdfc36a550b57b1a4caa827dbd381fc86b5a795,647109350016d75d9891515adc4b05d7d441cb11d18b850cb3c48612ca95f63e
R8_tworoom_053e618c84fb4cef468f72ae,H0,R4_ALT_CEM_1,H_POLICY,FRESH_PAIRED_CONTROL,1,False,,9503cd57eb8084c2976a701f97082919a9c2d457fb81ee9b3b5d102778d4025c,
R8_tworoom_053e618c84fb4cef468f72ae,H0,R4_ALT_CEM_1,H_REAL3_REPLAN,COMPLETE,1,False,True,ff436194e5344a0df98bf5017f0f0a226b03af0f0c539b37c040b0fa14435dfd,179ef10b8a66d70c2817d32a7b73e5b1c1ecc1796876b8da7e7acc12279521dc
R8_tworoom_053e618c84fb4cef468f72ae,H0,R4_ALT_CEM_2,H_POLICY,FRESH_PAIRED_CONTROL,1,False,,fafb435ce402e529f80790676201fcdc47f881a22501be2e049dcf9781def32d,
R8_tworoom_053e618c84fb4cef468f72ae,H0,R4_ALT_CEM_2,H_REAL3_REPLAN,COMPLETE,1,False,True,800f1b09de67d5f3ba1f2a20e64ba43290cbf64251e351983bf768e9a9b73481,df6b9363ac1b36ad5891ff7542a25ccc284e2c5ea1dc8175e16ea9f35b7f6809
R8_tworoom_053e618c84fb4cef468f72ae,REFIT_103201,R3_ORIGINAL,H_POLICY,FRESH_PAIRED_CONTROL,1,False,,58108a088c86d53497b0eda7483a54e0593b9b8afbebae2e523c7daa4f6487ca,
R8_tworoom_053e618c84fb4cef468f72ae,REFIT_103201,R3_ORIGINAL,H_REAL3_REPLAN,COMPLETE,1,False,True,bc04c410ff6e39d5a843ab989db173cf86a7a5490c293819e0342820c6f5c8e6,a60f73061c214341f20c03cc4e3d2ee7b3da893d56018769c3a0862d24f52440
R8_tworoom_053e618c84fb4cef468f72ae,REFIT_103201,R4_ALT_CEM_1,H_POLICY,FRESH_PAIRED_CONTROL,1,False,,1895bb0210f7ca4622be7a3fe4ad31b3266b1d4d480df1154a1c08ff4f13cd70,
R8_tworoom_053e618c84fb4cef468f72ae,REFIT_103201,R4_ALT_CEM_1,H_REAL3_REPLAN,COMPLETE,1,False,True,ca44d225f71fd00cf81b0957da325dcdeac96473e5212b607034d36e54b13790,03cedd287cd069fdee2b7e23adb80047f17868577399b60d72e8f809295b2475
R8_tworoom_053e618c84fb4cef468f72ae,REFIT_103201,R4_ALT_CEM_2,H_POLICY,FRESH_PAIRED_CONTROL,1,False,,15a19badecef8ceb918ccfaddd4f0e2d778e43444f76bbaa0b454d2420c36d2e,
R8_tworoom_053e618c84fb4cef468f72ae,REFIT_103201,R4_ALT_CEM_2,H_REAL3_REPLAN,COMPLETE,1,False,True,4fe241ff272f7f932abdaaa2ea4de109b9035b0d49fab6d9794ae6c14b0b0d8c,b31e62e8990e90558cb823d54997823b541da434969cdbbe6433d955ce27af39
R8_tworoom_053e618c84fb4cef468f72ae,REFIT_103202,R3_ORIGINAL,H_POLICY,FRESH_PAIRED_CONTROL,1,False,,22d143d67aac3aa4d0aea65f415b9949a8adf7187b484af3a03096563aa3843e,
R8_tworoom_053e618c84fb4cef468f72ae,REFIT_103202,R3_ORIGINAL,H_REAL3_REPLAN,COMPLETE,1,False,True,88b904761fcce49431c3fc5be7a9b4828b270f976ec243252755d5027e6d5710,e3c376acc47011b8916927d0caf9cb92dbb7dfb0a4ed9c475141527599174fae
R8_tworoom_053e618c84fb4cef468f72ae,REFIT_103202,R4_ALT_CEM_1,H_POLICY,FRESH_PAIRED_CONTROL,1,False,,d1bb9cf4175a2e3ae2ca4432594b191649d93702ba5bee153808cd96dda1b142,
R8_tworoom_053e618c84fb4cef468f72ae,REFIT_103202,R4_ALT_CEM_1,H_REAL3_REPLAN,COMPLETE,1,False,True,65bef32df86490b8423afd94c7282f957201b9477970a3f35964b7753b7043bf,aa85943a60662a3d8ecfc8199ba9b3a7ad50f0ace4a9698677e90016b8ea5583
R8_tworoom_053e618c84fb4cef468f72ae,REFIT_103202,R4_ALT_CEM_2,H_POLICY,FRESH_PAIRED_CONTROL,1,False,,33befa9f6b35368c9107a9d92a297563f89bce51a3cf0d7ee2858407a27fc7b0,
R8_tworoom_053e618c84fb4cef468f72ae,REFIT_103202,R4_ALT_CEM_2,H_REAL3_REPLAN,COMPLETE,1,False,True,78bb14d1c155ec0a86ec88ca48df1c19aff79613819e4388126c51f4efa74b72,fd67d6d39f93ba742d86dd5fcb1cae779ae8389e60ef3f5e1406e08ce25fbbeb
R8_tworoom_053e618c84fb4cef468f72ae,REFIT_103203,R3_ORIGINAL,H_POLICY,FRESH_PAIRED_CONTROL,1,False,,659d4fe5bfbb6193ccccdaa5c27d0b05f43fce8e08373d674a5557737df2b381,
R8_tworoom_053e618c84fb4cef468f72ae,REFIT_103203,R3_ORIGINAL,H_REAL3_REPLAN,COMPLETE,1,False,True,90b2681f488bf789052a199bebcb2b9baf081d1bb9c44bac58f8e97ffaabb751,204e895568a66b8840bfc3217e45abb6cd937ea0c33d5a05595929569dc7b242
R8_tworoom_053e618c84fb4cef468f72ae,REFIT_103203,R4_ALT_CEM_1,H_POLICY,FRESH_PAIRED_CONTROL,1,False,,aa50cb59b473a89e9a3f0001a5fc5dfba145c6b3b6f262a9372510e7c8f3d73e,
R8_tworoom_053e618c84fb4cef468f72ae,REFIT_103203,R4_ALT_CEM_1,H_REAL3_REPLAN,COMPLETE,1,False,True,bdd2e9d0b42c2f8087cdeddc5b8ecc9ee5c5d93379465d97c4d185757b178a0b,ae103e2cd41f6191c6e95a0a435e82ffbee11ed1743a516f9165cfafcf73184a
R8_tworoom_053e618c84fb4cef468f72ae,REFIT_103203,R4_ALT_CEM_2,H_POLICY,FRESH_PAIRED_CONTROL,1,False,,d8c0ff0d59747794da5ebe9eed8b20cf6b4be805de1d8be0fb15189963b224eb,
R8_tworoom_053e618c84fb4cef468f72ae,REFIT_103203,R4_ALT_CEM_2,H_REAL3_REPLAN,COMPLETE,1,False,True,a47b424d58fb37c24e8695a63993356e759eb5f571f7935355ff759a04a26590,b92dc999d0f255283483c8d5e489ae4922a1437e3a6848f89696953464997cdd
R8_tworoom_0540b17b3765202545c99668,H0,R3_ORIGINAL,H_POLICY,FRESH_PAIRED_CONTROL,1,False,,0cb61c2e150209d620c5d6f67b36809ae42f0dd3f8194f1c8765345c46daf088,
R8_tworoom_0540b17b3765202545c99668,H0,R3_ORIGINAL,H_REAL3_REPLAN,COMPLETE,1,False,True,b373fd37f786921e214bf69c3943fbeebf2821e719f9c3a7400e75c1d6e4f336,bebf06e3e801a87cbca6bedde203fa9188f7ebe8eb501615ef423f0207d5daae
R8_tworoom_0540b17b3765202545c99668,H0,R4_ALT_CEM_1,H_POLICY,FRESH_PAIRED_CONTROL,1,False,,c7f34ae5ea7591db9a6c2e94768320cd4660cc990d4b9b6507854358a784ce62,
R8_tworoom_0540b17b3765202545c99668,H0,R4_ALT_CEM_1,H_REAL3_REPLAN,COMPLETE,1,False,True,f366a8dda8331d2990a680f5d9c1b5ebdf071152b8f444617a6deca63f00386c,048929119feff1871d97ab083087a7947d3852d39213f6b4e30d3bb0493f9988
R8_tworoom_0540b17b3765202545c99668,H0,R4_ALT_CEM_2,H_POLICY,FRESH_PAIRED_CONTROL,1,False,,88f975b53c44a83246a15f462e9477035a32320596676434e4c3dbe723309ab8,
R8_tworoom_0540b17b3765202545c99668,H0,R4_ALT_CEM_2,H_REAL3_REPLAN,COMPLETE,1,False,True,84840a6756758a74f687b863dad265f5e5f3d1a56e093ffbe173420a6e924f72,62d7c84a9fd7b5dc6c3a564270a0eb8633312a078cdc4e5e5378cb50055e4198
R8_tworoom_0540b17b3765202545c99668,REFIT_103201,R3_ORIGINAL,H_POLICY,FRESH_PAIRED_CONTROL,1,False,,f2c3a7518cf1d16d5ccac61b25262e07ccb2936250daed6f121aa7ff15ea9275,
R8_tworoom_0540b17b3765202545c99668,REFIT_103201,R3_ORIGINAL,H_REAL3_REPLAN,COMPLETE,1,False,True,23a48c1114615ade76cf4eb79b5bccf76533a06e5531d015049b65aac1020e33,c25324d3f92907e1d0c674540db01e9214497af00a9f0e5a616ff72048984746
R8_tworoom_0540b17b3765202545c99668,REFIT_103201,R4_ALT_CEM_1,H_POLICY,FRESH_PAIRED_CONTROL,1,False,,a4a76215c0a2976668183b1ab7c64fb499fb2e8f5b6a5b57e235e8081b5d958c,
R8_tworoom_0540b17b3765202545c99668,REFIT_103201,R4_ALT_CEM_1,H_REAL3_REPLAN,COMPLETE,1,False,True,5df85c20aa8219098a1bc1f0edf0fa2bdf03f149d93eaaad7600cf99619bb02a,e677974f2558a324c0858fba5c44eb641b159179872c03b5334ff0d76d0b712a
R8_tworoom_0540b17b3765202545c99668,REFIT_103201,R4_ALT_CEM_2,H_POLICY,FRESH_PAIRED_CONTROL,0,True,,8c5e42e35d8736777131b5e2647bf1efe33f7b5a8aa208214d6b91a6e8e42ba5,
R8_tworoom_0540b17b3765202545c99668,REFIT_103201,R4_ALT_CEM_2,H_REAL3_REPLAN,COMPLETE,0,True,True,5a3cfeb687d9c4e26636484c3d0833d2e9b715f4af781c0973bb0fb4040d2382,558ce4c0cc60bc4e534903968097a118e06498c8f663042bc0b695393c6c2a2c
R8_tworoom_0540b17b3765202545c99668,REFIT_103202,R3_ORIGINAL,H_POLICY,FRESH_PAIRED_CONTROL,1,False,,7fe6946aff1d1d059c62a692ce00c2df2a5ce5b835a61efa84da002f49ba9087,
R8_tworoom_0540b17b3765202545c99668,REFIT_103202,R3_ORIGINAL,H_REAL3_REPLAN,COMPLETE,1,False,True,82ceba2c30245acdde3184373df9198ee71c52632dc941724476b53db4c4aec3,da3611914203d61df35a5d6870e55e157b2a9e472bce0eef4d9da50fef95ab66
R8_tworoom_0540b17b3765202545c99668,REFIT_103202,R4_ALT_CEM_1,H_POLICY,FRESH_PAIRED_CONTROL,1,False,,765f5cc84646a92ef467409e71c4f6fd4449944da1fa24a737363e53d9729e94,
R8_tworoom_0540b17b3765202545c99668,REFIT_103202,R4_ALT_CEM_1,H_REAL3_REPLAN,COMPLETE,1,False,True,264c4b2be6f5e2065a24f4cd2d7723ec8afaa2e39cc3e3064be12279c719e9bb,a988ba28b55198e6430c1a7de828051b79d77a0c50c28e739df8bb91c45ecf47
R8_tworoom_0540b17b3765202545c99668,REFIT_103202,R4_ALT_CEM_2,H_POLICY,FRESH_PAIRED_CONTROL,0,True,,f109afca42eb9855bb65c1011e8a068329353bb130ee213d37c38ad9d46bf666,
R8_tworoom_0540b17b3765202545c99668,REFIT_103202,R4_ALT_CEM_2,H_REAL3_REPLAN,COMPLETE,0,True,True,32614f39bd87aa2192d98e95ade3d1f649bf61ac07896be5f77fc2eb0c331482,337b2d8b90637c94468508b07d3a99a2e9bf34dc5a9ea66c7bc56a0e2728cee3
R8_tworoom_0540b17b3765202545c99668,REFIT_103203,R3_ORIGINAL,H_POLICY,FRESH_PAIRED_CONTROL,1,False,,c78398c5150461ca6f59c222449885108b70cf0fbbdb0cac9efbd8357d2859ae,
R8_tworoom_0540b17b3765202545c99668,REFIT_103203,R3_ORIGINAL,H_REAL3_REPLAN,COMPLETE,1,False,True,423f7f0095db9ddeb424993978191e2a837fbc1e1efcb7f3867e7ad5b9f168e6,dcf9acffec85c19d3990031c97b5c741b17ff072a69741a85784a5efb212e0af
R8_tworoom_0540b17b3765202545c99668,REFIT_103203,R4_ALT_CEM_1,H_POLICY,FRESH_PAIRED_CONTROL,1,False,,ecfd12b154288336ac02c2cf6847afab217884f068e7f68e23e80f745382f225,
R8_tworoom_0540b17b3765202545c99668,REFIT_103203,R4_ALT_CEM_1,H_REAL3_REPLAN,COMPLETE,1,False,True,e2a5222ebf277dea758c2b61ee0092e17b972ae22253365c271272cd02b7bc5e,5355b0ea26712661f054e3bbebffd1367e648caac47e0c3e8a1eccd493e2a239
R8_tworoom_0540b17b3765202545c99668,REFIT_103203,R4_ALT_CEM_2,H_POLICY,FRESH_PAIRED_CONTROL,0,True,,85904bff08a96d5e79e9be75aa65683143688ec52d625ea5227401890fcd1e82,
R8_tworoom_0540b17b3765202545c99668,REFIT_103203,R4_ALT_CEM_2,H_REAL3_REPLAN,COMPLETE,0,True,True,47602dee6b489294b16e1822a7b691588869ce9a2cf3c4210da8546550c97e67,8568adc116dec508af956434f46113e89341e685f9552337f0774434dba5a76f
R8_tworoom_056672215c66eae30389e3af,H0,R3_ORIGINAL,H_POLICY,FRESH_PAIRED_CONTROL,1,False,,f8c80fc288de2c0e62317155601a439fdc357a68e4686158787dff8ac490e239,
R8_tworoom_056672215c66eae30389e3af,H0,R3_ORIGINAL,H_REAL3_REPLAN,COMPLETE,1,False,True,eab43778d37c6655fb1c37a62e54afda3a877d1f6fb3538124248ad89c0dab05,7259c387ae0ead2646dccdeabae76a7d2320730fd4f9e1d33f373c02d6fcc38a
R8_tworoom_056672215c66eae30389e3af,H0,R4_ALT_CEM_1,H_POLICY,FRESH_PAIRED_CONTROL,1,False,,1bbb32876623d84988cdd214edaceb05fd52a758d6c49815b6c80705da85198d,
R8_tworoom_056672215c66eae30389e3af,H0,R4_ALT_CEM_1,H_REAL3_REPLAN,COMPLETE,1,False,True,2dd8044c1298eb8d96e90a13c388b0e47c8991b53df5b61c08324e25a71432f0,5cd49101e3092afb41a4bdd42532cecfcfaa5bfe3fe19bc0c2041995d0a6bfa1
R8_tworoom_056672215c66eae30389e3af,H0,R4_ALT_CEM_2,H_POLICY,FRESH_PAIRED_CONTROL,1,False,,aa49b79c368c342ee25715a57e22750adcd6768c2b2f652fee1ab76afc2ad4bf,
R8_tworoom_056672215c66eae30389e3af,H0,R4_ALT_CEM_2,H_REAL3_REPLAN,COMPLETE,1,False,True,5c64f358e585dad172ab9022464b8e55ffc4cb4752b852231832e65705c14cec,90974a62970ed71772c84d5fcf9f941ebd6453ab0630ec668bf5d332fd9320b3
R8_tworoom_056672215c66eae30389e3af,REFIT_103201,R3_ORIGINAL,H_POLICY,FRESH_PAIRED_CONTROL,1,False,,a270732c2a975049729070801c9fee6e541201c94f459f3e61e0e851505638ac,
R8_tworoom_056672215c66eae30389e3af,REFIT_103201,R3_ORIGINAL,H_REAL3_REPLAN,COMPLETE,1,False,True,570b609182ca62a00d1c84565a5c0aaa9460da2fb753f048807d6f1d20f787ac,23edaae8db515d56c7d021a76f1db00fc34b26185c9ba7685a7f18110ee10894
R8_tworoom_056672215c66eae30389e3af,REFIT_103201,R4_ALT_CEM_1,H_POLICY,FRESH_PAIRED_CONTROL,1,False,,7598bc288ceb9f81b66f89f4dec918ab3e5a858cb78cf1c4c876284fa81fe9ba,
R8_tworoom_056672215c66eae30389e3af,REFIT_103201,R4_ALT_CEM_1,H_REAL3_REPLAN,COMPLETE,1,False,True,eed3fb2855fe9d71f2ddfdaa68b014905c8b89cbcc9ad4e63fd5590ef68e5124,9d43842784a7b131e23b65f3cb9a38829b19c3a2435e78eed1a81dd9f7587bd9
R8_tworoom_056672215c66eae30389e3af,REFIT_103201,R4_ALT_CEM_2,H_POLICY,FRESH_PAIRED_CONTROL,1,False,,82600f295a30464fb5cbe72cf93142bfb0e7531c05caa5086c639a1455f790fc,
R8_tworoom_056672215c66eae30389e3af,REFIT_103201,R4_ALT_CEM_2,H_REAL3_REPLAN,COMPLETE,1,False,True,267692f7a602717e6ef36c94d4f12c016ab93ae6d535b89e8b88f147940dbfeb,9852a66611bc77c9675ed00c11eb1a439991d84bad7192427676baaef5df0b19
R8_tworoom_056672215c66eae30389e3af,REFIT_103202,R3_ORIGINAL,H_POLICY,FRESH_PAIRED_CONTROL,1,False,,ca3840e3f35c7c678eade5e44f7e0a1eabb7a8f200f05acc576864ed71d892b1,
R8_tworoom_056672215c66eae30389e3af,REFIT_103202,R3_ORIGINAL,H_REAL3_REPLAN,COMPLETE,1,False,True,41e4c72fc64620edf4a46e2c50b216440eabd42ea8f9baef25c4b8a284e73f52,0fd96b19beeb4beb9f1dc28650b3e91223ae4762a1d805e1e906fd7d9fa676d3
R8_tworoom_056672215c66eae30389e3af,REFIT_103202,R4_ALT_CEM_1,H_POLICY,FRESH_PAIRED_CONTROL,1,False,,d63429f19b8c5608e63bf9c7ac974c6e5eb1f6332553295de881eb7943f8bcbd,
R8_tworoom_056672215c66eae30389e3af,REFIT_103202,R4_ALT_CEM_1,H_REAL3_REPLAN,COMPLETE,1,False,True,fab704f4e16e15797146003e7e38784b5cb54fc06f8264f92251b174a4547f5e,074aa3789524f758c32df30646362ce5b2815ae67a8f26564b9b27c313a2d06d
R8_tworoom_056672215c66eae30389e3af,REFIT_103202,R4_ALT_CEM_2,H_POLICY,FRESH_PAIRED_CONTROL,1,False,,3ebafe5ab881144c5354f3f5e9ccaaed191f72f9563c28f0ec8523ffe4060d1a,
R8_tworoom_056672215c66eae30389e3af,REFIT_103202,R4_ALT_CEM_2,H_REAL3_REPLAN,COMPLETE,1,False,True,8222e8685ffab025a67c7dba135dcf326a2227cd3741364662b1ce23ac65fd2a,d1802147b941cd5b296b4c804e11657773e23d5f5ba5ac8dc6ee95591239f0b8
R8_tworoom_056672215c66eae30389e3af,REFIT_103203,R3_ORIGINAL,H_POLICY,FRESH_PAIRED_CONTROL,1,False,,076d3b17f4695cc144e8ae109c85257fdc270e6f7e438559c8d18dad4877fca1,
R8_tworoom_056672215c66eae30389e3af,REFIT_103203,R3_ORIGINAL,H_REAL3_REPLAN,COMPLETE,1,False,True,811511f8451eeefbfe0e617bd1dcc6b4413f96edcf843dcf043f5e71009680a2,5991b17007d49d7c0060c050d31a6c25162ece2089ad8cf6c16603ffa7459271
R8_tworoom_056672215c66eae30389e3af,REFIT_103203,R4_ALT_CEM_1,H_POLICY,FRESH_PAIRED_CONTROL,1,False,,3bc17fa182a60de3f1a32354d1eb0d3a8c1c81bb88b5bcb1d12e5e576f8271f4,
R8_tworoom_056672215c66eae30389e3af,REFIT_103203,R4_ALT_CEM_1,H_REAL3_REPLAN,COMPLETE,1,False,True,92e268c771f77dc8071b55450aadbd2de50b6d31cbc787650b79bac855e4513b,fde56311cebb1f6bb649d4e8b4f9c109c1a4a6cad17a53dec465a78c5587f8e6
R8_tworoom_056672215c66eae30389e3af,REFIT_103203,R4_ALT_CEM_2,H_POLICY,FRESH_PAIRED_CONTROL,1,False,,5baf99248648a8809d58e3fb8f651b84077f0b4029f1dc1975eec01cd30fefb5,
R8_tworoom_056672215c66eae30389e3af,REFIT_103203,R4_ALT_CEM_2,H_REAL3_REPLAN,COMPLETE,1,False,True,b5f8ae153d681d5b506b6f4f1483725f2883694b20f069cdf8de1920753c13cc,b903369e822d847d0f01e50c5b4dcbd4bed76114aadb1d1653b0e226c4be2f50
R8_tworoom_057a12046ff9a2a2fb35ff61,H0,R3_ORIGINAL,H_POLICY,FRESH_PAIRED_CONTROL,1,False,,896633f8710612bfffef34bb56a4fcfa41b614c7942d91fc644ca9996542cb85,
R8_tworoom_057a12046ff9a2a2fb35ff61,H0,R3_ORIGINAL,H_REAL3_REPLAN,COMPLETE,1,False,True,3b9a60dcd19456ea1c0786dfdc17bc4b1ba2b163e5654aa0bc480d5da53bb910,38356949b39d234d1606c21fb8c1edee5e3eb04f46f20595cff6de73f669fbdc
R8_tworoom_057a12046ff9a2a2fb35ff61,H0,R4_ALT_CEM_1,H_POLICY,FRESH_PAIRED_CONTROL,1,False,,f65be5b3e2bca1443555f9d98b1c4ec4f0e95edc08970556f0d2d70cd70ccb9a,
R8_tworoom_057a12046ff9a2a2fb35ff61,H0,R4_ALT_CEM_1,H_REAL3_REPLAN,COMPLETE,1,False,True,2ca3eb1aede948756dcff39445d0d9e29b842eeeab45ce2c0d675e6924c6a78e,8f01b89addfd32ecd204a536a3b0c8806ba5949524931c20cadd3f3c77ca8f59
R8_tworoom_057a12046ff9a2a2fb35ff61,H0,R4_ALT_CEM_2,H_POLICY,FRESH_PAIRED_CONTROL,0,True,,1918f0f2d9ff9d07a583a70b2718e4d9f267301b25714812656d1ca15fa2ae3c,
R8_tworoom_057a12046ff9a2a2fb35ff61,H0,R4_ALT_CEM_2,H_REAL3_REPLAN,COMPLETE,0,True,True,217247a2b84844a7a58bab7548e1dad5257423b4b68de8c4efd0ee6b2896e146,7fb931986cc462729c6458c34af90af008b6276bf9d3c67edc527897a2a7efa9
R8_tworoom_057a12046ff9a2a2fb35ff61,REFIT_103201,R3_ORIGINAL,H_POLICY,FRESH_PAIRED_CONTROL,1,False,,bcf6c48f9ed85ca8780cb5a7cff17bf141b143f251a00f98579f0b3f2c98e053,
R8_tworoom_057a12046ff9a2a2fb35ff61,REFIT_103201,R3_ORIGINAL,H_REAL3_REPLAN,COMPLETE,1,False,True,1dc47694fe009948f33535e71d1d67e99107f32ed1f8b6ff523951585a9138ab,a309339f3b516aec06affc01936196b68e22e27cad872e68c6bf80bcc18ff01e
R8_tworoom_057a12046ff9a2a2fb35ff61,REFIT_103201,R4_ALT_CEM_1,H_POLICY,FRESH_PAIRED_CONTROL,1,False,,b8757a071dd0a000ea457c02ef887f70ce5e675132ccd382ccf138660ce6e189,
R8_tworoom_057a12046ff9a2a2fb35ff61,REFIT_103201,R4_ALT_CEM_1,H_REAL3_REPLAN,COMPLETE,1,False,True,f99859ee739623af62713be6efb07eadb5d56fc75b9735897ec68ed8e1e52ce9,2af116dda973ba4ec5cb3d67254001a0510d797f9bbe4ed95acd044a8fc9794d
R8_tworoom_057a12046ff9a2a2fb35ff61,REFIT_103201,R4_ALT_CEM_2,H_POLICY,FRESH_PAIRED_CONTROL,0,True,,bcd132761ff2f6d0f397f346ae04e9d1611771ceef19e1fa94957ae855a53d44,
R8_tworoom_057a12046ff9a2a2fb35ff61,REFIT_103201,R4_ALT_CEM_2,H_REAL3_REPLAN,COMPLETE,0,True,True,a7e8a92c301db7753720bbd077ec3b4c844ae10791d5747ec0c7008694caef47,6a699c298a7568aa33b6432ffd6bfbd4f3f8aa6ca4e14ed64436cb8f85c6861a
R8_tworoom_057a12046ff9a2a2fb35ff61,REFIT_103202,R3_ORIGINAL,H_POLICY,FRESH_PAIRED_CONTROL,1,False,,64d646ba24451a32ab3f2c924551059376bb33e375972e9fee37dbf7d4b2cfe8,
R8_tworoom_057a12046ff9a2a2fb35ff61,REFIT_103202,R3_ORIGINAL,H_REAL3_REPLAN,COMPLETE,1,False,True,acee319be3fe0bbd616ad7699f572b3228dab1744c376eeaf02ddbb4bffea5c7,541b611d876d62fee43588fe13f70cfdb73226b59a910264521ee551fc26e2c5
R8_tworoom_057a12046ff9a2a2fb35ff61,REFIT_103202,R4_ALT_CEM_1,H_POLICY,FRESH_PAIRED_CONTROL,1,False,,30f31761c5d8929543cfa966a0e1a8f11683ad42424d1df96bee779949308075,
R8_tworoom_057a12046ff9a2a2fb35ff61,REFIT_103202,R4_ALT_CEM_1,H_REAL3_REPLAN,COMPLETE,1,False,True,44983187e64c1ef307afa837b061f45dd0f543c13753b2fd4271a36edc9d6001,745d3d1fb83c9cbaacac54de1ef423089ef950da452a00995d9732f4e98790e9
R8_tworoom_057a12046ff9a2a2fb35ff61,REFIT_103202,R4_ALT_CEM_2,H_POLICY,FRESH_PAIRED_CONTROL,0,True,,12f490220195ae70181944fc529ee0b251eef35dc3bfebe112502ff532abee03,
R8_tworoom_057a12046ff9a2a2fb35ff61,REFIT_103202,R4_ALT_CEM_2,H_REAL3_REPLAN,COMPLETE,0,True,True,411f5a98de9920ed08bdb553993112b1954784e7e76149d6bbe040fb03b5affd,169e3dc866d1c6e7ce053fb4c434cb8a7a05a56c5ef2ac5d3b09a3d5073569dd
R8_tworoom_057a12046ff9a2a2fb35ff61,REFIT_103203,R3_ORIGINAL,H_POLICY,FRESH_PAIRED_CONTROL,1,False,,b898007208b73783bf446dd532c117a69b0f7a5c09c60eadb288ad865269d143,
R8_tworoom_057a12046ff9a2a2fb35ff61,REFIT_103203,R3_ORIGINAL,H_REAL3_REPLAN,COMPLETE,1,False,True,fbd75a7410496b404dcac6d87f9129a08d637125c678cbe62166fd699ced821b,68327de1167b65dc6ba85120b4cce0ee4a97a9e93b0d88017456edaba7b3b686
R8_tworoom_057a12046ff9a2a2fb35ff61,REFIT_103203,R4_ALT_CEM_1,H_POLICY,FRESH_PAIRED_CONTROL,1,False,,83e8968fa0b9b88b0ff2a194c0fa24e45f506ac82d853292e9b146b0b72a26a6,
R8_tworoom_057a12046ff9a2a2fb35ff61,REFIT_103203,R4_ALT_CEM_1,H_REAL3_REPLAN,COMPLETE,1,False,True,3a080139b255652f8da6af12c4dcde7a445d75b78c77019472d00d817ccb358e,08904c76e2a9c6d59d7f5c90bb3ef91dad652fac690e3111b073153f436c4b0e
R8_tworoom_057a12046ff9a2a2fb35ff61,REFIT_103203,R4_ALT_CEM_2,H_POLICY,FRESH_PAIRED_CONTROL,0,True,,6a4ecdd83949cd82a78c658c34c986896aab71cf0c2b735a94fc0588ce6e9924,
R8_tworoom_057a12046ff9a2a2fb35ff61,REFIT_103203,R4_ALT_CEM_2,H_REAL3_REPLAN,COMPLETE,0,True,True,b4190c0e6dd30d5bd57e0ac1187dab2727b9f0e49530b3fcae540d3d87dfa3ba,33bdb64abb2e77e8fd6f992bbd6a15a7d3ad82ed0cf64b8230e7f4d893f92129
R8_tworoom_057cd69d9b64f0206c13beb0,H0,R3_ORIGINAL,H_POLICY,FRESH_PAIRED_CONTROL,0,True,,22e3de2829fc60f875d8d4d502a2bbb912192ee82aac603385054df58b4caf9d,
R8_tworoom_057cd69d9b64f0206c13beb0,H0,R3_ORIGINAL,H_REAL3_REPLAN,COMPLETE,0,True,True,e589367221cddb8fefe58c6c8c67cc8c86fe8ded46537da4996157bde13cddab,705809a0a0a5b7b0f517ebe82401d8d6b62841f41232fa437a7ccaa6936986d4
R8_tworoom_057cd69d9b64f0206c13beb0,H0,R4_ALT_CEM_1,H_POLICY,FRESH_PAIRED_CONTROL,1,False,,ea3db0f37b7329af2e30d7ff7a6cd448d94a50a062a85988318cd8fdac04b6a1,
R8_tworoom_057cd69d9b64f0206c13beb0,H0,R4_ALT_CEM_1,H_REAL3_REPLAN,COMPLETE,1,False,True,6b0477ed841ae00b50ea59068a9049c9a9570d5986f785327d59af1aee834edd,2e7d00c192b8cdf3972604a2f5e29bfa38a9ecede65c30aa50dd3e5ad3fa110b
R8_tworoom_057cd69d9b64f0206c13beb0,H0,R4_ALT_CEM_2,H_POLICY,FRESH_PAIRED_CONTROL,1,True,,ec1e64c70eccd4082b8e691785dab37ed608b9802f33238e2f169ec9e0e2197d,
R8_tworoom_057cd69d9b64f0206c13beb0,H0,R4_ALT_CEM_2,H_REAL3_REPLAN,COMPLETE,1,True,True,86977ec821ca26e5a3d4b5af39ec95d6bf55baf7327b397f74580a55af91c346,8dd78d6af8f74bf478dfc94b89867e358f9726b1708bca72b18bd0424cd75ac8
R8_tworoom_057cd69d9b64f0206c13beb0,REFIT_103201,R3_ORIGINAL,H_POLICY,FRESH_PAIRED_CONTROL,1,False,,be42b58de47c4ffb4f0962fc41b93a786c5b82986f0fbc675d4d92e51f9d4b0f,
R8_tworoom_057cd69d9b64f0206c13beb0,REFIT_103201,R3_ORIGINAL,H_REAL3_REPLAN,COMPLETE,1,False,True,10e8ef8c08c6b40ae8274d100c37dd645fa59636adfa32a102055ed3943c1c2a,541c80ee1e22a1c925e2912a2ea547b09575dd571d26ff351cd63e2e1bec27ed
R8_tworoom_057cd69d9b64f0206c13beb0,REFIT_103201,R4_ALT_CEM_1,H_POLICY,FRESH_PAIRED_CONTROL,0,True,,6bc07e6122489d6c6ffdf999c00d6d5a9349e851f2fd7ba4832103d299f4b1ed,
R8_tworoom_057cd69d9b64f0206c13beb0,REFIT_103201,R4_ALT_CEM_1,H_REAL3_REPLAN,COMPLETE,0,True,True,50933b886ab1183f40ba0726f13b94bc851d1085466755f81906336713471120,16e8fc24a90141cf53ab314722f4158e5b3dc5f68fdb0a2e14a4b0e5fc9d8c0d
R8_tworoom_057cd69d9b64f0206c13beb0,REFIT_103201,R4_ALT_CEM_2,H_POLICY,FRESH_PAIRED_CONTROL,1,True,,d726bfd5679057b0053210f4fe86278fb15479f2cd4e5711395f540d6b7fbb79,
R8_tworoom_057cd69d9b64f0206c13beb0,REFIT_103201,R4_ALT_CEM_2,H_REAL3_REPLAN,COMPLETE,1,True,True,370577d5c5ce50421c4f2fe8e7f56b28c2c1b03f1f0bb75b1fa3524ec1f42b47,9b2f4357f8e7a27f6e74a582866e8d2db559615d9e4e4a62dfeacfce0bb139d2
R8_tworoom_057cd69d9b64f0206c13beb0,REFIT_103202,R3_ORIGINAL,H_POLICY,FRESH_PAIRED_CONTROL,1,False,,ae0592e2e6b0508d9f1b360a069600d7b436d2e427c2e4b81189e4345c70e25b,
R8_tworoom_057cd69d9b64f0206c13beb0,REFIT_103202,R3_ORIGINAL,H_REAL3_REPLAN,COMPLETE,1,False,True,4593b626f974fe79cdd95a545565ea89b323933a1aa92bfe53e3ea8ccb123580,f205a19b4fd40ff3604556a1e4ff2fef92082406352dd163276c449722283e4d
R8_tworoom_057cd69d9b64f0206c13beb0,REFIT_103202,R4_ALT_CEM_1,H_POLICY,FRESH_PAIRED_CONTROL,0,True,,e5a54d7bb5698af8cc54c866cc54bf6f7172ab1b83ecac8134be4fd571f69c44,
R8_tworoom_057cd69d9b64f0206c13beb0,REFIT_103202,R4_ALT_CEM_1,H_REAL3_REPLAN,COMPLETE,0,True,True,9b40a703a81ce501c19055af2968050aae96aa670eec2dc22b6fe07b78ee75b4,7a2661d506293f0e3687084fc41d57fec3565163a20b72917993580adc225d5f
R8_tworoom_057cd69d9b64f0206c13beb0,REFIT_103202,R4_ALT_CEM_2,H_POLICY,FRESH_PAIRED_CONTROL,1,True,,88f107cbef61493e92a0513456494b29f92f9050040a984e90e0d6b832b5bdcb,
R8_tworoom_057cd69d9b64f0206c13beb0,REFIT_103202,R4_ALT_CEM_2,H_REAL3_REPLAN,COMPLETE,1,True,True,ce4b72752cb0035a5baa9e3114ae22277ab6dd0236d708a3379a953656dff519,a7d31eb9e9a8af78d03786e3c3c1456308a2ab6b7c12465e8e66b2959632cffc
R8_tworoom_057cd69d9b64f0206c13beb0,REFIT_103203,R3_ORIGINAL,H_POLICY,FRESH_PAIRED_CONTROL,1,True,,f253746f00b1a76fd77377994567ceb21f818c85c610869cc734dd9359ba397b,
R8_tworoom_057cd69d9b64f0206c13beb0,REFIT_103203,R3_ORIGINAL,H_REAL3_REPLAN,COMPLETE,1,True,True,7bd4490fa30b74df5ec5f55330026dd75521ce21ba1df4b41ed1169f1e10baca,c81abb651559c2f5c8fcedeb0afd8503f232c8e8c1506f88afddf74980fa4a06
R8_tworoom_057cd69d9b64f0206c13beb0,REFIT_103203,R4_ALT_CEM_1,H_POLICY,FRESH_PAIRED_CONTROL,0,True,,50ef9eec056ae54b9c064441ec7c3e26445cfaf07d12db388717672e218691ed,
R8_tworoom_057cd69d9b64f0206c13beb0,REFIT_103203,R4_ALT_CEM_1,H_REAL3_REPLAN,COMPLETE,0,True,True,ec4b9d0f16e18817dc48943aa4f6a3e03ecfe749a52e82bb0bc225c22eb0962e,9f0f2dd6db91e15a43fa987ba04622bb8c49a58d295cc257cfe21089c67b2327
R8_tworoom_057cd69d9b64f0206c13beb0,REFIT_103203,R4_ALT_CEM_2,H_POLICY,FRESH_PAIRED_CONTROL,1,True,,d1219cc324eb5f7cb89d48975659c5e4a5cc71a5fac74f949f3b43abca48fc12,
R8_tworoom_057cd69d9b64f0206c13beb0,REFIT_103203,R4_ALT_CEM_2,H_REAL3_REPLAN,COMPLETE,1,True,True,26514f90e66678a226c4cfa0457fd44954fc3114b75da6b472d097c66c49519d,7c6e756756244bb496488e5a04d79641e029fd8ad14e8519dfd1b4de38abde6a
R8_tworoom_0586069dc3ac8d02e1e05d18,H0,R3_ORIGINAL,H_POLICY,FRESH_PAIRED_CONTROL,1,False,,6feacd85527362720fd3262cd57f26dd6f2858848742046f7665f28b3340827b,
R8_tworoom_0586069dc3ac8d02e1e05d18,H0,R3_ORIGINAL,H_REAL3_REPLAN,COMPLETE,1,False,True,e96b8c173ba1654f6322f3689a19a6b264fe737c6ab1f406cbfb0e58478b918c,8734c624778ed5f8f2661b0907ad73b7ec7b1ff22ea35c2ceb80de84fa0d8041
R8_tworoom_0586069dc3ac8d02e1e05d18,H0,R4_ALT_CEM_1,H_POLICY,FRESH_PAIRED_CONTROL,1,True,,d9e796264af744d5c7177ab988b6f7dd80b02169c27d10e2189665857e8e70fb,
R8_tworoom_0586069dc3ac8d02e1e05d18,H0,R4_ALT_CEM_1,H_REAL3_REPLAN,COMPLETE,1,True,True,0877f58586714d92b1a79dc6669bbfe9c3f59028d9d4580a31e43ee0c11c9015,c5b737cbc70f45722ec4d3220d989dea18da78f5d96c9158d8e8b2588111a784
R8_tworoom_0586069dc3ac8d02e1e05d18,H0,R4_ALT_CEM_2,H_POLICY,FRESH_PAIRED_CONTROL,1,True,,3bafc96c6b5b1051fd91b8987b891f08ca00af36b312b8079963101c1b7377a7,
R8_tworoom_0586069dc3ac8d02e1e05d18,H0,R4_ALT_CEM_2,H_REAL3_REPLAN,COMPLETE,1,True,True,47802658073a0fe36505499107bb850a66b759b7671908cbfd6b40bdf83b803a,1ae64480351203f38357ccc940e05cb105d5d955bff679b6bd351bed96ed5c1a
R8_tworoom_0586069dc3ac8d02e1e05d18,REFIT_103201,R3_ORIGINAL,H_POLICY,FRESH_PAIRED_CONTROL,1,False,,af07a6a820dbbdae78b9aac72685c9bf3e021356304c2aaf76f704040b36ab79,
R8_tworoom_0586069dc3ac8d02e1e05d18,REFIT_103201,R3_ORIGINAL,H_REAL3_REPLAN,COMPLETE,1,False,True,0f720fb516c07453108517e9649c65e6a3cb191ef9c37f7ac0dee8459ca21e37,2fe451594016e0551f6052e9265f03e00994680967576b7db3944013fbf9db98
R8_tworoom_0586069dc3ac8d02e1e05d18,REFIT_103201,R4_ALT_CEM_1,H_POLICY,FRESH_PAIRED_CONTROL,1,False,,ae0616c3776edbb507c517c7a8b7e1d6fb23de8092484ef2a9c7ddec46077215,
R8_tworoom_0586069dc3ac8d02e1e05d18,REFIT_103201,R4_ALT_CEM_1,H_REAL3_REPLAN,COMPLETE,1,False,True,a3d99dde647ef7fd64c40ee1e0f4b332d28edbb8aabf7246cd38d6d7280b5ca8,f9619e673acb64c03c7ae5eacd90a7e1b937bf4960d8fd30225d0cd14f987983
R8_tworoom_0586069dc3ac8d02e1e05d18,REFIT_103201,R4_ALT_CEM_2,H_POLICY,FRESH_PAIRED_CONTROL,1,True,,308a663e1edbb635f2bdc95fc3ca125518bd0fff5c3b0d76eda9fd86519aeaef,
R8_tworoom_0586069dc3ac8d02e1e05d18,REFIT_103201,R4_ALT_CEM_2,H_REAL3_REPLAN,COMPLETE,1,True,True,ad7fdff4e6d06121901e3579d244295bc76aae6c99ae78bde3b99af0e6603e9f,8f86300529e4e82a167b1d5cc2500b110d0e5752aa3f0a328de86d4062082433
R8_tworoom_0586069dc3ac8d02e1e05d18,REFIT_103202,R3_ORIGINAL,H_POLICY,FRESH_PAIRED_CONTROL,1,True,,d1f0a3cc2b202c60fafebb92ab6e04aab9584b9c2b374b18714ffccfddb612b4,
R8_tworoom_0586069dc3ac8d02e1e05d18,REFIT_103202,R3_ORIGINAL,H_REAL3_REPLAN,COMPLETE,1,True,True,2daa0aaaaacc66c87faa2065497abe8ba0b788938d4687f0db2944129726d7ab,2b4e21d23b69cc93aab71e7db500dcc57d6d48af56b832e8826fbf0b86f55961
R8_tworoom_0586069dc3ac8d02e1e05d18,REFIT_103202,R4_ALT_CEM_1,H_POLICY,FRESH_PAIRED_CONTROL,1,False,,53849dc55a015411db1ff06c9b300bd17212f04cc6ecbade898f7c8298a2ec95,
R8_tworoom_0586069dc3ac8d02e1e05d18,REFIT_103202,R4_ALT_CEM_1,H_REAL3_REPLAN,COMPLETE,1,False,True,edabd787d62706f533b1afb116f2e9fa3d67f2531f968173cb45246909fc28e6,d4984610d1d0311cec9eff2066447a7953f929ad6fe31a7d1c823cf981e93c6f
R8_tworoom_0586069dc3ac8d02e1e05d18,REFIT_103202,R4_ALT_CEM_2,H_POLICY,FRESH_PAIRED_CONTROL,1,True,,093088fe7bf8ccab90df2301dce0ee89b48aab5f2095d75d6850b1ad2d3ae200,
R8_tworoom_0586069dc3ac8d02e1e05d18,REFIT_103202,R4_ALT_CEM_2,H_REAL3_REPLAN,COMPLETE,1,True,True,f04e190d9bb2f94283ab2c2da08879fef19ac058e8ae97c8581a088a8d0093bd,03382bb69fe1c91626a0a14433a693b2a1dba6467875cda4bc0e2fd74f13f605
R8_tworoom_0586069dc3ac8d02e1e05d18,REFIT_103203,R3_ORIGINAL,H_POLICY,FRESH_PAIRED_CONTROL,1,False,,34ea43c7b8ada82ba0394ff15815937e3b784887e8afd83a315d73088ae2a7a8,
R8_tworoom_0586069dc3ac8d02e1e05d18,REFIT_103203,R3_ORIGINAL,H_REAL3_REPLAN,COMPLETE,1,False,True,25ee60f4fdf0a18b3127a9ef9a46ed865758d05c07e9a8a3c375cde61c78cc66,11c7d608a8c0da5cbf8c22c6eda72c9a51a3afc3ef7b0c6f0633a5cb9474c84d
R8_tworoom_0586069dc3ac8d02e1e05d18,REFIT_103203,R4_ALT_CEM_1,H_POLICY,FRESH_PAIRED_CONTROL,1,True,,b27e42d18d7005e562d883ec18f9fae4b70a12539361f0306583890aa2c69545,
R8_tworoom_0586069dc3ac8d02e1e05d18,REFIT_103203,R4_ALT_CEM_1,H_REAL3_REPLAN,COMPLETE,1,True,True,3454329e00299254c35bf279479a4dff52264bf5d2412de8504a16badeed9b7f,b416d0ad21bd20b5c61f7a24d3dc068da5b8accf2a9332f44851c227e3e4a6ba
R8_tworoom_0586069dc3ac8d02e1e05d18,REFIT_103203,R4_ALT_CEM_2,H_POLICY,FRESH_PAIRED_CONTROL,1,True,,236e3169fefa6b2dcb931e88116a388fde39da8e7a3558873fdfa8ae83e63910,
R8_tworoom_0586069dc3ac8d02e1e05d18,REFIT_103203,R4_ALT_CEM_2,H_REAL3_REPLAN,COMPLETE,1,True,True,0fa514649196f2abecd0b100afc8a0c696876e8749f61e531e6eed01dd824c84,23824d0ab6994609c89d50c2936ddc7216665f93817cf7dad1caa4dc6a2ddb12
R8_tworoom_0587a12763b08473dc82e82c,H0,R3_ORIGINAL,H_POLICY,FRESH_PAIRED_CONTROL,1,False,,31316d444c4379b7948a9940bd3b9d943e01793b120e7868b650ca317265b685,
R8_tworoom_0587a12763b08473dc82e82c,H0,R3_ORIGINAL,H_REAL3_REPLAN,COMPLETE,1,False,True,b42e52960a48e1a123456d42cfd51cddba6b5994740a8bb612d6703735e95f6b,d9a18348d9ab1883fbf4484ebd6aea1600ebfba3cb90afaa96990e3ae9013ef2
R8_tworoom_0587a12763b08473dc82e82c,H0,R4_ALT_CEM_1,H_POLICY,FRESH_PAIRED_CONTROL,1,False,,90ce6ef41b8d7d1a9ac125ee6211573587e70c035f5c8de50dcfd53cfb724351,
R8_tworoom_0587a12763b08473dc82e82c,H0,R4_ALT_CEM_1,H_REAL3_REPLAN,COMPLETE,1,False,True,461dcee1be29200ed7bfe91c13fb3cea22eec6bab138a684791fafd587590e9e,ae6462d0e537a57a723d80955f144bde4e35bc6fb9acb3cd24fe0c033b4b410f
R8_tworoom_0587a12763b08473dc82e82c,H0,R4_ALT_CEM_2,H_POLICY,FRESH_PAIRED_CONTROL,1,False,,76ce3a72170e31a7d317f4de51f417d3e2de308b3b60068a93eed0220453a395,
R8_tworoom_0587a12763b08473dc82e82c,H0,R4_ALT_CEM_2,H_REAL3_REPLAN,COMPLETE,1,False,True,697bc36613e89aa5fb8770a5717018bc43dd349c5ca15c3a3718adfe99ad43a3,52bf6c18b0e85f54fbfb22e43bf846b360e4611bda3c45325e780faf6ba51ad1
R8_tworoom_0587a12763b08473dc82e82c,REFIT_103201,R3_ORIGINAL,H_POLICY,FRESH_PAIRED_CONTROL,1,False,,9b5a95cfe11afe992206c188bfd746857380e3df140b100b23dcc20a2be37cd6,
R8_tworoom_0587a12763b08473dc82e82c,REFIT_103201,R3_ORIGINAL,H_REAL3_REPLAN,COMPLETE,1,False,True,4149319ada78965244a3fb3563d37e7da4bbea0e25baeecc13dc51d4ea849c12,a66d3dfac603a90b4aaa5e963a218f9eaf910015f9fe51f57d4156f7620bafb4
R8_tworoom_0587a12763b08473dc82e82c,REFIT_103201,R4_ALT_CEM_1,H_POLICY,FRESH_PAIRED_CONTROL,1,False,,3061055ee157797effaf74be00c1e4a7bfd65b3cdb7d04fd42298e4f0bd1fec9,
R8_tworoom_0587a12763b08473dc82e82c,REFIT_103201,R4_ALT_CEM_1,H_REAL3_REPLAN,COMPLETE,1,False,True,7ef1865a72db3b42971a456628caad19f918f44be95a7328c620b0349b2c7666,a6eaedcf93d4585b99dbe6be274eea4048e802231f935623906cb1c648b82db4
R8_tworoom_0587a12763b08473dc82e82c,REFIT_103201,R4_ALT_CEM_2,H_POLICY,FRESH_PAIRED_CONTROL,1,False,,ba371fa3e68e07fb81f687da8607c395f08e5fd60516eb7dfed8c9234f89b463,
R8_tworoom_0587a12763b08473dc82e82c,REFIT_103201,R4_ALT_CEM_2,H_REAL3_REPLAN,COMPLETE,1,False,True,8c61de2b6242b895b26814f7f9b09b0f7d449248f31088d5927dc622b80108bb,37f0868941ed5fabb5120d8dbb373a946376e2e784a4e28c3c133f96b9e7b3f1
R8_tworoom_0587a12763b08473dc82e82c,REFIT_103202,R3_ORIGINAL,H_POLICY,FRESH_PAIRED_CONTROL,1,False,,111a8839a5c9e778eab3a10f205bc366f93db4ce4c7e5b9e829eaa7523b0952f,
R8_tworoom_0587a12763b08473dc82e82c,REFIT_103202,R3_ORIGINAL,H_REAL3_REPLAN,COMPLETE,1,False,True,e47a6688f470a8a4d34ea8fe44ac0b02a91c9eb20c40ae39a7bc67e5131c643f,a7d79a46e198534e6cd1f8165f9f50049b8ccac14e67d3184056357725d08375
R8_tworoom_0587a12763b08473dc82e82c,REFIT_103202,R4_ALT_CEM_1,H_POLICY,FRESH_PAIRED_CONTROL,1,False,,c5a009104616e63f7fadc7008089c3000c20440bfee17f8953263677de1076c1,
R8_tworoom_0587a12763b08473dc82e82c,REFIT_103202,R4_ALT_CEM_1,H_REAL3_REPLAN,COMPLETE,1,False,True,510b60b792922b60ea6b382f64b8cf74dad7ea37d004f1f14b772da9552870c5,78c46e3103039fa12713ad8c00aa231c32ad952d9356ec707abf586eb42333f2
R8_tworoom_0587a12763b08473dc82e82c,REFIT_103202,R4_ALT_CEM_2,H_POLICY,FRESH_PAIRED_CONTROL,1,False,,5f236c6be84eb3099e68ba27dd2d08f16a99fb3ea4c1222b8377cdae3c8f54cb,
R8_tworoom_0587a12763b08473dc82e82c,REFIT_103202,R4_ALT_CEM_2,H_REAL3_REPLAN,COMPLETE,1,False,True,2c683db9fbd81f7ac450bcafc2557d26e9eb37637a14565a553fc32d8f9857ef,dd3bb28b61e753941c1813e80387bc3c15838a5754380c9d7d1069c25bbc6bbf
R8_tworoom_0587a12763b08473dc82e82c,REFIT_103203,R3_ORIGINAL,H_POLICY,FRESH_PAIRED_CONTROL,1,False,,44b7182578e8bb07807f4e5d3fcc416b46820655e9f56b56195e1e6294e039dc,
R8_tworoom_0587a12763b08473dc82e82c,REFIT_103203,R3_ORIGINAL,H_REAL3_REPLAN,COMPLETE,1,False,True,e04bae22595d63dc6a960d44a938bcb7cce84b3dea77f388b71e99ee7b5b1555,906daaab5288d8a2a1b61240e602335ae7cdf23e2f2da784efdf240551ffe75c
R8_tworoom_0587a12763b08473dc82e82c,REFIT_103203,R4_ALT_CEM_1,H_POLICY,FRESH_PAIRED_CONTROL,1,False,,e672084edcf830e04a1f8cf9913754a4b621a4a7026e23dc8fb3aad16dc9d94c,
R8_tworoom_0587a12763b08473dc82e82c,REFIT_103203,R4_ALT_CEM_1,H_REAL3_REPLAN,COMPLETE,1,False,True,65aa504137d39c32d03124f267eeebc903e3c04e851433290dbd4edab4183b1a,2daf8cc54fff47a32bde3a5dc772e1e3352d85c944f193f27aef9ab9770b56f4
R8_tworoom_0587a12763b08473dc82e82c,REFIT_103203,R4_ALT_CEM_2,H_POLICY,FRESH_PAIRED_CONTROL,1,False,,0f44d68c44db2c07a273939ceea05baa901ae329f35252c9e41547f828733659,
R8_tworoom_0587a12763b08473dc82e82c,REFIT_103203,R4_ALT_CEM_2,H_REAL3_REPLAN,COMPLETE,1,False,True,f50601293d838baeea94e7afb3ea15e055ac95c2cbc23c25e69d01de4c0b0053,ec432d97ad5780df80136f5c910afa31873232ad62df9c4f322632bf220bc34d
R8_tworoom_058c2c802136fd3ed8b8fc06,H0,R3_ORIGINAL,H_POLICY,FRESH_PAIRED_CONTROL,0,True,,0da16ccd7824db1cd88a91a28826640562710c898630a15ca946a55ed48c9071,
R8_tworoom_058c2c802136fd3ed8b8fc06,H0,R3_ORIGINAL,H_REAL3_REPLAN,COMPLETE,0,True,True,09ace58ae5971a119824d5454a370b17eb6f478170dab72cf568f766ee1b1bb4,c25a77b992300126208c554ba1c304b4efe226ae7b1f4de76609f7cd3abf9339
R8_tworoom_058c2c802136fd3ed8b8fc06,H0,R4_ALT_CEM_1,H_POLICY,FRESH_PAIRED_CONTROL,1,False,,7d0c1c7b3be884445335db0bf479831647cbe4a4265c5a4c1318b9a1caada999,
R8_tworoom_058c2c802136fd3ed8b8fc06,H0,R4_ALT_CEM_1,H_REAL3_REPLAN,COMPLETE,1,False,True,b9c4ec2abdb27ec2a3a43256769cab3e4f54ed94a34beb30566b722d1dbf3c40,107a98507f4d4d7a06e4b363bbbaba5f4a94f91ed6fe60dc36b36e590b11f1b3
R8_tworoom_058c2c802136fd3ed8b8fc06,H0,R4_ALT_CEM_2,H_POLICY,FRESH_PAIRED_CONTROL,0,True,,3f35de6bf0f3b2c4f283db52a978646d2bef87c67f4656962593629c5baf42a2,
R8_tworoom_058c2c802136fd3ed8b8fc06,H0,R4_ALT_CEM_2,H_REAL3_REPLAN,COMPLETE,0,True,True,01e49dc06c28afaaf3be8ff356b9ccce89cb3c0de328db205c5d569259f92e4c,afa7e01c734d33256b7800a44cc1add35cb09342f734be678c4c5efb1ecc54e4
R8_tworoom_058c2c802136fd3ed8b8fc06,REFIT_103201,R3_ORIGINAL,H_POLICY,FRESH_PAIRED_CONTROL,0,True,,877cd1c873c6b72bb02df0b8b0498c5a147826cf8449d29607ecac508063f12d,
R8_tworoom_058c2c802136fd3ed8b8fc06,REFIT_103201,R3_ORIGINAL,H_REAL3_REPLAN,COMPLETE,0,True,True,5e384fc283086a59279d58cb78853fb61418a7737ebda36847f76f554701a9ca,097394aa12fe9e3159952d6cd46a519c14970ddcc7152873d0a073d516a58e99
R8_tworoom_058c2c802136fd3ed8b8fc06,REFIT_103201,R4_ALT_CEM_1,H_POLICY,FRESH_PAIRED_CONTROL,0,True,,2aabda0e52e96cab9aa118ef76e49ed2ab9b43c0b53b5827f085655b13e41d2a,
R8_tworoom_058c2c802136fd3ed8b8fc06,REFIT_103201,R4_ALT_CEM_1,H_REAL3_REPLAN,COMPLETE,0,True,True,5fc92c1a3cbd48c8dc40e0ef60a2ac6e223e8c25c961ff7eead4fc84e5366363,6a9e1810aed5c53748e93a828b9062de2467bb879e865a0bffbdde6efa470ff3
R8_tworoom_058c2c802136fd3ed8b8fc06,REFIT_103201,R4_ALT_CEM_2,H_POLICY,FRESH_PAIRED_CONTROL,0,True,,887da8b99b3ad96e93c22ae5179d38518f1d15cfd48e42f8c4194949c2e31e9d,
R8_tworoom_058c2c802136fd3ed8b8fc06,REFIT_103201,R4_ALT_CEM_2,H_REAL3_REPLAN,COMPLETE,0,True,True,6e29db038119e1feb90a4870c9671ae3086607931a335abd326e3bddd9da117a,41454721020f72338d368001ced70be6400410b85342e9cdd052c31047ed6e5c
R8_tworoom_058c2c802136fd3ed8b8fc06,REFIT_103202,R3_ORIGINAL,H_POLICY,FRESH_PAIRED_CONTROL,0,True,,d4ac1da42dfa3df649ce8f95c315a42ffc15280714ef785f357d33f74c32aa1c,
R8_tworoom_058c2c802136fd3ed8b8fc06,REFIT_103202,R3_ORIGINAL,H_REAL3_REPLAN,COMPLETE,0,True,True,23f44d381082dd878eb6c44471d080d782b36bcca494419ba348dfe495cf421a,35291ebc03d9daafc7a7fbb4441174e7e842d78e9f8aa484cc57ef10e05f2a9a
R8_tworoom_058c2c802136fd3ed8b8fc06,REFIT_103202,R4_ALT_CEM_1,H_POLICY,FRESH_PAIRED_CONTROL,0,True,,8601ecd5b5b62d23580ba7dc5a47e4c13570d5d4baf018e23c13e3f2db5fff47,
R8_tworoom_058c2c802136fd3ed8b8fc06,REFIT_103202,R4_ALT_CEM_1,H_REAL3_REPLAN,COMPLETE,0,True,True,0668d81247d35d3245c22b0b63bc85cea235f444d5337efa43b7cd0b761d7f57,82032ad28c9e97684edf126a0ac9ab67332277bd042f1960c14dcee6ec497bbf
R8_tworoom_058c2c802136fd3ed8b8fc06,REFIT_103202,R4_ALT_CEM_2,H_POLICY,FRESH_PAIRED_CONTROL,0,True,,9e852acccf9dd2ed5c4bceb6e6a6978a2479db2b5f01648563ec11d6a58156b8,
R8_tworoom_058c2c802136fd3ed8b8fc06,REFIT_103202,R4_ALT_CEM_2,H_REAL3_REPLAN,COMPLETE,0,True,True,53d68b62aaad1eec2c532c7ade1aa6abbe55d071bde55642d2f1c97dce96eff1,0fd654dd0b8654b8d3c865470d155cf60c04f7b5890bc0042ae5974ce0eeedbf
R8_tworoom_058c2c802136fd3ed8b8fc06,REFIT_103203,R3_ORIGINAL,H_POLICY,FRESH_PAIRED_CONTROL,0,True,,7686cb9d9da62669fc1b7f0518aa6bfd3e5f5dec120aa1e3cb408c8eadc593f7,
R8_tworoom_058c2c802136fd3ed8b8fc06,REFIT_103203,R3_ORIGINAL,H_REAL3_REPLAN,COMPLETE,0,True,True,f8e3aacd00cd59d679306053ab1b13948662a69d09e8673c37b53133a8191e1b,c742ea912ab569ac254b0f5cf80a152bea32d0bcd289f22044e24ef933cf00f5
R8_tworoom_058c2c802136fd3ed8b8fc06,REFIT_103203,R4_ALT_CEM_1,H_POLICY,FRESH_PAIRED_CONTROL,0,True,,c934738daeb3902afed69045218c6f6754d1cbd3e5c47b57a85961e63ce3b38e,
R8_tworoom_058c2c802136fd3ed8b8fc06,REFIT_103203,R4_ALT_CEM_1,H_REAL3_REPLAN,COMPLETE,0,True,True,bd95e9f0df8135e7ebd11eba97baf0b860a2362979b19c0a1f58e9c0bdadd8bb,1f98568ef5883da2c568c6f796649a4890b21ca18e6b9c19a82a6faf5a4d807d
R8_tworoom_058c2c802136fd3ed8b8fc06,REFIT_103203,R4_ALT_CEM_2,H_POLICY,FRESH_PAIRED_CONTROL,0,True,,5c0f63a8b79658dd610ea65f2d53b6db95d6c86574007cee13d24f399cd30bc9,
R8_tworoom_058c2c802136fd3ed8b8fc06,REFIT_103203,R4_ALT_CEM_2,H_REAL3_REPLAN,COMPLETE,0,True,True,10794967d2ad2f218bc44aa0db56fea028a8a6fe1ad7866b6c8254ba2517b0b6,86572f64f9abbbc06b6872a8364eee4bed6c146b90e3b5d895dc634847983469
R8_tworoom_05aaf411522d0664c6091dfe,H0,R3_ORIGINAL,H_POLICY,FRESH_PAIRED_CONTROL,1,False,,6b9d0d04c771038122e83ac5b2903f66a058d356a6b4e639a1263bde1ddd2b98,
R8_tworoom_05aaf411522d0664c6091dfe,H0,R3_ORIGINAL,H_REAL3_REPLAN,COMPLETE,1,False,True,db8c8a4c8500b99300a5d2780c7e11a0dee801161cd34e5c332551757608891a,7a7ec624e41be92cd9927c34b4563e20162321fe262bb3ce3bedb554f6efb6e4
R8_tworoom_05aaf411522d0664c6091dfe,H0,R4_ALT_CEM_1,H_POLICY,FRESH_PAIRED_CONTROL,1,False,,bf359cd7bebb7d63cd3f0444aceb575be6343e9a1eb331edd81e6fbf33c1ab9f,
R8_tworoom_05aaf411522d0664c6091dfe,H0,R4_ALT_CEM_1,H_REAL3_REPLAN,COMPLETE,1,False,True,eac9c6c377b8f8efbabe2ffb0c6e67857bad070417f29a12257edcdb1364a944,053620c20a3d6d5fa9dd0098ca47d5fffbc7b506f7b9a22cc0774ed4ae4bcb87
R8_tworoom_05aaf411522d0664c6091dfe,H0,R4_ALT_CEM_2,H_POLICY,FRESH_PAIRED_CONTROL,1,False,,e733fddde829e586f8785b0baa9f66a28cf56fd098c2ff8505def11db917bc3b,
R8_tworoom_05aaf411522d0664c6091dfe,H0,R4_ALT_CEM_2,H_REAL3_REPLAN,COMPLETE,1,False,True,e7f05d21a44b3398c60510852ea85b336fc83ea8a9062684f6ce2771b2168c06,5b8e13eb639b03b388dcf46eb0db8a870b5305d574a8d010d78aa2804b04323b
R8_tworoom_05aaf411522d0664c6091dfe,REFIT_103201,R3_ORIGINAL,H_POLICY,FRESH_PAIRED_CONTROL,1,False,,69f7a2ea2bdb0e89639f1a21dd3aaa37a8b2d8700137d6b2093a0c50d3414a89,
R8_tworoom_05aaf411522d0664c6091dfe,REFIT_103201,R3_ORIGINAL,H_REAL3_REPLAN,COMPLETE,1,False,True,42d69803050a60d613cce3c4a312e7d441ea164ac80914138c563d7013631a3f,627072a38bd5268a01abba06fb511fb79574ed59989e53520f946b32d255066d
R8_tworoom_05aaf411522d0664c6091dfe,REFIT_103201,R4_ALT_CEM_1,H_POLICY,FRESH_PAIRED_CONTROL,1,False,,08cc751ef7212ebd2d1373a1a45a6d18eff48bb249ae2a61e0176432371d7bc3,
R8_tworoom_05aaf411522d0664c6091dfe,REFIT_103201,R4_ALT_CEM_1,H_REAL3_REPLAN,COMPLETE,1,False,True,55dc5af8db0e7502ac78a5db8d0e73f2334fa34a7fbe58363c605e80cf1045be,edffe4503f6675a4043ef49b1edc3c1a395648792a029df02b3345bd25e828da
R8_tworoom_05aaf411522d0664c6091dfe,REFIT_103201,R4_ALT_CEM_2,H_POLICY,FRESH_PAIRED_CONTROL,1,False,,636dd561799d6f2c91ae26ee71bb53711d77467c0407209f47b86837b225c3be,
R8_tworoom_05aaf411522d0664c6091dfe,REFIT_103201,R4_ALT_CEM_2,H_REAL3_REPLAN,COMPLETE,1,False,True,ca8fb15bd95763f9b333119001ff92b69c6d2caf18839cffd267b3d6375c7fd3,b75db597363c9a6471877fc405e71b71bff2852f6afd995dbe2f0bd59c9dd9dd
R8_tworoom_05aaf411522d0664c6091dfe,REFIT_103202,R3_ORIGINAL,H_POLICY,FRESH_PAIRED_CONTROL,1,False,,325991ad6988777e0f3671d0510dc988f31d4690a8ab04effa17bb9c5d879945,
R8_tworoom_05aaf411522d0664c6091dfe,REFIT_103202,R3_ORIGINAL,H_REAL3_REPLAN,COMPLETE,1,False,True,00b635bf3da0a1f318ce60602f034ecab9dd49b800cb5713079d173f10ad61ed,642a1677bcda1b7a5870cda38c2b5b22fc2ce5909a669b961d698ddb85270330
R8_tworoom_05aaf411522d0664c6091dfe,REFIT_103202,R4_ALT_CEM_1,H_POLICY,FRESH_PAIRED_CONTROL,1,False,,cd691b3efda86ce5fd3705e2c727e665fb9d123771494e5d21816dcb6828ac3b,
R8_tworoom_05aaf411522d0664c6091dfe,REFIT_103202,R4_ALT_CEM_1,H_REAL3_REPLAN,COMPLETE,1,False,True,6a913e2b0b020518e6ad42346a14314d3c94b66ceb33262b9ce26d06440c96af,b7f07d7aadf24702ad8cdc68212a552fad25ff69806ae3cdbc8123f9ac2c9747
R8_tworoom_05aaf411522d0664c6091dfe,REFIT_103202,R4_ALT_CEM_2,H_POLICY,FRESH_PAIRED_CONTROL,1,False,,2056287678f6db4b3cafd77647e47aee09a35eb00a0fa37b9d07d50f2a299bc9,
R8_tworoom_05aaf411522d0664c6091dfe,REFIT_103202,R4_ALT_CEM_2,H_REAL3_REPLAN,COMPLETE,1,False,True,498645a7f2a947175d509e09dbefc02e4ef7d56340efd3e8ff35487c8c07c82d,ad265b598de35440799e19b2801b2177a779d6fe1bc036d6dfa3ea2de031da39
R8_tworoom_05aaf411522d0664c6091dfe,REFIT_103203,R3_ORIGINAL,H_POLICY,FRESH_PAIRED_CONTROL,1,False,,c056dfe4a4c55c5b4f98068ad97b80e8fc1474aee077400191dbad1107b6475c,
R8_tworoom_05aaf411522d0664c6091dfe,REFIT_103203,R3_ORIGINAL,H_REAL3_REPLAN,COMPLETE,1,False,True,c24c43d33dc51843afc69814e972db0e3938c87c6908133cbaf7b62ee90465e5,883f940a504741b40cc56e9635079de899fa02d789a7d7c078df4c64039a2f73
R8_tworoom_05aaf411522d0664c6091dfe,REFIT_103203,R4_ALT_CEM_1,H_POLICY,FRESH_PAIRED_CONTROL,1,False,,5aae21858cc2b120246c69265a3c4d612115a0f52c9294dfe7dd993cf3a37999,
R8_tworoom_05aaf411522d0664c6091dfe,REFIT_103203,R4_ALT_CEM_1,H_REAL3_REPLAN,COMPLETE,1,False,True,723668f39e5f0406ccd29460b32cdadee185185fb06b40ce7fe619ca821bed3c,5358a88d9fde6a0c85a35d83f7f28bfc946e29df9e92865eb6339aaf396225ea
R8_tworoom_05aaf411522d0664c6091dfe,REFIT_103203,R4_ALT_CEM_2,H_POLICY,FRESH_PAIRED_CONTROL,1,False,,9fc9d212f3b4ff82c390f926da73fb96d6876de7d57ae25bfff903899dbb4c6c,
R8_tworoom_05aaf411522d0664c6091dfe,REFIT_103203,R4_ALT_CEM_2,H_REAL3_REPLAN,COMPLETE,1,False,True,ac30c50911eab58de7c3262a6fc81f2f3d19193e9634088b6bb2f08835c870d0,86978a6672a71bff768d358496e229ab22e6c04de21bfdb6a319c38e65170b58
R8_tworoom_05ad61ff4222ae196d426a43,H0,R3_ORIGINAL,H_POLICY,FRESH_PAIRED_CONTROL,1,False,,9e0bbecc189b1a9567efc1c236869ed1a1bcf18d26d4e528846ea45008da17b1,
R8_tworoom_05ad61ff4222ae196d426a43,H0,R3_ORIGINAL,H_REAL3_REPLAN,COMPLETE,1,False,True,834f11668be0e69bb2f264165de73069288d4f412895dfa77d241f8afdaae763,64d11b080e86afea6f229258b6194cf1cb040025acdd23e95af54b0fc9b98727
R8_tworoom_05ad61ff4222ae196d426a43,H0,R4_ALT_CEM_1,H_POLICY,FRESH_PAIRED_CONTROL,1,False,,afb800ae34ce4a7bdf86995e505faa380b1312b130be403edc8566137e32210e,
R8_tworoom_05ad61ff4222ae196d426a43,H0,R4_ALT_CEM_1,H_REAL3_REPLAN,COMPLETE,1,False,True,4cdbb2f3752e290134ea16d692cd3ba8459b76895b71bda7847f76b3a4575de0,87f24d731aa9823cc8e5a31341c11847578eb913a293ede1938a7b4b9d67adc9
R8_tworoom_05ad61ff4222ae196d426a43,H0,R4_ALT_CEM_2,H_POLICY,FRESH_PAIRED_CONTROL,1,False,,311a244924358dbe323a4991230a912bdec971f11d28637f46bee490c3fb9465,
R8_tworoom_05ad61ff4222ae196d426a43,H0,R4_ALT_CEM_2,H_REAL3_REPLAN,COMPLETE,1,False,True,a9c13d760fb339f9d92699b957a352bc4b1f1110b85ca8e0a22d72872be5f7ae,e5896c67977e32f6a93dc328d10d08500531b1607fc1a84694de9e4323c2dba7
R8_tworoom_05ad61ff4222ae196d426a43,REFIT_103201,R3_ORIGINAL,H_POLICY,FRESH_PAIRED_CONTROL,1,False,,ebacddfd7a0c7f17c1568a017b76b8ce0fe830af9e782b1bac816c83b6e1dbf8,
R8_tworoom_05ad61ff4222ae196d426a43,REFIT_103201,R3_ORIGINAL,H_REAL3_REPLAN,COMPLETE,1,False,True,cfa3435825bc40a7a57e70b107ecf442d83a35755fc002a607479863bcfbad1c,1ccb4bebf94e94fea7888bd50c375d6696a81cb8a248d22851ac33531b6382fc
R8_tworoom_05ad61ff4222ae196d426a43,REFIT_103201,R4_ALT_CEM_1,H_POLICY,FRESH_PAIRED_CONTROL,1,False,,114a807df1afc868d7387d954f1963b547393b562ebda079969738573ed1c766,
R8_tworoom_05ad61ff4222ae196d426a43,REFIT_103201,R4_ALT_CEM_1,H_REAL3_REPLAN,COMPLETE,1,False,True,d89d9bb5594c128e10a14d2143b574655f52983af627ac18a8775e4075e133af,0707d2c77314aec316da067e43e890c41265d43cfca43f5af42a386e489c586a
R8_tworoom_05ad61ff4222ae196d426a43,REFIT_103201,R4_ALT_CEM_2,H_POLICY,FRESH_PAIRED_CONTROL,1,False,,258080e1e00985535a71670d646859083a965ed24aa2618f08d0667c9f4945f7,
R8_tworoom_05ad61ff4222ae196d426a43,REFIT_103201,R4_ALT_CEM_2,H_REAL3_REPLAN,COMPLETE,1,False,True,e867dd4f0d02c45e1d33d4354adee1993f81cd4160997074b34c31af8b1df5e8,27f7f40e57e2dc59b16e002bc4f0aa236a54b8b6a6066e0779bbfc9437545f6b
R8_tworoom_05ad61ff4222ae196d426a43,REFIT_103202,R3_ORIGINAL,H_POLICY,FRESH_PAIRED_CONTROL,1,False,,a9492933cfc46d68fcaffdcf3373a3d7d76e89f7aa1944191c0c5c75d0e3808e,
R8_tworoom_05ad61ff4222ae196d426a43,REFIT_103202,R3_ORIGINAL,H_REAL3_REPLAN,COMPLETE,1,False,True,fee96ca6020609c8c3d712749ca7477c2a5ff8249f424c7996626484fbd24f3e,437377ff82f2d6828d13eff265d81122ae27160deaac7d7ae8cb58ca00029081
R8_tworoom_05ad61ff4222ae196d426a43,REFIT_103202,R4_ALT_CEM_1,H_POLICY,FRESH_PAIRED_CONTROL,1,False,,5474964deb3cb7787e27cf1678d742ce2cc33c7243858fbc5b781e7bb6e10c9c,
R8_tworoom_05ad61ff4222ae196d426a43,REFIT_103202,R4_ALT_CEM_1,H_REAL3_REPLAN,COMPLETE,1,False,True,8b390a1e8f8ad09766d28f3410121df823043168110895bb785b9f09859c2ff7,f000bcadfd143e029bcc52972d951c2ae8cfbbe57023eca69217bc12cb947200
R8_tworoom_05ad61ff4222ae196d426a43,REFIT_103202,R4_ALT_CEM_2,H_POLICY,FRESH_PAIRED_CONTROL,1,False,,49c6cc7c76b3a75d8b27d44592d6620d5f73ff275033ba5a3225ed5fca946841,
R8_tworoom_05ad61ff4222ae196d426a43,REFIT_103202,R4_ALT_CEM_2,H_REAL3_REPLAN,COMPLETE,1,False,True,8c9175d3ddd787033c00cd51eabb430b172cd4330ce3e9b898aa4f8420bcfe32,3d5597e6fe0e89711492e81e295f6ab44b2e2992482a002bee881c4f39c0c912
R8_tworoom_05ad61ff4222ae196d426a43,REFIT_103203,R3_ORIGINAL,H_POLICY,FRESH_PAIRED_CONTROL,1,False,,c929e75dbe01ba60593e224c9ebcdd7298a1a21823909d6348dd6a01cdb7002c,
R8_tworoom_05ad61ff4222ae196d426a43,REFIT_103203,R3_ORIGINAL,H_REAL3_REPLAN,COMPLETE,1,False,True,f5283614d3e1dd305f56e002908a1727781eb12763a7aa47e5f4bb00eae80d14,5d090b7e4681fb73250026941b8f6ed0d16262c1dd8a19cd8901a81cce1a86ff
R8_tworoom_05ad61ff4222ae196d426a43,REFIT_103203,R4_ALT_CEM_1,H_POLICY,FRESH_PAIRED_CONTROL,1,False,,7e98a8c4bf17f2c2984efe0524c6f217b00b24971ce0ae90996039c772f1f184,
R8_tworoom_05ad61ff4222ae196d426a43,REFIT_103203,R4_ALT_CEM_1,H_REAL3_REPLAN,COMPLETE,1,False,True,b4d0be0280f9424bb74333475de3442ffec8b0ba6b7cf65b3980035baf51b64b,4f8861dec49a109a0f16b49fd3559afd53a95db57f7711c0b14d10372a75ee83
R8_tworoom_05ad61ff4222ae196d426a43,REFIT_103203,R4_ALT_CEM_2,H_POLICY,FRESH_PAIRED_CONTROL,1,False,,b155546c762dcf9bd0568a9d84abe641a287fe0ed751e5c04f822695da8f9047,
R8_tworoom_05ad61ff4222ae196d426a43,REFIT_103203,R4_ALT_CEM_2,H_REAL3_REPLAN,COMPLETE,1,False,True,fa2e7624d467a8c609396f5fc9f14c3e6701ae782cab3e0123f6661ea0ba9373,4a81db956ad9ff2297179aa6dc444ac6874b0416d75273301f28ef4b168a775e
R8_tworoom_06193442d6813842685fbaf7,H0,R3_ORIGINAL,H_POLICY,FRESH_PAIRED_CONTROL,1,False,,387e44d83155ee814c68f37fcb257b35faccb60bc2e38baf4b5bc2125f1f8111,
R8_tworoom_06193442d6813842685fbaf7,H0,R3_ORIGINAL,H_REAL3_REPLAN,COMPLETE,1,False,True,e71d7b7e3bb9dcf45f10f8607641829bb4e0328d19d3e7d3932ebbbe7f293d3f,6ec88423c75c6fd9e7314ba970c73fa89abf12ff2022a4d028f25df4d3f0db6d
R8_tworoom_06193442d6813842685fbaf7,H0,R4_ALT_CEM_1,H_POLICY,FRESH_PAIRED_CONTROL,1,False,,6189973fb96cc1f260ae3191285486ca0c8b8ab6a9b707cac0003a030047f50d,
R8_tworoom_06193442d6813842685fbaf7,H0,R4_ALT_CEM_1,H_REAL3_REPLAN,COMPLETE,1,False,True,c8f5fb15076aeeb9365111ee2ec9a2a37f0687d547112627631c91073cc1c5f7,edda5b9d6ad55d2cd4605791d7a748793fc383a19a13969d7d1c70a05d96ced0
R8_tworoom_06193442d6813842685fbaf7,H0,R4_ALT_CEM_2,H_POLICY,FRESH_PAIRED_CONTROL,1,False,,79cc9c93b13b254c663e969c415dadfb22287d5da4f6d274b4d7ac8d5c4a26c2,
R8_tworoom_06193442d6813842685fbaf7,H0,R4_ALT_CEM_2,H_REAL3_REPLAN,COMPLETE,1,False,True,4022e23a34fbc8e924d7cd598095c745403bb09a519546801e142749ecc6ffa8,97dd2eef51e5ecfb8b9b53f488e96ef62331ff73982afc79851641178aae9cf4
R8_tworoom_06193442d6813842685fbaf7,REFIT_103201,R3_ORIGINAL,H_POLICY,FRESH_PAIRED_CONTROL,1,False,,a19f712e15ad48081021a6718a821dff289dd912368a073be44fa31bf4836494,
R8_tworoom_06193442d6813842685fbaf7,REFIT_103201,R3_ORIGINAL,H_REAL3_REPLAN,COMPLETE,1,False,True,ccecf1f03952f25f3b1ab52efae2a50aff419f35c0e48bbd60c38c9b4ff200a4,b2fe9c48c1d111d29b3cae59645f83dfd75b2a47e918f66bda5297b78bbc9d57
R8_tworoom_06193442d6813842685fbaf7,REFIT_103201,R4_ALT_CEM_1,H_POLICY,FRESH_PAIRED_CONTROL,1,False,,b0a3764d38110ecf186a960cfa5a05dd302a3b32893bb9e4223a6b7db2f71bd3,
R8_tworoom_06193442d6813842685fbaf7,REFIT_103201,R4_ALT_CEM_1,H_REAL3_REPLAN,COMPLETE,1,False,True,e14451a845785ac8d8165c1fc8745ddab8751738e4479d67e435152c2012b98e,cc2ef91713ae2f25700fc58fdebd87978968ea39c340658d4016ad9fd981a362
R8_tworoom_06193442d6813842685fbaf7,REFIT_103201,R4_ALT_CEM_2,H_POLICY,FRESH_PAIRED_CONTROL,1,False,,8fd74930beba677dfa28bd7e010af3de485d83d6c5390e86e934bd595a4f7462,
R8_tworoom_06193442d6813842685fbaf7,REFIT_103201,R4_ALT_CEM_2,H_REAL3_REPLAN,COMPLETE,1,False,True,1de40cd136dfb69386ef8c47e691a30d801b35a7a1bcc41aa6a6c60404764816,9f968dbec852778efe920d5d1b9b87fa1c6b86198ac8ed4772204770ad19e8f9
R8_tworoom_06193442d6813842685fbaf7,REFIT_103202,R3_ORIGINAL,H_POLICY,FRESH_PAIRED_CONTROL,1,False,,5191e93e262fcd963fd7821a9f619bd01069302a691d962590e4a7b1e3f910c4,
R8_tworoom_06193442d6813842685fbaf7,REFIT_103202,R3_ORIGINAL,H_REAL3_REPLAN,COMPLETE,1,False,True,38388f8c6d5e7841b011e38893c7d215f15355acbfdff389e736ec1e7a6daab0,80e42b22599f8eb6d8cdd2f9fdd40ba7d08b59f54f74bbd0113b40a256ecb15e
R8_tworoom_06193442d6813842685fbaf7,REFIT_103202,R4_ALT_CEM_1,H_POLICY,FRESH_PAIRED_CONTROL,1,False,,f9f7e7c99ae732552d76bf3cd428db7efcc26b12458d873b2b1fda7626fb958c,
R8_tworoom_06193442d6813842685fbaf7,REFIT_103202,R4_ALT_CEM_1,H_REAL3_REPLAN,COMPLETE,1,False,True,fb06aedfe6391e2bec8c9054b1efdbf1cdd196230450e0b3d0cd0711b19641f2,5b89b0354cf1ba557681098525b486b913f48c22b7d8ef10c90829e2508fe424
R8_tworoom_06193442d6813842685fbaf7,REFIT_103202,R4_ALT_CEM_2,H_POLICY,FRESH_PAIRED_CONTROL,1,False,,83b3dc7f164035ff290f7b4044abf7b646341e5d4a586628564c7b5e71b6c32e,
R8_tworoom_06193442d6813842685fbaf7,REFIT_103202,R4_ALT_CEM_2,H_REAL3_REPLAN,COMPLETE,1,False,True,103014375b4340ce17bee3ffc8ff5af3df2285dfd4f64d1ebc782a69e656a17b,e3bc7bfd143ca0e59fc76d01cd833d4dfaebce129c0456457c38146819291c5d
R8_tworoom_06193442d6813842685fbaf7,REFIT_103203,R3_ORIGINAL,H_POLICY,FRESH_PAIRED_CONTROL,1,False,,7e84e9dd9d85ba6bb2d81e4f9104835a58365c2b7a7ce92908f0f47967805e07,
R8_tworoom_06193442d6813842685fbaf7,REFIT_103203,R3_ORIGINAL,H_REAL3_REPLAN,COMPLETE,1,False,True,6920181d9459b38cf9a3ee0d29ffa62fc74520befd0a2c65af097a7c35defd05,fc8b76cd77e92805d5038765974266f54241dd5d93ca9848b1dc777b266e004e
R8_tworoom_06193442d6813842685fbaf7,REFIT_103203,R4_ALT_CEM_1,H_POLICY,FRESH_PAIRED_CONTROL,1,False,,4ce6d33d63e28417c44bdbcf2dce26635307ae8f134db1210abf849e90ac3ce9,
R8_tworoom_06193442d6813842685fbaf7,REFIT_103203,R4_ALT_CEM_1,H_REAL3_REPLAN,COMPLETE,1,False,True,cd4ce054e3b44e17d2a6e76341d9fac0cbaa35f3c7ffa1073eaed686537bc51a,97149febf559fc33cb1b60b22599a762a06fc8154a1e58a3dbb6775ee5424654
R8_tworoom_06193442d6813842685fbaf7,REFIT_103203,R4_ALT_CEM_2,H_POLICY,FRESH_PAIRED_CONTROL,1,False,,beb24c243803cc05d4ba4da889c6aa343bd300c9f362452f2a2f9bda41a8bcd6,
R8_tworoom_06193442d6813842685fbaf7,REFIT_103203,R4_ALT_CEM_2,H_REAL3_REPLAN,COMPLETE,1,False,True,4a378b1305e357fc457bb9138b79bce0a0562eba5ba5f7a9997b64d025a1a6fd,63434532bed26aa63f27fb6f02c699f4aff30a7c5675c5b922c89d14c0918cf8
R8_tworoom_063489a641b297bf5d297abc,H0,R3_ORIGINAL,H_POLICY,FRESH_PAIRED_CONTROL,0,True,,f6384cdc0e51cd0d097733329c823e8da70a63a36e821f09c90ac3a1d27f4c64,
R8_tworoom_063489a641b297bf5d297abc,H0,R3_ORIGINAL,H_REAL3_REPLAN,COMPLETE,0,True,True,670dc0dc23df86436003a075c895ec13c1611222de10d26cebebf97d5a583017,7acd0a8dd7f0c9042fae9bd818f11347d001cf1622b9b1feb3ee4b058fe27167
R8_tworoom_063489a641b297bf5d297abc,H0,R4_ALT_CEM_1,H_POLICY,FRESH_PAIRED_CONTROL,0,True,,e07377dfe86afebeba4329a9e4fe4e369ec0c695ef1ef7cfd9a59a32128d436c,
R8_tworoom_063489a641b297bf5d297abc,H0,R4_ALT_CEM_1,H_REAL3_REPLAN,COMPLETE,0,True,True,4e680b70353b51298dbf53ea58ee3050b027d3d817000a0d2787ebb9b5bb6b8b,6f74695224b4d53f8e48a04ea192fe9c0baffeb3a5fdd0eacdd133f52b179b36
R8_tworoom_063489a641b297bf5d297abc,H0,R4_ALT_CEM_2,H_POLICY,FRESH_PAIRED_CONTROL,0,True,,47cec45e0b6e44de89d9d24eca084c3c96aa583768f46edf6e8c01bf1f3d6c42,
R8_tworoom_063489a641b297bf5d297abc,H0,R4_ALT_CEM_2,H_REAL3_REPLAN,COMPLETE,0,True,True,fc93e33c98e9e83e974e5cb2255dcb93eba7844287325aeca35d97316e1cc838,44087bfff85fa9f2fcfcb8fedf89bfb9d855585eb818765177fc74017fb3c0cb
R8_tworoom_063489a641b297bf5d297abc,REFIT_103201,R3_ORIGINAL,H_POLICY,FRESH_PAIRED_CONTROL,0,True,,0ebfabe5c5891d564f970d477c0d09be10721308c93d666ab8bc524e521de64d,
R8_tworoom_063489a641b297bf5d297abc,REFIT_103201,R3_ORIGINAL,H_REAL3_REPLAN,COMPLETE,0,True,True,373cf4d59535f67a3c031c21bcafb65f0ce1ff5725b3dfff4a6f7bb707b19ab2,7f3d25145b968bc8e3af0ca55f96d49767d2488a840f31b1fb4871eb4181a9bb
R8_tworoom_063489a641b297bf5d297abc,REFIT_103201,R4_ALT_CEM_1,H_POLICY,FRESH_PAIRED_CONTROL,0,True,,7703e1f53947dcf5b936d8a1fe481d328abf30076787d7dd70e49b1f5c9d35fe,
R8_tworoom_063489a641b297bf5d297abc,REFIT_103201,R4_ALT_CEM_1,H_REAL3_REPLAN,COMPLETE,0,True,True,2375b4aaeeee82d3f0b58db50834bd2a79f0d1431533eaf1adceaca107609369,63becd2eb1d85974129e8229d1067ad2bf700c97b8b12b7c300188096cf566b8
R8_tworoom_063489a641b297bf5d297abc,REFIT_103201,R4_ALT_CEM_2,H_POLICY,FRESH_PAIRED_CONTROL,0,True,,f9760aa7e0e0cd949f6d6c56ac9729d4dcafc75d49a54a218a55faac754ec707,
R8_tworoom_063489a641b297bf5d297abc,REFIT_103201,R4_ALT_CEM_2,H_REAL3_REPLAN,COMPLETE,0,True,True,85939daa54f39b4bcf402bde5c9f96b82cd1c2731878a6d5e76bdb359a5912d3,2aa9c745243bdd3b1967e277ba184847400e7b0226cd5e021092d429ad331a01
R8_tworoom_063489a641b297bf5d297abc,REFIT_103202,R3_ORIGINAL,H_POLICY,FRESH_PAIRED_CONTROL,0,True,,688343bc30196762a71d87e2c2210c699a925672a191f057bee8f2a3c192de81,
R8_tworoom_063489a641b297bf5d297abc,REFIT_103202,R3_ORIGINAL,H_REAL3_REPLAN,COMPLETE,0,True,True,3b9026daae075d035f4da3a5be1c031405d07b1710b3e40e8c50784b30011a4a,46579ce3cbf8bce769737e9542d756f3aaa4156459b19651dc19bc4f6be3b8ba
R8_tworoom_063489a641b297bf5d297abc,REFIT_103202,R4_ALT_CEM_1,H_POLICY,FRESH_PAIRED_CONTROL,0,True,,a0d196fab658dafd5d4847a1e1caae135e4a7dc28d70c10dca3922120b2bd190,
R8_tworoom_063489a641b297bf5d297abc,REFIT_103202,R4_ALT_CEM_1,H_REAL3_REPLAN,COMPLETE,0,True,True,6ba8164e1b47ee8950c64b15d7e82a11b8b9a04afe9cbb94aed428ef58d7fdd5,dbc8f846e28337d0fa8b01f9a9521a2dc8bf47900904cd6395b668b982b15bfb
R8_tworoom_063489a641b297bf5d297abc,REFIT_103202,R4_ALT_CEM_2,H_POLICY,FRESH_PAIRED_CONTROL,0,True,,443beab19847d8e528c183cc9357db738ffea36c64ba3f80b9dbfb3027eff5cb,
R8_tworoom_063489a641b297bf5d297abc,REFIT_103202,R4_ALT_CEM_2,H_REAL3_REPLAN,COMPLETE,0,True,True,eb9c3fab795702d3cd0f1d70fe2264976f35b80f797c4cdc205c12ceee490f2b,a04e186be7eeea9c2a616d9e9b91b7132371b02f550a80fc27fec569548ab97e
R8_tworoom_063489a641b297bf5d297abc,REFIT_103203,R3_ORIGINAL,H_POLICY,FRESH_PAIRED_CONTROL,0,True,,654a739807d4ba4d4ab29822135cd16767c16346fc629e82c1d877986857f876,
R8_tworoom_063489a641b297bf5d297abc,REFIT_103203,R3_ORIGINAL,H_REAL3_REPLAN,COMPLETE,0,True,True,05aea0c66f1d59f38966722da652d138d133cdfadc67f7adfe289c809e0a3c3c,436f0f4d3774cc9257ee02fdd64ba7cf65bd6f96a4699e869a3850a6879f14fe
R8_tworoom_063489a641b297bf5d297abc,REFIT_103203,R4_ALT_CEM_1,H_POLICY,FRESH_PAIRED_CONTROL,0,True,,04bece2b07109930d19b1f19644daa5c54d2144224d6b29277fda853533c4a2d,
R8_tworoom_063489a641b297bf5d297abc,REFIT_103203,R4_ALT_CEM_1,H_REAL3_REPLAN,COMPLETE,0,True,True,1480c487321f264600063351c4a5f51b708e19dacbd830b4822300ba38971d60,86551ff7178fc22aefe7cc9be63cec4428bf57ee05d9578154a31cc7cca6099c
R8_tworoom_063489a641b297bf5d297abc,REFIT_103203,R4_ALT_CEM_2,H_POLICY,FRESH_PAIRED_CONTROL,0,True,,df7e46727b6bc829dbd7b5afd2a5956c1a8c2a2d557bfcbfa25807379de9bc99,
R8_tworoom_063489a641b297bf5d297abc,REFIT_103203,R4_ALT_CEM_2,H_REAL3_REPLAN,COMPLETE,0,True,True,699831f3b945b9460163cc6f214fe9451b7bdddc517754969d8c95fa44cfc605,afe20831e070976b318fbfc7622ed352170730660ba46624d7b78091b1e3c75a
R8_tworoom_066f598a0fcd4e4340ccefa8,H0,R3_ORIGINAL,H_POLICY,FRESH_PAIRED_CONTROL,0,True,,981a5f46e3a06b808d7ac5fedbd02d344ea3050aae890aed4fad6c4316e9ee71,
R8_tworoom_066f598a0fcd4e4340ccefa8,H0,R3_ORIGINAL,H_REAL3_REPLAN,COMPLETE,0,True,True,21a484ecd5ad18bd954e61b06c89404877e46c0a3dc5451a93e3755ca339bee1,bb35fe5ffa08c5f8d5709833dbe990f31e19411d134b1b1e5eb50002e03b9159
R8_tworoom_066f598a0fcd4e4340ccefa8,H0,R4_ALT_CEM_1,H_POLICY,FRESH_PAIRED_CONTROL,0,True,,0f3f8ade175f89a30a535285f55918fd40e1a6c37a6bbe61b83dbd5ef7298bc0,
R8_tworoom_066f598a0fcd4e4340ccefa8,H0,R4_ALT_CEM_1,H_REAL3_REPLAN,COMPLETE,0,True,True,71f93a7c54186503630d467f74d482ffcaba8e09b0d55bc52a7669c8ea6383b8,949ce6ab9dd31cba09c98044e6f90b6166ce1ddf574d000b2c916c325ac51436
R8_tworoom_066f598a0fcd4e4340ccefa8,H0,R4_ALT_CEM_2,H_POLICY,FRESH_PAIRED_CONTROL,0,True,,651c7024a325fd491e7d6c161a44177be27cdca344594c9b1ebde291c369b44d,
R8_tworoom_066f598a0fcd4e4340ccefa8,H0,R4_ALT_CEM_2,H_REAL3_REPLAN,COMPLETE,0,True,True,8e836fea3f485838049327c98e9d7964043655d70ab68877b6d96c68ae5ca31c,f99b288873df838354695fafcf91b059cb2d3841fb9ff693c65e38d4fb9f105c
R8_tworoom_066f598a0fcd4e4340ccefa8,REFIT_103201,R3_ORIGINAL,H_POLICY,FRESH_PAIRED_CONTROL,0,True,,b1bac861dfe2777c2d526a7db79cb9703175a41e4725c7de146ac687d0b4e64c,
R8_tworoom_066f598a0fcd4e4340ccefa8,REFIT_103201,R3_ORIGINAL,H_REAL3_REPLAN,COMPLETE,0,True,True,ead896d20e274af7e4f61bd3fc8862b9ee93ddb67d7b52679d8233a8e3d561aa,204eaa740a9b82331cc85048b6414ccd186be419e56ab51f300b0c2446eef3fd
R8_tworoom_066f598a0fcd4e4340ccefa8,REFIT_103201,R4_ALT_CEM_1,H_POLICY,FRESH_PAIRED_CONTROL,0,True,,d320f5f335189add943956a62e751d9221a3f5f329dd53795044a3fe0b887fdd,
R8_tworoom_066f598a0fcd4e4340ccefa8,REFIT_103201,R4_ALT_CEM_1,H_REAL3_REPLAN,COMPLETE,0,True,True,bdf6878091f559cc4d8d38a27edb28f67e8829bc01157ad18b1efbba1cdf459b,0c5eec074ad4a52c60018be8975d8a81fcb02ae268a5c39e0635e933c823ce8a
R8_tworoom_066f598a0fcd4e4340ccefa8,REFIT_103201,R4_ALT_CEM_2,H_POLICY,FRESH_PAIRED_CONTROL,0,True,,06b271b93e560fa7eb414aaf7242a1822ee36d66af1bbb87fff23e3377b7000b,
R8_tworoom_066f598a0fcd4e4340ccefa8,REFIT_103201,R4_ALT_CEM_2,H_REAL3_REPLAN,COMPLETE,0,True,True,8214b8ca6f59e7cdcb4dcca780923f6d6f77646baf09f0087efcaab03ce8b6db,abfa8d0c545436f08ae0e2b01e01bbe1fe0c6e2101ea196a3d47036af9f39198
R8_tworoom_066f598a0fcd4e4340ccefa8,REFIT_103202,R3_ORIGINAL,H_POLICY,FRESH_PAIRED_CONTROL,0,True,,c4f5576a1069d2a264418246414d046c66f5b51f32d48c7e8eb4b9546ff8dbdd,
R8_tworoom_066f598a0fcd4e4340ccefa8,REFIT_103202,R3_ORIGINAL,H_REAL3_REPLAN,COMPLETE,0,True,True,22bc4a1551ab4d7f43d431d88deb38b61113f36fd764eced1a304e952dc1b5c3,3b6cb12e7a5c2b40eabfcc58f46f28ad37003b94df92b9352cd6fbe893ef0c09
R8_tworoom_066f598a0fcd4e4340ccefa8,REFIT_103202,R4_ALT_CEM_1,H_POLICY,FRESH_PAIRED_CONTROL,0,True,,a4ff8bc476d743330fb3e1a7403b39178d94cdbc37a36c384ce3f4662b3d897b,
R8_tworoom_066f598a0fcd4e4340ccefa8,REFIT_103202,R4_ALT_CEM_1,H_REAL3_REPLAN,COMPLETE,0,True,True,ceee4a8fd9310ef7172f11a730caf3d67fd9754b72a1395a2da88533961c11ee,a7c538a4a06b7ee622b1d3e61ef8593507f1cea43c737c5a158a1ae364742c7c
R8_tworoom_066f598a0fcd4e4340ccefa8,REFIT_103202,R4_ALT_CEM_2,H_POLICY,FRESH_PAIRED_CONTROL,0,True,,22dc0e56ae00c8bab14cc5e25eda47b473393f35b7b8d551e09521ec701b858e,
R8_tworoom_066f598a0fcd4e4340ccefa8,REFIT_103202,R4_ALT_CEM_2,H_REAL3_REPLAN,COMPLETE,0,True,True,b96ca6eca36fa583d895c48f54e1b6664ba0865c1f018228c279b8a08a131af5,a0301b14756cd15198665f8c1531b2a57bae0674c279f0d3edcdd5064d298adc
R8_tworoom_066f598a0fcd4e4340ccefa8,REFIT_103203,R3_ORIGINAL,H_POLICY,FRESH_PAIRED_CONTROL,0,True,,098045aa41c925a2e3a86b677a0016623f89ddcbe6a7b38836675b83ec99c75e,
R8_tworoom_066f598a0fcd4e4340ccefa8,REFIT_103203,R3_ORIGINAL,H_REAL3_REPLAN,COMPLETE,0,True,True,0a485d00f8a5487b79f2d62b01728dbdb22a71135ef838dbdd76595aa222a281,468aa89a463550d4141816f582e5832ea0cc1addb3c018c711d47281d4926e3d
R8_tworoom_066f598a0fcd4e4340ccefa8,REFIT_103203,R4_ALT_CEM_1,H_POLICY,FRESH_PAIRED_CONTROL,0,True,,52afb1d282430e49ce209512c58163346e96cff4dcaaeac717ba713964eb3708,
R8_tworoom_066f598a0fcd4e4340ccefa8,REFIT_103203,R4_ALT_CEM_1,H_REAL3_REPLAN,COMPLETE,0,True,True,af29dd9621cab68f37317e6508a5a8e59e48bc3396bab2514964d1da658dc879,8a8c95efe4c0b787e1329bbd00492c9f4e57aa4300eefe522e5ebeb52427b02a
R8_tworoom_066f598a0fcd4e4340ccefa8,REFIT_103203,R4_ALT_CEM_2,H_POLICY,FRESH_PAIRED_CONTROL,0,True,,f92e40943f9b72555090683d1a8edf3ed07d478844491d7eaf8e59107d79d689,
R8_tworoom_066f598a0fcd4e4340ccefa8,REFIT_103203,R4_ALT_CEM_2,H_REAL3_REPLAN,COMPLETE,0,True,True,9c20e9792b6bebaa2a4b886e827ea7574f7165d23cbf225561b85ce85bba868f,0844a081ac64aa057e09054413e630df97c9740c3efaafe618439c8484dd319b
R8_tworoom_06950ce9848b7660fc6fdfcc,H0,R3_ORIGINAL,H_POLICY,FRESH_PAIRED_CONTROL,1,False,,0d2c0f39c1f02f6e77e6bb8a7ef15fd7bbd47365ec514cd77ff810075f56496e,
R8_tworoom_06950ce9848b7660fc6fdfcc,H0,R3_ORIGINAL,H_REAL3_REPLAN,COMPLETE,1,False,True,fd7a93bc5ecc7a54db4f2d30b1541722acafe23216f6e1eaaf62b91d710467b9,c14a52c067b9054366f5bcd51b73e2d2e7e25585acbfd75405ca35534d0ff7f7
R8_tworoom_06950ce9848b7660fc6fdfcc,H0,R4_ALT_CEM_1,H_POLICY,FRESH_PAIRED_CONTROL,0,True,,7d5b8a0627cb6355bcc12d7900a553bbdb92c3bbe0dde29f177f08f4ca793a1f,
R8_tworoom_06950ce9848b7660fc6fdfcc,H0,R4_ALT_CEM_1,H_REAL3_REPLAN,COMPLETE,0,True,True,dbf35ba64bd3e538aff49a8709814acc1fa9618b1906943b7ccac04106480363,7f8009aa78ab0b5dad1cffebb6df71e96fea7d121bff71c43f6bba9d2eaa070f
R8_tworoom_06950ce9848b7660fc6fdfcc,H0,R4_ALT_CEM_2,H_POLICY,FRESH_PAIRED_CONTROL,0,True,,712a7d75f42938baa112feb6721f601413bd808207971120fa40dca8547c619c,
R8_tworoom_06950ce9848b7660fc6fdfcc,H0,R4_ALT_CEM_2,H_REAL3_REPLAN,COMPLETE,0,True,True,3dec6549a2d89265746d12d602517ab5342fac3656276b4c80129f875b9ece02,2db0cac3dfd4d6285036288412d0c8190709d16273b4d3af038a97b091f2e53a
R8_tworoom_06950ce9848b7660fc6fdfcc,REFIT_103201,R3_ORIGINAL,H_POLICY,FRESH_PAIRED_CONTROL,1,False,,dbbf08fb716266e016381207bf46ef67ce61dd4aa64e4146747a289e6b3852b3,
R8_tworoom_06950ce9848b7660fc6fdfcc,REFIT_103201,R3_ORIGINAL,H_REAL3_REPLAN,COMPLETE,1,False,True,2b4933d0bd3aea2d3f51b724a06e1b25ee7c61f8e4b2dbb75db5f7996c304e3e,c4b2aac985b5f58001f1aa5279ae12cf493522c99dfe0cfdb8dd7550f428ca90
R8_tworoom_06950ce9848b7660fc6fdfcc,REFIT_103201,R4_ALT_CEM_1,H_POLICY,FRESH_PAIRED_CONTROL,1,False,,d2b0735e5694b71dcc7e641de0f6a4be6c9a25c39fc8ce5178591e26ecb8da8a,
R8_tworoom_06950ce9848b7660fc6fdfcc,REFIT_103201,R4_ALT_CEM_1,H_REAL3_REPLAN,COMPLETE,1,False,True,39a7990f6665f5c133357d0a70ac5386ef617a9bb5da75362701d03a76293b10,11582b6a1d3c48fe44dad804b6ad9a1af325e11865681cbb50662402d598759f
R8_tworoom_06950ce9848b7660fc6fdfcc,REFIT_103201,R4_ALT_CEM_2,H_POLICY,FRESH_PAIRED_CONTROL,1,False,,0f621336594cbf11d11d6585cb751e7f7d542e3456e4ba4f19bbe8bc016629c3,
R8_tworoom_06950ce9848b7660fc6fdfcc,REFIT_103201,R4_ALT_CEM_2,H_REAL3_REPLAN,COMPLETE,1,False,True,6f0054585e83c1f272e2418b8038bced92c3cd30b3d785ac5678d0bafa35cd75,0e094c691035c934147a508e13f325c8bd02957ebd69847df81d369b71ca1822
R8_tworoom_06950ce9848b7660fc6fdfcc,REFIT_103202,R3_ORIGINAL,H_POLICY,FRESH_PAIRED_CONTROL,1,False,,ce2dcc90d659caef32d34d17528a3b8281040d0613ea69169648ce7fe8a3948f,
R8_tworoom_06950ce9848b7660fc6fdfcc,REFIT_103202,R3_ORIGINAL,H_REAL3_REPLAN,COMPLETE,1,False,True,0533b94d7841a556ed6e918c972311c9c95b80cead94f19690cb37de742bdf43,349fe1179eb096f9cba64559661a1780f55f87e18cae8d64249fb8b59f0bf5eb
R8_tworoom_06950ce9848b7660fc6fdfcc,REFIT_103202,R4_ALT_CEM_1,H_POLICY,FRESH_PAIRED_CONTROL,1,False,,a422eb5a405c0443bcf40673bba8b12d1d54b329561d3e9e31287d2e9b54d0c8,
R8_tworoom_06950ce9848b7660fc6fdfcc,REFIT_103202,R4_ALT_CEM_1,H_REAL3_REPLAN,COMPLETE,1,False,True,b23c342ea8c14fe3aea4ac879d3b39cb45cf34ba88741785c662e9a05657ac6c,a109d40f6488358e532d363c642406d5cef5c77b1e732a6f21ab4599f884e647
R8_tworoom_06950ce9848b7660fc6fdfcc,REFIT_103202,R4_ALT_CEM_2,H_POLICY,FRESH_PAIRED_CONTROL,1,False,,95aaf5dd3bcf30c4ae397cd7df9fb3da64d5d493e9d9d7faf9dd2646963b5bc4,
R8_tworoom_06950ce9848b7660fc6fdfcc,REFIT_103202,R4_ALT_CEM_2,H_REAL3_REPLAN,COMPLETE,1,False,True,d2af5d61302d26f35bcc34fd1f81d82499fc0241e79f66b6202732e7e69b0aca,be7ba41b31c8508f3e19613f77342febd20f577a4b2126be79b0c73d15d18745
R8_tworoom_06950ce9848b7660fc6fdfcc,REFIT_103203,R3_ORIGINAL,H_POLICY,FRESH_PAIRED_CONTROL,1,False,,66e0d922c01a1ccad9cde17b462247827ae7e9e5fd96879a5ffb68ddaa6e515d,
R8_tworoom_06950ce9848b7660fc6fdfcc,REFIT_103203,R3_ORIGINAL,H_REAL3_REPLAN,COMPLETE,1,False,True,46d3b03e93dc3a2f6fb225cd5299919671c2244d433f959843ab71df91a38404,af5bb028261a347033920dbae286b905e6990004099916ad7b44f125460e3278
R8_tworoom_06950ce9848b7660fc6fdfcc,REFIT_103203,R4_ALT_CEM_1,H_POLICY,FRESH_PAIRED_CONTROL,1,False,,e76bfbad1398ee56b1b820131f784b181ef3cd029b47ffc42acc8f87d4311d62,
R8_tworoom_06950ce9848b7660fc6fdfcc,REFIT_103203,R4_ALT_CEM_1,H_REAL3_REPLAN,COMPLETE,1,False,True,dd0a0f744f8963d5c216d4a9eb4953100f875ec88df92e4eb27778dee2266ea9,e17d3143d516d659ecd49f67fa6d0a420a10830a48d7b8070945d728625947e8
R8_tworoom_06950ce9848b7660fc6fdfcc,REFIT_103203,R4_ALT_CEM_2,H_POLICY,FRESH_PAIRED_CONTROL,1,False,,ba9c2207ddbacc2a198e2ac3a8799fd73da9b60a83467ddf7cba1a13fe0de7aa,
R8_tworoom_06950ce9848b7660fc6fdfcc,REFIT_103203,R4_ALT_CEM_2,H_REAL3_REPLAN,COMPLETE,1,False,True,f35ae6368458913b86c58b9eac595d611098f4e4d4879b5114dd4e513428d285,a4017049925b4c2e1d3837d228fd0da605b187d72078c48ff03b50fb9064697e
R8_tworoom_069900f89528319b9ee417da,H0,R3_ORIGINAL,H_POLICY,FRESH_PAIRED_CONTROL,1,True,,b618e720553036cc7fd07116605826f045d6f2a26a54a095a946c1d1b73e509d,
R8_tworoom_069900f89528319b9ee417da,H0,R3_ORIGINAL,H_REAL3_REPLAN,COMPLETE,1,True,True,7ea65f67ce1a564aaf610558afc44bdf74ddb8335ee06809a41d41a6a74231ff,5acb016c27196e094d0ff716a2b77be51a1c316958f5283f83d3bcfb6cea9c7b
R8_tworoom_069900f89528319b9ee417da,H0,R4_ALT_CEM_1,H_POLICY,FRESH_PAIRED_CONTROL,1,False,,e631f4626dd7b94974b921bef29a8a1c44dcd451f51ebd8f53f878ec82f17cd3,
R8_tworoom_069900f89528319b9ee417da,H0,R4_ALT_CEM_1,H_REAL3_REPLAN,COMPLETE,1,False,True,14eee4d7656922f37890a3c8a9c5fb2866d8b8e04866964078ab2a6ffc5791d6,dc404863eac01296b313f6935fc30dae980ae197645b2e63fc3b399df5e7ae4c
R8_tworoom_069900f89528319b9ee417da,H0,R4_ALT_CEM_2,H_POLICY,FRESH_PAIRED_CONTROL,1,False,,36aa1a4ff1dae7bd3ee8424f230960b68846c70374b161ff942289d4a7d16d52,
R8_tworoom_069900f89528319b9ee417da,H0,R4_ALT_CEM_2,H_REAL3_REPLAN,COMPLETE,1,False,True,5bc4f15b2a7ce690739399d1e1e229beaa220c038b80a34b07ced55f7887df45,284da8e809f8f4d524eef18b852a704214bf77fdda1ee79f08188a64fcc265f2
R8_tworoom_069900f89528319b9ee417da,REFIT_103201,R3_ORIGINAL,H_POLICY,FRESH_PAIRED_CONTROL,1,False,,0e4ea929928989828e91d9e75a2ab7cdeb59b0783bc789009165a52fc1a5b221,
R8_tworoom_069900f89528319b9ee417da,REFIT_103201,R3_ORIGINAL,H_REAL3_REPLAN,COMPLETE,1,False,True,133907f0502b123510a25d7a9b38a7598dadde32cd174f578123ee5ed2fa8805,09ed008dbec1dceed743e2538de4f8c815fd4dc9c6e0fc95f738f6a0a63eeedd
R8_tworoom_069900f89528319b9ee417da,REFIT_103201,R4_ALT_CEM_1,H_POLICY,FRESH_PAIRED_CONTROL,1,False,,bd5cfe56c92724e2c07c81578674a748b4ea4821367406e51451c5c3d3a34465,
R8_tworoom_069900f89528319b9ee417da,REFIT_103201,R4_ALT_CEM_1,H_REAL3_REPLAN,COMPLETE,1,False,True,98f381277aa27727d97b26a669e0183e90ea167482c6be37e2dd5c3859f5367f,2f9190ef6282418887a33fb37310ff0163c4d76d943812cd9c75638c281ad1d7
R8_tworoom_069900f89528319b9ee417da,REFIT_103201,R4_ALT_CEM_2,H_POLICY,FRESH_PAIRED_CONTROL,1,False,,13baa791721c5ac14f1827082a54b64184336f7d0f09c343aa9a0ec5eeff4569,
R8_tworoom_069900f89528319b9ee417da,REFIT_103201,R4_ALT_CEM_2,H_REAL3_REPLAN,COMPLETE,1,False,True,0da1e5801bd5e48acf1b27f235b4f849b26b1c38e68f266f20742a5e24b9f72e,d54c9d0281084c0cc8d8f80fd1ee0bf537c39023b9e56f8ffb950aa406eac492
R8_tworoom_069900f89528319b9ee417da,REFIT_103202,R3_ORIGINAL,H_POLICY,FRESH_PAIRED_CONTROL,1,False,,becd433be823a532a00cc3aa24bb20f163f04c0ce4dfa03f0e3096cdec6dd96d,
R8_tworoom_069900f89528319b9ee417da,REFIT_103202,R3_ORIGINAL,H_REAL3_REPLAN,COMPLETE,1,False,True,75845b850e7895dba8cdeef2caeca29516e79a6dec735f9a8111f349ca12bc20,6b8331addc4ba2d94d6e9224b957b499ee57e387ac05c753754f7c8e5779d340
R8_tworoom_069900f89528319b9ee417da,REFIT_103202,R4_ALT_CEM_1,H_POLICY,FRESH_PAIRED_CONTROL,1,False,,6459e5afc803457a8c02a5d1ee282b3ce955f7c3741587f6abfe2065a0ce2dfb,
R8_tworoom_069900f89528319b9ee417da,REFIT_103202,R4_ALT_CEM_1,H_REAL3_REPLAN,COMPLETE,1,False,True,e715dc89ba3811433cd417da5057191fe560376a9bb2fc40416ad38f165505f8,b6cc87d9f9d20024ee397a879bfef090d4af424ca871d9cbed3457849f668fd4
R8_tworoom_069900f89528319b9ee417da,REFIT_103202,R4_ALT_CEM_2,H_POLICY,FRESH_PAIRED_CONTROL,1,False,,a1830c7882f941f2c6c8e9a647f0fd8cd330c01ad095b504be3f8903b99bfa29,
R8_tworoom_069900f89528319b9ee417da,REFIT_103202,R4_ALT_CEM_2,H_REAL3_REPLAN,COMPLETE,1,False,True,cfb1644982c7e7ebe59c63a927cb19540363e99c82ef31a969d3431806c88f87,6e54f0031cc75af97869cf325c89af832ca73baefe4834c9d14565721abf50eb
R8_tworoom_069900f89528319b9ee417da,REFIT_103203,R3_ORIGINAL,H_POLICY,FRESH_PAIRED_CONTROL,1,False,,094285fc412266ad1891400179dd116cc47639c8652b88eee5c8910ad34142a1,
R8_tworoom_069900f89528319b9ee417da,REFIT_103203,R3_ORIGINAL,H_REAL3_REPLAN,COMPLETE,1,False,True,86901d4d550815358b3f917bd82dac8879bf01a9637c5ef014b415ad41a49f1e,b14225152b0b4fe253606e5aeba8d7824317cf4ae88dd9c45f894926110acb60
R8_tworoom_069900f89528319b9ee417da,REFIT_103203,R4_ALT_CEM_1,H_POLICY,FRESH_PAIRED_CONTROL,1,False,,0b8eb1db38cb4a9f3de59607707c3dfc442a23ad98b3800f3a53dbbbaeb7675a,
R8_tworoom_069900f89528319b9ee417da,REFIT_103203,R4_ALT_CEM_1,H_REAL3_REPLAN,COMPLETE,1,False,True,ce2165b0f93a0b551979881c17d2e449d31f708de2babbc741f4cfba2e460ab7,2d0818dc9ca10599fb6f980d774af2db26641e340610e04d4a6778f25ed69ff0
R8_tworoom_069900f89528319b9ee417da,REFIT_103203,R4_ALT_CEM_2,H_POLICY,FRESH_PAIRED_CONTROL,1,True,,dade73192a93249df30a6a8bb3ccf2ed1d0fcb11f61cb98afd100b7f5cd983ae,
R8_tworoom_069900f89528319b9ee417da,REFIT_103203,R4_ALT_CEM_2,H_REAL3_REPLAN,COMPLETE,1,True,True,e7bd6db2b700107673c81f770e39ff164ea347d1fa136ad32a7e27d79543b1a6,e53c4c9d043a835782738269da6896cb75c104cabb1112c5a17ae0c01061c746
R8_tworoom_06b9d326abdb3751f8c711f5,H0,R3_ORIGINAL,H_POLICY,FRESH_PAIRED_CONTROL,1,True,,26279f26d5f054d6755fd21e0916dd5ad828f22f034725b16c462f4b3c8f3b58,
R8_tworoom_06b9d326abdb3751f8c711f5,H0,R3_ORIGINAL,H_REAL3_REPLAN,COMPLETE,1,True,True,3ab205057d74fc352620f30a18ef588aeda128960d2c1885ca2ddfd017a623f8,87a44e1f6fac405574e33759aace96c7fd10e6721bae8e9282a2d3057d4c29aa
R8_tworoom_06b9d326abdb3751f8c711f5,H0,R4_ALT_CEM_1,H_POLICY,FRESH_PAIRED_CONTROL,1,False,,623790f08521d57f957814c70ff008a29594d85b8188ae974e70101a05db8253,
R8_tworoom_06b9d326abdb3751f8c711f5,H0,R4_ALT_CEM_1,H_REAL3_REPLAN,COMPLETE,1,False,True,982386a701e0645727d141a3a4bc816d03d543067da0c2277d4ce1bc0fba36be,1ae450842246b64bafccf0a15d84295cba1ebc3a22f0088f9f4fc024b804abfc
R8_tworoom_06b9d326abdb3751f8c711f5,H0,R4_ALT_CEM_2,H_POLICY,FRESH_PAIRED_CONTROL,1,False,,37c25311ccbf9877ab4f2ee5c6d1a1c7941dc13cdc3e820d7f84c4ffd302b6bc,
R8_tworoom_06b9d326abdb3751f8c711f5,H0,R4_ALT_CEM_2,H_REAL3_REPLAN,COMPLETE,1,False,True,b2863a06de4a847b685e370f8914b9087511178b4e09076b7f243dfdf065c3c9,b524cce58d242488f4a6668458214ea5fe2a5ca1ac9d9212c6f7cf82a415308d
R8_tworoom_06b9d326abdb3751f8c711f5,REFIT_103201,R3_ORIGINAL,H_POLICY,FRESH_PAIRED_CONTROL,1,False,,e8eae942ae179b6e1be652d827c4f5ea570d09d0cffa1a799cd65fbafde61336,
R8_tworoom_06b9d326abdb3751f8c711f5,REFIT_103201,R3_ORIGINAL,H_REAL3_REPLAN,COMPLETE,1,False,True,56bcfe29389189b1b00d3d0c7bd2edd9e976ec8559f4b97d0b1719beb7759c9e,08b0dfd21cc5dee2859fe8f84605bf23657189f4ea3d28158b0320a341ffc0e7
R8_tworoom_06b9d326abdb3751f8c711f5,REFIT_103201,R4_ALT_CEM_1,H_POLICY,FRESH_PAIRED_CONTROL,1,False,,c3d6e51b3019306fc622119ef92e7fcd9d4e6bbf067337f2f29b57cff8ff2706,
R8_tworoom_06b9d326abdb3751f8c711f5,REFIT_103201,R4_ALT_CEM_1,H_REAL3_REPLAN,COMPLETE,1,False,True,f1f5077a76b57a0858cec4195f16737cf11748cdd98a427de196378329fb2de1,e3ef74a97a54362cdaa5dc4354447de98293a799abe48e89799b8ddc1bba78d7
R8_tworoom_06b9d326abdb3751f8c711f5,REFIT_103201,R4_ALT_CEM_2,H_POLICY,FRESH_PAIRED_CONTROL,1,False,,3f714840f92bbf591398e9c3c20e9aa99d71d97164802311135a9e055975f404,
R8_tworoom_06b9d326abdb3751f8c711f5,REFIT_103201,R4_ALT_CEM_2,H_REAL3_REPLAN,COMPLETE,1,False,True,f764e281d0881963444899a104e9cddaf130aac3589fe135ef5a578c813992a9,fa834020671cf96ab26c6c0537f60b7ad0d88e3dc83fcfaec908d67faf3f6bc1
R8_tworoom_06b9d326abdb3751f8c711f5,REFIT_103202,R3_ORIGINAL,H_POLICY,FRESH_PAIRED_CONTROL,1,False,,82dd880d53956d09de597041ccd9f8e41bf6c69329d42607e8461ffbbf4bcad4,
R8_tworoom_06b9d326abdb3751f8c711f5,REFIT_103202,R3_ORIGINAL,H_REAL3_REPLAN,COMPLETE,1,False,True,c2f6f6583688bab0ede847fc823973a8983fdaf574106e7aef11a57cd52c9418,94373daa46980b96d6b021c15407d3fadc6d3b93894ad487ee46bca5c7426dbe
R8_tworoom_06b9d326abdb3751f8c711f5,REFIT_103202,R4_ALT_CEM_1,H_POLICY,FRESH_PAIRED_CONTROL,1,False,,7cbce523600005a3e1e34d0d21249870eeb0a71edbfce6f41fd7272345e1ab9a,
R8_tworoom_06b9d326abdb3751f8c711f5,REFIT_103202,R4_ALT_CEM_1,H_REAL3_REPLAN,COMPLETE,1,False,True,4851c7b953031960995e5278b3bc64af5e84c1dbba83224ffcdf0030fde7f3ed,08897e1d8ef7d66ba67b10c1560e7d9a7de53ed93885cf4648a5f60fba375e97
R8_tworoom_06b9d326abdb3751f8c711f5,REFIT_103202,R4_ALT_CEM_2,H_POLICY,FRESH_PAIRED_CONTROL,1,False,,6bf91280938fc82df2c06db2e4342ffb5d9dbf4291d2021bb8269f1e3a9c2c71,
R8_tworoom_06b9d326abdb3751f8c711f5,REFIT_103202,R4_ALT_CEM_2,H_REAL3_REPLAN,COMPLETE,1,False,True,596cf6c0b7da06b5f233fa3d8fd64a229417c7fef47b38f6340b0d1e53c687d9,1cfc41fc6579b97c0ba47cc71bec62b09436af60a11473de92ec2617dfa691f0
R8_tworoom_06b9d326abdb3751f8c711f5,REFIT_103203,R3_ORIGINAL,H_POLICY,FRESH_PAIRED_CONTROL,1,False,,e482a577ae0f48450c305730e8fdfdeb378e7083f26c945b0d739c59f104d6f7,
R8_tworoom_06b9d326abdb3751f8c711f5,REFIT_103203,R3_ORIGINAL,H_REAL3_REPLAN,COMPLETE,1,False,True,c6415f80ea578afc8084e880b7e0b5fa94768c49f482a599df3a64d01501b7a1,8a545783227b3a6f8a9fb1f05d355afa9db1e138f9c34d6771b305c0f9cf80af
R8_tworoom_06b9d326abdb3751f8c711f5,REFIT_103203,R4_ALT_CEM_1,H_POLICY,FRESH_PAIRED_CONTROL,1,True,,b7fe575b0df27e16cac7f21beafea5cf5c3468cf50cfd67b6149ab89ee68d349,
R8_tworoom_06b9d326abdb3751f8c711f5,REFIT_103203,R4_ALT_CEM_1,H_REAL3_REPLAN,COMPLETE,1,True,True,e3c630b045f6885dbda16ec1ef2e12184e49a26ca54de9af9a73b481b50f80b6,fb16af7ef5a29a4a028f6ca5449e4f778e16cb4c6957c6b1cf11a623111cd2c4
R8_tworoom_06b9d326abdb3751f8c711f5,REFIT_103203,R4_ALT_CEM_2,H_POLICY,FRESH_PAIRED_CONTROL,1,False,,15aa5698bf79b4bf696b1bf68f53302dfa843b6827abdd6cfee22d586592ce3a,
R8_tworoom_06b9d326abdb3751f8c711f5,REFIT_103203,R4_ALT_CEM_2,H_REAL3_REPLAN,COMPLETE,1,False,True,fc46003632c4c655cf2a10b5719fd843d4473f2cb7a603ed57e4f8b5b2e8b042,5a727db4745198b10693d2f5f3c4c7de701198a25bda5b497f3b5220f77f7369
R8_tworoom_06bdf282db1599bb2cd1eeb0,H0,R3_ORIGINAL,H_POLICY,FRESH_PAIRED_CONTROL,1,False,,203f0fd629cb5c8b809b3444aa35889e33b604aaecd4dc1b420d5c645c80db00,
R8_tworoom_06bdf282db1599bb2cd1eeb0,H0,R3_ORIGINAL,H_REAL3_REPLAN,COMPLETE,1,False,True,a340fcb0c546d77ce05f3a4f9b08a6274906c5eb56a47a6a8ab13c74b9714f54,90d2f547c9f92cddec3c819f51585d6ec85756d7bfec970d36f346d527154395
R8_tworoom_06bdf282db1599bb2cd1eeb0,H0,R4_ALT_CEM_1,H_POLICY,FRESH_PAIRED_CONTROL,1,False,,b48e5a4b744841b00b26c975d87e8d0d5a58c39ada6139196f99261acd38748c,
R8_tworoom_06bdf282db1599bb2cd1eeb0,H0,R4_ALT_CEM_1,H_REAL3_REPLAN,COMPLETE,1,False,True,4c5841fe3a37cea2494d806d628b5ef5a635b422e57149836f0c59441c3beefb,2741eba65728d9398f24ae19b394e67a11078f4d0c8c9b905fc195f59ff53de8
R8_tworoom_06bdf282db1599bb2cd1eeb0,H0,R4_ALT_CEM_2,H_POLICY,FRESH_PAIRED_CONTROL,1,False,,6f8f612980e227ad7923fb6c688aa3bd097b15eec418857a12cbc49ff8000ae8,
R8_tworoom_06bdf282db1599bb2cd1eeb0,H0,R4_ALT_CEM_2,H_REAL3_REPLAN,COMPLETE,1,False,True,27e8afcf83ad6eeba199b0976d98d981be058adde14da44b8b97c75fc914e663,29cf21f7e575905f849f42ba682cf0bcf8fc68152547a653d9f8a1ff1366344f
R8_tworoom_06bdf282db1599bb2cd1eeb0,REFIT_103201,R3_ORIGINAL,H_POLICY,FRESH_PAIRED_CONTROL,1,False,,b1bf138437a1d3ad3e6248b583bbde500eeca6e961bd5d647267e780382a66d9,
R8_tworoom_06bdf282db1599bb2cd1eeb0,REFIT_103201,R3_ORIGINAL,H_REAL3_REPLAN,COMPLETE,1,False,True,fd6011812f644edc9d1cba12139134d1b574de64154d114ad4b076e02c5b4dff,0d6ae7a5039378c9ce7c45a260799cbc01b5b0fb194f5da78e7f9ec0b53af9a0
R8_tworoom_06bdf282db1599bb2cd1eeb0,REFIT_103201,R4_ALT_CEM_1,H_POLICY,FRESH_PAIRED_CONTROL,1,False,,f6bb96df3dcf3327d08a037912b28e9a3a97ab3bc77a39d75ce1637e2a895f96,
R8_tworoom_06bdf282db1599bb2cd1eeb0,REFIT_103201,R4_ALT_CEM_1,H_REAL3_REPLAN,COMPLETE,1,False,True,a55593747aac9c4b87dc6e20112a6873f261cd1063cd8eddc024eee6c1535dcb,cd263a64cea1e2f40575ea30d90513544ef4d1ef2b83f8b2254761e29a09c2fc
R8_tworoom_06bdf282db1599bb2cd1eeb0,REFIT_103201,R4_ALT_CEM_2,H_POLICY,FRESH_PAIRED_CONTROL,1,False,,d481a29878902f3cc9673270fa9b786f6d0f9090a04abcb8db6761f9a71c4c60,
R8_tworoom_06bdf282db1599bb2cd1eeb0,REFIT_103201,R4_ALT_CEM_2,H_REAL3_REPLAN,COMPLETE,1,False,True,9cfdbbbb0f5da8d1e6a514fc7835d9e67ca4fcceaba05a71b39f994d2ee63ea0,c7d6a3642f535e4370aac01d818fb57137cb7b89fe59825a975973a1afa5c135
R8_tworoom_06bdf282db1599bb2cd1eeb0,REFIT_103202,R3_ORIGINAL,H_POLICY,FRESH_PAIRED_CONTROL,1,False,,e2fea5be3df99c5f72588d95e321fa268554ea6e5ee15f7f42f6192b6ac8ea4f,
R8_tworoom_06bdf282db1599bb2cd1eeb0,REFIT_103202,R3_ORIGINAL,H_REAL3_REPLAN,COMPLETE,1,False,True,f77c8e81e4b9753db115257c2067b17013e95104bb321580397443bfb78062f2,60bcc70cffbb65182241174252f90e636a8d92f795c955cd069c75411e7cda1b
R8_tworoom_06bdf282db1599bb2cd1eeb0,REFIT_103202,R4_ALT_CEM_1,H_POLICY,FRESH_PAIRED_CONTROL,1,False,,1d7d77488d57222b7bce4667b714b40926fb0d72cc544321f35b075ec9fe9a29,
R8_tworoom_06bdf282db1599bb2cd1eeb0,REFIT_103202,R4_ALT_CEM_1,H_REAL3_REPLAN,COMPLETE,1,False,True,bc9cb306f61740d1a6829fce9bc9caeab2e8ead55627a971d8e8789d60f4bcf3,2db2ac0135e01074f9072450e8409f1566382a5ad13ad4694670f509b899b6b7
R8_tworoom_06bdf282db1599bb2cd1eeb0,REFIT_103202,R4_ALT_CEM_2,H_POLICY,FRESH_PAIRED_CONTROL,1,False,,39d9bc67e0d7c734a410d6af9d4307ce0ed98f058bbc99546fb6bbe80782ef6c,
R8_tworoom_06bdf282db1599bb2cd1eeb0,REFIT_103202,R4_ALT_CEM_2,H_REAL3_REPLAN,COMPLETE,1,False,True,fe45187124f7f6a9fb8d6c4b9e0ee148bf2ffadc3040d6ba382dae4b19b4dc38,88cefc49c13f3e49335a62443f95dce045a35b0809432ce09090ac26c9ced36c
R8_tworoom_06bdf282db1599bb2cd1eeb0,REFIT_103203,R3_ORIGINAL,H_POLICY,FRESH_PAIRED_CONTROL,1,False,,a254691381375f9f103c2cbed9b173b2e3f15a6c9a262cc7f19d5db720269775,
R8_tworoom_06bdf282db1599bb2cd1eeb0,REFIT_103203,R3_ORIGINAL,H_REAL3_REPLAN,COMPLETE,1,False,True,2518ee433fb7ab4a4b5aeb6a9ccb754742b6496a1a7e8db2cad12b63b2638169,c938bbc89fe7680e9c7f815787378e762e0a5feb1b15dd39185034863a1e057c
R8_tworoom_06bdf282db1599bb2cd1eeb0,REFIT_103203,R4_ALT_CEM_1,H_POLICY,FRESH_PAIRED_CONTROL,1,False,,358ab6d7e8af34c7292eb1aa0aee7d9107c39049ec927c39485989c64cbc1f50,
R8_tworoom_06bdf282db1599bb2cd1eeb0,REFIT_103203,R4_ALT_CEM_1,H_REAL3_REPLAN,COMPLETE,1,False,True,7f82b40bdf7e017dae7b5ba2b71d7ec1b1da55333d5bb8b17c980982ee4d599a,74a80d9f075e7b1e562edc543c1391c13d67ef822d84c2ece91d669d27bf930e
R8_tworoom_06bdf282db1599bb2cd1eeb0,REFIT_103203,R4_ALT_CEM_2,H_POLICY,FRESH_PAIRED_CONTROL,1,False,,5ee4e2beb0724290b6688e989a151ebc179b2f015abc058faa5bfbcbf3353588,
R8_tworoom_06bdf282db1599bb2cd1eeb0,REFIT_103203,R4_ALT_CEM_2,H_REAL3_REPLAN,COMPLETE,1,False,True,86a8bf4ac37a7ce6619f65a138c310fd1d4f28a46270319cb713c5437ff5067e,940235376f7148c28264a2962df06b07086025e60173875d97906df90085cd3b
R8_tworoom_06e9f3b311a1a95f40a9ceee,H0,R3_ORIGINAL,H_POLICY,FRESH_PAIRED_CONTROL,1,False,,ac655f5b6cb849d17884eb64e2d77b54ef1ab93bcb9f265cc3e6a3be2f546c0b,
R8_tworoom_06e9f3b311a1a95f40a9ceee,H0,R3_ORIGINAL,H_REAL3_REPLAN,COMPLETE,1,False,True,0850346b5a43b3df1b1a2e4fee72fc5d61c4820abe8ff8b745d0646053481ac8,7b88d76ebe4c057a85a69e134d0bcc1ec836ebdbfe1ec7d783cf369056df0469
R8_tworoom_06e9f3b311a1a95f40a9ceee,H0,R4_ALT_CEM_1,H_POLICY,FRESH_PAIRED_CONTROL,1,False,,2307e42267904c61eb92794fc4ec60ac49d6cebf18e13c156698841a311a4ccf,
R8_tworoom_06e9f3b311a1a95f40a9ceee,H0,R4_ALT_CEM_1,H_REAL3_REPLAN,COMPLETE,1,False,True,3e63d58fab1a97cf0e4bbfa78432ad1f5baa8785080a2e0ba755fa4d7e549b6d,233b01e311fb27cef95b019bb9997edbfbcc3285fe9b387f74eef044472b0b91
R8_tworoom_06e9f3b311a1a95f40a9ceee,H0,R4_ALT_CEM_2,H_POLICY,FRESH_PAIRED_CONTROL,1,False,,99d576066d45f6b3f58baa4236c2f578e9fcf6eb2df71b2aca4f9938a4a867b8,
R8_tworoom_06e9f3b311a1a95f40a9ceee,H0,R4_ALT_CEM_2,H_REAL3_REPLAN,COMPLETE,1,False,True,2e443aaf0c7f597ab5e94cc39606d74a5ce0c560bfa28410d7e40833580bc9c6,4e7fa3b972c42d79110d5cc7ed14924808e98678e77ff24f12c61e147e152082
R8_tworoom_06e9f3b311a1a95f40a9ceee,REFIT_103201,R3_ORIGINAL,H_POLICY,FRESH_PAIRED_CONTROL,1,False,,869f800e7f5a9144e3070aa2847df56fc66953c84157223cf0eac4af9930cd9f,
R8_tworoom_06e9f3b311a1a95f40a9ceee,REFIT_103201,R3_ORIGINAL,H_REAL3_REPLAN,COMPLETE,1,False,True,3317c84596a55d085d9b815ae5b17a1c3fe6e4970f02c103a13b264b561731fe,330577aed1fe9536342cf77579fff1cdb663439d8acc3c90b884c9c93aa962c6
R8_tworoom_06e9f3b311a1a95f40a9ceee,REFIT_103201,R4_ALT_CEM_1,H_POLICY,FRESH_PAIRED_CONTROL,1,False,,240faac2aabb66d1c3949191418aceeba1aa2fb37358ed53b51dc61637e0531f,
R8_tworoom_06e9f3b311a1a95f40a9ceee,REFIT_103201,R4_ALT_CEM_1,H_REAL3_REPLAN,COMPLETE,1,False,True,4621c221167ae6600ab8b4caed4182657f673eabf59bcd91f940670c2921b2b8,97cd52159562a1e23f8f067fd2e87f92f3653652162ba4426d80b18215567836
R8_tworoom_06e9f3b311a1a95f40a9ceee,REFIT_103201,R4_ALT_CEM_2,H_POLICY,FRESH_PAIRED_CONTROL,1,False,,47069afb9d1166c282b5759d5207197f944af8fb52cf6c843541821a55461f87,
R8_tworoom_06e9f3b311a1a95f40a9ceee,REFIT_103201,R4_ALT_CEM_2,H_REAL3_REPLAN,COMPLETE,1,False,True,b570bb6a01c9d03c87d8f7ef3caf01f8961aaf0ecf58241e0e48098a471f71e4,3acad9ec374507dfe83b00370f9b11cb7bf1112ec7b73042606b807f003feff9
R8_tworoom_06e9f3b311a1a95f40a9ceee,REFIT_103202,R3_ORIGINAL,H_POLICY,FRESH_PAIRED_CONTROL,1,False,,cef3928e870822bf9baff7a96b02cfaa5fef20ba99a57325a835e53b738b84b9,
R8_tworoom_06e9f3b311a1a95f40a9ceee,REFIT_103202,R3_ORIGINAL,H_REAL3_REPLAN,COMPLETE,1,False,True,7aae306cc7370aaf1df40f9835bd32c1cfba8def5ca38aa3b411f4604e253d4e,7f808b21804171979b2a1c51c031b055c5ac66f5f016dc659cdf2637d52432d0
R8_tworoom_06e9f3b311a1a95f40a9ceee,REFIT_103202,R4_ALT_CEM_1,H_POLICY,FRESH_PAIRED_CONTROL,1,False,,105243ba2fc6f9afb7dcbb6bbabc9bd34fc764df75539cffe8659cdf4bd72dd3,
R8_tworoom_06e9f3b311a1a95f40a9ceee,REFIT_103202,R4_ALT_CEM_1,H_REAL3_REPLAN,COMPLETE,1,False,True,6369f89291f19fc00ccda5fb16ec70305958e5ed09029c39c343b639585ea283,6be43a57f7121c23c513c7cd7f83c094dcd692c3382e6f915b3cf52e38f59352
R8_tworoom_06e9f3b311a1a95f40a9ceee,REFIT_103202,R4_ALT_CEM_2,H_POLICY,FRESH_PAIRED_CONTROL,1,False,,414ec72d56fec827566206e5ef50487439080b9df92748f08a944fbeebdba76e,
R8_tworoom_06e9f3b311a1a95f40a9ceee,REFIT_103202,R4_ALT_CEM_2,H_REAL3_REPLAN,COMPLETE,1,False,True,727919147b9a1069cf79490a91f206885aa37468f9809fa851198ea5bcf605d3,bc8b1ca605fb87520f4f94a520ce2bc2b96282fc23a8f8f92133bc3470657fbe
R8_tworoom_06e9f3b311a1a95f40a9ceee,REFIT_103203,R3_ORIGINAL,H_POLICY,FRESH_PAIRED_CONTROL,1,False,,5be5a30ed0d7815603efd131685b009fb2876058059e261ef55d3c79fce2b173,
R8_tworoom_06e9f3b311a1a95f40a9ceee,REFIT_103203,R3_ORIGINAL,H_REAL3_REPLAN,COMPLETE,1,False,True,9729a29b099e931ee9bddcbf3d47b3dff71430f70f78674026882d811e2d5863,1c3e443500b9acc5520219c0f888b033b7ea7fd1f391ebc14f59e99fb099fedc
R8_tworoom_06e9f3b311a1a95f40a9ceee,REFIT_103203,R4_ALT_CEM_1,H_POLICY,FRESH_PAIRED_CONTROL,1,False,,cbb68db05004565c2554e7aaaa757b1137558164982a9657ffb37d41f66e94fa,
R8_tworoom_06e9f3b311a1a95f40a9ceee,REFIT_103203,R4_ALT_CEM_1,H_REAL3_REPLAN,COMPLETE,1,False,True,c41fa58a8df410b292618bae62911ed09d2dff3f968d95b22116fb10acf33a02,65959f4b0ffddb01181bf630054ab71285f9921865ac75738a083162193e9046
R8_tworoom_06e9f3b311a1a95f40a9ceee,REFIT_103203,R4_ALT_CEM_2,H_POLICY,FRESH_PAIRED_CONTROL,1,False,,d91aaab980fe105d0d008e03b6fdddfd876fbc30a9995d32870f89dd1e15a3a5,
R8_tworoom_06e9f3b311a1a95f40a9ceee,REFIT_103203,R4_ALT_CEM_2,H_REAL3_REPLAN,COMPLETE,1,False,True,6a322b469c6cfee5f8ee50cbaf0e67fc8dc2eb056a5010abadf7b442956afa35,3178d199f0343529d95f08d8bf118cdd78aa463860929a687970a60685476f1c
R8_tworoom_0700952867e238a86b5c81e2,H0,R3_ORIGINAL,H_POLICY,FRESH_PAIRED_CONTROL,1,False,,7dd4540584c90784e68397ac55dd07e15a036814bc9663ab717e3bbe68f4f602,
R8_tworoom_0700952867e238a86b5c81e2,H0,R3_ORIGINAL,H_REAL3_REPLAN,COMPLETE,1,False,True,32e1f8f7e47840d06d274e51306e7b2c8d94d56ad3bc8dd1bc2d758874667192,cb1a8151e57d1ee7d9c125a4dd74d950b07c639848da16b2ef7864818247fb3d
R8_tworoom_0700952867e238a86b5c81e2,H0,R4_ALT_CEM_1,H_POLICY,FRESH_PAIRED_CONTROL,0,True,,156b3ec154c6fdfff52fb91acd6de08fb2d4a70a678dab0f93d500498a5f665b,
R8_tworoom_0700952867e238a86b5c81e2,H0,R4_ALT_CEM_1,H_REAL3_REPLAN,COMPLETE,0,True,True,d295afcfaca2eaddd9d5be6ced2312db636ef33f5df906ffae8c42be908c8215,4404290fcd61dbe2c9d312767962836e2c4c14c7719425955e278a87414ec507
R8_tworoom_0700952867e238a86b5c81e2,H0,R4_ALT_CEM_2,H_POLICY,FRESH_PAIRED_CONTROL,1,False,,5dfd43739960d0f1338b227c58e4c7405237b818b6a0759bdec26563d4fdb833,
R8_tworoom_0700952867e238a86b5c81e2,H0,R4_ALT_CEM_2,H_REAL3_REPLAN,COMPLETE,1,False,True,9ff6d15fc5b0e8b7a8df0438c8d2ee9c23215faccc621b69e3dfd54b42a6fb7c,095e545176be059b6c4be88982544634ecd9733386d804ec17f865b4657d8c7e
R8_tworoom_0700952867e238a86b5c81e2,REFIT_103201,R3_ORIGINAL,H_POLICY,FRESH_PAIRED_CONTROL,1,False,,d985392bb6593eb68c9f810577209708db0b0a89faa63a79f226286cf26eda9f,
R8_tworoom_0700952867e238a86b5c81e2,REFIT_103201,R3_ORIGINAL,H_REAL3_REPLAN,COMPLETE,1,False,True,8115c010d60a23a01c152afadaf38737cd3f854e832187068e74f951f4cb60f9,3fdd0ed9d18781f253d58334aff54de407cffe676af0a452ff88d3685eedd0d1
R8_tworoom_0700952867e238a86b5c81e2,REFIT_103201,R4_ALT_CEM_1,H_POLICY,FRESH_PAIRED_CONTROL,0,True,,4c84f472fc67854b42a12425df3bdaf9b7c66de55905aac9dc5ec970365c6a0e,
R8_tworoom_0700952867e238a86b5c81e2,REFIT_103201,R4_ALT_CEM_1,H_REAL3_REPLAN,COMPLETE,0,True,True,c3e359ee79b6054c00832b79a850073d7ec3a92406af97f14aca0b0dfe41627d,d98b96ced2fdb246abe2fa8c08dc7c8703ab7819fcdd919cf23e4ffadb7bfa77
R8_tworoom_0700952867e238a86b5c81e2,REFIT_103201,R4_ALT_CEM_2,H_POLICY,FRESH_PAIRED_CONTROL,1,False,,79614db5738ac64270d1655028e4e53a49d1affff4aec8d01b9679cdb3ead1c6,
R8_tworoom_0700952867e238a86b5c81e2,REFIT_103201,R4_ALT_CEM_2,H_REAL3_REPLAN,COMPLETE,1,False,True,47db372c96ef00ad862a96b4666c429db9c8c550e9c866b872c7700ad79bf84b,0e9033545ec10849c144bc8a69b77a89e9c790ccc7576c09291f07779f9ee64b
R8_tworoom_0700952867e238a86b5c81e2,REFIT_103202,R3_ORIGINAL,H_POLICY,FRESH_PAIRED_CONTROL,1,False,,705f8fc56823486fd3e8544347a70750f801e11e7ca3779c9ab0dbe1a8d361ea,
R8_tworoom_0700952867e238a86b5c81e2,REFIT_103202,R3_ORIGINAL,H_REAL3_REPLAN,COMPLETE,1,False,True,0b989f115dc830d5abdcfadaddb274e577d60b6be6528b3eebca6ad88fda79ac,06f72efc4d530df04d510d92fcd6d5e082b5c7ab7eccccb23c54d48698f40c1c
R8_tworoom_0700952867e238a86b5c81e2,REFIT_103202,R4_ALT_CEM_1,H_POLICY,FRESH_PAIRED_CONTROL,0,True,,af97f8e7f12c118486ca46fec0f043581bd222ad45442e3d3eb8483f337f496c,
R8_tworoom_0700952867e238a86b5c81e2,REFIT_103202,R4_ALT_CEM_1,H_REAL3_REPLAN,COMPLETE,0,True,True,af3df079bd51ea703eae169b4f7e724b1e0a465f0b09c280abc3376ebb51a306,bb931860aed252d01976538d9bfdbb06d7dc7ff6200c72e8c619d648468c9a83
R8_tworoom_0700952867e238a86b5c81e2,REFIT_103202,R4_ALT_CEM_2,H_POLICY,FRESH_PAIRED_CONTROL,1,False,,7540bef58bb3c6acaf1ba0a41eca522ba1d1e3953e4378c669e5e0de3294e669,
R8_tworoom_0700952867e238a86b5c81e2,REFIT_103202,R4_ALT_CEM_2,H_REAL3_REPLAN,COMPLETE,1,False,True,78377ace243e0e0c76403781e850443a331be931297ae96ee80cf273ae315a87,1c8b19af74f996ed44035f18cb6c06798cbed17c7b9380c416c916a993e58198
R8_tworoom_0700952867e238a86b5c81e2,REFIT_103203,R3_ORIGINAL,H_POLICY,FRESH_PAIRED_CONTROL,1,False,,2e61cd6b59264639995e30839b12836efed39fc1c2aeb04b528b4f05103e4ac7,
R8_tworoom_0700952867e238a86b5c81e2,REFIT_103203,R3_ORIGINAL,H_REAL3_REPLAN,COMPLETE,1,False,True,3a0b00eb4a1cdef2105664e9ead12bf9f042c792f18e9badacadb314d04bea90,482095da0302e890fc3a71fd3cd3004baf34e1b441db7d30ddaaf85275670ad7
R8_tworoom_0700952867e238a86b5c81e2,REFIT_103203,R4_ALT_CEM_1,H_POLICY,FRESH_PAIRED_CONTROL,0,True,,9634bc8c7233b14b79a9a851068bb00dbf0222fb8b34041ab8651d821e41b3b0,
R8_tworoom_0700952867e238a86b5c81e2,REFIT_103203,R4_ALT_CEM_1,H_REAL3_REPLAN,COMPLETE,0,True,True,0b22dc7079cc3b02c8b9d1ed6069fb6afbd057b125b617642c5de68c89b6677a,80f76e1d3363a1b9b90456aed25d384fe3c583080828f74a5e449f070515cd6f
R8_tworoom_0700952867e238a86b5c81e2,REFIT_103203,R4_ALT_CEM_2,H_POLICY,FRESH_PAIRED_CONTROL,1,False,,5eaba388564864082b0b179d515c82cc86259115a146fc72101cd162c454ce49,
R8_tworoom_0700952867e238a86b5c81e2,REFIT_103203,R4_ALT_CEM_2,H_REAL3_REPLAN,COMPLETE,1,False,True,795f33dfe71e461918b6b3f81e1126e878a653ab70bbe111a48bef6e11ade1fc,81ad24bbc57c8896aa25e1598c5d8edbe9c3c90daf9eeb88c36ff6b880f25031
R8_tworoom_07275f3ed8b48418157c07d4,H0,R3_ORIGINAL,H_POLICY,FRESH_PAIRED_CONTROL,1,False,,3bb182d22a3d515742487387d66ae62bc9f8adda6c148046736d9cc5f85d8386,
R8_tworoom_07275f3ed8b48418157c07d4,H0,R3_ORIGINAL,H_REAL3_REPLAN,COMPLETE,1,False,True,6c10cc4a756cfb2778cc263cb26f4ba19bef56daf1f4031769fb7c1126e80586,0e5894088eeb867eef12203bca1a88a1c826e60637c641e3fab63379a6251024
R8_tworoom_07275f3ed8b48418157c07d4,H0,R4_ALT_CEM_1,H_POLICY,FRESH_PAIRED_CONTROL,1,False,,3b7f683a7b08a8c8c217de054c2984639b341f193e789fbe9ae67c976a43ff06,
R8_tworoom_07275f3ed8b48418157c07d4,H0,R4_ALT_CEM_1,H_REAL3_REPLAN,COMPLETE,1,False,True,4b326502e7e7cdcd611f877264421d21e671f25a00f9b42bd2185bcc2e5ecfa4,80cad7bab23bc36626a065d4f7c66d5460bdb525088fbe5bdcbd61b9b3ecd5ae
R8_tworoom_07275f3ed8b48418157c07d4,H0,R4_ALT_CEM_2,H_POLICY,FRESH_PAIRED_CONTROL,1,False,,fe879337caf6e9382c3204fc34389f10b98df0a76794814916a24a6c7de072d1,
R8_tworoom_07275f3ed8b48418157c07d4,H0,R4_ALT_CEM_2,H_REAL3_REPLAN,COMPLETE,1,False,True,8125e27d1a14f05ef677aa3cbc40afaa8d81a7c0fa13a31094b1df7589d7c74e,70a07392e72c017c32037fcd76aa44614ddf9b87db8b82541736b59bac16248c
R8_tworoom_07275f3ed8b48418157c07d4,REFIT_103201,R3_ORIGINAL,H_POLICY,FRESH_PAIRED_CONTROL,1,False,,b2c6864e027f31a6546c6f95a3ccc6349728b6a9384ace793cecdfc8d4b54eb4,
R8_tworoom_07275f3ed8b48418157c07d4,REFIT_103201,R3_ORIGINAL,H_REAL3_REPLAN,COMPLETE,1,False,True,164f459551c937c5da6fb9d6ac4f065510d526d036e682205aba9312ead39007,0f82ea74821641268cc44ee3d7277962bedbe03fe5c3bbc55a2f22da412d4046
R8_tworoom_07275f3ed8b48418157c07d4,REFIT_103201,R4_ALT_CEM_1,H_POLICY,FRESH_PAIRED_CONTROL,1,False,,8add895daab5805d3ef3caee44daaa289d18adefe51106d739922d1792edb692,
R8_tworoom_07275f3ed8b48418157c07d4,REFIT_103201,R4_ALT_CEM_1,H_REAL3_REPLAN,COMPLETE,1,False,True,1b0c7668acf96e16372ae3a0c58b9840b84037817f3ccdaa3fd0d406f77990bc,952d01828e8ad839dd8c4504221f2b15bec42fe2c06c1b64462f9b6abc0f8072
R8_tworoom_07275f3ed8b48418157c07d4,REFIT_103201,R4_ALT_CEM_2,H_POLICY,FRESH_PAIRED_CONTROL,1,False,,9f8d30570fb761ca7c620d15b6caa74f3c1312f863db79f63f3851e824b7936d,
R8_tworoom_07275f3ed8b48418157c07d4,REFIT_103201,R4_ALT_CEM_2,H_REAL3_REPLAN,COMPLETE,1,False,True,380b45526bae020943f551dae78c78d4a15ac38d5b5d6bdcacf07a292ff185f9,c009ad1a24b63225d1cab32c8759b81b43ebcd8965d091b552d2ef607e71f63e
R8_tworoom_07275f3ed8b48418157c07d4,REFIT_103202,R3_ORIGINAL,H_POLICY,FRESH_PAIRED_CONTROL,1,True,,ccd6f69751c91e9b0b987c3eca62767494e12aa866065355765849078aac53b5,
R8_tworoom_07275f3ed8b48418157c07d4,REFIT_103202,R3_ORIGINAL,H_REAL3_REPLAN,COMPLETE,1,True,True,982ffc7b25b2e45a5f72091b7f1ecabb3c23102dc15feb47d6765e13cb63a4f8,438a19741ae6125b544eafea64708116453c0e2c1791c18210b33fb47f63ca67
R8_tworoom_07275f3ed8b48418157c07d4,REFIT_103202,R4_ALT_CEM_1,H_POLICY,FRESH_PAIRED_CONTROL,1,False,,2171d8c9765001be1cd97e8e3c38299aed42905cc0c480ea1fa12d4d717b4353,
R8_tworoom_07275f3ed8b48418157c07d4,REFIT_103202,R4_ALT_CEM_1,H_REAL3_REPLAN,COMPLETE,1,False,True,56d97423a5358584a367e537863d6ebc778b8f8ba69d4fa22027fadcaba494dd,e247bac9a9d7f833e4ccc2a0742578cdf1f70526850313b21dc306ab7e068f1b
R8_tworoom_07275f3ed8b48418157c07d4,REFIT_103202,R4_ALT_CEM_2,H_POLICY,FRESH_PAIRED_CONTROL,1,False,,db8f2f3212466cb1133254b3624ac1a169971ded6be195ac14210f234342ba04,
R8_tworoom_07275f3ed8b48418157c07d4,REFIT_103202,R4_ALT_CEM_2,H_REAL3_REPLAN,COMPLETE,1,False,True,aa13b3628a49e19ac6684ef68bcd810f42c73d836910f4b82d62502af02c0e17,233401a0e01722671de46a3344c2600e74b58ed02ba0076b07ba150a472c9b11
R8_tworoom_07275f3ed8b48418157c07d4,REFIT_103203,R3_ORIGINAL,H_POLICY,FRESH_PAIRED_CONTROL,1,False,,663904dd63be9c7e4d461a415d99f3ef9c1966b80012b8aaeb448410ee67a830,
R8_tworoom_07275f3ed8b48418157c07d4,REFIT_103203,R3_ORIGINAL,H_REAL3_REPLAN,COMPLETE,1,False,True,1197592a00aca26587bb830904d8e7586e923b24dab31cdd49e4320c818e8355,982ac2d636a5c33a191028294bbd6b5b01d24cb182f4d1af8aa7418f4279b3ae
R8_tworoom_07275f3ed8b48418157c07d4,REFIT_103203,R4_ALT_CEM_1,H_POLICY,FRESH_PAIRED_CONTROL,1,False,,46667999f61af3d0c1956741789f2cb868c38c9ad807be420b9b32d4dfacf970,
R8_tworoom_07275f3ed8b48418157c07d4,REFIT_103203,R4_ALT_CEM_1,H_REAL3_REPLAN,COMPLETE,1,False,True,06ca9ddba211339c48ad86992e289ab71fe6c21825dba9c3b3f92b3e4cb243a4,344c5ed7da66ef370cc277daa18c3ce32795521402c6a8752465ddff24a6beb3
R8_tworoom_07275f3ed8b48418157c07d4,REFIT_103203,R4_ALT_CEM_2,H_POLICY,FRESH_PAIRED_CONTROL,1,False,,0197ebc22a3e5eda06fa9c93608f7ff549157d188b380472d21f24bfdf0b4291,
R8_tworoom_07275f3ed8b48418157c07d4,REFIT_103203,R4_ALT_CEM_2,H_REAL3_REPLAN,COMPLETE,1,False,True,43b554fb6bfc1d8b7cd57b30be0e68b3b1785e21d2c362fbacd2dc7d6312cea8,156c3fe414f49dedc2cb29ac212252f714ccf46cc6e9adeff6c77b5c843ab35c
R8_tworoom_073c59bd6200ef6e33ce3e74,H0,R3_ORIGINAL,H_POLICY,FRESH_PAIRED_CONTROL,0,True,,d52b39a7e35945a293fc13cf31a5d04f523c680915c2f5cf987e59c06214138e,
R8_tworoom_073c59bd6200ef6e33ce3e74,H0,R3_ORIGINAL,H_REAL3_REPLAN,COMPLETE,0,True,True,c4b6a7b527f797f62a7da4c7f8ec8ef3acc1857fe917b76cd5f903d5bc1fa628,edee054fea59aeb0991f6d48c13cfa6870a0669bd756e604b47d5fabd6d72b53
R8_tworoom_073c59bd6200ef6e33ce3e74,H0,R4_ALT_CEM_1,H_POLICY,FRESH_PAIRED_CONTROL,1,True,,6db704a79c9c94f5535d4d2d2d199ba4e85c2fa611c639ab8a10fa1d8d2ad003,
R8_tworoom_073c59bd6200ef6e33ce3e74,H0,R4_ALT_CEM_1,H_REAL3_REPLAN,COMPLETE,1,True,True,bcf66093ff43be677dcfd578c02fa47f5b05c49833c703eadbaae8ec0f25abd4,c0bc7d3ad968217454c911c773369c722fbb0ddf2085c768d25931f790668ac5
R8_tworoom_073c59bd6200ef6e33ce3e74,H0,R4_ALT_CEM_2,H_POLICY,FRESH_PAIRED_CONTROL,0,True,,a5276a3598feb1b84cd91559cc81c1ccd504a57044642ec51ea02b3dc27edcff,
R8_tworoom_073c59bd6200ef6e33ce3e74,H0,R4_ALT_CEM_2,H_REAL3_REPLAN,COMPLETE,0,True,True,c2a03b1b2bbc4c23fb8ac034d81ffc464fec4d895e594efabaa05444434cbbb2,214d1150b92e87c2ea3e04047739f32d52c2d38129ce2e9849b6e03c64710bb9
R8_tworoom_073c59bd6200ef6e33ce3e74,REFIT_103201,R3_ORIGINAL,H_POLICY,FRESH_PAIRED_CONTROL,0,True,,ea659418e9cc350e2c303a4e12092a78f65975c7a97ed700c938a47d0dd0fdcf,
R8_tworoom_073c59bd6200ef6e33ce3e74,REFIT_103201,R3_ORIGINAL,H_REAL3_REPLAN,COMPLETE,0,True,True,0eae8a67be1a2ca1d92cc7a7b6fa77a2e34f259dbe44949f897480cc9a628662,5effdd75bd531a6854c29a56b04e414509d34813d3a6f91ea1880eb18929bd4e
R8_tworoom_073c59bd6200ef6e33ce3e74,REFIT_103201,R4_ALT_CEM_1,H_POLICY,FRESH_PAIRED_CONTROL,0,True,,c7396f1d278352573e291a2f9e2a9b747618e49219e0697f6fd94a77f4b3a79f,
R8_tworoom_073c59bd6200ef6e33ce3e74,REFIT_103201,R4_ALT_CEM_1,H_REAL3_REPLAN,COMPLETE,0,True,True,bcb5f334b84d5319ca7048cc439f01c87c66f0b142e0dc4c336b6e33aab915a6,c8d810466b67654c2553a3fc8290c13becd11f3499fce9005f08a9a3b4dfe328
R8_tworoom_073c59bd6200ef6e33ce3e74,REFIT_103201,R4_ALT_CEM_2,H_POLICY,FRESH_PAIRED_CONTROL,0,True,,d12f3a962a02cb286d2dedff1360d0f275c87961ad84ed554f44325aff77f27b,
R8_tworoom_073c59bd6200ef6e33ce3e74,REFIT_103201,R4_ALT_CEM_2,H_REAL3_REPLAN,COMPLETE,0,True,True,b541bf49f2059cc0306dd65c40c256e9f882739bc3548ecaa25eaed1988af3e4,20c894a364efd7911bc74f2ce9b7f666ecd5ea9638e5e0b22c4b1d3d50b8437c
R8_tworoom_073c59bd6200ef6e33ce3e74,REFIT_103202,R3_ORIGINAL,H_POLICY,FRESH_PAIRED_CONTROL,0,True,,a75256e23964f8d2c2107b5fa736baed4c89654b721af67200dd6a2e9e65c918,
R8_tworoom_073c59bd6200ef6e33ce3e74,REFIT_103202,R3_ORIGINAL,H_REAL3_REPLAN,COMPLETE,0,True,True,feaac04cc14997644e20183d0dd88ce44c56befe5de7a6be1df5cb940cbbdf2e,bcf0dad77d5f7e69d2646a0fb42daba9820cae39361830a2d1feec26cde7a75b
R8_tworoom_073c59bd6200ef6e33ce3e74,REFIT_103202,R4_ALT_CEM_1,H_POLICY,FRESH_PAIRED_CONTROL,0,True,,f8594f442ec0692169e593b8662a24cc4a0c9462d1deb6cc8394384bfe8e8c07,
R8_tworoom_073c59bd6200ef6e33ce3e74,REFIT_103202,R4_ALT_CEM_1,H_REAL3_REPLAN,COMPLETE,0,True,True,3f550419c1cb1b1ddc254ea3986a1a72f84d30a1deb02ae8ac7f91ef02c7e789,d19677eb3eca263167807bd661192934bde1bd2f91d93bf5c8666cf853824f6a
R8_tworoom_073c59bd6200ef6e33ce3e74,REFIT_103202,R4_ALT_CEM_2,H_POLICY,FRESH_PAIRED_CONTROL,0,True,,3fba1a15815994f507529076ee6336b16f7ecffe5bd0b36650d0fee08ef4dd1a,
R8_tworoom_073c59bd6200ef6e33ce3e74,REFIT_103202,R4_ALT_CEM_2,H_REAL3_REPLAN,COMPLETE,0,True,True,ebe29c09cf25022d30d147064e0a6aa45e3449146f79d649cc9e263152f59580,9131a8a272ccabfff51b6b6e529527304d8d0ad78332892dad957d85f18a0a26
R8_tworoom_073c59bd6200ef6e33ce3e74,REFIT_103203,R3_ORIGINAL,H_POLICY,FRESH_PAIRED_CONTROL,0,True,,450b089b37ad80f2be7417d21472418a04beccc76f52d1267cb645c047176e12,
R8_tworoom_073c59bd6200ef6e33ce3e74,REFIT_103203,R3_ORIGINAL,H_REAL3_REPLAN,COMPLETE,0,True,True,bb76efa9497a9191e44f495de5a8b3b0647cb59d7aa15dbefc50e32aeecf79bd,420412e60be3549ebba030c865842d9bc0b24d2cdef0d01cda5fa13a0310d58b
R8_tworoom_073c59bd6200ef6e33ce3e74,REFIT_103203,R4_ALT_CEM_1,H_POLICY,FRESH_PAIRED_CONTROL,0,True,,37ea87eb6719ddd83fcfa15d87725f5580ecc3f113c555814bc561782d12bcf9,
R8_tworoom_073c59bd6200ef6e33ce3e74,REFIT_103203,R4_ALT_CEM_1,H_REAL3_REPLAN,COMPLETE,0,True,True,6b4282261237a27291fbad33b663fe094c44d9cfbe5350a80e37b3c0f431c305,96a8651f5ca09e592ac8548f1309efbbf81a371cd6575a92ab7087f5d737950b
R8_tworoom_073c59bd6200ef6e33ce3e74,REFIT_103203,R4_ALT_CEM_2,H_POLICY,FRESH_PAIRED_CONTROL,0,True,,aa15c5eaef95b57146fcfca411e6b768ffaf69ead9a2b9f86647243795cabb3a,
R8_tworoom_073c59bd6200ef6e33ce3e74,REFIT_103203,R4_ALT_CEM_2,H_REAL3_REPLAN,COMPLETE,0,True,True,627dfd88c85c2b74e0b4e2d1eddf5d342426d0aa8f6cab18eb30c2351c6d1759,2ba2741250a16444ce8a6f551f721af1bcb73e0b12a648b053eebcb828c98a08
R8_tworoom_075acb8ec82b2511f83ca412,H0,R3_ORIGINAL,H_POLICY,FRESH_PAIRED_CONTROL,1,False,,571ac9ad5cff98fa8755719fe9788310f5fd17b0caf1cc20b15302c0eab6e5f0,
R8_tworoom_075acb8ec82b2511f83ca412,H0,R3_ORIGINAL,H_REAL3_REPLAN,COMPLETE,1,False,True,baa68b48d19f4e487e0a33e1be90850f84f5494231e3a640d6dd158f0032ee1e,1aae19b71e99362c066813ae4f51e3d359a47db6150035c13f959957597c87b1
R8_tworoom_075acb8ec82b2511f83ca412,H0,R4_ALT_CEM_1,H_POLICY,FRESH_PAIRED_CONTROL,1,False,,d59a4b5340cd6ca3ab29788375aff1cae82f45f5ebabce8071175259f177ab16,
R8_tworoom_075acb8ec82b2511f83ca412,H0,R4_ALT_CEM_1,H_REAL3_REPLAN,COMPLETE,1,False,True,4dbe35d0cc091c4c816f746b17adcd8045c6319558b324063459ad010b84bc5b,f06412d681be0a0abbfc6b1e0e9923421554c51aba92d77bf1dcbb2cdfe68565
R8_tworoom_075acb8ec82b2511f83ca412,H0,R4_ALT_CEM_2,H_POLICY,FRESH_PAIRED_CONTROL,1,True,,ed03e1b635c32cbd5ff1706ea3d8739907bff49bf4b8c001f4002e1d1e093ab9,
R8_tworoom_075acb8ec82b2511f83ca412,H0,R4_ALT_CEM_2,H_REAL3_REPLAN,COMPLETE,1,True,True,75dbe5f14937c4eaf26ee899f2394c73f2ebd52a82876526ccb56a23fc69511a,48a66c5299fec631c77c8690636e5a4f86d19deef7ddedbcffab02a96321ba88
R8_tworoom_075acb8ec82b2511f83ca412,REFIT_103201,R3_ORIGINAL,H_POLICY,FRESH_PAIRED_CONTROL,1,False,,5c24c972bbb3fcb9f7c7858bea712133f861bc09763030092182052d1c2fef87,
R8_tworoom_075acb8ec82b2511f83ca412,REFIT_103201,R3_ORIGINAL,H_REAL3_REPLAN,COMPLETE,1,False,True,6a8610dd14414105be81666c4dfd70abe6e6eaf8925659e24bcdc88c04def0aa,6711019b9f4e49ad8521c44166b772c297a1a905d2fde218ff11c73eedfa5447
R8_tworoom_075acb8ec82b2511f83ca412,REFIT_103201,R4_ALT_CEM_1,H_POLICY,FRESH_PAIRED_CONTROL,1,False,,a138319d070aea990986aa2532992f967b038527e4811a43fe878bb7f83eecc0,
R8_tworoom_075acb8ec82b2511f83ca412,REFIT_103201,R4_ALT_CEM_1,H_REAL3_REPLAN,COMPLETE,1,False,True,6af3e1e8449959646cfbb12d1531b647e322d224a291327c6657ab8a8d685eea,4400cec2dfd1d02b49c802f3075c1ec6b4ed7f3cbaafa368f3f983a5e9d355e9
R8_tworoom_075acb8ec82b2511f83ca412,REFIT_103201,R4_ALT_CEM_2,H_POLICY,FRESH_PAIRED_CONTROL,1,True,,fbb726eec3e8461f5f62e4109760d747dffa2d5e3f8aa701c15fdc5c2767c8ea,
R8_tworoom_075acb8ec82b2511f83ca412,REFIT_103201,R4_ALT_CEM_2,H_REAL3_REPLAN,COMPLETE,1,True,True,190a96af064beef06e046ec558c2ff6a1570518fbc9d30a51d759b009546c941,d75f61651d52bbcbe487d25c90f4cccaa872031a4bad16dba31cc8fdcdd9861a
R8_tworoom_075acb8ec82b2511f83ca412,REFIT_103202,R3_ORIGINAL,H_POLICY,FRESH_PAIRED_CONTROL,1,False,,9568b339f82e45b17b2b2cafd265e005085638a5c67aacce47828a3df9016ab0,
R8_tworoom_075acb8ec82b2511f83ca412,REFIT_103202,R3_ORIGINAL,H_REAL3_REPLAN,COMPLETE,1,False,True,597f57e51d7531a11e528103ff9730541c587c98ceefb65963331227341890e9,f7a3ea901f1347e4fc28b37806c0cfe2b5c528c1e56cbc76465a05fd3051d1dd
R8_tworoom_075acb8ec82b2511f83ca412,REFIT_103202,R4_ALT_CEM_1,H_POLICY,FRESH_PAIRED_CONTROL,1,False,,a30ddcc18a5d248300617648dcdaf6ed61808de5ccd74d5b0c84cc3f177815f0,
R8_tworoom_075acb8ec82b2511f83ca412,REFIT_103202,R4_ALT_CEM_1,H_REAL3_REPLAN,COMPLETE,1,False,True,3bae5a6d3fd147cdea834e594b27b4f59a429c9a646a2be55d72fc0e866a5f31,7ebc8afceb04cb3499d35609106d73993ccab87ff0119bd596605785fe49d046
R8_tworoom_075acb8ec82b2511f83ca412,REFIT_103202,R4_ALT_CEM_2,H_POLICY,FRESH_PAIRED_CONTROL,1,False,,8719b7457b305409bb09bd0ee82df7e5f0626ebbdc5d11ce348336aacc663204,
R8_tworoom_075acb8ec82b2511f83ca412,REFIT_103202,R4_ALT_CEM_2,H_REAL3_REPLAN,COMPLETE,1,False,True,8e1571a87d03d0802f2d1167a459cd9c79c494d8e924152fb6a2010255afb599,592f471bf805007567156d1b99c69d678e1f1ba504958c2b7fee0aa6844b2193
R8_tworoom_075acb8ec82b2511f83ca412,REFIT_103203,R3_ORIGINAL,H_POLICY,FRESH_PAIRED_CONTROL,1,True,,027eab70f8efae1477473082dffd616c11a1fae315582de1d140710c338f287b,
R8_tworoom_075acb8ec82b2511f83ca412,REFIT_103203,R3_ORIGINAL,H_REAL3_REPLAN,COMPLETE,1,True,True,37db3f714477660f35cf9b77b7d4b329da87f79fc4a04f69a43ee3aa7964374f,9c7f2905c1cde3279790e3150d4e5913b99717b2e761cf27ce1752fb16f0d500
R8_tworoom_075acb8ec82b2511f83ca412,REFIT_103203,R4_ALT_CEM_1,H_POLICY,FRESH_PAIRED_CONTROL,1,False,,e8bdbc2c3e74c36b1f1c7c3c72d8107bcbe90bd59c93fcacb09a9b3e59061290,
R8_tworoom_075acb8ec82b2511f83ca412,REFIT_103203,R4_ALT_CEM_1,H_REAL3_REPLAN,COMPLETE,1,False,True,313ee883e865c4fbc457e5507fde8511190db5c565cbdfc1eeded737c49fa1ae,6f2ad4160e2a0526ce912bad34c695feab12e468808de0ebba34921d205e29fd
R8_tworoom_075acb8ec82b2511f83ca412,REFIT_103203,R4_ALT_CEM_2,H_POLICY,FRESH_PAIRED_CONTROL,1,False,,53c2a196827d8584683e6236bbf7905fd2217ff40898a7ddb28f5f855d9b61f9,
R8_tworoom_075acb8ec82b2511f83ca412,REFIT_103203,R4_ALT_CEM_2,H_REAL3_REPLAN,COMPLETE,1,False,True,c96f9b4e4bce508561c41c9faedf740e660780a347e9f7a37e64587dbf51dd1f,86e02e28190ca6aad5f96e93800b2754a8524931f638cbbe78ecb31eded8f4de
R8_tworoom_0764579b0e8192142a2aa0dd,H0,R3_ORIGINAL,H_POLICY,FRESH_PAIRED_CONTROL,1,False,,0a1d288570721c2a1e8fe8f97c2a902b17fb41e649518a3461e65532f62e6134,
R8_tworoom_0764579b0e8192142a2aa0dd,H0,R3_ORIGINAL,H_REAL3_REPLAN,COMPLETE,1,False,True,f44768e6550a5d3b71cb1a33dbd7d185b7e76c5fddcc237bbc1dff5ac795f59a,69c40be24cb7e1eecffb2f38891d31f7f07904603e3515e5675a8db716e4906b
R8_tworoom_0764579b0e8192142a2aa0dd,H0,R4_ALT_CEM_1,H_POLICY,FRESH_PAIRED_CONTROL,1,False,,c5837038f5fa7ce2fdc22412bd59691efa960b8c3dbccaae2d226b88419bee09,
R8_tworoom_0764579b0e8192142a2aa0dd,H0,R4_ALT_CEM_1,H_REAL3_REPLAN,COMPLETE,1,False,True,cb2afc131530a2fcb5542f2bde9a3fb44e58b59db76e5f90e658ddca763a7137,9a6d0e0381d177741d611dda89ac0ed257e392daf3f10ffbb529eedfa19b925c
R8_tworoom_0764579b0e8192142a2aa0dd,H0,R4_ALT_CEM_2,H_POLICY,FRESH_PAIRED_CONTROL,1,False,,4adfd056f52b5c8ef69486f26d8e7d2c55a240644248db9ccbced07cabcd8bee,
R8_tworoom_0764579b0e8192142a2aa0dd,H0,R4_ALT_CEM_2,H_REAL3_REPLAN,COMPLETE,1,False,True,999ce4b7704426faba4dae9c931a24343edbf26d4b79bd3e705c9367b425dd16,03080b27777cfd82b23911c49e337122466cd582c3ba7c9e6598e43fdee076d2
R8_tworoom_0764579b0e8192142a2aa0dd,REFIT_103201,R3_ORIGINAL,H_POLICY,FRESH_PAIRED_CONTROL,1,False,,35244c2f19eb022b1803e97ca1677e23fda56bb3047adbb1d1c189fc6643e7d2,
R8_tworoom_0764579b0e8192142a2aa0dd,REFIT_103201,R3_ORIGINAL,H_REAL3_REPLAN,COMPLETE,1,False,True,dddbb5833b97085aaa48d4e2b6791d5470133c4e1468d73b1ae9aa9fbcd25fa7,cac95bdcbc703c81341ee32f12a1130e643b6b772b20c5878841f0dc7b4af8ac
R8_tworoom_0764579b0e8192142a2aa0dd,REFIT_103201,R4_ALT_CEM_1,H_POLICY,FRESH_PAIRED_CONTROL,1,False,,97f0e67cc217f1c4388184312493942be734ce364fdceab298911f4ebfbf193d,
R8_tworoom_0764579b0e8192142a2aa0dd,REFIT_103201,R4_ALT_CEM_1,H_REAL3_REPLAN,COMPLETE,1,False,True,b1b025a7f4093c79c69a2e93486f39c89985f8043860c01ef9ee9b7628a82d51,e3d7a26a34856fba0c2a8c958c999b05026141d0d4510f75aa4e226f7fdba0f2
R8_tworoom_0764579b0e8192142a2aa0dd,REFIT_103201,R4_ALT_CEM_2,H_POLICY,FRESH_PAIRED_CONTROL,1,False,,671427d73cf87057bafe59b74984755090a498297d303d0fb342eb7bd0ed86ea,
R8_tworoom_0764579b0e8192142a2aa0dd,REFIT_103201,R4_ALT_CEM_2,H_REAL3_REPLAN,COMPLETE,1,False,True,e1bda2ba291781d1322bca6f2fecc53ba97c13d771b448eb4336b1c0cb58048d,3a379885652a0a92513865b6a919016e68b98ce5e9670730aa7578996fc86191
R8_tworoom_0764579b0e8192142a2aa0dd,REFIT_103202,R3_ORIGINAL,H_POLICY,FRESH_PAIRED_CONTROL,1,False,,6f3205beaa8a61875458807ce8f34242586aef5d80018cb9efb4a6c70fd96193,
R8_tworoom_0764579b0e8192142a2aa0dd,REFIT_103202,R3_ORIGINAL,H_REAL3_REPLAN,COMPLETE,1,False,True,030e4d13760340592eebab667b29261beb05f658a3d654dff325706cba781f0b,d9bc8d9494687c3059b00cd75101d30a7a0e822dd4edaae1465c94304db77638
R8_tworoom_0764579b0e8192142a2aa0dd,REFIT_103202,R4_ALT_CEM_1,H_POLICY,FRESH_PAIRED_CONTROL,1,False,,7cc9825024ea2b4d4974f29dbf381436f135891eadbd4b1cc83de87b098c9dd1,
R8_tworoom_0764579b0e8192142a2aa0dd,REFIT_103202,R4_ALT_CEM_1,H_REAL3_REPLAN,COMPLETE,1,False,True,7dce63a37141b9f4895d20daed9e494b7573aeb5092ce220bbb1001569733658,737d4f566a71c6ab6d933fafa1ecb8cb6ae58fcb54c2c3c8f9d64eefe5a316c0
R8_tworoom_0764579b0e8192142a2aa0dd,REFIT_103202,R4_ALT_CEM_2,H_POLICY,FRESH_PAIRED_CONTROL,1,False,,9905077d4d92e27380da239a044836066019f7cbccc1ebc3d46dc013588716ca,
R8_tworoom_0764579b0e8192142a2aa0dd,REFIT_103202,R4_ALT_CEM_2,H_REAL3_REPLAN,COMPLETE,1,False,True,eddc08dae5e3004bd1c39a5527b89deab8452b4aecef145f7445e88032148cc0,36326bd031f57a4a0eed9afcfbb6629ba305b994a762b6da43879d39e7ee5e14
R8_tworoom_0764579b0e8192142a2aa0dd,REFIT_103203,R3_ORIGINAL,H_POLICY,FRESH_PAIRED_CONTROL,1,False,,7693ad2ab5f4dbc3012b19ac3619b2403442ea1b6bf5ceb8e5e219942cb91cfa,
R8_tworoom_0764579b0e8192142a2aa0dd,REFIT_103203,R3_ORIGINAL,H_REAL3_REPLAN,COMPLETE,1,False,True,99f331a805a306d4a6a062c7e7ff8000b14746d03c52bf2c1fb80c8a2cadf833,555d51ff1bac42627655cd513c9b59b330a64b19e490cf1a9f384f52ce34f73b
R8_tworoom_0764579b0e8192142a2aa0dd,REFIT_103203,R4_ALT_CEM_1,H_POLICY,FRESH_PAIRED_CONTROL,1,False,,4a12d21f5506234271401fc4ce7ab4290296071539c4beab73b81eede110a67b,
R8_tworoom_0764579b0e8192142a2aa0dd,REFIT_103203,R4_ALT_CEM_1,H_REAL3_REPLAN,COMPLETE,1,False,True,194f8f5ce786def0764a85b07c2f9c73615cdcf17b2d47ea340ef5db043857e2,d0d7a40cef72a87b9adb99b3b7d803301be44e0571e9de9d78b966225fdd423e
R8_tworoom_0764579b0e8192142a2aa0dd,REFIT_103203,R4_ALT_CEM_2,H_POLICY,FRESH_PAIRED_CONTROL,1,False,,5306e898f692b2df519a7329003ccb3fee2e0da5d0449577fd36829c48f57ca6,
R8_tworoom_0764579b0e8192142a2aa0dd,REFIT_103203,R4_ALT_CEM_2,H_REAL3_REPLAN,COMPLETE,1,False,True,426ccc1c0b507d92703e39e2959d8d25956178dcda5068d53dc043fec5f9d2bf,85270e14ea03d20920df4fc178e59bc58698125c01cb34c2d29cf201a6e64cd4
R8_tworoom_0764f83ed5ee645f1941be2f,H0,R3_ORIGINAL,H_POLICY,FRESH_PAIRED_CONTROL,1,True,,0f84e26c580db6d6aabe7c9a2822d87e38b23fce70518485781d24ba3c9f1f10,
R8_tworoom_0764f83ed5ee645f1941be2f,H0,R3_ORIGINAL,H_REAL3_REPLAN,COMPLETE,1,True,True,81c129c193dd7988a51c363d24fbe10b11e8c389a7b70c7b783b2e96efcfab07,6d93b7eb70ea8628e78ccfefea95f20d60a29d8dc61d17056a8c010f56d20345
R8_tworoom_0764f83ed5ee645f1941be2f,H0,R4_ALT_CEM_1,H_POLICY,FRESH_PAIRED_CONTROL,1,True,,1f8c8a18966054ac066adfb5dd080398fb05a2cf8ba97a5669b96f2e59420af9,
R8_tworoom_0764f83ed5ee645f1941be2f,H0,R4_ALT_CEM_1,H_REAL3_REPLAN,COMPLETE,1,True,True,d5668e4bbeafb59fd19172aae90b35ab911e43ed916557c1748e3ecaa14959a5,4200d5ac441cee42db50bb42fc74cd9b94b53f8ad3f78671cd726511e333aac3
R8_tworoom_0764f83ed5ee645f1941be2f,H0,R4_ALT_CEM_2,H_POLICY,FRESH_PAIRED_CONTROL,1,True,,032dd298740cdbe40bf82be1ecb672059ce34c1b930fbaad13809a2a9bf0e3e5,
R8_tworoom_0764f83ed5ee645f1941be2f,H0,R4_ALT_CEM_2,H_REAL3_REPLAN,COMPLETE,1,True,True,1d75bc1948337acda13e9cf7f95466b99ad8a876c6bc6f9616b158ca76abae04,d4d61027dbb71597a1aa296e79a1aa0275c6737a8762b15f97d0a4cf53f0c261
R8_tworoom_0764f83ed5ee645f1941be2f,REFIT_103201,R3_ORIGINAL,H_POLICY,FRESH_PAIRED_CONTROL,0,True,,00fd5874c360847580afc3d8819dc76331278ffef2df6542b1d91a39906d205d,
R8_tworoom_0764f83ed5ee645f1941be2f,REFIT_103201,R3_ORIGINAL,H_REAL3_REPLAN,COMPLETE,0,True,True,f6b1564151c9a713e61e37c3795e5a1a150260731030ccaf024e9563eb2172b2,0bc5eb5a9f2c0eba35694690a0d334f6ed4ee529b67e5ab764f5f5185dc05181
R8_tworoom_0764f83ed5ee645f1941be2f,REFIT_103201,R4_ALT_CEM_1,H_POLICY,FRESH_PAIRED_CONTROL,0,True,,4d926faf6f4128e1fc9abfa2834d5579ff97606db66a289ffa63c97b11009eba,
R8_tworoom_0764f83ed5ee645f1941be2f,REFIT_103201,R4_ALT_CEM_1,H_REAL3_REPLAN,COMPLETE,0,True,True,6f4ed0dbcffe2b4fe6df9ef36064f350610b01a03a26f3ecbae62677dc029be2,dd5699488bf8e2730fc5449afd980c27b15f4a6bb3c0abf21c34ac3c3a8d87d8
R8_tworoom_0764f83ed5ee645f1941be2f,REFIT_103201,R4_ALT_CEM_2,H_POLICY,FRESH_PAIRED_CONTROL,0,True,,f6342815685e637fbbb6bba237b7d3016715d062e01c97337518fc8da237dafc,
R8_tworoom_0764f83ed5ee645f1941be2f,REFIT_103201,R4_ALT_CEM_2,H_REAL3_REPLAN,COMPLETE,0,True,True,edf5a14a78827b3e22fc70282df2cff3ca1465bad2befdd9f3f15332949c6d35,ba6ff89655ee9f2a0e84266932a6ea8d7c4007eccb38717d5e30d6fa654c10e5
R8_tworoom_0764f83ed5ee645f1941be2f,REFIT_103202,R3_ORIGINAL,H_POLICY,FRESH_PAIRED_CONTROL,0,True,,31f4417a60b1e7fd7e17832dee11747bd4ba910f299037e5b2b3e9887663ffc6,
R8_tworoom_0764f83ed5ee645f1941be2f,REFIT_103202,R3_ORIGINAL,H_REAL3_REPLAN,COMPLETE,0,True,True,82dd5edee955b963a9c9c0c02a86b88e879fd51d6310911aa771b8d5d2d9b423,44140c50f9a27517056e48553b262591e1b19ea5c5ac2f9f5d9834977e95ed10
R8_tworoom_0764f83ed5ee645f1941be2f,REFIT_103202,R4_ALT_CEM_1,H_POLICY,FRESH_PAIRED_CONTROL,0,True,,5d70d266e81b4dccdfe9b49b889704727fe5699f57f279b894109aa84b37e54b,
R8_tworoom_0764f83ed5ee645f1941be2f,REFIT_103202,R4_ALT_CEM_1,H_REAL3_REPLAN,COMPLETE,0,True,True,4305ad84da2d6da0ec361602c823f115c5253af98aae524d7962c47fbfd5b9e8,cfab2250792cebea5c6f521e0df95c487942a8d514c3bde3602048cfb9240436
R8_tworoom_0764f83ed5ee645f1941be2f,REFIT_103202,R4_ALT_CEM_2,H_POLICY,FRESH_PAIRED_CONTROL,0,True,,185b5503eb2338c51320f5802304ac3bd76d6a908dcf47277692515030117b66,
R8_tworoom_0764f83ed5ee645f1941be2f,REFIT_103202,R4_ALT_CEM_2,H_REAL3_REPLAN,COMPLETE,0,True,True,9208f0e2b3bbbb932bb674da48b402c09f6a10503be52d25d1691a29f2e7eb92,335e82e21c23e4f46356ecbad956d695b07b41ddb3bcdd2e9ced39740963deda
R8_tworoom_0764f83ed5ee645f1941be2f,REFIT_103203,R3_ORIGINAL,H_POLICY,FRESH_PAIRED_CONTROL,0,True,,7d1b4c33da8775a0837d80ef72f67ba094274333d4974fe15dc72d16a9eadb24,
R8_tworoom_0764f83ed5ee645f1941be2f,REFIT_103203,R3_ORIGINAL,H_REAL3_REPLAN,COMPLETE,0,True,True,10b3d29cb7586883a346854b71479e0df918dd7733f984f7bd0c6965ae91a3e2,5e7903a026f5cbe453e1d45aa76e9d9fb6d795d1ac85e3ef2497d3097d74db75
R8_tworoom_0764f83ed5ee645f1941be2f,REFIT_103203,R4_ALT_CEM_1,H_POLICY,FRESH_PAIRED_CONTROL,1,True,,928efa6cdaeb2238ccbb06db05e85c4104e7e4e841f032f6626b4c5baae6460b,
R8_tworoom_0764f83ed5ee645f1941be2f,REFIT_103203,R4_ALT_CEM_1,H_REAL3_REPLAN,COMPLETE,1,True,True,a1a3f26eb705d3fb1ce143630e4853bbb587cd8e1ed52a449af6fd3614f11fe8,da1f95ab205ea90159c6544b7b6cb85703638fbee1ed9caec6f779292d85b37d
R8_tworoom_0764f83ed5ee645f1941be2f,REFIT_103203,R4_ALT_CEM_2,H_POLICY,FRESH_PAIRED_CONTROL,0,True,,2be8b773303480781303ddeac183ecef7b3ba343655f58222ed21d2edf6f76ef,
R8_tworoom_0764f83ed5ee645f1941be2f,REFIT_103203,R4_ALT_CEM_2,H_REAL3_REPLAN,COMPLETE,0,True,True,7b435bd42dcea8e9a0c6267593d5a4483f9cee60e0e7b04e9bbc45c6c8f3e66f,cf9156444d344a77094b0c343a1e9267f1532afafa6cf123fedeb0156400c924
R8_tworoom_077bc86183ed9b3f24c8b1a4,H0,R3_ORIGINAL,H_POLICY,FRESH_PAIRED_CONTROL,1,False,,763d98b4c3eacfbb5f462faab1d1811d211eda677ca039448170985eb4e922e2,
R8_tworoom_077bc86183ed9b3f24c8b1a4,H0,R3_ORIGINAL,H_REAL3_REPLAN,COMPLETE,1,False,True,20cf1e139b35b4091dfe93caed994a25467f920344edb3cd6cb5aac3d9521a03,0933b8e7203acc8082f1a6f2b5fbaa5752ae4c5171c2641e441b4a1b63d1f7a6
R8_tworoom_077bc86183ed9b3f24c8b1a4,H0,R4_ALT_CEM_1,H_POLICY,FRESH_PAIRED_CONTROL,1,False,,d983ed616eb74ef27c3542dc8418c37b554135d7328d763e82bb5063281336f1,
R8_tworoom_077bc86183ed9b3f24c8b1a4,H0,R4_ALT_CEM_1,H_REAL3_REPLAN,COMPLETE,1,False,True,05ca3ccdb5fc43e18ba104f8b1eabd87605aabf67597472b27fb1d69b0778208,b852ffbee9ec21fd6ba928a62960f2a4bf7c52f2b69cd27ad30b73a0f2fee839
R8_tworoom_077bc86183ed9b3f24c8b1a4,H0,R4_ALT_CEM_2,H_POLICY,FRESH_PAIRED_CONTROL,1,False,,16a85b2b452f740124376bf738802c427866f7678df4bdc28c655eb63300657c,
R8_tworoom_077bc86183ed9b3f24c8b1a4,H0,R4_ALT_CEM_2,H_REAL3_REPLAN,COMPLETE,1,False,True,f987d1bf6cd9d2d336038c6b61c72282b899708469932a6f992179c5af7de8bd,3c3b1bea282d2c67e8660d842d354df56819c2a86d96390eb454e95672249b56
R8_tworoom_077bc86183ed9b3f24c8b1a4,REFIT_103201,R3_ORIGINAL,H_POLICY,FRESH_PAIRED_CONTROL,1,False,,e2414cf2cc231b360224a338646fc46a5056a9ec468c4a909724a09b602e0c5d,
R8_tworoom_077bc86183ed9b3f24c8b1a4,REFIT_103201,R3_ORIGINAL,H_REAL3_REPLAN,COMPLETE,1,False,True,896530ecd5a7328a7b0746a6d4bb26bf7496c9b1c0f983e452813a7c020f935f,9e1bf5e42fc882dd6760da8cc45fe5170441d1a0aa67d48b4a50aac0606976df
R8_tworoom_077bc86183ed9b3f24c8b1a4,REFIT_103201,R4_ALT_CEM_1,H_POLICY,FRESH_PAIRED_CONTROL,1,False,,7d1ae4e778b6d569ca3b13c3b0d5ad5e19087720f559080b03a2177c81acb618,
R8_tworoom_077bc86183ed9b3f24c8b1a4,REFIT_103201,R4_ALT_CEM_1,H_REAL3_REPLAN,COMPLETE,1,False,True,56ffdcf1beb761ca5a43f7e27bb5394f63898550a98f9c1e732ac02552e06f0e,3cdc5eb463177258cc8b69a4f0ad2d9588eb120c76c1e26e8661693c4532d3dc
R8_tworoom_077bc86183ed9b3f24c8b1a4,REFIT_103201,R4_ALT_CEM_2,H_POLICY,FRESH_PAIRED_CONTROL,1,False,,ff235828215aeafaf0c636eb6e1f1e8b46cb1059e1fabbd0f004c03b0c4e6d5e,
R8_tworoom_077bc86183ed9b3f24c8b1a4,REFIT_103201,R4_ALT_CEM_2,H_REAL3_REPLAN,COMPLETE,1,False,True,c6dedadfcb2a36e80ccb2dfc4521b1f42255f7e2d15df1bd00e5e68cb2f2eba8,23d6c28b40f4ba945673e7815ac45063aa36354b14da5a97cb54f6a3acde64a3
R8_tworoom_077bc86183ed9b3f24c8b1a4,REFIT_103202,R3_ORIGINAL,H_POLICY,FRESH_PAIRED_CONTROL,1,False,,fc98755d84503597944401c17d9b84df3e35f57fb41587fe52888b7a84066b2f,
R8_tworoom_077bc86183ed9b3f24c8b1a4,REFIT_103202,R3_ORIGINAL,H_REAL3_REPLAN,COMPLETE,1,False,True,fd68fce2b5e7ed944a3359d1cf58bc0f531881096f8661d9764c5a176dedca63,be006afb396b32eaee9e0f9293496cc950cad5de4de7392ce0e06f43aaca77e8
R8_tworoom_077bc86183ed9b3f24c8b1a4,REFIT_103202,R4_ALT_CEM_1,H_POLICY,FRESH_PAIRED_CONTROL,1,False,,c5d027e7ce14bf8c01d4c7cb7f53bdfa8b3f2c64b5746e9e3d1232581b0e2cd5,
R8_tworoom_077bc86183ed9b3f24c8b1a4,REFIT_103202,R4_ALT_CEM_1,H_REAL3_REPLAN,COMPLETE,1,False,True,8b09753380cd9c3d55132e8bf2e3f127ee640d43691ab587aa35e82e1ee68134,b4b62476965080a72090ced4d029883dc4b6fbf669bfb143fb1401ef32308be8
R8_tworoom_077bc86183ed9b3f24c8b1a4,REFIT_103202,R4_ALT_CEM_2,H_POLICY,FRESH_PAIRED_CONTROL,1,False,,9f60bab7c08506dae2d3d413ba3795db78313acbd0edb8f949922c78b8350e89,
R8_tworoom_077bc86183ed9b3f24c8b1a4,REFIT_103202,R4_ALT_CEM_2,H_REAL3_REPLAN,COMPLETE,1,False,True,1d37bff158724e87d29021f9be8b2e54d018785fe4ef15be27d94ba88ceea245,02a9fc861971171b7dd830a184f86b5d0ae0d08ada2311cfc54451fe3f3ad817
R8_tworoom_077bc86183ed9b3f24c8b1a4,REFIT_103203,R3_ORIGINAL,H_POLICY,FRESH_PAIRED_CONTROL,1,False,,0771f28e0245daff826300e29042960680c3f4d412fcd4bd1b938eb459379708,
R8_tworoom_077bc86183ed9b3f24c8b1a4,REFIT_103203,R3_ORIGINAL,H_REAL3_REPLAN,COMPLETE,1,False,True,7757665c907717b7a31f247544ae9a406f2af71abf21d39f90bea8ba9242eca1,7df6f2a384f2a5b4958894e50f22bc8bd1692666e6f1dd54e2276e972c0d87ba
R8_tworoom_077bc86183ed9b3f24c8b1a4,REFIT_103203,R4_ALT_CEM_1,H_POLICY,FRESH_PAIRED_CONTROL,1,False,,090299256ceef06d477dc903bc74de3b190b89a127e317bccfcdd6c6d93894e5,
R8_tworoom_077bc86183ed9b3f24c8b1a4,REFIT_103203,R4_ALT_CEM_1,H_REAL3_REPLAN,COMPLETE,1,False,True,210acf474a19b88126bb546c82024ccbb77af9d494407fea44c2343b6dc20e9a,8d3a8d52e4e1248a1c5c2d2132d65cefb8feb667558c2298940ab0dbd0e14f6d
R8_tworoom_077bc86183ed9b3f24c8b1a4,REFIT_103203,R4_ALT_CEM_2,H_POLICY,FRESH_PAIRED_CONTROL,1,False,,4c5df7c784dc12062f8eb534ec00d57cfc1e6992ea65484fbecdc804df480a44,
R8_tworoom_077bc86183ed9b3f24c8b1a4,REFIT_103203,R4_ALT_CEM_2,H_REAL3_REPLAN,COMPLETE,1,False,True,a9aa0428b23e33e8de77fee2cdf1ed29adbf9022d435edce1245e8581e115a22,a34c2946175d31fb36c24699ffe61bea94da126697218f30ab8a0b3ba7b8a3c9
R8_tworoom_0786a563c4ee34cac10614cf,H0,R3_ORIGINAL,H_POLICY,FRESH_PAIRED_CONTROL,1,False,,c47ff2e5a6315ee666bc1eae5431a5c9f58a8fddd16171cc9965349bf93b3fae,
R8_tworoom_0786a563c4ee34cac10614cf,H0,R3_ORIGINAL,H_REAL3_REPLAN,COMPLETE,1,False,True,8f7000500abc5d5b753ebb543e4bd9a339964994b933e4eedc1095e2f267540d,20c74d2ea7075c01b9d93d6c2030a0e8a8f15141f7ad52d5a135ef5021f72b1e
R8_tworoom_0786a563c4ee34cac10614cf,H0,R4_ALT_CEM_1,H_POLICY,FRESH_PAIRED_CONTROL,1,False,,541af3254888f0ed43b2828d438d2d63b731d20597b92ebf35d8cc6fe5e648e4,
R8_tworoom_0786a563c4ee34cac10614cf,H0,R4_ALT_CEM_1,H_REAL3_REPLAN,COMPLETE,1,False,True,02e9e105c0e436156ae543576d8495c75c9fa2b827a35a99b31e9e71eabc70f5,220bad4ddbf6f067799d97ffe795198f8e66b7483b6ed6217738cf5bade62796
R8_tworoom_0786a563c4ee34cac10614cf,H0,R4_ALT_CEM_2,H_POLICY,FRESH_PAIRED_CONTROL,1,False,,3f4d760897563cb54b96cdd6c8d034fccfaaa32f6c2048fb401165d58a949a4a,
R8_tworoom_0786a563c4ee34cac10614cf,H0,R4_ALT_CEM_2,H_REAL3_REPLAN,COMPLETE,1,False,True,e3bc41279b43ac62c2a678fa773db7ad0a3179168731c79825da6170c6ae2479,66d548f3302ae610e8ebde3ecb1b5da79a6be27d910b8fbaa25b51e01df5540a
R8_tworoom_0786a563c4ee34cac10614cf,REFIT_103201,R3_ORIGINAL,H_POLICY,FRESH_PAIRED_CONTROL,1,False,,a4be290d8305d429c88e07127fc22c311da39d4f3ea5fe855781706e4d47cf8c,
R8_tworoom_0786a563c4ee34cac10614cf,REFIT_103201,R3_ORIGINAL,H_REAL3_REPLAN,COMPLETE,1,False,True,8592a330bfd10b382ec9a4a47f7c95aced6aa7940f3b38ab5cc535c76c0ab6b1,9b743029837fdcfeb30b44a15e4f156889394f58f3f1b222588aa575bd4354e2
R8_tworoom_0786a563c4ee34cac10614cf,REFIT_103201,R4_ALT_CEM_1,H_POLICY,FRESH_PAIRED_CONTROL,1,False,,aea039bd4261c05bd6a03b5585d51df12fa48b9523562010feb445fdad46b646,
R8_tworoom_0786a563c4ee34cac10614cf,REFIT_103201,R4_ALT_CEM_1,H_REAL3_REPLAN,COMPLETE,1,False,True,a839a03526edd1bd9535bea0fbb13351472c30b2c3a60d468eb59435276b3732,cec8b00172b9b75f1ebe9a647b91fd3d47455fcd788522f69b132da35f6b934b
R8_tworoom_0786a563c4ee34cac10614cf,REFIT_103201,R4_ALT_CEM_2,H_POLICY,FRESH_PAIRED_CONTROL,1,False,,1d50003051bcc94a12283e6b15c06a42246269f5c52578e0ec6970292e574fb5,
R8_tworoom_0786a563c4ee34cac10614cf,REFIT_103201,R4_ALT_CEM_2,H_REAL3_REPLAN,COMPLETE,1,False,True,849a0d29d20e14e15f7c1c8a80673b02858ab2d910c252fe4b25b101a7500bc0,6d98c0e72320a4848bd0d7687c3ffc0df353ffd4d231cf7e90ca5577cd8f1cac
R8_tworoom_0786a563c4ee34cac10614cf,REFIT_103202,R3_ORIGINAL,H_POLICY,FRESH_PAIRED_CONTROL,1,False,,4b6882cf6e8ecd6f245e1caa7ac08d14c2ac16d1c16bc679fbdce326af1a0c14,
R8_tworoom_0786a563c4ee34cac10614cf,REFIT_103202,R3_ORIGINAL,H_REAL3_REPLAN,COMPLETE,1,False,True,a308ab7c882285f157dcab5465b49bfa5dbaa584a23cbc7b2340c71285f15503,0b46ffe25c1a5c2af1b8c7202da9dee7a13b4c6ce151e4c20e4abf839fcda414
R8_tworoom_0786a563c4ee34cac10614cf,REFIT_103202,R4_ALT_CEM_1,H_POLICY,FRESH_PAIRED_CONTROL,1,False,,80e21ee119bbd386ecf3cf7f4d510d7c6b1ed61ad4d41e7d262dffd26865f866,
R8_tworoom_0786a563c4ee34cac10614cf,REFIT_103202,R4_ALT_CEM_1,H_REAL3_REPLAN,COMPLETE,1,False,True,eb7ac76094df84b9ee032f436b175a7167daef25809de1a848f198d203770f04,2442fcc323d9d7be9f1e5076ee874d6aef9b4dac38b48431b87a8c0a6f890b83
R8_tworoom_0786a563c4ee34cac10614cf,REFIT_103202,R4_ALT_CEM_2,H_POLICY,FRESH_PAIRED_CONTROL,1,False,,2026e9779e98da187b87df68427308b3bfc3ba98615e972d28b315bccb10861c,
R8_tworoom_0786a563c4ee34cac10614cf,REFIT_103202,R4_ALT_CEM_2,H_REAL3_REPLAN,COMPLETE,1,False,True,25c0445288cc10db41f1f32749ad0303a9cf9ae0b7489480a3c7d7dbf71ac2e1,cd13205cccf22753f7d482caeb6a5e38bb943f6186fded9e46d0522bc6044ab1
R8_tworoom_0786a563c4ee34cac10614cf,REFIT_103203,R3_ORIGINAL,H_POLICY,FRESH_PAIRED_CONTROL,1,False,,9657f975fea3aa2460fa0f744901b7bb79436342d0369fab5768c3a75af32aa2,
R8_tworoom_0786a563c4ee34cac10614cf,REFIT_103203,R3_ORIGINAL,H_REAL3_REPLAN,COMPLETE,1,False,True,41e9abd0eb02e3b568046efcf232cbc1dfcd36f6ec61fccf92f7e39c20dd545c,9cae1375363525db02e3a5ddd0eb943fc99464a1501c05f445183c972c6302db
R8_tworoom_0786a563c4ee34cac10614cf,REFIT_103203,R4_ALT_CEM_1,H_POLICY,FRESH_PAIRED_CONTROL,1,False,,162642959c18d660c22afc23c3ec8e0ff0d6b1b61437aefc132bc7db8c6c98e3,
R8_tworoom_0786a563c4ee34cac10614cf,REFIT_103203,R4_ALT_CEM_1,H_REAL3_REPLAN,COMPLETE,1,False,True,ad2e6dfe4b725981d3ebd1bdb4fa06f92bf56c36ddd596e61d4fc0c0c4911c78,585257220063d50c8803497dbc65e9556a2de5ddbe364e1566861548c858a3c8
R8_tworoom_0786a563c4ee34cac10614cf,REFIT_103203,R4_ALT_CEM_2,H_POLICY,FRESH_PAIRED_CONTROL,1,False,,addecd6e7f0ea6ccf82890837cc670176c834133ef4c25c356871b64c1ae7ddd,
R8_tworoom_0786a563c4ee34cac10614cf,REFIT_103203,R4_ALT_CEM_2,H_REAL3_REPLAN,COMPLETE,1,False,True,16024c590deb3a756f2bbc3b7de538b1961b93f578a189853a63f4250432cbcb,f31d1cfd593ac123f8d0c9bcc0a2af16eedada366c67745220a2a6e80198bf78
R8_tworoom_0796fdd68bdc6e8d0f32164a,H0,R3_ORIGINAL,H_POLICY,FRESH_PAIRED_CONTROL,0,True,,2fafdec412fbe869fece7abe2fa07407bc34b369202df11605ce54a98ccc2f09,
R8_tworoom_0796fdd68bdc6e8d0f32164a,H0,R3_ORIGINAL,H_REAL3_REPLAN,COMPLETE,0,True,True,7e5eb63de15b516c9addf34da67fe9f0cca8b567177e590fb85412afda867bc8,f4e8176b8fd01e5f248927aa092c96694b70b80f5146f4f19db06d6090251112
R8_tworoom_0796fdd68bdc6e8d0f32164a,H0,R4_ALT_CEM_1,H_POLICY,FRESH_PAIRED_CONTROL,0,True,,a92c44fa5c0d7c6c5ddad53c56e5f5bc72fa48c58677f8b926f5d91f22120f75,
R8_tworoom_0796fdd68bdc6e8d0f32164a,H0,R4_ALT_CEM_1,H_REAL3_REPLAN,COMPLETE,0,True,True,a9b80c6fbcee6250a4985c32d541dd5626b7c67b1204d21f36b586da2feb428b,ee0f60c4157584a5707cba0f8c006840ace33c912f4c2bfaaf18ca1701f0c7c1
R8_tworoom_0796fdd68bdc6e8d0f32164a,H0,R4_ALT_CEM_2,H_POLICY,FRESH_PAIRED_CONTROL,0,True,,dbf0636a47f5a987ac50074cfb1cf1772a64c99be2990e2ffca09bdf3d89f8af,
R8_tworoom_0796fdd68bdc6e8d0f32164a,H0,R4_ALT_CEM_2,H_REAL3_REPLAN,COMPLETE,0,True,True,6405b25cc071db4ee14e17f0a2c1a63c0feccfdaad8c1f82126395c34edab3bd,fb62365e6757f28519bb44f01b97bbe2032482fc003cc349db7446d598e897da
R8_tworoom_0796fdd68bdc6e8d0f32164a,REFIT_103201,R3_ORIGINAL,H_POLICY,FRESH_PAIRED_CONTROL,0,True,,1f2ed110f6644b55d3f296b569486ba60c562c93fbea880313b22a1f69b14cbb,
R8_tworoom_0796fdd68bdc6e8d0f32164a,REFIT_103201,R3_ORIGINAL,H_REAL3_REPLAN,COMPLETE,0,True,True,f1f5b548c4bfb53a9ff7ebb63da3b3c1c598950bcf16b8ba9e27022aa3685f5a,8bd4c929c16340efa93eafe81b1bf9fd46139a30ba854da6a77783cb09991aeb
R8_tworoom_0796fdd68bdc6e8d0f32164a,REFIT_103201,R4_ALT_CEM_1,H_POLICY,FRESH_PAIRED_CONTROL,0,True,,cf14dd432c78b68e1199b752bd4650332ef0cca6c634bdf02fd2c7a7e24799ce,
R8_tworoom_0796fdd68bdc6e8d0f32164a,REFIT_103201,R4_ALT_CEM_1,H_REAL3_REPLAN,COMPLETE,0,True,True,efbc868149c97ebbc7dbefe20561e7ec542283ca5e37d330af00eaff9fb5c3d6,20e7809c34e8d6f258a96b497cec9f755bc3f71d7b1621808205dffbf91af3f7
R8_tworoom_0796fdd68bdc6e8d0f32164a,REFIT_103201,R4_ALT_CEM_2,H_POLICY,FRESH_PAIRED_CONTROL,0,True,,596cf102db900a0838943d87acfeca5dd68d1b7cacaa185828b63995d1835a28,
R8_tworoom_0796fdd68bdc6e8d0f32164a,REFIT_103201,R4_ALT_CEM_2,H_REAL3_REPLAN,COMPLETE,0,True,True,d16eb03dc595f51f29ae6c6969115143086e84c9b2d166ddee7b262353017b39,9ee25b3322642f5df9ff9383f81cdf72f7b0849be57606ea5e81c31fb2e3cae9
R8_tworoom_0796fdd68bdc6e8d0f32164a,REFIT_103202,R3_ORIGINAL,H_POLICY,FRESH_PAIRED_CONTROL,0,True,,d14eeb9519abff4501cb467279e1d6f95340b469a8aacbc6b7d3770fa4df3029,
R8_tworoom_0796fdd68bdc6e8d0f32164a,REFIT_103202,R3_ORIGINAL,H_REAL3_REPLAN,COMPLETE,0,True,True,d2953aa033c4ee48fca770f48b7309b805c4d1f6f0afe08d0291af65d2897193,c6ef4937ea922efe7590058b22eede468441155d2151371153da292a315be88e
R8_tworoom_0796fdd68bdc6e8d0f32164a,REFIT_103202,R4_ALT_CEM_1,H_POLICY,FRESH_PAIRED_CONTROL,0,True,,0877ad391cbb09395378357f743b0d67e5ee873315e3ee3c487e8e2bc01a71a0,
R8_tworoom_0796fdd68bdc6e8d0f32164a,REFIT_103202,R4_ALT_CEM_1,H_REAL3_REPLAN,COMPLETE,0,True,True,a61b2fdc19d000047aa627929a5dae4c1b1763f515ebbc42b97b8159f15585bf,e606557d30a7e970820a9cf78aa8488dbec51cf94f8a7ad9a306fee5fe59fe32
R8_tworoom_0796fdd68bdc6e8d0f32164a,REFIT_103202,R4_ALT_CEM_2,H_POLICY,FRESH_PAIRED_CONTROL,0,True,,5bf8ce30b2232b3b976df157ebe72114264c7ab33dc06bf2e7b0c3864c5fccaa,
R8_tworoom_0796fdd68bdc6e8d0f32164a,REFIT_103202,R4_ALT_CEM_2,H_REAL3_REPLAN,COMPLETE,0,True,True,3f114c6026a08760c554a3acbb588bd165ce35b56d6b77c26a461ac1a82ec4f1,ea962523051e4dcf2e0ad2ce80e968e54d01e7b65bdea712e2348a087e66a2b6
R8_tworoom_0796fdd68bdc6e8d0f32164a,REFIT_103203,R3_ORIGINAL,H_POLICY,FRESH_PAIRED_CONTROL,0,True,,4fc8246024a16a5cb28d8cf2beb49f00a814bdc333be88c6aecc6f0442f3cd6a,
R8_tworoom_0796fdd68bdc6e8d0f32164a,REFIT_103203,R3_ORIGINAL,H_REAL3_REPLAN,COMPLETE,0,True,True,c2653e584c8e13df0761a4d4d567de3c265fb969df3b9793980f7d8948ef77ca,2c9b8ec89e7071878f6f97e83d7a67e3cc51e7fb7146a94d1861b543b0fc4719
R8_tworoom_0796fdd68bdc6e8d0f32164a,REFIT_103203,R4_ALT_CEM_1,H_POLICY,FRESH_PAIRED_CONTROL,0,True,,f1d8bc0d49409a0bf208f805af3d790d4c9b4b0e5b1aa03f4a3558d2162db7db,
R8_tworoom_0796fdd68bdc6e8d0f32164a,REFIT_103203,R4_ALT_CEM_1,H_REAL3_REPLAN,COMPLETE,0,True,True,3a34a689ac5bc8bfd2826ee8beb649fe9f42479e5266980083c84ab29c31ffc0,26cd9131d70b2bcbb3d74e7f6e73c86056f03edffec91280a7eed6b1ada0a6e7
R8_tworoom_0796fdd68bdc6e8d0f32164a,REFIT_103203,R4_ALT_CEM_2,H_POLICY,FRESH_PAIRED_CONTROL,0,True,,1f1e234c842e25d9c23310dbc967e93e983806fa066b4db8ee85ecf9244b90ec,
R8_tworoom_0796fdd68bdc6e8d0f32164a,REFIT_103203,R4_ALT_CEM_2,H_REAL3_REPLAN,COMPLETE,0,True,True,7dd07ba73005d4dbd5a2fe4e58762b30812d3523b0a2d6264342bb74a210cb25,9f1d7f61acd117cd9430bfd2bccc00875c1aa66aedc68283e95c3521954c0f4f
R8_tworoom_079ace4574dabaf5a9dd4436,H0,R3_ORIGINAL,H_POLICY,FRESH_PAIRED_CONTROL,0,True,,c915cf8b2f86507f7087c96c2570912c9c22809ca74cecdaa017f7fc9982aab9,
R8_tworoom_079ace4574dabaf5a9dd4436,H0,R3_ORIGINAL,H_REAL3_REPLAN,COMPLETE,0,True,True,3d5bcf72bc460d9d4a5a53174d612205a3d3a498e4c086321114f49232d21fd3,adb73684c465d8c8556e968be950c4b3e73c48900de4755784ca0fcc224e3dc9
R8_tworoom_079ace4574dabaf5a9dd4436,H0,R4_ALT_CEM_1,H_POLICY,FRESH_PAIRED_CONTROL,0,True,,ccd750eaef06e54e321f22c5ca386c3271cdcfc66f9261daaf6b49fbebcbac6d,
R8_tworoom_079ace4574dabaf5a9dd4436,H0,R4_ALT_CEM_1,H_REAL3_REPLAN,COMPLETE,0,True,True,bf233322b9aaefd8699e181bd639e7d847061059d9309db8e00306c4c5e8c743,e186b3dde90db5cf846ef7ff631ccd8247e548db3d96e185293274d3003aef42
R8_tworoom_079ace4574dabaf5a9dd4436,H0,R4_ALT_CEM_2,H_POLICY,FRESH_PAIRED_CONTROL,0,True,,d08cb9e9fbe09fcea6c44911a314e9dd7c993e6c00dfc2b2433e647905a41de1,
R8_tworoom_079ace4574dabaf5a9dd4436,H0,R4_ALT_CEM_2,H_REAL3_REPLAN,COMPLETE,0,True,True,8d487372155fa58421bf86a164138ac913ca0b711b1dd943a5f464fabd902d45,bc32e2bcb147f3c4ebcc526e6f52e916572d28963511f4d177a8585d87f2eb1a
R8_tworoom_079ace4574dabaf5a9dd4436,REFIT_103201,R3_ORIGINAL,H_POLICY,FRESH_PAIRED_CONTROL,0,True,,46b0f6ba531deff6b783f9761d975846085c2798b5ff8f68171e8d0cb50c366d,
R8_tworoom_079ace4574dabaf5a9dd4436,REFIT_103201,R3_ORIGINAL,H_REAL3_REPLAN,COMPLETE,0,True,True,8a9758e824d05c4fb33447871b99bdbaf92afedb5f2225c8eccedf321ab3a1ed,da0883765b77bae3bac1f0324bf9055f682ee89e78bf23ddee7e7dd30962f102
R8_tworoom_079ace4574dabaf5a9dd4436,REFIT_103201,R4_ALT_CEM_1,H_POLICY,FRESH_PAIRED_CONTROL,0,True,,f29518bcd6d6cac0588000c6ad4f6eeacdd35ea8e20c93dffa877b82cb2b437d,
R8_tworoom_079ace4574dabaf5a9dd4436,REFIT_103201,R4_ALT_CEM_1,H_REAL3_REPLAN,COMPLETE,0,True,True,f5645fd4927fe7514e0bb04516f778acbed6531613bb4a9b9ae4a9aba9c9d496,631e56e9558dd8ccfe602121e802bcbc9290be49f7292c116fba80721483f30a
R8_tworoom_079ace4574dabaf5a9dd4436,REFIT_103201,R4_ALT_CEM_2,H_POLICY,FRESH_PAIRED_CONTROL,0,True,,7db1156116b28f42100b5fddd4119fe8ce7b3a5b5bdd3ec9cb1cc7e22d178dde,
R8_tworoom_079ace4574dabaf5a9dd4436,REFIT_103201,R4_ALT_CEM_2,H_REAL3_REPLAN,COMPLETE,0,True,True,b6afd209cf81b0e8d999baeaf420c653cc135f6c0613e34712961a480f854e13,7f5fa27e2135475699088f47ea11c27d947ae21eddbbc4e9c08497e23956890e
R8_tworoom_079ace4574dabaf5a9dd4436,REFIT_103202,R3_ORIGINAL,H_POLICY,FRESH_PAIRED_CONTROL,0,True,,1fb9ceed37c1addb9d7ef5120e8dea3b531ca9df4ff5fa6deaf71c76db7d78e9,
R8_tworoom_079ace4574dabaf5a9dd4436,REFIT_103202,R3_ORIGINAL,H_REAL3_REPLAN,COMPLETE,0,True,True,ecbb4429164c5bc06add26d87dbce04fc3295ee20e514eb8c78b107d49778e08,0499e44acfdae06b35c62371a15ecb1f6d4e22a34a2f4fbff484ccd5ad464648
R8_tworoom_079ace4574dabaf5a9dd4436,REFIT_103202,R4_ALT_CEM_1,H_POLICY,FRESH_PAIRED_CONTROL,0,True,,d28042133765ac565d2f1ef83962ca7672ff93ebe09c9176e16f2982e11d1d76,
R8_tworoom_079ace4574dabaf5a9dd4436,REFIT_103202,R4_ALT_CEM_1,H_REAL3_REPLAN,COMPLETE,0,True,True,aee02f922103545fe656bcb0762172800d74bc8eff87e76743311e30136a8214,53883018df6b13e70e00ad8826bd558c06b24c03dd2136943be5f9f55d2b1fd1
R8_tworoom_079ace4574dabaf5a9dd4436,REFIT_103202,R4_ALT_CEM_2,H_POLICY,FRESH_PAIRED_CONTROL,0,True,,f10247c5ec3b563ad6f5899d4929d206dac6bb2ea73ecd476a396a24022eadaa,
R8_tworoom_079ace4574dabaf5a9dd4436,REFIT_103202,R4_ALT_CEM_2,H_REAL3_REPLAN,COMPLETE,0,True,True,c572d48073c4666f7d48e2bd5f3ab0660623c8a8d6202592d4296c0f8ade6dbb,2c0c450a5c599e8d4e97fba5a047cf0c5705c5859f8045e4fb9779531e722280
R8_tworoom_079ace4574dabaf5a9dd4436,REFIT_103203,R3_ORIGINAL,H_POLICY,FRESH_PAIRED_CONTROL,0,True,,774a024a55b16b12c15c866c5efd800d25d4deea6bab1eecf484679961ee319d,
R8_tworoom_079ace4574dabaf5a9dd4436,REFIT_103203,R3_ORIGINAL,H_REAL3_REPLAN,COMPLETE,0,True,True,dc183196e3a6c98c87add59d6c42045333922865ebe5a1ac600be9abef67c96e,9f231bd4c6b473c9ac7ff9dfaf71a997b8d9090b75509c7741c2d47392e8aa2a
R8_tworoom_079ace4574dabaf5a9dd4436,REFIT_103203,R4_ALT_CEM_1,H_POLICY,FRESH_PAIRED_CONTROL,0,True,,b9add550984c940efbafadad883eec2e7f0c81a13c39b424eaaf550854f552ff,
R8_tworoom_079ace4574dabaf5a9dd4436,REFIT_103203,R4_ALT_CEM_1,H_REAL3_REPLAN,COMPLETE,0,True,True,e48fe2d3c2a63bc186395f5632f3b8c228ef769f49df920777c7731a87f72308,d231ba7156404a93c125069b70549b9ec30c2a3537cec0b67a32b4b197f0e560
R8_tworoom_079ace4574dabaf5a9dd4436,REFIT_103203,R4_ALT_CEM_2,H_POLICY,FRESH_PAIRED_CONTROL,0,True,,734aae8fcfd03b7a4304fe4fabd49c44df4f54c427dc3a4f32b76afcbe677b74,
R8_tworoom_079ace4574dabaf5a9dd4436,REFIT_103203,R4_ALT_CEM_2,H_REAL3_REPLAN,COMPLETE,0,True,True,dbd33bf39a176206977f091dda6b6b57bc1e8de01807ebdff33d2511706a2800,7313c0cf1fb5e044212cfd9b1812515e55814da12e95d7dca50371dd6054a4dd
R8_tworoom_07c9d6108d179b32ff54d64c,H0,R3_ORIGINAL,H_POLICY,FRESH_PAIRED_CONTROL,1,False,,5acbeb0aa8e172dcaa8bf962082d1bdd26ffb1b6e714fc6d0bc3e70e3418dc39,
R8_tworoom_07c9d6108d179b32ff54d64c,H0,R3_ORIGINAL,H_REAL3_REPLAN,COMPLETE,1,False,True,a370206c5242a9ba4748d7a8ce1a07a89dc859e5533bb11ae3ce49d1266a51ad,8af002487c935359da236d1599418c7566d8e9e34b89657c5f838f1b80621dfc
R8_tworoom_07c9d6108d179b32ff54d64c,H0,R4_ALT_CEM_1,H_POLICY,FRESH_PAIRED_CONTROL,1,False,,22c633b43bd63572c0da7c7fd5d820dc45cdc02a190ff03e4d868687ef38b498,
R8_tworoom_07c9d6108d179b32ff54d64c,H0,R4_ALT_CEM_1,H_REAL3_REPLAN,COMPLETE,1,False,True,3916a16c7788e5292d4963753c698598a0ecc5071432747778f0dab89ab32efb,88e1485503d64b2fa2beface02e6cbcdaaf7efedc6f7af705c1c378bb979a940
R8_tworoom_07c9d6108d179b32ff54d64c,H0,R4_ALT_CEM_2,H_POLICY,FRESH_PAIRED_CONTROL,1,False,,de9b1f1679d118540a6b4d4a8e2874179039736bd47f28425be15ba17d67324d,
R8_tworoom_07c9d6108d179b32ff54d64c,H0,R4_ALT_CEM_2,H_REAL3_REPLAN,COMPLETE,1,False,True,61409e07716fc1d6b38f613f1a2854b82562e3f48eea90472509b47193f8fdb3,c06ac53d022a8994758b2693d86d84cce8ebdab14022d3b9d5be2fb03936a757
R8_tworoom_07c9d6108d179b32ff54d64c,REFIT_103201,R3_ORIGINAL,H_POLICY,FRESH_PAIRED_CONTROL,1,True,,964b8b1a2558a363f2ad6913d2e3ca8f1996b5d738cd98ac09e0388bd6a52a17,
R8_tworoom_07c9d6108d179b32ff54d64c,REFIT_103201,R3_ORIGINAL,H_REAL3_REPLAN,COMPLETE,1,True,True,3a62daac0d6933c42588117a9c82925f8e3073d1f2f3298d82fe0e4a7991dda9,87a3cc53b88d656326467720b7e94abdf59924f0d24c3bf2b7e96cdfe85a2d5f
R8_tworoom_07c9d6108d179b32ff54d64c,REFIT_103201,R4_ALT_CEM_1,H_POLICY,FRESH_PAIRED_CONTROL,1,False,,79b344943df846819e6a385f461d9c60b31d817f4cd913907c6fa3192ff8bb81,
R8_tworoom_07c9d6108d179b32ff54d64c,REFIT_103201,R4_ALT_CEM_1,H_REAL3_REPLAN,COMPLETE,1,False,True,c8651fec3d46d23c0570a7b5b6c86355789cded981962eb29b1676b966c33ac7,7bbc96bffa7560dd58ddfe3fc3f4de987ed357ee2964436f9bce3360e871bf5a
R8_tworoom_07c9d6108d179b32ff54d64c,REFIT_103201,R4_ALT_CEM_2,H_POLICY,FRESH_PAIRED_CONTROL,1,False,,c8debdfdcc76305fd1ac9eda5b2eb7cacdbc411f5cdfc26dde42b177ac79aaf2,
R8_tworoom_07c9d6108d179b32ff54d64c,REFIT_103201,R4_ALT_CEM_2,H_REAL3_REPLAN,COMPLETE,1,False,True,cbd61e362f97f0a8e8418a636e3b9f432506aa9d9aaca4c8528e2fc51a17788f,233e55d109bd774c3014e103e20d4ac80d6683cd4b00dffe54df183819071ac1
R8_tworoom_07c9d6108d179b32ff54d64c,REFIT_103202,R3_ORIGINAL,H_POLICY,FRESH_PAIRED_CONTROL,1,True,,20798457e7b3bcf958dbf89ced3c11b3295c49be755fc869f0b06a494427b0f9,
R8_tworoom_07c9d6108d179b32ff54d64c,REFIT_103202,R3_ORIGINAL,H_REAL3_REPLAN,COMPLETE,1,True,True,b8ff3999aa06006a11c1f817461bf2add9ed0d03849a0d7615e21269ab8f01fc,3cb770e1b83e15174e1dfc7c2f197ef46bac88f8eb861db70113d487ca1cefad
R8_tworoom_07c9d6108d179b32ff54d64c,REFIT_103202,R4_ALT_CEM_1,H_POLICY,FRESH_PAIRED_CONTROL,1,False,,2077ad1606b2466f28c9660d226f41c0480c9b84fb180bb7843a176cb4ca028c,
R8_tworoom_07c9d6108d179b32ff54d64c,REFIT_103202,R4_ALT_CEM_1,H_REAL3_REPLAN,COMPLETE,1,False,True,f335e677ff5dc46c919554573d1645c7a5ad359a12c7ef2988644f5ec5e9dfb5,fc4e71576548cf921545a3fbe52ada385f50fb0e05dd2b4404d623347d00f951
R8_tworoom_07c9d6108d179b32ff54d64c,REFIT_103202,R4_ALT_CEM_2,H_POLICY,FRESH_PAIRED_CONTROL,1,False,,be575b54aa139ef69c93c568b83e1fe5c65b5a68a6be38d4ff97dd9f736d9044,
R8_tworoom_07c9d6108d179b32ff54d64c,REFIT_103202,R4_ALT_CEM_2,H_REAL3_REPLAN,COMPLETE,1,False,True,8debe1da1e11bdf72c422be64dbdb29bf2721eeba80308d9a18b8d7352343611,be07927fb16b3f51a3633902455501103169db651a46f97cd6ccae53737f4edc
R8_tworoom_07c9d6108d179b32ff54d64c,REFIT_103203,R3_ORIGINAL,H_POLICY,FRESH_PAIRED_CONTROL,1,True,,0f6ae49eb1696841fcbfefe27509f169def18d3abaee017ad36097e372974fdc,
R8_tworoom_07c9d6108d179b32ff54d64c,REFIT_103203,R3_ORIGINAL,H_REAL3_REPLAN,COMPLETE,1,True,True,bd68f14a7ff5c422cf42644ea02eba1c86acac56f8053e67f49c88f8d93f8a1f,b180a593548017ada428699963bd2c715c0e6d3be5c8ee6dfcb35b018b8e4f96
R8_tworoom_07c9d6108d179b32ff54d64c,REFIT_103203,R4_ALT_CEM_1,H_POLICY,FRESH_PAIRED_CONTROL,1,False,,a01377c7457572c00c56830f28faa0104ae6af443ed14bbdf376a25c06211cdd,
R8_tworoom_07c9d6108d179b32ff54d64c,REFIT_103203,R4_ALT_CEM_1,H_REAL3_REPLAN,COMPLETE,1,False,True,492a4492f36e561fc1c8a37aa1367854cdc8510541d2cfa7c0de244fc0b9c695,272d1ec72d99e469100ff46a50c473fdbbdbebdf65979b8058b6f57be76da4a7
R8_tworoom_07c9d6108d179b32ff54d64c,REFIT_103203,R4_ALT_CEM_2,H_POLICY,FRESH_PAIRED_CONTROL,1,False,,6164456f1aee58c5b92919ca4f752584d86b6232fa3b8da234025df4fe8d444e,
R8_tworoom_07c9d6108d179b32ff54d64c,REFIT_103203,R4_ALT_CEM_2,H_REAL3_REPLAN,COMPLETE,1,False,True,dff80fced1517800235c970967599093b2629de6329d940eb6ca9241d3db1baf,ba041e57379dad31c38cbf8d6e7b85b6497df64aa3be27c592c1da84b403d0f2
R8_tworoom_07d28ef566f88a6ee041edd2,H0,R3_ORIGINAL,H_POLICY,FRESH_PAIRED_CONTROL,1,False,,2a742672caecccfc7706b45575fb7ae89313708a08cf0d04d559efbbbf1a063c,
R8_tworoom_07d28ef566f88a6ee041edd2,H0,R3_ORIGINAL,H_REAL3_REPLAN,COMPLETE,1,False,True,6c1fc8d62080945b6a7535220ac3c5aaacd2476fa08b4219cf6285507ed204f3,28da0a9a2289d11097f492eb17654e1b9ae0223e6a79e36bc7d68a216474d7b4
R8_tworoom_07d28ef566f88a6ee041edd2,H0,R4_ALT_CEM_1,H_POLICY,FRESH_PAIRED_CONTROL,1,False,,5ab3661fc03fd181f7d516b6f44c6b2f20bb9b2a85b5e2358f050f7042bdc4be,
R8_tworoom_07d28ef566f88a6ee041edd2,H0,R4_ALT_CEM_1,H_REAL3_REPLAN,COMPLETE,1,False,True,ddbcc04e0fbef9b150c79f8df07038c3f171237233dfdac24a1c88bd3cc03e7e,7751e894d5255c8d505f8cd17f4858cb17f9cfb637b149537781968eeb005159
R8_tworoom_07d28ef566f88a6ee041edd2,H0,R4_ALT_CEM_2,H_POLICY,FRESH_PAIRED_CONTROL,1,False,,1168cb03dda5701d8b8b3a4fab8d1b5cfd667fa32f10669543cf21a19fda42ef,
R8_tworoom_07d28ef566f88a6ee041edd2,H0,R4_ALT_CEM_2,H_REAL3_REPLAN,COMPLETE,1,False,True,9bf799d70e24789dbe20ecf3ab73ac2872b662125d39ab31f9e05fa71fc3ab5d,7b950303646c1abeb489d6d71768ebc7c4a57d605261b7887a0730bd4d414d73
R8_tworoom_07d28ef566f88a6ee041edd2,REFIT_103201,R3_ORIGINAL,H_POLICY,FRESH_PAIRED_CONTROL,1,False,,5e34cb813e4ec61e65539ec072471ed86893a9aa0c786e5dc2b1bcadf7585b02,
R8_tworoom_07d28ef566f88a6ee041edd2,REFIT_103201,R3_ORIGINAL,H_REAL3_REPLAN,COMPLETE,1,False,True,beebbbaa666f0b727df58bc3d7bdf606e36063b092e377871c2014a682ee47bc,dd8d764f328c210c0c9888f25a13b4ef373fa787cf5d23f22a3a3d9179565a1e
R8_tworoom_07d28ef566f88a6ee041edd2,REFIT_103201,R4_ALT_CEM_1,H_POLICY,FRESH_PAIRED_CONTROL,1,False,,dd6eeafca2601c523447f48ae3edbf90919eb0545f8bc773577c13b0b7e1b535,
R8_tworoom_07d28ef566f88a6ee041edd2,REFIT_103201,R4_ALT_CEM_1,H_REAL3_REPLAN,COMPLETE,1,False,True,c24efe0b3d21725e8ad2a36ab1e1487285f346e052a2c5d6ab7d8b9e2d1fe943,a25ced09219990fdab9c95e97ab992afd00b4ba1b287348b0003efb7a4cdd237
R8_tworoom_07d28ef566f88a6ee041edd2,REFIT_103201,R4_ALT_CEM_2,H_POLICY,FRESH_PAIRED_CONTROL,1,False,,7dd24c52e0896c8aa203790d743dec664dceb921b59d0230966e17380db1386a,
R8_tworoom_07d28ef566f88a6ee041edd2,REFIT_103201,R4_ALT_CEM_2,H_REAL3_REPLAN,COMPLETE,1,False,True,cd88513e6b23f56b6e8a7b5cf38bc6dc2c8d9dead89382fc6096b748a53aba1e,27103cd8291ce2e0eea7dc7627beed3fb8fe40611b07ed0dc5330c66628f884e
R8_tworoom_07d28ef566f88a6ee041edd2,REFIT_103202,R3_ORIGINAL,H_POLICY,FRESH_PAIRED_CONTROL,1,False,,635c6b77c29a2f8e79d5056f5a6d76b10dcda97d12cf6aa885d4c3cb117ac7ac,
R8_tworoom_07d28ef566f88a6ee041edd2,REFIT_103202,R3_ORIGINAL,H_REAL3_REPLAN,COMPLETE,1,False,True,44977366249647d20ee4847f715bb47c47761f6f9d267057ac45e91e24b0f86d,91dc2d2a45a8d11134793e20fd1c3276e9eb242a9032781bb83e70e1aafa0e11
R8_tworoom_07d28ef566f88a6ee041edd2,REFIT_103202,R4_ALT_CEM_1,H_POLICY,FRESH_PAIRED_CONTROL,1,False,,0187b22a827f6bf9fe7b2bb6e4e73d93106742d57b886dd454aae09f37f9d6db,
R8_tworoom_07d28ef566f88a6ee041edd2,REFIT_103202,R4_ALT_CEM_1,H_REAL3_REPLAN,COMPLETE,1,False,True,a31415c4f64391e4dc35c34630e56f1bd53c9419bb10d9c7908aa161f634ddef,9ecc615c0bebcf6172a59c24f0db298c45358a168e62a3b0e18d80491cce91b8
R8_tworoom_07d28ef566f88a6ee041edd2,REFIT_103202,R4_ALT_CEM_2,H_POLICY,FRESH_PAIRED_CONTROL,1,False,,1817fb375d0b693447a258c6dc46f5f383e372f5b0a415bde1ada3e0d5765665,
R8_tworoom_07d28ef566f88a6ee041edd2,REFIT_103202,R4_ALT_CEM_2,H_REAL3_REPLAN,COMPLETE,1,False,True,110f70de24beda7fa35c2aad619beee2b7c1040da1e797ec80ac049f89f82a31,ee4b6080070ad624ca93f0e3e979fa6c44b5279569565f5542061c72dce2f3df
R8_tworoom_07d28ef566f88a6ee041edd2,REFIT_103203,R3_ORIGINAL,H_POLICY,FRESH_PAIRED_CONTROL,1,False,,09297f55eade75ca8c348735265f1f9ea6dfc5197429b7c891753b68056e94de,
R8_tworoom_07d28ef566f88a6ee041edd2,REFIT_103203,R3_ORIGINAL,H_REAL3_REPLAN,COMPLETE,1,False,True,22c2de36195c239b3a838c831ee59ec18a7ab5168e8c3802707c18922a57548c,7b356e05269b0464d2e02e8b883af2257bea812679e580b2897efcec19e68a75
R8_tworoom_07d28ef566f88a6ee041edd2,REFIT_103203,R4_ALT_CEM_1,H_POLICY,FRESH_PAIRED_CONTROL,1,False,,85429275c7e6df7b98025d662bb6d0c561f1d18f444a354e3e28cdf3dcd3be50,
R8_tworoom_07d28ef566f88a6ee041edd2,REFIT_103203,R4_ALT_CEM_1,H_REAL3_REPLAN,COMPLETE,1,False,True,a7b3de7fcca60da7856904133bde1522249bbd7939c9157072db30600e74fd16,f08d376b508dbc216a26838db1e4cc9439292673b6a7ad24bf707c7429eec511
R8_tworoom_07d28ef566f88a6ee041edd2,REFIT_103203,R4_ALT_CEM_2,H_POLICY,FRESH_PAIRED_CONTROL,1,False,,0e781f157b6bd2466be6989444b859ab5386f5ab100b61c310baad54652e7f33,
R8_tworoom_07d28ef566f88a6ee041edd2,REFIT_103203,R4_ALT_CEM_2,H_REAL3_REPLAN,COMPLETE,1,False,True,9c3e7872f824cbab6496891e15873040dc366684a59c0ab006aaba77c577f50d,a8362fb66cb16320d70dbec4961f0d3ddbf882228f2f561472fe3b616e87f045
R8_tworoom_07e4dcb9572ac581baac5ea3,H0,R3_ORIGINAL,H_POLICY,FRESH_PAIRED_CONTROL,0,True,,cdb7676bc092bf0391d6a9f5ec9832b7d2521e89ffa9aa98ea09dbcd818a0405,
R8_tworoom_07e4dcb9572ac581baac5ea3,H0,R3_ORIGINAL,H_REAL3_REPLAN,COMPLETE,0,True,True,a35cd77832c1b2708b43ec98c54e4d7d0c6eea88ae8e2f89e236e018445b7f50,f75e299441baf6b78735b67b6b1cc6f1be97af57445a5f85d53fc23bc6a194ed
R8_tworoom_07e4dcb9572ac581baac5ea3,H0,R4_ALT_CEM_1,H_POLICY,FRESH_PAIRED_CONTROL,0,True,,7b1b7ad152f565142c2bee1d99e0126b8990d006aa69000a871a8509d84ed7ca,
R8_tworoom_07e4dcb9572ac581baac5ea3,H0,R4_ALT_CEM_1,H_REAL3_REPLAN,COMPLETE,0,True,True,adf6322661c1a84c3e9f2478cc2854627325ad5a1da7b66dd8c49b156032ffc6,35c20e82fa315973e67ec63da50dfc4f257bfe002c05e5cf9d42551082a19d8e
R8_tworoom_07e4dcb9572ac581baac5ea3,H0,R4_ALT_CEM_2,H_POLICY,FRESH_PAIRED_CONTROL,0,True,,52b9ec15aa8e7e99b7a105ef7da25856f14afc8e9b8b37ab00e1a70c4413da91,
R8_tworoom_07e4dcb9572ac581baac5ea3,H0,R4_ALT_CEM_2,H_REAL3_REPLAN,COMPLETE,0,True,True,4bb47aa2cc5f590d6468dd727bd8c00f2b61c07a20457024abc444e001190f44,1b539e557741a63932a0644b0c54a4fa5151586cf184dba6676abbd5c77c4f28
R8_tworoom_07e4dcb9572ac581baac5ea3,REFIT_103201,R3_ORIGINAL,H_POLICY,FRESH_PAIRED_CONTROL,1,False,,0ce708f0722d3c5c7abffde6d6ef29b6a250980c29f04de248d69582d5b3f671,
R8_tworoom_07e4dcb9572ac581baac5ea3,REFIT_103201,R3_ORIGINAL,H_REAL3_REPLAN,COMPLETE,1,False,True,68e5d67e70aec755be6c17d983032724a4e23e829b216ca2b59374bd6e2f2197,2e73108546133f523dd8518a75077b06e095b94dc50fdcc9b5d38f6aecf0194c
R8_tworoom_07e4dcb9572ac581baac5ea3,REFIT_103201,R4_ALT_CEM_1,H_POLICY,FRESH_PAIRED_CONTROL,1,False,,a162db31cec1fe6c9d517a2ce1182dcbdf36b7bb61d4fe42d2dceb16e4af0589,
R8_tworoom_07e4dcb9572ac581baac5ea3,REFIT_103201,R4_ALT_CEM_1,H_REAL3_REPLAN,COMPLETE,1,False,True,d9bd0e145f145e1e89ceea0ae2b7846e04182f5f48ae59e0d22523bc5fb72057,8913f24f4594ae667f78487ec06216ca19db3f9a06b300dce090cf108a9b1e60
R8_tworoom_07e4dcb9572ac581baac5ea3,REFIT_103201,R4_ALT_CEM_2,H_POLICY,FRESH_PAIRED_CONTROL,1,False,,05abdedf97a66832368da020f5815700dc66948ccb61882446c65bcc6c5a2ba5,
R8_tworoom_07e4dcb9572ac581baac5ea3,REFIT_103201,R4_ALT_CEM_2,H_REAL3_REPLAN,COMPLETE,1,False,True,efe080ece9e4f9e94b073b6590aeb232396ded85c5fe851114328bdaf7f946ff,90339919b2d770293cb9b3247fb6b904648aa6f2bc9c9fdaa9b5c6d2326665ac
R8_tworoom_07e4dcb9572ac581baac5ea3,REFIT_103202,R3_ORIGINAL,H_POLICY,FRESH_PAIRED_CONTROL,1,False,,d650d2c3eba4eb71d6a196b6a352254083f1a30e902458308fca9877c86b406c,
R8_tworoom_07e4dcb9572ac581baac5ea3,REFIT_103202,R3_ORIGINAL,H_REAL3_REPLAN,COMPLETE,1,False,True,c35420b44cfb4bd91dd2b015257145f644d8d034e971446ba693bc460e887a38,a0f51b642985bd6a32d763b5a0c2079cc19eb6bdd69f97b2283cc06989816682
R8_tworoom_07e4dcb9572ac581baac5ea3,REFIT_103202,R4_ALT_CEM_1,H_POLICY,FRESH_PAIRED_CONTROL,1,False,,9abc08aa23db9bc71dc9943d967780f8c48e7e05cef0d2d1be8160fbf8e03943,
R8_tworoom_07e4dcb9572ac581baac5ea3,REFIT_103202,R4_ALT_CEM_1,H_REAL3_REPLAN,COMPLETE,1,False,True,f4f7715a60cc19a64711dc5cc812e9fb88ac584e17b96a99f8a111469d6c38c9,cda506ee19f245310301e1d0e1dd86e512df306cb8ecb5c8c817e3a1e81f7ada
R8_tworoom_07e4dcb9572ac581baac5ea3,REFIT_103202,R4_ALT_CEM_2,H_POLICY,FRESH_PAIRED_CONTROL,1,False,,90b2ecbe636c0bade90914aac52371be68e7d5d1ce2a3b77b96e38ef301ce897,
R8_tworoom_07e4dcb9572ac581baac5ea3,REFIT_103202,R4_ALT_CEM_2,H_REAL3_REPLAN,COMPLETE,1,False,True,0600504bd73793005c88a38799e58ceb3b3db29f8236dce92c6fd83f35acc4e4,b157a1ad2486a5a2a5bd426fa882d2994768e927ad6ee29d26e8ac4054d218f1
R8_tworoom_07e4dcb9572ac581baac5ea3,REFIT_103203,R3_ORIGINAL,H_POLICY,FRESH_PAIRED_CONTROL,1,True,,f8d1979998fe2e0f59760cec9112282d581513e3139b8b98218aec383e2ae004,
R8_tworoom_07e4dcb9572ac581baac5ea3,REFIT_103203,R3_ORIGINAL,H_REAL3_REPLAN,COMPLETE,1,True,True,d155f1a0652624edc757447888e79b8fa2f295b1fe76519e6dd0c63632acd9d5,c9331932bcaea54d28c9143f10a08d0ae6b1ee773fc9989aee88f77f41c7bc5c
R8_tworoom_07e4dcb9572ac581baac5ea3,REFIT_103203,R4_ALT_CEM_1,H_POLICY,FRESH_PAIRED_CONTROL,1,False,,25ed789ae81598acf13954d8fe3630f100d03bd970a35a08f42b367658c40aec,
R8_tworoom_07e4dcb9572ac581baac5ea3,REFIT_103203,R4_ALT_CEM_1,H_REAL3_REPLAN,COMPLETE,1,False,True,b57bf72318fd50d534f51cc17fc7e3fdb90f1b58aa3e5db8f8943c529ccd9777,e34e160f4f0e469de65e854ec549bcb33a0f166b7a10e4637b5520d709aeb393
R8_tworoom_07e4dcb9572ac581baac5ea3,REFIT_103203,R4_ALT_CEM_2,H_POLICY,FRESH_PAIRED_CONTROL,1,False,,0cb911ce08647e2b17977cd9041fe936aa11e3b6555a2ac0d8312040a60b5e93,
R8_tworoom_07e4dcb9572ac581baac5ea3,REFIT_103203,R4_ALT_CEM_2,H_REAL3_REPLAN,COMPLETE,1,False,True,51145e96a0826e110e305d75e9f5d5cb9f1ce656fcc956c2884cc719ce8a72ac,9923b56f8ae6b6275b017f48b8be59cb18cea67752bf2b909029db4e5752e6c4
R8_tworoom_07e91d52df7e3d17ef3c7d0b,H0,R3_ORIGINAL,H_POLICY,FRESH_PAIRED_CONTROL,1,False,,6631ffc1007e61a816dd4ee07f940b0e8829625f4581eaec53d0a9d0e323d6cb,
R8_tworoom_07e91d52df7e3d17ef3c7d0b,H0,R3_ORIGINAL,H_REAL3_REPLAN,COMPLETE,1,False,True,504bdc3f330c527c0ed205bed22659bc922b5d14deecfc928e0f63b93c1e1c20,b9a118ba746e7320a5a9fbd1cabf5fca2b27f7dd5279c1483cd6d60ee3ab636e
R8_tworoom_07e91d52df7e3d17ef3c7d0b,H0,R4_ALT_CEM_1,H_POLICY,FRESH_PAIRED_CONTROL,1,False,,a9ac53e12423cccbfac05bda11b3e9eb4d3a2edbbf74442a1c4db0251a888644,
R8_tworoom_07e91d52df7e3d17ef3c7d0b,H0,R4_ALT_CEM_1,H_REAL3_REPLAN,COMPLETE,1,False,True,c4a735a51d4c11216e9237b2b5785f87f1be3bc8540418136f326a50b302686b,b69f93e9cbe993e13fccdbf7d79ed34fc9f4fe101b317246a9d34a59cbd3fbfe
R8_tworoom_07e91d52df7e3d17ef3c7d0b,H0,R4_ALT_CEM_2,H_POLICY,FRESH_PAIRED_CONTROL,1,False,,84f345100bb19ed04a1355b1af103977aadfe2c3603b204a3e6e930b0287e8e9,
R8_tworoom_07e91d52df7e3d17ef3c7d0b,H0,R4_ALT_CEM_2,H_REAL3_REPLAN,COMPLETE,1,False,True,2b78909a7d2652d20ba6213917e6cdee165d9468c909f0e4cd2dc5542c3e0c78,467d78a878e66bdf8ffe9016661447afe67038d0d1dff004aa679f0ce9196c46
R8_tworoom_07e91d52df7e3d17ef3c7d0b,REFIT_103201,R3_ORIGINAL,H_POLICY,FRESH_PAIRED_CONTROL,1,False,,77b5718222239ec4c3d59309c91b4dc9311a5d81cd47bd69d2c4797ed928fd65,
R8_tworoom_07e91d52df7e3d17ef3c7d0b,REFIT_103201,R3_ORIGINAL,H_REAL3_REPLAN,COMPLETE,1,False,True,28770548114ea96fde5e9b3985edf933a2ff75ea8e7d76929551df802ea27784,3246fe4ba130f550cfdf0a2a00925ff526a2319c80c161c7c5dabf2c1005d1a4
R8_tworoom_07e91d52df7e3d17ef3c7d0b,REFIT_103201,R4_ALT_CEM_1,H_POLICY,FRESH_PAIRED_CONTROL,1,False,,e95698ea7c726b8ade421ca86a346dd474bd20e9170c4d6343f0094926811e78,
R8_tworoom_07e91d52df7e3d17ef3c7d0b,REFIT_103201,R4_ALT_CEM_1,H_REAL3_REPLAN,COMPLETE,1,False,True,579eb4c1522a4e5e92b93765e920d095a56e18fc29c699999a25cd14a5234fd0,502b8c6cd8e2727dc69545464c9b47b7f4b64958fc9211d9735c4cd617892a17
R8_tworoom_07e91d52df7e3d17ef3c7d0b,REFIT_103201,R4_ALT_CEM_2,H_POLICY,FRESH_PAIRED_CONTROL,1,False,,df27a314624f92b2cb390928ea436e24046c6173aeb6a66b8f5d80ec59315d9d,
R8_tworoom_07e91d52df7e3d17ef3c7d0b,REFIT_103201,R4_ALT_CEM_2,H_REAL3_REPLAN,COMPLETE,1,False,True,26c5598ba6035350eec9fe442381f179d629a4431f20bc9aa062409fd3ad5255,bd8013443406437db63fc062cbb1f81b0b67c0e1bd803c1060f8239548eb9e82
R8_tworoom_07e91d52df7e3d17ef3c7d0b,REFIT_103202,R3_ORIGINAL,H_POLICY,FRESH_PAIRED_CONTROL,1,False,,315779632efe3a3f3aa1a49b6c992f95258bce6cc729d1205d09b74b38e61162,
R8_tworoom_07e91d52df7e3d17ef3c7d0b,REFIT_103202,R3_ORIGINAL,H_REAL3_REPLAN,COMPLETE,1,False,True,4dcd066ae00ae4ccd570f7c3fac012fb2a8431f5c2ea741f9f8759c7b6c54633,432f59ef399e62d1fdcc50a691778dffec0d00eeff1774b62bc065214c5f5cf9
R8_tworoom_07e91d52df7e3d17ef3c7d0b,REFIT_103202,R4_ALT_CEM_1,H_POLICY,FRESH_PAIRED_CONTROL,1,False,,a0a16c55ab8cc1fb38a157168f28af142d930495e688e81067b49bf0f95222bd,
R8_tworoom_07e91d52df7e3d17ef3c7d0b,REFIT_103202,R4_ALT_CEM_1,H_REAL3_REPLAN,COMPLETE,1,False,True,7ca2c30651487118c862446e7567c22b0823233361178218e19019df50ff211a,8b2c46d450b56bff297908b1bfd44ec6397054a631a61c97d608a2536b2030e5
R8_tworoom_07e91d52df7e3d17ef3c7d0b,REFIT_103202,R4_ALT_CEM_2,H_POLICY,FRESH_PAIRED_CONTROL,1,False,,9c88688977801ab7746f17a017672fb328fd3a10207eaa609e62f13ad783dc73,
R8_tworoom_07e91d52df7e3d17ef3c7d0b,REFIT_103202,R4_ALT_CEM_2,H_REAL3_REPLAN,COMPLETE,1,False,True,ff87ab7c11c4cf7547e304687d6303085b5f48e1e90d7c14e6b4699c16810ac3,38c42c60e43a6ca123822c9b94e2a706b8a9156f9a5395ad453e592e7a9b0de0
R8_tworoom_07e91d52df7e3d17ef3c7d0b,REFIT_103203,R3_ORIGINAL,H_POLICY,FRESH_PAIRED_CONTROL,1,False,,3612c45af10a206e6c40c6bc81ed8880d7ebe180a32318b1bcbbfea3ebf114c0,
R8_tworoom_07e91d52df7e3d17ef3c7d0b,REFIT_103203,R3_ORIGINAL,H_REAL3_REPLAN,COMPLETE,1,False,True,ea8fbb6201db6bf4b25e8d096ead9990e217c773eace0011543b3c08d16dccc2,4d0ff39b8671708f95b783f75d9d8f31764529ae31a1b80672be749568e1f9e8
R8_tworoom_07e91d52df7e3d17ef3c7d0b,REFIT_103203,R4_ALT_CEM_1,H_POLICY,FRESH_PAIRED_CONTROL,1,False,,c4c1b577a34bdc39efd651c58dc61803d369d2843f77d50950444857583477da,
R8_tworoom_07e91d52df7e3d17ef3c7d0b,REFIT_103203,R4_ALT_CEM_1,H_REAL3_REPLAN,COMPLETE,1,False,True,7380522b9ee3d36af8f550a66f11e32c4cd7abf0c804ddadf0c71b529fcacfef,a801e5b874976bc1109ffa222de5155e2a6f9fd420ee7b5d88a769cca249248a
R8_tworoom_07e91d52df7e3d17ef3c7d0b,REFIT_103203,R4_ALT_CEM_2,H_POLICY,FRESH_PAIRED_CONTROL,1,False,,21a89824a1ecb0eea844115f471eaac3d103c2e8c3d12397e55f3aacb1ea064a,
R8_tworoom_07e91d52df7e3d17ef3c7d0b,REFIT_103203,R4_ALT_CEM_2,H_REAL3_REPLAN,COMPLETE,1,False,True,3f6e48cc2dd5f38f3e9c8d99057d0822260a6476f8a2cf014f75c22a4154d354,1f02f5fe0de47d19ccada0601f4d22e7f36494eb5a0a26a5779704239f69615e
R8_tworoom_07f76c01c950ef75ff937ede,H0,R3_ORIGINAL,H_POLICY,FRESH_PAIRED_CONTROL,1,False,,1d30c59554e9459200473d44e54b1f13eb12f46cf62d74d09d711dc7940b8041,
R8_tworoom_07f76c01c950ef75ff937ede,H0,R3_ORIGINAL,H_REAL3_REPLAN,COMPLETE,1,False,True,fc1ab93677829e33a0553864e0ab3401af744801f2f467e85954654329d1eaff,28fd91f3e672d9c10f73d0eded4c3bdf3ee2ea1768080eb06d2e2c917b153972
R8_tworoom_07f76c01c950ef75ff937ede,H0,R4_ALT_CEM_1,H_POLICY,FRESH_PAIRED_CONTROL,1,False,,1f896d8bac77d34513041ecbfc974937ea7cf154f620242935d7a33c05167a8c,
R8_tworoom_07f76c01c950ef75ff937ede,H0,R4_ALT_CEM_1,H_REAL3_REPLAN,COMPLETE,1,False,True,507b64bef8f6f3fd75df3a566105820c3ac67df7a4b0e512c39d6d4d35d2fbe1,3da86bbafd8b8c69be9f36b46e8f6d67328d0a6eec1370b623a25b89501f0bc5
R8_tworoom_07f76c01c950ef75ff937ede,H0,R4_ALT_CEM_2,H_POLICY,FRESH_PAIRED_CONTROL,1,False,,ce84478df77ee7c89eb57a7c29a88bfd349a04ad93bc03e0debd0875a6b1bda8,
R8_tworoom_07f76c01c950ef75ff937ede,H0,R4_ALT_CEM_2,H_REAL3_REPLAN,COMPLETE,1,False,True,fe7345787ad97cf679fa1dbd4cc9056dc83e0b308f40ef496879783354111a8e,e8d75da40e7c606173515eff57dc8e681b85d647af79dce39843913485427d9f
R8_tworoom_07f76c01c950ef75ff937ede,REFIT_103201,R3_ORIGINAL,H_POLICY,FRESH_PAIRED_CONTROL,1,False,,efba72c89fbcddc4d064609570da1fdecc7c262b2eaaba71a53aa03f18847342,
R8_tworoom_07f76c01c950ef75ff937ede,REFIT_103201,R3_ORIGINAL,H_REAL3_REPLAN,COMPLETE,1,False,True,e6ad45aeafa3643e76a0caf97dc242fa0373cf1dffed49a6a7b06878fffbe64d,a35a3e92458acf14b5b5cee714f3c4a0b0f467a8ae2770340329250f2e2a0b57
R8_tworoom_07f76c01c950ef75ff937ede,REFIT_103201,R4_ALT_CEM_1,H_POLICY,FRESH_PAIRED_CONTROL,1,False,,ce0d2964828eccb84666cf3991c10f4c9d194c18382159adecb7b8cb072e32cf,
R8_tworoom_07f76c01c950ef75ff937ede,REFIT_103201,R4_ALT_CEM_1,H_REAL3_REPLAN,COMPLETE,1,False,True,b49029dc98a52accd156bcd8e047cae765d271e93955fcdfaef56f320888f934,6a056feda60561eabf15e34b7c6bcf80d6bd0fd08604b084a4c49a7270379359
R8_tworoom_07f76c01c950ef75ff937ede,REFIT_103201,R4_ALT_CEM_2,H_POLICY,FRESH_PAIRED_CONTROL,1,False,,bcaaac379d79c558779aae5c586faa8355833ae584643cdd2df2d274514056c3,
R8_tworoom_07f76c01c950ef75ff937ede,REFIT_103201,R4_ALT_CEM_2,H_REAL3_REPLAN,COMPLETE,1,False,True,dd573c56c4a7de30168de3eb2371a2c3dd4ab7710ae3099e573d291bb54a07bc,432ea903e5f0095137e602ca40594534685e94abde5df10cf361ada4065b7fe8
R8_tworoom_07f76c01c950ef75ff937ede,REFIT_103202,R3_ORIGINAL,H_POLICY,FRESH_PAIRED_CONTROL,1,False,,a42a05401bf2bb6e118bab039c39b369054317c40b0933cec3cb2ed53b7116f8,
R8_tworoom_07f76c01c950ef75ff937ede,REFIT_103202,R3_ORIGINAL,H_REAL3_REPLAN,COMPLETE,1,False,True,0c50fbb598019fd3d3ae4a65216644d67e913c2657d961cb2862d33da7b89ede,7a70a1e4d5080fc22440cb959eb29714da56bc8a5f3ecc00fbc517e17c78ae3a
R8_tworoom_07f76c01c950ef75ff937ede,REFIT_103202,R4_ALT_CEM_1,H_POLICY,FRESH_PAIRED_CONTROL,1,False,,0e869da5ef453b110ef41edd999b51fa5e9fcbb4c62933305e31843f822bc61c,
R8_tworoom_07f76c01c950ef75ff937ede,REFIT_103202,R4_ALT_CEM_1,H_REAL3_REPLAN,COMPLETE,1,False,True,1795ada86babe34ee8f14118a89250a6fd57ebccd76e2d82881c138068b43e55,87fc81b4c8c043d8bc80e7e433834cb43d2952b410c2228fdc51f17f22ac86f8
R8_tworoom_07f76c01c950ef75ff937ede,REFIT_103202,R4_ALT_CEM_2,H_POLICY,FRESH_PAIRED_CONTROL,1,False,,976413ae9162e1198881ca38581df551609fcf08a3ed77f9ad8d9ed55a7e01f0,
R8_tworoom_07f76c01c950ef75ff937ede,REFIT_103202,R4_ALT_CEM_2,H_REAL3_REPLAN,COMPLETE,1,False,True,b729e3d16213fc09beeaf24fd5c75ed5733f48ddb44d040af6fd88d156daaae7,79d2c895b7238ef53a8a58454c56009b320a1e9dab349868f0fcedad664e7911
R8_tworoom_07f76c01c950ef75ff937ede,REFIT_103203,R3_ORIGINAL,H_POLICY,FRESH_PAIRED_CONTROL,1,False,,62ccb213cbd5c8e78369bf9ff8f0d90805e08716bf172d0807e0570c43b74077,
R8_tworoom_07f76c01c950ef75ff937ede,REFIT_103203,R3_ORIGINAL,H_REAL3_REPLAN,COMPLETE,1,False,True,8bff1c18c5f1de6690cc666d32980f2daa6013e04360534c418abf81541b67a4,c13d160a3afbc0a54eee3606b76aa09d0d3d0116cf20c33ca43569dc20008996
R8_tworoom_07f76c01c950ef75ff937ede,REFIT_103203,R4_ALT_CEM_1,H_POLICY,FRESH_PAIRED_CONTROL,1,False,,ded6f90facc9d0a1b038cb099295b6d95ede92eef2a5b046062ec75acbaac5fc,
R8_tworoom_07f76c01c950ef75ff937ede,REFIT_103203,R4_ALT_CEM_1,H_REAL3_REPLAN,COMPLETE,1,False,True,7be40b5949c68bfa8a16f5af9bd7d59b19039e94964b48182b873a84465b337b,4723f400053d027d6b72434cf92ff067a1f01fcb4d3388a3b438a6af2adbbb3a
R8_tworoom_07f76c01c950ef75ff937ede,REFIT_103203,R4_ALT_CEM_2,H_POLICY,FRESH_PAIRED_CONTROL,1,False,,0b430e0866b5d6da140e676c5345d3f2c796919815574dbac7d53ba004fdb703,
R8_tworoom_07f76c01c950ef75ff937ede,REFIT_103203,R4_ALT_CEM_2,H_REAL3_REPLAN,COMPLETE,1,False,True,70e205019ec9a8e29c20441c133277d045de426561b1f383a60ba5de7947b7d1,fac7029c6d8ef260f7b06e23c21b4371c401d0903fb50e8d4914c1c3e2e69e2d
R8_tworoom_07fe2e9d497008591b7dfd91,H0,R3_ORIGINAL,H_POLICY,FRESH_PAIRED_CONTROL,1,False,,2d2acc0cf5602d119219b368967da9b7b3b6e57d3d8ce8656a526e62a765a5f5,
R8_tworoom_07fe2e9d497008591b7dfd91,H0,R3_ORIGINAL,H_REAL3_REPLAN,COMPLETE,1,False,True,2a4c1135381da7db0b9e23f799bfbc39cd1cccf56b2f2eb6c15d7f9ae5812b58,eb6ed84cc2bf4679bf7ed8a15a72393b254bc3e1fa4bf5146b52c31ec0db23b4
R8_tworoom_07fe2e9d497008591b7dfd91,H0,R4_ALT_CEM_1,H_POLICY,FRESH_PAIRED_CONTROL,1,False,,0f85fdaf052e64c8f3fdc5545fa071d247e5b82b21c95ef9b6c362204d8a5b55,
R8_tworoom_07fe2e9d497008591b7dfd91,H0,R4_ALT_CEM_1,H_REAL3_REPLAN,COMPLETE,1,False,True,ccbee29ef0870080b9ef8ec316de53d58b8f00c4418a0a4eac63af2134635e7d,2b910fcabfcd3cd52a8cb38aabf1d7ad26a1a0d4ff8709a7cf4292da03d9f011
R8_tworoom_07fe2e9d497008591b7dfd91,H0,R4_ALT_CEM_2,H_POLICY,FRESH_PAIRED_CONTROL,1,False,,f2d44bbac5408e4193576998fc993d122af6da3527f97423241642a868b5eb6f,
R8_tworoom_07fe2e9d497008591b7dfd91,H0,R4_ALT_CEM_2,H_REAL3_REPLAN,COMPLETE,1,False,True,c0b2b398c8fa8fe2219459bc85eb9f3b58067fed757f74900a4ebb7fc2b8db80,9b985f9b6025384d529f10aa0aa4e28b2e0e58110f0d975d7147cf5674f23a1f
R8_tworoom_07fe2e9d497008591b7dfd91,REFIT_103201,R3_ORIGINAL,H_POLICY,FRESH_PAIRED_CONTROL,1,False,,d4af4466008c9cab66bb90ea1edd4e2e6792696a21278ec02190781409c01821,
R8_tworoom_07fe2e9d497008591b7dfd91,REFIT_103201,R3_ORIGINAL,H_REAL3_REPLAN,COMPLETE,1,False,True,f872d8a6d17eabdca1619684d886bcfdb0ac1bd7c03d87cb885f58665cf30600,b3a6c535d30089dd1dc88ff0da0e45af95c33a7df0a73318b5c33d81ecd72fdb
R8_tworoom_07fe2e9d497008591b7dfd91,REFIT_103201,R4_ALT_CEM_1,H_POLICY,FRESH_PAIRED_CONTROL,1,False,,d938dfb55ef2579c20efd0958fa0ad628e3bf949fdbb1080e63f600f5e1ed5fe,
R8_tworoom_07fe2e9d497008591b7dfd91,REFIT_103201,R4_ALT_CEM_1,H_REAL3_REPLAN,COMPLETE,1,False,True,e1a9a455b601660c1788f8916336b72b6bf3c4c4141258d6f08b889fe31ebcc2,9db418d8648f6c98726609c1c7e370dd5040619d8772bd8047b0528981560edd
R8_tworoom_07fe2e9d497008591b7dfd91,REFIT_103201,R4_ALT_CEM_2,H_POLICY,FRESH_PAIRED_CONTROL,1,False,,710cbfcbf3a8ed532350dd8132f2f041d1a72696f929a5a0288d76befa14c839,
R8_tworoom_07fe2e9d497008591b7dfd91,REFIT_103201,R4_ALT_CEM_2,H_REAL3_REPLAN,COMPLETE,1,False,True,77c65b7c422f51ebdf0d0a613c1dcac9dfcc9dea18d75999cd5d7f5168bb0af4,977df4a3e9ba85421a327ca53d5926224b002cbd34665ed9daecd307d53201f3
R8_tworoom_07fe2e9d497008591b7dfd91,REFIT_103202,R3_ORIGINAL,H_POLICY,FRESH_PAIRED_CONTROL,1,False,,ff0e88d891338cb22a543bf208924fbc19abc0ab24b3808613e9231795aad97b,
R8_tworoom_07fe2e9d497008591b7dfd91,REFIT_103202,R3_ORIGINAL,H_REAL3_REPLAN,COMPLETE,1,False,True,891c6082f7a7b0b73f211fc4b74e091ab99fb8ee03ce07fee8b6b1c32073201b,33134e7e61342d054a0c35bc1d4875dcf7856c4581627f85de3dbd9990659b33
R8_tworoom_07fe2e9d497008591b7dfd91,REFIT_103202,R4_ALT_CEM_1,H_POLICY,FRESH_PAIRED_CONTROL,1,False,,d3120948cf92d9863af341218a3181e9b8f1570de46890dd2664f8704b11c3c3,
R8_tworoom_07fe2e9d497008591b7dfd91,REFIT_103202,R4_ALT_CEM_1,H_REAL3_REPLAN,COMPLETE,1,False,True,d8d548ccf10d9222a552f78e802f1a6fe1e3ac5a12cfeec6c85eb1491568e988,62bed525ce83d696e6d009d85d6814eefaf2e4838185fcec577726756b5883f3
R8_tworoom_07fe2e9d497008591b7dfd91,REFIT_103202,R4_ALT_CEM_2,H_POLICY,FRESH_PAIRED_CONTROL,1,False,,cf94c14265ab4cdc81b089b9fe27d8e1b2d2bb42858587a52b0cae50e717a435,
R8_tworoom_07fe2e9d497008591b7dfd91,REFIT_103202,R4_ALT_CEM_2,H_REAL3_REPLAN,COMPLETE,1,False,True,b129485669b1038265f669062acf74d04f1422dde5357110a3af361024aac152,022b95c2ea5e9c93bb7a993946195644b29682b3d6eb1a350ea5f2828b83cf16
R8_tworoom_07fe2e9d497008591b7dfd91,REFIT_103203,R3_ORIGINAL,H_POLICY,FRESH_PAIRED_CONTROL,1,False,,a9fcb35e0671dfc75e1833e27f48063d390801d3fe8f42c80e24fc349c71fac5,
R8_tworoom_07fe2e9d497008591b7dfd91,REFIT_103203,R3_ORIGINAL,H_REAL3_REPLAN,COMPLETE,1,False,True,fd64db970919c2d30dac2eb8709698c06bf5410379b3a7b2f9b30064baa87870,9622be826e27dea83dcdab8953d4037286c9c6ceefb007b1b4e9278f188d576f
R8_tworoom_07fe2e9d497008591b7dfd91,REFIT_103203,R4_ALT_CEM_1,H_POLICY,FRESH_PAIRED_CONTROL,1,False,,59b5ae304cdc8705bdd8ca650716cb6956dba0d3a82dda5f3512350b97a3b029,
R8_tworoom_07fe2e9d497008591b7dfd91,REFIT_103203,R4_ALT_CEM_1,H_REAL3_REPLAN,COMPLETE,1,False,True,da60e2ff04ea236c9ebbcbfe9654993bb6e3ccb116487b3cdf8b2f3508c2252a,b98e44ee2fe90b34b4e033205c897768366b1086e5958f468aaacfe870199441
R8_tworoom_07fe2e9d497008591b7dfd91,REFIT_103203,R4_ALT_CEM_2,H_POLICY,FRESH_PAIRED_CONTROL,1,False,,b0b6c7df465954089aae7ff94e41c22a783edc6abcba5c7c631f0dfe32276bac,
R8_tworoom_07fe2e9d497008591b7dfd91,REFIT_103203,R4_ALT_CEM_2,H_REAL3_REPLAN,COMPLETE,1,False,True,8a5fc88be9246b4234b843263a476bf0e28a1aaa0d6d03cbeecfb77ca1671d4c,9e80fbe8b47f2cbda3abcef455bf3327785adcc4d3b6cc73226a4e913a858e7b
R8_tworoom_08164f988d61ecc14245fc09,H0,R3_ORIGINAL,H_POLICY,FRESH_PAIRED_CONTROL,1,False,,80983cade410da666cd10050c832c47d9be325d046c95cab54905778e6fc7bda,
R8_tworoom_08164f988d61ecc14245fc09,H0,R3_ORIGINAL,H_REAL3_REPLAN,COMPLETE,1,False,True,b3ce730086c4a095d26d0fcfac82417037a93efdde54cd040c90ef7493eade5d,b016b6261ffdacb632d6b4b6fb066082a0df4903db06cda944bc9ec28aa8ab13
R8_tworoom_08164f988d61ecc14245fc09,H0,R4_ALT_CEM_1,H_POLICY,FRESH_PAIRED_CONTROL,1,False,,11bcd79287f4aa11e493f1dbb2363f8006d0071c11a2bda43bb987a322644509,
R8_tworoom_08164f988d61ecc14245fc09,H0,R4_ALT_CEM_1,H_REAL3_REPLAN,COMPLETE,1,False,True,5fda044d86fb38a9dac8b7e12f79393564cd6673e7ff64d242e3d5fda4087815,1b4227d283f5f5a33a6bd2b2320c918ba132f799be81ac9354017f3cbea67958
R8_tworoom_08164f988d61ecc14245fc09,H0,R4_ALT_CEM_2,H_POLICY,FRESH_PAIRED_CONTROL,1,False,,fd1781f2e2439c0047d71929144d2b5ec28ccc8dc77c17f8bfe8ca44763a3c9f,
R8_tworoom_08164f988d61ecc14245fc09,H0,R4_ALT_CEM_2,H_REAL3_REPLAN,COMPLETE,1,False,True,622b760709e1c47650d3a6faf7b8d14ad4e3aa3404722dd0b31535e9faf6de26,9e79f3f029a0d967e14cd63d98fda8cf7a0bca2d380c908f90333bab055363d5
R8_tworoom_08164f988d61ecc14245fc09,REFIT_103201,R3_ORIGINAL,H_POLICY,FRESH_PAIRED_CONTROL,1,False,,ed1ba93dedc24c881d0dbaad1e66460a3c0686132ae955126b236590d558e275,
R8_tworoom_08164f988d61ecc14245fc09,REFIT_103201,R3_ORIGINAL,H_REAL3_REPLAN,COMPLETE,1,False,True,beb7de092bb549018f27bcf626dc5b80da12d0fe4ba834582a94ca020d7c38e8,388b2bff4cc2a0d743797bede035d19a0d9dc6c9615bbd38da25615d148f4395
R8_tworoom_08164f988d61ecc14245fc09,REFIT_103201,R4_ALT_CEM_1,H_POLICY,FRESH_PAIRED_CONTROL,0,True,,22e3d6162cb4b8c82f2540b47bc1622d98e5e9abb49b642fdef1f3e32bedd26d,
R8_tworoom_08164f988d61ecc14245fc09,REFIT_103201,R4_ALT_CEM_1,H_REAL3_REPLAN,COMPLETE,0,True,True,1881a61e8aef5afd8e959a0084e98ccdaf82c3dbcc8edde1ab05da2962f6bf36,21f89cda01b935b4404f87f0a62576e55d2035ec21df3d4b7cb53c4cca28a1c0
R8_tworoom_08164f988d61ecc14245fc09,REFIT_103201,R4_ALT_CEM_2,H_POLICY,FRESH_PAIRED_CONTROL,1,False,,927457e2534e9ddadca881ee3cceabd6cf3b8384c3d3f41453bd4b46b4143144,
R8_tworoom_08164f988d61ecc14245fc09,REFIT_103201,R4_ALT_CEM_2,H_REAL3_REPLAN,COMPLETE,1,False,True,ab9dd0492aebcb0519fab7cbf816a4c041571fbd238281efdf91a8d996186c17,984a2d74282510ccab757b8bce8857646ee3644a7a23385381d0a064e2838287
R8_tworoom_08164f988d61ecc14245fc09,REFIT_103202,R3_ORIGINAL,H_POLICY,FRESH_PAIRED_CONTROL,1,False,,04332ed0bbbaf8dc7503379466f2b3f0db671484ee79ae42a0c306f0473453a5,
R8_tworoom_08164f988d61ecc14245fc09,REFIT_103202,R3_ORIGINAL,H_REAL3_REPLAN,COMPLETE,1,False,True,202163aea867331b58f86eb92dfbc8fabd5af8a531a1838b1d3fcccd92346ea0,d2d609960d75087b4be3ae89eba258da878a345421202fafe6dfcf378707e5da
R8_tworoom_08164f988d61ecc14245fc09,REFIT_103202,R4_ALT_CEM_1,H_POLICY,FRESH_PAIRED_CONTROL,1,True,,ddf13de03e1bd1dd30bed477ee09e1be3adba988df29ef08cb58961fbbe12633,
R8_tworoom_08164f988d61ecc14245fc09,REFIT_103202,R4_ALT_CEM_1,H_REAL3_REPLAN,COMPLETE,1,True,True,bebe1183d2fc2521cea8e6b7f70bf1f47c74115ee6aa7f0a165b62105b4c5eef,63e8f597d9c096f6025b08d6b1facf0c9788fbd140014e756e03f3f6845da76b
R8_tworoom_08164f988d61ecc14245fc09,REFIT_103202,R4_ALT_CEM_2,H_POLICY,FRESH_PAIRED_CONTROL,1,False,,48cfab082e14795888471df960f622120443c52a5545492bd412cea50fc3e3b8,
R8_tworoom_08164f988d61ecc14245fc09,REFIT_103202,R4_ALT_CEM_2,H_REAL3_REPLAN,COMPLETE,1,False,True,55d04667fc05c6e0693da5ad8f1bc15c5e260d74a2652e617faa7e692e241946,d995fad7a60ad61bd6c1e10b67628c03ec7b831f999c96be4ecfb692b9f6d337
R8_tworoom_08164f988d61ecc14245fc09,REFIT_103203,R3_ORIGINAL,H_POLICY,FRESH_PAIRED_CONTROL,1,False,,e0b2289e0c10fc2c0c3614fba43001c1def36d591e87a4d83f868c46200efe73,
R8_tworoom_08164f988d61ecc14245fc09,REFIT_103203,R3_ORIGINAL,H_REAL3_REPLAN,COMPLETE,1,False,True,a7c66e3d7c4b9069f61d6aee05d539dcd43ff67fe65c1f0437f2898166c7cbed,2a8e3af2bc6fb069cbef866abb987ab8e6afa881c17af7d9859efd9a30c306fc
R8_tworoom_08164f988d61ecc14245fc09,REFIT_103203,R4_ALT_CEM_1,H_POLICY,FRESH_PAIRED_CONTROL,0,True,,0008ae7494c1b82b4151d588959b8b9398fbb3bacddabdec0abd912bba9196d5,
R8_tworoom_08164f988d61ecc14245fc09,REFIT_103203,R4_ALT_CEM_1,H_REAL3_REPLAN,COMPLETE,1,True,True,bf0d952f92af2bc5704781c12d5ce52e23a77657ee2b2adeb8726cbcc4e9aa4e,e0a55773f73f1f60000e89c4879eb52ac13041b862b730a9941f27c1cfa616fd
R8_tworoom_08164f988d61ecc14245fc09,REFIT_103203,R4_ALT_CEM_2,H_POLICY,FRESH_PAIRED_CONTROL,1,False,,97661b766b06b4d2a3d8163774a262c005d85593fdf4c894be2cc0160740670d,
R8_tworoom_08164f988d61ecc14245fc09,REFIT_103203,R4_ALT_CEM_2,H_REAL3_REPLAN,COMPLETE,1,False,True,e0d748e90180a29df50a2aff1a73036400334386bde64a58d51fac09084a3ec1,9f31ae7d7f4e21eb222f33ec865322c9036d9292daf5cb93a2d3138331a7bb11
R8_tworoom_082e9b45e7283603ec99842f,H0,R3_ORIGINAL,H_POLICY,FRESH_PAIRED_CONTROL,0,True,,809fe956abda410c563700b4c83fc01e360f7cb59763859bd7660eaacfa909b8,
R8_tworoom_082e9b45e7283603ec99842f,H0,R3_ORIGINAL,H_REAL3_REPLAN,COMPLETE,0,True,True,2f818038ace77429d58cd3320ab17cede26bdc3599a38b4b7d460e1eb1b91d93,2773701231b8fd772f4fb67b1791487173fcc2c8a58ba482c08be14ad23e85c1
R8_tworoom_082e9b45e7283603ec99842f,H0,R4_ALT_CEM_1,H_POLICY,FRESH_PAIRED_CONTROL,0,True,,3c64f6a9e7389902c4424d3d2e47d01599068d9fb524954c2f924f8d97fd42dc,
R8_tworoom_082e9b45e7283603ec99842f,H0,R4_ALT_CEM_1,H_REAL3_REPLAN,COMPLETE,0,True,True,eb44344c6eae52f317b4c540eb69fcb0e90fabbdf08b15ec5c1567e6892b98d7,a0f3827a444dffc568444dde69087977e6c174c699a83e0ff01f1dacdb63a3b1
R8_tworoom_082e9b45e7283603ec99842f,H0,R4_ALT_CEM_2,H_POLICY,FRESH_PAIRED_CONTROL,0,True,,178dbf5ee608d7ea4e28a2d22b4e017589ee66e90076fcc6bca8de7b7e5f1181,
R8_tworoom_082e9b45e7283603ec99842f,H0,R4_ALT_CEM_2,H_REAL3_REPLAN,COMPLETE,0,True,True,0a67a44b9fa21bf11bd3abaa19c0d7076b5175ec4e628af055ddb0167c1581c3,d96d88b394851078b28b0336d4c22538bd812b4495276709920db9444abb96e1
R8_tworoom_082e9b45e7283603ec99842f,REFIT_103201,R3_ORIGINAL,H_POLICY,FRESH_PAIRED_CONTROL,0,True,,7ac2d81ad3396054efd81c0be089eaacbf1c0b533a1c62f6e10376b7c272a1f6,
R8_tworoom_082e9b45e7283603ec99842f,REFIT_103201,R3_ORIGINAL,H_REAL3_REPLAN,COMPLETE,0,True,True,aa9bbb0342b91fac9c7dd3b59a74ef6dda549926144972f67b0e889b0a0d08b7,8e98e7c1eea97a940d944ff0a5987979867033ad3a42ca42062f578cf603b827
R8_tworoom_082e9b45e7283603ec99842f,REFIT_103201,R4_ALT_CEM_1,H_POLICY,FRESH_PAIRED_CONTROL,0,True,,9b6f6afe5c2da72e71726f38553bf5fcfa06d93a8a4c97a8aa28b85db71ae5be,
R8_tworoom_082e9b45e7283603ec99842f,REFIT_103201,R4_ALT_CEM_1,H_REAL3_REPLAN,COMPLETE,0,True,True,f09e384c4889818a63c451c34e6cc2d38e4eb9f00ac131b89e3bcd24ad1e902b,0ad212111a31b9152a95836ce6a31f03341c9ad7b5493faf91ccf507eb37af29
R8_tworoom_082e9b45e7283603ec99842f,REFIT_103201,R4_ALT_CEM_2,H_POLICY,FRESH_PAIRED_CONTROL,0,True,,c88161b0a9579b160e8b1432ffd4920fd658244faa9f7d492fdec2d077f28388,
R8_tworoom_082e9b45e7283603ec99842f,REFIT_103201,R4_ALT_CEM_2,H_REAL3_REPLAN,COMPLETE,0,True,True,c3f630e44900207347bb95c4675493b60e5c21733f6ef3dc176df97608845924,f88f95f94b740911c0031f1014c02d0787e4c18a7dcb7c3f9b60a8291d450058
R8_tworoom_082e9b45e7283603ec99842f,REFIT_103202,R3_ORIGINAL,H_POLICY,FRESH_PAIRED_CONTROL,0,True,,dc54f7ce075f2a3e93dc15169301e033dca9ac48e6e2742f0983d54e6831e6c7,
R8_tworoom_082e9b45e7283603ec99842f,REFIT_103202,R3_ORIGINAL,H_REAL3_REPLAN,COMPLETE,0,True,True,071461768b3803219320bd8c337b63a08d5be04049d35fac87b76551402096e9,58062a986625331c814fdbdb50b361c2f7b22d34b0bd7d4189f826d44556ab6a
R8_tworoom_082e9b45e7283603ec99842f,REFIT_103202,R4_ALT_CEM_1,H_POLICY,FRESH_PAIRED_CONTROL,0,True,,22246fa050d7c4ba8c812aaba87231c41a3369a9da03afa37713c882ffc77b46,
R8_tworoom_082e9b45e7283603ec99842f,REFIT_103202,R4_ALT_CEM_1,H_REAL3_REPLAN,COMPLETE,0,True,True,d3c545261dab967721e91f782b9efd73551515ead45ba111479540da1ff978a4,8d7a0792be273abb7a3237982e8c965b14f8122ad6d75e437972ef58fc2e7323
R8_tworoom_082e9b45e7283603ec99842f,REFIT_103202,R4_ALT_CEM_2,H_POLICY,FRESH_PAIRED_CONTROL,0,True,,f47d265770302c46c8728217d465f4b7244a7fd5924649f8fe22af4d1a257a73,
R8_tworoom_082e9b45e7283603ec99842f,REFIT_103202,R4_ALT_CEM_2,H_REAL3_REPLAN,COMPLETE,0,True,True,d3b17d6b6f908f4c35c0ca04850fb63be5a42a370b8638f387caf7dfb1f478e5,99ca1f144dc29ad90f631b549b7ecd67b0ca3ed07aff295696a583aedfa0b14a
R8_tworoom_082e9b45e7283603ec99842f,REFIT_103203,R3_ORIGINAL,H_POLICY,FRESH_PAIRED_CONTROL,0,True,,b454430541bac5edc875294fb441920ebda3bc7dfc4ee860972fa27750d4af5e,
R8_tworoom_082e9b45e7283603ec99842f,REFIT_103203,R3_ORIGINAL,H_REAL3_REPLAN,COMPLETE,0,True,True,bb9ebd40ea34946fb62ce2293710a24b3295ad5b6ccace095df3aadea29aaadd,d7c50142b956ebf6f5a4d75a9f9dbe01d52afbb1c45c683532d0d6372c5736c2
R8_tworoom_082e9b45e7283603ec99842f,REFIT_103203,R4_ALT_CEM_1,H_POLICY,FRESH_PAIRED_CONTROL,0,True,,4bf221f7eba77724d7a9623dfa1abb04b5cea285444e265614634c24fb065f37,
R8_tworoom_082e9b45e7283603ec99842f,REFIT_103203,R4_ALT_CEM_1,H_REAL3_REPLAN,COMPLETE,0,True,True,405a62cd9134c4ceaf5e927a7e433f1bdd0074130c8526b94fa76cca296f7d1b,d97cfc9f3999ddaaf0b21e0da05271050c8b865de1a7c857208bad60015f38dd
R8_tworoom_082e9b45e7283603ec99842f,REFIT_103203,R4_ALT_CEM_2,H_POLICY,FRESH_PAIRED_CONTROL,0,True,,525aaa7a9f5ffa527b5b5d805538cd4ee766e8a47fe985a370d7afef0f4c1934,
R8_tworoom_082e9b45e7283603ec99842f,REFIT_103203,R4_ALT_CEM_2,H_REAL3_REPLAN,COMPLETE,0,True,True,58c527b9a39cbfe8fd8d4d3f7468158e0c8c52eab5696379d5e88f705b3c20d7,fbf57e4986248035303a48544d940b52c01b3a5953e55aa8be265b14625ac994
R8_tworoom_084c4ee8b76ad244548c7ccc,H0,R3_ORIGINAL,H_POLICY,FRESH_PAIRED_CONTROL,1,False,,1bbaadd605797fc9723b4c21f1ffdfcd005b9193fe297b1ab8e3df96853c804d,
R8_tworoom_084c4ee8b76ad244548c7ccc,H0,R3_ORIGINAL,H_REAL3_REPLAN,COMPLETE,1,False,True,4a45d412bb9b429844ed02230578687d06ac152c9ae1e8eb992afd1166e3b7de,1ba86243f08ce31aca267baabc449293dcfb6ef5e581ad979876e0bcde1d8b78
R8_tworoom_084c4ee8b76ad244548c7ccc,H0,R4_ALT_CEM_1,H_POLICY,FRESH_PAIRED_CONTROL,1,False,,0991f799741915fccc315ca791156ff1ffab9af7b2bcfc9f447ee8f1fe23ddcc,
R8_tworoom_084c4ee8b76ad244548c7ccc,H0,R4_ALT_CEM_1,H_REAL3_REPLAN,COMPLETE,1,False,True,9ee4211045e5da606e26274b0ecfde342ff4dece5e0298168f1c74f25958b4b0,81467fef10475d68be826f0b6f26ea126f45700a9b69c2b5a6f191bbe283201f
R8_tworoom_084c4ee8b76ad244548c7ccc,H0,R4_ALT_CEM_2,H_POLICY,FRESH_PAIRED_CONTROL,1,True,,630875767827a20734a73a4efb8d90f603529d7719539b32fb2b08fb826c0f3e,
R8_tworoom_084c4ee8b76ad244548c7ccc,H0,R4_ALT_CEM_2,H_REAL3_REPLAN,COMPLETE,1,True,True,9a108e4655f75dbc8eb8a9989b86f145bb785c253d0365764252948c4a3d5870,783070be36dd652c974d5fcdddf2c2428a76a1a01ce45634ee4642d336d730ea
R8_tworoom_084c4ee8b76ad244548c7ccc,REFIT_103201,R3_ORIGINAL,H_POLICY,FRESH_PAIRED_CONTROL,1,False,,b6af30fd00c51c6a8ade9bcf439e425ef5586049610ead5410fe1bc2f9ce0dfc,
R8_tworoom_084c4ee8b76ad244548c7ccc,REFIT_103201,R3_ORIGINAL,H_REAL3_REPLAN,COMPLETE,1,False,True,fb3d784b2653f51ae03d2d56502770097607278c1d45428eaf4b4726dab197da,939f9bba17467b91b3eab28a66771ece8634673bf9997e6239857850b60ca3d3
R8_tworoom_084c4ee8b76ad244548c7ccc,REFIT_103201,R4_ALT_CEM_1,H_POLICY,FRESH_PAIRED_CONTROL,1,False,,68b83eae0fae311b463a817f64f4c25896b8b6097978aa9dcd5018398fbcf4eb,
R8_tworoom_084c4ee8b76ad244548c7ccc,REFIT_103201,R4_ALT_CEM_1,H_REAL3_REPLAN,COMPLETE,1,False,True,743135b02c428e355fd1de5d7edd3bbf98d4527e2bcf6bd0750b33257fc3cb33,837e929c8db892fb92c3476c86a2f797869c372e6778679020d9263e50d94221
R8_tworoom_084c4ee8b76ad244548c7ccc,REFIT_103201,R4_ALT_CEM_2,H_POLICY,FRESH_PAIRED_CONTROL,1,False,,74e1a84d2b3cf325f49b452b9236e2354f13c5da6b9bccff6905fefe4c8052bc,
R8_tworoom_084c4ee8b76ad244548c7ccc,REFIT_103201,R4_ALT_CEM_2,H_REAL3_REPLAN,COMPLETE,1,False,True,8ea52724a06ec5532d605076aac7ee287623ac1b26650365be4c4fac37c2ee85,d3b9dbb6336bf392a8dc4227ee5b8ffd6d81b5cb7950950a127c938b594a817c
R8_tworoom_084c4ee8b76ad244548c7ccc,REFIT_103202,R3_ORIGINAL,H_POLICY,FRESH_PAIRED_CONTROL,1,False,,acf9c2b48b386acf5b4d7ca5f55f5271bebd7bc443845e6e7fbe4c60edc69a94,
R8_tworoom_084c4ee8b76ad244548c7ccc,REFIT_103202,R3_ORIGINAL,H_REAL3_REPLAN,COMPLETE,1,False,True,a32163f7d406888464d8c1c184f9831df10aadaed1b5e87a24a8b6beb83f1edf,1171da9b66c6a4b6024c4e03aa71c66142220aa1f8e77e42499620495983c9d0
R8_tworoom_084c4ee8b76ad244548c7ccc,REFIT_103202,R4_ALT_CEM_1,H_POLICY,FRESH_PAIRED_CONTROL,1,False,,8c949510d13334ec72d8b7ca09f8994c43ac38353115746fd29b1104a941cfda,
R8_tworoom_084c4ee8b76ad244548c7ccc,REFIT_103202,R4_ALT_CEM_1,H_REAL3_REPLAN,COMPLETE,1,False,True,3959d96d71f9eb400c31f091d15657bf603dbedc946f06865adf8b290b8a1b7c,844b96d3bca719a4a8531072450c2ef42c595a56f32e84e2449620d22fb1ca31
R8_tworoom_084c4ee8b76ad244548c7ccc,REFIT_103202,R4_ALT_CEM_2,H_POLICY,FRESH_PAIRED_CONTROL,1,False,,0b9be6de51e4ecd5d7fa366ae4a1d7163af8bfe34b898531139c93be716808a5,
R8_tworoom_084c4ee8b76ad244548c7ccc,REFIT_103202,R4_ALT_CEM_2,H_REAL3_REPLAN,COMPLETE,1,False,True,41ac3ea48a3de824d958e59b7541cd17a0d5408cf01e22208ab4dfda8b748357,5e637c3b15a456e49272b22dd2ae9c6011192536b4430b03a9fabe2dcd1c626f
R8_tworoom_084c4ee8b76ad244548c7ccc,REFIT_103203,R3_ORIGINAL,H_POLICY,FRESH_PAIRED_CONTROL,1,False,,3d2a0705fc4c759590da2796cc20957bec4740a1ded89c0c842fef707d326098,
R8_tworoom_084c4ee8b76ad244548c7ccc,REFIT_103203,R3_ORIGINAL,H_REAL3_REPLAN,COMPLETE,1,False,True,fe7d5922b3c2501c2760017402403e6d359ef1948a1d35f1e47bf6c46ae1b374,3ec30f0ddcfc8eb1e573d07c77d870eeefe08d79135fc4c8c516aa27ddfd0af9
R8_tworoom_084c4ee8b76ad244548c7ccc,REFIT_103203,R4_ALT_CEM_1,H_POLICY,FRESH_PAIRED_CONTROL,1,False,,45fc442e73e61aa113d9c6da7db1481ab0196549aaeef69d6d18ab6a544be503,
R8_tworoom_084c4ee8b76ad244548c7ccc,REFIT_103203,R4_ALT_CEM_1,H_REAL3_REPLAN,COMPLETE,1,False,True,7bd85780131c54897a75e3f10355df3750d3d08182830df9be0a59b9b8c3666e,9a8cd4d03b380e9eaf1977542ce1644a1a4f8be8e246f4cc1aa8f2e0487d2c0c
R8_tworoom_084c4ee8b76ad244548c7ccc,REFIT_103203,R4_ALT_CEM_2,H_POLICY,FRESH_PAIRED_CONTROL,1,False,,952be8f0c6b53dacadf7f709369cac333f15d8394bd0111c83d7a7e8ad9bd297,
R8_tworoom_084c4ee8b76ad244548c7ccc,REFIT_103203,R4_ALT_CEM_2,H_REAL3_REPLAN,COMPLETE,1,False,True,6cc4b69014ee58aed4e21fcb863b3d7a210b4bf8ac4cb54e26efbd7ec7bf2e0b,fc2c3ea1348ba293b805c9a833e992401383593632166ed75520d87e390fee6d
R8_tworoom_086beb45d9170a5eb00e4768,H0,R3_ORIGINAL,H_POLICY,FRESH_PAIRED_CONTROL,0,True,,993a84d393cabf453f1810a30ca14dce9c9f5685d6332358db8b8d61e21a8645,
R8_tworoom_086beb45d9170a5eb00e4768,H0,R3_ORIGINAL,H_REAL3_REPLAN,COMPLETE,0,True,True,96b5d655dd34338bc46b5499c2aa2dd4fb29f6342df15acc8c7fdba20aacd43f,2ec894debb258eee5abd3a5e3471bb3da0f1eab0941b18840192808fc56c7623
R8_tworoom_086beb45d9170a5eb00e4768,H0,R4_ALT_CEM_1,H_POLICY,FRESH_PAIRED_CONTROL,0,True,,fb7b184c08ba9f7298a6e4285b9d2d3dab0b8a74dd2b910ac7d64a7557367f8f,
R8_tworoom_086beb45d9170a5eb00e4768,H0,R4_ALT_CEM_1,H_REAL3_REPLAN,COMPLETE,0,True,True,c2ffd04d5ac56d290072e88a7deb6f57e83d0e1ab3b70f15929be720cd512ee8,28baeb6bcecd2b40d5f03b3d97a4d8e8d9acdb513370186e30e47478f2f42720
R8_tworoom_086beb45d9170a5eb00e4768,H0,R4_ALT_CEM_2,H_POLICY,FRESH_PAIRED_CONTROL,0,True,,13250247aa5d0239ee689104daa71f947796d1487578cec9143ab7c700b983d9,
R8_tworoom_086beb45d9170a5eb00e4768,H0,R4_ALT_CEM_2,H_REAL3_REPLAN,COMPLETE,0,True,True,26268d3fb073957ed045d386c4d16acddd382cacb7b12670975cdac135c31f22,39bb470e783ca85e5b8bd113f4e5c5b97458e38b4bc5e368e44b6d4c1bddcd42
R8_tworoom_086beb45d9170a5eb00e4768,REFIT_103201,R3_ORIGINAL,H_POLICY,FRESH_PAIRED_CONTROL,0,True,,c955166f632b00cd0661c55bc5086303581b7e817b22aedb4c765ca039ea3c2b,
R8_tworoom_086beb45d9170a5eb00e4768,REFIT_103201,R3_ORIGINAL,H_REAL3_REPLAN,COMPLETE,0,True,True,363ccaf11f165784c6b2834e6d5ed9c4f991863f9087b3b79667bb629e293409,cf4a027a4364fe9236305878b9b8295072e918c73b4a8d05d844298d18196512
R8_tworoom_086beb45d9170a5eb00e4768,REFIT_103201,R4_ALT_CEM_1,H_POLICY,FRESH_PAIRED_CONTROL,0,True,,25fa3384d5f3182b485d5c7438d9a59b19c813930a931388a59bd76a6386f25f,
R8_tworoom_086beb45d9170a5eb00e4768,REFIT_103201,R4_ALT_CEM_1,H_REAL3_REPLAN,COMPLETE,0,True,True,0bb03d3261ff4b1f57879554261c01de9778cad92c3dd40382bd44b5a55f743b,85a25cdcdbf37d74a4258bf3745ed6ffe1c78ef128c2a66b41547f8d73e95e45
R8_tworoom_086beb45d9170a5eb00e4768,REFIT_103201,R4_ALT_CEM_2,H_POLICY,FRESH_PAIRED_CONTROL,0,True,,185979040c1c7c35d8a638faebcedab887d2a02b15542354a89add6da0fe4a3e,
R8_tworoom_086beb45d9170a5eb00e4768,REFIT_103201,R4_ALT_CEM_2,H_REAL3_REPLAN,COMPLETE,0,True,True,6873f071198ede1292cea3fc83507fcf5cb18dcaf6b449ae01e42f8b41aa1457,b1b1e3ca83b977d5195cdf3f36ead4b9ed2f57c2ba24c31502f3808277dc2503
R8_tworoom_086beb45d9170a5eb00e4768,REFIT_103202,R3_ORIGINAL,H_POLICY,FRESH_PAIRED_CONTROL,0,True,,d2e408406a11fbc0930770f56350dde5208ccbdcdf3906f421fee83af9419476,
R8_tworoom_086beb45d9170a5eb00e4768,REFIT_103202,R3_ORIGINAL,H_REAL3_REPLAN,COMPLETE,0,True,True,aa6e3fe4d50af39810522b408fa2c2ff06b4dda4dac32754798fa183547df298,849389e2679daeb01a8ecdcd174c9e3d90a6e80f900b6cd0336071a2675d2d1b
R8_tworoom_086beb45d9170a5eb00e4768,REFIT_103202,R4_ALT_CEM_1,H_POLICY,FRESH_PAIRED_CONTROL,0,True,,d466d321e6f0eda14c0dd5db9c40ac65e4c86ce51f0779f74dbddde195262931,
R8_tworoom_086beb45d9170a5eb00e4768,REFIT_103202,R4_ALT_CEM_1,H_REAL3_REPLAN,COMPLETE,0,True,True,d7857d0f07fc1b10c624c0b367d756f80ad4bdfeec71c62c0d810de1a930194a,b3ad51e414dfee2c6639544a67926fd9e1988da93d6f080cf53f948cc97b229d
R8_tworoom_086beb45d9170a5eb00e4768,REFIT_103202,R4_ALT_CEM_2,H_POLICY,FRESH_PAIRED_CONTROL,0,True,,c1a0d045c1f3b37c70b8a1f9cff08003d60aeaa98e2448de9190566ec814d118,
R8_tworoom_086beb45d9170a5eb00e4768,REFIT_103202,R4_ALT_CEM_2,H_REAL3_REPLAN,COMPLETE,0,True,True,da6753130235ec323636e435d70132e1d16e48051c321d9e951ac9b6b2ba720d,494700042596f22551b7d65e7535093482727dca3e8ab0860305d1fc32d4a01d
R8_tworoom_086beb45d9170a5eb00e4768,REFIT_103203,R3_ORIGINAL,H_POLICY,FRESH_PAIRED_CONTROL,0,True,,ce16f4f2c0e5a074fb750a64d49973acd944f5f0a29bfd34ff5c464a866505a4,
R8_tworoom_086beb45d9170a5eb00e4768,REFIT_103203,R3_ORIGINAL,H_REAL3_REPLAN,COMPLETE,0,True,True,7c094d3293c9c2a6332b981c06c25be40d4ffc8b211b9c2379ff1a2780e0c692,ee84b0eb30aed587b8959dfea092f3bd20e5ba159fd9f59f52a86b2404d8f69c
R8_tworoom_086beb45d9170a5eb00e4768,REFIT_103203,R4_ALT_CEM_1,H_POLICY,FRESH_PAIRED_CONTROL,0,True,,49088dda63b0054609bb088c9b2d7abf87a54095d8bf74616b1b975471283c28,
R8_tworoom_086beb45d9170a5eb00e4768,REFIT_103203,R4_ALT_CEM_1,H_REAL3_REPLAN,COMPLETE,0,True,True,9e2f08f0f6c698f5e9fdba47b771ac3bc544702254ebb148d41543cce09992b5,c3f70afa3c7cd571e53c70ad246b2cdde82a8da67bc9cdbc015cf35bfba56ed2
R8_tworoom_086beb45d9170a5eb00e4768,REFIT_103203,R4_ALT_CEM_2,H_POLICY,FRESH_PAIRED_CONTROL,0,True,,818fed35bb7634d8a44bc91bcd5037ac13dfa654c52546ffe2c66d9b0f0ce7cb,
R8_tworoom_086beb45d9170a5eb00e4768,REFIT_103203,R4_ALT_CEM_2,H_REAL3_REPLAN,COMPLETE,0,True,True,d3342aabb63000f99edfda3e5cae15dc0efc51952a4b26139583dce57f62bab7,69d4ca9b4b18a14c6199aa2c763514e41f079a0e6b27b8f61b5ce15fd9c3b5d9
R8_tworoom_08aaa113960a522f6e8577dd,H0,R3_ORIGINAL,H_POLICY,FRESH_PAIRED_CONTROL,1,True,,a7b5963dc373577fa6ed72c0756fd9123bcd239b58a2adc211e9ec019c9a1619,
R8_tworoom_08aaa113960a522f6e8577dd,H0,R3_ORIGINAL,H_REAL3_REPLAN,COMPLETE,1,True,True,9313a08c8e09032a125e2e9178064ef88bcd8a652b4338f6d2b8be735320b652,4249cd860ef1e1b492ea043785d0ec6817852591c2e4062efd446c499b002e49
R8_tworoom_08aaa113960a522f6e8577dd,H0,R4_ALT_CEM_1,H_POLICY,FRESH_PAIRED_CONTROL,1,False,,d07e6a47403a3ae301e2b7a10959e19d0d320d4409f14d63c72910cbe5a3783c,
R8_tworoom_08aaa113960a522f6e8577dd,H0,R4_ALT_CEM_1,H_REAL3_REPLAN,COMPLETE,1,False,True,a90a1467329b60809145590eb51181b44b7df85726203531f87770c0cea2f81e,89d5768640f68917363516fffa1fc6ec3a54d0063c7bb7fef4bf41d79441a097
R8_tworoom_08aaa113960a522f6e8577dd,H0,R4_ALT_CEM_2,H_POLICY,FRESH_PAIRED_CONTROL,1,False,,626061bf615be4a1042ddfb2724e25057d908f6fd04f87d2c9166dbe17d66b3a,
R8_tworoom_08aaa113960a522f6e8577dd,H0,R4_ALT_CEM_2,H_REAL3_REPLAN,COMPLETE,1,False,True,4ce643baa585dbe3856d6373eaa23f9b7dc2728f07afc870f97b0c5eeb732b3c,80f258c2d798da3a2ac4b339ea344ee9b0d295c1e35cc5a34e1b0857d019f478
R8_tworoom_08aaa113960a522f6e8577dd,REFIT_103201,R3_ORIGINAL,H_POLICY,FRESH_PAIRED_CONTROL,1,False,,1127421aefa5a3362988e662bf1bcc6b3e1d6e5c311d15b33ebcb68895ebe23f,
R8_tworoom_08aaa113960a522f6e8577dd,REFIT_103201,R3_ORIGINAL,H_REAL3_REPLAN,COMPLETE,1,False,True,adb67a3760c8f69d4968e798225ace2c69ff6612e330260fa3efb0d43bcf61b0,a239a8657f96e21130207dee4ea3eef33a837b1f3f9096be36b27c086baee870
R8_tworoom_08aaa113960a522f6e8577dd,REFIT_103201,R4_ALT_CEM_1,H_POLICY,FRESH_PAIRED_CONTROL,1,False,,87587cb26f89328b505eaaf9655e58ae9b791dbc4082b558504413a11e3ac7d0,
R8_tworoom_08aaa113960a522f6e8577dd,REFIT_103201,R4_ALT_CEM_1,H_REAL3_REPLAN,COMPLETE,1,False,True,67f7f65c71087072e2d990590369799c31c071bf37d7d76dec9c87bf85cbd818,79795e3a03127d0a8d941875c3e91d88205266cad3a295dc820adef290a4afdd
R8_tworoom_08aaa113960a522f6e8577dd,REFIT_103201,R4_ALT_CEM_2,H_POLICY,FRESH_PAIRED_CONTROL,1,False,,c4da9388b62e03827f2817d8f1a4ee442ceedd44828079ca99e6759359a0846c,
R8_tworoom_08aaa113960a522f6e8577dd,REFIT_103201,R4_ALT_CEM_2,H_REAL3_REPLAN,COMPLETE,1,False,True,235e7e093582a238bd0571fad78d4faa65bddab354b68efb676670f1bdb36dc2,03b3b839d1f112a079be9ca3c9bda44f2d73f88e49a04c6e38d10a9e0868e9bf
R8_tworoom_08aaa113960a522f6e8577dd,REFIT_103202,R3_ORIGINAL,H_POLICY,FRESH_PAIRED_CONTROL,1,False,,33669a212a1b6ee8c79e6d4b0602df0700a0f63defcef341366ebc0bee2d653e,
R8_tworoom_08aaa113960a522f6e8577dd,REFIT_103202,R3_ORIGINAL,H_REAL3_REPLAN,COMPLETE,1,False,True,9075d372c5d47209ad36de21eddea4a69b265255a5cf451c23635eefcf8691d2,2208c6ddad222825add319a5bf725f4de5bee7bd3bccb2a0aead5d300055b986
R8_tworoom_08aaa113960a522f6e8577dd,REFIT_103202,R4_ALT_CEM_1,H_POLICY,FRESH_PAIRED_CONTROL,1,False,,71f33ed6dde90ceb1f30c48ba41c189bfb92207c4f1b12c6303f64d84a12ab1d,
R8_tworoom_08aaa113960a522f6e8577dd,REFIT_103202,R4_ALT_CEM_1,H_REAL3_REPLAN,COMPLETE,1,False,True,afcd7194f8f65c58992090e517e52a3334b3da71c68fa83336eb8a3f123e2ad0,db73c0115178843e381c051ace59e15b5a0557818580ba134a85e237128f25f1
R8_tworoom_08aaa113960a522f6e8577dd,REFIT_103202,R4_ALT_CEM_2,H_POLICY,FRESH_PAIRED_CONTROL,1,False,,2b4ee50ac1d09332c3b1ddadbeb053f089de3534b7e012cd547f6145c693ba0c,
R8_tworoom_08aaa113960a522f6e8577dd,REFIT_103202,R4_ALT_CEM_2,H_REAL3_REPLAN,COMPLETE,1,False,True,153e95888562da6f21e6f531cb3c3b8a9de34f2b32a94ceb73deb76e1eda678e,1b4f85981c13051ad25ee96362612e57f70033d21baec77dbeaa986f685a1091
R8_tworoom_08aaa113960a522f6e8577dd,REFIT_103203,R3_ORIGINAL,H_POLICY,FRESH_PAIRED_CONTROL,1,True,,9eda26998886ad83a0407ede4095fbbb329f92c96fadc73d8d48ef259bab27b8,
R8_tworoom_08aaa113960a522f6e8577dd,REFIT_103203,R3_ORIGINAL,H_REAL3_REPLAN,COMPLETE,1,True,True,23264e8b118889e2b72e33112cd9bac0f3b0f21a9582382d66b1ab2285920c5b,cf5b5e9777a52b84e6278febc0f4d41007ef399ff62404a5a87b1abd8814aa5c
R8_tworoom_08aaa113960a522f6e8577dd,REFIT_103203,R4_ALT_CEM_1,H_POLICY,FRESH_PAIRED_CONTROL,1,False,,3f07377bca179d0da89830795285fe7e486002e780805c98b4a9fe2e6fa98da1,
R8_tworoom_08aaa113960a522f6e8577dd,REFIT_103203,R4_ALT_CEM_1,H_REAL3_REPLAN,COMPLETE,1,False,True,33e7292ee2cb1cdc1bf3161bc591faf69bfddeeaef6c56d00bc287aafd34a04c,e46283bb3098c679fff546033729f3c42566f3290dd2e7ae5b14d983843a9f2d
R8_tworoom_08aaa113960a522f6e8577dd,REFIT_103203,R4_ALT_CEM_2,H_POLICY,FRESH_PAIRED_CONTROL,1,False,,1c96655e3e4d7518ee8aaf33f158d00551e73400ebc0ac2738707b2b86750c30,
R8_tworoom_08aaa113960a522f6e8577dd,REFIT_103203,R4_ALT_CEM_2,H_REAL3_REPLAN,COMPLETE,1,False,True,153b2f7dfd321e2781a44a945dec3ce23a54dfad535fca3308bb1962120300c7,bcc825ad312184f1583442f7879d8b055f9f4da5917495f04aff192e9a406351
R8_tworoom_08cf0f213dc94b2a94561e69,H0,R3_ORIGINAL,H_POLICY,FRESH_PAIRED_CONTROL,1,False,,cad13be811db61d7922ac57a400c17587e9faab205d7436f2d457264e674841e,
R8_tworoom_08cf0f213dc94b2a94561e69,H0,R3_ORIGINAL,H_REAL3_REPLAN,COMPLETE,1,False,True,e97167f523cad72b03703f2ac2d386da31f2468979359e616b7dabbcdbcdfabc,3b123ba1586ddfb59f47c190579e64ef817843d72ec6a997aa4ac8f0803e8eb8
R8_tworoom_08cf0f213dc94b2a94561e69,H0,R4_ALT_CEM_1,H_POLICY,FRESH_PAIRED_CONTROL,1,False,,5cc847480f03e9f74ebe4a720d0f33e7a4b2231ae92407e924b6c4c247fc1463,
R8_tworoom_08cf0f213dc94b2a94561e69,H0,R4_ALT_CEM_1,H_REAL3_REPLAN,COMPLETE,1,False,True,1fb6a09d808a88683dd1c3be6bc92c076e62cbaae8d4e4d38e102774d0073fbc,82e2ed9748654bd6bb4807ecd0320c73f3b636fa17ed3c812a1d877e54797fff
R8_tworoom_08cf0f213dc94b2a94561e69,H0,R4_ALT_CEM_2,H_POLICY,FRESH_PAIRED_CONTROL,1,False,,f2f19f2286b7c372e41e3758d889c616a3d307064697ba8fc585211f3d7faf31,
R8_tworoom_08cf0f213dc94b2a94561e69,H0,R4_ALT_CEM_2,H_REAL3_REPLAN,COMPLETE,1,False,True,42ee7a00e9a412f7d69b573c407b73eacf72361f34f4256ee6efe86b60b93d5f,5836aeddd4fc0bd4a88132c1c875b6adac37997e9b1e4818556e65fe424044bd
R8_tworoom_08cf0f213dc94b2a94561e69,REFIT_103201,R3_ORIGINAL,H_POLICY,FRESH_PAIRED_CONTROL,1,False,,32ea87921ab86eb8a3bfd9dd31bffca29ba181dc104f16dacbe1981792e8076c,
R8_tworoom_08cf0f213dc94b2a94561e69,REFIT_103201,R3_ORIGINAL,H_REAL3_REPLAN,COMPLETE,1,False,True,295bb0f612236198d691d3865262e2f80990cc80a1821b917b1b92912b573d97,811af7146ef8be3d82fd9ed439b805a856660c3f5c5b950c4766892a48538bf4
R8_tworoom_08cf0f213dc94b2a94561e69,REFIT_103201,R4_ALT_CEM_1,H_POLICY,FRESH_PAIRED_CONTROL,1,False,,cd41d63648176bb38b3f7d9394e6d8c8b90fdc64189f56d0a732b16048f9b223,
R8_tworoom_08cf0f213dc94b2a94561e69,REFIT_103201,R4_ALT_CEM_1,H_REAL3_REPLAN,COMPLETE,1,False,True,955ce745a28f4b2455cce0486699de0d0eb2c42e2f5fe77ee01ac7e6b988742e,961d1072db7a981af5178df9f484893c63f34befdfb678c895619116db36d873
R8_tworoom_08cf0f213dc94b2a94561e69,REFIT_103201,R4_ALT_CEM_2,H_POLICY,FRESH_PAIRED_CONTROL,1,False,,1af130b171ca9fdc8b1322c7e71ba340b4003f040111387b5b19e9eca41ffadd,
R8_tworoom_08cf0f213dc94b2a94561e69,REFIT_103201,R4_ALT_CEM_2,H_REAL3_REPLAN,COMPLETE,1,False,True,c9b84db3882567a28ce14e7fec1ebb5cee627352f47108d5269dee35da798588,da6bed7091bf693fbd3fd1536c1c54f97cd84db9266219766a8d0b2b4d2f8e31
R8_tworoom_08cf0f213dc94b2a94561e69,REFIT_103202,R3_ORIGINAL,H_POLICY,FRESH_PAIRED_CONTROL,1,False,,2cebd72bb0f89c738b4950c0165720fc1fe0e292676744cda7557e2e094a6ffd,
R8_tworoom_08cf0f213dc94b2a94561e69,REFIT_103202,R3_ORIGINAL,H_REAL3_REPLAN,COMPLETE,1,False,True,153e5997806da31e5ab96b6716cc717cb93ccde3c8991f65eb02f31a2d541a0c,c773d084cfe58ae0869a858529338fff27757e2b0031bfd18298f0f29b25e1dd
R8_tworoom_08cf0f213dc94b2a94561e69,REFIT_103202,R4_ALT_CEM_1,H_POLICY,FRESH_PAIRED_CONTROL,1,False,,0f1e1273a83eca508503f173a8a67eb4fce4e376ed07e32a18022f0197ae6319,
R8_tworoom_08cf0f213dc94b2a94561e69,REFIT_103202,R4_ALT_CEM_1,H_REAL3_REPLAN,COMPLETE,1,False,True,69db58aa33d4acc0ec267d6a051d80b9b7d7b61d604b07b4e143e9383c9a670d,b5cbd45dfc17ae76662b79ba44c0c5c3ce1f65c6151f9ed1777de66a56c4846a
R8_tworoom_08cf0f213dc94b2a94561e69,REFIT_103202,R4_ALT_CEM_2,H_POLICY,FRESH_PAIRED_CONTROL,1,False,,438bd8e7869553f6129a64fce4474067c6c23558dca14dea70624ee11e04302f,
R8_tworoom_08cf0f213dc94b2a94561e69,REFIT_103202,R4_ALT_CEM_2,H_REAL3_REPLAN,COMPLETE,1,False,True,589efcd4f8c1b88970bd3feb3be627c2f0593349a3d4fc81ef53067038035519,c2671eec86edbaf0f28bb26efa551033019b4e218e1a2a46409561dc52941dc6
R8_tworoom_08cf0f213dc94b2a94561e69,REFIT_103203,R3_ORIGINAL,H_POLICY,FRESH_PAIRED_CONTROL,1,False,,ec60afbab4315fdbe959b2bb70bc1645cc4eb7fdeb01e643434cc67b62df32c5,
R8_tworoom_08cf0f213dc94b2a94561e69,REFIT_103203,R3_ORIGINAL,H_REAL3_REPLAN,COMPLETE,1,False,True,4d3cb05d7606b9e1076667bd19348236e3e3a21574c1f56b1f6543f2e7c24f4d,b6b26ca8c40080a8f5eb45d26214bd7533707f7ea70a8b9be996a10450fa883b
R8_tworoom_08cf0f213dc94b2a94561e69,REFIT_103203,R4_ALT_CEM_1,H_POLICY,FRESH_PAIRED_CONTROL,1,False,,5f00e84ab3f87392b6b4c485e475acec6e3f38f6956895bcc6c78ce210a951c5,
R8_tworoom_08cf0f213dc94b2a94561e69,REFIT_103203,R4_ALT_CEM_1,H_REAL3_REPLAN,COMPLETE,1,False,True,bb8d07d3147361370b22c0c431334984dc0b0dc38cec32e6b6bd6b1bd83bc5e5,a3855474c6b753c7a25acaf51461b25741c22f86d3dadec13dfc6b328a428a81
R8_tworoom_08cf0f213dc94b2a94561e69,REFIT_103203,R4_ALT_CEM_2,H_POLICY,FRESH_PAIRED_CONTROL,1,False,,d98e30bf336ee48f44bd1acbbdab04af6707f2903c60a7461880d371c3c49c30,
R8_tworoom_08cf0f213dc94b2a94561e69,REFIT_103203,R4_ALT_CEM_2,H_REAL3_REPLAN,COMPLETE,1,False,True,7c67c83eff2cd150b0bca99a5137c9647f0c1f316d3ec693300b890f5bdecb5d,b9add04eb0b5885fbbcbc0926b9155f38e22d471963ae793406506e5d540858e
R8_tworoom_08d5693a3598e40dcc9c9561,H0,R3_ORIGINAL,H_POLICY,FRESH_PAIRED_CONTROL,1,False,,20faf57fbad5db24baf61abc45056baf0b66ff0f6769d5c414a3b79ccabd7738,
R8_tworoom_08d5693a3598e40dcc9c9561,H0,R3_ORIGINAL,H_REAL3_REPLAN,COMPLETE,1,False,True,ee14b7ccc82fc2911071bbac33601dca6344de65f59153688726a0ea1ef5115c,477f61678aa151ed1f3b93ff03746f97f91bc04d24744b8604ab8a76f8caeb4f
R8_tworoom_08d5693a3598e40dcc9c9561,H0,R4_ALT_CEM_1,H_POLICY,FRESH_PAIRED_CONTROL,1,False,,35b3498143c84b40c06fb43a9eb725c8342f137cc671bff4114c1fd4e97d1d28,
R8_tworoom_08d5693a3598e40dcc9c9561,H0,R4_ALT_CEM_1,H_REAL3_REPLAN,COMPLETE,1,False,True,4e92a232cdbd09e3dc9fc7d3cc660bd3add9068e14086d72c0efaf77cd2b4fe9,eb6d8193a982858274eb0d115feb87cdc842211ecb99e09174df109c4ff6450d
R8_tworoom_08d5693a3598e40dcc9c9561,H0,R4_ALT_CEM_2,H_POLICY,FRESH_PAIRED_CONTROL,1,False,,0a8e2b66710f43ff2e95c3c1d082be0a9e82f9c53b78ef22cecdbf49db337774,
R8_tworoom_08d5693a3598e40dcc9c9561,H0,R4_ALT_CEM_2,H_REAL3_REPLAN,COMPLETE,1,False,True,b5d6079f82dbba91de1388d1c40adfe30645b871fd5a1bcce4075a67889f7b12,79f25d53cfcac10c547c6cb4b262f7f45143626e47b62eea7577c74f080f7195
R8_tworoom_08d5693a3598e40dcc9c9561,REFIT_103201,R3_ORIGINAL,H_POLICY,FRESH_PAIRED_CONTROL,1,False,,a7522338e9056b24160558c00f218208e95895663e84028599c1879c1d4028b4,
R8_tworoom_08d5693a3598e40dcc9c9561,REFIT_103201,R3_ORIGINAL,H_REAL3_REPLAN,COMPLETE,1,False,True,cdc7bbd75952d2bda95d0feedc10ff8655a3a41ba06f72fc66485c5be7f6fc4b,a8ef13db5c005b84f7fd68bce8cff57a33a95ce9c8a9798202e477752ed96fd9
R8_tworoom_08d5693a3598e40dcc9c9561,REFIT_103201,R4_ALT_CEM_1,H_POLICY,FRESH_PAIRED_CONTROL,1,True,,460d85ed9ab3de9151d43ff649a9ee0bd331b2fffc3024de759918d9a367da20,
R8_tworoom_08d5693a3598e40dcc9c9561,REFIT_103201,R4_ALT_CEM_1,H_REAL3_REPLAN,COMPLETE,1,True,True,d74a43b9dafdae48ee2826f1bcee908adc9f01beb8cef40acaa1e103465f18c0,8df4eb18fc9e36ccdd985bb2f03015ccbd431a289d6b963a2b0c97f710530add
R8_tworoom_08d5693a3598e40dcc9c9561,REFIT_103201,R4_ALT_CEM_2,H_POLICY,FRESH_PAIRED_CONTROL,1,False,,cf4ca4bcaa3864e0380b45d6a6b8a8a178d219599ca221071230a02503311168,
R8_tworoom_08d5693a3598e40dcc9c9561,REFIT_103201,R4_ALT_CEM_2,H_REAL3_REPLAN,COMPLETE,1,False,True,abca274f58ba5868b5f82ad5a5d6ddc78d5d9b9dd42e6c62c92b3d794f5ed851,5219812572e1e0c8ac9c25bd74646083f4694cc9c1c3bbfe3fc8bbda16f99e13
R8_tworoom_08d5693a3598e40dcc9c9561,REFIT_103202,R3_ORIGINAL,H_POLICY,FRESH_PAIRED_CONTROL,1,False,,a1093c907e4fcaddfa939ef25c7fd95bb7958e741ce98d7878bf4fee27ecfb24,
R8_tworoom_08d5693a3598e40dcc9c9561,REFIT_103202,R3_ORIGINAL,H_REAL3_REPLAN,COMPLETE,1,False,True,c458f2666165bf3110e5efc469dae65592265c7ce754456066b4113307a3ebaf,d314070c9b7ea0e4fd3161eb88257b49603d4d9fd6d69af84057fd90500d1d6f
R8_tworoom_08d5693a3598e40dcc9c9561,REFIT_103202,R4_ALT_CEM_1,H_POLICY,FRESH_PAIRED_CONTROL,1,False,,c89b9e95047361948bf9751bd9f0e881f65303de088de189424f711355d9624c,
R8_tworoom_08d5693a3598e40dcc9c9561,REFIT_103202,R4_ALT_CEM_1,H_REAL3_REPLAN,COMPLETE,1,False,True,14620f752273b49659101740b5059924dc54e08eaec283b5b98524a1d1975fb2,c660c811ae1be32491e103a844426abe072c554f2799148243e9f613614589d9
R8_tworoom_08d5693a3598e40dcc9c9561,REFIT_103202,R4_ALT_CEM_2,H_POLICY,FRESH_PAIRED_CONTROL,1,False,,92bd058aee686db011840521f67b37391c7000742947c6e358f5935a1e21ca52,
R8_tworoom_08d5693a3598e40dcc9c9561,REFIT_103202,R4_ALT_CEM_2,H_REAL3_REPLAN,COMPLETE,1,False,True,bae59757df816cd63e9bc83168200654264d8b78c53ed577e787c26566f6045b,2d81c597592f7b628cb82d3efde35ef0aee4a62940e8faa1e829e3b2678d34c5
R8_tworoom_08d5693a3598e40dcc9c9561,REFIT_103203,R3_ORIGINAL,H_POLICY,FRESH_PAIRED_CONTROL,1,False,,d68a9855b7b29f3981f3f92a15ed090a1fa7cc1853e004b476f5443a71387055,
R8_tworoom_08d5693a3598e40dcc9c9561,REFIT_103203,R3_ORIGINAL,H_REAL3_REPLAN,COMPLETE,1,False,True,518970ba2d938f1f4bf4f31e464fae6d5c1bb5fd7df5d38d499505095aafd383,4364b4fd1a28974b177c487e14aab7a3f1ff0e23a0272815933c0edd23525459
R8_tworoom_08d5693a3598e40dcc9c9561,REFIT_103203,R4_ALT_CEM_1,H_POLICY,FRESH_PAIRED_CONTROL,1,False,,f02f5b1a67b0c4f266682ea506696ba672f565c2ac22ceb83935f5f39c5d3d2c,
R8_tworoom_08d5693a3598e40dcc9c9561,REFIT_103203,R4_ALT_CEM_1,H_REAL3_REPLAN,COMPLETE,1,False,True,dfc3b9516a950e164892f65c5e0e7b86b378ce7b653fd0b67607b0e1f0673fa2,f973158a6f427e5acc3a392b432bc78adf5346c39a1bf0aa1d2f3bcd88fbaae0
R8_tworoom_08d5693a3598e40dcc9c9561,REFIT_103203,R4_ALT_CEM_2,H_POLICY,FRESH_PAIRED_CONTROL,1,False,,f4a21ed00f1828f3cf2c6cdf08ad85687dd3c316d8e831a8037eaa8e895dbb77,
R8_tworoom_08d5693a3598e40dcc9c9561,REFIT_103203,R4_ALT_CEM_2,H_REAL3_REPLAN,COMPLETE,1,False,True,3d36894704147d104b1d4a1bc96cc7f06527e2e9b6580c77efc2f4b3d7f12753,f843895f25d01a563c3d1c1643831361756af9da5ba9e0e92afd1733071f5c59
R8_tworoom_08fae1c7d5506f5d6c5ca8ac,H0,R3_ORIGINAL,H_POLICY,FRESH_PAIRED_CONTROL,0,True,,bc2bde6a595e176f0535ca48afbeee5166c228d7c0e8ca38160cf935de8cdd1b,
R8_tworoom_08fae1c7d5506f5d6c5ca8ac,H0,R3_ORIGINAL,H_REAL3_REPLAN,COMPLETE,0,True,True,008caae79e2c6f18b7d525662053830a0043f3449d9dac3e7d33a1686fe45ada,14b18aeec2e1db31288958d2abbec14625bcf893418c8f4b2ffbe36730a31802
R8_tworoom_08fae1c7d5506f5d6c5ca8ac,H0,R4_ALT_CEM_1,H_POLICY,FRESH_PAIRED_CONTROL,0,True,,553c8d43602dfae228fd376c8c01475349c53943e2ed660e4d2817570571a0c8,
R8_tworoom_08fae1c7d5506f5d6c5ca8ac,H0,R4_ALT_CEM_1,H_REAL3_REPLAN,COMPLETE,0,True,True,3d62624b4caf0dbdf7167d941e3627e0c781fb106d0c2de02f9ade30cfd3929e,95c7a68766020e38875f8ed274a249c0a2960fa6e1281e49f4e9da8278be913e
R8_tworoom_08fae1c7d5506f5d6c5ca8ac,H0,R4_ALT_CEM_2,H_POLICY,FRESH_PAIRED_CONTROL,1,False,,044da6a7c7cf7932d7704f4024f10468e834747a16507dbe2062617d597f9f6c,
R8_tworoom_08fae1c7d5506f5d6c5ca8ac,H0,R4_ALT_CEM_2,H_REAL3_REPLAN,COMPLETE,1,False,True,92ab2b371ad4077786898ffa151643c5d6a5d39f63441cdecc209c717cd11668,b5584f30a31bf8bf4d10e66a6b49565218a7b2390ded32554f646366bddd7426
R8_tworoom_08fae1c7d5506f5d6c5ca8ac,REFIT_103201,R3_ORIGINAL,H_POLICY,FRESH_PAIRED_CONTROL,0,True,,b28a34dd1e4ad657680225cbd35561a63727deb4568fdb7df01d1847e8f33f39,
R8_tworoom_08fae1c7d5506f5d6c5ca8ac,REFIT_103201,R3_ORIGINAL,H_REAL3_REPLAN,COMPLETE,0,True,True,83e52254376c9d7e5f03384075e92d9903330a151e9f5b5db28368c09321440c,633ff82845881f48819678d48c14678b9d5659a455db4cba64c25b4aa6ec9e1d
R8_tworoom_08fae1c7d5506f5d6c5ca8ac,REFIT_103201,R4_ALT_CEM_1,H_POLICY,FRESH_PAIRED_CONTROL,0,True,,e7118d748c59a2ccd671a5040e7659ac1aac70a6e835a64f316fc80fa58e8921,
R8_tworoom_08fae1c7d5506f5d6c5ca8ac,REFIT_103201,R4_ALT_CEM_1,H_REAL3_REPLAN,COMPLETE,0,True,True,2f1d828c79283876a1e2326d85a6206aad380c0d7ffb1276e325ef76c4a3c547,f939e560f8ce555dadbd946bcf8a07da62ed77357754fefe27121aa6c48c5862
R8_tworoom_08fae1c7d5506f5d6c5ca8ac,REFIT_103201,R4_ALT_CEM_2,H_POLICY,FRESH_PAIRED_CONTROL,0,True,,41d903d4a8bc3f424b1699602db450e31198f0f79086040176d1b5ef9564d9b5,
R8_tworoom_08fae1c7d5506f5d6c5ca8ac,REFIT_103201,R4_ALT_CEM_2,H_REAL3_REPLAN,COMPLETE,0,True,True,2edf00dbbf2652d37af0f37293208e17424bec3a52a7c95da66a5657daf19c29,953ddcf828c6e6137a6077dce68c963f8f69c2a9f822fa8e758c86f9612c3ad7
R8_tworoom_08fae1c7d5506f5d6c5ca8ac,REFIT_103202,R3_ORIGINAL,H_POLICY,FRESH_PAIRED_CONTROL,0,True,,61d6e2dc77c5f9d8901d27b5b94d9319faab16f5619685ae9cc9736bdcd19a4e,
R8_tworoom_08fae1c7d5506f5d6c5ca8ac,REFIT_103202,R3_ORIGINAL,H_REAL3_REPLAN,COMPLETE,0,True,True,ad636cc0d10cdeae5764db9e0f3a47c839fdffa9462e6028218e352a76b4bf0a,2b882cdbcaa0ef99982183104a57bb6080f6f1b8839ad7c2bb8387eba6b544a4
R8_tworoom_08fae1c7d5506f5d6c5ca8ac,REFIT_103202,R4_ALT_CEM_1,H_POLICY,FRESH_PAIRED_CONTROL,0,True,,0895fea198fda0e09a262dc3ea345963826ea7b334b6a11bc12ceafb80ee5e73,
R8_tworoom_08fae1c7d5506f5d6c5ca8ac,REFIT_103202,R4_ALT_CEM_1,H_REAL3_REPLAN,COMPLETE,0,True,True,2fda219d56bd0c36835d633028df454f0f9d3566a1be443b4c3fed6ae9318d7a,72dd76caa0006cd0a7ad025351fe2e962dcfbd31834210c040a56e641be84e42
R8_tworoom_08fae1c7d5506f5d6c5ca8ac,REFIT_103202,R4_ALT_CEM_2,H_POLICY,FRESH_PAIRED_CONTROL,0,True,,2f26825f0288cbd03f7b538c4809684a10afb88e56458c59ed3cc67548b5fac2,
R8_tworoom_08fae1c7d5506f5d6c5ca8ac,REFIT_103202,R4_ALT_CEM_2,H_REAL3_REPLAN,COMPLETE,0,True,True,4a1761fcb00b086010bac46ef35a61a4656973c98a65d78100d1ddc0c008da0b,5ce4ee6044dcc863cf4c362546480a6e528885710e938da3a4dbab3f677a806b
R8_tworoom_08fae1c7d5506f5d6c5ca8ac,REFIT_103203,R3_ORIGINAL,H_POLICY,FRESH_PAIRED_CONTROL,0,True,,cf34bdb4d3ea58729ad210967078d33fc22f861dc633ee6347e0ecb7c63904a3,
R8_tworoom_08fae1c7d5506f5d6c5ca8ac,REFIT_103203,R3_ORIGINAL,H_REAL3_REPLAN,COMPLETE,0,True,True,d848a23f0642d137b0dcb1fdd0524116c12c32c9f72ab63381c1310a056b9786,b6c9b8ce4ecc21f727e25c70408fd56608271a99f866263cf5db9ab668c75bf2
R8_tworoom_08fae1c7d5506f5d6c5ca8ac,REFIT_103203,R4_ALT_CEM_1,H_POLICY,FRESH_PAIRED_CONTROL,0,True,,da9d81743c87d1815c54f978e94480c296d6b377e83bc2a317adcf6674d2b0c6,
R8_tworoom_08fae1c7d5506f5d6c5ca8ac,REFIT_103203,R4_ALT_CEM_1,H_REAL3_REPLAN,COMPLETE,0,True,True,6818119debf85422d072ac18e15c9c33effb9688904743d1c3a65089f56eabb8,15389dc878a038b4799a92034bb1c705b8decd69999e002937d3bd484f8aae76
R8_tworoom_08fae1c7d5506f5d6c5ca8ac,REFIT_103203,R4_ALT_CEM_2,H_POLICY,FRESH_PAIRED_CONTROL,0,True,,2a24a90cee7e0d81f6018fcda3aa95ab4ebab35e120cd549faa8a0903cbadc99,
R8_tworoom_08fae1c7d5506f5d6c5ca8ac,REFIT_103203,R4_ALT_CEM_2,H_REAL3_REPLAN,COMPLETE,0,True,True,e0c482d91da896f3be69616edbb81b066e5844456328815b302232565a238059,56bfb52465acdde2078e0d2b7c7ff7404cb092488a8fec74fc0f8d6a494b0df0
