/workspace/r10/shared_data/r3/source/swm_compat/stable_worldmodel/envs/__init__.py:215: UserWarning: ale-py not found; ALE/* envs are unavailable. Install with: pip install 'stable-worldmodel[env]' or pip install ale-py.
  from stable_worldmodel.envs import ale  # noqa: F401
/workspace/r10/env_old/lib/python3.12/site-packages/gymnasium/utils/passive_env_checker.py:129: UserWarning: [33mWARN: The obs returned by the `reset()` method was expecting a numpy array, actual type: <class 'torch.Tensor'>[0m
  logger.warn(
/workspace/r10/env_old/lib/python3.12/site-packages/gymnasium/spaces/box.py:415: UserWarning: [33mWARN: Casting input x to numpy array.[0m
  gym.logger.warn("Casting input x to numpy array.")
CEM solve time: 2.1136 seconds
/workspace/r10/env_old/lib/python3.12/site-packages/gymnasium/utils/passive_env_checker.py:129: UserWarning: [33mWARN: The obs returned by the `step()` method was expecting a numpy array, actual type: <class 'torch.Tensor'>[0m
  logger.warn(
/workspace/r10/env_old/lib/python3.12/site-packages/gymnasium/spaces/box.py:415: UserWarning: [33mWARN: Casting input x to numpy array.[0m
  gym.logger.warn("Casting input x to numpy array.")
CEM solve time: 1.7609 seconds
/workspace/r10/env_old/lib/python3.12/site-packages/gymnasium/utils/passive_env_checker.py:129: UserWarning: [33mWARN: The obs returned by the `reset()` method was expecting a numpy array, actual type: <class 'torch.Tensor'>[0m
  logger.warn(
/workspace/r10/env_old/lib/python3.12/site-packages/gymnasium/spaces/box.py:415: UserWarning: [33mWARN: Casting input x to numpy array.[0m
  gym.logger.warn("Casting input x to numpy array.")
CEM solve time: 1.7474 seconds
/workspace/r10/env_old/lib/python3.12/site-packages/gymnasium/utils/passive_env_checker.py:129: UserWarning: [33mWARN: The obs returned by the `step()` method was expecting a numpy array, actual type: <class 'torch.Tensor'>[0m
  logger.warn(
/workspace/r10/env_old/lib/python3.12/site-packages/gymnasium/spaces/box.py:415: UserWarning: [33mWARN: Casting input x to numpy array.[0m
  gym.logger.warn("Casting input x to numpy array.")
CEM solve time: 1.7270 seconds
{"completed": 1, "missing": 0, "case": "R8_tworoom_00e9a3b01023364006051823", "arm": "H0", "stream": "R3_ORIGINAL", "mode": "H_REAL3_REPLAN"}
/workspace/r10/env_old/lib/python3.12/site-packages/gymnasium/utils/passive_env_checker.py:129: UserWarning: [33mWARN: The obs returned by the `reset()` method was expecting a numpy array, actual type: <class 'torch.Tensor'>[0m
  logger.warn(
/workspace/r10/env_old/lib/python3.12/site-packages/gymnasium/spaces/box.py:415: UserWarning: [33mWARN: Casting input x to numpy array.[0m
  gym.logger.warn("Casting input x to numpy array.")
CEM solve time: 1.6957 seconds
/workspace/r10/env_old/lib/python3.12/site-packages/gymnasium/utils/passive_env_checker.py:129: UserWarning: [33mWARN: The obs returned by the `step()` method was expecting a numpy array, actual type: <class 'torch.Tensor'>[0m
  logger.warn(
/workspace/r10/env_old/lib/python3.12/site-packages/gymnasium/spaces/box.py:415: UserWarning: [33mWARN: Casting input x to numpy array.[0m
  gym.logger.warn("Casting input x to numpy array.")
CEM solve time: 1.6725 seconds
/workspace/r10/env_old/lib/python3.12/site-packages/gymnasium/utils/passive_env_checker.py:129: UserWarning: [33mWARN: The obs returned by the `reset()` method was expecting a numpy array, actual type: <class 'torch.Tensor'>[0m
  logger.warn(
/workspace/r10/env_old/lib/python3.12/site-packages/gymnasium/spaces/box.py:415: UserWarning: [33mWARN: Casting input x to numpy array.[0m
  gym.logger.warn("Casting input x to numpy array.")
CEM solve time: 1.6782 seconds
/workspace/r10/env_old/lib/python3.12/site-packages/gymnasium/utils/passive_env_checker.py:129: UserWarning: [33mWARN: The obs returned by the `step()` method was expecting a numpy array, actual type: <class 'torch.Tensor'>[0m
  logger.warn(
/workspace/r10/env_old/lib/python3.12/site-packages/gymnasium/spaces/box.py:415: UserWarning: [33mWARN: Casting input x to numpy array.[0m
  gym.logger.warn("Casting input x to numpy array.")
CEM solve time: 1.7049 seconds
{"completed": 2, "missing": 0, "case": "R8_tworoom_00e9a3b01023364006051823", "arm": "H0", "stream": "R4_ALT_CEM_1", "mode": "H_REAL3_REPLAN"}
/workspace/r10/env_old/lib/python3.12/site-packages/gymnasium/utils/passive_env_checker.py:129: UserWarning: [33mWARN: The obs returned by the `reset()` method was expecting a numpy array, actual type: <class 'torch.Tensor'>[0m
  logger.warn(
/workspace/r10/env_old/lib/python3.12/site-packages/gymnasium/spaces/box.py:415: UserWarning: [33mWARN: Casting input x to numpy array.[0m
  gym.logger.warn("Casting input x to numpy array.")
CEM solve time: 1.6883 seconds
/workspace/r10/env_old/lib/python3.12/site-packages/gymnasium/utils/passive_env_checker.py:129: UserWarning: [33mWARN: The obs returned by the `step()` method was expecting a numpy array, actual type: <class 'torch.Tensor'>[0m
  logger.warn(
/workspace/r10/env_old/lib/python3.12/site-packages/gymnasium/spaces/box.py:415: UserWarning: [33mWARN: Casting input x to numpy array.[0m
  gym.logger.warn("Casting input x to numpy array.")
CEM solve time: 1.6835 seconds
/workspace/r10/env_old/lib/python3.12/site-packages/gymnasium/utils/passive_env_checker.py:129: UserWarning: [33mWARN: The obs returned by the `reset()` method was expecting a numpy array, actual type: <class 'torch.Tensor'>[0m
  logger.warn(
/workspace/r10/env_old/lib/python3.12/site-packages/gymnasium/spaces/box.py:415: UserWarning: [33mWARN: Casting input x to numpy array.[0m
  gym.logger.warn("Casting input x to numpy array.")
CEM solve time: 1.6898 seconds
/workspace/r10/env_old/lib/python3.12/site-packages/gymnasium/utils/passive_env_checker.py:129: UserWarning: [33mWARN: The obs returned by the `step()` method was expecting a numpy array, actual type: <class 'torch.Tensor'>[0m
  logger.warn(
/workspace/r10/env_old/lib/python3.12/site-packages/gymnasium/spaces/box.py:415: UserWarning: [33mWARN: Casting input x to numpy array.[0m
  gym.logger.warn("Casting input x to numpy array.")
CEM solve time: 1.7147 seconds
{"completed": 3, "missing": 0, "case": "R8_tworoom_00e9a3b01023364006051823", "arm": "H0", "stream": "R4_ALT_CEM_2", "mode": "H_REAL3_REPLAN"}
/workspace/r10/env_old/lib/python3.12/site-packages/gymnasium/utils/passive_env_checker.py:129: UserWarning: [33mWARN: The obs returned by the `reset()` method was expecting a numpy array, actual type: <class 'torch.Tensor'>[0m
  logger.warn(
/workspace/r10/env_old/lib/python3.12/site-packages/gymnasium/spaces/box.py:415: UserWarning: [33mWARN: Casting input x to numpy array.[0m
  gym.logger.warn("Casting input x to numpy array.")
CEM solve time: 1.7016 seconds
/workspace/r10/env_old/lib/python3.12/site-packages/gymnasium/utils/passive_env_checker.py:129: UserWarning: [33mWARN: The obs returned by the `step()` method was expecting a numpy array, actual type: <class 'torch.Tensor'>[0m
  logger.warn(
/workspace/r10/env_old/lib/python3.12/site-packages/gymnasium/spaces/box.py:415: UserWarning: [33mWARN: Casting input x to numpy array.[0m
  gym.logger.warn("Casting input x to numpy array.")
/workspace/r10/env_old/lib/python3.12/site-packages/gymnasium/utils/passive_env_checker.py:129: UserWarning: [33mWARN: The obs returned by the `reset()` method was expecting a numpy array, actual type: <class 'torch.Tensor'>[0m
  logger.warn(
/workspace/r10/env_old/lib/python3.12/site-packages/gymnasium/spaces/box.py:415: UserWarning: [33mWARN: Casting input x to numpy array.[0m
  gym.logger.warn("Casting input x to numpy array.")
CEM solve time: 1.7117 seconds
/workspace/r10/env_old/lib/python3.12/site-packages/gymnasium/utils/passive_env_checker.py:129: UserWarning: [33mWARN: The obs returned by the `step()` method was expecting a numpy array, actual type: <class 'torch.Tensor'>[0m
  logger.warn(
/workspace/r10/env_old/lib/python3.12/site-packages/gymnasium/spaces/box.py:415: UserWarning: [33mWARN: Casting input x to numpy array.[0m
  gym.logger.warn("Casting input x to numpy array.")
{"completed": 4, "missing": 0, "case": "R8_tworoom_01c67df22131e1d43aea07a4", "arm": "H0", "stream": "R3_ORIGINAL", "mode": "H_REAL3_REPLAN"}
/workspace/r10/env_old/lib/python3.12/site-packages/gymnasium/utils/passive_env_checker.py:129: UserWarning: [33mWARN: The obs returned by the `reset()` method was expecting a numpy array, actual type: <class 'torch.Tensor'>[0m
  logger.warn(
/workspace/r10/env_old/lib/python3.12/site-packages/gymnasium/spaces/box.py:415: UserWarning: [33mWARN: Casting input x to numpy array.[0m
  gym.logger.warn("Casting input x to numpy array.")
CEM solve time: 1.6916 seconds
/workspace/r10/env_old/lib/python3.12/site-packages/gymnasium/utils/passive_env_checker.py:129: UserWarning: [33mWARN: The obs returned by the `step()` method was expecting a numpy array, actual type: <class 'torch.Tensor'>[0m
  logger.warn(
/workspace/r10/env_old/lib/python3.12/site-packages/gymnasium/spaces/box.py:415: UserWarning: [33mWARN: Casting input x to numpy array.[0m
  gym.logger.warn("Casting input x to numpy array.")
/workspace/r10/env_old/lib/python3.12/site-packages/gymnasium/utils/passive_env_checker.py:129: UserWarning: [33mWARN: The obs returned by the `reset()` method was expecting a numpy array, actual type: <class 'torch.Tensor'>[0m
  logger.warn(
/workspace/r10/env_old/lib/python3.12/site-packages/gymnasium/spaces/box.py:415: UserWarning: [33mWARN: Casting input x to numpy array.[0m
  gym.logger.warn("Casting input x to numpy array.")
CEM solve time: 1.6822 seconds
/workspace/r10/env_old/lib/python3.12/site-packages/gymnasium/utils/passive_env_checker.py:129: UserWarning: [33mWARN: The obs returned by the `step()` method was expecting a numpy array, actual type: <class 'torch.Tensor'>[0m
  logger.warn(
/workspace/r10/env_old/lib/python3.12/site-packages/gymnasium/spaces/box.py:415: UserWarning: [33mWARN: Casting input x to numpy array.[0m
  gym.logger.warn("Casting input x to numpy array.")
{"completed": 5, "missing": 0, "case": "R8_tworoom_01c67df22131e1d43aea07a4", "arm": "H0", "stream": "R4_ALT_CEM_1", "mode": "H_REAL3_REPLAN"}
/workspace/r10/env_old/lib/python3.12/site-packages/gymnasium/utils/passive_env_checker.py:129: UserWarning: [33mWARN: The obs returned by the `reset()` method was expecting a numpy array, actual type: <class 'torch.Tensor'>[0m
  logger.warn(
/workspace/r10/env_old/lib/python3.12/site-packages/gymnasium/spaces/box.py:415: UserWarning: [33mWARN: Casting input x to numpy array.[0m
  gym.logger.warn("Casting input x to numpy array.")
CEM solve time: 1.6743 seconds
/workspace/r10/env_old/lib/python3.12/site-packages/gymnasium/utils/passive_env_checker.py:129: UserWarning: [33mWARN: The obs returned by the `step()` method was expecting a numpy array, actual type: <class 'torch.Tensor'>[0m
  logger.warn(
/workspace/r10/env_old/lib/python3.12/site-packages/gymnasium/spaces/box.py:415: UserWarning: [33mWARN: Casting input x to numpy array.[0m
  gym.logger.warn("Casting input x to numpy array.")
/workspace/r10/env_old/lib/python3.12/site-packages/gymnasium/utils/passive_env_checker.py:129: UserWarning: [33mWARN: The obs returned by the `reset()` method was expecting a numpy array, actual type: <class 'torch.Tensor'>[0m
  logger.warn(
/workspace/r10/env_old/lib/python3.12/site-packages/gymnasium/spaces/box.py:415: UserWarning: [33mWARN: Casting input x to numpy array.[0m
  gym.logger.warn("Casting input x to numpy array.")
CEM solve time: 1.6734 seconds
/workspace/r10/env_old/lib/python3.12/site-packages/gymnasium/utils/passive_env_checker.py:129: UserWarning: [33mWARN: The obs returned by the `step()` method was expecting a numpy array, actual type: <class 'torch.Tensor'>[0m
  logger.warn(
/workspace/r10/env_old/lib/python3.12/site-packages/gymnasium/spaces/box.py:415: UserWarning: [33mWARN: Casting input x to numpy array.[0m
  gym.logger.warn("Casting input x to numpy array.")
{"completed": 6, "missing": 0, "case": "R8_tworoom_01c67df22131e1d43aea07a4", "arm": "H0", "stream": "R4_ALT_CEM_2", "mode": "H_REAL3_REPLAN"}
/workspace/r10/env_old/lib/python3.12/site-packages/gymnasium/utils/passive_env_checker.py:129: UserWarning: [33mWARN: The obs returned by the `reset()` method was expecting a numpy array, actual type: <class 'torch.Tensor'>[0m
  logger.warn(
/workspace/r10/env_old/lib/python3.12/site-packages/gymnasium/spaces/box.py:415: UserWarning: [33mWARN: Casting input x to numpy array.[0m
  gym.logger.warn("Casting input x to numpy array.")
CEM solve time: 1.7379 seconds
/workspace/r10/env_old/lib/python3.12/site-packages/gymnasium/utils/passive_env_checker.py:129: UserWarning: [33mWARN: The obs returned by the `step()` method was expecting a numpy array, actual type: <class 'torch.Tensor'>[0m
  logger.warn(
/workspace/r10/env_old/lib/python3.12/site-packages/gymnasium/spaces/box.py:415: UserWarning: [33mWARN: Casting input x to numpy array.[0m
  gym.logger.warn("Casting input x to numpy array.")
/workspace/r10/env_old/lib/python3.12/site-packages/gymnasium/utils/passive_env_checker.py:129: UserWarning: [33mWARN: The obs returned by the `reset()` method was expecting a numpy array, actual type: <class 'torch.Tensor'>[0m
  logger.warn(
/workspace/r10/env_old/lib/python3.12/site-packages/gymnasium/spaces/box.py:415: UserWarning: [33mWARN: Casting input x to numpy array.[0m
  gym.logger.warn("Casting input x to numpy array.")
CEM solve time: 1.6737 seconds
/workspace/r10/env_old/lib/python3.12/site-packages/gymnasium/utils/passive_env_checker.py:129: UserWarning: [33mWARN: The obs returned by the `step()` method was expecting a numpy array, actual type: <class 'torch.Tensor'>[0m
  logger.warn(
/workspace/r10/env_old/lib/python3.12/site-packages/gymnasium/spaces/box.py:415: UserWarning: [33mWARN: Casting input x to numpy array.[0m
  gym.logger.warn("Casting input x to numpy array.")
{"completed": 7, "missing": 0, "case": "R8_tworoom_025f489cacfa2a35b021beae", "arm": "H0", "stream": "R3_ORIGINAL", "mode": "H_REAL3_REPLAN"}
/workspace/r10/env_old/lib/python3.12/site-packages/gymnasium/utils/passive_env_checker.py:129: UserWarning: [33mWARN: The obs returned by the `reset()` method was expecting a numpy array, actual type: <class 'torch.Tensor'>[0m
  logger.warn(
/workspace/r10/env_old/lib/python3.12/site-packages/gymnasium/spaces/box.py:415: UserWarning: [33mWARN: Casting input x to numpy array.[0m
  gym.logger.warn("Casting input x to numpy array.")
CEM solve time: 1.6767 seconds
/workspace/r10/env_old/lib/python3.12/site-packages/gymnasium/utils/passive_env_checker.py:129: UserWarning: [33mWARN: The obs returned by the `step()` method was expecting a numpy array, actual type: <class 'torch.Tensor'>[0m
  logger.warn(
/workspace/r10/env_old/lib/python3.12/site-packages/gymnasium/spaces/box.py:415: UserWarning: [33mWARN: Casting input x to numpy array.[0m
  gym.logger.warn("Casting input x to numpy array.")
/workspace/r10/env_old/lib/python3.12/site-packages/gymnasium/utils/passive_env_checker.py:129: UserWarning: [33mWARN: The obs returned by the `reset()` method was expecting a numpy array, actual type: <class 'torch.Tensor'>[0m
  logger.warn(
/workspace/r10/env_old/lib/python3.12/site-packages/gymnasium/spaces/box.py:415: UserWarning: [33mWARN: Casting input x to numpy array.[0m
  gym.logger.warn("Casting input x to numpy array.")
CEM solve time: 1.6787 seconds
/workspace/r10/env_old/lib/python3.12/site-packages/gymnasium/utils/passive_env_checker.py:129: UserWarning: [33mWARN: The obs returned by the `step()` method was expecting a numpy array, actual type: <class 'torch.Tensor'>[0m
  logger.warn(
/workspace/r10/env_old/lib/python3.12/site-packages/gymnasium/spaces/box.py:415: UserWarning: [33mWARN: Casting input x to numpy array.[0m
  gym.logger.warn("Casting input x to numpy array.")
{"completed": 8, "missing": 0, "case": "R8_tworoom_025f489cacfa2a35b021beae", "arm": "H0", "stream": "R4_ALT_CEM_1", "mode": "H_REAL3_REPLAN"}
/workspace/r10/env_old/lib/python3.12/site-packages/gymnasium/utils/passive_env_checker.py:129: UserWarning: [33mWARN: The obs returned by the `reset()` method was expecting a numpy array, actual type: <class 'torch.Tensor'>[0m
  logger.warn(
/workspace/r10/env_old/lib/python3.12/site-packages/gymnasium/spaces/box.py:415: UserWarning: [33mWARN: Casting input x to numpy array.[0m
  gym.logger.warn("Casting input x to numpy array.")
CEM solve time: 1.6739 seconds
/workspace/r10/env_old/lib/python3.12/site-packages/gymnasium/utils/passive_env_checker.py:129: UserWarning: [33mWARN: The obs returned by the `step()` method was expecting a numpy array, actual type: <class 'torch.Tensor'>[0m
  logger.warn(
/workspace/r10/env_old/lib/python3.12/site-packages/gymnasium/spaces/box.py:415: UserWarning: [33mWARN: Casting input x to numpy array.[0m
  gym.logger.warn("Casting input x to numpy array.")
/workspace/r10/env_old/lib/python3.12/site-packages/gymnasium/utils/passive_env_checker.py:129: UserWarning: [33mWARN: The obs returned by the `reset()` method was expecting a numpy array, actual type: <class 'torch.Tensor'>[0m
  logger.warn(
/workspace/r10/env_old/lib/python3.12/site-packages/gymnasium/spaces/box.py:415: UserWarning: [33mWARN: Casting input x to numpy array.[0m
  gym.logger.warn("Casting input x to numpy array.")
CEM solve time: 1.6979 seconds
/workspace/r10/env_old/lib/python3.12/site-packages/gymnasium/utils/passive_env_checker.py:129: UserWarning: [33mWARN: The obs returned by the `step()` method was expecting a numpy array, actual type: <class 'torch.Tensor'>[0m
  logger.warn(
/workspace/r10/env_old/lib/python3.12/site-packages/gymnasium/spaces/box.py:415: UserWarning: [33mWARN: Casting input x to numpy array.[0m
  gym.logger.warn("Casting input x to numpy array.")
{"completed": 9, "missing": 0, "case": "R8_tworoom_025f489cacfa2a35b021beae", "arm": "H0", "stream": "R4_ALT_CEM_2", "mode": "H_REAL3_REPLAN"}
/workspace/r10/env_old/lib/python3.12/site-packages/gymnasium/utils/passive_env_checker.py:129: UserWarning: [33mWARN: The obs returned by the `reset()` method was expecting a numpy array, actual type: <class 'torch.Tensor'>[0m
  logger.warn(
/workspace/r10/env_old/lib/python3.12/site-packages/gymnasium/spaces/box.py:415: UserWarning: [33mWARN: Casting input x to numpy array.[0m
  gym.logger.warn("Casting input x to numpy array.")
CEM solve time: 1.6806 seconds
/workspace/r10/env_old/lib/python3.12/site-packages/gymnasium/utils/passive_env_checker.py:129: UserWarning: [33mWARN: The obs returned by the `step()` method was expecting a numpy array, actual type: <class 'torch.Tensor'>[0m
  logger.warn(
/workspace/r10/env_old/lib/python3.12/site-packages/gymnasium/spaces/box.py:415: UserWarning: [33mWARN: Casting input x to numpy array.[0m
  gym.logger.warn("Casting input x to numpy array.")
/workspace/r10/env_old/lib/python3.12/site-packages/gymnasium/utils/passive_env_checker.py:129: UserWarning: [33mWARN: The obs returned by the `reset()` method was expecting a numpy array, actual type: <class 'torch.Tensor'>[0m
  logger.warn(
/workspace/r10/env_old/lib/python3.12/site-packages/gymnasium/spaces/box.py:415: UserWarning: [33mWARN: Casting input x to numpy array.[0m
  gym.logger.warn("Casting input x to numpy array.")
CEM solve time: 1.6759 seconds
/workspace/r10/env_old/lib/python3.12/site-packages/gymnasium/utils/passive_env_checker.py:129: UserWarning: [33mWARN: The obs returned by the `step()` method was expecting a numpy array, actual type: <class 'torch.Tensor'>[0m
  logger.warn(
/workspace/r10/env_old/lib/python3.12/site-packages/gymnasium/spaces/box.py:415: UserWarning: [33mWARN: Casting input x to numpy array.[0m
  gym.logger.warn("Casting input x to numpy array.")
{"completed": 10, "missing": 0, "case": "R8_tworoom_02ded7194e65433a137a4758", "arm": "H0", "stream": "R3_ORIGINAL", "mode": "H_REAL3_REPLAN"}
/workspace/r10/env_old/lib/python3.12/site-packages/gymnasium/utils/passive_env_checker.py:129: UserWarning: [33mWARN: The obs returned by the `reset()` method was expecting a numpy array, actual type: <class 'torch.Tensor'>[0m
  logger.warn(
/workspace/r10/env_old/lib/python3.12/site-packages/gymnasium/spaces/box.py:415: UserWarning: [33mWARN: Casting input x to numpy array.[0m
  gym.logger.warn("Casting input x to numpy array.")
CEM solve time: 1.6765 seconds
/workspace/r10/env_old/lib/python3.12/site-packages/gymnasium/utils/passive_env_checker.py:129: UserWarning: [33mWARN: The obs returned by the `step()` method was expecting a numpy array, actual type: <class 'torch.Tensor'>[0m
  logger.warn(
/workspace/r10/env_old/lib/python3.12/site-packages/gymnasium/spaces/box.py:415: UserWarning: [33mWARN: Casting input x to numpy array.[0m
  gym.logger.warn("Casting input x to numpy array.")
CEM solve time: 1.6725 seconds
/workspace/r10/env_old/lib/python3.12/site-packages/gymnasium/utils/passive_env_checker.py:129: UserWarning: [33mWARN: The obs returned by the `reset()` method was expecting a numpy array, actual type: <class 'torch.Tensor'>[0m
  logger.warn(
/workspace/r10/env_old/lib/python3.12/site-packages/gymnasium/spaces/box.py:415: UserWarning: [33mWARN: Casting input x to numpy array.[0m
  gym.logger.warn("Casting input x to numpy array.")
CEM solve time: 1.6706 seconds
/workspace/r10/env_old/lib/python3.12/site-packages/gymnasium/utils/passive_env_checker.py:129: UserWarning: [33mWARN: The obs returned by the `step()` method was expecting a numpy array, actual type: <class 'torch.Tensor'>[0m
  logger.warn(
/workspace/r10/env_old/lib/python3.12/site-packages/gymnasium/spaces/box.py:415: UserWarning: [33mWARN: Casting input x to numpy array.[0m
  gym.logger.warn("Casting input x to numpy array.")
CEM solve time: 1.6833 seconds
{"completed": 11, "missing": 0, "case": "R8_tworoom_02ded7194e65433a137a4758", "arm": "H0", "stream": "R4_ALT_CEM_1", "mode": "H_REAL3_REPLAN"}
/workspace/r10/env_old/lib/python3.12/site-packages/gymnasium/utils/passive_env_checker.py:129: UserWarning: [33mWARN: The obs returned by the `reset()` method was expecting a numpy array, actual type: <class 'torch.Tensor'>[0m
  logger.warn(
/workspace/r10/env_old/lib/python3.12/site-packages/gymnasium/spaces/box.py:415: UserWarning: [33mWARN: Casting input x to numpy array.[0m
  gym.logger.warn("Casting input x to numpy array.")
CEM solve time: 1.6745 seconds
/workspace/r10/env_old/lib/python3.12/site-packages/gymnasium/utils/passive_env_checker.py:129: UserWarning: [33mWARN: The obs returned by the `step()` method was expecting a numpy array, actual type: <class 'torch.Tensor'>[0m
  logger.warn(
/workspace/r10/env_old/lib/python3.12/site-packages/gymnasium/spaces/box.py:415: UserWarning: [33mWARN: Casting input x to numpy array.[0m
  gym.logger.warn("Casting input x to numpy array.")
/workspace/r10/env_old/lib/python3.12/site-packages/gymnasium/utils/passive_env_checker.py:129: UserWarning: [33mWARN: The obs returned by the `reset()` method was expecting a numpy array, actual type: <class 'torch.Tensor'>[0m
  logger.warn(
/workspace/r10/env_old/lib/python3.12/site-packages/gymnasium/spaces/box.py:415: UserWarning: [33mWARN: Casting input x to numpy array.[0m
  gym.logger.warn("Casting input x to numpy array.")
CEM solve time: 1.6717 seconds
/workspace/r10/env_old/lib/python3.12/site-packages/gymnasium/utils/passive_env_checker.py:129: UserWarning: [33mWARN: The obs returned by the `step()` method was expecting a numpy array, actual type: <class 'torch.Tensor'>[0m
  logger.warn(
/workspace/r10/env_old/lib/python3.12/site-packages/gymnasium/spaces/box.py:415: UserWarning: [33mWARN: Casting input x to numpy array.[0m
  gym.logger.warn("Casting input x to numpy array.")
{"completed": 12, "missing": 0, "case": "R8_tworoom_02ded7194e65433a137a4758", "arm": "H0", "stream": "R4_ALT_CEM_2", "mode": "H_REAL3_REPLAN"}
/workspace/r10/env_old/lib/python3.12/site-packages/gymnasium/utils/passive_env_checker.py:129: UserWarning: [33mWARN: The obs returned by the `reset()` method was expecting a numpy array, actual type: <class 'torch.Tensor'>[0m
  logger.warn(
/workspace/r10/env_old/lib/python3.12/site-packages/gymnasium/spaces/box.py:415: UserWarning: [33mWARN: Casting input x to numpy array.[0m
  gym.logger.warn("Casting input x to numpy array.")
CEM solve time: 1.6883 seconds
/workspace/r10/env_old/lib/python3.12/site-packages/gymnasium/utils/passive_env_checker.py:129: UserWarning: [33mWARN: The obs returned by the `step()` method was expecting a numpy array, actual type: <class 'torch.Tensor'>[0m
  logger.warn(
/workspace/r10/env_old/lib/python3.12/site-packages/gymnasium/spaces/box.py:415: UserWarning: [33mWARN: Casting input x to numpy array.[0m
  gym.logger.warn("Casting input x to numpy array.")
CEM solve time: 1.6851 seconds
/workspace/r10/env_old/lib/python3.12/site-packages/gymnasium/utils/passive_env_checker.py:129: UserWarning: [33mWARN: The obs returned by the `reset()` method was expecting a numpy array, actual type: <class 'torch.Tensor'>[0m
  logger.warn(
/workspace/r10/env_old/lib/python3.12/site-packages/gymnasium/spaces/box.py:415: UserWarning: [33mWARN: Casting input x to numpy array.[0m
  gym.logger.warn("Casting input x to numpy array.")
CEM solve time: 1.6740 seconds
/workspace/r10/env_old/lib/python3.12/site-packages/gymnasium/utils/passive_env_checker.py:129: UserWarning: [33mWARN: The obs returned by the `step()` method was expecting a numpy array, actual type: <class 'torch.Tensor'>[0m
  logger.warn(
/workspace/r10/env_old/lib/python3.12/site-packages/gymnasium/spaces/box.py:415: UserWarning: [33mWARN: Casting input x to numpy array.[0m
  gym.logger.warn("Casting input x to numpy array.")
CEM solve time: 1.6814 seconds
{"completed": 13, "missing": 0, "case": "R8_tworoom_037e59f4b23261042d6eeb46", "arm": "H0", "stream": "R3_ORIGINAL", "mode": "H_REAL3_REPLAN"}
/workspace/r10/env_old/lib/python3.12/site-packages/gymnasium/utils/passive_env_checker.py:129: UserWarning: [33mWARN: The obs returned by the `reset()` method was expecting a numpy array, actual type: <class 'torch.Tensor'>[0m
  logger.warn(
/workspace/r10/env_old/lib/python3.12/site-packages/gymnasium/spaces/box.py:415: UserWarning: [33mWARN: Casting input x to numpy array.[0m
  gym.logger.warn("Casting input x to numpy array.")
CEM solve time: 1.6705 seconds
/workspace/r10/env_old/lib/python3.12/site-packages/gymnasium/utils/passive_env_checker.py:129: UserWarning: [33mWARN: The obs returned by the `step()` method was expecting a numpy array, actual type: <class 'torch.Tensor'>[0m
  logger.warn(
/workspace/r10/env_old/lib/python3.12/site-packages/gymnasium/spaces/box.py:415: UserWarning: [33mWARN: Casting input x to numpy array.[0m
  gym.logger.warn("Casting input x to numpy array.")
CEM solve time: 1.6748 seconds
/workspace/r10/env_old/lib/python3.12/site-packages/gymnasium/utils/passive_env_checker.py:129: UserWarning: [33mWARN: The obs returned by the `reset()` method was expecting a numpy array, actual type: <class 'torch.Tensor'>[0m
  logger.warn(
/workspace/r10/env_old/lib/python3.12/site-packages/gymnasium/spaces/box.py:415: UserWarning: [33mWARN: Casting input x to numpy array.[0m
  gym.logger.warn("Casting input x to numpy array.")
CEM solve time: 1.6826 seconds
/workspace/r10/env_old/lib/python3.12/site-packages/gymnasium/utils/passive_env_checker.py:129: UserWarning: [33mWARN: The obs returned by the `step()` method was expecting a numpy array, actual type: <class 'torch.Tensor'>[0m
  logger.warn(
/workspace/r10/env_old/lib/python3.12/site-packages/gymnasium/spaces/box.py:415: UserWarning: [33mWARN: Casting input x to numpy array.[0m
  gym.logger.warn("Casting input x to numpy array.")
CEM solve time: 1.7035 seconds
{"completed": 14, "missing": 0, "case": "R8_tworoom_037e59f4b23261042d6eeb46", "arm": "H0", "stream": "R4_ALT_CEM_1", "mode": "H_REAL3_REPLAN"}
/workspace/r10/env_old/lib/python3.12/site-packages/gymnasium/utils/passive_env_checker.py:129: UserWarning: [33mWARN: The obs returned by the `reset()` method was expecting a numpy array, actual type: <class 'torch.Tensor'>[0m
  logger.warn(
/workspace/r10/env_old/lib/python3.12/site-packages/gymnasium/spaces/box.py:415: UserWarning: [33mWARN: Casting input x to numpy array.[0m
  gym.logger.warn("Casting input x to numpy array.")
CEM solve time: 1.6775 seconds
/workspace/r10/env_old/lib/python3.12/site-packages/gymnasium/utils/passive_env_checker.py:129: UserWarning: [33mWARN: The obs returned by the `step()` method was expecting a numpy array, actual type: <class 'torch.Tensor'>[0m
  logger.warn(
/workspace/r10/env_old/lib/python3.12/site-packages/gymnasium/spaces/box.py:415: UserWarning: [33mWARN: Casting input x to numpy array.[0m
  gym.logger.warn("Casting input x to numpy array.")
CEM solve time: 1.6662 seconds
/workspace/r10/env_old/lib/python3.12/site-packages/gymnasium/utils/passive_env_checker.py:129: UserWarning: [33mWARN: The obs returned by the `reset()` method was expecting a numpy array, actual type: <class 'torch.Tensor'>[0m
  logger.warn(
/workspace/r10/env_old/lib/python3.12/site-packages/gymnasium/spaces/box.py:415: UserWarning: [33mWARN: Casting input x to numpy array.[0m
  gym.logger.warn("Casting input x to numpy array.")
CEM solve time: 1.6671 seconds
/workspace/r10/env_old/lib/python3.12/site-packages/gymnasium/utils/passive_env_checker.py:129: UserWarning: [33mWARN: The obs returned by the `step()` method was expecting a numpy array, actual type: <class 'torch.Tensor'>[0m
  logger.warn(
/workspace/r10/env_old/lib/python3.12/site-packages/gymnasium/spaces/box.py:415: UserWarning: [33mWARN: Casting input x to numpy array.[0m
  gym.logger.warn("Casting input x to numpy array.")
CEM solve time: 1.6842 seconds
{"completed": 15, "missing": 0, "case": "R8_tworoom_037e59f4b23261042d6eeb46", "arm": "H0", "stream": "R4_ALT_CEM_2", "mode": "H_REAL3_REPLAN"}
/workspace/r10/env_old/lib/python3.12/site-packages/gymnasium/utils/passive_env_checker.py:129: UserWarning: [33mWARN: The obs returned by the `reset()` method was expecting a numpy array, actual type: <class 'torch.Tensor'>[0m
  logger.warn(
/workspace/r10/env_old/lib/python3.12/site-packages/gymnasium/spaces/box.py:415: UserWarning: [33mWARN: Casting input x to numpy array.[0m
  gym.logger.warn("Casting input x to numpy array.")
CEM solve time: 1.6712 seconds
/workspace/r10/env_old/lib/python3.12/site-packages/gymnasium/utils/passive_env_checker.py:129: UserWarning: [33mWARN: The obs returned by the `step()` method was expecting a numpy array, actual type: <class 'torch.Tensor'>[0m
  logger.warn(
/workspace/r10/env_old/lib/python3.12/site-packages/gymnasium/spaces/box.py:415: UserWarning: [33mWARN: Casting input x to numpy array.[0m
  gym.logger.warn("Casting input x to numpy array.")
/workspace/r10/env_old/lib/python3.12/site-packages/gymnasium/utils/passive_env_checker.py:129: UserWarning: [33mWARN: The obs returned by the `reset()` method was expecting a numpy array, actual type: <class 'torch.Tensor'>[0m
  logger.warn(
/workspace/r10/env_old/lib/python3.12/site-packages/gymnasium/spaces/box.py:415: UserWarning: [33mWARN: Casting input x to numpy array.[0m
  gym.logger.warn("Casting input x to numpy array.")
CEM solve time: 1.6702 seconds
/workspace/r10/env_old/lib/python3.12/site-packages/gymnasium/utils/passive_env_checker.py:129: UserWarning: [33mWARN: The obs returned by the `step()` method was expecting a numpy array, actual type: <class 'torch.Tensor'>[0m
  logger.warn(
/workspace/r10/env_old/lib/python3.12/site-packages/gymnasium/spaces/box.py:415: UserWarning: [33mWARN: Casting input x to numpy array.[0m
  gym.logger.warn("Casting input x to numpy array.")
{"completed": 16, "missing": 0, "case": "R8_tworoom_042b6ebbb71de453c372ac1a", "arm": "H0", "stream": "R3_ORIGINAL", "mode": "H_REAL3_REPLAN"}
/workspace/r10/env_old/lib/python3.12/site-packages/gymnasium/utils/passive_env_checker.py:129: UserWarning: [33mWARN: The obs returned by the `reset()` method was expecting a numpy array, actual type: <class 'torch.Tensor'>[0m
  logger.warn(
/workspace/r10/env_old/lib/python3.12/site-packages/gymnasium/spaces/box.py:415: UserWarning: [33mWARN: Casting input x to numpy array.[0m
  gym.logger.warn("Casting input x to numpy array.")
CEM solve time: 1.6753 seconds
/workspace/r10/env_old/lib/python3.12/site-packages/gymnasium/utils/passive_env_checker.py:129: UserWarning: [33mWARN: The obs returned by the `step()` method was expecting a numpy array, actual type: <class 'torch.Tensor'>[0m
  logger.warn(
/workspace/r10/env_old/lib/python3.12/site-packages/gymnasium/spaces/box.py:415: UserWarning: [33mWARN: Casting input x to numpy array.[0m
  gym.logger.warn("Casting input x to numpy array.")
/workspace/r10/env_old/lib/python3.12/site-packages/gymnasium/utils/passive_env_checker.py:129: UserWarning: [33mWARN: The obs returned by the `reset()` method was expecting a numpy array, actual type: <class 'torch.Tensor'>[0m
  logger.warn(
/workspace/r10/env_old/lib/python3.12/site-packages/gymnasium/spaces/box.py:415: UserWarning: [33mWARN: Casting input x to numpy array.[0m
  gym.logger.warn("Casting input x to numpy array.")
CEM solve time: 1.6845 seconds
/workspace/r10/env_old/lib/python3.12/site-packages/gymnasium/utils/passive_env_checker.py:129: UserWarning: [33mWARN: The obs returned by the `step()` method was expecting a numpy array, actual type: <class 'torch.Tensor'>[0m
  logger.warn(
/workspace/r10/env_old/lib/python3.12/site-packages/gymnasium/spaces/box.py:415: UserWarning: [33mWARN: Casting input x to numpy array.[0m
  gym.logger.warn("Casting input x to numpy array.")
{"completed": 17, "missing": 0, "case": "R8_tworoom_042b6ebbb71de453c372ac1a", "arm": "H0", "stream": "R4_ALT_CEM_1", "mode": "H_REAL3_REPLAN"}
/workspace/r10/env_old/lib/python3.12/site-packages/gymnasium/utils/passive_env_checker.py:129: UserWarning: [33mWARN: The obs returned by the `reset()` method was expecting a numpy array, actual type: <class 'torch.Tensor'>[0m
  logger.warn(
/workspace/r10/env_old/lib/python3.12/site-packages/gymnasium/spaces/box.py:415: UserWarning: [33mWARN: Casting input x to numpy array.[0m
  gym.logger.warn("Casting input x to numpy array.")
CEM solve time: 1.6737 seconds
/workspace/r10/env_old/lib/python3.12/site-packages/gymnasium/utils/passive_env_checker.py:129: UserWarning: [33mWARN: The obs returned by the `step()` method was expecting a numpy array, actual type: <class 'torch.Tensor'>[0m
  logger.warn(
/workspace/r10/env_old/lib/python3.12/site-packages/gymnasium/spaces/box.py:415: UserWarning: [33mWARN: Casting input x to numpy array.[0m
  gym.logger.warn("Casting input x to numpy array.")
/workspace/r10/env_old/lib/python3.12/site-packages/gymnasium/utils/passive_env_checker.py:129: UserWarning: [33mWARN: The obs returned by the `reset()` method was expecting a numpy array, actual type: <class 'torch.Tensor'>[0m
  logger.warn(
/workspace/r10/env_old/lib/python3.12/site-packages/gymnasium/spaces/box.py:415: UserWarning: [33mWARN: Casting input x to numpy array.[0m
  gym.logger.warn("Casting input x to numpy array.")
CEM solve time: 1.6665 seconds
/workspace/r10/env_old/lib/python3.12/site-packages/gymnasium/utils/passive_env_checker.py:129: UserWarning: [33mWARN: The obs returned by the `step()` method was expecting a numpy array, actual type: <class 'torch.Tensor'>[0m
  logger.warn(
/workspace/r10/env_old/lib/python3.12/site-packages/gymnasium/spaces/box.py:415: UserWarning: [33mWARN: Casting input x to numpy array.[0m
  gym.logger.warn("Casting input x to numpy array.")
{"completed": 18, "missing": 0, "case": "R8_tworoom_042b6ebbb71de453c372ac1a", "arm": "H0", "stream": "R4_ALT_CEM_2", "mode": "H_REAL3_REPLAN"}
/workspace/r10/env_old/lib/python3.12/site-packages/gymnasium/utils/passive_env_checker.py:129: UserWarning: [33mWARN: The obs returned by the `reset()` method was expecting a numpy array, actual type: <class 'torch.Tensor'>[0m
  logger.warn(
/workspace/r10/env_old/lib/python3.12/site-packages/gymnasium/spaces/box.py:415: UserWarning: [33mWARN: Casting input x to numpy array.[0m
  gym.logger.warn("Casting input x to numpy array.")
CEM solve time: 1.6857 seconds
/workspace/r10/env_old/lib/python3.12/site-packages/gymnasium/utils/passive_env_checker.py:129: UserWarning: [33mWARN: The obs returned by the `step()` method was expecting a numpy array, actual type: <class 'torch.Tensor'>[0m
  logger.warn(
/workspace/r10/env_old/lib/python3.12/site-packages/gymnasium/spaces/box.py:415: UserWarning: [33mWARN: Casting input x to numpy array.[0m
  gym.logger.warn("Casting input x to numpy array.")
/workspace/r10/env_old/lib/python3.12/site-packages/gymnasium/utils/passive_env_checker.py:129: UserWarning: [33mWARN: The obs returned by the `reset()` method was expecting a numpy array, actual type: <class 'torch.Tensor'>[0m
  logger.warn(
/workspace/r10/env_old/lib/python3.12/site-packages/gymnasium/spaces/box.py:415: UserWarning: [33mWARN: Casting input x to numpy array.[0m
  gym.logger.warn("Casting input x to numpy array.")
CEM solve time: 1.6725 seconds
/workspace/r10/env_old/lib/python3.12/site-packages/gymnasium/utils/passive_env_checker.py:129: UserWarning: [33mWARN: The obs returned by the `step()` method was expecting a numpy array, actual type: <class 'torch.Tensor'>[0m
  logger.warn(
/workspace/r10/env_old/lib/python3.12/site-packages/gymnasium/spaces/box.py:415: UserWarning: [33mWARN: Casting input x to numpy array.[0m
  gym.logger.warn("Casting input x to numpy array.")
{"completed": 19, "missing": 0, "case": "R8_tworoom_051a0810ac344676a8395c84", "arm": "H0", "stream": "R3_ORIGINAL", "mode": "H_REAL3_REPLAN"}
/workspace/r10/env_old/lib/python3.12/site-packages/gymnasium/utils/passive_env_checker.py:129: UserWarning: [33mWARN: The obs returned by the `reset()` method was expecting a numpy array, actual type: <class 'torch.Tensor'>[0m
  logger.warn(
/workspace/r10/env_old/lib/python3.12/site-packages/gymnasium/spaces/box.py:415: UserWarning: [33mWARN: Casting input x to numpy array.[0m
  gym.logger.warn("Casting input x to numpy array.")
CEM solve time: 1.6711 seconds
/workspace/r10/env_old/lib/python3.12/site-packages/gymnasium/utils/passive_env_checker.py:129: UserWarning: [33mWARN: The obs returned by the `step()` method was expecting a numpy array, actual type: <class 'torch.Tensor'>[0m
  logger.warn(
/workspace/r10/env_old/lib/python3.12/site-packages/gymnasium/spaces/box.py:415: UserWarning: [33mWARN: Casting input x to numpy array.[0m
  gym.logger.warn("Casting input x to numpy array.")
CEM solve time: 1.6677 seconds
/workspace/r10/env_old/lib/python3.12/site-packages/gymnasium/utils/passive_env_checker.py:129: UserWarning: [33mWARN: The obs returned by the `reset()` method was expecting a numpy array, actual type: <class 'torch.Tensor'>[0m
  logger.warn(
/workspace/r10/env_old/lib/python3.12/site-packages/gymnasium/spaces/box.py:415: UserWarning: [33mWARN: Casting input x to numpy array.[0m
  gym.logger.warn("Casting input x to numpy array.")
CEM solve time: 1.6769 seconds
/workspace/r10/env_old/lib/python3.12/site-packages/gymnasium/utils/passive_env_checker.py:129: UserWarning: [33mWARN: The obs returned by the `step()` method was expecting a numpy array, actual type: <class 'torch.Tensor'>[0m
  logger.warn(
/workspace/r10/env_old/lib/python3.12/site-packages/gymnasium/spaces/box.py:415: UserWarning: [33mWARN: Casting input x to numpy array.[0m
  gym.logger.warn("Casting input x to numpy array.")
CEM solve time: 1.6844 seconds
{"completed": 20, "missing": 0, "case": "R8_tworoom_051a0810ac344676a8395c84", "arm": "H0", "stream": "R4_ALT_CEM_1", "mode": "H_REAL3_REPLAN"}
/workspace/r10/env_old/lib/python3.12/site-packages/gymnasium/utils/passive_env_checker.py:129: UserWarning: [33mWARN: The obs returned by the `reset()` method was expecting a numpy array, actual type: <class 'torch.Tensor'>[0m
  logger.warn(
/workspace/r10/env_old/lib/python3.12/site-packages/gymnasium/spaces/box.py:415: UserWarning: [33mWARN: Casting input x to numpy array.[0m
  gym.logger.warn("Casting input x to numpy array.")
CEM solve time: 1.7670 seconds
/workspace/r10/env_old/lib/python3.12/site-packages/gymnasium/utils/passive_env_checker.py:129: UserWarning: [33mWARN: The obs returned by the `step()` method was expecting a numpy array, actual type: <class 'torch.Tensor'>[0m
  logger.warn(
/workspace/r10/env_old/lib/python3.12/site-packages/gymnasium/spaces/box.py:415: UserWarning: [33mWARN: Casting input x to numpy array.[0m
  gym.logger.warn("Casting input x to numpy array.")
CEM solve time: 1.6713 seconds
/workspace/r10/env_old/lib/python3.12/site-packages/gymnasium/utils/passive_env_checker.py:129: UserWarning: [33mWARN: The obs returned by the `reset()` method was expecting a numpy array, actual type: <class 'torch.Tensor'>[0m
  logger.warn(
/workspace/r10/env_old/lib/python3.12/site-packages/gymnasium/spaces/box.py:415: UserWarning: [33mWARN: Casting input x to numpy array.[0m
  gym.logger.warn("Casting input x to numpy array.")
CEM solve time: 1.7219 seconds
/workspace/r10/env_old/lib/python3.12/site-packages/gymnasium/utils/passive_env_checker.py:129: UserWarning: [33mWARN: The obs returned by the `step()` method was expecting a numpy array, actual type: <class 'torch.Tensor'>[0m
  logger.warn(
/workspace/r10/env_old/lib/python3.12/site-packages/gymnasium/spaces/box.py:415: UserWarning: [33mWARN: Casting input x to numpy array.[0m
  gym.logger.warn("Casting input x to numpy array.")
CEM solve time: 1.6768 seconds
{"completed": 21, "missing": 0, "case": "R8_tworoom_051a0810ac344676a8395c84", "arm": "H0", "stream": "R4_ALT_CEM_2", "mode": "H_REAL3_REPLAN"}
/workspace/r10/env_old/lib/python3.12/site-packages/gymnasium/utils/passive_env_checker.py:129: UserWarning: [33mWARN: The obs returned by the `reset()` method was expecting a numpy array, actual type: <class 'torch.Tensor'>[0m
  logger.warn(
/workspace/r10/env_old/lib/python3.12/site-packages/gymnasium/spaces/box.py:415: UserWarning: [33mWARN: Casting input x to numpy array.[0m
  gym.logger.warn("Casting input x to numpy array.")
CEM solve time: 1.6805 seconds
/workspace/r10/env_old/lib/python3.12/site-packages/gymnasium/utils/passive_env_checker.py:129: UserWarning: [33mWARN: The obs returned by the `step()` method was expecting a numpy array, actual type: <class 'torch.Tensor'>[0m
  logger.warn(
/workspace/r10/env_old/lib/python3.12/site-packages/gymnasium/spaces/box.py:415: UserWarning: [33mWARN: Casting input x to numpy array.[0m
  gym.logger.warn("Casting input x to numpy array.")
CEM solve time: 1.6748 seconds
/workspace/r10/env_old/lib/python3.12/site-packages/gymnasium/utils/passive_env_checker.py:129: UserWarning: [33mWARN: The obs returned by the `reset()` method was expecting a numpy array, actual type: <class 'torch.Tensor'>[0m
  logger.warn(
/workspace/r10/env_old/lib/python3.12/site-packages/gymnasium/spaces/box.py:415: UserWarning: [33mWARN: Casting input x to numpy array.[0m
  gym.logger.warn("Casting input x to numpy array.")
CEM solve time: 1.6755 seconds
/workspace/r10/env_old/lib/python3.12/site-packages/gymnasium/utils/passive_env_checker.py:129: UserWarning: [33mWARN: The obs returned by the `step()` method was expecting a numpy array, actual type: <class 'torch.Tensor'>[0m
  logger.warn(
/workspace/r10/env_old/lib/python3.12/site-packages/gymnasium/spaces/box.py:415: UserWarning: [33mWARN: Casting input x to numpy array.[0m
  gym.logger.warn("Casting input x to numpy array.")
CEM solve time: 1.6803 seconds
{"completed": 22, "missing": 0, "case": "R8_tworoom_057cd69d9b64f0206c13beb0", "arm": "H0", "stream": "R3_ORIGINAL", "mode": "H_REAL3_REPLAN"}
/workspace/r10/env_old/lib/python3.12/site-packages/gymnasium/utils/passive_env_checker.py:129: UserWarning: [33mWARN: The obs returned by the `reset()` method was expecting a numpy array, actual type: <class 'torch.Tensor'>[0m
  logger.warn(
/workspace/r10/env_old/lib/python3.12/site-packages/gymnasium/spaces/box.py:415: UserWarning: [33mWARN: Casting input x to numpy array.[0m
  gym.logger.warn("Casting input x to numpy array.")
CEM solve time: 1.6863 seconds
/workspace/r10/env_old/lib/python3.12/site-packages/gymnasium/utils/passive_env_checker.py:129: UserWarning: [33mWARN: The obs returned by the `step()` method was expecting a numpy array, actual type: <class 'torch.Tensor'>[0m
  logger.warn(
/workspace/r10/env_old/lib/python3.12/site-packages/gymnasium/spaces/box.py:415: UserWarning: [33mWARN: Casting input x to numpy array.[0m
  gym.logger.warn("Casting input x to numpy array.")
/workspace/r10/env_old/lib/python3.12/site-packages/gymnasium/utils/passive_env_checker.py:129: UserWarning: [33mWARN: The obs returned by the `reset()` method was expecting a numpy array, actual type: <class 'torch.Tensor'>[0m
  logger.warn(
/workspace/r10/env_old/lib/python3.12/site-packages/gymnasium/spaces/box.py:415: UserWarning: [33mWARN: Casting input x to numpy array.[0m
  gym.logger.warn("Casting input x to numpy array.")
CEM solve time: 1.6837 seconds
/workspace/r10/env_old/lib/python3.12/site-packages/gymnasium/utils/passive_env_checker.py:129: UserWarning: [33mWARN: The obs returned by the `step()` method was expecting a numpy array, actual type: <class 'torch.Tensor'>[0m
  logger.warn(
/workspace/r10/env_old/lib/python3.12/site-packages/gymnasium/spaces/box.py:415: UserWarning: [33mWARN: Casting input x to numpy array.[0m
  gym.logger.warn("Casting input x to numpy array.")
{"completed": 23, "missing": 0, "case": "R8_tworoom_057cd69d9b64f0206c13beb0", "arm": "H0", "stream": "R4_ALT_CEM_1", "mode": "H_REAL3_REPLAN"}
/workspace/r10/env_old/lib/python3.12/site-packages/gymnasium/utils/passive_env_checker.py:129: UserWarning: [33mWARN: The obs returned by the `reset()` method was expecting a numpy array, actual type: <class 'torch.Tensor'>[0m
  logger.warn(
/workspace/r10/env_old/lib/python3.12/site-packages/gymnasium/spaces/box.py:415: UserWarning: [33mWARN: Casting input x to numpy array.[0m
  gym.logger.warn("Casting input x to numpy array.")
CEM solve time: 1.6822 seconds
/workspace/r10/env_old/lib/python3.12/site-packages/gymnasium/utils/passive_env_checker.py:129: UserWarning: [33mWARN: The obs returned by the `step()` method was expecting a numpy array, actual type: <class 'torch.Tensor'>[0m
  logger.warn(
/workspace/r10/env_old/lib/python3.12/site-packages/gymnasium/spaces/box.py:415: UserWarning: [33mWARN: Casting input x to numpy array.[0m
  gym.logger.warn("Casting input x to numpy array.")
CEM solve time: 1.6741 seconds
/workspace/r10/env_old/lib/python3.12/site-packages/gymnasium/utils/passive_env_checker.py:129: UserWarning: [33mWARN: The obs returned by the `reset()` method was expecting a numpy array, actual type: <class 'torch.Tensor'>[0m
  logger.warn(
/workspace/r10/env_old/lib/python3.12/site-packages/gymnasium/spaces/box.py:415: UserWarning: [33mWARN: Casting input x to numpy array.[0m
  gym.logger.warn("Casting input x to numpy array.")
CEM solve time: 1.6813 seconds
/workspace/r10/env_old/lib/python3.12/site-packages/gymnasium/utils/passive_env_checker.py:129: UserWarning: [33mWARN: The obs returned by the `step()` method was expecting a numpy array, actual type: <class 'torch.Tensor'>[0m
  logger.warn(
/workspace/r10/env_old/lib/python3.12/site-packages/gymnasium/spaces/box.py:415: UserWarning: [33mWARN: Casting input x to numpy array.[0m
  gym.logger.warn("Casting input x to numpy array.")
CEM solve time: 1.7009 seconds
{"completed": 24, "missing": 0, "case": "R8_tworoom_057cd69d9b64f0206c13beb0", "arm": "H0", "stream": "R4_ALT_CEM_2", "mode": "H_REAL3_REPLAN"}
/workspace/r10/env_old/lib/python3.12/site-packages/gymnasium/utils/passive_env_checker.py:129: UserWarning: [33mWARN: The obs returned by the `reset()` method was expecting a numpy array, actual type: <class 'torch.Tensor'>[0m
  logger.warn(
/workspace/r10/env_old/lib/python3.12/site-packages/gymnasium/spaces/box.py:415: UserWarning: [33mWARN: Casting input x to numpy array.[0m
  gym.logger.warn("Casting input x to numpy array.")
CEM solve time: 1.6733 seconds
/workspace/r10/env_old/lib/python3.12/site-packages/gymnasium/utils/passive_env_checker.py:129: UserWarning: [33mWARN: The obs returned by the `step()` method was expecting a numpy array, actual type: <class 'torch.Tensor'>[0m
  logger.warn(
/workspace/r10/env_old/lib/python3.12/site-packages/gymnasium/spaces/box.py:415: UserWarning: [33mWARN: Casting input x to numpy array.[0m
  gym.logger.warn("Casting input x to numpy array.")
CEM solve time: 1.6736 seconds
/workspace/r10/env_old/lib/python3.12/site-packages/gymnasium/utils/passive_env_checker.py:129: UserWarning: [33mWARN: The obs returned by the `reset()` method was expecting a numpy array, actual type: <class 'torch.Tensor'>[0m
  logger.warn(
/workspace/r10/env_old/lib/python3.12/site-packages/gymnasium/spaces/box.py:415: UserWarning: [33mWARN: Casting input x to numpy array.[0m
  gym.logger.warn("Casting input x to numpy array.")
CEM solve time: 1.6865 seconds
/workspace/r10/env_old/lib/python3.12/site-packages/gymnasium/utils/passive_env_checker.py:129: UserWarning: [33mWARN: The obs returned by the `step()` method was expecting a numpy array, actual type: <class 'torch.Tensor'>[0m
  logger.warn(
/workspace/r10/env_old/lib/python3.12/site-packages/gymnasium/spaces/box.py:415: UserWarning: [33mWARN: Casting input x to numpy array.[0m
  gym.logger.warn("Casting input x to numpy array.")
CEM solve time: 1.7387 seconds
{"completed": 25, "missing": 0, "case": "R8_tworoom_066f598a0fcd4e4340ccefa8", "arm": "H0", "stream": "R3_ORIGINAL", "mode": "H_REAL3_REPLAN"}
/workspace/r10/env_old/lib/python3.12/site-packages/gymnasium/utils/passive_env_checker.py:129: UserWarning: [33mWARN: The obs returned by the `reset()` method was expecting a numpy array, actual type: <class 'torch.Tensor'>[0m
  logger.warn(
/workspace/r10/env_old/lib/python3.12/site-packages/gymnasium/spaces/box.py:415: UserWarning: [33mWARN: Casting input x to numpy array.[0m
  gym.logger.warn("Casting input x to numpy array.")
CEM solve time: 1.6820 seconds
/workspace/r10/env_old/lib/python3.12/site-packages/gymnasium/utils/passive_env_checker.py:129: UserWarning: [33mWARN: The obs returned by the `step()` method was expecting a numpy array, actual type: <class 'torch.Tensor'>[0m
  logger.warn(
/workspace/r10/env_old/lib/python3.12/site-packages/gymnasium/spaces/box.py:415: UserWarning: [33mWARN: Casting input x to numpy array.[0m
  gym.logger.warn("Casting input x to numpy array.")
CEM solve time: 1.6772 seconds
/workspace/r10/env_old/lib/python3.12/site-packages/gymnasium/utils/passive_env_checker.py:129: UserWarning: [33mWARN: The obs returned by the `reset()` method was expecting a numpy array, actual type: <class 'torch.Tensor'>[0m
  logger.warn(
/workspace/r10/env_old/lib/python3.12/site-packages/gymnasium/spaces/box.py:415: UserWarning: [33mWARN: Casting input x to numpy array.[0m
  gym.logger.warn("Casting input x to numpy array.")
CEM solve time: 1.6815 seconds
/workspace/r10/env_old/lib/python3.12/site-packages/gymnasium/utils/passive_env_checker.py:129: UserWarning: [33mWARN: The obs returned by the `step()` method was expecting a numpy array, actual type: <class 'torch.Tensor'>[0m
  logger.warn(
/workspace/r10/env_old/lib/python3.12/site-packages/gymnasium/spaces/box.py:415: UserWarning: [33mWARN: Casting input x to numpy array.[0m
  gym.logger.warn("Casting input x to numpy array.")
CEM solve time: 1.7482 seconds
{"completed": 26, "missing": 0, "case": "R8_tworoom_066f598a0fcd4e4340ccefa8", "arm": "H0", "stream": "R4_ALT_CEM_1", "mode": "H_REAL3_REPLAN"}
/workspace/r10/env_old/lib/python3.12/site-packages/gymnasium/utils/passive_env_checker.py:129: UserWarning: [33mWARN: The obs returned by the `reset()` method was expecting a numpy array, actual type: <class 'torch.Tensor'>[0m
  logger.warn(
/workspace/r10/env_old/lib/python3.12/site-packages/gymnasium/spaces/box.py:415: UserWarning: [33mWARN: Casting input x to numpy array.[0m
  gym.logger.warn("Casting input x to numpy array.")
CEM solve time: 1.6767 seconds
/workspace/r10/env_old/lib/python3.12/site-packages/gymnasium/utils/passive_env_checker.py:129: UserWarning: [33mWARN: The obs returned by the `step()` method was expecting a numpy array, actual type: <class 'torch.Tensor'>[0m
  logger.warn(
/workspace/r10/env_old/lib/python3.12/site-packages/gymnasium/spaces/box.py:415: UserWarning: [33mWARN: Casting input x to numpy array.[0m
  gym.logger.warn("Casting input x to numpy array.")
CEM solve time: 1.6884 seconds
/workspace/r10/env_old/lib/python3.12/site-packages/gymnasium/utils/passive_env_checker.py:129: UserWarning: [33mWARN: The obs returned by the `reset()` method was expecting a numpy array, actual type: <class 'torch.Tensor'>[0m
  logger.warn(
/workspace/r10/env_old/lib/python3.12/site-packages/gymnasium/spaces/box.py:415: UserWarning: [33mWARN: Casting input x to numpy array.[0m
  gym.logger.warn("Casting input x to numpy array.")
CEM solve time: 1.6874 seconds
/workspace/r10/env_old/lib/python3.12/site-packages/gymnasium/utils/passive_env_checker.py:129: UserWarning: [33mWARN: The obs returned by the `step()` method was expecting a numpy array, actual type: <class 'torch.Tensor'>[0m
  logger.warn(
/workspace/r10/env_old/lib/python3.12/site-packages/gymnasium/spaces/box.py:415: UserWarning: [33mWARN: Casting input x to numpy array.[0m
  gym.logger.warn("Casting input x to numpy array.")
CEM solve time: 1.6852 seconds
{"completed": 27, "missing": 0, "case": "R8_tworoom_066f598a0fcd4e4340ccefa8", "arm": "H0", "stream": "R4_ALT_CEM_2", "mode": "H_REAL3_REPLAN"}
/workspace/r10/env_old/lib/python3.12/site-packages/gymnasium/utils/passive_env_checker.py:129: UserWarning: [33mWARN: The obs returned by the `reset()` method was expecting a numpy array, actual type: <class 'torch.Tensor'>[0m
  logger.warn(
/workspace/r10/env_old/lib/python3.12/site-packages/gymnasium/spaces/box.py:415: UserWarning: [33mWARN: Casting input x to numpy array.[0m
  gym.logger.warn("Casting input x to numpy array.")
CEM solve time: 1.6767 seconds
/workspace/r10/env_old/lib/python3.12/site-packages/gymnasium/utils/passive_env_checker.py:129: UserWarning: [33mWARN: The obs returned by the `step()` method was expecting a numpy array, actual type: <class 'torch.Tensor'>[0m
  logger.warn(
/workspace/r10/env_old/lib/python3.12/site-packages/gymnasium/spaces/box.py:415: UserWarning: [33mWARN: Casting input x to numpy array.[0m
  gym.logger.warn("Casting input x to numpy array.")
CEM solve time: 1.6753 seconds
/workspace/r10/env_old/lib/python3.12/site-packages/gymnasium/utils/passive_env_checker.py:129: UserWarning: [33mWARN: The obs returned by the `reset()` method was expecting a numpy array, actual type: <class 'torch.Tensor'>[0m
  logger.warn(
/workspace/r10/env_old/lib/python3.12/site-packages/gymnasium/spaces/box.py:415: UserWarning: [33mWARN: Casting input x to numpy array.[0m
  gym.logger.warn("Casting input x to numpy array.")
CEM solve time: 1.6734 seconds
/workspace/r10/env_old/lib/python3.12/site-packages/gymnasium/utils/passive_env_checker.py:129: UserWarning: [33mWARN: The obs returned by the `step()` method was expecting a numpy array, actual type: <class 'torch.Tensor'>[0m
  logger.warn(
/workspace/r10/env_old/lib/python3.12/site-packages/gymnasium/spaces/box.py:415: UserWarning: [33mWARN: Casting input x to numpy array.[0m
  gym.logger.warn("Casting input x to numpy array.")
CEM solve time: 1.6947 seconds
{"completed": 28, "missing": 0, "case": "R8_tworoom_073c59bd6200ef6e33ce3e74", "arm": "H0", "stream": "R3_ORIGINAL", "mode": "H_REAL3_REPLAN"}
/workspace/r10/env_old/lib/python3.12/site-packages/gymnasium/utils/passive_env_checker.py:129: UserWarning: [33mWARN: The obs returned by the `reset()` method was expecting a numpy array, actual type: <class 'torch.Tensor'>[0m
  logger.warn(
/workspace/r10/env_old/lib/python3.12/site-packages/gymnasium/spaces/box.py:415: UserWarning: [33mWARN: Casting input x to numpy array.[0m
  gym.logger.warn("Casting input x to numpy array.")
CEM solve time: 1.6805 seconds
/workspace/r10/env_old/lib/python3.12/site-packages/gymnasium/utils/passive_env_checker.py:129: UserWarning: [33mWARN: The obs returned by the `step()` method was expecting a numpy array, actual type: <class 'torch.Tensor'>[0m
  logger.warn(
/workspace/r10/env_old/lib/python3.12/site-packages/gymnasium/spaces/box.py:415: UserWarning: [33mWARN: Casting input x to numpy array.[0m
  gym.logger.warn("Casting input x to numpy array.")
CEM solve time: 1.6850 seconds
/workspace/r10/env_old/lib/python3.12/site-packages/gymnasium/utils/passive_env_checker.py:129: UserWarning: [33mWARN: The obs returned by the `reset()` method was expecting a numpy array, actual type: <class 'torch.Tensor'>[0m
  logger.warn(
/workspace/r10/env_old/lib/python3.12/site-packages/gymnasium/spaces/box.py:415: UserWarning: [33mWARN: Casting input x to numpy array.[0m
  gym.logger.warn("Casting input x to numpy array.")
CEM solve time: 1.6787 seconds
/workspace/r10/env_old/lib/python3.12/site-packages/gymnasium/utils/passive_env_checker.py:129: UserWarning: [33mWARN: The obs returned by the `step()` method was expecting a numpy array, actual type: <class 'torch.Tensor'>[0m
  logger.warn(
/workspace/r10/env_old/lib/python3.12/site-packages/gymnasium/spaces/box.py:415: UserWarning: [33mWARN: Casting input x to numpy array.[0m
  gym.logger.warn("Casting input x to numpy array.")
CEM solve time: 1.7104 seconds
{"completed": 29, "missing": 0, "case": "R8_tworoom_073c59bd6200ef6e33ce3e74", "arm": "H0", "stream": "R4_ALT_CEM_1", "mode": "H_REAL3_REPLAN"}
/workspace/r10/env_old/lib/python3.12/site-packages/gymnasium/utils/passive_env_checker.py:129: UserWarning: [33mWARN: The obs returned by the `reset()` method was expecting a numpy array, actual type: <class 'torch.Tensor'>[0m
  logger.warn(
/workspace/r10/env_old/lib/python3.12/site-packages/gymnasium/spaces/box.py:415: UserWarning: [33mWARN: Casting input x to numpy array.[0m
  gym.logger.warn("Casting input x to numpy array.")
CEM solve time: 1.6774 seconds
/workspace/r10/env_old/lib/python3.12/site-packages/gymnasium/utils/passive_env_checker.py:129: UserWarning: [33mWARN: The obs returned by the `step()` method was expecting a numpy array, actual type: <class 'torch.Tensor'>[0m
  logger.warn(
/workspace/r10/env_old/lib/python3.12/site-packages/gymnasium/spaces/box.py:415: UserWarning: [33mWARN: Casting input x to numpy array.[0m
  gym.logger.warn("Casting input x to numpy array.")
CEM solve time: 1.6898 seconds
/workspace/r10/env_old/lib/python3.12/site-packages/gymnasium/utils/passive_env_checker.py:129: UserWarning: [33mWARN: The obs returned by the `reset()` method was expecting a numpy array, actual type: <class 'torch.Tensor'>[0m
  logger.warn(
/workspace/r10/env_old/lib/python3.12/site-packages/gymnasium/spaces/box.py:415: UserWarning: [33mWARN: Casting input x to numpy array.[0m
  gym.logger.warn("Casting input x to numpy array.")
CEM solve time: 1.6678 seconds
/workspace/r10/env_old/lib/python3.12/site-packages/gymnasium/utils/passive_env_checker.py:129: UserWarning: [33mWARN: The obs returned by the `step()` method was expecting a numpy array, actual type: <class 'torch.Tensor'>[0m
  logger.warn(
/workspace/r10/env_old/lib/python3.12/site-packages/gymnasium/spaces/box.py:415: UserWarning: [33mWARN: Casting input x to numpy array.[0m
  gym.logger.warn("Casting input x to numpy array.")
CEM solve time: 1.6983 seconds
{"completed": 30, "missing": 0, "case": "R8_tworoom_073c59bd6200ef6e33ce3e74", "arm": "H0", "stream": "R4_ALT_CEM_2", "mode": "H_REAL3_REPLAN"}
/workspace/r10/env_old/lib/python3.12/site-packages/gymnasium/utils/passive_env_checker.py:129: UserWarning: [33mWARN: The obs returned by the `reset()` method was expecting a numpy array, actual type: <class 'torch.Tensor'>[0m
  logger.warn(
/workspace/r10/env_old/lib/python3.12/site-packages/gymnasium/spaces/box.py:415: UserWarning: [33mWARN: Casting input x to numpy array.[0m
  gym.logger.warn("Casting input x to numpy array.")
CEM solve time: 1.6740 seconds
/workspace/r10/env_old/lib/python3.12/site-packages/gymnasium/utils/passive_env_checker.py:129: UserWarning: [33mWARN: The obs returned by the `step()` method was expecting a numpy array, actual type: <class 'torch.Tensor'>[0m
  logger.warn(
/workspace/r10/env_old/lib/python3.12/site-packages/gymnasium/spaces/box.py:415: UserWarning: [33mWARN: Casting input x to numpy array.[0m
  gym.logger.warn("Casting input x to numpy array.")
/workspace/r10/env_old/lib/python3.12/site-packages/gymnasium/utils/passive_env_checker.py:129: UserWarning: [33mWARN: The obs returned by the `reset()` method was expecting a numpy array, actual type: <class 'torch.Tensor'>[0m
  logger.warn(
/workspace/r10/env_old/lib/python3.12/site-packages/gymnasium/spaces/box.py:415: UserWarning: [33mWARN: Casting input x to numpy array.[0m
  gym.logger.warn("Casting input x to numpy array.")
CEM solve time: 1.6728 seconds
/workspace/r10/env_old/lib/python3.12/site-packages/gymnasium/utils/passive_env_checker.py:129: UserWarning: [33mWARN: The obs returned by the `step()` method was expecting a numpy array, actual type: <class 'torch.Tensor'>[0m
  logger.warn(
/workspace/r10/env_old/lib/python3.12/site-packages/gymnasium/spaces/box.py:415: UserWarning: [33mWARN: Casting input x to numpy array.[0m
  gym.logger.warn("Casting input x to numpy array.")
{"completed": 31, "missing": 0, "case": "R8_tworoom_07c9d6108d179b32ff54d64c", "arm": "H0", "stream": "R3_ORIGINAL", "mode": "H_REAL3_REPLAN"}
/workspace/r10/env_old/lib/python3.12/site-packages/gymnasium/utils/passive_env_checker.py:129: UserWarning: [33mWARN: The obs returned by the `reset()` method was expecting a numpy array, actual type: <class 'torch.Tensor'>[0m
  logger.warn(
/workspace/r10/env_old/lib/python3.12/site-packages/gymnasium/spaces/box.py:415: UserWarning: [33mWARN: Casting input x to numpy array.[0m
  gym.logger.warn("Casting input x to numpy array.")
CEM solve time: 1.6745 seconds
/workspace/r10/env_old/lib/python3.12/site-packages/gymnasium/utils/passive_env_checker.py:129: UserWarning: [33mWARN: The obs returned by the `step()` method was expecting a numpy array, actual type: <class 'torch.Tensor'>[0m
  logger.warn(
/workspace/r10/env_old/lib/python3.12/site-packages/gymnasium/spaces/box.py:415: UserWarning: [33mWARN: Casting input x to numpy array.[0m
  gym.logger.warn("Casting input x to numpy array.")
/workspace/r10/env_old/lib/python3.12/site-packages/gymnasium/utils/passive_env_checker.py:129: UserWarning: [33mWARN: The obs returned by the `reset()` method was expecting a numpy array, actual type: <class 'torch.Tensor'>[0m
  logger.warn(
/workspace/r10/env_old/lib/python3.12/site-packages/gymnasium/spaces/box.py:415: UserWarning: [33mWARN: Casting input x to numpy array.[0m
  gym.logger.warn("Casting input x to numpy array.")
CEM solve time: 1.6761 seconds
/workspace/r10/env_old/lib/python3.12/site-packages/gymnasium/utils/passive_env_checker.py:129: UserWarning: [33mWARN: The obs returned by the `step()` method was expecting a numpy array, actual type: <class 'torch.Tensor'>[0m
  logger.warn(
/workspace/r10/env_old/lib/python3.12/site-packages/gymnasium/spaces/box.py:415: UserWarning: [33mWARN: Casting input x to numpy array.[0m
  gym.logger.warn("Casting input x to numpy array.")
{"completed": 32, "missing": 0, "case": "R8_tworoom_07c9d6108d179b32ff54d64c", "arm": "H0", "stream": "R4_ALT_CEM_1", "mode": "H_REAL3_REPLAN"}
/workspace/r10/env_old/lib/python3.12/site-packages/gymnasium/utils/passive_env_checker.py:129: UserWarning: [33mWARN: The obs returned by the `reset()` method was expecting a numpy array, actual type: <class 'torch.Tensor'>[0m
  logger.warn(
/workspace/r10/env_old/lib/python3.12/site-packages/gymnasium/spaces/box.py:415: UserWarning: [33mWARN: Casting input x to numpy array.[0m
  gym.logger.warn("Casting input x to numpy array.")
CEM solve time: 1.6704 seconds
/workspace/r10/env_old/lib/python3.12/site-packages/gymnasium/utils/passive_env_checker.py:129: UserWarning: [33mWARN: The obs returned by the `step()` method was expecting a numpy array, actual type: <class 'torch.Tensor'>[0m
  logger.warn(
/workspace/r10/env_old/lib/python3.12/site-packages/gymnasium/spaces/box.py:415: UserWarning: [33mWARN: Casting input x to numpy array.[0m
  gym.logger.warn("Casting input x to numpy array.")
/workspace/r10/env_old/lib/python3.12/site-packages/gymnasium/utils/passive_env_checker.py:129: UserWarning: [33mWARN: The obs returned by the `reset()` method was expecting a numpy array, actual type: <class 'torch.Tensor'>[0m
  logger.warn(
/workspace/r10/env_old/lib/python3.12/site-packages/gymnasium/spaces/box.py:415: UserWarning: [33mWARN: Casting input x to numpy array.[0m
  gym.logger.warn("Casting input x to numpy array.")
CEM solve time: 1.6785 seconds
/workspace/r10/env_old/lib/python3.12/site-packages/gymnasium/utils/passive_env_checker.py:129: UserWarning: [33mWARN: The obs returned by the `step()` method was expecting a numpy array, actual type: <class 'torch.Tensor'>[0m
  logger.warn(
/workspace/r10/env_old/lib/python3.12/site-packages/gymnasium/spaces/box.py:415: UserWarning: [33mWARN: Casting input x to numpy array.[0m
  gym.logger.warn("Casting input x to numpy array.")
{"completed": 33, "missing": 0, "case": "R8_tworoom_07c9d6108d179b32ff54d64c", "arm": "H0", "stream": "R4_ALT_CEM_2", "mode": "H_REAL3_REPLAN"}
/workspace/r10/env_old/lib/python3.12/site-packages/gymnasium/utils/passive_env_checker.py:129: UserWarning: [33mWARN: The obs returned by the `reset()` method was expecting a numpy array, actual type: <class 'torch.Tensor'>[0m
  logger.warn(
/workspace/r10/env_old/lib/python3.12/site-packages/gymnasium/spaces/box.py:415: UserWarning: [33mWARN: Casting input x to numpy array.[0m
  gym.logger.warn("Casting input x to numpy array.")
CEM solve time: 1.6881 seconds
/workspace/r10/env_old/lib/python3.12/site-packages/gymnasium/utils/passive_env_checker.py:129: UserWarning: [33mWARN: The obs returned by the `step()` method was expecting a numpy array, actual type: <class 'torch.Tensor'>[0m
  logger.warn(
/workspace/r10/env_old/lib/python3.12/site-packages/gymnasium/spaces/box.py:415: UserWarning: [33mWARN: Casting input x to numpy array.[0m
  gym.logger.warn("Casting input x to numpy array.")
/workspace/r10/env_old/lib/python3.12/site-packages/gymnasium/utils/passive_env_checker.py:129: UserWarning: [33mWARN: The obs returned by the `reset()` method was expecting a numpy array, actual type: <class 'torch.Tensor'>[0m
  logger.warn(
/workspace/r10/env_old/lib/python3.12/site-packages/gymnasium/spaces/box.py:415: UserWarning: [33mWARN: Casting input x to numpy array.[0m
  gym.logger.warn("Casting input x to numpy array.")
CEM solve time: 1.6701 seconds
/workspace/r10/env_old/lib/python3.12/site-packages/gymnasium/utils/passive_env_checker.py:129: UserWarning: [33mWARN: The obs returned by the `step()` method was expecting a numpy array, actual type: <class 'torch.Tensor'>[0m
  logger.warn(
/workspace/r10/env_old/lib/python3.12/site-packages/gymnasium/spaces/box.py:415: UserWarning: [33mWARN: Casting input x to numpy array.[0m
  gym.logger.warn("Casting input x to numpy array.")
{"completed": 34, "missing": 0, "case": "R8_tworoom_084c4ee8b76ad244548c7ccc", "arm": "H0", "stream": "R3_ORIGINAL", "mode": "H_REAL3_REPLAN"}
/workspace/r10/env_old/lib/python3.12/site-packages/gymnasium/utils/passive_env_checker.py:129: UserWarning: [33mWARN: The obs returned by the `reset()` method was expecting a numpy array, actual type: <class 'torch.Tensor'>[0m
  logger.warn(
/workspace/r10/env_old/lib/python3.12/site-packages/gymnasium/spaces/box.py:415: UserWarning: [33mWARN: Casting input x to numpy array.[0m
  gym.logger.warn("Casting input x to numpy array.")
CEM solve time: 1.6878 seconds
/workspace/r10/env_old/lib/python3.12/site-packages/gymnasium/utils/passive_env_checker.py:129: UserWarning: [33mWARN: The obs returned by the `step()` method was expecting a numpy array, actual type: <class 'torch.Tensor'>[0m
  logger.warn(
/workspace/r10/env_old/lib/python3.12/site-packages/gymnasium/spaces/box.py:415: UserWarning: [33mWARN: Casting input x to numpy array.[0m
  gym.logger.warn("Casting input x to numpy array.")
/workspace/r10/env_old/lib/python3.12/site-packages/gymnasium/utils/passive_env_checker.py:129: UserWarning: [33mWARN: The obs returned by the `reset()` method was expecting a numpy array, actual type: <class 'torch.Tensor'>[0m
  logger.warn(
/workspace/r10/env_old/lib/python3.12/site-packages/gymnasium/spaces/box.py:415: UserWarning: [33mWARN: Casting input x to numpy array.[0m
  gym.logger.warn("Casting input x to numpy array.")
CEM solve time: 1.6952 seconds
/workspace/r10/env_old/lib/python3.12/site-packages/gymnasium/utils/passive_env_checker.py:129: UserWarning: [33mWARN: The obs returned by the `step()` method was expecting a numpy array, actual type: <class 'torch.Tensor'>[0m
  logger.warn(
/workspace/r10/env_old/lib/python3.12/site-packages/gymnasium/spaces/box.py:415: UserWarning: [33mWARN: Casting input x to numpy array.[0m
  gym.logger.warn("Casting input x to numpy array.")
{"completed": 35, "missing": 0, "case": "R8_tworoom_084c4ee8b76ad244548c7ccc", "arm": "H0", "stream": "R4_ALT_CEM_1", "mode": "H_REAL3_REPLAN"}
/workspace/r10/env_old/lib/python3.12/site-packages/gymnasium/utils/passive_env_checker.py:129: UserWarning: [33mWARN: The obs returned by the `reset()` method was expecting a numpy array, actual type: <class 'torch.Tensor'>[0m
  logger.warn(
/workspace/r10/env_old/lib/python3.12/site-packages/gymnasium/spaces/box.py:415: UserWarning: [33mWARN: Casting input x to numpy array.[0m
  gym.logger.warn("Casting input x to numpy array.")
CEM solve time: 1.6921 seconds
/workspace/r10/env_old/lib/python3.12/site-packages/gymnasium/utils/passive_env_checker.py:129: UserWarning: [33mWARN: The obs returned by the `step()` method was expecting a numpy array, actual type: <class 'torch.Tensor'>[0m
  logger.warn(
/workspace/r10/env_old/lib/python3.12/site-packages/gymnasium/spaces/box.py:415: UserWarning: [33mWARN: Casting input x to numpy array.[0m
  gym.logger.warn("Casting input x to numpy array.")
CEM solve time: 1.6729 seconds
/workspace/r10/env_old/lib/python3.12/site-packages/gymnasium/utils/passive_env_checker.py:129: UserWarning: [33mWARN: The obs returned by the `reset()` method was expecting a numpy array, actual type: <class 'torch.Tensor'>[0m
  logger.warn(
/workspace/r10/env_old/lib/python3.12/site-packages/gymnasium/spaces/box.py:415: UserWarning: [33mWARN: Casting input x to numpy array.[0m
  gym.logger.warn("Casting input x to numpy array.")
CEM solve time: 1.6690 seconds
/workspace/r10/env_old/lib/python3.12/site-packages/gymnasium/utils/passive_env_checker.py:129: UserWarning: [33mWARN: The obs returned by the `step()` method was expecting a numpy array, actual type: <class 'torch.Tensor'>[0m
  logger.warn(
/workspace/r10/env_old/lib/python3.12/site-packages/gymnasium/spaces/box.py:415: UserWarning: [33mWARN: Casting input x to numpy array.[0m
  gym.logger.warn("Casting input x to numpy array.")
CEM solve time: 1.6883 seconds
{"completed": 36, "missing": 0, "case": "R8_tworoom_084c4ee8b76ad244548c7ccc", "arm": "H0", "stream": "R4_ALT_CEM_2", "mode": "H_REAL3_REPLAN"}
/workspace/r10/env_old/lib/python3.12/site-packages/gymnasium/utils/passive_env_checker.py:129: UserWarning: [33mWARN: The obs returned by the `reset()` method was expecting a numpy array, actual type: <class 'torch.Tensor'>[0m
  logger.warn(
/workspace/r10/env_old/lib/python3.12/site-packages/gymnasium/spaces/box.py:415: UserWarning: [33mWARN: Casting input x to numpy array.[0m
  gym.logger.warn("Casting input x to numpy array.")
CEM solve time: 1.6843 seconds
/workspace/r10/env_old/lib/python3.12/site-packages/gymnasium/utils/passive_env_checker.py:129: UserWarning: [33mWARN: The obs returned by the `step()` method was expecting a numpy array, actual type: <class 'torch.Tensor'>[0m
  logger.warn(
/workspace/r10/env_old/lib/python3.12/site-packages/gymnasium/spaces/box.py:415: UserWarning: [33mWARN: Casting input x to numpy array.[0m
  gym.logger.warn("Casting input x to numpy array.")
CEM solve time: 1.6800 seconds
/workspace/r10/env_old/lib/python3.12/site-packages/gymnasium/utils/passive_env_checker.py:129: UserWarning: [33mWARN: The obs returned by the `reset()` method was expecting a numpy array, actual type: <class 'torch.Tensor'>[0m
  logger.warn(
/workspace/r10/env_old/lib/python3.12/site-packages/gymnasium/spaces/box.py:415: UserWarning: [33mWARN: Casting input x to numpy array.[0m
  gym.logger.warn("Casting input x to numpy array.")
CEM solve time: 2.0843 seconds
/workspace/r10/env_old/lib/python3.12/site-packages/gymnasium/utils/passive_env_checker.py:129: UserWarning: [33mWARN: The obs returned by the `step()` method was expecting a numpy array, actual type: <class 'torch.Tensor'>[0m
  logger.warn(
/workspace/r10/env_old/lib/python3.12/site-packages/gymnasium/spaces/box.py:415: UserWarning: [33mWARN: Casting input x to numpy array.[0m
  gym.logger.warn("Casting input x to numpy array.")
CEM solve time: 1.6976 seconds
{"completed": 37, "missing": 0, "case": "R8_tworoom_00e9a3b01023364006051823", "arm": "REFIT_103201", "stream": "R3_ORIGINAL", "mode": "H_REAL3_REPLAN"}
/workspace/r10/env_old/lib/python3.12/site-packages/gymnasium/utils/passive_env_checker.py:129: UserWarning: [33mWARN: The obs returned by the `reset()` method was expecting a numpy array, actual type: <class 'torch.Tensor'>[0m
  logger.warn(
/workspace/r10/env_old/lib/python3.12/site-packages/gymnasium/spaces/box.py:415: UserWarning: [33mWARN: Casting input x to numpy array.[0m
  gym.logger.warn("Casting input x to numpy array.")
CEM solve time: 1.6814 seconds
/workspace/r10/env_old/lib/python3.12/site-packages/gymnasium/utils/passive_env_checker.py:129: UserWarning: [33mWARN: The obs returned by the `step()` method was expecting a numpy array, actual type: <class 'torch.Tensor'>[0m
  logger.warn(
/workspace/r10/env_old/lib/python3.12/site-packages/gymnasium/spaces/box.py:415: UserWarning: [33mWARN: Casting input x to numpy array.[0m
  gym.logger.warn("Casting input x to numpy array.")
/workspace/r10/env_old/lib/python3.12/site-packages/gymnasium/utils/passive_env_checker.py:129: UserWarning: [33mWARN: The obs returned by the `reset()` method was expecting a numpy array, actual type: <class 'torch.Tensor'>[0m
  logger.warn(
/workspace/r10/env_old/lib/python3.12/site-packages/gymnasium/spaces/box.py:415: UserWarning: [33mWARN: Casting input x to numpy array.[0m
  gym.logger.warn("Casting input x to numpy array.")
CEM solve time: 1.6740 seconds
/workspace/r10/env_old/lib/python3.12/site-packages/gymnasium/utils/passive_env_checker.py:129: UserWarning: [33mWARN: The obs returned by the `step()` method was expecting a numpy array, actual type: <class 'torch.Tensor'>[0m
  logger.warn(
/workspace/r10/env_old/lib/python3.12/site-packages/gymnasium/spaces/box.py:415: UserWarning: [33mWARN: Casting input x to numpy array.[0m
  gym.logger.warn("Casting input x to numpy array.")
{"completed": 38, "missing": 0, "case": "R8_tworoom_00e9a3b01023364006051823", "arm": "REFIT_103201", "stream": "R4_ALT_CEM_1", "mode": "H_REAL3_REPLAN"}
/workspace/r10/env_old/lib/python3.12/site-packages/gymnasium/utils/passive_env_checker.py:129: UserWarning: [33mWARN: The obs returned by the `reset()` method was expecting a numpy array, actual type: <class 'torch.Tensor'>[0m
  logger.warn(
/workspace/r10/env_old/lib/python3.12/site-packages/gymnasium/spaces/box.py:415: UserWarning: [33mWARN: Casting input x to numpy array.[0m
  gym.logger.warn("Casting input x to numpy array.")
CEM solve time: 1.6842 seconds
/workspace/r10/env_old/lib/python3.12/site-packages/gymnasium/utils/passive_env_checker.py:129: UserWarning: [33mWARN: The obs returned by the `step()` method was expecting a numpy array, actual type: <class 'torch.Tensor'>[0m
  logger.warn(
/workspace/r10/env_old/lib/python3.12/site-packages/gymnasium/spaces/box.py:415: UserWarning: [33mWARN: Casting input x to numpy array.[0m
  gym.logger.warn("Casting input x to numpy array.")
CEM solve time: 1.6739 seconds
/workspace/r10/env_old/lib/python3.12/site-packages/gymnasium/utils/passive_env_checker.py:129: UserWarning: [33mWARN: The obs returned by the `reset()` method was expecting a numpy array, actual type: <class 'torch.Tensor'>[0m
  logger.warn(
/workspace/r10/env_old/lib/python3.12/site-packages/gymnasium/spaces/box.py:415: UserWarning: [33mWARN: Casting input x to numpy array.[0m
  gym.logger.warn("Casting input x to numpy array.")
CEM solve time: 1.6812 seconds
/workspace/r10/env_old/lib/python3.12/site-packages/gymnasium/utils/passive_env_checker.py:129: UserWarning: [33mWARN: The obs returned by the `step()` method was expecting a numpy array, actual type: <class 'torch.Tensor'>[0m
  logger.warn(
/workspace/r10/env_old/lib/python3.12/site-packages/gymnasium/spaces/box.py:415: UserWarning: [33mWARN: Casting input x to numpy array.[0m
  gym.logger.warn("Casting input x to numpy array.")
CEM solve time: 1.6869 seconds
{"completed": 39, "missing": 0, "case": "R8_tworoom_00e9a3b01023364006051823", "arm": "REFIT_103201", "stream": "R4_ALT_CEM_2", "mode": "H_REAL3_REPLAN"}
/workspace/r10/env_old/lib/python3.12/site-packages/gymnasium/utils/passive_env_checker.py:129: UserWarning: [33mWARN: The obs returned by the `reset()` method was expecting a numpy array, actual type: <class 'torch.Tensor'>[0m
  logger.warn(
/workspace/r10/env_old/lib/python3.12/site-packages/gymnasium/spaces/box.py:415: UserWarning: [33mWARN: Casting input x to numpy array.[0m
  gym.logger.warn("Casting input x to numpy array.")
CEM solve time: 1.6797 seconds
/workspace/r10/env_old/lib/python3.12/site-packages/gymnasium/utils/passive_env_checker.py:129: UserWarning: [33mWARN: The obs returned by the `step()` method was expecting a numpy array, actual type: <class 'torch.Tensor'>[0m
  logger.warn(
/workspace/r10/env_old/lib/python3.12/site-packages/gymnasium/spaces/box.py:415: UserWarning: [33mWARN: Casting input x to numpy array.[0m
  gym.logger.warn("Casting input x to numpy array.")
/workspace/r10/env_old/lib/python3.12/site-packages/gymnasium/utils/passive_env_checker.py:129: UserWarning: [33mWARN: The obs returned by the `reset()` method was expecting a numpy array, actual type: <class 'torch.Tensor'>[0m
  logger.warn(
/workspace/r10/env_old/lib/python3.12/site-packages/gymnasium/spaces/box.py:415: UserWarning: [33mWARN: Casting input x to numpy array.[0m
  gym.logger.warn("Casting input x to numpy array.")
CEM solve time: 1.6765 seconds
/workspace/r10/env_old/lib/python3.12/site-packages/gymnasium/utils/passive_env_checker.py:129: UserWarning: [33mWARN: The obs returned by the `step()` method was expecting a numpy array, actual type: <class 'torch.Tensor'>[0m
  logger.warn(
/workspace/r10/env_old/lib/python3.12/site-packages/gymnasium/spaces/box.py:415: UserWarning: [33mWARN: Casting input x to numpy array.[0m
  gym.logger.warn("Casting input x to numpy array.")
{"completed": 40, "missing": 0, "case": "R8_tworoom_01c67df22131e1d43aea07a4", "arm": "REFIT_103201", "stream": "R3_ORIGINAL", "mode": "H_REAL3_REPLAN"}
/workspace/r10/env_old/lib/python3.12/site-packages/gymnasium/utils/passive_env_checker.py:129: UserWarning: [33mWARN: The obs returned by the `reset()` method was expecting a numpy array, actual type: <class 'torch.Tensor'>[0m
  logger.warn(
/workspace/r10/env_old/lib/python3.12/site-packages/gymnasium/spaces/box.py:415: UserWarning: [33mWARN: Casting input x to numpy array.[0m
  gym.logger.warn("Casting input x to numpy array.")
CEM solve time: 1.7027 seconds
/workspace/r10/env_old/lib/python3.12/site-packages/gymnasium/utils/passive_env_checker.py:129: UserWarning: [33mWARN: The obs returned by the `step()` method was expecting a numpy array, actual type: <class 'torch.Tensor'>[0m
  logger.warn(
/workspace/r10/env_old/lib/python3.12/site-packages/gymnasium/spaces/box.py:415: UserWarning: [33mWARN: Casting input x to numpy array.[0m
  gym.logger.warn("Casting input x to numpy array.")
/workspace/r10/env_old/lib/python3.12/site-packages/gymnasium/utils/passive_env_checker.py:129: UserWarning: [33mWARN: The obs returned by the `reset()` method was expecting a numpy array, actual type: <class 'torch.Tensor'>[0m
  logger.warn(
/workspace/r10/env_old/lib/python3.12/site-packages/gymnasium/spaces/box.py:415: UserWarning: [33mWARN: Casting input x to numpy array.[0m
  gym.logger.warn("Casting input x to numpy array.")
CEM solve time: 1.6855 seconds
/workspace/r10/env_old/lib/python3.12/site-packages/gymnasium/utils/passive_env_checker.py:129: UserWarning: [33mWARN: The obs returned by the `step()` method was expecting a numpy array, actual type: <class 'torch.Tensor'>[0m
  logger.warn(
/workspace/r10/env_old/lib/python3.12/site-packages/gymnasium/spaces/box.py:415: UserWarning: [33mWARN: Casting input x to numpy array.[0m
  gym.logger.warn("Casting input x to numpy array.")
{"completed": 41, "missing": 0, "case": "R8_tworoom_01c67df22131e1d43aea07a4", "arm": "REFIT_103201", "stream": "R4_ALT_CEM_1", "mode": "H_REAL3_REPLAN"}
/workspace/r10/env_old/lib/python3.12/site-packages/gymnasium/utils/passive_env_checker.py:129: UserWarning: [33mWARN: The obs returned by the `reset()` method was expecting a numpy array, actual type: <class 'torch.Tensor'>[0m
  logger.warn(
/workspace/r10/env_old/lib/python3.12/site-packages/gymnasium/spaces/box.py:415: UserWarning: [33mWARN: Casting input x to numpy array.[0m
  gym.logger.warn("Casting input x to numpy array.")
CEM solve time: 1.7167 seconds
/workspace/r10/env_old/lib/python3.12/site-packages/gymnasium/utils/passive_env_checker.py:129: UserWarning: [33mWARN: The obs returned by the `step()` method was expecting a numpy array, actual type: <class 'torch.Tensor'>[0m
  logger.warn(
/workspace/r10/env_old/lib/python3.12/site-packages/gymnasium/spaces/box.py:415: UserWarning: [33mWARN: Casting input x to numpy array.[0m
  gym.logger.warn("Casting input x to numpy array.")
/workspace/r10/env_old/lib/python3.12/site-packages/gymnasium/utils/passive_env_checker.py:129: UserWarning: [33mWARN: The obs returned by the `reset()` method was expecting a numpy array, actual type: <class 'torch.Tensor'>[0m
  logger.warn(
/workspace/r10/env_old/lib/python3.12/site-packages/gymnasium/spaces/box.py:415: UserWarning: [33mWARN: Casting input x to numpy array.[0m
  gym.logger.warn("Casting input x to numpy array.")
CEM solve time: 1.6740 seconds
/workspace/r10/env_old/lib/python3.12/site-packages/gymnasium/utils/passive_env_checker.py:129: UserWarning: [33mWARN: The obs returned by the `step()` method was expecting a numpy array, actual type: <class 'torch.Tensor'>[0m
  logger.warn(
/workspace/r10/env_old/lib/python3.12/site-packages/gymnasium/spaces/box.py:415: UserWarning: [33mWARN: Casting input x to numpy array.[0m
  gym.logger.warn("Casting input x to numpy array.")
{"completed": 42, "missing": 0, "case": "R8_tworoom_01c67df22131e1d43aea07a4", "arm": "REFIT_103201", "stream": "R4_ALT_CEM_2", "mode": "H_REAL3_REPLAN"}
/workspace/r10/env_old/lib/python3.12/site-packages/gymnasium/utils/passive_env_checker.py:129: UserWarning: [33mWARN: The obs returned by the `reset()` method was expecting a numpy array, actual type: <class 'torch.Tensor'>[0m
  logger.warn(
/workspace/r10/env_old/lib/python3.12/site-packages/gymnasium/spaces/box.py:415: UserWarning: [33mWARN: Casting input x to numpy array.[0m
  gym.logger.warn("Casting input x to numpy array.")
CEM solve time: 1.6699 seconds
/workspace/r10/env_old/lib/python3.12/site-packages/gymnasium/utils/passive_env_checker.py:129: UserWarning: [33mWARN: The obs returned by the `step()` method was expecting a numpy array, actual type: <class 'torch.Tensor'>[0m
  logger.warn(
/workspace/r10/env_old/lib/python3.12/site-packages/gymnasium/spaces/box.py:415: UserWarning: [33mWARN: Casting input x to numpy array.[0m
  gym.logger.warn("Casting input x to numpy array.")
/workspace/r10/env_old/lib/python3.12/site-packages/gymnasium/utils/passive_env_checker.py:129: UserWarning: [33mWARN: The obs returned by the `reset()` method was expecting a numpy array, actual type: <class 'torch.Tensor'>[0m
  logger.warn(
/workspace/r10/env_old/lib/python3.12/site-packages/gymnasium/spaces/box.py:415: UserWarning: [33mWARN: Casting input x to numpy array.[0m
  gym.logger.warn("Casting input x to numpy array.")
CEM solve time: 1.6768 seconds
/workspace/r10/env_old/lib/python3.12/site-packages/gymnasium/utils/passive_env_checker.py:129: UserWarning: [33mWARN: The obs returned by the `step()` method was expecting a numpy array, actual type: <class 'torch.Tensor'>[0m
  logger.warn(
/workspace/r10/env_old/lib/python3.12/site-packages/gymnasium/spaces/box.py:415: UserWarning: [33mWARN: Casting input x to numpy array.[0m
  gym.logger.warn("Casting input x to numpy array.")
{"completed": 43, "missing": 0, "case": "R8_tworoom_025f489cacfa2a35b021beae", "arm": "REFIT_103201", "stream": "R3_ORIGINAL", "mode": "H_REAL3_REPLAN"}
/workspace/r10/env_old/lib/python3.12/site-packages/gymnasium/utils/passive_env_checker.py:129: UserWarning: [33mWARN: The obs returned by the `reset()` method was expecting a numpy array, actual type: <class 'torch.Tensor'>[0m
  logger.warn(
/workspace/r10/env_old/lib/python3.12/site-packages/gymnasium/spaces/box.py:415: UserWarning: [33mWARN: Casting input x to numpy array.[0m
  gym.logger.warn("Casting input x to numpy array.")
CEM solve time: 1.6718 seconds
/workspace/r10/env_old/lib/python3.12/site-packages/gymnasium/utils/passive_env_checker.py:129: UserWarning: [33mWARN: The obs returned by the `step()` method was expecting a numpy array, actual type: <class 'torch.Tensor'>[0m
  logger.warn(
/workspace/r10/env_old/lib/python3.12/site-packages/gymnasium/spaces/box.py:415: UserWarning: [33mWARN: Casting input x to numpy array.[0m
  gym.logger.warn("Casting input x to numpy array.")
/workspace/r10/env_old/lib/python3.12/site-packages/gymnasium/utils/passive_env_checker.py:129: UserWarning: [33mWARN: The obs returned by the `reset()` method was expecting a numpy array, actual type: <class 'torch.Tensor'>[0m
  logger.warn(
/workspace/r10/env_old/lib/python3.12/site-packages/gymnasium/spaces/box.py:415: UserWarning: [33mWARN: Casting input x to numpy array.[0m
  gym.logger.warn("Casting input x to numpy array.")
CEM solve time: 1.6921 seconds
/workspace/r10/env_old/lib/python3.12/site-packages/gymnasium/utils/passive_env_checker.py:129: UserWarning: [33mWARN: The obs returned by the `step()` method was expecting a numpy array, actual type: <class 'torch.Tensor'>[0m
  logger.warn(
/workspace/r10/env_old/lib/python3.12/site-packages/gymnasium/spaces/box.py:415: UserWarning: [33mWARN: Casting input x to numpy array.[0m
  gym.logger.warn("Casting input x to numpy array.")
{"completed": 44, "missing": 0, "case": "R8_tworoom_025f489cacfa2a35b021beae", "arm": "REFIT_103201", "stream": "R4_ALT_CEM_1", "mode": "H_REAL3_REPLAN"}
/workspace/r10/env_old/lib/python3.12/site-packages/gymnasium/utils/passive_env_checker.py:129: UserWarning: [33mWARN: The obs returned by the `reset()` method was expecting a numpy array, actual type: <class 'torch.Tensor'>[0m
  logger.warn(
/workspace/r10/env_old/lib/python3.12/site-packages/gymnasium/spaces/box.py:415: UserWarning: [33mWARN: Casting input x to numpy array.[0m
  gym.logger.warn("Casting input x to numpy array.")
CEM solve time: 1.7108 seconds
/workspace/r10/env_old/lib/python3.12/site-packages/gymnasium/utils/passive_env_checker.py:129: UserWarning: [33mWARN: The obs returned by the `step()` method was expecting a numpy array, actual type: <class 'torch.Tensor'>[0m
  logger.warn(
/workspace/r10/env_old/lib/python3.12/site-packages/gymnasium/spaces/box.py:415: UserWarning: [33mWARN: Casting input x to numpy array.[0m
  gym.logger.warn("Casting input x to numpy array.")
/workspace/r10/env_old/lib/python3.12/site-packages/gymnasium/utils/passive_env_checker.py:129: UserWarning: [33mWARN: The obs returned by the `reset()` method was expecting a numpy array, actual type: <class 'torch.Tensor'>[0m
  logger.warn(
/workspace/r10/env_old/lib/python3.12/site-packages/gymnasium/spaces/box.py:415: UserWarning: [33mWARN: Casting input x to numpy array.[0m
  gym.logger.warn("Casting input x to numpy array.")
CEM solve time: 1.6842 seconds
/workspace/r10/env_old/lib/python3.12/site-packages/gymnasium/utils/passive_env_checker.py:129: UserWarning: [33mWARN: The obs returned by the `step()` method was expecting a numpy array, actual type: <class 'torch.Tensor'>[0m
  logger.warn(
/workspace/r10/env_old/lib/python3.12/site-packages/gymnasium/spaces/box.py:415: UserWarning: [33mWARN: Casting input x to numpy array.[0m
  gym.logger.warn("Casting input x to numpy array.")
{"completed": 45, "missing": 0, "case": "R8_tworoom_025f489cacfa2a35b021beae", "arm": "REFIT_103201", "stream": "R4_ALT_CEM_2", "mode": "H_REAL3_REPLAN"}
/workspace/r10/env_old/lib/python3.12/site-packages/gymnasium/utils/passive_env_checker.py:129: UserWarning: [33mWARN: The obs returned by the `reset()` method was expecting a numpy array, actual type: <class 'torch.Tensor'>[0m
  logger.warn(
/workspace/r10/env_old/lib/python3.12/site-packages/gymnasium/spaces/box.py:415: UserWarning: [33mWARN: Casting input x to numpy array.[0m
  gym.logger.warn("Casting input x to numpy array.")
CEM solve time: 1.6858 seconds
/workspace/r10/env_old/lib/python3.12/site-packages/gymnasium/utils/passive_env_checker.py:129: UserWarning: [33mWARN: The obs returned by the `step()` method was expecting a numpy array, actual type: <class 'torch.Tensor'>[0m
  logger.warn(
/workspace/r10/env_old/lib/python3.12/site-packages/gymnasium/spaces/box.py:415: UserWarning: [33mWARN: Casting input x to numpy array.[0m
  gym.logger.warn("Casting input x to numpy array.")
/workspace/r10/env_old/lib/python3.12/site-packages/gymnasium/utils/passive_env_checker.py:129: UserWarning: [33mWARN: The obs returned by the `reset()` method was expecting a numpy array, actual type: <class 'torch.Tensor'>[0m
  logger.warn(
/workspace/r10/env_old/lib/python3.12/site-packages/gymnasium/spaces/box.py:415: UserWarning: [33mWARN: Casting input x to numpy array.[0m
  gym.logger.warn("Casting input x to numpy array.")
CEM solve time: 1.6895 seconds
/workspace/r10/env_old/lib/python3.12/site-packages/gymnasium/utils/passive_env_checker.py:129: UserWarning: [33mWARN: The obs returned by the `step()` method was expecting a numpy array, actual type: <class 'torch.Tensor'>[0m
  logger.warn(
/workspace/r10/env_old/lib/python3.12/site-packages/gymnasium/spaces/box.py:415: UserWarning: [33mWARN: Casting input x to numpy array.[0m
  gym.logger.warn("Casting input x to numpy array.")
{"completed": 46, "missing": 0, "case": "R8_tworoom_02ded7194e65433a137a4758", "arm": "REFIT_103201", "stream": "R3_ORIGINAL", "mode": "H_REAL3_REPLAN"}
/workspace/r10/env_old/lib/python3.12/site-packages/gymnasium/utils/passive_env_checker.py:129: UserWarning: [33mWARN: The obs returned by the `reset()` method was expecting a numpy array, actual type: <class 'torch.Tensor'>[0m
  logger.warn(
/workspace/r10/env_old/lib/python3.12/site-packages/gymnasium/spaces/box.py:415: UserWarning: [33mWARN: Casting input x to numpy array.[0m
  gym.logger.warn("Casting input x to numpy array.")
CEM solve time: 1.6713 seconds
/workspace/r10/env_old/lib/python3.12/site-packages/gymnasium/utils/passive_env_checker.py:129: UserWarning: [33mWARN: The obs returned by the `step()` method was expecting a numpy array, actual type: <class 'torch.Tensor'>[0m
  logger.warn(
/workspace/r10/env_old/lib/python3.12/site-packages/gymnasium/spaces/box.py:415: UserWarning: [33mWARN: Casting input x to numpy array.[0m
  gym.logger.warn("Casting input x to numpy array.")
/workspace/r10/env_old/lib/python3.12/site-packages/gymnasium/utils/passive_env_checker.py:129: UserWarning: [33mWARN: The obs returned by the `reset()` method was expecting a numpy array, actual type: <class 'torch.Tensor'>[0m
  logger.warn(
/workspace/r10/env_old/lib/python3.12/site-packages/gymnasium/spaces/box.py:415: UserWarning: [33mWARN: Casting input x to numpy array.[0m
  gym.logger.warn("Casting input x to numpy array.")
CEM solve time: 1.6776 seconds
/workspace/r10/env_old/lib/python3.12/site-packages/gymnasium/utils/passive_env_checker.py:129: UserWarning: [33mWARN: The obs returned by the `step()` method was expecting a numpy array, actual type: <class 'torch.Tensor'>[0m
  logger.warn(
/workspace/r10/env_old/lib/python3.12/site-packages/gymnasium/spaces/box.py:415: UserWarning: [33mWARN: Casting input x to numpy array.[0m
  gym.logger.warn("Casting input x to numpy array.")
{"completed": 47, "missing": 0, "case": "R8_tworoom_02ded7194e65433a137a4758", "arm": "REFIT_103201", "stream": "R4_ALT_CEM_1", "mode": "H_REAL3_REPLAN"}
/workspace/r10/env_old/lib/python3.12/site-packages/gymnasium/utils/passive_env_checker.py:129: UserWarning: [33mWARN: The obs returned by the `reset()` method was expecting a numpy array, actual type: <class 'torch.Tensor'>[0m
  logger.warn(
/workspace/r10/env_old/lib/python3.12/site-packages/gymnasium/spaces/box.py:415: UserWarning: [33mWARN: Casting input x to numpy array.[0m
  gym.logger.warn("Casting input x to numpy array.")
CEM solve time: 1.6836 seconds
/workspace/r10/env_old/lib/python3.12/site-packages/gymnasium/utils/passive_env_checker.py:129: UserWarning: [33mWARN: The obs returned by the `step()` method was expecting a numpy array, actual type: <class 'torch.Tensor'>[0m
  logger.warn(
/workspace/r10/env_old/lib/python3.12/site-packages/gymnasium/spaces/box.py:415: UserWarning: [33mWARN: Casting input x to numpy array.[0m
  gym.logger.warn("Casting input x to numpy array.")
/workspace/r10/env_old/lib/python3.12/site-packages/gymnasium/utils/passive_env_checker.py:129: UserWarning: [33mWARN: The obs returned by the `reset()` method was expecting a numpy array, actual type: <class 'torch.Tensor'>[0m
  logger.warn(
/workspace/r10/env_old/lib/python3.12/site-packages/gymnasium/spaces/box.py:415: UserWarning: [33mWARN: Casting input x to numpy array.[0m
  gym.logger.warn("Casting input x to numpy array.")
CEM solve time: 1.6930 seconds
/workspace/r10/env_old/lib/python3.12/site-packages/gymnasium/utils/passive_env_checker.py:129: UserWarning: [33mWARN: The obs returned by the `step()` method was expecting a numpy array, actual type: <class 'torch.Tensor'>[0m
  logger.warn(
/workspace/r10/env_old/lib/python3.12/site-packages/gymnasium/spaces/box.py:415: UserWarning: [33mWARN: Casting input x to numpy array.[0m
  gym.logger.warn("Casting input x to numpy array.")
{"completed": 48, "missing": 0, "case": "R8_tworoom_02ded7194e65433a137a4758", "arm": "REFIT_103201", "stream": "R4_ALT_CEM_2", "mode": "H_REAL3_REPLAN"}
/workspace/r10/env_old/lib/python3.12/site-packages/gymnasium/utils/passive_env_checker.py:129: UserWarning: [33mWARN: The obs returned by the `reset()` method was expecting a numpy array, actual type: <class 'torch.Tensor'>[0m
  logger.warn(
/workspace/r10/env_old/lib/python3.12/site-packages/gymnasium/spaces/box.py:415: UserWarning: [33mWARN: Casting input x to numpy array.[0m
  gym.logger.warn("Casting input x to numpy array.")
CEM solve time: 1.6751 seconds
/workspace/r10/env_old/lib/python3.12/site-packages/gymnasium/utils/passive_env_checker.py:129: UserWarning: [33mWARN: The obs returned by the `step()` method was expecting a numpy array, actual type: <class 'torch.Tensor'>[0m
  logger.warn(
/workspace/r10/env_old/lib/python3.12/site-packages/gymnasium/spaces/box.py:415: UserWarning: [33mWARN: Casting input x to numpy array.[0m
  gym.logger.warn("Casting input x to numpy array.")
CEM solve time: 1.6711 seconds
/workspace/r10/env_old/lib/python3.12/site-packages/gymnasium/utils/passive_env_checker.py:129: UserWarning: [33mWARN: The obs returned by the `reset()` method was expecting a numpy array, actual type: <class 'torch.Tensor'>[0m
  logger.warn(
/workspace/r10/env_old/lib/python3.12/site-packages/gymnasium/spaces/box.py:415: UserWarning: [33mWARN: Casting input x to numpy array.[0m
  gym.logger.warn("Casting input x to numpy array.")
CEM solve time: 1.6851 seconds
/workspace/r10/env_old/lib/python3.12/site-packages/gymnasium/utils/passive_env_checker.py:129: UserWarning: [33mWARN: The obs returned by the `step()` method was expecting a numpy array, actual type: <class 'torch.Tensor'>[0m
  logger.warn(
/workspace/r10/env_old/lib/python3.12/site-packages/gymnasium/spaces/box.py:415: UserWarning: [33mWARN: Casting input x to numpy array.[0m
  gym.logger.warn("Casting input x to numpy array.")
CEM solve time: 1.6884 seconds
{"completed": 49, "missing": 0, "case": "R8_tworoom_037e59f4b23261042d6eeb46", "arm": "REFIT_103201", "stream": "R3_ORIGINAL", "mode": "H_REAL3_REPLAN"}
/workspace/r10/env_old/lib/python3.12/site-packages/gymnasium/utils/passive_env_checker.py:129: UserWarning: [33mWARN: The obs returned by the `reset()` method was expecting a numpy array, actual type: <class 'torch.Tensor'>[0m
  logger.warn(
/workspace/r10/env_old/lib/python3.12/site-packages/gymnasium/spaces/box.py:415: UserWarning: [33mWARN: Casting input x to numpy array.[0m
  gym.logger.warn("Casting input x to numpy array.")
CEM solve time: 1.6742 seconds
/workspace/r10/env_old/lib/python3.12/site-packages/gymnasium/utils/passive_env_checker.py:129: UserWarning: [33mWARN: The obs returned by the `step()` method was expecting a numpy array, actual type: <class 'torch.Tensor'>[0m
  logger.warn(
/workspace/r10/env_old/lib/python3.12/site-packages/gymnasium/spaces/box.py:415: UserWarning: [33mWARN: Casting input x to numpy array.[0m
  gym.logger.warn("Casting input x to numpy array.")
/workspace/r10/env_old/lib/python3.12/site-packages/gymnasium/utils/passive_env_checker.py:129: UserWarning: [33mWARN: The obs returned by the `reset()` method was expecting a numpy array, actual type: <class 'torch.Tensor'>[0m
  logger.warn(
/workspace/r10/env_old/lib/python3.12/site-packages/gymnasium/spaces/box.py:415: UserWarning: [33mWARN: Casting input x to numpy array.[0m
  gym.logger.warn("Casting input x to numpy array.")
CEM solve time: 1.6771 seconds
/workspace/r10/env_old/lib/python3.12/site-packages/gymnasium/utils/passive_env_checker.py:129: UserWarning: [33mWARN: The obs returned by the `step()` method was expecting a numpy array, actual type: <class 'torch.Tensor'>[0m
  logger.warn(
/workspace/r10/env_old/lib/python3.12/site-packages/gymnasium/spaces/box.py:415: UserWarning: [33mWARN: Casting input x to numpy array.[0m
  gym.logger.warn("Casting input x to numpy array.")
{"completed": 50, "missing": 0, "case": "R8_tworoom_037e59f4b23261042d6eeb46", "arm": "REFIT_103201", "stream": "R4_ALT_CEM_1", "mode": "H_REAL3_REPLAN"}
/workspace/r10/env_old/lib/python3.12/site-packages/gymnasium/utils/passive_env_checker.py:129: UserWarning: [33mWARN: The obs returned by the `reset()` method was expecting a numpy array, actual type: <class 'torch.Tensor'>[0m
  logger.warn(
/workspace/r10/env_old/lib/python3.12/site-packages/gymnasium/spaces/box.py:415: UserWarning: [33mWARN: Casting input x to numpy array.[0m
  gym.logger.warn("Casting input x to numpy array.")
CEM solve time: 1.6825 seconds
/workspace/r10/env_old/lib/python3.12/site-packages/gymnasium/utils/passive_env_checker.py:129: UserWarning: [33mWARN: The obs returned by the `step()` method was expecting a numpy array, actual type: <class 'torch.Tensor'>[0m
  logger.warn(
/workspace/r10/env_old/lib/python3.12/site-packages/gymnasium/spaces/box.py:415: UserWarning: [33mWARN: Casting input x to numpy array.[0m
  gym.logger.warn("Casting input x to numpy array.")
CEM solve time: 1.6803 seconds
/workspace/r10/env_old/lib/python3.12/site-packages/gymnasium/utils/passive_env_checker.py:129: UserWarning: [33mWARN: The obs returned by the `reset()` method was expecting a numpy array, actual type: <class 'torch.Tensor'>[0m
  logger.warn(
/workspace/r10/env_old/lib/python3.12/site-packages/gymnasium/spaces/box.py:415: UserWarning: [33mWARN: Casting input x to numpy array.[0m
  gym.logger.warn("Casting input x to numpy array.")
CEM solve time: 1.6750 seconds
/workspace/r10/env_old/lib/python3.12/site-packages/gymnasium/utils/passive_env_checker.py:129: UserWarning: [33mWARN: The obs returned by the `step()` method was expecting a numpy array, actual type: <class 'torch.Tensor'>[0m
  logger.warn(
/workspace/r10/env_old/lib/python3.12/site-packages/gymnasium/spaces/box.py:415: UserWarning: [33mWARN: Casting input x to numpy array.[0m
  gym.logger.warn("Casting input x to numpy array.")
CEM solve time: 1.6894 seconds
{"completed": 51, "missing": 0, "case": "R8_tworoom_037e59f4b23261042d6eeb46", "arm": "REFIT_103201", "stream": "R4_ALT_CEM_2", "mode": "H_REAL3_REPLAN"}
/workspace/r10/env_old/lib/python3.12/site-packages/gymnasium/utils/passive_env_checker.py:129: UserWarning: [33mWARN: The obs returned by the `reset()` method was expecting a numpy array, actual type: <class 'torch.Tensor'>[0m
  logger.warn(
/workspace/r10/env_old/lib/python3.12/site-packages/gymnasium/spaces/box.py:415: UserWarning: [33mWARN: Casting input x to numpy array.[0m
  gym.logger.warn("Casting input x to numpy array.")
CEM solve time: 1.6776 seconds
/workspace/r10/env_old/lib/python3.12/site-packages/gymnasium/utils/passive_env_checker.py:129: UserWarning: [33mWARN: The obs returned by the `step()` method was expecting a numpy array, actual type: <class 'torch.Tensor'>[0m
  logger.warn(
/workspace/r10/env_old/lib/python3.12/site-packages/gymnasium/spaces/box.py:415: UserWarning: [33mWARN: Casting input x to numpy array.[0m
  gym.logger.warn("Casting input x to numpy array.")
/workspace/r10/env_old/lib/python3.12/site-packages/gymnasium/utils/passive_env_checker.py:129: UserWarning: [33mWARN: The obs returned by the `reset()` method was expecting a numpy array, actual type: <class 'torch.Tensor'>[0m
  logger.warn(
/workspace/r10/env_old/lib/python3.12/site-packages/gymnasium/spaces/box.py:415: UserWarning: [33mWARN: Casting input x to numpy array.[0m
  gym.logger.warn("Casting input x to numpy array.")
CEM solve time: 1.6786 seconds
/workspace/r10/env_old/lib/python3.12/site-packages/gymnasium/utils/passive_env_checker.py:129: UserWarning: [33mWARN: The obs returned by the `step()` method was expecting a numpy array, actual type: <class 'torch.Tensor'>[0m
  logger.warn(
/workspace/r10/env_old/lib/python3.12/site-packages/gymnasium/spaces/box.py:415: UserWarning: [33mWARN: Casting input x to numpy array.[0m
  gym.logger.warn("Casting input x to numpy array.")
{"completed": 52, "missing": 0, "case": "R8_tworoom_042b6ebbb71de453c372ac1a", "arm": "REFIT_103201", "stream": "R3_ORIGINAL", "mode": "H_REAL3_REPLAN"}
/workspace/r10/env_old/lib/python3.12/site-packages/gymnasium/utils/passive_env_checker.py:129: UserWarning: [33mWARN: The obs returned by the `reset()` method was expecting a numpy array, actual type: <class 'torch.Tensor'>[0m
  logger.warn(
/workspace/r10/env_old/lib/python3.12/site-packages/gymnasium/spaces/box.py:415: UserWarning: [33mWARN: Casting input x to numpy array.[0m
  gym.logger.warn("Casting input x to numpy array.")
CEM solve time: 1.6691 seconds
/workspace/r10/env_old/lib/python3.12/site-packages/gymnasium/utils/passive_env_checker.py:129: UserWarning: [33mWARN: The obs returned by the `step()` method was expecting a numpy array, actual type: <class 'torch.Tensor'>[0m
  logger.warn(
/workspace/r10/env_old/lib/python3.12/site-packages/gymnasium/spaces/box.py:415: UserWarning: [33mWARN: Casting input x to numpy array.[0m
  gym.logger.warn("Casting input x to numpy array.")
/workspace/r10/env_old/lib/python3.12/site-packages/gymnasium/utils/passive_env_checker.py:129: UserWarning: [33mWARN: The obs returned by the `reset()` method was expecting a numpy array, actual type: <class 'torch.Tensor'>[0m
  logger.warn(
/workspace/r10/env_old/lib/python3.12/site-packages/gymnasium/spaces/box.py:415: UserWarning: [33mWARN: Casting input x to numpy array.[0m
  gym.logger.warn("Casting input x to numpy array.")
CEM solve time: 1.6723 seconds
/workspace/r10/env_old/lib/python3.12/site-packages/gymnasium/utils/passive_env_checker.py:129: UserWarning: [33mWARN: The obs returned by the `step()` method was expecting a numpy array, actual type: <class 'torch.Tensor'>[0m
  logger.warn(
/workspace/r10/env_old/lib/python3.12/site-packages/gymnasium/spaces/box.py:415: UserWarning: [33mWARN: Casting input x to numpy array.[0m
  gym.logger.warn("Casting input x to numpy array.")
{"completed": 53, "missing": 0, "case": "R8_tworoom_042b6ebbb71de453c372ac1a", "arm": "REFIT_103201", "stream": "R4_ALT_CEM_1", "mode": "H_REAL3_REPLAN"}
/workspace/r10/env_old/lib/python3.12/site-packages/gymnasium/utils/passive_env_checker.py:129: UserWarning: [33mWARN: The obs returned by the `reset()` method was expecting a numpy array, actual type: <class 'torch.Tensor'>[0m
  logger.warn(
/workspace/r10/env_old/lib/python3.12/site-packages/gymnasium/spaces/box.py:415: UserWarning: [33mWARN: Casting input x to numpy array.[0m
  gym.logger.warn("Casting input x to numpy array.")
CEM solve time: 1.6858 seconds
/workspace/r10/env_old/lib/python3.12/site-packages/gymnasium/utils/passive_env_checker.py:129: UserWarning: [33mWARN: The obs returned by the `step()` method was expecting a numpy array, actual type: <class 'torch.Tensor'>[0m
  logger.warn(
/workspace/r10/env_old/lib/python3.12/site-packages/gymnasium/spaces/box.py:415: UserWarning: [33mWARN: Casting input x to numpy array.[0m
  gym.logger.warn("Casting input x to numpy array.")
/workspace/r10/env_old/lib/python3.12/site-packages/gymnasium/utils/passive_env_checker.py:129: UserWarning: [33mWARN: The obs returned by the `reset()` method was expecting a numpy array, actual type: <class 'torch.Tensor'>[0m
  logger.warn(
/workspace/r10/env_old/lib/python3.12/site-packages/gymnasium/spaces/box.py:415: UserWarning: [33mWARN: Casting input x to numpy array.[0m
  gym.logger.warn("Casting input x to numpy array.")
CEM solve time: 1.6866 seconds
/workspace/r10/env_old/lib/python3.12/site-packages/gymnasium/utils/passive_env_checker.py:129: UserWarning: [33mWARN: The obs returned by the `step()` method was expecting a numpy array, actual type: <class 'torch.Tensor'>[0m
  logger.warn(
/workspace/r10/env_old/lib/python3.12/site-packages/gymnasium/spaces/box.py:415: UserWarning: [33mWARN: Casting input x to numpy array.[0m
  gym.logger.warn("Casting input x to numpy array.")
{"completed": 54, "missing": 0, "case": "R8_tworoom_042b6ebbb71de453c372ac1a", "arm": "REFIT_103201", "stream": "R4_ALT_CEM_2", "mode": "H_REAL3_REPLAN"}
/workspace/r10/env_old/lib/python3.12/site-packages/gymnasium/utils/passive_env_checker.py:129: UserWarning: [33mWARN: The obs returned by the `reset()` method was expecting a numpy array, actual type: <class 'torch.Tensor'>[0m
  logger.warn(
/workspace/r10/env_old/lib/python3.12/site-packages/gymnasium/spaces/box.py:415: UserWarning: [33mWARN: Casting input x to numpy array.[0m
  gym.logger.warn("Casting input x to numpy array.")
CEM solve time: 1.6973 seconds
/workspace/r10/env_old/lib/python3.12/site-packages/gymnasium/utils/passive_env_checker.py:129: UserWarning: [33mWARN: The obs returned by the `step()` method was expecting a numpy array, actual type: <class 'torch.Tensor'>[0m
  logger.warn(
/workspace/r10/env_old/lib/python3.12/site-packages/gymnasium/spaces/box.py:415: UserWarning: [33mWARN: Casting input x to numpy array.[0m
  gym.logger.warn("Casting input x to numpy array.")
/workspace/r10/env_old/lib/python3.12/site-packages/gymnasium/utils/passive_env_checker.py:129: UserWarning: [33mWARN: The obs returned by the `reset()` method was expecting a numpy array, actual type: <class 'torch.Tensor'>[0m
  logger.warn(
/workspace/r10/env_old/lib/python3.12/site-packages/gymnasium/spaces/box.py:415: UserWarning: [33mWARN: Casting input x to numpy array.[0m
  gym.logger.warn("Casting input x to numpy array.")
CEM solve time: 1.7076 seconds
/workspace/r10/env_old/lib/python3.12/site-packages/gymnasium/utils/passive_env_checker.py:129: UserWarning: [33mWARN: The obs returned by the `step()` method was expecting a numpy array, actual type: <class 'torch.Tensor'>[0m
  logger.warn(
/workspace/r10/env_old/lib/python3.12/site-packages/gymnasium/spaces/box.py:415: UserWarning: [33mWARN: Casting input x to numpy array.[0m
  gym.logger.warn("Casting input x to numpy array.")
{"completed": 55, "missing": 0, "case": "R8_tworoom_051a0810ac344676a8395c84", "arm": "REFIT_103201", "stream": "R3_ORIGINAL", "mode": "H_REAL3_REPLAN"}
/workspace/r10/env_old/lib/python3.12/site-packages/gymnasium/utils/passive_env_checker.py:129: UserWarning: [33mWARN: The obs returned by the `reset()` method was expecting a numpy array, actual type: <class 'torch.Tensor'>[0m
  logger.warn(
/workspace/r10/env_old/lib/python3.12/site-packages/gymnasium/spaces/box.py:415: UserWarning: [33mWARN: Casting input x to numpy array.[0m
  gym.logger.warn("Casting input x to numpy array.")
CEM solve time: 1.6712 seconds
/workspace/r10/env_old/lib/python3.12/site-packages/gymnasium/utils/passive_env_checker.py:129: UserWarning: [33mWARN: The obs returned by the `step()` method was expecting a numpy array, actual type: <class 'torch.Tensor'>[0m
  logger.warn(
/workspace/r10/env_old/lib/python3.12/site-packages/gymnasium/spaces/box.py:415: UserWarning: [33mWARN: Casting input x to numpy array.[0m
  gym.logger.warn("Casting input x to numpy array.")
/workspace/r10/env_old/lib/python3.12/site-packages/gymnasium/utils/passive_env_checker.py:129: UserWarning: [33mWARN: The obs returned by the `reset()` method was expecting a numpy array, actual type: <class 'torch.Tensor'>[0m
  logger.warn(
/workspace/r10/env_old/lib/python3.12/site-packages/gymnasium/spaces/box.py:415: UserWarning: [33mWARN: Casting input x to numpy array.[0m
  gym.logger.warn("Casting input x to numpy array.")
CEM solve time: 1.6940 seconds
/workspace/r10/env_old/lib/python3.12/site-packages/gymnasium/utils/passive_env_checker.py:129: UserWarning: [33mWARN: The obs returned by the `step()` method was expecting a numpy array, actual type: <class 'torch.Tensor'>[0m
  logger.warn(
/workspace/r10/env_old/lib/python3.12/site-packages/gymnasium/spaces/box.py:415: UserWarning: [33mWARN: Casting input x to numpy array.[0m
  gym.logger.warn("Casting input x to numpy array.")
{"completed": 56, "missing": 0, "case": "R8_tworoom_051a0810ac344676a8395c84", "arm": "REFIT_103201", "stream": "R4_ALT_CEM_1", "mode": "H_REAL3_REPLAN"}
/workspace/r10/env_old/lib/python3.12/site-packages/gymnasium/utils/passive_env_checker.py:129: UserWarning: [33mWARN: The obs returned by the `reset()` method was expecting a numpy array, actual type: <class 'torch.Tensor'>[0m
  logger.warn(
/workspace/r10/env_old/lib/python3.12/site-packages/gymnasium/spaces/box.py:415: UserWarning: [33mWARN: Casting input x to numpy array.[0m
  gym.logger.warn("Casting input x to numpy array.")
CEM solve time: 1.6765 seconds
/workspace/r10/env_old/lib/python3.12/site-packages/gymnasium/utils/passive_env_checker.py:129: UserWarning: [33mWARN: The obs returned by the `step()` method was expecting a numpy array, actual type: <class 'torch.Tensor'>[0m
  logger.warn(
/workspace/r10/env_old/lib/python3.12/site-packages/gymnasium/spaces/box.py:415: UserWarning: [33mWARN: Casting input x to numpy array.[0m
  gym.logger.warn("Casting input x to numpy array.")
/workspace/r10/env_old/lib/python3.12/site-packages/gymnasium/utils/passive_env_checker.py:129: UserWarning: [33mWARN: The obs returned by the `reset()` method was expecting a numpy array, actual type: <class 'torch.Tensor'>[0m
  logger.warn(
/workspace/r10/env_old/lib/python3.12/site-packages/gymnasium/spaces/box.py:415: UserWarning: [33mWARN: Casting input x to numpy array.[0m
  gym.logger.warn("Casting input x to numpy array.")
CEM solve time: 1.6782 seconds
/workspace/r10/env_old/lib/python3.12/site-packages/gymnasium/utils/passive_env_checker.py:129: UserWarning: [33mWARN: The obs returned by the `step()` method was expecting a numpy array, actual type: <class 'torch.Tensor'>[0m
  logger.warn(
/workspace/r10/env_old/lib/python3.12/site-packages/gymnasium/spaces/box.py:415: UserWarning: [33mWARN: Casting input x to numpy array.[0m
  gym.logger.warn("Casting input x to numpy array.")
{"completed": 57, "missing": 0, "case": "R8_tworoom_051a0810ac344676a8395c84", "arm": "REFIT_103201", "stream": "R4_ALT_CEM_2", "mode": "H_REAL3_REPLAN"}
/workspace/r10/env_old/lib/python3.12/site-packages/gymnasium/utils/passive_env_checker.py:129: UserWarning: [33mWARN: The obs returned by the `reset()` method was expecting a numpy array, actual type: <class 'torch.Tensor'>[0m
  logger.warn(
/workspace/r10/env_old/lib/python3.12/site-packages/gymnasium/spaces/box.py:415: UserWarning: [33mWARN: Casting input x to numpy array.[0m
  gym.logger.warn("Casting input x to numpy array.")
CEM solve time: 1.6742 seconds
/workspace/r10/env_old/lib/python3.12/site-packages/gymnasium/utils/passive_env_checker.py:129: UserWarning: [33mWARN: The obs returned by the `step()` method was expecting a numpy array, actual type: <class 'torch.Tensor'>[0m
  logger.warn(
/workspace/r10/env_old/lib/python3.12/site-packages/gymnasium/spaces/box.py:415: UserWarning: [33mWARN: Casting input x to numpy array.[0m
  gym.logger.warn("Casting input x to numpy array.")
/workspace/r10/env_old/lib/python3.12/site-packages/gymnasium/utils/passive_env_checker.py:129: UserWarning: [33mWARN: The obs returned by the `reset()` method was expecting a numpy array, actual type: <class 'torch.Tensor'>[0m
  logger.warn(
/workspace/r10/env_old/lib/python3.12/site-packages/gymnasium/spaces/box.py:415: UserWarning: [33mWARN: Casting input x to numpy array.[0m
  gym.logger.warn("Casting input x to numpy array.")
CEM solve time: 1.6760 seconds
/workspace/r10/env_old/lib/python3.12/site-packages/gymnasium/utils/passive_env_checker.py:129: UserWarning: [33mWARN: The obs returned by the `step()` method was expecting a numpy array, actual type: <class 'torch.Tensor'>[0m
  logger.warn(
/workspace/r10/env_old/lib/python3.12/site-packages/gymnasium/spaces/box.py:415: UserWarning: [33mWARN: Casting input x to numpy array.[0m
  gym.logger.warn("Casting input x to numpy array.")
{"completed": 58, "missing": 0, "case": "R8_tworoom_057cd69d9b64f0206c13beb0", "arm": "REFIT_103201", "stream": "R3_ORIGINAL", "mode": "H_REAL3_REPLAN"}
/workspace/r10/env_old/lib/python3.12/site-packages/gymnasium/utils/passive_env_checker.py:129: UserWarning: [33mWARN: The obs returned by the `reset()` method was expecting a numpy array, actual type: <class 'torch.Tensor'>[0m
  logger.warn(
/workspace/r10/env_old/lib/python3.12/site-packages/gymnasium/spaces/box.py:415: UserWarning: [33mWARN: Casting input x to numpy array.[0m
  gym.logger.warn("Casting input x to numpy array.")
CEM solve time: 1.6767 seconds
/workspace/r10/env_old/lib/python3.12/site-packages/gymnasium/utils/passive_env_checker.py:129: UserWarning: [33mWARN: The obs returned by the `step()` method was expecting a numpy array, actual type: <class 'torch.Tensor'>[0m
  logger.warn(
/workspace/r10/env_old/lib/python3.12/site-packages/gymnasium/spaces/box.py:415: UserWarning: [33mWARN: Casting input x to numpy array.[0m
  gym.logger.warn("Casting input x to numpy array.")
CEM solve time: 1.6804 seconds
/workspace/r10/env_old/lib/python3.12/site-packages/gymnasium/utils/passive_env_checker.py:129: UserWarning: [33mWARN: The obs returned by the `reset()` method was expecting a numpy array, actual type: <class 'torch.Tensor'>[0m
  logger.warn(
/workspace/r10/env_old/lib/python3.12/site-packages/gymnasium/spaces/box.py:415: UserWarning: [33mWARN: Casting input x to numpy array.[0m
  gym.logger.warn("Casting input x to numpy array.")
CEM solve time: 1.6901 seconds
/workspace/r10/env_old/lib/python3.12/site-packages/gymnasium/utils/passive_env_checker.py:129: UserWarning: [33mWARN: The obs returned by the `step()` method was expecting a numpy array, actual type: <class 'torch.Tensor'>[0m
  logger.warn(
/workspace/r10/env_old/lib/python3.12/site-packages/gymnasium/spaces/box.py:415: UserWarning: [33mWARN: Casting input x to numpy array.[0m
  gym.logger.warn("Casting input x to numpy array.")
CEM solve time: 1.6998 seconds
{"completed": 59, "missing": 0, "case": "R8_tworoom_057cd69d9b64f0206c13beb0", "arm": "REFIT_103201", "stream": "R4_ALT_CEM_1", "mode": "H_REAL3_REPLAN"}
/workspace/r10/env_old/lib/python3.12/site-packages/gymnasium/utils/passive_env_checker.py:129: UserWarning: [33mWARN: The obs returned by the `reset()` method was expecting a numpy array, actual type: <class 'torch.Tensor'>[0m
  logger.warn(
/workspace/r10/env_old/lib/python3.12/site-packages/gymnasium/spaces/box.py:415: UserWarning: [33mWARN: Casting input x to numpy array.[0m
  gym.logger.warn("Casting input x to numpy array.")
CEM solve time: 1.6818 seconds
/workspace/r10/env_old/lib/python3.12/site-packages/gymnasium/utils/passive_env_checker.py:129: UserWarning: [33mWARN: The obs returned by the `step()` method was expecting a numpy array, actual type: <class 'torch.Tensor'>[0m
  logger.warn(
/workspace/r10/env_old/lib/python3.12/site-packages/gymnasium/spaces/box.py:415: UserWarning: [33mWARN: Casting input x to numpy array.[0m
  gym.logger.warn("Casting input x to numpy array.")
CEM solve time: 1.6749 seconds
/workspace/r10/env_old/lib/python3.12/site-packages/gymnasium/utils/passive_env_checker.py:129: UserWarning: [33mWARN: The obs returned by the `reset()` method was expecting a numpy array, actual type: <class 'torch.Tensor'>[0m
  logger.warn(
/workspace/r10/env_old/lib/python3.12/site-packages/gymnasium/spaces/box.py:415: UserWarning: [33mWARN: Casting input x to numpy array.[0m
  gym.logger.warn("Casting input x to numpy array.")
CEM solve time: 1.6750 seconds
/workspace/r10/env_old/lib/python3.12/site-packages/gymnasium/utils/passive_env_checker.py:129: UserWarning: [33mWARN: The obs returned by the `step()` method was expecting a numpy array, actual type: <class 'torch.Tensor'>[0m
  logger.warn(
/workspace/r10/env_old/lib/python3.12/site-packages/gymnasium/spaces/box.py:415: UserWarning: [33mWARN: Casting input x to numpy array.[0m
  gym.logger.warn("Casting input x to numpy array.")
CEM solve time: 1.6962 seconds
{"completed": 60, "missing": 0, "case": "R8_tworoom_057cd69d9b64f0206c13beb0", "arm": "REFIT_103201", "stream": "R4_ALT_CEM_2", "mode": "H_REAL3_REPLAN"}
/workspace/r10/env_old/lib/python3.12/site-packages/gymnasium/utils/passive_env_checker.py:129: UserWarning: [33mWARN: The obs returned by the `reset()` method was expecting a numpy array, actual type: <class 'torch.Tensor'>[0m
  logger.warn(
/workspace/r10/env_old/lib/python3.12/site-packages/gymnasium/spaces/box.py:415: UserWarning: [33mWARN: Casting input x to numpy array.[0m
  gym.logger.warn("Casting input x to numpy array.")
CEM solve time: 1.7045 seconds
/workspace/r10/env_old/lib/python3.12/site-packages/gymnasium/utils/passive_env_checker.py:129: UserWarning: [33mWARN: The obs returned by the `step()` method was expecting a numpy array, actual type: <class 'torch.Tensor'>[0m
  logger.warn(
/workspace/r10/env_old/lib/python3.12/site-packages/gymnasium/spaces/box.py:415: UserWarning: [33mWARN: Casting input x to numpy array.[0m
  gym.logger.warn("Casting input x to numpy array.")
CEM solve time: 1.6753 seconds
/workspace/r10/env_old/lib/python3.12/site-packages/gymnasium/utils/passive_env_checker.py:129: UserWarning: [33mWARN: The obs returned by the `reset()` method was expecting a numpy array, actual type: <class 'torch.Tensor'>[0m
  logger.warn(
/workspace/r10/env_old/lib/python3.12/site-packages/gymnasium/spaces/box.py:415: UserWarning: [33mWARN: Casting input x to numpy array.[0m
  gym.logger.warn("Casting input x to numpy array.")
CEM solve time: 1.6849 seconds
/workspace/r10/env_old/lib/python3.12/site-packages/gymnasium/utils/passive_env_checker.py:129: UserWarning: [33mWARN: The obs returned by the `step()` method was expecting a numpy array, actual type: <class 'torch.Tensor'>[0m
  logger.warn(
/workspace/r10/env_old/lib/python3.12/site-packages/gymnasium/spaces/box.py:415: UserWarning: [33mWARN: Casting input x to numpy array.[0m
  gym.logger.warn("Casting input x to numpy array.")
CEM solve time: 1.6915 seconds
{"completed": 61, "missing": 0, "case": "R8_tworoom_066f598a0fcd4e4340ccefa8", "arm": "REFIT_103201", "stream": "R3_ORIGINAL", "mode": "H_REAL3_REPLAN"}
/workspace/r10/env_old/lib/python3.12/site-packages/gymnasium/utils/passive_env_checker.py:129: UserWarning: [33mWARN: The obs returned by the `reset()` method was expecting a numpy array, actual type: <class 'torch.Tensor'>[0m
  logger.warn(
/workspace/r10/env_old/lib/python3.12/site-packages/gymnasium/spaces/box.py:415: UserWarning: [33mWARN: Casting input x to numpy array.[0m
  gym.logger.warn("Casting input x to numpy array.")
CEM solve time: 1.6852 seconds
/workspace/r10/env_old/lib/python3.12/site-packages/gymnasium/utils/passive_env_checker.py:129: UserWarning: [33mWARN: The obs returned by the `step()` method was expecting a numpy array, actual type: <class 'torch.Tensor'>[0m
  logger.warn(
/workspace/r10/env_old/lib/python3.12/site-packages/gymnasium/spaces/box.py:415: UserWarning: [33mWARN: Casting input x to numpy array.[0m
  gym.logger.warn("Casting input x to numpy array.")
CEM solve time: 1.6725 seconds
/workspace/r10/env_old/lib/python3.12/site-packages/gymnasium/utils/passive_env_checker.py:129: UserWarning: [33mWARN: The obs returned by the `reset()` method was expecting a numpy array, actual type: <class 'torch.Tensor'>[0m
  logger.warn(
/workspace/r10/env_old/lib/python3.12/site-packages/gymnasium/spaces/box.py:415: UserWarning: [33mWARN: Casting input x to numpy array.[0m
  gym.logger.warn("Casting input x to numpy array.")
CEM solve time: 1.6763 seconds
/workspace/r10/env_old/lib/python3.12/site-packages/gymnasium/utils/passive_env_checker.py:129: UserWarning: [33mWARN: The obs returned by the `step()` method was expecting a numpy array, actual type: <class 'torch.Tensor'>[0m
  logger.warn(
/workspace/r10/env_old/lib/python3.12/site-packages/gymnasium/spaces/box.py:415: UserWarning: [33mWARN: Casting input x to numpy array.[0m
  gym.logger.warn("Casting input x to numpy array.")
CEM solve time: 1.6913 seconds
{"completed": 62, "missing": 0, "case": "R8_tworoom_066f598a0fcd4e4340ccefa8", "arm": "REFIT_103201", "stream": "R4_ALT_CEM_1", "mode": "H_REAL3_REPLAN"}
/workspace/r10/env_old/lib/python3.12/site-packages/gymnasium/utils/passive_env_checker.py:129: UserWarning: [33mWARN: The obs returned by the `reset()` method was expecting a numpy array, actual type: <class 'torch.Tensor'>[0m
  logger.warn(
/workspace/r10/env_old/lib/python3.12/site-packages/gymnasium/spaces/box.py:415: UserWarning: [33mWARN: Casting input x to numpy array.[0m
  gym.logger.warn("Casting input x to numpy array.")
CEM solve time: 1.6747 seconds
/workspace/r10/env_old/lib/python3.12/site-packages/gymnasium/utils/passive_env_checker.py:129: UserWarning: [33mWARN: The obs returned by the `step()` method was expecting a numpy array, actual type: <class 'torch.Tensor'>[0m
  logger.warn(
/workspace/r10/env_old/lib/python3.12/site-packages/gymnasium/spaces/box.py:415: UserWarning: [33mWARN: Casting input x to numpy array.[0m
  gym.logger.warn("Casting input x to numpy array.")
CEM solve time: 1.6757 seconds
/workspace/r10/env_old/lib/python3.12/site-packages/gymnasium/utils/passive_env_checker.py:129: UserWarning: [33mWARN: The obs returned by the `reset()` method was expecting a numpy array, actual type: <class 'torch.Tensor'>[0m
  logger.warn(
/workspace/r10/env_old/lib/python3.12/site-packages/gymnasium/spaces/box.py:415: UserWarning: [33mWARN: Casting input x to numpy array.[0m
  gym.logger.warn("Casting input x to numpy array.")
CEM solve time: 1.6877 seconds
/workspace/r10/env_old/lib/python3.12/site-packages/gymnasium/utils/passive_env_checker.py:129: UserWarning: [33mWARN: The obs returned by the `step()` method was expecting a numpy array, actual type: <class 'torch.Tensor'>[0m
  logger.warn(
/workspace/r10/env_old/lib/python3.12/site-packages/gymnasium/spaces/box.py:415: UserWarning: [33mWARN: Casting input x to numpy array.[0m
  gym.logger.warn("Casting input x to numpy array.")
CEM solve time: 1.6939 seconds
{"completed": 63, "missing": 0, "case": "R8_tworoom_066f598a0fcd4e4340ccefa8", "arm": "REFIT_103201", "stream": "R4_ALT_CEM_2", "mode": "H_REAL3_REPLAN"}
/workspace/r10/env_old/lib/python3.12/site-packages/gymnasium/utils/passive_env_checker.py:129: UserWarning: [33mWARN: The obs returned by the `reset()` method was expecting a numpy array, actual type: <class 'torch.Tensor'>[0m
  logger.warn(
/workspace/r10/env_old/lib/python3.12/site-packages/gymnasium/spaces/box.py:415: UserWarning: [33mWARN: Casting input x to numpy array.[0m
  gym.logger.warn("Casting input x to numpy array.")
CEM solve time: 1.6817 seconds
/workspace/r10/env_old/lib/python3.12/site-packages/gymnasium/utils/passive_env_checker.py:129: UserWarning: [33mWARN: The obs returned by the `step()` method was expecting a numpy array, actual type: <class 'torch.Tensor'>[0m
  logger.warn(
/workspace/r10/env_old/lib/python3.12/site-packages/gymnasium/spaces/box.py:415: UserWarning: [33mWARN: Casting input x to numpy array.[0m
  gym.logger.warn("Casting input x to numpy array.")
CEM solve time: 1.6840 seconds
/workspace/r10/env_old/lib/python3.12/site-packages/gymnasium/utils/passive_env_checker.py:129: UserWarning: [33mWARN: The obs returned by the `reset()` method was expecting a numpy array, actual type: <class 'torch.Tensor'>[0m
  logger.warn(
/workspace/r10/env_old/lib/python3.12/site-packages/gymnasium/spaces/box.py:415: UserWarning: [33mWARN: Casting input x to numpy array.[0m
  gym.logger.warn("Casting input x to numpy array.")
CEM solve time: 1.6723 seconds
/workspace/r10/env_old/lib/python3.12/site-packages/gymnasium/utils/passive_env_checker.py:129: UserWarning: [33mWARN: The obs returned by the `step()` method was expecting a numpy array, actual type: <class 'torch.Tensor'>[0m
  logger.warn(
/workspace/r10/env_old/lib/python3.12/site-packages/gymnasium/spaces/box.py:415: UserWarning: [33mWARN: Casting input x to numpy array.[0m
  gym.logger.warn("Casting input x to numpy array.")
CEM solve time: 1.6952 seconds
{"completed": 64, "missing": 0, "case": "R8_tworoom_073c59bd6200ef6e33ce3e74", "arm": "REFIT_103201", "stream": "R3_ORIGINAL", "mode": "H_REAL3_REPLAN"}
/workspace/r10/env_old/lib/python3.12/site-packages/gymnasium/utils/passive_env_checker.py:129: UserWarning: [33mWARN: The obs returned by the `reset()` method was expecting a numpy array, actual type: <class 'torch.Tensor'>[0m
  logger.warn(
/workspace/r10/env_old/lib/python3.12/site-packages/gymnasium/spaces/box.py:415: UserWarning: [33mWARN: Casting input x to numpy array.[0m
  gym.logger.warn("Casting input x to numpy array.")
CEM solve time: 1.6906 seconds
/workspace/r10/env_old/lib/python3.12/site-packages/gymnasium/utils/passive_env_checker.py:129: UserWarning: [33mWARN: The obs returned by the `step()` method was expecting a numpy array, actual type: <class 'torch.Tensor'>[0m
  logger.warn(
/workspace/r10/env_old/lib/python3.12/site-packages/gymnasium/spaces/box.py:415: UserWarning: [33mWARN: Casting input x to numpy array.[0m
  gym.logger.warn("Casting input x to numpy array.")
CEM solve time: 1.7287 seconds
/workspace/r10/env_old/lib/python3.12/site-packages/gymnasium/utils/passive_env_checker.py:129: UserWarning: [33mWARN: The obs returned by the `reset()` method was expecting a numpy array, actual type: <class 'torch.Tensor'>[0m
  logger.warn(
/workspace/r10/env_old/lib/python3.12/site-packages/gymnasium/spaces/box.py:415: UserWarning: [33mWARN: Casting input x to numpy array.[0m
  gym.logger.warn("Casting input x to numpy array.")
CEM solve time: 1.6779 seconds
/workspace/r10/env_old/lib/python3.12/site-packages/gymnasium/utils/passive_env_checker.py:129: UserWarning: [33mWARN: The obs returned by the `step()` method was expecting a numpy array, actual type: <class 'torch.Tensor'>[0m
  logger.warn(
/workspace/r10/env_old/lib/python3.12/site-packages/gymnasium/spaces/box.py:415: UserWarning: [33mWARN: Casting input x to numpy array.[0m
  gym.logger.warn("Casting input x to numpy array.")
CEM solve time: 1.7248 seconds
{"completed": 65, "missing": 0, "case": "R8_tworoom_073c59bd6200ef6e33ce3e74", "arm": "REFIT_103201", "stream": "R4_ALT_CEM_1", "mode": "H_REAL3_REPLAN"}
/workspace/r10/env_old/lib/python3.12/site-packages/gymnasium/utils/passive_env_checker.py:129: UserWarning: [33mWARN: The obs returned by the `reset()` method was expecting a numpy array, actual type: <class 'torch.Tensor'>[0m
  logger.warn(
/workspace/r10/env_old/lib/python3.12/site-packages/gymnasium/spaces/box.py:415: UserWarning: [33mWARN: Casting input x to numpy array.[0m
  gym.logger.warn("Casting input x to numpy array.")
CEM solve time: 1.6758 seconds
/workspace/r10/env_old/lib/python3.12/site-packages/gymnasium/utils/passive_env_checker.py:129: UserWarning: [33mWARN: The obs returned by the `step()` method was expecting a numpy array, actual type: <class 'torch.Tensor'>[0m
  logger.warn(
/workspace/r10/env_old/lib/python3.12/site-packages/gymnasium/spaces/box.py:415: UserWarning: [33mWARN: Casting input x to numpy array.[0m
  gym.logger.warn("Casting input x to numpy array.")
CEM solve time: 1.6792 seconds
/workspace/r10/env_old/lib/python3.12/site-packages/gymnasium/utils/passive_env_checker.py:129: UserWarning: [33mWARN: The obs returned by the `reset()` method was expecting a numpy array, actual type: <class 'torch.Tensor'>[0m
  logger.warn(
/workspace/r10/env_old/lib/python3.12/site-packages/gymnasium/spaces/box.py:415: UserWarning: [33mWARN: Casting input x to numpy array.[0m
  gym.logger.warn("Casting input x to numpy array.")
CEM solve time: 1.6747 seconds
/workspace/r10/env_old/lib/python3.12/site-packages/gymnasium/utils/passive_env_checker.py:129: UserWarning: [33mWARN: The obs returned by the `step()` method was expecting a numpy array, actual type: <class 'torch.Tensor'>[0m
  logger.warn(
/workspace/r10/env_old/lib/python3.12/site-packages/gymnasium/spaces/box.py:415: UserWarning: [33mWARN: Casting input x to numpy array.[0m
  gym.logger.warn("Casting input x to numpy array.")
CEM solve time: 1.6935 seconds
{"completed": 66, "missing": 0, "case": "R8_tworoom_073c59bd6200ef6e33ce3e74", "arm": "REFIT_103201", "stream": "R4_ALT_CEM_2", "mode": "H_REAL3_REPLAN"}
/workspace/r10/env_old/lib/python3.12/site-packages/gymnasium/utils/passive_env_checker.py:129: UserWarning: [33mWARN: The obs returned by the `reset()` method was expecting a numpy array, actual type: <class 'torch.Tensor'>[0m
  logger.warn(
/workspace/r10/env_old/lib/python3.12/site-packages/gymnasium/spaces/box.py:415: UserWarning: [33mWARN: Casting input x to numpy array.[0m
  gym.logger.warn("Casting input x to numpy array.")
CEM solve time: 1.6751 seconds
/workspace/r10/env_old/lib/python3.12/site-packages/gymnasium/utils/passive_env_checker.py:129: UserWarning: [33mWARN: The obs returned by the `step()` method was expecting a numpy array, actual type: <class 'torch.Tensor'>[0m
  logger.warn(
/workspace/r10/env_old/lib/python3.12/site-packages/gymnasium/spaces/box.py:415: UserWarning: [33mWARN: Casting input x to numpy array.[0m
  gym.logger.warn("Casting input x to numpy array.")
CEM solve time: 1.6817 seconds
/workspace/r10/env_old/lib/python3.12/site-packages/gymnasium/utils/passive_env_checker.py:129: UserWarning: [33mWARN: The obs returned by the `reset()` method was expecting a numpy array, actual type: <class 'torch.Tensor'>[0m
  logger.warn(
/workspace/r10/env_old/lib/python3.12/site-packages/gymnasium/spaces/box.py:415: UserWarning: [33mWARN: Casting input x to numpy array.[0m
  gym.logger.warn("Casting input x to numpy array.")
CEM solve time: 1.6743 seconds
/workspace/r10/env_old/lib/python3.12/site-packages/gymnasium/utils/passive_env_checker.py:129: UserWarning: [33mWARN: The obs returned by the `step()` method was expecting a numpy array, actual type: <class 'torch.Tensor'>[0m
  logger.warn(
/workspace/r10/env_old/lib/python3.12/site-packages/gymnasium/spaces/box.py:415: UserWarning: [33mWARN: Casting input x to numpy array.[0m
  gym.logger.warn("Casting input x to numpy array.")
CEM solve time: 1.6973 seconds
{"completed": 67, "missing": 0, "case": "R8_tworoom_07c9d6108d179b32ff54d64c", "arm": "REFIT_103201", "stream": "R3_ORIGINAL", "mode": "H_REAL3_REPLAN"}
/workspace/r10/env_old/lib/python3.12/site-packages/gymnasium/utils/passive_env_checker.py:129: UserWarning: [33mWARN: The obs returned by the `reset()` method was expecting a numpy array, actual type: <class 'torch.Tensor'>[0m
  logger.warn(
/workspace/r10/env_old/lib/python3.12/site-packages/gymnasium/spaces/box.py:415: UserWarning: [33mWARN: Casting input x to numpy array.[0m
  gym.logger.warn("Casting input x to numpy array.")
CEM solve time: 1.6783 seconds
/workspace/r10/env_old/lib/python3.12/site-packages/gymnasium/utils/passive_env_checker.py:129: UserWarning: [33mWARN: The obs returned by the `step()` method was expecting a numpy array, actual type: <class 'torch.Tensor'>[0m
  logger.warn(
/workspace/r10/env_old/lib/python3.12/site-packages/gymnasium/spaces/box.py:415: UserWarning: [33mWARN: Casting input x to numpy array.[0m
  gym.logger.warn("Casting input x to numpy array.")
/workspace/r10/env_old/lib/python3.12/site-packages/gymnasium/utils/passive_env_checker.py:129: UserWarning: [33mWARN: The obs returned by the `reset()` method was expecting a numpy array, actual type: <class 'torch.Tensor'>[0m
  logger.warn(
/workspace/r10/env_old/lib/python3.12/site-packages/gymnasium/spaces/box.py:415: UserWarning: [33mWARN: Casting input x to numpy array.[0m
  gym.logger.warn("Casting input x to numpy array.")
CEM solve time: 1.6788 seconds
/workspace/r10/env_old/lib/python3.12/site-packages/gymnasium/utils/passive_env_checker.py:129: UserWarning: [33mWARN: The obs returned by the `step()` method was expecting a numpy array, actual type: <class 'torch.Tensor'>[0m
  logger.warn(
/workspace/r10/env_old/lib/python3.12/site-packages/gymnasium/spaces/box.py:415: UserWarning: [33mWARN: Casting input x to numpy array.[0m
  gym.logger.warn("Casting input x to numpy array.")
{"completed": 68, "missing": 0, "case": "R8_tworoom_07c9d6108d179b32ff54d64c", "arm": "REFIT_103201", "stream": "R4_ALT_CEM_1", "mode": "H_REAL3_REPLAN"}
/workspace/r10/env_old/lib/python3.12/site-packages/gymnasium/utils/passive_env_checker.py:129: UserWarning: [33mWARN: The obs returned by the `reset()` method was expecting a numpy array, actual type: <class 'torch.Tensor'>[0m
  logger.warn(
/workspace/r10/env_old/lib/python3.12/site-packages/gymnasium/spaces/box.py:415: UserWarning: [33mWARN: Casting input x to numpy array.[0m
  gym.logger.warn("Casting input x to numpy array.")
CEM solve time: 1.6841 seconds
/workspace/r10/env_old/lib/python3.12/site-packages/gymnasium/utils/passive_env_checker.py:129: UserWarning: [33mWARN: The obs returned by the `step()` method was expecting a numpy array, actual type: <class 'torch.Tensor'>[0m
  logger.warn(
/workspace/r10/env_old/lib/python3.12/site-packages/gymnasium/spaces/box.py:415: UserWarning: [33mWARN: Casting input x to numpy array.[0m
  gym.logger.warn("Casting input x to numpy array.")
/workspace/r10/env_old/lib/python3.12/site-packages/gymnasium/utils/passive_env_checker.py:129: UserWarning: [33mWARN: The obs returned by the `reset()` method was expecting a numpy array, actual type: <class 'torch.Tensor'>[0m
  logger.warn(
/workspace/r10/env_old/lib/python3.12/site-packages/gymnasium/spaces/box.py:415: UserWarning: [33mWARN: Casting input x to numpy array.[0m
  gym.logger.warn("Casting input x to numpy array.")
CEM solve time: 1.6862 seconds
/workspace/r10/env_old/lib/python3.12/site-packages/gymnasium/utils/passive_env_checker.py:129: UserWarning: [33mWARN: The obs returned by the `step()` method was expecting a numpy array, actual type: <class 'torch.Tensor'>[0m
  logger.warn(
/workspace/r10/env_old/lib/python3.12/site-packages/gymnasium/spaces/box.py:415: UserWarning: [33mWARN: Casting input x to numpy array.[0m
  gym.logger.warn("Casting input x to numpy array.")
{"completed": 69, "missing": 0, "case": "R8_tworoom_07c9d6108d179b32ff54d64c", "arm": "REFIT_103201", "stream": "R4_ALT_CEM_2", "mode": "H_REAL3_REPLAN"}
/workspace/r10/env_old/lib/python3.12/site-packages/gymnasium/utils/passive_env_checker.py:129: UserWarning: [33mWARN: The obs returned by the `reset()` method was expecting a numpy array, actual type: <class 'torch.Tensor'>[0m
  logger.warn(
/workspace/r10/env_old/lib/python3.12/site-packages/gymnasium/spaces/box.py:415: UserWarning: [33mWARN: Casting input x to numpy array.[0m
  gym.logger.warn("Casting input x to numpy array.")
CEM solve time: 1.6730 seconds
/workspace/r10/env_old/lib/python3.12/site-packages/gymnasium/utils/passive_env_checker.py:129: UserWarning: [33mWARN: The obs returned by the `step()` method was expecting a numpy array, actual type: <class 'torch.Tensor'>[0m
  logger.warn(
/workspace/r10/env_old/lib/python3.12/site-packages/gymnasium/spaces/box.py:415: UserWarning: [33mWARN: Casting input x to numpy array.[0m
  gym.logger.warn("Casting input x to numpy array.")
/workspace/r10/env_old/lib/python3.12/site-packages/gymnasium/utils/passive_env_checker.py:129: UserWarning: [33mWARN: The obs returned by the `reset()` method was expecting a numpy array, actual type: <class 'torch.Tensor'>[0m
  logger.warn(
/workspace/r10/env_old/lib/python3.12/site-packages/gymnasium/spaces/box.py:415: UserWarning: [33mWARN: Casting input x to numpy array.[0m
  gym.logger.warn("Casting input x to numpy array.")
CEM solve time: 1.6932 seconds
/workspace/r10/env_old/lib/python3.12/site-packages/gymnasium/utils/passive_env_checker.py:129: UserWarning: [33mWARN: The obs returned by the `step()` method was expecting a numpy array, actual type: <class 'torch.Tensor'>[0m
  logger.warn(
/workspace/r10/env_old/lib/python3.12/site-packages/gymnasium/spaces/box.py:415: UserWarning: [33mWARN: Casting input x to numpy array.[0m
  gym.logger.warn("Casting input x to numpy array.")
{"completed": 70, "missing": 0, "case": "R8_tworoom_084c4ee8b76ad244548c7ccc", "arm": "REFIT_103201", "stream": "R3_ORIGINAL", "mode": "H_REAL3_REPLAN"}
/workspace/r10/env_old/lib/python3.12/site-packages/gymnasium/utils/passive_env_checker.py:129: UserWarning: [33mWARN: The obs returned by the `reset()` method was expecting a numpy array, actual type: <class 'torch.Tensor'>[0m
  logger.warn(
/workspace/r10/env_old/lib/python3.12/site-packages/gymnasium/spaces/box.py:415: UserWarning: [33mWARN: Casting input x to numpy array.[0m
  gym.logger.warn("Casting input x to numpy array.")
CEM solve time: 1.6939 seconds
/workspace/r10/env_old/lib/python3.12/site-packages/gymnasium/utils/passive_env_checker.py:129: UserWarning: [33mWARN: The obs returned by the `step()` method was expecting a numpy array, actual type: <class 'torch.Tensor'>[0m
  logger.warn(
/workspace/r10/env_old/lib/python3.12/site-packages/gymnasium/spaces/box.py:415: UserWarning: [33mWARN: Casting input x to numpy array.[0m
  gym.logger.warn("Casting input x to numpy array.")
/workspace/r10/env_old/lib/python3.12/site-packages/gymnasium/utils/passive_env_checker.py:129: UserWarning: [33mWARN: The obs returned by the `reset()` method was expecting a numpy array, actual type: <class 'torch.Tensor'>[0m
  logger.warn(
/workspace/r10/env_old/lib/python3.12/site-packages/gymnasium/spaces/box.py:415: UserWarning: [33mWARN: Casting input x to numpy array.[0m
  gym.logger.warn("Casting input x to numpy array.")
CEM solve time: 1.6843 seconds
/workspace/r10/env_old/lib/python3.12/site-packages/gymnasium/utils/passive_env_checker.py:129: UserWarning: [33mWARN: The obs returned by the `step()` method was expecting a numpy array, actual type: <class 'torch.Tensor'>[0m
  logger.warn(
/workspace/r10/env_old/lib/python3.12/site-packages/gymnasium/spaces/box.py:415: UserWarning: [33mWARN: Casting input x to numpy array.[0m
  gym.logger.warn("Casting input x to numpy array.")
{"completed": 71, "missing": 0, "case": "R8_tworoom_084c4ee8b76ad244548c7ccc", "arm": "REFIT_103201", "stream": "R4_ALT_CEM_1", "mode": "H_REAL3_REPLAN"}
/workspace/r10/env_old/lib/python3.12/site-packages/gymnasium/utils/passive_env_checker.py:129: UserWarning: [33mWARN: The obs returned by the `reset()` method was expecting a numpy array, actual type: <class 'torch.Tensor'>[0m
  logger.warn(
/workspace/r10/env_old/lib/python3.12/site-packages/gymnasium/spaces/box.py:415: UserWarning: [33mWARN: Casting input x to numpy array.[0m
  gym.logger.warn("Casting input x to numpy array.")
CEM solve time: 1.6768 seconds
/workspace/r10/env_old/lib/python3.12/site-packages/gymnasium/utils/passive_env_checker.py:129: UserWarning: [33mWARN: The obs returned by the `step()` method was expecting a numpy array, actual type: <class 'torch.Tensor'>[0m
  logger.warn(
/workspace/r10/env_old/lib/python3.12/site-packages/gymnasium/spaces/box.py:415: UserWarning: [33mWARN: Casting input x to numpy array.[0m
  gym.logger.warn("Casting input x to numpy array.")
/workspace/r10/env_old/lib/python3.12/site-packages/gymnasium/utils/passive_env_checker.py:129: UserWarning: [33mWARN: The obs returned by the `reset()` method was expecting a numpy array, actual type: <class 'torch.Tensor'>[0m
  logger.warn(
/workspace/r10/env_old/lib/python3.12/site-packages/gymnasium/spaces/box.py:415: UserWarning: [33mWARN: Casting input x to numpy array.[0m
  gym.logger.warn("Casting input x to numpy array.")
CEM solve time: 1.6756 seconds
/workspace/r10/env_old/lib/python3.12/site-packages/gymnasium/utils/passive_env_checker.py:129: UserWarning: [33mWARN: The obs returned by the `step()` method was expecting a numpy array, actual type: <class 'torch.Tensor'>[0m
  logger.warn(
/workspace/r10/env_old/lib/python3.12/site-packages/gymnasium/spaces/box.py:415: UserWarning: [33mWARN: Casting input x to numpy array.[0m
  gym.logger.warn("Casting input x to numpy array.")
{"completed": 72, "missing": 0, "case": "R8_tworoom_084c4ee8b76ad244548c7ccc", "arm": "REFIT_103201", "stream": "R4_ALT_CEM_2", "mode": "H_REAL3_REPLAN"}
/workspace/r10/env_old/lib/python3.12/site-packages/gymnasium/utils/passive_env_checker.py:129: UserWarning: [33mWARN: The obs returned by the `reset()` method was expecting a numpy array, actual type: <class 'torch.Tensor'>[0m
  logger.warn(
/workspace/r10/env_old/lib/python3.12/site-packages/gymnasium/spaces/box.py:415: UserWarning: [33mWARN: Casting input x to numpy array.[0m
  gym.logger.warn("Casting input x to numpy array.")
CEM solve time: 1.6767 seconds
/workspace/r10/env_old/lib/python3.12/site-packages/gymnasium/utils/passive_env_checker.py:129: UserWarning: [33mWARN: The obs returned by the `step()` method was expecting a numpy array, actual type: <class 'torch.Tensor'>[0m
  logger.warn(
/workspace/r10/env_old/lib/python3.12/site-packages/gymnasium/spaces/box.py:415: UserWarning: [33mWARN: Casting input x to numpy array.[0m
  gym.logger.warn("Casting input x to numpy array.")
CEM solve time: 1.6748 seconds
/workspace/r10/env_old/lib/python3.12/site-packages/gymnasium/utils/passive_env_checker.py:129: UserWarning: [33mWARN: The obs returned by the `reset()` method was expecting a numpy array, actual type: <class 'torch.Tensor'>[0m
  logger.warn(
/workspace/r10/env_old/lib/python3.12/site-packages/gymnasium/spaces/box.py:415: UserWarning: [33mWARN: Casting input x to numpy array.[0m
  gym.logger.warn("Casting input x to numpy array.")
CEM solve time: 1.6794 seconds
/workspace/r10/env_old/lib/python3.12/site-packages/gymnasium/utils/passive_env_checker.py:129: UserWarning: [33mWARN: The obs returned by the `step()` method was expecting a numpy array, actual type: <class 'torch.Tensor'>[0m
  logger.warn(
/workspace/r10/env_old/lib/python3.12/site-packages/gymnasium/spaces/box.py:415: UserWarning: [33mWARN: Casting input x to numpy array.[0m
  gym.logger.warn("Casting input x to numpy array.")
CEM solve time: 1.6897 seconds
{"completed": 73, "missing": 0, "case": "R8_tworoom_00e9a3b01023364006051823", "arm": "REFIT_103202", "stream": "R3_ORIGINAL", "mode": "H_REAL3_REPLAN"}
/workspace/r10/env_old/lib/python3.12/site-packages/gymnasium/utils/passive_env_checker.py:129: UserWarning: [33mWARN: The obs returned by the `reset()` method was expecting a numpy array, actual type: <class 'torch.Tensor'>[0m
  logger.warn(
/workspace/r10/env_old/lib/python3.12/site-packages/gymnasium/spaces/box.py:415: UserWarning: [33mWARN: Casting input x to numpy array.[0m
  gym.logger.warn("Casting input x to numpy array.")
CEM solve time: 1.6991 seconds
/workspace/r10/env_old/lib/python3.12/site-packages/gymnasium/utils/passive_env_checker.py:129: UserWarning: [33mWARN: The obs returned by the `step()` method was expecting a numpy array, actual type: <class 'torch.Tensor'>[0m
  logger.warn(
/workspace/r10/env_old/lib/python3.12/site-packages/gymnasium/spaces/box.py:415: UserWarning: [33mWARN: Casting input x to numpy array.[0m
  gym.logger.warn("Casting input x to numpy array.")
CEM solve time: 1.6886 seconds
/workspace/r10/env_old/lib/python3.12/site-packages/gymnasium/utils/passive_env_checker.py:129: UserWarning: [33mWARN: The obs returned by the `reset()` method was expecting a numpy array, actual type: <class 'torch.Tensor'>[0m
  logger.warn(
/workspace/r10/env_old/lib/python3.12/site-packages/gymnasium/spaces/box.py:415: UserWarning: [33mWARN: Casting input x to numpy array.[0m
  gym.logger.warn("Casting input x to numpy array.")
CEM solve time: 1.6765 seconds
/workspace/r10/env_old/lib/python3.12/site-packages/gymnasium/utils/passive_env_checker.py:129: UserWarning: [33mWARN: The obs returned by the `step()` method was expecting a numpy array, actual type: <class 'torch.Tensor'>[0m
  logger.warn(
/workspace/r10/env_old/lib/python3.12/site-packages/gymnasium/spaces/box.py:415: UserWarning: [33mWARN: Casting input x to numpy array.[0m
  gym.logger.warn("Casting input x to numpy array.")
CEM solve time: 1.6921 seconds
{"completed": 74, "missing": 0, "case": "R8_tworoom_00e9a3b01023364006051823", "arm": "REFIT_103202", "stream": "R4_ALT_CEM_1", "mode": "H_REAL3_REPLAN"}
/workspace/r10/env_old/lib/python3.12/site-packages/gymnasium/utils/passive_env_checker.py:129: UserWarning: [33mWARN: The obs returned by the `reset()` method was expecting a numpy array, actual type: <class 'torch.Tensor'>[0m
  logger.warn(
/workspace/r10/env_old/lib/python3.12/site-packages/gymnasium/spaces/box.py:415: UserWarning: [33mWARN: Casting input x to numpy array.[0m
  gym.logger.warn("Casting input x to numpy array.")
CEM solve time: 1.6707 seconds
/workspace/r10/env_old/lib/python3.12/site-packages/gymnasium/utils/passive_env_checker.py:129: UserWarning: [33mWARN: The obs returned by the `step()` method was expecting a numpy array, actual type: <class 'torch.Tensor'>[0m
  logger.warn(
/workspace/r10/env_old/lib/python3.12/site-packages/gymnasium/spaces/box.py:415: UserWarning: [33mWARN: Casting input x to numpy array.[0m
  gym.logger.warn("Casting input x to numpy array.")
CEM solve time: 1.6751 seconds
/workspace/r10/env_old/lib/python3.12/site-packages/gymnasium/utils/passive_env_checker.py:129: UserWarning: [33mWARN: The obs returned by the `reset()` method was expecting a numpy array, actual type: <class 'torch.Tensor'>[0m
  logger.warn(
/workspace/r10/env_old/lib/python3.12/site-packages/gymnasium/spaces/box.py:415: UserWarning: [33mWARN: Casting input x to numpy array.[0m
  gym.logger.warn("Casting input x to numpy array.")
CEM solve time: 1.6840 seconds
/workspace/r10/env_old/lib/python3.12/site-packages/gymnasium/utils/passive_env_checker.py:129: UserWarning: [33mWARN: The obs returned by the `step()` method was expecting a numpy array, actual type: <class 'torch.Tensor'>[0m
  logger.warn(
/workspace/r10/env_old/lib/python3.12/site-packages/gymnasium/spaces/box.py:415: UserWarning: [33mWARN: Casting input x to numpy array.[0m
  gym.logger.warn("Casting input x to numpy array.")
CEM solve time: 1.7642 seconds
{"completed": 75, "missing": 0, "case": "R8_tworoom_00e9a3b01023364006051823", "arm": "REFIT_103202", "stream": "R4_ALT_CEM_2", "mode": "H_REAL3_REPLAN"}
/workspace/r10/env_old/lib/python3.12/site-packages/gymnasium/utils/passive_env_checker.py:129: UserWarning: [33mWARN: The obs returned by the `reset()` method was expecting a numpy array, actual type: <class 'torch.Tensor'>[0m
  logger.warn(
/workspace/r10/env_old/lib/python3.12/site-packages/gymnasium/spaces/box.py:415: UserWarning: [33mWARN: Casting input x to numpy array.[0m
  gym.logger.warn("Casting input x to numpy array.")
CEM solve time: 1.6781 seconds
/workspace/r10/env_old/lib/python3.12/site-packages/gymnasium/utils/passive_env_checker.py:129: UserWarning: [33mWARN: The obs returned by the `step()` method was expecting a numpy array, actual type: <class 'torch.Tensor'>[0m
  logger.warn(
/workspace/r10/env_old/lib/python3.12/site-packages/gymnasium/spaces/box.py:415: UserWarning: [33mWARN: Casting input x to numpy array.[0m
  gym.logger.warn("Casting input x to numpy array.")
/workspace/r10/env_old/lib/python3.12/site-packages/gymnasium/utils/passive_env_checker.py:129: UserWarning: [33mWARN: The obs returned by the `reset()` method was expecting a numpy array, actual type: <class 'torch.Tensor'>[0m
  logger.warn(
/workspace/r10/env_old/lib/python3.12/site-packages/gymnasium/spaces/box.py:415: UserWarning: [33mWARN: Casting input x to numpy array.[0m
  gym.logger.warn("Casting input x to numpy array.")
CEM solve time: 1.6752 seconds
/workspace/r10/env_old/lib/python3.12/site-packages/gymnasium/utils/passive_env_checker.py:129: UserWarning: [33mWARN: The obs returned by the `step()` method was expecting a numpy array, actual type: <class 'torch.Tensor'>[0m
  logger.warn(
/workspace/r10/env_old/lib/python3.12/site-packages/gymnasium/spaces/box.py:415: UserWarning: [33mWARN: Casting input x to numpy array.[0m
  gym.logger.warn("Casting input x to numpy array.")
{"completed": 76, "missing": 0, "case": "R8_tworoom_01c67df22131e1d43aea07a4", "arm": "REFIT_103202", "stream": "R3_ORIGINAL", "mode": "H_REAL3_REPLAN"}
/workspace/r10/env_old/lib/python3.12/site-packages/gymnasium/utils/passive_env_checker.py:129: UserWarning: [33mWARN: The obs returned by the `reset()` method was expecting a numpy array, actual type: <class 'torch.Tensor'>[0m
  logger.warn(
/workspace/r10/env_old/lib/python3.12/site-packages/gymnasium/spaces/box.py:415: UserWarning: [33mWARN: Casting input x to numpy array.[0m
  gym.logger.warn("Casting input x to numpy array.")
CEM solve time: 1.6768 seconds
/workspace/r10/env_old/lib/python3.12/site-packages/gymnasium/utils/passive_env_checker.py:129: UserWarning: [33mWARN: The obs returned by the `step()` method was expecting a numpy array, actual type: <class 'torch.Tensor'>[0m
  logger.warn(
/workspace/r10/env_old/lib/python3.12/site-packages/gymnasium/spaces/box.py:415: UserWarning: [33mWARN: Casting input x to numpy array.[0m
  gym.logger.warn("Casting input x to numpy array.")
/workspace/r10/env_old/lib/python3.12/site-packages/gymnasium/utils/passive_env_checker.py:129: UserWarning: [33mWARN: The obs returned by the `reset()` method was expecting a numpy array, actual type: <class 'torch.Tensor'>[0m
  logger.warn(
/workspace/r10/env_old/lib/python3.12/site-packages/gymnasium/spaces/box.py:415: UserWarning: [33mWARN: Casting input x to numpy array.[0m
  gym.logger.warn("Casting input x to numpy array.")
CEM solve time: 1.6723 seconds
/workspace/r10/env_old/lib/python3.12/site-packages/gymnasium/utils/passive_env_checker.py:129: UserWarning: [33mWARN: The obs returned by the `step()` method was expecting a numpy array, actual type: <class 'torch.Tensor'>[0m
  logger.warn(
/workspace/r10/env_old/lib/python3.12/site-packages/gymnasium/spaces/box.py:415: UserWarning: [33mWARN: Casting input x to numpy array.[0m
  gym.logger.warn("Casting input x to numpy array.")
{"completed": 77, "missing": 0, "case": "R8_tworoom_01c67df22131e1d43aea07a4", "arm": "REFIT_103202", "stream": "R4_ALT_CEM_1", "mode": "H_REAL3_REPLAN"}
/workspace/r10/env_old/lib/python3.12/site-packages/gymnasium/utils/passive_env_checker.py:129: UserWarning: [33mWARN: The obs returned by the `reset()` method was expecting a numpy array, actual type: <class 'torch.Tensor'>[0m
  logger.warn(
/workspace/r10/env_old/lib/python3.12/site-packages/gymnasium/spaces/box.py:415: UserWarning: [33mWARN: Casting input x to numpy array.[0m
  gym.logger.warn("Casting input x to numpy array.")
CEM solve time: 1.6764 seconds
/workspace/r10/env_old/lib/python3.12/site-packages/gymnasium/utils/passive_env_checker.py:129: UserWarning: [33mWARN: The obs returned by the `step()` method was expecting a numpy array, actual type: <class 'torch.Tensor'>[0m
  logger.warn(
/workspace/r10/env_old/lib/python3.12/site-packages/gymnasium/spaces/box.py:415: UserWarning: [33mWARN: Casting input x to numpy array.[0m
  gym.logger.warn("Casting input x to numpy array.")
/workspace/r10/env_old/lib/python3.12/site-packages/gymnasium/utils/passive_env_checker.py:129: UserWarning: [33mWARN: The obs returned by the `reset()` method was expecting a numpy array, actual type: <class 'torch.Tensor'>[0m
  logger.warn(
/workspace/r10/env_old/lib/python3.12/site-packages/gymnasium/spaces/box.py:415: UserWarning: [33mWARN: Casting input x to numpy array.[0m
  gym.logger.warn("Casting input x to numpy array.")
CEM solve time: 1.6781 seconds
/workspace/r10/env_old/lib/python3.12/site-packages/gymnasium/utils/passive_env_checker.py:129: UserWarning: [33mWARN: The obs returned by the `step()` method was expecting a numpy array, actual type: <class 'torch.Tensor'>[0m
  logger.warn(
/workspace/r10/env_old/lib/python3.12/site-packages/gymnasium/spaces/box.py:415: UserWarning: [33mWARN: Casting input x to numpy array.[0m
  gym.logger.warn("Casting input x to numpy array.")
{"completed": 78, "missing": 0, "case": "R8_tworoom_01c67df22131e1d43aea07a4", "arm": "REFIT_103202", "stream": "R4_ALT_CEM_2", "mode": "H_REAL3_REPLAN"}
/workspace/r10/env_old/lib/python3.12/site-packages/gymnasium/utils/passive_env_checker.py:129: UserWarning: [33mWARN: The obs returned by the `reset()` method was expecting a numpy array, actual type: <class 'torch.Tensor'>[0m
  logger.warn(
/workspace/r10/env_old/lib/python3.12/site-packages/gymnasium/spaces/box.py:415: UserWarning: [33mWARN: Casting input x to numpy array.[0m
  gym.logger.warn("Casting input x to numpy array.")
CEM solve time: 1.6808 seconds
/workspace/r10/env_old/lib/python3.12/site-packages/gymnasium/utils/passive_env_checker.py:129: UserWarning: [33mWARN: The obs returned by the `step()` method was expecting a numpy array, actual type: <class 'torch.Tensor'>[0m
  logger.warn(
/workspace/r10/env_old/lib/python3.12/site-packages/gymnasium/spaces/box.py:415: UserWarning: [33mWARN: Casting input x to numpy array.[0m
  gym.logger.warn("Casting input x to numpy array.")
/workspace/r10/env_old/lib/python3.12/site-packages/gymnasium/utils/passive_env_checker.py:129: UserWarning: [33mWARN: The obs returned by the `reset()` method was expecting a numpy array, actual type: <class 'torch.Tensor'>[0m
  logger.warn(
/workspace/r10/env_old/lib/python3.12/site-packages/gymnasium/spaces/box.py:415: UserWarning: [33mWARN: Casting input x to numpy array.[0m
  gym.logger.warn("Casting input x to numpy array.")
CEM solve time: 1.6709 seconds
/workspace/r10/env_old/lib/python3.12/site-packages/gymnasium/utils/passive_env_checker.py:129: UserWarning: [33mWARN: The obs returned by the `step()` method was expecting a numpy array, actual type: <class 'torch.Tensor'>[0m
  logger.warn(
/workspace/r10/env_old/lib/python3.12/site-packages/gymnasium/spaces/box.py:415: UserWarning: [33mWARN: Casting input x to numpy array.[0m
  gym.logger.warn("Casting input x to numpy array.")
{"completed": 79, "missing": 0, "case": "R8_tworoom_025f489cacfa2a35b021beae", "arm": "REFIT_103202", "stream": "R3_ORIGINAL", "mode": "H_REAL3_REPLAN"}
/workspace/r10/env_old/lib/python3.12/site-packages/gymnasium/utils/passive_env_checker.py:129: UserWarning: [33mWARN: The obs returned by the `reset()` method was expecting a numpy array, actual type: <class 'torch.Tensor'>[0m
  logger.warn(
/workspace/r10/env_old/lib/python3.12/site-packages/gymnasium/spaces/box.py:415: UserWarning: [33mWARN: Casting input x to numpy array.[0m
  gym.logger.warn("Casting input x to numpy array.")
CEM solve time: 1.6814 seconds
/workspace/r10/env_old/lib/python3.12/site-packages/gymnasium/utils/passive_env_checker.py:129: UserWarning: [33mWARN: The obs returned by the `step()` method was expecting a numpy array, actual type: <class 'torch.Tensor'>[0m
  logger.warn(
/workspace/r10/env_old/lib/python3.12/site-packages/gymnasium/spaces/box.py:415: UserWarning: [33mWARN: Casting input x to numpy array.[0m
  gym.logger.warn("Casting input x to numpy array.")
/workspace/r10/env_old/lib/python3.12/site-packages/gymnasium/utils/passive_env_checker.py:129: UserWarning: [33mWARN: The obs returned by the `reset()` method was expecting a numpy array, actual type: <class 'torch.Tensor'>[0m
  logger.warn(
/workspace/r10/env_old/lib/python3.12/site-packages/gymnasium/spaces/box.py:415: UserWarning: [33mWARN: Casting input x to numpy array.[0m
  gym.logger.warn("Casting input x to numpy array.")
CEM solve time: 1.6787 seconds
/workspace/r10/env_old/lib/python3.12/site-packages/gymnasium/utils/passive_env_checker.py:129: UserWarning: [33mWARN: The obs returned by the `step()` method was expecting a numpy array, actual type: <class 'torch.Tensor'>[0m
  logger.warn(
/workspace/r10/env_old/lib/python3.12/site-packages/gymnasium/spaces/box.py:415: UserWarning: [33mWARN: Casting input x to numpy array.[0m
  gym.logger.warn("Casting input x to numpy array.")
{"completed": 80, "missing": 0, "case": "R8_tworoom_025f489cacfa2a35b021beae", "arm": "REFIT_103202", "stream": "R4_ALT_CEM_1", "mode": "H_REAL3_REPLAN"}
/workspace/r10/env_old/lib/python3.12/site-packages/gymnasium/utils/passive_env_checker.py:129: UserWarning: [33mWARN: The obs returned by the `reset()` method was expecting a numpy array, actual type: <class 'torch.Tensor'>[0m
  logger.warn(
/workspace/r10/env_old/lib/python3.12/site-packages/gymnasium/spaces/box.py:415: UserWarning: [33mWARN: Casting input x to numpy array.[0m
  gym.logger.warn("Casting input x to numpy array.")
CEM solve time: 1.6743 seconds
/workspace/r10/env_old/lib/python3.12/site-packages/gymnasium/utils/passive_env_checker.py:129: UserWarning: [33mWARN: The obs returned by the `step()` method was expecting a numpy array, actual type: <class 'torch.Tensor'>[0m
  logger.warn(
/workspace/r10/env_old/lib/python3.12/site-packages/gymnasium/spaces/box.py:415: UserWarning: [33mWARN: Casting input x to numpy array.[0m
  gym.logger.warn("Casting input x to numpy array.")
/workspace/r10/env_old/lib/python3.12/site-packages/gymnasium/utils/passive_env_checker.py:129: UserWarning: [33mWARN: The obs returned by the `reset()` method was expecting a numpy array, actual type: <class 'torch.Tensor'>[0m
  logger.warn(
/workspace/r10/env_old/lib/python3.12/site-packages/gymnasium/spaces/box.py:415: UserWarning: [33mWARN: Casting input x to numpy array.[0m
  gym.logger.warn("Casting input x to numpy array.")
CEM solve time: 1.6809 seconds
/workspace/r10/env_old/lib/python3.12/site-packages/gymnasium/utils/passive_env_checker.py:129: UserWarning: [33mWARN: The obs returned by the `step()` method was expecting a numpy array, actual type: <class 'torch.Tensor'>[0m
  logger.warn(
/workspace/r10/env_old/lib/python3.12/site-packages/gymnasium/spaces/box.py:415: UserWarning: [33mWARN: Casting input x to numpy array.[0m
  gym.logger.warn("Casting input x to numpy array.")
{"completed": 81, "missing": 0, "case": "R8_tworoom_025f489cacfa2a35b021beae", "arm": "REFIT_103202", "stream": "R4_ALT_CEM_2", "mode": "H_REAL3_REPLAN"}
/workspace/r10/env_old/lib/python3.12/site-packages/gymnasium/utils/passive_env_checker.py:129: UserWarning: [33mWARN: The obs returned by the `reset()` method was expecting a numpy array, actual type: <class 'torch.Tensor'>[0m
  logger.warn(
/workspace/r10/env_old/lib/python3.12/site-packages/gymnasium/spaces/box.py:415: UserWarning: [33mWARN: Casting input x to numpy array.[0m
  gym.logger.warn("Casting input x to numpy array.")
CEM solve time: 1.6861 seconds
/workspace/r10/env_old/lib/python3.12/site-packages/gymnasium/utils/passive_env_checker.py:129: UserWarning: [33mWARN: The obs returned by the `step()` method was expecting a numpy array, actual type: <class 'torch.Tensor'>[0m
  logger.warn(
/workspace/r10/env_old/lib/python3.12/site-packages/gymnasium/spaces/box.py:415: UserWarning: [33mWARN: Casting input x to numpy array.[0m
  gym.logger.warn("Casting input x to numpy array.")
/workspace/r10/env_old/lib/python3.12/site-packages/gymnasium/utils/passive_env_checker.py:129: UserWarning: [33mWARN: The obs returned by the `reset()` method was expecting a numpy array, actual type: <class 'torch.Tensor'>[0m
  logger.warn(
/workspace/r10/env_old/lib/python3.12/site-packages/gymnasium/spaces/box.py:415: UserWarning: [33mWARN: Casting input x to numpy array.[0m
  gym.logger.warn("Casting input x to numpy array.")
CEM solve time: 1.6782 seconds
/workspace/r10/env_old/lib/python3.12/site-packages/gymnasium/utils/passive_env_checker.py:129: UserWarning: [33mWARN: The obs returned by the `step()` method was expecting a numpy array, actual type: <class 'torch.Tensor'>[0m
  logger.warn(
/workspace/r10/env_old/lib/python3.12/site-packages/gymnasium/spaces/box.py:415: UserWarning: [33mWARN: Casting input x to numpy array.[0m
  gym.logger.warn("Casting input x to numpy array.")
{"completed": 82, "missing": 0, "case": "R8_tworoom_02ded7194e65433a137a4758", "arm": "REFIT_103202", "stream": "R3_ORIGINAL", "mode": "H_REAL3_REPLAN"}
/workspace/r10/env_old/lib/python3.12/site-packages/gymnasium/utils/passive_env_checker.py:129: UserWarning: [33mWARN: The obs returned by the `reset()` method was expecting a numpy array, actual type: <class 'torch.Tensor'>[0m
  logger.warn(
/workspace/r10/env_old/lib/python3.12/site-packages/gymnasium/spaces/box.py:415: UserWarning: [33mWARN: Casting input x to numpy array.[0m
  gym.logger.warn("Casting input x to numpy array.")
CEM solve time: 1.6799 seconds
/workspace/r10/env_old/lib/python3.12/site-packages/gymnasium/utils/passive_env_checker.py:129: UserWarning: [33mWARN: The obs returned by the `step()` method was expecting a numpy array, actual type: <class 'torch.Tensor'>[0m
  logger.warn(
/workspace/r10/env_old/lib/python3.12/site-packages/gymnasium/spaces/box.py:415: UserWarning: [33mWARN: Casting input x to numpy array.[0m
  gym.logger.warn("Casting input x to numpy array.")
/workspace/r10/env_old/lib/python3.12/site-packages/gymnasium/utils/passive_env_checker.py:129: UserWarning: [33mWARN: The obs returned by the `reset()` method was expecting a numpy array, actual type: <class 'torch.Tensor'>[0m
  logger.warn(
/workspace/r10/env_old/lib/python3.12/site-packages/gymnasium/spaces/box.py:415: UserWarning: [33mWARN: Casting input x to numpy array.[0m
  gym.logger.warn("Casting input x to numpy array.")
CEM solve time: 1.7043 seconds
/workspace/r10/env_old/lib/python3.12/site-packages/gymnasium/utils/passive_env_checker.py:129: UserWarning: [33mWARN: The obs returned by the `step()` method was expecting a numpy array, actual type: <class 'torch.Tensor'>[0m
  logger.warn(
/workspace/r10/env_old/lib/python3.12/site-packages/gymnasium/spaces/box.py:415: UserWarning: [33mWARN: Casting input x to numpy array.[0m
  gym.logger.warn("Casting input x to numpy array.")
{"completed": 83, "missing": 0, "case": "R8_tworoom_02ded7194e65433a137a4758", "arm": "REFIT_103202", "stream": "R4_ALT_CEM_1", "mode": "H_REAL3_REPLAN"}
/workspace/r10/env_old/lib/python3.12/site-packages/gymnasium/utils/passive_env_checker.py:129: UserWarning: [33mWARN: The obs returned by the `reset()` method was expecting a numpy array, actual type: <class 'torch.Tensor'>[0m
  logger.warn(
/workspace/r10/env_old/lib/python3.12/site-packages/gymnasium/spaces/box.py:415: UserWarning: [33mWARN: Casting input x to numpy array.[0m
  gym.logger.warn("Casting input x to numpy array.")
CEM solve time: 1.7076 seconds
/workspace/r10/env_old/lib/python3.12/site-packages/gymnasium/utils/passive_env_checker.py:129: UserWarning: [33mWARN: The obs returned by the `step()` method was expecting a numpy array, actual type: <class 'torch.Tensor'>[0m
  logger.warn(
/workspace/r10/env_old/lib/python3.12/site-packages/gymnasium/spaces/box.py:415: UserWarning: [33mWARN: Casting input x to numpy array.[0m
  gym.logger.warn("Casting input x to numpy array.")
/workspace/r10/env_old/lib/python3.12/site-packages/gymnasium/utils/passive_env_checker.py:129: UserWarning: [33mWARN: The obs returned by the `reset()` method was expecting a numpy array, actual type: <class 'torch.Tensor'>[0m
  logger.warn(
/workspace/r10/env_old/lib/python3.12/site-packages/gymnasium/spaces/box.py:415: UserWarning: [33mWARN: Casting input x to numpy array.[0m
  gym.logger.warn("Casting input x to numpy array.")
CEM solve time: 1.6844 seconds
/workspace/r10/env_old/lib/python3.12/site-packages/gymnasium/utils/passive_env_checker.py:129: UserWarning: [33mWARN: The obs returned by the `step()` method was expecting a numpy array, actual type: <class 'torch.Tensor'>[0m
  logger.warn(
/workspace/r10/env_old/lib/python3.12/site-packages/gymnasium/spaces/box.py:415: UserWarning: [33mWARN: Casting input x to numpy array.[0m
  gym.logger.warn("Casting input x to numpy array.")
{"completed": 84, "missing": 0, "case": "R8_tworoom_02ded7194e65433a137a4758", "arm": "REFIT_103202", "stream": "R4_ALT_CEM_2", "mode": "H_REAL3_REPLAN"}
/workspace/r10/env_old/lib/python3.12/site-packages/gymnasium/utils/passive_env_checker.py:129: UserWarning: [33mWARN: The obs returned by the `reset()` method was expecting a numpy array, actual type: <class 'torch.Tensor'>[0m
  logger.warn(
/workspace/r10/env_old/lib/python3.12/site-packages/gymnasium/spaces/box.py:415: UserWarning: [33mWARN: Casting input x to numpy array.[0m
  gym.logger.warn("Casting input x to numpy array.")
CEM solve time: 1.6786 seconds
/workspace/r10/env_old/lib/python3.12/site-packages/gymnasium/utils/passive_env_checker.py:129: UserWarning: [33mWARN: The obs returned by the `step()` method was expecting a numpy array, actual type: <class 'torch.Tensor'>[0m
  logger.warn(
/workspace/r10/env_old/lib/python3.12/site-packages/gymnasium/spaces/box.py:415: UserWarning: [33mWARN: Casting input x to numpy array.[0m
  gym.logger.warn("Casting input x to numpy array.")
/workspace/r10/env_old/lib/python3.12/site-packages/gymnasium/utils/passive_env_checker.py:129: UserWarning: [33mWARN: The obs returned by the `reset()` method was expecting a numpy array, actual type: <class 'torch.Tensor'>[0m
  logger.warn(
/workspace/r10/env_old/lib/python3.12/site-packages/gymnasium/spaces/box.py:415: UserWarning: [33mWARN: Casting input x to numpy array.[0m
  gym.logger.warn("Casting input x to numpy array.")
CEM solve time: 1.6778 seconds
/workspace/r10/env_old/lib/python3.12/site-packages/gymnasium/utils/passive_env_checker.py:129: UserWarning: [33mWARN: The obs returned by the `step()` method was expecting a numpy array, actual type: <class 'torch.Tensor'>[0m
  logger.warn(
/workspace/r10/env_old/lib/python3.12/site-packages/gymnasium/spaces/box.py:415: UserWarning: [33mWARN: Casting input x to numpy array.[0m
  gym.logger.warn("Casting input x to numpy array.")
{"completed": 85, "missing": 0, "case": "R8_tworoom_037e59f4b23261042d6eeb46", "arm": "REFIT_103202", "stream": "R3_ORIGINAL", "mode": "H_REAL3_REPLAN"}
/workspace/r10/env_old/lib/python3.12/site-packages/gymnasium/utils/passive_env_checker.py:129: UserWarning: [33mWARN: The obs returned by the `reset()` method was expecting a numpy array, actual type: <class 'torch.Tensor'>[0m
  logger.warn(
/workspace/r10/env_old/lib/python3.12/site-packages/gymnasium/spaces/box.py:415: UserWarning: [33mWARN: Casting input x to numpy array.[0m
  gym.logger.warn("Casting input x to numpy array.")
CEM solve time: 1.6781 seconds
/workspace/r10/env_old/lib/python3.12/site-packages/gymnasium/utils/passive_env_checker.py:129: UserWarning: [33mWARN: The obs returned by the `step()` method was expecting a numpy array, actual type: <class 'torch.Tensor'>[0m
  logger.warn(
/workspace/r10/env_old/lib/python3.12/site-packages/gymnasium/spaces/box.py:415: UserWarning: [33mWARN: Casting input x to numpy array.[0m
  gym.logger.warn("Casting input x to numpy array.")
/workspace/r10/env_old/lib/python3.12/site-packages/gymnasium/utils/passive_env_checker.py:129: UserWarning: [33mWARN: The obs returned by the `reset()` method was expecting a numpy array, actual type: <class 'torch.Tensor'>[0m
  logger.warn(
/workspace/r10/env_old/lib/python3.12/site-packages/gymnasium/spaces/box.py:415: UserWarning: [33mWARN: Casting input x to numpy array.[0m
  gym.logger.warn("Casting input x to numpy array.")
CEM solve time: 1.6771 seconds
/workspace/r10/env_old/lib/python3.12/site-packages/gymnasium/utils/passive_env_checker.py:129: UserWarning: [33mWARN: The obs returned by the `step()` method was expecting a numpy array, actual type: <class 'torch.Tensor'>[0m
  logger.warn(
/workspace/r10/env_old/lib/python3.12/site-packages/gymnasium/spaces/box.py:415: UserWarning: [33mWARN: Casting input x to numpy array.[0m
  gym.logger.warn("Casting input x to numpy array.")
{"completed": 86, "missing": 0, "case": "R8_tworoom_037e59f4b23261042d6eeb46", "arm": "REFIT_103202", "stream": "R4_ALT_CEM_1", "mode": "H_REAL3_REPLAN"}
/workspace/r10/env_old/lib/python3.12/site-packages/gymnasium/utils/passive_env_checker.py:129: UserWarning: [33mWARN: The obs returned by the `reset()` method was expecting a numpy array, actual type: <class 'torch.Tensor'>[0m
  logger.warn(
/workspace/r10/env_old/lib/python3.12/site-packages/gymnasium/spaces/box.py:415: UserWarning: [33mWARN: Casting input x to numpy array.[0m
  gym.logger.warn("Casting input x to numpy array.")
CEM solve time: 1.6775 seconds
/workspace/r10/env_old/lib/python3.12/site-packages/gymnasium/utils/passive_env_checker.py:129: UserWarning: [33mWARN: The obs returned by the `step()` method was expecting a numpy array, actual type: <class 'torch.Tensor'>[0m
  logger.warn(
/workspace/r10/env_old/lib/python3.12/site-packages/gymnasium/spaces/box.py:415: UserWarning: [33mWARN: Casting input x to numpy array.[0m
  gym.logger.warn("Casting input x to numpy array.")
CEM solve time: 1.6764 seconds
/workspace/r10/env_old/lib/python3.12/site-packages/gymnasium/utils/passive_env_checker.py:129: UserWarning: [33mWARN: The obs returned by the `reset()` method was expecting a numpy array, actual type: <class 'torch.Tensor'>[0m
  logger.warn(
/workspace/r10/env_old/lib/python3.12/site-packages/gymnasium/spaces/box.py:415: UserWarning: [33mWARN: Casting input x to numpy array.[0m
  gym.logger.warn("Casting input x to numpy array.")
CEM solve time: 1.6745 seconds
/workspace/r10/env_old/lib/python3.12/site-packages/gymnasium/utils/passive_env_checker.py:129: UserWarning: [33mWARN: The obs returned by the `step()` method was expecting a numpy array, actual type: <class 'torch.Tensor'>[0m
  logger.warn(
/workspace/r10/env_old/lib/python3.12/site-packages/gymnasium/spaces/box.py:415: UserWarning: [33mWARN: Casting input x to numpy array.[0m
  gym.logger.warn("Casting input x to numpy array.")
CEM solve time: 1.6922 seconds
{"completed": 87, "missing": 0, "case": "R8_tworoom_037e59f4b23261042d6eeb46", "arm": "REFIT_103202", "stream": "R4_ALT_CEM_2", "mode": "H_REAL3_REPLAN"}
/workspace/r10/env_old/lib/python3.12/site-packages/gymnasium/utils/passive_env_checker.py:129: UserWarning: [33mWARN: The obs returned by the `reset()` method was expecting a numpy array, actual type: <class 'torch.Tensor'>[0m
  logger.warn(
/workspace/r10/env_old/lib/python3.12/site-packages/gymnasium/spaces/box.py:415: UserWarning: [33mWARN: Casting input x to numpy array.[0m
  gym.logger.warn("Casting input x to numpy array.")
CEM solve time: 1.6818 seconds
/workspace/r10/env_old/lib/python3.12/site-packages/gymnasium/utils/passive_env_checker.py:129: UserWarning: [33mWARN: The obs returned by the `step()` method was expecting a numpy array, actual type: <class 'torch.Tensor'>[0m
  logger.warn(
/workspace/r10/env_old/lib/python3.12/site-packages/gymnasium/spaces/box.py:415: UserWarning: [33mWARN: Casting input x to numpy array.[0m
  gym.logger.warn("Casting input x to numpy array.")
/workspace/r10/env_old/lib/python3.12/site-packages/gymnasium/utils/passive_env_checker.py:129: UserWarning: [33mWARN: The obs returned by the `reset()` method was expecting a numpy array, actual type: <class 'torch.Tensor'>[0m
  logger.warn(
/workspace/r10/env_old/lib/python3.12/site-packages/gymnasium/spaces/box.py:415: UserWarning: [33mWARN: Casting input x to numpy array.[0m
  gym.logger.warn("Casting input x to numpy array.")
CEM solve time: 1.7015 seconds
/workspace/r10/env_old/lib/python3.12/site-packages/gymnasium/utils/passive_env_checker.py:129: UserWarning: [33mWARN: The obs returned by the `step()` method was expecting a numpy array, actual type: <class 'torch.Tensor'>[0m
  logger.warn(
/workspace/r10/env_old/lib/python3.12/site-packages/gymnasium/spaces/box.py:415: UserWarning: [33mWARN: Casting input x to numpy array.[0m
  gym.logger.warn("Casting input x to numpy array.")
{"completed": 88, "missing": 0, "case": "R8_tworoom_042b6ebbb71de453c372ac1a", "arm": "REFIT_103202", "stream": "R3_ORIGINAL", "mode": "H_REAL3_REPLAN"}
/workspace/r10/env_old/lib/python3.12/site-packages/gymnasium/utils/passive_env_checker.py:129: UserWarning: [33mWARN: The obs returned by the `reset()` method was expecting a numpy array, actual type: <class 'torch.Tensor'>[0m
  logger.warn(
/workspace/r10/env_old/lib/python3.12/site-packages/gymnasium/spaces/box.py:415: UserWarning: [33mWARN: Casting input x to numpy array.[0m
  gym.logger.warn("Casting input x to numpy array.")
CEM solve time: 1.6785 seconds
/workspace/r10/env_old/lib/python3.12/site-packages/gymnasium/utils/passive_env_checker.py:129: UserWarning: [33mWARN: The obs returned by the `step()` method was expecting a numpy array, actual type: <class 'torch.Tensor'>[0m
  logger.warn(
/workspace/r10/env_old/lib/python3.12/site-packages/gymnasium/spaces/box.py:415: UserWarning: [33mWARN: Casting input x to numpy array.[0m
  gym.logger.warn("Casting input x to numpy array.")
/workspace/r10/env_old/lib/python3.12/site-packages/gymnasium/utils/passive_env_checker.py:129: UserWarning: [33mWARN: The obs returned by the `reset()` method was expecting a numpy array, actual type: <class 'torch.Tensor'>[0m
  logger.warn(
/workspace/r10/env_old/lib/python3.12/site-packages/gymnasium/spaces/box.py:415: UserWarning: [33mWARN: Casting input x to numpy array.[0m
  gym.logger.warn("Casting input x to numpy array.")
CEM solve time: 1.6797 seconds
/workspace/r10/env_old/lib/python3.12/site-packages/gymnasium/utils/passive_env_checker.py:129: UserWarning: [33mWARN: The obs returned by the `step()` method was expecting a numpy array, actual type: <class 'torch.Tensor'>[0m
  logger.warn(
/workspace/r10/env_old/lib/python3.12/site-packages/gymnasium/spaces/box.py:415: UserWarning: [33mWARN: Casting input x to numpy array.[0m
  gym.logger.warn("Casting input x to numpy array.")
{"completed": 89, "missing": 0, "case": "R8_tworoom_042b6ebbb71de453c372ac1a", "arm": "REFIT_103202", "stream": "R4_ALT_CEM_1", "mode": "H_REAL3_REPLAN"}
/workspace/r10/env_old/lib/python3.12/site-packages/gymnasium/utils/passive_env_checker.py:129: UserWarning: [33mWARN: The obs returned by the `reset()` method was expecting a numpy array, actual type: <class 'torch.Tensor'>[0m
  logger.warn(
/workspace/r10/env_old/lib/python3.12/site-packages/gymnasium/spaces/box.py:415: UserWarning: [33mWARN: Casting input x to numpy array.[0m
  gym.logger.warn("Casting input x to numpy array.")
CEM solve time: 1.6802 seconds
/workspace/r10/env_old/lib/python3.12/site-packages/gymnasium/utils/passive_env_checker.py:129: UserWarning: [33mWARN: The obs returned by the `step()` method was expecting a numpy array, actual type: <class 'torch.Tensor'>[0m
  logger.warn(
/workspace/r10/env_old/lib/python3.12/site-packages/gymnasium/spaces/box.py:415: UserWarning: [33mWARN: Casting input x to numpy array.[0m
  gym.logger.warn("Casting input x to numpy array.")
/workspace/r10/env_old/lib/python3.12/site-packages/gymnasium/utils/passive_env_checker.py:129: UserWarning: [33mWARN: The obs returned by the `reset()` method was expecting a numpy array, actual type: <class 'torch.Tensor'>[0m
  logger.warn(
/workspace/r10/env_old/lib/python3.12/site-packages/gymnasium/spaces/box.py:415: UserWarning: [33mWARN: Casting input x to numpy array.[0m
  gym.logger.warn("Casting input x to numpy array.")
CEM solve time: 1.7229 seconds
/workspace/r10/env_old/lib/python3.12/site-packages/gymnasium/utils/passive_env_checker.py:129: UserWarning: [33mWARN: The obs returned by the `step()` method was expecting a numpy array, actual type: <class 'torch.Tensor'>[0m
  logger.warn(
/workspace/r10/env_old/lib/python3.12/site-packages/gymnasium/spaces/box.py:415: UserWarning: [33mWARN: Casting input x to numpy array.[0m
  gym.logger.warn("Casting input x to numpy array.")
{"completed": 90, "missing": 0, "case": "R8_tworoom_042b6ebbb71de453c372ac1a", "arm": "REFIT_103202", "stream": "R4_ALT_CEM_2", "mode": "H_REAL3_REPLAN"}
/workspace/r10/env_old/lib/python3.12/site-packages/gymnasium/utils/passive_env_checker.py:129: UserWarning: [33mWARN: The obs returned by the `reset()` method was expecting a numpy array, actual type: <class 'torch.Tensor'>[0m
  logger.warn(
/workspace/r10/env_old/lib/python3.12/site-packages/gymnasium/spaces/box.py:415: UserWarning: [33mWARN: Casting input x to numpy array.[0m
  gym.logger.warn("Casting input x to numpy array.")
CEM solve time: 1.6735 seconds
/workspace/r10/env_old/lib/python3.12/site-packages/gymnasium/utils/passive_env_checker.py:129: UserWarning: [33mWARN: The obs returned by the `step()` method was expecting a numpy array, actual type: <class 'torch.Tensor'>[0m
  logger.warn(
/workspace/r10/env_old/lib/python3.12/site-packages/gymnasium/spaces/box.py:415: UserWarning: [33mWARN: Casting input x to numpy array.[0m
  gym.logger.warn("Casting input x to numpy array.")
/workspace/r10/env_old/lib/python3.12/site-packages/gymnasium/utils/passive_env_checker.py:129: UserWarning: [33mWARN: The obs returned by the `reset()` method was expecting a numpy array, actual type: <class 'torch.Tensor'>[0m
  logger.warn(
/workspace/r10/env_old/lib/python3.12/site-packages/gymnasium/spaces/box.py:415: UserWarning: [33mWARN: Casting input x to numpy array.[0m
  gym.logger.warn("Casting input x to numpy array.")
CEM solve time: 1.7259 seconds
/workspace/r10/env_old/lib/python3.12/site-packages/gymnasium/utils/passive_env_checker.py:129: UserWarning: [33mWARN: The obs returned by the `step()` method was expecting a numpy array, actual type: <class 'torch.Tensor'>[0m
  logger.warn(
/workspace/r10/env_old/lib/python3.12/site-packages/gymnasium/spaces/box.py:415: UserWarning: [33mWARN: Casting input x to numpy array.[0m
  gym.logger.warn("Casting input x to numpy array.")
{"completed": 91, "missing": 0, "case": "R8_tworoom_051a0810ac344676a8395c84", "arm": "REFIT_103202", "stream": "R3_ORIGINAL", "mode": "H_REAL3_REPLAN"}
/workspace/r10/env_old/lib/python3.12/site-packages/gymnasium/utils/passive_env_checker.py:129: UserWarning: [33mWARN: The obs returned by the `reset()` method was expecting a numpy array, actual type: <class 'torch.Tensor'>[0m
  logger.warn(
/workspace/r10/env_old/lib/python3.12/site-packages/gymnasium/spaces/box.py:415: UserWarning: [33mWARN: Casting input x to numpy array.[0m
  gym.logger.warn("Casting input x to numpy array.")
CEM solve time: 1.6804 seconds
/workspace/r10/env_old/lib/python3.12/site-packages/gymnasium/utils/passive_env_checker.py:129: UserWarning: [33mWARN: The obs returned by the `step()` method was expecting a numpy array, actual type: <class 'torch.Tensor'>[0m
  logger.warn(
/workspace/r10/env_old/lib/python3.12/site-packages/gymnasium/spaces/box.py:415: UserWarning: [33mWARN: Casting input x to numpy array.[0m
  gym.logger.warn("Casting input x to numpy array.")
/workspace/r10/env_old/lib/python3.12/site-packages/gymnasium/utils/passive_env_checker.py:129: UserWarning: [33mWARN: The obs returned by the `reset()` method was expecting a numpy array, actual type: <class 'torch.Tensor'>[0m
  logger.warn(
/workspace/r10/env_old/lib/python3.12/site-packages/gymnasium/spaces/box.py:415: UserWarning: [33mWARN: Casting input x to numpy array.[0m
  gym.logger.warn("Casting input x to numpy array.")
CEM solve time: 1.6909 seconds
/workspace/r10/env_old/lib/python3.12/site-packages/gymnasium/utils/passive_env_checker.py:129: UserWarning: [33mWARN: The obs returned by the `step()` method was expecting a numpy array, actual type: <class 'torch.Tensor'>[0m
  logger.warn(
/workspace/r10/env_old/lib/python3.12/site-packages/gymnasium/spaces/box.py:415: UserWarning: [33mWARN: Casting input x to numpy array.[0m
  gym.logger.warn("Casting input x to numpy array.")
{"completed": 92, "missing": 0, "case": "R8_tworoom_051a0810ac344676a8395c84", "arm": "REFIT_103202", "stream": "R4_ALT_CEM_1", "mode": "H_REAL3_REPLAN"}
/workspace/r10/env_old/lib/python3.12/site-packages/gymnasium/utils/passive_env_checker.py:129: UserWarning: [33mWARN: The obs returned by the `reset()` method was expecting a numpy array, actual type: <class 'torch.Tensor'>[0m
  logger.warn(
/workspace/r10/env_old/lib/python3.12/site-packages/gymnasium/spaces/box.py:415: UserWarning: [33mWARN: Casting input x to numpy array.[0m
  gym.logger.warn("Casting input x to numpy array.")
CEM solve time: 1.6775 seconds
/workspace/r10/env_old/lib/python3.12/site-packages/gymnasium/utils/passive_env_checker.py:129: UserWarning: [33mWARN: The obs returned by the `step()` method was expecting a numpy array, actual type: <class 'torch.Tensor'>[0m
  logger.warn(
/workspace/r10/env_old/lib/python3.12/site-packages/gymnasium/spaces/box.py:415: UserWarning: [33mWARN: Casting input x to numpy array.[0m
  gym.logger.warn("Casting input x to numpy array.")
/workspace/r10/env_old/lib/python3.12/site-packages/gymnasium/utils/passive_env_checker.py:129: UserWarning: [33mWARN: The obs returned by the `reset()` method was expecting a numpy array, actual type: <class 'torch.Tensor'>[0m
  logger.warn(
/workspace/r10/env_old/lib/python3.12/site-packages/gymnasium/spaces/box.py:415: UserWarning: [33mWARN: Casting input x to numpy array.[0m
  gym.logger.warn("Casting input x to numpy array.")
CEM solve time: 1.6741 seconds
/workspace/r10/env_old/lib/python3.12/site-packages/gymnasium/utils/passive_env_checker.py:129: UserWarning: [33mWARN: The obs returned by the `step()` method was expecting a numpy array, actual type: <class 'torch.Tensor'>[0m
  logger.warn(
/workspace/r10/env_old/lib/python3.12/site-packages/gymnasium/spaces/box.py:415: UserWarning: [33mWARN: Casting input x to numpy array.[0m
  gym.logger.warn("Casting input x to numpy array.")
{"completed": 93, "missing": 0, "case": "R8_tworoom_051a0810ac344676a8395c84", "arm": "REFIT_103202", "stream": "R4_ALT_CEM_2", "mode": "H_REAL3_REPLAN"}
/workspace/r10/env_old/lib/python3.12/site-packages/gymnasium/utils/passive_env_checker.py:129: UserWarning: [33mWARN: The obs returned by the `reset()` method was expecting a numpy array, actual type: <class 'torch.Tensor'>[0m
  logger.warn(
/workspace/r10/env_old/lib/python3.12/site-packages/gymnasium/spaces/box.py:415: UserWarning: [33mWARN: Casting input x to numpy array.[0m
  gym.logger.warn("Casting input x to numpy array.")
CEM solve time: 1.6750 seconds
/workspace/r10/env_old/lib/python3.12/site-packages/gymnasium/utils/passive_env_checker.py:129: UserWarning: [33mWARN: The obs returned by the `step()` method was expecting a numpy array, actual type: <class 'torch.Tensor'>[0m
  logger.warn(
/workspace/r10/env_old/lib/python3.12/site-packages/gymnasium/spaces/box.py:415: UserWarning: [33mWARN: Casting input x to numpy array.[0m
  gym.logger.warn("Casting input x to numpy array.")
/workspace/r10/env_old/lib/python3.12/site-packages/gymnasium/utils/passive_env_checker.py:129: UserWarning: [33mWARN: The obs returned by the `reset()` method was expecting a numpy array, actual type: <class 'torch.Tensor'>[0m
  logger.warn(
/workspace/r10/env_old/lib/python3.12/site-packages/gymnasium/spaces/box.py:415: UserWarning: [33mWARN: Casting input x to numpy array.[0m
  gym.logger.warn("Casting input x to numpy array.")
CEM solve time: 1.6747 seconds
/workspace/r10/env_old/lib/python3.12/site-packages/gymnasium/utils/passive_env_checker.py:129: UserWarning: [33mWARN: The obs returned by the `step()` method was expecting a numpy array, actual type: <class 'torch.Tensor'>[0m
  logger.warn(
/workspace/r10/env_old/lib/python3.12/site-packages/gymnasium/spaces/box.py:415: UserWarning: [33mWARN: Casting input x to numpy array.[0m
  gym.logger.warn("Casting input x to numpy array.")
{"completed": 94, "missing": 0, "case": "R8_tworoom_057cd69d9b64f0206c13beb0", "arm": "REFIT_103202", "stream": "R3_ORIGINAL", "mode": "H_REAL3_REPLAN"}
/workspace/r10/env_old/lib/python3.12/site-packages/gymnasium/utils/passive_env_checker.py:129: UserWarning: [33mWARN: The obs returned by the `reset()` method was expecting a numpy array, actual type: <class 'torch.Tensor'>[0m
  logger.warn(
/workspace/r10/env_old/lib/python3.12/site-packages/gymnasium/spaces/box.py:415: UserWarning: [33mWARN: Casting input x to numpy array.[0m
  gym.logger.warn("Casting input x to numpy array.")
CEM solve time: 1.6721 seconds
/workspace/r10/env_old/lib/python3.12/site-packages/gymnasium/utils/passive_env_checker.py:129: UserWarning: [33mWARN: The obs returned by the `step()` method was expecting a numpy array, actual type: <class 'torch.Tensor'>[0m
  logger.warn(
/workspace/r10/env_old/lib/python3.12/site-packages/gymnasium/spaces/box.py:415: UserWarning: [33mWARN: Casting input x to numpy array.[0m
  gym.logger.warn("Casting input x to numpy array.")
CEM solve time: 1.6757 seconds
/workspace/r10/env_old/lib/python3.12/site-packages/gymnasium/utils/passive_env_checker.py:129: UserWarning: [33mWARN: The obs returned by the `reset()` method was expecting a numpy array, actual type: <class 'torch.Tensor'>[0m
  logger.warn(
/workspace/r10/env_old/lib/python3.12/site-packages/gymnasium/spaces/box.py:415: UserWarning: [33mWARN: Casting input x to numpy array.[0m
  gym.logger.warn("Casting input x to numpy array.")
CEM solve time: 1.6805 seconds
/workspace/r10/env_old/lib/python3.12/site-packages/gymnasium/utils/passive_env_checker.py:129: UserWarning: [33mWARN: The obs returned by the `step()` method was expecting a numpy array, actual type: <class 'torch.Tensor'>[0m
  logger.warn(
/workspace/r10/env_old/lib/python3.12/site-packages/gymnasium/spaces/box.py:415: UserWarning: [33mWARN: Casting input x to numpy array.[0m
  gym.logger.warn("Casting input x to numpy array.")
CEM solve time: 1.6857 seconds
{"completed": 95, "missing": 0, "case": "R8_tworoom_057cd69d9b64f0206c13beb0", "arm": "REFIT_103202", "stream": "R4_ALT_CEM_1", "mode": "H_REAL3_REPLAN"}
/workspace/r10/env_old/lib/python3.12/site-packages/gymnasium/utils/passive_env_checker.py:129: UserWarning: [33mWARN: The obs returned by the `reset()` method was expecting a numpy array, actual type: <class 'torch.Tensor'>[0m
  logger.warn(
/workspace/r10/env_old/lib/python3.12/site-packages/gymnasium/spaces/box.py:415: UserWarning: [33mWARN: Casting input x to numpy array.[0m
  gym.logger.warn("Casting input x to numpy array.")
CEM solve time: 1.6775 seconds
/workspace/r10/env_old/lib/python3.12/site-packages/gymnasium/utils/passive_env_checker.py:129: UserWarning: [33mWARN: The obs returned by the `step()` method was expecting a numpy array, actual type: <class 'torch.Tensor'>[0m
  logger.warn(
/workspace/r10/env_old/lib/python3.12/site-packages/gymnasium/spaces/box.py:415: UserWarning: [33mWARN: Casting input x to numpy array.[0m
  gym.logger.warn("Casting input x to numpy array.")
CEM solve time: 1.6980 seconds
/workspace/r10/env_old/lib/python3.12/site-packages/gymnasium/utils/passive_env_checker.py:129: UserWarning: [33mWARN: The obs returned by the `reset()` method was expecting a numpy array, actual type: <class 'torch.Tensor'>[0m
  logger.warn(
/workspace/r10/env_old/lib/python3.12/site-packages/gymnasium/spaces/box.py:415: UserWarning: [33mWARN: Casting input x to numpy array.[0m
  gym.logger.warn("Casting input x to numpy array.")
CEM solve time: 1.6789 seconds
/workspace/r10/env_old/lib/python3.12/site-packages/gymnasium/utils/passive_env_checker.py:129: UserWarning: [33mWARN: The obs returned by the `step()` method was expecting a numpy array, actual type: <class 'torch.Tensor'>[0m
  logger.warn(
/workspace/r10/env_old/lib/python3.12/site-packages/gymnasium/spaces/box.py:415: UserWarning: [33mWARN: Casting input x to numpy array.[0m
  gym.logger.warn("Casting input x to numpy array.")
CEM solve time: 1.6990 seconds
{"completed": 96, "missing": 0, "case": "R8_tworoom_057cd69d9b64f0206c13beb0", "arm": "REFIT_103202", "stream": "R4_ALT_CEM_2", "mode": "H_REAL3_REPLAN"}
/workspace/r10/env_old/lib/python3.12/site-packages/gymnasium/utils/passive_env_checker.py:129: UserWarning: [33mWARN: The obs returned by the `reset()` method was expecting a numpy array, actual type: <class 'torch.Tensor'>[0m
  logger.warn(
/workspace/r10/env_old/lib/python3.12/site-packages/gymnasium/spaces/box.py:415: UserWarning: [33mWARN: Casting input x to numpy array.[0m
  gym.logger.warn("Casting input x to numpy array.")
CEM solve time: 1.6870 seconds
/workspace/r10/env_old/lib/python3.12/site-packages/gymnasium/utils/passive_env_checker.py:129: UserWarning: [33mWARN: The obs returned by the `step()` method was expecting a numpy array, actual type: <class 'torch.Tensor'>[0m
  logger.warn(
/workspace/r10/env_old/lib/python3.12/site-packages/gymnasium/spaces/box.py:415: UserWarning: [33mWARN: Casting input x to numpy array.[0m
  gym.logger.warn("Casting input x to numpy array.")
CEM solve time: 1.6792 seconds
/workspace/r10/env_old/lib/python3.12/site-packages/gymnasium/utils/passive_env_checker.py:129: UserWarning: [33mWARN: The obs returned by the `reset()` method was expecting a numpy array, actual type: <class 'torch.Tensor'>[0m
  logger.warn(
/workspace/r10/env_old/lib/python3.12/site-packages/gymnasium/spaces/box.py:415: UserWarning: [33mWARN: Casting input x to numpy array.[0m
  gym.logger.warn("Casting input x to numpy array.")
CEM solve time: 1.6809 seconds
/workspace/r10/env_old/lib/python3.12/site-packages/gymnasium/utils/passive_env_checker.py:129: UserWarning: [33mWARN: The obs returned by the `step()` method was expecting a numpy array, actual type: <class 'torch.Tensor'>[0m
  logger.warn(
/workspace/r10/env_old/lib/python3.12/site-packages/gymnasium/spaces/box.py:415: UserWarning: [33mWARN: Casting input x to numpy array.[0m
  gym.logger.warn("Casting input x to numpy array.")
CEM solve time: 1.6907 seconds
{"completed": 97, "missing": 0, "case": "R8_tworoom_066f598a0fcd4e4340ccefa8", "arm": "REFIT_103202", "stream": "R3_ORIGINAL", "mode": "H_REAL3_REPLAN"}
/workspace/r10/env_old/lib/python3.12/site-packages/gymnasium/utils/passive_env_checker.py:129: UserWarning: [33mWARN: The obs returned by the `reset()` method was expecting a numpy array, actual type: <class 'torch.Tensor'>[0m
  logger.warn(
/workspace/r10/env_old/lib/python3.12/site-packages/gymnasium/spaces/box.py:415: UserWarning: [33mWARN: Casting input x to numpy array.[0m
  gym.logger.warn("Casting input x to numpy array.")
CEM solve time: 1.6745 seconds
/workspace/r10/env_old/lib/python3.12/site-packages/gymnasium/utils/passive_env_checker.py:129: UserWarning: [33mWARN: The obs returned by the `step()` method was expecting a numpy array, actual type: <class 'torch.Tensor'>[0m
  logger.warn(
/workspace/r10/env_old/lib/python3.12/site-packages/gymnasium/spaces/box.py:415: UserWarning: [33mWARN: Casting input x to numpy array.[0m
  gym.logger.warn("Casting input x to numpy array.")
CEM solve time: 1.6719 seconds
/workspace/r10/env_old/lib/python3.12/site-packages/gymnasium/utils/passive_env_checker.py:129: UserWarning: [33mWARN: The obs returned by the `reset()` method was expecting a numpy array, actual type: <class 'torch.Tensor'>[0m
  logger.warn(
/workspace/r10/env_old/lib/python3.12/site-packages/gymnasium/spaces/box.py:415: UserWarning: [33mWARN: Casting input x to numpy array.[0m
  gym.logger.warn("Casting input x to numpy array.")
CEM solve time: 1.6780 seconds
/workspace/r10/env_old/lib/python3.12/site-packages/gymnasium/utils/passive_env_checker.py:129: UserWarning: [33mWARN: The obs returned by the `step()` method was expecting a numpy array, actual type: <class 'torch.Tensor'>[0m
  logger.warn(
/workspace/r10/env_old/lib/python3.12/site-packages/gymnasium/spaces/box.py:415: UserWarning: [33mWARN: Casting input x to numpy array.[0m
  gym.logger.warn("Casting input x to numpy array.")
CEM solve time: 1.6938 seconds
{"completed": 98, "missing": 0, "case": "R8_tworoom_066f598a0fcd4e4340ccefa8", "arm": "REFIT_103202", "stream": "R4_ALT_CEM_1", "mode": "H_REAL3_REPLAN"}
/workspace/r10/env_old/lib/python3.12/site-packages/gymnasium/utils/passive_env_checker.py:129: UserWarning: [33mWARN: The obs returned by the `reset()` method was expecting a numpy array, actual type: <class 'torch.Tensor'>[0m
  logger.warn(
/workspace/r10/env_old/lib/python3.12/site-packages/gymnasium/spaces/box.py:415: UserWarning: [33mWARN: Casting input x to numpy array.[0m
  gym.logger.warn("Casting input x to numpy array.")
CEM solve time: 1.6752 seconds
/workspace/r10/env_old/lib/python3.12/site-packages/gymnasium/utils/passive_env_checker.py:129: UserWarning: [33mWARN: The obs returned by the `step()` method was expecting a numpy array, actual type: <class 'torch.Tensor'>[0m
  logger.warn(
/workspace/r10/env_old/lib/python3.12/site-packages/gymnasium/spaces/box.py:415: UserWarning: [33mWARN: Casting input x to numpy array.[0m
  gym.logger.warn("Casting input x to numpy array.")
CEM solve time: 1.6842 seconds
/workspace/r10/env_old/lib/python3.12/site-packages/gymnasium/utils/passive_env_checker.py:129: UserWarning: [33mWARN: The obs returned by the `reset()` method was expecting a numpy array, actual type: <class 'torch.Tensor'>[0m
  logger.warn(
/workspace/r10/env_old/lib/python3.12/site-packages/gymnasium/spaces/box.py:415: UserWarning: [33mWARN: Casting input x to numpy array.[0m
  gym.logger.warn("Casting input x to numpy array.")
CEM solve time: 1.6768 seconds
/workspace/r10/env_old/lib/python3.12/site-packages/gymnasium/utils/passive_env_checker.py:129: UserWarning: [33mWARN: The obs returned by the `step()` method was expecting a numpy array, actual type: <class 'torch.Tensor'>[0m
  logger.warn(
/workspace/r10/env_old/lib/python3.12/site-packages/gymnasium/spaces/box.py:415: UserWarning: [33mWARN: Casting input x to numpy array.[0m
  gym.logger.warn("Casting input x to numpy array.")
CEM solve time: 1.6889 seconds
{"completed": 99, "missing": 0, "case": "R8_tworoom_066f598a0fcd4e4340ccefa8", "arm": "REFIT_103202", "stream": "R4_ALT_CEM_2", "mode": "H_REAL3_REPLAN"}
/workspace/r10/env_old/lib/python3.12/site-packages/gymnasium/utils/passive_env_checker.py:129: UserWarning: [33mWARN: The obs returned by the `reset()` method was expecting a numpy array, actual type: <class 'torch.Tensor'>[0m
  logger.warn(
/workspace/r10/env_old/lib/python3.12/site-packages/gymnasium/spaces/box.py:415: UserWarning: [33mWARN: Casting input x to numpy array.[0m
  gym.logger.warn("Casting input x to numpy array.")
CEM solve time: 1.6843 seconds
/workspace/r10/env_old/lib/python3.12/site-packages/gymnasium/utils/passive_env_checker.py:129: UserWarning: [33mWARN: The obs returned by the `step()` method was expecting a numpy array, actual type: <class 'torch.Tensor'>[0m
  logger.warn(
/workspace/r10/env_old/lib/python3.12/site-packages/gymnasium/spaces/box.py:415: UserWarning: [33mWARN: Casting input x to numpy array.[0m
  gym.logger.warn("Casting input x to numpy array.")
CEM solve time: 1.6700 seconds
/workspace/r10/env_old/lib/python3.12/site-packages/gymnasium/utils/passive_env_checker.py:129: UserWarning: [33mWARN: The obs returned by the `reset()` method was expecting a numpy array, actual type: <class 'torch.Tensor'>[0m
  logger.warn(
/workspace/r10/env_old/lib/python3.12/site-packages/gymnasium/spaces/box.py:415: UserWarning: [33mWARN: Casting input x to numpy array.[0m
  gym.logger.warn("Casting input x to numpy array.")
CEM solve time: 1.6762 seconds
/workspace/r10/env_old/lib/python3.12/site-packages/gymnasium/utils/passive_env_checker.py:129: UserWarning: [33mWARN: The obs returned by the `step()` method was expecting a numpy array, actual type: <class 'torch.Tensor'>[0m
  logger.warn(
/workspace/r10/env_old/lib/python3.12/site-packages/gymnasium/spaces/box.py:415: UserWarning: [33mWARN: Casting input x to numpy array.[0m
  gym.logger.warn("Casting input x to numpy array.")
CEM solve time: 1.6885 seconds
{"completed": 100, "missing": 0, "case": "R8_tworoom_073c59bd6200ef6e33ce3e74", "arm": "REFIT_103202", "stream": "R3_ORIGINAL", "mode": "H_REAL3_REPLAN"}
/workspace/r10/env_old/lib/python3.12/site-packages/gymnasium/utils/passive_env_checker.py:129: UserWarning: [33mWARN: The obs returned by the `reset()` method was expecting a numpy array, actual type: <class 'torch.Tensor'>[0m
  logger.warn(
/workspace/r10/env_old/lib/python3.12/site-packages/gymnasium/spaces/box.py:415: UserWarning: [33mWARN: Casting input x to numpy array.[0m
  gym.logger.warn("Casting input x to numpy array.")
CEM solve time: 1.7099 seconds
/workspace/r10/env_old/lib/python3.12/site-packages/gymnasium/utils/passive_env_checker.py:129: UserWarning: [33mWARN: The obs returned by the `step()` method was expecting a numpy array, actual type: <class 'torch.Tensor'>[0m
  logger.warn(
/workspace/r10/env_old/lib/python3.12/site-packages/gymnasium/spaces/box.py:415: UserWarning: [33mWARN: Casting input x to numpy array.[0m
  gym.logger.warn("Casting input x to numpy array.")
CEM solve time: 1.6717 seconds
/workspace/r10/env_old/lib/python3.12/site-packages/gymnasium/utils/passive_env_checker.py:129: UserWarning: [33mWARN: The obs returned by the `reset()` method was expecting a numpy array, actual type: <class 'torch.Tensor'>[0m
  logger.warn(
/workspace/r10/env_old/lib/python3.12/site-packages/gymnasium/spaces/box.py:415: UserWarning: [33mWARN: Casting input x to numpy array.[0m
  gym.logger.warn("Casting input x to numpy array.")
CEM solve time: 1.6872 seconds
/workspace/r10/env_old/lib/python3.12/site-packages/gymnasium/utils/passive_env_checker.py:129: UserWarning: [33mWARN: The obs returned by the `step()` method was expecting a numpy array, actual type: <class 'torch.Tensor'>[0m
  logger.warn(
/workspace/r10/env_old/lib/python3.12/site-packages/gymnasium/spaces/box.py:415: UserWarning: [33mWARN: Casting input x to numpy array.[0m
  gym.logger.warn("Casting input x to numpy array.")
CEM solve time: 1.6910 seconds
{"completed": 101, "missing": 0, "case": "R8_tworoom_073c59bd6200ef6e33ce3e74", "arm": "REFIT_103202", "stream": "R4_ALT_CEM_1", "mode": "H_REAL3_REPLAN"}
/workspace/r10/env_old/lib/python3.12/site-packages/gymnasium/utils/passive_env_checker.py:129: UserWarning: [33mWARN: The obs returned by the `reset()` method was expecting a numpy array, actual type: <class 'torch.Tensor'>[0m
  logger.warn(
/workspace/r10/env_old/lib/python3.12/site-packages/gymnasium/spaces/box.py:415: UserWarning: [33mWARN: Casting input x to numpy array.[0m
  gym.logger.warn("Casting input x to numpy array.")
CEM solve time: 1.6790 seconds
/workspace/r10/env_old/lib/python3.12/site-packages/gymnasium/utils/passive_env_checker.py:129: UserWarning: [33mWARN: The obs returned by the `step()` method was expecting a numpy array, actual type: <class 'torch.Tensor'>[0m
  logger.warn(
/workspace/r10/env_old/lib/python3.12/site-packages/gymnasium/spaces/box.py:415: UserWarning: [33mWARN: Casting input x to numpy array.[0m
  gym.logger.warn("Casting input x to numpy array.")
CEM solve time: 1.6792 seconds
/workspace/r10/env_old/lib/python3.12/site-packages/gymnasium/utils/passive_env_checker.py:129: UserWarning: [33mWARN: The obs returned by the `reset()` method was expecting a numpy array, actual type: <class 'torch.Tensor'>[0m
  logger.warn(
/workspace/r10/env_old/lib/python3.12/site-packages/gymnasium/spaces/box.py:415: UserWarning: [33mWARN: Casting input x to numpy array.[0m
  gym.logger.warn("Casting input x to numpy array.")
CEM solve time: 1.6975 seconds
/workspace/r10/env_old/lib/python3.12/site-packages/gymnasium/utils/passive_env_checker.py:129: UserWarning: [33mWARN: The obs returned by the `step()` method was expecting a numpy array, actual type: <class 'torch.Tensor'>[0m
  logger.warn(
/workspace/r10/env_old/lib/python3.12/site-packages/gymnasium/spaces/box.py:415: UserWarning: [33mWARN: Casting input x to numpy array.[0m
  gym.logger.warn("Casting input x to numpy array.")
CEM solve time: 1.6897 seconds
{"completed": 102, "missing": 0, "case": "R8_tworoom_073c59bd6200ef6e33ce3e74", "arm": "REFIT_103202", "stream": "R4_ALT_CEM_2", "mode": "H_REAL3_REPLAN"}
/workspace/r10/env_old/lib/python3.12/site-packages/gymnasium/utils/passive_env_checker.py:129: UserWarning: [33mWARN: The obs returned by the `reset()` method was expecting a numpy array, actual type: <class 'torch.Tensor'>[0m
  logger.warn(
/workspace/r10/env_old/lib/python3.12/site-packages/gymnasium/spaces/box.py:415: UserWarning: [33mWARN: Casting input x to numpy array.[0m
  gym.logger.warn("Casting input x to numpy array.")
CEM solve time: 1.6902 seconds
/workspace/r10/env_old/lib/python3.12/site-packages/gymnasium/utils/passive_env_checker.py:129: UserWarning: [33mWARN: The obs returned by the `step()` method was expecting a numpy array, actual type: <class 'torch.Tensor'>[0m
  logger.warn(
/workspace/r10/env_old/lib/python3.12/site-packages/gymnasium/spaces/box.py:415: UserWarning: [33mWARN: Casting input x to numpy array.[0m
  gym.logger.warn("Casting input x to numpy array.")
CEM solve time: 1.6862 seconds
/workspace/r10/env_old/lib/python3.12/site-packages/gymnasium/utils/passive_env_checker.py:129: UserWarning: [33mWARN: The obs returned by the `reset()` method was expecting a numpy array, actual type: <class 'torch.Tensor'>[0m
  logger.warn(
/workspace/r10/env_old/lib/python3.12/site-packages/gymnasium/spaces/box.py:415: UserWarning: [33mWARN: Casting input x to numpy array.[0m
  gym.logger.warn("Casting input x to numpy array.")
CEM solve time: 1.6818 seconds
/workspace/r10/env_old/lib/python3.12/site-packages/gymnasium/utils/passive_env_checker.py:129: UserWarning: [33mWARN: The obs returned by the `step()` method was expecting a numpy array, actual type: <class 'torch.Tensor'>[0m
  logger.warn(
/workspace/r10/env_old/lib/python3.12/site-packages/gymnasium/spaces/box.py:415: UserWarning: [33mWARN: Casting input x to numpy array.[0m
  gym.logger.warn("Casting input x to numpy array.")
CEM solve time: 1.6950 seconds
{"completed": 103, "missing": 0, "case": "R8_tworoom_07c9d6108d179b32ff54d64c", "arm": "REFIT_103202", "stream": "R3_ORIGINAL", "mode": "H_REAL3_REPLAN"}
/workspace/r10/env_old/lib/python3.12/site-packages/gymnasium/utils/passive_env_checker.py:129: UserWarning: [33mWARN: The obs returned by the `reset()` method was expecting a numpy array, actual type: <class 'torch.Tensor'>[0m
  logger.warn(
/workspace/r10/env_old/lib/python3.12/site-packages/gymnasium/spaces/box.py:415: UserWarning: [33mWARN: Casting input x to numpy array.[0m
  gym.logger.warn("Casting input x to numpy array.")
CEM solve time: 1.6851 seconds
/workspace/r10/env_old/lib/python3.12/site-packages/gymnasium/utils/passive_env_checker.py:129: UserWarning: [33mWARN: The obs returned by the `step()` method was expecting a numpy array, actual type: <class 'torch.Tensor'>[0m
  logger.warn(
/workspace/r10/env_old/lib/python3.12/site-packages/gymnasium/spaces/box.py:415: UserWarning: [33mWARN: Casting input x to numpy array.[0m
  gym.logger.warn("Casting input x to numpy array.")
/workspace/r10/env_old/lib/python3.12/site-packages/gymnasium/utils/passive_env_checker.py:129: UserWarning: [33mWARN: The obs returned by the `reset()` method was expecting a numpy array, actual type: <class 'torch.Tensor'>[0m
  logger.warn(
/workspace/r10/env_old/lib/python3.12/site-packages/gymnasium/spaces/box.py:415: UserWarning: [33mWARN: Casting input x to numpy array.[0m
  gym.logger.warn("Casting input x to numpy array.")
CEM solve time: 1.6791 seconds
/workspace/r10/env_old/lib/python3.12/site-packages/gymnasium/utils/passive_env_checker.py:129: UserWarning: [33mWARN: The obs returned by the `step()` method was expecting a numpy array, actual type: <class 'torch.Tensor'>[0m
  logger.warn(
/workspace/r10/env_old/lib/python3.12/site-packages/gymnasium/spaces/box.py:415: UserWarning: [33mWARN: Casting input x to numpy array.[0m
  gym.logger.warn("Casting input x to numpy array.")
{"completed": 104, "missing": 0, "case": "R8_tworoom_07c9d6108d179b32ff54d64c", "arm": "REFIT_103202", "stream": "R4_ALT_CEM_1", "mode": "H_REAL3_REPLAN"}
/workspace/r10/env_old/lib/python3.12/site-packages/gymnasium/utils/passive_env_checker.py:129: UserWarning: [33mWARN: The obs returned by the `reset()` method was expecting a numpy array, actual type: <class 'torch.Tensor'>[0m
  logger.warn(
/workspace/r10/env_old/lib/python3.12/site-packages/gymnasium/spaces/box.py:415: UserWarning: [33mWARN: Casting input x to numpy array.[0m
  gym.logger.warn("Casting input x to numpy array.")
CEM solve time: 1.6870 seconds
/workspace/r10/env_old/lib/python3.12/site-packages/gymnasium/utils/passive_env_checker.py:129: UserWarning: [33mWARN: The obs returned by the `step()` method was expecting a numpy array, actual type: <class 'torch.Tensor'>[0m
  logger.warn(
/workspace/r10/env_old/lib/python3.12/site-packages/gymnasium/spaces/box.py:415: UserWarning: [33mWARN: Casting input x to numpy array.[0m
  gym.logger.warn("Casting input x to numpy array.")
/workspace/r10/env_old/lib/python3.12/site-packages/gymnasium/utils/passive_env_checker.py:129: UserWarning: [33mWARN: The obs returned by the `reset()` method was expecting a numpy array, actual type: <class 'torch.Tensor'>[0m
  logger.warn(
/workspace/r10/env_old/lib/python3.12/site-packages/gymnasium/spaces/box.py:415: UserWarning: [33mWARN: Casting input x to numpy array.[0m
  gym.logger.warn("Casting input x to numpy array.")
CEM solve time: 1.6851 seconds
/workspace/r10/env_old/lib/python3.12/site-packages/gymnasium/utils/passive_env_checker.py:129: UserWarning: [33mWARN: The obs returned by the `step()` method was expecting a numpy array, actual type: <class 'torch.Tensor'>[0m
  logger.warn(
/workspace/r10/env_old/lib/python3.12/site-packages/gymnasium/spaces/box.py:415: UserWarning: [33mWARN: Casting input x to numpy array.[0m
  gym.logger.warn("Casting input x to numpy array.")
{"completed": 105, "missing": 0, "case": "R8_tworoom_07c9d6108d179b32ff54d64c", "arm": "REFIT_103202", "stream": "R4_ALT_CEM_2", "mode": "H_REAL3_REPLAN"}
/workspace/r10/env_old/lib/python3.12/site-packages/gymnasium/utils/passive_env_checker.py:129: UserWarning: [33mWARN: The obs returned by the `reset()` method was expecting a numpy array, actual type: <class 'torch.Tensor'>[0m
  logger.warn(
/workspace/r10/env_old/lib/python3.12/site-packages/gymnasium/spaces/box.py:415: UserWarning: [33mWARN: Casting input x to numpy array.[0m
  gym.logger.warn("Casting input x to numpy array.")
CEM solve time: 1.6759 seconds
/workspace/r10/env_old/lib/python3.12/site-packages/gymnasium/utils/passive_env_checker.py:129: UserWarning: [33mWARN: The obs returned by the `step()` method was expecting a numpy array, actual type: <class 'torch.Tensor'>[0m
  logger.warn(
/workspace/r10/env_old/lib/python3.12/site-packages/gymnasium/spaces/box.py:415: UserWarning: [33mWARN: Casting input x to numpy array.[0m
  gym.logger.warn("Casting input x to numpy array.")
/workspace/r10/env_old/lib/python3.12/site-packages/gymnasium/utils/passive_env_checker.py:129: UserWarning: [33mWARN: The obs returned by the `reset()` method was expecting a numpy array, actual type: <class 'torch.Tensor'>[0m
  logger.warn(
/workspace/r10/env_old/lib/python3.12/site-packages/gymnasium/spaces/box.py:415: UserWarning: [33mWARN: Casting input x to numpy array.[0m
  gym.logger.warn("Casting input x to numpy array.")
CEM solve time: 1.6761 seconds
/workspace/r10/env_old/lib/python3.12/site-packages/gymnasium/utils/passive_env_checker.py:129: UserWarning: [33mWARN: The obs returned by the `step()` method was expecting a numpy array, actual type: <class 'torch.Tensor'>[0m
  logger.warn(
/workspace/r10/env_old/lib/python3.12/site-packages/gymnasium/spaces/box.py:415: UserWarning: [33mWARN: Casting input x to numpy array.[0m
  gym.logger.warn("Casting input x to numpy array.")
{"completed": 106, "missing": 0, "case": "R8_tworoom_084c4ee8b76ad244548c7ccc", "arm": "REFIT_103202", "stream": "R3_ORIGINAL", "mode": "H_REAL3_REPLAN"}
/workspace/r10/env_old/lib/python3.12/site-packages/gymnasium/utils/passive_env_checker.py:129: UserWarning: [33mWARN: The obs returned by the `reset()` method was expecting a numpy array, actual type: <class 'torch.Tensor'>[0m
  logger.warn(
/workspace/r10/env_old/lib/python3.12/site-packages/gymnasium/spaces/box.py:415: UserWarning: [33mWARN: Casting input x to numpy array.[0m
  gym.logger.warn("Casting input x to numpy array.")
CEM solve time: 1.6970 seconds
/workspace/r10/env_old/lib/python3.12/site-packages/gymnasium/utils/passive_env_checker.py:129: UserWarning: [33mWARN: The obs returned by the `step()` method was expecting a numpy array, actual type: <class 'torch.Tensor'>[0m
  logger.warn(
/workspace/r10/env_old/lib/python3.12/site-packages/gymnasium/spaces/box.py:415: UserWarning: [33mWARN: Casting input x to numpy array.[0m
  gym.logger.warn("Casting input x to numpy array.")
/workspace/r10/env_old/lib/python3.12/site-packages/gymnasium/utils/passive_env_checker.py:129: UserWarning: [33mWARN: The obs returned by the `reset()` method was expecting a numpy array, actual type: <class 'torch.Tensor'>[0m
  logger.warn(
/workspace/r10/env_old/lib/python3.12/site-packages/gymnasium/spaces/box.py:415: UserWarning: [33mWARN: Casting input x to numpy array.[0m
  gym.logger.warn("Casting input x to numpy array.")
CEM solve time: 1.6932 seconds
/workspace/r10/env_old/lib/python3.12/site-packages/gymnasium/utils/passive_env_checker.py:129: UserWarning: [33mWARN: The obs returned by the `step()` method was expecting a numpy array, actual type: <class 'torch.Tensor'>[0m
  logger.warn(
/workspace/r10/env_old/lib/python3.12/site-packages/gymnasium/spaces/box.py:415: UserWarning: [33mWARN: Casting input x to numpy array.[0m
  gym.logger.warn("Casting input x to numpy array.")
{"completed": 107, "missing": 0, "case": "R8_tworoom_084c4ee8b76ad244548c7ccc", "arm": "REFIT_103202", "stream": "R4_ALT_CEM_1", "mode": "H_REAL3_REPLAN"}
/workspace/r10/env_old/lib/python3.12/site-packages/gymnasium/utils/passive_env_checker.py:129: UserWarning: [33mWARN: The obs returned by the `reset()` method was expecting a numpy array, actual type: <class 'torch.Tensor'>[0m
  logger.warn(
/workspace/r10/env_old/lib/python3.12/site-packages/gymnasium/spaces/box.py:415: UserWarning: [33mWARN: Casting input x to numpy array.[0m
  gym.logger.warn("Casting input x to numpy array.")
CEM solve time: 1.6776 seconds
/workspace/r10/env_old/lib/python3.12/site-packages/gymnasium/utils/passive_env_checker.py:129: UserWarning: [33mWARN: The obs returned by the `step()` method was expecting a numpy array, actual type: <class 'torch.Tensor'>[0m
  logger.warn(
/workspace/r10/env_old/lib/python3.12/site-packages/gymnasium/spaces/box.py:415: UserWarning: [33mWARN: Casting input x to numpy array.[0m
  gym.logger.warn("Casting input x to numpy array.")
/workspace/r10/env_old/lib/python3.12/site-packages/gymnasium/utils/passive_env_checker.py:129: UserWarning: [33mWARN: The obs returned by the `reset()` method was expecting a numpy array, actual type: <class 'torch.Tensor'>[0m
  logger.warn(
/workspace/r10/env_old/lib/python3.12/site-packages/gymnasium/spaces/box.py:415: UserWarning: [33mWARN: Casting input x to numpy array.[0m
  gym.logger.warn("Casting input x to numpy array.")
CEM solve time: 1.6773 seconds
/workspace/r10/env_old/lib/python3.12/site-packages/gymnasium/utils/passive_env_checker.py:129: UserWarning: [33mWARN: The obs returned by the `step()` method was expecting a numpy array, actual type: <class 'torch.Tensor'>[0m
  logger.warn(
/workspace/r10/env_old/lib/python3.12/site-packages/gymnasium/spaces/box.py:415: UserWarning: [33mWARN: Casting input x to numpy array.[0m
  gym.logger.warn("Casting input x to numpy array.")
{"completed": 108, "missing": 0, "case": "R8_tworoom_084c4ee8b76ad244548c7ccc", "arm": "REFIT_103202", "stream": "R4_ALT_CEM_2", "mode": "H_REAL3_REPLAN"}
/workspace/r10/env_old/lib/python3.12/site-packages/gymnasium/utils/passive_env_checker.py:129: UserWarning: [33mWARN: The obs returned by the `reset()` method was expecting a numpy array, actual type: <class 'torch.Tensor'>[0m
  logger.warn(
/workspace/r10/env_old/lib/python3.12/site-packages/gymnasium/spaces/box.py:415: UserWarning: [33mWARN: Casting input x to numpy array.[0m
  gym.logger.warn("Casting input x to numpy array.")
CEM solve time: 1.6808 seconds
/workspace/r10/env_old/lib/python3.12/site-packages/gymnasium/utils/passive_env_checker.py:129: UserWarning: [33mWARN: The obs returned by the `step()` method was expecting a numpy array, actual type: <class 'torch.Tensor'>[0m
  logger.warn(
/workspace/r10/env_old/lib/python3.12/site-packages/gymnasium/spaces/box.py:415: UserWarning: [33mWARN: Casting input x to numpy array.[0m
  gym.logger.warn("Casting input x to numpy array.")
CEM solve time: 1.7009 seconds
/workspace/r10/env_old/lib/python3.12/site-packages/gymnasium/utils/passive_env_checker.py:129: UserWarning: [33mWARN: The obs returned by the `reset()` method was expecting a numpy array, actual type: <class 'torch.Tensor'>[0m
  logger.warn(
/workspace/r10/env_old/lib/python3.12/site-packages/gymnasium/spaces/box.py:415: UserWarning: [33mWARN: Casting input x to numpy array.[0m
  gym.logger.warn("Casting input x to numpy array.")
CEM solve time: 1.6774 seconds
/workspace/r10/env_old/lib/python3.12/site-packages/gymnasium/utils/passive_env_checker.py:129: UserWarning: [33mWARN: The obs returned by the `step()` method was expecting a numpy array, actual type: <class 'torch.Tensor'>[0m
  logger.warn(
/workspace/r10/env_old/lib/python3.12/site-packages/gymnasium/spaces/box.py:415: UserWarning: [33mWARN: Casting input x to numpy array.[0m
  gym.logger.warn("Casting input x to numpy array.")
CEM solve time: 1.6961 seconds
{"completed": 109, "missing": 0, "case": "R8_tworoom_00e9a3b01023364006051823", "arm": "REFIT_103203", "stream": "R3_ORIGINAL", "mode": "H_REAL3_REPLAN"}
/workspace/r10/env_old/lib/python3.12/site-packages/gymnasium/utils/passive_env_checker.py:129: UserWarning: [33mWARN: The obs returned by the `reset()` method was expecting a numpy array, actual type: <class 'torch.Tensor'>[0m
  logger.warn(
/workspace/r10/env_old/lib/python3.12/site-packages/gymnasium/spaces/box.py:415: UserWarning: [33mWARN: Casting input x to numpy array.[0m
  gym.logger.warn("Casting input x to numpy array.")
CEM solve time: 1.6767 seconds
/workspace/r10/env_old/lib/python3.12/site-packages/gymnasium/utils/passive_env_checker.py:129: UserWarning: [33mWARN: The obs returned by the `step()` method was expecting a numpy array, actual type: <class 'torch.Tensor'>[0m
  logger.warn(
/workspace/r10/env_old/lib/python3.12/site-packages/gymnasium/spaces/box.py:415: UserWarning: [33mWARN: Casting input x to numpy array.[0m
  gym.logger.warn("Casting input x to numpy array.")
/workspace/r10/env_old/lib/python3.12/site-packages/gymnasium/utils/passive_env_checker.py:129: UserWarning: [33mWARN: The obs returned by the `reset()` method was expecting a numpy array, actual type: <class 'torch.Tensor'>[0m
  logger.warn(
/workspace/r10/env_old/lib/python3.12/site-packages/gymnasium/spaces/box.py:415: UserWarning: [33mWARN: Casting input x to numpy array.[0m
  gym.logger.warn("Casting input x to numpy array.")
CEM solve time: 1.6824 seconds
/workspace/r10/env_old/lib/python3.12/site-packages/gymnasium/utils/passive_env_checker.py:129: UserWarning: [33mWARN: The obs returned by the `step()` method was expecting a numpy array, actual type: <class 'torch.Tensor'>[0m
  logger.warn(
/workspace/r10/env_old/lib/python3.12/site-packages/gymnasium/spaces/box.py:415: UserWarning: [33mWARN: Casting input x to numpy array.[0m
  gym.logger.warn("Casting input x to numpy array.")
{"completed": 110, "missing": 0, "case": "R8_tworoom_00e9a3b01023364006051823", "arm": "REFIT_103203", "stream": "R4_ALT_CEM_1", "mode": "H_REAL3_REPLAN"}
/workspace/r10/env_old/lib/python3.12/site-packages/gymnasium/utils/passive_env_checker.py:129: UserWarning: [33mWARN: The obs returned by the `reset()` method was expecting a numpy array, actual type: <class 'torch.Tensor'>[0m
  logger.warn(
/workspace/r10/env_old/lib/python3.12/site-packages/gymnasium/spaces/box.py:415: UserWarning: [33mWARN: Casting input x to numpy array.[0m
  gym.logger.warn("Casting input x to numpy array.")
CEM solve time: 1.6777 seconds
/workspace/r10/env_old/lib/python3.12/site-packages/gymnasium/utils/passive_env_checker.py:129: UserWarning: [33mWARN: The obs returned by the `step()` method was expecting a numpy array, actual type: <class 'torch.Tensor'>[0m
  logger.warn(
/workspace/r10/env_old/lib/python3.12/site-packages/gymnasium/spaces/box.py:415: UserWarning: [33mWARN: Casting input x to numpy array.[0m
  gym.logger.warn("Casting input x to numpy array.")
CEM solve time: 1.6750 seconds
/workspace/r10/env_old/lib/python3.12/site-packages/gymnasium/utils/passive_env_checker.py:129: UserWarning: [33mWARN: The obs returned by the `reset()` method was expecting a numpy array, actual type: <class 'torch.Tensor'>[0m
  logger.warn(
/workspace/r10/env_old/lib/python3.12/site-packages/gymnasium/spaces/box.py:415: UserWarning: [33mWARN: Casting input x to numpy array.[0m
  gym.logger.warn("Casting input x to numpy array.")
CEM solve time: 1.6743 seconds
/workspace/r10/env_old/lib/python3.12/site-packages/gymnasium/utils/passive_env_checker.py:129: UserWarning: [33mWARN: The obs returned by the `step()` method was expecting a numpy array, actual type: <class 'torch.Tensor'>[0m
  logger.warn(
/workspace/r10/env_old/lib/python3.12/site-packages/gymnasium/spaces/box.py:415: UserWarning: [33mWARN: Casting input x to numpy array.[0m
  gym.logger.warn("Casting input x to numpy array.")
CEM solve time: 1.6971 seconds
{"completed": 111, "missing": 0, "case": "R8_tworoom_00e9a3b01023364006051823", "arm": "REFIT_103203", "stream": "R4_ALT_CEM_2", "mode": "H_REAL3_REPLAN"}
/workspace/r10/env_old/lib/python3.12/site-packages/gymnasium/utils/passive_env_checker.py:129: UserWarning: [33mWARN: The obs returned by the `reset()` method was expecting a numpy array, actual type: <class 'torch.Tensor'>[0m
  logger.warn(
/workspace/r10/env_old/lib/python3.12/site-packages/gymnasium/spaces/box.py:415: UserWarning: [33mWARN: Casting input x to numpy array.[0m
  gym.logger.warn("Casting input x to numpy array.")
CEM solve time: 1.7163 seconds
/workspace/r10/env_old/lib/python3.12/site-packages/gymnasium/utils/passive_env_checker.py:129: UserWarning: [33mWARN: The obs returned by the `step()` method was expecting a numpy array, actual type: <class 'torch.Tensor'>[0m
  logger.warn(
/workspace/r10/env_old/lib/python3.12/site-packages/gymnasium/spaces/box.py:415: UserWarning: [33mWARN: Casting input x to numpy array.[0m
  gym.logger.warn("Casting input x to numpy array.")
/workspace/r10/env_old/lib/python3.12/site-packages/gymnasium/utils/passive_env_checker.py:129: UserWarning: [33mWARN: The obs returned by the `reset()` method was expecting a numpy array, actual type: <class 'torch.Tensor'>[0m
  logger.warn(
/workspace/r10/env_old/lib/python3.12/site-packages/gymnasium/spaces/box.py:415: UserWarning: [33mWARN: Casting input x to numpy array.[0m
  gym.logger.warn("Casting input x to numpy array.")
CEM solve time: 1.7210 seconds
/workspace/r10/env_old/lib/python3.12/site-packages/gymnasium/utils/passive_env_checker.py:129: UserWarning: [33mWARN: The obs returned by the `step()` method was expecting a numpy array, actual type: <class 'torch.Tensor'>[0m
  logger.warn(
/workspace/r10/env_old/lib/python3.12/site-packages/gymnasium/spaces/box.py:415: UserWarning: [33mWARN: Casting input x to numpy array.[0m
  gym.logger.warn("Casting input x to numpy array.")
{"completed": 112, "missing": 0, "case": "R8_tworoom_01c67df22131e1d43aea07a4", "arm": "REFIT_103203", "stream": "R3_ORIGINAL", "mode": "H_REAL3_REPLAN"}
/workspace/r10/env_old/lib/python3.12/site-packages/gymnasium/utils/passive_env_checker.py:129: UserWarning: [33mWARN: The obs returned by the `reset()` method was expecting a numpy array, actual type: <class 'torch.Tensor'>[0m
  logger.warn(
/workspace/r10/env_old/lib/python3.12/site-packages/gymnasium/spaces/box.py:415: UserWarning: [33mWARN: Casting input x to numpy array.[0m
  gym.logger.warn("Casting input x to numpy array.")
CEM solve time: 1.6970 seconds
/workspace/r10/env_old/lib/python3.12/site-packages/gymnasium/utils/passive_env_checker.py:129: UserWarning: [33mWARN: The obs returned by the `step()` method was expecting a numpy array, actual type: <class 'torch.Tensor'>[0m
  logger.warn(
/workspace/r10/env_old/lib/python3.12/site-packages/gymnasium/spaces/box.py:415: UserWarning: [33mWARN: Casting input x to numpy array.[0m
  gym.logger.warn("Casting input x to numpy array.")
CEM solve time: 1.6759 seconds
/workspace/r10/env_old/lib/python3.12/site-packages/gymnasium/utils/passive_env_checker.py:129: UserWarning: [33mWARN: The obs returned by the `reset()` method was expecting a numpy array, actual type: <class 'torch.Tensor'>[0m
  logger.warn(
/workspace/r10/env_old/lib/python3.12/site-packages/gymnasium/spaces/box.py:415: UserWarning: [33mWARN: Casting input x to numpy array.[0m
  gym.logger.warn("Casting input x to numpy array.")
CEM solve time: 1.6746 seconds
/workspace/r10/env_old/lib/python3.12/site-packages/gymnasium/utils/passive_env_checker.py:129: UserWarning: [33mWARN: The obs returned by the `step()` method was expecting a numpy array, actual type: <class 'torch.Tensor'>[0m
  logger.warn(
/workspace/r10/env_old/lib/python3.12/site-packages/gymnasium/spaces/box.py:415: UserWarning: [33mWARN: Casting input x to numpy array.[0m
  gym.logger.warn("Casting input x to numpy array.")
CEM solve time: 1.6881 seconds
{"completed": 113, "missing": 0, "case": "R8_tworoom_01c67df22131e1d43aea07a4", "arm": "REFIT_103203", "stream": "R4_ALT_CEM_1", "mode": "H_REAL3_REPLAN"}
/workspace/r10/env_old/lib/python3.12/site-packages/gymnasium/utils/passive_env_checker.py:129: UserWarning: [33mWARN: The obs returned by the `reset()` method was expecting a numpy array, actual type: <class 'torch.Tensor'>[0m
  logger.warn(
/workspace/r10/env_old/lib/python3.12/site-packages/gymnasium/spaces/box.py:415: UserWarning: [33mWARN: Casting input x to numpy array.[0m
  gym.logger.warn("Casting input x to numpy array.")
CEM solve time: 1.6833 seconds
/workspace/r10/env_old/lib/python3.12/site-packages/gymnasium/utils/passive_env_checker.py:129: UserWarning: [33mWARN: The obs returned by the `step()` method was expecting a numpy array, actual type: <class 'torch.Tensor'>[0m
  logger.warn(
/workspace/r10/env_old/lib/python3.12/site-packages/gymnasium/spaces/box.py:415: UserWarning: [33mWARN: Casting input x to numpy array.[0m
  gym.logger.warn("Casting input x to numpy array.")
/workspace/r10/env_old/lib/python3.12/site-packages/gymnasium/utils/passive_env_checker.py:129: UserWarning: [33mWARN: The obs returned by the `reset()` method was expecting a numpy array, actual type: <class 'torch.Tensor'>[0m
  logger.warn(
/workspace/r10/env_old/lib/python3.12/site-packages/gymnasium/spaces/box.py:415: UserWarning: [33mWARN: Casting input x to numpy array.[0m
  gym.logger.warn("Casting input x to numpy array.")
CEM solve time: 1.6772 seconds
/workspace/r10/env_old/lib/python3.12/site-packages/gymnasium/utils/passive_env_checker.py:129: UserWarning: [33mWARN: The obs returned by the `step()` method was expecting a numpy array, actual type: <class 'torch.Tensor'>[0m
  logger.warn(
/workspace/r10/env_old/lib/python3.12/site-packages/gymnasium/spaces/box.py:415: UserWarning: [33mWARN: Casting input x to numpy array.[0m
  gym.logger.warn("Casting input x to numpy array.")
{"completed": 114, "missing": 0, "case": "R8_tworoom_01c67df22131e1d43aea07a4", "arm": "REFIT_103203", "stream": "R4_ALT_CEM_2", "mode": "H_REAL3_REPLAN"}
/workspace/r10/env_old/lib/python3.12/site-packages/gymnasium/utils/passive_env_checker.py:129: UserWarning: [33mWARN: The obs returned by the `reset()` method was expecting a numpy array, actual type: <class 'torch.Tensor'>[0m
  logger.warn(
/workspace/r10/env_old/lib/python3.12/site-packages/gymnasium/spaces/box.py:415: UserWarning: [33mWARN: Casting input x to numpy array.[0m
  gym.logger.warn("Casting input x to numpy array.")
CEM solve time: 1.6780 seconds
/workspace/r10/env_old/lib/python3.12/site-packages/gymnasium/utils/passive_env_checker.py:129: UserWarning: [33mWARN: The obs returned by the `step()` method was expecting a numpy array, actual type: <class 'torch.Tensor'>[0m
  logger.warn(
/workspace/r10/env_old/lib/python3.12/site-packages/gymnasium/spaces/box.py:415: UserWarning: [33mWARN: Casting input x to numpy array.[0m
  gym.logger.warn("Casting input x to numpy array.")
/workspace/r10/env_old/lib/python3.12/site-packages/gymnasium/utils/passive_env_checker.py:129: UserWarning: [33mWARN: The obs returned by the `reset()` method was expecting a numpy array, actual type: <class 'torch.Tensor'>[0m
  logger.warn(
/workspace/r10/env_old/lib/python3.12/site-packages/gymnasium/spaces/box.py:415: UserWarning: [33mWARN: Casting input x to numpy array.[0m
  gym.logger.warn("Casting input x to numpy array.")
CEM solve time: 1.6805 seconds
/workspace/r10/env_old/lib/python3.12/site-packages/gymnasium/utils/passive_env_checker.py:129: UserWarning: [33mWARN: The obs returned by the `step()` method was expecting a numpy array, actual type: <class 'torch.Tensor'>[0m
  logger.warn(
/workspace/r10/env_old/lib/python3.12/site-packages/gymnasium/spaces/box.py:415: UserWarning: [33mWARN: Casting input x to numpy array.[0m
  gym.logger.warn("Casting input x to numpy array.")
{"completed": 115, "missing": 0, "case": "R8_tworoom_025f489cacfa2a35b021beae", "arm": "REFIT_103203", "stream": "R3_ORIGINAL", "mode": "H_REAL3_REPLAN"}
/workspace/r10/env_old/lib/python3.12/site-packages/gymnasium/utils/passive_env_checker.py:129: UserWarning: [33mWARN: The obs returned by the `reset()` method was expecting a numpy array, actual type: <class 'torch.Tensor'>[0m
  logger.warn(
/workspace/r10/env_old/lib/python3.12/site-packages/gymnasium/spaces/box.py:415: UserWarning: [33mWARN: Casting input x to numpy array.[0m
  gym.logger.warn("Casting input x to numpy array.")
CEM solve time: 1.6752 seconds
/workspace/r10/env_old/lib/python3.12/site-packages/gymnasium/utils/passive_env_checker.py:129: UserWarning: [33mWARN: The obs returned by the `step()` method was expecting a numpy array, actual type: <class 'torch.Tensor'>[0m
  logger.warn(
/workspace/r10/env_old/lib/python3.12/site-packages/gymnasium/spaces/box.py:415: UserWarning: [33mWARN: Casting input x to numpy array.[0m
  gym.logger.warn("Casting input x to numpy array.")
/workspace/r10/env_old/lib/python3.12/site-packages/gymnasium/utils/passive_env_checker.py:129: UserWarning: [33mWARN: The obs returned by the `reset()` method was expecting a numpy array, actual type: <class 'torch.Tensor'>[0m
  logger.warn(
/workspace/r10/env_old/lib/python3.12/site-packages/gymnasium/spaces/box.py:415: UserWarning: [33mWARN: Casting input x to numpy array.[0m
  gym.logger.warn("Casting input x to numpy array.")
CEM solve time: 1.6735 seconds
/workspace/r10/env_old/lib/python3.12/site-packages/gymnasium/utils/passive_env_checker.py:129: UserWarning: [33mWARN: The obs returned by the `step()` method was expecting a numpy array, actual type: <class 'torch.Tensor'>[0m
  logger.warn(
/workspace/r10/env_old/lib/python3.12/site-packages/gymnasium/spaces/box.py:415: UserWarning: [33mWARN: Casting input x to numpy array.[0m
  gym.logger.warn("Casting input x to numpy array.")
{"completed": 116, "missing": 0, "case": "R8_tworoom_025f489cacfa2a35b021beae", "arm": "REFIT_103203", "stream": "R4_ALT_CEM_1", "mode": "H_REAL3_REPLAN"}
/workspace/r10/env_old/lib/python3.12/site-packages/gymnasium/utils/passive_env_checker.py:129: UserWarning: [33mWARN: The obs returned by the `reset()` method was expecting a numpy array, actual type: <class 'torch.Tensor'>[0m
  logger.warn(
/workspace/r10/env_old/lib/python3.12/site-packages/gymnasium/spaces/box.py:415: UserWarning: [33mWARN: Casting input x to numpy array.[0m
  gym.logger.warn("Casting input x to numpy array.")
CEM solve time: 1.6747 seconds
/workspace/r10/env_old/lib/python3.12/site-packages/gymnasium/utils/passive_env_checker.py:129: UserWarning: [33mWARN: The obs returned by the `step()` method was expecting a numpy array, actual type: <class 'torch.Tensor'>[0m
  logger.warn(
/workspace/r10/env_old/lib/python3.12/site-packages/gymnasium/spaces/box.py:415: UserWarning: [33mWARN: Casting input x to numpy array.[0m
  gym.logger.warn("Casting input x to numpy array.")
/workspace/r10/env_old/lib/python3.12/site-packages/gymnasium/utils/passive_env_checker.py:129: UserWarning: [33mWARN: The obs returned by the `reset()` method was expecting a numpy array, actual type: <class 'torch.Tensor'>[0m
  logger.warn(
/workspace/r10/env_old/lib/python3.12/site-packages/gymnasium/spaces/box.py:415: UserWarning: [33mWARN: Casting input x to numpy array.[0m
  gym.logger.warn("Casting input x to numpy array.")
CEM solve time: 1.6808 seconds
/workspace/r10/env_old/lib/python3.12/site-packages/gymnasium/utils/passive_env_checker.py:129: UserWarning: [33mWARN: The obs returned by the `step()` method was expecting a numpy array, actual type: <class 'torch.Tensor'>[0m
  logger.warn(
/workspace/r10/env_old/lib/python3.12/site-packages/gymnasium/spaces/box.py:415: UserWarning: [33mWARN: Casting input x to numpy array.[0m
  gym.logger.warn("Casting input x to numpy array.")
{"completed": 117, "missing": 0, "case": "R8_tworoom_025f489cacfa2a35b021beae", "arm": "REFIT_103203", "stream": "R4_ALT_CEM_2", "mode": "H_REAL3_REPLAN"}
/workspace/r10/env_old/lib/python3.12/site-packages/gymnasium/utils/passive_env_checker.py:129: UserWarning: [33mWARN: The obs returned by the `reset()` method was expecting a numpy array, actual type: <class 'torch.Tensor'>[0m
  logger.warn(
/workspace/r10/env_old/lib/python3.12/site-packages/gymnasium/spaces/box.py:415: UserWarning: [33mWARN: Casting input x to numpy array.[0m
  gym.logger.warn("Casting input x to numpy array.")
CEM solve time: 1.6756 seconds
/workspace/r10/env_old/lib/python3.12/site-packages/gymnasium/utils/passive_env_checker.py:129: UserWarning: [33mWARN: The obs returned by the `step()` method was expecting a numpy array, actual type: <class 'torch.Tensor'>[0m
  logger.warn(
/workspace/r10/env_old/lib/python3.12/site-packages/gymnasium/spaces/box.py:415: UserWarning: [33mWARN: Casting input x to numpy array.[0m
  gym.logger.warn("Casting input x to numpy array.")
/workspace/r10/env_old/lib/python3.12/site-packages/gymnasium/utils/passive_env_checker.py:129: UserWarning: [33mWARN: The obs returned by the `reset()` method was expecting a numpy array, actual type: <class 'torch.Tensor'>[0m
  logger.warn(
/workspace/r10/env_old/lib/python3.12/site-packages/gymnasium/spaces/box.py:415: UserWarning: [33mWARN: Casting input x to numpy array.[0m
  gym.logger.warn("Casting input x to numpy array.")
CEM solve time: 1.6722 seconds
/workspace/r10/env_old/lib/python3.12/site-packages/gymnasium/utils/passive_env_checker.py:129: UserWarning: [33mWARN: The obs returned by the `step()` method was expecting a numpy array, actual type: <class 'torch.Tensor'>[0m
  logger.warn(
/workspace/r10/env_old/lib/python3.12/site-packages/gymnasium/spaces/box.py:415: UserWarning: [33mWARN: Casting input x to numpy array.[0m
  gym.logger.warn("Casting input x to numpy array.")
{"completed": 118, "missing": 0, "case": "R8_tworoom_02ded7194e65433a137a4758", "arm": "REFIT_103203", "stream": "R3_ORIGINAL", "mode": "H_REAL3_REPLAN"}
/workspace/r10/env_old/lib/python3.12/site-packages/gymnasium/utils/passive_env_checker.py:129: UserWarning: [33mWARN: The obs returned by the `reset()` method was expecting a numpy array, actual type: <class 'torch.Tensor'>[0m
  logger.warn(
/workspace/r10/env_old/lib/python3.12/site-packages/gymnasium/spaces/box.py:415: UserWarning: [33mWARN: Casting input x to numpy array.[0m
  gym.logger.warn("Casting input x to numpy array.")
CEM solve time: 1.6707 seconds
/workspace/r10/env_old/lib/python3.12/site-packages/gymnasium/utils/passive_env_checker.py:129: UserWarning: [33mWARN: The obs returned by the `step()` method was expecting a numpy array, actual type: <class 'torch.Tensor'>[0m
  logger.warn(
/workspace/r10/env_old/lib/python3.12/site-packages/gymnasium/spaces/box.py:415: UserWarning: [33mWARN: Casting input x to numpy array.[0m
  gym.logger.warn("Casting input x to numpy array.")
CEM solve time: 1.6757 seconds
/workspace/r10/env_old/lib/python3.12/site-packages/gymnasium/utils/passive_env_checker.py:129: UserWarning: [33mWARN: The obs returned by the `reset()` method was expecting a numpy array, actual type: <class 'torch.Tensor'>[0m
  logger.warn(
/workspace/r10/env_old/lib/python3.12/site-packages/gymnasium/spaces/box.py:415: UserWarning: [33mWARN: Casting input x to numpy array.[0m
  gym.logger.warn("Casting input x to numpy array.")
CEM solve time: 1.6772 seconds
/workspace/r10/env_old/lib/python3.12/site-packages/gymnasium/utils/passive_env_checker.py:129: UserWarning: [33mWARN: The obs returned by the `step()` method was expecting a numpy array, actual type: <class 'torch.Tensor'>[0m
  logger.warn(
/workspace/r10/env_old/lib/python3.12/site-packages/gymnasium/spaces/box.py:415: UserWarning: [33mWARN: Casting input x to numpy array.[0m
  gym.logger.warn("Casting input x to numpy array.")
CEM solve time: 1.6844 seconds
{"completed": 119, "missing": 0, "case": "R8_tworoom_02ded7194e65433a137a4758", "arm": "REFIT_103203", "stream": "R4_ALT_CEM_1", "mode": "H_REAL3_REPLAN"}
/workspace/r10/env_old/lib/python3.12/site-packages/gymnasium/utils/passive_env_checker.py:129: UserWarning: [33mWARN: The obs returned by the `reset()` method was expecting a numpy array, actual type: <class 'torch.Tensor'>[0m
  logger.warn(
/workspace/r10/env_old/lib/python3.12/site-packages/gymnasium/spaces/box.py:415: UserWarning: [33mWARN: Casting input x to numpy array.[0m
  gym.logger.warn("Casting input x to numpy array.")
CEM solve time: 1.6713 seconds
/workspace/r10/env_old/lib/python3.12/site-packages/gymnasium/utils/passive_env_checker.py:129: UserWarning: [33mWARN: The obs returned by the `step()` method was expecting a numpy array, actual type: <class 'torch.Tensor'>[0m
  logger.warn(
/workspace/r10/env_old/lib/python3.12/site-packages/gymnasium/spaces/box.py:415: UserWarning: [33mWARN: Casting input x to numpy array.[0m
  gym.logger.warn("Casting input x to numpy array.")
/workspace/r10/env_old/lib/python3.12/site-packages/gymnasium/utils/passive_env_checker.py:129: UserWarning: [33mWARN: The obs returned by the `reset()` method was expecting a numpy array, actual type: <class 'torch.Tensor'>[0m
  logger.warn(
/workspace/r10/env_old/lib/python3.12/site-packages/gymnasium/spaces/box.py:415: UserWarning: [33mWARN: Casting input x to numpy array.[0m
  gym.logger.warn("Casting input x to numpy array.")
CEM solve time: 1.6782 seconds
/workspace/r10/env_old/lib/python3.12/site-packages/gymnasium/utils/passive_env_checker.py:129: UserWarning: [33mWARN: The obs returned by the `step()` method was expecting a numpy array, actual type: <class 'torch.Tensor'>[0m
  logger.warn(
/workspace/r10/env_old/lib/python3.12/site-packages/gymnasium/spaces/box.py:415: UserWarning: [33mWARN: Casting input x to numpy array.[0m
  gym.logger.warn("Casting input x to numpy array.")
{"completed": 120, "missing": 0, "case": "R8_tworoom_02ded7194e65433a137a4758", "arm": "REFIT_103203", "stream": "R4_ALT_CEM_2", "mode": "H_REAL3_REPLAN"}
/workspace/r10/env_old/lib/python3.12/site-packages/gymnasium/utils/passive_env_checker.py:129: UserWarning: [33mWARN: The obs returned by the `reset()` method was expecting a numpy array, actual type: <class 'torch.Tensor'>[0m
  logger.warn(
/workspace/r10/env_old/lib/python3.12/site-packages/gymnasium/spaces/box.py:415: UserWarning: [33mWARN: Casting input x to numpy array.[0m
  gym.logger.warn("Casting input x to numpy array.")
CEM solve time: 1.6788 seconds
/workspace/r10/env_old/lib/python3.12/site-packages/gymnasium/utils/passive_env_checker.py:129: UserWarning: [33mWARN: The obs returned by the `step()` method was expecting a numpy array, actual type: <class 'torch.Tensor'>[0m
  logger.warn(
/workspace/r10/env_old/lib/python3.12/site-packages/gymnasium/spaces/box.py:415: UserWarning: [33mWARN: Casting input x to numpy array.[0m
  gym.logger.warn("Casting input x to numpy array.")
CEM solve time: 1.7420 seconds
/workspace/r10/env_old/lib/python3.12/site-packages/gymnasium/utils/passive_env_checker.py:129: UserWarning: [33mWARN: The obs returned by the `reset()` method was expecting a numpy array, actual type: <class 'torch.Tensor'>[0m
  logger.warn(
/workspace/r10/env_old/lib/python3.12/site-packages/gymnasium/spaces/box.py:415: UserWarning: [33mWARN: Casting input x to numpy array.[0m
  gym.logger.warn("Casting input x to numpy array.")
CEM solve time: 1.7342 seconds
/workspace/r10/env_old/lib/python3.12/site-packages/gymnasium/utils/passive_env_checker.py:129: UserWarning: [33mWARN: The obs returned by the `step()` method was expecting a numpy array, actual type: <class 'torch.Tensor'>[0m
  logger.warn(
/workspace/r10/env_old/lib/python3.12/site-packages/gymnasium/spaces/box.py:415: UserWarning: [33mWARN: Casting input x to numpy array.[0m
  gym.logger.warn("Casting input x to numpy array.")
CEM solve time: 1.7002 seconds
{"completed": 121, "missing": 0, "case": "R8_tworoom_037e59f4b23261042d6eeb46", "arm": "REFIT_103203", "stream": "R3_ORIGINAL", "mode": "H_REAL3_REPLAN"}
/workspace/r10/env_old/lib/python3.12/site-packages/gymnasium/utils/passive_env_checker.py:129: UserWarning: [33mWARN: The obs returned by the `reset()` method was expecting a numpy array, actual type: <class 'torch.Tensor'>[0m
  logger.warn(
/workspace/r10/env_old/lib/python3.12/site-packages/gymnasium/spaces/box.py:415: UserWarning: [33mWARN: Casting input x to numpy array.[0m
  gym.logger.warn("Casting input x to numpy array.")
CEM solve time: 1.6713 seconds
/workspace/r10/env_old/lib/python3.12/site-packages/gymnasium/utils/passive_env_checker.py:129: UserWarning: [33mWARN: The obs returned by the `step()` method was expecting a numpy array, actual type: <class 'torch.Tensor'>[0m
  logger.warn(
/workspace/r10/env_old/lib/python3.12/site-packages/gymnasium/spaces/box.py:415: UserWarning: [33mWARN: Casting input x to numpy array.[0m
  gym.logger.warn("Casting input x to numpy array.")
/workspace/r10/env_old/lib/python3.12/site-packages/gymnasium/utils/passive_env_checker.py:129: UserWarning: [33mWARN: The obs returned by the `reset()` method was expecting a numpy array, actual type: <class 'torch.Tensor'>[0m
  logger.warn(
/workspace/r10/env_old/lib/python3.12/site-packages/gymnasium/spaces/box.py:415: UserWarning: [33mWARN: Casting input x to numpy array.[0m
  gym.logger.warn("Casting input x to numpy array.")
CEM solve time: 1.6931 seconds
/workspace/r10/env_old/lib/python3.12/site-packages/gymnasium/utils/passive_env_checker.py:129: UserWarning: [33mWARN: The obs returned by the `step()` method was expecting a numpy array, actual type: <class 'torch.Tensor'>[0m
  logger.warn(
/workspace/r10/env_old/lib/python3.12/site-packages/gymnasium/spaces/box.py:415: UserWarning: [33mWARN: Casting input x to numpy array.[0m
  gym.logger.warn("Casting input x to numpy array.")
{"completed": 122, "missing": 0, "case": "R8_tworoom_037e59f4b23261042d6eeb46", "arm": "REFIT_103203", "stream": "R4_ALT_CEM_1", "mode": "H_REAL3_REPLAN"}
/workspace/r10/env_old/lib/python3.12/site-packages/gymnasium/utils/passive_env_checker.py:129: UserWarning: [33mWARN: The obs returned by the `reset()` method was expecting a numpy array, actual type: <class 'torch.Tensor'>[0m
  logger.warn(
/workspace/r10/env_old/lib/python3.12/site-packages/gymnasium/spaces/box.py:415: UserWarning: [33mWARN: Casting input x to numpy array.[0m
  gym.logger.warn("Casting input x to numpy array.")
CEM solve time: 1.6928 seconds
/workspace/r10/env_old/lib/python3.12/site-packages/gymnasium/utils/passive_env_checker.py:129: UserWarning: [33mWARN: The obs returned by the `step()` method was expecting a numpy array, actual type: <class 'torch.Tensor'>[0m
  logger.warn(
/workspace/r10/env_old/lib/python3.12/site-packages/gymnasium/spaces/box.py:415: UserWarning: [33mWARN: Casting input x to numpy array.[0m
  gym.logger.warn("Casting input x to numpy array.")
/workspace/r10/env_old/lib/python3.12/site-packages/gymnasium/utils/passive_env_checker.py:129: UserWarning: [33mWARN: The obs returned by the `reset()` method was expecting a numpy array, actual type: <class 'torch.Tensor'>[0m
  logger.warn(
/workspace/r10/env_old/lib/python3.12/site-packages/gymnasium/spaces/box.py:415: UserWarning: [33mWARN: Casting input x to numpy array.[0m
  gym.logger.warn("Casting input x to numpy array.")
CEM solve time: 1.6695 seconds
/workspace/r10/env_old/lib/python3.12/site-packages/gymnasium/utils/passive_env_checker.py:129: UserWarning: [33mWARN: The obs returned by the `step()` method was expecting a numpy array, actual type: <class 'torch.Tensor'>[0m
  logger.warn(
/workspace/r10/env_old/lib/python3.12/site-packages/gymnasium/spaces/box.py:415: UserWarning: [33mWARN: Casting input x to numpy array.[0m
  gym.logger.warn("Casting input x to numpy array.")
{"completed": 123, "missing": 0, "case": "R8_tworoom_037e59f4b23261042d6eeb46", "arm": "REFIT_103203", "stream": "R4_ALT_CEM_2", "mode": "H_REAL3_REPLAN"}
/workspace/r10/env_old/lib/python3.12/site-packages/gymnasium/utils/passive_env_checker.py:129: UserWarning: [33mWARN: The obs returned by the `reset()` method was expecting a numpy array, actual type: <class 'torch.Tensor'>[0m
  logger.warn(
/workspace/r10/env_old/lib/python3.12/site-packages/gymnasium/spaces/box.py:415: UserWarning: [33mWARN: Casting input x to numpy array.[0m
  gym.logger.warn("Casting input x to numpy array.")
CEM solve time: 1.6775 seconds
/workspace/r10/env_old/lib/python3.12/site-packages/gymnasium/utils/passive_env_checker.py:129: UserWarning: [33mWARN: The obs returned by the `step()` method was expecting a numpy array, actual type: <class 'torch.Tensor'>[0m
  logger.warn(
/workspace/r10/env_old/lib/python3.12/site-packages/gymnasium/spaces/box.py:415: UserWarning: [33mWARN: Casting input x to numpy array.[0m
  gym.logger.warn("Casting input x to numpy array.")
/workspace/r10/env_old/lib/python3.12/site-packages/gymnasium/utils/passive_env_checker.py:129: UserWarning: [33mWARN: The obs returned by the `reset()` method was expecting a numpy array, actual type: <class 'torch.Tensor'>[0m
  logger.warn(
/workspace/r10/env_old/lib/python3.12/site-packages/gymnasium/spaces/box.py:415: UserWarning: [33mWARN: Casting input x to numpy array.[0m
  gym.logger.warn("Casting input x to numpy array.")
CEM solve time: 1.6770 seconds
/workspace/r10/env_old/lib/python3.12/site-packages/gymnasium/utils/passive_env_checker.py:129: UserWarning: [33mWARN: The obs returned by the `step()` method was expecting a numpy array, actual type: <class 'torch.Tensor'>[0m
  logger.warn(
/workspace/r10/env_old/lib/python3.12/site-packages/gymnasium/spaces/box.py:415: UserWarning: [33mWARN: Casting input x to numpy array.[0m
  gym.logger.warn("Casting input x to numpy array.")
{"completed": 124, "missing": 0, "case": "R8_tworoom_042b6ebbb71de453c372ac1a", "arm": "REFIT_103203", "stream": "R3_ORIGINAL", "mode": "H_REAL3_REPLAN"}
/workspace/r10/env_old/lib/python3.12/site-packages/gymnasium/utils/passive_env_checker.py:129: UserWarning: [33mWARN: The obs returned by the `reset()` method was expecting a numpy array, actual type: <class 'torch.Tensor'>[0m
  logger.warn(
/workspace/r10/env_old/lib/python3.12/site-packages/gymnasium/spaces/box.py:415: UserWarning: [33mWARN: Casting input x to numpy array.[0m
  gym.logger.warn("Casting input x to numpy array.")
CEM solve time: 1.7767 seconds
/workspace/r10/env_old/lib/python3.12/site-packages/gymnasium/utils/passive_env_checker.py:129: UserWarning: [33mWARN: The obs returned by the `step()` method was expecting a numpy array, actual type: <class 'torch.Tensor'>[0m
  logger.warn(
/workspace/r10/env_old/lib/python3.12/site-packages/gymnasium/spaces/box.py:415: UserWarning: [33mWARN: Casting input x to numpy array.[0m
  gym.logger.warn("Casting input x to numpy array.")
/workspace/r10/env_old/lib/python3.12/site-packages/gymnasium/utils/passive_env_checker.py:129: UserWarning: [33mWARN: The obs returned by the `reset()` method was expecting a numpy array, actual type: <class 'torch.Tensor'>[0m
  logger.warn(
/workspace/r10/env_old/lib/python3.12/site-packages/gymnasium/spaces/box.py:415: UserWarning: [33mWARN: Casting input x to numpy array.[0m
  gym.logger.warn("Casting input x to numpy array.")
CEM solve time: 1.6785 seconds
/workspace/r10/env_old/lib/python3.12/site-packages/gymnasium/utils/passive_env_checker.py:129: UserWarning: [33mWARN: The obs returned by the `step()` method was expecting a numpy array, actual type: <class 'torch.Tensor'>[0m
  logger.warn(
/workspace/r10/env_old/lib/python3.12/site-packages/gymnasium/spaces/box.py:415: UserWarning: [33mWARN: Casting input x to numpy array.[0m
  gym.logger.warn("Casting input x to numpy array.")
{"completed": 125, "missing": 0, "case": "R8_tworoom_042b6ebbb71de453c372ac1a", "arm": "REFIT_103203", "stream": "R4_ALT_CEM_1", "mode": "H_REAL3_REPLAN"}
/workspace/r10/env_old/lib/python3.12/site-packages/gymnasium/utils/passive_env_checker.py:129: UserWarning: [33mWARN: The obs returned by the `reset()` method was expecting a numpy array, actual type: <class 'torch.Tensor'>[0m
  logger.warn(
/workspace/r10/env_old/lib/python3.12/site-packages/gymnasium/spaces/box.py:415: UserWarning: [33mWARN: Casting input x to numpy array.[0m
  gym.logger.warn("Casting input x to numpy array.")
CEM solve time: 1.6931 seconds
/workspace/r10/env_old/lib/python3.12/site-packages/gymnasium/utils/passive_env_checker.py:129: UserWarning: [33mWARN: The obs returned by the `step()` method was expecting a numpy array, actual type: <class 'torch.Tensor'>[0m
  logger.warn(
/workspace/r10/env_old/lib/python3.12/site-packages/gymnasium/spaces/box.py:415: UserWarning: [33mWARN: Casting input x to numpy array.[0m
  gym.logger.warn("Casting input x to numpy array.")
/workspace/r10/env_old/lib/python3.12/site-packages/gymnasium/utils/passive_env_checker.py:129: UserWarning: [33mWARN: The obs returned by the `reset()` method was expecting a numpy array, actual type: <class 'torch.Tensor'>[0m
  logger.warn(
/workspace/r10/env_old/lib/python3.12/site-packages/gymnasium/spaces/box.py:415: UserWarning: [33mWARN: Casting input x to numpy array.[0m
  gym.logger.warn("Casting input x to numpy array.")
CEM solve time: 1.6689 seconds
/workspace/r10/env_old/lib/python3.12/site-packages/gymnasium/utils/passive_env_checker.py:129: UserWarning: [33mWARN: The obs returned by the `step()` method was expecting a numpy array, actual type: <class 'torch.Tensor'>[0m
  logger.warn(
/workspace/r10/env_old/lib/python3.12/site-packages/gymnasium/spaces/box.py:415: UserWarning: [33mWARN: Casting input x to numpy array.[0m
  gym.logger.warn("Casting input x to numpy array.")
{"completed": 126, "missing": 0, "case": "R8_tworoom_042b6ebbb71de453c372ac1a", "arm": "REFIT_103203", "stream": "R4_ALT_CEM_2", "mode": "H_REAL3_REPLAN"}
/workspace/r10/env_old/lib/python3.12/site-packages/gymnasium/utils/passive_env_checker.py:129: UserWarning: [33mWARN: The obs returned by the `reset()` method was expecting a numpy array, actual type: <class 'torch.Tensor'>[0m
  logger.warn(
/workspace/r10/env_old/lib/python3.12/site-packages/gymnasium/spaces/box.py:415: UserWarning: [33mWARN: Casting input x to numpy array.[0m
  gym.logger.warn("Casting input x to numpy array.")
CEM solve time: 1.6718 seconds
/workspace/r10/env_old/lib/python3.12/site-packages/gymnasium/utils/passive_env_checker.py:129: UserWarning: [33mWARN: The obs returned by the `step()` method was expecting a numpy array, actual type: <class 'torch.Tensor'>[0m
  logger.warn(
/workspace/r10/env_old/lib/python3.12/site-packages/gymnasium/spaces/box.py:415: UserWarning: [33mWARN: Casting input x to numpy array.[0m
  gym.logger.warn("Casting input x to numpy array.")
/workspace/r10/env_old/lib/python3.12/site-packages/gymnasium/utils/passive_env_checker.py:129: UserWarning: [33mWARN: The obs returned by the `reset()` method was expecting a numpy array, actual type: <class 'torch.Tensor'>[0m
  logger.warn(
/workspace/r10/env_old/lib/python3.12/site-packages/gymnasium/spaces/box.py:415: UserWarning: [33mWARN: Casting input x to numpy array.[0m
  gym.logger.warn("Casting input x to numpy array.")
CEM solve time: 1.6695 seconds
/workspace/r10/env_old/lib/python3.12/site-packages/gymnasium/utils/passive_env_checker.py:129: UserWarning: [33mWARN: The obs returned by the `step()` method was expecting a numpy array, actual type: <class 'torch.Tensor'>[0m
  logger.warn(
/workspace/r10/env_old/lib/python3.12/site-packages/gymnasium/spaces/box.py:415: UserWarning: [33mWARN: Casting input x to numpy array.[0m
  gym.logger.warn("Casting input x to numpy array.")
{"completed": 127, "missing": 0, "case": "R8_tworoom_051a0810ac344676a8395c84", "arm": "REFIT_103203", "stream": "R3_ORIGINAL", "mode": "H_REAL3_REPLAN"}
/workspace/r10/env_old/lib/python3.12/site-packages/gymnasium/utils/passive_env_checker.py:129: UserWarning: [33mWARN: The obs returned by the `reset()` method was expecting a numpy array, actual type: <class 'torch.Tensor'>[0m
  logger.warn(
/workspace/r10/env_old/lib/python3.12/site-packages/gymnasium/spaces/box.py:415: UserWarning: [33mWARN: Casting input x to numpy array.[0m
  gym.logger.warn("Casting input x to numpy array.")
CEM solve time: 1.6659 seconds
/workspace/r10/env_old/lib/python3.12/site-packages/gymnasium/utils/passive_env_checker.py:129: UserWarning: [33mWARN: The obs returned by the `step()` method was expecting a numpy array, actual type: <class 'torch.Tensor'>[0m
  logger.warn(
/workspace/r10/env_old/lib/python3.12/site-packages/gymnasium/spaces/box.py:415: UserWarning: [33mWARN: Casting input x to numpy array.[0m
  gym.logger.warn("Casting input x to numpy array.")
/workspace/r10/env_old/lib/python3.12/site-packages/gymnasium/utils/passive_env_checker.py:129: UserWarning: [33mWARN: The obs returned by the `reset()` method was expecting a numpy array, actual type: <class 'torch.Tensor'>[0m
  logger.warn(
/workspace/r10/env_old/lib/python3.12/site-packages/gymnasium/spaces/box.py:415: UserWarning: [33mWARN: Casting input x to numpy array.[0m
  gym.logger.warn("Casting input x to numpy array.")
CEM solve time: 1.6670 seconds
/workspace/r10/env_old/lib/python3.12/site-packages/gymnasium/utils/passive_env_checker.py:129: UserWarning: [33mWARN: The obs returned by the `step()` method was expecting a numpy array, actual type: <class 'torch.Tensor'>[0m
  logger.warn(
/workspace/r10/env_old/lib/python3.12/site-packages/gymnasium/spaces/box.py:415: UserWarning: [33mWARN: Casting input x to numpy array.[0m
  gym.logger.warn("Casting input x to numpy array.")
{"completed": 128, "missing": 0, "case": "R8_tworoom_051a0810ac344676a8395c84", "arm": "REFIT_103203", "stream": "R4_ALT_CEM_1", "mode": "H_REAL3_REPLAN"}
/workspace/r10/env_old/lib/python3.12/site-packages/gymnasium/utils/passive_env_checker.py:129: UserWarning: [33mWARN: The obs returned by the `reset()` method was expecting a numpy array, actual type: <class 'torch.Tensor'>[0m
  logger.warn(
/workspace/r10/env_old/lib/python3.12/site-packages/gymnasium/spaces/box.py:415: UserWarning: [33mWARN: Casting input x to numpy array.[0m
  gym.logger.warn("Casting input x to numpy array.")
CEM solve time: 1.6631 seconds
/workspace/r10/env_old/lib/python3.12/site-packages/gymnasium/utils/passive_env_checker.py:129: UserWarning: [33mWARN: The obs returned by the `step()` method was expecting a numpy array, actual type: <class 'torch.Tensor'>[0m
  logger.warn(
/workspace/r10/env_old/lib/python3.12/site-packages/gymnasium/spaces/box.py:415: UserWarning: [33mWARN: Casting input x to numpy array.[0m
  gym.logger.warn("Casting input x to numpy array.")
/workspace/r10/env_old/lib/python3.12/site-packages/gymnasium/utils/passive_env_checker.py:129: UserWarning: [33mWARN: The obs returned by the `reset()` method was expecting a numpy array, actual type: <class 'torch.Tensor'>[0m
  logger.warn(
/workspace/r10/env_old/lib/python3.12/site-packages/gymnasium/spaces/box.py:415: UserWarning: [33mWARN: Casting input x to numpy array.[0m
  gym.logger.warn("Casting input x to numpy array.")
CEM solve time: 1.6680 seconds
/workspace/r10/env_old/lib/python3.12/site-packages/gymnasium/utils/passive_env_checker.py:129: UserWarning: [33mWARN: The obs returned by the `step()` method was expecting a numpy array, actual type: <class 'torch.Tensor'>[0m
  logger.warn(
/workspace/r10/env_old/lib/python3.12/site-packages/gymnasium/spaces/box.py:415: UserWarning: [33mWARN: Casting input x to numpy array.[0m
  gym.logger.warn("Casting input x to numpy array.")
{"completed": 129, "missing": 0, "case": "R8_tworoom_051a0810ac344676a8395c84", "arm": "REFIT_103203", "stream": "R4_ALT_CEM_2", "mode": "H_REAL3_REPLAN"}
/workspace/r10/env_old/lib/python3.12/site-packages/gymnasium/utils/passive_env_checker.py:129: UserWarning: [33mWARN: The obs returned by the `reset()` method was expecting a numpy array, actual type: <class 'torch.Tensor'>[0m
  logger.warn(
/workspace/r10/env_old/lib/python3.12/site-packages/gymnasium/spaces/box.py:415: UserWarning: [33mWARN: Casting input x to numpy array.[0m
  gym.logger.warn("Casting input x to numpy array.")
CEM solve time: 1.6643 seconds
/workspace/r10/env_old/lib/python3.12/site-packages/gymnasium/utils/passive_env_checker.py:129: UserWarning: [33mWARN: The obs returned by the `step()` method was expecting a numpy array, actual type: <class 'torch.Tensor'>[0m
  logger.warn(
/workspace/r10/env_old/lib/python3.12/site-packages/gymnasium/spaces/box.py:415: UserWarning: [33mWARN: Casting input x to numpy array.[0m
  gym.logger.warn("Casting input x to numpy array.")
CEM solve time: 1.6636 seconds
/workspace/r10/env_old/lib/python3.12/site-packages/gymnasium/utils/passive_env_checker.py:129: UserWarning: [33mWARN: The obs returned by the `reset()` method was expecting a numpy array, actual type: <class 'torch.Tensor'>[0m
  logger.warn(
/workspace/r10/env_old/lib/python3.12/site-packages/gymnasium/spaces/box.py:415: UserWarning: [33mWARN: Casting input x to numpy array.[0m
  gym.logger.warn("Casting input x to numpy array.")
CEM solve time: 1.6656 seconds
/workspace/r10/env_old/lib/python3.12/site-packages/gymnasium/utils/passive_env_checker.py:129: UserWarning: [33mWARN: The obs returned by the `step()` method was expecting a numpy array, actual type: <class 'torch.Tensor'>[0m
  logger.warn(
/workspace/r10/env_old/lib/python3.12/site-packages/gymnasium/spaces/box.py:415: UserWarning: [33mWARN: Casting input x to numpy array.[0m
  gym.logger.warn("Casting input x to numpy array.")
CEM solve time: 1.6767 seconds
{"completed": 130, "missing": 0, "case": "R8_tworoom_057cd69d9b64f0206c13beb0", "arm": "REFIT_103203", "stream": "R3_ORIGINAL", "mode": "H_REAL3_REPLAN"}
/workspace/r10/env_old/lib/python3.12/site-packages/gymnasium/utils/passive_env_checker.py:129: UserWarning: [33mWARN: The obs returned by the `reset()` method was expecting a numpy array, actual type: <class 'torch.Tensor'>[0m
  logger.warn(
/workspace/r10/env_old/lib/python3.12/site-packages/gymnasium/spaces/box.py:415: UserWarning: [33mWARN: Casting input x to numpy array.[0m
  gym.logger.warn("Casting input x to numpy array.")
CEM solve time: 1.6643 seconds
/workspace/r10/env_old/lib/python3.12/site-packages/gymnasium/utils/passive_env_checker.py:129: UserWarning: [33mWARN: The obs returned by the `step()` method was expecting a numpy array, actual type: <class 'torch.Tensor'>[0m
  logger.warn(
/workspace/r10/env_old/lib/python3.12/site-packages/gymnasium/spaces/box.py:415: UserWarning: [33mWARN: Casting input x to numpy array.[0m
  gym.logger.warn("Casting input x to numpy array.")
CEM solve time: 1.6642 seconds
/workspace/r10/env_old/lib/python3.12/site-packages/gymnasium/utils/passive_env_checker.py:129: UserWarning: [33mWARN: The obs returned by the `reset()` method was expecting a numpy array, actual type: <class 'torch.Tensor'>[0m
  logger.warn(
/workspace/r10/env_old/lib/python3.12/site-packages/gymnasium/spaces/box.py:415: UserWarning: [33mWARN: Casting input x to numpy array.[0m
  gym.logger.warn("Casting input x to numpy array.")
CEM solve time: 1.6662 seconds
/workspace/r10/env_old/lib/python3.12/site-packages/gymnasium/utils/passive_env_checker.py:129: UserWarning: [33mWARN: The obs returned by the `step()` method was expecting a numpy array, actual type: <class 'torch.Tensor'>[0m
  logger.warn(
/workspace/r10/env_old/lib/python3.12/site-packages/gymnasium/spaces/box.py:415: UserWarning: [33mWARN: Casting input x to numpy array.[0m
  gym.logger.warn("Casting input x to numpy array.")
CEM solve time: 1.6773 seconds
{"completed": 131, "missing": 0, "case": "R8_tworoom_057cd69d9b64f0206c13beb0", "arm": "REFIT_103203", "stream": "R4_ALT_CEM_1", "mode": "H_REAL3_REPLAN"}
/workspace/r10/env_old/lib/python3.12/site-packages/gymnasium/utils/passive_env_checker.py:129: UserWarning: [33mWARN: The obs returned by the `reset()` method was expecting a numpy array, actual type: <class 'torch.Tensor'>[0m
  logger.warn(
/workspace/r10/env_old/lib/python3.12/site-packages/gymnasium/spaces/box.py:415: UserWarning: [33mWARN: Casting input x to numpy array.[0m
  gym.logger.warn("Casting input x to numpy array.")
CEM solve time: 1.6646 seconds
/workspace/r10/env_old/lib/python3.12/site-packages/gymnasium/utils/passive_env_checker.py:129: UserWarning: [33mWARN: The obs returned by the `step()` method was expecting a numpy array, actual type: <class 'torch.Tensor'>[0m
  logger.warn(
/workspace/r10/env_old/lib/python3.12/site-packages/gymnasium/spaces/box.py:415: UserWarning: [33mWARN: Casting input x to numpy array.[0m
  gym.logger.warn("Casting input x to numpy array.")
CEM solve time: 1.6674 seconds
/workspace/r10/env_old/lib/python3.12/site-packages/gymnasium/utils/passive_env_checker.py:129: UserWarning: [33mWARN: The obs returned by the `reset()` method was expecting a numpy array, actual type: <class 'torch.Tensor'>[0m
  logger.warn(
/workspace/r10/env_old/lib/python3.12/site-packages/gymnasium/spaces/box.py:415: UserWarning: [33mWARN: Casting input x to numpy array.[0m
  gym.logger.warn("Casting input x to numpy array.")
CEM solve time: 1.6678 seconds
/workspace/r10/env_old/lib/python3.12/site-packages/gymnasium/utils/passive_env_checker.py:129: UserWarning: [33mWARN: The obs returned by the `step()` method was expecting a numpy array, actual type: <class 'torch.Tensor'>[0m
  logger.warn(
/workspace/r10/env_old/lib/python3.12/site-packages/gymnasium/spaces/box.py:415: UserWarning: [33mWARN: Casting input x to numpy array.[0m
  gym.logger.warn("Casting input x to numpy array.")
CEM solve time: 1.6769 seconds
{"completed": 132, "missing": 0, "case": "R8_tworoom_057cd69d9b64f0206c13beb0", "arm": "REFIT_103203", "stream": "R4_ALT_CEM_2", "mode": "H_REAL3_REPLAN"}
/workspace/r10/env_old/lib/python3.12/site-packages/gymnasium/utils/passive_env_checker.py:129: UserWarning: [33mWARN: The obs returned by the `reset()` method was expecting a numpy array, actual type: <class 'torch.Tensor'>[0m
  logger.warn(
/workspace/r10/env_old/lib/python3.12/site-packages/gymnasium/spaces/box.py:415: UserWarning: [33mWARN: Casting input x to numpy array.[0m
  gym.logger.warn("Casting input x to numpy array.")
CEM solve time: 1.6686 seconds
/workspace/r10/env_old/lib/python3.12/site-packages/gymnasium/utils/passive_env_checker.py:129: UserWarning: [33mWARN: The obs returned by the `step()` method was expecting a numpy array, actual type: <class 'torch.Tensor'>[0m
  logger.warn(
/workspace/r10/env_old/lib/python3.12/site-packages/gymnasium/spaces/box.py:415: UserWarning: [33mWARN: Casting input x to numpy array.[0m
  gym.logger.warn("Casting input x to numpy array.")
CEM solve time: 1.6670 seconds
/workspace/r10/env_old/lib/python3.12/site-packages/gymnasium/utils/passive_env_checker.py:129: UserWarning: [33mWARN: The obs returned by the `reset()` method was expecting a numpy array, actual type: <class 'torch.Tensor'>[0m
  logger.warn(
/workspace/r10/env_old/lib/python3.12/site-packages/gymnasium/spaces/box.py:415: UserWarning: [33mWARN: Casting input x to numpy array.[0m
  gym.logger.warn("Casting input x to numpy array.")
CEM solve time: 1.6688 seconds
/workspace/r10/env_old/lib/python3.12/site-packages/gymnasium/utils/passive_env_checker.py:129: UserWarning: [33mWARN: The obs returned by the `step()` method was expecting a numpy array, actual type: <class 'torch.Tensor'>[0m
  logger.warn(
/workspace/r10/env_old/lib/python3.12/site-packages/gymnasium/spaces/box.py:415: UserWarning: [33mWARN: Casting input x to numpy array.[0m
  gym.logger.warn("Casting input x to numpy array.")
CEM solve time: 1.6757 seconds
{"completed": 133, "missing": 0, "case": "R8_tworoom_066f598a0fcd4e4340ccefa8", "arm": "REFIT_103203", "stream": "R3_ORIGINAL", "mode": "H_REAL3_REPLAN"}
/workspace/r10/env_old/lib/python3.12/site-packages/gymnasium/utils/passive_env_checker.py:129: UserWarning: [33mWARN: The obs returned by the `reset()` method was expecting a numpy array, actual type: <class 'torch.Tensor'>[0m
  logger.warn(
/workspace/r10/env_old/lib/python3.12/site-packages/gymnasium/spaces/box.py:415: UserWarning: [33mWARN: Casting input x to numpy array.[0m
  gym.logger.warn("Casting input x to numpy array.")
CEM solve time: 1.6764 seconds
/workspace/r10/env_old/lib/python3.12/site-packages/gymnasium/utils/passive_env_checker.py:129: UserWarning: [33mWARN: The obs returned by the `step()` method was expecting a numpy array, actual type: <class 'torch.Tensor'>[0m
  logger.warn(
/workspace/r10/env_old/lib/python3.12/site-packages/gymnasium/spaces/box.py:415: UserWarning: [33mWARN: Casting input x to numpy array.[0m
  gym.logger.warn("Casting input x to numpy array.")
CEM solve time: 1.6699 seconds
/workspace/r10/env_old/lib/python3.12/site-packages/gymnasium/utils/passive_env_checker.py:129: UserWarning: [33mWARN: The obs returned by the `reset()` method was expecting a numpy array, actual type: <class 'torch.Tensor'>[0m
  logger.warn(
/workspace/r10/env_old/lib/python3.12/site-packages/gymnasium/spaces/box.py:415: UserWarning: [33mWARN: Casting input x to numpy array.[0m
  gym.logger.warn("Casting input x to numpy array.")
CEM solve time: 1.6708 seconds
/workspace/r10/env_old/lib/python3.12/site-packages/gymnasium/utils/passive_env_checker.py:129: UserWarning: [33mWARN: The obs returned by the `step()` method was expecting a numpy array, actual type: <class 'torch.Tensor'>[0m
  logger.warn(
/workspace/r10/env_old/lib/python3.12/site-packages/gymnasium/spaces/box.py:415: UserWarning: [33mWARN: Casting input x to numpy array.[0m
  gym.logger.warn("Casting input x to numpy array.")
CEM solve time: 1.6764 seconds
{"completed": 134, "missing": 0, "case": "R8_tworoom_066f598a0fcd4e4340ccefa8", "arm": "REFIT_103203", "stream": "R4_ALT_CEM_1", "mode": "H_REAL3_REPLAN"}
/workspace/r10/env_old/lib/python3.12/site-packages/gymnasium/utils/passive_env_checker.py:129: UserWarning: [33mWARN: The obs returned by the `reset()` method was expecting a numpy array, actual type: <class 'torch.Tensor'>[0m
  logger.warn(
/workspace/r10/env_old/lib/python3.12/site-packages/gymnasium/spaces/box.py:415: UserWarning: [33mWARN: Casting input x to numpy array.[0m
  gym.logger.warn("Casting input x to numpy array.")
CEM solve time: 1.6717 seconds
/workspace/r10/env_old/lib/python3.12/site-packages/gymnasium/utils/passive_env_checker.py:129: UserWarning: [33mWARN: The obs returned by the `step()` method was expecting a numpy array, actual type: <class 'torch.Tensor'>[0m
  logger.warn(
/workspace/r10/env_old/lib/python3.12/site-packages/gymnasium/spaces/box.py:415: UserWarning: [33mWARN: Casting input x to numpy array.[0m
  gym.logger.warn("Casting input x to numpy array.")
CEM solve time: 1.6663 seconds
/workspace/r10/env_old/lib/python3.12/site-packages/gymnasium/utils/passive_env_checker.py:129: UserWarning: [33mWARN: The obs returned by the `reset()` method was expecting a numpy array, actual type: <class 'torch.Tensor'>[0m
  logger.warn(
/workspace/r10/env_old/lib/python3.12/site-packages/gymnasium/spaces/box.py:415: UserWarning: [33mWARN: Casting input x to numpy array.[0m
  gym.logger.warn("Casting input x to numpy array.")
CEM solve time: 1.6696 seconds
/workspace/r10/env_old/lib/python3.12/site-packages/gymnasium/utils/passive_env_checker.py:129: UserWarning: [33mWARN: The obs returned by the `step()` method was expecting a numpy array, actual type: <class 'torch.Tensor'>[0m
  logger.warn(
/workspace/r10/env_old/lib/python3.12/site-packages/gymnasium/spaces/box.py:415: UserWarning: [33mWARN: Casting input x to numpy array.[0m
  gym.logger.warn("Casting input x to numpy array.")
CEM solve time: 1.7086 seconds
{"completed": 135, "missing": 0, "case": "R8_tworoom_066f598a0fcd4e4340ccefa8", "arm": "REFIT_103203", "stream": "R4_ALT_CEM_2", "mode": "H_REAL3_REPLAN"}
/workspace/r10/env_old/lib/python3.12/site-packages/gymnasium/utils/passive_env_checker.py:129: UserWarning: [33mWARN: The obs returned by the `reset()` method was expecting a numpy array, actual type: <class 'torch.Tensor'>[0m
  logger.warn(
/workspace/r10/env_old/lib/python3.12/site-packages/gymnasium/spaces/box.py:415: UserWarning: [33mWARN: Casting input x to numpy array.[0m
  gym.logger.warn("Casting input x to numpy array.")
CEM solve time: 1.7064 seconds
/workspace/r10/env_old/lib/python3.12/site-packages/gymnasium/utils/passive_env_checker.py:129: UserWarning: [33mWARN: The obs returned by the `step()` method was expecting a numpy array, actual type: <class 'torch.Tensor'>[0m
  logger.warn(
/workspace/r10/env_old/lib/python3.12/site-packages/gymnasium/spaces/box.py:415: UserWarning: [33mWARN: Casting input x to numpy array.[0m
  gym.logger.warn("Casting input x to numpy array.")
CEM solve time: 1.6622 seconds
/workspace/r10/env_old/lib/python3.12/site-packages/gymnasium/utils/passive_env_checker.py:129: UserWarning: [33mWARN: The obs returned by the `reset()` method was expecting a numpy array, actual type: <class 'torch.Tensor'>[0m
  logger.warn(
/workspace/r10/env_old/lib/python3.12/site-packages/gymnasium/spaces/box.py:415: UserWarning: [33mWARN: Casting input x to numpy array.[0m
  gym.logger.warn("Casting input x to numpy array.")
CEM solve time: 1.6757 seconds
/workspace/r10/env_old/lib/python3.12/site-packages/gymnasium/utils/passive_env_checker.py:129: UserWarning: [33mWARN: The obs returned by the `step()` method was expecting a numpy array, actual type: <class 'torch.Tensor'>[0m
  logger.warn(
/workspace/r10/env_old/lib/python3.12/site-packages/gymnasium/spaces/box.py:415: UserWarning: [33mWARN: Casting input x to numpy array.[0m
  gym.logger.warn("Casting input x to numpy array.")
CEM solve time: 1.6779 seconds
{"completed": 136, "missing": 0, "case": "R8_tworoom_073c59bd6200ef6e33ce3e74", "arm": "REFIT_103203", "stream": "R3_ORIGINAL", "mode": "H_REAL3_REPLAN"}
/workspace/r10/env_old/lib/python3.12/site-packages/gymnasium/utils/passive_env_checker.py:129: UserWarning: [33mWARN: The obs returned by the `reset()` method was expecting a numpy array, actual type: <class 'torch.Tensor'>[0m
  logger.warn(
/workspace/r10/env_old/lib/python3.12/site-packages/gymnasium/spaces/box.py:415: UserWarning: [33mWARN: Casting input x to numpy array.[0m
  gym.logger.warn("Casting input x to numpy array.")
CEM solve time: 1.6686 seconds
/workspace/r10/env_old/lib/python3.12/site-packages/gymnasium/utils/passive_env_checker.py:129: UserWarning: [33mWARN: The obs returned by the `step()` method was expecting a numpy array, actual type: <class 'torch.Tensor'>[0m
  logger.warn(
/workspace/r10/env_old/lib/python3.12/site-packages/gymnasium/spaces/box.py:415: UserWarning: [33mWARN: Casting input x to numpy array.[0m
  gym.logger.warn("Casting input x to numpy array.")
CEM solve time: 1.6680 seconds
/workspace/r10/env_old/lib/python3.12/site-packages/gymnasium/utils/passive_env_checker.py:129: UserWarning: [33mWARN: The obs returned by the `reset()` method was expecting a numpy array, actual type: <class 'torch.Tensor'>[0m
  logger.warn(
/workspace/r10/env_old/lib/python3.12/site-packages/gymnasium/spaces/box.py:415: UserWarning: [33mWARN: Casting input x to numpy array.[0m
  gym.logger.warn("Casting input x to numpy array.")
CEM solve time: 1.6638 seconds
/workspace/r10/env_old/lib/python3.12/site-packages/gymnasium/utils/passive_env_checker.py:129: UserWarning: [33mWARN: The obs returned by the `step()` method was expecting a numpy array, actual type: <class 'torch.Tensor'>[0m
  logger.warn(
/workspace/r10/env_old/lib/python3.12/site-packages/gymnasium/spaces/box.py:415: UserWarning: [33mWARN: Casting input x to numpy array.[0m
  gym.logger.warn("Casting input x to numpy array.")
CEM solve time: 1.6737 seconds
{"completed": 137, "missing": 0, "case": "R8_tworoom_073c59bd6200ef6e33ce3e74", "arm": "REFIT_103203", "stream": "R4_ALT_CEM_1", "mode": "H_REAL3_REPLAN"}
/workspace/r10/env_old/lib/python3.12/site-packages/gymnasium/utils/passive_env_checker.py:129: UserWarning: [33mWARN: The obs returned by the `reset()` method was expecting a numpy array, actual type: <class 'torch.Tensor'>[0m
  logger.warn(
/workspace/r10/env_old/lib/python3.12/site-packages/gymnasium/spaces/box.py:415: UserWarning: [33mWARN: Casting input x to numpy array.[0m
  gym.logger.warn("Casting input x to numpy array.")
CEM solve time: 1.6794 seconds
/workspace/r10/env_old/lib/python3.12/site-packages/gymnasium/utils/passive_env_checker.py:129: UserWarning: [33mWARN: The obs returned by the `step()` method was expecting a numpy array, actual type: <class 'torch.Tensor'>[0m
  logger.warn(
/workspace/r10/env_old/lib/python3.12/site-packages/gymnasium/spaces/box.py:415: UserWarning: [33mWARN: Casting input x to numpy array.[0m
  gym.logger.warn("Casting input x to numpy array.")
CEM solve time: 1.6675 seconds
/workspace/r10/env_old/lib/python3.12/site-packages/gymnasium/utils/passive_env_checker.py:129: UserWarning: [33mWARN: The obs returned by the `reset()` method was expecting a numpy array, actual type: <class 'torch.Tensor'>[0m
  logger.warn(
/workspace/r10/env_old/lib/python3.12/site-packages/gymnasium/spaces/box.py:415: UserWarning: [33mWARN: Casting input x to numpy array.[0m
  gym.logger.warn("Casting input x to numpy array.")
CEM solve time: 1.6704 seconds
/workspace/r10/env_old/lib/python3.12/site-packages/gymnasium/utils/passive_env_checker.py:129: UserWarning: [33mWARN: The obs returned by the `step()` method was expecting a numpy array, actual type: <class 'torch.Tensor'>[0m
  logger.warn(
/workspace/r10/env_old/lib/python3.12/site-packages/gymnasium/spaces/box.py:415: UserWarning: [33mWARN: Casting input x to numpy array.[0m
  gym.logger.warn("Casting input x to numpy array.")
CEM solve time: 1.6960 seconds
{"completed": 138, "missing": 0, "case": "R8_tworoom_073c59bd6200ef6e33ce3e74", "arm": "REFIT_103203", "stream": "R4_ALT_CEM_2", "mode": "H_REAL3_REPLAN"}
/workspace/r10/env_old/lib/python3.12/site-packages/gymnasium/utils/passive_env_checker.py:129: UserWarning: [33mWARN: The obs returned by the `reset()` method was expecting a numpy array, actual type: <class 'torch.Tensor'>[0m
  logger.warn(
/workspace/r10/env_old/lib/python3.12/site-packages/gymnasium/spaces/box.py:415: UserWarning: [33mWARN: Casting input x to numpy array.[0m
  gym.logger.warn("Casting input x to numpy array.")
CEM solve time: 1.6729 seconds
/workspace/r10/env_old/lib/python3.12/site-packages/gymnasium/utils/passive_env_checker.py:129: UserWarning: [33mWARN: The obs returned by the `step()` method was expecting a numpy array, actual type: <class 'torch.Tensor'>[0m
  logger.warn(
/workspace/r10/env_old/lib/python3.12/site-packages/gymnasium/spaces/box.py:415: UserWarning: [33mWARN: Casting input x to numpy array.[0m
  gym.logger.warn("Casting input x to numpy array.")
CEM solve time: 1.6638 seconds
/workspace/r10/env_old/lib/python3.12/site-packages/gymnasium/utils/passive_env_checker.py:129: UserWarning: [33mWARN: The obs returned by the `reset()` method was expecting a numpy array, actual type: <class 'torch.Tensor'>[0m
  logger.warn(
/workspace/r10/env_old/lib/python3.12/site-packages/gymnasium/spaces/box.py:415: UserWarning: [33mWARN: Casting input x to numpy array.[0m
  gym.logger.warn("Casting input x to numpy array.")
CEM solve time: 1.6796 seconds
/workspace/r10/env_old/lib/python3.12/site-packages/gymnasium/utils/passive_env_checker.py:129: UserWarning: [33mWARN: The obs returned by the `step()` method was expecting a numpy array, actual type: <class 'torch.Tensor'>[0m
  logger.warn(
/workspace/r10/env_old/lib/python3.12/site-packages/gymnasium/spaces/box.py:415: UserWarning: [33mWARN: Casting input x to numpy array.[0m
  gym.logger.warn("Casting input x to numpy array.")
CEM solve time: 1.8162 seconds
{"completed": 139, "missing": 0, "case": "R8_tworoom_07c9d6108d179b32ff54d64c", "arm": "REFIT_103203", "stream": "R3_ORIGINAL", "mode": "H_REAL3_REPLAN"}
/workspace/r10/env_old/lib/python3.12/site-packages/gymnasium/utils/passive_env_checker.py:129: UserWarning: [33mWARN: The obs returned by the `reset()` method was expecting a numpy array, actual type: <class 'torch.Tensor'>[0m
  logger.warn(
/workspace/r10/env_old/lib/python3.12/site-packages/gymnasium/spaces/box.py:415: UserWarning: [33mWARN: Casting input x to numpy array.[0m
  gym.logger.warn("Casting input x to numpy array.")
CEM solve time: 1.8199 seconds
/workspace/r10/env_old/lib/python3.12/site-packages/gymnasium/utils/passive_env_checker.py:129: UserWarning: [33mWARN: The obs returned by the `step()` method was expecting a numpy array, actual type: <class 'torch.Tensor'>[0m
  logger.warn(
/workspace/r10/env_old/lib/python3.12/site-packages/gymnasium/spaces/box.py:415: UserWarning: [33mWARN: Casting input x to numpy array.[0m
  gym.logger.warn("Casting input x to numpy array.")
/workspace/r10/env_old/lib/python3.12/site-packages/gymnasium/utils/passive_env_checker.py:129: UserWarning: [33mWARN: The obs returned by the `reset()` method was expecting a numpy array, actual type: <class 'torch.Tensor'>[0m
  logger.warn(
/workspace/r10/env_old/lib/python3.12/site-packages/gymnasium/spaces/box.py:415: UserWarning: [33mWARN: Casting input x to numpy array.[0m
  gym.logger.warn("Casting input x to numpy array.")
CEM solve time: 1.8358 seconds
/workspace/r10/env_old/lib/python3.12/site-packages/gymnasium/utils/passive_env_checker.py:129: UserWarning: [33mWARN: The obs returned by the `step()` method was expecting a numpy array, actual type: <class 'torch.Tensor'>[0m
  logger.warn(
/workspace/r10/env_old/lib/python3.12/site-packages/gymnasium/spaces/box.py:415: UserWarning: [33mWARN: Casting input x to numpy array.[0m
  gym.logger.warn("Casting input x to numpy array.")
{"completed": 140, "missing": 0, "case": "R8_tworoom_07c9d6108d179b32ff54d64c", "arm": "REFIT_103203", "stream": "R4_ALT_CEM_1", "mode": "H_REAL3_REPLAN"}
/workspace/r10/env_old/lib/python3.12/site-packages/gymnasium/utils/passive_env_checker.py:129: UserWarning: [33mWARN: The obs returned by the `reset()` method was expecting a numpy array, actual type: <class 'torch.Tensor'>[0m
  logger.warn(
/workspace/r10/env_old/lib/python3.12/site-packages/gymnasium/spaces/box.py:415: UserWarning: [33mWARN: Casting input x to numpy array.[0m
  gym.logger.warn("Casting input x to numpy array.")
CEM solve time: 1.6680 seconds
/workspace/r10/env_old/lib/python3.12/site-packages/gymnasium/utils/passive_env_checker.py:129: UserWarning: [33mWARN: The obs returned by the `step()` method was expecting a numpy array, actual type: <class 'torch.Tensor'>[0m
  logger.warn(
/workspace/r10/env_old/lib/python3.12/site-packages/gymnasium/spaces/box.py:415: UserWarning: [33mWARN: Casting input x to numpy array.[0m
  gym.logger.warn("Casting input x to numpy array.")
/workspace/r10/env_old/lib/python3.12/site-packages/gymnasium/utils/passive_env_checker.py:129: UserWarning: [33mWARN: The obs returned by the `reset()` method was expecting a numpy array, actual type: <class 'torch.Tensor'>[0m
  logger.warn(
/workspace/r10/env_old/lib/python3.12/site-packages/gymnasium/spaces/box.py:415: UserWarning: [33mWARN: Casting input x to numpy array.[0m
  gym.logger.warn("Casting input x to numpy array.")
CEM solve time: 1.6714 seconds
/workspace/r10/env_old/lib/python3.12/site-packages/gymnasium/utils/passive_env_checker.py:129: UserWarning: [33mWARN: The obs returned by the `step()` method was expecting a numpy array, actual type: <class 'torch.Tensor'>[0m
  logger.warn(
/workspace/r10/env_old/lib/python3.12/site-packages/gymnasium/spaces/box.py:415: UserWarning: [33mWARN: Casting input x to numpy array.[0m
  gym.logger.warn("Casting input x to numpy array.")
{"completed": 141, "missing": 0, "case": "R8_tworoom_07c9d6108d179b32ff54d64c", "arm": "REFIT_103203", "stream": "R4_ALT_CEM_2", "mode": "H_REAL3_REPLAN"}
/workspace/r10/env_old/lib/python3.12/site-packages/gymnasium/utils/passive_env_checker.py:129: UserWarning: [33mWARN: The obs returned by the `reset()` method was expecting a numpy array, actual type: <class 'torch.Tensor'>[0m
  logger.warn(
/workspace/r10/env_old/lib/python3.12/site-packages/gymnasium/spaces/box.py:415: UserWarning: [33mWARN: Casting input x to numpy array.[0m
  gym.logger.warn("Casting input x to numpy array.")
CEM solve time: 1.6681 seconds
/workspace/r10/env_old/lib/python3.12/site-packages/gymnasium/utils/passive_env_checker.py:129: UserWarning: [33mWARN: The obs returned by the `step()` method was expecting a numpy array, actual type: <class 'torch.Tensor'>[0m
  logger.warn(
/workspace/r10/env_old/lib/python3.12/site-packages/gymnasium/spaces/box.py:415: UserWarning: [33mWARN: Casting input x to numpy array.[0m
  gym.logger.warn("Casting input x to numpy array.")
/workspace/r10/env_old/lib/python3.12/site-packages/gymnasium/utils/passive_env_checker.py:129: UserWarning: [33mWARN: The obs returned by the `reset()` method was expecting a numpy array, actual type: <class 'torch.Tensor'>[0m
  logger.warn(
/workspace/r10/env_old/lib/python3.12/site-packages/gymnasium/spaces/box.py:415: UserWarning: [33mWARN: Casting input x to numpy array.[0m
  gym.logger.warn("Casting input x to numpy array.")
CEM solve time: 1.6656 seconds
/workspace/r10/env_old/lib/python3.12/site-packages/gymnasium/utils/passive_env_checker.py:129: UserWarning: [33mWARN: The obs returned by the `step()` method was expecting a numpy array, actual type: <class 'torch.Tensor'>[0m
  logger.warn(
/workspace/r10/env_old/lib/python3.12/site-packages/gymnasium/spaces/box.py:415: UserWarning: [33mWARN: Casting input x to numpy array.[0m
  gym.logger.warn("Casting input x to numpy array.")
{"completed": 142, "missing": 0, "case": "R8_tworoom_084c4ee8b76ad244548c7ccc", "arm": "REFIT_103203", "stream": "R3_ORIGINAL", "mode": "H_REAL3_REPLAN"}
/workspace/r10/env_old/lib/python3.12/site-packages/gymnasium/utils/passive_env_checker.py:129: UserWarning: [33mWARN: The obs returned by the `reset()` method was expecting a numpy array, actual type: <class 'torch.Tensor'>[0m
  logger.warn(
/workspace/r10/env_old/lib/python3.12/site-packages/gymnasium/spaces/box.py:415: UserWarning: [33mWARN: Casting input x to numpy array.[0m
  gym.logger.warn("Casting input x to numpy array.")
CEM solve time: 1.6676 seconds
/workspace/r10/env_old/lib/python3.12/site-packages/gymnasium/utils/passive_env_checker.py:129: UserWarning: [33mWARN: The obs returned by the `step()` method was expecting a numpy array, actual type: <class 'torch.Tensor'>[0m
  logger.warn(
/workspace/r10/env_old/lib/python3.12/site-packages/gymnasium/spaces/box.py:415: UserWarning: [33mWARN: Casting input x to numpy array.[0m
  gym.logger.warn("Casting input x to numpy array.")
/workspace/r10/env_old/lib/python3.12/site-packages/gymnasium/utils/passive_env_checker.py:129: UserWarning: [33mWARN: The obs returned by the `reset()` method was expecting a numpy array, actual type: <class 'torch.Tensor'>[0m
  logger.warn(
/workspace/r10/env_old/lib/python3.12/site-packages/gymnasium/spaces/box.py:415: UserWarning: [33mWARN: Casting input x to numpy array.[0m
  gym.logger.warn("Casting input x to numpy array.")
CEM solve time: 1.6697 seconds
/workspace/r10/env_old/lib/python3.12/site-packages/gymnasium/utils/passive_env_checker.py:129: UserWarning: [33mWARN: The obs returned by the `step()` method was expecting a numpy array, actual type: <class 'torch.Tensor'>[0m
  logger.warn(
/workspace/r10/env_old/lib/python3.12/site-packages/gymnasium/spaces/box.py:415: UserWarning: [33mWARN: Casting input x to numpy array.[0m
  gym.logger.warn("Casting input x to numpy array.")
{"completed": 143, "missing": 0, "case": "R8_tworoom_084c4ee8b76ad244548c7ccc", "arm": "REFIT_103203", "stream": "R4_ALT_CEM_1", "mode": "H_REAL3_REPLAN"}
/workspace/r10/env_old/lib/python3.12/site-packages/gymnasium/utils/passive_env_checker.py:129: UserWarning: [33mWARN: The obs returned by the `reset()` method was expecting a numpy array, actual type: <class 'torch.Tensor'>[0m
  logger.warn(
/workspace/r10/env_old/lib/python3.12/site-packages/gymnasium/spaces/box.py:415: UserWarning: [33mWARN: Casting input x to numpy array.[0m
  gym.logger.warn("Casting input x to numpy array.")
CEM solve time: 1.6640 seconds
/workspace/r10/env_old/lib/python3.12/site-packages/gymnasium/utils/passive_env_checker.py:129: UserWarning: [33mWARN: The obs returned by the `step()` method was expecting a numpy array, actual type: <class 'torch.Tensor'>[0m
  logger.warn(
/workspace/r10/env_old/lib/python3.12/site-packages/gymnasium/spaces/box.py:415: UserWarning: [33mWARN: Casting input x to numpy array.[0m
  gym.logger.warn("Casting input x to numpy array.")
/workspace/r10/env_old/lib/python3.12/site-packages/gymnasium/utils/passive_env_checker.py:129: UserWarning: [33mWARN: The obs returned by the `reset()` method was expecting a numpy array, actual type: <class 'torch.Tensor'>[0m
  logger.warn(
/workspace/r10/env_old/lib/python3.12/site-packages/gymnasium/spaces/box.py:415: UserWarning: [33mWARN: Casting input x to numpy array.[0m
  gym.logger.warn("Casting input x to numpy array.")
CEM solve time: 1.6660 seconds
/workspace/r10/env_old/lib/python3.12/site-packages/gymnasium/utils/passive_env_checker.py:129: UserWarning: [33mWARN: The obs returned by the `step()` method was expecting a numpy array, actual type: <class 'torch.Tensor'>[0m
  logger.warn(
/workspace/r10/env_old/lib/python3.12/site-packages/gymnasium/spaces/box.py:415: UserWarning: [33mWARN: Casting input x to numpy array.[0m
  gym.logger.warn("Casting input x to numpy array.")
{"completed": 144, "missing": 0, "case": "R8_tworoom_084c4ee8b76ad244548c7ccc", "arm": "REFIT_103203", "stream": "R4_ALT_CEM_2", "mode": "H_REAL3_REPLAN"}
