/workspace/r10/shared_data/r3/source/swm_compat/stable_worldmodel/envs/__init__.py:215: UserWarning: ale-py not found; ALE/* envs are unavailable. Install with: pip install 'stable-worldmodel[env]' or pip install ale-py.
  from stable_worldmodel.envs import ale  # noqa: F401
/workspace/r10/env_old/lib/python3.12/site-packages/gymnasium/utils/passive_env_checker.py:129: UserWarning: [33mWARN: The obs returned by the `reset()` method was expecting a numpy array, actual type: <class 'torch.Tensor'>[0m
  logger.warn(
/workspace/r10/env_old/lib/python3.12/site-packages/gymnasium/spaces/box.py:415: UserWarning: [33mWARN: Casting input x to numpy array.[0m
  gym.logger.warn("Casting input x to numpy array.")
CEM solve time: 2.0243 seconds
/workspace/r10/env_old/lib/python3.12/site-packages/gymnasium/utils/passive_env_checker.py:129: UserWarning: [33mWARN: The obs returned by the `step()` method was expecting a numpy array, actual type: <class 'torch.Tensor'>[0m
  logger.warn(
/workspace/r10/env_old/lib/python3.12/site-packages/gymnasium/spaces/box.py:415: UserWarning: [33mWARN: Casting input x to numpy array.[0m
  gym.logger.warn("Casting input x to numpy array.")
/workspace/r10/env_old/lib/python3.12/site-packages/gymnasium/utils/passive_env_checker.py:129: UserWarning: [33mWARN: The obs returned by the `reset()` method was expecting a numpy array, actual type: <class 'torch.Tensor'>[0m
  logger.warn(
/workspace/r10/env_old/lib/python3.12/site-packages/gymnasium/spaces/box.py:415: UserWarning: [33mWARN: Casting input x to numpy array.[0m
  gym.logger.warn("Casting input x to numpy array.")
CEM solve time: 1.5631 seconds
/workspace/r10/env_old/lib/python3.12/site-packages/gymnasium/utils/passive_env_checker.py:129: UserWarning: [33mWARN: The obs returned by the `step()` method was expecting a numpy array, actual type: <class 'torch.Tensor'>[0m
  logger.warn(
/workspace/r10/env_old/lib/python3.12/site-packages/gymnasium/spaces/box.py:415: UserWarning: [33mWARN: Casting input x to numpy array.[0m
  gym.logger.warn("Casting input x to numpy array.")
{"completed": 1, "missing": 0, "case": "R8_tworoom_00c6b02dc7fb880bcdfc7dda", "arm": "H0", "stream": "R3_ORIGINAL", "mode": "H_REAL3_REPLAN"}
/workspace/r10/env_old/lib/python3.12/site-packages/gymnasium/utils/passive_env_checker.py:129: UserWarning: [33mWARN: The obs returned by the `reset()` method was expecting a numpy array, actual type: <class 'torch.Tensor'>[0m
  logger.warn(
/workspace/r10/env_old/lib/python3.12/site-packages/gymnasium/spaces/box.py:415: UserWarning: [33mWARN: Casting input x to numpy array.[0m
  gym.logger.warn("Casting input x to numpy array.")
CEM solve time: 1.5605 seconds
/workspace/r10/env_old/lib/python3.12/site-packages/gymnasium/utils/passive_env_checker.py:129: UserWarning: [33mWARN: The obs returned by the `step()` method was expecting a numpy array, actual type: <class 'torch.Tensor'>[0m
  logger.warn(
/workspace/r10/env_old/lib/python3.12/site-packages/gymnasium/spaces/box.py:415: UserWarning: [33mWARN: Casting input x to numpy array.[0m
  gym.logger.warn("Casting input x to numpy array.")
/workspace/r10/env_old/lib/python3.12/site-packages/gymnasium/utils/passive_env_checker.py:129: UserWarning: [33mWARN: The obs returned by the `reset()` method was expecting a numpy array, actual type: <class 'torch.Tensor'>[0m
  logger.warn(
/workspace/r10/env_old/lib/python3.12/site-packages/gymnasium/spaces/box.py:415: UserWarning: [33mWARN: Casting input x to numpy array.[0m
  gym.logger.warn("Casting input x to numpy array.")
CEM solve time: 1.5566 seconds
/workspace/r10/env_old/lib/python3.12/site-packages/gymnasium/utils/passive_env_checker.py:129: UserWarning: [33mWARN: The obs returned by the `step()` method was expecting a numpy array, actual type: <class 'torch.Tensor'>[0m
  logger.warn(
/workspace/r10/env_old/lib/python3.12/site-packages/gymnasium/spaces/box.py:415: UserWarning: [33mWARN: Casting input x to numpy array.[0m
  gym.logger.warn("Casting input x to numpy array.")
{"completed": 2, "missing": 0, "case": "R8_tworoom_00c6b02dc7fb880bcdfc7dda", "arm": "H0", "stream": "R4_ALT_CEM_1", "mode": "H_REAL3_REPLAN"}
/workspace/r10/env_old/lib/python3.12/site-packages/gymnasium/utils/passive_env_checker.py:129: UserWarning: [33mWARN: The obs returned by the `reset()` method was expecting a numpy array, actual type: <class 'torch.Tensor'>[0m
  logger.warn(
/workspace/r10/env_old/lib/python3.12/site-packages/gymnasium/spaces/box.py:415: UserWarning: [33mWARN: Casting input x to numpy array.[0m
  gym.logger.warn("Casting input x to numpy array.")
CEM solve time: 1.5707 seconds
/workspace/r10/env_old/lib/python3.12/site-packages/gymnasium/utils/passive_env_checker.py:129: UserWarning: [33mWARN: The obs returned by the `step()` method was expecting a numpy array, actual type: <class 'torch.Tensor'>[0m
  logger.warn(
/workspace/r10/env_old/lib/python3.12/site-packages/gymnasium/spaces/box.py:415: UserWarning: [33mWARN: Casting input x to numpy array.[0m
  gym.logger.warn("Casting input x to numpy array.")
/workspace/r10/env_old/lib/python3.12/site-packages/gymnasium/utils/passive_env_checker.py:129: UserWarning: [33mWARN: The obs returned by the `reset()` method was expecting a numpy array, actual type: <class 'torch.Tensor'>[0m
  logger.warn(
/workspace/r10/env_old/lib/python3.12/site-packages/gymnasium/spaces/box.py:415: UserWarning: [33mWARN: Casting input x to numpy array.[0m
  gym.logger.warn("Casting input x to numpy array.")
CEM solve time: 1.5553 seconds
/workspace/r10/env_old/lib/python3.12/site-packages/gymnasium/utils/passive_env_checker.py:129: UserWarning: [33mWARN: The obs returned by the `step()` method was expecting a numpy array, actual type: <class 'torch.Tensor'>[0m
  logger.warn(
/workspace/r10/env_old/lib/python3.12/site-packages/gymnasium/spaces/box.py:415: UserWarning: [33mWARN: Casting input x to numpy array.[0m
  gym.logger.warn("Casting input x to numpy array.")
{"completed": 3, "missing": 0, "case": "R8_tworoom_00c6b02dc7fb880bcdfc7dda", "arm": "H0", "stream": "R4_ALT_CEM_2", "mode": "H_REAL3_REPLAN"}
/workspace/r10/env_old/lib/python3.12/site-packages/gymnasium/utils/passive_env_checker.py:129: UserWarning: [33mWARN: The obs returned by the `reset()` method was expecting a numpy array, actual type: <class 'torch.Tensor'>[0m
  logger.warn(
/workspace/r10/env_old/lib/python3.12/site-packages/gymnasium/spaces/box.py:415: UserWarning: [33mWARN: Casting input x to numpy array.[0m
  gym.logger.warn("Casting input x to numpy array.")
CEM solve time: 1.5756 seconds
/workspace/r10/env_old/lib/python3.12/site-packages/gymnasium/utils/passive_env_checker.py:129: UserWarning: [33mWARN: The obs returned by the `step()` method was expecting a numpy array, actual type: <class 'torch.Tensor'>[0m
  logger.warn(
/workspace/r10/env_old/lib/python3.12/site-packages/gymnasium/spaces/box.py:415: UserWarning: [33mWARN: Casting input x to numpy array.[0m
  gym.logger.warn("Casting input x to numpy array.")
/workspace/r10/env_old/lib/python3.12/site-packages/gymnasium/utils/passive_env_checker.py:129: UserWarning: [33mWARN: The obs returned by the `reset()` method was expecting a numpy array, actual type: <class 'torch.Tensor'>[0m
  logger.warn(
/workspace/r10/env_old/lib/python3.12/site-packages/gymnasium/spaces/box.py:415: UserWarning: [33mWARN: Casting input x to numpy array.[0m
  gym.logger.warn("Casting input x to numpy array.")
CEM solve time: 1.5608 seconds
/workspace/r10/env_old/lib/python3.12/site-packages/gymnasium/utils/passive_env_checker.py:129: UserWarning: [33mWARN: The obs returned by the `step()` method was expecting a numpy array, actual type: <class 'torch.Tensor'>[0m
  logger.warn(
/workspace/r10/env_old/lib/python3.12/site-packages/gymnasium/spaces/box.py:415: UserWarning: [33mWARN: Casting input x to numpy array.[0m
  gym.logger.warn("Casting input x to numpy array.")
{"completed": 4, "missing": 0, "case": "R8_tworoom_01c16f34aa04119a3489ad0f", "arm": "H0", "stream": "R3_ORIGINAL", "mode": "H_REAL3_REPLAN"}
/workspace/r10/env_old/lib/python3.12/site-packages/gymnasium/utils/passive_env_checker.py:129: UserWarning: [33mWARN: The obs returned by the `reset()` method was expecting a numpy array, actual type: <class 'torch.Tensor'>[0m
  logger.warn(
/workspace/r10/env_old/lib/python3.12/site-packages/gymnasium/spaces/box.py:415: UserWarning: [33mWARN: Casting input x to numpy array.[0m
  gym.logger.warn("Casting input x to numpy array.")
CEM solve time: 1.5631 seconds
/workspace/r10/env_old/lib/python3.12/site-packages/gymnasium/utils/passive_env_checker.py:129: UserWarning: [33mWARN: The obs returned by the `step()` method was expecting a numpy array, actual type: <class 'torch.Tensor'>[0m
  logger.warn(
/workspace/r10/env_old/lib/python3.12/site-packages/gymnasium/spaces/box.py:415: UserWarning: [33mWARN: Casting input x to numpy array.[0m
  gym.logger.warn("Casting input x to numpy array.")
/workspace/r10/env_old/lib/python3.12/site-packages/gymnasium/utils/passive_env_checker.py:129: UserWarning: [33mWARN: The obs returned by the `reset()` method was expecting a numpy array, actual type: <class 'torch.Tensor'>[0m
  logger.warn(
/workspace/r10/env_old/lib/python3.12/site-packages/gymnasium/spaces/box.py:415: UserWarning: [33mWARN: Casting input x to numpy array.[0m
  gym.logger.warn("Casting input x to numpy array.")
CEM solve time: 1.5780 seconds
/workspace/r10/env_old/lib/python3.12/site-packages/gymnasium/utils/passive_env_checker.py:129: UserWarning: [33mWARN: The obs returned by the `step()` method was expecting a numpy array, actual type: <class 'torch.Tensor'>[0m
  logger.warn(
/workspace/r10/env_old/lib/python3.12/site-packages/gymnasium/spaces/box.py:415: UserWarning: [33mWARN: Casting input x to numpy array.[0m
  gym.logger.warn("Casting input x to numpy array.")
{"completed": 5, "missing": 0, "case": "R8_tworoom_01c16f34aa04119a3489ad0f", "arm": "H0", "stream": "R4_ALT_CEM_1", "mode": "H_REAL3_REPLAN"}
/workspace/r10/env_old/lib/python3.12/site-packages/gymnasium/utils/passive_env_checker.py:129: UserWarning: [33mWARN: The obs returned by the `reset()` method was expecting a numpy array, actual type: <class 'torch.Tensor'>[0m
  logger.warn(
/workspace/r10/env_old/lib/python3.12/site-packages/gymnasium/spaces/box.py:415: UserWarning: [33mWARN: Casting input x to numpy array.[0m
  gym.logger.warn("Casting input x to numpy array.")
CEM solve time: 1.5646 seconds
/workspace/r10/env_old/lib/python3.12/site-packages/gymnasium/utils/passive_env_checker.py:129: UserWarning: [33mWARN: The obs returned by the `step()` method was expecting a numpy array, actual type: <class 'torch.Tensor'>[0m
  logger.warn(
/workspace/r10/env_old/lib/python3.12/site-packages/gymnasium/spaces/box.py:415: UserWarning: [33mWARN: Casting input x to numpy array.[0m
  gym.logger.warn("Casting input x to numpy array.")
CEM solve time: 1.5596 seconds
/workspace/r10/env_old/lib/python3.12/site-packages/gymnasium/utils/passive_env_checker.py:129: UserWarning: [33mWARN: The obs returned by the `reset()` method was expecting a numpy array, actual type: <class 'torch.Tensor'>[0m
  logger.warn(
/workspace/r10/env_old/lib/python3.12/site-packages/gymnasium/spaces/box.py:415: UserWarning: [33mWARN: Casting input x to numpy array.[0m
  gym.logger.warn("Casting input x to numpy array.")
CEM solve time: 1.5621 seconds
/workspace/r10/env_old/lib/python3.12/site-packages/gymnasium/utils/passive_env_checker.py:129: UserWarning: [33mWARN: The obs returned by the `step()` method was expecting a numpy array, actual type: <class 'torch.Tensor'>[0m
  logger.warn(
/workspace/r10/env_old/lib/python3.12/site-packages/gymnasium/spaces/box.py:415: UserWarning: [33mWARN: Casting input x to numpy array.[0m
  gym.logger.warn("Casting input x to numpy array.")
CEM solve time: 1.6071 seconds
{"completed": 6, "missing": 0, "case": "R8_tworoom_01c16f34aa04119a3489ad0f", "arm": "H0", "stream": "R4_ALT_CEM_2", "mode": "H_REAL3_REPLAN"}
/workspace/r10/env_old/lib/python3.12/site-packages/gymnasium/utils/passive_env_checker.py:129: UserWarning: [33mWARN: The obs returned by the `reset()` method was expecting a numpy array, actual type: <class 'torch.Tensor'>[0m
  logger.warn(
/workspace/r10/env_old/lib/python3.12/site-packages/gymnasium/spaces/box.py:415: UserWarning: [33mWARN: Casting input x to numpy array.[0m
  gym.logger.warn("Casting input x to numpy array.")
CEM solve time: 1.5856 seconds
/workspace/r10/env_old/lib/python3.12/site-packages/gymnasium/utils/passive_env_checker.py:129: UserWarning: [33mWARN: The obs returned by the `step()` method was expecting a numpy array, actual type: <class 'torch.Tensor'>[0m
  logger.warn(
/workspace/r10/env_old/lib/python3.12/site-packages/gymnasium/spaces/box.py:415: UserWarning: [33mWARN: Casting input x to numpy array.[0m
  gym.logger.warn("Casting input x to numpy array.")
CEM solve time: 1.5684 seconds
/workspace/r10/env_old/lib/python3.12/site-packages/gymnasium/utils/passive_env_checker.py:129: UserWarning: [33mWARN: The obs returned by the `reset()` method was expecting a numpy array, actual type: <class 'torch.Tensor'>[0m
  logger.warn(
/workspace/r10/env_old/lib/python3.12/site-packages/gymnasium/spaces/box.py:415: UserWarning: [33mWARN: Casting input x to numpy array.[0m
  gym.logger.warn("Casting input x to numpy array.")
CEM solve time: 1.5660 seconds
/workspace/r10/env_old/lib/python3.12/site-packages/gymnasium/utils/passive_env_checker.py:129: UserWarning: [33mWARN: The obs returned by the `step()` method was expecting a numpy array, actual type: <class 'torch.Tensor'>[0m
  logger.warn(
/workspace/r10/env_old/lib/python3.12/site-packages/gymnasium/spaces/box.py:415: UserWarning: [33mWARN: Casting input x to numpy array.[0m
  gym.logger.warn("Casting input x to numpy array.")
CEM solve time: 1.5789 seconds
{"completed": 7, "missing": 0, "case": "R8_tworoom_0242e4f12dfac63f79ddbe09", "arm": "H0", "stream": "R3_ORIGINAL", "mode": "H_REAL3_REPLAN"}
/workspace/r10/env_old/lib/python3.12/site-packages/gymnasium/utils/passive_env_checker.py:129: UserWarning: [33mWARN: The obs returned by the `reset()` method was expecting a numpy array, actual type: <class 'torch.Tensor'>[0m
  logger.warn(
/workspace/r10/env_old/lib/python3.12/site-packages/gymnasium/spaces/box.py:415: UserWarning: [33mWARN: Casting input x to numpy array.[0m
  gym.logger.warn("Casting input x to numpy array.")
CEM solve time: 1.5661 seconds
/workspace/r10/env_old/lib/python3.12/site-packages/gymnasium/utils/passive_env_checker.py:129: UserWarning: [33mWARN: The obs returned by the `step()` method was expecting a numpy array, actual type: <class 'torch.Tensor'>[0m
  logger.warn(
/workspace/r10/env_old/lib/python3.12/site-packages/gymnasium/spaces/box.py:415: UserWarning: [33mWARN: Casting input x to numpy array.[0m
  gym.logger.warn("Casting input x to numpy array.")
CEM solve time: 1.5837 seconds
/workspace/r10/env_old/lib/python3.12/site-packages/gymnasium/utils/passive_env_checker.py:129: UserWarning: [33mWARN: The obs returned by the `reset()` method was expecting a numpy array, actual type: <class 'torch.Tensor'>[0m
  logger.warn(
/workspace/r10/env_old/lib/python3.12/site-packages/gymnasium/spaces/box.py:415: UserWarning: [33mWARN: Casting input x to numpy array.[0m
  gym.logger.warn("Casting input x to numpy array.")
CEM solve time: 1.5719 seconds
/workspace/r10/env_old/lib/python3.12/site-packages/gymnasium/utils/passive_env_checker.py:129: UserWarning: [33mWARN: The obs returned by the `step()` method was expecting a numpy array, actual type: <class 'torch.Tensor'>[0m
  logger.warn(
/workspace/r10/env_old/lib/python3.12/site-packages/gymnasium/spaces/box.py:415: UserWarning: [33mWARN: Casting input x to numpy array.[0m
  gym.logger.warn("Casting input x to numpy array.")
CEM solve time: 1.5813 seconds
{"completed": 8, "missing": 0, "case": "R8_tworoom_0242e4f12dfac63f79ddbe09", "arm": "H0", "stream": "R4_ALT_CEM_1", "mode": "H_REAL3_REPLAN"}
/workspace/r10/env_old/lib/python3.12/site-packages/gymnasium/utils/passive_env_checker.py:129: UserWarning: [33mWARN: The obs returned by the `reset()` method was expecting a numpy array, actual type: <class 'torch.Tensor'>[0m
  logger.warn(
/workspace/r10/env_old/lib/python3.12/site-packages/gymnasium/spaces/box.py:415: UserWarning: [33mWARN: Casting input x to numpy array.[0m
  gym.logger.warn("Casting input x to numpy array.")
CEM solve time: 1.5772 seconds
/workspace/r10/env_old/lib/python3.12/site-packages/gymnasium/utils/passive_env_checker.py:129: UserWarning: [33mWARN: The obs returned by the `step()` method was expecting a numpy array, actual type: <class 'torch.Tensor'>[0m
  logger.warn(
/workspace/r10/env_old/lib/python3.12/site-packages/gymnasium/spaces/box.py:415: UserWarning: [33mWARN: Casting input x to numpy array.[0m
  gym.logger.warn("Casting input x to numpy array.")
CEM solve time: 1.5697 seconds
/workspace/r10/env_old/lib/python3.12/site-packages/gymnasium/utils/passive_env_checker.py:129: UserWarning: [33mWARN: The obs returned by the `reset()` method was expecting a numpy array, actual type: <class 'torch.Tensor'>[0m
  logger.warn(
/workspace/r10/env_old/lib/python3.12/site-packages/gymnasium/spaces/box.py:415: UserWarning: [33mWARN: Casting input x to numpy array.[0m
  gym.logger.warn("Casting input x to numpy array.")
CEM solve time: 1.5724 seconds
/workspace/r10/env_old/lib/python3.12/site-packages/gymnasium/utils/passive_env_checker.py:129: UserWarning: [33mWARN: The obs returned by the `step()` method was expecting a numpy array, actual type: <class 'torch.Tensor'>[0m
  logger.warn(
/workspace/r10/env_old/lib/python3.12/site-packages/gymnasium/spaces/box.py:415: UserWarning: [33mWARN: Casting input x to numpy array.[0m
  gym.logger.warn("Casting input x to numpy array.")
CEM solve time: 1.6149 seconds
{"completed": 9, "missing": 0, "case": "R8_tworoom_0242e4f12dfac63f79ddbe09", "arm": "H0", "stream": "R4_ALT_CEM_2", "mode": "H_REAL3_REPLAN"}
/workspace/r10/env_old/lib/python3.12/site-packages/gymnasium/utils/passive_env_checker.py:129: UserWarning: [33mWARN: The obs returned by the `reset()` method was expecting a numpy array, actual type: <class 'torch.Tensor'>[0m
  logger.warn(
/workspace/r10/env_old/lib/python3.12/site-packages/gymnasium/spaces/box.py:415: UserWarning: [33mWARN: Casting input x to numpy array.[0m
  gym.logger.warn("Casting input x to numpy array.")
CEM solve time: 1.5775 seconds
/workspace/r10/env_old/lib/python3.12/site-packages/gymnasium/utils/passive_env_checker.py:129: UserWarning: [33mWARN: The obs returned by the `step()` method was expecting a numpy array, actual type: <class 'torch.Tensor'>[0m
  logger.warn(
/workspace/r10/env_old/lib/python3.12/site-packages/gymnasium/spaces/box.py:415: UserWarning: [33mWARN: Casting input x to numpy array.[0m
  gym.logger.warn("Casting input x to numpy array.")
/workspace/r10/env_old/lib/python3.12/site-packages/gymnasium/utils/passive_env_checker.py:129: UserWarning: [33mWARN: The obs returned by the `reset()` method was expecting a numpy array, actual type: <class 'torch.Tensor'>[0m
  logger.warn(
/workspace/r10/env_old/lib/python3.12/site-packages/gymnasium/spaces/box.py:415: UserWarning: [33mWARN: Casting input x to numpy array.[0m
  gym.logger.warn("Casting input x to numpy array.")
CEM solve time: 1.5626 seconds
/workspace/r10/env_old/lib/python3.12/site-packages/gymnasium/utils/passive_env_checker.py:129: UserWarning: [33mWARN: The obs returned by the `step()` method was expecting a numpy array, actual type: <class 'torch.Tensor'>[0m
  logger.warn(
/workspace/r10/env_old/lib/python3.12/site-packages/gymnasium/spaces/box.py:415: UserWarning: [33mWARN: Casting input x to numpy array.[0m
  gym.logger.warn("Casting input x to numpy array.")
{"completed": 10, "missing": 0, "case": "R8_tworoom_02d714c413bbbd0601fb4d3d", "arm": "H0", "stream": "R3_ORIGINAL", "mode": "H_REAL3_REPLAN"}
/workspace/r10/env_old/lib/python3.12/site-packages/gymnasium/utils/passive_env_checker.py:129: UserWarning: [33mWARN: The obs returned by the `reset()` method was expecting a numpy array, actual type: <class 'torch.Tensor'>[0m
  logger.warn(
/workspace/r10/env_old/lib/python3.12/site-packages/gymnasium/spaces/box.py:415: UserWarning: [33mWARN: Casting input x to numpy array.[0m
  gym.logger.warn("Casting input x to numpy array.")
CEM solve time: 1.5749 seconds
/workspace/r10/env_old/lib/python3.12/site-packages/gymnasium/utils/passive_env_checker.py:129: UserWarning: [33mWARN: The obs returned by the `step()` method was expecting a numpy array, actual type: <class 'torch.Tensor'>[0m
  logger.warn(
/workspace/r10/env_old/lib/python3.12/site-packages/gymnasium/spaces/box.py:415: UserWarning: [33mWARN: Casting input x to numpy array.[0m
  gym.logger.warn("Casting input x to numpy array.")
/workspace/r10/env_old/lib/python3.12/site-packages/gymnasium/utils/passive_env_checker.py:129: UserWarning: [33mWARN: The obs returned by the `reset()` method was expecting a numpy array, actual type: <class 'torch.Tensor'>[0m
  logger.warn(
/workspace/r10/env_old/lib/python3.12/site-packages/gymnasium/spaces/box.py:415: UserWarning: [33mWARN: Casting input x to numpy array.[0m
  gym.logger.warn("Casting input x to numpy array.")
CEM solve time: 1.5592 seconds
/workspace/r10/env_old/lib/python3.12/site-packages/gymnasium/utils/passive_env_checker.py:129: UserWarning: [33mWARN: The obs returned by the `step()` method was expecting a numpy array, actual type: <class 'torch.Tensor'>[0m
  logger.warn(
/workspace/r10/env_old/lib/python3.12/site-packages/gymnasium/spaces/box.py:415: UserWarning: [33mWARN: Casting input x to numpy array.[0m
  gym.logger.warn("Casting input x to numpy array.")
{"completed": 11, "missing": 0, "case": "R8_tworoom_02d714c413bbbd0601fb4d3d", "arm": "H0", "stream": "R4_ALT_CEM_1", "mode": "H_REAL3_REPLAN"}
/workspace/r10/env_old/lib/python3.12/site-packages/gymnasium/utils/passive_env_checker.py:129: UserWarning: [33mWARN: The obs returned by the `reset()` method was expecting a numpy array, actual type: <class 'torch.Tensor'>[0m
  logger.warn(
/workspace/r10/env_old/lib/python3.12/site-packages/gymnasium/spaces/box.py:415: UserWarning: [33mWARN: Casting input x to numpy array.[0m
  gym.logger.warn("Casting input x to numpy array.")
CEM solve time: 1.5641 seconds
/workspace/r10/env_old/lib/python3.12/site-packages/gymnasium/utils/passive_env_checker.py:129: UserWarning: [33mWARN: The obs returned by the `step()` method was expecting a numpy array, actual type: <class 'torch.Tensor'>[0m
  logger.warn(
/workspace/r10/env_old/lib/python3.12/site-packages/gymnasium/spaces/box.py:415: UserWarning: [33mWARN: Casting input x to numpy array.[0m
  gym.logger.warn("Casting input x to numpy array.")
/workspace/r10/env_old/lib/python3.12/site-packages/gymnasium/utils/passive_env_checker.py:129: UserWarning: [33mWARN: The obs returned by the `reset()` method was expecting a numpy array, actual type: <class 'torch.Tensor'>[0m
  logger.warn(
/workspace/r10/env_old/lib/python3.12/site-packages/gymnasium/spaces/box.py:415: UserWarning: [33mWARN: Casting input x to numpy array.[0m
  gym.logger.warn("Casting input x to numpy array.")
CEM solve time: 1.5553 seconds
/workspace/r10/env_old/lib/python3.12/site-packages/gymnasium/utils/passive_env_checker.py:129: UserWarning: [33mWARN: The obs returned by the `step()` method was expecting a numpy array, actual type: <class 'torch.Tensor'>[0m
  logger.warn(
/workspace/r10/env_old/lib/python3.12/site-packages/gymnasium/spaces/box.py:415: UserWarning: [33mWARN: Casting input x to numpy array.[0m
  gym.logger.warn("Casting input x to numpy array.")
{"completed": 12, "missing": 0, "case": "R8_tworoom_02d714c413bbbd0601fb4d3d", "arm": "H0", "stream": "R4_ALT_CEM_2", "mode": "H_REAL3_REPLAN"}
/workspace/r10/env_old/lib/python3.12/site-packages/gymnasium/utils/passive_env_checker.py:129: UserWarning: [33mWARN: The obs returned by the `reset()` method was expecting a numpy array, actual type: <class 'torch.Tensor'>[0m
  logger.warn(
/workspace/r10/env_old/lib/python3.12/site-packages/gymnasium/spaces/box.py:415: UserWarning: [33mWARN: Casting input x to numpy array.[0m
  gym.logger.warn("Casting input x to numpy array.")
CEM solve time: 1.5591 seconds
/workspace/r10/env_old/lib/python3.12/site-packages/gymnasium/utils/passive_env_checker.py:129: UserWarning: [33mWARN: The obs returned by the `step()` method was expecting a numpy array, actual type: <class 'torch.Tensor'>[0m
  logger.warn(
/workspace/r10/env_old/lib/python3.12/site-packages/gymnasium/spaces/box.py:415: UserWarning: [33mWARN: Casting input x to numpy array.[0m
  gym.logger.warn("Casting input x to numpy array.")
/workspace/r10/env_old/lib/python3.12/site-packages/gymnasium/utils/passive_env_checker.py:129: UserWarning: [33mWARN: The obs returned by the `reset()` method was expecting a numpy array, actual type: <class 'torch.Tensor'>[0m
  logger.warn(
/workspace/r10/env_old/lib/python3.12/site-packages/gymnasium/spaces/box.py:415: UserWarning: [33mWARN: Casting input x to numpy array.[0m
  gym.logger.warn("Casting input x to numpy array.")
CEM solve time: 1.5805 seconds
/workspace/r10/env_old/lib/python3.12/site-packages/gymnasium/utils/passive_env_checker.py:129: UserWarning: [33mWARN: The obs returned by the `step()` method was expecting a numpy array, actual type: <class 'torch.Tensor'>[0m
  logger.warn(
/workspace/r10/env_old/lib/python3.12/site-packages/gymnasium/spaces/box.py:415: UserWarning: [33mWARN: Casting input x to numpy array.[0m
  gym.logger.warn("Casting input x to numpy array.")
{"completed": 13, "missing": 0, "case": "R8_tworoom_037985ace4b830f6fc862011", "arm": "H0", "stream": "R3_ORIGINAL", "mode": "H_REAL3_REPLAN"}
/workspace/r10/env_old/lib/python3.12/site-packages/gymnasium/utils/passive_env_checker.py:129: UserWarning: [33mWARN: The obs returned by the `reset()` method was expecting a numpy array, actual type: <class 'torch.Tensor'>[0m
  logger.warn(
/workspace/r10/env_old/lib/python3.12/site-packages/gymnasium/spaces/box.py:415: UserWarning: [33mWARN: Casting input x to numpy array.[0m
  gym.logger.warn("Casting input x to numpy array.")
CEM solve time: 1.5786 seconds
/workspace/r10/env_old/lib/python3.12/site-packages/gymnasium/utils/passive_env_checker.py:129: UserWarning: [33mWARN: The obs returned by the `step()` method was expecting a numpy array, actual type: <class 'torch.Tensor'>[0m
  logger.warn(
/workspace/r10/env_old/lib/python3.12/site-packages/gymnasium/spaces/box.py:415: UserWarning: [33mWARN: Casting input x to numpy array.[0m
  gym.logger.warn("Casting input x to numpy array.")
/workspace/r10/env_old/lib/python3.12/site-packages/gymnasium/utils/passive_env_checker.py:129: UserWarning: [33mWARN: The obs returned by the `reset()` method was expecting a numpy array, actual type: <class 'torch.Tensor'>[0m
  logger.warn(
/workspace/r10/env_old/lib/python3.12/site-packages/gymnasium/spaces/box.py:415: UserWarning: [33mWARN: Casting input x to numpy array.[0m
  gym.logger.warn("Casting input x to numpy array.")
CEM solve time: 1.5621 seconds
/workspace/r10/env_old/lib/python3.12/site-packages/gymnasium/utils/passive_env_checker.py:129: UserWarning: [33mWARN: The obs returned by the `step()` method was expecting a numpy array, actual type: <class 'torch.Tensor'>[0m
  logger.warn(
/workspace/r10/env_old/lib/python3.12/site-packages/gymnasium/spaces/box.py:415: UserWarning: [33mWARN: Casting input x to numpy array.[0m
  gym.logger.warn("Casting input x to numpy array.")
{"completed": 14, "missing": 0, "case": "R8_tworoom_037985ace4b830f6fc862011", "arm": "H0", "stream": "R4_ALT_CEM_1", "mode": "H_REAL3_REPLAN"}
/workspace/r10/env_old/lib/python3.12/site-packages/gymnasium/utils/passive_env_checker.py:129: UserWarning: [33mWARN: The obs returned by the `reset()` method was expecting a numpy array, actual type: <class 'torch.Tensor'>[0m
  logger.warn(
/workspace/r10/env_old/lib/python3.12/site-packages/gymnasium/spaces/box.py:415: UserWarning: [33mWARN: Casting input x to numpy array.[0m
  gym.logger.warn("Casting input x to numpy array.")
CEM solve time: 1.5673 seconds
/workspace/r10/env_old/lib/python3.12/site-packages/gymnasium/utils/passive_env_checker.py:129: UserWarning: [33mWARN: The obs returned by the `step()` method was expecting a numpy array, actual type: <class 'torch.Tensor'>[0m
  logger.warn(
/workspace/r10/env_old/lib/python3.12/site-packages/gymnasium/spaces/box.py:415: UserWarning: [33mWARN: Casting input x to numpy array.[0m
  gym.logger.warn("Casting input x to numpy array.")
/workspace/r10/env_old/lib/python3.12/site-packages/gymnasium/utils/passive_env_checker.py:129: UserWarning: [33mWARN: The obs returned by the `reset()` method was expecting a numpy array, actual type: <class 'torch.Tensor'>[0m
  logger.warn(
/workspace/r10/env_old/lib/python3.12/site-packages/gymnasium/spaces/box.py:415: UserWarning: [33mWARN: Casting input x to numpy array.[0m
  gym.logger.warn("Casting input x to numpy array.")
CEM solve time: 1.5598 seconds
/workspace/r10/env_old/lib/python3.12/site-packages/gymnasium/utils/passive_env_checker.py:129: UserWarning: [33mWARN: The obs returned by the `step()` method was expecting a numpy array, actual type: <class 'torch.Tensor'>[0m
  logger.warn(
/workspace/r10/env_old/lib/python3.12/site-packages/gymnasium/spaces/box.py:415: UserWarning: [33mWARN: Casting input x to numpy array.[0m
  gym.logger.warn("Casting input x to numpy array.")
{"completed": 15, "missing": 0, "case": "R8_tworoom_037985ace4b830f6fc862011", "arm": "H0", "stream": "R4_ALT_CEM_2", "mode": "H_REAL3_REPLAN"}
/workspace/r10/env_old/lib/python3.12/site-packages/gymnasium/utils/passive_env_checker.py:129: UserWarning: [33mWARN: The obs returned by the `reset()` method was expecting a numpy array, actual type: <class 'torch.Tensor'>[0m
  logger.warn(
/workspace/r10/env_old/lib/python3.12/site-packages/gymnasium/spaces/box.py:415: UserWarning: [33mWARN: Casting input x to numpy array.[0m
  gym.logger.warn("Casting input x to numpy array.")
CEM solve time: 1.5598 seconds
/workspace/r10/env_old/lib/python3.12/site-packages/gymnasium/utils/passive_env_checker.py:129: UserWarning: [33mWARN: The obs returned by the `step()` method was expecting a numpy array, actual type: <class 'torch.Tensor'>[0m
  logger.warn(
/workspace/r10/env_old/lib/python3.12/site-packages/gymnasium/spaces/box.py:415: UserWarning: [33mWARN: Casting input x to numpy array.[0m
  gym.logger.warn("Casting input x to numpy array.")
/workspace/r10/env_old/lib/python3.12/site-packages/gymnasium/utils/passive_env_checker.py:129: UserWarning: [33mWARN: The obs returned by the `reset()` method was expecting a numpy array, actual type: <class 'torch.Tensor'>[0m
  logger.warn(
/workspace/r10/env_old/lib/python3.12/site-packages/gymnasium/spaces/box.py:415: UserWarning: [33mWARN: Casting input x to numpy array.[0m
  gym.logger.warn("Casting input x to numpy array.")
CEM solve time: 1.5700 seconds
/workspace/r10/env_old/lib/python3.12/site-packages/gymnasium/utils/passive_env_checker.py:129: UserWarning: [33mWARN: The obs returned by the `step()` method was expecting a numpy array, actual type: <class 'torch.Tensor'>[0m
  logger.warn(
/workspace/r10/env_old/lib/python3.12/site-packages/gymnasium/spaces/box.py:415: UserWarning: [33mWARN: Casting input x to numpy array.[0m
  gym.logger.warn("Casting input x to numpy array.")
{"completed": 16, "missing": 0, "case": "R8_tworoom_04207223ae48ad8b58be3a7a", "arm": "H0", "stream": "R3_ORIGINAL", "mode": "H_REAL3_REPLAN"}
/workspace/r10/env_old/lib/python3.12/site-packages/gymnasium/utils/passive_env_checker.py:129: UserWarning: [33mWARN: The obs returned by the `reset()` method was expecting a numpy array, actual type: <class 'torch.Tensor'>[0m
  logger.warn(
/workspace/r10/env_old/lib/python3.12/site-packages/gymnasium/spaces/box.py:415: UserWarning: [33mWARN: Casting input x to numpy array.[0m
  gym.logger.warn("Casting input x to numpy array.")
CEM solve time: 1.5601 seconds
/workspace/r10/env_old/lib/python3.12/site-packages/gymnasium/utils/passive_env_checker.py:129: UserWarning: [33mWARN: The obs returned by the `step()` method was expecting a numpy array, actual type: <class 'torch.Tensor'>[0m
  logger.warn(
/workspace/r10/env_old/lib/python3.12/site-packages/gymnasium/spaces/box.py:415: UserWarning: [33mWARN: Casting input x to numpy array.[0m
  gym.logger.warn("Casting input x to numpy array.")
/workspace/r10/env_old/lib/python3.12/site-packages/gymnasium/utils/passive_env_checker.py:129: UserWarning: [33mWARN: The obs returned by the `reset()` method was expecting a numpy array, actual type: <class 'torch.Tensor'>[0m
  logger.warn(
/workspace/r10/env_old/lib/python3.12/site-packages/gymnasium/spaces/box.py:415: UserWarning: [33mWARN: Casting input x to numpy array.[0m
  gym.logger.warn("Casting input x to numpy array.")
CEM solve time: 1.5691 seconds
/workspace/r10/env_old/lib/python3.12/site-packages/gymnasium/utils/passive_env_checker.py:129: UserWarning: [33mWARN: The obs returned by the `step()` method was expecting a numpy array, actual type: <class 'torch.Tensor'>[0m
  logger.warn(
/workspace/r10/env_old/lib/python3.12/site-packages/gymnasium/spaces/box.py:415: UserWarning: [33mWARN: Casting input x to numpy array.[0m
  gym.logger.warn("Casting input x to numpy array.")
{"completed": 17, "missing": 0, "case": "R8_tworoom_04207223ae48ad8b58be3a7a", "arm": "H0", "stream": "R4_ALT_CEM_1", "mode": "H_REAL3_REPLAN"}
/workspace/r10/env_old/lib/python3.12/site-packages/gymnasium/utils/passive_env_checker.py:129: UserWarning: [33mWARN: The obs returned by the `reset()` method was expecting a numpy array, actual type: <class 'torch.Tensor'>[0m
  logger.warn(
/workspace/r10/env_old/lib/python3.12/site-packages/gymnasium/spaces/box.py:415: UserWarning: [33mWARN: Casting input x to numpy array.[0m
  gym.logger.warn("Casting input x to numpy array.")
CEM solve time: 1.5611 seconds
/workspace/r10/env_old/lib/python3.12/site-packages/gymnasium/utils/passive_env_checker.py:129: UserWarning: [33mWARN: The obs returned by the `step()` method was expecting a numpy array, actual type: <class 'torch.Tensor'>[0m
  logger.warn(
/workspace/r10/env_old/lib/python3.12/site-packages/gymnasium/spaces/box.py:415: UserWarning: [33mWARN: Casting input x to numpy array.[0m
  gym.logger.warn("Casting input x to numpy array.")
/workspace/r10/env_old/lib/python3.12/site-packages/gymnasium/utils/passive_env_checker.py:129: UserWarning: [33mWARN: The obs returned by the `reset()` method was expecting a numpy array, actual type: <class 'torch.Tensor'>[0m
  logger.warn(
/workspace/r10/env_old/lib/python3.12/site-packages/gymnasium/spaces/box.py:415: UserWarning: [33mWARN: Casting input x to numpy array.[0m
  gym.logger.warn("Casting input x to numpy array.")
CEM solve time: 1.5730 seconds
/workspace/r10/env_old/lib/python3.12/site-packages/gymnasium/utils/passive_env_checker.py:129: UserWarning: [33mWARN: The obs returned by the `step()` method was expecting a numpy array, actual type: <class 'torch.Tensor'>[0m
  logger.warn(
/workspace/r10/env_old/lib/python3.12/site-packages/gymnasium/spaces/box.py:415: UserWarning: [33mWARN: Casting input x to numpy array.[0m
  gym.logger.warn("Casting input x to numpy array.")
{"completed": 18, "missing": 0, "case": "R8_tworoom_04207223ae48ad8b58be3a7a", "arm": "H0", "stream": "R4_ALT_CEM_2", "mode": "H_REAL3_REPLAN"}
/workspace/r10/env_old/lib/python3.12/site-packages/gymnasium/utils/passive_env_checker.py:129: UserWarning: [33mWARN: The obs returned by the `reset()` method was expecting a numpy array, actual type: <class 'torch.Tensor'>[0m
  logger.warn(
/workspace/r10/env_old/lib/python3.12/site-packages/gymnasium/spaces/box.py:415: UserWarning: [33mWARN: Casting input x to numpy array.[0m
  gym.logger.warn("Casting input x to numpy array.")
CEM solve time: 1.5585 seconds
/workspace/r10/env_old/lib/python3.12/site-packages/gymnasium/utils/passive_env_checker.py:129: UserWarning: [33mWARN: The obs returned by the `step()` method was expecting a numpy array, actual type: <class 'torch.Tensor'>[0m
  logger.warn(
/workspace/r10/env_old/lib/python3.12/site-packages/gymnasium/spaces/box.py:415: UserWarning: [33mWARN: Casting input x to numpy array.[0m
  gym.logger.warn("Casting input x to numpy array.")
/workspace/r10/env_old/lib/python3.12/site-packages/gymnasium/utils/passive_env_checker.py:129: UserWarning: [33mWARN: The obs returned by the `reset()` method was expecting a numpy array, actual type: <class 'torch.Tensor'>[0m
  logger.warn(
/workspace/r10/env_old/lib/python3.12/site-packages/gymnasium/spaces/box.py:415: UserWarning: [33mWARN: Casting input x to numpy array.[0m
  gym.logger.warn("Casting input x to numpy array.")
CEM solve time: 1.5726 seconds
/workspace/r10/env_old/lib/python3.12/site-packages/gymnasium/utils/passive_env_checker.py:129: UserWarning: [33mWARN: The obs returned by the `step()` method was expecting a numpy array, actual type: <class 'torch.Tensor'>[0m
  logger.warn(
/workspace/r10/env_old/lib/python3.12/site-packages/gymnasium/spaces/box.py:415: UserWarning: [33mWARN: Casting input x to numpy array.[0m
  gym.logger.warn("Casting input x to numpy array.")
{"completed": 19, "missing": 0, "case": "R8_tworoom_04fb0eb806c1c28fc14b3111", "arm": "H0", "stream": "R3_ORIGINAL", "mode": "H_REAL3_REPLAN"}
/workspace/r10/env_old/lib/python3.12/site-packages/gymnasium/utils/passive_env_checker.py:129: UserWarning: [33mWARN: The obs returned by the `reset()` method was expecting a numpy array, actual type: <class 'torch.Tensor'>[0m
  logger.warn(
/workspace/r10/env_old/lib/python3.12/site-packages/gymnasium/spaces/box.py:415: UserWarning: [33mWARN: Casting input x to numpy array.[0m
  gym.logger.warn("Casting input x to numpy array.")
CEM solve time: 1.5727 seconds
/workspace/r10/env_old/lib/python3.12/site-packages/gymnasium/utils/passive_env_checker.py:129: UserWarning: [33mWARN: The obs returned by the `step()` method was expecting a numpy array, actual type: <class 'torch.Tensor'>[0m
  logger.warn(
/workspace/r10/env_old/lib/python3.12/site-packages/gymnasium/spaces/box.py:415: UserWarning: [33mWARN: Casting input x to numpy array.[0m
  gym.logger.warn("Casting input x to numpy array.")
/workspace/r10/env_old/lib/python3.12/site-packages/gymnasium/utils/passive_env_checker.py:129: UserWarning: [33mWARN: The obs returned by the `reset()` method was expecting a numpy array, actual type: <class 'torch.Tensor'>[0m
  logger.warn(
/workspace/r10/env_old/lib/python3.12/site-packages/gymnasium/spaces/box.py:415: UserWarning: [33mWARN: Casting input x to numpy array.[0m
  gym.logger.warn("Casting input x to numpy array.")
CEM solve time: 1.5603 seconds
/workspace/r10/env_old/lib/python3.12/site-packages/gymnasium/utils/passive_env_checker.py:129: UserWarning: [33mWARN: The obs returned by the `step()` method was expecting a numpy array, actual type: <class 'torch.Tensor'>[0m
  logger.warn(
/workspace/r10/env_old/lib/python3.12/site-packages/gymnasium/spaces/box.py:415: UserWarning: [33mWARN: Casting input x to numpy array.[0m
  gym.logger.warn("Casting input x to numpy array.")
{"completed": 20, "missing": 0, "case": "R8_tworoom_04fb0eb806c1c28fc14b3111", "arm": "H0", "stream": "R4_ALT_CEM_1", "mode": "H_REAL3_REPLAN"}
/workspace/r10/env_old/lib/python3.12/site-packages/gymnasium/utils/passive_env_checker.py:129: UserWarning: [33mWARN: The obs returned by the `reset()` method was expecting a numpy array, actual type: <class 'torch.Tensor'>[0m
  logger.warn(
/workspace/r10/env_old/lib/python3.12/site-packages/gymnasium/spaces/box.py:415: UserWarning: [33mWARN: Casting input x to numpy array.[0m
  gym.logger.warn("Casting input x to numpy array.")
CEM solve time: 1.5650 seconds
/workspace/r10/env_old/lib/python3.12/site-packages/gymnasium/utils/passive_env_checker.py:129: UserWarning: [33mWARN: The obs returned by the `step()` method was expecting a numpy array, actual type: <class 'torch.Tensor'>[0m
  logger.warn(
/workspace/r10/env_old/lib/python3.12/site-packages/gymnasium/spaces/box.py:415: UserWarning: [33mWARN: Casting input x to numpy array.[0m
  gym.logger.warn("Casting input x to numpy array.")
/workspace/r10/env_old/lib/python3.12/site-packages/gymnasium/utils/passive_env_checker.py:129: UserWarning: [33mWARN: The obs returned by the `reset()` method was expecting a numpy array, actual type: <class 'torch.Tensor'>[0m
  logger.warn(
/workspace/r10/env_old/lib/python3.12/site-packages/gymnasium/spaces/box.py:415: UserWarning: [33mWARN: Casting input x to numpy array.[0m
  gym.logger.warn("Casting input x to numpy array.")
CEM solve time: 1.5623 seconds
/workspace/r10/env_old/lib/python3.12/site-packages/gymnasium/utils/passive_env_checker.py:129: UserWarning: [33mWARN: The obs returned by the `step()` method was expecting a numpy array, actual type: <class 'torch.Tensor'>[0m
  logger.warn(
/workspace/r10/env_old/lib/python3.12/site-packages/gymnasium/spaces/box.py:415: UserWarning: [33mWARN: Casting input x to numpy array.[0m
  gym.logger.warn("Casting input x to numpy array.")
{"completed": 21, "missing": 0, "case": "R8_tworoom_04fb0eb806c1c28fc14b3111", "arm": "H0", "stream": "R4_ALT_CEM_2", "mode": "H_REAL3_REPLAN"}
/workspace/r10/env_old/lib/python3.12/site-packages/gymnasium/utils/passive_env_checker.py:129: UserWarning: [33mWARN: The obs returned by the `reset()` method was expecting a numpy array, actual type: <class 'torch.Tensor'>[0m
  logger.warn(
/workspace/r10/env_old/lib/python3.12/site-packages/gymnasium/spaces/box.py:415: UserWarning: [33mWARN: Casting input x to numpy array.[0m
  gym.logger.warn("Casting input x to numpy array.")
CEM solve time: 1.5726 seconds
/workspace/r10/env_old/lib/python3.12/site-packages/gymnasium/utils/passive_env_checker.py:129: UserWarning: [33mWARN: The obs returned by the `step()` method was expecting a numpy array, actual type: <class 'torch.Tensor'>[0m
  logger.warn(
/workspace/r10/env_old/lib/python3.12/site-packages/gymnasium/spaces/box.py:415: UserWarning: [33mWARN: Casting input x to numpy array.[0m
  gym.logger.warn("Casting input x to numpy array.")
/workspace/r10/env_old/lib/python3.12/site-packages/gymnasium/utils/passive_env_checker.py:129: UserWarning: [33mWARN: The obs returned by the `reset()` method was expecting a numpy array, actual type: <class 'torch.Tensor'>[0m
  logger.warn(
/workspace/r10/env_old/lib/python3.12/site-packages/gymnasium/spaces/box.py:415: UserWarning: [33mWARN: Casting input x to numpy array.[0m
  gym.logger.warn("Casting input x to numpy array.")
CEM solve time: 1.5667 seconds
/workspace/r10/env_old/lib/python3.12/site-packages/gymnasium/utils/passive_env_checker.py:129: UserWarning: [33mWARN: The obs returned by the `step()` method was expecting a numpy array, actual type: <class 'torch.Tensor'>[0m
  logger.warn(
/workspace/r10/env_old/lib/python3.12/site-packages/gymnasium/spaces/box.py:415: UserWarning: [33mWARN: Casting input x to numpy array.[0m
  gym.logger.warn("Casting input x to numpy array.")
{"completed": 22, "missing": 0, "case": "R8_tworoom_057a12046ff9a2a2fb35ff61", "arm": "H0", "stream": "R3_ORIGINAL", "mode": "H_REAL3_REPLAN"}
/workspace/r10/env_old/lib/python3.12/site-packages/gymnasium/utils/passive_env_checker.py:129: UserWarning: [33mWARN: The obs returned by the `reset()` method was expecting a numpy array, actual type: <class 'torch.Tensor'>[0m
  logger.warn(
/workspace/r10/env_old/lib/python3.12/site-packages/gymnasium/spaces/box.py:415: UserWarning: [33mWARN: Casting input x to numpy array.[0m
  gym.logger.warn("Casting input x to numpy array.")
CEM solve time: 1.5566 seconds
/workspace/r10/env_old/lib/python3.12/site-packages/gymnasium/utils/passive_env_checker.py:129: UserWarning: [33mWARN: The obs returned by the `step()` method was expecting a numpy array, actual type: <class 'torch.Tensor'>[0m
  logger.warn(
/workspace/r10/env_old/lib/python3.12/site-packages/gymnasium/spaces/box.py:415: UserWarning: [33mWARN: Casting input x to numpy array.[0m
  gym.logger.warn("Casting input x to numpy array.")
/workspace/r10/env_old/lib/python3.12/site-packages/gymnasium/utils/passive_env_checker.py:129: UserWarning: [33mWARN: The obs returned by the `reset()` method was expecting a numpy array, actual type: <class 'torch.Tensor'>[0m
  logger.warn(
/workspace/r10/env_old/lib/python3.12/site-packages/gymnasium/spaces/box.py:415: UserWarning: [33mWARN: Casting input x to numpy array.[0m
  gym.logger.warn("Casting input x to numpy array.")
CEM solve time: 1.5733 seconds
/workspace/r10/env_old/lib/python3.12/site-packages/gymnasium/utils/passive_env_checker.py:129: UserWarning: [33mWARN: The obs returned by the `step()` method was expecting a numpy array, actual type: <class 'torch.Tensor'>[0m
  logger.warn(
/workspace/r10/env_old/lib/python3.12/site-packages/gymnasium/spaces/box.py:415: UserWarning: [33mWARN: Casting input x to numpy array.[0m
  gym.logger.warn("Casting input x to numpy array.")
{"completed": 23, "missing": 0, "case": "R8_tworoom_057a12046ff9a2a2fb35ff61", "arm": "H0", "stream": "R4_ALT_CEM_1", "mode": "H_REAL3_REPLAN"}
/workspace/r10/env_old/lib/python3.12/site-packages/gymnasium/utils/passive_env_checker.py:129: UserWarning: [33mWARN: The obs returned by the `reset()` method was expecting a numpy array, actual type: <class 'torch.Tensor'>[0m
  logger.warn(
/workspace/r10/env_old/lib/python3.12/site-packages/gymnasium/spaces/box.py:415: UserWarning: [33mWARN: Casting input x to numpy array.[0m
  gym.logger.warn("Casting input x to numpy array.")
CEM solve time: 1.5638 seconds
/workspace/r10/env_old/lib/python3.12/site-packages/gymnasium/utils/passive_env_checker.py:129: UserWarning: [33mWARN: The obs returned by the `step()` method was expecting a numpy array, actual type: <class 'torch.Tensor'>[0m
  logger.warn(
/workspace/r10/env_old/lib/python3.12/site-packages/gymnasium/spaces/box.py:415: UserWarning: [33mWARN: Casting input x to numpy array.[0m
  gym.logger.warn("Casting input x to numpy array.")
CEM solve time: 1.5618 seconds
/workspace/r10/env_old/lib/python3.12/site-packages/gymnasium/utils/passive_env_checker.py:129: UserWarning: [33mWARN: The obs returned by the `reset()` method was expecting a numpy array, actual type: <class 'torch.Tensor'>[0m
  logger.warn(
/workspace/r10/env_old/lib/python3.12/site-packages/gymnasium/spaces/box.py:415: UserWarning: [33mWARN: Casting input x to numpy array.[0m
  gym.logger.warn("Casting input x to numpy array.")
CEM solve time: 1.5566 seconds
/workspace/r10/env_old/lib/python3.12/site-packages/gymnasium/utils/passive_env_checker.py:129: UserWarning: [33mWARN: The obs returned by the `step()` method was expecting a numpy array, actual type: <class 'torch.Tensor'>[0m
  logger.warn(
/workspace/r10/env_old/lib/python3.12/site-packages/gymnasium/spaces/box.py:415: UserWarning: [33mWARN: Casting input x to numpy array.[0m
  gym.logger.warn("Casting input x to numpy array.")
CEM solve time: 1.5716 seconds
{"completed": 24, "missing": 0, "case": "R8_tworoom_057a12046ff9a2a2fb35ff61", "arm": "H0", "stream": "R4_ALT_CEM_2", "mode": "H_REAL3_REPLAN"}
/workspace/r10/env_old/lib/python3.12/site-packages/gymnasium/utils/passive_env_checker.py:129: UserWarning: [33mWARN: The obs returned by the `reset()` method was expecting a numpy array, actual type: <class 'torch.Tensor'>[0m
  logger.warn(
/workspace/r10/env_old/lib/python3.12/site-packages/gymnasium/spaces/box.py:415: UserWarning: [33mWARN: Casting input x to numpy array.[0m
  gym.logger.warn("Casting input x to numpy array.")
CEM solve time: 1.5805 seconds
/workspace/r10/env_old/lib/python3.12/site-packages/gymnasium/utils/passive_env_checker.py:129: UserWarning: [33mWARN: The obs returned by the `step()` method was expecting a numpy array, actual type: <class 'torch.Tensor'>[0m
  logger.warn(
/workspace/r10/env_old/lib/python3.12/site-packages/gymnasium/spaces/box.py:415: UserWarning: [33mWARN: Casting input x to numpy array.[0m
  gym.logger.warn("Casting input x to numpy array.")
CEM solve time: 1.5754 seconds
/workspace/r10/env_old/lib/python3.12/site-packages/gymnasium/utils/passive_env_checker.py:129: UserWarning: [33mWARN: The obs returned by the `reset()` method was expecting a numpy array, actual type: <class 'torch.Tensor'>[0m
  logger.warn(
/workspace/r10/env_old/lib/python3.12/site-packages/gymnasium/spaces/box.py:415: UserWarning: [33mWARN: Casting input x to numpy array.[0m
  gym.logger.warn("Casting input x to numpy array.")
CEM solve time: 1.6376 seconds
/workspace/r10/env_old/lib/python3.12/site-packages/gymnasium/utils/passive_env_checker.py:129: UserWarning: [33mWARN: The obs returned by the `step()` method was expecting a numpy array, actual type: <class 'torch.Tensor'>[0m
  logger.warn(
/workspace/r10/env_old/lib/python3.12/site-packages/gymnasium/spaces/box.py:415: UserWarning: [33mWARN: Casting input x to numpy array.[0m
  gym.logger.warn("Casting input x to numpy array.")
CEM solve time: 1.5828 seconds
{"completed": 25, "missing": 0, "case": "R8_tworoom_063489a641b297bf5d297abc", "arm": "H0", "stream": "R3_ORIGINAL", "mode": "H_REAL3_REPLAN"}
/workspace/r10/env_old/lib/python3.12/site-packages/gymnasium/utils/passive_env_checker.py:129: UserWarning: [33mWARN: The obs returned by the `reset()` method was expecting a numpy array, actual type: <class 'torch.Tensor'>[0m
  logger.warn(
/workspace/r10/env_old/lib/python3.12/site-packages/gymnasium/spaces/box.py:415: UserWarning: [33mWARN: Casting input x to numpy array.[0m
  gym.logger.warn("Casting input x to numpy array.")
CEM solve time: 1.6147 seconds
/workspace/r10/env_old/lib/python3.12/site-packages/gymnasium/utils/passive_env_checker.py:129: UserWarning: [33mWARN: The obs returned by the `step()` method was expecting a numpy array, actual type: <class 'torch.Tensor'>[0m
  logger.warn(
/workspace/r10/env_old/lib/python3.12/site-packages/gymnasium/spaces/box.py:415: UserWarning: [33mWARN: Casting input x to numpy array.[0m
  gym.logger.warn("Casting input x to numpy array.")
CEM solve time: 1.5544 seconds
/workspace/r10/env_old/lib/python3.12/site-packages/gymnasium/utils/passive_env_checker.py:129: UserWarning: [33mWARN: The obs returned by the `reset()` method was expecting a numpy array, actual type: <class 'torch.Tensor'>[0m
  logger.warn(
/workspace/r10/env_old/lib/python3.12/site-packages/gymnasium/spaces/box.py:415: UserWarning: [33mWARN: Casting input x to numpy array.[0m
  gym.logger.warn("Casting input x to numpy array.")
CEM solve time: 1.5699 seconds
/workspace/r10/env_old/lib/python3.12/site-packages/gymnasium/utils/passive_env_checker.py:129: UserWarning: [33mWARN: The obs returned by the `step()` method was expecting a numpy array, actual type: <class 'torch.Tensor'>[0m
  logger.warn(
/workspace/r10/env_old/lib/python3.12/site-packages/gymnasium/spaces/box.py:415: UserWarning: [33mWARN: Casting input x to numpy array.[0m
  gym.logger.warn("Casting input x to numpy array.")
CEM solve time: 1.5681 seconds
{"completed": 26, "missing": 0, "case": "R8_tworoom_063489a641b297bf5d297abc", "arm": "H0", "stream": "R4_ALT_CEM_1", "mode": "H_REAL3_REPLAN"}
/workspace/r10/env_old/lib/python3.12/site-packages/gymnasium/utils/passive_env_checker.py:129: UserWarning: [33mWARN: The obs returned by the `reset()` method was expecting a numpy array, actual type: <class 'torch.Tensor'>[0m
  logger.warn(
/workspace/r10/env_old/lib/python3.12/site-packages/gymnasium/spaces/box.py:415: UserWarning: [33mWARN: Casting input x to numpy array.[0m
  gym.logger.warn("Casting input x to numpy array.")
CEM solve time: 1.5749 seconds
/workspace/r10/env_old/lib/python3.12/site-packages/gymnasium/utils/passive_env_checker.py:129: UserWarning: [33mWARN: The obs returned by the `step()` method was expecting a numpy array, actual type: <class 'torch.Tensor'>[0m
  logger.warn(
/workspace/r10/env_old/lib/python3.12/site-packages/gymnasium/spaces/box.py:415: UserWarning: [33mWARN: Casting input x to numpy array.[0m
  gym.logger.warn("Casting input x to numpy array.")
CEM solve time: 1.6124 seconds
/workspace/r10/env_old/lib/python3.12/site-packages/gymnasium/utils/passive_env_checker.py:129: UserWarning: [33mWARN: The obs returned by the `reset()` method was expecting a numpy array, actual type: <class 'torch.Tensor'>[0m
  logger.warn(
/workspace/r10/env_old/lib/python3.12/site-packages/gymnasium/spaces/box.py:415: UserWarning: [33mWARN: Casting input x to numpy array.[0m
  gym.logger.warn("Casting input x to numpy array.")
CEM solve time: 1.5643 seconds
/workspace/r10/env_old/lib/python3.12/site-packages/gymnasium/utils/passive_env_checker.py:129: UserWarning: [33mWARN: The obs returned by the `step()` method was expecting a numpy array, actual type: <class 'torch.Tensor'>[0m
  logger.warn(
/workspace/r10/env_old/lib/python3.12/site-packages/gymnasium/spaces/box.py:415: UserWarning: [33mWARN: Casting input x to numpy array.[0m
  gym.logger.warn("Casting input x to numpy array.")
CEM solve time: 1.5791 seconds
{"completed": 27, "missing": 0, "case": "R8_tworoom_063489a641b297bf5d297abc", "arm": "H0", "stream": "R4_ALT_CEM_2", "mode": "H_REAL3_REPLAN"}
/workspace/r10/env_old/lib/python3.12/site-packages/gymnasium/utils/passive_env_checker.py:129: UserWarning: [33mWARN: The obs returned by the `reset()` method was expecting a numpy array, actual type: <class 'torch.Tensor'>[0m
  logger.warn(
/workspace/r10/env_old/lib/python3.12/site-packages/gymnasium/spaces/box.py:415: UserWarning: [33mWARN: Casting input x to numpy array.[0m
  gym.logger.warn("Casting input x to numpy array.")
CEM solve time: 1.5590 seconds
/workspace/r10/env_old/lib/python3.12/site-packages/gymnasium/utils/passive_env_checker.py:129: UserWarning: [33mWARN: The obs returned by the `step()` method was expecting a numpy array, actual type: <class 'torch.Tensor'>[0m
  logger.warn(
/workspace/r10/env_old/lib/python3.12/site-packages/gymnasium/spaces/box.py:415: UserWarning: [33mWARN: Casting input x to numpy array.[0m
  gym.logger.warn("Casting input x to numpy array.")
/workspace/r10/env_old/lib/python3.12/site-packages/gymnasium/utils/passive_env_checker.py:129: UserWarning: [33mWARN: The obs returned by the `reset()` method was expecting a numpy array, actual type: <class 'torch.Tensor'>[0m
  logger.warn(
/workspace/r10/env_old/lib/python3.12/site-packages/gymnasium/spaces/box.py:415: UserWarning: [33mWARN: Casting input x to numpy array.[0m
  gym.logger.warn("Casting input x to numpy array.")
CEM solve time: 1.5578 seconds
/workspace/r10/env_old/lib/python3.12/site-packages/gymnasium/utils/passive_env_checker.py:129: UserWarning: [33mWARN: The obs returned by the `step()` method was expecting a numpy array, actual type: <class 'torch.Tensor'>[0m
  logger.warn(
/workspace/r10/env_old/lib/python3.12/site-packages/gymnasium/spaces/box.py:415: UserWarning: [33mWARN: Casting input x to numpy array.[0m
  gym.logger.warn("Casting input x to numpy array.")
{"completed": 28, "missing": 0, "case": "R8_tworoom_07275f3ed8b48418157c07d4", "arm": "H0", "stream": "R3_ORIGINAL", "mode": "H_REAL3_REPLAN"}
/workspace/r10/env_old/lib/python3.12/site-packages/gymnasium/utils/passive_env_checker.py:129: UserWarning: [33mWARN: The obs returned by the `reset()` method was expecting a numpy array, actual type: <class 'torch.Tensor'>[0m
  logger.warn(
/workspace/r10/env_old/lib/python3.12/site-packages/gymnasium/spaces/box.py:415: UserWarning: [33mWARN: Casting input x to numpy array.[0m
  gym.logger.warn("Casting input x to numpy array.")
CEM solve time: 1.5808 seconds
/workspace/r10/env_old/lib/python3.12/site-packages/gymnasium/utils/passive_env_checker.py:129: UserWarning: [33mWARN: The obs returned by the `step()` method was expecting a numpy array, actual type: <class 'torch.Tensor'>[0m
  logger.warn(
/workspace/r10/env_old/lib/python3.12/site-packages/gymnasium/spaces/box.py:415: UserWarning: [33mWARN: Casting input x to numpy array.[0m
  gym.logger.warn("Casting input x to numpy array.")
/workspace/r10/env_old/lib/python3.12/site-packages/gymnasium/utils/passive_env_checker.py:129: UserWarning: [33mWARN: The obs returned by the `reset()` method was expecting a numpy array, actual type: <class 'torch.Tensor'>[0m
  logger.warn(
/workspace/r10/env_old/lib/python3.12/site-packages/gymnasium/spaces/box.py:415: UserWarning: [33mWARN: Casting input x to numpy array.[0m
  gym.logger.warn("Casting input x to numpy array.")
CEM solve time: 1.5627 seconds
/workspace/r10/env_old/lib/python3.12/site-packages/gymnasium/utils/passive_env_checker.py:129: UserWarning: [33mWARN: The obs returned by the `step()` method was expecting a numpy array, actual type: <class 'torch.Tensor'>[0m
  logger.warn(
/workspace/r10/env_old/lib/python3.12/site-packages/gymnasium/spaces/box.py:415: UserWarning: [33mWARN: Casting input x to numpy array.[0m
  gym.logger.warn("Casting input x to numpy array.")
{"completed": 29, "missing": 0, "case": "R8_tworoom_07275f3ed8b48418157c07d4", "arm": "H0", "stream": "R4_ALT_CEM_1", "mode": "H_REAL3_REPLAN"}
/workspace/r10/env_old/lib/python3.12/site-packages/gymnasium/utils/passive_env_checker.py:129: UserWarning: [33mWARN: The obs returned by the `reset()` method was expecting a numpy array, actual type: <class 'torch.Tensor'>[0m
  logger.warn(
/workspace/r10/env_old/lib/python3.12/site-packages/gymnasium/spaces/box.py:415: UserWarning: [33mWARN: Casting input x to numpy array.[0m
  gym.logger.warn("Casting input x to numpy array.")
CEM solve time: 1.5548 seconds
/workspace/r10/env_old/lib/python3.12/site-packages/gymnasium/utils/passive_env_checker.py:129: UserWarning: [33mWARN: The obs returned by the `step()` method was expecting a numpy array, actual type: <class 'torch.Tensor'>[0m
  logger.warn(
/workspace/r10/env_old/lib/python3.12/site-packages/gymnasium/spaces/box.py:415: UserWarning: [33mWARN: Casting input x to numpy array.[0m
  gym.logger.warn("Casting input x to numpy array.")
/workspace/r10/env_old/lib/python3.12/site-packages/gymnasium/utils/passive_env_checker.py:129: UserWarning: [33mWARN: The obs returned by the `reset()` method was expecting a numpy array, actual type: <class 'torch.Tensor'>[0m
  logger.warn(
/workspace/r10/env_old/lib/python3.12/site-packages/gymnasium/spaces/box.py:415: UserWarning: [33mWARN: Casting input x to numpy array.[0m
  gym.logger.warn("Casting input x to numpy array.")
CEM solve time: 1.5651 seconds
/workspace/r10/env_old/lib/python3.12/site-packages/gymnasium/utils/passive_env_checker.py:129: UserWarning: [33mWARN: The obs returned by the `step()` method was expecting a numpy array, actual type: <class 'torch.Tensor'>[0m
  logger.warn(
/workspace/r10/env_old/lib/python3.12/site-packages/gymnasium/spaces/box.py:415: UserWarning: [33mWARN: Casting input x to numpy array.[0m
  gym.logger.warn("Casting input x to numpy array.")
{"completed": 30, "missing": 0, "case": "R8_tworoom_07275f3ed8b48418157c07d4", "arm": "H0", "stream": "R4_ALT_CEM_2", "mode": "H_REAL3_REPLAN"}
/workspace/r10/env_old/lib/python3.12/site-packages/gymnasium/utils/passive_env_checker.py:129: UserWarning: [33mWARN: The obs returned by the `reset()` method was expecting a numpy array, actual type: <class 'torch.Tensor'>[0m
  logger.warn(
/workspace/r10/env_old/lib/python3.12/site-packages/gymnasium/spaces/box.py:415: UserWarning: [33mWARN: Casting input x to numpy array.[0m
  gym.logger.warn("Casting input x to numpy array.")
CEM solve time: 1.5600 seconds
/workspace/r10/env_old/lib/python3.12/site-packages/gymnasium/utils/passive_env_checker.py:129: UserWarning: [33mWARN: The obs returned by the `step()` method was expecting a numpy array, actual type: <class 'torch.Tensor'>[0m
  logger.warn(
/workspace/r10/env_old/lib/python3.12/site-packages/gymnasium/spaces/box.py:415: UserWarning: [33mWARN: Casting input x to numpy array.[0m
  gym.logger.warn("Casting input x to numpy array.")
CEM solve time: 1.5609 seconds
/workspace/r10/env_old/lib/python3.12/site-packages/gymnasium/utils/passive_env_checker.py:129: UserWarning: [33mWARN: The obs returned by the `reset()` method was expecting a numpy array, actual type: <class 'torch.Tensor'>[0m
  logger.warn(
/workspace/r10/env_old/lib/python3.12/site-packages/gymnasium/spaces/box.py:415: UserWarning: [33mWARN: Casting input x to numpy array.[0m
  gym.logger.warn("Casting input x to numpy array.")
CEM solve time: 1.5892 seconds
/workspace/r10/env_old/lib/python3.12/site-packages/gymnasium/utils/passive_env_checker.py:129: UserWarning: [33mWARN: The obs returned by the `step()` method was expecting a numpy array, actual type: <class 'torch.Tensor'>[0m
  logger.warn(
/workspace/r10/env_old/lib/python3.12/site-packages/gymnasium/spaces/box.py:415: UserWarning: [33mWARN: Casting input x to numpy array.[0m
  gym.logger.warn("Casting input x to numpy array.")
CEM solve time: 1.6076 seconds
{"completed": 31, "missing": 0, "case": "R8_tworoom_079ace4574dabaf5a9dd4436", "arm": "H0", "stream": "R3_ORIGINAL", "mode": "H_REAL3_REPLAN"}
/workspace/r10/env_old/lib/python3.12/site-packages/gymnasium/utils/passive_env_checker.py:129: UserWarning: [33mWARN: The obs returned by the `reset()` method was expecting a numpy array, actual type: <class 'torch.Tensor'>[0m
  logger.warn(
/workspace/r10/env_old/lib/python3.12/site-packages/gymnasium/spaces/box.py:415: UserWarning: [33mWARN: Casting input x to numpy array.[0m
  gym.logger.warn("Casting input x to numpy array.")
CEM solve time: 1.5586 seconds
/workspace/r10/env_old/lib/python3.12/site-packages/gymnasium/utils/passive_env_checker.py:129: UserWarning: [33mWARN: The obs returned by the `step()` method was expecting a numpy array, actual type: <class 'torch.Tensor'>[0m
  logger.warn(
/workspace/r10/env_old/lib/python3.12/site-packages/gymnasium/spaces/box.py:415: UserWarning: [33mWARN: Casting input x to numpy array.[0m
  gym.logger.warn("Casting input x to numpy array.")
CEM solve time: 1.5671 seconds
/workspace/r10/env_old/lib/python3.12/site-packages/gymnasium/utils/passive_env_checker.py:129: UserWarning: [33mWARN: The obs returned by the `reset()` method was expecting a numpy array, actual type: <class 'torch.Tensor'>[0m
  logger.warn(
/workspace/r10/env_old/lib/python3.12/site-packages/gymnasium/spaces/box.py:415: UserWarning: [33mWARN: Casting input x to numpy array.[0m
  gym.logger.warn("Casting input x to numpy array.")
CEM solve time: 1.6079 seconds
/workspace/r10/env_old/lib/python3.12/site-packages/gymnasium/utils/passive_env_checker.py:129: UserWarning: [33mWARN: The obs returned by the `step()` method was expecting a numpy array, actual type: <class 'torch.Tensor'>[0m
  logger.warn(
/workspace/r10/env_old/lib/python3.12/site-packages/gymnasium/spaces/box.py:415: UserWarning: [33mWARN: Casting input x to numpy array.[0m
  gym.logger.warn("Casting input x to numpy array.")
CEM solve time: 1.5796 seconds
{"completed": 32, "missing": 0, "case": "R8_tworoom_079ace4574dabaf5a9dd4436", "arm": "H0", "stream": "R4_ALT_CEM_1", "mode": "H_REAL3_REPLAN"}
/workspace/r10/env_old/lib/python3.12/site-packages/gymnasium/utils/passive_env_checker.py:129: UserWarning: [33mWARN: The obs returned by the `reset()` method was expecting a numpy array, actual type: <class 'torch.Tensor'>[0m
  logger.warn(
/workspace/r10/env_old/lib/python3.12/site-packages/gymnasium/spaces/box.py:415: UserWarning: [33mWARN: Casting input x to numpy array.[0m
  gym.logger.warn("Casting input x to numpy array.")
CEM solve time: 1.5652 seconds
/workspace/r10/env_old/lib/python3.12/site-packages/gymnasium/utils/passive_env_checker.py:129: UserWarning: [33mWARN: The obs returned by the `step()` method was expecting a numpy array, actual type: <class 'torch.Tensor'>[0m
  logger.warn(
/workspace/r10/env_old/lib/python3.12/site-packages/gymnasium/spaces/box.py:415: UserWarning: [33mWARN: Casting input x to numpy array.[0m
  gym.logger.warn("Casting input x to numpy array.")
CEM solve time: 1.5789 seconds
/workspace/r10/env_old/lib/python3.12/site-packages/gymnasium/utils/passive_env_checker.py:129: UserWarning: [33mWARN: The obs returned by the `reset()` method was expecting a numpy array, actual type: <class 'torch.Tensor'>[0m
  logger.warn(
/workspace/r10/env_old/lib/python3.12/site-packages/gymnasium/spaces/box.py:415: UserWarning: [33mWARN: Casting input x to numpy array.[0m
  gym.logger.warn("Casting input x to numpy array.")
CEM solve time: 1.5787 seconds
/workspace/r10/env_old/lib/python3.12/site-packages/gymnasium/utils/passive_env_checker.py:129: UserWarning: [33mWARN: The obs returned by the `step()` method was expecting a numpy array, actual type: <class 'torch.Tensor'>[0m
  logger.warn(
/workspace/r10/env_old/lib/python3.12/site-packages/gymnasium/spaces/box.py:415: UserWarning: [33mWARN: Casting input x to numpy array.[0m
  gym.logger.warn("Casting input x to numpy array.")
CEM solve time: 1.5966 seconds
{"completed": 33, "missing": 0, "case": "R8_tworoom_079ace4574dabaf5a9dd4436", "arm": "H0", "stream": "R4_ALT_CEM_2", "mode": "H_REAL3_REPLAN"}
/workspace/r10/env_old/lib/python3.12/site-packages/gymnasium/utils/passive_env_checker.py:129: UserWarning: [33mWARN: The obs returned by the `reset()` method was expecting a numpy array, actual type: <class 'torch.Tensor'>[0m
  logger.warn(
/workspace/r10/env_old/lib/python3.12/site-packages/gymnasium/spaces/box.py:415: UserWarning: [33mWARN: Casting input x to numpy array.[0m
  gym.logger.warn("Casting input x to numpy array.")
CEM solve time: 1.5640 seconds
/workspace/r10/env_old/lib/python3.12/site-packages/gymnasium/utils/passive_env_checker.py:129: UserWarning: [33mWARN: The obs returned by the `step()` method was expecting a numpy array, actual type: <class 'torch.Tensor'>[0m
  logger.warn(
/workspace/r10/env_old/lib/python3.12/site-packages/gymnasium/spaces/box.py:415: UserWarning: [33mWARN: Casting input x to numpy array.[0m
  gym.logger.warn("Casting input x to numpy array.")
CEM solve time: 1.5609 seconds
/workspace/r10/env_old/lib/python3.12/site-packages/gymnasium/utils/passive_env_checker.py:129: UserWarning: [33mWARN: The obs returned by the `reset()` method was expecting a numpy array, actual type: <class 'torch.Tensor'>[0m
  logger.warn(
/workspace/r10/env_old/lib/python3.12/site-packages/gymnasium/spaces/box.py:415: UserWarning: [33mWARN: Casting input x to numpy array.[0m
  gym.logger.warn("Casting input x to numpy array.")
CEM solve time: 1.5655 seconds
/workspace/r10/env_old/lib/python3.12/site-packages/gymnasium/utils/passive_env_checker.py:129: UserWarning: [33mWARN: The obs returned by the `step()` method was expecting a numpy array, actual type: <class 'torch.Tensor'>[0m
  logger.warn(
/workspace/r10/env_old/lib/python3.12/site-packages/gymnasium/spaces/box.py:415: UserWarning: [33mWARN: Casting input x to numpy array.[0m
  gym.logger.warn("Casting input x to numpy array.")
CEM solve time: 1.5748 seconds
{"completed": 34, "missing": 0, "case": "R8_tworoom_082e9b45e7283603ec99842f", "arm": "H0", "stream": "R3_ORIGINAL", "mode": "H_REAL3_REPLAN"}
/workspace/r10/env_old/lib/python3.12/site-packages/gymnasium/utils/passive_env_checker.py:129: UserWarning: [33mWARN: The obs returned by the `reset()` method was expecting a numpy array, actual type: <class 'torch.Tensor'>[0m
  logger.warn(
/workspace/r10/env_old/lib/python3.12/site-packages/gymnasium/spaces/box.py:415: UserWarning: [33mWARN: Casting input x to numpy array.[0m
  gym.logger.warn("Casting input x to numpy array.")
CEM solve time: 1.5800 seconds
/workspace/r10/env_old/lib/python3.12/site-packages/gymnasium/utils/passive_env_checker.py:129: UserWarning: [33mWARN: The obs returned by the `step()` method was expecting a numpy array, actual type: <class 'torch.Tensor'>[0m
  logger.warn(
/workspace/r10/env_old/lib/python3.12/site-packages/gymnasium/spaces/box.py:415: UserWarning: [33mWARN: Casting input x to numpy array.[0m
  gym.logger.warn("Casting input x to numpy array.")
CEM solve time: 1.5591 seconds
/workspace/r10/env_old/lib/python3.12/site-packages/gymnasium/utils/passive_env_checker.py:129: UserWarning: [33mWARN: The obs returned by the `reset()` method was expecting a numpy array, actual type: <class 'torch.Tensor'>[0m
  logger.warn(
/workspace/r10/env_old/lib/python3.12/site-packages/gymnasium/spaces/box.py:415: UserWarning: [33mWARN: Casting input x to numpy array.[0m
  gym.logger.warn("Casting input x to numpy array.")
CEM solve time: 1.5717 seconds
/workspace/r10/env_old/lib/python3.12/site-packages/gymnasium/utils/passive_env_checker.py:129: UserWarning: [33mWARN: The obs returned by the `step()` method was expecting a numpy array, actual type: <class 'torch.Tensor'>[0m
  logger.warn(
/workspace/r10/env_old/lib/python3.12/site-packages/gymnasium/spaces/box.py:415: UserWarning: [33mWARN: Casting input x to numpy array.[0m
  gym.logger.warn("Casting input x to numpy array.")
CEM solve time: 1.6076 seconds
{"completed": 35, "missing": 0, "case": "R8_tworoom_082e9b45e7283603ec99842f", "arm": "H0", "stream": "R4_ALT_CEM_1", "mode": "H_REAL3_REPLAN"}
/workspace/r10/env_old/lib/python3.12/site-packages/gymnasium/utils/passive_env_checker.py:129: UserWarning: [33mWARN: The obs returned by the `reset()` method was expecting a numpy array, actual type: <class 'torch.Tensor'>[0m
  logger.warn(
/workspace/r10/env_old/lib/python3.12/site-packages/gymnasium/spaces/box.py:415: UserWarning: [33mWARN: Casting input x to numpy array.[0m
  gym.logger.warn("Casting input x to numpy array.")
CEM solve time: 1.5693 seconds
/workspace/r10/env_old/lib/python3.12/site-packages/gymnasium/utils/passive_env_checker.py:129: UserWarning: [33mWARN: The obs returned by the `step()` method was expecting a numpy array, actual type: <class 'torch.Tensor'>[0m
  logger.warn(
/workspace/r10/env_old/lib/python3.12/site-packages/gymnasium/spaces/box.py:415: UserWarning: [33mWARN: Casting input x to numpy array.[0m
  gym.logger.warn("Casting input x to numpy array.")
CEM solve time: 1.5582 seconds
/workspace/r10/env_old/lib/python3.12/site-packages/gymnasium/utils/passive_env_checker.py:129: UserWarning: [33mWARN: The obs returned by the `reset()` method was expecting a numpy array, actual type: <class 'torch.Tensor'>[0m
  logger.warn(
/workspace/r10/env_old/lib/python3.12/site-packages/gymnasium/spaces/box.py:415: UserWarning: [33mWARN: Casting input x to numpy array.[0m
  gym.logger.warn("Casting input x to numpy array.")
CEM solve time: 1.5834 seconds
/workspace/r10/env_old/lib/python3.12/site-packages/gymnasium/utils/passive_env_checker.py:129: UserWarning: [33mWARN: The obs returned by the `step()` method was expecting a numpy array, actual type: <class 'torch.Tensor'>[0m
  logger.warn(
/workspace/r10/env_old/lib/python3.12/site-packages/gymnasium/spaces/box.py:415: UserWarning: [33mWARN: Casting input x to numpy array.[0m
  gym.logger.warn("Casting input x to numpy array.")
CEM solve time: 1.5890 seconds
{"completed": 36, "missing": 0, "case": "R8_tworoom_082e9b45e7283603ec99842f", "arm": "H0", "stream": "R4_ALT_CEM_2", "mode": "H_REAL3_REPLAN"}
/workspace/r10/env_old/lib/python3.12/site-packages/gymnasium/utils/passive_env_checker.py:129: UserWarning: [33mWARN: The obs returned by the `reset()` method was expecting a numpy array, actual type: <class 'torch.Tensor'>[0m
  logger.warn(
/workspace/r10/env_old/lib/python3.12/site-packages/gymnasium/spaces/box.py:415: UserWarning: [33mWARN: Casting input x to numpy array.[0m
  gym.logger.warn("Casting input x to numpy array.")
CEM solve time: 1.5707 seconds
/workspace/r10/env_old/lib/python3.12/site-packages/gymnasium/utils/passive_env_checker.py:129: UserWarning: [33mWARN: The obs returned by the `step()` method was expecting a numpy array, actual type: <class 'torch.Tensor'>[0m
  logger.warn(
/workspace/r10/env_old/lib/python3.12/site-packages/gymnasium/spaces/box.py:415: UserWarning: [33mWARN: Casting input x to numpy array.[0m
  gym.logger.warn("Casting input x to numpy array.")
/workspace/r10/env_old/lib/python3.12/site-packages/gymnasium/utils/passive_env_checker.py:129: UserWarning: [33mWARN: The obs returned by the `reset()` method was expecting a numpy array, actual type: <class 'torch.Tensor'>[0m
  logger.warn(
/workspace/r10/env_old/lib/python3.12/site-packages/gymnasium/spaces/box.py:415: UserWarning: [33mWARN: Casting input x to numpy array.[0m
  gym.logger.warn("Casting input x to numpy array.")
CEM solve time: 1.5876 seconds
/workspace/r10/env_old/lib/python3.12/site-packages/gymnasium/utils/passive_env_checker.py:129: UserWarning: [33mWARN: The obs returned by the `step()` method was expecting a numpy array, actual type: <class 'torch.Tensor'>[0m
  logger.warn(
/workspace/r10/env_old/lib/python3.12/site-packages/gymnasium/spaces/box.py:415: UserWarning: [33mWARN: Casting input x to numpy array.[0m
  gym.logger.warn("Casting input x to numpy array.")
{"completed": 37, "missing": 0, "case": "R8_tworoom_00c6b02dc7fb880bcdfc7dda", "arm": "REFIT_103201", "stream": "R3_ORIGINAL", "mode": "H_REAL3_REPLAN"}
/workspace/r10/env_old/lib/python3.12/site-packages/gymnasium/utils/passive_env_checker.py:129: UserWarning: [33mWARN: The obs returned by the `reset()` method was expecting a numpy array, actual type: <class 'torch.Tensor'>[0m
  logger.warn(
/workspace/r10/env_old/lib/python3.12/site-packages/gymnasium/spaces/box.py:415: UserWarning: [33mWARN: Casting input x to numpy array.[0m
  gym.logger.warn("Casting input x to numpy array.")
CEM solve time: 1.5824 seconds
/workspace/r10/env_old/lib/python3.12/site-packages/gymnasium/utils/passive_env_checker.py:129: UserWarning: [33mWARN: The obs returned by the `step()` method was expecting a numpy array, actual type: <class 'torch.Tensor'>[0m
  logger.warn(
/workspace/r10/env_old/lib/python3.12/site-packages/gymnasium/spaces/box.py:415: UserWarning: [33mWARN: Casting input x to numpy array.[0m
  gym.logger.warn("Casting input x to numpy array.")
/workspace/r10/env_old/lib/python3.12/site-packages/gymnasium/utils/passive_env_checker.py:129: UserWarning: [33mWARN: The obs returned by the `reset()` method was expecting a numpy array, actual type: <class 'torch.Tensor'>[0m
  logger.warn(
/workspace/r10/env_old/lib/python3.12/site-packages/gymnasium/spaces/box.py:415: UserWarning: [33mWARN: Casting input x to numpy array.[0m
  gym.logger.warn("Casting input x to numpy array.")
CEM solve time: 1.5653 seconds
/workspace/r10/env_old/lib/python3.12/site-packages/gymnasium/utils/passive_env_checker.py:129: UserWarning: [33mWARN: The obs returned by the `step()` method was expecting a numpy array, actual type: <class 'torch.Tensor'>[0m
  logger.warn(
/workspace/r10/env_old/lib/python3.12/site-packages/gymnasium/spaces/box.py:415: UserWarning: [33mWARN: Casting input x to numpy array.[0m
  gym.logger.warn("Casting input x to numpy array.")
{"completed": 38, "missing": 0, "case": "R8_tworoom_00c6b02dc7fb880bcdfc7dda", "arm": "REFIT_103201", "stream": "R4_ALT_CEM_1", "mode": "H_REAL3_REPLAN"}
/workspace/r10/env_old/lib/python3.12/site-packages/gymnasium/utils/passive_env_checker.py:129: UserWarning: [33mWARN: The obs returned by the `reset()` method was expecting a numpy array, actual type: <class 'torch.Tensor'>[0m
  logger.warn(
/workspace/r10/env_old/lib/python3.12/site-packages/gymnasium/spaces/box.py:415: UserWarning: [33mWARN: Casting input x to numpy array.[0m
  gym.logger.warn("Casting input x to numpy array.")
CEM solve time: 1.5654 seconds
/workspace/r10/env_old/lib/python3.12/site-packages/gymnasium/utils/passive_env_checker.py:129: UserWarning: [33mWARN: The obs returned by the `step()` method was expecting a numpy array, actual type: <class 'torch.Tensor'>[0m
  logger.warn(
/workspace/r10/env_old/lib/python3.12/site-packages/gymnasium/spaces/box.py:415: UserWarning: [33mWARN: Casting input x to numpy array.[0m
  gym.logger.warn("Casting input x to numpy array.")
/workspace/r10/env_old/lib/python3.12/site-packages/gymnasium/utils/passive_env_checker.py:129: UserWarning: [33mWARN: The obs returned by the `reset()` method was expecting a numpy array, actual type: <class 'torch.Tensor'>[0m
  logger.warn(
/workspace/r10/env_old/lib/python3.12/site-packages/gymnasium/spaces/box.py:415: UserWarning: [33mWARN: Casting input x to numpy array.[0m
  gym.logger.warn("Casting input x to numpy array.")
CEM solve time: 1.5875 seconds
/workspace/r10/env_old/lib/python3.12/site-packages/gymnasium/utils/passive_env_checker.py:129: UserWarning: [33mWARN: The obs returned by the `step()` method was expecting a numpy array, actual type: <class 'torch.Tensor'>[0m
  logger.warn(
/workspace/r10/env_old/lib/python3.12/site-packages/gymnasium/spaces/box.py:415: UserWarning: [33mWARN: Casting input x to numpy array.[0m
  gym.logger.warn("Casting input x to numpy array.")
{"completed": 39, "missing": 0, "case": "R8_tworoom_00c6b02dc7fb880bcdfc7dda", "arm": "REFIT_103201", "stream": "R4_ALT_CEM_2", "mode": "H_REAL3_REPLAN"}
/workspace/r10/env_old/lib/python3.12/site-packages/gymnasium/utils/passive_env_checker.py:129: UserWarning: [33mWARN: The obs returned by the `reset()` method was expecting a numpy array, actual type: <class 'torch.Tensor'>[0m
  logger.warn(
/workspace/r10/env_old/lib/python3.12/site-packages/gymnasium/spaces/box.py:415: UserWarning: [33mWARN: Casting input x to numpy array.[0m
  gym.logger.warn("Casting input x to numpy array.")
CEM solve time: 1.5678 seconds
/workspace/r10/env_old/lib/python3.12/site-packages/gymnasium/utils/passive_env_checker.py:129: UserWarning: [33mWARN: The obs returned by the `step()` method was expecting a numpy array, actual type: <class 'torch.Tensor'>[0m
  logger.warn(
/workspace/r10/env_old/lib/python3.12/site-packages/gymnasium/spaces/box.py:415: UserWarning: [33mWARN: Casting input x to numpy array.[0m
  gym.logger.warn("Casting input x to numpy array.")
/workspace/r10/env_old/lib/python3.12/site-packages/gymnasium/utils/passive_env_checker.py:129: UserWarning: [33mWARN: The obs returned by the `reset()` method was expecting a numpy array, actual type: <class 'torch.Tensor'>[0m
  logger.warn(
/workspace/r10/env_old/lib/python3.12/site-packages/gymnasium/spaces/box.py:415: UserWarning: [33mWARN: Casting input x to numpy array.[0m
  gym.logger.warn("Casting input x to numpy array.")
CEM solve time: 1.5750 seconds
/workspace/r10/env_old/lib/python3.12/site-packages/gymnasium/utils/passive_env_checker.py:129: UserWarning: [33mWARN: The obs returned by the `step()` method was expecting a numpy array, actual type: <class 'torch.Tensor'>[0m
  logger.warn(
/workspace/r10/env_old/lib/python3.12/site-packages/gymnasium/spaces/box.py:415: UserWarning: [33mWARN: Casting input x to numpy array.[0m
  gym.logger.warn("Casting input x to numpy array.")
{"completed": 40, "missing": 0, "case": "R8_tworoom_01c16f34aa04119a3489ad0f", "arm": "REFIT_103201", "stream": "R3_ORIGINAL", "mode": "H_REAL3_REPLAN"}
/workspace/r10/env_old/lib/python3.12/site-packages/gymnasium/utils/passive_env_checker.py:129: UserWarning: [33mWARN: The obs returned by the `reset()` method was expecting a numpy array, actual type: <class 'torch.Tensor'>[0m
  logger.warn(
/workspace/r10/env_old/lib/python3.12/site-packages/gymnasium/spaces/box.py:415: UserWarning: [33mWARN: Casting input x to numpy array.[0m
  gym.logger.warn("Casting input x to numpy array.")
CEM solve time: 1.5631 seconds
/workspace/r10/env_old/lib/python3.12/site-packages/gymnasium/utils/passive_env_checker.py:129: UserWarning: [33mWARN: The obs returned by the `step()` method was expecting a numpy array, actual type: <class 'torch.Tensor'>[0m
  logger.warn(
/workspace/r10/env_old/lib/python3.12/site-packages/gymnasium/spaces/box.py:415: UserWarning: [33mWARN: Casting input x to numpy array.[0m
  gym.logger.warn("Casting input x to numpy array.")
/workspace/r10/env_old/lib/python3.12/site-packages/gymnasium/utils/passive_env_checker.py:129: UserWarning: [33mWARN: The obs returned by the `reset()` method was expecting a numpy array, actual type: <class 'torch.Tensor'>[0m
  logger.warn(
/workspace/r10/env_old/lib/python3.12/site-packages/gymnasium/spaces/box.py:415: UserWarning: [33mWARN: Casting input x to numpy array.[0m
  gym.logger.warn("Casting input x to numpy array.")
CEM solve time: 1.5729 seconds
/workspace/r10/env_old/lib/python3.12/site-packages/gymnasium/utils/passive_env_checker.py:129: UserWarning: [33mWARN: The obs returned by the `step()` method was expecting a numpy array, actual type: <class 'torch.Tensor'>[0m
  logger.warn(
/workspace/r10/env_old/lib/python3.12/site-packages/gymnasium/spaces/box.py:415: UserWarning: [33mWARN: Casting input x to numpy array.[0m
  gym.logger.warn("Casting input x to numpy array.")
{"completed": 41, "missing": 0, "case": "R8_tworoom_01c16f34aa04119a3489ad0f", "arm": "REFIT_103201", "stream": "R4_ALT_CEM_1", "mode": "H_REAL3_REPLAN"}
/workspace/r10/env_old/lib/python3.12/site-packages/gymnasium/utils/passive_env_checker.py:129: UserWarning: [33mWARN: The obs returned by the `reset()` method was expecting a numpy array, actual type: <class 'torch.Tensor'>[0m
  logger.warn(
/workspace/r10/env_old/lib/python3.12/site-packages/gymnasium/spaces/box.py:415: UserWarning: [33mWARN: Casting input x to numpy array.[0m
  gym.logger.warn("Casting input x to numpy array.")
CEM solve time: 1.5903 seconds
/workspace/r10/env_old/lib/python3.12/site-packages/gymnasium/utils/passive_env_checker.py:129: UserWarning: [33mWARN: The obs returned by the `step()` method was expecting a numpy array, actual type: <class 'torch.Tensor'>[0m
  logger.warn(
/workspace/r10/env_old/lib/python3.12/site-packages/gymnasium/spaces/box.py:415: UserWarning: [33mWARN: Casting input x to numpy array.[0m
  gym.logger.warn("Casting input x to numpy array.")
/workspace/r10/env_old/lib/python3.12/site-packages/gymnasium/utils/passive_env_checker.py:129: UserWarning: [33mWARN: The obs returned by the `reset()` method was expecting a numpy array, actual type: <class 'torch.Tensor'>[0m
  logger.warn(
/workspace/r10/env_old/lib/python3.12/site-packages/gymnasium/spaces/box.py:415: UserWarning: [33mWARN: Casting input x to numpy array.[0m
  gym.logger.warn("Casting input x to numpy array.")
CEM solve time: 1.5866 seconds
/workspace/r10/env_old/lib/python3.12/site-packages/gymnasium/utils/passive_env_checker.py:129: UserWarning: [33mWARN: The obs returned by the `step()` method was expecting a numpy array, actual type: <class 'torch.Tensor'>[0m
  logger.warn(
/workspace/r10/env_old/lib/python3.12/site-packages/gymnasium/spaces/box.py:415: UserWarning: [33mWARN: Casting input x to numpy array.[0m
  gym.logger.warn("Casting input x to numpy array.")
{"completed": 42, "missing": 0, "case": "R8_tworoom_01c16f34aa04119a3489ad0f", "arm": "REFIT_103201", "stream": "R4_ALT_CEM_2", "mode": "H_REAL3_REPLAN"}
/workspace/r10/env_old/lib/python3.12/site-packages/gymnasium/utils/passive_env_checker.py:129: UserWarning: [33mWARN: The obs returned by the `reset()` method was expecting a numpy array, actual type: <class 'torch.Tensor'>[0m
  logger.warn(
/workspace/r10/env_old/lib/python3.12/site-packages/gymnasium/spaces/box.py:415: UserWarning: [33mWARN: Casting input x to numpy array.[0m
  gym.logger.warn("Casting input x to numpy array.")
CEM solve time: 1.5610 seconds
/workspace/r10/env_old/lib/python3.12/site-packages/gymnasium/utils/passive_env_checker.py:129: UserWarning: [33mWARN: The obs returned by the `step()` method was expecting a numpy array, actual type: <class 'torch.Tensor'>[0m
  logger.warn(
/workspace/r10/env_old/lib/python3.12/site-packages/gymnasium/spaces/box.py:415: UserWarning: [33mWARN: Casting input x to numpy array.[0m
  gym.logger.warn("Casting input x to numpy array.")
CEM solve time: 1.5668 seconds
/workspace/r10/env_old/lib/python3.12/site-packages/gymnasium/utils/passive_env_checker.py:129: UserWarning: [33mWARN: The obs returned by the `reset()` method was expecting a numpy array, actual type: <class 'torch.Tensor'>[0m
  logger.warn(
/workspace/r10/env_old/lib/python3.12/site-packages/gymnasium/spaces/box.py:415: UserWarning: [33mWARN: Casting input x to numpy array.[0m
  gym.logger.warn("Casting input x to numpy array.")
CEM solve time: 1.5652 seconds
/workspace/r10/env_old/lib/python3.12/site-packages/gymnasium/utils/passive_env_checker.py:129: UserWarning: [33mWARN: The obs returned by the `step()` method was expecting a numpy array, actual type: <class 'torch.Tensor'>[0m
  logger.warn(
/workspace/r10/env_old/lib/python3.12/site-packages/gymnasium/spaces/box.py:415: UserWarning: [33mWARN: Casting input x to numpy array.[0m
  gym.logger.warn("Casting input x to numpy array.")
CEM solve time: 1.5977 seconds
{"completed": 43, "missing": 0, "case": "R8_tworoom_0242e4f12dfac63f79ddbe09", "arm": "REFIT_103201", "stream": "R3_ORIGINAL", "mode": "H_REAL3_REPLAN"}
/workspace/r10/env_old/lib/python3.12/site-packages/gymnasium/utils/passive_env_checker.py:129: UserWarning: [33mWARN: The obs returned by the `reset()` method was expecting a numpy array, actual type: <class 'torch.Tensor'>[0m
  logger.warn(
/workspace/r10/env_old/lib/python3.12/site-packages/gymnasium/spaces/box.py:415: UserWarning: [33mWARN: Casting input x to numpy array.[0m
  gym.logger.warn("Casting input x to numpy array.")
CEM solve time: 1.5629 seconds
/workspace/r10/env_old/lib/python3.12/site-packages/gymnasium/utils/passive_env_checker.py:129: UserWarning: [33mWARN: The obs returned by the `step()` method was expecting a numpy array, actual type: <class 'torch.Tensor'>[0m
  logger.warn(
/workspace/r10/env_old/lib/python3.12/site-packages/gymnasium/spaces/box.py:415: UserWarning: [33mWARN: Casting input x to numpy array.[0m
  gym.logger.warn("Casting input x to numpy array.")
CEM solve time: 1.5614 seconds
/workspace/r10/env_old/lib/python3.12/site-packages/gymnasium/utils/passive_env_checker.py:129: UserWarning: [33mWARN: The obs returned by the `reset()` method was expecting a numpy array, actual type: <class 'torch.Tensor'>[0m
  logger.warn(
/workspace/r10/env_old/lib/python3.12/site-packages/gymnasium/spaces/box.py:415: UserWarning: [33mWARN: Casting input x to numpy array.[0m
  gym.logger.warn("Casting input x to numpy array.")
CEM solve time: 1.5765 seconds
/workspace/r10/env_old/lib/python3.12/site-packages/gymnasium/utils/passive_env_checker.py:129: UserWarning: [33mWARN: The obs returned by the `step()` method was expecting a numpy array, actual type: <class 'torch.Tensor'>[0m
  logger.warn(
/workspace/r10/env_old/lib/python3.12/site-packages/gymnasium/spaces/box.py:415: UserWarning: [33mWARN: Casting input x to numpy array.[0m
  gym.logger.warn("Casting input x to numpy array.")
CEM solve time: 1.5754 seconds
{"completed": 44, "missing": 0, "case": "R8_tworoom_0242e4f12dfac63f79ddbe09", "arm": "REFIT_103201", "stream": "R4_ALT_CEM_1", "mode": "H_REAL3_REPLAN"}
/workspace/r10/env_old/lib/python3.12/site-packages/gymnasium/utils/passive_env_checker.py:129: UserWarning: [33mWARN: The obs returned by the `reset()` method was expecting a numpy array, actual type: <class 'torch.Tensor'>[0m
  logger.warn(
/workspace/r10/env_old/lib/python3.12/site-packages/gymnasium/spaces/box.py:415: UserWarning: [33mWARN: Casting input x to numpy array.[0m
  gym.logger.warn("Casting input x to numpy array.")
CEM solve time: 1.5695 seconds
/workspace/r10/env_old/lib/python3.12/site-packages/gymnasium/utils/passive_env_checker.py:129: UserWarning: [33mWARN: The obs returned by the `step()` method was expecting a numpy array, actual type: <class 'torch.Tensor'>[0m
  logger.warn(
/workspace/r10/env_old/lib/python3.12/site-packages/gymnasium/spaces/box.py:415: UserWarning: [33mWARN: Casting input x to numpy array.[0m
  gym.logger.warn("Casting input x to numpy array.")
CEM solve time: 1.5654 seconds
/workspace/r10/env_old/lib/python3.12/site-packages/gymnasium/utils/passive_env_checker.py:129: UserWarning: [33mWARN: The obs returned by the `reset()` method was expecting a numpy array, actual type: <class 'torch.Tensor'>[0m
  logger.warn(
/workspace/r10/env_old/lib/python3.12/site-packages/gymnasium/spaces/box.py:415: UserWarning: [33mWARN: Casting input x to numpy array.[0m
  gym.logger.warn("Casting input x to numpy array.")
CEM solve time: 1.5685 seconds
/workspace/r10/env_old/lib/python3.12/site-packages/gymnasium/utils/passive_env_checker.py:129: UserWarning: [33mWARN: The obs returned by the `step()` method was expecting a numpy array, actual type: <class 'torch.Tensor'>[0m
  logger.warn(
/workspace/r10/env_old/lib/python3.12/site-packages/gymnasium/spaces/box.py:415: UserWarning: [33mWARN: Casting input x to numpy array.[0m
  gym.logger.warn("Casting input x to numpy array.")
CEM solve time: 1.5752 seconds
{"completed": 45, "missing": 0, "case": "R8_tworoom_0242e4f12dfac63f79ddbe09", "arm": "REFIT_103201", "stream": "R4_ALT_CEM_2", "mode": "H_REAL3_REPLAN"}
/workspace/r10/env_old/lib/python3.12/site-packages/gymnasium/utils/passive_env_checker.py:129: UserWarning: [33mWARN: The obs returned by the `reset()` method was expecting a numpy array, actual type: <class 'torch.Tensor'>[0m
  logger.warn(
/workspace/r10/env_old/lib/python3.12/site-packages/gymnasium/spaces/box.py:415: UserWarning: [33mWARN: Casting input x to numpy array.[0m
  gym.logger.warn("Casting input x to numpy array.")
CEM solve time: 1.5700 seconds
/workspace/r10/env_old/lib/python3.12/site-packages/gymnasium/utils/passive_env_checker.py:129: UserWarning: [33mWARN: The obs returned by the `step()` method was expecting a numpy array, actual type: <class 'torch.Tensor'>[0m
  logger.warn(
/workspace/r10/env_old/lib/python3.12/site-packages/gymnasium/spaces/box.py:415: UserWarning: [33mWARN: Casting input x to numpy array.[0m
  gym.logger.warn("Casting input x to numpy array.")
/workspace/r10/env_old/lib/python3.12/site-packages/gymnasium/utils/passive_env_checker.py:129: UserWarning: [33mWARN: The obs returned by the `reset()` method was expecting a numpy array, actual type: <class 'torch.Tensor'>[0m
  logger.warn(
/workspace/r10/env_old/lib/python3.12/site-packages/gymnasium/spaces/box.py:415: UserWarning: [33mWARN: Casting input x to numpy array.[0m
  gym.logger.warn("Casting input x to numpy array.")
CEM solve time: 1.5863 seconds
/workspace/r10/env_old/lib/python3.12/site-packages/gymnasium/utils/passive_env_checker.py:129: UserWarning: [33mWARN: The obs returned by the `step()` method was expecting a numpy array, actual type: <class 'torch.Tensor'>[0m
  logger.warn(
/workspace/r10/env_old/lib/python3.12/site-packages/gymnasium/spaces/box.py:415: UserWarning: [33mWARN: Casting input x to numpy array.[0m
  gym.logger.warn("Casting input x to numpy array.")
{"completed": 46, "missing": 0, "case": "R8_tworoom_02d714c413bbbd0601fb4d3d", "arm": "REFIT_103201", "stream": "R3_ORIGINAL", "mode": "H_REAL3_REPLAN"}
/workspace/r10/env_old/lib/python3.12/site-packages/gymnasium/utils/passive_env_checker.py:129: UserWarning: [33mWARN: The obs returned by the `reset()` method was expecting a numpy array, actual type: <class 'torch.Tensor'>[0m
  logger.warn(
/workspace/r10/env_old/lib/python3.12/site-packages/gymnasium/spaces/box.py:415: UserWarning: [33mWARN: Casting input x to numpy array.[0m
  gym.logger.warn("Casting input x to numpy array.")
CEM solve time: 1.5670 seconds
/workspace/r10/env_old/lib/python3.12/site-packages/gymnasium/utils/passive_env_checker.py:129: UserWarning: [33mWARN: The obs returned by the `step()` method was expecting a numpy array, actual type: <class 'torch.Tensor'>[0m
  logger.warn(
/workspace/r10/env_old/lib/python3.12/site-packages/gymnasium/spaces/box.py:415: UserWarning: [33mWARN: Casting input x to numpy array.[0m
  gym.logger.warn("Casting input x to numpy array.")
/workspace/r10/env_old/lib/python3.12/site-packages/gymnasium/utils/passive_env_checker.py:129: UserWarning: [33mWARN: The obs returned by the `reset()` method was expecting a numpy array, actual type: <class 'torch.Tensor'>[0m
  logger.warn(
/workspace/r10/env_old/lib/python3.12/site-packages/gymnasium/spaces/box.py:415: UserWarning: [33mWARN: Casting input x to numpy array.[0m
  gym.logger.warn("Casting input x to numpy array.")
CEM solve time: 1.5667 seconds
/workspace/r10/env_old/lib/python3.12/site-packages/gymnasium/utils/passive_env_checker.py:129: UserWarning: [33mWARN: The obs returned by the `step()` method was expecting a numpy array, actual type: <class 'torch.Tensor'>[0m
  logger.warn(
/workspace/r10/env_old/lib/python3.12/site-packages/gymnasium/spaces/box.py:415: UserWarning: [33mWARN: Casting input x to numpy array.[0m
  gym.logger.warn("Casting input x to numpy array.")
{"completed": 47, "missing": 0, "case": "R8_tworoom_02d714c413bbbd0601fb4d3d", "arm": "REFIT_103201", "stream": "R4_ALT_CEM_1", "mode": "H_REAL3_REPLAN"}
/workspace/r10/env_old/lib/python3.12/site-packages/gymnasium/utils/passive_env_checker.py:129: UserWarning: [33mWARN: The obs returned by the `reset()` method was expecting a numpy array, actual type: <class 'torch.Tensor'>[0m
  logger.warn(
/workspace/r10/env_old/lib/python3.12/site-packages/gymnasium/spaces/box.py:415: UserWarning: [33mWARN: Casting input x to numpy array.[0m
  gym.logger.warn("Casting input x to numpy array.")
CEM solve time: 1.5680 seconds
/workspace/r10/env_old/lib/python3.12/site-packages/gymnasium/utils/passive_env_checker.py:129: UserWarning: [33mWARN: The obs returned by the `step()` method was expecting a numpy array, actual type: <class 'torch.Tensor'>[0m
  logger.warn(
/workspace/r10/env_old/lib/python3.12/site-packages/gymnasium/spaces/box.py:415: UserWarning: [33mWARN: Casting input x to numpy array.[0m
  gym.logger.warn("Casting input x to numpy array.")
/workspace/r10/env_old/lib/python3.12/site-packages/gymnasium/utils/passive_env_checker.py:129: UserWarning: [33mWARN: The obs returned by the `reset()` method was expecting a numpy array, actual type: <class 'torch.Tensor'>[0m
  logger.warn(
/workspace/r10/env_old/lib/python3.12/site-packages/gymnasium/spaces/box.py:415: UserWarning: [33mWARN: Casting input x to numpy array.[0m
  gym.logger.warn("Casting input x to numpy array.")
CEM solve time: 1.5969 seconds
/workspace/r10/env_old/lib/python3.12/site-packages/gymnasium/utils/passive_env_checker.py:129: UserWarning: [33mWARN: The obs returned by the `step()` method was expecting a numpy array, actual type: <class 'torch.Tensor'>[0m
  logger.warn(
/workspace/r10/env_old/lib/python3.12/site-packages/gymnasium/spaces/box.py:415: UserWarning: [33mWARN: Casting input x to numpy array.[0m
  gym.logger.warn("Casting input x to numpy array.")
{"completed": 48, "missing": 0, "case": "R8_tworoom_02d714c413bbbd0601fb4d3d", "arm": "REFIT_103201", "stream": "R4_ALT_CEM_2", "mode": "H_REAL3_REPLAN"}
/workspace/r10/env_old/lib/python3.12/site-packages/gymnasium/utils/passive_env_checker.py:129: UserWarning: [33mWARN: The obs returned by the `reset()` method was expecting a numpy array, actual type: <class 'torch.Tensor'>[0m
  logger.warn(
/workspace/r10/env_old/lib/python3.12/site-packages/gymnasium/spaces/box.py:415: UserWarning: [33mWARN: Casting input x to numpy array.[0m
  gym.logger.warn("Casting input x to numpy array.")
CEM solve time: 1.5753 seconds
/workspace/r10/env_old/lib/python3.12/site-packages/gymnasium/utils/passive_env_checker.py:129: UserWarning: [33mWARN: The obs returned by the `step()` method was expecting a numpy array, actual type: <class 'torch.Tensor'>[0m
  logger.warn(
/workspace/r10/env_old/lib/python3.12/site-packages/gymnasium/spaces/box.py:415: UserWarning: [33mWARN: Casting input x to numpy array.[0m
  gym.logger.warn("Casting input x to numpy array.")
/workspace/r10/env_old/lib/python3.12/site-packages/gymnasium/utils/passive_env_checker.py:129: UserWarning: [33mWARN: The obs returned by the `reset()` method was expecting a numpy array, actual type: <class 'torch.Tensor'>[0m
  logger.warn(
/workspace/r10/env_old/lib/python3.12/site-packages/gymnasium/spaces/box.py:415: UserWarning: [33mWARN: Casting input x to numpy array.[0m
  gym.logger.warn("Casting input x to numpy array.")
CEM solve time: 1.6222 seconds
/workspace/r10/env_old/lib/python3.12/site-packages/gymnasium/utils/passive_env_checker.py:129: UserWarning: [33mWARN: The obs returned by the `step()` method was expecting a numpy array, actual type: <class 'torch.Tensor'>[0m
  logger.warn(
/workspace/r10/env_old/lib/python3.12/site-packages/gymnasium/spaces/box.py:415: UserWarning: [33mWARN: Casting input x to numpy array.[0m
  gym.logger.warn("Casting input x to numpy array.")
{"completed": 49, "missing": 0, "case": "R8_tworoom_037985ace4b830f6fc862011", "arm": "REFIT_103201", "stream": "R3_ORIGINAL", "mode": "H_REAL3_REPLAN"}
/workspace/r10/env_old/lib/python3.12/site-packages/gymnasium/utils/passive_env_checker.py:129: UserWarning: [33mWARN: The obs returned by the `reset()` method was expecting a numpy array, actual type: <class 'torch.Tensor'>[0m
  logger.warn(
/workspace/r10/env_old/lib/python3.12/site-packages/gymnasium/spaces/box.py:415: UserWarning: [33mWARN: Casting input x to numpy array.[0m
  gym.logger.warn("Casting input x to numpy array.")
CEM solve time: 1.5673 seconds
/workspace/r10/env_old/lib/python3.12/site-packages/gymnasium/utils/passive_env_checker.py:129: UserWarning: [33mWARN: The obs returned by the `step()` method was expecting a numpy array, actual type: <class 'torch.Tensor'>[0m
  logger.warn(
/workspace/r10/env_old/lib/python3.12/site-packages/gymnasium/spaces/box.py:415: UserWarning: [33mWARN: Casting input x to numpy array.[0m
  gym.logger.warn("Casting input x to numpy array.")
/workspace/r10/env_old/lib/python3.12/site-packages/gymnasium/utils/passive_env_checker.py:129: UserWarning: [33mWARN: The obs returned by the `reset()` method was expecting a numpy array, actual type: <class 'torch.Tensor'>[0m
  logger.warn(
/workspace/r10/env_old/lib/python3.12/site-packages/gymnasium/spaces/box.py:415: UserWarning: [33mWARN: Casting input x to numpy array.[0m
  gym.logger.warn("Casting input x to numpy array.")
CEM solve time: 1.5805 seconds
/workspace/r10/env_old/lib/python3.12/site-packages/gymnasium/utils/passive_env_checker.py:129: UserWarning: [33mWARN: The obs returned by the `step()` method was expecting a numpy array, actual type: <class 'torch.Tensor'>[0m
  logger.warn(
/workspace/r10/env_old/lib/python3.12/site-packages/gymnasium/spaces/box.py:415: UserWarning: [33mWARN: Casting input x to numpy array.[0m
  gym.logger.warn("Casting input x to numpy array.")
{"completed": 50, "missing": 0, "case": "R8_tworoom_037985ace4b830f6fc862011", "arm": "REFIT_103201", "stream": "R4_ALT_CEM_1", "mode": "H_REAL3_REPLAN"}
/workspace/r10/env_old/lib/python3.12/site-packages/gymnasium/utils/passive_env_checker.py:129: UserWarning: [33mWARN: The obs returned by the `reset()` method was expecting a numpy array, actual type: <class 'torch.Tensor'>[0m
  logger.warn(
/workspace/r10/env_old/lib/python3.12/site-packages/gymnasium/spaces/box.py:415: UserWarning: [33mWARN: Casting input x to numpy array.[0m
  gym.logger.warn("Casting input x to numpy array.")
CEM solve time: 1.5820 seconds
/workspace/r10/env_old/lib/python3.12/site-packages/gymnasium/utils/passive_env_checker.py:129: UserWarning: [33mWARN: The obs returned by the `step()` method was expecting a numpy array, actual type: <class 'torch.Tensor'>[0m
  logger.warn(
/workspace/r10/env_old/lib/python3.12/site-packages/gymnasium/spaces/box.py:415: UserWarning: [33mWARN: Casting input x to numpy array.[0m
  gym.logger.warn("Casting input x to numpy array.")
/workspace/r10/env_old/lib/python3.12/site-packages/gymnasium/utils/passive_env_checker.py:129: UserWarning: [33mWARN: The obs returned by the `reset()` method was expecting a numpy array, actual type: <class 'torch.Tensor'>[0m
  logger.warn(
/workspace/r10/env_old/lib/python3.12/site-packages/gymnasium/spaces/box.py:415: UserWarning: [33mWARN: Casting input x to numpy array.[0m
  gym.logger.warn("Casting input x to numpy array.")
CEM solve time: 1.5900 seconds
/workspace/r10/env_old/lib/python3.12/site-packages/gymnasium/utils/passive_env_checker.py:129: UserWarning: [33mWARN: The obs returned by the `step()` method was expecting a numpy array, actual type: <class 'torch.Tensor'>[0m
  logger.warn(
/workspace/r10/env_old/lib/python3.12/site-packages/gymnasium/spaces/box.py:415: UserWarning: [33mWARN: Casting input x to numpy array.[0m
  gym.logger.warn("Casting input x to numpy array.")
{"completed": 51, "missing": 0, "case": "R8_tworoom_037985ace4b830f6fc862011", "arm": "REFIT_103201", "stream": "R4_ALT_CEM_2", "mode": "H_REAL3_REPLAN"}
/workspace/r10/env_old/lib/python3.12/site-packages/gymnasium/utils/passive_env_checker.py:129: UserWarning: [33mWARN: The obs returned by the `reset()` method was expecting a numpy array, actual type: <class 'torch.Tensor'>[0m
  logger.warn(
/workspace/r10/env_old/lib/python3.12/site-packages/gymnasium/spaces/box.py:415: UserWarning: [33mWARN: Casting input x to numpy array.[0m
  gym.logger.warn("Casting input x to numpy array.")
CEM solve time: 1.5728 seconds
/workspace/r10/env_old/lib/python3.12/site-packages/gymnasium/utils/passive_env_checker.py:129: UserWarning: [33mWARN: The obs returned by the `step()` method was expecting a numpy array, actual type: <class 'torch.Tensor'>[0m
  logger.warn(
/workspace/r10/env_old/lib/python3.12/site-packages/gymnasium/spaces/box.py:415: UserWarning: [33mWARN: Casting input x to numpy array.[0m
  gym.logger.warn("Casting input x to numpy array.")
/workspace/r10/env_old/lib/python3.12/site-packages/gymnasium/utils/passive_env_checker.py:129: UserWarning: [33mWARN: The obs returned by the `reset()` method was expecting a numpy array, actual type: <class 'torch.Tensor'>[0m
  logger.warn(
/workspace/r10/env_old/lib/python3.12/site-packages/gymnasium/spaces/box.py:415: UserWarning: [33mWARN: Casting input x to numpy array.[0m
  gym.logger.warn("Casting input x to numpy array.")
CEM solve time: 1.5705 seconds
/workspace/r10/env_old/lib/python3.12/site-packages/gymnasium/utils/passive_env_checker.py:129: UserWarning: [33mWARN: The obs returned by the `step()` method was expecting a numpy array, actual type: <class 'torch.Tensor'>[0m
  logger.warn(
/workspace/r10/env_old/lib/python3.12/site-packages/gymnasium/spaces/box.py:415: UserWarning: [33mWARN: Casting input x to numpy array.[0m
  gym.logger.warn("Casting input x to numpy array.")
{"completed": 52, "missing": 0, "case": "R8_tworoom_04207223ae48ad8b58be3a7a", "arm": "REFIT_103201", "stream": "R3_ORIGINAL", "mode": "H_REAL3_REPLAN"}
/workspace/r10/env_old/lib/python3.12/site-packages/gymnasium/utils/passive_env_checker.py:129: UserWarning: [33mWARN: The obs returned by the `reset()` method was expecting a numpy array, actual type: <class 'torch.Tensor'>[0m
  logger.warn(
/workspace/r10/env_old/lib/python3.12/site-packages/gymnasium/spaces/box.py:415: UserWarning: [33mWARN: Casting input x to numpy array.[0m
  gym.logger.warn("Casting input x to numpy array.")
CEM solve time: 1.5840 seconds
/workspace/r10/env_old/lib/python3.12/site-packages/gymnasium/utils/passive_env_checker.py:129: UserWarning: [33mWARN: The obs returned by the `step()` method was expecting a numpy array, actual type: <class 'torch.Tensor'>[0m
  logger.warn(
/workspace/r10/env_old/lib/python3.12/site-packages/gymnasium/spaces/box.py:415: UserWarning: [33mWARN: Casting input x to numpy array.[0m
  gym.logger.warn("Casting input x to numpy array.")
/workspace/r10/env_old/lib/python3.12/site-packages/gymnasium/utils/passive_env_checker.py:129: UserWarning: [33mWARN: The obs returned by the `reset()` method was expecting a numpy array, actual type: <class 'torch.Tensor'>[0m
  logger.warn(
/workspace/r10/env_old/lib/python3.12/site-packages/gymnasium/spaces/box.py:415: UserWarning: [33mWARN: Casting input x to numpy array.[0m
  gym.logger.warn("Casting input x to numpy array.")
CEM solve time: 1.5667 seconds
/workspace/r10/env_old/lib/python3.12/site-packages/gymnasium/utils/passive_env_checker.py:129: UserWarning: [33mWARN: The obs returned by the `step()` method was expecting a numpy array, actual type: <class 'torch.Tensor'>[0m
  logger.warn(
/workspace/r10/env_old/lib/python3.12/site-packages/gymnasium/spaces/box.py:415: UserWarning: [33mWARN: Casting input x to numpy array.[0m
  gym.logger.warn("Casting input x to numpy array.")
{"completed": 53, "missing": 0, "case": "R8_tworoom_04207223ae48ad8b58be3a7a", "arm": "REFIT_103201", "stream": "R4_ALT_CEM_1", "mode": "H_REAL3_REPLAN"}
/workspace/r10/env_old/lib/python3.12/site-packages/gymnasium/utils/passive_env_checker.py:129: UserWarning: [33mWARN: The obs returned by the `reset()` method was expecting a numpy array, actual type: <class 'torch.Tensor'>[0m
  logger.warn(
/workspace/r10/env_old/lib/python3.12/site-packages/gymnasium/spaces/box.py:415: UserWarning: [33mWARN: Casting input x to numpy array.[0m
  gym.logger.warn("Casting input x to numpy array.")
CEM solve time: 1.5608 seconds
/workspace/r10/env_old/lib/python3.12/site-packages/gymnasium/utils/passive_env_checker.py:129: UserWarning: [33mWARN: The obs returned by the `step()` method was expecting a numpy array, actual type: <class 'torch.Tensor'>[0m
  logger.warn(
/workspace/r10/env_old/lib/python3.12/site-packages/gymnasium/spaces/box.py:415: UserWarning: [33mWARN: Casting input x to numpy array.[0m
  gym.logger.warn("Casting input x to numpy array.")
/workspace/r10/env_old/lib/python3.12/site-packages/gymnasium/utils/passive_env_checker.py:129: UserWarning: [33mWARN: The obs returned by the `reset()` method was expecting a numpy array, actual type: <class 'torch.Tensor'>[0m
  logger.warn(
/workspace/r10/env_old/lib/python3.12/site-packages/gymnasium/spaces/box.py:415: UserWarning: [33mWARN: Casting input x to numpy array.[0m
  gym.logger.warn("Casting input x to numpy array.")
CEM solve time: 1.5605 seconds
/workspace/r10/env_old/lib/python3.12/site-packages/gymnasium/utils/passive_env_checker.py:129: UserWarning: [33mWARN: The obs returned by the `step()` method was expecting a numpy array, actual type: <class 'torch.Tensor'>[0m
  logger.warn(
/workspace/r10/env_old/lib/python3.12/site-packages/gymnasium/spaces/box.py:415: UserWarning: [33mWARN: Casting input x to numpy array.[0m
  gym.logger.warn("Casting input x to numpy array.")
{"completed": 54, "missing": 0, "case": "R8_tworoom_04207223ae48ad8b58be3a7a", "arm": "REFIT_103201", "stream": "R4_ALT_CEM_2", "mode": "H_REAL3_REPLAN"}
/workspace/r10/env_old/lib/python3.12/site-packages/gymnasium/utils/passive_env_checker.py:129: UserWarning: [33mWARN: The obs returned by the `reset()` method was expecting a numpy array, actual type: <class 'torch.Tensor'>[0m
  logger.warn(
/workspace/r10/env_old/lib/python3.12/site-packages/gymnasium/spaces/box.py:415: UserWarning: [33mWARN: Casting input x to numpy array.[0m
  gym.logger.warn("Casting input x to numpy array.")
CEM solve time: 1.5662 seconds
/workspace/r10/env_old/lib/python3.12/site-packages/gymnasium/utils/passive_env_checker.py:129: UserWarning: [33mWARN: The obs returned by the `step()` method was expecting a numpy array, actual type: <class 'torch.Tensor'>[0m
  logger.warn(
/workspace/r10/env_old/lib/python3.12/site-packages/gymnasium/spaces/box.py:415: UserWarning: [33mWARN: Casting input x to numpy array.[0m
  gym.logger.warn("Casting input x to numpy array.")
/workspace/r10/env_old/lib/python3.12/site-packages/gymnasium/utils/passive_env_checker.py:129: UserWarning: [33mWARN: The obs returned by the `reset()` method was expecting a numpy array, actual type: <class 'torch.Tensor'>[0m
  logger.warn(
/workspace/r10/env_old/lib/python3.12/site-packages/gymnasium/spaces/box.py:415: UserWarning: [33mWARN: Casting input x to numpy array.[0m
  gym.logger.warn("Casting input x to numpy array.")
CEM solve time: 1.5680 seconds
/workspace/r10/env_old/lib/python3.12/site-packages/gymnasium/utils/passive_env_checker.py:129: UserWarning: [33mWARN: The obs returned by the `step()` method was expecting a numpy array, actual type: <class 'torch.Tensor'>[0m
  logger.warn(
/workspace/r10/env_old/lib/python3.12/site-packages/gymnasium/spaces/box.py:415: UserWarning: [33mWARN: Casting input x to numpy array.[0m
  gym.logger.warn("Casting input x to numpy array.")
{"completed": 55, "missing": 0, "case": "R8_tworoom_04fb0eb806c1c28fc14b3111", "arm": "REFIT_103201", "stream": "R3_ORIGINAL", "mode": "H_REAL3_REPLAN"}
/workspace/r10/env_old/lib/python3.12/site-packages/gymnasium/utils/passive_env_checker.py:129: UserWarning: [33mWARN: The obs returned by the `reset()` method was expecting a numpy array, actual type: <class 'torch.Tensor'>[0m
  logger.warn(
/workspace/r10/env_old/lib/python3.12/site-packages/gymnasium/spaces/box.py:415: UserWarning: [33mWARN: Casting input x to numpy array.[0m
  gym.logger.warn("Casting input x to numpy array.")
CEM solve time: 1.5964 seconds
/workspace/r10/env_old/lib/python3.12/site-packages/gymnasium/utils/passive_env_checker.py:129: UserWarning: [33mWARN: The obs returned by the `step()` method was expecting a numpy array, actual type: <class 'torch.Tensor'>[0m
  logger.warn(
/workspace/r10/env_old/lib/python3.12/site-packages/gymnasium/spaces/box.py:415: UserWarning: [33mWARN: Casting input x to numpy array.[0m
  gym.logger.warn("Casting input x to numpy array.")
/workspace/r10/env_old/lib/python3.12/site-packages/gymnasium/utils/passive_env_checker.py:129: UserWarning: [33mWARN: The obs returned by the `reset()` method was expecting a numpy array, actual type: <class 'torch.Tensor'>[0m
  logger.warn(
/workspace/r10/env_old/lib/python3.12/site-packages/gymnasium/spaces/box.py:415: UserWarning: [33mWARN: Casting input x to numpy array.[0m
  gym.logger.warn("Casting input x to numpy array.")
CEM solve time: 1.5686 seconds
/workspace/r10/env_old/lib/python3.12/site-packages/gymnasium/utils/passive_env_checker.py:129: UserWarning: [33mWARN: The obs returned by the `step()` method was expecting a numpy array, actual type: <class 'torch.Tensor'>[0m
  logger.warn(
/workspace/r10/env_old/lib/python3.12/site-packages/gymnasium/spaces/box.py:415: UserWarning: [33mWARN: Casting input x to numpy array.[0m
  gym.logger.warn("Casting input x to numpy array.")
{"completed": 56, "missing": 0, "case": "R8_tworoom_04fb0eb806c1c28fc14b3111", "arm": "REFIT_103201", "stream": "R4_ALT_CEM_1", "mode": "H_REAL3_REPLAN"}
/workspace/r10/env_old/lib/python3.12/site-packages/gymnasium/utils/passive_env_checker.py:129: UserWarning: [33mWARN: The obs returned by the `reset()` method was expecting a numpy array, actual type: <class 'torch.Tensor'>[0m
  logger.warn(
/workspace/r10/env_old/lib/python3.12/site-packages/gymnasium/spaces/box.py:415: UserWarning: [33mWARN: Casting input x to numpy array.[0m
  gym.logger.warn("Casting input x to numpy array.")
CEM solve time: 1.5662 seconds
/workspace/r10/env_old/lib/python3.12/site-packages/gymnasium/utils/passive_env_checker.py:129: UserWarning: [33mWARN: The obs returned by the `step()` method was expecting a numpy array, actual type: <class 'torch.Tensor'>[0m
  logger.warn(
/workspace/r10/env_old/lib/python3.12/site-packages/gymnasium/spaces/box.py:415: UserWarning: [33mWARN: Casting input x to numpy array.[0m
  gym.logger.warn("Casting input x to numpy array.")
/workspace/r10/env_old/lib/python3.12/site-packages/gymnasium/utils/passive_env_checker.py:129: UserWarning: [33mWARN: The obs returned by the `reset()` method was expecting a numpy array, actual type: <class 'torch.Tensor'>[0m
  logger.warn(
/workspace/r10/env_old/lib/python3.12/site-packages/gymnasium/spaces/box.py:415: UserWarning: [33mWARN: Casting input x to numpy array.[0m
  gym.logger.warn("Casting input x to numpy array.")
CEM solve time: 1.5649 seconds
/workspace/r10/env_old/lib/python3.12/site-packages/gymnasium/utils/passive_env_checker.py:129: UserWarning: [33mWARN: The obs returned by the `step()` method was expecting a numpy array, actual type: <class 'torch.Tensor'>[0m
  logger.warn(
/workspace/r10/env_old/lib/python3.12/site-packages/gymnasium/spaces/box.py:415: UserWarning: [33mWARN: Casting input x to numpy array.[0m
  gym.logger.warn("Casting input x to numpy array.")
{"completed": 57, "missing": 0, "case": "R8_tworoom_04fb0eb806c1c28fc14b3111", "arm": "REFIT_103201", "stream": "R4_ALT_CEM_2", "mode": "H_REAL3_REPLAN"}
/workspace/r10/env_old/lib/python3.12/site-packages/gymnasium/utils/passive_env_checker.py:129: UserWarning: [33mWARN: The obs returned by the `reset()` method was expecting a numpy array, actual type: <class 'torch.Tensor'>[0m
  logger.warn(
/workspace/r10/env_old/lib/python3.12/site-packages/gymnasium/spaces/box.py:415: UserWarning: [33mWARN: Casting input x to numpy array.[0m
  gym.logger.warn("Casting input x to numpy array.")
CEM solve time: 1.5669 seconds
/workspace/r10/env_old/lib/python3.12/site-packages/gymnasium/utils/passive_env_checker.py:129: UserWarning: [33mWARN: The obs returned by the `step()` method was expecting a numpy array, actual type: <class 'torch.Tensor'>[0m
  logger.warn(
/workspace/r10/env_old/lib/python3.12/site-packages/gymnasium/spaces/box.py:415: UserWarning: [33mWARN: Casting input x to numpy array.[0m
  gym.logger.warn("Casting input x to numpy array.")
/workspace/r10/env_old/lib/python3.12/site-packages/gymnasium/utils/passive_env_checker.py:129: UserWarning: [33mWARN: The obs returned by the `reset()` method was expecting a numpy array, actual type: <class 'torch.Tensor'>[0m
  logger.warn(
/workspace/r10/env_old/lib/python3.12/site-packages/gymnasium/spaces/box.py:415: UserWarning: [33mWARN: Casting input x to numpy array.[0m
  gym.logger.warn("Casting input x to numpy array.")
CEM solve time: 1.5660 seconds
/workspace/r10/env_old/lib/python3.12/site-packages/gymnasium/utils/passive_env_checker.py:129: UserWarning: [33mWARN: The obs returned by the `step()` method was expecting a numpy array, actual type: <class 'torch.Tensor'>[0m
  logger.warn(
/workspace/r10/env_old/lib/python3.12/site-packages/gymnasium/spaces/box.py:415: UserWarning: [33mWARN: Casting input x to numpy array.[0m
  gym.logger.warn("Casting input x to numpy array.")
{"completed": 58, "missing": 0, "case": "R8_tworoom_057a12046ff9a2a2fb35ff61", "arm": "REFIT_103201", "stream": "R3_ORIGINAL", "mode": "H_REAL3_REPLAN"}
/workspace/r10/env_old/lib/python3.12/site-packages/gymnasium/utils/passive_env_checker.py:129: UserWarning: [33mWARN: The obs returned by the `reset()` method was expecting a numpy array, actual type: <class 'torch.Tensor'>[0m
  logger.warn(
/workspace/r10/env_old/lib/python3.12/site-packages/gymnasium/spaces/box.py:415: UserWarning: [33mWARN: Casting input x to numpy array.[0m
  gym.logger.warn("Casting input x to numpy array.")
CEM solve time: 1.5614 seconds
/workspace/r10/env_old/lib/python3.12/site-packages/gymnasium/utils/passive_env_checker.py:129: UserWarning: [33mWARN: The obs returned by the `step()` method was expecting a numpy array, actual type: <class 'torch.Tensor'>[0m
  logger.warn(
/workspace/r10/env_old/lib/python3.12/site-packages/gymnasium/spaces/box.py:415: UserWarning: [33mWARN: Casting input x to numpy array.[0m
  gym.logger.warn("Casting input x to numpy array.")
/workspace/r10/env_old/lib/python3.12/site-packages/gymnasium/utils/passive_env_checker.py:129: UserWarning: [33mWARN: The obs returned by the `reset()` method was expecting a numpy array, actual type: <class 'torch.Tensor'>[0m
  logger.warn(
/workspace/r10/env_old/lib/python3.12/site-packages/gymnasium/spaces/box.py:415: UserWarning: [33mWARN: Casting input x to numpy array.[0m
  gym.logger.warn("Casting input x to numpy array.")
CEM solve time: 1.5864 seconds
/workspace/r10/env_old/lib/python3.12/site-packages/gymnasium/utils/passive_env_checker.py:129: UserWarning: [33mWARN: The obs returned by the `step()` method was expecting a numpy array, actual type: <class 'torch.Tensor'>[0m
  logger.warn(
/workspace/r10/env_old/lib/python3.12/site-packages/gymnasium/spaces/box.py:415: UserWarning: [33mWARN: Casting input x to numpy array.[0m
  gym.logger.warn("Casting input x to numpy array.")
{"completed": 59, "missing": 0, "case": "R8_tworoom_057a12046ff9a2a2fb35ff61", "arm": "REFIT_103201", "stream": "R4_ALT_CEM_1", "mode": "H_REAL3_REPLAN"}
/workspace/r10/env_old/lib/python3.12/site-packages/gymnasium/utils/passive_env_checker.py:129: UserWarning: [33mWARN: The obs returned by the `reset()` method was expecting a numpy array, actual type: <class 'torch.Tensor'>[0m
  logger.warn(
/workspace/r10/env_old/lib/python3.12/site-packages/gymnasium/spaces/box.py:415: UserWarning: [33mWARN: Casting input x to numpy array.[0m
  gym.logger.warn("Casting input x to numpy array.")
CEM solve time: 1.6020 seconds
/workspace/r10/env_old/lib/python3.12/site-packages/gymnasium/utils/passive_env_checker.py:129: UserWarning: [33mWARN: The obs returned by the `step()` method was expecting a numpy array, actual type: <class 'torch.Tensor'>[0m
  logger.warn(
/workspace/r10/env_old/lib/python3.12/site-packages/gymnasium/spaces/box.py:415: UserWarning: [33mWARN: Casting input x to numpy array.[0m
  gym.logger.warn("Casting input x to numpy array.")
CEM solve time: 1.5649 seconds
/workspace/r10/env_old/lib/python3.12/site-packages/gymnasium/utils/passive_env_checker.py:129: UserWarning: [33mWARN: The obs returned by the `reset()` method was expecting a numpy array, actual type: <class 'torch.Tensor'>[0m
  logger.warn(
/workspace/r10/env_old/lib/python3.12/site-packages/gymnasium/spaces/box.py:415: UserWarning: [33mWARN: Casting input x to numpy array.[0m
  gym.logger.warn("Casting input x to numpy array.")
CEM solve time: 1.5633 seconds
/workspace/r10/env_old/lib/python3.12/site-packages/gymnasium/utils/passive_env_checker.py:129: UserWarning: [33mWARN: The obs returned by the `step()` method was expecting a numpy array, actual type: <class 'torch.Tensor'>[0m
  logger.warn(
/workspace/r10/env_old/lib/python3.12/site-packages/gymnasium/spaces/box.py:415: UserWarning: [33mWARN: Casting input x to numpy array.[0m
  gym.logger.warn("Casting input x to numpy array.")
CEM solve time: 1.5725 seconds
{"completed": 60, "missing": 0, "case": "R8_tworoom_057a12046ff9a2a2fb35ff61", "arm": "REFIT_103201", "stream": "R4_ALT_CEM_2", "mode": "H_REAL3_REPLAN"}
/workspace/r10/env_old/lib/python3.12/site-packages/gymnasium/utils/passive_env_checker.py:129: UserWarning: [33mWARN: The obs returned by the `reset()` method was expecting a numpy array, actual type: <class 'torch.Tensor'>[0m
  logger.warn(
/workspace/r10/env_old/lib/python3.12/site-packages/gymnasium/spaces/box.py:415: UserWarning: [33mWARN: Casting input x to numpy array.[0m
  gym.logger.warn("Casting input x to numpy array.")
CEM solve time: 1.5602 seconds
/workspace/r10/env_old/lib/python3.12/site-packages/gymnasium/utils/passive_env_checker.py:129: UserWarning: [33mWARN: The obs returned by the `step()` method was expecting a numpy array, actual type: <class 'torch.Tensor'>[0m
  logger.warn(
/workspace/r10/env_old/lib/python3.12/site-packages/gymnasium/spaces/box.py:415: UserWarning: [33mWARN: Casting input x to numpy array.[0m
  gym.logger.warn("Casting input x to numpy array.")
CEM solve time: 1.5619 seconds
/workspace/r10/env_old/lib/python3.12/site-packages/gymnasium/utils/passive_env_checker.py:129: UserWarning: [33mWARN: The obs returned by the `reset()` method was expecting a numpy array, actual type: <class 'torch.Tensor'>[0m
  logger.warn(
/workspace/r10/env_old/lib/python3.12/site-packages/gymnasium/spaces/box.py:415: UserWarning: [33mWARN: Casting input x to numpy array.[0m
  gym.logger.warn("Casting input x to numpy array.")
CEM solve time: 1.5927 seconds
/workspace/r10/env_old/lib/python3.12/site-packages/gymnasium/utils/passive_env_checker.py:129: UserWarning: [33mWARN: The obs returned by the `step()` method was expecting a numpy array, actual type: <class 'torch.Tensor'>[0m
  logger.warn(
/workspace/r10/env_old/lib/python3.12/site-packages/gymnasium/spaces/box.py:415: UserWarning: [33mWARN: Casting input x to numpy array.[0m
  gym.logger.warn("Casting input x to numpy array.")
CEM solve time: 1.5894 seconds
{"completed": 61, "missing": 0, "case": "R8_tworoom_063489a641b297bf5d297abc", "arm": "REFIT_103201", "stream": "R3_ORIGINAL", "mode": "H_REAL3_REPLAN"}
/workspace/r10/env_old/lib/python3.12/site-packages/gymnasium/utils/passive_env_checker.py:129: UserWarning: [33mWARN: The obs returned by the `reset()` method was expecting a numpy array, actual type: <class 'torch.Tensor'>[0m
  logger.warn(
/workspace/r10/env_old/lib/python3.12/site-packages/gymnasium/spaces/box.py:415: UserWarning: [33mWARN: Casting input x to numpy array.[0m
  gym.logger.warn("Casting input x to numpy array.")
CEM solve time: 1.5700 seconds
/workspace/r10/env_old/lib/python3.12/site-packages/gymnasium/utils/passive_env_checker.py:129: UserWarning: [33mWARN: The obs returned by the `step()` method was expecting a numpy array, actual type: <class 'torch.Tensor'>[0m
  logger.warn(
/workspace/r10/env_old/lib/python3.12/site-packages/gymnasium/spaces/box.py:415: UserWarning: [33mWARN: Casting input x to numpy array.[0m
  gym.logger.warn("Casting input x to numpy array.")
CEM solve time: 1.5844 seconds
/workspace/r10/env_old/lib/python3.12/site-packages/gymnasium/utils/passive_env_checker.py:129: UserWarning: [33mWARN: The obs returned by the `reset()` method was expecting a numpy array, actual type: <class 'torch.Tensor'>[0m
  logger.warn(
/workspace/r10/env_old/lib/python3.12/site-packages/gymnasium/spaces/box.py:415: UserWarning: [33mWARN: Casting input x to numpy array.[0m
  gym.logger.warn("Casting input x to numpy array.")
CEM solve time: 1.5789 seconds
/workspace/r10/env_old/lib/python3.12/site-packages/gymnasium/utils/passive_env_checker.py:129: UserWarning: [33mWARN: The obs returned by the `step()` method was expecting a numpy array, actual type: <class 'torch.Tensor'>[0m
  logger.warn(
/workspace/r10/env_old/lib/python3.12/site-packages/gymnasium/spaces/box.py:415: UserWarning: [33mWARN: Casting input x to numpy array.[0m
  gym.logger.warn("Casting input x to numpy array.")
CEM solve time: 1.5792 seconds
{"completed": 62, "missing": 0, "case": "R8_tworoom_063489a641b297bf5d297abc", "arm": "REFIT_103201", "stream": "R4_ALT_CEM_1", "mode": "H_REAL3_REPLAN"}
/workspace/r10/env_old/lib/python3.12/site-packages/gymnasium/utils/passive_env_checker.py:129: UserWarning: [33mWARN: The obs returned by the `reset()` method was expecting a numpy array, actual type: <class 'torch.Tensor'>[0m
  logger.warn(
/workspace/r10/env_old/lib/python3.12/site-packages/gymnasium/spaces/box.py:415: UserWarning: [33mWARN: Casting input x to numpy array.[0m
  gym.logger.warn("Casting input x to numpy array.")
CEM solve time: 1.6634 seconds
/workspace/r10/env_old/lib/python3.12/site-packages/gymnasium/utils/passive_env_checker.py:129: UserWarning: [33mWARN: The obs returned by the `step()` method was expecting a numpy array, actual type: <class 'torch.Tensor'>[0m
  logger.warn(
/workspace/r10/env_old/lib/python3.12/site-packages/gymnasium/spaces/box.py:415: UserWarning: [33mWARN: Casting input x to numpy array.[0m
  gym.logger.warn("Casting input x to numpy array.")
CEM solve time: 1.5608 seconds
/workspace/r10/env_old/lib/python3.12/site-packages/gymnasium/utils/passive_env_checker.py:129: UserWarning: [33mWARN: The obs returned by the `reset()` method was expecting a numpy array, actual type: <class 'torch.Tensor'>[0m
  logger.warn(
/workspace/r10/env_old/lib/python3.12/site-packages/gymnasium/spaces/box.py:415: UserWarning: [33mWARN: Casting input x to numpy array.[0m
  gym.logger.warn("Casting input x to numpy array.")
CEM solve time: 1.5748 seconds
/workspace/r10/env_old/lib/python3.12/site-packages/gymnasium/utils/passive_env_checker.py:129: UserWarning: [33mWARN: The obs returned by the `step()` method was expecting a numpy array, actual type: <class 'torch.Tensor'>[0m
  logger.warn(
/workspace/r10/env_old/lib/python3.12/site-packages/gymnasium/spaces/box.py:415: UserWarning: [33mWARN: Casting input x to numpy array.[0m
  gym.logger.warn("Casting input x to numpy array.")
CEM solve time: 1.6295 seconds
{"completed": 63, "missing": 0, "case": "R8_tworoom_063489a641b297bf5d297abc", "arm": "REFIT_103201", "stream": "R4_ALT_CEM_2", "mode": "H_REAL3_REPLAN"}
/workspace/r10/env_old/lib/python3.12/site-packages/gymnasium/utils/passive_env_checker.py:129: UserWarning: [33mWARN: The obs returned by the `reset()` method was expecting a numpy array, actual type: <class 'torch.Tensor'>[0m
  logger.warn(
/workspace/r10/env_old/lib/python3.12/site-packages/gymnasium/spaces/box.py:415: UserWarning: [33mWARN: Casting input x to numpy array.[0m
  gym.logger.warn("Casting input x to numpy array.")
CEM solve time: 1.5609 seconds
/workspace/r10/env_old/lib/python3.12/site-packages/gymnasium/utils/passive_env_checker.py:129: UserWarning: [33mWARN: The obs returned by the `step()` method was expecting a numpy array, actual type: <class 'torch.Tensor'>[0m
  logger.warn(
/workspace/r10/env_old/lib/python3.12/site-packages/gymnasium/spaces/box.py:415: UserWarning: [33mWARN: Casting input x to numpy array.[0m
  gym.logger.warn("Casting input x to numpy array.")
/workspace/r10/env_old/lib/python3.12/site-packages/gymnasium/utils/passive_env_checker.py:129: UserWarning: [33mWARN: The obs returned by the `reset()` method was expecting a numpy array, actual type: <class 'torch.Tensor'>[0m
  logger.warn(
/workspace/r10/env_old/lib/python3.12/site-packages/gymnasium/spaces/box.py:415: UserWarning: [33mWARN: Casting input x to numpy array.[0m
  gym.logger.warn("Casting input x to numpy array.")
CEM solve time: 1.5621 seconds
/workspace/r10/env_old/lib/python3.12/site-packages/gymnasium/utils/passive_env_checker.py:129: UserWarning: [33mWARN: The obs returned by the `step()` method was expecting a numpy array, actual type: <class 'torch.Tensor'>[0m
  logger.warn(
/workspace/r10/env_old/lib/python3.12/site-packages/gymnasium/spaces/box.py:415: UserWarning: [33mWARN: Casting input x to numpy array.[0m
  gym.logger.warn("Casting input x to numpy array.")
{"completed": 64, "missing": 0, "case": "R8_tworoom_07275f3ed8b48418157c07d4", "arm": "REFIT_103201", "stream": "R3_ORIGINAL", "mode": "H_REAL3_REPLAN"}
/workspace/r10/env_old/lib/python3.12/site-packages/gymnasium/utils/passive_env_checker.py:129: UserWarning: [33mWARN: The obs returned by the `reset()` method was expecting a numpy array, actual type: <class 'torch.Tensor'>[0m
  logger.warn(
/workspace/r10/env_old/lib/python3.12/site-packages/gymnasium/spaces/box.py:415: UserWarning: [33mWARN: Casting input x to numpy array.[0m
  gym.logger.warn("Casting input x to numpy array.")
CEM solve time: 1.5620 seconds
/workspace/r10/env_old/lib/python3.12/site-packages/gymnasium/utils/passive_env_checker.py:129: UserWarning: [33mWARN: The obs returned by the `step()` method was expecting a numpy array, actual type: <class 'torch.Tensor'>[0m
  logger.warn(
/workspace/r10/env_old/lib/python3.12/site-packages/gymnasium/spaces/box.py:415: UserWarning: [33mWARN: Casting input x to numpy array.[0m
  gym.logger.warn("Casting input x to numpy array.")
/workspace/r10/env_old/lib/python3.12/site-packages/gymnasium/utils/passive_env_checker.py:129: UserWarning: [33mWARN: The obs returned by the `reset()` method was expecting a numpy array, actual type: <class 'torch.Tensor'>[0m
  logger.warn(
/workspace/r10/env_old/lib/python3.12/site-packages/gymnasium/spaces/box.py:415: UserWarning: [33mWARN: Casting input x to numpy array.[0m
  gym.logger.warn("Casting input x to numpy array.")
CEM solve time: 1.5880 seconds
/workspace/r10/env_old/lib/python3.12/site-packages/gymnasium/utils/passive_env_checker.py:129: UserWarning: [33mWARN: The obs returned by the `step()` method was expecting a numpy array, actual type: <class 'torch.Tensor'>[0m
  logger.warn(
/workspace/r10/env_old/lib/python3.12/site-packages/gymnasium/spaces/box.py:415: UserWarning: [33mWARN: Casting input x to numpy array.[0m
  gym.logger.warn("Casting input x to numpy array.")
{"completed": 65, "missing": 0, "case": "R8_tworoom_07275f3ed8b48418157c07d4", "arm": "REFIT_103201", "stream": "R4_ALT_CEM_1", "mode": "H_REAL3_REPLAN"}
/workspace/r10/env_old/lib/python3.12/site-packages/gymnasium/utils/passive_env_checker.py:129: UserWarning: [33mWARN: The obs returned by the `reset()` method was expecting a numpy array, actual type: <class 'torch.Tensor'>[0m
  logger.warn(
/workspace/r10/env_old/lib/python3.12/site-packages/gymnasium/spaces/box.py:415: UserWarning: [33mWARN: Casting input x to numpy array.[0m
  gym.logger.warn("Casting input x to numpy array.")
CEM solve time: 1.5683 seconds
/workspace/r10/env_old/lib/python3.12/site-packages/gymnasium/utils/passive_env_checker.py:129: UserWarning: [33mWARN: The obs returned by the `step()` method was expecting a numpy array, actual type: <class 'torch.Tensor'>[0m
  logger.warn(
/workspace/r10/env_old/lib/python3.12/site-packages/gymnasium/spaces/box.py:415: UserWarning: [33mWARN: Casting input x to numpy array.[0m
  gym.logger.warn("Casting input x to numpy array.")
/workspace/r10/env_old/lib/python3.12/site-packages/gymnasium/utils/passive_env_checker.py:129: UserWarning: [33mWARN: The obs returned by the `reset()` method was expecting a numpy array, actual type: <class 'torch.Tensor'>[0m
  logger.warn(
/workspace/r10/env_old/lib/python3.12/site-packages/gymnasium/spaces/box.py:415: UserWarning: [33mWARN: Casting input x to numpy array.[0m
  gym.logger.warn("Casting input x to numpy array.")
CEM solve time: 1.5732 seconds
/workspace/r10/env_old/lib/python3.12/site-packages/gymnasium/utils/passive_env_checker.py:129: UserWarning: [33mWARN: The obs returned by the `step()` method was expecting a numpy array, actual type: <class 'torch.Tensor'>[0m
  logger.warn(
/workspace/r10/env_old/lib/python3.12/site-packages/gymnasium/spaces/box.py:415: UserWarning: [33mWARN: Casting input x to numpy array.[0m
  gym.logger.warn("Casting input x to numpy array.")
{"completed": 66, "missing": 0, "case": "R8_tworoom_07275f3ed8b48418157c07d4", "arm": "REFIT_103201", "stream": "R4_ALT_CEM_2", "mode": "H_REAL3_REPLAN"}
/workspace/r10/env_old/lib/python3.12/site-packages/gymnasium/utils/passive_env_checker.py:129: UserWarning: [33mWARN: The obs returned by the `reset()` method was expecting a numpy array, actual type: <class 'torch.Tensor'>[0m
  logger.warn(
/workspace/r10/env_old/lib/python3.12/site-packages/gymnasium/spaces/box.py:415: UserWarning: [33mWARN: Casting input x to numpy array.[0m
  gym.logger.warn("Casting input x to numpy array.")
CEM solve time: 1.5657 seconds
/workspace/r10/env_old/lib/python3.12/site-packages/gymnasium/utils/passive_env_checker.py:129: UserWarning: [33mWARN: The obs returned by the `step()` method was expecting a numpy array, actual type: <class 'torch.Tensor'>[0m
  logger.warn(
/workspace/r10/env_old/lib/python3.12/site-packages/gymnasium/spaces/box.py:415: UserWarning: [33mWARN: Casting input x to numpy array.[0m
  gym.logger.warn("Casting input x to numpy array.")
CEM solve time: 1.5629 seconds
/workspace/r10/env_old/lib/python3.12/site-packages/gymnasium/utils/passive_env_checker.py:129: UserWarning: [33mWARN: The obs returned by the `reset()` method was expecting a numpy array, actual type: <class 'torch.Tensor'>[0m
  logger.warn(
/workspace/r10/env_old/lib/python3.12/site-packages/gymnasium/spaces/box.py:415: UserWarning: [33mWARN: Casting input x to numpy array.[0m
  gym.logger.warn("Casting input x to numpy array.")
CEM solve time: 1.5630 seconds
/workspace/r10/env_old/lib/python3.12/site-packages/gymnasium/utils/passive_env_checker.py:129: UserWarning: [33mWARN: The obs returned by the `step()` method was expecting a numpy array, actual type: <class 'torch.Tensor'>[0m
  logger.warn(
/workspace/r10/env_old/lib/python3.12/site-packages/gymnasium/spaces/box.py:415: UserWarning: [33mWARN: Casting input x to numpy array.[0m
  gym.logger.warn("Casting input x to numpy array.")
CEM solve time: 1.5753 seconds
{"completed": 67, "missing": 0, "case": "R8_tworoom_079ace4574dabaf5a9dd4436", "arm": "REFIT_103201", "stream": "R3_ORIGINAL", "mode": "H_REAL3_REPLAN"}
/workspace/r10/env_old/lib/python3.12/site-packages/gymnasium/utils/passive_env_checker.py:129: UserWarning: [33mWARN: The obs returned by the `reset()` method was expecting a numpy array, actual type: <class 'torch.Tensor'>[0m
  logger.warn(
/workspace/r10/env_old/lib/python3.12/site-packages/gymnasium/spaces/box.py:415: UserWarning: [33mWARN: Casting input x to numpy array.[0m
  gym.logger.warn("Casting input x to numpy array.")
CEM solve time: 1.5787 seconds
/workspace/r10/env_old/lib/python3.12/site-packages/gymnasium/utils/passive_env_checker.py:129: UserWarning: [33mWARN: The obs returned by the `step()` method was expecting a numpy array, actual type: <class 'torch.Tensor'>[0m
  logger.warn(
/workspace/r10/env_old/lib/python3.12/site-packages/gymnasium/spaces/box.py:415: UserWarning: [33mWARN: Casting input x to numpy array.[0m
  gym.logger.warn("Casting input x to numpy array.")
CEM solve time: 1.5610 seconds
/workspace/r10/env_old/lib/python3.12/site-packages/gymnasium/utils/passive_env_checker.py:129: UserWarning: [33mWARN: The obs returned by the `reset()` method was expecting a numpy array, actual type: <class 'torch.Tensor'>[0m
  logger.warn(
/workspace/r10/env_old/lib/python3.12/site-packages/gymnasium/spaces/box.py:415: UserWarning: [33mWARN: Casting input x to numpy array.[0m
  gym.logger.warn("Casting input x to numpy array.")
CEM solve time: 1.5821 seconds
/workspace/r10/env_old/lib/python3.12/site-packages/gymnasium/utils/passive_env_checker.py:129: UserWarning: [33mWARN: The obs returned by the `step()` method was expecting a numpy array, actual type: <class 'torch.Tensor'>[0m
  logger.warn(
/workspace/r10/env_old/lib/python3.12/site-packages/gymnasium/spaces/box.py:415: UserWarning: [33mWARN: Casting input x to numpy array.[0m
  gym.logger.warn("Casting input x to numpy array.")
CEM solve time: 1.5767 seconds
{"completed": 68, "missing": 0, "case": "R8_tworoom_079ace4574dabaf5a9dd4436", "arm": "REFIT_103201", "stream": "R4_ALT_CEM_1", "mode": "H_REAL3_REPLAN"}
/workspace/r10/env_old/lib/python3.12/site-packages/gymnasium/utils/passive_env_checker.py:129: UserWarning: [33mWARN: The obs returned by the `reset()` method was expecting a numpy array, actual type: <class 'torch.Tensor'>[0m
  logger.warn(
/workspace/r10/env_old/lib/python3.12/site-packages/gymnasium/spaces/box.py:415: UserWarning: [33mWARN: Casting input x to numpy array.[0m
  gym.logger.warn("Casting input x to numpy array.")
CEM solve time: 1.5612 seconds
/workspace/r10/env_old/lib/python3.12/site-packages/gymnasium/utils/passive_env_checker.py:129: UserWarning: [33mWARN: The obs returned by the `step()` method was expecting a numpy array, actual type: <class 'torch.Tensor'>[0m
  logger.warn(
/workspace/r10/env_old/lib/python3.12/site-packages/gymnasium/spaces/box.py:415: UserWarning: [33mWARN: Casting input x to numpy array.[0m
  gym.logger.warn("Casting input x to numpy array.")
CEM solve time: 1.5653 seconds
/workspace/r10/env_old/lib/python3.12/site-packages/gymnasium/utils/passive_env_checker.py:129: UserWarning: [33mWARN: The obs returned by the `reset()` method was expecting a numpy array, actual type: <class 'torch.Tensor'>[0m
  logger.warn(
/workspace/r10/env_old/lib/python3.12/site-packages/gymnasium/spaces/box.py:415: UserWarning: [33mWARN: Casting input x to numpy array.[0m
  gym.logger.warn("Casting input x to numpy array.")
CEM solve time: 1.5777 seconds
/workspace/r10/env_old/lib/python3.12/site-packages/gymnasium/utils/passive_env_checker.py:129: UserWarning: [33mWARN: The obs returned by the `step()` method was expecting a numpy array, actual type: <class 'torch.Tensor'>[0m
  logger.warn(
/workspace/r10/env_old/lib/python3.12/site-packages/gymnasium/spaces/box.py:415: UserWarning: [33mWARN: Casting input x to numpy array.[0m
  gym.logger.warn("Casting input x to numpy array.")
CEM solve time: 1.5803 seconds
{"completed": 69, "missing": 0, "case": "R8_tworoom_079ace4574dabaf5a9dd4436", "arm": "REFIT_103201", "stream": "R4_ALT_CEM_2", "mode": "H_REAL3_REPLAN"}
/workspace/r10/env_old/lib/python3.12/site-packages/gymnasium/utils/passive_env_checker.py:129: UserWarning: [33mWARN: The obs returned by the `reset()` method was expecting a numpy array, actual type: <class 'torch.Tensor'>[0m
  logger.warn(
/workspace/r10/env_old/lib/python3.12/site-packages/gymnasium/spaces/box.py:415: UserWarning: [33mWARN: Casting input x to numpy array.[0m
  gym.logger.warn("Casting input x to numpy array.")
CEM solve time: 1.5770 seconds
/workspace/r10/env_old/lib/python3.12/site-packages/gymnasium/utils/passive_env_checker.py:129: UserWarning: [33mWARN: The obs returned by the `step()` method was expecting a numpy array, actual type: <class 'torch.Tensor'>[0m
  logger.warn(
/workspace/r10/env_old/lib/python3.12/site-packages/gymnasium/spaces/box.py:415: UserWarning: [33mWARN: Casting input x to numpy array.[0m
  gym.logger.warn("Casting input x to numpy array.")
CEM solve time: 1.5680 seconds
/workspace/r10/env_old/lib/python3.12/site-packages/gymnasium/utils/passive_env_checker.py:129: UserWarning: [33mWARN: The obs returned by the `reset()` method was expecting a numpy array, actual type: <class 'torch.Tensor'>[0m
  logger.warn(
/workspace/r10/env_old/lib/python3.12/site-packages/gymnasium/spaces/box.py:415: UserWarning: [33mWARN: Casting input x to numpy array.[0m
  gym.logger.warn("Casting input x to numpy array.")
CEM solve time: 1.5799 seconds
/workspace/r10/env_old/lib/python3.12/site-packages/gymnasium/utils/passive_env_checker.py:129: UserWarning: [33mWARN: The obs returned by the `step()` method was expecting a numpy array, actual type: <class 'torch.Tensor'>[0m
  logger.warn(
/workspace/r10/env_old/lib/python3.12/site-packages/gymnasium/spaces/box.py:415: UserWarning: [33mWARN: Casting input x to numpy array.[0m
  gym.logger.warn("Casting input x to numpy array.")
CEM solve time: 1.5841 seconds
{"completed": 70, "missing": 0, "case": "R8_tworoom_082e9b45e7283603ec99842f", "arm": "REFIT_103201", "stream": "R3_ORIGINAL", "mode": "H_REAL3_REPLAN"}
/workspace/r10/env_old/lib/python3.12/site-packages/gymnasium/utils/passive_env_checker.py:129: UserWarning: [33mWARN: The obs returned by the `reset()` method was expecting a numpy array, actual type: <class 'torch.Tensor'>[0m
  logger.warn(
/workspace/r10/env_old/lib/python3.12/site-packages/gymnasium/spaces/box.py:415: UserWarning: [33mWARN: Casting input x to numpy array.[0m
  gym.logger.warn("Casting input x to numpy array.")
CEM solve time: 1.5641 seconds
/workspace/r10/env_old/lib/python3.12/site-packages/gymnasium/utils/passive_env_checker.py:129: UserWarning: [33mWARN: The obs returned by the `step()` method was expecting a numpy array, actual type: <class 'torch.Tensor'>[0m
  logger.warn(
/workspace/r10/env_old/lib/python3.12/site-packages/gymnasium/spaces/box.py:415: UserWarning: [33mWARN: Casting input x to numpy array.[0m
  gym.logger.warn("Casting input x to numpy array.")
CEM solve time: 1.5997 seconds
/workspace/r10/env_old/lib/python3.12/site-packages/gymnasium/utils/passive_env_checker.py:129: UserWarning: [33mWARN: The obs returned by the `reset()` method was expecting a numpy array, actual type: <class 'torch.Tensor'>[0m
  logger.warn(
/workspace/r10/env_old/lib/python3.12/site-packages/gymnasium/spaces/box.py:415: UserWarning: [33mWARN: Casting input x to numpy array.[0m
  gym.logger.warn("Casting input x to numpy array.")
CEM solve time: 1.5652 seconds
/workspace/r10/env_old/lib/python3.12/site-packages/gymnasium/utils/passive_env_checker.py:129: UserWarning: [33mWARN: The obs returned by the `step()` method was expecting a numpy array, actual type: <class 'torch.Tensor'>[0m
  logger.warn(
/workspace/r10/env_old/lib/python3.12/site-packages/gymnasium/spaces/box.py:415: UserWarning: [33mWARN: Casting input x to numpy array.[0m
  gym.logger.warn("Casting input x to numpy array.")
CEM solve time: 1.5808 seconds
{"completed": 71, "missing": 0, "case": "R8_tworoom_082e9b45e7283603ec99842f", "arm": "REFIT_103201", "stream": "R4_ALT_CEM_1", "mode": "H_REAL3_REPLAN"}
/workspace/r10/env_old/lib/python3.12/site-packages/gymnasium/utils/passive_env_checker.py:129: UserWarning: [33mWARN: The obs returned by the `reset()` method was expecting a numpy array, actual type: <class 'torch.Tensor'>[0m
  logger.warn(
/workspace/r10/env_old/lib/python3.12/site-packages/gymnasium/spaces/box.py:415: UserWarning: [33mWARN: Casting input x to numpy array.[0m
  gym.logger.warn("Casting input x to numpy array.")
CEM solve time: 1.5658 seconds
/workspace/r10/env_old/lib/python3.12/site-packages/gymnasium/utils/passive_env_checker.py:129: UserWarning: [33mWARN: The obs returned by the `step()` method was expecting a numpy array, actual type: <class 'torch.Tensor'>[0m
  logger.warn(
/workspace/r10/env_old/lib/python3.12/site-packages/gymnasium/spaces/box.py:415: UserWarning: [33mWARN: Casting input x to numpy array.[0m
  gym.logger.warn("Casting input x to numpy array.")
CEM solve time: 1.5687 seconds
/workspace/r10/env_old/lib/python3.12/site-packages/gymnasium/utils/passive_env_checker.py:129: UserWarning: [33mWARN: The obs returned by the `reset()` method was expecting a numpy array, actual type: <class 'torch.Tensor'>[0m
  logger.warn(
/workspace/r10/env_old/lib/python3.12/site-packages/gymnasium/spaces/box.py:415: UserWarning: [33mWARN: Casting input x to numpy array.[0m
  gym.logger.warn("Casting input x to numpy array.")
CEM solve time: 1.5679 seconds
/workspace/r10/env_old/lib/python3.12/site-packages/gymnasium/utils/passive_env_checker.py:129: UserWarning: [33mWARN: The obs returned by the `step()` method was expecting a numpy array, actual type: <class 'torch.Tensor'>[0m
  logger.warn(
/workspace/r10/env_old/lib/python3.12/site-packages/gymnasium/spaces/box.py:415: UserWarning: [33mWARN: Casting input x to numpy array.[0m
  gym.logger.warn("Casting input x to numpy array.")
CEM solve time: 1.6105 seconds
{"completed": 72, "missing": 0, "case": "R8_tworoom_082e9b45e7283603ec99842f", "arm": "REFIT_103201", "stream": "R4_ALT_CEM_2", "mode": "H_REAL3_REPLAN"}
/workspace/r10/env_old/lib/python3.12/site-packages/gymnasium/utils/passive_env_checker.py:129: UserWarning: [33mWARN: The obs returned by the `reset()` method was expecting a numpy array, actual type: <class 'torch.Tensor'>[0m
  logger.warn(
/workspace/r10/env_old/lib/python3.12/site-packages/gymnasium/spaces/box.py:415: UserWarning: [33mWARN: Casting input x to numpy array.[0m
  gym.logger.warn("Casting input x to numpy array.")
CEM solve time: 1.5706 seconds
/workspace/r10/env_old/lib/python3.12/site-packages/gymnasium/utils/passive_env_checker.py:129: UserWarning: [33mWARN: The obs returned by the `step()` method was expecting a numpy array, actual type: <class 'torch.Tensor'>[0m
  logger.warn(
/workspace/r10/env_old/lib/python3.12/site-packages/gymnasium/spaces/box.py:415: UserWarning: [33mWARN: Casting input x to numpy array.[0m
  gym.logger.warn("Casting input x to numpy array.")
/workspace/r10/env_old/lib/python3.12/site-packages/gymnasium/utils/passive_env_checker.py:129: UserWarning: [33mWARN: The obs returned by the `reset()` method was expecting a numpy array, actual type: <class 'torch.Tensor'>[0m
  logger.warn(
/workspace/r10/env_old/lib/python3.12/site-packages/gymnasium/spaces/box.py:415: UserWarning: [33mWARN: Casting input x to numpy array.[0m
  gym.logger.warn("Casting input x to numpy array.")
CEM solve time: 1.5914 seconds
/workspace/r10/env_old/lib/python3.12/site-packages/gymnasium/utils/passive_env_checker.py:129: UserWarning: [33mWARN: The obs returned by the `step()` method was expecting a numpy array, actual type: <class 'torch.Tensor'>[0m
  logger.warn(
/workspace/r10/env_old/lib/python3.12/site-packages/gymnasium/spaces/box.py:415: UserWarning: [33mWARN: Casting input x to numpy array.[0m
  gym.logger.warn("Casting input x to numpy array.")
{"completed": 73, "missing": 0, "case": "R8_tworoom_00c6b02dc7fb880bcdfc7dda", "arm": "REFIT_103202", "stream": "R3_ORIGINAL", "mode": "H_REAL3_REPLAN"}
/workspace/r10/env_old/lib/python3.12/site-packages/gymnasium/utils/passive_env_checker.py:129: UserWarning: [33mWARN: The obs returned by the `reset()` method was expecting a numpy array, actual type: <class 'torch.Tensor'>[0m
  logger.warn(
/workspace/r10/env_old/lib/python3.12/site-packages/gymnasium/spaces/box.py:415: UserWarning: [33mWARN: Casting input x to numpy array.[0m
  gym.logger.warn("Casting input x to numpy array.")
CEM solve time: 1.5950 seconds
/workspace/r10/env_old/lib/python3.12/site-packages/gymnasium/utils/passive_env_checker.py:129: UserWarning: [33mWARN: The obs returned by the `step()` method was expecting a numpy array, actual type: <class 'torch.Tensor'>[0m
  logger.warn(
/workspace/r10/env_old/lib/python3.12/site-packages/gymnasium/spaces/box.py:415: UserWarning: [33mWARN: Casting input x to numpy array.[0m
  gym.logger.warn("Casting input x to numpy array.")
/workspace/r10/env_old/lib/python3.12/site-packages/gymnasium/utils/passive_env_checker.py:129: UserWarning: [33mWARN: The obs returned by the `reset()` method was expecting a numpy array, actual type: <class 'torch.Tensor'>[0m
  logger.warn(
/workspace/r10/env_old/lib/python3.12/site-packages/gymnasium/spaces/box.py:415: UserWarning: [33mWARN: Casting input x to numpy array.[0m
  gym.logger.warn("Casting input x to numpy array.")
CEM solve time: 1.5795 seconds
/workspace/r10/env_old/lib/python3.12/site-packages/gymnasium/utils/passive_env_checker.py:129: UserWarning: [33mWARN: The obs returned by the `step()` method was expecting a numpy array, actual type: <class 'torch.Tensor'>[0m
  logger.warn(
/workspace/r10/env_old/lib/python3.12/site-packages/gymnasium/spaces/box.py:415: UserWarning: [33mWARN: Casting input x to numpy array.[0m
  gym.logger.warn("Casting input x to numpy array.")
{"completed": 74, "missing": 0, "case": "R8_tworoom_00c6b02dc7fb880bcdfc7dda", "arm": "REFIT_103202", "stream": "R4_ALT_CEM_1", "mode": "H_REAL3_REPLAN"}
/workspace/r10/env_old/lib/python3.12/site-packages/gymnasium/utils/passive_env_checker.py:129: UserWarning: [33mWARN: The obs returned by the `reset()` method was expecting a numpy array, actual type: <class 'torch.Tensor'>[0m
  logger.warn(
/workspace/r10/env_old/lib/python3.12/site-packages/gymnasium/spaces/box.py:415: UserWarning: [33mWARN: Casting input x to numpy array.[0m
  gym.logger.warn("Casting input x to numpy array.")
CEM solve time: 1.5779 seconds
/workspace/r10/env_old/lib/python3.12/site-packages/gymnasium/utils/passive_env_checker.py:129: UserWarning: [33mWARN: The obs returned by the `step()` method was expecting a numpy array, actual type: <class 'torch.Tensor'>[0m
  logger.warn(
/workspace/r10/env_old/lib/python3.12/site-packages/gymnasium/spaces/box.py:415: UserWarning: [33mWARN: Casting input x to numpy array.[0m
  gym.logger.warn("Casting input x to numpy array.")
/workspace/r10/env_old/lib/python3.12/site-packages/gymnasium/utils/passive_env_checker.py:129: UserWarning: [33mWARN: The obs returned by the `reset()` method was expecting a numpy array, actual type: <class 'torch.Tensor'>[0m
  logger.warn(
/workspace/r10/env_old/lib/python3.12/site-packages/gymnasium/spaces/box.py:415: UserWarning: [33mWARN: Casting input x to numpy array.[0m
  gym.logger.warn("Casting input x to numpy array.")
CEM solve time: 1.5735 seconds
/workspace/r10/env_old/lib/python3.12/site-packages/gymnasium/utils/passive_env_checker.py:129: UserWarning: [33mWARN: The obs returned by the `step()` method was expecting a numpy array, actual type: <class 'torch.Tensor'>[0m
  logger.warn(
/workspace/r10/env_old/lib/python3.12/site-packages/gymnasium/spaces/box.py:415: UserWarning: [33mWARN: Casting input x to numpy array.[0m
  gym.logger.warn("Casting input x to numpy array.")
{"completed": 75, "missing": 0, "case": "R8_tworoom_00c6b02dc7fb880bcdfc7dda", "arm": "REFIT_103202", "stream": "R4_ALT_CEM_2", "mode": "H_REAL3_REPLAN"}
/workspace/r10/env_old/lib/python3.12/site-packages/gymnasium/utils/passive_env_checker.py:129: UserWarning: [33mWARN: The obs returned by the `reset()` method was expecting a numpy array, actual type: <class 'torch.Tensor'>[0m
  logger.warn(
/workspace/r10/env_old/lib/python3.12/site-packages/gymnasium/spaces/box.py:415: UserWarning: [33mWARN: Casting input x to numpy array.[0m
  gym.logger.warn("Casting input x to numpy array.")
CEM solve time: 1.5646 seconds
/workspace/r10/env_old/lib/python3.12/site-packages/gymnasium/utils/passive_env_checker.py:129: UserWarning: [33mWARN: The obs returned by the `step()` method was expecting a numpy array, actual type: <class 'torch.Tensor'>[0m
  logger.warn(
/workspace/r10/env_old/lib/python3.12/site-packages/gymnasium/spaces/box.py:415: UserWarning: [33mWARN: Casting input x to numpy array.[0m
  gym.logger.warn("Casting input x to numpy array.")
/workspace/r10/env_old/lib/python3.12/site-packages/gymnasium/utils/passive_env_checker.py:129: UserWarning: [33mWARN: The obs returned by the `reset()` method was expecting a numpy array, actual type: <class 'torch.Tensor'>[0m
  logger.warn(
/workspace/r10/env_old/lib/python3.12/site-packages/gymnasium/spaces/box.py:415: UserWarning: [33mWARN: Casting input x to numpy array.[0m
  gym.logger.warn("Casting input x to numpy array.")
CEM solve time: 1.5685 seconds
/workspace/r10/env_old/lib/python3.12/site-packages/gymnasium/utils/passive_env_checker.py:129: UserWarning: [33mWARN: The obs returned by the `step()` method was expecting a numpy array, actual type: <class 'torch.Tensor'>[0m
  logger.warn(
/workspace/r10/env_old/lib/python3.12/site-packages/gymnasium/spaces/box.py:415: UserWarning: [33mWARN: Casting input x to numpy array.[0m
  gym.logger.warn("Casting input x to numpy array.")
{"completed": 76, "missing": 0, "case": "R8_tworoom_01c16f34aa04119a3489ad0f", "arm": "REFIT_103202", "stream": "R3_ORIGINAL", "mode": "H_REAL3_REPLAN"}
/workspace/r10/env_old/lib/python3.12/site-packages/gymnasium/utils/passive_env_checker.py:129: UserWarning: [33mWARN: The obs returned by the `reset()` method was expecting a numpy array, actual type: <class 'torch.Tensor'>[0m
  logger.warn(
/workspace/r10/env_old/lib/python3.12/site-packages/gymnasium/spaces/box.py:415: UserWarning: [33mWARN: Casting input x to numpy array.[0m
  gym.logger.warn("Casting input x to numpy array.")
CEM solve time: 1.5717 seconds
/workspace/r10/env_old/lib/python3.12/site-packages/gymnasium/utils/passive_env_checker.py:129: UserWarning: [33mWARN: The obs returned by the `step()` method was expecting a numpy array, actual type: <class 'torch.Tensor'>[0m
  logger.warn(
/workspace/r10/env_old/lib/python3.12/site-packages/gymnasium/spaces/box.py:415: UserWarning: [33mWARN: Casting input x to numpy array.[0m
  gym.logger.warn("Casting input x to numpy array.")
/workspace/r10/env_old/lib/python3.12/site-packages/gymnasium/utils/passive_env_checker.py:129: UserWarning: [33mWARN: The obs returned by the `reset()` method was expecting a numpy array, actual type: <class 'torch.Tensor'>[0m
  logger.warn(
/workspace/r10/env_old/lib/python3.12/site-packages/gymnasium/spaces/box.py:415: UserWarning: [33mWARN: Casting input x to numpy array.[0m
  gym.logger.warn("Casting input x to numpy array.")
CEM solve time: 1.5635 seconds
/workspace/r10/env_old/lib/python3.12/site-packages/gymnasium/utils/passive_env_checker.py:129: UserWarning: [33mWARN: The obs returned by the `step()` method was expecting a numpy array, actual type: <class 'torch.Tensor'>[0m
  logger.warn(
/workspace/r10/env_old/lib/python3.12/site-packages/gymnasium/spaces/box.py:415: UserWarning: [33mWARN: Casting input x to numpy array.[0m
  gym.logger.warn("Casting input x to numpy array.")
{"completed": 77, "missing": 0, "case": "R8_tworoom_01c16f34aa04119a3489ad0f", "arm": "REFIT_103202", "stream": "R4_ALT_CEM_1", "mode": "H_REAL3_REPLAN"}
/workspace/r10/env_old/lib/python3.12/site-packages/gymnasium/utils/passive_env_checker.py:129: UserWarning: [33mWARN: The obs returned by the `reset()` method was expecting a numpy array, actual type: <class 'torch.Tensor'>[0m
  logger.warn(
/workspace/r10/env_old/lib/python3.12/site-packages/gymnasium/spaces/box.py:415: UserWarning: [33mWARN: Casting input x to numpy array.[0m
  gym.logger.warn("Casting input x to numpy array.")
CEM solve time: 1.5690 seconds
/workspace/r10/env_old/lib/python3.12/site-packages/gymnasium/utils/passive_env_checker.py:129: UserWarning: [33mWARN: The obs returned by the `step()` method was expecting a numpy array, actual type: <class 'torch.Tensor'>[0m
  logger.warn(
/workspace/r10/env_old/lib/python3.12/site-packages/gymnasium/spaces/box.py:415: UserWarning: [33mWARN: Casting input x to numpy array.[0m
  gym.logger.warn("Casting input x to numpy array.")
CEM solve time: 1.5556 seconds
/workspace/r10/env_old/lib/python3.12/site-packages/gymnasium/utils/passive_env_checker.py:129: UserWarning: [33mWARN: The obs returned by the `reset()` method was expecting a numpy array, actual type: <class 'torch.Tensor'>[0m
  logger.warn(
/workspace/r10/env_old/lib/python3.12/site-packages/gymnasium/spaces/box.py:415: UserWarning: [33mWARN: Casting input x to numpy array.[0m
  gym.logger.warn("Casting input x to numpy array.")
CEM solve time: 1.5827 seconds
/workspace/r10/env_old/lib/python3.12/site-packages/gymnasium/utils/passive_env_checker.py:129: UserWarning: [33mWARN: The obs returned by the `step()` method was expecting a numpy array, actual type: <class 'torch.Tensor'>[0m
  logger.warn(
/workspace/r10/env_old/lib/python3.12/site-packages/gymnasium/spaces/box.py:415: UserWarning: [33mWARN: Casting input x to numpy array.[0m
  gym.logger.warn("Casting input x to numpy array.")
CEM solve time: 1.5978 seconds
{"completed": 78, "missing": 0, "case": "R8_tworoom_01c16f34aa04119a3489ad0f", "arm": "REFIT_103202", "stream": "R4_ALT_CEM_2", "mode": "H_REAL3_REPLAN"}
/workspace/r10/env_old/lib/python3.12/site-packages/gymnasium/utils/passive_env_checker.py:129: UserWarning: [33mWARN: The obs returned by the `reset()` method was expecting a numpy array, actual type: <class 'torch.Tensor'>[0m
  logger.warn(
/workspace/r10/env_old/lib/python3.12/site-packages/gymnasium/spaces/box.py:415: UserWarning: [33mWARN: Casting input x to numpy array.[0m
  gym.logger.warn("Casting input x to numpy array.")
CEM solve time: 1.5714 seconds
/workspace/r10/env_old/lib/python3.12/site-packages/gymnasium/utils/passive_env_checker.py:129: UserWarning: [33mWARN: The obs returned by the `step()` method was expecting a numpy array, actual type: <class 'torch.Tensor'>[0m
  logger.warn(
/workspace/r10/env_old/lib/python3.12/site-packages/gymnasium/spaces/box.py:415: UserWarning: [33mWARN: Casting input x to numpy array.[0m
  gym.logger.warn("Casting input x to numpy array.")
CEM solve time: 1.5687 seconds
/workspace/r10/env_old/lib/python3.12/site-packages/gymnasium/utils/passive_env_checker.py:129: UserWarning: [33mWARN: The obs returned by the `reset()` method was expecting a numpy array, actual type: <class 'torch.Tensor'>[0m
  logger.warn(
/workspace/r10/env_old/lib/python3.12/site-packages/gymnasium/spaces/box.py:415: UserWarning: [33mWARN: Casting input x to numpy array.[0m
  gym.logger.warn("Casting input x to numpy array.")
CEM solve time: 1.5819 seconds
/workspace/r10/env_old/lib/python3.12/site-packages/gymnasium/utils/passive_env_checker.py:129: UserWarning: [33mWARN: The obs returned by the `step()` method was expecting a numpy array, actual type: <class 'torch.Tensor'>[0m
  logger.warn(
/workspace/r10/env_old/lib/python3.12/site-packages/gymnasium/spaces/box.py:415: UserWarning: [33mWARN: Casting input x to numpy array.[0m
  gym.logger.warn("Casting input x to numpy array.")
CEM solve time: 1.5868 seconds
{"completed": 79, "missing": 0, "case": "R8_tworoom_0242e4f12dfac63f79ddbe09", "arm": "REFIT_103202", "stream": "R3_ORIGINAL", "mode": "H_REAL3_REPLAN"}
/workspace/r10/env_old/lib/python3.12/site-packages/gymnasium/utils/passive_env_checker.py:129: UserWarning: [33mWARN: The obs returned by the `reset()` method was expecting a numpy array, actual type: <class 'torch.Tensor'>[0m
  logger.warn(
/workspace/r10/env_old/lib/python3.12/site-packages/gymnasium/spaces/box.py:415: UserWarning: [33mWARN: Casting input x to numpy array.[0m
  gym.logger.warn("Casting input x to numpy array.")
CEM solve time: 1.5803 seconds
/workspace/r10/env_old/lib/python3.12/site-packages/gymnasium/utils/passive_env_checker.py:129: UserWarning: [33mWARN: The obs returned by the `step()` method was expecting a numpy array, actual type: <class 'torch.Tensor'>[0m
  logger.warn(
/workspace/r10/env_old/lib/python3.12/site-packages/gymnasium/spaces/box.py:415: UserWarning: [33mWARN: Casting input x to numpy array.[0m
  gym.logger.warn("Casting input x to numpy array.")
CEM solve time: 1.6104 seconds
/workspace/r10/env_old/lib/python3.12/site-packages/gymnasium/utils/passive_env_checker.py:129: UserWarning: [33mWARN: The obs returned by the `reset()` method was expecting a numpy array, actual type: <class 'torch.Tensor'>[0m
  logger.warn(
/workspace/r10/env_old/lib/python3.12/site-packages/gymnasium/spaces/box.py:415: UserWarning: [33mWARN: Casting input x to numpy array.[0m
  gym.logger.warn("Casting input x to numpy array.")
CEM solve time: 1.5671 seconds
/workspace/r10/env_old/lib/python3.12/site-packages/gymnasium/utils/passive_env_checker.py:129: UserWarning: [33mWARN: The obs returned by the `step()` method was expecting a numpy array, actual type: <class 'torch.Tensor'>[0m
  logger.warn(
/workspace/r10/env_old/lib/python3.12/site-packages/gymnasium/spaces/box.py:415: UserWarning: [33mWARN: Casting input x to numpy array.[0m
  gym.logger.warn("Casting input x to numpy array.")
CEM solve time: 1.5841 seconds
{"completed": 80, "missing": 0, "case": "R8_tworoom_0242e4f12dfac63f79ddbe09", "arm": "REFIT_103202", "stream": "R4_ALT_CEM_1", "mode": "H_REAL3_REPLAN"}
/workspace/r10/env_old/lib/python3.12/site-packages/gymnasium/utils/passive_env_checker.py:129: UserWarning: [33mWARN: The obs returned by the `reset()` method was expecting a numpy array, actual type: <class 'torch.Tensor'>[0m
  logger.warn(
/workspace/r10/env_old/lib/python3.12/site-packages/gymnasium/spaces/box.py:415: UserWarning: [33mWARN: Casting input x to numpy array.[0m
  gym.logger.warn("Casting input x to numpy array.")
CEM solve time: 1.5675 seconds
/workspace/r10/env_old/lib/python3.12/site-packages/gymnasium/utils/passive_env_checker.py:129: UserWarning: [33mWARN: The obs returned by the `step()` method was expecting a numpy array, actual type: <class 'torch.Tensor'>[0m
  logger.warn(
/workspace/r10/env_old/lib/python3.12/site-packages/gymnasium/spaces/box.py:415: UserWarning: [33mWARN: Casting input x to numpy array.[0m
  gym.logger.warn("Casting input x to numpy array.")
CEM solve time: 1.5704 seconds
/workspace/r10/env_old/lib/python3.12/site-packages/gymnasium/utils/passive_env_checker.py:129: UserWarning: [33mWARN: The obs returned by the `reset()` method was expecting a numpy array, actual type: <class 'torch.Tensor'>[0m
  logger.warn(
/workspace/r10/env_old/lib/python3.12/site-packages/gymnasium/spaces/box.py:415: UserWarning: [33mWARN: Casting input x to numpy array.[0m
  gym.logger.warn("Casting input x to numpy array.")
CEM solve time: 1.5668 seconds
/workspace/r10/env_old/lib/python3.12/site-packages/gymnasium/utils/passive_env_checker.py:129: UserWarning: [33mWARN: The obs returned by the `step()` method was expecting a numpy array, actual type: <class 'torch.Tensor'>[0m
  logger.warn(
/workspace/r10/env_old/lib/python3.12/site-packages/gymnasium/spaces/box.py:415: UserWarning: [33mWARN: Casting input x to numpy array.[0m
  gym.logger.warn("Casting input x to numpy array.")
CEM solve time: 1.5954 seconds
{"completed": 81, "missing": 0, "case": "R8_tworoom_0242e4f12dfac63f79ddbe09", "arm": "REFIT_103202", "stream": "R4_ALT_CEM_2", "mode": "H_REAL3_REPLAN"}
/workspace/r10/env_old/lib/python3.12/site-packages/gymnasium/utils/passive_env_checker.py:129: UserWarning: [33mWARN: The obs returned by the `reset()` method was expecting a numpy array, actual type: <class 'torch.Tensor'>[0m
  logger.warn(
/workspace/r10/env_old/lib/python3.12/site-packages/gymnasium/spaces/box.py:415: UserWarning: [33mWARN: Casting input x to numpy array.[0m
  gym.logger.warn("Casting input x to numpy array.")
CEM solve time: 1.5714 seconds
/workspace/r10/env_old/lib/python3.12/site-packages/gymnasium/utils/passive_env_checker.py:129: UserWarning: [33mWARN: The obs returned by the `step()` method was expecting a numpy array, actual type: <class 'torch.Tensor'>[0m
  logger.warn(
/workspace/r10/env_old/lib/python3.12/site-packages/gymnasium/spaces/box.py:415: UserWarning: [33mWARN: Casting input x to numpy array.[0m
  gym.logger.warn("Casting input x to numpy array.")
/workspace/r10/env_old/lib/python3.12/site-packages/gymnasium/utils/passive_env_checker.py:129: UserWarning: [33mWARN: The obs returned by the `reset()` method was expecting a numpy array, actual type: <class 'torch.Tensor'>[0m
  logger.warn(
/workspace/r10/env_old/lib/python3.12/site-packages/gymnasium/spaces/box.py:415: UserWarning: [33mWARN: Casting input x to numpy array.[0m
  gym.logger.warn("Casting input x to numpy array.")
CEM solve time: 1.5741 seconds
/workspace/r10/env_old/lib/python3.12/site-packages/gymnasium/utils/passive_env_checker.py:129: UserWarning: [33mWARN: The obs returned by the `step()` method was expecting a numpy array, actual type: <class 'torch.Tensor'>[0m
  logger.warn(
/workspace/r10/env_old/lib/python3.12/site-packages/gymnasium/spaces/box.py:415: UserWarning: [33mWARN: Casting input x to numpy array.[0m
  gym.logger.warn("Casting input x to numpy array.")
{"completed": 82, "missing": 0, "case": "R8_tworoom_02d714c413bbbd0601fb4d3d", "arm": "REFIT_103202", "stream": "R3_ORIGINAL", "mode": "H_REAL3_REPLAN"}
/workspace/r10/env_old/lib/python3.12/site-packages/gymnasium/utils/passive_env_checker.py:129: UserWarning: [33mWARN: The obs returned by the `reset()` method was expecting a numpy array, actual type: <class 'torch.Tensor'>[0m
  logger.warn(
/workspace/r10/env_old/lib/python3.12/site-packages/gymnasium/spaces/box.py:415: UserWarning: [33mWARN: Casting input x to numpy array.[0m
  gym.logger.warn("Casting input x to numpy array.")
CEM solve time: 1.5779 seconds
/workspace/r10/env_old/lib/python3.12/site-packages/gymnasium/utils/passive_env_checker.py:129: UserWarning: [33mWARN: The obs returned by the `step()` method was expecting a numpy array, actual type: <class 'torch.Tensor'>[0m
  logger.warn(
/workspace/r10/env_old/lib/python3.12/site-packages/gymnasium/spaces/box.py:415: UserWarning: [33mWARN: Casting input x to numpy array.[0m
  gym.logger.warn("Casting input x to numpy array.")
/workspace/r10/env_old/lib/python3.12/site-packages/gymnasium/utils/passive_env_checker.py:129: UserWarning: [33mWARN: The obs returned by the `reset()` method was expecting a numpy array, actual type: <class 'torch.Tensor'>[0m
  logger.warn(
/workspace/r10/env_old/lib/python3.12/site-packages/gymnasium/spaces/box.py:415: UserWarning: [33mWARN: Casting input x to numpy array.[0m
  gym.logger.warn("Casting input x to numpy array.")
CEM solve time: 1.5645 seconds
/workspace/r10/env_old/lib/python3.12/site-packages/gymnasium/utils/passive_env_checker.py:129: UserWarning: [33mWARN: The obs returned by the `step()` method was expecting a numpy array, actual type: <class 'torch.Tensor'>[0m
  logger.warn(
/workspace/r10/env_old/lib/python3.12/site-packages/gymnasium/spaces/box.py:415: UserWarning: [33mWARN: Casting input x to numpy array.[0m
  gym.logger.warn("Casting input x to numpy array.")
{"completed": 83, "missing": 0, "case": "R8_tworoom_02d714c413bbbd0601fb4d3d", "arm": "REFIT_103202", "stream": "R4_ALT_CEM_1", "mode": "H_REAL3_REPLAN"}
/workspace/r10/env_old/lib/python3.12/site-packages/gymnasium/utils/passive_env_checker.py:129: UserWarning: [33mWARN: The obs returned by the `reset()` method was expecting a numpy array, actual type: <class 'torch.Tensor'>[0m
  logger.warn(
/workspace/r10/env_old/lib/python3.12/site-packages/gymnasium/spaces/box.py:415: UserWarning: [33mWARN: Casting input x to numpy array.[0m
  gym.logger.warn("Casting input x to numpy array.")
CEM solve time: 1.5600 seconds
/workspace/r10/env_old/lib/python3.12/site-packages/gymnasium/utils/passive_env_checker.py:129: UserWarning: [33mWARN: The obs returned by the `step()` method was expecting a numpy array, actual type: <class 'torch.Tensor'>[0m
  logger.warn(
/workspace/r10/env_old/lib/python3.12/site-packages/gymnasium/spaces/box.py:415: UserWarning: [33mWARN: Casting input x to numpy array.[0m
  gym.logger.warn("Casting input x to numpy array.")
/workspace/r10/env_old/lib/python3.12/site-packages/gymnasium/utils/passive_env_checker.py:129: UserWarning: [33mWARN: The obs returned by the `reset()` method was expecting a numpy array, actual type: <class 'torch.Tensor'>[0m
  logger.warn(
/workspace/r10/env_old/lib/python3.12/site-packages/gymnasium/spaces/box.py:415: UserWarning: [33mWARN: Casting input x to numpy array.[0m
  gym.logger.warn("Casting input x to numpy array.")
CEM solve time: 1.5680 seconds
/workspace/r10/env_old/lib/python3.12/site-packages/gymnasium/utils/passive_env_checker.py:129: UserWarning: [33mWARN: The obs returned by the `step()` method was expecting a numpy array, actual type: <class 'torch.Tensor'>[0m
  logger.warn(
/workspace/r10/env_old/lib/python3.12/site-packages/gymnasium/spaces/box.py:415: UserWarning: [33mWARN: Casting input x to numpy array.[0m
  gym.logger.warn("Casting input x to numpy array.")
{"completed": 84, "missing": 0, "case": "R8_tworoom_02d714c413bbbd0601fb4d3d", "arm": "REFIT_103202", "stream": "R4_ALT_CEM_2", "mode": "H_REAL3_REPLAN"}
/workspace/r10/env_old/lib/python3.12/site-packages/gymnasium/utils/passive_env_checker.py:129: UserWarning: [33mWARN: The obs returned by the `reset()` method was expecting a numpy array, actual type: <class 'torch.Tensor'>[0m
  logger.warn(
/workspace/r10/env_old/lib/python3.12/site-packages/gymnasium/spaces/box.py:415: UserWarning: [33mWARN: Casting input x to numpy array.[0m
  gym.logger.warn("Casting input x to numpy array.")
CEM solve time: 1.5903 seconds
/workspace/r10/env_old/lib/python3.12/site-packages/gymnasium/utils/passive_env_checker.py:129: UserWarning: [33mWARN: The obs returned by the `step()` method was expecting a numpy array, actual type: <class 'torch.Tensor'>[0m
  logger.warn(
/workspace/r10/env_old/lib/python3.12/site-packages/gymnasium/spaces/box.py:415: UserWarning: [33mWARN: Casting input x to numpy array.[0m
  gym.logger.warn("Casting input x to numpy array.")
/workspace/r10/env_old/lib/python3.12/site-packages/gymnasium/utils/passive_env_checker.py:129: UserWarning: [33mWARN: The obs returned by the `reset()` method was expecting a numpy array, actual type: <class 'torch.Tensor'>[0m
  logger.warn(
/workspace/r10/env_old/lib/python3.12/site-packages/gymnasium/spaces/box.py:415: UserWarning: [33mWARN: Casting input x to numpy array.[0m
  gym.logger.warn("Casting input x to numpy array.")
CEM solve time: 1.5807 seconds
/workspace/r10/env_old/lib/python3.12/site-packages/gymnasium/utils/passive_env_checker.py:129: UserWarning: [33mWARN: The obs returned by the `step()` method was expecting a numpy array, actual type: <class 'torch.Tensor'>[0m
  logger.warn(
/workspace/r10/env_old/lib/python3.12/site-packages/gymnasium/spaces/box.py:415: UserWarning: [33mWARN: Casting input x to numpy array.[0m
  gym.logger.warn("Casting input x to numpy array.")
{"completed": 85, "missing": 0, "case": "R8_tworoom_037985ace4b830f6fc862011", "arm": "REFIT_103202", "stream": "R3_ORIGINAL", "mode": "H_REAL3_REPLAN"}
/workspace/r10/env_old/lib/python3.12/site-packages/gymnasium/utils/passive_env_checker.py:129: UserWarning: [33mWARN: The obs returned by the `reset()` method was expecting a numpy array, actual type: <class 'torch.Tensor'>[0m
  logger.warn(
/workspace/r10/env_old/lib/python3.12/site-packages/gymnasium/spaces/box.py:415: UserWarning: [33mWARN: Casting input x to numpy array.[0m
  gym.logger.warn("Casting input x to numpy array.")
CEM solve time: 1.5699 seconds
/workspace/r10/env_old/lib/python3.12/site-packages/gymnasium/utils/passive_env_checker.py:129: UserWarning: [33mWARN: The obs returned by the `step()` method was expecting a numpy array, actual type: <class 'torch.Tensor'>[0m
  logger.warn(
/workspace/r10/env_old/lib/python3.12/site-packages/gymnasium/spaces/box.py:415: UserWarning: [33mWARN: Casting input x to numpy array.[0m
  gym.logger.warn("Casting input x to numpy array.")
/workspace/r10/env_old/lib/python3.12/site-packages/gymnasium/utils/passive_env_checker.py:129: UserWarning: [33mWARN: The obs returned by the `reset()` method was expecting a numpy array, actual type: <class 'torch.Tensor'>[0m
  logger.warn(
/workspace/r10/env_old/lib/python3.12/site-packages/gymnasium/spaces/box.py:415: UserWarning: [33mWARN: Casting input x to numpy array.[0m
  gym.logger.warn("Casting input x to numpy array.")
CEM solve time: 1.6142 seconds
/workspace/r10/env_old/lib/python3.12/site-packages/gymnasium/utils/passive_env_checker.py:129: UserWarning: [33mWARN: The obs returned by the `step()` method was expecting a numpy array, actual type: <class 'torch.Tensor'>[0m
  logger.warn(
/workspace/r10/env_old/lib/python3.12/site-packages/gymnasium/spaces/box.py:415: UserWarning: [33mWARN: Casting input x to numpy array.[0m
  gym.logger.warn("Casting input x to numpy array.")
{"completed": 86, "missing": 0, "case": "R8_tworoom_037985ace4b830f6fc862011", "arm": "REFIT_103202", "stream": "R4_ALT_CEM_1", "mode": "H_REAL3_REPLAN"}
/workspace/r10/env_old/lib/python3.12/site-packages/gymnasium/utils/passive_env_checker.py:129: UserWarning: [33mWARN: The obs returned by the `reset()` method was expecting a numpy array, actual type: <class 'torch.Tensor'>[0m
  logger.warn(
/workspace/r10/env_old/lib/python3.12/site-packages/gymnasium/spaces/box.py:415: UserWarning: [33mWARN: Casting input x to numpy array.[0m
  gym.logger.warn("Casting input x to numpy array.")
CEM solve time: 1.5663 seconds
/workspace/r10/env_old/lib/python3.12/site-packages/gymnasium/utils/passive_env_checker.py:129: UserWarning: [33mWARN: The obs returned by the `step()` method was expecting a numpy array, actual type: <class 'torch.Tensor'>[0m
  logger.warn(
/workspace/r10/env_old/lib/python3.12/site-packages/gymnasium/spaces/box.py:415: UserWarning: [33mWARN: Casting input x to numpy array.[0m
  gym.logger.warn("Casting input x to numpy array.")
/workspace/r10/env_old/lib/python3.12/site-packages/gymnasium/utils/passive_env_checker.py:129: UserWarning: [33mWARN: The obs returned by the `reset()` method was expecting a numpy array, actual type: <class 'torch.Tensor'>[0m
  logger.warn(
/workspace/r10/env_old/lib/python3.12/site-packages/gymnasium/spaces/box.py:415: UserWarning: [33mWARN: Casting input x to numpy array.[0m
  gym.logger.warn("Casting input x to numpy array.")
CEM solve time: 1.5661 seconds
/workspace/r10/env_old/lib/python3.12/site-packages/gymnasium/utils/passive_env_checker.py:129: UserWarning: [33mWARN: The obs returned by the `step()` method was expecting a numpy array, actual type: <class 'torch.Tensor'>[0m
  logger.warn(
/workspace/r10/env_old/lib/python3.12/site-packages/gymnasium/spaces/box.py:415: UserWarning: [33mWARN: Casting input x to numpy array.[0m
  gym.logger.warn("Casting input x to numpy array.")
{"completed": 87, "missing": 0, "case": "R8_tworoom_037985ace4b830f6fc862011", "arm": "REFIT_103202", "stream": "R4_ALT_CEM_2", "mode": "H_REAL3_REPLAN"}
/workspace/r10/env_old/lib/python3.12/site-packages/gymnasium/utils/passive_env_checker.py:129: UserWarning: [33mWARN: The obs returned by the `reset()` method was expecting a numpy array, actual type: <class 'torch.Tensor'>[0m
  logger.warn(
/workspace/r10/env_old/lib/python3.12/site-packages/gymnasium/spaces/box.py:415: UserWarning: [33mWARN: Casting input x to numpy array.[0m
  gym.logger.warn("Casting input x to numpy array.")
CEM solve time: 1.5671 seconds
/workspace/r10/env_old/lib/python3.12/site-packages/gymnasium/utils/passive_env_checker.py:129: UserWarning: [33mWARN: The obs returned by the `step()` method was expecting a numpy array, actual type: <class 'torch.Tensor'>[0m
  logger.warn(
/workspace/r10/env_old/lib/python3.12/site-packages/gymnasium/spaces/box.py:415: UserWarning: [33mWARN: Casting input x to numpy array.[0m
  gym.logger.warn("Casting input x to numpy array.")
/workspace/r10/env_old/lib/python3.12/site-packages/gymnasium/utils/passive_env_checker.py:129: UserWarning: [33mWARN: The obs returned by the `reset()` method was expecting a numpy array, actual type: <class 'torch.Tensor'>[0m
  logger.warn(
/workspace/r10/env_old/lib/python3.12/site-packages/gymnasium/spaces/box.py:415: UserWarning: [33mWARN: Casting input x to numpy array.[0m
  gym.logger.warn("Casting input x to numpy array.")
CEM solve time: 1.5762 seconds
/workspace/r10/env_old/lib/python3.12/site-packages/gymnasium/utils/passive_env_checker.py:129: UserWarning: [33mWARN: The obs returned by the `step()` method was expecting a numpy array, actual type: <class 'torch.Tensor'>[0m
  logger.warn(
/workspace/r10/env_old/lib/python3.12/site-packages/gymnasium/spaces/box.py:415: UserWarning: [33mWARN: Casting input x to numpy array.[0m
  gym.logger.warn("Casting input x to numpy array.")
{"completed": 88, "missing": 0, "case": "R8_tworoom_04207223ae48ad8b58be3a7a", "arm": "REFIT_103202", "stream": "R3_ORIGINAL", "mode": "H_REAL3_REPLAN"}
/workspace/r10/env_old/lib/python3.12/site-packages/gymnasium/utils/passive_env_checker.py:129: UserWarning: [33mWARN: The obs returned by the `reset()` method was expecting a numpy array, actual type: <class 'torch.Tensor'>[0m
  logger.warn(
/workspace/r10/env_old/lib/python3.12/site-packages/gymnasium/spaces/box.py:415: UserWarning: [33mWARN: Casting input x to numpy array.[0m
  gym.logger.warn("Casting input x to numpy array.")
CEM solve time: 1.5689 seconds
/workspace/r10/env_old/lib/python3.12/site-packages/gymnasium/utils/passive_env_checker.py:129: UserWarning: [33mWARN: The obs returned by the `step()` method was expecting a numpy array, actual type: <class 'torch.Tensor'>[0m
  logger.warn(
/workspace/r10/env_old/lib/python3.12/site-packages/gymnasium/spaces/box.py:415: UserWarning: [33mWARN: Casting input x to numpy array.[0m
  gym.logger.warn("Casting input x to numpy array.")
/workspace/r10/env_old/lib/python3.12/site-packages/gymnasium/utils/passive_env_checker.py:129: UserWarning: [33mWARN: The obs returned by the `reset()` method was expecting a numpy array, actual type: <class 'torch.Tensor'>[0m
  logger.warn(
/workspace/r10/env_old/lib/python3.12/site-packages/gymnasium/spaces/box.py:415: UserWarning: [33mWARN: Casting input x to numpy array.[0m
  gym.logger.warn("Casting input x to numpy array.")
CEM solve time: 1.5662 seconds
/workspace/r10/env_old/lib/python3.12/site-packages/gymnasium/utils/passive_env_checker.py:129: UserWarning: [33mWARN: The obs returned by the `step()` method was expecting a numpy array, actual type: <class 'torch.Tensor'>[0m
  logger.warn(
/workspace/r10/env_old/lib/python3.12/site-packages/gymnasium/spaces/box.py:415: UserWarning: [33mWARN: Casting input x to numpy array.[0m
  gym.logger.warn("Casting input x to numpy array.")
{"completed": 89, "missing": 0, "case": "R8_tworoom_04207223ae48ad8b58be3a7a", "arm": "REFIT_103202", "stream": "R4_ALT_CEM_1", "mode": "H_REAL3_REPLAN"}
/workspace/r10/env_old/lib/python3.12/site-packages/gymnasium/utils/passive_env_checker.py:129: UserWarning: [33mWARN: The obs returned by the `reset()` method was expecting a numpy array, actual type: <class 'torch.Tensor'>[0m
  logger.warn(
/workspace/r10/env_old/lib/python3.12/site-packages/gymnasium/spaces/box.py:415: UserWarning: [33mWARN: Casting input x to numpy array.[0m
  gym.logger.warn("Casting input x to numpy array.")
CEM solve time: 1.5712 seconds
/workspace/r10/env_old/lib/python3.12/site-packages/gymnasium/utils/passive_env_checker.py:129: UserWarning: [33mWARN: The obs returned by the `step()` method was expecting a numpy array, actual type: <class 'torch.Tensor'>[0m
  logger.warn(
/workspace/r10/env_old/lib/python3.12/site-packages/gymnasium/spaces/box.py:415: UserWarning: [33mWARN: Casting input x to numpy array.[0m
  gym.logger.warn("Casting input x to numpy array.")
/workspace/r10/env_old/lib/python3.12/site-packages/gymnasium/utils/passive_env_checker.py:129: UserWarning: [33mWARN: The obs returned by the `reset()` method was expecting a numpy array, actual type: <class 'torch.Tensor'>[0m
  logger.warn(
/workspace/r10/env_old/lib/python3.12/site-packages/gymnasium/spaces/box.py:415: UserWarning: [33mWARN: Casting input x to numpy array.[0m
  gym.logger.warn("Casting input x to numpy array.")
CEM solve time: 1.5764 seconds
/workspace/r10/env_old/lib/python3.12/site-packages/gymnasium/utils/passive_env_checker.py:129: UserWarning: [33mWARN: The obs returned by the `step()` method was expecting a numpy array, actual type: <class 'torch.Tensor'>[0m
  logger.warn(
/workspace/r10/env_old/lib/python3.12/site-packages/gymnasium/spaces/box.py:415: UserWarning: [33mWARN: Casting input x to numpy array.[0m
  gym.logger.warn("Casting input x to numpy array.")
{"completed": 90, "missing": 0, "case": "R8_tworoom_04207223ae48ad8b58be3a7a", "arm": "REFIT_103202", "stream": "R4_ALT_CEM_2", "mode": "H_REAL3_REPLAN"}
/workspace/r10/env_old/lib/python3.12/site-packages/gymnasium/utils/passive_env_checker.py:129: UserWarning: [33mWARN: The obs returned by the `reset()` method was expecting a numpy array, actual type: <class 'torch.Tensor'>[0m
  logger.warn(
/workspace/r10/env_old/lib/python3.12/site-packages/gymnasium/spaces/box.py:415: UserWarning: [33mWARN: Casting input x to numpy array.[0m
  gym.logger.warn("Casting input x to numpy array.")
CEM solve time: 1.5632 seconds
/workspace/r10/env_old/lib/python3.12/site-packages/gymnasium/utils/passive_env_checker.py:129: UserWarning: [33mWARN: The obs returned by the `step()` method was expecting a numpy array, actual type: <class 'torch.Tensor'>[0m
  logger.warn(
/workspace/r10/env_old/lib/python3.12/site-packages/gymnasium/spaces/box.py:415: UserWarning: [33mWARN: Casting input x to numpy array.[0m
  gym.logger.warn("Casting input x to numpy array.")
/workspace/r10/env_old/lib/python3.12/site-packages/gymnasium/utils/passive_env_checker.py:129: UserWarning: [33mWARN: The obs returned by the `reset()` method was expecting a numpy array, actual type: <class 'torch.Tensor'>[0m
  logger.warn(
/workspace/r10/env_old/lib/python3.12/site-packages/gymnasium/spaces/box.py:415: UserWarning: [33mWARN: Casting input x to numpy array.[0m
  gym.logger.warn("Casting input x to numpy array.")
CEM solve time: 1.5762 seconds
/workspace/r10/env_old/lib/python3.12/site-packages/gymnasium/utils/passive_env_checker.py:129: UserWarning: [33mWARN: The obs returned by the `step()` method was expecting a numpy array, actual type: <class 'torch.Tensor'>[0m
  logger.warn(
/workspace/r10/env_old/lib/python3.12/site-packages/gymnasium/spaces/box.py:415: UserWarning: [33mWARN: Casting input x to numpy array.[0m
  gym.logger.warn("Casting input x to numpy array.")
{"completed": 91, "missing": 0, "case": "R8_tworoom_04fb0eb806c1c28fc14b3111", "arm": "REFIT_103202", "stream": "R3_ORIGINAL", "mode": "H_REAL3_REPLAN"}
/workspace/r10/env_old/lib/python3.12/site-packages/gymnasium/utils/passive_env_checker.py:129: UserWarning: [33mWARN: The obs returned by the `reset()` method was expecting a numpy array, actual type: <class 'torch.Tensor'>[0m
  logger.warn(
/workspace/r10/env_old/lib/python3.12/site-packages/gymnasium/spaces/box.py:415: UserWarning: [33mWARN: Casting input x to numpy array.[0m
  gym.logger.warn("Casting input x to numpy array.")
CEM solve time: 1.5754 seconds
/workspace/r10/env_old/lib/python3.12/site-packages/gymnasium/utils/passive_env_checker.py:129: UserWarning: [33mWARN: The obs returned by the `step()` method was expecting a numpy array, actual type: <class 'torch.Tensor'>[0m
  logger.warn(
/workspace/r10/env_old/lib/python3.12/site-packages/gymnasium/spaces/box.py:415: UserWarning: [33mWARN: Casting input x to numpy array.[0m
  gym.logger.warn("Casting input x to numpy array.")
/workspace/r10/env_old/lib/python3.12/site-packages/gymnasium/utils/passive_env_checker.py:129: UserWarning: [33mWARN: The obs returned by the `reset()` method was expecting a numpy array, actual type: <class 'torch.Tensor'>[0m
  logger.warn(
/workspace/r10/env_old/lib/python3.12/site-packages/gymnasium/spaces/box.py:415: UserWarning: [33mWARN: Casting input x to numpy array.[0m
  gym.logger.warn("Casting input x to numpy array.")
CEM solve time: 1.5815 seconds
/workspace/r10/env_old/lib/python3.12/site-packages/gymnasium/utils/passive_env_checker.py:129: UserWarning: [33mWARN: The obs returned by the `step()` method was expecting a numpy array, actual type: <class 'torch.Tensor'>[0m
  logger.warn(
/workspace/r10/env_old/lib/python3.12/site-packages/gymnasium/spaces/box.py:415: UserWarning: [33mWARN: Casting input x to numpy array.[0m
  gym.logger.warn("Casting input x to numpy array.")
{"completed": 92, "missing": 0, "case": "R8_tworoom_04fb0eb806c1c28fc14b3111", "arm": "REFIT_103202", "stream": "R4_ALT_CEM_1", "mode": "H_REAL3_REPLAN"}
/workspace/r10/env_old/lib/python3.12/site-packages/gymnasium/utils/passive_env_checker.py:129: UserWarning: [33mWARN: The obs returned by the `reset()` method was expecting a numpy array, actual type: <class 'torch.Tensor'>[0m
  logger.warn(
/workspace/r10/env_old/lib/python3.12/site-packages/gymnasium/spaces/box.py:415: UserWarning: [33mWARN: Casting input x to numpy array.[0m
  gym.logger.warn("Casting input x to numpy array.")
CEM solve time: 1.5724 seconds
/workspace/r10/env_old/lib/python3.12/site-packages/gymnasium/utils/passive_env_checker.py:129: UserWarning: [33mWARN: The obs returned by the `step()` method was expecting a numpy array, actual type: <class 'torch.Tensor'>[0m
  logger.warn(
/workspace/r10/env_old/lib/python3.12/site-packages/gymnasium/spaces/box.py:415: UserWarning: [33mWARN: Casting input x to numpy array.[0m
  gym.logger.warn("Casting input x to numpy array.")
/workspace/r10/env_old/lib/python3.12/site-packages/gymnasium/utils/passive_env_checker.py:129: UserWarning: [33mWARN: The obs returned by the `reset()` method was expecting a numpy array, actual type: <class 'torch.Tensor'>[0m
  logger.warn(
/workspace/r10/env_old/lib/python3.12/site-packages/gymnasium/spaces/box.py:415: UserWarning: [33mWARN: Casting input x to numpy array.[0m
  gym.logger.warn("Casting input x to numpy array.")
CEM solve time: 1.5693 seconds
/workspace/r10/env_old/lib/python3.12/site-packages/gymnasium/utils/passive_env_checker.py:129: UserWarning: [33mWARN: The obs returned by the `step()` method was expecting a numpy array, actual type: <class 'torch.Tensor'>[0m
  logger.warn(
/workspace/r10/env_old/lib/python3.12/site-packages/gymnasium/spaces/box.py:415: UserWarning: [33mWARN: Casting input x to numpy array.[0m
  gym.logger.warn("Casting input x to numpy array.")
{"completed": 93, "missing": 0, "case": "R8_tworoom_04fb0eb806c1c28fc14b3111", "arm": "REFIT_103202", "stream": "R4_ALT_CEM_2", "mode": "H_REAL3_REPLAN"}
/workspace/r10/env_old/lib/python3.12/site-packages/gymnasium/utils/passive_env_checker.py:129: UserWarning: [33mWARN: The obs returned by the `reset()` method was expecting a numpy array, actual type: <class 'torch.Tensor'>[0m
  logger.warn(
/workspace/r10/env_old/lib/python3.12/site-packages/gymnasium/spaces/box.py:415: UserWarning: [33mWARN: Casting input x to numpy array.[0m
  gym.logger.warn("Casting input x to numpy array.")
CEM solve time: 1.5665 seconds
/workspace/r10/env_old/lib/python3.12/site-packages/gymnasium/utils/passive_env_checker.py:129: UserWarning: [33mWARN: The obs returned by the `step()` method was expecting a numpy array, actual type: <class 'torch.Tensor'>[0m
  logger.warn(
/workspace/r10/env_old/lib/python3.12/site-packages/gymnasium/spaces/box.py:415: UserWarning: [33mWARN: Casting input x to numpy array.[0m
  gym.logger.warn("Casting input x to numpy array.")
/workspace/r10/env_old/lib/python3.12/site-packages/gymnasium/utils/passive_env_checker.py:129: UserWarning: [33mWARN: The obs returned by the `reset()` method was expecting a numpy array, actual type: <class 'torch.Tensor'>[0m
  logger.warn(
/workspace/r10/env_old/lib/python3.12/site-packages/gymnasium/spaces/box.py:415: UserWarning: [33mWARN: Casting input x to numpy array.[0m
  gym.logger.warn("Casting input x to numpy array.")
CEM solve time: 1.5652 seconds
/workspace/r10/env_old/lib/python3.12/site-packages/gymnasium/utils/passive_env_checker.py:129: UserWarning: [33mWARN: The obs returned by the `step()` method was expecting a numpy array, actual type: <class 'torch.Tensor'>[0m
  logger.warn(
/workspace/r10/env_old/lib/python3.12/site-packages/gymnasium/spaces/box.py:415: UserWarning: [33mWARN: Casting input x to numpy array.[0m
  gym.logger.warn("Casting input x to numpy array.")
{"completed": 94, "missing": 0, "case": "R8_tworoom_057a12046ff9a2a2fb35ff61", "arm": "REFIT_103202", "stream": "R3_ORIGINAL", "mode": "H_REAL3_REPLAN"}
/workspace/r10/env_old/lib/python3.12/site-packages/gymnasium/utils/passive_env_checker.py:129: UserWarning: [33mWARN: The obs returned by the `reset()` method was expecting a numpy array, actual type: <class 'torch.Tensor'>[0m
  logger.warn(
/workspace/r10/env_old/lib/python3.12/site-packages/gymnasium/spaces/box.py:415: UserWarning: [33mWARN: Casting input x to numpy array.[0m
  gym.logger.warn("Casting input x to numpy array.")
CEM solve time: 1.5838 seconds
/workspace/r10/env_old/lib/python3.12/site-packages/gymnasium/utils/passive_env_checker.py:129: UserWarning: [33mWARN: The obs returned by the `step()` method was expecting a numpy array, actual type: <class 'torch.Tensor'>[0m
  logger.warn(
/workspace/r10/env_old/lib/python3.12/site-packages/gymnasium/spaces/box.py:415: UserWarning: [33mWARN: Casting input x to numpy array.[0m
  gym.logger.warn("Casting input x to numpy array.")
/workspace/r10/env_old/lib/python3.12/site-packages/gymnasium/utils/passive_env_checker.py:129: UserWarning: [33mWARN: The obs returned by the `reset()` method was expecting a numpy array, actual type: <class 'torch.Tensor'>[0m
  logger.warn(
/workspace/r10/env_old/lib/python3.12/site-packages/gymnasium/spaces/box.py:415: UserWarning: [33mWARN: Casting input x to numpy array.[0m
  gym.logger.warn("Casting input x to numpy array.")
CEM solve time: 1.5978 seconds
/workspace/r10/env_old/lib/python3.12/site-packages/gymnasium/utils/passive_env_checker.py:129: UserWarning: [33mWARN: The obs returned by the `step()` method was expecting a numpy array, actual type: <class 'torch.Tensor'>[0m
  logger.warn(
/workspace/r10/env_old/lib/python3.12/site-packages/gymnasium/spaces/box.py:415: UserWarning: [33mWARN: Casting input x to numpy array.[0m
  gym.logger.warn("Casting input x to numpy array.")
{"completed": 95, "missing": 0, "case": "R8_tworoom_057a12046ff9a2a2fb35ff61", "arm": "REFIT_103202", "stream": "R4_ALT_CEM_1", "mode": "H_REAL3_REPLAN"}
/workspace/r10/env_old/lib/python3.12/site-packages/gymnasium/utils/passive_env_checker.py:129: UserWarning: [33mWARN: The obs returned by the `reset()` method was expecting a numpy array, actual type: <class 'torch.Tensor'>[0m
  logger.warn(
/workspace/r10/env_old/lib/python3.12/site-packages/gymnasium/spaces/box.py:415: UserWarning: [33mWARN: Casting input x to numpy array.[0m
  gym.logger.warn("Casting input x to numpy array.")
CEM solve time: 1.5708 seconds
/workspace/r10/env_old/lib/python3.12/site-packages/gymnasium/utils/passive_env_checker.py:129: UserWarning: [33mWARN: The obs returned by the `step()` method was expecting a numpy array, actual type: <class 'torch.Tensor'>[0m
  logger.warn(
/workspace/r10/env_old/lib/python3.12/site-packages/gymnasium/spaces/box.py:415: UserWarning: [33mWARN: Casting input x to numpy array.[0m
  gym.logger.warn("Casting input x to numpy array.")
CEM solve time: 1.5704 seconds
/workspace/r10/env_old/lib/python3.12/site-packages/gymnasium/utils/passive_env_checker.py:129: UserWarning: [33mWARN: The obs returned by the `reset()` method was expecting a numpy array, actual type: <class 'torch.Tensor'>[0m
  logger.warn(
/workspace/r10/env_old/lib/python3.12/site-packages/gymnasium/spaces/box.py:415: UserWarning: [33mWARN: Casting input x to numpy array.[0m
  gym.logger.warn("Casting input x to numpy array.")
CEM solve time: 1.5648 seconds
/workspace/r10/env_old/lib/python3.12/site-packages/gymnasium/utils/passive_env_checker.py:129: UserWarning: [33mWARN: The obs returned by the `step()` method was expecting a numpy array, actual type: <class 'torch.Tensor'>[0m
  logger.warn(
/workspace/r10/env_old/lib/python3.12/site-packages/gymnasium/spaces/box.py:415: UserWarning: [33mWARN: Casting input x to numpy array.[0m
  gym.logger.warn("Casting input x to numpy array.")
CEM solve time: 1.5834 seconds
{"completed": 96, "missing": 0, "case": "R8_tworoom_057a12046ff9a2a2fb35ff61", "arm": "REFIT_103202", "stream": "R4_ALT_CEM_2", "mode": "H_REAL3_REPLAN"}
/workspace/r10/env_old/lib/python3.12/site-packages/gymnasium/utils/passive_env_checker.py:129: UserWarning: [33mWARN: The obs returned by the `reset()` method was expecting a numpy array, actual type: <class 'torch.Tensor'>[0m
  logger.warn(
/workspace/r10/env_old/lib/python3.12/site-packages/gymnasium/spaces/box.py:415: UserWarning: [33mWARN: Casting input x to numpy array.[0m
  gym.logger.warn("Casting input x to numpy array.")
CEM solve time: 1.5960 seconds
/workspace/r10/env_old/lib/python3.12/site-packages/gymnasium/utils/passive_env_checker.py:129: UserWarning: [33mWARN: The obs returned by the `step()` method was expecting a numpy array, actual type: <class 'torch.Tensor'>[0m
  logger.warn(
/workspace/r10/env_old/lib/python3.12/site-packages/gymnasium/spaces/box.py:415: UserWarning: [33mWARN: Casting input x to numpy array.[0m
  gym.logger.warn("Casting input x to numpy array.")
CEM solve time: 1.5708 seconds
/workspace/r10/env_old/lib/python3.12/site-packages/gymnasium/utils/passive_env_checker.py:129: UserWarning: [33mWARN: The obs returned by the `reset()` method was expecting a numpy array, actual type: <class 'torch.Tensor'>[0m
  logger.warn(
/workspace/r10/env_old/lib/python3.12/site-packages/gymnasium/spaces/box.py:415: UserWarning: [33mWARN: Casting input x to numpy array.[0m
  gym.logger.warn("Casting input x to numpy array.")
CEM solve time: 1.5717 seconds
/workspace/r10/env_old/lib/python3.12/site-packages/gymnasium/utils/passive_env_checker.py:129: UserWarning: [33mWARN: The obs returned by the `step()` method was expecting a numpy array, actual type: <class 'torch.Tensor'>[0m
  logger.warn(
/workspace/r10/env_old/lib/python3.12/site-packages/gymnasium/spaces/box.py:415: UserWarning: [33mWARN: Casting input x to numpy array.[0m
  gym.logger.warn("Casting input x to numpy array.")
CEM solve time: 1.5814 seconds
{"completed": 97, "missing": 0, "case": "R8_tworoom_063489a641b297bf5d297abc", "arm": "REFIT_103202", "stream": "R3_ORIGINAL", "mode": "H_REAL3_REPLAN"}
/workspace/r10/env_old/lib/python3.12/site-packages/gymnasium/utils/passive_env_checker.py:129: UserWarning: [33mWARN: The obs returned by the `reset()` method was expecting a numpy array, actual type: <class 'torch.Tensor'>[0m
  logger.warn(
/workspace/r10/env_old/lib/python3.12/site-packages/gymnasium/spaces/box.py:415: UserWarning: [33mWARN: Casting input x to numpy array.[0m
  gym.logger.warn("Casting input x to numpy array.")
CEM solve time: 1.5841 seconds
/workspace/r10/env_old/lib/python3.12/site-packages/gymnasium/utils/passive_env_checker.py:129: UserWarning: [33mWARN: The obs returned by the `step()` method was expecting a numpy array, actual type: <class 'torch.Tensor'>[0m
  logger.warn(
/workspace/r10/env_old/lib/python3.12/site-packages/gymnasium/spaces/box.py:415: UserWarning: [33mWARN: Casting input x to numpy array.[0m
  gym.logger.warn("Casting input x to numpy array.")
CEM solve time: 1.5595 seconds
/workspace/r10/env_old/lib/python3.12/site-packages/gymnasium/utils/passive_env_checker.py:129: UserWarning: [33mWARN: The obs returned by the `reset()` method was expecting a numpy array, actual type: <class 'torch.Tensor'>[0m
  logger.warn(
/workspace/r10/env_old/lib/python3.12/site-packages/gymnasium/spaces/box.py:415: UserWarning: [33mWARN: Casting input x to numpy array.[0m
  gym.logger.warn("Casting input x to numpy array.")
CEM solve time: 1.5918 seconds
/workspace/r10/env_old/lib/python3.12/site-packages/gymnasium/utils/passive_env_checker.py:129: UserWarning: [33mWARN: The obs returned by the `step()` method was expecting a numpy array, actual type: <class 'torch.Tensor'>[0m
  logger.warn(
/workspace/r10/env_old/lib/python3.12/site-packages/gymnasium/spaces/box.py:415: UserWarning: [33mWARN: Casting input x to numpy array.[0m
  gym.logger.warn("Casting input x to numpy array.")
CEM solve time: 1.6061 seconds
{"completed": 98, "missing": 0, "case": "R8_tworoom_063489a641b297bf5d297abc", "arm": "REFIT_103202", "stream": "R4_ALT_CEM_1", "mode": "H_REAL3_REPLAN"}
/workspace/r10/env_old/lib/python3.12/site-packages/gymnasium/utils/passive_env_checker.py:129: UserWarning: [33mWARN: The obs returned by the `reset()` method was expecting a numpy array, actual type: <class 'torch.Tensor'>[0m
  logger.warn(
/workspace/r10/env_old/lib/python3.12/site-packages/gymnasium/spaces/box.py:415: UserWarning: [33mWARN: Casting input x to numpy array.[0m
  gym.logger.warn("Casting input x to numpy array.")
CEM solve time: 1.5745 seconds
/workspace/r10/env_old/lib/python3.12/site-packages/gymnasium/utils/passive_env_checker.py:129: UserWarning: [33mWARN: The obs returned by the `step()` method was expecting a numpy array, actual type: <class 'torch.Tensor'>[0m
  logger.warn(
/workspace/r10/env_old/lib/python3.12/site-packages/gymnasium/spaces/box.py:415: UserWarning: [33mWARN: Casting input x to numpy array.[0m
  gym.logger.warn("Casting input x to numpy array.")
CEM solve time: 1.5674 seconds
/workspace/r10/env_old/lib/python3.12/site-packages/gymnasium/utils/passive_env_checker.py:129: UserWarning: [33mWARN: The obs returned by the `reset()` method was expecting a numpy array, actual type: <class 'torch.Tensor'>[0m
  logger.warn(
/workspace/r10/env_old/lib/python3.12/site-packages/gymnasium/spaces/box.py:415: UserWarning: [33mWARN: Casting input x to numpy array.[0m
  gym.logger.warn("Casting input x to numpy array.")
CEM solve time: 1.5713 seconds
/workspace/r10/env_old/lib/python3.12/site-packages/gymnasium/utils/passive_env_checker.py:129: UserWarning: [33mWARN: The obs returned by the `step()` method was expecting a numpy array, actual type: <class 'torch.Tensor'>[0m
  logger.warn(
/workspace/r10/env_old/lib/python3.12/site-packages/gymnasium/spaces/box.py:415: UserWarning: [33mWARN: Casting input x to numpy array.[0m
  gym.logger.warn("Casting input x to numpy array.")
CEM solve time: 1.6290 seconds
{"completed": 99, "missing": 0, "case": "R8_tworoom_063489a641b297bf5d297abc", "arm": "REFIT_103202", "stream": "R4_ALT_CEM_2", "mode": "H_REAL3_REPLAN"}
/workspace/r10/env_old/lib/python3.12/site-packages/gymnasium/utils/passive_env_checker.py:129: UserWarning: [33mWARN: The obs returned by the `reset()` method was expecting a numpy array, actual type: <class 'torch.Tensor'>[0m
  logger.warn(
/workspace/r10/env_old/lib/python3.12/site-packages/gymnasium/spaces/box.py:415: UserWarning: [33mWARN: Casting input x to numpy array.[0m
  gym.logger.warn("Casting input x to numpy array.")
CEM solve time: 1.5838 seconds
/workspace/r10/env_old/lib/python3.12/site-packages/gymnasium/utils/passive_env_checker.py:129: UserWarning: [33mWARN: The obs returned by the `step()` method was expecting a numpy array, actual type: <class 'torch.Tensor'>[0m
  logger.warn(
/workspace/r10/env_old/lib/python3.12/site-packages/gymnasium/spaces/box.py:415: UserWarning: [33mWARN: Casting input x to numpy array.[0m
  gym.logger.warn("Casting input x to numpy array.")
CEM solve time: 1.5762 seconds
/workspace/r10/env_old/lib/python3.12/site-packages/gymnasium/utils/passive_env_checker.py:129: UserWarning: [33mWARN: The obs returned by the `reset()` method was expecting a numpy array, actual type: <class 'torch.Tensor'>[0m
  logger.warn(
/workspace/r10/env_old/lib/python3.12/site-packages/gymnasium/spaces/box.py:415: UserWarning: [33mWARN: Casting input x to numpy array.[0m
  gym.logger.warn("Casting input x to numpy array.")
CEM solve time: 1.6191 seconds
/workspace/r10/env_old/lib/python3.12/site-packages/gymnasium/utils/passive_env_checker.py:129: UserWarning: [33mWARN: The obs returned by the `step()` method was expecting a numpy array, actual type: <class 'torch.Tensor'>[0m
  logger.warn(
/workspace/r10/env_old/lib/python3.12/site-packages/gymnasium/spaces/box.py:415: UserWarning: [33mWARN: Casting input x to numpy array.[0m
  gym.logger.warn("Casting input x to numpy array.")
CEM solve time: 1.5818 seconds
{"completed": 100, "missing": 0, "case": "R8_tworoom_07275f3ed8b48418157c07d4", "arm": "REFIT_103202", "stream": "R3_ORIGINAL", "mode": "H_REAL3_REPLAN"}
/workspace/r10/env_old/lib/python3.12/site-packages/gymnasium/utils/passive_env_checker.py:129: UserWarning: [33mWARN: The obs returned by the `reset()` method was expecting a numpy array, actual type: <class 'torch.Tensor'>[0m
  logger.warn(
/workspace/r10/env_old/lib/python3.12/site-packages/gymnasium/spaces/box.py:415: UserWarning: [33mWARN: Casting input x to numpy array.[0m
  gym.logger.warn("Casting input x to numpy array.")
CEM solve time: 1.5838 seconds
/workspace/r10/env_old/lib/python3.12/site-packages/gymnasium/utils/passive_env_checker.py:129: UserWarning: [33mWARN: The obs returned by the `step()` method was expecting a numpy array, actual type: <class 'torch.Tensor'>[0m
  logger.warn(
/workspace/r10/env_old/lib/python3.12/site-packages/gymnasium/spaces/box.py:415: UserWarning: [33mWARN: Casting input x to numpy array.[0m
  gym.logger.warn("Casting input x to numpy array.")
/workspace/r10/env_old/lib/python3.12/site-packages/gymnasium/utils/passive_env_checker.py:129: UserWarning: [33mWARN: The obs returned by the `reset()` method was expecting a numpy array, actual type: <class 'torch.Tensor'>[0m
  logger.warn(
/workspace/r10/env_old/lib/python3.12/site-packages/gymnasium/spaces/box.py:415: UserWarning: [33mWARN: Casting input x to numpy array.[0m
  gym.logger.warn("Casting input x to numpy array.")
CEM solve time: 1.5880 seconds
/workspace/r10/env_old/lib/python3.12/site-packages/gymnasium/utils/passive_env_checker.py:129: UserWarning: [33mWARN: The obs returned by the `step()` method was expecting a numpy array, actual type: <class 'torch.Tensor'>[0m
  logger.warn(
/workspace/r10/env_old/lib/python3.12/site-packages/gymnasium/spaces/box.py:415: UserWarning: [33mWARN: Casting input x to numpy array.[0m
  gym.logger.warn("Casting input x to numpy array.")
{"completed": 101, "missing": 0, "case": "R8_tworoom_07275f3ed8b48418157c07d4", "arm": "REFIT_103202", "stream": "R4_ALT_CEM_1", "mode": "H_REAL3_REPLAN"}
/workspace/r10/env_old/lib/python3.12/site-packages/gymnasium/utils/passive_env_checker.py:129: UserWarning: [33mWARN: The obs returned by the `reset()` method was expecting a numpy array, actual type: <class 'torch.Tensor'>[0m
  logger.warn(
/workspace/r10/env_old/lib/python3.12/site-packages/gymnasium/spaces/box.py:415: UserWarning: [33mWARN: Casting input x to numpy array.[0m
  gym.logger.warn("Casting input x to numpy array.")
CEM solve time: 1.5919 seconds
/workspace/r10/env_old/lib/python3.12/site-packages/gymnasium/utils/passive_env_checker.py:129: UserWarning: [33mWARN: The obs returned by the `step()` method was expecting a numpy array, actual type: <class 'torch.Tensor'>[0m
  logger.warn(
/workspace/r10/env_old/lib/python3.12/site-packages/gymnasium/spaces/box.py:415: UserWarning: [33mWARN: Casting input x to numpy array.[0m
  gym.logger.warn("Casting input x to numpy array.")
/workspace/r10/env_old/lib/python3.12/site-packages/gymnasium/utils/passive_env_checker.py:129: UserWarning: [33mWARN: The obs returned by the `reset()` method was expecting a numpy array, actual type: <class 'torch.Tensor'>[0m
  logger.warn(
/workspace/r10/env_old/lib/python3.12/site-packages/gymnasium/spaces/box.py:415: UserWarning: [33mWARN: Casting input x to numpy array.[0m
  gym.logger.warn("Casting input x to numpy array.")
CEM solve time: 1.5718 seconds
/workspace/r10/env_old/lib/python3.12/site-packages/gymnasium/utils/passive_env_checker.py:129: UserWarning: [33mWARN: The obs returned by the `step()` method was expecting a numpy array, actual type: <class 'torch.Tensor'>[0m
  logger.warn(
/workspace/r10/env_old/lib/python3.12/site-packages/gymnasium/spaces/box.py:415: UserWarning: [33mWARN: Casting input x to numpy array.[0m
  gym.logger.warn("Casting input x to numpy array.")
{"completed": 102, "missing": 0, "case": "R8_tworoom_07275f3ed8b48418157c07d4", "arm": "REFIT_103202", "stream": "R4_ALT_CEM_2", "mode": "H_REAL3_REPLAN"}
/workspace/r10/env_old/lib/python3.12/site-packages/gymnasium/utils/passive_env_checker.py:129: UserWarning: [33mWARN: The obs returned by the `reset()` method was expecting a numpy array, actual type: <class 'torch.Tensor'>[0m
  logger.warn(
/workspace/r10/env_old/lib/python3.12/site-packages/gymnasium/spaces/box.py:415: UserWarning: [33mWARN: Casting input x to numpy array.[0m
  gym.logger.warn("Casting input x to numpy array.")
CEM solve time: 1.5904 seconds
/workspace/r10/env_old/lib/python3.12/site-packages/gymnasium/utils/passive_env_checker.py:129: UserWarning: [33mWARN: The obs returned by the `step()` method was expecting a numpy array, actual type: <class 'torch.Tensor'>[0m
  logger.warn(
/workspace/r10/env_old/lib/python3.12/site-packages/gymnasium/spaces/box.py:415: UserWarning: [33mWARN: Casting input x to numpy array.[0m
  gym.logger.warn("Casting input x to numpy array.")
CEM solve time: 1.5687 seconds
/workspace/r10/env_old/lib/python3.12/site-packages/gymnasium/utils/passive_env_checker.py:129: UserWarning: [33mWARN: The obs returned by the `reset()` method was expecting a numpy array, actual type: <class 'torch.Tensor'>[0m
  logger.warn(
/workspace/r10/env_old/lib/python3.12/site-packages/gymnasium/spaces/box.py:415: UserWarning: [33mWARN: Casting input x to numpy array.[0m
  gym.logger.warn("Casting input x to numpy array.")
CEM solve time: 1.5640 seconds
/workspace/r10/env_old/lib/python3.12/site-packages/gymnasium/utils/passive_env_checker.py:129: UserWarning: [33mWARN: The obs returned by the `step()` method was expecting a numpy array, actual type: <class 'torch.Tensor'>[0m
  logger.warn(
/workspace/r10/env_old/lib/python3.12/site-packages/gymnasium/spaces/box.py:415: UserWarning: [33mWARN: Casting input x to numpy array.[0m
  gym.logger.warn("Casting input x to numpy array.")
CEM solve time: 1.5796 seconds
{"completed": 103, "missing": 0, "case": "R8_tworoom_079ace4574dabaf5a9dd4436", "arm": "REFIT_103202", "stream": "R3_ORIGINAL", "mode": "H_REAL3_REPLAN"}
/workspace/r10/env_old/lib/python3.12/site-packages/gymnasium/utils/passive_env_checker.py:129: UserWarning: [33mWARN: The obs returned by the `reset()` method was expecting a numpy array, actual type: <class 'torch.Tensor'>[0m
  logger.warn(
/workspace/r10/env_old/lib/python3.12/site-packages/gymnasium/spaces/box.py:415: UserWarning: [33mWARN: Casting input x to numpy array.[0m
  gym.logger.warn("Casting input x to numpy array.")
CEM solve time: 1.5736 seconds
/workspace/r10/env_old/lib/python3.12/site-packages/gymnasium/utils/passive_env_checker.py:129: UserWarning: [33mWARN: The obs returned by the `step()` method was expecting a numpy array, actual type: <class 'torch.Tensor'>[0m
  logger.warn(
/workspace/r10/env_old/lib/python3.12/site-packages/gymnasium/spaces/box.py:415: UserWarning: [33mWARN: Casting input x to numpy array.[0m
  gym.logger.warn("Casting input x to numpy array.")
CEM solve time: 1.5710 seconds
/workspace/r10/env_old/lib/python3.12/site-packages/gymnasium/utils/passive_env_checker.py:129: UserWarning: [33mWARN: The obs returned by the `reset()` method was expecting a numpy array, actual type: <class 'torch.Tensor'>[0m
  logger.warn(
/workspace/r10/env_old/lib/python3.12/site-packages/gymnasium/spaces/box.py:415: UserWarning: [33mWARN: Casting input x to numpy array.[0m
  gym.logger.warn("Casting input x to numpy array.")
CEM solve time: 1.5708 seconds
/workspace/r10/env_old/lib/python3.12/site-packages/gymnasium/utils/passive_env_checker.py:129: UserWarning: [33mWARN: The obs returned by the `step()` method was expecting a numpy array, actual type: <class 'torch.Tensor'>[0m
  logger.warn(
/workspace/r10/env_old/lib/python3.12/site-packages/gymnasium/spaces/box.py:415: UserWarning: [33mWARN: Casting input x to numpy array.[0m
  gym.logger.warn("Casting input x to numpy array.")
CEM solve time: 1.6019 seconds
{"completed": 104, "missing": 0, "case": "R8_tworoom_079ace4574dabaf5a9dd4436", "arm": "REFIT_103202", "stream": "R4_ALT_CEM_1", "mode": "H_REAL3_REPLAN"}
/workspace/r10/env_old/lib/python3.12/site-packages/gymnasium/utils/passive_env_checker.py:129: UserWarning: [33mWARN: The obs returned by the `reset()` method was expecting a numpy array, actual type: <class 'torch.Tensor'>[0m
  logger.warn(
/workspace/r10/env_old/lib/python3.12/site-packages/gymnasium/spaces/box.py:415: UserWarning: [33mWARN: Casting input x to numpy array.[0m
  gym.logger.warn("Casting input x to numpy array.")
CEM solve time: 1.5752 seconds
/workspace/r10/env_old/lib/python3.12/site-packages/gymnasium/utils/passive_env_checker.py:129: UserWarning: [33mWARN: The obs returned by the `step()` method was expecting a numpy array, actual type: <class 'torch.Tensor'>[0m
  logger.warn(
/workspace/r10/env_old/lib/python3.12/site-packages/gymnasium/spaces/box.py:415: UserWarning: [33mWARN: Casting input x to numpy array.[0m
  gym.logger.warn("Casting input x to numpy array.")
CEM solve time: 1.5637 seconds
/workspace/r10/env_old/lib/python3.12/site-packages/gymnasium/utils/passive_env_checker.py:129: UserWarning: [33mWARN: The obs returned by the `reset()` method was expecting a numpy array, actual type: <class 'torch.Tensor'>[0m
  logger.warn(
/workspace/r10/env_old/lib/python3.12/site-packages/gymnasium/spaces/box.py:415: UserWarning: [33mWARN: Casting input x to numpy array.[0m
  gym.logger.warn("Casting input x to numpy array.")
CEM solve time: 1.6012 seconds
/workspace/r10/env_old/lib/python3.12/site-packages/gymnasium/utils/passive_env_checker.py:129: UserWarning: [33mWARN: The obs returned by the `step()` method was expecting a numpy array, actual type: <class 'torch.Tensor'>[0m
  logger.warn(
/workspace/r10/env_old/lib/python3.12/site-packages/gymnasium/spaces/box.py:415: UserWarning: [33mWARN: Casting input x to numpy array.[0m
  gym.logger.warn("Casting input x to numpy array.")
CEM solve time: 1.5968 seconds
{"completed": 105, "missing": 0, "case": "R8_tworoom_079ace4574dabaf5a9dd4436", "arm": "REFIT_103202", "stream": "R4_ALT_CEM_2", "mode": "H_REAL3_REPLAN"}
/workspace/r10/env_old/lib/python3.12/site-packages/gymnasium/utils/passive_env_checker.py:129: UserWarning: [33mWARN: The obs returned by the `reset()` method was expecting a numpy array, actual type: <class 'torch.Tensor'>[0m
  logger.warn(
/workspace/r10/env_old/lib/python3.12/site-packages/gymnasium/spaces/box.py:415: UserWarning: [33mWARN: Casting input x to numpy array.[0m
  gym.logger.warn("Casting input x to numpy array.")
CEM solve time: 1.5763 seconds
/workspace/r10/env_old/lib/python3.12/site-packages/gymnasium/utils/passive_env_checker.py:129: UserWarning: [33mWARN: The obs returned by the `step()` method was expecting a numpy array, actual type: <class 'torch.Tensor'>[0m
  logger.warn(
/workspace/r10/env_old/lib/python3.12/site-packages/gymnasium/spaces/box.py:415: UserWarning: [33mWARN: Casting input x to numpy array.[0m
  gym.logger.warn("Casting input x to numpy array.")
CEM solve time: 1.5961 seconds
/workspace/r10/env_old/lib/python3.12/site-packages/gymnasium/utils/passive_env_checker.py:129: UserWarning: [33mWARN: The obs returned by the `reset()` method was expecting a numpy array, actual type: <class 'torch.Tensor'>[0m
  logger.warn(
/workspace/r10/env_old/lib/python3.12/site-packages/gymnasium/spaces/box.py:415: UserWarning: [33mWARN: Casting input x to numpy array.[0m
  gym.logger.warn("Casting input x to numpy array.")
CEM solve time: 1.5795 seconds
/workspace/r10/env_old/lib/python3.12/site-packages/gymnasium/utils/passive_env_checker.py:129: UserWarning: [33mWARN: The obs returned by the `step()` method was expecting a numpy array, actual type: <class 'torch.Tensor'>[0m
  logger.warn(
/workspace/r10/env_old/lib/python3.12/site-packages/gymnasium/spaces/box.py:415: UserWarning: [33mWARN: Casting input x to numpy array.[0m
  gym.logger.warn("Casting input x to numpy array.")
CEM solve time: 1.5775 seconds
{"completed": 106, "missing": 0, "case": "R8_tworoom_082e9b45e7283603ec99842f", "arm": "REFIT_103202", "stream": "R3_ORIGINAL", "mode": "H_REAL3_REPLAN"}
/workspace/r10/env_old/lib/python3.12/site-packages/gymnasium/utils/passive_env_checker.py:129: UserWarning: [33mWARN: The obs returned by the `reset()` method was expecting a numpy array, actual type: <class 'torch.Tensor'>[0m
  logger.warn(
/workspace/r10/env_old/lib/python3.12/site-packages/gymnasium/spaces/box.py:415: UserWarning: [33mWARN: Casting input x to numpy array.[0m
  gym.logger.warn("Casting input x to numpy array.")
CEM solve time: 1.5866 seconds
/workspace/r10/env_old/lib/python3.12/site-packages/gymnasium/utils/passive_env_checker.py:129: UserWarning: [33mWARN: The obs returned by the `step()` method was expecting a numpy array, actual type: <class 'torch.Tensor'>[0m
  logger.warn(
/workspace/r10/env_old/lib/python3.12/site-packages/gymnasium/spaces/box.py:415: UserWarning: [33mWARN: Casting input x to numpy array.[0m
  gym.logger.warn("Casting input x to numpy array.")
CEM solve time: 1.5754 seconds
/workspace/r10/env_old/lib/python3.12/site-packages/gymnasium/utils/passive_env_checker.py:129: UserWarning: [33mWARN: The obs returned by the `reset()` method was expecting a numpy array, actual type: <class 'torch.Tensor'>[0m
  logger.warn(
/workspace/r10/env_old/lib/python3.12/site-packages/gymnasium/spaces/box.py:415: UserWarning: [33mWARN: Casting input x to numpy array.[0m
  gym.logger.warn("Casting input x to numpy array.")
CEM solve time: 1.5727 seconds
/workspace/r10/env_old/lib/python3.12/site-packages/gymnasium/utils/passive_env_checker.py:129: UserWarning: [33mWARN: The obs returned by the `step()` method was expecting a numpy array, actual type: <class 'torch.Tensor'>[0m
  logger.warn(
/workspace/r10/env_old/lib/python3.12/site-packages/gymnasium/spaces/box.py:415: UserWarning: [33mWARN: Casting input x to numpy array.[0m
  gym.logger.warn("Casting input x to numpy array.")
CEM solve time: 1.5811 seconds
{"completed": 107, "missing": 0, "case": "R8_tworoom_082e9b45e7283603ec99842f", "arm": "REFIT_103202", "stream": "R4_ALT_CEM_1", "mode": "H_REAL3_REPLAN"}
/workspace/r10/env_old/lib/python3.12/site-packages/gymnasium/utils/passive_env_checker.py:129: UserWarning: [33mWARN: The obs returned by the `reset()` method was expecting a numpy array, actual type: <class 'torch.Tensor'>[0m
  logger.warn(
/workspace/r10/env_old/lib/python3.12/site-packages/gymnasium/spaces/box.py:415: UserWarning: [33mWARN: Casting input x to numpy array.[0m
  gym.logger.warn("Casting input x to numpy array.")
CEM solve time: 1.5801 seconds
/workspace/r10/env_old/lib/python3.12/site-packages/gymnasium/utils/passive_env_checker.py:129: UserWarning: [33mWARN: The obs returned by the `step()` method was expecting a numpy array, actual type: <class 'torch.Tensor'>[0m
  logger.warn(
/workspace/r10/env_old/lib/python3.12/site-packages/gymnasium/spaces/box.py:415: UserWarning: [33mWARN: Casting input x to numpy array.[0m
  gym.logger.warn("Casting input x to numpy array.")
CEM solve time: 1.5631 seconds
/workspace/r10/env_old/lib/python3.12/site-packages/gymnasium/utils/passive_env_checker.py:129: UserWarning: [33mWARN: The obs returned by the `reset()` method was expecting a numpy array, actual type: <class 'torch.Tensor'>[0m
  logger.warn(
/workspace/r10/env_old/lib/python3.12/site-packages/gymnasium/spaces/box.py:415: UserWarning: [33mWARN: Casting input x to numpy array.[0m
  gym.logger.warn("Casting input x to numpy array.")
CEM solve time: 1.5767 seconds
/workspace/r10/env_old/lib/python3.12/site-packages/gymnasium/utils/passive_env_checker.py:129: UserWarning: [33mWARN: The obs returned by the `step()` method was expecting a numpy array, actual type: <class 'torch.Tensor'>[0m
  logger.warn(
/workspace/r10/env_old/lib/python3.12/site-packages/gymnasium/spaces/box.py:415: UserWarning: [33mWARN: Casting input x to numpy array.[0m
  gym.logger.warn("Casting input x to numpy array.")
CEM solve time: 1.5950 seconds
{"completed": 108, "missing": 0, "case": "R8_tworoom_082e9b45e7283603ec99842f", "arm": "REFIT_103202", "stream": "R4_ALT_CEM_2", "mode": "H_REAL3_REPLAN"}
/workspace/r10/env_old/lib/python3.12/site-packages/gymnasium/utils/passive_env_checker.py:129: UserWarning: [33mWARN: The obs returned by the `reset()` method was expecting a numpy array, actual type: <class 'torch.Tensor'>[0m
  logger.warn(
/workspace/r10/env_old/lib/python3.12/site-packages/gymnasium/spaces/box.py:415: UserWarning: [33mWARN: Casting input x to numpy array.[0m
  gym.logger.warn("Casting input x to numpy array.")
CEM solve time: 1.5782 seconds
/workspace/r10/env_old/lib/python3.12/site-packages/gymnasium/utils/passive_env_checker.py:129: UserWarning: [33mWARN: The obs returned by the `step()` method was expecting a numpy array, actual type: <class 'torch.Tensor'>[0m
  logger.warn(
/workspace/r10/env_old/lib/python3.12/site-packages/gymnasium/spaces/box.py:415: UserWarning: [33mWARN: Casting input x to numpy array.[0m
  gym.logger.warn("Casting input x to numpy array.")
/workspace/r10/env_old/lib/python3.12/site-packages/gymnasium/utils/passive_env_checker.py:129: UserWarning: [33mWARN: The obs returned by the `reset()` method was expecting a numpy array, actual type: <class 'torch.Tensor'>[0m
  logger.warn(
/workspace/r10/env_old/lib/python3.12/site-packages/gymnasium/spaces/box.py:415: UserWarning: [33mWARN: Casting input x to numpy array.[0m
  gym.logger.warn("Casting input x to numpy array.")
CEM solve time: 1.5700 seconds
/workspace/r10/env_old/lib/python3.12/site-packages/gymnasium/utils/passive_env_checker.py:129: UserWarning: [33mWARN: The obs returned by the `step()` method was expecting a numpy array, actual type: <class 'torch.Tensor'>[0m
  logger.warn(
/workspace/r10/env_old/lib/python3.12/site-packages/gymnasium/spaces/box.py:415: UserWarning: [33mWARN: Casting input x to numpy array.[0m
  gym.logger.warn("Casting input x to numpy array.")
{"completed": 109, "missing": 0, "case": "R8_tworoom_00c6b02dc7fb880bcdfc7dda", "arm": "REFIT_103203", "stream": "R3_ORIGINAL", "mode": "H_REAL3_REPLAN"}
/workspace/r10/env_old/lib/python3.12/site-packages/gymnasium/utils/passive_env_checker.py:129: UserWarning: [33mWARN: The obs returned by the `reset()` method was expecting a numpy array, actual type: <class 'torch.Tensor'>[0m
  logger.warn(
/workspace/r10/env_old/lib/python3.12/site-packages/gymnasium/spaces/box.py:415: UserWarning: [33mWARN: Casting input x to numpy array.[0m
  gym.logger.warn("Casting input x to numpy array.")
CEM solve time: 1.5961 seconds
/workspace/r10/env_old/lib/python3.12/site-packages/gymnasium/utils/passive_env_checker.py:129: UserWarning: [33mWARN: The obs returned by the `step()` method was expecting a numpy array, actual type: <class 'torch.Tensor'>[0m
  logger.warn(
/workspace/r10/env_old/lib/python3.12/site-packages/gymnasium/spaces/box.py:415: UserWarning: [33mWARN: Casting input x to numpy array.[0m
  gym.logger.warn("Casting input x to numpy array.")
/workspace/r10/env_old/lib/python3.12/site-packages/gymnasium/utils/passive_env_checker.py:129: UserWarning: [33mWARN: The obs returned by the `reset()` method was expecting a numpy array, actual type: <class 'torch.Tensor'>[0m
  logger.warn(
/workspace/r10/env_old/lib/python3.12/site-packages/gymnasium/spaces/box.py:415: UserWarning: [33mWARN: Casting input x to numpy array.[0m
  gym.logger.warn("Casting input x to numpy array.")
CEM solve time: 1.5994 seconds
/workspace/r10/env_old/lib/python3.12/site-packages/gymnasium/utils/passive_env_checker.py:129: UserWarning: [33mWARN: The obs returned by the `step()` method was expecting a numpy array, actual type: <class 'torch.Tensor'>[0m
  logger.warn(
/workspace/r10/env_old/lib/python3.12/site-packages/gymnasium/spaces/box.py:415: UserWarning: [33mWARN: Casting input x to numpy array.[0m
  gym.logger.warn("Casting input x to numpy array.")
{"completed": 110, "missing": 0, "case": "R8_tworoom_00c6b02dc7fb880bcdfc7dda", "arm": "REFIT_103203", "stream": "R4_ALT_CEM_1", "mode": "H_REAL3_REPLAN"}
/workspace/r10/env_old/lib/python3.12/site-packages/gymnasium/utils/passive_env_checker.py:129: UserWarning: [33mWARN: The obs returned by the `reset()` method was expecting a numpy array, actual type: <class 'torch.Tensor'>[0m
  logger.warn(
/workspace/r10/env_old/lib/python3.12/site-packages/gymnasium/spaces/box.py:415: UserWarning: [33mWARN: Casting input x to numpy array.[0m
  gym.logger.warn("Casting input x to numpy array.")
CEM solve time: 1.5639 seconds
/workspace/r10/env_old/lib/python3.12/site-packages/gymnasium/utils/passive_env_checker.py:129: UserWarning: [33mWARN: The obs returned by the `step()` method was expecting a numpy array, actual type: <class 'torch.Tensor'>[0m
  logger.warn(
/workspace/r10/env_old/lib/python3.12/site-packages/gymnasium/spaces/box.py:415: UserWarning: [33mWARN: Casting input x to numpy array.[0m
  gym.logger.warn("Casting input x to numpy array.")
/workspace/r10/env_old/lib/python3.12/site-packages/gymnasium/utils/passive_env_checker.py:129: UserWarning: [33mWARN: The obs returned by the `reset()` method was expecting a numpy array, actual type: <class 'torch.Tensor'>[0m
  logger.warn(
/workspace/r10/env_old/lib/python3.12/site-packages/gymnasium/spaces/box.py:415: UserWarning: [33mWARN: Casting input x to numpy array.[0m
  gym.logger.warn("Casting input x to numpy array.")
CEM solve time: 1.5712 seconds
/workspace/r10/env_old/lib/python3.12/site-packages/gymnasium/utils/passive_env_checker.py:129: UserWarning: [33mWARN: The obs returned by the `step()` method was expecting a numpy array, actual type: <class 'torch.Tensor'>[0m
  logger.warn(
/workspace/r10/env_old/lib/python3.12/site-packages/gymnasium/spaces/box.py:415: UserWarning: [33mWARN: Casting input x to numpy array.[0m
  gym.logger.warn("Casting input x to numpy array.")
{"completed": 111, "missing": 0, "case": "R8_tworoom_00c6b02dc7fb880bcdfc7dda", "arm": "REFIT_103203", "stream": "R4_ALT_CEM_2", "mode": "H_REAL3_REPLAN"}
/workspace/r10/env_old/lib/python3.12/site-packages/gymnasium/utils/passive_env_checker.py:129: UserWarning: [33mWARN: The obs returned by the `reset()` method was expecting a numpy array, actual type: <class 'torch.Tensor'>[0m
  logger.warn(
/workspace/r10/env_old/lib/python3.12/site-packages/gymnasium/spaces/box.py:415: UserWarning: [33mWARN: Casting input x to numpy array.[0m
  gym.logger.warn("Casting input x to numpy array.")
CEM solve time: 1.5660 seconds
/workspace/r10/env_old/lib/python3.12/site-packages/gymnasium/utils/passive_env_checker.py:129: UserWarning: [33mWARN: The obs returned by the `step()` method was expecting a numpy array, actual type: <class 'torch.Tensor'>[0m
  logger.warn(
/workspace/r10/env_old/lib/python3.12/site-packages/gymnasium/spaces/box.py:415: UserWarning: [33mWARN: Casting input x to numpy array.[0m
  gym.logger.warn("Casting input x to numpy array.")
/workspace/r10/env_old/lib/python3.12/site-packages/gymnasium/utils/passive_env_checker.py:129: UserWarning: [33mWARN: The obs returned by the `reset()` method was expecting a numpy array, actual type: <class 'torch.Tensor'>[0m
  logger.warn(
/workspace/r10/env_old/lib/python3.12/site-packages/gymnasium/spaces/box.py:415: UserWarning: [33mWARN: Casting input x to numpy array.[0m
  gym.logger.warn("Casting input x to numpy array.")
CEM solve time: 1.5724 seconds
/workspace/r10/env_old/lib/python3.12/site-packages/gymnasium/utils/passive_env_checker.py:129: UserWarning: [33mWARN: The obs returned by the `step()` method was expecting a numpy array, actual type: <class 'torch.Tensor'>[0m
  logger.warn(
/workspace/r10/env_old/lib/python3.12/site-packages/gymnasium/spaces/box.py:415: UserWarning: [33mWARN: Casting input x to numpy array.[0m
  gym.logger.warn("Casting input x to numpy array.")
{"completed": 112, "missing": 0, "case": "R8_tworoom_01c16f34aa04119a3489ad0f", "arm": "REFIT_103203", "stream": "R3_ORIGINAL", "mode": "H_REAL3_REPLAN"}
/workspace/r10/env_old/lib/python3.12/site-packages/gymnasium/utils/passive_env_checker.py:129: UserWarning: [33mWARN: The obs returned by the `reset()` method was expecting a numpy array, actual type: <class 'torch.Tensor'>[0m
  logger.warn(
/workspace/r10/env_old/lib/python3.12/site-packages/gymnasium/spaces/box.py:415: UserWarning: [33mWARN: Casting input x to numpy array.[0m
  gym.logger.warn("Casting input x to numpy array.")
CEM solve time: 1.5717 seconds
/workspace/r10/env_old/lib/python3.12/site-packages/gymnasium/utils/passive_env_checker.py:129: UserWarning: [33mWARN: The obs returned by the `step()` method was expecting a numpy array, actual type: <class 'torch.Tensor'>[0m
  logger.warn(
/workspace/r10/env_old/lib/python3.12/site-packages/gymnasium/spaces/box.py:415: UserWarning: [33mWARN: Casting input x to numpy array.[0m
  gym.logger.warn("Casting input x to numpy array.")
/workspace/r10/env_old/lib/python3.12/site-packages/gymnasium/utils/passive_env_checker.py:129: UserWarning: [33mWARN: The obs returned by the `reset()` method was expecting a numpy array, actual type: <class 'torch.Tensor'>[0m
  logger.warn(
/workspace/r10/env_old/lib/python3.12/site-packages/gymnasium/spaces/box.py:415: UserWarning: [33mWARN: Casting input x to numpy array.[0m
  gym.logger.warn("Casting input x to numpy array.")
CEM solve time: 1.5972 seconds
/workspace/r10/env_old/lib/python3.12/site-packages/gymnasium/utils/passive_env_checker.py:129: UserWarning: [33mWARN: The obs returned by the `step()` method was expecting a numpy array, actual type: <class 'torch.Tensor'>[0m
  logger.warn(
/workspace/r10/env_old/lib/python3.12/site-packages/gymnasium/spaces/box.py:415: UserWarning: [33mWARN: Casting input x to numpy array.[0m
  gym.logger.warn("Casting input x to numpy array.")
{"completed": 113, "missing": 0, "case": "R8_tworoom_01c16f34aa04119a3489ad0f", "arm": "REFIT_103203", "stream": "R4_ALT_CEM_1", "mode": "H_REAL3_REPLAN"}
/workspace/r10/env_old/lib/python3.12/site-packages/gymnasium/utils/passive_env_checker.py:129: UserWarning: [33mWARN: The obs returned by the `reset()` method was expecting a numpy array, actual type: <class 'torch.Tensor'>[0m
  logger.warn(
/workspace/r10/env_old/lib/python3.12/site-packages/gymnasium/spaces/box.py:415: UserWarning: [33mWARN: Casting input x to numpy array.[0m
  gym.logger.warn("Casting input x to numpy array.")
CEM solve time: 1.5685 seconds
/workspace/r10/env_old/lib/python3.12/site-packages/gymnasium/utils/passive_env_checker.py:129: UserWarning: [33mWARN: The obs returned by the `step()` method was expecting a numpy array, actual type: <class 'torch.Tensor'>[0m
  logger.warn(
/workspace/r10/env_old/lib/python3.12/site-packages/gymnasium/spaces/box.py:415: UserWarning: [33mWARN: Casting input x to numpy array.[0m
  gym.logger.warn("Casting input x to numpy array.")
CEM solve time: 1.5705 seconds
/workspace/r10/env_old/lib/python3.12/site-packages/gymnasium/utils/passive_env_checker.py:129: UserWarning: [33mWARN: The obs returned by the `reset()` method was expecting a numpy array, actual type: <class 'torch.Tensor'>[0m
  logger.warn(
/workspace/r10/env_old/lib/python3.12/site-packages/gymnasium/spaces/box.py:415: UserWarning: [33mWARN: Casting input x to numpy array.[0m
  gym.logger.warn("Casting input x to numpy array.")
CEM solve time: 1.5856 seconds
/workspace/r10/env_old/lib/python3.12/site-packages/gymnasium/utils/passive_env_checker.py:129: UserWarning: [33mWARN: The obs returned by the `step()` method was expecting a numpy array, actual type: <class 'torch.Tensor'>[0m
  logger.warn(
/workspace/r10/env_old/lib/python3.12/site-packages/gymnasium/spaces/box.py:415: UserWarning: [33mWARN: Casting input x to numpy array.[0m
  gym.logger.warn("Casting input x to numpy array.")
CEM solve time: 1.5859 seconds
{"completed": 114, "missing": 0, "case": "R8_tworoom_01c16f34aa04119a3489ad0f", "arm": "REFIT_103203", "stream": "R4_ALT_CEM_2", "mode": "H_REAL3_REPLAN"}
/workspace/r10/env_old/lib/python3.12/site-packages/gymnasium/utils/passive_env_checker.py:129: UserWarning: [33mWARN: The obs returned by the `reset()` method was expecting a numpy array, actual type: <class 'torch.Tensor'>[0m
  logger.warn(
/workspace/r10/env_old/lib/python3.12/site-packages/gymnasium/spaces/box.py:415: UserWarning: [33mWARN: Casting input x to numpy array.[0m
  gym.logger.warn("Casting input x to numpy array.")
CEM solve time: 1.5606 seconds
/workspace/r10/env_old/lib/python3.12/site-packages/gymnasium/utils/passive_env_checker.py:129: UserWarning: [33mWARN: The obs returned by the `step()` method was expecting a numpy array, actual type: <class 'torch.Tensor'>[0m
  logger.warn(
/workspace/r10/env_old/lib/python3.12/site-packages/gymnasium/spaces/box.py:415: UserWarning: [33mWARN: Casting input x to numpy array.[0m
  gym.logger.warn("Casting input x to numpy array.")
CEM solve time: 1.5764 seconds
/workspace/r10/env_old/lib/python3.12/site-packages/gymnasium/utils/passive_env_checker.py:129: UserWarning: [33mWARN: The obs returned by the `reset()` method was expecting a numpy array, actual type: <class 'torch.Tensor'>[0m
  logger.warn(
/workspace/r10/env_old/lib/python3.12/site-packages/gymnasium/spaces/box.py:415: UserWarning: [33mWARN: Casting input x to numpy array.[0m
  gym.logger.warn("Casting input x to numpy array.")
CEM solve time: 1.5685 seconds
/workspace/r10/env_old/lib/python3.12/site-packages/gymnasium/utils/passive_env_checker.py:129: UserWarning: [33mWARN: The obs returned by the `step()` method was expecting a numpy array, actual type: <class 'torch.Tensor'>[0m
  logger.warn(
/workspace/r10/env_old/lib/python3.12/site-packages/gymnasium/spaces/box.py:415: UserWarning: [33mWARN: Casting input x to numpy array.[0m
  gym.logger.warn("Casting input x to numpy array.")
CEM solve time: 1.5958 seconds
{"completed": 115, "missing": 0, "case": "R8_tworoom_0242e4f12dfac63f79ddbe09", "arm": "REFIT_103203", "stream": "R3_ORIGINAL", "mode": "H_REAL3_REPLAN"}
/workspace/r10/env_old/lib/python3.12/site-packages/gymnasium/utils/passive_env_checker.py:129: UserWarning: [33mWARN: The obs returned by the `reset()` method was expecting a numpy array, actual type: <class 'torch.Tensor'>[0m
  logger.warn(
/workspace/r10/env_old/lib/python3.12/site-packages/gymnasium/spaces/box.py:415: UserWarning: [33mWARN: Casting input x to numpy array.[0m
  gym.logger.warn("Casting input x to numpy array.")
CEM solve time: 1.5710 seconds
/workspace/r10/env_old/lib/python3.12/site-packages/gymnasium/utils/passive_env_checker.py:129: UserWarning: [33mWARN: The obs returned by the `step()` method was expecting a numpy array, actual type: <class 'torch.Tensor'>[0m
  logger.warn(
/workspace/r10/env_old/lib/python3.12/site-packages/gymnasium/spaces/box.py:415: UserWarning: [33mWARN: Casting input x to numpy array.[0m
  gym.logger.warn("Casting input x to numpy array.")
CEM solve time: 1.5778 seconds
/workspace/r10/env_old/lib/python3.12/site-packages/gymnasium/utils/passive_env_checker.py:129: UserWarning: [33mWARN: The obs returned by the `reset()` method was expecting a numpy array, actual type: <class 'torch.Tensor'>[0m
  logger.warn(
/workspace/r10/env_old/lib/python3.12/site-packages/gymnasium/spaces/box.py:415: UserWarning: [33mWARN: Casting input x to numpy array.[0m
  gym.logger.warn("Casting input x to numpy array.")
CEM solve time: 1.5695 seconds
/workspace/r10/env_old/lib/python3.12/site-packages/gymnasium/utils/passive_env_checker.py:129: UserWarning: [33mWARN: The obs returned by the `step()` method was expecting a numpy array, actual type: <class 'torch.Tensor'>[0m
  logger.warn(
/workspace/r10/env_old/lib/python3.12/site-packages/gymnasium/spaces/box.py:415: UserWarning: [33mWARN: Casting input x to numpy array.[0m
  gym.logger.warn("Casting input x to numpy array.")
CEM solve time: 1.5817 seconds
{"completed": 116, "missing": 0, "case": "R8_tworoom_0242e4f12dfac63f79ddbe09", "arm": "REFIT_103203", "stream": "R4_ALT_CEM_1", "mode": "H_REAL3_REPLAN"}
/workspace/r10/env_old/lib/python3.12/site-packages/gymnasium/utils/passive_env_checker.py:129: UserWarning: [33mWARN: The obs returned by the `reset()` method was expecting a numpy array, actual type: <class 'torch.Tensor'>[0m
  logger.warn(
/workspace/r10/env_old/lib/python3.12/site-packages/gymnasium/spaces/box.py:415: UserWarning: [33mWARN: Casting input x to numpy array.[0m
  gym.logger.warn("Casting input x to numpy array.")
CEM solve time: 1.5871 seconds
/workspace/r10/env_old/lib/python3.12/site-packages/gymnasium/utils/passive_env_checker.py:129: UserWarning: [33mWARN: The obs returned by the `step()` method was expecting a numpy array, actual type: <class 'torch.Tensor'>[0m
  logger.warn(
/workspace/r10/env_old/lib/python3.12/site-packages/gymnasium/spaces/box.py:415: UserWarning: [33mWARN: Casting input x to numpy array.[0m
  gym.logger.warn("Casting input x to numpy array.")
CEM solve time: 1.5708 seconds
/workspace/r10/env_old/lib/python3.12/site-packages/gymnasium/utils/passive_env_checker.py:129: UserWarning: [33mWARN: The obs returned by the `reset()` method was expecting a numpy array, actual type: <class 'torch.Tensor'>[0m
  logger.warn(
/workspace/r10/env_old/lib/python3.12/site-packages/gymnasium/spaces/box.py:415: UserWarning: [33mWARN: Casting input x to numpy array.[0m
  gym.logger.warn("Casting input x to numpy array.")
CEM solve time: 1.5796 seconds
/workspace/r10/env_old/lib/python3.12/site-packages/gymnasium/utils/passive_env_checker.py:129: UserWarning: [33mWARN: The obs returned by the `step()` method was expecting a numpy array, actual type: <class 'torch.Tensor'>[0m
  logger.warn(
/workspace/r10/env_old/lib/python3.12/site-packages/gymnasium/spaces/box.py:415: UserWarning: [33mWARN: Casting input x to numpy array.[0m
  gym.logger.warn("Casting input x to numpy array.")
CEM solve time: 1.5828 seconds
{"completed": 117, "missing": 0, "case": "R8_tworoom_0242e4f12dfac63f79ddbe09", "arm": "REFIT_103203", "stream": "R4_ALT_CEM_2", "mode": "H_REAL3_REPLAN"}
/workspace/r10/env_old/lib/python3.12/site-packages/gymnasium/utils/passive_env_checker.py:129: UserWarning: [33mWARN: The obs returned by the `reset()` method was expecting a numpy array, actual type: <class 'torch.Tensor'>[0m
  logger.warn(
/workspace/r10/env_old/lib/python3.12/site-packages/gymnasium/spaces/box.py:415: UserWarning: [33mWARN: Casting input x to numpy array.[0m
  gym.logger.warn("Casting input x to numpy array.")
CEM solve time: 1.5740 seconds
/workspace/r10/env_old/lib/python3.12/site-packages/gymnasium/utils/passive_env_checker.py:129: UserWarning: [33mWARN: The obs returned by the `step()` method was expecting a numpy array, actual type: <class 'torch.Tensor'>[0m
  logger.warn(
/workspace/r10/env_old/lib/python3.12/site-packages/gymnasium/spaces/box.py:415: UserWarning: [33mWARN: Casting input x to numpy array.[0m
  gym.logger.warn("Casting input x to numpy array.")
/workspace/r10/env_old/lib/python3.12/site-packages/gymnasium/utils/passive_env_checker.py:129: UserWarning: [33mWARN: The obs returned by the `reset()` method was expecting a numpy array, actual type: <class 'torch.Tensor'>[0m
  logger.warn(
/workspace/r10/env_old/lib/python3.12/site-packages/gymnasium/spaces/box.py:415: UserWarning: [33mWARN: Casting input x to numpy array.[0m
  gym.logger.warn("Casting input x to numpy array.")
CEM solve time: 1.5714 seconds
/workspace/r10/env_old/lib/python3.12/site-packages/gymnasium/utils/passive_env_checker.py:129: UserWarning: [33mWARN: The obs returned by the `step()` method was expecting a numpy array, actual type: <class 'torch.Tensor'>[0m
  logger.warn(
/workspace/r10/env_old/lib/python3.12/site-packages/gymnasium/spaces/box.py:415: UserWarning: [33mWARN: Casting input x to numpy array.[0m
  gym.logger.warn("Casting input x to numpy array.")
{"completed": 118, "missing": 0, "case": "R8_tworoom_02d714c413bbbd0601fb4d3d", "arm": "REFIT_103203", "stream": "R3_ORIGINAL", "mode": "H_REAL3_REPLAN"}
/workspace/r10/env_old/lib/python3.12/site-packages/gymnasium/utils/passive_env_checker.py:129: UserWarning: [33mWARN: The obs returned by the `reset()` method was expecting a numpy array, actual type: <class 'torch.Tensor'>[0m
  logger.warn(
/workspace/r10/env_old/lib/python3.12/site-packages/gymnasium/spaces/box.py:415: UserWarning: [33mWARN: Casting input x to numpy array.[0m
  gym.logger.warn("Casting input x to numpy array.")
CEM solve time: 1.5783 seconds
/workspace/r10/env_old/lib/python3.12/site-packages/gymnasium/utils/passive_env_checker.py:129: UserWarning: [33mWARN: The obs returned by the `step()` method was expecting a numpy array, actual type: <class 'torch.Tensor'>[0m
  logger.warn(
/workspace/r10/env_old/lib/python3.12/site-packages/gymnasium/spaces/box.py:415: UserWarning: [33mWARN: Casting input x to numpy array.[0m
  gym.logger.warn("Casting input x to numpy array.")
/workspace/r10/env_old/lib/python3.12/site-packages/gymnasium/utils/passive_env_checker.py:129: UserWarning: [33mWARN: The obs returned by the `reset()` method was expecting a numpy array, actual type: <class 'torch.Tensor'>[0m
  logger.warn(
/workspace/r10/env_old/lib/python3.12/site-packages/gymnasium/spaces/box.py:415: UserWarning: [33mWARN: Casting input x to numpy array.[0m
  gym.logger.warn("Casting input x to numpy array.")
CEM solve time: 1.5662 seconds
/workspace/r10/env_old/lib/python3.12/site-packages/gymnasium/utils/passive_env_checker.py:129: UserWarning: [33mWARN: The obs returned by the `step()` method was expecting a numpy array, actual type: <class 'torch.Tensor'>[0m
  logger.warn(
/workspace/r10/env_old/lib/python3.12/site-packages/gymnasium/spaces/box.py:415: UserWarning: [33mWARN: Casting input x to numpy array.[0m
  gym.logger.warn("Casting input x to numpy array.")
{"completed": 119, "missing": 0, "case": "R8_tworoom_02d714c413bbbd0601fb4d3d", "arm": "REFIT_103203", "stream": "R4_ALT_CEM_1", "mode": "H_REAL3_REPLAN"}
/workspace/r10/env_old/lib/python3.12/site-packages/gymnasium/utils/passive_env_checker.py:129: UserWarning: [33mWARN: The obs returned by the `reset()` method was expecting a numpy array, actual type: <class 'torch.Tensor'>[0m
  logger.warn(
/workspace/r10/env_old/lib/python3.12/site-packages/gymnasium/spaces/box.py:415: UserWarning: [33mWARN: Casting input x to numpy array.[0m
  gym.logger.warn("Casting input x to numpy array.")
CEM solve time: 1.5646 seconds
/workspace/r10/env_old/lib/python3.12/site-packages/gymnasium/utils/passive_env_checker.py:129: UserWarning: [33mWARN: The obs returned by the `step()` method was expecting a numpy array, actual type: <class 'torch.Tensor'>[0m
  logger.warn(
/workspace/r10/env_old/lib/python3.12/site-packages/gymnasium/spaces/box.py:415: UserWarning: [33mWARN: Casting input x to numpy array.[0m
  gym.logger.warn("Casting input x to numpy array.")
/workspace/r10/env_old/lib/python3.12/site-packages/gymnasium/utils/passive_env_checker.py:129: UserWarning: [33mWARN: The obs returned by the `reset()` method was expecting a numpy array, actual type: <class 'torch.Tensor'>[0m
  logger.warn(
/workspace/r10/env_old/lib/python3.12/site-packages/gymnasium/spaces/box.py:415: UserWarning: [33mWARN: Casting input x to numpy array.[0m
  gym.logger.warn("Casting input x to numpy array.")
CEM solve time: 1.5699 seconds
/workspace/r10/env_old/lib/python3.12/site-packages/gymnasium/utils/passive_env_checker.py:129: UserWarning: [33mWARN: The obs returned by the `step()` method was expecting a numpy array, actual type: <class 'torch.Tensor'>[0m
  logger.warn(
/workspace/r10/env_old/lib/python3.12/site-packages/gymnasium/spaces/box.py:415: UserWarning: [33mWARN: Casting input x to numpy array.[0m
  gym.logger.warn("Casting input x to numpy array.")
{"completed": 120, "missing": 0, "case": "R8_tworoom_02d714c413bbbd0601fb4d3d", "arm": "REFIT_103203", "stream": "R4_ALT_CEM_2", "mode": "H_REAL3_REPLAN"}
/workspace/r10/env_old/lib/python3.12/site-packages/gymnasium/utils/passive_env_checker.py:129: UserWarning: [33mWARN: The obs returned by the `reset()` method was expecting a numpy array, actual type: <class 'torch.Tensor'>[0m
  logger.warn(
/workspace/r10/env_old/lib/python3.12/site-packages/gymnasium/spaces/box.py:415: UserWarning: [33mWARN: Casting input x to numpy array.[0m
  gym.logger.warn("Casting input x to numpy array.")
CEM solve time: 1.5789 seconds
/workspace/r10/env_old/lib/python3.12/site-packages/gymnasium/utils/passive_env_checker.py:129: UserWarning: [33mWARN: The obs returned by the `step()` method was expecting a numpy array, actual type: <class 'torch.Tensor'>[0m
  logger.warn(
/workspace/r10/env_old/lib/python3.12/site-packages/gymnasium/spaces/box.py:415: UserWarning: [33mWARN: Casting input x to numpy array.[0m
  gym.logger.warn("Casting input x to numpy array.")
/workspace/r10/env_old/lib/python3.12/site-packages/gymnasium/utils/passive_env_checker.py:129: UserWarning: [33mWARN: The obs returned by the `reset()` method was expecting a numpy array, actual type: <class 'torch.Tensor'>[0m
  logger.warn(
/workspace/r10/env_old/lib/python3.12/site-packages/gymnasium/spaces/box.py:415: UserWarning: [33mWARN: Casting input x to numpy array.[0m
  gym.logger.warn("Casting input x to numpy array.")
CEM solve time: 1.5719 seconds
/workspace/r10/env_old/lib/python3.12/site-packages/gymnasium/utils/passive_env_checker.py:129: UserWarning: [33mWARN: The obs returned by the `step()` method was expecting a numpy array, actual type: <class 'torch.Tensor'>[0m
  logger.warn(
/workspace/r10/env_old/lib/python3.12/site-packages/gymnasium/spaces/box.py:415: UserWarning: [33mWARN: Casting input x to numpy array.[0m
  gym.logger.warn("Casting input x to numpy array.")
{"completed": 121, "missing": 0, "case": "R8_tworoom_037985ace4b830f6fc862011", "arm": "REFIT_103203", "stream": "R3_ORIGINAL", "mode": "H_REAL3_REPLAN"}
/workspace/r10/env_old/lib/python3.12/site-packages/gymnasium/utils/passive_env_checker.py:129: UserWarning: [33mWARN: The obs returned by the `reset()` method was expecting a numpy array, actual type: <class 'torch.Tensor'>[0m
  logger.warn(
/workspace/r10/env_old/lib/python3.12/site-packages/gymnasium/spaces/box.py:415: UserWarning: [33mWARN: Casting input x to numpy array.[0m
  gym.logger.warn("Casting input x to numpy array.")
CEM solve time: 1.5602 seconds
/workspace/r10/env_old/lib/python3.12/site-packages/gymnasium/utils/passive_env_checker.py:129: UserWarning: [33mWARN: The obs returned by the `step()` method was expecting a numpy array, actual type: <class 'torch.Tensor'>[0m
  logger.warn(
/workspace/r10/env_old/lib/python3.12/site-packages/gymnasium/spaces/box.py:415: UserWarning: [33mWARN: Casting input x to numpy array.[0m
  gym.logger.warn("Casting input x to numpy array.")
/workspace/r10/env_old/lib/python3.12/site-packages/gymnasium/utils/passive_env_checker.py:129: UserWarning: [33mWARN: The obs returned by the `reset()` method was expecting a numpy array, actual type: <class 'torch.Tensor'>[0m
  logger.warn(
/workspace/r10/env_old/lib/python3.12/site-packages/gymnasium/spaces/box.py:415: UserWarning: [33mWARN: Casting input x to numpy array.[0m
  gym.logger.warn("Casting input x to numpy array.")
CEM solve time: 1.5843 seconds
/workspace/r10/env_old/lib/python3.12/site-packages/gymnasium/utils/passive_env_checker.py:129: UserWarning: [33mWARN: The obs returned by the `step()` method was expecting a numpy array, actual type: <class 'torch.Tensor'>[0m
  logger.warn(
/workspace/r10/env_old/lib/python3.12/site-packages/gymnasium/spaces/box.py:415: UserWarning: [33mWARN: Casting input x to numpy array.[0m
  gym.logger.warn("Casting input x to numpy array.")
{"completed": 122, "missing": 0, "case": "R8_tworoom_037985ace4b830f6fc862011", "arm": "REFIT_103203", "stream": "R4_ALT_CEM_1", "mode": "H_REAL3_REPLAN"}
/workspace/r10/env_old/lib/python3.12/site-packages/gymnasium/utils/passive_env_checker.py:129: UserWarning: [33mWARN: The obs returned by the `reset()` method was expecting a numpy array, actual type: <class 'torch.Tensor'>[0m
  logger.warn(
/workspace/r10/env_old/lib/python3.12/site-packages/gymnasium/spaces/box.py:415: UserWarning: [33mWARN: Casting input x to numpy array.[0m
  gym.logger.warn("Casting input x to numpy array.")
CEM solve time: 1.5625 seconds
/workspace/r10/env_old/lib/python3.12/site-packages/gymnasium/utils/passive_env_checker.py:129: UserWarning: [33mWARN: The obs returned by the `step()` method was expecting a numpy array, actual type: <class 'torch.Tensor'>[0m
  logger.warn(
/workspace/r10/env_old/lib/python3.12/site-packages/gymnasium/spaces/box.py:415: UserWarning: [33mWARN: Casting input x to numpy array.[0m
  gym.logger.warn("Casting input x to numpy array.")
/workspace/r10/env_old/lib/python3.12/site-packages/gymnasium/utils/passive_env_checker.py:129: UserWarning: [33mWARN: The obs returned by the `reset()` method was expecting a numpy array, actual type: <class 'torch.Tensor'>[0m
  logger.warn(
/workspace/r10/env_old/lib/python3.12/site-packages/gymnasium/spaces/box.py:415: UserWarning: [33mWARN: Casting input x to numpy array.[0m
  gym.logger.warn("Casting input x to numpy array.")
CEM solve time: 1.5780 seconds
/workspace/r10/env_old/lib/python3.12/site-packages/gymnasium/utils/passive_env_checker.py:129: UserWarning: [33mWARN: The obs returned by the `step()` method was expecting a numpy array, actual type: <class 'torch.Tensor'>[0m
  logger.warn(
/workspace/r10/env_old/lib/python3.12/site-packages/gymnasium/spaces/box.py:415: UserWarning: [33mWARN: Casting input x to numpy array.[0m
  gym.logger.warn("Casting input x to numpy array.")
{"completed": 123, "missing": 0, "case": "R8_tworoom_037985ace4b830f6fc862011", "arm": "REFIT_103203", "stream": "R4_ALT_CEM_2", "mode": "H_REAL3_REPLAN"}
/workspace/r10/env_old/lib/python3.12/site-packages/gymnasium/utils/passive_env_checker.py:129: UserWarning: [33mWARN: The obs returned by the `reset()` method was expecting a numpy array, actual type: <class 'torch.Tensor'>[0m
  logger.warn(
/workspace/r10/env_old/lib/python3.12/site-packages/gymnasium/spaces/box.py:415: UserWarning: [33mWARN: Casting input x to numpy array.[0m
  gym.logger.warn("Casting input x to numpy array.")
CEM solve time: 1.5811 seconds
/workspace/r10/env_old/lib/python3.12/site-packages/gymnasium/utils/passive_env_checker.py:129: UserWarning: [33mWARN: The obs returned by the `step()` method was expecting a numpy array, actual type: <class 'torch.Tensor'>[0m
  logger.warn(
/workspace/r10/env_old/lib/python3.12/site-packages/gymnasium/spaces/box.py:415: UserWarning: [33mWARN: Casting input x to numpy array.[0m
  gym.logger.warn("Casting input x to numpy array.")
/workspace/r10/env_old/lib/python3.12/site-packages/gymnasium/utils/passive_env_checker.py:129: UserWarning: [33mWARN: The obs returned by the `reset()` method was expecting a numpy array, actual type: <class 'torch.Tensor'>[0m
  logger.warn(
/workspace/r10/env_old/lib/python3.12/site-packages/gymnasium/spaces/box.py:415: UserWarning: [33mWARN: Casting input x to numpy array.[0m
  gym.logger.warn("Casting input x to numpy array.")
CEM solve time: 1.6224 seconds
/workspace/r10/env_old/lib/python3.12/site-packages/gymnasium/utils/passive_env_checker.py:129: UserWarning: [33mWARN: The obs returned by the `step()` method was expecting a numpy array, actual type: <class 'torch.Tensor'>[0m
  logger.warn(
/workspace/r10/env_old/lib/python3.12/site-packages/gymnasium/spaces/box.py:415: UserWarning: [33mWARN: Casting input x to numpy array.[0m
  gym.logger.warn("Casting input x to numpy array.")
{"completed": 124, "missing": 0, "case": "R8_tworoom_04207223ae48ad8b58be3a7a", "arm": "REFIT_103203", "stream": "R3_ORIGINAL", "mode": "H_REAL3_REPLAN"}
/workspace/r10/env_old/lib/python3.12/site-packages/gymnasium/utils/passive_env_checker.py:129: UserWarning: [33mWARN: The obs returned by the `reset()` method was expecting a numpy array, actual type: <class 'torch.Tensor'>[0m
  logger.warn(
/workspace/r10/env_old/lib/python3.12/site-packages/gymnasium/spaces/box.py:415: UserWarning: [33mWARN: Casting input x to numpy array.[0m
  gym.logger.warn("Casting input x to numpy array.")
CEM solve time: 1.5657 seconds
/workspace/r10/env_old/lib/python3.12/site-packages/gymnasium/utils/passive_env_checker.py:129: UserWarning: [33mWARN: The obs returned by the `step()` method was expecting a numpy array, actual type: <class 'torch.Tensor'>[0m
  logger.warn(
/workspace/r10/env_old/lib/python3.12/site-packages/gymnasium/spaces/box.py:415: UserWarning: [33mWARN: Casting input x to numpy array.[0m
  gym.logger.warn("Casting input x to numpy array.")
/workspace/r10/env_old/lib/python3.12/site-packages/gymnasium/utils/passive_env_checker.py:129: UserWarning: [33mWARN: The obs returned by the `reset()` method was expecting a numpy array, actual type: <class 'torch.Tensor'>[0m
  logger.warn(
/workspace/r10/env_old/lib/python3.12/site-packages/gymnasium/spaces/box.py:415: UserWarning: [33mWARN: Casting input x to numpy array.[0m
  gym.logger.warn("Casting input x to numpy array.")
CEM solve time: 1.5858 seconds
/workspace/r10/env_old/lib/python3.12/site-packages/gymnasium/utils/passive_env_checker.py:129: UserWarning: [33mWARN: The obs returned by the `step()` method was expecting a numpy array, actual type: <class 'torch.Tensor'>[0m
  logger.warn(
/workspace/r10/env_old/lib/python3.12/site-packages/gymnasium/spaces/box.py:415: UserWarning: [33mWARN: Casting input x to numpy array.[0m
  gym.logger.warn("Casting input x to numpy array.")
{"completed": 125, "missing": 0, "case": "R8_tworoom_04207223ae48ad8b58be3a7a", "arm": "REFIT_103203", "stream": "R4_ALT_CEM_1", "mode": "H_REAL3_REPLAN"}
/workspace/r10/env_old/lib/python3.12/site-packages/gymnasium/utils/passive_env_checker.py:129: UserWarning: [33mWARN: The obs returned by the `reset()` method was expecting a numpy array, actual type: <class 'torch.Tensor'>[0m
  logger.warn(
/workspace/r10/env_old/lib/python3.12/site-packages/gymnasium/spaces/box.py:415: UserWarning: [33mWARN: Casting input x to numpy array.[0m
  gym.logger.warn("Casting input x to numpy array.")
CEM solve time: 1.5744 seconds
/workspace/r10/env_old/lib/python3.12/site-packages/gymnasium/utils/passive_env_checker.py:129: UserWarning: [33mWARN: The obs returned by the `step()` method was expecting a numpy array, actual type: <class 'torch.Tensor'>[0m
  logger.warn(
/workspace/r10/env_old/lib/python3.12/site-packages/gymnasium/spaces/box.py:415: UserWarning: [33mWARN: Casting input x to numpy array.[0m
  gym.logger.warn("Casting input x to numpy array.")
/workspace/r10/env_old/lib/python3.12/site-packages/gymnasium/utils/passive_env_checker.py:129: UserWarning: [33mWARN: The obs returned by the `reset()` method was expecting a numpy array, actual type: <class 'torch.Tensor'>[0m
  logger.warn(
/workspace/r10/env_old/lib/python3.12/site-packages/gymnasium/spaces/box.py:415: UserWarning: [33mWARN: Casting input x to numpy array.[0m
  gym.logger.warn("Casting input x to numpy array.")
CEM solve time: 1.5615 seconds
/workspace/r10/env_old/lib/python3.12/site-packages/gymnasium/utils/passive_env_checker.py:129: UserWarning: [33mWARN: The obs returned by the `step()` method was expecting a numpy array, actual type: <class 'torch.Tensor'>[0m
  logger.warn(
/workspace/r10/env_old/lib/python3.12/site-packages/gymnasium/spaces/box.py:415: UserWarning: [33mWARN: Casting input x to numpy array.[0m
  gym.logger.warn("Casting input x to numpy array.")
{"completed": 126, "missing": 0, "case": "R8_tworoom_04207223ae48ad8b58be3a7a", "arm": "REFIT_103203", "stream": "R4_ALT_CEM_2", "mode": "H_REAL3_REPLAN"}
/workspace/r10/env_old/lib/python3.12/site-packages/gymnasium/utils/passive_env_checker.py:129: UserWarning: [33mWARN: The obs returned by the `reset()` method was expecting a numpy array, actual type: <class 'torch.Tensor'>[0m
  logger.warn(
/workspace/r10/env_old/lib/python3.12/site-packages/gymnasium/spaces/box.py:415: UserWarning: [33mWARN: Casting input x to numpy array.[0m
  gym.logger.warn("Casting input x to numpy array.")
CEM solve time: 1.5745 seconds
/workspace/r10/env_old/lib/python3.12/site-packages/gymnasium/utils/passive_env_checker.py:129: UserWarning: [33mWARN: The obs returned by the `step()` method was expecting a numpy array, actual type: <class 'torch.Tensor'>[0m
  logger.warn(
/workspace/r10/env_old/lib/python3.12/site-packages/gymnasium/spaces/box.py:415: UserWarning: [33mWARN: Casting input x to numpy array.[0m
  gym.logger.warn("Casting input x to numpy array.")
/workspace/r10/env_old/lib/python3.12/site-packages/gymnasium/utils/passive_env_checker.py:129: UserWarning: [33mWARN: The obs returned by the `reset()` method was expecting a numpy array, actual type: <class 'torch.Tensor'>[0m
  logger.warn(
/workspace/r10/env_old/lib/python3.12/site-packages/gymnasium/spaces/box.py:415: UserWarning: [33mWARN: Casting input x to numpy array.[0m
  gym.logger.warn("Casting input x to numpy array.")
CEM solve time: 1.5844 seconds
/workspace/r10/env_old/lib/python3.12/site-packages/gymnasium/utils/passive_env_checker.py:129: UserWarning: [33mWARN: The obs returned by the `step()` method was expecting a numpy array, actual type: <class 'torch.Tensor'>[0m
  logger.warn(
/workspace/r10/env_old/lib/python3.12/site-packages/gymnasium/spaces/box.py:415: UserWarning: [33mWARN: Casting input x to numpy array.[0m
  gym.logger.warn("Casting input x to numpy array.")
{"completed": 127, "missing": 0, "case": "R8_tworoom_04fb0eb806c1c28fc14b3111", "arm": "REFIT_103203", "stream": "R3_ORIGINAL", "mode": "H_REAL3_REPLAN"}
/workspace/r10/env_old/lib/python3.12/site-packages/gymnasium/utils/passive_env_checker.py:129: UserWarning: [33mWARN: The obs returned by the `reset()` method was expecting a numpy array, actual type: <class 'torch.Tensor'>[0m
  logger.warn(
/workspace/r10/env_old/lib/python3.12/site-packages/gymnasium/spaces/box.py:415: UserWarning: [33mWARN: Casting input x to numpy array.[0m
  gym.logger.warn("Casting input x to numpy array.")
CEM solve time: 1.5897 seconds
/workspace/r10/env_old/lib/python3.12/site-packages/gymnasium/utils/passive_env_checker.py:129: UserWarning: [33mWARN: The obs returned by the `step()` method was expecting a numpy array, actual type: <class 'torch.Tensor'>[0m
  logger.warn(
/workspace/r10/env_old/lib/python3.12/site-packages/gymnasium/spaces/box.py:415: UserWarning: [33mWARN: Casting input x to numpy array.[0m
  gym.logger.warn("Casting input x to numpy array.")
/workspace/r10/env_old/lib/python3.12/site-packages/gymnasium/utils/passive_env_checker.py:129: UserWarning: [33mWARN: The obs returned by the `reset()` method was expecting a numpy array, actual type: <class 'torch.Tensor'>[0m
  logger.warn(
/workspace/r10/env_old/lib/python3.12/site-packages/gymnasium/spaces/box.py:415: UserWarning: [33mWARN: Casting input x to numpy array.[0m
  gym.logger.warn("Casting input x to numpy array.")
CEM solve time: 1.5643 seconds
/workspace/r10/env_old/lib/python3.12/site-packages/gymnasium/utils/passive_env_checker.py:129: UserWarning: [33mWARN: The obs returned by the `step()` method was expecting a numpy array, actual type: <class 'torch.Tensor'>[0m
  logger.warn(
/workspace/r10/env_old/lib/python3.12/site-packages/gymnasium/spaces/box.py:415: UserWarning: [33mWARN: Casting input x to numpy array.[0m
  gym.logger.warn("Casting input x to numpy array.")
{"completed": 128, "missing": 0, "case": "R8_tworoom_04fb0eb806c1c28fc14b3111", "arm": "REFIT_103203", "stream": "R4_ALT_CEM_1", "mode": "H_REAL3_REPLAN"}
/workspace/r10/env_old/lib/python3.12/site-packages/gymnasium/utils/passive_env_checker.py:129: UserWarning: [33mWARN: The obs returned by the `reset()` method was expecting a numpy array, actual type: <class 'torch.Tensor'>[0m
  logger.warn(
/workspace/r10/env_old/lib/python3.12/site-packages/gymnasium/spaces/box.py:415: UserWarning: [33mWARN: Casting input x to numpy array.[0m
  gym.logger.warn("Casting input x to numpy array.")
CEM solve time: 1.5855 seconds
/workspace/r10/env_old/lib/python3.12/site-packages/gymnasium/utils/passive_env_checker.py:129: UserWarning: [33mWARN: The obs returned by the `step()` method was expecting a numpy array, actual type: <class 'torch.Tensor'>[0m
  logger.warn(
/workspace/r10/env_old/lib/python3.12/site-packages/gymnasium/spaces/box.py:415: UserWarning: [33mWARN: Casting input x to numpy array.[0m
  gym.logger.warn("Casting input x to numpy array.")
/workspace/r10/env_old/lib/python3.12/site-packages/gymnasium/utils/passive_env_checker.py:129: UserWarning: [33mWARN: The obs returned by the `reset()` method was expecting a numpy array, actual type: <class 'torch.Tensor'>[0m
  logger.warn(
/workspace/r10/env_old/lib/python3.12/site-packages/gymnasium/spaces/box.py:415: UserWarning: [33mWARN: Casting input x to numpy array.[0m
  gym.logger.warn("Casting input x to numpy array.")
CEM solve time: 1.5653 seconds
/workspace/r10/env_old/lib/python3.12/site-packages/gymnasium/utils/passive_env_checker.py:129: UserWarning: [33mWARN: The obs returned by the `step()` method was expecting a numpy array, actual type: <class 'torch.Tensor'>[0m
  logger.warn(
/workspace/r10/env_old/lib/python3.12/site-packages/gymnasium/spaces/box.py:415: UserWarning: [33mWARN: Casting input x to numpy array.[0m
  gym.logger.warn("Casting input x to numpy array.")
{"completed": 129, "missing": 0, "case": "R8_tworoom_04fb0eb806c1c28fc14b3111", "arm": "REFIT_103203", "stream": "R4_ALT_CEM_2", "mode": "H_REAL3_REPLAN"}
/workspace/r10/env_old/lib/python3.12/site-packages/gymnasium/utils/passive_env_checker.py:129: UserWarning: [33mWARN: The obs returned by the `reset()` method was expecting a numpy array, actual type: <class 'torch.Tensor'>[0m
  logger.warn(
/workspace/r10/env_old/lib/python3.12/site-packages/gymnasium/spaces/box.py:415: UserWarning: [33mWARN: Casting input x to numpy array.[0m
  gym.logger.warn("Casting input x to numpy array.")
CEM solve time: 1.5757 seconds
/workspace/r10/env_old/lib/python3.12/site-packages/gymnasium/utils/passive_env_checker.py:129: UserWarning: [33mWARN: The obs returned by the `step()` method was expecting a numpy array, actual type: <class 'torch.Tensor'>[0m
  logger.warn(
/workspace/r10/env_old/lib/python3.12/site-packages/gymnasium/spaces/box.py:415: UserWarning: [33mWARN: Casting input x to numpy array.[0m
  gym.logger.warn("Casting input x to numpy array.")
/workspace/r10/env_old/lib/python3.12/site-packages/gymnasium/utils/passive_env_checker.py:129: UserWarning: [33mWARN: The obs returned by the `reset()` method was expecting a numpy array, actual type: <class 'torch.Tensor'>[0m
  logger.warn(
/workspace/r10/env_old/lib/python3.12/site-packages/gymnasium/spaces/box.py:415: UserWarning: [33mWARN: Casting input x to numpy array.[0m
  gym.logger.warn("Casting input x to numpy array.")
CEM solve time: 1.5849 seconds
/workspace/r10/env_old/lib/python3.12/site-packages/gymnasium/utils/passive_env_checker.py:129: UserWarning: [33mWARN: The obs returned by the `step()` method was expecting a numpy array, actual type: <class 'torch.Tensor'>[0m
  logger.warn(
/workspace/r10/env_old/lib/python3.12/site-packages/gymnasium/spaces/box.py:415: UserWarning: [33mWARN: Casting input x to numpy array.[0m
  gym.logger.warn("Casting input x to numpy array.")
{"completed": 130, "missing": 0, "case": "R8_tworoom_057a12046ff9a2a2fb35ff61", "arm": "REFIT_103203", "stream": "R3_ORIGINAL", "mode": "H_REAL3_REPLAN"}
/workspace/r10/env_old/lib/python3.12/site-packages/gymnasium/utils/passive_env_checker.py:129: UserWarning: [33mWARN: The obs returned by the `reset()` method was expecting a numpy array, actual type: <class 'torch.Tensor'>[0m
  logger.warn(
/workspace/r10/env_old/lib/python3.12/site-packages/gymnasium/spaces/box.py:415: UserWarning: [33mWARN: Casting input x to numpy array.[0m
  gym.logger.warn("Casting input x to numpy array.")
CEM solve time: 1.5649 seconds
/workspace/r10/env_old/lib/python3.12/site-packages/gymnasium/utils/passive_env_checker.py:129: UserWarning: [33mWARN: The obs returned by the `step()` method was expecting a numpy array, actual type: <class 'torch.Tensor'>[0m
  logger.warn(
/workspace/r10/env_old/lib/python3.12/site-packages/gymnasium/spaces/box.py:415: UserWarning: [33mWARN: Casting input x to numpy array.[0m
  gym.logger.warn("Casting input x to numpy array.")
/workspace/r10/env_old/lib/python3.12/site-packages/gymnasium/utils/passive_env_checker.py:129: UserWarning: [33mWARN: The obs returned by the `reset()` method was expecting a numpy array, actual type: <class 'torch.Tensor'>[0m
  logger.warn(
/workspace/r10/env_old/lib/python3.12/site-packages/gymnasium/spaces/box.py:415: UserWarning: [33mWARN: Casting input x to numpy array.[0m
  gym.logger.warn("Casting input x to numpy array.")
CEM solve time: 1.5668 seconds
/workspace/r10/env_old/lib/python3.12/site-packages/gymnasium/utils/passive_env_checker.py:129: UserWarning: [33mWARN: The obs returned by the `step()` method was expecting a numpy array, actual type: <class 'torch.Tensor'>[0m
  logger.warn(
/workspace/r10/env_old/lib/python3.12/site-packages/gymnasium/spaces/box.py:415: UserWarning: [33mWARN: Casting input x to numpy array.[0m
  gym.logger.warn("Casting input x to numpy array.")
{"completed": 131, "missing": 0, "case": "R8_tworoom_057a12046ff9a2a2fb35ff61", "arm": "REFIT_103203", "stream": "R4_ALT_CEM_1", "mode": "H_REAL3_REPLAN"}
/workspace/r10/env_old/lib/python3.12/site-packages/gymnasium/utils/passive_env_checker.py:129: UserWarning: [33mWARN: The obs returned by the `reset()` method was expecting a numpy array, actual type: <class 'torch.Tensor'>[0m
  logger.warn(
/workspace/r10/env_old/lib/python3.12/site-packages/gymnasium/spaces/box.py:415: UserWarning: [33mWARN: Casting input x to numpy array.[0m
  gym.logger.warn("Casting input x to numpy array.")
CEM solve time: 1.5593 seconds
/workspace/r10/env_old/lib/python3.12/site-packages/gymnasium/utils/passive_env_checker.py:129: UserWarning: [33mWARN: The obs returned by the `step()` method was expecting a numpy array, actual type: <class 'torch.Tensor'>[0m
  logger.warn(
/workspace/r10/env_old/lib/python3.12/site-packages/gymnasium/spaces/box.py:415: UserWarning: [33mWARN: Casting input x to numpy array.[0m
  gym.logger.warn("Casting input x to numpy array.")
CEM solve time: 1.5749 seconds
/workspace/r10/env_old/lib/python3.12/site-packages/gymnasium/utils/passive_env_checker.py:129: UserWarning: [33mWARN: The obs returned by the `reset()` method was expecting a numpy array, actual type: <class 'torch.Tensor'>[0m
  logger.warn(
/workspace/r10/env_old/lib/python3.12/site-packages/gymnasium/spaces/box.py:415: UserWarning: [33mWARN: Casting input x to numpy array.[0m
  gym.logger.warn("Casting input x to numpy array.")
CEM solve time: 1.5663 seconds
/workspace/r10/env_old/lib/python3.12/site-packages/gymnasium/utils/passive_env_checker.py:129: UserWarning: [33mWARN: The obs returned by the `step()` method was expecting a numpy array, actual type: <class 'torch.Tensor'>[0m
  logger.warn(
/workspace/r10/env_old/lib/python3.12/site-packages/gymnasium/spaces/box.py:415: UserWarning: [33mWARN: Casting input x to numpy array.[0m
  gym.logger.warn("Casting input x to numpy array.")
CEM solve time: 1.5833 seconds
{"completed": 132, "missing": 0, "case": "R8_tworoom_057a12046ff9a2a2fb35ff61", "arm": "REFIT_103203", "stream": "R4_ALT_CEM_2", "mode": "H_REAL3_REPLAN"}
/workspace/r10/env_old/lib/python3.12/site-packages/gymnasium/utils/passive_env_checker.py:129: UserWarning: [33mWARN: The obs returned by the `reset()` method was expecting a numpy array, actual type: <class 'torch.Tensor'>[0m
  logger.warn(
/workspace/r10/env_old/lib/python3.12/site-packages/gymnasium/spaces/box.py:415: UserWarning: [33mWARN: Casting input x to numpy array.[0m
  gym.logger.warn("Casting input x to numpy array.")
CEM solve time: 1.5591 seconds
/workspace/r10/env_old/lib/python3.12/site-packages/gymnasium/utils/passive_env_checker.py:129: UserWarning: [33mWARN: The obs returned by the `step()` method was expecting a numpy array, actual type: <class 'torch.Tensor'>[0m
  logger.warn(
/workspace/r10/env_old/lib/python3.12/site-packages/gymnasium/spaces/box.py:415: UserWarning: [33mWARN: Casting input x to numpy array.[0m
  gym.logger.warn("Casting input x to numpy array.")
CEM solve time: 1.5647 seconds
/workspace/r10/env_old/lib/python3.12/site-packages/gymnasium/utils/passive_env_checker.py:129: UserWarning: [33mWARN: The obs returned by the `reset()` method was expecting a numpy array, actual type: <class 'torch.Tensor'>[0m
  logger.warn(
/workspace/r10/env_old/lib/python3.12/site-packages/gymnasium/spaces/box.py:415: UserWarning: [33mWARN: Casting input x to numpy array.[0m
  gym.logger.warn("Casting input x to numpy array.")
CEM solve time: 1.5634 seconds
/workspace/r10/env_old/lib/python3.12/site-packages/gymnasium/utils/passive_env_checker.py:129: UserWarning: [33mWARN: The obs returned by the `step()` method was expecting a numpy array, actual type: <class 'torch.Tensor'>[0m
  logger.warn(
/workspace/r10/env_old/lib/python3.12/site-packages/gymnasium/spaces/box.py:415: UserWarning: [33mWARN: Casting input x to numpy array.[0m
  gym.logger.warn("Casting input x to numpy array.")
CEM solve time: 1.5900 seconds
{"completed": 133, "missing": 0, "case": "R8_tworoom_063489a641b297bf5d297abc", "arm": "REFIT_103203", "stream": "R3_ORIGINAL", "mode": "H_REAL3_REPLAN"}
/workspace/r10/env_old/lib/python3.12/site-packages/gymnasium/utils/passive_env_checker.py:129: UserWarning: [33mWARN: The obs returned by the `reset()` method was expecting a numpy array, actual type: <class 'torch.Tensor'>[0m
  logger.warn(
/workspace/r10/env_old/lib/python3.12/site-packages/gymnasium/spaces/box.py:415: UserWarning: [33mWARN: Casting input x to numpy array.[0m
  gym.logger.warn("Casting input x to numpy array.")
CEM solve time: 1.5954 seconds
/workspace/r10/env_old/lib/python3.12/site-packages/gymnasium/utils/passive_env_checker.py:129: UserWarning: [33mWARN: The obs returned by the `step()` method was expecting a numpy array, actual type: <class 'torch.Tensor'>[0m
  logger.warn(
/workspace/r10/env_old/lib/python3.12/site-packages/gymnasium/spaces/box.py:415: UserWarning: [33mWARN: Casting input x to numpy array.[0m
  gym.logger.warn("Casting input x to numpy array.")
CEM solve time: 1.6175 seconds
/workspace/r10/env_old/lib/python3.12/site-packages/gymnasium/utils/passive_env_checker.py:129: UserWarning: [33mWARN: The obs returned by the `reset()` method was expecting a numpy array, actual type: <class 'torch.Tensor'>[0m
  logger.warn(
/workspace/r10/env_old/lib/python3.12/site-packages/gymnasium/spaces/box.py:415: UserWarning: [33mWARN: Casting input x to numpy array.[0m
  gym.logger.warn("Casting input x to numpy array.")
CEM solve time: 1.5749 seconds
/workspace/r10/env_old/lib/python3.12/site-packages/gymnasium/utils/passive_env_checker.py:129: UserWarning: [33mWARN: The obs returned by the `step()` method was expecting a numpy array, actual type: <class 'torch.Tensor'>[0m
  logger.warn(
/workspace/r10/env_old/lib/python3.12/site-packages/gymnasium/spaces/box.py:415: UserWarning: [33mWARN: Casting input x to numpy array.[0m
  gym.logger.warn("Casting input x to numpy array.")
CEM solve time: 1.5822 seconds
{"completed": 134, "missing": 0, "case": "R8_tworoom_063489a641b297bf5d297abc", "arm": "REFIT_103203", "stream": "R4_ALT_CEM_1", "mode": "H_REAL3_REPLAN"}
/workspace/r10/env_old/lib/python3.12/site-packages/gymnasium/utils/passive_env_checker.py:129: UserWarning: [33mWARN: The obs returned by the `reset()` method was expecting a numpy array, actual type: <class 'torch.Tensor'>[0m
  logger.warn(
/workspace/r10/env_old/lib/python3.12/site-packages/gymnasium/spaces/box.py:415: UserWarning: [33mWARN: Casting input x to numpy array.[0m
  gym.logger.warn("Casting input x to numpy array.")
CEM solve time: 1.5670 seconds
/workspace/r10/env_old/lib/python3.12/site-packages/gymnasium/utils/passive_env_checker.py:129: UserWarning: [33mWARN: The obs returned by the `step()` method was expecting a numpy array, actual type: <class 'torch.Tensor'>[0m
  logger.warn(
/workspace/r10/env_old/lib/python3.12/site-packages/gymnasium/spaces/box.py:415: UserWarning: [33mWARN: Casting input x to numpy array.[0m
  gym.logger.warn("Casting input x to numpy array.")
CEM solve time: 1.6244 seconds
/workspace/r10/env_old/lib/python3.12/site-packages/gymnasium/utils/passive_env_checker.py:129: UserWarning: [33mWARN: The obs returned by the `reset()` method was expecting a numpy array, actual type: <class 'torch.Tensor'>[0m
  logger.warn(
/workspace/r10/env_old/lib/python3.12/site-packages/gymnasium/spaces/box.py:415: UserWarning: [33mWARN: Casting input x to numpy array.[0m
  gym.logger.warn("Casting input x to numpy array.")
CEM solve time: 1.5851 seconds
/workspace/r10/env_old/lib/python3.12/site-packages/gymnasium/utils/passive_env_checker.py:129: UserWarning: [33mWARN: The obs returned by the `step()` method was expecting a numpy array, actual type: <class 'torch.Tensor'>[0m
  logger.warn(
/workspace/r10/env_old/lib/python3.12/site-packages/gymnasium/spaces/box.py:415: UserWarning: [33mWARN: Casting input x to numpy array.[0m
  gym.logger.warn("Casting input x to numpy array.")
CEM solve time: 1.5739 seconds
{"completed": 135, "missing": 0, "case": "R8_tworoom_063489a641b297bf5d297abc", "arm": "REFIT_103203", "stream": "R4_ALT_CEM_2", "mode": "H_REAL3_REPLAN"}
/workspace/r10/env_old/lib/python3.12/site-packages/gymnasium/utils/passive_env_checker.py:129: UserWarning: [33mWARN: The obs returned by the `reset()` method was expecting a numpy array, actual type: <class 'torch.Tensor'>[0m
  logger.warn(
/workspace/r10/env_old/lib/python3.12/site-packages/gymnasium/spaces/box.py:415: UserWarning: [33mWARN: Casting input x to numpy array.[0m
  gym.logger.warn("Casting input x to numpy array.")
CEM solve time: 1.5594 seconds
/workspace/r10/env_old/lib/python3.12/site-packages/gymnasium/utils/passive_env_checker.py:129: UserWarning: [33mWARN: The obs returned by the `step()` method was expecting a numpy array, actual type: <class 'torch.Tensor'>[0m
  logger.warn(
/workspace/r10/env_old/lib/python3.12/site-packages/gymnasium/spaces/box.py:415: UserWarning: [33mWARN: Casting input x to numpy array.[0m
  gym.logger.warn("Casting input x to numpy array.")
/workspace/r10/env_old/lib/python3.12/site-packages/gymnasium/utils/passive_env_checker.py:129: UserWarning: [33mWARN: The obs returned by the `reset()` method was expecting a numpy array, actual type: <class 'torch.Tensor'>[0m
  logger.warn(
/workspace/r10/env_old/lib/python3.12/site-packages/gymnasium/spaces/box.py:415: UserWarning: [33mWARN: Casting input x to numpy array.[0m
  gym.logger.warn("Casting input x to numpy array.")
CEM solve time: 1.5668 seconds
/workspace/r10/env_old/lib/python3.12/site-packages/gymnasium/utils/passive_env_checker.py:129: UserWarning: [33mWARN: The obs returned by the `step()` method was expecting a numpy array, actual type: <class 'torch.Tensor'>[0m
  logger.warn(
/workspace/r10/env_old/lib/python3.12/site-packages/gymnasium/spaces/box.py:415: UserWarning: [33mWARN: Casting input x to numpy array.[0m
  gym.logger.warn("Casting input x to numpy array.")
{"completed": 136, "missing": 0, "case": "R8_tworoom_07275f3ed8b48418157c07d4", "arm": "REFIT_103203", "stream": "R3_ORIGINAL", "mode": "H_REAL3_REPLAN"}
/workspace/r10/env_old/lib/python3.12/site-packages/gymnasium/utils/passive_env_checker.py:129: UserWarning: [33mWARN: The obs returned by the `reset()` method was expecting a numpy array, actual type: <class 'torch.Tensor'>[0m
  logger.warn(
/workspace/r10/env_old/lib/python3.12/site-packages/gymnasium/spaces/box.py:415: UserWarning: [33mWARN: Casting input x to numpy array.[0m
  gym.logger.warn("Casting input x to numpy array.")
CEM solve time: 1.6270 seconds
/workspace/r10/env_old/lib/python3.12/site-packages/gymnasium/utils/passive_env_checker.py:129: UserWarning: [33mWARN: The obs returned by the `step()` method was expecting a numpy array, actual type: <class 'torch.Tensor'>[0m
  logger.warn(
/workspace/r10/env_old/lib/python3.12/site-packages/gymnasium/spaces/box.py:415: UserWarning: [33mWARN: Casting input x to numpy array.[0m
  gym.logger.warn("Casting input x to numpy array.")
/workspace/r10/env_old/lib/python3.12/site-packages/gymnasium/utils/passive_env_checker.py:129: UserWarning: [33mWARN: The obs returned by the `reset()` method was expecting a numpy array, actual type: <class 'torch.Tensor'>[0m
  logger.warn(
/workspace/r10/env_old/lib/python3.12/site-packages/gymnasium/spaces/box.py:415: UserWarning: [33mWARN: Casting input x to numpy array.[0m
  gym.logger.warn("Casting input x to numpy array.")
CEM solve time: 1.5695 seconds
/workspace/r10/env_old/lib/python3.12/site-packages/gymnasium/utils/passive_env_checker.py:129: UserWarning: [33mWARN: The obs returned by the `step()` method was expecting a numpy array, actual type: <class 'torch.Tensor'>[0m
  logger.warn(
/workspace/r10/env_old/lib/python3.12/site-packages/gymnasium/spaces/box.py:415: UserWarning: [33mWARN: Casting input x to numpy array.[0m
  gym.logger.warn("Casting input x to numpy array.")
{"completed": 137, "missing": 0, "case": "R8_tworoom_07275f3ed8b48418157c07d4", "arm": "REFIT_103203", "stream": "R4_ALT_CEM_1", "mode": "H_REAL3_REPLAN"}
/workspace/r10/env_old/lib/python3.12/site-packages/gymnasium/utils/passive_env_checker.py:129: UserWarning: [33mWARN: The obs returned by the `reset()` method was expecting a numpy array, actual type: <class 'torch.Tensor'>[0m
  logger.warn(
/workspace/r10/env_old/lib/python3.12/site-packages/gymnasium/spaces/box.py:415: UserWarning: [33mWARN: Casting input x to numpy array.[0m
  gym.logger.warn("Casting input x to numpy array.")
CEM solve time: 1.5668 seconds
/workspace/r10/env_old/lib/python3.12/site-packages/gymnasium/utils/passive_env_checker.py:129: UserWarning: [33mWARN: The obs returned by the `step()` method was expecting a numpy array, actual type: <class 'torch.Tensor'>[0m
  logger.warn(
/workspace/r10/env_old/lib/python3.12/site-packages/gymnasium/spaces/box.py:415: UserWarning: [33mWARN: Casting input x to numpy array.[0m
  gym.logger.warn("Casting input x to numpy array.")
/workspace/r10/env_old/lib/python3.12/site-packages/gymnasium/utils/passive_env_checker.py:129: UserWarning: [33mWARN: The obs returned by the `reset()` method was expecting a numpy array, actual type: <class 'torch.Tensor'>[0m
  logger.warn(
/workspace/r10/env_old/lib/python3.12/site-packages/gymnasium/spaces/box.py:415: UserWarning: [33mWARN: Casting input x to numpy array.[0m
  gym.logger.warn("Casting input x to numpy array.")
CEM solve time: 1.5850 seconds
/workspace/r10/env_old/lib/python3.12/site-packages/gymnasium/utils/passive_env_checker.py:129: UserWarning: [33mWARN: The obs returned by the `step()` method was expecting a numpy array, actual type: <class 'torch.Tensor'>[0m
  logger.warn(
/workspace/r10/env_old/lib/python3.12/site-packages/gymnasium/spaces/box.py:415: UserWarning: [33mWARN: Casting input x to numpy array.[0m
  gym.logger.warn("Casting input x to numpy array.")
{"completed": 138, "missing": 0, "case": "R8_tworoom_07275f3ed8b48418157c07d4", "arm": "REFIT_103203", "stream": "R4_ALT_CEM_2", "mode": "H_REAL3_REPLAN"}
/workspace/r10/env_old/lib/python3.12/site-packages/gymnasium/utils/passive_env_checker.py:129: UserWarning: [33mWARN: The obs returned by the `reset()` method was expecting a numpy array, actual type: <class 'torch.Tensor'>[0m
  logger.warn(
/workspace/r10/env_old/lib/python3.12/site-packages/gymnasium/spaces/box.py:415: UserWarning: [33mWARN: Casting input x to numpy array.[0m
  gym.logger.warn("Casting input x to numpy array.")
CEM solve time: 1.5633 seconds
/workspace/r10/env_old/lib/python3.12/site-packages/gymnasium/utils/passive_env_checker.py:129: UserWarning: [33mWARN: The obs returned by the `step()` method was expecting a numpy array, actual type: <class 'torch.Tensor'>[0m
  logger.warn(
/workspace/r10/env_old/lib/python3.12/site-packages/gymnasium/spaces/box.py:415: UserWarning: [33mWARN: Casting input x to numpy array.[0m
  gym.logger.warn("Casting input x to numpy array.")
CEM solve time: 1.5622 seconds
/workspace/r10/env_old/lib/python3.12/site-packages/gymnasium/utils/passive_env_checker.py:129: UserWarning: [33mWARN: The obs returned by the `reset()` method was expecting a numpy array, actual type: <class 'torch.Tensor'>[0m
  logger.warn(
/workspace/r10/env_old/lib/python3.12/site-packages/gymnasium/spaces/box.py:415: UserWarning: [33mWARN: Casting input x to numpy array.[0m
  gym.logger.warn("Casting input x to numpy array.")
CEM solve time: 1.5657 seconds
/workspace/r10/env_old/lib/python3.12/site-packages/gymnasium/utils/passive_env_checker.py:129: UserWarning: [33mWARN: The obs returned by the `step()` method was expecting a numpy array, actual type: <class 'torch.Tensor'>[0m
  logger.warn(
/workspace/r10/env_old/lib/python3.12/site-packages/gymnasium/spaces/box.py:415: UserWarning: [33mWARN: Casting input x to numpy array.[0m
  gym.logger.warn("Casting input x to numpy array.")
CEM solve time: 1.5743 seconds
{"completed": 139, "missing": 0, "case": "R8_tworoom_079ace4574dabaf5a9dd4436", "arm": "REFIT_103203", "stream": "R3_ORIGINAL", "mode": "H_REAL3_REPLAN"}
/workspace/r10/env_old/lib/python3.12/site-packages/gymnasium/utils/passive_env_checker.py:129: UserWarning: [33mWARN: The obs returned by the `reset()` method was expecting a numpy array, actual type: <class 'torch.Tensor'>[0m
  logger.warn(
/workspace/r10/env_old/lib/python3.12/site-packages/gymnasium/spaces/box.py:415: UserWarning: [33mWARN: Casting input x to numpy array.[0m
  gym.logger.warn("Casting input x to numpy array.")
CEM solve time: 1.5670 seconds
/workspace/r10/env_old/lib/python3.12/site-packages/gymnasium/utils/passive_env_checker.py:129: UserWarning: [33mWARN: The obs returned by the `step()` method was expecting a numpy array, actual type: <class 'torch.Tensor'>[0m
  logger.warn(
/workspace/r10/env_old/lib/python3.12/site-packages/gymnasium/spaces/box.py:415: UserWarning: [33mWARN: Casting input x to numpy array.[0m
  gym.logger.warn("Casting input x to numpy array.")
CEM solve time: 1.5731 seconds
/workspace/r10/env_old/lib/python3.12/site-packages/gymnasium/utils/passive_env_checker.py:129: UserWarning: [33mWARN: The obs returned by the `reset()` method was expecting a numpy array, actual type: <class 'torch.Tensor'>[0m
  logger.warn(
/workspace/r10/env_old/lib/python3.12/site-packages/gymnasium/spaces/box.py:415: UserWarning: [33mWARN: Casting input x to numpy array.[0m
  gym.logger.warn("Casting input x to numpy array.")
CEM solve time: 1.5637 seconds
/workspace/r10/env_old/lib/python3.12/site-packages/gymnasium/utils/passive_env_checker.py:129: UserWarning: [33mWARN: The obs returned by the `step()` method was expecting a numpy array, actual type: <class 'torch.Tensor'>[0m
  logger.warn(
/workspace/r10/env_old/lib/python3.12/site-packages/gymnasium/spaces/box.py:415: UserWarning: [33mWARN: Casting input x to numpy array.[0m
  gym.logger.warn("Casting input x to numpy array.")
CEM solve time: 1.5725 seconds
{"completed": 140, "missing": 0, "case": "R8_tworoom_079ace4574dabaf5a9dd4436", "arm": "REFIT_103203", "stream": "R4_ALT_CEM_1", "mode": "H_REAL3_REPLAN"}
/workspace/r10/env_old/lib/python3.12/site-packages/gymnasium/utils/passive_env_checker.py:129: UserWarning: [33mWARN: The obs returned by the `reset()` method was expecting a numpy array, actual type: <class 'torch.Tensor'>[0m
  logger.warn(
/workspace/r10/env_old/lib/python3.12/site-packages/gymnasium/spaces/box.py:415: UserWarning: [33mWARN: Casting input x to numpy array.[0m
  gym.logger.warn("Casting input x to numpy array.")
CEM solve time: 1.5600 seconds
/workspace/r10/env_old/lib/python3.12/site-packages/gymnasium/utils/passive_env_checker.py:129: UserWarning: [33mWARN: The obs returned by the `step()` method was expecting a numpy array, actual type: <class 'torch.Tensor'>[0m
  logger.warn(
/workspace/r10/env_old/lib/python3.12/site-packages/gymnasium/spaces/box.py:415: UserWarning: [33mWARN: Casting input x to numpy array.[0m
  gym.logger.warn("Casting input x to numpy array.")
CEM solve time: 1.5618 seconds
/workspace/r10/env_old/lib/python3.12/site-packages/gymnasium/utils/passive_env_checker.py:129: UserWarning: [33mWARN: The obs returned by the `reset()` method was expecting a numpy array, actual type: <class 'torch.Tensor'>[0m
  logger.warn(
/workspace/r10/env_old/lib/python3.12/site-packages/gymnasium/spaces/box.py:415: UserWarning: [33mWARN: Casting input x to numpy array.[0m
  gym.logger.warn("Casting input x to numpy array.")
CEM solve time: 1.5683 seconds
/workspace/r10/env_old/lib/python3.12/site-packages/gymnasium/utils/passive_env_checker.py:129: UserWarning: [33mWARN: The obs returned by the `step()` method was expecting a numpy array, actual type: <class 'torch.Tensor'>[0m
  logger.warn(
/workspace/r10/env_old/lib/python3.12/site-packages/gymnasium/spaces/box.py:415: UserWarning: [33mWARN: Casting input x to numpy array.[0m
  gym.logger.warn("Casting input x to numpy array.")
CEM solve time: 1.5807 seconds
{"completed": 141, "missing": 0, "case": "R8_tworoom_079ace4574dabaf5a9dd4436", "arm": "REFIT_103203", "stream": "R4_ALT_CEM_2", "mode": "H_REAL3_REPLAN"}
/workspace/r10/env_old/lib/python3.12/site-packages/gymnasium/utils/passive_env_checker.py:129: UserWarning: [33mWARN: The obs returned by the `reset()` method was expecting a numpy array, actual type: <class 'torch.Tensor'>[0m
  logger.warn(
/workspace/r10/env_old/lib/python3.12/site-packages/gymnasium/spaces/box.py:415: UserWarning: [33mWARN: Casting input x to numpy array.[0m
  gym.logger.warn("Casting input x to numpy array.")
CEM solve time: 1.5918 seconds
/workspace/r10/env_old/lib/python3.12/site-packages/gymnasium/utils/passive_env_checker.py:129: UserWarning: [33mWARN: The obs returned by the `step()` method was expecting a numpy array, actual type: <class 'torch.Tensor'>[0m
  logger.warn(
/workspace/r10/env_old/lib/python3.12/site-packages/gymnasium/spaces/box.py:415: UserWarning: [33mWARN: Casting input x to numpy array.[0m
  gym.logger.warn("Casting input x to numpy array.")
CEM solve time: 1.5669 seconds
/workspace/r10/env_old/lib/python3.12/site-packages/gymnasium/utils/passive_env_checker.py:129: UserWarning: [33mWARN: The obs returned by the `reset()` method was expecting a numpy array, actual type: <class 'torch.Tensor'>[0m
  logger.warn(
/workspace/r10/env_old/lib/python3.12/site-packages/gymnasium/spaces/box.py:415: UserWarning: [33mWARN: Casting input x to numpy array.[0m
  gym.logger.warn("Casting input x to numpy array.")
CEM solve time: 1.5728 seconds
/workspace/r10/env_old/lib/python3.12/site-packages/gymnasium/utils/passive_env_checker.py:129: UserWarning: [33mWARN: The obs returned by the `step()` method was expecting a numpy array, actual type: <class 'torch.Tensor'>[0m
  logger.warn(
/workspace/r10/env_old/lib/python3.12/site-packages/gymnasium/spaces/box.py:415: UserWarning: [33mWARN: Casting input x to numpy array.[0m
  gym.logger.warn("Casting input x to numpy array.")
CEM solve time: 1.5725 seconds
{"completed": 142, "missing": 0, "case": "R8_tworoom_082e9b45e7283603ec99842f", "arm": "REFIT_103203", "stream": "R3_ORIGINAL", "mode": "H_REAL3_REPLAN"}
/workspace/r10/env_old/lib/python3.12/site-packages/gymnasium/utils/passive_env_checker.py:129: UserWarning: [33mWARN: The obs returned by the `reset()` method was expecting a numpy array, actual type: <class 'torch.Tensor'>[0m
  logger.warn(
/workspace/r10/env_old/lib/python3.12/site-packages/gymnasium/spaces/box.py:415: UserWarning: [33mWARN: Casting input x to numpy array.[0m
  gym.logger.warn("Casting input x to numpy array.")
CEM solve time: 1.5717 seconds
/workspace/r10/env_old/lib/python3.12/site-packages/gymnasium/utils/passive_env_checker.py:129: UserWarning: [33mWARN: The obs returned by the `step()` method was expecting a numpy array, actual type: <class 'torch.Tensor'>[0m
  logger.warn(
/workspace/r10/env_old/lib/python3.12/site-packages/gymnasium/spaces/box.py:415: UserWarning: [33mWARN: Casting input x to numpy array.[0m
  gym.logger.warn("Casting input x to numpy array.")
CEM solve time: 1.5707 seconds
/workspace/r10/env_old/lib/python3.12/site-packages/gymnasium/utils/passive_env_checker.py:129: UserWarning: [33mWARN: The obs returned by the `reset()` method was expecting a numpy array, actual type: <class 'torch.Tensor'>[0m
  logger.warn(
/workspace/r10/env_old/lib/python3.12/site-packages/gymnasium/spaces/box.py:415: UserWarning: [33mWARN: Casting input x to numpy array.[0m
  gym.logger.warn("Casting input x to numpy array.")
CEM solve time: 1.5594 seconds
/workspace/r10/env_old/lib/python3.12/site-packages/gymnasium/utils/passive_env_checker.py:129: UserWarning: [33mWARN: The obs returned by the `step()` method was expecting a numpy array, actual type: <class 'torch.Tensor'>[0m
  logger.warn(
/workspace/r10/env_old/lib/python3.12/site-packages/gymnasium/spaces/box.py:415: UserWarning: [33mWARN: Casting input x to numpy array.[0m
  gym.logger.warn("Casting input x to numpy array.")
CEM solve time: 1.5924 seconds
{"completed": 143, "missing": 0, "case": "R8_tworoom_082e9b45e7283603ec99842f", "arm": "REFIT_103203", "stream": "R4_ALT_CEM_1", "mode": "H_REAL3_REPLAN"}
/workspace/r10/env_old/lib/python3.12/site-packages/gymnasium/utils/passive_env_checker.py:129: UserWarning: [33mWARN: The obs returned by the `reset()` method was expecting a numpy array, actual type: <class 'torch.Tensor'>[0m
  logger.warn(
/workspace/r10/env_old/lib/python3.12/site-packages/gymnasium/spaces/box.py:415: UserWarning: [33mWARN: Casting input x to numpy array.[0m
  gym.logger.warn("Casting input x to numpy array.")
CEM solve time: 1.5563 seconds
/workspace/r10/env_old/lib/python3.12/site-packages/gymnasium/utils/passive_env_checker.py:129: UserWarning: [33mWARN: The obs returned by the `step()` method was expecting a numpy array, actual type: <class 'torch.Tensor'>[0m
  logger.warn(
/workspace/r10/env_old/lib/python3.12/site-packages/gymnasium/spaces/box.py:415: UserWarning: [33mWARN: Casting input x to numpy array.[0m
  gym.logger.warn("Casting input x to numpy array.")
CEM solve time: 1.5588 seconds
/workspace/r10/env_old/lib/python3.12/site-packages/gymnasium/utils/passive_env_checker.py:129: UserWarning: [33mWARN: The obs returned by the `reset()` method was expecting a numpy array, actual type: <class 'torch.Tensor'>[0m
  logger.warn(
/workspace/r10/env_old/lib/python3.12/site-packages/gymnasium/spaces/box.py:415: UserWarning: [33mWARN: Casting input x to numpy array.[0m
  gym.logger.warn("Casting input x to numpy array.")
CEM solve time: 1.5774 seconds
/workspace/r10/env_old/lib/python3.12/site-packages/gymnasium/utils/passive_env_checker.py:129: UserWarning: [33mWARN: The obs returned by the `step()` method was expecting a numpy array, actual type: <class 'torch.Tensor'>[0m
  logger.warn(
/workspace/r10/env_old/lib/python3.12/site-packages/gymnasium/spaces/box.py:415: UserWarning: [33mWARN: Casting input x to numpy array.[0m
  gym.logger.warn("Casting input x to numpy array.")
CEM solve time: 1.5791 seconds
{"completed": 144, "missing": 0, "case": "R8_tworoom_082e9b45e7283603ec99842f", "arm": "REFIT_103203", "stream": "R4_ALT_CEM_2", "mode": "H_REAL3_REPLAN"}
