/workspace/r10/shared_data/r3/source/swm_compat/stable_worldmodel/envs/__init__.py:215: UserWarning: ale-py not found; ALE/* envs are unavailable. Install with: pip install 'stable-worldmodel[env]' or pip install ale-py.
  from stable_worldmodel.envs import ale  # noqa: F401
/workspace/r10/env_old/lib/python3.12/site-packages/gymnasium/utils/passive_env_checker.py:129: UserWarning: [33mWARN: The obs returned by the `reset()` method was expecting a numpy array, actual type: <class 'torch.Tensor'>[0m
  logger.warn(
/workspace/r10/env_old/lib/python3.12/site-packages/gymnasium/spaces/box.py:415: UserWarning: [33mWARN: Casting input x to numpy array.[0m
  gym.logger.warn("Casting input x to numpy array.")
CEM solve time: 1.9996 seconds
/workspace/r10/env_old/lib/python3.12/site-packages/gymnasium/utils/passive_env_checker.py:129: UserWarning: [33mWARN: The obs returned by the `step()` method was expecting a numpy array, actual type: <class 'torch.Tensor'>[0m
  logger.warn(
/workspace/r10/env_old/lib/python3.12/site-packages/gymnasium/spaces/box.py:415: UserWarning: [33mWARN: Casting input x to numpy array.[0m
  gym.logger.warn("Casting input x to numpy array.")
/workspace/r10/env_old/lib/python3.12/site-packages/gymnasium/utils/passive_env_checker.py:129: UserWarning: [33mWARN: The obs returned by the `reset()` method was expecting a numpy array, actual type: <class 'torch.Tensor'>[0m
  logger.warn(
/workspace/r10/env_old/lib/python3.12/site-packages/gymnasium/spaces/box.py:415: UserWarning: [33mWARN: Casting input x to numpy array.[0m
  gym.logger.warn("Casting input x to numpy array.")
CEM solve time: 1.5295 seconds
/workspace/r10/env_old/lib/python3.12/site-packages/gymnasium/utils/passive_env_checker.py:129: UserWarning: [33mWARN: The obs returned by the `step()` method was expecting a numpy array, actual type: <class 'torch.Tensor'>[0m
  logger.warn(
/workspace/r10/env_old/lib/python3.12/site-packages/gymnasium/spaces/box.py:415: UserWarning: [33mWARN: Casting input x to numpy array.[0m
  gym.logger.warn("Casting input x to numpy array.")
{"completed": 1, "missing": 0, "case": "R8_tworoom_0111aeb23da6fffc773d216b", "arm": "H0", "stream": "R3_ORIGINAL", "mode": "H_REAL3_REPLAN"}
/workspace/r10/env_old/lib/python3.12/site-packages/gymnasium/utils/passive_env_checker.py:129: UserWarning: [33mWARN: The obs returned by the `reset()` method was expecting a numpy array, actual type: <class 'torch.Tensor'>[0m
  logger.warn(
/workspace/r10/env_old/lib/python3.12/site-packages/gymnasium/spaces/box.py:415: UserWarning: [33mWARN: Casting input x to numpy array.[0m
  gym.logger.warn("Casting input x to numpy array.")
CEM solve time: 1.5362 seconds
/workspace/r10/env_old/lib/python3.12/site-packages/gymnasium/utils/passive_env_checker.py:129: UserWarning: [33mWARN: The obs returned by the `step()` method was expecting a numpy array, actual type: <class 'torch.Tensor'>[0m
  logger.warn(
/workspace/r10/env_old/lib/python3.12/site-packages/gymnasium/spaces/box.py:415: UserWarning: [33mWARN: Casting input x to numpy array.[0m
  gym.logger.warn("Casting input x to numpy array.")
/workspace/r10/env_old/lib/python3.12/site-packages/gymnasium/utils/passive_env_checker.py:129: UserWarning: [33mWARN: The obs returned by the `reset()` method was expecting a numpy array, actual type: <class 'torch.Tensor'>[0m
  logger.warn(
/workspace/r10/env_old/lib/python3.12/site-packages/gymnasium/spaces/box.py:415: UserWarning: [33mWARN: Casting input x to numpy array.[0m
  gym.logger.warn("Casting input x to numpy array.")
CEM solve time: 1.5310 seconds
/workspace/r10/env_old/lib/python3.12/site-packages/gymnasium/utils/passive_env_checker.py:129: UserWarning: [33mWARN: The obs returned by the `step()` method was expecting a numpy array, actual type: <class 'torch.Tensor'>[0m
  logger.warn(
/workspace/r10/env_old/lib/python3.12/site-packages/gymnasium/spaces/box.py:415: UserWarning: [33mWARN: Casting input x to numpy array.[0m
  gym.logger.warn("Casting input x to numpy array.")
{"completed": 2, "missing": 0, "case": "R8_tworoom_0111aeb23da6fffc773d216b", "arm": "H0", "stream": "R4_ALT_CEM_1", "mode": "H_REAL3_REPLAN"}
/workspace/r10/env_old/lib/python3.12/site-packages/gymnasium/utils/passive_env_checker.py:129: UserWarning: [33mWARN: The obs returned by the `reset()` method was expecting a numpy array, actual type: <class 'torch.Tensor'>[0m
  logger.warn(
/workspace/r10/env_old/lib/python3.12/site-packages/gymnasium/spaces/box.py:415: UserWarning: [33mWARN: Casting input x to numpy array.[0m
  gym.logger.warn("Casting input x to numpy array.")
CEM solve time: 1.5422 seconds
/workspace/r10/env_old/lib/python3.12/site-packages/gymnasium/utils/passive_env_checker.py:129: UserWarning: [33mWARN: The obs returned by the `step()` method was expecting a numpy array, actual type: <class 'torch.Tensor'>[0m
  logger.warn(
/workspace/r10/env_old/lib/python3.12/site-packages/gymnasium/spaces/box.py:415: UserWarning: [33mWARN: Casting input x to numpy array.[0m
  gym.logger.warn("Casting input x to numpy array.")
/workspace/r10/env_old/lib/python3.12/site-packages/gymnasium/utils/passive_env_checker.py:129: UserWarning: [33mWARN: The obs returned by the `reset()` method was expecting a numpy array, actual type: <class 'torch.Tensor'>[0m
  logger.warn(
/workspace/r10/env_old/lib/python3.12/site-packages/gymnasium/spaces/box.py:415: UserWarning: [33mWARN: Casting input x to numpy array.[0m
  gym.logger.warn("Casting input x to numpy array.")
CEM solve time: 1.5293 seconds
/workspace/r10/env_old/lib/python3.12/site-packages/gymnasium/utils/passive_env_checker.py:129: UserWarning: [33mWARN: The obs returned by the `step()` method was expecting a numpy array, actual type: <class 'torch.Tensor'>[0m
  logger.warn(
/workspace/r10/env_old/lib/python3.12/site-packages/gymnasium/spaces/box.py:415: UserWarning: [33mWARN: Casting input x to numpy array.[0m
  gym.logger.warn("Casting input x to numpy array.")
{"completed": 3, "missing": 0, "case": "R8_tworoom_0111aeb23da6fffc773d216b", "arm": "H0", "stream": "R4_ALT_CEM_2", "mode": "H_REAL3_REPLAN"}
/workspace/r10/env_old/lib/python3.12/site-packages/gymnasium/utils/passive_env_checker.py:129: UserWarning: [33mWARN: The obs returned by the `reset()` method was expecting a numpy array, actual type: <class 'torch.Tensor'>[0m
  logger.warn(
/workspace/r10/env_old/lib/python3.12/site-packages/gymnasium/spaces/box.py:415: UserWarning: [33mWARN: Casting input x to numpy array.[0m
  gym.logger.warn("Casting input x to numpy array.")
CEM solve time: 1.5322 seconds
/workspace/r10/env_old/lib/python3.12/site-packages/gymnasium/utils/passive_env_checker.py:129: UserWarning: [33mWARN: The obs returned by the `step()` method was expecting a numpy array, actual type: <class 'torch.Tensor'>[0m
  logger.warn(
/workspace/r10/env_old/lib/python3.12/site-packages/gymnasium/spaces/box.py:415: UserWarning: [33mWARN: Casting input x to numpy array.[0m
  gym.logger.warn("Casting input x to numpy array.")
/workspace/r10/env_old/lib/python3.12/site-packages/gymnasium/utils/passive_env_checker.py:129: UserWarning: [33mWARN: The obs returned by the `reset()` method was expecting a numpy array, actual type: <class 'torch.Tensor'>[0m
  logger.warn(
CEM solve time: 1.5526 seconds
/workspace/r10/env_old/lib/python3.12/site-packages/gymnasium/utils/passive_env_checker.py:129: UserWarning: [33mWARN: The obs returned by the `step()` method was expecting a numpy array, actual type: <class 'torch.Tensor'>[0m
  logger.warn(
/workspace/r10/env_old/lib/python3.12/site-packages/gymnasium/spaces/box.py:415: UserWarning: [33mWARN: Casting input x to numpy array.[0m
  gym.logger.warn("Casting input x to numpy array.")
{"completed": 4, "missing": 0, "case": "R8_tworoom_01e3ee0ac905e396feaf2334", "arm": "H0", "stream": "R3_ORIGINAL", "mode": "H_REAL3_REPLAN"}
/workspace/r10/env_old/lib/python3.12/site-packages/gymnasium/utils/passive_env_checker.py:129: UserWarning: [33mWARN: The obs returned by the `reset()` method was expecting a numpy array, actual type: <class 'torch.Tensor'>[0m
  logger.warn(
CEM solve time: 1.5306 seconds
/workspace/r10/env_old/lib/python3.12/site-packages/gymnasium/utils/passive_env_checker.py:129: UserWarning: [33mWARN: The obs returned by the `step()` method was expecting a numpy array, actual type: <class 'torch.Tensor'>[0m
  logger.warn(
/workspace/r10/env_old/lib/python3.12/site-packages/gymnasium/spaces/box.py:415: UserWarning: [33mWARN: Casting input x to numpy array.[0m
  gym.logger.warn("Casting input x to numpy array.")
/workspace/r10/env_old/lib/python3.12/site-packages/gymnasium/utils/passive_env_checker.py:129: UserWarning: [33mWARN: The obs returned by the `reset()` method was expecting a numpy array, actual type: <class 'torch.Tensor'>[0m
  logger.warn(
CEM solve time: 1.5300 seconds
/workspace/r10/env_old/lib/python3.12/site-packages/gymnasium/utils/passive_env_checker.py:129: UserWarning: [33mWARN: The obs returned by the `step()` method was expecting a numpy array, actual type: <class 'torch.Tensor'>[0m
  logger.warn(
/workspace/r10/env_old/lib/python3.12/site-packages/gymnasium/spaces/box.py:415: UserWarning: [33mWARN: Casting input x to numpy array.[0m
  gym.logger.warn("Casting input x to numpy array.")
{"completed": 5, "missing": 0, "case": "R8_tworoom_01e3ee0ac905e396feaf2334", "arm": "H0", "stream": "R4_ALT_CEM_1", "mode": "H_REAL3_REPLAN"}
/workspace/r10/env_old/lib/python3.12/site-packages/gymnasium/utils/passive_env_checker.py:129: UserWarning: [33mWARN: The obs returned by the `reset()` method was expecting a numpy array, actual type: <class 'torch.Tensor'>[0m
  logger.warn(
CEM solve time: 1.5354 seconds
/workspace/r10/env_old/lib/python3.12/site-packages/gymnasium/utils/passive_env_checker.py:129: UserWarning: [33mWARN: The obs returned by the `step()` method was expecting a numpy array, actual type: <class 'torch.Tensor'>[0m
  logger.warn(
/workspace/r10/env_old/lib/python3.12/site-packages/gymnasium/spaces/box.py:415: UserWarning: [33mWARN: Casting input x to numpy array.[0m
  gym.logger.warn("Casting input x to numpy array.")
/workspace/r10/env_old/lib/python3.12/site-packages/gymnasium/utils/passive_env_checker.py:129: UserWarning: [33mWARN: The obs returned by the `reset()` method was expecting a numpy array, actual type: <class 'torch.Tensor'>[0m
  logger.warn(
/workspace/r10/env_old/lib/python3.12/site-packages/gymnasium/spaces/box.py:415: UserWarning: [33mWARN: Casting input x to numpy array.[0m
  gym.logger.warn("Casting input x to numpy array.")
CEM solve time: 1.5334 seconds
/workspace/r10/env_old/lib/python3.12/site-packages/gymnasium/utils/passive_env_checker.py:129: UserWarning: [33mWARN: The obs returned by the `step()` method was expecting a numpy array, actual type: <class 'torch.Tensor'>[0m
  logger.warn(
/workspace/r10/env_old/lib/python3.12/site-packages/gymnasium/spaces/box.py:415: UserWarning: [33mWARN: Casting input x to numpy array.[0m
  gym.logger.warn("Casting input x to numpy array.")
{"completed": 6, "missing": 0, "case": "R8_tworoom_01e3ee0ac905e396feaf2334", "arm": "H0", "stream": "R4_ALT_CEM_2", "mode": "H_REAL3_REPLAN"}
/workspace/r10/env_old/lib/python3.12/site-packages/gymnasium/utils/passive_env_checker.py:129: UserWarning: [33mWARN: The obs returned by the `reset()` method was expecting a numpy array, actual type: <class 'torch.Tensor'>[0m
  logger.warn(
/workspace/r10/env_old/lib/python3.12/site-packages/gymnasium/spaces/box.py:415: UserWarning: [33mWARN: Casting input x to numpy array.[0m
  gym.logger.warn("Casting input x to numpy array.")
CEM solve time: 1.5356 seconds
/workspace/r10/env_old/lib/python3.12/site-packages/gymnasium/utils/passive_env_checker.py:129: UserWarning: [33mWARN: The obs returned by the `step()` method was expecting a numpy array, actual type: <class 'torch.Tensor'>[0m
  logger.warn(
/workspace/r10/env_old/lib/python3.12/site-packages/gymnasium/spaces/box.py:415: UserWarning: [33mWARN: Casting input x to numpy array.[0m
  gym.logger.warn("Casting input x to numpy array.")
/workspace/r10/env_old/lib/python3.12/site-packages/gymnasium/utils/passive_env_checker.py:129: UserWarning: [33mWARN: The obs returned by the `reset()` method was expecting a numpy array, actual type: <class 'torch.Tensor'>[0m
  logger.warn(
CEM solve time: 1.5356 seconds
/workspace/r10/env_old/lib/python3.12/site-packages/gymnasium/utils/passive_env_checker.py:129: UserWarning: [33mWARN: The obs returned by the `step()` method was expecting a numpy array, actual type: <class 'torch.Tensor'>[0m
  logger.warn(
/workspace/r10/env_old/lib/python3.12/site-packages/gymnasium/spaces/box.py:415: UserWarning: [33mWARN: Casting input x to numpy array.[0m
  gym.logger.warn("Casting input x to numpy array.")
{"completed": 7, "missing": 0, "case": "R8_tworoom_02680528f8abd745a907a78d", "arm": "H0", "stream": "R3_ORIGINAL", "mode": "H_REAL3_REPLAN"}
/workspace/r10/env_old/lib/python3.12/site-packages/gymnasium/utils/passive_env_checker.py:129: UserWarning: [33mWARN: The obs returned by the `reset()` method was expecting a numpy array, actual type: <class 'torch.Tensor'>[0m
  logger.warn(
CEM solve time: 1.5528 seconds
/workspace/r10/env_old/lib/python3.12/site-packages/gymnasium/utils/passive_env_checker.py:129: UserWarning: [33mWARN: The obs returned by the `step()` method was expecting a numpy array, actual type: <class 'torch.Tensor'>[0m
  logger.warn(
/workspace/r10/env_old/lib/python3.12/site-packages/gymnasium/spaces/box.py:415: UserWarning: [33mWARN: Casting input x to numpy array.[0m
  gym.logger.warn("Casting input x to numpy array.")
/workspace/r10/env_old/lib/python3.12/site-packages/gymnasium/utils/passive_env_checker.py:129: UserWarning: [33mWARN: The obs returned by the `reset()` method was expecting a numpy array, actual type: <class 'torch.Tensor'>[0m
  logger.warn(
CEM solve time: 1.5522 seconds
/workspace/r10/env_old/lib/python3.12/site-packages/gymnasium/utils/passive_env_checker.py:129: UserWarning: [33mWARN: The obs returned by the `step()` method was expecting a numpy array, actual type: <class 'torch.Tensor'>[0m
  logger.warn(
/workspace/r10/env_old/lib/python3.12/site-packages/gymnasium/spaces/box.py:415: UserWarning: [33mWARN: Casting input x to numpy array.[0m
  gym.logger.warn("Casting input x to numpy array.")
{"completed": 8, "missing": 0, "case": "R8_tworoom_02680528f8abd745a907a78d", "arm": "H0", "stream": "R4_ALT_CEM_1", "mode": "H_REAL3_REPLAN"}
/workspace/r10/env_old/lib/python3.12/site-packages/gymnasium/utils/passive_env_checker.py:129: UserWarning: [33mWARN: The obs returned by the `reset()` method was expecting a numpy array, actual type: <class 'torch.Tensor'>[0m
  logger.warn(
CEM solve time: 1.5304 seconds
/workspace/r10/env_old/lib/python3.12/site-packages/gymnasium/utils/passive_env_checker.py:129: UserWarning: [33mWARN: The obs returned by the `step()` method was expecting a numpy array, actual type: <class 'torch.Tensor'>[0m
  logger.warn(
/workspace/r10/env_old/lib/python3.12/site-packages/gymnasium/spaces/box.py:415: UserWarning: [33mWARN: Casting input x to numpy array.[0m
  gym.logger.warn("Casting input x to numpy array.")
/workspace/r10/env_old/lib/python3.12/site-packages/gymnasium/utils/passive_env_checker.py:129: UserWarning: [33mWARN: The obs returned by the `reset()` method was expecting a numpy array, actual type: <class 'torch.Tensor'>[0m
  logger.warn(
CEM solve time: 1.5290 seconds
/workspace/r10/env_old/lib/python3.12/site-packages/gymnasium/utils/passive_env_checker.py:129: UserWarning: [33mWARN: The obs returned by the `step()` method was expecting a numpy array, actual type: <class 'torch.Tensor'>[0m
  logger.warn(
/workspace/r10/env_old/lib/python3.12/site-packages/gymnasium/spaces/box.py:415: UserWarning: [33mWARN: Casting input x to numpy array.[0m
  gym.logger.warn("Casting input x to numpy array.")
{"completed": 9, "missing": 0, "case": "R8_tworoom_02680528f8abd745a907a78d", "arm": "H0", "stream": "R4_ALT_CEM_2", "mode": "H_REAL3_REPLAN"}
/workspace/r10/env_old/lib/python3.12/site-packages/gymnasium/utils/passive_env_checker.py:129: UserWarning: [33mWARN: The obs returned by the `reset()` method was expecting a numpy array, actual type: <class 'torch.Tensor'>[0m
  logger.warn(
CEM solve time: 1.5337 seconds
/workspace/r10/env_old/lib/python3.12/site-packages/gymnasium/utils/passive_env_checker.py:129: UserWarning: [33mWARN: The obs returned by the `step()` method was expecting a numpy array, actual type: <class 'torch.Tensor'>[0m
  logger.warn(
/workspace/r10/env_old/lib/python3.12/site-packages/gymnasium/spaces/box.py:415: UserWarning: [33mWARN: Casting input x to numpy array.[0m
  gym.logger.warn("Casting input x to numpy array.")
/workspace/r10/env_old/lib/python3.12/site-packages/gymnasium/utils/passive_env_checker.py:129: UserWarning: [33mWARN: The obs returned by the `reset()` method was expecting a numpy array, actual type: <class 'torch.Tensor'>[0m
  logger.warn(
/workspace/r10/env_old/lib/python3.12/site-packages/gymnasium/spaces/box.py:415: UserWarning: [33mWARN: Casting input x to numpy array.[0m
  gym.logger.warn("Casting input x to numpy array.")
CEM solve time: 1.5342 seconds
/workspace/r10/env_old/lib/python3.12/site-packages/gymnasium/utils/passive_env_checker.py:129: UserWarning: [33mWARN: The obs returned by the `step()` method was expecting a numpy array, actual type: <class 'torch.Tensor'>[0m
  logger.warn(
/workspace/r10/env_old/lib/python3.12/site-packages/gymnasium/spaces/box.py:415: UserWarning: [33mWARN: Casting input x to numpy array.[0m
  gym.logger.warn("Casting input x to numpy array.")
{"completed": 10, "missing": 0, "case": "R8_tworoom_02f110e92f4d49fdbc75429a", "arm": "H0", "stream": "R3_ORIGINAL", "mode": "H_REAL3_REPLAN"}
/workspace/r10/env_old/lib/python3.12/site-packages/gymnasium/utils/passive_env_checker.py:129: UserWarning: [33mWARN: The obs returned by the `reset()` method was expecting a numpy array, actual type: <class 'torch.Tensor'>[0m
  logger.warn(
/workspace/r10/env_old/lib/python3.12/site-packages/gymnasium/spaces/box.py:415: UserWarning: [33mWARN: Casting input x to numpy array.[0m
  gym.logger.warn("Casting input x to numpy array.")
CEM solve time: 1.5494 seconds
/workspace/r10/env_old/lib/python3.12/site-packages/gymnasium/utils/passive_env_checker.py:129: UserWarning: [33mWARN: The obs returned by the `step()` method was expecting a numpy array, actual type: <class 'torch.Tensor'>[0m
  logger.warn(
/workspace/r10/env_old/lib/python3.12/site-packages/gymnasium/spaces/box.py:415: UserWarning: [33mWARN: Casting input x to numpy array.[0m
  gym.logger.warn("Casting input x to numpy array.")
/workspace/r10/env_old/lib/python3.12/site-packages/gymnasium/utils/passive_env_checker.py:129: UserWarning: [33mWARN: The obs returned by the `reset()` method was expecting a numpy array, actual type: <class 'torch.Tensor'>[0m
  logger.warn(
/workspace/r10/env_old/lib/python3.12/site-packages/gymnasium/spaces/box.py:415: UserWarning: [33mWARN: Casting input x to numpy array.[0m
  gym.logger.warn("Casting input x to numpy array.")
CEM solve time: 1.5333 seconds
/workspace/r10/env_old/lib/python3.12/site-packages/gymnasium/utils/passive_env_checker.py:129: UserWarning: [33mWARN: The obs returned by the `step()` method was expecting a numpy array, actual type: <class 'torch.Tensor'>[0m
  logger.warn(
/workspace/r10/env_old/lib/python3.12/site-packages/gymnasium/spaces/box.py:415: UserWarning: [33mWARN: Casting input x to numpy array.[0m
  gym.logger.warn("Casting input x to numpy array.")
{"completed": 11, "missing": 0, "case": "R8_tworoom_02f110e92f4d49fdbc75429a", "arm": "H0", "stream": "R4_ALT_CEM_1", "mode": "H_REAL3_REPLAN"}
/workspace/r10/env_old/lib/python3.12/site-packages/gymnasium/utils/passive_env_checker.py:129: UserWarning: [33mWARN: The obs returned by the `reset()` method was expecting a numpy array, actual type: <class 'torch.Tensor'>[0m
  logger.warn(
/workspace/r10/env_old/lib/python3.12/site-packages/gymnasium/spaces/box.py:415: UserWarning: [33mWARN: Casting input x to numpy array.[0m
  gym.logger.warn("Casting input x to numpy array.")
CEM solve time: 1.5317 seconds
/workspace/r10/env_old/lib/python3.12/site-packages/gymnasium/utils/passive_env_checker.py:129: UserWarning: [33mWARN: The obs returned by the `step()` method was expecting a numpy array, actual type: <class 'torch.Tensor'>[0m
  logger.warn(
/workspace/r10/env_old/lib/python3.12/site-packages/gymnasium/spaces/box.py:415: UserWarning: [33mWARN: Casting input x to numpy array.[0m
  gym.logger.warn("Casting input x to numpy array.")
/workspace/r10/env_old/lib/python3.12/site-packages/gymnasium/utils/passive_env_checker.py:129: UserWarning: [33mWARN: The obs returned by the `reset()` method was expecting a numpy array, actual type: <class 'torch.Tensor'>[0m
  logger.warn(
/workspace/r10/env_old/lib/python3.12/site-packages/gymnasium/spaces/box.py:415: UserWarning: [33mWARN: Casting input x to numpy array.[0m
  gym.logger.warn("Casting input x to numpy array.")
CEM solve time: 1.5438 seconds
/workspace/r10/env_old/lib/python3.12/site-packages/gymnasium/utils/passive_env_checker.py:129: UserWarning: [33mWARN: The obs returned by the `step()` method was expecting a numpy array, actual type: <class 'torch.Tensor'>[0m
  logger.warn(
/workspace/r10/env_old/lib/python3.12/site-packages/gymnasium/spaces/box.py:415: UserWarning: [33mWARN: Casting input x to numpy array.[0m
  gym.logger.warn("Casting input x to numpy array.")
{"completed": 12, "missing": 0, "case": "R8_tworoom_02f110e92f4d49fdbc75429a", "arm": "H0", "stream": "R4_ALT_CEM_2", "mode": "H_REAL3_REPLAN"}
/workspace/r10/env_old/lib/python3.12/site-packages/gymnasium/utils/passive_env_checker.py:129: UserWarning: [33mWARN: The obs returned by the `reset()` method was expecting a numpy array, actual type: <class 'torch.Tensor'>[0m
  logger.warn(
/workspace/r10/env_old/lib/python3.12/site-packages/gymnasium/spaces/box.py:415: UserWarning: [33mWARN: Casting input x to numpy array.[0m
  gym.logger.warn("Casting input x to numpy array.")
CEM solve time: 1.5399 seconds
/workspace/r10/env_old/lib/python3.12/site-packages/gymnasium/utils/passive_env_checker.py:129: UserWarning: [33mWARN: The obs returned by the `step()` method was expecting a numpy array, actual type: <class 'torch.Tensor'>[0m
  logger.warn(
/workspace/r10/env_old/lib/python3.12/site-packages/gymnasium/spaces/box.py:415: UserWarning: [33mWARN: Casting input x to numpy array.[0m
  gym.logger.warn("Casting input x to numpy array.")
/workspace/r10/env_old/lib/python3.12/site-packages/gymnasium/utils/passive_env_checker.py:129: UserWarning: [33mWARN: The obs returned by the `reset()` method was expecting a numpy array, actual type: <class 'torch.Tensor'>[0m
  logger.warn(
/workspace/r10/env_old/lib/python3.12/site-packages/gymnasium/spaces/box.py:415: UserWarning: [33mWARN: Casting input x to numpy array.[0m
  gym.logger.warn("Casting input x to numpy array.")
CEM solve time: 1.5333 seconds
/workspace/r10/env_old/lib/python3.12/site-packages/gymnasium/utils/passive_env_checker.py:129: UserWarning: [33mWARN: The obs returned by the `step()` method was expecting a numpy array, actual type: <class 'torch.Tensor'>[0m
  logger.warn(
/workspace/r10/env_old/lib/python3.12/site-packages/gymnasium/spaces/box.py:415: UserWarning: [33mWARN: Casting input x to numpy array.[0m
  gym.logger.warn("Casting input x to numpy array.")
{"completed": 13, "missing": 0, "case": "R8_tworoom_039f03865caa5e75652a007c", "arm": "H0", "stream": "R3_ORIGINAL", "mode": "H_REAL3_REPLAN"}
/workspace/r10/env_old/lib/python3.12/site-packages/gymnasium/utils/passive_env_checker.py:129: UserWarning: [33mWARN: The obs returned by the `reset()` method was expecting a numpy array, actual type: <class 'torch.Tensor'>[0m
  logger.warn(
/workspace/r10/env_old/lib/python3.12/site-packages/gymnasium/spaces/box.py:415: UserWarning: [33mWARN: Casting input x to numpy array.[0m
  gym.logger.warn("Casting input x to numpy array.")
CEM solve time: 1.5516 seconds
/workspace/r10/env_old/lib/python3.12/site-packages/gymnasium/utils/passive_env_checker.py:129: UserWarning: [33mWARN: The obs returned by the `step()` method was expecting a numpy array, actual type: <class 'torch.Tensor'>[0m
  logger.warn(
/workspace/r10/env_old/lib/python3.12/site-packages/gymnasium/spaces/box.py:415: UserWarning: [33mWARN: Casting input x to numpy array.[0m
  gym.logger.warn("Casting input x to numpy array.")
/workspace/r10/env_old/lib/python3.12/site-packages/gymnasium/utils/passive_env_checker.py:129: UserWarning: [33mWARN: The obs returned by the `reset()` method was expecting a numpy array, actual type: <class 'torch.Tensor'>[0m
  logger.warn(
/workspace/r10/env_old/lib/python3.12/site-packages/gymnasium/spaces/box.py:415: UserWarning: [33mWARN: Casting input x to numpy array.[0m
  gym.logger.warn("Casting input x to numpy array.")
CEM solve time: 1.5526 seconds
/workspace/r10/env_old/lib/python3.12/site-packages/gymnasium/utils/passive_env_checker.py:129: UserWarning: [33mWARN: The obs returned by the `step()` method was expecting a numpy array, actual type: <class 'torch.Tensor'>[0m
  logger.warn(
/workspace/r10/env_old/lib/python3.12/site-packages/gymnasium/spaces/box.py:415: UserWarning: [33mWARN: Casting input x to numpy array.[0m
  gym.logger.warn("Casting input x to numpy array.")
{"completed": 14, "missing": 0, "case": "R8_tworoom_039f03865caa5e75652a007c", "arm": "H0", "stream": "R4_ALT_CEM_1", "mode": "H_REAL3_REPLAN"}
/workspace/r10/env_old/lib/python3.12/site-packages/gymnasium/utils/passive_env_checker.py:129: UserWarning: [33mWARN: The obs returned by the `reset()` method was expecting a numpy array, actual type: <class 'torch.Tensor'>[0m
  logger.warn(
/workspace/r10/env_old/lib/python3.12/site-packages/gymnasium/spaces/box.py:415: UserWarning: [33mWARN: Casting input x to numpy array.[0m
  gym.logger.warn("Casting input x to numpy array.")
CEM solve time: 1.5332 seconds
/workspace/r10/env_old/lib/python3.12/site-packages/gymnasium/utils/passive_env_checker.py:129: UserWarning: [33mWARN: The obs returned by the `step()` method was expecting a numpy array, actual type: <class 'torch.Tensor'>[0m
  logger.warn(
/workspace/r10/env_old/lib/python3.12/site-packages/gymnasium/spaces/box.py:415: UserWarning: [33mWARN: Casting input x to numpy array.[0m
  gym.logger.warn("Casting input x to numpy array.")
/workspace/r10/env_old/lib/python3.12/site-packages/gymnasium/utils/passive_env_checker.py:129: UserWarning: [33mWARN: The obs returned by the `reset()` method was expecting a numpy array, actual type: <class 'torch.Tensor'>[0m
  logger.warn(
/workspace/r10/env_old/lib/python3.12/site-packages/gymnasium/spaces/box.py:415: UserWarning: [33mWARN: Casting input x to numpy array.[0m
  gym.logger.warn("Casting input x to numpy array.")
CEM solve time: 1.5319 seconds
/workspace/r10/env_old/lib/python3.12/site-packages/gymnasium/utils/passive_env_checker.py:129: UserWarning: [33mWARN: The obs returned by the `step()` method was expecting a numpy array, actual type: <class 'torch.Tensor'>[0m
  logger.warn(
/workspace/r10/env_old/lib/python3.12/site-packages/gymnasium/spaces/box.py:415: UserWarning: [33mWARN: Casting input x to numpy array.[0m
  gym.logger.warn("Casting input x to numpy array.")
{"completed": 15, "missing": 0, "case": "R8_tworoom_039f03865caa5e75652a007c", "arm": "H0", "stream": "R4_ALT_CEM_2", "mode": "H_REAL3_REPLAN"}
/workspace/r10/env_old/lib/python3.12/site-packages/gymnasium/utils/passive_env_checker.py:129: UserWarning: [33mWARN: The obs returned by the `reset()` method was expecting a numpy array, actual type: <class 'torch.Tensor'>[0m
  logger.warn(
/workspace/r10/env_old/lib/python3.12/site-packages/gymnasium/spaces/box.py:415: UserWarning: [33mWARN: Casting input x to numpy array.[0m
  gym.logger.warn("Casting input x to numpy array.")
CEM solve time: 1.5424 seconds
/workspace/r10/env_old/lib/python3.12/site-packages/gymnasium/utils/passive_env_checker.py:129: UserWarning: [33mWARN: The obs returned by the `step()` method was expecting a numpy array, actual type: <class 'torch.Tensor'>[0m
  logger.warn(
/workspace/r10/env_old/lib/python3.12/site-packages/gymnasium/spaces/box.py:415: UserWarning: [33mWARN: Casting input x to numpy array.[0m
  gym.logger.warn("Casting input x to numpy array.")
/workspace/r10/env_old/lib/python3.12/site-packages/gymnasium/utils/passive_env_checker.py:129: UserWarning: [33mWARN: The obs returned by the `reset()` method was expecting a numpy array, actual type: <class 'torch.Tensor'>[0m
  logger.warn(
/workspace/r10/env_old/lib/python3.12/site-packages/gymnasium/spaces/box.py:415: UserWarning: [33mWARN: Casting input x to numpy array.[0m
  gym.logger.warn("Casting input x to numpy array.")
CEM solve time: 1.5323 seconds
/workspace/r10/env_old/lib/python3.12/site-packages/gymnasium/utils/passive_env_checker.py:129: UserWarning: [33mWARN: The obs returned by the `step()` method was expecting a numpy array, actual type: <class 'torch.Tensor'>[0m
  logger.warn(
/workspace/r10/env_old/lib/python3.12/site-packages/gymnasium/spaces/box.py:415: UserWarning: [33mWARN: Casting input x to numpy array.[0m
  gym.logger.warn("Casting input x to numpy array.")
{"completed": 16, "missing": 0, "case": "R8_tworoom_043a3f8ff0c3e18976268fde", "arm": "H0", "stream": "R3_ORIGINAL", "mode": "H_REAL3_REPLAN"}
/workspace/r10/env_old/lib/python3.12/site-packages/gymnasium/utils/passive_env_checker.py:129: UserWarning: [33mWARN: The obs returned by the `reset()` method was expecting a numpy array, actual type: <class 'torch.Tensor'>[0m
  logger.warn(
/workspace/r10/env_old/lib/python3.12/site-packages/gymnasium/spaces/box.py:415: UserWarning: [33mWARN: Casting input x to numpy array.[0m
  gym.logger.warn("Casting input x to numpy array.")
CEM solve time: 1.5307 seconds
/workspace/r10/env_old/lib/python3.12/site-packages/gymnasium/utils/passive_env_checker.py:129: UserWarning: [33mWARN: The obs returned by the `step()` method was expecting a numpy array, actual type: <class 'torch.Tensor'>[0m
  logger.warn(
/workspace/r10/env_old/lib/python3.12/site-packages/gymnasium/spaces/box.py:415: UserWarning: [33mWARN: Casting input x to numpy array.[0m
  gym.logger.warn("Casting input x to numpy array.")
/workspace/r10/env_old/lib/python3.12/site-packages/gymnasium/utils/passive_env_checker.py:129: UserWarning: [33mWARN: The obs returned by the `reset()` method was expecting a numpy array, actual type: <class 'torch.Tensor'>[0m
  logger.warn(
/workspace/r10/env_old/lib/python3.12/site-packages/gymnasium/spaces/box.py:415: UserWarning: [33mWARN: Casting input x to numpy array.[0m
  gym.logger.warn("Casting input x to numpy array.")
CEM solve time: 1.5354 seconds
/workspace/r10/env_old/lib/python3.12/site-packages/gymnasium/utils/passive_env_checker.py:129: UserWarning: [33mWARN: The obs returned by the `step()` method was expecting a numpy array, actual type: <class 'torch.Tensor'>[0m
  logger.warn(
/workspace/r10/env_old/lib/python3.12/site-packages/gymnasium/spaces/box.py:415: UserWarning: [33mWARN: Casting input x to numpy array.[0m
  gym.logger.warn("Casting input x to numpy array.")
{"completed": 17, "missing": 0, "case": "R8_tworoom_043a3f8ff0c3e18976268fde", "arm": "H0", "stream": "R4_ALT_CEM_1", "mode": "H_REAL3_REPLAN"}
/workspace/r10/env_old/lib/python3.12/site-packages/gymnasium/utils/passive_env_checker.py:129: UserWarning: [33mWARN: The obs returned by the `reset()` method was expecting a numpy array, actual type: <class 'torch.Tensor'>[0m
  logger.warn(
/workspace/r10/env_old/lib/python3.12/site-packages/gymnasium/spaces/box.py:415: UserWarning: [33mWARN: Casting input x to numpy array.[0m
  gym.logger.warn("Casting input x to numpy array.")
CEM solve time: 1.5536 seconds
/workspace/r10/env_old/lib/python3.12/site-packages/gymnasium/utils/passive_env_checker.py:129: UserWarning: [33mWARN: The obs returned by the `step()` method was expecting a numpy array, actual type: <class 'torch.Tensor'>[0m
  logger.warn(
/workspace/r10/env_old/lib/python3.12/site-packages/gymnasium/spaces/box.py:415: UserWarning: [33mWARN: Casting input x to numpy array.[0m
  gym.logger.warn("Casting input x to numpy array.")
/workspace/r10/env_old/lib/python3.12/site-packages/gymnasium/utils/passive_env_checker.py:129: UserWarning: [33mWARN: The obs returned by the `reset()` method was expecting a numpy array, actual type: <class 'torch.Tensor'>[0m
  logger.warn(
/workspace/r10/env_old/lib/python3.12/site-packages/gymnasium/spaces/box.py:415: UserWarning: [33mWARN: Casting input x to numpy array.[0m
  gym.logger.warn("Casting input x to numpy array.")
CEM solve time: 1.5558 seconds
/workspace/r10/env_old/lib/python3.12/site-packages/gymnasium/utils/passive_env_checker.py:129: UserWarning: [33mWARN: The obs returned by the `step()` method was expecting a numpy array, actual type: <class 'torch.Tensor'>[0m
  logger.warn(
/workspace/r10/env_old/lib/python3.12/site-packages/gymnasium/spaces/box.py:415: UserWarning: [33mWARN: Casting input x to numpy array.[0m
  gym.logger.warn("Casting input x to numpy array.")
{"completed": 18, "missing": 0, "case": "R8_tworoom_043a3f8ff0c3e18976268fde", "arm": "H0", "stream": "R4_ALT_CEM_2", "mode": "H_REAL3_REPLAN"}
/workspace/r10/env_old/lib/python3.12/site-packages/gymnasium/utils/passive_env_checker.py:129: UserWarning: [33mWARN: The obs returned by the `reset()` method was expecting a numpy array, actual type: <class 'torch.Tensor'>[0m
  logger.warn(
/workspace/r10/env_old/lib/python3.12/site-packages/gymnasium/spaces/box.py:415: UserWarning: [33mWARN: Casting input x to numpy array.[0m
  gym.logger.warn("Casting input x to numpy array.")
CEM solve time: 1.5331 seconds
/workspace/r10/env_old/lib/python3.12/site-packages/gymnasium/utils/passive_env_checker.py:129: UserWarning: [33mWARN: The obs returned by the `step()` method was expecting a numpy array, actual type: <class 'torch.Tensor'>[0m
  logger.warn(
/workspace/r10/env_old/lib/python3.12/site-packages/gymnasium/spaces/box.py:415: UserWarning: [33mWARN: Casting input x to numpy array.[0m
  gym.logger.warn("Casting input x to numpy array.")
/workspace/r10/env_old/lib/python3.12/site-packages/gymnasium/utils/passive_env_checker.py:129: UserWarning: [33mWARN: The obs returned by the `reset()` method was expecting a numpy array, actual type: <class 'torch.Tensor'>[0m
  logger.warn(
/workspace/r10/env_old/lib/python3.12/site-packages/gymnasium/spaces/box.py:415: UserWarning: [33mWARN: Casting input x to numpy array.[0m
  gym.logger.warn("Casting input x to numpy array.")
CEM solve time: 1.5381 seconds
/workspace/r10/env_old/lib/python3.12/site-packages/gymnasium/utils/passive_env_checker.py:129: UserWarning: [33mWARN: The obs returned by the `step()` method was expecting a numpy array, actual type: <class 'torch.Tensor'>[0m
  logger.warn(
/workspace/r10/env_old/lib/python3.12/site-packages/gymnasium/spaces/box.py:415: UserWarning: [33mWARN: Casting input x to numpy array.[0m
  gym.logger.warn("Casting input x to numpy array.")
{"completed": 19, "missing": 0, "case": "R8_tworoom_053839539a00319e17892aa8", "arm": "H0", "stream": "R3_ORIGINAL", "mode": "H_REAL3_REPLAN"}
/workspace/r10/env_old/lib/python3.12/site-packages/gymnasium/utils/passive_env_checker.py:129: UserWarning: [33mWARN: The obs returned by the `reset()` method was expecting a numpy array, actual type: <class 'torch.Tensor'>[0m
  logger.warn(
/workspace/r10/env_old/lib/python3.12/site-packages/gymnasium/spaces/box.py:415: UserWarning: [33mWARN: Casting input x to numpy array.[0m
  gym.logger.warn("Casting input x to numpy array.")
CEM solve time: 1.5306 seconds
/workspace/r10/env_old/lib/python3.12/site-packages/gymnasium/utils/passive_env_checker.py:129: UserWarning: [33mWARN: The obs returned by the `step()` method was expecting a numpy array, actual type: <class 'torch.Tensor'>[0m
  logger.warn(
/workspace/r10/env_old/lib/python3.12/site-packages/gymnasium/spaces/box.py:415: UserWarning: [33mWARN: Casting input x to numpy array.[0m
  gym.logger.warn("Casting input x to numpy array.")
/workspace/r10/env_old/lib/python3.12/site-packages/gymnasium/utils/passive_env_checker.py:129: UserWarning: [33mWARN: The obs returned by the `reset()` method was expecting a numpy array, actual type: <class 'torch.Tensor'>[0m
  logger.warn(
/workspace/r10/env_old/lib/python3.12/site-packages/gymnasium/spaces/box.py:415: UserWarning: [33mWARN: Casting input x to numpy array.[0m
  gym.logger.warn("Casting input x to numpy array.")
CEM solve time: 1.5285 seconds
/workspace/r10/env_old/lib/python3.12/site-packages/gymnasium/utils/passive_env_checker.py:129: UserWarning: [33mWARN: The obs returned by the `step()` method was expecting a numpy array, actual type: <class 'torch.Tensor'>[0m
  logger.warn(
/workspace/r10/env_old/lib/python3.12/site-packages/gymnasium/spaces/box.py:415: UserWarning: [33mWARN: Casting input x to numpy array.[0m
  gym.logger.warn("Casting input x to numpy array.")
{"completed": 20, "missing": 0, "case": "R8_tworoom_053839539a00319e17892aa8", "arm": "H0", "stream": "R4_ALT_CEM_1", "mode": "H_REAL3_REPLAN"}
/workspace/r10/env_old/lib/python3.12/site-packages/gymnasium/utils/passive_env_checker.py:129: UserWarning: [33mWARN: The obs returned by the `reset()` method was expecting a numpy array, actual type: <class 'torch.Tensor'>[0m
  logger.warn(
/workspace/r10/env_old/lib/python3.12/site-packages/gymnasium/spaces/box.py:415: UserWarning: [33mWARN: Casting input x to numpy array.[0m
  gym.logger.warn("Casting input x to numpy array.")
CEM solve time: 1.5503 seconds
/workspace/r10/env_old/lib/python3.12/site-packages/gymnasium/utils/passive_env_checker.py:129: UserWarning: [33mWARN: The obs returned by the `step()` method was expecting a numpy array, actual type: <class 'torch.Tensor'>[0m
  logger.warn(
/workspace/r10/env_old/lib/python3.12/site-packages/gymnasium/spaces/box.py:415: UserWarning: [33mWARN: Casting input x to numpy array.[0m
  gym.logger.warn("Casting input x to numpy array.")
/workspace/r10/env_old/lib/python3.12/site-packages/gymnasium/utils/passive_env_checker.py:129: UserWarning: [33mWARN: The obs returned by the `reset()` method was expecting a numpy array, actual type: <class 'torch.Tensor'>[0m
  logger.warn(
/workspace/r10/env_old/lib/python3.12/site-packages/gymnasium/spaces/box.py:415: UserWarning: [33mWARN: Casting input x to numpy array.[0m
  gym.logger.warn("Casting input x to numpy array.")
CEM solve time: 1.5273 seconds
/workspace/r10/env_old/lib/python3.12/site-packages/gymnasium/utils/passive_env_checker.py:129: UserWarning: [33mWARN: The obs returned by the `step()` method was expecting a numpy array, actual type: <class 'torch.Tensor'>[0m
  logger.warn(
/workspace/r10/env_old/lib/python3.12/site-packages/gymnasium/spaces/box.py:415: UserWarning: [33mWARN: Casting input x to numpy array.[0m
  gym.logger.warn("Casting input x to numpy array.")
{"completed": 21, "missing": 0, "case": "R8_tworoom_053839539a00319e17892aa8", "arm": "H0", "stream": "R4_ALT_CEM_2", "mode": "H_REAL3_REPLAN"}
/workspace/r10/env_old/lib/python3.12/site-packages/gymnasium/utils/passive_env_checker.py:129: UserWarning: [33mWARN: The obs returned by the `reset()` method was expecting a numpy array, actual type: <class 'torch.Tensor'>[0m
  logger.warn(
/workspace/r10/env_old/lib/python3.12/site-packages/gymnasium/spaces/box.py:415: UserWarning: [33mWARN: Casting input x to numpy array.[0m
  gym.logger.warn("Casting input x to numpy array.")
CEM solve time: 1.5413 seconds
/workspace/r10/env_old/lib/python3.12/site-packages/gymnasium/utils/passive_env_checker.py:129: UserWarning: [33mWARN: The obs returned by the `step()` method was expecting a numpy array, actual type: <class 'torch.Tensor'>[0m
  logger.warn(
/workspace/r10/env_old/lib/python3.12/site-packages/gymnasium/spaces/box.py:415: UserWarning: [33mWARN: Casting input x to numpy array.[0m
  gym.logger.warn("Casting input x to numpy array.")
/workspace/r10/env_old/lib/python3.12/site-packages/gymnasium/utils/passive_env_checker.py:129: UserWarning: [33mWARN: The obs returned by the `reset()` method was expecting a numpy array, actual type: <class 'torch.Tensor'>[0m
  logger.warn(
/workspace/r10/env_old/lib/python3.12/site-packages/gymnasium/spaces/box.py:415: UserWarning: [33mWARN: Casting input x to numpy array.[0m
  gym.logger.warn("Casting input x to numpy array.")
CEM solve time: 1.5457 seconds
/workspace/r10/env_old/lib/python3.12/site-packages/gymnasium/utils/passive_env_checker.py:129: UserWarning: [33mWARN: The obs returned by the `step()` method was expecting a numpy array, actual type: <class 'torch.Tensor'>[0m
  logger.warn(
/workspace/r10/env_old/lib/python3.12/site-packages/gymnasium/spaces/box.py:415: UserWarning: [33mWARN: Casting input x to numpy array.[0m
  gym.logger.warn("Casting input x to numpy array.")
{"completed": 22, "missing": 0, "case": "R8_tworoom_0586069dc3ac8d02e1e05d18", "arm": "H0", "stream": "R3_ORIGINAL", "mode": "H_REAL3_REPLAN"}
/workspace/r10/env_old/lib/python3.12/site-packages/gymnasium/utils/passive_env_checker.py:129: UserWarning: [33mWARN: The obs returned by the `reset()` method was expecting a numpy array, actual type: <class 'torch.Tensor'>[0m
  logger.warn(
/workspace/r10/env_old/lib/python3.12/site-packages/gymnasium/spaces/box.py:415: UserWarning: [33mWARN: Casting input x to numpy array.[0m
  gym.logger.warn("Casting input x to numpy array.")
CEM solve time: 1.5329 seconds
/workspace/r10/env_old/lib/python3.12/site-packages/gymnasium/utils/passive_env_checker.py:129: UserWarning: [33mWARN: The obs returned by the `step()` method was expecting a numpy array, actual type: <class 'torch.Tensor'>[0m
  logger.warn(
/workspace/r10/env_old/lib/python3.12/site-packages/gymnasium/spaces/box.py:415: UserWarning: [33mWARN: Casting input x to numpy array.[0m
  gym.logger.warn("Casting input x to numpy array.")
CEM solve time: 1.5460 seconds
/workspace/r10/env_old/lib/python3.12/site-packages/gymnasium/utils/passive_env_checker.py:129: UserWarning: [33mWARN: The obs returned by the `reset()` method was expecting a numpy array, actual type: <class 'torch.Tensor'>[0m
  logger.warn(
/workspace/r10/env_old/lib/python3.12/site-packages/gymnasium/spaces/box.py:415: UserWarning: [33mWARN: Casting input x to numpy array.[0m
  gym.logger.warn("Casting input x to numpy array.")
CEM solve time: 1.5331 seconds
/workspace/r10/env_old/lib/python3.12/site-packages/gymnasium/utils/passive_env_checker.py:129: UserWarning: [33mWARN: The obs returned by the `step()` method was expecting a numpy array, actual type: <class 'torch.Tensor'>[0m
  logger.warn(
/workspace/r10/env_old/lib/python3.12/site-packages/gymnasium/spaces/box.py:415: UserWarning: [33mWARN: Casting input x to numpy array.[0m
  gym.logger.warn("Casting input x to numpy array.")
CEM solve time: 1.5631 seconds
{"completed": 23, "missing": 0, "case": "R8_tworoom_0586069dc3ac8d02e1e05d18", "arm": "H0", "stream": "R4_ALT_CEM_1", "mode": "H_REAL3_REPLAN"}
/workspace/r10/env_old/lib/python3.12/site-packages/gymnasium/utils/passive_env_checker.py:129: UserWarning: [33mWARN: The obs returned by the `reset()` method was expecting a numpy array, actual type: <class 'torch.Tensor'>[0m
  logger.warn(
/workspace/r10/env_old/lib/python3.12/site-packages/gymnasium/spaces/box.py:415: UserWarning: [33mWARN: Casting input x to numpy array.[0m
  gym.logger.warn("Casting input x to numpy array.")
CEM solve time: 1.5337 seconds
/workspace/r10/env_old/lib/python3.12/site-packages/gymnasium/utils/passive_env_checker.py:129: UserWarning: [33mWARN: The obs returned by the `step()` method was expecting a numpy array, actual type: <class 'torch.Tensor'>[0m
  logger.warn(
/workspace/r10/env_old/lib/python3.12/site-packages/gymnasium/spaces/box.py:415: UserWarning: [33mWARN: Casting input x to numpy array.[0m
  gym.logger.warn("Casting input x to numpy array.")
CEM solve time: 1.5318 seconds
/workspace/r10/env_old/lib/python3.12/site-packages/gymnasium/utils/passive_env_checker.py:129: UserWarning: [33mWARN: The obs returned by the `reset()` method was expecting a numpy array, actual type: <class 'torch.Tensor'>[0m
  logger.warn(
/workspace/r10/env_old/lib/python3.12/site-packages/gymnasium/spaces/box.py:415: UserWarning: [33mWARN: Casting input x to numpy array.[0m
  gym.logger.warn("Casting input x to numpy array.")
CEM solve time: 1.5285 seconds
/workspace/r10/env_old/lib/python3.12/site-packages/gymnasium/utils/passive_env_checker.py:129: UserWarning: [33mWARN: The obs returned by the `step()` method was expecting a numpy array, actual type: <class 'torch.Tensor'>[0m
  logger.warn(
/workspace/r10/env_old/lib/python3.12/site-packages/gymnasium/spaces/box.py:415: UserWarning: [33mWARN: Casting input x to numpy array.[0m
  gym.logger.warn("Casting input x to numpy array.")
CEM solve time: 1.5498 seconds
{"completed": 24, "missing": 0, "case": "R8_tworoom_0586069dc3ac8d02e1e05d18", "arm": "H0", "stream": "R4_ALT_CEM_2", "mode": "H_REAL3_REPLAN"}
/workspace/r10/env_old/lib/python3.12/site-packages/gymnasium/utils/passive_env_checker.py:129: UserWarning: [33mWARN: The obs returned by the `reset()` method was expecting a numpy array, actual type: <class 'torch.Tensor'>[0m
  logger.warn(
/workspace/r10/env_old/lib/python3.12/site-packages/gymnasium/spaces/box.py:415: UserWarning: [33mWARN: Casting input x to numpy array.[0m
  gym.logger.warn("Casting input x to numpy array.")
CEM solve time: 1.5394 seconds
/workspace/r10/env_old/lib/python3.12/site-packages/gymnasium/utils/passive_env_checker.py:129: UserWarning: [33mWARN: The obs returned by the `step()` method was expecting a numpy array, actual type: <class 'torch.Tensor'>[0m
  logger.warn(
/workspace/r10/env_old/lib/python3.12/site-packages/gymnasium/spaces/box.py:415: UserWarning: [33mWARN: Casting input x to numpy array.[0m
  gym.logger.warn("Casting input x to numpy array.")
/workspace/r10/env_old/lib/python3.12/site-packages/gymnasium/utils/passive_env_checker.py:129: UserWarning: [33mWARN: The obs returned by the `reset()` method was expecting a numpy array, actual type: <class 'torch.Tensor'>[0m
  logger.warn(
/workspace/r10/env_old/lib/python3.12/site-packages/gymnasium/spaces/box.py:415: UserWarning: [33mWARN: Casting input x to numpy array.[0m
  gym.logger.warn("Casting input x to numpy array.")
CEM solve time: 1.5310 seconds
/workspace/r10/env_old/lib/python3.12/site-packages/gymnasium/utils/passive_env_checker.py:129: UserWarning: [33mWARN: The obs returned by the `step()` method was expecting a numpy array, actual type: <class 'torch.Tensor'>[0m
  logger.warn(
/workspace/r10/env_old/lib/python3.12/site-packages/gymnasium/spaces/box.py:415: UserWarning: [33mWARN: Casting input x to numpy array.[0m
  gym.logger.warn("Casting input x to numpy array.")
{"completed": 25, "missing": 0, "case": "R8_tworoom_06950ce9848b7660fc6fdfcc", "arm": "H0", "stream": "R3_ORIGINAL", "mode": "H_REAL3_REPLAN"}
/workspace/r10/env_old/lib/python3.12/site-packages/gymnasium/utils/passive_env_checker.py:129: UserWarning: [33mWARN: The obs returned by the `reset()` method was expecting a numpy array, actual type: <class 'torch.Tensor'>[0m
  logger.warn(
/workspace/r10/env_old/lib/python3.12/site-packages/gymnasium/spaces/box.py:415: UserWarning: [33mWARN: Casting input x to numpy array.[0m
  gym.logger.warn("Casting input x to numpy array.")
CEM solve time: 1.5472 seconds
/workspace/r10/env_old/lib/python3.12/site-packages/gymnasium/utils/passive_env_checker.py:129: UserWarning: [33mWARN: The obs returned by the `step()` method was expecting a numpy array, actual type: <class 'torch.Tensor'>[0m
  logger.warn(
/workspace/r10/env_old/lib/python3.12/site-packages/gymnasium/spaces/box.py:415: UserWarning: [33mWARN: Casting input x to numpy array.[0m
  gym.logger.warn("Casting input x to numpy array.")
CEM solve time: 1.5358 seconds
/workspace/r10/env_old/lib/python3.12/site-packages/gymnasium/utils/passive_env_checker.py:129: UserWarning: [33mWARN: The obs returned by the `reset()` method was expecting a numpy array, actual type: <class 'torch.Tensor'>[0m
  logger.warn(
/workspace/r10/env_old/lib/python3.12/site-packages/gymnasium/spaces/box.py:415: UserWarning: [33mWARN: Casting input x to numpy array.[0m
  gym.logger.warn("Casting input x to numpy array.")
CEM solve time: 1.5353 seconds
/workspace/r10/env_old/lib/python3.12/site-packages/gymnasium/utils/passive_env_checker.py:129: UserWarning: [33mWARN: The obs returned by the `step()` method was expecting a numpy array, actual type: <class 'torch.Tensor'>[0m
  logger.warn(
/workspace/r10/env_old/lib/python3.12/site-packages/gymnasium/spaces/box.py:415: UserWarning: [33mWARN: Casting input x to numpy array.[0m
  gym.logger.warn("Casting input x to numpy array.")
CEM solve time: 1.5470 seconds
{"completed": 26, "missing": 0, "case": "R8_tworoom_06950ce9848b7660fc6fdfcc", "arm": "H0", "stream": "R4_ALT_CEM_1", "mode": "H_REAL3_REPLAN"}
/workspace/r10/env_old/lib/python3.12/site-packages/gymnasium/utils/passive_env_checker.py:129: UserWarning: [33mWARN: The obs returned by the `reset()` method was expecting a numpy array, actual type: <class 'torch.Tensor'>[0m
  logger.warn(
/workspace/r10/env_old/lib/python3.12/site-packages/gymnasium/spaces/box.py:415: UserWarning: [33mWARN: Casting input x to numpy array.[0m
  gym.logger.warn("Casting input x to numpy array.")
CEM solve time: 1.5288 seconds
/workspace/r10/env_old/lib/python3.12/site-packages/gymnasium/utils/passive_env_checker.py:129: UserWarning: [33mWARN: The obs returned by the `step()` method was expecting a numpy array, actual type: <class 'torch.Tensor'>[0m
  logger.warn(
/workspace/r10/env_old/lib/python3.12/site-packages/gymnasium/spaces/box.py:415: UserWarning: [33mWARN: Casting input x to numpy array.[0m
  gym.logger.warn("Casting input x to numpy array.")
CEM solve time: 1.5502 seconds
/workspace/r10/env_old/lib/python3.12/site-packages/gymnasium/utils/passive_env_checker.py:129: UserWarning: [33mWARN: The obs returned by the `reset()` method was expecting a numpy array, actual type: <class 'torch.Tensor'>[0m
  logger.warn(
/workspace/r10/env_old/lib/python3.12/site-packages/gymnasium/spaces/box.py:415: UserWarning: [33mWARN: Casting input x to numpy array.[0m
  gym.logger.warn("Casting input x to numpy array.")
CEM solve time: 1.5253 seconds
/workspace/r10/env_old/lib/python3.12/site-packages/gymnasium/utils/passive_env_checker.py:129: UserWarning: [33mWARN: The obs returned by the `step()` method was expecting a numpy array, actual type: <class 'torch.Tensor'>[0m
  logger.warn(
/workspace/r10/env_old/lib/python3.12/site-packages/gymnasium/spaces/box.py:415: UserWarning: [33mWARN: Casting input x to numpy array.[0m
  gym.logger.warn("Casting input x to numpy array.")
CEM solve time: 1.5771 seconds
{"completed": 27, "missing": 0, "case": "R8_tworoom_06950ce9848b7660fc6fdfcc", "arm": "H0", "stream": "R4_ALT_CEM_2", "mode": "H_REAL3_REPLAN"}
/workspace/r10/env_old/lib/python3.12/site-packages/gymnasium/utils/passive_env_checker.py:129: UserWarning: [33mWARN: The obs returned by the `reset()` method was expecting a numpy array, actual type: <class 'torch.Tensor'>[0m
  logger.warn(
/workspace/r10/env_old/lib/python3.12/site-packages/gymnasium/spaces/box.py:415: UserWarning: [33mWARN: Casting input x to numpy array.[0m
  gym.logger.warn("Casting input x to numpy array.")
CEM solve time: 1.6220 seconds
/workspace/r10/env_old/lib/python3.12/site-packages/gymnasium/utils/passive_env_checker.py:129: UserWarning: [33mWARN: The obs returned by the `step()` method was expecting a numpy array, actual type: <class 'torch.Tensor'>[0m
  logger.warn(
/workspace/r10/env_old/lib/python3.12/site-packages/gymnasium/spaces/box.py:415: UserWarning: [33mWARN: Casting input x to numpy array.[0m
  gym.logger.warn("Casting input x to numpy array.")
/workspace/r10/env_old/lib/python3.12/site-packages/gymnasium/utils/passive_env_checker.py:129: UserWarning: [33mWARN: The obs returned by the `reset()` method was expecting a numpy array, actual type: <class 'torch.Tensor'>[0m
  logger.warn(
/workspace/r10/env_old/lib/python3.12/site-packages/gymnasium/spaces/box.py:415: UserWarning: [33mWARN: Casting input x to numpy array.[0m
  gym.logger.warn("Casting input x to numpy array.")
CEM solve time: 1.5324 seconds
/workspace/r10/env_old/lib/python3.12/site-packages/gymnasium/utils/passive_env_checker.py:129: UserWarning: [33mWARN: The obs returned by the `step()` method was expecting a numpy array, actual type: <class 'torch.Tensor'>[0m
  logger.warn(
/workspace/r10/env_old/lib/python3.12/site-packages/gymnasium/spaces/box.py:415: UserWarning: [33mWARN: Casting input x to numpy array.[0m
  gym.logger.warn("Casting input x to numpy array.")
{"completed": 28, "missing": 0, "case": "R8_tworoom_075acb8ec82b2511f83ca412", "arm": "H0", "stream": "R3_ORIGINAL", "mode": "H_REAL3_REPLAN"}
/workspace/r10/env_old/lib/python3.12/site-packages/gymnasium/utils/passive_env_checker.py:129: UserWarning: [33mWARN: The obs returned by the `reset()` method was expecting a numpy array, actual type: <class 'torch.Tensor'>[0m
  logger.warn(
/workspace/r10/env_old/lib/python3.12/site-packages/gymnasium/spaces/box.py:415: UserWarning: [33mWARN: Casting input x to numpy array.[0m
  gym.logger.warn("Casting input x to numpy array.")
CEM solve time: 1.5729 seconds
/workspace/r10/env_old/lib/python3.12/site-packages/gymnasium/utils/passive_env_checker.py:129: UserWarning: [33mWARN: The obs returned by the `step()` method was expecting a numpy array, actual type: <class 'torch.Tensor'>[0m
  logger.warn(
/workspace/r10/env_old/lib/python3.12/site-packages/gymnasium/spaces/box.py:415: UserWarning: [33mWARN: Casting input x to numpy array.[0m
  gym.logger.warn("Casting input x to numpy array.")
/workspace/r10/env_old/lib/python3.12/site-packages/gymnasium/utils/passive_env_checker.py:129: UserWarning: [33mWARN: The obs returned by the `reset()` method was expecting a numpy array, actual type: <class 'torch.Tensor'>[0m
  logger.warn(
/workspace/r10/env_old/lib/python3.12/site-packages/gymnasium/spaces/box.py:415: UserWarning: [33mWARN: Casting input x to numpy array.[0m
  gym.logger.warn("Casting input x to numpy array.")
CEM solve time: 1.5423 seconds
/workspace/r10/env_old/lib/python3.12/site-packages/gymnasium/utils/passive_env_checker.py:129: UserWarning: [33mWARN: The obs returned by the `step()` method was expecting a numpy array, actual type: <class 'torch.Tensor'>[0m
  logger.warn(
/workspace/r10/env_old/lib/python3.12/site-packages/gymnasium/spaces/box.py:415: UserWarning: [33mWARN: Casting input x to numpy array.[0m
  gym.logger.warn("Casting input x to numpy array.")
{"completed": 29, "missing": 0, "case": "R8_tworoom_075acb8ec82b2511f83ca412", "arm": "H0", "stream": "R4_ALT_CEM_1", "mode": "H_REAL3_REPLAN"}
/workspace/r10/env_old/lib/python3.12/site-packages/gymnasium/utils/passive_env_checker.py:129: UserWarning: [33mWARN: The obs returned by the `reset()` method was expecting a numpy array, actual type: <class 'torch.Tensor'>[0m
  logger.warn(
/workspace/r10/env_old/lib/python3.12/site-packages/gymnasium/spaces/box.py:415: UserWarning: [33mWARN: Casting input x to numpy array.[0m
  gym.logger.warn("Casting input x to numpy array.")
CEM solve time: 1.5487 seconds
/workspace/r10/env_old/lib/python3.12/site-packages/gymnasium/utils/passive_env_checker.py:129: UserWarning: [33mWARN: The obs returned by the `step()` method was expecting a numpy array, actual type: <class 'torch.Tensor'>[0m
  logger.warn(
/workspace/r10/env_old/lib/python3.12/site-packages/gymnasium/spaces/box.py:415: UserWarning: [33mWARN: Casting input x to numpy array.[0m
  gym.logger.warn("Casting input x to numpy array.")
CEM solve time: 1.5630 seconds
/workspace/r10/env_old/lib/python3.12/site-packages/gymnasium/utils/passive_env_checker.py:129: UserWarning: [33mWARN: The obs returned by the `reset()` method was expecting a numpy array, actual type: <class 'torch.Tensor'>[0m
  logger.warn(
/workspace/r10/env_old/lib/python3.12/site-packages/gymnasium/spaces/box.py:415: UserWarning: [33mWARN: Casting input x to numpy array.[0m
  gym.logger.warn("Casting input x to numpy array.")
CEM solve time: 1.5644 seconds
/workspace/r10/env_old/lib/python3.12/site-packages/gymnasium/utils/passive_env_checker.py:129: UserWarning: [33mWARN: The obs returned by the `step()` method was expecting a numpy array, actual type: <class 'torch.Tensor'>[0m
  logger.warn(
/workspace/r10/env_old/lib/python3.12/site-packages/gymnasium/spaces/box.py:415: UserWarning: [33mWARN: Casting input x to numpy array.[0m
  gym.logger.warn("Casting input x to numpy array.")
CEM solve time: 1.5864 seconds
{"completed": 30, "missing": 0, "case": "R8_tworoom_075acb8ec82b2511f83ca412", "arm": "H0", "stream": "R4_ALT_CEM_2", "mode": "H_REAL3_REPLAN"}
/workspace/r10/env_old/lib/python3.12/site-packages/gymnasium/utils/passive_env_checker.py:129: UserWarning: [33mWARN: The obs returned by the `reset()` method was expecting a numpy array, actual type: <class 'torch.Tensor'>[0m
  logger.warn(
/workspace/r10/env_old/lib/python3.12/site-packages/gymnasium/spaces/box.py:415: UserWarning: [33mWARN: Casting input x to numpy array.[0m
  gym.logger.warn("Casting input x to numpy array.")
CEM solve time: 1.5529 seconds
/workspace/r10/env_old/lib/python3.12/site-packages/gymnasium/utils/passive_env_checker.py:129: UserWarning: [33mWARN: The obs returned by the `step()` method was expecting a numpy array, actual type: <class 'torch.Tensor'>[0m
  logger.warn(
/workspace/r10/env_old/lib/python3.12/site-packages/gymnasium/spaces/box.py:415: UserWarning: [33mWARN: Casting input x to numpy array.[0m
  gym.logger.warn("Casting input x to numpy array.")
/workspace/r10/env_old/lib/python3.12/site-packages/gymnasium/utils/passive_env_checker.py:129: UserWarning: [33mWARN: The obs returned by the `reset()` method was expecting a numpy array, actual type: <class 'torch.Tensor'>[0m
  logger.warn(
CEM solve time: 1.5486 seconds
/workspace/r10/env_old/lib/python3.12/site-packages/gymnasium/utils/passive_env_checker.py:129: UserWarning: [33mWARN: The obs returned by the `step()` method was expecting a numpy array, actual type: <class 'torch.Tensor'>[0m
  logger.warn(
/workspace/r10/env_old/lib/python3.12/site-packages/gymnasium/spaces/box.py:415: UserWarning: [33mWARN: Casting input x to numpy array.[0m
  gym.logger.warn("Casting input x to numpy array.")
{"completed": 31, "missing": 0, "case": "R8_tworoom_07d28ef566f88a6ee041edd2", "arm": "H0", "stream": "R3_ORIGINAL", "mode": "H_REAL3_REPLAN"}
/workspace/r10/env_old/lib/python3.12/site-packages/gymnasium/utils/passive_env_checker.py:129: UserWarning: [33mWARN: The obs returned by the `reset()` method was expecting a numpy array, actual type: <class 'torch.Tensor'>[0m
  logger.warn(
CEM solve time: 1.5482 seconds
/workspace/r10/env_old/lib/python3.12/site-packages/gymnasium/utils/passive_env_checker.py:129: UserWarning: [33mWARN: The obs returned by the `step()` method was expecting a numpy array, actual type: <class 'torch.Tensor'>[0m
  logger.warn(
/workspace/r10/env_old/lib/python3.12/site-packages/gymnasium/spaces/box.py:415: UserWarning: [33mWARN: Casting input x to numpy array.[0m
  gym.logger.warn("Casting input x to numpy array.")
/workspace/r10/env_old/lib/python3.12/site-packages/gymnasium/utils/passive_env_checker.py:129: UserWarning: [33mWARN: The obs returned by the `reset()` method was expecting a numpy array, actual type: <class 'torch.Tensor'>[0m
  logger.warn(
/workspace/r10/env_old/lib/python3.12/site-packages/gymnasium/spaces/box.py:415: UserWarning: [33mWARN: Casting input x to numpy array.[0m
  gym.logger.warn("Casting input x to numpy array.")
CEM solve time: 1.5445 seconds
/workspace/r10/env_old/lib/python3.12/site-packages/gymnasium/utils/passive_env_checker.py:129: UserWarning: [33mWARN: The obs returned by the `step()` method was expecting a numpy array, actual type: <class 'torch.Tensor'>[0m
  logger.warn(
/workspace/r10/env_old/lib/python3.12/site-packages/gymnasium/spaces/box.py:415: UserWarning: [33mWARN: Casting input x to numpy array.[0m
  gym.logger.warn("Casting input x to numpy array.")
{"completed": 32, "missing": 0, "case": "R8_tworoom_07d28ef566f88a6ee041edd2", "arm": "H0", "stream": "R4_ALT_CEM_1", "mode": "H_REAL3_REPLAN"}
/workspace/r10/env_old/lib/python3.12/site-packages/gymnasium/utils/passive_env_checker.py:129: UserWarning: [33mWARN: The obs returned by the `reset()` method was expecting a numpy array, actual type: <class 'torch.Tensor'>[0m
  logger.warn(
/workspace/r10/env_old/lib/python3.12/site-packages/gymnasium/spaces/box.py:415: UserWarning: [33mWARN: Casting input x to numpy array.[0m
  gym.logger.warn("Casting input x to numpy array.")
CEM solve time: 1.5852 seconds
/workspace/r10/env_old/lib/python3.12/site-packages/gymnasium/utils/passive_env_checker.py:129: UserWarning: [33mWARN: The obs returned by the `step()` method was expecting a numpy array, actual type: <class 'torch.Tensor'>[0m
  logger.warn(
/workspace/r10/env_old/lib/python3.12/site-packages/gymnasium/spaces/box.py:415: UserWarning: [33mWARN: Casting input x to numpy array.[0m
  gym.logger.warn("Casting input x to numpy array.")
/workspace/r10/env_old/lib/python3.12/site-packages/gymnasium/utils/passive_env_checker.py:129: UserWarning: [33mWARN: The obs returned by the `reset()` method was expecting a numpy array, actual type: <class 'torch.Tensor'>[0m
  logger.warn(
CEM solve time: 1.5480 seconds
/workspace/r10/env_old/lib/python3.12/site-packages/gymnasium/utils/passive_env_checker.py:129: UserWarning: [33mWARN: The obs returned by the `step()` method was expecting a numpy array, actual type: <class 'torch.Tensor'>[0m
  logger.warn(
/workspace/r10/env_old/lib/python3.12/site-packages/gymnasium/spaces/box.py:415: UserWarning: [33mWARN: Casting input x to numpy array.[0m
  gym.logger.warn("Casting input x to numpy array.")
{"completed": 33, "missing": 0, "case": "R8_tworoom_07d28ef566f88a6ee041edd2", "arm": "H0", "stream": "R4_ALT_CEM_2", "mode": "H_REAL3_REPLAN"}
/workspace/r10/env_old/lib/python3.12/site-packages/gymnasium/utils/passive_env_checker.py:129: UserWarning: [33mWARN: The obs returned by the `reset()` method was expecting a numpy array, actual type: <class 'torch.Tensor'>[0m
  logger.warn(
CEM solve time: 1.5451 seconds
/workspace/r10/env_old/lib/python3.12/site-packages/gymnasium/utils/passive_env_checker.py:129: UserWarning: [33mWARN: The obs returned by the `step()` method was expecting a numpy array, actual type: <class 'torch.Tensor'>[0m
  logger.warn(
/workspace/r10/env_old/lib/python3.12/site-packages/gymnasium/spaces/box.py:415: UserWarning: [33mWARN: Casting input x to numpy array.[0m
  gym.logger.warn("Casting input x to numpy array.")
CEM solve time: 1.5495 seconds
/workspace/r10/env_old/lib/python3.12/site-packages/gymnasium/utils/passive_env_checker.py:129: UserWarning: [33mWARN: The obs returned by the `reset()` method was expecting a numpy array, actual type: <class 'torch.Tensor'>[0m
  logger.warn(
/workspace/r10/env_old/lib/python3.12/site-packages/gymnasium/spaces/box.py:415: UserWarning: [33mWARN: Casting input x to numpy array.[0m
  gym.logger.warn("Casting input x to numpy array.")
CEM solve time: 1.5459 seconds
/workspace/r10/env_old/lib/python3.12/site-packages/gymnasium/utils/passive_env_checker.py:129: UserWarning: [33mWARN: The obs returned by the `step()` method was expecting a numpy array, actual type: <class 'torch.Tensor'>[0m
  logger.warn(
/workspace/r10/env_old/lib/python3.12/site-packages/gymnasium/spaces/box.py:415: UserWarning: [33mWARN: Casting input x to numpy array.[0m
  gym.logger.warn("Casting input x to numpy array.")
CEM solve time: 1.5604 seconds
{"completed": 34, "missing": 0, "case": "R8_tworoom_086beb45d9170a5eb00e4768", "arm": "H0", "stream": "R3_ORIGINAL", "mode": "H_REAL3_REPLAN"}
/workspace/r10/env_old/lib/python3.12/site-packages/gymnasium/utils/passive_env_checker.py:129: UserWarning: [33mWARN: The obs returned by the `reset()` method was expecting a numpy array, actual type: <class 'torch.Tensor'>[0m
  logger.warn(
/workspace/r10/env_old/lib/python3.12/site-packages/gymnasium/spaces/box.py:415: UserWarning: [33mWARN: Casting input x to numpy array.[0m
  gym.logger.warn("Casting input x to numpy array.")
CEM solve time: 1.5747 seconds
/workspace/r10/env_old/lib/python3.12/site-packages/gymnasium/utils/passive_env_checker.py:129: UserWarning: [33mWARN: The obs returned by the `step()` method was expecting a numpy array, actual type: <class 'torch.Tensor'>[0m
  logger.warn(
/workspace/r10/env_old/lib/python3.12/site-packages/gymnasium/spaces/box.py:415: UserWarning: [33mWARN: Casting input x to numpy array.[0m
  gym.logger.warn("Casting input x to numpy array.")
CEM solve time: 1.5782 seconds
/workspace/r10/env_old/lib/python3.12/site-packages/gymnasium/utils/passive_env_checker.py:129: UserWarning: [33mWARN: The obs returned by the `reset()` method was expecting a numpy array, actual type: <class 'torch.Tensor'>[0m
  logger.warn(
/workspace/r10/env_old/lib/python3.12/site-packages/gymnasium/spaces/box.py:415: UserWarning: [33mWARN: Casting input x to numpy array.[0m
  gym.logger.warn("Casting input x to numpy array.")
CEM solve time: 1.5425 seconds
/workspace/r10/env_old/lib/python3.12/site-packages/gymnasium/utils/passive_env_checker.py:129: UserWarning: [33mWARN: The obs returned by the `step()` method was expecting a numpy array, actual type: <class 'torch.Tensor'>[0m
  logger.warn(
/workspace/r10/env_old/lib/python3.12/site-packages/gymnasium/spaces/box.py:415: UserWarning: [33mWARN: Casting input x to numpy array.[0m
  gym.logger.warn("Casting input x to numpy array.")
CEM solve time: 1.5641 seconds
{"completed": 35, "missing": 0, "case": "R8_tworoom_086beb45d9170a5eb00e4768", "arm": "H0", "stream": "R4_ALT_CEM_1", "mode": "H_REAL3_REPLAN"}
/workspace/r10/env_old/lib/python3.12/site-packages/gymnasium/utils/passive_env_checker.py:129: UserWarning: [33mWARN: The obs returned by the `reset()` method was expecting a numpy array, actual type: <class 'torch.Tensor'>[0m
  logger.warn(
/workspace/r10/env_old/lib/python3.12/site-packages/gymnasium/spaces/box.py:415: UserWarning: [33mWARN: Casting input x to numpy array.[0m
  gym.logger.warn("Casting input x to numpy array.")
CEM solve time: 1.5878 seconds
/workspace/r10/env_old/lib/python3.12/site-packages/gymnasium/utils/passive_env_checker.py:129: UserWarning: [33mWARN: The obs returned by the `step()` method was expecting a numpy array, actual type: <class 'torch.Tensor'>[0m
  logger.warn(
/workspace/r10/env_old/lib/python3.12/site-packages/gymnasium/spaces/box.py:415: UserWarning: [33mWARN: Casting input x to numpy array.[0m
  gym.logger.warn("Casting input x to numpy array.")
CEM solve time: 1.5504 seconds
/workspace/r10/env_old/lib/python3.12/site-packages/gymnasium/utils/passive_env_checker.py:129: UserWarning: [33mWARN: The obs returned by the `reset()` method was expecting a numpy array, actual type: <class 'torch.Tensor'>[0m
  logger.warn(
/workspace/r10/env_old/lib/python3.12/site-packages/gymnasium/spaces/box.py:415: UserWarning: [33mWARN: Casting input x to numpy array.[0m
  gym.logger.warn("Casting input x to numpy array.")
CEM solve time: 1.5500 seconds
/workspace/r10/env_old/lib/python3.12/site-packages/gymnasium/utils/passive_env_checker.py:129: UserWarning: [33mWARN: The obs returned by the `step()` method was expecting a numpy array, actual type: <class 'torch.Tensor'>[0m
  logger.warn(
/workspace/r10/env_old/lib/python3.12/site-packages/gymnasium/spaces/box.py:415: UserWarning: [33mWARN: Casting input x to numpy array.[0m
  gym.logger.warn("Casting input x to numpy array.")
CEM solve time: 1.5748 seconds
{"completed": 36, "missing": 0, "case": "R8_tworoom_086beb45d9170a5eb00e4768", "arm": "H0", "stream": "R4_ALT_CEM_2", "mode": "H_REAL3_REPLAN"}
/workspace/r10/env_old/lib/python3.12/site-packages/gymnasium/utils/passive_env_checker.py:129: UserWarning: [33mWARN: The obs returned by the `reset()` method was expecting a numpy array, actual type: <class 'torch.Tensor'>[0m
  logger.warn(
/workspace/r10/env_old/lib/python3.12/site-packages/gymnasium/spaces/box.py:415: UserWarning: [33mWARN: Casting input x to numpy array.[0m
  gym.logger.warn("Casting input x to numpy array.")
CEM solve time: 1.5723 seconds
/workspace/r10/env_old/lib/python3.12/site-packages/gymnasium/utils/passive_env_checker.py:129: UserWarning: [33mWARN: The obs returned by the `step()` method was expecting a numpy array, actual type: <class 'torch.Tensor'>[0m
  logger.warn(
/workspace/r10/env_old/lib/python3.12/site-packages/gymnasium/spaces/box.py:415: UserWarning: [33mWARN: Casting input x to numpy array.[0m
  gym.logger.warn("Casting input x to numpy array.")
/workspace/r10/env_old/lib/python3.12/site-packages/gymnasium/utils/passive_env_checker.py:129: UserWarning: [33mWARN: The obs returned by the `reset()` method was expecting a numpy array, actual type: <class 'torch.Tensor'>[0m
  logger.warn(
/workspace/r10/env_old/lib/python3.12/site-packages/gymnasium/spaces/box.py:415: UserWarning: [33mWARN: Casting input x to numpy array.[0m
  gym.logger.warn("Casting input x to numpy array.")
CEM solve time: 1.5524 seconds
/workspace/r10/env_old/lib/python3.12/site-packages/gymnasium/utils/passive_env_checker.py:129: UserWarning: [33mWARN: The obs returned by the `step()` method was expecting a numpy array, actual type: <class 'torch.Tensor'>[0m
  logger.warn(
/workspace/r10/env_old/lib/python3.12/site-packages/gymnasium/spaces/box.py:415: UserWarning: [33mWARN: Casting input x to numpy array.[0m
  gym.logger.warn("Casting input x to numpy array.")
{"completed": 37, "missing": 0, "case": "R8_tworoom_0111aeb23da6fffc773d216b", "arm": "REFIT_103201", "stream": "R3_ORIGINAL", "mode": "H_REAL3_REPLAN"}
/workspace/r10/env_old/lib/python3.12/site-packages/gymnasium/utils/passive_env_checker.py:129: UserWarning: [33mWARN: The obs returned by the `reset()` method was expecting a numpy array, actual type: <class 'torch.Tensor'>[0m
  logger.warn(
/workspace/r10/env_old/lib/python3.12/site-packages/gymnasium/spaces/box.py:415: UserWarning: [33mWARN: Casting input x to numpy array.[0m
  gym.logger.warn("Casting input x to numpy array.")
CEM solve time: 1.5484 seconds
/workspace/r10/env_old/lib/python3.12/site-packages/gymnasium/utils/passive_env_checker.py:129: UserWarning: [33mWARN: The obs returned by the `step()` method was expecting a numpy array, actual type: <class 'torch.Tensor'>[0m
  logger.warn(
/workspace/r10/env_old/lib/python3.12/site-packages/gymnasium/spaces/box.py:415: UserWarning: [33mWARN: Casting input x to numpy array.[0m
  gym.logger.warn("Casting input x to numpy array.")
/workspace/r10/env_old/lib/python3.12/site-packages/gymnasium/utils/passive_env_checker.py:129: UserWarning: [33mWARN: The obs returned by the `reset()` method was expecting a numpy array, actual type: <class 'torch.Tensor'>[0m
  logger.warn(
/workspace/r10/env_old/lib/python3.12/site-packages/gymnasium/spaces/box.py:415: UserWarning: [33mWARN: Casting input x to numpy array.[0m
  gym.logger.warn("Casting input x to numpy array.")
CEM solve time: 1.5587 seconds
/workspace/r10/env_old/lib/python3.12/site-packages/gymnasium/utils/passive_env_checker.py:129: UserWarning: [33mWARN: The obs returned by the `step()` method was expecting a numpy array, actual type: <class 'torch.Tensor'>[0m
  logger.warn(
/workspace/r10/env_old/lib/python3.12/site-packages/gymnasium/spaces/box.py:415: UserWarning: [33mWARN: Casting input x to numpy array.[0m
  gym.logger.warn("Casting input x to numpy array.")
{"completed": 38, "missing": 0, "case": "R8_tworoom_0111aeb23da6fffc773d216b", "arm": "REFIT_103201", "stream": "R4_ALT_CEM_1", "mode": "H_REAL3_REPLAN"}
/workspace/r10/env_old/lib/python3.12/site-packages/gymnasium/utils/passive_env_checker.py:129: UserWarning: [33mWARN: The obs returned by the `reset()` method was expecting a numpy array, actual type: <class 'torch.Tensor'>[0m
  logger.warn(
/workspace/r10/env_old/lib/python3.12/site-packages/gymnasium/spaces/box.py:415: UserWarning: [33mWARN: Casting input x to numpy array.[0m
  gym.logger.warn("Casting input x to numpy array.")
CEM solve time: 1.5511 seconds
/workspace/r10/env_old/lib/python3.12/site-packages/gymnasium/utils/passive_env_checker.py:129: UserWarning: [33mWARN: The obs returned by the `step()` method was expecting a numpy array, actual type: <class 'torch.Tensor'>[0m
  logger.warn(
/workspace/r10/env_old/lib/python3.12/site-packages/gymnasium/spaces/box.py:415: UserWarning: [33mWARN: Casting input x to numpy array.[0m
  gym.logger.warn("Casting input x to numpy array.")
/workspace/r10/env_old/lib/python3.12/site-packages/gymnasium/utils/passive_env_checker.py:129: UserWarning: [33mWARN: The obs returned by the `reset()` method was expecting a numpy array, actual type: <class 'torch.Tensor'>[0m
  logger.warn(
/workspace/r10/env_old/lib/python3.12/site-packages/gymnasium/spaces/box.py:415: UserWarning: [33mWARN: Casting input x to numpy array.[0m
  gym.logger.warn("Casting input x to numpy array.")
CEM solve time: 1.5509 seconds
/workspace/r10/env_old/lib/python3.12/site-packages/gymnasium/utils/passive_env_checker.py:129: UserWarning: [33mWARN: The obs returned by the `step()` method was expecting a numpy array, actual type: <class 'torch.Tensor'>[0m
  logger.warn(
/workspace/r10/env_old/lib/python3.12/site-packages/gymnasium/spaces/box.py:415: UserWarning: [33mWARN: Casting input x to numpy array.[0m
  gym.logger.warn("Casting input x to numpy array.")
{"completed": 39, "missing": 0, "case": "R8_tworoom_0111aeb23da6fffc773d216b", "arm": "REFIT_103201", "stream": "R4_ALT_CEM_2", "mode": "H_REAL3_REPLAN"}
/workspace/r10/env_old/lib/python3.12/site-packages/gymnasium/utils/passive_env_checker.py:129: UserWarning: [33mWARN: The obs returned by the `reset()` method was expecting a numpy array, actual type: <class 'torch.Tensor'>[0m
  logger.warn(
/workspace/r10/env_old/lib/python3.12/site-packages/gymnasium/spaces/box.py:415: UserWarning: [33mWARN: Casting input x to numpy array.[0m
  gym.logger.warn("Casting input x to numpy array.")
CEM solve time: 1.5682 seconds
/workspace/r10/env_old/lib/python3.12/site-packages/gymnasium/utils/passive_env_checker.py:129: UserWarning: [33mWARN: The obs returned by the `step()` method was expecting a numpy array, actual type: <class 'torch.Tensor'>[0m
  logger.warn(
/workspace/r10/env_old/lib/python3.12/site-packages/gymnasium/spaces/box.py:415: UserWarning: [33mWARN: Casting input x to numpy array.[0m
  gym.logger.warn("Casting input x to numpy array.")
/workspace/r10/env_old/lib/python3.12/site-packages/gymnasium/utils/passive_env_checker.py:129: UserWarning: [33mWARN: The obs returned by the `reset()` method was expecting a numpy array, actual type: <class 'torch.Tensor'>[0m
  logger.warn(
/workspace/r10/env_old/lib/python3.12/site-packages/gymnasium/spaces/box.py:415: UserWarning: [33mWARN: Casting input x to numpy array.[0m
  gym.logger.warn("Casting input x to numpy array.")
CEM solve time: 1.5491 seconds
/workspace/r10/env_old/lib/python3.12/site-packages/gymnasium/utils/passive_env_checker.py:129: UserWarning: [33mWARN: The obs returned by the `step()` method was expecting a numpy array, actual type: <class 'torch.Tensor'>[0m
  logger.warn(
/workspace/r10/env_old/lib/python3.12/site-packages/gymnasium/spaces/box.py:415: UserWarning: [33mWARN: Casting input x to numpy array.[0m
  gym.logger.warn("Casting input x to numpy array.")
{"completed": 40, "missing": 0, "case": "R8_tworoom_01e3ee0ac905e396feaf2334", "arm": "REFIT_103201", "stream": "R3_ORIGINAL", "mode": "H_REAL3_REPLAN"}
/workspace/r10/env_old/lib/python3.12/site-packages/gymnasium/utils/passive_env_checker.py:129: UserWarning: [33mWARN: The obs returned by the `reset()` method was expecting a numpy array, actual type: <class 'torch.Tensor'>[0m
  logger.warn(
/workspace/r10/env_old/lib/python3.12/site-packages/gymnasium/spaces/box.py:415: UserWarning: [33mWARN: Casting input x to numpy array.[0m
  gym.logger.warn("Casting input x to numpy array.")
CEM solve time: 1.5551 seconds
/workspace/r10/env_old/lib/python3.12/site-packages/gymnasium/utils/passive_env_checker.py:129: UserWarning: [33mWARN: The obs returned by the `step()` method was expecting a numpy array, actual type: <class 'torch.Tensor'>[0m
  logger.warn(
/workspace/r10/env_old/lib/python3.12/site-packages/gymnasium/spaces/box.py:415: UserWarning: [33mWARN: Casting input x to numpy array.[0m
  gym.logger.warn("Casting input x to numpy array.")
/workspace/r10/env_old/lib/python3.12/site-packages/gymnasium/utils/passive_env_checker.py:129: UserWarning: [33mWARN: The obs returned by the `reset()` method was expecting a numpy array, actual type: <class 'torch.Tensor'>[0m
  logger.warn(
CEM solve time: 1.5780 seconds
/workspace/r10/env_old/lib/python3.12/site-packages/gymnasium/utils/passive_env_checker.py:129: UserWarning: [33mWARN: The obs returned by the `step()` method was expecting a numpy array, actual type: <class 'torch.Tensor'>[0m
  logger.warn(
/workspace/r10/env_old/lib/python3.12/site-packages/gymnasium/spaces/box.py:415: UserWarning: [33mWARN: Casting input x to numpy array.[0m
  gym.logger.warn("Casting input x to numpy array.")
{"completed": 41, "missing": 0, "case": "R8_tworoom_01e3ee0ac905e396feaf2334", "arm": "REFIT_103201", "stream": "R4_ALT_CEM_1", "mode": "H_REAL3_REPLAN"}
/workspace/r10/env_old/lib/python3.12/site-packages/gymnasium/utils/passive_env_checker.py:129: UserWarning: [33mWARN: The obs returned by the `reset()` method was expecting a numpy array, actual type: <class 'torch.Tensor'>[0m
  logger.warn(
CEM solve time: 1.5581 seconds
/workspace/r10/env_old/lib/python3.12/site-packages/gymnasium/utils/passive_env_checker.py:129: UserWarning: [33mWARN: The obs returned by the `step()` method was expecting a numpy array, actual type: <class 'torch.Tensor'>[0m
  logger.warn(
/workspace/r10/env_old/lib/python3.12/site-packages/gymnasium/spaces/box.py:415: UserWarning: [33mWARN: Casting input x to numpy array.[0m
  gym.logger.warn("Casting input x to numpy array.")
/workspace/r10/env_old/lib/python3.12/site-packages/gymnasium/utils/passive_env_checker.py:129: UserWarning: [33mWARN: The obs returned by the `reset()` method was expecting a numpy array, actual type: <class 'torch.Tensor'>[0m
  logger.warn(
/workspace/r10/env_old/lib/python3.12/site-packages/gymnasium/spaces/box.py:415: UserWarning: [33mWARN: Casting input x to numpy array.[0m
  gym.logger.warn("Casting input x to numpy array.")
CEM solve time: 1.5527 seconds
/workspace/r10/env_old/lib/python3.12/site-packages/gymnasium/utils/passive_env_checker.py:129: UserWarning: [33mWARN: The obs returned by the `step()` method was expecting a numpy array, actual type: <class 'torch.Tensor'>[0m
  logger.warn(
/workspace/r10/env_old/lib/python3.12/site-packages/gymnasium/spaces/box.py:415: UserWarning: [33mWARN: Casting input x to numpy array.[0m
  gym.logger.warn("Casting input x to numpy array.")
{"completed": 42, "missing": 0, "case": "R8_tworoom_01e3ee0ac905e396feaf2334", "arm": "REFIT_103201", "stream": "R4_ALT_CEM_2", "mode": "H_REAL3_REPLAN"}
/workspace/r10/env_old/lib/python3.12/site-packages/gymnasium/utils/passive_env_checker.py:129: UserWarning: [33mWARN: The obs returned by the `reset()` method was expecting a numpy array, actual type: <class 'torch.Tensor'>[0m
  logger.warn(
/workspace/r10/env_old/lib/python3.12/site-packages/gymnasium/spaces/box.py:415: UserWarning: [33mWARN: Casting input x to numpy array.[0m
  gym.logger.warn("Casting input x to numpy array.")
CEM solve time: 1.5595 seconds
/workspace/r10/env_old/lib/python3.12/site-packages/gymnasium/utils/passive_env_checker.py:129: UserWarning: [33mWARN: The obs returned by the `step()` method was expecting a numpy array, actual type: <class 'torch.Tensor'>[0m
  logger.warn(
/workspace/r10/env_old/lib/python3.12/site-packages/gymnasium/spaces/box.py:415: UserWarning: [33mWARN: Casting input x to numpy array.[0m
  gym.logger.warn("Casting input x to numpy array.")
/workspace/r10/env_old/lib/python3.12/site-packages/gymnasium/utils/passive_env_checker.py:129: UserWarning: [33mWARN: The obs returned by the `reset()` method was expecting a numpy array, actual type: <class 'torch.Tensor'>[0m
  logger.warn(
CEM solve time: 1.5593 seconds
/workspace/r10/env_old/lib/python3.12/site-packages/gymnasium/utils/passive_env_checker.py:129: UserWarning: [33mWARN: The obs returned by the `step()` method was expecting a numpy array, actual type: <class 'torch.Tensor'>[0m
  logger.warn(
/workspace/r10/env_old/lib/python3.12/site-packages/gymnasium/spaces/box.py:415: UserWarning: [33mWARN: Casting input x to numpy array.[0m
  gym.logger.warn("Casting input x to numpy array.")
{"completed": 43, "missing": 0, "case": "R8_tworoom_02680528f8abd745a907a78d", "arm": "REFIT_103201", "stream": "R3_ORIGINAL", "mode": "H_REAL3_REPLAN"}
/workspace/r10/env_old/lib/python3.12/site-packages/gymnasium/utils/passive_env_checker.py:129: UserWarning: [33mWARN: The obs returned by the `reset()` method was expecting a numpy array, actual type: <class 'torch.Tensor'>[0m
  logger.warn(
CEM solve time: 1.5529 seconds
/workspace/r10/env_old/lib/python3.12/site-packages/gymnasium/utils/passive_env_checker.py:129: UserWarning: [33mWARN: The obs returned by the `step()` method was expecting a numpy array, actual type: <class 'torch.Tensor'>[0m
  logger.warn(
/workspace/r10/env_old/lib/python3.12/site-packages/gymnasium/spaces/box.py:415: UserWarning: [33mWARN: Casting input x to numpy array.[0m
  gym.logger.warn("Casting input x to numpy array.")
/workspace/r10/env_old/lib/python3.12/site-packages/gymnasium/utils/passive_env_checker.py:129: UserWarning: [33mWARN: The obs returned by the `reset()` method was expecting a numpy array, actual type: <class 'torch.Tensor'>[0m
  logger.warn(
CEM solve time: 1.5693 seconds
/workspace/r10/env_old/lib/python3.12/site-packages/gymnasium/utils/passive_env_checker.py:129: UserWarning: [33mWARN: The obs returned by the `step()` method was expecting a numpy array, actual type: <class 'torch.Tensor'>[0m
  logger.warn(
/workspace/r10/env_old/lib/python3.12/site-packages/gymnasium/spaces/box.py:415: UserWarning: [33mWARN: Casting input x to numpy array.[0m
  gym.logger.warn("Casting input x to numpy array.")
{"completed": 44, "missing": 0, "case": "R8_tworoom_02680528f8abd745a907a78d", "arm": "REFIT_103201", "stream": "R4_ALT_CEM_1", "mode": "H_REAL3_REPLAN"}
/workspace/r10/env_old/lib/python3.12/site-packages/gymnasium/utils/passive_env_checker.py:129: UserWarning: [33mWARN: The obs returned by the `reset()` method was expecting a numpy array, actual type: <class 'torch.Tensor'>[0m
  logger.warn(
CEM solve time: 1.5500 seconds
/workspace/r10/env_old/lib/python3.12/site-packages/gymnasium/utils/passive_env_checker.py:129: UserWarning: [33mWARN: The obs returned by the `step()` method was expecting a numpy array, actual type: <class 'torch.Tensor'>[0m
  logger.warn(
/workspace/r10/env_old/lib/python3.12/site-packages/gymnasium/spaces/box.py:415: UserWarning: [33mWARN: Casting input x to numpy array.[0m
  gym.logger.warn("Casting input x to numpy array.")
/workspace/r10/env_old/lib/python3.12/site-packages/gymnasium/utils/passive_env_checker.py:129: UserWarning: [33mWARN: The obs returned by the `reset()` method was expecting a numpy array, actual type: <class 'torch.Tensor'>[0m
  logger.warn(
CEM solve time: 1.5576 seconds
/workspace/r10/env_old/lib/python3.12/site-packages/gymnasium/utils/passive_env_checker.py:129: UserWarning: [33mWARN: The obs returned by the `step()` method was expecting a numpy array, actual type: <class 'torch.Tensor'>[0m
  logger.warn(
/workspace/r10/env_old/lib/python3.12/site-packages/gymnasium/spaces/box.py:415: UserWarning: [33mWARN: Casting input x to numpy array.[0m
  gym.logger.warn("Casting input x to numpy array.")
{"completed": 45, "missing": 0, "case": "R8_tworoom_02680528f8abd745a907a78d", "arm": "REFIT_103201", "stream": "R4_ALT_CEM_2", "mode": "H_REAL3_REPLAN"}
/workspace/r10/env_old/lib/python3.12/site-packages/gymnasium/utils/passive_env_checker.py:129: UserWarning: [33mWARN: The obs returned by the `reset()` method was expecting a numpy array, actual type: <class 'torch.Tensor'>[0m
  logger.warn(
CEM solve time: 1.5606 seconds
/workspace/r10/env_old/lib/python3.12/site-packages/gymnasium/utils/passive_env_checker.py:129: UserWarning: [33mWARN: The obs returned by the `step()` method was expecting a numpy array, actual type: <class 'torch.Tensor'>[0m
  logger.warn(
/workspace/r10/env_old/lib/python3.12/site-packages/gymnasium/spaces/box.py:415: UserWarning: [33mWARN: Casting input x to numpy array.[0m
  gym.logger.warn("Casting input x to numpy array.")
/workspace/r10/env_old/lib/python3.12/site-packages/gymnasium/utils/passive_env_checker.py:129: UserWarning: [33mWARN: The obs returned by the `reset()` method was expecting a numpy array, actual type: <class 'torch.Tensor'>[0m
  logger.warn(
/workspace/r10/env_old/lib/python3.12/site-packages/gymnasium/spaces/box.py:415: UserWarning: [33mWARN: Casting input x to numpy array.[0m
  gym.logger.warn("Casting input x to numpy array.")
CEM solve time: 1.5719 seconds
/workspace/r10/env_old/lib/python3.12/site-packages/gymnasium/utils/passive_env_checker.py:129: UserWarning: [33mWARN: The obs returned by the `step()` method was expecting a numpy array, actual type: <class 'torch.Tensor'>[0m
  logger.warn(
/workspace/r10/env_old/lib/python3.12/site-packages/gymnasium/spaces/box.py:415: UserWarning: [33mWARN: Casting input x to numpy array.[0m
  gym.logger.warn("Casting input x to numpy array.")
{"completed": 46, "missing": 0, "case": "R8_tworoom_02f110e92f4d49fdbc75429a", "arm": "REFIT_103201", "stream": "R3_ORIGINAL", "mode": "H_REAL3_REPLAN"}
/workspace/r10/env_old/lib/python3.12/site-packages/gymnasium/utils/passive_env_checker.py:129: UserWarning: [33mWARN: The obs returned by the `reset()` method was expecting a numpy array, actual type: <class 'torch.Tensor'>[0m
  logger.warn(
/workspace/r10/env_old/lib/python3.12/site-packages/gymnasium/spaces/box.py:415: UserWarning: [33mWARN: Casting input x to numpy array.[0m
  gym.logger.warn("Casting input x to numpy array.")
CEM solve time: 1.5585 seconds
/workspace/r10/env_old/lib/python3.12/site-packages/gymnasium/utils/passive_env_checker.py:129: UserWarning: [33mWARN: The obs returned by the `step()` method was expecting a numpy array, actual type: <class 'torch.Tensor'>[0m
  logger.warn(
/workspace/r10/env_old/lib/python3.12/site-packages/gymnasium/spaces/box.py:415: UserWarning: [33mWARN: Casting input x to numpy array.[0m
  gym.logger.warn("Casting input x to numpy array.")
/workspace/r10/env_old/lib/python3.12/site-packages/gymnasium/utils/passive_env_checker.py:129: UserWarning: [33mWARN: The obs returned by the `reset()` method was expecting a numpy array, actual type: <class 'torch.Tensor'>[0m
  logger.warn(
/workspace/r10/env_old/lib/python3.12/site-packages/gymnasium/spaces/box.py:415: UserWarning: [33mWARN: Casting input x to numpy array.[0m
  gym.logger.warn("Casting input x to numpy array.")
CEM solve time: 1.5534 seconds
/workspace/r10/env_old/lib/python3.12/site-packages/gymnasium/utils/passive_env_checker.py:129: UserWarning: [33mWARN: The obs returned by the `step()` method was expecting a numpy array, actual type: <class 'torch.Tensor'>[0m
  logger.warn(
/workspace/r10/env_old/lib/python3.12/site-packages/gymnasium/spaces/box.py:415: UserWarning: [33mWARN: Casting input x to numpy array.[0m
  gym.logger.warn("Casting input x to numpy array.")
{"completed": 47, "missing": 0, "case": "R8_tworoom_02f110e92f4d49fdbc75429a", "arm": "REFIT_103201", "stream": "R4_ALT_CEM_1", "mode": "H_REAL3_REPLAN"}
/workspace/r10/env_old/lib/python3.12/site-packages/gymnasium/utils/passive_env_checker.py:129: UserWarning: [33mWARN: The obs returned by the `reset()` method was expecting a numpy array, actual type: <class 'torch.Tensor'>[0m
  logger.warn(
/workspace/r10/env_old/lib/python3.12/site-packages/gymnasium/spaces/box.py:415: UserWarning: [33mWARN: Casting input x to numpy array.[0m
  gym.logger.warn("Casting input x to numpy array.")
CEM solve time: 1.5574 seconds
/workspace/r10/env_old/lib/python3.12/site-packages/gymnasium/utils/passive_env_checker.py:129: UserWarning: [33mWARN: The obs returned by the `step()` method was expecting a numpy array, actual type: <class 'torch.Tensor'>[0m
  logger.warn(
/workspace/r10/env_old/lib/python3.12/site-packages/gymnasium/spaces/box.py:415: UserWarning: [33mWARN: Casting input x to numpy array.[0m
  gym.logger.warn("Casting input x to numpy array.")
/workspace/r10/env_old/lib/python3.12/site-packages/gymnasium/utils/passive_env_checker.py:129: UserWarning: [33mWARN: The obs returned by the `reset()` method was expecting a numpy array, actual type: <class 'torch.Tensor'>[0m
  logger.warn(
/workspace/r10/env_old/lib/python3.12/site-packages/gymnasium/spaces/box.py:415: UserWarning: [33mWARN: Casting input x to numpy array.[0m
  gym.logger.warn("Casting input x to numpy array.")
CEM solve time: 1.5515 seconds
/workspace/r10/env_old/lib/python3.12/site-packages/gymnasium/utils/passive_env_checker.py:129: UserWarning: [33mWARN: The obs returned by the `step()` method was expecting a numpy array, actual type: <class 'torch.Tensor'>[0m
  logger.warn(
/workspace/r10/env_old/lib/python3.12/site-packages/gymnasium/spaces/box.py:415: UserWarning: [33mWARN: Casting input x to numpy array.[0m
  gym.logger.warn("Casting input x to numpy array.")
{"completed": 48, "missing": 0, "case": "R8_tworoom_02f110e92f4d49fdbc75429a", "arm": "REFIT_103201", "stream": "R4_ALT_CEM_2", "mode": "H_REAL3_REPLAN"}
/workspace/r10/env_old/lib/python3.12/site-packages/gymnasium/utils/passive_env_checker.py:129: UserWarning: [33mWARN: The obs returned by the `reset()` method was expecting a numpy array, actual type: <class 'torch.Tensor'>[0m
  logger.warn(
/workspace/r10/env_old/lib/python3.12/site-packages/gymnasium/spaces/box.py:415: UserWarning: [33mWARN: Casting input x to numpy array.[0m
  gym.logger.warn("Casting input x to numpy array.")
CEM solve time: 1.5518 seconds
/workspace/r10/env_old/lib/python3.12/site-packages/gymnasium/utils/passive_env_checker.py:129: UserWarning: [33mWARN: The obs returned by the `step()` method was expecting a numpy array, actual type: <class 'torch.Tensor'>[0m
  logger.warn(
/workspace/r10/env_old/lib/python3.12/site-packages/gymnasium/spaces/box.py:415: UserWarning: [33mWARN: Casting input x to numpy array.[0m
  gym.logger.warn("Casting input x to numpy array.")
/workspace/r10/env_old/lib/python3.12/site-packages/gymnasium/utils/passive_env_checker.py:129: UserWarning: [33mWARN: The obs returned by the `reset()` method was expecting a numpy array, actual type: <class 'torch.Tensor'>[0m
  logger.warn(
/workspace/r10/env_old/lib/python3.12/site-packages/gymnasium/spaces/box.py:415: UserWarning: [33mWARN: Casting input x to numpy array.[0m
  gym.logger.warn("Casting input x to numpy array.")
CEM solve time: 1.5858 seconds
/workspace/r10/env_old/lib/python3.12/site-packages/gymnasium/utils/passive_env_checker.py:129: UserWarning: [33mWARN: The obs returned by the `step()` method was expecting a numpy array, actual type: <class 'torch.Tensor'>[0m
  logger.warn(
/workspace/r10/env_old/lib/python3.12/site-packages/gymnasium/spaces/box.py:415: UserWarning: [33mWARN: Casting input x to numpy array.[0m
  gym.logger.warn("Casting input x to numpy array.")
{"completed": 49, "missing": 0, "case": "R8_tworoom_039f03865caa5e75652a007c", "arm": "REFIT_103201", "stream": "R3_ORIGINAL", "mode": "H_REAL3_REPLAN"}
/workspace/r10/env_old/lib/python3.12/site-packages/gymnasium/utils/passive_env_checker.py:129: UserWarning: [33mWARN: The obs returned by the `reset()` method was expecting a numpy array, actual type: <class 'torch.Tensor'>[0m
  logger.warn(
/workspace/r10/env_old/lib/python3.12/site-packages/gymnasium/spaces/box.py:415: UserWarning: [33mWARN: Casting input x to numpy array.[0m
  gym.logger.warn("Casting input x to numpy array.")
CEM solve time: 1.5672 seconds
/workspace/r10/env_old/lib/python3.12/site-packages/gymnasium/utils/passive_env_checker.py:129: UserWarning: [33mWARN: The obs returned by the `step()` method was expecting a numpy array, actual type: <class 'torch.Tensor'>[0m
  logger.warn(
/workspace/r10/env_old/lib/python3.12/site-packages/gymnasium/spaces/box.py:415: UserWarning: [33mWARN: Casting input x to numpy array.[0m
  gym.logger.warn("Casting input x to numpy array.")
/workspace/r10/env_old/lib/python3.12/site-packages/gymnasium/utils/passive_env_checker.py:129: UserWarning: [33mWARN: The obs returned by the `reset()` method was expecting a numpy array, actual type: <class 'torch.Tensor'>[0m
  logger.warn(
/workspace/r10/env_old/lib/python3.12/site-packages/gymnasium/spaces/box.py:415: UserWarning: [33mWARN: Casting input x to numpy array.[0m
  gym.logger.warn("Casting input x to numpy array.")
CEM solve time: 1.5512 seconds
/workspace/r10/env_old/lib/python3.12/site-packages/gymnasium/utils/passive_env_checker.py:129: UserWarning: [33mWARN: The obs returned by the `step()` method was expecting a numpy array, actual type: <class 'torch.Tensor'>[0m
  logger.warn(
/workspace/r10/env_old/lib/python3.12/site-packages/gymnasium/spaces/box.py:415: UserWarning: [33mWARN: Casting input x to numpy array.[0m
  gym.logger.warn("Casting input x to numpy array.")
{"completed": 50, "missing": 0, "case": "R8_tworoom_039f03865caa5e75652a007c", "arm": "REFIT_103201", "stream": "R4_ALT_CEM_1", "mode": "H_REAL3_REPLAN"}
/workspace/r10/env_old/lib/python3.12/site-packages/gymnasium/utils/passive_env_checker.py:129: UserWarning: [33mWARN: The obs returned by the `reset()` method was expecting a numpy array, actual type: <class 'torch.Tensor'>[0m
  logger.warn(
/workspace/r10/env_old/lib/python3.12/site-packages/gymnasium/spaces/box.py:415: UserWarning: [33mWARN: Casting input x to numpy array.[0m
  gym.logger.warn("Casting input x to numpy array.")
CEM solve time: 1.5536 seconds
/workspace/r10/env_old/lib/python3.12/site-packages/gymnasium/utils/passive_env_checker.py:129: UserWarning: [33mWARN: The obs returned by the `step()` method was expecting a numpy array, actual type: <class 'torch.Tensor'>[0m
  logger.warn(
/workspace/r10/env_old/lib/python3.12/site-packages/gymnasium/spaces/box.py:415: UserWarning: [33mWARN: Casting input x to numpy array.[0m
  gym.logger.warn("Casting input x to numpy array.")
/workspace/r10/env_old/lib/python3.12/site-packages/gymnasium/utils/passive_env_checker.py:129: UserWarning: [33mWARN: The obs returned by the `reset()` method was expecting a numpy array, actual type: <class 'torch.Tensor'>[0m
  logger.warn(
/workspace/r10/env_old/lib/python3.12/site-packages/gymnasium/spaces/box.py:415: UserWarning: [33mWARN: Casting input x to numpy array.[0m
  gym.logger.warn("Casting input x to numpy array.")
CEM solve time: 1.5569 seconds
/workspace/r10/env_old/lib/python3.12/site-packages/gymnasium/utils/passive_env_checker.py:129: UserWarning: [33mWARN: The obs returned by the `step()` method was expecting a numpy array, actual type: <class 'torch.Tensor'>[0m
  logger.warn(
/workspace/r10/env_old/lib/python3.12/site-packages/gymnasium/spaces/box.py:415: UserWarning: [33mWARN: Casting input x to numpy array.[0m
  gym.logger.warn("Casting input x to numpy array.")
{"completed": 51, "missing": 0, "case": "R8_tworoom_039f03865caa5e75652a007c", "arm": "REFIT_103201", "stream": "R4_ALT_CEM_2", "mode": "H_REAL3_REPLAN"}
/workspace/r10/env_old/lib/python3.12/site-packages/gymnasium/utils/passive_env_checker.py:129: UserWarning: [33mWARN: The obs returned by the `reset()` method was expecting a numpy array, actual type: <class 'torch.Tensor'>[0m
  logger.warn(
/workspace/r10/env_old/lib/python3.12/site-packages/gymnasium/spaces/box.py:415: UserWarning: [33mWARN: Casting input x to numpy array.[0m
  gym.logger.warn("Casting input x to numpy array.")
CEM solve time: 1.5747 seconds
/workspace/r10/env_old/lib/python3.12/site-packages/gymnasium/utils/passive_env_checker.py:129: UserWarning: [33mWARN: The obs returned by the `step()` method was expecting a numpy array, actual type: <class 'torch.Tensor'>[0m
  logger.warn(
/workspace/r10/env_old/lib/python3.12/site-packages/gymnasium/spaces/box.py:415: UserWarning: [33mWARN: Casting input x to numpy array.[0m
  gym.logger.warn("Casting input x to numpy array.")
/workspace/r10/env_old/lib/python3.12/site-packages/gymnasium/utils/passive_env_checker.py:129: UserWarning: [33mWARN: The obs returned by the `reset()` method was expecting a numpy array, actual type: <class 'torch.Tensor'>[0m
  logger.warn(
/workspace/r10/env_old/lib/python3.12/site-packages/gymnasium/spaces/box.py:415: UserWarning: [33mWARN: Casting input x to numpy array.[0m
  gym.logger.warn("Casting input x to numpy array.")
CEM solve time: 1.5558 seconds
/workspace/r10/env_old/lib/python3.12/site-packages/gymnasium/utils/passive_env_checker.py:129: UserWarning: [33mWARN: The obs returned by the `step()` method was expecting a numpy array, actual type: <class 'torch.Tensor'>[0m
  logger.warn(
/workspace/r10/env_old/lib/python3.12/site-packages/gymnasium/spaces/box.py:415: UserWarning: [33mWARN: Casting input x to numpy array.[0m
  gym.logger.warn("Casting input x to numpy array.")
{"completed": 52, "missing": 0, "case": "R8_tworoom_043a3f8ff0c3e18976268fde", "arm": "REFIT_103201", "stream": "R3_ORIGINAL", "mode": "H_REAL3_REPLAN"}
/workspace/r10/env_old/lib/python3.12/site-packages/gymnasium/utils/passive_env_checker.py:129: UserWarning: [33mWARN: The obs returned by the `reset()` method was expecting a numpy array, actual type: <class 'torch.Tensor'>[0m
  logger.warn(
/workspace/r10/env_old/lib/python3.12/site-packages/gymnasium/spaces/box.py:415: UserWarning: [33mWARN: Casting input x to numpy array.[0m
  gym.logger.warn("Casting input x to numpy array.")
CEM solve time: 1.5551 seconds
/workspace/r10/env_old/lib/python3.12/site-packages/gymnasium/utils/passive_env_checker.py:129: UserWarning: [33mWARN: The obs returned by the `step()` method was expecting a numpy array, actual type: <class 'torch.Tensor'>[0m
  logger.warn(
/workspace/r10/env_old/lib/python3.12/site-packages/gymnasium/spaces/box.py:415: UserWarning: [33mWARN: Casting input x to numpy array.[0m
  gym.logger.warn("Casting input x to numpy array.")
/workspace/r10/env_old/lib/python3.12/site-packages/gymnasium/utils/passive_env_checker.py:129: UserWarning: [33mWARN: The obs returned by the `reset()` method was expecting a numpy array, actual type: <class 'torch.Tensor'>[0m
  logger.warn(
/workspace/r10/env_old/lib/python3.12/site-packages/gymnasium/spaces/box.py:415: UserWarning: [33mWARN: Casting input x to numpy array.[0m
  gym.logger.warn("Casting input x to numpy array.")
CEM solve time: 1.5520 seconds
/workspace/r10/env_old/lib/python3.12/site-packages/gymnasium/utils/passive_env_checker.py:129: UserWarning: [33mWARN: The obs returned by the `step()` method was expecting a numpy array, actual type: <class 'torch.Tensor'>[0m
  logger.warn(
/workspace/r10/env_old/lib/python3.12/site-packages/gymnasium/spaces/box.py:415: UserWarning: [33mWARN: Casting input x to numpy array.[0m
  gym.logger.warn("Casting input x to numpy array.")
{"completed": 53, "missing": 0, "case": "R8_tworoom_043a3f8ff0c3e18976268fde", "arm": "REFIT_103201", "stream": "R4_ALT_CEM_1", "mode": "H_REAL3_REPLAN"}
/workspace/r10/env_old/lib/python3.12/site-packages/gymnasium/utils/passive_env_checker.py:129: UserWarning: [33mWARN: The obs returned by the `reset()` method was expecting a numpy array, actual type: <class 'torch.Tensor'>[0m
  logger.warn(
/workspace/r10/env_old/lib/python3.12/site-packages/gymnasium/spaces/box.py:415: UserWarning: [33mWARN: Casting input x to numpy array.[0m
  gym.logger.warn("Casting input x to numpy array.")
CEM solve time: 1.5635 seconds
/workspace/r10/env_old/lib/python3.12/site-packages/gymnasium/utils/passive_env_checker.py:129: UserWarning: [33mWARN: The obs returned by the `step()` method was expecting a numpy array, actual type: <class 'torch.Tensor'>[0m
  logger.warn(
/workspace/r10/env_old/lib/python3.12/site-packages/gymnasium/spaces/box.py:415: UserWarning: [33mWARN: Casting input x to numpy array.[0m
  gym.logger.warn("Casting input x to numpy array.")
/workspace/r10/env_old/lib/python3.12/site-packages/gymnasium/utils/passive_env_checker.py:129: UserWarning: [33mWARN: The obs returned by the `reset()` method was expecting a numpy array, actual type: <class 'torch.Tensor'>[0m
  logger.warn(
/workspace/r10/env_old/lib/python3.12/site-packages/gymnasium/spaces/box.py:415: UserWarning: [33mWARN: Casting input x to numpy array.[0m
  gym.logger.warn("Casting input x to numpy array.")
CEM solve time: 1.5485 seconds
/workspace/r10/env_old/lib/python3.12/site-packages/gymnasium/utils/passive_env_checker.py:129: UserWarning: [33mWARN: The obs returned by the `step()` method was expecting a numpy array, actual type: <class 'torch.Tensor'>[0m
  logger.warn(
/workspace/r10/env_old/lib/python3.12/site-packages/gymnasium/spaces/box.py:415: UserWarning: [33mWARN: Casting input x to numpy array.[0m
  gym.logger.warn("Casting input x to numpy array.")
{"completed": 54, "missing": 0, "case": "R8_tworoom_043a3f8ff0c3e18976268fde", "arm": "REFIT_103201", "stream": "R4_ALT_CEM_2", "mode": "H_REAL3_REPLAN"}
/workspace/r10/env_old/lib/python3.12/site-packages/gymnasium/utils/passive_env_checker.py:129: UserWarning: [33mWARN: The obs returned by the `reset()` method was expecting a numpy array, actual type: <class 'torch.Tensor'>[0m
  logger.warn(
/workspace/r10/env_old/lib/python3.12/site-packages/gymnasium/spaces/box.py:415: UserWarning: [33mWARN: Casting input x to numpy array.[0m
  gym.logger.warn("Casting input x to numpy array.")
CEM solve time: 1.5477 seconds
/workspace/r10/env_old/lib/python3.12/site-packages/gymnasium/utils/passive_env_checker.py:129: UserWarning: [33mWARN: The obs returned by the `step()` method was expecting a numpy array, actual type: <class 'torch.Tensor'>[0m
  logger.warn(
/workspace/r10/env_old/lib/python3.12/site-packages/gymnasium/spaces/box.py:415: UserWarning: [33mWARN: Casting input x to numpy array.[0m
  gym.logger.warn("Casting input x to numpy array.")
/workspace/r10/env_old/lib/python3.12/site-packages/gymnasium/utils/passive_env_checker.py:129: UserWarning: [33mWARN: The obs returned by the `reset()` method was expecting a numpy array, actual type: <class 'torch.Tensor'>[0m
  logger.warn(
/workspace/r10/env_old/lib/python3.12/site-packages/gymnasium/spaces/box.py:415: UserWarning: [33mWARN: Casting input x to numpy array.[0m
  gym.logger.warn("Casting input x to numpy array.")
CEM solve time: 1.5557 seconds
/workspace/r10/env_old/lib/python3.12/site-packages/gymnasium/utils/passive_env_checker.py:129: UserWarning: [33mWARN: The obs returned by the `step()` method was expecting a numpy array, actual type: <class 'torch.Tensor'>[0m
  logger.warn(
/workspace/r10/env_old/lib/python3.12/site-packages/gymnasium/spaces/box.py:415: UserWarning: [33mWARN: Casting input x to numpy array.[0m
  gym.logger.warn("Casting input x to numpy array.")
{"completed": 55, "missing": 0, "case": "R8_tworoom_053839539a00319e17892aa8", "arm": "REFIT_103201", "stream": "R3_ORIGINAL", "mode": "H_REAL3_REPLAN"}
/workspace/r10/env_old/lib/python3.12/site-packages/gymnasium/utils/passive_env_checker.py:129: UserWarning: [33mWARN: The obs returned by the `reset()` method was expecting a numpy array, actual type: <class 'torch.Tensor'>[0m
  logger.warn(
/workspace/r10/env_old/lib/python3.12/site-packages/gymnasium/spaces/box.py:415: UserWarning: [33mWARN: Casting input x to numpy array.[0m
  gym.logger.warn("Casting input x to numpy array.")
CEM solve time: 1.5511 seconds
/workspace/r10/env_old/lib/python3.12/site-packages/gymnasium/utils/passive_env_checker.py:129: UserWarning: [33mWARN: The obs returned by the `step()` method was expecting a numpy array, actual type: <class 'torch.Tensor'>[0m
  logger.warn(
/workspace/r10/env_old/lib/python3.12/site-packages/gymnasium/spaces/box.py:415: UserWarning: [33mWARN: Casting input x to numpy array.[0m
  gym.logger.warn("Casting input x to numpy array.")
/workspace/r10/env_old/lib/python3.12/site-packages/gymnasium/utils/passive_env_checker.py:129: UserWarning: [33mWARN: The obs returned by the `reset()` method was expecting a numpy array, actual type: <class 'torch.Tensor'>[0m
  logger.warn(
/workspace/r10/env_old/lib/python3.12/site-packages/gymnasium/spaces/box.py:415: UserWarning: [33mWARN: Casting input x to numpy array.[0m
  gym.logger.warn("Casting input x to numpy array.")
CEM solve time: 1.5660 seconds
/workspace/r10/env_old/lib/python3.12/site-packages/gymnasium/utils/passive_env_checker.py:129: UserWarning: [33mWARN: The obs returned by the `step()` method was expecting a numpy array, actual type: <class 'torch.Tensor'>[0m
  logger.warn(
/workspace/r10/env_old/lib/python3.12/site-packages/gymnasium/spaces/box.py:415: UserWarning: [33mWARN: Casting input x to numpy array.[0m
  gym.logger.warn("Casting input x to numpy array.")
{"completed": 56, "missing": 0, "case": "R8_tworoom_053839539a00319e17892aa8", "arm": "REFIT_103201", "stream": "R4_ALT_CEM_1", "mode": "H_REAL3_REPLAN"}
/workspace/r10/env_old/lib/python3.12/site-packages/gymnasium/utils/passive_env_checker.py:129: UserWarning: [33mWARN: The obs returned by the `reset()` method was expecting a numpy array, actual type: <class 'torch.Tensor'>[0m
  logger.warn(
/workspace/r10/env_old/lib/python3.12/site-packages/gymnasium/spaces/box.py:415: UserWarning: [33mWARN: Casting input x to numpy array.[0m
  gym.logger.warn("Casting input x to numpy array.")
CEM solve time: 1.5509 seconds
/workspace/r10/env_old/lib/python3.12/site-packages/gymnasium/utils/passive_env_checker.py:129: UserWarning: [33mWARN: The obs returned by the `step()` method was expecting a numpy array, actual type: <class 'torch.Tensor'>[0m
  logger.warn(
/workspace/r10/env_old/lib/python3.12/site-packages/gymnasium/spaces/box.py:415: UserWarning: [33mWARN: Casting input x to numpy array.[0m
  gym.logger.warn("Casting input x to numpy array.")
/workspace/r10/env_old/lib/python3.12/site-packages/gymnasium/utils/passive_env_checker.py:129: UserWarning: [33mWARN: The obs returned by the `reset()` method was expecting a numpy array, actual type: <class 'torch.Tensor'>[0m
  logger.warn(
/workspace/r10/env_old/lib/python3.12/site-packages/gymnasium/spaces/box.py:415: UserWarning: [33mWARN: Casting input x to numpy array.[0m
  gym.logger.warn("Casting input x to numpy array.")
CEM solve time: 1.5510 seconds
/workspace/r10/env_old/lib/python3.12/site-packages/gymnasium/utils/passive_env_checker.py:129: UserWarning: [33mWARN: The obs returned by the `step()` method was expecting a numpy array, actual type: <class 'torch.Tensor'>[0m
  logger.warn(
/workspace/r10/env_old/lib/python3.12/site-packages/gymnasium/spaces/box.py:415: UserWarning: [33mWARN: Casting input x to numpy array.[0m
  gym.logger.warn("Casting input x to numpy array.")
{"completed": 57, "missing": 0, "case": "R8_tworoom_053839539a00319e17892aa8", "arm": "REFIT_103201", "stream": "R4_ALT_CEM_2", "mode": "H_REAL3_REPLAN"}
/workspace/r10/env_old/lib/python3.12/site-packages/gymnasium/utils/passive_env_checker.py:129: UserWarning: [33mWARN: The obs returned by the `reset()` method was expecting a numpy array, actual type: <class 'torch.Tensor'>[0m
  logger.warn(
/workspace/r10/env_old/lib/python3.12/site-packages/gymnasium/spaces/box.py:415: UserWarning: [33mWARN: Casting input x to numpy array.[0m
  gym.logger.warn("Casting input x to numpy array.")
CEM solve time: 1.5560 seconds
/workspace/r10/env_old/lib/python3.12/site-packages/gymnasium/utils/passive_env_checker.py:129: UserWarning: [33mWARN: The obs returned by the `step()` method was expecting a numpy array, actual type: <class 'torch.Tensor'>[0m
  logger.warn(
/workspace/r10/env_old/lib/python3.12/site-packages/gymnasium/spaces/box.py:415: UserWarning: [33mWARN: Casting input x to numpy array.[0m
  gym.logger.warn("Casting input x to numpy array.")
/workspace/r10/env_old/lib/python3.12/site-packages/gymnasium/utils/passive_env_checker.py:129: UserWarning: [33mWARN: The obs returned by the `reset()` method was expecting a numpy array, actual type: <class 'torch.Tensor'>[0m
  logger.warn(
/workspace/r10/env_old/lib/python3.12/site-packages/gymnasium/spaces/box.py:415: UserWarning: [33mWARN: Casting input x to numpy array.[0m
  gym.logger.warn("Casting input x to numpy array.")
CEM solve time: 1.5605 seconds
/workspace/r10/env_old/lib/python3.12/site-packages/gymnasium/utils/passive_env_checker.py:129: UserWarning: [33mWARN: The obs returned by the `step()` method was expecting a numpy array, actual type: <class 'torch.Tensor'>[0m
  logger.warn(
/workspace/r10/env_old/lib/python3.12/site-packages/gymnasium/spaces/box.py:415: UserWarning: [33mWARN: Casting input x to numpy array.[0m
  gym.logger.warn("Casting input x to numpy array.")
{"completed": 58, "missing": 0, "case": "R8_tworoom_0586069dc3ac8d02e1e05d18", "arm": "REFIT_103201", "stream": "R3_ORIGINAL", "mode": "H_REAL3_REPLAN"}
/workspace/r10/env_old/lib/python3.12/site-packages/gymnasium/utils/passive_env_checker.py:129: UserWarning: [33mWARN: The obs returned by the `reset()` method was expecting a numpy array, actual type: <class 'torch.Tensor'>[0m
  logger.warn(
/workspace/r10/env_old/lib/python3.12/site-packages/gymnasium/spaces/box.py:415: UserWarning: [33mWARN: Casting input x to numpy array.[0m
  gym.logger.warn("Casting input x to numpy array.")
CEM solve time: 1.6125 seconds
/workspace/r10/env_old/lib/python3.12/site-packages/gymnasium/utils/passive_env_checker.py:129: UserWarning: [33mWARN: The obs returned by the `step()` method was expecting a numpy array, actual type: <class 'torch.Tensor'>[0m
  logger.warn(
/workspace/r10/env_old/lib/python3.12/site-packages/gymnasium/spaces/box.py:415: UserWarning: [33mWARN: Casting input x to numpy array.[0m
  gym.logger.warn("Casting input x to numpy array.")
/workspace/r10/env_old/lib/python3.12/site-packages/gymnasium/utils/passive_env_checker.py:129: UserWarning: [33mWARN: The obs returned by the `reset()` method was expecting a numpy array, actual type: <class 'torch.Tensor'>[0m
  logger.warn(
/workspace/r10/env_old/lib/python3.12/site-packages/gymnasium/spaces/box.py:415: UserWarning: [33mWARN: Casting input x to numpy array.[0m
  gym.logger.warn("Casting input x to numpy array.")
CEM solve time: 1.5534 seconds
/workspace/r10/env_old/lib/python3.12/site-packages/gymnasium/utils/passive_env_checker.py:129: UserWarning: [33mWARN: The obs returned by the `step()` method was expecting a numpy array, actual type: <class 'torch.Tensor'>[0m
  logger.warn(
/workspace/r10/env_old/lib/python3.12/site-packages/gymnasium/spaces/box.py:415: UserWarning: [33mWARN: Casting input x to numpy array.[0m
  gym.logger.warn("Casting input x to numpy array.")
{"completed": 59, "missing": 0, "case": "R8_tworoom_0586069dc3ac8d02e1e05d18", "arm": "REFIT_103201", "stream": "R4_ALT_CEM_1", "mode": "H_REAL3_REPLAN"}
/workspace/r10/env_old/lib/python3.12/site-packages/gymnasium/utils/passive_env_checker.py:129: UserWarning: [33mWARN: The obs returned by the `reset()` method was expecting a numpy array, actual type: <class 'torch.Tensor'>[0m
  logger.warn(
/workspace/r10/env_old/lib/python3.12/site-packages/gymnasium/spaces/box.py:415: UserWarning: [33mWARN: Casting input x to numpy array.[0m
  gym.logger.warn("Casting input x to numpy array.")
CEM solve time: 1.5955 seconds
/workspace/r10/env_old/lib/python3.12/site-packages/gymnasium/utils/passive_env_checker.py:129: UserWarning: [33mWARN: The obs returned by the `step()` method was expecting a numpy array, actual type: <class 'torch.Tensor'>[0m
  logger.warn(
/workspace/r10/env_old/lib/python3.12/site-packages/gymnasium/spaces/box.py:415: UserWarning: [33mWARN: Casting input x to numpy array.[0m
  gym.logger.warn("Casting input x to numpy array.")
CEM solve time: 1.5529 seconds
/workspace/r10/env_old/lib/python3.12/site-packages/gymnasium/utils/passive_env_checker.py:129: UserWarning: [33mWARN: The obs returned by the `reset()` method was expecting a numpy array, actual type: <class 'torch.Tensor'>[0m
  logger.warn(
/workspace/r10/env_old/lib/python3.12/site-packages/gymnasium/spaces/box.py:415: UserWarning: [33mWARN: Casting input x to numpy array.[0m
  gym.logger.warn("Casting input x to numpy array.")
CEM solve time: 1.5491 seconds
/workspace/r10/env_old/lib/python3.12/site-packages/gymnasium/utils/passive_env_checker.py:129: UserWarning: [33mWARN: The obs returned by the `step()` method was expecting a numpy array, actual type: <class 'torch.Tensor'>[0m
  logger.warn(
/workspace/r10/env_old/lib/python3.12/site-packages/gymnasium/spaces/box.py:415: UserWarning: [33mWARN: Casting input x to numpy array.[0m
  gym.logger.warn("Casting input x to numpy array.")
CEM solve time: 1.5591 seconds
{"completed": 60, "missing": 0, "case": "R8_tworoom_0586069dc3ac8d02e1e05d18", "arm": "REFIT_103201", "stream": "R4_ALT_CEM_2", "mode": "H_REAL3_REPLAN"}
/workspace/r10/env_old/lib/python3.12/site-packages/gymnasium/utils/passive_env_checker.py:129: UserWarning: [33mWARN: The obs returned by the `reset()` method was expecting a numpy array, actual type: <class 'torch.Tensor'>[0m
  logger.warn(
/workspace/r10/env_old/lib/python3.12/site-packages/gymnasium/spaces/box.py:415: UserWarning: [33mWARN: Casting input x to numpy array.[0m
  gym.logger.warn("Casting input x to numpy array.")
CEM solve time: 1.5697 seconds
/workspace/r10/env_old/lib/python3.12/site-packages/gymnasium/utils/passive_env_checker.py:129: UserWarning: [33mWARN: The obs returned by the `step()` method was expecting a numpy array, actual type: <class 'torch.Tensor'>[0m
  logger.warn(
/workspace/r10/env_old/lib/python3.12/site-packages/gymnasium/spaces/box.py:415: UserWarning: [33mWARN: Casting input x to numpy array.[0m
  gym.logger.warn("Casting input x to numpy array.")
/workspace/r10/env_old/lib/python3.12/site-packages/gymnasium/utils/passive_env_checker.py:129: UserWarning: [33mWARN: The obs returned by the `reset()` method was expecting a numpy array, actual type: <class 'torch.Tensor'>[0m
  logger.warn(
/workspace/r10/env_old/lib/python3.12/site-packages/gymnasium/spaces/box.py:415: UserWarning: [33mWARN: Casting input x to numpy array.[0m
  gym.logger.warn("Casting input x to numpy array.")
CEM solve time: 1.5534 seconds
/workspace/r10/env_old/lib/python3.12/site-packages/gymnasium/utils/passive_env_checker.py:129: UserWarning: [33mWARN: The obs returned by the `step()` method was expecting a numpy array, actual type: <class 'torch.Tensor'>[0m
  logger.warn(
/workspace/r10/env_old/lib/python3.12/site-packages/gymnasium/spaces/box.py:415: UserWarning: [33mWARN: Casting input x to numpy array.[0m
  gym.logger.warn("Casting input x to numpy array.")
{"completed": 61, "missing": 0, "case": "R8_tworoom_06950ce9848b7660fc6fdfcc", "arm": "REFIT_103201", "stream": "R3_ORIGINAL", "mode": "H_REAL3_REPLAN"}
/workspace/r10/env_old/lib/python3.12/site-packages/gymnasium/utils/passive_env_checker.py:129: UserWarning: [33mWARN: The obs returned by the `reset()` method was expecting a numpy array, actual type: <class 'torch.Tensor'>[0m
  logger.warn(
/workspace/r10/env_old/lib/python3.12/site-packages/gymnasium/spaces/box.py:415: UserWarning: [33mWARN: Casting input x to numpy array.[0m
  gym.logger.warn("Casting input x to numpy array.")
CEM solve time: 1.5687 seconds
/workspace/r10/env_old/lib/python3.12/site-packages/gymnasium/utils/passive_env_checker.py:129: UserWarning: [33mWARN: The obs returned by the `step()` method was expecting a numpy array, actual type: <class 'torch.Tensor'>[0m
  logger.warn(
/workspace/r10/env_old/lib/python3.12/site-packages/gymnasium/spaces/box.py:415: UserWarning: [33mWARN: Casting input x to numpy array.[0m
  gym.logger.warn("Casting input x to numpy array.")
/workspace/r10/env_old/lib/python3.12/site-packages/gymnasium/utils/passive_env_checker.py:129: UserWarning: [33mWARN: The obs returned by the `reset()` method was expecting a numpy array, actual type: <class 'torch.Tensor'>[0m
  logger.warn(
/workspace/r10/env_old/lib/python3.12/site-packages/gymnasium/spaces/box.py:415: UserWarning: [33mWARN: Casting input x to numpy array.[0m
  gym.logger.warn("Casting input x to numpy array.")
CEM solve time: 1.5596 seconds
/workspace/r10/env_old/lib/python3.12/site-packages/gymnasium/utils/passive_env_checker.py:129: UserWarning: [33mWARN: The obs returned by the `step()` method was expecting a numpy array, actual type: <class 'torch.Tensor'>[0m
  logger.warn(
/workspace/r10/env_old/lib/python3.12/site-packages/gymnasium/spaces/box.py:415: UserWarning: [33mWARN: Casting input x to numpy array.[0m
  gym.logger.warn("Casting input x to numpy array.")
{"completed": 62, "missing": 0, "case": "R8_tworoom_06950ce9848b7660fc6fdfcc", "arm": "REFIT_103201", "stream": "R4_ALT_CEM_1", "mode": "H_REAL3_REPLAN"}
/workspace/r10/env_old/lib/python3.12/site-packages/gymnasium/utils/passive_env_checker.py:129: UserWarning: [33mWARN: The obs returned by the `reset()` method was expecting a numpy array, actual type: <class 'torch.Tensor'>[0m
  logger.warn(
/workspace/r10/env_old/lib/python3.12/site-packages/gymnasium/spaces/box.py:415: UserWarning: [33mWARN: Casting input x to numpy array.[0m
  gym.logger.warn("Casting input x to numpy array.")
CEM solve time: 1.5540 seconds
/workspace/r10/env_old/lib/python3.12/site-packages/gymnasium/utils/passive_env_checker.py:129: UserWarning: [33mWARN: The obs returned by the `step()` method was expecting a numpy array, actual type: <class 'torch.Tensor'>[0m
  logger.warn(
/workspace/r10/env_old/lib/python3.12/site-packages/gymnasium/spaces/box.py:415: UserWarning: [33mWARN: Casting input x to numpy array.[0m
  gym.logger.warn("Casting input x to numpy array.")
/workspace/r10/env_old/lib/python3.12/site-packages/gymnasium/utils/passive_env_checker.py:129: UserWarning: [33mWARN: The obs returned by the `reset()` method was expecting a numpy array, actual type: <class 'torch.Tensor'>[0m
  logger.warn(
/workspace/r10/env_old/lib/python3.12/site-packages/gymnasium/spaces/box.py:415: UserWarning: [33mWARN: Casting input x to numpy array.[0m
  gym.logger.warn("Casting input x to numpy array.")
CEM solve time: 1.5528 seconds
/workspace/r10/env_old/lib/python3.12/site-packages/gymnasium/utils/passive_env_checker.py:129: UserWarning: [33mWARN: The obs returned by the `step()` method was expecting a numpy array, actual type: <class 'torch.Tensor'>[0m
  logger.warn(
/workspace/r10/env_old/lib/python3.12/site-packages/gymnasium/spaces/box.py:415: UserWarning: [33mWARN: Casting input x to numpy array.[0m
  gym.logger.warn("Casting input x to numpy array.")
{"completed": 63, "missing": 0, "case": "R8_tworoom_06950ce9848b7660fc6fdfcc", "arm": "REFIT_103201", "stream": "R4_ALT_CEM_2", "mode": "H_REAL3_REPLAN"}
/workspace/r10/env_old/lib/python3.12/site-packages/gymnasium/utils/passive_env_checker.py:129: UserWarning: [33mWARN: The obs returned by the `reset()` method was expecting a numpy array, actual type: <class 'torch.Tensor'>[0m
  logger.warn(
/workspace/r10/env_old/lib/python3.12/site-packages/gymnasium/spaces/box.py:415: UserWarning: [33mWARN: Casting input x to numpy array.[0m
  gym.logger.warn("Casting input x to numpy array.")
CEM solve time: 1.5515 seconds
/workspace/r10/env_old/lib/python3.12/site-packages/gymnasium/utils/passive_env_checker.py:129: UserWarning: [33mWARN: The obs returned by the `step()` method was expecting a numpy array, actual type: <class 'torch.Tensor'>[0m
  logger.warn(
/workspace/r10/env_old/lib/python3.12/site-packages/gymnasium/spaces/box.py:415: UserWarning: [33mWARN: Casting input x to numpy array.[0m
  gym.logger.warn("Casting input x to numpy array.")
/workspace/r10/env_old/lib/python3.12/site-packages/gymnasium/utils/passive_env_checker.py:129: UserWarning: [33mWARN: The obs returned by the `reset()` method was expecting a numpy array, actual type: <class 'torch.Tensor'>[0m
  logger.warn(
/workspace/r10/env_old/lib/python3.12/site-packages/gymnasium/spaces/box.py:415: UserWarning: [33mWARN: Casting input x to numpy array.[0m
  gym.logger.warn("Casting input x to numpy array.")
CEM solve time: 1.5553 seconds
/workspace/r10/env_old/lib/python3.12/site-packages/gymnasium/utils/passive_env_checker.py:129: UserWarning: [33mWARN: The obs returned by the `step()` method was expecting a numpy array, actual type: <class 'torch.Tensor'>[0m
  logger.warn(
/workspace/r10/env_old/lib/python3.12/site-packages/gymnasium/spaces/box.py:415: UserWarning: [33mWARN: Casting input x to numpy array.[0m
  gym.logger.warn("Casting input x to numpy array.")
{"completed": 64, "missing": 0, "case": "R8_tworoom_075acb8ec82b2511f83ca412", "arm": "REFIT_103201", "stream": "R3_ORIGINAL", "mode": "H_REAL3_REPLAN"}
/workspace/r10/env_old/lib/python3.12/site-packages/gymnasium/utils/passive_env_checker.py:129: UserWarning: [33mWARN: The obs returned by the `reset()` method was expecting a numpy array, actual type: <class 'torch.Tensor'>[0m
  logger.warn(
/workspace/r10/env_old/lib/python3.12/site-packages/gymnasium/spaces/box.py:415: UserWarning: [33mWARN: Casting input x to numpy array.[0m
  gym.logger.warn("Casting input x to numpy array.")
CEM solve time: 1.5564 seconds
/workspace/r10/env_old/lib/python3.12/site-packages/gymnasium/utils/passive_env_checker.py:129: UserWarning: [33mWARN: The obs returned by the `step()` method was expecting a numpy array, actual type: <class 'torch.Tensor'>[0m
  logger.warn(
/workspace/r10/env_old/lib/python3.12/site-packages/gymnasium/spaces/box.py:415: UserWarning: [33mWARN: Casting input x to numpy array.[0m
  gym.logger.warn("Casting input x to numpy array.")
/workspace/r10/env_old/lib/python3.12/site-packages/gymnasium/utils/passive_env_checker.py:129: UserWarning: [33mWARN: The obs returned by the `reset()` method was expecting a numpy array, actual type: <class 'torch.Tensor'>[0m
  logger.warn(
/workspace/r10/env_old/lib/python3.12/site-packages/gymnasium/spaces/box.py:415: UserWarning: [33mWARN: Casting input x to numpy array.[0m
  gym.logger.warn("Casting input x to numpy array.")
CEM solve time: 1.5767 seconds
/workspace/r10/env_old/lib/python3.12/site-packages/gymnasium/utils/passive_env_checker.py:129: UserWarning: [33mWARN: The obs returned by the `step()` method was expecting a numpy array, actual type: <class 'torch.Tensor'>[0m
  logger.warn(
/workspace/r10/env_old/lib/python3.12/site-packages/gymnasium/spaces/box.py:415: UserWarning: [33mWARN: Casting input x to numpy array.[0m
  gym.logger.warn("Casting input x to numpy array.")
{"completed": 65, "missing": 0, "case": "R8_tworoom_075acb8ec82b2511f83ca412", "arm": "REFIT_103201", "stream": "R4_ALT_CEM_1", "mode": "H_REAL3_REPLAN"}
/workspace/r10/env_old/lib/python3.12/site-packages/gymnasium/utils/passive_env_checker.py:129: UserWarning: [33mWARN: The obs returned by the `reset()` method was expecting a numpy array, actual type: <class 'torch.Tensor'>[0m
  logger.warn(
/workspace/r10/env_old/lib/python3.12/site-packages/gymnasium/spaces/box.py:415: UserWarning: [33mWARN: Casting input x to numpy array.[0m
  gym.logger.warn("Casting input x to numpy array.")
CEM solve time: 1.5522 seconds
/workspace/r10/env_old/lib/python3.12/site-packages/gymnasium/utils/passive_env_checker.py:129: UserWarning: [33mWARN: The obs returned by the `step()` method was expecting a numpy array, actual type: <class 'torch.Tensor'>[0m
  logger.warn(
/workspace/r10/env_old/lib/python3.12/site-packages/gymnasium/spaces/box.py:415: UserWarning: [33mWARN: Casting input x to numpy array.[0m
  gym.logger.warn("Casting input x to numpy array.")
CEM solve time: 1.5481 seconds
/workspace/r10/env_old/lib/python3.12/site-packages/gymnasium/utils/passive_env_checker.py:129: UserWarning: [33mWARN: The obs returned by the `reset()` method was expecting a numpy array, actual type: <class 'torch.Tensor'>[0m
  logger.warn(
/workspace/r10/env_old/lib/python3.12/site-packages/gymnasium/spaces/box.py:415: UserWarning: [33mWARN: Casting input x to numpy array.[0m
  gym.logger.warn("Casting input x to numpy array.")
CEM solve time: 1.5463 seconds
/workspace/r10/env_old/lib/python3.12/site-packages/gymnasium/utils/passive_env_checker.py:129: UserWarning: [33mWARN: The obs returned by the `step()` method was expecting a numpy array, actual type: <class 'torch.Tensor'>[0m
  logger.warn(
/workspace/r10/env_old/lib/python3.12/site-packages/gymnasium/spaces/box.py:415: UserWarning: [33mWARN: Casting input x to numpy array.[0m
  gym.logger.warn("Casting input x to numpy array.")
CEM solve time: 1.5650 seconds
{"completed": 66, "missing": 0, "case": "R8_tworoom_075acb8ec82b2511f83ca412", "arm": "REFIT_103201", "stream": "R4_ALT_CEM_2", "mode": "H_REAL3_REPLAN"}
/workspace/r10/env_old/lib/python3.12/site-packages/gymnasium/utils/passive_env_checker.py:129: UserWarning: [33mWARN: The obs returned by the `reset()` method was expecting a numpy array, actual type: <class 'torch.Tensor'>[0m
  logger.warn(
/workspace/r10/env_old/lib/python3.12/site-packages/gymnasium/spaces/box.py:415: UserWarning: [33mWARN: Casting input x to numpy array.[0m
  gym.logger.warn("Casting input x to numpy array.")
CEM solve time: 1.5510 seconds
/workspace/r10/env_old/lib/python3.12/site-packages/gymnasium/utils/passive_env_checker.py:129: UserWarning: [33mWARN: The obs returned by the `step()` method was expecting a numpy array, actual type: <class 'torch.Tensor'>[0m
  logger.warn(
/workspace/r10/env_old/lib/python3.12/site-packages/gymnasium/spaces/box.py:415: UserWarning: [33mWARN: Casting input x to numpy array.[0m
  gym.logger.warn("Casting input x to numpy array.")
/workspace/r10/env_old/lib/python3.12/site-packages/gymnasium/utils/passive_env_checker.py:129: UserWarning: [33mWARN: The obs returned by the `reset()` method was expecting a numpy array, actual type: <class 'torch.Tensor'>[0m
  logger.warn(
CEM solve time: 1.5499 seconds
/workspace/r10/env_old/lib/python3.12/site-packages/gymnasium/utils/passive_env_checker.py:129: UserWarning: [33mWARN: The obs returned by the `step()` method was expecting a numpy array, actual type: <class 'torch.Tensor'>[0m
  logger.warn(
/workspace/r10/env_old/lib/python3.12/site-packages/gymnasium/spaces/box.py:415: UserWarning: [33mWARN: Casting input x to numpy array.[0m
  gym.logger.warn("Casting input x to numpy array.")
{"completed": 67, "missing": 0, "case": "R8_tworoom_07d28ef566f88a6ee041edd2", "arm": "REFIT_103201", "stream": "R3_ORIGINAL", "mode": "H_REAL3_REPLAN"}
/workspace/r10/env_old/lib/python3.12/site-packages/gymnasium/utils/passive_env_checker.py:129: UserWarning: [33mWARN: The obs returned by the `reset()` method was expecting a numpy array, actual type: <class 'torch.Tensor'>[0m
  logger.warn(
CEM solve time: 1.5870 seconds
/workspace/r10/env_old/lib/python3.12/site-packages/gymnasium/utils/passive_env_checker.py:129: UserWarning: [33mWARN: The obs returned by the `step()` method was expecting a numpy array, actual type: <class 'torch.Tensor'>[0m
  logger.warn(
/workspace/r10/env_old/lib/python3.12/site-packages/gymnasium/spaces/box.py:415: UserWarning: [33mWARN: Casting input x to numpy array.[0m
  gym.logger.warn("Casting input x to numpy array.")
/workspace/r10/env_old/lib/python3.12/site-packages/gymnasium/utils/passive_env_checker.py:129: UserWarning: [33mWARN: The obs returned by the `reset()` method was expecting a numpy array, actual type: <class 'torch.Tensor'>[0m
  logger.warn(
/workspace/r10/env_old/lib/python3.12/site-packages/gymnasium/spaces/box.py:415: UserWarning: [33mWARN: Casting input x to numpy array.[0m
  gym.logger.warn("Casting input x to numpy array.")
CEM solve time: 1.5636 seconds
/workspace/r10/env_old/lib/python3.12/site-packages/gymnasium/utils/passive_env_checker.py:129: UserWarning: [33mWARN: The obs returned by the `step()` method was expecting a numpy array, actual type: <class 'torch.Tensor'>[0m
  logger.warn(
/workspace/r10/env_old/lib/python3.12/site-packages/gymnasium/spaces/box.py:415: UserWarning: [33mWARN: Casting input x to numpy array.[0m
  gym.logger.warn("Casting input x to numpy array.")
{"completed": 68, "missing": 0, "case": "R8_tworoom_07d28ef566f88a6ee041edd2", "arm": "REFIT_103201", "stream": "R4_ALT_CEM_1", "mode": "H_REAL3_REPLAN"}
/workspace/r10/env_old/lib/python3.12/site-packages/gymnasium/utils/passive_env_checker.py:129: UserWarning: [33mWARN: The obs returned by the `reset()` method was expecting a numpy array, actual type: <class 'torch.Tensor'>[0m
  logger.warn(
/workspace/r10/env_old/lib/python3.12/site-packages/gymnasium/spaces/box.py:415: UserWarning: [33mWARN: Casting input x to numpy array.[0m
  gym.logger.warn("Casting input x to numpy array.")
CEM solve time: 1.5505 seconds
/workspace/r10/env_old/lib/python3.12/site-packages/gymnasium/utils/passive_env_checker.py:129: UserWarning: [33mWARN: The obs returned by the `step()` method was expecting a numpy array, actual type: <class 'torch.Tensor'>[0m
  logger.warn(
/workspace/r10/env_old/lib/python3.12/site-packages/gymnasium/spaces/box.py:415: UserWarning: [33mWARN: Casting input x to numpy array.[0m
  gym.logger.warn("Casting input x to numpy array.")
/workspace/r10/env_old/lib/python3.12/site-packages/gymnasium/utils/passive_env_checker.py:129: UserWarning: [33mWARN: The obs returned by the `reset()` method was expecting a numpy array, actual type: <class 'torch.Tensor'>[0m
  logger.warn(
CEM solve time: 1.5537 seconds
/workspace/r10/env_old/lib/python3.12/site-packages/gymnasium/utils/passive_env_checker.py:129: UserWarning: [33mWARN: The obs returned by the `step()` method was expecting a numpy array, actual type: <class 'torch.Tensor'>[0m
  logger.warn(
/workspace/r10/env_old/lib/python3.12/site-packages/gymnasium/spaces/box.py:415: UserWarning: [33mWARN: Casting input x to numpy array.[0m
  gym.logger.warn("Casting input x to numpy array.")
{"completed": 69, "missing": 0, "case": "R8_tworoom_07d28ef566f88a6ee041edd2", "arm": "REFIT_103201", "stream": "R4_ALT_CEM_2", "mode": "H_REAL3_REPLAN"}
/workspace/r10/env_old/lib/python3.12/site-packages/gymnasium/utils/passive_env_checker.py:129: UserWarning: [33mWARN: The obs returned by the `reset()` method was expecting a numpy array, actual type: <class 'torch.Tensor'>[0m
  logger.warn(
CEM solve time: 1.5441 seconds
/workspace/r10/env_old/lib/python3.12/site-packages/gymnasium/utils/passive_env_checker.py:129: UserWarning: [33mWARN: The obs returned by the `step()` method was expecting a numpy array, actual type: <class 'torch.Tensor'>[0m
  logger.warn(
/workspace/r10/env_old/lib/python3.12/site-packages/gymnasium/spaces/box.py:415: UserWarning: [33mWARN: Casting input x to numpy array.[0m
  gym.logger.warn("Casting input x to numpy array.")
CEM solve time: 1.5463 seconds
/workspace/r10/env_old/lib/python3.12/site-packages/gymnasium/utils/passive_env_checker.py:129: UserWarning: [33mWARN: The obs returned by the `reset()` method was expecting a numpy array, actual type: <class 'torch.Tensor'>[0m
  logger.warn(
/workspace/r10/env_old/lib/python3.12/site-packages/gymnasium/spaces/box.py:415: UserWarning: [33mWARN: Casting input x to numpy array.[0m
  gym.logger.warn("Casting input x to numpy array.")
CEM solve time: 1.5490 seconds
/workspace/r10/env_old/lib/python3.12/site-packages/gymnasium/utils/passive_env_checker.py:129: UserWarning: [33mWARN: The obs returned by the `step()` method was expecting a numpy array, actual type: <class 'torch.Tensor'>[0m
  logger.warn(
/workspace/r10/env_old/lib/python3.12/site-packages/gymnasium/spaces/box.py:415: UserWarning: [33mWARN: Casting input x to numpy array.[0m
  gym.logger.warn("Casting input x to numpy array.")
CEM solve time: 1.5826 seconds
{"completed": 70, "missing": 0, "case": "R8_tworoom_086beb45d9170a5eb00e4768", "arm": "REFIT_103201", "stream": "R3_ORIGINAL", "mode": "H_REAL3_REPLAN"}
/workspace/r10/env_old/lib/python3.12/site-packages/gymnasium/utils/passive_env_checker.py:129: UserWarning: [33mWARN: The obs returned by the `reset()` method was expecting a numpy array, actual type: <class 'torch.Tensor'>[0m
  logger.warn(
/workspace/r10/env_old/lib/python3.12/site-packages/gymnasium/spaces/box.py:415: UserWarning: [33mWARN: Casting input x to numpy array.[0m
  gym.logger.warn("Casting input x to numpy array.")
CEM solve time: 1.5642 seconds
/workspace/r10/env_old/lib/python3.12/site-packages/gymnasium/utils/passive_env_checker.py:129: UserWarning: [33mWARN: The obs returned by the `step()` method was expecting a numpy array, actual type: <class 'torch.Tensor'>[0m
  logger.warn(
/workspace/r10/env_old/lib/python3.12/site-packages/gymnasium/spaces/box.py:415: UserWarning: [33mWARN: Casting input x to numpy array.[0m
  gym.logger.warn("Casting input x to numpy array.")
CEM solve time: 1.5533 seconds
/workspace/r10/env_old/lib/python3.12/site-packages/gymnasium/utils/passive_env_checker.py:129: UserWarning: [33mWARN: The obs returned by the `reset()` method was expecting a numpy array, actual type: <class 'torch.Tensor'>[0m
  logger.warn(
/workspace/r10/env_old/lib/python3.12/site-packages/gymnasium/spaces/box.py:415: UserWarning: [33mWARN: Casting input x to numpy array.[0m
  gym.logger.warn("Casting input x to numpy array.")
CEM solve time: 1.5702 seconds
/workspace/r10/env_old/lib/python3.12/site-packages/gymnasium/utils/passive_env_checker.py:129: UserWarning: [33mWARN: The obs returned by the `step()` method was expecting a numpy array, actual type: <class 'torch.Tensor'>[0m
  logger.warn(
/workspace/r10/env_old/lib/python3.12/site-packages/gymnasium/spaces/box.py:415: UserWarning: [33mWARN: Casting input x to numpy array.[0m
  gym.logger.warn("Casting input x to numpy array.")
CEM solve time: 1.5786 seconds
{"completed": 71, "missing": 0, "case": "R8_tworoom_086beb45d9170a5eb00e4768", "arm": "REFIT_103201", "stream": "R4_ALT_CEM_1", "mode": "H_REAL3_REPLAN"}
/workspace/r10/env_old/lib/python3.12/site-packages/gymnasium/utils/passive_env_checker.py:129: UserWarning: [33mWARN: The obs returned by the `reset()` method was expecting a numpy array, actual type: <class 'torch.Tensor'>[0m
  logger.warn(
/workspace/r10/env_old/lib/python3.12/site-packages/gymnasium/spaces/box.py:415: UserWarning: [33mWARN: Casting input x to numpy array.[0m
  gym.logger.warn("Casting input x to numpy array.")
CEM solve time: 1.5593 seconds
/workspace/r10/env_old/lib/python3.12/site-packages/gymnasium/utils/passive_env_checker.py:129: UserWarning: [33mWARN: The obs returned by the `step()` method was expecting a numpy array, actual type: <class 'torch.Tensor'>[0m
  logger.warn(
/workspace/r10/env_old/lib/python3.12/site-packages/gymnasium/spaces/box.py:415: UserWarning: [33mWARN: Casting input x to numpy array.[0m
  gym.logger.warn("Casting input x to numpy array.")
CEM solve time: 1.6461 seconds
/workspace/r10/env_old/lib/python3.12/site-packages/gymnasium/utils/passive_env_checker.py:129: UserWarning: [33mWARN: The obs returned by the `reset()` method was expecting a numpy array, actual type: <class 'torch.Tensor'>[0m
  logger.warn(
/workspace/r10/env_old/lib/python3.12/site-packages/gymnasium/spaces/box.py:415: UserWarning: [33mWARN: Casting input x to numpy array.[0m
  gym.logger.warn("Casting input x to numpy array.")
CEM solve time: 1.5477 seconds
/workspace/r10/env_old/lib/python3.12/site-packages/gymnasium/utils/passive_env_checker.py:129: UserWarning: [33mWARN: The obs returned by the `step()` method was expecting a numpy array, actual type: <class 'torch.Tensor'>[0m
  logger.warn(
/workspace/r10/env_old/lib/python3.12/site-packages/gymnasium/spaces/box.py:415: UserWarning: [33mWARN: Casting input x to numpy array.[0m
  gym.logger.warn("Casting input x to numpy array.")
CEM solve time: 1.5652 seconds
{"completed": 72, "missing": 0, "case": "R8_tworoom_086beb45d9170a5eb00e4768", "arm": "REFIT_103201", "stream": "R4_ALT_CEM_2", "mode": "H_REAL3_REPLAN"}
/workspace/r10/env_old/lib/python3.12/site-packages/gymnasium/utils/passive_env_checker.py:129: UserWarning: [33mWARN: The obs returned by the `reset()` method was expecting a numpy array, actual type: <class 'torch.Tensor'>[0m
  logger.warn(
/workspace/r10/env_old/lib/python3.12/site-packages/gymnasium/spaces/box.py:415: UserWarning: [33mWARN: Casting input x to numpy array.[0m
  gym.logger.warn("Casting input x to numpy array.")
CEM solve time: 1.5766 seconds
/workspace/r10/env_old/lib/python3.12/site-packages/gymnasium/utils/passive_env_checker.py:129: UserWarning: [33mWARN: The obs returned by the `step()` method was expecting a numpy array, actual type: <class 'torch.Tensor'>[0m
  logger.warn(
/workspace/r10/env_old/lib/python3.12/site-packages/gymnasium/spaces/box.py:415: UserWarning: [33mWARN: Casting input x to numpy array.[0m
  gym.logger.warn("Casting input x to numpy array.")
/workspace/r10/env_old/lib/python3.12/site-packages/gymnasium/utils/passive_env_checker.py:129: UserWarning: [33mWARN: The obs returned by the `reset()` method was expecting a numpy array, actual type: <class 'torch.Tensor'>[0m
  logger.warn(
/workspace/r10/env_old/lib/python3.12/site-packages/gymnasium/spaces/box.py:415: UserWarning: [33mWARN: Casting input x to numpy array.[0m
  gym.logger.warn("Casting input x to numpy array.")
CEM solve time: 1.5515 seconds
/workspace/r10/env_old/lib/python3.12/site-packages/gymnasium/utils/passive_env_checker.py:129: UserWarning: [33mWARN: The obs returned by the `step()` method was expecting a numpy array, actual type: <class 'torch.Tensor'>[0m
  logger.warn(
/workspace/r10/env_old/lib/python3.12/site-packages/gymnasium/spaces/box.py:415: UserWarning: [33mWARN: Casting input x to numpy array.[0m
  gym.logger.warn("Casting input x to numpy array.")
{"completed": 73, "missing": 0, "case": "R8_tworoom_0111aeb23da6fffc773d216b", "arm": "REFIT_103202", "stream": "R3_ORIGINAL", "mode": "H_REAL3_REPLAN"}
/workspace/r10/env_old/lib/python3.12/site-packages/gymnasium/utils/passive_env_checker.py:129: UserWarning: [33mWARN: The obs returned by the `reset()` method was expecting a numpy array, actual type: <class 'torch.Tensor'>[0m
  logger.warn(
/workspace/r10/env_old/lib/python3.12/site-packages/gymnasium/spaces/box.py:415: UserWarning: [33mWARN: Casting input x to numpy array.[0m
  gym.logger.warn("Casting input x to numpy array.")
CEM solve time: 1.5504 seconds
/workspace/r10/env_old/lib/python3.12/site-packages/gymnasium/utils/passive_env_checker.py:129: UserWarning: [33mWARN: The obs returned by the `step()` method was expecting a numpy array, actual type: <class 'torch.Tensor'>[0m
  logger.warn(
/workspace/r10/env_old/lib/python3.12/site-packages/gymnasium/spaces/box.py:415: UserWarning: [33mWARN: Casting input x to numpy array.[0m
  gym.logger.warn("Casting input x to numpy array.")
/workspace/r10/env_old/lib/python3.12/site-packages/gymnasium/utils/passive_env_checker.py:129: UserWarning: [33mWARN: The obs returned by the `reset()` method was expecting a numpy array, actual type: <class 'torch.Tensor'>[0m
  logger.warn(
/workspace/r10/env_old/lib/python3.12/site-packages/gymnasium/spaces/box.py:415: UserWarning: [33mWARN: Casting input x to numpy array.[0m
  gym.logger.warn("Casting input x to numpy array.")
CEM solve time: 1.5642 seconds
/workspace/r10/env_old/lib/python3.12/site-packages/gymnasium/utils/passive_env_checker.py:129: UserWarning: [33mWARN: The obs returned by the `step()` method was expecting a numpy array, actual type: <class 'torch.Tensor'>[0m
  logger.warn(
/workspace/r10/env_old/lib/python3.12/site-packages/gymnasium/spaces/box.py:415: UserWarning: [33mWARN: Casting input x to numpy array.[0m
  gym.logger.warn("Casting input x to numpy array.")
{"completed": 74, "missing": 0, "case": "R8_tworoom_0111aeb23da6fffc773d216b", "arm": "REFIT_103202", "stream": "R4_ALT_CEM_1", "mode": "H_REAL3_REPLAN"}
/workspace/r10/env_old/lib/python3.12/site-packages/gymnasium/utils/passive_env_checker.py:129: UserWarning: [33mWARN: The obs returned by the `reset()` method was expecting a numpy array, actual type: <class 'torch.Tensor'>[0m
  logger.warn(
/workspace/r10/env_old/lib/python3.12/site-packages/gymnasium/spaces/box.py:415: UserWarning: [33mWARN: Casting input x to numpy array.[0m
  gym.logger.warn("Casting input x to numpy array.")
CEM solve time: 1.5660 seconds
/workspace/r10/env_old/lib/python3.12/site-packages/gymnasium/utils/passive_env_checker.py:129: UserWarning: [33mWARN: The obs returned by the `step()` method was expecting a numpy array, actual type: <class 'torch.Tensor'>[0m
  logger.warn(
/workspace/r10/env_old/lib/python3.12/site-packages/gymnasium/spaces/box.py:415: UserWarning: [33mWARN: Casting input x to numpy array.[0m
  gym.logger.warn("Casting input x to numpy array.")
/workspace/r10/env_old/lib/python3.12/site-packages/gymnasium/utils/passive_env_checker.py:129: UserWarning: [33mWARN: The obs returned by the `reset()` method was expecting a numpy array, actual type: <class 'torch.Tensor'>[0m
  logger.warn(
/workspace/r10/env_old/lib/python3.12/site-packages/gymnasium/spaces/box.py:415: UserWarning: [33mWARN: Casting input x to numpy array.[0m
  gym.logger.warn("Casting input x to numpy array.")
CEM solve time: 1.5456 seconds
/workspace/r10/env_old/lib/python3.12/site-packages/gymnasium/utils/passive_env_checker.py:129: UserWarning: [33mWARN: The obs returned by the `step()` method was expecting a numpy array, actual type: <class 'torch.Tensor'>[0m
  logger.warn(
/workspace/r10/env_old/lib/python3.12/site-packages/gymnasium/spaces/box.py:415: UserWarning: [33mWARN: Casting input x to numpy array.[0m
  gym.logger.warn("Casting input x to numpy array.")
{"completed": 75, "missing": 0, "case": "R8_tworoom_0111aeb23da6fffc773d216b", "arm": "REFIT_103202", "stream": "R4_ALT_CEM_2", "mode": "H_REAL3_REPLAN"}
/workspace/r10/env_old/lib/python3.12/site-packages/gymnasium/utils/passive_env_checker.py:129: UserWarning: [33mWARN: The obs returned by the `reset()` method was expecting a numpy array, actual type: <class 'torch.Tensor'>[0m
  logger.warn(
/workspace/r10/env_old/lib/python3.12/site-packages/gymnasium/spaces/box.py:415: UserWarning: [33mWARN: Casting input x to numpy array.[0m
  gym.logger.warn("Casting input x to numpy array.")
CEM solve time: 1.5633 seconds
/workspace/r10/env_old/lib/python3.12/site-packages/gymnasium/utils/passive_env_checker.py:129: UserWarning: [33mWARN: The obs returned by the `step()` method was expecting a numpy array, actual type: <class 'torch.Tensor'>[0m
  logger.warn(
/workspace/r10/env_old/lib/python3.12/site-packages/gymnasium/spaces/box.py:415: UserWarning: [33mWARN: Casting input x to numpy array.[0m
  gym.logger.warn("Casting input x to numpy array.")
/workspace/r10/env_old/lib/python3.12/site-packages/gymnasium/utils/passive_env_checker.py:129: UserWarning: [33mWARN: The obs returned by the `reset()` method was expecting a numpy array, actual type: <class 'torch.Tensor'>[0m
  logger.warn(
CEM solve time: 1.5551 seconds
/workspace/r10/env_old/lib/python3.12/site-packages/gymnasium/utils/passive_env_checker.py:129: UserWarning: [33mWARN: The obs returned by the `step()` method was expecting a numpy array, actual type: <class 'torch.Tensor'>[0m
  logger.warn(
/workspace/r10/env_old/lib/python3.12/site-packages/gymnasium/spaces/box.py:415: UserWarning: [33mWARN: Casting input x to numpy array.[0m
  gym.logger.warn("Casting input x to numpy array.")
{"completed": 76, "missing": 0, "case": "R8_tworoom_01e3ee0ac905e396feaf2334", "arm": "REFIT_103202", "stream": "R3_ORIGINAL", "mode": "H_REAL3_REPLAN"}
/workspace/r10/env_old/lib/python3.12/site-packages/gymnasium/utils/passive_env_checker.py:129: UserWarning: [33mWARN: The obs returned by the `reset()` method was expecting a numpy array, actual type: <class 'torch.Tensor'>[0m
  logger.warn(
CEM solve time: 1.5516 seconds
/workspace/r10/env_old/lib/python3.12/site-packages/gymnasium/utils/passive_env_checker.py:129: UserWarning: [33mWARN: The obs returned by the `step()` method was expecting a numpy array, actual type: <class 'torch.Tensor'>[0m
  logger.warn(
/workspace/r10/env_old/lib/python3.12/site-packages/gymnasium/spaces/box.py:415: UserWarning: [33mWARN: Casting input x to numpy array.[0m
  gym.logger.warn("Casting input x to numpy array.")
/workspace/r10/env_old/lib/python3.12/site-packages/gymnasium/utils/passive_env_checker.py:129: UserWarning: [33mWARN: The obs returned by the `reset()` method was expecting a numpy array, actual type: <class 'torch.Tensor'>[0m
  logger.warn(
CEM solve time: 1.5565 seconds
/workspace/r10/env_old/lib/python3.12/site-packages/gymnasium/utils/passive_env_checker.py:129: UserWarning: [33mWARN: The obs returned by the `step()` method was expecting a numpy array, actual type: <class 'torch.Tensor'>[0m
  logger.warn(
/workspace/r10/env_old/lib/python3.12/site-packages/gymnasium/spaces/box.py:415: UserWarning: [33mWARN: Casting input x to numpy array.[0m
  gym.logger.warn("Casting input x to numpy array.")
{"completed": 77, "missing": 0, "case": "R8_tworoom_01e3ee0ac905e396feaf2334", "arm": "REFIT_103202", "stream": "R4_ALT_CEM_1", "mode": "H_REAL3_REPLAN"}
/workspace/r10/env_old/lib/python3.12/site-packages/gymnasium/utils/passive_env_checker.py:129: UserWarning: [33mWARN: The obs returned by the `reset()` method was expecting a numpy array, actual type: <class 'torch.Tensor'>[0m
  logger.warn(
CEM solve time: 1.5610 seconds
/workspace/r10/env_old/lib/python3.12/site-packages/gymnasium/utils/passive_env_checker.py:129: UserWarning: [33mWARN: The obs returned by the `step()` method was expecting a numpy array, actual type: <class 'torch.Tensor'>[0m
  logger.warn(
/workspace/r10/env_old/lib/python3.12/site-packages/gymnasium/spaces/box.py:415: UserWarning: [33mWARN: Casting input x to numpy array.[0m
  gym.logger.warn("Casting input x to numpy array.")
/workspace/r10/env_old/lib/python3.12/site-packages/gymnasium/utils/passive_env_checker.py:129: UserWarning: [33mWARN: The obs returned by the `reset()` method was expecting a numpy array, actual type: <class 'torch.Tensor'>[0m
  logger.warn(
/workspace/r10/env_old/lib/python3.12/site-packages/gymnasium/spaces/box.py:415: UserWarning: [33mWARN: Casting input x to numpy array.[0m
  gym.logger.warn("Casting input x to numpy array.")
CEM solve time: 1.5536 seconds
/workspace/r10/env_old/lib/python3.12/site-packages/gymnasium/utils/passive_env_checker.py:129: UserWarning: [33mWARN: The obs returned by the `step()` method was expecting a numpy array, actual type: <class 'torch.Tensor'>[0m
  logger.warn(
/workspace/r10/env_old/lib/python3.12/site-packages/gymnasium/spaces/box.py:415: UserWarning: [33mWARN: Casting input x to numpy array.[0m
  gym.logger.warn("Casting input x to numpy array.")
{"completed": 78, "missing": 0, "case": "R8_tworoom_01e3ee0ac905e396feaf2334", "arm": "REFIT_103202", "stream": "R4_ALT_CEM_2", "mode": "H_REAL3_REPLAN"}
/workspace/r10/env_old/lib/python3.12/site-packages/gymnasium/utils/passive_env_checker.py:129: UserWarning: [33mWARN: The obs returned by the `reset()` method was expecting a numpy array, actual type: <class 'torch.Tensor'>[0m
  logger.warn(
/workspace/r10/env_old/lib/python3.12/site-packages/gymnasium/spaces/box.py:415: UserWarning: [33mWARN: Casting input x to numpy array.[0m
  gym.logger.warn("Casting input x to numpy array.")
CEM solve time: 1.5564 seconds
/workspace/r10/env_old/lib/python3.12/site-packages/gymnasium/utils/passive_env_checker.py:129: UserWarning: [33mWARN: The obs returned by the `step()` method was expecting a numpy array, actual type: <class 'torch.Tensor'>[0m
  logger.warn(
/workspace/r10/env_old/lib/python3.12/site-packages/gymnasium/spaces/box.py:415: UserWarning: [33mWARN: Casting input x to numpy array.[0m
  gym.logger.warn("Casting input x to numpy array.")
/workspace/r10/env_old/lib/python3.12/site-packages/gymnasium/utils/passive_env_checker.py:129: UserWarning: [33mWARN: The obs returned by the `reset()` method was expecting a numpy array, actual type: <class 'torch.Tensor'>[0m
  logger.warn(
CEM solve time: 1.5770 seconds
/workspace/r10/env_old/lib/python3.12/site-packages/gymnasium/utils/passive_env_checker.py:129: UserWarning: [33mWARN: The obs returned by the `step()` method was expecting a numpy array, actual type: <class 'torch.Tensor'>[0m
  logger.warn(
/workspace/r10/env_old/lib/python3.12/site-packages/gymnasium/spaces/box.py:415: UserWarning: [33mWARN: Casting input x to numpy array.[0m
  gym.logger.warn("Casting input x to numpy array.")
{"completed": 79, "missing": 0, "case": "R8_tworoom_02680528f8abd745a907a78d", "arm": "REFIT_103202", "stream": "R3_ORIGINAL", "mode": "H_REAL3_REPLAN"}
/workspace/r10/env_old/lib/python3.12/site-packages/gymnasium/utils/passive_env_checker.py:129: UserWarning: [33mWARN: The obs returned by the `reset()` method was expecting a numpy array, actual type: <class 'torch.Tensor'>[0m
  logger.warn(
CEM solve time: 1.5505 seconds
/workspace/r10/env_old/lib/python3.12/site-packages/gymnasium/utils/passive_env_checker.py:129: UserWarning: [33mWARN: The obs returned by the `step()` method was expecting a numpy array, actual type: <class 'torch.Tensor'>[0m
  logger.warn(
/workspace/r10/env_old/lib/python3.12/site-packages/gymnasium/spaces/box.py:415: UserWarning: [33mWARN: Casting input x to numpy array.[0m
  gym.logger.warn("Casting input x to numpy array.")
/workspace/r10/env_old/lib/python3.12/site-packages/gymnasium/utils/passive_env_checker.py:129: UserWarning: [33mWARN: The obs returned by the `reset()` method was expecting a numpy array, actual type: <class 'torch.Tensor'>[0m
  logger.warn(
CEM solve time: 1.5546 seconds
/workspace/r10/env_old/lib/python3.12/site-packages/gymnasium/utils/passive_env_checker.py:129: UserWarning: [33mWARN: The obs returned by the `step()` method was expecting a numpy array, actual type: <class 'torch.Tensor'>[0m
  logger.warn(
/workspace/r10/env_old/lib/python3.12/site-packages/gymnasium/spaces/box.py:415: UserWarning: [33mWARN: Casting input x to numpy array.[0m
  gym.logger.warn("Casting input x to numpy array.")
{"completed": 80, "missing": 0, "case": "R8_tworoom_02680528f8abd745a907a78d", "arm": "REFIT_103202", "stream": "R4_ALT_CEM_1", "mode": "H_REAL3_REPLAN"}
/workspace/r10/env_old/lib/python3.12/site-packages/gymnasium/utils/passive_env_checker.py:129: UserWarning: [33mWARN: The obs returned by the `reset()` method was expecting a numpy array, actual type: <class 'torch.Tensor'>[0m
  logger.warn(
CEM solve time: 1.5550 seconds
/workspace/r10/env_old/lib/python3.12/site-packages/gymnasium/utils/passive_env_checker.py:129: UserWarning: [33mWARN: The obs returned by the `step()` method was expecting a numpy array, actual type: <class 'torch.Tensor'>[0m
  logger.warn(
/workspace/r10/env_old/lib/python3.12/site-packages/gymnasium/spaces/box.py:415: UserWarning: [33mWARN: Casting input x to numpy array.[0m
  gym.logger.warn("Casting input x to numpy array.")
/workspace/r10/env_old/lib/python3.12/site-packages/gymnasium/utils/passive_env_checker.py:129: UserWarning: [33mWARN: The obs returned by the `reset()` method was expecting a numpy array, actual type: <class 'torch.Tensor'>[0m
  logger.warn(
CEM solve time: 1.5662 seconds
/workspace/r10/env_old/lib/python3.12/site-packages/gymnasium/utils/passive_env_checker.py:129: UserWarning: [33mWARN: The obs returned by the `step()` method was expecting a numpy array, actual type: <class 'torch.Tensor'>[0m
  logger.warn(
/workspace/r10/env_old/lib/python3.12/site-packages/gymnasium/spaces/box.py:415: UserWarning: [33mWARN: Casting input x to numpy array.[0m
  gym.logger.warn("Casting input x to numpy array.")
{"completed": 81, "missing": 0, "case": "R8_tworoom_02680528f8abd745a907a78d", "arm": "REFIT_103202", "stream": "R4_ALT_CEM_2", "mode": "H_REAL3_REPLAN"}
/workspace/r10/env_old/lib/python3.12/site-packages/gymnasium/utils/passive_env_checker.py:129: UserWarning: [33mWARN: The obs returned by the `reset()` method was expecting a numpy array, actual type: <class 'torch.Tensor'>[0m
  logger.warn(
CEM solve time: 1.5530 seconds
/workspace/r10/env_old/lib/python3.12/site-packages/gymnasium/utils/passive_env_checker.py:129: UserWarning: [33mWARN: The obs returned by the `step()` method was expecting a numpy array, actual type: <class 'torch.Tensor'>[0m
  logger.warn(
/workspace/r10/env_old/lib/python3.12/site-packages/gymnasium/spaces/box.py:415: UserWarning: [33mWARN: Casting input x to numpy array.[0m
  gym.logger.warn("Casting input x to numpy array.")
/workspace/r10/env_old/lib/python3.12/site-packages/gymnasium/utils/passive_env_checker.py:129: UserWarning: [33mWARN: The obs returned by the `reset()` method was expecting a numpy array, actual type: <class 'torch.Tensor'>[0m
  logger.warn(
/workspace/r10/env_old/lib/python3.12/site-packages/gymnasium/spaces/box.py:415: UserWarning: [33mWARN: Casting input x to numpy array.[0m
  gym.logger.warn("Casting input x to numpy array.")
CEM solve time: 1.5665 seconds
/workspace/r10/env_old/lib/python3.12/site-packages/gymnasium/utils/passive_env_checker.py:129: UserWarning: [33mWARN: The obs returned by the `step()` method was expecting a numpy array, actual type: <class 'torch.Tensor'>[0m
  logger.warn(
/workspace/r10/env_old/lib/python3.12/site-packages/gymnasium/spaces/box.py:415: UserWarning: [33mWARN: Casting input x to numpy array.[0m
  gym.logger.warn("Casting input x to numpy array.")
{"completed": 82, "missing": 0, "case": "R8_tworoom_02f110e92f4d49fdbc75429a", "arm": "REFIT_103202", "stream": "R3_ORIGINAL", "mode": "H_REAL3_REPLAN"}
/workspace/r10/env_old/lib/python3.12/site-packages/gymnasium/utils/passive_env_checker.py:129: UserWarning: [33mWARN: The obs returned by the `reset()` method was expecting a numpy array, actual type: <class 'torch.Tensor'>[0m
  logger.warn(
/workspace/r10/env_old/lib/python3.12/site-packages/gymnasium/spaces/box.py:415: UserWarning: [33mWARN: Casting input x to numpy array.[0m
  gym.logger.warn("Casting input x to numpy array.")
CEM solve time: 1.5540 seconds
/workspace/r10/env_old/lib/python3.12/site-packages/gymnasium/utils/passive_env_checker.py:129: UserWarning: [33mWARN: The obs returned by the `step()` method was expecting a numpy array, actual type: <class 'torch.Tensor'>[0m
  logger.warn(
/workspace/r10/env_old/lib/python3.12/site-packages/gymnasium/spaces/box.py:415: UserWarning: [33mWARN: Casting input x to numpy array.[0m
  gym.logger.warn("Casting input x to numpy array.")
/workspace/r10/env_old/lib/python3.12/site-packages/gymnasium/utils/passive_env_checker.py:129: UserWarning: [33mWARN: The obs returned by the `reset()` method was expecting a numpy array, actual type: <class 'torch.Tensor'>[0m
  logger.warn(
/workspace/r10/env_old/lib/python3.12/site-packages/gymnasium/spaces/box.py:415: UserWarning: [33mWARN: Casting input x to numpy array.[0m
  gym.logger.warn("Casting input x to numpy array.")
CEM solve time: 1.5646 seconds
/workspace/r10/env_old/lib/python3.12/site-packages/gymnasium/utils/passive_env_checker.py:129: UserWarning: [33mWARN: The obs returned by the `step()` method was expecting a numpy array, actual type: <class 'torch.Tensor'>[0m
  logger.warn(
/workspace/r10/env_old/lib/python3.12/site-packages/gymnasium/spaces/box.py:415: UserWarning: [33mWARN: Casting input x to numpy array.[0m
  gym.logger.warn("Casting input x to numpy array.")
{"completed": 83, "missing": 0, "case": "R8_tworoom_02f110e92f4d49fdbc75429a", "arm": "REFIT_103202", "stream": "R4_ALT_CEM_1", "mode": "H_REAL3_REPLAN"}
/workspace/r10/env_old/lib/python3.12/site-packages/gymnasium/utils/passive_env_checker.py:129: UserWarning: [33mWARN: The obs returned by the `reset()` method was expecting a numpy array, actual type: <class 'torch.Tensor'>[0m
  logger.warn(
/workspace/r10/env_old/lib/python3.12/site-packages/gymnasium/spaces/box.py:415: UserWarning: [33mWARN: Casting input x to numpy array.[0m
  gym.logger.warn("Casting input x to numpy array.")
CEM solve time: 1.5572 seconds
/workspace/r10/env_old/lib/python3.12/site-packages/gymnasium/utils/passive_env_checker.py:129: UserWarning: [33mWARN: The obs returned by the `step()` method was expecting a numpy array, actual type: <class 'torch.Tensor'>[0m
  logger.warn(
/workspace/r10/env_old/lib/python3.12/site-packages/gymnasium/spaces/box.py:415: UserWarning: [33mWARN: Casting input x to numpy array.[0m
  gym.logger.warn("Casting input x to numpy array.")
/workspace/r10/env_old/lib/python3.12/site-packages/gymnasium/utils/passive_env_checker.py:129: UserWarning: [33mWARN: The obs returned by the `reset()` method was expecting a numpy array, actual type: <class 'torch.Tensor'>[0m
  logger.warn(
/workspace/r10/env_old/lib/python3.12/site-packages/gymnasium/spaces/box.py:415: UserWarning: [33mWARN: Casting input x to numpy array.[0m
  gym.logger.warn("Casting input x to numpy array.")
CEM solve time: 1.5497 seconds
/workspace/r10/env_old/lib/python3.12/site-packages/gymnasium/utils/passive_env_checker.py:129: UserWarning: [33mWARN: The obs returned by the `step()` method was expecting a numpy array, actual type: <class 'torch.Tensor'>[0m
  logger.warn(
/workspace/r10/env_old/lib/python3.12/site-packages/gymnasium/spaces/box.py:415: UserWarning: [33mWARN: Casting input x to numpy array.[0m
  gym.logger.warn("Casting input x to numpy array.")
{"completed": 84, "missing": 0, "case": "R8_tworoom_02f110e92f4d49fdbc75429a", "arm": "REFIT_103202", "stream": "R4_ALT_CEM_2", "mode": "H_REAL3_REPLAN"}
/workspace/r10/env_old/lib/python3.12/site-packages/gymnasium/utils/passive_env_checker.py:129: UserWarning: [33mWARN: The obs returned by the `reset()` method was expecting a numpy array, actual type: <class 'torch.Tensor'>[0m
  logger.warn(
/workspace/r10/env_old/lib/python3.12/site-packages/gymnasium/spaces/box.py:415: UserWarning: [33mWARN: Casting input x to numpy array.[0m
  gym.logger.warn("Casting input x to numpy array.")
CEM solve time: 1.5689 seconds
/workspace/r10/env_old/lib/python3.12/site-packages/gymnasium/utils/passive_env_checker.py:129: UserWarning: [33mWARN: The obs returned by the `step()` method was expecting a numpy array, actual type: <class 'torch.Tensor'>[0m
  logger.warn(
/workspace/r10/env_old/lib/python3.12/site-packages/gymnasium/spaces/box.py:415: UserWarning: [33mWARN: Casting input x to numpy array.[0m
  gym.logger.warn("Casting input x to numpy array.")
/workspace/r10/env_old/lib/python3.12/site-packages/gymnasium/utils/passive_env_checker.py:129: UserWarning: [33mWARN: The obs returned by the `reset()` method was expecting a numpy array, actual type: <class 'torch.Tensor'>[0m
  logger.warn(
/workspace/r10/env_old/lib/python3.12/site-packages/gymnasium/spaces/box.py:415: UserWarning: [33mWARN: Casting input x to numpy array.[0m
  gym.logger.warn("Casting input x to numpy array.")
CEM solve time: 1.5529 seconds
/workspace/r10/env_old/lib/python3.12/site-packages/gymnasium/utils/passive_env_checker.py:129: UserWarning: [33mWARN: The obs returned by the `step()` method was expecting a numpy array, actual type: <class 'torch.Tensor'>[0m
  logger.warn(
/workspace/r10/env_old/lib/python3.12/site-packages/gymnasium/spaces/box.py:415: UserWarning: [33mWARN: Casting input x to numpy array.[0m
  gym.logger.warn("Casting input x to numpy array.")
{"completed": 85, "missing": 0, "case": "R8_tworoom_039f03865caa5e75652a007c", "arm": "REFIT_103202", "stream": "R3_ORIGINAL", "mode": "H_REAL3_REPLAN"}
/workspace/r10/env_old/lib/python3.12/site-packages/gymnasium/utils/passive_env_checker.py:129: UserWarning: [33mWARN: The obs returned by the `reset()` method was expecting a numpy array, actual type: <class 'torch.Tensor'>[0m
  logger.warn(
/workspace/r10/env_old/lib/python3.12/site-packages/gymnasium/spaces/box.py:415: UserWarning: [33mWARN: Casting input x to numpy array.[0m
  gym.logger.warn("Casting input x to numpy array.")
CEM solve time: 1.5539 seconds
/workspace/r10/env_old/lib/python3.12/site-packages/gymnasium/utils/passive_env_checker.py:129: UserWarning: [33mWARN: The obs returned by the `step()` method was expecting a numpy array, actual type: <class 'torch.Tensor'>[0m
  logger.warn(
/workspace/r10/env_old/lib/python3.12/site-packages/gymnasium/spaces/box.py:415: UserWarning: [33mWARN: Casting input x to numpy array.[0m
  gym.logger.warn("Casting input x to numpy array.")
/workspace/r10/env_old/lib/python3.12/site-packages/gymnasium/utils/passive_env_checker.py:129: UserWarning: [33mWARN: The obs returned by the `reset()` method was expecting a numpy array, actual type: <class 'torch.Tensor'>[0m
  logger.warn(
/workspace/r10/env_old/lib/python3.12/site-packages/gymnasium/spaces/box.py:415: UserWarning: [33mWARN: Casting input x to numpy array.[0m
  gym.logger.warn("Casting input x to numpy array.")
CEM solve time: 1.5503 seconds
/workspace/r10/env_old/lib/python3.12/site-packages/gymnasium/utils/passive_env_checker.py:129: UserWarning: [33mWARN: The obs returned by the `step()` method was expecting a numpy array, actual type: <class 'torch.Tensor'>[0m
  logger.warn(
/workspace/r10/env_old/lib/python3.12/site-packages/gymnasium/spaces/box.py:415: UserWarning: [33mWARN: Casting input x to numpy array.[0m
  gym.logger.warn("Casting input x to numpy array.")
{"completed": 86, "missing": 0, "case": "R8_tworoom_039f03865caa5e75652a007c", "arm": "REFIT_103202", "stream": "R4_ALT_CEM_1", "mode": "H_REAL3_REPLAN"}
/workspace/r10/env_old/lib/python3.12/site-packages/gymnasium/utils/passive_env_checker.py:129: UserWarning: [33mWARN: The obs returned by the `reset()` method was expecting a numpy array, actual type: <class 'torch.Tensor'>[0m
  logger.warn(
/workspace/r10/env_old/lib/python3.12/site-packages/gymnasium/spaces/box.py:415: UserWarning: [33mWARN: Casting input x to numpy array.[0m
  gym.logger.warn("Casting input x to numpy array.")
CEM solve time: 1.5536 seconds
/workspace/r10/env_old/lib/python3.12/site-packages/gymnasium/utils/passive_env_checker.py:129: UserWarning: [33mWARN: The obs returned by the `step()` method was expecting a numpy array, actual type: <class 'torch.Tensor'>[0m
  logger.warn(
/workspace/r10/env_old/lib/python3.12/site-packages/gymnasium/spaces/box.py:415: UserWarning: [33mWARN: Casting input x to numpy array.[0m
  gym.logger.warn("Casting input x to numpy array.")
/workspace/r10/env_old/lib/python3.12/site-packages/gymnasium/utils/passive_env_checker.py:129: UserWarning: [33mWARN: The obs returned by the `reset()` method was expecting a numpy array, actual type: <class 'torch.Tensor'>[0m
  logger.warn(
/workspace/r10/env_old/lib/python3.12/site-packages/gymnasium/spaces/box.py:415: UserWarning: [33mWARN: Casting input x to numpy array.[0m
  gym.logger.warn("Casting input x to numpy array.")
CEM solve time: 1.5503 seconds
/workspace/r10/env_old/lib/python3.12/site-packages/gymnasium/utils/passive_env_checker.py:129: UserWarning: [33mWARN: The obs returned by the `step()` method was expecting a numpy array, actual type: <class 'torch.Tensor'>[0m
  logger.warn(
/workspace/r10/env_old/lib/python3.12/site-packages/gymnasium/spaces/box.py:415: UserWarning: [33mWARN: Casting input x to numpy array.[0m
  gym.logger.warn("Casting input x to numpy array.")
{"completed": 87, "missing": 0, "case": "R8_tworoom_039f03865caa5e75652a007c", "arm": "REFIT_103202", "stream": "R4_ALT_CEM_2", "mode": "H_REAL3_REPLAN"}
/workspace/r10/env_old/lib/python3.12/site-packages/gymnasium/utils/passive_env_checker.py:129: UserWarning: [33mWARN: The obs returned by the `reset()` method was expecting a numpy array, actual type: <class 'torch.Tensor'>[0m
  logger.warn(
/workspace/r10/env_old/lib/python3.12/site-packages/gymnasium/spaces/box.py:415: UserWarning: [33mWARN: Casting input x to numpy array.[0m
  gym.logger.warn("Casting input x to numpy array.")
CEM solve time: 1.5694 seconds
/workspace/r10/env_old/lib/python3.12/site-packages/gymnasium/utils/passive_env_checker.py:129: UserWarning: [33mWARN: The obs returned by the `step()` method was expecting a numpy array, actual type: <class 'torch.Tensor'>[0m
  logger.warn(
/workspace/r10/env_old/lib/python3.12/site-packages/gymnasium/spaces/box.py:415: UserWarning: [33mWARN: Casting input x to numpy array.[0m
  gym.logger.warn("Casting input x to numpy array.")
/workspace/r10/env_old/lib/python3.12/site-packages/gymnasium/utils/passive_env_checker.py:129: UserWarning: [33mWARN: The obs returned by the `reset()` method was expecting a numpy array, actual type: <class 'torch.Tensor'>[0m
  logger.warn(
/workspace/r10/env_old/lib/python3.12/site-packages/gymnasium/spaces/box.py:415: UserWarning: [33mWARN: Casting input x to numpy array.[0m
  gym.logger.warn("Casting input x to numpy array.")
CEM solve time: 1.5584 seconds
/workspace/r10/env_old/lib/python3.12/site-packages/gymnasium/utils/passive_env_checker.py:129: UserWarning: [33mWARN: The obs returned by the `step()` method was expecting a numpy array, actual type: <class 'torch.Tensor'>[0m
  logger.warn(
/workspace/r10/env_old/lib/python3.12/site-packages/gymnasium/spaces/box.py:415: UserWarning: [33mWARN: Casting input x to numpy array.[0m
  gym.logger.warn("Casting input x to numpy array.")
{"completed": 88, "missing": 0, "case": "R8_tworoom_043a3f8ff0c3e18976268fde", "arm": "REFIT_103202", "stream": "R3_ORIGINAL", "mode": "H_REAL3_REPLAN"}
/workspace/r10/env_old/lib/python3.12/site-packages/gymnasium/utils/passive_env_checker.py:129: UserWarning: [33mWARN: The obs returned by the `reset()` method was expecting a numpy array, actual type: <class 'torch.Tensor'>[0m
  logger.warn(
/workspace/r10/env_old/lib/python3.12/site-packages/gymnasium/spaces/box.py:415: UserWarning: [33mWARN: Casting input x to numpy array.[0m
  gym.logger.warn("Casting input x to numpy array.")
CEM solve time: 1.5737 seconds
/workspace/r10/env_old/lib/python3.12/site-packages/gymnasium/utils/passive_env_checker.py:129: UserWarning: [33mWARN: The obs returned by the `step()` method was expecting a numpy array, actual type: <class 'torch.Tensor'>[0m
  logger.warn(
/workspace/r10/env_old/lib/python3.12/site-packages/gymnasium/spaces/box.py:415: UserWarning: [33mWARN: Casting input x to numpy array.[0m
  gym.logger.warn("Casting input x to numpy array.")
/workspace/r10/env_old/lib/python3.12/site-packages/gymnasium/utils/passive_env_checker.py:129: UserWarning: [33mWARN: The obs returned by the `reset()` method was expecting a numpy array, actual type: <class 'torch.Tensor'>[0m
  logger.warn(
/workspace/r10/env_old/lib/python3.12/site-packages/gymnasium/spaces/box.py:415: UserWarning: [33mWARN: Casting input x to numpy array.[0m
  gym.logger.warn("Casting input x to numpy array.")
CEM solve time: 1.5531 seconds
/workspace/r10/env_old/lib/python3.12/site-packages/gymnasium/utils/passive_env_checker.py:129: UserWarning: [33mWARN: The obs returned by the `step()` method was expecting a numpy array, actual type: <class 'torch.Tensor'>[0m
  logger.warn(
/workspace/r10/env_old/lib/python3.12/site-packages/gymnasium/spaces/box.py:415: UserWarning: [33mWARN: Casting input x to numpy array.[0m
  gym.logger.warn("Casting input x to numpy array.")
{"completed": 89, "missing": 0, "case": "R8_tworoom_043a3f8ff0c3e18976268fde", "arm": "REFIT_103202", "stream": "R4_ALT_CEM_1", "mode": "H_REAL3_REPLAN"}
/workspace/r10/env_old/lib/python3.12/site-packages/gymnasium/utils/passive_env_checker.py:129: UserWarning: [33mWARN: The obs returned by the `reset()` method was expecting a numpy array, actual type: <class 'torch.Tensor'>[0m
  logger.warn(
/workspace/r10/env_old/lib/python3.12/site-packages/gymnasium/spaces/box.py:415: UserWarning: [33mWARN: Casting input x to numpy array.[0m
  gym.logger.warn("Casting input x to numpy array.")
CEM solve time: 1.5924 seconds
/workspace/r10/env_old/lib/python3.12/site-packages/gymnasium/utils/passive_env_checker.py:129: UserWarning: [33mWARN: The obs returned by the `step()` method was expecting a numpy array, actual type: <class 'torch.Tensor'>[0m
  logger.warn(
/workspace/r10/env_old/lib/python3.12/site-packages/gymnasium/spaces/box.py:415: UserWarning: [33mWARN: Casting input x to numpy array.[0m
  gym.logger.warn("Casting input x to numpy array.")
/workspace/r10/env_old/lib/python3.12/site-packages/gymnasium/utils/passive_env_checker.py:129: UserWarning: [33mWARN: The obs returned by the `reset()` method was expecting a numpy array, actual type: <class 'torch.Tensor'>[0m
  logger.warn(
/workspace/r10/env_old/lib/python3.12/site-packages/gymnasium/spaces/box.py:415: UserWarning: [33mWARN: Casting input x to numpy array.[0m
  gym.logger.warn("Casting input x to numpy array.")
CEM solve time: 1.5521 seconds
/workspace/r10/env_old/lib/python3.12/site-packages/gymnasium/utils/passive_env_checker.py:129: UserWarning: [33mWARN: The obs returned by the `step()` method was expecting a numpy array, actual type: <class 'torch.Tensor'>[0m
  logger.warn(
/workspace/r10/env_old/lib/python3.12/site-packages/gymnasium/spaces/box.py:415: UserWarning: [33mWARN: Casting input x to numpy array.[0m
  gym.logger.warn("Casting input x to numpy array.")
{"completed": 90, "missing": 0, "case": "R8_tworoom_043a3f8ff0c3e18976268fde", "arm": "REFIT_103202", "stream": "R4_ALT_CEM_2", "mode": "H_REAL3_REPLAN"}
/workspace/r10/env_old/lib/python3.12/site-packages/gymnasium/utils/passive_env_checker.py:129: UserWarning: [33mWARN: The obs returned by the `reset()` method was expecting a numpy array, actual type: <class 'torch.Tensor'>[0m
  logger.warn(
/workspace/r10/env_old/lib/python3.12/site-packages/gymnasium/spaces/box.py:415: UserWarning: [33mWARN: Casting input x to numpy array.[0m
  gym.logger.warn("Casting input x to numpy array.")
CEM solve time: 1.5473 seconds
/workspace/r10/env_old/lib/python3.12/site-packages/gymnasium/utils/passive_env_checker.py:129: UserWarning: [33mWARN: The obs returned by the `step()` method was expecting a numpy array, actual type: <class 'torch.Tensor'>[0m
  logger.warn(
/workspace/r10/env_old/lib/python3.12/site-packages/gymnasium/spaces/box.py:415: UserWarning: [33mWARN: Casting input x to numpy array.[0m
  gym.logger.warn("Casting input x to numpy array.")
/workspace/r10/env_old/lib/python3.12/site-packages/gymnasium/utils/passive_env_checker.py:129: UserWarning: [33mWARN: The obs returned by the `reset()` method was expecting a numpy array, actual type: <class 'torch.Tensor'>[0m
  logger.warn(
/workspace/r10/env_old/lib/python3.12/site-packages/gymnasium/spaces/box.py:415: UserWarning: [33mWARN: Casting input x to numpy array.[0m
  gym.logger.warn("Casting input x to numpy array.")
CEM solve time: 1.5676 seconds
/workspace/r10/env_old/lib/python3.12/site-packages/gymnasium/utils/passive_env_checker.py:129: UserWarning: [33mWARN: The obs returned by the `step()` method was expecting a numpy array, actual type: <class 'torch.Tensor'>[0m
  logger.warn(
/workspace/r10/env_old/lib/python3.12/site-packages/gymnasium/spaces/box.py:415: UserWarning: [33mWARN: Casting input x to numpy array.[0m
  gym.logger.warn("Casting input x to numpy array.")
{"completed": 91, "missing": 0, "case": "R8_tworoom_053839539a00319e17892aa8", "arm": "REFIT_103202", "stream": "R3_ORIGINAL", "mode": "H_REAL3_REPLAN"}
/workspace/r10/env_old/lib/python3.12/site-packages/gymnasium/utils/passive_env_checker.py:129: UserWarning: [33mWARN: The obs returned by the `reset()` method was expecting a numpy array, actual type: <class 'torch.Tensor'>[0m
  logger.warn(
/workspace/r10/env_old/lib/python3.12/site-packages/gymnasium/spaces/box.py:415: UserWarning: [33mWARN: Casting input x to numpy array.[0m
  gym.logger.warn("Casting input x to numpy array.")
CEM solve time: 1.5541 seconds
/workspace/r10/env_old/lib/python3.12/site-packages/gymnasium/utils/passive_env_checker.py:129: UserWarning: [33mWARN: The obs returned by the `step()` method was expecting a numpy array, actual type: <class 'torch.Tensor'>[0m
  logger.warn(
/workspace/r10/env_old/lib/python3.12/site-packages/gymnasium/spaces/box.py:415: UserWarning: [33mWARN: Casting input x to numpy array.[0m
  gym.logger.warn("Casting input x to numpy array.")
/workspace/r10/env_old/lib/python3.12/site-packages/gymnasium/utils/passive_env_checker.py:129: UserWarning: [33mWARN: The obs returned by the `reset()` method was expecting a numpy array, actual type: <class 'torch.Tensor'>[0m
  logger.warn(
/workspace/r10/env_old/lib/python3.12/site-packages/gymnasium/spaces/box.py:415: UserWarning: [33mWARN: Casting input x to numpy array.[0m
  gym.logger.warn("Casting input x to numpy array.")
CEM solve time: 1.5548 seconds
/workspace/r10/env_old/lib/python3.12/site-packages/gymnasium/utils/passive_env_checker.py:129: UserWarning: [33mWARN: The obs returned by the `step()` method was expecting a numpy array, actual type: <class 'torch.Tensor'>[0m
  logger.warn(
/workspace/r10/env_old/lib/python3.12/site-packages/gymnasium/spaces/box.py:415: UserWarning: [33mWARN: Casting input x to numpy array.[0m
  gym.logger.warn("Casting input x to numpy array.")
{"completed": 92, "missing": 0, "case": "R8_tworoom_053839539a00319e17892aa8", "arm": "REFIT_103202", "stream": "R4_ALT_CEM_1", "mode": "H_REAL3_REPLAN"}
/workspace/r10/env_old/lib/python3.12/site-packages/gymnasium/utils/passive_env_checker.py:129: UserWarning: [33mWARN: The obs returned by the `reset()` method was expecting a numpy array, actual type: <class 'torch.Tensor'>[0m
  logger.warn(
/workspace/r10/env_old/lib/python3.12/site-packages/gymnasium/spaces/box.py:415: UserWarning: [33mWARN: Casting input x to numpy array.[0m
  gym.logger.warn("Casting input x to numpy array.")
CEM solve time: 1.5532 seconds
/workspace/r10/env_old/lib/python3.12/site-packages/gymnasium/utils/passive_env_checker.py:129: UserWarning: [33mWARN: The obs returned by the `step()` method was expecting a numpy array, actual type: <class 'torch.Tensor'>[0m
  logger.warn(
/workspace/r10/env_old/lib/python3.12/site-packages/gymnasium/spaces/box.py:415: UserWarning: [33mWARN: Casting input x to numpy array.[0m
  gym.logger.warn("Casting input x to numpy array.")
/workspace/r10/env_old/lib/python3.12/site-packages/gymnasium/utils/passive_env_checker.py:129: UserWarning: [33mWARN: The obs returned by the `reset()` method was expecting a numpy array, actual type: <class 'torch.Tensor'>[0m
  logger.warn(
/workspace/r10/env_old/lib/python3.12/site-packages/gymnasium/spaces/box.py:415: UserWarning: [33mWARN: Casting input x to numpy array.[0m
  gym.logger.warn("Casting input x to numpy array.")
CEM solve time: 1.5598 seconds
/workspace/r10/env_old/lib/python3.12/site-packages/gymnasium/utils/passive_env_checker.py:129: UserWarning: [33mWARN: The obs returned by the `step()` method was expecting a numpy array, actual type: <class 'torch.Tensor'>[0m
  logger.warn(
/workspace/r10/env_old/lib/python3.12/site-packages/gymnasium/spaces/box.py:415: UserWarning: [33mWARN: Casting input x to numpy array.[0m
  gym.logger.warn("Casting input x to numpy array.")
{"completed": 93, "missing": 0, "case": "R8_tworoom_053839539a00319e17892aa8", "arm": "REFIT_103202", "stream": "R4_ALT_CEM_2", "mode": "H_REAL3_REPLAN"}
/workspace/r10/env_old/lib/python3.12/site-packages/gymnasium/utils/passive_env_checker.py:129: UserWarning: [33mWARN: The obs returned by the `reset()` method was expecting a numpy array, actual type: <class 'torch.Tensor'>[0m
  logger.warn(
/workspace/r10/env_old/lib/python3.12/site-packages/gymnasium/spaces/box.py:415: UserWarning: [33mWARN: Casting input x to numpy array.[0m
  gym.logger.warn("Casting input x to numpy array.")
CEM solve time: 1.5532 seconds
/workspace/r10/env_old/lib/python3.12/site-packages/gymnasium/utils/passive_env_checker.py:129: UserWarning: [33mWARN: The obs returned by the `step()` method was expecting a numpy array, actual type: <class 'torch.Tensor'>[0m
  logger.warn(
/workspace/r10/env_old/lib/python3.12/site-packages/gymnasium/spaces/box.py:415: UserWarning: [33mWARN: Casting input x to numpy array.[0m
  gym.logger.warn("Casting input x to numpy array.")
CEM solve time: 1.5524 seconds
/workspace/r10/env_old/lib/python3.12/site-packages/gymnasium/utils/passive_env_checker.py:129: UserWarning: [33mWARN: The obs returned by the `reset()` method was expecting a numpy array, actual type: <class 'torch.Tensor'>[0m
  logger.warn(
/workspace/r10/env_old/lib/python3.12/site-packages/gymnasium/spaces/box.py:415: UserWarning: [33mWARN: Casting input x to numpy array.[0m
  gym.logger.warn("Casting input x to numpy array.")
CEM solve time: 1.5761 seconds
/workspace/r10/env_old/lib/python3.12/site-packages/gymnasium/utils/passive_env_checker.py:129: UserWarning: [33mWARN: The obs returned by the `step()` method was expecting a numpy array, actual type: <class 'torch.Tensor'>[0m
  logger.warn(
/workspace/r10/env_old/lib/python3.12/site-packages/gymnasium/spaces/box.py:415: UserWarning: [33mWARN: Casting input x to numpy array.[0m
  gym.logger.warn("Casting input x to numpy array.")
CEM solve time: 1.5821 seconds
{"completed": 94, "missing": 0, "case": "R8_tworoom_0586069dc3ac8d02e1e05d18", "arm": "REFIT_103202", "stream": "R3_ORIGINAL", "mode": "H_REAL3_REPLAN"}
/workspace/r10/env_old/lib/python3.12/site-packages/gymnasium/utils/passive_env_checker.py:129: UserWarning: [33mWARN: The obs returned by the `reset()` method was expecting a numpy array, actual type: <class 'torch.Tensor'>[0m
  logger.warn(
/workspace/r10/env_old/lib/python3.12/site-packages/gymnasium/spaces/box.py:415: UserWarning: [33mWARN: Casting input x to numpy array.[0m
  gym.logger.warn("Casting input x to numpy array.")
CEM solve time: 1.5540 seconds
/workspace/r10/env_old/lib/python3.12/site-packages/gymnasium/utils/passive_env_checker.py:129: UserWarning: [33mWARN: The obs returned by the `step()` method was expecting a numpy array, actual type: <class 'torch.Tensor'>[0m
  logger.warn(
/workspace/r10/env_old/lib/python3.12/site-packages/gymnasium/spaces/box.py:415: UserWarning: [33mWARN: Casting input x to numpy array.[0m
  gym.logger.warn("Casting input x to numpy array.")
/workspace/r10/env_old/lib/python3.12/site-packages/gymnasium/utils/passive_env_checker.py:129: UserWarning: [33mWARN: The obs returned by the `reset()` method was expecting a numpy array, actual type: <class 'torch.Tensor'>[0m
  logger.warn(
/workspace/r10/env_old/lib/python3.12/site-packages/gymnasium/spaces/box.py:415: UserWarning: [33mWARN: Casting input x to numpy array.[0m
  gym.logger.warn("Casting input x to numpy array.")
CEM solve time: 1.5543 seconds
/workspace/r10/env_old/lib/python3.12/site-packages/gymnasium/utils/passive_env_checker.py:129: UserWarning: [33mWARN: The obs returned by the `step()` method was expecting a numpy array, actual type: <class 'torch.Tensor'>[0m
  logger.warn(
/workspace/r10/env_old/lib/python3.12/site-packages/gymnasium/spaces/box.py:415: UserWarning: [33mWARN: Casting input x to numpy array.[0m
  gym.logger.warn("Casting input x to numpy array.")
{"completed": 95, "missing": 0, "case": "R8_tworoom_0586069dc3ac8d02e1e05d18", "arm": "REFIT_103202", "stream": "R4_ALT_CEM_1", "mode": "H_REAL3_REPLAN"}
/workspace/r10/env_old/lib/python3.12/site-packages/gymnasium/utils/passive_env_checker.py:129: UserWarning: [33mWARN: The obs returned by the `reset()` method was expecting a numpy array, actual type: <class 'torch.Tensor'>[0m
  logger.warn(
/workspace/r10/env_old/lib/python3.12/site-packages/gymnasium/spaces/box.py:415: UserWarning: [33mWARN: Casting input x to numpy array.[0m
  gym.logger.warn("Casting input x to numpy array.")
CEM solve time: 1.5527 seconds
/workspace/r10/env_old/lib/python3.12/site-packages/gymnasium/utils/passive_env_checker.py:129: UserWarning: [33mWARN: The obs returned by the `step()` method was expecting a numpy array, actual type: <class 'torch.Tensor'>[0m
  logger.warn(
/workspace/r10/env_old/lib/python3.12/site-packages/gymnasium/spaces/box.py:415: UserWarning: [33mWARN: Casting input x to numpy array.[0m
  gym.logger.warn("Casting input x to numpy array.")
CEM solve time: 1.5534 seconds
/workspace/r10/env_old/lib/python3.12/site-packages/gymnasium/utils/passive_env_checker.py:129: UserWarning: [33mWARN: The obs returned by the `reset()` method was expecting a numpy array, actual type: <class 'torch.Tensor'>[0m
  logger.warn(
/workspace/r10/env_old/lib/python3.12/site-packages/gymnasium/spaces/box.py:415: UserWarning: [33mWARN: Casting input x to numpy array.[0m
  gym.logger.warn("Casting input x to numpy array.")
CEM solve time: 1.5900 seconds
/workspace/r10/env_old/lib/python3.12/site-packages/gymnasium/utils/passive_env_checker.py:129: UserWarning: [33mWARN: The obs returned by the `step()` method was expecting a numpy array, actual type: <class 'torch.Tensor'>[0m
  logger.warn(
/workspace/r10/env_old/lib/python3.12/site-packages/gymnasium/spaces/box.py:415: UserWarning: [33mWARN: Casting input x to numpy array.[0m
  gym.logger.warn("Casting input x to numpy array.")
CEM solve time: 1.5835 seconds
{"completed": 96, "missing": 0, "case": "R8_tworoom_0586069dc3ac8d02e1e05d18", "arm": "REFIT_103202", "stream": "R4_ALT_CEM_2", "mode": "H_REAL3_REPLAN"}
/workspace/r10/env_old/lib/python3.12/site-packages/gymnasium/utils/passive_env_checker.py:129: UserWarning: [33mWARN: The obs returned by the `reset()` method was expecting a numpy array, actual type: <class 'torch.Tensor'>[0m
  logger.warn(
/workspace/r10/env_old/lib/python3.12/site-packages/gymnasium/spaces/box.py:415: UserWarning: [33mWARN: Casting input x to numpy array.[0m
  gym.logger.warn("Casting input x to numpy array.")
CEM solve time: 1.5593 seconds
/workspace/r10/env_old/lib/python3.12/site-packages/gymnasium/utils/passive_env_checker.py:129: UserWarning: [33mWARN: The obs returned by the `step()` method was expecting a numpy array, actual type: <class 'torch.Tensor'>[0m
  logger.warn(
/workspace/r10/env_old/lib/python3.12/site-packages/gymnasium/spaces/box.py:415: UserWarning: [33mWARN: Casting input x to numpy array.[0m
  gym.logger.warn("Casting input x to numpy array.")
/workspace/r10/env_old/lib/python3.12/site-packages/gymnasium/utils/passive_env_checker.py:129: UserWarning: [33mWARN: The obs returned by the `reset()` method was expecting a numpy array, actual type: <class 'torch.Tensor'>[0m
  logger.warn(
/workspace/r10/env_old/lib/python3.12/site-packages/gymnasium/spaces/box.py:415: UserWarning: [33mWARN: Casting input x to numpy array.[0m
  gym.logger.warn("Casting input x to numpy array.")
CEM solve time: 1.5559 seconds
/workspace/r10/env_old/lib/python3.12/site-packages/gymnasium/utils/passive_env_checker.py:129: UserWarning: [33mWARN: The obs returned by the `step()` method was expecting a numpy array, actual type: <class 'torch.Tensor'>[0m
  logger.warn(
/workspace/r10/env_old/lib/python3.12/site-packages/gymnasium/spaces/box.py:415: UserWarning: [33mWARN: Casting input x to numpy array.[0m
  gym.logger.warn("Casting input x to numpy array.")
{"completed": 97, "missing": 0, "case": "R8_tworoom_06950ce9848b7660fc6fdfcc", "arm": "REFIT_103202", "stream": "R3_ORIGINAL", "mode": "H_REAL3_REPLAN"}
/workspace/r10/env_old/lib/python3.12/site-packages/gymnasium/utils/passive_env_checker.py:129: UserWarning: [33mWARN: The obs returned by the `reset()` method was expecting a numpy array, actual type: <class 'torch.Tensor'>[0m
  logger.warn(
/workspace/r10/env_old/lib/python3.12/site-packages/gymnasium/spaces/box.py:415: UserWarning: [33mWARN: Casting input x to numpy array.[0m
  gym.logger.warn("Casting input x to numpy array.")
CEM solve time: 1.5593 seconds
/workspace/r10/env_old/lib/python3.12/site-packages/gymnasium/utils/passive_env_checker.py:129: UserWarning: [33mWARN: The obs returned by the `step()` method was expecting a numpy array, actual type: <class 'torch.Tensor'>[0m
  logger.warn(
/workspace/r10/env_old/lib/python3.12/site-packages/gymnasium/spaces/box.py:415: UserWarning: [33mWARN: Casting input x to numpy array.[0m
  gym.logger.warn("Casting input x to numpy array.")
/workspace/r10/env_old/lib/python3.12/site-packages/gymnasium/utils/passive_env_checker.py:129: UserWarning: [33mWARN: The obs returned by the `reset()` method was expecting a numpy array, actual type: <class 'torch.Tensor'>[0m
  logger.warn(
/workspace/r10/env_old/lib/python3.12/site-packages/gymnasium/spaces/box.py:415: UserWarning: [33mWARN: Casting input x to numpy array.[0m
  gym.logger.warn("Casting input x to numpy array.")
CEM solve time: 1.5554 seconds
/workspace/r10/env_old/lib/python3.12/site-packages/gymnasium/utils/passive_env_checker.py:129: UserWarning: [33mWARN: The obs returned by the `step()` method was expecting a numpy array, actual type: <class 'torch.Tensor'>[0m
  logger.warn(
/workspace/r10/env_old/lib/python3.12/site-packages/gymnasium/spaces/box.py:415: UserWarning: [33mWARN: Casting input x to numpy array.[0m
  gym.logger.warn("Casting input x to numpy array.")
{"completed": 98, "missing": 0, "case": "R8_tworoom_06950ce9848b7660fc6fdfcc", "arm": "REFIT_103202", "stream": "R4_ALT_CEM_1", "mode": "H_REAL3_REPLAN"}
/workspace/r10/env_old/lib/python3.12/site-packages/gymnasium/utils/passive_env_checker.py:129: UserWarning: [33mWARN: The obs returned by the `reset()` method was expecting a numpy array, actual type: <class 'torch.Tensor'>[0m
  logger.warn(
/workspace/r10/env_old/lib/python3.12/site-packages/gymnasium/spaces/box.py:415: UserWarning: [33mWARN: Casting input x to numpy array.[0m
  gym.logger.warn("Casting input x to numpy array.")
CEM solve time: 1.5534 seconds
/workspace/r10/env_old/lib/python3.12/site-packages/gymnasium/utils/passive_env_checker.py:129: UserWarning: [33mWARN: The obs returned by the `step()` method was expecting a numpy array, actual type: <class 'torch.Tensor'>[0m
  logger.warn(
/workspace/r10/env_old/lib/python3.12/site-packages/gymnasium/spaces/box.py:415: UserWarning: [33mWARN: Casting input x to numpy array.[0m
  gym.logger.warn("Casting input x to numpy array.")
/workspace/r10/env_old/lib/python3.12/site-packages/gymnasium/utils/passive_env_checker.py:129: UserWarning: [33mWARN: The obs returned by the `reset()` method was expecting a numpy array, actual type: <class 'torch.Tensor'>[0m
  logger.warn(
/workspace/r10/env_old/lib/python3.12/site-packages/gymnasium/spaces/box.py:415: UserWarning: [33mWARN: Casting input x to numpy array.[0m
  gym.logger.warn("Casting input x to numpy array.")
CEM solve time: 1.5742 seconds
/workspace/r10/env_old/lib/python3.12/site-packages/gymnasium/utils/passive_env_checker.py:129: UserWarning: [33mWARN: The obs returned by the `step()` method was expecting a numpy array, actual type: <class 'torch.Tensor'>[0m
  logger.warn(
/workspace/r10/env_old/lib/python3.12/site-packages/gymnasium/spaces/box.py:415: UserWarning: [33mWARN: Casting input x to numpy array.[0m
  gym.logger.warn("Casting input x to numpy array.")
{"completed": 99, "missing": 0, "case": "R8_tworoom_06950ce9848b7660fc6fdfcc", "arm": "REFIT_103202", "stream": "R4_ALT_CEM_2", "mode": "H_REAL3_REPLAN"}
/workspace/r10/env_old/lib/python3.12/site-packages/gymnasium/utils/passive_env_checker.py:129: UserWarning: [33mWARN: The obs returned by the `reset()` method was expecting a numpy array, actual type: <class 'torch.Tensor'>[0m
  logger.warn(
/workspace/r10/env_old/lib/python3.12/site-packages/gymnasium/spaces/box.py:415: UserWarning: [33mWARN: Casting input x to numpy array.[0m
  gym.logger.warn("Casting input x to numpy array.")
CEM solve time: 1.5460 seconds
/workspace/r10/env_old/lib/python3.12/site-packages/gymnasium/utils/passive_env_checker.py:129: UserWarning: [33mWARN: The obs returned by the `step()` method was expecting a numpy array, actual type: <class 'torch.Tensor'>[0m
  logger.warn(
/workspace/r10/env_old/lib/python3.12/site-packages/gymnasium/spaces/box.py:415: UserWarning: [33mWARN: Casting input x to numpy array.[0m
  gym.logger.warn("Casting input x to numpy array.")
/workspace/r10/env_old/lib/python3.12/site-packages/gymnasium/utils/passive_env_checker.py:129: UserWarning: [33mWARN: The obs returned by the `reset()` method was expecting a numpy array, actual type: <class 'torch.Tensor'>[0m
  logger.warn(
/workspace/r10/env_old/lib/python3.12/site-packages/gymnasium/spaces/box.py:415: UserWarning: [33mWARN: Casting input x to numpy array.[0m
  gym.logger.warn("Casting input x to numpy array.")
CEM solve time: 1.5722 seconds
/workspace/r10/env_old/lib/python3.12/site-packages/gymnasium/utils/passive_env_checker.py:129: UserWarning: [33mWARN: The obs returned by the `step()` method was expecting a numpy array, actual type: <class 'torch.Tensor'>[0m
  logger.warn(
/workspace/r10/env_old/lib/python3.12/site-packages/gymnasium/spaces/box.py:415: UserWarning: [33mWARN: Casting input x to numpy array.[0m
  gym.logger.warn("Casting input x to numpy array.")
{"completed": 100, "missing": 0, "case": "R8_tworoom_075acb8ec82b2511f83ca412", "arm": "REFIT_103202", "stream": "R3_ORIGINAL", "mode": "H_REAL3_REPLAN"}
/workspace/r10/env_old/lib/python3.12/site-packages/gymnasium/utils/passive_env_checker.py:129: UserWarning: [33mWARN: The obs returned by the `reset()` method was expecting a numpy array, actual type: <class 'torch.Tensor'>[0m
  logger.warn(
/workspace/r10/env_old/lib/python3.12/site-packages/gymnasium/spaces/box.py:415: UserWarning: [33mWARN: Casting input x to numpy array.[0m
  gym.logger.warn("Casting input x to numpy array.")
CEM solve time: 1.5479 seconds
/workspace/r10/env_old/lib/python3.12/site-packages/gymnasium/utils/passive_env_checker.py:129: UserWarning: [33mWARN: The obs returned by the `step()` method was expecting a numpy array, actual type: <class 'torch.Tensor'>[0m
  logger.warn(
/workspace/r10/env_old/lib/python3.12/site-packages/gymnasium/spaces/box.py:415: UserWarning: [33mWARN: Casting input x to numpy array.[0m
  gym.logger.warn("Casting input x to numpy array.")
/workspace/r10/env_old/lib/python3.12/site-packages/gymnasium/utils/passive_env_checker.py:129: UserWarning: [33mWARN: The obs returned by the `reset()` method was expecting a numpy array, actual type: <class 'torch.Tensor'>[0m
  logger.warn(
/workspace/r10/env_old/lib/python3.12/site-packages/gymnasium/spaces/box.py:415: UserWarning: [33mWARN: Casting input x to numpy array.[0m
  gym.logger.warn("Casting input x to numpy array.")
CEM solve time: 1.5556 seconds
/workspace/r10/env_old/lib/python3.12/site-packages/gymnasium/utils/passive_env_checker.py:129: UserWarning: [33mWARN: The obs returned by the `step()` method was expecting a numpy array, actual type: <class 'torch.Tensor'>[0m
  logger.warn(
/workspace/r10/env_old/lib/python3.12/site-packages/gymnasium/spaces/box.py:415: UserWarning: [33mWARN: Casting input x to numpy array.[0m
  gym.logger.warn("Casting input x to numpy array.")
{"completed": 101, "missing": 0, "case": "R8_tworoom_075acb8ec82b2511f83ca412", "arm": "REFIT_103202", "stream": "R4_ALT_CEM_1", "mode": "H_REAL3_REPLAN"}
/workspace/r10/env_old/lib/python3.12/site-packages/gymnasium/utils/passive_env_checker.py:129: UserWarning: [33mWARN: The obs returned by the `reset()` method was expecting a numpy array, actual type: <class 'torch.Tensor'>[0m
  logger.warn(
/workspace/r10/env_old/lib/python3.12/site-packages/gymnasium/spaces/box.py:415: UserWarning: [33mWARN: Casting input x to numpy array.[0m
  gym.logger.warn("Casting input x to numpy array.")
CEM solve time: 1.5517 seconds
/workspace/r10/env_old/lib/python3.12/site-packages/gymnasium/utils/passive_env_checker.py:129: UserWarning: [33mWARN: The obs returned by the `step()` method was expecting a numpy array, actual type: <class 'torch.Tensor'>[0m
  logger.warn(
/workspace/r10/env_old/lib/python3.12/site-packages/gymnasium/spaces/box.py:415: UserWarning: [33mWARN: Casting input x to numpy array.[0m
  gym.logger.warn("Casting input x to numpy array.")
/workspace/r10/env_old/lib/python3.12/site-packages/gymnasium/utils/passive_env_checker.py:129: UserWarning: [33mWARN: The obs returned by the `reset()` method was expecting a numpy array, actual type: <class 'torch.Tensor'>[0m
  logger.warn(
/workspace/r10/env_old/lib/python3.12/site-packages/gymnasium/spaces/box.py:415: UserWarning: [33mWARN: Casting input x to numpy array.[0m
  gym.logger.warn("Casting input x to numpy array.")
CEM solve time: 1.5533 seconds
/workspace/r10/env_old/lib/python3.12/site-packages/gymnasium/utils/passive_env_checker.py:129: UserWarning: [33mWARN: The obs returned by the `step()` method was expecting a numpy array, actual type: <class 'torch.Tensor'>[0m
  logger.warn(
/workspace/r10/env_old/lib/python3.12/site-packages/gymnasium/spaces/box.py:415: UserWarning: [33mWARN: Casting input x to numpy array.[0m
  gym.logger.warn("Casting input x to numpy array.")
{"completed": 102, "missing": 0, "case": "R8_tworoom_075acb8ec82b2511f83ca412", "arm": "REFIT_103202", "stream": "R4_ALT_CEM_2", "mode": "H_REAL3_REPLAN"}
/workspace/r10/env_old/lib/python3.12/site-packages/gymnasium/utils/passive_env_checker.py:129: UserWarning: [33mWARN: The obs returned by the `reset()` method was expecting a numpy array, actual type: <class 'torch.Tensor'>[0m
  logger.warn(
/workspace/r10/env_old/lib/python3.12/site-packages/gymnasium/spaces/box.py:415: UserWarning: [33mWARN: Casting input x to numpy array.[0m
  gym.logger.warn("Casting input x to numpy array.")
CEM solve time: 1.5746 seconds
/workspace/r10/env_old/lib/python3.12/site-packages/gymnasium/utils/passive_env_checker.py:129: UserWarning: [33mWARN: The obs returned by the `step()` method was expecting a numpy array, actual type: <class 'torch.Tensor'>[0m
  logger.warn(
/workspace/r10/env_old/lib/python3.12/site-packages/gymnasium/spaces/box.py:415: UserWarning: [33mWARN: Casting input x to numpy array.[0m
  gym.logger.warn("Casting input x to numpy array.")
/workspace/r10/env_old/lib/python3.12/site-packages/gymnasium/utils/passive_env_checker.py:129: UserWarning: [33mWARN: The obs returned by the `reset()` method was expecting a numpy array, actual type: <class 'torch.Tensor'>[0m
  logger.warn(
CEM solve time: 1.5533 seconds
/workspace/r10/env_old/lib/python3.12/site-packages/gymnasium/utils/passive_env_checker.py:129: UserWarning: [33mWARN: The obs returned by the `step()` method was expecting a numpy array, actual type: <class 'torch.Tensor'>[0m
  logger.warn(
/workspace/r10/env_old/lib/python3.12/site-packages/gymnasium/spaces/box.py:415: UserWarning: [33mWARN: Casting input x to numpy array.[0m
  gym.logger.warn("Casting input x to numpy array.")
{"completed": 103, "missing": 0, "case": "R8_tworoom_07d28ef566f88a6ee041edd2", "arm": "REFIT_103202", "stream": "R3_ORIGINAL", "mode": "H_REAL3_REPLAN"}
/workspace/r10/env_old/lib/python3.12/site-packages/gymnasium/utils/passive_env_checker.py:129: UserWarning: [33mWARN: The obs returned by the `reset()` method was expecting a numpy array, actual type: <class 'torch.Tensor'>[0m
  logger.warn(
CEM solve time: 1.5541 seconds
/workspace/r10/env_old/lib/python3.12/site-packages/gymnasium/utils/passive_env_checker.py:129: UserWarning: [33mWARN: The obs returned by the `step()` method was expecting a numpy array, actual type: <class 'torch.Tensor'>[0m
  logger.warn(
/workspace/r10/env_old/lib/python3.12/site-packages/gymnasium/spaces/box.py:415: UserWarning: [33mWARN: Casting input x to numpy array.[0m
  gym.logger.warn("Casting input x to numpy array.")
/workspace/r10/env_old/lib/python3.12/site-packages/gymnasium/utils/passive_env_checker.py:129: UserWarning: [33mWARN: The obs returned by the `reset()` method was expecting a numpy array, actual type: <class 'torch.Tensor'>[0m
  logger.warn(
/workspace/r10/env_old/lib/python3.12/site-packages/gymnasium/spaces/box.py:415: UserWarning: [33mWARN: Casting input x to numpy array.[0m
  gym.logger.warn("Casting input x to numpy array.")
CEM solve time: 1.5990 seconds
/workspace/r10/env_old/lib/python3.12/site-packages/gymnasium/utils/passive_env_checker.py:129: UserWarning: [33mWARN: The obs returned by the `step()` method was expecting a numpy array, actual type: <class 'torch.Tensor'>[0m
  logger.warn(
/workspace/r10/env_old/lib/python3.12/site-packages/gymnasium/spaces/box.py:415: UserWarning: [33mWARN: Casting input x to numpy array.[0m
  gym.logger.warn("Casting input x to numpy array.")
{"completed": 104, "missing": 0, "case": "R8_tworoom_07d28ef566f88a6ee041edd2", "arm": "REFIT_103202", "stream": "R4_ALT_CEM_1", "mode": "H_REAL3_REPLAN"}
/workspace/r10/env_old/lib/python3.12/site-packages/gymnasium/utils/passive_env_checker.py:129: UserWarning: [33mWARN: The obs returned by the `reset()` method was expecting a numpy array, actual type: <class 'torch.Tensor'>[0m
  logger.warn(
/workspace/r10/env_old/lib/python3.12/site-packages/gymnasium/spaces/box.py:415: UserWarning: [33mWARN: Casting input x to numpy array.[0m
  gym.logger.warn("Casting input x to numpy array.")
CEM solve time: 1.5534 seconds
/workspace/r10/env_old/lib/python3.12/site-packages/gymnasium/utils/passive_env_checker.py:129: UserWarning: [33mWARN: The obs returned by the `step()` method was expecting a numpy array, actual type: <class 'torch.Tensor'>[0m
  logger.warn(
/workspace/r10/env_old/lib/python3.12/site-packages/gymnasium/spaces/box.py:415: UserWarning: [33mWARN: Casting input x to numpy array.[0m
  gym.logger.warn("Casting input x to numpy array.")
/workspace/r10/env_old/lib/python3.12/site-packages/gymnasium/utils/passive_env_checker.py:129: UserWarning: [33mWARN: The obs returned by the `reset()` method was expecting a numpy array, actual type: <class 'torch.Tensor'>[0m
  logger.warn(
CEM solve time: 1.5531 seconds
/workspace/r10/env_old/lib/python3.12/site-packages/gymnasium/utils/passive_env_checker.py:129: UserWarning: [33mWARN: The obs returned by the `step()` method was expecting a numpy array, actual type: <class 'torch.Tensor'>[0m
  logger.warn(
/workspace/r10/env_old/lib/python3.12/site-packages/gymnasium/spaces/box.py:415: UserWarning: [33mWARN: Casting input x to numpy array.[0m
  gym.logger.warn("Casting input x to numpy array.")
{"completed": 105, "missing": 0, "case": "R8_tworoom_07d28ef566f88a6ee041edd2", "arm": "REFIT_103202", "stream": "R4_ALT_CEM_2", "mode": "H_REAL3_REPLAN"}
/workspace/r10/env_old/lib/python3.12/site-packages/gymnasium/utils/passive_env_checker.py:129: UserWarning: [33mWARN: The obs returned by the `reset()` method was expecting a numpy array, actual type: <class 'torch.Tensor'>[0m
  logger.warn(
CEM solve time: 1.5625 seconds
/workspace/r10/env_old/lib/python3.12/site-packages/gymnasium/utils/passive_env_checker.py:129: UserWarning: [33mWARN: The obs returned by the `step()` method was expecting a numpy array, actual type: <class 'torch.Tensor'>[0m
  logger.warn(
/workspace/r10/env_old/lib/python3.12/site-packages/gymnasium/spaces/box.py:415: UserWarning: [33mWARN: Casting input x to numpy array.[0m
  gym.logger.warn("Casting input x to numpy array.")
CEM solve time: 1.5530 seconds
/workspace/r10/env_old/lib/python3.12/site-packages/gymnasium/utils/passive_env_checker.py:129: UserWarning: [33mWARN: The obs returned by the `reset()` method was expecting a numpy array, actual type: <class 'torch.Tensor'>[0m
  logger.warn(
/workspace/r10/env_old/lib/python3.12/site-packages/gymnasium/spaces/box.py:415: UserWarning: [33mWARN: Casting input x to numpy array.[0m
  gym.logger.warn("Casting input x to numpy array.")
CEM solve time: 1.5616 seconds
/workspace/r10/env_old/lib/python3.12/site-packages/gymnasium/utils/passive_env_checker.py:129: UserWarning: [33mWARN: The obs returned by the `step()` method was expecting a numpy array, actual type: <class 'torch.Tensor'>[0m
  logger.warn(
/workspace/r10/env_old/lib/python3.12/site-packages/gymnasium/spaces/box.py:415: UserWarning: [33mWARN: Casting input x to numpy array.[0m
  gym.logger.warn("Casting input x to numpy array.")
CEM solve time: 1.5626 seconds
{"completed": 106, "missing": 0, "case": "R8_tworoom_086beb45d9170a5eb00e4768", "arm": "REFIT_103202", "stream": "R3_ORIGINAL", "mode": "H_REAL3_REPLAN"}
/workspace/r10/env_old/lib/python3.12/site-packages/gymnasium/utils/passive_env_checker.py:129: UserWarning: [33mWARN: The obs returned by the `reset()` method was expecting a numpy array, actual type: <class 'torch.Tensor'>[0m
  logger.warn(
/workspace/r10/env_old/lib/python3.12/site-packages/gymnasium/spaces/box.py:415: UserWarning: [33mWARN: Casting input x to numpy array.[0m
  gym.logger.warn("Casting input x to numpy array.")
CEM solve time: 1.5575 seconds
/workspace/r10/env_old/lib/python3.12/site-packages/gymnasium/utils/passive_env_checker.py:129: UserWarning: [33mWARN: The obs returned by the `step()` method was expecting a numpy array, actual type: <class 'torch.Tensor'>[0m
  logger.warn(
/workspace/r10/env_old/lib/python3.12/site-packages/gymnasium/spaces/box.py:415: UserWarning: [33mWARN: Casting input x to numpy array.[0m
  gym.logger.warn("Casting input x to numpy array.")
CEM solve time: 1.5587 seconds
/workspace/r10/env_old/lib/python3.12/site-packages/gymnasium/utils/passive_env_checker.py:129: UserWarning: [33mWARN: The obs returned by the `reset()` method was expecting a numpy array, actual type: <class 'torch.Tensor'>[0m
  logger.warn(
/workspace/r10/env_old/lib/python3.12/site-packages/gymnasium/spaces/box.py:415: UserWarning: [33mWARN: Casting input x to numpy array.[0m
  gym.logger.warn("Casting input x to numpy array.")
CEM solve time: 1.5504 seconds
/workspace/r10/env_old/lib/python3.12/site-packages/gymnasium/utils/passive_env_checker.py:129: UserWarning: [33mWARN: The obs returned by the `step()` method was expecting a numpy array, actual type: <class 'torch.Tensor'>[0m
  logger.warn(
/workspace/r10/env_old/lib/python3.12/site-packages/gymnasium/spaces/box.py:415: UserWarning: [33mWARN: Casting input x to numpy array.[0m
  gym.logger.warn("Casting input x to numpy array.")
CEM solve time: 1.5777 seconds
{"completed": 107, "missing": 0, "case": "R8_tworoom_086beb45d9170a5eb00e4768", "arm": "REFIT_103202", "stream": "R4_ALT_CEM_1", "mode": "H_REAL3_REPLAN"}
/workspace/r10/env_old/lib/python3.12/site-packages/gymnasium/utils/passive_env_checker.py:129: UserWarning: [33mWARN: The obs returned by the `reset()` method was expecting a numpy array, actual type: <class 'torch.Tensor'>[0m
  logger.warn(
/workspace/r10/env_old/lib/python3.12/site-packages/gymnasium/spaces/box.py:415: UserWarning: [33mWARN: Casting input x to numpy array.[0m
  gym.logger.warn("Casting input x to numpy array.")
CEM solve time: 1.5606 seconds
/workspace/r10/env_old/lib/python3.12/site-packages/gymnasium/utils/passive_env_checker.py:129: UserWarning: [33mWARN: The obs returned by the `step()` method was expecting a numpy array, actual type: <class 'torch.Tensor'>[0m
  logger.warn(
/workspace/r10/env_old/lib/python3.12/site-packages/gymnasium/spaces/box.py:415: UserWarning: [33mWARN: Casting input x to numpy array.[0m
  gym.logger.warn("Casting input x to numpy array.")
CEM solve time: 1.5649 seconds
/workspace/r10/env_old/lib/python3.12/site-packages/gymnasium/utils/passive_env_checker.py:129: UserWarning: [33mWARN: The obs returned by the `reset()` method was expecting a numpy array, actual type: <class 'torch.Tensor'>[0m
  logger.warn(
/workspace/r10/env_old/lib/python3.12/site-packages/gymnasium/spaces/box.py:415: UserWarning: [33mWARN: Casting input x to numpy array.[0m
  gym.logger.warn("Casting input x to numpy array.")
CEM solve time: 1.5578 seconds
/workspace/r10/env_old/lib/python3.12/site-packages/gymnasium/utils/passive_env_checker.py:129: UserWarning: [33mWARN: The obs returned by the `step()` method was expecting a numpy array, actual type: <class 'torch.Tensor'>[0m
  logger.warn(
/workspace/r10/env_old/lib/python3.12/site-packages/gymnasium/spaces/box.py:415: UserWarning: [33mWARN: Casting input x to numpy array.[0m
  gym.logger.warn("Casting input x to numpy array.")
CEM solve time: 1.5654 seconds
{"completed": 108, "missing": 0, "case": "R8_tworoom_086beb45d9170a5eb00e4768", "arm": "REFIT_103202", "stream": "R4_ALT_CEM_2", "mode": "H_REAL3_REPLAN"}
/workspace/r10/env_old/lib/python3.12/site-packages/gymnasium/utils/passive_env_checker.py:129: UserWarning: [33mWARN: The obs returned by the `reset()` method was expecting a numpy array, actual type: <class 'torch.Tensor'>[0m
  logger.warn(
/workspace/r10/env_old/lib/python3.12/site-packages/gymnasium/spaces/box.py:415: UserWarning: [33mWARN: Casting input x to numpy array.[0m
  gym.logger.warn("Casting input x to numpy array.")
CEM solve time: 1.5590 seconds
/workspace/r10/env_old/lib/python3.12/site-packages/gymnasium/utils/passive_env_checker.py:129: UserWarning: [33mWARN: The obs returned by the `step()` method was expecting a numpy array, actual type: <class 'torch.Tensor'>[0m
  logger.warn(
/workspace/r10/env_old/lib/python3.12/site-packages/gymnasium/spaces/box.py:415: UserWarning: [33mWARN: Casting input x to numpy array.[0m
  gym.logger.warn("Casting input x to numpy array.")
/workspace/r10/env_old/lib/python3.12/site-packages/gymnasium/utils/passive_env_checker.py:129: UserWarning: [33mWARN: The obs returned by the `reset()` method was expecting a numpy array, actual type: <class 'torch.Tensor'>[0m
  logger.warn(
/workspace/r10/env_old/lib/python3.12/site-packages/gymnasium/spaces/box.py:415: UserWarning: [33mWARN: Casting input x to numpy array.[0m
  gym.logger.warn("Casting input x to numpy array.")
CEM solve time: 1.5728 seconds
/workspace/r10/env_old/lib/python3.12/site-packages/gymnasium/utils/passive_env_checker.py:129: UserWarning: [33mWARN: The obs returned by the `step()` method was expecting a numpy array, actual type: <class 'torch.Tensor'>[0m
  logger.warn(
/workspace/r10/env_old/lib/python3.12/site-packages/gymnasium/spaces/box.py:415: UserWarning: [33mWARN: Casting input x to numpy array.[0m
  gym.logger.warn("Casting input x to numpy array.")
{"completed": 109, "missing": 0, "case": "R8_tworoom_0111aeb23da6fffc773d216b", "arm": "REFIT_103203", "stream": "R3_ORIGINAL", "mode": "H_REAL3_REPLAN"}
/workspace/r10/env_old/lib/python3.12/site-packages/gymnasium/utils/passive_env_checker.py:129: UserWarning: [33mWARN: The obs returned by the `reset()` method was expecting a numpy array, actual type: <class 'torch.Tensor'>[0m
  logger.warn(
/workspace/r10/env_old/lib/python3.12/site-packages/gymnasium/spaces/box.py:415: UserWarning: [33mWARN: Casting input x to numpy array.[0m
  gym.logger.warn("Casting input x to numpy array.")
CEM solve time: 1.5568 seconds
/workspace/r10/env_old/lib/python3.12/site-packages/gymnasium/utils/passive_env_checker.py:129: UserWarning: [33mWARN: The obs returned by the `step()` method was expecting a numpy array, actual type: <class 'torch.Tensor'>[0m
  logger.warn(
/workspace/r10/env_old/lib/python3.12/site-packages/gymnasium/spaces/box.py:415: UserWarning: [33mWARN: Casting input x to numpy array.[0m
  gym.logger.warn("Casting input x to numpy array.")
/workspace/r10/env_old/lib/python3.12/site-packages/gymnasium/utils/passive_env_checker.py:129: UserWarning: [33mWARN: The obs returned by the `reset()` method was expecting a numpy array, actual type: <class 'torch.Tensor'>[0m
  logger.warn(
/workspace/r10/env_old/lib/python3.12/site-packages/gymnasium/spaces/box.py:415: UserWarning: [33mWARN: Casting input x to numpy array.[0m
  gym.logger.warn("Casting input x to numpy array.")
CEM solve time: 1.5841 seconds
/workspace/r10/env_old/lib/python3.12/site-packages/gymnasium/utils/passive_env_checker.py:129: UserWarning: [33mWARN: The obs returned by the `step()` method was expecting a numpy array, actual type: <class 'torch.Tensor'>[0m
  logger.warn(
/workspace/r10/env_old/lib/python3.12/site-packages/gymnasium/spaces/box.py:415: UserWarning: [33mWARN: Casting input x to numpy array.[0m
  gym.logger.warn("Casting input x to numpy array.")
{"completed": 110, "missing": 0, "case": "R8_tworoom_0111aeb23da6fffc773d216b", "arm": "REFIT_103203", "stream": "R4_ALT_CEM_1", "mode": "H_REAL3_REPLAN"}
/workspace/r10/env_old/lib/python3.12/site-packages/gymnasium/utils/passive_env_checker.py:129: UserWarning: [33mWARN: The obs returned by the `reset()` method was expecting a numpy array, actual type: <class 'torch.Tensor'>[0m
  logger.warn(
/workspace/r10/env_old/lib/python3.12/site-packages/gymnasium/spaces/box.py:415: UserWarning: [33mWARN: Casting input x to numpy array.[0m
  gym.logger.warn("Casting input x to numpy array.")
CEM solve time: 1.5643 seconds
/workspace/r10/env_old/lib/python3.12/site-packages/gymnasium/utils/passive_env_checker.py:129: UserWarning: [33mWARN: The obs returned by the `step()` method was expecting a numpy array, actual type: <class 'torch.Tensor'>[0m
  logger.warn(
/workspace/r10/env_old/lib/python3.12/site-packages/gymnasium/spaces/box.py:415: UserWarning: [33mWARN: Casting input x to numpy array.[0m
  gym.logger.warn("Casting input x to numpy array.")
/workspace/r10/env_old/lib/python3.12/site-packages/gymnasium/utils/passive_env_checker.py:129: UserWarning: [33mWARN: The obs returned by the `reset()` method was expecting a numpy array, actual type: <class 'torch.Tensor'>[0m
  logger.warn(
/workspace/r10/env_old/lib/python3.12/site-packages/gymnasium/spaces/box.py:415: UserWarning: [33mWARN: Casting input x to numpy array.[0m
  gym.logger.warn("Casting input x to numpy array.")
CEM solve time: 1.5587 seconds
/workspace/r10/env_old/lib/python3.12/site-packages/gymnasium/utils/passive_env_checker.py:129: UserWarning: [33mWARN: The obs returned by the `step()` method was expecting a numpy array, actual type: <class 'torch.Tensor'>[0m
  logger.warn(
/workspace/r10/env_old/lib/python3.12/site-packages/gymnasium/spaces/box.py:415: UserWarning: [33mWARN: Casting input x to numpy array.[0m
  gym.logger.warn("Casting input x to numpy array.")
{"completed": 111, "missing": 0, "case": "R8_tworoom_0111aeb23da6fffc773d216b", "arm": "REFIT_103203", "stream": "R4_ALT_CEM_2", "mode": "H_REAL3_REPLAN"}
/workspace/r10/env_old/lib/python3.12/site-packages/gymnasium/utils/passive_env_checker.py:129: UserWarning: [33mWARN: The obs returned by the `reset()` method was expecting a numpy array, actual type: <class 'torch.Tensor'>[0m
  logger.warn(
/workspace/r10/env_old/lib/python3.12/site-packages/gymnasium/spaces/box.py:415: UserWarning: [33mWARN: Casting input x to numpy array.[0m
  gym.logger.warn("Casting input x to numpy array.")
CEM solve time: 1.5508 seconds
/workspace/r10/env_old/lib/python3.12/site-packages/gymnasium/utils/passive_env_checker.py:129: UserWarning: [33mWARN: The obs returned by the `step()` method was expecting a numpy array, actual type: <class 'torch.Tensor'>[0m
  logger.warn(
/workspace/r10/env_old/lib/python3.12/site-packages/gymnasium/spaces/box.py:415: UserWarning: [33mWARN: Casting input x to numpy array.[0m
  gym.logger.warn("Casting input x to numpy array.")
/workspace/r10/env_old/lib/python3.12/site-packages/gymnasium/utils/passive_env_checker.py:129: UserWarning: [33mWARN: The obs returned by the `reset()` method was expecting a numpy array, actual type: <class 'torch.Tensor'>[0m
  logger.warn(
CEM solve time: 1.5517 seconds
/workspace/r10/env_old/lib/python3.12/site-packages/gymnasium/utils/passive_env_checker.py:129: UserWarning: [33mWARN: The obs returned by the `step()` method was expecting a numpy array, actual type: <class 'torch.Tensor'>[0m
  logger.warn(
/workspace/r10/env_old/lib/python3.12/site-packages/gymnasium/spaces/box.py:415: UserWarning: [33mWARN: Casting input x to numpy array.[0m
  gym.logger.warn("Casting input x to numpy array.")
{"completed": 112, "missing": 0, "case": "R8_tworoom_01e3ee0ac905e396feaf2334", "arm": "REFIT_103203", "stream": "R3_ORIGINAL", "mode": "H_REAL3_REPLAN"}
/workspace/r10/env_old/lib/python3.12/site-packages/gymnasium/utils/passive_env_checker.py:129: UserWarning: [33mWARN: The obs returned by the `reset()` method was expecting a numpy array, actual type: <class 'torch.Tensor'>[0m
  logger.warn(
CEM solve time: 1.5774 seconds
/workspace/r10/env_old/lib/python3.12/site-packages/gymnasium/utils/passive_env_checker.py:129: UserWarning: [33mWARN: The obs returned by the `step()` method was expecting a numpy array, actual type: <class 'torch.Tensor'>[0m
  logger.warn(
/workspace/r10/env_old/lib/python3.12/site-packages/gymnasium/spaces/box.py:415: UserWarning: [33mWARN: Casting input x to numpy array.[0m
  gym.logger.warn("Casting input x to numpy array.")
/workspace/r10/env_old/lib/python3.12/site-packages/gymnasium/utils/passive_env_checker.py:129: UserWarning: [33mWARN: The obs returned by the `reset()` method was expecting a numpy array, actual type: <class 'torch.Tensor'>[0m
  logger.warn(
CEM solve time: 1.5571 seconds
/workspace/r10/env_old/lib/python3.12/site-packages/gymnasium/utils/passive_env_checker.py:129: UserWarning: [33mWARN: The obs returned by the `step()` method was expecting a numpy array, actual type: <class 'torch.Tensor'>[0m
  logger.warn(
/workspace/r10/env_old/lib/python3.12/site-packages/gymnasium/spaces/box.py:415: UserWarning: [33mWARN: Casting input x to numpy array.[0m
  gym.logger.warn("Casting input x to numpy array.")
{"completed": 113, "missing": 0, "case": "R8_tworoom_01e3ee0ac905e396feaf2334", "arm": "REFIT_103203", "stream": "R4_ALT_CEM_1", "mode": "H_REAL3_REPLAN"}
/workspace/r10/env_old/lib/python3.12/site-packages/gymnasium/utils/passive_env_checker.py:129: UserWarning: [33mWARN: The obs returned by the `reset()` method was expecting a numpy array, actual type: <class 'torch.Tensor'>[0m
  logger.warn(
CEM solve time: 1.5604 seconds
/workspace/r10/env_old/lib/python3.12/site-packages/gymnasium/utils/passive_env_checker.py:129: UserWarning: [33mWARN: The obs returned by the `step()` method was expecting a numpy array, actual type: <class 'torch.Tensor'>[0m
  logger.warn(
/workspace/r10/env_old/lib/python3.12/site-packages/gymnasium/spaces/box.py:415: UserWarning: [33mWARN: Casting input x to numpy array.[0m
  gym.logger.warn("Casting input x to numpy array.")
/workspace/r10/env_old/lib/python3.12/site-packages/gymnasium/utils/passive_env_checker.py:129: UserWarning: [33mWARN: The obs returned by the `reset()` method was expecting a numpy array, actual type: <class 'torch.Tensor'>[0m
  logger.warn(
/workspace/r10/env_old/lib/python3.12/site-packages/gymnasium/spaces/box.py:415: UserWarning: [33mWARN: Casting input x to numpy array.[0m
  gym.logger.warn("Casting input x to numpy array.")
CEM solve time: 1.5542 seconds
/workspace/r10/env_old/lib/python3.12/site-packages/gymnasium/utils/passive_env_checker.py:129: UserWarning: [33mWARN: The obs returned by the `step()` method was expecting a numpy array, actual type: <class 'torch.Tensor'>[0m
  logger.warn(
/workspace/r10/env_old/lib/python3.12/site-packages/gymnasium/spaces/box.py:415: UserWarning: [33mWARN: Casting input x to numpy array.[0m
  gym.logger.warn("Casting input x to numpy array.")
{"completed": 114, "missing": 0, "case": "R8_tworoom_01e3ee0ac905e396feaf2334", "arm": "REFIT_103203", "stream": "R4_ALT_CEM_2", "mode": "H_REAL3_REPLAN"}
/workspace/r10/env_old/lib/python3.12/site-packages/gymnasium/utils/passive_env_checker.py:129: UserWarning: [33mWARN: The obs returned by the `reset()` method was expecting a numpy array, actual type: <class 'torch.Tensor'>[0m
  logger.warn(
/workspace/r10/env_old/lib/python3.12/site-packages/gymnasium/spaces/box.py:415: UserWarning: [33mWARN: Casting input x to numpy array.[0m
  gym.logger.warn("Casting input x to numpy array.")
CEM solve time: 1.5720 seconds
/workspace/r10/env_old/lib/python3.12/site-packages/gymnasium/utils/passive_env_checker.py:129: UserWarning: [33mWARN: The obs returned by the `step()` method was expecting a numpy array, actual type: <class 'torch.Tensor'>[0m
  logger.warn(
/workspace/r10/env_old/lib/python3.12/site-packages/gymnasium/spaces/box.py:415: UserWarning: [33mWARN: Casting input x to numpy array.[0m
  gym.logger.warn("Casting input x to numpy array.")
/workspace/r10/env_old/lib/python3.12/site-packages/gymnasium/utils/passive_env_checker.py:129: UserWarning: [33mWARN: The obs returned by the `reset()` method was expecting a numpy array, actual type: <class 'torch.Tensor'>[0m
  logger.warn(
CEM solve time: 1.5512 seconds
/workspace/r10/env_old/lib/python3.12/site-packages/gymnasium/utils/passive_env_checker.py:129: UserWarning: [33mWARN: The obs returned by the `step()` method was expecting a numpy array, actual type: <class 'torch.Tensor'>[0m
  logger.warn(
/workspace/r10/env_old/lib/python3.12/site-packages/gymnasium/spaces/box.py:415: UserWarning: [33mWARN: Casting input x to numpy array.[0m
  gym.logger.warn("Casting input x to numpy array.")
{"completed": 115, "missing": 0, "case": "R8_tworoom_02680528f8abd745a907a78d", "arm": "REFIT_103203", "stream": "R3_ORIGINAL", "mode": "H_REAL3_REPLAN"}
/workspace/r10/env_old/lib/python3.12/site-packages/gymnasium/utils/passive_env_checker.py:129: UserWarning: [33mWARN: The obs returned by the `reset()` method was expecting a numpy array, actual type: <class 'torch.Tensor'>[0m
  logger.warn(
CEM solve time: 1.5734 seconds
/workspace/r10/env_old/lib/python3.12/site-packages/gymnasium/utils/passive_env_checker.py:129: UserWarning: [33mWARN: The obs returned by the `step()` method was expecting a numpy array, actual type: <class 'torch.Tensor'>[0m
  logger.warn(
/workspace/r10/env_old/lib/python3.12/site-packages/gymnasium/spaces/box.py:415: UserWarning: [33mWARN: Casting input x to numpy array.[0m
  gym.logger.warn("Casting input x to numpy array.")
/workspace/r10/env_old/lib/python3.12/site-packages/gymnasium/utils/passive_env_checker.py:129: UserWarning: [33mWARN: The obs returned by the `reset()` method was expecting a numpy array, actual type: <class 'torch.Tensor'>[0m
  logger.warn(
CEM solve time: 1.5788 seconds
/workspace/r10/env_old/lib/python3.12/site-packages/gymnasium/utils/passive_env_checker.py:129: UserWarning: [33mWARN: The obs returned by the `step()` method was expecting a numpy array, actual type: <class 'torch.Tensor'>[0m
  logger.warn(
/workspace/r10/env_old/lib/python3.12/site-packages/gymnasium/spaces/box.py:415: UserWarning: [33mWARN: Casting input x to numpy array.[0m
  gym.logger.warn("Casting input x to numpy array.")
{"completed": 116, "missing": 0, "case": "R8_tworoom_02680528f8abd745a907a78d", "arm": "REFIT_103203", "stream": "R4_ALT_CEM_1", "mode": "H_REAL3_REPLAN"}
/workspace/r10/env_old/lib/python3.12/site-packages/gymnasium/utils/passive_env_checker.py:129: UserWarning: [33mWARN: The obs returned by the `reset()` method was expecting a numpy array, actual type: <class 'torch.Tensor'>[0m
  logger.warn(
CEM solve time: 1.5617 seconds
/workspace/r10/env_old/lib/python3.12/site-packages/gymnasium/utils/passive_env_checker.py:129: UserWarning: [33mWARN: The obs returned by the `step()` method was expecting a numpy array, actual type: <class 'torch.Tensor'>[0m
  logger.warn(
/workspace/r10/env_old/lib/python3.12/site-packages/gymnasium/spaces/box.py:415: UserWarning: [33mWARN: Casting input x to numpy array.[0m
  gym.logger.warn("Casting input x to numpy array.")
/workspace/r10/env_old/lib/python3.12/site-packages/gymnasium/utils/passive_env_checker.py:129: UserWarning: [33mWARN: The obs returned by the `reset()` method was expecting a numpy array, actual type: <class 'torch.Tensor'>[0m
  logger.warn(
CEM solve time: 1.5517 seconds
/workspace/r10/env_old/lib/python3.12/site-packages/gymnasium/utils/passive_env_checker.py:129: UserWarning: [33mWARN: The obs returned by the `step()` method was expecting a numpy array, actual type: <class 'torch.Tensor'>[0m
  logger.warn(
/workspace/r10/env_old/lib/python3.12/site-packages/gymnasium/spaces/box.py:415: UserWarning: [33mWARN: Casting input x to numpy array.[0m
  gym.logger.warn("Casting input x to numpy array.")
{"completed": 117, "missing": 0, "case": "R8_tworoom_02680528f8abd745a907a78d", "arm": "REFIT_103203", "stream": "R4_ALT_CEM_2", "mode": "H_REAL3_REPLAN"}
/workspace/r10/env_old/lib/python3.12/site-packages/gymnasium/utils/passive_env_checker.py:129: UserWarning: [33mWARN: The obs returned by the `reset()` method was expecting a numpy array, actual type: <class 'torch.Tensor'>[0m
  logger.warn(
CEM solve time: 1.5512 seconds
/workspace/r10/env_old/lib/python3.12/site-packages/gymnasium/utils/passive_env_checker.py:129: UserWarning: [33mWARN: The obs returned by the `step()` method was expecting a numpy array, actual type: <class 'torch.Tensor'>[0m
  logger.warn(
/workspace/r10/env_old/lib/python3.12/site-packages/gymnasium/spaces/box.py:415: UserWarning: [33mWARN: Casting input x to numpy array.[0m
  gym.logger.warn("Casting input x to numpy array.")
/workspace/r10/env_old/lib/python3.12/site-packages/gymnasium/utils/passive_env_checker.py:129: UserWarning: [33mWARN: The obs returned by the `reset()` method was expecting a numpy array, actual type: <class 'torch.Tensor'>[0m
  logger.warn(
/workspace/r10/env_old/lib/python3.12/site-packages/gymnasium/spaces/box.py:415: UserWarning: [33mWARN: Casting input x to numpy array.[0m
  gym.logger.warn("Casting input x to numpy array.")
CEM solve time: 1.6009 seconds
/workspace/r10/env_old/lib/python3.12/site-packages/gymnasium/utils/passive_env_checker.py:129: UserWarning: [33mWARN: The obs returned by the `step()` method was expecting a numpy array, actual type: <class 'torch.Tensor'>[0m
  logger.warn(
/workspace/r10/env_old/lib/python3.12/site-packages/gymnasium/spaces/box.py:415: UserWarning: [33mWARN: Casting input x to numpy array.[0m
  gym.logger.warn("Casting input x to numpy array.")
{"completed": 118, "missing": 0, "case": "R8_tworoom_02f110e92f4d49fdbc75429a", "arm": "REFIT_103203", "stream": "R3_ORIGINAL", "mode": "H_REAL3_REPLAN"}
/workspace/r10/env_old/lib/python3.12/site-packages/gymnasium/utils/passive_env_checker.py:129: UserWarning: [33mWARN: The obs returned by the `reset()` method was expecting a numpy array, actual type: <class 'torch.Tensor'>[0m
  logger.warn(
/workspace/r10/env_old/lib/python3.12/site-packages/gymnasium/spaces/box.py:415: UserWarning: [33mWARN: Casting input x to numpy array.[0m
  gym.logger.warn("Casting input x to numpy array.")
CEM solve time: 1.5535 seconds
/workspace/r10/env_old/lib/python3.12/site-packages/gymnasium/utils/passive_env_checker.py:129: UserWarning: [33mWARN: The obs returned by the `step()` method was expecting a numpy array, actual type: <class 'torch.Tensor'>[0m
  logger.warn(
/workspace/r10/env_old/lib/python3.12/site-packages/gymnasium/spaces/box.py:415: UserWarning: [33mWARN: Casting input x to numpy array.[0m
  gym.logger.warn("Casting input x to numpy array.")
/workspace/r10/env_old/lib/python3.12/site-packages/gymnasium/utils/passive_env_checker.py:129: UserWarning: [33mWARN: The obs returned by the `reset()` method was expecting a numpy array, actual type: <class 'torch.Tensor'>[0m
  logger.warn(
/workspace/r10/env_old/lib/python3.12/site-packages/gymnasium/spaces/box.py:415: UserWarning: [33mWARN: Casting input x to numpy array.[0m
  gym.logger.warn("Casting input x to numpy array.")
CEM solve time: 1.5605 seconds
/workspace/r10/env_old/lib/python3.12/site-packages/gymnasium/utils/passive_env_checker.py:129: UserWarning: [33mWARN: The obs returned by the `step()` method was expecting a numpy array, actual type: <class 'torch.Tensor'>[0m
  logger.warn(
/workspace/r10/env_old/lib/python3.12/site-packages/gymnasium/spaces/box.py:415: UserWarning: [33mWARN: Casting input x to numpy array.[0m
  gym.logger.warn("Casting input x to numpy array.")
{"completed": 119, "missing": 0, "case": "R8_tworoom_02f110e92f4d49fdbc75429a", "arm": "REFIT_103203", "stream": "R4_ALT_CEM_1", "mode": "H_REAL3_REPLAN"}
/workspace/r10/env_old/lib/python3.12/site-packages/gymnasium/utils/passive_env_checker.py:129: UserWarning: [33mWARN: The obs returned by the `reset()` method was expecting a numpy array, actual type: <class 'torch.Tensor'>[0m
  logger.warn(
/workspace/r10/env_old/lib/python3.12/site-packages/gymnasium/spaces/box.py:415: UserWarning: [33mWARN: Casting input x to numpy array.[0m
  gym.logger.warn("Casting input x to numpy array.")
CEM solve time: 1.6260 seconds
/workspace/r10/env_old/lib/python3.12/site-packages/gymnasium/utils/passive_env_checker.py:129: UserWarning: [33mWARN: The obs returned by the `step()` method was expecting a numpy array, actual type: <class 'torch.Tensor'>[0m
  logger.warn(
/workspace/r10/env_old/lib/python3.12/site-packages/gymnasium/spaces/box.py:415: UserWarning: [33mWARN: Casting input x to numpy array.[0m
  gym.logger.warn("Casting input x to numpy array.")
/workspace/r10/env_old/lib/python3.12/site-packages/gymnasium/utils/passive_env_checker.py:129: UserWarning: [33mWARN: The obs returned by the `reset()` method was expecting a numpy array, actual type: <class 'torch.Tensor'>[0m
  logger.warn(
/workspace/r10/env_old/lib/python3.12/site-packages/gymnasium/spaces/box.py:415: UserWarning: [33mWARN: Casting input x to numpy array.[0m
  gym.logger.warn("Casting input x to numpy array.")
CEM solve time: 1.5573 seconds
/workspace/r10/env_old/lib/python3.12/site-packages/gymnasium/utils/passive_env_checker.py:129: UserWarning: [33mWARN: The obs returned by the `step()` method was expecting a numpy array, actual type: <class 'torch.Tensor'>[0m
  logger.warn(
/workspace/r10/env_old/lib/python3.12/site-packages/gymnasium/spaces/box.py:415: UserWarning: [33mWARN: Casting input x to numpy array.[0m
  gym.logger.warn("Casting input x to numpy array.")
{"completed": 120, "missing": 0, "case": "R8_tworoom_02f110e92f4d49fdbc75429a", "arm": "REFIT_103203", "stream": "R4_ALT_CEM_2", "mode": "H_REAL3_REPLAN"}
/workspace/r10/env_old/lib/python3.12/site-packages/gymnasium/utils/passive_env_checker.py:129: UserWarning: [33mWARN: The obs returned by the `reset()` method was expecting a numpy array, actual type: <class 'torch.Tensor'>[0m
  logger.warn(
/workspace/r10/env_old/lib/python3.12/site-packages/gymnasium/spaces/box.py:415: UserWarning: [33mWARN: Casting input x to numpy array.[0m
  gym.logger.warn("Casting input x to numpy array.")
CEM solve time: 1.5679 seconds
/workspace/r10/env_old/lib/python3.12/site-packages/gymnasium/utils/passive_env_checker.py:129: UserWarning: [33mWARN: The obs returned by the `step()` method was expecting a numpy array, actual type: <class 'torch.Tensor'>[0m
  logger.warn(
/workspace/r10/env_old/lib/python3.12/site-packages/gymnasium/spaces/box.py:415: UserWarning: [33mWARN: Casting input x to numpy array.[0m
  gym.logger.warn("Casting input x to numpy array.")
/workspace/r10/env_old/lib/python3.12/site-packages/gymnasium/utils/passive_env_checker.py:129: UserWarning: [33mWARN: The obs returned by the `reset()` method was expecting a numpy array, actual type: <class 'torch.Tensor'>[0m
  logger.warn(
/workspace/r10/env_old/lib/python3.12/site-packages/gymnasium/spaces/box.py:415: UserWarning: [33mWARN: Casting input x to numpy array.[0m
  gym.logger.warn("Casting input x to numpy array.")
CEM solve time: 1.5694 seconds
/workspace/r10/env_old/lib/python3.12/site-packages/gymnasium/utils/passive_env_checker.py:129: UserWarning: [33mWARN: The obs returned by the `step()` method was expecting a numpy array, actual type: <class 'torch.Tensor'>[0m
  logger.warn(
/workspace/r10/env_old/lib/python3.12/site-packages/gymnasium/spaces/box.py:415: UserWarning: [33mWARN: Casting input x to numpy array.[0m
  gym.logger.warn("Casting input x to numpy array.")
{"completed": 121, "missing": 0, "case": "R8_tworoom_039f03865caa5e75652a007c", "arm": "REFIT_103203", "stream": "R3_ORIGINAL", "mode": "H_REAL3_REPLAN"}
/workspace/r10/env_old/lib/python3.12/site-packages/gymnasium/utils/passive_env_checker.py:129: UserWarning: [33mWARN: The obs returned by the `reset()` method was expecting a numpy array, actual type: <class 'torch.Tensor'>[0m
  logger.warn(
/workspace/r10/env_old/lib/python3.12/site-packages/gymnasium/spaces/box.py:415: UserWarning: [33mWARN: Casting input x to numpy array.[0m
  gym.logger.warn("Casting input x to numpy array.")
CEM solve time: 1.5709 seconds
/workspace/r10/env_old/lib/python3.12/site-packages/gymnasium/utils/passive_env_checker.py:129: UserWarning: [33mWARN: The obs returned by the `step()` method was expecting a numpy array, actual type: <class 'torch.Tensor'>[0m
  logger.warn(
/workspace/r10/env_old/lib/python3.12/site-packages/gymnasium/spaces/box.py:415: UserWarning: [33mWARN: Casting input x to numpy array.[0m
  gym.logger.warn("Casting input x to numpy array.")
/workspace/r10/env_old/lib/python3.12/site-packages/gymnasium/utils/passive_env_checker.py:129: UserWarning: [33mWARN: The obs returned by the `reset()` method was expecting a numpy array, actual type: <class 'torch.Tensor'>[0m
  logger.warn(
/workspace/r10/env_old/lib/python3.12/site-packages/gymnasium/spaces/box.py:415: UserWarning: [33mWARN: Casting input x to numpy array.[0m
  gym.logger.warn("Casting input x to numpy array.")
CEM solve time: 1.5595 seconds
/workspace/r10/env_old/lib/python3.12/site-packages/gymnasium/utils/passive_env_checker.py:129: UserWarning: [33mWARN: The obs returned by the `step()` method was expecting a numpy array, actual type: <class 'torch.Tensor'>[0m
  logger.warn(
/workspace/r10/env_old/lib/python3.12/site-packages/gymnasium/spaces/box.py:415: UserWarning: [33mWARN: Casting input x to numpy array.[0m
  gym.logger.warn("Casting input x to numpy array.")
{"completed": 122, "missing": 0, "case": "R8_tworoom_039f03865caa5e75652a007c", "arm": "REFIT_103203", "stream": "R4_ALT_CEM_1", "mode": "H_REAL3_REPLAN"}
/workspace/r10/env_old/lib/python3.12/site-packages/gymnasium/utils/passive_env_checker.py:129: UserWarning: [33mWARN: The obs returned by the `reset()` method was expecting a numpy array, actual type: <class 'torch.Tensor'>[0m
  logger.warn(
/workspace/r10/env_old/lib/python3.12/site-packages/gymnasium/spaces/box.py:415: UserWarning: [33mWARN: Casting input x to numpy array.[0m
  gym.logger.warn("Casting input x to numpy array.")
CEM solve time: 1.5776 seconds
/workspace/r10/env_old/lib/python3.12/site-packages/gymnasium/utils/passive_env_checker.py:129: UserWarning: [33mWARN: The obs returned by the `step()` method was expecting a numpy array, actual type: <class 'torch.Tensor'>[0m
  logger.warn(
/workspace/r10/env_old/lib/python3.12/site-packages/gymnasium/spaces/box.py:415: UserWarning: [33mWARN: Casting input x to numpy array.[0m
  gym.logger.warn("Casting input x to numpy array.")
/workspace/r10/env_old/lib/python3.12/site-packages/gymnasium/utils/passive_env_checker.py:129: UserWarning: [33mWARN: The obs returned by the `reset()` method was expecting a numpy array, actual type: <class 'torch.Tensor'>[0m
  logger.warn(
/workspace/r10/env_old/lib/python3.12/site-packages/gymnasium/spaces/box.py:415: UserWarning: [33mWARN: Casting input x to numpy array.[0m
  gym.logger.warn("Casting input x to numpy array.")
CEM solve time: 1.5539 seconds
/workspace/r10/env_old/lib/python3.12/site-packages/gymnasium/utils/passive_env_checker.py:129: UserWarning: [33mWARN: The obs returned by the `step()` method was expecting a numpy array, actual type: <class 'torch.Tensor'>[0m
  logger.warn(
/workspace/r10/env_old/lib/python3.12/site-packages/gymnasium/spaces/box.py:415: UserWarning: [33mWARN: Casting input x to numpy array.[0m
  gym.logger.warn("Casting input x to numpy array.")
{"completed": 123, "missing": 0, "case": "R8_tworoom_039f03865caa5e75652a007c", "arm": "REFIT_103203", "stream": "R4_ALT_CEM_2", "mode": "H_REAL3_REPLAN"}
/workspace/r10/env_old/lib/python3.12/site-packages/gymnasium/utils/passive_env_checker.py:129: UserWarning: [33mWARN: The obs returned by the `reset()` method was expecting a numpy array, actual type: <class 'torch.Tensor'>[0m
  logger.warn(
/workspace/r10/env_old/lib/python3.12/site-packages/gymnasium/spaces/box.py:415: UserWarning: [33mWARN: Casting input x to numpy array.[0m
  gym.logger.warn("Casting input x to numpy array.")
CEM solve time: 1.5535 seconds
/workspace/r10/env_old/lib/python3.12/site-packages/gymnasium/utils/passive_env_checker.py:129: UserWarning: [33mWARN: The obs returned by the `step()` method was expecting a numpy array, actual type: <class 'torch.Tensor'>[0m
  logger.warn(
/workspace/r10/env_old/lib/python3.12/site-packages/gymnasium/spaces/box.py:415: UserWarning: [33mWARN: Casting input x to numpy array.[0m
  gym.logger.warn("Casting input x to numpy array.")
/workspace/r10/env_old/lib/python3.12/site-packages/gymnasium/utils/passive_env_checker.py:129: UserWarning: [33mWARN: The obs returned by the `reset()` method was expecting a numpy array, actual type: <class 'torch.Tensor'>[0m
  logger.warn(
/workspace/r10/env_old/lib/python3.12/site-packages/gymnasium/spaces/box.py:415: UserWarning: [33mWARN: Casting input x to numpy array.[0m
  gym.logger.warn("Casting input x to numpy array.")
CEM solve time: 1.5547 seconds
/workspace/r10/env_old/lib/python3.12/site-packages/gymnasium/utils/passive_env_checker.py:129: UserWarning: [33mWARN: The obs returned by the `step()` method was expecting a numpy array, actual type: <class 'torch.Tensor'>[0m
  logger.warn(
/workspace/r10/env_old/lib/python3.12/site-packages/gymnasium/spaces/box.py:415: UserWarning: [33mWARN: Casting input x to numpy array.[0m
  gym.logger.warn("Casting input x to numpy array.")
{"completed": 124, "missing": 0, "case": "R8_tworoom_043a3f8ff0c3e18976268fde", "arm": "REFIT_103203", "stream": "R3_ORIGINAL", "mode": "H_REAL3_REPLAN"}
/workspace/r10/env_old/lib/python3.12/site-packages/gymnasium/utils/passive_env_checker.py:129: UserWarning: [33mWARN: The obs returned by the `reset()` method was expecting a numpy array, actual type: <class 'torch.Tensor'>[0m
  logger.warn(
/workspace/r10/env_old/lib/python3.12/site-packages/gymnasium/spaces/box.py:415: UserWarning: [33mWARN: Casting input x to numpy array.[0m
  gym.logger.warn("Casting input x to numpy array.")
CEM solve time: 1.5559 seconds
/workspace/r10/env_old/lib/python3.12/site-packages/gymnasium/utils/passive_env_checker.py:129: UserWarning: [33mWARN: The obs returned by the `step()` method was expecting a numpy array, actual type: <class 'torch.Tensor'>[0m
  logger.warn(
/workspace/r10/env_old/lib/python3.12/site-packages/gymnasium/spaces/box.py:415: UserWarning: [33mWARN: Casting input x to numpy array.[0m
  gym.logger.warn("Casting input x to numpy array.")
/workspace/r10/env_old/lib/python3.12/site-packages/gymnasium/utils/passive_env_checker.py:129: UserWarning: [33mWARN: The obs returned by the `reset()` method was expecting a numpy array, actual type: <class 'torch.Tensor'>[0m
  logger.warn(
/workspace/r10/env_old/lib/python3.12/site-packages/gymnasium/spaces/box.py:415: UserWarning: [33mWARN: Casting input x to numpy array.[0m
  gym.logger.warn("Casting input x to numpy array.")
CEM solve time: 1.5528 seconds
/workspace/r10/env_old/lib/python3.12/site-packages/gymnasium/utils/passive_env_checker.py:129: UserWarning: [33mWARN: The obs returned by the `step()` method was expecting a numpy array, actual type: <class 'torch.Tensor'>[0m
  logger.warn(
/workspace/r10/env_old/lib/python3.12/site-packages/gymnasium/spaces/box.py:415: UserWarning: [33mWARN: Casting input x to numpy array.[0m
  gym.logger.warn("Casting input x to numpy array.")
{"completed": 125, "missing": 0, "case": "R8_tworoom_043a3f8ff0c3e18976268fde", "arm": "REFIT_103203", "stream": "R4_ALT_CEM_1", "mode": "H_REAL3_REPLAN"}
/workspace/r10/env_old/lib/python3.12/site-packages/gymnasium/utils/passive_env_checker.py:129: UserWarning: [33mWARN: The obs returned by the `reset()` method was expecting a numpy array, actual type: <class 'torch.Tensor'>[0m
  logger.warn(
/workspace/r10/env_old/lib/python3.12/site-packages/gymnasium/spaces/box.py:415: UserWarning: [33mWARN: Casting input x to numpy array.[0m
  gym.logger.warn("Casting input x to numpy array.")
CEM solve time: 1.5562 seconds
/workspace/r10/env_old/lib/python3.12/site-packages/gymnasium/utils/passive_env_checker.py:129: UserWarning: [33mWARN: The obs returned by the `step()` method was expecting a numpy array, actual type: <class 'torch.Tensor'>[0m
  logger.warn(
/workspace/r10/env_old/lib/python3.12/site-packages/gymnasium/spaces/box.py:415: UserWarning: [33mWARN: Casting input x to numpy array.[0m
  gym.logger.warn("Casting input x to numpy array.")
CEM solve time: 1.5839 seconds
/workspace/r10/env_old/lib/python3.12/site-packages/gymnasium/utils/passive_env_checker.py:129: UserWarning: [33mWARN: The obs returned by the `reset()` method was expecting a numpy array, actual type: <class 'torch.Tensor'>[0m
  logger.warn(
/workspace/r10/env_old/lib/python3.12/site-packages/gymnasium/spaces/box.py:415: UserWarning: [33mWARN: Casting input x to numpy array.[0m
  gym.logger.warn("Casting input x to numpy array.")
CEM solve time: 1.5574 seconds
/workspace/r10/env_old/lib/python3.12/site-packages/gymnasium/utils/passive_env_checker.py:129: UserWarning: [33mWARN: The obs returned by the `step()` method was expecting a numpy array, actual type: <class 'torch.Tensor'>[0m
  logger.warn(
/workspace/r10/env_old/lib/python3.12/site-packages/gymnasium/spaces/box.py:415: UserWarning: [33mWARN: Casting input x to numpy array.[0m
  gym.logger.warn("Casting input x to numpy array.")
CEM solve time: 1.5671 seconds
{"completed": 126, "missing": 0, "case": "R8_tworoom_043a3f8ff0c3e18976268fde", "arm": "REFIT_103203", "stream": "R4_ALT_CEM_2", "mode": "H_REAL3_REPLAN"}
/workspace/r10/env_old/lib/python3.12/site-packages/gymnasium/utils/passive_env_checker.py:129: UserWarning: [33mWARN: The obs returned by the `reset()` method was expecting a numpy array, actual type: <class 'torch.Tensor'>[0m
  logger.warn(
/workspace/r10/env_old/lib/python3.12/site-packages/gymnasium/spaces/box.py:415: UserWarning: [33mWARN: Casting input x to numpy array.[0m
  gym.logger.warn("Casting input x to numpy array.")
CEM solve time: 1.5658 seconds
/workspace/r10/env_old/lib/python3.12/site-packages/gymnasium/utils/passive_env_checker.py:129: UserWarning: [33mWARN: The obs returned by the `step()` method was expecting a numpy array, actual type: <class 'torch.Tensor'>[0m
  logger.warn(
/workspace/r10/env_old/lib/python3.12/site-packages/gymnasium/spaces/box.py:415: UserWarning: [33mWARN: Casting input x to numpy array.[0m
  gym.logger.warn("Casting input x to numpy array.")
/workspace/r10/env_old/lib/python3.12/site-packages/gymnasium/utils/passive_env_checker.py:129: UserWarning: [33mWARN: The obs returned by the `reset()` method was expecting a numpy array, actual type: <class 'torch.Tensor'>[0m
  logger.warn(
/workspace/r10/env_old/lib/python3.12/site-packages/gymnasium/spaces/box.py:415: UserWarning: [33mWARN: Casting input x to numpy array.[0m
  gym.logger.warn("Casting input x to numpy array.")
CEM solve time: 1.5514 seconds
/workspace/r10/env_old/lib/python3.12/site-packages/gymnasium/utils/passive_env_checker.py:129: UserWarning: [33mWARN: The obs returned by the `step()` method was expecting a numpy array, actual type: <class 'torch.Tensor'>[0m
  logger.warn(
/workspace/r10/env_old/lib/python3.12/site-packages/gymnasium/spaces/box.py:415: UserWarning: [33mWARN: Casting input x to numpy array.[0m
  gym.logger.warn("Casting input x to numpy array.")
{"completed": 127, "missing": 0, "case": "R8_tworoom_053839539a00319e17892aa8", "arm": "REFIT_103203", "stream": "R3_ORIGINAL", "mode": "H_REAL3_REPLAN"}
/workspace/r10/env_old/lib/python3.12/site-packages/gymnasium/utils/passive_env_checker.py:129: UserWarning: [33mWARN: The obs returned by the `reset()` method was expecting a numpy array, actual type: <class 'torch.Tensor'>[0m
  logger.warn(
/workspace/r10/env_old/lib/python3.12/site-packages/gymnasium/spaces/box.py:415: UserWarning: [33mWARN: Casting input x to numpy array.[0m
  gym.logger.warn("Casting input x to numpy array.")
CEM solve time: 1.5760 seconds
/workspace/r10/env_old/lib/python3.12/site-packages/gymnasium/utils/passive_env_checker.py:129: UserWarning: [33mWARN: The obs returned by the `step()` method was expecting a numpy array, actual type: <class 'torch.Tensor'>[0m
  logger.warn(
/workspace/r10/env_old/lib/python3.12/site-packages/gymnasium/spaces/box.py:415: UserWarning: [33mWARN: Casting input x to numpy array.[0m
  gym.logger.warn("Casting input x to numpy array.")
/workspace/r10/env_old/lib/python3.12/site-packages/gymnasium/utils/passive_env_checker.py:129: UserWarning: [33mWARN: The obs returned by the `reset()` method was expecting a numpy array, actual type: <class 'torch.Tensor'>[0m
  logger.warn(
/workspace/r10/env_old/lib/python3.12/site-packages/gymnasium/spaces/box.py:415: UserWarning: [33mWARN: Casting input x to numpy array.[0m
  gym.logger.warn("Casting input x to numpy array.")
CEM solve time: 1.5833 seconds
/workspace/r10/env_old/lib/python3.12/site-packages/gymnasium/utils/passive_env_checker.py:129: UserWarning: [33mWARN: The obs returned by the `step()` method was expecting a numpy array, actual type: <class 'torch.Tensor'>[0m
  logger.warn(
/workspace/r10/env_old/lib/python3.12/site-packages/gymnasium/spaces/box.py:415: UserWarning: [33mWARN: Casting input x to numpy array.[0m
  gym.logger.warn("Casting input x to numpy array.")
{"completed": 128, "missing": 0, "case": "R8_tworoom_053839539a00319e17892aa8", "arm": "REFIT_103203", "stream": "R4_ALT_CEM_1", "mode": "H_REAL3_REPLAN"}
/workspace/r10/env_old/lib/python3.12/site-packages/gymnasium/utils/passive_env_checker.py:129: UserWarning: [33mWARN: The obs returned by the `reset()` method was expecting a numpy array, actual type: <class 'torch.Tensor'>[0m
  logger.warn(
/workspace/r10/env_old/lib/python3.12/site-packages/gymnasium/spaces/box.py:415: UserWarning: [33mWARN: Casting input x to numpy array.[0m
  gym.logger.warn("Casting input x to numpy array.")
CEM solve time: 1.5571 seconds
/workspace/r10/env_old/lib/python3.12/site-packages/gymnasium/utils/passive_env_checker.py:129: UserWarning: [33mWARN: The obs returned by the `step()` method was expecting a numpy array, actual type: <class 'torch.Tensor'>[0m
  logger.warn(
/workspace/r10/env_old/lib/python3.12/site-packages/gymnasium/spaces/box.py:415: UserWarning: [33mWARN: Casting input x to numpy array.[0m
  gym.logger.warn("Casting input x to numpy array.")
/workspace/r10/env_old/lib/python3.12/site-packages/gymnasium/utils/passive_env_checker.py:129: UserWarning: [33mWARN: The obs returned by the `reset()` method was expecting a numpy array, actual type: <class 'torch.Tensor'>[0m
  logger.warn(
/workspace/r10/env_old/lib/python3.12/site-packages/gymnasium/spaces/box.py:415: UserWarning: [33mWARN: Casting input x to numpy array.[0m
  gym.logger.warn("Casting input x to numpy array.")
CEM solve time: 1.5540 seconds
/workspace/r10/env_old/lib/python3.12/site-packages/gymnasium/utils/passive_env_checker.py:129: UserWarning: [33mWARN: The obs returned by the `step()` method was expecting a numpy array, actual type: <class 'torch.Tensor'>[0m
  logger.warn(
/workspace/r10/env_old/lib/python3.12/site-packages/gymnasium/spaces/box.py:415: UserWarning: [33mWARN: Casting input x to numpy array.[0m
  gym.logger.warn("Casting input x to numpy array.")
{"completed": 129, "missing": 0, "case": "R8_tworoom_053839539a00319e17892aa8", "arm": "REFIT_103203", "stream": "R4_ALT_CEM_2", "mode": "H_REAL3_REPLAN"}
/workspace/r10/env_old/lib/python3.12/site-packages/gymnasium/utils/passive_env_checker.py:129: UserWarning: [33mWARN: The obs returned by the `reset()` method was expecting a numpy array, actual type: <class 'torch.Tensor'>[0m
  logger.warn(
/workspace/r10/env_old/lib/python3.12/site-packages/gymnasium/spaces/box.py:415: UserWarning: [33mWARN: Casting input x to numpy array.[0m
  gym.logger.warn("Casting input x to numpy array.")
CEM solve time: 1.5619 seconds
/workspace/r10/env_old/lib/python3.12/site-packages/gymnasium/utils/passive_env_checker.py:129: UserWarning: [33mWARN: The obs returned by the `step()` method was expecting a numpy array, actual type: <class 'torch.Tensor'>[0m
  logger.warn(
/workspace/r10/env_old/lib/python3.12/site-packages/gymnasium/spaces/box.py:415: UserWarning: [33mWARN: Casting input x to numpy array.[0m
  gym.logger.warn("Casting input x to numpy array.")
/workspace/r10/env_old/lib/python3.12/site-packages/gymnasium/utils/passive_env_checker.py:129: UserWarning: [33mWARN: The obs returned by the `reset()` method was expecting a numpy array, actual type: <class 'torch.Tensor'>[0m
  logger.warn(
/workspace/r10/env_old/lib/python3.12/site-packages/gymnasium/spaces/box.py:415: UserWarning: [33mWARN: Casting input x to numpy array.[0m
  gym.logger.warn("Casting input x to numpy array.")
CEM solve time: 1.5561 seconds
/workspace/r10/env_old/lib/python3.12/site-packages/gymnasium/utils/passive_env_checker.py:129: UserWarning: [33mWARN: The obs returned by the `step()` method was expecting a numpy array, actual type: <class 'torch.Tensor'>[0m
  logger.warn(
/workspace/r10/env_old/lib/python3.12/site-packages/gymnasium/spaces/box.py:415: UserWarning: [33mWARN: Casting input x to numpy array.[0m
  gym.logger.warn("Casting input x to numpy array.")
{"completed": 130, "missing": 0, "case": "R8_tworoom_0586069dc3ac8d02e1e05d18", "arm": "REFIT_103203", "stream": "R3_ORIGINAL", "mode": "H_REAL3_REPLAN"}
/workspace/r10/env_old/lib/python3.12/site-packages/gymnasium/utils/passive_env_checker.py:129: UserWarning: [33mWARN: The obs returned by the `reset()` method was expecting a numpy array, actual type: <class 'torch.Tensor'>[0m
  logger.warn(
/workspace/r10/env_old/lib/python3.12/site-packages/gymnasium/spaces/box.py:415: UserWarning: [33mWARN: Casting input x to numpy array.[0m
  gym.logger.warn("Casting input x to numpy array.")
CEM solve time: 1.5565 seconds
/workspace/r10/env_old/lib/python3.12/site-packages/gymnasium/utils/passive_env_checker.py:129: UserWarning: [33mWARN: The obs returned by the `step()` method was expecting a numpy array, actual type: <class 'torch.Tensor'>[0m
  logger.warn(
/workspace/r10/env_old/lib/python3.12/site-packages/gymnasium/spaces/box.py:415: UserWarning: [33mWARN: Casting input x to numpy array.[0m
  gym.logger.warn("Casting input x to numpy array.")
CEM solve time: 1.5519 seconds
/workspace/r10/env_old/lib/python3.12/site-packages/gymnasium/utils/passive_env_checker.py:129: UserWarning: [33mWARN: The obs returned by the `reset()` method was expecting a numpy array, actual type: <class 'torch.Tensor'>[0m
  logger.warn(
/workspace/r10/env_old/lib/python3.12/site-packages/gymnasium/spaces/box.py:415: UserWarning: [33mWARN: Casting input x to numpy array.[0m
  gym.logger.warn("Casting input x to numpy array.")
CEM solve time: 1.5692 seconds
/workspace/r10/env_old/lib/python3.12/site-packages/gymnasium/utils/passive_env_checker.py:129: UserWarning: [33mWARN: The obs returned by the `step()` method was expecting a numpy array, actual type: <class 'torch.Tensor'>[0m
  logger.warn(
/workspace/r10/env_old/lib/python3.12/site-packages/gymnasium/spaces/box.py:415: UserWarning: [33mWARN: Casting input x to numpy array.[0m
  gym.logger.warn("Casting input x to numpy array.")
CEM solve time: 1.5718 seconds
{"completed": 131, "missing": 0, "case": "R8_tworoom_0586069dc3ac8d02e1e05d18", "arm": "REFIT_103203", "stream": "R4_ALT_CEM_1", "mode": "H_REAL3_REPLAN"}
/workspace/r10/env_old/lib/python3.12/site-packages/gymnasium/utils/passive_env_checker.py:129: UserWarning: [33mWARN: The obs returned by the `reset()` method was expecting a numpy array, actual type: <class 'torch.Tensor'>[0m
  logger.warn(
/workspace/r10/env_old/lib/python3.12/site-packages/gymnasium/spaces/box.py:415: UserWarning: [33mWARN: Casting input x to numpy array.[0m
  gym.logger.warn("Casting input x to numpy array.")
CEM solve time: 1.5569 seconds
/workspace/r10/env_old/lib/python3.12/site-packages/gymnasium/utils/passive_env_checker.py:129: UserWarning: [33mWARN: The obs returned by the `step()` method was expecting a numpy array, actual type: <class 'torch.Tensor'>[0m
  logger.warn(
/workspace/r10/env_old/lib/python3.12/site-packages/gymnasium/spaces/box.py:415: UserWarning: [33mWARN: Casting input x to numpy array.[0m
  gym.logger.warn("Casting input x to numpy array.")
CEM solve time: 1.5579 seconds
/workspace/r10/env_old/lib/python3.12/site-packages/gymnasium/utils/passive_env_checker.py:129: UserWarning: [33mWARN: The obs returned by the `reset()` method was expecting a numpy array, actual type: <class 'torch.Tensor'>[0m
  logger.warn(
/workspace/r10/env_old/lib/python3.12/site-packages/gymnasium/spaces/box.py:415: UserWarning: [33mWARN: Casting input x to numpy array.[0m
  gym.logger.warn("Casting input x to numpy array.")
CEM solve time: 1.5573 seconds
/workspace/r10/env_old/lib/python3.12/site-packages/gymnasium/utils/passive_env_checker.py:129: UserWarning: [33mWARN: The obs returned by the `step()` method was expecting a numpy array, actual type: <class 'torch.Tensor'>[0m
  logger.warn(
/workspace/r10/env_old/lib/python3.12/site-packages/gymnasium/spaces/box.py:415: UserWarning: [33mWARN: Casting input x to numpy array.[0m
  gym.logger.warn("Casting input x to numpy array.")
CEM solve time: 1.5728 seconds
{"completed": 132, "missing": 0, "case": "R8_tworoom_0586069dc3ac8d02e1e05d18", "arm": "REFIT_103203", "stream": "R4_ALT_CEM_2", "mode": "H_REAL3_REPLAN"}
/workspace/r10/env_old/lib/python3.12/site-packages/gymnasium/utils/passive_env_checker.py:129: UserWarning: [33mWARN: The obs returned by the `reset()` method was expecting a numpy array, actual type: <class 'torch.Tensor'>[0m
  logger.warn(
/workspace/r10/env_old/lib/python3.12/site-packages/gymnasium/spaces/box.py:415: UserWarning: [33mWARN: Casting input x to numpy array.[0m
  gym.logger.warn("Casting input x to numpy array.")
CEM solve time: 1.5629 seconds
/workspace/r10/env_old/lib/python3.12/site-packages/gymnasium/utils/passive_env_checker.py:129: UserWarning: [33mWARN: The obs returned by the `step()` method was expecting a numpy array, actual type: <class 'torch.Tensor'>[0m
  logger.warn(
/workspace/r10/env_old/lib/python3.12/site-packages/gymnasium/spaces/box.py:415: UserWarning: [33mWARN: Casting input x to numpy array.[0m
  gym.logger.warn("Casting input x to numpy array.")
/workspace/r10/env_old/lib/python3.12/site-packages/gymnasium/utils/passive_env_checker.py:129: UserWarning: [33mWARN: The obs returned by the `reset()` method was expecting a numpy array, actual type: <class 'torch.Tensor'>[0m
  logger.warn(
/workspace/r10/env_old/lib/python3.12/site-packages/gymnasium/spaces/box.py:415: UserWarning: [33mWARN: Casting input x to numpy array.[0m
  gym.logger.warn("Casting input x to numpy array.")
CEM solve time: 1.6219 seconds
/workspace/r10/env_old/lib/python3.12/site-packages/gymnasium/utils/passive_env_checker.py:129: UserWarning: [33mWARN: The obs returned by the `step()` method was expecting a numpy array, actual type: <class 'torch.Tensor'>[0m
  logger.warn(
/workspace/r10/env_old/lib/python3.12/site-packages/gymnasium/spaces/box.py:415: UserWarning: [33mWARN: Casting input x to numpy array.[0m
  gym.logger.warn("Casting input x to numpy array.")
{"completed": 133, "missing": 0, "case": "R8_tworoom_06950ce9848b7660fc6fdfcc", "arm": "REFIT_103203", "stream": "R3_ORIGINAL", "mode": "H_REAL3_REPLAN"}
/workspace/r10/env_old/lib/python3.12/site-packages/gymnasium/utils/passive_env_checker.py:129: UserWarning: [33mWARN: The obs returned by the `reset()` method was expecting a numpy array, actual type: <class 'torch.Tensor'>[0m
  logger.warn(
/workspace/r10/env_old/lib/python3.12/site-packages/gymnasium/spaces/box.py:415: UserWarning: [33mWARN: Casting input x to numpy array.[0m
  gym.logger.warn("Casting input x to numpy array.")
CEM solve time: 1.5534 seconds
/workspace/r10/env_old/lib/python3.12/site-packages/gymnasium/utils/passive_env_checker.py:129: UserWarning: [33mWARN: The obs returned by the `step()` method was expecting a numpy array, actual type: <class 'torch.Tensor'>[0m
  logger.warn(
/workspace/r10/env_old/lib/python3.12/site-packages/gymnasium/spaces/box.py:415: UserWarning: [33mWARN: Casting input x to numpy array.[0m
  gym.logger.warn("Casting input x to numpy array.")
/workspace/r10/env_old/lib/python3.12/site-packages/gymnasium/utils/passive_env_checker.py:129: UserWarning: [33mWARN: The obs returned by the `reset()` method was expecting a numpy array, actual type: <class 'torch.Tensor'>[0m
  logger.warn(
/workspace/r10/env_old/lib/python3.12/site-packages/gymnasium/spaces/box.py:415: UserWarning: [33mWARN: Casting input x to numpy array.[0m
  gym.logger.warn("Casting input x to numpy array.")
CEM solve time: 1.5523 seconds
/workspace/r10/env_old/lib/python3.12/site-packages/gymnasium/utils/passive_env_checker.py:129: UserWarning: [33mWARN: The obs returned by the `step()` method was expecting a numpy array, actual type: <class 'torch.Tensor'>[0m
  logger.warn(
/workspace/r10/env_old/lib/python3.12/site-packages/gymnasium/spaces/box.py:415: UserWarning: [33mWARN: Casting input x to numpy array.[0m
  gym.logger.warn("Casting input x to numpy array.")
{"completed": 134, "missing": 0, "case": "R8_tworoom_06950ce9848b7660fc6fdfcc", "arm": "REFIT_103203", "stream": "R4_ALT_CEM_1", "mode": "H_REAL3_REPLAN"}
/workspace/r10/env_old/lib/python3.12/site-packages/gymnasium/utils/passive_env_checker.py:129: UserWarning: [33mWARN: The obs returned by the `reset()` method was expecting a numpy array, actual type: <class 'torch.Tensor'>[0m
  logger.warn(
/workspace/r10/env_old/lib/python3.12/site-packages/gymnasium/spaces/box.py:415: UserWarning: [33mWARN: Casting input x to numpy array.[0m
  gym.logger.warn("Casting input x to numpy array.")
CEM solve time: 1.5511 seconds
/workspace/r10/env_old/lib/python3.12/site-packages/gymnasium/utils/passive_env_checker.py:129: UserWarning: [33mWARN: The obs returned by the `step()` method was expecting a numpy array, actual type: <class 'torch.Tensor'>[0m
  logger.warn(
/workspace/r10/env_old/lib/python3.12/site-packages/gymnasium/spaces/box.py:415: UserWarning: [33mWARN: Casting input x to numpy array.[0m
  gym.logger.warn("Casting input x to numpy array.")
/workspace/r10/env_old/lib/python3.12/site-packages/gymnasium/utils/passive_env_checker.py:129: UserWarning: [33mWARN: The obs returned by the `reset()` method was expecting a numpy array, actual type: <class 'torch.Tensor'>[0m
  logger.warn(
/workspace/r10/env_old/lib/python3.12/site-packages/gymnasium/spaces/box.py:415: UserWarning: [33mWARN: Casting input x to numpy array.[0m
  gym.logger.warn("Casting input x to numpy array.")
CEM solve time: 1.5526 seconds
/workspace/r10/env_old/lib/python3.12/site-packages/gymnasium/utils/passive_env_checker.py:129: UserWarning: [33mWARN: The obs returned by the `step()` method was expecting a numpy array, actual type: <class 'torch.Tensor'>[0m
  logger.warn(
/workspace/r10/env_old/lib/python3.12/site-packages/gymnasium/spaces/box.py:415: UserWarning: [33mWARN: Casting input x to numpy array.[0m
  gym.logger.warn("Casting input x to numpy array.")
{"completed": 135, "missing": 0, "case": "R8_tworoom_06950ce9848b7660fc6fdfcc", "arm": "REFIT_103203", "stream": "R4_ALT_CEM_2", "mode": "H_REAL3_REPLAN"}
/workspace/r10/env_old/lib/python3.12/site-packages/gymnasium/utils/passive_env_checker.py:129: UserWarning: [33mWARN: The obs returned by the `reset()` method was expecting a numpy array, actual type: <class 'torch.Tensor'>[0m
  logger.warn(
/workspace/r10/env_old/lib/python3.12/site-packages/gymnasium/spaces/box.py:415: UserWarning: [33mWARN: Casting input x to numpy array.[0m
  gym.logger.warn("Casting input x to numpy array.")
CEM solve time: 1.5558 seconds
/workspace/r10/env_old/lib/python3.12/site-packages/gymnasium/utils/passive_env_checker.py:129: UserWarning: [33mWARN: The obs returned by the `step()` method was expecting a numpy array, actual type: <class 'torch.Tensor'>[0m
  logger.warn(
/workspace/r10/env_old/lib/python3.12/site-packages/gymnasium/spaces/box.py:415: UserWarning: [33mWARN: Casting input x to numpy array.[0m
  gym.logger.warn("Casting input x to numpy array.")
CEM solve time: 1.5601 seconds
/workspace/r10/env_old/lib/python3.12/site-packages/gymnasium/utils/passive_env_checker.py:129: UserWarning: [33mWARN: The obs returned by the `reset()` method was expecting a numpy array, actual type: <class 'torch.Tensor'>[0m
  logger.warn(
/workspace/r10/env_old/lib/python3.12/site-packages/gymnasium/spaces/box.py:415: UserWarning: [33mWARN: Casting input x to numpy array.[0m
  gym.logger.warn("Casting input x to numpy array.")
CEM solve time: 1.5808 seconds
/workspace/r10/env_old/lib/python3.12/site-packages/gymnasium/utils/passive_env_checker.py:129: UserWarning: [33mWARN: The obs returned by the `step()` method was expecting a numpy array, actual type: <class 'torch.Tensor'>[0m
  logger.warn(
/workspace/r10/env_old/lib/python3.12/site-packages/gymnasium/spaces/box.py:415: UserWarning: [33mWARN: Casting input x to numpy array.[0m
  gym.logger.warn("Casting input x to numpy array.")
CEM solve time: 1.5678 seconds
{"completed": 136, "missing": 0, "case": "R8_tworoom_075acb8ec82b2511f83ca412", "arm": "REFIT_103203", "stream": "R3_ORIGINAL", "mode": "H_REAL3_REPLAN"}
/workspace/r10/env_old/lib/python3.12/site-packages/gymnasium/utils/passive_env_checker.py:129: UserWarning: [33mWARN: The obs returned by the `reset()` method was expecting a numpy array, actual type: <class 'torch.Tensor'>[0m
  logger.warn(
/workspace/r10/env_old/lib/python3.12/site-packages/gymnasium/spaces/box.py:415: UserWarning: [33mWARN: Casting input x to numpy array.[0m
  gym.logger.warn("Casting input x to numpy array.")
CEM solve time: 1.5653 seconds
/workspace/r10/env_old/lib/python3.12/site-packages/gymnasium/utils/passive_env_checker.py:129: UserWarning: [33mWARN: The obs returned by the `step()` method was expecting a numpy array, actual type: <class 'torch.Tensor'>[0m
  logger.warn(
/workspace/r10/env_old/lib/python3.12/site-packages/gymnasium/spaces/box.py:415: UserWarning: [33mWARN: Casting input x to numpy array.[0m
  gym.logger.warn("Casting input x to numpy array.")
/workspace/r10/env_old/lib/python3.12/site-packages/gymnasium/utils/passive_env_checker.py:129: UserWarning: [33mWARN: The obs returned by the `reset()` method was expecting a numpy array, actual type: <class 'torch.Tensor'>[0m
  logger.warn(
/workspace/r10/env_old/lib/python3.12/site-packages/gymnasium/spaces/box.py:415: UserWarning: [33mWARN: Casting input x to numpy array.[0m
  gym.logger.warn("Casting input x to numpy array.")
CEM solve time: 1.5728 seconds
/workspace/r10/env_old/lib/python3.12/site-packages/gymnasium/utils/passive_env_checker.py:129: UserWarning: [33mWARN: The obs returned by the `step()` method was expecting a numpy array, actual type: <class 'torch.Tensor'>[0m
  logger.warn(
/workspace/r10/env_old/lib/python3.12/site-packages/gymnasium/spaces/box.py:415: UserWarning: [33mWARN: Casting input x to numpy array.[0m
  gym.logger.warn("Casting input x to numpy array.")
{"completed": 137, "missing": 0, "case": "R8_tworoom_075acb8ec82b2511f83ca412", "arm": "REFIT_103203", "stream": "R4_ALT_CEM_1", "mode": "H_REAL3_REPLAN"}
/workspace/r10/env_old/lib/python3.12/site-packages/gymnasium/utils/passive_env_checker.py:129: UserWarning: [33mWARN: The obs returned by the `reset()` method was expecting a numpy array, actual type: <class 'torch.Tensor'>[0m
  logger.warn(
/workspace/r10/env_old/lib/python3.12/site-packages/gymnasium/spaces/box.py:415: UserWarning: [33mWARN: Casting input x to numpy array.[0m
  gym.logger.warn("Casting input x to numpy array.")
CEM solve time: 1.5598 seconds
/workspace/r10/env_old/lib/python3.12/site-packages/gymnasium/utils/passive_env_checker.py:129: UserWarning: [33mWARN: The obs returned by the `step()` method was expecting a numpy array, actual type: <class 'torch.Tensor'>[0m
  logger.warn(
/workspace/r10/env_old/lib/python3.12/site-packages/gymnasium/spaces/box.py:415: UserWarning: [33mWARN: Casting input x to numpy array.[0m
  gym.logger.warn("Casting input x to numpy array.")
/workspace/r10/env_old/lib/python3.12/site-packages/gymnasium/utils/passive_env_checker.py:129: UserWarning: [33mWARN: The obs returned by the `reset()` method was expecting a numpy array, actual type: <class 'torch.Tensor'>[0m
  logger.warn(
/workspace/r10/env_old/lib/python3.12/site-packages/gymnasium/spaces/box.py:415: UserWarning: [33mWARN: Casting input x to numpy array.[0m
  gym.logger.warn("Casting input x to numpy array.")
CEM solve time: 1.5529 seconds
/workspace/r10/env_old/lib/python3.12/site-packages/gymnasium/utils/passive_env_checker.py:129: UserWarning: [33mWARN: The obs returned by the `step()` method was expecting a numpy array, actual type: <class 'torch.Tensor'>[0m
  logger.warn(
/workspace/r10/env_old/lib/python3.12/site-packages/gymnasium/spaces/box.py:415: UserWarning: [33mWARN: Casting input x to numpy array.[0m
  gym.logger.warn("Casting input x to numpy array.")
{"completed": 138, "missing": 0, "case": "R8_tworoom_075acb8ec82b2511f83ca412", "arm": "REFIT_103203", "stream": "R4_ALT_CEM_2", "mode": "H_REAL3_REPLAN"}
/workspace/r10/env_old/lib/python3.12/site-packages/gymnasium/utils/passive_env_checker.py:129: UserWarning: [33mWARN: The obs returned by the `reset()` method was expecting a numpy array, actual type: <class 'torch.Tensor'>[0m
  logger.warn(
/workspace/r10/env_old/lib/python3.12/site-packages/gymnasium/spaces/box.py:415: UserWarning: [33mWARN: Casting input x to numpy array.[0m
  gym.logger.warn("Casting input x to numpy array.")
CEM solve time: 1.5720 seconds
/workspace/r10/env_old/lib/python3.12/site-packages/gymnasium/utils/passive_env_checker.py:129: UserWarning: [33mWARN: The obs returned by the `step()` method was expecting a numpy array, actual type: <class 'torch.Tensor'>[0m
  logger.warn(
/workspace/r10/env_old/lib/python3.12/site-packages/gymnasium/spaces/box.py:415: UserWarning: [33mWARN: Casting input x to numpy array.[0m
  gym.logger.warn("Casting input x to numpy array.")
/workspace/r10/env_old/lib/python3.12/site-packages/gymnasium/utils/passive_env_checker.py:129: UserWarning: [33mWARN: The obs returned by the `reset()` method was expecting a numpy array, actual type: <class 'torch.Tensor'>[0m
  logger.warn(
CEM solve time: 1.5558 seconds
/workspace/r10/env_old/lib/python3.12/site-packages/gymnasium/utils/passive_env_checker.py:129: UserWarning: [33mWARN: The obs returned by the `step()` method was expecting a numpy array, actual type: <class 'torch.Tensor'>[0m
  logger.warn(
/workspace/r10/env_old/lib/python3.12/site-packages/gymnasium/spaces/box.py:415: UserWarning: [33mWARN: Casting input x to numpy array.[0m
  gym.logger.warn("Casting input x to numpy array.")
{"completed": 139, "missing": 0, "case": "R8_tworoom_07d28ef566f88a6ee041edd2", "arm": "REFIT_103203", "stream": "R3_ORIGINAL", "mode": "H_REAL3_REPLAN"}
/workspace/r10/env_old/lib/python3.12/site-packages/gymnasium/utils/passive_env_checker.py:129: UserWarning: [33mWARN: The obs returned by the `reset()` method was expecting a numpy array, actual type: <class 'torch.Tensor'>[0m
  logger.warn(
CEM solve time: 1.5729 seconds
/workspace/r10/env_old/lib/python3.12/site-packages/gymnasium/utils/passive_env_checker.py:129: UserWarning: [33mWARN: The obs returned by the `step()` method was expecting a numpy array, actual type: <class 'torch.Tensor'>[0m
  logger.warn(
/workspace/r10/env_old/lib/python3.12/site-packages/gymnasium/spaces/box.py:415: UserWarning: [33mWARN: Casting input x to numpy array.[0m
  gym.logger.warn("Casting input x to numpy array.")
/workspace/r10/env_old/lib/python3.12/site-packages/gymnasium/utils/passive_env_checker.py:129: UserWarning: [33mWARN: The obs returned by the `reset()` method was expecting a numpy array, actual type: <class 'torch.Tensor'>[0m
  logger.warn(
CEM solve time: 1.5547 seconds
/workspace/r10/env_old/lib/python3.12/site-packages/gymnasium/utils/passive_env_checker.py:129: UserWarning: [33mWARN: The obs returned by the `step()` method was expecting a numpy array, actual type: <class 'torch.Tensor'>[0m
  logger.warn(
/workspace/r10/env_old/lib/python3.12/site-packages/gymnasium/spaces/box.py:415: UserWarning: [33mWARN: Casting input x to numpy array.[0m
  gym.logger.warn("Casting input x to numpy array.")
{"completed": 140, "missing": 0, "case": "R8_tworoom_07d28ef566f88a6ee041edd2", "arm": "REFIT_103203", "stream": "R4_ALT_CEM_1", "mode": "H_REAL3_REPLAN"}
/workspace/r10/env_old/lib/python3.12/site-packages/gymnasium/utils/passive_env_checker.py:129: UserWarning: [33mWARN: The obs returned by the `reset()` method was expecting a numpy array, actual type: <class 'torch.Tensor'>[0m
  logger.warn(
CEM solve time: 1.5625 seconds
/workspace/r10/env_old/lib/python3.12/site-packages/gymnasium/utils/passive_env_checker.py:129: UserWarning: [33mWARN: The obs returned by the `step()` method was expecting a numpy array, actual type: <class 'torch.Tensor'>[0m
  logger.warn(
/workspace/r10/env_old/lib/python3.12/site-packages/gymnasium/spaces/box.py:415: UserWarning: [33mWARN: Casting input x to numpy array.[0m
  gym.logger.warn("Casting input x to numpy array.")
/workspace/r10/env_old/lib/python3.12/site-packages/gymnasium/utils/passive_env_checker.py:129: UserWarning: [33mWARN: The obs returned by the `reset()` method was expecting a numpy array, actual type: <class 'torch.Tensor'>[0m
  logger.warn(
CEM solve time: 1.5544 seconds
/workspace/r10/env_old/lib/python3.12/site-packages/gymnasium/utils/passive_env_checker.py:129: UserWarning: [33mWARN: The obs returned by the `step()` method was expecting a numpy array, actual type: <class 'torch.Tensor'>[0m
  logger.warn(
/workspace/r10/env_old/lib/python3.12/site-packages/gymnasium/spaces/box.py:415: UserWarning: [33mWARN: Casting input x to numpy array.[0m
  gym.logger.warn("Casting input x to numpy array.")
{"completed": 141, "missing": 0, "case": "R8_tworoom_07d28ef566f88a6ee041edd2", "arm": "REFIT_103203", "stream": "R4_ALT_CEM_2", "mode": "H_REAL3_REPLAN"}
/workspace/r10/env_old/lib/python3.12/site-packages/gymnasium/utils/passive_env_checker.py:129: UserWarning: [33mWARN: The obs returned by the `reset()` method was expecting a numpy array, actual type: <class 'torch.Tensor'>[0m
  logger.warn(
CEM solve time: 1.5564 seconds
/workspace/r10/env_old/lib/python3.12/site-packages/gymnasium/utils/passive_env_checker.py:129: UserWarning: [33mWARN: The obs returned by the `step()` method was expecting a numpy array, actual type: <class 'torch.Tensor'>[0m
  logger.warn(
/workspace/r10/env_old/lib/python3.12/site-packages/gymnasium/spaces/box.py:415: UserWarning: [33mWARN: Casting input x to numpy array.[0m
  gym.logger.warn("Casting input x to numpy array.")
CEM solve time: 1.5737 seconds
/workspace/r10/env_old/lib/python3.12/site-packages/gymnasium/utils/passive_env_checker.py:129: UserWarning: [33mWARN: The obs returned by the `reset()` method was expecting a numpy array, actual type: <class 'torch.Tensor'>[0m
  logger.warn(
/workspace/r10/env_old/lib/python3.12/site-packages/gymnasium/spaces/box.py:415: UserWarning: [33mWARN: Casting input x to numpy array.[0m
  gym.logger.warn("Casting input x to numpy array.")
CEM solve time: 1.5590 seconds
/workspace/r10/env_old/lib/python3.12/site-packages/gymnasium/utils/passive_env_checker.py:129: UserWarning: [33mWARN: The obs returned by the `step()` method was expecting a numpy array, actual type: <class 'torch.Tensor'>[0m
  logger.warn(
/workspace/r10/env_old/lib/python3.12/site-packages/gymnasium/spaces/box.py:415: UserWarning: [33mWARN: Casting input x to numpy array.[0m
  gym.logger.warn("Casting input x to numpy array.")
CEM solve time: 1.5686 seconds
{"completed": 142, "missing": 0, "case": "R8_tworoom_086beb45d9170a5eb00e4768", "arm": "REFIT_103203", "stream": "R3_ORIGINAL", "mode": "H_REAL3_REPLAN"}
/workspace/r10/env_old/lib/python3.12/site-packages/gymnasium/utils/passive_env_checker.py:129: UserWarning: [33mWARN: The obs returned by the `reset()` method was expecting a numpy array, actual type: <class 'torch.Tensor'>[0m
  logger.warn(
/workspace/r10/env_old/lib/python3.12/site-packages/gymnasium/spaces/box.py:415: UserWarning: [33mWARN: Casting input x to numpy array.[0m
  gym.logger.warn("Casting input x to numpy array.")
CEM solve time: 1.5552 seconds
/workspace/r10/env_old/lib/python3.12/site-packages/gymnasium/utils/passive_env_checker.py:129: UserWarning: [33mWARN: The obs returned by the `step()` method was expecting a numpy array, actual type: <class 'torch.Tensor'>[0m
  logger.warn(
/workspace/r10/env_old/lib/python3.12/site-packages/gymnasium/spaces/box.py:415: UserWarning: [33mWARN: Casting input x to numpy array.[0m
  gym.logger.warn("Casting input x to numpy array.")
CEM solve time: 1.5553 seconds
/workspace/r10/env_old/lib/python3.12/site-packages/gymnasium/utils/passive_env_checker.py:129: UserWarning: [33mWARN: The obs returned by the `reset()` method was expecting a numpy array, actual type: <class 'torch.Tensor'>[0m
  logger.warn(
/workspace/r10/env_old/lib/python3.12/site-packages/gymnasium/spaces/box.py:415: UserWarning: [33mWARN: Casting input x to numpy array.[0m
  gym.logger.warn("Casting input x to numpy array.")
CEM solve time: 1.5681 seconds
/workspace/r10/env_old/lib/python3.12/site-packages/gymnasium/utils/passive_env_checker.py:129: UserWarning: [33mWARN: The obs returned by the `step()` method was expecting a numpy array, actual type: <class 'torch.Tensor'>[0m
  logger.warn(
/workspace/r10/env_old/lib/python3.12/site-packages/gymnasium/spaces/box.py:415: UserWarning: [33mWARN: Casting input x to numpy array.[0m
  gym.logger.warn("Casting input x to numpy array.")
CEM solve time: 1.5760 seconds
{"completed": 143, "missing": 0, "case": "R8_tworoom_086beb45d9170a5eb00e4768", "arm": "REFIT_103203", "stream": "R4_ALT_CEM_1", "mode": "H_REAL3_REPLAN"}
/workspace/r10/env_old/lib/python3.12/site-packages/gymnasium/utils/passive_env_checker.py:129: UserWarning: [33mWARN: The obs returned by the `reset()` method was expecting a numpy array, actual type: <class 'torch.Tensor'>[0m
  logger.warn(
/workspace/r10/env_old/lib/python3.12/site-packages/gymnasium/spaces/box.py:415: UserWarning: [33mWARN: Casting input x to numpy array.[0m
  gym.logger.warn("Casting input x to numpy array.")
CEM solve time: 1.5733 seconds
/workspace/r10/env_old/lib/python3.12/site-packages/gymnasium/utils/passive_env_checker.py:129: UserWarning: [33mWARN: The obs returned by the `step()` method was expecting a numpy array, actual type: <class 'torch.Tensor'>[0m
  logger.warn(
/workspace/r10/env_old/lib/python3.12/site-packages/gymnasium/spaces/box.py:415: UserWarning: [33mWARN: Casting input x to numpy array.[0m
  gym.logger.warn("Casting input x to numpy array.")
CEM solve time: 1.5555 seconds
/workspace/r10/env_old/lib/python3.12/site-packages/gymnasium/utils/passive_env_checker.py:129: UserWarning: [33mWARN: The obs returned by the `reset()` method was expecting a numpy array, actual type: <class 'torch.Tensor'>[0m
  logger.warn(
/workspace/r10/env_old/lib/python3.12/site-packages/gymnasium/spaces/box.py:415: UserWarning: [33mWARN: Casting input x to numpy array.[0m
  gym.logger.warn("Casting input x to numpy array.")
CEM solve time: 1.5580 seconds
/workspace/r10/env_old/lib/python3.12/site-packages/gymnasium/utils/passive_env_checker.py:129: UserWarning: [33mWARN: The obs returned by the `step()` method was expecting a numpy array, actual type: <class 'torch.Tensor'>[0m
  logger.warn(
/workspace/r10/env_old/lib/python3.12/site-packages/gymnasium/spaces/box.py:415: UserWarning: [33mWARN: Casting input x to numpy array.[0m
  gym.logger.warn("Casting input x to numpy array.")
CEM solve time: 1.5786 seconds
{"completed": 144, "missing": 0, "case": "R8_tworoom_086beb45d9170a5eb00e4768", "arm": "REFIT_103203", "stream": "R4_ALT_CEM_2", "mode": "H_REAL3_REPLAN"}
