/workspace/r10/shared_data/r3/source/swm_compat/stable_worldmodel/envs/__init__.py:215: UserWarning: ale-py not found; ALE/* envs are unavailable. Install with: pip install 'stable-worldmodel[env]' or pip install ale-py.
  from stable_worldmodel.envs import ale  # noqa: F401
/workspace/r10/env_old/lib/python3.12/site-packages/gymnasium/utils/passive_env_checker.py:129: UserWarning: [33mWARN: The obs returned by the `reset()` method was expecting a numpy array, actual type: <class 'torch.Tensor'>[0m
  logger.warn(
/workspace/r10/env_old/lib/python3.12/site-packages/gymnasium/spaces/box.py:415: UserWarning: [33mWARN: Casting input x to numpy array.[0m
  gym.logger.warn("Casting input x to numpy array.")
CEM solve time: 1.9804 seconds
/workspace/r10/env_old/lib/python3.12/site-packages/gymnasium/utils/passive_env_checker.py:129: UserWarning: [33mWARN: The obs returned by the `step()` method was expecting a numpy array, actual type: <class 'torch.Tensor'>[0m
  logger.warn(
/workspace/r10/env_old/lib/python3.12/site-packages/gymnasium/spaces/box.py:415: UserWarning: [33mWARN: Casting input x to numpy array.[0m
  gym.logger.warn("Casting input x to numpy array.")
/workspace/r10/env_old/lib/python3.12/site-packages/gymnasium/utils/passive_env_checker.py:129: UserWarning: [33mWARN: The obs returned by the `reset()` method was expecting a numpy array, actual type: <class 'torch.Tensor'>[0m
  logger.warn(
/workspace/r10/env_old/lib/python3.12/site-packages/gymnasium/spaces/box.py:415: UserWarning: [33mWARN: Casting input x to numpy array.[0m
  gym.logger.warn("Casting input x to numpy array.")
CEM solve time: 1.5817 seconds
/workspace/r10/env_old/lib/python3.12/site-packages/gymnasium/utils/passive_env_checker.py:129: UserWarning: [33mWARN: The obs returned by the `step()` method was expecting a numpy array, actual type: <class 'torch.Tensor'>[0m
  logger.warn(
/workspace/r10/env_old/lib/python3.12/site-packages/gymnasium/spaces/box.py:415: UserWarning: [33mWARN: Casting input x to numpy array.[0m
  gym.logger.warn("Casting input x to numpy array.")
{"completed": 1, "missing": 0, "case": "R8_tworoom_005aa86707a07a874aa9a029", "arm": "H0", "stream": "R3_ORIGINAL", "mode": "H_REAL3_REPLAN"}
/workspace/r10/env_old/lib/python3.12/site-packages/gymnasium/utils/passive_env_checker.py:129: UserWarning: [33mWARN: The obs returned by the `reset()` method was expecting a numpy array, actual type: <class 'torch.Tensor'>[0m
  logger.warn(
/workspace/r10/env_old/lib/python3.12/site-packages/gymnasium/spaces/box.py:415: UserWarning: [33mWARN: Casting input x to numpy array.[0m
  gym.logger.warn("Casting input x to numpy array.")
CEM solve time: 1.5886 seconds
/workspace/r10/env_old/lib/python3.12/site-packages/gymnasium/utils/passive_env_checker.py:129: UserWarning: [33mWARN: The obs returned by the `step()` method was expecting a numpy array, actual type: <class 'torch.Tensor'>[0m
  logger.warn(
/workspace/r10/env_old/lib/python3.12/site-packages/gymnasium/spaces/box.py:415: UserWarning: [33mWARN: Casting input x to numpy array.[0m
  gym.logger.warn("Casting input x to numpy array.")
/workspace/r10/env_old/lib/python3.12/site-packages/gymnasium/utils/passive_env_checker.py:129: UserWarning: [33mWARN: The obs returned by the `reset()` method was expecting a numpy array, actual type: <class 'torch.Tensor'>[0m
  logger.warn(
/workspace/r10/env_old/lib/python3.12/site-packages/gymnasium/spaces/box.py:415: UserWarning: [33mWARN: Casting input x to numpy array.[0m
  gym.logger.warn("Casting input x to numpy array.")
CEM solve time: 1.5826 seconds
/workspace/r10/env_old/lib/python3.12/site-packages/gymnasium/utils/passive_env_checker.py:129: UserWarning: [33mWARN: The obs returned by the `step()` method was expecting a numpy array, actual type: <class 'torch.Tensor'>[0m
  logger.warn(
/workspace/r10/env_old/lib/python3.12/site-packages/gymnasium/spaces/box.py:415: UserWarning: [33mWARN: Casting input x to numpy array.[0m
  gym.logger.warn("Casting input x to numpy array.")
{"completed": 2, "missing": 0, "case": "R8_tworoom_005aa86707a07a874aa9a029", "arm": "H0", "stream": "R4_ALT_CEM_1", "mode": "H_REAL3_REPLAN"}
/workspace/r10/env_old/lib/python3.12/site-packages/gymnasium/utils/passive_env_checker.py:129: UserWarning: [33mWARN: The obs returned by the `reset()` method was expecting a numpy array, actual type: <class 'torch.Tensor'>[0m
  logger.warn(
/workspace/r10/env_old/lib/python3.12/site-packages/gymnasium/spaces/box.py:415: UserWarning: [33mWARN: Casting input x to numpy array.[0m
  gym.logger.warn("Casting input x to numpy array.")
CEM solve time: 1.5867 seconds
/workspace/r10/env_old/lib/python3.12/site-packages/gymnasium/utils/passive_env_checker.py:129: UserWarning: [33mWARN: The obs returned by the `step()` method was expecting a numpy array, actual type: <class 'torch.Tensor'>[0m
  logger.warn(
/workspace/r10/env_old/lib/python3.12/site-packages/gymnasium/spaces/box.py:415: UserWarning: [33mWARN: Casting input x to numpy array.[0m
  gym.logger.warn("Casting input x to numpy array.")
/workspace/r10/env_old/lib/python3.12/site-packages/gymnasium/utils/passive_env_checker.py:129: UserWarning: [33mWARN: The obs returned by the `reset()` method was expecting a numpy array, actual type: <class 'torch.Tensor'>[0m
  logger.warn(
/workspace/r10/env_old/lib/python3.12/site-packages/gymnasium/spaces/box.py:415: UserWarning: [33mWARN: Casting input x to numpy array.[0m
  gym.logger.warn("Casting input x to numpy array.")
CEM solve time: 1.5856 seconds
/workspace/r10/env_old/lib/python3.12/site-packages/gymnasium/utils/passive_env_checker.py:129: UserWarning: [33mWARN: The obs returned by the `step()` method was expecting a numpy array, actual type: <class 'torch.Tensor'>[0m
  logger.warn(
/workspace/r10/env_old/lib/python3.12/site-packages/gymnasium/spaces/box.py:415: UserWarning: [33mWARN: Casting input x to numpy array.[0m
  gym.logger.warn("Casting input x to numpy array.")
{"completed": 3, "missing": 0, "case": "R8_tworoom_005aa86707a07a874aa9a029", "arm": "H0", "stream": "R4_ALT_CEM_2", "mode": "H_REAL3_REPLAN"}
/workspace/r10/env_old/lib/python3.12/site-packages/gymnasium/utils/passive_env_checker.py:129: UserWarning: [33mWARN: The obs returned by the `reset()` method was expecting a numpy array, actual type: <class 'torch.Tensor'>[0m
  logger.warn(
/workspace/r10/env_old/lib/python3.12/site-packages/gymnasium/spaces/box.py:415: UserWarning: [33mWARN: Casting input x to numpy array.[0m
  gym.logger.warn("Casting input x to numpy array.")
CEM solve time: 1.5783 seconds
/workspace/r10/env_old/lib/python3.12/site-packages/gymnasium/utils/passive_env_checker.py:129: UserWarning: [33mWARN: The obs returned by the `step()` method was expecting a numpy array, actual type: <class 'torch.Tensor'>[0m
  logger.warn(
/workspace/r10/env_old/lib/python3.12/site-packages/gymnasium/spaces/box.py:415: UserWarning: [33mWARN: Casting input x to numpy array.[0m
  gym.logger.warn("Casting input x to numpy array.")
/workspace/r10/env_old/lib/python3.12/site-packages/gymnasium/utils/passive_env_checker.py:129: UserWarning: [33mWARN: The obs returned by the `reset()` method was expecting a numpy array, actual type: <class 'torch.Tensor'>[0m
  logger.warn(
/workspace/r10/env_old/lib/python3.12/site-packages/gymnasium/spaces/box.py:415: UserWarning: [33mWARN: Casting input x to numpy array.[0m
  gym.logger.warn("Casting input x to numpy array.")
CEM solve time: 1.5827 seconds
/workspace/r10/env_old/lib/python3.12/site-packages/gymnasium/utils/passive_env_checker.py:129: UserWarning: [33mWARN: The obs returned by the `step()` method was expecting a numpy array, actual type: <class 'torch.Tensor'>[0m
  logger.warn(
/workspace/r10/env_old/lib/python3.12/site-packages/gymnasium/spaces/box.py:415: UserWarning: [33mWARN: Casting input x to numpy array.[0m
  gym.logger.warn("Casting input x to numpy array.")
{"completed": 4, "missing": 0, "case": "R8_tworoom_01ae7626ffa6fa257b7c7adf", "arm": "H0", "stream": "R3_ORIGINAL", "mode": "H_REAL3_REPLAN"}
/workspace/r10/env_old/lib/python3.12/site-packages/gymnasium/utils/passive_env_checker.py:129: UserWarning: [33mWARN: The obs returned by the `reset()` method was expecting a numpy array, actual type: <class 'torch.Tensor'>[0m
  logger.warn(
/workspace/r10/env_old/lib/python3.12/site-packages/gymnasium/spaces/box.py:415: UserWarning: [33mWARN: Casting input x to numpy array.[0m
  gym.logger.warn("Casting input x to numpy array.")
CEM solve time: 1.5860 seconds
/workspace/r10/env_old/lib/python3.12/site-packages/gymnasium/utils/passive_env_checker.py:129: UserWarning: [33mWARN: The obs returned by the `step()` method was expecting a numpy array, actual type: <class 'torch.Tensor'>[0m
  logger.warn(
/workspace/r10/env_old/lib/python3.12/site-packages/gymnasium/spaces/box.py:415: UserWarning: [33mWARN: Casting input x to numpy array.[0m
  gym.logger.warn("Casting input x to numpy array.")
/workspace/r10/env_old/lib/python3.12/site-packages/gymnasium/utils/passive_env_checker.py:129: UserWarning: [33mWARN: The obs returned by the `reset()` method was expecting a numpy array, actual type: <class 'torch.Tensor'>[0m
  logger.warn(
/workspace/r10/env_old/lib/python3.12/site-packages/gymnasium/spaces/box.py:415: UserWarning: [33mWARN: Casting input x to numpy array.[0m
  gym.logger.warn("Casting input x to numpy array.")
CEM solve time: 1.5735 seconds
/workspace/r10/env_old/lib/python3.12/site-packages/gymnasium/utils/passive_env_checker.py:129: UserWarning: [33mWARN: The obs returned by the `step()` method was expecting a numpy array, actual type: <class 'torch.Tensor'>[0m
  logger.warn(
/workspace/r10/env_old/lib/python3.12/site-packages/gymnasium/spaces/box.py:415: UserWarning: [33mWARN: Casting input x to numpy array.[0m
  gym.logger.warn("Casting input x to numpy array.")
{"completed": 5, "missing": 0, "case": "R8_tworoom_01ae7626ffa6fa257b7c7adf", "arm": "H0", "stream": "R4_ALT_CEM_1", "mode": "H_REAL3_REPLAN"}
/workspace/r10/env_old/lib/python3.12/site-packages/gymnasium/utils/passive_env_checker.py:129: UserWarning: [33mWARN: The obs returned by the `reset()` method was expecting a numpy array, actual type: <class 'torch.Tensor'>[0m
  logger.warn(
/workspace/r10/env_old/lib/python3.12/site-packages/gymnasium/spaces/box.py:415: UserWarning: [33mWARN: Casting input x to numpy array.[0m
  gym.logger.warn("Casting input x to numpy array.")
CEM solve time: 1.5779 seconds
/workspace/r10/env_old/lib/python3.12/site-packages/gymnasium/utils/passive_env_checker.py:129: UserWarning: [33mWARN: The obs returned by the `step()` method was expecting a numpy array, actual type: <class 'torch.Tensor'>[0m
  logger.warn(
/workspace/r10/env_old/lib/python3.12/site-packages/gymnasium/spaces/box.py:415: UserWarning: [33mWARN: Casting input x to numpy array.[0m
  gym.logger.warn("Casting input x to numpy array.")
/workspace/r10/env_old/lib/python3.12/site-packages/gymnasium/utils/passive_env_checker.py:129: UserWarning: [33mWARN: The obs returned by the `reset()` method was expecting a numpy array, actual type: <class 'torch.Tensor'>[0m
  logger.warn(
/workspace/r10/env_old/lib/python3.12/site-packages/gymnasium/spaces/box.py:415: UserWarning: [33mWARN: Casting input x to numpy array.[0m
  gym.logger.warn("Casting input x to numpy array.")
CEM solve time: 1.5845 seconds
/workspace/r10/env_old/lib/python3.12/site-packages/gymnasium/utils/passive_env_checker.py:129: UserWarning: [33mWARN: The obs returned by the `step()` method was expecting a numpy array, actual type: <class 'torch.Tensor'>[0m
  logger.warn(
/workspace/r10/env_old/lib/python3.12/site-packages/gymnasium/spaces/box.py:415: UserWarning: [33mWARN: Casting input x to numpy array.[0m
  gym.logger.warn("Casting input x to numpy array.")
{"completed": 6, "missing": 0, "case": "R8_tworoom_01ae7626ffa6fa257b7c7adf", "arm": "H0", "stream": "R4_ALT_CEM_2", "mode": "H_REAL3_REPLAN"}
/workspace/r10/env_old/lib/python3.12/site-packages/gymnasium/utils/passive_env_checker.py:129: UserWarning: [33mWARN: The obs returned by the `reset()` method was expecting a numpy array, actual type: <class 'torch.Tensor'>[0m
  logger.warn(
/workspace/r10/env_old/lib/python3.12/site-packages/gymnasium/spaces/box.py:415: UserWarning: [33mWARN: Casting input x to numpy array.[0m
  gym.logger.warn("Casting input x to numpy array.")
CEM solve time: 1.5851 seconds
/workspace/r10/env_old/lib/python3.12/site-packages/gymnasium/utils/passive_env_checker.py:129: UserWarning: [33mWARN: The obs returned by the `step()` method was expecting a numpy array, actual type: <class 'torch.Tensor'>[0m
  logger.warn(
/workspace/r10/env_old/lib/python3.12/site-packages/gymnasium/spaces/box.py:415: UserWarning: [33mWARN: Casting input x to numpy array.[0m
  gym.logger.warn("Casting input x to numpy array.")
/workspace/r10/env_old/lib/python3.12/site-packages/gymnasium/utils/passive_env_checker.py:129: UserWarning: [33mWARN: The obs returned by the `reset()` method was expecting a numpy array, actual type: <class 'torch.Tensor'>[0m
  logger.warn(
/workspace/r10/env_old/lib/python3.12/site-packages/gymnasium/spaces/box.py:415: UserWarning: [33mWARN: Casting input x to numpy array.[0m
  gym.logger.warn("Casting input x to numpy array.")
CEM solve time: 1.5924 seconds
/workspace/r10/env_old/lib/python3.12/site-packages/gymnasium/utils/passive_env_checker.py:129: UserWarning: [33mWARN: The obs returned by the `step()` method was expecting a numpy array, actual type: <class 'torch.Tensor'>[0m
  logger.warn(
/workspace/r10/env_old/lib/python3.12/site-packages/gymnasium/spaces/box.py:415: UserWarning: [33mWARN: Casting input x to numpy array.[0m
  gym.logger.warn("Casting input x to numpy array.")
{"completed": 7, "missing": 0, "case": "R8_tworoom_02263f4317267b20880e541d", "arm": "H0", "stream": "R3_ORIGINAL", "mode": "H_REAL3_REPLAN"}
/workspace/r10/env_old/lib/python3.12/site-packages/gymnasium/utils/passive_env_checker.py:129: UserWarning: [33mWARN: The obs returned by the `reset()` method was expecting a numpy array, actual type: <class 'torch.Tensor'>[0m
  logger.warn(
/workspace/r10/env_old/lib/python3.12/site-packages/gymnasium/spaces/box.py:415: UserWarning: [33mWARN: Casting input x to numpy array.[0m
  gym.logger.warn("Casting input x to numpy array.")
CEM solve time: 1.6040 seconds
/workspace/r10/env_old/lib/python3.12/site-packages/gymnasium/utils/passive_env_checker.py:129: UserWarning: [33mWARN: The obs returned by the `step()` method was expecting a numpy array, actual type: <class 'torch.Tensor'>[0m
  logger.warn(
/workspace/r10/env_old/lib/python3.12/site-packages/gymnasium/spaces/box.py:415: UserWarning: [33mWARN: Casting input x to numpy array.[0m
  gym.logger.warn("Casting input x to numpy array.")
/workspace/r10/env_old/lib/python3.12/site-packages/gymnasium/utils/passive_env_checker.py:129: UserWarning: [33mWARN: The obs returned by the `reset()` method was expecting a numpy array, actual type: <class 'torch.Tensor'>[0m
  logger.warn(
/workspace/r10/env_old/lib/python3.12/site-packages/gymnasium/spaces/box.py:415: UserWarning: [33mWARN: Casting input x to numpy array.[0m
  gym.logger.warn("Casting input x to numpy array.")
CEM solve time: 1.5711 seconds
/workspace/r10/env_old/lib/python3.12/site-packages/gymnasium/utils/passive_env_checker.py:129: UserWarning: [33mWARN: The obs returned by the `step()` method was expecting a numpy array, actual type: <class 'torch.Tensor'>[0m
  logger.warn(
/workspace/r10/env_old/lib/python3.12/site-packages/gymnasium/spaces/box.py:415: UserWarning: [33mWARN: Casting input x to numpy array.[0m
  gym.logger.warn("Casting input x to numpy array.")
{"completed": 8, "missing": 0, "case": "R8_tworoom_02263f4317267b20880e541d", "arm": "H0", "stream": "R4_ALT_CEM_1", "mode": "H_REAL3_REPLAN"}
/workspace/r10/env_old/lib/python3.12/site-packages/gymnasium/utils/passive_env_checker.py:129: UserWarning: [33mWARN: The obs returned by the `reset()` method was expecting a numpy array, actual type: <class 'torch.Tensor'>[0m
  logger.warn(
/workspace/r10/env_old/lib/python3.12/site-packages/gymnasium/spaces/box.py:415: UserWarning: [33mWARN: Casting input x to numpy array.[0m
  gym.logger.warn("Casting input x to numpy array.")
CEM solve time: 1.5813 seconds
/workspace/r10/env_old/lib/python3.12/site-packages/gymnasium/utils/passive_env_checker.py:129: UserWarning: [33mWARN: The obs returned by the `step()` method was expecting a numpy array, actual type: <class 'torch.Tensor'>[0m
  logger.warn(
/workspace/r10/env_old/lib/python3.12/site-packages/gymnasium/spaces/box.py:415: UserWarning: [33mWARN: Casting input x to numpy array.[0m
  gym.logger.warn("Casting input x to numpy array.")
CEM solve time: 1.5815 seconds
/workspace/r10/env_old/lib/python3.12/site-packages/gymnasium/utils/passive_env_checker.py:129: UserWarning: [33mWARN: The obs returned by the `reset()` method was expecting a numpy array, actual type: <class 'torch.Tensor'>[0m
  logger.warn(
/workspace/r10/env_old/lib/python3.12/site-packages/gymnasium/spaces/box.py:415: UserWarning: [33mWARN: Casting input x to numpy array.[0m
  gym.logger.warn("Casting input x to numpy array.")
CEM solve time: 1.5734 seconds
/workspace/r10/env_old/lib/python3.12/site-packages/gymnasium/utils/passive_env_checker.py:129: UserWarning: [33mWARN: The obs returned by the `step()` method was expecting a numpy array, actual type: <class 'torch.Tensor'>[0m
  logger.warn(
/workspace/r10/env_old/lib/python3.12/site-packages/gymnasium/spaces/box.py:415: UserWarning: [33mWARN: Casting input x to numpy array.[0m
  gym.logger.warn("Casting input x to numpy array.")
CEM solve time: 1.5914 seconds
{"completed": 9, "missing": 0, "case": "R8_tworoom_02263f4317267b20880e541d", "arm": "H0", "stream": "R4_ALT_CEM_2", "mode": "H_REAL3_REPLAN"}
/workspace/r10/env_old/lib/python3.12/site-packages/gymnasium/utils/passive_env_checker.py:129: UserWarning: [33mWARN: The obs returned by the `reset()` method was expecting a numpy array, actual type: <class 'torch.Tensor'>[0m
  logger.warn(
/workspace/r10/env_old/lib/python3.12/site-packages/gymnasium/spaces/box.py:415: UserWarning: [33mWARN: Casting input x to numpy array.[0m
  gym.logger.warn("Casting input x to numpy array.")
CEM solve time: 1.5712 seconds
/workspace/r10/env_old/lib/python3.12/site-packages/gymnasium/utils/passive_env_checker.py:129: UserWarning: [33mWARN: The obs returned by the `step()` method was expecting a numpy array, actual type: <class 'torch.Tensor'>[0m
  logger.warn(
/workspace/r10/env_old/lib/python3.12/site-packages/gymnasium/spaces/box.py:415: UserWarning: [33mWARN: Casting input x to numpy array.[0m
  gym.logger.warn("Casting input x to numpy array.")
/workspace/r10/env_old/lib/python3.12/site-packages/gymnasium/utils/passive_env_checker.py:129: UserWarning: [33mWARN: The obs returned by the `reset()` method was expecting a numpy array, actual type: <class 'torch.Tensor'>[0m
  logger.warn(
/workspace/r10/env_old/lib/python3.12/site-packages/gymnasium/spaces/box.py:415: UserWarning: [33mWARN: Casting input x to numpy array.[0m
  gym.logger.warn("Casting input x to numpy array.")
CEM solve time: 1.5768 seconds
/workspace/r10/env_old/lib/python3.12/site-packages/gymnasium/utils/passive_env_checker.py:129: UserWarning: [33mWARN: The obs returned by the `step()` method was expecting a numpy array, actual type: <class 'torch.Tensor'>[0m
  logger.warn(
/workspace/r10/env_old/lib/python3.12/site-packages/gymnasium/spaces/box.py:415: UserWarning: [33mWARN: Casting input x to numpy array.[0m
  gym.logger.warn("Casting input x to numpy array.")
{"completed": 10, "missing": 0, "case": "R8_tworoom_02c039936a6720d15d8b0f8b", "arm": "H0", "stream": "R3_ORIGINAL", "mode": "H_REAL3_REPLAN"}
/workspace/r10/env_old/lib/python3.12/site-packages/gymnasium/utils/passive_env_checker.py:129: UserWarning: [33mWARN: The obs returned by the `reset()` method was expecting a numpy array, actual type: <class 'torch.Tensor'>[0m
  logger.warn(
/workspace/r10/env_old/lib/python3.12/site-packages/gymnasium/spaces/box.py:415: UserWarning: [33mWARN: Casting input x to numpy array.[0m
  gym.logger.warn("Casting input x to numpy array.")
CEM solve time: 1.5728 seconds
/workspace/r10/env_old/lib/python3.12/site-packages/gymnasium/utils/passive_env_checker.py:129: UserWarning: [33mWARN: The obs returned by the `step()` method was expecting a numpy array, actual type: <class 'torch.Tensor'>[0m
  logger.warn(
/workspace/r10/env_old/lib/python3.12/site-packages/gymnasium/spaces/box.py:415: UserWarning: [33mWARN: Casting input x to numpy array.[0m
  gym.logger.warn("Casting input x to numpy array.")
CEM solve time: 1.5879 seconds
/workspace/r10/env_old/lib/python3.12/site-packages/gymnasium/utils/passive_env_checker.py:129: UserWarning: [33mWARN: The obs returned by the `reset()` method was expecting a numpy array, actual type: <class 'torch.Tensor'>[0m
  logger.warn(
/workspace/r10/env_old/lib/python3.12/site-packages/gymnasium/spaces/box.py:415: UserWarning: [33mWARN: Casting input x to numpy array.[0m
  gym.logger.warn("Casting input x to numpy array.")
CEM solve time: 1.5696 seconds
/workspace/r10/env_old/lib/python3.12/site-packages/gymnasium/utils/passive_env_checker.py:129: UserWarning: [33mWARN: The obs returned by the `step()` method was expecting a numpy array, actual type: <class 'torch.Tensor'>[0m
  logger.warn(
/workspace/r10/env_old/lib/python3.12/site-packages/gymnasium/spaces/box.py:415: UserWarning: [33mWARN: Casting input x to numpy array.[0m
  gym.logger.warn("Casting input x to numpy array.")
CEM solve time: 1.6119 seconds
{"completed": 11, "missing": 0, "case": "R8_tworoom_02c039936a6720d15d8b0f8b", "arm": "H0", "stream": "R4_ALT_CEM_1", "mode": "H_REAL3_REPLAN"}
/workspace/r10/env_old/lib/python3.12/site-packages/gymnasium/utils/passive_env_checker.py:129: UserWarning: [33mWARN: The obs returned by the `reset()` method was expecting a numpy array, actual type: <class 'torch.Tensor'>[0m
  logger.warn(
/workspace/r10/env_old/lib/python3.12/site-packages/gymnasium/spaces/box.py:415: UserWarning: [33mWARN: Casting input x to numpy array.[0m
  gym.logger.warn("Casting input x to numpy array.")
CEM solve time: 1.5682 seconds
/workspace/r10/env_old/lib/python3.12/site-packages/gymnasium/utils/passive_env_checker.py:129: UserWarning: [33mWARN: The obs returned by the `step()` method was expecting a numpy array, actual type: <class 'torch.Tensor'>[0m
  logger.warn(
/workspace/r10/env_old/lib/python3.12/site-packages/gymnasium/spaces/box.py:415: UserWarning: [33mWARN: Casting input x to numpy array.[0m
  gym.logger.warn("Casting input x to numpy array.")
CEM solve time: 1.5710 seconds
/workspace/r10/env_old/lib/python3.12/site-packages/gymnasium/utils/passive_env_checker.py:129: UserWarning: [33mWARN: The obs returned by the `reset()` method was expecting a numpy array, actual type: <class 'torch.Tensor'>[0m
  logger.warn(
/workspace/r10/env_old/lib/python3.12/site-packages/gymnasium/spaces/box.py:415: UserWarning: [33mWARN: Casting input x to numpy array.[0m
  gym.logger.warn("Casting input x to numpy array.")
CEM solve time: 1.5702 seconds
/workspace/r10/env_old/lib/python3.12/site-packages/gymnasium/utils/passive_env_checker.py:129: UserWarning: [33mWARN: The obs returned by the `step()` method was expecting a numpy array, actual type: <class 'torch.Tensor'>[0m
  logger.warn(
/workspace/r10/env_old/lib/python3.12/site-packages/gymnasium/spaces/box.py:415: UserWarning: [33mWARN: Casting input x to numpy array.[0m
  gym.logger.warn("Casting input x to numpy array.")
CEM solve time: 1.5842 seconds
{"completed": 12, "missing": 0, "case": "R8_tworoom_02c039936a6720d15d8b0f8b", "arm": "H0", "stream": "R4_ALT_CEM_2", "mode": "H_REAL3_REPLAN"}
/workspace/r10/env_old/lib/python3.12/site-packages/gymnasium/utils/passive_env_checker.py:129: UserWarning: [33mWARN: The obs returned by the `reset()` method was expecting a numpy array, actual type: <class 'torch.Tensor'>[0m
  logger.warn(
/workspace/r10/env_old/lib/python3.12/site-packages/gymnasium/spaces/box.py:415: UserWarning: [33mWARN: Casting input x to numpy array.[0m
  gym.logger.warn("Casting input x to numpy array.")
CEM solve time: 1.5676 seconds
/workspace/r10/env_old/lib/python3.12/site-packages/gymnasium/utils/passive_env_checker.py:129: UserWarning: [33mWARN: The obs returned by the `step()` method was expecting a numpy array, actual type: <class 'torch.Tensor'>[0m
  logger.warn(
/workspace/r10/env_old/lib/python3.12/site-packages/gymnasium/spaces/box.py:415: UserWarning: [33mWARN: Casting input x to numpy array.[0m
  gym.logger.warn("Casting input x to numpy array.")
/workspace/r10/env_old/lib/python3.12/site-packages/gymnasium/utils/passive_env_checker.py:129: UserWarning: [33mWARN: The obs returned by the `reset()` method was expecting a numpy array, actual type: <class 'torch.Tensor'>[0m
  logger.warn(
/workspace/r10/env_old/lib/python3.12/site-packages/gymnasium/spaces/box.py:415: UserWarning: [33mWARN: Casting input x to numpy array.[0m
  gym.logger.warn("Casting input x to numpy array.")
CEM solve time: 1.5737 seconds
/workspace/r10/env_old/lib/python3.12/site-packages/gymnasium/utils/passive_env_checker.py:129: UserWarning: [33mWARN: The obs returned by the `step()` method was expecting a numpy array, actual type: <class 'torch.Tensor'>[0m
  logger.warn(
/workspace/r10/env_old/lib/python3.12/site-packages/gymnasium/spaces/box.py:415: UserWarning: [33mWARN: Casting input x to numpy array.[0m
  gym.logger.warn("Casting input x to numpy array.")
{"completed": 13, "missing": 0, "case": "R8_tworoom_03482cb62a11aa50b0b8bb2a", "arm": "H0", "stream": "R3_ORIGINAL", "mode": "H_REAL3_REPLAN"}
/workspace/r10/env_old/lib/python3.12/site-packages/gymnasium/utils/passive_env_checker.py:129: UserWarning: [33mWARN: The obs returned by the `reset()` method was expecting a numpy array, actual type: <class 'torch.Tensor'>[0m
  logger.warn(
/workspace/r10/env_old/lib/python3.12/site-packages/gymnasium/spaces/box.py:415: UserWarning: [33mWARN: Casting input x to numpy array.[0m
  gym.logger.warn("Casting input x to numpy array.")
CEM solve time: 1.5707 seconds
/workspace/r10/env_old/lib/python3.12/site-packages/gymnasium/utils/passive_env_checker.py:129: UserWarning: [33mWARN: The obs returned by the `step()` method was expecting a numpy array, actual type: <class 'torch.Tensor'>[0m
  logger.warn(
/workspace/r10/env_old/lib/python3.12/site-packages/gymnasium/spaces/box.py:415: UserWarning: [33mWARN: Casting input x to numpy array.[0m
  gym.logger.warn("Casting input x to numpy array.")
/workspace/r10/env_old/lib/python3.12/site-packages/gymnasium/utils/passive_env_checker.py:129: UserWarning: [33mWARN: The obs returned by the `reset()` method was expecting a numpy array, actual type: <class 'torch.Tensor'>[0m
  logger.warn(
/workspace/r10/env_old/lib/python3.12/site-packages/gymnasium/spaces/box.py:415: UserWarning: [33mWARN: Casting input x to numpy array.[0m
  gym.logger.warn("Casting input x to numpy array.")
CEM solve time: 1.5834 seconds
/workspace/r10/env_old/lib/python3.12/site-packages/gymnasium/utils/passive_env_checker.py:129: UserWarning: [33mWARN: The obs returned by the `step()` method was expecting a numpy array, actual type: <class 'torch.Tensor'>[0m
  logger.warn(
/workspace/r10/env_old/lib/python3.12/site-packages/gymnasium/spaces/box.py:415: UserWarning: [33mWARN: Casting input x to numpy array.[0m
  gym.logger.warn("Casting input x to numpy array.")
{"completed": 14, "missing": 0, "case": "R8_tworoom_03482cb62a11aa50b0b8bb2a", "arm": "H0", "stream": "R4_ALT_CEM_1", "mode": "H_REAL3_REPLAN"}
/workspace/r10/env_old/lib/python3.12/site-packages/gymnasium/utils/passive_env_checker.py:129: UserWarning: [33mWARN: The obs returned by the `reset()` method was expecting a numpy array, actual type: <class 'torch.Tensor'>[0m
  logger.warn(
/workspace/r10/env_old/lib/python3.12/site-packages/gymnasium/spaces/box.py:415: UserWarning: [33mWARN: Casting input x to numpy array.[0m
  gym.logger.warn("Casting input x to numpy array.")
CEM solve time: 1.5799 seconds
/workspace/r10/env_old/lib/python3.12/site-packages/gymnasium/utils/passive_env_checker.py:129: UserWarning: [33mWARN: The obs returned by the `step()` method was expecting a numpy array, actual type: <class 'torch.Tensor'>[0m
  logger.warn(
/workspace/r10/env_old/lib/python3.12/site-packages/gymnasium/spaces/box.py:415: UserWarning: [33mWARN: Casting input x to numpy array.[0m
  gym.logger.warn("Casting input x to numpy array.")
/workspace/r10/env_old/lib/python3.12/site-packages/gymnasium/utils/passive_env_checker.py:129: UserWarning: [33mWARN: The obs returned by the `reset()` method was expecting a numpy array, actual type: <class 'torch.Tensor'>[0m
  logger.warn(
/workspace/r10/env_old/lib/python3.12/site-packages/gymnasium/spaces/box.py:415: UserWarning: [33mWARN: Casting input x to numpy array.[0m
  gym.logger.warn("Casting input x to numpy array.")
CEM solve time: 1.5909 seconds
/workspace/r10/env_old/lib/python3.12/site-packages/gymnasium/utils/passive_env_checker.py:129: UserWarning: [33mWARN: The obs returned by the `step()` method was expecting a numpy array, actual type: <class 'torch.Tensor'>[0m
  logger.warn(
/workspace/r10/env_old/lib/python3.12/site-packages/gymnasium/spaces/box.py:415: UserWarning: [33mWARN: Casting input x to numpy array.[0m
  gym.logger.warn("Casting input x to numpy array.")
{"completed": 15, "missing": 0, "case": "R8_tworoom_03482cb62a11aa50b0b8bb2a", "arm": "H0", "stream": "R4_ALT_CEM_2", "mode": "H_REAL3_REPLAN"}
/workspace/r10/env_old/lib/python3.12/site-packages/gymnasium/utils/passive_env_checker.py:129: UserWarning: [33mWARN: The obs returned by the `reset()` method was expecting a numpy array, actual type: <class 'torch.Tensor'>[0m
  logger.warn(
/workspace/r10/env_old/lib/python3.12/site-packages/gymnasium/spaces/box.py:415: UserWarning: [33mWARN: Casting input x to numpy array.[0m
  gym.logger.warn("Casting input x to numpy array.")
CEM solve time: 1.5870 seconds
/workspace/r10/env_old/lib/python3.12/site-packages/gymnasium/utils/passive_env_checker.py:129: UserWarning: [33mWARN: The obs returned by the `step()` method was expecting a numpy array, actual type: <class 'torch.Tensor'>[0m
  logger.warn(
/workspace/r10/env_old/lib/python3.12/site-packages/gymnasium/spaces/box.py:415: UserWarning: [33mWARN: Casting input x to numpy array.[0m
  gym.logger.warn("Casting input x to numpy array.")
/workspace/r10/env_old/lib/python3.12/site-packages/gymnasium/utils/passive_env_checker.py:129: UserWarning: [33mWARN: The obs returned by the `reset()` method was expecting a numpy array, actual type: <class 'torch.Tensor'>[0m
  logger.warn(
/workspace/r10/env_old/lib/python3.12/site-packages/gymnasium/spaces/box.py:415: UserWarning: [33mWARN: Casting input x to numpy array.[0m
  gym.logger.warn("Casting input x to numpy array.")
CEM solve time: 1.5790 seconds
/workspace/r10/env_old/lib/python3.12/site-packages/gymnasium/utils/passive_env_checker.py:129: UserWarning: [33mWARN: The obs returned by the `step()` method was expecting a numpy array, actual type: <class 'torch.Tensor'>[0m
  logger.warn(
/workspace/r10/env_old/lib/python3.12/site-packages/gymnasium/spaces/box.py:415: UserWarning: [33mWARN: Casting input x to numpy array.[0m
  gym.logger.warn("Casting input x to numpy array.")
{"completed": 16, "missing": 0, "case": "R8_tworoom_03efebeb192558a8fc438a3b", "arm": "H0", "stream": "R3_ORIGINAL", "mode": "H_REAL3_REPLAN"}
/workspace/r10/env_old/lib/python3.12/site-packages/gymnasium/utils/passive_env_checker.py:129: UserWarning: [33mWARN: The obs returned by the `reset()` method was expecting a numpy array, actual type: <class 'torch.Tensor'>[0m
  logger.warn(
/workspace/r10/env_old/lib/python3.12/site-packages/gymnasium/spaces/box.py:415: UserWarning: [33mWARN: Casting input x to numpy array.[0m
  gym.logger.warn("Casting input x to numpy array.")
CEM solve time: 1.5789 seconds
/workspace/r10/env_old/lib/python3.12/site-packages/gymnasium/utils/passive_env_checker.py:129: UserWarning: [33mWARN: The obs returned by the `step()` method was expecting a numpy array, actual type: <class 'torch.Tensor'>[0m
  logger.warn(
/workspace/r10/env_old/lib/python3.12/site-packages/gymnasium/spaces/box.py:415: UserWarning: [33mWARN: Casting input x to numpy array.[0m
  gym.logger.warn("Casting input x to numpy array.")
/workspace/r10/env_old/lib/python3.12/site-packages/gymnasium/utils/passive_env_checker.py:129: UserWarning: [33mWARN: The obs returned by the `reset()` method was expecting a numpy array, actual type: <class 'torch.Tensor'>[0m
  logger.warn(
/workspace/r10/env_old/lib/python3.12/site-packages/gymnasium/spaces/box.py:415: UserWarning: [33mWARN: Casting input x to numpy array.[0m
  gym.logger.warn("Casting input x to numpy array.")
CEM solve time: 1.5779 seconds
/workspace/r10/env_old/lib/python3.12/site-packages/gymnasium/utils/passive_env_checker.py:129: UserWarning: [33mWARN: The obs returned by the `step()` method was expecting a numpy array, actual type: <class 'torch.Tensor'>[0m
  logger.warn(
/workspace/r10/env_old/lib/python3.12/site-packages/gymnasium/spaces/box.py:415: UserWarning: [33mWARN: Casting input x to numpy array.[0m
  gym.logger.warn("Casting input x to numpy array.")
{"completed": 17, "missing": 0, "case": "R8_tworoom_03efebeb192558a8fc438a3b", "arm": "H0", "stream": "R4_ALT_CEM_1", "mode": "H_REAL3_REPLAN"}
/workspace/r10/env_old/lib/python3.12/site-packages/gymnasium/utils/passive_env_checker.py:129: UserWarning: [33mWARN: The obs returned by the `reset()` method was expecting a numpy array, actual type: <class 'torch.Tensor'>[0m
  logger.warn(
/workspace/r10/env_old/lib/python3.12/site-packages/gymnasium/spaces/box.py:415: UserWarning: [33mWARN: Casting input x to numpy array.[0m
  gym.logger.warn("Casting input x to numpy array.")
CEM solve time: 1.5800 seconds
/workspace/r10/env_old/lib/python3.12/site-packages/gymnasium/utils/passive_env_checker.py:129: UserWarning: [33mWARN: The obs returned by the `step()` method was expecting a numpy array, actual type: <class 'torch.Tensor'>[0m
  logger.warn(
/workspace/r10/env_old/lib/python3.12/site-packages/gymnasium/spaces/box.py:415: UserWarning: [33mWARN: Casting input x to numpy array.[0m
  gym.logger.warn("Casting input x to numpy array.")
CEM solve time: 1.6031 seconds
/workspace/r10/env_old/lib/python3.12/site-packages/gymnasium/utils/passive_env_checker.py:129: UserWarning: [33mWARN: The obs returned by the `reset()` method was expecting a numpy array, actual type: <class 'torch.Tensor'>[0m
  logger.warn(
/workspace/r10/env_old/lib/python3.12/site-packages/gymnasium/spaces/box.py:415: UserWarning: [33mWARN: Casting input x to numpy array.[0m
  gym.logger.warn("Casting input x to numpy array.")
CEM solve time: 1.5938 seconds
/workspace/r10/env_old/lib/python3.12/site-packages/gymnasium/utils/passive_env_checker.py:129: UserWarning: [33mWARN: The obs returned by the `step()` method was expecting a numpy array, actual type: <class 'torch.Tensor'>[0m
  logger.warn(
/workspace/r10/env_old/lib/python3.12/site-packages/gymnasium/spaces/box.py:415: UserWarning: [33mWARN: Casting input x to numpy array.[0m
  gym.logger.warn("Casting input x to numpy array.")
CEM solve time: 1.5960 seconds
{"completed": 18, "missing": 0, "case": "R8_tworoom_03efebeb192558a8fc438a3b", "arm": "H0", "stream": "R4_ALT_CEM_2", "mode": "H_REAL3_REPLAN"}
/workspace/r10/env_old/lib/python3.12/site-packages/gymnasium/utils/passive_env_checker.py:129: UserWarning: [33mWARN: The obs returned by the `reset()` method was expecting a numpy array, actual type: <class 'torch.Tensor'>[0m
  logger.warn(
/workspace/r10/env_old/lib/python3.12/site-packages/gymnasium/spaces/box.py:415: UserWarning: [33mWARN: Casting input x to numpy array.[0m
  gym.logger.warn("Casting input x to numpy array.")
CEM solve time: 1.5797 seconds
/workspace/r10/env_old/lib/python3.12/site-packages/gymnasium/utils/passive_env_checker.py:129: UserWarning: [33mWARN: The obs returned by the `step()` method was expecting a numpy array, actual type: <class 'torch.Tensor'>[0m
  logger.warn(
/workspace/r10/env_old/lib/python3.12/site-packages/gymnasium/spaces/box.py:415: UserWarning: [33mWARN: Casting input x to numpy array.[0m
  gym.logger.warn("Casting input x to numpy array.")
/workspace/r10/env_old/lib/python3.12/site-packages/gymnasium/utils/passive_env_checker.py:129: UserWarning: [33mWARN: The obs returned by the `reset()` method was expecting a numpy array, actual type: <class 'torch.Tensor'>[0m
  logger.warn(
/workspace/r10/env_old/lib/python3.12/site-packages/gymnasium/spaces/box.py:415: UserWarning: [33mWARN: Casting input x to numpy array.[0m
  gym.logger.warn("Casting input x to numpy array.")
CEM solve time: 1.5767 seconds
/workspace/r10/env_old/lib/python3.12/site-packages/gymnasium/utils/passive_env_checker.py:129: UserWarning: [33mWARN: The obs returned by the `step()` method was expecting a numpy array, actual type: <class 'torch.Tensor'>[0m
  logger.warn(
/workspace/r10/env_old/lib/python3.12/site-packages/gymnasium/spaces/box.py:415: UserWarning: [33mWARN: Casting input x to numpy array.[0m
  gym.logger.warn("Casting input x to numpy array.")
{"completed": 19, "missing": 0, "case": "R8_tworoom_04c09f873c34ac20e9f83a16", "arm": "H0", "stream": "R3_ORIGINAL", "mode": "H_REAL3_REPLAN"}
/workspace/r10/env_old/lib/python3.12/site-packages/gymnasium/utils/passive_env_checker.py:129: UserWarning: [33mWARN: The obs returned by the `reset()` method was expecting a numpy array, actual type: <class 'torch.Tensor'>[0m
  logger.warn(
/workspace/r10/env_old/lib/python3.12/site-packages/gymnasium/spaces/box.py:415: UserWarning: [33mWARN: Casting input x to numpy array.[0m
  gym.logger.warn("Casting input x to numpy array.")
CEM solve time: 1.5722 seconds
/workspace/r10/env_old/lib/python3.12/site-packages/gymnasium/utils/passive_env_checker.py:129: UserWarning: [33mWARN: The obs returned by the `step()` method was expecting a numpy array, actual type: <class 'torch.Tensor'>[0m
  logger.warn(
/workspace/r10/env_old/lib/python3.12/site-packages/gymnasium/spaces/box.py:415: UserWarning: [33mWARN: Casting input x to numpy array.[0m
  gym.logger.warn("Casting input x to numpy array.")
/workspace/r10/env_old/lib/python3.12/site-packages/gymnasium/utils/passive_env_checker.py:129: UserWarning: [33mWARN: The obs returned by the `reset()` method was expecting a numpy array, actual type: <class 'torch.Tensor'>[0m
  logger.warn(
/workspace/r10/env_old/lib/python3.12/site-packages/gymnasium/spaces/box.py:415: UserWarning: [33mWARN: Casting input x to numpy array.[0m
  gym.logger.warn("Casting input x to numpy array.")
CEM solve time: 1.5669 seconds
/workspace/r10/env_old/lib/python3.12/site-packages/gymnasium/utils/passive_env_checker.py:129: UserWarning: [33mWARN: The obs returned by the `step()` method was expecting a numpy array, actual type: <class 'torch.Tensor'>[0m
  logger.warn(
/workspace/r10/env_old/lib/python3.12/site-packages/gymnasium/spaces/box.py:415: UserWarning: [33mWARN: Casting input x to numpy array.[0m
  gym.logger.warn("Casting input x to numpy array.")
{"completed": 20, "missing": 0, "case": "R8_tworoom_04c09f873c34ac20e9f83a16", "arm": "H0", "stream": "R4_ALT_CEM_1", "mode": "H_REAL3_REPLAN"}
/workspace/r10/env_old/lib/python3.12/site-packages/gymnasium/utils/passive_env_checker.py:129: UserWarning: [33mWARN: The obs returned by the `reset()` method was expecting a numpy array, actual type: <class 'torch.Tensor'>[0m
  logger.warn(
/workspace/r10/env_old/lib/python3.12/site-packages/gymnasium/spaces/box.py:415: UserWarning: [33mWARN: Casting input x to numpy array.[0m
  gym.logger.warn("Casting input x to numpy array.")
CEM solve time: 1.5715 seconds
/workspace/r10/env_old/lib/python3.12/site-packages/gymnasium/utils/passive_env_checker.py:129: UserWarning: [33mWARN: The obs returned by the `step()` method was expecting a numpy array, actual type: <class 'torch.Tensor'>[0m
  logger.warn(
/workspace/r10/env_old/lib/python3.12/site-packages/gymnasium/spaces/box.py:415: UserWarning: [33mWARN: Casting input x to numpy array.[0m
  gym.logger.warn("Casting input x to numpy array.")
/workspace/r10/env_old/lib/python3.12/site-packages/gymnasium/utils/passive_env_checker.py:129: UserWarning: [33mWARN: The obs returned by the `reset()` method was expecting a numpy array, actual type: <class 'torch.Tensor'>[0m
  logger.warn(
/workspace/r10/env_old/lib/python3.12/site-packages/gymnasium/spaces/box.py:415: UserWarning: [33mWARN: Casting input x to numpy array.[0m
  gym.logger.warn("Casting input x to numpy array.")
CEM solve time: 1.5723 seconds
/workspace/r10/env_old/lib/python3.12/site-packages/gymnasium/utils/passive_env_checker.py:129: UserWarning: [33mWARN: The obs returned by the `step()` method was expecting a numpy array, actual type: <class 'torch.Tensor'>[0m
  logger.warn(
/workspace/r10/env_old/lib/python3.12/site-packages/gymnasium/spaces/box.py:415: UserWarning: [33mWARN: Casting input x to numpy array.[0m
  gym.logger.warn("Casting input x to numpy array.")
{"completed": 21, "missing": 0, "case": "R8_tworoom_04c09f873c34ac20e9f83a16", "arm": "H0", "stream": "R4_ALT_CEM_2", "mode": "H_REAL3_REPLAN"}
/workspace/r10/env_old/lib/python3.12/site-packages/gymnasium/utils/passive_env_checker.py:129: UserWarning: [33mWARN: The obs returned by the `reset()` method was expecting a numpy array, actual type: <class 'torch.Tensor'>[0m
  logger.warn(
/workspace/r10/env_old/lib/python3.12/site-packages/gymnasium/spaces/box.py:415: UserWarning: [33mWARN: Casting input x to numpy array.[0m
  gym.logger.warn("Casting input x to numpy array.")
CEM solve time: 1.5835 seconds
/workspace/r10/env_old/lib/python3.12/site-packages/gymnasium/utils/passive_env_checker.py:129: UserWarning: [33mWARN: The obs returned by the `step()` method was expecting a numpy array, actual type: <class 'torch.Tensor'>[0m
  logger.warn(
/workspace/r10/env_old/lib/python3.12/site-packages/gymnasium/spaces/box.py:415: UserWarning: [33mWARN: Casting input x to numpy array.[0m
  gym.logger.warn("Casting input x to numpy array.")
/workspace/r10/env_old/lib/python3.12/site-packages/gymnasium/utils/passive_env_checker.py:129: UserWarning: [33mWARN: The obs returned by the `reset()` method was expecting a numpy array, actual type: <class 'torch.Tensor'>[0m
  logger.warn(
/workspace/r10/env_old/lib/python3.12/site-packages/gymnasium/spaces/box.py:415: UserWarning: [33mWARN: Casting input x to numpy array.[0m
  gym.logger.warn("Casting input x to numpy array.")
CEM solve time: 1.6004 seconds
/workspace/r10/env_old/lib/python3.12/site-packages/gymnasium/utils/passive_env_checker.py:129: UserWarning: [33mWARN: The obs returned by the `step()` method was expecting a numpy array, actual type: <class 'torch.Tensor'>[0m
  logger.warn(
/workspace/r10/env_old/lib/python3.12/site-packages/gymnasium/spaces/box.py:415: UserWarning: [33mWARN: Casting input x to numpy array.[0m
  gym.logger.warn("Casting input x to numpy array.")
{"completed": 22, "missing": 0, "case": "R8_tworoom_0540b17b3765202545c99668", "arm": "H0", "stream": "R3_ORIGINAL", "mode": "H_REAL3_REPLAN"}
/workspace/r10/env_old/lib/python3.12/site-packages/gymnasium/utils/passive_env_checker.py:129: UserWarning: [33mWARN: The obs returned by the `reset()` method was expecting a numpy array, actual type: <class 'torch.Tensor'>[0m
  logger.warn(
/workspace/r10/env_old/lib/python3.12/site-packages/gymnasium/spaces/box.py:415: UserWarning: [33mWARN: Casting input x to numpy array.[0m
  gym.logger.warn("Casting input x to numpy array.")
CEM solve time: 1.5777 seconds
/workspace/r10/env_old/lib/python3.12/site-packages/gymnasium/utils/passive_env_checker.py:129: UserWarning: [33mWARN: The obs returned by the `step()` method was expecting a numpy array, actual type: <class 'torch.Tensor'>[0m
  logger.warn(
/workspace/r10/env_old/lib/python3.12/site-packages/gymnasium/spaces/box.py:415: UserWarning: [33mWARN: Casting input x to numpy array.[0m
  gym.logger.warn("Casting input x to numpy array.")
/workspace/r10/env_old/lib/python3.12/site-packages/gymnasium/utils/passive_env_checker.py:129: UserWarning: [33mWARN: The obs returned by the `reset()` method was expecting a numpy array, actual type: <class 'torch.Tensor'>[0m
  logger.warn(
/workspace/r10/env_old/lib/python3.12/site-packages/gymnasium/spaces/box.py:415: UserWarning: [33mWARN: Casting input x to numpy array.[0m
  gym.logger.warn("Casting input x to numpy array.")
CEM solve time: 1.5772 seconds
/workspace/r10/env_old/lib/python3.12/site-packages/gymnasium/utils/passive_env_checker.py:129: UserWarning: [33mWARN: The obs returned by the `step()` method was expecting a numpy array, actual type: <class 'torch.Tensor'>[0m
  logger.warn(
/workspace/r10/env_old/lib/python3.12/site-packages/gymnasium/spaces/box.py:415: UserWarning: [33mWARN: Casting input x to numpy array.[0m
  gym.logger.warn("Casting input x to numpy array.")
{"completed": 23, "missing": 0, "case": "R8_tworoom_0540b17b3765202545c99668", "arm": "H0", "stream": "R4_ALT_CEM_1", "mode": "H_REAL3_REPLAN"}
/workspace/r10/env_old/lib/python3.12/site-packages/gymnasium/utils/passive_env_checker.py:129: UserWarning: [33mWARN: The obs returned by the `reset()` method was expecting a numpy array, actual type: <class 'torch.Tensor'>[0m
  logger.warn(
/workspace/r10/env_old/lib/python3.12/site-packages/gymnasium/spaces/box.py:415: UserWarning: [33mWARN: Casting input x to numpy array.[0m
  gym.logger.warn("Casting input x to numpy array.")
CEM solve time: 1.5774 seconds
/workspace/r10/env_old/lib/python3.12/site-packages/gymnasium/utils/passive_env_checker.py:129: UserWarning: [33mWARN: The obs returned by the `step()` method was expecting a numpy array, actual type: <class 'torch.Tensor'>[0m
  logger.warn(
/workspace/r10/env_old/lib/python3.12/site-packages/gymnasium/spaces/box.py:415: UserWarning: [33mWARN: Casting input x to numpy array.[0m
  gym.logger.warn("Casting input x to numpy array.")
/workspace/r10/env_old/lib/python3.12/site-packages/gymnasium/utils/passive_env_checker.py:129: UserWarning: [33mWARN: The obs returned by the `reset()` method was expecting a numpy array, actual type: <class 'torch.Tensor'>[0m
  logger.warn(
/workspace/r10/env_old/lib/python3.12/site-packages/gymnasium/spaces/box.py:415: UserWarning: [33mWARN: Casting input x to numpy array.[0m
  gym.logger.warn("Casting input x to numpy array.")
CEM solve time: 1.5761 seconds
/workspace/r10/env_old/lib/python3.12/site-packages/gymnasium/utils/passive_env_checker.py:129: UserWarning: [33mWARN: The obs returned by the `step()` method was expecting a numpy array, actual type: <class 'torch.Tensor'>[0m
  logger.warn(
/workspace/r10/env_old/lib/python3.12/site-packages/gymnasium/spaces/box.py:415: UserWarning: [33mWARN: Casting input x to numpy array.[0m
  gym.logger.warn("Casting input x to numpy array.")
{"completed": 24, "missing": 0, "case": "R8_tworoom_0540b17b3765202545c99668", "arm": "H0", "stream": "R4_ALT_CEM_2", "mode": "H_REAL3_REPLAN"}
/workspace/r10/env_old/lib/python3.12/site-packages/gymnasium/utils/passive_env_checker.py:129: UserWarning: [33mWARN: The obs returned by the `reset()` method was expecting a numpy array, actual type: <class 'torch.Tensor'>[0m
  logger.warn(
/workspace/r10/env_old/lib/python3.12/site-packages/gymnasium/spaces/box.py:415: UserWarning: [33mWARN: Casting input x to numpy array.[0m
  gym.logger.warn("Casting input x to numpy array.")
CEM solve time: 1.5774 seconds
/workspace/r10/env_old/lib/python3.12/site-packages/gymnasium/utils/passive_env_checker.py:129: UserWarning: [33mWARN: The obs returned by the `step()` method was expecting a numpy array, actual type: <class 'torch.Tensor'>[0m
  logger.warn(
/workspace/r10/env_old/lib/python3.12/site-packages/gymnasium/spaces/box.py:415: UserWarning: [33mWARN: Casting input x to numpy array.[0m
  gym.logger.warn("Casting input x to numpy array.")
/workspace/r10/env_old/lib/python3.12/site-packages/gymnasium/utils/passive_env_checker.py:129: UserWarning: [33mWARN: The obs returned by the `reset()` method was expecting a numpy array, actual type: <class 'torch.Tensor'>[0m
  logger.warn(
/workspace/r10/env_old/lib/python3.12/site-packages/gymnasium/spaces/box.py:415: UserWarning: [33mWARN: Casting input x to numpy array.[0m
  gym.logger.warn("Casting input x to numpy array.")
CEM solve time: 1.5814 seconds
/workspace/r10/env_old/lib/python3.12/site-packages/gymnasium/utils/passive_env_checker.py:129: UserWarning: [33mWARN: The obs returned by the `step()` method was expecting a numpy array, actual type: <class 'torch.Tensor'>[0m
  logger.warn(
/workspace/r10/env_old/lib/python3.12/site-packages/gymnasium/spaces/box.py:415: UserWarning: [33mWARN: Casting input x to numpy array.[0m
  gym.logger.warn("Casting input x to numpy array.")
{"completed": 25, "missing": 0, "case": "R8_tworoom_05ad61ff4222ae196d426a43", "arm": "H0", "stream": "R3_ORIGINAL", "mode": "H_REAL3_REPLAN"}
/workspace/r10/env_old/lib/python3.12/site-packages/gymnasium/utils/passive_env_checker.py:129: UserWarning: [33mWARN: The obs returned by the `reset()` method was expecting a numpy array, actual type: <class 'torch.Tensor'>[0m
  logger.warn(
/workspace/r10/env_old/lib/python3.12/site-packages/gymnasium/spaces/box.py:415: UserWarning: [33mWARN: Casting input x to numpy array.[0m
  gym.logger.warn("Casting input x to numpy array.")
CEM solve time: 1.5779 seconds
/workspace/r10/env_old/lib/python3.12/site-packages/gymnasium/utils/passive_env_checker.py:129: UserWarning: [33mWARN: The obs returned by the `step()` method was expecting a numpy array, actual type: <class 'torch.Tensor'>[0m
  logger.warn(
/workspace/r10/env_old/lib/python3.12/site-packages/gymnasium/spaces/box.py:415: UserWarning: [33mWARN: Casting input x to numpy array.[0m
  gym.logger.warn("Casting input x to numpy array.")
/workspace/r10/env_old/lib/python3.12/site-packages/gymnasium/utils/passive_env_checker.py:129: UserWarning: [33mWARN: The obs returned by the `reset()` method was expecting a numpy array, actual type: <class 'torch.Tensor'>[0m
  logger.warn(
/workspace/r10/env_old/lib/python3.12/site-packages/gymnasium/spaces/box.py:415: UserWarning: [33mWARN: Casting input x to numpy array.[0m
  gym.logger.warn("Casting input x to numpy array.")
CEM solve time: 1.5781 seconds
/workspace/r10/env_old/lib/python3.12/site-packages/gymnasium/utils/passive_env_checker.py:129: UserWarning: [33mWARN: The obs returned by the `step()` method was expecting a numpy array, actual type: <class 'torch.Tensor'>[0m
  logger.warn(
/workspace/r10/env_old/lib/python3.12/site-packages/gymnasium/spaces/box.py:415: UserWarning: [33mWARN: Casting input x to numpy array.[0m
  gym.logger.warn("Casting input x to numpy array.")
{"completed": 26, "missing": 0, "case": "R8_tworoom_05ad61ff4222ae196d426a43", "arm": "H0", "stream": "R4_ALT_CEM_1", "mode": "H_REAL3_REPLAN"}
/workspace/r10/env_old/lib/python3.12/site-packages/gymnasium/utils/passive_env_checker.py:129: UserWarning: [33mWARN: The obs returned by the `reset()` method was expecting a numpy array, actual type: <class 'torch.Tensor'>[0m
  logger.warn(
/workspace/r10/env_old/lib/python3.12/site-packages/gymnasium/spaces/box.py:415: UserWarning: [33mWARN: Casting input x to numpy array.[0m
  gym.logger.warn("Casting input x to numpy array.")
CEM solve time: 1.7019 seconds
/workspace/r10/env_old/lib/python3.12/site-packages/gymnasium/utils/passive_env_checker.py:129: UserWarning: [33mWARN: The obs returned by the `step()` method was expecting a numpy array, actual type: <class 'torch.Tensor'>[0m
  logger.warn(
/workspace/r10/env_old/lib/python3.12/site-packages/gymnasium/spaces/box.py:415: UserWarning: [33mWARN: Casting input x to numpy array.[0m
  gym.logger.warn("Casting input x to numpy array.")
/workspace/r10/env_old/lib/python3.12/site-packages/gymnasium/utils/passive_env_checker.py:129: UserWarning: [33mWARN: The obs returned by the `reset()` method was expecting a numpy array, actual type: <class 'torch.Tensor'>[0m
  logger.warn(
/workspace/r10/env_old/lib/python3.12/site-packages/gymnasium/spaces/box.py:415: UserWarning: [33mWARN: Casting input x to numpy array.[0m
  gym.logger.warn("Casting input x to numpy array.")
CEM solve time: 1.6009 seconds
/workspace/r10/env_old/lib/python3.12/site-packages/gymnasium/utils/passive_env_checker.py:129: UserWarning: [33mWARN: The obs returned by the `step()` method was expecting a numpy array, actual type: <class 'torch.Tensor'>[0m
  logger.warn(
/workspace/r10/env_old/lib/python3.12/site-packages/gymnasium/spaces/box.py:415: UserWarning: [33mWARN: Casting input x to numpy array.[0m
  gym.logger.warn("Casting input x to numpy array.")
{"completed": 27, "missing": 0, "case": "R8_tworoom_05ad61ff4222ae196d426a43", "arm": "H0", "stream": "R4_ALT_CEM_2", "mode": "H_REAL3_REPLAN"}
/workspace/r10/env_old/lib/python3.12/site-packages/gymnasium/utils/passive_env_checker.py:129: UserWarning: [33mWARN: The obs returned by the `reset()` method was expecting a numpy array, actual type: <class 'torch.Tensor'>[0m
  logger.warn(
/workspace/r10/env_old/lib/python3.12/site-packages/gymnasium/spaces/box.py:415: UserWarning: [33mWARN: Casting input x to numpy array.[0m
  gym.logger.warn("Casting input x to numpy array.")
CEM solve time: 1.5967 seconds
/workspace/r10/env_old/lib/python3.12/site-packages/gymnasium/utils/passive_env_checker.py:129: UserWarning: [33mWARN: The obs returned by the `step()` method was expecting a numpy array, actual type: <class 'torch.Tensor'>[0m
  logger.warn(
/workspace/r10/env_old/lib/python3.12/site-packages/gymnasium/spaces/box.py:415: UserWarning: [33mWARN: Casting input x to numpy array.[0m
  gym.logger.warn("Casting input x to numpy array.")
/workspace/r10/env_old/lib/python3.12/site-packages/gymnasium/utils/passive_env_checker.py:129: UserWarning: [33mWARN: The obs returned by the `reset()` method was expecting a numpy array, actual type: <class 'torch.Tensor'>[0m
  logger.warn(
/workspace/r10/env_old/lib/python3.12/site-packages/gymnasium/spaces/box.py:415: UserWarning: [33mWARN: Casting input x to numpy array.[0m
  gym.logger.warn("Casting input x to numpy array.")
CEM solve time: 1.5780 seconds
/workspace/r10/env_old/lib/python3.12/site-packages/gymnasium/utils/passive_env_checker.py:129: UserWarning: [33mWARN: The obs returned by the `step()` method was expecting a numpy array, actual type: <class 'torch.Tensor'>[0m
  logger.warn(
/workspace/r10/env_old/lib/python3.12/site-packages/gymnasium/spaces/box.py:415: UserWarning: [33mWARN: Casting input x to numpy array.[0m
  gym.logger.warn("Casting input x to numpy array.")
{"completed": 28, "missing": 0, "case": "R8_tworoom_06e9f3b311a1a95f40a9ceee", "arm": "H0", "stream": "R3_ORIGINAL", "mode": "H_REAL3_REPLAN"}
/workspace/r10/env_old/lib/python3.12/site-packages/gymnasium/utils/passive_env_checker.py:129: UserWarning: [33mWARN: The obs returned by the `reset()` method was expecting a numpy array, actual type: <class 'torch.Tensor'>[0m
  logger.warn(
/workspace/r10/env_old/lib/python3.12/site-packages/gymnasium/spaces/box.py:415: UserWarning: [33mWARN: Casting input x to numpy array.[0m
  gym.logger.warn("Casting input x to numpy array.")
CEM solve time: 1.5866 seconds
/workspace/r10/env_old/lib/python3.12/site-packages/gymnasium/utils/passive_env_checker.py:129: UserWarning: [33mWARN: The obs returned by the `step()` method was expecting a numpy array, actual type: <class 'torch.Tensor'>[0m
  logger.warn(
/workspace/r10/env_old/lib/python3.12/site-packages/gymnasium/spaces/box.py:415: UserWarning: [33mWARN: Casting input x to numpy array.[0m
  gym.logger.warn("Casting input x to numpy array.")
/workspace/r10/env_old/lib/python3.12/site-packages/gymnasium/utils/passive_env_checker.py:129: UserWarning: [33mWARN: The obs returned by the `reset()` method was expecting a numpy array, actual type: <class 'torch.Tensor'>[0m
  logger.warn(
/workspace/r10/env_old/lib/python3.12/site-packages/gymnasium/spaces/box.py:415: UserWarning: [33mWARN: Casting input x to numpy array.[0m
  gym.logger.warn("Casting input x to numpy array.")
CEM solve time: 1.5856 seconds
/workspace/r10/env_old/lib/python3.12/site-packages/gymnasium/utils/passive_env_checker.py:129: UserWarning: [33mWARN: The obs returned by the `step()` method was expecting a numpy array, actual type: <class 'torch.Tensor'>[0m
  logger.warn(
/workspace/r10/env_old/lib/python3.12/site-packages/gymnasium/spaces/box.py:415: UserWarning: [33mWARN: Casting input x to numpy array.[0m
  gym.logger.warn("Casting input x to numpy array.")
{"completed": 29, "missing": 0, "case": "R8_tworoom_06e9f3b311a1a95f40a9ceee", "arm": "H0", "stream": "R4_ALT_CEM_1", "mode": "H_REAL3_REPLAN"}
/workspace/r10/env_old/lib/python3.12/site-packages/gymnasium/utils/passive_env_checker.py:129: UserWarning: [33mWARN: The obs returned by the `reset()` method was expecting a numpy array, actual type: <class 'torch.Tensor'>[0m
  logger.warn(
/workspace/r10/env_old/lib/python3.12/site-packages/gymnasium/spaces/box.py:415: UserWarning: [33mWARN: Casting input x to numpy array.[0m
  gym.logger.warn("Casting input x to numpy array.")
CEM solve time: 1.5838 seconds
/workspace/r10/env_old/lib/python3.12/site-packages/gymnasium/utils/passive_env_checker.py:129: UserWarning: [33mWARN: The obs returned by the `step()` method was expecting a numpy array, actual type: <class 'torch.Tensor'>[0m
  logger.warn(
/workspace/r10/env_old/lib/python3.12/site-packages/gymnasium/spaces/box.py:415: UserWarning: [33mWARN: Casting input x to numpy array.[0m
  gym.logger.warn("Casting input x to numpy array.")
/workspace/r10/env_old/lib/python3.12/site-packages/gymnasium/utils/passive_env_checker.py:129: UserWarning: [33mWARN: The obs returned by the `reset()` method was expecting a numpy array, actual type: <class 'torch.Tensor'>[0m
  logger.warn(
/workspace/r10/env_old/lib/python3.12/site-packages/gymnasium/spaces/box.py:415: UserWarning: [33mWARN: Casting input x to numpy array.[0m
  gym.logger.warn("Casting input x to numpy array.")
CEM solve time: 1.5789 seconds
/workspace/r10/env_old/lib/python3.12/site-packages/gymnasium/utils/passive_env_checker.py:129: UserWarning: [33mWARN: The obs returned by the `step()` method was expecting a numpy array, actual type: <class 'torch.Tensor'>[0m
  logger.warn(
/workspace/r10/env_old/lib/python3.12/site-packages/gymnasium/spaces/box.py:415: UserWarning: [33mWARN: Casting input x to numpy array.[0m
  gym.logger.warn("Casting input x to numpy array.")
{"completed": 30, "missing": 0, "case": "R8_tworoom_06e9f3b311a1a95f40a9ceee", "arm": "H0", "stream": "R4_ALT_CEM_2", "mode": "H_REAL3_REPLAN"}
/workspace/r10/env_old/lib/python3.12/site-packages/gymnasium/utils/passive_env_checker.py:129: UserWarning: [33mWARN: The obs returned by the `reset()` method was expecting a numpy array, actual type: <class 'torch.Tensor'>[0m
  logger.warn(
/workspace/r10/env_old/lib/python3.12/site-packages/gymnasium/spaces/box.py:415: UserWarning: [33mWARN: Casting input x to numpy array.[0m
  gym.logger.warn("Casting input x to numpy array.")
CEM solve time: 1.5723 seconds
/workspace/r10/env_old/lib/python3.12/site-packages/gymnasium/utils/passive_env_checker.py:129: UserWarning: [33mWARN: The obs returned by the `step()` method was expecting a numpy array, actual type: <class 'torch.Tensor'>[0m
  logger.warn(
/workspace/r10/env_old/lib/python3.12/site-packages/gymnasium/spaces/box.py:415: UserWarning: [33mWARN: Casting input x to numpy array.[0m
  gym.logger.warn("Casting input x to numpy array.")
/workspace/r10/env_old/lib/python3.12/site-packages/gymnasium/utils/passive_env_checker.py:129: UserWarning: [33mWARN: The obs returned by the `reset()` method was expecting a numpy array, actual type: <class 'torch.Tensor'>[0m
  logger.warn(
/workspace/r10/env_old/lib/python3.12/site-packages/gymnasium/spaces/box.py:415: UserWarning: [33mWARN: Casting input x to numpy array.[0m
  gym.logger.warn("Casting input x to numpy array.")
CEM solve time: 1.5847 seconds
/workspace/r10/env_old/lib/python3.12/site-packages/gymnasium/utils/passive_env_checker.py:129: UserWarning: [33mWARN: The obs returned by the `step()` method was expecting a numpy array, actual type: <class 'torch.Tensor'>[0m
  logger.warn(
/workspace/r10/env_old/lib/python3.12/site-packages/gymnasium/spaces/box.py:415: UserWarning: [33mWARN: Casting input x to numpy array.[0m
  gym.logger.warn("Casting input x to numpy array.")
{"completed": 31, "missing": 0, "case": "R8_tworoom_0786a563c4ee34cac10614cf", "arm": "H0", "stream": "R3_ORIGINAL", "mode": "H_REAL3_REPLAN"}
/workspace/r10/env_old/lib/python3.12/site-packages/gymnasium/utils/passive_env_checker.py:129: UserWarning: [33mWARN: The obs returned by the `reset()` method was expecting a numpy array, actual type: <class 'torch.Tensor'>[0m
  logger.warn(
/workspace/r10/env_old/lib/python3.12/site-packages/gymnasium/spaces/box.py:415: UserWarning: [33mWARN: Casting input x to numpy array.[0m
  gym.logger.warn("Casting input x to numpy array.")
CEM solve time: 1.5783 seconds
/workspace/r10/env_old/lib/python3.12/site-packages/gymnasium/utils/passive_env_checker.py:129: UserWarning: [33mWARN: The obs returned by the `step()` method was expecting a numpy array, actual type: <class 'torch.Tensor'>[0m
  logger.warn(
/workspace/r10/env_old/lib/python3.12/site-packages/gymnasium/spaces/box.py:415: UserWarning: [33mWARN: Casting input x to numpy array.[0m
  gym.logger.warn("Casting input x to numpy array.")
/workspace/r10/env_old/lib/python3.12/site-packages/gymnasium/utils/passive_env_checker.py:129: UserWarning: [33mWARN: The obs returned by the `reset()` method was expecting a numpy array, actual type: <class 'torch.Tensor'>[0m
  logger.warn(
/workspace/r10/env_old/lib/python3.12/site-packages/gymnasium/spaces/box.py:415: UserWarning: [33mWARN: Casting input x to numpy array.[0m
  gym.logger.warn("Casting input x to numpy array.")
CEM solve time: 1.5717 seconds
/workspace/r10/env_old/lib/python3.12/site-packages/gymnasium/utils/passive_env_checker.py:129: UserWarning: [33mWARN: The obs returned by the `step()` method was expecting a numpy array, actual type: <class 'torch.Tensor'>[0m
  logger.warn(
/workspace/r10/env_old/lib/python3.12/site-packages/gymnasium/spaces/box.py:415: UserWarning: [33mWARN: Casting input x to numpy array.[0m
  gym.logger.warn("Casting input x to numpy array.")
{"completed": 32, "missing": 0, "case": "R8_tworoom_0786a563c4ee34cac10614cf", "arm": "H0", "stream": "R4_ALT_CEM_1", "mode": "H_REAL3_REPLAN"}
/workspace/r10/env_old/lib/python3.12/site-packages/gymnasium/utils/passive_env_checker.py:129: UserWarning: [33mWARN: The obs returned by the `reset()` method was expecting a numpy array, actual type: <class 'torch.Tensor'>[0m
  logger.warn(
/workspace/r10/env_old/lib/python3.12/site-packages/gymnasium/spaces/box.py:415: UserWarning: [33mWARN: Casting input x to numpy array.[0m
  gym.logger.warn("Casting input x to numpy array.")
CEM solve time: 1.5771 seconds
/workspace/r10/env_old/lib/python3.12/site-packages/gymnasium/utils/passive_env_checker.py:129: UserWarning: [33mWARN: The obs returned by the `step()` method was expecting a numpy array, actual type: <class 'torch.Tensor'>[0m
  logger.warn(
/workspace/r10/env_old/lib/python3.12/site-packages/gymnasium/spaces/box.py:415: UserWarning: [33mWARN: Casting input x to numpy array.[0m
  gym.logger.warn("Casting input x to numpy array.")
/workspace/r10/env_old/lib/python3.12/site-packages/gymnasium/utils/passive_env_checker.py:129: UserWarning: [33mWARN: The obs returned by the `reset()` method was expecting a numpy array, actual type: <class 'torch.Tensor'>[0m
  logger.warn(
/workspace/r10/env_old/lib/python3.12/site-packages/gymnasium/spaces/box.py:415: UserWarning: [33mWARN: Casting input x to numpy array.[0m
  gym.logger.warn("Casting input x to numpy array.")
CEM solve time: 1.5770 seconds
/workspace/r10/env_old/lib/python3.12/site-packages/gymnasium/utils/passive_env_checker.py:129: UserWarning: [33mWARN: The obs returned by the `step()` method was expecting a numpy array, actual type: <class 'torch.Tensor'>[0m
  logger.warn(
/workspace/r10/env_old/lib/python3.12/site-packages/gymnasium/spaces/box.py:415: UserWarning: [33mWARN: Casting input x to numpy array.[0m
  gym.logger.warn("Casting input x to numpy array.")
{"completed": 33, "missing": 0, "case": "R8_tworoom_0786a563c4ee34cac10614cf", "arm": "H0", "stream": "R4_ALT_CEM_2", "mode": "H_REAL3_REPLAN"}
/workspace/r10/env_old/lib/python3.12/site-packages/gymnasium/utils/passive_env_checker.py:129: UserWarning: [33mWARN: The obs returned by the `reset()` method was expecting a numpy array, actual type: <class 'torch.Tensor'>[0m
  logger.warn(
/workspace/r10/env_old/lib/python3.12/site-packages/gymnasium/spaces/box.py:415: UserWarning: [33mWARN: Casting input x to numpy array.[0m
  gym.logger.warn("Casting input x to numpy array.")
CEM solve time: 1.5796 seconds
/workspace/r10/env_old/lib/python3.12/site-packages/gymnasium/utils/passive_env_checker.py:129: UserWarning: [33mWARN: The obs returned by the `step()` method was expecting a numpy array, actual type: <class 'torch.Tensor'>[0m
  logger.warn(
/workspace/r10/env_old/lib/python3.12/site-packages/gymnasium/spaces/box.py:415: UserWarning: [33mWARN: Casting input x to numpy array.[0m
  gym.logger.warn("Casting input x to numpy array.")
/workspace/r10/env_old/lib/python3.12/site-packages/gymnasium/utils/passive_env_checker.py:129: UserWarning: [33mWARN: The obs returned by the `reset()` method was expecting a numpy array, actual type: <class 'torch.Tensor'>[0m
  logger.warn(
/workspace/r10/env_old/lib/python3.12/site-packages/gymnasium/spaces/box.py:415: UserWarning: [33mWARN: Casting input x to numpy array.[0m
  gym.logger.warn("Casting input x to numpy array.")
CEM solve time: 1.5742 seconds
/workspace/r10/env_old/lib/python3.12/site-packages/gymnasium/utils/passive_env_checker.py:129: UserWarning: [33mWARN: The obs returned by the `step()` method was expecting a numpy array, actual type: <class 'torch.Tensor'>[0m
  logger.warn(
/workspace/r10/env_old/lib/python3.12/site-packages/gymnasium/spaces/box.py:415: UserWarning: [33mWARN: Casting input x to numpy array.[0m
  gym.logger.warn("Casting input x to numpy array.")
{"completed": 34, "missing": 0, "case": "R8_tworoom_07fe2e9d497008591b7dfd91", "arm": "H0", "stream": "R3_ORIGINAL", "mode": "H_REAL3_REPLAN"}
/workspace/r10/env_old/lib/python3.12/site-packages/gymnasium/utils/passive_env_checker.py:129: UserWarning: [33mWARN: The obs returned by the `reset()` method was expecting a numpy array, actual type: <class 'torch.Tensor'>[0m
  logger.warn(
/workspace/r10/env_old/lib/python3.12/site-packages/gymnasium/spaces/box.py:415: UserWarning: [33mWARN: Casting input x to numpy array.[0m
  gym.logger.warn("Casting input x to numpy array.")
CEM solve time: 1.5641 seconds
/workspace/r10/env_old/lib/python3.12/site-packages/gymnasium/utils/passive_env_checker.py:129: UserWarning: [33mWARN: The obs returned by the `step()` method was expecting a numpy array, actual type: <class 'torch.Tensor'>[0m
  logger.warn(
/workspace/r10/env_old/lib/python3.12/site-packages/gymnasium/spaces/box.py:415: UserWarning: [33mWARN: Casting input x to numpy array.[0m
  gym.logger.warn("Casting input x to numpy array.")
/workspace/r10/env_old/lib/python3.12/site-packages/gymnasium/utils/passive_env_checker.py:129: UserWarning: [33mWARN: The obs returned by the `reset()` method was expecting a numpy array, actual type: <class 'torch.Tensor'>[0m
  logger.warn(
/workspace/r10/env_old/lib/python3.12/site-packages/gymnasium/spaces/box.py:415: UserWarning: [33mWARN: Casting input x to numpy array.[0m
  gym.logger.warn("Casting input x to numpy array.")
CEM solve time: 1.5940 seconds
/workspace/r10/env_old/lib/python3.12/site-packages/gymnasium/utils/passive_env_checker.py:129: UserWarning: [33mWARN: The obs returned by the `step()` method was expecting a numpy array, actual type: <class 'torch.Tensor'>[0m
  logger.warn(
/workspace/r10/env_old/lib/python3.12/site-packages/gymnasium/spaces/box.py:415: UserWarning: [33mWARN: Casting input x to numpy array.[0m
  gym.logger.warn("Casting input x to numpy array.")
{"completed": 35, "missing": 0, "case": "R8_tworoom_07fe2e9d497008591b7dfd91", "arm": "H0", "stream": "R4_ALT_CEM_1", "mode": "H_REAL3_REPLAN"}
/workspace/r10/env_old/lib/python3.12/site-packages/gymnasium/utils/passive_env_checker.py:129: UserWarning: [33mWARN: The obs returned by the `reset()` method was expecting a numpy array, actual type: <class 'torch.Tensor'>[0m
  logger.warn(
/workspace/r10/env_old/lib/python3.12/site-packages/gymnasium/spaces/box.py:415: UserWarning: [33mWARN: Casting input x to numpy array.[0m
  gym.logger.warn("Casting input x to numpy array.")
CEM solve time: 1.6201 seconds
/workspace/r10/env_old/lib/python3.12/site-packages/gymnasium/utils/passive_env_checker.py:129: UserWarning: [33mWARN: The obs returned by the `step()` method was expecting a numpy array, actual type: <class 'torch.Tensor'>[0m
  logger.warn(
/workspace/r10/env_old/lib/python3.12/site-packages/gymnasium/spaces/box.py:415: UserWarning: [33mWARN: Casting input x to numpy array.[0m
  gym.logger.warn("Casting input x to numpy array.")
/workspace/r10/env_old/lib/python3.12/site-packages/gymnasium/utils/passive_env_checker.py:129: UserWarning: [33mWARN: The obs returned by the `reset()` method was expecting a numpy array, actual type: <class 'torch.Tensor'>[0m
  logger.warn(
/workspace/r10/env_old/lib/python3.12/site-packages/gymnasium/spaces/box.py:415: UserWarning: [33mWARN: Casting input x to numpy array.[0m
  gym.logger.warn("Casting input x to numpy array.")
CEM solve time: 1.5844 seconds
/workspace/r10/env_old/lib/python3.12/site-packages/gymnasium/utils/passive_env_checker.py:129: UserWarning: [33mWARN: The obs returned by the `step()` method was expecting a numpy array, actual type: <class 'torch.Tensor'>[0m
  logger.warn(
/workspace/r10/env_old/lib/python3.12/site-packages/gymnasium/spaces/box.py:415: UserWarning: [33mWARN: Casting input x to numpy array.[0m
  gym.logger.warn("Casting input x to numpy array.")
{"completed": 36, "missing": 0, "case": "R8_tworoom_07fe2e9d497008591b7dfd91", "arm": "H0", "stream": "R4_ALT_CEM_2", "mode": "H_REAL3_REPLAN"}
/workspace/r10/env_old/lib/python3.12/site-packages/gymnasium/utils/passive_env_checker.py:129: UserWarning: [33mWARN: The obs returned by the `reset()` method was expecting a numpy array, actual type: <class 'torch.Tensor'>[0m
  logger.warn(
/workspace/r10/env_old/lib/python3.12/site-packages/gymnasium/spaces/box.py:415: UserWarning: [33mWARN: Casting input x to numpy array.[0m
  gym.logger.warn("Casting input x to numpy array.")
CEM solve time: 1.5744 seconds
/workspace/r10/env_old/lib/python3.12/site-packages/gymnasium/utils/passive_env_checker.py:129: UserWarning: [33mWARN: The obs returned by the `step()` method was expecting a numpy array, actual type: <class 'torch.Tensor'>[0m
  logger.warn(
/workspace/r10/env_old/lib/python3.12/site-packages/gymnasium/spaces/box.py:415: UserWarning: [33mWARN: Casting input x to numpy array.[0m
  gym.logger.warn("Casting input x to numpy array.")
CEM solve time: 1.5738 seconds
/workspace/r10/env_old/lib/python3.12/site-packages/gymnasium/utils/passive_env_checker.py:129: UserWarning: [33mWARN: The obs returned by the `reset()` method was expecting a numpy array, actual type: <class 'torch.Tensor'>[0m
  logger.warn(
/workspace/r10/env_old/lib/python3.12/site-packages/gymnasium/spaces/box.py:415: UserWarning: [33mWARN: Casting input x to numpy array.[0m
  gym.logger.warn("Casting input x to numpy array.")
CEM solve time: 1.6314 seconds
/workspace/r10/env_old/lib/python3.12/site-packages/gymnasium/utils/passive_env_checker.py:129: UserWarning: [33mWARN: The obs returned by the `step()` method was expecting a numpy array, actual type: <class 'torch.Tensor'>[0m
  logger.warn(
/workspace/r10/env_old/lib/python3.12/site-packages/gymnasium/spaces/box.py:415: UserWarning: [33mWARN: Casting input x to numpy array.[0m
  gym.logger.warn("Casting input x to numpy array.")
CEM solve time: 1.5855 seconds
{"completed": 37, "missing": 0, "case": "R8_tworoom_08fae1c7d5506f5d6c5ca8ac", "arm": "H0", "stream": "R3_ORIGINAL", "mode": "H_REAL3_REPLAN"}
/workspace/r10/env_old/lib/python3.12/site-packages/gymnasium/utils/passive_env_checker.py:129: UserWarning: [33mWARN: The obs returned by the `reset()` method was expecting a numpy array, actual type: <class 'torch.Tensor'>[0m
  logger.warn(
/workspace/r10/env_old/lib/python3.12/site-packages/gymnasium/spaces/box.py:415: UserWarning: [33mWARN: Casting input x to numpy array.[0m
  gym.logger.warn("Casting input x to numpy array.")
CEM solve time: 1.5794 seconds
/workspace/r10/env_old/lib/python3.12/site-packages/gymnasium/utils/passive_env_checker.py:129: UserWarning: [33mWARN: The obs returned by the `step()` method was expecting a numpy array, actual type: <class 'torch.Tensor'>[0m
  logger.warn(
/workspace/r10/env_old/lib/python3.12/site-packages/gymnasium/spaces/box.py:415: UserWarning: [33mWARN: Casting input x to numpy array.[0m
  gym.logger.warn("Casting input x to numpy array.")
CEM solve time: 1.5895 seconds
/workspace/r10/env_old/lib/python3.12/site-packages/gymnasium/utils/passive_env_checker.py:129: UserWarning: [33mWARN: The obs returned by the `reset()` method was expecting a numpy array, actual type: <class 'torch.Tensor'>[0m
  logger.warn(
/workspace/r10/env_old/lib/python3.12/site-packages/gymnasium/spaces/box.py:415: UserWarning: [33mWARN: Casting input x to numpy array.[0m
  gym.logger.warn("Casting input x to numpy array.")
CEM solve time: 1.5732 seconds
/workspace/r10/env_old/lib/python3.12/site-packages/gymnasium/utils/passive_env_checker.py:129: UserWarning: [33mWARN: The obs returned by the `step()` method was expecting a numpy array, actual type: <class 'torch.Tensor'>[0m
  logger.warn(
/workspace/r10/env_old/lib/python3.12/site-packages/gymnasium/spaces/box.py:415: UserWarning: [33mWARN: Casting input x to numpy array.[0m
  gym.logger.warn("Casting input x to numpy array.")
CEM solve time: 1.5847 seconds
{"completed": 38, "missing": 0, "case": "R8_tworoom_08fae1c7d5506f5d6c5ca8ac", "arm": "H0", "stream": "R4_ALT_CEM_1", "mode": "H_REAL3_REPLAN"}
/workspace/r10/env_old/lib/python3.12/site-packages/gymnasium/utils/passive_env_checker.py:129: UserWarning: [33mWARN: The obs returned by the `reset()` method was expecting a numpy array, actual type: <class 'torch.Tensor'>[0m
  logger.warn(
/workspace/r10/env_old/lib/python3.12/site-packages/gymnasium/spaces/box.py:415: UserWarning: [33mWARN: Casting input x to numpy array.[0m
  gym.logger.warn("Casting input x to numpy array.")
CEM solve time: 1.5681 seconds
/workspace/r10/env_old/lib/python3.12/site-packages/gymnasium/utils/passive_env_checker.py:129: UserWarning: [33mWARN: The obs returned by the `step()` method was expecting a numpy array, actual type: <class 'torch.Tensor'>[0m
  logger.warn(
/workspace/r10/env_old/lib/python3.12/site-packages/gymnasium/spaces/box.py:415: UserWarning: [33mWARN: Casting input x to numpy array.[0m
  gym.logger.warn("Casting input x to numpy array.")
/workspace/r10/env_old/lib/python3.12/site-packages/gymnasium/utils/passive_env_checker.py:129: UserWarning: [33mWARN: The obs returned by the `reset()` method was expecting a numpy array, actual type: <class 'torch.Tensor'>[0m
  logger.warn(
/workspace/r10/env_old/lib/python3.12/site-packages/gymnasium/spaces/box.py:415: UserWarning: [33mWARN: Casting input x to numpy array.[0m
  gym.logger.warn("Casting input x to numpy array.")
CEM solve time: 1.5636 seconds
/workspace/r10/env_old/lib/python3.12/site-packages/gymnasium/utils/passive_env_checker.py:129: UserWarning: [33mWARN: The obs returned by the `step()` method was expecting a numpy array, actual type: <class 'torch.Tensor'>[0m
  logger.warn(
/workspace/r10/env_old/lib/python3.12/site-packages/gymnasium/spaces/box.py:415: UserWarning: [33mWARN: Casting input x to numpy array.[0m
  gym.logger.warn("Casting input x to numpy array.")
{"completed": 39, "missing": 0, "case": "R8_tworoom_08fae1c7d5506f5d6c5ca8ac", "arm": "H0", "stream": "R4_ALT_CEM_2", "mode": "H_REAL3_REPLAN"}
/workspace/r10/env_old/lib/python3.12/site-packages/gymnasium/utils/passive_env_checker.py:129: UserWarning: [33mWARN: The obs returned by the `reset()` method was expecting a numpy array, actual type: <class 'torch.Tensor'>[0m
  logger.warn(
/workspace/r10/env_old/lib/python3.12/site-packages/gymnasium/spaces/box.py:415: UserWarning: [33mWARN: Casting input x to numpy array.[0m
  gym.logger.warn("Casting input x to numpy array.")
CEM solve time: 1.5843 seconds
/workspace/r10/env_old/lib/python3.12/site-packages/gymnasium/utils/passive_env_checker.py:129: UserWarning: [33mWARN: The obs returned by the `step()` method was expecting a numpy array, actual type: <class 'torch.Tensor'>[0m
  logger.warn(
/workspace/r10/env_old/lib/python3.12/site-packages/gymnasium/spaces/box.py:415: UserWarning: [33mWARN: Casting input x to numpy array.[0m
  gym.logger.warn("Casting input x to numpy array.")
/workspace/r10/env_old/lib/python3.12/site-packages/gymnasium/utils/passive_env_checker.py:129: UserWarning: [33mWARN: The obs returned by the `reset()` method was expecting a numpy array, actual type: <class 'torch.Tensor'>[0m
  logger.warn(
/workspace/r10/env_old/lib/python3.12/site-packages/gymnasium/spaces/box.py:415: UserWarning: [33mWARN: Casting input x to numpy array.[0m
  gym.logger.warn("Casting input x to numpy array.")
CEM solve time: 1.5753 seconds
/workspace/r10/env_old/lib/python3.12/site-packages/gymnasium/utils/passive_env_checker.py:129: UserWarning: [33mWARN: The obs returned by the `step()` method was expecting a numpy array, actual type: <class 'torch.Tensor'>[0m
  logger.warn(
/workspace/r10/env_old/lib/python3.12/site-packages/gymnasium/spaces/box.py:415: UserWarning: [33mWARN: Casting input x to numpy array.[0m
  gym.logger.warn("Casting input x to numpy array.")
{"completed": 40, "missing": 0, "case": "R8_tworoom_005aa86707a07a874aa9a029", "arm": "REFIT_103201", "stream": "R3_ORIGINAL", "mode": "H_REAL3_REPLAN"}
/workspace/r10/env_old/lib/python3.12/site-packages/gymnasium/utils/passive_env_checker.py:129: UserWarning: [33mWARN: The obs returned by the `reset()` method was expecting a numpy array, actual type: <class 'torch.Tensor'>[0m
  logger.warn(
/workspace/r10/env_old/lib/python3.12/site-packages/gymnasium/spaces/box.py:415: UserWarning: [33mWARN: Casting input x to numpy array.[0m
  gym.logger.warn("Casting input x to numpy array.")
CEM solve time: 1.5755 seconds
/workspace/r10/env_old/lib/python3.12/site-packages/gymnasium/utils/passive_env_checker.py:129: UserWarning: [33mWARN: The obs returned by the `step()` method was expecting a numpy array, actual type: <class 'torch.Tensor'>[0m
  logger.warn(
/workspace/r10/env_old/lib/python3.12/site-packages/gymnasium/spaces/box.py:415: UserWarning: [33mWARN: Casting input x to numpy array.[0m
  gym.logger.warn("Casting input x to numpy array.")
/workspace/r10/env_old/lib/python3.12/site-packages/gymnasium/utils/passive_env_checker.py:129: UserWarning: [33mWARN: The obs returned by the `reset()` method was expecting a numpy array, actual type: <class 'torch.Tensor'>[0m
  logger.warn(
/workspace/r10/env_old/lib/python3.12/site-packages/gymnasium/spaces/box.py:415: UserWarning: [33mWARN: Casting input x to numpy array.[0m
  gym.logger.warn("Casting input x to numpy array.")
CEM solve time: 1.5812 seconds
/workspace/r10/env_old/lib/python3.12/site-packages/gymnasium/utils/passive_env_checker.py:129: UserWarning: [33mWARN: The obs returned by the `step()` method was expecting a numpy array, actual type: <class 'torch.Tensor'>[0m
  logger.warn(
/workspace/r10/env_old/lib/python3.12/site-packages/gymnasium/spaces/box.py:415: UserWarning: [33mWARN: Casting input x to numpy array.[0m
  gym.logger.warn("Casting input x to numpy array.")
{"completed": 41, "missing": 0, "case": "R8_tworoom_005aa86707a07a874aa9a029", "arm": "REFIT_103201", "stream": "R4_ALT_CEM_1", "mode": "H_REAL3_REPLAN"}
/workspace/r10/env_old/lib/python3.12/site-packages/gymnasium/utils/passive_env_checker.py:129: UserWarning: [33mWARN: The obs returned by the `reset()` method was expecting a numpy array, actual type: <class 'torch.Tensor'>[0m
  logger.warn(
/workspace/r10/env_old/lib/python3.12/site-packages/gymnasium/spaces/box.py:415: UserWarning: [33mWARN: Casting input x to numpy array.[0m
  gym.logger.warn("Casting input x to numpy array.")
CEM solve time: 1.6156 seconds
/workspace/r10/env_old/lib/python3.12/site-packages/gymnasium/utils/passive_env_checker.py:129: UserWarning: [33mWARN: The obs returned by the `step()` method was expecting a numpy array, actual type: <class 'torch.Tensor'>[0m
  logger.warn(
/workspace/r10/env_old/lib/python3.12/site-packages/gymnasium/spaces/box.py:415: UserWarning: [33mWARN: Casting input x to numpy array.[0m
  gym.logger.warn("Casting input x to numpy array.")
/workspace/r10/env_old/lib/python3.12/site-packages/gymnasium/utils/passive_env_checker.py:129: UserWarning: [33mWARN: The obs returned by the `reset()` method was expecting a numpy array, actual type: <class 'torch.Tensor'>[0m
  logger.warn(
/workspace/r10/env_old/lib/python3.12/site-packages/gymnasium/spaces/box.py:415: UserWarning: [33mWARN: Casting input x to numpy array.[0m
  gym.logger.warn("Casting input x to numpy array.")
CEM solve time: 1.5830 seconds
/workspace/r10/env_old/lib/python3.12/site-packages/gymnasium/utils/passive_env_checker.py:129: UserWarning: [33mWARN: The obs returned by the `step()` method was expecting a numpy array, actual type: <class 'torch.Tensor'>[0m
  logger.warn(
/workspace/r10/env_old/lib/python3.12/site-packages/gymnasium/spaces/box.py:415: UserWarning: [33mWARN: Casting input x to numpy array.[0m
  gym.logger.warn("Casting input x to numpy array.")
{"completed": 42, "missing": 0, "case": "R8_tworoom_005aa86707a07a874aa9a029", "arm": "REFIT_103201", "stream": "R4_ALT_CEM_2", "mode": "H_REAL3_REPLAN"}
/workspace/r10/env_old/lib/python3.12/site-packages/gymnasium/utils/passive_env_checker.py:129: UserWarning: [33mWARN: The obs returned by the `reset()` method was expecting a numpy array, actual type: <class 'torch.Tensor'>[0m
  logger.warn(
/workspace/r10/env_old/lib/python3.12/site-packages/gymnasium/spaces/box.py:415: UserWarning: [33mWARN: Casting input x to numpy array.[0m
  gym.logger.warn("Casting input x to numpy array.")
CEM solve time: 1.5761 seconds
/workspace/r10/env_old/lib/python3.12/site-packages/gymnasium/utils/passive_env_checker.py:129: UserWarning: [33mWARN: The obs returned by the `step()` method was expecting a numpy array, actual type: <class 'torch.Tensor'>[0m
  logger.warn(
/workspace/r10/env_old/lib/python3.12/site-packages/gymnasium/spaces/box.py:415: UserWarning: [33mWARN: Casting input x to numpy array.[0m
  gym.logger.warn("Casting input x to numpy array.")
/workspace/r10/env_old/lib/python3.12/site-packages/gymnasium/utils/passive_env_checker.py:129: UserWarning: [33mWARN: The obs returned by the `reset()` method was expecting a numpy array, actual type: <class 'torch.Tensor'>[0m
  logger.warn(
/workspace/r10/env_old/lib/python3.12/site-packages/gymnasium/spaces/box.py:415: UserWarning: [33mWARN: Casting input x to numpy array.[0m
  gym.logger.warn("Casting input x to numpy array.")
CEM solve time: 1.5694 seconds
/workspace/r10/env_old/lib/python3.12/site-packages/gymnasium/utils/passive_env_checker.py:129: UserWarning: [33mWARN: The obs returned by the `step()` method was expecting a numpy array, actual type: <class 'torch.Tensor'>[0m
  logger.warn(
/workspace/r10/env_old/lib/python3.12/site-packages/gymnasium/spaces/box.py:415: UserWarning: [33mWARN: Casting input x to numpy array.[0m
  gym.logger.warn("Casting input x to numpy array.")
{"completed": 43, "missing": 0, "case": "R8_tworoom_01ae7626ffa6fa257b7c7adf", "arm": "REFIT_103201", "stream": "R3_ORIGINAL", "mode": "H_REAL3_REPLAN"}
/workspace/r10/env_old/lib/python3.12/site-packages/gymnasium/utils/passive_env_checker.py:129: UserWarning: [33mWARN: The obs returned by the `reset()` method was expecting a numpy array, actual type: <class 'torch.Tensor'>[0m
  logger.warn(
/workspace/r10/env_old/lib/python3.12/site-packages/gymnasium/spaces/box.py:415: UserWarning: [33mWARN: Casting input x to numpy array.[0m
  gym.logger.warn("Casting input x to numpy array.")
CEM solve time: 1.5607 seconds
/workspace/r10/env_old/lib/python3.12/site-packages/gymnasium/utils/passive_env_checker.py:129: UserWarning: [33mWARN: The obs returned by the `step()` method was expecting a numpy array, actual type: <class 'torch.Tensor'>[0m
  logger.warn(
/workspace/r10/env_old/lib/python3.12/site-packages/gymnasium/spaces/box.py:415: UserWarning: [33mWARN: Casting input x to numpy array.[0m
  gym.logger.warn("Casting input x to numpy array.")
/workspace/r10/env_old/lib/python3.12/site-packages/gymnasium/utils/passive_env_checker.py:129: UserWarning: [33mWARN: The obs returned by the `reset()` method was expecting a numpy array, actual type: <class 'torch.Tensor'>[0m
  logger.warn(
/workspace/r10/env_old/lib/python3.12/site-packages/gymnasium/spaces/box.py:415: UserWarning: [33mWARN: Casting input x to numpy array.[0m
  gym.logger.warn("Casting input x to numpy array.")
CEM solve time: 1.5797 seconds
/workspace/r10/env_old/lib/python3.12/site-packages/gymnasium/utils/passive_env_checker.py:129: UserWarning: [33mWARN: The obs returned by the `step()` method was expecting a numpy array, actual type: <class 'torch.Tensor'>[0m
  logger.warn(
/workspace/r10/env_old/lib/python3.12/site-packages/gymnasium/spaces/box.py:415: UserWarning: [33mWARN: Casting input x to numpy array.[0m
  gym.logger.warn("Casting input x to numpy array.")
{"completed": 44, "missing": 0, "case": "R8_tworoom_01ae7626ffa6fa257b7c7adf", "arm": "REFIT_103201", "stream": "R4_ALT_CEM_1", "mode": "H_REAL3_REPLAN"}
/workspace/r10/env_old/lib/python3.12/site-packages/gymnasium/utils/passive_env_checker.py:129: UserWarning: [33mWARN: The obs returned by the `reset()` method was expecting a numpy array, actual type: <class 'torch.Tensor'>[0m
  logger.warn(
/workspace/r10/env_old/lib/python3.12/site-packages/gymnasium/spaces/box.py:415: UserWarning: [33mWARN: Casting input x to numpy array.[0m
  gym.logger.warn("Casting input x to numpy array.")
CEM solve time: 1.5750 seconds
/workspace/r10/env_old/lib/python3.12/site-packages/gymnasium/utils/passive_env_checker.py:129: UserWarning: [33mWARN: The obs returned by the `step()` method was expecting a numpy array, actual type: <class 'torch.Tensor'>[0m
  logger.warn(
/workspace/r10/env_old/lib/python3.12/site-packages/gymnasium/spaces/box.py:415: UserWarning: [33mWARN: Casting input x to numpy array.[0m
  gym.logger.warn("Casting input x to numpy array.")
/workspace/r10/env_old/lib/python3.12/site-packages/gymnasium/utils/passive_env_checker.py:129: UserWarning: [33mWARN: The obs returned by the `reset()` method was expecting a numpy array, actual type: <class 'torch.Tensor'>[0m
  logger.warn(
/workspace/r10/env_old/lib/python3.12/site-packages/gymnasium/spaces/box.py:415: UserWarning: [33mWARN: Casting input x to numpy array.[0m
  gym.logger.warn("Casting input x to numpy array.")
CEM solve time: 1.5691 seconds
/workspace/r10/env_old/lib/python3.12/site-packages/gymnasium/utils/passive_env_checker.py:129: UserWarning: [33mWARN: The obs returned by the `step()` method was expecting a numpy array, actual type: <class 'torch.Tensor'>[0m
  logger.warn(
/workspace/r10/env_old/lib/python3.12/site-packages/gymnasium/spaces/box.py:415: UserWarning: [33mWARN: Casting input x to numpy array.[0m
  gym.logger.warn("Casting input x to numpy array.")
{"completed": 45, "missing": 0, "case": "R8_tworoom_01ae7626ffa6fa257b7c7adf", "arm": "REFIT_103201", "stream": "R4_ALT_CEM_2", "mode": "H_REAL3_REPLAN"}
/workspace/r10/env_old/lib/python3.12/site-packages/gymnasium/utils/passive_env_checker.py:129: UserWarning: [33mWARN: The obs returned by the `reset()` method was expecting a numpy array, actual type: <class 'torch.Tensor'>[0m
  logger.warn(
/workspace/r10/env_old/lib/python3.12/site-packages/gymnasium/spaces/box.py:415: UserWarning: [33mWARN: Casting input x to numpy array.[0m
  gym.logger.warn("Casting input x to numpy array.")
CEM solve time: 1.5817 seconds
/workspace/r10/env_old/lib/python3.12/site-packages/gymnasium/utils/passive_env_checker.py:129: UserWarning: [33mWARN: The obs returned by the `step()` method was expecting a numpy array, actual type: <class 'torch.Tensor'>[0m
  logger.warn(
/workspace/r10/env_old/lib/python3.12/site-packages/gymnasium/spaces/box.py:415: UserWarning: [33mWARN: Casting input x to numpy array.[0m
  gym.logger.warn("Casting input x to numpy array.")
/workspace/r10/env_old/lib/python3.12/site-packages/gymnasium/utils/passive_env_checker.py:129: UserWarning: [33mWARN: The obs returned by the `reset()` method was expecting a numpy array, actual type: <class 'torch.Tensor'>[0m
  logger.warn(
/workspace/r10/env_old/lib/python3.12/site-packages/gymnasium/spaces/box.py:415: UserWarning: [33mWARN: Casting input x to numpy array.[0m
  gym.logger.warn("Casting input x to numpy array.")
CEM solve time: 1.5702 seconds
/workspace/r10/env_old/lib/python3.12/site-packages/gymnasium/utils/passive_env_checker.py:129: UserWarning: [33mWARN: The obs returned by the `step()` method was expecting a numpy array, actual type: <class 'torch.Tensor'>[0m
  logger.warn(
/workspace/r10/env_old/lib/python3.12/site-packages/gymnasium/spaces/box.py:415: UserWarning: [33mWARN: Casting input x to numpy array.[0m
  gym.logger.warn("Casting input x to numpy array.")
{"completed": 46, "missing": 0, "case": "R8_tworoom_02263f4317267b20880e541d", "arm": "REFIT_103201", "stream": "R3_ORIGINAL", "mode": "H_REAL3_REPLAN"}
/workspace/r10/env_old/lib/python3.12/site-packages/gymnasium/utils/passive_env_checker.py:129: UserWarning: [33mWARN: The obs returned by the `reset()` method was expecting a numpy array, actual type: <class 'torch.Tensor'>[0m
  logger.warn(
/workspace/r10/env_old/lib/python3.12/site-packages/gymnasium/spaces/box.py:415: UserWarning: [33mWARN: Casting input x to numpy array.[0m
  gym.logger.warn("Casting input x to numpy array.")
CEM solve time: 1.5767 seconds
/workspace/r10/env_old/lib/python3.12/site-packages/gymnasium/utils/passive_env_checker.py:129: UserWarning: [33mWARN: The obs returned by the `step()` method was expecting a numpy array, actual type: <class 'torch.Tensor'>[0m
  logger.warn(
/workspace/r10/env_old/lib/python3.12/site-packages/gymnasium/spaces/box.py:415: UserWarning: [33mWARN: Casting input x to numpy array.[0m
  gym.logger.warn("Casting input x to numpy array.")
/workspace/r10/env_old/lib/python3.12/site-packages/gymnasium/utils/passive_env_checker.py:129: UserWarning: [33mWARN: The obs returned by the `reset()` method was expecting a numpy array, actual type: <class 'torch.Tensor'>[0m
  logger.warn(
/workspace/r10/env_old/lib/python3.12/site-packages/gymnasium/spaces/box.py:415: UserWarning: [33mWARN: Casting input x to numpy array.[0m
  gym.logger.warn("Casting input x to numpy array.")
CEM solve time: 1.5802 seconds
/workspace/r10/env_old/lib/python3.12/site-packages/gymnasium/utils/passive_env_checker.py:129: UserWarning: [33mWARN: The obs returned by the `step()` method was expecting a numpy array, actual type: <class 'torch.Tensor'>[0m
  logger.warn(
/workspace/r10/env_old/lib/python3.12/site-packages/gymnasium/spaces/box.py:415: UserWarning: [33mWARN: Casting input x to numpy array.[0m
  gym.logger.warn("Casting input x to numpy array.")
{"completed": 47, "missing": 0, "case": "R8_tworoom_02263f4317267b20880e541d", "arm": "REFIT_103201", "stream": "R4_ALT_CEM_1", "mode": "H_REAL3_REPLAN"}
/workspace/r10/env_old/lib/python3.12/site-packages/gymnasium/utils/passive_env_checker.py:129: UserWarning: [33mWARN: The obs returned by the `reset()` method was expecting a numpy array, actual type: <class 'torch.Tensor'>[0m
  logger.warn(
/workspace/r10/env_old/lib/python3.12/site-packages/gymnasium/spaces/box.py:415: UserWarning: [33mWARN: Casting input x to numpy array.[0m
  gym.logger.warn("Casting input x to numpy array.")
CEM solve time: 1.5740 seconds
/workspace/r10/env_old/lib/python3.12/site-packages/gymnasium/utils/passive_env_checker.py:129: UserWarning: [33mWARN: The obs returned by the `step()` method was expecting a numpy array, actual type: <class 'torch.Tensor'>[0m
  logger.warn(
/workspace/r10/env_old/lib/python3.12/site-packages/gymnasium/spaces/box.py:415: UserWarning: [33mWARN: Casting input x to numpy array.[0m
  gym.logger.warn("Casting input x to numpy array.")
/workspace/r10/env_old/lib/python3.12/site-packages/gymnasium/utils/passive_env_checker.py:129: UserWarning: [33mWARN: The obs returned by the `reset()` method was expecting a numpy array, actual type: <class 'torch.Tensor'>[0m
  logger.warn(
/workspace/r10/env_old/lib/python3.12/site-packages/gymnasium/spaces/box.py:415: UserWarning: [33mWARN: Casting input x to numpy array.[0m
  gym.logger.warn("Casting input x to numpy array.")
CEM solve time: 1.5745 seconds
/workspace/r10/env_old/lib/python3.12/site-packages/gymnasium/utils/passive_env_checker.py:129: UserWarning: [33mWARN: The obs returned by the `step()` method was expecting a numpy array, actual type: <class 'torch.Tensor'>[0m
  logger.warn(
/workspace/r10/env_old/lib/python3.12/site-packages/gymnasium/spaces/box.py:415: UserWarning: [33mWARN: Casting input x to numpy array.[0m
  gym.logger.warn("Casting input x to numpy array.")
{"completed": 48, "missing": 0, "case": "R8_tworoom_02263f4317267b20880e541d", "arm": "REFIT_103201", "stream": "R4_ALT_CEM_2", "mode": "H_REAL3_REPLAN"}
/workspace/r10/env_old/lib/python3.12/site-packages/gymnasium/utils/passive_env_checker.py:129: UserWarning: [33mWARN: The obs returned by the `reset()` method was expecting a numpy array, actual type: <class 'torch.Tensor'>[0m
  logger.warn(
/workspace/r10/env_old/lib/python3.12/site-packages/gymnasium/spaces/box.py:415: UserWarning: [33mWARN: Casting input x to numpy array.[0m
  gym.logger.warn("Casting input x to numpy array.")
CEM solve time: 1.5735 seconds
/workspace/r10/env_old/lib/python3.12/site-packages/gymnasium/utils/passive_env_checker.py:129: UserWarning: [33mWARN: The obs returned by the `step()` method was expecting a numpy array, actual type: <class 'torch.Tensor'>[0m
  logger.warn(
/workspace/r10/env_old/lib/python3.12/site-packages/gymnasium/spaces/box.py:415: UserWarning: [33mWARN: Casting input x to numpy array.[0m
  gym.logger.warn("Casting input x to numpy array.")
/workspace/r10/env_old/lib/python3.12/site-packages/gymnasium/utils/passive_env_checker.py:129: UserWarning: [33mWARN: The obs returned by the `reset()` method was expecting a numpy array, actual type: <class 'torch.Tensor'>[0m
  logger.warn(
/workspace/r10/env_old/lib/python3.12/site-packages/gymnasium/spaces/box.py:415: UserWarning: [33mWARN: Casting input x to numpy array.[0m
  gym.logger.warn("Casting input x to numpy array.")
CEM solve time: 1.5795 seconds
/workspace/r10/env_old/lib/python3.12/site-packages/gymnasium/utils/passive_env_checker.py:129: UserWarning: [33mWARN: The obs returned by the `step()` method was expecting a numpy array, actual type: <class 'torch.Tensor'>[0m
  logger.warn(
/workspace/r10/env_old/lib/python3.12/site-packages/gymnasium/spaces/box.py:415: UserWarning: [33mWARN: Casting input x to numpy array.[0m
  gym.logger.warn("Casting input x to numpy array.")
{"completed": 49, "missing": 0, "case": "R8_tworoom_02c039936a6720d15d8b0f8b", "arm": "REFIT_103201", "stream": "R3_ORIGINAL", "mode": "H_REAL3_REPLAN"}
/workspace/r10/env_old/lib/python3.12/site-packages/gymnasium/utils/passive_env_checker.py:129: UserWarning: [33mWARN: The obs returned by the `reset()` method was expecting a numpy array, actual type: <class 'torch.Tensor'>[0m
  logger.warn(
/workspace/r10/env_old/lib/python3.12/site-packages/gymnasium/spaces/box.py:415: UserWarning: [33mWARN: Casting input x to numpy array.[0m
  gym.logger.warn("Casting input x to numpy array.")
CEM solve time: 1.5893 seconds
/workspace/r10/env_old/lib/python3.12/site-packages/gymnasium/utils/passive_env_checker.py:129: UserWarning: [33mWARN: The obs returned by the `step()` method was expecting a numpy array, actual type: <class 'torch.Tensor'>[0m
  logger.warn(
/workspace/r10/env_old/lib/python3.12/site-packages/gymnasium/spaces/box.py:415: UserWarning: [33mWARN: Casting input x to numpy array.[0m
  gym.logger.warn("Casting input x to numpy array.")
/workspace/r10/env_old/lib/python3.12/site-packages/gymnasium/utils/passive_env_checker.py:129: UserWarning: [33mWARN: The obs returned by the `reset()` method was expecting a numpy array, actual type: <class 'torch.Tensor'>[0m
  logger.warn(
/workspace/r10/env_old/lib/python3.12/site-packages/gymnasium/spaces/box.py:415: UserWarning: [33mWARN: Casting input x to numpy array.[0m
  gym.logger.warn("Casting input x to numpy array.")
CEM solve time: 1.5926 seconds
/workspace/r10/env_old/lib/python3.12/site-packages/gymnasium/utils/passive_env_checker.py:129: UserWarning: [33mWARN: The obs returned by the `step()` method was expecting a numpy array, actual type: <class 'torch.Tensor'>[0m
  logger.warn(
/workspace/r10/env_old/lib/python3.12/site-packages/gymnasium/spaces/box.py:415: UserWarning: [33mWARN: Casting input x to numpy array.[0m
  gym.logger.warn("Casting input x to numpy array.")
{"completed": 50, "missing": 0, "case": "R8_tworoom_02c039936a6720d15d8b0f8b", "arm": "REFIT_103201", "stream": "R4_ALT_CEM_1", "mode": "H_REAL3_REPLAN"}
/workspace/r10/env_old/lib/python3.12/site-packages/gymnasium/utils/passive_env_checker.py:129: UserWarning: [33mWARN: The obs returned by the `reset()` method was expecting a numpy array, actual type: <class 'torch.Tensor'>[0m
  logger.warn(
/workspace/r10/env_old/lib/python3.12/site-packages/gymnasium/spaces/box.py:415: UserWarning: [33mWARN: Casting input x to numpy array.[0m
  gym.logger.warn("Casting input x to numpy array.")
CEM solve time: 1.5790 seconds
/workspace/r10/env_old/lib/python3.12/site-packages/gymnasium/utils/passive_env_checker.py:129: UserWarning: [33mWARN: The obs returned by the `step()` method was expecting a numpy array, actual type: <class 'torch.Tensor'>[0m
  logger.warn(
/workspace/r10/env_old/lib/python3.12/site-packages/gymnasium/spaces/box.py:415: UserWarning: [33mWARN: Casting input x to numpy array.[0m
  gym.logger.warn("Casting input x to numpy array.")
/workspace/r10/env_old/lib/python3.12/site-packages/gymnasium/utils/passive_env_checker.py:129: UserWarning: [33mWARN: The obs returned by the `reset()` method was expecting a numpy array, actual type: <class 'torch.Tensor'>[0m
  logger.warn(
/workspace/r10/env_old/lib/python3.12/site-packages/gymnasium/spaces/box.py:415: UserWarning: [33mWARN: Casting input x to numpy array.[0m
  gym.logger.warn("Casting input x to numpy array.")
CEM solve time: 1.5755 seconds
/workspace/r10/env_old/lib/python3.12/site-packages/gymnasium/utils/passive_env_checker.py:129: UserWarning: [33mWARN: The obs returned by the `step()` method was expecting a numpy array, actual type: <class 'torch.Tensor'>[0m
  logger.warn(
/workspace/r10/env_old/lib/python3.12/site-packages/gymnasium/spaces/box.py:415: UserWarning: [33mWARN: Casting input x to numpy array.[0m
  gym.logger.warn("Casting input x to numpy array.")
{"completed": 51, "missing": 0, "case": "R8_tworoom_02c039936a6720d15d8b0f8b", "arm": "REFIT_103201", "stream": "R4_ALT_CEM_2", "mode": "H_REAL3_REPLAN"}
/workspace/r10/env_old/lib/python3.12/site-packages/gymnasium/utils/passive_env_checker.py:129: UserWarning: [33mWARN: The obs returned by the `reset()` method was expecting a numpy array, actual type: <class 'torch.Tensor'>[0m
  logger.warn(
/workspace/r10/env_old/lib/python3.12/site-packages/gymnasium/spaces/box.py:415: UserWarning: [33mWARN: Casting input x to numpy array.[0m
  gym.logger.warn("Casting input x to numpy array.")
CEM solve time: 1.5779 seconds
/workspace/r10/env_old/lib/python3.12/site-packages/gymnasium/utils/passive_env_checker.py:129: UserWarning: [33mWARN: The obs returned by the `step()` method was expecting a numpy array, actual type: <class 'torch.Tensor'>[0m
  logger.warn(
/workspace/r10/env_old/lib/python3.12/site-packages/gymnasium/spaces/box.py:415: UserWarning: [33mWARN: Casting input x to numpy array.[0m
  gym.logger.warn("Casting input x to numpy array.")
/workspace/r10/env_old/lib/python3.12/site-packages/gymnasium/utils/passive_env_checker.py:129: UserWarning: [33mWARN: The obs returned by the `reset()` method was expecting a numpy array, actual type: <class 'torch.Tensor'>[0m
  logger.warn(
/workspace/r10/env_old/lib/python3.12/site-packages/gymnasium/spaces/box.py:415: UserWarning: [33mWARN: Casting input x to numpy array.[0m
  gym.logger.warn("Casting input x to numpy array.")
CEM solve time: 1.5785 seconds
/workspace/r10/env_old/lib/python3.12/site-packages/gymnasium/utils/passive_env_checker.py:129: UserWarning: [33mWARN: The obs returned by the `step()` method was expecting a numpy array, actual type: <class 'torch.Tensor'>[0m
  logger.warn(
/workspace/r10/env_old/lib/python3.12/site-packages/gymnasium/spaces/box.py:415: UserWarning: [33mWARN: Casting input x to numpy array.[0m
  gym.logger.warn("Casting input x to numpy array.")
{"completed": 52, "missing": 0, "case": "R8_tworoom_03482cb62a11aa50b0b8bb2a", "arm": "REFIT_103201", "stream": "R3_ORIGINAL", "mode": "H_REAL3_REPLAN"}
/workspace/r10/env_old/lib/python3.12/site-packages/gymnasium/utils/passive_env_checker.py:129: UserWarning: [33mWARN: The obs returned by the `reset()` method was expecting a numpy array, actual type: <class 'torch.Tensor'>[0m
  logger.warn(
/workspace/r10/env_old/lib/python3.12/site-packages/gymnasium/spaces/box.py:415: UserWarning: [33mWARN: Casting input x to numpy array.[0m
  gym.logger.warn("Casting input x to numpy array.")
CEM solve time: 1.5756 seconds
/workspace/r10/env_old/lib/python3.12/site-packages/gymnasium/utils/passive_env_checker.py:129: UserWarning: [33mWARN: The obs returned by the `step()` method was expecting a numpy array, actual type: <class 'torch.Tensor'>[0m
  logger.warn(
/workspace/r10/env_old/lib/python3.12/site-packages/gymnasium/spaces/box.py:415: UserWarning: [33mWARN: Casting input x to numpy array.[0m
  gym.logger.warn("Casting input x to numpy array.")
/workspace/r10/env_old/lib/python3.12/site-packages/gymnasium/utils/passive_env_checker.py:129: UserWarning: [33mWARN: The obs returned by the `reset()` method was expecting a numpy array, actual type: <class 'torch.Tensor'>[0m
  logger.warn(
/workspace/r10/env_old/lib/python3.12/site-packages/gymnasium/spaces/box.py:415: UserWarning: [33mWARN: Casting input x to numpy array.[0m
  gym.logger.warn("Casting input x to numpy array.")
CEM solve time: 1.5773 seconds
/workspace/r10/env_old/lib/python3.12/site-packages/gymnasium/utils/passive_env_checker.py:129: UserWarning: [33mWARN: The obs returned by the `step()` method was expecting a numpy array, actual type: <class 'torch.Tensor'>[0m
  logger.warn(
/workspace/r10/env_old/lib/python3.12/site-packages/gymnasium/spaces/box.py:415: UserWarning: [33mWARN: Casting input x to numpy array.[0m
  gym.logger.warn("Casting input x to numpy array.")
{"completed": 53, "missing": 0, "case": "R8_tworoom_03482cb62a11aa50b0b8bb2a", "arm": "REFIT_103201", "stream": "R4_ALT_CEM_1", "mode": "H_REAL3_REPLAN"}
/workspace/r10/env_old/lib/python3.12/site-packages/gymnasium/utils/passive_env_checker.py:129: UserWarning: [33mWARN: The obs returned by the `reset()` method was expecting a numpy array, actual type: <class 'torch.Tensor'>[0m
  logger.warn(
/workspace/r10/env_old/lib/python3.12/site-packages/gymnasium/spaces/box.py:415: UserWarning: [33mWARN: Casting input x to numpy array.[0m
  gym.logger.warn("Casting input x to numpy array.")
CEM solve time: 1.5809 seconds
/workspace/r10/env_old/lib/python3.12/site-packages/gymnasium/utils/passive_env_checker.py:129: UserWarning: [33mWARN: The obs returned by the `step()` method was expecting a numpy array, actual type: <class 'torch.Tensor'>[0m
  logger.warn(
/workspace/r10/env_old/lib/python3.12/site-packages/gymnasium/spaces/box.py:415: UserWarning: [33mWARN: Casting input x to numpy array.[0m
  gym.logger.warn("Casting input x to numpy array.")
/workspace/r10/env_old/lib/python3.12/site-packages/gymnasium/utils/passive_env_checker.py:129: UserWarning: [33mWARN: The obs returned by the `reset()` method was expecting a numpy array, actual type: <class 'torch.Tensor'>[0m
  logger.warn(
/workspace/r10/env_old/lib/python3.12/site-packages/gymnasium/spaces/box.py:415: UserWarning: [33mWARN: Casting input x to numpy array.[0m
  gym.logger.warn("Casting input x to numpy array.")
CEM solve time: 1.5876 seconds
/workspace/r10/env_old/lib/python3.12/site-packages/gymnasium/utils/passive_env_checker.py:129: UserWarning: [33mWARN: The obs returned by the `step()` method was expecting a numpy array, actual type: <class 'torch.Tensor'>[0m
  logger.warn(
/workspace/r10/env_old/lib/python3.12/site-packages/gymnasium/spaces/box.py:415: UserWarning: [33mWARN: Casting input x to numpy array.[0m
  gym.logger.warn("Casting input x to numpy array.")
{"completed": 54, "missing": 0, "case": "R8_tworoom_03482cb62a11aa50b0b8bb2a", "arm": "REFIT_103201", "stream": "R4_ALT_CEM_2", "mode": "H_REAL3_REPLAN"}
/workspace/r10/env_old/lib/python3.12/site-packages/gymnasium/utils/passive_env_checker.py:129: UserWarning: [33mWARN: The obs returned by the `reset()` method was expecting a numpy array, actual type: <class 'torch.Tensor'>[0m
  logger.warn(
/workspace/r10/env_old/lib/python3.12/site-packages/gymnasium/spaces/box.py:415: UserWarning: [33mWARN: Casting input x to numpy array.[0m
  gym.logger.warn("Casting input x to numpy array.")
CEM solve time: 1.5794 seconds
/workspace/r10/env_old/lib/python3.12/site-packages/gymnasium/utils/passive_env_checker.py:129: UserWarning: [33mWARN: The obs returned by the `step()` method was expecting a numpy array, actual type: <class 'torch.Tensor'>[0m
  logger.warn(
/workspace/r10/env_old/lib/python3.12/site-packages/gymnasium/spaces/box.py:415: UserWarning: [33mWARN: Casting input x to numpy array.[0m
  gym.logger.warn("Casting input x to numpy array.")
CEM solve time: 1.5785 seconds
/workspace/r10/env_old/lib/python3.12/site-packages/gymnasium/utils/passive_env_checker.py:129: UserWarning: [33mWARN: The obs returned by the `reset()` method was expecting a numpy array, actual type: <class 'torch.Tensor'>[0m
  logger.warn(
/workspace/r10/env_old/lib/python3.12/site-packages/gymnasium/spaces/box.py:415: UserWarning: [33mWARN: Casting input x to numpy array.[0m
  gym.logger.warn("Casting input x to numpy array.")
CEM solve time: 1.5935 seconds
/workspace/r10/env_old/lib/python3.12/site-packages/gymnasium/utils/passive_env_checker.py:129: UserWarning: [33mWARN: The obs returned by the `step()` method was expecting a numpy array, actual type: <class 'torch.Tensor'>[0m
  logger.warn(
/workspace/r10/env_old/lib/python3.12/site-packages/gymnasium/spaces/box.py:415: UserWarning: [33mWARN: Casting input x to numpy array.[0m
  gym.logger.warn("Casting input x to numpy array.")
CEM solve time: 1.5938 seconds
{"completed": 55, "missing": 0, "case": "R8_tworoom_03efebeb192558a8fc438a3b", "arm": "REFIT_103201", "stream": "R3_ORIGINAL", "mode": "H_REAL3_REPLAN"}
/workspace/r10/env_old/lib/python3.12/site-packages/gymnasium/utils/passive_env_checker.py:129: UserWarning: [33mWARN: The obs returned by the `reset()` method was expecting a numpy array, actual type: <class 'torch.Tensor'>[0m
  logger.warn(
/workspace/r10/env_old/lib/python3.12/site-packages/gymnasium/spaces/box.py:415: UserWarning: [33mWARN: Casting input x to numpy array.[0m
  gym.logger.warn("Casting input x to numpy array.")
CEM solve time: 1.5778 seconds
/workspace/r10/env_old/lib/python3.12/site-packages/gymnasium/utils/passive_env_checker.py:129: UserWarning: [33mWARN: The obs returned by the `step()` method was expecting a numpy array, actual type: <class 'torch.Tensor'>[0m
  logger.warn(
/workspace/r10/env_old/lib/python3.12/site-packages/gymnasium/spaces/box.py:415: UserWarning: [33mWARN: Casting input x to numpy array.[0m
  gym.logger.warn("Casting input x to numpy array.")
/workspace/r10/env_old/lib/python3.12/site-packages/gymnasium/utils/passive_env_checker.py:129: UserWarning: [33mWARN: The obs returned by the `reset()` method was expecting a numpy array, actual type: <class 'torch.Tensor'>[0m
  logger.warn(
/workspace/r10/env_old/lib/python3.12/site-packages/gymnasium/spaces/box.py:415: UserWarning: [33mWARN: Casting input x to numpy array.[0m
  gym.logger.warn("Casting input x to numpy array.")
CEM solve time: 1.5783 seconds
/workspace/r10/env_old/lib/python3.12/site-packages/gymnasium/utils/passive_env_checker.py:129: UserWarning: [33mWARN: The obs returned by the `step()` method was expecting a numpy array, actual type: <class 'torch.Tensor'>[0m
  logger.warn(
/workspace/r10/env_old/lib/python3.12/site-packages/gymnasium/spaces/box.py:415: UserWarning: [33mWARN: Casting input x to numpy array.[0m
  gym.logger.warn("Casting input x to numpy array.")
{"completed": 56, "missing": 0, "case": "R8_tworoom_03efebeb192558a8fc438a3b", "arm": "REFIT_103201", "stream": "R4_ALT_CEM_1", "mode": "H_REAL3_REPLAN"}
/workspace/r10/env_old/lib/python3.12/site-packages/gymnasium/utils/passive_env_checker.py:129: UserWarning: [33mWARN: The obs returned by the `reset()` method was expecting a numpy array, actual type: <class 'torch.Tensor'>[0m
  logger.warn(
/workspace/r10/env_old/lib/python3.12/site-packages/gymnasium/spaces/box.py:415: UserWarning: [33mWARN: Casting input x to numpy array.[0m
  gym.logger.warn("Casting input x to numpy array.")
CEM solve time: 1.5671 seconds
/workspace/r10/env_old/lib/python3.12/site-packages/gymnasium/utils/passive_env_checker.py:129: UserWarning: [33mWARN: The obs returned by the `step()` method was expecting a numpy array, actual type: <class 'torch.Tensor'>[0m
  logger.warn(
/workspace/r10/env_old/lib/python3.12/site-packages/gymnasium/spaces/box.py:415: UserWarning: [33mWARN: Casting input x to numpy array.[0m
  gym.logger.warn("Casting input x to numpy array.")
CEM solve time: 1.5814 seconds
/workspace/r10/env_old/lib/python3.12/site-packages/gymnasium/utils/passive_env_checker.py:129: UserWarning: [33mWARN: The obs returned by the `reset()` method was expecting a numpy array, actual type: <class 'torch.Tensor'>[0m
  logger.warn(
/workspace/r10/env_old/lib/python3.12/site-packages/gymnasium/spaces/box.py:415: UserWarning: [33mWARN: Casting input x to numpy array.[0m
  gym.logger.warn("Casting input x to numpy array.")
CEM solve time: 1.5730 seconds
/workspace/r10/env_old/lib/python3.12/site-packages/gymnasium/utils/passive_env_checker.py:129: UserWarning: [33mWARN: The obs returned by the `step()` method was expecting a numpy array, actual type: <class 'torch.Tensor'>[0m
  logger.warn(
/workspace/r10/env_old/lib/python3.12/site-packages/gymnasium/spaces/box.py:415: UserWarning: [33mWARN: Casting input x to numpy array.[0m
  gym.logger.warn("Casting input x to numpy array.")
CEM solve time: 1.6130 seconds
{"completed": 57, "missing": 0, "case": "R8_tworoom_03efebeb192558a8fc438a3b", "arm": "REFIT_103201", "stream": "R4_ALT_CEM_2", "mode": "H_REAL3_REPLAN"}
/workspace/r10/env_old/lib/python3.12/site-packages/gymnasium/utils/passive_env_checker.py:129: UserWarning: [33mWARN: The obs returned by the `reset()` method was expecting a numpy array, actual type: <class 'torch.Tensor'>[0m
  logger.warn(
/workspace/r10/env_old/lib/python3.12/site-packages/gymnasium/spaces/box.py:415: UserWarning: [33mWARN: Casting input x to numpy array.[0m
  gym.logger.warn("Casting input x to numpy array.")
CEM solve time: 1.6171 seconds
/workspace/r10/env_old/lib/python3.12/site-packages/gymnasium/utils/passive_env_checker.py:129: UserWarning: [33mWARN: The obs returned by the `step()` method was expecting a numpy array, actual type: <class 'torch.Tensor'>[0m
  logger.warn(
/workspace/r10/env_old/lib/python3.12/site-packages/gymnasium/spaces/box.py:415: UserWarning: [33mWARN: Casting input x to numpy array.[0m
  gym.logger.warn("Casting input x to numpy array.")
CEM solve time: 1.5798 seconds
/workspace/r10/env_old/lib/python3.12/site-packages/gymnasium/utils/passive_env_checker.py:129: UserWarning: [33mWARN: The obs returned by the `reset()` method was expecting a numpy array, actual type: <class 'torch.Tensor'>[0m
  logger.warn(
/workspace/r10/env_old/lib/python3.12/site-packages/gymnasium/spaces/box.py:415: UserWarning: [33mWARN: Casting input x to numpy array.[0m
  gym.logger.warn("Casting input x to numpy array.")
CEM solve time: 1.5736 seconds
/workspace/r10/env_old/lib/python3.12/site-packages/gymnasium/utils/passive_env_checker.py:129: UserWarning: [33mWARN: The obs returned by the `step()` method was expecting a numpy array, actual type: <class 'torch.Tensor'>[0m
  logger.warn(
/workspace/r10/env_old/lib/python3.12/site-packages/gymnasium/spaces/box.py:415: UserWarning: [33mWARN: Casting input x to numpy array.[0m
  gym.logger.warn("Casting input x to numpy array.")
CEM solve time: 1.5963 seconds
{"completed": 58, "missing": 0, "case": "R8_tworoom_04c09f873c34ac20e9f83a16", "arm": "REFIT_103201", "stream": "R3_ORIGINAL", "mode": "H_REAL3_REPLAN"}
/workspace/r10/env_old/lib/python3.12/site-packages/gymnasium/utils/passive_env_checker.py:129: UserWarning: [33mWARN: The obs returned by the `reset()` method was expecting a numpy array, actual type: <class 'torch.Tensor'>[0m
  logger.warn(
/workspace/r10/env_old/lib/python3.12/site-packages/gymnasium/spaces/box.py:415: UserWarning: [33mWARN: Casting input x to numpy array.[0m
  gym.logger.warn("Casting input x to numpy array.")
CEM solve time: 1.5831 seconds
/workspace/r10/env_old/lib/python3.12/site-packages/gymnasium/utils/passive_env_checker.py:129: UserWarning: [33mWARN: The obs returned by the `step()` method was expecting a numpy array, actual type: <class 'torch.Tensor'>[0m
  logger.warn(
/workspace/r10/env_old/lib/python3.12/site-packages/gymnasium/spaces/box.py:415: UserWarning: [33mWARN: Casting input x to numpy array.[0m
  gym.logger.warn("Casting input x to numpy array.")
CEM solve time: 1.5746 seconds
/workspace/r10/env_old/lib/python3.12/site-packages/gymnasium/utils/passive_env_checker.py:129: UserWarning: [33mWARN: The obs returned by the `reset()` method was expecting a numpy array, actual type: <class 'torch.Tensor'>[0m
  logger.warn(
/workspace/r10/env_old/lib/python3.12/site-packages/gymnasium/spaces/box.py:415: UserWarning: [33mWARN: Casting input x to numpy array.[0m
  gym.logger.warn("Casting input x to numpy array.")
CEM solve time: 1.5894 seconds
/workspace/r10/env_old/lib/python3.12/site-packages/gymnasium/utils/passive_env_checker.py:129: UserWarning: [33mWARN: The obs returned by the `step()` method was expecting a numpy array, actual type: <class 'torch.Tensor'>[0m
  logger.warn(
/workspace/r10/env_old/lib/python3.12/site-packages/gymnasium/spaces/box.py:415: UserWarning: [33mWARN: Casting input x to numpy array.[0m
  gym.logger.warn("Casting input x to numpy array.")
CEM solve time: 1.6245 seconds
{"completed": 59, "missing": 0, "case": "R8_tworoom_04c09f873c34ac20e9f83a16", "arm": "REFIT_103201", "stream": "R4_ALT_CEM_1", "mode": "H_REAL3_REPLAN"}
/workspace/r10/env_old/lib/python3.12/site-packages/gymnasium/utils/passive_env_checker.py:129: UserWarning: [33mWARN: The obs returned by the `reset()` method was expecting a numpy array, actual type: <class 'torch.Tensor'>[0m
  logger.warn(
/workspace/r10/env_old/lib/python3.12/site-packages/gymnasium/spaces/box.py:415: UserWarning: [33mWARN: Casting input x to numpy array.[0m
  gym.logger.warn("Casting input x to numpy array.")
CEM solve time: 1.5674 seconds
/workspace/r10/env_old/lib/python3.12/site-packages/gymnasium/utils/passive_env_checker.py:129: UserWarning: [33mWARN: The obs returned by the `step()` method was expecting a numpy array, actual type: <class 'torch.Tensor'>[0m
  logger.warn(
/workspace/r10/env_old/lib/python3.12/site-packages/gymnasium/spaces/box.py:415: UserWarning: [33mWARN: Casting input x to numpy array.[0m
  gym.logger.warn("Casting input x to numpy array.")
CEM solve time: 1.5848 seconds
/workspace/r10/env_old/lib/python3.12/site-packages/gymnasium/utils/passive_env_checker.py:129: UserWarning: [33mWARN: The obs returned by the `reset()` method was expecting a numpy array, actual type: <class 'torch.Tensor'>[0m
  logger.warn(
/workspace/r10/env_old/lib/python3.12/site-packages/gymnasium/spaces/box.py:415: UserWarning: [33mWARN: Casting input x to numpy array.[0m
  gym.logger.warn("Casting input x to numpy array.")
CEM solve time: 1.5819 seconds
/workspace/r10/env_old/lib/python3.12/site-packages/gymnasium/utils/passive_env_checker.py:129: UserWarning: [33mWARN: The obs returned by the `step()` method was expecting a numpy array, actual type: <class 'torch.Tensor'>[0m
  logger.warn(
/workspace/r10/env_old/lib/python3.12/site-packages/gymnasium/spaces/box.py:415: UserWarning: [33mWARN: Casting input x to numpy array.[0m
  gym.logger.warn("Casting input x to numpy array.")
CEM solve time: 1.5899 seconds
{"completed": 60, "missing": 0, "case": "R8_tworoom_04c09f873c34ac20e9f83a16", "arm": "REFIT_103201", "stream": "R4_ALT_CEM_2", "mode": "H_REAL3_REPLAN"}
/workspace/r10/env_old/lib/python3.12/site-packages/gymnasium/utils/passive_env_checker.py:129: UserWarning: [33mWARN: The obs returned by the `reset()` method was expecting a numpy array, actual type: <class 'torch.Tensor'>[0m
  logger.warn(
/workspace/r10/env_old/lib/python3.12/site-packages/gymnasium/spaces/box.py:415: UserWarning: [33mWARN: Casting input x to numpy array.[0m
  gym.logger.warn("Casting input x to numpy array.")
CEM solve time: 1.5744 seconds
/workspace/r10/env_old/lib/python3.12/site-packages/gymnasium/utils/passive_env_checker.py:129: UserWarning: [33mWARN: The obs returned by the `step()` method was expecting a numpy array, actual type: <class 'torch.Tensor'>[0m
  logger.warn(
/workspace/r10/env_old/lib/python3.12/site-packages/gymnasium/spaces/box.py:415: UserWarning: [33mWARN: Casting input x to numpy array.[0m
  gym.logger.warn("Casting input x to numpy array.")
/workspace/r10/env_old/lib/python3.12/site-packages/gymnasium/utils/passive_env_checker.py:129: UserWarning: [33mWARN: The obs returned by the `reset()` method was expecting a numpy array, actual type: <class 'torch.Tensor'>[0m
  logger.warn(
/workspace/r10/env_old/lib/python3.12/site-packages/gymnasium/spaces/box.py:415: UserWarning: [33mWARN: Casting input x to numpy array.[0m
  gym.logger.warn("Casting input x to numpy array.")
CEM solve time: 1.5857 seconds
/workspace/r10/env_old/lib/python3.12/site-packages/gymnasium/utils/passive_env_checker.py:129: UserWarning: [33mWARN: The obs returned by the `step()` method was expecting a numpy array, actual type: <class 'torch.Tensor'>[0m
  logger.warn(
/workspace/r10/env_old/lib/python3.12/site-packages/gymnasium/spaces/box.py:415: UserWarning: [33mWARN: Casting input x to numpy array.[0m
  gym.logger.warn("Casting input x to numpy array.")
{"completed": 61, "missing": 0, "case": "R8_tworoom_0540b17b3765202545c99668", "arm": "REFIT_103201", "stream": "R3_ORIGINAL", "mode": "H_REAL3_REPLAN"}
/workspace/r10/env_old/lib/python3.12/site-packages/gymnasium/utils/passive_env_checker.py:129: UserWarning: [33mWARN: The obs returned by the `reset()` method was expecting a numpy array, actual type: <class 'torch.Tensor'>[0m
  logger.warn(
/workspace/r10/env_old/lib/python3.12/site-packages/gymnasium/spaces/box.py:415: UserWarning: [33mWARN: Casting input x to numpy array.[0m
  gym.logger.warn("Casting input x to numpy array.")
CEM solve time: 1.5836 seconds
/workspace/r10/env_old/lib/python3.12/site-packages/gymnasium/utils/passive_env_checker.py:129: UserWarning: [33mWARN: The obs returned by the `step()` method was expecting a numpy array, actual type: <class 'torch.Tensor'>[0m
  logger.warn(
/workspace/r10/env_old/lib/python3.12/site-packages/gymnasium/spaces/box.py:415: UserWarning: [33mWARN: Casting input x to numpy array.[0m
  gym.logger.warn("Casting input x to numpy array.")
/workspace/r10/env_old/lib/python3.12/site-packages/gymnasium/utils/passive_env_checker.py:129: UserWarning: [33mWARN: The obs returned by the `reset()` method was expecting a numpy array, actual type: <class 'torch.Tensor'>[0m
  logger.warn(
/workspace/r10/env_old/lib/python3.12/site-packages/gymnasium/spaces/box.py:415: UserWarning: [33mWARN: Casting input x to numpy array.[0m
  gym.logger.warn("Casting input x to numpy array.")
CEM solve time: 1.5802 seconds
/workspace/r10/env_old/lib/python3.12/site-packages/gymnasium/utils/passive_env_checker.py:129: UserWarning: [33mWARN: The obs returned by the `step()` method was expecting a numpy array, actual type: <class 'torch.Tensor'>[0m
  logger.warn(
/workspace/r10/env_old/lib/python3.12/site-packages/gymnasium/spaces/box.py:415: UserWarning: [33mWARN: Casting input x to numpy array.[0m
  gym.logger.warn("Casting input x to numpy array.")
{"completed": 62, "missing": 0, "case": "R8_tworoom_0540b17b3765202545c99668", "arm": "REFIT_103201", "stream": "R4_ALT_CEM_1", "mode": "H_REAL3_REPLAN"}
/workspace/r10/env_old/lib/python3.12/site-packages/gymnasium/utils/passive_env_checker.py:129: UserWarning: [33mWARN: The obs returned by the `reset()` method was expecting a numpy array, actual type: <class 'torch.Tensor'>[0m
  logger.warn(
/workspace/r10/env_old/lib/python3.12/site-packages/gymnasium/spaces/box.py:415: UserWarning: [33mWARN: Casting input x to numpy array.[0m
  gym.logger.warn("Casting input x to numpy array.")
CEM solve time: 1.5832 seconds
/workspace/r10/env_old/lib/python3.12/site-packages/gymnasium/utils/passive_env_checker.py:129: UserWarning: [33mWARN: The obs returned by the `step()` method was expecting a numpy array, actual type: <class 'torch.Tensor'>[0m
  logger.warn(
/workspace/r10/env_old/lib/python3.12/site-packages/gymnasium/spaces/box.py:415: UserWarning: [33mWARN: Casting input x to numpy array.[0m
  gym.logger.warn("Casting input x to numpy array.")
CEM solve time: 1.5795 seconds
/workspace/r10/env_old/lib/python3.12/site-packages/gymnasium/utils/passive_env_checker.py:129: UserWarning: [33mWARN: The obs returned by the `reset()` method was expecting a numpy array, actual type: <class 'torch.Tensor'>[0m
  logger.warn(
/workspace/r10/env_old/lib/python3.12/site-packages/gymnasium/spaces/box.py:415: UserWarning: [33mWARN: Casting input x to numpy array.[0m
  gym.logger.warn("Casting input x to numpy array.")
CEM solve time: 1.5811 seconds
/workspace/r10/env_old/lib/python3.12/site-packages/gymnasium/utils/passive_env_checker.py:129: UserWarning: [33mWARN: The obs returned by the `step()` method was expecting a numpy array, actual type: <class 'torch.Tensor'>[0m
  logger.warn(
/workspace/r10/env_old/lib/python3.12/site-packages/gymnasium/spaces/box.py:415: UserWarning: [33mWARN: Casting input x to numpy array.[0m
  gym.logger.warn("Casting input x to numpy array.")
CEM solve time: 1.5880 seconds
{"completed": 63, "missing": 0, "case": "R8_tworoom_0540b17b3765202545c99668", "arm": "REFIT_103201", "stream": "R4_ALT_CEM_2", "mode": "H_REAL3_REPLAN"}
/workspace/r10/env_old/lib/python3.12/site-packages/gymnasium/utils/passive_env_checker.py:129: UserWarning: [33mWARN: The obs returned by the `reset()` method was expecting a numpy array, actual type: <class 'torch.Tensor'>[0m
  logger.warn(
/workspace/r10/env_old/lib/python3.12/site-packages/gymnasium/spaces/box.py:415: UserWarning: [33mWARN: Casting input x to numpy array.[0m
  gym.logger.warn("Casting input x to numpy array.")
CEM solve time: 1.5760 seconds
/workspace/r10/env_old/lib/python3.12/site-packages/gymnasium/utils/passive_env_checker.py:129: UserWarning: [33mWARN: The obs returned by the `step()` method was expecting a numpy array, actual type: <class 'torch.Tensor'>[0m
  logger.warn(
/workspace/r10/env_old/lib/python3.12/site-packages/gymnasium/spaces/box.py:415: UserWarning: [33mWARN: Casting input x to numpy array.[0m
  gym.logger.warn("Casting input x to numpy array.")
/workspace/r10/env_old/lib/python3.12/site-packages/gymnasium/utils/passive_env_checker.py:129: UserWarning: [33mWARN: The obs returned by the `reset()` method was expecting a numpy array, actual type: <class 'torch.Tensor'>[0m
  logger.warn(
/workspace/r10/env_old/lib/python3.12/site-packages/gymnasium/spaces/box.py:415: UserWarning: [33mWARN: Casting input x to numpy array.[0m
  gym.logger.warn("Casting input x to numpy array.")
CEM solve time: 1.5749 seconds
/workspace/r10/env_old/lib/python3.12/site-packages/gymnasium/utils/passive_env_checker.py:129: UserWarning: [33mWARN: The obs returned by the `step()` method was expecting a numpy array, actual type: <class 'torch.Tensor'>[0m
  logger.warn(
/workspace/r10/env_old/lib/python3.12/site-packages/gymnasium/spaces/box.py:415: UserWarning: [33mWARN: Casting input x to numpy array.[0m
  gym.logger.warn("Casting input x to numpy array.")
{"completed": 64, "missing": 0, "case": "R8_tworoom_05ad61ff4222ae196d426a43", "arm": "REFIT_103201", "stream": "R3_ORIGINAL", "mode": "H_REAL3_REPLAN"}
/workspace/r10/env_old/lib/python3.12/site-packages/gymnasium/utils/passive_env_checker.py:129: UserWarning: [33mWARN: The obs returned by the `reset()` method was expecting a numpy array, actual type: <class 'torch.Tensor'>[0m
  logger.warn(
/workspace/r10/env_old/lib/python3.12/site-packages/gymnasium/spaces/box.py:415: UserWarning: [33mWARN: Casting input x to numpy array.[0m
  gym.logger.warn("Casting input x to numpy array.")
CEM solve time: 1.5866 seconds
/workspace/r10/env_old/lib/python3.12/site-packages/gymnasium/utils/passive_env_checker.py:129: UserWarning: [33mWARN: The obs returned by the `step()` method was expecting a numpy array, actual type: <class 'torch.Tensor'>[0m
  logger.warn(
/workspace/r10/env_old/lib/python3.12/site-packages/gymnasium/spaces/box.py:415: UserWarning: [33mWARN: Casting input x to numpy array.[0m
  gym.logger.warn("Casting input x to numpy array.")
/workspace/r10/env_old/lib/python3.12/site-packages/gymnasium/utils/passive_env_checker.py:129: UserWarning: [33mWARN: The obs returned by the `reset()` method was expecting a numpy array, actual type: <class 'torch.Tensor'>[0m
  logger.warn(
/workspace/r10/env_old/lib/python3.12/site-packages/gymnasium/spaces/box.py:415: UserWarning: [33mWARN: Casting input x to numpy array.[0m
  gym.logger.warn("Casting input x to numpy array.")
CEM solve time: 1.5780 seconds
/workspace/r10/env_old/lib/python3.12/site-packages/gymnasium/utils/passive_env_checker.py:129: UserWarning: [33mWARN: The obs returned by the `step()` method was expecting a numpy array, actual type: <class 'torch.Tensor'>[0m
  logger.warn(
/workspace/r10/env_old/lib/python3.12/site-packages/gymnasium/spaces/box.py:415: UserWarning: [33mWARN: Casting input x to numpy array.[0m
  gym.logger.warn("Casting input x to numpy array.")
{"completed": 65, "missing": 0, "case": "R8_tworoom_05ad61ff4222ae196d426a43", "arm": "REFIT_103201", "stream": "R4_ALT_CEM_1", "mode": "H_REAL3_REPLAN"}
/workspace/r10/env_old/lib/python3.12/site-packages/gymnasium/utils/passive_env_checker.py:129: UserWarning: [33mWARN: The obs returned by the `reset()` method was expecting a numpy array, actual type: <class 'torch.Tensor'>[0m
  logger.warn(
/workspace/r10/env_old/lib/python3.12/site-packages/gymnasium/spaces/box.py:415: UserWarning: [33mWARN: Casting input x to numpy array.[0m
  gym.logger.warn("Casting input x to numpy array.")
CEM solve time: 1.5785 seconds
/workspace/r10/env_old/lib/python3.12/site-packages/gymnasium/utils/passive_env_checker.py:129: UserWarning: [33mWARN: The obs returned by the `step()` method was expecting a numpy array, actual type: <class 'torch.Tensor'>[0m
  logger.warn(
/workspace/r10/env_old/lib/python3.12/site-packages/gymnasium/spaces/box.py:415: UserWarning: [33mWARN: Casting input x to numpy array.[0m
  gym.logger.warn("Casting input x to numpy array.")
/workspace/r10/env_old/lib/python3.12/site-packages/gymnasium/utils/passive_env_checker.py:129: UserWarning: [33mWARN: The obs returned by the `reset()` method was expecting a numpy array, actual type: <class 'torch.Tensor'>[0m
  logger.warn(
/workspace/r10/env_old/lib/python3.12/site-packages/gymnasium/spaces/box.py:415: UserWarning: [33mWARN: Casting input x to numpy array.[0m
  gym.logger.warn("Casting input x to numpy array.")
CEM solve time: 1.5773 seconds
/workspace/r10/env_old/lib/python3.12/site-packages/gymnasium/utils/passive_env_checker.py:129: UserWarning: [33mWARN: The obs returned by the `step()` method was expecting a numpy array, actual type: <class 'torch.Tensor'>[0m
  logger.warn(
/workspace/r10/env_old/lib/python3.12/site-packages/gymnasium/spaces/box.py:415: UserWarning: [33mWARN: Casting input x to numpy array.[0m
  gym.logger.warn("Casting input x to numpy array.")
{"completed": 66, "missing": 0, "case": "R8_tworoom_05ad61ff4222ae196d426a43", "arm": "REFIT_103201", "stream": "R4_ALT_CEM_2", "mode": "H_REAL3_REPLAN"}
/workspace/r10/env_old/lib/python3.12/site-packages/gymnasium/utils/passive_env_checker.py:129: UserWarning: [33mWARN: The obs returned by the `reset()` method was expecting a numpy array, actual type: <class 'torch.Tensor'>[0m
  logger.warn(
/workspace/r10/env_old/lib/python3.12/site-packages/gymnasium/spaces/box.py:415: UserWarning: [33mWARN: Casting input x to numpy array.[0m
  gym.logger.warn("Casting input x to numpy array.")
CEM solve time: 1.5809 seconds
/workspace/r10/env_old/lib/python3.12/site-packages/gymnasium/utils/passive_env_checker.py:129: UserWarning: [33mWARN: The obs returned by the `step()` method was expecting a numpy array, actual type: <class 'torch.Tensor'>[0m
  logger.warn(
/workspace/r10/env_old/lib/python3.12/site-packages/gymnasium/spaces/box.py:415: UserWarning: [33mWARN: Casting input x to numpy array.[0m
  gym.logger.warn("Casting input x to numpy array.")
/workspace/r10/env_old/lib/python3.12/site-packages/gymnasium/utils/passive_env_checker.py:129: UserWarning: [33mWARN: The obs returned by the `reset()` method was expecting a numpy array, actual type: <class 'torch.Tensor'>[0m
  logger.warn(
/workspace/r10/env_old/lib/python3.12/site-packages/gymnasium/spaces/box.py:415: UserWarning: [33mWARN: Casting input x to numpy array.[0m
  gym.logger.warn("Casting input x to numpy array.")
CEM solve time: 1.5800 seconds
/workspace/r10/env_old/lib/python3.12/site-packages/gymnasium/utils/passive_env_checker.py:129: UserWarning: [33mWARN: The obs returned by the `step()` method was expecting a numpy array, actual type: <class 'torch.Tensor'>[0m
  logger.warn(
/workspace/r10/env_old/lib/python3.12/site-packages/gymnasium/spaces/box.py:415: UserWarning: [33mWARN: Casting input x to numpy array.[0m
  gym.logger.warn("Casting input x to numpy array.")
{"completed": 67, "missing": 0, "case": "R8_tworoom_06e9f3b311a1a95f40a9ceee", "arm": "REFIT_103201", "stream": "R3_ORIGINAL", "mode": "H_REAL3_REPLAN"}
/workspace/r10/env_old/lib/python3.12/site-packages/gymnasium/utils/passive_env_checker.py:129: UserWarning: [33mWARN: The obs returned by the `reset()` method was expecting a numpy array, actual type: <class 'torch.Tensor'>[0m
  logger.warn(
/workspace/r10/env_old/lib/python3.12/site-packages/gymnasium/spaces/box.py:415: UserWarning: [33mWARN: Casting input x to numpy array.[0m
  gym.logger.warn("Casting input x to numpy array.")
CEM solve time: 1.5755 seconds
/workspace/r10/env_old/lib/python3.12/site-packages/gymnasium/utils/passive_env_checker.py:129: UserWarning: [33mWARN: The obs returned by the `step()` method was expecting a numpy array, actual type: <class 'torch.Tensor'>[0m
  logger.warn(
/workspace/r10/env_old/lib/python3.12/site-packages/gymnasium/spaces/box.py:415: UserWarning: [33mWARN: Casting input x to numpy array.[0m
  gym.logger.warn("Casting input x to numpy array.")
/workspace/r10/env_old/lib/python3.12/site-packages/gymnasium/utils/passive_env_checker.py:129: UserWarning: [33mWARN: The obs returned by the `reset()` method was expecting a numpy array, actual type: <class 'torch.Tensor'>[0m
  logger.warn(
/workspace/r10/env_old/lib/python3.12/site-packages/gymnasium/spaces/box.py:415: UserWarning: [33mWARN: Casting input x to numpy array.[0m
  gym.logger.warn("Casting input x to numpy array.")
CEM solve time: 1.5745 seconds
/workspace/r10/env_old/lib/python3.12/site-packages/gymnasium/utils/passive_env_checker.py:129: UserWarning: [33mWARN: The obs returned by the `step()` method was expecting a numpy array, actual type: <class 'torch.Tensor'>[0m
  logger.warn(
/workspace/r10/env_old/lib/python3.12/site-packages/gymnasium/spaces/box.py:415: UserWarning: [33mWARN: Casting input x to numpy array.[0m
  gym.logger.warn("Casting input x to numpy array.")
{"completed": 68, "missing": 0, "case": "R8_tworoom_06e9f3b311a1a95f40a9ceee", "arm": "REFIT_103201", "stream": "R4_ALT_CEM_1", "mode": "H_REAL3_REPLAN"}
/workspace/r10/env_old/lib/python3.12/site-packages/gymnasium/utils/passive_env_checker.py:129: UserWarning: [33mWARN: The obs returned by the `reset()` method was expecting a numpy array, actual type: <class 'torch.Tensor'>[0m
  logger.warn(
/workspace/r10/env_old/lib/python3.12/site-packages/gymnasium/spaces/box.py:415: UserWarning: [33mWARN: Casting input x to numpy array.[0m
  gym.logger.warn("Casting input x to numpy array.")
CEM solve time: 1.5836 seconds
/workspace/r10/env_old/lib/python3.12/site-packages/gymnasium/utils/passive_env_checker.py:129: UserWarning: [33mWARN: The obs returned by the `step()` method was expecting a numpy array, actual type: <class 'torch.Tensor'>[0m
  logger.warn(
/workspace/r10/env_old/lib/python3.12/site-packages/gymnasium/spaces/box.py:415: UserWarning: [33mWARN: Casting input x to numpy array.[0m
  gym.logger.warn("Casting input x to numpy array.")
/workspace/r10/env_old/lib/python3.12/site-packages/gymnasium/utils/passive_env_checker.py:129: UserWarning: [33mWARN: The obs returned by the `reset()` method was expecting a numpy array, actual type: <class 'torch.Tensor'>[0m
  logger.warn(
/workspace/r10/env_old/lib/python3.12/site-packages/gymnasium/spaces/box.py:415: UserWarning: [33mWARN: Casting input x to numpy array.[0m
  gym.logger.warn("Casting input x to numpy array.")
CEM solve time: 1.5956 seconds
/workspace/r10/env_old/lib/python3.12/site-packages/gymnasium/utils/passive_env_checker.py:129: UserWarning: [33mWARN: The obs returned by the `step()` method was expecting a numpy array, actual type: <class 'torch.Tensor'>[0m
  logger.warn(
/workspace/r10/env_old/lib/python3.12/site-packages/gymnasium/spaces/box.py:415: UserWarning: [33mWARN: Casting input x to numpy array.[0m
  gym.logger.warn("Casting input x to numpy array.")
{"completed": 69, "missing": 0, "case": "R8_tworoom_06e9f3b311a1a95f40a9ceee", "arm": "REFIT_103201", "stream": "R4_ALT_CEM_2", "mode": "H_REAL3_REPLAN"}
/workspace/r10/env_old/lib/python3.12/site-packages/gymnasium/utils/passive_env_checker.py:129: UserWarning: [33mWARN: The obs returned by the `reset()` method was expecting a numpy array, actual type: <class 'torch.Tensor'>[0m
  logger.warn(
/workspace/r10/env_old/lib/python3.12/site-packages/gymnasium/spaces/box.py:415: UserWarning: [33mWARN: Casting input x to numpy array.[0m
  gym.logger.warn("Casting input x to numpy array.")
CEM solve time: 1.5810 seconds
/workspace/r10/env_old/lib/python3.12/site-packages/gymnasium/utils/passive_env_checker.py:129: UserWarning: [33mWARN: The obs returned by the `step()` method was expecting a numpy array, actual type: <class 'torch.Tensor'>[0m
  logger.warn(
/workspace/r10/env_old/lib/python3.12/site-packages/gymnasium/spaces/box.py:415: UserWarning: [33mWARN: Casting input x to numpy array.[0m
  gym.logger.warn("Casting input x to numpy array.")
/workspace/r10/env_old/lib/python3.12/site-packages/gymnasium/utils/passive_env_checker.py:129: UserWarning: [33mWARN: The obs returned by the `reset()` method was expecting a numpy array, actual type: <class 'torch.Tensor'>[0m
  logger.warn(
CEM solve time: 1.6508 seconds
/workspace/r10/env_old/lib/python3.12/site-packages/gymnasium/utils/passive_env_checker.py:129: UserWarning: [33mWARN: The obs returned by the `step()` method was expecting a numpy array, actual type: <class 'torch.Tensor'>[0m
  logger.warn(
/workspace/r10/env_old/lib/python3.12/site-packages/gymnasium/spaces/box.py:415: UserWarning: [33mWARN: Casting input x to numpy array.[0m
  gym.logger.warn("Casting input x to numpy array.")
{"completed": 70, "missing": 0, "case": "R8_tworoom_0786a563c4ee34cac10614cf", "arm": "REFIT_103201", "stream": "R3_ORIGINAL", "mode": "H_REAL3_REPLAN"}
/workspace/r10/env_old/lib/python3.12/site-packages/gymnasium/utils/passive_env_checker.py:129: UserWarning: [33mWARN: The obs returned by the `reset()` method was expecting a numpy array, actual type: <class 'torch.Tensor'>[0m
  logger.warn(
CEM solve time: 1.5830 seconds
/workspace/r10/env_old/lib/python3.12/site-packages/gymnasium/utils/passive_env_checker.py:129: UserWarning: [33mWARN: The obs returned by the `step()` method was expecting a numpy array, actual type: <class 'torch.Tensor'>[0m
  logger.warn(
/workspace/r10/env_old/lib/python3.12/site-packages/gymnasium/spaces/box.py:415: UserWarning: [33mWARN: Casting input x to numpy array.[0m
  gym.logger.warn("Casting input x to numpy array.")
/workspace/r10/env_old/lib/python3.12/site-packages/gymnasium/utils/passive_env_checker.py:129: UserWarning: [33mWARN: The obs returned by the `reset()` method was expecting a numpy array, actual type: <class 'torch.Tensor'>[0m
  logger.warn(
CEM solve time: 1.5778 seconds
/workspace/r10/env_old/lib/python3.12/site-packages/gymnasium/utils/passive_env_checker.py:129: UserWarning: [33mWARN: The obs returned by the `step()` method was expecting a numpy array, actual type: <class 'torch.Tensor'>[0m
  logger.warn(
/workspace/r10/env_old/lib/python3.12/site-packages/gymnasium/spaces/box.py:415: UserWarning: [33mWARN: Casting input x to numpy array.[0m
  gym.logger.warn("Casting input x to numpy array.")
{"completed": 71, "missing": 0, "case": "R8_tworoom_0786a563c4ee34cac10614cf", "arm": "REFIT_103201", "stream": "R4_ALT_CEM_1", "mode": "H_REAL3_REPLAN"}
/workspace/r10/env_old/lib/python3.12/site-packages/gymnasium/utils/passive_env_checker.py:129: UserWarning: [33mWARN: The obs returned by the `reset()` method was expecting a numpy array, actual type: <class 'torch.Tensor'>[0m
  logger.warn(
CEM solve time: 1.5876 seconds
/workspace/r10/env_old/lib/python3.12/site-packages/gymnasium/utils/passive_env_checker.py:129: UserWarning: [33mWARN: The obs returned by the `step()` method was expecting a numpy array, actual type: <class 'torch.Tensor'>[0m
  logger.warn(
/workspace/r10/env_old/lib/python3.12/site-packages/gymnasium/spaces/box.py:415: UserWarning: [33mWARN: Casting input x to numpy array.[0m
  gym.logger.warn("Casting input x to numpy array.")
/workspace/r10/env_old/lib/python3.12/site-packages/gymnasium/utils/passive_env_checker.py:129: UserWarning: [33mWARN: The obs returned by the `reset()` method was expecting a numpy array, actual type: <class 'torch.Tensor'>[0m
  logger.warn(
CEM solve time: 1.5791 seconds
/workspace/r10/env_old/lib/python3.12/site-packages/gymnasium/utils/passive_env_checker.py:129: UserWarning: [33mWARN: The obs returned by the `step()` method was expecting a numpy array, actual type: <class 'torch.Tensor'>[0m
  logger.warn(
/workspace/r10/env_old/lib/python3.12/site-packages/gymnasium/spaces/box.py:415: UserWarning: [33mWARN: Casting input x to numpy array.[0m
  gym.logger.warn("Casting input x to numpy array.")
{"completed": 72, "missing": 0, "case": "R8_tworoom_0786a563c4ee34cac10614cf", "arm": "REFIT_103201", "stream": "R4_ALT_CEM_2", "mode": "H_REAL3_REPLAN"}
/workspace/r10/env_old/lib/python3.12/site-packages/gymnasium/utils/passive_env_checker.py:129: UserWarning: [33mWARN: The obs returned by the `reset()` method was expecting a numpy array, actual type: <class 'torch.Tensor'>[0m
  logger.warn(
CEM solve time: 1.5806 seconds
/workspace/r10/env_old/lib/python3.12/site-packages/gymnasium/utils/passive_env_checker.py:129: UserWarning: [33mWARN: The obs returned by the `step()` method was expecting a numpy array, actual type: <class 'torch.Tensor'>[0m
  logger.warn(
/workspace/r10/env_old/lib/python3.12/site-packages/gymnasium/spaces/box.py:415: UserWarning: [33mWARN: Casting input x to numpy array.[0m
  gym.logger.warn("Casting input x to numpy array.")
/workspace/r10/env_old/lib/python3.12/site-packages/gymnasium/utils/passive_env_checker.py:129: UserWarning: [33mWARN: The obs returned by the `reset()` method was expecting a numpy array, actual type: <class 'torch.Tensor'>[0m
  logger.warn(
/workspace/r10/env_old/lib/python3.12/site-packages/gymnasium/spaces/box.py:415: UserWarning: [33mWARN: Casting input x to numpy array.[0m
  gym.logger.warn("Casting input x to numpy array.")
CEM solve time: 1.5792 seconds
/workspace/r10/env_old/lib/python3.12/site-packages/gymnasium/utils/passive_env_checker.py:129: UserWarning: [33mWARN: The obs returned by the `step()` method was expecting a numpy array, actual type: <class 'torch.Tensor'>[0m
  logger.warn(
/workspace/r10/env_old/lib/python3.12/site-packages/gymnasium/spaces/box.py:415: UserWarning: [33mWARN: Casting input x to numpy array.[0m
  gym.logger.warn("Casting input x to numpy array.")
{"completed": 73, "missing": 0, "case": "R8_tworoom_07fe2e9d497008591b7dfd91", "arm": "REFIT_103201", "stream": "R3_ORIGINAL", "mode": "H_REAL3_REPLAN"}
/workspace/r10/env_old/lib/python3.12/site-packages/gymnasium/utils/passive_env_checker.py:129: UserWarning: [33mWARN: The obs returned by the `reset()` method was expecting a numpy array, actual type: <class 'torch.Tensor'>[0m
  logger.warn(
/workspace/r10/env_old/lib/python3.12/site-packages/gymnasium/spaces/box.py:415: UserWarning: [33mWARN: Casting input x to numpy array.[0m
  gym.logger.warn("Casting input x to numpy array.")
CEM solve time: 1.5799 seconds
/workspace/r10/env_old/lib/python3.12/site-packages/gymnasium/utils/passive_env_checker.py:129: UserWarning: [33mWARN: The obs returned by the `step()` method was expecting a numpy array, actual type: <class 'torch.Tensor'>[0m
  logger.warn(
/workspace/r10/env_old/lib/python3.12/site-packages/gymnasium/spaces/box.py:415: UserWarning: [33mWARN: Casting input x to numpy array.[0m
  gym.logger.warn("Casting input x to numpy array.")
/workspace/r10/env_old/lib/python3.12/site-packages/gymnasium/utils/passive_env_checker.py:129: UserWarning: [33mWARN: The obs returned by the `reset()` method was expecting a numpy array, actual type: <class 'torch.Tensor'>[0m
  logger.warn(
/workspace/r10/env_old/lib/python3.12/site-packages/gymnasium/spaces/box.py:415: UserWarning: [33mWARN: Casting input x to numpy array.[0m
  gym.logger.warn("Casting input x to numpy array.")
CEM solve time: 1.5753 seconds
/workspace/r10/env_old/lib/python3.12/site-packages/gymnasium/utils/passive_env_checker.py:129: UserWarning: [33mWARN: The obs returned by the `step()` method was expecting a numpy array, actual type: <class 'torch.Tensor'>[0m
  logger.warn(
/workspace/r10/env_old/lib/python3.12/site-packages/gymnasium/spaces/box.py:415: UserWarning: [33mWARN: Casting input x to numpy array.[0m
  gym.logger.warn("Casting input x to numpy array.")
{"completed": 74, "missing": 0, "case": "R8_tworoom_07fe2e9d497008591b7dfd91", "arm": "REFIT_103201", "stream": "R4_ALT_CEM_1", "mode": "H_REAL3_REPLAN"}
/workspace/r10/env_old/lib/python3.12/site-packages/gymnasium/utils/passive_env_checker.py:129: UserWarning: [33mWARN: The obs returned by the `reset()` method was expecting a numpy array, actual type: <class 'torch.Tensor'>[0m
  logger.warn(
/workspace/r10/env_old/lib/python3.12/site-packages/gymnasium/spaces/box.py:415: UserWarning: [33mWARN: Casting input x to numpy array.[0m
  gym.logger.warn("Casting input x to numpy array.")
CEM solve time: 1.5730 seconds
/workspace/r10/env_old/lib/python3.12/site-packages/gymnasium/utils/passive_env_checker.py:129: UserWarning: [33mWARN: The obs returned by the `step()` method was expecting a numpy array, actual type: <class 'torch.Tensor'>[0m
  logger.warn(
/workspace/r10/env_old/lib/python3.12/site-packages/gymnasium/spaces/box.py:415: UserWarning: [33mWARN: Casting input x to numpy array.[0m
  gym.logger.warn("Casting input x to numpy array.")
/workspace/r10/env_old/lib/python3.12/site-packages/gymnasium/utils/passive_env_checker.py:129: UserWarning: [33mWARN: The obs returned by the `reset()` method was expecting a numpy array, actual type: <class 'torch.Tensor'>[0m
  logger.warn(
/workspace/r10/env_old/lib/python3.12/site-packages/gymnasium/spaces/box.py:415: UserWarning: [33mWARN: Casting input x to numpy array.[0m
  gym.logger.warn("Casting input x to numpy array.")
CEM solve time: 1.5849 seconds
/workspace/r10/env_old/lib/python3.12/site-packages/gymnasium/utils/passive_env_checker.py:129: UserWarning: [33mWARN: The obs returned by the `step()` method was expecting a numpy array, actual type: <class 'torch.Tensor'>[0m
  logger.warn(
/workspace/r10/env_old/lib/python3.12/site-packages/gymnasium/spaces/box.py:415: UserWarning: [33mWARN: Casting input x to numpy array.[0m
  gym.logger.warn("Casting input x to numpy array.")
{"completed": 75, "missing": 0, "case": "R8_tworoom_07fe2e9d497008591b7dfd91", "arm": "REFIT_103201", "stream": "R4_ALT_CEM_2", "mode": "H_REAL3_REPLAN"}
/workspace/r10/env_old/lib/python3.12/site-packages/gymnasium/utils/passive_env_checker.py:129: UserWarning: [33mWARN: The obs returned by the `reset()` method was expecting a numpy array, actual type: <class 'torch.Tensor'>[0m
  logger.warn(
/workspace/r10/env_old/lib/python3.12/site-packages/gymnasium/spaces/box.py:415: UserWarning: [33mWARN: Casting input x to numpy array.[0m
  gym.logger.warn("Casting input x to numpy array.")
CEM solve time: 1.5788 seconds
/workspace/r10/env_old/lib/python3.12/site-packages/gymnasium/utils/passive_env_checker.py:129: UserWarning: [33mWARN: The obs returned by the `step()` method was expecting a numpy array, actual type: <class 'torch.Tensor'>[0m
  logger.warn(
/workspace/r10/env_old/lib/python3.12/site-packages/gymnasium/spaces/box.py:415: UserWarning: [33mWARN: Casting input x to numpy array.[0m
  gym.logger.warn("Casting input x to numpy array.")
CEM solve time: 1.5863 seconds
/workspace/r10/env_old/lib/python3.12/site-packages/gymnasium/utils/passive_env_checker.py:129: UserWarning: [33mWARN: The obs returned by the `reset()` method was expecting a numpy array, actual type: <class 'torch.Tensor'>[0m
  logger.warn(
/workspace/r10/env_old/lib/python3.12/site-packages/gymnasium/spaces/box.py:415: UserWarning: [33mWARN: Casting input x to numpy array.[0m
  gym.logger.warn("Casting input x to numpy array.")
CEM solve time: 1.5777 seconds
/workspace/r10/env_old/lib/python3.12/site-packages/gymnasium/utils/passive_env_checker.py:129: UserWarning: [33mWARN: The obs returned by the `step()` method was expecting a numpy array, actual type: <class 'torch.Tensor'>[0m
  logger.warn(
/workspace/r10/env_old/lib/python3.12/site-packages/gymnasium/spaces/box.py:415: UserWarning: [33mWARN: Casting input x to numpy array.[0m
  gym.logger.warn("Casting input x to numpy array.")
CEM solve time: 1.5905 seconds
{"completed": 76, "missing": 0, "case": "R8_tworoom_08fae1c7d5506f5d6c5ca8ac", "arm": "REFIT_103201", "stream": "R3_ORIGINAL", "mode": "H_REAL3_REPLAN"}
/workspace/r10/env_old/lib/python3.12/site-packages/gymnasium/utils/passive_env_checker.py:129: UserWarning: [33mWARN: The obs returned by the `reset()` method was expecting a numpy array, actual type: <class 'torch.Tensor'>[0m
  logger.warn(
/workspace/r10/env_old/lib/python3.12/site-packages/gymnasium/spaces/box.py:415: UserWarning: [33mWARN: Casting input x to numpy array.[0m
  gym.logger.warn("Casting input x to numpy array.")
CEM solve time: 1.5770 seconds
/workspace/r10/env_old/lib/python3.12/site-packages/gymnasium/utils/passive_env_checker.py:129: UserWarning: [33mWARN: The obs returned by the `step()` method was expecting a numpy array, actual type: <class 'torch.Tensor'>[0m
  logger.warn(
/workspace/r10/env_old/lib/python3.12/site-packages/gymnasium/spaces/box.py:415: UserWarning: [33mWARN: Casting input x to numpy array.[0m
  gym.logger.warn("Casting input x to numpy array.")
CEM solve time: 1.5847 seconds
/workspace/r10/env_old/lib/python3.12/site-packages/gymnasium/utils/passive_env_checker.py:129: UserWarning: [33mWARN: The obs returned by the `reset()` method was expecting a numpy array, actual type: <class 'torch.Tensor'>[0m
  logger.warn(
/workspace/r10/env_old/lib/python3.12/site-packages/gymnasium/spaces/box.py:415: UserWarning: [33mWARN: Casting input x to numpy array.[0m
  gym.logger.warn("Casting input x to numpy array.")
CEM solve time: 1.6015 seconds
/workspace/r10/env_old/lib/python3.12/site-packages/gymnasium/utils/passive_env_checker.py:129: UserWarning: [33mWARN: The obs returned by the `step()` method was expecting a numpy array, actual type: <class 'torch.Tensor'>[0m
  logger.warn(
/workspace/r10/env_old/lib/python3.12/site-packages/gymnasium/spaces/box.py:415: UserWarning: [33mWARN: Casting input x to numpy array.[0m
  gym.logger.warn("Casting input x to numpy array.")
CEM solve time: 1.5921 seconds
{"completed": 77, "missing": 0, "case": "R8_tworoom_08fae1c7d5506f5d6c5ca8ac", "arm": "REFIT_103201", "stream": "R4_ALT_CEM_1", "mode": "H_REAL3_REPLAN"}
/workspace/r10/env_old/lib/python3.12/site-packages/gymnasium/utils/passive_env_checker.py:129: UserWarning: [33mWARN: The obs returned by the `reset()` method was expecting a numpy array, actual type: <class 'torch.Tensor'>[0m
  logger.warn(
/workspace/r10/env_old/lib/python3.12/site-packages/gymnasium/spaces/box.py:415: UserWarning: [33mWARN: Casting input x to numpy array.[0m
  gym.logger.warn("Casting input x to numpy array.")
CEM solve time: 1.5900 seconds
/workspace/r10/env_old/lib/python3.12/site-packages/gymnasium/utils/passive_env_checker.py:129: UserWarning: [33mWARN: The obs returned by the `step()` method was expecting a numpy array, actual type: <class 'torch.Tensor'>[0m
  logger.warn(
/workspace/r10/env_old/lib/python3.12/site-packages/gymnasium/spaces/box.py:415: UserWarning: [33mWARN: Casting input x to numpy array.[0m
  gym.logger.warn("Casting input x to numpy array.")
CEM solve time: 1.5759 seconds
/workspace/r10/env_old/lib/python3.12/site-packages/gymnasium/utils/passive_env_checker.py:129: UserWarning: [33mWARN: The obs returned by the `reset()` method was expecting a numpy array, actual type: <class 'torch.Tensor'>[0m
  logger.warn(
/workspace/r10/env_old/lib/python3.12/site-packages/gymnasium/spaces/box.py:415: UserWarning: [33mWARN: Casting input x to numpy array.[0m
  gym.logger.warn("Casting input x to numpy array.")
CEM solve time: 1.5921 seconds
/workspace/r10/env_old/lib/python3.12/site-packages/gymnasium/utils/passive_env_checker.py:129: UserWarning: [33mWARN: The obs returned by the `step()` method was expecting a numpy array, actual type: <class 'torch.Tensor'>[0m
  logger.warn(
/workspace/r10/env_old/lib/python3.12/site-packages/gymnasium/spaces/box.py:415: UserWarning: [33mWARN: Casting input x to numpy array.[0m
  gym.logger.warn("Casting input x to numpy array.")
CEM solve time: 1.5859 seconds
{"completed": 78, "missing": 0, "case": "R8_tworoom_08fae1c7d5506f5d6c5ca8ac", "arm": "REFIT_103201", "stream": "R4_ALT_CEM_2", "mode": "H_REAL3_REPLAN"}
/workspace/r10/env_old/lib/python3.12/site-packages/gymnasium/utils/passive_env_checker.py:129: UserWarning: [33mWARN: The obs returned by the `reset()` method was expecting a numpy array, actual type: <class 'torch.Tensor'>[0m
  logger.warn(
/workspace/r10/env_old/lib/python3.12/site-packages/gymnasium/spaces/box.py:415: UserWarning: [33mWARN: Casting input x to numpy array.[0m
  gym.logger.warn("Casting input x to numpy array.")
CEM solve time: 1.5832 seconds
/workspace/r10/env_old/lib/python3.12/site-packages/gymnasium/utils/passive_env_checker.py:129: UserWarning: [33mWARN: The obs returned by the `step()` method was expecting a numpy array, actual type: <class 'torch.Tensor'>[0m
  logger.warn(
/workspace/r10/env_old/lib/python3.12/site-packages/gymnasium/spaces/box.py:415: UserWarning: [33mWARN: Casting input x to numpy array.[0m
  gym.logger.warn("Casting input x to numpy array.")
/workspace/r10/env_old/lib/python3.12/site-packages/gymnasium/utils/passive_env_checker.py:129: UserWarning: [33mWARN: The obs returned by the `reset()` method was expecting a numpy array, actual type: <class 'torch.Tensor'>[0m
  logger.warn(
/workspace/r10/env_old/lib/python3.12/site-packages/gymnasium/spaces/box.py:415: UserWarning: [33mWARN: Casting input x to numpy array.[0m
  gym.logger.warn("Casting input x to numpy array.")
CEM solve time: 1.5833 seconds
/workspace/r10/env_old/lib/python3.12/site-packages/gymnasium/utils/passive_env_checker.py:129: UserWarning: [33mWARN: The obs returned by the `step()` method was expecting a numpy array, actual type: <class 'torch.Tensor'>[0m
  logger.warn(
/workspace/r10/env_old/lib/python3.12/site-packages/gymnasium/spaces/box.py:415: UserWarning: [33mWARN: Casting input x to numpy array.[0m
  gym.logger.warn("Casting input x to numpy array.")
{"completed": 79, "missing": 0, "case": "R8_tworoom_005aa86707a07a874aa9a029", "arm": "REFIT_103202", "stream": "R3_ORIGINAL", "mode": "H_REAL3_REPLAN"}
/workspace/r10/env_old/lib/python3.12/site-packages/gymnasium/utils/passive_env_checker.py:129: UserWarning: [33mWARN: The obs returned by the `reset()` method was expecting a numpy array, actual type: <class 'torch.Tensor'>[0m
  logger.warn(
/workspace/r10/env_old/lib/python3.12/site-packages/gymnasium/spaces/box.py:415: UserWarning: [33mWARN: Casting input x to numpy array.[0m
  gym.logger.warn("Casting input x to numpy array.")
CEM solve time: 1.5770 seconds
/workspace/r10/env_old/lib/python3.12/site-packages/gymnasium/utils/passive_env_checker.py:129: UserWarning: [33mWARN: The obs returned by the `step()` method was expecting a numpy array, actual type: <class 'torch.Tensor'>[0m
  logger.warn(
/workspace/r10/env_old/lib/python3.12/site-packages/gymnasium/spaces/box.py:415: UserWarning: [33mWARN: Casting input x to numpy array.[0m
  gym.logger.warn("Casting input x to numpy array.")
/workspace/r10/env_old/lib/python3.12/site-packages/gymnasium/utils/passive_env_checker.py:129: UserWarning: [33mWARN: The obs returned by the `reset()` method was expecting a numpy array, actual type: <class 'torch.Tensor'>[0m
  logger.warn(
/workspace/r10/env_old/lib/python3.12/site-packages/gymnasium/spaces/box.py:415: UserWarning: [33mWARN: Casting input x to numpy array.[0m
  gym.logger.warn("Casting input x to numpy array.")
CEM solve time: 1.5854 seconds
/workspace/r10/env_old/lib/python3.12/site-packages/gymnasium/utils/passive_env_checker.py:129: UserWarning: [33mWARN: The obs returned by the `step()` method was expecting a numpy array, actual type: <class 'torch.Tensor'>[0m
  logger.warn(
/workspace/r10/env_old/lib/python3.12/site-packages/gymnasium/spaces/box.py:415: UserWarning: [33mWARN: Casting input x to numpy array.[0m
  gym.logger.warn("Casting input x to numpy array.")
{"completed": 80, "missing": 0, "case": "R8_tworoom_005aa86707a07a874aa9a029", "arm": "REFIT_103202", "stream": "R4_ALT_CEM_1", "mode": "H_REAL3_REPLAN"}
/workspace/r10/env_old/lib/python3.12/site-packages/gymnasium/utils/passive_env_checker.py:129: UserWarning: [33mWARN: The obs returned by the `reset()` method was expecting a numpy array, actual type: <class 'torch.Tensor'>[0m
  logger.warn(
/workspace/r10/env_old/lib/python3.12/site-packages/gymnasium/spaces/box.py:415: UserWarning: [33mWARN: Casting input x to numpy array.[0m
  gym.logger.warn("Casting input x to numpy array.")
CEM solve time: 1.5794 seconds
/workspace/r10/env_old/lib/python3.12/site-packages/gymnasium/utils/passive_env_checker.py:129: UserWarning: [33mWARN: The obs returned by the `step()` method was expecting a numpy array, actual type: <class 'torch.Tensor'>[0m
  logger.warn(
/workspace/r10/env_old/lib/python3.12/site-packages/gymnasium/spaces/box.py:415: UserWarning: [33mWARN: Casting input x to numpy array.[0m
  gym.logger.warn("Casting input x to numpy array.")
/workspace/r10/env_old/lib/python3.12/site-packages/gymnasium/utils/passive_env_checker.py:129: UserWarning: [33mWARN: The obs returned by the `reset()` method was expecting a numpy array, actual type: <class 'torch.Tensor'>[0m
  logger.warn(
/workspace/r10/env_old/lib/python3.12/site-packages/gymnasium/spaces/box.py:415: UserWarning: [33mWARN: Casting input x to numpy array.[0m
  gym.logger.warn("Casting input x to numpy array.")
CEM solve time: 1.5798 seconds
/workspace/r10/env_old/lib/python3.12/site-packages/gymnasium/utils/passive_env_checker.py:129: UserWarning: [33mWARN: The obs returned by the `step()` method was expecting a numpy array, actual type: <class 'torch.Tensor'>[0m
  logger.warn(
/workspace/r10/env_old/lib/python3.12/site-packages/gymnasium/spaces/box.py:415: UserWarning: [33mWARN: Casting input x to numpy array.[0m
  gym.logger.warn("Casting input x to numpy array.")
{"completed": 81, "missing": 0, "case": "R8_tworoom_005aa86707a07a874aa9a029", "arm": "REFIT_103202", "stream": "R4_ALT_CEM_2", "mode": "H_REAL3_REPLAN"}
/workspace/r10/env_old/lib/python3.12/site-packages/gymnasium/utils/passive_env_checker.py:129: UserWarning: [33mWARN: The obs returned by the `reset()` method was expecting a numpy array, actual type: <class 'torch.Tensor'>[0m
  logger.warn(
/workspace/r10/env_old/lib/python3.12/site-packages/gymnasium/spaces/box.py:415: UserWarning: [33mWARN: Casting input x to numpy array.[0m
  gym.logger.warn("Casting input x to numpy array.")
CEM solve time: 1.5772 seconds
/workspace/r10/env_old/lib/python3.12/site-packages/gymnasium/utils/passive_env_checker.py:129: UserWarning: [33mWARN: The obs returned by the `step()` method was expecting a numpy array, actual type: <class 'torch.Tensor'>[0m
  logger.warn(
/workspace/r10/env_old/lib/python3.12/site-packages/gymnasium/spaces/box.py:415: UserWarning: [33mWARN: Casting input x to numpy array.[0m
  gym.logger.warn("Casting input x to numpy array.")
/workspace/r10/env_old/lib/python3.12/site-packages/gymnasium/utils/passive_env_checker.py:129: UserWarning: [33mWARN: The obs returned by the `reset()` method was expecting a numpy array, actual type: <class 'torch.Tensor'>[0m
  logger.warn(
/workspace/r10/env_old/lib/python3.12/site-packages/gymnasium/spaces/box.py:415: UserWarning: [33mWARN: Casting input x to numpy array.[0m
  gym.logger.warn("Casting input x to numpy array.")
CEM solve time: 1.5834 seconds
/workspace/r10/env_old/lib/python3.12/site-packages/gymnasium/utils/passive_env_checker.py:129: UserWarning: [33mWARN: The obs returned by the `step()` method was expecting a numpy array, actual type: <class 'torch.Tensor'>[0m
  logger.warn(
/workspace/r10/env_old/lib/python3.12/site-packages/gymnasium/spaces/box.py:415: UserWarning: [33mWARN: Casting input x to numpy array.[0m
  gym.logger.warn("Casting input x to numpy array.")
{"completed": 82, "missing": 0, "case": "R8_tworoom_01ae7626ffa6fa257b7c7adf", "arm": "REFIT_103202", "stream": "R3_ORIGINAL", "mode": "H_REAL3_REPLAN"}
/workspace/r10/env_old/lib/python3.12/site-packages/gymnasium/utils/passive_env_checker.py:129: UserWarning: [33mWARN: The obs returned by the `reset()` method was expecting a numpy array, actual type: <class 'torch.Tensor'>[0m
  logger.warn(
/workspace/r10/env_old/lib/python3.12/site-packages/gymnasium/spaces/box.py:415: UserWarning: [33mWARN: Casting input x to numpy array.[0m
  gym.logger.warn("Casting input x to numpy array.")
CEM solve time: 1.5786 seconds
/workspace/r10/env_old/lib/python3.12/site-packages/gymnasium/utils/passive_env_checker.py:129: UserWarning: [33mWARN: The obs returned by the `step()` method was expecting a numpy array, actual type: <class 'torch.Tensor'>[0m
  logger.warn(
/workspace/r10/env_old/lib/python3.12/site-packages/gymnasium/spaces/box.py:415: UserWarning: [33mWARN: Casting input x to numpy array.[0m
  gym.logger.warn("Casting input x to numpy array.")
/workspace/r10/env_old/lib/python3.12/site-packages/gymnasium/utils/passive_env_checker.py:129: UserWarning: [33mWARN: The obs returned by the `reset()` method was expecting a numpy array, actual type: <class 'torch.Tensor'>[0m
  logger.warn(
/workspace/r10/env_old/lib/python3.12/site-packages/gymnasium/spaces/box.py:415: UserWarning: [33mWARN: Casting input x to numpy array.[0m
  gym.logger.warn("Casting input x to numpy array.")
CEM solve time: 1.5886 seconds
/workspace/r10/env_old/lib/python3.12/site-packages/gymnasium/utils/passive_env_checker.py:129: UserWarning: [33mWARN: The obs returned by the `step()` method was expecting a numpy array, actual type: <class 'torch.Tensor'>[0m
  logger.warn(
/workspace/r10/env_old/lib/python3.12/site-packages/gymnasium/spaces/box.py:415: UserWarning: [33mWARN: Casting input x to numpy array.[0m
  gym.logger.warn("Casting input x to numpy array.")
{"completed": 83, "missing": 0, "case": "R8_tworoom_01ae7626ffa6fa257b7c7adf", "arm": "REFIT_103202", "stream": "R4_ALT_CEM_1", "mode": "H_REAL3_REPLAN"}
/workspace/r10/env_old/lib/python3.12/site-packages/gymnasium/utils/passive_env_checker.py:129: UserWarning: [33mWARN: The obs returned by the `reset()` method was expecting a numpy array, actual type: <class 'torch.Tensor'>[0m
  logger.warn(
/workspace/r10/env_old/lib/python3.12/site-packages/gymnasium/spaces/box.py:415: UserWarning: [33mWARN: Casting input x to numpy array.[0m
  gym.logger.warn("Casting input x to numpy array.")
CEM solve time: 1.5843 seconds
/workspace/r10/env_old/lib/python3.12/site-packages/gymnasium/utils/passive_env_checker.py:129: UserWarning: [33mWARN: The obs returned by the `step()` method was expecting a numpy array, actual type: <class 'torch.Tensor'>[0m
  logger.warn(
/workspace/r10/env_old/lib/python3.12/site-packages/gymnasium/spaces/box.py:415: UserWarning: [33mWARN: Casting input x to numpy array.[0m
  gym.logger.warn("Casting input x to numpy array.")
/workspace/r10/env_old/lib/python3.12/site-packages/gymnasium/utils/passive_env_checker.py:129: UserWarning: [33mWARN: The obs returned by the `reset()` method was expecting a numpy array, actual type: <class 'torch.Tensor'>[0m
  logger.warn(
/workspace/r10/env_old/lib/python3.12/site-packages/gymnasium/spaces/box.py:415: UserWarning: [33mWARN: Casting input x to numpy array.[0m
  gym.logger.warn("Casting input x to numpy array.")
CEM solve time: 1.5788 seconds
/workspace/r10/env_old/lib/python3.12/site-packages/gymnasium/utils/passive_env_checker.py:129: UserWarning: [33mWARN: The obs returned by the `step()` method was expecting a numpy array, actual type: <class 'torch.Tensor'>[0m
  logger.warn(
/workspace/r10/env_old/lib/python3.12/site-packages/gymnasium/spaces/box.py:415: UserWarning: [33mWARN: Casting input x to numpy array.[0m
  gym.logger.warn("Casting input x to numpy array.")
{"completed": 84, "missing": 0, "case": "R8_tworoom_01ae7626ffa6fa257b7c7adf", "arm": "REFIT_103202", "stream": "R4_ALT_CEM_2", "mode": "H_REAL3_REPLAN"}
/workspace/r10/env_old/lib/python3.12/site-packages/gymnasium/utils/passive_env_checker.py:129: UserWarning: [33mWARN: The obs returned by the `reset()` method was expecting a numpy array, actual type: <class 'torch.Tensor'>[0m
  logger.warn(
/workspace/r10/env_old/lib/python3.12/site-packages/gymnasium/spaces/box.py:415: UserWarning: [33mWARN: Casting input x to numpy array.[0m
  gym.logger.warn("Casting input x to numpy array.")
CEM solve time: 1.6261 seconds
/workspace/r10/env_old/lib/python3.12/site-packages/gymnasium/utils/passive_env_checker.py:129: UserWarning: [33mWARN: The obs returned by the `step()` method was expecting a numpy array, actual type: <class 'torch.Tensor'>[0m
  logger.warn(
/workspace/r10/env_old/lib/python3.12/site-packages/gymnasium/spaces/box.py:415: UserWarning: [33mWARN: Casting input x to numpy array.[0m
  gym.logger.warn("Casting input x to numpy array.")
/workspace/r10/env_old/lib/python3.12/site-packages/gymnasium/utils/passive_env_checker.py:129: UserWarning: [33mWARN: The obs returned by the `reset()` method was expecting a numpy array, actual type: <class 'torch.Tensor'>[0m
  logger.warn(
/workspace/r10/env_old/lib/python3.12/site-packages/gymnasium/spaces/box.py:415: UserWarning: [33mWARN: Casting input x to numpy array.[0m
  gym.logger.warn("Casting input x to numpy array.")
CEM solve time: 1.6217 seconds
/workspace/r10/env_old/lib/python3.12/site-packages/gymnasium/utils/passive_env_checker.py:129: UserWarning: [33mWARN: The obs returned by the `step()` method was expecting a numpy array, actual type: <class 'torch.Tensor'>[0m
  logger.warn(
/workspace/r10/env_old/lib/python3.12/site-packages/gymnasium/spaces/box.py:415: UserWarning: [33mWARN: Casting input x to numpy array.[0m
  gym.logger.warn("Casting input x to numpy array.")
{"completed": 85, "missing": 0, "case": "R8_tworoom_02263f4317267b20880e541d", "arm": "REFIT_103202", "stream": "R3_ORIGINAL", "mode": "H_REAL3_REPLAN"}
/workspace/r10/env_old/lib/python3.12/site-packages/gymnasium/utils/passive_env_checker.py:129: UserWarning: [33mWARN: The obs returned by the `reset()` method was expecting a numpy array, actual type: <class 'torch.Tensor'>[0m
  logger.warn(
/workspace/r10/env_old/lib/python3.12/site-packages/gymnasium/spaces/box.py:415: UserWarning: [33mWARN: Casting input x to numpy array.[0m
  gym.logger.warn("Casting input x to numpy array.")
CEM solve time: 1.5827 seconds
/workspace/r10/env_old/lib/python3.12/site-packages/gymnasium/utils/passive_env_checker.py:129: UserWarning: [33mWARN: The obs returned by the `step()` method was expecting a numpy array, actual type: <class 'torch.Tensor'>[0m
  logger.warn(
/workspace/r10/env_old/lib/python3.12/site-packages/gymnasium/spaces/box.py:415: UserWarning: [33mWARN: Casting input x to numpy array.[0m
  gym.logger.warn("Casting input x to numpy array.")
/workspace/r10/env_old/lib/python3.12/site-packages/gymnasium/utils/passive_env_checker.py:129: UserWarning: [33mWARN: The obs returned by the `reset()` method was expecting a numpy array, actual type: <class 'torch.Tensor'>[0m
  logger.warn(
/workspace/r10/env_old/lib/python3.12/site-packages/gymnasium/spaces/box.py:415: UserWarning: [33mWARN: Casting input x to numpy array.[0m
  gym.logger.warn("Casting input x to numpy array.")
CEM solve time: 1.5929 seconds
/workspace/r10/env_old/lib/python3.12/site-packages/gymnasium/utils/passive_env_checker.py:129: UserWarning: [33mWARN: The obs returned by the `step()` method was expecting a numpy array, actual type: <class 'torch.Tensor'>[0m
  logger.warn(
/workspace/r10/env_old/lib/python3.12/site-packages/gymnasium/spaces/box.py:415: UserWarning: [33mWARN: Casting input x to numpy array.[0m
  gym.logger.warn("Casting input x to numpy array.")
{"completed": 86, "missing": 0, "case": "R8_tworoom_02263f4317267b20880e541d", "arm": "REFIT_103202", "stream": "R4_ALT_CEM_1", "mode": "H_REAL3_REPLAN"}
/workspace/r10/env_old/lib/python3.12/site-packages/gymnasium/utils/passive_env_checker.py:129: UserWarning: [33mWARN: The obs returned by the `reset()` method was expecting a numpy array, actual type: <class 'torch.Tensor'>[0m
  logger.warn(
/workspace/r10/env_old/lib/python3.12/site-packages/gymnasium/spaces/box.py:415: UserWarning: [33mWARN: Casting input x to numpy array.[0m
  gym.logger.warn("Casting input x to numpy array.")
CEM solve time: 1.5801 seconds
/workspace/r10/env_old/lib/python3.12/site-packages/gymnasium/utils/passive_env_checker.py:129: UserWarning: [33mWARN: The obs returned by the `step()` method was expecting a numpy array, actual type: <class 'torch.Tensor'>[0m
  logger.warn(
/workspace/r10/env_old/lib/python3.12/site-packages/gymnasium/spaces/box.py:415: UserWarning: [33mWARN: Casting input x to numpy array.[0m
  gym.logger.warn("Casting input x to numpy array.")
/workspace/r10/env_old/lib/python3.12/site-packages/gymnasium/utils/passive_env_checker.py:129: UserWarning: [33mWARN: The obs returned by the `reset()` method was expecting a numpy array, actual type: <class 'torch.Tensor'>[0m
  logger.warn(
/workspace/r10/env_old/lib/python3.12/site-packages/gymnasium/spaces/box.py:415: UserWarning: [33mWARN: Casting input x to numpy array.[0m
  gym.logger.warn("Casting input x to numpy array.")
CEM solve time: 1.5771 seconds
/workspace/r10/env_old/lib/python3.12/site-packages/gymnasium/utils/passive_env_checker.py:129: UserWarning: [33mWARN: The obs returned by the `step()` method was expecting a numpy array, actual type: <class 'torch.Tensor'>[0m
  logger.warn(
/workspace/r10/env_old/lib/python3.12/site-packages/gymnasium/spaces/box.py:415: UserWarning: [33mWARN: Casting input x to numpy array.[0m
  gym.logger.warn("Casting input x to numpy array.")
{"completed": 87, "missing": 0, "case": "R8_tworoom_02263f4317267b20880e541d", "arm": "REFIT_103202", "stream": "R4_ALT_CEM_2", "mode": "H_REAL3_REPLAN"}
/workspace/r10/env_old/lib/python3.12/site-packages/gymnasium/utils/passive_env_checker.py:129: UserWarning: [33mWARN: The obs returned by the `reset()` method was expecting a numpy array, actual type: <class 'torch.Tensor'>[0m
  logger.warn(
/workspace/r10/env_old/lib/python3.12/site-packages/gymnasium/spaces/box.py:415: UserWarning: [33mWARN: Casting input x to numpy array.[0m
  gym.logger.warn("Casting input x to numpy array.")
CEM solve time: 1.5872 seconds
/workspace/r10/env_old/lib/python3.12/site-packages/gymnasium/utils/passive_env_checker.py:129: UserWarning: [33mWARN: The obs returned by the `step()` method was expecting a numpy array, actual type: <class 'torch.Tensor'>[0m
  logger.warn(
/workspace/r10/env_old/lib/python3.12/site-packages/gymnasium/spaces/box.py:415: UserWarning: [33mWARN: Casting input x to numpy array.[0m
  gym.logger.warn("Casting input x to numpy array.")
/workspace/r10/env_old/lib/python3.12/site-packages/gymnasium/utils/passive_env_checker.py:129: UserWarning: [33mWARN: The obs returned by the `reset()` method was expecting a numpy array, actual type: <class 'torch.Tensor'>[0m
  logger.warn(
/workspace/r10/env_old/lib/python3.12/site-packages/gymnasium/spaces/box.py:415: UserWarning: [33mWARN: Casting input x to numpy array.[0m
  gym.logger.warn("Casting input x to numpy array.")
CEM solve time: 1.5858 seconds
/workspace/r10/env_old/lib/python3.12/site-packages/gymnasium/utils/passive_env_checker.py:129: UserWarning: [33mWARN: The obs returned by the `step()` method was expecting a numpy array, actual type: <class 'torch.Tensor'>[0m
  logger.warn(
/workspace/r10/env_old/lib/python3.12/site-packages/gymnasium/spaces/box.py:415: UserWarning: [33mWARN: Casting input x to numpy array.[0m
  gym.logger.warn("Casting input x to numpy array.")
{"completed": 88, "missing": 0, "case": "R8_tworoom_02c039936a6720d15d8b0f8b", "arm": "REFIT_103202", "stream": "R3_ORIGINAL", "mode": "H_REAL3_REPLAN"}
/workspace/r10/env_old/lib/python3.12/site-packages/gymnasium/utils/passive_env_checker.py:129: UserWarning: [33mWARN: The obs returned by the `reset()` method was expecting a numpy array, actual type: <class 'torch.Tensor'>[0m
  logger.warn(
/workspace/r10/env_old/lib/python3.12/site-packages/gymnasium/spaces/box.py:415: UserWarning: [33mWARN: Casting input x to numpy array.[0m
  gym.logger.warn("Casting input x to numpy array.")
CEM solve time: 1.5843 seconds
/workspace/r10/env_old/lib/python3.12/site-packages/gymnasium/utils/passive_env_checker.py:129: UserWarning: [33mWARN: The obs returned by the `step()` method was expecting a numpy array, actual type: <class 'torch.Tensor'>[0m
  logger.warn(
/workspace/r10/env_old/lib/python3.12/site-packages/gymnasium/spaces/box.py:415: UserWarning: [33mWARN: Casting input x to numpy array.[0m
  gym.logger.warn("Casting input x to numpy array.")
/workspace/r10/env_old/lib/python3.12/site-packages/gymnasium/utils/passive_env_checker.py:129: UserWarning: [33mWARN: The obs returned by the `reset()` method was expecting a numpy array, actual type: <class 'torch.Tensor'>[0m
  logger.warn(
/workspace/r10/env_old/lib/python3.12/site-packages/gymnasium/spaces/box.py:415: UserWarning: [33mWARN: Casting input x to numpy array.[0m
  gym.logger.warn("Casting input x to numpy array.")
CEM solve time: 1.5806 seconds
/workspace/r10/env_old/lib/python3.12/site-packages/gymnasium/utils/passive_env_checker.py:129: UserWarning: [33mWARN: The obs returned by the `step()` method was expecting a numpy array, actual type: <class 'torch.Tensor'>[0m
  logger.warn(
/workspace/r10/env_old/lib/python3.12/site-packages/gymnasium/spaces/box.py:415: UserWarning: [33mWARN: Casting input x to numpy array.[0m
  gym.logger.warn("Casting input x to numpy array.")
{"completed": 89, "missing": 0, "case": "R8_tworoom_02c039936a6720d15d8b0f8b", "arm": "REFIT_103202", "stream": "R4_ALT_CEM_1", "mode": "H_REAL3_REPLAN"}
/workspace/r10/env_old/lib/python3.12/site-packages/gymnasium/utils/passive_env_checker.py:129: UserWarning: [33mWARN: The obs returned by the `reset()` method was expecting a numpy array, actual type: <class 'torch.Tensor'>[0m
  logger.warn(
/workspace/r10/env_old/lib/python3.12/site-packages/gymnasium/spaces/box.py:415: UserWarning: [33mWARN: Casting input x to numpy array.[0m
  gym.logger.warn("Casting input x to numpy array.")
CEM solve time: 1.5853 seconds
/workspace/r10/env_old/lib/python3.12/site-packages/gymnasium/utils/passive_env_checker.py:129: UserWarning: [33mWARN: The obs returned by the `step()` method was expecting a numpy array, actual type: <class 'torch.Tensor'>[0m
  logger.warn(
/workspace/r10/env_old/lib/python3.12/site-packages/gymnasium/spaces/box.py:415: UserWarning: [33mWARN: Casting input x to numpy array.[0m
  gym.logger.warn("Casting input x to numpy array.")
/workspace/r10/env_old/lib/python3.12/site-packages/gymnasium/utils/passive_env_checker.py:129: UserWarning: [33mWARN: The obs returned by the `reset()` method was expecting a numpy array, actual type: <class 'torch.Tensor'>[0m
  logger.warn(
/workspace/r10/env_old/lib/python3.12/site-packages/gymnasium/spaces/box.py:415: UserWarning: [33mWARN: Casting input x to numpy array.[0m
  gym.logger.warn("Casting input x to numpy array.")
CEM solve time: 1.5935 seconds
/workspace/r10/env_old/lib/python3.12/site-packages/gymnasium/utils/passive_env_checker.py:129: UserWarning: [33mWARN: The obs returned by the `step()` method was expecting a numpy array, actual type: <class 'torch.Tensor'>[0m
  logger.warn(
/workspace/r10/env_old/lib/python3.12/site-packages/gymnasium/spaces/box.py:415: UserWarning: [33mWARN: Casting input x to numpy array.[0m
  gym.logger.warn("Casting input x to numpy array.")
{"completed": 90, "missing": 0, "case": "R8_tworoom_02c039936a6720d15d8b0f8b", "arm": "REFIT_103202", "stream": "R4_ALT_CEM_2", "mode": "H_REAL3_REPLAN"}
/workspace/r10/env_old/lib/python3.12/site-packages/gymnasium/utils/passive_env_checker.py:129: UserWarning: [33mWARN: The obs returned by the `reset()` method was expecting a numpy array, actual type: <class 'torch.Tensor'>[0m
  logger.warn(
/workspace/r10/env_old/lib/python3.12/site-packages/gymnasium/spaces/box.py:415: UserWarning: [33mWARN: Casting input x to numpy array.[0m
  gym.logger.warn("Casting input x to numpy array.")
CEM solve time: 1.5735 seconds
/workspace/r10/env_old/lib/python3.12/site-packages/gymnasium/utils/passive_env_checker.py:129: UserWarning: [33mWARN: The obs returned by the `step()` method was expecting a numpy array, actual type: <class 'torch.Tensor'>[0m
  logger.warn(
/workspace/r10/env_old/lib/python3.12/site-packages/gymnasium/spaces/box.py:415: UserWarning: [33mWARN: Casting input x to numpy array.[0m
  gym.logger.warn("Casting input x to numpy array.")
/workspace/r10/env_old/lib/python3.12/site-packages/gymnasium/utils/passive_env_checker.py:129: UserWarning: [33mWARN: The obs returned by the `reset()` method was expecting a numpy array, actual type: <class 'torch.Tensor'>[0m
  logger.warn(
/workspace/r10/env_old/lib/python3.12/site-packages/gymnasium/spaces/box.py:415: UserWarning: [33mWARN: Casting input x to numpy array.[0m
  gym.logger.warn("Casting input x to numpy array.")
CEM solve time: 1.5801 seconds
/workspace/r10/env_old/lib/python3.12/site-packages/gymnasium/utils/passive_env_checker.py:129: UserWarning: [33mWARN: The obs returned by the `step()` method was expecting a numpy array, actual type: <class 'torch.Tensor'>[0m
  logger.warn(
/workspace/r10/env_old/lib/python3.12/site-packages/gymnasium/spaces/box.py:415: UserWarning: [33mWARN: Casting input x to numpy array.[0m
  gym.logger.warn("Casting input x to numpy array.")
{"completed": 91, "missing": 0, "case": "R8_tworoom_03482cb62a11aa50b0b8bb2a", "arm": "REFIT_103202", "stream": "R3_ORIGINAL", "mode": "H_REAL3_REPLAN"}
/workspace/r10/env_old/lib/python3.12/site-packages/gymnasium/utils/passive_env_checker.py:129: UserWarning: [33mWARN: The obs returned by the `reset()` method was expecting a numpy array, actual type: <class 'torch.Tensor'>[0m
  logger.warn(
/workspace/r10/env_old/lib/python3.12/site-packages/gymnasium/spaces/box.py:415: UserWarning: [33mWARN: Casting input x to numpy array.[0m
  gym.logger.warn("Casting input x to numpy array.")
CEM solve time: 1.5808 seconds
/workspace/r10/env_old/lib/python3.12/site-packages/gymnasium/utils/passive_env_checker.py:129: UserWarning: [33mWARN: The obs returned by the `step()` method was expecting a numpy array, actual type: <class 'torch.Tensor'>[0m
  logger.warn(
/workspace/r10/env_old/lib/python3.12/site-packages/gymnasium/spaces/box.py:415: UserWarning: [33mWARN: Casting input x to numpy array.[0m
  gym.logger.warn("Casting input x to numpy array.")
/workspace/r10/env_old/lib/python3.12/site-packages/gymnasium/utils/passive_env_checker.py:129: UserWarning: [33mWARN: The obs returned by the `reset()` method was expecting a numpy array, actual type: <class 'torch.Tensor'>[0m
  logger.warn(
/workspace/r10/env_old/lib/python3.12/site-packages/gymnasium/spaces/box.py:415: UserWarning: [33mWARN: Casting input x to numpy array.[0m
  gym.logger.warn("Casting input x to numpy array.")
CEM solve time: 1.5858 seconds
/workspace/r10/env_old/lib/python3.12/site-packages/gymnasium/utils/passive_env_checker.py:129: UserWarning: [33mWARN: The obs returned by the `step()` method was expecting a numpy array, actual type: <class 'torch.Tensor'>[0m
  logger.warn(
/workspace/r10/env_old/lib/python3.12/site-packages/gymnasium/spaces/box.py:415: UserWarning: [33mWARN: Casting input x to numpy array.[0m
  gym.logger.warn("Casting input x to numpy array.")
{"completed": 92, "missing": 0, "case": "R8_tworoom_03482cb62a11aa50b0b8bb2a", "arm": "REFIT_103202", "stream": "R4_ALT_CEM_1", "mode": "H_REAL3_REPLAN"}
/workspace/r10/env_old/lib/python3.12/site-packages/gymnasium/utils/passive_env_checker.py:129: UserWarning: [33mWARN: The obs returned by the `reset()` method was expecting a numpy array, actual type: <class 'torch.Tensor'>[0m
  logger.warn(
/workspace/r10/env_old/lib/python3.12/site-packages/gymnasium/spaces/box.py:415: UserWarning: [33mWARN: Casting input x to numpy array.[0m
  gym.logger.warn("Casting input x to numpy array.")
CEM solve time: 1.5804 seconds
/workspace/r10/env_old/lib/python3.12/site-packages/gymnasium/utils/passive_env_checker.py:129: UserWarning: [33mWARN: The obs returned by the `step()` method was expecting a numpy array, actual type: <class 'torch.Tensor'>[0m
  logger.warn(
/workspace/r10/env_old/lib/python3.12/site-packages/gymnasium/spaces/box.py:415: UserWarning: [33mWARN: Casting input x to numpy array.[0m
  gym.logger.warn("Casting input x to numpy array.")
/workspace/r10/env_old/lib/python3.12/site-packages/gymnasium/utils/passive_env_checker.py:129: UserWarning: [33mWARN: The obs returned by the `reset()` method was expecting a numpy array, actual type: <class 'torch.Tensor'>[0m
  logger.warn(
/workspace/r10/env_old/lib/python3.12/site-packages/gymnasium/spaces/box.py:415: UserWarning: [33mWARN: Casting input x to numpy array.[0m
  gym.logger.warn("Casting input x to numpy array.")
CEM solve time: 1.6043 seconds
/workspace/r10/env_old/lib/python3.12/site-packages/gymnasium/utils/passive_env_checker.py:129: UserWarning: [33mWARN: The obs returned by the `step()` method was expecting a numpy array, actual type: <class 'torch.Tensor'>[0m
  logger.warn(
/workspace/r10/env_old/lib/python3.12/site-packages/gymnasium/spaces/box.py:415: UserWarning: [33mWARN: Casting input x to numpy array.[0m
  gym.logger.warn("Casting input x to numpy array.")
{"completed": 93, "missing": 0, "case": "R8_tworoom_03482cb62a11aa50b0b8bb2a", "arm": "REFIT_103202", "stream": "R4_ALT_CEM_2", "mode": "H_REAL3_REPLAN"}
/workspace/r10/env_old/lib/python3.12/site-packages/gymnasium/utils/passive_env_checker.py:129: UserWarning: [33mWARN: The obs returned by the `reset()` method was expecting a numpy array, actual type: <class 'torch.Tensor'>[0m
  logger.warn(
/workspace/r10/env_old/lib/python3.12/site-packages/gymnasium/spaces/box.py:415: UserWarning: [33mWARN: Casting input x to numpy array.[0m
  gym.logger.warn("Casting input x to numpy array.")
CEM solve time: 1.5987 seconds
/workspace/r10/env_old/lib/python3.12/site-packages/gymnasium/utils/passive_env_checker.py:129: UserWarning: [33mWARN: The obs returned by the `step()` method was expecting a numpy array, actual type: <class 'torch.Tensor'>[0m
  logger.warn(
/workspace/r10/env_old/lib/python3.12/site-packages/gymnasium/spaces/box.py:415: UserWarning: [33mWARN: Casting input x to numpy array.[0m
  gym.logger.warn("Casting input x to numpy array.")
CEM solve time: 1.5831 seconds
/workspace/r10/env_old/lib/python3.12/site-packages/gymnasium/utils/passive_env_checker.py:129: UserWarning: [33mWARN: The obs returned by the `reset()` method was expecting a numpy array, actual type: <class 'torch.Tensor'>[0m
  logger.warn(
/workspace/r10/env_old/lib/python3.12/site-packages/gymnasium/spaces/box.py:415: UserWarning: [33mWARN: Casting input x to numpy array.[0m
  gym.logger.warn("Casting input x to numpy array.")
CEM solve time: 1.5877 seconds
/workspace/r10/env_old/lib/python3.12/site-packages/gymnasium/utils/passive_env_checker.py:129: UserWarning: [33mWARN: The obs returned by the `step()` method was expecting a numpy array, actual type: <class 'torch.Tensor'>[0m
  logger.warn(
/workspace/r10/env_old/lib/python3.12/site-packages/gymnasium/spaces/box.py:415: UserWarning: [33mWARN: Casting input x to numpy array.[0m
  gym.logger.warn("Casting input x to numpy array.")
CEM solve time: 1.6010 seconds
{"completed": 94, "missing": 0, "case": "R8_tworoom_03efebeb192558a8fc438a3b", "arm": "REFIT_103202", "stream": "R3_ORIGINAL", "mode": "H_REAL3_REPLAN"}
/workspace/r10/env_old/lib/python3.12/site-packages/gymnasium/utils/passive_env_checker.py:129: UserWarning: [33mWARN: The obs returned by the `reset()` method was expecting a numpy array, actual type: <class 'torch.Tensor'>[0m
  logger.warn(
/workspace/r10/env_old/lib/python3.12/site-packages/gymnasium/spaces/box.py:415: UserWarning: [33mWARN: Casting input x to numpy array.[0m
  gym.logger.warn("Casting input x to numpy array.")
CEM solve time: 1.5880 seconds
/workspace/r10/env_old/lib/python3.12/site-packages/gymnasium/utils/passive_env_checker.py:129: UserWarning: [33mWARN: The obs returned by the `step()` method was expecting a numpy array, actual type: <class 'torch.Tensor'>[0m
  logger.warn(
/workspace/r10/env_old/lib/python3.12/site-packages/gymnasium/spaces/box.py:415: UserWarning: [33mWARN: Casting input x to numpy array.[0m
  gym.logger.warn("Casting input x to numpy array.")
/workspace/r10/env_old/lib/python3.12/site-packages/gymnasium/utils/passive_env_checker.py:129: UserWarning: [33mWARN: The obs returned by the `reset()` method was expecting a numpy array, actual type: <class 'torch.Tensor'>[0m
  logger.warn(
/workspace/r10/env_old/lib/python3.12/site-packages/gymnasium/spaces/box.py:415: UserWarning: [33mWARN: Casting input x to numpy array.[0m
  gym.logger.warn("Casting input x to numpy array.")
CEM solve time: 1.5862 seconds
/workspace/r10/env_old/lib/python3.12/site-packages/gymnasium/utils/passive_env_checker.py:129: UserWarning: [33mWARN: The obs returned by the `step()` method was expecting a numpy array, actual type: <class 'torch.Tensor'>[0m
  logger.warn(
/workspace/r10/env_old/lib/python3.12/site-packages/gymnasium/spaces/box.py:415: UserWarning: [33mWARN: Casting input x to numpy array.[0m
  gym.logger.warn("Casting input x to numpy array.")
{"completed": 95, "missing": 0, "case": "R8_tworoom_03efebeb192558a8fc438a3b", "arm": "REFIT_103202", "stream": "R4_ALT_CEM_1", "mode": "H_REAL3_REPLAN"}
/workspace/r10/env_old/lib/python3.12/site-packages/gymnasium/utils/passive_env_checker.py:129: UserWarning: [33mWARN: The obs returned by the `reset()` method was expecting a numpy array, actual type: <class 'torch.Tensor'>[0m
  logger.warn(
/workspace/r10/env_old/lib/python3.12/site-packages/gymnasium/spaces/box.py:415: UserWarning: [33mWARN: Casting input x to numpy array.[0m
  gym.logger.warn("Casting input x to numpy array.")
CEM solve time: 1.5867 seconds
/workspace/r10/env_old/lib/python3.12/site-packages/gymnasium/utils/passive_env_checker.py:129: UserWarning: [33mWARN: The obs returned by the `step()` method was expecting a numpy array, actual type: <class 'torch.Tensor'>[0m
  logger.warn(
/workspace/r10/env_old/lib/python3.12/site-packages/gymnasium/spaces/box.py:415: UserWarning: [33mWARN: Casting input x to numpy array.[0m
  gym.logger.warn("Casting input x to numpy array.")
CEM solve time: 1.5873 seconds
/workspace/r10/env_old/lib/python3.12/site-packages/gymnasium/utils/passive_env_checker.py:129: UserWarning: [33mWARN: The obs returned by the `reset()` method was expecting a numpy array, actual type: <class 'torch.Tensor'>[0m
  logger.warn(
/workspace/r10/env_old/lib/python3.12/site-packages/gymnasium/spaces/box.py:415: UserWarning: [33mWARN: Casting input x to numpy array.[0m
  gym.logger.warn("Casting input x to numpy array.")
CEM solve time: 1.5912 seconds
/workspace/r10/env_old/lib/python3.12/site-packages/gymnasium/utils/passive_env_checker.py:129: UserWarning: [33mWARN: The obs returned by the `step()` method was expecting a numpy array, actual type: <class 'torch.Tensor'>[0m
  logger.warn(
/workspace/r10/env_old/lib/python3.12/site-packages/gymnasium/spaces/box.py:415: UserWarning: [33mWARN: Casting input x to numpy array.[0m
  gym.logger.warn("Casting input x to numpy array.")
CEM solve time: 1.6229 seconds
{"completed": 96, "missing": 0, "case": "R8_tworoom_03efebeb192558a8fc438a3b", "arm": "REFIT_103202", "stream": "R4_ALT_CEM_2", "mode": "H_REAL3_REPLAN"}
/workspace/r10/env_old/lib/python3.12/site-packages/gymnasium/utils/passive_env_checker.py:129: UserWarning: [33mWARN: The obs returned by the `reset()` method was expecting a numpy array, actual type: <class 'torch.Tensor'>[0m
  logger.warn(
/workspace/r10/env_old/lib/python3.12/site-packages/gymnasium/spaces/box.py:415: UserWarning: [33mWARN: Casting input x to numpy array.[0m
  gym.logger.warn("Casting input x to numpy array.")
CEM solve time: 1.5911 seconds
/workspace/r10/env_old/lib/python3.12/site-packages/gymnasium/utils/passive_env_checker.py:129: UserWarning: [33mWARN: The obs returned by the `step()` method was expecting a numpy array, actual type: <class 'torch.Tensor'>[0m
  logger.warn(
/workspace/r10/env_old/lib/python3.12/site-packages/gymnasium/spaces/box.py:415: UserWarning: [33mWARN: Casting input x to numpy array.[0m
  gym.logger.warn("Casting input x to numpy array.")
CEM solve time: 1.5891 seconds
/workspace/r10/env_old/lib/python3.12/site-packages/gymnasium/utils/passive_env_checker.py:129: UserWarning: [33mWARN: The obs returned by the `reset()` method was expecting a numpy array, actual type: <class 'torch.Tensor'>[0m
  logger.warn(
/workspace/r10/env_old/lib/python3.12/site-packages/gymnasium/spaces/box.py:415: UserWarning: [33mWARN: Casting input x to numpy array.[0m
  gym.logger.warn("Casting input x to numpy array.")
CEM solve time: 1.5937 seconds
/workspace/r10/env_old/lib/python3.12/site-packages/gymnasium/utils/passive_env_checker.py:129: UserWarning: [33mWARN: The obs returned by the `step()` method was expecting a numpy array, actual type: <class 'torch.Tensor'>[0m
  logger.warn(
/workspace/r10/env_old/lib/python3.12/site-packages/gymnasium/spaces/box.py:415: UserWarning: [33mWARN: Casting input x to numpy array.[0m
  gym.logger.warn("Casting input x to numpy array.")
CEM solve time: 1.5992 seconds
{"completed": 97, "missing": 0, "case": "R8_tworoom_04c09f873c34ac20e9f83a16", "arm": "REFIT_103202", "stream": "R3_ORIGINAL", "mode": "H_REAL3_REPLAN"}
/workspace/r10/env_old/lib/python3.12/site-packages/gymnasium/utils/passive_env_checker.py:129: UserWarning: [33mWARN: The obs returned by the `reset()` method was expecting a numpy array, actual type: <class 'torch.Tensor'>[0m
  logger.warn(
/workspace/r10/env_old/lib/python3.12/site-packages/gymnasium/spaces/box.py:415: UserWarning: [33mWARN: Casting input x to numpy array.[0m
  gym.logger.warn("Casting input x to numpy array.")
CEM solve time: 1.5851 seconds
/workspace/r10/env_old/lib/python3.12/site-packages/gymnasium/utils/passive_env_checker.py:129: UserWarning: [33mWARN: The obs returned by the `step()` method was expecting a numpy array, actual type: <class 'torch.Tensor'>[0m
  logger.warn(
/workspace/r10/env_old/lib/python3.12/site-packages/gymnasium/spaces/box.py:415: UserWarning: [33mWARN: Casting input x to numpy array.[0m
  gym.logger.warn("Casting input x to numpy array.")
CEM solve time: 1.5935 seconds
/workspace/r10/env_old/lib/python3.12/site-packages/gymnasium/utils/passive_env_checker.py:129: UserWarning: [33mWARN: The obs returned by the `reset()` method was expecting a numpy array, actual type: <class 'torch.Tensor'>[0m
  logger.warn(
/workspace/r10/env_old/lib/python3.12/site-packages/gymnasium/spaces/box.py:415: UserWarning: [33mWARN: Casting input x to numpy array.[0m
  gym.logger.warn("Casting input x to numpy array.")
CEM solve time: 1.6665 seconds
/workspace/r10/env_old/lib/python3.12/site-packages/gymnasium/utils/passive_env_checker.py:129: UserWarning: [33mWARN: The obs returned by the `step()` method was expecting a numpy array, actual type: <class 'torch.Tensor'>[0m
  logger.warn(
/workspace/r10/env_old/lib/python3.12/site-packages/gymnasium/spaces/box.py:415: UserWarning: [33mWARN: Casting input x to numpy array.[0m
  gym.logger.warn("Casting input x to numpy array.")
CEM solve time: 1.5991 seconds
{"completed": 98, "missing": 0, "case": "R8_tworoom_04c09f873c34ac20e9f83a16", "arm": "REFIT_103202", "stream": "R4_ALT_CEM_1", "mode": "H_REAL3_REPLAN"}
/workspace/r10/env_old/lib/python3.12/site-packages/gymnasium/utils/passive_env_checker.py:129: UserWarning: [33mWARN: The obs returned by the `reset()` method was expecting a numpy array, actual type: <class 'torch.Tensor'>[0m
  logger.warn(
/workspace/r10/env_old/lib/python3.12/site-packages/gymnasium/spaces/box.py:415: UserWarning: [33mWARN: Casting input x to numpy array.[0m
  gym.logger.warn("Casting input x to numpy array.")
CEM solve time: 1.5889 seconds
/workspace/r10/env_old/lib/python3.12/site-packages/gymnasium/utils/passive_env_checker.py:129: UserWarning: [33mWARN: The obs returned by the `step()` method was expecting a numpy array, actual type: <class 'torch.Tensor'>[0m
  logger.warn(
/workspace/r10/env_old/lib/python3.12/site-packages/gymnasium/spaces/box.py:415: UserWarning: [33mWARN: Casting input x to numpy array.[0m
  gym.logger.warn("Casting input x to numpy array.")
CEM solve time: 1.5947 seconds
/workspace/r10/env_old/lib/python3.12/site-packages/gymnasium/utils/passive_env_checker.py:129: UserWarning: [33mWARN: The obs returned by the `reset()` method was expecting a numpy array, actual type: <class 'torch.Tensor'>[0m
  logger.warn(
/workspace/r10/env_old/lib/python3.12/site-packages/gymnasium/spaces/box.py:415: UserWarning: [33mWARN: Casting input x to numpy array.[0m
  gym.logger.warn("Casting input x to numpy array.")
CEM solve time: 1.5845 seconds
/workspace/r10/env_old/lib/python3.12/site-packages/gymnasium/utils/passive_env_checker.py:129: UserWarning: [33mWARN: The obs returned by the `step()` method was expecting a numpy array, actual type: <class 'torch.Tensor'>[0m
  logger.warn(
/workspace/r10/env_old/lib/python3.12/site-packages/gymnasium/spaces/box.py:415: UserWarning: [33mWARN: Casting input x to numpy array.[0m
  gym.logger.warn("Casting input x to numpy array.")
CEM solve time: 1.5932 seconds
{"completed": 99, "missing": 0, "case": "R8_tworoom_04c09f873c34ac20e9f83a16", "arm": "REFIT_103202", "stream": "R4_ALT_CEM_2", "mode": "H_REAL3_REPLAN"}
/workspace/r10/env_old/lib/python3.12/site-packages/gymnasium/utils/passive_env_checker.py:129: UserWarning: [33mWARN: The obs returned by the `reset()` method was expecting a numpy array, actual type: <class 'torch.Tensor'>[0m
  logger.warn(
/workspace/r10/env_old/lib/python3.12/site-packages/gymnasium/spaces/box.py:415: UserWarning: [33mWARN: Casting input x to numpy array.[0m
  gym.logger.warn("Casting input x to numpy array.")
CEM solve time: 1.5895 seconds
/workspace/r10/env_old/lib/python3.12/site-packages/gymnasium/utils/passive_env_checker.py:129: UserWarning: [33mWARN: The obs returned by the `step()` method was expecting a numpy array, actual type: <class 'torch.Tensor'>[0m
  logger.warn(
/workspace/r10/env_old/lib/python3.12/site-packages/gymnasium/spaces/box.py:415: UserWarning: [33mWARN: Casting input x to numpy array.[0m
  gym.logger.warn("Casting input x to numpy array.")
/workspace/r10/env_old/lib/python3.12/site-packages/gymnasium/utils/passive_env_checker.py:129: UserWarning: [33mWARN: The obs returned by the `reset()` method was expecting a numpy array, actual type: <class 'torch.Tensor'>[0m
  logger.warn(
/workspace/r10/env_old/lib/python3.12/site-packages/gymnasium/spaces/box.py:415: UserWarning: [33mWARN: Casting input x to numpy array.[0m
  gym.logger.warn("Casting input x to numpy array.")
CEM solve time: 1.5922 seconds
/workspace/r10/env_old/lib/python3.12/site-packages/gymnasium/utils/passive_env_checker.py:129: UserWarning: [33mWARN: The obs returned by the `step()` method was expecting a numpy array, actual type: <class 'torch.Tensor'>[0m
  logger.warn(
/workspace/r10/env_old/lib/python3.12/site-packages/gymnasium/spaces/box.py:415: UserWarning: [33mWARN: Casting input x to numpy array.[0m
  gym.logger.warn("Casting input x to numpy array.")
{"completed": 100, "missing": 0, "case": "R8_tworoom_0540b17b3765202545c99668", "arm": "REFIT_103202", "stream": "R3_ORIGINAL", "mode": "H_REAL3_REPLAN"}
/workspace/r10/env_old/lib/python3.12/site-packages/gymnasium/utils/passive_env_checker.py:129: UserWarning: [33mWARN: The obs returned by the `reset()` method was expecting a numpy array, actual type: <class 'torch.Tensor'>[0m
  logger.warn(
/workspace/r10/env_old/lib/python3.12/site-packages/gymnasium/spaces/box.py:415: UserWarning: [33mWARN: Casting input x to numpy array.[0m
  gym.logger.warn("Casting input x to numpy array.")
CEM solve time: 1.5827 seconds
/workspace/r10/env_old/lib/python3.12/site-packages/gymnasium/utils/passive_env_checker.py:129: UserWarning: [33mWARN: The obs returned by the `step()` method was expecting a numpy array, actual type: <class 'torch.Tensor'>[0m
  logger.warn(
/workspace/r10/env_old/lib/python3.12/site-packages/gymnasium/spaces/box.py:415: UserWarning: [33mWARN: Casting input x to numpy array.[0m
  gym.logger.warn("Casting input x to numpy array.")
/workspace/r10/env_old/lib/python3.12/site-packages/gymnasium/utils/passive_env_checker.py:129: UserWarning: [33mWARN: The obs returned by the `reset()` method was expecting a numpy array, actual type: <class 'torch.Tensor'>[0m
  logger.warn(
/workspace/r10/env_old/lib/python3.12/site-packages/gymnasium/spaces/box.py:415: UserWarning: [33mWARN: Casting input x to numpy array.[0m
  gym.logger.warn("Casting input x to numpy array.")
CEM solve time: 1.5906 seconds
/workspace/r10/env_old/lib/python3.12/site-packages/gymnasium/utils/passive_env_checker.py:129: UserWarning: [33mWARN: The obs returned by the `step()` method was expecting a numpy array, actual type: <class 'torch.Tensor'>[0m
  logger.warn(
/workspace/r10/env_old/lib/python3.12/site-packages/gymnasium/spaces/box.py:415: UserWarning: [33mWARN: Casting input x to numpy array.[0m
  gym.logger.warn("Casting input x to numpy array.")
{"completed": 101, "missing": 0, "case": "R8_tworoom_0540b17b3765202545c99668", "arm": "REFIT_103202", "stream": "R4_ALT_CEM_1", "mode": "H_REAL3_REPLAN"}
/workspace/r10/env_old/lib/python3.12/site-packages/gymnasium/utils/passive_env_checker.py:129: UserWarning: [33mWARN: The obs returned by the `reset()` method was expecting a numpy array, actual type: <class 'torch.Tensor'>[0m
  logger.warn(
/workspace/r10/env_old/lib/python3.12/site-packages/gymnasium/spaces/box.py:415: UserWarning: [33mWARN: Casting input x to numpy array.[0m
  gym.logger.warn("Casting input x to numpy array.")
CEM solve time: 1.5855 seconds
/workspace/r10/env_old/lib/python3.12/site-packages/gymnasium/utils/passive_env_checker.py:129: UserWarning: [33mWARN: The obs returned by the `step()` method was expecting a numpy array, actual type: <class 'torch.Tensor'>[0m
  logger.warn(
/workspace/r10/env_old/lib/python3.12/site-packages/gymnasium/spaces/box.py:415: UserWarning: [33mWARN: Casting input x to numpy array.[0m
  gym.logger.warn("Casting input x to numpy array.")
CEM solve time: 1.5866 seconds
/workspace/r10/env_old/lib/python3.12/site-packages/gymnasium/utils/passive_env_checker.py:129: UserWarning: [33mWARN: The obs returned by the `reset()` method was expecting a numpy array, actual type: <class 'torch.Tensor'>[0m
  logger.warn(
/workspace/r10/env_old/lib/python3.12/site-packages/gymnasium/spaces/box.py:415: UserWarning: [33mWARN: Casting input x to numpy array.[0m
  gym.logger.warn("Casting input x to numpy array.")
CEM solve time: 1.5876 seconds
/workspace/r10/env_old/lib/python3.12/site-packages/gymnasium/utils/passive_env_checker.py:129: UserWarning: [33mWARN: The obs returned by the `step()` method was expecting a numpy array, actual type: <class 'torch.Tensor'>[0m
  logger.warn(
/workspace/r10/env_old/lib/python3.12/site-packages/gymnasium/spaces/box.py:415: UserWarning: [33mWARN: Casting input x to numpy array.[0m
  gym.logger.warn("Casting input x to numpy array.")
CEM solve time: 1.6010 seconds
{"completed": 102, "missing": 0, "case": "R8_tworoom_0540b17b3765202545c99668", "arm": "REFIT_103202", "stream": "R4_ALT_CEM_2", "mode": "H_REAL3_REPLAN"}
/workspace/r10/env_old/lib/python3.12/site-packages/gymnasium/utils/passive_env_checker.py:129: UserWarning: [33mWARN: The obs returned by the `reset()` method was expecting a numpy array, actual type: <class 'torch.Tensor'>[0m
  logger.warn(
/workspace/r10/env_old/lib/python3.12/site-packages/gymnasium/spaces/box.py:415: UserWarning: [33mWARN: Casting input x to numpy array.[0m
  gym.logger.warn("Casting input x to numpy array.")
CEM solve time: 1.5949 seconds
/workspace/r10/env_old/lib/python3.12/site-packages/gymnasium/utils/passive_env_checker.py:129: UserWarning: [33mWARN: The obs returned by the `step()` method was expecting a numpy array, actual type: <class 'torch.Tensor'>[0m
  logger.warn(
/workspace/r10/env_old/lib/python3.12/site-packages/gymnasium/spaces/box.py:415: UserWarning: [33mWARN: Casting input x to numpy array.[0m
  gym.logger.warn("Casting input x to numpy array.")
/workspace/r10/env_old/lib/python3.12/site-packages/gymnasium/utils/passive_env_checker.py:129: UserWarning: [33mWARN: The obs returned by the `reset()` method was expecting a numpy array, actual type: <class 'torch.Tensor'>[0m
  logger.warn(
/workspace/r10/env_old/lib/python3.12/site-packages/gymnasium/spaces/box.py:415: UserWarning: [33mWARN: Casting input x to numpy array.[0m
  gym.logger.warn("Casting input x to numpy array.")
CEM solve time: 1.5863 seconds
/workspace/r10/env_old/lib/python3.12/site-packages/gymnasium/utils/passive_env_checker.py:129: UserWarning: [33mWARN: The obs returned by the `step()` method was expecting a numpy array, actual type: <class 'torch.Tensor'>[0m
  logger.warn(
/workspace/r10/env_old/lib/python3.12/site-packages/gymnasium/spaces/box.py:415: UserWarning: [33mWARN: Casting input x to numpy array.[0m
  gym.logger.warn("Casting input x to numpy array.")
{"completed": 103, "missing": 0, "case": "R8_tworoom_05ad61ff4222ae196d426a43", "arm": "REFIT_103202", "stream": "R3_ORIGINAL", "mode": "H_REAL3_REPLAN"}
/workspace/r10/env_old/lib/python3.12/site-packages/gymnasium/utils/passive_env_checker.py:129: UserWarning: [33mWARN: The obs returned by the `reset()` method was expecting a numpy array, actual type: <class 'torch.Tensor'>[0m
  logger.warn(
/workspace/r10/env_old/lib/python3.12/site-packages/gymnasium/spaces/box.py:415: UserWarning: [33mWARN: Casting input x to numpy array.[0m
  gym.logger.warn("Casting input x to numpy array.")
CEM solve time: 1.5919 seconds
/workspace/r10/env_old/lib/python3.12/site-packages/gymnasium/utils/passive_env_checker.py:129: UserWarning: [33mWARN: The obs returned by the `step()` method was expecting a numpy array, actual type: <class 'torch.Tensor'>[0m
  logger.warn(
/workspace/r10/env_old/lib/python3.12/site-packages/gymnasium/spaces/box.py:415: UserWarning: [33mWARN: Casting input x to numpy array.[0m
  gym.logger.warn("Casting input x to numpy array.")
/workspace/r10/env_old/lib/python3.12/site-packages/gymnasium/utils/passive_env_checker.py:129: UserWarning: [33mWARN: The obs returned by the `reset()` method was expecting a numpy array, actual type: <class 'torch.Tensor'>[0m
  logger.warn(
/workspace/r10/env_old/lib/python3.12/site-packages/gymnasium/spaces/box.py:415: UserWarning: [33mWARN: Casting input x to numpy array.[0m
  gym.logger.warn("Casting input x to numpy array.")
CEM solve time: 1.5868 seconds
/workspace/r10/env_old/lib/python3.12/site-packages/gymnasium/utils/passive_env_checker.py:129: UserWarning: [33mWARN: The obs returned by the `step()` method was expecting a numpy array, actual type: <class 'torch.Tensor'>[0m
  logger.warn(
/workspace/r10/env_old/lib/python3.12/site-packages/gymnasium/spaces/box.py:415: UserWarning: [33mWARN: Casting input x to numpy array.[0m
  gym.logger.warn("Casting input x to numpy array.")
{"completed": 104, "missing": 0, "case": "R8_tworoom_05ad61ff4222ae196d426a43", "arm": "REFIT_103202", "stream": "R4_ALT_CEM_1", "mode": "H_REAL3_REPLAN"}
/workspace/r10/env_old/lib/python3.12/site-packages/gymnasium/utils/passive_env_checker.py:129: UserWarning: [33mWARN: The obs returned by the `reset()` method was expecting a numpy array, actual type: <class 'torch.Tensor'>[0m
  logger.warn(
/workspace/r10/env_old/lib/python3.12/site-packages/gymnasium/spaces/box.py:415: UserWarning: [33mWARN: Casting input x to numpy array.[0m
  gym.logger.warn("Casting input x to numpy array.")
CEM solve time: 1.6309 seconds
/workspace/r10/env_old/lib/python3.12/site-packages/gymnasium/utils/passive_env_checker.py:129: UserWarning: [33mWARN: The obs returned by the `step()` method was expecting a numpy array, actual type: <class 'torch.Tensor'>[0m
  logger.warn(
/workspace/r10/env_old/lib/python3.12/site-packages/gymnasium/spaces/box.py:415: UserWarning: [33mWARN: Casting input x to numpy array.[0m
  gym.logger.warn("Casting input x to numpy array.")
/workspace/r10/env_old/lib/python3.12/site-packages/gymnasium/utils/passive_env_checker.py:129: UserWarning: [33mWARN: The obs returned by the `reset()` method was expecting a numpy array, actual type: <class 'torch.Tensor'>[0m
  logger.warn(
/workspace/r10/env_old/lib/python3.12/site-packages/gymnasium/spaces/box.py:415: UserWarning: [33mWARN: Casting input x to numpy array.[0m
  gym.logger.warn("Casting input x to numpy array.")
CEM solve time: 1.5792 seconds
/workspace/r10/env_old/lib/python3.12/site-packages/gymnasium/utils/passive_env_checker.py:129: UserWarning: [33mWARN: The obs returned by the `step()` method was expecting a numpy array, actual type: <class 'torch.Tensor'>[0m
  logger.warn(
/workspace/r10/env_old/lib/python3.12/site-packages/gymnasium/spaces/box.py:415: UserWarning: [33mWARN: Casting input x to numpy array.[0m
  gym.logger.warn("Casting input x to numpy array.")
{"completed": 105, "missing": 0, "case": "R8_tworoom_05ad61ff4222ae196d426a43", "arm": "REFIT_103202", "stream": "R4_ALT_CEM_2", "mode": "H_REAL3_REPLAN"}
/workspace/r10/env_old/lib/python3.12/site-packages/gymnasium/utils/passive_env_checker.py:129: UserWarning: [33mWARN: The obs returned by the `reset()` method was expecting a numpy array, actual type: <class 'torch.Tensor'>[0m
  logger.warn(
/workspace/r10/env_old/lib/python3.12/site-packages/gymnasium/spaces/box.py:415: UserWarning: [33mWARN: Casting input x to numpy array.[0m
  gym.logger.warn("Casting input x to numpy array.")
CEM solve time: 1.5764 seconds
/workspace/r10/env_old/lib/python3.12/site-packages/gymnasium/utils/passive_env_checker.py:129: UserWarning: [33mWARN: The obs returned by the `step()` method was expecting a numpy array, actual type: <class 'torch.Tensor'>[0m
  logger.warn(
/workspace/r10/env_old/lib/python3.12/site-packages/gymnasium/spaces/box.py:415: UserWarning: [33mWARN: Casting input x to numpy array.[0m
  gym.logger.warn("Casting input x to numpy array.")
/workspace/r10/env_old/lib/python3.12/site-packages/gymnasium/utils/passive_env_checker.py:129: UserWarning: [33mWARN: The obs returned by the `reset()` method was expecting a numpy array, actual type: <class 'torch.Tensor'>[0m
  logger.warn(
/workspace/r10/env_old/lib/python3.12/site-packages/gymnasium/spaces/box.py:415: UserWarning: [33mWARN: Casting input x to numpy array.[0m
  gym.logger.warn("Casting input x to numpy array.")
CEM solve time: 1.5809 seconds
/workspace/r10/env_old/lib/python3.12/site-packages/gymnasium/utils/passive_env_checker.py:129: UserWarning: [33mWARN: The obs returned by the `step()` method was expecting a numpy array, actual type: <class 'torch.Tensor'>[0m
  logger.warn(
/workspace/r10/env_old/lib/python3.12/site-packages/gymnasium/spaces/box.py:415: UserWarning: [33mWARN: Casting input x to numpy array.[0m
  gym.logger.warn("Casting input x to numpy array.")
{"completed": 106, "missing": 0, "case": "R8_tworoom_06e9f3b311a1a95f40a9ceee", "arm": "REFIT_103202", "stream": "R3_ORIGINAL", "mode": "H_REAL3_REPLAN"}
/workspace/r10/env_old/lib/python3.12/site-packages/gymnasium/utils/passive_env_checker.py:129: UserWarning: [33mWARN: The obs returned by the `reset()` method was expecting a numpy array, actual type: <class 'torch.Tensor'>[0m
  logger.warn(
/workspace/r10/env_old/lib/python3.12/site-packages/gymnasium/spaces/box.py:415: UserWarning: [33mWARN: Casting input x to numpy array.[0m
  gym.logger.warn("Casting input x to numpy array.")
CEM solve time: 1.5820 seconds
/workspace/r10/env_old/lib/python3.12/site-packages/gymnasium/utils/passive_env_checker.py:129: UserWarning: [33mWARN: The obs returned by the `step()` method was expecting a numpy array, actual type: <class 'torch.Tensor'>[0m
  logger.warn(
/workspace/r10/env_old/lib/python3.12/site-packages/gymnasium/spaces/box.py:415: UserWarning: [33mWARN: Casting input x to numpy array.[0m
  gym.logger.warn("Casting input x to numpy array.")
/workspace/r10/env_old/lib/python3.12/site-packages/gymnasium/utils/passive_env_checker.py:129: UserWarning: [33mWARN: The obs returned by the `reset()` method was expecting a numpy array, actual type: <class 'torch.Tensor'>[0m
  logger.warn(
/workspace/r10/env_old/lib/python3.12/site-packages/gymnasium/spaces/box.py:415: UserWarning: [33mWARN: Casting input x to numpy array.[0m
  gym.logger.warn("Casting input x to numpy array.")
CEM solve time: 1.5783 seconds
/workspace/r10/env_old/lib/python3.12/site-packages/gymnasium/utils/passive_env_checker.py:129: UserWarning: [33mWARN: The obs returned by the `step()` method was expecting a numpy array, actual type: <class 'torch.Tensor'>[0m
  logger.warn(
/workspace/r10/env_old/lib/python3.12/site-packages/gymnasium/spaces/box.py:415: UserWarning: [33mWARN: Casting input x to numpy array.[0m
  gym.logger.warn("Casting input x to numpy array.")
{"completed": 107, "missing": 0, "case": "R8_tworoom_06e9f3b311a1a95f40a9ceee", "arm": "REFIT_103202", "stream": "R4_ALT_CEM_1", "mode": "H_REAL3_REPLAN"}
/workspace/r10/env_old/lib/python3.12/site-packages/gymnasium/utils/passive_env_checker.py:129: UserWarning: [33mWARN: The obs returned by the `reset()` method was expecting a numpy array, actual type: <class 'torch.Tensor'>[0m
  logger.warn(
/workspace/r10/env_old/lib/python3.12/site-packages/gymnasium/spaces/box.py:415: UserWarning: [33mWARN: Casting input x to numpy array.[0m
  gym.logger.warn("Casting input x to numpy array.")
CEM solve time: 1.5814 seconds
/workspace/r10/env_old/lib/python3.12/site-packages/gymnasium/utils/passive_env_checker.py:129: UserWarning: [33mWARN: The obs returned by the `step()` method was expecting a numpy array, actual type: <class 'torch.Tensor'>[0m
  logger.warn(
/workspace/r10/env_old/lib/python3.12/site-packages/gymnasium/spaces/box.py:415: UserWarning: [33mWARN: Casting input x to numpy array.[0m
  gym.logger.warn("Casting input x to numpy array.")
/workspace/r10/env_old/lib/python3.12/site-packages/gymnasium/utils/passive_env_checker.py:129: UserWarning: [33mWARN: The obs returned by the `reset()` method was expecting a numpy array, actual type: <class 'torch.Tensor'>[0m
  logger.warn(
/workspace/r10/env_old/lib/python3.12/site-packages/gymnasium/spaces/box.py:415: UserWarning: [33mWARN: Casting input x to numpy array.[0m
  gym.logger.warn("Casting input x to numpy array.")
CEM solve time: 1.5771 seconds
/workspace/r10/env_old/lib/python3.12/site-packages/gymnasium/utils/passive_env_checker.py:129: UserWarning: [33mWARN: The obs returned by the `step()` method was expecting a numpy array, actual type: <class 'torch.Tensor'>[0m
  logger.warn(
/workspace/r10/env_old/lib/python3.12/site-packages/gymnasium/spaces/box.py:415: UserWarning: [33mWARN: Casting input x to numpy array.[0m
  gym.logger.warn("Casting input x to numpy array.")
{"completed": 108, "missing": 0, "case": "R8_tworoom_06e9f3b311a1a95f40a9ceee", "arm": "REFIT_103202", "stream": "R4_ALT_CEM_2", "mode": "H_REAL3_REPLAN"}
/workspace/r10/env_old/lib/python3.12/site-packages/gymnasium/utils/passive_env_checker.py:129: UserWarning: [33mWARN: The obs returned by the `reset()` method was expecting a numpy array, actual type: <class 'torch.Tensor'>[0m
  logger.warn(
/workspace/r10/env_old/lib/python3.12/site-packages/gymnasium/spaces/box.py:415: UserWarning: [33mWARN: Casting input x to numpy array.[0m
  gym.logger.warn("Casting input x to numpy array.")
CEM solve time: 1.5799 seconds
/workspace/r10/env_old/lib/python3.12/site-packages/gymnasium/utils/passive_env_checker.py:129: UserWarning: [33mWARN: The obs returned by the `step()` method was expecting a numpy array, actual type: <class 'torch.Tensor'>[0m
  logger.warn(
/workspace/r10/env_old/lib/python3.12/site-packages/gymnasium/spaces/box.py:415: UserWarning: [33mWARN: Casting input x to numpy array.[0m
  gym.logger.warn("Casting input x to numpy array.")
/workspace/r10/env_old/lib/python3.12/site-packages/gymnasium/utils/passive_env_checker.py:129: UserWarning: [33mWARN: The obs returned by the `reset()` method was expecting a numpy array, actual type: <class 'torch.Tensor'>[0m
  logger.warn(
CEM solve time: 1.5801 seconds
/workspace/r10/env_old/lib/python3.12/site-packages/gymnasium/utils/passive_env_checker.py:129: UserWarning: [33mWARN: The obs returned by the `step()` method was expecting a numpy array, actual type: <class 'torch.Tensor'>[0m
  logger.warn(
/workspace/r10/env_old/lib/python3.12/site-packages/gymnasium/spaces/box.py:415: UserWarning: [33mWARN: Casting input x to numpy array.[0m
  gym.logger.warn("Casting input x to numpy array.")
{"completed": 109, "missing": 0, "case": "R8_tworoom_0786a563c4ee34cac10614cf", "arm": "REFIT_103202", "stream": "R3_ORIGINAL", "mode": "H_REAL3_REPLAN"}
/workspace/r10/env_old/lib/python3.12/site-packages/gymnasium/utils/passive_env_checker.py:129: UserWarning: [33mWARN: The obs returned by the `reset()` method was expecting a numpy array, actual type: <class 'torch.Tensor'>[0m
  logger.warn(
CEM solve time: 1.5828 seconds
/workspace/r10/env_old/lib/python3.12/site-packages/gymnasium/utils/passive_env_checker.py:129: UserWarning: [33mWARN: The obs returned by the `step()` method was expecting a numpy array, actual type: <class 'torch.Tensor'>[0m
  logger.warn(
/workspace/r10/env_old/lib/python3.12/site-packages/gymnasium/spaces/box.py:415: UserWarning: [33mWARN: Casting input x to numpy array.[0m
  gym.logger.warn("Casting input x to numpy array.")
/workspace/r10/env_old/lib/python3.12/site-packages/gymnasium/utils/passive_env_checker.py:129: UserWarning: [33mWARN: The obs returned by the `reset()` method was expecting a numpy array, actual type: <class 'torch.Tensor'>[0m
  logger.warn(
CEM solve time: 1.5833 seconds
/workspace/r10/env_old/lib/python3.12/site-packages/gymnasium/utils/passive_env_checker.py:129: UserWarning: [33mWARN: The obs returned by the `step()` method was expecting a numpy array, actual type: <class 'torch.Tensor'>[0m
  logger.warn(
/workspace/r10/env_old/lib/python3.12/site-packages/gymnasium/spaces/box.py:415: UserWarning: [33mWARN: Casting input x to numpy array.[0m
  gym.logger.warn("Casting input x to numpy array.")
{"completed": 110, "missing": 0, "case": "R8_tworoom_0786a563c4ee34cac10614cf", "arm": "REFIT_103202", "stream": "R4_ALT_CEM_1", "mode": "H_REAL3_REPLAN"}
/workspace/r10/env_old/lib/python3.12/site-packages/gymnasium/utils/passive_env_checker.py:129: UserWarning: [33mWARN: The obs returned by the `reset()` method was expecting a numpy array, actual type: <class 'torch.Tensor'>[0m
  logger.warn(
CEM solve time: 1.6014 seconds
/workspace/r10/env_old/lib/python3.12/site-packages/gymnasium/utils/passive_env_checker.py:129: UserWarning: [33mWARN: The obs returned by the `step()` method was expecting a numpy array, actual type: <class 'torch.Tensor'>[0m
  logger.warn(
/workspace/r10/env_old/lib/python3.12/site-packages/gymnasium/spaces/box.py:415: UserWarning: [33mWARN: Casting input x to numpy array.[0m
  gym.logger.warn("Casting input x to numpy array.")
/workspace/r10/env_old/lib/python3.12/site-packages/gymnasium/utils/passive_env_checker.py:129: UserWarning: [33mWARN: The obs returned by the `reset()` method was expecting a numpy array, actual type: <class 'torch.Tensor'>[0m
  logger.warn(
/workspace/r10/env_old/lib/python3.12/site-packages/gymnasium/spaces/box.py:415: UserWarning: [33mWARN: Casting input x to numpy array.[0m
  gym.logger.warn("Casting input x to numpy array.")
CEM solve time: 1.5906 seconds
/workspace/r10/env_old/lib/python3.12/site-packages/gymnasium/utils/passive_env_checker.py:129: UserWarning: [33mWARN: The obs returned by the `step()` method was expecting a numpy array, actual type: <class 'torch.Tensor'>[0m
  logger.warn(
/workspace/r10/env_old/lib/python3.12/site-packages/gymnasium/spaces/box.py:415: UserWarning: [33mWARN: Casting input x to numpy array.[0m
  gym.logger.warn("Casting input x to numpy array.")
{"completed": 111, "missing": 0, "case": "R8_tworoom_0786a563c4ee34cac10614cf", "arm": "REFIT_103202", "stream": "R4_ALT_CEM_2", "mode": "H_REAL3_REPLAN"}
/workspace/r10/env_old/lib/python3.12/site-packages/gymnasium/utils/passive_env_checker.py:129: UserWarning: [33mWARN: The obs returned by the `reset()` method was expecting a numpy array, actual type: <class 'torch.Tensor'>[0m
  logger.warn(
/workspace/r10/env_old/lib/python3.12/site-packages/gymnasium/spaces/box.py:415: UserWarning: [33mWARN: Casting input x to numpy array.[0m
  gym.logger.warn("Casting input x to numpy array.")
CEM solve time: 1.5847 seconds
/workspace/r10/env_old/lib/python3.12/site-packages/gymnasium/utils/passive_env_checker.py:129: UserWarning: [33mWARN: The obs returned by the `step()` method was expecting a numpy array, actual type: <class 'torch.Tensor'>[0m
  logger.warn(
/workspace/r10/env_old/lib/python3.12/site-packages/gymnasium/spaces/box.py:415: UserWarning: [33mWARN: Casting input x to numpy array.[0m
  gym.logger.warn("Casting input x to numpy array.")
/workspace/r10/env_old/lib/python3.12/site-packages/gymnasium/utils/passive_env_checker.py:129: UserWarning: [33mWARN: The obs returned by the `reset()` method was expecting a numpy array, actual type: <class 'torch.Tensor'>[0m
  logger.warn(
/workspace/r10/env_old/lib/python3.12/site-packages/gymnasium/spaces/box.py:415: UserWarning: [33mWARN: Casting input x to numpy array.[0m
  gym.logger.warn("Casting input x to numpy array.")
CEM solve time: 1.5780 seconds
/workspace/r10/env_old/lib/python3.12/site-packages/gymnasium/utils/passive_env_checker.py:129: UserWarning: [33mWARN: The obs returned by the `step()` method was expecting a numpy array, actual type: <class 'torch.Tensor'>[0m
  logger.warn(
/workspace/r10/env_old/lib/python3.12/site-packages/gymnasium/spaces/box.py:415: UserWarning: [33mWARN: Casting input x to numpy array.[0m
  gym.logger.warn("Casting input x to numpy array.")
{"completed": 112, "missing": 0, "case": "R8_tworoom_07fe2e9d497008591b7dfd91", "arm": "REFIT_103202", "stream": "R3_ORIGINAL", "mode": "H_REAL3_REPLAN"}
/workspace/r10/env_old/lib/python3.12/site-packages/gymnasium/utils/passive_env_checker.py:129: UserWarning: [33mWARN: The obs returned by the `reset()` method was expecting a numpy array, actual type: <class 'torch.Tensor'>[0m
  logger.warn(
/workspace/r10/env_old/lib/python3.12/site-packages/gymnasium/spaces/box.py:415: UserWarning: [33mWARN: Casting input x to numpy array.[0m
  gym.logger.warn("Casting input x to numpy array.")
CEM solve time: 1.5913 seconds
/workspace/r10/env_old/lib/python3.12/site-packages/gymnasium/utils/passive_env_checker.py:129: UserWarning: [33mWARN: The obs returned by the `step()` method was expecting a numpy array, actual type: <class 'torch.Tensor'>[0m
  logger.warn(
/workspace/r10/env_old/lib/python3.12/site-packages/gymnasium/spaces/box.py:415: UserWarning: [33mWARN: Casting input x to numpy array.[0m
  gym.logger.warn("Casting input x to numpy array.")
/workspace/r10/env_old/lib/python3.12/site-packages/gymnasium/utils/passive_env_checker.py:129: UserWarning: [33mWARN: The obs returned by the `reset()` method was expecting a numpy array, actual type: <class 'torch.Tensor'>[0m
  logger.warn(
/workspace/r10/env_old/lib/python3.12/site-packages/gymnasium/spaces/box.py:415: UserWarning: [33mWARN: Casting input x to numpy array.[0m
  gym.logger.warn("Casting input x to numpy array.")
CEM solve time: 1.6313 seconds
/workspace/r10/env_old/lib/python3.12/site-packages/gymnasium/utils/passive_env_checker.py:129: UserWarning: [33mWARN: The obs returned by the `step()` method was expecting a numpy array, actual type: <class 'torch.Tensor'>[0m
  logger.warn(
/workspace/r10/env_old/lib/python3.12/site-packages/gymnasium/spaces/box.py:415: UserWarning: [33mWARN: Casting input x to numpy array.[0m
  gym.logger.warn("Casting input x to numpy array.")
{"completed": 113, "missing": 0, "case": "R8_tworoom_07fe2e9d497008591b7dfd91", "arm": "REFIT_103202", "stream": "R4_ALT_CEM_1", "mode": "H_REAL3_REPLAN"}
/workspace/r10/env_old/lib/python3.12/site-packages/gymnasium/utils/passive_env_checker.py:129: UserWarning: [33mWARN: The obs returned by the `reset()` method was expecting a numpy array, actual type: <class 'torch.Tensor'>[0m
  logger.warn(
/workspace/r10/env_old/lib/python3.12/site-packages/gymnasium/spaces/box.py:415: UserWarning: [33mWARN: Casting input x to numpy array.[0m
  gym.logger.warn("Casting input x to numpy array.")
CEM solve time: 1.6097 seconds
/workspace/r10/env_old/lib/python3.12/site-packages/gymnasium/utils/passive_env_checker.py:129: UserWarning: [33mWARN: The obs returned by the `step()` method was expecting a numpy array, actual type: <class 'torch.Tensor'>[0m
  logger.warn(
/workspace/r10/env_old/lib/python3.12/site-packages/gymnasium/spaces/box.py:415: UserWarning: [33mWARN: Casting input x to numpy array.[0m
  gym.logger.warn("Casting input x to numpy array.")
/workspace/r10/env_old/lib/python3.12/site-packages/gymnasium/utils/passive_env_checker.py:129: UserWarning: [33mWARN: The obs returned by the `reset()` method was expecting a numpy array, actual type: <class 'torch.Tensor'>[0m
  logger.warn(
/workspace/r10/env_old/lib/python3.12/site-packages/gymnasium/spaces/box.py:415: UserWarning: [33mWARN: Casting input x to numpy array.[0m
  gym.logger.warn("Casting input x to numpy array.")
CEM solve time: 1.5822 seconds
/workspace/r10/env_old/lib/python3.12/site-packages/gymnasium/utils/passive_env_checker.py:129: UserWarning: [33mWARN: The obs returned by the `step()` method was expecting a numpy array, actual type: <class 'torch.Tensor'>[0m
  logger.warn(
/workspace/r10/env_old/lib/python3.12/site-packages/gymnasium/spaces/box.py:415: UserWarning: [33mWARN: Casting input x to numpy array.[0m
  gym.logger.warn("Casting input x to numpy array.")
{"completed": 114, "missing": 0, "case": "R8_tworoom_07fe2e9d497008591b7dfd91", "arm": "REFIT_103202", "stream": "R4_ALT_CEM_2", "mode": "H_REAL3_REPLAN"}
/workspace/r10/env_old/lib/python3.12/site-packages/gymnasium/utils/passive_env_checker.py:129: UserWarning: [33mWARN: The obs returned by the `reset()` method was expecting a numpy array, actual type: <class 'torch.Tensor'>[0m
  logger.warn(
/workspace/r10/env_old/lib/python3.12/site-packages/gymnasium/spaces/box.py:415: UserWarning: [33mWARN: Casting input x to numpy array.[0m
  gym.logger.warn("Casting input x to numpy array.")
CEM solve time: 1.5920 seconds
/workspace/r10/env_old/lib/python3.12/site-packages/gymnasium/utils/passive_env_checker.py:129: UserWarning: [33mWARN: The obs returned by the `step()` method was expecting a numpy array, actual type: <class 'torch.Tensor'>[0m
  logger.warn(
/workspace/r10/env_old/lib/python3.12/site-packages/gymnasium/spaces/box.py:415: UserWarning: [33mWARN: Casting input x to numpy array.[0m
  gym.logger.warn("Casting input x to numpy array.")
CEM solve time: 1.5987 seconds
/workspace/r10/env_old/lib/python3.12/site-packages/gymnasium/utils/passive_env_checker.py:129: UserWarning: [33mWARN: The obs returned by the `reset()` method was expecting a numpy array, actual type: <class 'torch.Tensor'>[0m
  logger.warn(
/workspace/r10/env_old/lib/python3.12/site-packages/gymnasium/spaces/box.py:415: UserWarning: [33mWARN: Casting input x to numpy array.[0m
  gym.logger.warn("Casting input x to numpy array.")
CEM solve time: 1.5927 seconds
/workspace/r10/env_old/lib/python3.12/site-packages/gymnasium/utils/passive_env_checker.py:129: UserWarning: [33mWARN: The obs returned by the `step()` method was expecting a numpy array, actual type: <class 'torch.Tensor'>[0m
  logger.warn(
/workspace/r10/env_old/lib/python3.12/site-packages/gymnasium/spaces/box.py:415: UserWarning: [33mWARN: Casting input x to numpy array.[0m
  gym.logger.warn("Casting input x to numpy array.")
CEM solve time: 1.5979 seconds
{"completed": 115, "missing": 0, "case": "R8_tworoom_08fae1c7d5506f5d6c5ca8ac", "arm": "REFIT_103202", "stream": "R3_ORIGINAL", "mode": "H_REAL3_REPLAN"}
/workspace/r10/env_old/lib/python3.12/site-packages/gymnasium/utils/passive_env_checker.py:129: UserWarning: [33mWARN: The obs returned by the `reset()` method was expecting a numpy array, actual type: <class 'torch.Tensor'>[0m
  logger.warn(
/workspace/r10/env_old/lib/python3.12/site-packages/gymnasium/spaces/box.py:415: UserWarning: [33mWARN: Casting input x to numpy array.[0m
  gym.logger.warn("Casting input x to numpy array.")
CEM solve time: 1.5868 seconds
/workspace/r10/env_old/lib/python3.12/site-packages/gymnasium/utils/passive_env_checker.py:129: UserWarning: [33mWARN: The obs returned by the `step()` method was expecting a numpy array, actual type: <class 'torch.Tensor'>[0m
  logger.warn(
/workspace/r10/env_old/lib/python3.12/site-packages/gymnasium/spaces/box.py:415: UserWarning: [33mWARN: Casting input x to numpy array.[0m
  gym.logger.warn("Casting input x to numpy array.")
CEM solve time: 1.5851 seconds
/workspace/r10/env_old/lib/python3.12/site-packages/gymnasium/utils/passive_env_checker.py:129: UserWarning: [33mWARN: The obs returned by the `reset()` method was expecting a numpy array, actual type: <class 'torch.Tensor'>[0m
  logger.warn(
/workspace/r10/env_old/lib/python3.12/site-packages/gymnasium/spaces/box.py:415: UserWarning: [33mWARN: Casting input x to numpy array.[0m
  gym.logger.warn("Casting input x to numpy array.")
CEM solve time: 1.5899 seconds
/workspace/r10/env_old/lib/python3.12/site-packages/gymnasium/utils/passive_env_checker.py:129: UserWarning: [33mWARN: The obs returned by the `step()` method was expecting a numpy array, actual type: <class 'torch.Tensor'>[0m
  logger.warn(
/workspace/r10/env_old/lib/python3.12/site-packages/gymnasium/spaces/box.py:415: UserWarning: [33mWARN: Casting input x to numpy array.[0m
  gym.logger.warn("Casting input x to numpy array.")
CEM solve time: 1.5954 seconds
{"completed": 116, "missing": 0, "case": "R8_tworoom_08fae1c7d5506f5d6c5ca8ac", "arm": "REFIT_103202", "stream": "R4_ALT_CEM_1", "mode": "H_REAL3_REPLAN"}
/workspace/r10/env_old/lib/python3.12/site-packages/gymnasium/utils/passive_env_checker.py:129: UserWarning: [33mWARN: The obs returned by the `reset()` method was expecting a numpy array, actual type: <class 'torch.Tensor'>[0m
  logger.warn(
/workspace/r10/env_old/lib/python3.12/site-packages/gymnasium/spaces/box.py:415: UserWarning: [33mWARN: Casting input x to numpy array.[0m
  gym.logger.warn("Casting input x to numpy array.")
CEM solve time: 1.5943 seconds
/workspace/r10/env_old/lib/python3.12/site-packages/gymnasium/utils/passive_env_checker.py:129: UserWarning: [33mWARN: The obs returned by the `step()` method was expecting a numpy array, actual type: <class 'torch.Tensor'>[0m
  logger.warn(
/workspace/r10/env_old/lib/python3.12/site-packages/gymnasium/spaces/box.py:415: UserWarning: [33mWARN: Casting input x to numpy array.[0m
  gym.logger.warn("Casting input x to numpy array.")
CEM solve time: 1.5845 seconds
/workspace/r10/env_old/lib/python3.12/site-packages/gymnasium/utils/passive_env_checker.py:129: UserWarning: [33mWARN: The obs returned by the `reset()` method was expecting a numpy array, actual type: <class 'torch.Tensor'>[0m
  logger.warn(
/workspace/r10/env_old/lib/python3.12/site-packages/gymnasium/spaces/box.py:415: UserWarning: [33mWARN: Casting input x to numpy array.[0m
  gym.logger.warn("Casting input x to numpy array.")
CEM solve time: 1.5790 seconds
/workspace/r10/env_old/lib/python3.12/site-packages/gymnasium/utils/passive_env_checker.py:129: UserWarning: [33mWARN: The obs returned by the `step()` method was expecting a numpy array, actual type: <class 'torch.Tensor'>[0m
  logger.warn(
/workspace/r10/env_old/lib/python3.12/site-packages/gymnasium/spaces/box.py:415: UserWarning: [33mWARN: Casting input x to numpy array.[0m
  gym.logger.warn("Casting input x to numpy array.")
CEM solve time: 1.5935 seconds
{"completed": 117, "missing": 0, "case": "R8_tworoom_08fae1c7d5506f5d6c5ca8ac", "arm": "REFIT_103202", "stream": "R4_ALT_CEM_2", "mode": "H_REAL3_REPLAN"}
/workspace/r10/env_old/lib/python3.12/site-packages/gymnasium/utils/passive_env_checker.py:129: UserWarning: [33mWARN: The obs returned by the `reset()` method was expecting a numpy array, actual type: <class 'torch.Tensor'>[0m
  logger.warn(
/workspace/r10/env_old/lib/python3.12/site-packages/gymnasium/spaces/box.py:415: UserWarning: [33mWARN: Casting input x to numpy array.[0m
  gym.logger.warn("Casting input x to numpy array.")
CEM solve time: 1.5835 seconds
/workspace/r10/env_old/lib/python3.12/site-packages/gymnasium/utils/passive_env_checker.py:129: UserWarning: [33mWARN: The obs returned by the `step()` method was expecting a numpy array, actual type: <class 'torch.Tensor'>[0m
  logger.warn(
/workspace/r10/env_old/lib/python3.12/site-packages/gymnasium/spaces/box.py:415: UserWarning: [33mWARN: Casting input x to numpy array.[0m
  gym.logger.warn("Casting input x to numpy array.")
/workspace/r10/env_old/lib/python3.12/site-packages/gymnasium/utils/passive_env_checker.py:129: UserWarning: [33mWARN: The obs returned by the `reset()` method was expecting a numpy array, actual type: <class 'torch.Tensor'>[0m
  logger.warn(
/workspace/r10/env_old/lib/python3.12/site-packages/gymnasium/spaces/box.py:415: UserWarning: [33mWARN: Casting input x to numpy array.[0m
  gym.logger.warn("Casting input x to numpy array.")
CEM solve time: 1.5818 seconds
/workspace/r10/env_old/lib/python3.12/site-packages/gymnasium/utils/passive_env_checker.py:129: UserWarning: [33mWARN: The obs returned by the `step()` method was expecting a numpy array, actual type: <class 'torch.Tensor'>[0m
  logger.warn(
/workspace/r10/env_old/lib/python3.12/site-packages/gymnasium/spaces/box.py:415: UserWarning: [33mWARN: Casting input x to numpy array.[0m
  gym.logger.warn("Casting input x to numpy array.")
{"completed": 118, "missing": 0, "case": "R8_tworoom_005aa86707a07a874aa9a029", "arm": "REFIT_103203", "stream": "R3_ORIGINAL", "mode": "H_REAL3_REPLAN"}
/workspace/r10/env_old/lib/python3.12/site-packages/gymnasium/utils/passive_env_checker.py:129: UserWarning: [33mWARN: The obs returned by the `reset()` method was expecting a numpy array, actual type: <class 'torch.Tensor'>[0m
  logger.warn(
/workspace/r10/env_old/lib/python3.12/site-packages/gymnasium/spaces/box.py:415: UserWarning: [33mWARN: Casting input x to numpy array.[0m
  gym.logger.warn("Casting input x to numpy array.")
CEM solve time: 1.5827 seconds
/workspace/r10/env_old/lib/python3.12/site-packages/gymnasium/utils/passive_env_checker.py:129: UserWarning: [33mWARN: The obs returned by the `step()` method was expecting a numpy array, actual type: <class 'torch.Tensor'>[0m
  logger.warn(
/workspace/r10/env_old/lib/python3.12/site-packages/gymnasium/spaces/box.py:415: UserWarning: [33mWARN: Casting input x to numpy array.[0m
  gym.logger.warn("Casting input x to numpy array.")
/workspace/r10/env_old/lib/python3.12/site-packages/gymnasium/utils/passive_env_checker.py:129: UserWarning: [33mWARN: The obs returned by the `reset()` method was expecting a numpy array, actual type: <class 'torch.Tensor'>[0m
  logger.warn(
/workspace/r10/env_old/lib/python3.12/site-packages/gymnasium/spaces/box.py:415: UserWarning: [33mWARN: Casting input x to numpy array.[0m
  gym.logger.warn("Casting input x to numpy array.")
CEM solve time: 1.5799 seconds
/workspace/r10/env_old/lib/python3.12/site-packages/gymnasium/utils/passive_env_checker.py:129: UserWarning: [33mWARN: The obs returned by the `step()` method was expecting a numpy array, actual type: <class 'torch.Tensor'>[0m
  logger.warn(
/workspace/r10/env_old/lib/python3.12/site-packages/gymnasium/spaces/box.py:415: UserWarning: [33mWARN: Casting input x to numpy array.[0m
  gym.logger.warn("Casting input x to numpy array.")
{"completed": 119, "missing": 0, "case": "R8_tworoom_005aa86707a07a874aa9a029", "arm": "REFIT_103203", "stream": "R4_ALT_CEM_1", "mode": "H_REAL3_REPLAN"}
/workspace/r10/env_old/lib/python3.12/site-packages/gymnasium/utils/passive_env_checker.py:129: UserWarning: [33mWARN: The obs returned by the `reset()` method was expecting a numpy array, actual type: <class 'torch.Tensor'>[0m
  logger.warn(
/workspace/r10/env_old/lib/python3.12/site-packages/gymnasium/spaces/box.py:415: UserWarning: [33mWARN: Casting input x to numpy array.[0m
  gym.logger.warn("Casting input x to numpy array.")
CEM solve time: 1.5899 seconds
/workspace/r10/env_old/lib/python3.12/site-packages/gymnasium/utils/passive_env_checker.py:129: UserWarning: [33mWARN: The obs returned by the `step()` method was expecting a numpy array, actual type: <class 'torch.Tensor'>[0m
  logger.warn(
/workspace/r10/env_old/lib/python3.12/site-packages/gymnasium/spaces/box.py:415: UserWarning: [33mWARN: Casting input x to numpy array.[0m
  gym.logger.warn("Casting input x to numpy array.")
/workspace/r10/env_old/lib/python3.12/site-packages/gymnasium/utils/passive_env_checker.py:129: UserWarning: [33mWARN: The obs returned by the `reset()` method was expecting a numpy array, actual type: <class 'torch.Tensor'>[0m
  logger.warn(
/workspace/r10/env_old/lib/python3.12/site-packages/gymnasium/spaces/box.py:415: UserWarning: [33mWARN: Casting input x to numpy array.[0m
  gym.logger.warn("Casting input x to numpy array.")
CEM solve time: 1.5768 seconds
/workspace/r10/env_old/lib/python3.12/site-packages/gymnasium/utils/passive_env_checker.py:129: UserWarning: [33mWARN: The obs returned by the `step()` method was expecting a numpy array, actual type: <class 'torch.Tensor'>[0m
  logger.warn(
/workspace/r10/env_old/lib/python3.12/site-packages/gymnasium/spaces/box.py:415: UserWarning: [33mWARN: Casting input x to numpy array.[0m
  gym.logger.warn("Casting input x to numpy array.")
{"completed": 120, "missing": 0, "case": "R8_tworoom_005aa86707a07a874aa9a029", "arm": "REFIT_103203", "stream": "R4_ALT_CEM_2", "mode": "H_REAL3_REPLAN"}
/workspace/r10/env_old/lib/python3.12/site-packages/gymnasium/utils/passive_env_checker.py:129: UserWarning: [33mWARN: The obs returned by the `reset()` method was expecting a numpy array, actual type: <class 'torch.Tensor'>[0m
  logger.warn(
/workspace/r10/env_old/lib/python3.12/site-packages/gymnasium/spaces/box.py:415: UserWarning: [33mWARN: Casting input x to numpy array.[0m
  gym.logger.warn("Casting input x to numpy array.")
CEM solve time: 1.5808 seconds
/workspace/r10/env_old/lib/python3.12/site-packages/gymnasium/utils/passive_env_checker.py:129: UserWarning: [33mWARN: The obs returned by the `step()` method was expecting a numpy array, actual type: <class 'torch.Tensor'>[0m
  logger.warn(
/workspace/r10/env_old/lib/python3.12/site-packages/gymnasium/spaces/box.py:415: UserWarning: [33mWARN: Casting input x to numpy array.[0m
  gym.logger.warn("Casting input x to numpy array.")
/workspace/r10/env_old/lib/python3.12/site-packages/gymnasium/utils/passive_env_checker.py:129: UserWarning: [33mWARN: The obs returned by the `reset()` method was expecting a numpy array, actual type: <class 'torch.Tensor'>[0m
  logger.warn(
/workspace/r10/env_old/lib/python3.12/site-packages/gymnasium/spaces/box.py:415: UserWarning: [33mWARN: Casting input x to numpy array.[0m
  gym.logger.warn("Casting input x to numpy array.")
CEM solve time: 1.5841 seconds
/workspace/r10/env_old/lib/python3.12/site-packages/gymnasium/utils/passive_env_checker.py:129: UserWarning: [33mWARN: The obs returned by the `step()` method was expecting a numpy array, actual type: <class 'torch.Tensor'>[0m
  logger.warn(
/workspace/r10/env_old/lib/python3.12/site-packages/gymnasium/spaces/box.py:415: UserWarning: [33mWARN: Casting input x to numpy array.[0m
  gym.logger.warn("Casting input x to numpy array.")
{"completed": 121, "missing": 0, "case": "R8_tworoom_01ae7626ffa6fa257b7c7adf", "arm": "REFIT_103203", "stream": "R3_ORIGINAL", "mode": "H_REAL3_REPLAN"}
/workspace/r10/env_old/lib/python3.12/site-packages/gymnasium/utils/passive_env_checker.py:129: UserWarning: [33mWARN: The obs returned by the `reset()` method was expecting a numpy array, actual type: <class 'torch.Tensor'>[0m
  logger.warn(
/workspace/r10/env_old/lib/python3.12/site-packages/gymnasium/spaces/box.py:415: UserWarning: [33mWARN: Casting input x to numpy array.[0m
  gym.logger.warn("Casting input x to numpy array.")
CEM solve time: 1.5846 seconds
/workspace/r10/env_old/lib/python3.12/site-packages/gymnasium/utils/passive_env_checker.py:129: UserWarning: [33mWARN: The obs returned by the `step()` method was expecting a numpy array, actual type: <class 'torch.Tensor'>[0m
  logger.warn(
/workspace/r10/env_old/lib/python3.12/site-packages/gymnasium/spaces/box.py:415: UserWarning: [33mWARN: Casting input x to numpy array.[0m
  gym.logger.warn("Casting input x to numpy array.")
/workspace/r10/env_old/lib/python3.12/site-packages/gymnasium/utils/passive_env_checker.py:129: UserWarning: [33mWARN: The obs returned by the `reset()` method was expecting a numpy array, actual type: <class 'torch.Tensor'>[0m
  logger.warn(
/workspace/r10/env_old/lib/python3.12/site-packages/gymnasium/spaces/box.py:415: UserWarning: [33mWARN: Casting input x to numpy array.[0m
  gym.logger.warn("Casting input x to numpy array.")
CEM solve time: 1.5776 seconds
/workspace/r10/env_old/lib/python3.12/site-packages/gymnasium/utils/passive_env_checker.py:129: UserWarning: [33mWARN: The obs returned by the `step()` method was expecting a numpy array, actual type: <class 'torch.Tensor'>[0m
  logger.warn(
/workspace/r10/env_old/lib/python3.12/site-packages/gymnasium/spaces/box.py:415: UserWarning: [33mWARN: Casting input x to numpy array.[0m
  gym.logger.warn("Casting input x to numpy array.")
{"completed": 122, "missing": 0, "case": "R8_tworoom_01ae7626ffa6fa257b7c7adf", "arm": "REFIT_103203", "stream": "R4_ALT_CEM_1", "mode": "H_REAL3_REPLAN"}
/workspace/r10/env_old/lib/python3.12/site-packages/gymnasium/utils/passive_env_checker.py:129: UserWarning: [33mWARN: The obs returned by the `reset()` method was expecting a numpy array, actual type: <class 'torch.Tensor'>[0m
  logger.warn(
/workspace/r10/env_old/lib/python3.12/site-packages/gymnasium/spaces/box.py:415: UserWarning: [33mWARN: Casting input x to numpy array.[0m
  gym.logger.warn("Casting input x to numpy array.")
CEM solve time: 1.5876 seconds
/workspace/r10/env_old/lib/python3.12/site-packages/gymnasium/utils/passive_env_checker.py:129: UserWarning: [33mWARN: The obs returned by the `step()` method was expecting a numpy array, actual type: <class 'torch.Tensor'>[0m
  logger.warn(
/workspace/r10/env_old/lib/python3.12/site-packages/gymnasium/spaces/box.py:415: UserWarning: [33mWARN: Casting input x to numpy array.[0m
  gym.logger.warn("Casting input x to numpy array.")
/workspace/r10/env_old/lib/python3.12/site-packages/gymnasium/utils/passive_env_checker.py:129: UserWarning: [33mWARN: The obs returned by the `reset()` method was expecting a numpy array, actual type: <class 'torch.Tensor'>[0m
  logger.warn(
/workspace/r10/env_old/lib/python3.12/site-packages/gymnasium/spaces/box.py:415: UserWarning: [33mWARN: Casting input x to numpy array.[0m
  gym.logger.warn("Casting input x to numpy array.")
CEM solve time: 1.5799 seconds
/workspace/r10/env_old/lib/python3.12/site-packages/gymnasium/utils/passive_env_checker.py:129: UserWarning: [33mWARN: The obs returned by the `step()` method was expecting a numpy array, actual type: <class 'torch.Tensor'>[0m
  logger.warn(
/workspace/r10/env_old/lib/python3.12/site-packages/gymnasium/spaces/box.py:415: UserWarning: [33mWARN: Casting input x to numpy array.[0m
  gym.logger.warn("Casting input x to numpy array.")
{"completed": 123, "missing": 0, "case": "R8_tworoom_01ae7626ffa6fa257b7c7adf", "arm": "REFIT_103203", "stream": "R4_ALT_CEM_2", "mode": "H_REAL3_REPLAN"}
/workspace/r10/env_old/lib/python3.12/site-packages/gymnasium/utils/passive_env_checker.py:129: UserWarning: [33mWARN: The obs returned by the `reset()` method was expecting a numpy array, actual type: <class 'torch.Tensor'>[0m
  logger.warn(
/workspace/r10/env_old/lib/python3.12/site-packages/gymnasium/spaces/box.py:415: UserWarning: [33mWARN: Casting input x to numpy array.[0m
  gym.logger.warn("Casting input x to numpy array.")
CEM solve time: 1.5865 seconds
/workspace/r10/env_old/lib/python3.12/site-packages/gymnasium/utils/passive_env_checker.py:129: UserWarning: [33mWARN: The obs returned by the `step()` method was expecting a numpy array, actual type: <class 'torch.Tensor'>[0m
  logger.warn(
/workspace/r10/env_old/lib/python3.12/site-packages/gymnasium/spaces/box.py:415: UserWarning: [33mWARN: Casting input x to numpy array.[0m
  gym.logger.warn("Casting input x to numpy array.")
CEM solve time: 1.5826 seconds
/workspace/r10/env_old/lib/python3.12/site-packages/gymnasium/utils/passive_env_checker.py:129: UserWarning: [33mWARN: The obs returned by the `reset()` method was expecting a numpy array, actual type: <class 'torch.Tensor'>[0m
  logger.warn(
/workspace/r10/env_old/lib/python3.12/site-packages/gymnasium/spaces/box.py:415: UserWarning: [33mWARN: Casting input x to numpy array.[0m
  gym.logger.warn("Casting input x to numpy array.")
CEM solve time: 1.5820 seconds
/workspace/r10/env_old/lib/python3.12/site-packages/gymnasium/utils/passive_env_checker.py:129: UserWarning: [33mWARN: The obs returned by the `step()` method was expecting a numpy array, actual type: <class 'torch.Tensor'>[0m
  logger.warn(
/workspace/r10/env_old/lib/python3.12/site-packages/gymnasium/spaces/box.py:415: UserWarning: [33mWARN: Casting input x to numpy array.[0m
  gym.logger.warn("Casting input x to numpy array.")
CEM solve time: 1.5989 seconds
{"completed": 124, "missing": 0, "case": "R8_tworoom_02263f4317267b20880e541d", "arm": "REFIT_103203", "stream": "R3_ORIGINAL", "mode": "H_REAL3_REPLAN"}
/workspace/r10/env_old/lib/python3.12/site-packages/gymnasium/utils/passive_env_checker.py:129: UserWarning: [33mWARN: The obs returned by the `reset()` method was expecting a numpy array, actual type: <class 'torch.Tensor'>[0m
  logger.warn(
/workspace/r10/env_old/lib/python3.12/site-packages/gymnasium/spaces/box.py:415: UserWarning: [33mWARN: Casting input x to numpy array.[0m
  gym.logger.warn("Casting input x to numpy array.")
CEM solve time: 1.5831 seconds
/workspace/r10/env_old/lib/python3.12/site-packages/gymnasium/utils/passive_env_checker.py:129: UserWarning: [33mWARN: The obs returned by the `step()` method was expecting a numpy array, actual type: <class 'torch.Tensor'>[0m
  logger.warn(
/workspace/r10/env_old/lib/python3.12/site-packages/gymnasium/spaces/box.py:415: UserWarning: [33mWARN: Casting input x to numpy array.[0m
  gym.logger.warn("Casting input x to numpy array.")
/workspace/r10/env_old/lib/python3.12/site-packages/gymnasium/utils/passive_env_checker.py:129: UserWarning: [33mWARN: The obs returned by the `reset()` method was expecting a numpy array, actual type: <class 'torch.Tensor'>[0m
  logger.warn(
/workspace/r10/env_old/lib/python3.12/site-packages/gymnasium/spaces/box.py:415: UserWarning: [33mWARN: Casting input x to numpy array.[0m
  gym.logger.warn("Casting input x to numpy array.")
CEM solve time: 1.5866 seconds
/workspace/r10/env_old/lib/python3.12/site-packages/gymnasium/utils/passive_env_checker.py:129: UserWarning: [33mWARN: The obs returned by the `step()` method was expecting a numpy array, actual type: <class 'torch.Tensor'>[0m
  logger.warn(
/workspace/r10/env_old/lib/python3.12/site-packages/gymnasium/spaces/box.py:415: UserWarning: [33mWARN: Casting input x to numpy array.[0m
  gym.logger.warn("Casting input x to numpy array.")
{"completed": 125, "missing": 0, "case": "R8_tworoom_02263f4317267b20880e541d", "arm": "REFIT_103203", "stream": "R4_ALT_CEM_1", "mode": "H_REAL3_REPLAN"}
/workspace/r10/env_old/lib/python3.12/site-packages/gymnasium/utils/passive_env_checker.py:129: UserWarning: [33mWARN: The obs returned by the `reset()` method was expecting a numpy array, actual type: <class 'torch.Tensor'>[0m
  logger.warn(
/workspace/r10/env_old/lib/python3.12/site-packages/gymnasium/spaces/box.py:415: UserWarning: [33mWARN: Casting input x to numpy array.[0m
  gym.logger.warn("Casting input x to numpy array.")
CEM solve time: 1.5819 seconds
/workspace/r10/env_old/lib/python3.12/site-packages/gymnasium/utils/passive_env_checker.py:129: UserWarning: [33mWARN: The obs returned by the `step()` method was expecting a numpy array, actual type: <class 'torch.Tensor'>[0m
  logger.warn(
/workspace/r10/env_old/lib/python3.12/site-packages/gymnasium/spaces/box.py:415: UserWarning: [33mWARN: Casting input x to numpy array.[0m
  gym.logger.warn("Casting input x to numpy array.")
/workspace/r10/env_old/lib/python3.12/site-packages/gymnasium/utils/passive_env_checker.py:129: UserWarning: [33mWARN: The obs returned by the `reset()` method was expecting a numpy array, actual type: <class 'torch.Tensor'>[0m
  logger.warn(
/workspace/r10/env_old/lib/python3.12/site-packages/gymnasium/spaces/box.py:415: UserWarning: [33mWARN: Casting input x to numpy array.[0m
  gym.logger.warn("Casting input x to numpy array.")
CEM solve time: 1.6530 seconds
/workspace/r10/env_old/lib/python3.12/site-packages/gymnasium/utils/passive_env_checker.py:129: UserWarning: [33mWARN: The obs returned by the `step()` method was expecting a numpy array, actual type: <class 'torch.Tensor'>[0m
  logger.warn(
/workspace/r10/env_old/lib/python3.12/site-packages/gymnasium/spaces/box.py:415: UserWarning: [33mWARN: Casting input x to numpy array.[0m
  gym.logger.warn("Casting input x to numpy array.")
{"completed": 126, "missing": 0, "case": "R8_tworoom_02263f4317267b20880e541d", "arm": "REFIT_103203", "stream": "R4_ALT_CEM_2", "mode": "H_REAL3_REPLAN"}
/workspace/r10/env_old/lib/python3.12/site-packages/gymnasium/utils/passive_env_checker.py:129: UserWarning: [33mWARN: The obs returned by the `reset()` method was expecting a numpy array, actual type: <class 'torch.Tensor'>[0m
  logger.warn(
/workspace/r10/env_old/lib/python3.12/site-packages/gymnasium/spaces/box.py:415: UserWarning: [33mWARN: Casting input x to numpy array.[0m
  gym.logger.warn("Casting input x to numpy array.")
CEM solve time: 1.5825 seconds
/workspace/r10/env_old/lib/python3.12/site-packages/gymnasium/utils/passive_env_checker.py:129: UserWarning: [33mWARN: The obs returned by the `step()` method was expecting a numpy array, actual type: <class 'torch.Tensor'>[0m
  logger.warn(
/workspace/r10/env_old/lib/python3.12/site-packages/gymnasium/spaces/box.py:415: UserWarning: [33mWARN: Casting input x to numpy array.[0m
  gym.logger.warn("Casting input x to numpy array.")
/workspace/r10/env_old/lib/python3.12/site-packages/gymnasium/utils/passive_env_checker.py:129: UserWarning: [33mWARN: The obs returned by the `reset()` method was expecting a numpy array, actual type: <class 'torch.Tensor'>[0m
  logger.warn(
/workspace/r10/env_old/lib/python3.12/site-packages/gymnasium/spaces/box.py:415: UserWarning: [33mWARN: Casting input x to numpy array.[0m
  gym.logger.warn("Casting input x to numpy array.")
CEM solve time: 1.5832 seconds
/workspace/r10/env_old/lib/python3.12/site-packages/gymnasium/utils/passive_env_checker.py:129: UserWarning: [33mWARN: The obs returned by the `step()` method was expecting a numpy array, actual type: <class 'torch.Tensor'>[0m
  logger.warn(
/workspace/r10/env_old/lib/python3.12/site-packages/gymnasium/spaces/box.py:415: UserWarning: [33mWARN: Casting input x to numpy array.[0m
  gym.logger.warn("Casting input x to numpy array.")
{"completed": 127, "missing": 0, "case": "R8_tworoom_02c039936a6720d15d8b0f8b", "arm": "REFIT_103203", "stream": "R3_ORIGINAL", "mode": "H_REAL3_REPLAN"}
/workspace/r10/env_old/lib/python3.12/site-packages/gymnasium/utils/passive_env_checker.py:129: UserWarning: [33mWARN: The obs returned by the `reset()` method was expecting a numpy array, actual type: <class 'torch.Tensor'>[0m
  logger.warn(
/workspace/r10/env_old/lib/python3.12/site-packages/gymnasium/spaces/box.py:415: UserWarning: [33mWARN: Casting input x to numpy array.[0m
  gym.logger.warn("Casting input x to numpy array.")
CEM solve time: 1.5819 seconds
/workspace/r10/env_old/lib/python3.12/site-packages/gymnasium/utils/passive_env_checker.py:129: UserWarning: [33mWARN: The obs returned by the `step()` method was expecting a numpy array, actual type: <class 'torch.Tensor'>[0m
  logger.warn(
/workspace/r10/env_old/lib/python3.12/site-packages/gymnasium/spaces/box.py:415: UserWarning: [33mWARN: Casting input x to numpy array.[0m
  gym.logger.warn("Casting input x to numpy array.")
CEM solve time: 1.5809 seconds
/workspace/r10/env_old/lib/python3.12/site-packages/gymnasium/utils/passive_env_checker.py:129: UserWarning: [33mWARN: The obs returned by the `reset()` method was expecting a numpy array, actual type: <class 'torch.Tensor'>[0m
  logger.warn(
/workspace/r10/env_old/lib/python3.12/site-packages/gymnasium/spaces/box.py:415: UserWarning: [33mWARN: Casting input x to numpy array.[0m
  gym.logger.warn("Casting input x to numpy array.")
CEM solve time: 1.5769 seconds
/workspace/r10/env_old/lib/python3.12/site-packages/gymnasium/utils/passive_env_checker.py:129: UserWarning: [33mWARN: The obs returned by the `step()` method was expecting a numpy array, actual type: <class 'torch.Tensor'>[0m
  logger.warn(
/workspace/r10/env_old/lib/python3.12/site-packages/gymnasium/spaces/box.py:415: UserWarning: [33mWARN: Casting input x to numpy array.[0m
  gym.logger.warn("Casting input x to numpy array.")
CEM solve time: 1.6010 seconds
{"completed": 128, "missing": 0, "case": "R8_tworoom_02c039936a6720d15d8b0f8b", "arm": "REFIT_103203", "stream": "R4_ALT_CEM_1", "mode": "H_REAL3_REPLAN"}
/workspace/r10/env_old/lib/python3.12/site-packages/gymnasium/utils/passive_env_checker.py:129: UserWarning: [33mWARN: The obs returned by the `reset()` method was expecting a numpy array, actual type: <class 'torch.Tensor'>[0m
  logger.warn(
/workspace/r10/env_old/lib/python3.12/site-packages/gymnasium/spaces/box.py:415: UserWarning: [33mWARN: Casting input x to numpy array.[0m
  gym.logger.warn("Casting input x to numpy array.")
CEM solve time: 1.6062 seconds
/workspace/r10/env_old/lib/python3.12/site-packages/gymnasium/utils/passive_env_checker.py:129: UserWarning: [33mWARN: The obs returned by the `step()` method was expecting a numpy array, actual type: <class 'torch.Tensor'>[0m
  logger.warn(
/workspace/r10/env_old/lib/python3.12/site-packages/gymnasium/spaces/box.py:415: UserWarning: [33mWARN: Casting input x to numpy array.[0m
  gym.logger.warn("Casting input x to numpy array.")
/workspace/r10/env_old/lib/python3.12/site-packages/gymnasium/utils/passive_env_checker.py:129: UserWarning: [33mWARN: The obs returned by the `reset()` method was expecting a numpy array, actual type: <class 'torch.Tensor'>[0m
  logger.warn(
/workspace/r10/env_old/lib/python3.12/site-packages/gymnasium/spaces/box.py:415: UserWarning: [33mWARN: Casting input x to numpy array.[0m
  gym.logger.warn("Casting input x to numpy array.")
CEM solve time: 1.5795 seconds
/workspace/r10/env_old/lib/python3.12/site-packages/gymnasium/utils/passive_env_checker.py:129: UserWarning: [33mWARN: The obs returned by the `step()` method was expecting a numpy array, actual type: <class 'torch.Tensor'>[0m
  logger.warn(
/workspace/r10/env_old/lib/python3.12/site-packages/gymnasium/spaces/box.py:415: UserWarning: [33mWARN: Casting input x to numpy array.[0m
  gym.logger.warn("Casting input x to numpy array.")
{"completed": 129, "missing": 0, "case": "R8_tworoom_02c039936a6720d15d8b0f8b", "arm": "REFIT_103203", "stream": "R4_ALT_CEM_2", "mode": "H_REAL3_REPLAN"}
/workspace/r10/env_old/lib/python3.12/site-packages/gymnasium/utils/passive_env_checker.py:129: UserWarning: [33mWARN: The obs returned by the `reset()` method was expecting a numpy array, actual type: <class 'torch.Tensor'>[0m
  logger.warn(
/workspace/r10/env_old/lib/python3.12/site-packages/gymnasium/spaces/box.py:415: UserWarning: [33mWARN: Casting input x to numpy array.[0m
  gym.logger.warn("Casting input x to numpy array.")
CEM solve time: 1.5770 seconds
/workspace/r10/env_old/lib/python3.12/site-packages/gymnasium/utils/passive_env_checker.py:129: UserWarning: [33mWARN: The obs returned by the `step()` method was expecting a numpy array, actual type: <class 'torch.Tensor'>[0m
  logger.warn(
/workspace/r10/env_old/lib/python3.12/site-packages/gymnasium/spaces/box.py:415: UserWarning: [33mWARN: Casting input x to numpy array.[0m
  gym.logger.warn("Casting input x to numpy array.")
/workspace/r10/env_old/lib/python3.12/site-packages/gymnasium/utils/passive_env_checker.py:129: UserWarning: [33mWARN: The obs returned by the `reset()` method was expecting a numpy array, actual type: <class 'torch.Tensor'>[0m
  logger.warn(
/workspace/r10/env_old/lib/python3.12/site-packages/gymnasium/spaces/box.py:415: UserWarning: [33mWARN: Casting input x to numpy array.[0m
  gym.logger.warn("Casting input x to numpy array.")
CEM solve time: 1.5812 seconds
/workspace/r10/env_old/lib/python3.12/site-packages/gymnasium/utils/passive_env_checker.py:129: UserWarning: [33mWARN: The obs returned by the `step()` method was expecting a numpy array, actual type: <class 'torch.Tensor'>[0m
  logger.warn(
/workspace/r10/env_old/lib/python3.12/site-packages/gymnasium/spaces/box.py:415: UserWarning: [33mWARN: Casting input x to numpy array.[0m
  gym.logger.warn("Casting input x to numpy array.")
{"completed": 130, "missing": 0, "case": "R8_tworoom_03482cb62a11aa50b0b8bb2a", "arm": "REFIT_103203", "stream": "R3_ORIGINAL", "mode": "H_REAL3_REPLAN"}
/workspace/r10/env_old/lib/python3.12/site-packages/gymnasium/utils/passive_env_checker.py:129: UserWarning: [33mWARN: The obs returned by the `reset()` method was expecting a numpy array, actual type: <class 'torch.Tensor'>[0m
  logger.warn(
/workspace/r10/env_old/lib/python3.12/site-packages/gymnasium/spaces/box.py:415: UserWarning: [33mWARN: Casting input x to numpy array.[0m
  gym.logger.warn("Casting input x to numpy array.")
CEM solve time: 1.5775 seconds
/workspace/r10/env_old/lib/python3.12/site-packages/gymnasium/utils/passive_env_checker.py:129: UserWarning: [33mWARN: The obs returned by the `step()` method was expecting a numpy array, actual type: <class 'torch.Tensor'>[0m
  logger.warn(
/workspace/r10/env_old/lib/python3.12/site-packages/gymnasium/spaces/box.py:415: UserWarning: [33mWARN: Casting input x to numpy array.[0m
  gym.logger.warn("Casting input x to numpy array.")
/workspace/r10/env_old/lib/python3.12/site-packages/gymnasium/utils/passive_env_checker.py:129: UserWarning: [33mWARN: The obs returned by the `reset()` method was expecting a numpy array, actual type: <class 'torch.Tensor'>[0m
  logger.warn(
/workspace/r10/env_old/lib/python3.12/site-packages/gymnasium/spaces/box.py:415: UserWarning: [33mWARN: Casting input x to numpy array.[0m
  gym.logger.warn("Casting input x to numpy array.")
CEM solve time: 1.5833 seconds
/workspace/r10/env_old/lib/python3.12/site-packages/gymnasium/utils/passive_env_checker.py:129: UserWarning: [33mWARN: The obs returned by the `step()` method was expecting a numpy array, actual type: <class 'torch.Tensor'>[0m
  logger.warn(
/workspace/r10/env_old/lib/python3.12/site-packages/gymnasium/spaces/box.py:415: UserWarning: [33mWARN: Casting input x to numpy array.[0m
  gym.logger.warn("Casting input x to numpy array.")
{"completed": 131, "missing": 0, "case": "R8_tworoom_03482cb62a11aa50b0b8bb2a", "arm": "REFIT_103203", "stream": "R4_ALT_CEM_1", "mode": "H_REAL3_REPLAN"}
/workspace/r10/env_old/lib/python3.12/site-packages/gymnasium/utils/passive_env_checker.py:129: UserWarning: [33mWARN: The obs returned by the `reset()` method was expecting a numpy array, actual type: <class 'torch.Tensor'>[0m
  logger.warn(
/workspace/r10/env_old/lib/python3.12/site-packages/gymnasium/spaces/box.py:415: UserWarning: [33mWARN: Casting input x to numpy array.[0m
  gym.logger.warn("Casting input x to numpy array.")
CEM solve time: 1.5851 seconds
/workspace/r10/env_old/lib/python3.12/site-packages/gymnasium/utils/passive_env_checker.py:129: UserWarning: [33mWARN: The obs returned by the `step()` method was expecting a numpy array, actual type: <class 'torch.Tensor'>[0m
  logger.warn(
/workspace/r10/env_old/lib/python3.12/site-packages/gymnasium/spaces/box.py:415: UserWarning: [33mWARN: Casting input x to numpy array.[0m
  gym.logger.warn("Casting input x to numpy array.")
/workspace/r10/env_old/lib/python3.12/site-packages/gymnasium/utils/passive_env_checker.py:129: UserWarning: [33mWARN: The obs returned by the `reset()` method was expecting a numpy array, actual type: <class 'torch.Tensor'>[0m
  logger.warn(
/workspace/r10/env_old/lib/python3.12/site-packages/gymnasium/spaces/box.py:415: UserWarning: [33mWARN: Casting input x to numpy array.[0m
  gym.logger.warn("Casting input x to numpy array.")
CEM solve time: 1.5832 seconds
/workspace/r10/env_old/lib/python3.12/site-packages/gymnasium/utils/passive_env_checker.py:129: UserWarning: [33mWARN: The obs returned by the `step()` method was expecting a numpy array, actual type: <class 'torch.Tensor'>[0m
  logger.warn(
/workspace/r10/env_old/lib/python3.12/site-packages/gymnasium/spaces/box.py:415: UserWarning: [33mWARN: Casting input x to numpy array.[0m
  gym.logger.warn("Casting input x to numpy array.")
{"completed": 132, "missing": 0, "case": "R8_tworoom_03482cb62a11aa50b0b8bb2a", "arm": "REFIT_103203", "stream": "R4_ALT_CEM_2", "mode": "H_REAL3_REPLAN"}
/workspace/r10/env_old/lib/python3.12/site-packages/gymnasium/utils/passive_env_checker.py:129: UserWarning: [33mWARN: The obs returned by the `reset()` method was expecting a numpy array, actual type: <class 'torch.Tensor'>[0m
  logger.warn(
/workspace/r10/env_old/lib/python3.12/site-packages/gymnasium/spaces/box.py:415: UserWarning: [33mWARN: Casting input x to numpy array.[0m
  gym.logger.warn("Casting input x to numpy array.")
CEM solve time: 1.5857 seconds
/workspace/r10/env_old/lib/python3.12/site-packages/gymnasium/utils/passive_env_checker.py:129: UserWarning: [33mWARN: The obs returned by the `step()` method was expecting a numpy array, actual type: <class 'torch.Tensor'>[0m
  logger.warn(
/workspace/r10/env_old/lib/python3.12/site-packages/gymnasium/spaces/box.py:415: UserWarning: [33mWARN: Casting input x to numpy array.[0m
  gym.logger.warn("Casting input x to numpy array.")
CEM solve time: 1.5806 seconds
/workspace/r10/env_old/lib/python3.12/site-packages/gymnasium/utils/passive_env_checker.py:129: UserWarning: [33mWARN: The obs returned by the `reset()` method was expecting a numpy array, actual type: <class 'torch.Tensor'>[0m
  logger.warn(
/workspace/r10/env_old/lib/python3.12/site-packages/gymnasium/spaces/box.py:415: UserWarning: [33mWARN: Casting input x to numpy array.[0m
  gym.logger.warn("Casting input x to numpy array.")
CEM solve time: 1.5904 seconds
/workspace/r10/env_old/lib/python3.12/site-packages/gymnasium/utils/passive_env_checker.py:129: UserWarning: [33mWARN: The obs returned by the `step()` method was expecting a numpy array, actual type: <class 'torch.Tensor'>[0m
  logger.warn(
/workspace/r10/env_old/lib/python3.12/site-packages/gymnasium/spaces/box.py:415: UserWarning: [33mWARN: Casting input x to numpy array.[0m
  gym.logger.warn("Casting input x to numpy array.")
CEM solve time: 1.5967 seconds
{"completed": 133, "missing": 0, "case": "R8_tworoom_03efebeb192558a8fc438a3b", "arm": "REFIT_103203", "stream": "R3_ORIGINAL", "mode": "H_REAL3_REPLAN"}
/workspace/r10/env_old/lib/python3.12/site-packages/gymnasium/utils/passive_env_checker.py:129: UserWarning: [33mWARN: The obs returned by the `reset()` method was expecting a numpy array, actual type: <class 'torch.Tensor'>[0m
  logger.warn(
/workspace/r10/env_old/lib/python3.12/site-packages/gymnasium/spaces/box.py:415: UserWarning: [33mWARN: Casting input x to numpy array.[0m
  gym.logger.warn("Casting input x to numpy array.")
CEM solve time: 1.5787 seconds
/workspace/r10/env_old/lib/python3.12/site-packages/gymnasium/utils/passive_env_checker.py:129: UserWarning: [33mWARN: The obs returned by the `step()` method was expecting a numpy array, actual type: <class 'torch.Tensor'>[0m
  logger.warn(
/workspace/r10/env_old/lib/python3.12/site-packages/gymnasium/spaces/box.py:415: UserWarning: [33mWARN: Casting input x to numpy array.[0m
  gym.logger.warn("Casting input x to numpy array.")
/workspace/r10/env_old/lib/python3.12/site-packages/gymnasium/utils/passive_env_checker.py:129: UserWarning: [33mWARN: The obs returned by the `reset()` method was expecting a numpy array, actual type: <class 'torch.Tensor'>[0m
  logger.warn(
/workspace/r10/env_old/lib/python3.12/site-packages/gymnasium/spaces/box.py:415: UserWarning: [33mWARN: Casting input x to numpy array.[0m
  gym.logger.warn("Casting input x to numpy array.")
CEM solve time: 1.5828 seconds
/workspace/r10/env_old/lib/python3.12/site-packages/gymnasium/utils/passive_env_checker.py:129: UserWarning: [33mWARN: The obs returned by the `step()` method was expecting a numpy array, actual type: <class 'torch.Tensor'>[0m
  logger.warn(
/workspace/r10/env_old/lib/python3.12/site-packages/gymnasium/spaces/box.py:415: UserWarning: [33mWARN: Casting input x to numpy array.[0m
  gym.logger.warn("Casting input x to numpy array.")
{"completed": 134, "missing": 0, "case": "R8_tworoom_03efebeb192558a8fc438a3b", "arm": "REFIT_103203", "stream": "R4_ALT_CEM_1", "mode": "H_REAL3_REPLAN"}
/workspace/r10/env_old/lib/python3.12/site-packages/gymnasium/utils/passive_env_checker.py:129: UserWarning: [33mWARN: The obs returned by the `reset()` method was expecting a numpy array, actual type: <class 'torch.Tensor'>[0m
  logger.warn(
/workspace/r10/env_old/lib/python3.12/site-packages/gymnasium/spaces/box.py:415: UserWarning: [33mWARN: Casting input x to numpy array.[0m
  gym.logger.warn("Casting input x to numpy array.")
CEM solve time: 1.5875 seconds
/workspace/r10/env_old/lib/python3.12/site-packages/gymnasium/utils/passive_env_checker.py:129: UserWarning: [33mWARN: The obs returned by the `step()` method was expecting a numpy array, actual type: <class 'torch.Tensor'>[0m
  logger.warn(
/workspace/r10/env_old/lib/python3.12/site-packages/gymnasium/spaces/box.py:415: UserWarning: [33mWARN: Casting input x to numpy array.[0m
  gym.logger.warn("Casting input x to numpy array.")
CEM solve time: 1.5790 seconds
/workspace/r10/env_old/lib/python3.12/site-packages/gymnasium/utils/passive_env_checker.py:129: UserWarning: [33mWARN: The obs returned by the `reset()` method was expecting a numpy array, actual type: <class 'torch.Tensor'>[0m
  logger.warn(
/workspace/r10/env_old/lib/python3.12/site-packages/gymnasium/spaces/box.py:415: UserWarning: [33mWARN: Casting input x to numpy array.[0m
  gym.logger.warn("Casting input x to numpy array.")
CEM solve time: 1.5867 seconds
/workspace/r10/env_old/lib/python3.12/site-packages/gymnasium/utils/passive_env_checker.py:129: UserWarning: [33mWARN: The obs returned by the `step()` method was expecting a numpy array, actual type: <class 'torch.Tensor'>[0m
  logger.warn(
/workspace/r10/env_old/lib/python3.12/site-packages/gymnasium/spaces/box.py:415: UserWarning: [33mWARN: Casting input x to numpy array.[0m
  gym.logger.warn("Casting input x to numpy array.")
CEM solve time: 1.5901 seconds
{"completed": 135, "missing": 0, "case": "R8_tworoom_03efebeb192558a8fc438a3b", "arm": "REFIT_103203", "stream": "R4_ALT_CEM_2", "mode": "H_REAL3_REPLAN"}
/workspace/r10/env_old/lib/python3.12/site-packages/gymnasium/utils/passive_env_checker.py:129: UserWarning: [33mWARN: The obs returned by the `reset()` method was expecting a numpy array, actual type: <class 'torch.Tensor'>[0m
  logger.warn(
/workspace/r10/env_old/lib/python3.12/site-packages/gymnasium/spaces/box.py:415: UserWarning: [33mWARN: Casting input x to numpy array.[0m
  gym.logger.warn("Casting input x to numpy array.")
CEM solve time: 1.5935 seconds
/workspace/r10/env_old/lib/python3.12/site-packages/gymnasium/utils/passive_env_checker.py:129: UserWarning: [33mWARN: The obs returned by the `step()` method was expecting a numpy array, actual type: <class 'torch.Tensor'>[0m
  logger.warn(
/workspace/r10/env_old/lib/python3.12/site-packages/gymnasium/spaces/box.py:415: UserWarning: [33mWARN: Casting input x to numpy array.[0m
  gym.logger.warn("Casting input x to numpy array.")
CEM solve time: 1.5776 seconds
/workspace/r10/env_old/lib/python3.12/site-packages/gymnasium/utils/passive_env_checker.py:129: UserWarning: [33mWARN: The obs returned by the `reset()` method was expecting a numpy array, actual type: <class 'torch.Tensor'>[0m
  logger.warn(
/workspace/r10/env_old/lib/python3.12/site-packages/gymnasium/spaces/box.py:415: UserWarning: [33mWARN: Casting input x to numpy array.[0m
  gym.logger.warn("Casting input x to numpy array.")
CEM solve time: 1.5827 seconds
/workspace/r10/env_old/lib/python3.12/site-packages/gymnasium/utils/passive_env_checker.py:129: UserWarning: [33mWARN: The obs returned by the `step()` method was expecting a numpy array, actual type: <class 'torch.Tensor'>[0m
  logger.warn(
/workspace/r10/env_old/lib/python3.12/site-packages/gymnasium/spaces/box.py:415: UserWarning: [33mWARN: Casting input x to numpy array.[0m
  gym.logger.warn("Casting input x to numpy array.")
CEM solve time: 1.5986 seconds
{"completed": 136, "missing": 0, "case": "R8_tworoom_04c09f873c34ac20e9f83a16", "arm": "REFIT_103203", "stream": "R3_ORIGINAL", "mode": "H_REAL3_REPLAN"}
/workspace/r10/env_old/lib/python3.12/site-packages/gymnasium/utils/passive_env_checker.py:129: UserWarning: [33mWARN: The obs returned by the `reset()` method was expecting a numpy array, actual type: <class 'torch.Tensor'>[0m
  logger.warn(
/workspace/r10/env_old/lib/python3.12/site-packages/gymnasium/spaces/box.py:415: UserWarning: [33mWARN: Casting input x to numpy array.[0m
  gym.logger.warn("Casting input x to numpy array.")
CEM solve time: 1.5801 seconds
/workspace/r10/env_old/lib/python3.12/site-packages/gymnasium/utils/passive_env_checker.py:129: UserWarning: [33mWARN: The obs returned by the `step()` method was expecting a numpy array, actual type: <class 'torch.Tensor'>[0m
  logger.warn(
/workspace/r10/env_old/lib/python3.12/site-packages/gymnasium/spaces/box.py:415: UserWarning: [33mWARN: Casting input x to numpy array.[0m
  gym.logger.warn("Casting input x to numpy array.")
CEM solve time: 1.5804 seconds
/workspace/r10/env_old/lib/python3.12/site-packages/gymnasium/utils/passive_env_checker.py:129: UserWarning: [33mWARN: The obs returned by the `reset()` method was expecting a numpy array, actual type: <class 'torch.Tensor'>[0m
  logger.warn(
/workspace/r10/env_old/lib/python3.12/site-packages/gymnasium/spaces/box.py:415: UserWarning: [33mWARN: Casting input x to numpy array.[0m
  gym.logger.warn("Casting input x to numpy array.")
CEM solve time: 1.5802 seconds
/workspace/r10/env_old/lib/python3.12/site-packages/gymnasium/utils/passive_env_checker.py:129: UserWarning: [33mWARN: The obs returned by the `step()` method was expecting a numpy array, actual type: <class 'torch.Tensor'>[0m
  logger.warn(
/workspace/r10/env_old/lib/python3.12/site-packages/gymnasium/spaces/box.py:415: UserWarning: [33mWARN: Casting input x to numpy array.[0m
  gym.logger.warn("Casting input x to numpy array.")
CEM solve time: 1.5869 seconds
{"completed": 137, "missing": 0, "case": "R8_tworoom_04c09f873c34ac20e9f83a16", "arm": "REFIT_103203", "stream": "R4_ALT_CEM_1", "mode": "H_REAL3_REPLAN"}
/workspace/r10/env_old/lib/python3.12/site-packages/gymnasium/utils/passive_env_checker.py:129: UserWarning: [33mWARN: The obs returned by the `reset()` method was expecting a numpy array, actual type: <class 'torch.Tensor'>[0m
  logger.warn(
/workspace/r10/env_old/lib/python3.12/site-packages/gymnasium/spaces/box.py:415: UserWarning: [33mWARN: Casting input x to numpy array.[0m
  gym.logger.warn("Casting input x to numpy array.")
CEM solve time: 1.5799 seconds
/workspace/r10/env_old/lib/python3.12/site-packages/gymnasium/utils/passive_env_checker.py:129: UserWarning: [33mWARN: The obs returned by the `step()` method was expecting a numpy array, actual type: <class 'torch.Tensor'>[0m
  logger.warn(
/workspace/r10/env_old/lib/python3.12/site-packages/gymnasium/spaces/box.py:415: UserWarning: [33mWARN: Casting input x to numpy array.[0m
  gym.logger.warn("Casting input x to numpy array.")
CEM solve time: 1.5829 seconds
/workspace/r10/env_old/lib/python3.12/site-packages/gymnasium/utils/passive_env_checker.py:129: UserWarning: [33mWARN: The obs returned by the `reset()` method was expecting a numpy array, actual type: <class 'torch.Tensor'>[0m
  logger.warn(
/workspace/r10/env_old/lib/python3.12/site-packages/gymnasium/spaces/box.py:415: UserWarning: [33mWARN: Casting input x to numpy array.[0m
  gym.logger.warn("Casting input x to numpy array.")
CEM solve time: 1.6190 seconds
/workspace/r10/env_old/lib/python3.12/site-packages/gymnasium/utils/passive_env_checker.py:129: UserWarning: [33mWARN: The obs returned by the `step()` method was expecting a numpy array, actual type: <class 'torch.Tensor'>[0m
  logger.warn(
/workspace/r10/env_old/lib/python3.12/site-packages/gymnasium/spaces/box.py:415: UserWarning: [33mWARN: Casting input x to numpy array.[0m
  gym.logger.warn("Casting input x to numpy array.")
CEM solve time: 1.5931 seconds
{"completed": 138, "missing": 0, "case": "R8_tworoom_04c09f873c34ac20e9f83a16", "arm": "REFIT_103203", "stream": "R4_ALT_CEM_2", "mode": "H_REAL3_REPLAN"}
/workspace/r10/env_old/lib/python3.12/site-packages/gymnasium/utils/passive_env_checker.py:129: UserWarning: [33mWARN: The obs returned by the `reset()` method was expecting a numpy array, actual type: <class 'torch.Tensor'>[0m
  logger.warn(
/workspace/r10/env_old/lib/python3.12/site-packages/gymnasium/spaces/box.py:415: UserWarning: [33mWARN: Casting input x to numpy array.[0m
  gym.logger.warn("Casting input x to numpy array.")
CEM solve time: 1.6239 seconds
/workspace/r10/env_old/lib/python3.12/site-packages/gymnasium/utils/passive_env_checker.py:129: UserWarning: [33mWARN: The obs returned by the `step()` method was expecting a numpy array, actual type: <class 'torch.Tensor'>[0m
  logger.warn(
/workspace/r10/env_old/lib/python3.12/site-packages/gymnasium/spaces/box.py:415: UserWarning: [33mWARN: Casting input x to numpy array.[0m
  gym.logger.warn("Casting input x to numpy array.")
/workspace/r10/env_old/lib/python3.12/site-packages/gymnasium/utils/passive_env_checker.py:129: UserWarning: [33mWARN: The obs returned by the `reset()` method was expecting a numpy array, actual type: <class 'torch.Tensor'>[0m
  logger.warn(
/workspace/r10/env_old/lib/python3.12/site-packages/gymnasium/spaces/box.py:415: UserWarning: [33mWARN: Casting input x to numpy array.[0m
  gym.logger.warn("Casting input x to numpy array.")
CEM solve time: 1.5764 seconds
/workspace/r10/env_old/lib/python3.12/site-packages/gymnasium/utils/passive_env_checker.py:129: UserWarning: [33mWARN: The obs returned by the `step()` method was expecting a numpy array, actual type: <class 'torch.Tensor'>[0m
  logger.warn(
/workspace/r10/env_old/lib/python3.12/site-packages/gymnasium/spaces/box.py:415: UserWarning: [33mWARN: Casting input x to numpy array.[0m
  gym.logger.warn("Casting input x to numpy array.")
{"completed": 139, "missing": 0, "case": "R8_tworoom_0540b17b3765202545c99668", "arm": "REFIT_103203", "stream": "R3_ORIGINAL", "mode": "H_REAL3_REPLAN"}
/workspace/r10/env_old/lib/python3.12/site-packages/gymnasium/utils/passive_env_checker.py:129: UserWarning: [33mWARN: The obs returned by the `reset()` method was expecting a numpy array, actual type: <class 'torch.Tensor'>[0m
  logger.warn(
/workspace/r10/env_old/lib/python3.12/site-packages/gymnasium/spaces/box.py:415: UserWarning: [33mWARN: Casting input x to numpy array.[0m
  gym.logger.warn("Casting input x to numpy array.")
CEM solve time: 1.5810 seconds
/workspace/r10/env_old/lib/python3.12/site-packages/gymnasium/utils/passive_env_checker.py:129: UserWarning: [33mWARN: The obs returned by the `step()` method was expecting a numpy array, actual type: <class 'torch.Tensor'>[0m
  logger.warn(
/workspace/r10/env_old/lib/python3.12/site-packages/gymnasium/spaces/box.py:415: UserWarning: [33mWARN: Casting input x to numpy array.[0m
  gym.logger.warn("Casting input x to numpy array.")
/workspace/r10/env_old/lib/python3.12/site-packages/gymnasium/utils/passive_env_checker.py:129: UserWarning: [33mWARN: The obs returned by the `reset()` method was expecting a numpy array, actual type: <class 'torch.Tensor'>[0m
  logger.warn(
/workspace/r10/env_old/lib/python3.12/site-packages/gymnasium/spaces/box.py:415: UserWarning: [33mWARN: Casting input x to numpy array.[0m
  gym.logger.warn("Casting input x to numpy array.")
CEM solve time: 1.5797 seconds
/workspace/r10/env_old/lib/python3.12/site-packages/gymnasium/utils/passive_env_checker.py:129: UserWarning: [33mWARN: The obs returned by the `step()` method was expecting a numpy array, actual type: <class 'torch.Tensor'>[0m
  logger.warn(
/workspace/r10/env_old/lib/python3.12/site-packages/gymnasium/spaces/box.py:415: UserWarning: [33mWARN: Casting input x to numpy array.[0m
  gym.logger.warn("Casting input x to numpy array.")
{"completed": 140, "missing": 0, "case": "R8_tworoom_0540b17b3765202545c99668", "arm": "REFIT_103203", "stream": "R4_ALT_CEM_1", "mode": "H_REAL3_REPLAN"}
/workspace/r10/env_old/lib/python3.12/site-packages/gymnasium/utils/passive_env_checker.py:129: UserWarning: [33mWARN: The obs returned by the `reset()` method was expecting a numpy array, actual type: <class 'torch.Tensor'>[0m
  logger.warn(
/workspace/r10/env_old/lib/python3.12/site-packages/gymnasium/spaces/box.py:415: UserWarning: [33mWARN: Casting input x to numpy array.[0m
  gym.logger.warn("Casting input x to numpy array.")
CEM solve time: 1.5727 seconds
/workspace/r10/env_old/lib/python3.12/site-packages/gymnasium/utils/passive_env_checker.py:129: UserWarning: [33mWARN: The obs returned by the `step()` method was expecting a numpy array, actual type: <class 'torch.Tensor'>[0m
  logger.warn(
/workspace/r10/env_old/lib/python3.12/site-packages/gymnasium/spaces/box.py:415: UserWarning: [33mWARN: Casting input x to numpy array.[0m
  gym.logger.warn("Casting input x to numpy array.")
CEM solve time: 1.5834 seconds
/workspace/r10/env_old/lib/python3.12/site-packages/gymnasium/utils/passive_env_checker.py:129: UserWarning: [33mWARN: The obs returned by the `reset()` method was expecting a numpy array, actual type: <class 'torch.Tensor'>[0m
  logger.warn(
/workspace/r10/env_old/lib/python3.12/site-packages/gymnasium/spaces/box.py:415: UserWarning: [33mWARN: Casting input x to numpy array.[0m
  gym.logger.warn("Casting input x to numpy array.")
CEM solve time: 1.5774 seconds
/workspace/r10/env_old/lib/python3.12/site-packages/gymnasium/utils/passive_env_checker.py:129: UserWarning: [33mWARN: The obs returned by the `step()` method was expecting a numpy array, actual type: <class 'torch.Tensor'>[0m
  logger.warn(
/workspace/r10/env_old/lib/python3.12/site-packages/gymnasium/spaces/box.py:415: UserWarning: [33mWARN: Casting input x to numpy array.[0m
  gym.logger.warn("Casting input x to numpy array.")
CEM solve time: 1.5902 seconds
{"completed": 141, "missing": 0, "case": "R8_tworoom_0540b17b3765202545c99668", "arm": "REFIT_103203", "stream": "R4_ALT_CEM_2", "mode": "H_REAL3_REPLAN"}
/workspace/r10/env_old/lib/python3.12/site-packages/gymnasium/utils/passive_env_checker.py:129: UserWarning: [33mWARN: The obs returned by the `reset()` method was expecting a numpy array, actual type: <class 'torch.Tensor'>[0m
  logger.warn(
/workspace/r10/env_old/lib/python3.12/site-packages/gymnasium/spaces/box.py:415: UserWarning: [33mWARN: Casting input x to numpy array.[0m
  gym.logger.warn("Casting input x to numpy array.")
CEM solve time: 1.5866 seconds
/workspace/r10/env_old/lib/python3.12/site-packages/gymnasium/utils/passive_env_checker.py:129: UserWarning: [33mWARN: The obs returned by the `step()` method was expecting a numpy array, actual type: <class 'torch.Tensor'>[0m
  logger.warn(
/workspace/r10/env_old/lib/python3.12/site-packages/gymnasium/spaces/box.py:415: UserWarning: [33mWARN: Casting input x to numpy array.[0m
  gym.logger.warn("Casting input x to numpy array.")
/workspace/r10/env_old/lib/python3.12/site-packages/gymnasium/utils/passive_env_checker.py:129: UserWarning: [33mWARN: The obs returned by the `reset()` method was expecting a numpy array, actual type: <class 'torch.Tensor'>[0m
  logger.warn(
/workspace/r10/env_old/lib/python3.12/site-packages/gymnasium/spaces/box.py:415: UserWarning: [33mWARN: Casting input x to numpy array.[0m
  gym.logger.warn("Casting input x to numpy array.")
CEM solve time: 1.5864 seconds
/workspace/r10/env_old/lib/python3.12/site-packages/gymnasium/utils/passive_env_checker.py:129: UserWarning: [33mWARN: The obs returned by the `step()` method was expecting a numpy array, actual type: <class 'torch.Tensor'>[0m
  logger.warn(
/workspace/r10/env_old/lib/python3.12/site-packages/gymnasium/spaces/box.py:415: UserWarning: [33mWARN: Casting input x to numpy array.[0m
  gym.logger.warn("Casting input x to numpy array.")
{"completed": 142, "missing": 0, "case": "R8_tworoom_05ad61ff4222ae196d426a43", "arm": "REFIT_103203", "stream": "R3_ORIGINAL", "mode": "H_REAL3_REPLAN"}
/workspace/r10/env_old/lib/python3.12/site-packages/gymnasium/utils/passive_env_checker.py:129: UserWarning: [33mWARN: The obs returned by the `reset()` method was expecting a numpy array, actual type: <class 'torch.Tensor'>[0m
  logger.warn(
/workspace/r10/env_old/lib/python3.12/site-packages/gymnasium/spaces/box.py:415: UserWarning: [33mWARN: Casting input x to numpy array.[0m
  gym.logger.warn("Casting input x to numpy array.")
CEM solve time: 1.5653 seconds
/workspace/r10/env_old/lib/python3.12/site-packages/gymnasium/utils/passive_env_checker.py:129: UserWarning: [33mWARN: The obs returned by the `step()` method was expecting a numpy array, actual type: <class 'torch.Tensor'>[0m
  logger.warn(
/workspace/r10/env_old/lib/python3.12/site-packages/gymnasium/spaces/box.py:415: UserWarning: [33mWARN: Casting input x to numpy array.[0m
  gym.logger.warn("Casting input x to numpy array.")
/workspace/r10/env_old/lib/python3.12/site-packages/gymnasium/utils/passive_env_checker.py:129: UserWarning: [33mWARN: The obs returned by the `reset()` method was expecting a numpy array, actual type: <class 'torch.Tensor'>[0m
  logger.warn(
/workspace/r10/env_old/lib/python3.12/site-packages/gymnasium/spaces/box.py:415: UserWarning: [33mWARN: Casting input x to numpy array.[0m
  gym.logger.warn("Casting input x to numpy array.")
CEM solve time: 1.5700 seconds
/workspace/r10/env_old/lib/python3.12/site-packages/gymnasium/utils/passive_env_checker.py:129: UserWarning: [33mWARN: The obs returned by the `step()` method was expecting a numpy array, actual type: <class 'torch.Tensor'>[0m
  logger.warn(
/workspace/r10/env_old/lib/python3.12/site-packages/gymnasium/spaces/box.py:415: UserWarning: [33mWARN: Casting input x to numpy array.[0m
  gym.logger.warn("Casting input x to numpy array.")
{"completed": 143, "missing": 0, "case": "R8_tworoom_05ad61ff4222ae196d426a43", "arm": "REFIT_103203", "stream": "R4_ALT_CEM_1", "mode": "H_REAL3_REPLAN"}
/workspace/r10/env_old/lib/python3.12/site-packages/gymnasium/utils/passive_env_checker.py:129: UserWarning: [33mWARN: The obs returned by the `reset()` method was expecting a numpy array, actual type: <class 'torch.Tensor'>[0m
  logger.warn(
/workspace/r10/env_old/lib/python3.12/site-packages/gymnasium/spaces/box.py:415: UserWarning: [33mWARN: Casting input x to numpy array.[0m
  gym.logger.warn("Casting input x to numpy array.")
CEM solve time: 1.5828 seconds
/workspace/r10/env_old/lib/python3.12/site-packages/gymnasium/utils/passive_env_checker.py:129: UserWarning: [33mWARN: The obs returned by the `step()` method was expecting a numpy array, actual type: <class 'torch.Tensor'>[0m
  logger.warn(
/workspace/r10/env_old/lib/python3.12/site-packages/gymnasium/spaces/box.py:415: UserWarning: [33mWARN: Casting input x to numpy array.[0m
  gym.logger.warn("Casting input x to numpy array.")
/workspace/r10/env_old/lib/python3.12/site-packages/gymnasium/utils/passive_env_checker.py:129: UserWarning: [33mWARN: The obs returned by the `reset()` method was expecting a numpy array, actual type: <class 'torch.Tensor'>[0m
  logger.warn(
/workspace/r10/env_old/lib/python3.12/site-packages/gymnasium/spaces/box.py:415: UserWarning: [33mWARN: Casting input x to numpy array.[0m
  gym.logger.warn("Casting input x to numpy array.")
CEM solve time: 1.5804 seconds
/workspace/r10/env_old/lib/python3.12/site-packages/gymnasium/utils/passive_env_checker.py:129: UserWarning: [33mWARN: The obs returned by the `step()` method was expecting a numpy array, actual type: <class 'torch.Tensor'>[0m
  logger.warn(
/workspace/r10/env_old/lib/python3.12/site-packages/gymnasium/spaces/box.py:415: UserWarning: [33mWARN: Casting input x to numpy array.[0m
  gym.logger.warn("Casting input x to numpy array.")
{"completed": 144, "missing": 0, "case": "R8_tworoom_05ad61ff4222ae196d426a43", "arm": "REFIT_103203", "stream": "R4_ALT_CEM_2", "mode": "H_REAL3_REPLAN"}
/workspace/r10/env_old/lib/python3.12/site-packages/gymnasium/utils/passive_env_checker.py:129: UserWarning: [33mWARN: The obs returned by the `reset()` method was expecting a numpy array, actual type: <class 'torch.Tensor'>[0m
  logger.warn(
/workspace/r10/env_old/lib/python3.12/site-packages/gymnasium/spaces/box.py:415: UserWarning: [33mWARN: Casting input x to numpy array.[0m
  gym.logger.warn("Casting input x to numpy array.")
CEM solve time: 1.5767 seconds
/workspace/r10/env_old/lib/python3.12/site-packages/gymnasium/utils/passive_env_checker.py:129: UserWarning: [33mWARN: The obs returned by the `step()` method was expecting a numpy array, actual type: <class 'torch.Tensor'>[0m
  logger.warn(
/workspace/r10/env_old/lib/python3.12/site-packages/gymnasium/spaces/box.py:415: UserWarning: [33mWARN: Casting input x to numpy array.[0m
  gym.logger.warn("Casting input x to numpy array.")
/workspace/r10/env_old/lib/python3.12/site-packages/gymnasium/utils/passive_env_checker.py:129: UserWarning: [33mWARN: The obs returned by the `reset()` method was expecting a numpy array, actual type: <class 'torch.Tensor'>[0m
  logger.warn(
/workspace/r10/env_old/lib/python3.12/site-packages/gymnasium/spaces/box.py:415: UserWarning: [33mWARN: Casting input x to numpy array.[0m
  gym.logger.warn("Casting input x to numpy array.")
CEM solve time: 1.5813 seconds
/workspace/r10/env_old/lib/python3.12/site-packages/gymnasium/utils/passive_env_checker.py:129: UserWarning: [33mWARN: The obs returned by the `step()` method was expecting a numpy array, actual type: <class 'torch.Tensor'>[0m
  logger.warn(
/workspace/r10/env_old/lib/python3.12/site-packages/gymnasium/spaces/box.py:415: UserWarning: [33mWARN: Casting input x to numpy array.[0m
  gym.logger.warn("Casting input x to numpy array.")
{"completed": 145, "missing": 0, "case": "R8_tworoom_06e9f3b311a1a95f40a9ceee", "arm": "REFIT_103203", "stream": "R3_ORIGINAL", "mode": "H_REAL3_REPLAN"}
/workspace/r10/env_old/lib/python3.12/site-packages/gymnasium/utils/passive_env_checker.py:129: UserWarning: [33mWARN: The obs returned by the `reset()` method was expecting a numpy array, actual type: <class 'torch.Tensor'>[0m
  logger.warn(
/workspace/r10/env_old/lib/python3.12/site-packages/gymnasium/spaces/box.py:415: UserWarning: [33mWARN: Casting input x to numpy array.[0m
  gym.logger.warn("Casting input x to numpy array.")
CEM solve time: 1.5841 seconds
/workspace/r10/env_old/lib/python3.12/site-packages/gymnasium/utils/passive_env_checker.py:129: UserWarning: [33mWARN: The obs returned by the `step()` method was expecting a numpy array, actual type: <class 'torch.Tensor'>[0m
  logger.warn(
/workspace/r10/env_old/lib/python3.12/site-packages/gymnasium/spaces/box.py:415: UserWarning: [33mWARN: Casting input x to numpy array.[0m
  gym.logger.warn("Casting input x to numpy array.")
/workspace/r10/env_old/lib/python3.12/site-packages/gymnasium/utils/passive_env_checker.py:129: UserWarning: [33mWARN: The obs returned by the `reset()` method was expecting a numpy array, actual type: <class 'torch.Tensor'>[0m
  logger.warn(
/workspace/r10/env_old/lib/python3.12/site-packages/gymnasium/spaces/box.py:415: UserWarning: [33mWARN: Casting input x to numpy array.[0m
  gym.logger.warn("Casting input x to numpy array.")
CEM solve time: 1.5754 seconds
/workspace/r10/env_old/lib/python3.12/site-packages/gymnasium/utils/passive_env_checker.py:129: UserWarning: [33mWARN: The obs returned by the `step()` method was expecting a numpy array, actual type: <class 'torch.Tensor'>[0m
  logger.warn(
/workspace/r10/env_old/lib/python3.12/site-packages/gymnasium/spaces/box.py:415: UserWarning: [33mWARN: Casting input x to numpy array.[0m
  gym.logger.warn("Casting input x to numpy array.")
{"completed": 146, "missing": 0, "case": "R8_tworoom_06e9f3b311a1a95f40a9ceee", "arm": "REFIT_103203", "stream": "R4_ALT_CEM_1", "mode": "H_REAL3_REPLAN"}
/workspace/r10/env_old/lib/python3.12/site-packages/gymnasium/utils/passive_env_checker.py:129: UserWarning: [33mWARN: The obs returned by the `reset()` method was expecting a numpy array, actual type: <class 'torch.Tensor'>[0m
  logger.warn(
/workspace/r10/env_old/lib/python3.12/site-packages/gymnasium/spaces/box.py:415: UserWarning: [33mWARN: Casting input x to numpy array.[0m
  gym.logger.warn("Casting input x to numpy array.")
CEM solve time: 1.5775 seconds
/workspace/r10/env_old/lib/python3.12/site-packages/gymnasium/utils/passive_env_checker.py:129: UserWarning: [33mWARN: The obs returned by the `step()` method was expecting a numpy array, actual type: <class 'torch.Tensor'>[0m
  logger.warn(
/workspace/r10/env_old/lib/python3.12/site-packages/gymnasium/spaces/box.py:415: UserWarning: [33mWARN: Casting input x to numpy array.[0m
  gym.logger.warn("Casting input x to numpy array.")
/workspace/r10/env_old/lib/python3.12/site-packages/gymnasium/utils/passive_env_checker.py:129: UserWarning: [33mWARN: The obs returned by the `reset()` method was expecting a numpy array, actual type: <class 'torch.Tensor'>[0m
  logger.warn(
/workspace/r10/env_old/lib/python3.12/site-packages/gymnasium/spaces/box.py:415: UserWarning: [33mWARN: Casting input x to numpy array.[0m
  gym.logger.warn("Casting input x to numpy array.")
CEM solve time: 1.5774 seconds
/workspace/r10/env_old/lib/python3.12/site-packages/gymnasium/utils/passive_env_checker.py:129: UserWarning: [33mWARN: The obs returned by the `step()` method was expecting a numpy array, actual type: <class 'torch.Tensor'>[0m
  logger.warn(
/workspace/r10/env_old/lib/python3.12/site-packages/gymnasium/spaces/box.py:415: UserWarning: [33mWARN: Casting input x to numpy array.[0m
  gym.logger.warn("Casting input x to numpy array.")
{"completed": 147, "missing": 0, "case": "R8_tworoom_06e9f3b311a1a95f40a9ceee", "arm": "REFIT_103203", "stream": "R4_ALT_CEM_2", "mode": "H_REAL3_REPLAN"}
/workspace/r10/env_old/lib/python3.12/site-packages/gymnasium/utils/passive_env_checker.py:129: UserWarning: [33mWARN: The obs returned by the `reset()` method was expecting a numpy array, actual type: <class 'torch.Tensor'>[0m
  logger.warn(
/workspace/r10/env_old/lib/python3.12/site-packages/gymnasium/spaces/box.py:415: UserWarning: [33mWARN: Casting input x to numpy array.[0m
  gym.logger.warn("Casting input x to numpy array.")
CEM solve time: 1.5819 seconds
/workspace/r10/env_old/lib/python3.12/site-packages/gymnasium/utils/passive_env_checker.py:129: UserWarning: [33mWARN: The obs returned by the `step()` method was expecting a numpy array, actual type: <class 'torch.Tensor'>[0m
  logger.warn(
/workspace/r10/env_old/lib/python3.12/site-packages/gymnasium/spaces/box.py:415: UserWarning: [33mWARN: Casting input x to numpy array.[0m
  gym.logger.warn("Casting input x to numpy array.")
/workspace/r10/env_old/lib/python3.12/site-packages/gymnasium/utils/passive_env_checker.py:129: UserWarning: [33mWARN: The obs returned by the `reset()` method was expecting a numpy array, actual type: <class 'torch.Tensor'>[0m
  logger.warn(
CEM solve time: 1.5912 seconds
/workspace/r10/env_old/lib/python3.12/site-packages/gymnasium/utils/passive_env_checker.py:129: UserWarning: [33mWARN: The obs returned by the `step()` method was expecting a numpy array, actual type: <class 'torch.Tensor'>[0m
  logger.warn(
/workspace/r10/env_old/lib/python3.12/site-packages/gymnasium/spaces/box.py:415: UserWarning: [33mWARN: Casting input x to numpy array.[0m
  gym.logger.warn("Casting input x to numpy array.")
{"completed": 148, "missing": 0, "case": "R8_tworoom_0786a563c4ee34cac10614cf", "arm": "REFIT_103203", "stream": "R3_ORIGINAL", "mode": "H_REAL3_REPLAN"}
/workspace/r10/env_old/lib/python3.12/site-packages/gymnasium/utils/passive_env_checker.py:129: UserWarning: [33mWARN: The obs returned by the `reset()` method was expecting a numpy array, actual type: <class 'torch.Tensor'>[0m
  logger.warn(
CEM solve time: 1.5896 seconds
/workspace/r10/env_old/lib/python3.12/site-packages/gymnasium/utils/passive_env_checker.py:129: UserWarning: [33mWARN: The obs returned by the `step()` method was expecting a numpy array, actual type: <class 'torch.Tensor'>[0m
  logger.warn(
/workspace/r10/env_old/lib/python3.12/site-packages/gymnasium/spaces/box.py:415: UserWarning: [33mWARN: Casting input x to numpy array.[0m
  gym.logger.warn("Casting input x to numpy array.")
/workspace/r10/env_old/lib/python3.12/site-packages/gymnasium/utils/passive_env_checker.py:129: UserWarning: [33mWARN: The obs returned by the `reset()` method was expecting a numpy array, actual type: <class 'torch.Tensor'>[0m
  logger.warn(
CEM solve time: 1.6357 seconds
/workspace/r10/env_old/lib/python3.12/site-packages/gymnasium/utils/passive_env_checker.py:129: UserWarning: [33mWARN: The obs returned by the `step()` method was expecting a numpy array, actual type: <class 'torch.Tensor'>[0m
  logger.warn(
/workspace/r10/env_old/lib/python3.12/site-packages/gymnasium/spaces/box.py:415: UserWarning: [33mWARN: Casting input x to numpy array.[0m
  gym.logger.warn("Casting input x to numpy array.")
{"completed": 149, "missing": 0, "case": "R8_tworoom_0786a563c4ee34cac10614cf", "arm": "REFIT_103203", "stream": "R4_ALT_CEM_1", "mode": "H_REAL3_REPLAN"}
/workspace/r10/env_old/lib/python3.12/site-packages/gymnasium/utils/passive_env_checker.py:129: UserWarning: [33mWARN: The obs returned by the `reset()` method was expecting a numpy array, actual type: <class 'torch.Tensor'>[0m
  logger.warn(
CEM solve time: 1.6310 seconds
/workspace/r10/env_old/lib/python3.12/site-packages/gymnasium/utils/passive_env_checker.py:129: UserWarning: [33mWARN: The obs returned by the `step()` method was expecting a numpy array, actual type: <class 'torch.Tensor'>[0m
  logger.warn(
/workspace/r10/env_old/lib/python3.12/site-packages/gymnasium/spaces/box.py:415: UserWarning: [33mWARN: Casting input x to numpy array.[0m
  gym.logger.warn("Casting input x to numpy array.")
/workspace/r10/env_old/lib/python3.12/site-packages/gymnasium/utils/passive_env_checker.py:129: UserWarning: [33mWARN: The obs returned by the `reset()` method was expecting a numpy array, actual type: <class 'torch.Tensor'>[0m
  logger.warn(
/workspace/r10/env_old/lib/python3.12/site-packages/gymnasium/spaces/box.py:415: UserWarning: [33mWARN: Casting input x to numpy array.[0m
  gym.logger.warn("Casting input x to numpy array.")
CEM solve time: 1.5903 seconds
/workspace/r10/env_old/lib/python3.12/site-packages/gymnasium/utils/passive_env_checker.py:129: UserWarning: [33mWARN: The obs returned by the `step()` method was expecting a numpy array, actual type: <class 'torch.Tensor'>[0m
  logger.warn(
/workspace/r10/env_old/lib/python3.12/site-packages/gymnasium/spaces/box.py:415: UserWarning: [33mWARN: Casting input x to numpy array.[0m
  gym.logger.warn("Casting input x to numpy array.")
{"completed": 150, "missing": 0, "case": "R8_tworoom_0786a563c4ee34cac10614cf", "arm": "REFIT_103203", "stream": "R4_ALT_CEM_2", "mode": "H_REAL3_REPLAN"}
/workspace/r10/env_old/lib/python3.12/site-packages/gymnasium/utils/passive_env_checker.py:129: UserWarning: [33mWARN: The obs returned by the `reset()` method was expecting a numpy array, actual type: <class 'torch.Tensor'>[0m
  logger.warn(
/workspace/r10/env_old/lib/python3.12/site-packages/gymnasium/spaces/box.py:415: UserWarning: [33mWARN: Casting input x to numpy array.[0m
  gym.logger.warn("Casting input x to numpy array.")
CEM solve time: 1.5788 seconds
/workspace/r10/env_old/lib/python3.12/site-packages/gymnasium/utils/passive_env_checker.py:129: UserWarning: [33mWARN: The obs returned by the `step()` method was expecting a numpy array, actual type: <class 'torch.Tensor'>[0m
  logger.warn(
/workspace/r10/env_old/lib/python3.12/site-packages/gymnasium/spaces/box.py:415: UserWarning: [33mWARN: Casting input x to numpy array.[0m
  gym.logger.warn("Casting input x to numpy array.")
/workspace/r10/env_old/lib/python3.12/site-packages/gymnasium/utils/passive_env_checker.py:129: UserWarning: [33mWARN: The obs returned by the `reset()` method was expecting a numpy array, actual type: <class 'torch.Tensor'>[0m
  logger.warn(
/workspace/r10/env_old/lib/python3.12/site-packages/gymnasium/spaces/box.py:415: UserWarning: [33mWARN: Casting input x to numpy array.[0m
  gym.logger.warn("Casting input x to numpy array.")
CEM solve time: 1.5859 seconds
/workspace/r10/env_old/lib/python3.12/site-packages/gymnasium/utils/passive_env_checker.py:129: UserWarning: [33mWARN: The obs returned by the `step()` method was expecting a numpy array, actual type: <class 'torch.Tensor'>[0m
  logger.warn(
/workspace/r10/env_old/lib/python3.12/site-packages/gymnasium/spaces/box.py:415: UserWarning: [33mWARN: Casting input x to numpy array.[0m
  gym.logger.warn("Casting input x to numpy array.")
{"completed": 151, "missing": 0, "case": "R8_tworoom_07fe2e9d497008591b7dfd91", "arm": "REFIT_103203", "stream": "R3_ORIGINAL", "mode": "H_REAL3_REPLAN"}
/workspace/r10/env_old/lib/python3.12/site-packages/gymnasium/utils/passive_env_checker.py:129: UserWarning: [33mWARN: The obs returned by the `reset()` method was expecting a numpy array, actual type: <class 'torch.Tensor'>[0m
  logger.warn(
/workspace/r10/env_old/lib/python3.12/site-packages/gymnasium/spaces/box.py:415: UserWarning: [33mWARN: Casting input x to numpy array.[0m
  gym.logger.warn("Casting input x to numpy array.")
CEM solve time: 1.5947 seconds
/workspace/r10/env_old/lib/python3.12/site-packages/gymnasium/utils/passive_env_checker.py:129: UserWarning: [33mWARN: The obs returned by the `step()` method was expecting a numpy array, actual type: <class 'torch.Tensor'>[0m
  logger.warn(
/workspace/r10/env_old/lib/python3.12/site-packages/gymnasium/spaces/box.py:415: UserWarning: [33mWARN: Casting input x to numpy array.[0m
  gym.logger.warn("Casting input x to numpy array.")
/workspace/r10/env_old/lib/python3.12/site-packages/gymnasium/utils/passive_env_checker.py:129: UserWarning: [33mWARN: The obs returned by the `reset()` method was expecting a numpy array, actual type: <class 'torch.Tensor'>[0m
  logger.warn(
/workspace/r10/env_old/lib/python3.12/site-packages/gymnasium/spaces/box.py:415: UserWarning: [33mWARN: Casting input x to numpy array.[0m
  gym.logger.warn("Casting input x to numpy array.")
CEM solve time: 1.5753 seconds
/workspace/r10/env_old/lib/python3.12/site-packages/gymnasium/utils/passive_env_checker.py:129: UserWarning: [33mWARN: The obs returned by the `step()` method was expecting a numpy array, actual type: <class 'torch.Tensor'>[0m
  logger.warn(
/workspace/r10/env_old/lib/python3.12/site-packages/gymnasium/spaces/box.py:415: UserWarning: [33mWARN: Casting input x to numpy array.[0m
  gym.logger.warn("Casting input x to numpy array.")
{"completed": 152, "missing": 0, "case": "R8_tworoom_07fe2e9d497008591b7dfd91", "arm": "REFIT_103203", "stream": "R4_ALT_CEM_1", "mode": "H_REAL3_REPLAN"}
/workspace/r10/env_old/lib/python3.12/site-packages/gymnasium/utils/passive_env_checker.py:129: UserWarning: [33mWARN: The obs returned by the `reset()` method was expecting a numpy array, actual type: <class 'torch.Tensor'>[0m
  logger.warn(
/workspace/r10/env_old/lib/python3.12/site-packages/gymnasium/spaces/box.py:415: UserWarning: [33mWARN: Casting input x to numpy array.[0m
  gym.logger.warn("Casting input x to numpy array.")
CEM solve time: 1.5761 seconds
/workspace/r10/env_old/lib/python3.12/site-packages/gymnasium/utils/passive_env_checker.py:129: UserWarning: [33mWARN: The obs returned by the `step()` method was expecting a numpy array, actual type: <class 'torch.Tensor'>[0m
  logger.warn(
/workspace/r10/env_old/lib/python3.12/site-packages/gymnasium/spaces/box.py:415: UserWarning: [33mWARN: Casting input x to numpy array.[0m
  gym.logger.warn("Casting input x to numpy array.")
/workspace/r10/env_old/lib/python3.12/site-packages/gymnasium/utils/passive_env_checker.py:129: UserWarning: [33mWARN: The obs returned by the `reset()` method was expecting a numpy array, actual type: <class 'torch.Tensor'>[0m
  logger.warn(
/workspace/r10/env_old/lib/python3.12/site-packages/gymnasium/spaces/box.py:415: UserWarning: [33mWARN: Casting input x to numpy array.[0m
  gym.logger.warn("Casting input x to numpy array.")
CEM solve time: 1.5711 seconds
/workspace/r10/env_old/lib/python3.12/site-packages/gymnasium/utils/passive_env_checker.py:129: UserWarning: [33mWARN: The obs returned by the `step()` method was expecting a numpy array, actual type: <class 'torch.Tensor'>[0m
  logger.warn(
/workspace/r10/env_old/lib/python3.12/site-packages/gymnasium/spaces/box.py:415: UserWarning: [33mWARN: Casting input x to numpy array.[0m
  gym.logger.warn("Casting input x to numpy array.")
{"completed": 153, "missing": 0, "case": "R8_tworoom_07fe2e9d497008591b7dfd91", "arm": "REFIT_103203", "stream": "R4_ALT_CEM_2", "mode": "H_REAL3_REPLAN"}
/workspace/r10/env_old/lib/python3.12/site-packages/gymnasium/utils/passive_env_checker.py:129: UserWarning: [33mWARN: The obs returned by the `reset()` method was expecting a numpy array, actual type: <class 'torch.Tensor'>[0m
  logger.warn(
/workspace/r10/env_old/lib/python3.12/site-packages/gymnasium/spaces/box.py:415: UserWarning: [33mWARN: Casting input x to numpy array.[0m
  gym.logger.warn("Casting input x to numpy array.")
CEM solve time: 1.6268 seconds
/workspace/r10/env_old/lib/python3.12/site-packages/gymnasium/utils/passive_env_checker.py:129: UserWarning: [33mWARN: The obs returned by the `step()` method was expecting a numpy array, actual type: <class 'torch.Tensor'>[0m
  logger.warn(
/workspace/r10/env_old/lib/python3.12/site-packages/gymnasium/spaces/box.py:415: UserWarning: [33mWARN: Casting input x to numpy array.[0m
  gym.logger.warn("Casting input x to numpy array.")
CEM solve time: 1.5838 seconds
/workspace/r10/env_old/lib/python3.12/site-packages/gymnasium/utils/passive_env_checker.py:129: UserWarning: [33mWARN: The obs returned by the `reset()` method was expecting a numpy array, actual type: <class 'torch.Tensor'>[0m
  logger.warn(
/workspace/r10/env_old/lib/python3.12/site-packages/gymnasium/spaces/box.py:415: UserWarning: [33mWARN: Casting input x to numpy array.[0m
  gym.logger.warn("Casting input x to numpy array.")
CEM solve time: 1.5849 seconds
/workspace/r10/env_old/lib/python3.12/site-packages/gymnasium/utils/passive_env_checker.py:129: UserWarning: [33mWARN: The obs returned by the `step()` method was expecting a numpy array, actual type: <class 'torch.Tensor'>[0m
  logger.warn(
/workspace/r10/env_old/lib/python3.12/site-packages/gymnasium/spaces/box.py:415: UserWarning: [33mWARN: Casting input x to numpy array.[0m
  gym.logger.warn("Casting input x to numpy array.")
CEM solve time: 1.6066 seconds
{"completed": 154, "missing": 0, "case": "R8_tworoom_08fae1c7d5506f5d6c5ca8ac", "arm": "REFIT_103203", "stream": "R3_ORIGINAL", "mode": "H_REAL3_REPLAN"}
/workspace/r10/env_old/lib/python3.12/site-packages/gymnasium/utils/passive_env_checker.py:129: UserWarning: [33mWARN: The obs returned by the `reset()` method was expecting a numpy array, actual type: <class 'torch.Tensor'>[0m
  logger.warn(
/workspace/r10/env_old/lib/python3.12/site-packages/gymnasium/spaces/box.py:415: UserWarning: [33mWARN: Casting input x to numpy array.[0m
  gym.logger.warn("Casting input x to numpy array.")
CEM solve time: 1.5827 seconds
/workspace/r10/env_old/lib/python3.12/site-packages/gymnasium/utils/passive_env_checker.py:129: UserWarning: [33mWARN: The obs returned by the `step()` method was expecting a numpy array, actual type: <class 'torch.Tensor'>[0m
  logger.warn(
/workspace/r10/env_old/lib/python3.12/site-packages/gymnasium/spaces/box.py:415: UserWarning: [33mWARN: Casting input x to numpy array.[0m
  gym.logger.warn("Casting input x to numpy array.")
CEM solve time: 1.5754 seconds
/workspace/r10/env_old/lib/python3.12/site-packages/gymnasium/utils/passive_env_checker.py:129: UserWarning: [33mWARN: The obs returned by the `reset()` method was expecting a numpy array, actual type: <class 'torch.Tensor'>[0m
  logger.warn(
/workspace/r10/env_old/lib/python3.12/site-packages/gymnasium/spaces/box.py:415: UserWarning: [33mWARN: Casting input x to numpy array.[0m
  gym.logger.warn("Casting input x to numpy array.")
CEM solve time: 1.5905 seconds
/workspace/r10/env_old/lib/python3.12/site-packages/gymnasium/utils/passive_env_checker.py:129: UserWarning: [33mWARN: The obs returned by the `step()` method was expecting a numpy array, actual type: <class 'torch.Tensor'>[0m
  logger.warn(
/workspace/r10/env_old/lib/python3.12/site-packages/gymnasium/spaces/box.py:415: UserWarning: [33mWARN: Casting input x to numpy array.[0m
  gym.logger.warn("Casting input x to numpy array.")
CEM solve time: 1.5859 seconds
{"completed": 155, "missing": 0, "case": "R8_tworoom_08fae1c7d5506f5d6c5ca8ac", "arm": "REFIT_103203", "stream": "R4_ALT_CEM_1", "mode": "H_REAL3_REPLAN"}
/workspace/r10/env_old/lib/python3.12/site-packages/gymnasium/utils/passive_env_checker.py:129: UserWarning: [33mWARN: The obs returned by the `reset()` method was expecting a numpy array, actual type: <class 'torch.Tensor'>[0m
  logger.warn(
/workspace/r10/env_old/lib/python3.12/site-packages/gymnasium/spaces/box.py:415: UserWarning: [33mWARN: Casting input x to numpy array.[0m
  gym.logger.warn("Casting input x to numpy array.")
CEM solve time: 1.5805 seconds
/workspace/r10/env_old/lib/python3.12/site-packages/gymnasium/utils/passive_env_checker.py:129: UserWarning: [33mWARN: The obs returned by the `step()` method was expecting a numpy array, actual type: <class 'torch.Tensor'>[0m
  logger.warn(
/workspace/r10/env_old/lib/python3.12/site-packages/gymnasium/spaces/box.py:415: UserWarning: [33mWARN: Casting input x to numpy array.[0m
  gym.logger.warn("Casting input x to numpy array.")
CEM solve time: 1.5807 seconds
/workspace/r10/env_old/lib/python3.12/site-packages/gymnasium/utils/passive_env_checker.py:129: UserWarning: [33mWARN: The obs returned by the `reset()` method was expecting a numpy array, actual type: <class 'torch.Tensor'>[0m
  logger.warn(
/workspace/r10/env_old/lib/python3.12/site-packages/gymnasium/spaces/box.py:415: UserWarning: [33mWARN: Casting input x to numpy array.[0m
  gym.logger.warn("Casting input x to numpy array.")
CEM solve time: 1.5899 seconds
/workspace/r10/env_old/lib/python3.12/site-packages/gymnasium/utils/passive_env_checker.py:129: UserWarning: [33mWARN: The obs returned by the `step()` method was expecting a numpy array, actual type: <class 'torch.Tensor'>[0m
  logger.warn(
/workspace/r10/env_old/lib/python3.12/site-packages/gymnasium/spaces/box.py:415: UserWarning: [33mWARN: Casting input x to numpy array.[0m
  gym.logger.warn("Casting input x to numpy array.")
CEM solve time: 1.5953 seconds
{"completed": 156, "missing": 0, "case": "R8_tworoom_08fae1c7d5506f5d6c5ca8ac", "arm": "REFIT_103203", "stream": "R4_ALT_CEM_2", "mode": "H_REAL3_REPLAN"}
