/workspace/r10/shared_data/r3/source/swm_compat/stable_worldmodel/envs/__init__.py:215: UserWarning: ale-py not found; ALE/* envs are unavailable. Install with: pip install 'stable-worldmodel[env]' or pip install ale-py.
  from stable_worldmodel.envs import ale  # noqa: F401
/workspace/r10/env_old/lib/python3.12/site-packages/gymnasium/utils/passive_env_checker.py:129: UserWarning: [33mWARN: The obs returned by the `reset()` method was expecting a numpy array, actual type: <class 'torch.Tensor'>[0m
  logger.warn(
/workspace/r10/env_old/lib/python3.12/site-packages/gymnasium/spaces/box.py:415: UserWarning: [33mWARN: Casting input x to numpy array.[0m
  gym.logger.warn("Casting input x to numpy array.")
CEM solve time: 2.0435 seconds
/workspace/r10/env_old/lib/python3.12/site-packages/gymnasium/utils/passive_env_checker.py:129: UserWarning: [33mWARN: The obs returned by the `step()` method was expecting a numpy array, actual type: <class 'torch.Tensor'>[0m
  logger.warn(
/workspace/r10/env_old/lib/python3.12/site-packages/gymnasium/spaces/box.py:415: UserWarning: [33mWARN: Casting input x to numpy array.[0m
  gym.logger.warn("Casting input x to numpy array.")
CEM solve time: 1.5746 seconds
/workspace/r10/env_old/lib/python3.12/site-packages/gymnasium/utils/passive_env_checker.py:129: UserWarning: [33mWARN: The obs returned by the `reset()` method was expecting a numpy array, actual type: <class 'torch.Tensor'>[0m
  logger.warn(
/workspace/r10/env_old/lib/python3.12/site-packages/gymnasium/spaces/box.py:415: UserWarning: [33mWARN: Casting input x to numpy array.[0m
  gym.logger.warn("Casting input x to numpy array.")
CEM solve time: 1.5758 seconds
/workspace/r10/env_old/lib/python3.12/site-packages/gymnasium/utils/passive_env_checker.py:129: UserWarning: [33mWARN: The obs returned by the `step()` method was expecting a numpy array, actual type: <class 'torch.Tensor'>[0m
  logger.warn(
/workspace/r10/env_old/lib/python3.12/site-packages/gymnasium/spaces/box.py:415: UserWarning: [33mWARN: Casting input x to numpy array.[0m
  gym.logger.warn("Casting input x to numpy array.")
CEM solve time: 1.5893 seconds
{"completed": 1, "missing": 0, "case": "R8_tworoom_003c28579b58245c0c254088", "arm": "H0", "stream": "R3_ORIGINAL", "mode": "H_REAL3_REPLAN"}
/workspace/r10/env_old/lib/python3.12/site-packages/gymnasium/utils/passive_env_checker.py:129: UserWarning: [33mWARN: The obs returned by the `reset()` method was expecting a numpy array, actual type: <class 'torch.Tensor'>[0m
  logger.warn(
/workspace/r10/env_old/lib/python3.12/site-packages/gymnasium/spaces/box.py:415: UserWarning: [33mWARN: Casting input x to numpy array.[0m
  gym.logger.warn("Casting input x to numpy array.")
CEM solve time: 1.5862 seconds
/workspace/r10/env_old/lib/python3.12/site-packages/gymnasium/utils/passive_env_checker.py:129: UserWarning: [33mWARN: The obs returned by the `step()` method was expecting a numpy array, actual type: <class 'torch.Tensor'>[0m
  logger.warn(
/workspace/r10/env_old/lib/python3.12/site-packages/gymnasium/spaces/box.py:415: UserWarning: [33mWARN: Casting input x to numpy array.[0m
  gym.logger.warn("Casting input x to numpy array.")
CEM solve time: 1.5663 seconds
/workspace/r10/env_old/lib/python3.12/site-packages/gymnasium/utils/passive_env_checker.py:129: UserWarning: [33mWARN: The obs returned by the `reset()` method was expecting a numpy array, actual type: <class 'torch.Tensor'>[0m
  logger.warn(
/workspace/r10/env_old/lib/python3.12/site-packages/gymnasium/spaces/box.py:415: UserWarning: [33mWARN: Casting input x to numpy array.[0m
  gym.logger.warn("Casting input x to numpy array.")
CEM solve time: 1.5856 seconds
/workspace/r10/env_old/lib/python3.12/site-packages/gymnasium/utils/passive_env_checker.py:129: UserWarning: [33mWARN: The obs returned by the `step()` method was expecting a numpy array, actual type: <class 'torch.Tensor'>[0m
  logger.warn(
/workspace/r10/env_old/lib/python3.12/site-packages/gymnasium/spaces/box.py:415: UserWarning: [33mWARN: Casting input x to numpy array.[0m
  gym.logger.warn("Casting input x to numpy array.")
CEM solve time: 1.5944 seconds
{"completed": 2, "missing": 0, "case": "R8_tworoom_003c28579b58245c0c254088", "arm": "H0", "stream": "R4_ALT_CEM_1", "mode": "H_REAL3_REPLAN"}
/workspace/r10/env_old/lib/python3.12/site-packages/gymnasium/utils/passive_env_checker.py:129: UserWarning: [33mWARN: The obs returned by the `reset()` method was expecting a numpy array, actual type: <class 'torch.Tensor'>[0m
  logger.warn(
/workspace/r10/env_old/lib/python3.12/site-packages/gymnasium/spaces/box.py:415: UserWarning: [33mWARN: Casting input x to numpy array.[0m
  gym.logger.warn("Casting input x to numpy array.")
CEM solve time: 1.5707 seconds
/workspace/r10/env_old/lib/python3.12/site-packages/gymnasium/utils/passive_env_checker.py:129: UserWarning: [33mWARN: The obs returned by the `step()` method was expecting a numpy array, actual type: <class 'torch.Tensor'>[0m
  logger.warn(
/workspace/r10/env_old/lib/python3.12/site-packages/gymnasium/spaces/box.py:415: UserWarning: [33mWARN: Casting input x to numpy array.[0m
  gym.logger.warn("Casting input x to numpy array.")
CEM solve time: 1.5891 seconds
/workspace/r10/env_old/lib/python3.12/site-packages/gymnasium/utils/passive_env_checker.py:129: UserWarning: [33mWARN: The obs returned by the `reset()` method was expecting a numpy array, actual type: <class 'torch.Tensor'>[0m
  logger.warn(
/workspace/r10/env_old/lib/python3.12/site-packages/gymnasium/spaces/box.py:415: UserWarning: [33mWARN: Casting input x to numpy array.[0m
  gym.logger.warn("Casting input x to numpy array.")
CEM solve time: 1.5760 seconds
/workspace/r10/env_old/lib/python3.12/site-packages/gymnasium/utils/passive_env_checker.py:129: UserWarning: [33mWARN: The obs returned by the `step()` method was expecting a numpy array, actual type: <class 'torch.Tensor'>[0m
  logger.warn(
/workspace/r10/env_old/lib/python3.12/site-packages/gymnasium/spaces/box.py:415: UserWarning: [33mWARN: Casting input x to numpy array.[0m
  gym.logger.warn("Casting input x to numpy array.")
CEM solve time: 1.5910 seconds
{"completed": 3, "missing": 0, "case": "R8_tworoom_003c28579b58245c0c254088", "arm": "H0", "stream": "R4_ALT_CEM_2", "mode": "H_REAL3_REPLAN"}
/workspace/r10/env_old/lib/python3.12/site-packages/gymnasium/utils/passive_env_checker.py:129: UserWarning: [33mWARN: The obs returned by the `reset()` method was expecting a numpy array, actual type: <class 'torch.Tensor'>[0m
  logger.warn(
/workspace/r10/env_old/lib/python3.12/site-packages/gymnasium/spaces/box.py:415: UserWarning: [33mWARN: Casting input x to numpy array.[0m
  gym.logger.warn("Casting input x to numpy array.")
CEM solve time: 1.5779 seconds
/workspace/r10/env_old/lib/python3.12/site-packages/gymnasium/utils/passive_env_checker.py:129: UserWarning: [33mWARN: The obs returned by the `step()` method was expecting a numpy array, actual type: <class 'torch.Tensor'>[0m
  logger.warn(
/workspace/r10/env_old/lib/python3.12/site-packages/gymnasium/spaces/box.py:415: UserWarning: [33mWARN: Casting input x to numpy array.[0m
  gym.logger.warn("Casting input x to numpy array.")
/workspace/r10/env_old/lib/python3.12/site-packages/gymnasium/utils/passive_env_checker.py:129: UserWarning: [33mWARN: The obs returned by the `reset()` method was expecting a numpy array, actual type: <class 'torch.Tensor'>[0m
  logger.warn(
/workspace/r10/env_old/lib/python3.12/site-packages/gymnasium/spaces/box.py:415: UserWarning: [33mWARN: Casting input x to numpy array.[0m
  gym.logger.warn("Casting input x to numpy array.")
CEM solve time: 1.5985 seconds
/workspace/r10/env_old/lib/python3.12/site-packages/gymnasium/utils/passive_env_checker.py:129: UserWarning: [33mWARN: The obs returned by the `step()` method was expecting a numpy array, actual type: <class 'torch.Tensor'>[0m
  logger.warn(
/workspace/r10/env_old/lib/python3.12/site-packages/gymnasium/spaces/box.py:415: UserWarning: [33mWARN: Casting input x to numpy array.[0m
  gym.logger.warn("Casting input x to numpy array.")
{"completed": 4, "missing": 0, "case": "R8_tworoom_01318120cf0b720a19bef43c", "arm": "H0", "stream": "R3_ORIGINAL", "mode": "H_REAL3_REPLAN"}
/workspace/r10/env_old/lib/python3.12/site-packages/gymnasium/utils/passive_env_checker.py:129: UserWarning: [33mWARN: The obs returned by the `reset()` method was expecting a numpy array, actual type: <class 'torch.Tensor'>[0m
  logger.warn(
/workspace/r10/env_old/lib/python3.12/site-packages/gymnasium/spaces/box.py:415: UserWarning: [33mWARN: Casting input x to numpy array.[0m
  gym.logger.warn("Casting input x to numpy array.")
CEM solve time: 1.5851 seconds
/workspace/r10/env_old/lib/python3.12/site-packages/gymnasium/utils/passive_env_checker.py:129: UserWarning: [33mWARN: The obs returned by the `step()` method was expecting a numpy array, actual type: <class 'torch.Tensor'>[0m
  logger.warn(
/workspace/r10/env_old/lib/python3.12/site-packages/gymnasium/spaces/box.py:415: UserWarning: [33mWARN: Casting input x to numpy array.[0m
  gym.logger.warn("Casting input x to numpy array.")
/workspace/r10/env_old/lib/python3.12/site-packages/gymnasium/utils/passive_env_checker.py:129: UserWarning: [33mWARN: The obs returned by the `reset()` method was expecting a numpy array, actual type: <class 'torch.Tensor'>[0m
  logger.warn(
/workspace/r10/env_old/lib/python3.12/site-packages/gymnasium/spaces/box.py:415: UserWarning: [33mWARN: Casting input x to numpy array.[0m
  gym.logger.warn("Casting input x to numpy array.")
CEM solve time: 1.5767 seconds
/workspace/r10/env_old/lib/python3.12/site-packages/gymnasium/utils/passive_env_checker.py:129: UserWarning: [33mWARN: The obs returned by the `step()` method was expecting a numpy array, actual type: <class 'torch.Tensor'>[0m
  logger.warn(
/workspace/r10/env_old/lib/python3.12/site-packages/gymnasium/spaces/box.py:415: UserWarning: [33mWARN: Casting input x to numpy array.[0m
  gym.logger.warn("Casting input x to numpy array.")
{"completed": 5, "missing": 0, "case": "R8_tworoom_01318120cf0b720a19bef43c", "arm": "H0", "stream": "R4_ALT_CEM_1", "mode": "H_REAL3_REPLAN"}
/workspace/r10/env_old/lib/python3.12/site-packages/gymnasium/utils/passive_env_checker.py:129: UserWarning: [33mWARN: The obs returned by the `reset()` method was expecting a numpy array, actual type: <class 'torch.Tensor'>[0m
  logger.warn(
/workspace/r10/env_old/lib/python3.12/site-packages/gymnasium/spaces/box.py:415: UserWarning: [33mWARN: Casting input x to numpy array.[0m
  gym.logger.warn("Casting input x to numpy array.")
CEM solve time: 1.5696 seconds
/workspace/r10/env_old/lib/python3.12/site-packages/gymnasium/utils/passive_env_checker.py:129: UserWarning: [33mWARN: The obs returned by the `step()` method was expecting a numpy array, actual type: <class 'torch.Tensor'>[0m
  logger.warn(
/workspace/r10/env_old/lib/python3.12/site-packages/gymnasium/spaces/box.py:415: UserWarning: [33mWARN: Casting input x to numpy array.[0m
  gym.logger.warn("Casting input x to numpy array.")
/workspace/r10/env_old/lib/python3.12/site-packages/gymnasium/utils/passive_env_checker.py:129: UserWarning: [33mWARN: The obs returned by the `reset()` method was expecting a numpy array, actual type: <class 'torch.Tensor'>[0m
  logger.warn(
/workspace/r10/env_old/lib/python3.12/site-packages/gymnasium/spaces/box.py:415: UserWarning: [33mWARN: Casting input x to numpy array.[0m
  gym.logger.warn("Casting input x to numpy array.")
CEM solve time: 1.5747 seconds
/workspace/r10/env_old/lib/python3.12/site-packages/gymnasium/utils/passive_env_checker.py:129: UserWarning: [33mWARN: The obs returned by the `step()` method was expecting a numpy array, actual type: <class 'torch.Tensor'>[0m
  logger.warn(
/workspace/r10/env_old/lib/python3.12/site-packages/gymnasium/spaces/box.py:415: UserWarning: [33mWARN: Casting input x to numpy array.[0m
  gym.logger.warn("Casting input x to numpy array.")
{"completed": 6, "missing": 0, "case": "R8_tworoom_01318120cf0b720a19bef43c", "arm": "H0", "stream": "R4_ALT_CEM_2", "mode": "H_REAL3_REPLAN"}
/workspace/r10/env_old/lib/python3.12/site-packages/gymnasium/utils/passive_env_checker.py:129: UserWarning: [33mWARN: The obs returned by the `reset()` method was expecting a numpy array, actual type: <class 'torch.Tensor'>[0m
  logger.warn(
/workspace/r10/env_old/lib/python3.12/site-packages/gymnasium/spaces/box.py:415: UserWarning: [33mWARN: Casting input x to numpy array.[0m
  gym.logger.warn("Casting input x to numpy array.")
CEM solve time: 1.5719 seconds
/workspace/r10/env_old/lib/python3.12/site-packages/gymnasium/utils/passive_env_checker.py:129: UserWarning: [33mWARN: The obs returned by the `step()` method was expecting a numpy array, actual type: <class 'torch.Tensor'>[0m
  logger.warn(
/workspace/r10/env_old/lib/python3.12/site-packages/gymnasium/spaces/box.py:415: UserWarning: [33mWARN: Casting input x to numpy array.[0m
  gym.logger.warn("Casting input x to numpy array.")
/workspace/r10/env_old/lib/python3.12/site-packages/gymnasium/utils/passive_env_checker.py:129: UserWarning: [33mWARN: The obs returned by the `reset()` method was expecting a numpy array, actual type: <class 'torch.Tensor'>[0m
  logger.warn(
CEM solve time: 1.5848 seconds
/workspace/r10/env_old/lib/python3.12/site-packages/gymnasium/utils/passive_env_checker.py:129: UserWarning: [33mWARN: The obs returned by the `step()` method was expecting a numpy array, actual type: <class 'torch.Tensor'>[0m
  logger.warn(
/workspace/r10/env_old/lib/python3.12/site-packages/gymnasium/spaces/box.py:415: UserWarning: [33mWARN: Casting input x to numpy array.[0m
  gym.logger.warn("Casting input x to numpy array.")
{"completed": 7, "missing": 0, "case": "R8_tworoom_01e4a5589224d5a2e107c624", "arm": "H0", "stream": "R3_ORIGINAL", "mode": "H_REAL3_REPLAN"}
/workspace/r10/env_old/lib/python3.12/site-packages/gymnasium/utils/passive_env_checker.py:129: UserWarning: [33mWARN: The obs returned by the `reset()` method was expecting a numpy array, actual type: <class 'torch.Tensor'>[0m
  logger.warn(
CEM solve time: 1.5693 seconds
/workspace/r10/env_old/lib/python3.12/site-packages/gymnasium/utils/passive_env_checker.py:129: UserWarning: [33mWARN: The obs returned by the `step()` method was expecting a numpy array, actual type: <class 'torch.Tensor'>[0m
  logger.warn(
/workspace/r10/env_old/lib/python3.12/site-packages/gymnasium/spaces/box.py:415: UserWarning: [33mWARN: Casting input x to numpy array.[0m
  gym.logger.warn("Casting input x to numpy array.")
/workspace/r10/env_old/lib/python3.12/site-packages/gymnasium/utils/passive_env_checker.py:129: UserWarning: [33mWARN: The obs returned by the `reset()` method was expecting a numpy array, actual type: <class 'torch.Tensor'>[0m
  logger.warn(
/workspace/r10/env_old/lib/python3.12/site-packages/gymnasium/spaces/box.py:415: UserWarning: [33mWARN: Casting input x to numpy array.[0m
  gym.logger.warn("Casting input x to numpy array.")
CEM solve time: 1.5712 seconds
/workspace/r10/env_old/lib/python3.12/site-packages/gymnasium/utils/passive_env_checker.py:129: UserWarning: [33mWARN: The obs returned by the `step()` method was expecting a numpy array, actual type: <class 'torch.Tensor'>[0m
  logger.warn(
/workspace/r10/env_old/lib/python3.12/site-packages/gymnasium/spaces/box.py:415: UserWarning: [33mWARN: Casting input x to numpy array.[0m
  gym.logger.warn("Casting input x to numpy array.")
{"completed": 8, "missing": 0, "case": "R8_tworoom_01e4a5589224d5a2e107c624", "arm": "H0", "stream": "R4_ALT_CEM_1", "mode": "H_REAL3_REPLAN"}
/workspace/r10/env_old/lib/python3.12/site-packages/gymnasium/utils/passive_env_checker.py:129: UserWarning: [33mWARN: The obs returned by the `reset()` method was expecting a numpy array, actual type: <class 'torch.Tensor'>[0m
  logger.warn(
/workspace/r10/env_old/lib/python3.12/site-packages/gymnasium/spaces/box.py:415: UserWarning: [33mWARN: Casting input x to numpy array.[0m
  gym.logger.warn("Casting input x to numpy array.")
CEM solve time: 1.5803 seconds
/workspace/r10/env_old/lib/python3.12/site-packages/gymnasium/utils/passive_env_checker.py:129: UserWarning: [33mWARN: The obs returned by the `step()` method was expecting a numpy array, actual type: <class 'torch.Tensor'>[0m
  logger.warn(
/workspace/r10/env_old/lib/python3.12/site-packages/gymnasium/spaces/box.py:415: UserWarning: [33mWARN: Casting input x to numpy array.[0m
  gym.logger.warn("Casting input x to numpy array.")
/workspace/r10/env_old/lib/python3.12/site-packages/gymnasium/utils/passive_env_checker.py:129: UserWarning: [33mWARN: The obs returned by the `reset()` method was expecting a numpy array, actual type: <class 'torch.Tensor'>[0m
  logger.warn(
CEM solve time: 1.5737 seconds
/workspace/r10/env_old/lib/python3.12/site-packages/gymnasium/utils/passive_env_checker.py:129: UserWarning: [33mWARN: The obs returned by the `step()` method was expecting a numpy array, actual type: <class 'torch.Tensor'>[0m
  logger.warn(
/workspace/r10/env_old/lib/python3.12/site-packages/gymnasium/spaces/box.py:415: UserWarning: [33mWARN: Casting input x to numpy array.[0m
  gym.logger.warn("Casting input x to numpy array.")
{"completed": 9, "missing": 0, "case": "R8_tworoom_01e4a5589224d5a2e107c624", "arm": "H0", "stream": "R4_ALT_CEM_2", "mode": "H_REAL3_REPLAN"}
/workspace/r10/env_old/lib/python3.12/site-packages/gymnasium/utils/passive_env_checker.py:129: UserWarning: [33mWARN: The obs returned by the `reset()` method was expecting a numpy array, actual type: <class 'torch.Tensor'>[0m
  logger.warn(
CEM solve time: 1.5745 seconds
/workspace/r10/env_old/lib/python3.12/site-packages/gymnasium/utils/passive_env_checker.py:129: UserWarning: [33mWARN: The obs returned by the `step()` method was expecting a numpy array, actual type: <class 'torch.Tensor'>[0m
  logger.warn(
/workspace/r10/env_old/lib/python3.12/site-packages/gymnasium/spaces/box.py:415: UserWarning: [33mWARN: Casting input x to numpy array.[0m
  gym.logger.warn("Casting input x to numpy array.")
/workspace/r10/env_old/lib/python3.12/site-packages/gymnasium/utils/passive_env_checker.py:129: UserWarning: [33mWARN: The obs returned by the `reset()` method was expecting a numpy array, actual type: <class 'torch.Tensor'>[0m
  logger.warn(
/workspace/r10/env_old/lib/python3.12/site-packages/gymnasium/spaces/box.py:415: UserWarning: [33mWARN: Casting input x to numpy array.[0m
  gym.logger.warn("Casting input x to numpy array.")
CEM solve time: 1.6162 seconds
/workspace/r10/env_old/lib/python3.12/site-packages/gymnasium/utils/passive_env_checker.py:129: UserWarning: [33mWARN: The obs returned by the `step()` method was expecting a numpy array, actual type: <class 'torch.Tensor'>[0m
  logger.warn(
/workspace/r10/env_old/lib/python3.12/site-packages/gymnasium/spaces/box.py:415: UserWarning: [33mWARN: Casting input x to numpy array.[0m
  gym.logger.warn("Casting input x to numpy array.")
{"completed": 10, "missing": 0, "case": "R8_tworoom_028b381589885cb32be33fa7", "arm": "H0", "stream": "R3_ORIGINAL", "mode": "H_REAL3_REPLAN"}
/workspace/r10/env_old/lib/python3.12/site-packages/gymnasium/utils/passive_env_checker.py:129: UserWarning: [33mWARN: The obs returned by the `reset()` method was expecting a numpy array, actual type: <class 'torch.Tensor'>[0m
  logger.warn(
/workspace/r10/env_old/lib/python3.12/site-packages/gymnasium/spaces/box.py:415: UserWarning: [33mWARN: Casting input x to numpy array.[0m
  gym.logger.warn("Casting input x to numpy array.")
CEM solve time: 1.5841 seconds
/workspace/r10/env_old/lib/python3.12/site-packages/gymnasium/utils/passive_env_checker.py:129: UserWarning: [33mWARN: The obs returned by the `step()` method was expecting a numpy array, actual type: <class 'torch.Tensor'>[0m
  logger.warn(
/workspace/r10/env_old/lib/python3.12/site-packages/gymnasium/spaces/box.py:415: UserWarning: [33mWARN: Casting input x to numpy array.[0m
  gym.logger.warn("Casting input x to numpy array.")
CEM solve time: 1.5696 seconds
/workspace/r10/env_old/lib/python3.12/site-packages/gymnasium/utils/passive_env_checker.py:129: UserWarning: [33mWARN: The obs returned by the `reset()` method was expecting a numpy array, actual type: <class 'torch.Tensor'>[0m
  logger.warn(
/workspace/r10/env_old/lib/python3.12/site-packages/gymnasium/spaces/box.py:415: UserWarning: [33mWARN: Casting input x to numpy array.[0m
  gym.logger.warn("Casting input x to numpy array.")
CEM solve time: 1.5833 seconds
/workspace/r10/env_old/lib/python3.12/site-packages/gymnasium/utils/passive_env_checker.py:129: UserWarning: [33mWARN: The obs returned by the `step()` method was expecting a numpy array, actual type: <class 'torch.Tensor'>[0m
  logger.warn(
/workspace/r10/env_old/lib/python3.12/site-packages/gymnasium/spaces/box.py:415: UserWarning: [33mWARN: Casting input x to numpy array.[0m
  gym.logger.warn("Casting input x to numpy array.")
CEM solve time: 1.5816 seconds
{"completed": 11, "missing": 0, "case": "R8_tworoom_028b381589885cb32be33fa7", "arm": "H0", "stream": "R4_ALT_CEM_1", "mode": "H_REAL3_REPLAN"}
/workspace/r10/env_old/lib/python3.12/site-packages/gymnasium/utils/passive_env_checker.py:129: UserWarning: [33mWARN: The obs returned by the `reset()` method was expecting a numpy array, actual type: <class 'torch.Tensor'>[0m
  logger.warn(
/workspace/r10/env_old/lib/python3.12/site-packages/gymnasium/spaces/box.py:415: UserWarning: [33mWARN: Casting input x to numpy array.[0m
  gym.logger.warn("Casting input x to numpy array.")
CEM solve time: 1.5693 seconds
/workspace/r10/env_old/lib/python3.12/site-packages/gymnasium/utils/passive_env_checker.py:129: UserWarning: [33mWARN: The obs returned by the `step()` method was expecting a numpy array, actual type: <class 'torch.Tensor'>[0m
  logger.warn(
/workspace/r10/env_old/lib/python3.12/site-packages/gymnasium/spaces/box.py:415: UserWarning: [33mWARN: Casting input x to numpy array.[0m
  gym.logger.warn("Casting input x to numpy array.")
/workspace/r10/env_old/lib/python3.12/site-packages/gymnasium/utils/passive_env_checker.py:129: UserWarning: [33mWARN: The obs returned by the `reset()` method was expecting a numpy array, actual type: <class 'torch.Tensor'>[0m
  logger.warn(
/workspace/r10/env_old/lib/python3.12/site-packages/gymnasium/spaces/box.py:415: UserWarning: [33mWARN: Casting input x to numpy array.[0m
  gym.logger.warn("Casting input x to numpy array.")
CEM solve time: 1.5700 seconds
/workspace/r10/env_old/lib/python3.12/site-packages/gymnasium/utils/passive_env_checker.py:129: UserWarning: [33mWARN: The obs returned by the `step()` method was expecting a numpy array, actual type: <class 'torch.Tensor'>[0m
  logger.warn(
/workspace/r10/env_old/lib/python3.12/site-packages/gymnasium/spaces/box.py:415: UserWarning: [33mWARN: Casting input x to numpy array.[0m
  gym.logger.warn("Casting input x to numpy array.")
{"completed": 12, "missing": 0, "case": "R8_tworoom_028b381589885cb32be33fa7", "arm": "H0", "stream": "R4_ALT_CEM_2", "mode": "H_REAL3_REPLAN"}
/workspace/r10/env_old/lib/python3.12/site-packages/gymnasium/utils/passive_env_checker.py:129: UserWarning: [33mWARN: The obs returned by the `reset()` method was expecting a numpy array, actual type: <class 'torch.Tensor'>[0m
  logger.warn(
/workspace/r10/env_old/lib/python3.12/site-packages/gymnasium/spaces/box.py:415: UserWarning: [33mWARN: Casting input x to numpy array.[0m
  gym.logger.warn("Casting input x to numpy array.")
CEM solve time: 1.5845 seconds
/workspace/r10/env_old/lib/python3.12/site-packages/gymnasium/utils/passive_env_checker.py:129: UserWarning: [33mWARN: The obs returned by the `step()` method was expecting a numpy array, actual type: <class 'torch.Tensor'>[0m
  logger.warn(
/workspace/r10/env_old/lib/python3.12/site-packages/gymnasium/spaces/box.py:415: UserWarning: [33mWARN: Casting input x to numpy array.[0m
  gym.logger.warn("Casting input x to numpy array.")
CEM solve time: 1.5690 seconds
/workspace/r10/env_old/lib/python3.12/site-packages/gymnasium/utils/passive_env_checker.py:129: UserWarning: [33mWARN: The obs returned by the `reset()` method was expecting a numpy array, actual type: <class 'torch.Tensor'>[0m
  logger.warn(
/workspace/r10/env_old/lib/python3.12/site-packages/gymnasium/spaces/box.py:415: UserWarning: [33mWARN: Casting input x to numpy array.[0m
  gym.logger.warn("Casting input x to numpy array.")
CEM solve time: 1.5847 seconds
/workspace/r10/env_old/lib/python3.12/site-packages/gymnasium/utils/passive_env_checker.py:129: UserWarning: [33mWARN: The obs returned by the `step()` method was expecting a numpy array, actual type: <class 'torch.Tensor'>[0m
  logger.warn(
/workspace/r10/env_old/lib/python3.12/site-packages/gymnasium/spaces/box.py:415: UserWarning: [33mWARN: Casting input x to numpy array.[0m
  gym.logger.warn("Casting input x to numpy array.")
CEM solve time: 1.5828 seconds
{"completed": 13, "missing": 0, "case": "R8_tworoom_031a32eb62cc199fab44890e", "arm": "H0", "stream": "R3_ORIGINAL", "mode": "H_REAL3_REPLAN"}
/workspace/r10/env_old/lib/python3.12/site-packages/gymnasium/utils/passive_env_checker.py:129: UserWarning: [33mWARN: The obs returned by the `reset()` method was expecting a numpy array, actual type: <class 'torch.Tensor'>[0m
  logger.warn(
/workspace/r10/env_old/lib/python3.12/site-packages/gymnasium/spaces/box.py:415: UserWarning: [33mWARN: Casting input x to numpy array.[0m
  gym.logger.warn("Casting input x to numpy array.")
CEM solve time: 1.5727 seconds
/workspace/r10/env_old/lib/python3.12/site-packages/gymnasium/utils/passive_env_checker.py:129: UserWarning: [33mWARN: The obs returned by the `step()` method was expecting a numpy array, actual type: <class 'torch.Tensor'>[0m
  logger.warn(
/workspace/r10/env_old/lib/python3.12/site-packages/gymnasium/spaces/box.py:415: UserWarning: [33mWARN: Casting input x to numpy array.[0m
  gym.logger.warn("Casting input x to numpy array.")
CEM solve time: 1.5709 seconds
/workspace/r10/env_old/lib/python3.12/site-packages/gymnasium/utils/passive_env_checker.py:129: UserWarning: [33mWARN: The obs returned by the `reset()` method was expecting a numpy array, actual type: <class 'torch.Tensor'>[0m
  logger.warn(
/workspace/r10/env_old/lib/python3.12/site-packages/gymnasium/spaces/box.py:415: UserWarning: [33mWARN: Casting input x to numpy array.[0m
  gym.logger.warn("Casting input x to numpy array.")
CEM solve time: 1.5739 seconds
/workspace/r10/env_old/lib/python3.12/site-packages/gymnasium/utils/passive_env_checker.py:129: UserWarning: [33mWARN: The obs returned by the `step()` method was expecting a numpy array, actual type: <class 'torch.Tensor'>[0m
  logger.warn(
/workspace/r10/env_old/lib/python3.12/site-packages/gymnasium/spaces/box.py:415: UserWarning: [33mWARN: Casting input x to numpy array.[0m
  gym.logger.warn("Casting input x to numpy array.")
CEM solve time: 1.5988 seconds
{"completed": 14, "missing": 0, "case": "R8_tworoom_031a32eb62cc199fab44890e", "arm": "H0", "stream": "R4_ALT_CEM_1", "mode": "H_REAL3_REPLAN"}
/workspace/r10/env_old/lib/python3.12/site-packages/gymnasium/utils/passive_env_checker.py:129: UserWarning: [33mWARN: The obs returned by the `reset()` method was expecting a numpy array, actual type: <class 'torch.Tensor'>[0m
  logger.warn(
/workspace/r10/env_old/lib/python3.12/site-packages/gymnasium/spaces/box.py:415: UserWarning: [33mWARN: Casting input x to numpy array.[0m
  gym.logger.warn("Casting input x to numpy array.")
CEM solve time: 1.5789 seconds
/workspace/r10/env_old/lib/python3.12/site-packages/gymnasium/utils/passive_env_checker.py:129: UserWarning: [33mWARN: The obs returned by the `step()` method was expecting a numpy array, actual type: <class 'torch.Tensor'>[0m
  logger.warn(
/workspace/r10/env_old/lib/python3.12/site-packages/gymnasium/spaces/box.py:415: UserWarning: [33mWARN: Casting input x to numpy array.[0m
  gym.logger.warn("Casting input x to numpy array.")
CEM solve time: 1.5873 seconds
/workspace/r10/env_old/lib/python3.12/site-packages/gymnasium/utils/passive_env_checker.py:129: UserWarning: [33mWARN: The obs returned by the `reset()` method was expecting a numpy array, actual type: <class 'torch.Tensor'>[0m
  logger.warn(
/workspace/r10/env_old/lib/python3.12/site-packages/gymnasium/spaces/box.py:415: UserWarning: [33mWARN: Casting input x to numpy array.[0m
  gym.logger.warn("Casting input x to numpy array.")
CEM solve time: 1.5785 seconds
/workspace/r10/env_old/lib/python3.12/site-packages/gymnasium/utils/passive_env_checker.py:129: UserWarning: [33mWARN: The obs returned by the `step()` method was expecting a numpy array, actual type: <class 'torch.Tensor'>[0m
  logger.warn(
/workspace/r10/env_old/lib/python3.12/site-packages/gymnasium/spaces/box.py:415: UserWarning: [33mWARN: Casting input x to numpy array.[0m
  gym.logger.warn("Casting input x to numpy array.")
CEM solve time: 1.5967 seconds
{"completed": 15, "missing": 0, "case": "R8_tworoom_031a32eb62cc199fab44890e", "arm": "H0", "stream": "R4_ALT_CEM_2", "mode": "H_REAL3_REPLAN"}
/workspace/r10/env_old/lib/python3.12/site-packages/gymnasium/utils/passive_env_checker.py:129: UserWarning: [33mWARN: The obs returned by the `reset()` method was expecting a numpy array, actual type: <class 'torch.Tensor'>[0m
  logger.warn(
/workspace/r10/env_old/lib/python3.12/site-packages/gymnasium/spaces/box.py:415: UserWarning: [33mWARN: Casting input x to numpy array.[0m
  gym.logger.warn("Casting input x to numpy array.")
CEM solve time: 1.5670 seconds
/workspace/r10/env_old/lib/python3.12/site-packages/gymnasium/utils/passive_env_checker.py:129: UserWarning: [33mWARN: The obs returned by the `step()` method was expecting a numpy array, actual type: <class 'torch.Tensor'>[0m
  logger.warn(
/workspace/r10/env_old/lib/python3.12/site-packages/gymnasium/spaces/box.py:415: UserWarning: [33mWARN: Casting input x to numpy array.[0m
  gym.logger.warn("Casting input x to numpy array.")
/workspace/r10/env_old/lib/python3.12/site-packages/gymnasium/utils/passive_env_checker.py:129: UserWarning: [33mWARN: The obs returned by the `reset()` method was expecting a numpy array, actual type: <class 'torch.Tensor'>[0m
  logger.warn(
/workspace/r10/env_old/lib/python3.12/site-packages/gymnasium/spaces/box.py:415: UserWarning: [33mWARN: Casting input x to numpy array.[0m
  gym.logger.warn("Casting input x to numpy array.")
CEM solve time: 1.5825 seconds
/workspace/r10/env_old/lib/python3.12/site-packages/gymnasium/utils/passive_env_checker.py:129: UserWarning: [33mWARN: The obs returned by the `step()` method was expecting a numpy array, actual type: <class 'torch.Tensor'>[0m
  logger.warn(
/workspace/r10/env_old/lib/python3.12/site-packages/gymnasium/spaces/box.py:415: UserWarning: [33mWARN: Casting input x to numpy array.[0m
  gym.logger.warn("Casting input x to numpy array.")
{"completed": 16, "missing": 0, "case": "R8_tworoom_03a2c5b51519abb663dc8836", "arm": "H0", "stream": "R3_ORIGINAL", "mode": "H_REAL3_REPLAN"}
/workspace/r10/env_old/lib/python3.12/site-packages/gymnasium/utils/passive_env_checker.py:129: UserWarning: [33mWARN: The obs returned by the `reset()` method was expecting a numpy array, actual type: <class 'torch.Tensor'>[0m
  logger.warn(
/workspace/r10/env_old/lib/python3.12/site-packages/gymnasium/spaces/box.py:415: UserWarning: [33mWARN: Casting input x to numpy array.[0m
  gym.logger.warn("Casting input x to numpy array.")
CEM solve time: 1.5728 seconds
/workspace/r10/env_old/lib/python3.12/site-packages/gymnasium/utils/passive_env_checker.py:129: UserWarning: [33mWARN: The obs returned by the `step()` method was expecting a numpy array, actual type: <class 'torch.Tensor'>[0m
  logger.warn(
/workspace/r10/env_old/lib/python3.12/site-packages/gymnasium/spaces/box.py:415: UserWarning: [33mWARN: Casting input x to numpy array.[0m
  gym.logger.warn("Casting input x to numpy array.")
CEM solve time: 1.5723 seconds
/workspace/r10/env_old/lib/python3.12/site-packages/gymnasium/utils/passive_env_checker.py:129: UserWarning: [33mWARN: The obs returned by the `reset()` method was expecting a numpy array, actual type: <class 'torch.Tensor'>[0m
  logger.warn(
/workspace/r10/env_old/lib/python3.12/site-packages/gymnasium/spaces/box.py:415: UserWarning: [33mWARN: Casting input x to numpy array.[0m
  gym.logger.warn("Casting input x to numpy array.")
CEM solve time: 1.5765 seconds
/workspace/r10/env_old/lib/python3.12/site-packages/gymnasium/utils/passive_env_checker.py:129: UserWarning: [33mWARN: The obs returned by the `step()` method was expecting a numpy array, actual type: <class 'torch.Tensor'>[0m
  logger.warn(
/workspace/r10/env_old/lib/python3.12/site-packages/gymnasium/spaces/box.py:415: UserWarning: [33mWARN: Casting input x to numpy array.[0m
  gym.logger.warn("Casting input x to numpy array.")
CEM solve time: 1.5855 seconds
{"completed": 17, "missing": 0, "case": "R8_tworoom_03a2c5b51519abb663dc8836", "arm": "H0", "stream": "R4_ALT_CEM_1", "mode": "H_REAL3_REPLAN"}
/workspace/r10/env_old/lib/python3.12/site-packages/gymnasium/utils/passive_env_checker.py:129: UserWarning: [33mWARN: The obs returned by the `reset()` method was expecting a numpy array, actual type: <class 'torch.Tensor'>[0m
  logger.warn(
/workspace/r10/env_old/lib/python3.12/site-packages/gymnasium/spaces/box.py:415: UserWarning: [33mWARN: Casting input x to numpy array.[0m
  gym.logger.warn("Casting input x to numpy array.")
CEM solve time: 1.5781 seconds
/workspace/r10/env_old/lib/python3.12/site-packages/gymnasium/utils/passive_env_checker.py:129: UserWarning: [33mWARN: The obs returned by the `step()` method was expecting a numpy array, actual type: <class 'torch.Tensor'>[0m
  logger.warn(
/workspace/r10/env_old/lib/python3.12/site-packages/gymnasium/spaces/box.py:415: UserWarning: [33mWARN: Casting input x to numpy array.[0m
  gym.logger.warn("Casting input x to numpy array.")
CEM solve time: 1.5752 seconds
/workspace/r10/env_old/lib/python3.12/site-packages/gymnasium/utils/passive_env_checker.py:129: UserWarning: [33mWARN: The obs returned by the `reset()` method was expecting a numpy array, actual type: <class 'torch.Tensor'>[0m
  logger.warn(
/workspace/r10/env_old/lib/python3.12/site-packages/gymnasium/spaces/box.py:415: UserWarning: [33mWARN: Casting input x to numpy array.[0m
  gym.logger.warn("Casting input x to numpy array.")
CEM solve time: 1.5870 seconds
/workspace/r10/env_old/lib/python3.12/site-packages/gymnasium/utils/passive_env_checker.py:129: UserWarning: [33mWARN: The obs returned by the `step()` method was expecting a numpy array, actual type: <class 'torch.Tensor'>[0m
  logger.warn(
/workspace/r10/env_old/lib/python3.12/site-packages/gymnasium/spaces/box.py:415: UserWarning: [33mWARN: Casting input x to numpy array.[0m
  gym.logger.warn("Casting input x to numpy array.")
CEM solve time: 1.6001 seconds
{"completed": 18, "missing": 0, "case": "R8_tworoom_03a2c5b51519abb663dc8836", "arm": "H0", "stream": "R4_ALT_CEM_2", "mode": "H_REAL3_REPLAN"}
/workspace/r10/env_old/lib/python3.12/site-packages/gymnasium/utils/passive_env_checker.py:129: UserWarning: [33mWARN: The obs returned by the `reset()` method was expecting a numpy array, actual type: <class 'torch.Tensor'>[0m
  logger.warn(
/workspace/r10/env_old/lib/python3.12/site-packages/gymnasium/spaces/box.py:415: UserWarning: [33mWARN: Casting input x to numpy array.[0m
  gym.logger.warn("Casting input x to numpy array.")
CEM solve time: 1.5764 seconds
/workspace/r10/env_old/lib/python3.12/site-packages/gymnasium/utils/passive_env_checker.py:129: UserWarning: [33mWARN: The obs returned by the `step()` method was expecting a numpy array, actual type: <class 'torch.Tensor'>[0m
  logger.warn(
/workspace/r10/env_old/lib/python3.12/site-packages/gymnasium/spaces/box.py:415: UserWarning: [33mWARN: Casting input x to numpy array.[0m
  gym.logger.warn("Casting input x to numpy array.")
/workspace/r10/env_old/lib/python3.12/site-packages/gymnasium/utils/passive_env_checker.py:129: UserWarning: [33mWARN: The obs returned by the `reset()` method was expecting a numpy array, actual type: <class 'torch.Tensor'>[0m
  logger.warn(
/workspace/r10/env_old/lib/python3.12/site-packages/gymnasium/spaces/box.py:415: UserWarning: [33mWARN: Casting input x to numpy array.[0m
  gym.logger.warn("Casting input x to numpy array.")
CEM solve time: 1.5735 seconds
/workspace/r10/env_old/lib/python3.12/site-packages/gymnasium/utils/passive_env_checker.py:129: UserWarning: [33mWARN: The obs returned by the `step()` method was expecting a numpy array, actual type: <class 'torch.Tensor'>[0m
  logger.warn(
/workspace/r10/env_old/lib/python3.12/site-packages/gymnasium/spaces/box.py:415: UserWarning: [33mWARN: Casting input x to numpy array.[0m
  gym.logger.warn("Casting input x to numpy array.")
{"completed": 19, "missing": 0, "case": "R8_tworoom_04473637cdfc1f585d9adcf3", "arm": "H0", "stream": "R3_ORIGINAL", "mode": "H_REAL3_REPLAN"}
/workspace/r10/env_old/lib/python3.12/site-packages/gymnasium/utils/passive_env_checker.py:129: UserWarning: [33mWARN: The obs returned by the `reset()` method was expecting a numpy array, actual type: <class 'torch.Tensor'>[0m
  logger.warn(
/workspace/r10/env_old/lib/python3.12/site-packages/gymnasium/spaces/box.py:415: UserWarning: [33mWARN: Casting input x to numpy array.[0m
  gym.logger.warn("Casting input x to numpy array.")
CEM solve time: 1.5699 seconds
/workspace/r10/env_old/lib/python3.12/site-packages/gymnasium/utils/passive_env_checker.py:129: UserWarning: [33mWARN: The obs returned by the `step()` method was expecting a numpy array, actual type: <class 'torch.Tensor'>[0m
  logger.warn(
/workspace/r10/env_old/lib/python3.12/site-packages/gymnasium/spaces/box.py:415: UserWarning: [33mWARN: Casting input x to numpy array.[0m
  gym.logger.warn("Casting input x to numpy array.")
/workspace/r10/env_old/lib/python3.12/site-packages/gymnasium/utils/passive_env_checker.py:129: UserWarning: [33mWARN: The obs returned by the `reset()` method was expecting a numpy array, actual type: <class 'torch.Tensor'>[0m
  logger.warn(
/workspace/r10/env_old/lib/python3.12/site-packages/gymnasium/spaces/box.py:415: UserWarning: [33mWARN: Casting input x to numpy array.[0m
  gym.logger.warn("Casting input x to numpy array.")
CEM solve time: 1.5875 seconds
/workspace/r10/env_old/lib/python3.12/site-packages/gymnasium/utils/passive_env_checker.py:129: UserWarning: [33mWARN: The obs returned by the `step()` method was expecting a numpy array, actual type: <class 'torch.Tensor'>[0m
  logger.warn(
/workspace/r10/env_old/lib/python3.12/site-packages/gymnasium/spaces/box.py:415: UserWarning: [33mWARN: Casting input x to numpy array.[0m
  gym.logger.warn("Casting input x to numpy array.")
{"completed": 20, "missing": 0, "case": "R8_tworoom_04473637cdfc1f585d9adcf3", "arm": "H0", "stream": "R4_ALT_CEM_1", "mode": "H_REAL3_REPLAN"}
/workspace/r10/env_old/lib/python3.12/site-packages/gymnasium/utils/passive_env_checker.py:129: UserWarning: [33mWARN: The obs returned by the `reset()` method was expecting a numpy array, actual type: <class 'torch.Tensor'>[0m
  logger.warn(
/workspace/r10/env_old/lib/python3.12/site-packages/gymnasium/spaces/box.py:415: UserWarning: [33mWARN: Casting input x to numpy array.[0m
  gym.logger.warn("Casting input x to numpy array.")
CEM solve time: 1.5723 seconds
/workspace/r10/env_old/lib/python3.12/site-packages/gymnasium/utils/passive_env_checker.py:129: UserWarning: [33mWARN: The obs returned by the `step()` method was expecting a numpy array, actual type: <class 'torch.Tensor'>[0m
  logger.warn(
/workspace/r10/env_old/lib/python3.12/site-packages/gymnasium/spaces/box.py:415: UserWarning: [33mWARN: Casting input x to numpy array.[0m
  gym.logger.warn("Casting input x to numpy array.")
/workspace/r10/env_old/lib/python3.12/site-packages/gymnasium/utils/passive_env_checker.py:129: UserWarning: [33mWARN: The obs returned by the `reset()` method was expecting a numpy array, actual type: <class 'torch.Tensor'>[0m
  logger.warn(
/workspace/r10/env_old/lib/python3.12/site-packages/gymnasium/spaces/box.py:415: UserWarning: [33mWARN: Casting input x to numpy array.[0m
  gym.logger.warn("Casting input x to numpy array.")
CEM solve time: 1.6022 seconds
/workspace/r10/env_old/lib/python3.12/site-packages/gymnasium/utils/passive_env_checker.py:129: UserWarning: [33mWARN: The obs returned by the `step()` method was expecting a numpy array, actual type: <class 'torch.Tensor'>[0m
  logger.warn(
/workspace/r10/env_old/lib/python3.12/site-packages/gymnasium/spaces/box.py:415: UserWarning: [33mWARN: Casting input x to numpy array.[0m
  gym.logger.warn("Casting input x to numpy array.")
{"completed": 21, "missing": 0, "case": "R8_tworoom_04473637cdfc1f585d9adcf3", "arm": "H0", "stream": "R4_ALT_CEM_2", "mode": "H_REAL3_REPLAN"}
/workspace/r10/env_old/lib/python3.12/site-packages/gymnasium/utils/passive_env_checker.py:129: UserWarning: [33mWARN: The obs returned by the `reset()` method was expecting a numpy array, actual type: <class 'torch.Tensor'>[0m
  logger.warn(
/workspace/r10/env_old/lib/python3.12/site-packages/gymnasium/spaces/box.py:415: UserWarning: [33mWARN: Casting input x to numpy array.[0m
  gym.logger.warn("Casting input x to numpy array.")
CEM solve time: 1.6270 seconds
/workspace/r10/env_old/lib/python3.12/site-packages/gymnasium/utils/passive_env_checker.py:129: UserWarning: [33mWARN: The obs returned by the `step()` method was expecting a numpy array, actual type: <class 'torch.Tensor'>[0m
  logger.warn(
/workspace/r10/env_old/lib/python3.12/site-packages/gymnasium/spaces/box.py:415: UserWarning: [33mWARN: Casting input x to numpy array.[0m
  gym.logger.warn("Casting input x to numpy array.")
/workspace/r10/env_old/lib/python3.12/site-packages/gymnasium/utils/passive_env_checker.py:129: UserWarning: [33mWARN: The obs returned by the `reset()` method was expecting a numpy array, actual type: <class 'torch.Tensor'>[0m
  logger.warn(
/workspace/r10/env_old/lib/python3.12/site-packages/gymnasium/spaces/box.py:415: UserWarning: [33mWARN: Casting input x to numpy array.[0m
  gym.logger.warn("Casting input x to numpy array.")
CEM solve time: 1.6194 seconds
/workspace/r10/env_old/lib/python3.12/site-packages/gymnasium/utils/passive_env_checker.py:129: UserWarning: [33mWARN: The obs returned by the `step()` method was expecting a numpy array, actual type: <class 'torch.Tensor'>[0m
  logger.warn(
/workspace/r10/env_old/lib/python3.12/site-packages/gymnasium/spaces/box.py:415: UserWarning: [33mWARN: Casting input x to numpy array.[0m
  gym.logger.warn("Casting input x to numpy array.")
{"completed": 22, "missing": 0, "case": "R8_tworoom_053b1b2f86917a1334209ecf", "arm": "H0", "stream": "R3_ORIGINAL", "mode": "H_REAL3_REPLAN"}
/workspace/r10/env_old/lib/python3.12/site-packages/gymnasium/utils/passive_env_checker.py:129: UserWarning: [33mWARN: The obs returned by the `reset()` method was expecting a numpy array, actual type: <class 'torch.Tensor'>[0m
  logger.warn(
/workspace/r10/env_old/lib/python3.12/site-packages/gymnasium/spaces/box.py:415: UserWarning: [33mWARN: Casting input x to numpy array.[0m
  gym.logger.warn("Casting input x to numpy array.")
CEM solve time: 1.5697 seconds
/workspace/r10/env_old/lib/python3.12/site-packages/gymnasium/utils/passive_env_checker.py:129: UserWarning: [33mWARN: The obs returned by the `step()` method was expecting a numpy array, actual type: <class 'torch.Tensor'>[0m
  logger.warn(
/workspace/r10/env_old/lib/python3.12/site-packages/gymnasium/spaces/box.py:415: UserWarning: [33mWARN: Casting input x to numpy array.[0m
  gym.logger.warn("Casting input x to numpy array.")
/workspace/r10/env_old/lib/python3.12/site-packages/gymnasium/utils/passive_env_checker.py:129: UserWarning: [33mWARN: The obs returned by the `reset()` method was expecting a numpy array, actual type: <class 'torch.Tensor'>[0m
  logger.warn(
/workspace/r10/env_old/lib/python3.12/site-packages/gymnasium/spaces/box.py:415: UserWarning: [33mWARN: Casting input x to numpy array.[0m
  gym.logger.warn("Casting input x to numpy array.")
CEM solve time: 1.5714 seconds
/workspace/r10/env_old/lib/python3.12/site-packages/gymnasium/utils/passive_env_checker.py:129: UserWarning: [33mWARN: The obs returned by the `step()` method was expecting a numpy array, actual type: <class 'torch.Tensor'>[0m
  logger.warn(
/workspace/r10/env_old/lib/python3.12/site-packages/gymnasium/spaces/box.py:415: UserWarning: [33mWARN: Casting input x to numpy array.[0m
  gym.logger.warn("Casting input x to numpy array.")
{"completed": 23, "missing": 0, "case": "R8_tworoom_053b1b2f86917a1334209ecf", "arm": "H0", "stream": "R4_ALT_CEM_1", "mode": "H_REAL3_REPLAN"}
/workspace/r10/env_old/lib/python3.12/site-packages/gymnasium/utils/passive_env_checker.py:129: UserWarning: [33mWARN: The obs returned by the `reset()` method was expecting a numpy array, actual type: <class 'torch.Tensor'>[0m
  logger.warn(
/workspace/r10/env_old/lib/python3.12/site-packages/gymnasium/spaces/box.py:415: UserWarning: [33mWARN: Casting input x to numpy array.[0m
  gym.logger.warn("Casting input x to numpy array.")
CEM solve time: 1.5646 seconds
/workspace/r10/env_old/lib/python3.12/site-packages/gymnasium/utils/passive_env_checker.py:129: UserWarning: [33mWARN: The obs returned by the `step()` method was expecting a numpy array, actual type: <class 'torch.Tensor'>[0m
  logger.warn(
/workspace/r10/env_old/lib/python3.12/site-packages/gymnasium/spaces/box.py:415: UserWarning: [33mWARN: Casting input x to numpy array.[0m
  gym.logger.warn("Casting input x to numpy array.")
/workspace/r10/env_old/lib/python3.12/site-packages/gymnasium/utils/passive_env_checker.py:129: UserWarning: [33mWARN: The obs returned by the `reset()` method was expecting a numpy array, actual type: <class 'torch.Tensor'>[0m
  logger.warn(
/workspace/r10/env_old/lib/python3.12/site-packages/gymnasium/spaces/box.py:415: UserWarning: [33mWARN: Casting input x to numpy array.[0m
  gym.logger.warn("Casting input x to numpy array.")
CEM solve time: 1.5903 seconds
/workspace/r10/env_old/lib/python3.12/site-packages/gymnasium/utils/passive_env_checker.py:129: UserWarning: [33mWARN: The obs returned by the `step()` method was expecting a numpy array, actual type: <class 'torch.Tensor'>[0m
  logger.warn(
/workspace/r10/env_old/lib/python3.12/site-packages/gymnasium/spaces/box.py:415: UserWarning: [33mWARN: Casting input x to numpy array.[0m
  gym.logger.warn("Casting input x to numpy array.")
{"completed": 24, "missing": 0, "case": "R8_tworoom_053b1b2f86917a1334209ecf", "arm": "H0", "stream": "R4_ALT_CEM_2", "mode": "H_REAL3_REPLAN"}
/workspace/r10/env_old/lib/python3.12/site-packages/gymnasium/utils/passive_env_checker.py:129: UserWarning: [33mWARN: The obs returned by the `reset()` method was expecting a numpy array, actual type: <class 'torch.Tensor'>[0m
  logger.warn(
/workspace/r10/env_old/lib/python3.12/site-packages/gymnasium/spaces/box.py:415: UserWarning: [33mWARN: Casting input x to numpy array.[0m
  gym.logger.warn("Casting input x to numpy array.")
CEM solve time: 1.6161 seconds
/workspace/r10/env_old/lib/python3.12/site-packages/gymnasium/utils/passive_env_checker.py:129: UserWarning: [33mWARN: The obs returned by the `step()` method was expecting a numpy array, actual type: <class 'torch.Tensor'>[0m
  logger.warn(
/workspace/r10/env_old/lib/python3.12/site-packages/gymnasium/spaces/box.py:415: UserWarning: [33mWARN: Casting input x to numpy array.[0m
  gym.logger.warn("Casting input x to numpy array.")
/workspace/r10/env_old/lib/python3.12/site-packages/gymnasium/utils/passive_env_checker.py:129: UserWarning: [33mWARN: The obs returned by the `reset()` method was expecting a numpy array, actual type: <class 'torch.Tensor'>[0m
  logger.warn(
/workspace/r10/env_old/lib/python3.12/site-packages/gymnasium/spaces/box.py:415: UserWarning: [33mWARN: Casting input x to numpy array.[0m
  gym.logger.warn("Casting input x to numpy array.")
CEM solve time: 1.5736 seconds
/workspace/r10/env_old/lib/python3.12/site-packages/gymnasium/utils/passive_env_checker.py:129: UserWarning: [33mWARN: The obs returned by the `step()` method was expecting a numpy array, actual type: <class 'torch.Tensor'>[0m
  logger.warn(
/workspace/r10/env_old/lib/python3.12/site-packages/gymnasium/spaces/box.py:415: UserWarning: [33mWARN: Casting input x to numpy array.[0m
  gym.logger.warn("Casting input x to numpy array.")
{"completed": 25, "missing": 0, "case": "R8_tworoom_0587a12763b08473dc82e82c", "arm": "H0", "stream": "R3_ORIGINAL", "mode": "H_REAL3_REPLAN"}
/workspace/r10/env_old/lib/python3.12/site-packages/gymnasium/utils/passive_env_checker.py:129: UserWarning: [33mWARN: The obs returned by the `reset()` method was expecting a numpy array, actual type: <class 'torch.Tensor'>[0m
  logger.warn(
/workspace/r10/env_old/lib/python3.12/site-packages/gymnasium/spaces/box.py:415: UserWarning: [33mWARN: Casting input x to numpy array.[0m
  gym.logger.warn("Casting input x to numpy array.")
CEM solve time: 1.5781 seconds
/workspace/r10/env_old/lib/python3.12/site-packages/gymnasium/utils/passive_env_checker.py:129: UserWarning: [33mWARN: The obs returned by the `step()` method was expecting a numpy array, actual type: <class 'torch.Tensor'>[0m
  logger.warn(
/workspace/r10/env_old/lib/python3.12/site-packages/gymnasium/spaces/box.py:415: UserWarning: [33mWARN: Casting input x to numpy array.[0m
  gym.logger.warn("Casting input x to numpy array.")
/workspace/r10/env_old/lib/python3.12/site-packages/gymnasium/utils/passive_env_checker.py:129: UserWarning: [33mWARN: The obs returned by the `reset()` method was expecting a numpy array, actual type: <class 'torch.Tensor'>[0m
  logger.warn(
/workspace/r10/env_old/lib/python3.12/site-packages/gymnasium/spaces/box.py:415: UserWarning: [33mWARN: Casting input x to numpy array.[0m
  gym.logger.warn("Casting input x to numpy array.")
CEM solve time: 1.5726 seconds
/workspace/r10/env_old/lib/python3.12/site-packages/gymnasium/utils/passive_env_checker.py:129: UserWarning: [33mWARN: The obs returned by the `step()` method was expecting a numpy array, actual type: <class 'torch.Tensor'>[0m
  logger.warn(
/workspace/r10/env_old/lib/python3.12/site-packages/gymnasium/spaces/box.py:415: UserWarning: [33mWARN: Casting input x to numpy array.[0m
  gym.logger.warn("Casting input x to numpy array.")
{"completed": 26, "missing": 0, "case": "R8_tworoom_0587a12763b08473dc82e82c", "arm": "H0", "stream": "R4_ALT_CEM_1", "mode": "H_REAL3_REPLAN"}
/workspace/r10/env_old/lib/python3.12/site-packages/gymnasium/utils/passive_env_checker.py:129: UserWarning: [33mWARN: The obs returned by the `reset()` method was expecting a numpy array, actual type: <class 'torch.Tensor'>[0m
  logger.warn(
/workspace/r10/env_old/lib/python3.12/site-packages/gymnasium/spaces/box.py:415: UserWarning: [33mWARN: Casting input x to numpy array.[0m
  gym.logger.warn("Casting input x to numpy array.")
CEM solve time: 1.5709 seconds
/workspace/r10/env_old/lib/python3.12/site-packages/gymnasium/utils/passive_env_checker.py:129: UserWarning: [33mWARN: The obs returned by the `step()` method was expecting a numpy array, actual type: <class 'torch.Tensor'>[0m
  logger.warn(
/workspace/r10/env_old/lib/python3.12/site-packages/gymnasium/spaces/box.py:415: UserWarning: [33mWARN: Casting input x to numpy array.[0m
  gym.logger.warn("Casting input x to numpy array.")
/workspace/r10/env_old/lib/python3.12/site-packages/gymnasium/utils/passive_env_checker.py:129: UserWarning: [33mWARN: The obs returned by the `reset()` method was expecting a numpy array, actual type: <class 'torch.Tensor'>[0m
  logger.warn(
CEM solve time: 1.5840 seconds
/workspace/r10/env_old/lib/python3.12/site-packages/gymnasium/utils/passive_env_checker.py:129: UserWarning: [33mWARN: The obs returned by the `step()` method was expecting a numpy array, actual type: <class 'torch.Tensor'>[0m
  logger.warn(
/workspace/r10/env_old/lib/python3.12/site-packages/gymnasium/spaces/box.py:415: UserWarning: [33mWARN: Casting input x to numpy array.[0m
  gym.logger.warn("Casting input x to numpy array.")
{"completed": 27, "missing": 0, "case": "R8_tworoom_0587a12763b08473dc82e82c", "arm": "H0", "stream": "R4_ALT_CEM_2", "mode": "H_REAL3_REPLAN"}
/workspace/r10/env_old/lib/python3.12/site-packages/gymnasium/utils/passive_env_checker.py:129: UserWarning: [33mWARN: The obs returned by the `reset()` method was expecting a numpy array, actual type: <class 'torch.Tensor'>[0m
  logger.warn(
CEM solve time: 1.5740 seconds
/workspace/r10/env_old/lib/python3.12/site-packages/gymnasium/utils/passive_env_checker.py:129: UserWarning: [33mWARN: The obs returned by the `step()` method was expecting a numpy array, actual type: <class 'torch.Tensor'>[0m
  logger.warn(
/workspace/r10/env_old/lib/python3.12/site-packages/gymnasium/spaces/box.py:415: UserWarning: [33mWARN: Casting input x to numpy array.[0m
  gym.logger.warn("Casting input x to numpy array.")
CEM solve time: 1.5676 seconds
/workspace/r10/env_old/lib/python3.12/site-packages/gymnasium/utils/passive_env_checker.py:129: UserWarning: [33mWARN: The obs returned by the `reset()` method was expecting a numpy array, actual type: <class 'torch.Tensor'>[0m
  logger.warn(
/workspace/r10/env_old/lib/python3.12/site-packages/gymnasium/spaces/box.py:415: UserWarning: [33mWARN: Casting input x to numpy array.[0m
  gym.logger.warn("Casting input x to numpy array.")
CEM solve time: 1.5785 seconds
/workspace/r10/env_old/lib/python3.12/site-packages/gymnasium/utils/passive_env_checker.py:129: UserWarning: [33mWARN: The obs returned by the `step()` method was expecting a numpy array, actual type: <class 'torch.Tensor'>[0m
  logger.warn(
/workspace/r10/env_old/lib/python3.12/site-packages/gymnasium/spaces/box.py:415: UserWarning: [33mWARN: Casting input x to numpy array.[0m
  gym.logger.warn("Casting input x to numpy array.")
CEM solve time: 1.5789 seconds
{"completed": 28, "missing": 0, "case": "R8_tworoom_069900f89528319b9ee417da", "arm": "H0", "stream": "R3_ORIGINAL", "mode": "H_REAL3_REPLAN"}
/workspace/r10/env_old/lib/python3.12/site-packages/gymnasium/utils/passive_env_checker.py:129: UserWarning: [33mWARN: The obs returned by the `reset()` method was expecting a numpy array, actual type: <class 'torch.Tensor'>[0m
  logger.warn(
/workspace/r10/env_old/lib/python3.12/site-packages/gymnasium/spaces/box.py:415: UserWarning: [33mWARN: Casting input x to numpy array.[0m
  gym.logger.warn("Casting input x to numpy array.")
CEM solve time: 1.5695 seconds
/workspace/r10/env_old/lib/python3.12/site-packages/gymnasium/utils/passive_env_checker.py:129: UserWarning: [33mWARN: The obs returned by the `step()` method was expecting a numpy array, actual type: <class 'torch.Tensor'>[0m
  logger.warn(
/workspace/r10/env_old/lib/python3.12/site-packages/gymnasium/spaces/box.py:415: UserWarning: [33mWARN: Casting input x to numpy array.[0m
  gym.logger.warn("Casting input x to numpy array.")
/workspace/r10/env_old/lib/python3.12/site-packages/gymnasium/utils/passive_env_checker.py:129: UserWarning: [33mWARN: The obs returned by the `reset()` method was expecting a numpy array, actual type: <class 'torch.Tensor'>[0m
  logger.warn(
/workspace/r10/env_old/lib/python3.12/site-packages/gymnasium/spaces/box.py:415: UserWarning: [33mWARN: Casting input x to numpy array.[0m
  gym.logger.warn("Casting input x to numpy array.")
CEM solve time: 1.5924 seconds
/workspace/r10/env_old/lib/python3.12/site-packages/gymnasium/utils/passive_env_checker.py:129: UserWarning: [33mWARN: The obs returned by the `step()` method was expecting a numpy array, actual type: <class 'torch.Tensor'>[0m
  logger.warn(
/workspace/r10/env_old/lib/python3.12/site-packages/gymnasium/spaces/box.py:415: UserWarning: [33mWARN: Casting input x to numpy array.[0m
  gym.logger.warn("Casting input x to numpy array.")
{"completed": 29, "missing": 0, "case": "R8_tworoom_069900f89528319b9ee417da", "arm": "H0", "stream": "R4_ALT_CEM_1", "mode": "H_REAL3_REPLAN"}
/workspace/r10/env_old/lib/python3.12/site-packages/gymnasium/utils/passive_env_checker.py:129: UserWarning: [33mWARN: The obs returned by the `reset()` method was expecting a numpy array, actual type: <class 'torch.Tensor'>[0m
  logger.warn(
/workspace/r10/env_old/lib/python3.12/site-packages/gymnasium/spaces/box.py:415: UserWarning: [33mWARN: Casting input x to numpy array.[0m
  gym.logger.warn("Casting input x to numpy array.")
CEM solve time: 1.5990 seconds
/workspace/r10/env_old/lib/python3.12/site-packages/gymnasium/utils/passive_env_checker.py:129: UserWarning: [33mWARN: The obs returned by the `step()` method was expecting a numpy array, actual type: <class 'torch.Tensor'>[0m
  logger.warn(
/workspace/r10/env_old/lib/python3.12/site-packages/gymnasium/spaces/box.py:415: UserWarning: [33mWARN: Casting input x to numpy array.[0m
  gym.logger.warn("Casting input x to numpy array.")
/workspace/r10/env_old/lib/python3.12/site-packages/gymnasium/utils/passive_env_checker.py:129: UserWarning: [33mWARN: The obs returned by the `reset()` method was expecting a numpy array, actual type: <class 'torch.Tensor'>[0m
  logger.warn(
/workspace/r10/env_old/lib/python3.12/site-packages/gymnasium/spaces/box.py:415: UserWarning: [33mWARN: Casting input x to numpy array.[0m
  gym.logger.warn("Casting input x to numpy array.")
CEM solve time: 1.5669 seconds
/workspace/r10/env_old/lib/python3.12/site-packages/gymnasium/utils/passive_env_checker.py:129: UserWarning: [33mWARN: The obs returned by the `step()` method was expecting a numpy array, actual type: <class 'torch.Tensor'>[0m
  logger.warn(
/workspace/r10/env_old/lib/python3.12/site-packages/gymnasium/spaces/box.py:415: UserWarning: [33mWARN: Casting input x to numpy array.[0m
  gym.logger.warn("Casting input x to numpy array.")
{"completed": 30, "missing": 0, "case": "R8_tworoom_069900f89528319b9ee417da", "arm": "H0", "stream": "R4_ALT_CEM_2", "mode": "H_REAL3_REPLAN"}
/workspace/r10/env_old/lib/python3.12/site-packages/gymnasium/utils/passive_env_checker.py:129: UserWarning: [33mWARN: The obs returned by the `reset()` method was expecting a numpy array, actual type: <class 'torch.Tensor'>[0m
  logger.warn(
/workspace/r10/env_old/lib/python3.12/site-packages/gymnasium/spaces/box.py:415: UserWarning: [33mWARN: Casting input x to numpy array.[0m
  gym.logger.warn("Casting input x to numpy array.")
CEM solve time: 1.5671 seconds
/workspace/r10/env_old/lib/python3.12/site-packages/gymnasium/utils/passive_env_checker.py:129: UserWarning: [33mWARN: The obs returned by the `step()` method was expecting a numpy array, actual type: <class 'torch.Tensor'>[0m
  logger.warn(
/workspace/r10/env_old/lib/python3.12/site-packages/gymnasium/spaces/box.py:415: UserWarning: [33mWARN: Casting input x to numpy array.[0m
  gym.logger.warn("Casting input x to numpy array.")
/workspace/r10/env_old/lib/python3.12/site-packages/gymnasium/utils/passive_env_checker.py:129: UserWarning: [33mWARN: The obs returned by the `reset()` method was expecting a numpy array, actual type: <class 'torch.Tensor'>[0m
  logger.warn(
/workspace/r10/env_old/lib/python3.12/site-packages/gymnasium/spaces/box.py:415: UserWarning: [33mWARN: Casting input x to numpy array.[0m
  gym.logger.warn("Casting input x to numpy array.")
CEM solve time: 1.6080 seconds
/workspace/r10/env_old/lib/python3.12/site-packages/gymnasium/utils/passive_env_checker.py:129: UserWarning: [33mWARN: The obs returned by the `step()` method was expecting a numpy array, actual type: <class 'torch.Tensor'>[0m
  logger.warn(
/workspace/r10/env_old/lib/python3.12/site-packages/gymnasium/spaces/box.py:415: UserWarning: [33mWARN: Casting input x to numpy array.[0m
  gym.logger.warn("Casting input x to numpy array.")
{"completed": 31, "missing": 0, "case": "R8_tworoom_0764579b0e8192142a2aa0dd", "arm": "H0", "stream": "R3_ORIGINAL", "mode": "H_REAL3_REPLAN"}
/workspace/r10/env_old/lib/python3.12/site-packages/gymnasium/utils/passive_env_checker.py:129: UserWarning: [33mWARN: The obs returned by the `reset()` method was expecting a numpy array, actual type: <class 'torch.Tensor'>[0m
  logger.warn(
/workspace/r10/env_old/lib/python3.12/site-packages/gymnasium/spaces/box.py:415: UserWarning: [33mWARN: Casting input x to numpy array.[0m
  gym.logger.warn("Casting input x to numpy array.")
CEM solve time: 1.5719 seconds
/workspace/r10/env_old/lib/python3.12/site-packages/gymnasium/utils/passive_env_checker.py:129: UserWarning: [33mWARN: The obs returned by the `step()` method was expecting a numpy array, actual type: <class 'torch.Tensor'>[0m
  logger.warn(
/workspace/r10/env_old/lib/python3.12/site-packages/gymnasium/spaces/box.py:415: UserWarning: [33mWARN: Casting input x to numpy array.[0m
  gym.logger.warn("Casting input x to numpy array.")
/workspace/r10/env_old/lib/python3.12/site-packages/gymnasium/utils/passive_env_checker.py:129: UserWarning: [33mWARN: The obs returned by the `reset()` method was expecting a numpy array, actual type: <class 'torch.Tensor'>[0m
  logger.warn(
/workspace/r10/env_old/lib/python3.12/site-packages/gymnasium/spaces/box.py:415: UserWarning: [33mWARN: Casting input x to numpy array.[0m
  gym.logger.warn("Casting input x to numpy array.")
CEM solve time: 1.5707 seconds
/workspace/r10/env_old/lib/python3.12/site-packages/gymnasium/utils/passive_env_checker.py:129: UserWarning: [33mWARN: The obs returned by the `step()` method was expecting a numpy array, actual type: <class 'torch.Tensor'>[0m
  logger.warn(
/workspace/r10/env_old/lib/python3.12/site-packages/gymnasium/spaces/box.py:415: UserWarning: [33mWARN: Casting input x to numpy array.[0m
  gym.logger.warn("Casting input x to numpy array.")
{"completed": 32, "missing": 0, "case": "R8_tworoom_0764579b0e8192142a2aa0dd", "arm": "H0", "stream": "R4_ALT_CEM_1", "mode": "H_REAL3_REPLAN"}
/workspace/r10/env_old/lib/python3.12/site-packages/gymnasium/utils/passive_env_checker.py:129: UserWarning: [33mWARN: The obs returned by the `reset()` method was expecting a numpy array, actual type: <class 'torch.Tensor'>[0m
  logger.warn(
/workspace/r10/env_old/lib/python3.12/site-packages/gymnasium/spaces/box.py:415: UserWarning: [33mWARN: Casting input x to numpy array.[0m
  gym.logger.warn("Casting input x to numpy array.")
CEM solve time: 1.5880 seconds
/workspace/r10/env_old/lib/python3.12/site-packages/gymnasium/utils/passive_env_checker.py:129: UserWarning: [33mWARN: The obs returned by the `step()` method was expecting a numpy array, actual type: <class 'torch.Tensor'>[0m
  logger.warn(
/workspace/r10/env_old/lib/python3.12/site-packages/gymnasium/spaces/box.py:415: UserWarning: [33mWARN: Casting input x to numpy array.[0m
  gym.logger.warn("Casting input x to numpy array.")
/workspace/r10/env_old/lib/python3.12/site-packages/gymnasium/utils/passive_env_checker.py:129: UserWarning: [33mWARN: The obs returned by the `reset()` method was expecting a numpy array, actual type: <class 'torch.Tensor'>[0m
  logger.warn(
/workspace/r10/env_old/lib/python3.12/site-packages/gymnasium/spaces/box.py:415: UserWarning: [33mWARN: Casting input x to numpy array.[0m
  gym.logger.warn("Casting input x to numpy array.")
CEM solve time: 1.5819 seconds
/workspace/r10/env_old/lib/python3.12/site-packages/gymnasium/utils/passive_env_checker.py:129: UserWarning: [33mWARN: The obs returned by the `step()` method was expecting a numpy array, actual type: <class 'torch.Tensor'>[0m
  logger.warn(
/workspace/r10/env_old/lib/python3.12/site-packages/gymnasium/spaces/box.py:415: UserWarning: [33mWARN: Casting input x to numpy array.[0m
  gym.logger.warn("Casting input x to numpy array.")
{"completed": 33, "missing": 0, "case": "R8_tworoom_0764579b0e8192142a2aa0dd", "arm": "H0", "stream": "R4_ALT_CEM_2", "mode": "H_REAL3_REPLAN"}
/workspace/r10/env_old/lib/python3.12/site-packages/gymnasium/utils/passive_env_checker.py:129: UserWarning: [33mWARN: The obs returned by the `reset()` method was expecting a numpy array, actual type: <class 'torch.Tensor'>[0m
  logger.warn(
/workspace/r10/env_old/lib/python3.12/site-packages/gymnasium/spaces/box.py:415: UserWarning: [33mWARN: Casting input x to numpy array.[0m
  gym.logger.warn("Casting input x to numpy array.")
CEM solve time: 1.5820 seconds
/workspace/r10/env_old/lib/python3.12/site-packages/gymnasium/utils/passive_env_checker.py:129: UserWarning: [33mWARN: The obs returned by the `step()` method was expecting a numpy array, actual type: <class 'torch.Tensor'>[0m
  logger.warn(
/workspace/r10/env_old/lib/python3.12/site-packages/gymnasium/spaces/box.py:415: UserWarning: [33mWARN: Casting input x to numpy array.[0m
  gym.logger.warn("Casting input x to numpy array.")
CEM solve time: 1.5678 seconds
/workspace/r10/env_old/lib/python3.12/site-packages/gymnasium/utils/passive_env_checker.py:129: UserWarning: [33mWARN: The obs returned by the `reset()` method was expecting a numpy array, actual type: <class 'torch.Tensor'>[0m
  logger.warn(
/workspace/r10/env_old/lib/python3.12/site-packages/gymnasium/spaces/box.py:415: UserWarning: [33mWARN: Casting input x to numpy array.[0m
  gym.logger.warn("Casting input x to numpy array.")
CEM solve time: 1.5686 seconds
/workspace/r10/env_old/lib/python3.12/site-packages/gymnasium/utils/passive_env_checker.py:129: UserWarning: [33mWARN: The obs returned by the `step()` method was expecting a numpy array, actual type: <class 'torch.Tensor'>[0m
  logger.warn(
/workspace/r10/env_old/lib/python3.12/site-packages/gymnasium/spaces/box.py:415: UserWarning: [33mWARN: Casting input x to numpy array.[0m
  gym.logger.warn("Casting input x to numpy array.")
CEM solve time: 1.5844 seconds
{"completed": 34, "missing": 0, "case": "R8_tworoom_07e4dcb9572ac581baac5ea3", "arm": "H0", "stream": "R3_ORIGINAL", "mode": "H_REAL3_REPLAN"}
/workspace/r10/env_old/lib/python3.12/site-packages/gymnasium/utils/passive_env_checker.py:129: UserWarning: [33mWARN: The obs returned by the `reset()` method was expecting a numpy array, actual type: <class 'torch.Tensor'>[0m
  logger.warn(
/workspace/r10/env_old/lib/python3.12/site-packages/gymnasium/spaces/box.py:415: UserWarning: [33mWARN: Casting input x to numpy array.[0m
  gym.logger.warn("Casting input x to numpy array.")
CEM solve time: 1.5719 seconds
/workspace/r10/env_old/lib/python3.12/site-packages/gymnasium/utils/passive_env_checker.py:129: UserWarning: [33mWARN: The obs returned by the `step()` method was expecting a numpy array, actual type: <class 'torch.Tensor'>[0m
  logger.warn(
/workspace/r10/env_old/lib/python3.12/site-packages/gymnasium/spaces/box.py:415: UserWarning: [33mWARN: Casting input x to numpy array.[0m
  gym.logger.warn("Casting input x to numpy array.")
CEM solve time: 1.5854 seconds
/workspace/r10/env_old/lib/python3.12/site-packages/gymnasium/utils/passive_env_checker.py:129: UserWarning: [33mWARN: The obs returned by the `reset()` method was expecting a numpy array, actual type: <class 'torch.Tensor'>[0m
  logger.warn(
/workspace/r10/env_old/lib/python3.12/site-packages/gymnasium/spaces/box.py:415: UserWarning: [33mWARN: Casting input x to numpy array.[0m
  gym.logger.warn("Casting input x to numpy array.")
CEM solve time: 1.5730 seconds
/workspace/r10/env_old/lib/python3.12/site-packages/gymnasium/utils/passive_env_checker.py:129: UserWarning: [33mWARN: The obs returned by the `step()` method was expecting a numpy array, actual type: <class 'torch.Tensor'>[0m
  logger.warn(
/workspace/r10/env_old/lib/python3.12/site-packages/gymnasium/spaces/box.py:415: UserWarning: [33mWARN: Casting input x to numpy array.[0m
  gym.logger.warn("Casting input x to numpy array.")
CEM solve time: 1.5882 seconds
{"completed": 35, "missing": 0, "case": "R8_tworoom_07e4dcb9572ac581baac5ea3", "arm": "H0", "stream": "R4_ALT_CEM_1", "mode": "H_REAL3_REPLAN"}
/workspace/r10/env_old/lib/python3.12/site-packages/gymnasium/utils/passive_env_checker.py:129: UserWarning: [33mWARN: The obs returned by the `reset()` method was expecting a numpy array, actual type: <class 'torch.Tensor'>[0m
  logger.warn(
/workspace/r10/env_old/lib/python3.12/site-packages/gymnasium/spaces/box.py:415: UserWarning: [33mWARN: Casting input x to numpy array.[0m
  gym.logger.warn("Casting input x to numpy array.")
CEM solve time: 1.5967 seconds
/workspace/r10/env_old/lib/python3.12/site-packages/gymnasium/utils/passive_env_checker.py:129: UserWarning: [33mWARN: The obs returned by the `step()` method was expecting a numpy array, actual type: <class 'torch.Tensor'>[0m
  logger.warn(
/workspace/r10/env_old/lib/python3.12/site-packages/gymnasium/spaces/box.py:415: UserWarning: [33mWARN: Casting input x to numpy array.[0m
  gym.logger.warn("Casting input x to numpy array.")
CEM solve time: 1.5735 seconds
/workspace/r10/env_old/lib/python3.12/site-packages/gymnasium/utils/passive_env_checker.py:129: UserWarning: [33mWARN: The obs returned by the `reset()` method was expecting a numpy array, actual type: <class 'torch.Tensor'>[0m
  logger.warn(
/workspace/r10/env_old/lib/python3.12/site-packages/gymnasium/spaces/box.py:415: UserWarning: [33mWARN: Casting input x to numpy array.[0m
  gym.logger.warn("Casting input x to numpy array.")
CEM solve time: 1.5686 seconds
/workspace/r10/env_old/lib/python3.12/site-packages/gymnasium/utils/passive_env_checker.py:129: UserWarning: [33mWARN: The obs returned by the `step()` method was expecting a numpy array, actual type: <class 'torch.Tensor'>[0m
  logger.warn(
/workspace/r10/env_old/lib/python3.12/site-packages/gymnasium/spaces/box.py:415: UserWarning: [33mWARN: Casting input x to numpy array.[0m
  gym.logger.warn("Casting input x to numpy array.")
CEM solve time: 1.5829 seconds
{"completed": 36, "missing": 0, "case": "R8_tworoom_07e4dcb9572ac581baac5ea3", "arm": "H0", "stream": "R4_ALT_CEM_2", "mode": "H_REAL3_REPLAN"}
/workspace/r10/env_old/lib/python3.12/site-packages/gymnasium/utils/passive_env_checker.py:129: UserWarning: [33mWARN: The obs returned by the `reset()` method was expecting a numpy array, actual type: <class 'torch.Tensor'>[0m
  logger.warn(
/workspace/r10/env_old/lib/python3.12/site-packages/gymnasium/spaces/box.py:415: UserWarning: [33mWARN: Casting input x to numpy array.[0m
  gym.logger.warn("Casting input x to numpy array.")
CEM solve time: 1.5785 seconds
/workspace/r10/env_old/lib/python3.12/site-packages/gymnasium/utils/passive_env_checker.py:129: UserWarning: [33mWARN: The obs returned by the `step()` method was expecting a numpy array, actual type: <class 'torch.Tensor'>[0m
  logger.warn(
/workspace/r10/env_old/lib/python3.12/site-packages/gymnasium/spaces/box.py:415: UserWarning: [33mWARN: Casting input x to numpy array.[0m
  gym.logger.warn("Casting input x to numpy array.")
CEM solve time: 1.5714 seconds
/workspace/r10/env_old/lib/python3.12/site-packages/gymnasium/utils/passive_env_checker.py:129: UserWarning: [33mWARN: The obs returned by the `reset()` method was expecting a numpy array, actual type: <class 'torch.Tensor'>[0m
  logger.warn(
/workspace/r10/env_old/lib/python3.12/site-packages/gymnasium/spaces/box.py:415: UserWarning: [33mWARN: Casting input x to numpy array.[0m
  gym.logger.warn("Casting input x to numpy array.")
CEM solve time: 1.5903 seconds
/workspace/r10/env_old/lib/python3.12/site-packages/gymnasium/utils/passive_env_checker.py:129: UserWarning: [33mWARN: The obs returned by the `step()` method was expecting a numpy array, actual type: <class 'torch.Tensor'>[0m
  logger.warn(
/workspace/r10/env_old/lib/python3.12/site-packages/gymnasium/spaces/box.py:415: UserWarning: [33mWARN: Casting input x to numpy array.[0m
  gym.logger.warn("Casting input x to numpy array.")
CEM solve time: 1.5869 seconds
{"completed": 37, "missing": 0, "case": "R8_tworoom_08aaa113960a522f6e8577dd", "arm": "H0", "stream": "R3_ORIGINAL", "mode": "H_REAL3_REPLAN"}
/workspace/r10/env_old/lib/python3.12/site-packages/gymnasium/utils/passive_env_checker.py:129: UserWarning: [33mWARN: The obs returned by the `reset()` method was expecting a numpy array, actual type: <class 'torch.Tensor'>[0m
  logger.warn(
/workspace/r10/env_old/lib/python3.12/site-packages/gymnasium/spaces/box.py:415: UserWarning: [33mWARN: Casting input x to numpy array.[0m
  gym.logger.warn("Casting input x to numpy array.")
CEM solve time: 1.5761 seconds
/workspace/r10/env_old/lib/python3.12/site-packages/gymnasium/utils/passive_env_checker.py:129: UserWarning: [33mWARN: The obs returned by the `step()` method was expecting a numpy array, actual type: <class 'torch.Tensor'>[0m
  logger.warn(
/workspace/r10/env_old/lib/python3.12/site-packages/gymnasium/spaces/box.py:415: UserWarning: [33mWARN: Casting input x to numpy array.[0m
  gym.logger.warn("Casting input x to numpy array.")
/workspace/r10/env_old/lib/python3.12/site-packages/gymnasium/utils/passive_env_checker.py:129: UserWarning: [33mWARN: The obs returned by the `reset()` method was expecting a numpy array, actual type: <class 'torch.Tensor'>[0m
  logger.warn(
/workspace/r10/env_old/lib/python3.12/site-packages/gymnasium/spaces/box.py:415: UserWarning: [33mWARN: Casting input x to numpy array.[0m
  gym.logger.warn("Casting input x to numpy array.")
CEM solve time: 1.5740 seconds
/workspace/r10/env_old/lib/python3.12/site-packages/gymnasium/utils/passive_env_checker.py:129: UserWarning: [33mWARN: The obs returned by the `step()` method was expecting a numpy array, actual type: <class 'torch.Tensor'>[0m
  logger.warn(
/workspace/r10/env_old/lib/python3.12/site-packages/gymnasium/spaces/box.py:415: UserWarning: [33mWARN: Casting input x to numpy array.[0m
  gym.logger.warn("Casting input x to numpy array.")
{"completed": 38, "missing": 0, "case": "R8_tworoom_08aaa113960a522f6e8577dd", "arm": "H0", "stream": "R4_ALT_CEM_1", "mode": "H_REAL3_REPLAN"}
/workspace/r10/env_old/lib/python3.12/site-packages/gymnasium/utils/passive_env_checker.py:129: UserWarning: [33mWARN: The obs returned by the `reset()` method was expecting a numpy array, actual type: <class 'torch.Tensor'>[0m
  logger.warn(
/workspace/r10/env_old/lib/python3.12/site-packages/gymnasium/spaces/box.py:415: UserWarning: [33mWARN: Casting input x to numpy array.[0m
  gym.logger.warn("Casting input x to numpy array.")
CEM solve time: 1.5871 seconds
/workspace/r10/env_old/lib/python3.12/site-packages/gymnasium/utils/passive_env_checker.py:129: UserWarning: [33mWARN: The obs returned by the `step()` method was expecting a numpy array, actual type: <class 'torch.Tensor'>[0m
  logger.warn(
/workspace/r10/env_old/lib/python3.12/site-packages/gymnasium/spaces/box.py:415: UserWarning: [33mWARN: Casting input x to numpy array.[0m
  gym.logger.warn("Casting input x to numpy array.")
/workspace/r10/env_old/lib/python3.12/site-packages/gymnasium/utils/passive_env_checker.py:129: UserWarning: [33mWARN: The obs returned by the `reset()` method was expecting a numpy array, actual type: <class 'torch.Tensor'>[0m
  logger.warn(
/workspace/r10/env_old/lib/python3.12/site-packages/gymnasium/spaces/box.py:415: UserWarning: [33mWARN: Casting input x to numpy array.[0m
  gym.logger.warn("Casting input x to numpy array.")
CEM solve time: 1.5807 seconds
/workspace/r10/env_old/lib/python3.12/site-packages/gymnasium/utils/passive_env_checker.py:129: UserWarning: [33mWARN: The obs returned by the `step()` method was expecting a numpy array, actual type: <class 'torch.Tensor'>[0m
  logger.warn(
/workspace/r10/env_old/lib/python3.12/site-packages/gymnasium/spaces/box.py:415: UserWarning: [33mWARN: Casting input x to numpy array.[0m
  gym.logger.warn("Casting input x to numpy array.")
{"completed": 39, "missing": 0, "case": "R8_tworoom_08aaa113960a522f6e8577dd", "arm": "H0", "stream": "R4_ALT_CEM_2", "mode": "H_REAL3_REPLAN"}
/workspace/r10/env_old/lib/python3.12/site-packages/gymnasium/utils/passive_env_checker.py:129: UserWarning: [33mWARN: The obs returned by the `reset()` method was expecting a numpy array, actual type: <class 'torch.Tensor'>[0m
  logger.warn(
/workspace/r10/env_old/lib/python3.12/site-packages/gymnasium/spaces/box.py:415: UserWarning: [33mWARN: Casting input x to numpy array.[0m
  gym.logger.warn("Casting input x to numpy array.")
CEM solve time: 1.5851 seconds
/workspace/r10/env_old/lib/python3.12/site-packages/gymnasium/utils/passive_env_checker.py:129: UserWarning: [33mWARN: The obs returned by the `step()` method was expecting a numpy array, actual type: <class 'torch.Tensor'>[0m
  logger.warn(
/workspace/r10/env_old/lib/python3.12/site-packages/gymnasium/spaces/box.py:415: UserWarning: [33mWARN: Casting input x to numpy array.[0m
  gym.logger.warn("Casting input x to numpy array.")
/workspace/r10/env_old/lib/python3.12/site-packages/gymnasium/utils/passive_env_checker.py:129: UserWarning: [33mWARN: The obs returned by the `reset()` method was expecting a numpy array, actual type: <class 'torch.Tensor'>[0m
  logger.warn(
/workspace/r10/env_old/lib/python3.12/site-packages/gymnasium/spaces/box.py:415: UserWarning: [33mWARN: Casting input x to numpy array.[0m
  gym.logger.warn("Casting input x to numpy array.")
CEM solve time: 1.5846 seconds
/workspace/r10/env_old/lib/python3.12/site-packages/gymnasium/utils/passive_env_checker.py:129: UserWarning: [33mWARN: The obs returned by the `step()` method was expecting a numpy array, actual type: <class 'torch.Tensor'>[0m
  logger.warn(
/workspace/r10/env_old/lib/python3.12/site-packages/gymnasium/spaces/box.py:415: UserWarning: [33mWARN: Casting input x to numpy array.[0m
  gym.logger.warn("Casting input x to numpy array.")
{"completed": 40, "missing": 0, "case": "R8_tworoom_003c28579b58245c0c254088", "arm": "REFIT_103201", "stream": "R3_ORIGINAL", "mode": "H_REAL3_REPLAN"}
/workspace/r10/env_old/lib/python3.12/site-packages/gymnasium/utils/passive_env_checker.py:129: UserWarning: [33mWARN: The obs returned by the `reset()` method was expecting a numpy array, actual type: <class 'torch.Tensor'>[0m
  logger.warn(
/workspace/r10/env_old/lib/python3.12/site-packages/gymnasium/spaces/box.py:415: UserWarning: [33mWARN: Casting input x to numpy array.[0m
  gym.logger.warn("Casting input x to numpy array.")
CEM solve time: 1.5769 seconds
/workspace/r10/env_old/lib/python3.12/site-packages/gymnasium/utils/passive_env_checker.py:129: UserWarning: [33mWARN: The obs returned by the `step()` method was expecting a numpy array, actual type: <class 'torch.Tensor'>[0m
  logger.warn(
/workspace/r10/env_old/lib/python3.12/site-packages/gymnasium/spaces/box.py:415: UserWarning: [33mWARN: Casting input x to numpy array.[0m
  gym.logger.warn("Casting input x to numpy array.")
/workspace/r10/env_old/lib/python3.12/site-packages/gymnasium/utils/passive_env_checker.py:129: UserWarning: [33mWARN: The obs returned by the `reset()` method was expecting a numpy array, actual type: <class 'torch.Tensor'>[0m
  logger.warn(
/workspace/r10/env_old/lib/python3.12/site-packages/gymnasium/spaces/box.py:415: UserWarning: [33mWARN: Casting input x to numpy array.[0m
  gym.logger.warn("Casting input x to numpy array.")
CEM solve time: 1.6014 seconds
/workspace/r10/env_old/lib/python3.12/site-packages/gymnasium/utils/passive_env_checker.py:129: UserWarning: [33mWARN: The obs returned by the `step()` method was expecting a numpy array, actual type: <class 'torch.Tensor'>[0m
  logger.warn(
/workspace/r10/env_old/lib/python3.12/site-packages/gymnasium/spaces/box.py:415: UserWarning: [33mWARN: Casting input x to numpy array.[0m
  gym.logger.warn("Casting input x to numpy array.")
{"completed": 41, "missing": 0, "case": "R8_tworoom_003c28579b58245c0c254088", "arm": "REFIT_103201", "stream": "R4_ALT_CEM_1", "mode": "H_REAL3_REPLAN"}
/workspace/r10/env_old/lib/python3.12/site-packages/gymnasium/utils/passive_env_checker.py:129: UserWarning: [33mWARN: The obs returned by the `reset()` method was expecting a numpy array, actual type: <class 'torch.Tensor'>[0m
  logger.warn(
/workspace/r10/env_old/lib/python3.12/site-packages/gymnasium/spaces/box.py:415: UserWarning: [33mWARN: Casting input x to numpy array.[0m
  gym.logger.warn("Casting input x to numpy array.")
CEM solve time: 1.6000 seconds
/workspace/r10/env_old/lib/python3.12/site-packages/gymnasium/utils/passive_env_checker.py:129: UserWarning: [33mWARN: The obs returned by the `step()` method was expecting a numpy array, actual type: <class 'torch.Tensor'>[0m
  logger.warn(
/workspace/r10/env_old/lib/python3.12/site-packages/gymnasium/spaces/box.py:415: UserWarning: [33mWARN: Casting input x to numpy array.[0m
  gym.logger.warn("Casting input x to numpy array.")
/workspace/r10/env_old/lib/python3.12/site-packages/gymnasium/utils/passive_env_checker.py:129: UserWarning: [33mWARN: The obs returned by the `reset()` method was expecting a numpy array, actual type: <class 'torch.Tensor'>[0m
  logger.warn(
/workspace/r10/env_old/lib/python3.12/site-packages/gymnasium/spaces/box.py:415: UserWarning: [33mWARN: Casting input x to numpy array.[0m
  gym.logger.warn("Casting input x to numpy array.")
CEM solve time: 1.5687 seconds
/workspace/r10/env_old/lib/python3.12/site-packages/gymnasium/utils/passive_env_checker.py:129: UserWarning: [33mWARN: The obs returned by the `step()` method was expecting a numpy array, actual type: <class 'torch.Tensor'>[0m
  logger.warn(
/workspace/r10/env_old/lib/python3.12/site-packages/gymnasium/spaces/box.py:415: UserWarning: [33mWARN: Casting input x to numpy array.[0m
  gym.logger.warn("Casting input x to numpy array.")
{"completed": 42, "missing": 0, "case": "R8_tworoom_003c28579b58245c0c254088", "arm": "REFIT_103201", "stream": "R4_ALT_CEM_2", "mode": "H_REAL3_REPLAN"}
/workspace/r10/env_old/lib/python3.12/site-packages/gymnasium/utils/passive_env_checker.py:129: UserWarning: [33mWARN: The obs returned by the `reset()` method was expecting a numpy array, actual type: <class 'torch.Tensor'>[0m
  logger.warn(
/workspace/r10/env_old/lib/python3.12/site-packages/gymnasium/spaces/box.py:415: UserWarning: [33mWARN: Casting input x to numpy array.[0m
  gym.logger.warn("Casting input x to numpy array.")
CEM solve time: 1.5763 seconds
/workspace/r10/env_old/lib/python3.12/site-packages/gymnasium/utils/passive_env_checker.py:129: UserWarning: [33mWARN: The obs returned by the `step()` method was expecting a numpy array, actual type: <class 'torch.Tensor'>[0m
  logger.warn(
/workspace/r10/env_old/lib/python3.12/site-packages/gymnasium/spaces/box.py:415: UserWarning: [33mWARN: Casting input x to numpy array.[0m
  gym.logger.warn("Casting input x to numpy array.")
/workspace/r10/env_old/lib/python3.12/site-packages/gymnasium/utils/passive_env_checker.py:129: UserWarning: [33mWARN: The obs returned by the `reset()` method was expecting a numpy array, actual type: <class 'torch.Tensor'>[0m
  logger.warn(
/workspace/r10/env_old/lib/python3.12/site-packages/gymnasium/spaces/box.py:415: UserWarning: [33mWARN: Casting input x to numpy array.[0m
  gym.logger.warn("Casting input x to numpy array.")
CEM solve time: 1.5769 seconds
/workspace/r10/env_old/lib/python3.12/site-packages/gymnasium/utils/passive_env_checker.py:129: UserWarning: [33mWARN: The obs returned by the `step()` method was expecting a numpy array, actual type: <class 'torch.Tensor'>[0m
  logger.warn(
/workspace/r10/env_old/lib/python3.12/site-packages/gymnasium/spaces/box.py:415: UserWarning: [33mWARN: Casting input x to numpy array.[0m
  gym.logger.warn("Casting input x to numpy array.")
{"completed": 43, "missing": 0, "case": "R8_tworoom_01318120cf0b720a19bef43c", "arm": "REFIT_103201", "stream": "R3_ORIGINAL", "mode": "H_REAL3_REPLAN"}
/workspace/r10/env_old/lib/python3.12/site-packages/gymnasium/utils/passive_env_checker.py:129: UserWarning: [33mWARN: The obs returned by the `reset()` method was expecting a numpy array, actual type: <class 'torch.Tensor'>[0m
  logger.warn(
/workspace/r10/env_old/lib/python3.12/site-packages/gymnasium/spaces/box.py:415: UserWarning: [33mWARN: Casting input x to numpy array.[0m
  gym.logger.warn("Casting input x to numpy array.")
CEM solve time: 1.5920 seconds
/workspace/r10/env_old/lib/python3.12/site-packages/gymnasium/utils/passive_env_checker.py:129: UserWarning: [33mWARN: The obs returned by the `step()` method was expecting a numpy array, actual type: <class 'torch.Tensor'>[0m
  logger.warn(
/workspace/r10/env_old/lib/python3.12/site-packages/gymnasium/spaces/box.py:415: UserWarning: [33mWARN: Casting input x to numpy array.[0m
  gym.logger.warn("Casting input x to numpy array.")
/workspace/r10/env_old/lib/python3.12/site-packages/gymnasium/utils/passive_env_checker.py:129: UserWarning: [33mWARN: The obs returned by the `reset()` method was expecting a numpy array, actual type: <class 'torch.Tensor'>[0m
  logger.warn(
/workspace/r10/env_old/lib/python3.12/site-packages/gymnasium/spaces/box.py:415: UserWarning: [33mWARN: Casting input x to numpy array.[0m
  gym.logger.warn("Casting input x to numpy array.")
CEM solve time: 1.5672 seconds
/workspace/r10/env_old/lib/python3.12/site-packages/gymnasium/utils/passive_env_checker.py:129: UserWarning: [33mWARN: The obs returned by the `step()` method was expecting a numpy array, actual type: <class 'torch.Tensor'>[0m
  logger.warn(
/workspace/r10/env_old/lib/python3.12/site-packages/gymnasium/spaces/box.py:415: UserWarning: [33mWARN: Casting input x to numpy array.[0m
  gym.logger.warn("Casting input x to numpy array.")
{"completed": 44, "missing": 0, "case": "R8_tworoom_01318120cf0b720a19bef43c", "arm": "REFIT_103201", "stream": "R4_ALT_CEM_1", "mode": "H_REAL3_REPLAN"}
/workspace/r10/env_old/lib/python3.12/site-packages/gymnasium/utils/passive_env_checker.py:129: UserWarning: [33mWARN: The obs returned by the `reset()` method was expecting a numpy array, actual type: <class 'torch.Tensor'>[0m
  logger.warn(
/workspace/r10/env_old/lib/python3.12/site-packages/gymnasium/spaces/box.py:415: UserWarning: [33mWARN: Casting input x to numpy array.[0m
  gym.logger.warn("Casting input x to numpy array.")
CEM solve time: 1.5759 seconds
/workspace/r10/env_old/lib/python3.12/site-packages/gymnasium/utils/passive_env_checker.py:129: UserWarning: [33mWARN: The obs returned by the `step()` method was expecting a numpy array, actual type: <class 'torch.Tensor'>[0m
  logger.warn(
/workspace/r10/env_old/lib/python3.12/site-packages/gymnasium/spaces/box.py:415: UserWarning: [33mWARN: Casting input x to numpy array.[0m
  gym.logger.warn("Casting input x to numpy array.")
/workspace/r10/env_old/lib/python3.12/site-packages/gymnasium/utils/passive_env_checker.py:129: UserWarning: [33mWARN: The obs returned by the `reset()` method was expecting a numpy array, actual type: <class 'torch.Tensor'>[0m
  logger.warn(
/workspace/r10/env_old/lib/python3.12/site-packages/gymnasium/spaces/box.py:415: UserWarning: [33mWARN: Casting input x to numpy array.[0m
  gym.logger.warn("Casting input x to numpy array.")
CEM solve time: 1.5696 seconds
/workspace/r10/env_old/lib/python3.12/site-packages/gymnasium/utils/passive_env_checker.py:129: UserWarning: [33mWARN: The obs returned by the `step()` method was expecting a numpy array, actual type: <class 'torch.Tensor'>[0m
  logger.warn(
/workspace/r10/env_old/lib/python3.12/site-packages/gymnasium/spaces/box.py:415: UserWarning: [33mWARN: Casting input x to numpy array.[0m
  gym.logger.warn("Casting input x to numpy array.")
{"completed": 45, "missing": 0, "case": "R8_tworoom_01318120cf0b720a19bef43c", "arm": "REFIT_103201", "stream": "R4_ALT_CEM_2", "mode": "H_REAL3_REPLAN"}
/workspace/r10/env_old/lib/python3.12/site-packages/gymnasium/utils/passive_env_checker.py:129: UserWarning: [33mWARN: The obs returned by the `reset()` method was expecting a numpy array, actual type: <class 'torch.Tensor'>[0m
  logger.warn(
/workspace/r10/env_old/lib/python3.12/site-packages/gymnasium/spaces/box.py:415: UserWarning: [33mWARN: Casting input x to numpy array.[0m
  gym.logger.warn("Casting input x to numpy array.")
CEM solve time: 1.5793 seconds
/workspace/r10/env_old/lib/python3.12/site-packages/gymnasium/utils/passive_env_checker.py:129: UserWarning: [33mWARN: The obs returned by the `step()` method was expecting a numpy array, actual type: <class 'torch.Tensor'>[0m
  logger.warn(
/workspace/r10/env_old/lib/python3.12/site-packages/gymnasium/spaces/box.py:415: UserWarning: [33mWARN: Casting input x to numpy array.[0m
  gym.logger.warn("Casting input x to numpy array.")
/workspace/r10/env_old/lib/python3.12/site-packages/gymnasium/utils/passive_env_checker.py:129: UserWarning: [33mWARN: The obs returned by the `reset()` method was expecting a numpy array, actual type: <class 'torch.Tensor'>[0m
  logger.warn(
CEM solve time: 1.5736 seconds
/workspace/r10/env_old/lib/python3.12/site-packages/gymnasium/utils/passive_env_checker.py:129: UserWarning: [33mWARN: The obs returned by the `step()` method was expecting a numpy array, actual type: <class 'torch.Tensor'>[0m
  logger.warn(
/workspace/r10/env_old/lib/python3.12/site-packages/gymnasium/spaces/box.py:415: UserWarning: [33mWARN: Casting input x to numpy array.[0m
  gym.logger.warn("Casting input x to numpy array.")
{"completed": 46, "missing": 0, "case": "R8_tworoom_01e4a5589224d5a2e107c624", "arm": "REFIT_103201", "stream": "R3_ORIGINAL", "mode": "H_REAL3_REPLAN"}
/workspace/r10/env_old/lib/python3.12/site-packages/gymnasium/utils/passive_env_checker.py:129: UserWarning: [33mWARN: The obs returned by the `reset()` method was expecting a numpy array, actual type: <class 'torch.Tensor'>[0m
  logger.warn(
CEM solve time: 1.5698 seconds
/workspace/r10/env_old/lib/python3.12/site-packages/gymnasium/utils/passive_env_checker.py:129: UserWarning: [33mWARN: The obs returned by the `step()` method was expecting a numpy array, actual type: <class 'torch.Tensor'>[0m
  logger.warn(
/workspace/r10/env_old/lib/python3.12/site-packages/gymnasium/spaces/box.py:415: UserWarning: [33mWARN: Casting input x to numpy array.[0m
  gym.logger.warn("Casting input x to numpy array.")
/workspace/r10/env_old/lib/python3.12/site-packages/gymnasium/utils/passive_env_checker.py:129: UserWarning: [33mWARN: The obs returned by the `reset()` method was expecting a numpy array, actual type: <class 'torch.Tensor'>[0m
  logger.warn(
CEM solve time: 1.5740 seconds
/workspace/r10/env_old/lib/python3.12/site-packages/gymnasium/utils/passive_env_checker.py:129: UserWarning: [33mWARN: The obs returned by the `step()` method was expecting a numpy array, actual type: <class 'torch.Tensor'>[0m
  logger.warn(
/workspace/r10/env_old/lib/python3.12/site-packages/gymnasium/spaces/box.py:415: UserWarning: [33mWARN: Casting input x to numpy array.[0m
  gym.logger.warn("Casting input x to numpy array.")
{"completed": 47, "missing": 0, "case": "R8_tworoom_01e4a5589224d5a2e107c624", "arm": "REFIT_103201", "stream": "R4_ALT_CEM_1", "mode": "H_REAL3_REPLAN"}
/workspace/r10/env_old/lib/python3.12/site-packages/gymnasium/utils/passive_env_checker.py:129: UserWarning: [33mWARN: The obs returned by the `reset()` method was expecting a numpy array, actual type: <class 'torch.Tensor'>[0m
  logger.warn(
CEM solve time: 1.5707 seconds
/workspace/r10/env_old/lib/python3.12/site-packages/gymnasium/utils/passive_env_checker.py:129: UserWarning: [33mWARN: The obs returned by the `step()` method was expecting a numpy array, actual type: <class 'torch.Tensor'>[0m
  logger.warn(
/workspace/r10/env_old/lib/python3.12/site-packages/gymnasium/spaces/box.py:415: UserWarning: [33mWARN: Casting input x to numpy array.[0m
  gym.logger.warn("Casting input x to numpy array.")
/workspace/r10/env_old/lib/python3.12/site-packages/gymnasium/utils/passive_env_checker.py:129: UserWarning: [33mWARN: The obs returned by the `reset()` method was expecting a numpy array, actual type: <class 'torch.Tensor'>[0m
  logger.warn(
CEM solve time: 1.5860 seconds
/workspace/r10/env_old/lib/python3.12/site-packages/gymnasium/utils/passive_env_checker.py:129: UserWarning: [33mWARN: The obs returned by the `step()` method was expecting a numpy array, actual type: <class 'torch.Tensor'>[0m
  logger.warn(
/workspace/r10/env_old/lib/python3.12/site-packages/gymnasium/spaces/box.py:415: UserWarning: [33mWARN: Casting input x to numpy array.[0m
  gym.logger.warn("Casting input x to numpy array.")
{"completed": 48, "missing": 0, "case": "R8_tworoom_01e4a5589224d5a2e107c624", "arm": "REFIT_103201", "stream": "R4_ALT_CEM_2", "mode": "H_REAL3_REPLAN"}
/workspace/r10/env_old/lib/python3.12/site-packages/gymnasium/utils/passive_env_checker.py:129: UserWarning: [33mWARN: The obs returned by the `reset()` method was expecting a numpy array, actual type: <class 'torch.Tensor'>[0m
  logger.warn(
CEM solve time: 1.5715 seconds
/workspace/r10/env_old/lib/python3.12/site-packages/gymnasium/utils/passive_env_checker.py:129: UserWarning: [33mWARN: The obs returned by the `step()` method was expecting a numpy array, actual type: <class 'torch.Tensor'>[0m
  logger.warn(
/workspace/r10/env_old/lib/python3.12/site-packages/gymnasium/spaces/box.py:415: UserWarning: [33mWARN: Casting input x to numpy array.[0m
  gym.logger.warn("Casting input x to numpy array.")
/workspace/r10/env_old/lib/python3.12/site-packages/gymnasium/utils/passive_env_checker.py:129: UserWarning: [33mWARN: The obs returned by the `reset()` method was expecting a numpy array, actual type: <class 'torch.Tensor'>[0m
  logger.warn(
/workspace/r10/env_old/lib/python3.12/site-packages/gymnasium/spaces/box.py:415: UserWarning: [33mWARN: Casting input x to numpy array.[0m
  gym.logger.warn("Casting input x to numpy array.")
CEM solve time: 1.5699 seconds
/workspace/r10/env_old/lib/python3.12/site-packages/gymnasium/utils/passive_env_checker.py:129: UserWarning: [33mWARN: The obs returned by the `step()` method was expecting a numpy array, actual type: <class 'torch.Tensor'>[0m
  logger.warn(
/workspace/r10/env_old/lib/python3.12/site-packages/gymnasium/spaces/box.py:415: UserWarning: [33mWARN: Casting input x to numpy array.[0m
  gym.logger.warn("Casting input x to numpy array.")
{"completed": 49, "missing": 0, "case": "R8_tworoom_028b381589885cb32be33fa7", "arm": "REFIT_103201", "stream": "R3_ORIGINAL", "mode": "H_REAL3_REPLAN"}
/workspace/r10/env_old/lib/python3.12/site-packages/gymnasium/utils/passive_env_checker.py:129: UserWarning: [33mWARN: The obs returned by the `reset()` method was expecting a numpy array, actual type: <class 'torch.Tensor'>[0m
  logger.warn(
/workspace/r10/env_old/lib/python3.12/site-packages/gymnasium/spaces/box.py:415: UserWarning: [33mWARN: Casting input x to numpy array.[0m
  gym.logger.warn("Casting input x to numpy array.")
CEM solve time: 1.5753 seconds
/workspace/r10/env_old/lib/python3.12/site-packages/gymnasium/utils/passive_env_checker.py:129: UserWarning: [33mWARN: The obs returned by the `step()` method was expecting a numpy array, actual type: <class 'torch.Tensor'>[0m
  logger.warn(
/workspace/r10/env_old/lib/python3.12/site-packages/gymnasium/spaces/box.py:415: UserWarning: [33mWARN: Casting input x to numpy array.[0m
  gym.logger.warn("Casting input x to numpy array.")
/workspace/r10/env_old/lib/python3.12/site-packages/gymnasium/utils/passive_env_checker.py:129: UserWarning: [33mWARN: The obs returned by the `reset()` method was expecting a numpy array, actual type: <class 'torch.Tensor'>[0m
  logger.warn(
/workspace/r10/env_old/lib/python3.12/site-packages/gymnasium/spaces/box.py:415: UserWarning: [33mWARN: Casting input x to numpy array.[0m
  gym.logger.warn("Casting input x to numpy array.")
CEM solve time: 1.5780 seconds
/workspace/r10/env_old/lib/python3.12/site-packages/gymnasium/utils/passive_env_checker.py:129: UserWarning: [33mWARN: The obs returned by the `step()` method was expecting a numpy array, actual type: <class 'torch.Tensor'>[0m
  logger.warn(
/workspace/r10/env_old/lib/python3.12/site-packages/gymnasium/spaces/box.py:415: UserWarning: [33mWARN: Casting input x to numpy array.[0m
  gym.logger.warn("Casting input x to numpy array.")
{"completed": 50, "missing": 0, "case": "R8_tworoom_028b381589885cb32be33fa7", "arm": "REFIT_103201", "stream": "R4_ALT_CEM_1", "mode": "H_REAL3_REPLAN"}
/workspace/r10/env_old/lib/python3.12/site-packages/gymnasium/utils/passive_env_checker.py:129: UserWarning: [33mWARN: The obs returned by the `reset()` method was expecting a numpy array, actual type: <class 'torch.Tensor'>[0m
  logger.warn(
/workspace/r10/env_old/lib/python3.12/site-packages/gymnasium/spaces/box.py:415: UserWarning: [33mWARN: Casting input x to numpy array.[0m
  gym.logger.warn("Casting input x to numpy array.")
CEM solve time: 1.6310 seconds
/workspace/r10/env_old/lib/python3.12/site-packages/gymnasium/utils/passive_env_checker.py:129: UserWarning: [33mWARN: The obs returned by the `step()` method was expecting a numpy array, actual type: <class 'torch.Tensor'>[0m
  logger.warn(
/workspace/r10/env_old/lib/python3.12/site-packages/gymnasium/spaces/box.py:415: UserWarning: [33mWARN: Casting input x to numpy array.[0m
  gym.logger.warn("Casting input x to numpy array.")
CEM solve time: 1.5723 seconds
/workspace/r10/env_old/lib/python3.12/site-packages/gymnasium/utils/passive_env_checker.py:129: UserWarning: [33mWARN: The obs returned by the `reset()` method was expecting a numpy array, actual type: <class 'torch.Tensor'>[0m
  logger.warn(
/workspace/r10/env_old/lib/python3.12/site-packages/gymnasium/spaces/box.py:415: UserWarning: [33mWARN: Casting input x to numpy array.[0m
  gym.logger.warn("Casting input x to numpy array.")
CEM solve time: 1.5990 seconds
/workspace/r10/env_old/lib/python3.12/site-packages/gymnasium/utils/passive_env_checker.py:129: UserWarning: [33mWARN: The obs returned by the `step()` method was expecting a numpy array, actual type: <class 'torch.Tensor'>[0m
  logger.warn(
/workspace/r10/env_old/lib/python3.12/site-packages/gymnasium/spaces/box.py:415: UserWarning: [33mWARN: Casting input x to numpy array.[0m
  gym.logger.warn("Casting input x to numpy array.")
CEM solve time: 1.5929 seconds
{"completed": 51, "missing": 0, "case": "R8_tworoom_028b381589885cb32be33fa7", "arm": "REFIT_103201", "stream": "R4_ALT_CEM_2", "mode": "H_REAL3_REPLAN"}
/workspace/r10/env_old/lib/python3.12/site-packages/gymnasium/utils/passive_env_checker.py:129: UserWarning: [33mWARN: The obs returned by the `reset()` method was expecting a numpy array, actual type: <class 'torch.Tensor'>[0m
  logger.warn(
/workspace/r10/env_old/lib/python3.12/site-packages/gymnasium/spaces/box.py:415: UserWarning: [33mWARN: Casting input x to numpy array.[0m
  gym.logger.warn("Casting input x to numpy array.")
CEM solve time: 1.5727 seconds
/workspace/r10/env_old/lib/python3.12/site-packages/gymnasium/utils/passive_env_checker.py:129: UserWarning: [33mWARN: The obs returned by the `step()` method was expecting a numpy array, actual type: <class 'torch.Tensor'>[0m
  logger.warn(
/workspace/r10/env_old/lib/python3.12/site-packages/gymnasium/spaces/box.py:415: UserWarning: [33mWARN: Casting input x to numpy array.[0m
  gym.logger.warn("Casting input x to numpy array.")
CEM solve time: 1.5707 seconds
/workspace/r10/env_old/lib/python3.12/site-packages/gymnasium/utils/passive_env_checker.py:129: UserWarning: [33mWARN: The obs returned by the `reset()` method was expecting a numpy array, actual type: <class 'torch.Tensor'>[0m
  logger.warn(
/workspace/r10/env_old/lib/python3.12/site-packages/gymnasium/spaces/box.py:415: UserWarning: [33mWARN: Casting input x to numpy array.[0m
  gym.logger.warn("Casting input x to numpy array.")
CEM solve time: 1.5832 seconds
/workspace/r10/env_old/lib/python3.12/site-packages/gymnasium/utils/passive_env_checker.py:129: UserWarning: [33mWARN: The obs returned by the `step()` method was expecting a numpy array, actual type: <class 'torch.Tensor'>[0m
  logger.warn(
/workspace/r10/env_old/lib/python3.12/site-packages/gymnasium/spaces/box.py:415: UserWarning: [33mWARN: Casting input x to numpy array.[0m
  gym.logger.warn("Casting input x to numpy array.")
CEM solve time: 1.5840 seconds
{"completed": 52, "missing": 0, "case": "R8_tworoom_031a32eb62cc199fab44890e", "arm": "REFIT_103201", "stream": "R3_ORIGINAL", "mode": "H_REAL3_REPLAN"}
/workspace/r10/env_old/lib/python3.12/site-packages/gymnasium/utils/passive_env_checker.py:129: UserWarning: [33mWARN: The obs returned by the `reset()` method was expecting a numpy array, actual type: <class 'torch.Tensor'>[0m
  logger.warn(
/workspace/r10/env_old/lib/python3.12/site-packages/gymnasium/spaces/box.py:415: UserWarning: [33mWARN: Casting input x to numpy array.[0m
  gym.logger.warn("Casting input x to numpy array.")
CEM solve time: 1.5886 seconds
/workspace/r10/env_old/lib/python3.12/site-packages/gymnasium/utils/passive_env_checker.py:129: UserWarning: [33mWARN: The obs returned by the `step()` method was expecting a numpy array, actual type: <class 'torch.Tensor'>[0m
  logger.warn(
/workspace/r10/env_old/lib/python3.12/site-packages/gymnasium/spaces/box.py:415: UserWarning: [33mWARN: Casting input x to numpy array.[0m
  gym.logger.warn("Casting input x to numpy array.")
CEM solve time: 1.5733 seconds
/workspace/r10/env_old/lib/python3.12/site-packages/gymnasium/utils/passive_env_checker.py:129: UserWarning: [33mWARN: The obs returned by the `reset()` method was expecting a numpy array, actual type: <class 'torch.Tensor'>[0m
  logger.warn(
/workspace/r10/env_old/lib/python3.12/site-packages/gymnasium/spaces/box.py:415: UserWarning: [33mWARN: Casting input x to numpy array.[0m
  gym.logger.warn("Casting input x to numpy array.")
CEM solve time: 1.5728 seconds
/workspace/r10/env_old/lib/python3.12/site-packages/gymnasium/utils/passive_env_checker.py:129: UserWarning: [33mWARN: The obs returned by the `step()` method was expecting a numpy array, actual type: <class 'torch.Tensor'>[0m
  logger.warn(
/workspace/r10/env_old/lib/python3.12/site-packages/gymnasium/spaces/box.py:415: UserWarning: [33mWARN: Casting input x to numpy array.[0m
  gym.logger.warn("Casting input x to numpy array.")
CEM solve time: 1.5894 seconds
{"completed": 53, "missing": 0, "case": "R8_tworoom_031a32eb62cc199fab44890e", "arm": "REFIT_103201", "stream": "R4_ALT_CEM_1", "mode": "H_REAL3_REPLAN"}
/workspace/r10/env_old/lib/python3.12/site-packages/gymnasium/utils/passive_env_checker.py:129: UserWarning: [33mWARN: The obs returned by the `reset()` method was expecting a numpy array, actual type: <class 'torch.Tensor'>[0m
  logger.warn(
/workspace/r10/env_old/lib/python3.12/site-packages/gymnasium/spaces/box.py:415: UserWarning: [33mWARN: Casting input x to numpy array.[0m
  gym.logger.warn("Casting input x to numpy array.")
CEM solve time: 1.5765 seconds
/workspace/r10/env_old/lib/python3.12/site-packages/gymnasium/utils/passive_env_checker.py:129: UserWarning: [33mWARN: The obs returned by the `step()` method was expecting a numpy array, actual type: <class 'torch.Tensor'>[0m
  logger.warn(
/workspace/r10/env_old/lib/python3.12/site-packages/gymnasium/spaces/box.py:415: UserWarning: [33mWARN: Casting input x to numpy array.[0m
  gym.logger.warn("Casting input x to numpy array.")
CEM solve time: 1.5780 seconds
/workspace/r10/env_old/lib/python3.12/site-packages/gymnasium/utils/passive_env_checker.py:129: UserWarning: [33mWARN: The obs returned by the `reset()` method was expecting a numpy array, actual type: <class 'torch.Tensor'>[0m
  logger.warn(
/workspace/r10/env_old/lib/python3.12/site-packages/gymnasium/spaces/box.py:415: UserWarning: [33mWARN: Casting input x to numpy array.[0m
  gym.logger.warn("Casting input x to numpy array.")
CEM solve time: 1.5756 seconds
/workspace/r10/env_old/lib/python3.12/site-packages/gymnasium/utils/passive_env_checker.py:129: UserWarning: [33mWARN: The obs returned by the `step()` method was expecting a numpy array, actual type: <class 'torch.Tensor'>[0m
  logger.warn(
/workspace/r10/env_old/lib/python3.12/site-packages/gymnasium/spaces/box.py:415: UserWarning: [33mWARN: Casting input x to numpy array.[0m
  gym.logger.warn("Casting input x to numpy array.")
CEM solve time: 1.6141 seconds
{"completed": 54, "missing": 0, "case": "R8_tworoom_031a32eb62cc199fab44890e", "arm": "REFIT_103201", "stream": "R4_ALT_CEM_2", "mode": "H_REAL3_REPLAN"}
/workspace/r10/env_old/lib/python3.12/site-packages/gymnasium/utils/passive_env_checker.py:129: UserWarning: [33mWARN: The obs returned by the `reset()` method was expecting a numpy array, actual type: <class 'torch.Tensor'>[0m
  logger.warn(
/workspace/r10/env_old/lib/python3.12/site-packages/gymnasium/spaces/box.py:415: UserWarning: [33mWARN: Casting input x to numpy array.[0m
  gym.logger.warn("Casting input x to numpy array.")
CEM solve time: 1.5770 seconds
/workspace/r10/env_old/lib/python3.12/site-packages/gymnasium/utils/passive_env_checker.py:129: UserWarning: [33mWARN: The obs returned by the `step()` method was expecting a numpy array, actual type: <class 'torch.Tensor'>[0m
  logger.warn(
/workspace/r10/env_old/lib/python3.12/site-packages/gymnasium/spaces/box.py:415: UserWarning: [33mWARN: Casting input x to numpy array.[0m
  gym.logger.warn("Casting input x to numpy array.")
/workspace/r10/env_old/lib/python3.12/site-packages/gymnasium/utils/passive_env_checker.py:129: UserWarning: [33mWARN: The obs returned by the `reset()` method was expecting a numpy array, actual type: <class 'torch.Tensor'>[0m
  logger.warn(
/workspace/r10/env_old/lib/python3.12/site-packages/gymnasium/spaces/box.py:415: UserWarning: [33mWARN: Casting input x to numpy array.[0m
  gym.logger.warn("Casting input x to numpy array.")
CEM solve time: 1.5679 seconds
/workspace/r10/env_old/lib/python3.12/site-packages/gymnasium/utils/passive_env_checker.py:129: UserWarning: [33mWARN: The obs returned by the `step()` method was expecting a numpy array, actual type: <class 'torch.Tensor'>[0m
  logger.warn(
/workspace/r10/env_old/lib/python3.12/site-packages/gymnasium/spaces/box.py:415: UserWarning: [33mWARN: Casting input x to numpy array.[0m
  gym.logger.warn("Casting input x to numpy array.")
{"completed": 55, "missing": 0, "case": "R8_tworoom_03a2c5b51519abb663dc8836", "arm": "REFIT_103201", "stream": "R3_ORIGINAL", "mode": "H_REAL3_REPLAN"}
/workspace/r10/env_old/lib/python3.12/site-packages/gymnasium/utils/passive_env_checker.py:129: UserWarning: [33mWARN: The obs returned by the `reset()` method was expecting a numpy array, actual type: <class 'torch.Tensor'>[0m
  logger.warn(
/workspace/r10/env_old/lib/python3.12/site-packages/gymnasium/spaces/box.py:415: UserWarning: [33mWARN: Casting input x to numpy array.[0m
  gym.logger.warn("Casting input x to numpy array.")
CEM solve time: 1.5653 seconds
/workspace/r10/env_old/lib/python3.12/site-packages/gymnasium/utils/passive_env_checker.py:129: UserWarning: [33mWARN: The obs returned by the `step()` method was expecting a numpy array, actual type: <class 'torch.Tensor'>[0m
  logger.warn(
/workspace/r10/env_old/lib/python3.12/site-packages/gymnasium/spaces/box.py:415: UserWarning: [33mWARN: Casting input x to numpy array.[0m
  gym.logger.warn("Casting input x to numpy array.")
/workspace/r10/env_old/lib/python3.12/site-packages/gymnasium/utils/passive_env_checker.py:129: UserWarning: [33mWARN: The obs returned by the `reset()` method was expecting a numpy array, actual type: <class 'torch.Tensor'>[0m
  logger.warn(
/workspace/r10/env_old/lib/python3.12/site-packages/gymnasium/spaces/box.py:415: UserWarning: [33mWARN: Casting input x to numpy array.[0m
  gym.logger.warn("Casting input x to numpy array.")
CEM solve time: 1.5716 seconds
/workspace/r10/env_old/lib/python3.12/site-packages/gymnasium/utils/passive_env_checker.py:129: UserWarning: [33mWARN: The obs returned by the `step()` method was expecting a numpy array, actual type: <class 'torch.Tensor'>[0m
  logger.warn(
/workspace/r10/env_old/lib/python3.12/site-packages/gymnasium/spaces/box.py:415: UserWarning: [33mWARN: Casting input x to numpy array.[0m
  gym.logger.warn("Casting input x to numpy array.")
{"completed": 56, "missing": 0, "case": "R8_tworoom_03a2c5b51519abb663dc8836", "arm": "REFIT_103201", "stream": "R4_ALT_CEM_1", "mode": "H_REAL3_REPLAN"}
/workspace/r10/env_old/lib/python3.12/site-packages/gymnasium/utils/passive_env_checker.py:129: UserWarning: [33mWARN: The obs returned by the `reset()` method was expecting a numpy array, actual type: <class 'torch.Tensor'>[0m
  logger.warn(
/workspace/r10/env_old/lib/python3.12/site-packages/gymnasium/spaces/box.py:415: UserWarning: [33mWARN: Casting input x to numpy array.[0m
  gym.logger.warn("Casting input x to numpy array.")
CEM solve time: 1.5681 seconds
/workspace/r10/env_old/lib/python3.12/site-packages/gymnasium/utils/passive_env_checker.py:129: UserWarning: [33mWARN: The obs returned by the `step()` method was expecting a numpy array, actual type: <class 'torch.Tensor'>[0m
  logger.warn(
/workspace/r10/env_old/lib/python3.12/site-packages/gymnasium/spaces/box.py:415: UserWarning: [33mWARN: Casting input x to numpy array.[0m
  gym.logger.warn("Casting input x to numpy array.")
CEM solve time: 1.5811 seconds
/workspace/r10/env_old/lib/python3.12/site-packages/gymnasium/utils/passive_env_checker.py:129: UserWarning: [33mWARN: The obs returned by the `reset()` method was expecting a numpy array, actual type: <class 'torch.Tensor'>[0m
  logger.warn(
/workspace/r10/env_old/lib/python3.12/site-packages/gymnasium/spaces/box.py:415: UserWarning: [33mWARN: Casting input x to numpy array.[0m
  gym.logger.warn("Casting input x to numpy array.")
CEM solve time: 1.6122 seconds
/workspace/r10/env_old/lib/python3.12/site-packages/gymnasium/utils/passive_env_checker.py:129: UserWarning: [33mWARN: The obs returned by the `step()` method was expecting a numpy array, actual type: <class 'torch.Tensor'>[0m
  logger.warn(
/workspace/r10/env_old/lib/python3.12/site-packages/gymnasium/spaces/box.py:415: UserWarning: [33mWARN: Casting input x to numpy array.[0m
  gym.logger.warn("Casting input x to numpy array.")
CEM solve time: 1.5873 seconds
{"completed": 57, "missing": 0, "case": "R8_tworoom_03a2c5b51519abb663dc8836", "arm": "REFIT_103201", "stream": "R4_ALT_CEM_2", "mode": "H_REAL3_REPLAN"}
/workspace/r10/env_old/lib/python3.12/site-packages/gymnasium/utils/passive_env_checker.py:129: UserWarning: [33mWARN: The obs returned by the `reset()` method was expecting a numpy array, actual type: <class 'torch.Tensor'>[0m
  logger.warn(
/workspace/r10/env_old/lib/python3.12/site-packages/gymnasium/spaces/box.py:415: UserWarning: [33mWARN: Casting input x to numpy array.[0m
  gym.logger.warn("Casting input x to numpy array.")
CEM solve time: 1.5692 seconds
/workspace/r10/env_old/lib/python3.12/site-packages/gymnasium/utils/passive_env_checker.py:129: UserWarning: [33mWARN: The obs returned by the `step()` method was expecting a numpy array, actual type: <class 'torch.Tensor'>[0m
  logger.warn(
/workspace/r10/env_old/lib/python3.12/site-packages/gymnasium/spaces/box.py:415: UserWarning: [33mWARN: Casting input x to numpy array.[0m
  gym.logger.warn("Casting input x to numpy array.")
/workspace/r10/env_old/lib/python3.12/site-packages/gymnasium/utils/passive_env_checker.py:129: UserWarning: [33mWARN: The obs returned by the `reset()` method was expecting a numpy array, actual type: <class 'torch.Tensor'>[0m
  logger.warn(
/workspace/r10/env_old/lib/python3.12/site-packages/gymnasium/spaces/box.py:415: UserWarning: [33mWARN: Casting input x to numpy array.[0m
  gym.logger.warn("Casting input x to numpy array.")
CEM solve time: 1.5730 seconds
/workspace/r10/env_old/lib/python3.12/site-packages/gymnasium/utils/passive_env_checker.py:129: UserWarning: [33mWARN: The obs returned by the `step()` method was expecting a numpy array, actual type: <class 'torch.Tensor'>[0m
  logger.warn(
/workspace/r10/env_old/lib/python3.12/site-packages/gymnasium/spaces/box.py:415: UserWarning: [33mWARN: Casting input x to numpy array.[0m
  gym.logger.warn("Casting input x to numpy array.")
{"completed": 58, "missing": 0, "case": "R8_tworoom_04473637cdfc1f585d9adcf3", "arm": "REFIT_103201", "stream": "R3_ORIGINAL", "mode": "H_REAL3_REPLAN"}
/workspace/r10/env_old/lib/python3.12/site-packages/gymnasium/utils/passive_env_checker.py:129: UserWarning: [33mWARN: The obs returned by the `reset()` method was expecting a numpy array, actual type: <class 'torch.Tensor'>[0m
  logger.warn(
/workspace/r10/env_old/lib/python3.12/site-packages/gymnasium/spaces/box.py:415: UserWarning: [33mWARN: Casting input x to numpy array.[0m
  gym.logger.warn("Casting input x to numpy array.")
CEM solve time: 1.5733 seconds
/workspace/r10/env_old/lib/python3.12/site-packages/gymnasium/utils/passive_env_checker.py:129: UserWarning: [33mWARN: The obs returned by the `step()` method was expecting a numpy array, actual type: <class 'torch.Tensor'>[0m
  logger.warn(
/workspace/r10/env_old/lib/python3.12/site-packages/gymnasium/spaces/box.py:415: UserWarning: [33mWARN: Casting input x to numpy array.[0m
  gym.logger.warn("Casting input x to numpy array.")
/workspace/r10/env_old/lib/python3.12/site-packages/gymnasium/utils/passive_env_checker.py:129: UserWarning: [33mWARN: The obs returned by the `reset()` method was expecting a numpy array, actual type: <class 'torch.Tensor'>[0m
  logger.warn(
/workspace/r10/env_old/lib/python3.12/site-packages/gymnasium/spaces/box.py:415: UserWarning: [33mWARN: Casting input x to numpy array.[0m
  gym.logger.warn("Casting input x to numpy array.")
CEM solve time: 1.5732 seconds
/workspace/r10/env_old/lib/python3.12/site-packages/gymnasium/utils/passive_env_checker.py:129: UserWarning: [33mWARN: The obs returned by the `step()` method was expecting a numpy array, actual type: <class 'torch.Tensor'>[0m
  logger.warn(
/workspace/r10/env_old/lib/python3.12/site-packages/gymnasium/spaces/box.py:415: UserWarning: [33mWARN: Casting input x to numpy array.[0m
  gym.logger.warn("Casting input x to numpy array.")
{"completed": 59, "missing": 0, "case": "R8_tworoom_04473637cdfc1f585d9adcf3", "arm": "REFIT_103201", "stream": "R4_ALT_CEM_1", "mode": "H_REAL3_REPLAN"}
/workspace/r10/env_old/lib/python3.12/site-packages/gymnasium/utils/passive_env_checker.py:129: UserWarning: [33mWARN: The obs returned by the `reset()` method was expecting a numpy array, actual type: <class 'torch.Tensor'>[0m
  logger.warn(
/workspace/r10/env_old/lib/python3.12/site-packages/gymnasium/spaces/box.py:415: UserWarning: [33mWARN: Casting input x to numpy array.[0m
  gym.logger.warn("Casting input x to numpy array.")
CEM solve time: 1.5991 seconds
/workspace/r10/env_old/lib/python3.12/site-packages/gymnasium/utils/passive_env_checker.py:129: UserWarning: [33mWARN: The obs returned by the `step()` method was expecting a numpy array, actual type: <class 'torch.Tensor'>[0m
  logger.warn(
/workspace/r10/env_old/lib/python3.12/site-packages/gymnasium/spaces/box.py:415: UserWarning: [33mWARN: Casting input x to numpy array.[0m
  gym.logger.warn("Casting input x to numpy array.")
/workspace/r10/env_old/lib/python3.12/site-packages/gymnasium/utils/passive_env_checker.py:129: UserWarning: [33mWARN: The obs returned by the `reset()` method was expecting a numpy array, actual type: <class 'torch.Tensor'>[0m
  logger.warn(
/workspace/r10/env_old/lib/python3.12/site-packages/gymnasium/spaces/box.py:415: UserWarning: [33mWARN: Casting input x to numpy array.[0m
  gym.logger.warn("Casting input x to numpy array.")
CEM solve time: 1.5866 seconds
/workspace/r10/env_old/lib/python3.12/site-packages/gymnasium/utils/passive_env_checker.py:129: UserWarning: [33mWARN: The obs returned by the `step()` method was expecting a numpy array, actual type: <class 'torch.Tensor'>[0m
  logger.warn(
/workspace/r10/env_old/lib/python3.12/site-packages/gymnasium/spaces/box.py:415: UserWarning: [33mWARN: Casting input x to numpy array.[0m
  gym.logger.warn("Casting input x to numpy array.")
{"completed": 60, "missing": 0, "case": "R8_tworoom_04473637cdfc1f585d9adcf3", "arm": "REFIT_103201", "stream": "R4_ALT_CEM_2", "mode": "H_REAL3_REPLAN"}
/workspace/r10/env_old/lib/python3.12/site-packages/gymnasium/utils/passive_env_checker.py:129: UserWarning: [33mWARN: The obs returned by the `reset()` method was expecting a numpy array, actual type: <class 'torch.Tensor'>[0m
  logger.warn(
/workspace/r10/env_old/lib/python3.12/site-packages/gymnasium/spaces/box.py:415: UserWarning: [33mWARN: Casting input x to numpy array.[0m
  gym.logger.warn("Casting input x to numpy array.")
CEM solve time: 1.5779 seconds
/workspace/r10/env_old/lib/python3.12/site-packages/gymnasium/utils/passive_env_checker.py:129: UserWarning: [33mWARN: The obs returned by the `step()` method was expecting a numpy array, actual type: <class 'torch.Tensor'>[0m
  logger.warn(
/workspace/r10/env_old/lib/python3.12/site-packages/gymnasium/spaces/box.py:415: UserWarning: [33mWARN: Casting input x to numpy array.[0m
  gym.logger.warn("Casting input x to numpy array.")
/workspace/r10/env_old/lib/python3.12/site-packages/gymnasium/utils/passive_env_checker.py:129: UserWarning: [33mWARN: The obs returned by the `reset()` method was expecting a numpy array, actual type: <class 'torch.Tensor'>[0m
  logger.warn(
/workspace/r10/env_old/lib/python3.12/site-packages/gymnasium/spaces/box.py:415: UserWarning: [33mWARN: Casting input x to numpy array.[0m
  gym.logger.warn("Casting input x to numpy array.")
CEM solve time: 1.5888 seconds
/workspace/r10/env_old/lib/python3.12/site-packages/gymnasium/utils/passive_env_checker.py:129: UserWarning: [33mWARN: The obs returned by the `step()` method was expecting a numpy array, actual type: <class 'torch.Tensor'>[0m
  logger.warn(
/workspace/r10/env_old/lib/python3.12/site-packages/gymnasium/spaces/box.py:415: UserWarning: [33mWARN: Casting input x to numpy array.[0m
  gym.logger.warn("Casting input x to numpy array.")
{"completed": 61, "missing": 0, "case": "R8_tworoom_053b1b2f86917a1334209ecf", "arm": "REFIT_103201", "stream": "R3_ORIGINAL", "mode": "H_REAL3_REPLAN"}
/workspace/r10/env_old/lib/python3.12/site-packages/gymnasium/utils/passive_env_checker.py:129: UserWarning: [33mWARN: The obs returned by the `reset()` method was expecting a numpy array, actual type: <class 'torch.Tensor'>[0m
  logger.warn(
/workspace/r10/env_old/lib/python3.12/site-packages/gymnasium/spaces/box.py:415: UserWarning: [33mWARN: Casting input x to numpy array.[0m
  gym.logger.warn("Casting input x to numpy array.")
CEM solve time: 1.5924 seconds
/workspace/r10/env_old/lib/python3.12/site-packages/gymnasium/utils/passive_env_checker.py:129: UserWarning: [33mWARN: The obs returned by the `step()` method was expecting a numpy array, actual type: <class 'torch.Tensor'>[0m
  logger.warn(
/workspace/r10/env_old/lib/python3.12/site-packages/gymnasium/spaces/box.py:415: UserWarning: [33mWARN: Casting input x to numpy array.[0m
  gym.logger.warn("Casting input x to numpy array.")
/workspace/r10/env_old/lib/python3.12/site-packages/gymnasium/utils/passive_env_checker.py:129: UserWarning: [33mWARN: The obs returned by the `reset()` method was expecting a numpy array, actual type: <class 'torch.Tensor'>[0m
  logger.warn(
/workspace/r10/env_old/lib/python3.12/site-packages/gymnasium/spaces/box.py:415: UserWarning: [33mWARN: Casting input x to numpy array.[0m
  gym.logger.warn("Casting input x to numpy array.")
CEM solve time: 1.5771 seconds
/workspace/r10/env_old/lib/python3.12/site-packages/gymnasium/utils/passive_env_checker.py:129: UserWarning: [33mWARN: The obs returned by the `step()` method was expecting a numpy array, actual type: <class 'torch.Tensor'>[0m
  logger.warn(
/workspace/r10/env_old/lib/python3.12/site-packages/gymnasium/spaces/box.py:415: UserWarning: [33mWARN: Casting input x to numpy array.[0m
  gym.logger.warn("Casting input x to numpy array.")
{"completed": 62, "missing": 0, "case": "R8_tworoom_053b1b2f86917a1334209ecf", "arm": "REFIT_103201", "stream": "R4_ALT_CEM_1", "mode": "H_REAL3_REPLAN"}
/workspace/r10/env_old/lib/python3.12/site-packages/gymnasium/utils/passive_env_checker.py:129: UserWarning: [33mWARN: The obs returned by the `reset()` method was expecting a numpy array, actual type: <class 'torch.Tensor'>[0m
  logger.warn(
/workspace/r10/env_old/lib/python3.12/site-packages/gymnasium/spaces/box.py:415: UserWarning: [33mWARN: Casting input x to numpy array.[0m
  gym.logger.warn("Casting input x to numpy array.")
CEM solve time: 1.6732 seconds
/workspace/r10/env_old/lib/python3.12/site-packages/gymnasium/utils/passive_env_checker.py:129: UserWarning: [33mWARN: The obs returned by the `step()` method was expecting a numpy array, actual type: <class 'torch.Tensor'>[0m
  logger.warn(
/workspace/r10/env_old/lib/python3.12/site-packages/gymnasium/spaces/box.py:415: UserWarning: [33mWARN: Casting input x to numpy array.[0m
  gym.logger.warn("Casting input x to numpy array.")
/workspace/r10/env_old/lib/python3.12/site-packages/gymnasium/utils/passive_env_checker.py:129: UserWarning: [33mWARN: The obs returned by the `reset()` method was expecting a numpy array, actual type: <class 'torch.Tensor'>[0m
  logger.warn(
/workspace/r10/env_old/lib/python3.12/site-packages/gymnasium/spaces/box.py:415: UserWarning: [33mWARN: Casting input x to numpy array.[0m
  gym.logger.warn("Casting input x to numpy array.")
CEM solve time: 1.5683 seconds
/workspace/r10/env_old/lib/python3.12/site-packages/gymnasium/utils/passive_env_checker.py:129: UserWarning: [33mWARN: The obs returned by the `step()` method was expecting a numpy array, actual type: <class 'torch.Tensor'>[0m
  logger.warn(
/workspace/r10/env_old/lib/python3.12/site-packages/gymnasium/spaces/box.py:415: UserWarning: [33mWARN: Casting input x to numpy array.[0m
  gym.logger.warn("Casting input x to numpy array.")
{"completed": 63, "missing": 0, "case": "R8_tworoom_053b1b2f86917a1334209ecf", "arm": "REFIT_103201", "stream": "R4_ALT_CEM_2", "mode": "H_REAL3_REPLAN"}
/workspace/r10/env_old/lib/python3.12/site-packages/gymnasium/utils/passive_env_checker.py:129: UserWarning: [33mWARN: The obs returned by the `reset()` method was expecting a numpy array, actual type: <class 'torch.Tensor'>[0m
  logger.warn(
/workspace/r10/env_old/lib/python3.12/site-packages/gymnasium/spaces/box.py:415: UserWarning: [33mWARN: Casting input x to numpy array.[0m
  gym.logger.warn("Casting input x to numpy array.")
CEM solve time: 1.5788 seconds
/workspace/r10/env_old/lib/python3.12/site-packages/gymnasium/utils/passive_env_checker.py:129: UserWarning: [33mWARN: The obs returned by the `step()` method was expecting a numpy array, actual type: <class 'torch.Tensor'>[0m
  logger.warn(
/workspace/r10/env_old/lib/python3.12/site-packages/gymnasium/spaces/box.py:415: UserWarning: [33mWARN: Casting input x to numpy array.[0m
  gym.logger.warn("Casting input x to numpy array.")
/workspace/r10/env_old/lib/python3.12/site-packages/gymnasium/utils/passive_env_checker.py:129: UserWarning: [33mWARN: The obs returned by the `reset()` method was expecting a numpy array, actual type: <class 'torch.Tensor'>[0m
  logger.warn(
/workspace/r10/env_old/lib/python3.12/site-packages/gymnasium/spaces/box.py:415: UserWarning: [33mWARN: Casting input x to numpy array.[0m
  gym.logger.warn("Casting input x to numpy array.")
CEM solve time: 1.6218 seconds
/workspace/r10/env_old/lib/python3.12/site-packages/gymnasium/utils/passive_env_checker.py:129: UserWarning: [33mWARN: The obs returned by the `step()` method was expecting a numpy array, actual type: <class 'torch.Tensor'>[0m
  logger.warn(
/workspace/r10/env_old/lib/python3.12/site-packages/gymnasium/spaces/box.py:415: UserWarning: [33mWARN: Casting input x to numpy array.[0m
  gym.logger.warn("Casting input x to numpy array.")
{"completed": 64, "missing": 0, "case": "R8_tworoom_0587a12763b08473dc82e82c", "arm": "REFIT_103201", "stream": "R3_ORIGINAL", "mode": "H_REAL3_REPLAN"}
/workspace/r10/env_old/lib/python3.12/site-packages/gymnasium/utils/passive_env_checker.py:129: UserWarning: [33mWARN: The obs returned by the `reset()` method was expecting a numpy array, actual type: <class 'torch.Tensor'>[0m
  logger.warn(
/workspace/r10/env_old/lib/python3.12/site-packages/gymnasium/spaces/box.py:415: UserWarning: [33mWARN: Casting input x to numpy array.[0m
  gym.logger.warn("Casting input x to numpy array.")
CEM solve time: 1.5701 seconds
/workspace/r10/env_old/lib/python3.12/site-packages/gymnasium/utils/passive_env_checker.py:129: UserWarning: [33mWARN: The obs returned by the `step()` method was expecting a numpy array, actual type: <class 'torch.Tensor'>[0m
  logger.warn(
/workspace/r10/env_old/lib/python3.12/site-packages/gymnasium/spaces/box.py:415: UserWarning: [33mWARN: Casting input x to numpy array.[0m
  gym.logger.warn("Casting input x to numpy array.")
/workspace/r10/env_old/lib/python3.12/site-packages/gymnasium/utils/passive_env_checker.py:129: UserWarning: [33mWARN: The obs returned by the `reset()` method was expecting a numpy array, actual type: <class 'torch.Tensor'>[0m
  logger.warn(
/workspace/r10/env_old/lib/python3.12/site-packages/gymnasium/spaces/box.py:415: UserWarning: [33mWARN: Casting input x to numpy array.[0m
  gym.logger.warn("Casting input x to numpy array.")
CEM solve time: 1.5717 seconds
/workspace/r10/env_old/lib/python3.12/site-packages/gymnasium/utils/passive_env_checker.py:129: UserWarning: [33mWARN: The obs returned by the `step()` method was expecting a numpy array, actual type: <class 'torch.Tensor'>[0m
  logger.warn(
/workspace/r10/env_old/lib/python3.12/site-packages/gymnasium/spaces/box.py:415: UserWarning: [33mWARN: Casting input x to numpy array.[0m
  gym.logger.warn("Casting input x to numpy array.")
{"completed": 65, "missing": 0, "case": "R8_tworoom_0587a12763b08473dc82e82c", "arm": "REFIT_103201", "stream": "R4_ALT_CEM_1", "mode": "H_REAL3_REPLAN"}
/workspace/r10/env_old/lib/python3.12/site-packages/gymnasium/utils/passive_env_checker.py:129: UserWarning: [33mWARN: The obs returned by the `reset()` method was expecting a numpy array, actual type: <class 'torch.Tensor'>[0m
  logger.warn(
/workspace/r10/env_old/lib/python3.12/site-packages/gymnasium/spaces/box.py:415: UserWarning: [33mWARN: Casting input x to numpy array.[0m
  gym.logger.warn("Casting input x to numpy array.")
CEM solve time: 1.5744 seconds
/workspace/r10/env_old/lib/python3.12/site-packages/gymnasium/utils/passive_env_checker.py:129: UserWarning: [33mWARN: The obs returned by the `step()` method was expecting a numpy array, actual type: <class 'torch.Tensor'>[0m
  logger.warn(
/workspace/r10/env_old/lib/python3.12/site-packages/gymnasium/spaces/box.py:415: UserWarning: [33mWARN: Casting input x to numpy array.[0m
  gym.logger.warn("Casting input x to numpy array.")
/workspace/r10/env_old/lib/python3.12/site-packages/gymnasium/utils/passive_env_checker.py:129: UserWarning: [33mWARN: The obs returned by the `reset()` method was expecting a numpy array, actual type: <class 'torch.Tensor'>[0m
  logger.warn(
/workspace/r10/env_old/lib/python3.12/site-packages/gymnasium/spaces/box.py:415: UserWarning: [33mWARN: Casting input x to numpy array.[0m
  gym.logger.warn("Casting input x to numpy array.")
CEM solve time: 1.5865 seconds
/workspace/r10/env_old/lib/python3.12/site-packages/gymnasium/utils/passive_env_checker.py:129: UserWarning: [33mWARN: The obs returned by the `step()` method was expecting a numpy array, actual type: <class 'torch.Tensor'>[0m
  logger.warn(
/workspace/r10/env_old/lib/python3.12/site-packages/gymnasium/spaces/box.py:415: UserWarning: [33mWARN: Casting input x to numpy array.[0m
  gym.logger.warn("Casting input x to numpy array.")
{"completed": 66, "missing": 0, "case": "R8_tworoom_0587a12763b08473dc82e82c", "arm": "REFIT_103201", "stream": "R4_ALT_CEM_2", "mode": "H_REAL3_REPLAN"}
/workspace/r10/env_old/lib/python3.12/site-packages/gymnasium/utils/passive_env_checker.py:129: UserWarning: [33mWARN: The obs returned by the `reset()` method was expecting a numpy array, actual type: <class 'torch.Tensor'>[0m
  logger.warn(
/workspace/r10/env_old/lib/python3.12/site-packages/gymnasium/spaces/box.py:415: UserWarning: [33mWARN: Casting input x to numpy array.[0m
  gym.logger.warn("Casting input x to numpy array.")
CEM solve time: 1.5770 seconds
/workspace/r10/env_old/lib/python3.12/site-packages/gymnasium/utils/passive_env_checker.py:129: UserWarning: [33mWARN: The obs returned by the `step()` method was expecting a numpy array, actual type: <class 'torch.Tensor'>[0m
  logger.warn(
/workspace/r10/env_old/lib/python3.12/site-packages/gymnasium/spaces/box.py:415: UserWarning: [33mWARN: Casting input x to numpy array.[0m
  gym.logger.warn("Casting input x to numpy array.")
/workspace/r10/env_old/lib/python3.12/site-packages/gymnasium/utils/passive_env_checker.py:129: UserWarning: [33mWARN: The obs returned by the `reset()` method was expecting a numpy array, actual type: <class 'torch.Tensor'>[0m
  logger.warn(
/workspace/r10/env_old/lib/python3.12/site-packages/gymnasium/spaces/box.py:415: UserWarning: [33mWARN: Casting input x to numpy array.[0m
  gym.logger.warn("Casting input x to numpy array.")
CEM solve time: 1.5805 seconds
/workspace/r10/env_old/lib/python3.12/site-packages/gymnasium/utils/passive_env_checker.py:129: UserWarning: [33mWARN: The obs returned by the `step()` method was expecting a numpy array, actual type: <class 'torch.Tensor'>[0m
  logger.warn(
/workspace/r10/env_old/lib/python3.12/site-packages/gymnasium/spaces/box.py:415: UserWarning: [33mWARN: Casting input x to numpy array.[0m
  gym.logger.warn("Casting input x to numpy array.")
{"completed": 67, "missing": 0, "case": "R8_tworoom_069900f89528319b9ee417da", "arm": "REFIT_103201", "stream": "R3_ORIGINAL", "mode": "H_REAL3_REPLAN"}
/workspace/r10/env_old/lib/python3.12/site-packages/gymnasium/utils/passive_env_checker.py:129: UserWarning: [33mWARN: The obs returned by the `reset()` method was expecting a numpy array, actual type: <class 'torch.Tensor'>[0m
  logger.warn(
/workspace/r10/env_old/lib/python3.12/site-packages/gymnasium/spaces/box.py:415: UserWarning: [33mWARN: Casting input x to numpy array.[0m
  gym.logger.warn("Casting input x to numpy array.")
CEM solve time: 1.5728 seconds
/workspace/r10/env_old/lib/python3.12/site-packages/gymnasium/utils/passive_env_checker.py:129: UserWarning: [33mWARN: The obs returned by the `step()` method was expecting a numpy array, actual type: <class 'torch.Tensor'>[0m
  logger.warn(
/workspace/r10/env_old/lib/python3.12/site-packages/gymnasium/spaces/box.py:415: UserWarning: [33mWARN: Casting input x to numpy array.[0m
  gym.logger.warn("Casting input x to numpy array.")
/workspace/r10/env_old/lib/python3.12/site-packages/gymnasium/utils/passive_env_checker.py:129: UserWarning: [33mWARN: The obs returned by the `reset()` method was expecting a numpy array, actual type: <class 'torch.Tensor'>[0m
  logger.warn(
/workspace/r10/env_old/lib/python3.12/site-packages/gymnasium/spaces/box.py:415: UserWarning: [33mWARN: Casting input x to numpy array.[0m
  gym.logger.warn("Casting input x to numpy array.")
CEM solve time: 1.5745 seconds
/workspace/r10/env_old/lib/python3.12/site-packages/gymnasium/utils/passive_env_checker.py:129: UserWarning: [33mWARN: The obs returned by the `step()` method was expecting a numpy array, actual type: <class 'torch.Tensor'>[0m
  logger.warn(
/workspace/r10/env_old/lib/python3.12/site-packages/gymnasium/spaces/box.py:415: UserWarning: [33mWARN: Casting input x to numpy array.[0m
  gym.logger.warn("Casting input x to numpy array.")
{"completed": 68, "missing": 0, "case": "R8_tworoom_069900f89528319b9ee417da", "arm": "REFIT_103201", "stream": "R4_ALT_CEM_1", "mode": "H_REAL3_REPLAN"}
/workspace/r10/env_old/lib/python3.12/site-packages/gymnasium/utils/passive_env_checker.py:129: UserWarning: [33mWARN: The obs returned by the `reset()` method was expecting a numpy array, actual type: <class 'torch.Tensor'>[0m
  logger.warn(
/workspace/r10/env_old/lib/python3.12/site-packages/gymnasium/spaces/box.py:415: UserWarning: [33mWARN: Casting input x to numpy array.[0m
  gym.logger.warn("Casting input x to numpy array.")
CEM solve time: 1.5720 seconds
/workspace/r10/env_old/lib/python3.12/site-packages/gymnasium/utils/passive_env_checker.py:129: UserWarning: [33mWARN: The obs returned by the `step()` method was expecting a numpy array, actual type: <class 'torch.Tensor'>[0m
  logger.warn(
/workspace/r10/env_old/lib/python3.12/site-packages/gymnasium/spaces/box.py:415: UserWarning: [33mWARN: Casting input x to numpy array.[0m
  gym.logger.warn("Casting input x to numpy array.")
/workspace/r10/env_old/lib/python3.12/site-packages/gymnasium/utils/passive_env_checker.py:129: UserWarning: [33mWARN: The obs returned by the `reset()` method was expecting a numpy array, actual type: <class 'torch.Tensor'>[0m
  logger.warn(
/workspace/r10/env_old/lib/python3.12/site-packages/gymnasium/spaces/box.py:415: UserWarning: [33mWARN: Casting input x to numpy array.[0m
  gym.logger.warn("Casting input x to numpy array.")
CEM solve time: 1.5722 seconds
/workspace/r10/env_old/lib/python3.12/site-packages/gymnasium/utils/passive_env_checker.py:129: UserWarning: [33mWARN: The obs returned by the `step()` method was expecting a numpy array, actual type: <class 'torch.Tensor'>[0m
  logger.warn(
/workspace/r10/env_old/lib/python3.12/site-packages/gymnasium/spaces/box.py:415: UserWarning: [33mWARN: Casting input x to numpy array.[0m
  gym.logger.warn("Casting input x to numpy array.")
{"completed": 69, "missing": 0, "case": "R8_tworoom_069900f89528319b9ee417da", "arm": "REFIT_103201", "stream": "R4_ALT_CEM_2", "mode": "H_REAL3_REPLAN"}
/workspace/r10/env_old/lib/python3.12/site-packages/gymnasium/utils/passive_env_checker.py:129: UserWarning: [33mWARN: The obs returned by the `reset()` method was expecting a numpy array, actual type: <class 'torch.Tensor'>[0m
  logger.warn(
/workspace/r10/env_old/lib/python3.12/site-packages/gymnasium/spaces/box.py:415: UserWarning: [33mWARN: Casting input x to numpy array.[0m
  gym.logger.warn("Casting input x to numpy array.")
CEM solve time: 1.5774 seconds
/workspace/r10/env_old/lib/python3.12/site-packages/gymnasium/utils/passive_env_checker.py:129: UserWarning: [33mWARN: The obs returned by the `step()` method was expecting a numpy array, actual type: <class 'torch.Tensor'>[0m
  logger.warn(
/workspace/r10/env_old/lib/python3.12/site-packages/gymnasium/spaces/box.py:415: UserWarning: [33mWARN: Casting input x to numpy array.[0m
  gym.logger.warn("Casting input x to numpy array.")
/workspace/r10/env_old/lib/python3.12/site-packages/gymnasium/utils/passive_env_checker.py:129: UserWarning: [33mWARN: The obs returned by the `reset()` method was expecting a numpy array, actual type: <class 'torch.Tensor'>[0m
  logger.warn(
/workspace/r10/env_old/lib/python3.12/site-packages/gymnasium/spaces/box.py:415: UserWarning: [33mWARN: Casting input x to numpy array.[0m
  gym.logger.warn("Casting input x to numpy array.")
CEM solve time: 1.5814 seconds
/workspace/r10/env_old/lib/python3.12/site-packages/gymnasium/utils/passive_env_checker.py:129: UserWarning: [33mWARN: The obs returned by the `step()` method was expecting a numpy array, actual type: <class 'torch.Tensor'>[0m
  logger.warn(
/workspace/r10/env_old/lib/python3.12/site-packages/gymnasium/spaces/box.py:415: UserWarning: [33mWARN: Casting input x to numpy array.[0m
  gym.logger.warn("Casting input x to numpy array.")
{"completed": 70, "missing": 0, "case": "R8_tworoom_0764579b0e8192142a2aa0dd", "arm": "REFIT_103201", "stream": "R3_ORIGINAL", "mode": "H_REAL3_REPLAN"}
/workspace/r10/env_old/lib/python3.12/site-packages/gymnasium/utils/passive_env_checker.py:129: UserWarning: [33mWARN: The obs returned by the `reset()` method was expecting a numpy array, actual type: <class 'torch.Tensor'>[0m
  logger.warn(
/workspace/r10/env_old/lib/python3.12/site-packages/gymnasium/spaces/box.py:415: UserWarning: [33mWARN: Casting input x to numpy array.[0m
  gym.logger.warn("Casting input x to numpy array.")
CEM solve time: 1.5934 seconds
/workspace/r10/env_old/lib/python3.12/site-packages/gymnasium/utils/passive_env_checker.py:129: UserWarning: [33mWARN: The obs returned by the `step()` method was expecting a numpy array, actual type: <class 'torch.Tensor'>[0m
  logger.warn(
/workspace/r10/env_old/lib/python3.12/site-packages/gymnasium/spaces/box.py:415: UserWarning: [33mWARN: Casting input x to numpy array.[0m
  gym.logger.warn("Casting input x to numpy array.")
/workspace/r10/env_old/lib/python3.12/site-packages/gymnasium/utils/passive_env_checker.py:129: UserWarning: [33mWARN: The obs returned by the `reset()` method was expecting a numpy array, actual type: <class 'torch.Tensor'>[0m
  logger.warn(
/workspace/r10/env_old/lib/python3.12/site-packages/gymnasium/spaces/box.py:415: UserWarning: [33mWARN: Casting input x to numpy array.[0m
  gym.logger.warn("Casting input x to numpy array.")
CEM solve time: 1.5737 seconds
/workspace/r10/env_old/lib/python3.12/site-packages/gymnasium/utils/passive_env_checker.py:129: UserWarning: [33mWARN: The obs returned by the `step()` method was expecting a numpy array, actual type: <class 'torch.Tensor'>[0m
  logger.warn(
/workspace/r10/env_old/lib/python3.12/site-packages/gymnasium/spaces/box.py:415: UserWarning: [33mWARN: Casting input x to numpy array.[0m
  gym.logger.warn("Casting input x to numpy array.")
{"completed": 71, "missing": 0, "case": "R8_tworoom_0764579b0e8192142a2aa0dd", "arm": "REFIT_103201", "stream": "R4_ALT_CEM_1", "mode": "H_REAL3_REPLAN"}
/workspace/r10/env_old/lib/python3.12/site-packages/gymnasium/utils/passive_env_checker.py:129: UserWarning: [33mWARN: The obs returned by the `reset()` method was expecting a numpy array, actual type: <class 'torch.Tensor'>[0m
  logger.warn(
/workspace/r10/env_old/lib/python3.12/site-packages/gymnasium/spaces/box.py:415: UserWarning: [33mWARN: Casting input x to numpy array.[0m
  gym.logger.warn("Casting input x to numpy array.")
CEM solve time: 1.5746 seconds
/workspace/r10/env_old/lib/python3.12/site-packages/gymnasium/utils/passive_env_checker.py:129: UserWarning: [33mWARN: The obs returned by the `step()` method was expecting a numpy array, actual type: <class 'torch.Tensor'>[0m
  logger.warn(
/workspace/r10/env_old/lib/python3.12/site-packages/gymnasium/spaces/box.py:415: UserWarning: [33mWARN: Casting input x to numpy array.[0m
  gym.logger.warn("Casting input x to numpy array.")
/workspace/r10/env_old/lib/python3.12/site-packages/gymnasium/utils/passive_env_checker.py:129: UserWarning: [33mWARN: The obs returned by the `reset()` method was expecting a numpy array, actual type: <class 'torch.Tensor'>[0m
  logger.warn(
/workspace/r10/env_old/lib/python3.12/site-packages/gymnasium/spaces/box.py:415: UserWarning: [33mWARN: Casting input x to numpy array.[0m
  gym.logger.warn("Casting input x to numpy array.")
CEM solve time: 1.5709 seconds
/workspace/r10/env_old/lib/python3.12/site-packages/gymnasium/utils/passive_env_checker.py:129: UserWarning: [33mWARN: The obs returned by the `step()` method was expecting a numpy array, actual type: <class 'torch.Tensor'>[0m
  logger.warn(
/workspace/r10/env_old/lib/python3.12/site-packages/gymnasium/spaces/box.py:415: UserWarning: [33mWARN: Casting input x to numpy array.[0m
  gym.logger.warn("Casting input x to numpy array.")
{"completed": 72, "missing": 0, "case": "R8_tworoom_0764579b0e8192142a2aa0dd", "arm": "REFIT_103201", "stream": "R4_ALT_CEM_2", "mode": "H_REAL3_REPLAN"}
/workspace/r10/env_old/lib/python3.12/site-packages/gymnasium/utils/passive_env_checker.py:129: UserWarning: [33mWARN: The obs returned by the `reset()` method was expecting a numpy array, actual type: <class 'torch.Tensor'>[0m
  logger.warn(
/workspace/r10/env_old/lib/python3.12/site-packages/gymnasium/spaces/box.py:415: UserWarning: [33mWARN: Casting input x to numpy array.[0m
  gym.logger.warn("Casting input x to numpy array.")
CEM solve time: 1.5896 seconds
/workspace/r10/env_old/lib/python3.12/site-packages/gymnasium/utils/passive_env_checker.py:129: UserWarning: [33mWARN: The obs returned by the `step()` method was expecting a numpy array, actual type: <class 'torch.Tensor'>[0m
  logger.warn(
/workspace/r10/env_old/lib/python3.12/site-packages/gymnasium/spaces/box.py:415: UserWarning: [33mWARN: Casting input x to numpy array.[0m
  gym.logger.warn("Casting input x to numpy array.")
/workspace/r10/env_old/lib/python3.12/site-packages/gymnasium/utils/passive_env_checker.py:129: UserWarning: [33mWARN: The obs returned by the `reset()` method was expecting a numpy array, actual type: <class 'torch.Tensor'>[0m
  logger.warn(
/workspace/r10/env_old/lib/python3.12/site-packages/gymnasium/spaces/box.py:415: UserWarning: [33mWARN: Casting input x to numpy array.[0m
  gym.logger.warn("Casting input x to numpy array.")
CEM solve time: 1.5718 seconds
/workspace/r10/env_old/lib/python3.12/site-packages/gymnasium/utils/passive_env_checker.py:129: UserWarning: [33mWARN: The obs returned by the `step()` method was expecting a numpy array, actual type: <class 'torch.Tensor'>[0m
  logger.warn(
/workspace/r10/env_old/lib/python3.12/site-packages/gymnasium/spaces/box.py:415: UserWarning: [33mWARN: Casting input x to numpy array.[0m
  gym.logger.warn("Casting input x to numpy array.")
{"completed": 73, "missing": 0, "case": "R8_tworoom_07e4dcb9572ac581baac5ea3", "arm": "REFIT_103201", "stream": "R3_ORIGINAL", "mode": "H_REAL3_REPLAN"}
/workspace/r10/env_old/lib/python3.12/site-packages/gymnasium/utils/passive_env_checker.py:129: UserWarning: [33mWARN: The obs returned by the `reset()` method was expecting a numpy array, actual type: <class 'torch.Tensor'>[0m
  logger.warn(
/workspace/r10/env_old/lib/python3.12/site-packages/gymnasium/spaces/box.py:415: UserWarning: [33mWARN: Casting input x to numpy array.[0m
  gym.logger.warn("Casting input x to numpy array.")
CEM solve time: 1.5901 seconds
/workspace/r10/env_old/lib/python3.12/site-packages/gymnasium/utils/passive_env_checker.py:129: UserWarning: [33mWARN: The obs returned by the `step()` method was expecting a numpy array, actual type: <class 'torch.Tensor'>[0m
  logger.warn(
/workspace/r10/env_old/lib/python3.12/site-packages/gymnasium/spaces/box.py:415: UserWarning: [33mWARN: Casting input x to numpy array.[0m
  gym.logger.warn("Casting input x to numpy array.")
/workspace/r10/env_old/lib/python3.12/site-packages/gymnasium/utils/passive_env_checker.py:129: UserWarning: [33mWARN: The obs returned by the `reset()` method was expecting a numpy array, actual type: <class 'torch.Tensor'>[0m
  logger.warn(
/workspace/r10/env_old/lib/python3.12/site-packages/gymnasium/spaces/box.py:415: UserWarning: [33mWARN: Casting input x to numpy array.[0m
  gym.logger.warn("Casting input x to numpy array.")
CEM solve time: 1.5892 seconds
/workspace/r10/env_old/lib/python3.12/site-packages/gymnasium/utils/passive_env_checker.py:129: UserWarning: [33mWARN: The obs returned by the `step()` method was expecting a numpy array, actual type: <class 'torch.Tensor'>[0m
  logger.warn(
/workspace/r10/env_old/lib/python3.12/site-packages/gymnasium/spaces/box.py:415: UserWarning: [33mWARN: Casting input x to numpy array.[0m
  gym.logger.warn("Casting input x to numpy array.")
{"completed": 74, "missing": 0, "case": "R8_tworoom_07e4dcb9572ac581baac5ea3", "arm": "REFIT_103201", "stream": "R4_ALT_CEM_1", "mode": "H_REAL3_REPLAN"}
/workspace/r10/env_old/lib/python3.12/site-packages/gymnasium/utils/passive_env_checker.py:129: UserWarning: [33mWARN: The obs returned by the `reset()` method was expecting a numpy array, actual type: <class 'torch.Tensor'>[0m
  logger.warn(
/workspace/r10/env_old/lib/python3.12/site-packages/gymnasium/spaces/box.py:415: UserWarning: [33mWARN: Casting input x to numpy array.[0m
  gym.logger.warn("Casting input x to numpy array.")
CEM solve time: 1.5678 seconds
/workspace/r10/env_old/lib/python3.12/site-packages/gymnasium/utils/passive_env_checker.py:129: UserWarning: [33mWARN: The obs returned by the `step()` method was expecting a numpy array, actual type: <class 'torch.Tensor'>[0m
  logger.warn(
/workspace/r10/env_old/lib/python3.12/site-packages/gymnasium/spaces/box.py:415: UserWarning: [33mWARN: Casting input x to numpy array.[0m
  gym.logger.warn("Casting input x to numpy array.")
/workspace/r10/env_old/lib/python3.12/site-packages/gymnasium/utils/passive_env_checker.py:129: UserWarning: [33mWARN: The obs returned by the `reset()` method was expecting a numpy array, actual type: <class 'torch.Tensor'>[0m
  logger.warn(
/workspace/r10/env_old/lib/python3.12/site-packages/gymnasium/spaces/box.py:415: UserWarning: [33mWARN: Casting input x to numpy array.[0m
  gym.logger.warn("Casting input x to numpy array.")
CEM solve time: 1.5766 seconds
/workspace/r10/env_old/lib/python3.12/site-packages/gymnasium/utils/passive_env_checker.py:129: UserWarning: [33mWARN: The obs returned by the `step()` method was expecting a numpy array, actual type: <class 'torch.Tensor'>[0m
  logger.warn(
/workspace/r10/env_old/lib/python3.12/site-packages/gymnasium/spaces/box.py:415: UserWarning: [33mWARN: Casting input x to numpy array.[0m
  gym.logger.warn("Casting input x to numpy array.")
{"completed": 75, "missing": 0, "case": "R8_tworoom_07e4dcb9572ac581baac5ea3", "arm": "REFIT_103201", "stream": "R4_ALT_CEM_2", "mode": "H_REAL3_REPLAN"}
/workspace/r10/env_old/lib/python3.12/site-packages/gymnasium/utils/passive_env_checker.py:129: UserWarning: [33mWARN: The obs returned by the `reset()` method was expecting a numpy array, actual type: <class 'torch.Tensor'>[0m
  logger.warn(
/workspace/r10/env_old/lib/python3.12/site-packages/gymnasium/spaces/box.py:415: UserWarning: [33mWARN: Casting input x to numpy array.[0m
  gym.logger.warn("Casting input x to numpy array.")
CEM solve time: 1.5898 seconds
/workspace/r10/env_old/lib/python3.12/site-packages/gymnasium/utils/passive_env_checker.py:129: UserWarning: [33mWARN: The obs returned by the `step()` method was expecting a numpy array, actual type: <class 'torch.Tensor'>[0m
  logger.warn(
/workspace/r10/env_old/lib/python3.12/site-packages/gymnasium/spaces/box.py:415: UserWarning: [33mWARN: Casting input x to numpy array.[0m
  gym.logger.warn("Casting input x to numpy array.")
/workspace/r10/env_old/lib/python3.12/site-packages/gymnasium/utils/passive_env_checker.py:129: UserWarning: [33mWARN: The obs returned by the `reset()` method was expecting a numpy array, actual type: <class 'torch.Tensor'>[0m
  logger.warn(
/workspace/r10/env_old/lib/python3.12/site-packages/gymnasium/spaces/box.py:415: UserWarning: [33mWARN: Casting input x to numpy array.[0m
  gym.logger.warn("Casting input x to numpy array.")
CEM solve time: 1.6011 seconds
/workspace/r10/env_old/lib/python3.12/site-packages/gymnasium/utils/passive_env_checker.py:129: UserWarning: [33mWARN: The obs returned by the `step()` method was expecting a numpy array, actual type: <class 'torch.Tensor'>[0m
  logger.warn(
/workspace/r10/env_old/lib/python3.12/site-packages/gymnasium/spaces/box.py:415: UserWarning: [33mWARN: Casting input x to numpy array.[0m
  gym.logger.warn("Casting input x to numpy array.")
{"completed": 76, "missing": 0, "case": "R8_tworoom_08aaa113960a522f6e8577dd", "arm": "REFIT_103201", "stream": "R3_ORIGINAL", "mode": "H_REAL3_REPLAN"}
/workspace/r10/env_old/lib/python3.12/site-packages/gymnasium/utils/passive_env_checker.py:129: UserWarning: [33mWARN: The obs returned by the `reset()` method was expecting a numpy array, actual type: <class 'torch.Tensor'>[0m
  logger.warn(
/workspace/r10/env_old/lib/python3.12/site-packages/gymnasium/spaces/box.py:415: UserWarning: [33mWARN: Casting input x to numpy array.[0m
  gym.logger.warn("Casting input x to numpy array.")
CEM solve time: 1.5745 seconds
/workspace/r10/env_old/lib/python3.12/site-packages/gymnasium/utils/passive_env_checker.py:129: UserWarning: [33mWARN: The obs returned by the `step()` method was expecting a numpy array, actual type: <class 'torch.Tensor'>[0m
  logger.warn(
/workspace/r10/env_old/lib/python3.12/site-packages/gymnasium/spaces/box.py:415: UserWarning: [33mWARN: Casting input x to numpy array.[0m
  gym.logger.warn("Casting input x to numpy array.")
/workspace/r10/env_old/lib/python3.12/site-packages/gymnasium/utils/passive_env_checker.py:129: UserWarning: [33mWARN: The obs returned by the `reset()` method was expecting a numpy array, actual type: <class 'torch.Tensor'>[0m
  logger.warn(
/workspace/r10/env_old/lib/python3.12/site-packages/gymnasium/spaces/box.py:415: UserWarning: [33mWARN: Casting input x to numpy array.[0m
  gym.logger.warn("Casting input x to numpy array.")
CEM solve time: 1.5744 seconds
/workspace/r10/env_old/lib/python3.12/site-packages/gymnasium/utils/passive_env_checker.py:129: UserWarning: [33mWARN: The obs returned by the `step()` method was expecting a numpy array, actual type: <class 'torch.Tensor'>[0m
  logger.warn(
/workspace/r10/env_old/lib/python3.12/site-packages/gymnasium/spaces/box.py:415: UserWarning: [33mWARN: Casting input x to numpy array.[0m
  gym.logger.warn("Casting input x to numpy array.")
{"completed": 77, "missing": 0, "case": "R8_tworoom_08aaa113960a522f6e8577dd", "arm": "REFIT_103201", "stream": "R4_ALT_CEM_1", "mode": "H_REAL3_REPLAN"}
/workspace/r10/env_old/lib/python3.12/site-packages/gymnasium/utils/passive_env_checker.py:129: UserWarning: [33mWARN: The obs returned by the `reset()` method was expecting a numpy array, actual type: <class 'torch.Tensor'>[0m
  logger.warn(
/workspace/r10/env_old/lib/python3.12/site-packages/gymnasium/spaces/box.py:415: UserWarning: [33mWARN: Casting input x to numpy array.[0m
  gym.logger.warn("Casting input x to numpy array.")
CEM solve time: 1.5764 seconds
/workspace/r10/env_old/lib/python3.12/site-packages/gymnasium/utils/passive_env_checker.py:129: UserWarning: [33mWARN: The obs returned by the `step()` method was expecting a numpy array, actual type: <class 'torch.Tensor'>[0m
  logger.warn(
/workspace/r10/env_old/lib/python3.12/site-packages/gymnasium/spaces/box.py:415: UserWarning: [33mWARN: Casting input x to numpy array.[0m
  gym.logger.warn("Casting input x to numpy array.")
/workspace/r10/env_old/lib/python3.12/site-packages/gymnasium/utils/passive_env_checker.py:129: UserWarning: [33mWARN: The obs returned by the `reset()` method was expecting a numpy array, actual type: <class 'torch.Tensor'>[0m
  logger.warn(
/workspace/r10/env_old/lib/python3.12/site-packages/gymnasium/spaces/box.py:415: UserWarning: [33mWARN: Casting input x to numpy array.[0m
  gym.logger.warn("Casting input x to numpy array.")
CEM solve time: 1.5789 seconds
/workspace/r10/env_old/lib/python3.12/site-packages/gymnasium/utils/passive_env_checker.py:129: UserWarning: [33mWARN: The obs returned by the `step()` method was expecting a numpy array, actual type: <class 'torch.Tensor'>[0m
  logger.warn(
/workspace/r10/env_old/lib/python3.12/site-packages/gymnasium/spaces/box.py:415: UserWarning: [33mWARN: Casting input x to numpy array.[0m
  gym.logger.warn("Casting input x to numpy array.")
{"completed": 78, "missing": 0, "case": "R8_tworoom_08aaa113960a522f6e8577dd", "arm": "REFIT_103201", "stream": "R4_ALT_CEM_2", "mode": "H_REAL3_REPLAN"}
/workspace/r10/env_old/lib/python3.12/site-packages/gymnasium/utils/passive_env_checker.py:129: UserWarning: [33mWARN: The obs returned by the `reset()` method was expecting a numpy array, actual type: <class 'torch.Tensor'>[0m
  logger.warn(
/workspace/r10/env_old/lib/python3.12/site-packages/gymnasium/spaces/box.py:415: UserWarning: [33mWARN: Casting input x to numpy array.[0m
  gym.logger.warn("Casting input x to numpy array.")
CEM solve time: 1.5936 seconds
/workspace/r10/env_old/lib/python3.12/site-packages/gymnasium/utils/passive_env_checker.py:129: UserWarning: [33mWARN: The obs returned by the `step()` method was expecting a numpy array, actual type: <class 'torch.Tensor'>[0m
  logger.warn(
/workspace/r10/env_old/lib/python3.12/site-packages/gymnasium/spaces/box.py:415: UserWarning: [33mWARN: Casting input x to numpy array.[0m
  gym.logger.warn("Casting input x to numpy array.")
/workspace/r10/env_old/lib/python3.12/site-packages/gymnasium/utils/passive_env_checker.py:129: UserWarning: [33mWARN: The obs returned by the `reset()` method was expecting a numpy array, actual type: <class 'torch.Tensor'>[0m
  logger.warn(
/workspace/r10/env_old/lib/python3.12/site-packages/gymnasium/spaces/box.py:415: UserWarning: [33mWARN: Casting input x to numpy array.[0m
  gym.logger.warn("Casting input x to numpy array.")
CEM solve time: 1.5799 seconds
/workspace/r10/env_old/lib/python3.12/site-packages/gymnasium/utils/passive_env_checker.py:129: UserWarning: [33mWARN: The obs returned by the `step()` method was expecting a numpy array, actual type: <class 'torch.Tensor'>[0m
  logger.warn(
/workspace/r10/env_old/lib/python3.12/site-packages/gymnasium/spaces/box.py:415: UserWarning: [33mWARN: Casting input x to numpy array.[0m
  gym.logger.warn("Casting input x to numpy array.")
{"completed": 79, "missing": 0, "case": "R8_tworoom_003c28579b58245c0c254088", "arm": "REFIT_103202", "stream": "R3_ORIGINAL", "mode": "H_REAL3_REPLAN"}
/workspace/r10/env_old/lib/python3.12/site-packages/gymnasium/utils/passive_env_checker.py:129: UserWarning: [33mWARN: The obs returned by the `reset()` method was expecting a numpy array, actual type: <class 'torch.Tensor'>[0m
  logger.warn(
/workspace/r10/env_old/lib/python3.12/site-packages/gymnasium/spaces/box.py:415: UserWarning: [33mWARN: Casting input x to numpy array.[0m
  gym.logger.warn("Casting input x to numpy array.")
CEM solve time: 1.6004 seconds
/workspace/r10/env_old/lib/python3.12/site-packages/gymnasium/utils/passive_env_checker.py:129: UserWarning: [33mWARN: The obs returned by the `step()` method was expecting a numpy array, actual type: <class 'torch.Tensor'>[0m
  logger.warn(
/workspace/r10/env_old/lib/python3.12/site-packages/gymnasium/spaces/box.py:415: UserWarning: [33mWARN: Casting input x to numpy array.[0m
  gym.logger.warn("Casting input x to numpy array.")
/workspace/r10/env_old/lib/python3.12/site-packages/gymnasium/utils/passive_env_checker.py:129: UserWarning: [33mWARN: The obs returned by the `reset()` method was expecting a numpy array, actual type: <class 'torch.Tensor'>[0m
  logger.warn(
/workspace/r10/env_old/lib/python3.12/site-packages/gymnasium/spaces/box.py:415: UserWarning: [33mWARN: Casting input x to numpy array.[0m
  gym.logger.warn("Casting input x to numpy array.")
CEM solve time: 1.5725 seconds
/workspace/r10/env_old/lib/python3.12/site-packages/gymnasium/utils/passive_env_checker.py:129: UserWarning: [33mWARN: The obs returned by the `step()` method was expecting a numpy array, actual type: <class 'torch.Tensor'>[0m
  logger.warn(
/workspace/r10/env_old/lib/python3.12/site-packages/gymnasium/spaces/box.py:415: UserWarning: [33mWARN: Casting input x to numpy array.[0m
  gym.logger.warn("Casting input x to numpy array.")
{"completed": 80, "missing": 0, "case": "R8_tworoom_003c28579b58245c0c254088", "arm": "REFIT_103202", "stream": "R4_ALT_CEM_1", "mode": "H_REAL3_REPLAN"}
/workspace/r10/env_old/lib/python3.12/site-packages/gymnasium/utils/passive_env_checker.py:129: UserWarning: [33mWARN: The obs returned by the `reset()` method was expecting a numpy array, actual type: <class 'torch.Tensor'>[0m
  logger.warn(
/workspace/r10/env_old/lib/python3.12/site-packages/gymnasium/spaces/box.py:415: UserWarning: [33mWARN: Casting input x to numpy array.[0m
  gym.logger.warn("Casting input x to numpy array.")
CEM solve time: 1.6049 seconds
/workspace/r10/env_old/lib/python3.12/site-packages/gymnasium/utils/passive_env_checker.py:129: UserWarning: [33mWARN: The obs returned by the `step()` method was expecting a numpy array, actual type: <class 'torch.Tensor'>[0m
  logger.warn(
/workspace/r10/env_old/lib/python3.12/site-packages/gymnasium/spaces/box.py:415: UserWarning: [33mWARN: Casting input x to numpy array.[0m
  gym.logger.warn("Casting input x to numpy array.")
/workspace/r10/env_old/lib/python3.12/site-packages/gymnasium/utils/passive_env_checker.py:129: UserWarning: [33mWARN: The obs returned by the `reset()` method was expecting a numpy array, actual type: <class 'torch.Tensor'>[0m
  logger.warn(
/workspace/r10/env_old/lib/python3.12/site-packages/gymnasium/spaces/box.py:415: UserWarning: [33mWARN: Casting input x to numpy array.[0m
  gym.logger.warn("Casting input x to numpy array.")
CEM solve time: 1.5889 seconds
/workspace/r10/env_old/lib/python3.12/site-packages/gymnasium/utils/passive_env_checker.py:129: UserWarning: [33mWARN: The obs returned by the `step()` method was expecting a numpy array, actual type: <class 'torch.Tensor'>[0m
  logger.warn(
/workspace/r10/env_old/lib/python3.12/site-packages/gymnasium/spaces/box.py:415: UserWarning: [33mWARN: Casting input x to numpy array.[0m
  gym.logger.warn("Casting input x to numpy array.")
{"completed": 81, "missing": 0, "case": "R8_tworoom_003c28579b58245c0c254088", "arm": "REFIT_103202", "stream": "R4_ALT_CEM_2", "mode": "H_REAL3_REPLAN"}
/workspace/r10/env_old/lib/python3.12/site-packages/gymnasium/utils/passive_env_checker.py:129: UserWarning: [33mWARN: The obs returned by the `reset()` method was expecting a numpy array, actual type: <class 'torch.Tensor'>[0m
  logger.warn(
/workspace/r10/env_old/lib/python3.12/site-packages/gymnasium/spaces/box.py:415: UserWarning: [33mWARN: Casting input x to numpy array.[0m
  gym.logger.warn("Casting input x to numpy array.")
CEM solve time: 1.5769 seconds
/workspace/r10/env_old/lib/python3.12/site-packages/gymnasium/utils/passive_env_checker.py:129: UserWarning: [33mWARN: The obs returned by the `step()` method was expecting a numpy array, actual type: <class 'torch.Tensor'>[0m
  logger.warn(
/workspace/r10/env_old/lib/python3.12/site-packages/gymnasium/spaces/box.py:415: UserWarning: [33mWARN: Casting input x to numpy array.[0m
  gym.logger.warn("Casting input x to numpy array.")
/workspace/r10/env_old/lib/python3.12/site-packages/gymnasium/utils/passive_env_checker.py:129: UserWarning: [33mWARN: The obs returned by the `reset()` method was expecting a numpy array, actual type: <class 'torch.Tensor'>[0m
  logger.warn(
/workspace/r10/env_old/lib/python3.12/site-packages/gymnasium/spaces/box.py:415: UserWarning: [33mWARN: Casting input x to numpy array.[0m
  gym.logger.warn("Casting input x to numpy array.")
CEM solve time: 1.5859 seconds
/workspace/r10/env_old/lib/python3.12/site-packages/gymnasium/utils/passive_env_checker.py:129: UserWarning: [33mWARN: The obs returned by the `step()` method was expecting a numpy array, actual type: <class 'torch.Tensor'>[0m
  logger.warn(
/workspace/r10/env_old/lib/python3.12/site-packages/gymnasium/spaces/box.py:415: UserWarning: [33mWARN: Casting input x to numpy array.[0m
  gym.logger.warn("Casting input x to numpy array.")
{"completed": 82, "missing": 0, "case": "R8_tworoom_01318120cf0b720a19bef43c", "arm": "REFIT_103202", "stream": "R3_ORIGINAL", "mode": "H_REAL3_REPLAN"}
/workspace/r10/env_old/lib/python3.12/site-packages/gymnasium/utils/passive_env_checker.py:129: UserWarning: [33mWARN: The obs returned by the `reset()` method was expecting a numpy array, actual type: <class 'torch.Tensor'>[0m
  logger.warn(
/workspace/r10/env_old/lib/python3.12/site-packages/gymnasium/spaces/box.py:415: UserWarning: [33mWARN: Casting input x to numpy array.[0m
  gym.logger.warn("Casting input x to numpy array.")
CEM solve time: 1.5688 seconds
/workspace/r10/env_old/lib/python3.12/site-packages/gymnasium/utils/passive_env_checker.py:129: UserWarning: [33mWARN: The obs returned by the `step()` method was expecting a numpy array, actual type: <class 'torch.Tensor'>[0m
  logger.warn(
/workspace/r10/env_old/lib/python3.12/site-packages/gymnasium/spaces/box.py:415: UserWarning: [33mWARN: Casting input x to numpy array.[0m
  gym.logger.warn("Casting input x to numpy array.")
/workspace/r10/env_old/lib/python3.12/site-packages/gymnasium/utils/passive_env_checker.py:129: UserWarning: [33mWARN: The obs returned by the `reset()` method was expecting a numpy array, actual type: <class 'torch.Tensor'>[0m
  logger.warn(
/workspace/r10/env_old/lib/python3.12/site-packages/gymnasium/spaces/box.py:415: UserWarning: [33mWARN: Casting input x to numpy array.[0m
  gym.logger.warn("Casting input x to numpy array.")
CEM solve time: 1.5813 seconds
/workspace/r10/env_old/lib/python3.12/site-packages/gymnasium/utils/passive_env_checker.py:129: UserWarning: [33mWARN: The obs returned by the `step()` method was expecting a numpy array, actual type: <class 'torch.Tensor'>[0m
  logger.warn(
/workspace/r10/env_old/lib/python3.12/site-packages/gymnasium/spaces/box.py:415: UserWarning: [33mWARN: Casting input x to numpy array.[0m
  gym.logger.warn("Casting input x to numpy array.")
{"completed": 83, "missing": 0, "case": "R8_tworoom_01318120cf0b720a19bef43c", "arm": "REFIT_103202", "stream": "R4_ALT_CEM_1", "mode": "H_REAL3_REPLAN"}
/workspace/r10/env_old/lib/python3.12/site-packages/gymnasium/utils/passive_env_checker.py:129: UserWarning: [33mWARN: The obs returned by the `reset()` method was expecting a numpy array, actual type: <class 'torch.Tensor'>[0m
  logger.warn(
/workspace/r10/env_old/lib/python3.12/site-packages/gymnasium/spaces/box.py:415: UserWarning: [33mWARN: Casting input x to numpy array.[0m
  gym.logger.warn("Casting input x to numpy array.")
CEM solve time: 1.5765 seconds
/workspace/r10/env_old/lib/python3.12/site-packages/gymnasium/utils/passive_env_checker.py:129: UserWarning: [33mWARN: The obs returned by the `step()` method was expecting a numpy array, actual type: <class 'torch.Tensor'>[0m
  logger.warn(
/workspace/r10/env_old/lib/python3.12/site-packages/gymnasium/spaces/box.py:415: UserWarning: [33mWARN: Casting input x to numpy array.[0m
  gym.logger.warn("Casting input x to numpy array.")
/workspace/r10/env_old/lib/python3.12/site-packages/gymnasium/utils/passive_env_checker.py:129: UserWarning: [33mWARN: The obs returned by the `reset()` method was expecting a numpy array, actual type: <class 'torch.Tensor'>[0m
  logger.warn(
/workspace/r10/env_old/lib/python3.12/site-packages/gymnasium/spaces/box.py:415: UserWarning: [33mWARN: Casting input x to numpy array.[0m
  gym.logger.warn("Casting input x to numpy array.")
CEM solve time: 1.5827 seconds
/workspace/r10/env_old/lib/python3.12/site-packages/gymnasium/utils/passive_env_checker.py:129: UserWarning: [33mWARN: The obs returned by the `step()` method was expecting a numpy array, actual type: <class 'torch.Tensor'>[0m
  logger.warn(
/workspace/r10/env_old/lib/python3.12/site-packages/gymnasium/spaces/box.py:415: UserWarning: [33mWARN: Casting input x to numpy array.[0m
  gym.logger.warn("Casting input x to numpy array.")
{"completed": 84, "missing": 0, "case": "R8_tworoom_01318120cf0b720a19bef43c", "arm": "REFIT_103202", "stream": "R4_ALT_CEM_2", "mode": "H_REAL3_REPLAN"}
/workspace/r10/env_old/lib/python3.12/site-packages/gymnasium/utils/passive_env_checker.py:129: UserWarning: [33mWARN: The obs returned by the `reset()` method was expecting a numpy array, actual type: <class 'torch.Tensor'>[0m
  logger.warn(
/workspace/r10/env_old/lib/python3.12/site-packages/gymnasium/spaces/box.py:415: UserWarning: [33mWARN: Casting input x to numpy array.[0m
  gym.logger.warn("Casting input x to numpy array.")
CEM solve time: 1.5779 seconds
/workspace/r10/env_old/lib/python3.12/site-packages/gymnasium/utils/passive_env_checker.py:129: UserWarning: [33mWARN: The obs returned by the `step()` method was expecting a numpy array, actual type: <class 'torch.Tensor'>[0m
  logger.warn(
/workspace/r10/env_old/lib/python3.12/site-packages/gymnasium/spaces/box.py:415: UserWarning: [33mWARN: Casting input x to numpy array.[0m
  gym.logger.warn("Casting input x to numpy array.")
/workspace/r10/env_old/lib/python3.12/site-packages/gymnasium/utils/passive_env_checker.py:129: UserWarning: [33mWARN: The obs returned by the `reset()` method was expecting a numpy array, actual type: <class 'torch.Tensor'>[0m
  logger.warn(
/workspace/r10/env_old/lib/python3.12/site-packages/gymnasium/spaces/box.py:415: UserWarning: [33mWARN: Casting input x to numpy array.[0m
  gym.logger.warn("Casting input x to numpy array.")
CEM solve time: 1.5900 seconds
/workspace/r10/env_old/lib/python3.12/site-packages/gymnasium/utils/passive_env_checker.py:129: UserWarning: [33mWARN: The obs returned by the `step()` method was expecting a numpy array, actual type: <class 'torch.Tensor'>[0m
  logger.warn(
/workspace/r10/env_old/lib/python3.12/site-packages/gymnasium/spaces/box.py:415: UserWarning: [33mWARN: Casting input x to numpy array.[0m
  gym.logger.warn("Casting input x to numpy array.")
{"completed": 85, "missing": 0, "case": "R8_tworoom_01e4a5589224d5a2e107c624", "arm": "REFIT_103202", "stream": "R3_ORIGINAL", "mode": "H_REAL3_REPLAN"}
/workspace/r10/env_old/lib/python3.12/site-packages/gymnasium/utils/passive_env_checker.py:129: UserWarning: [33mWARN: The obs returned by the `reset()` method was expecting a numpy array, actual type: <class 'torch.Tensor'>[0m
  logger.warn(
/workspace/r10/env_old/lib/python3.12/site-packages/gymnasium/spaces/box.py:415: UserWarning: [33mWARN: Casting input x to numpy array.[0m
  gym.logger.warn("Casting input x to numpy array.")
CEM solve time: 1.5927 seconds
/workspace/r10/env_old/lib/python3.12/site-packages/gymnasium/utils/passive_env_checker.py:129: UserWarning: [33mWARN: The obs returned by the `step()` method was expecting a numpy array, actual type: <class 'torch.Tensor'>[0m
  logger.warn(
/workspace/r10/env_old/lib/python3.12/site-packages/gymnasium/spaces/box.py:415: UserWarning: [33mWARN: Casting input x to numpy array.[0m
  gym.logger.warn("Casting input x to numpy array.")
/workspace/r10/env_old/lib/python3.12/site-packages/gymnasium/utils/passive_env_checker.py:129: UserWarning: [33mWARN: The obs returned by the `reset()` method was expecting a numpy array, actual type: <class 'torch.Tensor'>[0m
  logger.warn(
CEM solve time: 1.5804 seconds
/workspace/r10/env_old/lib/python3.12/site-packages/gymnasium/utils/passive_env_checker.py:129: UserWarning: [33mWARN: The obs returned by the `step()` method was expecting a numpy array, actual type: <class 'torch.Tensor'>[0m
  logger.warn(
/workspace/r10/env_old/lib/python3.12/site-packages/gymnasium/spaces/box.py:415: UserWarning: [33mWARN: Casting input x to numpy array.[0m
  gym.logger.warn("Casting input x to numpy array.")
{"completed": 86, "missing": 0, "case": "R8_tworoom_01e4a5589224d5a2e107c624", "arm": "REFIT_103202", "stream": "R4_ALT_CEM_1", "mode": "H_REAL3_REPLAN"}
/workspace/r10/env_old/lib/python3.12/site-packages/gymnasium/utils/passive_env_checker.py:129: UserWarning: [33mWARN: The obs returned by the `reset()` method was expecting a numpy array, actual type: <class 'torch.Tensor'>[0m
  logger.warn(
CEM solve time: 1.5758 seconds
/workspace/r10/env_old/lib/python3.12/site-packages/gymnasium/utils/passive_env_checker.py:129: UserWarning: [33mWARN: The obs returned by the `step()` method was expecting a numpy array, actual type: <class 'torch.Tensor'>[0m
  logger.warn(
/workspace/r10/env_old/lib/python3.12/site-packages/gymnasium/spaces/box.py:415: UserWarning: [33mWARN: Casting input x to numpy array.[0m
  gym.logger.warn("Casting input x to numpy array.")
/workspace/r10/env_old/lib/python3.12/site-packages/gymnasium/utils/passive_env_checker.py:129: UserWarning: [33mWARN: The obs returned by the `reset()` method was expecting a numpy array, actual type: <class 'torch.Tensor'>[0m
  logger.warn(
CEM solve time: 1.5754 seconds
/workspace/r10/env_old/lib/python3.12/site-packages/gymnasium/utils/passive_env_checker.py:129: UserWarning: [33mWARN: The obs returned by the `step()` method was expecting a numpy array, actual type: <class 'torch.Tensor'>[0m
  logger.warn(
/workspace/r10/env_old/lib/python3.12/site-packages/gymnasium/spaces/box.py:415: UserWarning: [33mWARN: Casting input x to numpy array.[0m
  gym.logger.warn("Casting input x to numpy array.")
{"completed": 87, "missing": 0, "case": "R8_tworoom_01e4a5589224d5a2e107c624", "arm": "REFIT_103202", "stream": "R4_ALT_CEM_2", "mode": "H_REAL3_REPLAN"}
/workspace/r10/env_old/lib/python3.12/site-packages/gymnasium/utils/passive_env_checker.py:129: UserWarning: [33mWARN: The obs returned by the `reset()` method was expecting a numpy array, actual type: <class 'torch.Tensor'>[0m
  logger.warn(
CEM solve time: 1.5772 seconds
/workspace/r10/env_old/lib/python3.12/site-packages/gymnasium/utils/passive_env_checker.py:129: UserWarning: [33mWARN: The obs returned by the `step()` method was expecting a numpy array, actual type: <class 'torch.Tensor'>[0m
  logger.warn(
/workspace/r10/env_old/lib/python3.12/site-packages/gymnasium/spaces/box.py:415: UserWarning: [33mWARN: Casting input x to numpy array.[0m
  gym.logger.warn("Casting input x to numpy array.")
/workspace/r10/env_old/lib/python3.12/site-packages/gymnasium/utils/passive_env_checker.py:129: UserWarning: [33mWARN: The obs returned by the `reset()` method was expecting a numpy array, actual type: <class 'torch.Tensor'>[0m
  logger.warn(
/workspace/r10/env_old/lib/python3.12/site-packages/gymnasium/spaces/box.py:415: UserWarning: [33mWARN: Casting input x to numpy array.[0m
  gym.logger.warn("Casting input x to numpy array.")
CEM solve time: 1.5880 seconds
/workspace/r10/env_old/lib/python3.12/site-packages/gymnasium/utils/passive_env_checker.py:129: UserWarning: [33mWARN: The obs returned by the `step()` method was expecting a numpy array, actual type: <class 'torch.Tensor'>[0m
  logger.warn(
/workspace/r10/env_old/lib/python3.12/site-packages/gymnasium/spaces/box.py:415: UserWarning: [33mWARN: Casting input x to numpy array.[0m
  gym.logger.warn("Casting input x to numpy array.")
{"completed": 88, "missing": 0, "case": "R8_tworoom_028b381589885cb32be33fa7", "arm": "REFIT_103202", "stream": "R3_ORIGINAL", "mode": "H_REAL3_REPLAN"}
/workspace/r10/env_old/lib/python3.12/site-packages/gymnasium/utils/passive_env_checker.py:129: UserWarning: [33mWARN: The obs returned by the `reset()` method was expecting a numpy array, actual type: <class 'torch.Tensor'>[0m
  logger.warn(
/workspace/r10/env_old/lib/python3.12/site-packages/gymnasium/spaces/box.py:415: UserWarning: [33mWARN: Casting input x to numpy array.[0m
  gym.logger.warn("Casting input x to numpy array.")
CEM solve time: 1.6195 seconds
/workspace/r10/env_old/lib/python3.12/site-packages/gymnasium/utils/passive_env_checker.py:129: UserWarning: [33mWARN: The obs returned by the `step()` method was expecting a numpy array, actual type: <class 'torch.Tensor'>[0m
  logger.warn(
/workspace/r10/env_old/lib/python3.12/site-packages/gymnasium/spaces/box.py:415: UserWarning: [33mWARN: Casting input x to numpy array.[0m
  gym.logger.warn("Casting input x to numpy array.")
/workspace/r10/env_old/lib/python3.12/site-packages/gymnasium/utils/passive_env_checker.py:129: UserWarning: [33mWARN: The obs returned by the `reset()` method was expecting a numpy array, actual type: <class 'torch.Tensor'>[0m
  logger.warn(
/workspace/r10/env_old/lib/python3.12/site-packages/gymnasium/spaces/box.py:415: UserWarning: [33mWARN: Casting input x to numpy array.[0m
  gym.logger.warn("Casting input x to numpy array.")
CEM solve time: 1.5672 seconds
/workspace/r10/env_old/lib/python3.12/site-packages/gymnasium/utils/passive_env_checker.py:129: UserWarning: [33mWARN: The obs returned by the `step()` method was expecting a numpy array, actual type: <class 'torch.Tensor'>[0m
  logger.warn(
/workspace/r10/env_old/lib/python3.12/site-packages/gymnasium/spaces/box.py:415: UserWarning: [33mWARN: Casting input x to numpy array.[0m
  gym.logger.warn("Casting input x to numpy array.")
{"completed": 89, "missing": 0, "case": "R8_tworoom_028b381589885cb32be33fa7", "arm": "REFIT_103202", "stream": "R4_ALT_CEM_1", "mode": "H_REAL3_REPLAN"}
/workspace/r10/env_old/lib/python3.12/site-packages/gymnasium/utils/passive_env_checker.py:129: UserWarning: [33mWARN: The obs returned by the `reset()` method was expecting a numpy array, actual type: <class 'torch.Tensor'>[0m
  logger.warn(
/workspace/r10/env_old/lib/python3.12/site-packages/gymnasium/spaces/box.py:415: UserWarning: [33mWARN: Casting input x to numpy array.[0m
  gym.logger.warn("Casting input x to numpy array.")
CEM solve time: 1.5771 seconds
/workspace/r10/env_old/lib/python3.12/site-packages/gymnasium/utils/passive_env_checker.py:129: UserWarning: [33mWARN: The obs returned by the `step()` method was expecting a numpy array, actual type: <class 'torch.Tensor'>[0m
  logger.warn(
/workspace/r10/env_old/lib/python3.12/site-packages/gymnasium/spaces/box.py:415: UserWarning: [33mWARN: Casting input x to numpy array.[0m
  gym.logger.warn("Casting input x to numpy array.")
/workspace/r10/env_old/lib/python3.12/site-packages/gymnasium/utils/passive_env_checker.py:129: UserWarning: [33mWARN: The obs returned by the `reset()` method was expecting a numpy array, actual type: <class 'torch.Tensor'>[0m
  logger.warn(
/workspace/r10/env_old/lib/python3.12/site-packages/gymnasium/spaces/box.py:415: UserWarning: [33mWARN: Casting input x to numpy array.[0m
  gym.logger.warn("Casting input x to numpy array.")
CEM solve time: 1.5760 seconds
/workspace/r10/env_old/lib/python3.12/site-packages/gymnasium/utils/passive_env_checker.py:129: UserWarning: [33mWARN: The obs returned by the `step()` method was expecting a numpy array, actual type: <class 'torch.Tensor'>[0m
  logger.warn(
/workspace/r10/env_old/lib/python3.12/site-packages/gymnasium/spaces/box.py:415: UserWarning: [33mWARN: Casting input x to numpy array.[0m
  gym.logger.warn("Casting input x to numpy array.")
{"completed": 90, "missing": 0, "case": "R8_tworoom_028b381589885cb32be33fa7", "arm": "REFIT_103202", "stream": "R4_ALT_CEM_2", "mode": "H_REAL3_REPLAN"}
/workspace/r10/env_old/lib/python3.12/site-packages/gymnasium/utils/passive_env_checker.py:129: UserWarning: [33mWARN: The obs returned by the `reset()` method was expecting a numpy array, actual type: <class 'torch.Tensor'>[0m
  logger.warn(
/workspace/r10/env_old/lib/python3.12/site-packages/gymnasium/spaces/box.py:415: UserWarning: [33mWARN: Casting input x to numpy array.[0m
  gym.logger.warn("Casting input x to numpy array.")
CEM solve time: 1.5734 seconds
/workspace/r10/env_old/lib/python3.12/site-packages/gymnasium/utils/passive_env_checker.py:129: UserWarning: [33mWARN: The obs returned by the `step()` method was expecting a numpy array, actual type: <class 'torch.Tensor'>[0m
  logger.warn(
/workspace/r10/env_old/lib/python3.12/site-packages/gymnasium/spaces/box.py:415: UserWarning: [33mWARN: Casting input x to numpy array.[0m
  gym.logger.warn("Casting input x to numpy array.")
CEM solve time: 1.5727 seconds
/workspace/r10/env_old/lib/python3.12/site-packages/gymnasium/utils/passive_env_checker.py:129: UserWarning: [33mWARN: The obs returned by the `reset()` method was expecting a numpy array, actual type: <class 'torch.Tensor'>[0m
  logger.warn(
/workspace/r10/env_old/lib/python3.12/site-packages/gymnasium/spaces/box.py:415: UserWarning: [33mWARN: Casting input x to numpy array.[0m
  gym.logger.warn("Casting input x to numpy array.")
CEM solve time: 1.5951 seconds
/workspace/r10/env_old/lib/python3.12/site-packages/gymnasium/utils/passive_env_checker.py:129: UserWarning: [33mWARN: The obs returned by the `step()` method was expecting a numpy array, actual type: <class 'torch.Tensor'>[0m
  logger.warn(
/workspace/r10/env_old/lib/python3.12/site-packages/gymnasium/spaces/box.py:415: UserWarning: [33mWARN: Casting input x to numpy array.[0m
  gym.logger.warn("Casting input x to numpy array.")
CEM solve time: 1.5881 seconds
{"completed": 91, "missing": 0, "case": "R8_tworoom_031a32eb62cc199fab44890e", "arm": "REFIT_103202", "stream": "R3_ORIGINAL", "mode": "H_REAL3_REPLAN"}
/workspace/r10/env_old/lib/python3.12/site-packages/gymnasium/utils/passive_env_checker.py:129: UserWarning: [33mWARN: The obs returned by the `reset()` method was expecting a numpy array, actual type: <class 'torch.Tensor'>[0m
  logger.warn(
/workspace/r10/env_old/lib/python3.12/site-packages/gymnasium/spaces/box.py:415: UserWarning: [33mWARN: Casting input x to numpy array.[0m
  gym.logger.warn("Casting input x to numpy array.")
CEM solve time: 1.5889 seconds
/workspace/r10/env_old/lib/python3.12/site-packages/gymnasium/utils/passive_env_checker.py:129: UserWarning: [33mWARN: The obs returned by the `step()` method was expecting a numpy array, actual type: <class 'torch.Tensor'>[0m
  logger.warn(
/workspace/r10/env_old/lib/python3.12/site-packages/gymnasium/spaces/box.py:415: UserWarning: [33mWARN: Casting input x to numpy array.[0m
  gym.logger.warn("Casting input x to numpy array.")
CEM solve time: 1.5712 seconds
/workspace/r10/env_old/lib/python3.12/site-packages/gymnasium/utils/passive_env_checker.py:129: UserWarning: [33mWARN: The obs returned by the `reset()` method was expecting a numpy array, actual type: <class 'torch.Tensor'>[0m
  logger.warn(
/workspace/r10/env_old/lib/python3.12/site-packages/gymnasium/spaces/box.py:415: UserWarning: [33mWARN: Casting input x to numpy array.[0m
  gym.logger.warn("Casting input x to numpy array.")
CEM solve time: 1.5755 seconds
/workspace/r10/env_old/lib/python3.12/site-packages/gymnasium/utils/passive_env_checker.py:129: UserWarning: [33mWARN: The obs returned by the `step()` method was expecting a numpy array, actual type: <class 'torch.Tensor'>[0m
  logger.warn(
/workspace/r10/env_old/lib/python3.12/site-packages/gymnasium/spaces/box.py:415: UserWarning: [33mWARN: Casting input x to numpy array.[0m
  gym.logger.warn("Casting input x to numpy array.")
CEM solve time: 1.5899 seconds
{"completed": 92, "missing": 0, "case": "R8_tworoom_031a32eb62cc199fab44890e", "arm": "REFIT_103202", "stream": "R4_ALT_CEM_1", "mode": "H_REAL3_REPLAN"}
/workspace/r10/env_old/lib/python3.12/site-packages/gymnasium/utils/passive_env_checker.py:129: UserWarning: [33mWARN: The obs returned by the `reset()` method was expecting a numpy array, actual type: <class 'torch.Tensor'>[0m
  logger.warn(
/workspace/r10/env_old/lib/python3.12/site-packages/gymnasium/spaces/box.py:415: UserWarning: [33mWARN: Casting input x to numpy array.[0m
  gym.logger.warn("Casting input x to numpy array.")
CEM solve time: 1.5774 seconds
/workspace/r10/env_old/lib/python3.12/site-packages/gymnasium/utils/passive_env_checker.py:129: UserWarning: [33mWARN: The obs returned by the `step()` method was expecting a numpy array, actual type: <class 'torch.Tensor'>[0m
  logger.warn(
/workspace/r10/env_old/lib/python3.12/site-packages/gymnasium/spaces/box.py:415: UserWarning: [33mWARN: Casting input x to numpy array.[0m
  gym.logger.warn("Casting input x to numpy array.")
CEM solve time: 1.5922 seconds
/workspace/r10/env_old/lib/python3.12/site-packages/gymnasium/utils/passive_env_checker.py:129: UserWarning: [33mWARN: The obs returned by the `reset()` method was expecting a numpy array, actual type: <class 'torch.Tensor'>[0m
  logger.warn(
/workspace/r10/env_old/lib/python3.12/site-packages/gymnasium/spaces/box.py:415: UserWarning: [33mWARN: Casting input x to numpy array.[0m
  gym.logger.warn("Casting input x to numpy array.")
CEM solve time: 1.5753 seconds
/workspace/r10/env_old/lib/python3.12/site-packages/gymnasium/utils/passive_env_checker.py:129: UserWarning: [33mWARN: The obs returned by the `step()` method was expecting a numpy array, actual type: <class 'torch.Tensor'>[0m
  logger.warn(
/workspace/r10/env_old/lib/python3.12/site-packages/gymnasium/spaces/box.py:415: UserWarning: [33mWARN: Casting input x to numpy array.[0m
  gym.logger.warn("Casting input x to numpy array.")
CEM solve time: 1.5916 seconds
{"completed": 93, "missing": 0, "case": "R8_tworoom_031a32eb62cc199fab44890e", "arm": "REFIT_103202", "stream": "R4_ALT_CEM_2", "mode": "H_REAL3_REPLAN"}
/workspace/r10/env_old/lib/python3.12/site-packages/gymnasium/utils/passive_env_checker.py:129: UserWarning: [33mWARN: The obs returned by the `reset()` method was expecting a numpy array, actual type: <class 'torch.Tensor'>[0m
  logger.warn(
/workspace/r10/env_old/lib/python3.12/site-packages/gymnasium/spaces/box.py:415: UserWarning: [33mWARN: Casting input x to numpy array.[0m
  gym.logger.warn("Casting input x to numpy array.")
CEM solve time: 1.6274 seconds
/workspace/r10/env_old/lib/python3.12/site-packages/gymnasium/utils/passive_env_checker.py:129: UserWarning: [33mWARN: The obs returned by the `step()` method was expecting a numpy array, actual type: <class 'torch.Tensor'>[0m
  logger.warn(
/workspace/r10/env_old/lib/python3.12/site-packages/gymnasium/spaces/box.py:415: UserWarning: [33mWARN: Casting input x to numpy array.[0m
  gym.logger.warn("Casting input x to numpy array.")
CEM solve time: 1.5749 seconds
/workspace/r10/env_old/lib/python3.12/site-packages/gymnasium/utils/passive_env_checker.py:129: UserWarning: [33mWARN: The obs returned by the `reset()` method was expecting a numpy array, actual type: <class 'torch.Tensor'>[0m
  logger.warn(
/workspace/r10/env_old/lib/python3.12/site-packages/gymnasium/spaces/box.py:415: UserWarning: [33mWARN: Casting input x to numpy array.[0m
  gym.logger.warn("Casting input x to numpy array.")
CEM solve time: 1.5805 seconds
/workspace/r10/env_old/lib/python3.12/site-packages/gymnasium/utils/passive_env_checker.py:129: UserWarning: [33mWARN: The obs returned by the `step()` method was expecting a numpy array, actual type: <class 'torch.Tensor'>[0m
  logger.warn(
/workspace/r10/env_old/lib/python3.12/site-packages/gymnasium/spaces/box.py:415: UserWarning: [33mWARN: Casting input x to numpy array.[0m
  gym.logger.warn("Casting input x to numpy array.")
CEM solve time: 1.6140 seconds
{"completed": 94, "missing": 0, "case": "R8_tworoom_03a2c5b51519abb663dc8836", "arm": "REFIT_103202", "stream": "R3_ORIGINAL", "mode": "H_REAL3_REPLAN"}
/workspace/r10/env_old/lib/python3.12/site-packages/gymnasium/utils/passive_env_checker.py:129: UserWarning: [33mWARN: The obs returned by the `reset()` method was expecting a numpy array, actual type: <class 'torch.Tensor'>[0m
  logger.warn(
/workspace/r10/env_old/lib/python3.12/site-packages/gymnasium/spaces/box.py:415: UserWarning: [33mWARN: Casting input x to numpy array.[0m
  gym.logger.warn("Casting input x to numpy array.")
CEM solve time: 1.5796 seconds
/workspace/r10/env_old/lib/python3.12/site-packages/gymnasium/utils/passive_env_checker.py:129: UserWarning: [33mWARN: The obs returned by the `step()` method was expecting a numpy array, actual type: <class 'torch.Tensor'>[0m
  logger.warn(
/workspace/r10/env_old/lib/python3.12/site-packages/gymnasium/spaces/box.py:415: UserWarning: [33mWARN: Casting input x to numpy array.[0m
  gym.logger.warn("Casting input x to numpy array.")
/workspace/r10/env_old/lib/python3.12/site-packages/gymnasium/utils/passive_env_checker.py:129: UserWarning: [33mWARN: The obs returned by the `reset()` method was expecting a numpy array, actual type: <class 'torch.Tensor'>[0m
  logger.warn(
/workspace/r10/env_old/lib/python3.12/site-packages/gymnasium/spaces/box.py:415: UserWarning: [33mWARN: Casting input x to numpy array.[0m
  gym.logger.warn("Casting input x to numpy array.")
CEM solve time: 1.5747 seconds
/workspace/r10/env_old/lib/python3.12/site-packages/gymnasium/utils/passive_env_checker.py:129: UserWarning: [33mWARN: The obs returned by the `step()` method was expecting a numpy array, actual type: <class 'torch.Tensor'>[0m
  logger.warn(
/workspace/r10/env_old/lib/python3.12/site-packages/gymnasium/spaces/box.py:415: UserWarning: [33mWARN: Casting input x to numpy array.[0m
  gym.logger.warn("Casting input x to numpy array.")
{"completed": 95, "missing": 0, "case": "R8_tworoom_03a2c5b51519abb663dc8836", "arm": "REFIT_103202", "stream": "R4_ALT_CEM_1", "mode": "H_REAL3_REPLAN"}
/workspace/r10/env_old/lib/python3.12/site-packages/gymnasium/utils/passive_env_checker.py:129: UserWarning: [33mWARN: The obs returned by the `reset()` method was expecting a numpy array, actual type: <class 'torch.Tensor'>[0m
  logger.warn(
/workspace/r10/env_old/lib/python3.12/site-packages/gymnasium/spaces/box.py:415: UserWarning: [33mWARN: Casting input x to numpy array.[0m
  gym.logger.warn("Casting input x to numpy array.")
CEM solve time: 1.5764 seconds
/workspace/r10/env_old/lib/python3.12/site-packages/gymnasium/utils/passive_env_checker.py:129: UserWarning: [33mWARN: The obs returned by the `step()` method was expecting a numpy array, actual type: <class 'torch.Tensor'>[0m
  logger.warn(
/workspace/r10/env_old/lib/python3.12/site-packages/gymnasium/spaces/box.py:415: UserWarning: [33mWARN: Casting input x to numpy array.[0m
  gym.logger.warn("Casting input x to numpy array.")
CEM solve time: 1.5752 seconds
/workspace/r10/env_old/lib/python3.12/site-packages/gymnasium/utils/passive_env_checker.py:129: UserWarning: [33mWARN: The obs returned by the `reset()` method was expecting a numpy array, actual type: <class 'torch.Tensor'>[0m
  logger.warn(
/workspace/r10/env_old/lib/python3.12/site-packages/gymnasium/spaces/box.py:415: UserWarning: [33mWARN: Casting input x to numpy array.[0m
  gym.logger.warn("Casting input x to numpy array.")
CEM solve time: 1.5778 seconds
/workspace/r10/env_old/lib/python3.12/site-packages/gymnasium/utils/passive_env_checker.py:129: UserWarning: [33mWARN: The obs returned by the `step()` method was expecting a numpy array, actual type: <class 'torch.Tensor'>[0m
  logger.warn(
/workspace/r10/env_old/lib/python3.12/site-packages/gymnasium/spaces/box.py:415: UserWarning: [33mWARN: Casting input x to numpy array.[0m
  gym.logger.warn("Casting input x to numpy array.")
CEM solve time: 1.5916 seconds
{"completed": 96, "missing": 0, "case": "R8_tworoom_03a2c5b51519abb663dc8836", "arm": "REFIT_103202", "stream": "R4_ALT_CEM_2", "mode": "H_REAL3_REPLAN"}
/workspace/r10/env_old/lib/python3.12/site-packages/gymnasium/utils/passive_env_checker.py:129: UserWarning: [33mWARN: The obs returned by the `reset()` method was expecting a numpy array, actual type: <class 'torch.Tensor'>[0m
  logger.warn(
/workspace/r10/env_old/lib/python3.12/site-packages/gymnasium/spaces/box.py:415: UserWarning: [33mWARN: Casting input x to numpy array.[0m
  gym.logger.warn("Casting input x to numpy array.")
CEM solve time: 1.5905 seconds
/workspace/r10/env_old/lib/python3.12/site-packages/gymnasium/utils/passive_env_checker.py:129: UserWarning: [33mWARN: The obs returned by the `step()` method was expecting a numpy array, actual type: <class 'torch.Tensor'>[0m
  logger.warn(
/workspace/r10/env_old/lib/python3.12/site-packages/gymnasium/spaces/box.py:415: UserWarning: [33mWARN: Casting input x to numpy array.[0m
  gym.logger.warn("Casting input x to numpy array.")
/workspace/r10/env_old/lib/python3.12/site-packages/gymnasium/utils/passive_env_checker.py:129: UserWarning: [33mWARN: The obs returned by the `reset()` method was expecting a numpy array, actual type: <class 'torch.Tensor'>[0m
  logger.warn(
/workspace/r10/env_old/lib/python3.12/site-packages/gymnasium/spaces/box.py:415: UserWarning: [33mWARN: Casting input x to numpy array.[0m
  gym.logger.warn("Casting input x to numpy array.")
CEM solve time: 1.5787 seconds
/workspace/r10/env_old/lib/python3.12/site-packages/gymnasium/utils/passive_env_checker.py:129: UserWarning: [33mWARN: The obs returned by the `step()` method was expecting a numpy array, actual type: <class 'torch.Tensor'>[0m
  logger.warn(
/workspace/r10/env_old/lib/python3.12/site-packages/gymnasium/spaces/box.py:415: UserWarning: [33mWARN: Casting input x to numpy array.[0m
  gym.logger.warn("Casting input x to numpy array.")
{"completed": 97, "missing": 0, "case": "R8_tworoom_04473637cdfc1f585d9adcf3", "arm": "REFIT_103202", "stream": "R3_ORIGINAL", "mode": "H_REAL3_REPLAN"}
/workspace/r10/env_old/lib/python3.12/site-packages/gymnasium/utils/passive_env_checker.py:129: UserWarning: [33mWARN: The obs returned by the `reset()` method was expecting a numpy array, actual type: <class 'torch.Tensor'>[0m
  logger.warn(
/workspace/r10/env_old/lib/python3.12/site-packages/gymnasium/spaces/box.py:415: UserWarning: [33mWARN: Casting input x to numpy array.[0m
  gym.logger.warn("Casting input x to numpy array.")
CEM solve time: 1.5864 seconds
/workspace/r10/env_old/lib/python3.12/site-packages/gymnasium/utils/passive_env_checker.py:129: UserWarning: [33mWARN: The obs returned by the `step()` method was expecting a numpy array, actual type: <class 'torch.Tensor'>[0m
  logger.warn(
/workspace/r10/env_old/lib/python3.12/site-packages/gymnasium/spaces/box.py:415: UserWarning: [33mWARN: Casting input x to numpy array.[0m
  gym.logger.warn("Casting input x to numpy array.")
/workspace/r10/env_old/lib/python3.12/site-packages/gymnasium/utils/passive_env_checker.py:129: UserWarning: [33mWARN: The obs returned by the `reset()` method was expecting a numpy array, actual type: <class 'torch.Tensor'>[0m
  logger.warn(
/workspace/r10/env_old/lib/python3.12/site-packages/gymnasium/spaces/box.py:415: UserWarning: [33mWARN: Casting input x to numpy array.[0m
  gym.logger.warn("Casting input x to numpy array.")
CEM solve time: 1.5783 seconds
/workspace/r10/env_old/lib/python3.12/site-packages/gymnasium/utils/passive_env_checker.py:129: UserWarning: [33mWARN: The obs returned by the `step()` method was expecting a numpy array, actual type: <class 'torch.Tensor'>[0m
  logger.warn(
/workspace/r10/env_old/lib/python3.12/site-packages/gymnasium/spaces/box.py:415: UserWarning: [33mWARN: Casting input x to numpy array.[0m
  gym.logger.warn("Casting input x to numpy array.")
{"completed": 98, "missing": 0, "case": "R8_tworoom_04473637cdfc1f585d9adcf3", "arm": "REFIT_103202", "stream": "R4_ALT_CEM_1", "mode": "H_REAL3_REPLAN"}
/workspace/r10/env_old/lib/python3.12/site-packages/gymnasium/utils/passive_env_checker.py:129: UserWarning: [33mWARN: The obs returned by the `reset()` method was expecting a numpy array, actual type: <class 'torch.Tensor'>[0m
  logger.warn(
/workspace/r10/env_old/lib/python3.12/site-packages/gymnasium/spaces/box.py:415: UserWarning: [33mWARN: Casting input x to numpy array.[0m
  gym.logger.warn("Casting input x to numpy array.")
CEM solve time: 1.5744 seconds
/workspace/r10/env_old/lib/python3.12/site-packages/gymnasium/utils/passive_env_checker.py:129: UserWarning: [33mWARN: The obs returned by the `step()` method was expecting a numpy array, actual type: <class 'torch.Tensor'>[0m
  logger.warn(
/workspace/r10/env_old/lib/python3.12/site-packages/gymnasium/spaces/box.py:415: UserWarning: [33mWARN: Casting input x to numpy array.[0m
  gym.logger.warn("Casting input x to numpy array.")
/workspace/r10/env_old/lib/python3.12/site-packages/gymnasium/utils/passive_env_checker.py:129: UserWarning: [33mWARN: The obs returned by the `reset()` method was expecting a numpy array, actual type: <class 'torch.Tensor'>[0m
  logger.warn(
/workspace/r10/env_old/lib/python3.12/site-packages/gymnasium/spaces/box.py:415: UserWarning: [33mWARN: Casting input x to numpy array.[0m
  gym.logger.warn("Casting input x to numpy array.")
CEM solve time: 1.5788 seconds
/workspace/r10/env_old/lib/python3.12/site-packages/gymnasium/utils/passive_env_checker.py:129: UserWarning: [33mWARN: The obs returned by the `step()` method was expecting a numpy array, actual type: <class 'torch.Tensor'>[0m
  logger.warn(
/workspace/r10/env_old/lib/python3.12/site-packages/gymnasium/spaces/box.py:415: UserWarning: [33mWARN: Casting input x to numpy array.[0m
  gym.logger.warn("Casting input x to numpy array.")
{"completed": 99, "missing": 0, "case": "R8_tworoom_04473637cdfc1f585d9adcf3", "arm": "REFIT_103202", "stream": "R4_ALT_CEM_2", "mode": "H_REAL3_REPLAN"}
/workspace/r10/env_old/lib/python3.12/site-packages/gymnasium/utils/passive_env_checker.py:129: UserWarning: [33mWARN: The obs returned by the `reset()` method was expecting a numpy array, actual type: <class 'torch.Tensor'>[0m
  logger.warn(
/workspace/r10/env_old/lib/python3.12/site-packages/gymnasium/spaces/box.py:415: UserWarning: [33mWARN: Casting input x to numpy array.[0m
  gym.logger.warn("Casting input x to numpy array.")
CEM solve time: 1.5970 seconds
/workspace/r10/env_old/lib/python3.12/site-packages/gymnasium/utils/passive_env_checker.py:129: UserWarning: [33mWARN: The obs returned by the `step()` method was expecting a numpy array, actual type: <class 'torch.Tensor'>[0m
  logger.warn(
/workspace/r10/env_old/lib/python3.12/site-packages/gymnasium/spaces/box.py:415: UserWarning: [33mWARN: Casting input x to numpy array.[0m
  gym.logger.warn("Casting input x to numpy array.")
/workspace/r10/env_old/lib/python3.12/site-packages/gymnasium/utils/passive_env_checker.py:129: UserWarning: [33mWARN: The obs returned by the `reset()` method was expecting a numpy array, actual type: <class 'torch.Tensor'>[0m
  logger.warn(
/workspace/r10/env_old/lib/python3.12/site-packages/gymnasium/spaces/box.py:415: UserWarning: [33mWARN: Casting input x to numpy array.[0m
  gym.logger.warn("Casting input x to numpy array.")
CEM solve time: 1.5777 seconds
/workspace/r10/env_old/lib/python3.12/site-packages/gymnasium/utils/passive_env_checker.py:129: UserWarning: [33mWARN: The obs returned by the `step()` method was expecting a numpy array, actual type: <class 'torch.Tensor'>[0m
  logger.warn(
/workspace/r10/env_old/lib/python3.12/site-packages/gymnasium/spaces/box.py:415: UserWarning: [33mWARN: Casting input x to numpy array.[0m
  gym.logger.warn("Casting input x to numpy array.")
{"completed": 100, "missing": 0, "case": "R8_tworoom_053b1b2f86917a1334209ecf", "arm": "REFIT_103202", "stream": "R3_ORIGINAL", "mode": "H_REAL3_REPLAN"}
/workspace/r10/env_old/lib/python3.12/site-packages/gymnasium/utils/passive_env_checker.py:129: UserWarning: [33mWARN: The obs returned by the `reset()` method was expecting a numpy array, actual type: <class 'torch.Tensor'>[0m
  logger.warn(
/workspace/r10/env_old/lib/python3.12/site-packages/gymnasium/spaces/box.py:415: UserWarning: [33mWARN: Casting input x to numpy array.[0m
  gym.logger.warn("Casting input x to numpy array.")
CEM solve time: 1.6067 seconds
/workspace/r10/env_old/lib/python3.12/site-packages/gymnasium/utils/passive_env_checker.py:129: UserWarning: [33mWARN: The obs returned by the `step()` method was expecting a numpy array, actual type: <class 'torch.Tensor'>[0m
  logger.warn(
/workspace/r10/env_old/lib/python3.12/site-packages/gymnasium/spaces/box.py:415: UserWarning: [33mWARN: Casting input x to numpy array.[0m
  gym.logger.warn("Casting input x to numpy array.")
/workspace/r10/env_old/lib/python3.12/site-packages/gymnasium/utils/passive_env_checker.py:129: UserWarning: [33mWARN: The obs returned by the `reset()` method was expecting a numpy array, actual type: <class 'torch.Tensor'>[0m
  logger.warn(
/workspace/r10/env_old/lib/python3.12/site-packages/gymnasium/spaces/box.py:415: UserWarning: [33mWARN: Casting input x to numpy array.[0m
  gym.logger.warn("Casting input x to numpy array.")
CEM solve time: 1.5810 seconds
/workspace/r10/env_old/lib/python3.12/site-packages/gymnasium/utils/passive_env_checker.py:129: UserWarning: [33mWARN: The obs returned by the `step()` method was expecting a numpy array, actual type: <class 'torch.Tensor'>[0m
  logger.warn(
/workspace/r10/env_old/lib/python3.12/site-packages/gymnasium/spaces/box.py:415: UserWarning: [33mWARN: Casting input x to numpy array.[0m
  gym.logger.warn("Casting input x to numpy array.")
{"completed": 101, "missing": 0, "case": "R8_tworoom_053b1b2f86917a1334209ecf", "arm": "REFIT_103202", "stream": "R4_ALT_CEM_1", "mode": "H_REAL3_REPLAN"}
/workspace/r10/env_old/lib/python3.12/site-packages/gymnasium/utils/passive_env_checker.py:129: UserWarning: [33mWARN: The obs returned by the `reset()` method was expecting a numpy array, actual type: <class 'torch.Tensor'>[0m
  logger.warn(
/workspace/r10/env_old/lib/python3.12/site-packages/gymnasium/spaces/box.py:415: UserWarning: [33mWARN: Casting input x to numpy array.[0m
  gym.logger.warn("Casting input x to numpy array.")
CEM solve time: 1.5788 seconds
/workspace/r10/env_old/lib/python3.12/site-packages/gymnasium/utils/passive_env_checker.py:129: UserWarning: [33mWARN: The obs returned by the `step()` method was expecting a numpy array, actual type: <class 'torch.Tensor'>[0m
  logger.warn(
/workspace/r10/env_old/lib/python3.12/site-packages/gymnasium/spaces/box.py:415: UserWarning: [33mWARN: Casting input x to numpy array.[0m
  gym.logger.warn("Casting input x to numpy array.")
/workspace/r10/env_old/lib/python3.12/site-packages/gymnasium/utils/passive_env_checker.py:129: UserWarning: [33mWARN: The obs returned by the `reset()` method was expecting a numpy array, actual type: <class 'torch.Tensor'>[0m
  logger.warn(
/workspace/r10/env_old/lib/python3.12/site-packages/gymnasium/spaces/box.py:415: UserWarning: [33mWARN: Casting input x to numpy array.[0m
  gym.logger.warn("Casting input x to numpy array.")
CEM solve time: 1.5768 seconds
/workspace/r10/env_old/lib/python3.12/site-packages/gymnasium/utils/passive_env_checker.py:129: UserWarning: [33mWARN: The obs returned by the `step()` method was expecting a numpy array, actual type: <class 'torch.Tensor'>[0m
  logger.warn(
/workspace/r10/env_old/lib/python3.12/site-packages/gymnasium/spaces/box.py:415: UserWarning: [33mWARN: Casting input x to numpy array.[0m
  gym.logger.warn("Casting input x to numpy array.")
{"completed": 102, "missing": 0, "case": "R8_tworoom_053b1b2f86917a1334209ecf", "arm": "REFIT_103202", "stream": "R4_ALT_CEM_2", "mode": "H_REAL3_REPLAN"}
/workspace/r10/env_old/lib/python3.12/site-packages/gymnasium/utils/passive_env_checker.py:129: UserWarning: [33mWARN: The obs returned by the `reset()` method was expecting a numpy array, actual type: <class 'torch.Tensor'>[0m
  logger.warn(
/workspace/r10/env_old/lib/python3.12/site-packages/gymnasium/spaces/box.py:415: UserWarning: [33mWARN: Casting input x to numpy array.[0m
  gym.logger.warn("Casting input x to numpy array.")
CEM solve time: 1.5744 seconds
/workspace/r10/env_old/lib/python3.12/site-packages/gymnasium/utils/passive_env_checker.py:129: UserWarning: [33mWARN: The obs returned by the `step()` method was expecting a numpy array, actual type: <class 'torch.Tensor'>[0m
  logger.warn(
/workspace/r10/env_old/lib/python3.12/site-packages/gymnasium/spaces/box.py:415: UserWarning: [33mWARN: Casting input x to numpy array.[0m
  gym.logger.warn("Casting input x to numpy array.")
/workspace/r10/env_old/lib/python3.12/site-packages/gymnasium/utils/passive_env_checker.py:129: UserWarning: [33mWARN: The obs returned by the `reset()` method was expecting a numpy array, actual type: <class 'torch.Tensor'>[0m
  logger.warn(
/workspace/r10/env_old/lib/python3.12/site-packages/gymnasium/spaces/box.py:415: UserWarning: [33mWARN: Casting input x to numpy array.[0m
  gym.logger.warn("Casting input x to numpy array.")
CEM solve time: 1.5978 seconds
/workspace/r10/env_old/lib/python3.12/site-packages/gymnasium/utils/passive_env_checker.py:129: UserWarning: [33mWARN: The obs returned by the `step()` method was expecting a numpy array, actual type: <class 'torch.Tensor'>[0m
  logger.warn(
/workspace/r10/env_old/lib/python3.12/site-packages/gymnasium/spaces/box.py:415: UserWarning: [33mWARN: Casting input x to numpy array.[0m
  gym.logger.warn("Casting input x to numpy array.")
{"completed": 103, "missing": 0, "case": "R8_tworoom_0587a12763b08473dc82e82c", "arm": "REFIT_103202", "stream": "R3_ORIGINAL", "mode": "H_REAL3_REPLAN"}
/workspace/r10/env_old/lib/python3.12/site-packages/gymnasium/utils/passive_env_checker.py:129: UserWarning: [33mWARN: The obs returned by the `reset()` method was expecting a numpy array, actual type: <class 'torch.Tensor'>[0m
  logger.warn(
/workspace/r10/env_old/lib/python3.12/site-packages/gymnasium/spaces/box.py:415: UserWarning: [33mWARN: Casting input x to numpy array.[0m
  gym.logger.warn("Casting input x to numpy array.")
CEM solve time: 1.5807 seconds
/workspace/r10/env_old/lib/python3.12/site-packages/gymnasium/utils/passive_env_checker.py:129: UserWarning: [33mWARN: The obs returned by the `step()` method was expecting a numpy array, actual type: <class 'torch.Tensor'>[0m
  logger.warn(
/workspace/r10/env_old/lib/python3.12/site-packages/gymnasium/spaces/box.py:415: UserWarning: [33mWARN: Casting input x to numpy array.[0m
  gym.logger.warn("Casting input x to numpy array.")
/workspace/r10/env_old/lib/python3.12/site-packages/gymnasium/utils/passive_env_checker.py:129: UserWarning: [33mWARN: The obs returned by the `reset()` method was expecting a numpy array, actual type: <class 'torch.Tensor'>[0m
  logger.warn(
/workspace/r10/env_old/lib/python3.12/site-packages/gymnasium/spaces/box.py:415: UserWarning: [33mWARN: Casting input x to numpy array.[0m
  gym.logger.warn("Casting input x to numpy array.")
CEM solve time: 1.5773 seconds
/workspace/r10/env_old/lib/python3.12/site-packages/gymnasium/utils/passive_env_checker.py:129: UserWarning: [33mWARN: The obs returned by the `step()` method was expecting a numpy array, actual type: <class 'torch.Tensor'>[0m
  logger.warn(
/workspace/r10/env_old/lib/python3.12/site-packages/gymnasium/spaces/box.py:415: UserWarning: [33mWARN: Casting input x to numpy array.[0m
  gym.logger.warn("Casting input x to numpy array.")
{"completed": 104, "missing": 0, "case": "R8_tworoom_0587a12763b08473dc82e82c", "arm": "REFIT_103202", "stream": "R4_ALT_CEM_1", "mode": "H_REAL3_REPLAN"}
/workspace/r10/env_old/lib/python3.12/site-packages/gymnasium/utils/passive_env_checker.py:129: UserWarning: [33mWARN: The obs returned by the `reset()` method was expecting a numpy array, actual type: <class 'torch.Tensor'>[0m
  logger.warn(
/workspace/r10/env_old/lib/python3.12/site-packages/gymnasium/spaces/box.py:415: UserWarning: [33mWARN: Casting input x to numpy array.[0m
  gym.logger.warn("Casting input x to numpy array.")
CEM solve time: 1.5921 seconds
/workspace/r10/env_old/lib/python3.12/site-packages/gymnasium/utils/passive_env_checker.py:129: UserWarning: [33mWARN: The obs returned by the `step()` method was expecting a numpy array, actual type: <class 'torch.Tensor'>[0m
  logger.warn(
/workspace/r10/env_old/lib/python3.12/site-packages/gymnasium/spaces/box.py:415: UserWarning: [33mWARN: Casting input x to numpy array.[0m
  gym.logger.warn("Casting input x to numpy array.")
/workspace/r10/env_old/lib/python3.12/site-packages/gymnasium/utils/passive_env_checker.py:129: UserWarning: [33mWARN: The obs returned by the `reset()` method was expecting a numpy array, actual type: <class 'torch.Tensor'>[0m
  logger.warn(
CEM solve time: 1.5724 seconds
/workspace/r10/env_old/lib/python3.12/site-packages/gymnasium/utils/passive_env_checker.py:129: UserWarning: [33mWARN: The obs returned by the `step()` method was expecting a numpy array, actual type: <class 'torch.Tensor'>[0m
  logger.warn(
/workspace/r10/env_old/lib/python3.12/site-packages/gymnasium/spaces/box.py:415: UserWarning: [33mWARN: Casting input x to numpy array.[0m
  gym.logger.warn("Casting input x to numpy array.")
{"completed": 105, "missing": 0, "case": "R8_tworoom_0587a12763b08473dc82e82c", "arm": "REFIT_103202", "stream": "R4_ALT_CEM_2", "mode": "H_REAL3_REPLAN"}
/workspace/r10/env_old/lib/python3.12/site-packages/gymnasium/utils/passive_env_checker.py:129: UserWarning: [33mWARN: The obs returned by the `reset()` method was expecting a numpy array, actual type: <class 'torch.Tensor'>[0m
  logger.warn(
CEM solve time: 1.5734 seconds
/workspace/r10/env_old/lib/python3.12/site-packages/gymnasium/utils/passive_env_checker.py:129: UserWarning: [33mWARN: The obs returned by the `step()` method was expecting a numpy array, actual type: <class 'torch.Tensor'>[0m
  logger.warn(
/workspace/r10/env_old/lib/python3.12/site-packages/gymnasium/spaces/box.py:415: UserWarning: [33mWARN: Casting input x to numpy array.[0m
  gym.logger.warn("Casting input x to numpy array.")
/workspace/r10/env_old/lib/python3.12/site-packages/gymnasium/utils/passive_env_checker.py:129: UserWarning: [33mWARN: The obs returned by the `reset()` method was expecting a numpy array, actual type: <class 'torch.Tensor'>[0m
  logger.warn(
/workspace/r10/env_old/lib/python3.12/site-packages/gymnasium/spaces/box.py:415: UserWarning: [33mWARN: Casting input x to numpy array.[0m
  gym.logger.warn("Casting input x to numpy array.")
CEM solve time: 1.5928 seconds
/workspace/r10/env_old/lib/python3.12/site-packages/gymnasium/utils/passive_env_checker.py:129: UserWarning: [33mWARN: The obs returned by the `step()` method was expecting a numpy array, actual type: <class 'torch.Tensor'>[0m
  logger.warn(
/workspace/r10/env_old/lib/python3.12/site-packages/gymnasium/spaces/box.py:415: UserWarning: [33mWARN: Casting input x to numpy array.[0m
  gym.logger.warn("Casting input x to numpy array.")
{"completed": 106, "missing": 0, "case": "R8_tworoom_069900f89528319b9ee417da", "arm": "REFIT_103202", "stream": "R3_ORIGINAL", "mode": "H_REAL3_REPLAN"}
/workspace/r10/env_old/lib/python3.12/site-packages/gymnasium/utils/passive_env_checker.py:129: UserWarning: [33mWARN: The obs returned by the `reset()` method was expecting a numpy array, actual type: <class 'torch.Tensor'>[0m
  logger.warn(
/workspace/r10/env_old/lib/python3.12/site-packages/gymnasium/spaces/box.py:415: UserWarning: [33mWARN: Casting input x to numpy array.[0m
  gym.logger.warn("Casting input x to numpy array.")
CEM solve time: 1.5808 seconds
/workspace/r10/env_old/lib/python3.12/site-packages/gymnasium/utils/passive_env_checker.py:129: UserWarning: [33mWARN: The obs returned by the `step()` method was expecting a numpy array, actual type: <class 'torch.Tensor'>[0m
  logger.warn(
/workspace/r10/env_old/lib/python3.12/site-packages/gymnasium/spaces/box.py:415: UserWarning: [33mWARN: Casting input x to numpy array.[0m
  gym.logger.warn("Casting input x to numpy array.")
/workspace/r10/env_old/lib/python3.12/site-packages/gymnasium/utils/passive_env_checker.py:129: UserWarning: [33mWARN: The obs returned by the `reset()` method was expecting a numpy array, actual type: <class 'torch.Tensor'>[0m
  logger.warn(
/workspace/r10/env_old/lib/python3.12/site-packages/gymnasium/spaces/box.py:415: UserWarning: [33mWARN: Casting input x to numpy array.[0m
  gym.logger.warn("Casting input x to numpy array.")
CEM solve time: 1.5814 seconds
/workspace/r10/env_old/lib/python3.12/site-packages/gymnasium/utils/passive_env_checker.py:129: UserWarning: [33mWARN: The obs returned by the `step()` method was expecting a numpy array, actual type: <class 'torch.Tensor'>[0m
  logger.warn(
/workspace/r10/env_old/lib/python3.12/site-packages/gymnasium/spaces/box.py:415: UserWarning: [33mWARN: Casting input x to numpy array.[0m
  gym.logger.warn("Casting input x to numpy array.")
{"completed": 107, "missing": 0, "case": "R8_tworoom_069900f89528319b9ee417da", "arm": "REFIT_103202", "stream": "R4_ALT_CEM_1", "mode": "H_REAL3_REPLAN"}
/workspace/r10/env_old/lib/python3.12/site-packages/gymnasium/utils/passive_env_checker.py:129: UserWarning: [33mWARN: The obs returned by the `reset()` method was expecting a numpy array, actual type: <class 'torch.Tensor'>[0m
  logger.warn(
/workspace/r10/env_old/lib/python3.12/site-packages/gymnasium/spaces/box.py:415: UserWarning: [33mWARN: Casting input x to numpy array.[0m
  gym.logger.warn("Casting input x to numpy array.")
CEM solve time: 1.5765 seconds
/workspace/r10/env_old/lib/python3.12/site-packages/gymnasium/utils/passive_env_checker.py:129: UserWarning: [33mWARN: The obs returned by the `step()` method was expecting a numpy array, actual type: <class 'torch.Tensor'>[0m
  logger.warn(
/workspace/r10/env_old/lib/python3.12/site-packages/gymnasium/spaces/box.py:415: UserWarning: [33mWARN: Casting input x to numpy array.[0m
  gym.logger.warn("Casting input x to numpy array.")
/workspace/r10/env_old/lib/python3.12/site-packages/gymnasium/utils/passive_env_checker.py:129: UserWarning: [33mWARN: The obs returned by the `reset()` method was expecting a numpy array, actual type: <class 'torch.Tensor'>[0m
  logger.warn(
/workspace/r10/env_old/lib/python3.12/site-packages/gymnasium/spaces/box.py:415: UserWarning: [33mWARN: Casting input x to numpy array.[0m
  gym.logger.warn("Casting input x to numpy array.")
CEM solve time: 1.6229 seconds
/workspace/r10/env_old/lib/python3.12/site-packages/gymnasium/utils/passive_env_checker.py:129: UserWarning: [33mWARN: The obs returned by the `step()` method was expecting a numpy array, actual type: <class 'torch.Tensor'>[0m
  logger.warn(
/workspace/r10/env_old/lib/python3.12/site-packages/gymnasium/spaces/box.py:415: UserWarning: [33mWARN: Casting input x to numpy array.[0m
  gym.logger.warn("Casting input x to numpy array.")
{"completed": 108, "missing": 0, "case": "R8_tworoom_069900f89528319b9ee417da", "arm": "REFIT_103202", "stream": "R4_ALT_CEM_2", "mode": "H_REAL3_REPLAN"}
/workspace/r10/env_old/lib/python3.12/site-packages/gymnasium/utils/passive_env_checker.py:129: UserWarning: [33mWARN: The obs returned by the `reset()` method was expecting a numpy array, actual type: <class 'torch.Tensor'>[0m
  logger.warn(
/workspace/r10/env_old/lib/python3.12/site-packages/gymnasium/spaces/box.py:415: UserWarning: [33mWARN: Casting input x to numpy array.[0m
  gym.logger.warn("Casting input x to numpy array.")
CEM solve time: 1.5805 seconds
/workspace/r10/env_old/lib/python3.12/site-packages/gymnasium/utils/passive_env_checker.py:129: UserWarning: [33mWARN: The obs returned by the `step()` method was expecting a numpy array, actual type: <class 'torch.Tensor'>[0m
  logger.warn(
/workspace/r10/env_old/lib/python3.12/site-packages/gymnasium/spaces/box.py:415: UserWarning: [33mWARN: Casting input x to numpy array.[0m
  gym.logger.warn("Casting input x to numpy array.")
/workspace/r10/env_old/lib/python3.12/site-packages/gymnasium/utils/passive_env_checker.py:129: UserWarning: [33mWARN: The obs returned by the `reset()` method was expecting a numpy array, actual type: <class 'torch.Tensor'>[0m
  logger.warn(
/workspace/r10/env_old/lib/python3.12/site-packages/gymnasium/spaces/box.py:415: UserWarning: [33mWARN: Casting input x to numpy array.[0m
  gym.logger.warn("Casting input x to numpy array.")
CEM solve time: 1.5840 seconds
/workspace/r10/env_old/lib/python3.12/site-packages/gymnasium/utils/passive_env_checker.py:129: UserWarning: [33mWARN: The obs returned by the `step()` method was expecting a numpy array, actual type: <class 'torch.Tensor'>[0m
  logger.warn(
/workspace/r10/env_old/lib/python3.12/site-packages/gymnasium/spaces/box.py:415: UserWarning: [33mWARN: Casting input x to numpy array.[0m
  gym.logger.warn("Casting input x to numpy array.")
{"completed": 109, "missing": 0, "case": "R8_tworoom_0764579b0e8192142a2aa0dd", "arm": "REFIT_103202", "stream": "R3_ORIGINAL", "mode": "H_REAL3_REPLAN"}
/workspace/r10/env_old/lib/python3.12/site-packages/gymnasium/utils/passive_env_checker.py:129: UserWarning: [33mWARN: The obs returned by the `reset()` method was expecting a numpy array, actual type: <class 'torch.Tensor'>[0m
  logger.warn(
/workspace/r10/env_old/lib/python3.12/site-packages/gymnasium/spaces/box.py:415: UserWarning: [33mWARN: Casting input x to numpy array.[0m
  gym.logger.warn("Casting input x to numpy array.")
CEM solve time: 1.6412 seconds
/workspace/r10/env_old/lib/python3.12/site-packages/gymnasium/utils/passive_env_checker.py:129: UserWarning: [33mWARN: The obs returned by the `step()` method was expecting a numpy array, actual type: <class 'torch.Tensor'>[0m
  logger.warn(
/workspace/r10/env_old/lib/python3.12/site-packages/gymnasium/spaces/box.py:415: UserWarning: [33mWARN: Casting input x to numpy array.[0m
  gym.logger.warn("Casting input x to numpy array.")
/workspace/r10/env_old/lib/python3.12/site-packages/gymnasium/utils/passive_env_checker.py:129: UserWarning: [33mWARN: The obs returned by the `reset()` method was expecting a numpy array, actual type: <class 'torch.Tensor'>[0m
  logger.warn(
/workspace/r10/env_old/lib/python3.12/site-packages/gymnasium/spaces/box.py:415: UserWarning: [33mWARN: Casting input x to numpy array.[0m
  gym.logger.warn("Casting input x to numpy array.")
CEM solve time: 1.5811 seconds
/workspace/r10/env_old/lib/python3.12/site-packages/gymnasium/utils/passive_env_checker.py:129: UserWarning: [33mWARN: The obs returned by the `step()` method was expecting a numpy array, actual type: <class 'torch.Tensor'>[0m
  logger.warn(
/workspace/r10/env_old/lib/python3.12/site-packages/gymnasium/spaces/box.py:415: UserWarning: [33mWARN: Casting input x to numpy array.[0m
  gym.logger.warn("Casting input x to numpy array.")
{"completed": 110, "missing": 0, "case": "R8_tworoom_0764579b0e8192142a2aa0dd", "arm": "REFIT_103202", "stream": "R4_ALT_CEM_1", "mode": "H_REAL3_REPLAN"}
/workspace/r10/env_old/lib/python3.12/site-packages/gymnasium/utils/passive_env_checker.py:129: UserWarning: [33mWARN: The obs returned by the `reset()` method was expecting a numpy array, actual type: <class 'torch.Tensor'>[0m
  logger.warn(
/workspace/r10/env_old/lib/python3.12/site-packages/gymnasium/spaces/box.py:415: UserWarning: [33mWARN: Casting input x to numpy array.[0m
  gym.logger.warn("Casting input x to numpy array.")
CEM solve time: 1.5876 seconds
/workspace/r10/env_old/lib/python3.12/site-packages/gymnasium/utils/passive_env_checker.py:129: UserWarning: [33mWARN: The obs returned by the `step()` method was expecting a numpy array, actual type: <class 'torch.Tensor'>[0m
  logger.warn(
/workspace/r10/env_old/lib/python3.12/site-packages/gymnasium/spaces/box.py:415: UserWarning: [33mWARN: Casting input x to numpy array.[0m
  gym.logger.warn("Casting input x to numpy array.")
/workspace/r10/env_old/lib/python3.12/site-packages/gymnasium/utils/passive_env_checker.py:129: UserWarning: [33mWARN: The obs returned by the `reset()` method was expecting a numpy array, actual type: <class 'torch.Tensor'>[0m
  logger.warn(
/workspace/r10/env_old/lib/python3.12/site-packages/gymnasium/spaces/box.py:415: UserWarning: [33mWARN: Casting input x to numpy array.[0m
  gym.logger.warn("Casting input x to numpy array.")
CEM solve time: 1.5940 seconds
/workspace/r10/env_old/lib/python3.12/site-packages/gymnasium/utils/passive_env_checker.py:129: UserWarning: [33mWARN: The obs returned by the `step()` method was expecting a numpy array, actual type: <class 'torch.Tensor'>[0m
  logger.warn(
/workspace/r10/env_old/lib/python3.12/site-packages/gymnasium/spaces/box.py:415: UserWarning: [33mWARN: Casting input x to numpy array.[0m
  gym.logger.warn("Casting input x to numpy array.")
{"completed": 111, "missing": 0, "case": "R8_tworoom_0764579b0e8192142a2aa0dd", "arm": "REFIT_103202", "stream": "R4_ALT_CEM_2", "mode": "H_REAL3_REPLAN"}
/workspace/r10/env_old/lib/python3.12/site-packages/gymnasium/utils/passive_env_checker.py:129: UserWarning: [33mWARN: The obs returned by the `reset()` method was expecting a numpy array, actual type: <class 'torch.Tensor'>[0m
  logger.warn(
/workspace/r10/env_old/lib/python3.12/site-packages/gymnasium/spaces/box.py:415: UserWarning: [33mWARN: Casting input x to numpy array.[0m
  gym.logger.warn("Casting input x to numpy array.")
CEM solve time: 1.5915 seconds
/workspace/r10/env_old/lib/python3.12/site-packages/gymnasium/utils/passive_env_checker.py:129: UserWarning: [33mWARN: The obs returned by the `step()` method was expecting a numpy array, actual type: <class 'torch.Tensor'>[0m
  logger.warn(
/workspace/r10/env_old/lib/python3.12/site-packages/gymnasium/spaces/box.py:415: UserWarning: [33mWARN: Casting input x to numpy array.[0m
  gym.logger.warn("Casting input x to numpy array.")
/workspace/r10/env_old/lib/python3.12/site-packages/gymnasium/utils/passive_env_checker.py:129: UserWarning: [33mWARN: The obs returned by the `reset()` method was expecting a numpy array, actual type: <class 'torch.Tensor'>[0m
  logger.warn(
/workspace/r10/env_old/lib/python3.12/site-packages/gymnasium/spaces/box.py:415: UserWarning: [33mWARN: Casting input x to numpy array.[0m
  gym.logger.warn("Casting input x to numpy array.")
CEM solve time: 1.5821 seconds
/workspace/r10/env_old/lib/python3.12/site-packages/gymnasium/utils/passive_env_checker.py:129: UserWarning: [33mWARN: The obs returned by the `step()` method was expecting a numpy array, actual type: <class 'torch.Tensor'>[0m
  logger.warn(
/workspace/r10/env_old/lib/python3.12/site-packages/gymnasium/spaces/box.py:415: UserWarning: [33mWARN: Casting input x to numpy array.[0m
  gym.logger.warn("Casting input x to numpy array.")
{"completed": 112, "missing": 0, "case": "R8_tworoom_07e4dcb9572ac581baac5ea3", "arm": "REFIT_103202", "stream": "R3_ORIGINAL", "mode": "H_REAL3_REPLAN"}
/workspace/r10/env_old/lib/python3.12/site-packages/gymnasium/utils/passive_env_checker.py:129: UserWarning: [33mWARN: The obs returned by the `reset()` method was expecting a numpy array, actual type: <class 'torch.Tensor'>[0m
  logger.warn(
/workspace/r10/env_old/lib/python3.12/site-packages/gymnasium/spaces/box.py:415: UserWarning: [33mWARN: Casting input x to numpy array.[0m
  gym.logger.warn("Casting input x to numpy array.")
CEM solve time: 1.6003 seconds
/workspace/r10/env_old/lib/python3.12/site-packages/gymnasium/utils/passive_env_checker.py:129: UserWarning: [33mWARN: The obs returned by the `step()` method was expecting a numpy array, actual type: <class 'torch.Tensor'>[0m
  logger.warn(
/workspace/r10/env_old/lib/python3.12/site-packages/gymnasium/spaces/box.py:415: UserWarning: [33mWARN: Casting input x to numpy array.[0m
  gym.logger.warn("Casting input x to numpy array.")
/workspace/r10/env_old/lib/python3.12/site-packages/gymnasium/utils/passive_env_checker.py:129: UserWarning: [33mWARN: The obs returned by the `reset()` method was expecting a numpy array, actual type: <class 'torch.Tensor'>[0m
  logger.warn(
/workspace/r10/env_old/lib/python3.12/site-packages/gymnasium/spaces/box.py:415: UserWarning: [33mWARN: Casting input x to numpy array.[0m
  gym.logger.warn("Casting input x to numpy array.")
CEM solve time: 1.5760 seconds
/workspace/r10/env_old/lib/python3.12/site-packages/gymnasium/utils/passive_env_checker.py:129: UserWarning: [33mWARN: The obs returned by the `step()` method was expecting a numpy array, actual type: <class 'torch.Tensor'>[0m
  logger.warn(
/workspace/r10/env_old/lib/python3.12/site-packages/gymnasium/spaces/box.py:415: UserWarning: [33mWARN: Casting input x to numpy array.[0m
  gym.logger.warn("Casting input x to numpy array.")
{"completed": 113, "missing": 0, "case": "R8_tworoom_07e4dcb9572ac581baac5ea3", "arm": "REFIT_103202", "stream": "R4_ALT_CEM_1", "mode": "H_REAL3_REPLAN"}
/workspace/r10/env_old/lib/python3.12/site-packages/gymnasium/utils/passive_env_checker.py:129: UserWarning: [33mWARN: The obs returned by the `reset()` method was expecting a numpy array, actual type: <class 'torch.Tensor'>[0m
  logger.warn(
/workspace/r10/env_old/lib/python3.12/site-packages/gymnasium/spaces/box.py:415: UserWarning: [33mWARN: Casting input x to numpy array.[0m
  gym.logger.warn("Casting input x to numpy array.")
CEM solve time: 1.5726 seconds
/workspace/r10/env_old/lib/python3.12/site-packages/gymnasium/utils/passive_env_checker.py:129: UserWarning: [33mWARN: The obs returned by the `step()` method was expecting a numpy array, actual type: <class 'torch.Tensor'>[0m
  logger.warn(
/workspace/r10/env_old/lib/python3.12/site-packages/gymnasium/spaces/box.py:415: UserWarning: [33mWARN: Casting input x to numpy array.[0m
  gym.logger.warn("Casting input x to numpy array.")
/workspace/r10/env_old/lib/python3.12/site-packages/gymnasium/utils/passive_env_checker.py:129: UserWarning: [33mWARN: The obs returned by the `reset()` method was expecting a numpy array, actual type: <class 'torch.Tensor'>[0m
  logger.warn(
/workspace/r10/env_old/lib/python3.12/site-packages/gymnasium/spaces/box.py:415: UserWarning: [33mWARN: Casting input x to numpy array.[0m
  gym.logger.warn("Casting input x to numpy array.")
CEM solve time: 1.5790 seconds
/workspace/r10/env_old/lib/python3.12/site-packages/gymnasium/utils/passive_env_checker.py:129: UserWarning: [33mWARN: The obs returned by the `step()` method was expecting a numpy array, actual type: <class 'torch.Tensor'>[0m
  logger.warn(
/workspace/r10/env_old/lib/python3.12/site-packages/gymnasium/spaces/box.py:415: UserWarning: [33mWARN: Casting input x to numpy array.[0m
  gym.logger.warn("Casting input x to numpy array.")
{"completed": 114, "missing": 0, "case": "R8_tworoom_07e4dcb9572ac581baac5ea3", "arm": "REFIT_103202", "stream": "R4_ALT_CEM_2", "mode": "H_REAL3_REPLAN"}
/workspace/r10/env_old/lib/python3.12/site-packages/gymnasium/utils/passive_env_checker.py:129: UserWarning: [33mWARN: The obs returned by the `reset()` method was expecting a numpy array, actual type: <class 'torch.Tensor'>[0m
  logger.warn(
/workspace/r10/env_old/lib/python3.12/site-packages/gymnasium/spaces/box.py:415: UserWarning: [33mWARN: Casting input x to numpy array.[0m
  gym.logger.warn("Casting input x to numpy array.")
CEM solve time: 1.5742 seconds
/workspace/r10/env_old/lib/python3.12/site-packages/gymnasium/utils/passive_env_checker.py:129: UserWarning: [33mWARN: The obs returned by the `step()` method was expecting a numpy array, actual type: <class 'torch.Tensor'>[0m
  logger.warn(
/workspace/r10/env_old/lib/python3.12/site-packages/gymnasium/spaces/box.py:415: UserWarning: [33mWARN: Casting input x to numpy array.[0m
  gym.logger.warn("Casting input x to numpy array.")
/workspace/r10/env_old/lib/python3.12/site-packages/gymnasium/utils/passive_env_checker.py:129: UserWarning: [33mWARN: The obs returned by the `reset()` method was expecting a numpy array, actual type: <class 'torch.Tensor'>[0m
  logger.warn(
/workspace/r10/env_old/lib/python3.12/site-packages/gymnasium/spaces/box.py:415: UserWarning: [33mWARN: Casting input x to numpy array.[0m
  gym.logger.warn("Casting input x to numpy array.")
CEM solve time: 1.5800 seconds
/workspace/r10/env_old/lib/python3.12/site-packages/gymnasium/utils/passive_env_checker.py:129: UserWarning: [33mWARN: The obs returned by the `step()` method was expecting a numpy array, actual type: <class 'torch.Tensor'>[0m
  logger.warn(
/workspace/r10/env_old/lib/python3.12/site-packages/gymnasium/spaces/box.py:415: UserWarning: [33mWARN: Casting input x to numpy array.[0m
  gym.logger.warn("Casting input x to numpy array.")
{"completed": 115, "missing": 0, "case": "R8_tworoom_08aaa113960a522f6e8577dd", "arm": "REFIT_103202", "stream": "R3_ORIGINAL", "mode": "H_REAL3_REPLAN"}
/workspace/r10/env_old/lib/python3.12/site-packages/gymnasium/utils/passive_env_checker.py:129: UserWarning: [33mWARN: The obs returned by the `reset()` method was expecting a numpy array, actual type: <class 'torch.Tensor'>[0m
  logger.warn(
/workspace/r10/env_old/lib/python3.12/site-packages/gymnasium/spaces/box.py:415: UserWarning: [33mWARN: Casting input x to numpy array.[0m
  gym.logger.warn("Casting input x to numpy array.")
CEM solve time: 1.5788 seconds
/workspace/r10/env_old/lib/python3.12/site-packages/gymnasium/utils/passive_env_checker.py:129: UserWarning: [33mWARN: The obs returned by the `step()` method was expecting a numpy array, actual type: <class 'torch.Tensor'>[0m
  logger.warn(
/workspace/r10/env_old/lib/python3.12/site-packages/gymnasium/spaces/box.py:415: UserWarning: [33mWARN: Casting input x to numpy array.[0m
  gym.logger.warn("Casting input x to numpy array.")
/workspace/r10/env_old/lib/python3.12/site-packages/gymnasium/utils/passive_env_checker.py:129: UserWarning: [33mWARN: The obs returned by the `reset()` method was expecting a numpy array, actual type: <class 'torch.Tensor'>[0m
  logger.warn(
/workspace/r10/env_old/lib/python3.12/site-packages/gymnasium/spaces/box.py:415: UserWarning: [33mWARN: Casting input x to numpy array.[0m
  gym.logger.warn("Casting input x to numpy array.")
CEM solve time: 1.5757 seconds
/workspace/r10/env_old/lib/python3.12/site-packages/gymnasium/utils/passive_env_checker.py:129: UserWarning: [33mWARN: The obs returned by the `step()` method was expecting a numpy array, actual type: <class 'torch.Tensor'>[0m
  logger.warn(
/workspace/r10/env_old/lib/python3.12/site-packages/gymnasium/spaces/box.py:415: UserWarning: [33mWARN: Casting input x to numpy array.[0m
  gym.logger.warn("Casting input x to numpy array.")
{"completed": 116, "missing": 0, "case": "R8_tworoom_08aaa113960a522f6e8577dd", "arm": "REFIT_103202", "stream": "R4_ALT_CEM_1", "mode": "H_REAL3_REPLAN"}
/workspace/r10/env_old/lib/python3.12/site-packages/gymnasium/utils/passive_env_checker.py:129: UserWarning: [33mWARN: The obs returned by the `reset()` method was expecting a numpy array, actual type: <class 'torch.Tensor'>[0m
  logger.warn(
/workspace/r10/env_old/lib/python3.12/site-packages/gymnasium/spaces/box.py:415: UserWarning: [33mWARN: Casting input x to numpy array.[0m
  gym.logger.warn("Casting input x to numpy array.")
CEM solve time: 1.5801 seconds
/workspace/r10/env_old/lib/python3.12/site-packages/gymnasium/utils/passive_env_checker.py:129: UserWarning: [33mWARN: The obs returned by the `step()` method was expecting a numpy array, actual type: <class 'torch.Tensor'>[0m
  logger.warn(
/workspace/r10/env_old/lib/python3.12/site-packages/gymnasium/spaces/box.py:415: UserWarning: [33mWARN: Casting input x to numpy array.[0m
  gym.logger.warn("Casting input x to numpy array.")
/workspace/r10/env_old/lib/python3.12/site-packages/gymnasium/utils/passive_env_checker.py:129: UserWarning: [33mWARN: The obs returned by the `reset()` method was expecting a numpy array, actual type: <class 'torch.Tensor'>[0m
  logger.warn(
/workspace/r10/env_old/lib/python3.12/site-packages/gymnasium/spaces/box.py:415: UserWarning: [33mWARN: Casting input x to numpy array.[0m
  gym.logger.warn("Casting input x to numpy array.")
CEM solve time: 1.5698 seconds
/workspace/r10/env_old/lib/python3.12/site-packages/gymnasium/utils/passive_env_checker.py:129: UserWarning: [33mWARN: The obs returned by the `step()` method was expecting a numpy array, actual type: <class 'torch.Tensor'>[0m
  logger.warn(
/workspace/r10/env_old/lib/python3.12/site-packages/gymnasium/spaces/box.py:415: UserWarning: [33mWARN: Casting input x to numpy array.[0m
  gym.logger.warn("Casting input x to numpy array.")
{"completed": 117, "missing": 0, "case": "R8_tworoom_08aaa113960a522f6e8577dd", "arm": "REFIT_103202", "stream": "R4_ALT_CEM_2", "mode": "H_REAL3_REPLAN"}
/workspace/r10/env_old/lib/python3.12/site-packages/gymnasium/utils/passive_env_checker.py:129: UserWarning: [33mWARN: The obs returned by the `reset()` method was expecting a numpy array, actual type: <class 'torch.Tensor'>[0m
  logger.warn(
/workspace/r10/env_old/lib/python3.12/site-packages/gymnasium/spaces/box.py:415: UserWarning: [33mWARN: Casting input x to numpy array.[0m
  gym.logger.warn("Casting input x to numpy array.")
CEM solve time: 1.5804 seconds
/workspace/r10/env_old/lib/python3.12/site-packages/gymnasium/utils/passive_env_checker.py:129: UserWarning: [33mWARN: The obs returned by the `step()` method was expecting a numpy array, actual type: <class 'torch.Tensor'>[0m
  logger.warn(
/workspace/r10/env_old/lib/python3.12/site-packages/gymnasium/spaces/box.py:415: UserWarning: [33mWARN: Casting input x to numpy array.[0m
  gym.logger.warn("Casting input x to numpy array.")
/workspace/r10/env_old/lib/python3.12/site-packages/gymnasium/utils/passive_env_checker.py:129: UserWarning: [33mWARN: The obs returned by the `reset()` method was expecting a numpy array, actual type: <class 'torch.Tensor'>[0m
  logger.warn(
/workspace/r10/env_old/lib/python3.12/site-packages/gymnasium/spaces/box.py:415: UserWarning: [33mWARN: Casting input x to numpy array.[0m
  gym.logger.warn("Casting input x to numpy array.")
CEM solve time: 1.5987 seconds
/workspace/r10/env_old/lib/python3.12/site-packages/gymnasium/utils/passive_env_checker.py:129: UserWarning: [33mWARN: The obs returned by the `step()` method was expecting a numpy array, actual type: <class 'torch.Tensor'>[0m
  logger.warn(
/workspace/r10/env_old/lib/python3.12/site-packages/gymnasium/spaces/box.py:415: UserWarning: [33mWARN: Casting input x to numpy array.[0m
  gym.logger.warn("Casting input x to numpy array.")
{"completed": 118, "missing": 0, "case": "R8_tworoom_003c28579b58245c0c254088", "arm": "REFIT_103203", "stream": "R3_ORIGINAL", "mode": "H_REAL3_REPLAN"}
/workspace/r10/env_old/lib/python3.12/site-packages/gymnasium/utils/passive_env_checker.py:129: UserWarning: [33mWARN: The obs returned by the `reset()` method was expecting a numpy array, actual type: <class 'torch.Tensor'>[0m
  logger.warn(
/workspace/r10/env_old/lib/python3.12/site-packages/gymnasium/spaces/box.py:415: UserWarning: [33mWARN: Casting input x to numpy array.[0m
  gym.logger.warn("Casting input x to numpy array.")
CEM solve time: 1.5946 seconds
/workspace/r10/env_old/lib/python3.12/site-packages/gymnasium/utils/passive_env_checker.py:129: UserWarning: [33mWARN: The obs returned by the `step()` method was expecting a numpy array, actual type: <class 'torch.Tensor'>[0m
  logger.warn(
/workspace/r10/env_old/lib/python3.12/site-packages/gymnasium/spaces/box.py:415: UserWarning: [33mWARN: Casting input x to numpy array.[0m
  gym.logger.warn("Casting input x to numpy array.")
/workspace/r10/env_old/lib/python3.12/site-packages/gymnasium/utils/passive_env_checker.py:129: UserWarning: [33mWARN: The obs returned by the `reset()` method was expecting a numpy array, actual type: <class 'torch.Tensor'>[0m
  logger.warn(
/workspace/r10/env_old/lib/python3.12/site-packages/gymnasium/spaces/box.py:415: UserWarning: [33mWARN: Casting input x to numpy array.[0m
  gym.logger.warn("Casting input x to numpy array.")
CEM solve time: 1.5800 seconds
/workspace/r10/env_old/lib/python3.12/site-packages/gymnasium/utils/passive_env_checker.py:129: UserWarning: [33mWARN: The obs returned by the `step()` method was expecting a numpy array, actual type: <class 'torch.Tensor'>[0m
  logger.warn(
/workspace/r10/env_old/lib/python3.12/site-packages/gymnasium/spaces/box.py:415: UserWarning: [33mWARN: Casting input x to numpy array.[0m
  gym.logger.warn("Casting input x to numpy array.")
{"completed": 119, "missing": 0, "case": "R8_tworoom_003c28579b58245c0c254088", "arm": "REFIT_103203", "stream": "R4_ALT_CEM_1", "mode": "H_REAL3_REPLAN"}
/workspace/r10/env_old/lib/python3.12/site-packages/gymnasium/utils/passive_env_checker.py:129: UserWarning: [33mWARN: The obs returned by the `reset()` method was expecting a numpy array, actual type: <class 'torch.Tensor'>[0m
  logger.warn(
/workspace/r10/env_old/lib/python3.12/site-packages/gymnasium/spaces/box.py:415: UserWarning: [33mWARN: Casting input x to numpy array.[0m
  gym.logger.warn("Casting input x to numpy array.")
CEM solve time: 1.5774 seconds
/workspace/r10/env_old/lib/python3.12/site-packages/gymnasium/utils/passive_env_checker.py:129: UserWarning: [33mWARN: The obs returned by the `step()` method was expecting a numpy array, actual type: <class 'torch.Tensor'>[0m
  logger.warn(
/workspace/r10/env_old/lib/python3.12/site-packages/gymnasium/spaces/box.py:415: UserWarning: [33mWARN: Casting input x to numpy array.[0m
  gym.logger.warn("Casting input x to numpy array.")
/workspace/r10/env_old/lib/python3.12/site-packages/gymnasium/utils/passive_env_checker.py:129: UserWarning: [33mWARN: The obs returned by the `reset()` method was expecting a numpy array, actual type: <class 'torch.Tensor'>[0m
  logger.warn(
/workspace/r10/env_old/lib/python3.12/site-packages/gymnasium/spaces/box.py:415: UserWarning: [33mWARN: Casting input x to numpy array.[0m
  gym.logger.warn("Casting input x to numpy array.")
CEM solve time: 1.5777 seconds
/workspace/r10/env_old/lib/python3.12/site-packages/gymnasium/utils/passive_env_checker.py:129: UserWarning: [33mWARN: The obs returned by the `step()` method was expecting a numpy array, actual type: <class 'torch.Tensor'>[0m
  logger.warn(
/workspace/r10/env_old/lib/python3.12/site-packages/gymnasium/spaces/box.py:415: UserWarning: [33mWARN: Casting input x to numpy array.[0m
  gym.logger.warn("Casting input x to numpy array.")
{"completed": 120, "missing": 0, "case": "R8_tworoom_003c28579b58245c0c254088", "arm": "REFIT_103203", "stream": "R4_ALT_CEM_2", "mode": "H_REAL3_REPLAN"}
/workspace/r10/env_old/lib/python3.12/site-packages/gymnasium/utils/passive_env_checker.py:129: UserWarning: [33mWARN: The obs returned by the `reset()` method was expecting a numpy array, actual type: <class 'torch.Tensor'>[0m
  logger.warn(
/workspace/r10/env_old/lib/python3.12/site-packages/gymnasium/spaces/box.py:415: UserWarning: [33mWARN: Casting input x to numpy array.[0m
  gym.logger.warn("Casting input x to numpy array.")
CEM solve time: 1.5812 seconds
/workspace/r10/env_old/lib/python3.12/site-packages/gymnasium/utils/passive_env_checker.py:129: UserWarning: [33mWARN: The obs returned by the `step()` method was expecting a numpy array, actual type: <class 'torch.Tensor'>[0m
  logger.warn(
/workspace/r10/env_old/lib/python3.12/site-packages/gymnasium/spaces/box.py:415: UserWarning: [33mWARN: Casting input x to numpy array.[0m
  gym.logger.warn("Casting input x to numpy array.")
/workspace/r10/env_old/lib/python3.12/site-packages/gymnasium/utils/passive_env_checker.py:129: UserWarning: [33mWARN: The obs returned by the `reset()` method was expecting a numpy array, actual type: <class 'torch.Tensor'>[0m
  logger.warn(
/workspace/r10/env_old/lib/python3.12/site-packages/gymnasium/spaces/box.py:415: UserWarning: [33mWARN: Casting input x to numpy array.[0m
  gym.logger.warn("Casting input x to numpy array.")
CEM solve time: 1.5774 seconds
/workspace/r10/env_old/lib/python3.12/site-packages/gymnasium/utils/passive_env_checker.py:129: UserWarning: [33mWARN: The obs returned by the `step()` method was expecting a numpy array, actual type: <class 'torch.Tensor'>[0m
  logger.warn(
/workspace/r10/env_old/lib/python3.12/site-packages/gymnasium/spaces/box.py:415: UserWarning: [33mWARN: Casting input x to numpy array.[0m
  gym.logger.warn("Casting input x to numpy array.")
{"completed": 121, "missing": 0, "case": "R8_tworoom_01318120cf0b720a19bef43c", "arm": "REFIT_103203", "stream": "R3_ORIGINAL", "mode": "H_REAL3_REPLAN"}
/workspace/r10/env_old/lib/python3.12/site-packages/gymnasium/utils/passive_env_checker.py:129: UserWarning: [33mWARN: The obs returned by the `reset()` method was expecting a numpy array, actual type: <class 'torch.Tensor'>[0m
  logger.warn(
/workspace/r10/env_old/lib/python3.12/site-packages/gymnasium/spaces/box.py:415: UserWarning: [33mWARN: Casting input x to numpy array.[0m
  gym.logger.warn("Casting input x to numpy array.")
CEM solve time: 1.5747 seconds
/workspace/r10/env_old/lib/python3.12/site-packages/gymnasium/utils/passive_env_checker.py:129: UserWarning: [33mWARN: The obs returned by the `step()` method was expecting a numpy array, actual type: <class 'torch.Tensor'>[0m
  logger.warn(
/workspace/r10/env_old/lib/python3.12/site-packages/gymnasium/spaces/box.py:415: UserWarning: [33mWARN: Casting input x to numpy array.[0m
  gym.logger.warn("Casting input x to numpy array.")
/workspace/r10/env_old/lib/python3.12/site-packages/gymnasium/utils/passive_env_checker.py:129: UserWarning: [33mWARN: The obs returned by the `reset()` method was expecting a numpy array, actual type: <class 'torch.Tensor'>[0m
  logger.warn(
/workspace/r10/env_old/lib/python3.12/site-packages/gymnasium/spaces/box.py:415: UserWarning: [33mWARN: Casting input x to numpy array.[0m
  gym.logger.warn("Casting input x to numpy array.")
CEM solve time: 1.5910 seconds
/workspace/r10/env_old/lib/python3.12/site-packages/gymnasium/utils/passive_env_checker.py:129: UserWarning: [33mWARN: The obs returned by the `step()` method was expecting a numpy array, actual type: <class 'torch.Tensor'>[0m
  logger.warn(
/workspace/r10/env_old/lib/python3.12/site-packages/gymnasium/spaces/box.py:415: UserWarning: [33mWARN: Casting input x to numpy array.[0m
  gym.logger.warn("Casting input x to numpy array.")
{"completed": 122, "missing": 0, "case": "R8_tworoom_01318120cf0b720a19bef43c", "arm": "REFIT_103203", "stream": "R4_ALT_CEM_1", "mode": "H_REAL3_REPLAN"}
/workspace/r10/env_old/lib/python3.12/site-packages/gymnasium/utils/passive_env_checker.py:129: UserWarning: [33mWARN: The obs returned by the `reset()` method was expecting a numpy array, actual type: <class 'torch.Tensor'>[0m
  logger.warn(
/workspace/r10/env_old/lib/python3.12/site-packages/gymnasium/spaces/box.py:415: UserWarning: [33mWARN: Casting input x to numpy array.[0m
  gym.logger.warn("Casting input x to numpy array.")
CEM solve time: 1.5788 seconds
/workspace/r10/env_old/lib/python3.12/site-packages/gymnasium/utils/passive_env_checker.py:129: UserWarning: [33mWARN: The obs returned by the `step()` method was expecting a numpy array, actual type: <class 'torch.Tensor'>[0m
  logger.warn(
/workspace/r10/env_old/lib/python3.12/site-packages/gymnasium/spaces/box.py:415: UserWarning: [33mWARN: Casting input x to numpy array.[0m
  gym.logger.warn("Casting input x to numpy array.")
/workspace/r10/env_old/lib/python3.12/site-packages/gymnasium/utils/passive_env_checker.py:129: UserWarning: [33mWARN: The obs returned by the `reset()` method was expecting a numpy array, actual type: <class 'torch.Tensor'>[0m
  logger.warn(
/workspace/r10/env_old/lib/python3.12/site-packages/gymnasium/spaces/box.py:415: UserWarning: [33mWARN: Casting input x to numpy array.[0m
  gym.logger.warn("Casting input x to numpy array.")
CEM solve time: 1.5718 seconds
/workspace/r10/env_old/lib/python3.12/site-packages/gymnasium/utils/passive_env_checker.py:129: UserWarning: [33mWARN: The obs returned by the `step()` method was expecting a numpy array, actual type: <class 'torch.Tensor'>[0m
  logger.warn(
/workspace/r10/env_old/lib/python3.12/site-packages/gymnasium/spaces/box.py:415: UserWarning: [33mWARN: Casting input x to numpy array.[0m
  gym.logger.warn("Casting input x to numpy array.")
{"completed": 123, "missing": 0, "case": "R8_tworoom_01318120cf0b720a19bef43c", "arm": "REFIT_103203", "stream": "R4_ALT_CEM_2", "mode": "H_REAL3_REPLAN"}
/workspace/r10/env_old/lib/python3.12/site-packages/gymnasium/utils/passive_env_checker.py:129: UserWarning: [33mWARN: The obs returned by the `reset()` method was expecting a numpy array, actual type: <class 'torch.Tensor'>[0m
  logger.warn(
/workspace/r10/env_old/lib/python3.12/site-packages/gymnasium/spaces/box.py:415: UserWarning: [33mWARN: Casting input x to numpy array.[0m
  gym.logger.warn("Casting input x to numpy array.")
CEM solve time: 1.5759 seconds
/workspace/r10/env_old/lib/python3.12/site-packages/gymnasium/utils/passive_env_checker.py:129: UserWarning: [33mWARN: The obs returned by the `step()` method was expecting a numpy array, actual type: <class 'torch.Tensor'>[0m
  logger.warn(
/workspace/r10/env_old/lib/python3.12/site-packages/gymnasium/spaces/box.py:415: UserWarning: [33mWARN: Casting input x to numpy array.[0m
  gym.logger.warn("Casting input x to numpy array.")
/workspace/r10/env_old/lib/python3.12/site-packages/gymnasium/utils/passive_env_checker.py:129: UserWarning: [33mWARN: The obs returned by the `reset()` method was expecting a numpy array, actual type: <class 'torch.Tensor'>[0m
  logger.warn(
/workspace/r10/env_old/lib/python3.12/site-packages/gymnasium/spaces/box.py:415: UserWarning: [33mWARN: Casting input x to numpy array.[0m
  gym.logger.warn("Casting input x to numpy array.")
CEM solve time: 1.5788 seconds
/workspace/r10/env_old/lib/python3.12/site-packages/gymnasium/utils/passive_env_checker.py:129: UserWarning: [33mWARN: The obs returned by the `step()` method was expecting a numpy array, actual type: <class 'torch.Tensor'>[0m
  logger.warn(
/workspace/r10/env_old/lib/python3.12/site-packages/gymnasium/spaces/box.py:415: UserWarning: [33mWARN: Casting input x to numpy array.[0m
  gym.logger.warn("Casting input x to numpy array.")
{"completed": 124, "missing": 0, "case": "R8_tworoom_01e4a5589224d5a2e107c624", "arm": "REFIT_103203", "stream": "R3_ORIGINAL", "mode": "H_REAL3_REPLAN"}
/workspace/r10/env_old/lib/python3.12/site-packages/gymnasium/utils/passive_env_checker.py:129: UserWarning: [33mWARN: The obs returned by the `reset()` method was expecting a numpy array, actual type: <class 'torch.Tensor'>[0m
  logger.warn(
/workspace/r10/env_old/lib/python3.12/site-packages/gymnasium/spaces/box.py:415: UserWarning: [33mWARN: Casting input x to numpy array.[0m
  gym.logger.warn("Casting input x to numpy array.")
CEM solve time: 1.5775 seconds
/workspace/r10/env_old/lib/python3.12/site-packages/gymnasium/utils/passive_env_checker.py:129: UserWarning: [33mWARN: The obs returned by the `step()` method was expecting a numpy array, actual type: <class 'torch.Tensor'>[0m
  logger.warn(
/workspace/r10/env_old/lib/python3.12/site-packages/gymnasium/spaces/box.py:415: UserWarning: [33mWARN: Casting input x to numpy array.[0m
  gym.logger.warn("Casting input x to numpy array.")
/workspace/r10/env_old/lib/python3.12/site-packages/gymnasium/utils/passive_env_checker.py:129: UserWarning: [33mWARN: The obs returned by the `reset()` method was expecting a numpy array, actual type: <class 'torch.Tensor'>[0m
  logger.warn(
CEM solve time: 1.5801 seconds
/workspace/r10/env_old/lib/python3.12/site-packages/gymnasium/utils/passive_env_checker.py:129: UserWarning: [33mWARN: The obs returned by the `step()` method was expecting a numpy array, actual type: <class 'torch.Tensor'>[0m
  logger.warn(
/workspace/r10/env_old/lib/python3.12/site-packages/gymnasium/spaces/box.py:415: UserWarning: [33mWARN: Casting input x to numpy array.[0m
  gym.logger.warn("Casting input x to numpy array.")
{"completed": 125, "missing": 0, "case": "R8_tworoom_01e4a5589224d5a2e107c624", "arm": "REFIT_103203", "stream": "R4_ALT_CEM_1", "mode": "H_REAL3_REPLAN"}
/workspace/r10/env_old/lib/python3.12/site-packages/gymnasium/utils/passive_env_checker.py:129: UserWarning: [33mWARN: The obs returned by the `reset()` method was expecting a numpy array, actual type: <class 'torch.Tensor'>[0m
  logger.warn(
CEM solve time: 1.6667 seconds
/workspace/r10/env_old/lib/python3.12/site-packages/gymnasium/utils/passive_env_checker.py:129: UserWarning: [33mWARN: The obs returned by the `step()` method was expecting a numpy array, actual type: <class 'torch.Tensor'>[0m
  logger.warn(
/workspace/r10/env_old/lib/python3.12/site-packages/gymnasium/spaces/box.py:415: UserWarning: [33mWARN: Casting input x to numpy array.[0m
  gym.logger.warn("Casting input x to numpy array.")
/workspace/r10/env_old/lib/python3.12/site-packages/gymnasium/utils/passive_env_checker.py:129: UserWarning: [33mWARN: The obs returned by the `reset()` method was expecting a numpy array, actual type: <class 'torch.Tensor'>[0m
  logger.warn(
CEM solve time: 1.5720 seconds
/workspace/r10/env_old/lib/python3.12/site-packages/gymnasium/utils/passive_env_checker.py:129: UserWarning: [33mWARN: The obs returned by the `step()` method was expecting a numpy array, actual type: <class 'torch.Tensor'>[0m
  logger.warn(
/workspace/r10/env_old/lib/python3.12/site-packages/gymnasium/spaces/box.py:415: UserWarning: [33mWARN: Casting input x to numpy array.[0m
  gym.logger.warn("Casting input x to numpy array.")
{"completed": 126, "missing": 0, "case": "R8_tworoom_01e4a5589224d5a2e107c624", "arm": "REFIT_103203", "stream": "R4_ALT_CEM_2", "mode": "H_REAL3_REPLAN"}
/workspace/r10/env_old/lib/python3.12/site-packages/gymnasium/utils/passive_env_checker.py:129: UserWarning: [33mWARN: The obs returned by the `reset()` method was expecting a numpy array, actual type: <class 'torch.Tensor'>[0m
  logger.warn(
CEM solve time: 1.5784 seconds
/workspace/r10/env_old/lib/python3.12/site-packages/gymnasium/utils/passive_env_checker.py:129: UserWarning: [33mWARN: The obs returned by the `step()` method was expecting a numpy array, actual type: <class 'torch.Tensor'>[0m
  logger.warn(
/workspace/r10/env_old/lib/python3.12/site-packages/gymnasium/spaces/box.py:415: UserWarning: [33mWARN: Casting input x to numpy array.[0m
  gym.logger.warn("Casting input x to numpy array.")
/workspace/r10/env_old/lib/python3.12/site-packages/gymnasium/utils/passive_env_checker.py:129: UserWarning: [33mWARN: The obs returned by the `reset()` method was expecting a numpy array, actual type: <class 'torch.Tensor'>[0m
  logger.warn(
/workspace/r10/env_old/lib/python3.12/site-packages/gymnasium/spaces/box.py:415: UserWarning: [33mWARN: Casting input x to numpy array.[0m
  gym.logger.warn("Casting input x to numpy array.")
CEM solve time: 1.5735 seconds
/workspace/r10/env_old/lib/python3.12/site-packages/gymnasium/utils/passive_env_checker.py:129: UserWarning: [33mWARN: The obs returned by the `step()` method was expecting a numpy array, actual type: <class 'torch.Tensor'>[0m
  logger.warn(
/workspace/r10/env_old/lib/python3.12/site-packages/gymnasium/spaces/box.py:415: UserWarning: [33mWARN: Casting input x to numpy array.[0m
  gym.logger.warn("Casting input x to numpy array.")
{"completed": 127, "missing": 0, "case": "R8_tworoom_028b381589885cb32be33fa7", "arm": "REFIT_103203", "stream": "R3_ORIGINAL", "mode": "H_REAL3_REPLAN"}
/workspace/r10/env_old/lib/python3.12/site-packages/gymnasium/utils/passive_env_checker.py:129: UserWarning: [33mWARN: The obs returned by the `reset()` method was expecting a numpy array, actual type: <class 'torch.Tensor'>[0m
  logger.warn(
/workspace/r10/env_old/lib/python3.12/site-packages/gymnasium/spaces/box.py:415: UserWarning: [33mWARN: Casting input x to numpy array.[0m
  gym.logger.warn("Casting input x to numpy array.")
CEM solve time: 1.5749 seconds
/workspace/r10/env_old/lib/python3.12/site-packages/gymnasium/utils/passive_env_checker.py:129: UserWarning: [33mWARN: The obs returned by the `step()` method was expecting a numpy array, actual type: <class 'torch.Tensor'>[0m
  logger.warn(
/workspace/r10/env_old/lib/python3.12/site-packages/gymnasium/spaces/box.py:415: UserWarning: [33mWARN: Casting input x to numpy array.[0m
  gym.logger.warn("Casting input x to numpy array.")
/workspace/r10/env_old/lib/python3.12/site-packages/gymnasium/utils/passive_env_checker.py:129: UserWarning: [33mWARN: The obs returned by the `reset()` method was expecting a numpy array, actual type: <class 'torch.Tensor'>[0m
  logger.warn(
/workspace/r10/env_old/lib/python3.12/site-packages/gymnasium/spaces/box.py:415: UserWarning: [33mWARN: Casting input x to numpy array.[0m
  gym.logger.warn("Casting input x to numpy array.")
CEM solve time: 1.5739 seconds
/workspace/r10/env_old/lib/python3.12/site-packages/gymnasium/utils/passive_env_checker.py:129: UserWarning: [33mWARN: The obs returned by the `step()` method was expecting a numpy array, actual type: <class 'torch.Tensor'>[0m
  logger.warn(
/workspace/r10/env_old/lib/python3.12/site-packages/gymnasium/spaces/box.py:415: UserWarning: [33mWARN: Casting input x to numpy array.[0m
  gym.logger.warn("Casting input x to numpy array.")
{"completed": 128, "missing": 0, "case": "R8_tworoom_028b381589885cb32be33fa7", "arm": "REFIT_103203", "stream": "R4_ALT_CEM_1", "mode": "H_REAL3_REPLAN"}
/workspace/r10/env_old/lib/python3.12/site-packages/gymnasium/utils/passive_env_checker.py:129: UserWarning: [33mWARN: The obs returned by the `reset()` method was expecting a numpy array, actual type: <class 'torch.Tensor'>[0m
  logger.warn(
/workspace/r10/env_old/lib/python3.12/site-packages/gymnasium/spaces/box.py:415: UserWarning: [33mWARN: Casting input x to numpy array.[0m
  gym.logger.warn("Casting input x to numpy array.")
CEM solve time: 1.6013 seconds
/workspace/r10/env_old/lib/python3.12/site-packages/gymnasium/utils/passive_env_checker.py:129: UserWarning: [33mWARN: The obs returned by the `step()` method was expecting a numpy array, actual type: <class 'torch.Tensor'>[0m
  logger.warn(
/workspace/r10/env_old/lib/python3.12/site-packages/gymnasium/spaces/box.py:415: UserWarning: [33mWARN: Casting input x to numpy array.[0m
  gym.logger.warn("Casting input x to numpy array.")
/workspace/r10/env_old/lib/python3.12/site-packages/gymnasium/utils/passive_env_checker.py:129: UserWarning: [33mWARN: The obs returned by the `reset()` method was expecting a numpy array, actual type: <class 'torch.Tensor'>[0m
  logger.warn(
/workspace/r10/env_old/lib/python3.12/site-packages/gymnasium/spaces/box.py:415: UserWarning: [33mWARN: Casting input x to numpy array.[0m
  gym.logger.warn("Casting input x to numpy array.")
CEM solve time: 1.5864 seconds
/workspace/r10/env_old/lib/python3.12/site-packages/gymnasium/utils/passive_env_checker.py:129: UserWarning: [33mWARN: The obs returned by the `step()` method was expecting a numpy array, actual type: <class 'torch.Tensor'>[0m
  logger.warn(
/workspace/r10/env_old/lib/python3.12/site-packages/gymnasium/spaces/box.py:415: UserWarning: [33mWARN: Casting input x to numpy array.[0m
  gym.logger.warn("Casting input x to numpy array.")
{"completed": 129, "missing": 0, "case": "R8_tworoom_028b381589885cb32be33fa7", "arm": "REFIT_103203", "stream": "R4_ALT_CEM_2", "mode": "H_REAL3_REPLAN"}
/workspace/r10/env_old/lib/python3.12/site-packages/gymnasium/utils/passive_env_checker.py:129: UserWarning: [33mWARN: The obs returned by the `reset()` method was expecting a numpy array, actual type: <class 'torch.Tensor'>[0m
  logger.warn(
/workspace/r10/env_old/lib/python3.12/site-packages/gymnasium/spaces/box.py:415: UserWarning: [33mWARN: Casting input x to numpy array.[0m
  gym.logger.warn("Casting input x to numpy array.")
CEM solve time: 1.5767 seconds
/workspace/r10/env_old/lib/python3.12/site-packages/gymnasium/utils/passive_env_checker.py:129: UserWarning: [33mWARN: The obs returned by the `step()` method was expecting a numpy array, actual type: <class 'torch.Tensor'>[0m
  logger.warn(
/workspace/r10/env_old/lib/python3.12/site-packages/gymnasium/spaces/box.py:415: UserWarning: [33mWARN: Casting input x to numpy array.[0m
  gym.logger.warn("Casting input x to numpy array.")
/workspace/r10/env_old/lib/python3.12/site-packages/gymnasium/utils/passive_env_checker.py:129: UserWarning: [33mWARN: The obs returned by the `reset()` method was expecting a numpy array, actual type: <class 'torch.Tensor'>[0m
  logger.warn(
/workspace/r10/env_old/lib/python3.12/site-packages/gymnasium/spaces/box.py:415: UserWarning: [33mWARN: Casting input x to numpy array.[0m
  gym.logger.warn("Casting input x to numpy array.")
CEM solve time: 1.5757 seconds
/workspace/r10/env_old/lib/python3.12/site-packages/gymnasium/utils/passive_env_checker.py:129: UserWarning: [33mWARN: The obs returned by the `step()` method was expecting a numpy array, actual type: <class 'torch.Tensor'>[0m
  logger.warn(
/workspace/r10/env_old/lib/python3.12/site-packages/gymnasium/spaces/box.py:415: UserWarning: [33mWARN: Casting input x to numpy array.[0m
  gym.logger.warn("Casting input x to numpy array.")
{"completed": 130, "missing": 0, "case": "R8_tworoom_031a32eb62cc199fab44890e", "arm": "REFIT_103203", "stream": "R3_ORIGINAL", "mode": "H_REAL3_REPLAN"}
/workspace/r10/env_old/lib/python3.12/site-packages/gymnasium/utils/passive_env_checker.py:129: UserWarning: [33mWARN: The obs returned by the `reset()` method was expecting a numpy array, actual type: <class 'torch.Tensor'>[0m
  logger.warn(
/workspace/r10/env_old/lib/python3.12/site-packages/gymnasium/spaces/box.py:415: UserWarning: [33mWARN: Casting input x to numpy array.[0m
  gym.logger.warn("Casting input x to numpy array.")
CEM solve time: 1.5802 seconds
/workspace/r10/env_old/lib/python3.12/site-packages/gymnasium/utils/passive_env_checker.py:129: UserWarning: [33mWARN: The obs returned by the `step()` method was expecting a numpy array, actual type: <class 'torch.Tensor'>[0m
  logger.warn(
/workspace/r10/env_old/lib/python3.12/site-packages/gymnasium/spaces/box.py:415: UserWarning: [33mWARN: Casting input x to numpy array.[0m
  gym.logger.warn("Casting input x to numpy array.")
CEM solve time: 1.5761 seconds
/workspace/r10/env_old/lib/python3.12/site-packages/gymnasium/utils/passive_env_checker.py:129: UserWarning: [33mWARN: The obs returned by the `reset()` method was expecting a numpy array, actual type: <class 'torch.Tensor'>[0m
  logger.warn(
/workspace/r10/env_old/lib/python3.12/site-packages/gymnasium/spaces/box.py:415: UserWarning: [33mWARN: Casting input x to numpy array.[0m
  gym.logger.warn("Casting input x to numpy array.")
CEM solve time: 1.5943 seconds
/workspace/r10/env_old/lib/python3.12/site-packages/gymnasium/utils/passive_env_checker.py:129: UserWarning: [33mWARN: The obs returned by the `step()` method was expecting a numpy array, actual type: <class 'torch.Tensor'>[0m
  logger.warn(
/workspace/r10/env_old/lib/python3.12/site-packages/gymnasium/spaces/box.py:415: UserWarning: [33mWARN: Casting input x to numpy array.[0m
  gym.logger.warn("Casting input x to numpy array.")
CEM solve time: 1.5877 seconds
{"completed": 131, "missing": 0, "case": "R8_tworoom_031a32eb62cc199fab44890e", "arm": "REFIT_103203", "stream": "R4_ALT_CEM_1", "mode": "H_REAL3_REPLAN"}
/workspace/r10/env_old/lib/python3.12/site-packages/gymnasium/utils/passive_env_checker.py:129: UserWarning: [33mWARN: The obs returned by the `reset()` method was expecting a numpy array, actual type: <class 'torch.Tensor'>[0m
  logger.warn(
/workspace/r10/env_old/lib/python3.12/site-packages/gymnasium/spaces/box.py:415: UserWarning: [33mWARN: Casting input x to numpy array.[0m
  gym.logger.warn("Casting input x to numpy array.")
CEM solve time: 1.5883 seconds
/workspace/r10/env_old/lib/python3.12/site-packages/gymnasium/utils/passive_env_checker.py:129: UserWarning: [33mWARN: The obs returned by the `step()` method was expecting a numpy array, actual type: <class 'torch.Tensor'>[0m
  logger.warn(
/workspace/r10/env_old/lib/python3.12/site-packages/gymnasium/spaces/box.py:415: UserWarning: [33mWARN: Casting input x to numpy array.[0m
  gym.logger.warn("Casting input x to numpy array.")
CEM solve time: 1.5796 seconds
/workspace/r10/env_old/lib/python3.12/site-packages/gymnasium/utils/passive_env_checker.py:129: UserWarning: [33mWARN: The obs returned by the `reset()` method was expecting a numpy array, actual type: <class 'torch.Tensor'>[0m
  logger.warn(
/workspace/r10/env_old/lib/python3.12/site-packages/gymnasium/spaces/box.py:415: UserWarning: [33mWARN: Casting input x to numpy array.[0m
  gym.logger.warn("Casting input x to numpy array.")
CEM solve time: 1.5822 seconds
/workspace/r10/env_old/lib/python3.12/site-packages/gymnasium/utils/passive_env_checker.py:129: UserWarning: [33mWARN: The obs returned by the `step()` method was expecting a numpy array, actual type: <class 'torch.Tensor'>[0m
  logger.warn(
/workspace/r10/env_old/lib/python3.12/site-packages/gymnasium/spaces/box.py:415: UserWarning: [33mWARN: Casting input x to numpy array.[0m
  gym.logger.warn("Casting input x to numpy array.")
CEM solve time: 1.5889 seconds
{"completed": 132, "missing": 0, "case": "R8_tworoom_031a32eb62cc199fab44890e", "arm": "REFIT_103203", "stream": "R4_ALT_CEM_2", "mode": "H_REAL3_REPLAN"}
/workspace/r10/env_old/lib/python3.12/site-packages/gymnasium/utils/passive_env_checker.py:129: UserWarning: [33mWARN: The obs returned by the `reset()` method was expecting a numpy array, actual type: <class 'torch.Tensor'>[0m
  logger.warn(
/workspace/r10/env_old/lib/python3.12/site-packages/gymnasium/spaces/box.py:415: UserWarning: [33mWARN: Casting input x to numpy array.[0m
  gym.logger.warn("Casting input x to numpy array.")
CEM solve time: 1.5832 seconds
/workspace/r10/env_old/lib/python3.12/site-packages/gymnasium/utils/passive_env_checker.py:129: UserWarning: [33mWARN: The obs returned by the `step()` method was expecting a numpy array, actual type: <class 'torch.Tensor'>[0m
  logger.warn(
/workspace/r10/env_old/lib/python3.12/site-packages/gymnasium/spaces/box.py:415: UserWarning: [33mWARN: Casting input x to numpy array.[0m
  gym.logger.warn("Casting input x to numpy array.")
/workspace/r10/env_old/lib/python3.12/site-packages/gymnasium/utils/passive_env_checker.py:129: UserWarning: [33mWARN: The obs returned by the `reset()` method was expecting a numpy array, actual type: <class 'torch.Tensor'>[0m
  logger.warn(
/workspace/r10/env_old/lib/python3.12/site-packages/gymnasium/spaces/box.py:415: UserWarning: [33mWARN: Casting input x to numpy array.[0m
  gym.logger.warn("Casting input x to numpy array.")
CEM solve time: 1.5947 seconds
/workspace/r10/env_old/lib/python3.12/site-packages/gymnasium/utils/passive_env_checker.py:129: UserWarning: [33mWARN: The obs returned by the `step()` method was expecting a numpy array, actual type: <class 'torch.Tensor'>[0m
  logger.warn(
/workspace/r10/env_old/lib/python3.12/site-packages/gymnasium/spaces/box.py:415: UserWarning: [33mWARN: Casting input x to numpy array.[0m
  gym.logger.warn("Casting input x to numpy array.")
{"completed": 133, "missing": 0, "case": "R8_tworoom_03a2c5b51519abb663dc8836", "arm": "REFIT_103203", "stream": "R3_ORIGINAL", "mode": "H_REAL3_REPLAN"}
/workspace/r10/env_old/lib/python3.12/site-packages/gymnasium/utils/passive_env_checker.py:129: UserWarning: [33mWARN: The obs returned by the `reset()` method was expecting a numpy array, actual type: <class 'torch.Tensor'>[0m
  logger.warn(
/workspace/r10/env_old/lib/python3.12/site-packages/gymnasium/spaces/box.py:415: UserWarning: [33mWARN: Casting input x to numpy array.[0m
  gym.logger.warn("Casting input x to numpy array.")
CEM solve time: 1.5779 seconds
/workspace/r10/env_old/lib/python3.12/site-packages/gymnasium/utils/passive_env_checker.py:129: UserWarning: [33mWARN: The obs returned by the `step()` method was expecting a numpy array, actual type: <class 'torch.Tensor'>[0m
  logger.warn(
/workspace/r10/env_old/lib/python3.12/site-packages/gymnasium/spaces/box.py:415: UserWarning: [33mWARN: Casting input x to numpy array.[0m
  gym.logger.warn("Casting input x to numpy array.")
/workspace/r10/env_old/lib/python3.12/site-packages/gymnasium/utils/passive_env_checker.py:129: UserWarning: [33mWARN: The obs returned by the `reset()` method was expecting a numpy array, actual type: <class 'torch.Tensor'>[0m
  logger.warn(
/workspace/r10/env_old/lib/python3.12/site-packages/gymnasium/spaces/box.py:415: UserWarning: [33mWARN: Casting input x to numpy array.[0m
  gym.logger.warn("Casting input x to numpy array.")
CEM solve time: 1.5761 seconds
/workspace/r10/env_old/lib/python3.12/site-packages/gymnasium/utils/passive_env_checker.py:129: UserWarning: [33mWARN: The obs returned by the `step()` method was expecting a numpy array, actual type: <class 'torch.Tensor'>[0m
  logger.warn(
/workspace/r10/env_old/lib/python3.12/site-packages/gymnasium/spaces/box.py:415: UserWarning: [33mWARN: Casting input x to numpy array.[0m
  gym.logger.warn("Casting input x to numpy array.")
{"completed": 134, "missing": 0, "case": "R8_tworoom_03a2c5b51519abb663dc8836", "arm": "REFIT_103203", "stream": "R4_ALT_CEM_1", "mode": "H_REAL3_REPLAN"}
/workspace/r10/env_old/lib/python3.12/site-packages/gymnasium/utils/passive_env_checker.py:129: UserWarning: [33mWARN: The obs returned by the `reset()` method was expecting a numpy array, actual type: <class 'torch.Tensor'>[0m
  logger.warn(
/workspace/r10/env_old/lib/python3.12/site-packages/gymnasium/spaces/box.py:415: UserWarning: [33mWARN: Casting input x to numpy array.[0m
  gym.logger.warn("Casting input x to numpy array.")
CEM solve time: 1.5767 seconds
/workspace/r10/env_old/lib/python3.12/site-packages/gymnasium/utils/passive_env_checker.py:129: UserWarning: [33mWARN: The obs returned by the `step()` method was expecting a numpy array, actual type: <class 'torch.Tensor'>[0m
  logger.warn(
/workspace/r10/env_old/lib/python3.12/site-packages/gymnasium/spaces/box.py:415: UserWarning: [33mWARN: Casting input x to numpy array.[0m
  gym.logger.warn("Casting input x to numpy array.")
CEM solve time: 1.5768 seconds
/workspace/r10/env_old/lib/python3.12/site-packages/gymnasium/utils/passive_env_checker.py:129: UserWarning: [33mWARN: The obs returned by the `reset()` method was expecting a numpy array, actual type: <class 'torch.Tensor'>[0m
  logger.warn(
/workspace/r10/env_old/lib/python3.12/site-packages/gymnasium/spaces/box.py:415: UserWarning: [33mWARN: Casting input x to numpy array.[0m
  gym.logger.warn("Casting input x to numpy array.")
CEM solve time: 1.5840 seconds
/workspace/r10/env_old/lib/python3.12/site-packages/gymnasium/utils/passive_env_checker.py:129: UserWarning: [33mWARN: The obs returned by the `step()` method was expecting a numpy array, actual type: <class 'torch.Tensor'>[0m
  logger.warn(
/workspace/r10/env_old/lib/python3.12/site-packages/gymnasium/spaces/box.py:415: UserWarning: [33mWARN: Casting input x to numpy array.[0m
  gym.logger.warn("Casting input x to numpy array.")
CEM solve time: 1.5966 seconds
{"completed": 135, "missing": 0, "case": "R8_tworoom_03a2c5b51519abb663dc8836", "arm": "REFIT_103203", "stream": "R4_ALT_CEM_2", "mode": "H_REAL3_REPLAN"}
/workspace/r10/env_old/lib/python3.12/site-packages/gymnasium/utils/passive_env_checker.py:129: UserWarning: [33mWARN: The obs returned by the `reset()` method was expecting a numpy array, actual type: <class 'torch.Tensor'>[0m
  logger.warn(
/workspace/r10/env_old/lib/python3.12/site-packages/gymnasium/spaces/box.py:415: UserWarning: [33mWARN: Casting input x to numpy array.[0m
  gym.logger.warn("Casting input x to numpy array.")
CEM solve time: 1.5744 seconds
/workspace/r10/env_old/lib/python3.12/site-packages/gymnasium/utils/passive_env_checker.py:129: UserWarning: [33mWARN: The obs returned by the `step()` method was expecting a numpy array, actual type: <class 'torch.Tensor'>[0m
  logger.warn(
/workspace/r10/env_old/lib/python3.12/site-packages/gymnasium/spaces/box.py:415: UserWarning: [33mWARN: Casting input x to numpy array.[0m
  gym.logger.warn("Casting input x to numpy array.")
/workspace/r10/env_old/lib/python3.12/site-packages/gymnasium/utils/passive_env_checker.py:129: UserWarning: [33mWARN: The obs returned by the `reset()` method was expecting a numpy array, actual type: <class 'torch.Tensor'>[0m
  logger.warn(
/workspace/r10/env_old/lib/python3.12/site-packages/gymnasium/spaces/box.py:415: UserWarning: [33mWARN: Casting input x to numpy array.[0m
  gym.logger.warn("Casting input x to numpy array.")
CEM solve time: 1.5723 seconds
/workspace/r10/env_old/lib/python3.12/site-packages/gymnasium/utils/passive_env_checker.py:129: UserWarning: [33mWARN: The obs returned by the `step()` method was expecting a numpy array, actual type: <class 'torch.Tensor'>[0m
  logger.warn(
/workspace/r10/env_old/lib/python3.12/site-packages/gymnasium/spaces/box.py:415: UserWarning: [33mWARN: Casting input x to numpy array.[0m
  gym.logger.warn("Casting input x to numpy array.")
{"completed": 136, "missing": 0, "case": "R8_tworoom_04473637cdfc1f585d9adcf3", "arm": "REFIT_103203", "stream": "R3_ORIGINAL", "mode": "H_REAL3_REPLAN"}
/workspace/r10/env_old/lib/python3.12/site-packages/gymnasium/utils/passive_env_checker.py:129: UserWarning: [33mWARN: The obs returned by the `reset()` method was expecting a numpy array, actual type: <class 'torch.Tensor'>[0m
  logger.warn(
/workspace/r10/env_old/lib/python3.12/site-packages/gymnasium/spaces/box.py:415: UserWarning: [33mWARN: Casting input x to numpy array.[0m
  gym.logger.warn("Casting input x to numpy array.")
CEM solve time: 1.5781 seconds
/workspace/r10/env_old/lib/python3.12/site-packages/gymnasium/utils/passive_env_checker.py:129: UserWarning: [33mWARN: The obs returned by the `step()` method was expecting a numpy array, actual type: <class 'torch.Tensor'>[0m
  logger.warn(
/workspace/r10/env_old/lib/python3.12/site-packages/gymnasium/spaces/box.py:415: UserWarning: [33mWARN: Casting input x to numpy array.[0m
  gym.logger.warn("Casting input x to numpy array.")
/workspace/r10/env_old/lib/python3.12/site-packages/gymnasium/utils/passive_env_checker.py:129: UserWarning: [33mWARN: The obs returned by the `reset()` method was expecting a numpy array, actual type: <class 'torch.Tensor'>[0m
  logger.warn(
/workspace/r10/env_old/lib/python3.12/site-packages/gymnasium/spaces/box.py:415: UserWarning: [33mWARN: Casting input x to numpy array.[0m
  gym.logger.warn("Casting input x to numpy array.")
CEM solve time: 1.5837 seconds
/workspace/r10/env_old/lib/python3.12/site-packages/gymnasium/utils/passive_env_checker.py:129: UserWarning: [33mWARN: The obs returned by the `step()` method was expecting a numpy array, actual type: <class 'torch.Tensor'>[0m
  logger.warn(
/workspace/r10/env_old/lib/python3.12/site-packages/gymnasium/spaces/box.py:415: UserWarning: [33mWARN: Casting input x to numpy array.[0m
  gym.logger.warn("Casting input x to numpy array.")
{"completed": 137, "missing": 0, "case": "R8_tworoom_04473637cdfc1f585d9adcf3", "arm": "REFIT_103203", "stream": "R4_ALT_CEM_1", "mode": "H_REAL3_REPLAN"}
/workspace/r10/env_old/lib/python3.12/site-packages/gymnasium/utils/passive_env_checker.py:129: UserWarning: [33mWARN: The obs returned by the `reset()` method was expecting a numpy array, actual type: <class 'torch.Tensor'>[0m
  logger.warn(
/workspace/r10/env_old/lib/python3.12/site-packages/gymnasium/spaces/box.py:415: UserWarning: [33mWARN: Casting input x to numpy array.[0m
  gym.logger.warn("Casting input x to numpy array.")
CEM solve time: 1.5829 seconds
/workspace/r10/env_old/lib/python3.12/site-packages/gymnasium/utils/passive_env_checker.py:129: UserWarning: [33mWARN: The obs returned by the `step()` method was expecting a numpy array, actual type: <class 'torch.Tensor'>[0m
  logger.warn(
/workspace/r10/env_old/lib/python3.12/site-packages/gymnasium/spaces/box.py:415: UserWarning: [33mWARN: Casting input x to numpy array.[0m
  gym.logger.warn("Casting input x to numpy array.")
/workspace/r10/env_old/lib/python3.12/site-packages/gymnasium/utils/passive_env_checker.py:129: UserWarning: [33mWARN: The obs returned by the `reset()` method was expecting a numpy array, actual type: <class 'torch.Tensor'>[0m
  logger.warn(
/workspace/r10/env_old/lib/python3.12/site-packages/gymnasium/spaces/box.py:415: UserWarning: [33mWARN: Casting input x to numpy array.[0m
  gym.logger.warn("Casting input x to numpy array.")
CEM solve time: 1.5688 seconds
/workspace/r10/env_old/lib/python3.12/site-packages/gymnasium/utils/passive_env_checker.py:129: UserWarning: [33mWARN: The obs returned by the `step()` method was expecting a numpy array, actual type: <class 'torch.Tensor'>[0m
  logger.warn(
/workspace/r10/env_old/lib/python3.12/site-packages/gymnasium/spaces/box.py:415: UserWarning: [33mWARN: Casting input x to numpy array.[0m
  gym.logger.warn("Casting input x to numpy array.")
{"completed": 138, "missing": 0, "case": "R8_tworoom_04473637cdfc1f585d9adcf3", "arm": "REFIT_103203", "stream": "R4_ALT_CEM_2", "mode": "H_REAL3_REPLAN"}
/workspace/r10/env_old/lib/python3.12/site-packages/gymnasium/utils/passive_env_checker.py:129: UserWarning: [33mWARN: The obs returned by the `reset()` method was expecting a numpy array, actual type: <class 'torch.Tensor'>[0m
  logger.warn(
/workspace/r10/env_old/lib/python3.12/site-packages/gymnasium/spaces/box.py:415: UserWarning: [33mWARN: Casting input x to numpy array.[0m
  gym.logger.warn("Casting input x to numpy array.")
CEM solve time: 1.5929 seconds
/workspace/r10/env_old/lib/python3.12/site-packages/gymnasium/utils/passive_env_checker.py:129: UserWarning: [33mWARN: The obs returned by the `step()` method was expecting a numpy array, actual type: <class 'torch.Tensor'>[0m
  logger.warn(
/workspace/r10/env_old/lib/python3.12/site-packages/gymnasium/spaces/box.py:415: UserWarning: [33mWARN: Casting input x to numpy array.[0m
  gym.logger.warn("Casting input x to numpy array.")
/workspace/r10/env_old/lib/python3.12/site-packages/gymnasium/utils/passive_env_checker.py:129: UserWarning: [33mWARN: The obs returned by the `reset()` method was expecting a numpy array, actual type: <class 'torch.Tensor'>[0m
  logger.warn(
/workspace/r10/env_old/lib/python3.12/site-packages/gymnasium/spaces/box.py:415: UserWarning: [33mWARN: Casting input x to numpy array.[0m
  gym.logger.warn("Casting input x to numpy array.")
CEM solve time: 1.5751 seconds
/workspace/r10/env_old/lib/python3.12/site-packages/gymnasium/utils/passive_env_checker.py:129: UserWarning: [33mWARN: The obs returned by the `step()` method was expecting a numpy array, actual type: <class 'torch.Tensor'>[0m
  logger.warn(
/workspace/r10/env_old/lib/python3.12/site-packages/gymnasium/spaces/box.py:415: UserWarning: [33mWARN: Casting input x to numpy array.[0m
  gym.logger.warn("Casting input x to numpy array.")
{"completed": 139, "missing": 0, "case": "R8_tworoom_053b1b2f86917a1334209ecf", "arm": "REFIT_103203", "stream": "R3_ORIGINAL", "mode": "H_REAL3_REPLAN"}
/workspace/r10/env_old/lib/python3.12/site-packages/gymnasium/utils/passive_env_checker.py:129: UserWarning: [33mWARN: The obs returned by the `reset()` method was expecting a numpy array, actual type: <class 'torch.Tensor'>[0m
  logger.warn(
/workspace/r10/env_old/lib/python3.12/site-packages/gymnasium/spaces/box.py:415: UserWarning: [33mWARN: Casting input x to numpy array.[0m
  gym.logger.warn("Casting input x to numpy array.")
CEM solve time: 1.5990 seconds
/workspace/r10/env_old/lib/python3.12/site-packages/gymnasium/utils/passive_env_checker.py:129: UserWarning: [33mWARN: The obs returned by the `step()` method was expecting a numpy array, actual type: <class 'torch.Tensor'>[0m
  logger.warn(
/workspace/r10/env_old/lib/python3.12/site-packages/gymnasium/spaces/box.py:415: UserWarning: [33mWARN: Casting input x to numpy array.[0m
  gym.logger.warn("Casting input x to numpy array.")
/workspace/r10/env_old/lib/python3.12/site-packages/gymnasium/utils/passive_env_checker.py:129: UserWarning: [33mWARN: The obs returned by the `reset()` method was expecting a numpy array, actual type: <class 'torch.Tensor'>[0m
  logger.warn(
/workspace/r10/env_old/lib/python3.12/site-packages/gymnasium/spaces/box.py:415: UserWarning: [33mWARN: Casting input x to numpy array.[0m
  gym.logger.warn("Casting input x to numpy array.")
CEM solve time: 1.5878 seconds
/workspace/r10/env_old/lib/python3.12/site-packages/gymnasium/utils/passive_env_checker.py:129: UserWarning: [33mWARN: The obs returned by the `step()` method was expecting a numpy array, actual type: <class 'torch.Tensor'>[0m
  logger.warn(
/workspace/r10/env_old/lib/python3.12/site-packages/gymnasium/spaces/box.py:415: UserWarning: [33mWARN: Casting input x to numpy array.[0m
  gym.logger.warn("Casting input x to numpy array.")
{"completed": 140, "missing": 0, "case": "R8_tworoom_053b1b2f86917a1334209ecf", "arm": "REFIT_103203", "stream": "R4_ALT_CEM_1", "mode": "H_REAL3_REPLAN"}
/workspace/r10/env_old/lib/python3.12/site-packages/gymnasium/utils/passive_env_checker.py:129: UserWarning: [33mWARN: The obs returned by the `reset()` method was expecting a numpy array, actual type: <class 'torch.Tensor'>[0m
  logger.warn(
/workspace/r10/env_old/lib/python3.12/site-packages/gymnasium/spaces/box.py:415: UserWarning: [33mWARN: Casting input x to numpy array.[0m
  gym.logger.warn("Casting input x to numpy array.")
CEM solve time: 1.6137 seconds
/workspace/r10/env_old/lib/python3.12/site-packages/gymnasium/utils/passive_env_checker.py:129: UserWarning: [33mWARN: The obs returned by the `step()` method was expecting a numpy array, actual type: <class 'torch.Tensor'>[0m
  logger.warn(
/workspace/r10/env_old/lib/python3.12/site-packages/gymnasium/spaces/box.py:415: UserWarning: [33mWARN: Casting input x to numpy array.[0m
  gym.logger.warn("Casting input x to numpy array.")
/workspace/r10/env_old/lib/python3.12/site-packages/gymnasium/utils/passive_env_checker.py:129: UserWarning: [33mWARN: The obs returned by the `reset()` method was expecting a numpy array, actual type: <class 'torch.Tensor'>[0m
  logger.warn(
/workspace/r10/env_old/lib/python3.12/site-packages/gymnasium/spaces/box.py:415: UserWarning: [33mWARN: Casting input x to numpy array.[0m
  gym.logger.warn("Casting input x to numpy array.")
CEM solve time: 1.5711 seconds
/workspace/r10/env_old/lib/python3.12/site-packages/gymnasium/utils/passive_env_checker.py:129: UserWarning: [33mWARN: The obs returned by the `step()` method was expecting a numpy array, actual type: <class 'torch.Tensor'>[0m
  logger.warn(
/workspace/r10/env_old/lib/python3.12/site-packages/gymnasium/spaces/box.py:415: UserWarning: [33mWARN: Casting input x to numpy array.[0m
  gym.logger.warn("Casting input x to numpy array.")
{"completed": 141, "missing": 0, "case": "R8_tworoom_053b1b2f86917a1334209ecf", "arm": "REFIT_103203", "stream": "R4_ALT_CEM_2", "mode": "H_REAL3_REPLAN"}
/workspace/r10/env_old/lib/python3.12/site-packages/gymnasium/utils/passive_env_checker.py:129: UserWarning: [33mWARN: The obs returned by the `reset()` method was expecting a numpy array, actual type: <class 'torch.Tensor'>[0m
  logger.warn(
/workspace/r10/env_old/lib/python3.12/site-packages/gymnasium/spaces/box.py:415: UserWarning: [33mWARN: Casting input x to numpy array.[0m
  gym.logger.warn("Casting input x to numpy array.")
CEM solve time: 1.5893 seconds
/workspace/r10/env_old/lib/python3.12/site-packages/gymnasium/utils/passive_env_checker.py:129: UserWarning: [33mWARN: The obs returned by the `step()` method was expecting a numpy array, actual type: <class 'torch.Tensor'>[0m
  logger.warn(
/workspace/r10/env_old/lib/python3.12/site-packages/gymnasium/spaces/box.py:415: UserWarning: [33mWARN: Casting input x to numpy array.[0m
  gym.logger.warn("Casting input x to numpy array.")
/workspace/r10/env_old/lib/python3.12/site-packages/gymnasium/utils/passive_env_checker.py:129: UserWarning: [33mWARN: The obs returned by the `reset()` method was expecting a numpy array, actual type: <class 'torch.Tensor'>[0m
  logger.warn(
/workspace/r10/env_old/lib/python3.12/site-packages/gymnasium/spaces/box.py:415: UserWarning: [33mWARN: Casting input x to numpy array.[0m
  gym.logger.warn("Casting input x to numpy array.")
CEM solve time: 1.5715 seconds
/workspace/r10/env_old/lib/python3.12/site-packages/gymnasium/utils/passive_env_checker.py:129: UserWarning: [33mWARN: The obs returned by the `step()` method was expecting a numpy array, actual type: <class 'torch.Tensor'>[0m
  logger.warn(
/workspace/r10/env_old/lib/python3.12/site-packages/gymnasium/spaces/box.py:415: UserWarning: [33mWARN: Casting input x to numpy array.[0m
  gym.logger.warn("Casting input x to numpy array.")
{"completed": 142, "missing": 0, "case": "R8_tworoom_0587a12763b08473dc82e82c", "arm": "REFIT_103203", "stream": "R3_ORIGINAL", "mode": "H_REAL3_REPLAN"}
/workspace/r10/env_old/lib/python3.12/site-packages/gymnasium/utils/passive_env_checker.py:129: UserWarning: [33mWARN: The obs returned by the `reset()` method was expecting a numpy array, actual type: <class 'torch.Tensor'>[0m
  logger.warn(
/workspace/r10/env_old/lib/python3.12/site-packages/gymnasium/spaces/box.py:415: UserWarning: [33mWARN: Casting input x to numpy array.[0m
  gym.logger.warn("Casting input x to numpy array.")
CEM solve time: 1.6219 seconds
/workspace/r10/env_old/lib/python3.12/site-packages/gymnasium/utils/passive_env_checker.py:129: UserWarning: [33mWARN: The obs returned by the `step()` method was expecting a numpy array, actual type: <class 'torch.Tensor'>[0m
  logger.warn(
/workspace/r10/env_old/lib/python3.12/site-packages/gymnasium/spaces/box.py:415: UserWarning: [33mWARN: Casting input x to numpy array.[0m
  gym.logger.warn("Casting input x to numpy array.")
/workspace/r10/env_old/lib/python3.12/site-packages/gymnasium/utils/passive_env_checker.py:129: UserWarning: [33mWARN: The obs returned by the `reset()` method was expecting a numpy array, actual type: <class 'torch.Tensor'>[0m
  logger.warn(
/workspace/r10/env_old/lib/python3.12/site-packages/gymnasium/spaces/box.py:415: UserWarning: [33mWARN: Casting input x to numpy array.[0m
  gym.logger.warn("Casting input x to numpy array.")
CEM solve time: 1.5789 seconds
/workspace/r10/env_old/lib/python3.12/site-packages/gymnasium/utils/passive_env_checker.py:129: UserWarning: [33mWARN: The obs returned by the `step()` method was expecting a numpy array, actual type: <class 'torch.Tensor'>[0m
  logger.warn(
/workspace/r10/env_old/lib/python3.12/site-packages/gymnasium/spaces/box.py:415: UserWarning: [33mWARN: Casting input x to numpy array.[0m
  gym.logger.warn("Casting input x to numpy array.")
{"completed": 143, "missing": 0, "case": "R8_tworoom_0587a12763b08473dc82e82c", "arm": "REFIT_103203", "stream": "R4_ALT_CEM_1", "mode": "H_REAL3_REPLAN"}
/workspace/r10/env_old/lib/python3.12/site-packages/gymnasium/utils/passive_env_checker.py:129: UserWarning: [33mWARN: The obs returned by the `reset()` method was expecting a numpy array, actual type: <class 'torch.Tensor'>[0m
  logger.warn(
/workspace/r10/env_old/lib/python3.12/site-packages/gymnasium/spaces/box.py:415: UserWarning: [33mWARN: Casting input x to numpy array.[0m
  gym.logger.warn("Casting input x to numpy array.")
CEM solve time: 1.5799 seconds
/workspace/r10/env_old/lib/python3.12/site-packages/gymnasium/utils/passive_env_checker.py:129: UserWarning: [33mWARN: The obs returned by the `step()` method was expecting a numpy array, actual type: <class 'torch.Tensor'>[0m
  logger.warn(
/workspace/r10/env_old/lib/python3.12/site-packages/gymnasium/spaces/box.py:415: UserWarning: [33mWARN: Casting input x to numpy array.[0m
  gym.logger.warn("Casting input x to numpy array.")
/workspace/r10/env_old/lib/python3.12/site-packages/gymnasium/utils/passive_env_checker.py:129: UserWarning: [33mWARN: The obs returned by the `reset()` method was expecting a numpy array, actual type: <class 'torch.Tensor'>[0m
  logger.warn(
CEM solve time: 1.5918 seconds
/workspace/r10/env_old/lib/python3.12/site-packages/gymnasium/utils/passive_env_checker.py:129: UserWarning: [33mWARN: The obs returned by the `step()` method was expecting a numpy array, actual type: <class 'torch.Tensor'>[0m
  logger.warn(
/workspace/r10/env_old/lib/python3.12/site-packages/gymnasium/spaces/box.py:415: UserWarning: [33mWARN: Casting input x to numpy array.[0m
  gym.logger.warn("Casting input x to numpy array.")
{"completed": 144, "missing": 0, "case": "R8_tworoom_0587a12763b08473dc82e82c", "arm": "REFIT_103203", "stream": "R4_ALT_CEM_2", "mode": "H_REAL3_REPLAN"}
/workspace/r10/env_old/lib/python3.12/site-packages/gymnasium/utils/passive_env_checker.py:129: UserWarning: [33mWARN: The obs returned by the `reset()` method was expecting a numpy array, actual type: <class 'torch.Tensor'>[0m
  logger.warn(
CEM solve time: 1.5724 seconds
/workspace/r10/env_old/lib/python3.12/site-packages/gymnasium/utils/passive_env_checker.py:129: UserWarning: [33mWARN: The obs returned by the `step()` method was expecting a numpy array, actual type: <class 'torch.Tensor'>[0m
  logger.warn(
/workspace/r10/env_old/lib/python3.12/site-packages/gymnasium/spaces/box.py:415: UserWarning: [33mWARN: Casting input x to numpy array.[0m
  gym.logger.warn("Casting input x to numpy array.")
/workspace/r10/env_old/lib/python3.12/site-packages/gymnasium/utils/passive_env_checker.py:129: UserWarning: [33mWARN: The obs returned by the `reset()` method was expecting a numpy array, actual type: <class 'torch.Tensor'>[0m
  logger.warn(
/workspace/r10/env_old/lib/python3.12/site-packages/gymnasium/spaces/box.py:415: UserWarning: [33mWARN: Casting input x to numpy array.[0m
  gym.logger.warn("Casting input x to numpy array.")
CEM solve time: 1.5954 seconds
/workspace/r10/env_old/lib/python3.12/site-packages/gymnasium/utils/passive_env_checker.py:129: UserWarning: [33mWARN: The obs returned by the `step()` method was expecting a numpy array, actual type: <class 'torch.Tensor'>[0m
  logger.warn(
/workspace/r10/env_old/lib/python3.12/site-packages/gymnasium/spaces/box.py:415: UserWarning: [33mWARN: Casting input x to numpy array.[0m
  gym.logger.warn("Casting input x to numpy array.")
{"completed": 145, "missing": 0, "case": "R8_tworoom_069900f89528319b9ee417da", "arm": "REFIT_103203", "stream": "R3_ORIGINAL", "mode": "H_REAL3_REPLAN"}
/workspace/r10/env_old/lib/python3.12/site-packages/gymnasium/utils/passive_env_checker.py:129: UserWarning: [33mWARN: The obs returned by the `reset()` method was expecting a numpy array, actual type: <class 'torch.Tensor'>[0m
  logger.warn(
/workspace/r10/env_old/lib/python3.12/site-packages/gymnasium/spaces/box.py:415: UserWarning: [33mWARN: Casting input x to numpy array.[0m
  gym.logger.warn("Casting input x to numpy array.")
CEM solve time: 1.5732 seconds
/workspace/r10/env_old/lib/python3.12/site-packages/gymnasium/utils/passive_env_checker.py:129: UserWarning: [33mWARN: The obs returned by the `step()` method was expecting a numpy array, actual type: <class 'torch.Tensor'>[0m
  logger.warn(
/workspace/r10/env_old/lib/python3.12/site-packages/gymnasium/spaces/box.py:415: UserWarning: [33mWARN: Casting input x to numpy array.[0m
  gym.logger.warn("Casting input x to numpy array.")
/workspace/r10/env_old/lib/python3.12/site-packages/gymnasium/utils/passive_env_checker.py:129: UserWarning: [33mWARN: The obs returned by the `reset()` method was expecting a numpy array, actual type: <class 'torch.Tensor'>[0m
  logger.warn(
/workspace/r10/env_old/lib/python3.12/site-packages/gymnasium/spaces/box.py:415: UserWarning: [33mWARN: Casting input x to numpy array.[0m
  gym.logger.warn("Casting input x to numpy array.")
CEM solve time: 1.5753 seconds
/workspace/r10/env_old/lib/python3.12/site-packages/gymnasium/utils/passive_env_checker.py:129: UserWarning: [33mWARN: The obs returned by the `step()` method was expecting a numpy array, actual type: <class 'torch.Tensor'>[0m
  logger.warn(
/workspace/r10/env_old/lib/python3.12/site-packages/gymnasium/spaces/box.py:415: UserWarning: [33mWARN: Casting input x to numpy array.[0m
  gym.logger.warn("Casting input x to numpy array.")
{"completed": 146, "missing": 0, "case": "R8_tworoom_069900f89528319b9ee417da", "arm": "REFIT_103203", "stream": "R4_ALT_CEM_1", "mode": "H_REAL3_REPLAN"}
/workspace/r10/env_old/lib/python3.12/site-packages/gymnasium/utils/passive_env_checker.py:129: UserWarning: [33mWARN: The obs returned by the `reset()` method was expecting a numpy array, actual type: <class 'torch.Tensor'>[0m
  logger.warn(
/workspace/r10/env_old/lib/python3.12/site-packages/gymnasium/spaces/box.py:415: UserWarning: [33mWARN: Casting input x to numpy array.[0m
  gym.logger.warn("Casting input x to numpy array.")
CEM solve time: 1.5794 seconds
/workspace/r10/env_old/lib/python3.12/site-packages/gymnasium/utils/passive_env_checker.py:129: UserWarning: [33mWARN: The obs returned by the `step()` method was expecting a numpy array, actual type: <class 'torch.Tensor'>[0m
  logger.warn(
/workspace/r10/env_old/lib/python3.12/site-packages/gymnasium/spaces/box.py:415: UserWarning: [33mWARN: Casting input x to numpy array.[0m
  gym.logger.warn("Casting input x to numpy array.")
CEM solve time: 1.5728 seconds
/workspace/r10/env_old/lib/python3.12/site-packages/gymnasium/utils/passive_env_checker.py:129: UserWarning: [33mWARN: The obs returned by the `reset()` method was expecting a numpy array, actual type: <class 'torch.Tensor'>[0m
  logger.warn(
/workspace/r10/env_old/lib/python3.12/site-packages/gymnasium/spaces/box.py:415: UserWarning: [33mWARN: Casting input x to numpy array.[0m
  gym.logger.warn("Casting input x to numpy array.")
CEM solve time: 1.5738 seconds
/workspace/r10/env_old/lib/python3.12/site-packages/gymnasium/utils/passive_env_checker.py:129: UserWarning: [33mWARN: The obs returned by the `step()` method was expecting a numpy array, actual type: <class 'torch.Tensor'>[0m
  logger.warn(
/workspace/r10/env_old/lib/python3.12/site-packages/gymnasium/spaces/box.py:415: UserWarning: [33mWARN: Casting input x to numpy array.[0m
  gym.logger.warn("Casting input x to numpy array.")
CEM solve time: 1.5848 seconds
{"completed": 147, "missing": 0, "case": "R8_tworoom_069900f89528319b9ee417da", "arm": "REFIT_103203", "stream": "R4_ALT_CEM_2", "mode": "H_REAL3_REPLAN"}
/workspace/r10/env_old/lib/python3.12/site-packages/gymnasium/utils/passive_env_checker.py:129: UserWarning: [33mWARN: The obs returned by the `reset()` method was expecting a numpy array, actual type: <class 'torch.Tensor'>[0m
  logger.warn(
/workspace/r10/env_old/lib/python3.12/site-packages/gymnasium/spaces/box.py:415: UserWarning: [33mWARN: Casting input x to numpy array.[0m
  gym.logger.warn("Casting input x to numpy array.")
CEM solve time: 1.5858 seconds
/workspace/r10/env_old/lib/python3.12/site-packages/gymnasium/utils/passive_env_checker.py:129: UserWarning: [33mWARN: The obs returned by the `step()` method was expecting a numpy array, actual type: <class 'torch.Tensor'>[0m
  logger.warn(
/workspace/r10/env_old/lib/python3.12/site-packages/gymnasium/spaces/box.py:415: UserWarning: [33mWARN: Casting input x to numpy array.[0m
  gym.logger.warn("Casting input x to numpy array.")
/workspace/r10/env_old/lib/python3.12/site-packages/gymnasium/utils/passive_env_checker.py:129: UserWarning: [33mWARN: The obs returned by the `reset()` method was expecting a numpy array, actual type: <class 'torch.Tensor'>[0m
  logger.warn(
/workspace/r10/env_old/lib/python3.12/site-packages/gymnasium/spaces/box.py:415: UserWarning: [33mWARN: Casting input x to numpy array.[0m
  gym.logger.warn("Casting input x to numpy array.")
CEM solve time: 1.5744 seconds
/workspace/r10/env_old/lib/python3.12/site-packages/gymnasium/utils/passive_env_checker.py:129: UserWarning: [33mWARN: The obs returned by the `step()` method was expecting a numpy array, actual type: <class 'torch.Tensor'>[0m
  logger.warn(
/workspace/r10/env_old/lib/python3.12/site-packages/gymnasium/spaces/box.py:415: UserWarning: [33mWARN: Casting input x to numpy array.[0m
  gym.logger.warn("Casting input x to numpy array.")
{"completed": 148, "missing": 0, "case": "R8_tworoom_0764579b0e8192142a2aa0dd", "arm": "REFIT_103203", "stream": "R3_ORIGINAL", "mode": "H_REAL3_REPLAN"}
/workspace/r10/env_old/lib/python3.12/site-packages/gymnasium/utils/passive_env_checker.py:129: UserWarning: [33mWARN: The obs returned by the `reset()` method was expecting a numpy array, actual type: <class 'torch.Tensor'>[0m
  logger.warn(
/workspace/r10/env_old/lib/python3.12/site-packages/gymnasium/spaces/box.py:415: UserWarning: [33mWARN: Casting input x to numpy array.[0m
  gym.logger.warn("Casting input x to numpy array.")
CEM solve time: 1.5741 seconds
/workspace/r10/env_old/lib/python3.12/site-packages/gymnasium/utils/passive_env_checker.py:129: UserWarning: [33mWARN: The obs returned by the `step()` method was expecting a numpy array, actual type: <class 'torch.Tensor'>[0m
  logger.warn(
/workspace/r10/env_old/lib/python3.12/site-packages/gymnasium/spaces/box.py:415: UserWarning: [33mWARN: Casting input x to numpy array.[0m
  gym.logger.warn("Casting input x to numpy array.")
/workspace/r10/env_old/lib/python3.12/site-packages/gymnasium/utils/passive_env_checker.py:129: UserWarning: [33mWARN: The obs returned by the `reset()` method was expecting a numpy array, actual type: <class 'torch.Tensor'>[0m
  logger.warn(
/workspace/r10/env_old/lib/python3.12/site-packages/gymnasium/spaces/box.py:415: UserWarning: [33mWARN: Casting input x to numpy array.[0m
  gym.logger.warn("Casting input x to numpy array.")
CEM solve time: 1.5779 seconds
/workspace/r10/env_old/lib/python3.12/site-packages/gymnasium/utils/passive_env_checker.py:129: UserWarning: [33mWARN: The obs returned by the `step()` method was expecting a numpy array, actual type: <class 'torch.Tensor'>[0m
  logger.warn(
/workspace/r10/env_old/lib/python3.12/site-packages/gymnasium/spaces/box.py:415: UserWarning: [33mWARN: Casting input x to numpy array.[0m
  gym.logger.warn("Casting input x to numpy array.")
{"completed": 149, "missing": 0, "case": "R8_tworoom_0764579b0e8192142a2aa0dd", "arm": "REFIT_103203", "stream": "R4_ALT_CEM_1", "mode": "H_REAL3_REPLAN"}
/workspace/r10/env_old/lib/python3.12/site-packages/gymnasium/utils/passive_env_checker.py:129: UserWarning: [33mWARN: The obs returned by the `reset()` method was expecting a numpy array, actual type: <class 'torch.Tensor'>[0m
  logger.warn(
/workspace/r10/env_old/lib/python3.12/site-packages/gymnasium/spaces/box.py:415: UserWarning: [33mWARN: Casting input x to numpy array.[0m
  gym.logger.warn("Casting input x to numpy array.")
CEM solve time: 1.5771 seconds
/workspace/r10/env_old/lib/python3.12/site-packages/gymnasium/utils/passive_env_checker.py:129: UserWarning: [33mWARN: The obs returned by the `step()` method was expecting a numpy array, actual type: <class 'torch.Tensor'>[0m
  logger.warn(
/workspace/r10/env_old/lib/python3.12/site-packages/gymnasium/spaces/box.py:415: UserWarning: [33mWARN: Casting input x to numpy array.[0m
  gym.logger.warn("Casting input x to numpy array.")
/workspace/r10/env_old/lib/python3.12/site-packages/gymnasium/utils/passive_env_checker.py:129: UserWarning: [33mWARN: The obs returned by the `reset()` method was expecting a numpy array, actual type: <class 'torch.Tensor'>[0m
  logger.warn(
/workspace/r10/env_old/lib/python3.12/site-packages/gymnasium/spaces/box.py:415: UserWarning: [33mWARN: Casting input x to numpy array.[0m
  gym.logger.warn("Casting input x to numpy array.")
CEM solve time: 1.5886 seconds
/workspace/r10/env_old/lib/python3.12/site-packages/gymnasium/utils/passive_env_checker.py:129: UserWarning: [33mWARN: The obs returned by the `step()` method was expecting a numpy array, actual type: <class 'torch.Tensor'>[0m
  logger.warn(
/workspace/r10/env_old/lib/python3.12/site-packages/gymnasium/spaces/box.py:415: UserWarning: [33mWARN: Casting input x to numpy array.[0m
  gym.logger.warn("Casting input x to numpy array.")
{"completed": 150, "missing": 0, "case": "R8_tworoom_0764579b0e8192142a2aa0dd", "arm": "REFIT_103203", "stream": "R4_ALT_CEM_2", "mode": "H_REAL3_REPLAN"}
/workspace/r10/env_old/lib/python3.12/site-packages/gymnasium/utils/passive_env_checker.py:129: UserWarning: [33mWARN: The obs returned by the `reset()` method was expecting a numpy array, actual type: <class 'torch.Tensor'>[0m
  logger.warn(
/workspace/r10/env_old/lib/python3.12/site-packages/gymnasium/spaces/box.py:415: UserWarning: [33mWARN: Casting input x to numpy array.[0m
  gym.logger.warn("Casting input x to numpy array.")
CEM solve time: 1.5869 seconds
/workspace/r10/env_old/lib/python3.12/site-packages/gymnasium/utils/passive_env_checker.py:129: UserWarning: [33mWARN: The obs returned by the `step()` method was expecting a numpy array, actual type: <class 'torch.Tensor'>[0m
  logger.warn(
/workspace/r10/env_old/lib/python3.12/site-packages/gymnasium/spaces/box.py:415: UserWarning: [33mWARN: Casting input x to numpy array.[0m
  gym.logger.warn("Casting input x to numpy array.")
CEM solve time: 1.6287 seconds
/workspace/r10/env_old/lib/python3.12/site-packages/gymnasium/utils/passive_env_checker.py:129: UserWarning: [33mWARN: The obs returned by the `reset()` method was expecting a numpy array, actual type: <class 'torch.Tensor'>[0m
  logger.warn(
/workspace/r10/env_old/lib/python3.12/site-packages/gymnasium/spaces/box.py:415: UserWarning: [33mWARN: Casting input x to numpy array.[0m
  gym.logger.warn("Casting input x to numpy array.")
CEM solve time: 1.6451 seconds
/workspace/r10/env_old/lib/python3.12/site-packages/gymnasium/utils/passive_env_checker.py:129: UserWarning: [33mWARN: The obs returned by the `step()` method was expecting a numpy array, actual type: <class 'torch.Tensor'>[0m
  logger.warn(
/workspace/r10/env_old/lib/python3.12/site-packages/gymnasium/spaces/box.py:415: UserWarning: [33mWARN: Casting input x to numpy array.[0m
  gym.logger.warn("Casting input x to numpy array.")
CEM solve time: 1.5921 seconds
{"completed": 151, "missing": 0, "case": "R8_tworoom_07e4dcb9572ac581baac5ea3", "arm": "REFIT_103203", "stream": "R3_ORIGINAL", "mode": "H_REAL3_REPLAN"}
/workspace/r10/env_old/lib/python3.12/site-packages/gymnasium/utils/passive_env_checker.py:129: UserWarning: [33mWARN: The obs returned by the `reset()` method was expecting a numpy array, actual type: <class 'torch.Tensor'>[0m
  logger.warn(
/workspace/r10/env_old/lib/python3.12/site-packages/gymnasium/spaces/box.py:415: UserWarning: [33mWARN: Casting input x to numpy array.[0m
  gym.logger.warn("Casting input x to numpy array.")
CEM solve time: 1.5736 seconds
/workspace/r10/env_old/lib/python3.12/site-packages/gymnasium/utils/passive_env_checker.py:129: UserWarning: [33mWARN: The obs returned by the `step()` method was expecting a numpy array, actual type: <class 'torch.Tensor'>[0m
  logger.warn(
/workspace/r10/env_old/lib/python3.12/site-packages/gymnasium/spaces/box.py:415: UserWarning: [33mWARN: Casting input x to numpy array.[0m
  gym.logger.warn("Casting input x to numpy array.")
/workspace/r10/env_old/lib/python3.12/site-packages/gymnasium/utils/passive_env_checker.py:129: UserWarning: [33mWARN: The obs returned by the `reset()` method was expecting a numpy array, actual type: <class 'torch.Tensor'>[0m
  logger.warn(
/workspace/r10/env_old/lib/python3.12/site-packages/gymnasium/spaces/box.py:415: UserWarning: [33mWARN: Casting input x to numpy array.[0m
  gym.logger.warn("Casting input x to numpy array.")
CEM solve time: 1.5709 seconds
/workspace/r10/env_old/lib/python3.12/site-packages/gymnasium/utils/passive_env_checker.py:129: UserWarning: [33mWARN: The obs returned by the `step()` method was expecting a numpy array, actual type: <class 'torch.Tensor'>[0m
  logger.warn(
/workspace/r10/env_old/lib/python3.12/site-packages/gymnasium/spaces/box.py:415: UserWarning: [33mWARN: Casting input x to numpy array.[0m
  gym.logger.warn("Casting input x to numpy array.")
{"completed": 152, "missing": 0, "case": "R8_tworoom_07e4dcb9572ac581baac5ea3", "arm": "REFIT_103203", "stream": "R4_ALT_CEM_1", "mode": "H_REAL3_REPLAN"}
/workspace/r10/env_old/lib/python3.12/site-packages/gymnasium/utils/passive_env_checker.py:129: UserWarning: [33mWARN: The obs returned by the `reset()` method was expecting a numpy array, actual type: <class 'torch.Tensor'>[0m
  logger.warn(
/workspace/r10/env_old/lib/python3.12/site-packages/gymnasium/spaces/box.py:415: UserWarning: [33mWARN: Casting input x to numpy array.[0m
  gym.logger.warn("Casting input x to numpy array.")
CEM solve time: 1.6134 seconds
/workspace/r10/env_old/lib/python3.12/site-packages/gymnasium/utils/passive_env_checker.py:129: UserWarning: [33mWARN: The obs returned by the `step()` method was expecting a numpy array, actual type: <class 'torch.Tensor'>[0m
  logger.warn(
/workspace/r10/env_old/lib/python3.12/site-packages/gymnasium/spaces/box.py:415: UserWarning: [33mWARN: Casting input x to numpy array.[0m
  gym.logger.warn("Casting input x to numpy array.")
/workspace/r10/env_old/lib/python3.12/site-packages/gymnasium/utils/passive_env_checker.py:129: UserWarning: [33mWARN: The obs returned by the `reset()` method was expecting a numpy array, actual type: <class 'torch.Tensor'>[0m
  logger.warn(
/workspace/r10/env_old/lib/python3.12/site-packages/gymnasium/spaces/box.py:415: UserWarning: [33mWARN: Casting input x to numpy array.[0m
  gym.logger.warn("Casting input x to numpy array.")
CEM solve time: 1.5769 seconds
/workspace/r10/env_old/lib/python3.12/site-packages/gymnasium/utils/passive_env_checker.py:129: UserWarning: [33mWARN: The obs returned by the `step()` method was expecting a numpy array, actual type: <class 'torch.Tensor'>[0m
  logger.warn(
/workspace/r10/env_old/lib/python3.12/site-packages/gymnasium/spaces/box.py:415: UserWarning: [33mWARN: Casting input x to numpy array.[0m
  gym.logger.warn("Casting input x to numpy array.")
{"completed": 153, "missing": 0, "case": "R8_tworoom_07e4dcb9572ac581baac5ea3", "arm": "REFIT_103203", "stream": "R4_ALT_CEM_2", "mode": "H_REAL3_REPLAN"}
/workspace/r10/env_old/lib/python3.12/site-packages/gymnasium/utils/passive_env_checker.py:129: UserWarning: [33mWARN: The obs returned by the `reset()` method was expecting a numpy array, actual type: <class 'torch.Tensor'>[0m
  logger.warn(
/workspace/r10/env_old/lib/python3.12/site-packages/gymnasium/spaces/box.py:415: UserWarning: [33mWARN: Casting input x to numpy array.[0m
  gym.logger.warn("Casting input x to numpy array.")
CEM solve time: 1.5788 seconds
/workspace/r10/env_old/lib/python3.12/site-packages/gymnasium/utils/passive_env_checker.py:129: UserWarning: [33mWARN: The obs returned by the `step()` method was expecting a numpy array, actual type: <class 'torch.Tensor'>[0m
  logger.warn(
/workspace/r10/env_old/lib/python3.12/site-packages/gymnasium/spaces/box.py:415: UserWarning: [33mWARN: Casting input x to numpy array.[0m
  gym.logger.warn("Casting input x to numpy array.")
CEM solve time: 1.5804 seconds
/workspace/r10/env_old/lib/python3.12/site-packages/gymnasium/utils/passive_env_checker.py:129: UserWarning: [33mWARN: The obs returned by the `reset()` method was expecting a numpy array, actual type: <class 'torch.Tensor'>[0m
  logger.warn(
/workspace/r10/env_old/lib/python3.12/site-packages/gymnasium/spaces/box.py:415: UserWarning: [33mWARN: Casting input x to numpy array.[0m
  gym.logger.warn("Casting input x to numpy array.")
CEM solve time: 1.5765 seconds
/workspace/r10/env_old/lib/python3.12/site-packages/gymnasium/utils/passive_env_checker.py:129: UserWarning: [33mWARN: The obs returned by the `step()` method was expecting a numpy array, actual type: <class 'torch.Tensor'>[0m
  logger.warn(
/workspace/r10/env_old/lib/python3.12/site-packages/gymnasium/spaces/box.py:415: UserWarning: [33mWARN: Casting input x to numpy array.[0m
  gym.logger.warn("Casting input x to numpy array.")
CEM solve time: 1.6477 seconds
{"completed": 154, "missing": 0, "case": "R8_tworoom_08aaa113960a522f6e8577dd", "arm": "REFIT_103203", "stream": "R3_ORIGINAL", "mode": "H_REAL3_REPLAN"}
/workspace/r10/env_old/lib/python3.12/site-packages/gymnasium/utils/passive_env_checker.py:129: UserWarning: [33mWARN: The obs returned by the `reset()` method was expecting a numpy array, actual type: <class 'torch.Tensor'>[0m
  logger.warn(
/workspace/r10/env_old/lib/python3.12/site-packages/gymnasium/spaces/box.py:415: UserWarning: [33mWARN: Casting input x to numpy array.[0m
  gym.logger.warn("Casting input x to numpy array.")
CEM solve time: 1.5768 seconds
/workspace/r10/env_old/lib/python3.12/site-packages/gymnasium/utils/passive_env_checker.py:129: UserWarning: [33mWARN: The obs returned by the `step()` method was expecting a numpy array, actual type: <class 'torch.Tensor'>[0m
  logger.warn(
/workspace/r10/env_old/lib/python3.12/site-packages/gymnasium/spaces/box.py:415: UserWarning: [33mWARN: Casting input x to numpy array.[0m
  gym.logger.warn("Casting input x to numpy array.")
/workspace/r10/env_old/lib/python3.12/site-packages/gymnasium/utils/passive_env_checker.py:129: UserWarning: [33mWARN: The obs returned by the `reset()` method was expecting a numpy array, actual type: <class 'torch.Tensor'>[0m
  logger.warn(
/workspace/r10/env_old/lib/python3.12/site-packages/gymnasium/spaces/box.py:415: UserWarning: [33mWARN: Casting input x to numpy array.[0m
  gym.logger.warn("Casting input x to numpy array.")
CEM solve time: 1.5850 seconds
/workspace/r10/env_old/lib/python3.12/site-packages/gymnasium/utils/passive_env_checker.py:129: UserWarning: [33mWARN: The obs returned by the `step()` method was expecting a numpy array, actual type: <class 'torch.Tensor'>[0m
  logger.warn(
/workspace/r10/env_old/lib/python3.12/site-packages/gymnasium/spaces/box.py:415: UserWarning: [33mWARN: Casting input x to numpy array.[0m
  gym.logger.warn("Casting input x to numpy array.")
{"completed": 155, "missing": 0, "case": "R8_tworoom_08aaa113960a522f6e8577dd", "arm": "REFIT_103203", "stream": "R4_ALT_CEM_1", "mode": "H_REAL3_REPLAN"}
/workspace/r10/env_old/lib/python3.12/site-packages/gymnasium/utils/passive_env_checker.py:129: UserWarning: [33mWARN: The obs returned by the `reset()` method was expecting a numpy array, actual type: <class 'torch.Tensor'>[0m
  logger.warn(
/workspace/r10/env_old/lib/python3.12/site-packages/gymnasium/spaces/box.py:415: UserWarning: [33mWARN: Casting input x to numpy array.[0m
  gym.logger.warn("Casting input x to numpy array.")
CEM solve time: 1.5712 seconds
/workspace/r10/env_old/lib/python3.12/site-packages/gymnasium/utils/passive_env_checker.py:129: UserWarning: [33mWARN: The obs returned by the `step()` method was expecting a numpy array, actual type: <class 'torch.Tensor'>[0m
  logger.warn(
/workspace/r10/env_old/lib/python3.12/site-packages/gymnasium/spaces/box.py:415: UserWarning: [33mWARN: Casting input x to numpy array.[0m
  gym.logger.warn("Casting input x to numpy array.")
/workspace/r10/env_old/lib/python3.12/site-packages/gymnasium/utils/passive_env_checker.py:129: UserWarning: [33mWARN: The obs returned by the `reset()` method was expecting a numpy array, actual type: <class 'torch.Tensor'>[0m
  logger.warn(
/workspace/r10/env_old/lib/python3.12/site-packages/gymnasium/spaces/box.py:415: UserWarning: [33mWARN: Casting input x to numpy array.[0m
  gym.logger.warn("Casting input x to numpy array.")
CEM solve time: 1.5783 seconds
/workspace/r10/env_old/lib/python3.12/site-packages/gymnasium/utils/passive_env_checker.py:129: UserWarning: [33mWARN: The obs returned by the `step()` method was expecting a numpy array, actual type: <class 'torch.Tensor'>[0m
  logger.warn(
/workspace/r10/env_old/lib/python3.12/site-packages/gymnasium/spaces/box.py:415: UserWarning: [33mWARN: Casting input x to numpy array.[0m
  gym.logger.warn("Casting input x to numpy array.")
{"completed": 156, "missing": 0, "case": "R8_tworoom_08aaa113960a522f6e8577dd", "arm": "REFIT_103203", "stream": "R4_ALT_CEM_2", "mode": "H_REAL3_REPLAN"}
