/workspace/r10/shared_data/r3/source/swm_compat/stable_worldmodel/envs/__init__.py:215: UserWarning: ale-py not found; ALE/* envs are unavailable. Install with: pip install 'stable-worldmodel[env]' or pip install ale-py.
  from stable_worldmodel.envs import ale  # noqa: F401
/workspace/r10/env_old/lib/python3.12/site-packages/gymnasium/envs/registration.py:729: UserWarning: [33mWARN: The environment is being initialised with render_mode='rgb_array' that is not in the possible render_modes ([]).[0m
  logger.warn(
CEM solve time: 1.8419 seconds
CEM solve time: 1.3124 seconds
/workspace/r10/env_old/lib/python3.12/site-packages/gymnasium/envs/registration.py:729: UserWarning: [33mWARN: The environment is being initialised with render_mode='rgb_array' that is not in the possible render_modes ([]).[0m
  logger.warn(
CEM solve time: 1.2679 seconds
CEM solve time: 1.2480 seconds
{"completed": 1, "missing": 0, "case": "R6_reacher_004a2bdf27d8bfceafa73467", "arm": "H0", "stream": "R3_ORIGINAL", "mode": "REAL3_NULLACT"}
/workspace/r10/env_old/lib/python3.12/site-packages/gymnasium/envs/registration.py:729: UserWarning: [33mWARN: The environment is being initialised with render_mode='rgb_array' that is not in the possible render_modes ([]).[0m
  logger.warn(
CEM solve time: 1.2301 seconds
CEM solve time: 1.2635 seconds
{"completed": 2, "missing": 0, "case": "R6_reacher_004a2bdf27d8bfceafa73467", "arm": "H0", "stream": "R3_ORIGINAL", "mode": "REPEAT3_REALACT"}
/workspace/r10/env_old/lib/python3.12/site-packages/gymnasium/envs/registration.py:729: UserWarning: [33mWARN: The environment is being initialised with render_mode='rgb_array' that is not in the possible render_modes ([]).[0m
  logger.warn(
CEM solve time: 1.2503 seconds
CEM solve time: 1.2290 seconds
/workspace/r10/env_old/lib/python3.12/site-packages/gymnasium/envs/registration.py:729: UserWarning: [33mWARN: The environment is being initialised with render_mode='rgb_array' that is not in the possible render_modes ([]).[0m
  logger.warn(
CEM solve time: 1.1960 seconds
CEM solve time: 1.2753 seconds
{"completed": 3, "missing": 0, "case": "R6_reacher_004a2bdf27d8bfceafa73467", "arm": "H0", "stream": "R4_ALT_CEM_1", "mode": "REAL3_NULLACT"}
/workspace/r10/env_old/lib/python3.12/site-packages/gymnasium/envs/registration.py:729: UserWarning: [33mWARN: The environment is being initialised with render_mode='rgb_array' that is not in the possible render_modes ([]).[0m
  logger.warn(
CEM solve time: 1.2018 seconds
CEM solve time: 1.2610 seconds
{"completed": 4, "missing": 0, "case": "R6_reacher_004a2bdf27d8bfceafa73467", "arm": "H0", "stream": "R4_ALT_CEM_1", "mode": "REPEAT3_REALACT"}
/workspace/r10/env_old/lib/python3.12/site-packages/gymnasium/envs/registration.py:729: UserWarning: [33mWARN: The environment is being initialised with render_mode='rgb_array' that is not in the possible render_modes ([]).[0m
  logger.warn(
CEM solve time: 1.1958 seconds
CEM solve time: 1.2447 seconds
/workspace/r10/env_old/lib/python3.12/site-packages/gymnasium/envs/registration.py:729: UserWarning: [33mWARN: The environment is being initialised with render_mode='rgb_array' that is not in the possible render_modes ([]).[0m
  logger.warn(
CEM solve time: 1.2451 seconds
CEM solve time: 1.2756 seconds
{"completed": 5, "missing": 0, "case": "R6_reacher_004a2bdf27d8bfceafa73467", "arm": "H0", "stream": "R4_ALT_CEM_2", "mode": "REAL3_NULLACT"}
/workspace/r10/env_old/lib/python3.12/site-packages/gymnasium/envs/registration.py:729: UserWarning: [33mWARN: The environment is being initialised with render_mode='rgb_array' that is not in the possible render_modes ([]).[0m
  logger.warn(
CEM solve time: 1.2857 seconds
CEM solve time: 1.3117 seconds
{"completed": 6, "missing": 0, "case": "R6_reacher_004a2bdf27d8bfceafa73467", "arm": "H0", "stream": "R4_ALT_CEM_2", "mode": "REPEAT3_REALACT"}
/workspace/r10/env_old/lib/python3.12/site-packages/gymnasium/envs/registration.py:729: UserWarning: [33mWARN: The environment is being initialised with render_mode='rgb_array' that is not in the possible render_modes ([]).[0m
  logger.warn(
CEM solve time: 1.2229 seconds
/workspace/r10/env_old/lib/python3.12/site-packages/gymnasium/envs/registration.py:729: UserWarning: [33mWARN: The environment is being initialised with render_mode='rgb_array' that is not in the possible render_modes ([]).[0m
  logger.warn(
CEM solve time: 1.2158 seconds
{"completed": 7, "missing": 0, "case": "R6_reacher_026d9ade4b09a32c4196f539", "arm": "H0", "stream": "R3_ORIGINAL", "mode": "REAL3_NULLACT"}
/workspace/r10/env_old/lib/python3.12/site-packages/gymnasium/envs/registration.py:729: UserWarning: [33mWARN: The environment is being initialised with render_mode='rgb_array' that is not in the possible render_modes ([]).[0m
  logger.warn(
CEM solve time: 1.2294 seconds
{"completed": 8, "missing": 0, "case": "R6_reacher_026d9ade4b09a32c4196f539", "arm": "H0", "stream": "R3_ORIGINAL", "mode": "REPEAT3_REALACT"}
/workspace/r10/env_old/lib/python3.12/site-packages/gymnasium/envs/registration.py:729: UserWarning: [33mWARN: The environment is being initialised with render_mode='rgb_array' that is not in the possible render_modes ([]).[0m
  logger.warn(
CEM solve time: 1.2276 seconds
/workspace/r10/env_old/lib/python3.12/site-packages/gymnasium/envs/registration.py:729: UserWarning: [33mWARN: The environment is being initialised with render_mode='rgb_array' that is not in the possible render_modes ([]).[0m
  logger.warn(
CEM solve time: 1.2237 seconds
{"completed": 9, "missing": 0, "case": "R6_reacher_026d9ade4b09a32c4196f539", "arm": "H0", "stream": "R4_ALT_CEM_1", "mode": "REAL3_NULLACT"}
/workspace/r10/env_old/lib/python3.12/site-packages/gymnasium/envs/registration.py:729: UserWarning: [33mWARN: The environment is being initialised with render_mode='rgb_array' that is not in the possible render_modes ([]).[0m
  logger.warn(
CEM solve time: 1.2770 seconds
{"completed": 10, "missing": 0, "case": "R6_reacher_026d9ade4b09a32c4196f539", "arm": "H0", "stream": "R4_ALT_CEM_1", "mode": "REPEAT3_REALACT"}
/workspace/r10/env_old/lib/python3.12/site-packages/gymnasium/envs/registration.py:729: UserWarning: [33mWARN: The environment is being initialised with render_mode='rgb_array' that is not in the possible render_modes ([]).[0m
  logger.warn(
CEM solve time: 1.2631 seconds
CEM solve time: 1.2697 seconds
/workspace/r10/env_old/lib/python3.12/site-packages/gymnasium/envs/registration.py:729: UserWarning: [33mWARN: The environment is being initialised with render_mode='rgb_array' that is not in the possible render_modes ([]).[0m
  logger.warn(
CEM solve time: 1.2569 seconds
CEM solve time: 1.3021 seconds
{"completed": 11, "missing": 0, "case": "R6_reacher_026d9ade4b09a32c4196f539", "arm": "H0", "stream": "R4_ALT_CEM_2", "mode": "REAL3_NULLACT"}
/workspace/r10/env_old/lib/python3.12/site-packages/gymnasium/envs/registration.py:729: UserWarning: [33mWARN: The environment is being initialised with render_mode='rgb_array' that is not in the possible render_modes ([]).[0m
  logger.warn(
CEM solve time: 1.2638 seconds
CEM solve time: 1.2876 seconds
{"completed": 12, "missing": 0, "case": "R6_reacher_026d9ade4b09a32c4196f539", "arm": "H0", "stream": "R4_ALT_CEM_2", "mode": "REPEAT3_REALACT"}
/workspace/r10/env_old/lib/python3.12/site-packages/gymnasium/envs/registration.py:729: UserWarning: [33mWARN: The environment is being initialised with render_mode='rgb_array' that is not in the possible render_modes ([]).[0m
  logger.warn(
CEM solve time: 1.2455 seconds
CEM solve time: 1.2894 seconds
/workspace/r10/env_old/lib/python3.12/site-packages/gymnasium/envs/registration.py:729: UserWarning: [33mWARN: The environment is being initialised with render_mode='rgb_array' that is not in the possible render_modes ([]).[0m
  logger.warn(
CEM solve time: 1.2039 seconds
CEM solve time: 1.2678 seconds
{"completed": 13, "missing": 0, "case": "R6_reacher_040d72a154c2687da092ebc8", "arm": "H0", "stream": "R3_ORIGINAL", "mode": "REAL3_NULLACT"}
/workspace/r10/env_old/lib/python3.12/site-packages/gymnasium/envs/registration.py:729: UserWarning: [33mWARN: The environment is being initialised with render_mode='rgb_array' that is not in the possible render_modes ([]).[0m
  logger.warn(
CEM solve time: 1.2881 seconds
CEM solve time: 1.2604 seconds
{"completed": 14, "missing": 0, "case": "R6_reacher_040d72a154c2687da092ebc8", "arm": "H0", "stream": "R3_ORIGINAL", "mode": "REPEAT3_REALACT"}
/workspace/r10/env_old/lib/python3.12/site-packages/gymnasium/envs/registration.py:729: UserWarning: [33mWARN: The environment is being initialised with render_mode='rgb_array' that is not in the possible render_modes ([]).[0m
  logger.warn(
CEM solve time: 1.2428 seconds
CEM solve time: 1.2832 seconds
/workspace/r10/env_old/lib/python3.12/site-packages/gymnasium/envs/registration.py:729: UserWarning: [33mWARN: The environment is being initialised with render_mode='rgb_array' that is not in the possible render_modes ([]).[0m
  logger.warn(
CEM solve time: 1.2910 seconds
CEM solve time: 1.3120 seconds
{"completed": 15, "missing": 0, "case": "R6_reacher_040d72a154c2687da092ebc8", "arm": "H0", "stream": "R4_ALT_CEM_1", "mode": "REAL3_NULLACT"}
/workspace/r10/env_old/lib/python3.12/site-packages/gymnasium/envs/registration.py:729: UserWarning: [33mWARN: The environment is being initialised with render_mode='rgb_array' that is not in the possible render_modes ([]).[0m
  logger.warn(
CEM solve time: 1.2282 seconds
CEM solve time: 1.2852 seconds
{"completed": 16, "missing": 0, "case": "R6_reacher_040d72a154c2687da092ebc8", "arm": "H0", "stream": "R4_ALT_CEM_1", "mode": "REPEAT3_REALACT"}
/workspace/r10/env_old/lib/python3.12/site-packages/gymnasium/envs/registration.py:729: UserWarning: [33mWARN: The environment is being initialised with render_mode='rgb_array' that is not in the possible render_modes ([]).[0m
  logger.warn(
CEM solve time: 1.2652 seconds
CEM solve time: 1.2491 seconds
/workspace/r10/env_old/lib/python3.12/site-packages/gymnasium/envs/registration.py:729: UserWarning: [33mWARN: The environment is being initialised with render_mode='rgb_array' that is not in the possible render_modes ([]).[0m
  logger.warn(
CEM solve time: 1.1990 seconds
CEM solve time: 1.1922 seconds
{"completed": 17, "missing": 0, "case": "R6_reacher_040d72a154c2687da092ebc8", "arm": "H0", "stream": "R4_ALT_CEM_2", "mode": "REAL3_NULLACT"}
/workspace/r10/env_old/lib/python3.12/site-packages/gymnasium/envs/registration.py:729: UserWarning: [33mWARN: The environment is being initialised with render_mode='rgb_array' that is not in the possible render_modes ([]).[0m
  logger.warn(
CEM solve time: 1.2191 seconds
CEM solve time: 1.2673 seconds
{"completed": 18, "missing": 0, "case": "R6_reacher_040d72a154c2687da092ebc8", "arm": "H0", "stream": "R4_ALT_CEM_2", "mode": "REPEAT3_REALACT"}
/workspace/r10/env_old/lib/python3.12/site-packages/gymnasium/envs/registration.py:729: UserWarning: [33mWARN: The environment is being initialised with render_mode='rgb_array' that is not in the possible render_modes ([]).[0m
  logger.warn(
CEM solve time: 1.2378 seconds
CEM solve time: 1.2781 seconds
/workspace/r10/env_old/lib/python3.12/site-packages/gymnasium/envs/registration.py:729: UserWarning: [33mWARN: The environment is being initialised with render_mode='rgb_array' that is not in the possible render_modes ([]).[0m
  logger.warn(
CEM solve time: 1.2665 seconds
CEM solve time: 1.2631 seconds
{"completed": 19, "missing": 0, "case": "R6_reacher_058fbdf2d7805234d86b62e9", "arm": "H0", "stream": "R3_ORIGINAL", "mode": "REAL3_NULLACT"}
/workspace/r10/env_old/lib/python3.12/site-packages/gymnasium/envs/registration.py:729: UserWarning: [33mWARN: The environment is being initialised with render_mode='rgb_array' that is not in the possible render_modes ([]).[0m
  logger.warn(
CEM solve time: 1.3123 seconds
CEM solve time: 1.2644 seconds
{"completed": 20, "missing": 0, "case": "R6_reacher_058fbdf2d7805234d86b62e9", "arm": "H0", "stream": "R3_ORIGINAL", "mode": "REPEAT3_REALACT"}
/workspace/r10/env_old/lib/python3.12/site-packages/gymnasium/envs/registration.py:729: UserWarning: [33mWARN: The environment is being initialised with render_mode='rgb_array' that is not in the possible render_modes ([]).[0m
  logger.warn(
CEM solve time: 1.2867 seconds
CEM solve time: 1.2506 seconds
/workspace/r10/env_old/lib/python3.12/site-packages/gymnasium/envs/registration.py:729: UserWarning: [33mWARN: The environment is being initialised with render_mode='rgb_array' that is not in the possible render_modes ([]).[0m
  logger.warn(
CEM solve time: 1.2962 seconds
CEM solve time: 1.2484 seconds
{"completed": 21, "missing": 0, "case": "R6_reacher_058fbdf2d7805234d86b62e9", "arm": "H0", "stream": "R4_ALT_CEM_1", "mode": "REAL3_NULLACT"}
/workspace/r10/env_old/lib/python3.12/site-packages/gymnasium/envs/registration.py:729: UserWarning: [33mWARN: The environment is being initialised with render_mode='rgb_array' that is not in the possible render_modes ([]).[0m
  logger.warn(
CEM solve time: 1.2582 seconds
CEM solve time: 1.2395 seconds
{"completed": 22, "missing": 0, "case": "R6_reacher_058fbdf2d7805234d86b62e9", "arm": "H0", "stream": "R4_ALT_CEM_1", "mode": "REPEAT3_REALACT"}
/workspace/r10/env_old/lib/python3.12/site-packages/gymnasium/envs/registration.py:729: UserWarning: [33mWARN: The environment is being initialised with render_mode='rgb_array' that is not in the possible render_modes ([]).[0m
  logger.warn(
CEM solve time: 1.2375 seconds
CEM solve time: 1.2291 seconds
/workspace/r10/env_old/lib/python3.12/site-packages/gymnasium/envs/registration.py:729: UserWarning: [33mWARN: The environment is being initialised with render_mode='rgb_array' that is not in the possible render_modes ([]).[0m
  logger.warn(
CEM solve time: 1.2480 seconds
CEM solve time: 1.1846 seconds
{"completed": 23, "missing": 0, "case": "R6_reacher_058fbdf2d7805234d86b62e9", "arm": "H0", "stream": "R4_ALT_CEM_2", "mode": "REAL3_NULLACT"}
/workspace/r10/env_old/lib/python3.12/site-packages/gymnasium/envs/registration.py:729: UserWarning: [33mWARN: The environment is being initialised with render_mode='rgb_array' that is not in the possible render_modes ([]).[0m
  logger.warn(
CEM solve time: 1.2349 seconds
CEM solve time: 1.2124 seconds
{"completed": 24, "missing": 0, "case": "R6_reacher_058fbdf2d7805234d86b62e9", "arm": "H0", "stream": "R4_ALT_CEM_2", "mode": "REPEAT3_REALACT"}
/workspace/r10/env_old/lib/python3.12/site-packages/gymnasium/envs/registration.py:729: UserWarning: [33mWARN: The environment is being initialised with render_mode='rgb_array' that is not in the possible render_modes ([]).[0m
  logger.warn(
CEM solve time: 1.2653 seconds
/workspace/r10/env_old/lib/python3.12/site-packages/gymnasium/envs/registration.py:729: UserWarning: [33mWARN: The environment is being initialised with render_mode='rgb_array' that is not in the possible render_modes ([]).[0m
  logger.warn(
CEM solve time: 1.2292 seconds
{"completed": 25, "missing": 0, "case": "R6_reacher_07bc032092b89db7cfeb780b", "arm": "H0", "stream": "R3_ORIGINAL", "mode": "REAL3_NULLACT"}
/workspace/r10/env_old/lib/python3.12/site-packages/gymnasium/envs/registration.py:729: UserWarning: [33mWARN: The environment is being initialised with render_mode='rgb_array' that is not in the possible render_modes ([]).[0m
  logger.warn(
CEM solve time: 1.2417 seconds
{"completed": 26, "missing": 0, "case": "R6_reacher_07bc032092b89db7cfeb780b", "arm": "H0", "stream": "R3_ORIGINAL", "mode": "REPEAT3_REALACT"}
/workspace/r10/env_old/lib/python3.12/site-packages/gymnasium/envs/registration.py:729: UserWarning: [33mWARN: The environment is being initialised with render_mode='rgb_array' that is not in the possible render_modes ([]).[0m
  logger.warn(
CEM solve time: 1.2528 seconds
/workspace/r10/env_old/lib/python3.12/site-packages/gymnasium/envs/registration.py:729: UserWarning: [33mWARN: The environment is being initialised with render_mode='rgb_array' that is not in the possible render_modes ([]).[0m
  logger.warn(
CEM solve time: 1.2582 seconds
{"completed": 27, "missing": 0, "case": "R6_reacher_07bc032092b89db7cfeb780b", "arm": "H0", "stream": "R4_ALT_CEM_1", "mode": "REAL3_NULLACT"}
/workspace/r10/env_old/lib/python3.12/site-packages/gymnasium/envs/registration.py:729: UserWarning: [33mWARN: The environment is being initialised with render_mode='rgb_array' that is not in the possible render_modes ([]).[0m
  logger.warn(
CEM solve time: 1.2790 seconds
{"completed": 28, "missing": 0, "case": "R6_reacher_07bc032092b89db7cfeb780b", "arm": "H0", "stream": "R4_ALT_CEM_1", "mode": "REPEAT3_REALACT"}
/workspace/r10/env_old/lib/python3.12/site-packages/gymnasium/envs/registration.py:729: UserWarning: [33mWARN: The environment is being initialised with render_mode='rgb_array' that is not in the possible render_modes ([]).[0m
  logger.warn(
CEM solve time: 1.2796 seconds
/workspace/r10/env_old/lib/python3.12/site-packages/gymnasium/envs/registration.py:729: UserWarning: [33mWARN: The environment is being initialised with render_mode='rgb_array' that is not in the possible render_modes ([]).[0m
  logger.warn(
CEM solve time: 1.2654 seconds
{"completed": 29, "missing": 0, "case": "R6_reacher_07bc032092b89db7cfeb780b", "arm": "H0", "stream": "R4_ALT_CEM_2", "mode": "REAL3_NULLACT"}
/workspace/r10/env_old/lib/python3.12/site-packages/gymnasium/envs/registration.py:729: UserWarning: [33mWARN: The environment is being initialised with render_mode='rgb_array' that is not in the possible render_modes ([]).[0m
  logger.warn(
CEM solve time: 1.3108 seconds
{"completed": 30, "missing": 0, "case": "R6_reacher_07bc032092b89db7cfeb780b", "arm": "H0", "stream": "R4_ALT_CEM_2", "mode": "REPEAT3_REALACT"}
/workspace/r10/env_old/lib/python3.12/site-packages/gymnasium/envs/registration.py:729: UserWarning: [33mWARN: The environment is being initialised with render_mode='rgb_array' that is not in the possible render_modes ([]).[0m
  logger.warn(
CEM solve time: 1.2878 seconds
CEM solve time: 1.2660 seconds
/workspace/r10/env_old/lib/python3.12/site-packages/gymnasium/envs/registration.py:729: UserWarning: [33mWARN: The environment is being initialised with render_mode='rgb_array' that is not in the possible render_modes ([]).[0m
  logger.warn(
CEM solve time: 1.2897 seconds
CEM solve time: 1.3281 seconds
{"completed": 31, "missing": 0, "case": "R6_reacher_09129778869b8933020399b8", "arm": "H0", "stream": "R3_ORIGINAL", "mode": "REAL3_NULLACT"}
/workspace/r10/env_old/lib/python3.12/site-packages/gymnasium/envs/registration.py:729: UserWarning: [33mWARN: The environment is being initialised with render_mode='rgb_array' that is not in the possible render_modes ([]).[0m
  logger.warn(
CEM solve time: 1.2835 seconds
CEM solve time: 1.2660 seconds
{"completed": 32, "missing": 0, "case": "R6_reacher_09129778869b8933020399b8", "arm": "H0", "stream": "R3_ORIGINAL", "mode": "REPEAT3_REALACT"}
/workspace/r10/env_old/lib/python3.12/site-packages/gymnasium/envs/registration.py:729: UserWarning: [33mWARN: The environment is being initialised with render_mode='rgb_array' that is not in the possible render_modes ([]).[0m
  logger.warn(
CEM solve time: 1.2750 seconds
CEM solve time: 1.2496 seconds
/workspace/r10/env_old/lib/python3.12/site-packages/gymnasium/envs/registration.py:729: UserWarning: [33mWARN: The environment is being initialised with render_mode='rgb_array' that is not in the possible render_modes ([]).[0m
  logger.warn(
CEM solve time: 1.1904 seconds
CEM solve time: 1.2167 seconds
{"completed": 33, "missing": 0, "case": "R6_reacher_09129778869b8933020399b8", "arm": "H0", "stream": "R4_ALT_CEM_1", "mode": "REAL3_NULLACT"}
/workspace/r10/env_old/lib/python3.12/site-packages/gymnasium/envs/registration.py:729: UserWarning: [33mWARN: The environment is being initialised with render_mode='rgb_array' that is not in the possible render_modes ([]).[0m
  logger.warn(
CEM solve time: 1.2092 seconds
CEM solve time: 1.2583 seconds
{"completed": 34, "missing": 0, "case": "R6_reacher_09129778869b8933020399b8", "arm": "H0", "stream": "R4_ALT_CEM_1", "mode": "REPEAT3_REALACT"}
/workspace/r10/env_old/lib/python3.12/site-packages/gymnasium/envs/registration.py:729: UserWarning: [33mWARN: The environment is being initialised with render_mode='rgb_array' that is not in the possible render_modes ([]).[0m
  logger.warn(
CEM solve time: 1.2493 seconds
CEM solve time: 1.2685 seconds
/workspace/r10/env_old/lib/python3.12/site-packages/gymnasium/envs/registration.py:729: UserWarning: [33mWARN: The environment is being initialised with render_mode='rgb_array' that is not in the possible render_modes ([]).[0m
  logger.warn(
CEM solve time: 1.2697 seconds
CEM solve time: 1.2282 seconds
{"completed": 35, "missing": 0, "case": "R6_reacher_09129778869b8933020399b8", "arm": "H0", "stream": "R4_ALT_CEM_2", "mode": "REAL3_NULLACT"}
/workspace/r10/env_old/lib/python3.12/site-packages/gymnasium/envs/registration.py:729: UserWarning: [33mWARN: The environment is being initialised with render_mode='rgb_array' that is not in the possible render_modes ([]).[0m
  logger.warn(
CEM solve time: 1.2540 seconds
CEM solve time: 1.2842 seconds
{"completed": 36, "missing": 0, "case": "R6_reacher_09129778869b8933020399b8", "arm": "H0", "stream": "R4_ALT_CEM_2", "mode": "REPEAT3_REALACT"}
/workspace/r10/env_old/lib/python3.12/site-packages/gymnasium/envs/registration.py:729: UserWarning: [33mWARN: The environment is being initialised with render_mode='rgb_array' that is not in the possible render_modes ([]).[0m
  logger.warn(
CEM solve time: 1.2562 seconds
CEM solve time: 1.2715 seconds
/workspace/r10/env_old/lib/python3.12/site-packages/gymnasium/envs/registration.py:729: UserWarning: [33mWARN: The environment is being initialised with render_mode='rgb_array' that is not in the possible render_modes ([]).[0m
  logger.warn(
CEM solve time: 1.2747 seconds
CEM solve time: 1.2502 seconds
{"completed": 37, "missing": 0, "case": "R6_reacher_0a8ebf9f92e62de330d9759e", "arm": "H0", "stream": "R3_ORIGINAL", "mode": "REAL3_NULLACT"}
/workspace/r10/env_old/lib/python3.12/site-packages/gymnasium/envs/registration.py:729: UserWarning: [33mWARN: The environment is being initialised with render_mode='rgb_array' that is not in the possible render_modes ([]).[0m
  logger.warn(
CEM solve time: 1.2573 seconds
CEM solve time: 1.1835 seconds
{"completed": 38, "missing": 0, "case": "R6_reacher_0a8ebf9f92e62de330d9759e", "arm": "H0", "stream": "R3_ORIGINAL", "mode": "REPEAT3_REALACT"}
/workspace/r10/env_old/lib/python3.12/site-packages/gymnasium/envs/registration.py:729: UserWarning: [33mWARN: The environment is being initialised with render_mode='rgb_array' that is not in the possible render_modes ([]).[0m
  logger.warn(
CEM solve time: 1.1807 seconds
CEM solve time: 1.2351 seconds
/workspace/r10/env_old/lib/python3.12/site-packages/gymnasium/envs/registration.py:729: UserWarning: [33mWARN: The environment is being initialised with render_mode='rgb_array' that is not in the possible render_modes ([]).[0m
  logger.warn(
CEM solve time: 1.2623 seconds
CEM solve time: 1.2295 seconds
{"completed": 39, "missing": 0, "case": "R6_reacher_0a8ebf9f92e62de330d9759e", "arm": "H0", "stream": "R4_ALT_CEM_1", "mode": "REAL3_NULLACT"}
/workspace/r10/env_old/lib/python3.12/site-packages/gymnasium/envs/registration.py:729: UserWarning: [33mWARN: The environment is being initialised with render_mode='rgb_array' that is not in the possible render_modes ([]).[0m
  logger.warn(
CEM solve time: 1.2460 seconds
CEM solve time: 1.2420 seconds
{"completed": 40, "missing": 0, "case": "R6_reacher_0a8ebf9f92e62de330d9759e", "arm": "H0", "stream": "R4_ALT_CEM_1", "mode": "REPEAT3_REALACT"}
/workspace/r10/env_old/lib/python3.12/site-packages/gymnasium/envs/registration.py:729: UserWarning: [33mWARN: The environment is being initialised with render_mode='rgb_array' that is not in the possible render_modes ([]).[0m
  logger.warn(
CEM solve time: 1.2735 seconds
CEM solve time: 1.2694 seconds
/workspace/r10/env_old/lib/python3.12/site-packages/gymnasium/envs/registration.py:729: UserWarning: [33mWARN: The environment is being initialised with render_mode='rgb_array' that is not in the possible render_modes ([]).[0m
  logger.warn(
CEM solve time: 1.2819 seconds
CEM solve time: 1.2569 seconds
{"completed": 41, "missing": 0, "case": "R6_reacher_0a8ebf9f92e62de330d9759e", "arm": "H0", "stream": "R4_ALT_CEM_2", "mode": "REAL3_NULLACT"}
/workspace/r10/env_old/lib/python3.12/site-packages/gymnasium/envs/registration.py:729: UserWarning: [33mWARN: The environment is being initialised with render_mode='rgb_array' that is not in the possible render_modes ([]).[0m
  logger.warn(
CEM solve time: 1.2792 seconds
CEM solve time: 1.2603 seconds
{"completed": 42, "missing": 0, "case": "R6_reacher_0a8ebf9f92e62de330d9759e", "arm": "H0", "stream": "R4_ALT_CEM_2", "mode": "REPEAT3_REALACT"}
/workspace/r10/env_old/lib/python3.12/site-packages/gymnasium/envs/registration.py:729: UserWarning: [33mWARN: The environment is being initialised with render_mode='rgb_array' that is not in the possible render_modes ([]).[0m
  logger.warn(
CEM solve time: 1.3372 seconds
CEM solve time: 1.2746 seconds
/workspace/r10/env_old/lib/python3.12/site-packages/gymnasium/envs/registration.py:729: UserWarning: [33mWARN: The environment is being initialised with render_mode='rgb_array' that is not in the possible render_modes ([]).[0m
  logger.warn(
CEM solve time: 1.2659 seconds
CEM solve time: 1.2890 seconds
{"completed": 43, "missing": 0, "case": "R6_reacher_004a2bdf27d8bfceafa73467", "arm": "REFIT_103201", "stream": "R3_ORIGINAL", "mode": "REAL3_NULLACT"}
/workspace/r10/env_old/lib/python3.12/site-packages/gymnasium/envs/registration.py:729: UserWarning: [33mWARN: The environment is being initialised with render_mode='rgb_array' that is not in the possible render_modes ([]).[0m
  logger.warn(
CEM solve time: 1.2580 seconds
CEM solve time: 1.2872 seconds
{"completed": 44, "missing": 0, "case": "R6_reacher_004a2bdf27d8bfceafa73467", "arm": "REFIT_103201", "stream": "R3_ORIGINAL", "mode": "REPEAT3_REALACT"}
/workspace/r10/env_old/lib/python3.12/site-packages/gymnasium/envs/registration.py:729: UserWarning: [33mWARN: The environment is being initialised with render_mode='rgb_array' that is not in the possible render_modes ([]).[0m
  logger.warn(
CEM solve time: 1.2515 seconds
CEM solve time: 1.2706 seconds
/workspace/r10/env_old/lib/python3.12/site-packages/gymnasium/envs/registration.py:729: UserWarning: [33mWARN: The environment is being initialised with render_mode='rgb_array' that is not in the possible render_modes ([]).[0m
  logger.warn(
CEM solve time: 1.3142 seconds
CEM solve time: 1.2947 seconds
{"completed": 45, "missing": 0, "case": "R6_reacher_004a2bdf27d8bfceafa73467", "arm": "REFIT_103201", "stream": "R4_ALT_CEM_1", "mode": "REAL3_NULLACT"}
/workspace/r10/env_old/lib/python3.12/site-packages/gymnasium/envs/registration.py:729: UserWarning: [33mWARN: The environment is being initialised with render_mode='rgb_array' that is not in the possible render_modes ([]).[0m
  logger.warn(
CEM solve time: 1.2554 seconds
CEM solve time: 1.3032 seconds
{"completed": 46, "missing": 0, "case": "R6_reacher_004a2bdf27d8bfceafa73467", "arm": "REFIT_103201", "stream": "R4_ALT_CEM_1", "mode": "REPEAT3_REALACT"}
/workspace/r10/env_old/lib/python3.12/site-packages/gymnasium/envs/registration.py:729: UserWarning: [33mWARN: The environment is being initialised with render_mode='rgb_array' that is not in the possible render_modes ([]).[0m
  logger.warn(
CEM solve time: 1.3644 seconds
CEM solve time: 1.3240 seconds
/workspace/r10/env_old/lib/python3.12/site-packages/gymnasium/envs/registration.py:729: UserWarning: [33mWARN: The environment is being initialised with render_mode='rgb_array' that is not in the possible render_modes ([]).[0m
  logger.warn(
CEM solve time: 1.2564 seconds
CEM solve time: 1.3248 seconds
{"completed": 47, "missing": 0, "case": "R6_reacher_004a2bdf27d8bfceafa73467", "arm": "REFIT_103201", "stream": "R4_ALT_CEM_2", "mode": "REAL3_NULLACT"}
/workspace/r10/env_old/lib/python3.12/site-packages/gymnasium/envs/registration.py:729: UserWarning: [33mWARN: The environment is being initialised with render_mode='rgb_array' that is not in the possible render_modes ([]).[0m
  logger.warn(
CEM solve time: 1.2703 seconds
CEM solve time: 1.3600 seconds
{"completed": 48, "missing": 0, "case": "R6_reacher_004a2bdf27d8bfceafa73467", "arm": "REFIT_103201", "stream": "R4_ALT_CEM_2", "mode": "REPEAT3_REALACT"}
/workspace/r10/env_old/lib/python3.12/site-packages/gymnasium/envs/registration.py:729: UserWarning: [33mWARN: The environment is being initialised with render_mode='rgb_array' that is not in the possible render_modes ([]).[0m
  logger.warn(
CEM solve time: 1.3569 seconds
/workspace/r10/env_old/lib/python3.12/site-packages/gymnasium/envs/registration.py:729: UserWarning: [33mWARN: The environment is being initialised with render_mode='rgb_array' that is not in the possible render_modes ([]).[0m
  logger.warn(
CEM solve time: 1.3176 seconds
{"completed": 49, "missing": 0, "case": "R6_reacher_026d9ade4b09a32c4196f539", "arm": "REFIT_103201", "stream": "R3_ORIGINAL", "mode": "REAL3_NULLACT"}
/workspace/r10/env_old/lib/python3.12/site-packages/gymnasium/envs/registration.py:729: UserWarning: [33mWARN: The environment is being initialised with render_mode='rgb_array' that is not in the possible render_modes ([]).[0m
  logger.warn(
CEM solve time: 1.3034 seconds
{"completed": 50, "missing": 0, "case": "R6_reacher_026d9ade4b09a32c4196f539", "arm": "REFIT_103201", "stream": "R3_ORIGINAL", "mode": "REPEAT3_REALACT"}
/workspace/r10/env_old/lib/python3.12/site-packages/gymnasium/envs/registration.py:729: UserWarning: [33mWARN: The environment is being initialised with render_mode='rgb_array' that is not in the possible render_modes ([]).[0m
  logger.warn(
CEM solve time: 1.3032 seconds
CEM solve time: 1.3154 seconds
/workspace/r10/env_old/lib/python3.12/site-packages/gymnasium/envs/registration.py:729: UserWarning: [33mWARN: The environment is being initialised with render_mode='rgb_array' that is not in the possible render_modes ([]).[0m
  logger.warn(
CEM solve time: 1.3045 seconds
CEM solve time: 1.2686 seconds
{"completed": 51, "missing": 0, "case": "R6_reacher_026d9ade4b09a32c4196f539", "arm": "REFIT_103201", "stream": "R4_ALT_CEM_1", "mode": "REAL3_NULLACT"}
/workspace/r10/env_old/lib/python3.12/site-packages/gymnasium/envs/registration.py:729: UserWarning: [33mWARN: The environment is being initialised with render_mode='rgb_array' that is not in the possible render_modes ([]).[0m
  logger.warn(
CEM solve time: 1.2998 seconds
CEM solve time: 1.3347 seconds
{"completed": 52, "missing": 0, "case": "R6_reacher_026d9ade4b09a32c4196f539", "arm": "REFIT_103201", "stream": "R4_ALT_CEM_1", "mode": "REPEAT3_REALACT"}
/workspace/r10/env_old/lib/python3.12/site-packages/gymnasium/envs/registration.py:729: UserWarning: [33mWARN: The environment is being initialised with render_mode='rgb_array' that is not in the possible render_modes ([]).[0m
  logger.warn(
CEM solve time: 1.2299 seconds
CEM solve time: 1.2933 seconds
/workspace/r10/env_old/lib/python3.12/site-packages/gymnasium/envs/registration.py:729: UserWarning: [33mWARN: The environment is being initialised with render_mode='rgb_array' that is not in the possible render_modes ([]).[0m
  logger.warn(
CEM solve time: 1.2250 seconds
CEM solve time: 1.2627 seconds
{"completed": 53, "missing": 0, "case": "R6_reacher_026d9ade4b09a32c4196f539", "arm": "REFIT_103201", "stream": "R4_ALT_CEM_2", "mode": "REAL3_NULLACT"}
/workspace/r10/env_old/lib/python3.12/site-packages/gymnasium/envs/registration.py:729: UserWarning: [33mWARN: The environment is being initialised with render_mode='rgb_array' that is not in the possible render_modes ([]).[0m
  logger.warn(
CEM solve time: 1.2409 seconds
CEM solve time: 1.3312 seconds
{"completed": 54, "missing": 0, "case": "R6_reacher_026d9ade4b09a32c4196f539", "arm": "REFIT_103201", "stream": "R4_ALT_CEM_2", "mode": "REPEAT3_REALACT"}
/workspace/r10/env_old/lib/python3.12/site-packages/gymnasium/envs/registration.py:729: UserWarning: [33mWARN: The environment is being initialised with render_mode='rgb_array' that is not in the possible render_modes ([]).[0m
  logger.warn(
CEM solve time: 1.2633 seconds
CEM solve time: 1.3003 seconds
/workspace/r10/env_old/lib/python3.12/site-packages/gymnasium/envs/registration.py:729: UserWarning: [33mWARN: The environment is being initialised with render_mode='rgb_array' that is not in the possible render_modes ([]).[0m
  logger.warn(
CEM solve time: 1.2515 seconds
CEM solve time: 1.2977 seconds
{"completed": 55, "missing": 0, "case": "R6_reacher_040d72a154c2687da092ebc8", "arm": "REFIT_103201", "stream": "R3_ORIGINAL", "mode": "REAL3_NULLACT"}
/workspace/r10/env_old/lib/python3.12/site-packages/gymnasium/envs/registration.py:729: UserWarning: [33mWARN: The environment is being initialised with render_mode='rgb_array' that is not in the possible render_modes ([]).[0m
  logger.warn(
CEM solve time: 1.2409 seconds
CEM solve time: 1.2859 seconds
{"completed": 56, "missing": 0, "case": "R6_reacher_040d72a154c2687da092ebc8", "arm": "REFIT_103201", "stream": "R3_ORIGINAL", "mode": "REPEAT3_REALACT"}
/workspace/r10/env_old/lib/python3.12/site-packages/gymnasium/envs/registration.py:729: UserWarning: [33mWARN: The environment is being initialised with render_mode='rgb_array' that is not in the possible render_modes ([]).[0m
  logger.warn(
CEM solve time: 1.2416 seconds
CEM solve time: 1.2453 seconds
/workspace/r10/env_old/lib/python3.12/site-packages/gymnasium/envs/registration.py:729: UserWarning: [33mWARN: The environment is being initialised with render_mode='rgb_array' that is not in the possible render_modes ([]).[0m
  logger.warn(
CEM solve time: 1.2231 seconds
CEM solve time: 1.2123 seconds
{"completed": 57, "missing": 0, "case": "R6_reacher_040d72a154c2687da092ebc8", "arm": "REFIT_103201", "stream": "R4_ALT_CEM_1", "mode": "REAL3_NULLACT"}
/workspace/r10/env_old/lib/python3.12/site-packages/gymnasium/envs/registration.py:729: UserWarning: [33mWARN: The environment is being initialised with render_mode='rgb_array' that is not in the possible render_modes ([]).[0m
  logger.warn(
CEM solve time: 1.2291 seconds
CEM solve time: 1.2813 seconds
{"completed": 58, "missing": 0, "case": "R6_reacher_040d72a154c2687da092ebc8", "arm": "REFIT_103201", "stream": "R4_ALT_CEM_1", "mode": "REPEAT3_REALACT"}
/workspace/r10/env_old/lib/python3.12/site-packages/gymnasium/envs/registration.py:729: UserWarning: [33mWARN: The environment is being initialised with render_mode='rgb_array' that is not in the possible render_modes ([]).[0m
  logger.warn(
CEM solve time: 1.2675 seconds
CEM solve time: 1.2482 seconds
/workspace/r10/env_old/lib/python3.12/site-packages/gymnasium/envs/registration.py:729: UserWarning: [33mWARN: The environment is being initialised with render_mode='rgb_array' that is not in the possible render_modes ([]).[0m
  logger.warn(
CEM solve time: 1.2884 seconds
CEM solve time: 1.2789 seconds
{"completed": 59, "missing": 0, "case": "R6_reacher_040d72a154c2687da092ebc8", "arm": "REFIT_103201", "stream": "R4_ALT_CEM_2", "mode": "REAL3_NULLACT"}
/workspace/r10/env_old/lib/python3.12/site-packages/gymnasium/envs/registration.py:729: UserWarning: [33mWARN: The environment is being initialised with render_mode='rgb_array' that is not in the possible render_modes ([]).[0m
  logger.warn(
CEM solve time: 1.2168 seconds
CEM solve time: 1.2884 seconds
{"completed": 60, "missing": 0, "case": "R6_reacher_040d72a154c2687da092ebc8", "arm": "REFIT_103201", "stream": "R4_ALT_CEM_2", "mode": "REPEAT3_REALACT"}
/workspace/r10/env_old/lib/python3.12/site-packages/gymnasium/envs/registration.py:729: UserWarning: [33mWARN: The environment is being initialised with render_mode='rgb_array' that is not in the possible render_modes ([]).[0m
  logger.warn(
CEM solve time: 1.3059 seconds
CEM solve time: 1.2814 seconds
/workspace/r10/env_old/lib/python3.12/site-packages/gymnasium/envs/registration.py:729: UserWarning: [33mWARN: The environment is being initialised with render_mode='rgb_array' that is not in the possible render_modes ([]).[0m
  logger.warn(
CEM solve time: 1.2848 seconds
CEM solve time: 1.2655 seconds
{"completed": 61, "missing": 0, "case": "R6_reacher_058fbdf2d7805234d86b62e9", "arm": "REFIT_103201", "stream": "R3_ORIGINAL", "mode": "REAL3_NULLACT"}
/workspace/r10/env_old/lib/python3.12/site-packages/gymnasium/envs/registration.py:729: UserWarning: [33mWARN: The environment is being initialised with render_mode='rgb_array' that is not in the possible render_modes ([]).[0m
  logger.warn(
CEM solve time: 1.2811 seconds
CEM solve time: 1.2582 seconds
{"completed": 62, "missing": 0, "case": "R6_reacher_058fbdf2d7805234d86b62e9", "arm": "REFIT_103201", "stream": "R3_ORIGINAL", "mode": "REPEAT3_REALACT"}
/workspace/r10/env_old/lib/python3.12/site-packages/gymnasium/envs/registration.py:729: UserWarning: [33mWARN: The environment is being initialised with render_mode='rgb_array' that is not in the possible render_modes ([]).[0m
  logger.warn(
CEM solve time: 1.2734 seconds
CEM solve time: 1.2602 seconds
/workspace/r10/env_old/lib/python3.12/site-packages/gymnasium/envs/registration.py:729: UserWarning: [33mWARN: The environment is being initialised with render_mode='rgb_array' that is not in the possible render_modes ([]).[0m
  logger.warn(
CEM solve time: 1.2745 seconds
CEM solve time: 1.2705 seconds
{"completed": 63, "missing": 0, "case": "R6_reacher_058fbdf2d7805234d86b62e9", "arm": "REFIT_103201", "stream": "R4_ALT_CEM_1", "mode": "REAL3_NULLACT"}
/workspace/r10/env_old/lib/python3.12/site-packages/gymnasium/envs/registration.py:729: UserWarning: [33mWARN: The environment is being initialised with render_mode='rgb_array' that is not in the possible render_modes ([]).[0m
  logger.warn(
CEM solve time: 1.2469 seconds
CEM solve time: 1.2795 seconds
{"completed": 64, "missing": 0, "case": "R6_reacher_058fbdf2d7805234d86b62e9", "arm": "REFIT_103201", "stream": "R4_ALT_CEM_1", "mode": "REPEAT3_REALACT"}
/workspace/r10/env_old/lib/python3.12/site-packages/gymnasium/envs/registration.py:729: UserWarning: [33mWARN: The environment is being initialised with render_mode='rgb_array' that is not in the possible render_modes ([]).[0m
  logger.warn(
CEM solve time: 1.2231 seconds
CEM solve time: 1.3315 seconds
/workspace/r10/env_old/lib/python3.12/site-packages/gymnasium/envs/registration.py:729: UserWarning: [33mWARN: The environment is being initialised with render_mode='rgb_array' that is not in the possible render_modes ([]).[0m
  logger.warn(
CEM solve time: 1.2589 seconds
CEM solve time: 1.3269 seconds
{"completed": 65, "missing": 0, "case": "R6_reacher_058fbdf2d7805234d86b62e9", "arm": "REFIT_103201", "stream": "R4_ALT_CEM_2", "mode": "REAL3_NULLACT"}
/workspace/r10/env_old/lib/python3.12/site-packages/gymnasium/envs/registration.py:729: UserWarning: [33mWARN: The environment is being initialised with render_mode='rgb_array' that is not in the possible render_modes ([]).[0m
  logger.warn(
CEM solve time: 1.3190 seconds
CEM solve time: 1.3228 seconds
{"completed": 66, "missing": 0, "case": "R6_reacher_058fbdf2d7805234d86b62e9", "arm": "REFIT_103201", "stream": "R4_ALT_CEM_2", "mode": "REPEAT3_REALACT"}
/workspace/r10/env_old/lib/python3.12/site-packages/gymnasium/envs/registration.py:729: UserWarning: [33mWARN: The environment is being initialised with render_mode='rgb_array' that is not in the possible render_modes ([]).[0m
  logger.warn(
CEM solve time: 1.2988 seconds
/workspace/r10/env_old/lib/python3.12/site-packages/gymnasium/envs/registration.py:729: UserWarning: [33mWARN: The environment is being initialised with render_mode='rgb_array' that is not in the possible render_modes ([]).[0m
  logger.warn(
CEM solve time: 1.2585 seconds
{"completed": 67, "missing": 0, "case": "R6_reacher_07bc032092b89db7cfeb780b", "arm": "REFIT_103201", "stream": "R3_ORIGINAL", "mode": "REAL3_NULLACT"}
/workspace/r10/env_old/lib/python3.12/site-packages/gymnasium/envs/registration.py:729: UserWarning: [33mWARN: The environment is being initialised with render_mode='rgb_array' that is not in the possible render_modes ([]).[0m
  logger.warn(
CEM solve time: 1.3333 seconds
{"completed": 68, "missing": 0, "case": "R6_reacher_07bc032092b89db7cfeb780b", "arm": "REFIT_103201", "stream": "R3_ORIGINAL", "mode": "REPEAT3_REALACT"}
/workspace/r10/env_old/lib/python3.12/site-packages/gymnasium/envs/registration.py:729: UserWarning: [33mWARN: The environment is being initialised with render_mode='rgb_array' that is not in the possible render_modes ([]).[0m
  logger.warn(
CEM solve time: 1.3160 seconds
/workspace/r10/env_old/lib/python3.12/site-packages/gymnasium/envs/registration.py:729: UserWarning: [33mWARN: The environment is being initialised with render_mode='rgb_array' that is not in the possible render_modes ([]).[0m
  logger.warn(
CEM solve time: 1.3287 seconds
{"completed": 69, "missing": 0, "case": "R6_reacher_07bc032092b89db7cfeb780b", "arm": "REFIT_103201", "stream": "R4_ALT_CEM_1", "mode": "REAL3_NULLACT"}
/workspace/r10/env_old/lib/python3.12/site-packages/gymnasium/envs/registration.py:729: UserWarning: [33mWARN: The environment is being initialised with render_mode='rgb_array' that is not in the possible render_modes ([]).[0m
  logger.warn(
CEM solve time: 1.3106 seconds
{"completed": 70, "missing": 0, "case": "R6_reacher_07bc032092b89db7cfeb780b", "arm": "REFIT_103201", "stream": "R4_ALT_CEM_1", "mode": "REPEAT3_REALACT"}
/workspace/r10/env_old/lib/python3.12/site-packages/gymnasium/envs/registration.py:729: UserWarning: [33mWARN: The environment is being initialised with render_mode='rgb_array' that is not in the possible render_modes ([]).[0m
  logger.warn(
CEM solve time: 1.2685 seconds
/workspace/r10/env_old/lib/python3.12/site-packages/gymnasium/envs/registration.py:729: UserWarning: [33mWARN: The environment is being initialised with render_mode='rgb_array' that is not in the possible render_modes ([]).[0m
  logger.warn(
CEM solve time: 1.3380 seconds
{"completed": 71, "missing": 0, "case": "R6_reacher_07bc032092b89db7cfeb780b", "arm": "REFIT_103201", "stream": "R4_ALT_CEM_2", "mode": "REAL3_NULLACT"}
/workspace/r10/env_old/lib/python3.12/site-packages/gymnasium/envs/registration.py:729: UserWarning: [33mWARN: The environment is being initialised with render_mode='rgb_array' that is not in the possible render_modes ([]).[0m
  logger.warn(
CEM solve time: 1.2528 seconds
{"completed": 72, "missing": 0, "case": "R6_reacher_07bc032092b89db7cfeb780b", "arm": "REFIT_103201", "stream": "R4_ALT_CEM_2", "mode": "REPEAT3_REALACT"}
/workspace/r10/env_old/lib/python3.12/site-packages/gymnasium/envs/registration.py:729: UserWarning: [33mWARN: The environment is being initialised with render_mode='rgb_array' that is not in the possible render_modes ([]).[0m
  logger.warn(
CEM solve time: 1.2954 seconds
CEM solve time: 1.3731 seconds
/workspace/r10/env_old/lib/python3.12/site-packages/gymnasium/envs/registration.py:729: UserWarning: [33mWARN: The environment is being initialised with render_mode='rgb_array' that is not in the possible render_modes ([]).[0m
  logger.warn(
CEM solve time: 1.2936 seconds
CEM solve time: 1.3690 seconds
{"completed": 73, "missing": 0, "case": "R6_reacher_09129778869b8933020399b8", "arm": "REFIT_103201", "stream": "R3_ORIGINAL", "mode": "REAL3_NULLACT"}
/workspace/r10/env_old/lib/python3.12/site-packages/gymnasium/envs/registration.py:729: UserWarning: [33mWARN: The environment is being initialised with render_mode='rgb_array' that is not in the possible render_modes ([]).[0m
  logger.warn(
CEM solve time: 1.3241 seconds
CEM solve time: 1.4133 seconds
{"completed": 74, "missing": 0, "case": "R6_reacher_09129778869b8933020399b8", "arm": "REFIT_103201", "stream": "R3_ORIGINAL", "mode": "REPEAT3_REALACT"}
/workspace/r10/env_old/lib/python3.12/site-packages/gymnasium/envs/registration.py:729: UserWarning: [33mWARN: The environment is being initialised with render_mode='rgb_array' that is not in the possible render_modes ([]).[0m
  logger.warn(
CEM solve time: 1.3047 seconds
CEM solve time: 1.2947 seconds
/workspace/r10/env_old/lib/python3.12/site-packages/gymnasium/envs/registration.py:729: UserWarning: [33mWARN: The environment is being initialised with render_mode='rgb_array' that is not in the possible render_modes ([]).[0m
  logger.warn(
CEM solve time: 1.3021 seconds
CEM solve time: 1.2826 seconds
{"completed": 75, "missing": 0, "case": "R6_reacher_09129778869b8933020399b8", "arm": "REFIT_103201", "stream": "R4_ALT_CEM_1", "mode": "REAL3_NULLACT"}
/workspace/r10/env_old/lib/python3.12/site-packages/gymnasium/envs/registration.py:729: UserWarning: [33mWARN: The environment is being initialised with render_mode='rgb_array' that is not in the possible render_modes ([]).[0m
  logger.warn(
CEM solve time: 1.3567 seconds
CEM solve time: 1.4026 seconds
{"completed": 76, "missing": 0, "case": "R6_reacher_09129778869b8933020399b8", "arm": "REFIT_103201", "stream": "R4_ALT_CEM_1", "mode": "REPEAT3_REALACT"}
/workspace/r10/env_old/lib/python3.12/site-packages/gymnasium/envs/registration.py:729: UserWarning: [33mWARN: The environment is being initialised with render_mode='rgb_array' that is not in the possible render_modes ([]).[0m
  logger.warn(
CEM solve time: 1.3084 seconds
CEM solve time: 1.2544 seconds
/workspace/r10/env_old/lib/python3.12/site-packages/gymnasium/envs/registration.py:729: UserWarning: [33mWARN: The environment is being initialised with render_mode='rgb_array' that is not in the possible render_modes ([]).[0m
  logger.warn(
CEM solve time: 1.3086 seconds
CEM solve time: 1.3033 seconds
{"completed": 77, "missing": 0, "case": "R6_reacher_09129778869b8933020399b8", "arm": "REFIT_103201", "stream": "R4_ALT_CEM_2", "mode": "REAL3_NULLACT"}
/workspace/r10/env_old/lib/python3.12/site-packages/gymnasium/envs/registration.py:729: UserWarning: [33mWARN: The environment is being initialised with render_mode='rgb_array' that is not in the possible render_modes ([]).[0m
  logger.warn(
CEM solve time: 1.3090 seconds
CEM solve time: 1.3104 seconds
{"completed": 78, "missing": 0, "case": "R6_reacher_09129778869b8933020399b8", "arm": "REFIT_103201", "stream": "R4_ALT_CEM_2", "mode": "REPEAT3_REALACT"}
/workspace/r10/env_old/lib/python3.12/site-packages/gymnasium/envs/registration.py:729: UserWarning: [33mWARN: The environment is being initialised with render_mode='rgb_array' that is not in the possible render_modes ([]).[0m
  logger.warn(
CEM solve time: 1.2613 seconds
CEM solve time: 1.3002 seconds
/workspace/r10/env_old/lib/python3.12/site-packages/gymnasium/envs/registration.py:729: UserWarning: [33mWARN: The environment is being initialised with render_mode='rgb_array' that is not in the possible render_modes ([]).[0m
  logger.warn(
CEM solve time: 1.2886 seconds
CEM solve time: 1.3275 seconds
{"completed": 79, "missing": 0, "case": "R6_reacher_0a8ebf9f92e62de330d9759e", "arm": "REFIT_103201", "stream": "R3_ORIGINAL", "mode": "REAL3_NULLACT"}
/workspace/r10/env_old/lib/python3.12/site-packages/gymnasium/envs/registration.py:729: UserWarning: [33mWARN: The environment is being initialised with render_mode='rgb_array' that is not in the possible render_modes ([]).[0m
  logger.warn(
CEM solve time: 1.2648 seconds
CEM solve time: 1.3073 seconds
{"completed": 80, "missing": 0, "case": "R6_reacher_0a8ebf9f92e62de330d9759e", "arm": "REFIT_103201", "stream": "R3_ORIGINAL", "mode": "REPEAT3_REALACT"}
/workspace/r10/env_old/lib/python3.12/site-packages/gymnasium/envs/registration.py:729: UserWarning: [33mWARN: The environment is being initialised with render_mode='rgb_array' that is not in the possible render_modes ([]).[0m
  logger.warn(
CEM solve time: 1.2637 seconds
CEM solve time: 1.2765 seconds
/workspace/r10/env_old/lib/python3.12/site-packages/gymnasium/envs/registration.py:729: UserWarning: [33mWARN: The environment is being initialised with render_mode='rgb_array' that is not in the possible render_modes ([]).[0m
  logger.warn(
CEM solve time: 1.2597 seconds
CEM solve time: 1.2759 seconds
{"completed": 81, "missing": 0, "case": "R6_reacher_0a8ebf9f92e62de330d9759e", "arm": "REFIT_103201", "stream": "R4_ALT_CEM_1", "mode": "REAL3_NULLACT"}
/workspace/r10/env_old/lib/python3.12/site-packages/gymnasium/envs/registration.py:729: UserWarning: [33mWARN: The environment is being initialised with render_mode='rgb_array' that is not in the possible render_modes ([]).[0m
  logger.warn(
CEM solve time: 1.2846 seconds
CEM solve time: 1.3148 seconds
{"completed": 82, "missing": 0, "case": "R6_reacher_0a8ebf9f92e62de330d9759e", "arm": "REFIT_103201", "stream": "R4_ALT_CEM_1", "mode": "REPEAT3_REALACT"}
/workspace/r10/env_old/lib/python3.12/site-packages/gymnasium/envs/registration.py:729: UserWarning: [33mWARN: The environment is being initialised with render_mode='rgb_array' that is not in the possible render_modes ([]).[0m
  logger.warn(
CEM solve time: 1.3713 seconds
CEM solve time: 1.3195 seconds
/workspace/r10/env_old/lib/python3.12/site-packages/gymnasium/envs/registration.py:729: UserWarning: [33mWARN: The environment is being initialised with render_mode='rgb_array' that is not in the possible render_modes ([]).[0m
  logger.warn(
CEM solve time: 1.2837 seconds
CEM solve time: 1.3307 seconds
{"completed": 83, "missing": 0, "case": "R6_reacher_0a8ebf9f92e62de330d9759e", "arm": "REFIT_103201", "stream": "R4_ALT_CEM_2", "mode": "REAL3_NULLACT"}
/workspace/r10/env_old/lib/python3.12/site-packages/gymnasium/envs/registration.py:729: UserWarning: [33mWARN: The environment is being initialised with render_mode='rgb_array' that is not in the possible render_modes ([]).[0m
  logger.warn(
CEM solve time: 1.3109 seconds
CEM solve time: 1.3193 seconds
{"completed": 84, "missing": 0, "case": "R6_reacher_0a8ebf9f92e62de330d9759e", "arm": "REFIT_103201", "stream": "R4_ALT_CEM_2", "mode": "REPEAT3_REALACT"}
/workspace/r10/env_old/lib/python3.12/site-packages/gymnasium/envs/registration.py:729: UserWarning: [33mWARN: The environment is being initialised with render_mode='rgb_array' that is not in the possible render_modes ([]).[0m
  logger.warn(
CEM solve time: 1.2784 seconds
CEM solve time: 1.2760 seconds
/workspace/r10/env_old/lib/python3.12/site-packages/gymnasium/envs/registration.py:729: UserWarning: [33mWARN: The environment is being initialised with render_mode='rgb_array' that is not in the possible render_modes ([]).[0m
  logger.warn(
CEM solve time: 1.3123 seconds
CEM solve time: 1.3286 seconds
{"completed": 85, "missing": 0, "case": "R6_reacher_004a2bdf27d8bfceafa73467", "arm": "REFIT_103202", "stream": "R3_ORIGINAL", "mode": "REAL3_NULLACT"}
/workspace/r10/env_old/lib/python3.12/site-packages/gymnasium/envs/registration.py:729: UserWarning: [33mWARN: The environment is being initialised with render_mode='rgb_array' that is not in the possible render_modes ([]).[0m
  logger.warn(
CEM solve time: 1.2837 seconds
CEM solve time: 1.2970 seconds
{"completed": 86, "missing": 0, "case": "R6_reacher_004a2bdf27d8bfceafa73467", "arm": "REFIT_103202", "stream": "R3_ORIGINAL", "mode": "REPEAT3_REALACT"}
/workspace/r10/env_old/lib/python3.12/site-packages/gymnasium/envs/registration.py:729: UserWarning: [33mWARN: The environment is being initialised with render_mode='rgb_array' that is not in the possible render_modes ([]).[0m
  logger.warn(
CEM solve time: 1.2672 seconds
CEM solve time: 1.2906 seconds
/workspace/r10/env_old/lib/python3.12/site-packages/gymnasium/envs/registration.py:729: UserWarning: [33mWARN: The environment is being initialised with render_mode='rgb_array' that is not in the possible render_modes ([]).[0m
  logger.warn(
CEM solve time: 1.3165 seconds
CEM solve time: 1.2817 seconds
{"completed": 87, "missing": 0, "case": "R6_reacher_004a2bdf27d8bfceafa73467", "arm": "REFIT_103202", "stream": "R4_ALT_CEM_1", "mode": "REAL3_NULLACT"}
/workspace/r10/env_old/lib/python3.12/site-packages/gymnasium/envs/registration.py:729: UserWarning: [33mWARN: The environment is being initialised with render_mode='rgb_array' that is not in the possible render_modes ([]).[0m
  logger.warn(
CEM solve time: 1.3057 seconds
CEM solve time: 1.3486 seconds
{"completed": 88, "missing": 0, "case": "R6_reacher_004a2bdf27d8bfceafa73467", "arm": "REFIT_103202", "stream": "R4_ALT_CEM_1", "mode": "REPEAT3_REALACT"}
/workspace/r10/env_old/lib/python3.12/site-packages/gymnasium/envs/registration.py:729: UserWarning: [33mWARN: The environment is being initialised with render_mode='rgb_array' that is not in the possible render_modes ([]).[0m
  logger.warn(
CEM solve time: 1.3000 seconds
CEM solve time: 1.2739 seconds
/workspace/r10/env_old/lib/python3.12/site-packages/gymnasium/envs/registration.py:729: UserWarning: [33mWARN: The environment is being initialised with render_mode='rgb_array' that is not in the possible render_modes ([]).[0m
  logger.warn(
CEM solve time: 1.2829 seconds
CEM solve time: 1.2883 seconds
{"completed": 89, "missing": 0, "case": "R6_reacher_004a2bdf27d8bfceafa73467", "arm": "REFIT_103202", "stream": "R4_ALT_CEM_2", "mode": "REAL3_NULLACT"}
/workspace/r10/env_old/lib/python3.12/site-packages/gymnasium/envs/registration.py:729: UserWarning: [33mWARN: The environment is being initialised with render_mode='rgb_array' that is not in the possible render_modes ([]).[0m
  logger.warn(
CEM solve time: 1.3127 seconds
CEM solve time: 1.2925 seconds
{"completed": 90, "missing": 0, "case": "R6_reacher_004a2bdf27d8bfceafa73467", "arm": "REFIT_103202", "stream": "R4_ALT_CEM_2", "mode": "REPEAT3_REALACT"}
/workspace/r10/env_old/lib/python3.12/site-packages/gymnasium/envs/registration.py:729: UserWarning: [33mWARN: The environment is being initialised with render_mode='rgb_array' that is not in the possible render_modes ([]).[0m
  logger.warn(
CEM solve time: 1.3262 seconds
/workspace/r10/env_old/lib/python3.12/site-packages/gymnasium/envs/registration.py:729: UserWarning: [33mWARN: The environment is being initialised with render_mode='rgb_array' that is not in the possible render_modes ([]).[0m
  logger.warn(
CEM solve time: 1.2628 seconds
{"completed": 91, "missing": 0, "case": "R6_reacher_026d9ade4b09a32c4196f539", "arm": "REFIT_103202", "stream": "R3_ORIGINAL", "mode": "REAL3_NULLACT"}
/workspace/r10/env_old/lib/python3.12/site-packages/gymnasium/envs/registration.py:729: UserWarning: [33mWARN: The environment is being initialised with render_mode='rgb_array' that is not in the possible render_modes ([]).[0m
  logger.warn(
CEM solve time: 1.3341 seconds
{"completed": 92, "missing": 0, "case": "R6_reacher_026d9ade4b09a32c4196f539", "arm": "REFIT_103202", "stream": "R3_ORIGINAL", "mode": "REPEAT3_REALACT"}
/workspace/r10/env_old/lib/python3.12/site-packages/gymnasium/envs/registration.py:729: UserWarning: [33mWARN: The environment is being initialised with render_mode='rgb_array' that is not in the possible render_modes ([]).[0m
  logger.warn(
CEM solve time: 1.2531 seconds
/workspace/r10/env_old/lib/python3.12/site-packages/gymnasium/envs/registration.py:729: UserWarning: [33mWARN: The environment is being initialised with render_mode='rgb_array' that is not in the possible render_modes ([]).[0m
  logger.warn(
CEM solve time: 1.3257 seconds
{"completed": 93, "missing": 0, "case": "R6_reacher_026d9ade4b09a32c4196f539", "arm": "REFIT_103202", "stream": "R4_ALT_CEM_1", "mode": "REAL3_NULLACT"}
/workspace/r10/env_old/lib/python3.12/site-packages/gymnasium/envs/registration.py:729: UserWarning: [33mWARN: The environment is being initialised with render_mode='rgb_array' that is not in the possible render_modes ([]).[0m
  logger.warn(
CEM solve time: 1.2422 seconds
{"completed": 94, "missing": 0, "case": "R6_reacher_026d9ade4b09a32c4196f539", "arm": "REFIT_103202", "stream": "R4_ALT_CEM_1", "mode": "REPEAT3_REALACT"}
/workspace/r10/env_old/lib/python3.12/site-packages/gymnasium/envs/registration.py:729: UserWarning: [33mWARN: The environment is being initialised with render_mode='rgb_array' that is not in the possible render_modes ([]).[0m
  logger.warn(
CEM solve time: 1.3247 seconds
CEM solve time: 1.2652 seconds
/workspace/r10/env_old/lib/python3.12/site-packages/gymnasium/envs/registration.py:729: UserWarning: [33mWARN: The environment is being initialised with render_mode='rgb_array' that is not in the possible render_modes ([]).[0m
  logger.warn(
CEM solve time: 1.2529 seconds
CEM solve time: 1.2985 seconds
{"completed": 95, "missing": 0, "case": "R6_reacher_026d9ade4b09a32c4196f539", "arm": "REFIT_103202", "stream": "R4_ALT_CEM_2", "mode": "REAL3_NULLACT"}
/workspace/r10/env_old/lib/python3.12/site-packages/gymnasium/envs/registration.py:729: UserWarning: [33mWARN: The environment is being initialised with render_mode='rgb_array' that is not in the possible render_modes ([]).[0m
  logger.warn(
CEM solve time: 1.3156 seconds
CEM solve time: 1.3231 seconds
{"completed": 96, "missing": 0, "case": "R6_reacher_026d9ade4b09a32c4196f539", "arm": "REFIT_103202", "stream": "R4_ALT_CEM_2", "mode": "REPEAT3_REALACT"}
/workspace/r10/env_old/lib/python3.12/site-packages/gymnasium/envs/registration.py:729: UserWarning: [33mWARN: The environment is being initialised with render_mode='rgb_array' that is not in the possible render_modes ([]).[0m
  logger.warn(
CEM solve time: 1.3700 seconds
CEM solve time: 1.2718 seconds
/workspace/r10/env_old/lib/python3.12/site-packages/gymnasium/envs/registration.py:729: UserWarning: [33mWARN: The environment is being initialised with render_mode='rgb_array' that is not in the possible render_modes ([]).[0m
  logger.warn(
CEM solve time: 1.3125 seconds
CEM solve time: 1.2859 seconds
{"completed": 97, "missing": 0, "case": "R6_reacher_040d72a154c2687da092ebc8", "arm": "REFIT_103202", "stream": "R3_ORIGINAL", "mode": "REAL3_NULLACT"}
/workspace/r10/env_old/lib/python3.12/site-packages/gymnasium/envs/registration.py:729: UserWarning: [33mWARN: The environment is being initialised with render_mode='rgb_array' that is not in the possible render_modes ([]).[0m
  logger.warn(
CEM solve time: 1.2991 seconds
CEM solve time: 1.3100 seconds
{"completed": 98, "missing": 0, "case": "R6_reacher_040d72a154c2687da092ebc8", "arm": "REFIT_103202", "stream": "R3_ORIGINAL", "mode": "REPEAT3_REALACT"}
/workspace/r10/env_old/lib/python3.12/site-packages/gymnasium/envs/registration.py:729: UserWarning: [33mWARN: The environment is being initialised with render_mode='rgb_array' that is not in the possible render_modes ([]).[0m
  logger.warn(
CEM solve time: 1.3075 seconds
CEM solve time: 1.3080 seconds
/workspace/r10/env_old/lib/python3.12/site-packages/gymnasium/envs/registration.py:729: UserWarning: [33mWARN: The environment is being initialised with render_mode='rgb_array' that is not in the possible render_modes ([]).[0m
  logger.warn(
CEM solve time: 1.2770 seconds
CEM solve time: 1.2777 seconds
{"completed": 99, "missing": 0, "case": "R6_reacher_040d72a154c2687da092ebc8", "arm": "REFIT_103202", "stream": "R4_ALT_CEM_1", "mode": "REAL3_NULLACT"}
/workspace/r10/env_old/lib/python3.12/site-packages/gymnasium/envs/registration.py:729: UserWarning: [33mWARN: The environment is being initialised with render_mode='rgb_array' that is not in the possible render_modes ([]).[0m
  logger.warn(
CEM solve time: 1.2968 seconds
CEM solve time: 1.3113 seconds
{"completed": 100, "missing": 0, "case": "R6_reacher_040d72a154c2687da092ebc8", "arm": "REFIT_103202", "stream": "R4_ALT_CEM_1", "mode": "REPEAT3_REALACT"}
/workspace/r10/env_old/lib/python3.12/site-packages/gymnasium/envs/registration.py:729: UserWarning: [33mWARN: The environment is being initialised with render_mode='rgb_array' that is not in the possible render_modes ([]).[0m
  logger.warn(
CEM solve time: 1.3094 seconds
CEM solve time: 1.2622 seconds
/workspace/r10/env_old/lib/python3.12/site-packages/gymnasium/envs/registration.py:729: UserWarning: [33mWARN: The environment is being initialised with render_mode='rgb_array' that is not in the possible render_modes ([]).[0m
  logger.warn(
CEM solve time: 1.2954 seconds
CEM solve time: 1.2683 seconds
{"completed": 101, "missing": 0, "case": "R6_reacher_040d72a154c2687da092ebc8", "arm": "REFIT_103202", "stream": "R4_ALT_CEM_2", "mode": "REAL3_NULLACT"}
/workspace/r10/env_old/lib/python3.12/site-packages/gymnasium/envs/registration.py:729: UserWarning: [33mWARN: The environment is being initialised with render_mode='rgb_array' that is not in the possible render_modes ([]).[0m
  logger.warn(
CEM solve time: 1.3005 seconds
CEM solve time: 1.2792 seconds
{"completed": 102, "missing": 0, "case": "R6_reacher_040d72a154c2687da092ebc8", "arm": "REFIT_103202", "stream": "R4_ALT_CEM_2", "mode": "REPEAT3_REALACT"}
/workspace/r10/env_old/lib/python3.12/site-packages/gymnasium/envs/registration.py:729: UserWarning: [33mWARN: The environment is being initialised with render_mode='rgb_array' that is not in the possible render_modes ([]).[0m
  logger.warn(
CEM solve time: 1.3110 seconds
CEM solve time: 1.2974 seconds
/workspace/r10/env_old/lib/python3.12/site-packages/gymnasium/envs/registration.py:729: UserWarning: [33mWARN: The environment is being initialised with render_mode='rgb_array' that is not in the possible render_modes ([]).[0m
  logger.warn(
CEM solve time: 1.2782 seconds
CEM solve time: 1.2820 seconds
{"completed": 103, "missing": 0, "case": "R6_reacher_058fbdf2d7805234d86b62e9", "arm": "REFIT_103202", "stream": "R3_ORIGINAL", "mode": "REAL3_NULLACT"}
/workspace/r10/env_old/lib/python3.12/site-packages/gymnasium/envs/registration.py:729: UserWarning: [33mWARN: The environment is being initialised with render_mode='rgb_array' that is not in the possible render_modes ([]).[0m
  logger.warn(
CEM solve time: 1.2746 seconds
CEM solve time: 1.2561 seconds
{"completed": 104, "missing": 0, "case": "R6_reacher_058fbdf2d7805234d86b62e9", "arm": "REFIT_103202", "stream": "R3_ORIGINAL", "mode": "REPEAT3_REALACT"}
/workspace/r10/env_old/lib/python3.12/site-packages/gymnasium/envs/registration.py:729: UserWarning: [33mWARN: The environment is being initialised with render_mode='rgb_array' that is not in the possible render_modes ([]).[0m
  logger.warn(
CEM solve time: 1.2571 seconds
CEM solve time: 1.2898 seconds
/workspace/r10/env_old/lib/python3.12/site-packages/gymnasium/envs/registration.py:729: UserWarning: [33mWARN: The environment is being initialised with render_mode='rgb_array' that is not in the possible render_modes ([]).[0m
  logger.warn(
CEM solve time: 1.3074 seconds
CEM solve time: 1.2970 seconds
{"completed": 105, "missing": 0, "case": "R6_reacher_058fbdf2d7805234d86b62e9", "arm": "REFIT_103202", "stream": "R4_ALT_CEM_1", "mode": "REAL3_NULLACT"}
/workspace/r10/env_old/lib/python3.12/site-packages/gymnasium/envs/registration.py:729: UserWarning: [33mWARN: The environment is being initialised with render_mode='rgb_array' that is not in the possible render_modes ([]).[0m
  logger.warn(
CEM solve time: 1.3003 seconds
CEM solve time: 1.2611 seconds
{"completed": 106, "missing": 0, "case": "R6_reacher_058fbdf2d7805234d86b62e9", "arm": "REFIT_103202", "stream": "R4_ALT_CEM_1", "mode": "REPEAT3_REALACT"}
/workspace/r10/env_old/lib/python3.12/site-packages/gymnasium/envs/registration.py:729: UserWarning: [33mWARN: The environment is being initialised with render_mode='rgb_array' that is not in the possible render_modes ([]).[0m
  logger.warn(
CEM solve time: 1.2732 seconds
CEM solve time: 1.2669 seconds
/workspace/r10/env_old/lib/python3.12/site-packages/gymnasium/envs/registration.py:729: UserWarning: [33mWARN: The environment is being initialised with render_mode='rgb_array' that is not in the possible render_modes ([]).[0m
  logger.warn(
CEM solve time: 1.2666 seconds
CEM solve time: 1.2816 seconds
{"completed": 107, "missing": 0, "case": "R6_reacher_058fbdf2d7805234d86b62e9", "arm": "REFIT_103202", "stream": "R4_ALT_CEM_2", "mode": "REAL3_NULLACT"}
/workspace/r10/env_old/lib/python3.12/site-packages/gymnasium/envs/registration.py:729: UserWarning: [33mWARN: The environment is being initialised with render_mode='rgb_array' that is not in the possible render_modes ([]).[0m
  logger.warn(
CEM solve time: 1.2732 seconds
CEM solve time: 1.2353 seconds
{"completed": 108, "missing": 0, "case": "R6_reacher_058fbdf2d7805234d86b62e9", "arm": "REFIT_103202", "stream": "R4_ALT_CEM_2", "mode": "REPEAT3_REALACT"}
/workspace/r10/env_old/lib/python3.12/site-packages/gymnasium/envs/registration.py:729: UserWarning: [33mWARN: The environment is being initialised with render_mode='rgb_array' that is not in the possible render_modes ([]).[0m
  logger.warn(
CEM solve time: 1.3135 seconds
/workspace/r10/env_old/lib/python3.12/site-packages/gymnasium/envs/registration.py:729: UserWarning: [33mWARN: The environment is being initialised with render_mode='rgb_array' that is not in the possible render_modes ([]).[0m
  logger.warn(
CEM solve time: 1.2955 seconds
{"completed": 109, "missing": 0, "case": "R6_reacher_07bc032092b89db7cfeb780b", "arm": "REFIT_103202", "stream": "R3_ORIGINAL", "mode": "REAL3_NULLACT"}
/workspace/r10/env_old/lib/python3.12/site-packages/gymnasium/envs/registration.py:729: UserWarning: [33mWARN: The environment is being initialised with render_mode='rgb_array' that is not in the possible render_modes ([]).[0m
  logger.warn(
CEM solve time: 1.2974 seconds
{"completed": 110, "missing": 0, "case": "R6_reacher_07bc032092b89db7cfeb780b", "arm": "REFIT_103202", "stream": "R3_ORIGINAL", "mode": "REPEAT3_REALACT"}
/workspace/r10/env_old/lib/python3.12/site-packages/gymnasium/envs/registration.py:729: UserWarning: [33mWARN: The environment is being initialised with render_mode='rgb_array' that is not in the possible render_modes ([]).[0m
  logger.warn(
CEM solve time: 1.2900 seconds
/workspace/r10/env_old/lib/python3.12/site-packages/gymnasium/envs/registration.py:729: UserWarning: [33mWARN: The environment is being initialised with render_mode='rgb_array' that is not in the possible render_modes ([]).[0m
  logger.warn(
CEM solve time: 1.3147 seconds
{"completed": 111, "missing": 0, "case": "R6_reacher_07bc032092b89db7cfeb780b", "arm": "REFIT_103202", "stream": "R4_ALT_CEM_1", "mode": "REAL3_NULLACT"}
/workspace/r10/env_old/lib/python3.12/site-packages/gymnasium/envs/registration.py:729: UserWarning: [33mWARN: The environment is being initialised with render_mode='rgb_array' that is not in the possible render_modes ([]).[0m
  logger.warn(
CEM solve time: 1.2954 seconds
{"completed": 112, "missing": 0, "case": "R6_reacher_07bc032092b89db7cfeb780b", "arm": "REFIT_103202", "stream": "R4_ALT_CEM_1", "mode": "REPEAT3_REALACT"}
/workspace/r10/env_old/lib/python3.12/site-packages/gymnasium/envs/registration.py:729: UserWarning: [33mWARN: The environment is being initialised with render_mode='rgb_array' that is not in the possible render_modes ([]).[0m
  logger.warn(
CEM solve time: 1.3191 seconds
/workspace/r10/env_old/lib/python3.12/site-packages/gymnasium/envs/registration.py:729: UserWarning: [33mWARN: The environment is being initialised with render_mode='rgb_array' that is not in the possible render_modes ([]).[0m
  logger.warn(
CEM solve time: 1.2475 seconds
{"completed": 113, "missing": 0, "case": "R6_reacher_07bc032092b89db7cfeb780b", "arm": "REFIT_103202", "stream": "R4_ALT_CEM_2", "mode": "REAL3_NULLACT"}
/workspace/r10/env_old/lib/python3.12/site-packages/gymnasium/envs/registration.py:729: UserWarning: [33mWARN: The environment is being initialised with render_mode='rgb_array' that is not in the possible render_modes ([]).[0m
  logger.warn(
CEM solve time: 1.3322 seconds
{"completed": 114, "missing": 0, "case": "R6_reacher_07bc032092b89db7cfeb780b", "arm": "REFIT_103202", "stream": "R4_ALT_CEM_2", "mode": "REPEAT3_REALACT"}
/workspace/r10/env_old/lib/python3.12/site-packages/gymnasium/envs/registration.py:729: UserWarning: [33mWARN: The environment is being initialised with render_mode='rgb_array' that is not in the possible render_modes ([]).[0m
  logger.warn(
CEM solve time: 1.2537 seconds
CEM solve time: 1.3342 seconds
/workspace/r10/env_old/lib/python3.12/site-packages/gymnasium/envs/registration.py:729: UserWarning: [33mWARN: The environment is being initialised with render_mode='rgb_array' that is not in the possible render_modes ([]).[0m
  logger.warn(
CEM solve time: 1.2183 seconds
CEM solve time: 1.3083 seconds
{"completed": 115, "missing": 0, "case": "R6_reacher_09129778869b8933020399b8", "arm": "REFIT_103202", "stream": "R3_ORIGINAL", "mode": "REAL3_NULLACT"}
/workspace/r10/env_old/lib/python3.12/site-packages/gymnasium/envs/registration.py:729: UserWarning: [33mWARN: The environment is being initialised with render_mode='rgb_array' that is not in the possible render_modes ([]).[0m
  logger.warn(
CEM solve time: 1.2862 seconds
CEM solve time: 1.3158 seconds
{"completed": 116, "missing": 0, "case": "R6_reacher_09129778869b8933020399b8", "arm": "REFIT_103202", "stream": "R3_ORIGINAL", "mode": "REPEAT3_REALACT"}
/workspace/r10/env_old/lib/python3.12/site-packages/gymnasium/envs/registration.py:729: UserWarning: [33mWARN: The environment is being initialised with render_mode='rgb_array' that is not in the possible render_modes ([]).[0m
  logger.warn(
CEM solve time: 1.3065 seconds
CEM solve time: 1.3078 seconds
/workspace/r10/env_old/lib/python3.12/site-packages/gymnasium/envs/registration.py:729: UserWarning: [33mWARN: The environment is being initialised with render_mode='rgb_array' that is not in the possible render_modes ([]).[0m
  logger.warn(
CEM solve time: 1.2831 seconds
CEM solve time: 1.3155 seconds
{"completed": 117, "missing": 0, "case": "R6_reacher_09129778869b8933020399b8", "arm": "REFIT_103202", "stream": "R4_ALT_CEM_1", "mode": "REAL3_NULLACT"}
/workspace/r10/env_old/lib/python3.12/site-packages/gymnasium/envs/registration.py:729: UserWarning: [33mWARN: The environment is being initialised with render_mode='rgb_array' that is not in the possible render_modes ([]).[0m
  logger.warn(
CEM solve time: 1.3085 seconds
CEM solve time: 1.3384 seconds
{"completed": 118, "missing": 0, "case": "R6_reacher_09129778869b8933020399b8", "arm": "REFIT_103202", "stream": "R4_ALT_CEM_1", "mode": "REPEAT3_REALACT"}
/workspace/r10/env_old/lib/python3.12/site-packages/gymnasium/envs/registration.py:729: UserWarning: [33mWARN: The environment is being initialised with render_mode='rgb_array' that is not in the possible render_modes ([]).[0m
  logger.warn(
CEM solve time: 1.3035 seconds
CEM solve time: 1.2796 seconds
/workspace/r10/env_old/lib/python3.12/site-packages/gymnasium/envs/registration.py:729: UserWarning: [33mWARN: The environment is being initialised with render_mode='rgb_array' that is not in the possible render_modes ([]).[0m
  logger.warn(
CEM solve time: 1.3161 seconds
CEM solve time: 1.2831 seconds
{"completed": 119, "missing": 0, "case": "R6_reacher_09129778869b8933020399b8", "arm": "REFIT_103202", "stream": "R4_ALT_CEM_2", "mode": "REAL3_NULLACT"}
/workspace/r10/env_old/lib/python3.12/site-packages/gymnasium/envs/registration.py:729: UserWarning: [33mWARN: The environment is being initialised with render_mode='rgb_array' that is not in the possible render_modes ([]).[0m
  logger.warn(
CEM solve time: 1.3028 seconds
CEM solve time: 1.3128 seconds
{"completed": 120, "missing": 0, "case": "R6_reacher_09129778869b8933020399b8", "arm": "REFIT_103202", "stream": "R4_ALT_CEM_2", "mode": "REPEAT3_REALACT"}
/workspace/r10/env_old/lib/python3.12/site-packages/gymnasium/envs/registration.py:729: UserWarning: [33mWARN: The environment is being initialised with render_mode='rgb_array' that is not in the possible render_modes ([]).[0m
  logger.warn(
CEM solve time: 1.3217 seconds
CEM solve time: 1.2672 seconds
/workspace/r10/env_old/lib/python3.12/site-packages/gymnasium/envs/registration.py:729: UserWarning: [33mWARN: The environment is being initialised with render_mode='rgb_array' that is not in the possible render_modes ([]).[0m
  logger.warn(
CEM solve time: 1.3066 seconds
CEM solve time: 1.3364 seconds
{"completed": 121, "missing": 0, "case": "R6_reacher_0a8ebf9f92e62de330d9759e", "arm": "REFIT_103202", "stream": "R3_ORIGINAL", "mode": "REAL3_NULLACT"}
/workspace/r10/env_old/lib/python3.12/site-packages/gymnasium/envs/registration.py:729: UserWarning: [33mWARN: The environment is being initialised with render_mode='rgb_array' that is not in the possible render_modes ([]).[0m
  logger.warn(
CEM solve time: 1.2922 seconds
CEM solve time: 1.2729 seconds
{"completed": 122, "missing": 0, "case": "R6_reacher_0a8ebf9f92e62de330d9759e", "arm": "REFIT_103202", "stream": "R3_ORIGINAL", "mode": "REPEAT3_REALACT"}
/workspace/r10/env_old/lib/python3.12/site-packages/gymnasium/envs/registration.py:729: UserWarning: [33mWARN: The environment is being initialised with render_mode='rgb_array' that is not in the possible render_modes ([]).[0m
  logger.warn(
CEM solve time: 1.2310 seconds
CEM solve time: 1.2383 seconds
/workspace/r10/env_old/lib/python3.12/site-packages/gymnasium/envs/registration.py:729: UserWarning: [33mWARN: The environment is being initialised with render_mode='rgb_array' that is not in the possible render_modes ([]).[0m
  logger.warn(
CEM solve time: 1.2582 seconds
CEM solve time: 1.2635 seconds
{"completed": 123, "missing": 0, "case": "R6_reacher_0a8ebf9f92e62de330d9759e", "arm": "REFIT_103202", "stream": "R4_ALT_CEM_1", "mode": "REAL3_NULLACT"}
/workspace/r10/env_old/lib/python3.12/site-packages/gymnasium/envs/registration.py:729: UserWarning: [33mWARN: The environment is being initialised with render_mode='rgb_array' that is not in the possible render_modes ([]).[0m
  logger.warn(
CEM solve time: 1.2528 seconds
CEM solve time: 1.2334 seconds
{"completed": 124, "missing": 0, "case": "R6_reacher_0a8ebf9f92e62de330d9759e", "arm": "REFIT_103202", "stream": "R4_ALT_CEM_1", "mode": "REPEAT3_REALACT"}
/workspace/r10/env_old/lib/python3.12/site-packages/gymnasium/envs/registration.py:729: UserWarning: [33mWARN: The environment is being initialised with render_mode='rgb_array' that is not in the possible render_modes ([]).[0m
  logger.warn(
CEM solve time: 1.2292 seconds
CEM solve time: 1.2266 seconds
/workspace/r10/env_old/lib/python3.12/site-packages/gymnasium/envs/registration.py:729: UserWarning: [33mWARN: The environment is being initialised with render_mode='rgb_array' that is not in the possible render_modes ([]).[0m
  logger.warn(
CEM solve time: 1.1922 seconds
CEM solve time: 1.2502 seconds
{"completed": 125, "missing": 0, "case": "R6_reacher_0a8ebf9f92e62de330d9759e", "arm": "REFIT_103202", "stream": "R4_ALT_CEM_2", "mode": "REAL3_NULLACT"}
/workspace/r10/env_old/lib/python3.12/site-packages/gymnasium/envs/registration.py:729: UserWarning: [33mWARN: The environment is being initialised with render_mode='rgb_array' that is not in the possible render_modes ([]).[0m
  logger.warn(
CEM solve time: 1.2291 seconds
CEM solve time: 1.2197 seconds
{"completed": 126, "missing": 0, "case": "R6_reacher_0a8ebf9f92e62de330d9759e", "arm": "REFIT_103202", "stream": "R4_ALT_CEM_2", "mode": "REPEAT3_REALACT"}
/workspace/r10/env_old/lib/python3.12/site-packages/gymnasium/envs/registration.py:729: UserWarning: [33mWARN: The environment is being initialised with render_mode='rgb_array' that is not in the possible render_modes ([]).[0m
  logger.warn(
CEM solve time: 1.2218 seconds
CEM solve time: 1.2128 seconds
/workspace/r10/env_old/lib/python3.12/site-packages/gymnasium/envs/registration.py:729: UserWarning: [33mWARN: The environment is being initialised with render_mode='rgb_array' that is not in the possible render_modes ([]).[0m
  logger.warn(
CEM solve time: 1.2235 seconds
CEM solve time: 1.1835 seconds
{"completed": 127, "missing": 0, "case": "R6_reacher_004a2bdf27d8bfceafa73467", "arm": "REFIT_103203", "stream": "R3_ORIGINAL", "mode": "REAL3_NULLACT"}
/workspace/r10/env_old/lib/python3.12/site-packages/gymnasium/envs/registration.py:729: UserWarning: [33mWARN: The environment is being initialised with render_mode='rgb_array' that is not in the possible render_modes ([]).[0m
  logger.warn(
CEM solve time: 1.1739 seconds
CEM solve time: 1.2568 seconds
{"completed": 128, "missing": 0, "case": "R6_reacher_004a2bdf27d8bfceafa73467", "arm": "REFIT_103203", "stream": "R3_ORIGINAL", "mode": "REPEAT3_REALACT"}
/workspace/r10/env_old/lib/python3.12/site-packages/gymnasium/envs/registration.py:729: UserWarning: [33mWARN: The environment is being initialised with render_mode='rgb_array' that is not in the possible render_modes ([]).[0m
  logger.warn(
CEM solve time: 1.1784 seconds
CEM solve time: 1.2515 seconds
/workspace/r10/env_old/lib/python3.12/site-packages/gymnasium/envs/registration.py:729: UserWarning: [33mWARN: The environment is being initialised with render_mode='rgb_array' that is not in the possible render_modes ([]).[0m
  logger.warn(
CEM solve time: 1.1906 seconds
CEM solve time: 1.2659 seconds
{"completed": 129, "missing": 0, "case": "R6_reacher_004a2bdf27d8bfceafa73467", "arm": "REFIT_103203", "stream": "R4_ALT_CEM_1", "mode": "REAL3_NULLACT"}
/workspace/r10/env_old/lib/python3.12/site-packages/gymnasium/envs/registration.py:729: UserWarning: [33mWARN: The environment is being initialised with render_mode='rgb_array' that is not in the possible render_modes ([]).[0m
  logger.warn(
CEM solve time: 1.1603 seconds
CEM solve time: 1.2312 seconds
{"completed": 130, "missing": 0, "case": "R6_reacher_004a2bdf27d8bfceafa73467", "arm": "REFIT_103203", "stream": "R4_ALT_CEM_1", "mode": "REPEAT3_REALACT"}
/workspace/r10/env_old/lib/python3.12/site-packages/gymnasium/envs/registration.py:729: UserWarning: [33mWARN: The environment is being initialised with render_mode='rgb_array' that is not in the possible render_modes ([]).[0m
  logger.warn(
CEM solve time: 1.1886 seconds
CEM solve time: 1.2040 seconds
/workspace/r10/env_old/lib/python3.12/site-packages/gymnasium/envs/registration.py:729: UserWarning: [33mWARN: The environment is being initialised with render_mode='rgb_array' that is not in the possible render_modes ([]).[0m
  logger.warn(
CEM solve time: 1.1566 seconds
CEM solve time: 1.1360 seconds
{"completed": 131, "missing": 0, "case": "R6_reacher_004a2bdf27d8bfceafa73467", "arm": "REFIT_103203", "stream": "R4_ALT_CEM_2", "mode": "REAL3_NULLACT"}
/workspace/r10/env_old/lib/python3.12/site-packages/gymnasium/envs/registration.py:729: UserWarning: [33mWARN: The environment is being initialised with render_mode='rgb_array' that is not in the possible render_modes ([]).[0m
  logger.warn(
CEM solve time: 1.1250 seconds
CEM solve time: 1.1527 seconds
{"completed": 132, "missing": 0, "case": "R6_reacher_004a2bdf27d8bfceafa73467", "arm": "REFIT_103203", "stream": "R4_ALT_CEM_2", "mode": "REPEAT3_REALACT"}
/workspace/r10/env_old/lib/python3.12/site-packages/gymnasium/envs/registration.py:729: UserWarning: [33mWARN: The environment is being initialised with render_mode='rgb_array' that is not in the possible render_modes ([]).[0m
  logger.warn(
CEM solve time: 1.1183 seconds
/workspace/r10/env_old/lib/python3.12/site-packages/gymnasium/envs/registration.py:729: UserWarning: [33mWARN: The environment is being initialised with render_mode='rgb_array' that is not in the possible render_modes ([]).[0m
  logger.warn(
CEM solve time: 1.1420 seconds
{"completed": 133, "missing": 0, "case": "R6_reacher_026d9ade4b09a32c4196f539", "arm": "REFIT_103203", "stream": "R3_ORIGINAL", "mode": "REAL3_NULLACT"}
/workspace/r10/env_old/lib/python3.12/site-packages/gymnasium/envs/registration.py:729: UserWarning: [33mWARN: The environment is being initialised with render_mode='rgb_array' that is not in the possible render_modes ([]).[0m
  logger.warn(
CEM solve time: 1.1146 seconds
{"completed": 134, "missing": 0, "case": "R6_reacher_026d9ade4b09a32c4196f539", "arm": "REFIT_103203", "stream": "R3_ORIGINAL", "mode": "REPEAT3_REALACT"}
/workspace/r10/env_old/lib/python3.12/site-packages/gymnasium/envs/registration.py:729: UserWarning: [33mWARN: The environment is being initialised with render_mode='rgb_array' that is not in the possible render_modes ([]).[0m
  logger.warn(
CEM solve time: 1.1459 seconds
CEM solve time: 1.1227 seconds
/workspace/r10/env_old/lib/python3.12/site-packages/gymnasium/envs/registration.py:729: UserWarning: [33mWARN: The environment is being initialised with render_mode='rgb_array' that is not in the possible render_modes ([]).[0m
  logger.warn(
CEM solve time: 1.1379 seconds
CEM solve time: 1.1250 seconds
{"completed": 135, "missing": 0, "case": "R6_reacher_026d9ade4b09a32c4196f539", "arm": "REFIT_103203", "stream": "R4_ALT_CEM_1", "mode": "REAL3_NULLACT"}
/workspace/r10/env_old/lib/python3.12/site-packages/gymnasium/envs/registration.py:729: UserWarning: [33mWARN: The environment is being initialised with render_mode='rgb_array' that is not in the possible render_modes ([]).[0m
  logger.warn(
CEM solve time: 1.1291 seconds
CEM solve time: 1.1187 seconds
{"completed": 136, "missing": 0, "case": "R6_reacher_026d9ade4b09a32c4196f539", "arm": "REFIT_103203", "stream": "R4_ALT_CEM_1", "mode": "REPEAT3_REALACT"}
/workspace/r10/env_old/lib/python3.12/site-packages/gymnasium/envs/registration.py:729: UserWarning: [33mWARN: The environment is being initialised with render_mode='rgb_array' that is not in the possible render_modes ([]).[0m
  logger.warn(
CEM solve time: 1.1319 seconds
CEM solve time: 1.1161 seconds
/workspace/r10/env_old/lib/python3.12/site-packages/gymnasium/envs/registration.py:729: UserWarning: [33mWARN: The environment is being initialised with render_mode='rgb_array' that is not in the possible render_modes ([]).[0m
  logger.warn(
CEM solve time: 1.1276 seconds
CEM solve time: 1.1426 seconds
{"completed": 137, "missing": 0, "case": "R6_reacher_026d9ade4b09a32c4196f539", "arm": "REFIT_103203", "stream": "R4_ALT_CEM_2", "mode": "REAL3_NULLACT"}
/workspace/r10/env_old/lib/python3.12/site-packages/gymnasium/envs/registration.py:729: UserWarning: [33mWARN: The environment is being initialised with render_mode='rgb_array' that is not in the possible render_modes ([]).[0m
  logger.warn(
CEM solve time: 1.2106 seconds
CEM solve time: 1.1607 seconds
{"completed": 138, "missing": 0, "case": "R6_reacher_026d9ade4b09a32c4196f539", "arm": "REFIT_103203", "stream": "R4_ALT_CEM_2", "mode": "REPEAT3_REALACT"}
/workspace/r10/env_old/lib/python3.12/site-packages/gymnasium/envs/registration.py:729: UserWarning: [33mWARN: The environment is being initialised with render_mode='rgb_array' that is not in the possible render_modes ([]).[0m
  logger.warn(
CEM solve time: 1.1172 seconds
CEM solve time: 1.0952 seconds
/workspace/r10/env_old/lib/python3.12/site-packages/gymnasium/envs/registration.py:729: UserWarning: [33mWARN: The environment is being initialised with render_mode='rgb_array' that is not in the possible render_modes ([]).[0m
  logger.warn(
CEM solve time: 1.0984 seconds
CEM solve time: 1.0922 seconds
{"completed": 139, "missing": 0, "case": "R6_reacher_040d72a154c2687da092ebc8", "arm": "REFIT_103203", "stream": "R3_ORIGINAL", "mode": "REAL3_NULLACT"}
/workspace/r10/env_old/lib/python3.12/site-packages/gymnasium/envs/registration.py:729: UserWarning: [33mWARN: The environment is being initialised with render_mode='rgb_array' that is not in the possible render_modes ([]).[0m
  logger.warn(
CEM solve time: 1.0988 seconds
CEM solve time: 1.1156 seconds
{"completed": 140, "missing": 0, "case": "R6_reacher_040d72a154c2687da092ebc8", "arm": "REFIT_103203", "stream": "R3_ORIGINAL", "mode": "REPEAT3_REALACT"}
/workspace/r10/env_old/lib/python3.12/site-packages/gymnasium/envs/registration.py:729: UserWarning: [33mWARN: The environment is being initialised with render_mode='rgb_array' that is not in the possible render_modes ([]).[0m
  logger.warn(
CEM solve time: 1.0903 seconds
CEM solve time: 1.0833 seconds
/workspace/r10/env_old/lib/python3.12/site-packages/gymnasium/envs/registration.py:729: UserWarning: [33mWARN: The environment is being initialised with render_mode='rgb_array' that is not in the possible render_modes ([]).[0m
  logger.warn(
CEM solve time: 1.0851 seconds
CEM solve time: 1.1057 seconds
{"completed": 141, "missing": 0, "case": "R6_reacher_040d72a154c2687da092ebc8", "arm": "REFIT_103203", "stream": "R4_ALT_CEM_1", "mode": "REAL3_NULLACT"}
/workspace/r10/env_old/lib/python3.12/site-packages/gymnasium/envs/registration.py:729: UserWarning: [33mWARN: The environment is being initialised with render_mode='rgb_array' that is not in the possible render_modes ([]).[0m
  logger.warn(
CEM solve time: 1.0937 seconds
CEM solve time: 1.1060 seconds
{"completed": 142, "missing": 0, "case": "R6_reacher_040d72a154c2687da092ebc8", "arm": "REFIT_103203", "stream": "R4_ALT_CEM_1", "mode": "REPEAT3_REALACT"}
/workspace/r10/env_old/lib/python3.12/site-packages/gymnasium/envs/registration.py:729: UserWarning: [33mWARN: The environment is being initialised with render_mode='rgb_array' that is not in the possible render_modes ([]).[0m
  logger.warn(
CEM solve time: 1.0858 seconds
CEM solve time: 1.0902 seconds
/workspace/r10/env_old/lib/python3.12/site-packages/gymnasium/envs/registration.py:729: UserWarning: [33mWARN: The environment is being initialised with render_mode='rgb_array' that is not in the possible render_modes ([]).[0m
  logger.warn(
CEM solve time: 1.0981 seconds
CEM solve time: 1.0972 seconds
{"completed": 143, "missing": 0, "case": "R6_reacher_040d72a154c2687da092ebc8", "arm": "REFIT_103203", "stream": "R4_ALT_CEM_2", "mode": "REAL3_NULLACT"}
/workspace/r10/env_old/lib/python3.12/site-packages/gymnasium/envs/registration.py:729: UserWarning: [33mWARN: The environment is being initialised with render_mode='rgb_array' that is not in the possible render_modes ([]).[0m
  logger.warn(
CEM solve time: 1.0782 seconds
CEM solve time: 1.1042 seconds
{"completed": 144, "missing": 0, "case": "R6_reacher_040d72a154c2687da092ebc8", "arm": "REFIT_103203", "stream": "R4_ALT_CEM_2", "mode": "REPEAT3_REALACT"}
/workspace/r10/env_old/lib/python3.12/site-packages/gymnasium/envs/registration.py:729: UserWarning: [33mWARN: The environment is being initialised with render_mode='rgb_array' that is not in the possible render_modes ([]).[0m
  logger.warn(
CEM solve time: 1.0792 seconds
CEM solve time: 1.0876 seconds
/workspace/r10/env_old/lib/python3.12/site-packages/gymnasium/envs/registration.py:729: UserWarning: [33mWARN: The environment is being initialised with render_mode='rgb_array' that is not in the possible render_modes ([]).[0m
  logger.warn(
CEM solve time: 1.0871 seconds
CEM solve time: 1.0942 seconds
{"completed": 145, "missing": 0, "case": "R6_reacher_058fbdf2d7805234d86b62e9", "arm": "REFIT_103203", "stream": "R3_ORIGINAL", "mode": "REAL3_NULLACT"}
/workspace/r10/env_old/lib/python3.12/site-packages/gymnasium/envs/registration.py:729: UserWarning: [33mWARN: The environment is being initialised with render_mode='rgb_array' that is not in the possible render_modes ([]).[0m
  logger.warn(
CEM solve time: 1.0886 seconds
CEM solve time: 1.0903 seconds
{"completed": 146, "missing": 0, "case": "R6_reacher_058fbdf2d7805234d86b62e9", "arm": "REFIT_103203", "stream": "R3_ORIGINAL", "mode": "REPEAT3_REALACT"}
/workspace/r10/env_old/lib/python3.12/site-packages/gymnasium/envs/registration.py:729: UserWarning: [33mWARN: The environment is being initialised with render_mode='rgb_array' that is not in the possible render_modes ([]).[0m
  logger.warn(
CEM solve time: 1.0845 seconds
CEM solve time: 1.1017 seconds
/workspace/r10/env_old/lib/python3.12/site-packages/gymnasium/envs/registration.py:729: UserWarning: [33mWARN: The environment is being initialised with render_mode='rgb_array' that is not in the possible render_modes ([]).[0m
  logger.warn(
CEM solve time: 1.0954 seconds
CEM solve time: 1.0807 seconds
{"completed": 147, "missing": 0, "case": "R6_reacher_058fbdf2d7805234d86b62e9", "arm": "REFIT_103203", "stream": "R4_ALT_CEM_1", "mode": "REAL3_NULLACT"}
/workspace/r10/env_old/lib/python3.12/site-packages/gymnasium/envs/registration.py:729: UserWarning: [33mWARN: The environment is being initialised with render_mode='rgb_array' that is not in the possible render_modes ([]).[0m
  logger.warn(
CEM solve time: 1.0906 seconds
CEM solve time: 1.0873 seconds
{"completed": 148, "missing": 0, "case": "R6_reacher_058fbdf2d7805234d86b62e9", "arm": "REFIT_103203", "stream": "R4_ALT_CEM_1", "mode": "REPEAT3_REALACT"}
/workspace/r10/env_old/lib/python3.12/site-packages/gymnasium/envs/registration.py:729: UserWarning: [33mWARN: The environment is being initialised with render_mode='rgb_array' that is not in the possible render_modes ([]).[0m
  logger.warn(
CEM solve time: 1.0848 seconds
CEM solve time: 1.0846 seconds
/workspace/r10/env_old/lib/python3.12/site-packages/gymnasium/envs/registration.py:729: UserWarning: [33mWARN: The environment is being initialised with render_mode='rgb_array' that is not in the possible render_modes ([]).[0m
  logger.warn(
CEM solve time: 1.0976 seconds
CEM solve time: 1.0800 seconds
{"completed": 149, "missing": 0, "case": "R6_reacher_058fbdf2d7805234d86b62e9", "arm": "REFIT_103203", "stream": "R4_ALT_CEM_2", "mode": "REAL3_NULLACT"}
/workspace/r10/env_old/lib/python3.12/site-packages/gymnasium/envs/registration.py:729: UserWarning: [33mWARN: The environment is being initialised with render_mode='rgb_array' that is not in the possible render_modes ([]).[0m
  logger.warn(
CEM solve time: 1.0983 seconds
CEM solve time: 1.0927 seconds
{"completed": 150, "missing": 0, "case": "R6_reacher_058fbdf2d7805234d86b62e9", "arm": "REFIT_103203", "stream": "R4_ALT_CEM_2", "mode": "REPEAT3_REALACT"}
/workspace/r10/env_old/lib/python3.12/site-packages/gymnasium/envs/registration.py:729: UserWarning: [33mWARN: The environment is being initialised with render_mode='rgb_array' that is not in the possible render_modes ([]).[0m
  logger.warn(
CEM solve time: 1.0871 seconds
/workspace/r10/env_old/lib/python3.12/site-packages/gymnasium/envs/registration.py:729: UserWarning: [33mWARN: The environment is being initialised with render_mode='rgb_array' that is not in the possible render_modes ([]).[0m
  logger.warn(
CEM solve time: 1.0826 seconds
{"completed": 151, "missing": 0, "case": "R6_reacher_07bc032092b89db7cfeb780b", "arm": "REFIT_103203", "stream": "R3_ORIGINAL", "mode": "REAL3_NULLACT"}
/workspace/r10/env_old/lib/python3.12/site-packages/gymnasium/envs/registration.py:729: UserWarning: [33mWARN: The environment is being initialised with render_mode='rgb_array' that is not in the possible render_modes ([]).[0m
  logger.warn(
CEM solve time: 1.0989 seconds
{"completed": 152, "missing": 0, "case": "R6_reacher_07bc032092b89db7cfeb780b", "arm": "REFIT_103203", "stream": "R3_ORIGINAL", "mode": "REPEAT3_REALACT"}
/workspace/r10/env_old/lib/python3.12/site-packages/gymnasium/envs/registration.py:729: UserWarning: [33mWARN: The environment is being initialised with render_mode='rgb_array' that is not in the possible render_modes ([]).[0m
  logger.warn(
CEM solve time: 1.0915 seconds
/workspace/r10/env_old/lib/python3.12/site-packages/gymnasium/envs/registration.py:729: UserWarning: [33mWARN: The environment is being initialised with render_mode='rgb_array' that is not in the possible render_modes ([]).[0m
  logger.warn(
CEM solve time: 1.0852 seconds
{"completed": 153, "missing": 0, "case": "R6_reacher_07bc032092b89db7cfeb780b", "arm": "REFIT_103203", "stream": "R4_ALT_CEM_1", "mode": "REAL3_NULLACT"}
/workspace/r10/env_old/lib/python3.12/site-packages/gymnasium/envs/registration.py:729: UserWarning: [33mWARN: The environment is being initialised with render_mode='rgb_array' that is not in the possible render_modes ([]).[0m
  logger.warn(
CEM solve time: 1.0972 seconds
{"completed": 154, "missing": 0, "case": "R6_reacher_07bc032092b89db7cfeb780b", "arm": "REFIT_103203", "stream": "R4_ALT_CEM_1", "mode": "REPEAT3_REALACT"}
/workspace/r10/env_old/lib/python3.12/site-packages/gymnasium/envs/registration.py:729: UserWarning: [33mWARN: The environment is being initialised with render_mode='rgb_array' that is not in the possible render_modes ([]).[0m
  logger.warn(
CEM solve time: 1.0868 seconds
/workspace/r10/env_old/lib/python3.12/site-packages/gymnasium/envs/registration.py:729: UserWarning: [33mWARN: The environment is being initialised with render_mode='rgb_array' that is not in the possible render_modes ([]).[0m
  logger.warn(
CEM solve time: 1.0833 seconds
{"completed": 155, "missing": 0, "case": "R6_reacher_07bc032092b89db7cfeb780b", "arm": "REFIT_103203", "stream": "R4_ALT_CEM_2", "mode": "REAL3_NULLACT"}
/workspace/r10/env_old/lib/python3.12/site-packages/gymnasium/envs/registration.py:729: UserWarning: [33mWARN: The environment is being initialised with render_mode='rgb_array' that is not in the possible render_modes ([]).[0m
  logger.warn(
CEM solve time: 1.0881 seconds
{"completed": 156, "missing": 0, "case": "R6_reacher_07bc032092b89db7cfeb780b", "arm": "REFIT_103203", "stream": "R4_ALT_CEM_2", "mode": "REPEAT3_REALACT"}
/workspace/r10/env_old/lib/python3.12/site-packages/gymnasium/envs/registration.py:729: UserWarning: [33mWARN: The environment is being initialised with render_mode='rgb_array' that is not in the possible render_modes ([]).[0m
  logger.warn(
CEM solve time: 1.0877 seconds
CEM solve time: 1.0891 seconds
/workspace/r10/env_old/lib/python3.12/site-packages/gymnasium/envs/registration.py:729: UserWarning: [33mWARN: The environment is being initialised with render_mode='rgb_array' that is not in the possible render_modes ([]).[0m
  logger.warn(
CEM solve time: 1.0864 seconds
CEM solve time: 1.1388 seconds
{"completed": 157, "missing": 0, "case": "R6_reacher_09129778869b8933020399b8", "arm": "REFIT_103203", "stream": "R3_ORIGINAL", "mode": "REAL3_NULLACT"}
/workspace/r10/env_old/lib/python3.12/site-packages/gymnasium/envs/registration.py:729: UserWarning: [33mWARN: The environment is being initialised with render_mode='rgb_array' that is not in the possible render_modes ([]).[0m
  logger.warn(
CEM solve time: 1.1070 seconds
CEM solve time: 1.0908 seconds
{"completed": 158, "missing": 0, "case": "R6_reacher_09129778869b8933020399b8", "arm": "REFIT_103203", "stream": "R3_ORIGINAL", "mode": "REPEAT3_REALACT"}
/workspace/r10/env_old/lib/python3.12/site-packages/gymnasium/envs/registration.py:729: UserWarning: [33mWARN: The environment is being initialised with render_mode='rgb_array' that is not in the possible render_modes ([]).[0m
  logger.warn(
CEM solve time: 1.0817 seconds
CEM solve time: 1.0850 seconds
/workspace/r10/env_old/lib/python3.12/site-packages/gymnasium/envs/registration.py:729: UserWarning: [33mWARN: The environment is being initialised with render_mode='rgb_array' that is not in the possible render_modes ([]).[0m
  logger.warn(
CEM solve time: 1.0840 seconds
CEM solve time: 1.0831 seconds
{"completed": 159, "missing": 0, "case": "R6_reacher_09129778869b8933020399b8", "arm": "REFIT_103203", "stream": "R4_ALT_CEM_1", "mode": "REAL3_NULLACT"}
/workspace/r10/env_old/lib/python3.12/site-packages/gymnasium/envs/registration.py:729: UserWarning: [33mWARN: The environment is being initialised with render_mode='rgb_array' that is not in the possible render_modes ([]).[0m
  logger.warn(
CEM solve time: 1.0799 seconds
CEM solve time: 1.0950 seconds
{"completed": 160, "missing": 0, "case": "R6_reacher_09129778869b8933020399b8", "arm": "REFIT_103203", "stream": "R4_ALT_CEM_1", "mode": "REPEAT3_REALACT"}
/workspace/r10/env_old/lib/python3.12/site-packages/gymnasium/envs/registration.py:729: UserWarning: [33mWARN: The environment is being initialised with render_mode='rgb_array' that is not in the possible render_modes ([]).[0m
  logger.warn(
CEM solve time: 1.1181 seconds
CEM solve time: 1.0852 seconds
/workspace/r10/env_old/lib/python3.12/site-packages/gymnasium/envs/registration.py:729: UserWarning: [33mWARN: The environment is being initialised with render_mode='rgb_array' that is not in the possible render_modes ([]).[0m
  logger.warn(
CEM solve time: 1.0812 seconds
CEM solve time: 1.0822 seconds
{"completed": 161, "missing": 0, "case": "R6_reacher_09129778869b8933020399b8", "arm": "REFIT_103203", "stream": "R4_ALT_CEM_2", "mode": "REAL3_NULLACT"}
/workspace/r10/env_old/lib/python3.12/site-packages/gymnasium/envs/registration.py:729: UserWarning: [33mWARN: The environment is being initialised with render_mode='rgb_array' that is not in the possible render_modes ([]).[0m
  logger.warn(
CEM solve time: 1.0843 seconds
CEM solve time: 1.0886 seconds
{"completed": 162, "missing": 0, "case": "R6_reacher_09129778869b8933020399b8", "arm": "REFIT_103203", "stream": "R4_ALT_CEM_2", "mode": "REPEAT3_REALACT"}
/workspace/r10/env_old/lib/python3.12/site-packages/gymnasium/envs/registration.py:729: UserWarning: [33mWARN: The environment is being initialised with render_mode='rgb_array' that is not in the possible render_modes ([]).[0m
  logger.warn(
CEM solve time: 1.0820 seconds
CEM solve time: 1.0824 seconds
/workspace/r10/env_old/lib/python3.12/site-packages/gymnasium/envs/registration.py:729: UserWarning: [33mWARN: The environment is being initialised with render_mode='rgb_array' that is not in the possible render_modes ([]).[0m
  logger.warn(
CEM solve time: 1.0816 seconds
CEM solve time: 1.0963 seconds
{"completed": 163, "missing": 0, "case": "R6_reacher_0a8ebf9f92e62de330d9759e", "arm": "REFIT_103203", "stream": "R3_ORIGINAL", "mode": "REAL3_NULLACT"}
/workspace/r10/env_old/lib/python3.12/site-packages/gymnasium/envs/registration.py:729: UserWarning: [33mWARN: The environment is being initialised with render_mode='rgb_array' that is not in the possible render_modes ([]).[0m
  logger.warn(
CEM solve time: 1.0997 seconds
CEM solve time: 1.0874 seconds
{"completed": 164, "missing": 0, "case": "R6_reacher_0a8ebf9f92e62de330d9759e", "arm": "REFIT_103203", "stream": "R3_ORIGINAL", "mode": "REPEAT3_REALACT"}
/workspace/r10/env_old/lib/python3.12/site-packages/gymnasium/envs/registration.py:729: UserWarning: [33mWARN: The environment is being initialised with render_mode='rgb_array' that is not in the possible render_modes ([]).[0m
  logger.warn(
CEM solve time: 1.0810 seconds
CEM solve time: 1.0836 seconds
/workspace/r10/env_old/lib/python3.12/site-packages/gymnasium/envs/registration.py:729: UserWarning: [33mWARN: The environment is being initialised with render_mode='rgb_array' that is not in the possible render_modes ([]).[0m
  logger.warn(
CEM solve time: 1.0842 seconds
CEM solve time: 1.0859 seconds
{"completed": 165, "missing": 0, "case": "R6_reacher_0a8ebf9f92e62de330d9759e", "arm": "REFIT_103203", "stream": "R4_ALT_CEM_1", "mode": "REAL3_NULLACT"}
/workspace/r10/env_old/lib/python3.12/site-packages/gymnasium/envs/registration.py:729: UserWarning: [33mWARN: The environment is being initialised with render_mode='rgb_array' that is not in the possible render_modes ([]).[0m
  logger.warn(
CEM solve time: 1.0812 seconds
CEM solve time: 1.1006 seconds
{"completed": 166, "missing": 0, "case": "R6_reacher_0a8ebf9f92e62de330d9759e", "arm": "REFIT_103203", "stream": "R4_ALT_CEM_1", "mode": "REPEAT3_REALACT"}
/workspace/r10/env_old/lib/python3.12/site-packages/gymnasium/envs/registration.py:729: UserWarning: [33mWARN: The environment is being initialised with render_mode='rgb_array' that is not in the possible render_modes ([]).[0m
  logger.warn(
CEM solve time: 1.0826 seconds
CEM solve time: 1.0830 seconds
/workspace/r10/env_old/lib/python3.12/site-packages/gymnasium/envs/registration.py:729: UserWarning: [33mWARN: The environment is being initialised with render_mode='rgb_array' that is not in the possible render_modes ([]).[0m
  logger.warn(
CEM solve time: 1.0851 seconds
CEM solve time: 1.0824 seconds
{"completed": 167, "missing": 0, "case": "R6_reacher_0a8ebf9f92e62de330d9759e", "arm": "REFIT_103203", "stream": "R4_ALT_CEM_2", "mode": "REAL3_NULLACT"}
/workspace/r10/env_old/lib/python3.12/site-packages/gymnasium/envs/registration.py:729: UserWarning: [33mWARN: The environment is being initialised with render_mode='rgb_array' that is not in the possible render_modes ([]).[0m
  logger.warn(
CEM solve time: 1.0824 seconds
CEM solve time: 1.0887 seconds
{"completed": 168, "missing": 0, "case": "R6_reacher_0a8ebf9f92e62de330d9759e", "arm": "REFIT_103203", "stream": "R4_ALT_CEM_2", "mode": "REPEAT3_REALACT"}
