task,case_id,family_id,arm,stream,control_success_fraction,intervention_success_fraction,paired_difference,control_replan_fraction,intervention_replan_fraction,source_table_sha256
reacher,R3_reacher_01fd87d09dbf3909048741d4,,H0,R3_ORIGINAL,0.0,1.0,1.0,1.0,1.0,d4e6ac21adddd2c82592f2dc9d2a110b2231a4cf2ddf84661908ef470f0956d1
reacher,R3_reacher_0651ebd394a43de70c9b7ad0,,H0,R3_ORIGINAL,1.0,1.0,0.0,1.0,1.0,d4e6ac21adddd2c82592f2dc9d2a110b2231a4cf2ddf84661908ef470f0956d1
reacher,R3_reacher_06b68490d49af9bd892bea71,,H0,R3_ORIGINAL,0.0,1.0,1.0,1.0,1.0,d4e6ac21adddd2c82592f2dc9d2a110b2231a4cf2ddf84661908ef470f0956d1
reacher,R3_reacher_09247f3e88e7af275abc2d1d,,H0,R3_ORIGINAL,1.0,1.0,0.0,0.0,0.0,d4e6ac21adddd2c82592f2dc9d2a110b2231a4cf2ddf84661908ef470f0956d1
reacher,R3_reacher_0e325219914460cb340033c1,,H0,R3_ORIGINAL,0.0,1.0,1.0,1.0,1.0,d4e6ac21adddd2c82592f2dc9d2a110b2231a4cf2ddf84661908ef470f0956d1
reacher,R3_reacher_0ea549c2f80d7cbbbb1b6dd8,,H0,R3_ORIGINAL,1.0,1.0,0.0,0.0,0.0,d4e6ac21adddd2c82592f2dc9d2a110b2231a4cf2ddf84661908ef470f0956d1
reacher,R3_reacher_10754410887eb77f72ae018e,,H0,R3_ORIGINAL,0.0,1.0,1.0,1.0,1.0,d4e6ac21adddd2c82592f2dc9d2a110b2231a4cf2ddf84661908ef470f0956d1
reacher,R3_reacher_19b957e03f42b1b14d0654d7,,H0,R3_ORIGINAL,1.0,1.0,0.0,0.0,0.0,d4e6ac21adddd2c82592f2dc9d2a110b2231a4cf2ddf84661908ef470f0956d1
reacher,R3_reacher_1aad022046d1e4f9da53b4a0,,H0,R3_ORIGINAL,1.0,1.0,0.0,0.0,0.0,d4e6ac21adddd2c82592f2dc9d2a110b2231a4cf2ddf84661908ef470f0956d1
reacher,R3_reacher_1afd87ed042926d5ecc50b5c,,H0,R3_ORIGINAL,1.0,1.0,0.0,0.0,0.0,d4e6ac21adddd2c82592f2dc9d2a110b2231a4cf2ddf84661908ef470f0956d1
reacher,R3_reacher_1fc0b1d9c6963542440189cf,,H0,R3_ORIGINAL,1.0,1.0,0.0,1.0,1.0,d4e6ac21adddd2c82592f2dc9d2a110b2231a4cf2ddf84661908ef470f0956d1
reacher,R3_reacher_20e903c4dc4794a78a414ccb,,H0,R3_ORIGINAL,1.0,1.0,0.0,1.0,1.0,d4e6ac21adddd2c82592f2dc9d2a110b2231a4cf2ddf84661908ef470f0956d1
reacher,R3_reacher_227dcc9361770465dc9ba143,,H0,R3_ORIGINAL,1.0,1.0,0.0,0.0,0.0,d4e6ac21adddd2c82592f2dc9d2a110b2231a4cf2ddf84661908ef470f0956d1
reacher,R3_reacher_248c04f18e24c23c388665d6,,H0,R3_ORIGINAL,1.0,1.0,0.0,0.0,0.0,d4e6ac21adddd2c82592f2dc9d2a110b2231a4cf2ddf84661908ef470f0956d1
reacher,R3_reacher_25281ce20ac4c1a4e13bfe64,,H0,R3_ORIGINAL,1.0,1.0,0.0,0.0,0.0,d4e6ac21adddd2c82592f2dc9d2a110b2231a4cf2ddf84661908ef470f0956d1
reacher,R3_reacher_29461ecfe2e96e3052bf252e,,H0,R3_ORIGINAL,1.0,1.0,0.0,0.0,0.0,d4e6ac21adddd2c82592f2dc9d2a110b2231a4cf2ddf84661908ef470f0956d1
reacher,R3_reacher_2ae169997e13b18afc7243d3,,H0,R3_ORIGINAL,1.0,1.0,0.0,0.0,0.0,d4e6ac21adddd2c82592f2dc9d2a110b2231a4cf2ddf84661908ef470f0956d1
reacher,R3_reacher_2b1605c757025d16771855cd,,H0,R3_ORIGINAL,1.0,1.0,0.0,0.0,0.0,d4e6ac21adddd2c82592f2dc9d2a110b2231a4cf2ddf84661908ef470f0956d1
reacher,R3_reacher_2da80c9f2c12b38dd5ae592f,,H0,R3_ORIGINAL,1.0,1.0,0.0,1.0,1.0,d4e6ac21adddd2c82592f2dc9d2a110b2231a4cf2ddf84661908ef470f0956d1
reacher,R3_reacher_31bc43e232044dba582b1a91,,H0,R3_ORIGINAL,1.0,1.0,0.0,1.0,1.0,d4e6ac21adddd2c82592f2dc9d2a110b2231a4cf2ddf84661908ef470f0956d1
reacher,R3_reacher_3225c7070888eacd2fe6ba3b,,H0,R3_ORIGINAL,1.0,1.0,0.0,1.0,1.0,d4e6ac21adddd2c82592f2dc9d2a110b2231a4cf2ddf84661908ef470f0956d1
reacher,R3_reacher_339d1566307eb06b287cd9d6,,H0,R3_ORIGINAL,1.0,1.0,0.0,1.0,1.0,d4e6ac21adddd2c82592f2dc9d2a110b2231a4cf2ddf84661908ef470f0956d1
reacher,R3_reacher_3687a037d77056bca1ad3a86,,H0,R3_ORIGINAL,1.0,1.0,0.0,0.0,0.0,d4e6ac21adddd2c82592f2dc9d2a110b2231a4cf2ddf84661908ef470f0956d1
reacher,R3_reacher_391d2d69b9911b586e875be4,,H0,R3_ORIGINAL,1.0,1.0,0.0,1.0,1.0,d4e6ac21adddd2c82592f2dc9d2a110b2231a4cf2ddf84661908ef470f0956d1
reacher,R3_reacher_3c2be98ff314c21b533f9194,,H0,R3_ORIGINAL,1.0,1.0,0.0,0.0,0.0,d4e6ac21adddd2c82592f2dc9d2a110b2231a4cf2ddf84661908ef470f0956d1
reacher,R3_reacher_3dc92a427bfa8caeee91f551,,H0,R3_ORIGINAL,1.0,1.0,0.0,1.0,1.0,d4e6ac21adddd2c82592f2dc9d2a110b2231a4cf2ddf84661908ef470f0956d1
reacher,R3_reacher_3ebb7b8846f0d4e4c5337f68,,H0,R3_ORIGINAL,1.0,1.0,0.0,1.0,1.0,d4e6ac21adddd2c82592f2dc9d2a110b2231a4cf2ddf84661908ef470f0956d1
reacher,R3_reacher_43346886f663e17e6f232be2,,H0,R3_ORIGINAL,1.0,1.0,0.0,0.0,0.0,d4e6ac21adddd2c82592f2dc9d2a110b2231a4cf2ddf84661908ef470f0956d1
reacher,R3_reacher_43bed550bc7c733bb23002e3,,H0,R3_ORIGINAL,1.0,1.0,0.0,1.0,1.0,d4e6ac21adddd2c82592f2dc9d2a110b2231a4cf2ddf84661908ef470f0956d1
reacher,R3_reacher_48b38c457e06aea47721389a,,H0,R3_ORIGINAL,1.0,1.0,0.0,0.0,0.0,d4e6ac21adddd2c82592f2dc9d2a110b2231a4cf2ddf84661908ef470f0956d1
reacher,R3_reacher_4a2a4a159bd6d8b01f632e71,,H0,R3_ORIGINAL,1.0,1.0,0.0,1.0,1.0,d4e6ac21adddd2c82592f2dc9d2a110b2231a4cf2ddf84661908ef470f0956d1
reacher,R3_reacher_4b5f85125ceccca055fe76b4,,H0,R3_ORIGINAL,1.0,1.0,0.0,0.0,0.0,d4e6ac21adddd2c82592f2dc9d2a110b2231a4cf2ddf84661908ef470f0956d1
reacher,R3_reacher_4d092e8fde355972772dfa7e,,H0,R3_ORIGINAL,0.0,1.0,1.0,1.0,1.0,d4e6ac21adddd2c82592f2dc9d2a110b2231a4cf2ddf84661908ef470f0956d1
reacher,R3_reacher_4de0f0387d01ac1b49760c47,,H0,R3_ORIGINAL,1.0,1.0,0.0,1.0,1.0,d4e6ac21adddd2c82592f2dc9d2a110b2231a4cf2ddf84661908ef470f0956d1
reacher,R3_reacher_4eb4413d6e63e87a59fec03a,,H0,R3_ORIGINAL,1.0,1.0,0.0,1.0,1.0,d4e6ac21adddd2c82592f2dc9d2a110b2231a4cf2ddf84661908ef470f0956d1
reacher,R3_reacher_51856009f99570a92446d05a,,H0,R3_ORIGINAL,1.0,1.0,0.0,0.0,0.0,d4e6ac21adddd2c82592f2dc9d2a110b2231a4cf2ddf84661908ef470f0956d1
reacher,R3_reacher_54f5b13feb6984f1980392cc,,H0,R3_ORIGINAL,1.0,1.0,0.0,0.0,0.0,d4e6ac21adddd2c82592f2dc9d2a110b2231a4cf2ddf84661908ef470f0956d1
reacher,R3_reacher_5d50985e823f66ebd401c1ec,,H0,R3_ORIGINAL,1.0,1.0,0.0,1.0,1.0,d4e6ac21adddd2c82592f2dc9d2a110b2231a4cf2ddf84661908ef470f0956d1
reacher,R3_reacher_5e2d5d2d9907df0393e50f40,,H0,R3_ORIGINAL,1.0,1.0,0.0,0.0,0.0,d4e6ac21adddd2c82592f2dc9d2a110b2231a4cf2ddf84661908ef470f0956d1
reacher,R3_reacher_5ede573180f7658b8cb1fa2a,,H0,R3_ORIGINAL,1.0,1.0,0.0,0.0,0.0,d4e6ac21adddd2c82592f2dc9d2a110b2231a4cf2ddf84661908ef470f0956d1
reacher,R3_reacher_6216de4a5b03eb23d114e16a,,H0,R3_ORIGINAL,1.0,1.0,0.0,0.0,0.0,d4e6ac21adddd2c82592f2dc9d2a110b2231a4cf2ddf84661908ef470f0956d1
reacher,R3_reacher_665505d7ca68f56e86ab9898,,H0,R3_ORIGINAL,1.0,1.0,0.0,1.0,1.0,d4e6ac21adddd2c82592f2dc9d2a110b2231a4cf2ddf84661908ef470f0956d1
reacher,R3_reacher_68ead16e22260984b6ce630e,,H0,R3_ORIGINAL,1.0,1.0,0.0,1.0,1.0,d4e6ac21adddd2c82592f2dc9d2a110b2231a4cf2ddf84661908ef470f0956d1
reacher,R3_reacher_691b0678315722721b850bd9,,H0,R3_ORIGINAL,1.0,1.0,0.0,1.0,1.0,d4e6ac21adddd2c82592f2dc9d2a110b2231a4cf2ddf84661908ef470f0956d1
reacher,R3_reacher_6cba7a43faf319ebfe282ca1,,H0,R3_ORIGINAL,1.0,1.0,0.0,1.0,1.0,d4e6ac21adddd2c82592f2dc9d2a110b2231a4cf2ddf84661908ef470f0956d1
reacher,R3_reacher_6d50b6eae922ec8eaba3b2aa,,H0,R3_ORIGINAL,0.0,1.0,1.0,1.0,1.0,d4e6ac21adddd2c82592f2dc9d2a110b2231a4cf2ddf84661908ef470f0956d1
reacher,R3_reacher_6ff2b0510c4734c334024b6f,,H0,R3_ORIGINAL,0.0,0.0,0.0,1.0,1.0,d4e6ac21adddd2c82592f2dc9d2a110b2231a4cf2ddf84661908ef470f0956d1
reacher,R3_reacher_74df08ab195a14a2c8f2f0ac,,H0,R3_ORIGINAL,1.0,1.0,0.0,0.0,0.0,d4e6ac21adddd2c82592f2dc9d2a110b2231a4cf2ddf84661908ef470f0956d1
reacher,R3_reacher_78e0945523fb491a3f33e969,,H0,R3_ORIGINAL,1.0,1.0,0.0,1.0,1.0,d4e6ac21adddd2c82592f2dc9d2a110b2231a4cf2ddf84661908ef470f0956d1
reacher,R3_reacher_7aff8be5072b1a8af1a8d13d,,H0,R3_ORIGINAL,1.0,1.0,0.0,0.0,0.0,d4e6ac21adddd2c82592f2dc9d2a110b2231a4cf2ddf84661908ef470f0956d1
reacher,R3_reacher_7dd7cb04423f92db263fa577,,H0,R3_ORIGINAL,0.0,1.0,1.0,1.0,1.0,d4e6ac21adddd2c82592f2dc9d2a110b2231a4cf2ddf84661908ef470f0956d1
reacher,R3_reacher_8013310a3876dc798b82233e,,H0,R3_ORIGINAL,1.0,1.0,0.0,0.0,0.0,d4e6ac21adddd2c82592f2dc9d2a110b2231a4cf2ddf84661908ef470f0956d1
reacher,R3_reacher_81676bd5f7a922d099e8c632,,H0,R3_ORIGINAL,1.0,1.0,0.0,1.0,1.0,d4e6ac21adddd2c82592f2dc9d2a110b2231a4cf2ddf84661908ef470f0956d1
reacher,R3_reacher_88e6d02b4868302c88af83bd,,H0,R3_ORIGINAL,1.0,1.0,0.0,1.0,1.0,d4e6ac21adddd2c82592f2dc9d2a110b2231a4cf2ddf84661908ef470f0956d1
reacher,R3_reacher_8cb337114374dac2e790e2d0,,H0,R3_ORIGINAL,0.0,1.0,1.0,1.0,1.0,d4e6ac21adddd2c82592f2dc9d2a110b2231a4cf2ddf84661908ef470f0956d1
reacher,R3_reacher_8f94a57dc057ae3fea063566,,H0,R3_ORIGINAL,1.0,0.0,-1.0,1.0,1.0,d4e6ac21adddd2c82592f2dc9d2a110b2231a4cf2ddf84661908ef470f0956d1
reacher,R3_reacher_90130661be9d8449b174dfda,,H0,R3_ORIGINAL,1.0,1.0,0.0,1.0,1.0,d4e6ac21adddd2c82592f2dc9d2a110b2231a4cf2ddf84661908ef470f0956d1
reacher,R3_reacher_91d6a515142521d444cda8ca,,H0,R3_ORIGINAL,1.0,1.0,0.0,0.0,0.0,d4e6ac21adddd2c82592f2dc9d2a110b2231a4cf2ddf84661908ef470f0956d1
reacher,R3_reacher_9ce16e33ff15bde409d40098,,H0,R3_ORIGINAL,1.0,1.0,0.0,0.0,0.0,d4e6ac21adddd2c82592f2dc9d2a110b2231a4cf2ddf84661908ef470f0956d1
reacher,R3_reacher_a1c24b0d5bdd53fdeb203e5f,,H0,R3_ORIGINAL,1.0,1.0,0.0,0.0,0.0,d4e6ac21adddd2c82592f2dc9d2a110b2231a4cf2ddf84661908ef470f0956d1
reacher,R3_reacher_a4fc5af8bb0b58322c55693f,,H0,R3_ORIGINAL,1.0,1.0,0.0,0.0,0.0,d4e6ac21adddd2c82592f2dc9d2a110b2231a4cf2ddf84661908ef470f0956d1
reacher,R3_reacher_a80b135a2ca6b9fe49081cb7,,H0,R3_ORIGINAL,1.0,1.0,0.0,0.0,0.0,d4e6ac21adddd2c82592f2dc9d2a110b2231a4cf2ddf84661908ef470f0956d1
reacher,R3_reacher_aa19e4ff8c803eccffc04674,,H0,R3_ORIGINAL,1.0,1.0,0.0,1.0,1.0,d4e6ac21adddd2c82592f2dc9d2a110b2231a4cf2ddf84661908ef470f0956d1
reacher,R3_reacher_ae4e56803bfc6050ad2c5407,,H0,R3_ORIGINAL,1.0,1.0,0.0,0.0,0.0,d4e6ac21adddd2c82592f2dc9d2a110b2231a4cf2ddf84661908ef470f0956d1
reacher,R3_reacher_af2aa3d1d6cbf53a4f647860,,H0,R3_ORIGINAL,1.0,0.0,-1.0,1.0,1.0,d4e6ac21adddd2c82592f2dc9d2a110b2231a4cf2ddf84661908ef470f0956d1
reacher,R3_reacher_b1919e19a6a875f129014e81,,H0,R3_ORIGINAL,1.0,1.0,0.0,0.0,0.0,d4e6ac21adddd2c82592f2dc9d2a110b2231a4cf2ddf84661908ef470f0956d1
reacher,R3_reacher_b2b5f6290d54abd4e830fc73,,H0,R3_ORIGINAL,1.0,1.0,0.0,0.0,0.0,d4e6ac21adddd2c82592f2dc9d2a110b2231a4cf2ddf84661908ef470f0956d1
reacher,R3_reacher_b360acd1c6d9c7eb19ad0748,,H0,R3_ORIGINAL,1.0,1.0,0.0,0.0,0.0,d4e6ac21adddd2c82592f2dc9d2a110b2231a4cf2ddf84661908ef470f0956d1
reacher,R3_reacher_b435d231878e66fe816e4b27,,H0,R3_ORIGINAL,1.0,1.0,0.0,1.0,1.0,d4e6ac21adddd2c82592f2dc9d2a110b2231a4cf2ddf84661908ef470f0956d1
reacher,R3_reacher_b7683878966ffb88777d03f2,,H0,R3_ORIGINAL,0.0,1.0,1.0,1.0,1.0,d4e6ac21adddd2c82592f2dc9d2a110b2231a4cf2ddf84661908ef470f0956d1
reacher,R3_reacher_c0da6ebc002f6e6d8652c23a,,H0,R3_ORIGINAL,1.0,1.0,0.0,0.0,0.0,d4e6ac21adddd2c82592f2dc9d2a110b2231a4cf2ddf84661908ef470f0956d1
reacher,R3_reacher_c47240a947a9f7917eaf944b,,H0,R3_ORIGINAL,1.0,1.0,0.0,1.0,1.0,d4e6ac21adddd2c82592f2dc9d2a110b2231a4cf2ddf84661908ef470f0956d1
reacher,R3_reacher_c799ddaf20ab5016c0fcc94d,,H0,R3_ORIGINAL,1.0,1.0,0.0,0.0,0.0,d4e6ac21adddd2c82592f2dc9d2a110b2231a4cf2ddf84661908ef470f0956d1
reacher,R3_reacher_cbda62f6c8224e2f9423fd2d,,H0,R3_ORIGINAL,1.0,1.0,0.0,1.0,1.0,d4e6ac21adddd2c82592f2dc9d2a110b2231a4cf2ddf84661908ef470f0956d1
reacher,R3_reacher_cda870d3e512d2eb34471d9e,,H0,R3_ORIGINAL,0.0,1.0,1.0,1.0,1.0,d4e6ac21adddd2c82592f2dc9d2a110b2231a4cf2ddf84661908ef470f0956d1
reacher,R3_reacher_cdd7a48d2d150bc082f55fa8,,H0,R3_ORIGINAL,1.0,1.0,0.0,0.0,0.0,d4e6ac21adddd2c82592f2dc9d2a110b2231a4cf2ddf84661908ef470f0956d1
reacher,R3_reacher_cf3ea0332fec67aba0c09d69,,H0,R3_ORIGINAL,1.0,1.0,0.0,0.0,0.0,d4e6ac21adddd2c82592f2dc9d2a110b2231a4cf2ddf84661908ef470f0956d1
reacher,R3_reacher_d114702b19acfaf5dda45c4f,,H0,R3_ORIGINAL,0.0,1.0,1.0,1.0,1.0,d4e6ac21adddd2c82592f2dc9d2a110b2231a4cf2ddf84661908ef470f0956d1
reacher,R3_reacher_d6184e6ee10fee6564198319,,H0,R3_ORIGINAL,1.0,1.0,0.0,1.0,1.0,d4e6ac21adddd2c82592f2dc9d2a110b2231a4cf2ddf84661908ef470f0956d1
reacher,R3_reacher_d75164310bc00a38ef41a7a2,,H0,R3_ORIGINAL,1.0,1.0,0.0,0.0,0.0,d4e6ac21adddd2c82592f2dc9d2a110b2231a4cf2ddf84661908ef470f0956d1
reacher,R3_reacher_db1aac2a2839b94c8cf3e963,,H0,R3_ORIGINAL,1.0,1.0,0.0,1.0,1.0,d4e6ac21adddd2c82592f2dc9d2a110b2231a4cf2ddf84661908ef470f0956d1
reacher,R3_reacher_df4b440848b9f031543dd698,,H0,R3_ORIGINAL,1.0,1.0,0.0,1.0,1.0,d4e6ac21adddd2c82592f2dc9d2a110b2231a4cf2ddf84661908ef470f0956d1
reacher,R3_reacher_df6b904f9325342cb9269256,,H0,R3_ORIGINAL,1.0,1.0,0.0,1.0,1.0,d4e6ac21adddd2c82592f2dc9d2a110b2231a4cf2ddf84661908ef470f0956d1
reacher,R3_reacher_e16605f9ca3eaefb85d7cd2a,,H0,R3_ORIGINAL,1.0,1.0,0.0,0.0,0.0,d4e6ac21adddd2c82592f2dc9d2a110b2231a4cf2ddf84661908ef470f0956d1
reacher,R3_reacher_e25a61bb715dbf3fd96b9f4b,,H0,R3_ORIGINAL,1.0,1.0,0.0,0.0,0.0,d4e6ac21adddd2c82592f2dc9d2a110b2231a4cf2ddf84661908ef470f0956d1
reacher,R3_reacher_e547cc356ff64f28a01b3a4d,,H0,R3_ORIGINAL,1.0,1.0,0.0,0.0,0.0,d4e6ac21adddd2c82592f2dc9d2a110b2231a4cf2ddf84661908ef470f0956d1
reacher,R3_reacher_e690a367ff4f94b45cee2d33,,H0,R3_ORIGINAL,1.0,1.0,0.0,0.0,0.0,d4e6ac21adddd2c82592f2dc9d2a110b2231a4cf2ddf84661908ef470f0956d1
reacher,R3_reacher_e899be36b2378f247385a80c,,H0,R3_ORIGINAL,1.0,1.0,0.0,0.0,0.0,d4e6ac21adddd2c82592f2dc9d2a110b2231a4cf2ddf84661908ef470f0956d1
reacher,R3_reacher_e96c064ebe544a7de14e595f,,H0,R3_ORIGINAL,1.0,1.0,0.0,0.0,0.0,d4e6ac21adddd2c82592f2dc9d2a110b2231a4cf2ddf84661908ef470f0956d1
reacher,R3_reacher_e97cbf284bc2f1863e321521,,H0,R3_ORIGINAL,1.0,1.0,0.0,0.0,0.0,d4e6ac21adddd2c82592f2dc9d2a110b2231a4cf2ddf84661908ef470f0956d1
reacher,R3_reacher_e9df183d83d2c6d6143de3be,,H0,R3_ORIGINAL,1.0,1.0,0.0,0.0,0.0,d4e6ac21adddd2c82592f2dc9d2a110b2231a4cf2ddf84661908ef470f0956d1
reacher,R3_reacher_eb5da8b3b8a360d72bdc4b81,,H0,R3_ORIGINAL,1.0,1.0,0.0,0.0,0.0,d4e6ac21adddd2c82592f2dc9d2a110b2231a4cf2ddf84661908ef470f0956d1
reacher,R3_reacher_ed2a6ac159bdefdd8698e966,,H0,R3_ORIGINAL,1.0,1.0,0.0,0.0,0.0,d4e6ac21adddd2c82592f2dc9d2a110b2231a4cf2ddf84661908ef470f0956d1
reacher,R3_reacher_ee3aa3dea1bccfc0c0400c77,,H0,R3_ORIGINAL,0.0,1.0,1.0,1.0,1.0,d4e6ac21adddd2c82592f2dc9d2a110b2231a4cf2ddf84661908ef470f0956d1
reacher,R3_reacher_f295eb60a191606d1f094189,,H0,R3_ORIGINAL,1.0,1.0,0.0,0.0,0.0,d4e6ac21adddd2c82592f2dc9d2a110b2231a4cf2ddf84661908ef470f0956d1
reacher,R3_reacher_f7bea0928cdded574e397c2d,,H0,R3_ORIGINAL,1.0,1.0,0.0,1.0,1.0,d4e6ac21adddd2c82592f2dc9d2a110b2231a4cf2ddf84661908ef470f0956d1
reacher,R3_reacher_fa467774affd316a6db90f90,,H0,R3_ORIGINAL,1.0,1.0,0.0,0.0,0.0,d4e6ac21adddd2c82592f2dc9d2a110b2231a4cf2ddf84661908ef470f0956d1
reacher,R3_reacher_fc2a1ecf6edea23cba59b6be,,H0,R3_ORIGINAL,0.0,1.0,1.0,1.0,1.0,d4e6ac21adddd2c82592f2dc9d2a110b2231a4cf2ddf84661908ef470f0956d1
reacher,R3_reacher_fca2ae6f03dd54aa3833661f,,H0,R3_ORIGINAL,1.0,1.0,0.0,0.0,0.0,d4e6ac21adddd2c82592f2dc9d2a110b2231a4cf2ddf84661908ef470f0956d1
reacher,R3_reacher_fe1001e9c3b6b50616b6fe2d,,H0,R3_ORIGINAL,1.0,1.0,0.0,0.0,0.0,d4e6ac21adddd2c82592f2dc9d2a110b2231a4cf2ddf84661908ef470f0956d1
reacher,R3_reacher_01fd87d09dbf3909048741d4,,H0,R4_ALT_CEM_1,1.0,1.0,0.0,1.0,1.0,d4e6ac21adddd2c82592f2dc9d2a110b2231a4cf2ddf84661908ef470f0956d1
reacher,R3_reacher_0651ebd394a43de70c9b7ad0,,H0,R4_ALT_CEM_1,0.0,1.0,1.0,1.0,1.0,d4e6ac21adddd2c82592f2dc9d2a110b2231a4cf2ddf84661908ef470f0956d1
reacher,R3_reacher_06b68490d49af9bd892bea71,,H0,R4_ALT_CEM_1,0.0,1.0,1.0,1.0,1.0,d4e6ac21adddd2c82592f2dc9d2a110b2231a4cf2ddf84661908ef470f0956d1
reacher,R3_reacher_09247f3e88e7af275abc2d1d,,H0,R4_ALT_CEM_1,0.0,1.0,1.0,1.0,1.0,d4e6ac21adddd2c82592f2dc9d2a110b2231a4cf2ddf84661908ef470f0956d1
reacher,R3_reacher_0e325219914460cb340033c1,,H0,R4_ALT_CEM_1,0.0,1.0,1.0,1.0,1.0,d4e6ac21adddd2c82592f2dc9d2a110b2231a4cf2ddf84661908ef470f0956d1
reacher,R3_reacher_0ea549c2f80d7cbbbb1b6dd8,,H0,R4_ALT_CEM_1,0.0,1.0,1.0,1.0,1.0,d4e6ac21adddd2c82592f2dc9d2a110b2231a4cf2ddf84661908ef470f0956d1
reacher,R3_reacher_10754410887eb77f72ae018e,,H0,R4_ALT_CEM_1,0.0,1.0,1.0,1.0,1.0,d4e6ac21adddd2c82592f2dc9d2a110b2231a4cf2ddf84661908ef470f0956d1
reacher,R3_reacher_19b957e03f42b1b14d0654d7,,H0,R4_ALT_CEM_1,1.0,1.0,0.0,0.0,0.0,d4e6ac21adddd2c82592f2dc9d2a110b2231a4cf2ddf84661908ef470f0956d1
reacher,R3_reacher_1aad022046d1e4f9da53b4a0,,H0,R4_ALT_CEM_1,0.0,1.0,1.0,1.0,1.0,d4e6ac21adddd2c82592f2dc9d2a110b2231a4cf2ddf84661908ef470f0956d1
reacher,R3_reacher_1afd87ed042926d5ecc50b5c,,H0,R4_ALT_CEM_1,1.0,1.0,0.0,0.0,0.0,d4e6ac21adddd2c82592f2dc9d2a110b2231a4cf2ddf84661908ef470f0956d1
reacher,R3_reacher_1fc0b1d9c6963542440189cf,,H0,R4_ALT_CEM_1,1.0,1.0,0.0,1.0,1.0,d4e6ac21adddd2c82592f2dc9d2a110b2231a4cf2ddf84661908ef470f0956d1
reacher,R3_reacher_20e903c4dc4794a78a414ccb,,H0,R4_ALT_CEM_1,1.0,1.0,0.0,1.0,1.0,d4e6ac21adddd2c82592f2dc9d2a110b2231a4cf2ddf84661908ef470f0956d1
reacher,R3_reacher_227dcc9361770465dc9ba143,,H0,R4_ALT_CEM_1,0.0,1.0,1.0,1.0,1.0,d4e6ac21adddd2c82592f2dc9d2a110b2231a4cf2ddf84661908ef470f0956d1
reacher,R3_reacher_248c04f18e24c23c388665d6,,H0,R4_ALT_CEM_1,1.0,1.0,0.0,1.0,1.0,d4e6ac21adddd2c82592f2dc9d2a110b2231a4cf2ddf84661908ef470f0956d1
reacher,R3_reacher_25281ce20ac4c1a4e13bfe64,,H0,R4_ALT_CEM_1,1.0,1.0,0.0,0.0,0.0,d4e6ac21adddd2c82592f2dc9d2a110b2231a4cf2ddf84661908ef470f0956d1
reacher,R3_reacher_29461ecfe2e96e3052bf252e,,H0,R4_ALT_CEM_1,1.0,1.0,0.0,1.0,1.0,d4e6ac21adddd2c82592f2dc9d2a110b2231a4cf2ddf84661908ef470f0956d1
reacher,R3_reacher_2ae169997e13b18afc7243d3,,H0,R4_ALT_CEM_1,1.0,1.0,0.0,0.0,0.0,d4e6ac21adddd2c82592f2dc9d2a110b2231a4cf2ddf84661908ef470f0956d1
reacher,R3_reacher_2b1605c757025d16771855cd,,H0,R4_ALT_CEM_1,0.0,1.0,1.0,1.0,1.0,d4e6ac21adddd2c82592f2dc9d2a110b2231a4cf2ddf84661908ef470f0956d1
reacher,R3_reacher_2da80c9f2c12b38dd5ae592f,,H0,R4_ALT_CEM_1,0.0,1.0,1.0,1.0,1.0,d4e6ac21adddd2c82592f2dc9d2a110b2231a4cf2ddf84661908ef470f0956d1
reacher,R3_reacher_31bc43e232044dba582b1a91,,H0,R4_ALT_CEM_1,0.0,0.0,0.0,1.0,1.0,d4e6ac21adddd2c82592f2dc9d2a110b2231a4cf2ddf84661908ef470f0956d1
reacher,R3_reacher_3225c7070888eacd2fe6ba3b,,H0,R4_ALT_CEM_1,1.0,1.0,0.0,0.0,0.0,d4e6ac21adddd2c82592f2dc9d2a110b2231a4cf2ddf84661908ef470f0956d1
reacher,R3_reacher_339d1566307eb06b287cd9d6,,H0,R4_ALT_CEM_1,1.0,1.0,0.0,1.0,1.0,d4e6ac21adddd2c82592f2dc9d2a110b2231a4cf2ddf84661908ef470f0956d1
reacher,R3_reacher_3687a037d77056bca1ad3a86,,H0,R4_ALT_CEM_1,1.0,1.0,0.0,1.0,1.0,d4e6ac21adddd2c82592f2dc9d2a110b2231a4cf2ddf84661908ef470f0956d1
reacher,R3_reacher_391d2d69b9911b586e875be4,,H0,R4_ALT_CEM_1,0.0,1.0,1.0,1.0,1.0,d4e6ac21adddd2c82592f2dc9d2a110b2231a4cf2ddf84661908ef470f0956d1
reacher,R3_reacher_3c2be98ff314c21b533f9194,,H0,R4_ALT_CEM_1,1.0,1.0,0.0,1.0,1.0,d4e6ac21adddd2c82592f2dc9d2a110b2231a4cf2ddf84661908ef470f0956d1
reacher,R3_reacher_3dc92a427bfa8caeee91f551,,H0,R4_ALT_CEM_1,0.0,0.0,0.0,1.0,1.0,d4e6ac21adddd2c82592f2dc9d2a110b2231a4cf2ddf84661908ef470f0956d1
reacher,R3_reacher_3ebb7b8846f0d4e4c5337f68,,H0,R4_ALT_CEM_1,0.0,1.0,1.0,1.0,1.0,d4e6ac21adddd2c82592f2dc9d2a110b2231a4cf2ddf84661908ef470f0956d1
reacher,R3_reacher_43346886f663e17e6f232be2,,H0,R4_ALT_CEM_1,1.0,1.0,0.0,1.0,1.0,d4e6ac21adddd2c82592f2dc9d2a110b2231a4cf2ddf84661908ef470f0956d1
reacher,R3_reacher_43bed550bc7c733bb23002e3,,H0,R4_ALT_CEM_1,1.0,1.0,0.0,0.0,0.0,d4e6ac21adddd2c82592f2dc9d2a110b2231a4cf2ddf84661908ef470f0956d1
reacher,R3_reacher_48b38c457e06aea47721389a,,H0,R4_ALT_CEM_1,1.0,1.0,0.0,0.0,0.0,d4e6ac21adddd2c82592f2dc9d2a110b2231a4cf2ddf84661908ef470f0956d1
reacher,R3_reacher_4a2a4a159bd6d8b01f632e71,,H0,R4_ALT_CEM_1,1.0,1.0,0.0,0.0,0.0,d4e6ac21adddd2c82592f2dc9d2a110b2231a4cf2ddf84661908ef470f0956d1
reacher,R3_reacher_4b5f85125ceccca055fe76b4,,H0,R4_ALT_CEM_1,1.0,1.0,0.0,0.0,0.0,d4e6ac21adddd2c82592f2dc9d2a110b2231a4cf2ddf84661908ef470f0956d1
reacher,R3_reacher_4d092e8fde355972772dfa7e,,H0,R4_ALT_CEM_1,1.0,1.0,0.0,1.0,1.0,d4e6ac21adddd2c82592f2dc9d2a110b2231a4cf2ddf84661908ef470f0956d1
reacher,R3_reacher_4de0f0387d01ac1b49760c47,,H0,R4_ALT_CEM_1,0.0,1.0,1.0,1.0,1.0,d4e6ac21adddd2c82592f2dc9d2a110b2231a4cf2ddf84661908ef470f0956d1
reacher,R3_reacher_4eb4413d6e63e87a59fec03a,,H0,R4_ALT_CEM_1,1.0,1.0,0.0,1.0,1.0,d4e6ac21adddd2c82592f2dc9d2a110b2231a4cf2ddf84661908ef470f0956d1
reacher,R3_reacher_51856009f99570a92446d05a,,H0,R4_ALT_CEM_1,1.0,1.0,0.0,0.0,0.0,d4e6ac21adddd2c82592f2dc9d2a110b2231a4cf2ddf84661908ef470f0956d1
reacher,R3_reacher_54f5b13feb6984f1980392cc,,H0,R4_ALT_CEM_1,1.0,1.0,0.0,0.0,0.0,d4e6ac21adddd2c82592f2dc9d2a110b2231a4cf2ddf84661908ef470f0956d1
reacher,R3_reacher_5d50985e823f66ebd401c1ec,,H0,R4_ALT_CEM_1,1.0,1.0,0.0,1.0,1.0,d4e6ac21adddd2c82592f2dc9d2a110b2231a4cf2ddf84661908ef470f0956d1
reacher,R3_reacher_5e2d5d2d9907df0393e50f40,,H0,R4_ALT_CEM_1,1.0,1.0,0.0,0.0,0.0,d4e6ac21adddd2c82592f2dc9d2a110b2231a4cf2ddf84661908ef470f0956d1
reacher,R3_reacher_5ede573180f7658b8cb1fa2a,,H0,R4_ALT_CEM_1,1.0,1.0,0.0,0.0,0.0,d4e6ac21adddd2c82592f2dc9d2a110b2231a4cf2ddf84661908ef470f0956d1
reacher,R3_reacher_6216de4a5b03eb23d114e16a,,H0,R4_ALT_CEM_1,1.0,1.0,0.0,0.0,0.0,d4e6ac21adddd2c82592f2dc9d2a110b2231a4cf2ddf84661908ef470f0956d1
reacher,R3_reacher_665505d7ca68f56e86ab9898,,H0,R4_ALT_CEM_1,1.0,1.0,0.0,1.0,1.0,d4e6ac21adddd2c82592f2dc9d2a110b2231a4cf2ddf84661908ef470f0956d1
reacher,R3_reacher_68ead16e22260984b6ce630e,,H0,R4_ALT_CEM_1,0.0,1.0,1.0,1.0,1.0,d4e6ac21adddd2c82592f2dc9d2a110b2231a4cf2ddf84661908ef470f0956d1
reacher,R3_reacher_691b0678315722721b850bd9,,H0,R4_ALT_CEM_1,1.0,1.0,0.0,1.0,1.0,d4e6ac21adddd2c82592f2dc9d2a110b2231a4cf2ddf84661908ef470f0956d1
reacher,R3_reacher_6cba7a43faf319ebfe282ca1,,H0,R4_ALT_CEM_1,0.0,1.0,1.0,1.0,1.0,d4e6ac21adddd2c82592f2dc9d2a110b2231a4cf2ddf84661908ef470f0956d1
reacher,R3_reacher_6d50b6eae922ec8eaba3b2aa,,H0,R4_ALT_CEM_1,1.0,1.0,0.0,1.0,1.0,d4e6ac21adddd2c82592f2dc9d2a110b2231a4cf2ddf84661908ef470f0956d1
reacher,R3_reacher_6ff2b0510c4734c334024b6f,,H0,R4_ALT_CEM_1,0.0,1.0,1.0,1.0,1.0,d4e6ac21adddd2c82592f2dc9d2a110b2231a4cf2ddf84661908ef470f0956d1
reacher,R3_reacher_74df08ab195a14a2c8f2f0ac,,H0,R4_ALT_CEM_1,1.0,1.0,0.0,0.0,0.0,d4e6ac21adddd2c82592f2dc9d2a110b2231a4cf2ddf84661908ef470f0956d1
reacher,R3_reacher_78e0945523fb491a3f33e969,,H0,R4_ALT_CEM_1,1.0,1.0,0.0,0.0,0.0,d4e6ac21adddd2c82592f2dc9d2a110b2231a4cf2ddf84661908ef470f0956d1
reacher,R3_reacher_7aff8be5072b1a8af1a8d13d,,H0,R4_ALT_CEM_1,1.0,1.0,0.0,0.0,0.0,d4e6ac21adddd2c82592f2dc9d2a110b2231a4cf2ddf84661908ef470f0956d1
reacher,R3_reacher_7dd7cb04423f92db263fa577,,H0,R4_ALT_CEM_1,1.0,1.0,0.0,0.0,0.0,d4e6ac21adddd2c82592f2dc9d2a110b2231a4cf2ddf84661908ef470f0956d1
reacher,R3_reacher_8013310a3876dc798b82233e,,H0,R4_ALT_CEM_1,1.0,1.0,0.0,1.0,1.0,d4e6ac21adddd2c82592f2dc9d2a110b2231a4cf2ddf84661908ef470f0956d1
reacher,R3_reacher_81676bd5f7a922d099e8c632,,H0,R4_ALT_CEM_1,1.0,1.0,0.0,1.0,1.0,d4e6ac21adddd2c82592f2dc9d2a110b2231a4cf2ddf84661908ef470f0956d1
reacher,R3_reacher_88e6d02b4868302c88af83bd,,H0,R4_ALT_CEM_1,1.0,1.0,0.0,1.0,1.0,d4e6ac21adddd2c82592f2dc9d2a110b2231a4cf2ddf84661908ef470f0956d1
reacher,R3_reacher_8cb337114374dac2e790e2d0,,H0,R4_ALT_CEM_1,0.0,1.0,1.0,1.0,1.0,d4e6ac21adddd2c82592f2dc9d2a110b2231a4cf2ddf84661908ef470f0956d1
reacher,R3_reacher_8f94a57dc057ae3fea063566,,H0,R4_ALT_CEM_1,0.0,0.0,0.0,1.0,1.0,d4e6ac21adddd2c82592f2dc9d2a110b2231a4cf2ddf84661908ef470f0956d1
reacher,R3_reacher_90130661be9d8449b174dfda,,H0,R4_ALT_CEM_1,0.0,1.0,1.0,1.0,1.0,d4e6ac21adddd2c82592f2dc9d2a110b2231a4cf2ddf84661908ef470f0956d1
reacher,R3_reacher_91d6a515142521d444cda8ca,,H0,R4_ALT_CEM_1,1.0,1.0,0.0,1.0,1.0,d4e6ac21adddd2c82592f2dc9d2a110b2231a4cf2ddf84661908ef470f0956d1
reacher,R3_reacher_9ce16e33ff15bde409d40098,,H0,R4_ALT_CEM_1,1.0,1.0,0.0,0.0,0.0,d4e6ac21adddd2c82592f2dc9d2a110b2231a4cf2ddf84661908ef470f0956d1
reacher,R3_reacher_a1c24b0d5bdd53fdeb203e5f,,H0,R4_ALT_CEM_1,1.0,1.0,0.0,0.0,0.0,d4e6ac21adddd2c82592f2dc9d2a110b2231a4cf2ddf84661908ef470f0956d1
reacher,R3_reacher_a4fc5af8bb0b58322c55693f,,H0,R4_ALT_CEM_1,1.0,1.0,0.0,0.0,0.0,d4e6ac21adddd2c82592f2dc9d2a110b2231a4cf2ddf84661908ef470f0956d1
reacher,R3_reacher_a80b135a2ca6b9fe49081cb7,,H0,R4_ALT_CEM_1,1.0,1.0,0.0,0.0,0.0,d4e6ac21adddd2c82592f2dc9d2a110b2231a4cf2ddf84661908ef470f0956d1
reacher,R3_reacher_aa19e4ff8c803eccffc04674,,H0,R4_ALT_CEM_1,1.0,1.0,0.0,1.0,1.0,d4e6ac21adddd2c82592f2dc9d2a110b2231a4cf2ddf84661908ef470f0956d1
reacher,R3_reacher_ae4e56803bfc6050ad2c5407,,H0,R4_ALT_CEM_1,1.0,1.0,0.0,1.0,1.0,d4e6ac21adddd2c82592f2dc9d2a110b2231a4cf2ddf84661908ef470f0956d1
reacher,R3_reacher_af2aa3d1d6cbf53a4f647860,,H0,R4_ALT_CEM_1,0.0,0.0,0.0,1.0,1.0,d4e6ac21adddd2c82592f2dc9d2a110b2231a4cf2ddf84661908ef470f0956d1
reacher,R3_reacher_b1919e19a6a875f129014e81,,H0,R4_ALT_CEM_1,1.0,1.0,0.0,0.0,0.0,d4e6ac21adddd2c82592f2dc9d2a110b2231a4cf2ddf84661908ef470f0956d1
reacher,R3_reacher_b2b5f6290d54abd4e830fc73,,H0,R4_ALT_CEM_1,1.0,1.0,0.0,0.0,0.0,d4e6ac21adddd2c82592f2dc9d2a110b2231a4cf2ddf84661908ef470f0956d1
reacher,R3_reacher_b360acd1c6d9c7eb19ad0748,,H0,R4_ALT_CEM_1,1.0,1.0,0.0,0.0,0.0,d4e6ac21adddd2c82592f2dc9d2a110b2231a4cf2ddf84661908ef470f0956d1
reacher,R3_reacher_b435d231878e66fe816e4b27,,H0,R4_ALT_CEM_1,0.0,1.0,1.0,1.0,1.0,d4e6ac21adddd2c82592f2dc9d2a110b2231a4cf2ddf84661908ef470f0956d1
reacher,R3_reacher_b7683878966ffb88777d03f2,,H0,R4_ALT_CEM_1,1.0,1.0,0.0,0.0,0.0,d4e6ac21adddd2c82592f2dc9d2a110b2231a4cf2ddf84661908ef470f0956d1
reacher,R3_reacher_c0da6ebc002f6e6d8652c23a,,H0,R4_ALT_CEM_1,1.0,1.0,0.0,1.0,1.0,d4e6ac21adddd2c82592f2dc9d2a110b2231a4cf2ddf84661908ef470f0956d1
reacher,R3_reacher_c47240a947a9f7917eaf944b,,H0,R4_ALT_CEM_1,1.0,1.0,0.0,1.0,1.0,d4e6ac21adddd2c82592f2dc9d2a110b2231a4cf2ddf84661908ef470f0956d1
reacher,R3_reacher_c799ddaf20ab5016c0fcc94d,,H0,R4_ALT_CEM_1,1.0,1.0,0.0,0.0,0.0,d4e6ac21adddd2c82592f2dc9d2a110b2231a4cf2ddf84661908ef470f0956d1
reacher,R3_reacher_cbda62f6c8224e2f9423fd2d,,H0,R4_ALT_CEM_1,1.0,1.0,0.0,1.0,1.0,d4e6ac21adddd2c82592f2dc9d2a110b2231a4cf2ddf84661908ef470f0956d1
reacher,R3_reacher_cda870d3e512d2eb34471d9e,,H0,R4_ALT_CEM_1,1.0,1.0,0.0,0.0,0.0,d4e6ac21adddd2c82592f2dc9d2a110b2231a4cf2ddf84661908ef470f0956d1
reacher,R3_reacher_cdd7a48d2d150bc082f55fa8,,H0,R4_ALT_CEM_1,0.0,1.0,1.0,1.0,1.0,d4e6ac21adddd2c82592f2dc9d2a110b2231a4cf2ddf84661908ef470f0956d1
reacher,R3_reacher_cf3ea0332fec67aba0c09d69,,H0,R4_ALT_CEM_1,1.0,1.0,0.0,0.0,0.0,d4e6ac21adddd2c82592f2dc9d2a110b2231a4cf2ddf84661908ef470f0956d1
reacher,R3_reacher_d114702b19acfaf5dda45c4f,,H0,R4_ALT_CEM_1,1.0,1.0,0.0,0.0,0.0,d4e6ac21adddd2c82592f2dc9d2a110b2231a4cf2ddf84661908ef470f0956d1
reacher,R3_reacher_d6184e6ee10fee6564198319,,H0,R4_ALT_CEM_1,0.0,1.0,1.0,1.0,1.0,d4e6ac21adddd2c82592f2dc9d2a110b2231a4cf2ddf84661908ef470f0956d1
reacher,R3_reacher_d75164310bc00a38ef41a7a2,,H0,R4_ALT_CEM_1,1.0,1.0,0.0,0.0,0.0,d4e6ac21adddd2c82592f2dc9d2a110b2231a4cf2ddf84661908ef470f0956d1
reacher,R3_reacher_db1aac2a2839b94c8cf3e963,,H0,R4_ALT_CEM_1,1.0,1.0,0.0,1.0,1.0,d4e6ac21adddd2c82592f2dc9d2a110b2231a4cf2ddf84661908ef470f0956d1
reacher,R3_reacher_df4b440848b9f031543dd698,,H0,R4_ALT_CEM_1,1.0,1.0,0.0,1.0,1.0,d4e6ac21adddd2c82592f2dc9d2a110b2231a4cf2ddf84661908ef470f0956d1
reacher,R3_reacher_df6b904f9325342cb9269256,,H0,R4_ALT_CEM_1,0.0,0.0,0.0,1.0,1.0,d4e6ac21adddd2c82592f2dc9d2a110b2231a4cf2ddf84661908ef470f0956d1
reacher,R3_reacher_e16605f9ca3eaefb85d7cd2a,,H0,R4_ALT_CEM_1,1.0,1.0,0.0,0.0,0.0,d4e6ac21adddd2c82592f2dc9d2a110b2231a4cf2ddf84661908ef470f0956d1
reacher,R3_reacher_e25a61bb715dbf3fd96b9f4b,,H0,R4_ALT_CEM_1,1.0,1.0,0.0,0.0,0.0,d4e6ac21adddd2c82592f2dc9d2a110b2231a4cf2ddf84661908ef470f0956d1
reacher,R3_reacher_e547cc356ff64f28a01b3a4d,,H0,R4_ALT_CEM_1,1.0,1.0,0.0,0.0,0.0,d4e6ac21adddd2c82592f2dc9d2a110b2231a4cf2ddf84661908ef470f0956d1
reacher,R3_reacher_e690a367ff4f94b45cee2d33,,H0,R4_ALT_CEM_1,0.0,1.0,1.0,1.0,1.0,d4e6ac21adddd2c82592f2dc9d2a110b2231a4cf2ddf84661908ef470f0956d1
reacher,R3_reacher_e899be36b2378f247385a80c,,H0,R4_ALT_CEM_1,1.0,1.0,0.0,0.0,0.0,d4e6ac21adddd2c82592f2dc9d2a110b2231a4cf2ddf84661908ef470f0956d1
reacher,R3_reacher_e96c064ebe544a7de14e595f,,H0,R4_ALT_CEM_1,0.0,1.0,1.0,1.0,1.0,d4e6ac21adddd2c82592f2dc9d2a110b2231a4cf2ddf84661908ef470f0956d1
reacher,R3_reacher_e97cbf284bc2f1863e321521,,H0,R4_ALT_CEM_1,0.0,1.0,1.0,1.0,1.0,d4e6ac21adddd2c82592f2dc9d2a110b2231a4cf2ddf84661908ef470f0956d1
reacher,R3_reacher_e9df183d83d2c6d6143de3be,,H0,R4_ALT_CEM_1,1.0,1.0,0.0,1.0,1.0,d4e6ac21adddd2c82592f2dc9d2a110b2231a4cf2ddf84661908ef470f0956d1
reacher,R3_reacher_eb5da8b3b8a360d72bdc4b81,,H0,R4_ALT_CEM_1,1.0,1.0,0.0,0.0,0.0,d4e6ac21adddd2c82592f2dc9d2a110b2231a4cf2ddf84661908ef470f0956d1
reacher,R3_reacher_ed2a6ac159bdefdd8698e966,,H0,R4_ALT_CEM_1,1.0,1.0,0.0,0.0,0.0,d4e6ac21adddd2c82592f2dc9d2a110b2231a4cf2ddf84661908ef470f0956d1
reacher,R3_reacher_ee3aa3dea1bccfc0c0400c77,,H0,R4_ALT_CEM_1,0.0,1.0,1.0,1.0,1.0,d4e6ac21adddd2c82592f2dc9d2a110b2231a4cf2ddf84661908ef470f0956d1
reacher,R3_reacher_f295eb60a191606d1f094189,,H0,R4_ALT_CEM_1,1.0,1.0,0.0,0.0,0.0,d4e6ac21adddd2c82592f2dc9d2a110b2231a4cf2ddf84661908ef470f0956d1
reacher,R3_reacher_f7bea0928cdded574e397c2d,,H0,R4_ALT_CEM_1,0.0,1.0,1.0,1.0,1.0,d4e6ac21adddd2c82592f2dc9d2a110b2231a4cf2ddf84661908ef470f0956d1
reacher,R3_reacher_fa467774affd316a6db90f90,,H0,R4_ALT_CEM_1,0.0,1.0,1.0,1.0,1.0,d4e6ac21adddd2c82592f2dc9d2a110b2231a4cf2ddf84661908ef470f0956d1
reacher,R3_reacher_fc2a1ecf6edea23cba59b6be,,H0,R4_ALT_CEM_1,1.0,1.0,0.0,1.0,1.0,d4e6ac21adddd2c82592f2dc9d2a110b2231a4cf2ddf84661908ef470f0956d1
reacher,R3_reacher_fca2ae6f03dd54aa3833661f,,H0,R4_ALT_CEM_1,1.0,1.0,0.0,0.0,0.0,d4e6ac21adddd2c82592f2dc9d2a110b2231a4cf2ddf84661908ef470f0956d1
reacher,R3_reacher_fe1001e9c3b6b50616b6fe2d,,H0,R4_ALT_CEM_1,1.0,1.0,0.0,1.0,1.0,d4e6ac21adddd2c82592f2dc9d2a110b2231a4cf2ddf84661908ef470f0956d1
reacher,R3_reacher_01fd87d09dbf3909048741d4,,H0,R4_ALT_CEM_2,1.0,1.0,0.0,1.0,1.0,d4e6ac21adddd2c82592f2dc9d2a110b2231a4cf2ddf84661908ef470f0956d1
reacher,R3_reacher_0651ebd394a43de70c9b7ad0,,H0,R4_ALT_CEM_2,1.0,1.0,0.0,0.0,0.0,d4e6ac21adddd2c82592f2dc9d2a110b2231a4cf2ddf84661908ef470f0956d1
reacher,R3_reacher_06b68490d49af9bd892bea71,,H0,R4_ALT_CEM_2,1.0,1.0,0.0,0.0,0.0,d4e6ac21adddd2c82592f2dc9d2a110b2231a4cf2ddf84661908ef470f0956d1
reacher,R3_reacher_09247f3e88e7af275abc2d1d,,H0,R4_ALT_CEM_2,1.0,1.0,0.0,1.0,1.0,d4e6ac21adddd2c82592f2dc9d2a110b2231a4cf2ddf84661908ef470f0956d1
reacher,R3_reacher_0e325219914460cb340033c1,,H0,R4_ALT_CEM_2,1.0,1.0,0.0,1.0,1.0,d4e6ac21adddd2c82592f2dc9d2a110b2231a4cf2ddf84661908ef470f0956d1
reacher,R3_reacher_0ea549c2f80d7cbbbb1b6dd8,,H0,R4_ALT_CEM_2,0.0,0.0,0.0,1.0,1.0,d4e6ac21adddd2c82592f2dc9d2a110b2231a4cf2ddf84661908ef470f0956d1
reacher,R3_reacher_10754410887eb77f72ae018e,,H0,R4_ALT_CEM_2,1.0,1.0,0.0,0.0,0.0,d4e6ac21adddd2c82592f2dc9d2a110b2231a4cf2ddf84661908ef470f0956d1
reacher,R3_reacher_19b957e03f42b1b14d0654d7,,H0,R4_ALT_CEM_2,1.0,1.0,0.0,0.0,0.0,d4e6ac21adddd2c82592f2dc9d2a110b2231a4cf2ddf84661908ef470f0956d1
reacher,R3_reacher_1aad022046d1e4f9da53b4a0,,H0,R4_ALT_CEM_2,1.0,1.0,0.0,0.0,0.0,d4e6ac21adddd2c82592f2dc9d2a110b2231a4cf2ddf84661908ef470f0956d1
reacher,R3_reacher_1afd87ed042926d5ecc50b5c,,H0,R4_ALT_CEM_2,1.0,1.0,0.0,0.0,0.0,d4e6ac21adddd2c82592f2dc9d2a110b2231a4cf2ddf84661908ef470f0956d1
reacher,R3_reacher_1fc0b1d9c6963542440189cf,,H0,R4_ALT_CEM_2,1.0,1.0,0.0,1.0,1.0,d4e6ac21adddd2c82592f2dc9d2a110b2231a4cf2ddf84661908ef470f0956d1
reacher,R3_reacher_20e903c4dc4794a78a414ccb,,H0,R4_ALT_CEM_2,1.0,1.0,0.0,1.0,1.0,d4e6ac21adddd2c82592f2dc9d2a110b2231a4cf2ddf84661908ef470f0956d1
reacher,R3_reacher_227dcc9361770465dc9ba143,,H0,R4_ALT_CEM_2,0.0,1.0,1.0,1.0,1.0,d4e6ac21adddd2c82592f2dc9d2a110b2231a4cf2ddf84661908ef470f0956d1
reacher,R3_reacher_248c04f18e24c23c388665d6,,H0,R4_ALT_CEM_2,0.0,1.0,1.0,1.0,1.0,d4e6ac21adddd2c82592f2dc9d2a110b2231a4cf2ddf84661908ef470f0956d1
reacher,R3_reacher_25281ce20ac4c1a4e13bfe64,,H0,R4_ALT_CEM_2,1.0,1.0,0.0,0.0,0.0,d4e6ac21adddd2c82592f2dc9d2a110b2231a4cf2ddf84661908ef470f0956d1
reacher,R3_reacher_29461ecfe2e96e3052bf252e,,H0,R4_ALT_CEM_2,1.0,1.0,0.0,1.0,1.0,d4e6ac21adddd2c82592f2dc9d2a110b2231a4cf2ddf84661908ef470f0956d1
reacher,R3_reacher_2ae169997e13b18afc7243d3,,H0,R4_ALT_CEM_2,1.0,1.0,0.0,1.0,1.0,d4e6ac21adddd2c82592f2dc9d2a110b2231a4cf2ddf84661908ef470f0956d1
reacher,R3_reacher_2b1605c757025d16771855cd,,H0,R4_ALT_CEM_2,1.0,1.0,0.0,0.0,0.0,d4e6ac21adddd2c82592f2dc9d2a110b2231a4cf2ddf84661908ef470f0956d1
reacher,R3_reacher_2da80c9f2c12b38dd5ae592f,,H0,R4_ALT_CEM_2,1.0,1.0,0.0,1.0,1.0,d4e6ac21adddd2c82592f2dc9d2a110b2231a4cf2ddf84661908ef470f0956d1
reacher,R3_reacher_31bc43e232044dba582b1a91,,H0,R4_ALT_CEM_2,1.0,1.0,0.0,1.0,1.0,d4e6ac21adddd2c82592f2dc9d2a110b2231a4cf2ddf84661908ef470f0956d1
reacher,R3_reacher_3225c7070888eacd2fe6ba3b,,H0,R4_ALT_CEM_2,1.0,0.0,-1.0,1.0,1.0,d4e6ac21adddd2c82592f2dc9d2a110b2231a4cf2ddf84661908ef470f0956d1
reacher,R3_reacher_339d1566307eb06b287cd9d6,,H0,R4_ALT_CEM_2,1.0,1.0,0.0,1.0,1.0,d4e6ac21adddd2c82592f2dc9d2a110b2231a4cf2ddf84661908ef470f0956d1
reacher,R3_reacher_3687a037d77056bca1ad3a86,,H0,R4_ALT_CEM_2,1.0,1.0,0.0,0.0,0.0,d4e6ac21adddd2c82592f2dc9d2a110b2231a4cf2ddf84661908ef470f0956d1
reacher,R3_reacher_391d2d69b9911b586e875be4,,H0,R4_ALT_CEM_2,0.0,1.0,1.0,1.0,1.0,d4e6ac21adddd2c82592f2dc9d2a110b2231a4cf2ddf84661908ef470f0956d1
reacher,R3_reacher_3c2be98ff314c21b533f9194,,H0,R4_ALT_CEM_2,1.0,1.0,0.0,0.0,0.0,d4e6ac21adddd2c82592f2dc9d2a110b2231a4cf2ddf84661908ef470f0956d1
reacher,R3_reacher_3dc92a427bfa8caeee91f551,,H0,R4_ALT_CEM_2,1.0,1.0,0.0,0.0,0.0,d4e6ac21adddd2c82592f2dc9d2a110b2231a4cf2ddf84661908ef470f0956d1
reacher,R3_reacher_3ebb7b8846f0d4e4c5337f68,,H0,R4_ALT_CEM_2,1.0,1.0,0.0,1.0,1.0,d4e6ac21adddd2c82592f2dc9d2a110b2231a4cf2ddf84661908ef470f0956d1
reacher,R3_reacher_43346886f663e17e6f232be2,,H0,R4_ALT_CEM_2,1.0,1.0,0.0,1.0,1.0,d4e6ac21adddd2c82592f2dc9d2a110b2231a4cf2ddf84661908ef470f0956d1
reacher,R3_reacher_43bed550bc7c733bb23002e3,,H0,R4_ALT_CEM_2,1.0,1.0,0.0,0.0,0.0,d4e6ac21adddd2c82592f2dc9d2a110b2231a4cf2ddf84661908ef470f0956d1
reacher,R3_reacher_48b38c457e06aea47721389a,,H0,R4_ALT_CEM_2,1.0,1.0,0.0,0.0,0.0,d4e6ac21adddd2c82592f2dc9d2a110b2231a4cf2ddf84661908ef470f0956d1
reacher,R3_reacher_4a2a4a159bd6d8b01f632e71,,H0,R4_ALT_CEM_2,1.0,1.0,0.0,0.0,0.0,d4e6ac21adddd2c82592f2dc9d2a110b2231a4cf2ddf84661908ef470f0956d1
reacher,R3_reacher_4b5f85125ceccca055fe76b4,,H0,R4_ALT_CEM_2,1.0,1.0,0.0,0.0,0.0,d4e6ac21adddd2c82592f2dc9d2a110b2231a4cf2ddf84661908ef470f0956d1
reacher,R3_reacher_4d092e8fde355972772dfa7e,,H0,R4_ALT_CEM_2,1.0,0.0,-1.0,1.0,1.0,d4e6ac21adddd2c82592f2dc9d2a110b2231a4cf2ddf84661908ef470f0956d1
reacher,R3_reacher_4de0f0387d01ac1b49760c47,,H0,R4_ALT_CEM_2,0.0,1.0,1.0,1.0,1.0,d4e6ac21adddd2c82592f2dc9d2a110b2231a4cf2ddf84661908ef470f0956d1
reacher,R3_reacher_4eb4413d6e63e87a59fec03a,,H0,R4_ALT_CEM_2,1.0,1.0,0.0,1.0,1.0,d4e6ac21adddd2c82592f2dc9d2a110b2231a4cf2ddf84661908ef470f0956d1
reacher,R3_reacher_51856009f99570a92446d05a,,H0,R4_ALT_CEM_2,1.0,1.0,0.0,0.0,0.0,d4e6ac21adddd2c82592f2dc9d2a110b2231a4cf2ddf84661908ef470f0956d1
reacher,R3_reacher_54f5b13feb6984f1980392cc,,H0,R4_ALT_CEM_2,1.0,1.0,0.0,0.0,0.0,d4e6ac21adddd2c82592f2dc9d2a110b2231a4cf2ddf84661908ef470f0956d1
reacher,R3_reacher_5d50985e823f66ebd401c1ec,,H0,R4_ALT_CEM_2,1.0,1.0,0.0,1.0,1.0,d4e6ac21adddd2c82592f2dc9d2a110b2231a4cf2ddf84661908ef470f0956d1
reacher,R3_reacher_5e2d5d2d9907df0393e50f40,,H0,R4_ALT_CEM_2,1.0,1.0,0.0,0.0,0.0,d4e6ac21adddd2c82592f2dc9d2a110b2231a4cf2ddf84661908ef470f0956d1
reacher,R3_reacher_5ede573180f7658b8cb1fa2a,,H0,R4_ALT_CEM_2,1.0,0.0,-1.0,1.0,1.0,d4e6ac21adddd2c82592f2dc9d2a110b2231a4cf2ddf84661908ef470f0956d1
reacher,R3_reacher_6216de4a5b03eb23d114e16a,,H0,R4_ALT_CEM_2,1.0,1.0,0.0,0.0,0.0,d4e6ac21adddd2c82592f2dc9d2a110b2231a4cf2ddf84661908ef470f0956d1
reacher,R3_reacher_665505d7ca68f56e86ab9898,,H0,R4_ALT_CEM_2,1.0,1.0,0.0,0.0,0.0,d4e6ac21adddd2c82592f2dc9d2a110b2231a4cf2ddf84661908ef470f0956d1
reacher,R3_reacher_68ead16e22260984b6ce630e,,H0,R4_ALT_CEM_2,0.0,1.0,1.0,1.0,1.0,d4e6ac21adddd2c82592f2dc9d2a110b2231a4cf2ddf84661908ef470f0956d1
reacher,R3_reacher_691b0678315722721b850bd9,,H0,R4_ALT_CEM_2,0.0,1.0,1.0,1.0,1.0,d4e6ac21adddd2c82592f2dc9d2a110b2231a4cf2ddf84661908ef470f0956d1
reacher,R3_reacher_6cba7a43faf319ebfe282ca1,,H0,R4_ALT_CEM_2,1.0,1.0,0.0,0.0,0.0,d4e6ac21adddd2c82592f2dc9d2a110b2231a4cf2ddf84661908ef470f0956d1
reacher,R3_reacher_6d50b6eae922ec8eaba3b2aa,,H0,R4_ALT_CEM_2,1.0,1.0,0.0,0.0,0.0,d4e6ac21adddd2c82592f2dc9d2a110b2231a4cf2ddf84661908ef470f0956d1
reacher,R3_reacher_6ff2b0510c4734c334024b6f,,H0,R4_ALT_CEM_2,0.0,1.0,1.0,1.0,1.0,d4e6ac21adddd2c82592f2dc9d2a110b2231a4cf2ddf84661908ef470f0956d1
reacher,R3_reacher_74df08ab195a14a2c8f2f0ac,,H0,R4_ALT_CEM_2,1.0,1.0,0.0,0.0,0.0,d4e6ac21adddd2c82592f2dc9d2a110b2231a4cf2ddf84661908ef470f0956d1
reacher,R3_reacher_78e0945523fb491a3f33e969,,H0,R4_ALT_CEM_2,1.0,1.0,0.0,0.0,0.0,d4e6ac21adddd2c82592f2dc9d2a110b2231a4cf2ddf84661908ef470f0956d1
reacher,R3_reacher_7aff8be5072b1a8af1a8d13d,,H0,R4_ALT_CEM_2,1.0,1.0,0.0,0.0,0.0,d4e6ac21adddd2c82592f2dc9d2a110b2231a4cf2ddf84661908ef470f0956d1
reacher,R3_reacher_7dd7cb04423f92db263fa577,,H0,R4_ALT_CEM_2,1.0,1.0,0.0,0.0,0.0,d4e6ac21adddd2c82592f2dc9d2a110b2231a4cf2ddf84661908ef470f0956d1
reacher,R3_reacher_8013310a3876dc798b82233e,,H0,R4_ALT_CEM_2,1.0,1.0,0.0,0.0,0.0,d4e6ac21adddd2c82592f2dc9d2a110b2231a4cf2ddf84661908ef470f0956d1
reacher,R3_reacher_81676bd5f7a922d099e8c632,,H0,R4_ALT_CEM_2,1.0,1.0,0.0,1.0,1.0,d4e6ac21adddd2c82592f2dc9d2a110b2231a4cf2ddf84661908ef470f0956d1
reacher,R3_reacher_88e6d02b4868302c88af83bd,,H0,R4_ALT_CEM_2,1.0,1.0,0.0,0.0,0.0,d4e6ac21adddd2c82592f2dc9d2a110b2231a4cf2ddf84661908ef470f0956d1
reacher,R3_reacher_8cb337114374dac2e790e2d0,,H0,R4_ALT_CEM_2,1.0,1.0,0.0,1.0,1.0,d4e6ac21adddd2c82592f2dc9d2a110b2231a4cf2ddf84661908ef470f0956d1
reacher,R3_reacher_8f94a57dc057ae3fea063566,,H0,R4_ALT_CEM_2,0.0,0.0,0.0,1.0,1.0,d4e6ac21adddd2c82592f2dc9d2a110b2231a4cf2ddf84661908ef470f0956d1
reacher,R3_reacher_90130661be9d8449b174dfda,,H0,R4_ALT_CEM_2,1.0,1.0,0.0,1.0,1.0,d4e6ac21adddd2c82592f2dc9d2a110b2231a4cf2ddf84661908ef470f0956d1
reacher,R3_reacher_91d6a515142521d444cda8ca,,H0,R4_ALT_CEM_2,1.0,1.0,0.0,0.0,0.0,d4e6ac21adddd2c82592f2dc9d2a110b2231a4cf2ddf84661908ef470f0956d1
reacher,R3_reacher_9ce16e33ff15bde409d40098,,H0,R4_ALT_CEM_2,1.0,1.0,0.0,0.0,0.0,d4e6ac21adddd2c82592f2dc9d2a110b2231a4cf2ddf84661908ef470f0956d1
reacher,R3_reacher_a1c24b0d5bdd53fdeb203e5f,,H0,R4_ALT_CEM_2,1.0,1.0,0.0,0.0,0.0,d4e6ac21adddd2c82592f2dc9d2a110b2231a4cf2ddf84661908ef470f0956d1
reacher,R3_reacher_a4fc5af8bb0b58322c55693f,,H0,R4_ALT_CEM_2,1.0,1.0,0.0,1.0,1.0,d4e6ac21adddd2c82592f2dc9d2a110b2231a4cf2ddf84661908ef470f0956d1
reacher,R3_reacher_a80b135a2ca6b9fe49081cb7,,H0,R4_ALT_CEM_2,0.0,1.0,1.0,1.0,1.0,d4e6ac21adddd2c82592f2dc9d2a110b2231a4cf2ddf84661908ef470f0956d1
reacher,R3_reacher_aa19e4ff8c803eccffc04674,,H0,R4_ALT_CEM_2,1.0,1.0,0.0,1.0,1.0,d4e6ac21adddd2c82592f2dc9d2a110b2231a4cf2ddf84661908ef470f0956d1
reacher,R3_reacher_ae4e56803bfc6050ad2c5407,,H0,R4_ALT_CEM_2,1.0,1.0,0.0,0.0,0.0,d4e6ac21adddd2c82592f2dc9d2a110b2231a4cf2ddf84661908ef470f0956d1
reacher,R3_reacher_af2aa3d1d6cbf53a4f647860,,H0,R4_ALT_CEM_2,1.0,1.0,0.0,1.0,1.0,d4e6ac21adddd2c82592f2dc9d2a110b2231a4cf2ddf84661908ef470f0956d1
reacher,R3_reacher_b1919e19a6a875f129014e81,,H0,R4_ALT_CEM_2,1.0,1.0,0.0,0.0,0.0,d4e6ac21adddd2c82592f2dc9d2a110b2231a4cf2ddf84661908ef470f0956d1
reacher,R3_reacher_b2b5f6290d54abd4e830fc73,,H0,R4_ALT_CEM_2,1.0,1.0,0.0,0.0,0.0,d4e6ac21adddd2c82592f2dc9d2a110b2231a4cf2ddf84661908ef470f0956d1
reacher,R3_reacher_b360acd1c6d9c7eb19ad0748,,H0,R4_ALT_CEM_2,1.0,1.0,0.0,0.0,0.0,d4e6ac21adddd2c82592f2dc9d2a110b2231a4cf2ddf84661908ef470f0956d1
reacher,R3_reacher_b435d231878e66fe816e4b27,,H0,R4_ALT_CEM_2,1.0,1.0,0.0,1.0,1.0,d4e6ac21adddd2c82592f2dc9d2a110b2231a4cf2ddf84661908ef470f0956d1
reacher,R3_reacher_b7683878966ffb88777d03f2,,H0,R4_ALT_CEM_2,1.0,1.0,0.0,0.0,0.0,d4e6ac21adddd2c82592f2dc9d2a110b2231a4cf2ddf84661908ef470f0956d1
reacher,R3_reacher_c0da6ebc002f6e6d8652c23a,,H0,R4_ALT_CEM_2,1.0,1.0,0.0,1.0,1.0,d4e6ac21adddd2c82592f2dc9d2a110b2231a4cf2ddf84661908ef470f0956d1
reacher,R3_reacher_c47240a947a9f7917eaf944b,,H0,R4_ALT_CEM_2,1.0,1.0,0.0,1.0,1.0,d4e6ac21adddd2c82592f2dc9d2a110b2231a4cf2ddf84661908ef470f0956d1
reacher,R3_reacher_c799ddaf20ab5016c0fcc94d,,H0,R4_ALT_CEM_2,1.0,1.0,0.0,0.0,0.0,d4e6ac21adddd2c82592f2dc9d2a110b2231a4cf2ddf84661908ef470f0956d1
reacher,R3_reacher_cbda62f6c8224e2f9423fd2d,,H0,R4_ALT_CEM_2,1.0,1.0,0.0,1.0,1.0,d4e6ac21adddd2c82592f2dc9d2a110b2231a4cf2ddf84661908ef470f0956d1
reacher,R3_reacher_cda870d3e512d2eb34471d9e,,H0,R4_ALT_CEM_2,1.0,1.0,0.0,0.0,0.0,d4e6ac21adddd2c82592f2dc9d2a110b2231a4cf2ddf84661908ef470f0956d1
reacher,R3_reacher_cdd7a48d2d150bc082f55fa8,,H0,R4_ALT_CEM_2,0.0,1.0,1.0,1.0,1.0,d4e6ac21adddd2c82592f2dc9d2a110b2231a4cf2ddf84661908ef470f0956d1
reacher,R3_reacher_cf3ea0332fec67aba0c09d69,,H0,R4_ALT_CEM_2,1.0,1.0,0.0,0.0,0.0,d4e6ac21adddd2c82592f2dc9d2a110b2231a4cf2ddf84661908ef470f0956d1
reacher,R3_reacher_d114702b19acfaf5dda45c4f,,H0,R4_ALT_CEM_2,1.0,1.0,0.0,0.0,0.0,d4e6ac21adddd2c82592f2dc9d2a110b2231a4cf2ddf84661908ef470f0956d1
reacher,R3_reacher_d6184e6ee10fee6564198319,,H0,R4_ALT_CEM_2,0.0,1.0,1.0,1.0,1.0,d4e6ac21adddd2c82592f2dc9d2a110b2231a4cf2ddf84661908ef470f0956d1
reacher,R3_reacher_d75164310bc00a38ef41a7a2,,H0,R4_ALT_CEM_2,1.0,1.0,0.0,0.0,0.0,d4e6ac21adddd2c82592f2dc9d2a110b2231a4cf2ddf84661908ef470f0956d1
reacher,R3_reacher_db1aac2a2839b94c8cf3e963,,H0,R4_ALT_CEM_2,0.0,1.0,1.0,1.0,1.0,d4e6ac21adddd2c82592f2dc9d2a110b2231a4cf2ddf84661908ef470f0956d1
reacher,R3_reacher_df4b440848b9f031543dd698,,H0,R4_ALT_CEM_2,1.0,1.0,0.0,1.0,1.0,d4e6ac21adddd2c82592f2dc9d2a110b2231a4cf2ddf84661908ef470f0956d1
reacher,R3_reacher_df6b904f9325342cb9269256,,H0,R4_ALT_CEM_2,1.0,1.0,0.0,1.0,1.0,d4e6ac21adddd2c82592f2dc9d2a110b2231a4cf2ddf84661908ef470f0956d1
reacher,R3_reacher_e16605f9ca3eaefb85d7cd2a,,H0,R4_ALT_CEM_2,0.0,1.0,1.0,1.0,1.0,d4e6ac21adddd2c82592f2dc9d2a110b2231a4cf2ddf84661908ef470f0956d1
reacher,R3_reacher_e25a61bb715dbf3fd96b9f4b,,H0,R4_ALT_CEM_2,1.0,1.0,0.0,0.0,0.0,d4e6ac21adddd2c82592f2dc9d2a110b2231a4cf2ddf84661908ef470f0956d1
reacher,R3_reacher_e547cc356ff64f28a01b3a4d,,H0,R4_ALT_CEM_2,1.0,1.0,0.0,0.0,0.0,d4e6ac21adddd2c82592f2dc9d2a110b2231a4cf2ddf84661908ef470f0956d1
reacher,R3_reacher_e690a367ff4f94b45cee2d33,,H0,R4_ALT_CEM_2,0.0,0.0,0.0,1.0,1.0,d4e6ac21adddd2c82592f2dc9d2a110b2231a4cf2ddf84661908ef470f0956d1
reacher,R3_reacher_e899be36b2378f247385a80c,,H0,R4_ALT_CEM_2,1.0,1.0,0.0,1.0,1.0,d4e6ac21adddd2c82592f2dc9d2a110b2231a4cf2ddf84661908ef470f0956d1
reacher,R3_reacher_e96c064ebe544a7de14e595f,,H0,R4_ALT_CEM_2,1.0,1.0,0.0,0.0,0.0,d4e6ac21adddd2c82592f2dc9d2a110b2231a4cf2ddf84661908ef470f0956d1
reacher,R3_reacher_e97cbf284bc2f1863e321521,,H0,R4_ALT_CEM_2,1.0,1.0,0.0,0.0,0.0,d4e6ac21adddd2c82592f2dc9d2a110b2231a4cf2ddf84661908ef470f0956d1
reacher,R3_reacher_e9df183d83d2c6d6143de3be,,H0,R4_ALT_CEM_2,1.0,1.0,0.0,0.0,0.0,d4e6ac21adddd2c82592f2dc9d2a110b2231a4cf2ddf84661908ef470f0956d1
reacher,R3_reacher_eb5da8b3b8a360d72bdc4b81,,H0,R4_ALT_CEM_2,1.0,1.0,0.0,0.0,0.0,d4e6ac21adddd2c82592f2dc9d2a110b2231a4cf2ddf84661908ef470f0956d1
reacher,R3_reacher_ed2a6ac159bdefdd8698e966,,H0,R4_ALT_CEM_2,1.0,1.0,0.0,0.0,0.0,d4e6ac21adddd2c82592f2dc9d2a110b2231a4cf2ddf84661908ef470f0956d1
reacher,R3_reacher_ee3aa3dea1bccfc0c0400c77,,H0,R4_ALT_CEM_2,1.0,1.0,0.0,1.0,1.0,d4e6ac21adddd2c82592f2dc9d2a110b2231a4cf2ddf84661908ef470f0956d1
reacher,R3_reacher_f295eb60a191606d1f094189,,H0,R4_ALT_CEM_2,1.0,1.0,0.0,0.0,0.0,d4e6ac21adddd2c82592f2dc9d2a110b2231a4cf2ddf84661908ef470f0956d1
reacher,R3_reacher_f7bea0928cdded574e397c2d,,H0,R4_ALT_CEM_2,0.0,1.0,1.0,1.0,1.0,d4e6ac21adddd2c82592f2dc9d2a110b2231a4cf2ddf84661908ef470f0956d1
reacher,R3_reacher_fa467774affd316a6db90f90,,H0,R4_ALT_CEM_2,1.0,1.0,0.0,0.0,0.0,d4e6ac21adddd2c82592f2dc9d2a110b2231a4cf2ddf84661908ef470f0956d1
reacher,R3_reacher_fc2a1ecf6edea23cba59b6be,,H0,R4_ALT_CEM_2,1.0,1.0,0.0,1.0,1.0,d4e6ac21adddd2c82592f2dc9d2a110b2231a4cf2ddf84661908ef470f0956d1
reacher,R3_reacher_fca2ae6f03dd54aa3833661f,,H0,R4_ALT_CEM_2,1.0,1.0,0.0,0.0,0.0,d4e6ac21adddd2c82592f2dc9d2a110b2231a4cf2ddf84661908ef470f0956d1
reacher,R3_reacher_fe1001e9c3b6b50616b6fe2d,,H0,R4_ALT_CEM_2,1.0,1.0,0.0,0.0,0.0,d4e6ac21adddd2c82592f2dc9d2a110b2231a4cf2ddf84661908ef470f0956d1
reacher,R3_reacher_01fd87d09dbf3909048741d4,,H0,MEAN_OF_THREE_STREAMS_WITHIN_CASE,0.6666666666666666,1.0,0.33333333333333337,1.0,1.0,d4e6ac21adddd2c82592f2dc9d2a110b2231a4cf2ddf84661908ef470f0956d1
reacher,R3_reacher_0651ebd394a43de70c9b7ad0,,H0,MEAN_OF_THREE_STREAMS_WITHIN_CASE,0.6666666666666666,1.0,0.33333333333333337,0.6666666666666666,0.6666666666666666,d4e6ac21adddd2c82592f2dc9d2a110b2231a4cf2ddf84661908ef470f0956d1
reacher,R3_reacher_06b68490d49af9bd892bea71,,H0,MEAN_OF_THREE_STREAMS_WITHIN_CASE,0.3333333333333333,1.0,0.6666666666666667,0.6666666666666666,0.6666666666666666,d4e6ac21adddd2c82592f2dc9d2a110b2231a4cf2ddf84661908ef470f0956d1
reacher,R3_reacher_09247f3e88e7af275abc2d1d,,H0,MEAN_OF_THREE_STREAMS_WITHIN_CASE,0.6666666666666666,1.0,0.33333333333333337,0.6666666666666666,0.6666666666666666,d4e6ac21adddd2c82592f2dc9d2a110b2231a4cf2ddf84661908ef470f0956d1
reacher,R3_reacher_0e325219914460cb340033c1,,H0,MEAN_OF_THREE_STREAMS_WITHIN_CASE,0.3333333333333333,1.0,0.6666666666666667,1.0,1.0,d4e6ac21adddd2c82592f2dc9d2a110b2231a4cf2ddf84661908ef470f0956d1
reacher,R3_reacher_0ea549c2f80d7cbbbb1b6dd8,,H0,MEAN_OF_THREE_STREAMS_WITHIN_CASE,0.3333333333333333,0.6666666666666666,0.3333333333333333,0.6666666666666666,0.6666666666666666,d4e6ac21adddd2c82592f2dc9d2a110b2231a4cf2ddf84661908ef470f0956d1
reacher,R3_reacher_10754410887eb77f72ae018e,,H0,MEAN_OF_THREE_STREAMS_WITHIN_CASE,0.3333333333333333,1.0,0.6666666666666667,0.6666666666666666,0.6666666666666666,d4e6ac21adddd2c82592f2dc9d2a110b2231a4cf2ddf84661908ef470f0956d1
reacher,R3_reacher_19b957e03f42b1b14d0654d7,,H0,MEAN_OF_THREE_STREAMS_WITHIN_CASE,1.0,1.0,0.0,0.0,0.0,d4e6ac21adddd2c82592f2dc9d2a110b2231a4cf2ddf84661908ef470f0956d1
reacher,R3_reacher_1aad022046d1e4f9da53b4a0,,H0,MEAN_OF_THREE_STREAMS_WITHIN_CASE,0.6666666666666666,1.0,0.33333333333333337,0.3333333333333333,0.3333333333333333,d4e6ac21adddd2c82592f2dc9d2a110b2231a4cf2ddf84661908ef470f0956d1
reacher,R3_reacher_1afd87ed042926d5ecc50b5c,,H0,MEAN_OF_THREE_STREAMS_WITHIN_CASE,1.0,1.0,0.0,0.0,0.0,d4e6ac21adddd2c82592f2dc9d2a110b2231a4cf2ddf84661908ef470f0956d1
reacher,R3_reacher_1fc0b1d9c6963542440189cf,,H0,MEAN_OF_THREE_STREAMS_WITHIN_CASE,1.0,1.0,0.0,1.0,1.0,d4e6ac21adddd2c82592f2dc9d2a110b2231a4cf2ddf84661908ef470f0956d1
reacher,R3_reacher_20e903c4dc4794a78a414ccb,,H0,MEAN_OF_THREE_STREAMS_WITHIN_CASE,1.0,1.0,0.0,1.0,1.0,d4e6ac21adddd2c82592f2dc9d2a110b2231a4cf2ddf84661908ef470f0956d1
reacher,R3_reacher_227dcc9361770465dc9ba143,,H0,MEAN_OF_THREE_STREAMS_WITHIN_CASE,0.3333333333333333,1.0,0.6666666666666667,0.6666666666666666,0.6666666666666666,d4e6ac21adddd2c82592f2dc9d2a110b2231a4cf2ddf84661908ef470f0956d1
reacher,R3_reacher_248c04f18e24c23c388665d6,,H0,MEAN_OF_THREE_STREAMS_WITHIN_CASE,0.6666666666666666,1.0,0.33333333333333337,0.6666666666666666,0.6666666666666666,d4e6ac21adddd2c82592f2dc9d2a110b2231a4cf2ddf84661908ef470f0956d1
reacher,R3_reacher_25281ce20ac4c1a4e13bfe64,,H0,MEAN_OF_THREE_STREAMS_WITHIN_CASE,1.0,1.0,0.0,0.0,0.0,d4e6ac21adddd2c82592f2dc9d2a110b2231a4cf2ddf84661908ef470f0956d1
reacher,R3_reacher_29461ecfe2e96e3052bf252e,,H0,MEAN_OF_THREE_STREAMS_WITHIN_CASE,1.0,1.0,0.0,0.6666666666666666,0.6666666666666666,d4e6ac21adddd2c82592f2dc9d2a110b2231a4cf2ddf84661908ef470f0956d1
reacher,R3_reacher_2ae169997e13b18afc7243d3,,H0,MEAN_OF_THREE_STREAMS_WITHIN_CASE,1.0,1.0,0.0,0.3333333333333333,0.3333333333333333,d4e6ac21adddd2c82592f2dc9d2a110b2231a4cf2ddf84661908ef470f0956d1
reacher,R3_reacher_2b1605c757025d16771855cd,,H0,MEAN_OF_THREE_STREAMS_WITHIN_CASE,0.6666666666666666,1.0,0.33333333333333337,0.3333333333333333,0.3333333333333333,d4e6ac21adddd2c82592f2dc9d2a110b2231a4cf2ddf84661908ef470f0956d1
reacher,R3_reacher_2da80c9f2c12b38dd5ae592f,,H0,MEAN_OF_THREE_STREAMS_WITHIN_CASE,0.6666666666666666,1.0,0.33333333333333337,1.0,1.0,d4e6ac21adddd2c82592f2dc9d2a110b2231a4cf2ddf84661908ef470f0956d1
reacher,R3_reacher_31bc43e232044dba582b1a91,,H0,MEAN_OF_THREE_STREAMS_WITHIN_CASE,0.6666666666666666,0.6666666666666666,0.0,1.0,1.0,d4e6ac21adddd2c82592f2dc9d2a110b2231a4cf2ddf84661908ef470f0956d1
reacher,R3_reacher_3225c7070888eacd2fe6ba3b,,H0,MEAN_OF_THREE_STREAMS_WITHIN_CASE,1.0,0.6666666666666666,-0.33333333333333337,0.6666666666666666,0.6666666666666666,d4e6ac21adddd2c82592f2dc9d2a110b2231a4cf2ddf84661908ef470f0956d1
reacher,R3_reacher_339d1566307eb06b287cd9d6,,H0,MEAN_OF_THREE_STREAMS_WITHIN_CASE,1.0,1.0,0.0,1.0,1.0,d4e6ac21adddd2c82592f2dc9d2a110b2231a4cf2ddf84661908ef470f0956d1
reacher,R3_reacher_3687a037d77056bca1ad3a86,,H0,MEAN_OF_THREE_STREAMS_WITHIN_CASE,1.0,1.0,0.0,0.3333333333333333,0.3333333333333333,d4e6ac21adddd2c82592f2dc9d2a110b2231a4cf2ddf84661908ef470f0956d1
reacher,R3_reacher_391d2d69b9911b586e875be4,,H0,MEAN_OF_THREE_STREAMS_WITHIN_CASE,0.3333333333333333,1.0,0.6666666666666667,1.0,1.0,d4e6ac21adddd2c82592f2dc9d2a110b2231a4cf2ddf84661908ef470f0956d1
reacher,R3_reacher_3c2be98ff314c21b533f9194,,H0,MEAN_OF_THREE_STREAMS_WITHIN_CASE,1.0,1.0,0.0,0.3333333333333333,0.3333333333333333,d4e6ac21adddd2c82592f2dc9d2a110b2231a4cf2ddf84661908ef470f0956d1
reacher,R3_reacher_3dc92a427bfa8caeee91f551,,H0,MEAN_OF_THREE_STREAMS_WITHIN_CASE,0.6666666666666666,0.6666666666666666,0.0,0.6666666666666666,0.6666666666666666,d4e6ac21adddd2c82592f2dc9d2a110b2231a4cf2ddf84661908ef470f0956d1
reacher,R3_reacher_3ebb7b8846f0d4e4c5337f68,,H0,MEAN_OF_THREE_STREAMS_WITHIN_CASE,0.6666666666666666,1.0,0.33333333333333337,1.0,1.0,d4e6ac21adddd2c82592f2dc9d2a110b2231a4cf2ddf84661908ef470f0956d1
reacher,R3_reacher_43346886f663e17e6f232be2,,H0,MEAN_OF_THREE_STREAMS_WITHIN_CASE,1.0,1.0,0.0,0.6666666666666666,0.6666666666666666,d4e6ac21adddd2c82592f2dc9d2a110b2231a4cf2ddf84661908ef470f0956d1
reacher,R3_reacher_43bed550bc7c733bb23002e3,,H0,MEAN_OF_THREE_STREAMS_WITHIN_CASE,1.0,1.0,0.0,0.3333333333333333,0.3333333333333333,d4e6ac21adddd2c82592f2dc9d2a110b2231a4cf2ddf84661908ef470f0956d1
reacher,R3_reacher_48b38c457e06aea47721389a,,H0,MEAN_OF_THREE_STREAMS_WITHIN_CASE,1.0,1.0,0.0,0.0,0.0,d4e6ac21adddd2c82592f2dc9d2a110b2231a4cf2ddf84661908ef470f0956d1
reacher,R3_reacher_4a2a4a159bd6d8b01f632e71,,H0,MEAN_OF_THREE_STREAMS_WITHIN_CASE,1.0,1.0,0.0,0.3333333333333333,0.3333333333333333,d4e6ac21adddd2c82592f2dc9d2a110b2231a4cf2ddf84661908ef470f0956d1
reacher,R3_reacher_4b5f85125ceccca055fe76b4,,H0,MEAN_OF_THREE_STREAMS_WITHIN_CASE,1.0,1.0,0.0,0.0,0.0,d4e6ac21adddd2c82592f2dc9d2a110b2231a4cf2ddf84661908ef470f0956d1
reacher,R3_reacher_4d092e8fde355972772dfa7e,,H0,MEAN_OF_THREE_STREAMS_WITHIN_CASE,0.6666666666666666,0.6666666666666666,0.0,1.0,1.0,d4e6ac21adddd2c82592f2dc9d2a110b2231a4cf2ddf84661908ef470f0956d1
reacher,R3_reacher_4de0f0387d01ac1b49760c47,,H0,MEAN_OF_THREE_STREAMS_WITHIN_CASE,0.3333333333333333,1.0,0.6666666666666667,1.0,1.0,d4e6ac21adddd2c82592f2dc9d2a110b2231a4cf2ddf84661908ef470f0956d1
reacher,R3_reacher_4eb4413d6e63e87a59fec03a,,H0,MEAN_OF_THREE_STREAMS_WITHIN_CASE,1.0,1.0,0.0,1.0,1.0,d4e6ac21adddd2c82592f2dc9d2a110b2231a4cf2ddf84661908ef470f0956d1
reacher,R3_reacher_51856009f99570a92446d05a,,H0,MEAN_OF_THREE_STREAMS_WITHIN_CASE,1.0,1.0,0.0,0.0,0.0,d4e6ac21adddd2c82592f2dc9d2a110b2231a4cf2ddf84661908ef470f0956d1
reacher,R3_reacher_54f5b13feb6984f1980392cc,,H0,MEAN_OF_THREE_STREAMS_WITHIN_CASE,1.0,1.0,0.0,0.0,0.0,d4e6ac21adddd2c82592f2dc9d2a110b2231a4cf2ddf84661908ef470f0956d1
reacher,R3_reacher_5d50985e823f66ebd401c1ec,,H0,MEAN_OF_THREE_STREAMS_WITHIN_CASE,1.0,1.0,0.0,1.0,1.0,d4e6ac21adddd2c82592f2dc9d2a110b2231a4cf2ddf84661908ef470f0956d1
reacher,R3_reacher_5e2d5d2d9907df0393e50f40,,H0,MEAN_OF_THREE_STREAMS_WITHIN_CASE,1.0,1.0,0.0,0.0,0.0,d4e6ac21adddd2c82592f2dc9d2a110b2231a4cf2ddf84661908ef470f0956d1
reacher,R3_reacher_5ede573180f7658b8cb1fa2a,,H0,MEAN_OF_THREE_STREAMS_WITHIN_CASE,1.0,0.6666666666666666,-0.33333333333333337,0.3333333333333333,0.3333333333333333,d4e6ac21adddd2c82592f2dc9d2a110b2231a4cf2ddf84661908ef470f0956d1
reacher,R3_reacher_6216de4a5b03eb23d114e16a,,H0,MEAN_OF_THREE_STREAMS_WITHIN_CASE,1.0,1.0,0.0,0.0,0.0,d4e6ac21adddd2c82592f2dc9d2a110b2231a4cf2ddf84661908ef470f0956d1
reacher,R3_reacher_665505d7ca68f56e86ab9898,,H0,MEAN_OF_THREE_STREAMS_WITHIN_CASE,1.0,1.0,0.0,0.6666666666666666,0.6666666666666666,d4e6ac21adddd2c82592f2dc9d2a110b2231a4cf2ddf84661908ef470f0956d1
reacher,R3_reacher_68ead16e22260984b6ce630e,,H0,MEAN_OF_THREE_STREAMS_WITHIN_CASE,0.3333333333333333,1.0,0.6666666666666667,1.0,1.0,d4e6ac21adddd2c82592f2dc9d2a110b2231a4cf2ddf84661908ef470f0956d1
reacher,R3_reacher_691b0678315722721b850bd9,,H0,MEAN_OF_THREE_STREAMS_WITHIN_CASE,0.6666666666666666,1.0,0.33333333333333337,1.0,1.0,d4e6ac21adddd2c82592f2dc9d2a110b2231a4cf2ddf84661908ef470f0956d1
reacher,R3_reacher_6cba7a43faf319ebfe282ca1,,H0,MEAN_OF_THREE_STREAMS_WITHIN_CASE,0.6666666666666666,1.0,0.33333333333333337,0.6666666666666666,0.6666666666666666,d4e6ac21adddd2c82592f2dc9d2a110b2231a4cf2ddf84661908ef470f0956d1
reacher,R3_reacher_6d50b6eae922ec8eaba3b2aa,,H0,MEAN_OF_THREE_STREAMS_WITHIN_CASE,0.6666666666666666,1.0,0.33333333333333337,0.6666666666666666,0.6666666666666666,d4e6ac21adddd2c82592f2dc9d2a110b2231a4cf2ddf84661908ef470f0956d1
reacher,R3_reacher_6ff2b0510c4734c334024b6f,,H0,MEAN_OF_THREE_STREAMS_WITHIN_CASE,0.0,0.6666666666666666,0.6666666666666666,1.0,1.0,d4e6ac21adddd2c82592f2dc9d2a110b2231a4cf2ddf84661908ef470f0956d1
reacher,R3_reacher_74df08ab195a14a2c8f2f0ac,,H0,MEAN_OF_THREE_STREAMS_WITHIN_CASE,1.0,1.0,0.0,0.0,0.0,d4e6ac21adddd2c82592f2dc9d2a110b2231a4cf2ddf84661908ef470f0956d1
reacher,R3_reacher_78e0945523fb491a3f33e969,,H0,MEAN_OF_THREE_STREAMS_WITHIN_CASE,1.0,1.0,0.0,0.3333333333333333,0.3333333333333333,d4e6ac21adddd2c82592f2dc9d2a110b2231a4cf2ddf84661908ef470f0956d1
reacher,R3_reacher_7aff8be5072b1a8af1a8d13d,,H0,MEAN_OF_THREE_STREAMS_WITHIN_CASE,1.0,1.0,0.0,0.0,0.0,d4e6ac21adddd2c82592f2dc9d2a110b2231a4cf2ddf84661908ef470f0956d1
reacher,R3_reacher_7dd7cb04423f92db263fa577,,H0,MEAN_OF_THREE_STREAMS_WITHIN_CASE,0.6666666666666666,1.0,0.33333333333333337,0.3333333333333333,0.3333333333333333,d4e6ac21adddd2c82592f2dc9d2a110b2231a4cf2ddf84661908ef470f0956d1
reacher,R3_reacher_8013310a3876dc798b82233e,,H0,MEAN_OF_THREE_STREAMS_WITHIN_CASE,1.0,1.0,0.0,0.3333333333333333,0.3333333333333333,d4e6ac21adddd2c82592f2dc9d2a110b2231a4cf2ddf84661908ef470f0956d1
reacher,R3_reacher_81676bd5f7a922d099e8c632,,H0,MEAN_OF_THREE_STREAMS_WITHIN_CASE,1.0,1.0,0.0,1.0,1.0,d4e6ac21adddd2c82592f2dc9d2a110b2231a4cf2ddf84661908ef470f0956d1
reacher,R3_reacher_88e6d02b4868302c88af83bd,,H0,MEAN_OF_THREE_STREAMS_WITHIN_CASE,1.0,1.0,0.0,0.6666666666666666,0.6666666666666666,d4e6ac21adddd2c82592f2dc9d2a110b2231a4cf2ddf84661908ef470f0956d1
reacher,R3_reacher_8cb337114374dac2e790e2d0,,H0,MEAN_OF_THREE_STREAMS_WITHIN_CASE,0.3333333333333333,1.0,0.6666666666666667,1.0,1.0,d4e6ac21adddd2c82592f2dc9d2a110b2231a4cf2ddf84661908ef470f0956d1
reacher,R3_reacher_8f94a57dc057ae3fea063566,,H0,MEAN_OF_THREE_STREAMS_WITHIN_CASE,0.3333333333333333,0.0,-0.3333333333333333,1.0,1.0,d4e6ac21adddd2c82592f2dc9d2a110b2231a4cf2ddf84661908ef470f0956d1
reacher,R3_reacher_90130661be9d8449b174dfda,,H0,MEAN_OF_THREE_STREAMS_WITHIN_CASE,0.6666666666666666,1.0,0.33333333333333337,1.0,1.0,d4e6ac21adddd2c82592f2dc9d2a110b2231a4cf2ddf84661908ef470f0956d1
reacher,R3_reacher_91d6a515142521d444cda8ca,,H0,MEAN_OF_THREE_STREAMS_WITHIN_CASE,1.0,1.0,0.0,0.3333333333333333,0.3333333333333333,d4e6ac21adddd2c82592f2dc9d2a110b2231a4cf2ddf84661908ef470f0956d1
reacher,R3_reacher_9ce16e33ff15bde409d40098,,H0,MEAN_OF_THREE_STREAMS_WITHIN_CASE,1.0,1.0,0.0,0.0,0.0,d4e6ac21adddd2c82592f2dc9d2a110b2231a4cf2ddf84661908ef470f0956d1
reacher,R3_reacher_a1c24b0d5bdd53fdeb203e5f,,H0,MEAN_OF_THREE_STREAMS_WITHIN_CASE,1.0,1.0,0.0,0.0,0.0,d4e6ac21adddd2c82592f2dc9d2a110b2231a4cf2ddf84661908ef470f0956d1
reacher,R3_reacher_a4fc5af8bb0b58322c55693f,,H0,MEAN_OF_THREE_STREAMS_WITHIN_CASE,1.0,1.0,0.0,0.3333333333333333,0.3333333333333333,d4e6ac21adddd2c82592f2dc9d2a110b2231a4cf2ddf84661908ef470f0956d1
reacher,R3_reacher_a80b135a2ca6b9fe49081cb7,,H0,MEAN_OF_THREE_STREAMS_WITHIN_CASE,0.6666666666666666,1.0,0.33333333333333337,0.3333333333333333,0.3333333333333333,d4e6ac21adddd2c82592f2dc9d2a110b2231a4cf2ddf84661908ef470f0956d1
reacher,R3_reacher_aa19e4ff8c803eccffc04674,,H0,MEAN_OF_THREE_STREAMS_WITHIN_CASE,1.0,1.0,0.0,1.0,1.0,d4e6ac21adddd2c82592f2dc9d2a110b2231a4cf2ddf84661908ef470f0956d1
reacher,R3_reacher_ae4e56803bfc6050ad2c5407,,H0,MEAN_OF_THREE_STREAMS_WITHIN_CASE,1.0,1.0,0.0,0.3333333333333333,0.3333333333333333,d4e6ac21adddd2c82592f2dc9d2a110b2231a4cf2ddf84661908ef470f0956d1
reacher,R3_reacher_af2aa3d1d6cbf53a4f647860,,H0,MEAN_OF_THREE_STREAMS_WITHIN_CASE,0.6666666666666666,0.3333333333333333,-0.3333333333333333,1.0,1.0,d4e6ac21adddd2c82592f2dc9d2a110b2231a4cf2ddf84661908ef470f0956d1
reacher,R3_reacher_b1919e19a6a875f129014e81,,H0,MEAN_OF_THREE_STREAMS_WITHIN_CASE,1.0,1.0,0.0,0.0,0.0,d4e6ac21adddd2c82592f2dc9d2a110b2231a4cf2ddf84661908ef470f0956d1
reacher,R3_reacher_b2b5f6290d54abd4e830fc73,,H0,MEAN_OF_THREE_STREAMS_WITHIN_CASE,1.0,1.0,0.0,0.0,0.0,d4e6ac21adddd2c82592f2dc9d2a110b2231a4cf2ddf84661908ef470f0956d1
reacher,R3_reacher_b360acd1c6d9c7eb19ad0748,,H0,MEAN_OF_THREE_STREAMS_WITHIN_CASE,1.0,1.0,0.0,0.0,0.0,d4e6ac21adddd2c82592f2dc9d2a110b2231a4cf2ddf84661908ef470f0956d1
reacher,R3_reacher_b435d231878e66fe816e4b27,,H0,MEAN_OF_THREE_STREAMS_WITHIN_CASE,0.6666666666666666,1.0,0.33333333333333337,1.0,1.0,d4e6ac21adddd2c82592f2dc9d2a110b2231a4cf2ddf84661908ef470f0956d1
reacher,R3_reacher_b7683878966ffb88777d03f2,,H0,MEAN_OF_THREE_STREAMS_WITHIN_CASE,0.6666666666666666,1.0,0.33333333333333337,0.3333333333333333,0.3333333333333333,d4e6ac21adddd2c82592f2dc9d2a110b2231a4cf2ddf84661908ef470f0956d1
reacher,R3_reacher_c0da6ebc002f6e6d8652c23a,,H0,MEAN_OF_THREE_STREAMS_WITHIN_CASE,1.0,1.0,0.0,0.6666666666666666,0.6666666666666666,d4e6ac21adddd2c82592f2dc9d2a110b2231a4cf2ddf84661908ef470f0956d1
reacher,R3_reacher_c47240a947a9f7917eaf944b,,H0,MEAN_OF_THREE_STREAMS_WITHIN_CASE,1.0,1.0,0.0,1.0,1.0,d4e6ac21adddd2c82592f2dc9d2a110b2231a4cf2ddf84661908ef470f0956d1
reacher,R3_reacher_c799ddaf20ab5016c0fcc94d,,H0,MEAN_OF_THREE_STREAMS_WITHIN_CASE,1.0,1.0,0.0,0.0,0.0,d4e6ac21adddd2c82592f2dc9d2a110b2231a4cf2ddf84661908ef470f0956d1
reacher,R3_reacher_cbda62f6c8224e2f9423fd2d,,H0,MEAN_OF_THREE_STREAMS_WITHIN_CASE,1.0,1.0,0.0,1.0,1.0,d4e6ac21adddd2c82592f2dc9d2a110b2231a4cf2ddf84661908ef470f0956d1
reacher,R3_reacher_cda870d3e512d2eb34471d9e,,H0,MEAN_OF_THREE_STREAMS_WITHIN_CASE,0.6666666666666666,1.0,0.33333333333333337,0.3333333333333333,0.3333333333333333,d4e6ac21adddd2c82592f2dc9d2a110b2231a4cf2ddf84661908ef470f0956d1
reacher,R3_reacher_cdd7a48d2d150bc082f55fa8,,H0,MEAN_OF_THREE_STREAMS_WITHIN_CASE,0.3333333333333333,1.0,0.6666666666666667,0.6666666666666666,0.6666666666666666,d4e6ac21adddd2c82592f2dc9d2a110b2231a4cf2ddf84661908ef470f0956d1
reacher,R3_reacher_cf3ea0332fec67aba0c09d69,,H0,MEAN_OF_THREE_STREAMS_WITHIN_CASE,1.0,1.0,0.0,0.0,0.0,d4e6ac21adddd2c82592f2dc9d2a110b2231a4cf2ddf84661908ef470f0956d1
reacher,R3_reacher_d114702b19acfaf5dda45c4f,,H0,MEAN_OF_THREE_STREAMS_WITHIN_CASE,0.6666666666666666,1.0,0.33333333333333337,0.3333333333333333,0.3333333333333333,d4e6ac21adddd2c82592f2dc9d2a110b2231a4cf2ddf84661908ef470f0956d1
reacher,R3_reacher_d6184e6ee10fee6564198319,,H0,MEAN_OF_THREE_STREAMS_WITHIN_CASE,0.3333333333333333,1.0,0.6666666666666667,1.0,1.0,d4e6ac21adddd2c82592f2dc9d2a110b2231a4cf2ddf84661908ef470f0956d1
reacher,R3_reacher_d75164310bc00a38ef41a7a2,,H0,MEAN_OF_THREE_STREAMS_WITHIN_CASE,1.0,1.0,0.0,0.0,0.0,d4e6ac21adddd2c82592f2dc9d2a110b2231a4cf2ddf84661908ef470f0956d1
reacher,R3_reacher_db1aac2a2839b94c8cf3e963,,H0,MEAN_OF_THREE_STREAMS_WITHIN_CASE,0.6666666666666666,1.0,0.33333333333333337,1.0,1.0,d4e6ac21adddd2c82592f2dc9d2a110b2231a4cf2ddf84661908ef470f0956d1
reacher,R3_reacher_df4b440848b9f031543dd698,,H0,MEAN_OF_THREE_STREAMS_WITHIN_CASE,1.0,1.0,0.0,1.0,1.0,d4e6ac21adddd2c82592f2dc9d2a110b2231a4cf2ddf84661908ef470f0956d1
reacher,R3_reacher_df6b904f9325342cb9269256,,H0,MEAN_OF_THREE_STREAMS_WITHIN_CASE,0.6666666666666666,0.6666666666666666,0.0,1.0,1.0,d4e6ac21adddd2c82592f2dc9d2a110b2231a4cf2ddf84661908ef470f0956d1
reacher,R3_reacher_e16605f9ca3eaefb85d7cd2a,,H0,MEAN_OF_THREE_STREAMS_WITHIN_CASE,0.6666666666666666,1.0,0.33333333333333337,0.3333333333333333,0.3333333333333333,d4e6ac21adddd2c82592f2dc9d2a110b2231a4cf2ddf84661908ef470f0956d1
reacher,R3_reacher_e25a61bb715dbf3fd96b9f4b,,H0,MEAN_OF_THREE_STREAMS_WITHIN_CASE,1.0,1.0,0.0,0.0,0.0,d4e6ac21adddd2c82592f2dc9d2a110b2231a4cf2ddf84661908ef470f0956d1
reacher,R3_reacher_e547cc356ff64f28a01b3a4d,,H0,MEAN_OF_THREE_STREAMS_WITHIN_CASE,1.0,1.0,0.0,0.0,0.0,d4e6ac21adddd2c82592f2dc9d2a110b2231a4cf2ddf84661908ef470f0956d1
reacher,R3_reacher_e690a367ff4f94b45cee2d33,,H0,MEAN_OF_THREE_STREAMS_WITHIN_CASE,0.3333333333333333,0.6666666666666666,0.3333333333333333,0.6666666666666666,0.6666666666666666,d4e6ac21adddd2c82592f2dc9d2a110b2231a4cf2ddf84661908ef470f0956d1
reacher,R3_reacher_e899be36b2378f247385a80c,,H0,MEAN_OF_THREE_STREAMS_WITHIN_CASE,1.0,1.0,0.0,0.3333333333333333,0.3333333333333333,d4e6ac21adddd2c82592f2dc9d2a110b2231a4cf2ddf84661908ef470f0956d1
reacher,R3_reacher_e96c064ebe544a7de14e595f,,H0,MEAN_OF_THREE_STREAMS_WITHIN_CASE,0.6666666666666666,1.0,0.33333333333333337,0.3333333333333333,0.3333333333333333,d4e6ac21adddd2c82592f2dc9d2a110b2231a4cf2ddf84661908ef470f0956d1
reacher,R3_reacher_e97cbf284bc2f1863e321521,,H0,MEAN_OF_THREE_STREAMS_WITHIN_CASE,0.6666666666666666,1.0,0.33333333333333337,0.3333333333333333,0.3333333333333333,d4e6ac21adddd2c82592f2dc9d2a110b2231a4cf2ddf84661908ef470f0956d1
reacher,R3_reacher_e9df183d83d2c6d6143de3be,,H0,MEAN_OF_THREE_STREAMS_WITHIN_CASE,1.0,1.0,0.0,0.3333333333333333,0.3333333333333333,d4e6ac21adddd2c82592f2dc9d2a110b2231a4cf2ddf84661908ef470f0956d1
reacher,R3_reacher_eb5da8b3b8a360d72bdc4b81,,H0,MEAN_OF_THREE_STREAMS_WITHIN_CASE,1.0,1.0,0.0,0.0,0.0,d4e6ac21adddd2c82592f2dc9d2a110b2231a4cf2ddf84661908ef470f0956d1
reacher,R3_reacher_ed2a6ac159bdefdd8698e966,,H0,MEAN_OF_THREE_STREAMS_WITHIN_CASE,1.0,1.0,0.0,0.0,0.0,d4e6ac21adddd2c82592f2dc9d2a110b2231a4cf2ddf84661908ef470f0956d1
reacher,R3_reacher_ee3aa3dea1bccfc0c0400c77,,H0,MEAN_OF_THREE_STREAMS_WITHIN_CASE,0.3333333333333333,1.0,0.6666666666666667,1.0,1.0,d4e6ac21adddd2c82592f2dc9d2a110b2231a4cf2ddf84661908ef470f0956d1
reacher,R3_reacher_f295eb60a191606d1f094189,,H0,MEAN_OF_THREE_STREAMS_WITHIN_CASE,1.0,1.0,0.0,0.0,0.0,d4e6ac21adddd2c82592f2dc9d2a110b2231a4cf2ddf84661908ef470f0956d1
reacher,R3_reacher_f7bea0928cdded574e397c2d,,H0,MEAN_OF_THREE_STREAMS_WITHIN_CASE,0.3333333333333333,1.0,0.6666666666666667,1.0,1.0,d4e6ac21adddd2c82592f2dc9d2a110b2231a4cf2ddf84661908ef470f0956d1
reacher,R3_reacher_fa467774affd316a6db90f90,,H0,MEAN_OF_THREE_STREAMS_WITHIN_CASE,0.6666666666666666,1.0,0.33333333333333337,0.3333333333333333,0.3333333333333333,d4e6ac21adddd2c82592f2dc9d2a110b2231a4cf2ddf84661908ef470f0956d1
reacher,R3_reacher_fc2a1ecf6edea23cba59b6be,,H0,MEAN_OF_THREE_STREAMS_WITHIN_CASE,0.6666666666666666,1.0,0.33333333333333337,1.0,1.0,d4e6ac21adddd2c82592f2dc9d2a110b2231a4cf2ddf84661908ef470f0956d1
reacher,R3_reacher_fca2ae6f03dd54aa3833661f,,H0,MEAN_OF_THREE_STREAMS_WITHIN_CASE,1.0,1.0,0.0,0.0,0.0,d4e6ac21adddd2c82592f2dc9d2a110b2231a4cf2ddf84661908ef470f0956d1
reacher,R3_reacher_fe1001e9c3b6b50616b6fe2d,,H0,MEAN_OF_THREE_STREAMS_WITHIN_CASE,1.0,1.0,0.0,0.3333333333333333,0.3333333333333333,d4e6ac21adddd2c82592f2dc9d2a110b2231a4cf2ddf84661908ef470f0956d1
reacher,R3_reacher_01fd87d09dbf3909048741d4,,REFIT_103201,R3_ORIGINAL,0.0,1.0,1.0,1.0,1.0,d4e6ac21adddd2c82592f2dc9d2a110b2231a4cf2ddf84661908ef470f0956d1
reacher,R3_reacher_0651ebd394a43de70c9b7ad0,,REFIT_103201,R3_ORIGINAL,1.0,1.0,0.0,1.0,1.0,d4e6ac21adddd2c82592f2dc9d2a110b2231a4cf2ddf84661908ef470f0956d1
reacher,R3_reacher_06b68490d49af9bd892bea71,,REFIT_103201,R3_ORIGINAL,0.0,1.0,1.0,1.0,1.0,d4e6ac21adddd2c82592f2dc9d2a110b2231a4cf2ddf84661908ef470f0956d1
reacher,R3_reacher_09247f3e88e7af275abc2d1d,,REFIT_103201,R3_ORIGINAL,0.0,1.0,1.0,1.0,1.0,d4e6ac21adddd2c82592f2dc9d2a110b2231a4cf2ddf84661908ef470f0956d1
reacher,R3_reacher_0e325219914460cb340033c1,,REFIT_103201,R3_ORIGINAL,1.0,1.0,0.0,0.0,0.0,d4e6ac21adddd2c82592f2dc9d2a110b2231a4cf2ddf84661908ef470f0956d1
reacher,R3_reacher_0ea549c2f80d7cbbbb1b6dd8,,REFIT_103201,R3_ORIGINAL,1.0,1.0,0.0,1.0,1.0,d4e6ac21adddd2c82592f2dc9d2a110b2231a4cf2ddf84661908ef470f0956d1
reacher,R3_reacher_10754410887eb77f72ae018e,,REFIT_103201,R3_ORIGINAL,0.0,1.0,1.0,1.0,1.0,d4e6ac21adddd2c82592f2dc9d2a110b2231a4cf2ddf84661908ef470f0956d1
reacher,R3_reacher_19b957e03f42b1b14d0654d7,,REFIT_103201,R3_ORIGINAL,1.0,1.0,0.0,0.0,0.0,d4e6ac21adddd2c82592f2dc9d2a110b2231a4cf2ddf84661908ef470f0956d1
reacher,R3_reacher_1aad022046d1e4f9da53b4a0,,REFIT_103201,R3_ORIGINAL,0.0,1.0,1.0,1.0,1.0,d4e6ac21adddd2c82592f2dc9d2a110b2231a4cf2ddf84661908ef470f0956d1
reacher,R3_reacher_1afd87ed042926d5ecc50b5c,,REFIT_103201,R3_ORIGINAL,1.0,1.0,0.0,0.0,0.0,d4e6ac21adddd2c82592f2dc9d2a110b2231a4cf2ddf84661908ef470f0956d1
reacher,R3_reacher_1fc0b1d9c6963542440189cf,,REFIT_103201,R3_ORIGINAL,1.0,1.0,0.0,1.0,1.0,d4e6ac21adddd2c82592f2dc9d2a110b2231a4cf2ddf84661908ef470f0956d1
reacher,R3_reacher_20e903c4dc4794a78a414ccb,,REFIT_103201,R3_ORIGINAL,1.0,1.0,0.0,1.0,1.0,d4e6ac21adddd2c82592f2dc9d2a110b2231a4cf2ddf84661908ef470f0956d1
reacher,R3_reacher_227dcc9361770465dc9ba143,,REFIT_103201,R3_ORIGINAL,1.0,1.0,0.0,0.0,0.0,d4e6ac21adddd2c82592f2dc9d2a110b2231a4cf2ddf84661908ef470f0956d1
reacher,R3_reacher_248c04f18e24c23c388665d6,,REFIT_103201,R3_ORIGINAL,1.0,1.0,0.0,1.0,1.0,d4e6ac21adddd2c82592f2dc9d2a110b2231a4cf2ddf84661908ef470f0956d1
reacher,R3_reacher_25281ce20ac4c1a4e13bfe64,,REFIT_103201,R3_ORIGINAL,1.0,1.0,0.0,0.0,0.0,d4e6ac21adddd2c82592f2dc9d2a110b2231a4cf2ddf84661908ef470f0956d1
reacher,R3_reacher_29461ecfe2e96e3052bf252e,,REFIT_103201,R3_ORIGINAL,1.0,1.0,0.0,0.0,0.0,d4e6ac21adddd2c82592f2dc9d2a110b2231a4cf2ddf84661908ef470f0956d1
reacher,R3_reacher_2ae169997e13b18afc7243d3,,REFIT_103201,R3_ORIGINAL,1.0,1.0,0.0,1.0,1.0,d4e6ac21adddd2c82592f2dc9d2a110b2231a4cf2ddf84661908ef470f0956d1
reacher,R3_reacher_2b1605c757025d16771855cd,,REFIT_103201,R3_ORIGINAL,1.0,1.0,0.0,1.0,1.0,d4e6ac21adddd2c82592f2dc9d2a110b2231a4cf2ddf84661908ef470f0956d1
reacher,R3_reacher_2da80c9f2c12b38dd5ae592f,,REFIT_103201,R3_ORIGINAL,1.0,1.0,0.0,1.0,1.0,d4e6ac21adddd2c82592f2dc9d2a110b2231a4cf2ddf84661908ef470f0956d1
reacher,R3_reacher_31bc43e232044dba582b1a91,,REFIT_103201,R3_ORIGINAL,1.0,1.0,0.0,1.0,1.0,d4e6ac21adddd2c82592f2dc9d2a110b2231a4cf2ddf84661908ef470f0956d1
reacher,R3_reacher_3225c7070888eacd2fe6ba3b,,REFIT_103201,R3_ORIGINAL,0.0,1.0,1.0,1.0,1.0,d4e6ac21adddd2c82592f2dc9d2a110b2231a4cf2ddf84661908ef470f0956d1
reacher,R3_reacher_339d1566307eb06b287cd9d6,,REFIT_103201,R3_ORIGINAL,1.0,1.0,0.0,1.0,1.0,d4e6ac21adddd2c82592f2dc9d2a110b2231a4cf2ddf84661908ef470f0956d1
reacher,R3_reacher_3687a037d77056bca1ad3a86,,REFIT_103201,R3_ORIGINAL,1.0,1.0,0.0,0.0,0.0,d4e6ac21adddd2c82592f2dc9d2a110b2231a4cf2ddf84661908ef470f0956d1
reacher,R3_reacher_391d2d69b9911b586e875be4,,REFIT_103201,R3_ORIGINAL,1.0,1.0,0.0,1.0,1.0,d4e6ac21adddd2c82592f2dc9d2a110b2231a4cf2ddf84661908ef470f0956d1
reacher,R3_reacher_3c2be98ff314c21b533f9194,,REFIT_103201,R3_ORIGINAL,1.0,1.0,0.0,0.0,0.0,d4e6ac21adddd2c82592f2dc9d2a110b2231a4cf2ddf84661908ef470f0956d1
reacher,R3_reacher_3dc92a427bfa8caeee91f551,,REFIT_103201,R3_ORIGINAL,1.0,1.0,0.0,0.0,0.0,d4e6ac21adddd2c82592f2dc9d2a110b2231a4cf2ddf84661908ef470f0956d1
reacher,R3_reacher_3ebb7b8846f0d4e4c5337f68,,REFIT_103201,R3_ORIGINAL,1.0,1.0,0.0,1.0,1.0,d4e6ac21adddd2c82592f2dc9d2a110b2231a4cf2ddf84661908ef470f0956d1
reacher,R3_reacher_43346886f663e17e6f232be2,,REFIT_103201,R3_ORIGINAL,1.0,1.0,0.0,0.0,0.0,d4e6ac21adddd2c82592f2dc9d2a110b2231a4cf2ddf84661908ef470f0956d1
reacher,R3_reacher_43bed550bc7c733bb23002e3,,REFIT_103201,R3_ORIGINAL,1.0,1.0,0.0,1.0,1.0,d4e6ac21adddd2c82592f2dc9d2a110b2231a4cf2ddf84661908ef470f0956d1
reacher,R3_reacher_48b38c457e06aea47721389a,,REFIT_103201,R3_ORIGINAL,1.0,1.0,0.0,0.0,0.0,d4e6ac21adddd2c82592f2dc9d2a110b2231a4cf2ddf84661908ef470f0956d1
reacher,R3_reacher_4a2a4a159bd6d8b01f632e71,,REFIT_103201,R3_ORIGINAL,1.0,1.0,0.0,0.0,0.0,d4e6ac21adddd2c82592f2dc9d2a110b2231a4cf2ddf84661908ef470f0956d1
reacher,R3_reacher_4b5f85125ceccca055fe76b4,,REFIT_103201,R3_ORIGINAL,0.0,1.0,1.0,1.0,1.0,d4e6ac21adddd2c82592f2dc9d2a110b2231a4cf2ddf84661908ef470f0956d1
reacher,R3_reacher_4d092e8fde355972772dfa7e,,REFIT_103201,R3_ORIGINAL,0.0,1.0,1.0,1.0,1.0,d4e6ac21adddd2c82592f2dc9d2a110b2231a4cf2ddf84661908ef470f0956d1
reacher,R3_reacher_4de0f0387d01ac1b49760c47,,REFIT_103201,R3_ORIGINAL,1.0,1.0,0.0,1.0,1.0,d4e6ac21adddd2c82592f2dc9d2a110b2231a4cf2ddf84661908ef470f0956d1
reacher,R3_reacher_4eb4413d6e63e87a59fec03a,,REFIT_103201,R3_ORIGINAL,1.0,0.0,-1.0,1.0,1.0,d4e6ac21adddd2c82592f2dc9d2a110b2231a4cf2ddf84661908ef470f0956d1
reacher,R3_reacher_51856009f99570a92446d05a,,REFIT_103201,R3_ORIGINAL,1.0,1.0,0.0,0.0,0.0,d4e6ac21adddd2c82592f2dc9d2a110b2231a4cf2ddf84661908ef470f0956d1
reacher,R3_reacher_54f5b13feb6984f1980392cc,,REFIT_103201,R3_ORIGINAL,1.0,1.0,0.0,0.0,0.0,d4e6ac21adddd2c82592f2dc9d2a110b2231a4cf2ddf84661908ef470f0956d1
reacher,R3_reacher_5d50985e823f66ebd401c1ec,,REFIT_103201,R3_ORIGINAL,1.0,1.0,0.0,1.0,1.0,d4e6ac21adddd2c82592f2dc9d2a110b2231a4cf2ddf84661908ef470f0956d1
reacher,R3_reacher_5e2d5d2d9907df0393e50f40,,REFIT_103201,R3_ORIGINAL,1.0,1.0,0.0,0.0,0.0,d4e6ac21adddd2c82592f2dc9d2a110b2231a4cf2ddf84661908ef470f0956d1
reacher,R3_reacher_5ede573180f7658b8cb1fa2a,,REFIT_103201,R3_ORIGINAL,1.0,1.0,0.0,0.0,0.0,d4e6ac21adddd2c82592f2dc9d2a110b2231a4cf2ddf84661908ef470f0956d1
reacher,R3_reacher_6216de4a5b03eb23d114e16a,,REFIT_103201,R3_ORIGINAL,1.0,1.0,0.0,0.0,0.0,d4e6ac21adddd2c82592f2dc9d2a110b2231a4cf2ddf84661908ef470f0956d1
reacher,R3_reacher_665505d7ca68f56e86ab9898,,REFIT_103201,R3_ORIGINAL,1.0,1.0,0.0,1.0,1.0,d4e6ac21adddd2c82592f2dc9d2a110b2231a4cf2ddf84661908ef470f0956d1
reacher,R3_reacher_68ead16e22260984b6ce630e,,REFIT_103201,R3_ORIGINAL,1.0,1.0,0.0,1.0,1.0,d4e6ac21adddd2c82592f2dc9d2a110b2231a4cf2ddf84661908ef470f0956d1
reacher,R3_reacher_691b0678315722721b850bd9,,REFIT_103201,R3_ORIGINAL,1.0,1.0,0.0,1.0,1.0,d4e6ac21adddd2c82592f2dc9d2a110b2231a4cf2ddf84661908ef470f0956d1
reacher,R3_reacher_6cba7a43faf319ebfe282ca1,,REFIT_103201,R3_ORIGINAL,1.0,1.0,0.0,1.0,1.0,d4e6ac21adddd2c82592f2dc9d2a110b2231a4cf2ddf84661908ef470f0956d1
reacher,R3_reacher_6d50b6eae922ec8eaba3b2aa,,REFIT_103201,R3_ORIGINAL,1.0,1.0,0.0,1.0,1.0,d4e6ac21adddd2c82592f2dc9d2a110b2231a4cf2ddf84661908ef470f0956d1
reacher,R3_reacher_6ff2b0510c4734c334024b6f,,REFIT_103201,R3_ORIGINAL,0.0,1.0,1.0,1.0,1.0,d4e6ac21adddd2c82592f2dc9d2a110b2231a4cf2ddf84661908ef470f0956d1
reacher,R3_reacher_74df08ab195a14a2c8f2f0ac,,REFIT_103201,R3_ORIGINAL,1.0,1.0,0.0,0.0,0.0,d4e6ac21adddd2c82592f2dc9d2a110b2231a4cf2ddf84661908ef470f0956d1
reacher,R3_reacher_78e0945523fb491a3f33e969,,REFIT_103201,R3_ORIGINAL,1.0,1.0,0.0,0.0,0.0,d4e6ac21adddd2c82592f2dc9d2a110b2231a4cf2ddf84661908ef470f0956d1
reacher,R3_reacher_7aff8be5072b1a8af1a8d13d,,REFIT_103201,R3_ORIGINAL,1.0,1.0,0.0,0.0,0.0,d4e6ac21adddd2c82592f2dc9d2a110b2231a4cf2ddf84661908ef470f0956d1
reacher,R3_reacher_7dd7cb04423f92db263fa577,,REFIT_103201,R3_ORIGINAL,1.0,1.0,0.0,0.0,0.0,d4e6ac21adddd2c82592f2dc9d2a110b2231a4cf2ddf84661908ef470f0956d1
reacher,R3_reacher_8013310a3876dc798b82233e,,REFIT_103201,R3_ORIGINAL,1.0,1.0,0.0,0.0,0.0,d4e6ac21adddd2c82592f2dc9d2a110b2231a4cf2ddf84661908ef470f0956d1
reacher,R3_reacher_81676bd5f7a922d099e8c632,,REFIT_103201,R3_ORIGINAL,1.0,1.0,0.0,1.0,1.0,d4e6ac21adddd2c82592f2dc9d2a110b2231a4cf2ddf84661908ef470f0956d1
reacher,R3_reacher_88e6d02b4868302c88af83bd,,REFIT_103201,R3_ORIGINAL,1.0,1.0,0.0,1.0,1.0,d4e6ac21adddd2c82592f2dc9d2a110b2231a4cf2ddf84661908ef470f0956d1
reacher,R3_reacher_8cb337114374dac2e790e2d0,,REFIT_103201,R3_ORIGINAL,1.0,1.0,0.0,0.0,0.0,d4e6ac21adddd2c82592f2dc9d2a110b2231a4cf2ddf84661908ef470f0956d1
reacher,R3_reacher_8f94a57dc057ae3fea063566,,REFIT_103201,R3_ORIGINAL,1.0,1.0,0.0,1.0,1.0,d4e6ac21adddd2c82592f2dc9d2a110b2231a4cf2ddf84661908ef470f0956d1
reacher,R3_reacher_90130661be9d8449b174dfda,,REFIT_103201,R3_ORIGINAL,1.0,1.0,0.0,1.0,1.0,d4e6ac21adddd2c82592f2dc9d2a110b2231a4cf2ddf84661908ef470f0956d1
reacher,R3_reacher_91d6a515142521d444cda8ca,,REFIT_103201,R3_ORIGINAL,1.0,1.0,0.0,0.0,0.0,d4e6ac21adddd2c82592f2dc9d2a110b2231a4cf2ddf84661908ef470f0956d1
reacher,R3_reacher_9ce16e33ff15bde409d40098,,REFIT_103201,R3_ORIGINAL,1.0,1.0,0.0,0.0,0.0,d4e6ac21adddd2c82592f2dc9d2a110b2231a4cf2ddf84661908ef470f0956d1
reacher,R3_reacher_a1c24b0d5bdd53fdeb203e5f,,REFIT_103201,R3_ORIGINAL,1.0,1.0,0.0,0.0,0.0,d4e6ac21adddd2c82592f2dc9d2a110b2231a4cf2ddf84661908ef470f0956d1
reacher,R3_reacher_a4fc5af8bb0b58322c55693f,,REFIT_103201,R3_ORIGINAL,1.0,1.0,0.0,0.0,0.0,d4e6ac21adddd2c82592f2dc9d2a110b2231a4cf2ddf84661908ef470f0956d1
reacher,R3_reacher_a80b135a2ca6b9fe49081cb7,,REFIT_103201,R3_ORIGINAL,1.0,1.0,0.0,0.0,0.0,d4e6ac21adddd2c82592f2dc9d2a110b2231a4cf2ddf84661908ef470f0956d1
reacher,R3_reacher_aa19e4ff8c803eccffc04674,,REFIT_103201,R3_ORIGINAL,1.0,1.0,0.0,0.0,0.0,d4e6ac21adddd2c82592f2dc9d2a110b2231a4cf2ddf84661908ef470f0956d1
reacher,R3_reacher_ae4e56803bfc6050ad2c5407,,REFIT_103201,R3_ORIGINAL,1.0,1.0,0.0,1.0,1.0,d4e6ac21adddd2c82592f2dc9d2a110b2231a4cf2ddf84661908ef470f0956d1
reacher,R3_reacher_af2aa3d1d6cbf53a4f647860,,REFIT_103201,R3_ORIGINAL,0.0,1.0,1.0,1.0,1.0,d4e6ac21adddd2c82592f2dc9d2a110b2231a4cf2ddf84661908ef470f0956d1
reacher,R3_reacher_b1919e19a6a875f129014e81,,REFIT_103201,R3_ORIGINAL,1.0,1.0,0.0,0.0,0.0,d4e6ac21adddd2c82592f2dc9d2a110b2231a4cf2ddf84661908ef470f0956d1
reacher,R3_reacher_b2b5f6290d54abd4e830fc73,,REFIT_103201,R3_ORIGINAL,1.0,1.0,0.0,1.0,1.0,d4e6ac21adddd2c82592f2dc9d2a110b2231a4cf2ddf84661908ef470f0956d1
reacher,R3_reacher_b360acd1c6d9c7eb19ad0748,,REFIT_103201,R3_ORIGINAL,1.0,1.0,0.0,0.0,0.0,d4e6ac21adddd2c82592f2dc9d2a110b2231a4cf2ddf84661908ef470f0956d1
reacher,R3_reacher_b435d231878e66fe816e4b27,,REFIT_103201,R3_ORIGINAL,0.0,1.0,1.0,1.0,1.0,d4e6ac21adddd2c82592f2dc9d2a110b2231a4cf2ddf84661908ef470f0956d1
reacher,R3_reacher_b7683878966ffb88777d03f2,,REFIT_103201,R3_ORIGINAL,0.0,1.0,1.0,1.0,1.0,d4e6ac21adddd2c82592f2dc9d2a110b2231a4cf2ddf84661908ef470f0956d1
reacher,R3_reacher_c0da6ebc002f6e6d8652c23a,,REFIT_103201,R3_ORIGINAL,1.0,1.0,0.0,0.0,0.0,d4e6ac21adddd2c82592f2dc9d2a110b2231a4cf2ddf84661908ef470f0956d1
reacher,R3_reacher_c47240a947a9f7917eaf944b,,REFIT_103201,R3_ORIGINAL,1.0,1.0,0.0,1.0,1.0,d4e6ac21adddd2c82592f2dc9d2a110b2231a4cf2ddf84661908ef470f0956d1
reacher,R3_reacher_c799ddaf20ab5016c0fcc94d,,REFIT_103201,R3_ORIGINAL,1.0,1.0,0.0,1.0,1.0,d4e6ac21adddd2c82592f2dc9d2a110b2231a4cf2ddf84661908ef470f0956d1
reacher,R3_reacher_cbda62f6c8224e2f9423fd2d,,REFIT_103201,R3_ORIGINAL,1.0,1.0,0.0,1.0,1.0,d4e6ac21adddd2c82592f2dc9d2a110b2231a4cf2ddf84661908ef470f0956d1
reacher,R3_reacher_cda870d3e512d2eb34471d9e,,REFIT_103201,R3_ORIGINAL,1.0,1.0,0.0,1.0,1.0,d4e6ac21adddd2c82592f2dc9d2a110b2231a4cf2ddf84661908ef470f0956d1
reacher,R3_reacher_cdd7a48d2d150bc082f55fa8,,REFIT_103201,R3_ORIGINAL,1.0,1.0,0.0,1.0,1.0,d4e6ac21adddd2c82592f2dc9d2a110b2231a4cf2ddf84661908ef470f0956d1
reacher,R3_reacher_cf3ea0332fec67aba0c09d69,,REFIT_103201,R3_ORIGINAL,1.0,0.0,-1.0,1.0,1.0,d4e6ac21adddd2c82592f2dc9d2a110b2231a4cf2ddf84661908ef470f0956d1
reacher,R3_reacher_d114702b19acfaf5dda45c4f,,REFIT_103201,R3_ORIGINAL,1.0,1.0,0.0,0.0,0.0,d4e6ac21adddd2c82592f2dc9d2a110b2231a4cf2ddf84661908ef470f0956d1
reacher,R3_reacher_d6184e6ee10fee6564198319,,REFIT_103201,R3_ORIGINAL,1.0,1.0,0.0,1.0,1.0,d4e6ac21adddd2c82592f2dc9d2a110b2231a4cf2ddf84661908ef470f0956d1
reacher,R3_reacher_d75164310bc00a38ef41a7a2,,REFIT_103201,R3_ORIGINAL,1.0,1.0,0.0,0.0,0.0,d4e6ac21adddd2c82592f2dc9d2a110b2231a4cf2ddf84661908ef470f0956d1
reacher,R3_reacher_db1aac2a2839b94c8cf3e963,,REFIT_103201,R3_ORIGINAL,1.0,1.0,0.0,1.0,1.0,d4e6ac21adddd2c82592f2dc9d2a110b2231a4cf2ddf84661908ef470f0956d1
reacher,R3_reacher_df4b440848b9f031543dd698,,REFIT_103201,R3_ORIGINAL,1.0,1.0,0.0,1.0,1.0,d4e6ac21adddd2c82592f2dc9d2a110b2231a4cf2ddf84661908ef470f0956d1
reacher,R3_reacher_df6b904f9325342cb9269256,,REFIT_103201,R3_ORIGINAL,1.0,1.0,0.0,1.0,1.0,d4e6ac21adddd2c82592f2dc9d2a110b2231a4cf2ddf84661908ef470f0956d1
reacher,R3_reacher_e16605f9ca3eaefb85d7cd2a,,REFIT_103201,R3_ORIGINAL,1.0,1.0,0.0,0.0,0.0,d4e6ac21adddd2c82592f2dc9d2a110b2231a4cf2ddf84661908ef470f0956d1
reacher,R3_reacher_e25a61bb715dbf3fd96b9f4b,,REFIT_103201,R3_ORIGINAL,1.0,1.0,0.0,1.0,1.0,d4e6ac21adddd2c82592f2dc9d2a110b2231a4cf2ddf84661908ef470f0956d1
reacher,R3_reacher_e547cc356ff64f28a01b3a4d,,REFIT_103201,R3_ORIGINAL,1.0,1.0,0.0,1.0,1.0,d4e6ac21adddd2c82592f2dc9d2a110b2231a4cf2ddf84661908ef470f0956d1
reacher,R3_reacher_e690a367ff4f94b45cee2d33,,REFIT_103201,R3_ORIGINAL,1.0,1.0,0.0,0.0,0.0,d4e6ac21adddd2c82592f2dc9d2a110b2231a4cf2ddf84661908ef470f0956d1
reacher,R3_reacher_e899be36b2378f247385a80c,,REFIT_103201,R3_ORIGINAL,1.0,1.0,0.0,0.0,0.0,d4e6ac21adddd2c82592f2dc9d2a110b2231a4cf2ddf84661908ef470f0956d1
reacher,R3_reacher_e96c064ebe544a7de14e595f,,REFIT_103201,R3_ORIGINAL,1.0,1.0,0.0,0.0,0.0,d4e6ac21adddd2c82592f2dc9d2a110b2231a4cf2ddf84661908ef470f0956d1
reacher,R3_reacher_e97cbf284bc2f1863e321521,,REFIT_103201,R3_ORIGINAL,0.0,1.0,1.0,1.0,1.0,d4e6ac21adddd2c82592f2dc9d2a110b2231a4cf2ddf84661908ef470f0956d1
reacher,R3_reacher_e9df183d83d2c6d6143de3be,,REFIT_103201,R3_ORIGINAL,1.0,1.0,0.0,0.0,0.0,d4e6ac21adddd2c82592f2dc9d2a110b2231a4cf2ddf84661908ef470f0956d1
reacher,R3_reacher_eb5da8b3b8a360d72bdc4b81,,REFIT_103201,R3_ORIGINAL,1.0,1.0,0.0,0.0,0.0,d4e6ac21adddd2c82592f2dc9d2a110b2231a4cf2ddf84661908ef470f0956d1
reacher,R3_reacher_ed2a6ac159bdefdd8698e966,,REFIT_103201,R3_ORIGINAL,1.0,1.0,0.0,0.0,0.0,d4e6ac21adddd2c82592f2dc9d2a110b2231a4cf2ddf84661908ef470f0956d1
reacher,R3_reacher_ee3aa3dea1bccfc0c0400c77,,REFIT_103201,R3_ORIGINAL,0.0,1.0,1.0,1.0,1.0,d4e6ac21adddd2c82592f2dc9d2a110b2231a4cf2ddf84661908ef470f0956d1
reacher,R3_reacher_f295eb60a191606d1f094189,,REFIT_103201,R3_ORIGINAL,1.0,1.0,0.0,0.0,0.0,d4e6ac21adddd2c82592f2dc9d2a110b2231a4cf2ddf84661908ef470f0956d1
reacher,R3_reacher_f7bea0928cdded574e397c2d,,REFIT_103201,R3_ORIGINAL,0.0,1.0,1.0,1.0,1.0,d4e6ac21adddd2c82592f2dc9d2a110b2231a4cf2ddf84661908ef470f0956d1
reacher,R3_reacher_fa467774affd316a6db90f90,,REFIT_103201,R3_ORIGINAL,1.0,1.0,0.0,1.0,1.0,d4e6ac21adddd2c82592f2dc9d2a110b2231a4cf2ddf84661908ef470f0956d1
reacher,R3_reacher_fc2a1ecf6edea23cba59b6be,,REFIT_103201,R3_ORIGINAL,1.0,1.0,0.0,1.0,1.0,d4e6ac21adddd2c82592f2dc9d2a110b2231a4cf2ddf84661908ef470f0956d1
reacher,R3_reacher_fca2ae6f03dd54aa3833661f,,REFIT_103201,R3_ORIGINAL,1.0,1.0,0.0,0.0,0.0,d4e6ac21adddd2c82592f2dc9d2a110b2231a4cf2ddf84661908ef470f0956d1
reacher,R3_reacher_fe1001e9c3b6b50616b6fe2d,,REFIT_103201,R3_ORIGINAL,1.0,1.0,0.0,1.0,1.0,d4e6ac21adddd2c82592f2dc9d2a110b2231a4cf2ddf84661908ef470f0956d1
reacher,R3_reacher_01fd87d09dbf3909048741d4,,REFIT_103201,R4_ALT_CEM_1,1.0,1.0,0.0,1.0,1.0,d4e6ac21adddd2c82592f2dc9d2a110b2231a4cf2ddf84661908ef470f0956d1
reacher,R3_reacher_0651ebd394a43de70c9b7ad0,,REFIT_103201,R4_ALT_CEM_1,1.0,1.0,0.0,0.0,0.0,d4e6ac21adddd2c82592f2dc9d2a110b2231a4cf2ddf84661908ef470f0956d1
reacher,R3_reacher_06b68490d49af9bd892bea71,,REFIT_103201,R4_ALT_CEM_1,1.0,1.0,0.0,0.0,0.0,d4e6ac21adddd2c82592f2dc9d2a110b2231a4cf2ddf84661908ef470f0956d1
reacher,R3_reacher_09247f3e88e7af275abc2d1d,,REFIT_103201,R4_ALT_CEM_1,1.0,1.0,0.0,0.0,0.0,d4e6ac21adddd2c82592f2dc9d2a110b2231a4cf2ddf84661908ef470f0956d1
reacher,R3_reacher_0e325219914460cb340033c1,,REFIT_103201,R4_ALT_CEM_1,1.0,1.0,0.0,1.0,1.0,d4e6ac21adddd2c82592f2dc9d2a110b2231a4cf2ddf84661908ef470f0956d1
reacher,R3_reacher_0ea549c2f80d7cbbbb1b6dd8,,REFIT_103201,R4_ALT_CEM_1,1.0,1.0,0.0,0.0,0.0,d4e6ac21adddd2c82592f2dc9d2a110b2231a4cf2ddf84661908ef470f0956d1
reacher,R3_reacher_10754410887eb77f72ae018e,,REFIT_103201,R4_ALT_CEM_1,0.0,1.0,1.0,1.0,1.0,d4e6ac21adddd2c82592f2dc9d2a110b2231a4cf2ddf84661908ef470f0956d1
reacher,R3_reacher_19b957e03f42b1b14d0654d7,,REFIT_103201,R4_ALT_CEM_1,1.0,1.0,0.0,0.0,0.0,d4e6ac21adddd2c82592f2dc9d2a110b2231a4cf2ddf84661908ef470f0956d1
reacher,R3_reacher_1aad022046d1e4f9da53b4a0,,REFIT_103201,R4_ALT_CEM_1,1.0,1.0,0.0,0.0,0.0,d4e6ac21adddd2c82592f2dc9d2a110b2231a4cf2ddf84661908ef470f0956d1
reacher,R3_reacher_1afd87ed042926d5ecc50b5c,,REFIT_103201,R4_ALT_CEM_1,1.0,1.0,0.0,0.0,0.0,d4e6ac21adddd2c82592f2dc9d2a110b2231a4cf2ddf84661908ef470f0956d1
reacher,R3_reacher_1fc0b1d9c6963542440189cf,,REFIT_103201,R4_ALT_CEM_1,1.0,1.0,0.0,1.0,1.0,d4e6ac21adddd2c82592f2dc9d2a110b2231a4cf2ddf84661908ef470f0956d1
reacher,R3_reacher_20e903c4dc4794a78a414ccb,,REFIT_103201,R4_ALT_CEM_1,1.0,1.0,0.0,1.0,1.0,d4e6ac21adddd2c82592f2dc9d2a110b2231a4cf2ddf84661908ef470f0956d1
reacher,R3_reacher_227dcc9361770465dc9ba143,,REFIT_103201,R4_ALT_CEM_1,1.0,1.0,0.0,0.0,0.0,d4e6ac21adddd2c82592f2dc9d2a110b2231a4cf2ddf84661908ef470f0956d1
reacher,R3_reacher_248c04f18e24c23c388665d6,,REFIT_103201,R4_ALT_CEM_1,1.0,1.0,0.0,0.0,0.0,d4e6ac21adddd2c82592f2dc9d2a110b2231a4cf2ddf84661908ef470f0956d1
reacher,R3_reacher_25281ce20ac4c1a4e13bfe64,,REFIT_103201,R4_ALT_CEM_1,1.0,1.0,0.0,0.0,0.0,d4e6ac21adddd2c82592f2dc9d2a110b2231a4cf2ddf84661908ef470f0956d1
reacher,R3_reacher_29461ecfe2e96e3052bf252e,,REFIT_103201,R4_ALT_CEM_1,1.0,1.0,0.0,1.0,1.0,d4e6ac21adddd2c82592f2dc9d2a110b2231a4cf2ddf84661908ef470f0956d1
reacher,R3_reacher_2ae169997e13b18afc7243d3,,REFIT_103201,R4_ALT_CEM_1,1.0,1.0,0.0,1.0,1.0,d4e6ac21adddd2c82592f2dc9d2a110b2231a4cf2ddf84661908ef470f0956d1
reacher,R3_reacher_2b1605c757025d16771855cd,,REFIT_103201,R4_ALT_CEM_1,1.0,1.0,0.0,0.0,0.0,d4e6ac21adddd2c82592f2dc9d2a110b2231a4cf2ddf84661908ef470f0956d1
reacher,R3_reacher_2da80c9f2c12b38dd5ae592f,,REFIT_103201,R4_ALT_CEM_1,1.0,1.0,0.0,1.0,1.0,d4e6ac21adddd2c82592f2dc9d2a110b2231a4cf2ddf84661908ef470f0956d1
reacher,R3_reacher_31bc43e232044dba582b1a91,,REFIT_103201,R4_ALT_CEM_1,1.0,1.0,0.0,1.0,1.0,d4e6ac21adddd2c82592f2dc9d2a110b2231a4cf2ddf84661908ef470f0956d1
reacher,R3_reacher_3225c7070888eacd2fe6ba3b,,REFIT_103201,R4_ALT_CEM_1,1.0,1.0,0.0,0.0,0.0,d4e6ac21adddd2c82592f2dc9d2a110b2231a4cf2ddf84661908ef470f0956d1
reacher,R3_reacher_339d1566307eb06b287cd9d6,,REFIT_103201,R4_ALT_CEM_1,0.0,1.0,1.0,1.0,1.0,d4e6ac21adddd2c82592f2dc9d2a110b2231a4cf2ddf84661908ef470f0956d1
reacher,R3_reacher_3687a037d77056bca1ad3a86,,REFIT_103201,R4_ALT_CEM_1,1.0,1.0,0.0,0.0,0.0,d4e6ac21adddd2c82592f2dc9d2a110b2231a4cf2ddf84661908ef470f0956d1
reacher,R3_reacher_391d2d69b9911b586e875be4,,REFIT_103201,R4_ALT_CEM_1,1.0,1.0,0.0,1.0,1.0,d4e6ac21adddd2c82592f2dc9d2a110b2231a4cf2ddf84661908ef470f0956d1
reacher,R3_reacher_3c2be98ff314c21b533f9194,,REFIT_103201,R4_ALT_CEM_1,1.0,1.0,0.0,0.0,0.0,d4e6ac21adddd2c82592f2dc9d2a110b2231a4cf2ddf84661908ef470f0956d1
reacher,R3_reacher_3dc92a427bfa8caeee91f551,,REFIT_103201,R4_ALT_CEM_1,1.0,1.0,0.0,0.0,0.0,d4e6ac21adddd2c82592f2dc9d2a110b2231a4cf2ddf84661908ef470f0956d1
reacher,R3_reacher_3ebb7b8846f0d4e4c5337f68,,REFIT_103201,R4_ALT_CEM_1,1.0,1.0,0.0,1.0,1.0,d4e6ac21adddd2c82592f2dc9d2a110b2231a4cf2ddf84661908ef470f0956d1
reacher,R3_reacher_43346886f663e17e6f232be2,,REFIT_103201,R4_ALT_CEM_1,1.0,1.0,0.0,1.0,1.0,d4e6ac21adddd2c82592f2dc9d2a110b2231a4cf2ddf84661908ef470f0956d1
reacher,R3_reacher_43bed550bc7c733bb23002e3,,REFIT_103201,R4_ALT_CEM_1,1.0,1.0,0.0,0.0,0.0,d4e6ac21adddd2c82592f2dc9d2a110b2231a4cf2ddf84661908ef470f0956d1
reacher,R3_reacher_48b38c457e06aea47721389a,,REFIT_103201,R4_ALT_CEM_1,1.0,1.0,0.0,0.0,0.0,d4e6ac21adddd2c82592f2dc9d2a110b2231a4cf2ddf84661908ef470f0956d1
reacher,R3_reacher_4a2a4a159bd6d8b01f632e71,,REFIT_103201,R4_ALT_CEM_1,1.0,1.0,0.0,0.0,0.0,d4e6ac21adddd2c82592f2dc9d2a110b2231a4cf2ddf84661908ef470f0956d1
reacher,R3_reacher_4b5f85125ceccca055fe76b4,,REFIT_103201,R4_ALT_CEM_1,0.0,1.0,1.0,1.0,1.0,d4e6ac21adddd2c82592f2dc9d2a110b2231a4cf2ddf84661908ef470f0956d1
reacher,R3_reacher_4d092e8fde355972772dfa7e,,REFIT_103201,R4_ALT_CEM_1,1.0,1.0,0.0,1.0,1.0,d4e6ac21adddd2c82592f2dc9d2a110b2231a4cf2ddf84661908ef470f0956d1
reacher,R3_reacher_4de0f0387d01ac1b49760c47,,REFIT_103201,R4_ALT_CEM_1,0.0,1.0,1.0,1.0,1.0,d4e6ac21adddd2c82592f2dc9d2a110b2231a4cf2ddf84661908ef470f0956d1
reacher,R3_reacher_4eb4413d6e63e87a59fec03a,,REFIT_103201,R4_ALT_CEM_1,1.0,0.0,-1.0,1.0,1.0,d4e6ac21adddd2c82592f2dc9d2a110b2231a4cf2ddf84661908ef470f0956d1
reacher,R3_reacher_51856009f99570a92446d05a,,REFIT_103201,R4_ALT_CEM_1,1.0,1.0,0.0,0.0,0.0,d4e6ac21adddd2c82592f2dc9d2a110b2231a4cf2ddf84661908ef470f0956d1
reacher,R3_reacher_54f5b13feb6984f1980392cc,,REFIT_103201,R4_ALT_CEM_1,1.0,1.0,0.0,0.0,0.0,d4e6ac21adddd2c82592f2dc9d2a110b2231a4cf2ddf84661908ef470f0956d1
reacher,R3_reacher_5d50985e823f66ebd401c1ec,,REFIT_103201,R4_ALT_CEM_1,1.0,1.0,0.0,1.0,1.0,d4e6ac21adddd2c82592f2dc9d2a110b2231a4cf2ddf84661908ef470f0956d1
reacher,R3_reacher_5e2d5d2d9907df0393e50f40,,REFIT_103201,R4_ALT_CEM_1,1.0,1.0,0.0,0.0,0.0,d4e6ac21adddd2c82592f2dc9d2a110b2231a4cf2ddf84661908ef470f0956d1
reacher,R3_reacher_5ede573180f7658b8cb1fa2a,,REFIT_103201,R4_ALT_CEM_1,1.0,1.0,0.0,0.0,0.0,d4e6ac21adddd2c82592f2dc9d2a110b2231a4cf2ddf84661908ef470f0956d1
reacher,R3_reacher_6216de4a5b03eb23d114e16a,,REFIT_103201,R4_ALT_CEM_1,1.0,1.0,0.0,0.0,0.0,d4e6ac21adddd2c82592f2dc9d2a110b2231a4cf2ddf84661908ef470f0956d1
reacher,R3_reacher_665505d7ca68f56e86ab9898,,REFIT_103201,R4_ALT_CEM_1,1.0,1.0,0.0,1.0,1.0,d4e6ac21adddd2c82592f2dc9d2a110b2231a4cf2ddf84661908ef470f0956d1
reacher,R3_reacher_68ead16e22260984b6ce630e,,REFIT_103201,R4_ALT_CEM_1,1.0,1.0,0.0,0.0,0.0,d4e6ac21adddd2c82592f2dc9d2a110b2231a4cf2ddf84661908ef470f0956d1
reacher,R3_reacher_691b0678315722721b850bd9,,REFIT_103201,R4_ALT_CEM_1,1.0,1.0,0.0,1.0,1.0,d4e6ac21adddd2c82592f2dc9d2a110b2231a4cf2ddf84661908ef470f0956d1
reacher,R3_reacher_6cba7a43faf319ebfe282ca1,,REFIT_103201,R4_ALT_CEM_1,1.0,1.0,0.0,1.0,1.0,d4e6ac21adddd2c82592f2dc9d2a110b2231a4cf2ddf84661908ef470f0956d1
reacher,R3_reacher_6d50b6eae922ec8eaba3b2aa,,REFIT_103201,R4_ALT_CEM_1,1.0,1.0,0.0,1.0,1.0,d4e6ac21adddd2c82592f2dc9d2a110b2231a4cf2ddf84661908ef470f0956d1
reacher,R3_reacher_6ff2b0510c4734c334024b6f,,REFIT_103201,R4_ALT_CEM_1,1.0,1.0,0.0,0.0,0.0,d4e6ac21adddd2c82592f2dc9d2a110b2231a4cf2ddf84661908ef470f0956d1
reacher,R3_reacher_74df08ab195a14a2c8f2f0ac,,REFIT_103201,R4_ALT_CEM_1,0.0,1.0,1.0,1.0,1.0,d4e6ac21adddd2c82592f2dc9d2a110b2231a4cf2ddf84661908ef470f0956d1
reacher,R3_reacher_78e0945523fb491a3f33e969,,REFIT_103201,R4_ALT_CEM_1,1.0,1.0,0.0,0.0,0.0,d4e6ac21adddd2c82592f2dc9d2a110b2231a4cf2ddf84661908ef470f0956d1
reacher,R3_reacher_7aff8be5072b1a8af1a8d13d,,REFIT_103201,R4_ALT_CEM_1,1.0,1.0,0.0,0.0,0.0,d4e6ac21adddd2c82592f2dc9d2a110b2231a4cf2ddf84661908ef470f0956d1
reacher,R3_reacher_7dd7cb04423f92db263fa577,,REFIT_103201,R4_ALT_CEM_1,1.0,1.0,0.0,0.0,0.0,d4e6ac21adddd2c82592f2dc9d2a110b2231a4cf2ddf84661908ef470f0956d1
reacher,R3_reacher_8013310a3876dc798b82233e,,REFIT_103201,R4_ALT_CEM_1,1.0,1.0,0.0,0.0,0.0,d4e6ac21adddd2c82592f2dc9d2a110b2231a4cf2ddf84661908ef470f0956d1
reacher,R3_reacher_81676bd5f7a922d099e8c632,,REFIT_103201,R4_ALT_CEM_1,1.0,1.0,0.0,1.0,1.0,d4e6ac21adddd2c82592f2dc9d2a110b2231a4cf2ddf84661908ef470f0956d1
reacher,R3_reacher_88e6d02b4868302c88af83bd,,REFIT_103201,R4_ALT_CEM_1,1.0,1.0,0.0,0.0,0.0,d4e6ac21adddd2c82592f2dc9d2a110b2231a4cf2ddf84661908ef470f0956d1
reacher,R3_reacher_8cb337114374dac2e790e2d0,,REFIT_103201,R4_ALT_CEM_1,0.0,1.0,1.0,1.0,1.0,d4e6ac21adddd2c82592f2dc9d2a110b2231a4cf2ddf84661908ef470f0956d1
reacher,R3_reacher_8f94a57dc057ae3fea063566,,REFIT_103201,R4_ALT_CEM_1,0.0,1.0,1.0,1.0,1.0,d4e6ac21adddd2c82592f2dc9d2a110b2231a4cf2ddf84661908ef470f0956d1
reacher,R3_reacher_90130661be9d8449b174dfda,,REFIT_103201,R4_ALT_CEM_1,1.0,1.0,0.0,1.0,1.0,d4e6ac21adddd2c82592f2dc9d2a110b2231a4cf2ddf84661908ef470f0956d1
reacher,R3_reacher_91d6a515142521d444cda8ca,,REFIT_103201,R4_ALT_CEM_1,1.0,1.0,0.0,0.0,0.0,d4e6ac21adddd2c82592f2dc9d2a110b2231a4cf2ddf84661908ef470f0956d1
reacher,R3_reacher_9ce16e33ff15bde409d40098,,REFIT_103201,R4_ALT_CEM_1,1.0,1.0,0.0,0.0,0.0,d4e6ac21adddd2c82592f2dc9d2a110b2231a4cf2ddf84661908ef470f0956d1
reacher,R3_reacher_a1c24b0d5bdd53fdeb203e5f,,REFIT_103201,R4_ALT_CEM_1,1.0,1.0,0.0,0.0,0.0,d4e6ac21adddd2c82592f2dc9d2a110b2231a4cf2ddf84661908ef470f0956d1
reacher,R3_reacher_a4fc5af8bb0b58322c55693f,,REFIT_103201,R4_ALT_CEM_1,1.0,1.0,0.0,0.0,0.0,d4e6ac21adddd2c82592f2dc9d2a110b2231a4cf2ddf84661908ef470f0956d1
reacher,R3_reacher_a80b135a2ca6b9fe49081cb7,,REFIT_103201,R4_ALT_CEM_1,1.0,1.0,0.0,0.0,0.0,d4e6ac21adddd2c82592f2dc9d2a110b2231a4cf2ddf84661908ef470f0956d1
reacher,R3_reacher_aa19e4ff8c803eccffc04674,,REFIT_103201,R4_ALT_CEM_1,1.0,1.0,0.0,1.0,1.0,d4e6ac21adddd2c82592f2dc9d2a110b2231a4cf2ddf84661908ef470f0956d1
reacher,R3_reacher_ae4e56803bfc6050ad2c5407,,REFIT_103201,R4_ALT_CEM_1,1.0,1.0,0.0,0.0,0.0,d4e6ac21adddd2c82592f2dc9d2a110b2231a4cf2ddf84661908ef470f0956d1
reacher,R3_reacher_af2aa3d1d6cbf53a4f647860,,REFIT_103201,R4_ALT_CEM_1,1.0,1.0,0.0,0.0,0.0,d4e6ac21adddd2c82592f2dc9d2a110b2231a4cf2ddf84661908ef470f0956d1
reacher,R3_reacher_b1919e19a6a875f129014e81,,REFIT_103201,R4_ALT_CEM_1,1.0,1.0,0.0,0.0,0.0,d4e6ac21adddd2c82592f2dc9d2a110b2231a4cf2ddf84661908ef470f0956d1
reacher,R3_reacher_b2b5f6290d54abd4e830fc73,,REFIT_103201,R4_ALT_CEM_1,1.0,1.0,0.0,0.0,0.0,d4e6ac21adddd2c82592f2dc9d2a110b2231a4cf2ddf84661908ef470f0956d1
reacher,R3_reacher_b360acd1c6d9c7eb19ad0748,,REFIT_103201,R4_ALT_CEM_1,1.0,1.0,0.0,0.0,0.0,d4e6ac21adddd2c82592f2dc9d2a110b2231a4cf2ddf84661908ef470f0956d1
reacher,R3_reacher_b435d231878e66fe816e4b27,,REFIT_103201,R4_ALT_CEM_1,1.0,1.0,0.0,1.0,1.0,d4e6ac21adddd2c82592f2dc9d2a110b2231a4cf2ddf84661908ef470f0956d1
reacher,R3_reacher_b7683878966ffb88777d03f2,,REFIT_103201,R4_ALT_CEM_1,1.0,1.0,0.0,0.0,0.0,d4e6ac21adddd2c82592f2dc9d2a110b2231a4cf2ddf84661908ef470f0956d1
reacher,R3_reacher_c0da6ebc002f6e6d8652c23a,,REFIT_103201,R4_ALT_CEM_1,1.0,1.0,0.0,0.0,0.0,d4e6ac21adddd2c82592f2dc9d2a110b2231a4cf2ddf84661908ef470f0956d1
reacher,R3_reacher_c47240a947a9f7917eaf944b,,REFIT_103201,R4_ALT_CEM_1,1.0,1.0,0.0,1.0,1.0,d4e6ac21adddd2c82592f2dc9d2a110b2231a4cf2ddf84661908ef470f0956d1
reacher,R3_reacher_c799ddaf20ab5016c0fcc94d,,REFIT_103201,R4_ALT_CEM_1,1.0,1.0,0.0,1.0,1.0,d4e6ac21adddd2c82592f2dc9d2a110b2231a4cf2ddf84661908ef470f0956d1
reacher,R3_reacher_cbda62f6c8224e2f9423fd2d,,REFIT_103201,R4_ALT_CEM_1,1.0,1.0,0.0,1.0,1.0,d4e6ac21adddd2c82592f2dc9d2a110b2231a4cf2ddf84661908ef470f0956d1
reacher,R3_reacher_cda870d3e512d2eb34471d9e,,REFIT_103201,R4_ALT_CEM_1,1.0,1.0,0.0,0.0,0.0,d4e6ac21adddd2c82592f2dc9d2a110b2231a4cf2ddf84661908ef470f0956d1
reacher,R3_reacher_cdd7a48d2d150bc082f55fa8,,REFIT_103201,R4_ALT_CEM_1,0.0,1.0,1.0,1.0,1.0,d4e6ac21adddd2c82592f2dc9d2a110b2231a4cf2ddf84661908ef470f0956d1
reacher,R3_reacher_cf3ea0332fec67aba0c09d69,,REFIT_103201,R4_ALT_CEM_1,1.0,1.0,0.0,0.0,0.0,d4e6ac21adddd2c82592f2dc9d2a110b2231a4cf2ddf84661908ef470f0956d1
reacher,R3_reacher_d114702b19acfaf5dda45c4f,,REFIT_103201,R4_ALT_CEM_1,1.0,1.0,0.0,1.0,1.0,d4e6ac21adddd2c82592f2dc9d2a110b2231a4cf2ddf84661908ef470f0956d1
reacher,R3_reacher_d6184e6ee10fee6564198319,,REFIT_103201,R4_ALT_CEM_1,1.0,1.0,0.0,1.0,1.0,d4e6ac21adddd2c82592f2dc9d2a110b2231a4cf2ddf84661908ef470f0956d1
reacher,R3_reacher_d75164310bc00a38ef41a7a2,,REFIT_103201,R4_ALT_CEM_1,1.0,1.0,0.0,0.0,0.0,d4e6ac21adddd2c82592f2dc9d2a110b2231a4cf2ddf84661908ef470f0956d1
reacher,R3_reacher_db1aac2a2839b94c8cf3e963,,REFIT_103201,R4_ALT_CEM_1,1.0,1.0,0.0,1.0,1.0,d4e6ac21adddd2c82592f2dc9d2a110b2231a4cf2ddf84661908ef470f0956d1
reacher,R3_reacher_df4b440848b9f031543dd698,,REFIT_103201,R4_ALT_CEM_1,1.0,1.0,0.0,1.0,1.0,d4e6ac21adddd2c82592f2dc9d2a110b2231a4cf2ddf84661908ef470f0956d1
reacher,R3_reacher_df6b904f9325342cb9269256,,REFIT_103201,R4_ALT_CEM_1,1.0,1.0,0.0,1.0,1.0,d4e6ac21adddd2c82592f2dc9d2a110b2231a4cf2ddf84661908ef470f0956d1
reacher,R3_reacher_e16605f9ca3eaefb85d7cd2a,,REFIT_103201,R4_ALT_CEM_1,1.0,1.0,0.0,0.0,0.0,d4e6ac21adddd2c82592f2dc9d2a110b2231a4cf2ddf84661908ef470f0956d1
reacher,R3_reacher_e25a61bb715dbf3fd96b9f4b,,REFIT_103201,R4_ALT_CEM_1,1.0,1.0,0.0,0.0,0.0,d4e6ac21adddd2c82592f2dc9d2a110b2231a4cf2ddf84661908ef470f0956d1
reacher,R3_reacher_e547cc356ff64f28a01b3a4d,,REFIT_103201,R4_ALT_CEM_1,1.0,1.0,0.0,0.0,0.0,d4e6ac21adddd2c82592f2dc9d2a110b2231a4cf2ddf84661908ef470f0956d1
reacher,R3_reacher_e690a367ff4f94b45cee2d33,,REFIT_103201,R4_ALT_CEM_1,1.0,1.0,0.0,1.0,1.0,d4e6ac21adddd2c82592f2dc9d2a110b2231a4cf2ddf84661908ef470f0956d1
reacher,R3_reacher_e899be36b2378f247385a80c,,REFIT_103201,R4_ALT_CEM_1,0.0,1.0,1.0,1.0,1.0,d4e6ac21adddd2c82592f2dc9d2a110b2231a4cf2ddf84661908ef470f0956d1
reacher,R3_reacher_e96c064ebe544a7de14e595f,,REFIT_103201,R4_ALT_CEM_1,1.0,1.0,0.0,0.0,0.0,d4e6ac21adddd2c82592f2dc9d2a110b2231a4cf2ddf84661908ef470f0956d1
reacher,R3_reacher_e97cbf284bc2f1863e321521,,REFIT_103201,R4_ALT_CEM_1,1.0,1.0,0.0,1.0,1.0,d4e6ac21adddd2c82592f2dc9d2a110b2231a4cf2ddf84661908ef470f0956d1
reacher,R3_reacher_e9df183d83d2c6d6143de3be,,REFIT_103201,R4_ALT_CEM_1,1.0,1.0,0.0,0.0,0.0,d4e6ac21adddd2c82592f2dc9d2a110b2231a4cf2ddf84661908ef470f0956d1
reacher,R3_reacher_eb5da8b3b8a360d72bdc4b81,,REFIT_103201,R4_ALT_CEM_1,1.0,1.0,0.0,0.0,0.0,d4e6ac21adddd2c82592f2dc9d2a110b2231a4cf2ddf84661908ef470f0956d1
reacher,R3_reacher_ed2a6ac159bdefdd8698e966,,REFIT_103201,R4_ALT_CEM_1,1.0,1.0,0.0,0.0,0.0,d4e6ac21adddd2c82592f2dc9d2a110b2231a4cf2ddf84661908ef470f0956d1
reacher,R3_reacher_ee3aa3dea1bccfc0c0400c77,,REFIT_103201,R4_ALT_CEM_1,0.0,1.0,1.0,1.0,1.0,d4e6ac21adddd2c82592f2dc9d2a110b2231a4cf2ddf84661908ef470f0956d1
reacher,R3_reacher_f295eb60a191606d1f094189,,REFIT_103201,R4_ALT_CEM_1,1.0,1.0,0.0,0.0,0.0,d4e6ac21adddd2c82592f2dc9d2a110b2231a4cf2ddf84661908ef470f0956d1
reacher,R3_reacher_f7bea0928cdded574e397c2d,,REFIT_103201,R4_ALT_CEM_1,1.0,1.0,0.0,1.0,1.0,d4e6ac21adddd2c82592f2dc9d2a110b2231a4cf2ddf84661908ef470f0956d1
reacher,R3_reacher_fa467774affd316a6db90f90,,REFIT_103201,R4_ALT_CEM_1,1.0,1.0,0.0,0.0,0.0,d4e6ac21adddd2c82592f2dc9d2a110b2231a4cf2ddf84661908ef470f0956d1
reacher,R3_reacher_fc2a1ecf6edea23cba59b6be,,REFIT_103201,R4_ALT_CEM_1,1.0,1.0,0.0,0.0,0.0,d4e6ac21adddd2c82592f2dc9d2a110b2231a4cf2ddf84661908ef470f0956d1
reacher,R3_reacher_fca2ae6f03dd54aa3833661f,,REFIT_103201,R4_ALT_CEM_1,1.0,1.0,0.0,0.0,0.0,d4e6ac21adddd2c82592f2dc9d2a110b2231a4cf2ddf84661908ef470f0956d1
reacher,R3_reacher_fe1001e9c3b6b50616b6fe2d,,REFIT_103201,R4_ALT_CEM_1,1.0,1.0,0.0,0.0,0.0,d4e6ac21adddd2c82592f2dc9d2a110b2231a4cf2ddf84661908ef470f0956d1
reacher,R3_reacher_01fd87d09dbf3909048741d4,,REFIT_103201,R4_ALT_CEM_2,1.0,1.0,0.0,1.0,1.0,d4e6ac21adddd2c82592f2dc9d2a110b2231a4cf2ddf84661908ef470f0956d1
reacher,R3_reacher_0651ebd394a43de70c9b7ad0,,REFIT_103201,R4_ALT_CEM_2,1.0,1.0,0.0,1.0,1.0,d4e6ac21adddd2c82592f2dc9d2a110b2231a4cf2ddf84661908ef470f0956d1
reacher,R3_reacher_06b68490d49af9bd892bea71,,REFIT_103201,R4_ALT_CEM_2,1.0,1.0,0.0,1.0,1.0,d4e6ac21adddd2c82592f2dc9d2a110b2231a4cf2ddf84661908ef470f0956d1
reacher,R3_reacher_09247f3e88e7af275abc2d1d,,REFIT_103201,R4_ALT_CEM_2,1.0,1.0,0.0,0.0,0.0,d4e6ac21adddd2c82592f2dc9d2a110b2231a4cf2ddf84661908ef470f0956d1
reacher,R3_reacher_0e325219914460cb340033c1,,REFIT_103201,R4_ALT_CEM_2,1.0,1.0,0.0,1.0,1.0,d4e6ac21adddd2c82592f2dc9d2a110b2231a4cf2ddf84661908ef470f0956d1
reacher,R3_reacher_0ea549c2f80d7cbbbb1b6dd8,,REFIT_103201,R4_ALT_CEM_2,0.0,1.0,1.0,1.0,1.0,d4e6ac21adddd2c82592f2dc9d2a110b2231a4cf2ddf84661908ef470f0956d1
reacher,R3_reacher_10754410887eb77f72ae018e,,REFIT_103201,R4_ALT_CEM_2,1.0,1.0,0.0,1.0,1.0,d4e6ac21adddd2c82592f2dc9d2a110b2231a4cf2ddf84661908ef470f0956d1
reacher,R3_reacher_19b957e03f42b1b14d0654d7,,REFIT_103201,R4_ALT_CEM_2,1.0,1.0,0.0,0.0,0.0,d4e6ac21adddd2c82592f2dc9d2a110b2231a4cf2ddf84661908ef470f0956d1
reacher,R3_reacher_1aad022046d1e4f9da53b4a0,,REFIT_103201,R4_ALT_CEM_2,1.0,1.0,0.0,0.0,0.0,d4e6ac21adddd2c82592f2dc9d2a110b2231a4cf2ddf84661908ef470f0956d1
reacher,R3_reacher_1afd87ed042926d5ecc50b5c,,REFIT_103201,R4_ALT_CEM_2,1.0,1.0,0.0,0.0,0.0,d4e6ac21adddd2c82592f2dc9d2a110b2231a4cf2ddf84661908ef470f0956d1
reacher,R3_reacher_1fc0b1d9c6963542440189cf,,REFIT_103201,R4_ALT_CEM_2,0.0,1.0,1.0,1.0,1.0,d4e6ac21adddd2c82592f2dc9d2a110b2231a4cf2ddf84661908ef470f0956d1
reacher,R3_reacher_20e903c4dc4794a78a414ccb,,REFIT_103201,R4_ALT_CEM_2,1.0,1.0,0.0,1.0,1.0,d4e6ac21adddd2c82592f2dc9d2a110b2231a4cf2ddf84661908ef470f0956d1
reacher,R3_reacher_227dcc9361770465dc9ba143,,REFIT_103201,R4_ALT_CEM_2,1.0,1.0,0.0,0.0,0.0,d4e6ac21adddd2c82592f2dc9d2a110b2231a4cf2ddf84661908ef470f0956d1
reacher,R3_reacher_248c04f18e24c23c388665d6,,REFIT_103201,R4_ALT_CEM_2,1.0,1.0,0.0,1.0,1.0,d4e6ac21adddd2c82592f2dc9d2a110b2231a4cf2ddf84661908ef470f0956d1
reacher,R3_reacher_25281ce20ac4c1a4e13bfe64,,REFIT_103201,R4_ALT_CEM_2,0.0,1.0,1.0,1.0,1.0,d4e6ac21adddd2c82592f2dc9d2a110b2231a4cf2ddf84661908ef470f0956d1
reacher,R3_reacher_29461ecfe2e96e3052bf252e,,REFIT_103201,R4_ALT_CEM_2,0.0,1.0,1.0,1.0,1.0,d4e6ac21adddd2c82592f2dc9d2a110b2231a4cf2ddf84661908ef470f0956d1
reacher,R3_reacher_2ae169997e13b18afc7243d3,,REFIT_103201,R4_ALT_CEM_2,1.0,1.0,0.0,0.0,0.0,d4e6ac21adddd2c82592f2dc9d2a110b2231a4cf2ddf84661908ef470f0956d1
reacher,R3_reacher_2b1605c757025d16771855cd,,REFIT_103201,R4_ALT_CEM_2,1.0,1.0,0.0,0.0,0.0,d4e6ac21adddd2c82592f2dc9d2a110b2231a4cf2ddf84661908ef470f0956d1
reacher,R3_reacher_2da80c9f2c12b38dd5ae592f,,REFIT_103201,R4_ALT_CEM_2,1.0,1.0,0.0,1.0,1.0,d4e6ac21adddd2c82592f2dc9d2a110b2231a4cf2ddf84661908ef470f0956d1
reacher,R3_reacher_31bc43e232044dba582b1a91,,REFIT_103201,R4_ALT_CEM_2,0.0,1.0,1.0,1.0,1.0,d4e6ac21adddd2c82592f2dc9d2a110b2231a4cf2ddf84661908ef470f0956d1
reacher,R3_reacher_3225c7070888eacd2fe6ba3b,,REFIT_103201,R4_ALT_CEM_2,1.0,1.0,0.0,1.0,1.0,d4e6ac21adddd2c82592f2dc9d2a110b2231a4cf2ddf84661908ef470f0956d1
reacher,R3_reacher_339d1566307eb06b287cd9d6,,REFIT_103201,R4_ALT_CEM_2,0.0,1.0,1.0,1.0,1.0,d4e6ac21adddd2c82592f2dc9d2a110b2231a4cf2ddf84661908ef470f0956d1
reacher,R3_reacher_3687a037d77056bca1ad3a86,,REFIT_103201,R4_ALT_CEM_2,1.0,1.0,0.0,0.0,0.0,d4e6ac21adddd2c82592f2dc9d2a110b2231a4cf2ddf84661908ef470f0956d1
reacher,R3_reacher_391d2d69b9911b586e875be4,,REFIT_103201,R4_ALT_CEM_2,1.0,1.0,0.0,1.0,1.0,d4e6ac21adddd2c82592f2dc9d2a110b2231a4cf2ddf84661908ef470f0956d1
reacher,R3_reacher_3c2be98ff314c21b533f9194,,REFIT_103201,R4_ALT_CEM_2,1.0,1.0,0.0,0.0,0.0,d4e6ac21adddd2c82592f2dc9d2a110b2231a4cf2ddf84661908ef470f0956d1
reacher,R3_reacher_3dc92a427bfa8caeee91f551,,REFIT_103201,R4_ALT_CEM_2,1.0,1.0,0.0,0.0,0.0,d4e6ac21adddd2c82592f2dc9d2a110b2231a4cf2ddf84661908ef470f0956d1
reacher,R3_reacher_3ebb7b8846f0d4e4c5337f68,,REFIT_103201,R4_ALT_CEM_2,1.0,1.0,0.0,1.0,1.0,d4e6ac21adddd2c82592f2dc9d2a110b2231a4cf2ddf84661908ef470f0956d1
reacher,R3_reacher_43346886f663e17e6f232be2,,REFIT_103201,R4_ALT_CEM_2,1.0,1.0,0.0,1.0,1.0,d4e6ac21adddd2c82592f2dc9d2a110b2231a4cf2ddf84661908ef470f0956d1
reacher,R3_reacher_43bed550bc7c733bb23002e3,,REFIT_103201,R4_ALT_CEM_2,1.0,1.0,0.0,0.0,0.0,d4e6ac21adddd2c82592f2dc9d2a110b2231a4cf2ddf84661908ef470f0956d1
reacher,R3_reacher_48b38c457e06aea47721389a,,REFIT_103201,R4_ALT_CEM_2,1.0,1.0,0.0,0.0,0.0,d4e6ac21adddd2c82592f2dc9d2a110b2231a4cf2ddf84661908ef470f0956d1
reacher,R3_reacher_4a2a4a159bd6d8b01f632e71,,REFIT_103201,R4_ALT_CEM_2,1.0,1.0,0.0,0.0,0.0,d4e6ac21adddd2c82592f2dc9d2a110b2231a4cf2ddf84661908ef470f0956d1
reacher,R3_reacher_4b5f85125ceccca055fe76b4,,REFIT_103201,R4_ALT_CEM_2,1.0,1.0,0.0,0.0,0.0,d4e6ac21adddd2c82592f2dc9d2a110b2231a4cf2ddf84661908ef470f0956d1
reacher,R3_reacher_4d092e8fde355972772dfa7e,,REFIT_103201,R4_ALT_CEM_2,0.0,1.0,1.0,1.0,1.0,d4e6ac21adddd2c82592f2dc9d2a110b2231a4cf2ddf84661908ef470f0956d1
reacher,R3_reacher_4de0f0387d01ac1b49760c47,,REFIT_103201,R4_ALT_CEM_2,0.0,1.0,1.0,1.0,1.0,d4e6ac21adddd2c82592f2dc9d2a110b2231a4cf2ddf84661908ef470f0956d1
reacher,R3_reacher_4eb4413d6e63e87a59fec03a,,REFIT_103201,R4_ALT_CEM_2,1.0,1.0,0.0,1.0,1.0,d4e6ac21adddd2c82592f2dc9d2a110b2231a4cf2ddf84661908ef470f0956d1
reacher,R3_reacher_51856009f99570a92446d05a,,REFIT_103201,R4_ALT_CEM_2,0.0,1.0,1.0,1.0,1.0,d4e6ac21adddd2c82592f2dc9d2a110b2231a4cf2ddf84661908ef470f0956d1
reacher,R3_reacher_54f5b13feb6984f1980392cc,,REFIT_103201,R4_ALT_CEM_2,1.0,1.0,0.0,0.0,0.0,d4e6ac21adddd2c82592f2dc9d2a110b2231a4cf2ddf84661908ef470f0956d1
reacher,R3_reacher_5d50985e823f66ebd401c1ec,,REFIT_103201,R4_ALT_CEM_2,1.0,1.0,0.0,1.0,1.0,d4e6ac21adddd2c82592f2dc9d2a110b2231a4cf2ddf84661908ef470f0956d1
reacher,R3_reacher_5e2d5d2d9907df0393e50f40,,REFIT_103201,R4_ALT_CEM_2,1.0,1.0,0.0,0.0,0.0,d4e6ac21adddd2c82592f2dc9d2a110b2231a4cf2ddf84661908ef470f0956d1
reacher,R3_reacher_5ede573180f7658b8cb1fa2a,,REFIT_103201,R4_ALT_CEM_2,1.0,1.0,0.0,0.0,0.0,d4e6ac21adddd2c82592f2dc9d2a110b2231a4cf2ddf84661908ef470f0956d1
reacher,R3_reacher_6216de4a5b03eb23d114e16a,,REFIT_103201,R4_ALT_CEM_2,1.0,1.0,0.0,0.0,0.0,d4e6ac21adddd2c82592f2dc9d2a110b2231a4cf2ddf84661908ef470f0956d1
reacher,R3_reacher_665505d7ca68f56e86ab9898,,REFIT_103201,R4_ALT_CEM_2,1.0,1.0,0.0,0.0,0.0,d4e6ac21adddd2c82592f2dc9d2a110b2231a4cf2ddf84661908ef470f0956d1
reacher,R3_reacher_68ead16e22260984b6ce630e,,REFIT_103201,R4_ALT_CEM_2,1.0,1.0,0.0,1.0,1.0,d4e6ac21adddd2c82592f2dc9d2a110b2231a4cf2ddf84661908ef470f0956d1
reacher,R3_reacher_691b0678315722721b850bd9,,REFIT_103201,R4_ALT_CEM_2,0.0,1.0,1.0,1.0,1.0,d4e6ac21adddd2c82592f2dc9d2a110b2231a4cf2ddf84661908ef470f0956d1
reacher,R3_reacher_6cba7a43faf319ebfe282ca1,,REFIT_103201,R4_ALT_CEM_2,0.0,1.0,1.0,1.0,1.0,d4e6ac21adddd2c82592f2dc9d2a110b2231a4cf2ddf84661908ef470f0956d1
reacher,R3_reacher_6d50b6eae922ec8eaba3b2aa,,REFIT_103201,R4_ALT_CEM_2,1.0,1.0,0.0,1.0,1.0,d4e6ac21adddd2c82592f2dc9d2a110b2231a4cf2ddf84661908ef470f0956d1
reacher,R3_reacher_6ff2b0510c4734c334024b6f,,REFIT_103201,R4_ALT_CEM_2,1.0,1.0,0.0,0.0,0.0,d4e6ac21adddd2c82592f2dc9d2a110b2231a4cf2ddf84661908ef470f0956d1
reacher,R3_reacher_74df08ab195a14a2c8f2f0ac,,REFIT_103201,R4_ALT_CEM_2,1.0,1.0,0.0,1.0,1.0,d4e6ac21adddd2c82592f2dc9d2a110b2231a4cf2ddf84661908ef470f0956d1
reacher,R3_reacher_78e0945523fb491a3f33e969,,REFIT_103201,R4_ALT_CEM_2,1.0,1.0,0.0,0.0,0.0,d4e6ac21adddd2c82592f2dc9d2a110b2231a4cf2ddf84661908ef470f0956d1
reacher,R3_reacher_7aff8be5072b1a8af1a8d13d,,REFIT_103201,R4_ALT_CEM_2,1.0,1.0,0.0,0.0,0.0,d4e6ac21adddd2c82592f2dc9d2a110b2231a4cf2ddf84661908ef470f0956d1
reacher,R3_reacher_7dd7cb04423f92db263fa577,,REFIT_103201,R4_ALT_CEM_2,1.0,1.0,0.0,1.0,1.0,d4e6ac21adddd2c82592f2dc9d2a110b2231a4cf2ddf84661908ef470f0956d1
reacher,R3_reacher_8013310a3876dc798b82233e,,REFIT_103201,R4_ALT_CEM_2,1.0,1.0,0.0,0.0,0.0,d4e6ac21adddd2c82592f2dc9d2a110b2231a4cf2ddf84661908ef470f0956d1
reacher,R3_reacher_81676bd5f7a922d099e8c632,,REFIT_103201,R4_ALT_CEM_2,1.0,1.0,0.0,1.0,1.0,d4e6ac21adddd2c82592f2dc9d2a110b2231a4cf2ddf84661908ef470f0956d1
reacher,R3_reacher_88e6d02b4868302c88af83bd,,REFIT_103201,R4_ALT_CEM_2,0.0,1.0,1.0,1.0,1.0,d4e6ac21adddd2c82592f2dc9d2a110b2231a4cf2ddf84661908ef470f0956d1
reacher,R3_reacher_8cb337114374dac2e790e2d0,,REFIT_103201,R4_ALT_CEM_2,1.0,1.0,0.0,1.0,1.0,d4e6ac21adddd2c82592f2dc9d2a110b2231a4cf2ddf84661908ef470f0956d1
reacher,R3_reacher_8f94a57dc057ae3fea063566,,REFIT_103201,R4_ALT_CEM_2,1.0,1.0,0.0,1.0,1.0,d4e6ac21adddd2c82592f2dc9d2a110b2231a4cf2ddf84661908ef470f0956d1
reacher,R3_reacher_90130661be9d8449b174dfda,,REFIT_103201,R4_ALT_CEM_2,1.0,1.0,0.0,1.0,1.0,d4e6ac21adddd2c82592f2dc9d2a110b2231a4cf2ddf84661908ef470f0956d1
reacher,R3_reacher_91d6a515142521d444cda8ca,,REFIT_103201,R4_ALT_CEM_2,1.0,1.0,0.0,0.0,0.0,d4e6ac21adddd2c82592f2dc9d2a110b2231a4cf2ddf84661908ef470f0956d1
reacher,R3_reacher_9ce16e33ff15bde409d40098,,REFIT_103201,R4_ALT_CEM_2,1.0,1.0,0.0,0.0,0.0,d4e6ac21adddd2c82592f2dc9d2a110b2231a4cf2ddf84661908ef470f0956d1
reacher,R3_reacher_a1c24b0d5bdd53fdeb203e5f,,REFIT_103201,R4_ALT_CEM_2,1.0,1.0,0.0,0.0,0.0,d4e6ac21adddd2c82592f2dc9d2a110b2231a4cf2ddf84661908ef470f0956d1
reacher,R3_reacher_a4fc5af8bb0b58322c55693f,,REFIT_103201,R4_ALT_CEM_2,0.0,1.0,1.0,1.0,1.0,d4e6ac21adddd2c82592f2dc9d2a110b2231a4cf2ddf84661908ef470f0956d1
reacher,R3_reacher_a80b135a2ca6b9fe49081cb7,,REFIT_103201,R4_ALT_CEM_2,1.0,1.0,0.0,0.0,0.0,d4e6ac21adddd2c82592f2dc9d2a110b2231a4cf2ddf84661908ef470f0956d1
reacher,R3_reacher_aa19e4ff8c803eccffc04674,,REFIT_103201,R4_ALT_CEM_2,1.0,1.0,0.0,1.0,1.0,d4e6ac21adddd2c82592f2dc9d2a110b2231a4cf2ddf84661908ef470f0956d1
reacher,R3_reacher_ae4e56803bfc6050ad2c5407,,REFIT_103201,R4_ALT_CEM_2,1.0,1.0,0.0,1.0,1.0,d4e6ac21adddd2c82592f2dc9d2a110b2231a4cf2ddf84661908ef470f0956d1
reacher,R3_reacher_af2aa3d1d6cbf53a4f647860,,REFIT_103201,R4_ALT_CEM_2,0.0,1.0,1.0,1.0,1.0,d4e6ac21adddd2c82592f2dc9d2a110b2231a4cf2ddf84661908ef470f0956d1
reacher,R3_reacher_b1919e19a6a875f129014e81,,REFIT_103201,R4_ALT_CEM_2,1.0,1.0,0.0,0.0,0.0,d4e6ac21adddd2c82592f2dc9d2a110b2231a4cf2ddf84661908ef470f0956d1
reacher,R3_reacher_b2b5f6290d54abd4e830fc73,,REFIT_103201,R4_ALT_CEM_2,1.0,1.0,0.0,0.0,0.0,d4e6ac21adddd2c82592f2dc9d2a110b2231a4cf2ddf84661908ef470f0956d1
reacher,R3_reacher_b360acd1c6d9c7eb19ad0748,,REFIT_103201,R4_ALT_CEM_2,1.0,1.0,0.0,0.0,0.0,d4e6ac21adddd2c82592f2dc9d2a110b2231a4cf2ddf84661908ef470f0956d1
reacher,R3_reacher_b435d231878e66fe816e4b27,,REFIT_103201,R4_ALT_CEM_2,1.0,1.0,0.0,1.0,1.0,d4e6ac21adddd2c82592f2dc9d2a110b2231a4cf2ddf84661908ef470f0956d1
reacher,R3_reacher_b7683878966ffb88777d03f2,,REFIT_103201,R4_ALT_CEM_2,1.0,1.0,0.0,0.0,0.0,d4e6ac21adddd2c82592f2dc9d2a110b2231a4cf2ddf84661908ef470f0956d1
reacher,R3_reacher_c0da6ebc002f6e6d8652c23a,,REFIT_103201,R4_ALT_CEM_2,1.0,1.0,0.0,0.0,0.0,d4e6ac21adddd2c82592f2dc9d2a110b2231a4cf2ddf84661908ef470f0956d1
reacher,R3_reacher_c47240a947a9f7917eaf944b,,REFIT_103201,R4_ALT_CEM_2,0.0,1.0,1.0,1.0,1.0,d4e6ac21adddd2c82592f2dc9d2a110b2231a4cf2ddf84661908ef470f0956d1
reacher,R3_reacher_c799ddaf20ab5016c0fcc94d,,REFIT_103201,R4_ALT_CEM_2,1.0,1.0,0.0,0.0,0.0,d4e6ac21adddd2c82592f2dc9d2a110b2231a4cf2ddf84661908ef470f0956d1
reacher,R3_reacher_cbda62f6c8224e2f9423fd2d,,REFIT_103201,R4_ALT_CEM_2,1.0,1.0,0.0,1.0,1.0,d4e6ac21adddd2c82592f2dc9d2a110b2231a4cf2ddf84661908ef470f0956d1
reacher,R3_reacher_cda870d3e512d2eb34471d9e,,REFIT_103201,R4_ALT_CEM_2,1.0,1.0,0.0,0.0,0.0,d4e6ac21adddd2c82592f2dc9d2a110b2231a4cf2ddf84661908ef470f0956d1
reacher,R3_reacher_cdd7a48d2d150bc082f55fa8,,REFIT_103201,R4_ALT_CEM_2,0.0,1.0,1.0,1.0,1.0,d4e6ac21adddd2c82592f2dc9d2a110b2231a4cf2ddf84661908ef470f0956d1
reacher,R3_reacher_cf3ea0332fec67aba0c09d69,,REFIT_103201,R4_ALT_CEM_2,1.0,1.0,0.0,0.0,0.0,d4e6ac21adddd2c82592f2dc9d2a110b2231a4cf2ddf84661908ef470f0956d1
reacher,R3_reacher_d114702b19acfaf5dda45c4f,,REFIT_103201,R4_ALT_CEM_2,0.0,1.0,1.0,1.0,1.0,d4e6ac21adddd2c82592f2dc9d2a110b2231a4cf2ddf84661908ef470f0956d1
reacher,R3_reacher_d6184e6ee10fee6564198319,,REFIT_103201,R4_ALT_CEM_2,1.0,1.0,0.0,1.0,1.0,d4e6ac21adddd2c82592f2dc9d2a110b2231a4cf2ddf84661908ef470f0956d1
reacher,R3_reacher_d75164310bc00a38ef41a7a2,,REFIT_103201,R4_ALT_CEM_2,1.0,1.0,0.0,0.0,0.0,d4e6ac21adddd2c82592f2dc9d2a110b2231a4cf2ddf84661908ef470f0956d1
reacher,R3_reacher_db1aac2a2839b94c8cf3e963,,REFIT_103201,R4_ALT_CEM_2,0.0,1.0,1.0,1.0,1.0,d4e6ac21adddd2c82592f2dc9d2a110b2231a4cf2ddf84661908ef470f0956d1
reacher,R3_reacher_df4b440848b9f031543dd698,,REFIT_103201,R4_ALT_CEM_2,1.0,1.0,0.0,0.0,0.0,d4e6ac21adddd2c82592f2dc9d2a110b2231a4cf2ddf84661908ef470f0956d1
reacher,R3_reacher_df6b904f9325342cb9269256,,REFIT_103201,R4_ALT_CEM_2,1.0,1.0,0.0,1.0,1.0,d4e6ac21adddd2c82592f2dc9d2a110b2231a4cf2ddf84661908ef470f0956d1
reacher,R3_reacher_e16605f9ca3eaefb85d7cd2a,,REFIT_103201,R4_ALT_CEM_2,1.0,1.0,0.0,0.0,0.0,d4e6ac21adddd2c82592f2dc9d2a110b2231a4cf2ddf84661908ef470f0956d1
reacher,R3_reacher_e25a61bb715dbf3fd96b9f4b,,REFIT_103201,R4_ALT_CEM_2,1.0,1.0,0.0,1.0,1.0,d4e6ac21adddd2c82592f2dc9d2a110b2231a4cf2ddf84661908ef470f0956d1
reacher,R3_reacher_e547cc356ff64f28a01b3a4d,,REFIT_103201,R4_ALT_CEM_2,1.0,1.0,0.0,0.0,0.0,d4e6ac21adddd2c82592f2dc9d2a110b2231a4cf2ddf84661908ef470f0956d1
reacher,R3_reacher_e690a367ff4f94b45cee2d33,,REFIT_103201,R4_ALT_CEM_2,0.0,1.0,1.0,1.0,1.0,d4e6ac21adddd2c82592f2dc9d2a110b2231a4cf2ddf84661908ef470f0956d1
reacher,R3_reacher_e899be36b2378f247385a80c,,REFIT_103201,R4_ALT_CEM_2,0.0,1.0,1.0,1.0,1.0,d4e6ac21adddd2c82592f2dc9d2a110b2231a4cf2ddf84661908ef470f0956d1
reacher,R3_reacher_e96c064ebe544a7de14e595f,,REFIT_103201,R4_ALT_CEM_2,1.0,1.0,0.0,0.0,0.0,d4e6ac21adddd2c82592f2dc9d2a110b2231a4cf2ddf84661908ef470f0956d1
reacher,R3_reacher_e97cbf284bc2f1863e321521,,REFIT_103201,R4_ALT_CEM_2,1.0,1.0,0.0,0.0,0.0,d4e6ac21adddd2c82592f2dc9d2a110b2231a4cf2ddf84661908ef470f0956d1
reacher,R3_reacher_e9df183d83d2c6d6143de3be,,REFIT_103201,R4_ALT_CEM_2,1.0,1.0,0.0,0.0,0.0,d4e6ac21adddd2c82592f2dc9d2a110b2231a4cf2ddf84661908ef470f0956d1
reacher,R3_reacher_eb5da8b3b8a360d72bdc4b81,,REFIT_103201,R4_ALT_CEM_2,1.0,1.0,0.0,0.0,0.0,d4e6ac21adddd2c82592f2dc9d2a110b2231a4cf2ddf84661908ef470f0956d1
reacher,R3_reacher_ed2a6ac159bdefdd8698e966,,REFIT_103201,R4_ALT_CEM_2,1.0,1.0,0.0,0.0,0.0,d4e6ac21adddd2c82592f2dc9d2a110b2231a4cf2ddf84661908ef470f0956d1
reacher,R3_reacher_ee3aa3dea1bccfc0c0400c77,,REFIT_103201,R4_ALT_CEM_2,1.0,1.0,0.0,0.0,0.0,d4e6ac21adddd2c82592f2dc9d2a110b2231a4cf2ddf84661908ef470f0956d1
reacher,R3_reacher_f295eb60a191606d1f094189,,REFIT_103201,R4_ALT_CEM_2,1.0,1.0,0.0,1.0,1.0,d4e6ac21adddd2c82592f2dc9d2a110b2231a4cf2ddf84661908ef470f0956d1
reacher,R3_reacher_f7bea0928cdded574e397c2d,,REFIT_103201,R4_ALT_CEM_2,1.0,1.0,0.0,1.0,1.0,d4e6ac21adddd2c82592f2dc9d2a110b2231a4cf2ddf84661908ef470f0956d1
reacher,R3_reacher_fa467774affd316a6db90f90,,REFIT_103201,R4_ALT_CEM_2,1.0,1.0,0.0,1.0,1.0,d4e6ac21adddd2c82592f2dc9d2a110b2231a4cf2ddf84661908ef470f0956d1
reacher,R3_reacher_fc2a1ecf6edea23cba59b6be,,REFIT_103201,R4_ALT_CEM_2,1.0,1.0,0.0,1.0,1.0,d4e6ac21adddd2c82592f2dc9d2a110b2231a4cf2ddf84661908ef470f0956d1
reacher,R3_reacher_fca2ae6f03dd54aa3833661f,,REFIT_103201,R4_ALT_CEM_2,1.0,1.0,0.0,0.0,0.0,d4e6ac21adddd2c82592f2dc9d2a110b2231a4cf2ddf84661908ef470f0956d1
reacher,R3_reacher_fe1001e9c3b6b50616b6fe2d,,REFIT_103201,R4_ALT_CEM_2,1.0,1.0,0.0,0.0,0.0,d4e6ac21adddd2c82592f2dc9d2a110b2231a4cf2ddf84661908ef470f0956d1
reacher,R3_reacher_01fd87d09dbf3909048741d4,,REFIT_103201,MEAN_OF_THREE_STREAMS_WITHIN_CASE,0.6666666666666666,1.0,0.33333333333333337,1.0,1.0,d4e6ac21adddd2c82592f2dc9d2a110b2231a4cf2ddf84661908ef470f0956d1
reacher,R3_reacher_0651ebd394a43de70c9b7ad0,,REFIT_103201,MEAN_OF_THREE_STREAMS_WITHIN_CASE,1.0,1.0,0.0,0.6666666666666666,0.6666666666666666,d4e6ac21adddd2c82592f2dc9d2a110b2231a4cf2ddf84661908ef470f0956d1
reacher,R3_reacher_06b68490d49af9bd892bea71,,REFIT_103201,MEAN_OF_THREE_STREAMS_WITHIN_CASE,0.6666666666666666,1.0,0.33333333333333337,0.6666666666666666,0.6666666666666666,d4e6ac21adddd2c82592f2dc9d2a110b2231a4cf2ddf84661908ef470f0956d1
reacher,R3_reacher_09247f3e88e7af275abc2d1d,,REFIT_103201,MEAN_OF_THREE_STREAMS_WITHIN_CASE,0.6666666666666666,1.0,0.33333333333333337,0.3333333333333333,0.3333333333333333,d4e6ac21adddd2c82592f2dc9d2a110b2231a4cf2ddf84661908ef470f0956d1
reacher,R3_reacher_0e325219914460cb340033c1,,REFIT_103201,MEAN_OF_THREE_STREAMS_WITHIN_CASE,1.0,1.0,0.0,0.6666666666666666,0.6666666666666666,d4e6ac21adddd2c82592f2dc9d2a110b2231a4cf2ddf84661908ef470f0956d1
reacher,R3_reacher_0ea549c2f80d7cbbbb1b6dd8,,REFIT_103201,MEAN_OF_THREE_STREAMS_WITHIN_CASE,0.6666666666666666,1.0,0.33333333333333337,0.6666666666666666,0.6666666666666666,d4e6ac21adddd2c82592f2dc9d2a110b2231a4cf2ddf84661908ef470f0956d1
reacher,R3_reacher_10754410887eb77f72ae018e,,REFIT_103201,MEAN_OF_THREE_STREAMS_WITHIN_CASE,0.3333333333333333,1.0,0.6666666666666667,1.0,1.0,d4e6ac21adddd2c82592f2dc9d2a110b2231a4cf2ddf84661908ef470f0956d1
reacher,R3_reacher_19b957e03f42b1b14d0654d7,,REFIT_103201,MEAN_OF_THREE_STREAMS_WITHIN_CASE,1.0,1.0,0.0,0.0,0.0,d4e6ac21adddd2c82592f2dc9d2a110b2231a4cf2ddf84661908ef470f0956d1
reacher,R3_reacher_1aad022046d1e4f9da53b4a0,,REFIT_103201,MEAN_OF_THREE_STREAMS_WITHIN_CASE,0.6666666666666666,1.0,0.33333333333333337,0.3333333333333333,0.3333333333333333,d4e6ac21adddd2c82592f2dc9d2a110b2231a4cf2ddf84661908ef470f0956d1
reacher,R3_reacher_1afd87ed042926d5ecc50b5c,,REFIT_103201,MEAN_OF_THREE_STREAMS_WITHIN_CASE,1.0,1.0,0.0,0.0,0.0,d4e6ac21adddd2c82592f2dc9d2a110b2231a4cf2ddf84661908ef470f0956d1
reacher,R3_reacher_1fc0b1d9c6963542440189cf,,REFIT_103201,MEAN_OF_THREE_STREAMS_WITHIN_CASE,0.6666666666666666,1.0,0.33333333333333337,1.0,1.0,d4e6ac21adddd2c82592f2dc9d2a110b2231a4cf2ddf84661908ef470f0956d1
reacher,R3_reacher_20e903c4dc4794a78a414ccb,,REFIT_103201,MEAN_OF_THREE_STREAMS_WITHIN_CASE,1.0,1.0,0.0,1.0,1.0,d4e6ac21adddd2c82592f2dc9d2a110b2231a4cf2ddf84661908ef470f0956d1
reacher,R3_reacher_227dcc9361770465dc9ba143,,REFIT_103201,MEAN_OF_THREE_STREAMS_WITHIN_CASE,1.0,1.0,0.0,0.0,0.0,d4e6ac21adddd2c82592f2dc9d2a110b2231a4cf2ddf84661908ef470f0956d1
reacher,R3_reacher_248c04f18e24c23c388665d6,,REFIT_103201,MEAN_OF_THREE_STREAMS_WITHIN_CASE,1.0,1.0,0.0,0.6666666666666666,0.6666666666666666,d4e6ac21adddd2c82592f2dc9d2a110b2231a4cf2ddf84661908ef470f0956d1
reacher,R3_reacher_25281ce20ac4c1a4e13bfe64,,REFIT_103201,MEAN_OF_THREE_STREAMS_WITHIN_CASE,0.6666666666666666,1.0,0.33333333333333337,0.3333333333333333,0.3333333333333333,d4e6ac21adddd2c82592f2dc9d2a110b2231a4cf2ddf84661908ef470f0956d1
reacher,R3_reacher_29461ecfe2e96e3052bf252e,,REFIT_103201,MEAN_OF_THREE_STREAMS_WITHIN_CASE,0.6666666666666666,1.0,0.33333333333333337,0.6666666666666666,0.6666666666666666,d4e6ac21adddd2c82592f2dc9d2a110b2231a4cf2ddf84661908ef470f0956d1
reacher,R3_reacher_2ae169997e13b18afc7243d3,,REFIT_103201,MEAN_OF_THREE_STREAMS_WITHIN_CASE,1.0,1.0,0.0,0.6666666666666666,0.6666666666666666,d4e6ac21adddd2c82592f2dc9d2a110b2231a4cf2ddf84661908ef470f0956d1
reacher,R3_reacher_2b1605c757025d16771855cd,,REFIT_103201,MEAN_OF_THREE_STREAMS_WITHIN_CASE,1.0,1.0,0.0,0.3333333333333333,0.3333333333333333,d4e6ac21adddd2c82592f2dc9d2a110b2231a4cf2ddf84661908ef470f0956d1
reacher,R3_reacher_2da80c9f2c12b38dd5ae592f,,REFIT_103201,MEAN_OF_THREE_STREAMS_WITHIN_CASE,1.0,1.0,0.0,1.0,1.0,d4e6ac21adddd2c82592f2dc9d2a110b2231a4cf2ddf84661908ef470f0956d1
reacher,R3_reacher_31bc43e232044dba582b1a91,,REFIT_103201,MEAN_OF_THREE_STREAMS_WITHIN_CASE,0.6666666666666666,1.0,0.33333333333333337,1.0,1.0,d4e6ac21adddd2c82592f2dc9d2a110b2231a4cf2ddf84661908ef470f0956d1
reacher,R3_reacher_3225c7070888eacd2fe6ba3b,,REFIT_103201,MEAN_OF_THREE_STREAMS_WITHIN_CASE,0.6666666666666666,1.0,0.33333333333333337,0.6666666666666666,0.6666666666666666,d4e6ac21adddd2c82592f2dc9d2a110b2231a4cf2ddf84661908ef470f0956d1
reacher,R3_reacher_339d1566307eb06b287cd9d6,,REFIT_103201,MEAN_OF_THREE_STREAMS_WITHIN_CASE,0.3333333333333333,1.0,0.6666666666666667,1.0,1.0,d4e6ac21adddd2c82592f2dc9d2a110b2231a4cf2ddf84661908ef470f0956d1
reacher,R3_reacher_3687a037d77056bca1ad3a86,,REFIT_103201,MEAN_OF_THREE_STREAMS_WITHIN_CASE,1.0,1.0,0.0,0.0,0.0,d4e6ac21adddd2c82592f2dc9d2a110b2231a4cf2ddf84661908ef470f0956d1
reacher,R3_reacher_391d2d69b9911b586e875be4,,REFIT_103201,MEAN_OF_THREE_STREAMS_WITHIN_CASE,1.0,1.0,0.0,1.0,1.0,d4e6ac21adddd2c82592f2dc9d2a110b2231a4cf2ddf84661908ef470f0956d1
reacher,R3_reacher_3c2be98ff314c21b533f9194,,REFIT_103201,MEAN_OF_THREE_STREAMS_WITHIN_CASE,1.0,1.0,0.0,0.0,0.0,d4e6ac21adddd2c82592f2dc9d2a110b2231a4cf2ddf84661908ef470f0956d1
reacher,R3_reacher_3dc92a427bfa8caeee91f551,,REFIT_103201,MEAN_OF_THREE_STREAMS_WITHIN_CASE,1.0,1.0,0.0,0.0,0.0,d4e6ac21adddd2c82592f2dc9d2a110b2231a4cf2ddf84661908ef470f0956d1
reacher,R3_reacher_3ebb7b8846f0d4e4c5337f68,,REFIT_103201,MEAN_OF_THREE_STREAMS_WITHIN_CASE,1.0,1.0,0.0,1.0,1.0,d4e6ac21adddd2c82592f2dc9d2a110b2231a4cf2ddf84661908ef470f0956d1
reacher,R3_reacher_43346886f663e17e6f232be2,,REFIT_103201,MEAN_OF_THREE_STREAMS_WITHIN_CASE,1.0,1.0,0.0,0.6666666666666666,0.6666666666666666,d4e6ac21adddd2c82592f2dc9d2a110b2231a4cf2ddf84661908ef470f0956d1
reacher,R3_reacher_43bed550bc7c733bb23002e3,,REFIT_103201,MEAN_OF_THREE_STREAMS_WITHIN_CASE,1.0,1.0,0.0,0.3333333333333333,0.3333333333333333,d4e6ac21adddd2c82592f2dc9d2a110b2231a4cf2ddf84661908ef470f0956d1
reacher,R3_reacher_48b38c457e06aea47721389a,,REFIT_103201,MEAN_OF_THREE_STREAMS_WITHIN_CASE,1.0,1.0,0.0,0.0,0.0,d4e6ac21adddd2c82592f2dc9d2a110b2231a4cf2ddf84661908ef470f0956d1
reacher,R3_reacher_4a2a4a159bd6d8b01f632e71,,REFIT_103201,MEAN_OF_THREE_STREAMS_WITHIN_CASE,1.0,1.0,0.0,0.0,0.0,d4e6ac21adddd2c82592f2dc9d2a110b2231a4cf2ddf84661908ef470f0956d1
reacher,R3_reacher_4b5f85125ceccca055fe76b4,,REFIT_103201,MEAN_OF_THREE_STREAMS_WITHIN_CASE,0.3333333333333333,1.0,0.6666666666666667,0.6666666666666666,0.6666666666666666,d4e6ac21adddd2c82592f2dc9d2a110b2231a4cf2ddf84661908ef470f0956d1
reacher,R3_reacher_4d092e8fde355972772dfa7e,,REFIT_103201,MEAN_OF_THREE_STREAMS_WITHIN_CASE,0.3333333333333333,1.0,0.6666666666666667,1.0,1.0,d4e6ac21adddd2c82592f2dc9d2a110b2231a4cf2ddf84661908ef470f0956d1
reacher,R3_reacher_4de0f0387d01ac1b49760c47,,REFIT_103201,MEAN_OF_THREE_STREAMS_WITHIN_CASE,0.3333333333333333,1.0,0.6666666666666667,1.0,1.0,d4e6ac21adddd2c82592f2dc9d2a110b2231a4cf2ddf84661908ef470f0956d1
reacher,R3_reacher_4eb4413d6e63e87a59fec03a,,REFIT_103201,MEAN_OF_THREE_STREAMS_WITHIN_CASE,1.0,0.3333333333333333,-0.6666666666666667,1.0,1.0,d4e6ac21adddd2c82592f2dc9d2a110b2231a4cf2ddf84661908ef470f0956d1
reacher,R3_reacher_51856009f99570a92446d05a,,REFIT_103201,MEAN_OF_THREE_STREAMS_WITHIN_CASE,0.6666666666666666,1.0,0.33333333333333337,0.3333333333333333,0.3333333333333333,d4e6ac21adddd2c82592f2dc9d2a110b2231a4cf2ddf84661908ef470f0956d1
reacher,R3_reacher_54f5b13feb6984f1980392cc,,REFIT_103201,MEAN_OF_THREE_STREAMS_WITHIN_CASE,1.0,1.0,0.0,0.0,0.0,d4e6ac21adddd2c82592f2dc9d2a110b2231a4cf2ddf84661908ef470f0956d1
reacher,R3_reacher_5d50985e823f66ebd401c1ec,,REFIT_103201,MEAN_OF_THREE_STREAMS_WITHIN_CASE,1.0,1.0,0.0,1.0,1.0,d4e6ac21adddd2c82592f2dc9d2a110b2231a4cf2ddf84661908ef470f0956d1
reacher,R3_reacher_5e2d5d2d9907df0393e50f40,,REFIT_103201,MEAN_OF_THREE_STREAMS_WITHIN_CASE,1.0,1.0,0.0,0.0,0.0,d4e6ac21adddd2c82592f2dc9d2a110b2231a4cf2ddf84661908ef470f0956d1
reacher,R3_reacher_5ede573180f7658b8cb1fa2a,,REFIT_103201,MEAN_OF_THREE_STREAMS_WITHIN_CASE,1.0,1.0,0.0,0.0,0.0,d4e6ac21adddd2c82592f2dc9d2a110b2231a4cf2ddf84661908ef470f0956d1
reacher,R3_reacher_6216de4a5b03eb23d114e16a,,REFIT_103201,MEAN_OF_THREE_STREAMS_WITHIN_CASE,1.0,1.0,0.0,0.0,0.0,d4e6ac21adddd2c82592f2dc9d2a110b2231a4cf2ddf84661908ef470f0956d1
reacher,R3_reacher_665505d7ca68f56e86ab9898,,REFIT_103201,MEAN_OF_THREE_STREAMS_WITHIN_CASE,1.0,1.0,0.0,0.6666666666666666,0.6666666666666666,d4e6ac21adddd2c82592f2dc9d2a110b2231a4cf2ddf84661908ef470f0956d1
reacher,R3_reacher_68ead16e22260984b6ce630e,,REFIT_103201,MEAN_OF_THREE_STREAMS_WITHIN_CASE,1.0,1.0,0.0,0.6666666666666666,0.6666666666666666,d4e6ac21adddd2c82592f2dc9d2a110b2231a4cf2ddf84661908ef470f0956d1
reacher,R3_reacher_691b0678315722721b850bd9,,REFIT_103201,MEAN_OF_THREE_STREAMS_WITHIN_CASE,0.6666666666666666,1.0,0.33333333333333337,1.0,1.0,d4e6ac21adddd2c82592f2dc9d2a110b2231a4cf2ddf84661908ef470f0956d1
reacher,R3_reacher_6cba7a43faf319ebfe282ca1,,REFIT_103201,MEAN_OF_THREE_STREAMS_WITHIN_CASE,0.6666666666666666,1.0,0.33333333333333337,1.0,1.0,d4e6ac21adddd2c82592f2dc9d2a110b2231a4cf2ddf84661908ef470f0956d1
reacher,R3_reacher_6d50b6eae922ec8eaba3b2aa,,REFIT_103201,MEAN_OF_THREE_STREAMS_WITHIN_CASE,1.0,1.0,0.0,1.0,1.0,d4e6ac21adddd2c82592f2dc9d2a110b2231a4cf2ddf84661908ef470f0956d1
reacher,R3_reacher_6ff2b0510c4734c334024b6f,,REFIT_103201,MEAN_OF_THREE_STREAMS_WITHIN_CASE,0.6666666666666666,1.0,0.33333333333333337,0.3333333333333333,0.3333333333333333,d4e6ac21adddd2c82592f2dc9d2a110b2231a4cf2ddf84661908ef470f0956d1
reacher,R3_reacher_74df08ab195a14a2c8f2f0ac,,REFIT_103201,MEAN_OF_THREE_STREAMS_WITHIN_CASE,0.6666666666666666,1.0,0.33333333333333337,0.6666666666666666,0.6666666666666666,d4e6ac21adddd2c82592f2dc9d2a110b2231a4cf2ddf84661908ef470f0956d1
reacher,R3_reacher_78e0945523fb491a3f33e969,,REFIT_103201,MEAN_OF_THREE_STREAMS_WITHIN_CASE,1.0,1.0,0.0,0.0,0.0,d4e6ac21adddd2c82592f2dc9d2a110b2231a4cf2ddf84661908ef470f0956d1
reacher,R3_reacher_7aff8be5072b1a8af1a8d13d,,REFIT_103201,MEAN_OF_THREE_STREAMS_WITHIN_CASE,1.0,1.0,0.0,0.0,0.0,d4e6ac21adddd2c82592f2dc9d2a110b2231a4cf2ddf84661908ef470f0956d1
reacher,R3_reacher_7dd7cb04423f92db263fa577,,REFIT_103201,MEAN_OF_THREE_STREAMS_WITHIN_CASE,1.0,1.0,0.0,0.3333333333333333,0.3333333333333333,d4e6ac21adddd2c82592f2dc9d2a110b2231a4cf2ddf84661908ef470f0956d1
reacher,R3_reacher_8013310a3876dc798b82233e,,REFIT_103201,MEAN_OF_THREE_STREAMS_WITHIN_CASE,1.0,1.0,0.0,0.0,0.0,d4e6ac21adddd2c82592f2dc9d2a110b2231a4cf2ddf84661908ef470f0956d1
reacher,R3_reacher_81676bd5f7a922d099e8c632,,REFIT_103201,MEAN_OF_THREE_STREAMS_WITHIN_CASE,1.0,1.0,0.0,1.0,1.0,d4e6ac21adddd2c82592f2dc9d2a110b2231a4cf2ddf84661908ef470f0956d1
reacher,R3_reacher_88e6d02b4868302c88af83bd,,REFIT_103201,MEAN_OF_THREE_STREAMS_WITHIN_CASE,0.6666666666666666,1.0,0.33333333333333337,0.6666666666666666,0.6666666666666666,d4e6ac21adddd2c82592f2dc9d2a110b2231a4cf2ddf84661908ef470f0956d1
reacher,R3_reacher_8cb337114374dac2e790e2d0,,REFIT_103201,MEAN_OF_THREE_STREAMS_WITHIN_CASE,0.6666666666666666,1.0,0.33333333333333337,0.6666666666666666,0.6666666666666666,d4e6ac21adddd2c82592f2dc9d2a110b2231a4cf2ddf84661908ef470f0956d1
reacher,R3_reacher_8f94a57dc057ae3fea063566,,REFIT_103201,MEAN_OF_THREE_STREAMS_WITHIN_CASE,0.6666666666666666,1.0,0.33333333333333337,1.0,1.0,d4e6ac21adddd2c82592f2dc9d2a110b2231a4cf2ddf84661908ef470f0956d1
reacher,R3_reacher_90130661be9d8449b174dfda,,REFIT_103201,MEAN_OF_THREE_STREAMS_WITHIN_CASE,1.0,1.0,0.0,1.0,1.0,d4e6ac21adddd2c82592f2dc9d2a110b2231a4cf2ddf84661908ef470f0956d1
reacher,R3_reacher_91d6a515142521d444cda8ca,,REFIT_103201,MEAN_OF_THREE_STREAMS_WITHIN_CASE,1.0,1.0,0.0,0.0,0.0,d4e6ac21adddd2c82592f2dc9d2a110b2231a4cf2ddf84661908ef470f0956d1
reacher,R3_reacher_9ce16e33ff15bde409d40098,,REFIT_103201,MEAN_OF_THREE_STREAMS_WITHIN_CASE,1.0,1.0,0.0,0.0,0.0,d4e6ac21adddd2c82592f2dc9d2a110b2231a4cf2ddf84661908ef470f0956d1
reacher,R3_reacher_a1c24b0d5bdd53fdeb203e5f,,REFIT_103201,MEAN_OF_THREE_STREAMS_WITHIN_CASE,1.0,1.0,0.0,0.0,0.0,d4e6ac21adddd2c82592f2dc9d2a110b2231a4cf2ddf84661908ef470f0956d1
reacher,R3_reacher_a4fc5af8bb0b58322c55693f,,REFIT_103201,MEAN_OF_THREE_STREAMS_WITHIN_CASE,0.6666666666666666,1.0,0.33333333333333337,0.3333333333333333,0.3333333333333333,d4e6ac21adddd2c82592f2dc9d2a110b2231a4cf2ddf84661908ef470f0956d1
reacher,R3_reacher_a80b135a2ca6b9fe49081cb7,,REFIT_103201,MEAN_OF_THREE_STREAMS_WITHIN_CASE,1.0,1.0,0.0,0.0,0.0,d4e6ac21adddd2c82592f2dc9d2a110b2231a4cf2ddf84661908ef470f0956d1
reacher,R3_reacher_aa19e4ff8c803eccffc04674,,REFIT_103201,MEAN_OF_THREE_STREAMS_WITHIN_CASE,1.0,1.0,0.0,0.6666666666666666,0.6666666666666666,d4e6ac21adddd2c82592f2dc9d2a110b2231a4cf2ddf84661908ef470f0956d1
reacher,R3_reacher_ae4e56803bfc6050ad2c5407,,REFIT_103201,MEAN_OF_THREE_STREAMS_WITHIN_CASE,1.0,1.0,0.0,0.6666666666666666,0.6666666666666666,d4e6ac21adddd2c82592f2dc9d2a110b2231a4cf2ddf84661908ef470f0956d1
reacher,R3_reacher_af2aa3d1d6cbf53a4f647860,,REFIT_103201,MEAN_OF_THREE_STREAMS_WITHIN_CASE,0.3333333333333333,1.0,0.6666666666666667,0.6666666666666666,0.6666666666666666,d4e6ac21adddd2c82592f2dc9d2a110b2231a4cf2ddf84661908ef470f0956d1
reacher,R3_reacher_b1919e19a6a875f129014e81,,REFIT_103201,MEAN_OF_THREE_STREAMS_WITHIN_CASE,1.0,1.0,0.0,0.0,0.0,d4e6ac21adddd2c82592f2dc9d2a110b2231a4cf2ddf84661908ef470f0956d1
reacher,R3_reacher_b2b5f6290d54abd4e830fc73,,REFIT_103201,MEAN_OF_THREE_STREAMS_WITHIN_CASE,1.0,1.0,0.0,0.3333333333333333,0.3333333333333333,d4e6ac21adddd2c82592f2dc9d2a110b2231a4cf2ddf84661908ef470f0956d1
reacher,R3_reacher_b360acd1c6d9c7eb19ad0748,,REFIT_103201,MEAN_OF_THREE_STREAMS_WITHIN_CASE,1.0,1.0,0.0,0.0,0.0,d4e6ac21adddd2c82592f2dc9d2a110b2231a4cf2ddf84661908ef470f0956d1
reacher,R3_reacher_b435d231878e66fe816e4b27,,REFIT_103201,MEAN_OF_THREE_STREAMS_WITHIN_CASE,0.6666666666666666,1.0,0.33333333333333337,1.0,1.0,d4e6ac21adddd2c82592f2dc9d2a110b2231a4cf2ddf84661908ef470f0956d1
reacher,R3_reacher_b7683878966ffb88777d03f2,,REFIT_103201,MEAN_OF_THREE_STREAMS_WITHIN_CASE,0.6666666666666666,1.0,0.33333333333333337,0.3333333333333333,0.3333333333333333,d4e6ac21adddd2c82592f2dc9d2a110b2231a4cf2ddf84661908ef470f0956d1
reacher,R3_reacher_c0da6ebc002f6e6d8652c23a,,REFIT_103201,MEAN_OF_THREE_STREAMS_WITHIN_CASE,1.0,1.0,0.0,0.0,0.0,d4e6ac21adddd2c82592f2dc9d2a110b2231a4cf2ddf84661908ef470f0956d1
reacher,R3_reacher_c47240a947a9f7917eaf944b,,REFIT_103201,MEAN_OF_THREE_STREAMS_WITHIN_CASE,0.6666666666666666,1.0,0.33333333333333337,1.0,1.0,d4e6ac21adddd2c82592f2dc9d2a110b2231a4cf2ddf84661908ef470f0956d1
reacher,R3_reacher_c799ddaf20ab5016c0fcc94d,,REFIT_103201,MEAN_OF_THREE_STREAMS_WITHIN_CASE,1.0,1.0,0.0,0.6666666666666666,0.6666666666666666,d4e6ac21adddd2c82592f2dc9d2a110b2231a4cf2ddf84661908ef470f0956d1
reacher,R3_reacher_cbda62f6c8224e2f9423fd2d,,REFIT_103201,MEAN_OF_THREE_STREAMS_WITHIN_CASE,1.0,1.0,0.0,1.0,1.0,d4e6ac21adddd2c82592f2dc9d2a110b2231a4cf2ddf84661908ef470f0956d1
reacher,R3_reacher_cda870d3e512d2eb34471d9e,,REFIT_103201,MEAN_OF_THREE_STREAMS_WITHIN_CASE,1.0,1.0,0.0,0.3333333333333333,0.3333333333333333,d4e6ac21adddd2c82592f2dc9d2a110b2231a4cf2ddf84661908ef470f0956d1
reacher,R3_reacher_cdd7a48d2d150bc082f55fa8,,REFIT_103201,MEAN_OF_THREE_STREAMS_WITHIN_CASE,0.3333333333333333,1.0,0.6666666666666667,1.0,1.0,d4e6ac21adddd2c82592f2dc9d2a110b2231a4cf2ddf84661908ef470f0956d1
reacher,R3_reacher_cf3ea0332fec67aba0c09d69,,REFIT_103201,MEAN_OF_THREE_STREAMS_WITHIN_CASE,1.0,0.6666666666666666,-0.33333333333333337,0.3333333333333333,0.3333333333333333,d4e6ac21adddd2c82592f2dc9d2a110b2231a4cf2ddf84661908ef470f0956d1
reacher,R3_reacher_d114702b19acfaf5dda45c4f,,REFIT_103201,MEAN_OF_THREE_STREAMS_WITHIN_CASE,0.6666666666666666,1.0,0.33333333333333337,0.6666666666666666,0.6666666666666666,d4e6ac21adddd2c82592f2dc9d2a110b2231a4cf2ddf84661908ef470f0956d1
reacher,R3_reacher_d6184e6ee10fee6564198319,,REFIT_103201,MEAN_OF_THREE_STREAMS_WITHIN_CASE,1.0,1.0,0.0,1.0,1.0,d4e6ac21adddd2c82592f2dc9d2a110b2231a4cf2ddf84661908ef470f0956d1
reacher,R3_reacher_d75164310bc00a38ef41a7a2,,REFIT_103201,MEAN_OF_THREE_STREAMS_WITHIN_CASE,1.0,1.0,0.0,0.0,0.0,d4e6ac21adddd2c82592f2dc9d2a110b2231a4cf2ddf84661908ef470f0956d1
reacher,R3_reacher_db1aac2a2839b94c8cf3e963,,REFIT_103201,MEAN_OF_THREE_STREAMS_WITHIN_CASE,0.6666666666666666,1.0,0.33333333333333337,1.0,1.0,d4e6ac21adddd2c82592f2dc9d2a110b2231a4cf2ddf84661908ef470f0956d1
reacher,R3_reacher_df4b440848b9f031543dd698,,REFIT_103201,MEAN_OF_THREE_STREAMS_WITHIN_CASE,1.0,1.0,0.0,0.6666666666666666,0.6666666666666666,d4e6ac21adddd2c82592f2dc9d2a110b2231a4cf2ddf84661908ef470f0956d1
reacher,R3_reacher_df6b904f9325342cb9269256,,REFIT_103201,MEAN_OF_THREE_STREAMS_WITHIN_CASE,1.0,1.0,0.0,1.0,1.0,d4e6ac21adddd2c82592f2dc9d2a110b2231a4cf2ddf84661908ef470f0956d1
reacher,R3_reacher_e16605f9ca3eaefb85d7cd2a,,REFIT_103201,MEAN_OF_THREE_STREAMS_WITHIN_CASE,1.0,1.0,0.0,0.0,0.0,d4e6ac21adddd2c82592f2dc9d2a110b2231a4cf2ddf84661908ef470f0956d1
reacher,R3_reacher_e25a61bb715dbf3fd96b9f4b,,REFIT_103201,MEAN_OF_THREE_STREAMS_WITHIN_CASE,1.0,1.0,0.0,0.6666666666666666,0.6666666666666666,d4e6ac21adddd2c82592f2dc9d2a110b2231a4cf2ddf84661908ef470f0956d1
reacher,R3_reacher_e547cc356ff64f28a01b3a4d,,REFIT_103201,MEAN_OF_THREE_STREAMS_WITHIN_CASE,1.0,1.0,0.0,0.3333333333333333,0.3333333333333333,d4e6ac21adddd2c82592f2dc9d2a110b2231a4cf2ddf84661908ef470f0956d1
reacher,R3_reacher_e690a367ff4f94b45cee2d33,,REFIT_103201,MEAN_OF_THREE_STREAMS_WITHIN_CASE,0.6666666666666666,1.0,0.33333333333333337,0.6666666666666666,0.6666666666666666,d4e6ac21adddd2c82592f2dc9d2a110b2231a4cf2ddf84661908ef470f0956d1
reacher,R3_reacher_e899be36b2378f247385a80c,,REFIT_103201,MEAN_OF_THREE_STREAMS_WITHIN_CASE,0.3333333333333333,1.0,0.6666666666666667,0.6666666666666666,0.6666666666666666,d4e6ac21adddd2c82592f2dc9d2a110b2231a4cf2ddf84661908ef470f0956d1
reacher,R3_reacher_e96c064ebe544a7de14e595f,,REFIT_103201,MEAN_OF_THREE_STREAMS_WITHIN_CASE,1.0,1.0,0.0,0.0,0.0,d4e6ac21adddd2c82592f2dc9d2a110b2231a4cf2ddf84661908ef470f0956d1
reacher,R3_reacher_e97cbf284bc2f1863e321521,,REFIT_103201,MEAN_OF_THREE_STREAMS_WITHIN_CASE,0.6666666666666666,1.0,0.33333333333333337,0.6666666666666666,0.6666666666666666,d4e6ac21adddd2c82592f2dc9d2a110b2231a4cf2ddf84661908ef470f0956d1
reacher,R3_reacher_e9df183d83d2c6d6143de3be,,REFIT_103201,MEAN_OF_THREE_STREAMS_WITHIN_CASE,1.0,1.0,0.0,0.0,0.0,d4e6ac21adddd2c82592f2dc9d2a110b2231a4cf2ddf84661908ef470f0956d1
reacher,R3_reacher_eb5da8b3b8a360d72bdc4b81,,REFIT_103201,MEAN_OF_THREE_STREAMS_WITHIN_CASE,1.0,1.0,0.0,0.0,0.0,d4e6ac21adddd2c82592f2dc9d2a110b2231a4cf2ddf84661908ef470f0956d1
reacher,R3_reacher_ed2a6ac159bdefdd8698e966,,REFIT_103201,MEAN_OF_THREE_STREAMS_WITHIN_CASE,1.0,1.0,0.0,0.0,0.0,d4e6ac21adddd2c82592f2dc9d2a110b2231a4cf2ddf84661908ef470f0956d1
reacher,R3_reacher_ee3aa3dea1bccfc0c0400c77,,REFIT_103201,MEAN_OF_THREE_STREAMS_WITHIN_CASE,0.3333333333333333,1.0,0.6666666666666667,0.6666666666666666,0.6666666666666666,d4e6ac21adddd2c82592f2dc9d2a110b2231a4cf2ddf84661908ef470f0956d1
reacher,R3_reacher_f295eb60a191606d1f094189,,REFIT_103201,MEAN_OF_THREE_STREAMS_WITHIN_CASE,1.0,1.0,0.0,0.3333333333333333,0.3333333333333333,d4e6ac21adddd2c82592f2dc9d2a110b2231a4cf2ddf84661908ef470f0956d1
reacher,R3_reacher_f7bea0928cdded574e397c2d,,REFIT_103201,MEAN_OF_THREE_STREAMS_WITHIN_CASE,0.6666666666666666,1.0,0.33333333333333337,1.0,1.0,d4e6ac21adddd2c82592f2dc9d2a110b2231a4cf2ddf84661908ef470f0956d1
reacher,R3_reacher_fa467774affd316a6db90f90,,REFIT_103201,MEAN_OF_THREE_STREAMS_WITHIN_CASE,1.0,1.0,0.0,0.6666666666666666,0.6666666666666666,d4e6ac21adddd2c82592f2dc9d2a110b2231a4cf2ddf84661908ef470f0956d1
reacher,R3_reacher_fc2a1ecf6edea23cba59b6be,,REFIT_103201,MEAN_OF_THREE_STREAMS_WITHIN_CASE,1.0,1.0,0.0,0.6666666666666666,0.6666666666666666,d4e6ac21adddd2c82592f2dc9d2a110b2231a4cf2ddf84661908ef470f0956d1
reacher,R3_reacher_fca2ae6f03dd54aa3833661f,,REFIT_103201,MEAN_OF_THREE_STREAMS_WITHIN_CASE,1.0,1.0,0.0,0.0,0.0,d4e6ac21adddd2c82592f2dc9d2a110b2231a4cf2ddf84661908ef470f0956d1
reacher,R3_reacher_fe1001e9c3b6b50616b6fe2d,,REFIT_103201,MEAN_OF_THREE_STREAMS_WITHIN_CASE,1.0,1.0,0.0,0.3333333333333333,0.3333333333333333,d4e6ac21adddd2c82592f2dc9d2a110b2231a4cf2ddf84661908ef470f0956d1
reacher,R3_reacher_01fd87d09dbf3909048741d4,,REFIT_103202,R3_ORIGINAL,0.0,1.0,1.0,1.0,1.0,d4e6ac21adddd2c82592f2dc9d2a110b2231a4cf2ddf84661908ef470f0956d1
reacher,R3_reacher_0651ebd394a43de70c9b7ad0,,REFIT_103202,R3_ORIGINAL,1.0,1.0,0.0,1.0,1.0,d4e6ac21adddd2c82592f2dc9d2a110b2231a4cf2ddf84661908ef470f0956d1
reacher,R3_reacher_06b68490d49af9bd892bea71,,REFIT_103202,R3_ORIGINAL,1.0,1.0,0.0,0.0,0.0,d4e6ac21adddd2c82592f2dc9d2a110b2231a4cf2ddf84661908ef470f0956d1
reacher,R3_reacher_09247f3e88e7af275abc2d1d,,REFIT_103202,R3_ORIGINAL,1.0,1.0,0.0,1.0,1.0,d4e6ac21adddd2c82592f2dc9d2a110b2231a4cf2ddf84661908ef470f0956d1
reacher,R3_reacher_0e325219914460cb340033c1,,REFIT_103202,R3_ORIGINAL,1.0,1.0,0.0,0.0,0.0,d4e6ac21adddd2c82592f2dc9d2a110b2231a4cf2ddf84661908ef470f0956d1
reacher,R3_reacher_0ea549c2f80d7cbbbb1b6dd8,,REFIT_103202,R3_ORIGINAL,0.0,1.0,1.0,1.0,1.0,d4e6ac21adddd2c82592f2dc9d2a110b2231a4cf2ddf84661908ef470f0956d1
reacher,R3_reacher_10754410887eb77f72ae018e,,REFIT_103202,R3_ORIGINAL,1.0,1.0,0.0,0.0,0.0,d4e6ac21adddd2c82592f2dc9d2a110b2231a4cf2ddf84661908ef470f0956d1
reacher,R3_reacher_19b957e03f42b1b14d0654d7,,REFIT_103202,R3_ORIGINAL,1.0,1.0,0.0,0.0,0.0,d4e6ac21adddd2c82592f2dc9d2a110b2231a4cf2ddf84661908ef470f0956d1
reacher,R3_reacher_1aad022046d1e4f9da53b4a0,,REFIT_103202,R3_ORIGINAL,0.0,1.0,1.0,1.0,1.0,d4e6ac21adddd2c82592f2dc9d2a110b2231a4cf2ddf84661908ef470f0956d1
reacher,R3_reacher_1afd87ed042926d5ecc50b5c,,REFIT_103202,R3_ORIGINAL,1.0,1.0,0.0,0.0,0.0,d4e6ac21adddd2c82592f2dc9d2a110b2231a4cf2ddf84661908ef470f0956d1
reacher,R3_reacher_1fc0b1d9c6963542440189cf,,REFIT_103202,R3_ORIGINAL,1.0,1.0,0.0,1.0,1.0,d4e6ac21adddd2c82592f2dc9d2a110b2231a4cf2ddf84661908ef470f0956d1
reacher,R3_reacher_20e903c4dc4794a78a414ccb,,REFIT_103202,R3_ORIGINAL,1.0,1.0,0.0,1.0,1.0,d4e6ac21adddd2c82592f2dc9d2a110b2231a4cf2ddf84661908ef470f0956d1
reacher,R3_reacher_227dcc9361770465dc9ba143,,REFIT_103202,R3_ORIGINAL,1.0,1.0,0.0,0.0,0.0,d4e6ac21adddd2c82592f2dc9d2a110b2231a4cf2ddf84661908ef470f0956d1
reacher,R3_reacher_248c04f18e24c23c388665d6,,REFIT_103202,R3_ORIGINAL,1.0,1.0,0.0,0.0,0.0,d4e6ac21adddd2c82592f2dc9d2a110b2231a4cf2ddf84661908ef470f0956d1
reacher,R3_reacher_25281ce20ac4c1a4e13bfe64,,REFIT_103202,R3_ORIGINAL,1.0,1.0,0.0,0.0,0.0,d4e6ac21adddd2c82592f2dc9d2a110b2231a4cf2ddf84661908ef470f0956d1
reacher,R3_reacher_29461ecfe2e96e3052bf252e,,REFIT_103202,R3_ORIGINAL,1.0,1.0,0.0,0.0,0.0,d4e6ac21adddd2c82592f2dc9d2a110b2231a4cf2ddf84661908ef470f0956d1
reacher,R3_reacher_2ae169997e13b18afc7243d3,,REFIT_103202,R3_ORIGINAL,1.0,1.0,0.0,1.0,1.0,d4e6ac21adddd2c82592f2dc9d2a110b2231a4cf2ddf84661908ef470f0956d1
reacher,R3_reacher_2b1605c757025d16771855cd,,REFIT_103202,R3_ORIGINAL,1.0,1.0,0.0,1.0,1.0,d4e6ac21adddd2c82592f2dc9d2a110b2231a4cf2ddf84661908ef470f0956d1
reacher,R3_reacher_2da80c9f2c12b38dd5ae592f,,REFIT_103202,R3_ORIGINAL,1.0,1.0,0.0,1.0,1.0,d4e6ac21adddd2c82592f2dc9d2a110b2231a4cf2ddf84661908ef470f0956d1
reacher,R3_reacher_31bc43e232044dba582b1a91,,REFIT_103202,R3_ORIGINAL,1.0,1.0,0.0,1.0,1.0,d4e6ac21adddd2c82592f2dc9d2a110b2231a4cf2ddf84661908ef470f0956d1
reacher,R3_reacher_3225c7070888eacd2fe6ba3b,,REFIT_103202,R3_ORIGINAL,1.0,1.0,0.0,1.0,1.0,d4e6ac21adddd2c82592f2dc9d2a110b2231a4cf2ddf84661908ef470f0956d1
reacher,R3_reacher_339d1566307eb06b287cd9d6,,REFIT_103202,R3_ORIGINAL,1.0,1.0,0.0,1.0,1.0,d4e6ac21adddd2c82592f2dc9d2a110b2231a4cf2ddf84661908ef470f0956d1
reacher,R3_reacher_3687a037d77056bca1ad3a86,,REFIT_103202,R3_ORIGINAL,1.0,1.0,0.0,0.0,0.0,d4e6ac21adddd2c82592f2dc9d2a110b2231a4cf2ddf84661908ef470f0956d1
reacher,R3_reacher_391d2d69b9911b586e875be4,,REFIT_103202,R3_ORIGINAL,0.0,1.0,1.0,1.0,1.0,d4e6ac21adddd2c82592f2dc9d2a110b2231a4cf2ddf84661908ef470f0956d1
reacher,R3_reacher_3c2be98ff314c21b533f9194,,REFIT_103202,R3_ORIGINAL,1.0,1.0,0.0,0.0,0.0,d4e6ac21adddd2c82592f2dc9d2a110b2231a4cf2ddf84661908ef470f0956d1
reacher,R3_reacher_3dc92a427bfa8caeee91f551,,REFIT_103202,R3_ORIGINAL,1.0,1.0,0.0,0.0,0.0,d4e6ac21adddd2c82592f2dc9d2a110b2231a4cf2ddf84661908ef470f0956d1
reacher,R3_reacher_3ebb7b8846f0d4e4c5337f68,,REFIT_103202,R3_ORIGINAL,1.0,1.0,0.0,1.0,1.0,d4e6ac21adddd2c82592f2dc9d2a110b2231a4cf2ddf84661908ef470f0956d1
reacher,R3_reacher_43346886f663e17e6f232be2,,REFIT_103202,R3_ORIGINAL,1.0,1.0,0.0,0.0,0.0,d4e6ac21adddd2c82592f2dc9d2a110b2231a4cf2ddf84661908ef470f0956d1
reacher,R3_reacher_43bed550bc7c733bb23002e3,,REFIT_103202,R3_ORIGINAL,0.0,1.0,1.0,1.0,1.0,d4e6ac21adddd2c82592f2dc9d2a110b2231a4cf2ddf84661908ef470f0956d1
reacher,R3_reacher_48b38c457e06aea47721389a,,REFIT_103202,R3_ORIGINAL,1.0,1.0,0.0,0.0,0.0,d4e6ac21adddd2c82592f2dc9d2a110b2231a4cf2ddf84661908ef470f0956d1
reacher,R3_reacher_4a2a4a159bd6d8b01f632e71,,REFIT_103202,R3_ORIGINAL,1.0,1.0,0.0,0.0,0.0,d4e6ac21adddd2c82592f2dc9d2a110b2231a4cf2ddf84661908ef470f0956d1
reacher,R3_reacher_4b5f85125ceccca055fe76b4,,REFIT_103202,R3_ORIGINAL,1.0,1.0,0.0,0.0,0.0,d4e6ac21adddd2c82592f2dc9d2a110b2231a4cf2ddf84661908ef470f0956d1
reacher,R3_reacher_4d092e8fde355972772dfa7e,,REFIT_103202,R3_ORIGINAL,1.0,1.0,0.0,1.0,1.0,d4e6ac21adddd2c82592f2dc9d2a110b2231a4cf2ddf84661908ef470f0956d1
reacher,R3_reacher_4de0f0387d01ac1b49760c47,,REFIT_103202,R3_ORIGINAL,1.0,1.0,0.0,1.0,1.0,d4e6ac21adddd2c82592f2dc9d2a110b2231a4cf2ddf84661908ef470f0956d1
reacher,R3_reacher_4eb4413d6e63e87a59fec03a,,REFIT_103202,R3_ORIGINAL,0.0,1.0,1.0,1.0,1.0,d4e6ac21adddd2c82592f2dc9d2a110b2231a4cf2ddf84661908ef470f0956d1
reacher,R3_reacher_51856009f99570a92446d05a,,REFIT_103202,R3_ORIGINAL,1.0,1.0,0.0,0.0,0.0,d4e6ac21adddd2c82592f2dc9d2a110b2231a4cf2ddf84661908ef470f0956d1
reacher,R3_reacher_54f5b13feb6984f1980392cc,,REFIT_103202,R3_ORIGINAL,1.0,1.0,0.0,0.0,0.0,d4e6ac21adddd2c82592f2dc9d2a110b2231a4cf2ddf84661908ef470f0956d1
reacher,R3_reacher_5d50985e823f66ebd401c1ec,,REFIT_103202,R3_ORIGINAL,1.0,1.0,0.0,1.0,1.0,d4e6ac21adddd2c82592f2dc9d2a110b2231a4cf2ddf84661908ef470f0956d1
reacher,R3_reacher_5e2d5d2d9907df0393e50f40,,REFIT_103202,R3_ORIGINAL,1.0,1.0,0.0,0.0,0.0,d4e6ac21adddd2c82592f2dc9d2a110b2231a4cf2ddf84661908ef470f0956d1
reacher,R3_reacher_5ede573180f7658b8cb1fa2a,,REFIT_103202,R3_ORIGINAL,1.0,1.0,0.0,0.0,0.0,d4e6ac21adddd2c82592f2dc9d2a110b2231a4cf2ddf84661908ef470f0956d1
reacher,R3_reacher_6216de4a5b03eb23d114e16a,,REFIT_103202,R3_ORIGINAL,1.0,1.0,0.0,0.0,0.0,d4e6ac21adddd2c82592f2dc9d2a110b2231a4cf2ddf84661908ef470f0956d1
reacher,R3_reacher_665505d7ca68f56e86ab9898,,REFIT_103202,R3_ORIGINAL,1.0,1.0,0.0,1.0,1.0,d4e6ac21adddd2c82592f2dc9d2a110b2231a4cf2ddf84661908ef470f0956d1
reacher,R3_reacher_68ead16e22260984b6ce630e,,REFIT_103202,R3_ORIGINAL,1.0,1.0,0.0,1.0,1.0,d4e6ac21adddd2c82592f2dc9d2a110b2231a4cf2ddf84661908ef470f0956d1
reacher,R3_reacher_691b0678315722721b850bd9,,REFIT_103202,R3_ORIGINAL,0.0,1.0,1.0,1.0,1.0,d4e6ac21adddd2c82592f2dc9d2a110b2231a4cf2ddf84661908ef470f0956d1
reacher,R3_reacher_6cba7a43faf319ebfe282ca1,,REFIT_103202,R3_ORIGINAL,1.0,1.0,0.0,1.0,1.0,d4e6ac21adddd2c82592f2dc9d2a110b2231a4cf2ddf84661908ef470f0956d1
reacher,R3_reacher_6d50b6eae922ec8eaba3b2aa,,REFIT_103202,R3_ORIGINAL,1.0,1.0,0.0,1.0,1.0,d4e6ac21adddd2c82592f2dc9d2a110b2231a4cf2ddf84661908ef470f0956d1
reacher,R3_reacher_6ff2b0510c4734c334024b6f,,REFIT_103202,R3_ORIGINAL,0.0,0.0,0.0,1.0,1.0,d4e6ac21adddd2c82592f2dc9d2a110b2231a4cf2ddf84661908ef470f0956d1
reacher,R3_reacher_74df08ab195a14a2c8f2f0ac,,REFIT_103202,R3_ORIGINAL,1.0,1.0,0.0,0.0,0.0,d4e6ac21adddd2c82592f2dc9d2a110b2231a4cf2ddf84661908ef470f0956d1
reacher,R3_reacher_78e0945523fb491a3f33e969,,REFIT_103202,R3_ORIGINAL,1.0,1.0,0.0,1.0,1.0,d4e6ac21adddd2c82592f2dc9d2a110b2231a4cf2ddf84661908ef470f0956d1
reacher,R3_reacher_7aff8be5072b1a8af1a8d13d,,REFIT_103202,R3_ORIGINAL,1.0,1.0,0.0,0.0,0.0,d4e6ac21adddd2c82592f2dc9d2a110b2231a4cf2ddf84661908ef470f0956d1
reacher,R3_reacher_7dd7cb04423f92db263fa577,,REFIT_103202,R3_ORIGINAL,0.0,1.0,1.0,1.0,1.0,d4e6ac21adddd2c82592f2dc9d2a110b2231a4cf2ddf84661908ef470f0956d1
reacher,R3_reacher_8013310a3876dc798b82233e,,REFIT_103202,R3_ORIGINAL,1.0,1.0,0.0,0.0,0.0,d4e6ac21adddd2c82592f2dc9d2a110b2231a4cf2ddf84661908ef470f0956d1
reacher,R3_reacher_81676bd5f7a922d099e8c632,,REFIT_103202,R3_ORIGINAL,1.0,1.0,0.0,0.0,0.0,d4e6ac21adddd2c82592f2dc9d2a110b2231a4cf2ddf84661908ef470f0956d1
reacher,R3_reacher_88e6d02b4868302c88af83bd,,REFIT_103202,R3_ORIGINAL,1.0,1.0,0.0,1.0,1.0,d4e6ac21adddd2c82592f2dc9d2a110b2231a4cf2ddf84661908ef470f0956d1
reacher,R3_reacher_8cb337114374dac2e790e2d0,,REFIT_103202,R3_ORIGINAL,1.0,1.0,0.0,1.0,1.0,d4e6ac21adddd2c82592f2dc9d2a110b2231a4cf2ddf84661908ef470f0956d1
reacher,R3_reacher_8f94a57dc057ae3fea063566,,REFIT_103202,R3_ORIGINAL,0.0,0.0,0.0,1.0,1.0,d4e6ac21adddd2c82592f2dc9d2a110b2231a4cf2ddf84661908ef470f0956d1
reacher,R3_reacher_90130661be9d8449b174dfda,,REFIT_103202,R3_ORIGINAL,0.0,1.0,1.0,1.0,1.0,d4e6ac21adddd2c82592f2dc9d2a110b2231a4cf2ddf84661908ef470f0956d1
reacher,R3_reacher_91d6a515142521d444cda8ca,,REFIT_103202,R3_ORIGINAL,1.0,1.0,0.0,0.0,0.0,d4e6ac21adddd2c82592f2dc9d2a110b2231a4cf2ddf84661908ef470f0956d1
reacher,R3_reacher_9ce16e33ff15bde409d40098,,REFIT_103202,R3_ORIGINAL,1.0,1.0,0.0,0.0,0.0,d4e6ac21adddd2c82592f2dc9d2a110b2231a4cf2ddf84661908ef470f0956d1
reacher,R3_reacher_a1c24b0d5bdd53fdeb203e5f,,REFIT_103202,R3_ORIGINAL,1.0,1.0,0.0,1.0,1.0,d4e6ac21adddd2c82592f2dc9d2a110b2231a4cf2ddf84661908ef470f0956d1
reacher,R3_reacher_a4fc5af8bb0b58322c55693f,,REFIT_103202,R3_ORIGINAL,1.0,1.0,0.0,1.0,1.0,d4e6ac21adddd2c82592f2dc9d2a110b2231a4cf2ddf84661908ef470f0956d1
reacher,R3_reacher_a80b135a2ca6b9fe49081cb7,,REFIT_103202,R3_ORIGINAL,1.0,1.0,0.0,1.0,1.0,d4e6ac21adddd2c82592f2dc9d2a110b2231a4cf2ddf84661908ef470f0956d1
reacher,R3_reacher_aa19e4ff8c803eccffc04674,,REFIT_103202,R3_ORIGINAL,1.0,1.0,0.0,1.0,1.0,d4e6ac21adddd2c82592f2dc9d2a110b2231a4cf2ddf84661908ef470f0956d1
reacher,R3_reacher_ae4e56803bfc6050ad2c5407,,REFIT_103202,R3_ORIGINAL,1.0,1.0,0.0,0.0,0.0,d4e6ac21adddd2c82592f2dc9d2a110b2231a4cf2ddf84661908ef470f0956d1
reacher,R3_reacher_af2aa3d1d6cbf53a4f647860,,REFIT_103202,R3_ORIGINAL,1.0,1.0,0.0,1.0,1.0,d4e6ac21adddd2c82592f2dc9d2a110b2231a4cf2ddf84661908ef470f0956d1
reacher,R3_reacher_b1919e19a6a875f129014e81,,REFIT_103202,R3_ORIGINAL,1.0,1.0,0.0,0.0,0.0,d4e6ac21adddd2c82592f2dc9d2a110b2231a4cf2ddf84661908ef470f0956d1
reacher,R3_reacher_b2b5f6290d54abd4e830fc73,,REFIT_103202,R3_ORIGINAL,0.0,1.0,1.0,1.0,1.0,d4e6ac21adddd2c82592f2dc9d2a110b2231a4cf2ddf84661908ef470f0956d1
reacher,R3_reacher_b360acd1c6d9c7eb19ad0748,,REFIT_103202,R3_ORIGINAL,1.0,1.0,0.0,0.0,0.0,d4e6ac21adddd2c82592f2dc9d2a110b2231a4cf2ddf84661908ef470f0956d1
reacher,R3_reacher_b435d231878e66fe816e4b27,,REFIT_103202,R3_ORIGINAL,1.0,1.0,0.0,1.0,1.0,d4e6ac21adddd2c82592f2dc9d2a110b2231a4cf2ddf84661908ef470f0956d1
reacher,R3_reacher_b7683878966ffb88777d03f2,,REFIT_103202,R3_ORIGINAL,1.0,1.0,0.0,1.0,1.0,d4e6ac21adddd2c82592f2dc9d2a110b2231a4cf2ddf84661908ef470f0956d1
reacher,R3_reacher_c0da6ebc002f6e6d8652c23a,,REFIT_103202,R3_ORIGINAL,1.0,1.0,0.0,0.0,0.0,d4e6ac21adddd2c82592f2dc9d2a110b2231a4cf2ddf84661908ef470f0956d1
reacher,R3_reacher_c47240a947a9f7917eaf944b,,REFIT_103202,R3_ORIGINAL,1.0,1.0,0.0,1.0,1.0,d4e6ac21adddd2c82592f2dc9d2a110b2231a4cf2ddf84661908ef470f0956d1
reacher,R3_reacher_c799ddaf20ab5016c0fcc94d,,REFIT_103202,R3_ORIGINAL,1.0,1.0,0.0,1.0,1.0,d4e6ac21adddd2c82592f2dc9d2a110b2231a4cf2ddf84661908ef470f0956d1
reacher,R3_reacher_cbda62f6c8224e2f9423fd2d,,REFIT_103202,R3_ORIGINAL,1.0,1.0,0.0,1.0,1.0,d4e6ac21adddd2c82592f2dc9d2a110b2231a4cf2ddf84661908ef470f0956d1
reacher,R3_reacher_cda870d3e512d2eb34471d9e,,REFIT_103202,R3_ORIGINAL,1.0,1.0,0.0,0.0,0.0,d4e6ac21adddd2c82592f2dc9d2a110b2231a4cf2ddf84661908ef470f0956d1
reacher,R3_reacher_cdd7a48d2d150bc082f55fa8,,REFIT_103202,R3_ORIGINAL,1.0,1.0,0.0,0.0,0.0,d4e6ac21adddd2c82592f2dc9d2a110b2231a4cf2ddf84661908ef470f0956d1
reacher,R3_reacher_cf3ea0332fec67aba0c09d69,,REFIT_103202,R3_ORIGINAL,1.0,1.0,0.0,1.0,1.0,d4e6ac21adddd2c82592f2dc9d2a110b2231a4cf2ddf84661908ef470f0956d1
reacher,R3_reacher_d114702b19acfaf5dda45c4f,,REFIT_103202,R3_ORIGINAL,1.0,1.0,0.0,0.0,0.0,d4e6ac21adddd2c82592f2dc9d2a110b2231a4cf2ddf84661908ef470f0956d1
reacher,R3_reacher_d6184e6ee10fee6564198319,,REFIT_103202,R3_ORIGINAL,1.0,1.0,0.0,1.0,1.0,d4e6ac21adddd2c82592f2dc9d2a110b2231a4cf2ddf84661908ef470f0956d1
reacher,R3_reacher_d75164310bc00a38ef41a7a2,,REFIT_103202,R3_ORIGINAL,1.0,1.0,0.0,0.0,0.0,d4e6ac21adddd2c82592f2dc9d2a110b2231a4cf2ddf84661908ef470f0956d1
reacher,R3_reacher_db1aac2a2839b94c8cf3e963,,REFIT_103202,R3_ORIGINAL,1.0,0.0,-1.0,1.0,1.0,d4e6ac21adddd2c82592f2dc9d2a110b2231a4cf2ddf84661908ef470f0956d1
reacher,R3_reacher_df4b440848b9f031543dd698,,REFIT_103202,R3_ORIGINAL,1.0,1.0,0.0,1.0,1.0,d4e6ac21adddd2c82592f2dc9d2a110b2231a4cf2ddf84661908ef470f0956d1
reacher,R3_reacher_df6b904f9325342cb9269256,,REFIT_103202,R3_ORIGINAL,1.0,1.0,0.0,1.0,1.0,d4e6ac21adddd2c82592f2dc9d2a110b2231a4cf2ddf84661908ef470f0956d1
reacher,R3_reacher_e16605f9ca3eaefb85d7cd2a,,REFIT_103202,R3_ORIGINAL,1.0,1.0,0.0,0.0,0.0,d4e6ac21adddd2c82592f2dc9d2a110b2231a4cf2ddf84661908ef470f0956d1
reacher,R3_reacher_e25a61bb715dbf3fd96b9f4b,,REFIT_103202,R3_ORIGINAL,1.0,1.0,0.0,0.0,0.0,d4e6ac21adddd2c82592f2dc9d2a110b2231a4cf2ddf84661908ef470f0956d1
reacher,R3_reacher_e547cc356ff64f28a01b3a4d,,REFIT_103202,R3_ORIGINAL,0.0,1.0,1.0,1.0,1.0,d4e6ac21adddd2c82592f2dc9d2a110b2231a4cf2ddf84661908ef470f0956d1
reacher,R3_reacher_e690a367ff4f94b45cee2d33,,REFIT_103202,R3_ORIGINAL,1.0,1.0,0.0,0.0,0.0,d4e6ac21adddd2c82592f2dc9d2a110b2231a4cf2ddf84661908ef470f0956d1
reacher,R3_reacher_e899be36b2378f247385a80c,,REFIT_103202,R3_ORIGINAL,1.0,1.0,0.0,0.0,0.0,d4e6ac21adddd2c82592f2dc9d2a110b2231a4cf2ddf84661908ef470f0956d1
reacher,R3_reacher_e96c064ebe544a7de14e595f,,REFIT_103202,R3_ORIGINAL,1.0,1.0,0.0,0.0,0.0,d4e6ac21adddd2c82592f2dc9d2a110b2231a4cf2ddf84661908ef470f0956d1
reacher,R3_reacher_e97cbf284bc2f1863e321521,,REFIT_103202,R3_ORIGINAL,1.0,1.0,0.0,0.0,0.0,d4e6ac21adddd2c82592f2dc9d2a110b2231a4cf2ddf84661908ef470f0956d1
reacher,R3_reacher_e9df183d83d2c6d6143de3be,,REFIT_103202,R3_ORIGINAL,1.0,1.0,0.0,0.0,0.0,d4e6ac21adddd2c82592f2dc9d2a110b2231a4cf2ddf84661908ef470f0956d1
reacher,R3_reacher_eb5da8b3b8a360d72bdc4b81,,REFIT_103202,R3_ORIGINAL,1.0,1.0,0.0,0.0,0.0,d4e6ac21adddd2c82592f2dc9d2a110b2231a4cf2ddf84661908ef470f0956d1
reacher,R3_reacher_ed2a6ac159bdefdd8698e966,,REFIT_103202,R3_ORIGINAL,1.0,1.0,0.0,0.0,0.0,d4e6ac21adddd2c82592f2dc9d2a110b2231a4cf2ddf84661908ef470f0956d1
reacher,R3_reacher_ee3aa3dea1bccfc0c0400c77,,REFIT_103202,R3_ORIGINAL,0.0,1.0,1.0,1.0,1.0,d4e6ac21adddd2c82592f2dc9d2a110b2231a4cf2ddf84661908ef470f0956d1
reacher,R3_reacher_f295eb60a191606d1f094189,,REFIT_103202,R3_ORIGINAL,1.0,1.0,0.0,0.0,0.0,d4e6ac21adddd2c82592f2dc9d2a110b2231a4cf2ddf84661908ef470f0956d1
reacher,R3_reacher_f7bea0928cdded574e397c2d,,REFIT_103202,R3_ORIGINAL,1.0,1.0,0.0,1.0,1.0,d4e6ac21adddd2c82592f2dc9d2a110b2231a4cf2ddf84661908ef470f0956d1
reacher,R3_reacher_fa467774affd316a6db90f90,,REFIT_103202,R3_ORIGINAL,1.0,1.0,0.0,0.0,0.0,d4e6ac21adddd2c82592f2dc9d2a110b2231a4cf2ddf84661908ef470f0956d1
reacher,R3_reacher_fc2a1ecf6edea23cba59b6be,,REFIT_103202,R3_ORIGINAL,1.0,1.0,0.0,1.0,1.0,d4e6ac21adddd2c82592f2dc9d2a110b2231a4cf2ddf84661908ef470f0956d1
reacher,R3_reacher_fca2ae6f03dd54aa3833661f,,REFIT_103202,R3_ORIGINAL,1.0,1.0,0.0,0.0,0.0,d4e6ac21adddd2c82592f2dc9d2a110b2231a4cf2ddf84661908ef470f0956d1
reacher,R3_reacher_fe1001e9c3b6b50616b6fe2d,,REFIT_103202,R3_ORIGINAL,1.0,1.0,0.0,1.0,1.0,d4e6ac21adddd2c82592f2dc9d2a110b2231a4cf2ddf84661908ef470f0956d1
reacher,R3_reacher_01fd87d09dbf3909048741d4,,REFIT_103202,R4_ALT_CEM_1,1.0,1.0,0.0,0.0,0.0,d4e6ac21adddd2c82592f2dc9d2a110b2231a4cf2ddf84661908ef470f0956d1
reacher,R3_reacher_0651ebd394a43de70c9b7ad0,,REFIT_103202,R4_ALT_CEM_1,1.0,1.0,0.0,0.0,0.0,d4e6ac21adddd2c82592f2dc9d2a110b2231a4cf2ddf84661908ef470f0956d1
reacher,R3_reacher_06b68490d49af9bd892bea71,,REFIT_103202,R4_ALT_CEM_1,1.0,1.0,0.0,0.0,0.0,d4e6ac21adddd2c82592f2dc9d2a110b2231a4cf2ddf84661908ef470f0956d1
reacher,R3_reacher_09247f3e88e7af275abc2d1d,,REFIT_103202,R4_ALT_CEM_1,1.0,1.0,0.0,0.0,0.0,d4e6ac21adddd2c82592f2dc9d2a110b2231a4cf2ddf84661908ef470f0956d1
reacher,R3_reacher_0e325219914460cb340033c1,,REFIT_103202,R4_ALT_CEM_1,1.0,1.0,0.0,0.0,0.0,d4e6ac21adddd2c82592f2dc9d2a110b2231a4cf2ddf84661908ef470f0956d1
reacher,R3_reacher_0ea549c2f80d7cbbbb1b6dd8,,REFIT_103202,R4_ALT_CEM_1,0.0,1.0,1.0,1.0,1.0,d4e6ac21adddd2c82592f2dc9d2a110b2231a4cf2ddf84661908ef470f0956d1
reacher,R3_reacher_10754410887eb77f72ae018e,,REFIT_103202,R4_ALT_CEM_1,0.0,1.0,1.0,1.0,1.0,d4e6ac21adddd2c82592f2dc9d2a110b2231a4cf2ddf84661908ef470f0956d1
reacher,R3_reacher_19b957e03f42b1b14d0654d7,,REFIT_103202,R4_ALT_CEM_1,1.0,1.0,0.0,0.0,0.0,d4e6ac21adddd2c82592f2dc9d2a110b2231a4cf2ddf84661908ef470f0956d1
reacher,R3_reacher_1aad022046d1e4f9da53b4a0,,REFIT_103202,R4_ALT_CEM_1,0.0,1.0,1.0,1.0,1.0,d4e6ac21adddd2c82592f2dc9d2a110b2231a4cf2ddf84661908ef470f0956d1
reacher,R3_reacher_1afd87ed042926d5ecc50b5c,,REFIT_103202,R4_ALT_CEM_1,1.0,1.0,0.0,0.0,0.0,d4e6ac21adddd2c82592f2dc9d2a110b2231a4cf2ddf84661908ef470f0956d1
reacher,R3_reacher_1fc0b1d9c6963542440189cf,,REFIT_103202,R4_ALT_CEM_1,1.0,1.0,0.0,0.0,0.0,d4e6ac21adddd2c82592f2dc9d2a110b2231a4cf2ddf84661908ef470f0956d1
reacher,R3_reacher_20e903c4dc4794a78a414ccb,,REFIT_103202,R4_ALT_CEM_1,1.0,1.0,0.0,1.0,1.0,d4e6ac21adddd2c82592f2dc9d2a110b2231a4cf2ddf84661908ef470f0956d1
reacher,R3_reacher_227dcc9361770465dc9ba143,,REFIT_103202,R4_ALT_CEM_1,0.0,1.0,1.0,1.0,1.0,d4e6ac21adddd2c82592f2dc9d2a110b2231a4cf2ddf84661908ef470f0956d1
reacher,R3_reacher_248c04f18e24c23c388665d6,,REFIT_103202,R4_ALT_CEM_1,1.0,1.0,0.0,1.0,1.0,d4e6ac21adddd2c82592f2dc9d2a110b2231a4cf2ddf84661908ef470f0956d1
reacher,R3_reacher_25281ce20ac4c1a4e13bfe64,,REFIT_103202,R4_ALT_CEM_1,1.0,1.0,0.0,0.0,0.0,d4e6ac21adddd2c82592f2dc9d2a110b2231a4cf2ddf84661908ef470f0956d1
reacher,R3_reacher_29461ecfe2e96e3052bf252e,,REFIT_103202,R4_ALT_CEM_1,0.0,1.0,1.0,1.0,1.0,d4e6ac21adddd2c82592f2dc9d2a110b2231a4cf2ddf84661908ef470f0956d1
reacher,R3_reacher_2ae169997e13b18afc7243d3,,REFIT_103202,R4_ALT_CEM_1,1.0,1.0,0.0,1.0,1.0,d4e6ac21adddd2c82592f2dc9d2a110b2231a4cf2ddf84661908ef470f0956d1
reacher,R3_reacher_2b1605c757025d16771855cd,,REFIT_103202,R4_ALT_CEM_1,0.0,1.0,1.0,1.0,1.0,d4e6ac21adddd2c82592f2dc9d2a110b2231a4cf2ddf84661908ef470f0956d1
reacher,R3_reacher_2da80c9f2c12b38dd5ae592f,,REFIT_103202,R4_ALT_CEM_1,0.0,1.0,1.0,1.0,1.0,d4e6ac21adddd2c82592f2dc9d2a110b2231a4cf2ddf84661908ef470f0956d1
reacher,R3_reacher_31bc43e232044dba582b1a91,,REFIT_103202,R4_ALT_CEM_1,1.0,1.0,0.0,0.0,0.0,d4e6ac21adddd2c82592f2dc9d2a110b2231a4cf2ddf84661908ef470f0956d1
reacher,R3_reacher_3225c7070888eacd2fe6ba3b,,REFIT_103202,R4_ALT_CEM_1,1.0,1.0,0.0,1.0,1.0,d4e6ac21adddd2c82592f2dc9d2a110b2231a4cf2ddf84661908ef470f0956d1
reacher,R3_reacher_339d1566307eb06b287cd9d6,,REFIT_103202,R4_ALT_CEM_1,1.0,1.0,0.0,1.0,1.0,d4e6ac21adddd2c82592f2dc9d2a110b2231a4cf2ddf84661908ef470f0956d1
reacher,R3_reacher_3687a037d77056bca1ad3a86,,REFIT_103202,R4_ALT_CEM_1,1.0,1.0,0.0,0.0,0.0,d4e6ac21adddd2c82592f2dc9d2a110b2231a4cf2ddf84661908ef470f0956d1
reacher,R3_reacher_391d2d69b9911b586e875be4,,REFIT_103202,R4_ALT_CEM_1,0.0,0.0,0.0,1.0,1.0,d4e6ac21adddd2c82592f2dc9d2a110b2231a4cf2ddf84661908ef470f0956d1
reacher,R3_reacher_3c2be98ff314c21b533f9194,,REFIT_103202,R4_ALT_CEM_1,1.0,1.0,0.0,1.0,1.0,d4e6ac21adddd2c82592f2dc9d2a110b2231a4cf2ddf84661908ef470f0956d1
reacher,R3_reacher_3dc92a427bfa8caeee91f551,,REFIT_103202,R4_ALT_CEM_1,1.0,1.0,0.0,0.0,0.0,d4e6ac21adddd2c82592f2dc9d2a110b2231a4cf2ddf84661908ef470f0956d1
reacher,R3_reacher_3ebb7b8846f0d4e4c5337f68,,REFIT_103202,R4_ALT_CEM_1,1.0,1.0,0.0,1.0,1.0,d4e6ac21adddd2c82592f2dc9d2a110b2231a4cf2ddf84661908ef470f0956d1
reacher,R3_reacher_43346886f663e17e6f232be2,,REFIT_103202,R4_ALT_CEM_1,0.0,1.0,1.0,1.0,1.0,d4e6ac21adddd2c82592f2dc9d2a110b2231a4cf2ddf84661908ef470f0956d1
reacher,R3_reacher_43bed550bc7c733bb23002e3,,REFIT_103202,R4_ALT_CEM_1,1.0,1.0,0.0,0.0,0.0,d4e6ac21adddd2c82592f2dc9d2a110b2231a4cf2ddf84661908ef470f0956d1
reacher,R3_reacher_48b38c457e06aea47721389a,,REFIT_103202,R4_ALT_CEM_1,1.0,1.0,0.0,0.0,0.0,d4e6ac21adddd2c82592f2dc9d2a110b2231a4cf2ddf84661908ef470f0956d1
reacher,R3_reacher_4a2a4a159bd6d8b01f632e71,,REFIT_103202,R4_ALT_CEM_1,1.0,1.0,0.0,0.0,0.0,d4e6ac21adddd2c82592f2dc9d2a110b2231a4cf2ddf84661908ef470f0956d1
reacher,R3_reacher_4b5f85125ceccca055fe76b4,,REFIT_103202,R4_ALT_CEM_1,0.0,1.0,1.0,1.0,1.0,d4e6ac21adddd2c82592f2dc9d2a110b2231a4cf2ddf84661908ef470f0956d1
reacher,R3_reacher_4d092e8fde355972772dfa7e,,REFIT_103202,R4_ALT_CEM_1,1.0,1.0,0.0,1.0,1.0,d4e6ac21adddd2c82592f2dc9d2a110b2231a4cf2ddf84661908ef470f0956d1
reacher,R3_reacher_4de0f0387d01ac1b49760c47,,REFIT_103202,R4_ALT_CEM_1,0.0,1.0,1.0,1.0,1.0,d4e6ac21adddd2c82592f2dc9d2a110b2231a4cf2ddf84661908ef470f0956d1
reacher,R3_reacher_4eb4413d6e63e87a59fec03a,,REFIT_103202,R4_ALT_CEM_1,1.0,1.0,0.0,1.0,1.0,d4e6ac21adddd2c82592f2dc9d2a110b2231a4cf2ddf84661908ef470f0956d1
reacher,R3_reacher_51856009f99570a92446d05a,,REFIT_103202,R4_ALT_CEM_1,0.0,1.0,1.0,1.0,1.0,d4e6ac21adddd2c82592f2dc9d2a110b2231a4cf2ddf84661908ef470f0956d1
reacher,R3_reacher_54f5b13feb6984f1980392cc,,REFIT_103202,R4_ALT_CEM_1,1.0,1.0,0.0,0.0,0.0,d4e6ac21adddd2c82592f2dc9d2a110b2231a4cf2ddf84661908ef470f0956d1
reacher,R3_reacher_5d50985e823f66ebd401c1ec,,REFIT_103202,R4_ALT_CEM_1,0.0,1.0,1.0,1.0,1.0,d4e6ac21adddd2c82592f2dc9d2a110b2231a4cf2ddf84661908ef470f0956d1
reacher,R3_reacher_5e2d5d2d9907df0393e50f40,,REFIT_103202,R4_ALT_CEM_1,1.0,1.0,0.0,0.0,0.0,d4e6ac21adddd2c82592f2dc9d2a110b2231a4cf2ddf84661908ef470f0956d1
reacher,R3_reacher_5ede573180f7658b8cb1fa2a,,REFIT_103202,R4_ALT_CEM_1,1.0,1.0,0.0,0.0,0.0,d4e6ac21adddd2c82592f2dc9d2a110b2231a4cf2ddf84661908ef470f0956d1
reacher,R3_reacher_6216de4a5b03eb23d114e16a,,REFIT_103202,R4_ALT_CEM_1,1.0,1.0,0.0,0.0,0.0,d4e6ac21adddd2c82592f2dc9d2a110b2231a4cf2ddf84661908ef470f0956d1
reacher,R3_reacher_665505d7ca68f56e86ab9898,,REFIT_103202,R4_ALT_CEM_1,1.0,1.0,0.0,1.0,1.0,d4e6ac21adddd2c82592f2dc9d2a110b2231a4cf2ddf84661908ef470f0956d1
reacher,R3_reacher_68ead16e22260984b6ce630e,,REFIT_103202,R4_ALT_CEM_1,0.0,1.0,1.0,1.0,1.0,d4e6ac21adddd2c82592f2dc9d2a110b2231a4cf2ddf84661908ef470f0956d1
reacher,R3_reacher_691b0678315722721b850bd9,,REFIT_103202,R4_ALT_CEM_1,0.0,1.0,1.0,1.0,1.0,d4e6ac21adddd2c82592f2dc9d2a110b2231a4cf2ddf84661908ef470f0956d1
reacher,R3_reacher_6cba7a43faf319ebfe282ca1,,REFIT_103202,R4_ALT_CEM_1,0.0,0.0,0.0,1.0,1.0,d4e6ac21adddd2c82592f2dc9d2a110b2231a4cf2ddf84661908ef470f0956d1
reacher,R3_reacher_6d50b6eae922ec8eaba3b2aa,,REFIT_103202,R4_ALT_CEM_1,1.0,1.0,0.0,0.0,0.0,d4e6ac21adddd2c82592f2dc9d2a110b2231a4cf2ddf84661908ef470f0956d1
reacher,R3_reacher_6ff2b0510c4734c334024b6f,,REFIT_103202,R4_ALT_CEM_1,1.0,1.0,0.0,0.0,0.0,d4e6ac21adddd2c82592f2dc9d2a110b2231a4cf2ddf84661908ef470f0956d1
reacher,R3_reacher_74df08ab195a14a2c8f2f0ac,,REFIT_103202,R4_ALT_CEM_1,1.0,1.0,0.0,1.0,1.0,d4e6ac21adddd2c82592f2dc9d2a110b2231a4cf2ddf84661908ef470f0956d1
reacher,R3_reacher_78e0945523fb491a3f33e969,,REFIT_103202,R4_ALT_CEM_1,0.0,1.0,1.0,1.0,1.0,d4e6ac21adddd2c82592f2dc9d2a110b2231a4cf2ddf84661908ef470f0956d1
reacher,R3_reacher_7aff8be5072b1a8af1a8d13d,,REFIT_103202,R4_ALT_CEM_1,1.0,1.0,0.0,0.0,0.0,d4e6ac21adddd2c82592f2dc9d2a110b2231a4cf2ddf84661908ef470f0956d1
reacher,R3_reacher_7dd7cb04423f92db263fa577,,REFIT_103202,R4_ALT_CEM_1,1.0,1.0,0.0,0.0,0.0,d4e6ac21adddd2c82592f2dc9d2a110b2231a4cf2ddf84661908ef470f0956d1
reacher,R3_reacher_8013310a3876dc798b82233e,,REFIT_103202,R4_ALT_CEM_1,1.0,1.0,0.0,0.0,0.0,d4e6ac21adddd2c82592f2dc9d2a110b2231a4cf2ddf84661908ef470f0956d1
reacher,R3_reacher_81676bd5f7a922d099e8c632,,REFIT_103202,R4_ALT_CEM_1,1.0,1.0,0.0,1.0,1.0,d4e6ac21adddd2c82592f2dc9d2a110b2231a4cf2ddf84661908ef470f0956d1
reacher,R3_reacher_88e6d02b4868302c88af83bd,,REFIT_103202,R4_ALT_CEM_1,1.0,0.0,-1.0,1.0,1.0,d4e6ac21adddd2c82592f2dc9d2a110b2231a4cf2ddf84661908ef470f0956d1
reacher,R3_reacher_8cb337114374dac2e790e2d0,,REFIT_103202,R4_ALT_CEM_1,1.0,1.0,0.0,1.0,1.0,d4e6ac21adddd2c82592f2dc9d2a110b2231a4cf2ddf84661908ef470f0956d1
reacher,R3_reacher_8f94a57dc057ae3fea063566,,REFIT_103202,R4_ALT_CEM_1,1.0,1.0,0.0,1.0,1.0,d4e6ac21adddd2c82592f2dc9d2a110b2231a4cf2ddf84661908ef470f0956d1
reacher,R3_reacher_90130661be9d8449b174dfda,,REFIT_103202,R4_ALT_CEM_1,1.0,1.0,0.0,1.0,1.0,d4e6ac21adddd2c82592f2dc9d2a110b2231a4cf2ddf84661908ef470f0956d1
reacher,R3_reacher_91d6a515142521d444cda8ca,,REFIT_103202,R4_ALT_CEM_1,1.0,1.0,0.0,1.0,1.0,d4e6ac21adddd2c82592f2dc9d2a110b2231a4cf2ddf84661908ef470f0956d1
reacher,R3_reacher_9ce16e33ff15bde409d40098,,REFIT_103202,R4_ALT_CEM_1,1.0,1.0,0.0,0.0,0.0,d4e6ac21adddd2c82592f2dc9d2a110b2231a4cf2ddf84661908ef470f0956d1
reacher,R3_reacher_a1c24b0d5bdd53fdeb203e5f,,REFIT_103202,R4_ALT_CEM_1,1.0,1.0,0.0,0.0,0.0,d4e6ac21adddd2c82592f2dc9d2a110b2231a4cf2ddf84661908ef470f0956d1
reacher,R3_reacher_a4fc5af8bb0b58322c55693f,,REFIT_103202,R4_ALT_CEM_1,1.0,1.0,0.0,0.0,0.0,d4e6ac21adddd2c82592f2dc9d2a110b2231a4cf2ddf84661908ef470f0956d1
reacher,R3_reacher_a80b135a2ca6b9fe49081cb7,,REFIT_103202,R4_ALT_CEM_1,1.0,1.0,0.0,0.0,0.0,d4e6ac21adddd2c82592f2dc9d2a110b2231a4cf2ddf84661908ef470f0956d1
reacher,R3_reacher_aa19e4ff8c803eccffc04674,,REFIT_103202,R4_ALT_CEM_1,1.0,1.0,0.0,0.0,0.0,d4e6ac21adddd2c82592f2dc9d2a110b2231a4cf2ddf84661908ef470f0956d1
reacher,R3_reacher_ae4e56803bfc6050ad2c5407,,REFIT_103202,R4_ALT_CEM_1,1.0,1.0,0.0,1.0,1.0,d4e6ac21adddd2c82592f2dc9d2a110b2231a4cf2ddf84661908ef470f0956d1
reacher,R3_reacher_af2aa3d1d6cbf53a4f647860,,REFIT_103202,R4_ALT_CEM_1,0.0,0.0,0.0,1.0,1.0,d4e6ac21adddd2c82592f2dc9d2a110b2231a4cf2ddf84661908ef470f0956d1
reacher,R3_reacher_b1919e19a6a875f129014e81,,REFIT_103202,R4_ALT_CEM_1,1.0,1.0,0.0,0.0,0.0,d4e6ac21adddd2c82592f2dc9d2a110b2231a4cf2ddf84661908ef470f0956d1
reacher,R3_reacher_b2b5f6290d54abd4e830fc73,,REFIT_103202,R4_ALT_CEM_1,1.0,1.0,0.0,0.0,0.0,d4e6ac21adddd2c82592f2dc9d2a110b2231a4cf2ddf84661908ef470f0956d1
reacher,R3_reacher_b360acd1c6d9c7eb19ad0748,,REFIT_103202,R4_ALT_CEM_1,1.0,1.0,0.0,0.0,0.0,d4e6ac21adddd2c82592f2dc9d2a110b2231a4cf2ddf84661908ef470f0956d1
reacher,R3_reacher_b435d231878e66fe816e4b27,,REFIT_103202,R4_ALT_CEM_1,1.0,1.0,0.0,1.0,1.0,d4e6ac21adddd2c82592f2dc9d2a110b2231a4cf2ddf84661908ef470f0956d1
reacher,R3_reacher_b7683878966ffb88777d03f2,,REFIT_103202,R4_ALT_CEM_1,1.0,1.0,0.0,1.0,1.0,d4e6ac21adddd2c82592f2dc9d2a110b2231a4cf2ddf84661908ef470f0956d1
reacher,R3_reacher_c0da6ebc002f6e6d8652c23a,,REFIT_103202,R4_ALT_CEM_1,1.0,1.0,0.0,0.0,0.0,d4e6ac21adddd2c82592f2dc9d2a110b2231a4cf2ddf84661908ef470f0956d1
reacher,R3_reacher_c47240a947a9f7917eaf944b,,REFIT_103202,R4_ALT_CEM_1,1.0,1.0,0.0,1.0,1.0,d4e6ac21adddd2c82592f2dc9d2a110b2231a4cf2ddf84661908ef470f0956d1
reacher,R3_reacher_c799ddaf20ab5016c0fcc94d,,REFIT_103202,R4_ALT_CEM_1,1.0,1.0,0.0,0.0,0.0,d4e6ac21adddd2c82592f2dc9d2a110b2231a4cf2ddf84661908ef470f0956d1
reacher,R3_reacher_cbda62f6c8224e2f9423fd2d,,REFIT_103202,R4_ALT_CEM_1,1.0,1.0,0.0,1.0,1.0,d4e6ac21adddd2c82592f2dc9d2a110b2231a4cf2ddf84661908ef470f0956d1
reacher,R3_reacher_cda870d3e512d2eb34471d9e,,REFIT_103202,R4_ALT_CEM_1,1.0,1.0,0.0,0.0,0.0,d4e6ac21adddd2c82592f2dc9d2a110b2231a4cf2ddf84661908ef470f0956d1
reacher,R3_reacher_cdd7a48d2d150bc082f55fa8,,REFIT_103202,R4_ALT_CEM_1,0.0,1.0,1.0,1.0,1.0,d4e6ac21adddd2c82592f2dc9d2a110b2231a4cf2ddf84661908ef470f0956d1
reacher,R3_reacher_cf3ea0332fec67aba0c09d69,,REFIT_103202,R4_ALT_CEM_1,1.0,1.0,0.0,1.0,1.0,d4e6ac21adddd2c82592f2dc9d2a110b2231a4cf2ddf84661908ef470f0956d1
reacher,R3_reacher_d114702b19acfaf5dda45c4f,,REFIT_103202,R4_ALT_CEM_1,0.0,1.0,1.0,1.0,1.0,d4e6ac21adddd2c82592f2dc9d2a110b2231a4cf2ddf84661908ef470f0956d1
reacher,R3_reacher_d6184e6ee10fee6564198319,,REFIT_103202,R4_ALT_CEM_1,1.0,1.0,0.0,1.0,1.0,d4e6ac21adddd2c82592f2dc9d2a110b2231a4cf2ddf84661908ef470f0956d1
reacher,R3_reacher_d75164310bc00a38ef41a7a2,,REFIT_103202,R4_ALT_CEM_1,1.0,1.0,0.0,0.0,0.0,d4e6ac21adddd2c82592f2dc9d2a110b2231a4cf2ddf84661908ef470f0956d1
reacher,R3_reacher_db1aac2a2839b94c8cf3e963,,REFIT_103202,R4_ALT_CEM_1,1.0,1.0,0.0,1.0,1.0,d4e6ac21adddd2c82592f2dc9d2a110b2231a4cf2ddf84661908ef470f0956d1
reacher,R3_reacher_df4b440848b9f031543dd698,,REFIT_103202,R4_ALT_CEM_1,1.0,1.0,0.0,1.0,1.0,d4e6ac21adddd2c82592f2dc9d2a110b2231a4cf2ddf84661908ef470f0956d1
reacher,R3_reacher_df6b904f9325342cb9269256,,REFIT_103202,R4_ALT_CEM_1,1.0,1.0,0.0,0.0,0.0,d4e6ac21adddd2c82592f2dc9d2a110b2231a4cf2ddf84661908ef470f0956d1
reacher,R3_reacher_e16605f9ca3eaefb85d7cd2a,,REFIT_103202,R4_ALT_CEM_1,1.0,1.0,0.0,0.0,0.0,d4e6ac21adddd2c82592f2dc9d2a110b2231a4cf2ddf84661908ef470f0956d1
reacher,R3_reacher_e25a61bb715dbf3fd96b9f4b,,REFIT_103202,R4_ALT_CEM_1,1.0,1.0,0.0,0.0,0.0,d4e6ac21adddd2c82592f2dc9d2a110b2231a4cf2ddf84661908ef470f0956d1
reacher,R3_reacher_e547cc356ff64f28a01b3a4d,,REFIT_103202,R4_ALT_CEM_1,1.0,1.0,0.0,0.0,0.0,d4e6ac21adddd2c82592f2dc9d2a110b2231a4cf2ddf84661908ef470f0956d1
reacher,R3_reacher_e690a367ff4f94b45cee2d33,,REFIT_103202,R4_ALT_CEM_1,0.0,1.0,1.0,1.0,1.0,d4e6ac21adddd2c82592f2dc9d2a110b2231a4cf2ddf84661908ef470f0956d1
reacher,R3_reacher_e899be36b2378f247385a80c,,REFIT_103202,R4_ALT_CEM_1,0.0,1.0,1.0,1.0,1.0,d4e6ac21adddd2c82592f2dc9d2a110b2231a4cf2ddf84661908ef470f0956d1
reacher,R3_reacher_e96c064ebe544a7de14e595f,,REFIT_103202,R4_ALT_CEM_1,1.0,1.0,0.0,0.0,0.0,d4e6ac21adddd2c82592f2dc9d2a110b2231a4cf2ddf84661908ef470f0956d1
reacher,R3_reacher_e97cbf284bc2f1863e321521,,REFIT_103202,R4_ALT_CEM_1,1.0,1.0,0.0,1.0,1.0,d4e6ac21adddd2c82592f2dc9d2a110b2231a4cf2ddf84661908ef470f0956d1
reacher,R3_reacher_e9df183d83d2c6d6143de3be,,REFIT_103202,R4_ALT_CEM_1,1.0,1.0,0.0,0.0,0.0,d4e6ac21adddd2c82592f2dc9d2a110b2231a4cf2ddf84661908ef470f0956d1
reacher,R3_reacher_eb5da8b3b8a360d72bdc4b81,,REFIT_103202,R4_ALT_CEM_1,1.0,1.0,0.0,0.0,0.0,d4e6ac21adddd2c82592f2dc9d2a110b2231a4cf2ddf84661908ef470f0956d1
reacher,R3_reacher_ed2a6ac159bdefdd8698e966,,REFIT_103202,R4_ALT_CEM_1,1.0,1.0,0.0,0.0,0.0,d4e6ac21adddd2c82592f2dc9d2a110b2231a4cf2ddf84661908ef470f0956d1
reacher,R3_reacher_ee3aa3dea1bccfc0c0400c77,,REFIT_103202,R4_ALT_CEM_1,0.0,1.0,1.0,1.0,1.0,d4e6ac21adddd2c82592f2dc9d2a110b2231a4cf2ddf84661908ef470f0956d1
reacher,R3_reacher_f295eb60a191606d1f094189,,REFIT_103202,R4_ALT_CEM_1,1.0,1.0,0.0,0.0,0.0,d4e6ac21adddd2c82592f2dc9d2a110b2231a4cf2ddf84661908ef470f0956d1
reacher,R3_reacher_f7bea0928cdded574e397c2d,,REFIT_103202,R4_ALT_CEM_1,1.0,1.0,0.0,0.0,0.0,d4e6ac21adddd2c82592f2dc9d2a110b2231a4cf2ddf84661908ef470f0956d1
reacher,R3_reacher_fa467774affd316a6db90f90,,REFIT_103202,R4_ALT_CEM_1,1.0,1.0,0.0,0.0,0.0,d4e6ac21adddd2c82592f2dc9d2a110b2231a4cf2ddf84661908ef470f0956d1
reacher,R3_reacher_fc2a1ecf6edea23cba59b6be,,REFIT_103202,R4_ALT_CEM_1,1.0,1.0,0.0,1.0,1.0,d4e6ac21adddd2c82592f2dc9d2a110b2231a4cf2ddf84661908ef470f0956d1
reacher,R3_reacher_fca2ae6f03dd54aa3833661f,,REFIT_103202,R4_ALT_CEM_1,1.0,1.0,0.0,0.0,0.0,d4e6ac21adddd2c82592f2dc9d2a110b2231a4cf2ddf84661908ef470f0956d1
reacher,R3_reacher_fe1001e9c3b6b50616b6fe2d,,REFIT_103202,R4_ALT_CEM_1,0.0,1.0,1.0,1.0,1.0,d4e6ac21adddd2c82592f2dc9d2a110b2231a4cf2ddf84661908ef470f0956d1
reacher,R3_reacher_01fd87d09dbf3909048741d4,,REFIT_103202,R4_ALT_CEM_2,1.0,1.0,0.0,1.0,1.0,d4e6ac21adddd2c82592f2dc9d2a110b2231a4cf2ddf84661908ef470f0956d1
reacher,R3_reacher_0651ebd394a43de70c9b7ad0,,REFIT_103202,R4_ALT_CEM_2,1.0,1.0,0.0,1.0,1.0,d4e6ac21adddd2c82592f2dc9d2a110b2231a4cf2ddf84661908ef470f0956d1
reacher,R3_reacher_06b68490d49af9bd892bea71,,REFIT_103202,R4_ALT_CEM_2,1.0,1.0,0.0,0.0,0.0,d4e6ac21adddd2c82592f2dc9d2a110b2231a4cf2ddf84661908ef470f0956d1
reacher,R3_reacher_09247f3e88e7af275abc2d1d,,REFIT_103202,R4_ALT_CEM_2,0.0,1.0,1.0,1.0,1.0,d4e6ac21adddd2c82592f2dc9d2a110b2231a4cf2ddf84661908ef470f0956d1
reacher,R3_reacher_0e325219914460cb340033c1,,REFIT_103202,R4_ALT_CEM_2,1.0,1.0,0.0,1.0,1.0,d4e6ac21adddd2c82592f2dc9d2a110b2231a4cf2ddf84661908ef470f0956d1
reacher,R3_reacher_0ea549c2f80d7cbbbb1b6dd8,,REFIT_103202,R4_ALT_CEM_2,1.0,1.0,0.0,0.0,0.0,d4e6ac21adddd2c82592f2dc9d2a110b2231a4cf2ddf84661908ef470f0956d1
reacher,R3_reacher_10754410887eb77f72ae018e,,REFIT_103202,R4_ALT_CEM_2,1.0,1.0,0.0,0.0,0.0,d4e6ac21adddd2c82592f2dc9d2a110b2231a4cf2ddf84661908ef470f0956d1
reacher,R3_reacher_19b957e03f42b1b14d0654d7,,REFIT_103202,R4_ALT_CEM_2,1.0,1.0,0.0,0.0,0.0,d4e6ac21adddd2c82592f2dc9d2a110b2231a4cf2ddf84661908ef470f0956d1
reacher,R3_reacher_1aad022046d1e4f9da53b4a0,,REFIT_103202,R4_ALT_CEM_2,1.0,1.0,0.0,1.0,1.0,d4e6ac21adddd2c82592f2dc9d2a110b2231a4cf2ddf84661908ef470f0956d1
reacher,R3_reacher_1afd87ed042926d5ecc50b5c,,REFIT_103202,R4_ALT_CEM_2,1.0,1.0,0.0,0.0,0.0,d4e6ac21adddd2c82592f2dc9d2a110b2231a4cf2ddf84661908ef470f0956d1
reacher,R3_reacher_1fc0b1d9c6963542440189cf,,REFIT_103202,R4_ALT_CEM_2,1.0,1.0,0.0,1.0,1.0,d4e6ac21adddd2c82592f2dc9d2a110b2231a4cf2ddf84661908ef470f0956d1
reacher,R3_reacher_20e903c4dc4794a78a414ccb,,REFIT_103202,R4_ALT_CEM_2,1.0,1.0,0.0,1.0,1.0,d4e6ac21adddd2c82592f2dc9d2a110b2231a4cf2ddf84661908ef470f0956d1
reacher,R3_reacher_227dcc9361770465dc9ba143,,REFIT_103202,R4_ALT_CEM_2,1.0,1.0,0.0,0.0,0.0,d4e6ac21adddd2c82592f2dc9d2a110b2231a4cf2ddf84661908ef470f0956d1
reacher,R3_reacher_248c04f18e24c23c388665d6,,REFIT_103202,R4_ALT_CEM_2,1.0,1.0,0.0,0.0,0.0,d4e6ac21adddd2c82592f2dc9d2a110b2231a4cf2ddf84661908ef470f0956d1
reacher,R3_reacher_25281ce20ac4c1a4e13bfe64,,REFIT_103202,R4_ALT_CEM_2,1.0,1.0,0.0,1.0,1.0,d4e6ac21adddd2c82592f2dc9d2a110b2231a4cf2ddf84661908ef470f0956d1
reacher,R3_reacher_29461ecfe2e96e3052bf252e,,REFIT_103202,R4_ALT_CEM_2,1.0,1.0,0.0,1.0,1.0,d4e6ac21adddd2c82592f2dc9d2a110b2231a4cf2ddf84661908ef470f0956d1
reacher,R3_reacher_2ae169997e13b18afc7243d3,,REFIT_103202,R4_ALT_CEM_2,1.0,1.0,0.0,1.0,1.0,d4e6ac21adddd2c82592f2dc9d2a110b2231a4cf2ddf84661908ef470f0956d1
reacher,R3_reacher_2b1605c757025d16771855cd,,REFIT_103202,R4_ALT_CEM_2,1.0,1.0,0.0,1.0,1.0,d4e6ac21adddd2c82592f2dc9d2a110b2231a4cf2ddf84661908ef470f0956d1
reacher,R3_reacher_2da80c9f2c12b38dd5ae592f,,REFIT_103202,R4_ALT_CEM_2,0.0,1.0,1.0,1.0,1.0,d4e6ac21adddd2c82592f2dc9d2a110b2231a4cf2ddf84661908ef470f0956d1
reacher,R3_reacher_31bc43e232044dba582b1a91,,REFIT_103202,R4_ALT_CEM_2,1.0,1.0,0.0,0.0,0.0,d4e6ac21adddd2c82592f2dc9d2a110b2231a4cf2ddf84661908ef470f0956d1
reacher,R3_reacher_3225c7070888eacd2fe6ba3b,,REFIT_103202,R4_ALT_CEM_2,0.0,1.0,1.0,1.0,1.0,d4e6ac21adddd2c82592f2dc9d2a110b2231a4cf2ddf84661908ef470f0956d1
reacher,R3_reacher_339d1566307eb06b287cd9d6,,REFIT_103202,R4_ALT_CEM_2,1.0,1.0,0.0,1.0,1.0,d4e6ac21adddd2c82592f2dc9d2a110b2231a4cf2ddf84661908ef470f0956d1
reacher,R3_reacher_3687a037d77056bca1ad3a86,,REFIT_103202,R4_ALT_CEM_2,1.0,1.0,0.0,1.0,1.0,d4e6ac21adddd2c82592f2dc9d2a110b2231a4cf2ddf84661908ef470f0956d1
reacher,R3_reacher_391d2d69b9911b586e875be4,,REFIT_103202,R4_ALT_CEM_2,0.0,1.0,1.0,1.0,1.0,d4e6ac21adddd2c82592f2dc9d2a110b2231a4cf2ddf84661908ef470f0956d1
reacher,R3_reacher_3c2be98ff314c21b533f9194,,REFIT_103202,R4_ALT_CEM_2,1.0,1.0,0.0,0.0,0.0,d4e6ac21adddd2c82592f2dc9d2a110b2231a4cf2ddf84661908ef470f0956d1
reacher,R3_reacher_3dc92a427bfa8caeee91f551,,REFIT_103202,R4_ALT_CEM_2,1.0,1.0,0.0,0.0,0.0,d4e6ac21adddd2c82592f2dc9d2a110b2231a4cf2ddf84661908ef470f0956d1
reacher,R3_reacher_3ebb7b8846f0d4e4c5337f68,,REFIT_103202,R4_ALT_CEM_2,1.0,1.0,0.0,1.0,1.0,d4e6ac21adddd2c82592f2dc9d2a110b2231a4cf2ddf84661908ef470f0956d1
reacher,R3_reacher_43346886f663e17e6f232be2,,REFIT_103202,R4_ALT_CEM_2,1.0,1.0,0.0,1.0,1.0,d4e6ac21adddd2c82592f2dc9d2a110b2231a4cf2ddf84661908ef470f0956d1
reacher,R3_reacher_43bed550bc7c733bb23002e3,,REFIT_103202,R4_ALT_CEM_2,1.0,1.0,0.0,1.0,1.0,d4e6ac21adddd2c82592f2dc9d2a110b2231a4cf2ddf84661908ef470f0956d1
reacher,R3_reacher_48b38c457e06aea47721389a,,REFIT_103202,R4_ALT_CEM_2,1.0,1.0,0.0,0.0,0.0,d4e6ac21adddd2c82592f2dc9d2a110b2231a4cf2ddf84661908ef470f0956d1
reacher,R3_reacher_4a2a4a159bd6d8b01f632e71,,REFIT_103202,R4_ALT_CEM_2,1.0,1.0,0.0,1.0,1.0,d4e6ac21adddd2c82592f2dc9d2a110b2231a4cf2ddf84661908ef470f0956d1
reacher,R3_reacher_4b5f85125ceccca055fe76b4,,REFIT_103202,R4_ALT_CEM_2,1.0,1.0,0.0,0.0,0.0,d4e6ac21adddd2c82592f2dc9d2a110b2231a4cf2ddf84661908ef470f0956d1
reacher,R3_reacher_4d092e8fde355972772dfa7e,,REFIT_103202,R4_ALT_CEM_2,1.0,1.0,0.0,1.0,1.0,d4e6ac21adddd2c82592f2dc9d2a110b2231a4cf2ddf84661908ef470f0956d1
reacher,R3_reacher_4de0f0387d01ac1b49760c47,,REFIT_103202,R4_ALT_CEM_2,1.0,1.0,0.0,1.0,1.0,d4e6ac21adddd2c82592f2dc9d2a110b2231a4cf2ddf84661908ef470f0956d1
reacher,R3_reacher_4eb4413d6e63e87a59fec03a,,REFIT_103202,R4_ALT_CEM_2,1.0,1.0,0.0,1.0,1.0,d4e6ac21adddd2c82592f2dc9d2a110b2231a4cf2ddf84661908ef470f0956d1
reacher,R3_reacher_51856009f99570a92446d05a,,REFIT_103202,R4_ALT_CEM_2,1.0,1.0,0.0,0.0,0.0,d4e6ac21adddd2c82592f2dc9d2a110b2231a4cf2ddf84661908ef470f0956d1
reacher,R3_reacher_54f5b13feb6984f1980392cc,,REFIT_103202,R4_ALT_CEM_2,1.0,1.0,0.0,0.0,0.0,d4e6ac21adddd2c82592f2dc9d2a110b2231a4cf2ddf84661908ef470f0956d1
reacher,R3_reacher_5d50985e823f66ebd401c1ec,,REFIT_103202,R4_ALT_CEM_2,0.0,1.0,1.0,1.0,1.0,d4e6ac21adddd2c82592f2dc9d2a110b2231a4cf2ddf84661908ef470f0956d1
reacher,R3_reacher_5e2d5d2d9907df0393e50f40,,REFIT_103202,R4_ALT_CEM_2,1.0,1.0,0.0,0.0,0.0,d4e6ac21adddd2c82592f2dc9d2a110b2231a4cf2ddf84661908ef470f0956d1
reacher,R3_reacher_5ede573180f7658b8cb1fa2a,,REFIT_103202,R4_ALT_CEM_2,1.0,1.0,0.0,0.0,0.0,d4e6ac21adddd2c82592f2dc9d2a110b2231a4cf2ddf84661908ef470f0956d1
reacher,R3_reacher_6216de4a5b03eb23d114e16a,,REFIT_103202,R4_ALT_CEM_2,1.0,1.0,0.0,0.0,0.0,d4e6ac21adddd2c82592f2dc9d2a110b2231a4cf2ddf84661908ef470f0956d1
reacher,R3_reacher_665505d7ca68f56e86ab9898,,REFIT_103202,R4_ALT_CEM_2,1.0,1.0,0.0,1.0,1.0,d4e6ac21adddd2c82592f2dc9d2a110b2231a4cf2ddf84661908ef470f0956d1
reacher,R3_reacher_68ead16e22260984b6ce630e,,REFIT_103202,R4_ALT_CEM_2,1.0,1.0,0.0,1.0,1.0,d4e6ac21adddd2c82592f2dc9d2a110b2231a4cf2ddf84661908ef470f0956d1
reacher,R3_reacher_691b0678315722721b850bd9,,REFIT_103202,R4_ALT_CEM_2,0.0,0.0,0.0,1.0,1.0,d4e6ac21adddd2c82592f2dc9d2a110b2231a4cf2ddf84661908ef470f0956d1
reacher,R3_reacher_6cba7a43faf319ebfe282ca1,,REFIT_103202,R4_ALT_CEM_2,1.0,1.0,0.0,0.0,0.0,d4e6ac21adddd2c82592f2dc9d2a110b2231a4cf2ddf84661908ef470f0956d1
reacher,R3_reacher_6d50b6eae922ec8eaba3b2aa,,REFIT_103202,R4_ALT_CEM_2,1.0,1.0,0.0,0.0,0.0,d4e6ac21adddd2c82592f2dc9d2a110b2231a4cf2ddf84661908ef470f0956d1
reacher,R3_reacher_6ff2b0510c4734c334024b6f,,REFIT_103202,R4_ALT_CEM_2,1.0,1.0,0.0,0.0,0.0,d4e6ac21adddd2c82592f2dc9d2a110b2231a4cf2ddf84661908ef470f0956d1
reacher,R3_reacher_74df08ab195a14a2c8f2f0ac,,REFIT_103202,R4_ALT_CEM_2,1.0,1.0,0.0,0.0,0.0,d4e6ac21adddd2c82592f2dc9d2a110b2231a4cf2ddf84661908ef470f0956d1
reacher,R3_reacher_78e0945523fb491a3f33e969,,REFIT_103202,R4_ALT_CEM_2,1.0,1.0,0.0,0.0,0.0,d4e6ac21adddd2c82592f2dc9d2a110b2231a4cf2ddf84661908ef470f0956d1
reacher,R3_reacher_7aff8be5072b1a8af1a8d13d,,REFIT_103202,R4_ALT_CEM_2,1.0,1.0,0.0,1.0,1.0,d4e6ac21adddd2c82592f2dc9d2a110b2231a4cf2ddf84661908ef470f0956d1
reacher,R3_reacher_7dd7cb04423f92db263fa577,,REFIT_103202,R4_ALT_CEM_2,0.0,1.0,1.0,1.0,1.0,d4e6ac21adddd2c82592f2dc9d2a110b2231a4cf2ddf84661908ef470f0956d1
reacher,R3_reacher_8013310a3876dc798b82233e,,REFIT_103202,R4_ALT_CEM_2,1.0,1.0,0.0,0.0,0.0,d4e6ac21adddd2c82592f2dc9d2a110b2231a4cf2ddf84661908ef470f0956d1
reacher,R3_reacher_81676bd5f7a922d099e8c632,,REFIT_103202,R4_ALT_CEM_2,0.0,1.0,1.0,1.0,1.0,d4e6ac21adddd2c82592f2dc9d2a110b2231a4cf2ddf84661908ef470f0956d1
reacher,R3_reacher_88e6d02b4868302c88af83bd,,REFIT_103202,R4_ALT_CEM_2,1.0,1.0,0.0,1.0,1.0,d4e6ac21adddd2c82592f2dc9d2a110b2231a4cf2ddf84661908ef470f0956d1
reacher,R3_reacher_8cb337114374dac2e790e2d0,,REFIT_103202,R4_ALT_CEM_2,1.0,1.0,0.0,0.0,0.0,d4e6ac21adddd2c82592f2dc9d2a110b2231a4cf2ddf84661908ef470f0956d1
reacher,R3_reacher_8f94a57dc057ae3fea063566,,REFIT_103202,R4_ALT_CEM_2,1.0,1.0,0.0,0.0,0.0,d4e6ac21adddd2c82592f2dc9d2a110b2231a4cf2ddf84661908ef470f0956d1
reacher,R3_reacher_90130661be9d8449b174dfda,,REFIT_103202,R4_ALT_CEM_2,0.0,1.0,1.0,1.0,1.0,d4e6ac21adddd2c82592f2dc9d2a110b2231a4cf2ddf84661908ef470f0956d1
reacher,R3_reacher_91d6a515142521d444cda8ca,,REFIT_103202,R4_ALT_CEM_2,1.0,1.0,0.0,0.0,0.0,d4e6ac21adddd2c82592f2dc9d2a110b2231a4cf2ddf84661908ef470f0956d1
reacher,R3_reacher_9ce16e33ff15bde409d40098,,REFIT_103202,R4_ALT_CEM_2,1.0,1.0,0.0,0.0,0.0,d4e6ac21adddd2c82592f2dc9d2a110b2231a4cf2ddf84661908ef470f0956d1
reacher,R3_reacher_a1c24b0d5bdd53fdeb203e5f,,REFIT_103202,R4_ALT_CEM_2,0.0,1.0,1.0,1.0,1.0,d4e6ac21adddd2c82592f2dc9d2a110b2231a4cf2ddf84661908ef470f0956d1
reacher,R3_reacher_a4fc5af8bb0b58322c55693f,,REFIT_103202,R4_ALT_CEM_2,1.0,1.0,0.0,1.0,1.0,d4e6ac21adddd2c82592f2dc9d2a110b2231a4cf2ddf84661908ef470f0956d1
reacher,R3_reacher_a80b135a2ca6b9fe49081cb7,,REFIT_103202,R4_ALT_CEM_2,0.0,1.0,1.0,1.0,1.0,d4e6ac21adddd2c82592f2dc9d2a110b2231a4cf2ddf84661908ef470f0956d1
reacher,R3_reacher_aa19e4ff8c803eccffc04674,,REFIT_103202,R4_ALT_CEM_2,1.0,1.0,0.0,0.0,0.0,d4e6ac21adddd2c82592f2dc9d2a110b2231a4cf2ddf84661908ef470f0956d1
reacher,R3_reacher_ae4e56803bfc6050ad2c5407,,REFIT_103202,R4_ALT_CEM_2,0.0,1.0,1.0,1.0,1.0,d4e6ac21adddd2c82592f2dc9d2a110b2231a4cf2ddf84661908ef470f0956d1
reacher,R3_reacher_af2aa3d1d6cbf53a4f647860,,REFIT_103202,R4_ALT_CEM_2,1.0,1.0,0.0,1.0,1.0,d4e6ac21adddd2c82592f2dc9d2a110b2231a4cf2ddf84661908ef470f0956d1
reacher,R3_reacher_b1919e19a6a875f129014e81,,REFIT_103202,R4_ALT_CEM_2,1.0,0.0,-1.0,1.0,1.0,d4e6ac21adddd2c82592f2dc9d2a110b2231a4cf2ddf84661908ef470f0956d1
reacher,R3_reacher_b2b5f6290d54abd4e830fc73,,REFIT_103202,R4_ALT_CEM_2,1.0,1.0,0.0,0.0,0.0,d4e6ac21adddd2c82592f2dc9d2a110b2231a4cf2ddf84661908ef470f0956d1
reacher,R3_reacher_b360acd1c6d9c7eb19ad0748,,REFIT_103202,R4_ALT_CEM_2,1.0,1.0,0.0,0.0,0.0,d4e6ac21adddd2c82592f2dc9d2a110b2231a4cf2ddf84661908ef470f0956d1
reacher,R3_reacher_b435d231878e66fe816e4b27,,REFIT_103202,R4_ALT_CEM_2,0.0,1.0,1.0,1.0,1.0,d4e6ac21adddd2c82592f2dc9d2a110b2231a4cf2ddf84661908ef470f0956d1
reacher,R3_reacher_b7683878966ffb88777d03f2,,REFIT_103202,R4_ALT_CEM_2,1.0,1.0,0.0,0.0,0.0,d4e6ac21adddd2c82592f2dc9d2a110b2231a4cf2ddf84661908ef470f0956d1
reacher,R3_reacher_c0da6ebc002f6e6d8652c23a,,REFIT_103202,R4_ALT_CEM_2,1.0,1.0,0.0,1.0,1.0,d4e6ac21adddd2c82592f2dc9d2a110b2231a4cf2ddf84661908ef470f0956d1
reacher,R3_reacher_c47240a947a9f7917eaf944b,,REFIT_103202,R4_ALT_CEM_2,0.0,1.0,1.0,1.0,1.0,d4e6ac21adddd2c82592f2dc9d2a110b2231a4cf2ddf84661908ef470f0956d1
reacher,R3_reacher_c799ddaf20ab5016c0fcc94d,,REFIT_103202,R4_ALT_CEM_2,1.0,1.0,0.0,0.0,0.0,d4e6ac21adddd2c82592f2dc9d2a110b2231a4cf2ddf84661908ef470f0956d1
reacher,R3_reacher_cbda62f6c8224e2f9423fd2d,,REFIT_103202,R4_ALT_CEM_2,1.0,1.0,0.0,1.0,1.0,d4e6ac21adddd2c82592f2dc9d2a110b2231a4cf2ddf84661908ef470f0956d1
reacher,R3_reacher_cda870d3e512d2eb34471d9e,,REFIT_103202,R4_ALT_CEM_2,1.0,1.0,0.0,0.0,0.0,d4e6ac21adddd2c82592f2dc9d2a110b2231a4cf2ddf84661908ef470f0956d1
reacher,R3_reacher_cdd7a48d2d150bc082f55fa8,,REFIT_103202,R4_ALT_CEM_2,0.0,1.0,1.0,1.0,1.0,d4e6ac21adddd2c82592f2dc9d2a110b2231a4cf2ddf84661908ef470f0956d1
reacher,R3_reacher_cf3ea0332fec67aba0c09d69,,REFIT_103202,R4_ALT_CEM_2,1.0,1.0,0.0,1.0,1.0,d4e6ac21adddd2c82592f2dc9d2a110b2231a4cf2ddf84661908ef470f0956d1
reacher,R3_reacher_d114702b19acfaf5dda45c4f,,REFIT_103202,R4_ALT_CEM_2,1.0,1.0,0.0,0.0,0.0,d4e6ac21adddd2c82592f2dc9d2a110b2231a4cf2ddf84661908ef470f0956d1
reacher,R3_reacher_d6184e6ee10fee6564198319,,REFIT_103202,R4_ALT_CEM_2,1.0,1.0,0.0,1.0,1.0,d4e6ac21adddd2c82592f2dc9d2a110b2231a4cf2ddf84661908ef470f0956d1
reacher,R3_reacher_d75164310bc00a38ef41a7a2,,REFIT_103202,R4_ALT_CEM_2,1.0,1.0,0.0,0.0,0.0,d4e6ac21adddd2c82592f2dc9d2a110b2231a4cf2ddf84661908ef470f0956d1
reacher,R3_reacher_db1aac2a2839b94c8cf3e963,,REFIT_103202,R4_ALT_CEM_2,1.0,1.0,0.0,1.0,1.0,d4e6ac21adddd2c82592f2dc9d2a110b2231a4cf2ddf84661908ef470f0956d1
reacher,R3_reacher_df4b440848b9f031543dd698,,REFIT_103202,R4_ALT_CEM_2,1.0,1.0,0.0,1.0,1.0,d4e6ac21adddd2c82592f2dc9d2a110b2231a4cf2ddf84661908ef470f0956d1
reacher,R3_reacher_df6b904f9325342cb9269256,,REFIT_103202,R4_ALT_CEM_2,0.0,1.0,1.0,1.0,1.0,d4e6ac21adddd2c82592f2dc9d2a110b2231a4cf2ddf84661908ef470f0956d1
reacher,R3_reacher_e16605f9ca3eaefb85d7cd2a,,REFIT_103202,R4_ALT_CEM_2,1.0,1.0,0.0,0.0,0.0,d4e6ac21adddd2c82592f2dc9d2a110b2231a4cf2ddf84661908ef470f0956d1
reacher,R3_reacher_e25a61bb715dbf3fd96b9f4b,,REFIT_103202,R4_ALT_CEM_2,1.0,1.0,0.0,0.0,0.0,d4e6ac21adddd2c82592f2dc9d2a110b2231a4cf2ddf84661908ef470f0956d1
reacher,R3_reacher_e547cc356ff64f28a01b3a4d,,REFIT_103202,R4_ALT_CEM_2,0.0,1.0,1.0,1.0,1.0,d4e6ac21adddd2c82592f2dc9d2a110b2231a4cf2ddf84661908ef470f0956d1
reacher,R3_reacher_e690a367ff4f94b45cee2d33,,REFIT_103202,R4_ALT_CEM_2,0.0,1.0,1.0,1.0,1.0,d4e6ac21adddd2c82592f2dc9d2a110b2231a4cf2ddf84661908ef470f0956d1
reacher,R3_reacher_e899be36b2378f247385a80c,,REFIT_103202,R4_ALT_CEM_2,1.0,1.0,0.0,1.0,1.0,d4e6ac21adddd2c82592f2dc9d2a110b2231a4cf2ddf84661908ef470f0956d1
reacher,R3_reacher_e96c064ebe544a7de14e595f,,REFIT_103202,R4_ALT_CEM_2,1.0,1.0,0.0,0.0,0.0,d4e6ac21adddd2c82592f2dc9d2a110b2231a4cf2ddf84661908ef470f0956d1
reacher,R3_reacher_e97cbf284bc2f1863e321521,,REFIT_103202,R4_ALT_CEM_2,1.0,1.0,0.0,0.0,0.0,d4e6ac21adddd2c82592f2dc9d2a110b2231a4cf2ddf84661908ef470f0956d1
reacher,R3_reacher_e9df183d83d2c6d6143de3be,,REFIT_103202,R4_ALT_CEM_2,1.0,1.0,0.0,0.0,0.0,d4e6ac21adddd2c82592f2dc9d2a110b2231a4cf2ddf84661908ef470f0956d1
reacher,R3_reacher_eb5da8b3b8a360d72bdc4b81,,REFIT_103202,R4_ALT_CEM_2,0.0,1.0,1.0,1.0,1.0,d4e6ac21adddd2c82592f2dc9d2a110b2231a4cf2ddf84661908ef470f0956d1
reacher,R3_reacher_ed2a6ac159bdefdd8698e966,,REFIT_103202,R4_ALT_CEM_2,1.0,1.0,0.0,0.0,0.0,d4e6ac21adddd2c82592f2dc9d2a110b2231a4cf2ddf84661908ef470f0956d1
reacher,R3_reacher_ee3aa3dea1bccfc0c0400c77,,REFIT_103202,R4_ALT_CEM_2,1.0,1.0,0.0,0.0,0.0,d4e6ac21adddd2c82592f2dc9d2a110b2231a4cf2ddf84661908ef470f0956d1
reacher,R3_reacher_f295eb60a191606d1f094189,,REFIT_103202,R4_ALT_CEM_2,1.0,1.0,0.0,1.0,1.0,d4e6ac21adddd2c82592f2dc9d2a110b2231a4cf2ddf84661908ef470f0956d1
reacher,R3_reacher_f7bea0928cdded574e397c2d,,REFIT_103202,R4_ALT_CEM_2,0.0,1.0,1.0,1.0,1.0,d4e6ac21adddd2c82592f2dc9d2a110b2231a4cf2ddf84661908ef470f0956d1
reacher,R3_reacher_fa467774affd316a6db90f90,,REFIT_103202,R4_ALT_CEM_2,1.0,1.0,0.0,1.0,1.0,d4e6ac21adddd2c82592f2dc9d2a110b2231a4cf2ddf84661908ef470f0956d1
reacher,R3_reacher_fc2a1ecf6edea23cba59b6be,,REFIT_103202,R4_ALT_CEM_2,1.0,1.0,0.0,1.0,1.0,d4e6ac21adddd2c82592f2dc9d2a110b2231a4cf2ddf84661908ef470f0956d1
reacher,R3_reacher_fca2ae6f03dd54aa3833661f,,REFIT_103202,R4_ALT_CEM_2,1.0,1.0,0.0,0.0,0.0,d4e6ac21adddd2c82592f2dc9d2a110b2231a4cf2ddf84661908ef470f0956d1
reacher,R3_reacher_fe1001e9c3b6b50616b6fe2d,,REFIT_103202,R4_ALT_CEM_2,1.0,0.0,-1.0,1.0,1.0,d4e6ac21adddd2c82592f2dc9d2a110b2231a4cf2ddf84661908ef470f0956d1
reacher,R3_reacher_01fd87d09dbf3909048741d4,,REFIT_103202,MEAN_OF_THREE_STREAMS_WITHIN_CASE,0.6666666666666666,1.0,0.33333333333333337,0.6666666666666666,0.6666666666666666,d4e6ac21adddd2c82592f2dc9d2a110b2231a4cf2ddf84661908ef470f0956d1
reacher,R3_reacher_0651ebd394a43de70c9b7ad0,,REFIT_103202,MEAN_OF_THREE_STREAMS_WITHIN_CASE,1.0,1.0,0.0,0.6666666666666666,0.6666666666666666,d4e6ac21adddd2c82592f2dc9d2a110b2231a4cf2ddf84661908ef470f0956d1
reacher,R3_reacher_06b68490d49af9bd892bea71,,REFIT_103202,MEAN_OF_THREE_STREAMS_WITHIN_CASE,1.0,1.0,0.0,0.0,0.0,d4e6ac21adddd2c82592f2dc9d2a110b2231a4cf2ddf84661908ef470f0956d1
reacher,R3_reacher_09247f3e88e7af275abc2d1d,,REFIT_103202,MEAN_OF_THREE_STREAMS_WITHIN_CASE,0.6666666666666666,1.0,0.33333333333333337,0.6666666666666666,0.6666666666666666,d4e6ac21adddd2c82592f2dc9d2a110b2231a4cf2ddf84661908ef470f0956d1
reacher,R3_reacher_0e325219914460cb340033c1,,REFIT_103202,MEAN_OF_THREE_STREAMS_WITHIN_CASE,1.0,1.0,0.0,0.3333333333333333,0.3333333333333333,d4e6ac21adddd2c82592f2dc9d2a110b2231a4cf2ddf84661908ef470f0956d1
reacher,R3_reacher_0ea549c2f80d7cbbbb1b6dd8,,REFIT_103202,MEAN_OF_THREE_STREAMS_WITHIN_CASE,0.3333333333333333,1.0,0.6666666666666667,0.6666666666666666,0.6666666666666666,d4e6ac21adddd2c82592f2dc9d2a110b2231a4cf2ddf84661908ef470f0956d1
reacher,R3_reacher_10754410887eb77f72ae018e,,REFIT_103202,MEAN_OF_THREE_STREAMS_WITHIN_CASE,0.6666666666666666,1.0,0.33333333333333337,0.3333333333333333,0.3333333333333333,d4e6ac21adddd2c82592f2dc9d2a110b2231a4cf2ddf84661908ef470f0956d1
reacher,R3_reacher_19b957e03f42b1b14d0654d7,,REFIT_103202,MEAN_OF_THREE_STREAMS_WITHIN_CASE,1.0,1.0,0.0,0.0,0.0,d4e6ac21adddd2c82592f2dc9d2a110b2231a4cf2ddf84661908ef470f0956d1
reacher,R3_reacher_1aad022046d1e4f9da53b4a0,,REFIT_103202,MEAN_OF_THREE_STREAMS_WITHIN_CASE,0.3333333333333333,1.0,0.6666666666666667,1.0,1.0,d4e6ac21adddd2c82592f2dc9d2a110b2231a4cf2ddf84661908ef470f0956d1
reacher,R3_reacher_1afd87ed042926d5ecc50b5c,,REFIT_103202,MEAN_OF_THREE_STREAMS_WITHIN_CASE,1.0,1.0,0.0,0.0,0.0,d4e6ac21adddd2c82592f2dc9d2a110b2231a4cf2ddf84661908ef470f0956d1
reacher,R3_reacher_1fc0b1d9c6963542440189cf,,REFIT_103202,MEAN_OF_THREE_STREAMS_WITHIN_CASE,1.0,1.0,0.0,0.6666666666666666,0.6666666666666666,d4e6ac21adddd2c82592f2dc9d2a110b2231a4cf2ddf84661908ef470f0956d1
reacher,R3_reacher_20e903c4dc4794a78a414ccb,,REFIT_103202,MEAN_OF_THREE_STREAMS_WITHIN_CASE,1.0,1.0,0.0,1.0,1.0,d4e6ac21adddd2c82592f2dc9d2a110b2231a4cf2ddf84661908ef470f0956d1
reacher,R3_reacher_227dcc9361770465dc9ba143,,REFIT_103202,MEAN_OF_THREE_STREAMS_WITHIN_CASE,0.6666666666666666,1.0,0.33333333333333337,0.3333333333333333,0.3333333333333333,d4e6ac21adddd2c82592f2dc9d2a110b2231a4cf2ddf84661908ef470f0956d1
reacher,R3_reacher_248c04f18e24c23c388665d6,,REFIT_103202,MEAN_OF_THREE_STREAMS_WITHIN_CASE,1.0,1.0,0.0,0.3333333333333333,0.3333333333333333,d4e6ac21adddd2c82592f2dc9d2a110b2231a4cf2ddf84661908ef470f0956d1
reacher,R3_reacher_25281ce20ac4c1a4e13bfe64,,REFIT_103202,MEAN_OF_THREE_STREAMS_WITHIN_CASE,1.0,1.0,0.0,0.3333333333333333,0.3333333333333333,d4e6ac21adddd2c82592f2dc9d2a110b2231a4cf2ddf84661908ef470f0956d1
reacher,R3_reacher_29461ecfe2e96e3052bf252e,,REFIT_103202,MEAN_OF_THREE_STREAMS_WITHIN_CASE,0.6666666666666666,1.0,0.33333333333333337,0.6666666666666666,0.6666666666666666,d4e6ac21adddd2c82592f2dc9d2a110b2231a4cf2ddf84661908ef470f0956d1
reacher,R3_reacher_2ae169997e13b18afc7243d3,,REFIT_103202,MEAN_OF_THREE_STREAMS_WITHIN_CASE,1.0,1.0,0.0,1.0,1.0,d4e6ac21adddd2c82592f2dc9d2a110b2231a4cf2ddf84661908ef470f0956d1
reacher,R3_reacher_2b1605c757025d16771855cd,,REFIT_103202,MEAN_OF_THREE_STREAMS_WITHIN_CASE,0.6666666666666666,1.0,0.33333333333333337,1.0,1.0,d4e6ac21adddd2c82592f2dc9d2a110b2231a4cf2ddf84661908ef470f0956d1
reacher,R3_reacher_2da80c9f2c12b38dd5ae592f,,REFIT_103202,MEAN_OF_THREE_STREAMS_WITHIN_CASE,0.3333333333333333,1.0,0.6666666666666667,1.0,1.0,d4e6ac21adddd2c82592f2dc9d2a110b2231a4cf2ddf84661908ef470f0956d1
reacher,R3_reacher_31bc43e232044dba582b1a91,,REFIT_103202,MEAN_OF_THREE_STREAMS_WITHIN_CASE,1.0,1.0,0.0,0.3333333333333333,0.3333333333333333,d4e6ac21adddd2c82592f2dc9d2a110b2231a4cf2ddf84661908ef470f0956d1
reacher,R3_reacher_3225c7070888eacd2fe6ba3b,,REFIT_103202,MEAN_OF_THREE_STREAMS_WITHIN_CASE,0.6666666666666666,1.0,0.33333333333333337,1.0,1.0,d4e6ac21adddd2c82592f2dc9d2a110b2231a4cf2ddf84661908ef470f0956d1
reacher,R3_reacher_339d1566307eb06b287cd9d6,,REFIT_103202,MEAN_OF_THREE_STREAMS_WITHIN_CASE,1.0,1.0,0.0,1.0,1.0,d4e6ac21adddd2c82592f2dc9d2a110b2231a4cf2ddf84661908ef470f0956d1
reacher,R3_reacher_3687a037d77056bca1ad3a86,,REFIT_103202,MEAN_OF_THREE_STREAMS_WITHIN_CASE,1.0,1.0,0.0,0.3333333333333333,0.3333333333333333,d4e6ac21adddd2c82592f2dc9d2a110b2231a4cf2ddf84661908ef470f0956d1
reacher,R3_reacher_391d2d69b9911b586e875be4,,REFIT_103202,MEAN_OF_THREE_STREAMS_WITHIN_CASE,0.0,0.6666666666666666,0.6666666666666666,1.0,1.0,d4e6ac21adddd2c82592f2dc9d2a110b2231a4cf2ddf84661908ef470f0956d1
reacher,R3_reacher_3c2be98ff314c21b533f9194,,REFIT_103202,MEAN_OF_THREE_STREAMS_WITHIN_CASE,1.0,1.0,0.0,0.3333333333333333,0.3333333333333333,d4e6ac21adddd2c82592f2dc9d2a110b2231a4cf2ddf84661908ef470f0956d1
reacher,R3_reacher_3dc92a427bfa8caeee91f551,,REFIT_103202,MEAN_OF_THREE_STREAMS_WITHIN_CASE,1.0,1.0,0.0,0.0,0.0,d4e6ac21adddd2c82592f2dc9d2a110b2231a4cf2ddf84661908ef470f0956d1
reacher,R3_reacher_3ebb7b8846f0d4e4c5337f68,,REFIT_103202,MEAN_OF_THREE_STREAMS_WITHIN_CASE,1.0,1.0,0.0,1.0,1.0,d4e6ac21adddd2c82592f2dc9d2a110b2231a4cf2ddf84661908ef470f0956d1
reacher,R3_reacher_43346886f663e17e6f232be2,,REFIT_103202,MEAN_OF_THREE_STREAMS_WITHIN_CASE,0.6666666666666666,1.0,0.33333333333333337,0.6666666666666666,0.6666666666666666,d4e6ac21adddd2c82592f2dc9d2a110b2231a4cf2ddf84661908ef470f0956d1
reacher,R3_reacher_43bed550bc7c733bb23002e3,,REFIT_103202,MEAN_OF_THREE_STREAMS_WITHIN_CASE,0.6666666666666666,1.0,0.33333333333333337,0.6666666666666666,0.6666666666666666,d4e6ac21adddd2c82592f2dc9d2a110b2231a4cf2ddf84661908ef470f0956d1
reacher,R3_reacher_48b38c457e06aea47721389a,,REFIT_103202,MEAN_OF_THREE_STREAMS_WITHIN_CASE,1.0,1.0,0.0,0.0,0.0,d4e6ac21adddd2c82592f2dc9d2a110b2231a4cf2ddf84661908ef470f0956d1
reacher,R3_reacher_4a2a4a159bd6d8b01f632e71,,REFIT_103202,MEAN_OF_THREE_STREAMS_WITHIN_CASE,1.0,1.0,0.0,0.3333333333333333,0.3333333333333333,d4e6ac21adddd2c82592f2dc9d2a110b2231a4cf2ddf84661908ef470f0956d1
reacher,R3_reacher_4b5f85125ceccca055fe76b4,,REFIT_103202,MEAN_OF_THREE_STREAMS_WITHIN_CASE,0.6666666666666666,1.0,0.33333333333333337,0.3333333333333333,0.3333333333333333,d4e6ac21adddd2c82592f2dc9d2a110b2231a4cf2ddf84661908ef470f0956d1
reacher,R3_reacher_4d092e8fde355972772dfa7e,,REFIT_103202,MEAN_OF_THREE_STREAMS_WITHIN_CASE,1.0,1.0,0.0,1.0,1.0,d4e6ac21adddd2c82592f2dc9d2a110b2231a4cf2ddf84661908ef470f0956d1
reacher,R3_reacher_4de0f0387d01ac1b49760c47,,REFIT_103202,MEAN_OF_THREE_STREAMS_WITHIN_CASE,0.6666666666666666,1.0,0.33333333333333337,1.0,1.0,d4e6ac21adddd2c82592f2dc9d2a110b2231a4cf2ddf84661908ef470f0956d1
reacher,R3_reacher_4eb4413d6e63e87a59fec03a,,REFIT_103202,MEAN_OF_THREE_STREAMS_WITHIN_CASE,0.6666666666666666,1.0,0.33333333333333337,1.0,1.0,d4e6ac21adddd2c82592f2dc9d2a110b2231a4cf2ddf84661908ef470f0956d1
reacher,R3_reacher_51856009f99570a92446d05a,,REFIT_103202,MEAN_OF_THREE_STREAMS_WITHIN_CASE,0.6666666666666666,1.0,0.33333333333333337,0.3333333333333333,0.3333333333333333,d4e6ac21adddd2c82592f2dc9d2a110b2231a4cf2ddf84661908ef470f0956d1
reacher,R3_reacher_54f5b13feb6984f1980392cc,,REFIT_103202,MEAN_OF_THREE_STREAMS_WITHIN_CASE,1.0,1.0,0.0,0.0,0.0,d4e6ac21adddd2c82592f2dc9d2a110b2231a4cf2ddf84661908ef470f0956d1
reacher,R3_reacher_5d50985e823f66ebd401c1ec,,REFIT_103202,MEAN_OF_THREE_STREAMS_WITHIN_CASE,0.3333333333333333,1.0,0.6666666666666667,1.0,1.0,d4e6ac21adddd2c82592f2dc9d2a110b2231a4cf2ddf84661908ef470f0956d1
reacher,R3_reacher_5e2d5d2d9907df0393e50f40,,REFIT_103202,MEAN_OF_THREE_STREAMS_WITHIN_CASE,1.0,1.0,0.0,0.0,0.0,d4e6ac21adddd2c82592f2dc9d2a110b2231a4cf2ddf84661908ef470f0956d1
reacher,R3_reacher_5ede573180f7658b8cb1fa2a,,REFIT_103202,MEAN_OF_THREE_STREAMS_WITHIN_CASE,1.0,1.0,0.0,0.0,0.0,d4e6ac21adddd2c82592f2dc9d2a110b2231a4cf2ddf84661908ef470f0956d1
reacher,R3_reacher_6216de4a5b03eb23d114e16a,,REFIT_103202,MEAN_OF_THREE_STREAMS_WITHIN_CASE,1.0,1.0,0.0,0.0,0.0,d4e6ac21adddd2c82592f2dc9d2a110b2231a4cf2ddf84661908ef470f0956d1
reacher,R3_reacher_665505d7ca68f56e86ab9898,,REFIT_103202,MEAN_OF_THREE_STREAMS_WITHIN_CASE,1.0,1.0,0.0,1.0,1.0,d4e6ac21adddd2c82592f2dc9d2a110b2231a4cf2ddf84661908ef470f0956d1
reacher,R3_reacher_68ead16e22260984b6ce630e,,REFIT_103202,MEAN_OF_THREE_STREAMS_WITHIN_CASE,0.6666666666666666,1.0,0.33333333333333337,1.0,1.0,d4e6ac21adddd2c82592f2dc9d2a110b2231a4cf2ddf84661908ef470f0956d1
reacher,R3_reacher_691b0678315722721b850bd9,,REFIT_103202,MEAN_OF_THREE_STREAMS_WITHIN_CASE,0.0,0.6666666666666666,0.6666666666666666,1.0,1.0,d4e6ac21adddd2c82592f2dc9d2a110b2231a4cf2ddf84661908ef470f0956d1
reacher,R3_reacher_6cba7a43faf319ebfe282ca1,,REFIT_103202,MEAN_OF_THREE_STREAMS_WITHIN_CASE,0.6666666666666666,0.6666666666666666,0.0,0.6666666666666666,0.6666666666666666,d4e6ac21adddd2c82592f2dc9d2a110b2231a4cf2ddf84661908ef470f0956d1
reacher,R3_reacher_6d50b6eae922ec8eaba3b2aa,,REFIT_103202,MEAN_OF_THREE_STREAMS_WITHIN_CASE,1.0,1.0,0.0,0.3333333333333333,0.3333333333333333,d4e6ac21adddd2c82592f2dc9d2a110b2231a4cf2ddf84661908ef470f0956d1
reacher,R3_reacher_6ff2b0510c4734c334024b6f,,REFIT_103202,MEAN_OF_THREE_STREAMS_WITHIN_CASE,0.6666666666666666,0.6666666666666666,0.0,0.3333333333333333,0.3333333333333333,d4e6ac21adddd2c82592f2dc9d2a110b2231a4cf2ddf84661908ef470f0956d1
reacher,R3_reacher_74df08ab195a14a2c8f2f0ac,,REFIT_103202,MEAN_OF_THREE_STREAMS_WITHIN_CASE,1.0,1.0,0.0,0.3333333333333333,0.3333333333333333,d4e6ac21adddd2c82592f2dc9d2a110b2231a4cf2ddf84661908ef470f0956d1
reacher,R3_reacher_78e0945523fb491a3f33e969,,REFIT_103202,MEAN_OF_THREE_STREAMS_WITHIN_CASE,0.6666666666666666,1.0,0.33333333333333337,0.6666666666666666,0.6666666666666666,d4e6ac21adddd2c82592f2dc9d2a110b2231a4cf2ddf84661908ef470f0956d1
reacher,R3_reacher_7aff8be5072b1a8af1a8d13d,,REFIT_103202,MEAN_OF_THREE_STREAMS_WITHIN_CASE,1.0,1.0,0.0,0.3333333333333333,0.3333333333333333,d4e6ac21adddd2c82592f2dc9d2a110b2231a4cf2ddf84661908ef470f0956d1
reacher,R3_reacher_7dd7cb04423f92db263fa577,,REFIT_103202,MEAN_OF_THREE_STREAMS_WITHIN_CASE,0.3333333333333333,1.0,0.6666666666666667,0.6666666666666666,0.6666666666666666,d4e6ac21adddd2c82592f2dc9d2a110b2231a4cf2ddf84661908ef470f0956d1
reacher,R3_reacher_8013310a3876dc798b82233e,,REFIT_103202,MEAN_OF_THREE_STREAMS_WITHIN_CASE,1.0,1.0,0.0,0.0,0.0,d4e6ac21adddd2c82592f2dc9d2a110b2231a4cf2ddf84661908ef470f0956d1
reacher,R3_reacher_81676bd5f7a922d099e8c632,,REFIT_103202,MEAN_OF_THREE_STREAMS_WITHIN_CASE,0.6666666666666666,1.0,0.33333333333333337,0.6666666666666666,0.6666666666666666,d4e6ac21adddd2c82592f2dc9d2a110b2231a4cf2ddf84661908ef470f0956d1
reacher,R3_reacher_88e6d02b4868302c88af83bd,,REFIT_103202,MEAN_OF_THREE_STREAMS_WITHIN_CASE,1.0,0.6666666666666666,-0.33333333333333337,1.0,1.0,d4e6ac21adddd2c82592f2dc9d2a110b2231a4cf2ddf84661908ef470f0956d1
reacher,R3_reacher_8cb337114374dac2e790e2d0,,REFIT_103202,MEAN_OF_THREE_STREAMS_WITHIN_CASE,1.0,1.0,0.0,0.6666666666666666,0.6666666666666666,d4e6ac21adddd2c82592f2dc9d2a110b2231a4cf2ddf84661908ef470f0956d1
reacher,R3_reacher_8f94a57dc057ae3fea063566,,REFIT_103202,MEAN_OF_THREE_STREAMS_WITHIN_CASE,0.6666666666666666,0.6666666666666666,0.0,0.6666666666666666,0.6666666666666666,d4e6ac21adddd2c82592f2dc9d2a110b2231a4cf2ddf84661908ef470f0956d1
reacher,R3_reacher_90130661be9d8449b174dfda,,REFIT_103202,MEAN_OF_THREE_STREAMS_WITHIN_CASE,0.3333333333333333,1.0,0.6666666666666667,1.0,1.0,d4e6ac21adddd2c82592f2dc9d2a110b2231a4cf2ddf84661908ef470f0956d1
reacher,R3_reacher_91d6a515142521d444cda8ca,,REFIT_103202,MEAN_OF_THREE_STREAMS_WITHIN_CASE,1.0,1.0,0.0,0.3333333333333333,0.3333333333333333,d4e6ac21adddd2c82592f2dc9d2a110b2231a4cf2ddf84661908ef470f0956d1
reacher,R3_reacher_9ce16e33ff15bde409d40098,,REFIT_103202,MEAN_OF_THREE_STREAMS_WITHIN_CASE,1.0,1.0,0.0,0.0,0.0,d4e6ac21adddd2c82592f2dc9d2a110b2231a4cf2ddf84661908ef470f0956d1
reacher,R3_reacher_a1c24b0d5bdd53fdeb203e5f,,REFIT_103202,MEAN_OF_THREE_STREAMS_WITHIN_CASE,0.6666666666666666,1.0,0.33333333333333337,0.6666666666666666,0.6666666666666666,d4e6ac21adddd2c82592f2dc9d2a110b2231a4cf2ddf84661908ef470f0956d1
reacher,R3_reacher_a4fc5af8bb0b58322c55693f,,REFIT_103202,MEAN_OF_THREE_STREAMS_WITHIN_CASE,1.0,1.0,0.0,0.6666666666666666,0.6666666666666666,d4e6ac21adddd2c82592f2dc9d2a110b2231a4cf2ddf84661908ef470f0956d1
reacher,R3_reacher_a80b135a2ca6b9fe49081cb7,,REFIT_103202,MEAN_OF_THREE_STREAMS_WITHIN_CASE,0.6666666666666666,1.0,0.33333333333333337,0.6666666666666666,0.6666666666666666,d4e6ac21adddd2c82592f2dc9d2a110b2231a4cf2ddf84661908ef470f0956d1
reacher,R3_reacher_aa19e4ff8c803eccffc04674,,REFIT_103202,MEAN_OF_THREE_STREAMS_WITHIN_CASE,1.0,1.0,0.0,0.3333333333333333,0.3333333333333333,d4e6ac21adddd2c82592f2dc9d2a110b2231a4cf2ddf84661908ef470f0956d1
reacher,R3_reacher_ae4e56803bfc6050ad2c5407,,REFIT_103202,MEAN_OF_THREE_STREAMS_WITHIN_CASE,0.6666666666666666,1.0,0.33333333333333337,0.6666666666666666,0.6666666666666666,d4e6ac21adddd2c82592f2dc9d2a110b2231a4cf2ddf84661908ef470f0956d1
reacher,R3_reacher_af2aa3d1d6cbf53a4f647860,,REFIT_103202,MEAN_OF_THREE_STREAMS_WITHIN_CASE,0.6666666666666666,0.6666666666666666,0.0,1.0,1.0,d4e6ac21adddd2c82592f2dc9d2a110b2231a4cf2ddf84661908ef470f0956d1
reacher,R3_reacher_b1919e19a6a875f129014e81,,REFIT_103202,MEAN_OF_THREE_STREAMS_WITHIN_CASE,1.0,0.6666666666666666,-0.33333333333333337,0.3333333333333333,0.3333333333333333,d4e6ac21adddd2c82592f2dc9d2a110b2231a4cf2ddf84661908ef470f0956d1
reacher,R3_reacher_b2b5f6290d54abd4e830fc73,,REFIT_103202,MEAN_OF_THREE_STREAMS_WITHIN_CASE,0.6666666666666666,1.0,0.33333333333333337,0.3333333333333333,0.3333333333333333,d4e6ac21adddd2c82592f2dc9d2a110b2231a4cf2ddf84661908ef470f0956d1
reacher,R3_reacher_b360acd1c6d9c7eb19ad0748,,REFIT_103202,MEAN_OF_THREE_STREAMS_WITHIN_CASE,1.0,1.0,0.0,0.0,0.0,d4e6ac21adddd2c82592f2dc9d2a110b2231a4cf2ddf84661908ef470f0956d1
reacher,R3_reacher_b435d231878e66fe816e4b27,,REFIT_103202,MEAN_OF_THREE_STREAMS_WITHIN_CASE,0.6666666666666666,1.0,0.33333333333333337,1.0,1.0,d4e6ac21adddd2c82592f2dc9d2a110b2231a4cf2ddf84661908ef470f0956d1
reacher,R3_reacher_b7683878966ffb88777d03f2,,REFIT_103202,MEAN_OF_THREE_STREAMS_WITHIN_CASE,1.0,1.0,0.0,0.6666666666666666,0.6666666666666666,d4e6ac21adddd2c82592f2dc9d2a110b2231a4cf2ddf84661908ef470f0956d1
reacher,R3_reacher_c0da6ebc002f6e6d8652c23a,,REFIT_103202,MEAN_OF_THREE_STREAMS_WITHIN_CASE,1.0,1.0,0.0,0.3333333333333333,0.3333333333333333,d4e6ac21adddd2c82592f2dc9d2a110b2231a4cf2ddf84661908ef470f0956d1
reacher,R3_reacher_c47240a947a9f7917eaf944b,,REFIT_103202,MEAN_OF_THREE_STREAMS_WITHIN_CASE,0.6666666666666666,1.0,0.33333333333333337,1.0,1.0,d4e6ac21adddd2c82592f2dc9d2a110b2231a4cf2ddf84661908ef470f0956d1
reacher,R3_reacher_c799ddaf20ab5016c0fcc94d,,REFIT_103202,MEAN_OF_THREE_STREAMS_WITHIN_CASE,1.0,1.0,0.0,0.3333333333333333,0.3333333333333333,d4e6ac21adddd2c82592f2dc9d2a110b2231a4cf2ddf84661908ef470f0956d1
reacher,R3_reacher_cbda62f6c8224e2f9423fd2d,,REFIT_103202,MEAN_OF_THREE_STREAMS_WITHIN_CASE,1.0,1.0,0.0,1.0,1.0,d4e6ac21adddd2c82592f2dc9d2a110b2231a4cf2ddf84661908ef470f0956d1
reacher,R3_reacher_cda870d3e512d2eb34471d9e,,REFIT_103202,MEAN_OF_THREE_STREAMS_WITHIN_CASE,1.0,1.0,0.0,0.0,0.0,d4e6ac21adddd2c82592f2dc9d2a110b2231a4cf2ddf84661908ef470f0956d1
reacher,R3_reacher_cdd7a48d2d150bc082f55fa8,,REFIT_103202,MEAN_OF_THREE_STREAMS_WITHIN_CASE,0.3333333333333333,1.0,0.6666666666666667,0.6666666666666666,0.6666666666666666,d4e6ac21adddd2c82592f2dc9d2a110b2231a4cf2ddf84661908ef470f0956d1
reacher,R3_reacher_cf3ea0332fec67aba0c09d69,,REFIT_103202,MEAN_OF_THREE_STREAMS_WITHIN_CASE,1.0,1.0,0.0,1.0,1.0,d4e6ac21adddd2c82592f2dc9d2a110b2231a4cf2ddf84661908ef470f0956d1
reacher,R3_reacher_d114702b19acfaf5dda45c4f,,REFIT_103202,MEAN_OF_THREE_STREAMS_WITHIN_CASE,0.6666666666666666,1.0,0.33333333333333337,0.3333333333333333,0.3333333333333333,d4e6ac21adddd2c82592f2dc9d2a110b2231a4cf2ddf84661908ef470f0956d1
reacher,R3_reacher_d6184e6ee10fee6564198319,,REFIT_103202,MEAN_OF_THREE_STREAMS_WITHIN_CASE,1.0,1.0,0.0,1.0,1.0,d4e6ac21adddd2c82592f2dc9d2a110b2231a4cf2ddf84661908ef470f0956d1
reacher,R3_reacher_d75164310bc00a38ef41a7a2,,REFIT_103202,MEAN_OF_THREE_STREAMS_WITHIN_CASE,1.0,1.0,0.0,0.0,0.0,d4e6ac21adddd2c82592f2dc9d2a110b2231a4cf2ddf84661908ef470f0956d1
reacher,R3_reacher_db1aac2a2839b94c8cf3e963,,REFIT_103202,MEAN_OF_THREE_STREAMS_WITHIN_CASE,1.0,0.6666666666666666,-0.33333333333333337,1.0,1.0,d4e6ac21adddd2c82592f2dc9d2a110b2231a4cf2ddf84661908ef470f0956d1
reacher,R3_reacher_df4b440848b9f031543dd698,,REFIT_103202,MEAN_OF_THREE_STREAMS_WITHIN_CASE,1.0,1.0,0.0,1.0,1.0,d4e6ac21adddd2c82592f2dc9d2a110b2231a4cf2ddf84661908ef470f0956d1
reacher,R3_reacher_df6b904f9325342cb9269256,,REFIT_103202,MEAN_OF_THREE_STREAMS_WITHIN_CASE,0.6666666666666666,1.0,0.33333333333333337,0.6666666666666666,0.6666666666666666,d4e6ac21adddd2c82592f2dc9d2a110b2231a4cf2ddf84661908ef470f0956d1
reacher,R3_reacher_e16605f9ca3eaefb85d7cd2a,,REFIT_103202,MEAN_OF_THREE_STREAMS_WITHIN_CASE,1.0,1.0,0.0,0.0,0.0,d4e6ac21adddd2c82592f2dc9d2a110b2231a4cf2ddf84661908ef470f0956d1
reacher,R3_reacher_e25a61bb715dbf3fd96b9f4b,,REFIT_103202,MEAN_OF_THREE_STREAMS_WITHIN_CASE,1.0,1.0,0.0,0.0,0.0,d4e6ac21adddd2c82592f2dc9d2a110b2231a4cf2ddf84661908ef470f0956d1
reacher,R3_reacher_e547cc356ff64f28a01b3a4d,,REFIT_103202,MEAN_OF_THREE_STREAMS_WITHIN_CASE,0.3333333333333333,1.0,0.6666666666666667,0.6666666666666666,0.6666666666666666,d4e6ac21adddd2c82592f2dc9d2a110b2231a4cf2ddf84661908ef470f0956d1
reacher,R3_reacher_e690a367ff4f94b45cee2d33,,REFIT_103202,MEAN_OF_THREE_STREAMS_WITHIN_CASE,0.3333333333333333,1.0,0.6666666666666667,0.6666666666666666,0.6666666666666666,d4e6ac21adddd2c82592f2dc9d2a110b2231a4cf2ddf84661908ef470f0956d1
reacher,R3_reacher_e899be36b2378f247385a80c,,REFIT_103202,MEAN_OF_THREE_STREAMS_WITHIN_CASE,0.6666666666666666,1.0,0.33333333333333337,0.6666666666666666,0.6666666666666666,d4e6ac21adddd2c82592f2dc9d2a110b2231a4cf2ddf84661908ef470f0956d1
reacher,R3_reacher_e96c064ebe544a7de14e595f,,REFIT_103202,MEAN_OF_THREE_STREAMS_WITHIN_CASE,1.0,1.0,0.0,0.0,0.0,d4e6ac21adddd2c82592f2dc9d2a110b2231a4cf2ddf84661908ef470f0956d1
reacher,R3_reacher_e97cbf284bc2f1863e321521,,REFIT_103202,MEAN_OF_THREE_STREAMS_WITHIN_CASE,1.0,1.0,0.0,0.3333333333333333,0.3333333333333333,d4e6ac21adddd2c82592f2dc9d2a110b2231a4cf2ddf84661908ef470f0956d1
reacher,R3_reacher_e9df183d83d2c6d6143de3be,,REFIT_103202,MEAN_OF_THREE_STREAMS_WITHIN_CASE,1.0,1.0,0.0,0.0,0.0,d4e6ac21adddd2c82592f2dc9d2a110b2231a4cf2ddf84661908ef470f0956d1
reacher,R3_reacher_eb5da8b3b8a360d72bdc4b81,,REFIT_103202,MEAN_OF_THREE_STREAMS_WITHIN_CASE,0.6666666666666666,1.0,0.33333333333333337,0.3333333333333333,0.3333333333333333,d4e6ac21adddd2c82592f2dc9d2a110b2231a4cf2ddf84661908ef470f0956d1
reacher,R3_reacher_ed2a6ac159bdefdd8698e966,,REFIT_103202,MEAN_OF_THREE_STREAMS_WITHIN_CASE,1.0,1.0,0.0,0.0,0.0,d4e6ac21adddd2c82592f2dc9d2a110b2231a4cf2ddf84661908ef470f0956d1
reacher,R3_reacher_ee3aa3dea1bccfc0c0400c77,,REFIT_103202,MEAN_OF_THREE_STREAMS_WITHIN_CASE,0.3333333333333333,1.0,0.6666666666666667,0.6666666666666666,0.6666666666666666,d4e6ac21adddd2c82592f2dc9d2a110b2231a4cf2ddf84661908ef470f0956d1
reacher,R3_reacher_f295eb60a191606d1f094189,,REFIT_103202,MEAN_OF_THREE_STREAMS_WITHIN_CASE,1.0,1.0,0.0,0.3333333333333333,0.3333333333333333,d4e6ac21adddd2c82592f2dc9d2a110b2231a4cf2ddf84661908ef470f0956d1
reacher,R3_reacher_f7bea0928cdded574e397c2d,,REFIT_103202,MEAN_OF_THREE_STREAMS_WITHIN_CASE,0.6666666666666666,1.0,0.33333333333333337,0.6666666666666666,0.6666666666666666,d4e6ac21adddd2c82592f2dc9d2a110b2231a4cf2ddf84661908ef470f0956d1
reacher,R3_reacher_fa467774affd316a6db90f90,,REFIT_103202,MEAN_OF_THREE_STREAMS_WITHIN_CASE,1.0,1.0,0.0,0.3333333333333333,0.3333333333333333,d4e6ac21adddd2c82592f2dc9d2a110b2231a4cf2ddf84661908ef470f0956d1
reacher,R3_reacher_fc2a1ecf6edea23cba59b6be,,REFIT_103202,MEAN_OF_THREE_STREAMS_WITHIN_CASE,1.0,1.0,0.0,1.0,1.0,d4e6ac21adddd2c82592f2dc9d2a110b2231a4cf2ddf84661908ef470f0956d1
reacher,R3_reacher_fca2ae6f03dd54aa3833661f,,REFIT_103202,MEAN_OF_THREE_STREAMS_WITHIN_CASE,1.0,1.0,0.0,0.0,0.0,d4e6ac21adddd2c82592f2dc9d2a110b2231a4cf2ddf84661908ef470f0956d1
reacher,R3_reacher_fe1001e9c3b6b50616b6fe2d,,REFIT_103202,MEAN_OF_THREE_STREAMS_WITHIN_CASE,0.6666666666666666,0.6666666666666666,0.0,1.0,1.0,d4e6ac21adddd2c82592f2dc9d2a110b2231a4cf2ddf84661908ef470f0956d1
reacher,R3_reacher_01fd87d09dbf3909048741d4,,REFIT_103203,R3_ORIGINAL,1.0,1.0,0.0,1.0,1.0,d4e6ac21adddd2c82592f2dc9d2a110b2231a4cf2ddf84661908ef470f0956d1
reacher,R3_reacher_0651ebd394a43de70c9b7ad0,,REFIT_103203,R3_ORIGINAL,1.0,1.0,0.0,1.0,1.0,d4e6ac21adddd2c82592f2dc9d2a110b2231a4cf2ddf84661908ef470f0956d1
reacher,R3_reacher_06b68490d49af9bd892bea71,,REFIT_103203,R3_ORIGINAL,0.0,1.0,1.0,1.0,1.0,d4e6ac21adddd2c82592f2dc9d2a110b2231a4cf2ddf84661908ef470f0956d1
reacher,R3_reacher_09247f3e88e7af275abc2d1d,,REFIT_103203,R3_ORIGINAL,1.0,1.0,0.0,0.0,0.0,d4e6ac21adddd2c82592f2dc9d2a110b2231a4cf2ddf84661908ef470f0956d1
reacher,R3_reacher_0e325219914460cb340033c1,,REFIT_103203,R3_ORIGINAL,1.0,1.0,0.0,0.0,0.0,d4e6ac21adddd2c82592f2dc9d2a110b2231a4cf2ddf84661908ef470f0956d1
reacher,R3_reacher_0ea549c2f80d7cbbbb1b6dd8,,REFIT_103203,R3_ORIGINAL,1.0,1.0,0.0,1.0,1.0,d4e6ac21adddd2c82592f2dc9d2a110b2231a4cf2ddf84661908ef470f0956d1
reacher,R3_reacher_10754410887eb77f72ae018e,,REFIT_103203,R3_ORIGINAL,1.0,1.0,0.0,0.0,0.0,d4e6ac21adddd2c82592f2dc9d2a110b2231a4cf2ddf84661908ef470f0956d1
reacher,R3_reacher_19b957e03f42b1b14d0654d7,,REFIT_103203,R3_ORIGINAL,1.0,1.0,0.0,0.0,0.0,d4e6ac21adddd2c82592f2dc9d2a110b2231a4cf2ddf84661908ef470f0956d1
reacher,R3_reacher_1aad022046d1e4f9da53b4a0,,REFIT_103203,R3_ORIGINAL,1.0,1.0,0.0,1.0,1.0,d4e6ac21adddd2c82592f2dc9d2a110b2231a4cf2ddf84661908ef470f0956d1
reacher,R3_reacher_1afd87ed042926d5ecc50b5c,,REFIT_103203,R3_ORIGINAL,1.0,1.0,0.0,0.0,0.0,d4e6ac21adddd2c82592f2dc9d2a110b2231a4cf2ddf84661908ef470f0956d1
reacher,R3_reacher_1fc0b1d9c6963542440189cf,,REFIT_103203,R3_ORIGINAL,1.0,1.0,0.0,1.0,1.0,d4e6ac21adddd2c82592f2dc9d2a110b2231a4cf2ddf84661908ef470f0956d1
reacher,R3_reacher_20e903c4dc4794a78a414ccb,,REFIT_103203,R3_ORIGINAL,0.0,1.0,1.0,1.0,1.0,d4e6ac21adddd2c82592f2dc9d2a110b2231a4cf2ddf84661908ef470f0956d1
reacher,R3_reacher_227dcc9361770465dc9ba143,,REFIT_103203,R3_ORIGINAL,1.0,1.0,0.0,0.0,0.0,d4e6ac21adddd2c82592f2dc9d2a110b2231a4cf2ddf84661908ef470f0956d1
reacher,R3_reacher_248c04f18e24c23c388665d6,,REFIT_103203,R3_ORIGINAL,1.0,1.0,0.0,0.0,0.0,d4e6ac21adddd2c82592f2dc9d2a110b2231a4cf2ddf84661908ef470f0956d1
reacher,R3_reacher_25281ce20ac4c1a4e13bfe64,,REFIT_103203,R3_ORIGINAL,1.0,1.0,0.0,1.0,1.0,d4e6ac21adddd2c82592f2dc9d2a110b2231a4cf2ddf84661908ef470f0956d1
reacher,R3_reacher_29461ecfe2e96e3052bf252e,,REFIT_103203,R3_ORIGINAL,1.0,1.0,0.0,1.0,1.0,d4e6ac21adddd2c82592f2dc9d2a110b2231a4cf2ddf84661908ef470f0956d1
reacher,R3_reacher_2ae169997e13b18afc7243d3,,REFIT_103203,R3_ORIGINAL,1.0,1.0,0.0,0.0,0.0,d4e6ac21adddd2c82592f2dc9d2a110b2231a4cf2ddf84661908ef470f0956d1
reacher,R3_reacher_2b1605c757025d16771855cd,,REFIT_103203,R3_ORIGINAL,1.0,1.0,0.0,0.0,0.0,d4e6ac21adddd2c82592f2dc9d2a110b2231a4cf2ddf84661908ef470f0956d1
reacher,R3_reacher_2da80c9f2c12b38dd5ae592f,,REFIT_103203,R3_ORIGINAL,0.0,1.0,1.0,1.0,1.0,d4e6ac21adddd2c82592f2dc9d2a110b2231a4cf2ddf84661908ef470f0956d1
reacher,R3_reacher_31bc43e232044dba582b1a91,,REFIT_103203,R3_ORIGINAL,1.0,1.0,0.0,1.0,1.0,d4e6ac21adddd2c82592f2dc9d2a110b2231a4cf2ddf84661908ef470f0956d1
reacher,R3_reacher_3225c7070888eacd2fe6ba3b,,REFIT_103203,R3_ORIGINAL,1.0,1.0,0.0,1.0,1.0,d4e6ac21adddd2c82592f2dc9d2a110b2231a4cf2ddf84661908ef470f0956d1
reacher,R3_reacher_339d1566307eb06b287cd9d6,,REFIT_103203,R3_ORIGINAL,1.0,1.0,0.0,1.0,1.0,d4e6ac21adddd2c82592f2dc9d2a110b2231a4cf2ddf84661908ef470f0956d1
reacher,R3_reacher_3687a037d77056bca1ad3a86,,REFIT_103203,R3_ORIGINAL,1.0,1.0,0.0,0.0,0.0,d4e6ac21adddd2c82592f2dc9d2a110b2231a4cf2ddf84661908ef470f0956d1
reacher,R3_reacher_391d2d69b9911b586e875be4,,REFIT_103203,R3_ORIGINAL,1.0,0.0,-1.0,1.0,1.0,d4e6ac21adddd2c82592f2dc9d2a110b2231a4cf2ddf84661908ef470f0956d1
reacher,R3_reacher_3c2be98ff314c21b533f9194,,REFIT_103203,R3_ORIGINAL,1.0,1.0,0.0,0.0,0.0,d4e6ac21adddd2c82592f2dc9d2a110b2231a4cf2ddf84661908ef470f0956d1
reacher,R3_reacher_3dc92a427bfa8caeee91f551,,REFIT_103203,R3_ORIGINAL,1.0,1.0,0.0,0.0,0.0,d4e6ac21adddd2c82592f2dc9d2a110b2231a4cf2ddf84661908ef470f0956d1
reacher,R3_reacher_3ebb7b8846f0d4e4c5337f68,,REFIT_103203,R3_ORIGINAL,1.0,1.0,0.0,1.0,1.0,d4e6ac21adddd2c82592f2dc9d2a110b2231a4cf2ddf84661908ef470f0956d1
reacher,R3_reacher_43346886f663e17e6f232be2,,REFIT_103203,R3_ORIGINAL,1.0,1.0,0.0,0.0,0.0,d4e6ac21adddd2c82592f2dc9d2a110b2231a4cf2ddf84661908ef470f0956d1
reacher,R3_reacher_43bed550bc7c733bb23002e3,,REFIT_103203,R3_ORIGINAL,0.0,1.0,1.0,1.0,1.0,d4e6ac21adddd2c82592f2dc9d2a110b2231a4cf2ddf84661908ef470f0956d1
reacher,R3_reacher_48b38c457e06aea47721389a,,REFIT_103203,R3_ORIGINAL,1.0,1.0,0.0,0.0,0.0,d4e6ac21adddd2c82592f2dc9d2a110b2231a4cf2ddf84661908ef470f0956d1
reacher,R3_reacher_4a2a4a159bd6d8b01f632e71,,REFIT_103203,R3_ORIGINAL,1.0,1.0,0.0,0.0,0.0,d4e6ac21adddd2c82592f2dc9d2a110b2231a4cf2ddf84661908ef470f0956d1
reacher,R3_reacher_4b5f85125ceccca055fe76b4,,REFIT_103203,R3_ORIGINAL,0.0,1.0,1.0,1.0,1.0,d4e6ac21adddd2c82592f2dc9d2a110b2231a4cf2ddf84661908ef470f0956d1
reacher,R3_reacher_4d092e8fde355972772dfa7e,,REFIT_103203,R3_ORIGINAL,1.0,1.0,0.0,1.0,1.0,d4e6ac21adddd2c82592f2dc9d2a110b2231a4cf2ddf84661908ef470f0956d1
reacher,R3_reacher_4de0f0387d01ac1b49760c47,,REFIT_103203,R3_ORIGINAL,1.0,1.0,0.0,1.0,1.0,d4e6ac21adddd2c82592f2dc9d2a110b2231a4cf2ddf84661908ef470f0956d1
reacher,R3_reacher_4eb4413d6e63e87a59fec03a,,REFIT_103203,R3_ORIGINAL,1.0,1.0,0.0,1.0,1.0,d4e6ac21adddd2c82592f2dc9d2a110b2231a4cf2ddf84661908ef470f0956d1
reacher,R3_reacher_51856009f99570a92446d05a,,REFIT_103203,R3_ORIGINAL,1.0,1.0,0.0,0.0,0.0,d4e6ac21adddd2c82592f2dc9d2a110b2231a4cf2ddf84661908ef470f0956d1
reacher,R3_reacher_54f5b13feb6984f1980392cc,,REFIT_103203,R3_ORIGINAL,1.0,1.0,0.0,0.0,0.0,d4e6ac21adddd2c82592f2dc9d2a110b2231a4cf2ddf84661908ef470f0956d1
reacher,R3_reacher_5d50985e823f66ebd401c1ec,,REFIT_103203,R3_ORIGINAL,1.0,1.0,0.0,1.0,1.0,d4e6ac21adddd2c82592f2dc9d2a110b2231a4cf2ddf84661908ef470f0956d1
reacher,R3_reacher_5e2d5d2d9907df0393e50f40,,REFIT_103203,R3_ORIGINAL,1.0,1.0,0.0,0.0,0.0,d4e6ac21adddd2c82592f2dc9d2a110b2231a4cf2ddf84661908ef470f0956d1
reacher,R3_reacher_5ede573180f7658b8cb1fa2a,,REFIT_103203,R3_ORIGINAL,1.0,1.0,0.0,0.0,0.0,d4e6ac21adddd2c82592f2dc9d2a110b2231a4cf2ddf84661908ef470f0956d1
reacher,R3_reacher_6216de4a5b03eb23d114e16a,,REFIT_103203,R3_ORIGINAL,1.0,1.0,0.0,0.0,0.0,d4e6ac21adddd2c82592f2dc9d2a110b2231a4cf2ddf84661908ef470f0956d1
reacher,R3_reacher_665505d7ca68f56e86ab9898,,REFIT_103203,R3_ORIGINAL,1.0,1.0,0.0,0.0,0.0,d4e6ac21adddd2c82592f2dc9d2a110b2231a4cf2ddf84661908ef470f0956d1
reacher,R3_reacher_68ead16e22260984b6ce630e,,REFIT_103203,R3_ORIGINAL,0.0,1.0,1.0,1.0,1.0,d4e6ac21adddd2c82592f2dc9d2a110b2231a4cf2ddf84661908ef470f0956d1
reacher,R3_reacher_691b0678315722721b850bd9,,REFIT_103203,R3_ORIGINAL,1.0,1.0,0.0,1.0,1.0,d4e6ac21adddd2c82592f2dc9d2a110b2231a4cf2ddf84661908ef470f0956d1
reacher,R3_reacher_6cba7a43faf319ebfe282ca1,,REFIT_103203,R3_ORIGINAL,1.0,1.0,0.0,0.0,0.0,d4e6ac21adddd2c82592f2dc9d2a110b2231a4cf2ddf84661908ef470f0956d1
reacher,R3_reacher_6d50b6eae922ec8eaba3b2aa,,REFIT_103203,R3_ORIGINAL,1.0,1.0,0.0,1.0,1.0,d4e6ac21adddd2c82592f2dc9d2a110b2231a4cf2ddf84661908ef470f0956d1
reacher,R3_reacher_6ff2b0510c4734c334024b6f,,REFIT_103203,R3_ORIGINAL,0.0,1.0,1.0,1.0,1.0,d4e6ac21adddd2c82592f2dc9d2a110b2231a4cf2ddf84661908ef470f0956d1
reacher,R3_reacher_74df08ab195a14a2c8f2f0ac,,REFIT_103203,R3_ORIGINAL,1.0,1.0,0.0,0.0,0.0,d4e6ac21adddd2c82592f2dc9d2a110b2231a4cf2ddf84661908ef470f0956d1
reacher,R3_reacher_78e0945523fb491a3f33e969,,REFIT_103203,R3_ORIGINAL,0.0,1.0,1.0,1.0,1.0,d4e6ac21adddd2c82592f2dc9d2a110b2231a4cf2ddf84661908ef470f0956d1
reacher,R3_reacher_7aff8be5072b1a8af1a8d13d,,REFIT_103203,R3_ORIGINAL,1.0,1.0,0.0,0.0,0.0,d4e6ac21adddd2c82592f2dc9d2a110b2231a4cf2ddf84661908ef470f0956d1
reacher,R3_reacher_7dd7cb04423f92db263fa577,,REFIT_103203,R3_ORIGINAL,1.0,1.0,0.0,0.0,0.0,d4e6ac21adddd2c82592f2dc9d2a110b2231a4cf2ddf84661908ef470f0956d1
reacher,R3_reacher_8013310a3876dc798b82233e,,REFIT_103203,R3_ORIGINAL,1.0,1.0,0.0,0.0,0.0,d4e6ac21adddd2c82592f2dc9d2a110b2231a4cf2ddf84661908ef470f0956d1
reacher,R3_reacher_81676bd5f7a922d099e8c632,,REFIT_103203,R3_ORIGINAL,1.0,1.0,0.0,1.0,1.0,d4e6ac21adddd2c82592f2dc9d2a110b2231a4cf2ddf84661908ef470f0956d1
reacher,R3_reacher_88e6d02b4868302c88af83bd,,REFIT_103203,R3_ORIGINAL,1.0,1.0,0.0,1.0,1.0,d4e6ac21adddd2c82592f2dc9d2a110b2231a4cf2ddf84661908ef470f0956d1
reacher,R3_reacher_8cb337114374dac2e790e2d0,,REFIT_103203,R3_ORIGINAL,1.0,1.0,0.0,0.0,0.0,d4e6ac21adddd2c82592f2dc9d2a110b2231a4cf2ddf84661908ef470f0956d1
reacher,R3_reacher_8f94a57dc057ae3fea063566,,REFIT_103203,R3_ORIGINAL,0.0,0.0,0.0,1.0,1.0,d4e6ac21adddd2c82592f2dc9d2a110b2231a4cf2ddf84661908ef470f0956d1
reacher,R3_reacher_90130661be9d8449b174dfda,,REFIT_103203,R3_ORIGINAL,1.0,1.0,0.0,1.0,1.0,d4e6ac21adddd2c82592f2dc9d2a110b2231a4cf2ddf84661908ef470f0956d1
reacher,R3_reacher_91d6a515142521d444cda8ca,,REFIT_103203,R3_ORIGINAL,1.0,1.0,0.0,0.0,0.0,d4e6ac21adddd2c82592f2dc9d2a110b2231a4cf2ddf84661908ef470f0956d1
reacher,R3_reacher_9ce16e33ff15bde409d40098,,REFIT_103203,R3_ORIGINAL,1.0,1.0,0.0,0.0,0.0,d4e6ac21adddd2c82592f2dc9d2a110b2231a4cf2ddf84661908ef470f0956d1
reacher,R3_reacher_a1c24b0d5bdd53fdeb203e5f,,REFIT_103203,R3_ORIGINAL,1.0,1.0,0.0,0.0,0.0,d4e6ac21adddd2c82592f2dc9d2a110b2231a4cf2ddf84661908ef470f0956d1
reacher,R3_reacher_a4fc5af8bb0b58322c55693f,,REFIT_103203,R3_ORIGINAL,1.0,1.0,0.0,1.0,1.0,d4e6ac21adddd2c82592f2dc9d2a110b2231a4cf2ddf84661908ef470f0956d1
reacher,R3_reacher_a80b135a2ca6b9fe49081cb7,,REFIT_103203,R3_ORIGINAL,1.0,1.0,0.0,1.0,1.0,d4e6ac21adddd2c82592f2dc9d2a110b2231a4cf2ddf84661908ef470f0956d1
reacher,R3_reacher_aa19e4ff8c803eccffc04674,,REFIT_103203,R3_ORIGINAL,1.0,1.0,0.0,0.0,0.0,d4e6ac21adddd2c82592f2dc9d2a110b2231a4cf2ddf84661908ef470f0956d1
reacher,R3_reacher_ae4e56803bfc6050ad2c5407,,REFIT_103203,R3_ORIGINAL,1.0,1.0,0.0,1.0,1.0,d4e6ac21adddd2c82592f2dc9d2a110b2231a4cf2ddf84661908ef470f0956d1
reacher,R3_reacher_af2aa3d1d6cbf53a4f647860,,REFIT_103203,R3_ORIGINAL,1.0,0.0,-1.0,1.0,1.0,d4e6ac21adddd2c82592f2dc9d2a110b2231a4cf2ddf84661908ef470f0956d1
reacher,R3_reacher_b1919e19a6a875f129014e81,,REFIT_103203,R3_ORIGINAL,1.0,1.0,0.0,0.0,0.0,d4e6ac21adddd2c82592f2dc9d2a110b2231a4cf2ddf84661908ef470f0956d1
reacher,R3_reacher_b2b5f6290d54abd4e830fc73,,REFIT_103203,R3_ORIGINAL,0.0,1.0,1.0,1.0,1.0,d4e6ac21adddd2c82592f2dc9d2a110b2231a4cf2ddf84661908ef470f0956d1
reacher,R3_reacher_b360acd1c6d9c7eb19ad0748,,REFIT_103203,R3_ORIGINAL,0.0,1.0,1.0,1.0,1.0,d4e6ac21adddd2c82592f2dc9d2a110b2231a4cf2ddf84661908ef470f0956d1
reacher,R3_reacher_b435d231878e66fe816e4b27,,REFIT_103203,R3_ORIGINAL,1.0,1.0,0.0,1.0,1.0,d4e6ac21adddd2c82592f2dc9d2a110b2231a4cf2ddf84661908ef470f0956d1
reacher,R3_reacher_b7683878966ffb88777d03f2,,REFIT_103203,R3_ORIGINAL,0.0,1.0,1.0,1.0,1.0,d4e6ac21adddd2c82592f2dc9d2a110b2231a4cf2ddf84661908ef470f0956d1
reacher,R3_reacher_c0da6ebc002f6e6d8652c23a,,REFIT_103203,R3_ORIGINAL,1.0,1.0,0.0,0.0,0.0,d4e6ac21adddd2c82592f2dc9d2a110b2231a4cf2ddf84661908ef470f0956d1
reacher,R3_reacher_c47240a947a9f7917eaf944b,,REFIT_103203,R3_ORIGINAL,1.0,1.0,0.0,1.0,1.0,d4e6ac21adddd2c82592f2dc9d2a110b2231a4cf2ddf84661908ef470f0956d1
reacher,R3_reacher_c799ddaf20ab5016c0fcc94d,,REFIT_103203,R3_ORIGINAL,1.0,1.0,0.0,1.0,1.0,d4e6ac21adddd2c82592f2dc9d2a110b2231a4cf2ddf84661908ef470f0956d1
reacher,R3_reacher_cbda62f6c8224e2f9423fd2d,,REFIT_103203,R3_ORIGINAL,1.0,1.0,0.0,1.0,1.0,d4e6ac21adddd2c82592f2dc9d2a110b2231a4cf2ddf84661908ef470f0956d1
reacher,R3_reacher_cda870d3e512d2eb34471d9e,,REFIT_103203,R3_ORIGINAL,1.0,1.0,0.0,0.0,0.0,d4e6ac21adddd2c82592f2dc9d2a110b2231a4cf2ddf84661908ef470f0956d1
reacher,R3_reacher_cdd7a48d2d150bc082f55fa8,,REFIT_103203,R3_ORIGINAL,0.0,0.0,0.0,1.0,1.0,d4e6ac21adddd2c82592f2dc9d2a110b2231a4cf2ddf84661908ef470f0956d1
reacher,R3_reacher_cf3ea0332fec67aba0c09d69,,REFIT_103203,R3_ORIGINAL,1.0,1.0,0.0,1.0,1.0,d4e6ac21adddd2c82592f2dc9d2a110b2231a4cf2ddf84661908ef470f0956d1
reacher,R3_reacher_d114702b19acfaf5dda45c4f,,REFIT_103203,R3_ORIGINAL,1.0,1.0,0.0,0.0,0.0,d4e6ac21adddd2c82592f2dc9d2a110b2231a4cf2ddf84661908ef470f0956d1
reacher,R3_reacher_d6184e6ee10fee6564198319,,REFIT_103203,R3_ORIGINAL,1.0,1.0,0.0,1.0,1.0,d4e6ac21adddd2c82592f2dc9d2a110b2231a4cf2ddf84661908ef470f0956d1
reacher,R3_reacher_d75164310bc00a38ef41a7a2,,REFIT_103203,R3_ORIGINAL,1.0,1.0,0.0,0.0,0.0,d4e6ac21adddd2c82592f2dc9d2a110b2231a4cf2ddf84661908ef470f0956d1
reacher,R3_reacher_db1aac2a2839b94c8cf3e963,,REFIT_103203,R3_ORIGINAL,1.0,1.0,0.0,1.0,1.0,d4e6ac21adddd2c82592f2dc9d2a110b2231a4cf2ddf84661908ef470f0956d1
reacher,R3_reacher_df4b440848b9f031543dd698,,REFIT_103203,R3_ORIGINAL,1.0,1.0,0.0,1.0,1.0,d4e6ac21adddd2c82592f2dc9d2a110b2231a4cf2ddf84661908ef470f0956d1
reacher,R3_reacher_df6b904f9325342cb9269256,,REFIT_103203,R3_ORIGINAL,0.0,1.0,1.0,1.0,1.0,d4e6ac21adddd2c82592f2dc9d2a110b2231a4cf2ddf84661908ef470f0956d1
reacher,R3_reacher_e16605f9ca3eaefb85d7cd2a,,REFIT_103203,R3_ORIGINAL,1.0,1.0,0.0,0.0,0.0,d4e6ac21adddd2c82592f2dc9d2a110b2231a4cf2ddf84661908ef470f0956d1
reacher,R3_reacher_e25a61bb715dbf3fd96b9f4b,,REFIT_103203,R3_ORIGINAL,1.0,1.0,0.0,0.0,0.0,d4e6ac21adddd2c82592f2dc9d2a110b2231a4cf2ddf84661908ef470f0956d1
reacher,R3_reacher_e547cc356ff64f28a01b3a4d,,REFIT_103203,R3_ORIGINAL,0.0,1.0,1.0,1.0,1.0,d4e6ac21adddd2c82592f2dc9d2a110b2231a4cf2ddf84661908ef470f0956d1
reacher,R3_reacher_e690a367ff4f94b45cee2d33,,REFIT_103203,R3_ORIGINAL,1.0,1.0,0.0,0.0,0.0,d4e6ac21adddd2c82592f2dc9d2a110b2231a4cf2ddf84661908ef470f0956d1
reacher,R3_reacher_e899be36b2378f247385a80c,,REFIT_103203,R3_ORIGINAL,1.0,1.0,0.0,0.0,0.0,d4e6ac21adddd2c82592f2dc9d2a110b2231a4cf2ddf84661908ef470f0956d1
reacher,R3_reacher_e96c064ebe544a7de14e595f,,REFIT_103203,R3_ORIGINAL,1.0,1.0,0.0,0.0,0.0,d4e6ac21adddd2c82592f2dc9d2a110b2231a4cf2ddf84661908ef470f0956d1
reacher,R3_reacher_e97cbf284bc2f1863e321521,,REFIT_103203,R3_ORIGINAL,0.0,1.0,1.0,1.0,1.0,d4e6ac21adddd2c82592f2dc9d2a110b2231a4cf2ddf84661908ef470f0956d1
reacher,R3_reacher_e9df183d83d2c6d6143de3be,,REFIT_103203,R3_ORIGINAL,1.0,1.0,0.0,0.0,0.0,d4e6ac21adddd2c82592f2dc9d2a110b2231a4cf2ddf84661908ef470f0956d1
reacher,R3_reacher_eb5da8b3b8a360d72bdc4b81,,REFIT_103203,R3_ORIGINAL,1.0,1.0,0.0,0.0,0.0,d4e6ac21adddd2c82592f2dc9d2a110b2231a4cf2ddf84661908ef470f0956d1
reacher,R3_reacher_ed2a6ac159bdefdd8698e966,,REFIT_103203,R3_ORIGINAL,1.0,1.0,0.0,0.0,0.0,d4e6ac21adddd2c82592f2dc9d2a110b2231a4cf2ddf84661908ef470f0956d1
reacher,R3_reacher_ee3aa3dea1bccfc0c0400c77,,REFIT_103203,R3_ORIGINAL,0.0,1.0,1.0,1.0,1.0,d4e6ac21adddd2c82592f2dc9d2a110b2231a4cf2ddf84661908ef470f0956d1
reacher,R3_reacher_f295eb60a191606d1f094189,,REFIT_103203,R3_ORIGINAL,1.0,1.0,0.0,0.0,0.0,d4e6ac21adddd2c82592f2dc9d2a110b2231a4cf2ddf84661908ef470f0956d1
reacher,R3_reacher_f7bea0928cdded574e397c2d,,REFIT_103203,R3_ORIGINAL,1.0,1.0,0.0,1.0,1.0,d4e6ac21adddd2c82592f2dc9d2a110b2231a4cf2ddf84661908ef470f0956d1
reacher,R3_reacher_fa467774affd316a6db90f90,,REFIT_103203,R3_ORIGINAL,1.0,1.0,0.0,1.0,1.0,d4e6ac21adddd2c82592f2dc9d2a110b2231a4cf2ddf84661908ef470f0956d1
reacher,R3_reacher_fc2a1ecf6edea23cba59b6be,,REFIT_103203,R3_ORIGINAL,1.0,1.0,0.0,1.0,1.0,d4e6ac21adddd2c82592f2dc9d2a110b2231a4cf2ddf84661908ef470f0956d1
reacher,R3_reacher_fca2ae6f03dd54aa3833661f,,REFIT_103203,R3_ORIGINAL,1.0,1.0,0.0,0.0,0.0,d4e6ac21adddd2c82592f2dc9d2a110b2231a4cf2ddf84661908ef470f0956d1
reacher,R3_reacher_fe1001e9c3b6b50616b6fe2d,,REFIT_103203,R3_ORIGINAL,0.0,1.0,1.0,1.0,1.0,d4e6ac21adddd2c82592f2dc9d2a110b2231a4cf2ddf84661908ef470f0956d1
reacher,R3_reacher_01fd87d09dbf3909048741d4,,REFIT_103203,R4_ALT_CEM_1,1.0,1.0,0.0,1.0,1.0,d4e6ac21adddd2c82592f2dc9d2a110b2231a4cf2ddf84661908ef470f0956d1
reacher,R3_reacher_0651ebd394a43de70c9b7ad0,,REFIT_103203,R4_ALT_CEM_1,1.0,1.0,0.0,0.0,0.0,d4e6ac21adddd2c82592f2dc9d2a110b2231a4cf2ddf84661908ef470f0956d1
reacher,R3_reacher_06b68490d49af9bd892bea71,,REFIT_103203,R4_ALT_CEM_1,1.0,1.0,0.0,0.0,0.0,d4e6ac21adddd2c82592f2dc9d2a110b2231a4cf2ddf84661908ef470f0956d1
reacher,R3_reacher_09247f3e88e7af275abc2d1d,,REFIT_103203,R4_ALT_CEM_1,0.0,1.0,1.0,1.0,1.0,d4e6ac21adddd2c82592f2dc9d2a110b2231a4cf2ddf84661908ef470f0956d1
reacher,R3_reacher_0e325219914460cb340033c1,,REFIT_103203,R4_ALT_CEM_1,1.0,1.0,0.0,0.0,0.0,d4e6ac21adddd2c82592f2dc9d2a110b2231a4cf2ddf84661908ef470f0956d1
reacher,R3_reacher_0ea549c2f80d7cbbbb1b6dd8,,REFIT_103203,R4_ALT_CEM_1,1.0,1.0,0.0,1.0,1.0,d4e6ac21adddd2c82592f2dc9d2a110b2231a4cf2ddf84661908ef470f0956d1
reacher,R3_reacher_10754410887eb77f72ae018e,,REFIT_103203,R4_ALT_CEM_1,1.0,1.0,0.0,0.0,0.0,d4e6ac21adddd2c82592f2dc9d2a110b2231a4cf2ddf84661908ef470f0956d1
reacher,R3_reacher_19b957e03f42b1b14d0654d7,,REFIT_103203,R4_ALT_CEM_1,1.0,1.0,0.0,0.0,0.0,d4e6ac21adddd2c82592f2dc9d2a110b2231a4cf2ddf84661908ef470f0956d1
reacher,R3_reacher_1aad022046d1e4f9da53b4a0,,REFIT_103203,R4_ALT_CEM_1,1.0,1.0,0.0,0.0,0.0,d4e6ac21adddd2c82592f2dc9d2a110b2231a4cf2ddf84661908ef470f0956d1
reacher,R3_reacher_1afd87ed042926d5ecc50b5c,,REFIT_103203,R4_ALT_CEM_1,1.0,1.0,0.0,0.0,0.0,d4e6ac21adddd2c82592f2dc9d2a110b2231a4cf2ddf84661908ef470f0956d1
reacher,R3_reacher_1fc0b1d9c6963542440189cf,,REFIT_103203,R4_ALT_CEM_1,1.0,1.0,0.0,1.0,1.0,d4e6ac21adddd2c82592f2dc9d2a110b2231a4cf2ddf84661908ef470f0956d1
reacher,R3_reacher_20e903c4dc4794a78a414ccb,,REFIT_103203,R4_ALT_CEM_1,1.0,1.0,0.0,1.0,1.0,d4e6ac21adddd2c82592f2dc9d2a110b2231a4cf2ddf84661908ef470f0956d1
reacher,R3_reacher_227dcc9361770465dc9ba143,,REFIT_103203,R4_ALT_CEM_1,1.0,0.0,-1.0,1.0,1.0,d4e6ac21adddd2c82592f2dc9d2a110b2231a4cf2ddf84661908ef470f0956d1
reacher,R3_reacher_248c04f18e24c23c388665d6,,REFIT_103203,R4_ALT_CEM_1,1.0,1.0,0.0,1.0,1.0,d4e6ac21adddd2c82592f2dc9d2a110b2231a4cf2ddf84661908ef470f0956d1
reacher,R3_reacher_25281ce20ac4c1a4e13bfe64,,REFIT_103203,R4_ALT_CEM_1,1.0,1.0,0.0,0.0,0.0,d4e6ac21adddd2c82592f2dc9d2a110b2231a4cf2ddf84661908ef470f0956d1
reacher,R3_reacher_29461ecfe2e96e3052bf252e,,REFIT_103203,R4_ALT_CEM_1,1.0,1.0,0.0,1.0,1.0,d4e6ac21adddd2c82592f2dc9d2a110b2231a4cf2ddf84661908ef470f0956d1
reacher,R3_reacher_2ae169997e13b18afc7243d3,,REFIT_103203,R4_ALT_CEM_1,1.0,1.0,0.0,0.0,0.0,d4e6ac21adddd2c82592f2dc9d2a110b2231a4cf2ddf84661908ef470f0956d1
reacher,R3_reacher_2b1605c757025d16771855cd,,REFIT_103203,R4_ALT_CEM_1,1.0,1.0,0.0,1.0,1.0,d4e6ac21adddd2c82592f2dc9d2a110b2231a4cf2ddf84661908ef470f0956d1
reacher,R3_reacher_2da80c9f2c12b38dd5ae592f,,REFIT_103203,R4_ALT_CEM_1,1.0,1.0,0.0,1.0,1.0,d4e6ac21adddd2c82592f2dc9d2a110b2231a4cf2ddf84661908ef470f0956d1
reacher,R3_reacher_31bc43e232044dba582b1a91,,REFIT_103203,R4_ALT_CEM_1,1.0,1.0,0.0,0.0,0.0,d4e6ac21adddd2c82592f2dc9d2a110b2231a4cf2ddf84661908ef470f0956d1
reacher,R3_reacher_3225c7070888eacd2fe6ba3b,,REFIT_103203,R4_ALT_CEM_1,1.0,1.0,0.0,1.0,1.0,d4e6ac21adddd2c82592f2dc9d2a110b2231a4cf2ddf84661908ef470f0956d1
reacher,R3_reacher_339d1566307eb06b287cd9d6,,REFIT_103203,R4_ALT_CEM_1,0.0,1.0,1.0,1.0,1.0,d4e6ac21adddd2c82592f2dc9d2a110b2231a4cf2ddf84661908ef470f0956d1
reacher,R3_reacher_3687a037d77056bca1ad3a86,,REFIT_103203,R4_ALT_CEM_1,1.0,1.0,0.0,0.0,0.0,d4e6ac21adddd2c82592f2dc9d2a110b2231a4cf2ddf84661908ef470f0956d1
reacher,R3_reacher_391d2d69b9911b586e875be4,,REFIT_103203,R4_ALT_CEM_1,0.0,1.0,1.0,1.0,1.0,d4e6ac21adddd2c82592f2dc9d2a110b2231a4cf2ddf84661908ef470f0956d1
reacher,R3_reacher_3c2be98ff314c21b533f9194,,REFIT_103203,R4_ALT_CEM_1,1.0,1.0,0.0,0.0,0.0,d4e6ac21adddd2c82592f2dc9d2a110b2231a4cf2ddf84661908ef470f0956d1
reacher,R3_reacher_3dc92a427bfa8caeee91f551,,REFIT_103203,R4_ALT_CEM_1,1.0,1.0,0.0,0.0,0.0,d4e6ac21adddd2c82592f2dc9d2a110b2231a4cf2ddf84661908ef470f0956d1
reacher,R3_reacher_3ebb7b8846f0d4e4c5337f68,,REFIT_103203,R4_ALT_CEM_1,1.0,1.0,0.0,1.0,1.0,d4e6ac21adddd2c82592f2dc9d2a110b2231a4cf2ddf84661908ef470f0956d1
reacher,R3_reacher_43346886f663e17e6f232be2,,REFIT_103203,R4_ALT_CEM_1,1.0,1.0,0.0,1.0,1.0,d4e6ac21adddd2c82592f2dc9d2a110b2231a4cf2ddf84661908ef470f0956d1
reacher,R3_reacher_43bed550bc7c733bb23002e3,,REFIT_103203,R4_ALT_CEM_1,1.0,1.0,0.0,0.0,0.0,d4e6ac21adddd2c82592f2dc9d2a110b2231a4cf2ddf84661908ef470f0956d1
reacher,R3_reacher_48b38c457e06aea47721389a,,REFIT_103203,R4_ALT_CEM_1,0.0,1.0,1.0,1.0,1.0,d4e6ac21adddd2c82592f2dc9d2a110b2231a4cf2ddf84661908ef470f0956d1
reacher,R3_reacher_4a2a4a159bd6d8b01f632e71,,REFIT_103203,R4_ALT_CEM_1,1.0,1.0,0.0,0.0,0.0,d4e6ac21adddd2c82592f2dc9d2a110b2231a4cf2ddf84661908ef470f0956d1
reacher,R3_reacher_4b5f85125ceccca055fe76b4,,REFIT_103203,R4_ALT_CEM_1,1.0,1.0,0.0,0.0,0.0,d4e6ac21adddd2c82592f2dc9d2a110b2231a4cf2ddf84661908ef470f0956d1
reacher,R3_reacher_4d092e8fde355972772dfa7e,,REFIT_103203,R4_ALT_CEM_1,1.0,1.0,0.0,1.0,1.0,d4e6ac21adddd2c82592f2dc9d2a110b2231a4cf2ddf84661908ef470f0956d1
reacher,R3_reacher_4de0f0387d01ac1b49760c47,,REFIT_103203,R4_ALT_CEM_1,0.0,1.0,1.0,1.0,1.0,d4e6ac21adddd2c82592f2dc9d2a110b2231a4cf2ddf84661908ef470f0956d1
reacher,R3_reacher_4eb4413d6e63e87a59fec03a,,REFIT_103203,R4_ALT_CEM_1,1.0,1.0,0.0,1.0,1.0,d4e6ac21adddd2c82592f2dc9d2a110b2231a4cf2ddf84661908ef470f0956d1
reacher,R3_reacher_51856009f99570a92446d05a,,REFIT_103203,R4_ALT_CEM_1,1.0,1.0,0.0,0.0,0.0,d4e6ac21adddd2c82592f2dc9d2a110b2231a4cf2ddf84661908ef470f0956d1
reacher,R3_reacher_54f5b13feb6984f1980392cc,,REFIT_103203,R4_ALT_CEM_1,1.0,1.0,0.0,0.0,0.0,d4e6ac21adddd2c82592f2dc9d2a110b2231a4cf2ddf84661908ef470f0956d1
reacher,R3_reacher_5d50985e823f66ebd401c1ec,,REFIT_103203,R4_ALT_CEM_1,1.0,1.0,0.0,1.0,1.0,d4e6ac21adddd2c82592f2dc9d2a110b2231a4cf2ddf84661908ef470f0956d1
reacher,R3_reacher_5e2d5d2d9907df0393e50f40,,REFIT_103203,R4_ALT_CEM_1,1.0,1.0,0.0,0.0,0.0,d4e6ac21adddd2c82592f2dc9d2a110b2231a4cf2ddf84661908ef470f0956d1
reacher,R3_reacher_5ede573180f7658b8cb1fa2a,,REFIT_103203,R4_ALT_CEM_1,1.0,1.0,0.0,0.0,0.0,d4e6ac21adddd2c82592f2dc9d2a110b2231a4cf2ddf84661908ef470f0956d1
reacher,R3_reacher_6216de4a5b03eb23d114e16a,,REFIT_103203,R4_ALT_CEM_1,1.0,1.0,0.0,0.0,0.0,d4e6ac21adddd2c82592f2dc9d2a110b2231a4cf2ddf84661908ef470f0956d1
reacher,R3_reacher_665505d7ca68f56e86ab9898,,REFIT_103203,R4_ALT_CEM_1,1.0,1.0,0.0,1.0,1.0,d4e6ac21adddd2c82592f2dc9d2a110b2231a4cf2ddf84661908ef470f0956d1
reacher,R3_reacher_68ead16e22260984b6ce630e,,REFIT_103203,R4_ALT_CEM_1,1.0,1.0,0.0,1.0,1.0,d4e6ac21adddd2c82592f2dc9d2a110b2231a4cf2ddf84661908ef470f0956d1
reacher,R3_reacher_691b0678315722721b850bd9,,REFIT_103203,R4_ALT_CEM_1,1.0,1.0,0.0,1.0,1.0,d4e6ac21adddd2c82592f2dc9d2a110b2231a4cf2ddf84661908ef470f0956d1
reacher,R3_reacher_6cba7a43faf319ebfe282ca1,,REFIT_103203,R4_ALT_CEM_1,0.0,1.0,1.0,1.0,1.0,d4e6ac21adddd2c82592f2dc9d2a110b2231a4cf2ddf84661908ef470f0956d1
reacher,R3_reacher_6d50b6eae922ec8eaba3b2aa,,REFIT_103203,R4_ALT_CEM_1,1.0,1.0,0.0,1.0,1.0,d4e6ac21adddd2c82592f2dc9d2a110b2231a4cf2ddf84661908ef470f0956d1
reacher,R3_reacher_6ff2b0510c4734c334024b6f,,REFIT_103203,R4_ALT_CEM_1,1.0,1.0,0.0,0.0,0.0,d4e6ac21adddd2c82592f2dc9d2a110b2231a4cf2ddf84661908ef470f0956d1
reacher,R3_reacher_74df08ab195a14a2c8f2f0ac,,REFIT_103203,R4_ALT_CEM_1,1.0,1.0,0.0,0.0,0.0,d4e6ac21adddd2c82592f2dc9d2a110b2231a4cf2ddf84661908ef470f0956d1
reacher,R3_reacher_78e0945523fb491a3f33e969,,REFIT_103203,R4_ALT_CEM_1,0.0,1.0,1.0,1.0,1.0,d4e6ac21adddd2c82592f2dc9d2a110b2231a4cf2ddf84661908ef470f0956d1
reacher,R3_reacher_7aff8be5072b1a8af1a8d13d,,REFIT_103203,R4_ALT_CEM_1,1.0,1.0,0.0,1.0,1.0,d4e6ac21adddd2c82592f2dc9d2a110b2231a4cf2ddf84661908ef470f0956d1
reacher,R3_reacher_7dd7cb04423f92db263fa577,,REFIT_103203,R4_ALT_CEM_1,1.0,1.0,0.0,0.0,0.0,d4e6ac21adddd2c82592f2dc9d2a110b2231a4cf2ddf84661908ef470f0956d1
reacher,R3_reacher_8013310a3876dc798b82233e,,REFIT_103203,R4_ALT_CEM_1,1.0,1.0,0.0,1.0,1.0,d4e6ac21adddd2c82592f2dc9d2a110b2231a4cf2ddf84661908ef470f0956d1
reacher,R3_reacher_81676bd5f7a922d099e8c632,,REFIT_103203,R4_ALT_CEM_1,1.0,1.0,0.0,1.0,1.0,d4e6ac21adddd2c82592f2dc9d2a110b2231a4cf2ddf84661908ef470f0956d1
reacher,R3_reacher_88e6d02b4868302c88af83bd,,REFIT_103203,R4_ALT_CEM_1,1.0,1.0,0.0,1.0,1.0,d4e6ac21adddd2c82592f2dc9d2a110b2231a4cf2ddf84661908ef470f0956d1
reacher,R3_reacher_8cb337114374dac2e790e2d0,,REFIT_103203,R4_ALT_CEM_1,1.0,1.0,0.0,0.0,0.0,d4e6ac21adddd2c82592f2dc9d2a110b2231a4cf2ddf84661908ef470f0956d1
reacher,R3_reacher_8f94a57dc057ae3fea063566,,REFIT_103203,R4_ALT_CEM_1,1.0,1.0,0.0,1.0,1.0,d4e6ac21adddd2c82592f2dc9d2a110b2231a4cf2ddf84661908ef470f0956d1
reacher,R3_reacher_90130661be9d8449b174dfda,,REFIT_103203,R4_ALT_CEM_1,1.0,1.0,0.0,1.0,1.0,d4e6ac21adddd2c82592f2dc9d2a110b2231a4cf2ddf84661908ef470f0956d1
reacher,R3_reacher_91d6a515142521d444cda8ca,,REFIT_103203,R4_ALT_CEM_1,1.0,1.0,0.0,0.0,0.0,d4e6ac21adddd2c82592f2dc9d2a110b2231a4cf2ddf84661908ef470f0956d1
reacher,R3_reacher_9ce16e33ff15bde409d40098,,REFIT_103203,R4_ALT_CEM_1,1.0,1.0,0.0,0.0,0.0,d4e6ac21adddd2c82592f2dc9d2a110b2231a4cf2ddf84661908ef470f0956d1
reacher,R3_reacher_a1c24b0d5bdd53fdeb203e5f,,REFIT_103203,R4_ALT_CEM_1,1.0,1.0,0.0,0.0,0.0,d4e6ac21adddd2c82592f2dc9d2a110b2231a4cf2ddf84661908ef470f0956d1
reacher,R3_reacher_a4fc5af8bb0b58322c55693f,,REFIT_103203,R4_ALT_CEM_1,1.0,1.0,0.0,0.0,0.0,d4e6ac21adddd2c82592f2dc9d2a110b2231a4cf2ddf84661908ef470f0956d1
reacher,R3_reacher_a80b135a2ca6b9fe49081cb7,,REFIT_103203,R4_ALT_CEM_1,0.0,1.0,1.0,1.0,1.0,d4e6ac21adddd2c82592f2dc9d2a110b2231a4cf2ddf84661908ef470f0956d1
reacher,R3_reacher_aa19e4ff8c803eccffc04674,,REFIT_103203,R4_ALT_CEM_1,1.0,1.0,0.0,0.0,0.0,d4e6ac21adddd2c82592f2dc9d2a110b2231a4cf2ddf84661908ef470f0956d1
reacher,R3_reacher_ae4e56803bfc6050ad2c5407,,REFIT_103203,R4_ALT_CEM_1,0.0,1.0,1.0,1.0,1.0,d4e6ac21adddd2c82592f2dc9d2a110b2231a4cf2ddf84661908ef470f0956d1
reacher,R3_reacher_af2aa3d1d6cbf53a4f647860,,REFIT_103203,R4_ALT_CEM_1,0.0,0.0,0.0,1.0,1.0,d4e6ac21adddd2c82592f2dc9d2a110b2231a4cf2ddf84661908ef470f0956d1
reacher,R3_reacher_b1919e19a6a875f129014e81,,REFIT_103203,R4_ALT_CEM_1,1.0,1.0,0.0,0.0,0.0,d4e6ac21adddd2c82592f2dc9d2a110b2231a4cf2ddf84661908ef470f0956d1
reacher,R3_reacher_b2b5f6290d54abd4e830fc73,,REFIT_103203,R4_ALT_CEM_1,1.0,1.0,0.0,0.0,0.0,d4e6ac21adddd2c82592f2dc9d2a110b2231a4cf2ddf84661908ef470f0956d1
reacher,R3_reacher_b360acd1c6d9c7eb19ad0748,,REFIT_103203,R4_ALT_CEM_1,1.0,1.0,0.0,0.0,0.0,d4e6ac21adddd2c82592f2dc9d2a110b2231a4cf2ddf84661908ef470f0956d1
reacher,R3_reacher_b435d231878e66fe816e4b27,,REFIT_103203,R4_ALT_CEM_1,1.0,1.0,0.0,1.0,1.0,d4e6ac21adddd2c82592f2dc9d2a110b2231a4cf2ddf84661908ef470f0956d1
reacher,R3_reacher_b7683878966ffb88777d03f2,,REFIT_103203,R4_ALT_CEM_1,1.0,1.0,0.0,1.0,1.0,d4e6ac21adddd2c82592f2dc9d2a110b2231a4cf2ddf84661908ef470f0956d1
reacher,R3_reacher_c0da6ebc002f6e6d8652c23a,,REFIT_103203,R4_ALT_CEM_1,1.0,1.0,0.0,1.0,1.0,d4e6ac21adddd2c82592f2dc9d2a110b2231a4cf2ddf84661908ef470f0956d1
reacher,R3_reacher_c47240a947a9f7917eaf944b,,REFIT_103203,R4_ALT_CEM_1,0.0,1.0,1.0,1.0,1.0,d4e6ac21adddd2c82592f2dc9d2a110b2231a4cf2ddf84661908ef470f0956d1
reacher,R3_reacher_c799ddaf20ab5016c0fcc94d,,REFIT_103203,R4_ALT_CEM_1,1.0,1.0,0.0,1.0,1.0,d4e6ac21adddd2c82592f2dc9d2a110b2231a4cf2ddf84661908ef470f0956d1
reacher,R3_reacher_cbda62f6c8224e2f9423fd2d,,REFIT_103203,R4_ALT_CEM_1,0.0,1.0,1.0,1.0,1.0,d4e6ac21adddd2c82592f2dc9d2a110b2231a4cf2ddf84661908ef470f0956d1
reacher,R3_reacher_cda870d3e512d2eb34471d9e,,REFIT_103203,R4_ALT_CEM_1,1.0,1.0,0.0,0.0,0.0,d4e6ac21adddd2c82592f2dc9d2a110b2231a4cf2ddf84661908ef470f0956d1
reacher,R3_reacher_cdd7a48d2d150bc082f55fa8,,REFIT_103203,R4_ALT_CEM_1,1.0,1.0,0.0,1.0,1.0,d4e6ac21adddd2c82592f2dc9d2a110b2231a4cf2ddf84661908ef470f0956d1
reacher,R3_reacher_cf3ea0332fec67aba0c09d69,,REFIT_103203,R4_ALT_CEM_1,1.0,1.0,0.0,0.0,0.0,d4e6ac21adddd2c82592f2dc9d2a110b2231a4cf2ddf84661908ef470f0956d1
reacher,R3_reacher_d114702b19acfaf5dda45c4f,,REFIT_103203,R4_ALT_CEM_1,1.0,1.0,0.0,1.0,1.0,d4e6ac21adddd2c82592f2dc9d2a110b2231a4cf2ddf84661908ef470f0956d1
reacher,R3_reacher_d6184e6ee10fee6564198319,,REFIT_103203,R4_ALT_CEM_1,1.0,1.0,0.0,1.0,1.0,d4e6ac21adddd2c82592f2dc9d2a110b2231a4cf2ddf84661908ef470f0956d1
reacher,R3_reacher_d75164310bc00a38ef41a7a2,,REFIT_103203,R4_ALT_CEM_1,1.0,1.0,0.0,0.0,0.0,d4e6ac21adddd2c82592f2dc9d2a110b2231a4cf2ddf84661908ef470f0956d1
reacher,R3_reacher_db1aac2a2839b94c8cf3e963,,REFIT_103203,R4_ALT_CEM_1,1.0,1.0,0.0,0.0,0.0,d4e6ac21adddd2c82592f2dc9d2a110b2231a4cf2ddf84661908ef470f0956d1
reacher,R3_reacher_df4b440848b9f031543dd698,,REFIT_103203,R4_ALT_CEM_1,1.0,1.0,0.0,1.0,1.0,d4e6ac21adddd2c82592f2dc9d2a110b2231a4cf2ddf84661908ef470f0956d1
reacher,R3_reacher_df6b904f9325342cb9269256,,REFIT_103203,R4_ALT_CEM_1,1.0,1.0,0.0,1.0,1.0,d4e6ac21adddd2c82592f2dc9d2a110b2231a4cf2ddf84661908ef470f0956d1
reacher,R3_reacher_e16605f9ca3eaefb85d7cd2a,,REFIT_103203,R4_ALT_CEM_1,1.0,1.0,0.0,0.0,0.0,d4e6ac21adddd2c82592f2dc9d2a110b2231a4cf2ddf84661908ef470f0956d1
reacher,R3_reacher_e25a61bb715dbf3fd96b9f4b,,REFIT_103203,R4_ALT_CEM_1,1.0,1.0,0.0,0.0,0.0,d4e6ac21adddd2c82592f2dc9d2a110b2231a4cf2ddf84661908ef470f0956d1
reacher,R3_reacher_e547cc356ff64f28a01b3a4d,,REFIT_103203,R4_ALT_CEM_1,1.0,1.0,0.0,0.0,0.0,d4e6ac21adddd2c82592f2dc9d2a110b2231a4cf2ddf84661908ef470f0956d1
reacher,R3_reacher_e690a367ff4f94b45cee2d33,,REFIT_103203,R4_ALT_CEM_1,0.0,1.0,1.0,1.0,1.0,d4e6ac21adddd2c82592f2dc9d2a110b2231a4cf2ddf84661908ef470f0956d1
reacher,R3_reacher_e899be36b2378f247385a80c,,REFIT_103203,R4_ALT_CEM_1,0.0,1.0,1.0,1.0,1.0,d4e6ac21adddd2c82592f2dc9d2a110b2231a4cf2ddf84661908ef470f0956d1
reacher,R3_reacher_e96c064ebe544a7de14e595f,,REFIT_103203,R4_ALT_CEM_1,0.0,1.0,1.0,1.0,1.0,d4e6ac21adddd2c82592f2dc9d2a110b2231a4cf2ddf84661908ef470f0956d1
reacher,R3_reacher_e97cbf284bc2f1863e321521,,REFIT_103203,R4_ALT_CEM_1,1.0,0.0,-1.0,1.0,1.0,d4e6ac21adddd2c82592f2dc9d2a110b2231a4cf2ddf84661908ef470f0956d1
reacher,R3_reacher_e9df183d83d2c6d6143de3be,,REFIT_103203,R4_ALT_CEM_1,1.0,1.0,0.0,0.0,0.0,d4e6ac21adddd2c82592f2dc9d2a110b2231a4cf2ddf84661908ef470f0956d1
reacher,R3_reacher_eb5da8b3b8a360d72bdc4b81,,REFIT_103203,R4_ALT_CEM_1,1.0,1.0,0.0,0.0,0.0,d4e6ac21adddd2c82592f2dc9d2a110b2231a4cf2ddf84661908ef470f0956d1
reacher,R3_reacher_ed2a6ac159bdefdd8698e966,,REFIT_103203,R4_ALT_CEM_1,1.0,1.0,0.0,0.0,0.0,d4e6ac21adddd2c82592f2dc9d2a110b2231a4cf2ddf84661908ef470f0956d1
reacher,R3_reacher_ee3aa3dea1bccfc0c0400c77,,REFIT_103203,R4_ALT_CEM_1,1.0,1.0,0.0,1.0,1.0,d4e6ac21adddd2c82592f2dc9d2a110b2231a4cf2ddf84661908ef470f0956d1
reacher,R3_reacher_f295eb60a191606d1f094189,,REFIT_103203,R4_ALT_CEM_1,0.0,1.0,1.0,1.0,1.0,d4e6ac21adddd2c82592f2dc9d2a110b2231a4cf2ddf84661908ef470f0956d1
reacher,R3_reacher_f7bea0928cdded574e397c2d,,REFIT_103203,R4_ALT_CEM_1,1.0,1.0,0.0,1.0,1.0,d4e6ac21adddd2c82592f2dc9d2a110b2231a4cf2ddf84661908ef470f0956d1
reacher,R3_reacher_fa467774affd316a6db90f90,,REFIT_103203,R4_ALT_CEM_1,0.0,0.0,0.0,1.0,1.0,d4e6ac21adddd2c82592f2dc9d2a110b2231a4cf2ddf84661908ef470f0956d1
reacher,R3_reacher_fc2a1ecf6edea23cba59b6be,,REFIT_103203,R4_ALT_CEM_1,1.0,1.0,0.0,1.0,1.0,d4e6ac21adddd2c82592f2dc9d2a110b2231a4cf2ddf84661908ef470f0956d1
reacher,R3_reacher_fca2ae6f03dd54aa3833661f,,REFIT_103203,R4_ALT_CEM_1,1.0,1.0,0.0,0.0,0.0,d4e6ac21adddd2c82592f2dc9d2a110b2231a4cf2ddf84661908ef470f0956d1
reacher,R3_reacher_fe1001e9c3b6b50616b6fe2d,,REFIT_103203,R4_ALT_CEM_1,1.0,1.0,0.0,0.0,0.0,d4e6ac21adddd2c82592f2dc9d2a110b2231a4cf2ddf84661908ef470f0956d1
reacher,R3_reacher_01fd87d09dbf3909048741d4,,REFIT_103203,R4_ALT_CEM_2,1.0,1.0,0.0,1.0,1.0,d4e6ac21adddd2c82592f2dc9d2a110b2231a4cf2ddf84661908ef470f0956d1
reacher,R3_reacher_0651ebd394a43de70c9b7ad0,,REFIT_103203,R4_ALT_CEM_2,1.0,0.0,-1.0,1.0,1.0,d4e6ac21adddd2c82592f2dc9d2a110b2231a4cf2ddf84661908ef470f0956d1
reacher,R3_reacher_06b68490d49af9bd892bea71,,REFIT_103203,R4_ALT_CEM_2,1.0,1.0,0.0,0.0,0.0,d4e6ac21adddd2c82592f2dc9d2a110b2231a4cf2ddf84661908ef470f0956d1
reacher,R3_reacher_09247f3e88e7af275abc2d1d,,REFIT_103203,R4_ALT_CEM_2,1.0,1.0,0.0,0.0,0.0,d4e6ac21adddd2c82592f2dc9d2a110b2231a4cf2ddf84661908ef470f0956d1
reacher,R3_reacher_0e325219914460cb340033c1,,REFIT_103203,R4_ALT_CEM_2,1.0,1.0,0.0,1.0,1.0,d4e6ac21adddd2c82592f2dc9d2a110b2231a4cf2ddf84661908ef470f0956d1
reacher,R3_reacher_0ea549c2f80d7cbbbb1b6dd8,,REFIT_103203,R4_ALT_CEM_2,1.0,1.0,0.0,0.0,0.0,d4e6ac21adddd2c82592f2dc9d2a110b2231a4cf2ddf84661908ef470f0956d1
reacher,R3_reacher_10754410887eb77f72ae018e,,REFIT_103203,R4_ALT_CEM_2,0.0,1.0,1.0,1.0,1.0,d4e6ac21adddd2c82592f2dc9d2a110b2231a4cf2ddf84661908ef470f0956d1
reacher,R3_reacher_19b957e03f42b1b14d0654d7,,REFIT_103203,R4_ALT_CEM_2,1.0,1.0,0.0,0.0,0.0,d4e6ac21adddd2c82592f2dc9d2a110b2231a4cf2ddf84661908ef470f0956d1
reacher,R3_reacher_1aad022046d1e4f9da53b4a0,,REFIT_103203,R4_ALT_CEM_2,1.0,1.0,0.0,0.0,0.0,d4e6ac21adddd2c82592f2dc9d2a110b2231a4cf2ddf84661908ef470f0956d1
reacher,R3_reacher_1afd87ed042926d5ecc50b5c,,REFIT_103203,R4_ALT_CEM_2,1.0,1.0,0.0,0.0,0.0,d4e6ac21adddd2c82592f2dc9d2a110b2231a4cf2ddf84661908ef470f0956d1
reacher,R3_reacher_1fc0b1d9c6963542440189cf,,REFIT_103203,R4_ALT_CEM_2,0.0,1.0,1.0,1.0,1.0,d4e6ac21adddd2c82592f2dc9d2a110b2231a4cf2ddf84661908ef470f0956d1
reacher,R3_reacher_20e903c4dc4794a78a414ccb,,REFIT_103203,R4_ALT_CEM_2,1.0,1.0,0.0,1.0,1.0,d4e6ac21adddd2c82592f2dc9d2a110b2231a4cf2ddf84661908ef470f0956d1
reacher,R3_reacher_227dcc9361770465dc9ba143,,REFIT_103203,R4_ALT_CEM_2,1.0,1.0,0.0,0.0,0.0,d4e6ac21adddd2c82592f2dc9d2a110b2231a4cf2ddf84661908ef470f0956d1
reacher,R3_reacher_248c04f18e24c23c388665d6,,REFIT_103203,R4_ALT_CEM_2,1.0,1.0,0.0,1.0,1.0,d4e6ac21adddd2c82592f2dc9d2a110b2231a4cf2ddf84661908ef470f0956d1
reacher,R3_reacher_25281ce20ac4c1a4e13bfe64,,REFIT_103203,R4_ALT_CEM_2,0.0,1.0,1.0,1.0,1.0,d4e6ac21adddd2c82592f2dc9d2a110b2231a4cf2ddf84661908ef470f0956d1
reacher,R3_reacher_29461ecfe2e96e3052bf252e,,REFIT_103203,R4_ALT_CEM_2,0.0,1.0,1.0,1.0,1.0,d4e6ac21adddd2c82592f2dc9d2a110b2231a4cf2ddf84661908ef470f0956d1
reacher,R3_reacher_2ae169997e13b18afc7243d3,,REFIT_103203,R4_ALT_CEM_2,1.0,1.0,0.0,0.0,0.0,d4e6ac21adddd2c82592f2dc9d2a110b2231a4cf2ddf84661908ef470f0956d1
reacher,R3_reacher_2b1605c757025d16771855cd,,REFIT_103203,R4_ALT_CEM_2,1.0,1.0,0.0,0.0,0.0,d4e6ac21adddd2c82592f2dc9d2a110b2231a4cf2ddf84661908ef470f0956d1
reacher,R3_reacher_2da80c9f2c12b38dd5ae592f,,REFIT_103203,R4_ALT_CEM_2,1.0,1.0,0.0,1.0,1.0,d4e6ac21adddd2c82592f2dc9d2a110b2231a4cf2ddf84661908ef470f0956d1
reacher,R3_reacher_31bc43e232044dba582b1a91,,REFIT_103203,R4_ALT_CEM_2,1.0,1.0,0.0,0.0,0.0,d4e6ac21adddd2c82592f2dc9d2a110b2231a4cf2ddf84661908ef470f0956d1
reacher,R3_reacher_3225c7070888eacd2fe6ba3b,,REFIT_103203,R4_ALT_CEM_2,1.0,1.0,0.0,1.0,1.0,d4e6ac21adddd2c82592f2dc9d2a110b2231a4cf2ddf84661908ef470f0956d1
reacher,R3_reacher_339d1566307eb06b287cd9d6,,REFIT_103203,R4_ALT_CEM_2,1.0,1.0,0.0,1.0,1.0,d4e6ac21adddd2c82592f2dc9d2a110b2231a4cf2ddf84661908ef470f0956d1
reacher,R3_reacher_3687a037d77056bca1ad3a86,,REFIT_103203,R4_ALT_CEM_2,1.0,1.0,0.0,1.0,1.0,d4e6ac21adddd2c82592f2dc9d2a110b2231a4cf2ddf84661908ef470f0956d1
reacher,R3_reacher_391d2d69b9911b586e875be4,,REFIT_103203,R4_ALT_CEM_2,1.0,1.0,0.0,0.0,0.0,d4e6ac21adddd2c82592f2dc9d2a110b2231a4cf2ddf84661908ef470f0956d1
reacher,R3_reacher_3c2be98ff314c21b533f9194,,REFIT_103203,R4_ALT_CEM_2,1.0,1.0,0.0,0.0,0.0,d4e6ac21adddd2c82592f2dc9d2a110b2231a4cf2ddf84661908ef470f0956d1
reacher,R3_reacher_3dc92a427bfa8caeee91f551,,REFIT_103203,R4_ALT_CEM_2,1.0,1.0,0.0,0.0,0.0,d4e6ac21adddd2c82592f2dc9d2a110b2231a4cf2ddf84661908ef470f0956d1
reacher,R3_reacher_3ebb7b8846f0d4e4c5337f68,,REFIT_103203,R4_ALT_CEM_2,1.0,1.0,0.0,1.0,1.0,d4e6ac21adddd2c82592f2dc9d2a110b2231a4cf2ddf84661908ef470f0956d1
reacher,R3_reacher_43346886f663e17e6f232be2,,REFIT_103203,R4_ALT_CEM_2,1.0,1.0,0.0,1.0,1.0,d4e6ac21adddd2c82592f2dc9d2a110b2231a4cf2ddf84661908ef470f0956d1
reacher,R3_reacher_43bed550bc7c733bb23002e3,,REFIT_103203,R4_ALT_CEM_2,1.0,1.0,0.0,0.0,0.0,d4e6ac21adddd2c82592f2dc9d2a110b2231a4cf2ddf84661908ef470f0956d1
reacher,R3_reacher_48b38c457e06aea47721389a,,REFIT_103203,R4_ALT_CEM_2,1.0,1.0,0.0,0.0,0.0,d4e6ac21adddd2c82592f2dc9d2a110b2231a4cf2ddf84661908ef470f0956d1
reacher,R3_reacher_4a2a4a159bd6d8b01f632e71,,REFIT_103203,R4_ALT_CEM_2,1.0,1.0,0.0,1.0,1.0,d4e6ac21adddd2c82592f2dc9d2a110b2231a4cf2ddf84661908ef470f0956d1
reacher,R3_reacher_4b5f85125ceccca055fe76b4,,REFIT_103203,R4_ALT_CEM_2,1.0,1.0,0.0,0.0,0.0,d4e6ac21adddd2c82592f2dc9d2a110b2231a4cf2ddf84661908ef470f0956d1
reacher,R3_reacher_4d092e8fde355972772dfa7e,,REFIT_103203,R4_ALT_CEM_2,0.0,1.0,1.0,1.0,1.0,d4e6ac21adddd2c82592f2dc9d2a110b2231a4cf2ddf84661908ef470f0956d1
reacher,R3_reacher_4de0f0387d01ac1b49760c47,,REFIT_103203,R4_ALT_CEM_2,1.0,1.0,0.0,1.0,1.0,d4e6ac21adddd2c82592f2dc9d2a110b2231a4cf2ddf84661908ef470f0956d1
reacher,R3_reacher_4eb4413d6e63e87a59fec03a,,REFIT_103203,R4_ALT_CEM_2,1.0,1.0,0.0,1.0,1.0,d4e6ac21adddd2c82592f2dc9d2a110b2231a4cf2ddf84661908ef470f0956d1
reacher,R3_reacher_51856009f99570a92446d05a,,REFIT_103203,R4_ALT_CEM_2,0.0,1.0,1.0,1.0,1.0,d4e6ac21adddd2c82592f2dc9d2a110b2231a4cf2ddf84661908ef470f0956d1
reacher,R3_reacher_54f5b13feb6984f1980392cc,,REFIT_103203,R4_ALT_CEM_2,1.0,1.0,0.0,0.0,0.0,d4e6ac21adddd2c82592f2dc9d2a110b2231a4cf2ddf84661908ef470f0956d1
reacher,R3_reacher_5d50985e823f66ebd401c1ec,,REFIT_103203,R4_ALT_CEM_2,1.0,1.0,0.0,1.0,1.0,d4e6ac21adddd2c82592f2dc9d2a110b2231a4cf2ddf84661908ef470f0956d1
reacher,R3_reacher_5e2d5d2d9907df0393e50f40,,REFIT_103203,R4_ALT_CEM_2,1.0,1.0,0.0,0.0,0.0,d4e6ac21adddd2c82592f2dc9d2a110b2231a4cf2ddf84661908ef470f0956d1
reacher,R3_reacher_5ede573180f7658b8cb1fa2a,,REFIT_103203,R4_ALT_CEM_2,1.0,1.0,0.0,0.0,0.0,d4e6ac21adddd2c82592f2dc9d2a110b2231a4cf2ddf84661908ef470f0956d1
reacher,R3_reacher_6216de4a5b03eb23d114e16a,,REFIT_103203,R4_ALT_CEM_2,1.0,1.0,0.0,0.0,0.0,d4e6ac21adddd2c82592f2dc9d2a110b2231a4cf2ddf84661908ef470f0956d1
reacher,R3_reacher_665505d7ca68f56e86ab9898,,REFIT_103203,R4_ALT_CEM_2,1.0,1.0,0.0,0.0,0.0,d4e6ac21adddd2c82592f2dc9d2a110b2231a4cf2ddf84661908ef470f0956d1
reacher,R3_reacher_68ead16e22260984b6ce630e,,REFIT_103203,R4_ALT_CEM_2,1.0,1.0,0.0,1.0,1.0,d4e6ac21adddd2c82592f2dc9d2a110b2231a4cf2ddf84661908ef470f0956d1
reacher,R3_reacher_691b0678315722721b850bd9,,REFIT_103203,R4_ALT_CEM_2,0.0,1.0,1.0,1.0,1.0,d4e6ac21adddd2c82592f2dc9d2a110b2231a4cf2ddf84661908ef470f0956d1
reacher,R3_reacher_6cba7a43faf319ebfe282ca1,,REFIT_103203,R4_ALT_CEM_2,1.0,1.0,0.0,1.0,1.0,d4e6ac21adddd2c82592f2dc9d2a110b2231a4cf2ddf84661908ef470f0956d1
reacher,R3_reacher_6d50b6eae922ec8eaba3b2aa,,REFIT_103203,R4_ALT_CEM_2,1.0,1.0,0.0,0.0,0.0,d4e6ac21adddd2c82592f2dc9d2a110b2231a4cf2ddf84661908ef470f0956d1
reacher,R3_reacher_6ff2b0510c4734c334024b6f,,REFIT_103203,R4_ALT_CEM_2,1.0,1.0,0.0,1.0,1.0,d4e6ac21adddd2c82592f2dc9d2a110b2231a4cf2ddf84661908ef470f0956d1
reacher,R3_reacher_74df08ab195a14a2c8f2f0ac,,REFIT_103203,R4_ALT_CEM_2,1.0,1.0,0.0,0.0,0.0,d4e6ac21adddd2c82592f2dc9d2a110b2231a4cf2ddf84661908ef470f0956d1
reacher,R3_reacher_78e0945523fb491a3f33e969,,REFIT_103203,R4_ALT_CEM_2,1.0,1.0,0.0,0.0,0.0,d4e6ac21adddd2c82592f2dc9d2a110b2231a4cf2ddf84661908ef470f0956d1
reacher,R3_reacher_7aff8be5072b1a8af1a8d13d,,REFIT_103203,R4_ALT_CEM_2,1.0,1.0,0.0,0.0,0.0,d4e6ac21adddd2c82592f2dc9d2a110b2231a4cf2ddf84661908ef470f0956d1
reacher,R3_reacher_7dd7cb04423f92db263fa577,,REFIT_103203,R4_ALT_CEM_2,0.0,1.0,1.0,1.0,1.0,d4e6ac21adddd2c82592f2dc9d2a110b2231a4cf2ddf84661908ef470f0956d1
reacher,R3_reacher_8013310a3876dc798b82233e,,REFIT_103203,R4_ALT_CEM_2,1.0,1.0,0.0,1.0,1.0,d4e6ac21adddd2c82592f2dc9d2a110b2231a4cf2ddf84661908ef470f0956d1
reacher,R3_reacher_81676bd5f7a922d099e8c632,,REFIT_103203,R4_ALT_CEM_2,1.0,1.0,0.0,1.0,1.0,d4e6ac21adddd2c82592f2dc9d2a110b2231a4cf2ddf84661908ef470f0956d1
reacher,R3_reacher_88e6d02b4868302c88af83bd,,REFIT_103203,R4_ALT_CEM_2,1.0,1.0,0.0,1.0,1.0,d4e6ac21adddd2c82592f2dc9d2a110b2231a4cf2ddf84661908ef470f0956d1
reacher,R3_reacher_8cb337114374dac2e790e2d0,,REFIT_103203,R4_ALT_CEM_2,1.0,1.0,0.0,0.0,0.0,d4e6ac21adddd2c82592f2dc9d2a110b2231a4cf2ddf84661908ef470f0956d1
reacher,R3_reacher_8f94a57dc057ae3fea063566,,REFIT_103203,R4_ALT_CEM_2,1.0,1.0,0.0,1.0,1.0,d4e6ac21adddd2c82592f2dc9d2a110b2231a4cf2ddf84661908ef470f0956d1
reacher,R3_reacher_90130661be9d8449b174dfda,,REFIT_103203,R4_ALT_CEM_2,1.0,1.0,0.0,1.0,1.0,d4e6ac21adddd2c82592f2dc9d2a110b2231a4cf2ddf84661908ef470f0956d1
reacher,R3_reacher_91d6a515142521d444cda8ca,,REFIT_103203,R4_ALT_CEM_2,1.0,1.0,0.0,0.0,0.0,d4e6ac21adddd2c82592f2dc9d2a110b2231a4cf2ddf84661908ef470f0956d1
reacher,R3_reacher_9ce16e33ff15bde409d40098,,REFIT_103203,R4_ALT_CEM_2,1.0,1.0,0.0,1.0,1.0,d4e6ac21adddd2c82592f2dc9d2a110b2231a4cf2ddf84661908ef470f0956d1
reacher,R3_reacher_a1c24b0d5bdd53fdeb203e5f,,REFIT_103203,R4_ALT_CEM_2,1.0,1.0,0.0,0.0,0.0,d4e6ac21adddd2c82592f2dc9d2a110b2231a4cf2ddf84661908ef470f0956d1
reacher,R3_reacher_a4fc5af8bb0b58322c55693f,,REFIT_103203,R4_ALT_CEM_2,1.0,1.0,0.0,1.0,1.0,d4e6ac21adddd2c82592f2dc9d2a110b2231a4cf2ddf84661908ef470f0956d1
reacher,R3_reacher_a80b135a2ca6b9fe49081cb7,,REFIT_103203,R4_ALT_CEM_2,1.0,1.0,0.0,0.0,0.0,d4e6ac21adddd2c82592f2dc9d2a110b2231a4cf2ddf84661908ef470f0956d1
reacher,R3_reacher_aa19e4ff8c803eccffc04674,,REFIT_103203,R4_ALT_CEM_2,1.0,1.0,0.0,0.0,0.0,d4e6ac21adddd2c82592f2dc9d2a110b2231a4cf2ddf84661908ef470f0956d1
reacher,R3_reacher_ae4e56803bfc6050ad2c5407,,REFIT_103203,R4_ALT_CEM_2,1.0,1.0,0.0,0.0,0.0,d4e6ac21adddd2c82592f2dc9d2a110b2231a4cf2ddf84661908ef470f0956d1
reacher,R3_reacher_af2aa3d1d6cbf53a4f647860,,REFIT_103203,R4_ALT_CEM_2,0.0,1.0,1.0,1.0,1.0,d4e6ac21adddd2c82592f2dc9d2a110b2231a4cf2ddf84661908ef470f0956d1
reacher,R3_reacher_b1919e19a6a875f129014e81,,REFIT_103203,R4_ALT_CEM_2,0.0,1.0,1.0,1.0,1.0,d4e6ac21adddd2c82592f2dc9d2a110b2231a4cf2ddf84661908ef470f0956d1
reacher,R3_reacher_b2b5f6290d54abd4e830fc73,,REFIT_103203,R4_ALT_CEM_2,1.0,1.0,0.0,0.0,0.0,d4e6ac21adddd2c82592f2dc9d2a110b2231a4cf2ddf84661908ef470f0956d1
reacher,R3_reacher_b360acd1c6d9c7eb19ad0748,,REFIT_103203,R4_ALT_CEM_2,1.0,1.0,0.0,0.0,0.0,d4e6ac21adddd2c82592f2dc9d2a110b2231a4cf2ddf84661908ef470f0956d1
reacher,R3_reacher_b435d231878e66fe816e4b27,,REFIT_103203,R4_ALT_CEM_2,1.0,1.0,0.0,1.0,1.0,d4e6ac21adddd2c82592f2dc9d2a110b2231a4cf2ddf84661908ef470f0956d1
reacher,R3_reacher_b7683878966ffb88777d03f2,,REFIT_103203,R4_ALT_CEM_2,1.0,1.0,0.0,0.0,0.0,d4e6ac21adddd2c82592f2dc9d2a110b2231a4cf2ddf84661908ef470f0956d1
reacher,R3_reacher_c0da6ebc002f6e6d8652c23a,,REFIT_103203,R4_ALT_CEM_2,1.0,1.0,0.0,0.0,0.0,d4e6ac21adddd2c82592f2dc9d2a110b2231a4cf2ddf84661908ef470f0956d1
reacher,R3_reacher_c47240a947a9f7917eaf944b,,REFIT_103203,R4_ALT_CEM_2,1.0,1.0,0.0,1.0,1.0,d4e6ac21adddd2c82592f2dc9d2a110b2231a4cf2ddf84661908ef470f0956d1
reacher,R3_reacher_c799ddaf20ab5016c0fcc94d,,REFIT_103203,R4_ALT_CEM_2,0.0,1.0,1.0,1.0,1.0,d4e6ac21adddd2c82592f2dc9d2a110b2231a4cf2ddf84661908ef470f0956d1
reacher,R3_reacher_cbda62f6c8224e2f9423fd2d,,REFIT_103203,R4_ALT_CEM_2,1.0,1.0,0.0,0.0,0.0,d4e6ac21adddd2c82592f2dc9d2a110b2231a4cf2ddf84661908ef470f0956d1
reacher,R3_reacher_cda870d3e512d2eb34471d9e,,REFIT_103203,R4_ALT_CEM_2,1.0,1.0,0.0,0.0,0.0,d4e6ac21adddd2c82592f2dc9d2a110b2231a4cf2ddf84661908ef470f0956d1
reacher,R3_reacher_cdd7a48d2d150bc082f55fa8,,REFIT_103203,R4_ALT_CEM_2,0.0,1.0,1.0,1.0,1.0,d4e6ac21adddd2c82592f2dc9d2a110b2231a4cf2ddf84661908ef470f0956d1
reacher,R3_reacher_cf3ea0332fec67aba0c09d69,,REFIT_103203,R4_ALT_CEM_2,1.0,1.0,0.0,0.0,0.0,d4e6ac21adddd2c82592f2dc9d2a110b2231a4cf2ddf84661908ef470f0956d1
reacher,R3_reacher_d114702b19acfaf5dda45c4f,,REFIT_103203,R4_ALT_CEM_2,0.0,1.0,1.0,1.0,1.0,d4e6ac21adddd2c82592f2dc9d2a110b2231a4cf2ddf84661908ef470f0956d1
reacher,R3_reacher_d6184e6ee10fee6564198319,,REFIT_103203,R4_ALT_CEM_2,1.0,1.0,0.0,1.0,1.0,d4e6ac21adddd2c82592f2dc9d2a110b2231a4cf2ddf84661908ef470f0956d1
reacher,R3_reacher_d75164310bc00a38ef41a7a2,,REFIT_103203,R4_ALT_CEM_2,1.0,1.0,0.0,0.0,0.0,d4e6ac21adddd2c82592f2dc9d2a110b2231a4cf2ddf84661908ef470f0956d1
reacher,R3_reacher_db1aac2a2839b94c8cf3e963,,REFIT_103203,R4_ALT_CEM_2,1.0,1.0,0.0,1.0,1.0,d4e6ac21adddd2c82592f2dc9d2a110b2231a4cf2ddf84661908ef470f0956d1
reacher,R3_reacher_df4b440848b9f031543dd698,,REFIT_103203,R4_ALT_CEM_2,1.0,1.0,0.0,0.0,0.0,d4e6ac21adddd2c82592f2dc9d2a110b2231a4cf2ddf84661908ef470f0956d1
reacher,R3_reacher_df6b904f9325342cb9269256,,REFIT_103203,R4_ALT_CEM_2,1.0,1.0,0.0,1.0,1.0,d4e6ac21adddd2c82592f2dc9d2a110b2231a4cf2ddf84661908ef470f0956d1
reacher,R3_reacher_e16605f9ca3eaefb85d7cd2a,,REFIT_103203,R4_ALT_CEM_2,1.0,1.0,0.0,0.0,0.0,d4e6ac21adddd2c82592f2dc9d2a110b2231a4cf2ddf84661908ef470f0956d1
reacher,R3_reacher_e25a61bb715dbf3fd96b9f4b,,REFIT_103203,R4_ALT_CEM_2,1.0,1.0,0.0,0.0,0.0,d4e6ac21adddd2c82592f2dc9d2a110b2231a4cf2ddf84661908ef470f0956d1
reacher,R3_reacher_e547cc356ff64f28a01b3a4d,,REFIT_103203,R4_ALT_CEM_2,1.0,1.0,0.0,0.0,0.0,d4e6ac21adddd2c82592f2dc9d2a110b2231a4cf2ddf84661908ef470f0956d1
reacher,R3_reacher_e690a367ff4f94b45cee2d33,,REFIT_103203,R4_ALT_CEM_2,1.0,1.0,0.0,0.0,0.0,d4e6ac21adddd2c82592f2dc9d2a110b2231a4cf2ddf84661908ef470f0956d1
reacher,R3_reacher_e899be36b2378f247385a80c,,REFIT_103203,R4_ALT_CEM_2,0.0,1.0,1.0,1.0,1.0,d4e6ac21adddd2c82592f2dc9d2a110b2231a4cf2ddf84661908ef470f0956d1
reacher,R3_reacher_e96c064ebe544a7de14e595f,,REFIT_103203,R4_ALT_CEM_2,1.0,1.0,0.0,0.0,0.0,d4e6ac21adddd2c82592f2dc9d2a110b2231a4cf2ddf84661908ef470f0956d1
reacher,R3_reacher_e97cbf284bc2f1863e321521,,REFIT_103203,R4_ALT_CEM_2,1.0,1.0,0.0,1.0,1.0,d4e6ac21adddd2c82592f2dc9d2a110b2231a4cf2ddf84661908ef470f0956d1
reacher,R3_reacher_e9df183d83d2c6d6143de3be,,REFIT_103203,R4_ALT_CEM_2,1.0,1.0,0.0,0.0,0.0,d4e6ac21adddd2c82592f2dc9d2a110b2231a4cf2ddf84661908ef470f0956d1
reacher,R3_reacher_eb5da8b3b8a360d72bdc4b81,,REFIT_103203,R4_ALT_CEM_2,1.0,1.0,0.0,0.0,0.0,d4e6ac21adddd2c82592f2dc9d2a110b2231a4cf2ddf84661908ef470f0956d1
reacher,R3_reacher_ed2a6ac159bdefdd8698e966,,REFIT_103203,R4_ALT_CEM_2,1.0,1.0,0.0,0.0,0.0,d4e6ac21adddd2c82592f2dc9d2a110b2231a4cf2ddf84661908ef470f0956d1
reacher,R3_reacher_ee3aa3dea1bccfc0c0400c77,,REFIT_103203,R4_ALT_CEM_2,1.0,1.0,0.0,0.0,0.0,d4e6ac21adddd2c82592f2dc9d2a110b2231a4cf2ddf84661908ef470f0956d1
reacher,R3_reacher_f295eb60a191606d1f094189,,REFIT_103203,R4_ALT_CEM_2,1.0,1.0,0.0,0.0,0.0,d4e6ac21adddd2c82592f2dc9d2a110b2231a4cf2ddf84661908ef470f0956d1
reacher,R3_reacher_f7bea0928cdded574e397c2d,,REFIT_103203,R4_ALT_CEM_2,0.0,1.0,1.0,1.0,1.0,d4e6ac21adddd2c82592f2dc9d2a110b2231a4cf2ddf84661908ef470f0956d1
reacher,R3_reacher_fa467774affd316a6db90f90,,REFIT_103203,R4_ALT_CEM_2,1.0,1.0,0.0,1.0,1.0,d4e6ac21adddd2c82592f2dc9d2a110b2231a4cf2ddf84661908ef470f0956d1
reacher,R3_reacher_fc2a1ecf6edea23cba59b6be,,REFIT_103203,R4_ALT_CEM_2,1.0,0.0,-1.0,1.0,1.0,d4e6ac21adddd2c82592f2dc9d2a110b2231a4cf2ddf84661908ef470f0956d1
reacher,R3_reacher_fca2ae6f03dd54aa3833661f,,REFIT_103203,R4_ALT_CEM_2,1.0,1.0,0.0,0.0,0.0,d4e6ac21adddd2c82592f2dc9d2a110b2231a4cf2ddf84661908ef470f0956d1
reacher,R3_reacher_fe1001e9c3b6b50616b6fe2d,,REFIT_103203,R4_ALT_CEM_2,1.0,1.0,0.0,0.0,0.0,d4e6ac21adddd2c82592f2dc9d2a110b2231a4cf2ddf84661908ef470f0956d1
reacher,R3_reacher_01fd87d09dbf3909048741d4,,REFIT_103203,MEAN_OF_THREE_STREAMS_WITHIN_CASE,1.0,1.0,0.0,1.0,1.0,d4e6ac21adddd2c82592f2dc9d2a110b2231a4cf2ddf84661908ef470f0956d1
reacher,R3_reacher_0651ebd394a43de70c9b7ad0,,REFIT_103203,MEAN_OF_THREE_STREAMS_WITHIN_CASE,1.0,0.6666666666666666,-0.33333333333333337,0.6666666666666666,0.6666666666666666,d4e6ac21adddd2c82592f2dc9d2a110b2231a4cf2ddf84661908ef470f0956d1
reacher,R3_reacher_06b68490d49af9bd892bea71,,REFIT_103203,MEAN_OF_THREE_STREAMS_WITHIN_CASE,0.6666666666666666,1.0,0.33333333333333337,0.3333333333333333,0.3333333333333333,d4e6ac21adddd2c82592f2dc9d2a110b2231a4cf2ddf84661908ef470f0956d1
reacher,R3_reacher_09247f3e88e7af275abc2d1d,,REFIT_103203,MEAN_OF_THREE_STREAMS_WITHIN_CASE,0.6666666666666666,1.0,0.33333333333333337,0.3333333333333333,0.3333333333333333,d4e6ac21adddd2c82592f2dc9d2a110b2231a4cf2ddf84661908ef470f0956d1
reacher,R3_reacher_0e325219914460cb340033c1,,REFIT_103203,MEAN_OF_THREE_STREAMS_WITHIN_CASE,1.0,1.0,0.0,0.3333333333333333,0.3333333333333333,d4e6ac21adddd2c82592f2dc9d2a110b2231a4cf2ddf84661908ef470f0956d1
reacher,R3_reacher_0ea549c2f80d7cbbbb1b6dd8,,REFIT_103203,MEAN_OF_THREE_STREAMS_WITHIN_CASE,1.0,1.0,0.0,0.6666666666666666,0.6666666666666666,d4e6ac21adddd2c82592f2dc9d2a110b2231a4cf2ddf84661908ef470f0956d1
reacher,R3_reacher_10754410887eb77f72ae018e,,REFIT_103203,MEAN_OF_THREE_STREAMS_WITHIN_CASE,0.6666666666666666,1.0,0.33333333333333337,0.3333333333333333,0.3333333333333333,d4e6ac21adddd2c82592f2dc9d2a110b2231a4cf2ddf84661908ef470f0956d1
reacher,R3_reacher_19b957e03f42b1b14d0654d7,,REFIT_103203,MEAN_OF_THREE_STREAMS_WITHIN_CASE,1.0,1.0,0.0,0.0,0.0,d4e6ac21adddd2c82592f2dc9d2a110b2231a4cf2ddf84661908ef470f0956d1
reacher,R3_reacher_1aad022046d1e4f9da53b4a0,,REFIT_103203,MEAN_OF_THREE_STREAMS_WITHIN_CASE,1.0,1.0,0.0,0.3333333333333333,0.3333333333333333,d4e6ac21adddd2c82592f2dc9d2a110b2231a4cf2ddf84661908ef470f0956d1
reacher,R3_reacher_1afd87ed042926d5ecc50b5c,,REFIT_103203,MEAN_OF_THREE_STREAMS_WITHIN_CASE,1.0,1.0,0.0,0.0,0.0,d4e6ac21adddd2c82592f2dc9d2a110b2231a4cf2ddf84661908ef470f0956d1
reacher,R3_reacher_1fc0b1d9c6963542440189cf,,REFIT_103203,MEAN_OF_THREE_STREAMS_WITHIN_CASE,0.6666666666666666,1.0,0.33333333333333337,1.0,1.0,d4e6ac21adddd2c82592f2dc9d2a110b2231a4cf2ddf84661908ef470f0956d1
reacher,R3_reacher_20e903c4dc4794a78a414ccb,,REFIT_103203,MEAN_OF_THREE_STREAMS_WITHIN_CASE,0.6666666666666666,1.0,0.33333333333333337,1.0,1.0,d4e6ac21adddd2c82592f2dc9d2a110b2231a4cf2ddf84661908ef470f0956d1
reacher,R3_reacher_227dcc9361770465dc9ba143,,REFIT_103203,MEAN_OF_THREE_STREAMS_WITHIN_CASE,1.0,0.6666666666666666,-0.33333333333333337,0.3333333333333333,0.3333333333333333,d4e6ac21adddd2c82592f2dc9d2a110b2231a4cf2ddf84661908ef470f0956d1
reacher,R3_reacher_248c04f18e24c23c388665d6,,REFIT_103203,MEAN_OF_THREE_STREAMS_WITHIN_CASE,1.0,1.0,0.0,0.6666666666666666,0.6666666666666666,d4e6ac21adddd2c82592f2dc9d2a110b2231a4cf2ddf84661908ef470f0956d1
reacher,R3_reacher_25281ce20ac4c1a4e13bfe64,,REFIT_103203,MEAN_OF_THREE_STREAMS_WITHIN_CASE,0.6666666666666666,1.0,0.33333333333333337,0.6666666666666666,0.6666666666666666,d4e6ac21adddd2c82592f2dc9d2a110b2231a4cf2ddf84661908ef470f0956d1
reacher,R3_reacher_29461ecfe2e96e3052bf252e,,REFIT_103203,MEAN_OF_THREE_STREAMS_WITHIN_CASE,0.6666666666666666,1.0,0.33333333333333337,1.0,1.0,d4e6ac21adddd2c82592f2dc9d2a110b2231a4cf2ddf84661908ef470f0956d1
reacher,R3_reacher_2ae169997e13b18afc7243d3,,REFIT_103203,MEAN_OF_THREE_STREAMS_WITHIN_CASE,1.0,1.0,0.0,0.0,0.0,d4e6ac21adddd2c82592f2dc9d2a110b2231a4cf2ddf84661908ef470f0956d1
reacher,R3_reacher_2b1605c757025d16771855cd,,REFIT_103203,MEAN_OF_THREE_STREAMS_WITHIN_CASE,1.0,1.0,0.0,0.3333333333333333,0.3333333333333333,d4e6ac21adddd2c82592f2dc9d2a110b2231a4cf2ddf84661908ef470f0956d1
reacher,R3_reacher_2da80c9f2c12b38dd5ae592f,,REFIT_103203,MEAN_OF_THREE_STREAMS_WITHIN_CASE,0.6666666666666666,1.0,0.33333333333333337,1.0,1.0,d4e6ac21adddd2c82592f2dc9d2a110b2231a4cf2ddf84661908ef470f0956d1
reacher,R3_reacher_31bc43e232044dba582b1a91,,REFIT_103203,MEAN_OF_THREE_STREAMS_WITHIN_CASE,1.0,1.0,0.0,0.3333333333333333,0.3333333333333333,d4e6ac21adddd2c82592f2dc9d2a110b2231a4cf2ddf84661908ef470f0956d1
reacher,R3_reacher_3225c7070888eacd2fe6ba3b,,REFIT_103203,MEAN_OF_THREE_STREAMS_WITHIN_CASE,1.0,1.0,0.0,1.0,1.0,d4e6ac21adddd2c82592f2dc9d2a110b2231a4cf2ddf84661908ef470f0956d1
reacher,R3_reacher_339d1566307eb06b287cd9d6,,REFIT_103203,MEAN_OF_THREE_STREAMS_WITHIN_CASE,0.6666666666666666,1.0,0.33333333333333337,1.0,1.0,d4e6ac21adddd2c82592f2dc9d2a110b2231a4cf2ddf84661908ef470f0956d1
reacher,R3_reacher_3687a037d77056bca1ad3a86,,REFIT_103203,MEAN_OF_THREE_STREAMS_WITHIN_CASE,1.0,1.0,0.0,0.3333333333333333,0.3333333333333333,d4e6ac21adddd2c82592f2dc9d2a110b2231a4cf2ddf84661908ef470f0956d1
reacher,R3_reacher_391d2d69b9911b586e875be4,,REFIT_103203,MEAN_OF_THREE_STREAMS_WITHIN_CASE,0.6666666666666666,0.6666666666666666,0.0,0.6666666666666666,0.6666666666666666,d4e6ac21adddd2c82592f2dc9d2a110b2231a4cf2ddf84661908ef470f0956d1
reacher,R3_reacher_3c2be98ff314c21b533f9194,,REFIT_103203,MEAN_OF_THREE_STREAMS_WITHIN_CASE,1.0,1.0,0.0,0.0,0.0,d4e6ac21adddd2c82592f2dc9d2a110b2231a4cf2ddf84661908ef470f0956d1
reacher,R3_reacher_3dc92a427bfa8caeee91f551,,REFIT_103203,MEAN_OF_THREE_STREAMS_WITHIN_CASE,1.0,1.0,0.0,0.0,0.0,d4e6ac21adddd2c82592f2dc9d2a110b2231a4cf2ddf84661908ef470f0956d1
reacher,R3_reacher_3ebb7b8846f0d4e4c5337f68,,REFIT_103203,MEAN_OF_THREE_STREAMS_WITHIN_CASE,1.0,1.0,0.0,1.0,1.0,d4e6ac21adddd2c82592f2dc9d2a110b2231a4cf2ddf84661908ef470f0956d1
reacher,R3_reacher_43346886f663e17e6f232be2,,REFIT_103203,MEAN_OF_THREE_STREAMS_WITHIN_CASE,1.0,1.0,0.0,0.6666666666666666,0.6666666666666666,d4e6ac21adddd2c82592f2dc9d2a110b2231a4cf2ddf84661908ef470f0956d1
reacher,R3_reacher_43bed550bc7c733bb23002e3,,REFIT_103203,MEAN_OF_THREE_STREAMS_WITHIN_CASE,0.6666666666666666,1.0,0.33333333333333337,0.3333333333333333,0.3333333333333333,d4e6ac21adddd2c82592f2dc9d2a110b2231a4cf2ddf84661908ef470f0956d1
reacher,R3_reacher_48b38c457e06aea47721389a,,REFIT_103203,MEAN_OF_THREE_STREAMS_WITHIN_CASE,0.6666666666666666,1.0,0.33333333333333337,0.3333333333333333,0.3333333333333333,d4e6ac21adddd2c82592f2dc9d2a110b2231a4cf2ddf84661908ef470f0956d1
reacher,R3_reacher_4a2a4a159bd6d8b01f632e71,,REFIT_103203,MEAN_OF_THREE_STREAMS_WITHIN_CASE,1.0,1.0,0.0,0.3333333333333333,0.3333333333333333,d4e6ac21adddd2c82592f2dc9d2a110b2231a4cf2ddf84661908ef470f0956d1
reacher,R3_reacher_4b5f85125ceccca055fe76b4,,REFIT_103203,MEAN_OF_THREE_STREAMS_WITHIN_CASE,0.6666666666666666,1.0,0.33333333333333337,0.3333333333333333,0.3333333333333333,d4e6ac21adddd2c82592f2dc9d2a110b2231a4cf2ddf84661908ef470f0956d1
reacher,R3_reacher_4d092e8fde355972772dfa7e,,REFIT_103203,MEAN_OF_THREE_STREAMS_WITHIN_CASE,0.6666666666666666,1.0,0.33333333333333337,1.0,1.0,d4e6ac21adddd2c82592f2dc9d2a110b2231a4cf2ddf84661908ef470f0956d1
reacher,R3_reacher_4de0f0387d01ac1b49760c47,,REFIT_103203,MEAN_OF_THREE_STREAMS_WITHIN_CASE,0.6666666666666666,1.0,0.33333333333333337,1.0,1.0,d4e6ac21adddd2c82592f2dc9d2a110b2231a4cf2ddf84661908ef470f0956d1
reacher,R3_reacher_4eb4413d6e63e87a59fec03a,,REFIT_103203,MEAN_OF_THREE_STREAMS_WITHIN_CASE,1.0,1.0,0.0,1.0,1.0,d4e6ac21adddd2c82592f2dc9d2a110b2231a4cf2ddf84661908ef470f0956d1
reacher,R3_reacher_51856009f99570a92446d05a,,REFIT_103203,MEAN_OF_THREE_STREAMS_WITHIN_CASE,0.6666666666666666,1.0,0.33333333333333337,0.3333333333333333,0.3333333333333333,d4e6ac21adddd2c82592f2dc9d2a110b2231a4cf2ddf84661908ef470f0956d1
reacher,R3_reacher_54f5b13feb6984f1980392cc,,REFIT_103203,MEAN_OF_THREE_STREAMS_WITHIN_CASE,1.0,1.0,0.0,0.0,0.0,d4e6ac21adddd2c82592f2dc9d2a110b2231a4cf2ddf84661908ef470f0956d1
reacher,R3_reacher_5d50985e823f66ebd401c1ec,,REFIT_103203,MEAN_OF_THREE_STREAMS_WITHIN_CASE,1.0,1.0,0.0,1.0,1.0,d4e6ac21adddd2c82592f2dc9d2a110b2231a4cf2ddf84661908ef470f0956d1
reacher,R3_reacher_5e2d5d2d9907df0393e50f40,,REFIT_103203,MEAN_OF_THREE_STREAMS_WITHIN_CASE,1.0,1.0,0.0,0.0,0.0,d4e6ac21adddd2c82592f2dc9d2a110b2231a4cf2ddf84661908ef470f0956d1
reacher,R3_reacher_5ede573180f7658b8cb1fa2a,,REFIT_103203,MEAN_OF_THREE_STREAMS_WITHIN_CASE,1.0,1.0,0.0,0.0,0.0,d4e6ac21adddd2c82592f2dc9d2a110b2231a4cf2ddf84661908ef470f0956d1
reacher,R3_reacher_6216de4a5b03eb23d114e16a,,REFIT_103203,MEAN_OF_THREE_STREAMS_WITHIN_CASE,1.0,1.0,0.0,0.0,0.0,d4e6ac21adddd2c82592f2dc9d2a110b2231a4cf2ddf84661908ef470f0956d1
reacher,R3_reacher_665505d7ca68f56e86ab9898,,REFIT_103203,MEAN_OF_THREE_STREAMS_WITHIN_CASE,1.0,1.0,0.0,0.3333333333333333,0.3333333333333333,d4e6ac21adddd2c82592f2dc9d2a110b2231a4cf2ddf84661908ef470f0956d1
reacher,R3_reacher_68ead16e22260984b6ce630e,,REFIT_103203,MEAN_OF_THREE_STREAMS_WITHIN_CASE,0.6666666666666666,1.0,0.33333333333333337,1.0,1.0,d4e6ac21adddd2c82592f2dc9d2a110b2231a4cf2ddf84661908ef470f0956d1
reacher,R3_reacher_691b0678315722721b850bd9,,REFIT_103203,MEAN_OF_THREE_STREAMS_WITHIN_CASE,0.6666666666666666,1.0,0.33333333333333337,1.0,1.0,d4e6ac21adddd2c82592f2dc9d2a110b2231a4cf2ddf84661908ef470f0956d1
reacher,R3_reacher_6cba7a43faf319ebfe282ca1,,REFIT_103203,MEAN_OF_THREE_STREAMS_WITHIN_CASE,0.6666666666666666,1.0,0.33333333333333337,0.6666666666666666,0.6666666666666666,d4e6ac21adddd2c82592f2dc9d2a110b2231a4cf2ddf84661908ef470f0956d1
reacher,R3_reacher_6d50b6eae922ec8eaba3b2aa,,REFIT_103203,MEAN_OF_THREE_STREAMS_WITHIN_CASE,1.0,1.0,0.0,0.6666666666666666,0.6666666666666666,d4e6ac21adddd2c82592f2dc9d2a110b2231a4cf2ddf84661908ef470f0956d1
reacher,R3_reacher_6ff2b0510c4734c334024b6f,,REFIT_103203,MEAN_OF_THREE_STREAMS_WITHIN_CASE,0.6666666666666666,1.0,0.33333333333333337,0.6666666666666666,0.6666666666666666,d4e6ac21adddd2c82592f2dc9d2a110b2231a4cf2ddf84661908ef470f0956d1
reacher,R3_reacher_74df08ab195a14a2c8f2f0ac,,REFIT_103203,MEAN_OF_THREE_STREAMS_WITHIN_CASE,1.0,1.0,0.0,0.0,0.0,d4e6ac21adddd2c82592f2dc9d2a110b2231a4cf2ddf84661908ef470f0956d1
reacher,R3_reacher_78e0945523fb491a3f33e969,,REFIT_103203,MEAN_OF_THREE_STREAMS_WITHIN_CASE,0.3333333333333333,1.0,0.6666666666666667,0.6666666666666666,0.6666666666666666,d4e6ac21adddd2c82592f2dc9d2a110b2231a4cf2ddf84661908ef470f0956d1
reacher,R3_reacher_7aff8be5072b1a8af1a8d13d,,REFIT_103203,MEAN_OF_THREE_STREAMS_WITHIN_CASE,1.0,1.0,0.0,0.3333333333333333,0.3333333333333333,d4e6ac21adddd2c82592f2dc9d2a110b2231a4cf2ddf84661908ef470f0956d1
reacher,R3_reacher_7dd7cb04423f92db263fa577,,REFIT_103203,MEAN_OF_THREE_STREAMS_WITHIN_CASE,0.6666666666666666,1.0,0.33333333333333337,0.3333333333333333,0.3333333333333333,d4e6ac21adddd2c82592f2dc9d2a110b2231a4cf2ddf84661908ef470f0956d1
reacher,R3_reacher_8013310a3876dc798b82233e,,REFIT_103203,MEAN_OF_THREE_STREAMS_WITHIN_CASE,1.0,1.0,0.0,0.6666666666666666,0.6666666666666666,d4e6ac21adddd2c82592f2dc9d2a110b2231a4cf2ddf84661908ef470f0956d1
reacher,R3_reacher_81676bd5f7a922d099e8c632,,REFIT_103203,MEAN_OF_THREE_STREAMS_WITHIN_CASE,1.0,1.0,0.0,1.0,1.0,d4e6ac21adddd2c82592f2dc9d2a110b2231a4cf2ddf84661908ef470f0956d1
reacher,R3_reacher_88e6d02b4868302c88af83bd,,REFIT_103203,MEAN_OF_THREE_STREAMS_WITHIN_CASE,1.0,1.0,0.0,1.0,1.0,d4e6ac21adddd2c82592f2dc9d2a110b2231a4cf2ddf84661908ef470f0956d1
reacher,R3_reacher_8cb337114374dac2e790e2d0,,REFIT_103203,MEAN_OF_THREE_STREAMS_WITHIN_CASE,1.0,1.0,0.0,0.0,0.0,d4e6ac21adddd2c82592f2dc9d2a110b2231a4cf2ddf84661908ef470f0956d1
reacher,R3_reacher_8f94a57dc057ae3fea063566,,REFIT_103203,MEAN_OF_THREE_STREAMS_WITHIN_CASE,0.6666666666666666,0.6666666666666666,0.0,1.0,1.0,d4e6ac21adddd2c82592f2dc9d2a110b2231a4cf2ddf84661908ef470f0956d1
reacher,R3_reacher_90130661be9d8449b174dfda,,REFIT_103203,MEAN_OF_THREE_STREAMS_WITHIN_CASE,1.0,1.0,0.0,1.0,1.0,d4e6ac21adddd2c82592f2dc9d2a110b2231a4cf2ddf84661908ef470f0956d1
reacher,R3_reacher_91d6a515142521d444cda8ca,,REFIT_103203,MEAN_OF_THREE_STREAMS_WITHIN_CASE,1.0,1.0,0.0,0.0,0.0,d4e6ac21adddd2c82592f2dc9d2a110b2231a4cf2ddf84661908ef470f0956d1
reacher,R3_reacher_9ce16e33ff15bde409d40098,,REFIT_103203,MEAN_OF_THREE_STREAMS_WITHIN_CASE,1.0,1.0,0.0,0.3333333333333333,0.3333333333333333,d4e6ac21adddd2c82592f2dc9d2a110b2231a4cf2ddf84661908ef470f0956d1
reacher,R3_reacher_a1c24b0d5bdd53fdeb203e5f,,REFIT_103203,MEAN_OF_THREE_STREAMS_WITHIN_CASE,1.0,1.0,0.0,0.0,0.0,d4e6ac21adddd2c82592f2dc9d2a110b2231a4cf2ddf84661908ef470f0956d1
reacher,R3_reacher_a4fc5af8bb0b58322c55693f,,REFIT_103203,MEAN_OF_THREE_STREAMS_WITHIN_CASE,1.0,1.0,0.0,0.6666666666666666,0.6666666666666666,d4e6ac21adddd2c82592f2dc9d2a110b2231a4cf2ddf84661908ef470f0956d1
reacher,R3_reacher_a80b135a2ca6b9fe49081cb7,,REFIT_103203,MEAN_OF_THREE_STREAMS_WITHIN_CASE,0.6666666666666666,1.0,0.33333333333333337,0.6666666666666666,0.6666666666666666,d4e6ac21adddd2c82592f2dc9d2a110b2231a4cf2ddf84661908ef470f0956d1
reacher,R3_reacher_aa19e4ff8c803eccffc04674,,REFIT_103203,MEAN_OF_THREE_STREAMS_WITHIN_CASE,1.0,1.0,0.0,0.0,0.0,d4e6ac21adddd2c82592f2dc9d2a110b2231a4cf2ddf84661908ef470f0956d1
reacher,R3_reacher_ae4e56803bfc6050ad2c5407,,REFIT_103203,MEAN_OF_THREE_STREAMS_WITHIN_CASE,0.6666666666666666,1.0,0.33333333333333337,0.6666666666666666,0.6666666666666666,d4e6ac21adddd2c82592f2dc9d2a110b2231a4cf2ddf84661908ef470f0956d1
reacher,R3_reacher_af2aa3d1d6cbf53a4f647860,,REFIT_103203,MEAN_OF_THREE_STREAMS_WITHIN_CASE,0.3333333333333333,0.3333333333333333,0.0,1.0,1.0,d4e6ac21adddd2c82592f2dc9d2a110b2231a4cf2ddf84661908ef470f0956d1
reacher,R3_reacher_b1919e19a6a875f129014e81,,REFIT_103203,MEAN_OF_THREE_STREAMS_WITHIN_CASE,0.6666666666666666,1.0,0.33333333333333337,0.3333333333333333,0.3333333333333333,d4e6ac21adddd2c82592f2dc9d2a110b2231a4cf2ddf84661908ef470f0956d1
reacher,R3_reacher_b2b5f6290d54abd4e830fc73,,REFIT_103203,MEAN_OF_THREE_STREAMS_WITHIN_CASE,0.6666666666666666,1.0,0.33333333333333337,0.3333333333333333,0.3333333333333333,d4e6ac21adddd2c82592f2dc9d2a110b2231a4cf2ddf84661908ef470f0956d1
reacher,R3_reacher_b360acd1c6d9c7eb19ad0748,,REFIT_103203,MEAN_OF_THREE_STREAMS_WITHIN_CASE,0.6666666666666666,1.0,0.33333333333333337,0.3333333333333333,0.3333333333333333,d4e6ac21adddd2c82592f2dc9d2a110b2231a4cf2ddf84661908ef470f0956d1
reacher,R3_reacher_b435d231878e66fe816e4b27,,REFIT_103203,MEAN_OF_THREE_STREAMS_WITHIN_CASE,1.0,1.0,0.0,1.0,1.0,d4e6ac21adddd2c82592f2dc9d2a110b2231a4cf2ddf84661908ef470f0956d1
reacher,R3_reacher_b7683878966ffb88777d03f2,,REFIT_103203,MEAN_OF_THREE_STREAMS_WITHIN_CASE,0.6666666666666666,1.0,0.33333333333333337,0.6666666666666666,0.6666666666666666,d4e6ac21adddd2c82592f2dc9d2a110b2231a4cf2ddf84661908ef470f0956d1
reacher,R3_reacher_c0da6ebc002f6e6d8652c23a,,REFIT_103203,MEAN_OF_THREE_STREAMS_WITHIN_CASE,1.0,1.0,0.0,0.3333333333333333,0.3333333333333333,d4e6ac21adddd2c82592f2dc9d2a110b2231a4cf2ddf84661908ef470f0956d1
reacher,R3_reacher_c47240a947a9f7917eaf944b,,REFIT_103203,MEAN_OF_THREE_STREAMS_WITHIN_CASE,0.6666666666666666,1.0,0.33333333333333337,1.0,1.0,d4e6ac21adddd2c82592f2dc9d2a110b2231a4cf2ddf84661908ef470f0956d1
reacher,R3_reacher_c799ddaf20ab5016c0fcc94d,,REFIT_103203,MEAN_OF_THREE_STREAMS_WITHIN_CASE,0.6666666666666666,1.0,0.33333333333333337,1.0,1.0,d4e6ac21adddd2c82592f2dc9d2a110b2231a4cf2ddf84661908ef470f0956d1
reacher,R3_reacher_cbda62f6c8224e2f9423fd2d,,REFIT_103203,MEAN_OF_THREE_STREAMS_WITHIN_CASE,0.6666666666666666,1.0,0.33333333333333337,0.6666666666666666,0.6666666666666666,d4e6ac21adddd2c82592f2dc9d2a110b2231a4cf2ddf84661908ef470f0956d1
reacher,R3_reacher_cda870d3e512d2eb34471d9e,,REFIT_103203,MEAN_OF_THREE_STREAMS_WITHIN_CASE,1.0,1.0,0.0,0.0,0.0,d4e6ac21adddd2c82592f2dc9d2a110b2231a4cf2ddf84661908ef470f0956d1
reacher,R3_reacher_cdd7a48d2d150bc082f55fa8,,REFIT_103203,MEAN_OF_THREE_STREAMS_WITHIN_CASE,0.3333333333333333,0.6666666666666666,0.3333333333333333,1.0,1.0,d4e6ac21adddd2c82592f2dc9d2a110b2231a4cf2ddf84661908ef470f0956d1
reacher,R3_reacher_cf3ea0332fec67aba0c09d69,,REFIT_103203,MEAN_OF_THREE_STREAMS_WITHIN_CASE,1.0,1.0,0.0,0.3333333333333333,0.3333333333333333,d4e6ac21adddd2c82592f2dc9d2a110b2231a4cf2ddf84661908ef470f0956d1
reacher,R3_reacher_d114702b19acfaf5dda45c4f,,REFIT_103203,MEAN_OF_THREE_STREAMS_WITHIN_CASE,0.6666666666666666,1.0,0.33333333333333337,0.6666666666666666,0.6666666666666666,d4e6ac21adddd2c82592f2dc9d2a110b2231a4cf2ddf84661908ef470f0956d1
reacher,R3_reacher_d6184e6ee10fee6564198319,,REFIT_103203,MEAN_OF_THREE_STREAMS_WITHIN_CASE,1.0,1.0,0.0,1.0,1.0,d4e6ac21adddd2c82592f2dc9d2a110b2231a4cf2ddf84661908ef470f0956d1
reacher,R3_reacher_d75164310bc00a38ef41a7a2,,REFIT_103203,MEAN_OF_THREE_STREAMS_WITHIN_CASE,1.0,1.0,0.0,0.0,0.0,d4e6ac21adddd2c82592f2dc9d2a110b2231a4cf2ddf84661908ef470f0956d1
reacher,R3_reacher_db1aac2a2839b94c8cf3e963,,REFIT_103203,MEAN_OF_THREE_STREAMS_WITHIN_CASE,1.0,1.0,0.0,0.6666666666666666,0.6666666666666666,d4e6ac21adddd2c82592f2dc9d2a110b2231a4cf2ddf84661908ef470f0956d1
reacher,R3_reacher_df4b440848b9f031543dd698,,REFIT_103203,MEAN_OF_THREE_STREAMS_WITHIN_CASE,1.0,1.0,0.0,0.6666666666666666,0.6666666666666666,d4e6ac21adddd2c82592f2dc9d2a110b2231a4cf2ddf84661908ef470f0956d1
reacher,R3_reacher_df6b904f9325342cb9269256,,REFIT_103203,MEAN_OF_THREE_STREAMS_WITHIN_CASE,0.6666666666666666,1.0,0.33333333333333337,1.0,1.0,d4e6ac21adddd2c82592f2dc9d2a110b2231a4cf2ddf84661908ef470f0956d1
reacher,R3_reacher_e16605f9ca3eaefb85d7cd2a,,REFIT_103203,MEAN_OF_THREE_STREAMS_WITHIN_CASE,1.0,1.0,0.0,0.0,0.0,d4e6ac21adddd2c82592f2dc9d2a110b2231a4cf2ddf84661908ef470f0956d1
reacher,R3_reacher_e25a61bb715dbf3fd96b9f4b,,REFIT_103203,MEAN_OF_THREE_STREAMS_WITHIN_CASE,1.0,1.0,0.0,0.0,0.0,d4e6ac21adddd2c82592f2dc9d2a110b2231a4cf2ddf84661908ef470f0956d1
reacher,R3_reacher_e547cc356ff64f28a01b3a4d,,REFIT_103203,MEAN_OF_THREE_STREAMS_WITHIN_CASE,0.6666666666666666,1.0,0.33333333333333337,0.3333333333333333,0.3333333333333333,d4e6ac21adddd2c82592f2dc9d2a110b2231a4cf2ddf84661908ef470f0956d1
reacher,R3_reacher_e690a367ff4f94b45cee2d33,,REFIT_103203,MEAN_OF_THREE_STREAMS_WITHIN_CASE,0.6666666666666666,1.0,0.33333333333333337,0.3333333333333333,0.3333333333333333,d4e6ac21adddd2c82592f2dc9d2a110b2231a4cf2ddf84661908ef470f0956d1
reacher,R3_reacher_e899be36b2378f247385a80c,,REFIT_103203,MEAN_OF_THREE_STREAMS_WITHIN_CASE,0.3333333333333333,1.0,0.6666666666666667,0.6666666666666666,0.6666666666666666,d4e6ac21adddd2c82592f2dc9d2a110b2231a4cf2ddf84661908ef470f0956d1
reacher,R3_reacher_e96c064ebe544a7de14e595f,,REFIT_103203,MEAN_OF_THREE_STREAMS_WITHIN_CASE,0.6666666666666666,1.0,0.33333333333333337,0.3333333333333333,0.3333333333333333,d4e6ac21adddd2c82592f2dc9d2a110b2231a4cf2ddf84661908ef470f0956d1
reacher,R3_reacher_e97cbf284bc2f1863e321521,,REFIT_103203,MEAN_OF_THREE_STREAMS_WITHIN_CASE,0.6666666666666666,0.6666666666666666,0.0,1.0,1.0,d4e6ac21adddd2c82592f2dc9d2a110b2231a4cf2ddf84661908ef470f0956d1
reacher,R3_reacher_e9df183d83d2c6d6143de3be,,REFIT_103203,MEAN_OF_THREE_STREAMS_WITHIN_CASE,1.0,1.0,0.0,0.0,0.0,d4e6ac21adddd2c82592f2dc9d2a110b2231a4cf2ddf84661908ef470f0956d1
reacher,R3_reacher_eb5da8b3b8a360d72bdc4b81,,REFIT_103203,MEAN_OF_THREE_STREAMS_WITHIN_CASE,1.0,1.0,0.0,0.0,0.0,d4e6ac21adddd2c82592f2dc9d2a110b2231a4cf2ddf84661908ef470f0956d1
reacher,R3_reacher_ed2a6ac159bdefdd8698e966,,REFIT_103203,MEAN_OF_THREE_STREAMS_WITHIN_CASE,1.0,1.0,0.0,0.0,0.0,d4e6ac21adddd2c82592f2dc9d2a110b2231a4cf2ddf84661908ef470f0956d1
reacher,R3_reacher_ee3aa3dea1bccfc0c0400c77,,REFIT_103203,MEAN_OF_THREE_STREAMS_WITHIN_CASE,0.6666666666666666,1.0,0.33333333333333337,0.6666666666666666,0.6666666666666666,d4e6ac21adddd2c82592f2dc9d2a110b2231a4cf2ddf84661908ef470f0956d1
reacher,R3_reacher_f295eb60a191606d1f094189,,REFIT_103203,MEAN_OF_THREE_STREAMS_WITHIN_CASE,0.6666666666666666,1.0,0.33333333333333337,0.3333333333333333,0.3333333333333333,d4e6ac21adddd2c82592f2dc9d2a110b2231a4cf2ddf84661908ef470f0956d1
reacher,R3_reacher_f7bea0928cdded574e397c2d,,REFIT_103203,MEAN_OF_THREE_STREAMS_WITHIN_CASE,0.6666666666666666,1.0,0.33333333333333337,1.0,1.0,d4e6ac21adddd2c82592f2dc9d2a110b2231a4cf2ddf84661908ef470f0956d1
reacher,R3_reacher_fa467774affd316a6db90f90,,REFIT_103203,MEAN_OF_THREE_STREAMS_WITHIN_CASE,0.6666666666666666,0.6666666666666666,0.0,1.0,1.0,d4e6ac21adddd2c82592f2dc9d2a110b2231a4cf2ddf84661908ef470f0956d1
reacher,R3_reacher_fc2a1ecf6edea23cba59b6be,,REFIT_103203,MEAN_OF_THREE_STREAMS_WITHIN_CASE,1.0,0.6666666666666666,-0.33333333333333337,1.0,1.0,d4e6ac21adddd2c82592f2dc9d2a110b2231a4cf2ddf84661908ef470f0956d1
reacher,R3_reacher_fca2ae6f03dd54aa3833661f,,REFIT_103203,MEAN_OF_THREE_STREAMS_WITHIN_CASE,1.0,1.0,0.0,0.0,0.0,d4e6ac21adddd2c82592f2dc9d2a110b2231a4cf2ddf84661908ef470f0956d1
reacher,R3_reacher_fe1001e9c3b6b50616b6fe2d,,REFIT_103203,MEAN_OF_THREE_STREAMS_WITHIN_CASE,0.6666666666666666,1.0,0.33333333333333337,0.3333333333333333,0.3333333333333333,d4e6ac21adddd2c82592f2dc9d2a110b2231a4cf2ddf84661908ef470f0956d1
reacher,R3_reacher_01fd87d09dbf3909048741d4,,FIXED3_REFIT_MEAN_NOT_ENSEMBLE,R3_ORIGINAL,0.3333333333333333,1.0,0.6666666666666667,1.0,1.0,d4e6ac21adddd2c82592f2dc9d2a110b2231a4cf2ddf84661908ef470f0956d1
reacher,R3_reacher_0651ebd394a43de70c9b7ad0,,FIXED3_REFIT_MEAN_NOT_ENSEMBLE,R3_ORIGINAL,1.0,1.0,0.0,1.0,1.0,d4e6ac21adddd2c82592f2dc9d2a110b2231a4cf2ddf84661908ef470f0956d1
reacher,R3_reacher_06b68490d49af9bd892bea71,,FIXED3_REFIT_MEAN_NOT_ENSEMBLE,R3_ORIGINAL,0.3333333333333333,1.0,0.6666666666666667,0.6666666666666666,0.6666666666666666,d4e6ac21adddd2c82592f2dc9d2a110b2231a4cf2ddf84661908ef470f0956d1
reacher,R3_reacher_09247f3e88e7af275abc2d1d,,FIXED3_REFIT_MEAN_NOT_ENSEMBLE,R3_ORIGINAL,0.6666666666666666,1.0,0.33333333333333337,0.6666666666666666,0.6666666666666666,d4e6ac21adddd2c82592f2dc9d2a110b2231a4cf2ddf84661908ef470f0956d1
reacher,R3_reacher_0e325219914460cb340033c1,,FIXED3_REFIT_MEAN_NOT_ENSEMBLE,R3_ORIGINAL,1.0,1.0,0.0,0.0,0.0,d4e6ac21adddd2c82592f2dc9d2a110b2231a4cf2ddf84661908ef470f0956d1
reacher,R3_reacher_0ea549c2f80d7cbbbb1b6dd8,,FIXED3_REFIT_MEAN_NOT_ENSEMBLE,R3_ORIGINAL,0.6666666666666666,1.0,0.33333333333333337,1.0,1.0,d4e6ac21adddd2c82592f2dc9d2a110b2231a4cf2ddf84661908ef470f0956d1
reacher,R3_reacher_10754410887eb77f72ae018e,,FIXED3_REFIT_MEAN_NOT_ENSEMBLE,R3_ORIGINAL,0.6666666666666666,1.0,0.33333333333333337,0.3333333333333333,0.3333333333333333,d4e6ac21adddd2c82592f2dc9d2a110b2231a4cf2ddf84661908ef470f0956d1
reacher,R3_reacher_19b957e03f42b1b14d0654d7,,FIXED3_REFIT_MEAN_NOT_ENSEMBLE,R3_ORIGINAL,1.0,1.0,0.0,0.0,0.0,d4e6ac21adddd2c82592f2dc9d2a110b2231a4cf2ddf84661908ef470f0956d1
reacher,R3_reacher_1aad022046d1e4f9da53b4a0,,FIXED3_REFIT_MEAN_NOT_ENSEMBLE,R3_ORIGINAL,0.3333333333333333,1.0,0.6666666666666667,1.0,1.0,d4e6ac21adddd2c82592f2dc9d2a110b2231a4cf2ddf84661908ef470f0956d1
reacher,R3_reacher_1afd87ed042926d5ecc50b5c,,FIXED3_REFIT_MEAN_NOT_ENSEMBLE,R3_ORIGINAL,1.0,1.0,0.0,0.0,0.0,d4e6ac21adddd2c82592f2dc9d2a110b2231a4cf2ddf84661908ef470f0956d1
reacher,R3_reacher_1fc0b1d9c6963542440189cf,,FIXED3_REFIT_MEAN_NOT_ENSEMBLE,R3_ORIGINAL,1.0,1.0,0.0,1.0,1.0,d4e6ac21adddd2c82592f2dc9d2a110b2231a4cf2ddf84661908ef470f0956d1
reacher,R3_reacher_20e903c4dc4794a78a414ccb,,FIXED3_REFIT_MEAN_NOT_ENSEMBLE,R3_ORIGINAL,0.6666666666666666,1.0,0.33333333333333337,1.0,1.0,d4e6ac21adddd2c82592f2dc9d2a110b2231a4cf2ddf84661908ef470f0956d1
reacher,R3_reacher_227dcc9361770465dc9ba143,,FIXED3_REFIT_MEAN_NOT_ENSEMBLE,R3_ORIGINAL,1.0,1.0,0.0,0.0,0.0,d4e6ac21adddd2c82592f2dc9d2a110b2231a4cf2ddf84661908ef470f0956d1
reacher,R3_reacher_248c04f18e24c23c388665d6,,FIXED3_REFIT_MEAN_NOT_ENSEMBLE,R3_ORIGINAL,1.0,1.0,0.0,0.3333333333333333,0.3333333333333333,d4e6ac21adddd2c82592f2dc9d2a110b2231a4cf2ddf84661908ef470f0956d1
reacher,R3_reacher_25281ce20ac4c1a4e13bfe64,,FIXED3_REFIT_MEAN_NOT_ENSEMBLE,R3_ORIGINAL,1.0,1.0,0.0,0.3333333333333333,0.3333333333333333,d4e6ac21adddd2c82592f2dc9d2a110b2231a4cf2ddf84661908ef470f0956d1
reacher,R3_reacher_29461ecfe2e96e3052bf252e,,FIXED3_REFIT_MEAN_NOT_ENSEMBLE,R3_ORIGINAL,1.0,1.0,0.0,0.3333333333333333,0.3333333333333333,d4e6ac21adddd2c82592f2dc9d2a110b2231a4cf2ddf84661908ef470f0956d1
reacher,R3_reacher_2ae169997e13b18afc7243d3,,FIXED3_REFIT_MEAN_NOT_ENSEMBLE,R3_ORIGINAL,1.0,1.0,0.0,0.6666666666666666,0.6666666666666666,d4e6ac21adddd2c82592f2dc9d2a110b2231a4cf2ddf84661908ef470f0956d1
reacher,R3_reacher_2b1605c757025d16771855cd,,FIXED3_REFIT_MEAN_NOT_ENSEMBLE,R3_ORIGINAL,1.0,1.0,0.0,0.6666666666666666,0.6666666666666666,d4e6ac21adddd2c82592f2dc9d2a110b2231a4cf2ddf84661908ef470f0956d1
reacher,R3_reacher_2da80c9f2c12b38dd5ae592f,,FIXED3_REFIT_MEAN_NOT_ENSEMBLE,R3_ORIGINAL,0.6666666666666666,1.0,0.33333333333333337,1.0,1.0,d4e6ac21adddd2c82592f2dc9d2a110b2231a4cf2ddf84661908ef470f0956d1
reacher,R3_reacher_31bc43e232044dba582b1a91,,FIXED3_REFIT_MEAN_NOT_ENSEMBLE,R3_ORIGINAL,1.0,1.0,0.0,1.0,1.0,d4e6ac21adddd2c82592f2dc9d2a110b2231a4cf2ddf84661908ef470f0956d1
reacher,R3_reacher_3225c7070888eacd2fe6ba3b,,FIXED3_REFIT_MEAN_NOT_ENSEMBLE,R3_ORIGINAL,0.6666666666666666,1.0,0.33333333333333337,1.0,1.0,d4e6ac21adddd2c82592f2dc9d2a110b2231a4cf2ddf84661908ef470f0956d1
reacher,R3_reacher_339d1566307eb06b287cd9d6,,FIXED3_REFIT_MEAN_NOT_ENSEMBLE,R3_ORIGINAL,1.0,1.0,0.0,1.0,1.0,d4e6ac21adddd2c82592f2dc9d2a110b2231a4cf2ddf84661908ef470f0956d1
reacher,R3_reacher_3687a037d77056bca1ad3a86,,FIXED3_REFIT_MEAN_NOT_ENSEMBLE,R3_ORIGINAL,1.0,1.0,0.0,0.0,0.0,d4e6ac21adddd2c82592f2dc9d2a110b2231a4cf2ddf84661908ef470f0956d1
reacher,R3_reacher_391d2d69b9911b586e875be4,,FIXED3_REFIT_MEAN_NOT_ENSEMBLE,R3_ORIGINAL,0.6666666666666666,0.6666666666666666,0.0,1.0,1.0,d4e6ac21adddd2c82592f2dc9d2a110b2231a4cf2ddf84661908ef470f0956d1
reacher,R3_reacher_3c2be98ff314c21b533f9194,,FIXED3_REFIT_MEAN_NOT_ENSEMBLE,R3_ORIGINAL,1.0,1.0,0.0,0.0,0.0,d4e6ac21adddd2c82592f2dc9d2a110b2231a4cf2ddf84661908ef470f0956d1
reacher,R3_reacher_3dc92a427bfa8caeee91f551,,FIXED3_REFIT_MEAN_NOT_ENSEMBLE,R3_ORIGINAL,1.0,1.0,0.0,0.0,0.0,d4e6ac21adddd2c82592f2dc9d2a110b2231a4cf2ddf84661908ef470f0956d1
reacher,R3_reacher_3ebb7b8846f0d4e4c5337f68,,FIXED3_REFIT_MEAN_NOT_ENSEMBLE,R3_ORIGINAL,1.0,1.0,0.0,1.0,1.0,d4e6ac21adddd2c82592f2dc9d2a110b2231a4cf2ddf84661908ef470f0956d1
reacher,R3_reacher_43346886f663e17e6f232be2,,FIXED3_REFIT_MEAN_NOT_ENSEMBLE,R3_ORIGINAL,1.0,1.0,0.0,0.0,0.0,d4e6ac21adddd2c82592f2dc9d2a110b2231a4cf2ddf84661908ef470f0956d1
reacher,R3_reacher_43bed550bc7c733bb23002e3,,FIXED3_REFIT_MEAN_NOT_ENSEMBLE,R3_ORIGINAL,0.3333333333333333,1.0,0.6666666666666667,1.0,1.0,d4e6ac21adddd2c82592f2dc9d2a110b2231a4cf2ddf84661908ef470f0956d1
reacher,R3_reacher_48b38c457e06aea47721389a,,FIXED3_REFIT_MEAN_NOT_ENSEMBLE,R3_ORIGINAL,1.0,1.0,0.0,0.0,0.0,d4e6ac21adddd2c82592f2dc9d2a110b2231a4cf2ddf84661908ef470f0956d1
reacher,R3_reacher_4a2a4a159bd6d8b01f632e71,,FIXED3_REFIT_MEAN_NOT_ENSEMBLE,R3_ORIGINAL,1.0,1.0,0.0,0.0,0.0,d4e6ac21adddd2c82592f2dc9d2a110b2231a4cf2ddf84661908ef470f0956d1
reacher,R3_reacher_4b5f85125ceccca055fe76b4,,FIXED3_REFIT_MEAN_NOT_ENSEMBLE,R3_ORIGINAL,0.3333333333333333,1.0,0.6666666666666667,0.6666666666666666,0.6666666666666666,d4e6ac21adddd2c82592f2dc9d2a110b2231a4cf2ddf84661908ef470f0956d1
reacher,R3_reacher_4d092e8fde355972772dfa7e,,FIXED3_REFIT_MEAN_NOT_ENSEMBLE,R3_ORIGINAL,0.6666666666666666,1.0,0.33333333333333337,1.0,1.0,d4e6ac21adddd2c82592f2dc9d2a110b2231a4cf2ddf84661908ef470f0956d1
reacher,R3_reacher_4de0f0387d01ac1b49760c47,,FIXED3_REFIT_MEAN_NOT_ENSEMBLE,R3_ORIGINAL,1.0,1.0,0.0,1.0,1.0,d4e6ac21adddd2c82592f2dc9d2a110b2231a4cf2ddf84661908ef470f0956d1
reacher,R3_reacher_4eb4413d6e63e87a59fec03a,,FIXED3_REFIT_MEAN_NOT_ENSEMBLE,R3_ORIGINAL,0.6666666666666666,0.6666666666666666,0.0,1.0,1.0,d4e6ac21adddd2c82592f2dc9d2a110b2231a4cf2ddf84661908ef470f0956d1
reacher,R3_reacher_51856009f99570a92446d05a,,FIXED3_REFIT_MEAN_NOT_ENSEMBLE,R3_ORIGINAL,1.0,1.0,0.0,0.0,0.0,d4e6ac21adddd2c82592f2dc9d2a110b2231a4cf2ddf84661908ef470f0956d1
reacher,R3_reacher_54f5b13feb6984f1980392cc,,FIXED3_REFIT_MEAN_NOT_ENSEMBLE,R3_ORIGINAL,1.0,1.0,0.0,0.0,0.0,d4e6ac21adddd2c82592f2dc9d2a110b2231a4cf2ddf84661908ef470f0956d1
reacher,R3_reacher_5d50985e823f66ebd401c1ec,,FIXED3_REFIT_MEAN_NOT_ENSEMBLE,R3_ORIGINAL,1.0,1.0,0.0,1.0,1.0,d4e6ac21adddd2c82592f2dc9d2a110b2231a4cf2ddf84661908ef470f0956d1
reacher,R3_reacher_5e2d5d2d9907df0393e50f40,,FIXED3_REFIT_MEAN_NOT_ENSEMBLE,R3_ORIGINAL,1.0,1.0,0.0,0.0,0.0,d4e6ac21adddd2c82592f2dc9d2a110b2231a4cf2ddf84661908ef470f0956d1
reacher,R3_reacher_5ede573180f7658b8cb1fa2a,,FIXED3_REFIT_MEAN_NOT_ENSEMBLE,R3_ORIGINAL,1.0,1.0,0.0,0.0,0.0,d4e6ac21adddd2c82592f2dc9d2a110b2231a4cf2ddf84661908ef470f0956d1
reacher,R3_reacher_6216de4a5b03eb23d114e16a,,FIXED3_REFIT_MEAN_NOT_ENSEMBLE,R3_ORIGINAL,1.0,1.0,0.0,0.0,0.0,d4e6ac21adddd2c82592f2dc9d2a110b2231a4cf2ddf84661908ef470f0956d1
reacher,R3_reacher_665505d7ca68f56e86ab9898,,FIXED3_REFIT_MEAN_NOT_ENSEMBLE,R3_ORIGINAL,1.0,1.0,0.0,0.6666666666666666,0.6666666666666666,d4e6ac21adddd2c82592f2dc9d2a110b2231a4cf2ddf84661908ef470f0956d1
reacher,R3_reacher_68ead16e22260984b6ce630e,,FIXED3_REFIT_MEAN_NOT_ENSEMBLE,R3_ORIGINAL,0.6666666666666666,1.0,0.33333333333333337,1.0,1.0,d4e6ac21adddd2c82592f2dc9d2a110b2231a4cf2ddf84661908ef470f0956d1
reacher,R3_reacher_691b0678315722721b850bd9,,FIXED3_REFIT_MEAN_NOT_ENSEMBLE,R3_ORIGINAL,0.6666666666666666,1.0,0.33333333333333337,1.0,1.0,d4e6ac21adddd2c82592f2dc9d2a110b2231a4cf2ddf84661908ef470f0956d1
reacher,R3_reacher_6cba7a43faf319ebfe282ca1,,FIXED3_REFIT_MEAN_NOT_ENSEMBLE,R3_ORIGINAL,1.0,1.0,0.0,0.6666666666666666,0.6666666666666666,d4e6ac21adddd2c82592f2dc9d2a110b2231a4cf2ddf84661908ef470f0956d1
reacher,R3_reacher_6d50b6eae922ec8eaba3b2aa,,FIXED3_REFIT_MEAN_NOT_ENSEMBLE,R3_ORIGINAL,1.0,1.0,0.0,1.0,1.0,d4e6ac21adddd2c82592f2dc9d2a110b2231a4cf2ddf84661908ef470f0956d1
reacher,R3_reacher_6ff2b0510c4734c334024b6f,,FIXED3_REFIT_MEAN_NOT_ENSEMBLE,R3_ORIGINAL,0.0,0.6666666666666666,0.6666666666666666,1.0,1.0,d4e6ac21adddd2c82592f2dc9d2a110b2231a4cf2ddf84661908ef470f0956d1
reacher,R3_reacher_74df08ab195a14a2c8f2f0ac,,FIXED3_REFIT_MEAN_NOT_ENSEMBLE,R3_ORIGINAL,1.0,1.0,0.0,0.0,0.0,d4e6ac21adddd2c82592f2dc9d2a110b2231a4cf2ddf84661908ef470f0956d1
reacher,R3_reacher_78e0945523fb491a3f33e969,,FIXED3_REFIT_MEAN_NOT_ENSEMBLE,R3_ORIGINAL,0.6666666666666666,1.0,0.33333333333333337,0.6666666666666666,0.6666666666666666,d4e6ac21adddd2c82592f2dc9d2a110b2231a4cf2ddf84661908ef470f0956d1
reacher,R3_reacher_7aff8be5072b1a8af1a8d13d,,FIXED3_REFIT_MEAN_NOT_ENSEMBLE,R3_ORIGINAL,1.0,1.0,0.0,0.0,0.0,d4e6ac21adddd2c82592f2dc9d2a110b2231a4cf2ddf84661908ef470f0956d1
reacher,R3_reacher_7dd7cb04423f92db263fa577,,FIXED3_REFIT_MEAN_NOT_ENSEMBLE,R3_ORIGINAL,0.6666666666666666,1.0,0.33333333333333337,0.3333333333333333,0.3333333333333333,d4e6ac21adddd2c82592f2dc9d2a110b2231a4cf2ddf84661908ef470f0956d1
reacher,R3_reacher_8013310a3876dc798b82233e,,FIXED3_REFIT_MEAN_NOT_ENSEMBLE,R3_ORIGINAL,1.0,1.0,0.0,0.0,0.0,d4e6ac21adddd2c82592f2dc9d2a110b2231a4cf2ddf84661908ef470f0956d1
reacher,R3_reacher_81676bd5f7a922d099e8c632,,FIXED3_REFIT_MEAN_NOT_ENSEMBLE,R3_ORIGINAL,1.0,1.0,0.0,0.6666666666666666,0.6666666666666666,d4e6ac21adddd2c82592f2dc9d2a110b2231a4cf2ddf84661908ef470f0956d1
reacher,R3_reacher_88e6d02b4868302c88af83bd,,FIXED3_REFIT_MEAN_NOT_ENSEMBLE,R3_ORIGINAL,1.0,1.0,0.0,1.0,1.0,d4e6ac21adddd2c82592f2dc9d2a110b2231a4cf2ddf84661908ef470f0956d1
reacher,R3_reacher_8cb337114374dac2e790e2d0,,FIXED3_REFIT_MEAN_NOT_ENSEMBLE,R3_ORIGINAL,1.0,1.0,0.0,0.3333333333333333,0.3333333333333333,d4e6ac21adddd2c82592f2dc9d2a110b2231a4cf2ddf84661908ef470f0956d1
reacher,R3_reacher_8f94a57dc057ae3fea063566,,FIXED3_REFIT_MEAN_NOT_ENSEMBLE,R3_ORIGINAL,0.3333333333333333,0.3333333333333333,0.0,1.0,1.0,d4e6ac21adddd2c82592f2dc9d2a110b2231a4cf2ddf84661908ef470f0956d1
reacher,R3_reacher_90130661be9d8449b174dfda,,FIXED3_REFIT_MEAN_NOT_ENSEMBLE,R3_ORIGINAL,0.6666666666666666,1.0,0.33333333333333337,1.0,1.0,d4e6ac21adddd2c82592f2dc9d2a110b2231a4cf2ddf84661908ef470f0956d1
reacher,R3_reacher_91d6a515142521d444cda8ca,,FIXED3_REFIT_MEAN_NOT_ENSEMBLE,R3_ORIGINAL,1.0,1.0,0.0,0.0,0.0,d4e6ac21adddd2c82592f2dc9d2a110b2231a4cf2ddf84661908ef470f0956d1
reacher,R3_reacher_9ce16e33ff15bde409d40098,,FIXED3_REFIT_MEAN_NOT_ENSEMBLE,R3_ORIGINAL,1.0,1.0,0.0,0.0,0.0,d4e6ac21adddd2c82592f2dc9d2a110b2231a4cf2ddf84661908ef470f0956d1
reacher,R3_reacher_a1c24b0d5bdd53fdeb203e5f,,FIXED3_REFIT_MEAN_NOT_ENSEMBLE,R3_ORIGINAL,1.0,1.0,0.0,0.3333333333333333,0.3333333333333333,d4e6ac21adddd2c82592f2dc9d2a110b2231a4cf2ddf84661908ef470f0956d1
reacher,R3_reacher_a4fc5af8bb0b58322c55693f,,FIXED3_REFIT_MEAN_NOT_ENSEMBLE,R3_ORIGINAL,1.0,1.0,0.0,0.6666666666666666,0.6666666666666666,d4e6ac21adddd2c82592f2dc9d2a110b2231a4cf2ddf84661908ef470f0956d1
reacher,R3_reacher_a80b135a2ca6b9fe49081cb7,,FIXED3_REFIT_MEAN_NOT_ENSEMBLE,R3_ORIGINAL,1.0,1.0,0.0,0.6666666666666666,0.6666666666666666,d4e6ac21adddd2c82592f2dc9d2a110b2231a4cf2ddf84661908ef470f0956d1
reacher,R3_reacher_aa19e4ff8c803eccffc04674,,FIXED3_REFIT_MEAN_NOT_ENSEMBLE,R3_ORIGINAL,1.0,1.0,0.0,0.3333333333333333,0.3333333333333333,d4e6ac21adddd2c82592f2dc9d2a110b2231a4cf2ddf84661908ef470f0956d1
reacher,R3_reacher_ae4e56803bfc6050ad2c5407,,FIXED3_REFIT_MEAN_NOT_ENSEMBLE,R3_ORIGINAL,1.0,1.0,0.0,0.6666666666666666,0.6666666666666666,d4e6ac21adddd2c82592f2dc9d2a110b2231a4cf2ddf84661908ef470f0956d1
reacher,R3_reacher_af2aa3d1d6cbf53a4f647860,,FIXED3_REFIT_MEAN_NOT_ENSEMBLE,R3_ORIGINAL,0.6666666666666666,0.6666666666666666,0.0,1.0,1.0,d4e6ac21adddd2c82592f2dc9d2a110b2231a4cf2ddf84661908ef470f0956d1
reacher,R3_reacher_b1919e19a6a875f129014e81,,FIXED3_REFIT_MEAN_NOT_ENSEMBLE,R3_ORIGINAL,1.0,1.0,0.0,0.0,0.0,d4e6ac21adddd2c82592f2dc9d2a110b2231a4cf2ddf84661908ef470f0956d1
reacher,R3_reacher_b2b5f6290d54abd4e830fc73,,FIXED3_REFIT_MEAN_NOT_ENSEMBLE,R3_ORIGINAL,0.3333333333333333,1.0,0.6666666666666667,1.0,1.0,d4e6ac21adddd2c82592f2dc9d2a110b2231a4cf2ddf84661908ef470f0956d1
reacher,R3_reacher_b360acd1c6d9c7eb19ad0748,,FIXED3_REFIT_MEAN_NOT_ENSEMBLE,R3_ORIGINAL,0.6666666666666666,1.0,0.33333333333333337,0.3333333333333333,0.3333333333333333,d4e6ac21adddd2c82592f2dc9d2a110b2231a4cf2ddf84661908ef470f0956d1
reacher,R3_reacher_b435d231878e66fe816e4b27,,FIXED3_REFIT_MEAN_NOT_ENSEMBLE,R3_ORIGINAL,0.6666666666666666,1.0,0.33333333333333337,1.0,1.0,d4e6ac21adddd2c82592f2dc9d2a110b2231a4cf2ddf84661908ef470f0956d1
reacher,R3_reacher_b7683878966ffb88777d03f2,,FIXED3_REFIT_MEAN_NOT_ENSEMBLE,R3_ORIGINAL,0.3333333333333333,1.0,0.6666666666666667,1.0,1.0,d4e6ac21adddd2c82592f2dc9d2a110b2231a4cf2ddf84661908ef470f0956d1
reacher,R3_reacher_c0da6ebc002f6e6d8652c23a,,FIXED3_REFIT_MEAN_NOT_ENSEMBLE,R3_ORIGINAL,1.0,1.0,0.0,0.0,0.0,d4e6ac21adddd2c82592f2dc9d2a110b2231a4cf2ddf84661908ef470f0956d1
reacher,R3_reacher_c47240a947a9f7917eaf944b,,FIXED3_REFIT_MEAN_NOT_ENSEMBLE,R3_ORIGINAL,1.0,1.0,0.0,1.0,1.0,d4e6ac21adddd2c82592f2dc9d2a110b2231a4cf2ddf84661908ef470f0956d1
reacher,R3_reacher_c799ddaf20ab5016c0fcc94d,,FIXED3_REFIT_MEAN_NOT_ENSEMBLE,R3_ORIGINAL,1.0,1.0,0.0,1.0,1.0,d4e6ac21adddd2c82592f2dc9d2a110b2231a4cf2ddf84661908ef470f0956d1
reacher,R3_reacher_cbda62f6c8224e2f9423fd2d,,FIXED3_REFIT_MEAN_NOT_ENSEMBLE,R3_ORIGINAL,1.0,1.0,0.0,1.0,1.0,d4e6ac21adddd2c82592f2dc9d2a110b2231a4cf2ddf84661908ef470f0956d1
reacher,R3_reacher_cda870d3e512d2eb34471d9e,,FIXED3_REFIT_MEAN_NOT_ENSEMBLE,R3_ORIGINAL,1.0,1.0,0.0,0.3333333333333333,0.3333333333333333,d4e6ac21adddd2c82592f2dc9d2a110b2231a4cf2ddf84661908ef470f0956d1
reacher,R3_reacher_cdd7a48d2d150bc082f55fa8,,FIXED3_REFIT_MEAN_NOT_ENSEMBLE,R3_ORIGINAL,0.6666666666666666,0.6666666666666666,0.0,0.6666666666666666,0.6666666666666666,d4e6ac21adddd2c82592f2dc9d2a110b2231a4cf2ddf84661908ef470f0956d1
reacher,R3_reacher_cf3ea0332fec67aba0c09d69,,FIXED3_REFIT_MEAN_NOT_ENSEMBLE,R3_ORIGINAL,1.0,0.6666666666666666,-0.33333333333333337,1.0,1.0,d4e6ac21adddd2c82592f2dc9d2a110b2231a4cf2ddf84661908ef470f0956d1
reacher,R3_reacher_d114702b19acfaf5dda45c4f,,FIXED3_REFIT_MEAN_NOT_ENSEMBLE,R3_ORIGINAL,1.0,1.0,0.0,0.0,0.0,d4e6ac21adddd2c82592f2dc9d2a110b2231a4cf2ddf84661908ef470f0956d1
reacher,R3_reacher_d6184e6ee10fee6564198319,,FIXED3_REFIT_MEAN_NOT_ENSEMBLE,R3_ORIGINAL,1.0,1.0,0.0,1.0,1.0,d4e6ac21adddd2c82592f2dc9d2a110b2231a4cf2ddf84661908ef470f0956d1
reacher,R3_reacher_d75164310bc00a38ef41a7a2,,FIXED3_REFIT_MEAN_NOT_ENSEMBLE,R3_ORIGINAL,1.0,1.0,0.0,0.0,0.0,d4e6ac21adddd2c82592f2dc9d2a110b2231a4cf2ddf84661908ef470f0956d1
reacher,R3_reacher_db1aac2a2839b94c8cf3e963,,FIXED3_REFIT_MEAN_NOT_ENSEMBLE,R3_ORIGINAL,1.0,0.6666666666666666,-0.33333333333333337,1.0,1.0,d4e6ac21adddd2c82592f2dc9d2a110b2231a4cf2ddf84661908ef470f0956d1
reacher,R3_reacher_df4b440848b9f031543dd698,,FIXED3_REFIT_MEAN_NOT_ENSEMBLE,R3_ORIGINAL,1.0,1.0,0.0,1.0,1.0,d4e6ac21adddd2c82592f2dc9d2a110b2231a4cf2ddf84661908ef470f0956d1
reacher,R3_reacher_df6b904f9325342cb9269256,,FIXED3_REFIT_MEAN_NOT_ENSEMBLE,R3_ORIGINAL,0.6666666666666666,1.0,0.33333333333333337,1.0,1.0,d4e6ac21adddd2c82592f2dc9d2a110b2231a4cf2ddf84661908ef470f0956d1
reacher,R3_reacher_e16605f9ca3eaefb85d7cd2a,,FIXED3_REFIT_MEAN_NOT_ENSEMBLE,R3_ORIGINAL,1.0,1.0,0.0,0.0,0.0,d4e6ac21adddd2c82592f2dc9d2a110b2231a4cf2ddf84661908ef470f0956d1
reacher,R3_reacher_e25a61bb715dbf3fd96b9f4b,,FIXED3_REFIT_MEAN_NOT_ENSEMBLE,R3_ORIGINAL,1.0,1.0,0.0,0.3333333333333333,0.3333333333333333,d4e6ac21adddd2c82592f2dc9d2a110b2231a4cf2ddf84661908ef470f0956d1
reacher,R3_reacher_e547cc356ff64f28a01b3a4d,,FIXED3_REFIT_MEAN_NOT_ENSEMBLE,R3_ORIGINAL,0.3333333333333333,1.0,0.6666666666666667,1.0,1.0,d4e6ac21adddd2c82592f2dc9d2a110b2231a4cf2ddf84661908ef470f0956d1
reacher,R3_reacher_e690a367ff4f94b45cee2d33,,FIXED3_REFIT_MEAN_NOT_ENSEMBLE,R3_ORIGINAL,1.0,1.0,0.0,0.0,0.0,d4e6ac21adddd2c82592f2dc9d2a110b2231a4cf2ddf84661908ef470f0956d1
reacher,R3_reacher_e899be36b2378f247385a80c,,FIXED3_REFIT_MEAN_NOT_ENSEMBLE,R3_ORIGINAL,1.0,1.0,0.0,0.0,0.0,d4e6ac21adddd2c82592f2dc9d2a110b2231a4cf2ddf84661908ef470f0956d1
reacher,R3_reacher_e96c064ebe544a7de14e595f,,FIXED3_REFIT_MEAN_NOT_ENSEMBLE,R3_ORIGINAL,1.0,1.0,0.0,0.0,0.0,d4e6ac21adddd2c82592f2dc9d2a110b2231a4cf2ddf84661908ef470f0956d1
reacher,R3_reacher_e97cbf284bc2f1863e321521,,FIXED3_REFIT_MEAN_NOT_ENSEMBLE,R3_ORIGINAL,0.3333333333333333,1.0,0.6666666666666667,0.6666666666666666,0.6666666666666666,d4e6ac21adddd2c82592f2dc9d2a110b2231a4cf2ddf84661908ef470f0956d1
reacher,R3_reacher_e9df183d83d2c6d6143de3be,,FIXED3_REFIT_MEAN_NOT_ENSEMBLE,R3_ORIGINAL,1.0,1.0,0.0,0.0,0.0,d4e6ac21adddd2c82592f2dc9d2a110b2231a4cf2ddf84661908ef470f0956d1
reacher,R3_reacher_eb5da8b3b8a360d72bdc4b81,,FIXED3_REFIT_MEAN_NOT_ENSEMBLE,R3_ORIGINAL,1.0,1.0,0.0,0.0,0.0,d4e6ac21adddd2c82592f2dc9d2a110b2231a4cf2ddf84661908ef470f0956d1
reacher,R3_reacher_ed2a6ac159bdefdd8698e966,,FIXED3_REFIT_MEAN_NOT_ENSEMBLE,R3_ORIGINAL,1.0,1.0,0.0,0.0,0.0,d4e6ac21adddd2c82592f2dc9d2a110b2231a4cf2ddf84661908ef470f0956d1
reacher,R3_reacher_ee3aa3dea1bccfc0c0400c77,,FIXED3_REFIT_MEAN_NOT_ENSEMBLE,R3_ORIGINAL,0.0,1.0,1.0,1.0,1.0,d4e6ac21adddd2c82592f2dc9d2a110b2231a4cf2ddf84661908ef470f0956d1
reacher,R3_reacher_f295eb60a191606d1f094189,,FIXED3_REFIT_MEAN_NOT_ENSEMBLE,R3_ORIGINAL,1.0,1.0,0.0,0.0,0.0,d4e6ac21adddd2c82592f2dc9d2a110b2231a4cf2ddf84661908ef470f0956d1
reacher,R3_reacher_f7bea0928cdded574e397c2d,,FIXED3_REFIT_MEAN_NOT_ENSEMBLE,R3_ORIGINAL,0.6666666666666666,1.0,0.33333333333333337,1.0,1.0,d4e6ac21adddd2c82592f2dc9d2a110b2231a4cf2ddf84661908ef470f0956d1
reacher,R3_reacher_fa467774affd316a6db90f90,,FIXED3_REFIT_MEAN_NOT_ENSEMBLE,R3_ORIGINAL,1.0,1.0,0.0,0.6666666666666666,0.6666666666666666,d4e6ac21adddd2c82592f2dc9d2a110b2231a4cf2ddf84661908ef470f0956d1
reacher,R3_reacher_fc2a1ecf6edea23cba59b6be,,FIXED3_REFIT_MEAN_NOT_ENSEMBLE,R3_ORIGINAL,1.0,1.0,0.0,1.0,1.0,d4e6ac21adddd2c82592f2dc9d2a110b2231a4cf2ddf84661908ef470f0956d1
reacher,R3_reacher_fca2ae6f03dd54aa3833661f,,FIXED3_REFIT_MEAN_NOT_ENSEMBLE,R3_ORIGINAL,1.0,1.0,0.0,0.0,0.0,d4e6ac21adddd2c82592f2dc9d2a110b2231a4cf2ddf84661908ef470f0956d1
reacher,R3_reacher_fe1001e9c3b6b50616b6fe2d,,FIXED3_REFIT_MEAN_NOT_ENSEMBLE,R3_ORIGINAL,0.6666666666666666,1.0,0.33333333333333337,1.0,1.0,d4e6ac21adddd2c82592f2dc9d2a110b2231a4cf2ddf84661908ef470f0956d1
reacher,R3_reacher_01fd87d09dbf3909048741d4,,FIXED3_REFIT_MEAN_NOT_ENSEMBLE,R4_ALT_CEM_1,1.0,1.0,0.0,0.6666666666666666,0.6666666666666666,d4e6ac21adddd2c82592f2dc9d2a110b2231a4cf2ddf84661908ef470f0956d1
reacher,R3_reacher_0651ebd394a43de70c9b7ad0,,FIXED3_REFIT_MEAN_NOT_ENSEMBLE,R4_ALT_CEM_1,1.0,1.0,0.0,0.0,0.0,d4e6ac21adddd2c82592f2dc9d2a110b2231a4cf2ddf84661908ef470f0956d1
reacher,R3_reacher_06b68490d49af9bd892bea71,,FIXED3_REFIT_MEAN_NOT_ENSEMBLE,R4_ALT_CEM_1,1.0,1.0,0.0,0.0,0.0,d4e6ac21adddd2c82592f2dc9d2a110b2231a4cf2ddf84661908ef470f0956d1
reacher,R3_reacher_09247f3e88e7af275abc2d1d,,FIXED3_REFIT_MEAN_NOT_ENSEMBLE,R4_ALT_CEM_1,0.6666666666666666,1.0,0.33333333333333337,0.3333333333333333,0.3333333333333333,d4e6ac21adddd2c82592f2dc9d2a110b2231a4cf2ddf84661908ef470f0956d1
reacher,R3_reacher_0e325219914460cb340033c1,,FIXED3_REFIT_MEAN_NOT_ENSEMBLE,R4_ALT_CEM_1,1.0,1.0,0.0,0.3333333333333333,0.3333333333333333,d4e6ac21adddd2c82592f2dc9d2a110b2231a4cf2ddf84661908ef470f0956d1
reacher,R3_reacher_0ea549c2f80d7cbbbb1b6dd8,,FIXED3_REFIT_MEAN_NOT_ENSEMBLE,R4_ALT_CEM_1,0.6666666666666666,1.0,0.33333333333333337,0.6666666666666666,0.6666666666666666,d4e6ac21adddd2c82592f2dc9d2a110b2231a4cf2ddf84661908ef470f0956d1
reacher,R3_reacher_10754410887eb77f72ae018e,,FIXED3_REFIT_MEAN_NOT_ENSEMBLE,R4_ALT_CEM_1,0.3333333333333333,1.0,0.6666666666666667,0.6666666666666666,0.6666666666666666,d4e6ac21adddd2c82592f2dc9d2a110b2231a4cf2ddf84661908ef470f0956d1
reacher,R3_reacher_19b957e03f42b1b14d0654d7,,FIXED3_REFIT_MEAN_NOT_ENSEMBLE,R4_ALT_CEM_1,1.0,1.0,0.0,0.0,0.0,d4e6ac21adddd2c82592f2dc9d2a110b2231a4cf2ddf84661908ef470f0956d1
reacher,R3_reacher_1aad022046d1e4f9da53b4a0,,FIXED3_REFIT_MEAN_NOT_ENSEMBLE,R4_ALT_CEM_1,0.6666666666666666,1.0,0.33333333333333337,0.3333333333333333,0.3333333333333333,d4e6ac21adddd2c82592f2dc9d2a110b2231a4cf2ddf84661908ef470f0956d1
reacher,R3_reacher_1afd87ed042926d5ecc50b5c,,FIXED3_REFIT_MEAN_NOT_ENSEMBLE,R4_ALT_CEM_1,1.0,1.0,0.0,0.0,0.0,d4e6ac21adddd2c82592f2dc9d2a110b2231a4cf2ddf84661908ef470f0956d1
reacher,R3_reacher_1fc0b1d9c6963542440189cf,,FIXED3_REFIT_MEAN_NOT_ENSEMBLE,R4_ALT_CEM_1,1.0,1.0,0.0,0.6666666666666666,0.6666666666666666,d4e6ac21adddd2c82592f2dc9d2a110b2231a4cf2ddf84661908ef470f0956d1
reacher,R3_reacher_20e903c4dc4794a78a414ccb,,FIXED3_REFIT_MEAN_NOT_ENSEMBLE,R4_ALT_CEM_1,1.0,1.0,0.0,1.0,1.0,d4e6ac21adddd2c82592f2dc9d2a110b2231a4cf2ddf84661908ef470f0956d1
reacher,R3_reacher_227dcc9361770465dc9ba143,,FIXED3_REFIT_MEAN_NOT_ENSEMBLE,R4_ALT_CEM_1,0.6666666666666666,0.6666666666666666,0.0,0.6666666666666666,0.6666666666666666,d4e6ac21adddd2c82592f2dc9d2a110b2231a4cf2ddf84661908ef470f0956d1
reacher,R3_reacher_248c04f18e24c23c388665d6,,FIXED3_REFIT_MEAN_NOT_ENSEMBLE,R4_ALT_CEM_1,1.0,1.0,0.0,0.6666666666666666,0.6666666666666666,d4e6ac21adddd2c82592f2dc9d2a110b2231a4cf2ddf84661908ef470f0956d1
reacher,R3_reacher_25281ce20ac4c1a4e13bfe64,,FIXED3_REFIT_MEAN_NOT_ENSEMBLE,R4_ALT_CEM_1,1.0,1.0,0.0,0.0,0.0,d4e6ac21adddd2c82592f2dc9d2a110b2231a4cf2ddf84661908ef470f0956d1
reacher,R3_reacher_29461ecfe2e96e3052bf252e,,FIXED3_REFIT_MEAN_NOT_ENSEMBLE,R4_ALT_CEM_1,0.6666666666666666,1.0,0.33333333333333337,1.0,1.0,d4e6ac21adddd2c82592f2dc9d2a110b2231a4cf2ddf84661908ef470f0956d1
reacher,R3_reacher_2ae169997e13b18afc7243d3,,FIXED3_REFIT_MEAN_NOT_ENSEMBLE,R4_ALT_CEM_1,1.0,1.0,0.0,0.6666666666666666,0.6666666666666666,d4e6ac21adddd2c82592f2dc9d2a110b2231a4cf2ddf84661908ef470f0956d1
reacher,R3_reacher_2b1605c757025d16771855cd,,FIXED3_REFIT_MEAN_NOT_ENSEMBLE,R4_ALT_CEM_1,0.6666666666666666,1.0,0.33333333333333337,0.6666666666666666,0.6666666666666666,d4e6ac21adddd2c82592f2dc9d2a110b2231a4cf2ddf84661908ef470f0956d1
reacher,R3_reacher_2da80c9f2c12b38dd5ae592f,,FIXED3_REFIT_MEAN_NOT_ENSEMBLE,R4_ALT_CEM_1,0.6666666666666666,1.0,0.33333333333333337,1.0,1.0,d4e6ac21adddd2c82592f2dc9d2a110b2231a4cf2ddf84661908ef470f0956d1
reacher,R3_reacher_31bc43e232044dba582b1a91,,FIXED3_REFIT_MEAN_NOT_ENSEMBLE,R4_ALT_CEM_1,1.0,1.0,0.0,0.3333333333333333,0.3333333333333333,d4e6ac21adddd2c82592f2dc9d2a110b2231a4cf2ddf84661908ef470f0956d1
reacher,R3_reacher_3225c7070888eacd2fe6ba3b,,FIXED3_REFIT_MEAN_NOT_ENSEMBLE,R4_ALT_CEM_1,1.0,1.0,0.0,0.6666666666666666,0.6666666666666666,d4e6ac21adddd2c82592f2dc9d2a110b2231a4cf2ddf84661908ef470f0956d1
reacher,R3_reacher_339d1566307eb06b287cd9d6,,FIXED3_REFIT_MEAN_NOT_ENSEMBLE,R4_ALT_CEM_1,0.3333333333333333,1.0,0.6666666666666667,1.0,1.0,d4e6ac21adddd2c82592f2dc9d2a110b2231a4cf2ddf84661908ef470f0956d1
reacher,R3_reacher_3687a037d77056bca1ad3a86,,FIXED3_REFIT_MEAN_NOT_ENSEMBLE,R4_ALT_CEM_1,1.0,1.0,0.0,0.0,0.0,d4e6ac21adddd2c82592f2dc9d2a110b2231a4cf2ddf84661908ef470f0956d1
reacher,R3_reacher_391d2d69b9911b586e875be4,,FIXED3_REFIT_MEAN_NOT_ENSEMBLE,R4_ALT_CEM_1,0.3333333333333333,0.6666666666666666,0.3333333333333333,1.0,1.0,d4e6ac21adddd2c82592f2dc9d2a110b2231a4cf2ddf84661908ef470f0956d1
reacher,R3_reacher_3c2be98ff314c21b533f9194,,FIXED3_REFIT_MEAN_NOT_ENSEMBLE,R4_ALT_CEM_1,1.0,1.0,0.0,0.3333333333333333,0.3333333333333333,d4e6ac21adddd2c82592f2dc9d2a110b2231a4cf2ddf84661908ef470f0956d1
reacher,R3_reacher_3dc92a427bfa8caeee91f551,,FIXED3_REFIT_MEAN_NOT_ENSEMBLE,R4_ALT_CEM_1,1.0,1.0,0.0,0.0,0.0,d4e6ac21adddd2c82592f2dc9d2a110b2231a4cf2ddf84661908ef470f0956d1
reacher,R3_reacher_3ebb7b8846f0d4e4c5337f68,,FIXED3_REFIT_MEAN_NOT_ENSEMBLE,R4_ALT_CEM_1,1.0,1.0,0.0,1.0,1.0,d4e6ac21adddd2c82592f2dc9d2a110b2231a4cf2ddf84661908ef470f0956d1
reacher,R3_reacher_43346886f663e17e6f232be2,,FIXED3_REFIT_MEAN_NOT_ENSEMBLE,R4_ALT_CEM_1,0.6666666666666666,1.0,0.33333333333333337,1.0,1.0,d4e6ac21adddd2c82592f2dc9d2a110b2231a4cf2ddf84661908ef470f0956d1
reacher,R3_reacher_43bed550bc7c733bb23002e3,,FIXED3_REFIT_MEAN_NOT_ENSEMBLE,R4_ALT_CEM_1,1.0,1.0,0.0,0.0,0.0,d4e6ac21adddd2c82592f2dc9d2a110b2231a4cf2ddf84661908ef470f0956d1
reacher,R3_reacher_48b38c457e06aea47721389a,,FIXED3_REFIT_MEAN_NOT_ENSEMBLE,R4_ALT_CEM_1,0.6666666666666666,1.0,0.33333333333333337,0.3333333333333333,0.3333333333333333,d4e6ac21adddd2c82592f2dc9d2a110b2231a4cf2ddf84661908ef470f0956d1
reacher,R3_reacher_4a2a4a159bd6d8b01f632e71,,FIXED3_REFIT_MEAN_NOT_ENSEMBLE,R4_ALT_CEM_1,1.0,1.0,0.0,0.0,0.0,d4e6ac21adddd2c82592f2dc9d2a110b2231a4cf2ddf84661908ef470f0956d1
reacher,R3_reacher_4b5f85125ceccca055fe76b4,,FIXED3_REFIT_MEAN_NOT_ENSEMBLE,R4_ALT_CEM_1,0.3333333333333333,1.0,0.6666666666666667,0.6666666666666666,0.6666666666666666,d4e6ac21adddd2c82592f2dc9d2a110b2231a4cf2ddf84661908ef470f0956d1
reacher,R3_reacher_4d092e8fde355972772dfa7e,,FIXED3_REFIT_MEAN_NOT_ENSEMBLE,R4_ALT_CEM_1,1.0,1.0,0.0,1.0,1.0,d4e6ac21adddd2c82592f2dc9d2a110b2231a4cf2ddf84661908ef470f0956d1
reacher,R3_reacher_4de0f0387d01ac1b49760c47,,FIXED3_REFIT_MEAN_NOT_ENSEMBLE,R4_ALT_CEM_1,0.0,1.0,1.0,1.0,1.0,d4e6ac21adddd2c82592f2dc9d2a110b2231a4cf2ddf84661908ef470f0956d1
reacher,R3_reacher_4eb4413d6e63e87a59fec03a,,FIXED3_REFIT_MEAN_NOT_ENSEMBLE,R4_ALT_CEM_1,1.0,0.6666666666666666,-0.33333333333333337,1.0,1.0,d4e6ac21adddd2c82592f2dc9d2a110b2231a4cf2ddf84661908ef470f0956d1
reacher,R3_reacher_51856009f99570a92446d05a,,FIXED3_REFIT_MEAN_NOT_ENSEMBLE,R4_ALT_CEM_1,0.6666666666666666,1.0,0.33333333333333337,0.3333333333333333,0.3333333333333333,d4e6ac21adddd2c82592f2dc9d2a110b2231a4cf2ddf84661908ef470f0956d1
reacher,R3_reacher_54f5b13feb6984f1980392cc,,FIXED3_REFIT_MEAN_NOT_ENSEMBLE,R4_ALT_CEM_1,1.0,1.0,0.0,0.0,0.0,d4e6ac21adddd2c82592f2dc9d2a110b2231a4cf2ddf84661908ef470f0956d1
reacher,R3_reacher_5d50985e823f66ebd401c1ec,,FIXED3_REFIT_MEAN_NOT_ENSEMBLE,R4_ALT_CEM_1,0.6666666666666666,1.0,0.33333333333333337,1.0,1.0,d4e6ac21adddd2c82592f2dc9d2a110b2231a4cf2ddf84661908ef470f0956d1
reacher,R3_reacher_5e2d5d2d9907df0393e50f40,,FIXED3_REFIT_MEAN_NOT_ENSEMBLE,R4_ALT_CEM_1,1.0,1.0,0.0,0.0,0.0,d4e6ac21adddd2c82592f2dc9d2a110b2231a4cf2ddf84661908ef470f0956d1
reacher,R3_reacher_5ede573180f7658b8cb1fa2a,,FIXED3_REFIT_MEAN_NOT_ENSEMBLE,R4_ALT_CEM_1,1.0,1.0,0.0,0.0,0.0,d4e6ac21adddd2c82592f2dc9d2a110b2231a4cf2ddf84661908ef470f0956d1
reacher,R3_reacher_6216de4a5b03eb23d114e16a,,FIXED3_REFIT_MEAN_NOT_ENSEMBLE,R4_ALT_CEM_1,1.0,1.0,0.0,0.0,0.0,d4e6ac21adddd2c82592f2dc9d2a110b2231a4cf2ddf84661908ef470f0956d1
reacher,R3_reacher_665505d7ca68f56e86ab9898,,FIXED3_REFIT_MEAN_NOT_ENSEMBLE,R4_ALT_CEM_1,1.0,1.0,0.0,1.0,1.0,d4e6ac21adddd2c82592f2dc9d2a110b2231a4cf2ddf84661908ef470f0956d1
reacher,R3_reacher_68ead16e22260984b6ce630e,,FIXED3_REFIT_MEAN_NOT_ENSEMBLE,R4_ALT_CEM_1,0.6666666666666666,1.0,0.33333333333333337,0.6666666666666666,0.6666666666666666,d4e6ac21adddd2c82592f2dc9d2a110b2231a4cf2ddf84661908ef470f0956d1
reacher,R3_reacher_691b0678315722721b850bd9,,FIXED3_REFIT_MEAN_NOT_ENSEMBLE,R4_ALT_CEM_1,0.6666666666666666,1.0,0.33333333333333337,1.0,1.0,d4e6ac21adddd2c82592f2dc9d2a110b2231a4cf2ddf84661908ef470f0956d1
reacher,R3_reacher_6cba7a43faf319ebfe282ca1,,FIXED3_REFIT_MEAN_NOT_ENSEMBLE,R4_ALT_CEM_1,0.3333333333333333,0.6666666666666666,0.3333333333333333,1.0,1.0,d4e6ac21adddd2c82592f2dc9d2a110b2231a4cf2ddf84661908ef470f0956d1
reacher,R3_reacher_6d50b6eae922ec8eaba3b2aa,,FIXED3_REFIT_MEAN_NOT_ENSEMBLE,R4_ALT_CEM_1,1.0,1.0,0.0,0.6666666666666666,0.6666666666666666,d4e6ac21adddd2c82592f2dc9d2a110b2231a4cf2ddf84661908ef470f0956d1
reacher,R3_reacher_6ff2b0510c4734c334024b6f,,FIXED3_REFIT_MEAN_NOT_ENSEMBLE,R4_ALT_CEM_1,1.0,1.0,0.0,0.0,0.0,d4e6ac21adddd2c82592f2dc9d2a110b2231a4cf2ddf84661908ef470f0956d1
reacher,R3_reacher_74df08ab195a14a2c8f2f0ac,,FIXED3_REFIT_MEAN_NOT_ENSEMBLE,R4_ALT_CEM_1,0.6666666666666666,1.0,0.33333333333333337,0.6666666666666666,0.6666666666666666,d4e6ac21adddd2c82592f2dc9d2a110b2231a4cf2ddf84661908ef470f0956d1
reacher,R3_reacher_78e0945523fb491a3f33e969,,FIXED3_REFIT_MEAN_NOT_ENSEMBLE,R4_ALT_CEM_1,0.3333333333333333,1.0,0.6666666666666667,0.6666666666666666,0.6666666666666666,d4e6ac21adddd2c82592f2dc9d2a110b2231a4cf2ddf84661908ef470f0956d1
reacher,R3_reacher_7aff8be5072b1a8af1a8d13d,,FIXED3_REFIT_MEAN_NOT_ENSEMBLE,R4_ALT_CEM_1,1.0,1.0,0.0,0.3333333333333333,0.3333333333333333,d4e6ac21adddd2c82592f2dc9d2a110b2231a4cf2ddf84661908ef470f0956d1
reacher,R3_reacher_7dd7cb04423f92db263fa577,,FIXED3_REFIT_MEAN_NOT_ENSEMBLE,R4_ALT_CEM_1,1.0,1.0,0.0,0.0,0.0,d4e6ac21adddd2c82592f2dc9d2a110b2231a4cf2ddf84661908ef470f0956d1
reacher,R3_reacher_8013310a3876dc798b82233e,,FIXED3_REFIT_MEAN_NOT_ENSEMBLE,R4_ALT_CEM_1,1.0,1.0,0.0,0.3333333333333333,0.3333333333333333,d4e6ac21adddd2c82592f2dc9d2a110b2231a4cf2ddf84661908ef470f0956d1
reacher,R3_reacher_81676bd5f7a922d099e8c632,,FIXED3_REFIT_MEAN_NOT_ENSEMBLE,R4_ALT_CEM_1,1.0,1.0,0.0,1.0,1.0,d4e6ac21adddd2c82592f2dc9d2a110b2231a4cf2ddf84661908ef470f0956d1
reacher,R3_reacher_88e6d02b4868302c88af83bd,,FIXED3_REFIT_MEAN_NOT_ENSEMBLE,R4_ALT_CEM_1,1.0,0.6666666666666666,-0.33333333333333337,0.6666666666666666,0.6666666666666666,d4e6ac21adddd2c82592f2dc9d2a110b2231a4cf2ddf84661908ef470f0956d1
reacher,R3_reacher_8cb337114374dac2e790e2d0,,FIXED3_REFIT_MEAN_NOT_ENSEMBLE,R4_ALT_CEM_1,0.6666666666666666,1.0,0.33333333333333337,0.6666666666666666,0.6666666666666666,d4e6ac21adddd2c82592f2dc9d2a110b2231a4cf2ddf84661908ef470f0956d1
reacher,R3_reacher_8f94a57dc057ae3fea063566,,FIXED3_REFIT_MEAN_NOT_ENSEMBLE,R4_ALT_CEM_1,0.6666666666666666,1.0,0.33333333333333337,1.0,1.0,d4e6ac21adddd2c82592f2dc9d2a110b2231a4cf2ddf84661908ef470f0956d1
reacher,R3_reacher_90130661be9d8449b174dfda,,FIXED3_REFIT_MEAN_NOT_ENSEMBLE,R4_ALT_CEM_1,1.0,1.0,0.0,1.0,1.0,d4e6ac21adddd2c82592f2dc9d2a110b2231a4cf2ddf84661908ef470f0956d1
reacher,R3_reacher_91d6a515142521d444cda8ca,,FIXED3_REFIT_MEAN_NOT_ENSEMBLE,R4_ALT_CEM_1,1.0,1.0,0.0,0.3333333333333333,0.3333333333333333,d4e6ac21adddd2c82592f2dc9d2a110b2231a4cf2ddf84661908ef470f0956d1
reacher,R3_reacher_9ce16e33ff15bde409d40098,,FIXED3_REFIT_MEAN_NOT_ENSEMBLE,R4_ALT_CEM_1,1.0,1.0,0.0,0.0,0.0,d4e6ac21adddd2c82592f2dc9d2a110b2231a4cf2ddf84661908ef470f0956d1
reacher,R3_reacher_a1c24b0d5bdd53fdeb203e5f,,FIXED3_REFIT_MEAN_NOT_ENSEMBLE,R4_ALT_CEM_1,1.0,1.0,0.0,0.0,0.0,d4e6ac21adddd2c82592f2dc9d2a110b2231a4cf2ddf84661908ef470f0956d1
reacher,R3_reacher_a4fc5af8bb0b58322c55693f,,FIXED3_REFIT_MEAN_NOT_ENSEMBLE,R4_ALT_CEM_1,1.0,1.0,0.0,0.0,0.0,d4e6ac21adddd2c82592f2dc9d2a110b2231a4cf2ddf84661908ef470f0956d1
reacher,R3_reacher_a80b135a2ca6b9fe49081cb7,,FIXED3_REFIT_MEAN_NOT_ENSEMBLE,R4_ALT_CEM_1,0.6666666666666666,1.0,0.33333333333333337,0.3333333333333333,0.3333333333333333,d4e6ac21adddd2c82592f2dc9d2a110b2231a4cf2ddf84661908ef470f0956d1
reacher,R3_reacher_aa19e4ff8c803eccffc04674,,FIXED3_REFIT_MEAN_NOT_ENSEMBLE,R4_ALT_CEM_1,1.0,1.0,0.0,0.3333333333333333,0.3333333333333333,d4e6ac21adddd2c82592f2dc9d2a110b2231a4cf2ddf84661908ef470f0956d1
reacher,R3_reacher_ae4e56803bfc6050ad2c5407,,FIXED3_REFIT_MEAN_NOT_ENSEMBLE,R4_ALT_CEM_1,0.6666666666666666,1.0,0.33333333333333337,0.6666666666666666,0.6666666666666666,d4e6ac21adddd2c82592f2dc9d2a110b2231a4cf2ddf84661908ef470f0956d1
reacher,R3_reacher_af2aa3d1d6cbf53a4f647860,,FIXED3_REFIT_MEAN_NOT_ENSEMBLE,R4_ALT_CEM_1,0.3333333333333333,0.3333333333333333,0.0,0.6666666666666666,0.6666666666666666,d4e6ac21adddd2c82592f2dc9d2a110b2231a4cf2ddf84661908ef470f0956d1
reacher,R3_reacher_b1919e19a6a875f129014e81,,FIXED3_REFIT_MEAN_NOT_ENSEMBLE,R4_ALT_CEM_1,1.0,1.0,0.0,0.0,0.0,d4e6ac21adddd2c82592f2dc9d2a110b2231a4cf2ddf84661908ef470f0956d1
reacher,R3_reacher_b2b5f6290d54abd4e830fc73,,FIXED3_REFIT_MEAN_NOT_ENSEMBLE,R4_ALT_CEM_1,1.0,1.0,0.0,0.0,0.0,d4e6ac21adddd2c82592f2dc9d2a110b2231a4cf2ddf84661908ef470f0956d1
reacher,R3_reacher_b360acd1c6d9c7eb19ad0748,,FIXED3_REFIT_MEAN_NOT_ENSEMBLE,R4_ALT_CEM_1,1.0,1.0,0.0,0.0,0.0,d4e6ac21adddd2c82592f2dc9d2a110b2231a4cf2ddf84661908ef470f0956d1
reacher,R3_reacher_b435d231878e66fe816e4b27,,FIXED3_REFIT_MEAN_NOT_ENSEMBLE,R4_ALT_CEM_1,1.0,1.0,0.0,1.0,1.0,d4e6ac21adddd2c82592f2dc9d2a110b2231a4cf2ddf84661908ef470f0956d1
reacher,R3_reacher_b7683878966ffb88777d03f2,,FIXED3_REFIT_MEAN_NOT_ENSEMBLE,R4_ALT_CEM_1,1.0,1.0,0.0,0.6666666666666666,0.6666666666666666,d4e6ac21adddd2c82592f2dc9d2a110b2231a4cf2ddf84661908ef470f0956d1
reacher,R3_reacher_c0da6ebc002f6e6d8652c23a,,FIXED3_REFIT_MEAN_NOT_ENSEMBLE,R4_ALT_CEM_1,1.0,1.0,0.0,0.3333333333333333,0.3333333333333333,d4e6ac21adddd2c82592f2dc9d2a110b2231a4cf2ddf84661908ef470f0956d1
reacher,R3_reacher_c47240a947a9f7917eaf944b,,FIXED3_REFIT_MEAN_NOT_ENSEMBLE,R4_ALT_CEM_1,0.6666666666666666,1.0,0.33333333333333337,1.0,1.0,d4e6ac21adddd2c82592f2dc9d2a110b2231a4cf2ddf84661908ef470f0956d1
reacher,R3_reacher_c799ddaf20ab5016c0fcc94d,,FIXED3_REFIT_MEAN_NOT_ENSEMBLE,R4_ALT_CEM_1,1.0,1.0,0.0,0.6666666666666666,0.6666666666666666,d4e6ac21adddd2c82592f2dc9d2a110b2231a4cf2ddf84661908ef470f0956d1
reacher,R3_reacher_cbda62f6c8224e2f9423fd2d,,FIXED3_REFIT_MEAN_NOT_ENSEMBLE,R4_ALT_CEM_1,0.6666666666666666,1.0,0.33333333333333337,1.0,1.0,d4e6ac21adddd2c82592f2dc9d2a110b2231a4cf2ddf84661908ef470f0956d1
reacher,R3_reacher_cda870d3e512d2eb34471d9e,,FIXED3_REFIT_MEAN_NOT_ENSEMBLE,R4_ALT_CEM_1,1.0,1.0,0.0,0.0,0.0,d4e6ac21adddd2c82592f2dc9d2a110b2231a4cf2ddf84661908ef470f0956d1
reacher,R3_reacher_cdd7a48d2d150bc082f55fa8,,FIXED3_REFIT_MEAN_NOT_ENSEMBLE,R4_ALT_CEM_1,0.3333333333333333,1.0,0.6666666666666667,1.0,1.0,d4e6ac21adddd2c82592f2dc9d2a110b2231a4cf2ddf84661908ef470f0956d1
reacher,R3_reacher_cf3ea0332fec67aba0c09d69,,FIXED3_REFIT_MEAN_NOT_ENSEMBLE,R4_ALT_CEM_1,1.0,1.0,0.0,0.3333333333333333,0.3333333333333333,d4e6ac21adddd2c82592f2dc9d2a110b2231a4cf2ddf84661908ef470f0956d1
reacher,R3_reacher_d114702b19acfaf5dda45c4f,,FIXED3_REFIT_MEAN_NOT_ENSEMBLE,R4_ALT_CEM_1,0.6666666666666666,1.0,0.33333333333333337,1.0,1.0,d4e6ac21adddd2c82592f2dc9d2a110b2231a4cf2ddf84661908ef470f0956d1
reacher,R3_reacher_d6184e6ee10fee6564198319,,FIXED3_REFIT_MEAN_NOT_ENSEMBLE,R4_ALT_CEM_1,1.0,1.0,0.0,1.0,1.0,d4e6ac21adddd2c82592f2dc9d2a110b2231a4cf2ddf84661908ef470f0956d1
reacher,R3_reacher_d75164310bc00a38ef41a7a2,,FIXED3_REFIT_MEAN_NOT_ENSEMBLE,R4_ALT_CEM_1,1.0,1.0,0.0,0.0,0.0,d4e6ac21adddd2c82592f2dc9d2a110b2231a4cf2ddf84661908ef470f0956d1
reacher,R3_reacher_db1aac2a2839b94c8cf3e963,,FIXED3_REFIT_MEAN_NOT_ENSEMBLE,R4_ALT_CEM_1,1.0,1.0,0.0,0.6666666666666666,0.6666666666666666,d4e6ac21adddd2c82592f2dc9d2a110b2231a4cf2ddf84661908ef470f0956d1
reacher,R3_reacher_df4b440848b9f031543dd698,,FIXED3_REFIT_MEAN_NOT_ENSEMBLE,R4_ALT_CEM_1,1.0,1.0,0.0,1.0,1.0,d4e6ac21adddd2c82592f2dc9d2a110b2231a4cf2ddf84661908ef470f0956d1
reacher,R3_reacher_df6b904f9325342cb9269256,,FIXED3_REFIT_MEAN_NOT_ENSEMBLE,R4_ALT_CEM_1,1.0,1.0,0.0,0.6666666666666666,0.6666666666666666,d4e6ac21adddd2c82592f2dc9d2a110b2231a4cf2ddf84661908ef470f0956d1
reacher,R3_reacher_e16605f9ca3eaefb85d7cd2a,,FIXED3_REFIT_MEAN_NOT_ENSEMBLE,R4_ALT_CEM_1,1.0,1.0,0.0,0.0,0.0,d4e6ac21adddd2c82592f2dc9d2a110b2231a4cf2ddf84661908ef470f0956d1
reacher,R3_reacher_e25a61bb715dbf3fd96b9f4b,,FIXED3_REFIT_MEAN_NOT_ENSEMBLE,R4_ALT_CEM_1,1.0,1.0,0.0,0.0,0.0,d4e6ac21adddd2c82592f2dc9d2a110b2231a4cf2ddf84661908ef470f0956d1
reacher,R3_reacher_e547cc356ff64f28a01b3a4d,,FIXED3_REFIT_MEAN_NOT_ENSEMBLE,R4_ALT_CEM_1,1.0,1.0,0.0,0.0,0.0,d4e6ac21adddd2c82592f2dc9d2a110b2231a4cf2ddf84661908ef470f0956d1
reacher,R3_reacher_e690a367ff4f94b45cee2d33,,FIXED3_REFIT_MEAN_NOT_ENSEMBLE,R4_ALT_CEM_1,0.3333333333333333,1.0,0.6666666666666667,1.0,1.0,d4e6ac21adddd2c82592f2dc9d2a110b2231a4cf2ddf84661908ef470f0956d1
reacher,R3_reacher_e899be36b2378f247385a80c,,FIXED3_REFIT_MEAN_NOT_ENSEMBLE,R4_ALT_CEM_1,0.0,1.0,1.0,1.0,1.0,d4e6ac21adddd2c82592f2dc9d2a110b2231a4cf2ddf84661908ef470f0956d1
reacher,R3_reacher_e96c064ebe544a7de14e595f,,FIXED3_REFIT_MEAN_NOT_ENSEMBLE,R4_ALT_CEM_1,0.6666666666666666,1.0,0.33333333333333337,0.3333333333333333,0.3333333333333333,d4e6ac21adddd2c82592f2dc9d2a110b2231a4cf2ddf84661908ef470f0956d1
reacher,R3_reacher_e97cbf284bc2f1863e321521,,FIXED3_REFIT_MEAN_NOT_ENSEMBLE,R4_ALT_CEM_1,1.0,0.6666666666666666,-0.33333333333333337,1.0,1.0,d4e6ac21adddd2c82592f2dc9d2a110b2231a4cf2ddf84661908ef470f0956d1
reacher,R3_reacher_e9df183d83d2c6d6143de3be,,FIXED3_REFIT_MEAN_NOT_ENSEMBLE,R4_ALT_CEM_1,1.0,1.0,0.0,0.0,0.0,d4e6ac21adddd2c82592f2dc9d2a110b2231a4cf2ddf84661908ef470f0956d1
reacher,R3_reacher_eb5da8b3b8a360d72bdc4b81,,FIXED3_REFIT_MEAN_NOT_ENSEMBLE,R4_ALT_CEM_1,1.0,1.0,0.0,0.0,0.0,d4e6ac21adddd2c82592f2dc9d2a110b2231a4cf2ddf84661908ef470f0956d1
reacher,R3_reacher_ed2a6ac159bdefdd8698e966,,FIXED3_REFIT_MEAN_NOT_ENSEMBLE,R4_ALT_CEM_1,1.0,1.0,0.0,0.0,0.0,d4e6ac21adddd2c82592f2dc9d2a110b2231a4cf2ddf84661908ef470f0956d1
reacher,R3_reacher_ee3aa3dea1bccfc0c0400c77,,FIXED3_REFIT_MEAN_NOT_ENSEMBLE,R4_ALT_CEM_1,0.3333333333333333,1.0,0.6666666666666667,1.0,1.0,d4e6ac21adddd2c82592f2dc9d2a110b2231a4cf2ddf84661908ef470f0956d1
reacher,R3_reacher_f295eb60a191606d1f094189,,FIXED3_REFIT_MEAN_NOT_ENSEMBLE,R4_ALT_CEM_1,0.6666666666666666,1.0,0.33333333333333337,0.3333333333333333,0.3333333333333333,d4e6ac21adddd2c82592f2dc9d2a110b2231a4cf2ddf84661908ef470f0956d1
reacher,R3_reacher_f7bea0928cdded574e397c2d,,FIXED3_REFIT_MEAN_NOT_ENSEMBLE,R4_ALT_CEM_1,1.0,1.0,0.0,0.6666666666666666,0.6666666666666666,d4e6ac21adddd2c82592f2dc9d2a110b2231a4cf2ddf84661908ef470f0956d1
reacher,R3_reacher_fa467774affd316a6db90f90,,FIXED3_REFIT_MEAN_NOT_ENSEMBLE,R4_ALT_CEM_1,0.6666666666666666,0.6666666666666666,0.0,0.3333333333333333,0.3333333333333333,d4e6ac21adddd2c82592f2dc9d2a110b2231a4cf2ddf84661908ef470f0956d1
reacher,R3_reacher_fc2a1ecf6edea23cba59b6be,,FIXED3_REFIT_MEAN_NOT_ENSEMBLE,R4_ALT_CEM_1,1.0,1.0,0.0,0.6666666666666666,0.6666666666666666,d4e6ac21adddd2c82592f2dc9d2a110b2231a4cf2ddf84661908ef470f0956d1
reacher,R3_reacher_fca2ae6f03dd54aa3833661f,,FIXED3_REFIT_MEAN_NOT_ENSEMBLE,R4_ALT_CEM_1,1.0,1.0,0.0,0.0,0.0,d4e6ac21adddd2c82592f2dc9d2a110b2231a4cf2ddf84661908ef470f0956d1
reacher,R3_reacher_fe1001e9c3b6b50616b6fe2d,,FIXED3_REFIT_MEAN_NOT_ENSEMBLE,R4_ALT_CEM_1,0.6666666666666666,1.0,0.33333333333333337,0.3333333333333333,0.3333333333333333,d4e6ac21adddd2c82592f2dc9d2a110b2231a4cf2ddf84661908ef470f0956d1
reacher,R3_reacher_01fd87d09dbf3909048741d4,,FIXED3_REFIT_MEAN_NOT_ENSEMBLE,R4_ALT_CEM_2,1.0,1.0,0.0,1.0,1.0,d4e6ac21adddd2c82592f2dc9d2a110b2231a4cf2ddf84661908ef470f0956d1
reacher,R3_reacher_0651ebd394a43de70c9b7ad0,,FIXED3_REFIT_MEAN_NOT_ENSEMBLE,R4_ALT_CEM_2,1.0,0.6666666666666666,-0.33333333333333337,1.0,1.0,d4e6ac21adddd2c82592f2dc9d2a110b2231a4cf2ddf84661908ef470f0956d1
reacher,R3_reacher_06b68490d49af9bd892bea71,,FIXED3_REFIT_MEAN_NOT_ENSEMBLE,R4_ALT_CEM_2,1.0,1.0,0.0,0.3333333333333333,0.3333333333333333,d4e6ac21adddd2c82592f2dc9d2a110b2231a4cf2ddf84661908ef470f0956d1
reacher,R3_reacher_09247f3e88e7af275abc2d1d,,FIXED3_REFIT_MEAN_NOT_ENSEMBLE,R4_ALT_CEM_2,0.6666666666666666,1.0,0.33333333333333337,0.3333333333333333,0.3333333333333333,d4e6ac21adddd2c82592f2dc9d2a110b2231a4cf2ddf84661908ef470f0956d1
reacher,R3_reacher_0e325219914460cb340033c1,,FIXED3_REFIT_MEAN_NOT_ENSEMBLE,R4_ALT_CEM_2,1.0,1.0,0.0,1.0,1.0,d4e6ac21adddd2c82592f2dc9d2a110b2231a4cf2ddf84661908ef470f0956d1
reacher,R3_reacher_0ea549c2f80d7cbbbb1b6dd8,,FIXED3_REFIT_MEAN_NOT_ENSEMBLE,R4_ALT_CEM_2,0.6666666666666666,1.0,0.33333333333333337,0.3333333333333333,0.3333333333333333,d4e6ac21adddd2c82592f2dc9d2a110b2231a4cf2ddf84661908ef470f0956d1
reacher,R3_reacher_10754410887eb77f72ae018e,,FIXED3_REFIT_MEAN_NOT_ENSEMBLE,R4_ALT_CEM_2,0.6666666666666666,1.0,0.33333333333333337,0.6666666666666666,0.6666666666666666,d4e6ac21adddd2c82592f2dc9d2a110b2231a4cf2ddf84661908ef470f0956d1
reacher,R3_reacher_19b957e03f42b1b14d0654d7,,FIXED3_REFIT_MEAN_NOT_ENSEMBLE,R4_ALT_CEM_2,1.0,1.0,0.0,0.0,0.0,d4e6ac21adddd2c82592f2dc9d2a110b2231a4cf2ddf84661908ef470f0956d1
reacher,R3_reacher_1aad022046d1e4f9da53b4a0,,FIXED3_REFIT_MEAN_NOT_ENSEMBLE,R4_ALT_CEM_2,1.0,1.0,0.0,0.3333333333333333,0.3333333333333333,d4e6ac21adddd2c82592f2dc9d2a110b2231a4cf2ddf84661908ef470f0956d1
reacher,R3_reacher_1afd87ed042926d5ecc50b5c,,FIXED3_REFIT_MEAN_NOT_ENSEMBLE,R4_ALT_CEM_2,1.0,1.0,0.0,0.0,0.0,d4e6ac21adddd2c82592f2dc9d2a110b2231a4cf2ddf84661908ef470f0956d1
reacher,R3_reacher_1fc0b1d9c6963542440189cf,,FIXED3_REFIT_MEAN_NOT_ENSEMBLE,R4_ALT_CEM_2,0.3333333333333333,1.0,0.6666666666666667,1.0,1.0,d4e6ac21adddd2c82592f2dc9d2a110b2231a4cf2ddf84661908ef470f0956d1
reacher,R3_reacher_20e903c4dc4794a78a414ccb,,FIXED3_REFIT_MEAN_NOT_ENSEMBLE,R4_ALT_CEM_2,1.0,1.0,0.0,1.0,1.0,d4e6ac21adddd2c82592f2dc9d2a110b2231a4cf2ddf84661908ef470f0956d1
reacher,R3_reacher_227dcc9361770465dc9ba143,,FIXED3_REFIT_MEAN_NOT_ENSEMBLE,R4_ALT_CEM_2,1.0,1.0,0.0,0.0,0.0,d4e6ac21adddd2c82592f2dc9d2a110b2231a4cf2ddf84661908ef470f0956d1
reacher,R3_reacher_248c04f18e24c23c388665d6,,FIXED3_REFIT_MEAN_NOT_ENSEMBLE,R4_ALT_CEM_2,1.0,1.0,0.0,0.6666666666666666,0.6666666666666666,d4e6ac21adddd2c82592f2dc9d2a110b2231a4cf2ddf84661908ef470f0956d1
reacher,R3_reacher_25281ce20ac4c1a4e13bfe64,,FIXED3_REFIT_MEAN_NOT_ENSEMBLE,R4_ALT_CEM_2,0.3333333333333333,1.0,0.6666666666666667,1.0,1.0,d4e6ac21adddd2c82592f2dc9d2a110b2231a4cf2ddf84661908ef470f0956d1
reacher,R3_reacher_29461ecfe2e96e3052bf252e,,FIXED3_REFIT_MEAN_NOT_ENSEMBLE,R4_ALT_CEM_2,0.3333333333333333,1.0,0.6666666666666667,1.0,1.0,d4e6ac21adddd2c82592f2dc9d2a110b2231a4cf2ddf84661908ef470f0956d1
reacher,R3_reacher_2ae169997e13b18afc7243d3,,FIXED3_REFIT_MEAN_NOT_ENSEMBLE,R4_ALT_CEM_2,1.0,1.0,0.0,0.3333333333333333,0.3333333333333333,d4e6ac21adddd2c82592f2dc9d2a110b2231a4cf2ddf84661908ef470f0956d1
reacher,R3_reacher_2b1605c757025d16771855cd,,FIXED3_REFIT_MEAN_NOT_ENSEMBLE,R4_ALT_CEM_2,1.0,1.0,0.0,0.3333333333333333,0.3333333333333333,d4e6ac21adddd2c82592f2dc9d2a110b2231a4cf2ddf84661908ef470f0956d1
reacher,R3_reacher_2da80c9f2c12b38dd5ae592f,,FIXED3_REFIT_MEAN_NOT_ENSEMBLE,R4_ALT_CEM_2,0.6666666666666666,1.0,0.33333333333333337,1.0,1.0,d4e6ac21adddd2c82592f2dc9d2a110b2231a4cf2ddf84661908ef470f0956d1
reacher,R3_reacher_31bc43e232044dba582b1a91,,FIXED3_REFIT_MEAN_NOT_ENSEMBLE,R4_ALT_CEM_2,0.6666666666666666,1.0,0.33333333333333337,0.3333333333333333,0.3333333333333333,d4e6ac21adddd2c82592f2dc9d2a110b2231a4cf2ddf84661908ef470f0956d1
reacher,R3_reacher_3225c7070888eacd2fe6ba3b,,FIXED3_REFIT_MEAN_NOT_ENSEMBLE,R4_ALT_CEM_2,0.6666666666666666,1.0,0.33333333333333337,1.0,1.0,d4e6ac21adddd2c82592f2dc9d2a110b2231a4cf2ddf84661908ef470f0956d1
reacher,R3_reacher_339d1566307eb06b287cd9d6,,FIXED3_REFIT_MEAN_NOT_ENSEMBLE,R4_ALT_CEM_2,0.6666666666666666,1.0,0.33333333333333337,1.0,1.0,d4e6ac21adddd2c82592f2dc9d2a110b2231a4cf2ddf84661908ef470f0956d1
reacher,R3_reacher_3687a037d77056bca1ad3a86,,FIXED3_REFIT_MEAN_NOT_ENSEMBLE,R4_ALT_CEM_2,1.0,1.0,0.0,0.6666666666666666,0.6666666666666666,d4e6ac21adddd2c82592f2dc9d2a110b2231a4cf2ddf84661908ef470f0956d1
reacher,R3_reacher_391d2d69b9911b586e875be4,,FIXED3_REFIT_MEAN_NOT_ENSEMBLE,R4_ALT_CEM_2,0.6666666666666666,1.0,0.33333333333333337,0.6666666666666666,0.6666666666666666,d4e6ac21adddd2c82592f2dc9d2a110b2231a4cf2ddf84661908ef470f0956d1
reacher,R3_reacher_3c2be98ff314c21b533f9194,,FIXED3_REFIT_MEAN_NOT_ENSEMBLE,R4_ALT_CEM_2,1.0,1.0,0.0,0.0,0.0,d4e6ac21adddd2c82592f2dc9d2a110b2231a4cf2ddf84661908ef470f0956d1
reacher,R3_reacher_3dc92a427bfa8caeee91f551,,FIXED3_REFIT_MEAN_NOT_ENSEMBLE,R4_ALT_CEM_2,1.0,1.0,0.0,0.0,0.0,d4e6ac21adddd2c82592f2dc9d2a110b2231a4cf2ddf84661908ef470f0956d1
reacher,R3_reacher_3ebb7b8846f0d4e4c5337f68,,FIXED3_REFIT_MEAN_NOT_ENSEMBLE,R4_ALT_CEM_2,1.0,1.0,0.0,1.0,1.0,d4e6ac21adddd2c82592f2dc9d2a110b2231a4cf2ddf84661908ef470f0956d1
reacher,R3_reacher_43346886f663e17e6f232be2,,FIXED3_REFIT_MEAN_NOT_ENSEMBLE,R4_ALT_CEM_2,1.0,1.0,0.0,1.0,1.0,d4e6ac21adddd2c82592f2dc9d2a110b2231a4cf2ddf84661908ef470f0956d1
reacher,R3_reacher_43bed550bc7c733bb23002e3,,FIXED3_REFIT_MEAN_NOT_ENSEMBLE,R4_ALT_CEM_2,1.0,1.0,0.0,0.3333333333333333,0.3333333333333333,d4e6ac21adddd2c82592f2dc9d2a110b2231a4cf2ddf84661908ef470f0956d1
reacher,R3_reacher_48b38c457e06aea47721389a,,FIXED3_REFIT_MEAN_NOT_ENSEMBLE,R4_ALT_CEM_2,1.0,1.0,0.0,0.0,0.0,d4e6ac21adddd2c82592f2dc9d2a110b2231a4cf2ddf84661908ef470f0956d1
reacher,R3_reacher_4a2a4a159bd6d8b01f632e71,,FIXED3_REFIT_MEAN_NOT_ENSEMBLE,R4_ALT_CEM_2,1.0,1.0,0.0,0.6666666666666666,0.6666666666666666,d4e6ac21adddd2c82592f2dc9d2a110b2231a4cf2ddf84661908ef470f0956d1
reacher,R3_reacher_4b5f85125ceccca055fe76b4,,FIXED3_REFIT_MEAN_NOT_ENSEMBLE,R4_ALT_CEM_2,1.0,1.0,0.0,0.0,0.0,d4e6ac21adddd2c82592f2dc9d2a110b2231a4cf2ddf84661908ef470f0956d1
reacher,R3_reacher_4d092e8fde355972772dfa7e,,FIXED3_REFIT_MEAN_NOT_ENSEMBLE,R4_ALT_CEM_2,0.3333333333333333,1.0,0.6666666666666667,1.0,1.0,d4e6ac21adddd2c82592f2dc9d2a110b2231a4cf2ddf84661908ef470f0956d1
reacher,R3_reacher_4de0f0387d01ac1b49760c47,,FIXED3_REFIT_MEAN_NOT_ENSEMBLE,R4_ALT_CEM_2,0.6666666666666666,1.0,0.33333333333333337,1.0,1.0,d4e6ac21adddd2c82592f2dc9d2a110b2231a4cf2ddf84661908ef470f0956d1
reacher,R3_reacher_4eb4413d6e63e87a59fec03a,,FIXED3_REFIT_MEAN_NOT_ENSEMBLE,R4_ALT_CEM_2,1.0,1.0,0.0,1.0,1.0,d4e6ac21adddd2c82592f2dc9d2a110b2231a4cf2ddf84661908ef470f0956d1
reacher,R3_reacher_51856009f99570a92446d05a,,FIXED3_REFIT_MEAN_NOT_ENSEMBLE,R4_ALT_CEM_2,0.3333333333333333,1.0,0.6666666666666667,0.6666666666666666,0.6666666666666666,d4e6ac21adddd2c82592f2dc9d2a110b2231a4cf2ddf84661908ef470f0956d1
reacher,R3_reacher_54f5b13feb6984f1980392cc,,FIXED3_REFIT_MEAN_NOT_ENSEMBLE,R4_ALT_CEM_2,1.0,1.0,0.0,0.0,0.0,d4e6ac21adddd2c82592f2dc9d2a110b2231a4cf2ddf84661908ef470f0956d1
reacher,R3_reacher_5d50985e823f66ebd401c1ec,,FIXED3_REFIT_MEAN_NOT_ENSEMBLE,R4_ALT_CEM_2,0.6666666666666666,1.0,0.33333333333333337,1.0,1.0,d4e6ac21adddd2c82592f2dc9d2a110b2231a4cf2ddf84661908ef470f0956d1
reacher,R3_reacher_5e2d5d2d9907df0393e50f40,,FIXED3_REFIT_MEAN_NOT_ENSEMBLE,R4_ALT_CEM_2,1.0,1.0,0.0,0.0,0.0,d4e6ac21adddd2c82592f2dc9d2a110b2231a4cf2ddf84661908ef470f0956d1
reacher,R3_reacher_5ede573180f7658b8cb1fa2a,,FIXED3_REFIT_MEAN_NOT_ENSEMBLE,R4_ALT_CEM_2,1.0,1.0,0.0,0.0,0.0,d4e6ac21adddd2c82592f2dc9d2a110b2231a4cf2ddf84661908ef470f0956d1
reacher,R3_reacher_6216de4a5b03eb23d114e16a,,FIXED3_REFIT_MEAN_NOT_ENSEMBLE,R4_ALT_CEM_2,1.0,1.0,0.0,0.0,0.0,d4e6ac21adddd2c82592f2dc9d2a110b2231a4cf2ddf84661908ef470f0956d1
reacher,R3_reacher_665505d7ca68f56e86ab9898,,FIXED3_REFIT_MEAN_NOT_ENSEMBLE,R4_ALT_CEM_2,1.0,1.0,0.0,0.3333333333333333,0.3333333333333333,d4e6ac21adddd2c82592f2dc9d2a110b2231a4cf2ddf84661908ef470f0956d1
reacher,R3_reacher_68ead16e22260984b6ce630e,,FIXED3_REFIT_MEAN_NOT_ENSEMBLE,R4_ALT_CEM_2,1.0,1.0,0.0,1.0,1.0,d4e6ac21adddd2c82592f2dc9d2a110b2231a4cf2ddf84661908ef470f0956d1
reacher,R3_reacher_691b0678315722721b850bd9,,FIXED3_REFIT_MEAN_NOT_ENSEMBLE,R4_ALT_CEM_2,0.0,0.6666666666666666,0.6666666666666666,1.0,1.0,d4e6ac21adddd2c82592f2dc9d2a110b2231a4cf2ddf84661908ef470f0956d1
reacher,R3_reacher_6cba7a43faf319ebfe282ca1,,FIXED3_REFIT_MEAN_NOT_ENSEMBLE,R4_ALT_CEM_2,0.6666666666666666,1.0,0.33333333333333337,0.6666666666666666,0.6666666666666666,d4e6ac21adddd2c82592f2dc9d2a110b2231a4cf2ddf84661908ef470f0956d1
reacher,R3_reacher_6d50b6eae922ec8eaba3b2aa,,FIXED3_REFIT_MEAN_NOT_ENSEMBLE,R4_ALT_CEM_2,1.0,1.0,0.0,0.3333333333333333,0.3333333333333333,d4e6ac21adddd2c82592f2dc9d2a110b2231a4cf2ddf84661908ef470f0956d1
reacher,R3_reacher_6ff2b0510c4734c334024b6f,,FIXED3_REFIT_MEAN_NOT_ENSEMBLE,R4_ALT_CEM_2,1.0,1.0,0.0,0.3333333333333333,0.3333333333333333,d4e6ac21adddd2c82592f2dc9d2a110b2231a4cf2ddf84661908ef470f0956d1
reacher,R3_reacher_74df08ab195a14a2c8f2f0ac,,FIXED3_REFIT_MEAN_NOT_ENSEMBLE,R4_ALT_CEM_2,1.0,1.0,0.0,0.3333333333333333,0.3333333333333333,d4e6ac21adddd2c82592f2dc9d2a110b2231a4cf2ddf84661908ef470f0956d1
reacher,R3_reacher_78e0945523fb491a3f33e969,,FIXED3_REFIT_MEAN_NOT_ENSEMBLE,R4_ALT_CEM_2,1.0,1.0,0.0,0.0,0.0,d4e6ac21adddd2c82592f2dc9d2a110b2231a4cf2ddf84661908ef470f0956d1
reacher,R3_reacher_7aff8be5072b1a8af1a8d13d,,FIXED3_REFIT_MEAN_NOT_ENSEMBLE,R4_ALT_CEM_2,1.0,1.0,0.0,0.3333333333333333,0.3333333333333333,d4e6ac21adddd2c82592f2dc9d2a110b2231a4cf2ddf84661908ef470f0956d1
reacher,R3_reacher_7dd7cb04423f92db263fa577,,FIXED3_REFIT_MEAN_NOT_ENSEMBLE,R4_ALT_CEM_2,0.3333333333333333,1.0,0.6666666666666667,1.0,1.0,d4e6ac21adddd2c82592f2dc9d2a110b2231a4cf2ddf84661908ef470f0956d1
reacher,R3_reacher_8013310a3876dc798b82233e,,FIXED3_REFIT_MEAN_NOT_ENSEMBLE,R4_ALT_CEM_2,1.0,1.0,0.0,0.3333333333333333,0.3333333333333333,d4e6ac21adddd2c82592f2dc9d2a110b2231a4cf2ddf84661908ef470f0956d1
reacher,R3_reacher_81676bd5f7a922d099e8c632,,FIXED3_REFIT_MEAN_NOT_ENSEMBLE,R4_ALT_CEM_2,0.6666666666666666,1.0,0.33333333333333337,1.0,1.0,d4e6ac21adddd2c82592f2dc9d2a110b2231a4cf2ddf84661908ef470f0956d1
reacher,R3_reacher_88e6d02b4868302c88af83bd,,FIXED3_REFIT_MEAN_NOT_ENSEMBLE,R4_ALT_CEM_2,0.6666666666666666,1.0,0.33333333333333337,1.0,1.0,d4e6ac21adddd2c82592f2dc9d2a110b2231a4cf2ddf84661908ef470f0956d1
reacher,R3_reacher_8cb337114374dac2e790e2d0,,FIXED3_REFIT_MEAN_NOT_ENSEMBLE,R4_ALT_CEM_2,1.0,1.0,0.0,0.3333333333333333,0.3333333333333333,d4e6ac21adddd2c82592f2dc9d2a110b2231a4cf2ddf84661908ef470f0956d1
reacher,R3_reacher_8f94a57dc057ae3fea063566,,FIXED3_REFIT_MEAN_NOT_ENSEMBLE,R4_ALT_CEM_2,1.0,1.0,0.0,0.6666666666666666,0.6666666666666666,d4e6ac21adddd2c82592f2dc9d2a110b2231a4cf2ddf84661908ef470f0956d1
reacher,R3_reacher_90130661be9d8449b174dfda,,FIXED3_REFIT_MEAN_NOT_ENSEMBLE,R4_ALT_CEM_2,0.6666666666666666,1.0,0.33333333333333337,1.0,1.0,d4e6ac21adddd2c82592f2dc9d2a110b2231a4cf2ddf84661908ef470f0956d1
reacher,R3_reacher_91d6a515142521d444cda8ca,,FIXED3_REFIT_MEAN_NOT_ENSEMBLE,R4_ALT_CEM_2,1.0,1.0,0.0,0.0,0.0,d4e6ac21adddd2c82592f2dc9d2a110b2231a4cf2ddf84661908ef470f0956d1
reacher,R3_reacher_9ce16e33ff15bde409d40098,,FIXED3_REFIT_MEAN_NOT_ENSEMBLE,R4_ALT_CEM_2,1.0,1.0,0.0,0.3333333333333333,0.3333333333333333,d4e6ac21adddd2c82592f2dc9d2a110b2231a4cf2ddf84661908ef470f0956d1
reacher,R3_reacher_a1c24b0d5bdd53fdeb203e5f,,FIXED3_REFIT_MEAN_NOT_ENSEMBLE,R4_ALT_CEM_2,0.6666666666666666,1.0,0.33333333333333337,0.3333333333333333,0.3333333333333333,d4e6ac21adddd2c82592f2dc9d2a110b2231a4cf2ddf84661908ef470f0956d1
reacher,R3_reacher_a4fc5af8bb0b58322c55693f,,FIXED3_REFIT_MEAN_NOT_ENSEMBLE,R4_ALT_CEM_2,0.6666666666666666,1.0,0.33333333333333337,1.0,1.0,d4e6ac21adddd2c82592f2dc9d2a110b2231a4cf2ddf84661908ef470f0956d1
reacher,R3_reacher_a80b135a2ca6b9fe49081cb7,,FIXED3_REFIT_MEAN_NOT_ENSEMBLE,R4_ALT_CEM_2,0.6666666666666666,1.0,0.33333333333333337,0.3333333333333333,0.3333333333333333,d4e6ac21adddd2c82592f2dc9d2a110b2231a4cf2ddf84661908ef470f0956d1
reacher,R3_reacher_aa19e4ff8c803eccffc04674,,FIXED3_REFIT_MEAN_NOT_ENSEMBLE,R4_ALT_CEM_2,1.0,1.0,0.0,0.3333333333333333,0.3333333333333333,d4e6ac21adddd2c82592f2dc9d2a110b2231a4cf2ddf84661908ef470f0956d1
reacher,R3_reacher_ae4e56803bfc6050ad2c5407,,FIXED3_REFIT_MEAN_NOT_ENSEMBLE,R4_ALT_CEM_2,0.6666666666666666,1.0,0.33333333333333337,0.6666666666666666,0.6666666666666666,d4e6ac21adddd2c82592f2dc9d2a110b2231a4cf2ddf84661908ef470f0956d1
reacher,R3_reacher_af2aa3d1d6cbf53a4f647860,,FIXED3_REFIT_MEAN_NOT_ENSEMBLE,R4_ALT_CEM_2,0.3333333333333333,1.0,0.6666666666666667,1.0,1.0,d4e6ac21adddd2c82592f2dc9d2a110b2231a4cf2ddf84661908ef470f0956d1
reacher,R3_reacher_b1919e19a6a875f129014e81,,FIXED3_REFIT_MEAN_NOT_ENSEMBLE,R4_ALT_CEM_2,0.6666666666666666,0.6666666666666666,0.0,0.6666666666666666,0.6666666666666666,d4e6ac21adddd2c82592f2dc9d2a110b2231a4cf2ddf84661908ef470f0956d1
reacher,R3_reacher_b2b5f6290d54abd4e830fc73,,FIXED3_REFIT_MEAN_NOT_ENSEMBLE,R4_ALT_CEM_2,1.0,1.0,0.0,0.0,0.0,d4e6ac21adddd2c82592f2dc9d2a110b2231a4cf2ddf84661908ef470f0956d1
reacher,R3_reacher_b360acd1c6d9c7eb19ad0748,,FIXED3_REFIT_MEAN_NOT_ENSEMBLE,R4_ALT_CEM_2,1.0,1.0,0.0,0.0,0.0,d4e6ac21adddd2c82592f2dc9d2a110b2231a4cf2ddf84661908ef470f0956d1
reacher,R3_reacher_b435d231878e66fe816e4b27,,FIXED3_REFIT_MEAN_NOT_ENSEMBLE,R4_ALT_CEM_2,0.6666666666666666,1.0,0.33333333333333337,1.0,1.0,d4e6ac21adddd2c82592f2dc9d2a110b2231a4cf2ddf84661908ef470f0956d1
reacher,R3_reacher_b7683878966ffb88777d03f2,,FIXED3_REFIT_MEAN_NOT_ENSEMBLE,R4_ALT_CEM_2,1.0,1.0,0.0,0.0,0.0,d4e6ac21adddd2c82592f2dc9d2a110b2231a4cf2ddf84661908ef470f0956d1
reacher,R3_reacher_c0da6ebc002f6e6d8652c23a,,FIXED3_REFIT_MEAN_NOT_ENSEMBLE,R4_ALT_CEM_2,1.0,1.0,0.0,0.3333333333333333,0.3333333333333333,d4e6ac21adddd2c82592f2dc9d2a110b2231a4cf2ddf84661908ef470f0956d1
reacher,R3_reacher_c47240a947a9f7917eaf944b,,FIXED3_REFIT_MEAN_NOT_ENSEMBLE,R4_ALT_CEM_2,0.3333333333333333,1.0,0.6666666666666667,1.0,1.0,d4e6ac21adddd2c82592f2dc9d2a110b2231a4cf2ddf84661908ef470f0956d1
reacher,R3_reacher_c799ddaf20ab5016c0fcc94d,,FIXED3_REFIT_MEAN_NOT_ENSEMBLE,R4_ALT_CEM_2,0.6666666666666666,1.0,0.33333333333333337,0.3333333333333333,0.3333333333333333,d4e6ac21adddd2c82592f2dc9d2a110b2231a4cf2ddf84661908ef470f0956d1
reacher,R3_reacher_cbda62f6c8224e2f9423fd2d,,FIXED3_REFIT_MEAN_NOT_ENSEMBLE,R4_ALT_CEM_2,1.0,1.0,0.0,0.6666666666666666,0.6666666666666666,d4e6ac21adddd2c82592f2dc9d2a110b2231a4cf2ddf84661908ef470f0956d1
reacher,R3_reacher_cda870d3e512d2eb34471d9e,,FIXED3_REFIT_MEAN_NOT_ENSEMBLE,R4_ALT_CEM_2,1.0,1.0,0.0,0.0,0.0,d4e6ac21adddd2c82592f2dc9d2a110b2231a4cf2ddf84661908ef470f0956d1
reacher,R3_reacher_cdd7a48d2d150bc082f55fa8,,FIXED3_REFIT_MEAN_NOT_ENSEMBLE,R4_ALT_CEM_2,0.0,1.0,1.0,1.0,1.0,d4e6ac21adddd2c82592f2dc9d2a110b2231a4cf2ddf84661908ef470f0956d1
reacher,R3_reacher_cf3ea0332fec67aba0c09d69,,FIXED3_REFIT_MEAN_NOT_ENSEMBLE,R4_ALT_CEM_2,1.0,1.0,0.0,0.3333333333333333,0.3333333333333333,d4e6ac21adddd2c82592f2dc9d2a110b2231a4cf2ddf84661908ef470f0956d1
reacher,R3_reacher_d114702b19acfaf5dda45c4f,,FIXED3_REFIT_MEAN_NOT_ENSEMBLE,R4_ALT_CEM_2,0.3333333333333333,1.0,0.6666666666666667,0.6666666666666666,0.6666666666666666,d4e6ac21adddd2c82592f2dc9d2a110b2231a4cf2ddf84661908ef470f0956d1
reacher,R3_reacher_d6184e6ee10fee6564198319,,FIXED3_REFIT_MEAN_NOT_ENSEMBLE,R4_ALT_CEM_2,1.0,1.0,0.0,1.0,1.0,d4e6ac21adddd2c82592f2dc9d2a110b2231a4cf2ddf84661908ef470f0956d1
reacher,R3_reacher_d75164310bc00a38ef41a7a2,,FIXED3_REFIT_MEAN_NOT_ENSEMBLE,R4_ALT_CEM_2,1.0,1.0,0.0,0.0,0.0,d4e6ac21adddd2c82592f2dc9d2a110b2231a4cf2ddf84661908ef470f0956d1
reacher,R3_reacher_db1aac2a2839b94c8cf3e963,,FIXED3_REFIT_MEAN_NOT_ENSEMBLE,R4_ALT_CEM_2,0.6666666666666666,1.0,0.33333333333333337,1.0,1.0,d4e6ac21adddd2c82592f2dc9d2a110b2231a4cf2ddf84661908ef470f0956d1
reacher,R3_reacher_df4b440848b9f031543dd698,,FIXED3_REFIT_MEAN_NOT_ENSEMBLE,R4_ALT_CEM_2,1.0,1.0,0.0,0.3333333333333333,0.3333333333333333,d4e6ac21adddd2c82592f2dc9d2a110b2231a4cf2ddf84661908ef470f0956d1
reacher,R3_reacher_df6b904f9325342cb9269256,,FIXED3_REFIT_MEAN_NOT_ENSEMBLE,R4_ALT_CEM_2,0.6666666666666666,1.0,0.33333333333333337,1.0,1.0,d4e6ac21adddd2c82592f2dc9d2a110b2231a4cf2ddf84661908ef470f0956d1
reacher,R3_reacher_e16605f9ca3eaefb85d7cd2a,,FIXED3_REFIT_MEAN_NOT_ENSEMBLE,R4_ALT_CEM_2,1.0,1.0,0.0,0.0,0.0,d4e6ac21adddd2c82592f2dc9d2a110b2231a4cf2ddf84661908ef470f0956d1
reacher,R3_reacher_e25a61bb715dbf3fd96b9f4b,,FIXED3_REFIT_MEAN_NOT_ENSEMBLE,R4_ALT_CEM_2,1.0,1.0,0.0,0.3333333333333333,0.3333333333333333,d4e6ac21adddd2c82592f2dc9d2a110b2231a4cf2ddf84661908ef470f0956d1
reacher,R3_reacher_e547cc356ff64f28a01b3a4d,,FIXED3_REFIT_MEAN_NOT_ENSEMBLE,R4_ALT_CEM_2,0.6666666666666666,1.0,0.33333333333333337,0.3333333333333333,0.3333333333333333,d4e6ac21adddd2c82592f2dc9d2a110b2231a4cf2ddf84661908ef470f0956d1
reacher,R3_reacher_e690a367ff4f94b45cee2d33,,FIXED3_REFIT_MEAN_NOT_ENSEMBLE,R4_ALT_CEM_2,0.3333333333333333,1.0,0.6666666666666667,0.6666666666666666,0.6666666666666666,d4e6ac21adddd2c82592f2dc9d2a110b2231a4cf2ddf84661908ef470f0956d1
reacher,R3_reacher_e899be36b2378f247385a80c,,FIXED3_REFIT_MEAN_NOT_ENSEMBLE,R4_ALT_CEM_2,0.3333333333333333,1.0,0.6666666666666667,1.0,1.0,d4e6ac21adddd2c82592f2dc9d2a110b2231a4cf2ddf84661908ef470f0956d1
reacher,R3_reacher_e96c064ebe544a7de14e595f,,FIXED3_REFIT_MEAN_NOT_ENSEMBLE,R4_ALT_CEM_2,1.0,1.0,0.0,0.0,0.0,d4e6ac21adddd2c82592f2dc9d2a110b2231a4cf2ddf84661908ef470f0956d1
reacher,R3_reacher_e97cbf284bc2f1863e321521,,FIXED3_REFIT_MEAN_NOT_ENSEMBLE,R4_ALT_CEM_2,1.0,1.0,0.0,0.3333333333333333,0.3333333333333333,d4e6ac21adddd2c82592f2dc9d2a110b2231a4cf2ddf84661908ef470f0956d1
reacher,R3_reacher_e9df183d83d2c6d6143de3be,,FIXED3_REFIT_MEAN_NOT_ENSEMBLE,R4_ALT_CEM_2,1.0,1.0,0.0,0.0,0.0,d4e6ac21adddd2c82592f2dc9d2a110b2231a4cf2ddf84661908ef470f0956d1
reacher,R3_reacher_eb5da8b3b8a360d72bdc4b81,,FIXED3_REFIT_MEAN_NOT_ENSEMBLE,R4_ALT_CEM_2,0.6666666666666666,1.0,0.33333333333333337,0.3333333333333333,0.3333333333333333,d4e6ac21adddd2c82592f2dc9d2a110b2231a4cf2ddf84661908ef470f0956d1
reacher,R3_reacher_ed2a6ac159bdefdd8698e966,,FIXED3_REFIT_MEAN_NOT_ENSEMBLE,R4_ALT_CEM_2,1.0,1.0,0.0,0.0,0.0,d4e6ac21adddd2c82592f2dc9d2a110b2231a4cf2ddf84661908ef470f0956d1
reacher,R3_reacher_ee3aa3dea1bccfc0c0400c77,,FIXED3_REFIT_MEAN_NOT_ENSEMBLE,R4_ALT_CEM_2,1.0,1.0,0.0,0.0,0.0,d4e6ac21adddd2c82592f2dc9d2a110b2231a4cf2ddf84661908ef470f0956d1
reacher,R3_reacher_f295eb60a191606d1f094189,,FIXED3_REFIT_MEAN_NOT_ENSEMBLE,R4_ALT_CEM_2,1.0,1.0,0.0,0.6666666666666666,0.6666666666666666,d4e6ac21adddd2c82592f2dc9d2a110b2231a4cf2ddf84661908ef470f0956d1
reacher,R3_reacher_f7bea0928cdded574e397c2d,,FIXED3_REFIT_MEAN_NOT_ENSEMBLE,R4_ALT_CEM_2,0.3333333333333333,1.0,0.6666666666666667,1.0,1.0,d4e6ac21adddd2c82592f2dc9d2a110b2231a4cf2ddf84661908ef470f0956d1
reacher,R3_reacher_fa467774affd316a6db90f90,,FIXED3_REFIT_MEAN_NOT_ENSEMBLE,R4_ALT_CEM_2,1.0,1.0,0.0,1.0,1.0,d4e6ac21adddd2c82592f2dc9d2a110b2231a4cf2ddf84661908ef470f0956d1
reacher,R3_reacher_fc2a1ecf6edea23cba59b6be,,FIXED3_REFIT_MEAN_NOT_ENSEMBLE,R4_ALT_CEM_2,1.0,0.6666666666666666,-0.33333333333333337,1.0,1.0,d4e6ac21adddd2c82592f2dc9d2a110b2231a4cf2ddf84661908ef470f0956d1
reacher,R3_reacher_fca2ae6f03dd54aa3833661f,,FIXED3_REFIT_MEAN_NOT_ENSEMBLE,R4_ALT_CEM_2,1.0,1.0,0.0,0.0,0.0,d4e6ac21adddd2c82592f2dc9d2a110b2231a4cf2ddf84661908ef470f0956d1
reacher,R3_reacher_fe1001e9c3b6b50616b6fe2d,,FIXED3_REFIT_MEAN_NOT_ENSEMBLE,R4_ALT_CEM_2,1.0,0.6666666666666666,-0.33333333333333337,0.3333333333333333,0.3333333333333333,d4e6ac21adddd2c82592f2dc9d2a110b2231a4cf2ddf84661908ef470f0956d1
reacher,R3_reacher_01fd87d09dbf3909048741d4,,FIXED3_REFIT_MEAN_NOT_ENSEMBLE,MEAN_OF_THREE_STREAMS_WITHIN_CASE,0.7777777777777777,1.0,0.22222222222222232,0.8888888888888888,0.8888888888888888,d4e6ac21adddd2c82592f2dc9d2a110b2231a4cf2ddf84661908ef470f0956d1
reacher,R3_reacher_0651ebd394a43de70c9b7ad0,,FIXED3_REFIT_MEAN_NOT_ENSEMBLE,MEAN_OF_THREE_STREAMS_WITHIN_CASE,1.0,0.8888888888888888,-0.11111111111111116,0.6666666666666666,0.6666666666666666,d4e6ac21adddd2c82592f2dc9d2a110b2231a4cf2ddf84661908ef470f0956d1
reacher,R3_reacher_06b68490d49af9bd892bea71,,FIXED3_REFIT_MEAN_NOT_ENSEMBLE,MEAN_OF_THREE_STREAMS_WITHIN_CASE,0.7777777777777777,1.0,0.22222222222222232,0.3333333333333333,0.3333333333333333,d4e6ac21adddd2c82592f2dc9d2a110b2231a4cf2ddf84661908ef470f0956d1
reacher,R3_reacher_09247f3e88e7af275abc2d1d,,FIXED3_REFIT_MEAN_NOT_ENSEMBLE,MEAN_OF_THREE_STREAMS_WITHIN_CASE,0.6666666666666666,1.0,0.33333333333333337,0.4444444444444444,0.4444444444444444,d4e6ac21adddd2c82592f2dc9d2a110b2231a4cf2ddf84661908ef470f0956d1
reacher,R3_reacher_0e325219914460cb340033c1,,FIXED3_REFIT_MEAN_NOT_ENSEMBLE,MEAN_OF_THREE_STREAMS_WITHIN_CASE,1.0,1.0,0.0,0.4444444444444444,0.4444444444444444,d4e6ac21adddd2c82592f2dc9d2a110b2231a4cf2ddf84661908ef470f0956d1
reacher,R3_reacher_0ea549c2f80d7cbbbb1b6dd8,,FIXED3_REFIT_MEAN_NOT_ENSEMBLE,MEAN_OF_THREE_STREAMS_WITHIN_CASE,0.6666666666666666,1.0,0.33333333333333337,0.6666666666666666,0.6666666666666666,d4e6ac21adddd2c82592f2dc9d2a110b2231a4cf2ddf84661908ef470f0956d1
reacher,R3_reacher_10754410887eb77f72ae018e,,FIXED3_REFIT_MEAN_NOT_ENSEMBLE,MEAN_OF_THREE_STREAMS_WITHIN_CASE,0.5555555555555555,1.0,0.44444444444444453,0.5555555555555555,0.5555555555555555,d4e6ac21adddd2c82592f2dc9d2a110b2231a4cf2ddf84661908ef470f0956d1
reacher,R3_reacher_19b957e03f42b1b14d0654d7,,FIXED3_REFIT_MEAN_NOT_ENSEMBLE,MEAN_OF_THREE_STREAMS_WITHIN_CASE,1.0,1.0,0.0,0.0,0.0,d4e6ac21adddd2c82592f2dc9d2a110b2231a4cf2ddf84661908ef470f0956d1
reacher,R3_reacher_1aad022046d1e4f9da53b4a0,,FIXED3_REFIT_MEAN_NOT_ENSEMBLE,MEAN_OF_THREE_STREAMS_WITHIN_CASE,0.6666666666666666,1.0,0.33333333333333337,0.5555555555555555,0.5555555555555555,d4e6ac21adddd2c82592f2dc9d2a110b2231a4cf2ddf84661908ef470f0956d1
reacher,R3_reacher_1afd87ed042926d5ecc50b5c,,FIXED3_REFIT_MEAN_NOT_ENSEMBLE,MEAN_OF_THREE_STREAMS_WITHIN_CASE,1.0,1.0,0.0,0.0,0.0,d4e6ac21adddd2c82592f2dc9d2a110b2231a4cf2ddf84661908ef470f0956d1
reacher,R3_reacher_1fc0b1d9c6963542440189cf,,FIXED3_REFIT_MEAN_NOT_ENSEMBLE,MEAN_OF_THREE_STREAMS_WITHIN_CASE,0.7777777777777778,1.0,0.2222222222222222,0.8888888888888888,0.8888888888888888,d4e6ac21adddd2c82592f2dc9d2a110b2231a4cf2ddf84661908ef470f0956d1
reacher,R3_reacher_20e903c4dc4794a78a414ccb,,FIXED3_REFIT_MEAN_NOT_ENSEMBLE,MEAN_OF_THREE_STREAMS_WITHIN_CASE,0.8888888888888888,1.0,0.11111111111111116,1.0,1.0,d4e6ac21adddd2c82592f2dc9d2a110b2231a4cf2ddf84661908ef470f0956d1
reacher,R3_reacher_227dcc9361770465dc9ba143,,FIXED3_REFIT_MEAN_NOT_ENSEMBLE,MEAN_OF_THREE_STREAMS_WITHIN_CASE,0.8888888888888888,0.8888888888888888,0.0,0.2222222222222222,0.2222222222222222,d4e6ac21adddd2c82592f2dc9d2a110b2231a4cf2ddf84661908ef470f0956d1
reacher,R3_reacher_248c04f18e24c23c388665d6,,FIXED3_REFIT_MEAN_NOT_ENSEMBLE,MEAN_OF_THREE_STREAMS_WITHIN_CASE,1.0,1.0,0.0,0.5555555555555555,0.5555555555555555,d4e6ac21adddd2c82592f2dc9d2a110b2231a4cf2ddf84661908ef470f0956d1
reacher,R3_reacher_25281ce20ac4c1a4e13bfe64,,FIXED3_REFIT_MEAN_NOT_ENSEMBLE,MEAN_OF_THREE_STREAMS_WITHIN_CASE,0.7777777777777778,1.0,0.2222222222222222,0.4444444444444444,0.4444444444444444,d4e6ac21adddd2c82592f2dc9d2a110b2231a4cf2ddf84661908ef470f0956d1
reacher,R3_reacher_29461ecfe2e96e3052bf252e,,FIXED3_REFIT_MEAN_NOT_ENSEMBLE,MEAN_OF_THREE_STREAMS_WITHIN_CASE,0.6666666666666666,1.0,0.33333333333333337,0.7777777777777777,0.7777777777777777,d4e6ac21adddd2c82592f2dc9d2a110b2231a4cf2ddf84661908ef470f0956d1
reacher,R3_reacher_2ae169997e13b18afc7243d3,,FIXED3_REFIT_MEAN_NOT_ENSEMBLE,MEAN_OF_THREE_STREAMS_WITHIN_CASE,1.0,1.0,0.0,0.5555555555555555,0.5555555555555555,d4e6ac21adddd2c82592f2dc9d2a110b2231a4cf2ddf84661908ef470f0956d1
reacher,R3_reacher_2b1605c757025d16771855cd,,FIXED3_REFIT_MEAN_NOT_ENSEMBLE,MEAN_OF_THREE_STREAMS_WITHIN_CASE,0.8888888888888888,1.0,0.11111111111111116,0.5555555555555555,0.5555555555555555,d4e6ac21adddd2c82592f2dc9d2a110b2231a4cf2ddf84661908ef470f0956d1
reacher,R3_reacher_2da80c9f2c12b38dd5ae592f,,FIXED3_REFIT_MEAN_NOT_ENSEMBLE,MEAN_OF_THREE_STREAMS_WITHIN_CASE,0.6666666666666666,1.0,0.33333333333333337,1.0,1.0,d4e6ac21adddd2c82592f2dc9d2a110b2231a4cf2ddf84661908ef470f0956d1
reacher,R3_reacher_31bc43e232044dba582b1a91,,FIXED3_REFIT_MEAN_NOT_ENSEMBLE,MEAN_OF_THREE_STREAMS_WITHIN_CASE,0.8888888888888888,1.0,0.11111111111111116,0.5555555555555555,0.5555555555555555,d4e6ac21adddd2c82592f2dc9d2a110b2231a4cf2ddf84661908ef470f0956d1
reacher,R3_reacher_3225c7070888eacd2fe6ba3b,,FIXED3_REFIT_MEAN_NOT_ENSEMBLE,MEAN_OF_THREE_STREAMS_WITHIN_CASE,0.7777777777777777,1.0,0.22222222222222232,0.8888888888888888,0.8888888888888888,d4e6ac21adddd2c82592f2dc9d2a110b2231a4cf2ddf84661908ef470f0956d1
reacher,R3_reacher_339d1566307eb06b287cd9d6,,FIXED3_REFIT_MEAN_NOT_ENSEMBLE,MEAN_OF_THREE_STREAMS_WITHIN_CASE,0.6666666666666666,1.0,0.33333333333333337,1.0,1.0,d4e6ac21adddd2c82592f2dc9d2a110b2231a4cf2ddf84661908ef470f0956d1
reacher,R3_reacher_3687a037d77056bca1ad3a86,,FIXED3_REFIT_MEAN_NOT_ENSEMBLE,MEAN_OF_THREE_STREAMS_WITHIN_CASE,1.0,1.0,0.0,0.2222222222222222,0.2222222222222222,d4e6ac21adddd2c82592f2dc9d2a110b2231a4cf2ddf84661908ef470f0956d1
reacher,R3_reacher_391d2d69b9911b586e875be4,,FIXED3_REFIT_MEAN_NOT_ENSEMBLE,MEAN_OF_THREE_STREAMS_WITHIN_CASE,0.5555555555555555,0.7777777777777777,0.2222222222222222,0.8888888888888888,0.8888888888888888,d4e6ac21adddd2c82592f2dc9d2a110b2231a4cf2ddf84661908ef470f0956d1
reacher,R3_reacher_3c2be98ff314c21b533f9194,,FIXED3_REFIT_MEAN_NOT_ENSEMBLE,MEAN_OF_THREE_STREAMS_WITHIN_CASE,1.0,1.0,0.0,0.1111111111111111,0.1111111111111111,d4e6ac21adddd2c82592f2dc9d2a110b2231a4cf2ddf84661908ef470f0956d1
reacher,R3_reacher_3dc92a427bfa8caeee91f551,,FIXED3_REFIT_MEAN_NOT_ENSEMBLE,MEAN_OF_THREE_STREAMS_WITHIN_CASE,1.0,1.0,0.0,0.0,0.0,d4e6ac21adddd2c82592f2dc9d2a110b2231a4cf2ddf84661908ef470f0956d1
reacher,R3_reacher_3ebb7b8846f0d4e4c5337f68,,FIXED3_REFIT_MEAN_NOT_ENSEMBLE,MEAN_OF_THREE_STREAMS_WITHIN_CASE,1.0,1.0,0.0,1.0,1.0,d4e6ac21adddd2c82592f2dc9d2a110b2231a4cf2ddf84661908ef470f0956d1
reacher,R3_reacher_43346886f663e17e6f232be2,,FIXED3_REFIT_MEAN_NOT_ENSEMBLE,MEAN_OF_THREE_STREAMS_WITHIN_CASE,0.8888888888888888,1.0,0.11111111111111116,0.6666666666666666,0.6666666666666666,d4e6ac21adddd2c82592f2dc9d2a110b2231a4cf2ddf84661908ef470f0956d1
reacher,R3_reacher_43bed550bc7c733bb23002e3,,FIXED3_REFIT_MEAN_NOT_ENSEMBLE,MEAN_OF_THREE_STREAMS_WITHIN_CASE,0.7777777777777777,1.0,0.22222222222222232,0.4444444444444444,0.4444444444444444,d4e6ac21adddd2c82592f2dc9d2a110b2231a4cf2ddf84661908ef470f0956d1
reacher,R3_reacher_48b38c457e06aea47721389a,,FIXED3_REFIT_MEAN_NOT_ENSEMBLE,MEAN_OF_THREE_STREAMS_WITHIN_CASE,0.8888888888888888,1.0,0.11111111111111116,0.1111111111111111,0.1111111111111111,d4e6ac21adddd2c82592f2dc9d2a110b2231a4cf2ddf84661908ef470f0956d1
reacher,R3_reacher_4a2a4a159bd6d8b01f632e71,,FIXED3_REFIT_MEAN_NOT_ENSEMBLE,MEAN_OF_THREE_STREAMS_WITHIN_CASE,1.0,1.0,0.0,0.2222222222222222,0.2222222222222222,d4e6ac21adddd2c82592f2dc9d2a110b2231a4cf2ddf84661908ef470f0956d1
reacher,R3_reacher_4b5f85125ceccca055fe76b4,,FIXED3_REFIT_MEAN_NOT_ENSEMBLE,MEAN_OF_THREE_STREAMS_WITHIN_CASE,0.5555555555555555,1.0,0.44444444444444453,0.4444444444444444,0.4444444444444444,d4e6ac21adddd2c82592f2dc9d2a110b2231a4cf2ddf84661908ef470f0956d1
reacher,R3_reacher_4d092e8fde355972772dfa7e,,FIXED3_REFIT_MEAN_NOT_ENSEMBLE,MEAN_OF_THREE_STREAMS_WITHIN_CASE,0.6666666666666666,1.0,0.33333333333333337,1.0,1.0,d4e6ac21adddd2c82592f2dc9d2a110b2231a4cf2ddf84661908ef470f0956d1
reacher,R3_reacher_4de0f0387d01ac1b49760c47,,FIXED3_REFIT_MEAN_NOT_ENSEMBLE,MEAN_OF_THREE_STREAMS_WITHIN_CASE,0.5555555555555555,1.0,0.44444444444444453,1.0,1.0,d4e6ac21adddd2c82592f2dc9d2a110b2231a4cf2ddf84661908ef470f0956d1
reacher,R3_reacher_4eb4413d6e63e87a59fec03a,,FIXED3_REFIT_MEAN_NOT_ENSEMBLE,MEAN_OF_THREE_STREAMS_WITHIN_CASE,0.8888888888888888,0.7777777777777777,-0.11111111111111116,1.0,1.0,d4e6ac21adddd2c82592f2dc9d2a110b2231a4cf2ddf84661908ef470f0956d1
reacher,R3_reacher_51856009f99570a92446d05a,,FIXED3_REFIT_MEAN_NOT_ENSEMBLE,MEAN_OF_THREE_STREAMS_WITHIN_CASE,0.6666666666666666,1.0,0.33333333333333337,0.3333333333333333,0.3333333333333333,d4e6ac21adddd2c82592f2dc9d2a110b2231a4cf2ddf84661908ef470f0956d1
reacher,R3_reacher_54f5b13feb6984f1980392cc,,FIXED3_REFIT_MEAN_NOT_ENSEMBLE,MEAN_OF_THREE_STREAMS_WITHIN_CASE,1.0,1.0,0.0,0.0,0.0,d4e6ac21adddd2c82592f2dc9d2a110b2231a4cf2ddf84661908ef470f0956d1
reacher,R3_reacher_5d50985e823f66ebd401c1ec,,FIXED3_REFIT_MEAN_NOT_ENSEMBLE,MEAN_OF_THREE_STREAMS_WITHIN_CASE,0.7777777777777777,1.0,0.22222222222222232,1.0,1.0,d4e6ac21adddd2c82592f2dc9d2a110b2231a4cf2ddf84661908ef470f0956d1
reacher,R3_reacher_5e2d5d2d9907df0393e50f40,,FIXED3_REFIT_MEAN_NOT_ENSEMBLE,MEAN_OF_THREE_STREAMS_WITHIN_CASE,1.0,1.0,0.0,0.0,0.0,d4e6ac21adddd2c82592f2dc9d2a110b2231a4cf2ddf84661908ef470f0956d1
reacher,R3_reacher_5ede573180f7658b8cb1fa2a,,FIXED3_REFIT_MEAN_NOT_ENSEMBLE,MEAN_OF_THREE_STREAMS_WITHIN_CASE,1.0,1.0,0.0,0.0,0.0,d4e6ac21adddd2c82592f2dc9d2a110b2231a4cf2ddf84661908ef470f0956d1
reacher,R3_reacher_6216de4a5b03eb23d114e16a,,FIXED3_REFIT_MEAN_NOT_ENSEMBLE,MEAN_OF_THREE_STREAMS_WITHIN_CASE,1.0,1.0,0.0,0.0,0.0,d4e6ac21adddd2c82592f2dc9d2a110b2231a4cf2ddf84661908ef470f0956d1
reacher,R3_reacher_665505d7ca68f56e86ab9898,,FIXED3_REFIT_MEAN_NOT_ENSEMBLE,MEAN_OF_THREE_STREAMS_WITHIN_CASE,1.0,1.0,0.0,0.6666666666666666,0.6666666666666666,d4e6ac21adddd2c82592f2dc9d2a110b2231a4cf2ddf84661908ef470f0956d1
reacher,R3_reacher_68ead16e22260984b6ce630e,,FIXED3_REFIT_MEAN_NOT_ENSEMBLE,MEAN_OF_THREE_STREAMS_WITHIN_CASE,0.7777777777777777,1.0,0.22222222222222232,0.8888888888888888,0.8888888888888888,d4e6ac21adddd2c82592f2dc9d2a110b2231a4cf2ddf84661908ef470f0956d1
reacher,R3_reacher_691b0678315722721b850bd9,,FIXED3_REFIT_MEAN_NOT_ENSEMBLE,MEAN_OF_THREE_STREAMS_WITHIN_CASE,0.4444444444444444,0.8888888888888888,0.4444444444444444,1.0,1.0,d4e6ac21adddd2c82592f2dc9d2a110b2231a4cf2ddf84661908ef470f0956d1
reacher,R3_reacher_6cba7a43faf319ebfe282ca1,,FIXED3_REFIT_MEAN_NOT_ENSEMBLE,MEAN_OF_THREE_STREAMS_WITHIN_CASE,0.6666666666666666,0.8888888888888888,0.2222222222222222,0.7777777777777777,0.7777777777777777,d4e6ac21adddd2c82592f2dc9d2a110b2231a4cf2ddf84661908ef470f0956d1
reacher,R3_reacher_6d50b6eae922ec8eaba3b2aa,,FIXED3_REFIT_MEAN_NOT_ENSEMBLE,MEAN_OF_THREE_STREAMS_WITHIN_CASE,1.0,1.0,0.0,0.6666666666666666,0.6666666666666666,d4e6ac21adddd2c82592f2dc9d2a110b2231a4cf2ddf84661908ef470f0956d1
reacher,R3_reacher_6ff2b0510c4734c334024b6f,,FIXED3_REFIT_MEAN_NOT_ENSEMBLE,MEAN_OF_THREE_STREAMS_WITHIN_CASE,0.6666666666666666,0.8888888888888888,0.2222222222222222,0.4444444444444444,0.4444444444444444,d4e6ac21adddd2c82592f2dc9d2a110b2231a4cf2ddf84661908ef470f0956d1
reacher,R3_reacher_74df08ab195a14a2c8f2f0ac,,FIXED3_REFIT_MEAN_NOT_ENSEMBLE,MEAN_OF_THREE_STREAMS_WITHIN_CASE,0.8888888888888888,1.0,0.11111111111111116,0.3333333333333333,0.3333333333333333,d4e6ac21adddd2c82592f2dc9d2a110b2231a4cf2ddf84661908ef470f0956d1
reacher,R3_reacher_78e0945523fb491a3f33e969,,FIXED3_REFIT_MEAN_NOT_ENSEMBLE,MEAN_OF_THREE_STREAMS_WITHIN_CASE,0.6666666666666666,1.0,0.33333333333333337,0.4444444444444444,0.4444444444444444,d4e6ac21adddd2c82592f2dc9d2a110b2231a4cf2ddf84661908ef470f0956d1
reacher,R3_reacher_7aff8be5072b1a8af1a8d13d,,FIXED3_REFIT_MEAN_NOT_ENSEMBLE,MEAN_OF_THREE_STREAMS_WITHIN_CASE,1.0,1.0,0.0,0.2222222222222222,0.2222222222222222,d4e6ac21adddd2c82592f2dc9d2a110b2231a4cf2ddf84661908ef470f0956d1
reacher,R3_reacher_7dd7cb04423f92db263fa577,,FIXED3_REFIT_MEAN_NOT_ENSEMBLE,MEAN_OF_THREE_STREAMS_WITHIN_CASE,0.6666666666666666,1.0,0.33333333333333337,0.4444444444444444,0.4444444444444444,d4e6ac21adddd2c82592f2dc9d2a110b2231a4cf2ddf84661908ef470f0956d1
reacher,R3_reacher_8013310a3876dc798b82233e,,FIXED3_REFIT_MEAN_NOT_ENSEMBLE,MEAN_OF_THREE_STREAMS_WITHIN_CASE,1.0,1.0,0.0,0.2222222222222222,0.2222222222222222,d4e6ac21adddd2c82592f2dc9d2a110b2231a4cf2ddf84661908ef470f0956d1
reacher,R3_reacher_81676bd5f7a922d099e8c632,,FIXED3_REFIT_MEAN_NOT_ENSEMBLE,MEAN_OF_THREE_STREAMS_WITHIN_CASE,0.8888888888888888,1.0,0.11111111111111116,0.8888888888888888,0.8888888888888888,d4e6ac21adddd2c82592f2dc9d2a110b2231a4cf2ddf84661908ef470f0956d1
reacher,R3_reacher_88e6d02b4868302c88af83bd,,FIXED3_REFIT_MEAN_NOT_ENSEMBLE,MEAN_OF_THREE_STREAMS_WITHIN_CASE,0.8888888888888888,0.8888888888888888,0.0,0.8888888888888888,0.8888888888888888,d4e6ac21adddd2c82592f2dc9d2a110b2231a4cf2ddf84661908ef470f0956d1
reacher,R3_reacher_8cb337114374dac2e790e2d0,,FIXED3_REFIT_MEAN_NOT_ENSEMBLE,MEAN_OF_THREE_STREAMS_WITHIN_CASE,0.8888888888888888,1.0,0.11111111111111116,0.4444444444444444,0.4444444444444444,d4e6ac21adddd2c82592f2dc9d2a110b2231a4cf2ddf84661908ef470f0956d1
reacher,R3_reacher_8f94a57dc057ae3fea063566,,FIXED3_REFIT_MEAN_NOT_ENSEMBLE,MEAN_OF_THREE_STREAMS_WITHIN_CASE,0.6666666666666666,0.7777777777777777,0.11111111111111105,0.8888888888888888,0.8888888888888888,d4e6ac21adddd2c82592f2dc9d2a110b2231a4cf2ddf84661908ef470f0956d1
reacher,R3_reacher_90130661be9d8449b174dfda,,FIXED3_REFIT_MEAN_NOT_ENSEMBLE,MEAN_OF_THREE_STREAMS_WITHIN_CASE,0.7777777777777777,1.0,0.22222222222222232,1.0,1.0,d4e6ac21adddd2c82592f2dc9d2a110b2231a4cf2ddf84661908ef470f0956d1
reacher,R3_reacher_91d6a515142521d444cda8ca,,FIXED3_REFIT_MEAN_NOT_ENSEMBLE,MEAN_OF_THREE_STREAMS_WITHIN_CASE,1.0,1.0,0.0,0.1111111111111111,0.1111111111111111,d4e6ac21adddd2c82592f2dc9d2a110b2231a4cf2ddf84661908ef470f0956d1
reacher,R3_reacher_9ce16e33ff15bde409d40098,,FIXED3_REFIT_MEAN_NOT_ENSEMBLE,MEAN_OF_THREE_STREAMS_WITHIN_CASE,1.0,1.0,0.0,0.1111111111111111,0.1111111111111111,d4e6ac21adddd2c82592f2dc9d2a110b2231a4cf2ddf84661908ef470f0956d1
reacher,R3_reacher_a1c24b0d5bdd53fdeb203e5f,,FIXED3_REFIT_MEAN_NOT_ENSEMBLE,MEAN_OF_THREE_STREAMS_WITHIN_CASE,0.8888888888888888,1.0,0.11111111111111116,0.2222222222222222,0.2222222222222222,d4e6ac21adddd2c82592f2dc9d2a110b2231a4cf2ddf84661908ef470f0956d1
reacher,R3_reacher_a4fc5af8bb0b58322c55693f,,FIXED3_REFIT_MEAN_NOT_ENSEMBLE,MEAN_OF_THREE_STREAMS_WITHIN_CASE,0.8888888888888888,1.0,0.11111111111111116,0.5555555555555555,0.5555555555555555,d4e6ac21adddd2c82592f2dc9d2a110b2231a4cf2ddf84661908ef470f0956d1
reacher,R3_reacher_a80b135a2ca6b9fe49081cb7,,FIXED3_REFIT_MEAN_NOT_ENSEMBLE,MEAN_OF_THREE_STREAMS_WITHIN_CASE,0.7777777777777777,1.0,0.22222222222222232,0.4444444444444444,0.4444444444444444,d4e6ac21adddd2c82592f2dc9d2a110b2231a4cf2ddf84661908ef470f0956d1
reacher,R3_reacher_aa19e4ff8c803eccffc04674,,FIXED3_REFIT_MEAN_NOT_ENSEMBLE,MEAN_OF_THREE_STREAMS_WITHIN_CASE,1.0,1.0,0.0,0.3333333333333333,0.3333333333333333,d4e6ac21adddd2c82592f2dc9d2a110b2231a4cf2ddf84661908ef470f0956d1
reacher,R3_reacher_ae4e56803bfc6050ad2c5407,,FIXED3_REFIT_MEAN_NOT_ENSEMBLE,MEAN_OF_THREE_STREAMS_WITHIN_CASE,0.7777777777777777,1.0,0.22222222222222232,0.6666666666666666,0.6666666666666666,d4e6ac21adddd2c82592f2dc9d2a110b2231a4cf2ddf84661908ef470f0956d1
reacher,R3_reacher_af2aa3d1d6cbf53a4f647860,,FIXED3_REFIT_MEAN_NOT_ENSEMBLE,MEAN_OF_THREE_STREAMS_WITHIN_CASE,0.4444444444444444,0.6666666666666666,0.2222222222222222,0.8888888888888888,0.8888888888888888,d4e6ac21adddd2c82592f2dc9d2a110b2231a4cf2ddf84661908ef470f0956d1
reacher,R3_reacher_b1919e19a6a875f129014e81,,FIXED3_REFIT_MEAN_NOT_ENSEMBLE,MEAN_OF_THREE_STREAMS_WITHIN_CASE,0.8888888888888888,0.8888888888888888,0.0,0.2222222222222222,0.2222222222222222,d4e6ac21adddd2c82592f2dc9d2a110b2231a4cf2ddf84661908ef470f0956d1
reacher,R3_reacher_b2b5f6290d54abd4e830fc73,,FIXED3_REFIT_MEAN_NOT_ENSEMBLE,MEAN_OF_THREE_STREAMS_WITHIN_CASE,0.7777777777777777,1.0,0.22222222222222232,0.3333333333333333,0.3333333333333333,d4e6ac21adddd2c82592f2dc9d2a110b2231a4cf2ddf84661908ef470f0956d1
reacher,R3_reacher_b360acd1c6d9c7eb19ad0748,,FIXED3_REFIT_MEAN_NOT_ENSEMBLE,MEAN_OF_THREE_STREAMS_WITHIN_CASE,0.8888888888888888,1.0,0.11111111111111116,0.1111111111111111,0.1111111111111111,d4e6ac21adddd2c82592f2dc9d2a110b2231a4cf2ddf84661908ef470f0956d1
reacher,R3_reacher_b435d231878e66fe816e4b27,,FIXED3_REFIT_MEAN_NOT_ENSEMBLE,MEAN_OF_THREE_STREAMS_WITHIN_CASE,0.7777777777777777,1.0,0.22222222222222232,1.0,1.0,d4e6ac21adddd2c82592f2dc9d2a110b2231a4cf2ddf84661908ef470f0956d1
reacher,R3_reacher_b7683878966ffb88777d03f2,,FIXED3_REFIT_MEAN_NOT_ENSEMBLE,MEAN_OF_THREE_STREAMS_WITHIN_CASE,0.7777777777777777,1.0,0.22222222222222232,0.5555555555555555,0.5555555555555555,d4e6ac21adddd2c82592f2dc9d2a110b2231a4cf2ddf84661908ef470f0956d1
reacher,R3_reacher_c0da6ebc002f6e6d8652c23a,,FIXED3_REFIT_MEAN_NOT_ENSEMBLE,MEAN_OF_THREE_STREAMS_WITHIN_CASE,1.0,1.0,0.0,0.2222222222222222,0.2222222222222222,d4e6ac21adddd2c82592f2dc9d2a110b2231a4cf2ddf84661908ef470f0956d1
reacher,R3_reacher_c47240a947a9f7917eaf944b,,FIXED3_REFIT_MEAN_NOT_ENSEMBLE,MEAN_OF_THREE_STREAMS_WITHIN_CASE,0.6666666666666666,1.0,0.33333333333333337,1.0,1.0,d4e6ac21adddd2c82592f2dc9d2a110b2231a4cf2ddf84661908ef470f0956d1
reacher,R3_reacher_c799ddaf20ab5016c0fcc94d,,FIXED3_REFIT_MEAN_NOT_ENSEMBLE,MEAN_OF_THREE_STREAMS_WITHIN_CASE,0.8888888888888888,1.0,0.11111111111111116,0.6666666666666666,0.6666666666666666,d4e6ac21adddd2c82592f2dc9d2a110b2231a4cf2ddf84661908ef470f0956d1
reacher,R3_reacher_cbda62f6c8224e2f9423fd2d,,FIXED3_REFIT_MEAN_NOT_ENSEMBLE,MEAN_OF_THREE_STREAMS_WITHIN_CASE,0.8888888888888888,1.0,0.11111111111111116,0.8888888888888888,0.8888888888888888,d4e6ac21adddd2c82592f2dc9d2a110b2231a4cf2ddf84661908ef470f0956d1
reacher,R3_reacher_cda870d3e512d2eb34471d9e,,FIXED3_REFIT_MEAN_NOT_ENSEMBLE,MEAN_OF_THREE_STREAMS_WITHIN_CASE,1.0,1.0,0.0,0.1111111111111111,0.1111111111111111,d4e6ac21adddd2c82592f2dc9d2a110b2231a4cf2ddf84661908ef470f0956d1
reacher,R3_reacher_cdd7a48d2d150bc082f55fa8,,FIXED3_REFIT_MEAN_NOT_ENSEMBLE,MEAN_OF_THREE_STREAMS_WITHIN_CASE,0.3333333333333333,0.8888888888888888,0.5555555555555556,0.8888888888888888,0.8888888888888888,d4e6ac21adddd2c82592f2dc9d2a110b2231a4cf2ddf84661908ef470f0956d1
reacher,R3_reacher_cf3ea0332fec67aba0c09d69,,FIXED3_REFIT_MEAN_NOT_ENSEMBLE,MEAN_OF_THREE_STREAMS_WITHIN_CASE,1.0,0.8888888888888888,-0.11111111111111116,0.5555555555555555,0.5555555555555555,d4e6ac21adddd2c82592f2dc9d2a110b2231a4cf2ddf84661908ef470f0956d1
reacher,R3_reacher_d114702b19acfaf5dda45c4f,,FIXED3_REFIT_MEAN_NOT_ENSEMBLE,MEAN_OF_THREE_STREAMS_WITHIN_CASE,0.6666666666666666,1.0,0.33333333333333337,0.5555555555555555,0.5555555555555555,d4e6ac21adddd2c82592f2dc9d2a110b2231a4cf2ddf84661908ef470f0956d1
reacher,R3_reacher_d6184e6ee10fee6564198319,,FIXED3_REFIT_MEAN_NOT_ENSEMBLE,MEAN_OF_THREE_STREAMS_WITHIN_CASE,1.0,1.0,0.0,1.0,1.0,d4e6ac21adddd2c82592f2dc9d2a110b2231a4cf2ddf84661908ef470f0956d1
reacher,R3_reacher_d75164310bc00a38ef41a7a2,,FIXED3_REFIT_MEAN_NOT_ENSEMBLE,MEAN_OF_THREE_STREAMS_WITHIN_CASE,1.0,1.0,0.0,0.0,0.0,d4e6ac21adddd2c82592f2dc9d2a110b2231a4cf2ddf84661908ef470f0956d1
reacher,R3_reacher_db1aac2a2839b94c8cf3e963,,FIXED3_REFIT_MEAN_NOT_ENSEMBLE,MEAN_OF_THREE_STREAMS_WITHIN_CASE,0.8888888888888888,0.8888888888888888,0.0,0.8888888888888888,0.8888888888888888,d4e6ac21adddd2c82592f2dc9d2a110b2231a4cf2ddf84661908ef470f0956d1
reacher,R3_reacher_df4b440848b9f031543dd698,,FIXED3_REFIT_MEAN_NOT_ENSEMBLE,MEAN_OF_THREE_STREAMS_WITHIN_CASE,1.0,1.0,0.0,0.7777777777777778,0.7777777777777778,d4e6ac21adddd2c82592f2dc9d2a110b2231a4cf2ddf84661908ef470f0956d1
reacher,R3_reacher_df6b904f9325342cb9269256,,FIXED3_REFIT_MEAN_NOT_ENSEMBLE,MEAN_OF_THREE_STREAMS_WITHIN_CASE,0.7777777777777777,1.0,0.22222222222222232,0.8888888888888888,0.8888888888888888,d4e6ac21adddd2c82592f2dc9d2a110b2231a4cf2ddf84661908ef470f0956d1
reacher,R3_reacher_e16605f9ca3eaefb85d7cd2a,,FIXED3_REFIT_MEAN_NOT_ENSEMBLE,MEAN_OF_THREE_STREAMS_WITHIN_CASE,1.0,1.0,0.0,0.0,0.0,d4e6ac21adddd2c82592f2dc9d2a110b2231a4cf2ddf84661908ef470f0956d1
reacher,R3_reacher_e25a61bb715dbf3fd96b9f4b,,FIXED3_REFIT_MEAN_NOT_ENSEMBLE,MEAN_OF_THREE_STREAMS_WITHIN_CASE,1.0,1.0,0.0,0.2222222222222222,0.2222222222222222,d4e6ac21adddd2c82592f2dc9d2a110b2231a4cf2ddf84661908ef470f0956d1
reacher,R3_reacher_e547cc356ff64f28a01b3a4d,,FIXED3_REFIT_MEAN_NOT_ENSEMBLE,MEAN_OF_THREE_STREAMS_WITHIN_CASE,0.6666666666666666,1.0,0.33333333333333337,0.4444444444444444,0.4444444444444444,d4e6ac21adddd2c82592f2dc9d2a110b2231a4cf2ddf84661908ef470f0956d1
reacher,R3_reacher_e690a367ff4f94b45cee2d33,,FIXED3_REFIT_MEAN_NOT_ENSEMBLE,MEAN_OF_THREE_STREAMS_WITHIN_CASE,0.5555555555555555,1.0,0.44444444444444453,0.5555555555555555,0.5555555555555555,d4e6ac21adddd2c82592f2dc9d2a110b2231a4cf2ddf84661908ef470f0956d1
reacher,R3_reacher_e899be36b2378f247385a80c,,FIXED3_REFIT_MEAN_NOT_ENSEMBLE,MEAN_OF_THREE_STREAMS_WITHIN_CASE,0.4444444444444444,1.0,0.5555555555555556,0.6666666666666666,0.6666666666666666,d4e6ac21adddd2c82592f2dc9d2a110b2231a4cf2ddf84661908ef470f0956d1
reacher,R3_reacher_e96c064ebe544a7de14e595f,,FIXED3_REFIT_MEAN_NOT_ENSEMBLE,MEAN_OF_THREE_STREAMS_WITHIN_CASE,0.8888888888888888,1.0,0.11111111111111116,0.1111111111111111,0.1111111111111111,d4e6ac21adddd2c82592f2dc9d2a110b2231a4cf2ddf84661908ef470f0956d1
reacher,R3_reacher_e97cbf284bc2f1863e321521,,FIXED3_REFIT_MEAN_NOT_ENSEMBLE,MEAN_OF_THREE_STREAMS_WITHIN_CASE,0.7777777777777777,0.8888888888888888,0.11111111111111116,0.6666666666666666,0.6666666666666666,d4e6ac21adddd2c82592f2dc9d2a110b2231a4cf2ddf84661908ef470f0956d1
reacher,R3_reacher_e9df183d83d2c6d6143de3be,,FIXED3_REFIT_MEAN_NOT_ENSEMBLE,MEAN_OF_THREE_STREAMS_WITHIN_CASE,1.0,1.0,0.0,0.0,0.0,d4e6ac21adddd2c82592f2dc9d2a110b2231a4cf2ddf84661908ef470f0956d1
reacher,R3_reacher_eb5da8b3b8a360d72bdc4b81,,FIXED3_REFIT_MEAN_NOT_ENSEMBLE,MEAN_OF_THREE_STREAMS_WITHIN_CASE,0.8888888888888888,1.0,0.11111111111111116,0.1111111111111111,0.1111111111111111,d4e6ac21adddd2c82592f2dc9d2a110b2231a4cf2ddf84661908ef470f0956d1
reacher,R3_reacher_ed2a6ac159bdefdd8698e966,,FIXED3_REFIT_MEAN_NOT_ENSEMBLE,MEAN_OF_THREE_STREAMS_WITHIN_CASE,1.0,1.0,0.0,0.0,0.0,d4e6ac21adddd2c82592f2dc9d2a110b2231a4cf2ddf84661908ef470f0956d1
reacher,R3_reacher_ee3aa3dea1bccfc0c0400c77,,FIXED3_REFIT_MEAN_NOT_ENSEMBLE,MEAN_OF_THREE_STREAMS_WITHIN_CASE,0.4444444444444444,1.0,0.5555555555555556,0.6666666666666666,0.6666666666666666,d4e6ac21adddd2c82592f2dc9d2a110b2231a4cf2ddf84661908ef470f0956d1
reacher,R3_reacher_f295eb60a191606d1f094189,,FIXED3_REFIT_MEAN_NOT_ENSEMBLE,MEAN_OF_THREE_STREAMS_WITHIN_CASE,0.8888888888888888,1.0,0.11111111111111116,0.3333333333333333,0.3333333333333333,d4e6ac21adddd2c82592f2dc9d2a110b2231a4cf2ddf84661908ef470f0956d1
reacher,R3_reacher_f7bea0928cdded574e397c2d,,FIXED3_REFIT_MEAN_NOT_ENSEMBLE,MEAN_OF_THREE_STREAMS_WITHIN_CASE,0.6666666666666666,1.0,0.33333333333333337,0.8888888888888888,0.8888888888888888,d4e6ac21adddd2c82592f2dc9d2a110b2231a4cf2ddf84661908ef470f0956d1
reacher,R3_reacher_fa467774affd316a6db90f90,,FIXED3_REFIT_MEAN_NOT_ENSEMBLE,MEAN_OF_THREE_STREAMS_WITHIN_CASE,0.8888888888888888,0.8888888888888888,0.0,0.6666666666666666,0.6666666666666666,d4e6ac21adddd2c82592f2dc9d2a110b2231a4cf2ddf84661908ef470f0956d1
reacher,R3_reacher_fc2a1ecf6edea23cba59b6be,,FIXED3_REFIT_MEAN_NOT_ENSEMBLE,MEAN_OF_THREE_STREAMS_WITHIN_CASE,1.0,0.8888888888888888,-0.11111111111111116,0.8888888888888888,0.8888888888888888,d4e6ac21adddd2c82592f2dc9d2a110b2231a4cf2ddf84661908ef470f0956d1
reacher,R3_reacher_fca2ae6f03dd54aa3833661f,,FIXED3_REFIT_MEAN_NOT_ENSEMBLE,MEAN_OF_THREE_STREAMS_WITHIN_CASE,1.0,1.0,0.0,0.0,0.0,d4e6ac21adddd2c82592f2dc9d2a110b2231a4cf2ddf84661908ef470f0956d1
reacher,R3_reacher_fe1001e9c3b6b50616b6fe2d,,FIXED3_REFIT_MEAN_NOT_ENSEMBLE,MEAN_OF_THREE_STREAMS_WITHIN_CASE,0.7777777777777777,0.8888888888888888,0.11111111111111116,0.5555555555555555,0.5555555555555555,d4e6ac21adddd2c82592f2dc9d2a110b2231a4cf2ddf84661908ef470f0956d1
