task,case_id,arm,stream,history,success,executed_raw_steps,replan_calls,entered_replanning,optimizer_updates,status,evidence_scope,paired_first_plan_checked
reacher,R7_reacher_008f95b1d93de778a42bc06d,H0,R3_ORIGINAL,H_POLICY,1,28,2,True,0,COMPLETE,R7_PREREGISTERED_STRESS_TEST_FRESH_CASES,False
reacher,R7_reacher_008f95b1d93de778a42bc06d,H0,R3_ORIGINAL,H_REAL3_REPLAN,1,29,2,True,0,COMPLETE,R7_PREREGISTERED_STRESS_TEST_FRESH_CASES,True
reacher,R7_reacher_008f95b1d93de778a42bc06d,REFIT_103201,R3_ORIGINAL,H_POLICY,1,27,2,True,0,COMPLETE,R7_PREREGISTERED_STRESS_TEST_FRESH_CASES,False
reacher,R7_reacher_008f95b1d93de778a42bc06d,REFIT_103201,R3_ORIGINAL,H_REAL3_REPLAN,1,27,2,True,0,COMPLETE,R7_PREREGISTERED_STRESS_TEST_FRESH_CASES,True
reacher,R7_reacher_008f95b1d93de778a42bc06d,REFIT_103202,R3_ORIGINAL,H_POLICY,1,39,2,True,0,COMPLETE,R7_PREREGISTERED_STRESS_TEST_FRESH_CASES,False
reacher,R7_reacher_008f95b1d93de778a42bc06d,REFIT_103202,R3_ORIGINAL,H_REAL3_REPLAN,1,48,2,True,0,COMPLETE,R7_PREREGISTERED_STRESS_TEST_FRESH_CASES,True
reacher,R7_reacher_008f95b1d93de778a42bc06d,REFIT_103203,R3_ORIGINAL,H_POLICY,1,27,2,True,0,COMPLETE,R7_PREREGISTERED_STRESS_TEST_FRESH_CASES,False
reacher,R7_reacher_008f95b1d93de778a42bc06d,REFIT_103203,R3_ORIGINAL,H_REAL3_REPLAN,1,42,2,True,0,COMPLETE,R7_PREREGISTERED_STRESS_TEST_FRESH_CASES,True
reacher,R7_reacher_00978606ef467b72992b6d55,H0,R3_ORIGINAL,H_POLICY,1,47,2,True,0,COMPLETE,R7_PREREGISTERED_STRESS_TEST_FRESH_CASES,False
reacher,R7_reacher_00978606ef467b72992b6d55,H0,R3_ORIGINAL,H_REAL3_REPLAN,1,52,3,True,0,COMPLETE,R7_PREREGISTERED_STRESS_TEST_FRESH_CASES,True
reacher,R7_reacher_00978606ef467b72992b6d55,REFIT_103201,R3_ORIGINAL,H_POLICY,1,37,2,True,0,COMPLETE,R7_PREREGISTERED_STRESS_TEST_FRESH_CASES,False
reacher,R7_reacher_00978606ef467b72992b6d55,REFIT_103201,R3_ORIGINAL,H_REAL3_REPLAN,1,43,2,True,0,COMPLETE,R7_PREREGISTERED_STRESS_TEST_FRESH_CASES,True
reacher,R7_reacher_00978606ef467b72992b6d55,REFIT_103202,R3_ORIGINAL,H_POLICY,1,40,2,True,0,COMPLETE,R7_PREREGISTERED_STRESS_TEST_FRESH_CASES,False
reacher,R7_reacher_00978606ef467b72992b6d55,REFIT_103202,R3_ORIGINAL,H_REAL3_REPLAN,1,38,2,True,0,COMPLETE,R7_PREREGISTERED_STRESS_TEST_FRESH_CASES,True
reacher,R7_reacher_00978606ef467b72992b6d55,REFIT_103203,R3_ORIGINAL,H_POLICY,1,46,2,True,0,COMPLETE,R7_PREREGISTERED_STRESS_TEST_FRESH_CASES,False
reacher,R7_reacher_00978606ef467b72992b6d55,REFIT_103203,R3_ORIGINAL,H_REAL3_REPLAN,1,49,2,True,0,COMPLETE,R7_PREREGISTERED_STRESS_TEST_FRESH_CASES,True
reacher,R7_reacher_00f305b4af31fc3e03fe530d,H0,R3_ORIGINAL,H_POLICY,1,33,2,True,0,COMPLETE,R7_PREREGISTERED_STRESS_TEST_FRESH_CASES,False
reacher,R7_reacher_00f305b4af31fc3e03fe530d,H0,R3_ORIGINAL,H_REAL3_REPLAN,1,36,2,True,0,COMPLETE,R7_PREREGISTERED_STRESS_TEST_FRESH_CASES,True
reacher,R7_reacher_00f305b4af31fc3e03fe530d,REFIT_103201,R3_ORIGINAL,H_POLICY,1,29,2,True,0,COMPLETE,R7_PREREGISTERED_STRESS_TEST_FRESH_CASES,False
reacher,R7_reacher_00f305b4af31fc3e03fe530d,REFIT_103201,R3_ORIGINAL,H_REAL3_REPLAN,1,28,2,True,0,COMPLETE,R7_PREREGISTERED_STRESS_TEST_FRESH_CASES,True
reacher,R7_reacher_00f305b4af31fc3e03fe530d,REFIT_103202,R3_ORIGINAL,H_POLICY,1,53,3,True,0,COMPLETE,R7_PREREGISTERED_STRESS_TEST_FRESH_CASES,False
reacher,R7_reacher_00f305b4af31fc3e03fe530d,REFIT_103202,R3_ORIGINAL,H_REAL3_REPLAN,1,32,2,True,0,COMPLETE,R7_PREREGISTERED_STRESS_TEST_FRESH_CASES,True
reacher,R7_reacher_00f305b4af31fc3e03fe530d,REFIT_103203,R3_ORIGINAL,H_POLICY,1,35,2,True,0,COMPLETE,R7_PREREGISTERED_STRESS_TEST_FRESH_CASES,False
reacher,R7_reacher_00f305b4af31fc3e03fe530d,REFIT_103203,R3_ORIGINAL,H_REAL3_REPLAN,1,47,2,True,0,COMPLETE,R7_PREREGISTERED_STRESS_TEST_FRESH_CASES,True
reacher,R7_reacher_013cbf60956462066fdfc1af,H0,R3_ORIGINAL,H_POLICY,1,14,1,False,0,COMPLETE,R7_PREREGISTERED_STRESS_TEST_FRESH_CASES,False
reacher,R7_reacher_013cbf60956462066fdfc1af,H0,R3_ORIGINAL,H_REAL3_REPLAN,1,14,1,False,0,COMPLETE,R7_PREREGISTERED_STRESS_TEST_FRESH_CASES,True
reacher,R7_reacher_013cbf60956462066fdfc1af,REFIT_103201,R3_ORIGINAL,H_POLICY,1,22,1,False,0,COMPLETE,R7_PREREGISTERED_STRESS_TEST_FRESH_CASES,False
reacher,R7_reacher_013cbf60956462066fdfc1af,REFIT_103201,R3_ORIGINAL,H_REAL3_REPLAN,1,22,1,False,0,COMPLETE,R7_PREREGISTERED_STRESS_TEST_FRESH_CASES,True
reacher,R7_reacher_013cbf60956462066fdfc1af,REFIT_103202,R3_ORIGINAL,H_POLICY,1,22,1,False,0,COMPLETE,R7_PREREGISTERED_STRESS_TEST_FRESH_CASES,False
reacher,R7_reacher_013cbf60956462066fdfc1af,REFIT_103202,R3_ORIGINAL,H_REAL3_REPLAN,1,22,1,False,0,COMPLETE,R7_PREREGISTERED_STRESS_TEST_FRESH_CASES,True
reacher,R7_reacher_013cbf60956462066fdfc1af,REFIT_103203,R3_ORIGINAL,H_POLICY,1,48,2,True,0,COMPLETE,R7_PREREGISTERED_STRESS_TEST_FRESH_CASES,False
reacher,R7_reacher_013cbf60956462066fdfc1af,REFIT_103203,R3_ORIGINAL,H_REAL3_REPLAN,1,35,2,True,0,COMPLETE,R7_PREREGISTERED_STRESS_TEST_FRESH_CASES,True
reacher,R7_reacher_014e68add07a685a9ce0ab2e,H0,R3_ORIGINAL,H_POLICY,1,26,2,True,0,COMPLETE,R7_PREREGISTERED_STRESS_TEST_FRESH_CASES,False
reacher,R7_reacher_014e68add07a685a9ce0ab2e,H0,R3_ORIGINAL,H_REAL3_REPLAN,1,26,2,True,0,COMPLETE,R7_PREREGISTERED_STRESS_TEST_FRESH_CASES,True
reacher,R7_reacher_014e68add07a685a9ce0ab2e,REFIT_103201,R3_ORIGINAL,H_POLICY,1,25,1,False,0,COMPLETE,R7_PREREGISTERED_STRESS_TEST_FRESH_CASES,False
reacher,R7_reacher_014e68add07a685a9ce0ab2e,REFIT_103201,R3_ORIGINAL,H_REAL3_REPLAN,1,25,1,False,0,COMPLETE,R7_PREREGISTERED_STRESS_TEST_FRESH_CASES,True
reacher,R7_reacher_014e68add07a685a9ce0ab2e,REFIT_103202,R3_ORIGINAL,H_POLICY,1,9,1,False,0,COMPLETE,R7_PREREGISTERED_STRESS_TEST_FRESH_CASES,False
reacher,R7_reacher_014e68add07a685a9ce0ab2e,REFIT_103202,R3_ORIGINAL,H_REAL3_REPLAN,1,9,1,False,0,COMPLETE,R7_PREREGISTERED_STRESS_TEST_FRESH_CASES,True
reacher,R7_reacher_014e68add07a685a9ce0ab2e,REFIT_103203,R3_ORIGINAL,H_POLICY,1,24,1,False,0,COMPLETE,R7_PREREGISTERED_STRESS_TEST_FRESH_CASES,False
reacher,R7_reacher_014e68add07a685a9ce0ab2e,REFIT_103203,R3_ORIGINAL,H_REAL3_REPLAN,1,24,1,False,0,COMPLETE,R7_PREREGISTERED_STRESS_TEST_FRESH_CASES,True
reacher,R7_reacher_01c790ba2fdea50edb4b2a74,H0,R3_ORIGINAL,H_POLICY,1,49,2,True,0,COMPLETE,R7_PREREGISTERED_STRESS_TEST_FRESH_CASES,False
reacher,R7_reacher_01c790ba2fdea50edb4b2a74,H0,R3_ORIGINAL,H_REAL3_REPLAN,1,50,2,True,0,COMPLETE,R7_PREREGISTERED_STRESS_TEST_FRESH_CASES,True
reacher,R7_reacher_01c790ba2fdea50edb4b2a74,REFIT_103201,R3_ORIGINAL,H_POLICY,1,70,3,True,0,COMPLETE,R7_PREREGISTERED_STRESS_TEST_FRESH_CASES,False
reacher,R7_reacher_01c790ba2fdea50edb4b2a74,REFIT_103201,R3_ORIGINAL,H_REAL3_REPLAN,1,49,2,True,0,COMPLETE,R7_PREREGISTERED_STRESS_TEST_FRESH_CASES,True
reacher,R7_reacher_01c790ba2fdea50edb4b2a74,REFIT_103202,R3_ORIGINAL,H_POLICY,1,49,2,True,0,COMPLETE,R7_PREREGISTERED_STRESS_TEST_FRESH_CASES,False
reacher,R7_reacher_01c790ba2fdea50edb4b2a74,REFIT_103202,R3_ORIGINAL,H_REAL3_REPLAN,1,50,2,True,0,COMPLETE,R7_PREREGISTERED_STRESS_TEST_FRESH_CASES,True
reacher,R7_reacher_01c790ba2fdea50edb4b2a74,REFIT_103203,R3_ORIGINAL,H_POLICY,1,46,2,True,0,COMPLETE,R7_PREREGISTERED_STRESS_TEST_FRESH_CASES,False
reacher,R7_reacher_01c790ba2fdea50edb4b2a74,REFIT_103203,R3_ORIGINAL,H_REAL3_REPLAN,1,45,2,True,0,COMPLETE,R7_PREREGISTERED_STRESS_TEST_FRESH_CASES,True
reacher,R7_reacher_01cc5ff8b1d16bc9b6b96cf2,H0,R3_ORIGINAL,H_POLICY,1,24,1,False,0,COMPLETE,R7_PREREGISTERED_STRESS_TEST_FRESH_CASES,False
reacher,R7_reacher_01cc5ff8b1d16bc9b6b96cf2,H0,R3_ORIGINAL,H_REAL3_REPLAN,1,24,1,False,0,COMPLETE,R7_PREREGISTERED_STRESS_TEST_FRESH_CASES,True
reacher,R7_reacher_01cc5ff8b1d16bc9b6b96cf2,REFIT_103201,R3_ORIGINAL,H_POLICY,1,25,1,False,0,COMPLETE,R7_PREREGISTERED_STRESS_TEST_FRESH_CASES,False
reacher,R7_reacher_01cc5ff8b1d16bc9b6b96cf2,REFIT_103201,R3_ORIGINAL,H_REAL3_REPLAN,1,25,1,False,0,COMPLETE,R7_PREREGISTERED_STRESS_TEST_FRESH_CASES,True
reacher,R7_reacher_01cc5ff8b1d16bc9b6b96cf2,REFIT_103202,R3_ORIGINAL,H_POLICY,1,25,1,False,0,COMPLETE,R7_PREREGISTERED_STRESS_TEST_FRESH_CASES,False
reacher,R7_reacher_01cc5ff8b1d16bc9b6b96cf2,REFIT_103202,R3_ORIGINAL,H_REAL3_REPLAN,1,25,1,False,0,COMPLETE,R7_PREREGISTERED_STRESS_TEST_FRESH_CASES,True
reacher,R7_reacher_01cc5ff8b1d16bc9b6b96cf2,REFIT_103203,R3_ORIGINAL,H_POLICY,1,25,1,False,0,COMPLETE,R7_PREREGISTERED_STRESS_TEST_FRESH_CASES,False
reacher,R7_reacher_01cc5ff8b1d16bc9b6b96cf2,REFIT_103203,R3_ORIGINAL,H_REAL3_REPLAN,1,25,1,False,0,COMPLETE,R7_PREREGISTERED_STRESS_TEST_FRESH_CASES,True
reacher,R7_reacher_01d25c55458ab04e22aa2bf6,H0,R3_ORIGINAL,H_POLICY,1,2,1,False,0,COMPLETE,R7_PREREGISTERED_STRESS_TEST_FRESH_CASES,False
reacher,R7_reacher_01d25c55458ab04e22aa2bf6,H0,R3_ORIGINAL,H_REAL3_REPLAN,1,2,1,False,0,COMPLETE,R7_PREREGISTERED_STRESS_TEST_FRESH_CASES,True
reacher,R7_reacher_01d25c55458ab04e22aa2bf6,REFIT_103201,R3_ORIGINAL,H_POLICY,1,2,1,False,0,COMPLETE,R7_PREREGISTERED_STRESS_TEST_FRESH_CASES,False
reacher,R7_reacher_01d25c55458ab04e22aa2bf6,REFIT_103201,R3_ORIGINAL,H_REAL3_REPLAN,1,2,1,False,0,COMPLETE,R7_PREREGISTERED_STRESS_TEST_FRESH_CASES,True
reacher,R7_reacher_01d25c55458ab04e22aa2bf6,REFIT_103202,R3_ORIGINAL,H_POLICY,1,7,1,False,0,COMPLETE,R7_PREREGISTERED_STRESS_TEST_FRESH_CASES,False
reacher,R7_reacher_01d25c55458ab04e22aa2bf6,REFIT_103202,R3_ORIGINAL,H_REAL3_REPLAN,1,7,1,False,0,COMPLETE,R7_PREREGISTERED_STRESS_TEST_FRESH_CASES,True
reacher,R7_reacher_01d25c55458ab04e22aa2bf6,REFIT_103203,R3_ORIGINAL,H_POLICY,1,20,1,False,0,COMPLETE,R7_PREREGISTERED_STRESS_TEST_FRESH_CASES,False
reacher,R7_reacher_01d25c55458ab04e22aa2bf6,REFIT_103203,R3_ORIGINAL,H_REAL3_REPLAN,1,20,1,False,0,COMPLETE,R7_PREREGISTERED_STRESS_TEST_FRESH_CASES,True
reacher,R7_reacher_01ec1493e75ef3c5c63b6669,H0,R3_ORIGINAL,H_POLICY,1,24,1,False,0,COMPLETE,R7_PREREGISTERED_STRESS_TEST_FRESH_CASES,False
reacher,R7_reacher_01ec1493e75ef3c5c63b6669,H0,R3_ORIGINAL,H_REAL3_REPLAN,1,24,1,False,0,COMPLETE,R7_PREREGISTERED_STRESS_TEST_FRESH_CASES,True
reacher,R7_reacher_01ec1493e75ef3c5c63b6669,REFIT_103201,R3_ORIGINAL,H_POLICY,1,7,1,False,0,COMPLETE,R7_PREREGISTERED_STRESS_TEST_FRESH_CASES,False
reacher,R7_reacher_01ec1493e75ef3c5c63b6669,REFIT_103201,R3_ORIGINAL,H_REAL3_REPLAN,1,7,1,False,0,COMPLETE,R7_PREREGISTERED_STRESS_TEST_FRESH_CASES,True
reacher,R7_reacher_01ec1493e75ef3c5c63b6669,REFIT_103202,R3_ORIGINAL,H_POLICY,1,22,1,False,0,COMPLETE,R7_PREREGISTERED_STRESS_TEST_FRESH_CASES,False
reacher,R7_reacher_01ec1493e75ef3c5c63b6669,REFIT_103202,R3_ORIGINAL,H_REAL3_REPLAN,1,22,1,False,0,COMPLETE,R7_PREREGISTERED_STRESS_TEST_FRESH_CASES,True
reacher,R7_reacher_01ec1493e75ef3c5c63b6669,REFIT_103203,R3_ORIGINAL,H_POLICY,1,20,1,False,0,COMPLETE,R7_PREREGISTERED_STRESS_TEST_FRESH_CASES,False
reacher,R7_reacher_01ec1493e75ef3c5c63b6669,REFIT_103203,R3_ORIGINAL,H_REAL3_REPLAN,1,20,1,False,0,COMPLETE,R7_PREREGISTERED_STRESS_TEST_FRESH_CASES,True
reacher,R7_reacher_020a0a776f6f5e79819a3c41,H0,R3_ORIGINAL,H_POLICY,1,26,2,True,0,COMPLETE,R7_PREREGISTERED_STRESS_TEST_FRESH_CASES,False
reacher,R7_reacher_020a0a776f6f5e79819a3c41,H0,R3_ORIGINAL,H_REAL3_REPLAN,1,27,2,True,0,COMPLETE,R7_PREREGISTERED_STRESS_TEST_FRESH_CASES,True
reacher,R7_reacher_020a0a776f6f5e79819a3c41,REFIT_103201,R3_ORIGINAL,H_POLICY,1,25,1,False,0,COMPLETE,R7_PREREGISTERED_STRESS_TEST_FRESH_CASES,False
reacher,R7_reacher_020a0a776f6f5e79819a3c41,REFIT_103201,R3_ORIGINAL,H_REAL3_REPLAN,1,25,1,False,0,COMPLETE,R7_PREREGISTERED_STRESS_TEST_FRESH_CASES,True
reacher,R7_reacher_020a0a776f6f5e79819a3c41,REFIT_103202,R3_ORIGINAL,H_POLICY,1,25,1,False,0,COMPLETE,R7_PREREGISTERED_STRESS_TEST_FRESH_CASES,False
reacher,R7_reacher_020a0a776f6f5e79819a3c41,REFIT_103202,R3_ORIGINAL,H_REAL3_REPLAN,1,25,1,False,0,COMPLETE,R7_PREREGISTERED_STRESS_TEST_FRESH_CASES,True
reacher,R7_reacher_020a0a776f6f5e79819a3c41,REFIT_103203,R3_ORIGINAL,H_POLICY,1,25,1,False,0,COMPLETE,R7_PREREGISTERED_STRESS_TEST_FRESH_CASES,False
reacher,R7_reacher_020a0a776f6f5e79819a3c41,REFIT_103203,R3_ORIGINAL,H_REAL3_REPLAN,1,25,1,False,0,COMPLETE,R7_PREREGISTERED_STRESS_TEST_FRESH_CASES,True
reacher,R7_reacher_021f9cd8e41133fd462e3638,H0,R3_ORIGINAL,H_POLICY,1,39,2,True,0,COMPLETE,R7_PREREGISTERED_STRESS_TEST_FRESH_CASES,False
reacher,R7_reacher_021f9cd8e41133fd462e3638,H0,R3_ORIGINAL,H_REAL3_REPLAN,1,38,2,True,0,COMPLETE,R7_PREREGISTERED_STRESS_TEST_FRESH_CASES,True
reacher,R7_reacher_021f9cd8e41133fd462e3638,REFIT_103201,R3_ORIGINAL,H_POLICY,1,30,2,True,0,COMPLETE,R7_PREREGISTERED_STRESS_TEST_FRESH_CASES,False
reacher,R7_reacher_021f9cd8e41133fd462e3638,REFIT_103201,R3_ORIGINAL,H_REAL3_REPLAN,1,28,2,True,0,COMPLETE,R7_PREREGISTERED_STRESS_TEST_FRESH_CASES,True
reacher,R7_reacher_021f9cd8e41133fd462e3638,REFIT_103202,R3_ORIGINAL,H_POLICY,1,30,2,True,0,COMPLETE,R7_PREREGISTERED_STRESS_TEST_FRESH_CASES,False
reacher,R7_reacher_021f9cd8e41133fd462e3638,REFIT_103202,R3_ORIGINAL,H_REAL3_REPLAN,1,45,2,True,0,COMPLETE,R7_PREREGISTERED_STRESS_TEST_FRESH_CASES,True
reacher,R7_reacher_021f9cd8e41133fd462e3638,REFIT_103203,R3_ORIGINAL,H_POLICY,1,27,2,True,0,COMPLETE,R7_PREREGISTERED_STRESS_TEST_FRESH_CASES,False
reacher,R7_reacher_021f9cd8e41133fd462e3638,REFIT_103203,R3_ORIGINAL,H_REAL3_REPLAN,1,28,2,True,0,COMPLETE,R7_PREREGISTERED_STRESS_TEST_FRESH_CASES,True
reacher,R7_reacher_021ff8567d6024f5963f0795,H0,R3_ORIGINAL,H_POLICY,1,19,1,False,0,COMPLETE,R7_PREREGISTERED_STRESS_TEST_FRESH_CASES,False
reacher,R7_reacher_021ff8567d6024f5963f0795,H0,R3_ORIGINAL,H_REAL3_REPLAN,1,19,1,False,0,COMPLETE,R7_PREREGISTERED_STRESS_TEST_FRESH_CASES,True
reacher,R7_reacher_021ff8567d6024f5963f0795,REFIT_103201,R3_ORIGINAL,H_POLICY,1,24,1,False,0,COMPLETE,R7_PREREGISTERED_STRESS_TEST_FRESH_CASES,False
reacher,R7_reacher_021ff8567d6024f5963f0795,REFIT_103201,R3_ORIGINAL,H_REAL3_REPLAN,1,24,1,False,0,COMPLETE,R7_PREREGISTERED_STRESS_TEST_FRESH_CASES,True
reacher,R7_reacher_021ff8567d6024f5963f0795,REFIT_103202,R3_ORIGINAL,H_POLICY,1,24,1,False,0,COMPLETE,R7_PREREGISTERED_STRESS_TEST_FRESH_CASES,False
reacher,R7_reacher_021ff8567d6024f5963f0795,REFIT_103202,R3_ORIGINAL,H_REAL3_REPLAN,1,24,1,False,0,COMPLETE,R7_PREREGISTERED_STRESS_TEST_FRESH_CASES,True
reacher,R7_reacher_021ff8567d6024f5963f0795,REFIT_103203,R3_ORIGINAL,H_POLICY,1,19,1,False,0,COMPLETE,R7_PREREGISTERED_STRESS_TEST_FRESH_CASES,False
reacher,R7_reacher_021ff8567d6024f5963f0795,REFIT_103203,R3_ORIGINAL,H_REAL3_REPLAN,1,19,1,False,0,COMPLETE,R7_PREREGISTERED_STRESS_TEST_FRESH_CASES,True
reacher,R7_reacher_023527d5586a631ddd2cbb0e,H0,R3_ORIGINAL,H_POLICY,1,24,1,False,0,COMPLETE,R7_PREREGISTERED_STRESS_TEST_FRESH_CASES,False
reacher,R7_reacher_023527d5586a631ddd2cbb0e,H0,R3_ORIGINAL,H_REAL3_REPLAN,1,24,1,False,0,COMPLETE,R7_PREREGISTERED_STRESS_TEST_FRESH_CASES,True
reacher,R7_reacher_023527d5586a631ddd2cbb0e,REFIT_103201,R3_ORIGINAL,H_POLICY,1,25,1,False,0,COMPLETE,R7_PREREGISTERED_STRESS_TEST_FRESH_CASES,False
reacher,R7_reacher_023527d5586a631ddd2cbb0e,REFIT_103201,R3_ORIGINAL,H_REAL3_REPLAN,1,25,1,False,0,COMPLETE,R7_PREREGISTERED_STRESS_TEST_FRESH_CASES,True
reacher,R7_reacher_023527d5586a631ddd2cbb0e,REFIT_103202,R3_ORIGINAL,H_POLICY,1,25,1,False,0,COMPLETE,R7_PREREGISTERED_STRESS_TEST_FRESH_CASES,False
reacher,R7_reacher_023527d5586a631ddd2cbb0e,REFIT_103202,R3_ORIGINAL,H_REAL3_REPLAN,1,25,1,False,0,COMPLETE,R7_PREREGISTERED_STRESS_TEST_FRESH_CASES,True
reacher,R7_reacher_023527d5586a631ddd2cbb0e,REFIT_103203,R3_ORIGINAL,H_POLICY,1,25,1,False,0,COMPLETE,R7_PREREGISTERED_STRESS_TEST_FRESH_CASES,False
reacher,R7_reacher_023527d5586a631ddd2cbb0e,REFIT_103203,R3_ORIGINAL,H_REAL3_REPLAN,1,25,1,False,0,COMPLETE,R7_PREREGISTERED_STRESS_TEST_FRESH_CASES,True
reacher,R7_reacher_023a7fd828db2fa2206ae22b,H0,R3_ORIGINAL,H_POLICY,1,25,1,False,0,COMPLETE,R7_PREREGISTERED_STRESS_TEST_FRESH_CASES,False
reacher,R7_reacher_023a7fd828db2fa2206ae22b,H0,R3_ORIGINAL,H_REAL3_REPLAN,1,25,1,False,0,COMPLETE,R7_PREREGISTERED_STRESS_TEST_FRESH_CASES,True
reacher,R7_reacher_023a7fd828db2fa2206ae22b,REFIT_103201,R3_ORIGINAL,H_POLICY,1,25,1,False,0,COMPLETE,R7_PREREGISTERED_STRESS_TEST_FRESH_CASES,False
reacher,R7_reacher_023a7fd828db2fa2206ae22b,REFIT_103201,R3_ORIGINAL,H_REAL3_REPLAN,1,25,1,False,0,COMPLETE,R7_PREREGISTERED_STRESS_TEST_FRESH_CASES,True
reacher,R7_reacher_023a7fd828db2fa2206ae22b,REFIT_103202,R3_ORIGINAL,H_POLICY,1,25,1,False,0,COMPLETE,R7_PREREGISTERED_STRESS_TEST_FRESH_CASES,False
reacher,R7_reacher_023a7fd828db2fa2206ae22b,REFIT_103202,R3_ORIGINAL,H_REAL3_REPLAN,1,25,1,False,0,COMPLETE,R7_PREREGISTERED_STRESS_TEST_FRESH_CASES,True
reacher,R7_reacher_023a7fd828db2fa2206ae22b,REFIT_103203,R3_ORIGINAL,H_POLICY,1,26,2,True,0,COMPLETE,R7_PREREGISTERED_STRESS_TEST_FRESH_CASES,False
reacher,R7_reacher_023a7fd828db2fa2206ae22b,REFIT_103203,R3_ORIGINAL,H_REAL3_REPLAN,1,26,2,True,0,COMPLETE,R7_PREREGISTERED_STRESS_TEST_FRESH_CASES,True
reacher,R7_reacher_024715fb0f5dd4f7563d0093,H0,R3_ORIGINAL,H_POLICY,1,62,3,True,0,COMPLETE,R7_PREREGISTERED_STRESS_TEST_FRESH_CASES,False
reacher,R7_reacher_024715fb0f5dd4f7563d0093,H0,R3_ORIGINAL,H_REAL3_REPLAN,1,49,2,True,0,COMPLETE,R7_PREREGISTERED_STRESS_TEST_FRESH_CASES,True
reacher,R7_reacher_024715fb0f5dd4f7563d0093,REFIT_103201,R3_ORIGINAL,H_POLICY,1,99,4,True,0,COMPLETE,R7_PREREGISTERED_STRESS_TEST_FRESH_CASES,False
reacher,R7_reacher_024715fb0f5dd4f7563d0093,REFIT_103201,R3_ORIGINAL,H_REAL3_REPLAN,1,49,2,True,0,COMPLETE,R7_PREREGISTERED_STRESS_TEST_FRESH_CASES,True
reacher,R7_reacher_024715fb0f5dd4f7563d0093,REFIT_103202,R3_ORIGINAL,H_POLICY,1,90,4,True,0,COMPLETE,R7_PREREGISTERED_STRESS_TEST_FRESH_CASES,False
reacher,R7_reacher_024715fb0f5dd4f7563d0093,REFIT_103202,R3_ORIGINAL,H_REAL3_REPLAN,1,49,2,True,0,COMPLETE,R7_PREREGISTERED_STRESS_TEST_FRESH_CASES,True
reacher,R7_reacher_024715fb0f5dd4f7563d0093,REFIT_103203,R3_ORIGINAL,H_POLICY,0,100,4,True,0,COMPLETE,R7_PREREGISTERED_STRESS_TEST_FRESH_CASES,False
reacher,R7_reacher_024715fb0f5dd4f7563d0093,REFIT_103203,R3_ORIGINAL,H_REAL3_REPLAN,1,48,2,True,0,COMPLETE,R7_PREREGISTERED_STRESS_TEST_FRESH_CASES,True
reacher,R7_reacher_0251414687209abdec0af3ac,H0,R3_ORIGINAL,H_POLICY,1,50,2,True,0,COMPLETE,R7_PREREGISTERED_STRESS_TEST_FRESH_CASES,False
reacher,R7_reacher_0251414687209abdec0af3ac,H0,R3_ORIGINAL,H_REAL3_REPLAN,1,66,3,True,0,COMPLETE,R7_PREREGISTERED_STRESS_TEST_FRESH_CASES,True
reacher,R7_reacher_0251414687209abdec0af3ac,REFIT_103201,R3_ORIGINAL,H_POLICY,1,70,3,True,0,COMPLETE,R7_PREREGISTERED_STRESS_TEST_FRESH_CASES,False
reacher,R7_reacher_0251414687209abdec0af3ac,REFIT_103201,R3_ORIGINAL,H_REAL3_REPLAN,1,49,2,True,0,COMPLETE,R7_PREREGISTERED_STRESS_TEST_FRESH_CASES,True
reacher,R7_reacher_0251414687209abdec0af3ac,REFIT_103202,R3_ORIGINAL,H_POLICY,1,49,2,True,0,COMPLETE,R7_PREREGISTERED_STRESS_TEST_FRESH_CASES,False
reacher,R7_reacher_0251414687209abdec0af3ac,REFIT_103202,R3_ORIGINAL,H_REAL3_REPLAN,1,51,3,True,0,COMPLETE,R7_PREREGISTERED_STRESS_TEST_FRESH_CASES,True
reacher,R7_reacher_0251414687209abdec0af3ac,REFIT_103203,R3_ORIGINAL,H_POLICY,1,51,3,True,0,COMPLETE,R7_PREREGISTERED_STRESS_TEST_FRESH_CASES,False
reacher,R7_reacher_0251414687209abdec0af3ac,REFIT_103203,R3_ORIGINAL,H_REAL3_REPLAN,1,74,3,True,0,COMPLETE,R7_PREREGISTERED_STRESS_TEST_FRESH_CASES,True
reacher,R7_reacher_025955892be565d2fcb8a634,H0,R3_ORIGINAL,H_POLICY,1,20,1,False,0,COMPLETE,R7_PREREGISTERED_STRESS_TEST_FRESH_CASES,False
reacher,R7_reacher_025955892be565d2fcb8a634,H0,R3_ORIGINAL,H_REAL3_REPLAN,1,20,1,False,0,COMPLETE,R7_PREREGISTERED_STRESS_TEST_FRESH_CASES,True
reacher,R7_reacher_025955892be565d2fcb8a634,REFIT_103201,R3_ORIGINAL,H_POLICY,1,23,1,False,0,COMPLETE,R7_PREREGISTERED_STRESS_TEST_FRESH_CASES,False
reacher,R7_reacher_025955892be565d2fcb8a634,REFIT_103201,R3_ORIGINAL,H_REAL3_REPLAN,1,23,1,False,0,COMPLETE,R7_PREREGISTERED_STRESS_TEST_FRESH_CASES,True
reacher,R7_reacher_025955892be565d2fcb8a634,REFIT_103202,R3_ORIGINAL,H_POLICY,1,22,1,False,0,COMPLETE,R7_PREREGISTERED_STRESS_TEST_FRESH_CASES,False
reacher,R7_reacher_025955892be565d2fcb8a634,REFIT_103202,R3_ORIGINAL,H_REAL3_REPLAN,1,22,1,False,0,COMPLETE,R7_PREREGISTERED_STRESS_TEST_FRESH_CASES,True
reacher,R7_reacher_025955892be565d2fcb8a634,REFIT_103203,R3_ORIGINAL,H_POLICY,1,24,1,False,0,COMPLETE,R7_PREREGISTERED_STRESS_TEST_FRESH_CASES,False
reacher,R7_reacher_025955892be565d2fcb8a634,REFIT_103203,R3_ORIGINAL,H_REAL3_REPLAN,1,24,1,False,0,COMPLETE,R7_PREREGISTERED_STRESS_TEST_FRESH_CASES,True
reacher,R7_reacher_02c60c13cfde97ec24dd9ef2,H0,R3_ORIGINAL,H_POLICY,1,46,2,True,0,COMPLETE,R7_PREREGISTERED_STRESS_TEST_FRESH_CASES,False
reacher,R7_reacher_02c60c13cfde97ec24dd9ef2,H0,R3_ORIGINAL,H_REAL3_REPLAN,1,45,2,True,0,COMPLETE,R7_PREREGISTERED_STRESS_TEST_FRESH_CASES,True
reacher,R7_reacher_02c60c13cfde97ec24dd9ef2,REFIT_103201,R3_ORIGINAL,H_POLICY,1,25,1,False,0,COMPLETE,R7_PREREGISTERED_STRESS_TEST_FRESH_CASES,False
reacher,R7_reacher_02c60c13cfde97ec24dd9ef2,REFIT_103201,R3_ORIGINAL,H_REAL3_REPLAN,1,25,1,False,0,COMPLETE,R7_PREREGISTERED_STRESS_TEST_FRESH_CASES,True
reacher,R7_reacher_02c60c13cfde97ec24dd9ef2,REFIT_103202,R3_ORIGINAL,H_POLICY,1,48,2,True,0,COMPLETE,R7_PREREGISTERED_STRESS_TEST_FRESH_CASES,False
reacher,R7_reacher_02c60c13cfde97ec24dd9ef2,REFIT_103202,R3_ORIGINAL,H_REAL3_REPLAN,1,47,2,True,0,COMPLETE,R7_PREREGISTERED_STRESS_TEST_FRESH_CASES,True
reacher,R7_reacher_02c60c13cfde97ec24dd9ef2,REFIT_103203,R3_ORIGINAL,H_POLICY,1,46,2,True,0,COMPLETE,R7_PREREGISTERED_STRESS_TEST_FRESH_CASES,False
reacher,R7_reacher_02c60c13cfde97ec24dd9ef2,REFIT_103203,R3_ORIGINAL,H_REAL3_REPLAN,1,28,2,True,0,COMPLETE,R7_PREREGISTERED_STRESS_TEST_FRESH_CASES,True
reacher,R7_reacher_02c7239ee67434d110ec03a2,H0,R3_ORIGINAL,H_POLICY,1,25,1,False,0,COMPLETE,R7_PREREGISTERED_STRESS_TEST_FRESH_CASES,False
reacher,R7_reacher_02c7239ee67434d110ec03a2,H0,R3_ORIGINAL,H_REAL3_REPLAN,1,25,1,False,0,COMPLETE,R7_PREREGISTERED_STRESS_TEST_FRESH_CASES,True
reacher,R7_reacher_02c7239ee67434d110ec03a2,REFIT_103201,R3_ORIGINAL,H_POLICY,1,43,2,True,0,COMPLETE,R7_PREREGISTERED_STRESS_TEST_FRESH_CASES,False
reacher,R7_reacher_02c7239ee67434d110ec03a2,REFIT_103201,R3_ORIGINAL,H_REAL3_REPLAN,1,49,2,True,0,COMPLETE,R7_PREREGISTERED_STRESS_TEST_FRESH_CASES,True
reacher,R7_reacher_02c7239ee67434d110ec03a2,REFIT_103202,R3_ORIGINAL,H_POLICY,1,100,4,True,0,COMPLETE,R7_PREREGISTERED_STRESS_TEST_FRESH_CASES,False
reacher,R7_reacher_02c7239ee67434d110ec03a2,REFIT_103202,R3_ORIGINAL,H_REAL3_REPLAN,1,45,2,True,0,COMPLETE,R7_PREREGISTERED_STRESS_TEST_FRESH_CASES,True
reacher,R7_reacher_02c7239ee67434d110ec03a2,REFIT_103203,R3_ORIGINAL,H_POLICY,1,53,3,True,0,COMPLETE,R7_PREREGISTERED_STRESS_TEST_FRESH_CASES,False
reacher,R7_reacher_02c7239ee67434d110ec03a2,REFIT_103203,R3_ORIGINAL,H_REAL3_REPLAN,1,37,2,True,0,COMPLETE,R7_PREREGISTERED_STRESS_TEST_FRESH_CASES,True
reacher,R7_reacher_02e9be49d4a6a295101ee83c,H0,R3_ORIGINAL,H_POLICY,1,46,2,True,0,COMPLETE,R7_PREREGISTERED_STRESS_TEST_FRESH_CASES,False
reacher,R7_reacher_02e9be49d4a6a295101ee83c,H0,R3_ORIGINAL,H_REAL3_REPLAN,1,67,3,True,0,COMPLETE,R7_PREREGISTERED_STRESS_TEST_FRESH_CASES,True
reacher,R7_reacher_02e9be49d4a6a295101ee83c,REFIT_103201,R3_ORIGINAL,H_POLICY,1,43,2,True,0,COMPLETE,R7_PREREGISTERED_STRESS_TEST_FRESH_CASES,False
reacher,R7_reacher_02e9be49d4a6a295101ee83c,REFIT_103201,R3_ORIGINAL,H_REAL3_REPLAN,1,50,2,True,0,COMPLETE,R7_PREREGISTERED_STRESS_TEST_FRESH_CASES,True
reacher,R7_reacher_02e9be49d4a6a295101ee83c,REFIT_103202,R3_ORIGINAL,H_POLICY,1,53,3,True,0,COMPLETE,R7_PREREGISTERED_STRESS_TEST_FRESH_CASES,False
reacher,R7_reacher_02e9be49d4a6a295101ee83c,REFIT_103202,R3_ORIGINAL,H_REAL3_REPLAN,1,48,2,True,0,COMPLETE,R7_PREREGISTERED_STRESS_TEST_FRESH_CASES,True
reacher,R7_reacher_02e9be49d4a6a295101ee83c,REFIT_103203,R3_ORIGINAL,H_POLICY,1,47,2,True,0,COMPLETE,R7_PREREGISTERED_STRESS_TEST_FRESH_CASES,False
reacher,R7_reacher_02e9be49d4a6a295101ee83c,REFIT_103203,R3_ORIGINAL,H_REAL3_REPLAN,1,48,2,True,0,COMPLETE,R7_PREREGISTERED_STRESS_TEST_FRESH_CASES,True
reacher,R7_reacher_031195204e84c4c07afa09d5,H0,R3_ORIGINAL,H_POLICY,1,66,3,True,0,COMPLETE,R7_PREREGISTERED_STRESS_TEST_FRESH_CASES,False
reacher,R7_reacher_031195204e84c4c07afa09d5,H0,R3_ORIGINAL,H_REAL3_REPLAN,1,49,2,True,0,COMPLETE,R7_PREREGISTERED_STRESS_TEST_FRESH_CASES,True
reacher,R7_reacher_031195204e84c4c07afa09d5,REFIT_103201,R3_ORIGINAL,H_POLICY,0,100,4,True,0,COMPLETE,R7_PREREGISTERED_STRESS_TEST_FRESH_CASES,False
reacher,R7_reacher_031195204e84c4c07afa09d5,REFIT_103201,R3_ORIGINAL,H_REAL3_REPLAN,0,100,4,True,0,COMPLETE,R7_PREREGISTERED_STRESS_TEST_FRESH_CASES,True
reacher,R7_reacher_031195204e84c4c07afa09d5,REFIT_103202,R3_ORIGINAL,H_POLICY,1,45,2,True,0,COMPLETE,R7_PREREGISTERED_STRESS_TEST_FRESH_CASES,False
reacher,R7_reacher_031195204e84c4c07afa09d5,REFIT_103202,R3_ORIGINAL,H_REAL3_REPLAN,1,49,2,True,0,COMPLETE,R7_PREREGISTERED_STRESS_TEST_FRESH_CASES,True
reacher,R7_reacher_031195204e84c4c07afa09d5,REFIT_103203,R3_ORIGINAL,H_POLICY,1,49,2,True,0,COMPLETE,R7_PREREGISTERED_STRESS_TEST_FRESH_CASES,False
reacher,R7_reacher_031195204e84c4c07afa09d5,REFIT_103203,R3_ORIGINAL,H_REAL3_REPLAN,1,47,2,True,0,COMPLETE,R7_PREREGISTERED_STRESS_TEST_FRESH_CASES,True
reacher,R7_reacher_03255417e1d4513d1108fd3a,H0,R3_ORIGINAL,H_POLICY,1,50,2,True,0,COMPLETE,R7_PREREGISTERED_STRESS_TEST_FRESH_CASES,False
reacher,R7_reacher_03255417e1d4513d1108fd3a,H0,R3_ORIGINAL,H_REAL3_REPLAN,1,43,2,True,0,COMPLETE,R7_PREREGISTERED_STRESS_TEST_FRESH_CASES,True
reacher,R7_reacher_03255417e1d4513d1108fd3a,REFIT_103201,R3_ORIGINAL,H_POLICY,1,38,2,True,0,COMPLETE,R7_PREREGISTERED_STRESS_TEST_FRESH_CASES,False
reacher,R7_reacher_03255417e1d4513d1108fd3a,REFIT_103201,R3_ORIGINAL,H_REAL3_REPLAN,1,50,2,True,0,COMPLETE,R7_PREREGISTERED_STRESS_TEST_FRESH_CASES,True
reacher,R7_reacher_03255417e1d4513d1108fd3a,REFIT_103202,R3_ORIGINAL,H_POLICY,1,40,2,True,0,COMPLETE,R7_PREREGISTERED_STRESS_TEST_FRESH_CASES,False
reacher,R7_reacher_03255417e1d4513d1108fd3a,REFIT_103202,R3_ORIGINAL,H_REAL3_REPLAN,1,31,2,True,0,COMPLETE,R7_PREREGISTERED_STRESS_TEST_FRESH_CASES,True
reacher,R7_reacher_03255417e1d4513d1108fd3a,REFIT_103203,R3_ORIGINAL,H_POLICY,1,37,2,True,0,COMPLETE,R7_PREREGISTERED_STRESS_TEST_FRESH_CASES,False
reacher,R7_reacher_03255417e1d4513d1108fd3a,REFIT_103203,R3_ORIGINAL,H_REAL3_REPLAN,1,30,2,True,0,COMPLETE,R7_PREREGISTERED_STRESS_TEST_FRESH_CASES,True
reacher,R7_reacher_033e36ba48b99505a70a2733,H0,R3_ORIGINAL,H_POLICY,1,76,4,True,0,COMPLETE,R7_PREREGISTERED_STRESS_TEST_FRESH_CASES,False
reacher,R7_reacher_033e36ba48b99505a70a2733,H0,R3_ORIGINAL,H_REAL3_REPLAN,1,49,2,True,0,COMPLETE,R7_PREREGISTERED_STRESS_TEST_FRESH_CASES,True
reacher,R7_reacher_033e36ba48b99505a70a2733,REFIT_103201,R3_ORIGINAL,H_POLICY,1,76,4,True,0,COMPLETE,R7_PREREGISTERED_STRESS_TEST_FRESH_CASES,False
reacher,R7_reacher_033e36ba48b99505a70a2733,REFIT_103201,R3_ORIGINAL,H_REAL3_REPLAN,1,49,2,True,0,COMPLETE,R7_PREREGISTERED_STRESS_TEST_FRESH_CASES,True
reacher,R7_reacher_033e36ba48b99505a70a2733,REFIT_103202,R3_ORIGINAL,H_POLICY,1,74,3,True,0,COMPLETE,R7_PREREGISTERED_STRESS_TEST_FRESH_CASES,False
reacher,R7_reacher_033e36ba48b99505a70a2733,REFIT_103202,R3_ORIGINAL,H_REAL3_REPLAN,1,73,3,True,0,COMPLETE,R7_PREREGISTERED_STRESS_TEST_FRESH_CASES,True
reacher,R7_reacher_033e36ba48b99505a70a2733,REFIT_103203,R3_ORIGINAL,H_POLICY,1,15,1,False,0,COMPLETE,R7_PREREGISTERED_STRESS_TEST_FRESH_CASES,False
reacher,R7_reacher_033e36ba48b99505a70a2733,REFIT_103203,R3_ORIGINAL,H_REAL3_REPLAN,1,15,1,False,0,COMPLETE,R7_PREREGISTERED_STRESS_TEST_FRESH_CASES,True
reacher,R7_reacher_036589b3e0d4de80d1515bc8,H0,R3_ORIGINAL,H_POLICY,1,25,1,False,0,COMPLETE,R7_PREREGISTERED_STRESS_TEST_FRESH_CASES,False
reacher,R7_reacher_036589b3e0d4de80d1515bc8,H0,R3_ORIGINAL,H_REAL3_REPLAN,1,25,1,False,0,COMPLETE,R7_PREREGISTERED_STRESS_TEST_FRESH_CASES,True
reacher,R7_reacher_036589b3e0d4de80d1515bc8,REFIT_103201,R3_ORIGINAL,H_POLICY,1,50,2,True,0,COMPLETE,R7_PREREGISTERED_STRESS_TEST_FRESH_CASES,False
reacher,R7_reacher_036589b3e0d4de80d1515bc8,REFIT_103201,R3_ORIGINAL,H_REAL3_REPLAN,1,37,2,True,0,COMPLETE,R7_PREREGISTERED_STRESS_TEST_FRESH_CASES,True
reacher,R7_reacher_036589b3e0d4de80d1515bc8,REFIT_103202,R3_ORIGINAL,H_POLICY,1,25,1,False,0,COMPLETE,R7_PREREGISTERED_STRESS_TEST_FRESH_CASES,False
reacher,R7_reacher_036589b3e0d4de80d1515bc8,REFIT_103202,R3_ORIGINAL,H_REAL3_REPLAN,1,25,1,False,0,COMPLETE,R7_PREREGISTERED_STRESS_TEST_FRESH_CASES,True
reacher,R7_reacher_036589b3e0d4de80d1515bc8,REFIT_103203,R3_ORIGINAL,H_POLICY,1,54,3,True,0,COMPLETE,R7_PREREGISTERED_STRESS_TEST_FRESH_CASES,False
reacher,R7_reacher_036589b3e0d4de80d1515bc8,REFIT_103203,R3_ORIGINAL,H_REAL3_REPLAN,1,51,3,True,0,COMPLETE,R7_PREREGISTERED_STRESS_TEST_FRESH_CASES,True
reacher,R7_reacher_037522941d964ab6ed37de34,H0,R3_ORIGINAL,H_POLICY,1,26,2,True,0,COMPLETE,R7_PREREGISTERED_STRESS_TEST_FRESH_CASES,False
reacher,R7_reacher_037522941d964ab6ed37de34,H0,R3_ORIGINAL,H_REAL3_REPLAN,1,49,2,True,0,COMPLETE,R7_PREREGISTERED_STRESS_TEST_FRESH_CASES,True
reacher,R7_reacher_037522941d964ab6ed37de34,REFIT_103201,R3_ORIGINAL,H_POLICY,1,25,1,False,0,COMPLETE,R7_PREREGISTERED_STRESS_TEST_FRESH_CASES,False
reacher,R7_reacher_037522941d964ab6ed37de34,REFIT_103201,R3_ORIGINAL,H_REAL3_REPLAN,1,25,1,False,0,COMPLETE,R7_PREREGISTERED_STRESS_TEST_FRESH_CASES,True
reacher,R7_reacher_037522941d964ab6ed37de34,REFIT_103202,R3_ORIGINAL,H_POLICY,1,25,1,False,0,COMPLETE,R7_PREREGISTERED_STRESS_TEST_FRESH_CASES,False
reacher,R7_reacher_037522941d964ab6ed37de34,REFIT_103202,R3_ORIGINAL,H_REAL3_REPLAN,1,25,1,False,0,COMPLETE,R7_PREREGISTERED_STRESS_TEST_FRESH_CASES,True
reacher,R7_reacher_037522941d964ab6ed37de34,REFIT_103203,R3_ORIGINAL,H_POLICY,1,25,1,False,0,COMPLETE,R7_PREREGISTERED_STRESS_TEST_FRESH_CASES,False
reacher,R7_reacher_037522941d964ab6ed37de34,REFIT_103203,R3_ORIGINAL,H_REAL3_REPLAN,1,25,1,False,0,COMPLETE,R7_PREREGISTERED_STRESS_TEST_FRESH_CASES,True
reacher,R7_reacher_0390b2a392a7b00a1f4afea6,H0,R3_ORIGINAL,H_POLICY,1,24,1,False,0,COMPLETE,R7_PREREGISTERED_STRESS_TEST_FRESH_CASES,False
reacher,R7_reacher_0390b2a392a7b00a1f4afea6,H0,R3_ORIGINAL,H_REAL3_REPLAN,1,24,1,False,0,COMPLETE,R7_PREREGISTERED_STRESS_TEST_FRESH_CASES,True
reacher,R7_reacher_0390b2a392a7b00a1f4afea6,REFIT_103201,R3_ORIGINAL,H_POLICY,1,24,1,False,0,COMPLETE,R7_PREREGISTERED_STRESS_TEST_FRESH_CASES,False
reacher,R7_reacher_0390b2a392a7b00a1f4afea6,REFIT_103201,R3_ORIGINAL,H_REAL3_REPLAN,1,24,1,False,0,COMPLETE,R7_PREREGISTERED_STRESS_TEST_FRESH_CASES,True
reacher,R7_reacher_0390b2a392a7b00a1f4afea6,REFIT_103202,R3_ORIGINAL,H_POLICY,1,23,1,False,0,COMPLETE,R7_PREREGISTERED_STRESS_TEST_FRESH_CASES,False
reacher,R7_reacher_0390b2a392a7b00a1f4afea6,REFIT_103202,R3_ORIGINAL,H_REAL3_REPLAN,1,23,1,False,0,COMPLETE,R7_PREREGISTERED_STRESS_TEST_FRESH_CASES,True
reacher,R7_reacher_0390b2a392a7b00a1f4afea6,REFIT_103203,R3_ORIGINAL,H_POLICY,1,23,1,False,0,COMPLETE,R7_PREREGISTERED_STRESS_TEST_FRESH_CASES,False
reacher,R7_reacher_0390b2a392a7b00a1f4afea6,REFIT_103203,R3_ORIGINAL,H_REAL3_REPLAN,1,23,1,False,0,COMPLETE,R7_PREREGISTERED_STRESS_TEST_FRESH_CASES,True
reacher,R7_reacher_03a9ed0809bf62bd07c16d19,H0,R3_ORIGINAL,H_POLICY,1,49,2,True,0,COMPLETE,R7_PREREGISTERED_STRESS_TEST_FRESH_CASES,False
reacher,R7_reacher_03a9ed0809bf62bd07c16d19,H0,R3_ORIGINAL,H_REAL3_REPLAN,1,49,2,True,0,COMPLETE,R7_PREREGISTERED_STRESS_TEST_FRESH_CASES,True
reacher,R7_reacher_03a9ed0809bf62bd07c16d19,REFIT_103201,R3_ORIGINAL,H_POLICY,1,26,2,True,0,COMPLETE,R7_PREREGISTERED_STRESS_TEST_FRESH_CASES,False
reacher,R7_reacher_03a9ed0809bf62bd07c16d19,REFIT_103201,R3_ORIGINAL,H_REAL3_REPLAN,1,26,2,True,0,COMPLETE,R7_PREREGISTERED_STRESS_TEST_FRESH_CASES,True
reacher,R7_reacher_03a9ed0809bf62bd07c16d19,REFIT_103202,R3_ORIGINAL,H_POLICY,1,25,1,False,0,COMPLETE,R7_PREREGISTERED_STRESS_TEST_FRESH_CASES,False
reacher,R7_reacher_03a9ed0809bf62bd07c16d19,REFIT_103202,R3_ORIGINAL,H_REAL3_REPLAN,1,25,1,False,0,COMPLETE,R7_PREREGISTERED_STRESS_TEST_FRESH_CASES,True
reacher,R7_reacher_03a9ed0809bf62bd07c16d19,REFIT_103203,R3_ORIGINAL,H_POLICY,1,26,2,True,0,COMPLETE,R7_PREREGISTERED_STRESS_TEST_FRESH_CASES,False
reacher,R7_reacher_03a9ed0809bf62bd07c16d19,REFIT_103203,R3_ORIGINAL,H_REAL3_REPLAN,1,26,2,True,0,COMPLETE,R7_PREREGISTERED_STRESS_TEST_FRESH_CASES,True
reacher,R7_reacher_03b4bef1b58913d750063fce,H0,R3_ORIGINAL,H_POLICY,1,24,1,False,0,COMPLETE,R7_PREREGISTERED_STRESS_TEST_FRESH_CASES,False
reacher,R7_reacher_03b4bef1b58913d750063fce,H0,R3_ORIGINAL,H_REAL3_REPLAN,1,24,1,False,0,COMPLETE,R7_PREREGISTERED_STRESS_TEST_FRESH_CASES,True
reacher,R7_reacher_03b4bef1b58913d750063fce,REFIT_103201,R3_ORIGINAL,H_POLICY,1,24,1,False,0,COMPLETE,R7_PREREGISTERED_STRESS_TEST_FRESH_CASES,False
reacher,R7_reacher_03b4bef1b58913d750063fce,REFIT_103201,R3_ORIGINAL,H_REAL3_REPLAN,1,24,1,False,0,COMPLETE,R7_PREREGISTERED_STRESS_TEST_FRESH_CASES,True
reacher,R7_reacher_03b4bef1b58913d750063fce,REFIT_103202,R3_ORIGINAL,H_POLICY,1,42,2,True,0,COMPLETE,R7_PREREGISTERED_STRESS_TEST_FRESH_CASES,False
reacher,R7_reacher_03b4bef1b58913d750063fce,REFIT_103202,R3_ORIGINAL,H_REAL3_REPLAN,1,46,2,True,0,COMPLETE,R7_PREREGISTERED_STRESS_TEST_FRESH_CASES,True
reacher,R7_reacher_03b4bef1b58913d750063fce,REFIT_103203,R3_ORIGINAL,H_POLICY,1,23,1,False,0,COMPLETE,R7_PREREGISTERED_STRESS_TEST_FRESH_CASES,False
reacher,R7_reacher_03b4bef1b58913d750063fce,REFIT_103203,R3_ORIGINAL,H_REAL3_REPLAN,1,23,1,False,0,COMPLETE,R7_PREREGISTERED_STRESS_TEST_FRESH_CASES,True
reacher,R7_reacher_03ecda3a05e76a4f563cf671,H0,R3_ORIGINAL,H_POLICY,1,24,1,False,0,COMPLETE,R7_PREREGISTERED_STRESS_TEST_FRESH_CASES,False
reacher,R7_reacher_03ecda3a05e76a4f563cf671,H0,R3_ORIGINAL,H_REAL3_REPLAN,1,24,1,False,0,COMPLETE,R7_PREREGISTERED_STRESS_TEST_FRESH_CASES,True
reacher,R7_reacher_03ecda3a05e76a4f563cf671,REFIT_103201,R3_ORIGINAL,H_POLICY,1,25,1,False,0,COMPLETE,R7_PREREGISTERED_STRESS_TEST_FRESH_CASES,False
reacher,R7_reacher_03ecda3a05e76a4f563cf671,REFIT_103201,R3_ORIGINAL,H_REAL3_REPLAN,1,25,1,False,0,COMPLETE,R7_PREREGISTERED_STRESS_TEST_FRESH_CASES,True
reacher,R7_reacher_03ecda3a05e76a4f563cf671,REFIT_103202,R3_ORIGINAL,H_POLICY,1,24,1,False,0,COMPLETE,R7_PREREGISTERED_STRESS_TEST_FRESH_CASES,False
reacher,R7_reacher_03ecda3a05e76a4f563cf671,REFIT_103202,R3_ORIGINAL,H_REAL3_REPLAN,1,24,1,False,0,COMPLETE,R7_PREREGISTERED_STRESS_TEST_FRESH_CASES,True
reacher,R7_reacher_03ecda3a05e76a4f563cf671,REFIT_103203,R3_ORIGINAL,H_POLICY,1,25,1,False,0,COMPLETE,R7_PREREGISTERED_STRESS_TEST_FRESH_CASES,False
reacher,R7_reacher_03ecda3a05e76a4f563cf671,REFIT_103203,R3_ORIGINAL,H_REAL3_REPLAN,1,25,1,False,0,COMPLETE,R7_PREREGISTERED_STRESS_TEST_FRESH_CASES,True
reacher,R7_reacher_040b25f9677d0e1ccdb0e4cc,H0,R3_ORIGINAL,H_POLICY,1,26,2,True,0,COMPLETE,R7_PREREGISTERED_STRESS_TEST_FRESH_CASES,False
reacher,R7_reacher_040b25f9677d0e1ccdb0e4cc,H0,R3_ORIGINAL,H_REAL3_REPLAN,1,26,2,True,0,COMPLETE,R7_PREREGISTERED_STRESS_TEST_FRESH_CASES,True
reacher,R7_reacher_040b25f9677d0e1ccdb0e4cc,REFIT_103201,R3_ORIGINAL,H_POLICY,1,27,2,True,0,COMPLETE,R7_PREREGISTERED_STRESS_TEST_FRESH_CASES,False
reacher,R7_reacher_040b25f9677d0e1ccdb0e4cc,REFIT_103201,R3_ORIGINAL,H_REAL3_REPLAN,1,40,2,True,0,COMPLETE,R7_PREREGISTERED_STRESS_TEST_FRESH_CASES,True
reacher,R7_reacher_040b25f9677d0e1ccdb0e4cc,REFIT_103202,R3_ORIGINAL,H_POLICY,1,26,2,True,0,COMPLETE,R7_PREREGISTERED_STRESS_TEST_FRESH_CASES,False
reacher,R7_reacher_040b25f9677d0e1ccdb0e4cc,REFIT_103202,R3_ORIGINAL,H_REAL3_REPLAN,1,26,2,True,0,COMPLETE,R7_PREREGISTERED_STRESS_TEST_FRESH_CASES,True
reacher,R7_reacher_040b25f9677d0e1ccdb0e4cc,REFIT_103203,R3_ORIGINAL,H_POLICY,1,41,2,True,0,COMPLETE,R7_PREREGISTERED_STRESS_TEST_FRESH_CASES,False
reacher,R7_reacher_040b25f9677d0e1ccdb0e4cc,REFIT_103203,R3_ORIGINAL,H_REAL3_REPLAN,1,49,2,True,0,COMPLETE,R7_PREREGISTERED_STRESS_TEST_FRESH_CASES,True
reacher,R7_reacher_0423a64d9591299c54983b67,H0,R3_ORIGINAL,H_POLICY,1,25,1,False,0,COMPLETE,R7_PREREGISTERED_STRESS_TEST_FRESH_CASES,False
reacher,R7_reacher_0423a64d9591299c54983b67,H0,R3_ORIGINAL,H_REAL3_REPLAN,1,25,1,False,0,COMPLETE,R7_PREREGISTERED_STRESS_TEST_FRESH_CASES,True
reacher,R7_reacher_0423a64d9591299c54983b67,REFIT_103201,R3_ORIGINAL,H_POLICY,1,53,3,True,0,COMPLETE,R7_PREREGISTERED_STRESS_TEST_FRESH_CASES,False
reacher,R7_reacher_0423a64d9591299c54983b67,REFIT_103201,R3_ORIGINAL,H_REAL3_REPLAN,1,50,2,True,0,COMPLETE,R7_PREREGISTERED_STRESS_TEST_FRESH_CASES,True
reacher,R7_reacher_0423a64d9591299c54983b67,REFIT_103202,R3_ORIGINAL,H_POLICY,1,52,3,True,0,COMPLETE,R7_PREREGISTERED_STRESS_TEST_FRESH_CASES,False
reacher,R7_reacher_0423a64d9591299c54983b67,REFIT_103202,R3_ORIGINAL,H_REAL3_REPLAN,1,35,2,True,0,COMPLETE,R7_PREREGISTERED_STRESS_TEST_FRESH_CASES,True
reacher,R7_reacher_0423a64d9591299c54983b67,REFIT_103203,R3_ORIGINAL,H_POLICY,1,25,1,False,0,COMPLETE,R7_PREREGISTERED_STRESS_TEST_FRESH_CASES,False
reacher,R7_reacher_0423a64d9591299c54983b67,REFIT_103203,R3_ORIGINAL,H_REAL3_REPLAN,1,25,1,False,0,COMPLETE,R7_PREREGISTERED_STRESS_TEST_FRESH_CASES,True
reacher,R7_reacher_0431130e729d007c61187420,H0,R3_ORIGINAL,H_POLICY,1,24,1,False,0,COMPLETE,R7_PREREGISTERED_STRESS_TEST_FRESH_CASES,False
reacher,R7_reacher_0431130e729d007c61187420,H0,R3_ORIGINAL,H_REAL3_REPLAN,1,24,1,False,0,COMPLETE,R7_PREREGISTERED_STRESS_TEST_FRESH_CASES,True
reacher,R7_reacher_0431130e729d007c61187420,REFIT_103201,R3_ORIGINAL,H_POLICY,1,25,1,False,0,COMPLETE,R7_PREREGISTERED_STRESS_TEST_FRESH_CASES,False
reacher,R7_reacher_0431130e729d007c61187420,REFIT_103201,R3_ORIGINAL,H_REAL3_REPLAN,1,25,1,False,0,COMPLETE,R7_PREREGISTERED_STRESS_TEST_FRESH_CASES,True
reacher,R7_reacher_0431130e729d007c61187420,REFIT_103202,R3_ORIGINAL,H_POLICY,1,21,1,False,0,COMPLETE,R7_PREREGISTERED_STRESS_TEST_FRESH_CASES,False
reacher,R7_reacher_0431130e729d007c61187420,REFIT_103202,R3_ORIGINAL,H_REAL3_REPLAN,1,21,1,False,0,COMPLETE,R7_PREREGISTERED_STRESS_TEST_FRESH_CASES,True
reacher,R7_reacher_0431130e729d007c61187420,REFIT_103203,R3_ORIGINAL,H_POLICY,1,24,1,False,0,COMPLETE,R7_PREREGISTERED_STRESS_TEST_FRESH_CASES,False
reacher,R7_reacher_0431130e729d007c61187420,REFIT_103203,R3_ORIGINAL,H_REAL3_REPLAN,1,24,1,False,0,COMPLETE,R7_PREREGISTERED_STRESS_TEST_FRESH_CASES,True
reacher,R7_reacher_043421bcb346e629cb2b6a82,H0,R3_ORIGINAL,H_POLICY,0,100,4,True,0,COMPLETE,R7_PREREGISTERED_STRESS_TEST_FRESH_CASES,False
reacher,R7_reacher_043421bcb346e629cb2b6a82,H0,R3_ORIGINAL,H_REAL3_REPLAN,1,40,2,True,0,COMPLETE,R7_PREREGISTERED_STRESS_TEST_FRESH_CASES,True
reacher,R7_reacher_043421bcb346e629cb2b6a82,REFIT_103201,R3_ORIGINAL,H_POLICY,1,75,3,True,0,COMPLETE,R7_PREREGISTERED_STRESS_TEST_FRESH_CASES,False
reacher,R7_reacher_043421bcb346e629cb2b6a82,REFIT_103201,R3_ORIGINAL,H_REAL3_REPLAN,1,50,2,True,0,COMPLETE,R7_PREREGISTERED_STRESS_TEST_FRESH_CASES,True
reacher,R7_reacher_043421bcb346e629cb2b6a82,REFIT_103202,R3_ORIGINAL,H_POLICY,1,73,3,True,0,COMPLETE,R7_PREREGISTERED_STRESS_TEST_FRESH_CASES,False
reacher,R7_reacher_043421bcb346e629cb2b6a82,REFIT_103202,R3_ORIGINAL,H_REAL3_REPLAN,1,45,2,True,0,COMPLETE,R7_PREREGISTERED_STRESS_TEST_FRESH_CASES,True
reacher,R7_reacher_043421bcb346e629cb2b6a82,REFIT_103203,R3_ORIGINAL,H_POLICY,1,90,4,True,0,COMPLETE,R7_PREREGISTERED_STRESS_TEST_FRESH_CASES,False
reacher,R7_reacher_043421bcb346e629cb2b6a82,REFIT_103203,R3_ORIGINAL,H_REAL3_REPLAN,1,50,2,True,0,COMPLETE,R7_PREREGISTERED_STRESS_TEST_FRESH_CASES,True
reacher,R7_reacher_0438f6bb2a68f4310ad18d5c,H0,R3_ORIGINAL,H_POLICY,1,49,2,True,0,COMPLETE,R7_PREREGISTERED_STRESS_TEST_FRESH_CASES,False
reacher,R7_reacher_0438f6bb2a68f4310ad18d5c,H0,R3_ORIGINAL,H_REAL3_REPLAN,1,49,2,True,0,COMPLETE,R7_PREREGISTERED_STRESS_TEST_FRESH_CASES,True
reacher,R7_reacher_0438f6bb2a68f4310ad18d5c,REFIT_103201,R3_ORIGINAL,H_POLICY,1,50,2,True,0,COMPLETE,R7_PREREGISTERED_STRESS_TEST_FRESH_CASES,False
reacher,R7_reacher_0438f6bb2a68f4310ad18d5c,REFIT_103201,R3_ORIGINAL,H_REAL3_REPLAN,1,50,2,True,0,COMPLETE,R7_PREREGISTERED_STRESS_TEST_FRESH_CASES,True
reacher,R7_reacher_0438f6bb2a68f4310ad18d5c,REFIT_103202,R3_ORIGINAL,H_POLICY,1,50,2,True,0,COMPLETE,R7_PREREGISTERED_STRESS_TEST_FRESH_CASES,False
reacher,R7_reacher_0438f6bb2a68f4310ad18d5c,REFIT_103202,R3_ORIGINAL,H_REAL3_REPLAN,1,50,2,True,0,COMPLETE,R7_PREREGISTERED_STRESS_TEST_FRESH_CASES,True
reacher,R7_reacher_0438f6bb2a68f4310ad18d5c,REFIT_103203,R3_ORIGINAL,H_POLICY,1,50,2,True,0,COMPLETE,R7_PREREGISTERED_STRESS_TEST_FRESH_CASES,False
reacher,R7_reacher_0438f6bb2a68f4310ad18d5c,REFIT_103203,R3_ORIGINAL,H_REAL3_REPLAN,1,50,2,True,0,COMPLETE,R7_PREREGISTERED_STRESS_TEST_FRESH_CASES,True
reacher,R7_reacher_0462c1af8cf9ea9e8ecef06e,H0,R3_ORIGINAL,H_POLICY,1,24,1,False,0,COMPLETE,R7_PREREGISTERED_STRESS_TEST_FRESH_CASES,False
reacher,R7_reacher_0462c1af8cf9ea9e8ecef06e,H0,R3_ORIGINAL,H_REAL3_REPLAN,1,24,1,False,0,COMPLETE,R7_PREREGISTERED_STRESS_TEST_FRESH_CASES,True
reacher,R7_reacher_0462c1af8cf9ea9e8ecef06e,REFIT_103201,R3_ORIGINAL,H_POLICY,1,41,2,True,0,COMPLETE,R7_PREREGISTERED_STRESS_TEST_FRESH_CASES,False
reacher,R7_reacher_0462c1af8cf9ea9e8ecef06e,REFIT_103201,R3_ORIGINAL,H_REAL3_REPLAN,1,46,2,True,0,COMPLETE,R7_PREREGISTERED_STRESS_TEST_FRESH_CASES,True
reacher,R7_reacher_0462c1af8cf9ea9e8ecef06e,REFIT_103202,R3_ORIGINAL,H_POLICY,1,78,4,True,0,COMPLETE,R7_PREREGISTERED_STRESS_TEST_FRESH_CASES,False
reacher,R7_reacher_0462c1af8cf9ea9e8ecef06e,REFIT_103202,R3_ORIGINAL,H_REAL3_REPLAN,1,42,2,True,0,COMPLETE,R7_PREREGISTERED_STRESS_TEST_FRESH_CASES,True
reacher,R7_reacher_0462c1af8cf9ea9e8ecef06e,REFIT_103203,R3_ORIGINAL,H_POLICY,1,20,1,False,0,COMPLETE,R7_PREREGISTERED_STRESS_TEST_FRESH_CASES,False
reacher,R7_reacher_0462c1af8cf9ea9e8ecef06e,REFIT_103203,R3_ORIGINAL,H_REAL3_REPLAN,1,20,1,False,0,COMPLETE,R7_PREREGISTERED_STRESS_TEST_FRESH_CASES,True
reacher,R7_reacher_04681629d10145a11ceeee7c,H0,R3_ORIGINAL,H_POLICY,1,25,1,False,0,COMPLETE,R7_PREREGISTERED_STRESS_TEST_FRESH_CASES,False
reacher,R7_reacher_04681629d10145a11ceeee7c,H0,R3_ORIGINAL,H_REAL3_REPLAN,1,25,1,False,0,COMPLETE,R7_PREREGISTERED_STRESS_TEST_FRESH_CASES,True
reacher,R7_reacher_04681629d10145a11ceeee7c,REFIT_103201,R3_ORIGINAL,H_POLICY,1,25,1,False,0,COMPLETE,R7_PREREGISTERED_STRESS_TEST_FRESH_CASES,False
reacher,R7_reacher_04681629d10145a11ceeee7c,REFIT_103201,R3_ORIGINAL,H_REAL3_REPLAN,1,25,1,False,0,COMPLETE,R7_PREREGISTERED_STRESS_TEST_FRESH_CASES,True
reacher,R7_reacher_04681629d10145a11ceeee7c,REFIT_103202,R3_ORIGINAL,H_POLICY,1,25,1,False,0,COMPLETE,R7_PREREGISTERED_STRESS_TEST_FRESH_CASES,False
reacher,R7_reacher_04681629d10145a11ceeee7c,REFIT_103202,R3_ORIGINAL,H_REAL3_REPLAN,1,25,1,False,0,COMPLETE,R7_PREREGISTERED_STRESS_TEST_FRESH_CASES,True
reacher,R7_reacher_04681629d10145a11ceeee7c,REFIT_103203,R3_ORIGINAL,H_POLICY,1,25,1,False,0,COMPLETE,R7_PREREGISTERED_STRESS_TEST_FRESH_CASES,False
reacher,R7_reacher_04681629d10145a11ceeee7c,REFIT_103203,R3_ORIGINAL,H_REAL3_REPLAN,1,25,1,False,0,COMPLETE,R7_PREREGISTERED_STRESS_TEST_FRESH_CASES,True
reacher,R7_reacher_046b890bfd78232068401303,H0,R3_ORIGINAL,H_POLICY,1,24,1,False,0,COMPLETE,R7_PREREGISTERED_STRESS_TEST_FRESH_CASES,False
reacher,R7_reacher_046b890bfd78232068401303,H0,R3_ORIGINAL,H_REAL3_REPLAN,1,24,1,False,0,COMPLETE,R7_PREREGISTERED_STRESS_TEST_FRESH_CASES,True
reacher,R7_reacher_046b890bfd78232068401303,REFIT_103201,R3_ORIGINAL,H_POLICY,1,25,1,False,0,COMPLETE,R7_PREREGISTERED_STRESS_TEST_FRESH_CASES,False
reacher,R7_reacher_046b890bfd78232068401303,REFIT_103201,R3_ORIGINAL,H_REAL3_REPLAN,1,25,1,False,0,COMPLETE,R7_PREREGISTERED_STRESS_TEST_FRESH_CASES,True
reacher,R7_reacher_046b890bfd78232068401303,REFIT_103202,R3_ORIGINAL,H_POLICY,1,24,1,False,0,COMPLETE,R7_PREREGISTERED_STRESS_TEST_FRESH_CASES,False
reacher,R7_reacher_046b890bfd78232068401303,REFIT_103202,R3_ORIGINAL,H_REAL3_REPLAN,1,24,1,False,0,COMPLETE,R7_PREREGISTERED_STRESS_TEST_FRESH_CASES,True
reacher,R7_reacher_046b890bfd78232068401303,REFIT_103203,R3_ORIGINAL,H_POLICY,1,25,1,False,0,COMPLETE,R7_PREREGISTERED_STRESS_TEST_FRESH_CASES,False
reacher,R7_reacher_046b890bfd78232068401303,REFIT_103203,R3_ORIGINAL,H_REAL3_REPLAN,1,25,1,False,0,COMPLETE,R7_PREREGISTERED_STRESS_TEST_FRESH_CASES,True
reacher,R7_reacher_04877d0344ffb1a50c07d287,H0,R3_ORIGINAL,H_POLICY,1,30,2,True,0,COMPLETE,R7_PREREGISTERED_STRESS_TEST_FRESH_CASES,False
reacher,R7_reacher_04877d0344ffb1a50c07d287,H0,R3_ORIGINAL,H_REAL3_REPLAN,1,49,2,True,0,COMPLETE,R7_PREREGISTERED_STRESS_TEST_FRESH_CASES,True
reacher,R7_reacher_04877d0344ffb1a50c07d287,REFIT_103201,R3_ORIGINAL,H_POLICY,1,27,2,True,0,COMPLETE,R7_PREREGISTERED_STRESS_TEST_FRESH_CASES,False
reacher,R7_reacher_04877d0344ffb1a50c07d287,REFIT_103201,R3_ORIGINAL,H_REAL3_REPLAN,1,26,2,True,0,COMPLETE,R7_PREREGISTERED_STRESS_TEST_FRESH_CASES,True
reacher,R7_reacher_04877d0344ffb1a50c07d287,REFIT_103202,R3_ORIGINAL,H_POLICY,1,28,2,True,0,COMPLETE,R7_PREREGISTERED_STRESS_TEST_FRESH_CASES,False
reacher,R7_reacher_04877d0344ffb1a50c07d287,REFIT_103202,R3_ORIGINAL,H_REAL3_REPLAN,1,37,2,True,0,COMPLETE,R7_PREREGISTERED_STRESS_TEST_FRESH_CASES,True
reacher,R7_reacher_04877d0344ffb1a50c07d287,REFIT_103203,R3_ORIGINAL,H_POLICY,1,26,2,True,0,COMPLETE,R7_PREREGISTERED_STRESS_TEST_FRESH_CASES,False
reacher,R7_reacher_04877d0344ffb1a50c07d287,REFIT_103203,R3_ORIGINAL,H_REAL3_REPLAN,1,27,2,True,0,COMPLETE,R7_PREREGISTERED_STRESS_TEST_FRESH_CASES,True
reacher,R7_reacher_049c7d5324e885cdbcd5e248,H0,R3_ORIGINAL,H_POLICY,1,99,4,True,0,COMPLETE,R7_PREREGISTERED_STRESS_TEST_FRESH_CASES,False
reacher,R7_reacher_049c7d5324e885cdbcd5e248,H0,R3_ORIGINAL,H_REAL3_REPLAN,1,27,2,True,0,COMPLETE,R7_PREREGISTERED_STRESS_TEST_FRESH_CASES,True
reacher,R7_reacher_049c7d5324e885cdbcd5e248,REFIT_103201,R3_ORIGINAL,H_POLICY,1,54,3,True,0,COMPLETE,R7_PREREGISTERED_STRESS_TEST_FRESH_CASES,False
reacher,R7_reacher_049c7d5324e885cdbcd5e248,REFIT_103201,R3_ORIGINAL,H_REAL3_REPLAN,1,27,2,True,0,COMPLETE,R7_PREREGISTERED_STRESS_TEST_FRESH_CASES,True
reacher,R7_reacher_049c7d5324e885cdbcd5e248,REFIT_103202,R3_ORIGINAL,H_POLICY,1,26,2,True,0,COMPLETE,R7_PREREGISTERED_STRESS_TEST_FRESH_CASES,False
reacher,R7_reacher_049c7d5324e885cdbcd5e248,REFIT_103202,R3_ORIGINAL,H_REAL3_REPLAN,1,26,2,True,0,COMPLETE,R7_PREREGISTERED_STRESS_TEST_FRESH_CASES,True
reacher,R7_reacher_049c7d5324e885cdbcd5e248,REFIT_103203,R3_ORIGINAL,H_POLICY,1,26,2,True,0,COMPLETE,R7_PREREGISTERED_STRESS_TEST_FRESH_CASES,False
reacher,R7_reacher_049c7d5324e885cdbcd5e248,REFIT_103203,R3_ORIGINAL,H_REAL3_REPLAN,1,26,2,True,0,COMPLETE,R7_PREREGISTERED_STRESS_TEST_FRESH_CASES,True
reacher,R7_reacher_04e9a63134673481d7c3f891,H0,R3_ORIGINAL,H_POLICY,1,26,2,True,0,COMPLETE,R7_PREREGISTERED_STRESS_TEST_FRESH_CASES,False
reacher,R7_reacher_04e9a63134673481d7c3f891,H0,R3_ORIGINAL,H_REAL3_REPLAN,1,26,2,True,0,COMPLETE,R7_PREREGISTERED_STRESS_TEST_FRESH_CASES,True
reacher,R7_reacher_04e9a63134673481d7c3f891,REFIT_103201,R3_ORIGINAL,H_POLICY,1,50,2,True,0,COMPLETE,R7_PREREGISTERED_STRESS_TEST_FRESH_CASES,False
reacher,R7_reacher_04e9a63134673481d7c3f891,REFIT_103201,R3_ORIGINAL,H_REAL3_REPLAN,1,50,2,True,0,COMPLETE,R7_PREREGISTERED_STRESS_TEST_FRESH_CASES,True
reacher,R7_reacher_04e9a63134673481d7c3f891,REFIT_103202,R3_ORIGINAL,H_POLICY,1,50,2,True,0,COMPLETE,R7_PREREGISTERED_STRESS_TEST_FRESH_CASES,False
reacher,R7_reacher_04e9a63134673481d7c3f891,REFIT_103202,R3_ORIGINAL,H_REAL3_REPLAN,1,50,2,True,0,COMPLETE,R7_PREREGISTERED_STRESS_TEST_FRESH_CASES,True
reacher,R7_reacher_04e9a63134673481d7c3f891,REFIT_103203,R3_ORIGINAL,H_POLICY,1,7,1,False,0,COMPLETE,R7_PREREGISTERED_STRESS_TEST_FRESH_CASES,False
reacher,R7_reacher_04e9a63134673481d7c3f891,REFIT_103203,R3_ORIGINAL,H_REAL3_REPLAN,1,7,1,False,0,COMPLETE,R7_PREREGISTERED_STRESS_TEST_FRESH_CASES,True
reacher,R7_reacher_04ff0c9a650582de1c4a6801,H0,R3_ORIGINAL,H_POLICY,1,26,2,True,0,COMPLETE,R7_PREREGISTERED_STRESS_TEST_FRESH_CASES,False
reacher,R7_reacher_04ff0c9a650582de1c4a6801,H0,R3_ORIGINAL,H_REAL3_REPLAN,1,26,2,True,0,COMPLETE,R7_PREREGISTERED_STRESS_TEST_FRESH_CASES,True
reacher,R7_reacher_04ff0c9a650582de1c4a6801,REFIT_103201,R3_ORIGINAL,H_POLICY,1,25,1,False,0,COMPLETE,R7_PREREGISTERED_STRESS_TEST_FRESH_CASES,False
reacher,R7_reacher_04ff0c9a650582de1c4a6801,REFIT_103201,R3_ORIGINAL,H_REAL3_REPLAN,1,25,1,False,0,COMPLETE,R7_PREREGISTERED_STRESS_TEST_FRESH_CASES,True
reacher,R7_reacher_04ff0c9a650582de1c4a6801,REFIT_103202,R3_ORIGINAL,H_POLICY,1,29,2,True,0,COMPLETE,R7_PREREGISTERED_STRESS_TEST_FRESH_CASES,False
reacher,R7_reacher_04ff0c9a650582de1c4a6801,REFIT_103202,R3_ORIGINAL,H_REAL3_REPLAN,1,49,2,True,0,COMPLETE,R7_PREREGISTERED_STRESS_TEST_FRESH_CASES,True
reacher,R7_reacher_04ff0c9a650582de1c4a6801,REFIT_103203,R3_ORIGINAL,H_POLICY,1,25,1,False,0,COMPLETE,R7_PREREGISTERED_STRESS_TEST_FRESH_CASES,False
reacher,R7_reacher_04ff0c9a650582de1c4a6801,REFIT_103203,R3_ORIGINAL,H_REAL3_REPLAN,1,25,1,False,0,COMPLETE,R7_PREREGISTERED_STRESS_TEST_FRESH_CASES,True
reacher,R7_reacher_051f43b4892efc8bb1983dea,H0,R3_ORIGINAL,H_POLICY,1,54,3,True,0,COMPLETE,R7_PREREGISTERED_STRESS_TEST_FRESH_CASES,False
reacher,R7_reacher_051f43b4892efc8bb1983dea,H0,R3_ORIGINAL,H_REAL3_REPLAN,1,39,2,True,0,COMPLETE,R7_PREREGISTERED_STRESS_TEST_FRESH_CASES,True
reacher,R7_reacher_051f43b4892efc8bb1983dea,REFIT_103201,R3_ORIGINAL,H_POLICY,1,50,2,True,0,COMPLETE,R7_PREREGISTERED_STRESS_TEST_FRESH_CASES,False
reacher,R7_reacher_051f43b4892efc8bb1983dea,REFIT_103201,R3_ORIGINAL,H_REAL3_REPLAN,1,39,2,True,0,COMPLETE,R7_PREREGISTERED_STRESS_TEST_FRESH_CASES,True
reacher,R7_reacher_051f43b4892efc8bb1983dea,REFIT_103202,R3_ORIGINAL,H_POLICY,1,59,3,True,0,COMPLETE,R7_PREREGISTERED_STRESS_TEST_FRESH_CASES,False
reacher,R7_reacher_051f43b4892efc8bb1983dea,REFIT_103202,R3_ORIGINAL,H_REAL3_REPLAN,1,49,2,True,0,COMPLETE,R7_PREREGISTERED_STRESS_TEST_FRESH_CASES,True
reacher,R7_reacher_051f43b4892efc8bb1983dea,REFIT_103203,R3_ORIGINAL,H_POLICY,1,55,3,True,0,COMPLETE,R7_PREREGISTERED_STRESS_TEST_FRESH_CASES,False
reacher,R7_reacher_051f43b4892efc8bb1983dea,REFIT_103203,R3_ORIGINAL,H_REAL3_REPLAN,1,51,3,True,0,COMPLETE,R7_PREREGISTERED_STRESS_TEST_FRESH_CASES,True
reacher,R7_reacher_057827bb1d14ded81f53fc86,H0,R3_ORIGINAL,H_POLICY,1,26,2,True,0,COMPLETE,R7_PREREGISTERED_STRESS_TEST_FRESH_CASES,False
reacher,R7_reacher_057827bb1d14ded81f53fc86,H0,R3_ORIGINAL,H_REAL3_REPLAN,1,32,2,True,0,COMPLETE,R7_PREREGISTERED_STRESS_TEST_FRESH_CASES,True
reacher,R7_reacher_057827bb1d14ded81f53fc86,REFIT_103201,R3_ORIGINAL,H_POLICY,1,58,3,True,0,COMPLETE,R7_PREREGISTERED_STRESS_TEST_FRESH_CASES,False
reacher,R7_reacher_057827bb1d14ded81f53fc86,REFIT_103201,R3_ORIGINAL,H_REAL3_REPLAN,1,49,2,True,0,COMPLETE,R7_PREREGISTERED_STRESS_TEST_FRESH_CASES,True
reacher,R7_reacher_057827bb1d14ded81f53fc86,REFIT_103202,R3_ORIGINAL,H_POLICY,1,58,3,True,0,COMPLETE,R7_PREREGISTERED_STRESS_TEST_FRESH_CASES,False
reacher,R7_reacher_057827bb1d14ded81f53fc86,REFIT_103202,R3_ORIGINAL,H_REAL3_REPLAN,1,49,2,True,0,COMPLETE,R7_PREREGISTERED_STRESS_TEST_FRESH_CASES,True
reacher,R7_reacher_057827bb1d14ded81f53fc86,REFIT_103203,R3_ORIGINAL,H_POLICY,1,51,3,True,0,COMPLETE,R7_PREREGISTERED_STRESS_TEST_FRESH_CASES,False
reacher,R7_reacher_057827bb1d14ded81f53fc86,REFIT_103203,R3_ORIGINAL,H_REAL3_REPLAN,1,42,2,True,0,COMPLETE,R7_PREREGISTERED_STRESS_TEST_FRESH_CASES,True
reacher,R7_reacher_059bc657814769b65dced153,H0,R3_ORIGINAL,H_POLICY,1,25,1,False,0,COMPLETE,R7_PREREGISTERED_STRESS_TEST_FRESH_CASES,False
reacher,R7_reacher_059bc657814769b65dced153,H0,R3_ORIGINAL,H_REAL3_REPLAN,1,25,1,False,0,COMPLETE,R7_PREREGISTERED_STRESS_TEST_FRESH_CASES,True
reacher,R7_reacher_059bc657814769b65dced153,REFIT_103201,R3_ORIGINAL,H_POLICY,1,25,1,False,0,COMPLETE,R7_PREREGISTERED_STRESS_TEST_FRESH_CASES,False
reacher,R7_reacher_059bc657814769b65dced153,REFIT_103201,R3_ORIGINAL,H_REAL3_REPLAN,1,25,1,False,0,COMPLETE,R7_PREREGISTERED_STRESS_TEST_FRESH_CASES,True
reacher,R7_reacher_059bc657814769b65dced153,REFIT_103202,R3_ORIGINAL,H_POLICY,1,19,1,False,0,COMPLETE,R7_PREREGISTERED_STRESS_TEST_FRESH_CASES,False
reacher,R7_reacher_059bc657814769b65dced153,REFIT_103202,R3_ORIGINAL,H_REAL3_REPLAN,1,19,1,False,0,COMPLETE,R7_PREREGISTERED_STRESS_TEST_FRESH_CASES,True
reacher,R7_reacher_059bc657814769b65dced153,REFIT_103203,R3_ORIGINAL,H_POLICY,1,25,1,False,0,COMPLETE,R7_PREREGISTERED_STRESS_TEST_FRESH_CASES,False
reacher,R7_reacher_059bc657814769b65dced153,REFIT_103203,R3_ORIGINAL,H_REAL3_REPLAN,1,25,1,False,0,COMPLETE,R7_PREREGISTERED_STRESS_TEST_FRESH_CASES,True
reacher,R7_reacher_059ed10af59f11ac08a80827,H0,R3_ORIGINAL,H_POLICY,1,25,1,False,0,COMPLETE,R7_PREREGISTERED_STRESS_TEST_FRESH_CASES,False
reacher,R7_reacher_059ed10af59f11ac08a80827,H0,R3_ORIGINAL,H_REAL3_REPLAN,1,25,1,False,0,COMPLETE,R7_PREREGISTERED_STRESS_TEST_FRESH_CASES,True
reacher,R7_reacher_059ed10af59f11ac08a80827,REFIT_103201,R3_ORIGINAL,H_POLICY,1,25,1,False,0,COMPLETE,R7_PREREGISTERED_STRESS_TEST_FRESH_CASES,False
reacher,R7_reacher_059ed10af59f11ac08a80827,REFIT_103201,R3_ORIGINAL,H_REAL3_REPLAN,1,25,1,False,0,COMPLETE,R7_PREREGISTERED_STRESS_TEST_FRESH_CASES,True
reacher,R7_reacher_059ed10af59f11ac08a80827,REFIT_103202,R3_ORIGINAL,H_POLICY,1,25,1,False,0,COMPLETE,R7_PREREGISTERED_STRESS_TEST_FRESH_CASES,False
reacher,R7_reacher_059ed10af59f11ac08a80827,REFIT_103202,R3_ORIGINAL,H_REAL3_REPLAN,1,25,1,False,0,COMPLETE,R7_PREREGISTERED_STRESS_TEST_FRESH_CASES,True
reacher,R7_reacher_059ed10af59f11ac08a80827,REFIT_103203,R3_ORIGINAL,H_POLICY,1,25,1,False,0,COMPLETE,R7_PREREGISTERED_STRESS_TEST_FRESH_CASES,False
reacher,R7_reacher_059ed10af59f11ac08a80827,REFIT_103203,R3_ORIGINAL,H_REAL3_REPLAN,1,25,1,False,0,COMPLETE,R7_PREREGISTERED_STRESS_TEST_FRESH_CASES,True
reacher,R7_reacher_05c134f2ffe1627d297d0c61,H0,R3_ORIGINAL,H_POLICY,1,25,1,False,0,COMPLETE,R7_PREREGISTERED_STRESS_TEST_FRESH_CASES,False
reacher,R7_reacher_05c134f2ffe1627d297d0c61,H0,R3_ORIGINAL,H_REAL3_REPLAN,1,25,1,False,0,COMPLETE,R7_PREREGISTERED_STRESS_TEST_FRESH_CASES,True
reacher,R7_reacher_05c134f2ffe1627d297d0c61,REFIT_103201,R3_ORIGINAL,H_POLICY,1,22,1,False,0,COMPLETE,R7_PREREGISTERED_STRESS_TEST_FRESH_CASES,False
reacher,R7_reacher_05c134f2ffe1627d297d0c61,REFIT_103201,R3_ORIGINAL,H_REAL3_REPLAN,1,22,1,False,0,COMPLETE,R7_PREREGISTERED_STRESS_TEST_FRESH_CASES,True
reacher,R7_reacher_05c134f2ffe1627d297d0c61,REFIT_103202,R3_ORIGINAL,H_POLICY,1,30,2,True,0,COMPLETE,R7_PREREGISTERED_STRESS_TEST_FRESH_CASES,False
reacher,R7_reacher_05c134f2ffe1627d297d0c61,REFIT_103202,R3_ORIGINAL,H_REAL3_REPLAN,1,35,2,True,0,COMPLETE,R7_PREREGISTERED_STRESS_TEST_FRESH_CASES,True
reacher,R7_reacher_05c134f2ffe1627d297d0c61,REFIT_103203,R3_ORIGINAL,H_POLICY,1,32,2,True,0,COMPLETE,R7_PREREGISTERED_STRESS_TEST_FRESH_CASES,False
reacher,R7_reacher_05c134f2ffe1627d297d0c61,REFIT_103203,R3_ORIGINAL,H_REAL3_REPLAN,1,32,2,True,0,COMPLETE,R7_PREREGISTERED_STRESS_TEST_FRESH_CASES,True
reacher,R7_reacher_05c317a498c172704c19643b,H0,R3_ORIGINAL,H_POLICY,1,24,1,False,0,COMPLETE,R7_PREREGISTERED_STRESS_TEST_FRESH_CASES,False
reacher,R7_reacher_05c317a498c172704c19643b,H0,R3_ORIGINAL,H_REAL3_REPLAN,1,24,1,False,0,COMPLETE,R7_PREREGISTERED_STRESS_TEST_FRESH_CASES,True
reacher,R7_reacher_05c317a498c172704c19643b,REFIT_103201,R3_ORIGINAL,H_POLICY,1,16,1,False,0,COMPLETE,R7_PREREGISTERED_STRESS_TEST_FRESH_CASES,False
reacher,R7_reacher_05c317a498c172704c19643b,REFIT_103201,R3_ORIGINAL,H_REAL3_REPLAN,1,16,1,False,0,COMPLETE,R7_PREREGISTERED_STRESS_TEST_FRESH_CASES,True
reacher,R7_reacher_05c317a498c172704c19643b,REFIT_103202,R3_ORIGINAL,H_POLICY,1,25,1,False,0,COMPLETE,R7_PREREGISTERED_STRESS_TEST_FRESH_CASES,False
reacher,R7_reacher_05c317a498c172704c19643b,REFIT_103202,R3_ORIGINAL,H_REAL3_REPLAN,1,25,1,False,0,COMPLETE,R7_PREREGISTERED_STRESS_TEST_FRESH_CASES,True
reacher,R7_reacher_05c317a498c172704c19643b,REFIT_103203,R3_ORIGINAL,H_POLICY,1,24,1,False,0,COMPLETE,R7_PREREGISTERED_STRESS_TEST_FRESH_CASES,False
reacher,R7_reacher_05c317a498c172704c19643b,REFIT_103203,R3_ORIGINAL,H_REAL3_REPLAN,1,24,1,False,0,COMPLETE,R7_PREREGISTERED_STRESS_TEST_FRESH_CASES,True
reacher,R7_reacher_05de9032849239e8bac0fafd,H0,R3_ORIGINAL,H_POLICY,1,27,2,True,0,COMPLETE,R7_PREREGISTERED_STRESS_TEST_FRESH_CASES,False
reacher,R7_reacher_05de9032849239e8bac0fafd,H0,R3_ORIGINAL,H_REAL3_REPLAN,1,49,2,True,0,COMPLETE,R7_PREREGISTERED_STRESS_TEST_FRESH_CASES,True
reacher,R7_reacher_05de9032849239e8bac0fafd,REFIT_103201,R3_ORIGINAL,H_POLICY,1,42,2,True,0,COMPLETE,R7_PREREGISTERED_STRESS_TEST_FRESH_CASES,False
reacher,R7_reacher_05de9032849239e8bac0fafd,REFIT_103201,R3_ORIGINAL,H_REAL3_REPLAN,1,45,2,True,0,COMPLETE,R7_PREREGISTERED_STRESS_TEST_FRESH_CASES,True
reacher,R7_reacher_05de9032849239e8bac0fafd,REFIT_103202,R3_ORIGINAL,H_POLICY,1,26,2,True,0,COMPLETE,R7_PREREGISTERED_STRESS_TEST_FRESH_CASES,False
reacher,R7_reacher_05de9032849239e8bac0fafd,REFIT_103202,R3_ORIGINAL,H_REAL3_REPLAN,1,26,2,True,0,COMPLETE,R7_PREREGISTERED_STRESS_TEST_FRESH_CASES,True
reacher,R7_reacher_05de9032849239e8bac0fafd,REFIT_103203,R3_ORIGINAL,H_POLICY,1,32,2,True,0,COMPLETE,R7_PREREGISTERED_STRESS_TEST_FRESH_CASES,False
reacher,R7_reacher_05de9032849239e8bac0fafd,REFIT_103203,R3_ORIGINAL,H_REAL3_REPLAN,1,27,2,True,0,COMPLETE,R7_PREREGISTERED_STRESS_TEST_FRESH_CASES,True
reacher,R7_reacher_05df119fb6138625a0a37191,H0,R3_ORIGINAL,H_POLICY,1,43,2,True,0,COMPLETE,R7_PREREGISTERED_STRESS_TEST_FRESH_CASES,False
reacher,R7_reacher_05df119fb6138625a0a37191,H0,R3_ORIGINAL,H_REAL3_REPLAN,1,49,2,True,0,COMPLETE,R7_PREREGISTERED_STRESS_TEST_FRESH_CASES,True
reacher,R7_reacher_05df119fb6138625a0a37191,REFIT_103201,R3_ORIGINAL,H_POLICY,1,50,2,True,0,COMPLETE,R7_PREREGISTERED_STRESS_TEST_FRESH_CASES,False
reacher,R7_reacher_05df119fb6138625a0a37191,REFIT_103201,R3_ORIGINAL,H_REAL3_REPLAN,1,34,2,True,0,COMPLETE,R7_PREREGISTERED_STRESS_TEST_FRESH_CASES,True
reacher,R7_reacher_05df119fb6138625a0a37191,REFIT_103202,R3_ORIGINAL,H_POLICY,1,80,4,True,0,COMPLETE,R7_PREREGISTERED_STRESS_TEST_FRESH_CASES,False
reacher,R7_reacher_05df119fb6138625a0a37191,REFIT_103202,R3_ORIGINAL,H_REAL3_REPLAN,1,47,2,True,0,COMPLETE,R7_PREREGISTERED_STRESS_TEST_FRESH_CASES,True
reacher,R7_reacher_05df119fb6138625a0a37191,REFIT_103203,R3_ORIGINAL,H_POLICY,1,28,2,True,0,COMPLETE,R7_PREREGISTERED_STRESS_TEST_FRESH_CASES,False
reacher,R7_reacher_05df119fb6138625a0a37191,REFIT_103203,R3_ORIGINAL,H_REAL3_REPLAN,1,30,2,True,0,COMPLETE,R7_PREREGISTERED_STRESS_TEST_FRESH_CASES,True
reacher,R7_reacher_05e92b020fc50822c0c12f3b,H0,R3_ORIGINAL,H_POLICY,1,33,2,True,0,COMPLETE,R7_PREREGISTERED_STRESS_TEST_FRESH_CASES,False
reacher,R7_reacher_05e92b020fc50822c0c12f3b,H0,R3_ORIGINAL,H_REAL3_REPLAN,1,28,2,True,0,COMPLETE,R7_PREREGISTERED_STRESS_TEST_FRESH_CASES,True
reacher,R7_reacher_05e92b020fc50822c0c12f3b,REFIT_103201,R3_ORIGINAL,H_POLICY,1,22,1,False,0,COMPLETE,R7_PREREGISTERED_STRESS_TEST_FRESH_CASES,False
reacher,R7_reacher_05e92b020fc50822c0c12f3b,REFIT_103201,R3_ORIGINAL,H_REAL3_REPLAN,1,22,1,False,0,COMPLETE,R7_PREREGISTERED_STRESS_TEST_FRESH_CASES,True
reacher,R7_reacher_05e92b020fc50822c0c12f3b,REFIT_103202,R3_ORIGINAL,H_POLICY,1,23,1,False,0,COMPLETE,R7_PREREGISTERED_STRESS_TEST_FRESH_CASES,False
reacher,R7_reacher_05e92b020fc50822c0c12f3b,REFIT_103202,R3_ORIGINAL,H_REAL3_REPLAN,1,23,1,False,0,COMPLETE,R7_PREREGISTERED_STRESS_TEST_FRESH_CASES,True
reacher,R7_reacher_05e92b020fc50822c0c12f3b,REFIT_103203,R3_ORIGINAL,H_POLICY,1,23,1,False,0,COMPLETE,R7_PREREGISTERED_STRESS_TEST_FRESH_CASES,False
reacher,R7_reacher_05e92b020fc50822c0c12f3b,REFIT_103203,R3_ORIGINAL,H_REAL3_REPLAN,1,23,1,False,0,COMPLETE,R7_PREREGISTERED_STRESS_TEST_FRESH_CASES,True
reacher,R7_reacher_05f022aec309dcba9454a525,H0,R3_ORIGINAL,H_POLICY,1,48,2,True,0,COMPLETE,R7_PREREGISTERED_STRESS_TEST_FRESH_CASES,False
reacher,R7_reacher_05f022aec309dcba9454a525,H0,R3_ORIGINAL,H_REAL3_REPLAN,1,50,2,True,0,COMPLETE,R7_PREREGISTERED_STRESS_TEST_FRESH_CASES,True
reacher,R7_reacher_05f022aec309dcba9454a525,REFIT_103201,R3_ORIGINAL,H_POLICY,1,74,3,True,0,COMPLETE,R7_PREREGISTERED_STRESS_TEST_FRESH_CASES,False
reacher,R7_reacher_05f022aec309dcba9454a525,REFIT_103201,R3_ORIGINAL,H_REAL3_REPLAN,1,43,2,True,0,COMPLETE,R7_PREREGISTERED_STRESS_TEST_FRESH_CASES,True
reacher,R7_reacher_05f022aec309dcba9454a525,REFIT_103202,R3_ORIGINAL,H_POLICY,1,75,3,True,0,COMPLETE,R7_PREREGISTERED_STRESS_TEST_FRESH_CASES,False
reacher,R7_reacher_05f022aec309dcba9454a525,REFIT_103202,R3_ORIGINAL,H_REAL3_REPLAN,1,50,2,True,0,COMPLETE,R7_PREREGISTERED_STRESS_TEST_FRESH_CASES,True
reacher,R7_reacher_05f022aec309dcba9454a525,REFIT_103203,R3_ORIGINAL,H_POLICY,1,49,2,True,0,COMPLETE,R7_PREREGISTERED_STRESS_TEST_FRESH_CASES,False
reacher,R7_reacher_05f022aec309dcba9454a525,REFIT_103203,R3_ORIGINAL,H_REAL3_REPLAN,1,44,2,True,0,COMPLETE,R7_PREREGISTERED_STRESS_TEST_FRESH_CASES,True
reacher,R7_reacher_0608e39229f7b074b4363cd4,H0,R3_ORIGINAL,H_POLICY,1,51,3,True,0,COMPLETE,R7_PREREGISTERED_STRESS_TEST_FRESH_CASES,False
reacher,R7_reacher_0608e39229f7b074b4363cd4,H0,R3_ORIGINAL,H_REAL3_REPLAN,1,49,2,True,0,COMPLETE,R7_PREREGISTERED_STRESS_TEST_FRESH_CASES,True
reacher,R7_reacher_0608e39229f7b074b4363cd4,REFIT_103201,R3_ORIGINAL,H_POLICY,1,48,2,True,0,COMPLETE,R7_PREREGISTERED_STRESS_TEST_FRESH_CASES,False
reacher,R7_reacher_0608e39229f7b074b4363cd4,REFIT_103201,R3_ORIGINAL,H_REAL3_REPLAN,1,50,2,True,0,COMPLETE,R7_PREREGISTERED_STRESS_TEST_FRESH_CASES,True
reacher,R7_reacher_0608e39229f7b074b4363cd4,REFIT_103202,R3_ORIGINAL,H_POLICY,1,49,2,True,0,COMPLETE,R7_PREREGISTERED_STRESS_TEST_FRESH_CASES,False
reacher,R7_reacher_0608e39229f7b074b4363cd4,REFIT_103202,R3_ORIGINAL,H_REAL3_REPLAN,1,49,2,True,0,COMPLETE,R7_PREREGISTERED_STRESS_TEST_FRESH_CASES,True
reacher,R7_reacher_0608e39229f7b074b4363cd4,REFIT_103203,R3_ORIGINAL,H_POLICY,1,48,2,True,0,COMPLETE,R7_PREREGISTERED_STRESS_TEST_FRESH_CASES,False
reacher,R7_reacher_0608e39229f7b074b4363cd4,REFIT_103203,R3_ORIGINAL,H_REAL3_REPLAN,1,49,2,True,0,COMPLETE,R7_PREREGISTERED_STRESS_TEST_FRESH_CASES,True
reacher,R7_reacher_06200874c5af9d79af2100be,H0,R3_ORIGINAL,H_POLICY,1,92,4,True,0,COMPLETE,R7_PREREGISTERED_STRESS_TEST_FRESH_CASES,False
reacher,R7_reacher_06200874c5af9d79af2100be,H0,R3_ORIGINAL,H_REAL3_REPLAN,1,38,2,True,0,COMPLETE,R7_PREREGISTERED_STRESS_TEST_FRESH_CASES,True
reacher,R7_reacher_06200874c5af9d79af2100be,REFIT_103201,R3_ORIGINAL,H_POLICY,1,21,1,False,0,COMPLETE,R7_PREREGISTERED_STRESS_TEST_FRESH_CASES,False
reacher,R7_reacher_06200874c5af9d79af2100be,REFIT_103201,R3_ORIGINAL,H_REAL3_REPLAN,1,21,1,False,0,COMPLETE,R7_PREREGISTERED_STRESS_TEST_FRESH_CASES,True
reacher,R7_reacher_06200874c5af9d79af2100be,REFIT_103202,R3_ORIGINAL,H_POLICY,1,50,2,True,0,COMPLETE,R7_PREREGISTERED_STRESS_TEST_FRESH_CASES,False
reacher,R7_reacher_06200874c5af9d79af2100be,REFIT_103202,R3_ORIGINAL,H_REAL3_REPLAN,1,66,3,True,0,COMPLETE,R7_PREREGISTERED_STRESS_TEST_FRESH_CASES,True
reacher,R7_reacher_06200874c5af9d79af2100be,REFIT_103203,R3_ORIGINAL,H_POLICY,1,22,1,False,0,COMPLETE,R7_PREREGISTERED_STRESS_TEST_FRESH_CASES,False
reacher,R7_reacher_06200874c5af9d79af2100be,REFIT_103203,R3_ORIGINAL,H_REAL3_REPLAN,1,22,1,False,0,COMPLETE,R7_PREREGISTERED_STRESS_TEST_FRESH_CASES,True
reacher,R7_reacher_063459913c0305ccd3f60afa,H0,R3_ORIGINAL,H_POLICY,1,32,2,True,0,COMPLETE,R7_PREREGISTERED_STRESS_TEST_FRESH_CASES,False
reacher,R7_reacher_063459913c0305ccd3f60afa,H0,R3_ORIGINAL,H_REAL3_REPLAN,1,32,2,True,0,COMPLETE,R7_PREREGISTERED_STRESS_TEST_FRESH_CASES,True
reacher,R7_reacher_063459913c0305ccd3f60afa,REFIT_103201,R3_ORIGINAL,H_POLICY,1,31,2,True,0,COMPLETE,R7_PREREGISTERED_STRESS_TEST_FRESH_CASES,False
reacher,R7_reacher_063459913c0305ccd3f60afa,REFIT_103201,R3_ORIGINAL,H_REAL3_REPLAN,1,32,2,True,0,COMPLETE,R7_PREREGISTERED_STRESS_TEST_FRESH_CASES,True
reacher,R7_reacher_063459913c0305ccd3f60afa,REFIT_103202,R3_ORIGINAL,H_POLICY,1,33,2,True,0,COMPLETE,R7_PREREGISTERED_STRESS_TEST_FRESH_CASES,False
reacher,R7_reacher_063459913c0305ccd3f60afa,REFIT_103202,R3_ORIGINAL,H_REAL3_REPLAN,1,39,2,True,0,COMPLETE,R7_PREREGISTERED_STRESS_TEST_FRESH_CASES,True
reacher,R7_reacher_063459913c0305ccd3f60afa,REFIT_103203,R3_ORIGINAL,H_POLICY,1,40,2,True,0,COMPLETE,R7_PREREGISTERED_STRESS_TEST_FRESH_CASES,False
reacher,R7_reacher_063459913c0305ccd3f60afa,REFIT_103203,R3_ORIGINAL,H_REAL3_REPLAN,1,47,2,True,0,COMPLETE,R7_PREREGISTERED_STRESS_TEST_FRESH_CASES,True
reacher,R7_reacher_0674938c9fc1b380174d04fe,H0,R3_ORIGINAL,H_POLICY,1,73,3,True,0,COMPLETE,R7_PREREGISTERED_STRESS_TEST_FRESH_CASES,False
reacher,R7_reacher_0674938c9fc1b380174d04fe,H0,R3_ORIGINAL,H_REAL3_REPLAN,1,49,2,True,0,COMPLETE,R7_PREREGISTERED_STRESS_TEST_FRESH_CASES,True
reacher,R7_reacher_0674938c9fc1b380174d04fe,REFIT_103201,R3_ORIGINAL,H_POLICY,1,26,2,True,0,COMPLETE,R7_PREREGISTERED_STRESS_TEST_FRESH_CASES,False
reacher,R7_reacher_0674938c9fc1b380174d04fe,REFIT_103201,R3_ORIGINAL,H_REAL3_REPLAN,1,26,2,True,0,COMPLETE,R7_PREREGISTERED_STRESS_TEST_FRESH_CASES,True
reacher,R7_reacher_0674938c9fc1b380174d04fe,REFIT_103202,R3_ORIGINAL,H_POLICY,1,49,2,True,0,COMPLETE,R7_PREREGISTERED_STRESS_TEST_FRESH_CASES,False
reacher,R7_reacher_0674938c9fc1b380174d04fe,REFIT_103202,R3_ORIGINAL,H_REAL3_REPLAN,1,50,2,True,0,COMPLETE,R7_PREREGISTERED_STRESS_TEST_FRESH_CASES,True
reacher,R7_reacher_0674938c9fc1b380174d04fe,REFIT_103203,R3_ORIGINAL,H_POLICY,1,51,3,True,0,COMPLETE,R7_PREREGISTERED_STRESS_TEST_FRESH_CASES,False
reacher,R7_reacher_0674938c9fc1b380174d04fe,REFIT_103203,R3_ORIGINAL,H_REAL3_REPLAN,1,50,2,True,0,COMPLETE,R7_PREREGISTERED_STRESS_TEST_FRESH_CASES,True
reacher,R7_reacher_06774fd5fe12fc1973fe987c,H0,R3_ORIGINAL,H_POLICY,1,46,2,True,0,COMPLETE,R7_PREREGISTERED_STRESS_TEST_FRESH_CASES,False
reacher,R7_reacher_06774fd5fe12fc1973fe987c,H0,R3_ORIGINAL,H_REAL3_REPLAN,1,30,2,True,0,COMPLETE,R7_PREREGISTERED_STRESS_TEST_FRESH_CASES,True
reacher,R7_reacher_06774fd5fe12fc1973fe987c,REFIT_103201,R3_ORIGINAL,H_POLICY,1,98,4,True,0,COMPLETE,R7_PREREGISTERED_STRESS_TEST_FRESH_CASES,False
reacher,R7_reacher_06774fd5fe12fc1973fe987c,REFIT_103201,R3_ORIGINAL,H_REAL3_REPLAN,1,34,2,True,0,COMPLETE,R7_PREREGISTERED_STRESS_TEST_FRESH_CASES,True
reacher,R7_reacher_06774fd5fe12fc1973fe987c,REFIT_103202,R3_ORIGINAL,H_POLICY,1,26,2,True,0,COMPLETE,R7_PREREGISTERED_STRESS_TEST_FRESH_CASES,False
reacher,R7_reacher_06774fd5fe12fc1973fe987c,REFIT_103202,R3_ORIGINAL,H_REAL3_REPLAN,1,28,2,True,0,COMPLETE,R7_PREREGISTERED_STRESS_TEST_FRESH_CASES,True
reacher,R7_reacher_06774fd5fe12fc1973fe987c,REFIT_103203,R3_ORIGINAL,H_POLICY,1,29,2,True,0,COMPLETE,R7_PREREGISTERED_STRESS_TEST_FRESH_CASES,False
reacher,R7_reacher_06774fd5fe12fc1973fe987c,REFIT_103203,R3_ORIGINAL,H_REAL3_REPLAN,1,45,2,True,0,COMPLETE,R7_PREREGISTERED_STRESS_TEST_FRESH_CASES,True
reacher,R7_reacher_06b144735881214d90095fd0,H0,R3_ORIGINAL,H_POLICY,1,25,1,False,0,COMPLETE,R7_PREREGISTERED_STRESS_TEST_FRESH_CASES,False
reacher,R7_reacher_06b144735881214d90095fd0,H0,R3_ORIGINAL,H_REAL3_REPLAN,1,25,1,False,0,COMPLETE,R7_PREREGISTERED_STRESS_TEST_FRESH_CASES,True
reacher,R7_reacher_06b144735881214d90095fd0,REFIT_103201,R3_ORIGINAL,H_POLICY,1,25,1,False,0,COMPLETE,R7_PREREGISTERED_STRESS_TEST_FRESH_CASES,False
reacher,R7_reacher_06b144735881214d90095fd0,REFIT_103201,R3_ORIGINAL,H_REAL3_REPLAN,1,25,1,False,0,COMPLETE,R7_PREREGISTERED_STRESS_TEST_FRESH_CASES,True
reacher,R7_reacher_06b144735881214d90095fd0,REFIT_103202,R3_ORIGINAL,H_POLICY,1,25,1,False,0,COMPLETE,R7_PREREGISTERED_STRESS_TEST_FRESH_CASES,False
reacher,R7_reacher_06b144735881214d90095fd0,REFIT_103202,R3_ORIGINAL,H_REAL3_REPLAN,1,25,1,False,0,COMPLETE,R7_PREREGISTERED_STRESS_TEST_FRESH_CASES,True
reacher,R7_reacher_06b144735881214d90095fd0,REFIT_103203,R3_ORIGINAL,H_POLICY,1,25,1,False,0,COMPLETE,R7_PREREGISTERED_STRESS_TEST_FRESH_CASES,False
reacher,R7_reacher_06b144735881214d90095fd0,REFIT_103203,R3_ORIGINAL,H_REAL3_REPLAN,1,25,1,False,0,COMPLETE,R7_PREREGISTERED_STRESS_TEST_FRESH_CASES,True
reacher,R7_reacher_06b5d01da6ad1123e8a53b2c,H0,R3_ORIGINAL,H_POLICY,1,47,2,True,0,COMPLETE,R7_PREREGISTERED_STRESS_TEST_FRESH_CASES,False
reacher,R7_reacher_06b5d01da6ad1123e8a53b2c,H0,R3_ORIGINAL,H_REAL3_REPLAN,1,48,2,True,0,COMPLETE,R7_PREREGISTERED_STRESS_TEST_FRESH_CASES,True
reacher,R7_reacher_06b5d01da6ad1123e8a53b2c,REFIT_103201,R3_ORIGINAL,H_POLICY,1,50,2,True,0,COMPLETE,R7_PREREGISTERED_STRESS_TEST_FRESH_CASES,False
reacher,R7_reacher_06b5d01da6ad1123e8a53b2c,REFIT_103201,R3_ORIGINAL,H_REAL3_REPLAN,1,36,2,True,0,COMPLETE,R7_PREREGISTERED_STRESS_TEST_FRESH_CASES,True
reacher,R7_reacher_06b5d01da6ad1123e8a53b2c,REFIT_103202,R3_ORIGINAL,H_POLICY,1,72,3,True,0,COMPLETE,R7_PREREGISTERED_STRESS_TEST_FRESH_CASES,False
reacher,R7_reacher_06b5d01da6ad1123e8a53b2c,REFIT_103202,R3_ORIGINAL,H_REAL3_REPLAN,1,44,2,True,0,COMPLETE,R7_PREREGISTERED_STRESS_TEST_FRESH_CASES,True
reacher,R7_reacher_06b5d01da6ad1123e8a53b2c,REFIT_103203,R3_ORIGINAL,H_POLICY,1,51,3,True,0,COMPLETE,R7_PREREGISTERED_STRESS_TEST_FRESH_CASES,False
reacher,R7_reacher_06b5d01da6ad1123e8a53b2c,REFIT_103203,R3_ORIGINAL,H_REAL3_REPLAN,1,45,2,True,0,COMPLETE,R7_PREREGISTERED_STRESS_TEST_FRESH_CASES,True
reacher,R7_reacher_06cc25fafe84bfd8e09d6e56,H0,R3_ORIGINAL,H_POLICY,1,67,3,True,0,COMPLETE,R7_PREREGISTERED_STRESS_TEST_FRESH_CASES,False
reacher,R7_reacher_06cc25fafe84bfd8e09d6e56,H0,R3_ORIGINAL,H_REAL3_REPLAN,1,74,3,True,0,COMPLETE,R7_PREREGISTERED_STRESS_TEST_FRESH_CASES,True
reacher,R7_reacher_06cc25fafe84bfd8e09d6e56,REFIT_103201,R3_ORIGINAL,H_POLICY,1,25,1,False,0,COMPLETE,R7_PREREGISTERED_STRESS_TEST_FRESH_CASES,False
reacher,R7_reacher_06cc25fafe84bfd8e09d6e56,REFIT_103201,R3_ORIGINAL,H_REAL3_REPLAN,1,25,1,False,0,COMPLETE,R7_PREREGISTERED_STRESS_TEST_FRESH_CASES,True
reacher,R7_reacher_06cc25fafe84bfd8e09d6e56,REFIT_103202,R3_ORIGINAL,H_POLICY,1,25,1,False,0,COMPLETE,R7_PREREGISTERED_STRESS_TEST_FRESH_CASES,False
reacher,R7_reacher_06cc25fafe84bfd8e09d6e56,REFIT_103202,R3_ORIGINAL,H_REAL3_REPLAN,1,25,1,False,0,COMPLETE,R7_PREREGISTERED_STRESS_TEST_FRESH_CASES,True
reacher,R7_reacher_06cc25fafe84bfd8e09d6e56,REFIT_103203,R3_ORIGINAL,H_POLICY,1,27,2,True,0,COMPLETE,R7_PREREGISTERED_STRESS_TEST_FRESH_CASES,False
reacher,R7_reacher_06cc25fafe84bfd8e09d6e56,REFIT_103203,R3_ORIGINAL,H_REAL3_REPLAN,1,27,2,True,0,COMPLETE,R7_PREREGISTERED_STRESS_TEST_FRESH_CASES,True
reacher,R7_reacher_06dba88f07b7ee1091cf5829,H0,R3_ORIGINAL,H_POLICY,1,51,3,True,0,COMPLETE,R7_PREREGISTERED_STRESS_TEST_FRESH_CASES,False
reacher,R7_reacher_06dba88f07b7ee1091cf5829,H0,R3_ORIGINAL,H_REAL3_REPLAN,1,46,2,True,0,COMPLETE,R7_PREREGISTERED_STRESS_TEST_FRESH_CASES,True
reacher,R7_reacher_06dba88f07b7ee1091cf5829,REFIT_103201,R3_ORIGINAL,H_POLICY,1,52,3,True,0,COMPLETE,R7_PREREGISTERED_STRESS_TEST_FRESH_CASES,False
reacher,R7_reacher_06dba88f07b7ee1091cf5829,REFIT_103201,R3_ORIGINAL,H_REAL3_REPLAN,1,45,2,True,0,COMPLETE,R7_PREREGISTERED_STRESS_TEST_FRESH_CASES,True
reacher,R7_reacher_06dba88f07b7ee1091cf5829,REFIT_103202,R3_ORIGINAL,H_POLICY,1,75,3,True,0,COMPLETE,R7_PREREGISTERED_STRESS_TEST_FRESH_CASES,False
reacher,R7_reacher_06dba88f07b7ee1091cf5829,REFIT_103202,R3_ORIGINAL,H_REAL3_REPLAN,1,49,2,True,0,COMPLETE,R7_PREREGISTERED_STRESS_TEST_FRESH_CASES,True
reacher,R7_reacher_06dba88f07b7ee1091cf5829,REFIT_103203,R3_ORIGINAL,H_POLICY,1,21,1,False,0,COMPLETE,R7_PREREGISTERED_STRESS_TEST_FRESH_CASES,False
reacher,R7_reacher_06dba88f07b7ee1091cf5829,REFIT_103203,R3_ORIGINAL,H_REAL3_REPLAN,1,21,1,False,0,COMPLETE,R7_PREREGISTERED_STRESS_TEST_FRESH_CASES,True
reacher,R7_reacher_06e1d84d51ee115d0d462044,H0,R3_ORIGINAL,H_POLICY,1,7,1,False,0,COMPLETE,R7_PREREGISTERED_STRESS_TEST_FRESH_CASES,False
reacher,R7_reacher_06e1d84d51ee115d0d462044,H0,R3_ORIGINAL,H_REAL3_REPLAN,1,7,1,False,0,COMPLETE,R7_PREREGISTERED_STRESS_TEST_FRESH_CASES,True
reacher,R7_reacher_06e1d84d51ee115d0d462044,REFIT_103201,R3_ORIGINAL,H_POLICY,1,20,1,False,0,COMPLETE,R7_PREREGISTERED_STRESS_TEST_FRESH_CASES,False
reacher,R7_reacher_06e1d84d51ee115d0d462044,REFIT_103201,R3_ORIGINAL,H_REAL3_REPLAN,1,20,1,False,0,COMPLETE,R7_PREREGISTERED_STRESS_TEST_FRESH_CASES,True
reacher,R7_reacher_06e1d84d51ee115d0d462044,REFIT_103202,R3_ORIGINAL,H_POLICY,1,15,1,False,0,COMPLETE,R7_PREREGISTERED_STRESS_TEST_FRESH_CASES,False
reacher,R7_reacher_06e1d84d51ee115d0d462044,REFIT_103202,R3_ORIGINAL,H_REAL3_REPLAN,1,15,1,False,0,COMPLETE,R7_PREREGISTERED_STRESS_TEST_FRESH_CASES,True
reacher,R7_reacher_06e1d84d51ee115d0d462044,REFIT_103203,R3_ORIGINAL,H_POLICY,1,24,1,False,0,COMPLETE,R7_PREREGISTERED_STRESS_TEST_FRESH_CASES,False
reacher,R7_reacher_06e1d84d51ee115d0d462044,REFIT_103203,R3_ORIGINAL,H_REAL3_REPLAN,1,24,1,False,0,COMPLETE,R7_PREREGISTERED_STRESS_TEST_FRESH_CASES,True
reacher,R7_reacher_06eb6fae1bc0e3eb4179fc5a,H0,R3_ORIGINAL,H_POLICY,1,28,2,True,0,COMPLETE,R7_PREREGISTERED_STRESS_TEST_FRESH_CASES,False
reacher,R7_reacher_06eb6fae1bc0e3eb4179fc5a,H0,R3_ORIGINAL,H_REAL3_REPLAN,1,28,2,True,0,COMPLETE,R7_PREREGISTERED_STRESS_TEST_FRESH_CASES,True
reacher,R7_reacher_06eb6fae1bc0e3eb4179fc5a,REFIT_103201,R3_ORIGINAL,H_POLICY,1,46,2,True,0,COMPLETE,R7_PREREGISTERED_STRESS_TEST_FRESH_CASES,False
reacher,R7_reacher_06eb6fae1bc0e3eb4179fc5a,REFIT_103201,R3_ORIGINAL,H_REAL3_REPLAN,1,30,2,True,0,COMPLETE,R7_PREREGISTERED_STRESS_TEST_FRESH_CASES,True
reacher,R7_reacher_06eb6fae1bc0e3eb4179fc5a,REFIT_103202,R3_ORIGINAL,H_POLICY,1,28,2,True,0,COMPLETE,R7_PREREGISTERED_STRESS_TEST_FRESH_CASES,False
reacher,R7_reacher_06eb6fae1bc0e3eb4179fc5a,REFIT_103202,R3_ORIGINAL,H_REAL3_REPLAN,1,30,2,True,0,COMPLETE,R7_PREREGISTERED_STRESS_TEST_FRESH_CASES,True
reacher,R7_reacher_06eb6fae1bc0e3eb4179fc5a,REFIT_103203,R3_ORIGINAL,H_POLICY,1,70,3,True,0,COMPLETE,R7_PREREGISTERED_STRESS_TEST_FRESH_CASES,False
reacher,R7_reacher_06eb6fae1bc0e3eb4179fc5a,REFIT_103203,R3_ORIGINAL,H_REAL3_REPLAN,1,47,2,True,0,COMPLETE,R7_PREREGISTERED_STRESS_TEST_FRESH_CASES,True
reacher,R7_reacher_0700d42c34bd5b934ca4bb9f,H0,R3_ORIGINAL,H_POLICY,1,22,1,False,0,COMPLETE,R7_PREREGISTERED_STRESS_TEST_FRESH_CASES,False
reacher,R7_reacher_0700d42c34bd5b934ca4bb9f,H0,R3_ORIGINAL,H_REAL3_REPLAN,1,22,1,False,0,COMPLETE,R7_PREREGISTERED_STRESS_TEST_FRESH_CASES,True
reacher,R7_reacher_0700d42c34bd5b934ca4bb9f,REFIT_103201,R3_ORIGINAL,H_POLICY,1,23,1,False,0,COMPLETE,R7_PREREGISTERED_STRESS_TEST_FRESH_CASES,False
reacher,R7_reacher_0700d42c34bd5b934ca4bb9f,REFIT_103201,R3_ORIGINAL,H_REAL3_REPLAN,1,23,1,False,0,COMPLETE,R7_PREREGISTERED_STRESS_TEST_FRESH_CASES,True
reacher,R7_reacher_0700d42c34bd5b934ca4bb9f,REFIT_103202,R3_ORIGINAL,H_POLICY,1,74,3,True,0,COMPLETE,R7_PREREGISTERED_STRESS_TEST_FRESH_CASES,False
reacher,R7_reacher_0700d42c34bd5b934ca4bb9f,REFIT_103202,R3_ORIGINAL,H_REAL3_REPLAN,1,49,2,True,0,COMPLETE,R7_PREREGISTERED_STRESS_TEST_FRESH_CASES,True
reacher,R7_reacher_0700d42c34bd5b934ca4bb9f,REFIT_103203,R3_ORIGINAL,H_POLICY,1,49,2,True,0,COMPLETE,R7_PREREGISTERED_STRESS_TEST_FRESH_CASES,False
reacher,R7_reacher_0700d42c34bd5b934ca4bb9f,REFIT_103203,R3_ORIGINAL,H_REAL3_REPLAN,1,49,2,True,0,COMPLETE,R7_PREREGISTERED_STRESS_TEST_FRESH_CASES,True
reacher,R7_reacher_07048d8eb1dd80dbb3b35586,H0,R3_ORIGINAL,H_POLICY,1,11,1,False,0,COMPLETE,R7_PREREGISTERED_STRESS_TEST_FRESH_CASES,False
reacher,R7_reacher_07048d8eb1dd80dbb3b35586,H0,R3_ORIGINAL,H_REAL3_REPLAN,1,11,1,False,0,COMPLETE,R7_PREREGISTERED_STRESS_TEST_FRESH_CASES,True
reacher,R7_reacher_07048d8eb1dd80dbb3b35586,REFIT_103201,R3_ORIGINAL,H_POLICY,1,32,2,True,0,COMPLETE,R7_PREREGISTERED_STRESS_TEST_FRESH_CASES,False
reacher,R7_reacher_07048d8eb1dd80dbb3b35586,REFIT_103201,R3_ORIGINAL,H_REAL3_REPLAN,1,30,2,True,0,COMPLETE,R7_PREREGISTERED_STRESS_TEST_FRESH_CASES,True
reacher,R7_reacher_07048d8eb1dd80dbb3b35586,REFIT_103202,R3_ORIGINAL,H_POLICY,1,54,3,True,0,COMPLETE,R7_PREREGISTERED_STRESS_TEST_FRESH_CASES,False
reacher,R7_reacher_07048d8eb1dd80dbb3b35586,REFIT_103202,R3_ORIGINAL,H_REAL3_REPLAN,1,48,2,True,0,COMPLETE,R7_PREREGISTERED_STRESS_TEST_FRESH_CASES,True
reacher,R7_reacher_07048d8eb1dd80dbb3b35586,REFIT_103203,R3_ORIGINAL,H_POLICY,1,9,1,False,0,COMPLETE,R7_PREREGISTERED_STRESS_TEST_FRESH_CASES,False
reacher,R7_reacher_07048d8eb1dd80dbb3b35586,REFIT_103203,R3_ORIGINAL,H_REAL3_REPLAN,1,9,1,False,0,COMPLETE,R7_PREREGISTERED_STRESS_TEST_FRESH_CASES,True
reacher,R7_reacher_072587bc998f92f0f7fb630f,H0,R3_ORIGINAL,H_POLICY,1,31,2,True,0,COMPLETE,R7_PREREGISTERED_STRESS_TEST_FRESH_CASES,False
reacher,R7_reacher_072587bc998f92f0f7fb630f,H0,R3_ORIGINAL,H_REAL3_REPLAN,1,46,2,True,0,COMPLETE,R7_PREREGISTERED_STRESS_TEST_FRESH_CASES,True
reacher,R7_reacher_072587bc998f92f0f7fb630f,REFIT_103201,R3_ORIGINAL,H_POLICY,1,43,2,True,0,COMPLETE,R7_PREREGISTERED_STRESS_TEST_FRESH_CASES,False
reacher,R7_reacher_072587bc998f92f0f7fb630f,REFIT_103201,R3_ORIGINAL,H_REAL3_REPLAN,1,41,2,True,0,COMPLETE,R7_PREREGISTERED_STRESS_TEST_FRESH_CASES,True
reacher,R7_reacher_072587bc998f92f0f7fb630f,REFIT_103202,R3_ORIGINAL,H_POLICY,1,25,1,False,0,COMPLETE,R7_PREREGISTERED_STRESS_TEST_FRESH_CASES,False
reacher,R7_reacher_072587bc998f92f0f7fb630f,REFIT_103202,R3_ORIGINAL,H_REAL3_REPLAN,1,25,1,False,0,COMPLETE,R7_PREREGISTERED_STRESS_TEST_FRESH_CASES,True
reacher,R7_reacher_072587bc998f92f0f7fb630f,REFIT_103203,R3_ORIGINAL,H_POLICY,1,24,1,False,0,COMPLETE,R7_PREREGISTERED_STRESS_TEST_FRESH_CASES,False
reacher,R7_reacher_072587bc998f92f0f7fb630f,REFIT_103203,R3_ORIGINAL,H_REAL3_REPLAN,1,24,1,False,0,COMPLETE,R7_PREREGISTERED_STRESS_TEST_FRESH_CASES,True
reacher,R7_reacher_073be01f1b2587a8da9a34ca,H0,R3_ORIGINAL,H_POLICY,1,51,3,True,0,COMPLETE,R7_PREREGISTERED_STRESS_TEST_FRESH_CASES,False
reacher,R7_reacher_073be01f1b2587a8da9a34ca,H0,R3_ORIGINAL,H_REAL3_REPLAN,1,76,4,True,0,COMPLETE,R7_PREREGISTERED_STRESS_TEST_FRESH_CASES,True
reacher,R7_reacher_073be01f1b2587a8da9a34ca,REFIT_103201,R3_ORIGINAL,H_POLICY,1,23,1,False,0,COMPLETE,R7_PREREGISTERED_STRESS_TEST_FRESH_CASES,False
reacher,R7_reacher_073be01f1b2587a8da9a34ca,REFIT_103201,R3_ORIGINAL,H_REAL3_REPLAN,1,23,1,False,0,COMPLETE,R7_PREREGISTERED_STRESS_TEST_FRESH_CASES,True
reacher,R7_reacher_073be01f1b2587a8da9a34ca,REFIT_103202,R3_ORIGINAL,H_POLICY,1,26,2,True,0,COMPLETE,R7_PREREGISTERED_STRESS_TEST_FRESH_CASES,False
reacher,R7_reacher_073be01f1b2587a8da9a34ca,REFIT_103202,R3_ORIGINAL,H_REAL3_REPLAN,1,26,2,True,0,COMPLETE,R7_PREREGISTERED_STRESS_TEST_FRESH_CASES,True
reacher,R7_reacher_073be01f1b2587a8da9a34ca,REFIT_103203,R3_ORIGINAL,H_POLICY,1,75,3,True,0,COMPLETE,R7_PREREGISTERED_STRESS_TEST_FRESH_CASES,False
reacher,R7_reacher_073be01f1b2587a8da9a34ca,REFIT_103203,R3_ORIGINAL,H_REAL3_REPLAN,1,50,2,True,0,COMPLETE,R7_PREREGISTERED_STRESS_TEST_FRESH_CASES,True
reacher,R7_reacher_077732a8e0d0c587d1825f44,H0,R3_ORIGINAL,H_POLICY,1,23,1,False,0,COMPLETE,R7_PREREGISTERED_STRESS_TEST_FRESH_CASES,False
reacher,R7_reacher_077732a8e0d0c587d1825f44,H0,R3_ORIGINAL,H_REAL3_REPLAN,1,23,1,False,0,COMPLETE,R7_PREREGISTERED_STRESS_TEST_FRESH_CASES,True
reacher,R7_reacher_077732a8e0d0c587d1825f44,REFIT_103201,R3_ORIGINAL,H_POLICY,1,25,1,False,0,COMPLETE,R7_PREREGISTERED_STRESS_TEST_FRESH_CASES,False
reacher,R7_reacher_077732a8e0d0c587d1825f44,REFIT_103201,R3_ORIGINAL,H_REAL3_REPLAN,1,25,1,False,0,COMPLETE,R7_PREREGISTERED_STRESS_TEST_FRESH_CASES,True
reacher,R7_reacher_077732a8e0d0c587d1825f44,REFIT_103202,R3_ORIGINAL,H_POLICY,1,25,1,False,0,COMPLETE,R7_PREREGISTERED_STRESS_TEST_FRESH_CASES,False
reacher,R7_reacher_077732a8e0d0c587d1825f44,REFIT_103202,R3_ORIGINAL,H_REAL3_REPLAN,1,25,1,False,0,COMPLETE,R7_PREREGISTERED_STRESS_TEST_FRESH_CASES,True
reacher,R7_reacher_077732a8e0d0c587d1825f44,REFIT_103203,R3_ORIGINAL,H_POLICY,1,24,1,False,0,COMPLETE,R7_PREREGISTERED_STRESS_TEST_FRESH_CASES,False
reacher,R7_reacher_077732a8e0d0c587d1825f44,REFIT_103203,R3_ORIGINAL,H_REAL3_REPLAN,1,24,1,False,0,COMPLETE,R7_PREREGISTERED_STRESS_TEST_FRESH_CASES,True
reacher,R7_reacher_07905259134654234591eab4,H0,R3_ORIGINAL,H_POLICY,1,43,2,True,0,COMPLETE,R7_PREREGISTERED_STRESS_TEST_FRESH_CASES,False
reacher,R7_reacher_07905259134654234591eab4,H0,R3_ORIGINAL,H_REAL3_REPLAN,1,47,2,True,0,COMPLETE,R7_PREREGISTERED_STRESS_TEST_FRESH_CASES,True
reacher,R7_reacher_07905259134654234591eab4,REFIT_103201,R3_ORIGINAL,H_POLICY,1,38,2,True,0,COMPLETE,R7_PREREGISTERED_STRESS_TEST_FRESH_CASES,False
reacher,R7_reacher_07905259134654234591eab4,REFIT_103201,R3_ORIGINAL,H_REAL3_REPLAN,1,44,2,True,0,COMPLETE,R7_PREREGISTERED_STRESS_TEST_FRESH_CASES,True
reacher,R7_reacher_07905259134654234591eab4,REFIT_103202,R3_ORIGINAL,H_POLICY,1,31,2,True,0,COMPLETE,R7_PREREGISTERED_STRESS_TEST_FRESH_CASES,False
reacher,R7_reacher_07905259134654234591eab4,REFIT_103202,R3_ORIGINAL,H_REAL3_REPLAN,1,44,2,True,0,COMPLETE,R7_PREREGISTERED_STRESS_TEST_FRESH_CASES,True
reacher,R7_reacher_07905259134654234591eab4,REFIT_103203,R3_ORIGINAL,H_POLICY,1,32,2,True,0,COMPLETE,R7_PREREGISTERED_STRESS_TEST_FRESH_CASES,False
reacher,R7_reacher_07905259134654234591eab4,REFIT_103203,R3_ORIGINAL,H_REAL3_REPLAN,1,48,2,True,0,COMPLETE,R7_PREREGISTERED_STRESS_TEST_FRESH_CASES,True
reacher,R7_reacher_07e921840cb9bd668708fcd1,H0,R3_ORIGINAL,H_POLICY,1,14,1,False,0,COMPLETE,R7_PREREGISTERED_STRESS_TEST_FRESH_CASES,False
reacher,R7_reacher_07e921840cb9bd668708fcd1,H0,R3_ORIGINAL,H_REAL3_REPLAN,1,14,1,False,0,COMPLETE,R7_PREREGISTERED_STRESS_TEST_FRESH_CASES,True
reacher,R7_reacher_07e921840cb9bd668708fcd1,REFIT_103201,R3_ORIGINAL,H_POLICY,1,22,1,False,0,COMPLETE,R7_PREREGISTERED_STRESS_TEST_FRESH_CASES,False
reacher,R7_reacher_07e921840cb9bd668708fcd1,REFIT_103201,R3_ORIGINAL,H_REAL3_REPLAN,1,22,1,False,0,COMPLETE,R7_PREREGISTERED_STRESS_TEST_FRESH_CASES,True
reacher,R7_reacher_07e921840cb9bd668708fcd1,REFIT_103202,R3_ORIGINAL,H_POLICY,1,21,1,False,0,COMPLETE,R7_PREREGISTERED_STRESS_TEST_FRESH_CASES,False
reacher,R7_reacher_07e921840cb9bd668708fcd1,REFIT_103202,R3_ORIGINAL,H_REAL3_REPLAN,1,21,1,False,0,COMPLETE,R7_PREREGISTERED_STRESS_TEST_FRESH_CASES,True
reacher,R7_reacher_07e921840cb9bd668708fcd1,REFIT_103203,R3_ORIGINAL,H_POLICY,1,51,3,True,0,COMPLETE,R7_PREREGISTERED_STRESS_TEST_FRESH_CASES,False
reacher,R7_reacher_07e921840cb9bd668708fcd1,REFIT_103203,R3_ORIGINAL,H_REAL3_REPLAN,1,50,2,True,0,COMPLETE,R7_PREREGISTERED_STRESS_TEST_FRESH_CASES,True
reacher,R7_reacher_07f68e2d5cb2f23fe923e07e,H0,R3_ORIGINAL,H_POLICY,1,75,3,True,0,COMPLETE,R7_PREREGISTERED_STRESS_TEST_FRESH_CASES,False
reacher,R7_reacher_07f68e2d5cb2f23fe923e07e,H0,R3_ORIGINAL,H_REAL3_REPLAN,1,27,2,True,0,COMPLETE,R7_PREREGISTERED_STRESS_TEST_FRESH_CASES,True
reacher,R7_reacher_07f68e2d5cb2f23fe923e07e,REFIT_103201,R3_ORIGINAL,H_POLICY,1,28,2,True,0,COMPLETE,R7_PREREGISTERED_STRESS_TEST_FRESH_CASES,False
reacher,R7_reacher_07f68e2d5cb2f23fe923e07e,REFIT_103201,R3_ORIGINAL,H_REAL3_REPLAN,1,27,2,True,0,COMPLETE,R7_PREREGISTERED_STRESS_TEST_FRESH_CASES,True
reacher,R7_reacher_07f68e2d5cb2f23fe923e07e,REFIT_103202,R3_ORIGINAL,H_POLICY,1,29,2,True,0,COMPLETE,R7_PREREGISTERED_STRESS_TEST_FRESH_CASES,False
reacher,R7_reacher_07f68e2d5cb2f23fe923e07e,REFIT_103202,R3_ORIGINAL,H_REAL3_REPLAN,1,27,2,True,0,COMPLETE,R7_PREREGISTERED_STRESS_TEST_FRESH_CASES,True
reacher,R7_reacher_07f68e2d5cb2f23fe923e07e,REFIT_103203,R3_ORIGINAL,H_POLICY,1,29,2,True,0,COMPLETE,R7_PREREGISTERED_STRESS_TEST_FRESH_CASES,False
reacher,R7_reacher_07f68e2d5cb2f23fe923e07e,REFIT_103203,R3_ORIGINAL,H_REAL3_REPLAN,1,27,2,True,0,COMPLETE,R7_PREREGISTERED_STRESS_TEST_FRESH_CASES,True
reacher,R7_reacher_0831e45db3d8c9636a0030a8,H0,R3_ORIGINAL,H_POLICY,1,23,1,False,0,COMPLETE,R7_PREREGISTERED_STRESS_TEST_FRESH_CASES,False
reacher,R7_reacher_0831e45db3d8c9636a0030a8,H0,R3_ORIGINAL,H_REAL3_REPLAN,1,23,1,False,0,COMPLETE,R7_PREREGISTERED_STRESS_TEST_FRESH_CASES,True
reacher,R7_reacher_0831e45db3d8c9636a0030a8,REFIT_103201,R3_ORIGINAL,H_POLICY,1,25,1,False,0,COMPLETE,R7_PREREGISTERED_STRESS_TEST_FRESH_CASES,False
reacher,R7_reacher_0831e45db3d8c9636a0030a8,REFIT_103201,R3_ORIGINAL,H_REAL3_REPLAN,1,25,1,False,0,COMPLETE,R7_PREREGISTERED_STRESS_TEST_FRESH_CASES,True
reacher,R7_reacher_0831e45db3d8c9636a0030a8,REFIT_103202,R3_ORIGINAL,H_POLICY,1,25,1,False,0,COMPLETE,R7_PREREGISTERED_STRESS_TEST_FRESH_CASES,False
reacher,R7_reacher_0831e45db3d8c9636a0030a8,REFIT_103202,R3_ORIGINAL,H_REAL3_REPLAN,1,25,1,False,0,COMPLETE,R7_PREREGISTERED_STRESS_TEST_FRESH_CASES,True
reacher,R7_reacher_0831e45db3d8c9636a0030a8,REFIT_103203,R3_ORIGINAL,H_POLICY,1,24,1,False,0,COMPLETE,R7_PREREGISTERED_STRESS_TEST_FRESH_CASES,False
reacher,R7_reacher_0831e45db3d8c9636a0030a8,REFIT_103203,R3_ORIGINAL,H_REAL3_REPLAN,1,24,1,False,0,COMPLETE,R7_PREREGISTERED_STRESS_TEST_FRESH_CASES,True
reacher,R7_reacher_085bbe99c2028f22c4b2f1f3,H0,R3_ORIGINAL,H_POLICY,1,27,2,True,0,COMPLETE,R7_PREREGISTERED_STRESS_TEST_FRESH_CASES,False
reacher,R7_reacher_085bbe99c2028f22c4b2f1f3,H0,R3_ORIGINAL,H_REAL3_REPLAN,1,28,2,True,0,COMPLETE,R7_PREREGISTERED_STRESS_TEST_FRESH_CASES,True
reacher,R7_reacher_085bbe99c2028f22c4b2f1f3,REFIT_103201,R3_ORIGINAL,H_POLICY,1,27,2,True,0,COMPLETE,R7_PREREGISTERED_STRESS_TEST_FRESH_CASES,False
reacher,R7_reacher_085bbe99c2028f22c4b2f1f3,REFIT_103201,R3_ORIGINAL,H_REAL3_REPLAN,1,50,2,True,0,COMPLETE,R7_PREREGISTERED_STRESS_TEST_FRESH_CASES,True
reacher,R7_reacher_085bbe99c2028f22c4b2f1f3,REFIT_103202,R3_ORIGINAL,H_POLICY,1,27,2,True,0,COMPLETE,R7_PREREGISTERED_STRESS_TEST_FRESH_CASES,False
reacher,R7_reacher_085bbe99c2028f22c4b2f1f3,REFIT_103202,R3_ORIGINAL,H_REAL3_REPLAN,1,26,2,True,0,COMPLETE,R7_PREREGISTERED_STRESS_TEST_FRESH_CASES,True
reacher,R7_reacher_085bbe99c2028f22c4b2f1f3,REFIT_103203,R3_ORIGINAL,H_POLICY,1,27,2,True,0,COMPLETE,R7_PREREGISTERED_STRESS_TEST_FRESH_CASES,False
reacher,R7_reacher_085bbe99c2028f22c4b2f1f3,REFIT_103203,R3_ORIGINAL,H_REAL3_REPLAN,1,26,2,True,0,COMPLETE,R7_PREREGISTERED_STRESS_TEST_FRESH_CASES,True
reacher,R7_reacher_086c4c72d05daa815c90a325,H0,R3_ORIGINAL,H_POLICY,1,15,1,False,0,COMPLETE,R7_PREREGISTERED_STRESS_TEST_FRESH_CASES,False
reacher,R7_reacher_086c4c72d05daa815c90a325,H0,R3_ORIGINAL,H_REAL3_REPLAN,1,15,1,False,0,COMPLETE,R7_PREREGISTERED_STRESS_TEST_FRESH_CASES,True
reacher,R7_reacher_086c4c72d05daa815c90a325,REFIT_103201,R3_ORIGINAL,H_POLICY,1,73,3,True,0,COMPLETE,R7_PREREGISTERED_STRESS_TEST_FRESH_CASES,False
reacher,R7_reacher_086c4c72d05daa815c90a325,REFIT_103201,R3_ORIGINAL,H_REAL3_REPLAN,1,49,2,True,0,COMPLETE,R7_PREREGISTERED_STRESS_TEST_FRESH_CASES,True
reacher,R7_reacher_086c4c72d05daa815c90a325,REFIT_103202,R3_ORIGINAL,H_POLICY,1,50,2,True,0,COMPLETE,R7_PREREGISTERED_STRESS_TEST_FRESH_CASES,False
reacher,R7_reacher_086c4c72d05daa815c90a325,REFIT_103202,R3_ORIGINAL,H_REAL3_REPLAN,1,50,2,True,0,COMPLETE,R7_PREREGISTERED_STRESS_TEST_FRESH_CASES,True
reacher,R7_reacher_086c4c72d05daa815c90a325,REFIT_103203,R3_ORIGINAL,H_POLICY,1,15,1,False,0,COMPLETE,R7_PREREGISTERED_STRESS_TEST_FRESH_CASES,False
reacher,R7_reacher_086c4c72d05daa815c90a325,REFIT_103203,R3_ORIGINAL,H_REAL3_REPLAN,1,15,1,False,0,COMPLETE,R7_PREREGISTERED_STRESS_TEST_FRESH_CASES,True
reacher,R7_reacher_08791dbc55a1c860a9fcba72,H0,R3_ORIGINAL,H_POLICY,1,33,2,True,0,COMPLETE,R7_PREREGISTERED_STRESS_TEST_FRESH_CASES,False
reacher,R7_reacher_08791dbc55a1c860a9fcba72,H0,R3_ORIGINAL,H_REAL3_REPLAN,1,33,2,True,0,COMPLETE,R7_PREREGISTERED_STRESS_TEST_FRESH_CASES,True
reacher,R7_reacher_08791dbc55a1c860a9fcba72,REFIT_103201,R3_ORIGINAL,H_POLICY,1,27,2,True,0,COMPLETE,R7_PREREGISTERED_STRESS_TEST_FRESH_CASES,False
reacher,R7_reacher_08791dbc55a1c860a9fcba72,REFIT_103201,R3_ORIGINAL,H_REAL3_REPLAN,1,29,2,True,0,COMPLETE,R7_PREREGISTERED_STRESS_TEST_FRESH_CASES,True
reacher,R7_reacher_08791dbc55a1c860a9fcba72,REFIT_103202,R3_ORIGINAL,H_POLICY,1,32,2,True,0,COMPLETE,R7_PREREGISTERED_STRESS_TEST_FRESH_CASES,False
reacher,R7_reacher_08791dbc55a1c860a9fcba72,REFIT_103202,R3_ORIGINAL,H_REAL3_REPLAN,1,49,2,True,0,COMPLETE,R7_PREREGISTERED_STRESS_TEST_FRESH_CASES,True
reacher,R7_reacher_08791dbc55a1c860a9fcba72,REFIT_103203,R3_ORIGINAL,H_POLICY,1,29,2,True,0,COMPLETE,R7_PREREGISTERED_STRESS_TEST_FRESH_CASES,False
reacher,R7_reacher_08791dbc55a1c860a9fcba72,REFIT_103203,R3_ORIGINAL,H_REAL3_REPLAN,1,35,2,True,0,COMPLETE,R7_PREREGISTERED_STRESS_TEST_FRESH_CASES,True
reacher,R7_reacher_087fee4764439c4165778372,H0,R3_ORIGINAL,H_POLICY,1,25,1,False,0,COMPLETE,R7_PREREGISTERED_STRESS_TEST_FRESH_CASES,False
reacher,R7_reacher_087fee4764439c4165778372,H0,R3_ORIGINAL,H_REAL3_REPLAN,1,25,1,False,0,COMPLETE,R7_PREREGISTERED_STRESS_TEST_FRESH_CASES,True
reacher,R7_reacher_087fee4764439c4165778372,REFIT_103201,R3_ORIGINAL,H_POLICY,1,52,3,True,0,COMPLETE,R7_PREREGISTERED_STRESS_TEST_FRESH_CASES,False
reacher,R7_reacher_087fee4764439c4165778372,REFIT_103201,R3_ORIGINAL,H_REAL3_REPLAN,1,50,2,True,0,COMPLETE,R7_PREREGISTERED_STRESS_TEST_FRESH_CASES,True
reacher,R7_reacher_087fee4764439c4165778372,REFIT_103202,R3_ORIGINAL,H_POLICY,1,25,1,False,0,COMPLETE,R7_PREREGISTERED_STRESS_TEST_FRESH_CASES,False
reacher,R7_reacher_087fee4764439c4165778372,REFIT_103202,R3_ORIGINAL,H_REAL3_REPLAN,1,25,1,False,0,COMPLETE,R7_PREREGISTERED_STRESS_TEST_FRESH_CASES,True
reacher,R7_reacher_087fee4764439c4165778372,REFIT_103203,R3_ORIGINAL,H_POLICY,1,25,1,False,0,COMPLETE,R7_PREREGISTERED_STRESS_TEST_FRESH_CASES,False
reacher,R7_reacher_087fee4764439c4165778372,REFIT_103203,R3_ORIGINAL,H_REAL3_REPLAN,1,25,1,False,0,COMPLETE,R7_PREREGISTERED_STRESS_TEST_FRESH_CASES,True
reacher,R7_reacher_088b36543d147c4483ceca92,H0,R3_ORIGINAL,H_POLICY,1,47,2,True,0,COMPLETE,R7_PREREGISTERED_STRESS_TEST_FRESH_CASES,False
reacher,R7_reacher_088b36543d147c4483ceca92,H0,R3_ORIGINAL,H_REAL3_REPLAN,1,50,2,True,0,COMPLETE,R7_PREREGISTERED_STRESS_TEST_FRESH_CASES,True
reacher,R7_reacher_088b36543d147c4483ceca92,REFIT_103201,R3_ORIGINAL,H_POLICY,1,44,2,True,0,COMPLETE,R7_PREREGISTERED_STRESS_TEST_FRESH_CASES,False
reacher,R7_reacher_088b36543d147c4483ceca92,REFIT_103201,R3_ORIGINAL,H_REAL3_REPLAN,1,45,2,True,0,COMPLETE,R7_PREREGISTERED_STRESS_TEST_FRESH_CASES,True
reacher,R7_reacher_088b36543d147c4483ceca92,REFIT_103202,R3_ORIGINAL,H_POLICY,1,75,3,True,0,COMPLETE,R7_PREREGISTERED_STRESS_TEST_FRESH_CASES,False
reacher,R7_reacher_088b36543d147c4483ceca92,REFIT_103202,R3_ORIGINAL,H_REAL3_REPLAN,1,43,2,True,0,COMPLETE,R7_PREREGISTERED_STRESS_TEST_FRESH_CASES,True
reacher,R7_reacher_088b36543d147c4483ceca92,REFIT_103203,R3_ORIGINAL,H_POLICY,1,48,2,True,0,COMPLETE,R7_PREREGISTERED_STRESS_TEST_FRESH_CASES,False
reacher,R7_reacher_088b36543d147c4483ceca92,REFIT_103203,R3_ORIGINAL,H_REAL3_REPLAN,1,47,2,True,0,COMPLETE,R7_PREREGISTERED_STRESS_TEST_FRESH_CASES,True
reacher,R7_reacher_0898ef8542627f588c43c97e,H0,R3_ORIGINAL,H_POLICY,1,34,2,True,0,COMPLETE,R7_PREREGISTERED_STRESS_TEST_FRESH_CASES,False
reacher,R7_reacher_0898ef8542627f588c43c97e,H0,R3_ORIGINAL,H_REAL3_REPLAN,1,50,2,True,0,COMPLETE,R7_PREREGISTERED_STRESS_TEST_FRESH_CASES,True
reacher,R7_reacher_0898ef8542627f588c43c97e,REFIT_103201,R3_ORIGINAL,H_POLICY,1,31,2,True,0,COMPLETE,R7_PREREGISTERED_STRESS_TEST_FRESH_CASES,False
reacher,R7_reacher_0898ef8542627f588c43c97e,REFIT_103201,R3_ORIGINAL,H_REAL3_REPLAN,1,50,2,True,0,COMPLETE,R7_PREREGISTERED_STRESS_TEST_FRESH_CASES,True
reacher,R7_reacher_0898ef8542627f588c43c97e,REFIT_103202,R3_ORIGINAL,H_POLICY,1,41,2,True,0,COMPLETE,R7_PREREGISTERED_STRESS_TEST_FRESH_CASES,False
reacher,R7_reacher_0898ef8542627f588c43c97e,REFIT_103202,R3_ORIGINAL,H_REAL3_REPLAN,1,50,2,True,0,COMPLETE,R7_PREREGISTERED_STRESS_TEST_FRESH_CASES,True
reacher,R7_reacher_0898ef8542627f588c43c97e,REFIT_103203,R3_ORIGINAL,H_POLICY,1,30,2,True,0,COMPLETE,R7_PREREGISTERED_STRESS_TEST_FRESH_CASES,False
reacher,R7_reacher_0898ef8542627f588c43c97e,REFIT_103203,R3_ORIGINAL,H_REAL3_REPLAN,1,50,2,True,0,COMPLETE,R7_PREREGISTERED_STRESS_TEST_FRESH_CASES,True
reacher,R7_reacher_089ca956064f6abdcc5b00c4,H0,R3_ORIGINAL,H_POLICY,1,22,1,False,0,COMPLETE,R7_PREREGISTERED_STRESS_TEST_FRESH_CASES,False
reacher,R7_reacher_089ca956064f6abdcc5b00c4,H0,R3_ORIGINAL,H_REAL3_REPLAN,1,22,1,False,0,COMPLETE,R7_PREREGISTERED_STRESS_TEST_FRESH_CASES,True
reacher,R7_reacher_089ca956064f6abdcc5b00c4,REFIT_103201,R3_ORIGINAL,H_POLICY,1,25,1,False,0,COMPLETE,R7_PREREGISTERED_STRESS_TEST_FRESH_CASES,False
reacher,R7_reacher_089ca956064f6abdcc5b00c4,REFIT_103201,R3_ORIGINAL,H_REAL3_REPLAN,1,25,1,False,0,COMPLETE,R7_PREREGISTERED_STRESS_TEST_FRESH_CASES,True
reacher,R7_reacher_089ca956064f6abdcc5b00c4,REFIT_103202,R3_ORIGINAL,H_POLICY,1,25,1,False,0,COMPLETE,R7_PREREGISTERED_STRESS_TEST_FRESH_CASES,False
reacher,R7_reacher_089ca956064f6abdcc5b00c4,REFIT_103202,R3_ORIGINAL,H_REAL3_REPLAN,1,25,1,False,0,COMPLETE,R7_PREREGISTERED_STRESS_TEST_FRESH_CASES,True
reacher,R7_reacher_089ca956064f6abdcc5b00c4,REFIT_103203,R3_ORIGINAL,H_POLICY,1,26,2,True,0,COMPLETE,R7_PREREGISTERED_STRESS_TEST_FRESH_CASES,False
reacher,R7_reacher_089ca956064f6abdcc5b00c4,REFIT_103203,R3_ORIGINAL,H_REAL3_REPLAN,1,26,2,True,0,COMPLETE,R7_PREREGISTERED_STRESS_TEST_FRESH_CASES,True
reacher,R7_reacher_08b002f2f2231aebe40703c4,H0,R3_ORIGINAL,H_POLICY,1,75,3,True,0,COMPLETE,R7_PREREGISTERED_STRESS_TEST_FRESH_CASES,False
reacher,R7_reacher_08b002f2f2231aebe40703c4,H0,R3_ORIGINAL,H_REAL3_REPLAN,1,49,2,True,0,COMPLETE,R7_PREREGISTERED_STRESS_TEST_FRESH_CASES,True
reacher,R7_reacher_08b002f2f2231aebe40703c4,REFIT_103201,R3_ORIGINAL,H_POLICY,1,25,1,False,0,COMPLETE,R7_PREREGISTERED_STRESS_TEST_FRESH_CASES,False
reacher,R7_reacher_08b002f2f2231aebe40703c4,REFIT_103201,R3_ORIGINAL,H_REAL3_REPLAN,1,25,1,False,0,COMPLETE,R7_PREREGISTERED_STRESS_TEST_FRESH_CASES,True
reacher,R7_reacher_08b002f2f2231aebe40703c4,REFIT_103202,R3_ORIGINAL,H_POLICY,1,32,2,True,0,COMPLETE,R7_PREREGISTERED_STRESS_TEST_FRESH_CASES,False
reacher,R7_reacher_08b002f2f2231aebe40703c4,REFIT_103202,R3_ORIGINAL,H_REAL3_REPLAN,1,32,2,True,0,COMPLETE,R7_PREREGISTERED_STRESS_TEST_FRESH_CASES,True
reacher,R7_reacher_08b002f2f2231aebe40703c4,REFIT_103203,R3_ORIGINAL,H_POLICY,1,37,2,True,0,COMPLETE,R7_PREREGISTERED_STRESS_TEST_FRESH_CASES,False
reacher,R7_reacher_08b002f2f2231aebe40703c4,REFIT_103203,R3_ORIGINAL,H_REAL3_REPLAN,1,50,2,True,0,COMPLETE,R7_PREREGISTERED_STRESS_TEST_FRESH_CASES,True
reacher,R7_reacher_08b6bb3c0a0b1b10e1f1ed3a,H0,R3_ORIGINAL,H_POLICY,1,64,3,True,0,COMPLETE,R7_PREREGISTERED_STRESS_TEST_FRESH_CASES,False
reacher,R7_reacher_08b6bb3c0a0b1b10e1f1ed3a,H0,R3_ORIGINAL,H_REAL3_REPLAN,1,50,2,True,0,COMPLETE,R7_PREREGISTERED_STRESS_TEST_FRESH_CASES,True
reacher,R7_reacher_08b6bb3c0a0b1b10e1f1ed3a,REFIT_103201,R3_ORIGINAL,H_POLICY,1,34,2,True,0,COMPLETE,R7_PREREGISTERED_STRESS_TEST_FRESH_CASES,False
reacher,R7_reacher_08b6bb3c0a0b1b10e1f1ed3a,REFIT_103201,R3_ORIGINAL,H_REAL3_REPLAN,1,49,2,True,0,COMPLETE,R7_PREREGISTERED_STRESS_TEST_FRESH_CASES,True
reacher,R7_reacher_08b6bb3c0a0b1b10e1f1ed3a,REFIT_103202,R3_ORIGINAL,H_POLICY,0,100,4,True,0,COMPLETE,R7_PREREGISTERED_STRESS_TEST_FRESH_CASES,False
reacher,R7_reacher_08b6bb3c0a0b1b10e1f1ed3a,REFIT_103202,R3_ORIGINAL,H_REAL3_REPLAN,1,49,2,True,0,COMPLETE,R7_PREREGISTERED_STRESS_TEST_FRESH_CASES,True
reacher,R7_reacher_08b6bb3c0a0b1b10e1f1ed3a,REFIT_103203,R3_ORIGINAL,H_POLICY,1,64,3,True,0,COMPLETE,R7_PREREGISTERED_STRESS_TEST_FRESH_CASES,False
reacher,R7_reacher_08b6bb3c0a0b1b10e1f1ed3a,REFIT_103203,R3_ORIGINAL,H_REAL3_REPLAN,1,49,2,True,0,COMPLETE,R7_PREREGISTERED_STRESS_TEST_FRESH_CASES,True
reacher,R7_reacher_08bc83b318e508c81fca4627,H0,R3_ORIGINAL,H_POLICY,1,1,1,False,0,COMPLETE,R7_PREREGISTERED_STRESS_TEST_FRESH_CASES,False
reacher,R7_reacher_08bc83b318e508c81fca4627,H0,R3_ORIGINAL,H_REAL3_REPLAN,1,1,1,False,0,COMPLETE,R7_PREREGISTERED_STRESS_TEST_FRESH_CASES,True
reacher,R7_reacher_08bc83b318e508c81fca4627,REFIT_103201,R3_ORIGINAL,H_POLICY,1,1,1,False,0,COMPLETE,R7_PREREGISTERED_STRESS_TEST_FRESH_CASES,False
reacher,R7_reacher_08bc83b318e508c81fca4627,REFIT_103201,R3_ORIGINAL,H_REAL3_REPLAN,1,1,1,False,0,COMPLETE,R7_PREREGISTERED_STRESS_TEST_FRESH_CASES,True
reacher,R7_reacher_08bc83b318e508c81fca4627,REFIT_103202,R3_ORIGINAL,H_POLICY,1,3,1,False,0,COMPLETE,R7_PREREGISTERED_STRESS_TEST_FRESH_CASES,False
reacher,R7_reacher_08bc83b318e508c81fca4627,REFIT_103202,R3_ORIGINAL,H_REAL3_REPLAN,1,3,1,False,0,COMPLETE,R7_PREREGISTERED_STRESS_TEST_FRESH_CASES,True
reacher,R7_reacher_08bc83b318e508c81fca4627,REFIT_103203,R3_ORIGINAL,H_POLICY,1,1,1,False,0,COMPLETE,R7_PREREGISTERED_STRESS_TEST_FRESH_CASES,False
reacher,R7_reacher_08bc83b318e508c81fca4627,REFIT_103203,R3_ORIGINAL,H_REAL3_REPLAN,1,1,1,False,0,COMPLETE,R7_PREREGISTERED_STRESS_TEST_FRESH_CASES,True
reacher,R7_reacher_08d1c4ab87ecc0d2ce5c0af5,H0,R3_ORIGINAL,H_POLICY,1,42,2,True,0,COMPLETE,R7_PREREGISTERED_STRESS_TEST_FRESH_CASES,False
reacher,R7_reacher_08d1c4ab87ecc0d2ce5c0af5,H0,R3_ORIGINAL,H_REAL3_REPLAN,1,44,2,True,0,COMPLETE,R7_PREREGISTERED_STRESS_TEST_FRESH_CASES,True
reacher,R7_reacher_08d1c4ab87ecc0d2ce5c0af5,REFIT_103201,R3_ORIGINAL,H_POLICY,1,25,1,False,0,COMPLETE,R7_PREREGISTERED_STRESS_TEST_FRESH_CASES,False
reacher,R7_reacher_08d1c4ab87ecc0d2ce5c0af5,REFIT_103201,R3_ORIGINAL,H_REAL3_REPLAN,1,25,1,False,0,COMPLETE,R7_PREREGISTERED_STRESS_TEST_FRESH_CASES,True
reacher,R7_reacher_08d1c4ab87ecc0d2ce5c0af5,REFIT_103202,R3_ORIGINAL,H_POLICY,1,25,1,False,0,COMPLETE,R7_PREREGISTERED_STRESS_TEST_FRESH_CASES,False
reacher,R7_reacher_08d1c4ab87ecc0d2ce5c0af5,REFIT_103202,R3_ORIGINAL,H_REAL3_REPLAN,1,25,1,False,0,COMPLETE,R7_PREREGISTERED_STRESS_TEST_FRESH_CASES,True
reacher,R7_reacher_08d1c4ab87ecc0d2ce5c0af5,REFIT_103203,R3_ORIGINAL,H_POLICY,1,25,1,False,0,COMPLETE,R7_PREREGISTERED_STRESS_TEST_FRESH_CASES,False
reacher,R7_reacher_08d1c4ab87ecc0d2ce5c0af5,REFIT_103203,R3_ORIGINAL,H_REAL3_REPLAN,1,25,1,False,0,COMPLETE,R7_PREREGISTERED_STRESS_TEST_FRESH_CASES,True
reacher,R7_reacher_08df79c04682c5e1c9699ea6,H0,R3_ORIGINAL,H_POLICY,1,13,1,False,0,COMPLETE,R7_PREREGISTERED_STRESS_TEST_FRESH_CASES,False
reacher,R7_reacher_08df79c04682c5e1c9699ea6,H0,R3_ORIGINAL,H_REAL3_REPLAN,1,13,1,False,0,COMPLETE,R7_PREREGISTERED_STRESS_TEST_FRESH_CASES,True
reacher,R7_reacher_08df79c04682c5e1c9699ea6,REFIT_103201,R3_ORIGINAL,H_POLICY,1,18,1,False,0,COMPLETE,R7_PREREGISTERED_STRESS_TEST_FRESH_CASES,False
reacher,R7_reacher_08df79c04682c5e1c9699ea6,REFIT_103201,R3_ORIGINAL,H_REAL3_REPLAN,1,18,1,False,0,COMPLETE,R7_PREREGISTERED_STRESS_TEST_FRESH_CASES,True
reacher,R7_reacher_08df79c04682c5e1c9699ea6,REFIT_103202,R3_ORIGINAL,H_POLICY,1,27,2,True,0,COMPLETE,R7_PREREGISTERED_STRESS_TEST_FRESH_CASES,False
reacher,R7_reacher_08df79c04682c5e1c9699ea6,REFIT_103202,R3_ORIGINAL,H_REAL3_REPLAN,1,26,2,True,0,COMPLETE,R7_PREREGISTERED_STRESS_TEST_FRESH_CASES,True
reacher,R7_reacher_08df79c04682c5e1c9699ea6,REFIT_103203,R3_ORIGINAL,H_POLICY,1,13,1,False,0,COMPLETE,R7_PREREGISTERED_STRESS_TEST_FRESH_CASES,False
reacher,R7_reacher_08df79c04682c5e1c9699ea6,REFIT_103203,R3_ORIGINAL,H_REAL3_REPLAN,1,13,1,False,0,COMPLETE,R7_PREREGISTERED_STRESS_TEST_FRESH_CASES,True
reacher,R7_reacher_08fc09b71294c5eaa37fe053,H0,R3_ORIGINAL,H_POLICY,1,52,3,True,0,COMPLETE,R7_PREREGISTERED_STRESS_TEST_FRESH_CASES,False
reacher,R7_reacher_08fc09b71294c5eaa37fe053,H0,R3_ORIGINAL,H_REAL3_REPLAN,1,48,2,True,0,COMPLETE,R7_PREREGISTERED_STRESS_TEST_FRESH_CASES,True
reacher,R7_reacher_08fc09b71294c5eaa37fe053,REFIT_103201,R3_ORIGINAL,H_POLICY,1,71,3,True,0,COMPLETE,R7_PREREGISTERED_STRESS_TEST_FRESH_CASES,False
reacher,R7_reacher_08fc09b71294c5eaa37fe053,REFIT_103201,R3_ORIGINAL,H_REAL3_REPLAN,1,44,2,True,0,COMPLETE,R7_PREREGISTERED_STRESS_TEST_FRESH_CASES,True
reacher,R7_reacher_08fc09b71294c5eaa37fe053,REFIT_103202,R3_ORIGINAL,H_POLICY,1,66,3,True,0,COMPLETE,R7_PREREGISTERED_STRESS_TEST_FRESH_CASES,False
reacher,R7_reacher_08fc09b71294c5eaa37fe053,REFIT_103202,R3_ORIGINAL,H_REAL3_REPLAN,1,38,2,True,0,COMPLETE,R7_PREREGISTERED_STRESS_TEST_FRESH_CASES,True
reacher,R7_reacher_08fc09b71294c5eaa37fe053,REFIT_103203,R3_ORIGINAL,H_POLICY,1,53,3,True,0,COMPLETE,R7_PREREGISTERED_STRESS_TEST_FRESH_CASES,False
reacher,R7_reacher_08fc09b71294c5eaa37fe053,REFIT_103203,R3_ORIGINAL,H_REAL3_REPLAN,1,44,2,True,0,COMPLETE,R7_PREREGISTERED_STRESS_TEST_FRESH_CASES,True
reacher,R7_reacher_091ccb5d4011f535188486f5,H0,R3_ORIGINAL,H_POLICY,1,23,1,False,0,COMPLETE,R7_PREREGISTERED_STRESS_TEST_FRESH_CASES,False
reacher,R7_reacher_091ccb5d4011f535188486f5,H0,R3_ORIGINAL,H_REAL3_REPLAN,1,23,1,False,0,COMPLETE,R7_PREREGISTERED_STRESS_TEST_FRESH_CASES,True
reacher,R7_reacher_091ccb5d4011f535188486f5,REFIT_103201,R3_ORIGINAL,H_POLICY,1,25,1,False,0,COMPLETE,R7_PREREGISTERED_STRESS_TEST_FRESH_CASES,False
reacher,R7_reacher_091ccb5d4011f535188486f5,REFIT_103201,R3_ORIGINAL,H_REAL3_REPLAN,1,25,1,False,0,COMPLETE,R7_PREREGISTERED_STRESS_TEST_FRESH_CASES,True
reacher,R7_reacher_091ccb5d4011f535188486f5,REFIT_103202,R3_ORIGINAL,H_POLICY,1,24,1,False,0,COMPLETE,R7_PREREGISTERED_STRESS_TEST_FRESH_CASES,False
reacher,R7_reacher_091ccb5d4011f535188486f5,REFIT_103202,R3_ORIGINAL,H_REAL3_REPLAN,1,24,1,False,0,COMPLETE,R7_PREREGISTERED_STRESS_TEST_FRESH_CASES,True
reacher,R7_reacher_091ccb5d4011f535188486f5,REFIT_103203,R3_ORIGINAL,H_POLICY,1,24,1,False,0,COMPLETE,R7_PREREGISTERED_STRESS_TEST_FRESH_CASES,False
reacher,R7_reacher_091ccb5d4011f535188486f5,REFIT_103203,R3_ORIGINAL,H_REAL3_REPLAN,1,24,1,False,0,COMPLETE,R7_PREREGISTERED_STRESS_TEST_FRESH_CASES,True
reacher,R7_reacher_09259855026d6f58fbb4bfa3,H0,R3_ORIGINAL,H_POLICY,1,26,2,True,0,COMPLETE,R7_PREREGISTERED_STRESS_TEST_FRESH_CASES,False
reacher,R7_reacher_09259855026d6f58fbb4bfa3,H0,R3_ORIGINAL,H_REAL3_REPLAN,1,32,2,True,0,COMPLETE,R7_PREREGISTERED_STRESS_TEST_FRESH_CASES,True
reacher,R7_reacher_09259855026d6f58fbb4bfa3,REFIT_103201,R3_ORIGINAL,H_POLICY,1,25,1,False,0,COMPLETE,R7_PREREGISTERED_STRESS_TEST_FRESH_CASES,False
reacher,R7_reacher_09259855026d6f58fbb4bfa3,REFIT_103201,R3_ORIGINAL,H_REAL3_REPLAN,1,25,1,False,0,COMPLETE,R7_PREREGISTERED_STRESS_TEST_FRESH_CASES,True
reacher,R7_reacher_09259855026d6f58fbb4bfa3,REFIT_103202,R3_ORIGINAL,H_POLICY,1,25,1,False,0,COMPLETE,R7_PREREGISTERED_STRESS_TEST_FRESH_CASES,False
reacher,R7_reacher_09259855026d6f58fbb4bfa3,REFIT_103202,R3_ORIGINAL,H_REAL3_REPLAN,1,25,1,False,0,COMPLETE,R7_PREREGISTERED_STRESS_TEST_FRESH_CASES,True
reacher,R7_reacher_09259855026d6f58fbb4bfa3,REFIT_103203,R3_ORIGINAL,H_POLICY,1,25,1,False,0,COMPLETE,R7_PREREGISTERED_STRESS_TEST_FRESH_CASES,False
reacher,R7_reacher_09259855026d6f58fbb4bfa3,REFIT_103203,R3_ORIGINAL,H_REAL3_REPLAN,1,25,1,False,0,COMPLETE,R7_PREREGISTERED_STRESS_TEST_FRESH_CASES,True
reacher,R7_reacher_09556a74785e2e4e22db9270,H0,R3_ORIGINAL,H_POLICY,1,22,1,False,0,COMPLETE,R7_PREREGISTERED_STRESS_TEST_FRESH_CASES,False
reacher,R7_reacher_09556a74785e2e4e22db9270,H0,R3_ORIGINAL,H_REAL3_REPLAN,1,22,1,False,0,COMPLETE,R7_PREREGISTERED_STRESS_TEST_FRESH_CASES,True
reacher,R7_reacher_09556a74785e2e4e22db9270,REFIT_103201,R3_ORIGINAL,H_POLICY,1,27,2,True,0,COMPLETE,R7_PREREGISTERED_STRESS_TEST_FRESH_CASES,False
reacher,R7_reacher_09556a74785e2e4e22db9270,REFIT_103201,R3_ORIGINAL,H_REAL3_REPLAN,1,31,2,True,0,COMPLETE,R7_PREREGISTERED_STRESS_TEST_FRESH_CASES,True
reacher,R7_reacher_09556a74785e2e4e22db9270,REFIT_103202,R3_ORIGINAL,H_POLICY,1,33,2,True,0,COMPLETE,R7_PREREGISTERED_STRESS_TEST_FRESH_CASES,False
reacher,R7_reacher_09556a74785e2e4e22db9270,REFIT_103202,R3_ORIGINAL,H_REAL3_REPLAN,1,74,3,True,0,COMPLETE,R7_PREREGISTERED_STRESS_TEST_FRESH_CASES,True
reacher,R7_reacher_09556a74785e2e4e22db9270,REFIT_103203,R3_ORIGINAL,H_POLICY,1,30,2,True,0,COMPLETE,R7_PREREGISTERED_STRESS_TEST_FRESH_CASES,False
reacher,R7_reacher_09556a74785e2e4e22db9270,REFIT_103203,R3_ORIGINAL,H_REAL3_REPLAN,1,75,3,True,0,COMPLETE,R7_PREREGISTERED_STRESS_TEST_FRESH_CASES,True
reacher,R7_reacher_09672a546ecc9cd8836e6f36,H0,R3_ORIGINAL,H_POLICY,1,24,1,False,0,COMPLETE,R7_PREREGISTERED_STRESS_TEST_FRESH_CASES,False
reacher,R7_reacher_09672a546ecc9cd8836e6f36,H0,R3_ORIGINAL,H_REAL3_REPLAN,1,24,1,False,0,COMPLETE,R7_PREREGISTERED_STRESS_TEST_FRESH_CASES,True
reacher,R7_reacher_09672a546ecc9cd8836e6f36,REFIT_103201,R3_ORIGINAL,H_POLICY,1,24,1,False,0,COMPLETE,R7_PREREGISTERED_STRESS_TEST_FRESH_CASES,False
reacher,R7_reacher_09672a546ecc9cd8836e6f36,REFIT_103201,R3_ORIGINAL,H_REAL3_REPLAN,1,24,1,False,0,COMPLETE,R7_PREREGISTERED_STRESS_TEST_FRESH_CASES,True
reacher,R7_reacher_09672a546ecc9cd8836e6f36,REFIT_103202,R3_ORIGINAL,H_POLICY,1,23,1,False,0,COMPLETE,R7_PREREGISTERED_STRESS_TEST_FRESH_CASES,False
reacher,R7_reacher_09672a546ecc9cd8836e6f36,REFIT_103202,R3_ORIGINAL,H_REAL3_REPLAN,1,23,1,False,0,COMPLETE,R7_PREREGISTERED_STRESS_TEST_FRESH_CASES,True
reacher,R7_reacher_09672a546ecc9cd8836e6f36,REFIT_103203,R3_ORIGINAL,H_POLICY,1,25,1,False,0,COMPLETE,R7_PREREGISTERED_STRESS_TEST_FRESH_CASES,False
reacher,R7_reacher_09672a546ecc9cd8836e6f36,REFIT_103203,R3_ORIGINAL,H_REAL3_REPLAN,1,25,1,False,0,COMPLETE,R7_PREREGISTERED_STRESS_TEST_FRESH_CASES,True
reacher,R7_reacher_09a47861d324c4e18bb27656,H0,R3_ORIGINAL,H_POLICY,1,24,1,False,0,COMPLETE,R7_PREREGISTERED_STRESS_TEST_FRESH_CASES,False
reacher,R7_reacher_09a47861d324c4e18bb27656,H0,R3_ORIGINAL,H_REAL3_REPLAN,1,24,1,False,0,COMPLETE,R7_PREREGISTERED_STRESS_TEST_FRESH_CASES,True
reacher,R7_reacher_09a47861d324c4e18bb27656,REFIT_103201,R3_ORIGINAL,H_POLICY,1,25,1,False,0,COMPLETE,R7_PREREGISTERED_STRESS_TEST_FRESH_CASES,False
reacher,R7_reacher_09a47861d324c4e18bb27656,REFIT_103201,R3_ORIGINAL,H_REAL3_REPLAN,1,25,1,False,0,COMPLETE,R7_PREREGISTERED_STRESS_TEST_FRESH_CASES,True
reacher,R7_reacher_09a47861d324c4e18bb27656,REFIT_103202,R3_ORIGINAL,H_POLICY,1,21,1,False,0,COMPLETE,R7_PREREGISTERED_STRESS_TEST_FRESH_CASES,False
reacher,R7_reacher_09a47861d324c4e18bb27656,REFIT_103202,R3_ORIGINAL,H_REAL3_REPLAN,1,21,1,False,0,COMPLETE,R7_PREREGISTERED_STRESS_TEST_FRESH_CASES,True
reacher,R7_reacher_09a47861d324c4e18bb27656,REFIT_103203,R3_ORIGINAL,H_POLICY,1,23,1,False,0,COMPLETE,R7_PREREGISTERED_STRESS_TEST_FRESH_CASES,False
reacher,R7_reacher_09a47861d324c4e18bb27656,REFIT_103203,R3_ORIGINAL,H_REAL3_REPLAN,1,23,1,False,0,COMPLETE,R7_PREREGISTERED_STRESS_TEST_FRESH_CASES,True
reacher,R7_reacher_09c5603a7991e4c9b46a1bef,H0,R3_ORIGINAL,H_POLICY,1,28,2,True,0,COMPLETE,R7_PREREGISTERED_STRESS_TEST_FRESH_CASES,False
reacher,R7_reacher_09c5603a7991e4c9b46a1bef,H0,R3_ORIGINAL,H_REAL3_REPLAN,1,50,2,True,0,COMPLETE,R7_PREREGISTERED_STRESS_TEST_FRESH_CASES,True
reacher,R7_reacher_09c5603a7991e4c9b46a1bef,REFIT_103201,R3_ORIGINAL,H_POLICY,1,32,2,True,0,COMPLETE,R7_PREREGISTERED_STRESS_TEST_FRESH_CASES,False
reacher,R7_reacher_09c5603a7991e4c9b46a1bef,REFIT_103201,R3_ORIGINAL,H_REAL3_REPLAN,1,50,2,True,0,COMPLETE,R7_PREREGISTERED_STRESS_TEST_FRESH_CASES,True
reacher,R7_reacher_09c5603a7991e4c9b46a1bef,REFIT_103202,R3_ORIGINAL,H_POLICY,1,28,2,True,0,COMPLETE,R7_PREREGISTERED_STRESS_TEST_FRESH_CASES,False
reacher,R7_reacher_09c5603a7991e4c9b46a1bef,REFIT_103202,R3_ORIGINAL,H_REAL3_REPLAN,1,28,2,True,0,COMPLETE,R7_PREREGISTERED_STRESS_TEST_FRESH_CASES,True
reacher,R7_reacher_09c5603a7991e4c9b46a1bef,REFIT_103203,R3_ORIGINAL,H_POLICY,1,50,2,True,0,COMPLETE,R7_PREREGISTERED_STRESS_TEST_FRESH_CASES,False
reacher,R7_reacher_09c5603a7991e4c9b46a1bef,REFIT_103203,R3_ORIGINAL,H_REAL3_REPLAN,1,30,2,True,0,COMPLETE,R7_PREREGISTERED_STRESS_TEST_FRESH_CASES,True
reacher,R7_reacher_09da30f4c789c1a93d39016e,H0,R3_ORIGINAL,H_POLICY,1,50,2,True,0,COMPLETE,R7_PREREGISTERED_STRESS_TEST_FRESH_CASES,False
reacher,R7_reacher_09da30f4c789c1a93d39016e,H0,R3_ORIGINAL,H_REAL3_REPLAN,1,26,2,True,0,COMPLETE,R7_PREREGISTERED_STRESS_TEST_FRESH_CASES,True
reacher,R7_reacher_09da30f4c789c1a93d39016e,REFIT_103201,R3_ORIGINAL,H_POLICY,1,23,1,False,0,COMPLETE,R7_PREREGISTERED_STRESS_TEST_FRESH_CASES,False
reacher,R7_reacher_09da30f4c789c1a93d39016e,REFIT_103201,R3_ORIGINAL,H_REAL3_REPLAN,1,23,1,False,0,COMPLETE,R7_PREREGISTERED_STRESS_TEST_FRESH_CASES,True
reacher,R7_reacher_09da30f4c789c1a93d39016e,REFIT_103202,R3_ORIGINAL,H_POLICY,1,24,1,False,0,COMPLETE,R7_PREREGISTERED_STRESS_TEST_FRESH_CASES,False
reacher,R7_reacher_09da30f4c789c1a93d39016e,REFIT_103202,R3_ORIGINAL,H_REAL3_REPLAN,1,24,1,False,0,COMPLETE,R7_PREREGISTERED_STRESS_TEST_FRESH_CASES,True
reacher,R7_reacher_09da30f4c789c1a93d39016e,REFIT_103203,R3_ORIGINAL,H_POLICY,1,22,1,False,0,COMPLETE,R7_PREREGISTERED_STRESS_TEST_FRESH_CASES,False
reacher,R7_reacher_09da30f4c789c1a93d39016e,REFIT_103203,R3_ORIGINAL,H_REAL3_REPLAN,1,22,1,False,0,COMPLETE,R7_PREREGISTERED_STRESS_TEST_FRESH_CASES,True
reacher,R7_reacher_09de8c6be6909b99d19eda26,H0,R3_ORIGINAL,H_POLICY,1,27,2,True,0,COMPLETE,R7_PREREGISTERED_STRESS_TEST_FRESH_CASES,False
reacher,R7_reacher_09de8c6be6909b99d19eda26,H0,R3_ORIGINAL,H_REAL3_REPLAN,1,42,2,True,0,COMPLETE,R7_PREREGISTERED_STRESS_TEST_FRESH_CASES,True
reacher,R7_reacher_09de8c6be6909b99d19eda26,REFIT_103201,R3_ORIGINAL,H_POLICY,1,26,2,True,0,COMPLETE,R7_PREREGISTERED_STRESS_TEST_FRESH_CASES,False
reacher,R7_reacher_09de8c6be6909b99d19eda26,REFIT_103201,R3_ORIGINAL,H_REAL3_REPLAN,1,26,2,True,0,COMPLETE,R7_PREREGISTERED_STRESS_TEST_FRESH_CASES,True
reacher,R7_reacher_09de8c6be6909b99d19eda26,REFIT_103202,R3_ORIGINAL,H_POLICY,1,12,1,False,0,COMPLETE,R7_PREREGISTERED_STRESS_TEST_FRESH_CASES,False
reacher,R7_reacher_09de8c6be6909b99d19eda26,REFIT_103202,R3_ORIGINAL,H_REAL3_REPLAN,1,12,1,False,0,COMPLETE,R7_PREREGISTERED_STRESS_TEST_FRESH_CASES,True
reacher,R7_reacher_09de8c6be6909b99d19eda26,REFIT_103203,R3_ORIGINAL,H_POLICY,1,12,1,False,0,COMPLETE,R7_PREREGISTERED_STRESS_TEST_FRESH_CASES,False
reacher,R7_reacher_09de8c6be6909b99d19eda26,REFIT_103203,R3_ORIGINAL,H_REAL3_REPLAN,1,12,1,False,0,COMPLETE,R7_PREREGISTERED_STRESS_TEST_FRESH_CASES,True
reacher,R7_reacher_09e0272740f157016da6f4c2,H0,R3_ORIGINAL,H_POLICY,1,25,1,False,0,COMPLETE,R7_PREREGISTERED_STRESS_TEST_FRESH_CASES,False
reacher,R7_reacher_09e0272740f157016da6f4c2,H0,R3_ORIGINAL,H_REAL3_REPLAN,1,25,1,False,0,COMPLETE,R7_PREREGISTERED_STRESS_TEST_FRESH_CASES,True
reacher,R7_reacher_09e0272740f157016da6f4c2,REFIT_103201,R3_ORIGINAL,H_POLICY,1,25,1,False,0,COMPLETE,R7_PREREGISTERED_STRESS_TEST_FRESH_CASES,False
reacher,R7_reacher_09e0272740f157016da6f4c2,REFIT_103201,R3_ORIGINAL,H_REAL3_REPLAN,1,25,1,False,0,COMPLETE,R7_PREREGISTERED_STRESS_TEST_FRESH_CASES,True
reacher,R7_reacher_09e0272740f157016da6f4c2,REFIT_103202,R3_ORIGINAL,H_POLICY,1,25,1,False,0,COMPLETE,R7_PREREGISTERED_STRESS_TEST_FRESH_CASES,False
reacher,R7_reacher_09e0272740f157016da6f4c2,REFIT_103202,R3_ORIGINAL,H_REAL3_REPLAN,1,25,1,False,0,COMPLETE,R7_PREREGISTERED_STRESS_TEST_FRESH_CASES,True
reacher,R7_reacher_09e0272740f157016da6f4c2,REFIT_103203,R3_ORIGINAL,H_POLICY,1,25,1,False,0,COMPLETE,R7_PREREGISTERED_STRESS_TEST_FRESH_CASES,False
reacher,R7_reacher_09e0272740f157016da6f4c2,REFIT_103203,R3_ORIGINAL,H_REAL3_REPLAN,1,25,1,False,0,COMPLETE,R7_PREREGISTERED_STRESS_TEST_FRESH_CASES,True
reacher,R7_reacher_0a586d622d11a2001b814ccf,H0,R3_ORIGINAL,H_POLICY,0,100,4,True,0,COMPLETE,R7_PREREGISTERED_STRESS_TEST_FRESH_CASES,False
reacher,R7_reacher_0a586d622d11a2001b814ccf,H0,R3_ORIGINAL,H_REAL3_REPLAN,0,100,4,True,0,COMPLETE,R7_PREREGISTERED_STRESS_TEST_FRESH_CASES,True
reacher,R7_reacher_0a586d622d11a2001b814ccf,REFIT_103201,R3_ORIGINAL,H_POLICY,1,75,3,True,0,COMPLETE,R7_PREREGISTERED_STRESS_TEST_FRESH_CASES,False
reacher,R7_reacher_0a586d622d11a2001b814ccf,REFIT_103201,R3_ORIGINAL,H_REAL3_REPLAN,1,50,2,True,0,COMPLETE,R7_PREREGISTERED_STRESS_TEST_FRESH_CASES,True
reacher,R7_reacher_0a586d622d11a2001b814ccf,REFIT_103202,R3_ORIGINAL,H_POLICY,0,100,4,True,0,COMPLETE,R7_PREREGISTERED_STRESS_TEST_FRESH_CASES,False
reacher,R7_reacher_0a586d622d11a2001b814ccf,REFIT_103202,R3_ORIGINAL,H_REAL3_REPLAN,1,75,3,True,0,COMPLETE,R7_PREREGISTERED_STRESS_TEST_FRESH_CASES,True
reacher,R7_reacher_0a586d622d11a2001b814ccf,REFIT_103203,R3_ORIGINAL,H_POLICY,0,100,4,True,0,COMPLETE,R7_PREREGISTERED_STRESS_TEST_FRESH_CASES,False
reacher,R7_reacher_0a586d622d11a2001b814ccf,REFIT_103203,R3_ORIGINAL,H_REAL3_REPLAN,1,48,2,True,0,COMPLETE,R7_PREREGISTERED_STRESS_TEST_FRESH_CASES,True
reacher,R7_reacher_0a62a34ae820f9440c1f6773,H0,R3_ORIGINAL,H_POLICY,1,24,1,False,0,COMPLETE,R7_PREREGISTERED_STRESS_TEST_FRESH_CASES,False
reacher,R7_reacher_0a62a34ae820f9440c1f6773,H0,R3_ORIGINAL,H_REAL3_REPLAN,1,24,1,False,0,COMPLETE,R7_PREREGISTERED_STRESS_TEST_FRESH_CASES,True
reacher,R7_reacher_0a62a34ae820f9440c1f6773,REFIT_103201,R3_ORIGINAL,H_POLICY,1,10,1,False,0,COMPLETE,R7_PREREGISTERED_STRESS_TEST_FRESH_CASES,False
reacher,R7_reacher_0a62a34ae820f9440c1f6773,REFIT_103201,R3_ORIGINAL,H_REAL3_REPLAN,1,10,1,False,0,COMPLETE,R7_PREREGISTERED_STRESS_TEST_FRESH_CASES,True
reacher,R7_reacher_0a62a34ae820f9440c1f6773,REFIT_103202,R3_ORIGINAL,H_POLICY,1,24,1,False,0,COMPLETE,R7_PREREGISTERED_STRESS_TEST_FRESH_CASES,False
reacher,R7_reacher_0a62a34ae820f9440c1f6773,REFIT_103202,R3_ORIGINAL,H_REAL3_REPLAN,1,24,1,False,0,COMPLETE,R7_PREREGISTERED_STRESS_TEST_FRESH_CASES,True
reacher,R7_reacher_0a62a34ae820f9440c1f6773,REFIT_103203,R3_ORIGINAL,H_POLICY,1,76,4,True,0,COMPLETE,R7_PREREGISTERED_STRESS_TEST_FRESH_CASES,False
reacher,R7_reacher_0a62a34ae820f9440c1f6773,REFIT_103203,R3_ORIGINAL,H_REAL3_REPLAN,1,47,2,True,0,COMPLETE,R7_PREREGISTERED_STRESS_TEST_FRESH_CASES,True
reacher,R7_reacher_0a7092c7dff7225532cf04b5,H0,R3_ORIGINAL,H_POLICY,1,29,2,True,0,COMPLETE,R7_PREREGISTERED_STRESS_TEST_FRESH_CASES,False
reacher,R7_reacher_0a7092c7dff7225532cf04b5,H0,R3_ORIGINAL,H_REAL3_REPLAN,1,45,2,True,0,COMPLETE,R7_PREREGISTERED_STRESS_TEST_FRESH_CASES,True
reacher,R7_reacher_0a7092c7dff7225532cf04b5,REFIT_103201,R3_ORIGINAL,H_POLICY,1,27,2,True,0,COMPLETE,R7_PREREGISTERED_STRESS_TEST_FRESH_CASES,False
reacher,R7_reacher_0a7092c7dff7225532cf04b5,REFIT_103201,R3_ORIGINAL,H_REAL3_REPLAN,1,28,2,True,0,COMPLETE,R7_PREREGISTERED_STRESS_TEST_FRESH_CASES,True
reacher,R7_reacher_0a7092c7dff7225532cf04b5,REFIT_103202,R3_ORIGINAL,H_POLICY,1,29,2,True,0,COMPLETE,R7_PREREGISTERED_STRESS_TEST_FRESH_CASES,False
reacher,R7_reacher_0a7092c7dff7225532cf04b5,REFIT_103202,R3_ORIGINAL,H_REAL3_REPLAN,1,30,2,True,0,COMPLETE,R7_PREREGISTERED_STRESS_TEST_FRESH_CASES,True
reacher,R7_reacher_0a7092c7dff7225532cf04b5,REFIT_103203,R3_ORIGINAL,H_POLICY,1,32,2,True,0,COMPLETE,R7_PREREGISTERED_STRESS_TEST_FRESH_CASES,False
reacher,R7_reacher_0a7092c7dff7225532cf04b5,REFIT_103203,R3_ORIGINAL,H_REAL3_REPLAN,1,33,2,True,0,COMPLETE,R7_PREREGISTERED_STRESS_TEST_FRESH_CASES,True
reacher,R7_reacher_0a9eb0622d96e0949ad35106,H0,R3_ORIGINAL,H_POLICY,1,4,1,False,0,COMPLETE,R7_PREREGISTERED_STRESS_TEST_FRESH_CASES,False
reacher,R7_reacher_0a9eb0622d96e0949ad35106,H0,R3_ORIGINAL,H_REAL3_REPLAN,1,4,1,False,0,COMPLETE,R7_PREREGISTERED_STRESS_TEST_FRESH_CASES,True
reacher,R7_reacher_0a9eb0622d96e0949ad35106,REFIT_103201,R3_ORIGINAL,H_POLICY,1,7,1,False,0,COMPLETE,R7_PREREGISTERED_STRESS_TEST_FRESH_CASES,False
reacher,R7_reacher_0a9eb0622d96e0949ad35106,REFIT_103201,R3_ORIGINAL,H_REAL3_REPLAN,1,7,1,False,0,COMPLETE,R7_PREREGISTERED_STRESS_TEST_FRESH_CASES,True
reacher,R7_reacher_0a9eb0622d96e0949ad35106,REFIT_103202,R3_ORIGINAL,H_POLICY,1,8,1,False,0,COMPLETE,R7_PREREGISTERED_STRESS_TEST_FRESH_CASES,False
reacher,R7_reacher_0a9eb0622d96e0949ad35106,REFIT_103202,R3_ORIGINAL,H_REAL3_REPLAN,1,8,1,False,0,COMPLETE,R7_PREREGISTERED_STRESS_TEST_FRESH_CASES,True
reacher,R7_reacher_0a9eb0622d96e0949ad35106,REFIT_103203,R3_ORIGINAL,H_POLICY,1,13,1,False,0,COMPLETE,R7_PREREGISTERED_STRESS_TEST_FRESH_CASES,False
reacher,R7_reacher_0a9eb0622d96e0949ad35106,REFIT_103203,R3_ORIGINAL,H_REAL3_REPLAN,1,13,1,False,0,COMPLETE,R7_PREREGISTERED_STRESS_TEST_FRESH_CASES,True
reacher,R7_reacher_0ad48b70d7fa4db6f6b5c8a3,H0,R3_ORIGINAL,H_POLICY,1,23,1,False,0,COMPLETE,R7_PREREGISTERED_STRESS_TEST_FRESH_CASES,False
reacher,R7_reacher_0ad48b70d7fa4db6f6b5c8a3,H0,R3_ORIGINAL,H_REAL3_REPLAN,1,23,1,False,0,COMPLETE,R7_PREREGISTERED_STRESS_TEST_FRESH_CASES,True
reacher,R7_reacher_0ad48b70d7fa4db6f6b5c8a3,REFIT_103201,R3_ORIGINAL,H_POLICY,0,100,4,True,0,COMPLETE,R7_PREREGISTERED_STRESS_TEST_FRESH_CASES,False
reacher,R7_reacher_0ad48b70d7fa4db6f6b5c8a3,REFIT_103201,R3_ORIGINAL,H_REAL3_REPLAN,0,100,4,True,0,COMPLETE,R7_PREREGISTERED_STRESS_TEST_FRESH_CASES,True
reacher,R7_reacher_0ad48b70d7fa4db6f6b5c8a3,REFIT_103202,R3_ORIGINAL,H_POLICY,0,100,4,True,0,COMPLETE,R7_PREREGISTERED_STRESS_TEST_FRESH_CASES,False
reacher,R7_reacher_0ad48b70d7fa4db6f6b5c8a3,REFIT_103202,R3_ORIGINAL,H_REAL3_REPLAN,0,100,4,True,0,COMPLETE,R7_PREREGISTERED_STRESS_TEST_FRESH_CASES,True
reacher,R7_reacher_0ad48b70d7fa4db6f6b5c8a3,REFIT_103203,R3_ORIGINAL,H_POLICY,0,100,4,True,0,COMPLETE,R7_PREREGISTERED_STRESS_TEST_FRESH_CASES,False
reacher,R7_reacher_0ad48b70d7fa4db6f6b5c8a3,REFIT_103203,R3_ORIGINAL,H_REAL3_REPLAN,0,100,4,True,0,COMPLETE,R7_PREREGISTERED_STRESS_TEST_FRESH_CASES,True
reacher,R7_reacher_0ae787fe84f6e2a36330fd57,H0,R3_ORIGINAL,H_POLICY,1,41,2,True,0,COMPLETE,R7_PREREGISTERED_STRESS_TEST_FRESH_CASES,False
reacher,R7_reacher_0ae787fe84f6e2a36330fd57,H0,R3_ORIGINAL,H_REAL3_REPLAN,1,40,2,True,0,COMPLETE,R7_PREREGISTERED_STRESS_TEST_FRESH_CASES,True
reacher,R7_reacher_0ae787fe84f6e2a36330fd57,REFIT_103201,R3_ORIGINAL,H_POLICY,1,32,2,True,0,COMPLETE,R7_PREREGISTERED_STRESS_TEST_FRESH_CASES,False
reacher,R7_reacher_0ae787fe84f6e2a36330fd57,REFIT_103201,R3_ORIGINAL,H_REAL3_REPLAN,1,49,2,True,0,COMPLETE,R7_PREREGISTERED_STRESS_TEST_FRESH_CASES,True
reacher,R7_reacher_0ae787fe84f6e2a36330fd57,REFIT_103202,R3_ORIGINAL,H_POLICY,1,73,3,True,0,COMPLETE,R7_PREREGISTERED_STRESS_TEST_FRESH_CASES,False
reacher,R7_reacher_0ae787fe84f6e2a36330fd57,REFIT_103202,R3_ORIGINAL,H_REAL3_REPLAN,1,27,2,True,0,COMPLETE,R7_PREREGISTERED_STRESS_TEST_FRESH_CASES,True
reacher,R7_reacher_0ae787fe84f6e2a36330fd57,REFIT_103203,R3_ORIGINAL,H_POLICY,1,64,3,True,0,COMPLETE,R7_PREREGISTERED_STRESS_TEST_FRESH_CASES,False
reacher,R7_reacher_0ae787fe84f6e2a36330fd57,REFIT_103203,R3_ORIGINAL,H_REAL3_REPLAN,1,27,2,True,0,COMPLETE,R7_PREREGISTERED_STRESS_TEST_FRESH_CASES,True
reacher,R7_reacher_0ae7ef175277c110c11348f6,H0,R3_ORIGINAL,H_POLICY,1,79,4,True,0,COMPLETE,R7_PREREGISTERED_STRESS_TEST_FRESH_CASES,False
reacher,R7_reacher_0ae7ef175277c110c11348f6,H0,R3_ORIGINAL,H_REAL3_REPLAN,1,62,3,True,0,COMPLETE,R7_PREREGISTERED_STRESS_TEST_FRESH_CASES,True
reacher,R7_reacher_0ae7ef175277c110c11348f6,REFIT_103201,R3_ORIGINAL,H_POLICY,1,41,2,True,0,COMPLETE,R7_PREREGISTERED_STRESS_TEST_FRESH_CASES,False
reacher,R7_reacher_0ae7ef175277c110c11348f6,REFIT_103201,R3_ORIGINAL,H_REAL3_REPLAN,1,49,2,True,0,COMPLETE,R7_PREREGISTERED_STRESS_TEST_FRESH_CASES,True
reacher,R7_reacher_0ae7ef175277c110c11348f6,REFIT_103202,R3_ORIGINAL,H_POLICY,1,72,3,True,0,COMPLETE,R7_PREREGISTERED_STRESS_TEST_FRESH_CASES,False
reacher,R7_reacher_0ae7ef175277c110c11348f6,REFIT_103202,R3_ORIGINAL,H_REAL3_REPLAN,1,50,2,True,0,COMPLETE,R7_PREREGISTERED_STRESS_TEST_FRESH_CASES,True
reacher,R7_reacher_0ae7ef175277c110c11348f6,REFIT_103203,R3_ORIGINAL,H_POLICY,1,74,3,True,0,COMPLETE,R7_PREREGISTERED_STRESS_TEST_FRESH_CASES,False
reacher,R7_reacher_0ae7ef175277c110c11348f6,REFIT_103203,R3_ORIGINAL,H_REAL3_REPLAN,1,32,2,True,0,COMPLETE,R7_PREREGISTERED_STRESS_TEST_FRESH_CASES,True
reacher,R7_reacher_008f95b1d93de778a42bc06d,H0,R4_ALT_CEM_1,H_POLICY,1,45,2,True,0,COMPLETE,R7_PREREGISTERED_STRESS_TEST_FRESH_CASES,False
reacher,R7_reacher_008f95b1d93de778a42bc06d,H0,R4_ALT_CEM_1,H_REAL3_REPLAN,1,51,3,True,0,COMPLETE,R7_PREREGISTERED_STRESS_TEST_FRESH_CASES,True
reacher,R7_reacher_008f95b1d93de778a42bc06d,REFIT_103201,R4_ALT_CEM_1,H_POLICY,1,36,2,True,0,COMPLETE,R7_PREREGISTERED_STRESS_TEST_FRESH_CASES,False
reacher,R7_reacher_008f95b1d93de778a42bc06d,REFIT_103201,R4_ALT_CEM_1,H_REAL3_REPLAN,1,49,2,True,0,COMPLETE,R7_PREREGISTERED_STRESS_TEST_FRESH_CASES,True
reacher,R7_reacher_008f95b1d93de778a42bc06d,REFIT_103202,R4_ALT_CEM_1,H_POLICY,1,45,2,True,0,COMPLETE,R7_PREREGISTERED_STRESS_TEST_FRESH_CASES,False
reacher,R7_reacher_008f95b1d93de778a42bc06d,REFIT_103202,R4_ALT_CEM_1,H_REAL3_REPLAN,1,51,3,True,0,COMPLETE,R7_PREREGISTERED_STRESS_TEST_FRESH_CASES,True
reacher,R7_reacher_008f95b1d93de778a42bc06d,REFIT_103203,R4_ALT_CEM_1,H_POLICY,1,47,2,True,0,COMPLETE,R7_PREREGISTERED_STRESS_TEST_FRESH_CASES,False
reacher,R7_reacher_008f95b1d93de778a42bc06d,REFIT_103203,R4_ALT_CEM_1,H_REAL3_REPLAN,1,49,2,True,0,COMPLETE,R7_PREREGISTERED_STRESS_TEST_FRESH_CASES,True
reacher,R7_reacher_00978606ef467b72992b6d55,H0,R4_ALT_CEM_1,H_POLICY,1,23,1,False,0,COMPLETE,R7_PREREGISTERED_STRESS_TEST_FRESH_CASES,False
reacher,R7_reacher_00978606ef467b72992b6d55,H0,R4_ALT_CEM_1,H_REAL3_REPLAN,1,23,1,False,0,COMPLETE,R7_PREREGISTERED_STRESS_TEST_FRESH_CASES,True
reacher,R7_reacher_00978606ef467b72992b6d55,REFIT_103201,R4_ALT_CEM_1,H_POLICY,1,23,1,False,0,COMPLETE,R7_PREREGISTERED_STRESS_TEST_FRESH_CASES,False
reacher,R7_reacher_00978606ef467b72992b6d55,REFIT_103201,R4_ALT_CEM_1,H_REAL3_REPLAN,1,23,1,False,0,COMPLETE,R7_PREREGISTERED_STRESS_TEST_FRESH_CASES,True
reacher,R7_reacher_00978606ef467b72992b6d55,REFIT_103202,R4_ALT_CEM_1,H_POLICY,1,50,2,True,0,COMPLETE,R7_PREREGISTERED_STRESS_TEST_FRESH_CASES,False
reacher,R7_reacher_00978606ef467b72992b6d55,REFIT_103202,R4_ALT_CEM_1,H_REAL3_REPLAN,1,41,2,True,0,COMPLETE,R7_PREREGISTERED_STRESS_TEST_FRESH_CASES,True
reacher,R7_reacher_00978606ef467b72992b6d55,REFIT_103203,R4_ALT_CEM_1,H_POLICY,1,23,1,False,0,COMPLETE,R7_PREREGISTERED_STRESS_TEST_FRESH_CASES,False
reacher,R7_reacher_00978606ef467b72992b6d55,REFIT_103203,R4_ALT_CEM_1,H_REAL3_REPLAN,1,23,1,False,0,COMPLETE,R7_PREREGISTERED_STRESS_TEST_FRESH_CASES,True
reacher,R7_reacher_00f305b4af31fc3e03fe530d,H0,R4_ALT_CEM_1,H_POLICY,1,49,2,True,0,COMPLETE,R7_PREREGISTERED_STRESS_TEST_FRESH_CASES,False
reacher,R7_reacher_00f305b4af31fc3e03fe530d,H0,R4_ALT_CEM_1,H_REAL3_REPLAN,1,39,2,True,0,COMPLETE,R7_PREREGISTERED_STRESS_TEST_FRESH_CASES,True
reacher,R7_reacher_00f305b4af31fc3e03fe530d,REFIT_103201,R4_ALT_CEM_1,H_POLICY,1,37,2,True,0,COMPLETE,R7_PREREGISTERED_STRESS_TEST_FRESH_CASES,False
reacher,R7_reacher_00f305b4af31fc3e03fe530d,REFIT_103201,R4_ALT_CEM_1,H_REAL3_REPLAN,1,29,2,True,0,COMPLETE,R7_PREREGISTERED_STRESS_TEST_FRESH_CASES,True
reacher,R7_reacher_00f305b4af31fc3e03fe530d,REFIT_103202,R4_ALT_CEM_1,H_POLICY,1,38,2,True,0,COMPLETE,R7_PREREGISTERED_STRESS_TEST_FRESH_CASES,False
reacher,R7_reacher_00f305b4af31fc3e03fe530d,REFIT_103202,R4_ALT_CEM_1,H_REAL3_REPLAN,1,39,2,True,0,COMPLETE,R7_PREREGISTERED_STRESS_TEST_FRESH_CASES,True
reacher,R7_reacher_00f305b4af31fc3e03fe530d,REFIT_103203,R4_ALT_CEM_1,H_POLICY,1,37,2,True,0,COMPLETE,R7_PREREGISTERED_STRESS_TEST_FRESH_CASES,False
reacher,R7_reacher_00f305b4af31fc3e03fe530d,REFIT_103203,R4_ALT_CEM_1,H_REAL3_REPLAN,1,42,2,True,0,COMPLETE,R7_PREREGISTERED_STRESS_TEST_FRESH_CASES,True
reacher,R7_reacher_013cbf60956462066fdfc1af,H0,R4_ALT_CEM_1,H_POLICY,1,15,1,False,0,COMPLETE,R7_PREREGISTERED_STRESS_TEST_FRESH_CASES,False
reacher,R7_reacher_013cbf60956462066fdfc1af,H0,R4_ALT_CEM_1,H_REAL3_REPLAN,1,15,1,False,0,COMPLETE,R7_PREREGISTERED_STRESS_TEST_FRESH_CASES,True
reacher,R7_reacher_013cbf60956462066fdfc1af,REFIT_103201,R4_ALT_CEM_1,H_POLICY,1,19,1,False,0,COMPLETE,R7_PREREGISTERED_STRESS_TEST_FRESH_CASES,False
reacher,R7_reacher_013cbf60956462066fdfc1af,REFIT_103201,R4_ALT_CEM_1,H_REAL3_REPLAN,1,19,1,False,0,COMPLETE,R7_PREREGISTERED_STRESS_TEST_FRESH_CASES,True
reacher,R7_reacher_013cbf60956462066fdfc1af,REFIT_103202,R4_ALT_CEM_1,H_POLICY,1,10,1,False,0,COMPLETE,R7_PREREGISTERED_STRESS_TEST_FRESH_CASES,False
reacher,R7_reacher_013cbf60956462066fdfc1af,REFIT_103202,R4_ALT_CEM_1,H_REAL3_REPLAN,1,10,1,False,0,COMPLETE,R7_PREREGISTERED_STRESS_TEST_FRESH_CASES,True
reacher,R7_reacher_013cbf60956462066fdfc1af,REFIT_103203,R4_ALT_CEM_1,H_POLICY,1,36,2,True,0,COMPLETE,R7_PREREGISTERED_STRESS_TEST_FRESH_CASES,False
reacher,R7_reacher_013cbf60956462066fdfc1af,REFIT_103203,R4_ALT_CEM_1,H_REAL3_REPLAN,1,50,2,True,0,COMPLETE,R7_PREREGISTERED_STRESS_TEST_FRESH_CASES,True
reacher,R7_reacher_014e68add07a685a9ce0ab2e,H0,R4_ALT_CEM_1,H_POLICY,1,15,1,False,0,COMPLETE,R7_PREREGISTERED_STRESS_TEST_FRESH_CASES,False
reacher,R7_reacher_014e68add07a685a9ce0ab2e,H0,R4_ALT_CEM_1,H_REAL3_REPLAN,1,15,1,False,0,COMPLETE,R7_PREREGISTERED_STRESS_TEST_FRESH_CASES,True
reacher,R7_reacher_014e68add07a685a9ce0ab2e,REFIT_103201,R4_ALT_CEM_1,H_POLICY,1,51,3,True,0,COMPLETE,R7_PREREGISTERED_STRESS_TEST_FRESH_CASES,False
reacher,R7_reacher_014e68add07a685a9ce0ab2e,REFIT_103201,R4_ALT_CEM_1,H_REAL3_REPLAN,1,50,2,True,0,COMPLETE,R7_PREREGISTERED_STRESS_TEST_FRESH_CASES,True
reacher,R7_reacher_014e68add07a685a9ce0ab2e,REFIT_103202,R4_ALT_CEM_1,H_POLICY,1,25,1,False,0,COMPLETE,R7_PREREGISTERED_STRESS_TEST_FRESH_CASES,False
reacher,R7_reacher_014e68add07a685a9ce0ab2e,REFIT_103202,R4_ALT_CEM_1,H_REAL3_REPLAN,1,25,1,False,0,COMPLETE,R7_PREREGISTERED_STRESS_TEST_FRESH_CASES,True
reacher,R7_reacher_014e68add07a685a9ce0ab2e,REFIT_103203,R4_ALT_CEM_1,H_POLICY,1,25,1,False,0,COMPLETE,R7_PREREGISTERED_STRESS_TEST_FRESH_CASES,False
reacher,R7_reacher_014e68add07a685a9ce0ab2e,REFIT_103203,R4_ALT_CEM_1,H_REAL3_REPLAN,1,25,1,False,0,COMPLETE,R7_PREREGISTERED_STRESS_TEST_FRESH_CASES,True
reacher,R7_reacher_01c790ba2fdea50edb4b2a74,H0,R4_ALT_CEM_1,H_POLICY,0,100,4,True,0,COMPLETE,R7_PREREGISTERED_STRESS_TEST_FRESH_CASES,False
reacher,R7_reacher_01c790ba2fdea50edb4b2a74,H0,R4_ALT_CEM_1,H_REAL3_REPLAN,0,100,4,True,0,COMPLETE,R7_PREREGISTERED_STRESS_TEST_FRESH_CASES,True
reacher,R7_reacher_01c790ba2fdea50edb4b2a74,REFIT_103201,R4_ALT_CEM_1,H_POLICY,0,100,4,True,0,COMPLETE,R7_PREREGISTERED_STRESS_TEST_FRESH_CASES,False
reacher,R7_reacher_01c790ba2fdea50edb4b2a74,REFIT_103201,R4_ALT_CEM_1,H_REAL3_REPLAN,0,100,4,True,0,COMPLETE,R7_PREREGISTERED_STRESS_TEST_FRESH_CASES,True
reacher,R7_reacher_01c790ba2fdea50edb4b2a74,REFIT_103202,R4_ALT_CEM_1,H_POLICY,0,100,4,True,0,COMPLETE,R7_PREREGISTERED_STRESS_TEST_FRESH_CASES,False
reacher,R7_reacher_01c790ba2fdea50edb4b2a74,REFIT_103202,R4_ALT_CEM_1,H_REAL3_REPLAN,0,100,4,True,0,COMPLETE,R7_PREREGISTERED_STRESS_TEST_FRESH_CASES,True
reacher,R7_reacher_01c790ba2fdea50edb4b2a74,REFIT_103203,R4_ALT_CEM_1,H_POLICY,0,100,4,True,0,COMPLETE,R7_PREREGISTERED_STRESS_TEST_FRESH_CASES,False
reacher,R7_reacher_01c790ba2fdea50edb4b2a74,REFIT_103203,R4_ALT_CEM_1,H_REAL3_REPLAN,0,100,4,True,0,COMPLETE,R7_PREREGISTERED_STRESS_TEST_FRESH_CASES,True
reacher,R7_reacher_01cc5ff8b1d16bc9b6b96cf2,H0,R4_ALT_CEM_1,H_POLICY,1,23,1,False,0,COMPLETE,R7_PREREGISTERED_STRESS_TEST_FRESH_CASES,False
reacher,R7_reacher_01cc5ff8b1d16bc9b6b96cf2,H0,R4_ALT_CEM_1,H_REAL3_REPLAN,1,23,1,False,0,COMPLETE,R7_PREREGISTERED_STRESS_TEST_FRESH_CASES,True
reacher,R7_reacher_01cc5ff8b1d16bc9b6b96cf2,REFIT_103201,R4_ALT_CEM_1,H_POLICY,1,21,1,False,0,COMPLETE,R7_PREREGISTERED_STRESS_TEST_FRESH_CASES,False
reacher,R7_reacher_01cc5ff8b1d16bc9b6b96cf2,REFIT_103201,R4_ALT_CEM_1,H_REAL3_REPLAN,1,21,1,False,0,COMPLETE,R7_PREREGISTERED_STRESS_TEST_FRESH_CASES,True
reacher,R7_reacher_01cc5ff8b1d16bc9b6b96cf2,REFIT_103202,R4_ALT_CEM_1,H_POLICY,1,24,1,False,0,COMPLETE,R7_PREREGISTERED_STRESS_TEST_FRESH_CASES,False
reacher,R7_reacher_01cc5ff8b1d16bc9b6b96cf2,REFIT_103202,R4_ALT_CEM_1,H_REAL3_REPLAN,1,24,1,False,0,COMPLETE,R7_PREREGISTERED_STRESS_TEST_FRESH_CASES,True
reacher,R7_reacher_01cc5ff8b1d16bc9b6b96cf2,REFIT_103203,R4_ALT_CEM_1,H_POLICY,1,25,1,False,0,COMPLETE,R7_PREREGISTERED_STRESS_TEST_FRESH_CASES,False
reacher,R7_reacher_01cc5ff8b1d16bc9b6b96cf2,REFIT_103203,R4_ALT_CEM_1,H_REAL3_REPLAN,1,25,1,False,0,COMPLETE,R7_PREREGISTERED_STRESS_TEST_FRESH_CASES,True
reacher,R7_reacher_01d25c55458ab04e22aa2bf6,H0,R4_ALT_CEM_1,H_POLICY,1,12,1,False,0,COMPLETE,R7_PREREGISTERED_STRESS_TEST_FRESH_CASES,False
reacher,R7_reacher_01d25c55458ab04e22aa2bf6,H0,R4_ALT_CEM_1,H_REAL3_REPLAN,1,12,1,False,0,COMPLETE,R7_PREREGISTERED_STRESS_TEST_FRESH_CASES,True
reacher,R7_reacher_01d25c55458ab04e22aa2bf6,REFIT_103201,R4_ALT_CEM_1,H_POLICY,1,6,1,False,0,COMPLETE,R7_PREREGISTERED_STRESS_TEST_FRESH_CASES,False
reacher,R7_reacher_01d25c55458ab04e22aa2bf6,REFIT_103201,R4_ALT_CEM_1,H_REAL3_REPLAN,1,6,1,False,0,COMPLETE,R7_PREREGISTERED_STRESS_TEST_FRESH_CASES,True
reacher,R7_reacher_01d25c55458ab04e22aa2bf6,REFIT_103202,R4_ALT_CEM_1,H_POLICY,1,4,1,False,0,COMPLETE,R7_PREREGISTERED_STRESS_TEST_FRESH_CASES,False
reacher,R7_reacher_01d25c55458ab04e22aa2bf6,REFIT_103202,R4_ALT_CEM_1,H_REAL3_REPLAN,1,4,1,False,0,COMPLETE,R7_PREREGISTERED_STRESS_TEST_FRESH_CASES,True
reacher,R7_reacher_01d25c55458ab04e22aa2bf6,REFIT_103203,R4_ALT_CEM_1,H_POLICY,1,4,1,False,0,COMPLETE,R7_PREREGISTERED_STRESS_TEST_FRESH_CASES,False
reacher,R7_reacher_01d25c55458ab04e22aa2bf6,REFIT_103203,R4_ALT_CEM_1,H_REAL3_REPLAN,1,4,1,False,0,COMPLETE,R7_PREREGISTERED_STRESS_TEST_FRESH_CASES,True
reacher,R7_reacher_01ec1493e75ef3c5c63b6669,H0,R4_ALT_CEM_1,H_POLICY,1,5,1,False,0,COMPLETE,R7_PREREGISTERED_STRESS_TEST_FRESH_CASES,False
reacher,R7_reacher_01ec1493e75ef3c5c63b6669,H0,R4_ALT_CEM_1,H_REAL3_REPLAN,1,5,1,False,0,COMPLETE,R7_PREREGISTERED_STRESS_TEST_FRESH_CASES,True
reacher,R7_reacher_01ec1493e75ef3c5c63b6669,REFIT_103201,R4_ALT_CEM_1,H_POLICY,1,6,1,False,0,COMPLETE,R7_PREREGISTERED_STRESS_TEST_FRESH_CASES,False
reacher,R7_reacher_01ec1493e75ef3c5c63b6669,REFIT_103201,R4_ALT_CEM_1,H_REAL3_REPLAN,1,6,1,False,0,COMPLETE,R7_PREREGISTERED_STRESS_TEST_FRESH_CASES,True
reacher,R7_reacher_01ec1493e75ef3c5c63b6669,REFIT_103202,R4_ALT_CEM_1,H_POLICY,1,6,1,False,0,COMPLETE,R7_PREREGISTERED_STRESS_TEST_FRESH_CASES,False
reacher,R7_reacher_01ec1493e75ef3c5c63b6669,REFIT_103202,R4_ALT_CEM_1,H_REAL3_REPLAN,1,6,1,False,0,COMPLETE,R7_PREREGISTERED_STRESS_TEST_FRESH_CASES,True
reacher,R7_reacher_01ec1493e75ef3c5c63b6669,REFIT_103203,R4_ALT_CEM_1,H_POLICY,1,16,1,False,0,COMPLETE,R7_PREREGISTERED_STRESS_TEST_FRESH_CASES,False
reacher,R7_reacher_01ec1493e75ef3c5c63b6669,REFIT_103203,R4_ALT_CEM_1,H_REAL3_REPLAN,1,16,1,False,0,COMPLETE,R7_PREREGISTERED_STRESS_TEST_FRESH_CASES,True
reacher,R7_reacher_020a0a776f6f5e79819a3c41,H0,R4_ALT_CEM_1,H_POLICY,0,100,4,True,0,COMPLETE,R7_PREREGISTERED_STRESS_TEST_FRESH_CASES,False
reacher,R7_reacher_020a0a776f6f5e79819a3c41,H0,R4_ALT_CEM_1,H_REAL3_REPLAN,0,100,4,True,0,COMPLETE,R7_PREREGISTERED_STRESS_TEST_FRESH_CASES,True
reacher,R7_reacher_020a0a776f6f5e79819a3c41,REFIT_103201,R4_ALT_CEM_1,H_POLICY,1,25,1,False,0,COMPLETE,R7_PREREGISTERED_STRESS_TEST_FRESH_CASES,False
reacher,R7_reacher_020a0a776f6f5e79819a3c41,REFIT_103201,R4_ALT_CEM_1,H_REAL3_REPLAN,1,25,1,False,0,COMPLETE,R7_PREREGISTERED_STRESS_TEST_FRESH_CASES,True
reacher,R7_reacher_020a0a776f6f5e79819a3c41,REFIT_103202,R4_ALT_CEM_1,H_POLICY,1,25,1,False,0,COMPLETE,R7_PREREGISTERED_STRESS_TEST_FRESH_CASES,False
reacher,R7_reacher_020a0a776f6f5e79819a3c41,REFIT_103202,R4_ALT_CEM_1,H_REAL3_REPLAN,1,25,1,False,0,COMPLETE,R7_PREREGISTERED_STRESS_TEST_FRESH_CASES,True
reacher,R7_reacher_020a0a776f6f5e79819a3c41,REFIT_103203,R4_ALT_CEM_1,H_POLICY,1,25,1,False,0,COMPLETE,R7_PREREGISTERED_STRESS_TEST_FRESH_CASES,False
reacher,R7_reacher_020a0a776f6f5e79819a3c41,REFIT_103203,R4_ALT_CEM_1,H_REAL3_REPLAN,1,25,1,False,0,COMPLETE,R7_PREREGISTERED_STRESS_TEST_FRESH_CASES,True
reacher,R7_reacher_021f9cd8e41133fd462e3638,H0,R4_ALT_CEM_1,H_POLICY,1,27,2,True,0,COMPLETE,R7_PREREGISTERED_STRESS_TEST_FRESH_CASES,False
reacher,R7_reacher_021f9cd8e41133fd462e3638,H0,R4_ALT_CEM_1,H_REAL3_REPLAN,1,50,2,True,0,COMPLETE,R7_PREREGISTERED_STRESS_TEST_FRESH_CASES,True
reacher,R7_reacher_021f9cd8e41133fd462e3638,REFIT_103201,R4_ALT_CEM_1,H_POLICY,1,93,4,True,0,COMPLETE,R7_PREREGISTERED_STRESS_TEST_FRESH_CASES,False
reacher,R7_reacher_021f9cd8e41133fd462e3638,REFIT_103201,R4_ALT_CEM_1,H_REAL3_REPLAN,1,50,2,True,0,COMPLETE,R7_PREREGISTERED_STRESS_TEST_FRESH_CASES,True
reacher,R7_reacher_021f9cd8e41133fd462e3638,REFIT_103202,R4_ALT_CEM_1,H_POLICY,0,100,4,True,0,COMPLETE,R7_PREREGISTERED_STRESS_TEST_FRESH_CASES,False
reacher,R7_reacher_021f9cd8e41133fd462e3638,REFIT_103202,R4_ALT_CEM_1,H_REAL3_REPLAN,1,39,2,True,0,COMPLETE,R7_PREREGISTERED_STRESS_TEST_FRESH_CASES,True
reacher,R7_reacher_021f9cd8e41133fd462e3638,REFIT_103203,R4_ALT_CEM_1,H_POLICY,0,100,4,True,0,COMPLETE,R7_PREREGISTERED_STRESS_TEST_FRESH_CASES,False
reacher,R7_reacher_021f9cd8e41133fd462e3638,REFIT_103203,R4_ALT_CEM_1,H_REAL3_REPLAN,1,50,2,True,0,COMPLETE,R7_PREREGISTERED_STRESS_TEST_FRESH_CASES,True
reacher,R7_reacher_021ff8567d6024f5963f0795,H0,R4_ALT_CEM_1,H_POLICY,1,22,1,False,0,COMPLETE,R7_PREREGISTERED_STRESS_TEST_FRESH_CASES,False
reacher,R7_reacher_021ff8567d6024f5963f0795,H0,R4_ALT_CEM_1,H_REAL3_REPLAN,1,22,1,False,0,COMPLETE,R7_PREREGISTERED_STRESS_TEST_FRESH_CASES,True
reacher,R7_reacher_021ff8567d6024f5963f0795,REFIT_103201,R4_ALT_CEM_1,H_POLICY,1,11,1,False,0,COMPLETE,R7_PREREGISTERED_STRESS_TEST_FRESH_CASES,False
reacher,R7_reacher_021ff8567d6024f5963f0795,REFIT_103201,R4_ALT_CEM_1,H_REAL3_REPLAN,1,11,1,False,0,COMPLETE,R7_PREREGISTERED_STRESS_TEST_FRESH_CASES,True
reacher,R7_reacher_021ff8567d6024f5963f0795,REFIT_103202,R4_ALT_CEM_1,H_POLICY,1,25,1,False,0,COMPLETE,R7_PREREGISTERED_STRESS_TEST_FRESH_CASES,False
reacher,R7_reacher_021ff8567d6024f5963f0795,REFIT_103202,R4_ALT_CEM_1,H_REAL3_REPLAN,1,25,1,False,0,COMPLETE,R7_PREREGISTERED_STRESS_TEST_FRESH_CASES,True
reacher,R7_reacher_021ff8567d6024f5963f0795,REFIT_103203,R4_ALT_CEM_1,H_POLICY,1,15,1,False,0,COMPLETE,R7_PREREGISTERED_STRESS_TEST_FRESH_CASES,False
reacher,R7_reacher_021ff8567d6024f5963f0795,REFIT_103203,R4_ALT_CEM_1,H_REAL3_REPLAN,1,15,1,False,0,COMPLETE,R7_PREREGISTERED_STRESS_TEST_FRESH_CASES,True
reacher,R7_reacher_023527d5586a631ddd2cbb0e,H0,R4_ALT_CEM_1,H_POLICY,1,24,1,False,0,COMPLETE,R7_PREREGISTERED_STRESS_TEST_FRESH_CASES,False
reacher,R7_reacher_023527d5586a631ddd2cbb0e,H0,R4_ALT_CEM_1,H_REAL3_REPLAN,1,24,1,False,0,COMPLETE,R7_PREREGISTERED_STRESS_TEST_FRESH_CASES,True
reacher,R7_reacher_023527d5586a631ddd2cbb0e,REFIT_103201,R4_ALT_CEM_1,H_POLICY,1,20,1,False,0,COMPLETE,R7_PREREGISTERED_STRESS_TEST_FRESH_CASES,False
reacher,R7_reacher_023527d5586a631ddd2cbb0e,REFIT_103201,R4_ALT_CEM_1,H_REAL3_REPLAN,1,20,1,False,0,COMPLETE,R7_PREREGISTERED_STRESS_TEST_FRESH_CASES,True
reacher,R7_reacher_023527d5586a631ddd2cbb0e,REFIT_103202,R4_ALT_CEM_1,H_POLICY,1,23,1,False,0,COMPLETE,R7_PREREGISTERED_STRESS_TEST_FRESH_CASES,False
reacher,R7_reacher_023527d5586a631ddd2cbb0e,REFIT_103202,R4_ALT_CEM_1,H_REAL3_REPLAN,1,23,1,False,0,COMPLETE,R7_PREREGISTERED_STRESS_TEST_FRESH_CASES,True
reacher,R7_reacher_023527d5586a631ddd2cbb0e,REFIT_103203,R4_ALT_CEM_1,H_POLICY,1,23,1,False,0,COMPLETE,R7_PREREGISTERED_STRESS_TEST_FRESH_CASES,False
reacher,R7_reacher_023527d5586a631ddd2cbb0e,REFIT_103203,R4_ALT_CEM_1,H_REAL3_REPLAN,1,23,1,False,0,COMPLETE,R7_PREREGISTERED_STRESS_TEST_FRESH_CASES,True
reacher,R7_reacher_023a7fd828db2fa2206ae22b,H0,R4_ALT_CEM_1,H_POLICY,1,25,1,False,0,COMPLETE,R7_PREREGISTERED_STRESS_TEST_FRESH_CASES,False
reacher,R7_reacher_023a7fd828db2fa2206ae22b,H0,R4_ALT_CEM_1,H_REAL3_REPLAN,1,25,1,False,0,COMPLETE,R7_PREREGISTERED_STRESS_TEST_FRESH_CASES,True
reacher,R7_reacher_023a7fd828db2fa2206ae22b,REFIT_103201,R4_ALT_CEM_1,H_POLICY,1,25,1,False,0,COMPLETE,R7_PREREGISTERED_STRESS_TEST_FRESH_CASES,False
reacher,R7_reacher_023a7fd828db2fa2206ae22b,REFIT_103201,R4_ALT_CEM_1,H_REAL3_REPLAN,1,25,1,False,0,COMPLETE,R7_PREREGISTERED_STRESS_TEST_FRESH_CASES,True
reacher,R7_reacher_023a7fd828db2fa2206ae22b,REFIT_103202,R4_ALT_CEM_1,H_POLICY,1,25,1,False,0,COMPLETE,R7_PREREGISTERED_STRESS_TEST_FRESH_CASES,False
reacher,R7_reacher_023a7fd828db2fa2206ae22b,REFIT_103202,R4_ALT_CEM_1,H_REAL3_REPLAN,1,25,1,False,0,COMPLETE,R7_PREREGISTERED_STRESS_TEST_FRESH_CASES,True
reacher,R7_reacher_023a7fd828db2fa2206ae22b,REFIT_103203,R4_ALT_CEM_1,H_POLICY,1,25,1,False,0,COMPLETE,R7_PREREGISTERED_STRESS_TEST_FRESH_CASES,False
reacher,R7_reacher_023a7fd828db2fa2206ae22b,REFIT_103203,R4_ALT_CEM_1,H_REAL3_REPLAN,1,25,1,False,0,COMPLETE,R7_PREREGISTERED_STRESS_TEST_FRESH_CASES,True
reacher,R7_reacher_024715fb0f5dd4f7563d0093,H0,R4_ALT_CEM_1,H_POLICY,1,49,2,True,0,COMPLETE,R7_PREREGISTERED_STRESS_TEST_FRESH_CASES,False
reacher,R7_reacher_024715fb0f5dd4f7563d0093,H0,R4_ALT_CEM_1,H_REAL3_REPLAN,1,37,2,True,0,COMPLETE,R7_PREREGISTERED_STRESS_TEST_FRESH_CASES,True
reacher,R7_reacher_024715fb0f5dd4f7563d0093,REFIT_103201,R4_ALT_CEM_1,H_POLICY,1,42,2,True,0,COMPLETE,R7_PREREGISTERED_STRESS_TEST_FRESH_CASES,False
reacher,R7_reacher_024715fb0f5dd4f7563d0093,REFIT_103201,R4_ALT_CEM_1,H_REAL3_REPLAN,1,35,2,True,0,COMPLETE,R7_PREREGISTERED_STRESS_TEST_FRESH_CASES,True
reacher,R7_reacher_024715fb0f5dd4f7563d0093,REFIT_103202,R4_ALT_CEM_1,H_POLICY,1,37,2,True,0,COMPLETE,R7_PREREGISTERED_STRESS_TEST_FRESH_CASES,False
reacher,R7_reacher_024715fb0f5dd4f7563d0093,REFIT_103202,R4_ALT_CEM_1,H_REAL3_REPLAN,1,43,2,True,0,COMPLETE,R7_PREREGISTERED_STRESS_TEST_FRESH_CASES,True
reacher,R7_reacher_024715fb0f5dd4f7563d0093,REFIT_103203,R4_ALT_CEM_1,H_POLICY,1,50,2,True,0,COMPLETE,R7_PREREGISTERED_STRESS_TEST_FRESH_CASES,False
reacher,R7_reacher_024715fb0f5dd4f7563d0093,REFIT_103203,R4_ALT_CEM_1,H_REAL3_REPLAN,1,44,2,True,0,COMPLETE,R7_PREREGISTERED_STRESS_TEST_FRESH_CASES,True
reacher,R7_reacher_0251414687209abdec0af3ac,H0,R4_ALT_CEM_1,H_POLICY,1,47,2,True,0,COMPLETE,R7_PREREGISTERED_STRESS_TEST_FRESH_CASES,False
reacher,R7_reacher_0251414687209abdec0af3ac,H0,R4_ALT_CEM_1,H_REAL3_REPLAN,1,44,2,True,0,COMPLETE,R7_PREREGISTERED_STRESS_TEST_FRESH_CASES,True
reacher,R7_reacher_0251414687209abdec0af3ac,REFIT_103201,R4_ALT_CEM_1,H_POLICY,1,73,3,True,0,COMPLETE,R7_PREREGISTERED_STRESS_TEST_FRESH_CASES,False
reacher,R7_reacher_0251414687209abdec0af3ac,REFIT_103201,R4_ALT_CEM_1,H_REAL3_REPLAN,1,48,2,True,0,COMPLETE,R7_PREREGISTERED_STRESS_TEST_FRESH_CASES,True
reacher,R7_reacher_0251414687209abdec0af3ac,REFIT_103202,R4_ALT_CEM_1,H_POLICY,1,75,3,True,0,COMPLETE,R7_PREREGISTERED_STRESS_TEST_FRESH_CASES,False
reacher,R7_reacher_0251414687209abdec0af3ac,REFIT_103202,R4_ALT_CEM_1,H_REAL3_REPLAN,1,48,2,True,0,COMPLETE,R7_PREREGISTERED_STRESS_TEST_FRESH_CASES,True
reacher,R7_reacher_0251414687209abdec0af3ac,REFIT_103203,R4_ALT_CEM_1,H_POLICY,1,50,2,True,0,COMPLETE,R7_PREREGISTERED_STRESS_TEST_FRESH_CASES,False
reacher,R7_reacher_0251414687209abdec0af3ac,REFIT_103203,R4_ALT_CEM_1,H_REAL3_REPLAN,1,43,2,True,0,COMPLETE,R7_PREREGISTERED_STRESS_TEST_FRESH_CASES,True
reacher,R7_reacher_025955892be565d2fcb8a634,H0,R4_ALT_CEM_1,H_POLICY,1,25,1,False,0,COMPLETE,R7_PREREGISTERED_STRESS_TEST_FRESH_CASES,False
reacher,R7_reacher_025955892be565d2fcb8a634,H0,R4_ALT_CEM_1,H_REAL3_REPLAN,1,25,1,False,0,COMPLETE,R7_PREREGISTERED_STRESS_TEST_FRESH_CASES,True
reacher,R7_reacher_025955892be565d2fcb8a634,REFIT_103201,R4_ALT_CEM_1,H_POLICY,1,25,1,False,0,COMPLETE,R7_PREREGISTERED_STRESS_TEST_FRESH_CASES,False
reacher,R7_reacher_025955892be565d2fcb8a634,REFIT_103201,R4_ALT_CEM_1,H_REAL3_REPLAN,1,25,1,False,0,COMPLETE,R7_PREREGISTERED_STRESS_TEST_FRESH_CASES,True
reacher,R7_reacher_025955892be565d2fcb8a634,REFIT_103202,R4_ALT_CEM_1,H_POLICY,1,21,1,False,0,COMPLETE,R7_PREREGISTERED_STRESS_TEST_FRESH_CASES,False
reacher,R7_reacher_025955892be565d2fcb8a634,REFIT_103202,R4_ALT_CEM_1,H_REAL3_REPLAN,1,21,1,False,0,COMPLETE,R7_PREREGISTERED_STRESS_TEST_FRESH_CASES,True
reacher,R7_reacher_025955892be565d2fcb8a634,REFIT_103203,R4_ALT_CEM_1,H_POLICY,1,23,1,False,0,COMPLETE,R7_PREREGISTERED_STRESS_TEST_FRESH_CASES,False
reacher,R7_reacher_025955892be565d2fcb8a634,REFIT_103203,R4_ALT_CEM_1,H_REAL3_REPLAN,1,23,1,False,0,COMPLETE,R7_PREREGISTERED_STRESS_TEST_FRESH_CASES,True
reacher,R7_reacher_02c60c13cfde97ec24dd9ef2,H0,R4_ALT_CEM_1,H_POLICY,1,28,2,True,0,COMPLETE,R7_PREREGISTERED_STRESS_TEST_FRESH_CASES,False
reacher,R7_reacher_02c60c13cfde97ec24dd9ef2,H0,R4_ALT_CEM_1,H_REAL3_REPLAN,1,41,2,True,0,COMPLETE,R7_PREREGISTERED_STRESS_TEST_FRESH_CASES,True
reacher,R7_reacher_02c60c13cfde97ec24dd9ef2,REFIT_103201,R4_ALT_CEM_1,H_POLICY,1,29,2,True,0,COMPLETE,R7_PREREGISTERED_STRESS_TEST_FRESH_CASES,False
reacher,R7_reacher_02c60c13cfde97ec24dd9ef2,REFIT_103201,R4_ALT_CEM_1,H_REAL3_REPLAN,1,50,2,True,0,COMPLETE,R7_PREREGISTERED_STRESS_TEST_FRESH_CASES,True
reacher,R7_reacher_02c60c13cfde97ec24dd9ef2,REFIT_103202,R4_ALT_CEM_1,H_POLICY,1,28,2,True,0,COMPLETE,R7_PREREGISTERED_STRESS_TEST_FRESH_CASES,False
reacher,R7_reacher_02c60c13cfde97ec24dd9ef2,REFIT_103202,R4_ALT_CEM_1,H_REAL3_REPLAN,1,29,2,True,0,COMPLETE,R7_PREREGISTERED_STRESS_TEST_FRESH_CASES,True
reacher,R7_reacher_02c60c13cfde97ec24dd9ef2,REFIT_103203,R4_ALT_CEM_1,H_POLICY,1,41,2,True,0,COMPLETE,R7_PREREGISTERED_STRESS_TEST_FRESH_CASES,False
reacher,R7_reacher_02c60c13cfde97ec24dd9ef2,REFIT_103203,R4_ALT_CEM_1,H_REAL3_REPLAN,1,44,2,True,0,COMPLETE,R7_PREREGISTERED_STRESS_TEST_FRESH_CASES,True
reacher,R7_reacher_02c7239ee67434d110ec03a2,H0,R4_ALT_CEM_1,H_POLICY,1,25,1,False,0,COMPLETE,R7_PREREGISTERED_STRESS_TEST_FRESH_CASES,False
reacher,R7_reacher_02c7239ee67434d110ec03a2,H0,R4_ALT_CEM_1,H_REAL3_REPLAN,1,25,1,False,0,COMPLETE,R7_PREREGISTERED_STRESS_TEST_FRESH_CASES,True
reacher,R7_reacher_02c7239ee67434d110ec03a2,REFIT_103201,R4_ALT_CEM_1,H_POLICY,1,25,1,False,0,COMPLETE,R7_PREREGISTERED_STRESS_TEST_FRESH_CASES,False
reacher,R7_reacher_02c7239ee67434d110ec03a2,REFIT_103201,R4_ALT_CEM_1,H_REAL3_REPLAN,1,25,1,False,0,COMPLETE,R7_PREREGISTERED_STRESS_TEST_FRESH_CASES,True
reacher,R7_reacher_02c7239ee67434d110ec03a2,REFIT_103202,R4_ALT_CEM_1,H_POLICY,1,25,1,False,0,COMPLETE,R7_PREREGISTERED_STRESS_TEST_FRESH_CASES,False
reacher,R7_reacher_02c7239ee67434d110ec03a2,REFIT_103202,R4_ALT_CEM_1,H_REAL3_REPLAN,1,25,1,False,0,COMPLETE,R7_PREREGISTERED_STRESS_TEST_FRESH_CASES,True
reacher,R7_reacher_02c7239ee67434d110ec03a2,REFIT_103203,R4_ALT_CEM_1,H_POLICY,1,24,1,False,0,COMPLETE,R7_PREREGISTERED_STRESS_TEST_FRESH_CASES,False
reacher,R7_reacher_02c7239ee67434d110ec03a2,REFIT_103203,R4_ALT_CEM_1,H_REAL3_REPLAN,1,24,1,False,0,COMPLETE,R7_PREREGISTERED_STRESS_TEST_FRESH_CASES,True
reacher,R7_reacher_02e9be49d4a6a295101ee83c,H0,R4_ALT_CEM_1,H_POLICY,1,48,2,True,0,COMPLETE,R7_PREREGISTERED_STRESS_TEST_FRESH_CASES,False
reacher,R7_reacher_02e9be49d4a6a295101ee83c,H0,R4_ALT_CEM_1,H_REAL3_REPLAN,1,63,3,True,0,COMPLETE,R7_PREREGISTERED_STRESS_TEST_FRESH_CASES,True
reacher,R7_reacher_02e9be49d4a6a295101ee83c,REFIT_103201,R4_ALT_CEM_1,H_POLICY,1,49,2,True,0,COMPLETE,R7_PREREGISTERED_STRESS_TEST_FRESH_CASES,False
reacher,R7_reacher_02e9be49d4a6a295101ee83c,REFIT_103201,R4_ALT_CEM_1,H_REAL3_REPLAN,1,49,2,True,0,COMPLETE,R7_PREREGISTERED_STRESS_TEST_FRESH_CASES,True
reacher,R7_reacher_02e9be49d4a6a295101ee83c,REFIT_103202,R4_ALT_CEM_1,H_POLICY,1,53,3,True,0,COMPLETE,R7_PREREGISTERED_STRESS_TEST_FRESH_CASES,False
reacher,R7_reacher_02e9be49d4a6a295101ee83c,REFIT_103202,R4_ALT_CEM_1,H_REAL3_REPLAN,1,50,2,True,0,COMPLETE,R7_PREREGISTERED_STRESS_TEST_FRESH_CASES,True
reacher,R7_reacher_02e9be49d4a6a295101ee83c,REFIT_103203,R4_ALT_CEM_1,H_POLICY,1,49,2,True,0,COMPLETE,R7_PREREGISTERED_STRESS_TEST_FRESH_CASES,False
reacher,R7_reacher_02e9be49d4a6a295101ee83c,REFIT_103203,R4_ALT_CEM_1,H_REAL3_REPLAN,1,60,3,True,0,COMPLETE,R7_PREREGISTERED_STRESS_TEST_FRESH_CASES,True
reacher,R7_reacher_031195204e84c4c07afa09d5,H0,R4_ALT_CEM_1,H_POLICY,1,36,2,True,0,COMPLETE,R7_PREREGISTERED_STRESS_TEST_FRESH_CASES,False
reacher,R7_reacher_031195204e84c4c07afa09d5,H0,R4_ALT_CEM_1,H_REAL3_REPLAN,1,48,2,True,0,COMPLETE,R7_PREREGISTERED_STRESS_TEST_FRESH_CASES,True
reacher,R7_reacher_031195204e84c4c07afa09d5,REFIT_103201,R4_ALT_CEM_1,H_POLICY,0,100,4,True,0,COMPLETE,R7_PREREGISTERED_STRESS_TEST_FRESH_CASES,False
reacher,R7_reacher_031195204e84c4c07afa09d5,REFIT_103201,R4_ALT_CEM_1,H_REAL3_REPLAN,0,100,4,True,0,COMPLETE,R7_PREREGISTERED_STRESS_TEST_FRESH_CASES,True
reacher,R7_reacher_031195204e84c4c07afa09d5,REFIT_103202,R4_ALT_CEM_1,H_POLICY,0,100,4,True,0,COMPLETE,R7_PREREGISTERED_STRESS_TEST_FRESH_CASES,False
reacher,R7_reacher_031195204e84c4c07afa09d5,REFIT_103202,R4_ALT_CEM_1,H_REAL3_REPLAN,0,100,4,True,0,COMPLETE,R7_PREREGISTERED_STRESS_TEST_FRESH_CASES,True
reacher,R7_reacher_031195204e84c4c07afa09d5,REFIT_103203,R4_ALT_CEM_1,H_POLICY,0,100,4,True,0,COMPLETE,R7_PREREGISTERED_STRESS_TEST_FRESH_CASES,False
reacher,R7_reacher_031195204e84c4c07afa09d5,REFIT_103203,R4_ALT_CEM_1,H_REAL3_REPLAN,0,100,4,True,0,COMPLETE,R7_PREREGISTERED_STRESS_TEST_FRESH_CASES,True
reacher,R7_reacher_03255417e1d4513d1108fd3a,H0,R4_ALT_CEM_1,H_POLICY,1,27,2,True,0,COMPLETE,R7_PREREGISTERED_STRESS_TEST_FRESH_CASES,False
reacher,R7_reacher_03255417e1d4513d1108fd3a,H0,R4_ALT_CEM_1,H_REAL3_REPLAN,1,50,2,True,0,COMPLETE,R7_PREREGISTERED_STRESS_TEST_FRESH_CASES,True
reacher,R7_reacher_03255417e1d4513d1108fd3a,REFIT_103201,R4_ALT_CEM_1,H_POLICY,1,100,4,True,0,COMPLETE,R7_PREREGISTERED_STRESS_TEST_FRESH_CASES,False
reacher,R7_reacher_03255417e1d4513d1108fd3a,REFIT_103201,R4_ALT_CEM_1,H_REAL3_REPLAN,1,48,2,True,0,COMPLETE,R7_PREREGISTERED_STRESS_TEST_FRESH_CASES,True
reacher,R7_reacher_03255417e1d4513d1108fd3a,REFIT_103202,R4_ALT_CEM_1,H_POLICY,1,39,2,True,0,COMPLETE,R7_PREREGISTERED_STRESS_TEST_FRESH_CASES,False
reacher,R7_reacher_03255417e1d4513d1108fd3a,REFIT_103202,R4_ALT_CEM_1,H_REAL3_REPLAN,1,30,2,True,0,COMPLETE,R7_PREREGISTERED_STRESS_TEST_FRESH_CASES,True
reacher,R7_reacher_03255417e1d4513d1108fd3a,REFIT_103203,R4_ALT_CEM_1,H_POLICY,1,30,2,True,0,COMPLETE,R7_PREREGISTERED_STRESS_TEST_FRESH_CASES,False
reacher,R7_reacher_03255417e1d4513d1108fd3a,REFIT_103203,R4_ALT_CEM_1,H_REAL3_REPLAN,1,36,2,True,0,COMPLETE,R7_PREREGISTERED_STRESS_TEST_FRESH_CASES,True
reacher,R7_reacher_033e36ba48b99505a70a2733,H0,R4_ALT_CEM_1,H_POLICY,1,19,1,False,0,COMPLETE,R7_PREREGISTERED_STRESS_TEST_FRESH_CASES,False
reacher,R7_reacher_033e36ba48b99505a70a2733,H0,R4_ALT_CEM_1,H_REAL3_REPLAN,1,19,1,False,0,COMPLETE,R7_PREREGISTERED_STRESS_TEST_FRESH_CASES,True
reacher,R7_reacher_033e36ba48b99505a70a2733,REFIT_103201,R4_ALT_CEM_1,H_POLICY,1,89,4,True,0,COMPLETE,R7_PREREGISTERED_STRESS_TEST_FRESH_CASES,False
reacher,R7_reacher_033e36ba48b99505a70a2733,REFIT_103201,R4_ALT_CEM_1,H_REAL3_REPLAN,1,50,2,True,0,COMPLETE,R7_PREREGISTERED_STRESS_TEST_FRESH_CASES,True
reacher,R7_reacher_033e36ba48b99505a70a2733,REFIT_103202,R4_ALT_CEM_1,H_POLICY,1,21,1,False,0,COMPLETE,R7_PREREGISTERED_STRESS_TEST_FRESH_CASES,False
reacher,R7_reacher_033e36ba48b99505a70a2733,REFIT_103202,R4_ALT_CEM_1,H_REAL3_REPLAN,1,21,1,False,0,COMPLETE,R7_PREREGISTERED_STRESS_TEST_FRESH_CASES,True
reacher,R7_reacher_033e36ba48b99505a70a2733,REFIT_103203,R4_ALT_CEM_1,H_POLICY,1,17,1,False,0,COMPLETE,R7_PREREGISTERED_STRESS_TEST_FRESH_CASES,False
reacher,R7_reacher_033e36ba48b99505a70a2733,REFIT_103203,R4_ALT_CEM_1,H_REAL3_REPLAN,1,17,1,False,0,COMPLETE,R7_PREREGISTERED_STRESS_TEST_FRESH_CASES,True
reacher,R7_reacher_036589b3e0d4de80d1515bc8,H0,R4_ALT_CEM_1,H_POLICY,1,25,1,False,0,COMPLETE,R7_PREREGISTERED_STRESS_TEST_FRESH_CASES,False
reacher,R7_reacher_036589b3e0d4de80d1515bc8,H0,R4_ALT_CEM_1,H_REAL3_REPLAN,1,25,1,False,0,COMPLETE,R7_PREREGISTERED_STRESS_TEST_FRESH_CASES,True
reacher,R7_reacher_036589b3e0d4de80d1515bc8,REFIT_103201,R4_ALT_CEM_1,H_POLICY,1,37,2,True,0,COMPLETE,R7_PREREGISTERED_STRESS_TEST_FRESH_CASES,False
reacher,R7_reacher_036589b3e0d4de80d1515bc8,REFIT_103201,R4_ALT_CEM_1,H_REAL3_REPLAN,1,36,2,True,0,COMPLETE,R7_PREREGISTERED_STRESS_TEST_FRESH_CASES,True
reacher,R7_reacher_036589b3e0d4de80d1515bc8,REFIT_103202,R4_ALT_CEM_1,H_POLICY,1,26,2,True,0,COMPLETE,R7_PREREGISTERED_STRESS_TEST_FRESH_CASES,False
reacher,R7_reacher_036589b3e0d4de80d1515bc8,REFIT_103202,R4_ALT_CEM_1,H_REAL3_REPLAN,1,26,2,True,0,COMPLETE,R7_PREREGISTERED_STRESS_TEST_FRESH_CASES,True
reacher,R7_reacher_036589b3e0d4de80d1515bc8,REFIT_103203,R4_ALT_CEM_1,H_POLICY,1,39,2,True,0,COMPLETE,R7_PREREGISTERED_STRESS_TEST_FRESH_CASES,False
reacher,R7_reacher_036589b3e0d4de80d1515bc8,REFIT_103203,R4_ALT_CEM_1,H_REAL3_REPLAN,1,48,2,True,0,COMPLETE,R7_PREREGISTERED_STRESS_TEST_FRESH_CASES,True
reacher,R7_reacher_037522941d964ab6ed37de34,H0,R4_ALT_CEM_1,H_POLICY,0,100,4,True,0,COMPLETE,R7_PREREGISTERED_STRESS_TEST_FRESH_CASES,False
reacher,R7_reacher_037522941d964ab6ed37de34,H0,R4_ALT_CEM_1,H_REAL3_REPLAN,1,50,2,True,0,COMPLETE,R7_PREREGISTERED_STRESS_TEST_FRESH_CASES,True
reacher,R7_reacher_037522941d964ab6ed37de34,REFIT_103201,R4_ALT_CEM_1,H_POLICY,1,25,1,False,0,COMPLETE,R7_PREREGISTERED_STRESS_TEST_FRESH_CASES,False
reacher,R7_reacher_037522941d964ab6ed37de34,REFIT_103201,R4_ALT_CEM_1,H_REAL3_REPLAN,1,25,1,False,0,COMPLETE,R7_PREREGISTERED_STRESS_TEST_FRESH_CASES,True
reacher,R7_reacher_037522941d964ab6ed37de34,REFIT_103202,R4_ALT_CEM_1,H_POLICY,1,24,1,False,0,COMPLETE,R7_PREREGISTERED_STRESS_TEST_FRESH_CASES,False
reacher,R7_reacher_037522941d964ab6ed37de34,REFIT_103202,R4_ALT_CEM_1,H_REAL3_REPLAN,1,24,1,False,0,COMPLETE,R7_PREREGISTERED_STRESS_TEST_FRESH_CASES,True
reacher,R7_reacher_037522941d964ab6ed37de34,REFIT_103203,R4_ALT_CEM_1,H_POLICY,1,25,1,False,0,COMPLETE,R7_PREREGISTERED_STRESS_TEST_FRESH_CASES,False
reacher,R7_reacher_037522941d964ab6ed37de34,REFIT_103203,R4_ALT_CEM_1,H_REAL3_REPLAN,1,25,1,False,0,COMPLETE,R7_PREREGISTERED_STRESS_TEST_FRESH_CASES,True
reacher,R7_reacher_0390b2a392a7b00a1f4afea6,H0,R4_ALT_CEM_1,H_POLICY,1,20,1,False,0,COMPLETE,R7_PREREGISTERED_STRESS_TEST_FRESH_CASES,False
reacher,R7_reacher_0390b2a392a7b00a1f4afea6,H0,R4_ALT_CEM_1,H_REAL3_REPLAN,1,20,1,False,0,COMPLETE,R7_PREREGISTERED_STRESS_TEST_FRESH_CASES,True
reacher,R7_reacher_0390b2a392a7b00a1f4afea6,REFIT_103201,R4_ALT_CEM_1,H_POLICY,1,21,1,False,0,COMPLETE,R7_PREREGISTERED_STRESS_TEST_FRESH_CASES,False
reacher,R7_reacher_0390b2a392a7b00a1f4afea6,REFIT_103201,R4_ALT_CEM_1,H_REAL3_REPLAN,1,21,1,False,0,COMPLETE,R7_PREREGISTERED_STRESS_TEST_FRESH_CASES,True
reacher,R7_reacher_0390b2a392a7b00a1f4afea6,REFIT_103202,R4_ALT_CEM_1,H_POLICY,1,20,1,False,0,COMPLETE,R7_PREREGISTERED_STRESS_TEST_FRESH_CASES,False
reacher,R7_reacher_0390b2a392a7b00a1f4afea6,REFIT_103202,R4_ALT_CEM_1,H_REAL3_REPLAN,1,20,1,False,0,COMPLETE,R7_PREREGISTERED_STRESS_TEST_FRESH_CASES,True
reacher,R7_reacher_0390b2a392a7b00a1f4afea6,REFIT_103203,R4_ALT_CEM_1,H_POLICY,1,24,1,False,0,COMPLETE,R7_PREREGISTERED_STRESS_TEST_FRESH_CASES,False
reacher,R7_reacher_0390b2a392a7b00a1f4afea6,REFIT_103203,R4_ALT_CEM_1,H_REAL3_REPLAN,1,24,1,False,0,COMPLETE,R7_PREREGISTERED_STRESS_TEST_FRESH_CASES,True
reacher,R7_reacher_03a9ed0809bf62bd07c16d19,H0,R4_ALT_CEM_1,H_POLICY,1,26,2,True,0,COMPLETE,R7_PREREGISTERED_STRESS_TEST_FRESH_CASES,False
reacher,R7_reacher_03a9ed0809bf62bd07c16d19,H0,R4_ALT_CEM_1,H_REAL3_REPLAN,1,41,2,True,0,COMPLETE,R7_PREREGISTERED_STRESS_TEST_FRESH_CASES,True
reacher,R7_reacher_03a9ed0809bf62bd07c16d19,REFIT_103201,R4_ALT_CEM_1,H_POLICY,1,25,1,False,0,COMPLETE,R7_PREREGISTERED_STRESS_TEST_FRESH_CASES,False
reacher,R7_reacher_03a9ed0809bf62bd07c16d19,REFIT_103201,R4_ALT_CEM_1,H_REAL3_REPLAN,1,25,1,False,0,COMPLETE,R7_PREREGISTERED_STRESS_TEST_FRESH_CASES,True
reacher,R7_reacher_03a9ed0809bf62bd07c16d19,REFIT_103202,R4_ALT_CEM_1,H_POLICY,1,25,1,False,0,COMPLETE,R7_PREREGISTERED_STRESS_TEST_FRESH_CASES,False
reacher,R7_reacher_03a9ed0809bf62bd07c16d19,REFIT_103202,R4_ALT_CEM_1,H_REAL3_REPLAN,1,25,1,False,0,COMPLETE,R7_PREREGISTERED_STRESS_TEST_FRESH_CASES,True
reacher,R7_reacher_03a9ed0809bf62bd07c16d19,REFIT_103203,R4_ALT_CEM_1,H_POLICY,1,25,1,False,0,COMPLETE,R7_PREREGISTERED_STRESS_TEST_FRESH_CASES,False
reacher,R7_reacher_03a9ed0809bf62bd07c16d19,REFIT_103203,R4_ALT_CEM_1,H_REAL3_REPLAN,1,25,1,False,0,COMPLETE,R7_PREREGISTERED_STRESS_TEST_FRESH_CASES,True
reacher,R7_reacher_03b4bef1b58913d750063fce,H0,R4_ALT_CEM_1,H_POLICY,1,21,1,False,0,COMPLETE,R7_PREREGISTERED_STRESS_TEST_FRESH_CASES,False
reacher,R7_reacher_03b4bef1b58913d750063fce,H0,R4_ALT_CEM_1,H_REAL3_REPLAN,1,21,1,False,0,COMPLETE,R7_PREREGISTERED_STRESS_TEST_FRESH_CASES,True
reacher,R7_reacher_03b4bef1b58913d750063fce,REFIT_103201,R4_ALT_CEM_1,H_POLICY,1,56,3,True,0,COMPLETE,R7_PREREGISTERED_STRESS_TEST_FRESH_CASES,False
reacher,R7_reacher_03b4bef1b58913d750063fce,REFIT_103201,R4_ALT_CEM_1,H_REAL3_REPLAN,1,46,2,True,0,COMPLETE,R7_PREREGISTERED_STRESS_TEST_FRESH_CASES,True
reacher,R7_reacher_03b4bef1b58913d750063fce,REFIT_103202,R4_ALT_CEM_1,H_POLICY,1,15,1,False,0,COMPLETE,R7_PREREGISTERED_STRESS_TEST_FRESH_CASES,False
reacher,R7_reacher_03b4bef1b58913d750063fce,REFIT_103202,R4_ALT_CEM_1,H_REAL3_REPLAN,1,15,1,False,0,COMPLETE,R7_PREREGISTERED_STRESS_TEST_FRESH_CASES,True
reacher,R7_reacher_03b4bef1b58913d750063fce,REFIT_103203,R4_ALT_CEM_1,H_POLICY,1,17,1,False,0,COMPLETE,R7_PREREGISTERED_STRESS_TEST_FRESH_CASES,False
reacher,R7_reacher_03b4bef1b58913d750063fce,REFIT_103203,R4_ALT_CEM_1,H_REAL3_REPLAN,1,17,1,False,0,COMPLETE,R7_PREREGISTERED_STRESS_TEST_FRESH_CASES,True
reacher,R7_reacher_03ecda3a05e76a4f563cf671,H0,R4_ALT_CEM_1,H_POLICY,1,1,1,False,0,COMPLETE,R7_PREREGISTERED_STRESS_TEST_FRESH_CASES,False
reacher,R7_reacher_03ecda3a05e76a4f563cf671,H0,R4_ALT_CEM_1,H_REAL3_REPLAN,1,1,1,False,0,COMPLETE,R7_PREREGISTERED_STRESS_TEST_FRESH_CASES,True
reacher,R7_reacher_03ecda3a05e76a4f563cf671,REFIT_103201,R4_ALT_CEM_1,H_POLICY,1,6,1,False,0,COMPLETE,R7_PREREGISTERED_STRESS_TEST_FRESH_CASES,False
reacher,R7_reacher_03ecda3a05e76a4f563cf671,REFIT_103201,R4_ALT_CEM_1,H_REAL3_REPLAN,1,6,1,False,0,COMPLETE,R7_PREREGISTERED_STRESS_TEST_FRESH_CASES,True
reacher,R7_reacher_03ecda3a05e76a4f563cf671,REFIT_103202,R4_ALT_CEM_1,H_POLICY,1,25,1,False,0,COMPLETE,R7_PREREGISTERED_STRESS_TEST_FRESH_CASES,False
reacher,R7_reacher_03ecda3a05e76a4f563cf671,REFIT_103202,R4_ALT_CEM_1,H_REAL3_REPLAN,1,25,1,False,0,COMPLETE,R7_PREREGISTERED_STRESS_TEST_FRESH_CASES,True
reacher,R7_reacher_03ecda3a05e76a4f563cf671,REFIT_103203,R4_ALT_CEM_1,H_POLICY,1,25,1,False,0,COMPLETE,R7_PREREGISTERED_STRESS_TEST_FRESH_CASES,False
reacher,R7_reacher_03ecda3a05e76a4f563cf671,REFIT_103203,R4_ALT_CEM_1,H_REAL3_REPLAN,1,25,1,False,0,COMPLETE,R7_PREREGISTERED_STRESS_TEST_FRESH_CASES,True
reacher,R7_reacher_040b25f9677d0e1ccdb0e4cc,H0,R4_ALT_CEM_1,H_POLICY,1,51,3,True,0,COMPLETE,R7_PREREGISTERED_STRESS_TEST_FRESH_CASES,False
reacher,R7_reacher_040b25f9677d0e1ccdb0e4cc,H0,R4_ALT_CEM_1,H_REAL3_REPLAN,1,48,2,True,0,COMPLETE,R7_PREREGISTERED_STRESS_TEST_FRESH_CASES,True
reacher,R7_reacher_040b25f9677d0e1ccdb0e4cc,REFIT_103201,R4_ALT_CEM_1,H_POLICY,1,24,1,False,0,COMPLETE,R7_PREREGISTERED_STRESS_TEST_FRESH_CASES,False
reacher,R7_reacher_040b25f9677d0e1ccdb0e4cc,REFIT_103201,R4_ALT_CEM_1,H_REAL3_REPLAN,1,24,1,False,0,COMPLETE,R7_PREREGISTERED_STRESS_TEST_FRESH_CASES,True
reacher,R7_reacher_040b25f9677d0e1ccdb0e4cc,REFIT_103202,R4_ALT_CEM_1,H_POLICY,1,18,1,False,0,COMPLETE,R7_PREREGISTERED_STRESS_TEST_FRESH_CASES,False
reacher,R7_reacher_040b25f9677d0e1ccdb0e4cc,REFIT_103202,R4_ALT_CEM_1,H_REAL3_REPLAN,1,18,1,False,0,COMPLETE,R7_PREREGISTERED_STRESS_TEST_FRESH_CASES,True
reacher,R7_reacher_040b25f9677d0e1ccdb0e4cc,REFIT_103203,R4_ALT_CEM_1,H_POLICY,1,21,1,False,0,COMPLETE,R7_PREREGISTERED_STRESS_TEST_FRESH_CASES,False
reacher,R7_reacher_040b25f9677d0e1ccdb0e4cc,REFIT_103203,R4_ALT_CEM_1,H_REAL3_REPLAN,1,21,1,False,0,COMPLETE,R7_PREREGISTERED_STRESS_TEST_FRESH_CASES,True
reacher,R7_reacher_0423a64d9591299c54983b67,H0,R4_ALT_CEM_1,H_POLICY,1,25,1,False,0,COMPLETE,R7_PREREGISTERED_STRESS_TEST_FRESH_CASES,False
reacher,R7_reacher_0423a64d9591299c54983b67,H0,R4_ALT_CEM_1,H_REAL3_REPLAN,1,25,1,False,0,COMPLETE,R7_PREREGISTERED_STRESS_TEST_FRESH_CASES,True
reacher,R7_reacher_0423a64d9591299c54983b67,REFIT_103201,R4_ALT_CEM_1,H_POLICY,1,28,2,True,0,COMPLETE,R7_PREREGISTERED_STRESS_TEST_FRESH_CASES,False
reacher,R7_reacher_0423a64d9591299c54983b67,REFIT_103201,R4_ALT_CEM_1,H_REAL3_REPLAN,1,50,2,True,0,COMPLETE,R7_PREREGISTERED_STRESS_TEST_FRESH_CASES,True
reacher,R7_reacher_0423a64d9591299c54983b67,REFIT_103202,R4_ALT_CEM_1,H_POLICY,1,21,1,False,0,COMPLETE,R7_PREREGISTERED_STRESS_TEST_FRESH_CASES,False
reacher,R7_reacher_0423a64d9591299c54983b67,REFIT_103202,R4_ALT_CEM_1,H_REAL3_REPLAN,1,21,1,False,0,COMPLETE,R7_PREREGISTERED_STRESS_TEST_FRESH_CASES,True
reacher,R7_reacher_0423a64d9591299c54983b67,REFIT_103203,R4_ALT_CEM_1,H_POLICY,1,26,2,True,0,COMPLETE,R7_PREREGISTERED_STRESS_TEST_FRESH_CASES,False
reacher,R7_reacher_0423a64d9591299c54983b67,REFIT_103203,R4_ALT_CEM_1,H_REAL3_REPLAN,1,26,2,True,0,COMPLETE,R7_PREREGISTERED_STRESS_TEST_FRESH_CASES,True
reacher,R7_reacher_0431130e729d007c61187420,H0,R4_ALT_CEM_1,H_POLICY,1,21,1,False,0,COMPLETE,R7_PREREGISTERED_STRESS_TEST_FRESH_CASES,False
reacher,R7_reacher_0431130e729d007c61187420,H0,R4_ALT_CEM_1,H_REAL3_REPLAN,1,21,1,False,0,COMPLETE,R7_PREREGISTERED_STRESS_TEST_FRESH_CASES,True
reacher,R7_reacher_0431130e729d007c61187420,REFIT_103201,R4_ALT_CEM_1,H_POLICY,1,25,1,False,0,COMPLETE,R7_PREREGISTERED_STRESS_TEST_FRESH_CASES,False
reacher,R7_reacher_0431130e729d007c61187420,REFIT_103201,R4_ALT_CEM_1,H_REAL3_REPLAN,1,25,1,False,0,COMPLETE,R7_PREREGISTERED_STRESS_TEST_FRESH_CASES,True
reacher,R7_reacher_0431130e729d007c61187420,REFIT_103202,R4_ALT_CEM_1,H_POLICY,1,25,1,False,0,COMPLETE,R7_PREREGISTERED_STRESS_TEST_FRESH_CASES,False
reacher,R7_reacher_0431130e729d007c61187420,REFIT_103202,R4_ALT_CEM_1,H_REAL3_REPLAN,1,25,1,False,0,COMPLETE,R7_PREREGISTERED_STRESS_TEST_FRESH_CASES,True
reacher,R7_reacher_0431130e729d007c61187420,REFIT_103203,R4_ALT_CEM_1,H_POLICY,1,22,1,False,0,COMPLETE,R7_PREREGISTERED_STRESS_TEST_FRESH_CASES,False
reacher,R7_reacher_0431130e729d007c61187420,REFIT_103203,R4_ALT_CEM_1,H_REAL3_REPLAN,1,22,1,False,0,COMPLETE,R7_PREREGISTERED_STRESS_TEST_FRESH_CASES,True
reacher,R7_reacher_043421bcb346e629cb2b6a82,H0,R4_ALT_CEM_1,H_POLICY,1,50,2,True,0,COMPLETE,R7_PREREGISTERED_STRESS_TEST_FRESH_CASES,False
reacher,R7_reacher_043421bcb346e629cb2b6a82,H0,R4_ALT_CEM_1,H_REAL3_REPLAN,1,49,2,True,0,COMPLETE,R7_PREREGISTERED_STRESS_TEST_FRESH_CASES,True
reacher,R7_reacher_043421bcb346e629cb2b6a82,REFIT_103201,R4_ALT_CEM_1,H_POLICY,1,49,2,True,0,COMPLETE,R7_PREREGISTERED_STRESS_TEST_FRESH_CASES,False
reacher,R7_reacher_043421bcb346e629cb2b6a82,REFIT_103201,R4_ALT_CEM_1,H_REAL3_REPLAN,1,50,2,True,0,COMPLETE,R7_PREREGISTERED_STRESS_TEST_FRESH_CASES,True
reacher,R7_reacher_043421bcb346e629cb2b6a82,REFIT_103202,R4_ALT_CEM_1,H_POLICY,1,49,2,True,0,COMPLETE,R7_PREREGISTERED_STRESS_TEST_FRESH_CASES,False
reacher,R7_reacher_043421bcb346e629cb2b6a82,REFIT_103202,R4_ALT_CEM_1,H_REAL3_REPLAN,1,50,2,True,0,COMPLETE,R7_PREREGISTERED_STRESS_TEST_FRESH_CASES,True
reacher,R7_reacher_043421bcb346e629cb2b6a82,REFIT_103203,R4_ALT_CEM_1,H_POLICY,1,32,2,True,0,COMPLETE,R7_PREREGISTERED_STRESS_TEST_FRESH_CASES,False
reacher,R7_reacher_043421bcb346e629cb2b6a82,REFIT_103203,R4_ALT_CEM_1,H_REAL3_REPLAN,1,46,2,True,0,COMPLETE,R7_PREREGISTERED_STRESS_TEST_FRESH_CASES,True
reacher,R7_reacher_0438f6bb2a68f4310ad18d5c,H0,R4_ALT_CEM_1,H_POLICY,1,12,1,False,0,COMPLETE,R7_PREREGISTERED_STRESS_TEST_FRESH_CASES,False
reacher,R7_reacher_0438f6bb2a68f4310ad18d5c,H0,R4_ALT_CEM_1,H_REAL3_REPLAN,1,12,1,False,0,COMPLETE,R7_PREREGISTERED_STRESS_TEST_FRESH_CASES,True
reacher,R7_reacher_0438f6bb2a68f4310ad18d5c,REFIT_103201,R4_ALT_CEM_1,H_POLICY,1,27,2,True,0,COMPLETE,R7_PREREGISTERED_STRESS_TEST_FRESH_CASES,False
reacher,R7_reacher_0438f6bb2a68f4310ad18d5c,REFIT_103201,R4_ALT_CEM_1,H_REAL3_REPLAN,1,50,2,True,0,COMPLETE,R7_PREREGISTERED_STRESS_TEST_FRESH_CASES,True
reacher,R7_reacher_0438f6bb2a68f4310ad18d5c,REFIT_103202,R4_ALT_CEM_1,H_POLICY,1,53,3,True,0,COMPLETE,R7_PREREGISTERED_STRESS_TEST_FRESH_CASES,False
reacher,R7_reacher_0438f6bb2a68f4310ad18d5c,REFIT_103202,R4_ALT_CEM_1,H_REAL3_REPLAN,1,50,2,True,0,COMPLETE,R7_PREREGISTERED_STRESS_TEST_FRESH_CASES,True
reacher,R7_reacher_0438f6bb2a68f4310ad18d5c,REFIT_103203,R4_ALT_CEM_1,H_POLICY,1,50,2,True,0,COMPLETE,R7_PREREGISTERED_STRESS_TEST_FRESH_CASES,False
reacher,R7_reacher_0438f6bb2a68f4310ad18d5c,REFIT_103203,R4_ALT_CEM_1,H_REAL3_REPLAN,1,50,2,True,0,COMPLETE,R7_PREREGISTERED_STRESS_TEST_FRESH_CASES,True
reacher,R7_reacher_0462c1af8cf9ea9e8ecef06e,H0,R4_ALT_CEM_1,H_POLICY,1,25,1,False,0,COMPLETE,R7_PREREGISTERED_STRESS_TEST_FRESH_CASES,False
reacher,R7_reacher_0462c1af8cf9ea9e8ecef06e,H0,R4_ALT_CEM_1,H_REAL3_REPLAN,1,25,1,False,0,COMPLETE,R7_PREREGISTERED_STRESS_TEST_FRESH_CASES,True
reacher,R7_reacher_0462c1af8cf9ea9e8ecef06e,REFIT_103201,R4_ALT_CEM_1,H_POLICY,1,27,2,True,0,COMPLETE,R7_PREREGISTERED_STRESS_TEST_FRESH_CASES,False
reacher,R7_reacher_0462c1af8cf9ea9e8ecef06e,REFIT_103201,R4_ALT_CEM_1,H_REAL3_REPLAN,1,27,2,True,0,COMPLETE,R7_PREREGISTERED_STRESS_TEST_FRESH_CASES,True
reacher,R7_reacher_0462c1af8cf9ea9e8ecef06e,REFIT_103202,R4_ALT_CEM_1,H_POLICY,1,27,2,True,0,COMPLETE,R7_PREREGISTERED_STRESS_TEST_FRESH_CASES,False
reacher,R7_reacher_0462c1af8cf9ea9e8ecef06e,REFIT_103202,R4_ALT_CEM_1,H_REAL3_REPLAN,1,27,2,True,0,COMPLETE,R7_PREREGISTERED_STRESS_TEST_FRESH_CASES,True
reacher,R7_reacher_0462c1af8cf9ea9e8ecef06e,REFIT_103203,R4_ALT_CEM_1,H_POLICY,1,26,2,True,0,COMPLETE,R7_PREREGISTERED_STRESS_TEST_FRESH_CASES,False
reacher,R7_reacher_0462c1af8cf9ea9e8ecef06e,REFIT_103203,R4_ALT_CEM_1,H_REAL3_REPLAN,1,26,2,True,0,COMPLETE,R7_PREREGISTERED_STRESS_TEST_FRESH_CASES,True
reacher,R7_reacher_04681629d10145a11ceeee7c,H0,R4_ALT_CEM_1,H_POLICY,1,25,1,False,0,COMPLETE,R7_PREREGISTERED_STRESS_TEST_FRESH_CASES,False
reacher,R7_reacher_04681629d10145a11ceeee7c,H0,R4_ALT_CEM_1,H_REAL3_REPLAN,1,25,1,False,0,COMPLETE,R7_PREREGISTERED_STRESS_TEST_FRESH_CASES,True
reacher,R7_reacher_04681629d10145a11ceeee7c,REFIT_103201,R4_ALT_CEM_1,H_POLICY,1,25,1,False,0,COMPLETE,R7_PREREGISTERED_STRESS_TEST_FRESH_CASES,False
reacher,R7_reacher_04681629d10145a11ceeee7c,REFIT_103201,R4_ALT_CEM_1,H_REAL3_REPLAN,1,25,1,False,0,COMPLETE,R7_PREREGISTERED_STRESS_TEST_FRESH_CASES,True
reacher,R7_reacher_04681629d10145a11ceeee7c,REFIT_103202,R4_ALT_CEM_1,H_POLICY,1,25,1,False,0,COMPLETE,R7_PREREGISTERED_STRESS_TEST_FRESH_CASES,False
reacher,R7_reacher_04681629d10145a11ceeee7c,REFIT_103202,R4_ALT_CEM_1,H_REAL3_REPLAN,1,25,1,False,0,COMPLETE,R7_PREREGISTERED_STRESS_TEST_FRESH_CASES,True
reacher,R7_reacher_04681629d10145a11ceeee7c,REFIT_103203,R4_ALT_CEM_1,H_POLICY,1,26,2,True,0,COMPLETE,R7_PREREGISTERED_STRESS_TEST_FRESH_CASES,False
reacher,R7_reacher_04681629d10145a11ceeee7c,REFIT_103203,R4_ALT_CEM_1,H_REAL3_REPLAN,1,26,2,True,0,COMPLETE,R7_PREREGISTERED_STRESS_TEST_FRESH_CASES,True
reacher,R7_reacher_046b890bfd78232068401303,H0,R4_ALT_CEM_1,H_POLICY,1,26,2,True,0,COMPLETE,R7_PREREGISTERED_STRESS_TEST_FRESH_CASES,False
reacher,R7_reacher_046b890bfd78232068401303,H0,R4_ALT_CEM_1,H_REAL3_REPLAN,1,26,2,True,0,COMPLETE,R7_PREREGISTERED_STRESS_TEST_FRESH_CASES,True
reacher,R7_reacher_046b890bfd78232068401303,REFIT_103201,R4_ALT_CEM_1,H_POLICY,1,25,1,False,0,COMPLETE,R7_PREREGISTERED_STRESS_TEST_FRESH_CASES,False
reacher,R7_reacher_046b890bfd78232068401303,REFIT_103201,R4_ALT_CEM_1,H_REAL3_REPLAN,1,25,1,False,0,COMPLETE,R7_PREREGISTERED_STRESS_TEST_FRESH_CASES,True
reacher,R7_reacher_046b890bfd78232068401303,REFIT_103202,R4_ALT_CEM_1,H_POLICY,0,100,4,True,0,COMPLETE,R7_PREREGISTERED_STRESS_TEST_FRESH_CASES,False
reacher,R7_reacher_046b890bfd78232068401303,REFIT_103202,R4_ALT_CEM_1,H_REAL3_REPLAN,0,100,4,True,0,COMPLETE,R7_PREREGISTERED_STRESS_TEST_FRESH_CASES,True
reacher,R7_reacher_046b890bfd78232068401303,REFIT_103203,R4_ALT_CEM_1,H_POLICY,1,25,1,False,0,COMPLETE,R7_PREREGISTERED_STRESS_TEST_FRESH_CASES,False
reacher,R7_reacher_046b890bfd78232068401303,REFIT_103203,R4_ALT_CEM_1,H_REAL3_REPLAN,1,25,1,False,0,COMPLETE,R7_PREREGISTERED_STRESS_TEST_FRESH_CASES,True
reacher,R7_reacher_04877d0344ffb1a50c07d287,H0,R4_ALT_CEM_1,H_POLICY,1,25,1,False,0,COMPLETE,R7_PREREGISTERED_STRESS_TEST_FRESH_CASES,False
reacher,R7_reacher_04877d0344ffb1a50c07d287,H0,R4_ALT_CEM_1,H_REAL3_REPLAN,1,25,1,False,0,COMPLETE,R7_PREREGISTERED_STRESS_TEST_FRESH_CASES,True
reacher,R7_reacher_04877d0344ffb1a50c07d287,REFIT_103201,R4_ALT_CEM_1,H_POLICY,1,52,3,True,0,COMPLETE,R7_PREREGISTERED_STRESS_TEST_FRESH_CASES,False
reacher,R7_reacher_04877d0344ffb1a50c07d287,REFIT_103201,R4_ALT_CEM_1,H_REAL3_REPLAN,1,44,2,True,0,COMPLETE,R7_PREREGISTERED_STRESS_TEST_FRESH_CASES,True
reacher,R7_reacher_04877d0344ffb1a50c07d287,REFIT_103202,R4_ALT_CEM_1,H_POLICY,1,100,4,True,0,COMPLETE,R7_PREREGISTERED_STRESS_TEST_FRESH_CASES,False
reacher,R7_reacher_04877d0344ffb1a50c07d287,REFIT_103202,R4_ALT_CEM_1,H_REAL3_REPLAN,1,27,2,True,0,COMPLETE,R7_PREREGISTERED_STRESS_TEST_FRESH_CASES,True
reacher,R7_reacher_04877d0344ffb1a50c07d287,REFIT_103203,R4_ALT_CEM_1,H_POLICY,1,25,1,False,0,COMPLETE,R7_PREREGISTERED_STRESS_TEST_FRESH_CASES,False
reacher,R7_reacher_04877d0344ffb1a50c07d287,REFIT_103203,R4_ALT_CEM_1,H_REAL3_REPLAN,1,25,1,False,0,COMPLETE,R7_PREREGISTERED_STRESS_TEST_FRESH_CASES,True
reacher,R7_reacher_049c7d5324e885cdbcd5e248,H0,R4_ALT_CEM_1,H_POLICY,1,51,3,True,0,COMPLETE,R7_PREREGISTERED_STRESS_TEST_FRESH_CASES,False
reacher,R7_reacher_049c7d5324e885cdbcd5e248,H0,R4_ALT_CEM_1,H_REAL3_REPLAN,1,50,2,True,0,COMPLETE,R7_PREREGISTERED_STRESS_TEST_FRESH_CASES,True
reacher,R7_reacher_049c7d5324e885cdbcd5e248,REFIT_103201,R4_ALT_CEM_1,H_POLICY,1,50,2,True,0,COMPLETE,R7_PREREGISTERED_STRESS_TEST_FRESH_CASES,False
reacher,R7_reacher_049c7d5324e885cdbcd5e248,REFIT_103201,R4_ALT_CEM_1,H_REAL3_REPLAN,1,50,2,True,0,COMPLETE,R7_PREREGISTERED_STRESS_TEST_FRESH_CASES,True
reacher,R7_reacher_049c7d5324e885cdbcd5e248,REFIT_103202,R4_ALT_CEM_1,H_POLICY,1,42,2,True,0,COMPLETE,R7_PREREGISTERED_STRESS_TEST_FRESH_CASES,False
reacher,R7_reacher_049c7d5324e885cdbcd5e248,REFIT_103202,R4_ALT_CEM_1,H_REAL3_REPLAN,1,50,2,True,0,COMPLETE,R7_PREREGISTERED_STRESS_TEST_FRESH_CASES,True
reacher,R7_reacher_049c7d5324e885cdbcd5e248,REFIT_103203,R4_ALT_CEM_1,H_POLICY,1,51,3,True,0,COMPLETE,R7_PREREGISTERED_STRESS_TEST_FRESH_CASES,False
reacher,R7_reacher_049c7d5324e885cdbcd5e248,REFIT_103203,R4_ALT_CEM_1,H_REAL3_REPLAN,1,50,2,True,0,COMPLETE,R7_PREREGISTERED_STRESS_TEST_FRESH_CASES,True
reacher,R7_reacher_04e9a63134673481d7c3f891,H0,R4_ALT_CEM_1,H_POLICY,1,51,3,True,0,COMPLETE,R7_PREREGISTERED_STRESS_TEST_FRESH_CASES,False
reacher,R7_reacher_04e9a63134673481d7c3f891,H0,R4_ALT_CEM_1,H_REAL3_REPLAN,1,32,2,True,0,COMPLETE,R7_PREREGISTERED_STRESS_TEST_FRESH_CASES,True
reacher,R7_reacher_04e9a63134673481d7c3f891,REFIT_103201,R4_ALT_CEM_1,H_POLICY,1,50,2,True,0,COMPLETE,R7_PREREGISTERED_STRESS_TEST_FRESH_CASES,False
reacher,R7_reacher_04e9a63134673481d7c3f891,REFIT_103201,R4_ALT_CEM_1,H_REAL3_REPLAN,1,29,2,True,0,COMPLETE,R7_PREREGISTERED_STRESS_TEST_FRESH_CASES,True
reacher,R7_reacher_04e9a63134673481d7c3f891,REFIT_103202,R4_ALT_CEM_1,H_POLICY,1,28,2,True,0,COMPLETE,R7_PREREGISTERED_STRESS_TEST_FRESH_CASES,False
reacher,R7_reacher_04e9a63134673481d7c3f891,REFIT_103202,R4_ALT_CEM_1,H_REAL3_REPLAN,1,29,2,True,0,COMPLETE,R7_PREREGISTERED_STRESS_TEST_FRESH_CASES,True
reacher,R7_reacher_04e9a63134673481d7c3f891,REFIT_103203,R4_ALT_CEM_1,H_POLICY,1,50,2,True,0,COMPLETE,R7_PREREGISTERED_STRESS_TEST_FRESH_CASES,False
reacher,R7_reacher_04e9a63134673481d7c3f891,REFIT_103203,R4_ALT_CEM_1,H_REAL3_REPLAN,1,50,2,True,0,COMPLETE,R7_PREREGISTERED_STRESS_TEST_FRESH_CASES,True
reacher,R7_reacher_04ff0c9a650582de1c4a6801,H0,R4_ALT_CEM_1,H_POLICY,1,24,1,False,0,COMPLETE,R7_PREREGISTERED_STRESS_TEST_FRESH_CASES,False
reacher,R7_reacher_04ff0c9a650582de1c4a6801,H0,R4_ALT_CEM_1,H_REAL3_REPLAN,1,24,1,False,0,COMPLETE,R7_PREREGISTERED_STRESS_TEST_FRESH_CASES,True
reacher,R7_reacher_04ff0c9a650582de1c4a6801,REFIT_103201,R4_ALT_CEM_1,H_POLICY,1,24,1,False,0,COMPLETE,R7_PREREGISTERED_STRESS_TEST_FRESH_CASES,False
reacher,R7_reacher_04ff0c9a650582de1c4a6801,REFIT_103201,R4_ALT_CEM_1,H_REAL3_REPLAN,1,24,1,False,0,COMPLETE,R7_PREREGISTERED_STRESS_TEST_FRESH_CASES,True
reacher,R7_reacher_04ff0c9a650582de1c4a6801,REFIT_103202,R4_ALT_CEM_1,H_POLICY,1,25,1,False,0,COMPLETE,R7_PREREGISTERED_STRESS_TEST_FRESH_CASES,False
reacher,R7_reacher_04ff0c9a650582de1c4a6801,REFIT_103202,R4_ALT_CEM_1,H_REAL3_REPLAN,1,25,1,False,0,COMPLETE,R7_PREREGISTERED_STRESS_TEST_FRESH_CASES,True
reacher,R7_reacher_04ff0c9a650582de1c4a6801,REFIT_103203,R4_ALT_CEM_1,H_POLICY,1,24,1,False,0,COMPLETE,R7_PREREGISTERED_STRESS_TEST_FRESH_CASES,False
reacher,R7_reacher_04ff0c9a650582de1c4a6801,REFIT_103203,R4_ALT_CEM_1,H_REAL3_REPLAN,1,24,1,False,0,COMPLETE,R7_PREREGISTERED_STRESS_TEST_FRESH_CASES,True
reacher,R7_reacher_051f43b4892efc8bb1983dea,H0,R4_ALT_CEM_1,H_POLICY,1,29,2,True,0,COMPLETE,R7_PREREGISTERED_STRESS_TEST_FRESH_CASES,False
reacher,R7_reacher_051f43b4892efc8bb1983dea,H0,R4_ALT_CEM_1,H_REAL3_REPLAN,1,36,2,True,0,COMPLETE,R7_PREREGISTERED_STRESS_TEST_FRESH_CASES,True
reacher,R7_reacher_051f43b4892efc8bb1983dea,REFIT_103201,R4_ALT_CEM_1,H_POLICY,1,24,1,False,0,COMPLETE,R7_PREREGISTERED_STRESS_TEST_FRESH_CASES,False
reacher,R7_reacher_051f43b4892efc8bb1983dea,REFIT_103201,R4_ALT_CEM_1,H_REAL3_REPLAN,1,24,1,False,0,COMPLETE,R7_PREREGISTERED_STRESS_TEST_FRESH_CASES,True
reacher,R7_reacher_051f43b4892efc8bb1983dea,REFIT_103202,R4_ALT_CEM_1,H_POLICY,1,28,2,True,0,COMPLETE,R7_PREREGISTERED_STRESS_TEST_FRESH_CASES,False
reacher,R7_reacher_051f43b4892efc8bb1983dea,REFIT_103202,R4_ALT_CEM_1,H_REAL3_REPLAN,1,30,2,True,0,COMPLETE,R7_PREREGISTERED_STRESS_TEST_FRESH_CASES,True
reacher,R7_reacher_051f43b4892efc8bb1983dea,REFIT_103203,R4_ALT_CEM_1,H_POLICY,1,25,1,False,0,COMPLETE,R7_PREREGISTERED_STRESS_TEST_FRESH_CASES,False
reacher,R7_reacher_051f43b4892efc8bb1983dea,REFIT_103203,R4_ALT_CEM_1,H_REAL3_REPLAN,1,25,1,False,0,COMPLETE,R7_PREREGISTERED_STRESS_TEST_FRESH_CASES,True
reacher,R7_reacher_057827bb1d14ded81f53fc86,H0,R4_ALT_CEM_1,H_POLICY,1,26,2,True,0,COMPLETE,R7_PREREGISTERED_STRESS_TEST_FRESH_CASES,False
reacher,R7_reacher_057827bb1d14ded81f53fc86,H0,R4_ALT_CEM_1,H_REAL3_REPLAN,1,27,2,True,0,COMPLETE,R7_PREREGISTERED_STRESS_TEST_FRESH_CASES,True
reacher,R7_reacher_057827bb1d14ded81f53fc86,REFIT_103201,R4_ALT_CEM_1,H_POLICY,1,25,1,False,0,COMPLETE,R7_PREREGISTERED_STRESS_TEST_FRESH_CASES,False
reacher,R7_reacher_057827bb1d14ded81f53fc86,REFIT_103201,R4_ALT_CEM_1,H_REAL3_REPLAN,1,25,1,False,0,COMPLETE,R7_PREREGISTERED_STRESS_TEST_FRESH_CASES,True
reacher,R7_reacher_057827bb1d14ded81f53fc86,REFIT_103202,R4_ALT_CEM_1,H_POLICY,1,25,1,False,0,COMPLETE,R7_PREREGISTERED_STRESS_TEST_FRESH_CASES,False
reacher,R7_reacher_057827bb1d14ded81f53fc86,REFIT_103202,R4_ALT_CEM_1,H_REAL3_REPLAN,1,25,1,False,0,COMPLETE,R7_PREREGISTERED_STRESS_TEST_FRESH_CASES,True
reacher,R7_reacher_057827bb1d14ded81f53fc86,REFIT_103203,R4_ALT_CEM_1,H_POLICY,1,25,1,False,0,COMPLETE,R7_PREREGISTERED_STRESS_TEST_FRESH_CASES,False
reacher,R7_reacher_057827bb1d14ded81f53fc86,REFIT_103203,R4_ALT_CEM_1,H_REAL3_REPLAN,1,25,1,False,0,COMPLETE,R7_PREREGISTERED_STRESS_TEST_FRESH_CASES,True
reacher,R7_reacher_059bc657814769b65dced153,H0,R4_ALT_CEM_1,H_POLICY,1,22,1,False,0,COMPLETE,R7_PREREGISTERED_STRESS_TEST_FRESH_CASES,False
reacher,R7_reacher_059bc657814769b65dced153,H0,R4_ALT_CEM_1,H_REAL3_REPLAN,1,22,1,False,0,COMPLETE,R7_PREREGISTERED_STRESS_TEST_FRESH_CASES,True
reacher,R7_reacher_059bc657814769b65dced153,REFIT_103201,R4_ALT_CEM_1,H_POLICY,1,22,1,False,0,COMPLETE,R7_PREREGISTERED_STRESS_TEST_FRESH_CASES,False
reacher,R7_reacher_059bc657814769b65dced153,REFIT_103201,R4_ALT_CEM_1,H_REAL3_REPLAN,1,22,1,False,0,COMPLETE,R7_PREREGISTERED_STRESS_TEST_FRESH_CASES,True
reacher,R7_reacher_059bc657814769b65dced153,REFIT_103202,R4_ALT_CEM_1,H_POLICY,1,21,1,False,0,COMPLETE,R7_PREREGISTERED_STRESS_TEST_FRESH_CASES,False
reacher,R7_reacher_059bc657814769b65dced153,REFIT_103202,R4_ALT_CEM_1,H_REAL3_REPLAN,1,21,1,False,0,COMPLETE,R7_PREREGISTERED_STRESS_TEST_FRESH_CASES,True
reacher,R7_reacher_059bc657814769b65dced153,REFIT_103203,R4_ALT_CEM_1,H_POLICY,1,20,1,False,0,COMPLETE,R7_PREREGISTERED_STRESS_TEST_FRESH_CASES,False
reacher,R7_reacher_059bc657814769b65dced153,REFIT_103203,R4_ALT_CEM_1,H_REAL3_REPLAN,1,20,1,False,0,COMPLETE,R7_PREREGISTERED_STRESS_TEST_FRESH_CASES,True
reacher,R7_reacher_059ed10af59f11ac08a80827,H0,R4_ALT_CEM_1,H_POLICY,1,23,1,False,0,COMPLETE,R7_PREREGISTERED_STRESS_TEST_FRESH_CASES,False
reacher,R7_reacher_059ed10af59f11ac08a80827,H0,R4_ALT_CEM_1,H_REAL3_REPLAN,1,23,1,False,0,COMPLETE,R7_PREREGISTERED_STRESS_TEST_FRESH_CASES,True
reacher,R7_reacher_059ed10af59f11ac08a80827,REFIT_103201,R4_ALT_CEM_1,H_POLICY,1,25,1,False,0,COMPLETE,R7_PREREGISTERED_STRESS_TEST_FRESH_CASES,False
reacher,R7_reacher_059ed10af59f11ac08a80827,REFIT_103201,R4_ALT_CEM_1,H_REAL3_REPLAN,1,25,1,False,0,COMPLETE,R7_PREREGISTERED_STRESS_TEST_FRESH_CASES,True
reacher,R7_reacher_059ed10af59f11ac08a80827,REFIT_103202,R4_ALT_CEM_1,H_POLICY,1,25,1,False,0,COMPLETE,R7_PREREGISTERED_STRESS_TEST_FRESH_CASES,False
reacher,R7_reacher_059ed10af59f11ac08a80827,REFIT_103202,R4_ALT_CEM_1,H_REAL3_REPLAN,1,25,1,False,0,COMPLETE,R7_PREREGISTERED_STRESS_TEST_FRESH_CASES,True
reacher,R7_reacher_059ed10af59f11ac08a80827,REFIT_103203,R4_ALT_CEM_1,H_POLICY,1,19,1,False,0,COMPLETE,R7_PREREGISTERED_STRESS_TEST_FRESH_CASES,False
reacher,R7_reacher_059ed10af59f11ac08a80827,REFIT_103203,R4_ALT_CEM_1,H_REAL3_REPLAN,1,19,1,False,0,COMPLETE,R7_PREREGISTERED_STRESS_TEST_FRESH_CASES,True
reacher,R7_reacher_05c134f2ffe1627d297d0c61,H0,R4_ALT_CEM_1,H_POLICY,1,24,1,False,0,COMPLETE,R7_PREREGISTERED_STRESS_TEST_FRESH_CASES,False
reacher,R7_reacher_05c134f2ffe1627d297d0c61,H0,R4_ALT_CEM_1,H_REAL3_REPLAN,1,24,1,False,0,COMPLETE,R7_PREREGISTERED_STRESS_TEST_FRESH_CASES,True
reacher,R7_reacher_05c134f2ffe1627d297d0c61,REFIT_103201,R4_ALT_CEM_1,H_POLICY,1,27,2,True,0,COMPLETE,R7_PREREGISTERED_STRESS_TEST_FRESH_CASES,False
reacher,R7_reacher_05c134f2ffe1627d297d0c61,REFIT_103201,R4_ALT_CEM_1,H_REAL3_REPLAN,1,28,2,True,0,COMPLETE,R7_PREREGISTERED_STRESS_TEST_FRESH_CASES,True
reacher,R7_reacher_05c134f2ffe1627d297d0c61,REFIT_103202,R4_ALT_CEM_1,H_POLICY,1,40,2,True,0,COMPLETE,R7_PREREGISTERED_STRESS_TEST_FRESH_CASES,False
reacher,R7_reacher_05c134f2ffe1627d297d0c61,REFIT_103202,R4_ALT_CEM_1,H_REAL3_REPLAN,1,29,2,True,0,COMPLETE,R7_PREREGISTERED_STRESS_TEST_FRESH_CASES,True
reacher,R7_reacher_05c134f2ffe1627d297d0c61,REFIT_103203,R4_ALT_CEM_1,H_POLICY,1,26,2,True,0,COMPLETE,R7_PREREGISTERED_STRESS_TEST_FRESH_CASES,False
reacher,R7_reacher_05c134f2ffe1627d297d0c61,REFIT_103203,R4_ALT_CEM_1,H_REAL3_REPLAN,1,26,2,True,0,COMPLETE,R7_PREREGISTERED_STRESS_TEST_FRESH_CASES,True
reacher,R7_reacher_05c317a498c172704c19643b,H0,R4_ALT_CEM_1,H_POLICY,1,27,2,True,0,COMPLETE,R7_PREREGISTERED_STRESS_TEST_FRESH_CASES,False
reacher,R7_reacher_05c317a498c172704c19643b,H0,R4_ALT_CEM_1,H_REAL3_REPLAN,1,48,2,True,0,COMPLETE,R7_PREREGISTERED_STRESS_TEST_FRESH_CASES,True
reacher,R7_reacher_05c317a498c172704c19643b,REFIT_103201,R4_ALT_CEM_1,H_POLICY,1,27,2,True,0,COMPLETE,R7_PREREGISTERED_STRESS_TEST_FRESH_CASES,False
reacher,R7_reacher_05c317a498c172704c19643b,REFIT_103201,R4_ALT_CEM_1,H_REAL3_REPLAN,1,41,2,True,0,COMPLETE,R7_PREREGISTERED_STRESS_TEST_FRESH_CASES,True
reacher,R7_reacher_05c317a498c172704c19643b,REFIT_103202,R4_ALT_CEM_1,H_POLICY,1,25,1,False,0,COMPLETE,R7_PREREGISTERED_STRESS_TEST_FRESH_CASES,False
reacher,R7_reacher_05c317a498c172704c19643b,REFIT_103202,R4_ALT_CEM_1,H_REAL3_REPLAN,1,25,1,False,0,COMPLETE,R7_PREREGISTERED_STRESS_TEST_FRESH_CASES,True
reacher,R7_reacher_05c317a498c172704c19643b,REFIT_103203,R4_ALT_CEM_1,H_POLICY,1,25,1,False,0,COMPLETE,R7_PREREGISTERED_STRESS_TEST_FRESH_CASES,False
reacher,R7_reacher_05c317a498c172704c19643b,REFIT_103203,R4_ALT_CEM_1,H_REAL3_REPLAN,1,25,1,False,0,COMPLETE,R7_PREREGISTERED_STRESS_TEST_FRESH_CASES,True
reacher,R7_reacher_05de9032849239e8bac0fafd,H0,R4_ALT_CEM_1,H_POLICY,1,48,2,True,0,COMPLETE,R7_PREREGISTERED_STRESS_TEST_FRESH_CASES,False
reacher,R7_reacher_05de9032849239e8bac0fafd,H0,R4_ALT_CEM_1,H_REAL3_REPLAN,1,48,2,True,0,COMPLETE,R7_PREREGISTERED_STRESS_TEST_FRESH_CASES,True
reacher,R7_reacher_05de9032849239e8bac0fafd,REFIT_103201,R4_ALT_CEM_1,H_POLICY,1,43,2,True,0,COMPLETE,R7_PREREGISTERED_STRESS_TEST_FRESH_CASES,False
reacher,R7_reacher_05de9032849239e8bac0fafd,REFIT_103201,R4_ALT_CEM_1,H_REAL3_REPLAN,1,49,2,True,0,COMPLETE,R7_PREREGISTERED_STRESS_TEST_FRESH_CASES,True
reacher,R7_reacher_05de9032849239e8bac0fafd,REFIT_103202,R4_ALT_CEM_1,H_POLICY,1,49,2,True,0,COMPLETE,R7_PREREGISTERED_STRESS_TEST_FRESH_CASES,False
reacher,R7_reacher_05de9032849239e8bac0fafd,REFIT_103202,R4_ALT_CEM_1,H_REAL3_REPLAN,1,49,2,True,0,COMPLETE,R7_PREREGISTERED_STRESS_TEST_FRESH_CASES,True
reacher,R7_reacher_05de9032849239e8bac0fafd,REFIT_103203,R4_ALT_CEM_1,H_POLICY,1,47,2,True,0,COMPLETE,R7_PREREGISTERED_STRESS_TEST_FRESH_CASES,False
reacher,R7_reacher_05de9032849239e8bac0fafd,REFIT_103203,R4_ALT_CEM_1,H_REAL3_REPLAN,1,47,2,True,0,COMPLETE,R7_PREREGISTERED_STRESS_TEST_FRESH_CASES,True
reacher,R7_reacher_05df119fb6138625a0a37191,H0,R4_ALT_CEM_1,H_POLICY,1,28,2,True,0,COMPLETE,R7_PREREGISTERED_STRESS_TEST_FRESH_CASES,False
reacher,R7_reacher_05df119fb6138625a0a37191,H0,R4_ALT_CEM_1,H_REAL3_REPLAN,1,36,2,True,0,COMPLETE,R7_PREREGISTERED_STRESS_TEST_FRESH_CASES,True
reacher,R7_reacher_05df119fb6138625a0a37191,REFIT_103201,R4_ALT_CEM_1,H_POLICY,1,28,2,True,0,COMPLETE,R7_PREREGISTERED_STRESS_TEST_FRESH_CASES,False
reacher,R7_reacher_05df119fb6138625a0a37191,REFIT_103201,R4_ALT_CEM_1,H_REAL3_REPLAN,1,30,2,True,0,COMPLETE,R7_PREREGISTERED_STRESS_TEST_FRESH_CASES,True
reacher,R7_reacher_05df119fb6138625a0a37191,REFIT_103202,R4_ALT_CEM_1,H_POLICY,1,65,3,True,0,COMPLETE,R7_PREREGISTERED_STRESS_TEST_FRESH_CASES,False
reacher,R7_reacher_05df119fb6138625a0a37191,REFIT_103202,R4_ALT_CEM_1,H_REAL3_REPLAN,1,28,2,True,0,COMPLETE,R7_PREREGISTERED_STRESS_TEST_FRESH_CASES,True
reacher,R7_reacher_05df119fb6138625a0a37191,REFIT_103203,R4_ALT_CEM_1,H_POLICY,0,100,4,True,0,COMPLETE,R7_PREREGISTERED_STRESS_TEST_FRESH_CASES,False
reacher,R7_reacher_05df119fb6138625a0a37191,REFIT_103203,R4_ALT_CEM_1,H_REAL3_REPLAN,1,28,2,True,0,COMPLETE,R7_PREREGISTERED_STRESS_TEST_FRESH_CASES,True
reacher,R7_reacher_05e92b020fc50822c0c12f3b,H0,R4_ALT_CEM_1,H_POLICY,1,49,2,True,0,COMPLETE,R7_PREREGISTERED_STRESS_TEST_FRESH_CASES,False
reacher,R7_reacher_05e92b020fc50822c0c12f3b,H0,R4_ALT_CEM_1,H_REAL3_REPLAN,1,32,2,True,0,COMPLETE,R7_PREREGISTERED_STRESS_TEST_FRESH_CASES,True
reacher,R7_reacher_05e92b020fc50822c0c12f3b,REFIT_103201,R4_ALT_CEM_1,H_POLICY,1,23,1,False,0,COMPLETE,R7_PREREGISTERED_STRESS_TEST_FRESH_CASES,False
reacher,R7_reacher_05e92b020fc50822c0c12f3b,REFIT_103201,R4_ALT_CEM_1,H_REAL3_REPLAN,1,23,1,False,0,COMPLETE,R7_PREREGISTERED_STRESS_TEST_FRESH_CASES,True
reacher,R7_reacher_05e92b020fc50822c0c12f3b,REFIT_103202,R4_ALT_CEM_1,H_POLICY,1,22,1,False,0,COMPLETE,R7_PREREGISTERED_STRESS_TEST_FRESH_CASES,False
reacher,R7_reacher_05e92b020fc50822c0c12f3b,REFIT_103202,R4_ALT_CEM_1,H_REAL3_REPLAN,1,22,1,False,0,COMPLETE,R7_PREREGISTERED_STRESS_TEST_FRESH_CASES,True
reacher,R7_reacher_05e92b020fc50822c0c12f3b,REFIT_103203,R4_ALT_CEM_1,H_POLICY,1,24,1,False,0,COMPLETE,R7_PREREGISTERED_STRESS_TEST_FRESH_CASES,False
reacher,R7_reacher_05e92b020fc50822c0c12f3b,REFIT_103203,R4_ALT_CEM_1,H_REAL3_REPLAN,1,24,1,False,0,COMPLETE,R7_PREREGISTERED_STRESS_TEST_FRESH_CASES,True
reacher,R7_reacher_05f022aec309dcba9454a525,H0,R4_ALT_CEM_1,H_POLICY,1,14,1,False,0,COMPLETE,R7_PREREGISTERED_STRESS_TEST_FRESH_CASES,False
reacher,R7_reacher_05f022aec309dcba9454a525,H0,R4_ALT_CEM_1,H_REAL3_REPLAN,1,14,1,False,0,COMPLETE,R7_PREREGISTERED_STRESS_TEST_FRESH_CASES,True
reacher,R7_reacher_05f022aec309dcba9454a525,REFIT_103201,R4_ALT_CEM_1,H_POLICY,1,12,1,False,0,COMPLETE,R7_PREREGISTERED_STRESS_TEST_FRESH_CASES,False
reacher,R7_reacher_05f022aec309dcba9454a525,REFIT_103201,R4_ALT_CEM_1,H_REAL3_REPLAN,1,12,1,False,0,COMPLETE,R7_PREREGISTERED_STRESS_TEST_FRESH_CASES,True
reacher,R7_reacher_05f022aec309dcba9454a525,REFIT_103202,R4_ALT_CEM_1,H_POLICY,1,36,2,True,0,COMPLETE,R7_PREREGISTERED_STRESS_TEST_FRESH_CASES,False
reacher,R7_reacher_05f022aec309dcba9454a525,REFIT_103202,R4_ALT_CEM_1,H_REAL3_REPLAN,1,50,2,True,0,COMPLETE,R7_PREREGISTERED_STRESS_TEST_FRESH_CASES,True
reacher,R7_reacher_05f022aec309dcba9454a525,REFIT_103203,R4_ALT_CEM_1,H_POLICY,1,47,2,True,0,COMPLETE,R7_PREREGISTERED_STRESS_TEST_FRESH_CASES,False
reacher,R7_reacher_05f022aec309dcba9454a525,REFIT_103203,R4_ALT_CEM_1,H_REAL3_REPLAN,1,36,2,True,0,COMPLETE,R7_PREREGISTERED_STRESS_TEST_FRESH_CASES,True
reacher,R7_reacher_0608e39229f7b074b4363cd4,H0,R4_ALT_CEM_1,H_POLICY,1,51,3,True,0,COMPLETE,R7_PREREGISTERED_STRESS_TEST_FRESH_CASES,False
reacher,R7_reacher_0608e39229f7b074b4363cd4,H0,R4_ALT_CEM_1,H_REAL3_REPLAN,1,34,2,True,0,COMPLETE,R7_PREREGISTERED_STRESS_TEST_FRESH_CASES,True
reacher,R7_reacher_0608e39229f7b074b4363cd4,REFIT_103201,R4_ALT_CEM_1,H_POLICY,1,32,2,True,0,COMPLETE,R7_PREREGISTERED_STRESS_TEST_FRESH_CASES,False
reacher,R7_reacher_0608e39229f7b074b4363cd4,REFIT_103201,R4_ALT_CEM_1,H_REAL3_REPLAN,1,30,2,True,0,COMPLETE,R7_PREREGISTERED_STRESS_TEST_FRESH_CASES,True
reacher,R7_reacher_0608e39229f7b074b4363cd4,REFIT_103202,R4_ALT_CEM_1,H_POLICY,1,49,2,True,0,COMPLETE,R7_PREREGISTERED_STRESS_TEST_FRESH_CASES,False
reacher,R7_reacher_0608e39229f7b074b4363cd4,REFIT_103202,R4_ALT_CEM_1,H_REAL3_REPLAN,1,48,2,True,0,COMPLETE,R7_PREREGISTERED_STRESS_TEST_FRESH_CASES,True
reacher,R7_reacher_0608e39229f7b074b4363cd4,REFIT_103203,R4_ALT_CEM_1,H_POLICY,1,48,2,True,0,COMPLETE,R7_PREREGISTERED_STRESS_TEST_FRESH_CASES,False
reacher,R7_reacher_0608e39229f7b074b4363cd4,REFIT_103203,R4_ALT_CEM_1,H_REAL3_REPLAN,1,50,2,True,0,COMPLETE,R7_PREREGISTERED_STRESS_TEST_FRESH_CASES,True
reacher,R7_reacher_06200874c5af9d79af2100be,H0,R4_ALT_CEM_1,H_POLICY,1,44,2,True,0,COMPLETE,R7_PREREGISTERED_STRESS_TEST_FRESH_CASES,False
reacher,R7_reacher_06200874c5af9d79af2100be,H0,R4_ALT_CEM_1,H_REAL3_REPLAN,1,41,2,True,0,COMPLETE,R7_PREREGISTERED_STRESS_TEST_FRESH_CASES,True
reacher,R7_reacher_06200874c5af9d79af2100be,REFIT_103201,R4_ALT_CEM_1,H_POLICY,1,46,2,True,0,COMPLETE,R7_PREREGISTERED_STRESS_TEST_FRESH_CASES,False
reacher,R7_reacher_06200874c5af9d79af2100be,REFIT_103201,R4_ALT_CEM_1,H_REAL3_REPLAN,1,46,2,True,0,COMPLETE,R7_PREREGISTERED_STRESS_TEST_FRESH_CASES,True
reacher,R7_reacher_06200874c5af9d79af2100be,REFIT_103202,R4_ALT_CEM_1,H_POLICY,1,38,2,True,0,COMPLETE,R7_PREREGISTERED_STRESS_TEST_FRESH_CASES,False
reacher,R7_reacher_06200874c5af9d79af2100be,REFIT_103202,R4_ALT_CEM_1,H_REAL3_REPLAN,1,37,2,True,0,COMPLETE,R7_PREREGISTERED_STRESS_TEST_FRESH_CASES,True
reacher,R7_reacher_06200874c5af9d79af2100be,REFIT_103203,R4_ALT_CEM_1,H_POLICY,1,44,2,True,0,COMPLETE,R7_PREREGISTERED_STRESS_TEST_FRESH_CASES,False
reacher,R7_reacher_06200874c5af9d79af2100be,REFIT_103203,R4_ALT_CEM_1,H_REAL3_REPLAN,1,50,2,True,0,COMPLETE,R7_PREREGISTERED_STRESS_TEST_FRESH_CASES,True
reacher,R7_reacher_063459913c0305ccd3f60afa,H0,R4_ALT_CEM_1,H_POLICY,1,55,3,True,0,COMPLETE,R7_PREREGISTERED_STRESS_TEST_FRESH_CASES,False
reacher,R7_reacher_063459913c0305ccd3f60afa,H0,R4_ALT_CEM_1,H_REAL3_REPLAN,1,50,2,True,0,COMPLETE,R7_PREREGISTERED_STRESS_TEST_FRESH_CASES,True
reacher,R7_reacher_063459913c0305ccd3f60afa,REFIT_103201,R4_ALT_CEM_1,H_POLICY,1,34,2,True,0,COMPLETE,R7_PREREGISTERED_STRESS_TEST_FRESH_CASES,False
reacher,R7_reacher_063459913c0305ccd3f60afa,REFIT_103201,R4_ALT_CEM_1,H_REAL3_REPLAN,1,36,2,True,0,COMPLETE,R7_PREREGISTERED_STRESS_TEST_FRESH_CASES,True
reacher,R7_reacher_063459913c0305ccd3f60afa,REFIT_103202,R4_ALT_CEM_1,H_POLICY,1,56,3,True,0,COMPLETE,R7_PREREGISTERED_STRESS_TEST_FRESH_CASES,False
reacher,R7_reacher_063459913c0305ccd3f60afa,REFIT_103202,R4_ALT_CEM_1,H_REAL3_REPLAN,1,35,2,True,0,COMPLETE,R7_PREREGISTERED_STRESS_TEST_FRESH_CASES,True
reacher,R7_reacher_063459913c0305ccd3f60afa,REFIT_103203,R4_ALT_CEM_1,H_POLICY,1,37,2,True,0,COMPLETE,R7_PREREGISTERED_STRESS_TEST_FRESH_CASES,False
reacher,R7_reacher_063459913c0305ccd3f60afa,REFIT_103203,R4_ALT_CEM_1,H_REAL3_REPLAN,1,34,2,True,0,COMPLETE,R7_PREREGISTERED_STRESS_TEST_FRESH_CASES,True
reacher,R7_reacher_0674938c9fc1b380174d04fe,H0,R4_ALT_CEM_1,H_POLICY,1,48,2,True,0,COMPLETE,R7_PREREGISTERED_STRESS_TEST_FRESH_CASES,False
reacher,R7_reacher_0674938c9fc1b380174d04fe,H0,R4_ALT_CEM_1,H_REAL3_REPLAN,1,31,2,True,0,COMPLETE,R7_PREREGISTERED_STRESS_TEST_FRESH_CASES,True
reacher,R7_reacher_0674938c9fc1b380174d04fe,REFIT_103201,R4_ALT_CEM_1,H_POLICY,1,49,2,True,0,COMPLETE,R7_PREREGISTERED_STRESS_TEST_FRESH_CASES,False
reacher,R7_reacher_0674938c9fc1b380174d04fe,REFIT_103201,R4_ALT_CEM_1,H_REAL3_REPLAN,1,30,2,True,0,COMPLETE,R7_PREREGISTERED_STRESS_TEST_FRESH_CASES,True
reacher,R7_reacher_0674938c9fc1b380174d04fe,REFIT_103202,R4_ALT_CEM_1,H_POLICY,1,36,2,True,0,COMPLETE,R7_PREREGISTERED_STRESS_TEST_FRESH_CASES,False
reacher,R7_reacher_0674938c9fc1b380174d04fe,REFIT_103202,R4_ALT_CEM_1,H_REAL3_REPLAN,1,37,2,True,0,COMPLETE,R7_PREREGISTERED_STRESS_TEST_FRESH_CASES,True
reacher,R7_reacher_0674938c9fc1b380174d04fe,REFIT_103203,R4_ALT_CEM_1,H_POLICY,1,25,1,False,0,COMPLETE,R7_PREREGISTERED_STRESS_TEST_FRESH_CASES,False
reacher,R7_reacher_0674938c9fc1b380174d04fe,REFIT_103203,R4_ALT_CEM_1,H_REAL3_REPLAN,1,25,1,False,0,COMPLETE,R7_PREREGISTERED_STRESS_TEST_FRESH_CASES,True
reacher,R7_reacher_06774fd5fe12fc1973fe987c,H0,R4_ALT_CEM_1,H_POLICY,1,97,4,True,0,COMPLETE,R7_PREREGISTERED_STRESS_TEST_FRESH_CASES,False
reacher,R7_reacher_06774fd5fe12fc1973fe987c,H0,R4_ALT_CEM_1,H_REAL3_REPLAN,1,50,2,True,0,COMPLETE,R7_PREREGISTERED_STRESS_TEST_FRESH_CASES,True
reacher,R7_reacher_06774fd5fe12fc1973fe987c,REFIT_103201,R4_ALT_CEM_1,H_POLICY,1,43,2,True,0,COMPLETE,R7_PREREGISTERED_STRESS_TEST_FRESH_CASES,False
reacher,R7_reacher_06774fd5fe12fc1973fe987c,REFIT_103201,R4_ALT_CEM_1,H_REAL3_REPLAN,1,45,2,True,0,COMPLETE,R7_PREREGISTERED_STRESS_TEST_FRESH_CASES,True
reacher,R7_reacher_06774fd5fe12fc1973fe987c,REFIT_103202,R4_ALT_CEM_1,H_POLICY,1,27,2,True,0,COMPLETE,R7_PREREGISTERED_STRESS_TEST_FRESH_CASES,False
reacher,R7_reacher_06774fd5fe12fc1973fe987c,REFIT_103202,R4_ALT_CEM_1,H_REAL3_REPLAN,1,45,2,True,0,COMPLETE,R7_PREREGISTERED_STRESS_TEST_FRESH_CASES,True
reacher,R7_reacher_06774fd5fe12fc1973fe987c,REFIT_103203,R4_ALT_CEM_1,H_POLICY,1,26,2,True,0,COMPLETE,R7_PREREGISTERED_STRESS_TEST_FRESH_CASES,False
reacher,R7_reacher_06774fd5fe12fc1973fe987c,REFIT_103203,R4_ALT_CEM_1,H_REAL3_REPLAN,1,26,2,True,0,COMPLETE,R7_PREREGISTERED_STRESS_TEST_FRESH_CASES,True
reacher,R7_reacher_06b144735881214d90095fd0,H0,R4_ALT_CEM_1,H_POLICY,1,25,1,False,0,COMPLETE,R7_PREREGISTERED_STRESS_TEST_FRESH_CASES,False
reacher,R7_reacher_06b144735881214d90095fd0,H0,R4_ALT_CEM_1,H_REAL3_REPLAN,1,25,1,False,0,COMPLETE,R7_PREREGISTERED_STRESS_TEST_FRESH_CASES,True
reacher,R7_reacher_06b144735881214d90095fd0,REFIT_103201,R4_ALT_CEM_1,H_POLICY,1,25,1,False,0,COMPLETE,R7_PREREGISTERED_STRESS_TEST_FRESH_CASES,False
reacher,R7_reacher_06b144735881214d90095fd0,REFIT_103201,R4_ALT_CEM_1,H_REAL3_REPLAN,1,25,1,False,0,COMPLETE,R7_PREREGISTERED_STRESS_TEST_FRESH_CASES,True
reacher,R7_reacher_06b144735881214d90095fd0,REFIT_103202,R4_ALT_CEM_1,H_POLICY,1,25,1,False,0,COMPLETE,R7_PREREGISTERED_STRESS_TEST_FRESH_CASES,False
reacher,R7_reacher_06b144735881214d90095fd0,REFIT_103202,R4_ALT_CEM_1,H_REAL3_REPLAN,1,25,1,False,0,COMPLETE,R7_PREREGISTERED_STRESS_TEST_FRESH_CASES,True
reacher,R7_reacher_06b144735881214d90095fd0,REFIT_103203,R4_ALT_CEM_1,H_POLICY,1,25,1,False,0,COMPLETE,R7_PREREGISTERED_STRESS_TEST_FRESH_CASES,False
reacher,R7_reacher_06b144735881214d90095fd0,REFIT_103203,R4_ALT_CEM_1,H_REAL3_REPLAN,1,25,1,False,0,COMPLETE,R7_PREREGISTERED_STRESS_TEST_FRESH_CASES,True
reacher,R7_reacher_06b5d01da6ad1123e8a53b2c,H0,R4_ALT_CEM_1,H_POLICY,1,25,1,False,0,COMPLETE,R7_PREREGISTERED_STRESS_TEST_FRESH_CASES,False
reacher,R7_reacher_06b5d01da6ad1123e8a53b2c,H0,R4_ALT_CEM_1,H_REAL3_REPLAN,1,25,1,False,0,COMPLETE,R7_PREREGISTERED_STRESS_TEST_FRESH_CASES,True
reacher,R7_reacher_06b5d01da6ad1123e8a53b2c,REFIT_103201,R4_ALT_CEM_1,H_POLICY,1,22,1,False,0,COMPLETE,R7_PREREGISTERED_STRESS_TEST_FRESH_CASES,False
reacher,R7_reacher_06b5d01da6ad1123e8a53b2c,REFIT_103201,R4_ALT_CEM_1,H_REAL3_REPLAN,1,22,1,False,0,COMPLETE,R7_PREREGISTERED_STRESS_TEST_FRESH_CASES,True
reacher,R7_reacher_06b5d01da6ad1123e8a53b2c,REFIT_103202,R4_ALT_CEM_1,H_POLICY,1,24,1,False,0,COMPLETE,R7_PREREGISTERED_STRESS_TEST_FRESH_CASES,False
reacher,R7_reacher_06b5d01da6ad1123e8a53b2c,REFIT_103202,R4_ALT_CEM_1,H_REAL3_REPLAN,1,24,1,False,0,COMPLETE,R7_PREREGISTERED_STRESS_TEST_FRESH_CASES,True
reacher,R7_reacher_06b5d01da6ad1123e8a53b2c,REFIT_103203,R4_ALT_CEM_1,H_POLICY,1,23,1,False,0,COMPLETE,R7_PREREGISTERED_STRESS_TEST_FRESH_CASES,False
reacher,R7_reacher_06b5d01da6ad1123e8a53b2c,REFIT_103203,R4_ALT_CEM_1,H_REAL3_REPLAN,1,23,1,False,0,COMPLETE,R7_PREREGISTERED_STRESS_TEST_FRESH_CASES,True
reacher,R7_reacher_06cc25fafe84bfd8e09d6e56,H0,R4_ALT_CEM_1,H_POLICY,1,43,2,True,0,COMPLETE,R7_PREREGISTERED_STRESS_TEST_FRESH_CASES,False
reacher,R7_reacher_06cc25fafe84bfd8e09d6e56,H0,R4_ALT_CEM_1,H_REAL3_REPLAN,1,36,2,True,0,COMPLETE,R7_PREREGISTERED_STRESS_TEST_FRESH_CASES,True
reacher,R7_reacher_06cc25fafe84bfd8e09d6e56,REFIT_103201,R4_ALT_CEM_1,H_POLICY,1,50,2,True,0,COMPLETE,R7_PREREGISTERED_STRESS_TEST_FRESH_CASES,False
reacher,R7_reacher_06cc25fafe84bfd8e09d6e56,REFIT_103201,R4_ALT_CEM_1,H_REAL3_REPLAN,1,74,3,True,0,COMPLETE,R7_PREREGISTERED_STRESS_TEST_FRESH_CASES,True
reacher,R7_reacher_06cc25fafe84bfd8e09d6e56,REFIT_103202,R4_ALT_CEM_1,H_POLICY,1,25,1,False,0,COMPLETE,R7_PREREGISTERED_STRESS_TEST_FRESH_CASES,False
reacher,R7_reacher_06cc25fafe84bfd8e09d6e56,REFIT_103202,R4_ALT_CEM_1,H_REAL3_REPLAN,1,25,1,False,0,COMPLETE,R7_PREREGISTERED_STRESS_TEST_FRESH_CASES,True
reacher,R7_reacher_06cc25fafe84bfd8e09d6e56,REFIT_103203,R4_ALT_CEM_1,H_POLICY,1,40,2,True,0,COMPLETE,R7_PREREGISTERED_STRESS_TEST_FRESH_CASES,False
reacher,R7_reacher_06cc25fafe84bfd8e09d6e56,REFIT_103203,R4_ALT_CEM_1,H_REAL3_REPLAN,1,29,2,True,0,COMPLETE,R7_PREREGISTERED_STRESS_TEST_FRESH_CASES,True
reacher,R7_reacher_06dba88f07b7ee1091cf5829,H0,R4_ALT_CEM_1,H_POLICY,1,69,3,True,0,COMPLETE,R7_PREREGISTERED_STRESS_TEST_FRESH_CASES,False
reacher,R7_reacher_06dba88f07b7ee1091cf5829,H0,R4_ALT_CEM_1,H_REAL3_REPLAN,1,50,2,True,0,COMPLETE,R7_PREREGISTERED_STRESS_TEST_FRESH_CASES,True
reacher,R7_reacher_06dba88f07b7ee1091cf5829,REFIT_103201,R4_ALT_CEM_1,H_POLICY,1,72,3,True,0,COMPLETE,R7_PREREGISTERED_STRESS_TEST_FRESH_CASES,False
reacher,R7_reacher_06dba88f07b7ee1091cf5829,REFIT_103201,R4_ALT_CEM_1,H_REAL3_REPLAN,1,50,2,True,0,COMPLETE,R7_PREREGISTERED_STRESS_TEST_FRESH_CASES,True
reacher,R7_reacher_06dba88f07b7ee1091cf5829,REFIT_103202,R4_ALT_CEM_1,H_POLICY,1,55,3,True,0,COMPLETE,R7_PREREGISTERED_STRESS_TEST_FRESH_CASES,False
reacher,R7_reacher_06dba88f07b7ee1091cf5829,REFIT_103202,R4_ALT_CEM_1,H_REAL3_REPLAN,1,50,2,True,0,COMPLETE,R7_PREREGISTERED_STRESS_TEST_FRESH_CASES,True
reacher,R7_reacher_06dba88f07b7ee1091cf5829,REFIT_103203,R4_ALT_CEM_1,H_POLICY,1,55,3,True,0,COMPLETE,R7_PREREGISTERED_STRESS_TEST_FRESH_CASES,False
reacher,R7_reacher_06dba88f07b7ee1091cf5829,REFIT_103203,R4_ALT_CEM_1,H_REAL3_REPLAN,1,50,2,True,0,COMPLETE,R7_PREREGISTERED_STRESS_TEST_FRESH_CASES,True
reacher,R7_reacher_06e1d84d51ee115d0d462044,H0,R4_ALT_CEM_1,H_POLICY,1,7,1,False,0,COMPLETE,R7_PREREGISTERED_STRESS_TEST_FRESH_CASES,False
reacher,R7_reacher_06e1d84d51ee115d0d462044,H0,R4_ALT_CEM_1,H_REAL3_REPLAN,1,7,1,False,0,COMPLETE,R7_PREREGISTERED_STRESS_TEST_FRESH_CASES,True
reacher,R7_reacher_06e1d84d51ee115d0d462044,REFIT_103201,R4_ALT_CEM_1,H_POLICY,1,8,1,False,0,COMPLETE,R7_PREREGISTERED_STRESS_TEST_FRESH_CASES,False
reacher,R7_reacher_06e1d84d51ee115d0d462044,REFIT_103201,R4_ALT_CEM_1,H_REAL3_REPLAN,1,8,1,False,0,COMPLETE,R7_PREREGISTERED_STRESS_TEST_FRESH_CASES,True
reacher,R7_reacher_06e1d84d51ee115d0d462044,REFIT_103202,R4_ALT_CEM_1,H_POLICY,1,50,2,True,0,COMPLETE,R7_PREREGISTERED_STRESS_TEST_FRESH_CASES,False
reacher,R7_reacher_06e1d84d51ee115d0d462044,REFIT_103202,R4_ALT_CEM_1,H_REAL3_REPLAN,1,26,2,True,0,COMPLETE,R7_PREREGISTERED_STRESS_TEST_FRESH_CASES,True
reacher,R7_reacher_06e1d84d51ee115d0d462044,REFIT_103203,R4_ALT_CEM_1,H_POLICY,1,19,1,False,0,COMPLETE,R7_PREREGISTERED_STRESS_TEST_FRESH_CASES,False
reacher,R7_reacher_06e1d84d51ee115d0d462044,REFIT_103203,R4_ALT_CEM_1,H_REAL3_REPLAN,1,19,1,False,0,COMPLETE,R7_PREREGISTERED_STRESS_TEST_FRESH_CASES,True
reacher,R7_reacher_06eb6fae1bc0e3eb4179fc5a,H0,R4_ALT_CEM_1,H_POLICY,1,28,2,True,0,COMPLETE,R7_PREREGISTERED_STRESS_TEST_FRESH_CASES,False
reacher,R7_reacher_06eb6fae1bc0e3eb4179fc5a,H0,R4_ALT_CEM_1,H_REAL3_REPLAN,1,27,2,True,0,COMPLETE,R7_PREREGISTERED_STRESS_TEST_FRESH_CASES,True
reacher,R7_reacher_06eb6fae1bc0e3eb4179fc5a,REFIT_103201,R4_ALT_CEM_1,H_POLICY,1,28,2,True,0,COMPLETE,R7_PREREGISTERED_STRESS_TEST_FRESH_CASES,False
reacher,R7_reacher_06eb6fae1bc0e3eb4179fc5a,REFIT_103201,R4_ALT_CEM_1,H_REAL3_REPLAN,1,50,2,True,0,COMPLETE,R7_PREREGISTERED_STRESS_TEST_FRESH_CASES,True
reacher,R7_reacher_06eb6fae1bc0e3eb4179fc5a,REFIT_103202,R4_ALT_CEM_1,H_POLICY,1,27,2,True,0,COMPLETE,R7_PREREGISTERED_STRESS_TEST_FRESH_CASES,False
reacher,R7_reacher_06eb6fae1bc0e3eb4179fc5a,REFIT_103202,R4_ALT_CEM_1,H_REAL3_REPLAN,1,50,2,True,0,COMPLETE,R7_PREREGISTERED_STRESS_TEST_FRESH_CASES,True
reacher,R7_reacher_06eb6fae1bc0e3eb4179fc5a,REFIT_103203,R4_ALT_CEM_1,H_POLICY,1,28,2,True,0,COMPLETE,R7_PREREGISTERED_STRESS_TEST_FRESH_CASES,False
reacher,R7_reacher_06eb6fae1bc0e3eb4179fc5a,REFIT_103203,R4_ALT_CEM_1,H_REAL3_REPLAN,1,27,2,True,0,COMPLETE,R7_PREREGISTERED_STRESS_TEST_FRESH_CASES,True
reacher,R7_reacher_0700d42c34bd5b934ca4bb9f,H0,R4_ALT_CEM_1,H_POLICY,1,25,1,False,0,COMPLETE,R7_PREREGISTERED_STRESS_TEST_FRESH_CASES,False
reacher,R7_reacher_0700d42c34bd5b934ca4bb9f,H0,R4_ALT_CEM_1,H_REAL3_REPLAN,1,25,1,False,0,COMPLETE,R7_PREREGISTERED_STRESS_TEST_FRESH_CASES,True
reacher,R7_reacher_0700d42c34bd5b934ca4bb9f,REFIT_103201,R4_ALT_CEM_1,H_POLICY,1,27,2,True,0,COMPLETE,R7_PREREGISTERED_STRESS_TEST_FRESH_CASES,False
reacher,R7_reacher_0700d42c34bd5b934ca4bb9f,REFIT_103201,R4_ALT_CEM_1,H_REAL3_REPLAN,1,27,2,True,0,COMPLETE,R7_PREREGISTERED_STRESS_TEST_FRESH_CASES,True
reacher,R7_reacher_0700d42c34bd5b934ca4bb9f,REFIT_103202,R4_ALT_CEM_1,H_POLICY,1,50,2,True,0,COMPLETE,R7_PREREGISTERED_STRESS_TEST_FRESH_CASES,False
reacher,R7_reacher_0700d42c34bd5b934ca4bb9f,REFIT_103202,R4_ALT_CEM_1,H_REAL3_REPLAN,1,50,2,True,0,COMPLETE,R7_PREREGISTERED_STRESS_TEST_FRESH_CASES,True
reacher,R7_reacher_0700d42c34bd5b934ca4bb9f,REFIT_103203,R4_ALT_CEM_1,H_POLICY,1,27,2,True,0,COMPLETE,R7_PREREGISTERED_STRESS_TEST_FRESH_CASES,False
reacher,R7_reacher_0700d42c34bd5b934ca4bb9f,REFIT_103203,R4_ALT_CEM_1,H_REAL3_REPLAN,1,30,2,True,0,COMPLETE,R7_PREREGISTERED_STRESS_TEST_FRESH_CASES,True
reacher,R7_reacher_07048d8eb1dd80dbb3b35586,H0,R4_ALT_CEM_1,H_POLICY,1,36,2,True,0,COMPLETE,R7_PREREGISTERED_STRESS_TEST_FRESH_CASES,False
reacher,R7_reacher_07048d8eb1dd80dbb3b35586,H0,R4_ALT_CEM_1,H_REAL3_REPLAN,1,50,2,True,0,COMPLETE,R7_PREREGISTERED_STRESS_TEST_FRESH_CASES,True
reacher,R7_reacher_07048d8eb1dd80dbb3b35586,REFIT_103201,R4_ALT_CEM_1,H_POLICY,1,33,2,True,0,COMPLETE,R7_PREREGISTERED_STRESS_TEST_FRESH_CASES,False
reacher,R7_reacher_07048d8eb1dd80dbb3b35586,REFIT_103201,R4_ALT_CEM_1,H_REAL3_REPLAN,1,32,2,True,0,COMPLETE,R7_PREREGISTERED_STRESS_TEST_FRESH_CASES,True
reacher,R7_reacher_07048d8eb1dd80dbb3b35586,REFIT_103202,R4_ALT_CEM_1,H_POLICY,1,28,2,True,0,COMPLETE,R7_PREREGISTERED_STRESS_TEST_FRESH_CASES,False
reacher,R7_reacher_07048d8eb1dd80dbb3b35586,REFIT_103202,R4_ALT_CEM_1,H_REAL3_REPLAN,1,40,2,True,0,COMPLETE,R7_PREREGISTERED_STRESS_TEST_FRESH_CASES,True
reacher,R7_reacher_07048d8eb1dd80dbb3b35586,REFIT_103203,R4_ALT_CEM_1,H_POLICY,1,22,1,False,0,COMPLETE,R7_PREREGISTERED_STRESS_TEST_FRESH_CASES,False
reacher,R7_reacher_07048d8eb1dd80dbb3b35586,REFIT_103203,R4_ALT_CEM_1,H_REAL3_REPLAN,1,22,1,False,0,COMPLETE,R7_PREREGISTERED_STRESS_TEST_FRESH_CASES,True
reacher,R7_reacher_072587bc998f92f0f7fb630f,H0,R4_ALT_CEM_1,H_POLICY,1,50,2,True,0,COMPLETE,R7_PREREGISTERED_STRESS_TEST_FRESH_CASES,False
reacher,R7_reacher_072587bc998f92f0f7fb630f,H0,R4_ALT_CEM_1,H_REAL3_REPLAN,1,50,2,True,0,COMPLETE,R7_PREREGISTERED_STRESS_TEST_FRESH_CASES,True
reacher,R7_reacher_072587bc998f92f0f7fb630f,REFIT_103201,R4_ALT_CEM_1,H_POLICY,1,33,2,True,0,COMPLETE,R7_PREREGISTERED_STRESS_TEST_FRESH_CASES,False
reacher,R7_reacher_072587bc998f92f0f7fb630f,REFIT_103201,R4_ALT_CEM_1,H_REAL3_REPLAN,1,50,2,True,0,COMPLETE,R7_PREREGISTERED_STRESS_TEST_FRESH_CASES,True
reacher,R7_reacher_072587bc998f92f0f7fb630f,REFIT_103202,R4_ALT_CEM_1,H_POLICY,1,26,2,True,0,COMPLETE,R7_PREREGISTERED_STRESS_TEST_FRESH_CASES,False
reacher,R7_reacher_072587bc998f92f0f7fb630f,REFIT_103202,R4_ALT_CEM_1,H_REAL3_REPLAN,1,26,2,True,0,COMPLETE,R7_PREREGISTERED_STRESS_TEST_FRESH_CASES,True
reacher,R7_reacher_072587bc998f92f0f7fb630f,REFIT_103203,R4_ALT_CEM_1,H_POLICY,1,24,1,False,0,COMPLETE,R7_PREREGISTERED_STRESS_TEST_FRESH_CASES,False
reacher,R7_reacher_072587bc998f92f0f7fb630f,REFIT_103203,R4_ALT_CEM_1,H_REAL3_REPLAN,1,24,1,False,0,COMPLETE,R7_PREREGISTERED_STRESS_TEST_FRESH_CASES,True
reacher,R7_reacher_073be01f1b2587a8da9a34ca,H0,R4_ALT_CEM_1,H_POLICY,1,73,3,True,0,COMPLETE,R7_PREREGISTERED_STRESS_TEST_FRESH_CASES,False
reacher,R7_reacher_073be01f1b2587a8da9a34ca,H0,R4_ALT_CEM_1,H_REAL3_REPLAN,1,50,2,True,0,COMPLETE,R7_PREREGISTERED_STRESS_TEST_FRESH_CASES,True
reacher,R7_reacher_073be01f1b2587a8da9a34ca,REFIT_103201,R4_ALT_CEM_1,H_POLICY,1,9,1,False,0,COMPLETE,R7_PREREGISTERED_STRESS_TEST_FRESH_CASES,False
reacher,R7_reacher_073be01f1b2587a8da9a34ca,REFIT_103201,R4_ALT_CEM_1,H_REAL3_REPLAN,1,9,1,False,0,COMPLETE,R7_PREREGISTERED_STRESS_TEST_FRESH_CASES,True
reacher,R7_reacher_073be01f1b2587a8da9a34ca,REFIT_103202,R4_ALT_CEM_1,H_POLICY,1,25,1,False,0,COMPLETE,R7_PREREGISTERED_STRESS_TEST_FRESH_CASES,False
reacher,R7_reacher_073be01f1b2587a8da9a34ca,REFIT_103202,R4_ALT_CEM_1,H_REAL3_REPLAN,1,25,1,False,0,COMPLETE,R7_PREREGISTERED_STRESS_TEST_FRESH_CASES,True
reacher,R7_reacher_073be01f1b2587a8da9a34ca,REFIT_103203,R4_ALT_CEM_1,H_POLICY,1,25,1,False,0,COMPLETE,R7_PREREGISTERED_STRESS_TEST_FRESH_CASES,False
reacher,R7_reacher_073be01f1b2587a8da9a34ca,REFIT_103203,R4_ALT_CEM_1,H_REAL3_REPLAN,1,25,1,False,0,COMPLETE,R7_PREREGISTERED_STRESS_TEST_FRESH_CASES,True
reacher,R7_reacher_077732a8e0d0c587d1825f44,H0,R4_ALT_CEM_1,H_POLICY,1,18,1,False,0,COMPLETE,R7_PREREGISTERED_STRESS_TEST_FRESH_CASES,False
reacher,R7_reacher_077732a8e0d0c587d1825f44,H0,R4_ALT_CEM_1,H_REAL3_REPLAN,1,18,1,False,0,COMPLETE,R7_PREREGISTERED_STRESS_TEST_FRESH_CASES,True
reacher,R7_reacher_077732a8e0d0c587d1825f44,REFIT_103201,R4_ALT_CEM_1,H_POLICY,1,24,1,False,0,COMPLETE,R7_PREREGISTERED_STRESS_TEST_FRESH_CASES,False
reacher,R7_reacher_077732a8e0d0c587d1825f44,REFIT_103201,R4_ALT_CEM_1,H_REAL3_REPLAN,1,24,1,False,0,COMPLETE,R7_PREREGISTERED_STRESS_TEST_FRESH_CASES,True
reacher,R7_reacher_077732a8e0d0c587d1825f44,REFIT_103202,R4_ALT_CEM_1,H_POLICY,1,13,1,False,0,COMPLETE,R7_PREREGISTERED_STRESS_TEST_FRESH_CASES,False
reacher,R7_reacher_077732a8e0d0c587d1825f44,REFIT_103202,R4_ALT_CEM_1,H_REAL3_REPLAN,1,13,1,False,0,COMPLETE,R7_PREREGISTERED_STRESS_TEST_FRESH_CASES,True
reacher,R7_reacher_077732a8e0d0c587d1825f44,REFIT_103203,R4_ALT_CEM_1,H_POLICY,1,22,1,False,0,COMPLETE,R7_PREREGISTERED_STRESS_TEST_FRESH_CASES,False
reacher,R7_reacher_077732a8e0d0c587d1825f44,REFIT_103203,R4_ALT_CEM_1,H_REAL3_REPLAN,1,22,1,False,0,COMPLETE,R7_PREREGISTERED_STRESS_TEST_FRESH_CASES,True
reacher,R7_reacher_07905259134654234591eab4,H0,R4_ALT_CEM_1,H_POLICY,1,51,3,True,0,COMPLETE,R7_PREREGISTERED_STRESS_TEST_FRESH_CASES,False
reacher,R7_reacher_07905259134654234591eab4,H0,R4_ALT_CEM_1,H_REAL3_REPLAN,1,43,2,True,0,COMPLETE,R7_PREREGISTERED_STRESS_TEST_FRESH_CASES,True
reacher,R7_reacher_07905259134654234591eab4,REFIT_103201,R4_ALT_CEM_1,H_POLICY,1,38,2,True,0,COMPLETE,R7_PREREGISTERED_STRESS_TEST_FRESH_CASES,False
reacher,R7_reacher_07905259134654234591eab4,REFIT_103201,R4_ALT_CEM_1,H_REAL3_REPLAN,1,50,2,True,0,COMPLETE,R7_PREREGISTERED_STRESS_TEST_FRESH_CASES,True
reacher,R7_reacher_07905259134654234591eab4,REFIT_103202,R4_ALT_CEM_1,H_POLICY,1,72,3,True,0,COMPLETE,R7_PREREGISTERED_STRESS_TEST_FRESH_CASES,False
reacher,R7_reacher_07905259134654234591eab4,REFIT_103202,R4_ALT_CEM_1,H_REAL3_REPLAN,1,47,2,True,0,COMPLETE,R7_PREREGISTERED_STRESS_TEST_FRESH_CASES,True
reacher,R7_reacher_07905259134654234591eab4,REFIT_103203,R4_ALT_CEM_1,H_POLICY,1,49,2,True,0,COMPLETE,R7_PREREGISTERED_STRESS_TEST_FRESH_CASES,False
reacher,R7_reacher_07905259134654234591eab4,REFIT_103203,R4_ALT_CEM_1,H_REAL3_REPLAN,1,47,2,True,0,COMPLETE,R7_PREREGISTERED_STRESS_TEST_FRESH_CASES,True
reacher,R7_reacher_07e921840cb9bd668708fcd1,H0,R4_ALT_CEM_1,H_POLICY,1,32,2,True,0,COMPLETE,R7_PREREGISTERED_STRESS_TEST_FRESH_CASES,False
reacher,R7_reacher_07e921840cb9bd668708fcd1,H0,R4_ALT_CEM_1,H_REAL3_REPLAN,1,37,2,True,0,COMPLETE,R7_PREREGISTERED_STRESS_TEST_FRESH_CASES,True
reacher,R7_reacher_07e921840cb9bd668708fcd1,REFIT_103201,R4_ALT_CEM_1,H_POLICY,1,18,1,False,0,COMPLETE,R7_PREREGISTERED_STRESS_TEST_FRESH_CASES,False
reacher,R7_reacher_07e921840cb9bd668708fcd1,REFIT_103201,R4_ALT_CEM_1,H_REAL3_REPLAN,1,18,1,False,0,COMPLETE,R7_PREREGISTERED_STRESS_TEST_FRESH_CASES,True
reacher,R7_reacher_07e921840cb9bd668708fcd1,REFIT_103202,R4_ALT_CEM_1,H_POLICY,1,49,2,True,0,COMPLETE,R7_PREREGISTERED_STRESS_TEST_FRESH_CASES,False
reacher,R7_reacher_07e921840cb9bd668708fcd1,REFIT_103202,R4_ALT_CEM_1,H_REAL3_REPLAN,1,50,2,True,0,COMPLETE,R7_PREREGISTERED_STRESS_TEST_FRESH_CASES,True
reacher,R7_reacher_07e921840cb9bd668708fcd1,REFIT_103203,R4_ALT_CEM_1,H_POLICY,1,21,1,False,0,COMPLETE,R7_PREREGISTERED_STRESS_TEST_FRESH_CASES,False
reacher,R7_reacher_07e921840cb9bd668708fcd1,REFIT_103203,R4_ALT_CEM_1,H_REAL3_REPLAN,1,21,1,False,0,COMPLETE,R7_PREREGISTERED_STRESS_TEST_FRESH_CASES,True
reacher,R7_reacher_07f68e2d5cb2f23fe923e07e,H0,R4_ALT_CEM_1,H_POLICY,1,29,2,True,0,COMPLETE,R7_PREREGISTERED_STRESS_TEST_FRESH_CASES,False
reacher,R7_reacher_07f68e2d5cb2f23fe923e07e,H0,R4_ALT_CEM_1,H_REAL3_REPLAN,1,45,2,True,0,COMPLETE,R7_PREREGISTERED_STRESS_TEST_FRESH_CASES,True
reacher,R7_reacher_07f68e2d5cb2f23fe923e07e,REFIT_103201,R4_ALT_CEM_1,H_POLICY,1,29,2,True,0,COMPLETE,R7_PREREGISTERED_STRESS_TEST_FRESH_CASES,False
reacher,R7_reacher_07f68e2d5cb2f23fe923e07e,REFIT_103201,R4_ALT_CEM_1,H_REAL3_REPLAN,1,39,2,True,0,COMPLETE,R7_PREREGISTERED_STRESS_TEST_FRESH_CASES,True
reacher,R7_reacher_07f68e2d5cb2f23fe923e07e,REFIT_103202,R4_ALT_CEM_1,H_POLICY,1,29,2,True,0,COMPLETE,R7_PREREGISTERED_STRESS_TEST_FRESH_CASES,False
reacher,R7_reacher_07f68e2d5cb2f23fe923e07e,REFIT_103202,R4_ALT_CEM_1,H_REAL3_REPLAN,1,49,2,True,0,COMPLETE,R7_PREREGISTERED_STRESS_TEST_FRESH_CASES,True
reacher,R7_reacher_07f68e2d5cb2f23fe923e07e,REFIT_103203,R4_ALT_CEM_1,H_POLICY,1,29,2,True,0,COMPLETE,R7_PREREGISTERED_STRESS_TEST_FRESH_CASES,False
reacher,R7_reacher_07f68e2d5cb2f23fe923e07e,REFIT_103203,R4_ALT_CEM_1,H_REAL3_REPLAN,1,46,2,True,0,COMPLETE,R7_PREREGISTERED_STRESS_TEST_FRESH_CASES,True
reacher,R7_reacher_0831e45db3d8c9636a0030a8,H0,R4_ALT_CEM_1,H_POLICY,1,25,1,False,0,COMPLETE,R7_PREREGISTERED_STRESS_TEST_FRESH_CASES,False
reacher,R7_reacher_0831e45db3d8c9636a0030a8,H0,R4_ALT_CEM_1,H_REAL3_REPLAN,1,25,1,False,0,COMPLETE,R7_PREREGISTERED_STRESS_TEST_FRESH_CASES,True
reacher,R7_reacher_0831e45db3d8c9636a0030a8,REFIT_103201,R4_ALT_CEM_1,H_POLICY,1,25,1,False,0,COMPLETE,R7_PREREGISTERED_STRESS_TEST_FRESH_CASES,False
reacher,R7_reacher_0831e45db3d8c9636a0030a8,REFIT_103201,R4_ALT_CEM_1,H_REAL3_REPLAN,1,25,1,False,0,COMPLETE,R7_PREREGISTERED_STRESS_TEST_FRESH_CASES,True
reacher,R7_reacher_0831e45db3d8c9636a0030a8,REFIT_103202,R4_ALT_CEM_1,H_POLICY,1,23,1,False,0,COMPLETE,R7_PREREGISTERED_STRESS_TEST_FRESH_CASES,False
reacher,R7_reacher_0831e45db3d8c9636a0030a8,REFIT_103202,R4_ALT_CEM_1,H_REAL3_REPLAN,1,23,1,False,0,COMPLETE,R7_PREREGISTERED_STRESS_TEST_FRESH_CASES,True
reacher,R7_reacher_0831e45db3d8c9636a0030a8,REFIT_103203,R4_ALT_CEM_1,H_POLICY,1,20,1,False,0,COMPLETE,R7_PREREGISTERED_STRESS_TEST_FRESH_CASES,False
reacher,R7_reacher_0831e45db3d8c9636a0030a8,REFIT_103203,R4_ALT_CEM_1,H_REAL3_REPLAN,1,20,1,False,0,COMPLETE,R7_PREREGISTERED_STRESS_TEST_FRESH_CASES,True
reacher,R7_reacher_085bbe99c2028f22c4b2f1f3,H0,R4_ALT_CEM_1,H_POLICY,1,51,3,True,0,COMPLETE,R7_PREREGISTERED_STRESS_TEST_FRESH_CASES,False
reacher,R7_reacher_085bbe99c2028f22c4b2f1f3,H0,R4_ALT_CEM_1,H_REAL3_REPLAN,1,51,3,True,0,COMPLETE,R7_PREREGISTERED_STRESS_TEST_FRESH_CASES,True
reacher,R7_reacher_085bbe99c2028f22c4b2f1f3,REFIT_103201,R4_ALT_CEM_1,H_POLICY,1,50,2,True,0,COMPLETE,R7_PREREGISTERED_STRESS_TEST_FRESH_CASES,False
reacher,R7_reacher_085bbe99c2028f22c4b2f1f3,REFIT_103201,R4_ALT_CEM_1,H_REAL3_REPLAN,1,49,2,True,0,COMPLETE,R7_PREREGISTERED_STRESS_TEST_FRESH_CASES,True
reacher,R7_reacher_085bbe99c2028f22c4b2f1f3,REFIT_103202,R4_ALT_CEM_1,H_POLICY,1,50,2,True,0,COMPLETE,R7_PREREGISTERED_STRESS_TEST_FRESH_CASES,False
reacher,R7_reacher_085bbe99c2028f22c4b2f1f3,REFIT_103202,R4_ALT_CEM_1,H_REAL3_REPLAN,1,37,2,True,0,COMPLETE,R7_PREREGISTERED_STRESS_TEST_FRESH_CASES,True
reacher,R7_reacher_085bbe99c2028f22c4b2f1f3,REFIT_103203,R4_ALT_CEM_1,H_POLICY,1,27,2,True,0,COMPLETE,R7_PREREGISTERED_STRESS_TEST_FRESH_CASES,False
reacher,R7_reacher_085bbe99c2028f22c4b2f1f3,REFIT_103203,R4_ALT_CEM_1,H_REAL3_REPLAN,1,27,2,True,0,COMPLETE,R7_PREREGISTERED_STRESS_TEST_FRESH_CASES,True
reacher,R7_reacher_086c4c72d05daa815c90a325,H0,R4_ALT_CEM_1,H_POLICY,1,30,2,True,0,COMPLETE,R7_PREREGISTERED_STRESS_TEST_FRESH_CASES,False
reacher,R7_reacher_086c4c72d05daa815c90a325,H0,R4_ALT_CEM_1,H_REAL3_REPLAN,1,30,2,True,0,COMPLETE,R7_PREREGISTERED_STRESS_TEST_FRESH_CASES,True
reacher,R7_reacher_086c4c72d05daa815c90a325,REFIT_103201,R4_ALT_CEM_1,H_POLICY,1,75,3,True,0,COMPLETE,R7_PREREGISTERED_STRESS_TEST_FRESH_CASES,False
reacher,R7_reacher_086c4c72d05daa815c90a325,REFIT_103201,R4_ALT_CEM_1,H_REAL3_REPLAN,1,41,2,True,0,COMPLETE,R7_PREREGISTERED_STRESS_TEST_FRESH_CASES,True
reacher,R7_reacher_086c4c72d05daa815c90a325,REFIT_103202,R4_ALT_CEM_1,H_POLICY,1,72,3,True,0,COMPLETE,R7_PREREGISTERED_STRESS_TEST_FRESH_CASES,False
reacher,R7_reacher_086c4c72d05daa815c90a325,REFIT_103202,R4_ALT_CEM_1,H_REAL3_REPLAN,1,29,2,True,0,COMPLETE,R7_PREREGISTERED_STRESS_TEST_FRESH_CASES,True
reacher,R7_reacher_086c4c72d05daa815c90a325,REFIT_103203,R4_ALT_CEM_1,H_POLICY,1,41,2,True,0,COMPLETE,R7_PREREGISTERED_STRESS_TEST_FRESH_CASES,False
reacher,R7_reacher_086c4c72d05daa815c90a325,REFIT_103203,R4_ALT_CEM_1,H_REAL3_REPLAN,1,41,2,True,0,COMPLETE,R7_PREREGISTERED_STRESS_TEST_FRESH_CASES,True
reacher,R7_reacher_08791dbc55a1c860a9fcba72,H0,R4_ALT_CEM_1,H_POLICY,1,51,3,True,0,COMPLETE,R7_PREREGISTERED_STRESS_TEST_FRESH_CASES,False
reacher,R7_reacher_08791dbc55a1c860a9fcba72,H0,R4_ALT_CEM_1,H_REAL3_REPLAN,1,39,2,True,0,COMPLETE,R7_PREREGISTERED_STRESS_TEST_FRESH_CASES,True
reacher,R7_reacher_08791dbc55a1c860a9fcba72,REFIT_103201,R4_ALT_CEM_1,H_POLICY,1,31,2,True,0,COMPLETE,R7_PREREGISTERED_STRESS_TEST_FRESH_CASES,False
reacher,R7_reacher_08791dbc55a1c860a9fcba72,REFIT_103201,R4_ALT_CEM_1,H_REAL3_REPLAN,1,43,2,True,0,COMPLETE,R7_PREREGISTERED_STRESS_TEST_FRESH_CASES,True
reacher,R7_reacher_08791dbc55a1c860a9fcba72,REFIT_103202,R4_ALT_CEM_1,H_POLICY,1,74,3,True,0,COMPLETE,R7_PREREGISTERED_STRESS_TEST_FRESH_CASES,False
reacher,R7_reacher_08791dbc55a1c860a9fcba72,REFIT_103202,R4_ALT_CEM_1,H_REAL3_REPLAN,1,50,2,True,0,COMPLETE,R7_PREREGISTERED_STRESS_TEST_FRESH_CASES,True
reacher,R7_reacher_08791dbc55a1c860a9fcba72,REFIT_103203,R4_ALT_CEM_1,H_POLICY,1,39,2,True,0,COMPLETE,R7_PREREGISTERED_STRESS_TEST_FRESH_CASES,False
reacher,R7_reacher_08791dbc55a1c860a9fcba72,REFIT_103203,R4_ALT_CEM_1,H_REAL3_REPLAN,1,50,2,True,0,COMPLETE,R7_PREREGISTERED_STRESS_TEST_FRESH_CASES,True
reacher,R7_reacher_087fee4764439c4165778372,H0,R4_ALT_CEM_1,H_POLICY,1,25,1,False,0,COMPLETE,R7_PREREGISTERED_STRESS_TEST_FRESH_CASES,False
reacher,R7_reacher_087fee4764439c4165778372,H0,R4_ALT_CEM_1,H_REAL3_REPLAN,1,25,1,False,0,COMPLETE,R7_PREREGISTERED_STRESS_TEST_FRESH_CASES,True
reacher,R7_reacher_087fee4764439c4165778372,REFIT_103201,R4_ALT_CEM_1,H_POLICY,1,25,1,False,0,COMPLETE,R7_PREREGISTERED_STRESS_TEST_FRESH_CASES,False
reacher,R7_reacher_087fee4764439c4165778372,REFIT_103201,R4_ALT_CEM_1,H_REAL3_REPLAN,1,25,1,False,0,COMPLETE,R7_PREREGISTERED_STRESS_TEST_FRESH_CASES,True
reacher,R7_reacher_087fee4764439c4165778372,REFIT_103202,R4_ALT_CEM_1,H_POLICY,1,25,1,False,0,COMPLETE,R7_PREREGISTERED_STRESS_TEST_FRESH_CASES,False
reacher,R7_reacher_087fee4764439c4165778372,REFIT_103202,R4_ALT_CEM_1,H_REAL3_REPLAN,1,25,1,False,0,COMPLETE,R7_PREREGISTERED_STRESS_TEST_FRESH_CASES,True
reacher,R7_reacher_087fee4764439c4165778372,REFIT_103203,R4_ALT_CEM_1,H_POLICY,1,25,1,False,0,COMPLETE,R7_PREREGISTERED_STRESS_TEST_FRESH_CASES,False
reacher,R7_reacher_087fee4764439c4165778372,REFIT_103203,R4_ALT_CEM_1,H_REAL3_REPLAN,1,25,1,False,0,COMPLETE,R7_PREREGISTERED_STRESS_TEST_FRESH_CASES,True
reacher,R7_reacher_088b36543d147c4483ceca92,H0,R4_ALT_CEM_1,H_POLICY,1,27,2,True,0,COMPLETE,R7_PREREGISTERED_STRESS_TEST_FRESH_CASES,False
reacher,R7_reacher_088b36543d147c4483ceca92,H0,R4_ALT_CEM_1,H_REAL3_REPLAN,1,28,2,True,0,COMPLETE,R7_PREREGISTERED_STRESS_TEST_FRESH_CASES,True
reacher,R7_reacher_088b36543d147c4483ceca92,REFIT_103201,R4_ALT_CEM_1,H_POLICY,1,49,2,True,0,COMPLETE,R7_PREREGISTERED_STRESS_TEST_FRESH_CASES,False
reacher,R7_reacher_088b36543d147c4483ceca92,REFIT_103201,R4_ALT_CEM_1,H_REAL3_REPLAN,1,43,2,True,0,COMPLETE,R7_PREREGISTERED_STRESS_TEST_FRESH_CASES,True
reacher,R7_reacher_088b36543d147c4483ceca92,REFIT_103202,R4_ALT_CEM_1,H_POLICY,1,17,1,False,0,COMPLETE,R7_PREREGISTERED_STRESS_TEST_FRESH_CASES,False
reacher,R7_reacher_088b36543d147c4483ceca92,REFIT_103202,R4_ALT_CEM_1,H_REAL3_REPLAN,1,17,1,False,0,COMPLETE,R7_PREREGISTERED_STRESS_TEST_FRESH_CASES,True
reacher,R7_reacher_088b36543d147c4483ceca92,REFIT_103203,R4_ALT_CEM_1,H_POLICY,1,16,1,False,0,COMPLETE,R7_PREREGISTERED_STRESS_TEST_FRESH_CASES,False
reacher,R7_reacher_088b36543d147c4483ceca92,REFIT_103203,R4_ALT_CEM_1,H_REAL3_REPLAN,1,16,1,False,0,COMPLETE,R7_PREREGISTERED_STRESS_TEST_FRESH_CASES,True
reacher,R7_reacher_0898ef8542627f588c43c97e,H0,R4_ALT_CEM_1,H_POLICY,1,47,2,True,0,COMPLETE,R7_PREREGISTERED_STRESS_TEST_FRESH_CASES,False
reacher,R7_reacher_0898ef8542627f588c43c97e,H0,R4_ALT_CEM_1,H_REAL3_REPLAN,1,44,2,True,0,COMPLETE,R7_PREREGISTERED_STRESS_TEST_FRESH_CASES,True
reacher,R7_reacher_0898ef8542627f588c43c97e,REFIT_103201,R4_ALT_CEM_1,H_POLICY,1,71,3,True,0,COMPLETE,R7_PREREGISTERED_STRESS_TEST_FRESH_CASES,False
reacher,R7_reacher_0898ef8542627f588c43c97e,REFIT_103201,R4_ALT_CEM_1,H_REAL3_REPLAN,1,34,2,True,0,COMPLETE,R7_PREREGISTERED_STRESS_TEST_FRESH_CASES,True
reacher,R7_reacher_0898ef8542627f588c43c97e,REFIT_103202,R4_ALT_CEM_1,H_POLICY,1,24,1,False,0,COMPLETE,R7_PREREGISTERED_STRESS_TEST_FRESH_CASES,False
reacher,R7_reacher_0898ef8542627f588c43c97e,REFIT_103202,R4_ALT_CEM_1,H_REAL3_REPLAN,1,24,1,False,0,COMPLETE,R7_PREREGISTERED_STRESS_TEST_FRESH_CASES,True
reacher,R7_reacher_0898ef8542627f588c43c97e,REFIT_103203,R4_ALT_CEM_1,H_POLICY,1,49,2,True,0,COMPLETE,R7_PREREGISTERED_STRESS_TEST_FRESH_CASES,False
reacher,R7_reacher_0898ef8542627f588c43c97e,REFIT_103203,R4_ALT_CEM_1,H_REAL3_REPLAN,1,36,2,True,0,COMPLETE,R7_PREREGISTERED_STRESS_TEST_FRESH_CASES,True
reacher,R7_reacher_089ca956064f6abdcc5b00c4,H0,R4_ALT_CEM_1,H_POLICY,1,25,1,False,0,COMPLETE,R7_PREREGISTERED_STRESS_TEST_FRESH_CASES,False
reacher,R7_reacher_089ca956064f6abdcc5b00c4,H0,R4_ALT_CEM_1,H_REAL3_REPLAN,1,25,1,False,0,COMPLETE,R7_PREREGISTERED_STRESS_TEST_FRESH_CASES,True
reacher,R7_reacher_089ca956064f6abdcc5b00c4,REFIT_103201,R4_ALT_CEM_1,H_POLICY,1,24,1,False,0,COMPLETE,R7_PREREGISTERED_STRESS_TEST_FRESH_CASES,False
reacher,R7_reacher_089ca956064f6abdcc5b00c4,REFIT_103201,R4_ALT_CEM_1,H_REAL3_REPLAN,1,24,1,False,0,COMPLETE,R7_PREREGISTERED_STRESS_TEST_FRESH_CASES,True
reacher,R7_reacher_089ca956064f6abdcc5b00c4,REFIT_103202,R4_ALT_CEM_1,H_POLICY,1,24,1,False,0,COMPLETE,R7_PREREGISTERED_STRESS_TEST_FRESH_CASES,False
reacher,R7_reacher_089ca956064f6abdcc5b00c4,REFIT_103202,R4_ALT_CEM_1,H_REAL3_REPLAN,1,24,1,False,0,COMPLETE,R7_PREREGISTERED_STRESS_TEST_FRESH_CASES,True
reacher,R7_reacher_089ca956064f6abdcc5b00c4,REFIT_103203,R4_ALT_CEM_1,H_POLICY,1,26,2,True,0,COMPLETE,R7_PREREGISTERED_STRESS_TEST_FRESH_CASES,False
reacher,R7_reacher_089ca956064f6abdcc5b00c4,REFIT_103203,R4_ALT_CEM_1,H_REAL3_REPLAN,1,26,2,True,0,COMPLETE,R7_PREREGISTERED_STRESS_TEST_FRESH_CASES,True
reacher,R7_reacher_08b002f2f2231aebe40703c4,H0,R4_ALT_CEM_1,H_POLICY,1,40,2,True,0,COMPLETE,R7_PREREGISTERED_STRESS_TEST_FRESH_CASES,False
reacher,R7_reacher_08b002f2f2231aebe40703c4,H0,R4_ALT_CEM_1,H_REAL3_REPLAN,1,27,2,True,0,COMPLETE,R7_PREREGISTERED_STRESS_TEST_FRESH_CASES,True
reacher,R7_reacher_08b002f2f2231aebe40703c4,REFIT_103201,R4_ALT_CEM_1,H_POLICY,1,26,2,True,0,COMPLETE,R7_PREREGISTERED_STRESS_TEST_FRESH_CASES,False
reacher,R7_reacher_08b002f2f2231aebe40703c4,REFIT_103201,R4_ALT_CEM_1,H_REAL3_REPLAN,1,26,2,True,0,COMPLETE,R7_PREREGISTERED_STRESS_TEST_FRESH_CASES,True
reacher,R7_reacher_08b002f2f2231aebe40703c4,REFIT_103202,R4_ALT_CEM_1,H_POLICY,1,75,3,True,0,COMPLETE,R7_PREREGISTERED_STRESS_TEST_FRESH_CASES,False
reacher,R7_reacher_08b002f2f2231aebe40703c4,REFIT_103202,R4_ALT_CEM_1,H_REAL3_REPLAN,1,26,2,True,0,COMPLETE,R7_PREREGISTERED_STRESS_TEST_FRESH_CASES,True
reacher,R7_reacher_08b002f2f2231aebe40703c4,REFIT_103203,R4_ALT_CEM_1,H_POLICY,1,26,2,True,0,COMPLETE,R7_PREREGISTERED_STRESS_TEST_FRESH_CASES,False
reacher,R7_reacher_08b002f2f2231aebe40703c4,REFIT_103203,R4_ALT_CEM_1,H_REAL3_REPLAN,1,26,2,True,0,COMPLETE,R7_PREREGISTERED_STRESS_TEST_FRESH_CASES,True
reacher,R7_reacher_08b6bb3c0a0b1b10e1f1ed3a,H0,R4_ALT_CEM_1,H_POLICY,1,73,3,True,0,COMPLETE,R7_PREREGISTERED_STRESS_TEST_FRESH_CASES,False
reacher,R7_reacher_08b6bb3c0a0b1b10e1f1ed3a,H0,R4_ALT_CEM_1,H_REAL3_REPLAN,1,38,2,True,0,COMPLETE,R7_PREREGISTERED_STRESS_TEST_FRESH_CASES,True
reacher,R7_reacher_08b6bb3c0a0b1b10e1f1ed3a,REFIT_103201,R4_ALT_CEM_1,H_POLICY,1,25,1,False,0,COMPLETE,R7_PREREGISTERED_STRESS_TEST_FRESH_CASES,False
reacher,R7_reacher_08b6bb3c0a0b1b10e1f1ed3a,REFIT_103201,R4_ALT_CEM_1,H_REAL3_REPLAN,1,25,1,False,0,COMPLETE,R7_PREREGISTERED_STRESS_TEST_FRESH_CASES,True
reacher,R7_reacher_08b6bb3c0a0b1b10e1f1ed3a,REFIT_103202,R4_ALT_CEM_1,H_POLICY,1,73,3,True,0,COMPLETE,R7_PREREGISTERED_STRESS_TEST_FRESH_CASES,False
reacher,R7_reacher_08b6bb3c0a0b1b10e1f1ed3a,REFIT_103202,R4_ALT_CEM_1,H_REAL3_REPLAN,1,47,2,True,0,COMPLETE,R7_PREREGISTERED_STRESS_TEST_FRESH_CASES,True
reacher,R7_reacher_08b6bb3c0a0b1b10e1f1ed3a,REFIT_103203,R4_ALT_CEM_1,H_POLICY,1,24,1,False,0,COMPLETE,R7_PREREGISTERED_STRESS_TEST_FRESH_CASES,False
reacher,R7_reacher_08b6bb3c0a0b1b10e1f1ed3a,REFIT_103203,R4_ALT_CEM_1,H_REAL3_REPLAN,1,24,1,False,0,COMPLETE,R7_PREREGISTERED_STRESS_TEST_FRESH_CASES,True
reacher,R7_reacher_08bc83b318e508c81fca4627,H0,R4_ALT_CEM_1,H_POLICY,1,1,1,False,0,COMPLETE,R7_PREREGISTERED_STRESS_TEST_FRESH_CASES,False
reacher,R7_reacher_08bc83b318e508c81fca4627,H0,R4_ALT_CEM_1,H_REAL3_REPLAN,1,1,1,False,0,COMPLETE,R7_PREREGISTERED_STRESS_TEST_FRESH_CASES,True
reacher,R7_reacher_08bc83b318e508c81fca4627,REFIT_103201,R4_ALT_CEM_1,H_POLICY,1,1,1,False,0,COMPLETE,R7_PREREGISTERED_STRESS_TEST_FRESH_CASES,False
reacher,R7_reacher_08bc83b318e508c81fca4627,REFIT_103201,R4_ALT_CEM_1,H_REAL3_REPLAN,1,1,1,False,0,COMPLETE,R7_PREREGISTERED_STRESS_TEST_FRESH_CASES,True
reacher,R7_reacher_08bc83b318e508c81fca4627,REFIT_103202,R4_ALT_CEM_1,H_POLICY,1,1,1,False,0,COMPLETE,R7_PREREGISTERED_STRESS_TEST_FRESH_CASES,False
reacher,R7_reacher_08bc83b318e508c81fca4627,REFIT_103202,R4_ALT_CEM_1,H_REAL3_REPLAN,1,1,1,False,0,COMPLETE,R7_PREREGISTERED_STRESS_TEST_FRESH_CASES,True
reacher,R7_reacher_08bc83b318e508c81fca4627,REFIT_103203,R4_ALT_CEM_1,H_POLICY,1,1,1,False,0,COMPLETE,R7_PREREGISTERED_STRESS_TEST_FRESH_CASES,False
reacher,R7_reacher_08bc83b318e508c81fca4627,REFIT_103203,R4_ALT_CEM_1,H_REAL3_REPLAN,1,1,1,False,0,COMPLETE,R7_PREREGISTERED_STRESS_TEST_FRESH_CASES,True
reacher,R7_reacher_08d1c4ab87ecc0d2ce5c0af5,H0,R4_ALT_CEM_1,H_POLICY,1,25,1,False,0,COMPLETE,R7_PREREGISTERED_STRESS_TEST_FRESH_CASES,False
reacher,R7_reacher_08d1c4ab87ecc0d2ce5c0af5,H0,R4_ALT_CEM_1,H_REAL3_REPLAN,1,25,1,False,0,COMPLETE,R7_PREREGISTERED_STRESS_TEST_FRESH_CASES,True
reacher,R7_reacher_08d1c4ab87ecc0d2ce5c0af5,REFIT_103201,R4_ALT_CEM_1,H_POLICY,1,25,1,False,0,COMPLETE,R7_PREREGISTERED_STRESS_TEST_FRESH_CASES,False
reacher,R7_reacher_08d1c4ab87ecc0d2ce5c0af5,REFIT_103201,R4_ALT_CEM_1,H_REAL3_REPLAN,1,25,1,False,0,COMPLETE,R7_PREREGISTERED_STRESS_TEST_FRESH_CASES,True
reacher,R7_reacher_08d1c4ab87ecc0d2ce5c0af5,REFIT_103202,R4_ALT_CEM_1,H_POLICY,1,25,1,False,0,COMPLETE,R7_PREREGISTERED_STRESS_TEST_FRESH_CASES,False
reacher,R7_reacher_08d1c4ab87ecc0d2ce5c0af5,REFIT_103202,R4_ALT_CEM_1,H_REAL3_REPLAN,1,25,1,False,0,COMPLETE,R7_PREREGISTERED_STRESS_TEST_FRESH_CASES,True
reacher,R7_reacher_08d1c4ab87ecc0d2ce5c0af5,REFIT_103203,R4_ALT_CEM_1,H_POLICY,1,25,1,False,0,COMPLETE,R7_PREREGISTERED_STRESS_TEST_FRESH_CASES,False
reacher,R7_reacher_08d1c4ab87ecc0d2ce5c0af5,REFIT_103203,R4_ALT_CEM_1,H_REAL3_REPLAN,1,25,1,False,0,COMPLETE,R7_PREREGISTERED_STRESS_TEST_FRESH_CASES,True
reacher,R7_reacher_08df79c04682c5e1c9699ea6,H0,R4_ALT_CEM_1,H_POLICY,1,48,2,True,0,COMPLETE,R7_PREREGISTERED_STRESS_TEST_FRESH_CASES,False
reacher,R7_reacher_08df79c04682c5e1c9699ea6,H0,R4_ALT_CEM_1,H_REAL3_REPLAN,1,47,2,True,0,COMPLETE,R7_PREREGISTERED_STRESS_TEST_FRESH_CASES,True
reacher,R7_reacher_08df79c04682c5e1c9699ea6,REFIT_103201,R4_ALT_CEM_1,H_POLICY,1,21,1,False,0,COMPLETE,R7_PREREGISTERED_STRESS_TEST_FRESH_CASES,False
reacher,R7_reacher_08df79c04682c5e1c9699ea6,REFIT_103201,R4_ALT_CEM_1,H_REAL3_REPLAN,1,21,1,False,0,COMPLETE,R7_PREREGISTERED_STRESS_TEST_FRESH_CASES,True
reacher,R7_reacher_08df79c04682c5e1c9699ea6,REFIT_103202,R4_ALT_CEM_1,H_POLICY,1,73,3,True,0,COMPLETE,R7_PREREGISTERED_STRESS_TEST_FRESH_CASES,False
reacher,R7_reacher_08df79c04682c5e1c9699ea6,REFIT_103202,R4_ALT_CEM_1,H_REAL3_REPLAN,1,47,2,True,0,COMPLETE,R7_PREREGISTERED_STRESS_TEST_FRESH_CASES,True
reacher,R7_reacher_08df79c04682c5e1c9699ea6,REFIT_103203,R4_ALT_CEM_1,H_POLICY,1,36,2,True,0,COMPLETE,R7_PREREGISTERED_STRESS_TEST_FRESH_CASES,False
reacher,R7_reacher_08df79c04682c5e1c9699ea6,REFIT_103203,R4_ALT_CEM_1,H_REAL3_REPLAN,1,40,2,True,0,COMPLETE,R7_PREREGISTERED_STRESS_TEST_FRESH_CASES,True
reacher,R7_reacher_08fc09b71294c5eaa37fe053,H0,R4_ALT_CEM_1,H_POLICY,1,30,2,True,0,COMPLETE,R7_PREREGISTERED_STRESS_TEST_FRESH_CASES,False
reacher,R7_reacher_08fc09b71294c5eaa37fe053,H0,R4_ALT_CEM_1,H_REAL3_REPLAN,1,50,2,True,0,COMPLETE,R7_PREREGISTERED_STRESS_TEST_FRESH_CASES,True
reacher,R7_reacher_08fc09b71294c5eaa37fe053,REFIT_103201,R4_ALT_CEM_1,H_POLICY,1,50,2,True,0,COMPLETE,R7_PREREGISTERED_STRESS_TEST_FRESH_CASES,False
reacher,R7_reacher_08fc09b71294c5eaa37fe053,REFIT_103201,R4_ALT_CEM_1,H_REAL3_REPLAN,1,45,2,True,0,COMPLETE,R7_PREREGISTERED_STRESS_TEST_FRESH_CASES,True
reacher,R7_reacher_08fc09b71294c5eaa37fe053,REFIT_103202,R4_ALT_CEM_1,H_POLICY,1,30,2,True,0,COMPLETE,R7_PREREGISTERED_STRESS_TEST_FRESH_CASES,False
reacher,R7_reacher_08fc09b71294c5eaa37fe053,REFIT_103202,R4_ALT_CEM_1,H_REAL3_REPLAN,1,27,2,True,0,COMPLETE,R7_PREREGISTERED_STRESS_TEST_FRESH_CASES,True
reacher,R7_reacher_08fc09b71294c5eaa37fe053,REFIT_103203,R4_ALT_CEM_1,H_POLICY,1,49,2,True,0,COMPLETE,R7_PREREGISTERED_STRESS_TEST_FRESH_CASES,False
reacher,R7_reacher_08fc09b71294c5eaa37fe053,REFIT_103203,R4_ALT_CEM_1,H_REAL3_REPLAN,1,49,2,True,0,COMPLETE,R7_PREREGISTERED_STRESS_TEST_FRESH_CASES,True
reacher,R7_reacher_091ccb5d4011f535188486f5,H0,R4_ALT_CEM_1,H_POLICY,1,26,2,True,0,COMPLETE,R7_PREREGISTERED_STRESS_TEST_FRESH_CASES,False
reacher,R7_reacher_091ccb5d4011f535188486f5,H0,R4_ALT_CEM_1,H_REAL3_REPLAN,1,45,2,True,0,COMPLETE,R7_PREREGISTERED_STRESS_TEST_FRESH_CASES,True
reacher,R7_reacher_091ccb5d4011f535188486f5,REFIT_103201,R4_ALT_CEM_1,H_POLICY,1,25,1,False,0,COMPLETE,R7_PREREGISTERED_STRESS_TEST_FRESH_CASES,False
reacher,R7_reacher_091ccb5d4011f535188486f5,REFIT_103201,R4_ALT_CEM_1,H_REAL3_REPLAN,1,25,1,False,0,COMPLETE,R7_PREREGISTERED_STRESS_TEST_FRESH_CASES,True
reacher,R7_reacher_091ccb5d4011f535188486f5,REFIT_103202,R4_ALT_CEM_1,H_POLICY,1,25,1,False,0,COMPLETE,R7_PREREGISTERED_STRESS_TEST_FRESH_CASES,False
reacher,R7_reacher_091ccb5d4011f535188486f5,REFIT_103202,R4_ALT_CEM_1,H_REAL3_REPLAN,1,25,1,False,0,COMPLETE,R7_PREREGISTERED_STRESS_TEST_FRESH_CASES,True
reacher,R7_reacher_091ccb5d4011f535188486f5,REFIT_103203,R4_ALT_CEM_1,H_POLICY,1,25,1,False,0,COMPLETE,R7_PREREGISTERED_STRESS_TEST_FRESH_CASES,False
reacher,R7_reacher_091ccb5d4011f535188486f5,REFIT_103203,R4_ALT_CEM_1,H_REAL3_REPLAN,1,25,1,False,0,COMPLETE,R7_PREREGISTERED_STRESS_TEST_FRESH_CASES,True
reacher,R7_reacher_09259855026d6f58fbb4bfa3,H0,R4_ALT_CEM_1,H_POLICY,1,27,2,True,0,COMPLETE,R7_PREREGISTERED_STRESS_TEST_FRESH_CASES,False
reacher,R7_reacher_09259855026d6f58fbb4bfa3,H0,R4_ALT_CEM_1,H_REAL3_REPLAN,1,48,2,True,0,COMPLETE,R7_PREREGISTERED_STRESS_TEST_FRESH_CASES,True
reacher,R7_reacher_09259855026d6f58fbb4bfa3,REFIT_103201,R4_ALT_CEM_1,H_POLICY,1,24,1,False,0,COMPLETE,R7_PREREGISTERED_STRESS_TEST_FRESH_CASES,False
reacher,R7_reacher_09259855026d6f58fbb4bfa3,REFIT_103201,R4_ALT_CEM_1,H_REAL3_REPLAN,1,24,1,False,0,COMPLETE,R7_PREREGISTERED_STRESS_TEST_FRESH_CASES,True
reacher,R7_reacher_09259855026d6f58fbb4bfa3,REFIT_103202,R4_ALT_CEM_1,H_POLICY,1,24,1,False,0,COMPLETE,R7_PREREGISTERED_STRESS_TEST_FRESH_CASES,False
reacher,R7_reacher_09259855026d6f58fbb4bfa3,REFIT_103202,R4_ALT_CEM_1,H_REAL3_REPLAN,1,24,1,False,0,COMPLETE,R7_PREREGISTERED_STRESS_TEST_FRESH_CASES,True
reacher,R7_reacher_09259855026d6f58fbb4bfa3,REFIT_103203,R4_ALT_CEM_1,H_POLICY,1,24,1,False,0,COMPLETE,R7_PREREGISTERED_STRESS_TEST_FRESH_CASES,False
reacher,R7_reacher_09259855026d6f58fbb4bfa3,REFIT_103203,R4_ALT_CEM_1,H_REAL3_REPLAN,1,24,1,False,0,COMPLETE,R7_PREREGISTERED_STRESS_TEST_FRESH_CASES,True
reacher,R7_reacher_09556a74785e2e4e22db9270,H0,R4_ALT_CEM_1,H_POLICY,1,24,1,False,0,COMPLETE,R7_PREREGISTERED_STRESS_TEST_FRESH_CASES,False
reacher,R7_reacher_09556a74785e2e4e22db9270,H0,R4_ALT_CEM_1,H_REAL3_REPLAN,1,24,1,False,0,COMPLETE,R7_PREREGISTERED_STRESS_TEST_FRESH_CASES,True
reacher,R7_reacher_09556a74785e2e4e22db9270,REFIT_103201,R4_ALT_CEM_1,H_POLICY,1,75,3,True,0,COMPLETE,R7_PREREGISTERED_STRESS_TEST_FRESH_CASES,False
reacher,R7_reacher_09556a74785e2e4e22db9270,REFIT_103201,R4_ALT_CEM_1,H_REAL3_REPLAN,1,50,2,True,0,COMPLETE,R7_PREREGISTERED_STRESS_TEST_FRESH_CASES,True
reacher,R7_reacher_09556a74785e2e4e22db9270,REFIT_103202,R4_ALT_CEM_1,H_POLICY,1,51,3,True,0,COMPLETE,R7_PREREGISTERED_STRESS_TEST_FRESH_CASES,False
reacher,R7_reacher_09556a74785e2e4e22db9270,REFIT_103202,R4_ALT_CEM_1,H_REAL3_REPLAN,1,75,3,True,0,COMPLETE,R7_PREREGISTERED_STRESS_TEST_FRESH_CASES,True
reacher,R7_reacher_09556a74785e2e4e22db9270,REFIT_103203,R4_ALT_CEM_1,H_POLICY,1,24,1,False,0,COMPLETE,R7_PREREGISTERED_STRESS_TEST_FRESH_CASES,False
reacher,R7_reacher_09556a74785e2e4e22db9270,REFIT_103203,R4_ALT_CEM_1,H_REAL3_REPLAN,1,24,1,False,0,COMPLETE,R7_PREREGISTERED_STRESS_TEST_FRESH_CASES,True
reacher,R7_reacher_09672a546ecc9cd8836e6f36,H0,R4_ALT_CEM_1,H_POLICY,1,13,1,False,0,COMPLETE,R7_PREREGISTERED_STRESS_TEST_FRESH_CASES,False
reacher,R7_reacher_09672a546ecc9cd8836e6f36,H0,R4_ALT_CEM_1,H_REAL3_REPLAN,1,13,1,False,0,COMPLETE,R7_PREREGISTERED_STRESS_TEST_FRESH_CASES,True
reacher,R7_reacher_09672a546ecc9cd8836e6f36,REFIT_103201,R4_ALT_CEM_1,H_POLICY,1,15,1,False,0,COMPLETE,R7_PREREGISTERED_STRESS_TEST_FRESH_CASES,False
reacher,R7_reacher_09672a546ecc9cd8836e6f36,REFIT_103201,R4_ALT_CEM_1,H_REAL3_REPLAN,1,15,1,False,0,COMPLETE,R7_PREREGISTERED_STRESS_TEST_FRESH_CASES,True
reacher,R7_reacher_09672a546ecc9cd8836e6f36,REFIT_103202,R4_ALT_CEM_1,H_POLICY,1,24,1,False,0,COMPLETE,R7_PREREGISTERED_STRESS_TEST_FRESH_CASES,False
reacher,R7_reacher_09672a546ecc9cd8836e6f36,REFIT_103202,R4_ALT_CEM_1,H_REAL3_REPLAN,1,24,1,False,0,COMPLETE,R7_PREREGISTERED_STRESS_TEST_FRESH_CASES,True
reacher,R7_reacher_09672a546ecc9cd8836e6f36,REFIT_103203,R4_ALT_CEM_1,H_POLICY,1,24,1,False,0,COMPLETE,R7_PREREGISTERED_STRESS_TEST_FRESH_CASES,False
reacher,R7_reacher_09672a546ecc9cd8836e6f36,REFIT_103203,R4_ALT_CEM_1,H_REAL3_REPLAN,1,24,1,False,0,COMPLETE,R7_PREREGISTERED_STRESS_TEST_FRESH_CASES,True
reacher,R7_reacher_09a47861d324c4e18bb27656,H0,R4_ALT_CEM_1,H_POLICY,1,25,1,False,0,COMPLETE,R7_PREREGISTERED_STRESS_TEST_FRESH_CASES,False
reacher,R7_reacher_09a47861d324c4e18bb27656,H0,R4_ALT_CEM_1,H_REAL3_REPLAN,1,25,1,False,0,COMPLETE,R7_PREREGISTERED_STRESS_TEST_FRESH_CASES,True
reacher,R7_reacher_09a47861d324c4e18bb27656,REFIT_103201,R4_ALT_CEM_1,H_POLICY,1,76,4,True,0,COMPLETE,R7_PREREGISTERED_STRESS_TEST_FRESH_CASES,False
reacher,R7_reacher_09a47861d324c4e18bb27656,REFIT_103201,R4_ALT_CEM_1,H_REAL3_REPLAN,1,50,2,True,0,COMPLETE,R7_PREREGISTERED_STRESS_TEST_FRESH_CASES,True
reacher,R7_reacher_09a47861d324c4e18bb27656,REFIT_103202,R4_ALT_CEM_1,H_POLICY,1,25,1,False,0,COMPLETE,R7_PREREGISTERED_STRESS_TEST_FRESH_CASES,False
reacher,R7_reacher_09a47861d324c4e18bb27656,REFIT_103202,R4_ALT_CEM_1,H_REAL3_REPLAN,1,25,1,False,0,COMPLETE,R7_PREREGISTERED_STRESS_TEST_FRESH_CASES,True
reacher,R7_reacher_09a47861d324c4e18bb27656,REFIT_103203,R4_ALT_CEM_1,H_POLICY,1,25,1,False,0,COMPLETE,R7_PREREGISTERED_STRESS_TEST_FRESH_CASES,False
reacher,R7_reacher_09a47861d324c4e18bb27656,REFIT_103203,R4_ALT_CEM_1,H_REAL3_REPLAN,1,25,1,False,0,COMPLETE,R7_PREREGISTERED_STRESS_TEST_FRESH_CASES,True
reacher,R7_reacher_09c5603a7991e4c9b46a1bef,H0,R4_ALT_CEM_1,H_POLICY,1,25,1,False,0,COMPLETE,R7_PREREGISTERED_STRESS_TEST_FRESH_CASES,False
reacher,R7_reacher_09c5603a7991e4c9b46a1bef,H0,R4_ALT_CEM_1,H_REAL3_REPLAN,1,25,1,False,0,COMPLETE,R7_PREREGISTERED_STRESS_TEST_FRESH_CASES,True
reacher,R7_reacher_09c5603a7991e4c9b46a1bef,REFIT_103201,R4_ALT_CEM_1,H_POLICY,1,25,1,False,0,COMPLETE,R7_PREREGISTERED_STRESS_TEST_FRESH_CASES,False
reacher,R7_reacher_09c5603a7991e4c9b46a1bef,REFIT_103201,R4_ALT_CEM_1,H_REAL3_REPLAN,1,25,1,False,0,COMPLETE,R7_PREREGISTERED_STRESS_TEST_FRESH_CASES,True
reacher,R7_reacher_09c5603a7991e4c9b46a1bef,REFIT_103202,R4_ALT_CEM_1,H_POLICY,1,66,3,True,0,COMPLETE,R7_PREREGISTERED_STRESS_TEST_FRESH_CASES,False
reacher,R7_reacher_09c5603a7991e4c9b46a1bef,REFIT_103202,R4_ALT_CEM_1,H_REAL3_REPLAN,1,47,2,True,0,COMPLETE,R7_PREREGISTERED_STRESS_TEST_FRESH_CASES,True
reacher,R7_reacher_09c5603a7991e4c9b46a1bef,REFIT_103203,R4_ALT_CEM_1,H_POLICY,1,25,1,False,0,COMPLETE,R7_PREREGISTERED_STRESS_TEST_FRESH_CASES,False
reacher,R7_reacher_09c5603a7991e4c9b46a1bef,REFIT_103203,R4_ALT_CEM_1,H_REAL3_REPLAN,1,25,1,False,0,COMPLETE,R7_PREREGISTERED_STRESS_TEST_FRESH_CASES,True
reacher,R7_reacher_09da30f4c789c1a93d39016e,H0,R4_ALT_CEM_1,H_POLICY,1,26,2,True,0,COMPLETE,R7_PREREGISTERED_STRESS_TEST_FRESH_CASES,False
reacher,R7_reacher_09da30f4c789c1a93d39016e,H0,R4_ALT_CEM_1,H_REAL3_REPLAN,1,26,2,True,0,COMPLETE,R7_PREREGISTERED_STRESS_TEST_FRESH_CASES,True
reacher,R7_reacher_09da30f4c789c1a93d39016e,REFIT_103201,R4_ALT_CEM_1,H_POLICY,1,24,1,False,0,COMPLETE,R7_PREREGISTERED_STRESS_TEST_FRESH_CASES,False
reacher,R7_reacher_09da30f4c789c1a93d39016e,REFIT_103201,R4_ALT_CEM_1,H_REAL3_REPLAN,1,24,1,False,0,COMPLETE,R7_PREREGISTERED_STRESS_TEST_FRESH_CASES,True
reacher,R7_reacher_09da30f4c789c1a93d39016e,REFIT_103202,R4_ALT_CEM_1,H_POLICY,1,23,1,False,0,COMPLETE,R7_PREREGISTERED_STRESS_TEST_FRESH_CASES,False
reacher,R7_reacher_09da30f4c789c1a93d39016e,REFIT_103202,R4_ALT_CEM_1,H_REAL3_REPLAN,1,23,1,False,0,COMPLETE,R7_PREREGISTERED_STRESS_TEST_FRESH_CASES,True
reacher,R7_reacher_09da30f4c789c1a93d39016e,REFIT_103203,R4_ALT_CEM_1,H_POLICY,1,25,1,False,0,COMPLETE,R7_PREREGISTERED_STRESS_TEST_FRESH_CASES,False
reacher,R7_reacher_09da30f4c789c1a93d39016e,REFIT_103203,R4_ALT_CEM_1,H_REAL3_REPLAN,1,25,1,False,0,COMPLETE,R7_PREREGISTERED_STRESS_TEST_FRESH_CASES,True
reacher,R7_reacher_09de8c6be6909b99d19eda26,H0,R4_ALT_CEM_1,H_POLICY,1,18,1,False,0,COMPLETE,R7_PREREGISTERED_STRESS_TEST_FRESH_CASES,False
reacher,R7_reacher_09de8c6be6909b99d19eda26,H0,R4_ALT_CEM_1,H_REAL3_REPLAN,1,18,1,False,0,COMPLETE,R7_PREREGISTERED_STRESS_TEST_FRESH_CASES,True
reacher,R7_reacher_09de8c6be6909b99d19eda26,REFIT_103201,R4_ALT_CEM_1,H_POLICY,1,24,1,False,0,COMPLETE,R7_PREREGISTERED_STRESS_TEST_FRESH_CASES,False
reacher,R7_reacher_09de8c6be6909b99d19eda26,REFIT_103201,R4_ALT_CEM_1,H_REAL3_REPLAN,1,24,1,False,0,COMPLETE,R7_PREREGISTERED_STRESS_TEST_FRESH_CASES,True
reacher,R7_reacher_09de8c6be6909b99d19eda26,REFIT_103202,R4_ALT_CEM_1,H_POLICY,1,21,1,False,0,COMPLETE,R7_PREREGISTERED_STRESS_TEST_FRESH_CASES,False
reacher,R7_reacher_09de8c6be6909b99d19eda26,REFIT_103202,R4_ALT_CEM_1,H_REAL3_REPLAN,1,21,1,False,0,COMPLETE,R7_PREREGISTERED_STRESS_TEST_FRESH_CASES,True
reacher,R7_reacher_09de8c6be6909b99d19eda26,REFIT_103203,R4_ALT_CEM_1,H_POLICY,1,26,2,True,0,COMPLETE,R7_PREREGISTERED_STRESS_TEST_FRESH_CASES,False
reacher,R7_reacher_09de8c6be6909b99d19eda26,REFIT_103203,R4_ALT_CEM_1,H_REAL3_REPLAN,1,27,2,True,0,COMPLETE,R7_PREREGISTERED_STRESS_TEST_FRESH_CASES,True
reacher,R7_reacher_09e0272740f157016da6f4c2,H0,R4_ALT_CEM_1,H_POLICY,1,23,1,False,0,COMPLETE,R7_PREREGISTERED_STRESS_TEST_FRESH_CASES,False
reacher,R7_reacher_09e0272740f157016da6f4c2,H0,R4_ALT_CEM_1,H_REAL3_REPLAN,1,23,1,False,0,COMPLETE,R7_PREREGISTERED_STRESS_TEST_FRESH_CASES,True
reacher,R7_reacher_09e0272740f157016da6f4c2,REFIT_103201,R4_ALT_CEM_1,H_POLICY,1,22,1,False,0,COMPLETE,R7_PREREGISTERED_STRESS_TEST_FRESH_CASES,False
reacher,R7_reacher_09e0272740f157016da6f4c2,REFIT_103201,R4_ALT_CEM_1,H_REAL3_REPLAN,1,22,1,False,0,COMPLETE,R7_PREREGISTERED_STRESS_TEST_FRESH_CASES,True
reacher,R7_reacher_09e0272740f157016da6f4c2,REFIT_103202,R4_ALT_CEM_1,H_POLICY,1,23,1,False,0,COMPLETE,R7_PREREGISTERED_STRESS_TEST_FRESH_CASES,False
reacher,R7_reacher_09e0272740f157016da6f4c2,REFIT_103202,R4_ALT_CEM_1,H_REAL3_REPLAN,1,23,1,False,0,COMPLETE,R7_PREREGISTERED_STRESS_TEST_FRESH_CASES,True
reacher,R7_reacher_09e0272740f157016da6f4c2,REFIT_103203,R4_ALT_CEM_1,H_POLICY,1,24,1,False,0,COMPLETE,R7_PREREGISTERED_STRESS_TEST_FRESH_CASES,False
reacher,R7_reacher_09e0272740f157016da6f4c2,REFIT_103203,R4_ALT_CEM_1,H_REAL3_REPLAN,1,24,1,False,0,COMPLETE,R7_PREREGISTERED_STRESS_TEST_FRESH_CASES,True
reacher,R7_reacher_0a586d622d11a2001b814ccf,H0,R4_ALT_CEM_1,H_POLICY,1,23,1,False,0,COMPLETE,R7_PREREGISTERED_STRESS_TEST_FRESH_CASES,False
reacher,R7_reacher_0a586d622d11a2001b814ccf,H0,R4_ALT_CEM_1,H_REAL3_REPLAN,1,23,1,False,0,COMPLETE,R7_PREREGISTERED_STRESS_TEST_FRESH_CASES,True
reacher,R7_reacher_0a586d622d11a2001b814ccf,REFIT_103201,R4_ALT_CEM_1,H_POLICY,1,22,1,False,0,COMPLETE,R7_PREREGISTERED_STRESS_TEST_FRESH_CASES,False
reacher,R7_reacher_0a586d622d11a2001b814ccf,REFIT_103201,R4_ALT_CEM_1,H_REAL3_REPLAN,1,22,1,False,0,COMPLETE,R7_PREREGISTERED_STRESS_TEST_FRESH_CASES,True
reacher,R7_reacher_0a586d622d11a2001b814ccf,REFIT_103202,R4_ALT_CEM_1,H_POLICY,1,23,1,False,0,COMPLETE,R7_PREREGISTERED_STRESS_TEST_FRESH_CASES,False
reacher,R7_reacher_0a586d622d11a2001b814ccf,REFIT_103202,R4_ALT_CEM_1,H_REAL3_REPLAN,1,23,1,False,0,COMPLETE,R7_PREREGISTERED_STRESS_TEST_FRESH_CASES,True
reacher,R7_reacher_0a586d622d11a2001b814ccf,REFIT_103203,R4_ALT_CEM_1,H_POLICY,1,23,1,False,0,COMPLETE,R7_PREREGISTERED_STRESS_TEST_FRESH_CASES,False
reacher,R7_reacher_0a586d622d11a2001b814ccf,REFIT_103203,R4_ALT_CEM_1,H_REAL3_REPLAN,1,23,1,False,0,COMPLETE,R7_PREREGISTERED_STRESS_TEST_FRESH_CASES,True
reacher,R7_reacher_0a62a34ae820f9440c1f6773,H0,R4_ALT_CEM_1,H_POLICY,1,25,1,False,0,COMPLETE,R7_PREREGISTERED_STRESS_TEST_FRESH_CASES,False
reacher,R7_reacher_0a62a34ae820f9440c1f6773,H0,R4_ALT_CEM_1,H_REAL3_REPLAN,1,25,1,False,0,COMPLETE,R7_PREREGISTERED_STRESS_TEST_FRESH_CASES,True
reacher,R7_reacher_0a62a34ae820f9440c1f6773,REFIT_103201,R4_ALT_CEM_1,H_POLICY,1,48,2,True,0,COMPLETE,R7_PREREGISTERED_STRESS_TEST_FRESH_CASES,False
reacher,R7_reacher_0a62a34ae820f9440c1f6773,REFIT_103201,R4_ALT_CEM_1,H_REAL3_REPLAN,1,43,2,True,0,COMPLETE,R7_PREREGISTERED_STRESS_TEST_FRESH_CASES,True
reacher,R7_reacher_0a62a34ae820f9440c1f6773,REFIT_103202,R4_ALT_CEM_1,H_POLICY,1,6,1,False,0,COMPLETE,R7_PREREGISTERED_STRESS_TEST_FRESH_CASES,False
reacher,R7_reacher_0a62a34ae820f9440c1f6773,REFIT_103202,R4_ALT_CEM_1,H_REAL3_REPLAN,1,6,1,False,0,COMPLETE,R7_PREREGISTERED_STRESS_TEST_FRESH_CASES,True
reacher,R7_reacher_0a62a34ae820f9440c1f6773,REFIT_103203,R4_ALT_CEM_1,H_POLICY,1,7,1,False,0,COMPLETE,R7_PREREGISTERED_STRESS_TEST_FRESH_CASES,False
reacher,R7_reacher_0a62a34ae820f9440c1f6773,REFIT_103203,R4_ALT_CEM_1,H_REAL3_REPLAN,1,7,1,False,0,COMPLETE,R7_PREREGISTERED_STRESS_TEST_FRESH_CASES,True
reacher,R7_reacher_0a7092c7dff7225532cf04b5,H0,R4_ALT_CEM_1,H_POLICY,1,29,2,True,0,COMPLETE,R7_PREREGISTERED_STRESS_TEST_FRESH_CASES,False
reacher,R7_reacher_0a7092c7dff7225532cf04b5,H0,R4_ALT_CEM_1,H_REAL3_REPLAN,1,30,2,True,0,COMPLETE,R7_PREREGISTERED_STRESS_TEST_FRESH_CASES,True
reacher,R7_reacher_0a7092c7dff7225532cf04b5,REFIT_103201,R4_ALT_CEM_1,H_POLICY,1,48,2,True,0,COMPLETE,R7_PREREGISTERED_STRESS_TEST_FRESH_CASES,False
reacher,R7_reacher_0a7092c7dff7225532cf04b5,REFIT_103201,R4_ALT_CEM_1,H_REAL3_REPLAN,1,49,2,True,0,COMPLETE,R7_PREREGISTERED_STRESS_TEST_FRESH_CASES,True
reacher,R7_reacher_0a7092c7dff7225532cf04b5,REFIT_103202,R4_ALT_CEM_1,H_POLICY,1,36,2,True,0,COMPLETE,R7_PREREGISTERED_STRESS_TEST_FRESH_CASES,False
reacher,R7_reacher_0a7092c7dff7225532cf04b5,REFIT_103202,R4_ALT_CEM_1,H_REAL3_REPLAN,1,48,2,True,0,COMPLETE,R7_PREREGISTERED_STRESS_TEST_FRESH_CASES,True
reacher,R7_reacher_0a7092c7dff7225532cf04b5,REFIT_103203,R4_ALT_CEM_1,H_POLICY,1,31,2,True,0,COMPLETE,R7_PREREGISTERED_STRESS_TEST_FRESH_CASES,False
reacher,R7_reacher_0a7092c7dff7225532cf04b5,REFIT_103203,R4_ALT_CEM_1,H_REAL3_REPLAN,1,47,2,True,0,COMPLETE,R7_PREREGISTERED_STRESS_TEST_FRESH_CASES,True
reacher,R7_reacher_0a9eb0622d96e0949ad35106,H0,R4_ALT_CEM_1,H_POLICY,1,25,1,False,0,COMPLETE,R7_PREREGISTERED_STRESS_TEST_FRESH_CASES,False
reacher,R7_reacher_0a9eb0622d96e0949ad35106,H0,R4_ALT_CEM_1,H_REAL3_REPLAN,1,25,1,False,0,COMPLETE,R7_PREREGISTERED_STRESS_TEST_FRESH_CASES,True
reacher,R7_reacher_0a9eb0622d96e0949ad35106,REFIT_103201,R4_ALT_CEM_1,H_POLICY,1,19,1,False,0,COMPLETE,R7_PREREGISTERED_STRESS_TEST_FRESH_CASES,False
reacher,R7_reacher_0a9eb0622d96e0949ad35106,REFIT_103201,R4_ALT_CEM_1,H_REAL3_REPLAN,1,19,1,False,0,COMPLETE,R7_PREREGISTERED_STRESS_TEST_FRESH_CASES,True
reacher,R7_reacher_0a9eb0622d96e0949ad35106,REFIT_103202,R4_ALT_CEM_1,H_POLICY,1,24,1,False,0,COMPLETE,R7_PREREGISTERED_STRESS_TEST_FRESH_CASES,False
reacher,R7_reacher_0a9eb0622d96e0949ad35106,REFIT_103202,R4_ALT_CEM_1,H_REAL3_REPLAN,1,24,1,False,0,COMPLETE,R7_PREREGISTERED_STRESS_TEST_FRESH_CASES,True
reacher,R7_reacher_0a9eb0622d96e0949ad35106,REFIT_103203,R4_ALT_CEM_1,H_POLICY,1,14,1,False,0,COMPLETE,R7_PREREGISTERED_STRESS_TEST_FRESH_CASES,False
reacher,R7_reacher_0a9eb0622d96e0949ad35106,REFIT_103203,R4_ALT_CEM_1,H_REAL3_REPLAN,1,14,1,False,0,COMPLETE,R7_PREREGISTERED_STRESS_TEST_FRESH_CASES,True
reacher,R7_reacher_0ad48b70d7fa4db6f6b5c8a3,H0,R4_ALT_CEM_1,H_POLICY,1,24,1,False,0,COMPLETE,R7_PREREGISTERED_STRESS_TEST_FRESH_CASES,False
reacher,R7_reacher_0ad48b70d7fa4db6f6b5c8a3,H0,R4_ALT_CEM_1,H_REAL3_REPLAN,1,24,1,False,0,COMPLETE,R7_PREREGISTERED_STRESS_TEST_FRESH_CASES,True
reacher,R7_reacher_0ad48b70d7fa4db6f6b5c8a3,REFIT_103201,R4_ALT_CEM_1,H_POLICY,0,100,4,True,0,COMPLETE,R7_PREREGISTERED_STRESS_TEST_FRESH_CASES,False
reacher,R7_reacher_0ad48b70d7fa4db6f6b5c8a3,REFIT_103201,R4_ALT_CEM_1,H_REAL3_REPLAN,0,100,4,True,0,COMPLETE,R7_PREREGISTERED_STRESS_TEST_FRESH_CASES,True
reacher,R7_reacher_0ad48b70d7fa4db6f6b5c8a3,REFIT_103202,R4_ALT_CEM_1,H_POLICY,0,100,4,True,0,COMPLETE,R7_PREREGISTERED_STRESS_TEST_FRESH_CASES,False
reacher,R7_reacher_0ad48b70d7fa4db6f6b5c8a3,REFIT_103202,R4_ALT_CEM_1,H_REAL3_REPLAN,0,100,4,True,0,COMPLETE,R7_PREREGISTERED_STRESS_TEST_FRESH_CASES,True
reacher,R7_reacher_0ad48b70d7fa4db6f6b5c8a3,REFIT_103203,R4_ALT_CEM_1,H_POLICY,0,100,4,True,0,COMPLETE,R7_PREREGISTERED_STRESS_TEST_FRESH_CASES,False
reacher,R7_reacher_0ad48b70d7fa4db6f6b5c8a3,REFIT_103203,R4_ALT_CEM_1,H_REAL3_REPLAN,0,100,4,True,0,COMPLETE,R7_PREREGISTERED_STRESS_TEST_FRESH_CASES,True
reacher,R7_reacher_0ae787fe84f6e2a36330fd57,H0,R4_ALT_CEM_1,H_POLICY,1,29,2,True,0,COMPLETE,R7_PREREGISTERED_STRESS_TEST_FRESH_CASES,False
reacher,R7_reacher_0ae787fe84f6e2a36330fd57,H0,R4_ALT_CEM_1,H_REAL3_REPLAN,1,32,2,True,0,COMPLETE,R7_PREREGISTERED_STRESS_TEST_FRESH_CASES,True
reacher,R7_reacher_0ae787fe84f6e2a36330fd57,REFIT_103201,R4_ALT_CEM_1,H_POLICY,1,26,2,True,0,COMPLETE,R7_PREREGISTERED_STRESS_TEST_FRESH_CASES,False
reacher,R7_reacher_0ae787fe84f6e2a36330fd57,REFIT_103201,R4_ALT_CEM_1,H_REAL3_REPLAN,1,26,2,True,0,COMPLETE,R7_PREREGISTERED_STRESS_TEST_FRESH_CASES,True
reacher,R7_reacher_0ae787fe84f6e2a36330fd57,REFIT_103202,R4_ALT_CEM_1,H_POLICY,1,28,2,True,0,COMPLETE,R7_PREREGISTERED_STRESS_TEST_FRESH_CASES,False
reacher,R7_reacher_0ae787fe84f6e2a36330fd57,REFIT_103202,R4_ALT_CEM_1,H_REAL3_REPLAN,1,28,2,True,0,COMPLETE,R7_PREREGISTERED_STRESS_TEST_FRESH_CASES,True
reacher,R7_reacher_0ae787fe84f6e2a36330fd57,REFIT_103203,R4_ALT_CEM_1,H_POLICY,1,27,2,True,0,COMPLETE,R7_PREREGISTERED_STRESS_TEST_FRESH_CASES,False
reacher,R7_reacher_0ae787fe84f6e2a36330fd57,REFIT_103203,R4_ALT_CEM_1,H_REAL3_REPLAN,1,26,2,True,0,COMPLETE,R7_PREREGISTERED_STRESS_TEST_FRESH_CASES,True
reacher,R7_reacher_0ae7ef175277c110c11348f6,H0,R4_ALT_CEM_1,H_POLICY,1,61,3,True,0,COMPLETE,R7_PREREGISTERED_STRESS_TEST_FRESH_CASES,False
reacher,R7_reacher_0ae7ef175277c110c11348f6,H0,R4_ALT_CEM_1,H_REAL3_REPLAN,1,42,2,True,0,COMPLETE,R7_PREREGISTERED_STRESS_TEST_FRESH_CASES,True
reacher,R7_reacher_0ae7ef175277c110c11348f6,REFIT_103201,R4_ALT_CEM_1,H_POLICY,1,50,2,True,0,COMPLETE,R7_PREREGISTERED_STRESS_TEST_FRESH_CASES,False
reacher,R7_reacher_0ae7ef175277c110c11348f6,REFIT_103201,R4_ALT_CEM_1,H_REAL3_REPLAN,1,47,2,True,0,COMPLETE,R7_PREREGISTERED_STRESS_TEST_FRESH_CASES,True
reacher,R7_reacher_0ae7ef175277c110c11348f6,REFIT_103202,R4_ALT_CEM_1,H_POLICY,1,48,2,True,0,COMPLETE,R7_PREREGISTERED_STRESS_TEST_FRESH_CASES,False
reacher,R7_reacher_0ae7ef175277c110c11348f6,REFIT_103202,R4_ALT_CEM_1,H_REAL3_REPLAN,1,46,2,True,0,COMPLETE,R7_PREREGISTERED_STRESS_TEST_FRESH_CASES,True
reacher,R7_reacher_0ae7ef175277c110c11348f6,REFIT_103203,R4_ALT_CEM_1,H_POLICY,1,37,2,True,0,COMPLETE,R7_PREREGISTERED_STRESS_TEST_FRESH_CASES,False
reacher,R7_reacher_0ae7ef175277c110c11348f6,REFIT_103203,R4_ALT_CEM_1,H_REAL3_REPLAN,1,44,2,True,0,COMPLETE,R7_PREREGISTERED_STRESS_TEST_FRESH_CASES,True
reacher,R7_reacher_008f95b1d93de778a42bc06d,H0,R4_ALT_CEM_2,H_POLICY,1,50,2,True,0,COMPLETE,R7_PREREGISTERED_STRESS_TEST_FRESH_CASES,False
reacher,R7_reacher_008f95b1d93de778a42bc06d,H0,R4_ALT_CEM_2,H_REAL3_REPLAN,1,50,2,True,0,COMPLETE,R7_PREREGISTERED_STRESS_TEST_FRESH_CASES,True
reacher,R7_reacher_008f95b1d93de778a42bc06d,REFIT_103201,R4_ALT_CEM_2,H_POLICY,1,50,2,True,0,COMPLETE,R7_PREREGISTERED_STRESS_TEST_FRESH_CASES,False
reacher,R7_reacher_008f95b1d93de778a42bc06d,REFIT_103201,R4_ALT_CEM_2,H_REAL3_REPLAN,1,50,2,True,0,COMPLETE,R7_PREREGISTERED_STRESS_TEST_FRESH_CASES,True
reacher,R7_reacher_008f95b1d93de778a42bc06d,REFIT_103202,R4_ALT_CEM_2,H_POLICY,1,49,2,True,0,COMPLETE,R7_PREREGISTERED_STRESS_TEST_FRESH_CASES,False
reacher,R7_reacher_008f95b1d93de778a42bc06d,REFIT_103202,R4_ALT_CEM_2,H_REAL3_REPLAN,1,50,2,True,0,COMPLETE,R7_PREREGISTERED_STRESS_TEST_FRESH_CASES,True
reacher,R7_reacher_008f95b1d93de778a42bc06d,REFIT_103203,R4_ALT_CEM_2,H_POLICY,1,49,2,True,0,COMPLETE,R7_PREREGISTERED_STRESS_TEST_FRESH_CASES,False
reacher,R7_reacher_008f95b1d93de778a42bc06d,REFIT_103203,R4_ALT_CEM_2,H_REAL3_REPLAN,1,49,2,True,0,COMPLETE,R7_PREREGISTERED_STRESS_TEST_FRESH_CASES,True
reacher,R7_reacher_00978606ef467b72992b6d55,H0,R4_ALT_CEM_2,H_POLICY,1,37,2,True,0,COMPLETE,R7_PREREGISTERED_STRESS_TEST_FRESH_CASES,False
reacher,R7_reacher_00978606ef467b72992b6d55,H0,R4_ALT_CEM_2,H_REAL3_REPLAN,1,36,2,True,0,COMPLETE,R7_PREREGISTERED_STRESS_TEST_FRESH_CASES,True
reacher,R7_reacher_00978606ef467b72992b6d55,REFIT_103201,R4_ALT_CEM_2,H_POLICY,1,68,3,True,0,COMPLETE,R7_PREREGISTERED_STRESS_TEST_FRESH_CASES,False
reacher,R7_reacher_00978606ef467b72992b6d55,REFIT_103201,R4_ALT_CEM_2,H_REAL3_REPLAN,1,46,2,True,0,COMPLETE,R7_PREREGISTERED_STRESS_TEST_FRESH_CASES,True
reacher,R7_reacher_00978606ef467b72992b6d55,REFIT_103202,R4_ALT_CEM_2,H_POLICY,1,35,2,True,0,COMPLETE,R7_PREREGISTERED_STRESS_TEST_FRESH_CASES,False
reacher,R7_reacher_00978606ef467b72992b6d55,REFIT_103202,R4_ALT_CEM_2,H_REAL3_REPLAN,1,48,2,True,0,COMPLETE,R7_PREREGISTERED_STRESS_TEST_FRESH_CASES,True
reacher,R7_reacher_00978606ef467b72992b6d55,REFIT_103203,R4_ALT_CEM_2,H_POLICY,1,50,2,True,0,COMPLETE,R7_PREREGISTERED_STRESS_TEST_FRESH_CASES,False
reacher,R7_reacher_00978606ef467b72992b6d55,REFIT_103203,R4_ALT_CEM_2,H_REAL3_REPLAN,1,48,2,True,0,COMPLETE,R7_PREREGISTERED_STRESS_TEST_FRESH_CASES,True
reacher,R7_reacher_00f305b4af31fc3e03fe530d,H0,R4_ALT_CEM_2,H_POLICY,1,39,2,True,0,COMPLETE,R7_PREREGISTERED_STRESS_TEST_FRESH_CASES,False
reacher,R7_reacher_00f305b4af31fc3e03fe530d,H0,R4_ALT_CEM_2,H_REAL3_REPLAN,1,36,2,True,0,COMPLETE,R7_PREREGISTERED_STRESS_TEST_FRESH_CASES,True
reacher,R7_reacher_00f305b4af31fc3e03fe530d,REFIT_103201,R4_ALT_CEM_2,H_POLICY,1,49,2,True,0,COMPLETE,R7_PREREGISTERED_STRESS_TEST_FRESH_CASES,False
reacher,R7_reacher_00f305b4af31fc3e03fe530d,REFIT_103201,R4_ALT_CEM_2,H_REAL3_REPLAN,1,32,2,True,0,COMPLETE,R7_PREREGISTERED_STRESS_TEST_FRESH_CASES,True
reacher,R7_reacher_00f305b4af31fc3e03fe530d,REFIT_103202,R4_ALT_CEM_2,H_POLICY,1,32,2,True,0,COMPLETE,R7_PREREGISTERED_STRESS_TEST_FRESH_CASES,False
reacher,R7_reacher_00f305b4af31fc3e03fe530d,REFIT_103202,R4_ALT_CEM_2,H_REAL3_REPLAN,1,31,2,True,0,COMPLETE,R7_PREREGISTERED_STRESS_TEST_FRESH_CASES,True
reacher,R7_reacher_00f305b4af31fc3e03fe530d,REFIT_103203,R4_ALT_CEM_2,H_POLICY,1,32,2,True,0,COMPLETE,R7_PREREGISTERED_STRESS_TEST_FRESH_CASES,False
reacher,R7_reacher_00f305b4af31fc3e03fe530d,REFIT_103203,R4_ALT_CEM_2,H_REAL3_REPLAN,1,36,2,True,0,COMPLETE,R7_PREREGISTERED_STRESS_TEST_FRESH_CASES,True
reacher,R7_reacher_013cbf60956462066fdfc1af,H0,R4_ALT_CEM_2,H_POLICY,1,49,2,True,0,COMPLETE,R7_PREREGISTERED_STRESS_TEST_FRESH_CASES,False
reacher,R7_reacher_013cbf60956462066fdfc1af,H0,R4_ALT_CEM_2,H_REAL3_REPLAN,1,50,2,True,0,COMPLETE,R7_PREREGISTERED_STRESS_TEST_FRESH_CASES,True
reacher,R7_reacher_013cbf60956462066fdfc1af,REFIT_103201,R4_ALT_CEM_2,H_POLICY,1,48,2,True,0,COMPLETE,R7_PREREGISTERED_STRESS_TEST_FRESH_CASES,False
reacher,R7_reacher_013cbf60956462066fdfc1af,REFIT_103201,R4_ALT_CEM_2,H_REAL3_REPLAN,1,38,2,True,0,COMPLETE,R7_PREREGISTERED_STRESS_TEST_FRESH_CASES,True
reacher,R7_reacher_013cbf60956462066fdfc1af,REFIT_103202,R4_ALT_CEM_2,H_POLICY,1,48,2,True,0,COMPLETE,R7_PREREGISTERED_STRESS_TEST_FRESH_CASES,False
reacher,R7_reacher_013cbf60956462066fdfc1af,REFIT_103202,R4_ALT_CEM_2,H_REAL3_REPLAN,1,48,2,True,0,COMPLETE,R7_PREREGISTERED_STRESS_TEST_FRESH_CASES,True
reacher,R7_reacher_013cbf60956462066fdfc1af,REFIT_103203,R4_ALT_CEM_2,H_POLICY,1,16,1,False,0,COMPLETE,R7_PREREGISTERED_STRESS_TEST_FRESH_CASES,False
reacher,R7_reacher_013cbf60956462066fdfc1af,REFIT_103203,R4_ALT_CEM_2,H_REAL3_REPLAN,1,16,1,False,0,COMPLETE,R7_PREREGISTERED_STRESS_TEST_FRESH_CASES,True
reacher,R7_reacher_014e68add07a685a9ce0ab2e,H0,R4_ALT_CEM_2,H_POLICY,1,25,1,False,0,COMPLETE,R7_PREREGISTERED_STRESS_TEST_FRESH_CASES,False
reacher,R7_reacher_014e68add07a685a9ce0ab2e,H0,R4_ALT_CEM_2,H_REAL3_REPLAN,1,25,1,False,0,COMPLETE,R7_PREREGISTERED_STRESS_TEST_FRESH_CASES,True
reacher,R7_reacher_014e68add07a685a9ce0ab2e,REFIT_103201,R4_ALT_CEM_2,H_POLICY,1,25,1,False,0,COMPLETE,R7_PREREGISTERED_STRESS_TEST_FRESH_CASES,False
reacher,R7_reacher_014e68add07a685a9ce0ab2e,REFIT_103201,R4_ALT_CEM_2,H_REAL3_REPLAN,1,25,1,False,0,COMPLETE,R7_PREREGISTERED_STRESS_TEST_FRESH_CASES,True
reacher,R7_reacher_014e68add07a685a9ce0ab2e,REFIT_103202,R4_ALT_CEM_2,H_POLICY,1,25,1,False,0,COMPLETE,R7_PREREGISTERED_STRESS_TEST_FRESH_CASES,False
reacher,R7_reacher_014e68add07a685a9ce0ab2e,REFIT_103202,R4_ALT_CEM_2,H_REAL3_REPLAN,1,25,1,False,0,COMPLETE,R7_PREREGISTERED_STRESS_TEST_FRESH_CASES,True
reacher,R7_reacher_014e68add07a685a9ce0ab2e,REFIT_103203,R4_ALT_CEM_2,H_POLICY,1,25,1,False,0,COMPLETE,R7_PREREGISTERED_STRESS_TEST_FRESH_CASES,False
reacher,R7_reacher_014e68add07a685a9ce0ab2e,REFIT_103203,R4_ALT_CEM_2,H_REAL3_REPLAN,1,25,1,False,0,COMPLETE,R7_PREREGISTERED_STRESS_TEST_FRESH_CASES,True
reacher,R7_reacher_01c790ba2fdea50edb4b2a74,H0,R4_ALT_CEM_2,H_POLICY,1,51,3,True,0,COMPLETE,R7_PREREGISTERED_STRESS_TEST_FRESH_CASES,False
reacher,R7_reacher_01c790ba2fdea50edb4b2a74,H0,R4_ALT_CEM_2,H_REAL3_REPLAN,1,37,2,True,0,COMPLETE,R7_PREREGISTERED_STRESS_TEST_FRESH_CASES,True
reacher,R7_reacher_01c790ba2fdea50edb4b2a74,REFIT_103201,R4_ALT_CEM_2,H_POLICY,0,100,4,True,0,COMPLETE,R7_PREREGISTERED_STRESS_TEST_FRESH_CASES,False
reacher,R7_reacher_01c790ba2fdea50edb4b2a74,REFIT_103201,R4_ALT_CEM_2,H_REAL3_REPLAN,0,100,4,True,0,COMPLETE,R7_PREREGISTERED_STRESS_TEST_FRESH_CASES,True
reacher,R7_reacher_01c790ba2fdea50edb4b2a74,REFIT_103202,R4_ALT_CEM_2,H_POLICY,0,100,4,True,0,COMPLETE,R7_PREREGISTERED_STRESS_TEST_FRESH_CASES,False
reacher,R7_reacher_01c790ba2fdea50edb4b2a74,REFIT_103202,R4_ALT_CEM_2,H_REAL3_REPLAN,0,100,4,True,0,COMPLETE,R7_PREREGISTERED_STRESS_TEST_FRESH_CASES,True
reacher,R7_reacher_01c790ba2fdea50edb4b2a74,REFIT_103203,R4_ALT_CEM_2,H_POLICY,0,100,4,True,0,COMPLETE,R7_PREREGISTERED_STRESS_TEST_FRESH_CASES,False
reacher,R7_reacher_01c790ba2fdea50edb4b2a74,REFIT_103203,R4_ALT_CEM_2,H_REAL3_REPLAN,0,100,4,True,0,COMPLETE,R7_PREREGISTERED_STRESS_TEST_FRESH_CASES,True
reacher,R7_reacher_01cc5ff8b1d16bc9b6b96cf2,H0,R4_ALT_CEM_2,H_POLICY,1,23,1,False,0,COMPLETE,R7_PREREGISTERED_STRESS_TEST_FRESH_CASES,False
reacher,R7_reacher_01cc5ff8b1d16bc9b6b96cf2,H0,R4_ALT_CEM_2,H_REAL3_REPLAN,1,23,1,False,0,COMPLETE,R7_PREREGISTERED_STRESS_TEST_FRESH_CASES,True
reacher,R7_reacher_01cc5ff8b1d16bc9b6b96cf2,REFIT_103201,R4_ALT_CEM_2,H_POLICY,1,23,1,False,0,COMPLETE,R7_PREREGISTERED_STRESS_TEST_FRESH_CASES,False
reacher,R7_reacher_01cc5ff8b1d16bc9b6b96cf2,REFIT_103201,R4_ALT_CEM_2,H_REAL3_REPLAN,1,23,1,False,0,COMPLETE,R7_PREREGISTERED_STRESS_TEST_FRESH_CASES,True
reacher,R7_reacher_01cc5ff8b1d16bc9b6b96cf2,REFIT_103202,R4_ALT_CEM_2,H_POLICY,1,24,1,False,0,COMPLETE,R7_PREREGISTERED_STRESS_TEST_FRESH_CASES,False
reacher,R7_reacher_01cc5ff8b1d16bc9b6b96cf2,REFIT_103202,R4_ALT_CEM_2,H_REAL3_REPLAN,1,24,1,False,0,COMPLETE,R7_PREREGISTERED_STRESS_TEST_FRESH_CASES,True
reacher,R7_reacher_01cc5ff8b1d16bc9b6b96cf2,REFIT_103203,R4_ALT_CEM_2,H_POLICY,1,23,1,False,0,COMPLETE,R7_PREREGISTERED_STRESS_TEST_FRESH_CASES,False
reacher,R7_reacher_01cc5ff8b1d16bc9b6b96cf2,REFIT_103203,R4_ALT_CEM_2,H_REAL3_REPLAN,1,23,1,False,0,COMPLETE,R7_PREREGISTERED_STRESS_TEST_FRESH_CASES,True
reacher,R7_reacher_01d25c55458ab04e22aa2bf6,H0,R4_ALT_CEM_2,H_POLICY,1,2,1,False,0,COMPLETE,R7_PREREGISTERED_STRESS_TEST_FRESH_CASES,False
reacher,R7_reacher_01d25c55458ab04e22aa2bf6,H0,R4_ALT_CEM_2,H_REAL3_REPLAN,1,2,1,False,0,COMPLETE,R7_PREREGISTERED_STRESS_TEST_FRESH_CASES,True
reacher,R7_reacher_01d25c55458ab04e22aa2bf6,REFIT_103201,R4_ALT_CEM_2,H_POLICY,1,12,1,False,0,COMPLETE,R7_PREREGISTERED_STRESS_TEST_FRESH_CASES,False
reacher,R7_reacher_01d25c55458ab04e22aa2bf6,REFIT_103201,R4_ALT_CEM_2,H_REAL3_REPLAN,1,12,1,False,0,COMPLETE,R7_PREREGISTERED_STRESS_TEST_FRESH_CASES,True
reacher,R7_reacher_01d25c55458ab04e22aa2bf6,REFIT_103202,R4_ALT_CEM_2,H_POLICY,1,36,2,True,0,COMPLETE,R7_PREREGISTERED_STRESS_TEST_FRESH_CASES,False
reacher,R7_reacher_01d25c55458ab04e22aa2bf6,REFIT_103202,R4_ALT_CEM_2,H_REAL3_REPLAN,1,26,2,True,0,COMPLETE,R7_PREREGISTERED_STRESS_TEST_FRESH_CASES,True
reacher,R7_reacher_01d25c55458ab04e22aa2bf6,REFIT_103203,R4_ALT_CEM_2,H_POLICY,1,11,1,False,0,COMPLETE,R7_PREREGISTERED_STRESS_TEST_FRESH_CASES,False
reacher,R7_reacher_01d25c55458ab04e22aa2bf6,REFIT_103203,R4_ALT_CEM_2,H_REAL3_REPLAN,1,11,1,False,0,COMPLETE,R7_PREREGISTERED_STRESS_TEST_FRESH_CASES,True
reacher,R7_reacher_01ec1493e75ef3c5c63b6669,H0,R4_ALT_CEM_2,H_POLICY,1,17,1,False,0,COMPLETE,R7_PREREGISTERED_STRESS_TEST_FRESH_CASES,False
reacher,R7_reacher_01ec1493e75ef3c5c63b6669,H0,R4_ALT_CEM_2,H_REAL3_REPLAN,1,17,1,False,0,COMPLETE,R7_PREREGISTERED_STRESS_TEST_FRESH_CASES,True
reacher,R7_reacher_01ec1493e75ef3c5c63b6669,REFIT_103201,R4_ALT_CEM_2,H_POLICY,1,22,1,False,0,COMPLETE,R7_PREREGISTERED_STRESS_TEST_FRESH_CASES,False
reacher,R7_reacher_01ec1493e75ef3c5c63b6669,REFIT_103201,R4_ALT_CEM_2,H_REAL3_REPLAN,1,22,1,False,0,COMPLETE,R7_PREREGISTERED_STRESS_TEST_FRESH_CASES,True
reacher,R7_reacher_01ec1493e75ef3c5c63b6669,REFIT_103202,R4_ALT_CEM_2,H_POLICY,1,22,1,False,0,COMPLETE,R7_PREREGISTERED_STRESS_TEST_FRESH_CASES,False
reacher,R7_reacher_01ec1493e75ef3c5c63b6669,REFIT_103202,R4_ALT_CEM_2,H_REAL3_REPLAN,1,22,1,False,0,COMPLETE,R7_PREREGISTERED_STRESS_TEST_FRESH_CASES,True
reacher,R7_reacher_01ec1493e75ef3c5c63b6669,REFIT_103203,R4_ALT_CEM_2,H_POLICY,1,11,1,False,0,COMPLETE,R7_PREREGISTERED_STRESS_TEST_FRESH_CASES,False
reacher,R7_reacher_01ec1493e75ef3c5c63b6669,REFIT_103203,R4_ALT_CEM_2,H_REAL3_REPLAN,1,11,1,False,0,COMPLETE,R7_PREREGISTERED_STRESS_TEST_FRESH_CASES,True
reacher,R7_reacher_020a0a776f6f5e79819a3c41,H0,R4_ALT_CEM_2,H_POLICY,0,100,4,True,0,COMPLETE,R7_PREREGISTERED_STRESS_TEST_FRESH_CASES,False
reacher,R7_reacher_020a0a776f6f5e79819a3c41,H0,R4_ALT_CEM_2,H_REAL3_REPLAN,0,100,4,True,0,COMPLETE,R7_PREREGISTERED_STRESS_TEST_FRESH_CASES,True
reacher,R7_reacher_020a0a776f6f5e79819a3c41,REFIT_103201,R4_ALT_CEM_2,H_POLICY,1,33,2,True,0,COMPLETE,R7_PREREGISTERED_STRESS_TEST_FRESH_CASES,False
reacher,R7_reacher_020a0a776f6f5e79819a3c41,REFIT_103201,R4_ALT_CEM_2,H_REAL3_REPLAN,1,49,2,True,0,COMPLETE,R7_PREREGISTERED_STRESS_TEST_FRESH_CASES,True
reacher,R7_reacher_020a0a776f6f5e79819a3c41,REFIT_103202,R4_ALT_CEM_2,H_POLICY,1,26,2,True,0,COMPLETE,R7_PREREGISTERED_STRESS_TEST_FRESH_CASES,False
reacher,R7_reacher_020a0a776f6f5e79819a3c41,REFIT_103202,R4_ALT_CEM_2,H_REAL3_REPLAN,1,49,2,True,0,COMPLETE,R7_PREREGISTERED_STRESS_TEST_FRESH_CASES,True
reacher,R7_reacher_020a0a776f6f5e79819a3c41,REFIT_103203,R4_ALT_CEM_2,H_POLICY,1,52,3,True,0,COMPLETE,R7_PREREGISTERED_STRESS_TEST_FRESH_CASES,False
reacher,R7_reacher_020a0a776f6f5e79819a3c41,REFIT_103203,R4_ALT_CEM_2,H_REAL3_REPLAN,1,42,2,True,0,COMPLETE,R7_PREREGISTERED_STRESS_TEST_FRESH_CASES,True
reacher,R7_reacher_021f9cd8e41133fd462e3638,H0,R4_ALT_CEM_2,H_POLICY,1,49,2,True,0,COMPLETE,R7_PREREGISTERED_STRESS_TEST_FRESH_CASES,False
reacher,R7_reacher_021f9cd8e41133fd462e3638,H0,R4_ALT_CEM_2,H_REAL3_REPLAN,1,35,2,True,0,COMPLETE,R7_PREREGISTERED_STRESS_TEST_FRESH_CASES,True
reacher,R7_reacher_021f9cd8e41133fd462e3638,REFIT_103201,R4_ALT_CEM_2,H_POLICY,1,45,2,True,0,COMPLETE,R7_PREREGISTERED_STRESS_TEST_FRESH_CASES,False
reacher,R7_reacher_021f9cd8e41133fd462e3638,REFIT_103201,R4_ALT_CEM_2,H_REAL3_REPLAN,1,30,2,True,0,COMPLETE,R7_PREREGISTERED_STRESS_TEST_FRESH_CASES,True
reacher,R7_reacher_021f9cd8e41133fd462e3638,REFIT_103202,R4_ALT_CEM_2,H_POLICY,1,28,2,True,0,COMPLETE,R7_PREREGISTERED_STRESS_TEST_FRESH_CASES,False
reacher,R7_reacher_021f9cd8e41133fd462e3638,REFIT_103202,R4_ALT_CEM_2,H_REAL3_REPLAN,1,49,2,True,0,COMPLETE,R7_PREREGISTERED_STRESS_TEST_FRESH_CASES,True
reacher,R7_reacher_021f9cd8e41133fd462e3638,REFIT_103203,R4_ALT_CEM_2,H_POLICY,1,28,2,True,0,COMPLETE,R7_PREREGISTERED_STRESS_TEST_FRESH_CASES,False
reacher,R7_reacher_021f9cd8e41133fd462e3638,REFIT_103203,R4_ALT_CEM_2,H_REAL3_REPLAN,1,28,2,True,0,COMPLETE,R7_PREREGISTERED_STRESS_TEST_FRESH_CASES,True
reacher,R7_reacher_021ff8567d6024f5963f0795,H0,R4_ALT_CEM_2,H_POLICY,1,11,1,False,0,COMPLETE,R7_PREREGISTERED_STRESS_TEST_FRESH_CASES,False
reacher,R7_reacher_021ff8567d6024f5963f0795,H0,R4_ALT_CEM_2,H_REAL3_REPLAN,1,11,1,False,0,COMPLETE,R7_PREREGISTERED_STRESS_TEST_FRESH_CASES,True
reacher,R7_reacher_021ff8567d6024f5963f0795,REFIT_103201,R4_ALT_CEM_2,H_POLICY,1,18,1,False,0,COMPLETE,R7_PREREGISTERED_STRESS_TEST_FRESH_CASES,False
reacher,R7_reacher_021ff8567d6024f5963f0795,REFIT_103201,R4_ALT_CEM_2,H_REAL3_REPLAN,1,18,1,False,0,COMPLETE,R7_PREREGISTERED_STRESS_TEST_FRESH_CASES,True
reacher,R7_reacher_021ff8567d6024f5963f0795,REFIT_103202,R4_ALT_CEM_2,H_POLICY,1,20,1,False,0,COMPLETE,R7_PREREGISTERED_STRESS_TEST_FRESH_CASES,False
reacher,R7_reacher_021ff8567d6024f5963f0795,REFIT_103202,R4_ALT_CEM_2,H_REAL3_REPLAN,1,20,1,False,0,COMPLETE,R7_PREREGISTERED_STRESS_TEST_FRESH_CASES,True
reacher,R7_reacher_021ff8567d6024f5963f0795,REFIT_103203,R4_ALT_CEM_2,H_POLICY,1,25,1,False,0,COMPLETE,R7_PREREGISTERED_STRESS_TEST_FRESH_CASES,False
reacher,R7_reacher_021ff8567d6024f5963f0795,REFIT_103203,R4_ALT_CEM_2,H_REAL3_REPLAN,1,25,1,False,0,COMPLETE,R7_PREREGISTERED_STRESS_TEST_FRESH_CASES,True
reacher,R7_reacher_023527d5586a631ddd2cbb0e,H0,R4_ALT_CEM_2,H_POLICY,1,23,1,False,0,COMPLETE,R7_PREREGISTERED_STRESS_TEST_FRESH_CASES,False
reacher,R7_reacher_023527d5586a631ddd2cbb0e,H0,R4_ALT_CEM_2,H_REAL3_REPLAN,1,23,1,False,0,COMPLETE,R7_PREREGISTERED_STRESS_TEST_FRESH_CASES,True
reacher,R7_reacher_023527d5586a631ddd2cbb0e,REFIT_103201,R4_ALT_CEM_2,H_POLICY,1,27,2,True,0,COMPLETE,R7_PREREGISTERED_STRESS_TEST_FRESH_CASES,False
reacher,R7_reacher_023527d5586a631ddd2cbb0e,REFIT_103201,R4_ALT_CEM_2,H_REAL3_REPLAN,1,26,2,True,0,COMPLETE,R7_PREREGISTERED_STRESS_TEST_FRESH_CASES,True
reacher,R7_reacher_023527d5586a631ddd2cbb0e,REFIT_103202,R4_ALT_CEM_2,H_POLICY,1,24,1,False,0,COMPLETE,R7_PREREGISTERED_STRESS_TEST_FRESH_CASES,False
reacher,R7_reacher_023527d5586a631ddd2cbb0e,REFIT_103202,R4_ALT_CEM_2,H_REAL3_REPLAN,1,24,1,False,0,COMPLETE,R7_PREREGISTERED_STRESS_TEST_FRESH_CASES,True
reacher,R7_reacher_023527d5586a631ddd2cbb0e,REFIT_103203,R4_ALT_CEM_2,H_POLICY,1,24,1,False,0,COMPLETE,R7_PREREGISTERED_STRESS_TEST_FRESH_CASES,False
reacher,R7_reacher_023527d5586a631ddd2cbb0e,REFIT_103203,R4_ALT_CEM_2,H_REAL3_REPLAN,1,24,1,False,0,COMPLETE,R7_PREREGISTERED_STRESS_TEST_FRESH_CASES,True
reacher,R7_reacher_023a7fd828db2fa2206ae22b,H0,R4_ALT_CEM_2,H_POLICY,1,24,1,False,0,COMPLETE,R7_PREREGISTERED_STRESS_TEST_FRESH_CASES,False
reacher,R7_reacher_023a7fd828db2fa2206ae22b,H0,R4_ALT_CEM_2,H_REAL3_REPLAN,1,24,1,False,0,COMPLETE,R7_PREREGISTERED_STRESS_TEST_FRESH_CASES,True
reacher,R7_reacher_023a7fd828db2fa2206ae22b,REFIT_103201,R4_ALT_CEM_2,H_POLICY,1,24,1,False,0,COMPLETE,R7_PREREGISTERED_STRESS_TEST_FRESH_CASES,False
reacher,R7_reacher_023a7fd828db2fa2206ae22b,REFIT_103201,R4_ALT_CEM_2,H_REAL3_REPLAN,1,24,1,False,0,COMPLETE,R7_PREREGISTERED_STRESS_TEST_FRESH_CASES,True
reacher,R7_reacher_023a7fd828db2fa2206ae22b,REFIT_103202,R4_ALT_CEM_2,H_POLICY,1,25,1,False,0,COMPLETE,R7_PREREGISTERED_STRESS_TEST_FRESH_CASES,False
reacher,R7_reacher_023a7fd828db2fa2206ae22b,REFIT_103202,R4_ALT_CEM_2,H_REAL3_REPLAN,1,25,1,False,0,COMPLETE,R7_PREREGISTERED_STRESS_TEST_FRESH_CASES,True
reacher,R7_reacher_023a7fd828db2fa2206ae22b,REFIT_103203,R4_ALT_CEM_2,H_POLICY,1,25,1,False,0,COMPLETE,R7_PREREGISTERED_STRESS_TEST_FRESH_CASES,False
reacher,R7_reacher_023a7fd828db2fa2206ae22b,REFIT_103203,R4_ALT_CEM_2,H_REAL3_REPLAN,1,25,1,False,0,COMPLETE,R7_PREREGISTERED_STRESS_TEST_FRESH_CASES,True
reacher,R7_reacher_024715fb0f5dd4f7563d0093,H0,R4_ALT_CEM_2,H_POLICY,1,17,1,False,0,COMPLETE,R7_PREREGISTERED_STRESS_TEST_FRESH_CASES,False
reacher,R7_reacher_024715fb0f5dd4f7563d0093,H0,R4_ALT_CEM_2,H_REAL3_REPLAN,1,17,1,False,0,COMPLETE,R7_PREREGISTERED_STRESS_TEST_FRESH_CASES,True
reacher,R7_reacher_024715fb0f5dd4f7563d0093,REFIT_103201,R4_ALT_CEM_2,H_POLICY,1,18,1,False,0,COMPLETE,R7_PREREGISTERED_STRESS_TEST_FRESH_CASES,False
reacher,R7_reacher_024715fb0f5dd4f7563d0093,REFIT_103201,R4_ALT_CEM_2,H_REAL3_REPLAN,1,18,1,False,0,COMPLETE,R7_PREREGISTERED_STRESS_TEST_FRESH_CASES,True
reacher,R7_reacher_024715fb0f5dd4f7563d0093,REFIT_103202,R4_ALT_CEM_2,H_POLICY,1,16,1,False,0,COMPLETE,R7_PREREGISTERED_STRESS_TEST_FRESH_CASES,False
reacher,R7_reacher_024715fb0f5dd4f7563d0093,REFIT_103202,R4_ALT_CEM_2,H_REAL3_REPLAN,1,16,1,False,0,COMPLETE,R7_PREREGISTERED_STRESS_TEST_FRESH_CASES,True
reacher,R7_reacher_024715fb0f5dd4f7563d0093,REFIT_103203,R4_ALT_CEM_2,H_POLICY,1,31,2,True,0,COMPLETE,R7_PREREGISTERED_STRESS_TEST_FRESH_CASES,False
reacher,R7_reacher_024715fb0f5dd4f7563d0093,REFIT_103203,R4_ALT_CEM_2,H_REAL3_REPLAN,1,38,2,True,0,COMPLETE,R7_PREREGISTERED_STRESS_TEST_FRESH_CASES,True
reacher,R7_reacher_0251414687209abdec0af3ac,H0,R4_ALT_CEM_2,H_POLICY,1,39,2,True,0,COMPLETE,R7_PREREGISTERED_STRESS_TEST_FRESH_CASES,False
reacher,R7_reacher_0251414687209abdec0af3ac,H0,R4_ALT_CEM_2,H_REAL3_REPLAN,1,44,2,True,0,COMPLETE,R7_PREREGISTERED_STRESS_TEST_FRESH_CASES,True
reacher,R7_reacher_0251414687209abdec0af3ac,REFIT_103201,R4_ALT_CEM_2,H_POLICY,1,44,2,True,0,COMPLETE,R7_PREREGISTERED_STRESS_TEST_FRESH_CASES,False
reacher,R7_reacher_0251414687209abdec0af3ac,REFIT_103201,R4_ALT_CEM_2,H_REAL3_REPLAN,1,48,2,True,0,COMPLETE,R7_PREREGISTERED_STRESS_TEST_FRESH_CASES,True
reacher,R7_reacher_0251414687209abdec0af3ac,REFIT_103202,R4_ALT_CEM_2,H_POLICY,1,43,2,True,0,COMPLETE,R7_PREREGISTERED_STRESS_TEST_FRESH_CASES,False
reacher,R7_reacher_0251414687209abdec0af3ac,REFIT_103202,R4_ALT_CEM_2,H_REAL3_REPLAN,1,47,2,True,0,COMPLETE,R7_PREREGISTERED_STRESS_TEST_FRESH_CASES,True
reacher,R7_reacher_0251414687209abdec0af3ac,REFIT_103203,R4_ALT_CEM_2,H_POLICY,1,41,2,True,0,COMPLETE,R7_PREREGISTERED_STRESS_TEST_FRESH_CASES,False
reacher,R7_reacher_0251414687209abdec0af3ac,REFIT_103203,R4_ALT_CEM_2,H_REAL3_REPLAN,1,40,2,True,0,COMPLETE,R7_PREREGISTERED_STRESS_TEST_FRESH_CASES,True
reacher,R7_reacher_025955892be565d2fcb8a634,H0,R4_ALT_CEM_2,H_POLICY,1,23,1,False,0,COMPLETE,R7_PREREGISTERED_STRESS_TEST_FRESH_CASES,False
reacher,R7_reacher_025955892be565d2fcb8a634,H0,R4_ALT_CEM_2,H_REAL3_REPLAN,1,23,1,False,0,COMPLETE,R7_PREREGISTERED_STRESS_TEST_FRESH_CASES,True
reacher,R7_reacher_025955892be565d2fcb8a634,REFIT_103201,R4_ALT_CEM_2,H_POLICY,1,26,2,True,0,COMPLETE,R7_PREREGISTERED_STRESS_TEST_FRESH_CASES,False
reacher,R7_reacher_025955892be565d2fcb8a634,REFIT_103201,R4_ALT_CEM_2,H_REAL3_REPLAN,1,27,2,True,0,COMPLETE,R7_PREREGISTERED_STRESS_TEST_FRESH_CASES,True
reacher,R7_reacher_025955892be565d2fcb8a634,REFIT_103202,R4_ALT_CEM_2,H_POLICY,1,29,2,True,0,COMPLETE,R7_PREREGISTERED_STRESS_TEST_FRESH_CASES,False
reacher,R7_reacher_025955892be565d2fcb8a634,REFIT_103202,R4_ALT_CEM_2,H_REAL3_REPLAN,1,29,2,True,0,COMPLETE,R7_PREREGISTERED_STRESS_TEST_FRESH_CASES,True
reacher,R7_reacher_025955892be565d2fcb8a634,REFIT_103203,R4_ALT_CEM_2,H_POLICY,1,25,1,False,0,COMPLETE,R7_PREREGISTERED_STRESS_TEST_FRESH_CASES,False
reacher,R7_reacher_025955892be565d2fcb8a634,REFIT_103203,R4_ALT_CEM_2,H_REAL3_REPLAN,1,25,1,False,0,COMPLETE,R7_PREREGISTERED_STRESS_TEST_FRESH_CASES,True
reacher,R7_reacher_02c60c13cfde97ec24dd9ef2,H0,R4_ALT_CEM_2,H_POLICY,1,51,3,True,0,COMPLETE,R7_PREREGISTERED_STRESS_TEST_FRESH_CASES,False
reacher,R7_reacher_02c60c13cfde97ec24dd9ef2,H0,R4_ALT_CEM_2,H_REAL3_REPLAN,1,50,2,True,0,COMPLETE,R7_PREREGISTERED_STRESS_TEST_FRESH_CASES,True
reacher,R7_reacher_02c60c13cfde97ec24dd9ef2,REFIT_103201,R4_ALT_CEM_2,H_POLICY,1,21,1,False,0,COMPLETE,R7_PREREGISTERED_STRESS_TEST_FRESH_CASES,False
reacher,R7_reacher_02c60c13cfde97ec24dd9ef2,REFIT_103201,R4_ALT_CEM_2,H_REAL3_REPLAN,1,21,1,False,0,COMPLETE,R7_PREREGISTERED_STRESS_TEST_FRESH_CASES,True
reacher,R7_reacher_02c60c13cfde97ec24dd9ef2,REFIT_103202,R4_ALT_CEM_2,H_POLICY,1,25,1,False,0,COMPLETE,R7_PREREGISTERED_STRESS_TEST_FRESH_CASES,False
reacher,R7_reacher_02c60c13cfde97ec24dd9ef2,REFIT_103202,R4_ALT_CEM_2,H_REAL3_REPLAN,1,25,1,False,0,COMPLETE,R7_PREREGISTERED_STRESS_TEST_FRESH_CASES,True
reacher,R7_reacher_02c60c13cfde97ec24dd9ef2,REFIT_103203,R4_ALT_CEM_2,H_POLICY,1,25,1,False,0,COMPLETE,R7_PREREGISTERED_STRESS_TEST_FRESH_CASES,False
reacher,R7_reacher_02c60c13cfde97ec24dd9ef2,REFIT_103203,R4_ALT_CEM_2,H_REAL3_REPLAN,1,25,1,False,0,COMPLETE,R7_PREREGISTERED_STRESS_TEST_FRESH_CASES,True
reacher,R7_reacher_02c7239ee67434d110ec03a2,H0,R4_ALT_CEM_2,H_POLICY,1,25,1,False,0,COMPLETE,R7_PREREGISTERED_STRESS_TEST_FRESH_CASES,False
reacher,R7_reacher_02c7239ee67434d110ec03a2,H0,R4_ALT_CEM_2,H_REAL3_REPLAN,1,25,1,False,0,COMPLETE,R7_PREREGISTERED_STRESS_TEST_FRESH_CASES,True
reacher,R7_reacher_02c7239ee67434d110ec03a2,REFIT_103201,R4_ALT_CEM_2,H_POLICY,1,50,2,True,0,COMPLETE,R7_PREREGISTERED_STRESS_TEST_FRESH_CASES,False
reacher,R7_reacher_02c7239ee67434d110ec03a2,REFIT_103201,R4_ALT_CEM_2,H_REAL3_REPLAN,1,26,2,True,0,COMPLETE,R7_PREREGISTERED_STRESS_TEST_FRESH_CASES,True
reacher,R7_reacher_02c7239ee67434d110ec03a2,REFIT_103202,R4_ALT_CEM_2,H_POLICY,1,26,2,True,0,COMPLETE,R7_PREREGISTERED_STRESS_TEST_FRESH_CASES,False
reacher,R7_reacher_02c7239ee67434d110ec03a2,REFIT_103202,R4_ALT_CEM_2,H_REAL3_REPLAN,1,26,2,True,0,COMPLETE,R7_PREREGISTERED_STRESS_TEST_FRESH_CASES,True
reacher,R7_reacher_02c7239ee67434d110ec03a2,REFIT_103203,R4_ALT_CEM_2,H_POLICY,1,26,2,True,0,COMPLETE,R7_PREREGISTERED_STRESS_TEST_FRESH_CASES,False
reacher,R7_reacher_02c7239ee67434d110ec03a2,REFIT_103203,R4_ALT_CEM_2,H_REAL3_REPLAN,1,26,2,True,0,COMPLETE,R7_PREREGISTERED_STRESS_TEST_FRESH_CASES,True
reacher,R7_reacher_02e9be49d4a6a295101ee83c,H0,R4_ALT_CEM_2,H_POLICY,1,68,3,True,0,COMPLETE,R7_PREREGISTERED_STRESS_TEST_FRESH_CASES,False
reacher,R7_reacher_02e9be49d4a6a295101ee83c,H0,R4_ALT_CEM_2,H_REAL3_REPLAN,1,48,2,True,0,COMPLETE,R7_PREREGISTERED_STRESS_TEST_FRESH_CASES,True
reacher,R7_reacher_02e9be49d4a6a295101ee83c,REFIT_103201,R4_ALT_CEM_2,H_POLICY,1,41,2,True,0,COMPLETE,R7_PREREGISTERED_STRESS_TEST_FRESH_CASES,False
reacher,R7_reacher_02e9be49d4a6a295101ee83c,REFIT_103201,R4_ALT_CEM_2,H_REAL3_REPLAN,1,42,2,True,0,COMPLETE,R7_PREREGISTERED_STRESS_TEST_FRESH_CASES,True
reacher,R7_reacher_02e9be49d4a6a295101ee83c,REFIT_103202,R4_ALT_CEM_2,H_POLICY,1,76,4,True,0,COMPLETE,R7_PREREGISTERED_STRESS_TEST_FRESH_CASES,False
reacher,R7_reacher_02e9be49d4a6a295101ee83c,REFIT_103202,R4_ALT_CEM_2,H_REAL3_REPLAN,1,75,3,True,0,COMPLETE,R7_PREREGISTERED_STRESS_TEST_FRESH_CASES,True
reacher,R7_reacher_02e9be49d4a6a295101ee83c,REFIT_103203,R4_ALT_CEM_2,H_POLICY,1,50,2,True,0,COMPLETE,R7_PREREGISTERED_STRESS_TEST_FRESH_CASES,False
reacher,R7_reacher_02e9be49d4a6a295101ee83c,REFIT_103203,R4_ALT_CEM_2,H_REAL3_REPLAN,1,50,2,True,0,COMPLETE,R7_PREREGISTERED_STRESS_TEST_FRESH_CASES,True
reacher,R7_reacher_031195204e84c4c07afa09d5,H0,R4_ALT_CEM_2,H_POLICY,1,50,2,True,0,COMPLETE,R7_PREREGISTERED_STRESS_TEST_FRESH_CASES,False
reacher,R7_reacher_031195204e84c4c07afa09d5,H0,R4_ALT_CEM_2,H_REAL3_REPLAN,1,45,2,True,0,COMPLETE,R7_PREREGISTERED_STRESS_TEST_FRESH_CASES,True
reacher,R7_reacher_031195204e84c4c07afa09d5,REFIT_103201,R4_ALT_CEM_2,H_POLICY,0,100,4,True,0,COMPLETE,R7_PREREGISTERED_STRESS_TEST_FRESH_CASES,False
reacher,R7_reacher_031195204e84c4c07afa09d5,REFIT_103201,R4_ALT_CEM_2,H_REAL3_REPLAN,0,100,4,True,0,COMPLETE,R7_PREREGISTERED_STRESS_TEST_FRESH_CASES,True
reacher,R7_reacher_031195204e84c4c07afa09d5,REFIT_103202,R4_ALT_CEM_2,H_POLICY,1,72,3,True,0,COMPLETE,R7_PREREGISTERED_STRESS_TEST_FRESH_CASES,False
reacher,R7_reacher_031195204e84c4c07afa09d5,REFIT_103202,R4_ALT_CEM_2,H_REAL3_REPLAN,1,42,2,True,0,COMPLETE,R7_PREREGISTERED_STRESS_TEST_FRESH_CASES,True
reacher,R7_reacher_031195204e84c4c07afa09d5,REFIT_103203,R4_ALT_CEM_2,H_POLICY,1,49,2,True,0,COMPLETE,R7_PREREGISTERED_STRESS_TEST_FRESH_CASES,False
reacher,R7_reacher_031195204e84c4c07afa09d5,REFIT_103203,R4_ALT_CEM_2,H_REAL3_REPLAN,1,50,2,True,0,COMPLETE,R7_PREREGISTERED_STRESS_TEST_FRESH_CASES,True
reacher,R7_reacher_03255417e1d4513d1108fd3a,H0,R4_ALT_CEM_2,H_POLICY,1,23,1,False,0,COMPLETE,R7_PREREGISTERED_STRESS_TEST_FRESH_CASES,False
reacher,R7_reacher_03255417e1d4513d1108fd3a,H0,R4_ALT_CEM_2,H_REAL3_REPLAN,1,23,1,False,0,COMPLETE,R7_PREREGISTERED_STRESS_TEST_FRESH_CASES,True
reacher,R7_reacher_03255417e1d4513d1108fd3a,REFIT_103201,R4_ALT_CEM_2,H_POLICY,1,100,4,True,0,COMPLETE,R7_PREREGISTERED_STRESS_TEST_FRESH_CASES,False
reacher,R7_reacher_03255417e1d4513d1108fd3a,REFIT_103201,R4_ALT_CEM_2,H_REAL3_REPLAN,1,35,2,True,0,COMPLETE,R7_PREREGISTERED_STRESS_TEST_FRESH_CASES,True
reacher,R7_reacher_03255417e1d4513d1108fd3a,REFIT_103202,R4_ALT_CEM_2,H_POLICY,0,100,4,True,0,COMPLETE,R7_PREREGISTERED_STRESS_TEST_FRESH_CASES,False
reacher,R7_reacher_03255417e1d4513d1108fd3a,REFIT_103202,R4_ALT_CEM_2,H_REAL3_REPLAN,1,50,2,True,0,COMPLETE,R7_PREREGISTERED_STRESS_TEST_FRESH_CASES,True
reacher,R7_reacher_03255417e1d4513d1108fd3a,REFIT_103203,R4_ALT_CEM_2,H_POLICY,1,57,3,True,0,COMPLETE,R7_PREREGISTERED_STRESS_TEST_FRESH_CASES,False
reacher,R7_reacher_03255417e1d4513d1108fd3a,REFIT_103203,R4_ALT_CEM_2,H_REAL3_REPLAN,1,50,2,True,0,COMPLETE,R7_PREREGISTERED_STRESS_TEST_FRESH_CASES,True
reacher,R7_reacher_033e36ba48b99505a70a2733,H0,R4_ALT_CEM_2,H_POLICY,1,56,3,True,0,COMPLETE,R7_PREREGISTERED_STRESS_TEST_FRESH_CASES,False
reacher,R7_reacher_033e36ba48b99505a70a2733,H0,R4_ALT_CEM_2,H_REAL3_REPLAN,1,33,2,True,0,COMPLETE,R7_PREREGISTERED_STRESS_TEST_FRESH_CASES,True
reacher,R7_reacher_033e36ba48b99505a70a2733,REFIT_103201,R4_ALT_CEM_2,H_POLICY,0,100,4,True,0,COMPLETE,R7_PREREGISTERED_STRESS_TEST_FRESH_CASES,False
reacher,R7_reacher_033e36ba48b99505a70a2733,REFIT_103201,R4_ALT_CEM_2,H_REAL3_REPLAN,1,47,2,True,0,COMPLETE,R7_PREREGISTERED_STRESS_TEST_FRESH_CASES,True
reacher,R7_reacher_033e36ba48b99505a70a2733,REFIT_103202,R4_ALT_CEM_2,H_POLICY,1,32,2,True,0,COMPLETE,R7_PREREGISTERED_STRESS_TEST_FRESH_CASES,False
reacher,R7_reacher_033e36ba48b99505a70a2733,REFIT_103202,R4_ALT_CEM_2,H_REAL3_REPLAN,1,30,2,True,0,COMPLETE,R7_PREREGISTERED_STRESS_TEST_FRESH_CASES,True
reacher,R7_reacher_033e36ba48b99505a70a2733,REFIT_103203,R4_ALT_CEM_2,H_POLICY,1,100,4,True,0,COMPLETE,R7_PREREGISTERED_STRESS_TEST_FRESH_CASES,False
reacher,R7_reacher_033e36ba48b99505a70a2733,REFIT_103203,R4_ALT_CEM_2,H_REAL3_REPLAN,1,47,2,True,0,COMPLETE,R7_PREREGISTERED_STRESS_TEST_FRESH_CASES,True
reacher,R7_reacher_036589b3e0d4de80d1515bc8,H0,R4_ALT_CEM_2,H_POLICY,1,46,2,True,0,COMPLETE,R7_PREREGISTERED_STRESS_TEST_FRESH_CASES,False
reacher,R7_reacher_036589b3e0d4de80d1515bc8,H0,R4_ALT_CEM_2,H_REAL3_REPLAN,1,28,2,True,0,COMPLETE,R7_PREREGISTERED_STRESS_TEST_FRESH_CASES,True
reacher,R7_reacher_036589b3e0d4de80d1515bc8,REFIT_103201,R4_ALT_CEM_2,H_POLICY,1,24,1,False,0,COMPLETE,R7_PREREGISTERED_STRESS_TEST_FRESH_CASES,False
reacher,R7_reacher_036589b3e0d4de80d1515bc8,REFIT_103201,R4_ALT_CEM_2,H_REAL3_REPLAN,1,24,1,False,0,COMPLETE,R7_PREREGISTERED_STRESS_TEST_FRESH_CASES,True
reacher,R7_reacher_036589b3e0d4de80d1515bc8,REFIT_103202,R4_ALT_CEM_2,H_POLICY,1,23,1,False,0,COMPLETE,R7_PREREGISTERED_STRESS_TEST_FRESH_CASES,False
reacher,R7_reacher_036589b3e0d4de80d1515bc8,REFIT_103202,R4_ALT_CEM_2,H_REAL3_REPLAN,1,23,1,False,0,COMPLETE,R7_PREREGISTERED_STRESS_TEST_FRESH_CASES,True
reacher,R7_reacher_036589b3e0d4de80d1515bc8,REFIT_103203,R4_ALT_CEM_2,H_POLICY,1,23,1,False,0,COMPLETE,R7_PREREGISTERED_STRESS_TEST_FRESH_CASES,False
reacher,R7_reacher_036589b3e0d4de80d1515bc8,REFIT_103203,R4_ALT_CEM_2,H_REAL3_REPLAN,1,23,1,False,0,COMPLETE,R7_PREREGISTERED_STRESS_TEST_FRESH_CASES,True
reacher,R7_reacher_037522941d964ab6ed37de34,H0,R4_ALT_CEM_2,H_POLICY,1,25,1,False,0,COMPLETE,R7_PREREGISTERED_STRESS_TEST_FRESH_CASES,False
reacher,R7_reacher_037522941d964ab6ed37de34,H0,R4_ALT_CEM_2,H_REAL3_REPLAN,1,25,1,False,0,COMPLETE,R7_PREREGISTERED_STRESS_TEST_FRESH_CASES,True
reacher,R7_reacher_037522941d964ab6ed37de34,REFIT_103201,R4_ALT_CEM_2,H_POLICY,1,26,2,True,0,COMPLETE,R7_PREREGISTERED_STRESS_TEST_FRESH_CASES,False
reacher,R7_reacher_037522941d964ab6ed37de34,REFIT_103201,R4_ALT_CEM_2,H_REAL3_REPLAN,1,26,2,True,0,COMPLETE,R7_PREREGISTERED_STRESS_TEST_FRESH_CASES,True
reacher,R7_reacher_037522941d964ab6ed37de34,REFIT_103202,R4_ALT_CEM_2,H_POLICY,1,25,1,False,0,COMPLETE,R7_PREREGISTERED_STRESS_TEST_FRESH_CASES,False
reacher,R7_reacher_037522941d964ab6ed37de34,REFIT_103202,R4_ALT_CEM_2,H_REAL3_REPLAN,1,25,1,False,0,COMPLETE,R7_PREREGISTERED_STRESS_TEST_FRESH_CASES,True
reacher,R7_reacher_037522941d964ab6ed37de34,REFIT_103203,R4_ALT_CEM_2,H_POLICY,1,25,1,False,0,COMPLETE,R7_PREREGISTERED_STRESS_TEST_FRESH_CASES,False
reacher,R7_reacher_037522941d964ab6ed37de34,REFIT_103203,R4_ALT_CEM_2,H_REAL3_REPLAN,1,25,1,False,0,COMPLETE,R7_PREREGISTERED_STRESS_TEST_FRESH_CASES,True
reacher,R7_reacher_0390b2a392a7b00a1f4afea6,H0,R4_ALT_CEM_2,H_POLICY,1,24,1,False,0,COMPLETE,R7_PREREGISTERED_STRESS_TEST_FRESH_CASES,False
reacher,R7_reacher_0390b2a392a7b00a1f4afea6,H0,R4_ALT_CEM_2,H_REAL3_REPLAN,1,24,1,False,0,COMPLETE,R7_PREREGISTERED_STRESS_TEST_FRESH_CASES,True
reacher,R7_reacher_0390b2a392a7b00a1f4afea6,REFIT_103201,R4_ALT_CEM_2,H_POLICY,1,24,1,False,0,COMPLETE,R7_PREREGISTERED_STRESS_TEST_FRESH_CASES,False
reacher,R7_reacher_0390b2a392a7b00a1f4afea6,REFIT_103201,R4_ALT_CEM_2,H_REAL3_REPLAN,1,24,1,False,0,COMPLETE,R7_PREREGISTERED_STRESS_TEST_FRESH_CASES,True
reacher,R7_reacher_0390b2a392a7b00a1f4afea6,REFIT_103202,R4_ALT_CEM_2,H_POLICY,1,24,1,False,0,COMPLETE,R7_PREREGISTERED_STRESS_TEST_FRESH_CASES,False
reacher,R7_reacher_0390b2a392a7b00a1f4afea6,REFIT_103202,R4_ALT_CEM_2,H_REAL3_REPLAN,1,24,1,False,0,COMPLETE,R7_PREREGISTERED_STRESS_TEST_FRESH_CASES,True
reacher,R7_reacher_0390b2a392a7b00a1f4afea6,REFIT_103203,R4_ALT_CEM_2,H_POLICY,1,25,1,False,0,COMPLETE,R7_PREREGISTERED_STRESS_TEST_FRESH_CASES,False
reacher,R7_reacher_0390b2a392a7b00a1f4afea6,REFIT_103203,R4_ALT_CEM_2,H_REAL3_REPLAN,1,25,1,False,0,COMPLETE,R7_PREREGISTERED_STRESS_TEST_FRESH_CASES,True
reacher,R7_reacher_03a9ed0809bf62bd07c16d19,H0,R4_ALT_CEM_2,H_POLICY,1,29,2,True,0,COMPLETE,R7_PREREGISTERED_STRESS_TEST_FRESH_CASES,False
reacher,R7_reacher_03a9ed0809bf62bd07c16d19,H0,R4_ALT_CEM_2,H_REAL3_REPLAN,1,27,2,True,0,COMPLETE,R7_PREREGISTERED_STRESS_TEST_FRESH_CASES,True
reacher,R7_reacher_03a9ed0809bf62bd07c16d19,REFIT_103201,R4_ALT_CEM_2,H_POLICY,1,23,1,False,0,COMPLETE,R7_PREREGISTERED_STRESS_TEST_FRESH_CASES,False
reacher,R7_reacher_03a9ed0809bf62bd07c16d19,REFIT_103201,R4_ALT_CEM_2,H_REAL3_REPLAN,1,23,1,False,0,COMPLETE,R7_PREREGISTERED_STRESS_TEST_FRESH_CASES,True
reacher,R7_reacher_03a9ed0809bf62bd07c16d19,REFIT_103202,R4_ALT_CEM_2,H_POLICY,1,23,1,False,0,COMPLETE,R7_PREREGISTERED_STRESS_TEST_FRESH_CASES,False
reacher,R7_reacher_03a9ed0809bf62bd07c16d19,REFIT_103202,R4_ALT_CEM_2,H_REAL3_REPLAN,1,23,1,False,0,COMPLETE,R7_PREREGISTERED_STRESS_TEST_FRESH_CASES,True
reacher,R7_reacher_03a9ed0809bf62bd07c16d19,REFIT_103203,R4_ALT_CEM_2,H_POLICY,1,22,1,False,0,COMPLETE,R7_PREREGISTERED_STRESS_TEST_FRESH_CASES,False
reacher,R7_reacher_03a9ed0809bf62bd07c16d19,REFIT_103203,R4_ALT_CEM_2,H_REAL3_REPLAN,1,22,1,False,0,COMPLETE,R7_PREREGISTERED_STRESS_TEST_FRESH_CASES,True
reacher,R7_reacher_03b4bef1b58913d750063fce,H0,R4_ALT_CEM_2,H_POLICY,1,52,3,True,0,COMPLETE,R7_PREREGISTERED_STRESS_TEST_FRESH_CASES,False
reacher,R7_reacher_03b4bef1b58913d750063fce,H0,R4_ALT_CEM_2,H_REAL3_REPLAN,1,48,2,True,0,COMPLETE,R7_PREREGISTERED_STRESS_TEST_FRESH_CASES,True
reacher,R7_reacher_03b4bef1b58913d750063fce,REFIT_103201,R4_ALT_CEM_2,H_POLICY,1,21,1,False,0,COMPLETE,R7_PREREGISTERED_STRESS_TEST_FRESH_CASES,False
reacher,R7_reacher_03b4bef1b58913d750063fce,REFIT_103201,R4_ALT_CEM_2,H_REAL3_REPLAN,1,21,1,False,0,COMPLETE,R7_PREREGISTERED_STRESS_TEST_FRESH_CASES,True
reacher,R7_reacher_03b4bef1b58913d750063fce,REFIT_103202,R4_ALT_CEM_2,H_POLICY,1,21,1,False,0,COMPLETE,R7_PREREGISTERED_STRESS_TEST_FRESH_CASES,False
reacher,R7_reacher_03b4bef1b58913d750063fce,REFIT_103202,R4_ALT_CEM_2,H_REAL3_REPLAN,1,21,1,False,0,COMPLETE,R7_PREREGISTERED_STRESS_TEST_FRESH_CASES,True
reacher,R7_reacher_03b4bef1b58913d750063fce,REFIT_103203,R4_ALT_CEM_2,H_POLICY,1,50,2,True,0,COMPLETE,R7_PREREGISTERED_STRESS_TEST_FRESH_CASES,False
reacher,R7_reacher_03b4bef1b58913d750063fce,REFIT_103203,R4_ALT_CEM_2,H_REAL3_REPLAN,1,49,2,True,0,COMPLETE,R7_PREREGISTERED_STRESS_TEST_FRESH_CASES,True
reacher,R7_reacher_03ecda3a05e76a4f563cf671,H0,R4_ALT_CEM_2,H_POLICY,1,25,1,False,0,COMPLETE,R7_PREREGISTERED_STRESS_TEST_FRESH_CASES,False
reacher,R7_reacher_03ecda3a05e76a4f563cf671,H0,R4_ALT_CEM_2,H_REAL3_REPLAN,1,25,1,False,0,COMPLETE,R7_PREREGISTERED_STRESS_TEST_FRESH_CASES,True
reacher,R7_reacher_03ecda3a05e76a4f563cf671,REFIT_103201,R4_ALT_CEM_2,H_POLICY,1,25,1,False,0,COMPLETE,R7_PREREGISTERED_STRESS_TEST_FRESH_CASES,False
reacher,R7_reacher_03ecda3a05e76a4f563cf671,REFIT_103201,R4_ALT_CEM_2,H_REAL3_REPLAN,1,25,1,False,0,COMPLETE,R7_PREREGISTERED_STRESS_TEST_FRESH_CASES,True
reacher,R7_reacher_03ecda3a05e76a4f563cf671,REFIT_103202,R4_ALT_CEM_2,H_POLICY,1,25,1,False,0,COMPLETE,R7_PREREGISTERED_STRESS_TEST_FRESH_CASES,False
reacher,R7_reacher_03ecda3a05e76a4f563cf671,REFIT_103202,R4_ALT_CEM_2,H_REAL3_REPLAN,1,25,1,False,0,COMPLETE,R7_PREREGISTERED_STRESS_TEST_FRESH_CASES,True
reacher,R7_reacher_03ecda3a05e76a4f563cf671,REFIT_103203,R4_ALT_CEM_2,H_POLICY,1,25,1,False,0,COMPLETE,R7_PREREGISTERED_STRESS_TEST_FRESH_CASES,False
reacher,R7_reacher_03ecda3a05e76a4f563cf671,REFIT_103203,R4_ALT_CEM_2,H_REAL3_REPLAN,1,25,1,False,0,COMPLETE,R7_PREREGISTERED_STRESS_TEST_FRESH_CASES,True
reacher,R7_reacher_040b25f9677d0e1ccdb0e4cc,H0,R4_ALT_CEM_2,H_POLICY,1,25,1,False,0,COMPLETE,R7_PREREGISTERED_STRESS_TEST_FRESH_CASES,False
reacher,R7_reacher_040b25f9677d0e1ccdb0e4cc,H0,R4_ALT_CEM_2,H_REAL3_REPLAN,1,25,1,False,0,COMPLETE,R7_PREREGISTERED_STRESS_TEST_FRESH_CASES,True
reacher,R7_reacher_040b25f9677d0e1ccdb0e4cc,REFIT_103201,R4_ALT_CEM_2,H_POLICY,1,26,2,True,0,COMPLETE,R7_PREREGISTERED_STRESS_TEST_FRESH_CASES,False
reacher,R7_reacher_040b25f9677d0e1ccdb0e4cc,REFIT_103201,R4_ALT_CEM_2,H_REAL3_REPLAN,1,26,2,True,0,COMPLETE,R7_PREREGISTERED_STRESS_TEST_FRESH_CASES,True
reacher,R7_reacher_040b25f9677d0e1ccdb0e4cc,REFIT_103202,R4_ALT_CEM_2,H_POLICY,1,40,2,True,0,COMPLETE,R7_PREREGISTERED_STRESS_TEST_FRESH_CASES,False
reacher,R7_reacher_040b25f9677d0e1ccdb0e4cc,REFIT_103202,R4_ALT_CEM_2,H_REAL3_REPLAN,1,35,2,True,0,COMPLETE,R7_PREREGISTERED_STRESS_TEST_FRESH_CASES,True
reacher,R7_reacher_040b25f9677d0e1ccdb0e4cc,REFIT_103203,R4_ALT_CEM_2,H_POLICY,1,25,1,False,0,COMPLETE,R7_PREREGISTERED_STRESS_TEST_FRESH_CASES,False
reacher,R7_reacher_040b25f9677d0e1ccdb0e4cc,REFIT_103203,R4_ALT_CEM_2,H_REAL3_REPLAN,1,25,1,False,0,COMPLETE,R7_PREREGISTERED_STRESS_TEST_FRESH_CASES,True
reacher,R7_reacher_0423a64d9591299c54983b67,H0,R4_ALT_CEM_2,H_POLICY,1,25,1,False,0,COMPLETE,R7_PREREGISTERED_STRESS_TEST_FRESH_CASES,False
reacher,R7_reacher_0423a64d9591299c54983b67,H0,R4_ALT_CEM_2,H_REAL3_REPLAN,1,25,1,False,0,COMPLETE,R7_PREREGISTERED_STRESS_TEST_FRESH_CASES,True
reacher,R7_reacher_0423a64d9591299c54983b67,REFIT_103201,R4_ALT_CEM_2,H_POLICY,1,46,2,True,0,COMPLETE,R7_PREREGISTERED_STRESS_TEST_FRESH_CASES,False
reacher,R7_reacher_0423a64d9591299c54983b67,REFIT_103201,R4_ALT_CEM_2,H_REAL3_REPLAN,1,26,2,True,0,COMPLETE,R7_PREREGISTERED_STRESS_TEST_FRESH_CASES,True
reacher,R7_reacher_0423a64d9591299c54983b67,REFIT_103202,R4_ALT_CEM_2,H_POLICY,1,22,1,False,0,COMPLETE,R7_PREREGISTERED_STRESS_TEST_FRESH_CASES,False
reacher,R7_reacher_0423a64d9591299c54983b67,REFIT_103202,R4_ALT_CEM_2,H_REAL3_REPLAN,1,22,1,False,0,COMPLETE,R7_PREREGISTERED_STRESS_TEST_FRESH_CASES,True
reacher,R7_reacher_0423a64d9591299c54983b67,REFIT_103203,R4_ALT_CEM_2,H_POLICY,1,17,1,False,0,COMPLETE,R7_PREREGISTERED_STRESS_TEST_FRESH_CASES,False
reacher,R7_reacher_0423a64d9591299c54983b67,REFIT_103203,R4_ALT_CEM_2,H_REAL3_REPLAN,1,17,1,False,0,COMPLETE,R7_PREREGISTERED_STRESS_TEST_FRESH_CASES,True
reacher,R7_reacher_0431130e729d007c61187420,H0,R4_ALT_CEM_2,H_POLICY,1,22,1,False,0,COMPLETE,R7_PREREGISTERED_STRESS_TEST_FRESH_CASES,False
reacher,R7_reacher_0431130e729d007c61187420,H0,R4_ALT_CEM_2,H_REAL3_REPLAN,1,22,1,False,0,COMPLETE,R7_PREREGISTERED_STRESS_TEST_FRESH_CASES,True
reacher,R7_reacher_0431130e729d007c61187420,REFIT_103201,R4_ALT_CEM_2,H_POLICY,1,25,1,False,0,COMPLETE,R7_PREREGISTERED_STRESS_TEST_FRESH_CASES,False
reacher,R7_reacher_0431130e729d007c61187420,REFIT_103201,R4_ALT_CEM_2,H_REAL3_REPLAN,1,25,1,False,0,COMPLETE,R7_PREREGISTERED_STRESS_TEST_FRESH_CASES,True
reacher,R7_reacher_0431130e729d007c61187420,REFIT_103202,R4_ALT_CEM_2,H_POLICY,1,25,1,False,0,COMPLETE,R7_PREREGISTERED_STRESS_TEST_FRESH_CASES,False
reacher,R7_reacher_0431130e729d007c61187420,REFIT_103202,R4_ALT_CEM_2,H_REAL3_REPLAN,1,25,1,False,0,COMPLETE,R7_PREREGISTERED_STRESS_TEST_FRESH_CASES,True
reacher,R7_reacher_0431130e729d007c61187420,REFIT_103203,R4_ALT_CEM_2,H_POLICY,1,24,1,False,0,COMPLETE,R7_PREREGISTERED_STRESS_TEST_FRESH_CASES,False
reacher,R7_reacher_0431130e729d007c61187420,REFIT_103203,R4_ALT_CEM_2,H_REAL3_REPLAN,1,24,1,False,0,COMPLETE,R7_PREREGISTERED_STRESS_TEST_FRESH_CASES,True
reacher,R7_reacher_043421bcb346e629cb2b6a82,H0,R4_ALT_CEM_2,H_POLICY,1,33,2,True,0,COMPLETE,R7_PREREGISTERED_STRESS_TEST_FRESH_CASES,False
reacher,R7_reacher_043421bcb346e629cb2b6a82,H0,R4_ALT_CEM_2,H_REAL3_REPLAN,1,33,2,True,0,COMPLETE,R7_PREREGISTERED_STRESS_TEST_FRESH_CASES,True
reacher,R7_reacher_043421bcb346e629cb2b6a82,REFIT_103201,R4_ALT_CEM_2,H_POLICY,1,35,2,True,0,COMPLETE,R7_PREREGISTERED_STRESS_TEST_FRESH_CASES,False
reacher,R7_reacher_043421bcb346e629cb2b6a82,REFIT_103201,R4_ALT_CEM_2,H_REAL3_REPLAN,1,48,2,True,0,COMPLETE,R7_PREREGISTERED_STRESS_TEST_FRESH_CASES,True
reacher,R7_reacher_043421bcb346e629cb2b6a82,REFIT_103202,R4_ALT_CEM_2,H_POLICY,1,10,1,False,0,COMPLETE,R7_PREREGISTERED_STRESS_TEST_FRESH_CASES,False
reacher,R7_reacher_043421bcb346e629cb2b6a82,REFIT_103202,R4_ALT_CEM_2,H_REAL3_REPLAN,1,10,1,False,0,COMPLETE,R7_PREREGISTERED_STRESS_TEST_FRESH_CASES,True
reacher,R7_reacher_043421bcb346e629cb2b6a82,REFIT_103203,R4_ALT_CEM_2,H_POLICY,1,44,2,True,0,COMPLETE,R7_PREREGISTERED_STRESS_TEST_FRESH_CASES,False
reacher,R7_reacher_043421bcb346e629cb2b6a82,REFIT_103203,R4_ALT_CEM_2,H_REAL3_REPLAN,1,39,2,True,0,COMPLETE,R7_PREREGISTERED_STRESS_TEST_FRESH_CASES,True
reacher,R7_reacher_0438f6bb2a68f4310ad18d5c,H0,R4_ALT_CEM_2,H_POLICY,1,50,2,True,0,COMPLETE,R7_PREREGISTERED_STRESS_TEST_FRESH_CASES,False
reacher,R7_reacher_0438f6bb2a68f4310ad18d5c,H0,R4_ALT_CEM_2,H_REAL3_REPLAN,1,50,2,True,0,COMPLETE,R7_PREREGISTERED_STRESS_TEST_FRESH_CASES,True
reacher,R7_reacher_0438f6bb2a68f4310ad18d5c,REFIT_103201,R4_ALT_CEM_2,H_POLICY,1,50,2,True,0,COMPLETE,R7_PREREGISTERED_STRESS_TEST_FRESH_CASES,False
reacher,R7_reacher_0438f6bb2a68f4310ad18d5c,REFIT_103201,R4_ALT_CEM_2,H_REAL3_REPLAN,1,50,2,True,0,COMPLETE,R7_PREREGISTERED_STRESS_TEST_FRESH_CASES,True
reacher,R7_reacher_0438f6bb2a68f4310ad18d5c,REFIT_103202,R4_ALT_CEM_2,H_POLICY,1,26,2,True,0,COMPLETE,R7_PREREGISTERED_STRESS_TEST_FRESH_CASES,False
reacher,R7_reacher_0438f6bb2a68f4310ad18d5c,REFIT_103202,R4_ALT_CEM_2,H_REAL3_REPLAN,1,28,2,True,0,COMPLETE,R7_PREREGISTERED_STRESS_TEST_FRESH_CASES,True
reacher,R7_reacher_0438f6bb2a68f4310ad18d5c,REFIT_103203,R4_ALT_CEM_2,H_POLICY,1,50,2,True,0,COMPLETE,R7_PREREGISTERED_STRESS_TEST_FRESH_CASES,False
reacher,R7_reacher_0438f6bb2a68f4310ad18d5c,REFIT_103203,R4_ALT_CEM_2,H_REAL3_REPLAN,1,30,2,True,0,COMPLETE,R7_PREREGISTERED_STRESS_TEST_FRESH_CASES,True
reacher,R7_reacher_0462c1af8cf9ea9e8ecef06e,H0,R4_ALT_CEM_2,H_POLICY,1,24,1,False,0,COMPLETE,R7_PREREGISTERED_STRESS_TEST_FRESH_CASES,False
reacher,R7_reacher_0462c1af8cf9ea9e8ecef06e,H0,R4_ALT_CEM_2,H_REAL3_REPLAN,1,24,1,False,0,COMPLETE,R7_PREREGISTERED_STRESS_TEST_FRESH_CASES,True
reacher,R7_reacher_0462c1af8cf9ea9e8ecef06e,REFIT_103201,R4_ALT_CEM_2,H_POLICY,1,24,1,False,0,COMPLETE,R7_PREREGISTERED_STRESS_TEST_FRESH_CASES,False
reacher,R7_reacher_0462c1af8cf9ea9e8ecef06e,REFIT_103201,R4_ALT_CEM_2,H_REAL3_REPLAN,1,24,1,False,0,COMPLETE,R7_PREREGISTERED_STRESS_TEST_FRESH_CASES,True
reacher,R7_reacher_0462c1af8cf9ea9e8ecef06e,REFIT_103202,R4_ALT_CEM_2,H_POLICY,1,22,1,False,0,COMPLETE,R7_PREREGISTERED_STRESS_TEST_FRESH_CASES,False
reacher,R7_reacher_0462c1af8cf9ea9e8ecef06e,REFIT_103202,R4_ALT_CEM_2,H_REAL3_REPLAN,1,22,1,False,0,COMPLETE,R7_PREREGISTERED_STRESS_TEST_FRESH_CASES,True
reacher,R7_reacher_0462c1af8cf9ea9e8ecef06e,REFIT_103203,R4_ALT_CEM_2,H_POLICY,1,22,1,False,0,COMPLETE,R7_PREREGISTERED_STRESS_TEST_FRESH_CASES,False
reacher,R7_reacher_0462c1af8cf9ea9e8ecef06e,REFIT_103203,R4_ALT_CEM_2,H_REAL3_REPLAN,1,22,1,False,0,COMPLETE,R7_PREREGISTERED_STRESS_TEST_FRESH_CASES,True
reacher,R7_reacher_04681629d10145a11ceeee7c,H0,R4_ALT_CEM_2,H_POLICY,1,26,2,True,0,COMPLETE,R7_PREREGISTERED_STRESS_TEST_FRESH_CASES,False
reacher,R7_reacher_04681629d10145a11ceeee7c,H0,R4_ALT_CEM_2,H_REAL3_REPLAN,1,26,2,True,0,COMPLETE,R7_PREREGISTERED_STRESS_TEST_FRESH_CASES,True
reacher,R7_reacher_04681629d10145a11ceeee7c,REFIT_103201,R4_ALT_CEM_2,H_POLICY,1,25,1,False,0,COMPLETE,R7_PREREGISTERED_STRESS_TEST_FRESH_CASES,False
reacher,R7_reacher_04681629d10145a11ceeee7c,REFIT_103201,R4_ALT_CEM_2,H_REAL3_REPLAN,1,25,1,False,0,COMPLETE,R7_PREREGISTERED_STRESS_TEST_FRESH_CASES,True
reacher,R7_reacher_04681629d10145a11ceeee7c,REFIT_103202,R4_ALT_CEM_2,H_POLICY,1,25,1,False,0,COMPLETE,R7_PREREGISTERED_STRESS_TEST_FRESH_CASES,False
reacher,R7_reacher_04681629d10145a11ceeee7c,REFIT_103202,R4_ALT_CEM_2,H_REAL3_REPLAN,1,25,1,False,0,COMPLETE,R7_PREREGISTERED_STRESS_TEST_FRESH_CASES,True
reacher,R7_reacher_04681629d10145a11ceeee7c,REFIT_103203,R4_ALT_CEM_2,H_POLICY,1,26,2,True,0,COMPLETE,R7_PREREGISTERED_STRESS_TEST_FRESH_CASES,False
reacher,R7_reacher_04681629d10145a11ceeee7c,REFIT_103203,R4_ALT_CEM_2,H_REAL3_REPLAN,1,26,2,True,0,COMPLETE,R7_PREREGISTERED_STRESS_TEST_FRESH_CASES,True
reacher,R7_reacher_046b890bfd78232068401303,H0,R4_ALT_CEM_2,H_POLICY,1,25,1,False,0,COMPLETE,R7_PREREGISTERED_STRESS_TEST_FRESH_CASES,False
reacher,R7_reacher_046b890bfd78232068401303,H0,R4_ALT_CEM_2,H_REAL3_REPLAN,1,25,1,False,0,COMPLETE,R7_PREREGISTERED_STRESS_TEST_FRESH_CASES,True
reacher,R7_reacher_046b890bfd78232068401303,REFIT_103201,R4_ALT_CEM_2,H_POLICY,0,100,4,True,0,COMPLETE,R7_PREREGISTERED_STRESS_TEST_FRESH_CASES,False
reacher,R7_reacher_046b890bfd78232068401303,REFIT_103201,R4_ALT_CEM_2,H_REAL3_REPLAN,0,100,4,True,0,COMPLETE,R7_PREREGISTERED_STRESS_TEST_FRESH_CASES,True
reacher,R7_reacher_046b890bfd78232068401303,REFIT_103202,R4_ALT_CEM_2,H_POLICY,0,100,4,True,0,COMPLETE,R7_PREREGISTERED_STRESS_TEST_FRESH_CASES,False
reacher,R7_reacher_046b890bfd78232068401303,REFIT_103202,R4_ALT_CEM_2,H_REAL3_REPLAN,0,100,4,True,0,COMPLETE,R7_PREREGISTERED_STRESS_TEST_FRESH_CASES,True
reacher,R7_reacher_046b890bfd78232068401303,REFIT_103203,R4_ALT_CEM_2,H_POLICY,0,100,4,True,0,COMPLETE,R7_PREREGISTERED_STRESS_TEST_FRESH_CASES,False
reacher,R7_reacher_046b890bfd78232068401303,REFIT_103203,R4_ALT_CEM_2,H_REAL3_REPLAN,0,100,4,True,0,COMPLETE,R7_PREREGISTERED_STRESS_TEST_FRESH_CASES,True
reacher,R7_reacher_04877d0344ffb1a50c07d287,H0,R4_ALT_CEM_2,H_POLICY,1,34,2,True,0,COMPLETE,R7_PREREGISTERED_STRESS_TEST_FRESH_CASES,False
reacher,R7_reacher_04877d0344ffb1a50c07d287,H0,R4_ALT_CEM_2,H_REAL3_REPLAN,1,48,2,True,0,COMPLETE,R7_PREREGISTERED_STRESS_TEST_FRESH_CASES,True
reacher,R7_reacher_04877d0344ffb1a50c07d287,REFIT_103201,R4_ALT_CEM_2,H_POLICY,1,25,1,False,0,COMPLETE,R7_PREREGISTERED_STRESS_TEST_FRESH_CASES,False
reacher,R7_reacher_04877d0344ffb1a50c07d287,REFIT_103201,R4_ALT_CEM_2,H_REAL3_REPLAN,1,25,1,False,0,COMPLETE,R7_PREREGISTERED_STRESS_TEST_FRESH_CASES,True
reacher,R7_reacher_04877d0344ffb1a50c07d287,REFIT_103202,R4_ALT_CEM_2,H_POLICY,1,18,1,False,0,COMPLETE,R7_PREREGISTERED_STRESS_TEST_FRESH_CASES,False
reacher,R7_reacher_04877d0344ffb1a50c07d287,REFIT_103202,R4_ALT_CEM_2,H_REAL3_REPLAN,1,18,1,False,0,COMPLETE,R7_PREREGISTERED_STRESS_TEST_FRESH_CASES,True
reacher,R7_reacher_04877d0344ffb1a50c07d287,REFIT_103203,R4_ALT_CEM_2,H_POLICY,1,33,2,True,0,COMPLETE,R7_PREREGISTERED_STRESS_TEST_FRESH_CASES,False
reacher,R7_reacher_04877d0344ffb1a50c07d287,REFIT_103203,R4_ALT_CEM_2,H_REAL3_REPLAN,1,49,2,True,0,COMPLETE,R7_PREREGISTERED_STRESS_TEST_FRESH_CASES,True
reacher,R7_reacher_049c7d5324e885cdbcd5e248,H0,R4_ALT_CEM_2,H_POLICY,1,27,2,True,0,COMPLETE,R7_PREREGISTERED_STRESS_TEST_FRESH_CASES,False
reacher,R7_reacher_049c7d5324e885cdbcd5e248,H0,R4_ALT_CEM_2,H_REAL3_REPLAN,1,50,2,True,0,COMPLETE,R7_PREREGISTERED_STRESS_TEST_FRESH_CASES,True
reacher,R7_reacher_049c7d5324e885cdbcd5e248,REFIT_103201,R4_ALT_CEM_2,H_POLICY,1,31,2,True,0,COMPLETE,R7_PREREGISTERED_STRESS_TEST_FRESH_CASES,False
reacher,R7_reacher_049c7d5324e885cdbcd5e248,REFIT_103201,R4_ALT_CEM_2,H_REAL3_REPLAN,1,44,2,True,0,COMPLETE,R7_PREREGISTERED_STRESS_TEST_FRESH_CASES,True
reacher,R7_reacher_049c7d5324e885cdbcd5e248,REFIT_103202,R4_ALT_CEM_2,H_POLICY,1,41,2,True,0,COMPLETE,R7_PREREGISTERED_STRESS_TEST_FRESH_CASES,False
reacher,R7_reacher_049c7d5324e885cdbcd5e248,REFIT_103202,R4_ALT_CEM_2,H_REAL3_REPLAN,1,27,2,True,0,COMPLETE,R7_PREREGISTERED_STRESS_TEST_FRESH_CASES,True
reacher,R7_reacher_049c7d5324e885cdbcd5e248,REFIT_103203,R4_ALT_CEM_2,H_POLICY,1,27,2,True,0,COMPLETE,R7_PREREGISTERED_STRESS_TEST_FRESH_CASES,False
reacher,R7_reacher_049c7d5324e885cdbcd5e248,REFIT_103203,R4_ALT_CEM_2,H_REAL3_REPLAN,1,50,2,True,0,COMPLETE,R7_PREREGISTERED_STRESS_TEST_FRESH_CASES,True
reacher,R7_reacher_04e9a63134673481d7c3f891,H0,R4_ALT_CEM_2,H_POLICY,1,55,3,True,0,COMPLETE,R7_PREREGISTERED_STRESS_TEST_FRESH_CASES,False
reacher,R7_reacher_04e9a63134673481d7c3f891,H0,R4_ALT_CEM_2,H_REAL3_REPLAN,1,26,2,True,0,COMPLETE,R7_PREREGISTERED_STRESS_TEST_FRESH_CASES,True
reacher,R7_reacher_04e9a63134673481d7c3f891,REFIT_103201,R4_ALT_CEM_2,H_POLICY,1,28,2,True,0,COMPLETE,R7_PREREGISTERED_STRESS_TEST_FRESH_CASES,False
reacher,R7_reacher_04e9a63134673481d7c3f891,REFIT_103201,R4_ALT_CEM_2,H_REAL3_REPLAN,1,50,2,True,0,COMPLETE,R7_PREREGISTERED_STRESS_TEST_FRESH_CASES,True
reacher,R7_reacher_04e9a63134673481d7c3f891,REFIT_103202,R4_ALT_CEM_2,H_POLICY,1,26,2,True,0,COMPLETE,R7_PREREGISTERED_STRESS_TEST_FRESH_CASES,False
reacher,R7_reacher_04e9a63134673481d7c3f891,REFIT_103202,R4_ALT_CEM_2,H_REAL3_REPLAN,1,27,2,True,0,COMPLETE,R7_PREREGISTERED_STRESS_TEST_FRESH_CASES,True
reacher,R7_reacher_04e9a63134673481d7c3f891,REFIT_103203,R4_ALT_CEM_2,H_POLICY,1,52,3,True,0,COMPLETE,R7_PREREGISTERED_STRESS_TEST_FRESH_CASES,False
reacher,R7_reacher_04e9a63134673481d7c3f891,REFIT_103203,R4_ALT_CEM_2,H_REAL3_REPLAN,1,50,2,True,0,COMPLETE,R7_PREREGISTERED_STRESS_TEST_FRESH_CASES,True
reacher,R7_reacher_04ff0c9a650582de1c4a6801,H0,R4_ALT_CEM_2,H_POLICY,1,26,2,True,0,COMPLETE,R7_PREREGISTERED_STRESS_TEST_FRESH_CASES,False
reacher,R7_reacher_04ff0c9a650582de1c4a6801,H0,R4_ALT_CEM_2,H_REAL3_REPLAN,1,27,2,True,0,COMPLETE,R7_PREREGISTERED_STRESS_TEST_FRESH_CASES,True
reacher,R7_reacher_04ff0c9a650582de1c4a6801,REFIT_103201,R4_ALT_CEM_2,H_POLICY,1,23,1,False,0,COMPLETE,R7_PREREGISTERED_STRESS_TEST_FRESH_CASES,False
reacher,R7_reacher_04ff0c9a650582de1c4a6801,REFIT_103201,R4_ALT_CEM_2,H_REAL3_REPLAN,1,23,1,False,0,COMPLETE,R7_PREREGISTERED_STRESS_TEST_FRESH_CASES,True
reacher,R7_reacher_04ff0c9a650582de1c4a6801,REFIT_103202,R4_ALT_CEM_2,H_POLICY,1,26,2,True,0,COMPLETE,R7_PREREGISTERED_STRESS_TEST_FRESH_CASES,False
reacher,R7_reacher_04ff0c9a650582de1c4a6801,REFIT_103202,R4_ALT_CEM_2,H_REAL3_REPLAN,1,26,2,True,0,COMPLETE,R7_PREREGISTERED_STRESS_TEST_FRESH_CASES,True
reacher,R7_reacher_04ff0c9a650582de1c4a6801,REFIT_103203,R4_ALT_CEM_2,H_POLICY,1,26,2,True,0,COMPLETE,R7_PREREGISTERED_STRESS_TEST_FRESH_CASES,False
reacher,R7_reacher_04ff0c9a650582de1c4a6801,REFIT_103203,R4_ALT_CEM_2,H_REAL3_REPLAN,1,26,2,True,0,COMPLETE,R7_PREREGISTERED_STRESS_TEST_FRESH_CASES,True
reacher,R7_reacher_051f43b4892efc8bb1983dea,H0,R4_ALT_CEM_2,H_POLICY,1,23,1,False,0,COMPLETE,R7_PREREGISTERED_STRESS_TEST_FRESH_CASES,False
reacher,R7_reacher_051f43b4892efc8bb1983dea,H0,R4_ALT_CEM_2,H_REAL3_REPLAN,1,23,1,False,0,COMPLETE,R7_PREREGISTERED_STRESS_TEST_FRESH_CASES,True
reacher,R7_reacher_051f43b4892efc8bb1983dea,REFIT_103201,R4_ALT_CEM_2,H_POLICY,1,24,1,False,0,COMPLETE,R7_PREREGISTERED_STRESS_TEST_FRESH_CASES,False
reacher,R7_reacher_051f43b4892efc8bb1983dea,REFIT_103201,R4_ALT_CEM_2,H_REAL3_REPLAN,1,24,1,False,0,COMPLETE,R7_PREREGISTERED_STRESS_TEST_FRESH_CASES,True
reacher,R7_reacher_051f43b4892efc8bb1983dea,REFIT_103202,R4_ALT_CEM_2,H_POLICY,1,25,1,False,0,COMPLETE,R7_PREREGISTERED_STRESS_TEST_FRESH_CASES,False
reacher,R7_reacher_051f43b4892efc8bb1983dea,REFIT_103202,R4_ALT_CEM_2,H_REAL3_REPLAN,1,25,1,False,0,COMPLETE,R7_PREREGISTERED_STRESS_TEST_FRESH_CASES,True
reacher,R7_reacher_051f43b4892efc8bb1983dea,REFIT_103203,R4_ALT_CEM_2,H_POLICY,1,22,1,False,0,COMPLETE,R7_PREREGISTERED_STRESS_TEST_FRESH_CASES,False
reacher,R7_reacher_051f43b4892efc8bb1983dea,REFIT_103203,R4_ALT_CEM_2,H_REAL3_REPLAN,1,22,1,False,0,COMPLETE,R7_PREREGISTERED_STRESS_TEST_FRESH_CASES,True
reacher,R7_reacher_057827bb1d14ded81f53fc86,H0,R4_ALT_CEM_2,H_POLICY,1,26,2,True,0,COMPLETE,R7_PREREGISTERED_STRESS_TEST_FRESH_CASES,False
reacher,R7_reacher_057827bb1d14ded81f53fc86,H0,R4_ALT_CEM_2,H_REAL3_REPLAN,1,26,2,True,0,COMPLETE,R7_PREREGISTERED_STRESS_TEST_FRESH_CASES,True
reacher,R7_reacher_057827bb1d14ded81f53fc86,REFIT_103201,R4_ALT_CEM_2,H_POLICY,1,28,2,True,0,COMPLETE,R7_PREREGISTERED_STRESS_TEST_FRESH_CASES,False
reacher,R7_reacher_057827bb1d14ded81f53fc86,REFIT_103201,R4_ALT_CEM_2,H_REAL3_REPLAN,1,31,2,True,0,COMPLETE,R7_PREREGISTERED_STRESS_TEST_FRESH_CASES,True
reacher,R7_reacher_057827bb1d14ded81f53fc86,REFIT_103202,R4_ALT_CEM_2,H_POLICY,1,25,1,False,0,COMPLETE,R7_PREREGISTERED_STRESS_TEST_FRESH_CASES,False
reacher,R7_reacher_057827bb1d14ded81f53fc86,REFIT_103202,R4_ALT_CEM_2,H_REAL3_REPLAN,1,25,1,False,0,COMPLETE,R7_PREREGISTERED_STRESS_TEST_FRESH_CASES,True
reacher,R7_reacher_057827bb1d14ded81f53fc86,REFIT_103203,R4_ALT_CEM_2,H_POLICY,1,25,1,False,0,COMPLETE,R7_PREREGISTERED_STRESS_TEST_FRESH_CASES,False
reacher,R7_reacher_057827bb1d14ded81f53fc86,REFIT_103203,R4_ALT_CEM_2,H_REAL3_REPLAN,1,25,1,False,0,COMPLETE,R7_PREREGISTERED_STRESS_TEST_FRESH_CASES,True
reacher,R7_reacher_059bc657814769b65dced153,H0,R4_ALT_CEM_2,H_POLICY,1,25,1,False,0,COMPLETE,R7_PREREGISTERED_STRESS_TEST_FRESH_CASES,False
reacher,R7_reacher_059bc657814769b65dced153,H0,R4_ALT_CEM_2,H_REAL3_REPLAN,1,25,1,False,0,COMPLETE,R7_PREREGISTERED_STRESS_TEST_FRESH_CASES,True
reacher,R7_reacher_059bc657814769b65dced153,REFIT_103201,R4_ALT_CEM_2,H_POLICY,1,24,1,False,0,COMPLETE,R7_PREREGISTERED_STRESS_TEST_FRESH_CASES,False
reacher,R7_reacher_059bc657814769b65dced153,REFIT_103201,R4_ALT_CEM_2,H_REAL3_REPLAN,1,24,1,False,0,COMPLETE,R7_PREREGISTERED_STRESS_TEST_FRESH_CASES,True
reacher,R7_reacher_059bc657814769b65dced153,REFIT_103202,R4_ALT_CEM_2,H_POLICY,1,25,1,False,0,COMPLETE,R7_PREREGISTERED_STRESS_TEST_FRESH_CASES,False
reacher,R7_reacher_059bc657814769b65dced153,REFIT_103202,R4_ALT_CEM_2,H_REAL3_REPLAN,1,25,1,False,0,COMPLETE,R7_PREREGISTERED_STRESS_TEST_FRESH_CASES,True
reacher,R7_reacher_059bc657814769b65dced153,REFIT_103203,R4_ALT_CEM_2,H_POLICY,1,24,1,False,0,COMPLETE,R7_PREREGISTERED_STRESS_TEST_FRESH_CASES,False
reacher,R7_reacher_059bc657814769b65dced153,REFIT_103203,R4_ALT_CEM_2,H_REAL3_REPLAN,1,24,1,False,0,COMPLETE,R7_PREREGISTERED_STRESS_TEST_FRESH_CASES,True
reacher,R7_reacher_059ed10af59f11ac08a80827,H0,R4_ALT_CEM_2,H_POLICY,1,25,1,False,0,COMPLETE,R7_PREREGISTERED_STRESS_TEST_FRESH_CASES,False
reacher,R7_reacher_059ed10af59f11ac08a80827,H0,R4_ALT_CEM_2,H_REAL3_REPLAN,1,25,1,False,0,COMPLETE,R7_PREREGISTERED_STRESS_TEST_FRESH_CASES,True
reacher,R7_reacher_059ed10af59f11ac08a80827,REFIT_103201,R4_ALT_CEM_2,H_POLICY,1,26,2,True,0,COMPLETE,R7_PREREGISTERED_STRESS_TEST_FRESH_CASES,False
reacher,R7_reacher_059ed10af59f11ac08a80827,REFIT_103201,R4_ALT_CEM_2,H_REAL3_REPLAN,1,26,2,True,0,COMPLETE,R7_PREREGISTERED_STRESS_TEST_FRESH_CASES,True
reacher,R7_reacher_059ed10af59f11ac08a80827,REFIT_103202,R4_ALT_CEM_2,H_POLICY,1,24,1,False,0,COMPLETE,R7_PREREGISTERED_STRESS_TEST_FRESH_CASES,False
reacher,R7_reacher_059ed10af59f11ac08a80827,REFIT_103202,R4_ALT_CEM_2,H_REAL3_REPLAN,1,24,1,False,0,COMPLETE,R7_PREREGISTERED_STRESS_TEST_FRESH_CASES,True
reacher,R7_reacher_059ed10af59f11ac08a80827,REFIT_103203,R4_ALT_CEM_2,H_POLICY,1,24,1,False,0,COMPLETE,R7_PREREGISTERED_STRESS_TEST_FRESH_CASES,False
reacher,R7_reacher_059ed10af59f11ac08a80827,REFIT_103203,R4_ALT_CEM_2,H_REAL3_REPLAN,1,24,1,False,0,COMPLETE,R7_PREREGISTERED_STRESS_TEST_FRESH_CASES,True
reacher,R7_reacher_05c134f2ffe1627d297d0c61,H0,R4_ALT_CEM_2,H_POLICY,1,25,1,False,0,COMPLETE,R7_PREREGISTERED_STRESS_TEST_FRESH_CASES,False
reacher,R7_reacher_05c134f2ffe1627d297d0c61,H0,R4_ALT_CEM_2,H_REAL3_REPLAN,1,25,1,False,0,COMPLETE,R7_PREREGISTERED_STRESS_TEST_FRESH_CASES,True
reacher,R7_reacher_05c134f2ffe1627d297d0c61,REFIT_103201,R4_ALT_CEM_2,H_POLICY,1,44,2,True,0,COMPLETE,R7_PREREGISTERED_STRESS_TEST_FRESH_CASES,False
reacher,R7_reacher_05c134f2ffe1627d297d0c61,REFIT_103201,R4_ALT_CEM_2,H_REAL3_REPLAN,1,32,2,True,0,COMPLETE,R7_PREREGISTERED_STRESS_TEST_FRESH_CASES,True
reacher,R7_reacher_05c134f2ffe1627d297d0c61,REFIT_103202,R4_ALT_CEM_2,H_POLICY,1,50,2,True,0,COMPLETE,R7_PREREGISTERED_STRESS_TEST_FRESH_CASES,False
reacher,R7_reacher_05c134f2ffe1627d297d0c61,REFIT_103202,R4_ALT_CEM_2,H_REAL3_REPLAN,1,32,2,True,0,COMPLETE,R7_PREREGISTERED_STRESS_TEST_FRESH_CASES,True
reacher,R7_reacher_05c134f2ffe1627d297d0c61,REFIT_103203,R4_ALT_CEM_2,H_POLICY,1,40,2,True,0,COMPLETE,R7_PREREGISTERED_STRESS_TEST_FRESH_CASES,False
reacher,R7_reacher_05c134f2ffe1627d297d0c61,REFIT_103203,R4_ALT_CEM_2,H_REAL3_REPLAN,1,32,2,True,0,COMPLETE,R7_PREREGISTERED_STRESS_TEST_FRESH_CASES,True
reacher,R7_reacher_05c317a498c172704c19643b,H0,R4_ALT_CEM_2,H_POLICY,1,72,3,True,0,COMPLETE,R7_PREREGISTERED_STRESS_TEST_FRESH_CASES,False
reacher,R7_reacher_05c317a498c172704c19643b,H0,R4_ALT_CEM_2,H_REAL3_REPLAN,1,26,2,True,0,COMPLETE,R7_PREREGISTERED_STRESS_TEST_FRESH_CASES,True
reacher,R7_reacher_05c317a498c172704c19643b,REFIT_103201,R4_ALT_CEM_2,H_POLICY,1,21,1,False,0,COMPLETE,R7_PREREGISTERED_STRESS_TEST_FRESH_CASES,False
reacher,R7_reacher_05c317a498c172704c19643b,REFIT_103201,R4_ALT_CEM_2,H_REAL3_REPLAN,1,21,1,False,0,COMPLETE,R7_PREREGISTERED_STRESS_TEST_FRESH_CASES,True
reacher,R7_reacher_05c317a498c172704c19643b,REFIT_103202,R4_ALT_CEM_2,H_POLICY,1,21,1,False,0,COMPLETE,R7_PREREGISTERED_STRESS_TEST_FRESH_CASES,False
reacher,R7_reacher_05c317a498c172704c19643b,REFIT_103202,R4_ALT_CEM_2,H_REAL3_REPLAN,1,21,1,False,0,COMPLETE,R7_PREREGISTERED_STRESS_TEST_FRESH_CASES,True
reacher,R7_reacher_05c317a498c172704c19643b,REFIT_103203,R4_ALT_CEM_2,H_POLICY,1,21,1,False,0,COMPLETE,R7_PREREGISTERED_STRESS_TEST_FRESH_CASES,False
reacher,R7_reacher_05c317a498c172704c19643b,REFIT_103203,R4_ALT_CEM_2,H_REAL3_REPLAN,1,21,1,False,0,COMPLETE,R7_PREREGISTERED_STRESS_TEST_FRESH_CASES,True
reacher,R7_reacher_05de9032849239e8bac0fafd,H0,R4_ALT_CEM_2,H_POLICY,1,28,2,True,0,COMPLETE,R7_PREREGISTERED_STRESS_TEST_FRESH_CASES,False
reacher,R7_reacher_05de9032849239e8bac0fafd,H0,R4_ALT_CEM_2,H_REAL3_REPLAN,1,27,2,True,0,COMPLETE,R7_PREREGISTERED_STRESS_TEST_FRESH_CASES,True
reacher,R7_reacher_05de9032849239e8bac0fafd,REFIT_103201,R4_ALT_CEM_2,H_POLICY,1,26,2,True,0,COMPLETE,R7_PREREGISTERED_STRESS_TEST_FRESH_CASES,False
reacher,R7_reacher_05de9032849239e8bac0fafd,REFIT_103201,R4_ALT_CEM_2,H_REAL3_REPLAN,1,27,2,True,0,COMPLETE,R7_PREREGISTERED_STRESS_TEST_FRESH_CASES,True
reacher,R7_reacher_05de9032849239e8bac0fafd,REFIT_103202,R4_ALT_CEM_2,H_POLICY,1,27,2,True,0,COMPLETE,R7_PREREGISTERED_STRESS_TEST_FRESH_CASES,False
reacher,R7_reacher_05de9032849239e8bac0fafd,REFIT_103202,R4_ALT_CEM_2,H_REAL3_REPLAN,1,26,2,True,0,COMPLETE,R7_PREREGISTERED_STRESS_TEST_FRESH_CASES,True
reacher,R7_reacher_05de9032849239e8bac0fafd,REFIT_103203,R4_ALT_CEM_2,H_POLICY,1,50,2,True,0,COMPLETE,R7_PREREGISTERED_STRESS_TEST_FRESH_CASES,False
reacher,R7_reacher_05de9032849239e8bac0fafd,REFIT_103203,R4_ALT_CEM_2,H_REAL3_REPLAN,1,42,2,True,0,COMPLETE,R7_PREREGISTERED_STRESS_TEST_FRESH_CASES,True
reacher,R7_reacher_05df119fb6138625a0a37191,H0,R4_ALT_CEM_2,H_POLICY,1,34,2,True,0,COMPLETE,R7_PREREGISTERED_STRESS_TEST_FRESH_CASES,False
reacher,R7_reacher_05df119fb6138625a0a37191,H0,R4_ALT_CEM_2,H_REAL3_REPLAN,1,32,2,True,0,COMPLETE,R7_PREREGISTERED_STRESS_TEST_FRESH_CASES,True
reacher,R7_reacher_05df119fb6138625a0a37191,REFIT_103201,R4_ALT_CEM_2,H_POLICY,1,36,2,True,0,COMPLETE,R7_PREREGISTERED_STRESS_TEST_FRESH_CASES,False
reacher,R7_reacher_05df119fb6138625a0a37191,REFIT_103201,R4_ALT_CEM_2,H_REAL3_REPLAN,1,50,2,True,0,COMPLETE,R7_PREREGISTERED_STRESS_TEST_FRESH_CASES,True
reacher,R7_reacher_05df119fb6138625a0a37191,REFIT_103202,R4_ALT_CEM_2,H_POLICY,1,34,2,True,0,COMPLETE,R7_PREREGISTERED_STRESS_TEST_FRESH_CASES,False
reacher,R7_reacher_05df119fb6138625a0a37191,REFIT_103202,R4_ALT_CEM_2,H_REAL3_REPLAN,1,36,2,True,0,COMPLETE,R7_PREREGISTERED_STRESS_TEST_FRESH_CASES,True
reacher,R7_reacher_05df119fb6138625a0a37191,REFIT_103203,R4_ALT_CEM_2,H_POLICY,1,50,2,True,0,COMPLETE,R7_PREREGISTERED_STRESS_TEST_FRESH_CASES,False
reacher,R7_reacher_05df119fb6138625a0a37191,REFIT_103203,R4_ALT_CEM_2,H_REAL3_REPLAN,1,48,2,True,0,COMPLETE,R7_PREREGISTERED_STRESS_TEST_FRESH_CASES,True
reacher,R7_reacher_05e92b020fc50822c0c12f3b,H0,R4_ALT_CEM_2,H_POLICY,1,34,2,True,0,COMPLETE,R7_PREREGISTERED_STRESS_TEST_FRESH_CASES,False
reacher,R7_reacher_05e92b020fc50822c0c12f3b,H0,R4_ALT_CEM_2,H_REAL3_REPLAN,1,32,2,True,0,COMPLETE,R7_PREREGISTERED_STRESS_TEST_FRESH_CASES,True
reacher,R7_reacher_05e92b020fc50822c0c12f3b,REFIT_103201,R4_ALT_CEM_2,H_POLICY,1,25,1,False,0,COMPLETE,R7_PREREGISTERED_STRESS_TEST_FRESH_CASES,False
reacher,R7_reacher_05e92b020fc50822c0c12f3b,REFIT_103201,R4_ALT_CEM_2,H_REAL3_REPLAN,1,25,1,False,0,COMPLETE,R7_PREREGISTERED_STRESS_TEST_FRESH_CASES,True
reacher,R7_reacher_05e92b020fc50822c0c12f3b,REFIT_103202,R4_ALT_CEM_2,H_POLICY,1,29,2,True,0,COMPLETE,R7_PREREGISTERED_STRESS_TEST_FRESH_CASES,False
reacher,R7_reacher_05e92b020fc50822c0c12f3b,REFIT_103202,R4_ALT_CEM_2,H_REAL3_REPLAN,1,37,2,True,0,COMPLETE,R7_PREREGISTERED_STRESS_TEST_FRESH_CASES,True
reacher,R7_reacher_05e92b020fc50822c0c12f3b,REFIT_103203,R4_ALT_CEM_2,H_POLICY,1,49,2,True,0,COMPLETE,R7_PREREGISTERED_STRESS_TEST_FRESH_CASES,False
reacher,R7_reacher_05e92b020fc50822c0c12f3b,REFIT_103203,R4_ALT_CEM_2,H_REAL3_REPLAN,1,50,2,True,0,COMPLETE,R7_PREREGISTERED_STRESS_TEST_FRESH_CASES,True
reacher,R7_reacher_05f022aec309dcba9454a525,H0,R4_ALT_CEM_2,H_POLICY,1,33,2,True,0,COMPLETE,R7_PREREGISTERED_STRESS_TEST_FRESH_CASES,False
reacher,R7_reacher_05f022aec309dcba9454a525,H0,R4_ALT_CEM_2,H_REAL3_REPLAN,1,36,2,True,0,COMPLETE,R7_PREREGISTERED_STRESS_TEST_FRESH_CASES,True
reacher,R7_reacher_05f022aec309dcba9454a525,REFIT_103201,R4_ALT_CEM_2,H_POLICY,1,20,1,False,0,COMPLETE,R7_PREREGISTERED_STRESS_TEST_FRESH_CASES,False
reacher,R7_reacher_05f022aec309dcba9454a525,REFIT_103201,R4_ALT_CEM_2,H_REAL3_REPLAN,1,20,1,False,0,COMPLETE,R7_PREREGISTERED_STRESS_TEST_FRESH_CASES,True
reacher,R7_reacher_05f022aec309dcba9454a525,REFIT_103202,R4_ALT_CEM_2,H_POLICY,1,21,1,False,0,COMPLETE,R7_PREREGISTERED_STRESS_TEST_FRESH_CASES,False
reacher,R7_reacher_05f022aec309dcba9454a525,REFIT_103202,R4_ALT_CEM_2,H_REAL3_REPLAN,1,21,1,False,0,COMPLETE,R7_PREREGISTERED_STRESS_TEST_FRESH_CASES,True
reacher,R7_reacher_05f022aec309dcba9454a525,REFIT_103203,R4_ALT_CEM_2,H_POLICY,0,100,4,True,0,COMPLETE,R7_PREREGISTERED_STRESS_TEST_FRESH_CASES,False
reacher,R7_reacher_05f022aec309dcba9454a525,REFIT_103203,R4_ALT_CEM_2,H_REAL3_REPLAN,1,37,2,True,0,COMPLETE,R7_PREREGISTERED_STRESS_TEST_FRESH_CASES,True
reacher,R7_reacher_0608e39229f7b074b4363cd4,H0,R4_ALT_CEM_2,H_POLICY,1,8,1,False,0,COMPLETE,R7_PREREGISTERED_STRESS_TEST_FRESH_CASES,False
reacher,R7_reacher_0608e39229f7b074b4363cd4,H0,R4_ALT_CEM_2,H_REAL3_REPLAN,1,8,1,False,0,COMPLETE,R7_PREREGISTERED_STRESS_TEST_FRESH_CASES,True
reacher,R7_reacher_0608e39229f7b074b4363cd4,REFIT_103201,R4_ALT_CEM_2,H_POLICY,1,71,3,True,0,COMPLETE,R7_PREREGISTERED_STRESS_TEST_FRESH_CASES,False
reacher,R7_reacher_0608e39229f7b074b4363cd4,REFIT_103201,R4_ALT_CEM_2,H_REAL3_REPLAN,1,50,2,True,0,COMPLETE,R7_PREREGISTERED_STRESS_TEST_FRESH_CASES,True
reacher,R7_reacher_0608e39229f7b074b4363cd4,REFIT_103202,R4_ALT_CEM_2,H_POLICY,1,33,2,True,0,COMPLETE,R7_PREREGISTERED_STRESS_TEST_FRESH_CASES,False
reacher,R7_reacher_0608e39229f7b074b4363cd4,REFIT_103202,R4_ALT_CEM_2,H_REAL3_REPLAN,1,50,2,True,0,COMPLETE,R7_PREREGISTERED_STRESS_TEST_FRESH_CASES,True
reacher,R7_reacher_0608e39229f7b074b4363cd4,REFIT_103203,R4_ALT_CEM_2,H_POLICY,1,50,2,True,0,COMPLETE,R7_PREREGISTERED_STRESS_TEST_FRESH_CASES,False
reacher,R7_reacher_0608e39229f7b074b4363cd4,REFIT_103203,R4_ALT_CEM_2,H_REAL3_REPLAN,1,34,2,True,0,COMPLETE,R7_PREREGISTERED_STRESS_TEST_FRESH_CASES,True
reacher,R7_reacher_06200874c5af9d79af2100be,H0,R4_ALT_CEM_2,H_POLICY,1,38,2,True,0,COMPLETE,R7_PREREGISTERED_STRESS_TEST_FRESH_CASES,False
reacher,R7_reacher_06200874c5af9d79af2100be,H0,R4_ALT_CEM_2,H_REAL3_REPLAN,1,38,2,True,0,COMPLETE,R7_PREREGISTERED_STRESS_TEST_FRESH_CASES,True
reacher,R7_reacher_06200874c5af9d79af2100be,REFIT_103201,R4_ALT_CEM_2,H_POLICY,1,79,4,True,0,COMPLETE,R7_PREREGISTERED_STRESS_TEST_FRESH_CASES,False
reacher,R7_reacher_06200874c5af9d79af2100be,REFIT_103201,R4_ALT_CEM_2,H_REAL3_REPLAN,1,49,2,True,0,COMPLETE,R7_PREREGISTERED_STRESS_TEST_FRESH_CASES,True
reacher,R7_reacher_06200874c5af9d79af2100be,REFIT_103202,R4_ALT_CEM_2,H_POLICY,1,32,2,True,0,COMPLETE,R7_PREREGISTERED_STRESS_TEST_FRESH_CASES,False
reacher,R7_reacher_06200874c5af9d79af2100be,REFIT_103202,R4_ALT_CEM_2,H_REAL3_REPLAN,1,36,2,True,0,COMPLETE,R7_PREREGISTERED_STRESS_TEST_FRESH_CASES,True
reacher,R7_reacher_06200874c5af9d79af2100be,REFIT_103203,R4_ALT_CEM_2,H_POLICY,1,39,2,True,0,COMPLETE,R7_PREREGISTERED_STRESS_TEST_FRESH_CASES,False
reacher,R7_reacher_06200874c5af9d79af2100be,REFIT_103203,R4_ALT_CEM_2,H_REAL3_REPLAN,1,42,2,True,0,COMPLETE,R7_PREREGISTERED_STRESS_TEST_FRESH_CASES,True
reacher,R7_reacher_063459913c0305ccd3f60afa,H0,R4_ALT_CEM_2,H_POLICY,1,31,2,True,0,COMPLETE,R7_PREREGISTERED_STRESS_TEST_FRESH_CASES,False
reacher,R7_reacher_063459913c0305ccd3f60afa,H0,R4_ALT_CEM_2,H_REAL3_REPLAN,1,50,2,True,0,COMPLETE,R7_PREREGISTERED_STRESS_TEST_FRESH_CASES,True
reacher,R7_reacher_063459913c0305ccd3f60afa,REFIT_103201,R4_ALT_CEM_2,H_POLICY,1,37,2,True,0,COMPLETE,R7_PREREGISTERED_STRESS_TEST_FRESH_CASES,False
reacher,R7_reacher_063459913c0305ccd3f60afa,REFIT_103201,R4_ALT_CEM_2,H_REAL3_REPLAN,1,48,2,True,0,COMPLETE,R7_PREREGISTERED_STRESS_TEST_FRESH_CASES,True
reacher,R7_reacher_063459913c0305ccd3f60afa,REFIT_103202,R4_ALT_CEM_2,H_POLICY,1,32,2,True,0,COMPLETE,R7_PREREGISTERED_STRESS_TEST_FRESH_CASES,False
reacher,R7_reacher_063459913c0305ccd3f60afa,REFIT_103202,R4_ALT_CEM_2,H_REAL3_REPLAN,1,51,3,True,0,COMPLETE,R7_PREREGISTERED_STRESS_TEST_FRESH_CASES,True
reacher,R7_reacher_063459913c0305ccd3f60afa,REFIT_103203,R4_ALT_CEM_2,H_POLICY,1,45,2,True,0,COMPLETE,R7_PREREGISTERED_STRESS_TEST_FRESH_CASES,False
reacher,R7_reacher_063459913c0305ccd3f60afa,REFIT_103203,R4_ALT_CEM_2,H_REAL3_REPLAN,1,50,2,True,0,COMPLETE,R7_PREREGISTERED_STRESS_TEST_FRESH_CASES,True
reacher,R7_reacher_0674938c9fc1b380174d04fe,H0,R4_ALT_CEM_2,H_POLICY,1,53,3,True,0,COMPLETE,R7_PREREGISTERED_STRESS_TEST_FRESH_CASES,False
reacher,R7_reacher_0674938c9fc1b380174d04fe,H0,R4_ALT_CEM_2,H_REAL3_REPLAN,1,51,3,True,0,COMPLETE,R7_PREREGISTERED_STRESS_TEST_FRESH_CASES,True
reacher,R7_reacher_0674938c9fc1b380174d04fe,REFIT_103201,R4_ALT_CEM_2,H_POLICY,1,64,3,True,0,COMPLETE,R7_PREREGISTERED_STRESS_TEST_FRESH_CASES,False
reacher,R7_reacher_0674938c9fc1b380174d04fe,REFIT_103201,R4_ALT_CEM_2,H_REAL3_REPLAN,1,31,2,True,0,COMPLETE,R7_PREREGISTERED_STRESS_TEST_FRESH_CASES,True
reacher,R7_reacher_0674938c9fc1b380174d04fe,REFIT_103202,R4_ALT_CEM_2,H_POLICY,1,50,2,True,0,COMPLETE,R7_PREREGISTERED_STRESS_TEST_FRESH_CASES,False
reacher,R7_reacher_0674938c9fc1b380174d04fe,REFIT_103202,R4_ALT_CEM_2,H_REAL3_REPLAN,1,50,2,True,0,COMPLETE,R7_PREREGISTERED_STRESS_TEST_FRESH_CASES,True
reacher,R7_reacher_0674938c9fc1b380174d04fe,REFIT_103203,R4_ALT_CEM_2,H_POLICY,1,25,1,False,0,COMPLETE,R7_PREREGISTERED_STRESS_TEST_FRESH_CASES,False
reacher,R7_reacher_0674938c9fc1b380174d04fe,REFIT_103203,R4_ALT_CEM_2,H_REAL3_REPLAN,1,25,1,False,0,COMPLETE,R7_PREREGISTERED_STRESS_TEST_FRESH_CASES,True
reacher,R7_reacher_06774fd5fe12fc1973fe987c,H0,R4_ALT_CEM_2,H_POLICY,1,27,2,True,0,COMPLETE,R7_PREREGISTERED_STRESS_TEST_FRESH_CASES,False
reacher,R7_reacher_06774fd5fe12fc1973fe987c,H0,R4_ALT_CEM_2,H_REAL3_REPLAN,1,50,2,True,0,COMPLETE,R7_PREREGISTERED_STRESS_TEST_FRESH_CASES,True
reacher,R7_reacher_06774fd5fe12fc1973fe987c,REFIT_103201,R4_ALT_CEM_2,H_POLICY,1,51,3,True,0,COMPLETE,R7_PREREGISTERED_STRESS_TEST_FRESH_CASES,False
reacher,R7_reacher_06774fd5fe12fc1973fe987c,REFIT_103201,R4_ALT_CEM_2,H_REAL3_REPLAN,1,27,2,True,0,COMPLETE,R7_PREREGISTERED_STRESS_TEST_FRESH_CASES,True
reacher,R7_reacher_06774fd5fe12fc1973fe987c,REFIT_103202,R4_ALT_CEM_2,H_POLICY,1,27,2,True,0,COMPLETE,R7_PREREGISTERED_STRESS_TEST_FRESH_CASES,False
reacher,R7_reacher_06774fd5fe12fc1973fe987c,REFIT_103202,R4_ALT_CEM_2,H_REAL3_REPLAN,1,28,2,True,0,COMPLETE,R7_PREREGISTERED_STRESS_TEST_FRESH_CASES,True
reacher,R7_reacher_06774fd5fe12fc1973fe987c,REFIT_103203,R4_ALT_CEM_2,H_POLICY,1,27,2,True,0,COMPLETE,R7_PREREGISTERED_STRESS_TEST_FRESH_CASES,False
reacher,R7_reacher_06774fd5fe12fc1973fe987c,REFIT_103203,R4_ALT_CEM_2,H_REAL3_REPLAN,1,27,2,True,0,COMPLETE,R7_PREREGISTERED_STRESS_TEST_FRESH_CASES,True
reacher,R7_reacher_06b144735881214d90095fd0,H0,R4_ALT_CEM_2,H_POLICY,1,25,1,False,0,COMPLETE,R7_PREREGISTERED_STRESS_TEST_FRESH_CASES,False
reacher,R7_reacher_06b144735881214d90095fd0,H0,R4_ALT_CEM_2,H_REAL3_REPLAN,1,25,1,False,0,COMPLETE,R7_PREREGISTERED_STRESS_TEST_FRESH_CASES,True
reacher,R7_reacher_06b144735881214d90095fd0,REFIT_103201,R4_ALT_CEM_2,H_POLICY,1,25,1,False,0,COMPLETE,R7_PREREGISTERED_STRESS_TEST_FRESH_CASES,False
reacher,R7_reacher_06b144735881214d90095fd0,REFIT_103201,R4_ALT_CEM_2,H_REAL3_REPLAN,1,25,1,False,0,COMPLETE,R7_PREREGISTERED_STRESS_TEST_FRESH_CASES,True
reacher,R7_reacher_06b144735881214d90095fd0,REFIT_103202,R4_ALT_CEM_2,H_POLICY,1,25,1,False,0,COMPLETE,R7_PREREGISTERED_STRESS_TEST_FRESH_CASES,False
reacher,R7_reacher_06b144735881214d90095fd0,REFIT_103202,R4_ALT_CEM_2,H_REAL3_REPLAN,1,25,1,False,0,COMPLETE,R7_PREREGISTERED_STRESS_TEST_FRESH_CASES,True
reacher,R7_reacher_06b144735881214d90095fd0,REFIT_103203,R4_ALT_CEM_2,H_POLICY,1,25,1,False,0,COMPLETE,R7_PREREGISTERED_STRESS_TEST_FRESH_CASES,False
reacher,R7_reacher_06b144735881214d90095fd0,REFIT_103203,R4_ALT_CEM_2,H_REAL3_REPLAN,1,25,1,False,0,COMPLETE,R7_PREREGISTERED_STRESS_TEST_FRESH_CASES,True
reacher,R7_reacher_06b5d01da6ad1123e8a53b2c,H0,R4_ALT_CEM_2,H_POLICY,1,24,1,False,0,COMPLETE,R7_PREREGISTERED_STRESS_TEST_FRESH_CASES,False
reacher,R7_reacher_06b5d01da6ad1123e8a53b2c,H0,R4_ALT_CEM_2,H_REAL3_REPLAN,1,24,1,False,0,COMPLETE,R7_PREREGISTERED_STRESS_TEST_FRESH_CASES,True
reacher,R7_reacher_06b5d01da6ad1123e8a53b2c,REFIT_103201,R4_ALT_CEM_2,H_POLICY,1,50,2,True,0,COMPLETE,R7_PREREGISTERED_STRESS_TEST_FRESH_CASES,False
reacher,R7_reacher_06b5d01da6ad1123e8a53b2c,REFIT_103201,R4_ALT_CEM_2,H_REAL3_REPLAN,1,50,2,True,0,COMPLETE,R7_PREREGISTERED_STRESS_TEST_FRESH_CASES,True
reacher,R7_reacher_06b5d01da6ad1123e8a53b2c,REFIT_103202,R4_ALT_CEM_2,H_POLICY,1,50,2,True,0,COMPLETE,R7_PREREGISTERED_STRESS_TEST_FRESH_CASES,False
reacher,R7_reacher_06b5d01da6ad1123e8a53b2c,REFIT_103202,R4_ALT_CEM_2,H_REAL3_REPLAN,1,49,2,True,0,COMPLETE,R7_PREREGISTERED_STRESS_TEST_FRESH_CASES,True
reacher,R7_reacher_06b5d01da6ad1123e8a53b2c,REFIT_103203,R4_ALT_CEM_2,H_POLICY,1,50,2,True,0,COMPLETE,R7_PREREGISTERED_STRESS_TEST_FRESH_CASES,False
reacher,R7_reacher_06b5d01da6ad1123e8a53b2c,REFIT_103203,R4_ALT_CEM_2,H_REAL3_REPLAN,1,50,2,True,0,COMPLETE,R7_PREREGISTERED_STRESS_TEST_FRESH_CASES,True
reacher,R7_reacher_06cc25fafe84bfd8e09d6e56,H0,R4_ALT_CEM_2,H_POLICY,1,51,3,True,0,COMPLETE,R7_PREREGISTERED_STRESS_TEST_FRESH_CASES,False
reacher,R7_reacher_06cc25fafe84bfd8e09d6e56,H0,R4_ALT_CEM_2,H_REAL3_REPLAN,1,47,2,True,0,COMPLETE,R7_PREREGISTERED_STRESS_TEST_FRESH_CASES,True
reacher,R7_reacher_06cc25fafe84bfd8e09d6e56,REFIT_103201,R4_ALT_CEM_2,H_POLICY,1,45,2,True,0,COMPLETE,R7_PREREGISTERED_STRESS_TEST_FRESH_CASES,False
reacher,R7_reacher_06cc25fafe84bfd8e09d6e56,REFIT_103201,R4_ALT_CEM_2,H_REAL3_REPLAN,1,45,2,True,0,COMPLETE,R7_PREREGISTERED_STRESS_TEST_FRESH_CASES,True
reacher,R7_reacher_06cc25fafe84bfd8e09d6e56,REFIT_103202,R4_ALT_CEM_2,H_POLICY,1,25,1,False,0,COMPLETE,R7_PREREGISTERED_STRESS_TEST_FRESH_CASES,False
reacher,R7_reacher_06cc25fafe84bfd8e09d6e56,REFIT_103202,R4_ALT_CEM_2,H_REAL3_REPLAN,1,25,1,False,0,COMPLETE,R7_PREREGISTERED_STRESS_TEST_FRESH_CASES,True
reacher,R7_reacher_06cc25fafe84bfd8e09d6e56,REFIT_103203,R4_ALT_CEM_2,H_POLICY,1,25,1,False,0,COMPLETE,R7_PREREGISTERED_STRESS_TEST_FRESH_CASES,False
reacher,R7_reacher_06cc25fafe84bfd8e09d6e56,REFIT_103203,R4_ALT_CEM_2,H_REAL3_REPLAN,1,25,1,False,0,COMPLETE,R7_PREREGISTERED_STRESS_TEST_FRESH_CASES,True
reacher,R7_reacher_06dba88f07b7ee1091cf5829,H0,R4_ALT_CEM_2,H_POLICY,1,15,1,False,0,COMPLETE,R7_PREREGISTERED_STRESS_TEST_FRESH_CASES,False
reacher,R7_reacher_06dba88f07b7ee1091cf5829,H0,R4_ALT_CEM_2,H_REAL3_REPLAN,1,15,1,False,0,COMPLETE,R7_PREREGISTERED_STRESS_TEST_FRESH_CASES,True
reacher,R7_reacher_06dba88f07b7ee1091cf5829,REFIT_103201,R4_ALT_CEM_2,H_POLICY,1,15,1,False,0,COMPLETE,R7_PREREGISTERED_STRESS_TEST_FRESH_CASES,False
reacher,R7_reacher_06dba88f07b7ee1091cf5829,REFIT_103201,R4_ALT_CEM_2,H_REAL3_REPLAN,1,15,1,False,0,COMPLETE,R7_PREREGISTERED_STRESS_TEST_FRESH_CASES,True
reacher,R7_reacher_06dba88f07b7ee1091cf5829,REFIT_103202,R4_ALT_CEM_2,H_POLICY,1,49,2,True,0,COMPLETE,R7_PREREGISTERED_STRESS_TEST_FRESH_CASES,False
reacher,R7_reacher_06dba88f07b7ee1091cf5829,REFIT_103202,R4_ALT_CEM_2,H_REAL3_REPLAN,1,34,2,True,0,COMPLETE,R7_PREREGISTERED_STRESS_TEST_FRESH_CASES,True
reacher,R7_reacher_06dba88f07b7ee1091cf5829,REFIT_103203,R4_ALT_CEM_2,H_POLICY,1,36,2,True,0,COMPLETE,R7_PREREGISTERED_STRESS_TEST_FRESH_CASES,False
reacher,R7_reacher_06dba88f07b7ee1091cf5829,REFIT_103203,R4_ALT_CEM_2,H_REAL3_REPLAN,1,37,2,True,0,COMPLETE,R7_PREREGISTERED_STRESS_TEST_FRESH_CASES,True
reacher,R7_reacher_06e1d84d51ee115d0d462044,H0,R4_ALT_CEM_2,H_POLICY,1,23,1,False,0,COMPLETE,R7_PREREGISTERED_STRESS_TEST_FRESH_CASES,False
reacher,R7_reacher_06e1d84d51ee115d0d462044,H0,R4_ALT_CEM_2,H_REAL3_REPLAN,1,23,1,False,0,COMPLETE,R7_PREREGISTERED_STRESS_TEST_FRESH_CASES,True
reacher,R7_reacher_06e1d84d51ee115d0d462044,REFIT_103201,R4_ALT_CEM_2,H_POLICY,1,18,1,False,0,COMPLETE,R7_PREREGISTERED_STRESS_TEST_FRESH_CASES,False
reacher,R7_reacher_06e1d84d51ee115d0d462044,REFIT_103201,R4_ALT_CEM_2,H_REAL3_REPLAN,1,18,1,False,0,COMPLETE,R7_PREREGISTERED_STRESS_TEST_FRESH_CASES,True
reacher,R7_reacher_06e1d84d51ee115d0d462044,REFIT_103202,R4_ALT_CEM_2,H_POLICY,1,18,1,False,0,COMPLETE,R7_PREREGISTERED_STRESS_TEST_FRESH_CASES,False
reacher,R7_reacher_06e1d84d51ee115d0d462044,REFIT_103202,R4_ALT_CEM_2,H_REAL3_REPLAN,1,18,1,False,0,COMPLETE,R7_PREREGISTERED_STRESS_TEST_FRESH_CASES,True
reacher,R7_reacher_06e1d84d51ee115d0d462044,REFIT_103203,R4_ALT_CEM_2,H_POLICY,1,16,1,False,0,COMPLETE,R7_PREREGISTERED_STRESS_TEST_FRESH_CASES,False
reacher,R7_reacher_06e1d84d51ee115d0d462044,REFIT_103203,R4_ALT_CEM_2,H_REAL3_REPLAN,1,16,1,False,0,COMPLETE,R7_PREREGISTERED_STRESS_TEST_FRESH_CASES,True
reacher,R7_reacher_06eb6fae1bc0e3eb4179fc5a,H0,R4_ALT_CEM_2,H_POLICY,1,27,2,True,0,COMPLETE,R7_PREREGISTERED_STRESS_TEST_FRESH_CASES,False
reacher,R7_reacher_06eb6fae1bc0e3eb4179fc5a,H0,R4_ALT_CEM_2,H_REAL3_REPLAN,1,27,2,True,0,COMPLETE,R7_PREREGISTERED_STRESS_TEST_FRESH_CASES,True
reacher,R7_reacher_06eb6fae1bc0e3eb4179fc5a,REFIT_103201,R4_ALT_CEM_2,H_POLICY,1,34,2,True,0,COMPLETE,R7_PREREGISTERED_STRESS_TEST_FRESH_CASES,False
reacher,R7_reacher_06eb6fae1bc0e3eb4179fc5a,REFIT_103201,R4_ALT_CEM_2,H_REAL3_REPLAN,1,30,2,True,0,COMPLETE,R7_PREREGISTERED_STRESS_TEST_FRESH_CASES,True
reacher,R7_reacher_06eb6fae1bc0e3eb4179fc5a,REFIT_103202,R4_ALT_CEM_2,H_POLICY,1,42,2,True,0,COMPLETE,R7_PREREGISTERED_STRESS_TEST_FRESH_CASES,False
reacher,R7_reacher_06eb6fae1bc0e3eb4179fc5a,REFIT_103202,R4_ALT_CEM_2,H_REAL3_REPLAN,1,48,2,True,0,COMPLETE,R7_PREREGISTERED_STRESS_TEST_FRESH_CASES,True
reacher,R7_reacher_06eb6fae1bc0e3eb4179fc5a,REFIT_103203,R4_ALT_CEM_2,H_POLICY,1,34,2,True,0,COMPLETE,R7_PREREGISTERED_STRESS_TEST_FRESH_CASES,False
reacher,R7_reacher_06eb6fae1bc0e3eb4179fc5a,REFIT_103203,R4_ALT_CEM_2,H_REAL3_REPLAN,1,30,2,True,0,COMPLETE,R7_PREREGISTERED_STRESS_TEST_FRESH_CASES,True
reacher,R7_reacher_0700d42c34bd5b934ca4bb9f,H0,R4_ALT_CEM_2,H_POLICY,1,17,1,False,0,COMPLETE,R7_PREREGISTERED_STRESS_TEST_FRESH_CASES,False
reacher,R7_reacher_0700d42c34bd5b934ca4bb9f,H0,R4_ALT_CEM_2,H_REAL3_REPLAN,1,17,1,False,0,COMPLETE,R7_PREREGISTERED_STRESS_TEST_FRESH_CASES,True
reacher,R7_reacher_0700d42c34bd5b934ca4bb9f,REFIT_103201,R4_ALT_CEM_2,H_POLICY,1,18,1,False,0,COMPLETE,R7_PREREGISTERED_STRESS_TEST_FRESH_CASES,False
reacher,R7_reacher_0700d42c34bd5b934ca4bb9f,REFIT_103201,R4_ALT_CEM_2,H_REAL3_REPLAN,1,18,1,False,0,COMPLETE,R7_PREREGISTERED_STRESS_TEST_FRESH_CASES,True
reacher,R7_reacher_0700d42c34bd5b934ca4bb9f,REFIT_103202,R4_ALT_CEM_2,H_POLICY,1,45,2,True,0,COMPLETE,R7_PREREGISTERED_STRESS_TEST_FRESH_CASES,False
reacher,R7_reacher_0700d42c34bd5b934ca4bb9f,REFIT_103202,R4_ALT_CEM_2,H_REAL3_REPLAN,1,47,2,True,0,COMPLETE,R7_PREREGISTERED_STRESS_TEST_FRESH_CASES,True
reacher,R7_reacher_0700d42c34bd5b934ca4bb9f,REFIT_103203,R4_ALT_CEM_2,H_POLICY,1,22,1,False,0,COMPLETE,R7_PREREGISTERED_STRESS_TEST_FRESH_CASES,False
reacher,R7_reacher_0700d42c34bd5b934ca4bb9f,REFIT_103203,R4_ALT_CEM_2,H_REAL3_REPLAN,1,22,1,False,0,COMPLETE,R7_PREREGISTERED_STRESS_TEST_FRESH_CASES,True
reacher,R7_reacher_07048d8eb1dd80dbb3b35586,H0,R4_ALT_CEM_2,H_POLICY,1,48,2,True,0,COMPLETE,R7_PREREGISTERED_STRESS_TEST_FRESH_CASES,False
reacher,R7_reacher_07048d8eb1dd80dbb3b35586,H0,R4_ALT_CEM_2,H_REAL3_REPLAN,1,33,2,True,0,COMPLETE,R7_PREREGISTERED_STRESS_TEST_FRESH_CASES,True
reacher,R7_reacher_07048d8eb1dd80dbb3b35586,REFIT_103201,R4_ALT_CEM_2,H_POLICY,1,12,1,False,0,COMPLETE,R7_PREREGISTERED_STRESS_TEST_FRESH_CASES,False
reacher,R7_reacher_07048d8eb1dd80dbb3b35586,REFIT_103201,R4_ALT_CEM_2,H_REAL3_REPLAN,1,12,1,False,0,COMPLETE,R7_PREREGISTERED_STRESS_TEST_FRESH_CASES,True
reacher,R7_reacher_07048d8eb1dd80dbb3b35586,REFIT_103202,R4_ALT_CEM_2,H_POLICY,1,30,2,True,0,COMPLETE,R7_PREREGISTERED_STRESS_TEST_FRESH_CASES,False
reacher,R7_reacher_07048d8eb1dd80dbb3b35586,REFIT_103202,R4_ALT_CEM_2,H_REAL3_REPLAN,1,49,2,True,0,COMPLETE,R7_PREREGISTERED_STRESS_TEST_FRESH_CASES,True
reacher,R7_reacher_07048d8eb1dd80dbb3b35586,REFIT_103203,R4_ALT_CEM_2,H_POLICY,1,49,2,True,0,COMPLETE,R7_PREREGISTERED_STRESS_TEST_FRESH_CASES,False
reacher,R7_reacher_07048d8eb1dd80dbb3b35586,REFIT_103203,R4_ALT_CEM_2,H_REAL3_REPLAN,1,33,2,True,0,COMPLETE,R7_PREREGISTERED_STRESS_TEST_FRESH_CASES,True
reacher,R7_reacher_072587bc998f92f0f7fb630f,H0,R4_ALT_CEM_2,H_POLICY,1,75,3,True,0,COMPLETE,R7_PREREGISTERED_STRESS_TEST_FRESH_CASES,False
reacher,R7_reacher_072587bc998f92f0f7fb630f,H0,R4_ALT_CEM_2,H_REAL3_REPLAN,1,43,2,True,0,COMPLETE,R7_PREREGISTERED_STRESS_TEST_FRESH_CASES,True
reacher,R7_reacher_072587bc998f92f0f7fb630f,REFIT_103201,R4_ALT_CEM_2,H_POLICY,1,32,2,True,0,COMPLETE,R7_PREREGISTERED_STRESS_TEST_FRESH_CASES,False
reacher,R7_reacher_072587bc998f92f0f7fb630f,REFIT_103201,R4_ALT_CEM_2,H_REAL3_REPLAN,1,46,2,True,0,COMPLETE,R7_PREREGISTERED_STRESS_TEST_FRESH_CASES,True
reacher,R7_reacher_072587bc998f92f0f7fb630f,REFIT_103202,R4_ALT_CEM_2,H_POLICY,1,31,2,True,0,COMPLETE,R7_PREREGISTERED_STRESS_TEST_FRESH_CASES,False
reacher,R7_reacher_072587bc998f92f0f7fb630f,REFIT_103202,R4_ALT_CEM_2,H_REAL3_REPLAN,1,50,2,True,0,COMPLETE,R7_PREREGISTERED_STRESS_TEST_FRESH_CASES,True
reacher,R7_reacher_072587bc998f92f0f7fb630f,REFIT_103203,R4_ALT_CEM_2,H_POLICY,1,73,3,True,0,COMPLETE,R7_PREREGISTERED_STRESS_TEST_FRESH_CASES,False
reacher,R7_reacher_072587bc998f92f0f7fb630f,REFIT_103203,R4_ALT_CEM_2,H_REAL3_REPLAN,1,72,3,True,0,COMPLETE,R7_PREREGISTERED_STRESS_TEST_FRESH_CASES,True
reacher,R7_reacher_073be01f1b2587a8da9a34ca,H0,R4_ALT_CEM_2,H_POLICY,1,11,1,False,0,COMPLETE,R7_PREREGISTERED_STRESS_TEST_FRESH_CASES,False
reacher,R7_reacher_073be01f1b2587a8da9a34ca,H0,R4_ALT_CEM_2,H_REAL3_REPLAN,1,11,1,False,0,COMPLETE,R7_PREREGISTERED_STRESS_TEST_FRESH_CASES,True
reacher,R7_reacher_073be01f1b2587a8da9a34ca,REFIT_103201,R4_ALT_CEM_2,H_POLICY,1,25,1,False,0,COMPLETE,R7_PREREGISTERED_STRESS_TEST_FRESH_CASES,False
reacher,R7_reacher_073be01f1b2587a8da9a34ca,REFIT_103201,R4_ALT_CEM_2,H_REAL3_REPLAN,1,25,1,False,0,COMPLETE,R7_PREREGISTERED_STRESS_TEST_FRESH_CASES,True
reacher,R7_reacher_073be01f1b2587a8da9a34ca,REFIT_103202,R4_ALT_CEM_2,H_POLICY,1,51,3,True,0,COMPLETE,R7_PREREGISTERED_STRESS_TEST_FRESH_CASES,False
reacher,R7_reacher_073be01f1b2587a8da9a34ca,REFIT_103202,R4_ALT_CEM_2,H_REAL3_REPLAN,1,75,3,True,0,COMPLETE,R7_PREREGISTERED_STRESS_TEST_FRESH_CASES,True
reacher,R7_reacher_073be01f1b2587a8da9a34ca,REFIT_103203,R4_ALT_CEM_2,H_POLICY,1,26,2,True,0,COMPLETE,R7_PREREGISTERED_STRESS_TEST_FRESH_CASES,False
reacher,R7_reacher_073be01f1b2587a8da9a34ca,REFIT_103203,R4_ALT_CEM_2,H_REAL3_REPLAN,1,26,2,True,0,COMPLETE,R7_PREREGISTERED_STRESS_TEST_FRESH_CASES,True
reacher,R7_reacher_077732a8e0d0c587d1825f44,H0,R4_ALT_CEM_2,H_POLICY,1,24,1,False,0,COMPLETE,R7_PREREGISTERED_STRESS_TEST_FRESH_CASES,False
reacher,R7_reacher_077732a8e0d0c587d1825f44,H0,R4_ALT_CEM_2,H_REAL3_REPLAN,1,24,1,False,0,COMPLETE,R7_PREREGISTERED_STRESS_TEST_FRESH_CASES,True
reacher,R7_reacher_077732a8e0d0c587d1825f44,REFIT_103201,R4_ALT_CEM_2,H_POLICY,1,23,1,False,0,COMPLETE,R7_PREREGISTERED_STRESS_TEST_FRESH_CASES,False
reacher,R7_reacher_077732a8e0d0c587d1825f44,REFIT_103201,R4_ALT_CEM_2,H_REAL3_REPLAN,1,23,1,False,0,COMPLETE,R7_PREREGISTERED_STRESS_TEST_FRESH_CASES,True
reacher,R7_reacher_077732a8e0d0c587d1825f44,REFIT_103202,R4_ALT_CEM_2,H_POLICY,1,24,1,False,0,COMPLETE,R7_PREREGISTERED_STRESS_TEST_FRESH_CASES,False
reacher,R7_reacher_077732a8e0d0c587d1825f44,REFIT_103202,R4_ALT_CEM_2,H_REAL3_REPLAN,1,24,1,False,0,COMPLETE,R7_PREREGISTERED_STRESS_TEST_FRESH_CASES,True
reacher,R7_reacher_077732a8e0d0c587d1825f44,REFIT_103203,R4_ALT_CEM_2,H_POLICY,1,23,1,False,0,COMPLETE,R7_PREREGISTERED_STRESS_TEST_FRESH_CASES,False
reacher,R7_reacher_077732a8e0d0c587d1825f44,REFIT_103203,R4_ALT_CEM_2,H_REAL3_REPLAN,1,23,1,False,0,COMPLETE,R7_PREREGISTERED_STRESS_TEST_FRESH_CASES,True
reacher,R7_reacher_07905259134654234591eab4,H0,R4_ALT_CEM_2,H_POLICY,1,76,4,True,0,COMPLETE,R7_PREREGISTERED_STRESS_TEST_FRESH_CASES,False
reacher,R7_reacher_07905259134654234591eab4,H0,R4_ALT_CEM_2,H_REAL3_REPLAN,1,28,2,True,0,COMPLETE,R7_PREREGISTERED_STRESS_TEST_FRESH_CASES,True
reacher,R7_reacher_07905259134654234591eab4,REFIT_103201,R4_ALT_CEM_2,H_POLICY,1,29,2,True,0,COMPLETE,R7_PREREGISTERED_STRESS_TEST_FRESH_CASES,False
reacher,R7_reacher_07905259134654234591eab4,REFIT_103201,R4_ALT_CEM_2,H_REAL3_REPLAN,1,47,2,True,0,COMPLETE,R7_PREREGISTERED_STRESS_TEST_FRESH_CASES,True
reacher,R7_reacher_07905259134654234591eab4,REFIT_103202,R4_ALT_CEM_2,H_POLICY,1,29,2,True,0,COMPLETE,R7_PREREGISTERED_STRESS_TEST_FRESH_CASES,False
reacher,R7_reacher_07905259134654234591eab4,REFIT_103202,R4_ALT_CEM_2,H_REAL3_REPLAN,1,28,2,True,0,COMPLETE,R7_PREREGISTERED_STRESS_TEST_FRESH_CASES,True
reacher,R7_reacher_07905259134654234591eab4,REFIT_103203,R4_ALT_CEM_2,H_POLICY,1,13,1,False,0,COMPLETE,R7_PREREGISTERED_STRESS_TEST_FRESH_CASES,False
reacher,R7_reacher_07905259134654234591eab4,REFIT_103203,R4_ALT_CEM_2,H_REAL3_REPLAN,1,13,1,False,0,COMPLETE,R7_PREREGISTERED_STRESS_TEST_FRESH_CASES,True
reacher,R7_reacher_07e921840cb9bd668708fcd1,H0,R4_ALT_CEM_2,H_POLICY,1,49,2,True,0,COMPLETE,R7_PREREGISTERED_STRESS_TEST_FRESH_CASES,False
reacher,R7_reacher_07e921840cb9bd668708fcd1,H0,R4_ALT_CEM_2,H_REAL3_REPLAN,1,50,2,True,0,COMPLETE,R7_PREREGISTERED_STRESS_TEST_FRESH_CASES,True
reacher,R7_reacher_07e921840cb9bd668708fcd1,REFIT_103201,R4_ALT_CEM_2,H_POLICY,1,16,1,False,0,COMPLETE,R7_PREREGISTERED_STRESS_TEST_FRESH_CASES,False
reacher,R7_reacher_07e921840cb9bd668708fcd1,REFIT_103201,R4_ALT_CEM_2,H_REAL3_REPLAN,1,16,1,False,0,COMPLETE,R7_PREREGISTERED_STRESS_TEST_FRESH_CASES,True
reacher,R7_reacher_07e921840cb9bd668708fcd1,REFIT_103202,R4_ALT_CEM_2,H_POLICY,1,15,1,False,0,COMPLETE,R7_PREREGISTERED_STRESS_TEST_FRESH_CASES,False
reacher,R7_reacher_07e921840cb9bd668708fcd1,REFIT_103202,R4_ALT_CEM_2,H_REAL3_REPLAN,1,15,1,False,0,COMPLETE,R7_PREREGISTERED_STRESS_TEST_FRESH_CASES,True
reacher,R7_reacher_07e921840cb9bd668708fcd1,REFIT_103203,R4_ALT_CEM_2,H_POLICY,1,16,1,False,0,COMPLETE,R7_PREREGISTERED_STRESS_TEST_FRESH_CASES,False
reacher,R7_reacher_07e921840cb9bd668708fcd1,REFIT_103203,R4_ALT_CEM_2,H_REAL3_REPLAN,1,16,1,False,0,COMPLETE,R7_PREREGISTERED_STRESS_TEST_FRESH_CASES,True
reacher,R7_reacher_07f68e2d5cb2f23fe923e07e,H0,R4_ALT_CEM_2,H_POLICY,1,26,2,True,0,COMPLETE,R7_PREREGISTERED_STRESS_TEST_FRESH_CASES,False
reacher,R7_reacher_07f68e2d5cb2f23fe923e07e,H0,R4_ALT_CEM_2,H_REAL3_REPLAN,1,31,2,True,0,COMPLETE,R7_PREREGISTERED_STRESS_TEST_FRESH_CASES,True
reacher,R7_reacher_07f68e2d5cb2f23fe923e07e,REFIT_103201,R4_ALT_CEM_2,H_POLICY,1,50,2,True,0,COMPLETE,R7_PREREGISTERED_STRESS_TEST_FRESH_CASES,False
reacher,R7_reacher_07f68e2d5cb2f23fe923e07e,REFIT_103201,R4_ALT_CEM_2,H_REAL3_REPLAN,1,41,2,True,0,COMPLETE,R7_PREREGISTERED_STRESS_TEST_FRESH_CASES,True
reacher,R7_reacher_07f68e2d5cb2f23fe923e07e,REFIT_103202,R4_ALT_CEM_2,H_POLICY,1,33,2,True,0,COMPLETE,R7_PREREGISTERED_STRESS_TEST_FRESH_CASES,False
reacher,R7_reacher_07f68e2d5cb2f23fe923e07e,REFIT_103202,R4_ALT_CEM_2,H_REAL3_REPLAN,1,31,2,True,0,COMPLETE,R7_PREREGISTERED_STRESS_TEST_FRESH_CASES,True
reacher,R7_reacher_07f68e2d5cb2f23fe923e07e,REFIT_103203,R4_ALT_CEM_2,H_POLICY,1,62,3,True,0,COMPLETE,R7_PREREGISTERED_STRESS_TEST_FRESH_CASES,False
reacher,R7_reacher_07f68e2d5cb2f23fe923e07e,REFIT_103203,R4_ALT_CEM_2,H_REAL3_REPLAN,1,31,2,True,0,COMPLETE,R7_PREREGISTERED_STRESS_TEST_FRESH_CASES,True
reacher,R7_reacher_0831e45db3d8c9636a0030a8,H0,R4_ALT_CEM_2,H_POLICY,1,21,1,False,0,COMPLETE,R7_PREREGISTERED_STRESS_TEST_FRESH_CASES,False
reacher,R7_reacher_0831e45db3d8c9636a0030a8,H0,R4_ALT_CEM_2,H_REAL3_REPLAN,1,21,1,False,0,COMPLETE,R7_PREREGISTERED_STRESS_TEST_FRESH_CASES,True
reacher,R7_reacher_0831e45db3d8c9636a0030a8,REFIT_103201,R4_ALT_CEM_2,H_POLICY,1,23,1,False,0,COMPLETE,R7_PREREGISTERED_STRESS_TEST_FRESH_CASES,False
reacher,R7_reacher_0831e45db3d8c9636a0030a8,REFIT_103201,R4_ALT_CEM_2,H_REAL3_REPLAN,1,23,1,False,0,COMPLETE,R7_PREREGISTERED_STRESS_TEST_FRESH_CASES,True
reacher,R7_reacher_0831e45db3d8c9636a0030a8,REFIT_103202,R4_ALT_CEM_2,H_POLICY,1,24,1,False,0,COMPLETE,R7_PREREGISTERED_STRESS_TEST_FRESH_CASES,False
reacher,R7_reacher_0831e45db3d8c9636a0030a8,REFIT_103202,R4_ALT_CEM_2,H_REAL3_REPLAN,1,24,1,False,0,COMPLETE,R7_PREREGISTERED_STRESS_TEST_FRESH_CASES,True
reacher,R7_reacher_0831e45db3d8c9636a0030a8,REFIT_103203,R4_ALT_CEM_2,H_POLICY,1,25,1,False,0,COMPLETE,R7_PREREGISTERED_STRESS_TEST_FRESH_CASES,False
reacher,R7_reacher_0831e45db3d8c9636a0030a8,REFIT_103203,R4_ALT_CEM_2,H_REAL3_REPLAN,1,25,1,False,0,COMPLETE,R7_PREREGISTERED_STRESS_TEST_FRESH_CASES,True
reacher,R7_reacher_085bbe99c2028f22c4b2f1f3,H0,R4_ALT_CEM_2,H_POLICY,1,48,2,True,0,COMPLETE,R7_PREREGISTERED_STRESS_TEST_FRESH_CASES,False
reacher,R7_reacher_085bbe99c2028f22c4b2f1f3,H0,R4_ALT_CEM_2,H_REAL3_REPLAN,1,37,2,True,0,COMPLETE,R7_PREREGISTERED_STRESS_TEST_FRESH_CASES,True
reacher,R7_reacher_085bbe99c2028f22c4b2f1f3,REFIT_103201,R4_ALT_CEM_2,H_POLICY,1,44,2,True,0,COMPLETE,R7_PREREGISTERED_STRESS_TEST_FRESH_CASES,False
reacher,R7_reacher_085bbe99c2028f22c4b2f1f3,REFIT_103201,R4_ALT_CEM_2,H_REAL3_REPLAN,1,50,2,True,0,COMPLETE,R7_PREREGISTERED_STRESS_TEST_FRESH_CASES,True
reacher,R7_reacher_085bbe99c2028f22c4b2f1f3,REFIT_103202,R4_ALT_CEM_2,H_POLICY,1,33,2,True,0,COMPLETE,R7_PREREGISTERED_STRESS_TEST_FRESH_CASES,False
reacher,R7_reacher_085bbe99c2028f22c4b2f1f3,REFIT_103202,R4_ALT_CEM_2,H_REAL3_REPLAN,1,49,2,True,0,COMPLETE,R7_PREREGISTERED_STRESS_TEST_FRESH_CASES,True
reacher,R7_reacher_085bbe99c2028f22c4b2f1f3,REFIT_103203,R4_ALT_CEM_2,H_POLICY,1,27,2,True,0,COMPLETE,R7_PREREGISTERED_STRESS_TEST_FRESH_CASES,False
reacher,R7_reacher_085bbe99c2028f22c4b2f1f3,REFIT_103203,R4_ALT_CEM_2,H_REAL3_REPLAN,1,48,2,True,0,COMPLETE,R7_PREREGISTERED_STRESS_TEST_FRESH_CASES,True
reacher,R7_reacher_086c4c72d05daa815c90a325,H0,R4_ALT_CEM_2,H_POLICY,1,46,2,True,0,COMPLETE,R7_PREREGISTERED_STRESS_TEST_FRESH_CASES,False
reacher,R7_reacher_086c4c72d05daa815c90a325,H0,R4_ALT_CEM_2,H_REAL3_REPLAN,1,51,3,True,0,COMPLETE,R7_PREREGISTERED_STRESS_TEST_FRESH_CASES,True
reacher,R7_reacher_086c4c72d05daa815c90a325,REFIT_103201,R4_ALT_CEM_2,H_POLICY,1,11,1,False,0,COMPLETE,R7_PREREGISTERED_STRESS_TEST_FRESH_CASES,False
reacher,R7_reacher_086c4c72d05daa815c90a325,REFIT_103201,R4_ALT_CEM_2,H_REAL3_REPLAN,1,11,1,False,0,COMPLETE,R7_PREREGISTERED_STRESS_TEST_FRESH_CASES,True
reacher,R7_reacher_086c4c72d05daa815c90a325,REFIT_103202,R4_ALT_CEM_2,H_POLICY,1,46,2,True,0,COMPLETE,R7_PREREGISTERED_STRESS_TEST_FRESH_CASES,False
reacher,R7_reacher_086c4c72d05daa815c90a325,REFIT_103202,R4_ALT_CEM_2,H_REAL3_REPLAN,1,44,2,True,0,COMPLETE,R7_PREREGISTERED_STRESS_TEST_FRESH_CASES,True
reacher,R7_reacher_086c4c72d05daa815c90a325,REFIT_103203,R4_ALT_CEM_2,H_POLICY,1,21,1,False,0,COMPLETE,R7_PREREGISTERED_STRESS_TEST_FRESH_CASES,False
reacher,R7_reacher_086c4c72d05daa815c90a325,REFIT_103203,R4_ALT_CEM_2,H_REAL3_REPLAN,1,21,1,False,0,COMPLETE,R7_PREREGISTERED_STRESS_TEST_FRESH_CASES,True
reacher,R7_reacher_08791dbc55a1c860a9fcba72,H0,R4_ALT_CEM_2,H_POLICY,1,65,3,True,0,COMPLETE,R7_PREREGISTERED_STRESS_TEST_FRESH_CASES,False
reacher,R7_reacher_08791dbc55a1c860a9fcba72,H0,R4_ALT_CEM_2,H_REAL3_REPLAN,1,29,2,True,0,COMPLETE,R7_PREREGISTERED_STRESS_TEST_FRESH_CASES,True
reacher,R7_reacher_08791dbc55a1c860a9fcba72,REFIT_103201,R4_ALT_CEM_2,H_POLICY,1,29,2,True,0,COMPLETE,R7_PREREGISTERED_STRESS_TEST_FRESH_CASES,False
reacher,R7_reacher_08791dbc55a1c860a9fcba72,REFIT_103201,R4_ALT_CEM_2,H_REAL3_REPLAN,1,29,2,True,0,COMPLETE,R7_PREREGISTERED_STRESS_TEST_FRESH_CASES,True
reacher,R7_reacher_08791dbc55a1c860a9fcba72,REFIT_103202,R4_ALT_CEM_2,H_POLICY,1,57,3,True,0,COMPLETE,R7_PREREGISTERED_STRESS_TEST_FRESH_CASES,False
reacher,R7_reacher_08791dbc55a1c860a9fcba72,REFIT_103202,R4_ALT_CEM_2,H_REAL3_REPLAN,1,29,2,True,0,COMPLETE,R7_PREREGISTERED_STRESS_TEST_FRESH_CASES,True
reacher,R7_reacher_08791dbc55a1c860a9fcba72,REFIT_103203,R4_ALT_CEM_2,H_POLICY,1,29,2,True,0,COMPLETE,R7_PREREGISTERED_STRESS_TEST_FRESH_CASES,False
reacher,R7_reacher_08791dbc55a1c860a9fcba72,REFIT_103203,R4_ALT_CEM_2,H_REAL3_REPLAN,1,50,2,True,0,COMPLETE,R7_PREREGISTERED_STRESS_TEST_FRESH_CASES,True
reacher,R7_reacher_087fee4764439c4165778372,H0,R4_ALT_CEM_2,H_POLICY,1,25,1,False,0,COMPLETE,R7_PREREGISTERED_STRESS_TEST_FRESH_CASES,False
reacher,R7_reacher_087fee4764439c4165778372,H0,R4_ALT_CEM_2,H_REAL3_REPLAN,1,25,1,False,0,COMPLETE,R7_PREREGISTERED_STRESS_TEST_FRESH_CASES,True
reacher,R7_reacher_087fee4764439c4165778372,REFIT_103201,R4_ALT_CEM_2,H_POLICY,1,25,1,False,0,COMPLETE,R7_PREREGISTERED_STRESS_TEST_FRESH_CASES,False
reacher,R7_reacher_087fee4764439c4165778372,REFIT_103201,R4_ALT_CEM_2,H_REAL3_REPLAN,1,25,1,False,0,COMPLETE,R7_PREREGISTERED_STRESS_TEST_FRESH_CASES,True
reacher,R7_reacher_087fee4764439c4165778372,REFIT_103202,R4_ALT_CEM_2,H_POLICY,1,25,1,False,0,COMPLETE,R7_PREREGISTERED_STRESS_TEST_FRESH_CASES,False
reacher,R7_reacher_087fee4764439c4165778372,REFIT_103202,R4_ALT_CEM_2,H_REAL3_REPLAN,1,25,1,False,0,COMPLETE,R7_PREREGISTERED_STRESS_TEST_FRESH_CASES,True
reacher,R7_reacher_087fee4764439c4165778372,REFIT_103203,R4_ALT_CEM_2,H_POLICY,1,25,1,False,0,COMPLETE,R7_PREREGISTERED_STRESS_TEST_FRESH_CASES,False
reacher,R7_reacher_087fee4764439c4165778372,REFIT_103203,R4_ALT_CEM_2,H_REAL3_REPLAN,1,25,1,False,0,COMPLETE,R7_PREREGISTERED_STRESS_TEST_FRESH_CASES,True
reacher,R7_reacher_088b36543d147c4483ceca92,H0,R4_ALT_CEM_2,H_POLICY,1,95,4,True,0,COMPLETE,R7_PREREGISTERED_STRESS_TEST_FRESH_CASES,False
reacher,R7_reacher_088b36543d147c4483ceca92,H0,R4_ALT_CEM_2,H_REAL3_REPLAN,1,30,2,True,0,COMPLETE,R7_PREREGISTERED_STRESS_TEST_FRESH_CASES,True
reacher,R7_reacher_088b36543d147c4483ceca92,REFIT_103201,R4_ALT_CEM_2,H_POLICY,1,71,3,True,0,COMPLETE,R7_PREREGISTERED_STRESS_TEST_FRESH_CASES,False
reacher,R7_reacher_088b36543d147c4483ceca92,REFIT_103201,R4_ALT_CEM_2,H_REAL3_REPLAN,1,49,2,True,0,COMPLETE,R7_PREREGISTERED_STRESS_TEST_FRESH_CASES,True
reacher,R7_reacher_088b36543d147c4483ceca92,REFIT_103202,R4_ALT_CEM_2,H_POLICY,1,96,4,True,0,COMPLETE,R7_PREREGISTERED_STRESS_TEST_FRESH_CASES,False
reacher,R7_reacher_088b36543d147c4483ceca92,REFIT_103202,R4_ALT_CEM_2,H_REAL3_REPLAN,1,28,2,True,0,COMPLETE,R7_PREREGISTERED_STRESS_TEST_FRESH_CASES,True
reacher,R7_reacher_088b36543d147c4483ceca92,REFIT_103203,R4_ALT_CEM_2,H_POLICY,1,50,2,True,0,COMPLETE,R7_PREREGISTERED_STRESS_TEST_FRESH_CASES,False
reacher,R7_reacher_088b36543d147c4483ceca92,REFIT_103203,R4_ALT_CEM_2,H_REAL3_REPLAN,1,49,2,True,0,COMPLETE,R7_PREREGISTERED_STRESS_TEST_FRESH_CASES,True
reacher,R7_reacher_0898ef8542627f588c43c97e,H0,R4_ALT_CEM_2,H_POLICY,1,30,2,True,0,COMPLETE,R7_PREREGISTERED_STRESS_TEST_FRESH_CASES,False
reacher,R7_reacher_0898ef8542627f588c43c97e,H0,R4_ALT_CEM_2,H_REAL3_REPLAN,1,32,2,True,0,COMPLETE,R7_PREREGISTERED_STRESS_TEST_FRESH_CASES,True
reacher,R7_reacher_0898ef8542627f588c43c97e,REFIT_103201,R4_ALT_CEM_2,H_POLICY,1,48,2,True,0,COMPLETE,R7_PREREGISTERED_STRESS_TEST_FRESH_CASES,False
reacher,R7_reacher_0898ef8542627f588c43c97e,REFIT_103201,R4_ALT_CEM_2,H_REAL3_REPLAN,1,50,2,True,0,COMPLETE,R7_PREREGISTERED_STRESS_TEST_FRESH_CASES,True
reacher,R7_reacher_0898ef8542627f588c43c97e,REFIT_103202,R4_ALT_CEM_2,H_POLICY,1,24,1,False,0,COMPLETE,R7_PREREGISTERED_STRESS_TEST_FRESH_CASES,False
reacher,R7_reacher_0898ef8542627f588c43c97e,REFIT_103202,R4_ALT_CEM_2,H_REAL3_REPLAN,1,24,1,False,0,COMPLETE,R7_PREREGISTERED_STRESS_TEST_FRESH_CASES,True
reacher,R7_reacher_0898ef8542627f588c43c97e,REFIT_103203,R4_ALT_CEM_2,H_POLICY,1,26,2,True,0,COMPLETE,R7_PREREGISTERED_STRESS_TEST_FRESH_CASES,False
reacher,R7_reacher_0898ef8542627f588c43c97e,REFIT_103203,R4_ALT_CEM_2,H_REAL3_REPLAN,1,26,2,True,0,COMPLETE,R7_PREREGISTERED_STRESS_TEST_FRESH_CASES,True
reacher,R7_reacher_089ca956064f6abdcc5b00c4,H0,R4_ALT_CEM_2,H_POLICY,1,25,1,False,0,COMPLETE,R7_PREREGISTERED_STRESS_TEST_FRESH_CASES,False
reacher,R7_reacher_089ca956064f6abdcc5b00c4,H0,R4_ALT_CEM_2,H_REAL3_REPLAN,1,25,1,False,0,COMPLETE,R7_PREREGISTERED_STRESS_TEST_FRESH_CASES,True
reacher,R7_reacher_089ca956064f6abdcc5b00c4,REFIT_103201,R4_ALT_CEM_2,H_POLICY,1,24,1,False,0,COMPLETE,R7_PREREGISTERED_STRESS_TEST_FRESH_CASES,False
reacher,R7_reacher_089ca956064f6abdcc5b00c4,REFIT_103201,R4_ALT_CEM_2,H_REAL3_REPLAN,1,24,1,False,0,COMPLETE,R7_PREREGISTERED_STRESS_TEST_FRESH_CASES,True
reacher,R7_reacher_089ca956064f6abdcc5b00c4,REFIT_103202,R4_ALT_CEM_2,H_POLICY,1,45,2,True,0,COMPLETE,R7_PREREGISTERED_STRESS_TEST_FRESH_CASES,False
reacher,R7_reacher_089ca956064f6abdcc5b00c4,REFIT_103202,R4_ALT_CEM_2,H_REAL3_REPLAN,1,26,2,True,0,COMPLETE,R7_PREREGISTERED_STRESS_TEST_FRESH_CASES,True
reacher,R7_reacher_089ca956064f6abdcc5b00c4,REFIT_103203,R4_ALT_CEM_2,H_POLICY,1,25,1,False,0,COMPLETE,R7_PREREGISTERED_STRESS_TEST_FRESH_CASES,False
reacher,R7_reacher_089ca956064f6abdcc5b00c4,REFIT_103203,R4_ALT_CEM_2,H_REAL3_REPLAN,1,25,1,False,0,COMPLETE,R7_PREREGISTERED_STRESS_TEST_FRESH_CASES,True
reacher,R7_reacher_08b002f2f2231aebe40703c4,H0,R4_ALT_CEM_2,H_POLICY,1,30,2,True,0,COMPLETE,R7_PREREGISTERED_STRESS_TEST_FRESH_CASES,False
reacher,R7_reacher_08b002f2f2231aebe40703c4,H0,R4_ALT_CEM_2,H_REAL3_REPLAN,1,44,2,True,0,COMPLETE,R7_PREREGISTERED_STRESS_TEST_FRESH_CASES,True
reacher,R7_reacher_08b002f2f2231aebe40703c4,REFIT_103201,R4_ALT_CEM_2,H_POLICY,1,28,2,True,0,COMPLETE,R7_PREREGISTERED_STRESS_TEST_FRESH_CASES,False
reacher,R7_reacher_08b002f2f2231aebe40703c4,REFIT_103201,R4_ALT_CEM_2,H_REAL3_REPLAN,1,27,2,True,0,COMPLETE,R7_PREREGISTERED_STRESS_TEST_FRESH_CASES,True
reacher,R7_reacher_08b002f2f2231aebe40703c4,REFIT_103202,R4_ALT_CEM_2,H_POLICY,1,24,1,False,0,COMPLETE,R7_PREREGISTERED_STRESS_TEST_FRESH_CASES,False
reacher,R7_reacher_08b002f2f2231aebe40703c4,REFIT_103202,R4_ALT_CEM_2,H_REAL3_REPLAN,1,24,1,False,0,COMPLETE,R7_PREREGISTERED_STRESS_TEST_FRESH_CASES,True
reacher,R7_reacher_08b002f2f2231aebe40703c4,REFIT_103203,R4_ALT_CEM_2,H_POLICY,1,48,2,True,0,COMPLETE,R7_PREREGISTERED_STRESS_TEST_FRESH_CASES,False
reacher,R7_reacher_08b002f2f2231aebe40703c4,REFIT_103203,R4_ALT_CEM_2,H_REAL3_REPLAN,1,48,2,True,0,COMPLETE,R7_PREREGISTERED_STRESS_TEST_FRESH_CASES,True
reacher,R7_reacher_08b6bb3c0a0b1b10e1f1ed3a,H0,R4_ALT_CEM_2,H_POLICY,1,28,2,True,0,COMPLETE,R7_PREREGISTERED_STRESS_TEST_FRESH_CASES,False
reacher,R7_reacher_08b6bb3c0a0b1b10e1f1ed3a,H0,R4_ALT_CEM_2,H_REAL3_REPLAN,1,45,2,True,0,COMPLETE,R7_PREREGISTERED_STRESS_TEST_FRESH_CASES,True
reacher,R7_reacher_08b6bb3c0a0b1b10e1f1ed3a,REFIT_103201,R4_ALT_CEM_2,H_POLICY,1,34,2,True,0,COMPLETE,R7_PREREGISTERED_STRESS_TEST_FRESH_CASES,False
reacher,R7_reacher_08b6bb3c0a0b1b10e1f1ed3a,REFIT_103201,R4_ALT_CEM_2,H_REAL3_REPLAN,1,32,2,True,0,COMPLETE,R7_PREREGISTERED_STRESS_TEST_FRESH_CASES,True
reacher,R7_reacher_08b6bb3c0a0b1b10e1f1ed3a,REFIT_103202,R4_ALT_CEM_2,H_POLICY,1,34,2,True,0,COMPLETE,R7_PREREGISTERED_STRESS_TEST_FRESH_CASES,False
reacher,R7_reacher_08b6bb3c0a0b1b10e1f1ed3a,REFIT_103202,R4_ALT_CEM_2,H_REAL3_REPLAN,1,47,2,True,0,COMPLETE,R7_PREREGISTERED_STRESS_TEST_FRESH_CASES,True
reacher,R7_reacher_08b6bb3c0a0b1b10e1f1ed3a,REFIT_103203,R4_ALT_CEM_2,H_POLICY,1,23,1,False,0,COMPLETE,R7_PREREGISTERED_STRESS_TEST_FRESH_CASES,False
reacher,R7_reacher_08b6bb3c0a0b1b10e1f1ed3a,REFIT_103203,R4_ALT_CEM_2,H_REAL3_REPLAN,1,23,1,False,0,COMPLETE,R7_PREREGISTERED_STRESS_TEST_FRESH_CASES,True
reacher,R7_reacher_08bc83b318e508c81fca4627,H0,R4_ALT_CEM_2,H_POLICY,1,1,1,False,0,COMPLETE,R7_PREREGISTERED_STRESS_TEST_FRESH_CASES,False
reacher,R7_reacher_08bc83b318e508c81fca4627,H0,R4_ALT_CEM_2,H_REAL3_REPLAN,1,1,1,False,0,COMPLETE,R7_PREREGISTERED_STRESS_TEST_FRESH_CASES,True
reacher,R7_reacher_08bc83b318e508c81fca4627,REFIT_103201,R4_ALT_CEM_2,H_POLICY,1,1,1,False,0,COMPLETE,R7_PREREGISTERED_STRESS_TEST_FRESH_CASES,False
reacher,R7_reacher_08bc83b318e508c81fca4627,REFIT_103201,R4_ALT_CEM_2,H_REAL3_REPLAN,1,1,1,False,0,COMPLETE,R7_PREREGISTERED_STRESS_TEST_FRESH_CASES,True
reacher,R7_reacher_08bc83b318e508c81fca4627,REFIT_103202,R4_ALT_CEM_2,H_POLICY,1,1,1,False,0,COMPLETE,R7_PREREGISTERED_STRESS_TEST_FRESH_CASES,False
reacher,R7_reacher_08bc83b318e508c81fca4627,REFIT_103202,R4_ALT_CEM_2,H_REAL3_REPLAN,1,1,1,False,0,COMPLETE,R7_PREREGISTERED_STRESS_TEST_FRESH_CASES,True
reacher,R7_reacher_08bc83b318e508c81fca4627,REFIT_103203,R4_ALT_CEM_2,H_POLICY,1,1,1,False,0,COMPLETE,R7_PREREGISTERED_STRESS_TEST_FRESH_CASES,False
reacher,R7_reacher_08bc83b318e508c81fca4627,REFIT_103203,R4_ALT_CEM_2,H_REAL3_REPLAN,1,1,1,False,0,COMPLETE,R7_PREREGISTERED_STRESS_TEST_FRESH_CASES,True
reacher,R7_reacher_08d1c4ab87ecc0d2ce5c0af5,H0,R4_ALT_CEM_2,H_POLICY,1,24,1,False,0,COMPLETE,R7_PREREGISTERED_STRESS_TEST_FRESH_CASES,False
reacher,R7_reacher_08d1c4ab87ecc0d2ce5c0af5,H0,R4_ALT_CEM_2,H_REAL3_REPLAN,1,24,1,False,0,COMPLETE,R7_PREREGISTERED_STRESS_TEST_FRESH_CASES,True
reacher,R7_reacher_08d1c4ab87ecc0d2ce5c0af5,REFIT_103201,R4_ALT_CEM_2,H_POLICY,1,25,1,False,0,COMPLETE,R7_PREREGISTERED_STRESS_TEST_FRESH_CASES,False
reacher,R7_reacher_08d1c4ab87ecc0d2ce5c0af5,REFIT_103201,R4_ALT_CEM_2,H_REAL3_REPLAN,1,25,1,False,0,COMPLETE,R7_PREREGISTERED_STRESS_TEST_FRESH_CASES,True
reacher,R7_reacher_08d1c4ab87ecc0d2ce5c0af5,REFIT_103202,R4_ALT_CEM_2,H_POLICY,1,25,1,False,0,COMPLETE,R7_PREREGISTERED_STRESS_TEST_FRESH_CASES,False
reacher,R7_reacher_08d1c4ab87ecc0d2ce5c0af5,REFIT_103202,R4_ALT_CEM_2,H_REAL3_REPLAN,1,25,1,False,0,COMPLETE,R7_PREREGISTERED_STRESS_TEST_FRESH_CASES,True
reacher,R7_reacher_08d1c4ab87ecc0d2ce5c0af5,REFIT_103203,R4_ALT_CEM_2,H_POLICY,1,25,1,False,0,COMPLETE,R7_PREREGISTERED_STRESS_TEST_FRESH_CASES,False
reacher,R7_reacher_08d1c4ab87ecc0d2ce5c0af5,REFIT_103203,R4_ALT_CEM_2,H_REAL3_REPLAN,1,25,1,False,0,COMPLETE,R7_PREREGISTERED_STRESS_TEST_FRESH_CASES,True
reacher,R7_reacher_08df79c04682c5e1c9699ea6,H0,R4_ALT_CEM_2,H_POLICY,1,12,1,False,0,COMPLETE,R7_PREREGISTERED_STRESS_TEST_FRESH_CASES,False
reacher,R7_reacher_08df79c04682c5e1c9699ea6,H0,R4_ALT_CEM_2,H_REAL3_REPLAN,1,12,1,False,0,COMPLETE,R7_PREREGISTERED_STRESS_TEST_FRESH_CASES,True
reacher,R7_reacher_08df79c04682c5e1c9699ea6,REFIT_103201,R4_ALT_CEM_2,H_POLICY,1,52,3,True,0,COMPLETE,R7_PREREGISTERED_STRESS_TEST_FRESH_CASES,False
reacher,R7_reacher_08df79c04682c5e1c9699ea6,REFIT_103201,R4_ALT_CEM_2,H_REAL3_REPLAN,1,49,2,True,0,COMPLETE,R7_PREREGISTERED_STRESS_TEST_FRESH_CASES,True
reacher,R7_reacher_08df79c04682c5e1c9699ea6,REFIT_103202,R4_ALT_CEM_2,H_POLICY,1,12,1,False,0,COMPLETE,R7_PREREGISTERED_STRESS_TEST_FRESH_CASES,False
reacher,R7_reacher_08df79c04682c5e1c9699ea6,REFIT_103202,R4_ALT_CEM_2,H_REAL3_REPLAN,1,12,1,False,0,COMPLETE,R7_PREREGISTERED_STRESS_TEST_FRESH_CASES,True
reacher,R7_reacher_08df79c04682c5e1c9699ea6,REFIT_103203,R4_ALT_CEM_2,H_POLICY,1,12,1,False,0,COMPLETE,R7_PREREGISTERED_STRESS_TEST_FRESH_CASES,False
reacher,R7_reacher_08df79c04682c5e1c9699ea6,REFIT_103203,R4_ALT_CEM_2,H_REAL3_REPLAN,1,12,1,False,0,COMPLETE,R7_PREREGISTERED_STRESS_TEST_FRESH_CASES,True
reacher,R7_reacher_08fc09b71294c5eaa37fe053,H0,R4_ALT_CEM_2,H_POLICY,1,53,3,True,0,COMPLETE,R7_PREREGISTERED_STRESS_TEST_FRESH_CASES,False
reacher,R7_reacher_08fc09b71294c5eaa37fe053,H0,R4_ALT_CEM_2,H_REAL3_REPLAN,1,47,2,True,0,COMPLETE,R7_PREREGISTERED_STRESS_TEST_FRESH_CASES,True
reacher,R7_reacher_08fc09b71294c5eaa37fe053,REFIT_103201,R4_ALT_CEM_2,H_POLICY,1,96,4,True,0,COMPLETE,R7_PREREGISTERED_STRESS_TEST_FRESH_CASES,False
reacher,R7_reacher_08fc09b71294c5eaa37fe053,REFIT_103201,R4_ALT_CEM_2,H_REAL3_REPLAN,1,35,2,True,0,COMPLETE,R7_PREREGISTERED_STRESS_TEST_FRESH_CASES,True
reacher,R7_reacher_08fc09b71294c5eaa37fe053,REFIT_103202,R4_ALT_CEM_2,H_POLICY,1,70,3,True,0,COMPLETE,R7_PREREGISTERED_STRESS_TEST_FRESH_CASES,False
reacher,R7_reacher_08fc09b71294c5eaa37fe053,REFIT_103202,R4_ALT_CEM_2,H_REAL3_REPLAN,1,41,2,True,0,COMPLETE,R7_PREREGISTERED_STRESS_TEST_FRESH_CASES,True
reacher,R7_reacher_08fc09b71294c5eaa37fe053,REFIT_103203,R4_ALT_CEM_2,H_POLICY,1,87,4,True,0,COMPLETE,R7_PREREGISTERED_STRESS_TEST_FRESH_CASES,False
reacher,R7_reacher_08fc09b71294c5eaa37fe053,REFIT_103203,R4_ALT_CEM_2,H_REAL3_REPLAN,1,46,2,True,0,COMPLETE,R7_PREREGISTERED_STRESS_TEST_FRESH_CASES,True
reacher,R7_reacher_091ccb5d4011f535188486f5,H0,R4_ALT_CEM_2,H_POLICY,1,27,2,True,0,COMPLETE,R7_PREREGISTERED_STRESS_TEST_FRESH_CASES,False
reacher,R7_reacher_091ccb5d4011f535188486f5,H0,R4_ALT_CEM_2,H_REAL3_REPLAN,1,29,2,True,0,COMPLETE,R7_PREREGISTERED_STRESS_TEST_FRESH_CASES,True
reacher,R7_reacher_091ccb5d4011f535188486f5,REFIT_103201,R4_ALT_CEM_2,H_POLICY,1,21,1,False,0,COMPLETE,R7_PREREGISTERED_STRESS_TEST_FRESH_CASES,False
reacher,R7_reacher_091ccb5d4011f535188486f5,REFIT_103201,R4_ALT_CEM_2,H_REAL3_REPLAN,1,21,1,False,0,COMPLETE,R7_PREREGISTERED_STRESS_TEST_FRESH_CASES,True
reacher,R7_reacher_091ccb5d4011f535188486f5,REFIT_103202,R4_ALT_CEM_2,H_POLICY,1,24,1,False,0,COMPLETE,R7_PREREGISTERED_STRESS_TEST_FRESH_CASES,False
reacher,R7_reacher_091ccb5d4011f535188486f5,REFIT_103202,R4_ALT_CEM_2,H_REAL3_REPLAN,1,24,1,False,0,COMPLETE,R7_PREREGISTERED_STRESS_TEST_FRESH_CASES,True
reacher,R7_reacher_091ccb5d4011f535188486f5,REFIT_103203,R4_ALT_CEM_2,H_POLICY,1,22,1,False,0,COMPLETE,R7_PREREGISTERED_STRESS_TEST_FRESH_CASES,False
reacher,R7_reacher_091ccb5d4011f535188486f5,REFIT_103203,R4_ALT_CEM_2,H_REAL3_REPLAN,1,22,1,False,0,COMPLETE,R7_PREREGISTERED_STRESS_TEST_FRESH_CASES,True
reacher,R7_reacher_09259855026d6f58fbb4bfa3,H0,R4_ALT_CEM_2,H_POLICY,1,24,1,False,0,COMPLETE,R7_PREREGISTERED_STRESS_TEST_FRESH_CASES,False
reacher,R7_reacher_09259855026d6f58fbb4bfa3,H0,R4_ALT_CEM_2,H_REAL3_REPLAN,1,24,1,False,0,COMPLETE,R7_PREREGISTERED_STRESS_TEST_FRESH_CASES,True
reacher,R7_reacher_09259855026d6f58fbb4bfa3,REFIT_103201,R4_ALT_CEM_2,H_POLICY,1,24,1,False,0,COMPLETE,R7_PREREGISTERED_STRESS_TEST_FRESH_CASES,False
reacher,R7_reacher_09259855026d6f58fbb4bfa3,REFIT_103201,R4_ALT_CEM_2,H_REAL3_REPLAN,1,24,1,False,0,COMPLETE,R7_PREREGISTERED_STRESS_TEST_FRESH_CASES,True
reacher,R7_reacher_09259855026d6f58fbb4bfa3,REFIT_103202,R4_ALT_CEM_2,H_POLICY,1,23,1,False,0,COMPLETE,R7_PREREGISTERED_STRESS_TEST_FRESH_CASES,False
reacher,R7_reacher_09259855026d6f58fbb4bfa3,REFIT_103202,R4_ALT_CEM_2,H_REAL3_REPLAN,1,23,1,False,0,COMPLETE,R7_PREREGISTERED_STRESS_TEST_FRESH_CASES,True
reacher,R7_reacher_09259855026d6f58fbb4bfa3,REFIT_103203,R4_ALT_CEM_2,H_POLICY,1,22,1,False,0,COMPLETE,R7_PREREGISTERED_STRESS_TEST_FRESH_CASES,False
reacher,R7_reacher_09259855026d6f58fbb4bfa3,REFIT_103203,R4_ALT_CEM_2,H_REAL3_REPLAN,1,22,1,False,0,COMPLETE,R7_PREREGISTERED_STRESS_TEST_FRESH_CASES,True
reacher,R7_reacher_09556a74785e2e4e22db9270,H0,R4_ALT_CEM_2,H_POLICY,1,48,2,True,0,COMPLETE,R7_PREREGISTERED_STRESS_TEST_FRESH_CASES,False
reacher,R7_reacher_09556a74785e2e4e22db9270,H0,R4_ALT_CEM_2,H_REAL3_REPLAN,1,26,2,True,0,COMPLETE,R7_PREREGISTERED_STRESS_TEST_FRESH_CASES,True
reacher,R7_reacher_09556a74785e2e4e22db9270,REFIT_103201,R4_ALT_CEM_2,H_POLICY,0,100,4,True,0,COMPLETE,R7_PREREGISTERED_STRESS_TEST_FRESH_CASES,False
reacher,R7_reacher_09556a74785e2e4e22db9270,REFIT_103201,R4_ALT_CEM_2,H_REAL3_REPLAN,1,55,3,True,0,COMPLETE,R7_PREREGISTERED_STRESS_TEST_FRESH_CASES,True
reacher,R7_reacher_09556a74785e2e4e22db9270,REFIT_103202,R4_ALT_CEM_2,H_POLICY,1,54,3,True,0,COMPLETE,R7_PREREGISTERED_STRESS_TEST_FRESH_CASES,False
reacher,R7_reacher_09556a74785e2e4e22db9270,REFIT_103202,R4_ALT_CEM_2,H_REAL3_REPLAN,1,75,3,True,0,COMPLETE,R7_PREREGISTERED_STRESS_TEST_FRESH_CASES,True
reacher,R7_reacher_09556a74785e2e4e22db9270,REFIT_103203,R4_ALT_CEM_2,H_POLICY,1,75,3,True,0,COMPLETE,R7_PREREGISTERED_STRESS_TEST_FRESH_CASES,False
reacher,R7_reacher_09556a74785e2e4e22db9270,REFIT_103203,R4_ALT_CEM_2,H_REAL3_REPLAN,1,50,2,True,0,COMPLETE,R7_PREREGISTERED_STRESS_TEST_FRESH_CASES,True
reacher,R7_reacher_09672a546ecc9cd8836e6f36,H0,R4_ALT_CEM_2,H_POLICY,1,23,1,False,0,COMPLETE,R7_PREREGISTERED_STRESS_TEST_FRESH_CASES,False
reacher,R7_reacher_09672a546ecc9cd8836e6f36,H0,R4_ALT_CEM_2,H_REAL3_REPLAN,1,23,1,False,0,COMPLETE,R7_PREREGISTERED_STRESS_TEST_FRESH_CASES,True
reacher,R7_reacher_09672a546ecc9cd8836e6f36,REFIT_103201,R4_ALT_CEM_2,H_POLICY,1,17,1,False,0,COMPLETE,R7_PREREGISTERED_STRESS_TEST_FRESH_CASES,False
reacher,R7_reacher_09672a546ecc9cd8836e6f36,REFIT_103201,R4_ALT_CEM_2,H_REAL3_REPLAN,1,17,1,False,0,COMPLETE,R7_PREREGISTERED_STRESS_TEST_FRESH_CASES,True
reacher,R7_reacher_09672a546ecc9cd8836e6f36,REFIT_103202,R4_ALT_CEM_2,H_POLICY,1,23,1,False,0,COMPLETE,R7_PREREGISTERED_STRESS_TEST_FRESH_CASES,False
reacher,R7_reacher_09672a546ecc9cd8836e6f36,REFIT_103202,R4_ALT_CEM_2,H_REAL3_REPLAN,1,23,1,False,0,COMPLETE,R7_PREREGISTERED_STRESS_TEST_FRESH_CASES,True
reacher,R7_reacher_09672a546ecc9cd8836e6f36,REFIT_103203,R4_ALT_CEM_2,H_POLICY,1,23,1,False,0,COMPLETE,R7_PREREGISTERED_STRESS_TEST_FRESH_CASES,False
reacher,R7_reacher_09672a546ecc9cd8836e6f36,REFIT_103203,R4_ALT_CEM_2,H_REAL3_REPLAN,1,23,1,False,0,COMPLETE,R7_PREREGISTERED_STRESS_TEST_FRESH_CASES,True
reacher,R7_reacher_09a47861d324c4e18bb27656,H0,R4_ALT_CEM_2,H_POLICY,1,24,1,False,0,COMPLETE,R7_PREREGISTERED_STRESS_TEST_FRESH_CASES,False
reacher,R7_reacher_09a47861d324c4e18bb27656,H0,R4_ALT_CEM_2,H_REAL3_REPLAN,1,24,1,False,0,COMPLETE,R7_PREREGISTERED_STRESS_TEST_FRESH_CASES,True
reacher,R7_reacher_09a47861d324c4e18bb27656,REFIT_103201,R4_ALT_CEM_2,H_POLICY,1,24,1,False,0,COMPLETE,R7_PREREGISTERED_STRESS_TEST_FRESH_CASES,False
reacher,R7_reacher_09a47861d324c4e18bb27656,REFIT_103201,R4_ALT_CEM_2,H_REAL3_REPLAN,1,24,1,False,0,COMPLETE,R7_PREREGISTERED_STRESS_TEST_FRESH_CASES,True
reacher,R7_reacher_09a47861d324c4e18bb27656,REFIT_103202,R4_ALT_CEM_2,H_POLICY,1,25,1,False,0,COMPLETE,R7_PREREGISTERED_STRESS_TEST_FRESH_CASES,False
reacher,R7_reacher_09a47861d324c4e18bb27656,REFIT_103202,R4_ALT_CEM_2,H_REAL3_REPLAN,1,25,1,False,0,COMPLETE,R7_PREREGISTERED_STRESS_TEST_FRESH_CASES,True
reacher,R7_reacher_09a47861d324c4e18bb27656,REFIT_103203,R4_ALT_CEM_2,H_POLICY,1,25,1,False,0,COMPLETE,R7_PREREGISTERED_STRESS_TEST_FRESH_CASES,False
reacher,R7_reacher_09a47861d324c4e18bb27656,REFIT_103203,R4_ALT_CEM_2,H_REAL3_REPLAN,1,25,1,False,0,COMPLETE,R7_PREREGISTERED_STRESS_TEST_FRESH_CASES,True
reacher,R7_reacher_09c5603a7991e4c9b46a1bef,H0,R4_ALT_CEM_2,H_POLICY,1,23,1,False,0,COMPLETE,R7_PREREGISTERED_STRESS_TEST_FRESH_CASES,False
reacher,R7_reacher_09c5603a7991e4c9b46a1bef,H0,R4_ALT_CEM_2,H_REAL3_REPLAN,1,23,1,False,0,COMPLETE,R7_PREREGISTERED_STRESS_TEST_FRESH_CASES,True
reacher,R7_reacher_09c5603a7991e4c9b46a1bef,REFIT_103201,R4_ALT_CEM_2,H_POLICY,1,28,2,True,0,COMPLETE,R7_PREREGISTERED_STRESS_TEST_FRESH_CASES,False
reacher,R7_reacher_09c5603a7991e4c9b46a1bef,REFIT_103201,R4_ALT_CEM_2,H_REAL3_REPLAN,1,35,2,True,0,COMPLETE,R7_PREREGISTERED_STRESS_TEST_FRESH_CASES,True
reacher,R7_reacher_09c5603a7991e4c9b46a1bef,REFIT_103202,R4_ALT_CEM_2,H_POLICY,1,25,1,False,0,COMPLETE,R7_PREREGISTERED_STRESS_TEST_FRESH_CASES,False
reacher,R7_reacher_09c5603a7991e4c9b46a1bef,REFIT_103202,R4_ALT_CEM_2,H_REAL3_REPLAN,1,25,1,False,0,COMPLETE,R7_PREREGISTERED_STRESS_TEST_FRESH_CASES,True
reacher,R7_reacher_09c5603a7991e4c9b46a1bef,REFIT_103203,R4_ALT_CEM_2,H_POLICY,1,25,1,False,0,COMPLETE,R7_PREREGISTERED_STRESS_TEST_FRESH_CASES,False
reacher,R7_reacher_09c5603a7991e4c9b46a1bef,REFIT_103203,R4_ALT_CEM_2,H_REAL3_REPLAN,1,25,1,False,0,COMPLETE,R7_PREREGISTERED_STRESS_TEST_FRESH_CASES,True
reacher,R7_reacher_09da30f4c789c1a93d39016e,H0,R4_ALT_CEM_2,H_POLICY,1,48,2,True,0,COMPLETE,R7_PREREGISTERED_STRESS_TEST_FRESH_CASES,False
reacher,R7_reacher_09da30f4c789c1a93d39016e,H0,R4_ALT_CEM_2,H_REAL3_REPLAN,1,53,3,True,0,COMPLETE,R7_PREREGISTERED_STRESS_TEST_FRESH_CASES,True
reacher,R7_reacher_09da30f4c789c1a93d39016e,REFIT_103201,R4_ALT_CEM_2,H_POLICY,1,25,1,False,0,COMPLETE,R7_PREREGISTERED_STRESS_TEST_FRESH_CASES,False
reacher,R7_reacher_09da30f4c789c1a93d39016e,REFIT_103201,R4_ALT_CEM_2,H_REAL3_REPLAN,1,25,1,False,0,COMPLETE,R7_PREREGISTERED_STRESS_TEST_FRESH_CASES,True
reacher,R7_reacher_09da30f4c789c1a93d39016e,REFIT_103202,R4_ALT_CEM_2,H_POLICY,1,25,1,False,0,COMPLETE,R7_PREREGISTERED_STRESS_TEST_FRESH_CASES,False
reacher,R7_reacher_09da30f4c789c1a93d39016e,REFIT_103202,R4_ALT_CEM_2,H_REAL3_REPLAN,1,25,1,False,0,COMPLETE,R7_PREREGISTERED_STRESS_TEST_FRESH_CASES,True
reacher,R7_reacher_09da30f4c789c1a93d39016e,REFIT_103203,R4_ALT_CEM_2,H_POLICY,1,25,1,False,0,COMPLETE,R7_PREREGISTERED_STRESS_TEST_FRESH_CASES,False
reacher,R7_reacher_09da30f4c789c1a93d39016e,REFIT_103203,R4_ALT_CEM_2,H_REAL3_REPLAN,1,25,1,False,0,COMPLETE,R7_PREREGISTERED_STRESS_TEST_FRESH_CASES,True
reacher,R7_reacher_09de8c6be6909b99d19eda26,H0,R4_ALT_CEM_2,H_POLICY,1,22,1,False,0,COMPLETE,R7_PREREGISTERED_STRESS_TEST_FRESH_CASES,False
reacher,R7_reacher_09de8c6be6909b99d19eda26,H0,R4_ALT_CEM_2,H_REAL3_REPLAN,1,22,1,False,0,COMPLETE,R7_PREREGISTERED_STRESS_TEST_FRESH_CASES,True
reacher,R7_reacher_09de8c6be6909b99d19eda26,REFIT_103201,R4_ALT_CEM_2,H_POLICY,1,51,3,True,0,COMPLETE,R7_PREREGISTERED_STRESS_TEST_FRESH_CASES,False
reacher,R7_reacher_09de8c6be6909b99d19eda26,REFIT_103201,R4_ALT_CEM_2,H_REAL3_REPLAN,1,50,2,True,0,COMPLETE,R7_PREREGISTERED_STRESS_TEST_FRESH_CASES,True
reacher,R7_reacher_09de8c6be6909b99d19eda26,REFIT_103202,R4_ALT_CEM_2,H_POLICY,1,25,1,False,0,COMPLETE,R7_PREREGISTERED_STRESS_TEST_FRESH_CASES,False
reacher,R7_reacher_09de8c6be6909b99d19eda26,REFIT_103202,R4_ALT_CEM_2,H_REAL3_REPLAN,1,25,1,False,0,COMPLETE,R7_PREREGISTERED_STRESS_TEST_FRESH_CASES,True
reacher,R7_reacher_09de8c6be6909b99d19eda26,REFIT_103203,R4_ALT_CEM_2,H_POLICY,1,27,2,True,0,COMPLETE,R7_PREREGISTERED_STRESS_TEST_FRESH_CASES,False
reacher,R7_reacher_09de8c6be6909b99d19eda26,REFIT_103203,R4_ALT_CEM_2,H_REAL3_REPLAN,1,26,2,True,0,COMPLETE,R7_PREREGISTERED_STRESS_TEST_FRESH_CASES,True
reacher,R7_reacher_09e0272740f157016da6f4c2,H0,R4_ALT_CEM_2,H_POLICY,1,26,2,True,0,COMPLETE,R7_PREREGISTERED_STRESS_TEST_FRESH_CASES,False
reacher,R7_reacher_09e0272740f157016da6f4c2,H0,R4_ALT_CEM_2,H_REAL3_REPLAN,1,49,2,True,0,COMPLETE,R7_PREREGISTERED_STRESS_TEST_FRESH_CASES,True
reacher,R7_reacher_09e0272740f157016da6f4c2,REFIT_103201,R4_ALT_CEM_2,H_POLICY,1,15,1,False,0,COMPLETE,R7_PREREGISTERED_STRESS_TEST_FRESH_CASES,False
reacher,R7_reacher_09e0272740f157016da6f4c2,REFIT_103201,R4_ALT_CEM_2,H_REAL3_REPLAN,1,15,1,False,0,COMPLETE,R7_PREREGISTERED_STRESS_TEST_FRESH_CASES,True
reacher,R7_reacher_09e0272740f157016da6f4c2,REFIT_103202,R4_ALT_CEM_2,H_POLICY,1,25,1,False,0,COMPLETE,R7_PREREGISTERED_STRESS_TEST_FRESH_CASES,False
reacher,R7_reacher_09e0272740f157016da6f4c2,REFIT_103202,R4_ALT_CEM_2,H_REAL3_REPLAN,1,25,1,False,0,COMPLETE,R7_PREREGISTERED_STRESS_TEST_FRESH_CASES,True
reacher,R7_reacher_09e0272740f157016da6f4c2,REFIT_103203,R4_ALT_CEM_2,H_POLICY,1,25,1,False,0,COMPLETE,R7_PREREGISTERED_STRESS_TEST_FRESH_CASES,False
reacher,R7_reacher_09e0272740f157016da6f4c2,REFIT_103203,R4_ALT_CEM_2,H_REAL3_REPLAN,1,25,1,False,0,COMPLETE,R7_PREREGISTERED_STRESS_TEST_FRESH_CASES,True
reacher,R7_reacher_0a586d622d11a2001b814ccf,H0,R4_ALT_CEM_2,H_POLICY,1,21,1,False,0,COMPLETE,R7_PREREGISTERED_STRESS_TEST_FRESH_CASES,False
reacher,R7_reacher_0a586d622d11a2001b814ccf,H0,R4_ALT_CEM_2,H_REAL3_REPLAN,1,21,1,False,0,COMPLETE,R7_PREREGISTERED_STRESS_TEST_FRESH_CASES,True
reacher,R7_reacher_0a586d622d11a2001b814ccf,REFIT_103201,R4_ALT_CEM_2,H_POLICY,1,50,2,True,0,COMPLETE,R7_PREREGISTERED_STRESS_TEST_FRESH_CASES,False
reacher,R7_reacher_0a586d622d11a2001b814ccf,REFIT_103201,R4_ALT_CEM_2,H_REAL3_REPLAN,1,47,2,True,0,COMPLETE,R7_PREREGISTERED_STRESS_TEST_FRESH_CASES,True
reacher,R7_reacher_0a586d622d11a2001b814ccf,REFIT_103202,R4_ALT_CEM_2,H_POLICY,1,45,2,True,0,COMPLETE,R7_PREREGISTERED_STRESS_TEST_FRESH_CASES,False
reacher,R7_reacher_0a586d622d11a2001b814ccf,REFIT_103202,R4_ALT_CEM_2,H_REAL3_REPLAN,1,34,2,True,0,COMPLETE,R7_PREREGISTERED_STRESS_TEST_FRESH_CASES,True
reacher,R7_reacher_0a586d622d11a2001b814ccf,REFIT_103203,R4_ALT_CEM_2,H_POLICY,1,33,2,True,0,COMPLETE,R7_PREREGISTERED_STRESS_TEST_FRESH_CASES,False
reacher,R7_reacher_0a586d622d11a2001b814ccf,REFIT_103203,R4_ALT_CEM_2,H_REAL3_REPLAN,1,47,2,True,0,COMPLETE,R7_PREREGISTERED_STRESS_TEST_FRESH_CASES,True
reacher,R7_reacher_0a62a34ae820f9440c1f6773,H0,R4_ALT_CEM_2,H_POLICY,1,47,2,True,0,COMPLETE,R7_PREREGISTERED_STRESS_TEST_FRESH_CASES,False
reacher,R7_reacher_0a62a34ae820f9440c1f6773,H0,R4_ALT_CEM_2,H_REAL3_REPLAN,1,45,2,True,0,COMPLETE,R7_PREREGISTERED_STRESS_TEST_FRESH_CASES,True
reacher,R7_reacher_0a62a34ae820f9440c1f6773,REFIT_103201,R4_ALT_CEM_2,H_POLICY,1,15,1,False,0,COMPLETE,R7_PREREGISTERED_STRESS_TEST_FRESH_CASES,False
reacher,R7_reacher_0a62a34ae820f9440c1f6773,REFIT_103201,R4_ALT_CEM_2,H_REAL3_REPLAN,1,15,1,False,0,COMPLETE,R7_PREREGISTERED_STRESS_TEST_FRESH_CASES,True
reacher,R7_reacher_0a62a34ae820f9440c1f6773,REFIT_103202,R4_ALT_CEM_2,H_POLICY,1,29,2,True,0,COMPLETE,R7_PREREGISTERED_STRESS_TEST_FRESH_CASES,False
reacher,R7_reacher_0a62a34ae820f9440c1f6773,REFIT_103202,R4_ALT_CEM_2,H_REAL3_REPLAN,1,47,2,True,0,COMPLETE,R7_PREREGISTERED_STRESS_TEST_FRESH_CASES,True
reacher,R7_reacher_0a62a34ae820f9440c1f6773,REFIT_103203,R4_ALT_CEM_2,H_POLICY,1,29,2,True,0,COMPLETE,R7_PREREGISTERED_STRESS_TEST_FRESH_CASES,False
reacher,R7_reacher_0a62a34ae820f9440c1f6773,REFIT_103203,R4_ALT_CEM_2,H_REAL3_REPLAN,1,41,2,True,0,COMPLETE,R7_PREREGISTERED_STRESS_TEST_FRESH_CASES,True
reacher,R7_reacher_0a7092c7dff7225532cf04b5,H0,R4_ALT_CEM_2,H_POLICY,1,43,2,True,0,COMPLETE,R7_PREREGISTERED_STRESS_TEST_FRESH_CASES,False
reacher,R7_reacher_0a7092c7dff7225532cf04b5,H0,R4_ALT_CEM_2,H_REAL3_REPLAN,1,27,2,True,0,COMPLETE,R7_PREREGISTERED_STRESS_TEST_FRESH_CASES,True
reacher,R7_reacher_0a7092c7dff7225532cf04b5,REFIT_103201,R4_ALT_CEM_2,H_POLICY,1,51,3,True,0,COMPLETE,R7_PREREGISTERED_STRESS_TEST_FRESH_CASES,False
reacher,R7_reacher_0a7092c7dff7225532cf04b5,REFIT_103201,R4_ALT_CEM_2,H_REAL3_REPLAN,1,49,2,True,0,COMPLETE,R7_PREREGISTERED_STRESS_TEST_FRESH_CASES,True
reacher,R7_reacher_0a7092c7dff7225532cf04b5,REFIT_103202,R4_ALT_CEM_2,H_POLICY,1,38,2,True,0,COMPLETE,R7_PREREGISTERED_STRESS_TEST_FRESH_CASES,False
reacher,R7_reacher_0a7092c7dff7225532cf04b5,REFIT_103202,R4_ALT_CEM_2,H_REAL3_REPLAN,1,28,2,True,0,COMPLETE,R7_PREREGISTERED_STRESS_TEST_FRESH_CASES,True
reacher,R7_reacher_0a7092c7dff7225532cf04b5,REFIT_103203,R4_ALT_CEM_2,H_POLICY,1,30,2,True,0,COMPLETE,R7_PREREGISTERED_STRESS_TEST_FRESH_CASES,False
reacher,R7_reacher_0a7092c7dff7225532cf04b5,REFIT_103203,R4_ALT_CEM_2,H_REAL3_REPLAN,1,32,2,True,0,COMPLETE,R7_PREREGISTERED_STRESS_TEST_FRESH_CASES,True
reacher,R7_reacher_0a9eb0622d96e0949ad35106,H0,R4_ALT_CEM_2,H_POLICY,1,3,1,False,0,COMPLETE,R7_PREREGISTERED_STRESS_TEST_FRESH_CASES,False
reacher,R7_reacher_0a9eb0622d96e0949ad35106,H0,R4_ALT_CEM_2,H_REAL3_REPLAN,1,3,1,False,0,COMPLETE,R7_PREREGISTERED_STRESS_TEST_FRESH_CASES,True
reacher,R7_reacher_0a9eb0622d96e0949ad35106,REFIT_103201,R4_ALT_CEM_2,H_POLICY,1,2,1,False,0,COMPLETE,R7_PREREGISTERED_STRESS_TEST_FRESH_CASES,False
reacher,R7_reacher_0a9eb0622d96e0949ad35106,REFIT_103201,R4_ALT_CEM_2,H_REAL3_REPLAN,1,2,1,False,0,COMPLETE,R7_PREREGISTERED_STRESS_TEST_FRESH_CASES,True
reacher,R7_reacher_0a9eb0622d96e0949ad35106,REFIT_103202,R4_ALT_CEM_2,H_POLICY,1,5,1,False,0,COMPLETE,R7_PREREGISTERED_STRESS_TEST_FRESH_CASES,False
reacher,R7_reacher_0a9eb0622d96e0949ad35106,REFIT_103202,R4_ALT_CEM_2,H_REAL3_REPLAN,1,5,1,False,0,COMPLETE,R7_PREREGISTERED_STRESS_TEST_FRESH_CASES,True
reacher,R7_reacher_0a9eb0622d96e0949ad35106,REFIT_103203,R4_ALT_CEM_2,H_POLICY,1,4,1,False,0,COMPLETE,R7_PREREGISTERED_STRESS_TEST_FRESH_CASES,False
reacher,R7_reacher_0a9eb0622d96e0949ad35106,REFIT_103203,R4_ALT_CEM_2,H_REAL3_REPLAN,1,4,1,False,0,COMPLETE,R7_PREREGISTERED_STRESS_TEST_FRESH_CASES,True
reacher,R7_reacher_0ad48b70d7fa4db6f6b5c8a3,H0,R4_ALT_CEM_2,H_POLICY,1,50,2,True,0,COMPLETE,R7_PREREGISTERED_STRESS_TEST_FRESH_CASES,False
reacher,R7_reacher_0ad48b70d7fa4db6f6b5c8a3,H0,R4_ALT_CEM_2,H_REAL3_REPLAN,1,50,2,True,0,COMPLETE,R7_PREREGISTERED_STRESS_TEST_FRESH_CASES,True
reacher,R7_reacher_0ad48b70d7fa4db6f6b5c8a3,REFIT_103201,R4_ALT_CEM_2,H_POLICY,0,100,4,True,0,COMPLETE,R7_PREREGISTERED_STRESS_TEST_FRESH_CASES,False
reacher,R7_reacher_0ad48b70d7fa4db6f6b5c8a3,REFIT_103201,R4_ALT_CEM_2,H_REAL3_REPLAN,0,100,4,True,0,COMPLETE,R7_PREREGISTERED_STRESS_TEST_FRESH_CASES,True
reacher,R7_reacher_0ad48b70d7fa4db6f6b5c8a3,REFIT_103202,R4_ALT_CEM_2,H_POLICY,0,100,4,True,0,COMPLETE,R7_PREREGISTERED_STRESS_TEST_FRESH_CASES,False
reacher,R7_reacher_0ad48b70d7fa4db6f6b5c8a3,REFIT_103202,R4_ALT_CEM_2,H_REAL3_REPLAN,0,100,4,True,0,COMPLETE,R7_PREREGISTERED_STRESS_TEST_FRESH_CASES,True
reacher,R7_reacher_0ad48b70d7fa4db6f6b5c8a3,REFIT_103203,R4_ALT_CEM_2,H_POLICY,0,100,4,True,0,COMPLETE,R7_PREREGISTERED_STRESS_TEST_FRESH_CASES,False
reacher,R7_reacher_0ad48b70d7fa4db6f6b5c8a3,REFIT_103203,R4_ALT_CEM_2,H_REAL3_REPLAN,0,100,4,True,0,COMPLETE,R7_PREREGISTERED_STRESS_TEST_FRESH_CASES,True
reacher,R7_reacher_0ae787fe84f6e2a36330fd57,H0,R4_ALT_CEM_2,H_POLICY,0,100,4,True,0,COMPLETE,R7_PREREGISTERED_STRESS_TEST_FRESH_CASES,False
reacher,R7_reacher_0ae787fe84f6e2a36330fd57,H0,R4_ALT_CEM_2,H_REAL3_REPLAN,0,100,4,True,0,COMPLETE,R7_PREREGISTERED_STRESS_TEST_FRESH_CASES,True
reacher,R7_reacher_0ae787fe84f6e2a36330fd57,REFIT_103201,R4_ALT_CEM_2,H_POLICY,1,50,2,True,0,COMPLETE,R7_PREREGISTERED_STRESS_TEST_FRESH_CASES,False
reacher,R7_reacher_0ae787fe84f6e2a36330fd57,REFIT_103201,R4_ALT_CEM_2,H_REAL3_REPLAN,1,41,2,True,0,COMPLETE,R7_PREREGISTERED_STRESS_TEST_FRESH_CASES,True
reacher,R7_reacher_0ae787fe84f6e2a36330fd57,REFIT_103202,R4_ALT_CEM_2,H_POLICY,1,42,2,True,0,COMPLETE,R7_PREREGISTERED_STRESS_TEST_FRESH_CASES,False
reacher,R7_reacher_0ae787fe84f6e2a36330fd57,REFIT_103202,R4_ALT_CEM_2,H_REAL3_REPLAN,1,41,2,True,0,COMPLETE,R7_PREREGISTERED_STRESS_TEST_FRESH_CASES,True
reacher,R7_reacher_0ae787fe84f6e2a36330fd57,REFIT_103203,R4_ALT_CEM_2,H_POLICY,1,39,2,True,0,COMPLETE,R7_PREREGISTERED_STRESS_TEST_FRESH_CASES,False
reacher,R7_reacher_0ae787fe84f6e2a36330fd57,REFIT_103203,R4_ALT_CEM_2,H_REAL3_REPLAN,1,49,2,True,0,COMPLETE,R7_PREREGISTERED_STRESS_TEST_FRESH_CASES,True
reacher,R7_reacher_0ae7ef175277c110c11348f6,H0,R4_ALT_CEM_2,H_POLICY,1,54,3,True,0,COMPLETE,R7_PREREGISTERED_STRESS_TEST_FRESH_CASES,False
reacher,R7_reacher_0ae7ef175277c110c11348f6,H0,R4_ALT_CEM_2,H_REAL3_REPLAN,1,35,2,True,0,COMPLETE,R7_PREREGISTERED_STRESS_TEST_FRESH_CASES,True
reacher,R7_reacher_0ae7ef175277c110c11348f6,REFIT_103201,R4_ALT_CEM_2,H_POLICY,1,43,2,True,0,COMPLETE,R7_PREREGISTERED_STRESS_TEST_FRESH_CASES,False
reacher,R7_reacher_0ae7ef175277c110c11348f6,REFIT_103201,R4_ALT_CEM_2,H_REAL3_REPLAN,1,50,2,True,0,COMPLETE,R7_PREREGISTERED_STRESS_TEST_FRESH_CASES,True
reacher,R7_reacher_0ae7ef175277c110c11348f6,REFIT_103202,R4_ALT_CEM_2,H_POLICY,1,46,2,True,0,COMPLETE,R7_PREREGISTERED_STRESS_TEST_FRESH_CASES,False
reacher,R7_reacher_0ae7ef175277c110c11348f6,REFIT_103202,R4_ALT_CEM_2,H_REAL3_REPLAN,1,49,2,True,0,COMPLETE,R7_PREREGISTERED_STRESS_TEST_FRESH_CASES,True
reacher,R7_reacher_0ae7ef175277c110c11348f6,REFIT_103203,R4_ALT_CEM_2,H_POLICY,1,76,4,True,0,COMPLETE,R7_PREREGISTERED_STRESS_TEST_FRESH_CASES,False
reacher,R7_reacher_0ae7ef175277c110c11348f6,REFIT_103203,R4_ALT_CEM_2,H_REAL3_REPLAN,1,49,2,True,0,COMPLETE,R7_PREREGISTERED_STRESS_TEST_FRESH_CASES,True
pusht,R7_pusht_00385494fa0ca42f41a02dfc,H0,R3_ORIGINAL,H_POLICY,1,24,1,False,0,COMPLETE,R7_PREREGISTERED_STRESS_TEST_FRESH_CASES,False
pusht,R7_pusht_00385494fa0ca42f41a02dfc,H0,R3_ORIGINAL,H_REAL3_REPLAN,1,24,1,False,0,COMPLETE,R7_PREREGISTERED_STRESS_TEST_FRESH_CASES,True
pusht,R7_pusht_00385494fa0ca42f41a02dfc,REFIT_103201,R3_ORIGINAL,H_POLICY,1,24,1,False,0,COMPLETE,R7_PREREGISTERED_STRESS_TEST_FRESH_CASES,False
pusht,R7_pusht_00385494fa0ca42f41a02dfc,REFIT_103201,R3_ORIGINAL,H_REAL3_REPLAN,1,24,1,False,0,COMPLETE,R7_PREREGISTERED_STRESS_TEST_FRESH_CASES,True
pusht,R7_pusht_00385494fa0ca42f41a02dfc,REFIT_103202,R3_ORIGINAL,H_POLICY,1,24,1,False,0,COMPLETE,R7_PREREGISTERED_STRESS_TEST_FRESH_CASES,False
pusht,R7_pusht_00385494fa0ca42f41a02dfc,REFIT_103202,R3_ORIGINAL,H_REAL3_REPLAN,1,24,1,False,0,COMPLETE,R7_PREREGISTERED_STRESS_TEST_FRESH_CASES,True
pusht,R7_pusht_00385494fa0ca42f41a02dfc,REFIT_103203,R3_ORIGINAL,H_POLICY,0,100,4,True,0,COMPLETE,R7_PREREGISTERED_STRESS_TEST_FRESH_CASES,False
pusht,R7_pusht_00385494fa0ca42f41a02dfc,REFIT_103203,R3_ORIGINAL,H_REAL3_REPLAN,0,100,4,True,0,COMPLETE,R7_PREREGISTERED_STRESS_TEST_FRESH_CASES,True
pusht,R7_pusht_0042dda916b148ca867dc9db,H0,R3_ORIGINAL,H_POLICY,1,24,1,False,0,COMPLETE,R7_PREREGISTERED_STRESS_TEST_FRESH_CASES,False
pusht,R7_pusht_0042dda916b148ca867dc9db,H0,R3_ORIGINAL,H_REAL3_REPLAN,1,24,1,False,0,COMPLETE,R7_PREREGISTERED_STRESS_TEST_FRESH_CASES,True
pusht,R7_pusht_0042dda916b148ca867dc9db,REFIT_103201,R3_ORIGINAL,H_POLICY,1,24,1,False,0,COMPLETE,R7_PREREGISTERED_STRESS_TEST_FRESH_CASES,False
pusht,R7_pusht_0042dda916b148ca867dc9db,REFIT_103201,R3_ORIGINAL,H_REAL3_REPLAN,1,24,1,False,0,COMPLETE,R7_PREREGISTERED_STRESS_TEST_FRESH_CASES,True
pusht,R7_pusht_0042dda916b148ca867dc9db,REFIT_103202,R3_ORIGINAL,H_POLICY,1,23,1,False,0,COMPLETE,R7_PREREGISTERED_STRESS_TEST_FRESH_CASES,False
pusht,R7_pusht_0042dda916b148ca867dc9db,REFIT_103202,R3_ORIGINAL,H_REAL3_REPLAN,1,23,1,False,0,COMPLETE,R7_PREREGISTERED_STRESS_TEST_FRESH_CASES,True
pusht,R7_pusht_0042dda916b148ca867dc9db,REFIT_103203,R3_ORIGINAL,H_POLICY,1,24,1,False,0,COMPLETE,R7_PREREGISTERED_STRESS_TEST_FRESH_CASES,False
pusht,R7_pusht_0042dda916b148ca867dc9db,REFIT_103203,R3_ORIGINAL,H_REAL3_REPLAN,1,24,1,False,0,COMPLETE,R7_PREREGISTERED_STRESS_TEST_FRESH_CASES,True
pusht,R7_pusht_00452403a951da87d435bfd7,H0,R3_ORIGINAL,H_POLICY,0,100,4,True,0,COMPLETE,R7_PREREGISTERED_STRESS_TEST_FRESH_CASES,False
pusht,R7_pusht_00452403a951da87d435bfd7,H0,R3_ORIGINAL,H_REAL3_REPLAN,0,100,4,True,0,COMPLETE,R7_PREREGISTERED_STRESS_TEST_FRESH_CASES,True
pusht,R7_pusht_00452403a951da87d435bfd7,REFIT_103201,R3_ORIGINAL,H_POLICY,0,100,4,True,0,COMPLETE,R7_PREREGISTERED_STRESS_TEST_FRESH_CASES,False
pusht,R7_pusht_00452403a951da87d435bfd7,REFIT_103201,R3_ORIGINAL,H_REAL3_REPLAN,0,100,4,True,0,COMPLETE,R7_PREREGISTERED_STRESS_TEST_FRESH_CASES,True
pusht,R7_pusht_00452403a951da87d435bfd7,REFIT_103202,R3_ORIGINAL,H_POLICY,0,100,4,True,0,COMPLETE,R7_PREREGISTERED_STRESS_TEST_FRESH_CASES,False
pusht,R7_pusht_00452403a951da87d435bfd7,REFIT_103202,R3_ORIGINAL,H_REAL3_REPLAN,0,100,4,True,0,COMPLETE,R7_PREREGISTERED_STRESS_TEST_FRESH_CASES,True
pusht,R7_pusht_00452403a951da87d435bfd7,REFIT_103203,R3_ORIGINAL,H_POLICY,0,100,4,True,0,COMPLETE,R7_PREREGISTERED_STRESS_TEST_FRESH_CASES,False
pusht,R7_pusht_00452403a951da87d435bfd7,REFIT_103203,R3_ORIGINAL,H_REAL3_REPLAN,0,100,4,True,0,COMPLETE,R7_PREREGISTERED_STRESS_TEST_FRESH_CASES,True
pusht,R7_pusht_004caf21971f78bee18ff833,H0,R3_ORIGINAL,H_POLICY,0,100,4,True,0,COMPLETE,R7_PREREGISTERED_STRESS_TEST_FRESH_CASES,False
pusht,R7_pusht_004caf21971f78bee18ff833,H0,R3_ORIGINAL,H_REAL3_REPLAN,0,100,4,True,0,COMPLETE,R7_PREREGISTERED_STRESS_TEST_FRESH_CASES,True
pusht,R7_pusht_004caf21971f78bee18ff833,REFIT_103201,R3_ORIGINAL,H_POLICY,0,100,4,True,0,COMPLETE,R7_PREREGISTERED_STRESS_TEST_FRESH_CASES,False
pusht,R7_pusht_004caf21971f78bee18ff833,REFIT_103201,R3_ORIGINAL,H_REAL3_REPLAN,0,100,4,True,0,COMPLETE,R7_PREREGISTERED_STRESS_TEST_FRESH_CASES,True
pusht,R7_pusht_004caf21971f78bee18ff833,REFIT_103202,R3_ORIGINAL,H_POLICY,0,100,4,True,0,COMPLETE,R7_PREREGISTERED_STRESS_TEST_FRESH_CASES,False
pusht,R7_pusht_004caf21971f78bee18ff833,REFIT_103202,R3_ORIGINAL,H_REAL3_REPLAN,0,100,4,True,0,COMPLETE,R7_PREREGISTERED_STRESS_TEST_FRESH_CASES,True
pusht,R7_pusht_004caf21971f78bee18ff833,REFIT_103203,R3_ORIGINAL,H_POLICY,0,100,4,True,0,COMPLETE,R7_PREREGISTERED_STRESS_TEST_FRESH_CASES,False
pusht,R7_pusht_004caf21971f78bee18ff833,REFIT_103203,R3_ORIGINAL,H_REAL3_REPLAN,0,100,4,True,0,COMPLETE,R7_PREREGISTERED_STRESS_TEST_FRESH_CASES,True
pusht,R7_pusht_00562cf36eb8ed212c7b86b0,H0,R3_ORIGINAL,H_POLICY,1,48,2,True,0,COMPLETE,R7_PREREGISTERED_STRESS_TEST_FRESH_CASES,False
pusht,R7_pusht_00562cf36eb8ed212c7b86b0,H0,R3_ORIGINAL,H_REAL3_REPLAN,1,48,2,True,0,COMPLETE,R7_PREREGISTERED_STRESS_TEST_FRESH_CASES,True
pusht,R7_pusht_00562cf36eb8ed212c7b86b0,REFIT_103201,R3_ORIGINAL,H_POLICY,0,100,4,True,0,COMPLETE,R7_PREREGISTERED_STRESS_TEST_FRESH_CASES,False
pusht,R7_pusht_00562cf36eb8ed212c7b86b0,REFIT_103201,R3_ORIGINAL,H_REAL3_REPLAN,0,100,4,True,0,COMPLETE,R7_PREREGISTERED_STRESS_TEST_FRESH_CASES,True
pusht,R7_pusht_00562cf36eb8ed212c7b86b0,REFIT_103202,R3_ORIGINAL,H_POLICY,1,50,2,True,0,COMPLETE,R7_PREREGISTERED_STRESS_TEST_FRESH_CASES,False
pusht,R7_pusht_00562cf36eb8ed212c7b86b0,REFIT_103202,R3_ORIGINAL,H_REAL3_REPLAN,1,49,2,True,0,COMPLETE,R7_PREREGISTERED_STRESS_TEST_FRESH_CASES,True
pusht,R7_pusht_00562cf36eb8ed212c7b86b0,REFIT_103203,R3_ORIGINAL,H_POLICY,1,49,2,True,0,COMPLETE,R7_PREREGISTERED_STRESS_TEST_FRESH_CASES,False
pusht,R7_pusht_00562cf36eb8ed212c7b86b0,REFIT_103203,R3_ORIGINAL,H_REAL3_REPLAN,1,49,2,True,0,COMPLETE,R7_PREREGISTERED_STRESS_TEST_FRESH_CASES,True
pusht,R7_pusht_005d0202e4b17ca5d3e8466e,H0,R3_ORIGINAL,H_POLICY,1,50,2,True,0,COMPLETE,R7_PREREGISTERED_STRESS_TEST_FRESH_CASES,False
pusht,R7_pusht_005d0202e4b17ca5d3e8466e,H0,R3_ORIGINAL,H_REAL3_REPLAN,1,74,3,True,0,COMPLETE,R7_PREREGISTERED_STRESS_TEST_FRESH_CASES,True
pusht,R7_pusht_005d0202e4b17ca5d3e8466e,REFIT_103201,R3_ORIGINAL,H_POLICY,0,100,4,True,0,COMPLETE,R7_PREREGISTERED_STRESS_TEST_FRESH_CASES,False
pusht,R7_pusht_005d0202e4b17ca5d3e8466e,REFIT_103201,R3_ORIGINAL,H_REAL3_REPLAN,0,100,4,True,0,COMPLETE,R7_PREREGISTERED_STRESS_TEST_FRESH_CASES,True
pusht,R7_pusht_005d0202e4b17ca5d3e8466e,REFIT_103202,R3_ORIGINAL,H_POLICY,0,100,4,True,0,COMPLETE,R7_PREREGISTERED_STRESS_TEST_FRESH_CASES,False
pusht,R7_pusht_005d0202e4b17ca5d3e8466e,REFIT_103202,R3_ORIGINAL,H_REAL3_REPLAN,0,100,4,True,0,COMPLETE,R7_PREREGISTERED_STRESS_TEST_FRESH_CASES,True
pusht,R7_pusht_005d0202e4b17ca5d3e8466e,REFIT_103203,R3_ORIGINAL,H_POLICY,0,100,4,True,0,COMPLETE,R7_PREREGISTERED_STRESS_TEST_FRESH_CASES,False
pusht,R7_pusht_005d0202e4b17ca5d3e8466e,REFIT_103203,R3_ORIGINAL,H_REAL3_REPLAN,0,100,4,True,0,COMPLETE,R7_PREREGISTERED_STRESS_TEST_FRESH_CASES,True
pusht,R7_pusht_005e362c13e1e1af781099f2,H0,R3_ORIGINAL,H_POLICY,0,100,4,True,0,COMPLETE,R7_PREREGISTERED_STRESS_TEST_FRESH_CASES,False
pusht,R7_pusht_005e362c13e1e1af781099f2,H0,R3_ORIGINAL,H_REAL3_REPLAN,0,100,4,True,0,COMPLETE,R7_PREREGISTERED_STRESS_TEST_FRESH_CASES,True
pusht,R7_pusht_005e362c13e1e1af781099f2,REFIT_103201,R3_ORIGINAL,H_POLICY,0,100,4,True,0,COMPLETE,R7_PREREGISTERED_STRESS_TEST_FRESH_CASES,False
pusht,R7_pusht_005e362c13e1e1af781099f2,REFIT_103201,R3_ORIGINAL,H_REAL3_REPLAN,0,100,4,True,0,COMPLETE,R7_PREREGISTERED_STRESS_TEST_FRESH_CASES,True
pusht,R7_pusht_005e362c13e1e1af781099f2,REFIT_103202,R3_ORIGINAL,H_POLICY,0,100,4,True,0,COMPLETE,R7_PREREGISTERED_STRESS_TEST_FRESH_CASES,False
pusht,R7_pusht_005e362c13e1e1af781099f2,REFIT_103202,R3_ORIGINAL,H_REAL3_REPLAN,0,100,4,True,0,COMPLETE,R7_PREREGISTERED_STRESS_TEST_FRESH_CASES,True
pusht,R7_pusht_005e362c13e1e1af781099f2,REFIT_103203,R3_ORIGINAL,H_POLICY,0,100,4,True,0,COMPLETE,R7_PREREGISTERED_STRESS_TEST_FRESH_CASES,False
pusht,R7_pusht_005e362c13e1e1af781099f2,REFIT_103203,R3_ORIGINAL,H_REAL3_REPLAN,0,100,4,True,0,COMPLETE,R7_PREREGISTERED_STRESS_TEST_FRESH_CASES,True
pusht,R7_pusht_0079e098440292d75fd85976,H0,R3_ORIGINAL,H_POLICY,1,24,1,False,0,COMPLETE,R7_PREREGISTERED_STRESS_TEST_FRESH_CASES,False
pusht,R7_pusht_0079e098440292d75fd85976,H0,R3_ORIGINAL,H_REAL3_REPLAN,1,24,1,False,0,COMPLETE,R7_PREREGISTERED_STRESS_TEST_FRESH_CASES,True
pusht,R7_pusht_0079e098440292d75fd85976,REFIT_103201,R3_ORIGINAL,H_POLICY,0,100,4,True,0,COMPLETE,R7_PREREGISTERED_STRESS_TEST_FRESH_CASES,False
pusht,R7_pusht_0079e098440292d75fd85976,REFIT_103201,R3_ORIGINAL,H_REAL3_REPLAN,0,100,4,True,0,COMPLETE,R7_PREREGISTERED_STRESS_TEST_FRESH_CASES,True
pusht,R7_pusht_0079e098440292d75fd85976,REFIT_103202,R3_ORIGINAL,H_POLICY,1,51,3,True,0,COMPLETE,R7_PREREGISTERED_STRESS_TEST_FRESH_CASES,False
pusht,R7_pusht_0079e098440292d75fd85976,REFIT_103202,R3_ORIGINAL,H_REAL3_REPLAN,1,26,2,True,0,COMPLETE,R7_PREREGISTERED_STRESS_TEST_FRESH_CASES,True
pusht,R7_pusht_0079e098440292d75fd85976,REFIT_103203,R3_ORIGINAL,H_POLICY,1,47,2,True,0,COMPLETE,R7_PREREGISTERED_STRESS_TEST_FRESH_CASES,False
pusht,R7_pusht_0079e098440292d75fd85976,REFIT_103203,R3_ORIGINAL,H_REAL3_REPLAN,0,100,4,True,0,COMPLETE,R7_PREREGISTERED_STRESS_TEST_FRESH_CASES,True
pusht,R7_pusht_0080bcbb5c5bef7fe04ab818,H0,R3_ORIGINAL,H_POLICY,1,23,1,False,0,COMPLETE,R7_PREREGISTERED_STRESS_TEST_FRESH_CASES,False
pusht,R7_pusht_0080bcbb5c5bef7fe04ab818,H0,R3_ORIGINAL,H_REAL3_REPLAN,1,23,1,False,0,COMPLETE,R7_PREREGISTERED_STRESS_TEST_FRESH_CASES,True
pusht,R7_pusht_0080bcbb5c5bef7fe04ab818,REFIT_103201,R3_ORIGINAL,H_POLICY,1,24,1,False,0,COMPLETE,R7_PREREGISTERED_STRESS_TEST_FRESH_CASES,False
pusht,R7_pusht_0080bcbb5c5bef7fe04ab818,REFIT_103201,R3_ORIGINAL,H_REAL3_REPLAN,1,24,1,False,0,COMPLETE,R7_PREREGISTERED_STRESS_TEST_FRESH_CASES,True
pusht,R7_pusht_0080bcbb5c5bef7fe04ab818,REFIT_103202,R3_ORIGINAL,H_POLICY,1,24,1,False,0,COMPLETE,R7_PREREGISTERED_STRESS_TEST_FRESH_CASES,False
pusht,R7_pusht_0080bcbb5c5bef7fe04ab818,REFIT_103202,R3_ORIGINAL,H_REAL3_REPLAN,1,24,1,False,0,COMPLETE,R7_PREREGISTERED_STRESS_TEST_FRESH_CASES,True
pusht,R7_pusht_0080bcbb5c5bef7fe04ab818,REFIT_103203,R3_ORIGINAL,H_POLICY,1,24,1,False,0,COMPLETE,R7_PREREGISTERED_STRESS_TEST_FRESH_CASES,False
pusht,R7_pusht_0080bcbb5c5bef7fe04ab818,REFIT_103203,R3_ORIGINAL,H_REAL3_REPLAN,1,24,1,False,0,COMPLETE,R7_PREREGISTERED_STRESS_TEST_FRESH_CASES,True
pusht,R7_pusht_0081bb23529acdfb0f569ccb,H0,R3_ORIGINAL,H_POLICY,0,100,4,True,0,COMPLETE,R7_PREREGISTERED_STRESS_TEST_FRESH_CASES,False
pusht,R7_pusht_0081bb23529acdfb0f569ccb,H0,R3_ORIGINAL,H_REAL3_REPLAN,0,100,4,True,0,COMPLETE,R7_PREREGISTERED_STRESS_TEST_FRESH_CASES,True
pusht,R7_pusht_0081bb23529acdfb0f569ccb,REFIT_103201,R3_ORIGINAL,H_POLICY,0,100,4,True,0,COMPLETE,R7_PREREGISTERED_STRESS_TEST_FRESH_CASES,False
pusht,R7_pusht_0081bb23529acdfb0f569ccb,REFIT_103201,R3_ORIGINAL,H_REAL3_REPLAN,0,100,4,True,0,COMPLETE,R7_PREREGISTERED_STRESS_TEST_FRESH_CASES,True
pusht,R7_pusht_0081bb23529acdfb0f569ccb,REFIT_103202,R3_ORIGINAL,H_POLICY,0,100,4,True,0,COMPLETE,R7_PREREGISTERED_STRESS_TEST_FRESH_CASES,False
pusht,R7_pusht_0081bb23529acdfb0f569ccb,REFIT_103202,R3_ORIGINAL,H_REAL3_REPLAN,0,100,4,True,0,COMPLETE,R7_PREREGISTERED_STRESS_TEST_FRESH_CASES,True
pusht,R7_pusht_0081bb23529acdfb0f569ccb,REFIT_103203,R3_ORIGINAL,H_POLICY,0,100,4,True,0,COMPLETE,R7_PREREGISTERED_STRESS_TEST_FRESH_CASES,False
pusht,R7_pusht_0081bb23529acdfb0f569ccb,REFIT_103203,R3_ORIGINAL,H_REAL3_REPLAN,0,100,4,True,0,COMPLETE,R7_PREREGISTERED_STRESS_TEST_FRESH_CASES,True
pusht,R7_pusht_0083db1f07731fb8348e4d59,H0,R3_ORIGINAL,H_POLICY,0,100,4,True,0,COMPLETE,R7_PREREGISTERED_STRESS_TEST_FRESH_CASES,False
pusht,R7_pusht_0083db1f07731fb8348e4d59,H0,R3_ORIGINAL,H_REAL3_REPLAN,0,100,4,True,0,COMPLETE,R7_PREREGISTERED_STRESS_TEST_FRESH_CASES,True
pusht,R7_pusht_0083db1f07731fb8348e4d59,REFIT_103201,R3_ORIGINAL,H_POLICY,0,100,4,True,0,COMPLETE,R7_PREREGISTERED_STRESS_TEST_FRESH_CASES,False
pusht,R7_pusht_0083db1f07731fb8348e4d59,REFIT_103201,R3_ORIGINAL,H_REAL3_REPLAN,0,100,4,True,0,COMPLETE,R7_PREREGISTERED_STRESS_TEST_FRESH_CASES,True
pusht,R7_pusht_0083db1f07731fb8348e4d59,REFIT_103202,R3_ORIGINAL,H_POLICY,0,100,4,True,0,COMPLETE,R7_PREREGISTERED_STRESS_TEST_FRESH_CASES,False
pusht,R7_pusht_0083db1f07731fb8348e4d59,REFIT_103202,R3_ORIGINAL,H_REAL3_REPLAN,0,100,4,True,0,COMPLETE,R7_PREREGISTERED_STRESS_TEST_FRESH_CASES,True
pusht,R7_pusht_0083db1f07731fb8348e4d59,REFIT_103203,R3_ORIGINAL,H_POLICY,0,100,4,True,0,COMPLETE,R7_PREREGISTERED_STRESS_TEST_FRESH_CASES,False
pusht,R7_pusht_0083db1f07731fb8348e4d59,REFIT_103203,R3_ORIGINAL,H_REAL3_REPLAN,0,100,4,True,0,COMPLETE,R7_PREREGISTERED_STRESS_TEST_FRESH_CASES,True
pusht,R7_pusht_00932de5945efd930ead293b,H0,R3_ORIGINAL,H_POLICY,0,100,4,True,0,COMPLETE,R7_PREREGISTERED_STRESS_TEST_FRESH_CASES,False
pusht,R7_pusht_00932de5945efd930ead293b,H0,R3_ORIGINAL,H_REAL3_REPLAN,0,100,4,True,0,COMPLETE,R7_PREREGISTERED_STRESS_TEST_FRESH_CASES,True
pusht,R7_pusht_00932de5945efd930ead293b,REFIT_103201,R3_ORIGINAL,H_POLICY,0,100,4,True,0,COMPLETE,R7_PREREGISTERED_STRESS_TEST_FRESH_CASES,False
pusht,R7_pusht_00932de5945efd930ead293b,REFIT_103201,R3_ORIGINAL,H_REAL3_REPLAN,0,100,4,True,0,COMPLETE,R7_PREREGISTERED_STRESS_TEST_FRESH_CASES,True
pusht,R7_pusht_00932de5945efd930ead293b,REFIT_103202,R3_ORIGINAL,H_POLICY,1,28,2,True,0,COMPLETE,R7_PREREGISTERED_STRESS_TEST_FRESH_CASES,False
pusht,R7_pusht_00932de5945efd930ead293b,REFIT_103202,R3_ORIGINAL,H_REAL3_REPLAN,1,28,2,True,0,COMPLETE,R7_PREREGISTERED_STRESS_TEST_FRESH_CASES,True
pusht,R7_pusht_00932de5945efd930ead293b,REFIT_103203,R3_ORIGINAL,H_POLICY,1,31,2,True,0,COMPLETE,R7_PREREGISTERED_STRESS_TEST_FRESH_CASES,False
pusht,R7_pusht_00932de5945efd930ead293b,REFIT_103203,R3_ORIGINAL,H_REAL3_REPLAN,1,32,2,True,0,COMPLETE,R7_PREREGISTERED_STRESS_TEST_FRESH_CASES,True
pusht,R7_pusht_00a7369b7c554e5d5578ed68,H0,R3_ORIGINAL,H_POLICY,0,100,4,True,0,COMPLETE,R7_PREREGISTERED_STRESS_TEST_FRESH_CASES,False
pusht,R7_pusht_00a7369b7c554e5d5578ed68,H0,R3_ORIGINAL,H_REAL3_REPLAN,0,100,4,True,0,COMPLETE,R7_PREREGISTERED_STRESS_TEST_FRESH_CASES,True
pusht,R7_pusht_00a7369b7c554e5d5578ed68,REFIT_103201,R3_ORIGINAL,H_POLICY,0,100,4,True,0,COMPLETE,R7_PREREGISTERED_STRESS_TEST_FRESH_CASES,False
pusht,R7_pusht_00a7369b7c554e5d5578ed68,REFIT_103201,R3_ORIGINAL,H_REAL3_REPLAN,0,100,4,True,0,COMPLETE,R7_PREREGISTERED_STRESS_TEST_FRESH_CASES,True
pusht,R7_pusht_00a7369b7c554e5d5578ed68,REFIT_103202,R3_ORIGINAL,H_POLICY,0,100,4,True,0,COMPLETE,R7_PREREGISTERED_STRESS_TEST_FRESH_CASES,False
pusht,R7_pusht_00a7369b7c554e5d5578ed68,REFIT_103202,R3_ORIGINAL,H_REAL3_REPLAN,0,100,4,True,0,COMPLETE,R7_PREREGISTERED_STRESS_TEST_FRESH_CASES,True
pusht,R7_pusht_00a7369b7c554e5d5578ed68,REFIT_103203,R3_ORIGINAL,H_POLICY,0,100,4,True,0,COMPLETE,R7_PREREGISTERED_STRESS_TEST_FRESH_CASES,False
pusht,R7_pusht_00a7369b7c554e5d5578ed68,REFIT_103203,R3_ORIGINAL,H_REAL3_REPLAN,0,100,4,True,0,COMPLETE,R7_PREREGISTERED_STRESS_TEST_FRESH_CASES,True
pusht,R7_pusht_00c17d97d2a90bd0e17264f0,H0,R3_ORIGINAL,H_POLICY,0,100,4,True,0,COMPLETE,R7_PREREGISTERED_STRESS_TEST_FRESH_CASES,False
pusht,R7_pusht_00c17d97d2a90bd0e17264f0,H0,R3_ORIGINAL,H_REAL3_REPLAN,0,100,4,True,0,COMPLETE,R7_PREREGISTERED_STRESS_TEST_FRESH_CASES,True
pusht,R7_pusht_00c17d97d2a90bd0e17264f0,REFIT_103201,R3_ORIGINAL,H_POLICY,0,100,4,True,0,COMPLETE,R7_PREREGISTERED_STRESS_TEST_FRESH_CASES,False
pusht,R7_pusht_00c17d97d2a90bd0e17264f0,REFIT_103201,R3_ORIGINAL,H_REAL3_REPLAN,0,100,4,True,0,COMPLETE,R7_PREREGISTERED_STRESS_TEST_FRESH_CASES,True
pusht,R7_pusht_00c17d97d2a90bd0e17264f0,REFIT_103202,R3_ORIGINAL,H_POLICY,0,100,4,True,0,COMPLETE,R7_PREREGISTERED_STRESS_TEST_FRESH_CASES,False
pusht,R7_pusht_00c17d97d2a90bd0e17264f0,REFIT_103202,R3_ORIGINAL,H_REAL3_REPLAN,0,100,4,True,0,COMPLETE,R7_PREREGISTERED_STRESS_TEST_FRESH_CASES,True
pusht,R7_pusht_00c17d97d2a90bd0e17264f0,REFIT_103203,R3_ORIGINAL,H_POLICY,0,100,4,True,0,COMPLETE,R7_PREREGISTERED_STRESS_TEST_FRESH_CASES,False
pusht,R7_pusht_00c17d97d2a90bd0e17264f0,REFIT_103203,R3_ORIGINAL,H_REAL3_REPLAN,0,100,4,True,0,COMPLETE,R7_PREREGISTERED_STRESS_TEST_FRESH_CASES,True
pusht,R7_pusht_00ee287d7ddc5e19c34c86e1,H0,R3_ORIGINAL,H_POLICY,0,100,4,True,0,COMPLETE,R7_PREREGISTERED_STRESS_TEST_FRESH_CASES,False
pusht,R7_pusht_00ee287d7ddc5e19c34c86e1,H0,R3_ORIGINAL,H_REAL3_REPLAN,0,100,4,True,0,COMPLETE,R7_PREREGISTERED_STRESS_TEST_FRESH_CASES,True
pusht,R7_pusht_00ee287d7ddc5e19c34c86e1,REFIT_103201,R3_ORIGINAL,H_POLICY,0,100,4,True,0,COMPLETE,R7_PREREGISTERED_STRESS_TEST_FRESH_CASES,False
pusht,R7_pusht_00ee287d7ddc5e19c34c86e1,REFIT_103201,R3_ORIGINAL,H_REAL3_REPLAN,0,100,4,True,0,COMPLETE,R7_PREREGISTERED_STRESS_TEST_FRESH_CASES,True
pusht,R7_pusht_00ee287d7ddc5e19c34c86e1,REFIT_103202,R3_ORIGINAL,H_POLICY,0,100,4,True,0,COMPLETE,R7_PREREGISTERED_STRESS_TEST_FRESH_CASES,False
pusht,R7_pusht_00ee287d7ddc5e19c34c86e1,REFIT_103202,R3_ORIGINAL,H_REAL3_REPLAN,0,100,4,True,0,COMPLETE,R7_PREREGISTERED_STRESS_TEST_FRESH_CASES,True
pusht,R7_pusht_00ee287d7ddc5e19c34c86e1,REFIT_103203,R3_ORIGINAL,H_POLICY,0,100,4,True,0,COMPLETE,R7_PREREGISTERED_STRESS_TEST_FRESH_CASES,False
pusht,R7_pusht_00ee287d7ddc5e19c34c86e1,REFIT_103203,R3_ORIGINAL,H_REAL3_REPLAN,0,100,4,True,0,COMPLETE,R7_PREREGISTERED_STRESS_TEST_FRESH_CASES,True
pusht,R7_pusht_0102782157fdff4c061c6da9,H0,R3_ORIGINAL,H_POLICY,0,100,4,True,0,COMPLETE,R7_PREREGISTERED_STRESS_TEST_FRESH_CASES,False
pusht,R7_pusht_0102782157fdff4c061c6da9,H0,R3_ORIGINAL,H_REAL3_REPLAN,0,100,4,True,0,COMPLETE,R7_PREREGISTERED_STRESS_TEST_FRESH_CASES,True
pusht,R7_pusht_0102782157fdff4c061c6da9,REFIT_103201,R3_ORIGINAL,H_POLICY,1,25,1,False,0,COMPLETE,R7_PREREGISTERED_STRESS_TEST_FRESH_CASES,False
pusht,R7_pusht_0102782157fdff4c061c6da9,REFIT_103201,R3_ORIGINAL,H_REAL3_REPLAN,1,25,1,False,0,COMPLETE,R7_PREREGISTERED_STRESS_TEST_FRESH_CASES,True
pusht,R7_pusht_0102782157fdff4c061c6da9,REFIT_103202,R3_ORIGINAL,H_POLICY,1,27,2,True,0,COMPLETE,R7_PREREGISTERED_STRESS_TEST_FRESH_CASES,False
pusht,R7_pusht_0102782157fdff4c061c6da9,REFIT_103202,R3_ORIGINAL,H_REAL3_REPLAN,1,27,2,True,0,COMPLETE,R7_PREREGISTERED_STRESS_TEST_FRESH_CASES,True
pusht,R7_pusht_0102782157fdff4c061c6da9,REFIT_103203,R3_ORIGINAL,H_POLICY,1,26,2,True,0,COMPLETE,R7_PREREGISTERED_STRESS_TEST_FRESH_CASES,False
pusht,R7_pusht_0102782157fdff4c061c6da9,REFIT_103203,R3_ORIGINAL,H_REAL3_REPLAN,1,26,2,True,0,COMPLETE,R7_PREREGISTERED_STRESS_TEST_FRESH_CASES,True
pusht,R7_pusht_0103c0c175f43738e25db3e4,H0,R3_ORIGINAL,H_POLICY,1,73,3,True,0,COMPLETE,R7_PREREGISTERED_STRESS_TEST_FRESH_CASES,False
pusht,R7_pusht_0103c0c175f43738e25db3e4,H0,R3_ORIGINAL,H_REAL3_REPLAN,0,100,4,True,0,COMPLETE,R7_PREREGISTERED_STRESS_TEST_FRESH_CASES,True
pusht,R7_pusht_0103c0c175f43738e25db3e4,REFIT_103201,R3_ORIGINAL,H_POLICY,0,100,4,True,0,COMPLETE,R7_PREREGISTERED_STRESS_TEST_FRESH_CASES,False
pusht,R7_pusht_0103c0c175f43738e25db3e4,REFIT_103201,R3_ORIGINAL,H_REAL3_REPLAN,0,100,4,True,0,COMPLETE,R7_PREREGISTERED_STRESS_TEST_FRESH_CASES,True
pusht,R7_pusht_0103c0c175f43738e25db3e4,REFIT_103202,R3_ORIGINAL,H_POLICY,0,100,4,True,0,COMPLETE,R7_PREREGISTERED_STRESS_TEST_FRESH_CASES,False
pusht,R7_pusht_0103c0c175f43738e25db3e4,REFIT_103202,R3_ORIGINAL,H_REAL3_REPLAN,0,100,4,True,0,COMPLETE,R7_PREREGISTERED_STRESS_TEST_FRESH_CASES,True
pusht,R7_pusht_0103c0c175f43738e25db3e4,REFIT_103203,R3_ORIGINAL,H_POLICY,1,50,2,True,0,COMPLETE,R7_PREREGISTERED_STRESS_TEST_FRESH_CASES,False
pusht,R7_pusht_0103c0c175f43738e25db3e4,REFIT_103203,R3_ORIGINAL,H_REAL3_REPLAN,1,50,2,True,0,COMPLETE,R7_PREREGISTERED_STRESS_TEST_FRESH_CASES,True
pusht,R7_pusht_0114d7350a4630342056b375,H0,R3_ORIGINAL,H_POLICY,0,100,4,True,0,COMPLETE,R7_PREREGISTERED_STRESS_TEST_FRESH_CASES,False
pusht,R7_pusht_0114d7350a4630342056b375,H0,R3_ORIGINAL,H_REAL3_REPLAN,0,100,4,True,0,COMPLETE,R7_PREREGISTERED_STRESS_TEST_FRESH_CASES,True
pusht,R7_pusht_0114d7350a4630342056b375,REFIT_103201,R3_ORIGINAL,H_POLICY,0,100,4,True,0,COMPLETE,R7_PREREGISTERED_STRESS_TEST_FRESH_CASES,False
pusht,R7_pusht_0114d7350a4630342056b375,REFIT_103201,R3_ORIGINAL,H_REAL3_REPLAN,0,100,4,True,0,COMPLETE,R7_PREREGISTERED_STRESS_TEST_FRESH_CASES,True
pusht,R7_pusht_0114d7350a4630342056b375,REFIT_103202,R3_ORIGINAL,H_POLICY,0,100,4,True,0,COMPLETE,R7_PREREGISTERED_STRESS_TEST_FRESH_CASES,False
pusht,R7_pusht_0114d7350a4630342056b375,REFIT_103202,R3_ORIGINAL,H_REAL3_REPLAN,0,100,4,True,0,COMPLETE,R7_PREREGISTERED_STRESS_TEST_FRESH_CASES,True
pusht,R7_pusht_0114d7350a4630342056b375,REFIT_103203,R3_ORIGINAL,H_POLICY,0,100,4,True,0,COMPLETE,R7_PREREGISTERED_STRESS_TEST_FRESH_CASES,False
pusht,R7_pusht_0114d7350a4630342056b375,REFIT_103203,R3_ORIGINAL,H_REAL3_REPLAN,0,100,4,True,0,COMPLETE,R7_PREREGISTERED_STRESS_TEST_FRESH_CASES,True
pusht,R7_pusht_011574665e032d9ca4ed79c6,H0,R3_ORIGINAL,H_POLICY,0,100,4,True,0,COMPLETE,R7_PREREGISTERED_STRESS_TEST_FRESH_CASES,False
pusht,R7_pusht_011574665e032d9ca4ed79c6,H0,R3_ORIGINAL,H_REAL3_REPLAN,0,100,4,True,0,COMPLETE,R7_PREREGISTERED_STRESS_TEST_FRESH_CASES,True
pusht,R7_pusht_011574665e032d9ca4ed79c6,REFIT_103201,R3_ORIGINAL,H_POLICY,0,100,4,True,0,COMPLETE,R7_PREREGISTERED_STRESS_TEST_FRESH_CASES,False
pusht,R7_pusht_011574665e032d9ca4ed79c6,REFIT_103201,R3_ORIGINAL,H_REAL3_REPLAN,0,100,4,True,0,COMPLETE,R7_PREREGISTERED_STRESS_TEST_FRESH_CASES,True
pusht,R7_pusht_011574665e032d9ca4ed79c6,REFIT_103202,R3_ORIGINAL,H_POLICY,0,100,4,True,0,COMPLETE,R7_PREREGISTERED_STRESS_TEST_FRESH_CASES,False
pusht,R7_pusht_011574665e032d9ca4ed79c6,REFIT_103202,R3_ORIGINAL,H_REAL3_REPLAN,0,100,4,True,0,COMPLETE,R7_PREREGISTERED_STRESS_TEST_FRESH_CASES,True
pusht,R7_pusht_011574665e032d9ca4ed79c6,REFIT_103203,R3_ORIGINAL,H_POLICY,0,100,4,True,0,COMPLETE,R7_PREREGISTERED_STRESS_TEST_FRESH_CASES,False
pusht,R7_pusht_011574665e032d9ca4ed79c6,REFIT_103203,R3_ORIGINAL,H_REAL3_REPLAN,0,100,4,True,0,COMPLETE,R7_PREREGISTERED_STRESS_TEST_FRESH_CASES,True
pusht,R7_pusht_0123b71e8814b0b6fbe9fed3,H0,R3_ORIGINAL,H_POLICY,0,100,4,True,0,COMPLETE,R7_PREREGISTERED_STRESS_TEST_FRESH_CASES,False
pusht,R7_pusht_0123b71e8814b0b6fbe9fed3,H0,R3_ORIGINAL,H_REAL3_REPLAN,0,100,4,True,0,COMPLETE,R7_PREREGISTERED_STRESS_TEST_FRESH_CASES,True
pusht,R7_pusht_0123b71e8814b0b6fbe9fed3,REFIT_103201,R3_ORIGINAL,H_POLICY,0,100,4,True,0,COMPLETE,R7_PREREGISTERED_STRESS_TEST_FRESH_CASES,False
pusht,R7_pusht_0123b71e8814b0b6fbe9fed3,REFIT_103201,R3_ORIGINAL,H_REAL3_REPLAN,0,100,4,True,0,COMPLETE,R7_PREREGISTERED_STRESS_TEST_FRESH_CASES,True
pusht,R7_pusht_0123b71e8814b0b6fbe9fed3,REFIT_103202,R3_ORIGINAL,H_POLICY,0,100,4,True,0,COMPLETE,R7_PREREGISTERED_STRESS_TEST_FRESH_CASES,False
pusht,R7_pusht_0123b71e8814b0b6fbe9fed3,REFIT_103202,R3_ORIGINAL,H_REAL3_REPLAN,0,100,4,True,0,COMPLETE,R7_PREREGISTERED_STRESS_TEST_FRESH_CASES,True
pusht,R7_pusht_0123b71e8814b0b6fbe9fed3,REFIT_103203,R3_ORIGINAL,H_POLICY,0,100,4,True,0,COMPLETE,R7_PREREGISTERED_STRESS_TEST_FRESH_CASES,False
pusht,R7_pusht_0123b71e8814b0b6fbe9fed3,REFIT_103203,R3_ORIGINAL,H_REAL3_REPLAN,0,100,4,True,0,COMPLETE,R7_PREREGISTERED_STRESS_TEST_FRESH_CASES,True
pusht,R7_pusht_01383ba7c0041d49d5549e5e,H0,R3_ORIGINAL,H_POLICY,0,100,4,True,0,COMPLETE,R7_PREREGISTERED_STRESS_TEST_FRESH_CASES,False
pusht,R7_pusht_01383ba7c0041d49d5549e5e,H0,R3_ORIGINAL,H_REAL3_REPLAN,0,100,4,True,0,COMPLETE,R7_PREREGISTERED_STRESS_TEST_FRESH_CASES,True
pusht,R7_pusht_01383ba7c0041d49d5549e5e,REFIT_103201,R3_ORIGINAL,H_POLICY,0,100,4,True,0,COMPLETE,R7_PREREGISTERED_STRESS_TEST_FRESH_CASES,False
pusht,R7_pusht_01383ba7c0041d49d5549e5e,REFIT_103201,R3_ORIGINAL,H_REAL3_REPLAN,0,100,4,True,0,COMPLETE,R7_PREREGISTERED_STRESS_TEST_FRESH_CASES,True
pusht,R7_pusht_01383ba7c0041d49d5549e5e,REFIT_103202,R3_ORIGINAL,H_POLICY,0,100,4,True,0,COMPLETE,R7_PREREGISTERED_STRESS_TEST_FRESH_CASES,False
pusht,R7_pusht_01383ba7c0041d49d5549e5e,REFIT_103202,R3_ORIGINAL,H_REAL3_REPLAN,0,100,4,True,0,COMPLETE,R7_PREREGISTERED_STRESS_TEST_FRESH_CASES,True
pusht,R7_pusht_01383ba7c0041d49d5549e5e,REFIT_103203,R3_ORIGINAL,H_POLICY,1,74,3,True,0,COMPLETE,R7_PREREGISTERED_STRESS_TEST_FRESH_CASES,False
pusht,R7_pusht_01383ba7c0041d49d5549e5e,REFIT_103203,R3_ORIGINAL,H_REAL3_REPLAN,1,75,3,True,0,COMPLETE,R7_PREREGISTERED_STRESS_TEST_FRESH_CASES,True
pusht,R7_pusht_0138e59625641fe9c63255fd,H0,R3_ORIGINAL,H_POLICY,1,25,1,False,0,COMPLETE,R7_PREREGISTERED_STRESS_TEST_FRESH_CASES,False
pusht,R7_pusht_0138e59625641fe9c63255fd,H0,R3_ORIGINAL,H_REAL3_REPLAN,1,25,1,False,0,COMPLETE,R7_PREREGISTERED_STRESS_TEST_FRESH_CASES,True
pusht,R7_pusht_0138e59625641fe9c63255fd,REFIT_103201,R3_ORIGINAL,H_POLICY,0,100,4,True,0,COMPLETE,R7_PREREGISTERED_STRESS_TEST_FRESH_CASES,False
pusht,R7_pusht_0138e59625641fe9c63255fd,REFIT_103201,R3_ORIGINAL,H_REAL3_REPLAN,0,100,4,True,0,COMPLETE,R7_PREREGISTERED_STRESS_TEST_FRESH_CASES,True
pusht,R7_pusht_0138e59625641fe9c63255fd,REFIT_103202,R3_ORIGINAL,H_POLICY,1,74,3,True,0,COMPLETE,R7_PREREGISTERED_STRESS_TEST_FRESH_CASES,False
pusht,R7_pusht_0138e59625641fe9c63255fd,REFIT_103202,R3_ORIGINAL,H_REAL3_REPLAN,0,100,4,True,0,COMPLETE,R7_PREREGISTERED_STRESS_TEST_FRESH_CASES,True
pusht,R7_pusht_0138e59625641fe9c63255fd,REFIT_103203,R3_ORIGINAL,H_POLICY,1,48,2,True,0,COMPLETE,R7_PREREGISTERED_STRESS_TEST_FRESH_CASES,False
pusht,R7_pusht_0138e59625641fe9c63255fd,REFIT_103203,R3_ORIGINAL,H_REAL3_REPLAN,0,100,4,True,0,COMPLETE,R7_PREREGISTERED_STRESS_TEST_FRESH_CASES,True
pusht,R7_pusht_014346343fb1f4266dd2189e,H0,R3_ORIGINAL,H_POLICY,0,100,4,True,0,COMPLETE,R7_PREREGISTERED_STRESS_TEST_FRESH_CASES,False
pusht,R7_pusht_014346343fb1f4266dd2189e,H0,R3_ORIGINAL,H_REAL3_REPLAN,1,49,2,True,0,COMPLETE,R7_PREREGISTERED_STRESS_TEST_FRESH_CASES,True
pusht,R7_pusht_014346343fb1f4266dd2189e,REFIT_103201,R3_ORIGINAL,H_POLICY,0,100,4,True,0,COMPLETE,R7_PREREGISTERED_STRESS_TEST_FRESH_CASES,False
pusht,R7_pusht_014346343fb1f4266dd2189e,REFIT_103201,R3_ORIGINAL,H_REAL3_REPLAN,0,100,4,True,0,COMPLETE,R7_PREREGISTERED_STRESS_TEST_FRESH_CASES,True
pusht,R7_pusht_014346343fb1f4266dd2189e,REFIT_103202,R3_ORIGINAL,H_POLICY,0,100,4,True,0,COMPLETE,R7_PREREGISTERED_STRESS_TEST_FRESH_CASES,False
pusht,R7_pusht_014346343fb1f4266dd2189e,REFIT_103202,R3_ORIGINAL,H_REAL3_REPLAN,0,100,4,True,0,COMPLETE,R7_PREREGISTERED_STRESS_TEST_FRESH_CASES,True
pusht,R7_pusht_014346343fb1f4266dd2189e,REFIT_103203,R3_ORIGINAL,H_POLICY,0,100,4,True,0,COMPLETE,R7_PREREGISTERED_STRESS_TEST_FRESH_CASES,False
pusht,R7_pusht_014346343fb1f4266dd2189e,REFIT_103203,R3_ORIGINAL,H_REAL3_REPLAN,0,100,4,True,0,COMPLETE,R7_PREREGISTERED_STRESS_TEST_FRESH_CASES,True
pusht,R7_pusht_015cd0dd0513717d24afb716,H0,R3_ORIGINAL,H_POLICY,0,100,4,True,0,COMPLETE,R7_PREREGISTERED_STRESS_TEST_FRESH_CASES,False
pusht,R7_pusht_015cd0dd0513717d24afb716,H0,R3_ORIGINAL,H_REAL3_REPLAN,0,100,4,True,0,COMPLETE,R7_PREREGISTERED_STRESS_TEST_FRESH_CASES,True
pusht,R7_pusht_015cd0dd0513717d24afb716,REFIT_103201,R3_ORIGINAL,H_POLICY,1,74,3,True,0,COMPLETE,R7_PREREGISTERED_STRESS_TEST_FRESH_CASES,False
pusht,R7_pusht_015cd0dd0513717d24afb716,REFIT_103201,R3_ORIGINAL,H_REAL3_REPLAN,0,100,4,True,0,COMPLETE,R7_PREREGISTERED_STRESS_TEST_FRESH_CASES,True
pusht,R7_pusht_015cd0dd0513717d24afb716,REFIT_103202,R3_ORIGINAL,H_POLICY,0,100,4,True,0,COMPLETE,R7_PREREGISTERED_STRESS_TEST_FRESH_CASES,False
pusht,R7_pusht_015cd0dd0513717d24afb716,REFIT_103202,R3_ORIGINAL,H_REAL3_REPLAN,0,100,4,True,0,COMPLETE,R7_PREREGISTERED_STRESS_TEST_FRESH_CASES,True
pusht,R7_pusht_015cd0dd0513717d24afb716,REFIT_103203,R3_ORIGINAL,H_POLICY,0,100,4,True,0,COMPLETE,R7_PREREGISTERED_STRESS_TEST_FRESH_CASES,False
pusht,R7_pusht_015cd0dd0513717d24afb716,REFIT_103203,R3_ORIGINAL,H_REAL3_REPLAN,0,100,4,True,0,COMPLETE,R7_PREREGISTERED_STRESS_TEST_FRESH_CASES,True
pusht,R7_pusht_015e78cbf575a7cc72c030de,H0,R3_ORIGINAL,H_POLICY,0,100,4,True,0,COMPLETE,R7_PREREGISTERED_STRESS_TEST_FRESH_CASES,False
pusht,R7_pusht_015e78cbf575a7cc72c030de,H0,R3_ORIGINAL,H_REAL3_REPLAN,0,100,4,True,0,COMPLETE,R7_PREREGISTERED_STRESS_TEST_FRESH_CASES,True
pusht,R7_pusht_015e78cbf575a7cc72c030de,REFIT_103201,R3_ORIGINAL,H_POLICY,1,50,2,True,0,COMPLETE,R7_PREREGISTERED_STRESS_TEST_FRESH_CASES,False
pusht,R7_pusht_015e78cbf575a7cc72c030de,REFIT_103201,R3_ORIGINAL,H_REAL3_REPLAN,1,50,2,True,0,COMPLETE,R7_PREREGISTERED_STRESS_TEST_FRESH_CASES,True
pusht,R7_pusht_015e78cbf575a7cc72c030de,REFIT_103202,R3_ORIGINAL,H_POLICY,0,100,4,True,0,COMPLETE,R7_PREREGISTERED_STRESS_TEST_FRESH_CASES,False
pusht,R7_pusht_015e78cbf575a7cc72c030de,REFIT_103202,R3_ORIGINAL,H_REAL3_REPLAN,1,98,4,True,0,COMPLETE,R7_PREREGISTERED_STRESS_TEST_FRESH_CASES,True
pusht,R7_pusht_015e78cbf575a7cc72c030de,REFIT_103203,R3_ORIGINAL,H_POLICY,1,50,2,True,0,COMPLETE,R7_PREREGISTERED_STRESS_TEST_FRESH_CASES,False
pusht,R7_pusht_015e78cbf575a7cc72c030de,REFIT_103203,R3_ORIGINAL,H_REAL3_REPLAN,1,50,2,True,0,COMPLETE,R7_PREREGISTERED_STRESS_TEST_FRESH_CASES,True
pusht,R7_pusht_016f5480427d323b43c9f79b,H0,R3_ORIGINAL,H_POLICY,0,100,4,True,0,COMPLETE,R7_PREREGISTERED_STRESS_TEST_FRESH_CASES,False
pusht,R7_pusht_016f5480427d323b43c9f79b,H0,R3_ORIGINAL,H_REAL3_REPLAN,0,100,4,True,0,COMPLETE,R7_PREREGISTERED_STRESS_TEST_FRESH_CASES,True
pusht,R7_pusht_016f5480427d323b43c9f79b,REFIT_103201,R3_ORIGINAL,H_POLICY,0,100,4,True,0,COMPLETE,R7_PREREGISTERED_STRESS_TEST_FRESH_CASES,False
pusht,R7_pusht_016f5480427d323b43c9f79b,REFIT_103201,R3_ORIGINAL,H_REAL3_REPLAN,0,100,4,True,0,COMPLETE,R7_PREREGISTERED_STRESS_TEST_FRESH_CASES,True
pusht,R7_pusht_016f5480427d323b43c9f79b,REFIT_103202,R3_ORIGINAL,H_POLICY,1,50,2,True,0,COMPLETE,R7_PREREGISTERED_STRESS_TEST_FRESH_CASES,False
pusht,R7_pusht_016f5480427d323b43c9f79b,REFIT_103202,R3_ORIGINAL,H_REAL3_REPLAN,1,74,3,True,0,COMPLETE,R7_PREREGISTERED_STRESS_TEST_FRESH_CASES,True
pusht,R7_pusht_016f5480427d323b43c9f79b,REFIT_103203,R3_ORIGINAL,H_POLICY,1,99,4,True,0,COMPLETE,R7_PREREGISTERED_STRESS_TEST_FRESH_CASES,False
pusht,R7_pusht_016f5480427d323b43c9f79b,REFIT_103203,R3_ORIGINAL,H_REAL3_REPLAN,0,100,4,True,0,COMPLETE,R7_PREREGISTERED_STRESS_TEST_FRESH_CASES,True
pusht,R7_pusht_01770b6187dbaebe65e50d49,H0,R3_ORIGINAL,H_POLICY,0,100,4,True,0,COMPLETE,R7_PREREGISTERED_STRESS_TEST_FRESH_CASES,False
pusht,R7_pusht_01770b6187dbaebe65e50d49,H0,R3_ORIGINAL,H_REAL3_REPLAN,0,100,4,True,0,COMPLETE,R7_PREREGISTERED_STRESS_TEST_FRESH_CASES,True
pusht,R7_pusht_01770b6187dbaebe65e50d49,REFIT_103201,R3_ORIGINAL,H_POLICY,0,100,4,True,0,COMPLETE,R7_PREREGISTERED_STRESS_TEST_FRESH_CASES,False
pusht,R7_pusht_01770b6187dbaebe65e50d49,REFIT_103201,R3_ORIGINAL,H_REAL3_REPLAN,0,100,4,True,0,COMPLETE,R7_PREREGISTERED_STRESS_TEST_FRESH_CASES,True
pusht,R7_pusht_01770b6187dbaebe65e50d49,REFIT_103202,R3_ORIGINAL,H_POLICY,0,100,4,True,0,COMPLETE,R7_PREREGISTERED_STRESS_TEST_FRESH_CASES,False
pusht,R7_pusht_01770b6187dbaebe65e50d49,REFIT_103202,R3_ORIGINAL,H_REAL3_REPLAN,0,100,4,True,0,COMPLETE,R7_PREREGISTERED_STRESS_TEST_FRESH_CASES,True
pusht,R7_pusht_01770b6187dbaebe65e50d49,REFIT_103203,R3_ORIGINAL,H_POLICY,0,100,4,True,0,COMPLETE,R7_PREREGISTERED_STRESS_TEST_FRESH_CASES,False
pusht,R7_pusht_01770b6187dbaebe65e50d49,REFIT_103203,R3_ORIGINAL,H_REAL3_REPLAN,0,100,4,True,0,COMPLETE,R7_PREREGISTERED_STRESS_TEST_FRESH_CASES,True
pusht,R7_pusht_0188cf2966a1d8f1966c3648,H0,R3_ORIGINAL,H_POLICY,1,76,4,True,0,COMPLETE,R7_PREREGISTERED_STRESS_TEST_FRESH_CASES,False
pusht,R7_pusht_0188cf2966a1d8f1966c3648,H0,R3_ORIGINAL,H_REAL3_REPLAN,1,30,2,True,0,COMPLETE,R7_PREREGISTERED_STRESS_TEST_FRESH_CASES,True
pusht,R7_pusht_0188cf2966a1d8f1966c3648,REFIT_103201,R3_ORIGINAL,H_POLICY,0,100,4,True,0,COMPLETE,R7_PREREGISTERED_STRESS_TEST_FRESH_CASES,False
pusht,R7_pusht_0188cf2966a1d8f1966c3648,REFIT_103201,R3_ORIGINAL,H_REAL3_REPLAN,0,100,4,True,0,COMPLETE,R7_PREREGISTERED_STRESS_TEST_FRESH_CASES,True
pusht,R7_pusht_0188cf2966a1d8f1966c3648,REFIT_103202,R3_ORIGINAL,H_POLICY,0,100,4,True,0,COMPLETE,R7_PREREGISTERED_STRESS_TEST_FRESH_CASES,False
pusht,R7_pusht_0188cf2966a1d8f1966c3648,REFIT_103202,R3_ORIGINAL,H_REAL3_REPLAN,0,100,4,True,0,COMPLETE,R7_PREREGISTERED_STRESS_TEST_FRESH_CASES,True
pusht,R7_pusht_0188cf2966a1d8f1966c3648,REFIT_103203,R3_ORIGINAL,H_POLICY,0,100,4,True,0,COMPLETE,R7_PREREGISTERED_STRESS_TEST_FRESH_CASES,False
pusht,R7_pusht_0188cf2966a1d8f1966c3648,REFIT_103203,R3_ORIGINAL,H_REAL3_REPLAN,0,100,4,True,0,COMPLETE,R7_PREREGISTERED_STRESS_TEST_FRESH_CASES,True
pusht,R7_pusht_01a13d528f52fc1e1cec3d02,H0,R3_ORIGINAL,H_POLICY,1,24,1,False,0,COMPLETE,R7_PREREGISTERED_STRESS_TEST_FRESH_CASES,False
pusht,R7_pusht_01a13d528f52fc1e1cec3d02,H0,R3_ORIGINAL,H_REAL3_REPLAN,1,24,1,False,0,COMPLETE,R7_PREREGISTERED_STRESS_TEST_FRESH_CASES,True
pusht,R7_pusht_01a13d528f52fc1e1cec3d02,REFIT_103201,R3_ORIGINAL,H_POLICY,1,24,1,False,0,COMPLETE,R7_PREREGISTERED_STRESS_TEST_FRESH_CASES,False
pusht,R7_pusht_01a13d528f52fc1e1cec3d02,REFIT_103201,R3_ORIGINAL,H_REAL3_REPLAN,1,24,1,False,0,COMPLETE,R7_PREREGISTERED_STRESS_TEST_FRESH_CASES,True
pusht,R7_pusht_01a13d528f52fc1e1cec3d02,REFIT_103202,R3_ORIGINAL,H_POLICY,0,100,4,True,0,COMPLETE,R7_PREREGISTERED_STRESS_TEST_FRESH_CASES,False
pusht,R7_pusht_01a13d528f52fc1e1cec3d02,REFIT_103202,R3_ORIGINAL,H_REAL3_REPLAN,0,100,4,True,0,COMPLETE,R7_PREREGISTERED_STRESS_TEST_FRESH_CASES,True
pusht,R7_pusht_01a13d528f52fc1e1cec3d02,REFIT_103203,R3_ORIGINAL,H_POLICY,0,100,4,True,0,COMPLETE,R7_PREREGISTERED_STRESS_TEST_FRESH_CASES,False
pusht,R7_pusht_01a13d528f52fc1e1cec3d02,REFIT_103203,R3_ORIGINAL,H_REAL3_REPLAN,0,100,4,True,0,COMPLETE,R7_PREREGISTERED_STRESS_TEST_FRESH_CASES,True
pusht,R7_pusht_01a4eaf6e0f4c63e0d83704c,H0,R3_ORIGINAL,H_POLICY,1,26,2,True,0,COMPLETE,R7_PREREGISTERED_STRESS_TEST_FRESH_CASES,False
pusht,R7_pusht_01a4eaf6e0f4c63e0d83704c,H0,R3_ORIGINAL,H_REAL3_REPLAN,1,26,2,True,0,COMPLETE,R7_PREREGISTERED_STRESS_TEST_FRESH_CASES,True
pusht,R7_pusht_01a4eaf6e0f4c63e0d83704c,REFIT_103201,R3_ORIGINAL,H_POLICY,0,100,4,True,0,COMPLETE,R7_PREREGISTERED_STRESS_TEST_FRESH_CASES,False
pusht,R7_pusht_01a4eaf6e0f4c63e0d83704c,REFIT_103201,R3_ORIGINAL,H_REAL3_REPLAN,0,100,4,True,0,COMPLETE,R7_PREREGISTERED_STRESS_TEST_FRESH_CASES,True
pusht,R7_pusht_01a4eaf6e0f4c63e0d83704c,REFIT_103202,R3_ORIGINAL,H_POLICY,0,100,4,True,0,COMPLETE,R7_PREREGISTERED_STRESS_TEST_FRESH_CASES,False
pusht,R7_pusht_01a4eaf6e0f4c63e0d83704c,REFIT_103202,R3_ORIGINAL,H_REAL3_REPLAN,0,100,4,True,0,COMPLETE,R7_PREREGISTERED_STRESS_TEST_FRESH_CASES,True
pusht,R7_pusht_01a4eaf6e0f4c63e0d83704c,REFIT_103203,R3_ORIGINAL,H_POLICY,0,100,4,True,0,COMPLETE,R7_PREREGISTERED_STRESS_TEST_FRESH_CASES,False
pusht,R7_pusht_01a4eaf6e0f4c63e0d83704c,REFIT_103203,R3_ORIGINAL,H_REAL3_REPLAN,0,100,4,True,0,COMPLETE,R7_PREREGISTERED_STRESS_TEST_FRESH_CASES,True
pusht,R7_pusht_01c260920871834194a07faa,H0,R3_ORIGINAL,H_POLICY,0,100,4,True,0,COMPLETE,R7_PREREGISTERED_STRESS_TEST_FRESH_CASES,False
pusht,R7_pusht_01c260920871834194a07faa,H0,R3_ORIGINAL,H_REAL3_REPLAN,0,100,4,True,0,COMPLETE,R7_PREREGISTERED_STRESS_TEST_FRESH_CASES,True
pusht,R7_pusht_01c260920871834194a07faa,REFIT_103201,R3_ORIGINAL,H_POLICY,0,100,4,True,0,COMPLETE,R7_PREREGISTERED_STRESS_TEST_FRESH_CASES,False
pusht,R7_pusht_01c260920871834194a07faa,REFIT_103201,R3_ORIGINAL,H_REAL3_REPLAN,0,100,4,True,0,COMPLETE,R7_PREREGISTERED_STRESS_TEST_FRESH_CASES,True
pusht,R7_pusht_01c260920871834194a07faa,REFIT_103202,R3_ORIGINAL,H_POLICY,0,100,4,True,0,COMPLETE,R7_PREREGISTERED_STRESS_TEST_FRESH_CASES,False
pusht,R7_pusht_01c260920871834194a07faa,REFIT_103202,R3_ORIGINAL,H_REAL3_REPLAN,0,100,4,True,0,COMPLETE,R7_PREREGISTERED_STRESS_TEST_FRESH_CASES,True
pusht,R7_pusht_01c260920871834194a07faa,REFIT_103203,R3_ORIGINAL,H_POLICY,0,100,4,True,0,COMPLETE,R7_PREREGISTERED_STRESS_TEST_FRESH_CASES,False
pusht,R7_pusht_01c260920871834194a07faa,REFIT_103203,R3_ORIGINAL,H_REAL3_REPLAN,0,100,4,True,0,COMPLETE,R7_PREREGISTERED_STRESS_TEST_FRESH_CASES,True
pusht,R7_pusht_01d2018d3e40b613fd19eee4,H0,R3_ORIGINAL,H_POLICY,1,24,1,False,0,COMPLETE,R7_PREREGISTERED_STRESS_TEST_FRESH_CASES,False
pusht,R7_pusht_01d2018d3e40b613fd19eee4,H0,R3_ORIGINAL,H_REAL3_REPLAN,1,24,1,False,0,COMPLETE,R7_PREREGISTERED_STRESS_TEST_FRESH_CASES,True
pusht,R7_pusht_01d2018d3e40b613fd19eee4,REFIT_103201,R3_ORIGINAL,H_POLICY,1,24,1,False,0,COMPLETE,R7_PREREGISTERED_STRESS_TEST_FRESH_CASES,False
pusht,R7_pusht_01d2018d3e40b613fd19eee4,REFIT_103201,R3_ORIGINAL,H_REAL3_REPLAN,1,24,1,False,0,COMPLETE,R7_PREREGISTERED_STRESS_TEST_FRESH_CASES,True
pusht,R7_pusht_01d2018d3e40b613fd19eee4,REFIT_103202,R3_ORIGINAL,H_POLICY,1,24,1,False,0,COMPLETE,R7_PREREGISTERED_STRESS_TEST_FRESH_CASES,False
pusht,R7_pusht_01d2018d3e40b613fd19eee4,REFIT_103202,R3_ORIGINAL,H_REAL3_REPLAN,1,24,1,False,0,COMPLETE,R7_PREREGISTERED_STRESS_TEST_FRESH_CASES,True
pusht,R7_pusht_01d2018d3e40b613fd19eee4,REFIT_103203,R3_ORIGINAL,H_POLICY,1,24,1,False,0,COMPLETE,R7_PREREGISTERED_STRESS_TEST_FRESH_CASES,False
pusht,R7_pusht_01d2018d3e40b613fd19eee4,REFIT_103203,R3_ORIGINAL,H_REAL3_REPLAN,1,24,1,False,0,COMPLETE,R7_PREREGISTERED_STRESS_TEST_FRESH_CASES,True
pusht,R7_pusht_01d4eccab5279f50795139cf,H0,R3_ORIGINAL,H_POLICY,0,100,4,True,0,COMPLETE,R7_PREREGISTERED_STRESS_TEST_FRESH_CASES,False
pusht,R7_pusht_01d4eccab5279f50795139cf,H0,R3_ORIGINAL,H_REAL3_REPLAN,0,100,4,True,0,COMPLETE,R7_PREREGISTERED_STRESS_TEST_FRESH_CASES,True
pusht,R7_pusht_01d4eccab5279f50795139cf,REFIT_103201,R3_ORIGINAL,H_POLICY,0,100,4,True,0,COMPLETE,R7_PREREGISTERED_STRESS_TEST_FRESH_CASES,False
pusht,R7_pusht_01d4eccab5279f50795139cf,REFIT_103201,R3_ORIGINAL,H_REAL3_REPLAN,0,100,4,True,0,COMPLETE,R7_PREREGISTERED_STRESS_TEST_FRESH_CASES,True
pusht,R7_pusht_01d4eccab5279f50795139cf,REFIT_103202,R3_ORIGINAL,H_POLICY,0,100,4,True,0,COMPLETE,R7_PREREGISTERED_STRESS_TEST_FRESH_CASES,False
pusht,R7_pusht_01d4eccab5279f50795139cf,REFIT_103202,R3_ORIGINAL,H_REAL3_REPLAN,0,100,4,True,0,COMPLETE,R7_PREREGISTERED_STRESS_TEST_FRESH_CASES,True
pusht,R7_pusht_01d4eccab5279f50795139cf,REFIT_103203,R3_ORIGINAL,H_POLICY,0,100,4,True,0,COMPLETE,R7_PREREGISTERED_STRESS_TEST_FRESH_CASES,False
pusht,R7_pusht_01d4eccab5279f50795139cf,REFIT_103203,R3_ORIGINAL,H_REAL3_REPLAN,0,100,4,True,0,COMPLETE,R7_PREREGISTERED_STRESS_TEST_FRESH_CASES,True
pusht,R7_pusht_01e5f08d624ac0bc6fe6a71d,H0,R3_ORIGINAL,H_POLICY,0,100,4,True,0,COMPLETE,R7_PREREGISTERED_STRESS_TEST_FRESH_CASES,False
pusht,R7_pusht_01e5f08d624ac0bc6fe6a71d,H0,R3_ORIGINAL,H_REAL3_REPLAN,0,100,4,True,0,COMPLETE,R7_PREREGISTERED_STRESS_TEST_FRESH_CASES,True
pusht,R7_pusht_01e5f08d624ac0bc6fe6a71d,REFIT_103201,R3_ORIGINAL,H_POLICY,1,30,2,True,0,COMPLETE,R7_PREREGISTERED_STRESS_TEST_FRESH_CASES,False
pusht,R7_pusht_01e5f08d624ac0bc6fe6a71d,REFIT_103201,R3_ORIGINAL,H_REAL3_REPLAN,1,28,2,True,0,COMPLETE,R7_PREREGISTERED_STRESS_TEST_FRESH_CASES,True
pusht,R7_pusht_01e5f08d624ac0bc6fe6a71d,REFIT_103202,R3_ORIGINAL,H_POLICY,1,24,1,False,0,COMPLETE,R7_PREREGISTERED_STRESS_TEST_FRESH_CASES,False
pusht,R7_pusht_01e5f08d624ac0bc6fe6a71d,REFIT_103202,R3_ORIGINAL,H_REAL3_REPLAN,1,24,1,False,0,COMPLETE,R7_PREREGISTERED_STRESS_TEST_FRESH_CASES,True
pusht,R7_pusht_01e5f08d624ac0bc6fe6a71d,REFIT_103203,R3_ORIGINAL,H_POLICY,1,29,2,True,0,COMPLETE,R7_PREREGISTERED_STRESS_TEST_FRESH_CASES,False
pusht,R7_pusht_01e5f08d624ac0bc6fe6a71d,REFIT_103203,R3_ORIGINAL,H_REAL3_REPLAN,1,28,2,True,0,COMPLETE,R7_PREREGISTERED_STRESS_TEST_FRESH_CASES,True
pusht,R7_pusht_01f59f6454cee5d8210d7998,H0,R3_ORIGINAL,H_POLICY,0,100,4,True,0,COMPLETE,R7_PREREGISTERED_STRESS_TEST_FRESH_CASES,False
pusht,R7_pusht_01f59f6454cee5d8210d7998,H0,R3_ORIGINAL,H_REAL3_REPLAN,0,100,4,True,0,COMPLETE,R7_PREREGISTERED_STRESS_TEST_FRESH_CASES,True
pusht,R7_pusht_01f59f6454cee5d8210d7998,REFIT_103201,R3_ORIGINAL,H_POLICY,0,100,4,True,0,COMPLETE,R7_PREREGISTERED_STRESS_TEST_FRESH_CASES,False
pusht,R7_pusht_01f59f6454cee5d8210d7998,REFIT_103201,R3_ORIGINAL,H_REAL3_REPLAN,1,75,3,True,0,COMPLETE,R7_PREREGISTERED_STRESS_TEST_FRESH_CASES,True
pusht,R7_pusht_01f59f6454cee5d8210d7998,REFIT_103202,R3_ORIGINAL,H_POLICY,0,100,4,True,0,COMPLETE,R7_PREREGISTERED_STRESS_TEST_FRESH_CASES,False
pusht,R7_pusht_01f59f6454cee5d8210d7998,REFIT_103202,R3_ORIGINAL,H_REAL3_REPLAN,0,100,4,True,0,COMPLETE,R7_PREREGISTERED_STRESS_TEST_FRESH_CASES,True
pusht,R7_pusht_01f59f6454cee5d8210d7998,REFIT_103203,R3_ORIGINAL,H_POLICY,0,100,4,True,0,COMPLETE,R7_PREREGISTERED_STRESS_TEST_FRESH_CASES,False
pusht,R7_pusht_01f59f6454cee5d8210d7998,REFIT_103203,R3_ORIGINAL,H_REAL3_REPLAN,0,100,4,True,0,COMPLETE,R7_PREREGISTERED_STRESS_TEST_FRESH_CASES,True
pusht,R7_pusht_01f8965659761852f32b0a4f,H0,R3_ORIGINAL,H_POLICY,1,25,1,False,0,COMPLETE,R7_PREREGISTERED_STRESS_TEST_FRESH_CASES,False
pusht,R7_pusht_01f8965659761852f32b0a4f,H0,R3_ORIGINAL,H_REAL3_REPLAN,1,25,1,False,0,COMPLETE,R7_PREREGISTERED_STRESS_TEST_FRESH_CASES,True
pusht,R7_pusht_01f8965659761852f32b0a4f,REFIT_103201,R3_ORIGINAL,H_POLICY,1,23,1,False,0,COMPLETE,R7_PREREGISTERED_STRESS_TEST_FRESH_CASES,False
pusht,R7_pusht_01f8965659761852f32b0a4f,REFIT_103201,R3_ORIGINAL,H_REAL3_REPLAN,1,23,1,False,0,COMPLETE,R7_PREREGISTERED_STRESS_TEST_FRESH_CASES,True
pusht,R7_pusht_01f8965659761852f32b0a4f,REFIT_103202,R3_ORIGINAL,H_POLICY,1,23,1,False,0,COMPLETE,R7_PREREGISTERED_STRESS_TEST_FRESH_CASES,False
pusht,R7_pusht_01f8965659761852f32b0a4f,REFIT_103202,R3_ORIGINAL,H_REAL3_REPLAN,1,23,1,False,0,COMPLETE,R7_PREREGISTERED_STRESS_TEST_FRESH_CASES,True
pusht,R7_pusht_01f8965659761852f32b0a4f,REFIT_103203,R3_ORIGINAL,H_POLICY,1,23,1,False,0,COMPLETE,R7_PREREGISTERED_STRESS_TEST_FRESH_CASES,False
pusht,R7_pusht_01f8965659761852f32b0a4f,REFIT_103203,R3_ORIGINAL,H_REAL3_REPLAN,1,23,1,False,0,COMPLETE,R7_PREREGISTERED_STRESS_TEST_FRESH_CASES,True
pusht,R7_pusht_01fc66ea015bce57c4d8df3e,H0,R3_ORIGINAL,H_POLICY,0,100,4,True,0,COMPLETE,R7_PREREGISTERED_STRESS_TEST_FRESH_CASES,False
pusht,R7_pusht_01fc66ea015bce57c4d8df3e,H0,R3_ORIGINAL,H_REAL3_REPLAN,0,100,4,True,0,COMPLETE,R7_PREREGISTERED_STRESS_TEST_FRESH_CASES,True
pusht,R7_pusht_01fc66ea015bce57c4d8df3e,REFIT_103201,R3_ORIGINAL,H_POLICY,0,100,4,True,0,COMPLETE,R7_PREREGISTERED_STRESS_TEST_FRESH_CASES,False
pusht,R7_pusht_01fc66ea015bce57c4d8df3e,REFIT_103201,R3_ORIGINAL,H_REAL3_REPLAN,0,100,4,True,0,COMPLETE,R7_PREREGISTERED_STRESS_TEST_FRESH_CASES,True
pusht,R7_pusht_01fc66ea015bce57c4d8df3e,REFIT_103202,R3_ORIGINAL,H_POLICY,0,100,4,True,0,COMPLETE,R7_PREREGISTERED_STRESS_TEST_FRESH_CASES,False
pusht,R7_pusht_01fc66ea015bce57c4d8df3e,REFIT_103202,R3_ORIGINAL,H_REAL3_REPLAN,0,100,4,True,0,COMPLETE,R7_PREREGISTERED_STRESS_TEST_FRESH_CASES,True
pusht,R7_pusht_01fc66ea015bce57c4d8df3e,REFIT_103203,R3_ORIGINAL,H_POLICY,0,100,4,True,0,COMPLETE,R7_PREREGISTERED_STRESS_TEST_FRESH_CASES,False
pusht,R7_pusht_01fc66ea015bce57c4d8df3e,REFIT_103203,R3_ORIGINAL,H_REAL3_REPLAN,0,100,4,True,0,COMPLETE,R7_PREREGISTERED_STRESS_TEST_FRESH_CASES,True
pusht,R7_pusht_020a50cb8cc1d090ced9bf33,H0,R3_ORIGINAL,H_POLICY,0,100,4,True,0,COMPLETE,R7_PREREGISTERED_STRESS_TEST_FRESH_CASES,False
pusht,R7_pusht_020a50cb8cc1d090ced9bf33,H0,R3_ORIGINAL,H_REAL3_REPLAN,0,100,4,True,0,COMPLETE,R7_PREREGISTERED_STRESS_TEST_FRESH_CASES,True
pusht,R7_pusht_020a50cb8cc1d090ced9bf33,REFIT_103201,R3_ORIGINAL,H_POLICY,0,100,4,True,0,COMPLETE,R7_PREREGISTERED_STRESS_TEST_FRESH_CASES,False
pusht,R7_pusht_020a50cb8cc1d090ced9bf33,REFIT_103201,R3_ORIGINAL,H_REAL3_REPLAN,0,100,4,True,0,COMPLETE,R7_PREREGISTERED_STRESS_TEST_FRESH_CASES,True
pusht,R7_pusht_020a50cb8cc1d090ced9bf33,REFIT_103202,R3_ORIGINAL,H_POLICY,0,100,4,True,0,COMPLETE,R7_PREREGISTERED_STRESS_TEST_FRESH_CASES,False
pusht,R7_pusht_020a50cb8cc1d090ced9bf33,REFIT_103202,R3_ORIGINAL,H_REAL3_REPLAN,0,100,4,True,0,COMPLETE,R7_PREREGISTERED_STRESS_TEST_FRESH_CASES,True
pusht,R7_pusht_020a50cb8cc1d090ced9bf33,REFIT_103203,R3_ORIGINAL,H_POLICY,0,100,4,True,0,COMPLETE,R7_PREREGISTERED_STRESS_TEST_FRESH_CASES,False
pusht,R7_pusht_020a50cb8cc1d090ced9bf33,REFIT_103203,R3_ORIGINAL,H_REAL3_REPLAN,0,100,4,True,0,COMPLETE,R7_PREREGISTERED_STRESS_TEST_FRESH_CASES,True
pusht,R7_pusht_020d1a93031af3052a4fc3f2,H0,R3_ORIGINAL,H_POLICY,1,75,3,True,0,COMPLETE,R7_PREREGISTERED_STRESS_TEST_FRESH_CASES,False
pusht,R7_pusht_020d1a93031af3052a4fc3f2,H0,R3_ORIGINAL,H_REAL3_REPLAN,1,74,3,True,0,COMPLETE,R7_PREREGISTERED_STRESS_TEST_FRESH_CASES,True
pusht,R7_pusht_020d1a93031af3052a4fc3f2,REFIT_103201,R3_ORIGINAL,H_POLICY,1,51,3,True,0,COMPLETE,R7_PREREGISTERED_STRESS_TEST_FRESH_CASES,False
pusht,R7_pusht_020d1a93031af3052a4fc3f2,REFIT_103201,R3_ORIGINAL,H_REAL3_REPLAN,0,100,4,True,0,COMPLETE,R7_PREREGISTERED_STRESS_TEST_FRESH_CASES,True
pusht,R7_pusht_020d1a93031af3052a4fc3f2,REFIT_103202,R3_ORIGINAL,H_POLICY,1,24,1,False,0,COMPLETE,R7_PREREGISTERED_STRESS_TEST_FRESH_CASES,False
pusht,R7_pusht_020d1a93031af3052a4fc3f2,REFIT_103202,R3_ORIGINAL,H_REAL3_REPLAN,1,24,1,False,0,COMPLETE,R7_PREREGISTERED_STRESS_TEST_FRESH_CASES,True
pusht,R7_pusht_020d1a93031af3052a4fc3f2,REFIT_103203,R3_ORIGINAL,H_POLICY,1,44,2,True,0,COMPLETE,R7_PREREGISTERED_STRESS_TEST_FRESH_CASES,False
pusht,R7_pusht_020d1a93031af3052a4fc3f2,REFIT_103203,R3_ORIGINAL,H_REAL3_REPLAN,1,40,2,True,0,COMPLETE,R7_PREREGISTERED_STRESS_TEST_FRESH_CASES,True
pusht,R7_pusht_02295b118e077300e2ae92cf,H0,R3_ORIGINAL,H_POLICY,1,22,1,False,0,COMPLETE,R7_PREREGISTERED_STRESS_TEST_FRESH_CASES,False
pusht,R7_pusht_02295b118e077300e2ae92cf,H0,R3_ORIGINAL,H_REAL3_REPLAN,1,22,1,False,0,COMPLETE,R7_PREREGISTERED_STRESS_TEST_FRESH_CASES,True
pusht,R7_pusht_02295b118e077300e2ae92cf,REFIT_103201,R3_ORIGINAL,H_POLICY,1,23,1,False,0,COMPLETE,R7_PREREGISTERED_STRESS_TEST_FRESH_CASES,False
pusht,R7_pusht_02295b118e077300e2ae92cf,REFIT_103201,R3_ORIGINAL,H_REAL3_REPLAN,1,23,1,False,0,COMPLETE,R7_PREREGISTERED_STRESS_TEST_FRESH_CASES,True
pusht,R7_pusht_02295b118e077300e2ae92cf,REFIT_103202,R3_ORIGINAL,H_POLICY,1,25,1,False,0,COMPLETE,R7_PREREGISTERED_STRESS_TEST_FRESH_CASES,False
pusht,R7_pusht_02295b118e077300e2ae92cf,REFIT_103202,R3_ORIGINAL,H_REAL3_REPLAN,1,25,1,False,0,COMPLETE,R7_PREREGISTERED_STRESS_TEST_FRESH_CASES,True
pusht,R7_pusht_02295b118e077300e2ae92cf,REFIT_103203,R3_ORIGINAL,H_POLICY,1,21,1,False,0,COMPLETE,R7_PREREGISTERED_STRESS_TEST_FRESH_CASES,False
pusht,R7_pusht_02295b118e077300e2ae92cf,REFIT_103203,R3_ORIGINAL,H_REAL3_REPLAN,1,21,1,False,0,COMPLETE,R7_PREREGISTERED_STRESS_TEST_FRESH_CASES,True
pusht,R7_pusht_0248ee4e8a49f44dd1d000bc,H0,R3_ORIGINAL,H_POLICY,1,24,1,False,0,COMPLETE,R7_PREREGISTERED_STRESS_TEST_FRESH_CASES,False
pusht,R7_pusht_0248ee4e8a49f44dd1d000bc,H0,R3_ORIGINAL,H_REAL3_REPLAN,1,24,1,False,0,COMPLETE,R7_PREREGISTERED_STRESS_TEST_FRESH_CASES,True
pusht,R7_pusht_0248ee4e8a49f44dd1d000bc,REFIT_103201,R3_ORIGINAL,H_POLICY,1,23,1,False,0,COMPLETE,R7_PREREGISTERED_STRESS_TEST_FRESH_CASES,False
pusht,R7_pusht_0248ee4e8a49f44dd1d000bc,REFIT_103201,R3_ORIGINAL,H_REAL3_REPLAN,1,23,1,False,0,COMPLETE,R7_PREREGISTERED_STRESS_TEST_FRESH_CASES,True
pusht,R7_pusht_0248ee4e8a49f44dd1d000bc,REFIT_103202,R3_ORIGINAL,H_POLICY,1,24,1,False,0,COMPLETE,R7_PREREGISTERED_STRESS_TEST_FRESH_CASES,False
pusht,R7_pusht_0248ee4e8a49f44dd1d000bc,REFIT_103202,R3_ORIGINAL,H_REAL3_REPLAN,1,24,1,False,0,COMPLETE,R7_PREREGISTERED_STRESS_TEST_FRESH_CASES,True
pusht,R7_pusht_0248ee4e8a49f44dd1d000bc,REFIT_103203,R3_ORIGINAL,H_POLICY,1,23,1,False,0,COMPLETE,R7_PREREGISTERED_STRESS_TEST_FRESH_CASES,False
pusht,R7_pusht_0248ee4e8a49f44dd1d000bc,REFIT_103203,R3_ORIGINAL,H_REAL3_REPLAN,1,23,1,False,0,COMPLETE,R7_PREREGISTERED_STRESS_TEST_FRESH_CASES,True
pusht,R7_pusht_02518a10660f5f5a7ec5c247,H0,R3_ORIGINAL,H_POLICY,0,100,4,True,0,COMPLETE,R7_PREREGISTERED_STRESS_TEST_FRESH_CASES,False
pusht,R7_pusht_02518a10660f5f5a7ec5c247,H0,R3_ORIGINAL,H_REAL3_REPLAN,0,100,4,True,0,COMPLETE,R7_PREREGISTERED_STRESS_TEST_FRESH_CASES,True
pusht,R7_pusht_02518a10660f5f5a7ec5c247,REFIT_103201,R3_ORIGINAL,H_POLICY,0,100,4,True,0,COMPLETE,R7_PREREGISTERED_STRESS_TEST_FRESH_CASES,False
pusht,R7_pusht_02518a10660f5f5a7ec5c247,REFIT_103201,R3_ORIGINAL,H_REAL3_REPLAN,0,100,4,True,0,COMPLETE,R7_PREREGISTERED_STRESS_TEST_FRESH_CASES,True
pusht,R7_pusht_02518a10660f5f5a7ec5c247,REFIT_103202,R3_ORIGINAL,H_POLICY,0,100,4,True,0,COMPLETE,R7_PREREGISTERED_STRESS_TEST_FRESH_CASES,False
pusht,R7_pusht_02518a10660f5f5a7ec5c247,REFIT_103202,R3_ORIGINAL,H_REAL3_REPLAN,0,100,4,True,0,COMPLETE,R7_PREREGISTERED_STRESS_TEST_FRESH_CASES,True
pusht,R7_pusht_02518a10660f5f5a7ec5c247,REFIT_103203,R3_ORIGINAL,H_POLICY,0,100,4,True,0,COMPLETE,R7_PREREGISTERED_STRESS_TEST_FRESH_CASES,False
pusht,R7_pusht_02518a10660f5f5a7ec5c247,REFIT_103203,R3_ORIGINAL,H_REAL3_REPLAN,0,100,4,True,0,COMPLETE,R7_PREREGISTERED_STRESS_TEST_FRESH_CASES,True
pusht,R7_pusht_025455343faeec637affe3b7,H0,R3_ORIGINAL,H_POLICY,1,49,2,True,0,COMPLETE,R7_PREREGISTERED_STRESS_TEST_FRESH_CASES,False
pusht,R7_pusht_025455343faeec637affe3b7,H0,R3_ORIGINAL,H_REAL3_REPLAN,1,49,2,True,0,COMPLETE,R7_PREREGISTERED_STRESS_TEST_FRESH_CASES,True
pusht,R7_pusht_025455343faeec637affe3b7,REFIT_103201,R3_ORIGINAL,H_POLICY,1,73,3,True,0,COMPLETE,R7_PREREGISTERED_STRESS_TEST_FRESH_CASES,False
pusht,R7_pusht_025455343faeec637affe3b7,REFIT_103201,R3_ORIGINAL,H_REAL3_REPLAN,1,42,2,True,0,COMPLETE,R7_PREREGISTERED_STRESS_TEST_FRESH_CASES,True
pusht,R7_pusht_025455343faeec637affe3b7,REFIT_103202,R3_ORIGINAL,H_POLICY,0,100,4,True,0,COMPLETE,R7_PREREGISTERED_STRESS_TEST_FRESH_CASES,False
pusht,R7_pusht_025455343faeec637affe3b7,REFIT_103202,R3_ORIGINAL,H_REAL3_REPLAN,0,100,4,True,0,COMPLETE,R7_PREREGISTERED_STRESS_TEST_FRESH_CASES,True
pusht,R7_pusht_025455343faeec637affe3b7,REFIT_103203,R3_ORIGINAL,H_POLICY,1,26,2,True,0,COMPLETE,R7_PREREGISTERED_STRESS_TEST_FRESH_CASES,False
pusht,R7_pusht_025455343faeec637affe3b7,REFIT_103203,R3_ORIGINAL,H_REAL3_REPLAN,1,26,2,True,0,COMPLETE,R7_PREREGISTERED_STRESS_TEST_FRESH_CASES,True
pusht,R7_pusht_02607299e74db9105dd93f3b,H0,R3_ORIGINAL,H_POLICY,0,100,4,True,0,COMPLETE,R7_PREREGISTERED_STRESS_TEST_FRESH_CASES,False
pusht,R7_pusht_02607299e74db9105dd93f3b,H0,R3_ORIGINAL,H_REAL3_REPLAN,0,100,4,True,0,COMPLETE,R7_PREREGISTERED_STRESS_TEST_FRESH_CASES,True
pusht,R7_pusht_02607299e74db9105dd93f3b,REFIT_103201,R3_ORIGINAL,H_POLICY,0,100,4,True,0,COMPLETE,R7_PREREGISTERED_STRESS_TEST_FRESH_CASES,False
pusht,R7_pusht_02607299e74db9105dd93f3b,REFIT_103201,R3_ORIGINAL,H_REAL3_REPLAN,0,100,4,True,0,COMPLETE,R7_PREREGISTERED_STRESS_TEST_FRESH_CASES,True
pusht,R7_pusht_02607299e74db9105dd93f3b,REFIT_103202,R3_ORIGINAL,H_POLICY,0,100,4,True,0,COMPLETE,R7_PREREGISTERED_STRESS_TEST_FRESH_CASES,False
pusht,R7_pusht_02607299e74db9105dd93f3b,REFIT_103202,R3_ORIGINAL,H_REAL3_REPLAN,0,100,4,True,0,COMPLETE,R7_PREREGISTERED_STRESS_TEST_FRESH_CASES,True
pusht,R7_pusht_02607299e74db9105dd93f3b,REFIT_103203,R3_ORIGINAL,H_POLICY,0,100,4,True,0,COMPLETE,R7_PREREGISTERED_STRESS_TEST_FRESH_CASES,False
pusht,R7_pusht_02607299e74db9105dd93f3b,REFIT_103203,R3_ORIGINAL,H_REAL3_REPLAN,0,100,4,True,0,COMPLETE,R7_PREREGISTERED_STRESS_TEST_FRESH_CASES,True
pusht,R7_pusht_028189a99cdfdfd55fb8e3a4,H0,R3_ORIGINAL,H_POLICY,0,100,4,True,0,COMPLETE,R7_PREREGISTERED_STRESS_TEST_FRESH_CASES,False
pusht,R7_pusht_028189a99cdfdfd55fb8e3a4,H0,R3_ORIGINAL,H_REAL3_REPLAN,0,100,4,True,0,COMPLETE,R7_PREREGISTERED_STRESS_TEST_FRESH_CASES,True
pusht,R7_pusht_028189a99cdfdfd55fb8e3a4,REFIT_103201,R3_ORIGINAL,H_POLICY,0,100,4,True,0,COMPLETE,R7_PREREGISTERED_STRESS_TEST_FRESH_CASES,False
pusht,R7_pusht_028189a99cdfdfd55fb8e3a4,REFIT_103201,R3_ORIGINAL,H_REAL3_REPLAN,0,100,4,True,0,COMPLETE,R7_PREREGISTERED_STRESS_TEST_FRESH_CASES,True
pusht,R7_pusht_028189a99cdfdfd55fb8e3a4,REFIT_103202,R3_ORIGINAL,H_POLICY,0,100,4,True,0,COMPLETE,R7_PREREGISTERED_STRESS_TEST_FRESH_CASES,False
pusht,R7_pusht_028189a99cdfdfd55fb8e3a4,REFIT_103202,R3_ORIGINAL,H_REAL3_REPLAN,0,100,4,True,0,COMPLETE,R7_PREREGISTERED_STRESS_TEST_FRESH_CASES,True
pusht,R7_pusht_028189a99cdfdfd55fb8e3a4,REFIT_103203,R3_ORIGINAL,H_POLICY,0,100,4,True,0,COMPLETE,R7_PREREGISTERED_STRESS_TEST_FRESH_CASES,False
pusht,R7_pusht_028189a99cdfdfd55fb8e3a4,REFIT_103203,R3_ORIGINAL,H_REAL3_REPLAN,0,100,4,True,0,COMPLETE,R7_PREREGISTERED_STRESS_TEST_FRESH_CASES,True
pusht,R7_pusht_02822f6999a3a040049b92dc,H0,R3_ORIGINAL,H_POLICY,1,50,2,True,0,COMPLETE,R7_PREREGISTERED_STRESS_TEST_FRESH_CASES,False
pusht,R7_pusht_02822f6999a3a040049b92dc,H0,R3_ORIGINAL,H_REAL3_REPLAN,1,50,2,True,0,COMPLETE,R7_PREREGISTERED_STRESS_TEST_FRESH_CASES,True
pusht,R7_pusht_02822f6999a3a040049b92dc,REFIT_103201,R3_ORIGINAL,H_POLICY,0,100,4,True,0,COMPLETE,R7_PREREGISTERED_STRESS_TEST_FRESH_CASES,False
pusht,R7_pusht_02822f6999a3a040049b92dc,REFIT_103201,R3_ORIGINAL,H_REAL3_REPLAN,0,100,4,True,0,COMPLETE,R7_PREREGISTERED_STRESS_TEST_FRESH_CASES,True
pusht,R7_pusht_02822f6999a3a040049b92dc,REFIT_103202,R3_ORIGINAL,H_POLICY,0,100,4,True,0,COMPLETE,R7_PREREGISTERED_STRESS_TEST_FRESH_CASES,False
pusht,R7_pusht_02822f6999a3a040049b92dc,REFIT_103202,R3_ORIGINAL,H_REAL3_REPLAN,0,100,4,True,0,COMPLETE,R7_PREREGISTERED_STRESS_TEST_FRESH_CASES,True
pusht,R7_pusht_02822f6999a3a040049b92dc,REFIT_103203,R3_ORIGINAL,H_POLICY,1,50,2,True,0,COMPLETE,R7_PREREGISTERED_STRESS_TEST_FRESH_CASES,False
pusht,R7_pusht_02822f6999a3a040049b92dc,REFIT_103203,R3_ORIGINAL,H_REAL3_REPLAN,1,50,2,True,0,COMPLETE,R7_PREREGISTERED_STRESS_TEST_FRESH_CASES,True
pusht,R7_pusht_029169af9b4893df26cdcbf1,H0,R3_ORIGINAL,H_POLICY,0,100,4,True,0,COMPLETE,R7_PREREGISTERED_STRESS_TEST_FRESH_CASES,False
pusht,R7_pusht_029169af9b4893df26cdcbf1,H0,R3_ORIGINAL,H_REAL3_REPLAN,0,100,4,True,0,COMPLETE,R7_PREREGISTERED_STRESS_TEST_FRESH_CASES,True
pusht,R7_pusht_029169af9b4893df26cdcbf1,REFIT_103201,R3_ORIGINAL,H_POLICY,0,100,4,True,0,COMPLETE,R7_PREREGISTERED_STRESS_TEST_FRESH_CASES,False
pusht,R7_pusht_029169af9b4893df26cdcbf1,REFIT_103201,R3_ORIGINAL,H_REAL3_REPLAN,0,100,4,True,0,COMPLETE,R7_PREREGISTERED_STRESS_TEST_FRESH_CASES,True
pusht,R7_pusht_029169af9b4893df26cdcbf1,REFIT_103202,R3_ORIGINAL,H_POLICY,0,100,4,True,0,COMPLETE,R7_PREREGISTERED_STRESS_TEST_FRESH_CASES,False
pusht,R7_pusht_029169af9b4893df26cdcbf1,REFIT_103202,R3_ORIGINAL,H_REAL3_REPLAN,0,100,4,True,0,COMPLETE,R7_PREREGISTERED_STRESS_TEST_FRESH_CASES,True
pusht,R7_pusht_029169af9b4893df26cdcbf1,REFIT_103203,R3_ORIGINAL,H_POLICY,0,100,4,True,0,COMPLETE,R7_PREREGISTERED_STRESS_TEST_FRESH_CASES,False
pusht,R7_pusht_029169af9b4893df26cdcbf1,REFIT_103203,R3_ORIGINAL,H_REAL3_REPLAN,0,100,4,True,0,COMPLETE,R7_PREREGISTERED_STRESS_TEST_FRESH_CASES,True
pusht,R7_pusht_029512afa3674e2902345a75,H0,R3_ORIGINAL,H_POLICY,1,34,2,True,0,COMPLETE,R7_PREREGISTERED_STRESS_TEST_FRESH_CASES,False
pusht,R7_pusht_029512afa3674e2902345a75,H0,R3_ORIGINAL,H_REAL3_REPLAN,0,100,4,True,0,COMPLETE,R7_PREREGISTERED_STRESS_TEST_FRESH_CASES,True
pusht,R7_pusht_029512afa3674e2902345a75,REFIT_103201,R3_ORIGINAL,H_POLICY,1,35,2,True,0,COMPLETE,R7_PREREGISTERED_STRESS_TEST_FRESH_CASES,False
pusht,R7_pusht_029512afa3674e2902345a75,REFIT_103201,R3_ORIGINAL,H_REAL3_REPLAN,1,52,3,True,0,COMPLETE,R7_PREREGISTERED_STRESS_TEST_FRESH_CASES,True
pusht,R7_pusht_029512afa3674e2902345a75,REFIT_103202,R3_ORIGINAL,H_POLICY,1,29,2,True,0,COMPLETE,R7_PREREGISTERED_STRESS_TEST_FRESH_CASES,False
pusht,R7_pusht_029512afa3674e2902345a75,REFIT_103202,R3_ORIGINAL,H_REAL3_REPLAN,1,29,2,True,0,COMPLETE,R7_PREREGISTERED_STRESS_TEST_FRESH_CASES,True
pusht,R7_pusht_029512afa3674e2902345a75,REFIT_103203,R3_ORIGINAL,H_POLICY,1,32,2,True,0,COMPLETE,R7_PREREGISTERED_STRESS_TEST_FRESH_CASES,False
pusht,R7_pusht_029512afa3674e2902345a75,REFIT_103203,R3_ORIGINAL,H_REAL3_REPLAN,1,36,2,True,0,COMPLETE,R7_PREREGISTERED_STRESS_TEST_FRESH_CASES,True
pusht,R7_pusht_02976e5b8cb56831df3fa4e6,H0,R3_ORIGINAL,H_POLICY,0,100,4,True,0,COMPLETE,R7_PREREGISTERED_STRESS_TEST_FRESH_CASES,False
pusht,R7_pusht_02976e5b8cb56831df3fa4e6,H0,R3_ORIGINAL,H_REAL3_REPLAN,0,100,4,True,0,COMPLETE,R7_PREREGISTERED_STRESS_TEST_FRESH_CASES,True
pusht,R7_pusht_02976e5b8cb56831df3fa4e6,REFIT_103201,R3_ORIGINAL,H_POLICY,0,100,4,True,0,COMPLETE,R7_PREREGISTERED_STRESS_TEST_FRESH_CASES,False
pusht,R7_pusht_02976e5b8cb56831df3fa4e6,REFIT_103201,R3_ORIGINAL,H_REAL3_REPLAN,0,100,4,True,0,COMPLETE,R7_PREREGISTERED_STRESS_TEST_FRESH_CASES,True
pusht,R7_pusht_02976e5b8cb56831df3fa4e6,REFIT_103202,R3_ORIGINAL,H_POLICY,0,100,4,True,0,COMPLETE,R7_PREREGISTERED_STRESS_TEST_FRESH_CASES,False
pusht,R7_pusht_02976e5b8cb56831df3fa4e6,REFIT_103202,R3_ORIGINAL,H_REAL3_REPLAN,0,100,4,True,0,COMPLETE,R7_PREREGISTERED_STRESS_TEST_FRESH_CASES,True
pusht,R7_pusht_02976e5b8cb56831df3fa4e6,REFIT_103203,R3_ORIGINAL,H_POLICY,0,100,4,True,0,COMPLETE,R7_PREREGISTERED_STRESS_TEST_FRESH_CASES,False
pusht,R7_pusht_02976e5b8cb56831df3fa4e6,REFIT_103203,R3_ORIGINAL,H_REAL3_REPLAN,0,100,4,True,0,COMPLETE,R7_PREREGISTERED_STRESS_TEST_FRESH_CASES,True
pusht,R7_pusht_02a0bf8af2cad36539028b35,H0,R3_ORIGINAL,H_POLICY,1,24,1,False,0,COMPLETE,R7_PREREGISTERED_STRESS_TEST_FRESH_CASES,False
pusht,R7_pusht_02a0bf8af2cad36539028b35,H0,R3_ORIGINAL,H_REAL3_REPLAN,1,24,1,False,0,COMPLETE,R7_PREREGISTERED_STRESS_TEST_FRESH_CASES,True
pusht,R7_pusht_02a0bf8af2cad36539028b35,REFIT_103201,R3_ORIGINAL,H_POLICY,1,25,1,False,0,COMPLETE,R7_PREREGISTERED_STRESS_TEST_FRESH_CASES,False
pusht,R7_pusht_02a0bf8af2cad36539028b35,REFIT_103201,R3_ORIGINAL,H_REAL3_REPLAN,1,25,1,False,0,COMPLETE,R7_PREREGISTERED_STRESS_TEST_FRESH_CASES,True
pusht,R7_pusht_02a0bf8af2cad36539028b35,REFIT_103202,R3_ORIGINAL,H_POLICY,1,25,1,False,0,COMPLETE,R7_PREREGISTERED_STRESS_TEST_FRESH_CASES,False
pusht,R7_pusht_02a0bf8af2cad36539028b35,REFIT_103202,R3_ORIGINAL,H_REAL3_REPLAN,1,25,1,False,0,COMPLETE,R7_PREREGISTERED_STRESS_TEST_FRESH_CASES,True
pusht,R7_pusht_02a0bf8af2cad36539028b35,REFIT_103203,R3_ORIGINAL,H_POLICY,1,25,1,False,0,COMPLETE,R7_PREREGISTERED_STRESS_TEST_FRESH_CASES,False
pusht,R7_pusht_02a0bf8af2cad36539028b35,REFIT_103203,R3_ORIGINAL,H_REAL3_REPLAN,1,25,1,False,0,COMPLETE,R7_PREREGISTERED_STRESS_TEST_FRESH_CASES,True
pusht,R7_pusht_02acac9c63e43eb3bbe69f62,H0,R3_ORIGINAL,H_POLICY,0,100,4,True,0,COMPLETE,R7_PREREGISTERED_STRESS_TEST_FRESH_CASES,False
pusht,R7_pusht_02acac9c63e43eb3bbe69f62,H0,R3_ORIGINAL,H_REAL3_REPLAN,0,100,4,True,0,COMPLETE,R7_PREREGISTERED_STRESS_TEST_FRESH_CASES,True
pusht,R7_pusht_02acac9c63e43eb3bbe69f62,REFIT_103201,R3_ORIGINAL,H_POLICY,0,100,4,True,0,COMPLETE,R7_PREREGISTERED_STRESS_TEST_FRESH_CASES,False
pusht,R7_pusht_02acac9c63e43eb3bbe69f62,REFIT_103201,R3_ORIGINAL,H_REAL3_REPLAN,0,100,4,True,0,COMPLETE,R7_PREREGISTERED_STRESS_TEST_FRESH_CASES,True
pusht,R7_pusht_02acac9c63e43eb3bbe69f62,REFIT_103202,R3_ORIGINAL,H_POLICY,0,100,4,True,0,COMPLETE,R7_PREREGISTERED_STRESS_TEST_FRESH_CASES,False
pusht,R7_pusht_02acac9c63e43eb3bbe69f62,REFIT_103202,R3_ORIGINAL,H_REAL3_REPLAN,0,100,4,True,0,COMPLETE,R7_PREREGISTERED_STRESS_TEST_FRESH_CASES,True
pusht,R7_pusht_02acac9c63e43eb3bbe69f62,REFIT_103203,R3_ORIGINAL,H_POLICY,0,100,4,True,0,COMPLETE,R7_PREREGISTERED_STRESS_TEST_FRESH_CASES,False
pusht,R7_pusht_02acac9c63e43eb3bbe69f62,REFIT_103203,R3_ORIGINAL,H_REAL3_REPLAN,0,100,4,True,0,COMPLETE,R7_PREREGISTERED_STRESS_TEST_FRESH_CASES,True
pusht,R7_pusht_02b4dad929bd61ded04a7767,H0,R3_ORIGINAL,H_POLICY,0,100,4,True,0,COMPLETE,R7_PREREGISTERED_STRESS_TEST_FRESH_CASES,False
pusht,R7_pusht_02b4dad929bd61ded04a7767,H0,R3_ORIGINAL,H_REAL3_REPLAN,0,100,4,True,0,COMPLETE,R7_PREREGISTERED_STRESS_TEST_FRESH_CASES,True
pusht,R7_pusht_02b4dad929bd61ded04a7767,REFIT_103201,R3_ORIGINAL,H_POLICY,1,47,2,True,0,COMPLETE,R7_PREREGISTERED_STRESS_TEST_FRESH_CASES,False
pusht,R7_pusht_02b4dad929bd61ded04a7767,REFIT_103201,R3_ORIGINAL,H_REAL3_REPLAN,1,48,2,True,0,COMPLETE,R7_PREREGISTERED_STRESS_TEST_FRESH_CASES,True
pusht,R7_pusht_02b4dad929bd61ded04a7767,REFIT_103202,R3_ORIGINAL,H_POLICY,1,27,2,True,0,COMPLETE,R7_PREREGISTERED_STRESS_TEST_FRESH_CASES,False
pusht,R7_pusht_02b4dad929bd61ded04a7767,REFIT_103202,R3_ORIGINAL,H_REAL3_REPLAN,0,100,4,True,0,COMPLETE,R7_PREREGISTERED_STRESS_TEST_FRESH_CASES,True
pusht,R7_pusht_02b4dad929bd61ded04a7767,REFIT_103203,R3_ORIGINAL,H_POLICY,1,58,3,True,0,COMPLETE,R7_PREREGISTERED_STRESS_TEST_FRESH_CASES,False
pusht,R7_pusht_02b4dad929bd61ded04a7767,REFIT_103203,R3_ORIGINAL,H_REAL3_REPLAN,1,72,3,True,0,COMPLETE,R7_PREREGISTERED_STRESS_TEST_FRESH_CASES,True
pusht,R7_pusht_02b65a6476d69d491e53e5e8,H0,R3_ORIGINAL,H_POLICY,1,22,1,False,0,COMPLETE,R7_PREREGISTERED_STRESS_TEST_FRESH_CASES,False
pusht,R7_pusht_02b65a6476d69d491e53e5e8,H0,R3_ORIGINAL,H_REAL3_REPLAN,1,22,1,False,0,COMPLETE,R7_PREREGISTERED_STRESS_TEST_FRESH_CASES,True
pusht,R7_pusht_02b65a6476d69d491e53e5e8,REFIT_103201,R3_ORIGINAL,H_POLICY,1,21,1,False,0,COMPLETE,R7_PREREGISTERED_STRESS_TEST_FRESH_CASES,False
pusht,R7_pusht_02b65a6476d69d491e53e5e8,REFIT_103201,R3_ORIGINAL,H_REAL3_REPLAN,1,21,1,False,0,COMPLETE,R7_PREREGISTERED_STRESS_TEST_FRESH_CASES,True
pusht,R7_pusht_02b65a6476d69d491e53e5e8,REFIT_103202,R3_ORIGINAL,H_POLICY,1,21,1,False,0,COMPLETE,R7_PREREGISTERED_STRESS_TEST_FRESH_CASES,False
pusht,R7_pusht_02b65a6476d69d491e53e5e8,REFIT_103202,R3_ORIGINAL,H_REAL3_REPLAN,1,21,1,False,0,COMPLETE,R7_PREREGISTERED_STRESS_TEST_FRESH_CASES,True
pusht,R7_pusht_02b65a6476d69d491e53e5e8,REFIT_103203,R3_ORIGINAL,H_POLICY,1,21,1,False,0,COMPLETE,R7_PREREGISTERED_STRESS_TEST_FRESH_CASES,False
pusht,R7_pusht_02b65a6476d69d491e53e5e8,REFIT_103203,R3_ORIGINAL,H_REAL3_REPLAN,1,21,1,False,0,COMPLETE,R7_PREREGISTERED_STRESS_TEST_FRESH_CASES,True
pusht,R7_pusht_02b83c55172685f27066a41e,H0,R3_ORIGINAL,H_POLICY,1,22,1,False,0,COMPLETE,R7_PREREGISTERED_STRESS_TEST_FRESH_CASES,False
pusht,R7_pusht_02b83c55172685f27066a41e,H0,R3_ORIGINAL,H_REAL3_REPLAN,1,22,1,False,0,COMPLETE,R7_PREREGISTERED_STRESS_TEST_FRESH_CASES,True
pusht,R7_pusht_02b83c55172685f27066a41e,REFIT_103201,R3_ORIGINAL,H_POLICY,1,22,1,False,0,COMPLETE,R7_PREREGISTERED_STRESS_TEST_FRESH_CASES,False
pusht,R7_pusht_02b83c55172685f27066a41e,REFIT_103201,R3_ORIGINAL,H_REAL3_REPLAN,1,22,1,False,0,COMPLETE,R7_PREREGISTERED_STRESS_TEST_FRESH_CASES,True
pusht,R7_pusht_02b83c55172685f27066a41e,REFIT_103202,R3_ORIGINAL,H_POLICY,1,22,1,False,0,COMPLETE,R7_PREREGISTERED_STRESS_TEST_FRESH_CASES,False
pusht,R7_pusht_02b83c55172685f27066a41e,REFIT_103202,R3_ORIGINAL,H_REAL3_REPLAN,1,22,1,False,0,COMPLETE,R7_PREREGISTERED_STRESS_TEST_FRESH_CASES,True
pusht,R7_pusht_02b83c55172685f27066a41e,REFIT_103203,R3_ORIGINAL,H_POLICY,1,22,1,False,0,COMPLETE,R7_PREREGISTERED_STRESS_TEST_FRESH_CASES,False
pusht,R7_pusht_02b83c55172685f27066a41e,REFIT_103203,R3_ORIGINAL,H_REAL3_REPLAN,1,22,1,False,0,COMPLETE,R7_PREREGISTERED_STRESS_TEST_FRESH_CASES,True
pusht,R7_pusht_02bda93d194973d8585afda8,H0,R3_ORIGINAL,H_POLICY,1,26,2,True,0,COMPLETE,R7_PREREGISTERED_STRESS_TEST_FRESH_CASES,False
pusht,R7_pusht_02bda93d194973d8585afda8,H0,R3_ORIGINAL,H_REAL3_REPLAN,1,26,2,True,0,COMPLETE,R7_PREREGISTERED_STRESS_TEST_FRESH_CASES,True
pusht,R7_pusht_02bda93d194973d8585afda8,REFIT_103201,R3_ORIGINAL,H_POLICY,1,24,1,False,0,COMPLETE,R7_PREREGISTERED_STRESS_TEST_FRESH_CASES,False
pusht,R7_pusht_02bda93d194973d8585afda8,REFIT_103201,R3_ORIGINAL,H_REAL3_REPLAN,1,24,1,False,0,COMPLETE,R7_PREREGISTERED_STRESS_TEST_FRESH_CASES,True
pusht,R7_pusht_02bda93d194973d8585afda8,REFIT_103202,R3_ORIGINAL,H_POLICY,1,23,1,False,0,COMPLETE,R7_PREREGISTERED_STRESS_TEST_FRESH_CASES,False
pusht,R7_pusht_02bda93d194973d8585afda8,REFIT_103202,R3_ORIGINAL,H_REAL3_REPLAN,1,23,1,False,0,COMPLETE,R7_PREREGISTERED_STRESS_TEST_FRESH_CASES,True
pusht,R7_pusht_02bda93d194973d8585afda8,REFIT_103203,R3_ORIGINAL,H_POLICY,0,100,4,True,0,COMPLETE,R7_PREREGISTERED_STRESS_TEST_FRESH_CASES,False
pusht,R7_pusht_02bda93d194973d8585afda8,REFIT_103203,R3_ORIGINAL,H_REAL3_REPLAN,1,49,2,True,0,COMPLETE,R7_PREREGISTERED_STRESS_TEST_FRESH_CASES,True
pusht,R7_pusht_02c351a9fbfd4d3437bfd299,H0,R3_ORIGINAL,H_POLICY,0,100,4,True,0,COMPLETE,R7_PREREGISTERED_STRESS_TEST_FRESH_CASES,False
pusht,R7_pusht_02c351a9fbfd4d3437bfd299,H0,R3_ORIGINAL,H_REAL3_REPLAN,0,100,4,True,0,COMPLETE,R7_PREREGISTERED_STRESS_TEST_FRESH_CASES,True
pusht,R7_pusht_02c351a9fbfd4d3437bfd299,REFIT_103201,R3_ORIGINAL,H_POLICY,0,100,4,True,0,COMPLETE,R7_PREREGISTERED_STRESS_TEST_FRESH_CASES,False
pusht,R7_pusht_02c351a9fbfd4d3437bfd299,REFIT_103201,R3_ORIGINAL,H_REAL3_REPLAN,0,100,4,True,0,COMPLETE,R7_PREREGISTERED_STRESS_TEST_FRESH_CASES,True
pusht,R7_pusht_02c351a9fbfd4d3437bfd299,REFIT_103202,R3_ORIGINAL,H_POLICY,0,100,4,True,0,COMPLETE,R7_PREREGISTERED_STRESS_TEST_FRESH_CASES,False
pusht,R7_pusht_02c351a9fbfd4d3437bfd299,REFIT_103202,R3_ORIGINAL,H_REAL3_REPLAN,0,100,4,True,0,COMPLETE,R7_PREREGISTERED_STRESS_TEST_FRESH_CASES,True
pusht,R7_pusht_02c351a9fbfd4d3437bfd299,REFIT_103203,R3_ORIGINAL,H_POLICY,0,100,4,True,0,COMPLETE,R7_PREREGISTERED_STRESS_TEST_FRESH_CASES,False
pusht,R7_pusht_02c351a9fbfd4d3437bfd299,REFIT_103203,R3_ORIGINAL,H_REAL3_REPLAN,0,100,4,True,0,COMPLETE,R7_PREREGISTERED_STRESS_TEST_FRESH_CASES,True
pusht,R7_pusht_02c59a6a459d811fafc36fb1,H0,R3_ORIGINAL,H_POLICY,0,100,4,True,0,COMPLETE,R7_PREREGISTERED_STRESS_TEST_FRESH_CASES,False
pusht,R7_pusht_02c59a6a459d811fafc36fb1,H0,R3_ORIGINAL,H_REAL3_REPLAN,0,100,4,True,0,COMPLETE,R7_PREREGISTERED_STRESS_TEST_FRESH_CASES,True
pusht,R7_pusht_02c59a6a459d811fafc36fb1,REFIT_103201,R3_ORIGINAL,H_POLICY,1,25,1,False,0,COMPLETE,R7_PREREGISTERED_STRESS_TEST_FRESH_CASES,False
pusht,R7_pusht_02c59a6a459d811fafc36fb1,REFIT_103201,R3_ORIGINAL,H_REAL3_REPLAN,1,25,1,False,0,COMPLETE,R7_PREREGISTERED_STRESS_TEST_FRESH_CASES,True
pusht,R7_pusht_02c59a6a459d811fafc36fb1,REFIT_103202,R3_ORIGINAL,H_POLICY,1,25,1,False,0,COMPLETE,R7_PREREGISTERED_STRESS_TEST_FRESH_CASES,False
pusht,R7_pusht_02c59a6a459d811fafc36fb1,REFIT_103202,R3_ORIGINAL,H_REAL3_REPLAN,1,25,1,False,0,COMPLETE,R7_PREREGISTERED_STRESS_TEST_FRESH_CASES,True
pusht,R7_pusht_02c59a6a459d811fafc36fb1,REFIT_103203,R3_ORIGINAL,H_POLICY,1,24,1,False,0,COMPLETE,R7_PREREGISTERED_STRESS_TEST_FRESH_CASES,False
pusht,R7_pusht_02c59a6a459d811fafc36fb1,REFIT_103203,R3_ORIGINAL,H_REAL3_REPLAN,1,24,1,False,0,COMPLETE,R7_PREREGISTERED_STRESS_TEST_FRESH_CASES,True
pusht,R7_pusht_02d0cf5d6db5e66c9b62b751,H0,R3_ORIGINAL,H_POLICY,1,25,1,False,0,COMPLETE,R7_PREREGISTERED_STRESS_TEST_FRESH_CASES,False
pusht,R7_pusht_02d0cf5d6db5e66c9b62b751,H0,R3_ORIGINAL,H_REAL3_REPLAN,1,25,1,False,0,COMPLETE,R7_PREREGISTERED_STRESS_TEST_FRESH_CASES,True
pusht,R7_pusht_02d0cf5d6db5e66c9b62b751,REFIT_103201,R3_ORIGINAL,H_POLICY,1,47,2,True,0,COMPLETE,R7_PREREGISTERED_STRESS_TEST_FRESH_CASES,False
pusht,R7_pusht_02d0cf5d6db5e66c9b62b751,REFIT_103201,R3_ORIGINAL,H_REAL3_REPLAN,1,48,2,True,0,COMPLETE,R7_PREREGISTERED_STRESS_TEST_FRESH_CASES,True
pusht,R7_pusht_02d0cf5d6db5e66c9b62b751,REFIT_103202,R3_ORIGINAL,H_POLICY,1,25,1,False,0,COMPLETE,R7_PREREGISTERED_STRESS_TEST_FRESH_CASES,False
pusht,R7_pusht_02d0cf5d6db5e66c9b62b751,REFIT_103202,R3_ORIGINAL,H_REAL3_REPLAN,1,25,1,False,0,COMPLETE,R7_PREREGISTERED_STRESS_TEST_FRESH_CASES,True
pusht,R7_pusht_02d0cf5d6db5e66c9b62b751,REFIT_103203,R3_ORIGINAL,H_POLICY,1,25,1,False,0,COMPLETE,R7_PREREGISTERED_STRESS_TEST_FRESH_CASES,False
pusht,R7_pusht_02d0cf5d6db5e66c9b62b751,REFIT_103203,R3_ORIGINAL,H_REAL3_REPLAN,1,25,1,False,0,COMPLETE,R7_PREREGISTERED_STRESS_TEST_FRESH_CASES,True
pusht,R7_pusht_02f68f5660abf3ea33a147c5,H0,R3_ORIGINAL,H_POLICY,1,23,1,False,0,COMPLETE,R7_PREREGISTERED_STRESS_TEST_FRESH_CASES,False
pusht,R7_pusht_02f68f5660abf3ea33a147c5,H0,R3_ORIGINAL,H_REAL3_REPLAN,1,23,1,False,0,COMPLETE,R7_PREREGISTERED_STRESS_TEST_FRESH_CASES,True
pusht,R7_pusht_02f68f5660abf3ea33a147c5,REFIT_103201,R3_ORIGINAL,H_POLICY,1,20,1,False,0,COMPLETE,R7_PREREGISTERED_STRESS_TEST_FRESH_CASES,False
pusht,R7_pusht_02f68f5660abf3ea33a147c5,REFIT_103201,R3_ORIGINAL,H_REAL3_REPLAN,1,20,1,False,0,COMPLETE,R7_PREREGISTERED_STRESS_TEST_FRESH_CASES,True
pusht,R7_pusht_02f68f5660abf3ea33a147c5,REFIT_103202,R3_ORIGINAL,H_POLICY,1,20,1,False,0,COMPLETE,R7_PREREGISTERED_STRESS_TEST_FRESH_CASES,False
pusht,R7_pusht_02f68f5660abf3ea33a147c5,REFIT_103202,R3_ORIGINAL,H_REAL3_REPLAN,1,20,1,False,0,COMPLETE,R7_PREREGISTERED_STRESS_TEST_FRESH_CASES,True
pusht,R7_pusht_02f68f5660abf3ea33a147c5,REFIT_103203,R3_ORIGINAL,H_POLICY,1,21,1,False,0,COMPLETE,R7_PREREGISTERED_STRESS_TEST_FRESH_CASES,False
pusht,R7_pusht_02f68f5660abf3ea33a147c5,REFIT_103203,R3_ORIGINAL,H_REAL3_REPLAN,1,21,1,False,0,COMPLETE,R7_PREREGISTERED_STRESS_TEST_FRESH_CASES,True
pusht,R7_pusht_02f94262d8133dea7c21cc5c,H0,R3_ORIGINAL,H_POLICY,0,100,4,True,0,COMPLETE,R7_PREREGISTERED_STRESS_TEST_FRESH_CASES,False
pusht,R7_pusht_02f94262d8133dea7c21cc5c,H0,R3_ORIGINAL,H_REAL3_REPLAN,0,100,4,True,0,COMPLETE,R7_PREREGISTERED_STRESS_TEST_FRESH_CASES,True
pusht,R7_pusht_02f94262d8133dea7c21cc5c,REFIT_103201,R3_ORIGINAL,H_POLICY,1,24,1,False,0,COMPLETE,R7_PREREGISTERED_STRESS_TEST_FRESH_CASES,False
pusht,R7_pusht_02f94262d8133dea7c21cc5c,REFIT_103201,R3_ORIGINAL,H_REAL3_REPLAN,1,24,1,False,0,COMPLETE,R7_PREREGISTERED_STRESS_TEST_FRESH_CASES,True
pusht,R7_pusht_02f94262d8133dea7c21cc5c,REFIT_103202,R3_ORIGINAL,H_POLICY,1,24,1,False,0,COMPLETE,R7_PREREGISTERED_STRESS_TEST_FRESH_CASES,False
pusht,R7_pusht_02f94262d8133dea7c21cc5c,REFIT_103202,R3_ORIGINAL,H_REAL3_REPLAN,1,24,1,False,0,COMPLETE,R7_PREREGISTERED_STRESS_TEST_FRESH_CASES,True
pusht,R7_pusht_02f94262d8133dea7c21cc5c,REFIT_103203,R3_ORIGINAL,H_POLICY,0,100,4,True,0,COMPLETE,R7_PREREGISTERED_STRESS_TEST_FRESH_CASES,False
pusht,R7_pusht_02f94262d8133dea7c21cc5c,REFIT_103203,R3_ORIGINAL,H_REAL3_REPLAN,0,100,4,True,0,COMPLETE,R7_PREREGISTERED_STRESS_TEST_FRESH_CASES,True
pusht,R7_pusht_02ffa9d1e0c744923c998aef,H0,R3_ORIGINAL,H_POLICY,0,100,4,True,0,COMPLETE,R7_PREREGISTERED_STRESS_TEST_FRESH_CASES,False
pusht,R7_pusht_02ffa9d1e0c744923c998aef,H0,R3_ORIGINAL,H_REAL3_REPLAN,0,100,4,True,0,COMPLETE,R7_PREREGISTERED_STRESS_TEST_FRESH_CASES,True
pusht,R7_pusht_02ffa9d1e0c744923c998aef,REFIT_103201,R3_ORIGINAL,H_POLICY,0,100,4,True,0,COMPLETE,R7_PREREGISTERED_STRESS_TEST_FRESH_CASES,False
pusht,R7_pusht_02ffa9d1e0c744923c998aef,REFIT_103201,R3_ORIGINAL,H_REAL3_REPLAN,0,100,4,True,0,COMPLETE,R7_PREREGISTERED_STRESS_TEST_FRESH_CASES,True
pusht,R7_pusht_02ffa9d1e0c744923c998aef,REFIT_103202,R3_ORIGINAL,H_POLICY,0,100,4,True,0,COMPLETE,R7_PREREGISTERED_STRESS_TEST_FRESH_CASES,False
pusht,R7_pusht_02ffa9d1e0c744923c998aef,REFIT_103202,R3_ORIGINAL,H_REAL3_REPLAN,0,100,4,True,0,COMPLETE,R7_PREREGISTERED_STRESS_TEST_FRESH_CASES,True
pusht,R7_pusht_02ffa9d1e0c744923c998aef,REFIT_103203,R3_ORIGINAL,H_POLICY,0,100,4,True,0,COMPLETE,R7_PREREGISTERED_STRESS_TEST_FRESH_CASES,False
pusht,R7_pusht_02ffa9d1e0c744923c998aef,REFIT_103203,R3_ORIGINAL,H_REAL3_REPLAN,0,100,4,True,0,COMPLETE,R7_PREREGISTERED_STRESS_TEST_FRESH_CASES,True
pusht,R7_pusht_0305c40eb74e7a1e091cae68,H0,R3_ORIGINAL,H_POLICY,0,100,4,True,0,COMPLETE,R7_PREREGISTERED_STRESS_TEST_FRESH_CASES,False
pusht,R7_pusht_0305c40eb74e7a1e091cae68,H0,R3_ORIGINAL,H_REAL3_REPLAN,0,100,4,True,0,COMPLETE,R7_PREREGISTERED_STRESS_TEST_FRESH_CASES,True
pusht,R7_pusht_0305c40eb74e7a1e091cae68,REFIT_103201,R3_ORIGINAL,H_POLICY,0,100,4,True,0,COMPLETE,R7_PREREGISTERED_STRESS_TEST_FRESH_CASES,False
pusht,R7_pusht_0305c40eb74e7a1e091cae68,REFIT_103201,R3_ORIGINAL,H_REAL3_REPLAN,0,100,4,True,0,COMPLETE,R7_PREREGISTERED_STRESS_TEST_FRESH_CASES,True
pusht,R7_pusht_0305c40eb74e7a1e091cae68,REFIT_103202,R3_ORIGINAL,H_POLICY,0,100,4,True,0,COMPLETE,R7_PREREGISTERED_STRESS_TEST_FRESH_CASES,False
pusht,R7_pusht_0305c40eb74e7a1e091cae68,REFIT_103202,R3_ORIGINAL,H_REAL3_REPLAN,0,100,4,True,0,COMPLETE,R7_PREREGISTERED_STRESS_TEST_FRESH_CASES,True
pusht,R7_pusht_0305c40eb74e7a1e091cae68,REFIT_103203,R3_ORIGINAL,H_POLICY,0,100,4,True,0,COMPLETE,R7_PREREGISTERED_STRESS_TEST_FRESH_CASES,False
pusht,R7_pusht_0305c40eb74e7a1e091cae68,REFIT_103203,R3_ORIGINAL,H_REAL3_REPLAN,0,100,4,True,0,COMPLETE,R7_PREREGISTERED_STRESS_TEST_FRESH_CASES,True
pusht,R7_pusht_030854683cf4a3761b62a268,H0,R3_ORIGINAL,H_POLICY,0,100,4,True,0,COMPLETE,R7_PREREGISTERED_STRESS_TEST_FRESH_CASES,False
pusht,R7_pusht_030854683cf4a3761b62a268,H0,R3_ORIGINAL,H_REAL3_REPLAN,0,100,4,True,0,COMPLETE,R7_PREREGISTERED_STRESS_TEST_FRESH_CASES,True
pusht,R7_pusht_030854683cf4a3761b62a268,REFIT_103201,R3_ORIGINAL,H_POLICY,0,100,4,True,0,COMPLETE,R7_PREREGISTERED_STRESS_TEST_FRESH_CASES,False
pusht,R7_pusht_030854683cf4a3761b62a268,REFIT_103201,R3_ORIGINAL,H_REAL3_REPLAN,0,100,4,True,0,COMPLETE,R7_PREREGISTERED_STRESS_TEST_FRESH_CASES,True
pusht,R7_pusht_030854683cf4a3761b62a268,REFIT_103202,R3_ORIGINAL,H_POLICY,0,100,4,True,0,COMPLETE,R7_PREREGISTERED_STRESS_TEST_FRESH_CASES,False
pusht,R7_pusht_030854683cf4a3761b62a268,REFIT_103202,R3_ORIGINAL,H_REAL3_REPLAN,0,100,4,True,0,COMPLETE,R7_PREREGISTERED_STRESS_TEST_FRESH_CASES,True
pusht,R7_pusht_030854683cf4a3761b62a268,REFIT_103203,R3_ORIGINAL,H_POLICY,0,100,4,True,0,COMPLETE,R7_PREREGISTERED_STRESS_TEST_FRESH_CASES,False
pusht,R7_pusht_030854683cf4a3761b62a268,REFIT_103203,R3_ORIGINAL,H_REAL3_REPLAN,0,100,4,True,0,COMPLETE,R7_PREREGISTERED_STRESS_TEST_FRESH_CASES,True
pusht,R7_pusht_03099da9f6151305c09ca86b,H0,R3_ORIGINAL,H_POLICY,0,100,4,True,0,COMPLETE,R7_PREREGISTERED_STRESS_TEST_FRESH_CASES,False
pusht,R7_pusht_03099da9f6151305c09ca86b,H0,R3_ORIGINAL,H_REAL3_REPLAN,0,100,4,True,0,COMPLETE,R7_PREREGISTERED_STRESS_TEST_FRESH_CASES,True
pusht,R7_pusht_03099da9f6151305c09ca86b,REFIT_103201,R3_ORIGINAL,H_POLICY,0,100,4,True,0,COMPLETE,R7_PREREGISTERED_STRESS_TEST_FRESH_CASES,False
pusht,R7_pusht_03099da9f6151305c09ca86b,REFIT_103201,R3_ORIGINAL,H_REAL3_REPLAN,0,100,4,True,0,COMPLETE,R7_PREREGISTERED_STRESS_TEST_FRESH_CASES,True
pusht,R7_pusht_03099da9f6151305c09ca86b,REFIT_103202,R3_ORIGINAL,H_POLICY,0,100,4,True,0,COMPLETE,R7_PREREGISTERED_STRESS_TEST_FRESH_CASES,False
pusht,R7_pusht_03099da9f6151305c09ca86b,REFIT_103202,R3_ORIGINAL,H_REAL3_REPLAN,0,100,4,True,0,COMPLETE,R7_PREREGISTERED_STRESS_TEST_FRESH_CASES,True
pusht,R7_pusht_03099da9f6151305c09ca86b,REFIT_103203,R3_ORIGINAL,H_POLICY,0,100,4,True,0,COMPLETE,R7_PREREGISTERED_STRESS_TEST_FRESH_CASES,False
pusht,R7_pusht_03099da9f6151305c09ca86b,REFIT_103203,R3_ORIGINAL,H_REAL3_REPLAN,0,100,4,True,0,COMPLETE,R7_PREREGISTERED_STRESS_TEST_FRESH_CASES,True
pusht,R7_pusht_030cd94224b27d0707ecf0e9,H0,R3_ORIGINAL,H_POLICY,1,25,1,False,0,COMPLETE,R7_PREREGISTERED_STRESS_TEST_FRESH_CASES,False
pusht,R7_pusht_030cd94224b27d0707ecf0e9,H0,R3_ORIGINAL,H_REAL3_REPLAN,1,25,1,False,0,COMPLETE,R7_PREREGISTERED_STRESS_TEST_FRESH_CASES,True
pusht,R7_pusht_030cd94224b27d0707ecf0e9,REFIT_103201,R3_ORIGINAL,H_POLICY,1,26,2,True,0,COMPLETE,R7_PREREGISTERED_STRESS_TEST_FRESH_CASES,False
pusht,R7_pusht_030cd94224b27d0707ecf0e9,REFIT_103201,R3_ORIGINAL,H_REAL3_REPLAN,1,26,2,True,0,COMPLETE,R7_PREREGISTERED_STRESS_TEST_FRESH_CASES,True
pusht,R7_pusht_030cd94224b27d0707ecf0e9,REFIT_103202,R3_ORIGINAL,H_POLICY,1,25,1,False,0,COMPLETE,R7_PREREGISTERED_STRESS_TEST_FRESH_CASES,False
pusht,R7_pusht_030cd94224b27d0707ecf0e9,REFIT_103202,R3_ORIGINAL,H_REAL3_REPLAN,1,25,1,False,0,COMPLETE,R7_PREREGISTERED_STRESS_TEST_FRESH_CASES,True
pusht,R7_pusht_030cd94224b27d0707ecf0e9,REFIT_103203,R3_ORIGINAL,H_POLICY,1,25,1,False,0,COMPLETE,R7_PREREGISTERED_STRESS_TEST_FRESH_CASES,False
pusht,R7_pusht_030cd94224b27d0707ecf0e9,REFIT_103203,R3_ORIGINAL,H_REAL3_REPLAN,1,25,1,False,0,COMPLETE,R7_PREREGISTERED_STRESS_TEST_FRESH_CASES,True
pusht,R7_pusht_0314e8bfe1a05c8592ef6bd0,H0,R3_ORIGINAL,H_POLICY,0,100,4,True,0,COMPLETE,R7_PREREGISTERED_STRESS_TEST_FRESH_CASES,False
pusht,R7_pusht_0314e8bfe1a05c8592ef6bd0,H0,R3_ORIGINAL,H_REAL3_REPLAN,0,100,4,True,0,COMPLETE,R7_PREREGISTERED_STRESS_TEST_FRESH_CASES,True
pusht,R7_pusht_0314e8bfe1a05c8592ef6bd0,REFIT_103201,R3_ORIGINAL,H_POLICY,0,100,4,True,0,COMPLETE,R7_PREREGISTERED_STRESS_TEST_FRESH_CASES,False
pusht,R7_pusht_0314e8bfe1a05c8592ef6bd0,REFIT_103201,R3_ORIGINAL,H_REAL3_REPLAN,0,100,4,True,0,COMPLETE,R7_PREREGISTERED_STRESS_TEST_FRESH_CASES,True
pusht,R7_pusht_0314e8bfe1a05c8592ef6bd0,REFIT_103202,R3_ORIGINAL,H_POLICY,0,100,4,True,0,COMPLETE,R7_PREREGISTERED_STRESS_TEST_FRESH_CASES,False
pusht,R7_pusht_0314e8bfe1a05c8592ef6bd0,REFIT_103202,R3_ORIGINAL,H_REAL3_REPLAN,0,100,4,True,0,COMPLETE,R7_PREREGISTERED_STRESS_TEST_FRESH_CASES,True
pusht,R7_pusht_0314e8bfe1a05c8592ef6bd0,REFIT_103203,R3_ORIGINAL,H_POLICY,0,100,4,True,0,COMPLETE,R7_PREREGISTERED_STRESS_TEST_FRESH_CASES,False
pusht,R7_pusht_0314e8bfe1a05c8592ef6bd0,REFIT_103203,R3_ORIGINAL,H_REAL3_REPLAN,0,100,4,True,0,COMPLETE,R7_PREREGISTERED_STRESS_TEST_FRESH_CASES,True
pusht,R7_pusht_031f43832ae0fc0bb6cca900,H0,R3_ORIGINAL,H_POLICY,0,100,4,True,0,COMPLETE,R7_PREREGISTERED_STRESS_TEST_FRESH_CASES,False
pusht,R7_pusht_031f43832ae0fc0bb6cca900,H0,R3_ORIGINAL,H_REAL3_REPLAN,0,100,4,True,0,COMPLETE,R7_PREREGISTERED_STRESS_TEST_FRESH_CASES,True
pusht,R7_pusht_031f43832ae0fc0bb6cca900,REFIT_103201,R3_ORIGINAL,H_POLICY,0,100,4,True,0,COMPLETE,R7_PREREGISTERED_STRESS_TEST_FRESH_CASES,False
pusht,R7_pusht_031f43832ae0fc0bb6cca900,REFIT_103201,R3_ORIGINAL,H_REAL3_REPLAN,0,100,4,True,0,COMPLETE,R7_PREREGISTERED_STRESS_TEST_FRESH_CASES,True
pusht,R7_pusht_031f43832ae0fc0bb6cca900,REFIT_103202,R3_ORIGINAL,H_POLICY,0,100,4,True,0,COMPLETE,R7_PREREGISTERED_STRESS_TEST_FRESH_CASES,False
pusht,R7_pusht_031f43832ae0fc0bb6cca900,REFIT_103202,R3_ORIGINAL,H_REAL3_REPLAN,0,100,4,True,0,COMPLETE,R7_PREREGISTERED_STRESS_TEST_FRESH_CASES,True
pusht,R7_pusht_031f43832ae0fc0bb6cca900,REFIT_103203,R3_ORIGINAL,H_POLICY,0,100,4,True,0,COMPLETE,R7_PREREGISTERED_STRESS_TEST_FRESH_CASES,False
pusht,R7_pusht_031f43832ae0fc0bb6cca900,REFIT_103203,R3_ORIGINAL,H_REAL3_REPLAN,0,100,4,True,0,COMPLETE,R7_PREREGISTERED_STRESS_TEST_FRESH_CASES,True
pusht,R7_pusht_0330f6c6f9fc7a418956273e,H0,R3_ORIGINAL,H_POLICY,0,100,4,True,0,COMPLETE,R7_PREREGISTERED_STRESS_TEST_FRESH_CASES,False
pusht,R7_pusht_0330f6c6f9fc7a418956273e,H0,R3_ORIGINAL,H_REAL3_REPLAN,0,100,4,True,0,COMPLETE,R7_PREREGISTERED_STRESS_TEST_FRESH_CASES,True
pusht,R7_pusht_0330f6c6f9fc7a418956273e,REFIT_103201,R3_ORIGINAL,H_POLICY,0,100,4,True,0,COMPLETE,R7_PREREGISTERED_STRESS_TEST_FRESH_CASES,False
pusht,R7_pusht_0330f6c6f9fc7a418956273e,REFIT_103201,R3_ORIGINAL,H_REAL3_REPLAN,0,100,4,True,0,COMPLETE,R7_PREREGISTERED_STRESS_TEST_FRESH_CASES,True
pusht,R7_pusht_0330f6c6f9fc7a418956273e,REFIT_103202,R3_ORIGINAL,H_POLICY,0,100,4,True,0,COMPLETE,R7_PREREGISTERED_STRESS_TEST_FRESH_CASES,False
pusht,R7_pusht_0330f6c6f9fc7a418956273e,REFIT_103202,R3_ORIGINAL,H_REAL3_REPLAN,0,100,4,True,0,COMPLETE,R7_PREREGISTERED_STRESS_TEST_FRESH_CASES,True
pusht,R7_pusht_0330f6c6f9fc7a418956273e,REFIT_103203,R3_ORIGINAL,H_POLICY,0,100,4,True,0,COMPLETE,R7_PREREGISTERED_STRESS_TEST_FRESH_CASES,False
pusht,R7_pusht_0330f6c6f9fc7a418956273e,REFIT_103203,R3_ORIGINAL,H_REAL3_REPLAN,0,100,4,True,0,COMPLETE,R7_PREREGISTERED_STRESS_TEST_FRESH_CASES,True
pusht,R7_pusht_034995e94e19dc243f05fdf5,H0,R3_ORIGINAL,H_POLICY,1,23,1,False,0,COMPLETE,R7_PREREGISTERED_STRESS_TEST_FRESH_CASES,False
pusht,R7_pusht_034995e94e19dc243f05fdf5,H0,R3_ORIGINAL,H_REAL3_REPLAN,1,23,1,False,0,COMPLETE,R7_PREREGISTERED_STRESS_TEST_FRESH_CASES,True
pusht,R7_pusht_034995e94e19dc243f05fdf5,REFIT_103201,R3_ORIGINAL,H_POLICY,1,23,1,False,0,COMPLETE,R7_PREREGISTERED_STRESS_TEST_FRESH_CASES,False
pusht,R7_pusht_034995e94e19dc243f05fdf5,REFIT_103201,R3_ORIGINAL,H_REAL3_REPLAN,1,23,1,False,0,COMPLETE,R7_PREREGISTERED_STRESS_TEST_FRESH_CASES,True
pusht,R7_pusht_034995e94e19dc243f05fdf5,REFIT_103202,R3_ORIGINAL,H_POLICY,1,24,1,False,0,COMPLETE,R7_PREREGISTERED_STRESS_TEST_FRESH_CASES,False
pusht,R7_pusht_034995e94e19dc243f05fdf5,REFIT_103202,R3_ORIGINAL,H_REAL3_REPLAN,1,24,1,False,0,COMPLETE,R7_PREREGISTERED_STRESS_TEST_FRESH_CASES,True
pusht,R7_pusht_034995e94e19dc243f05fdf5,REFIT_103203,R3_ORIGINAL,H_POLICY,1,23,1,False,0,COMPLETE,R7_PREREGISTERED_STRESS_TEST_FRESH_CASES,False
pusht,R7_pusht_034995e94e19dc243f05fdf5,REFIT_103203,R3_ORIGINAL,H_REAL3_REPLAN,1,23,1,False,0,COMPLETE,R7_PREREGISTERED_STRESS_TEST_FRESH_CASES,True
pusht,R7_pusht_0370646fa70e8a58a0a8ab9b,H0,R3_ORIGINAL,H_POLICY,1,23,1,False,0,COMPLETE,R7_PREREGISTERED_STRESS_TEST_FRESH_CASES,False
pusht,R7_pusht_0370646fa70e8a58a0a8ab9b,H0,R3_ORIGINAL,H_REAL3_REPLAN,1,23,1,False,0,COMPLETE,R7_PREREGISTERED_STRESS_TEST_FRESH_CASES,True
pusht,R7_pusht_0370646fa70e8a58a0a8ab9b,REFIT_103201,R3_ORIGINAL,H_POLICY,1,24,1,False,0,COMPLETE,R7_PREREGISTERED_STRESS_TEST_FRESH_CASES,False
pusht,R7_pusht_0370646fa70e8a58a0a8ab9b,REFIT_103201,R3_ORIGINAL,H_REAL3_REPLAN,1,24,1,False,0,COMPLETE,R7_PREREGISTERED_STRESS_TEST_FRESH_CASES,True
pusht,R7_pusht_0370646fa70e8a58a0a8ab9b,REFIT_103202,R3_ORIGINAL,H_POLICY,1,23,1,False,0,COMPLETE,R7_PREREGISTERED_STRESS_TEST_FRESH_CASES,False
pusht,R7_pusht_0370646fa70e8a58a0a8ab9b,REFIT_103202,R3_ORIGINAL,H_REAL3_REPLAN,1,23,1,False,0,COMPLETE,R7_PREREGISTERED_STRESS_TEST_FRESH_CASES,True
pusht,R7_pusht_0370646fa70e8a58a0a8ab9b,REFIT_103203,R3_ORIGINAL,H_POLICY,1,23,1,False,0,COMPLETE,R7_PREREGISTERED_STRESS_TEST_FRESH_CASES,False
pusht,R7_pusht_0370646fa70e8a58a0a8ab9b,REFIT_103203,R3_ORIGINAL,H_REAL3_REPLAN,1,23,1,False,0,COMPLETE,R7_PREREGISTERED_STRESS_TEST_FRESH_CASES,True
pusht,R7_pusht_03771182578f98b7f1941386,H0,R3_ORIGINAL,H_POLICY,0,100,4,True,0,COMPLETE,R7_PREREGISTERED_STRESS_TEST_FRESH_CASES,False
pusht,R7_pusht_03771182578f98b7f1941386,H0,R3_ORIGINAL,H_REAL3_REPLAN,0,100,4,True,0,COMPLETE,R7_PREREGISTERED_STRESS_TEST_FRESH_CASES,True
pusht,R7_pusht_03771182578f98b7f1941386,REFIT_103201,R3_ORIGINAL,H_POLICY,0,100,4,True,0,COMPLETE,R7_PREREGISTERED_STRESS_TEST_FRESH_CASES,False
pusht,R7_pusht_03771182578f98b7f1941386,REFIT_103201,R3_ORIGINAL,H_REAL3_REPLAN,0,100,4,True,0,COMPLETE,R7_PREREGISTERED_STRESS_TEST_FRESH_CASES,True
pusht,R7_pusht_03771182578f98b7f1941386,REFIT_103202,R3_ORIGINAL,H_POLICY,0,100,4,True,0,COMPLETE,R7_PREREGISTERED_STRESS_TEST_FRESH_CASES,False
pusht,R7_pusht_03771182578f98b7f1941386,REFIT_103202,R3_ORIGINAL,H_REAL3_REPLAN,0,100,4,True,0,COMPLETE,R7_PREREGISTERED_STRESS_TEST_FRESH_CASES,True
pusht,R7_pusht_03771182578f98b7f1941386,REFIT_103203,R3_ORIGINAL,H_POLICY,0,100,4,True,0,COMPLETE,R7_PREREGISTERED_STRESS_TEST_FRESH_CASES,False
pusht,R7_pusht_03771182578f98b7f1941386,REFIT_103203,R3_ORIGINAL,H_REAL3_REPLAN,0,100,4,True,0,COMPLETE,R7_PREREGISTERED_STRESS_TEST_FRESH_CASES,True
pusht,R7_pusht_03817da0342f7fdedfedf91c,H0,R3_ORIGINAL,H_POLICY,1,21,1,False,0,COMPLETE,R7_PREREGISTERED_STRESS_TEST_FRESH_CASES,False
pusht,R7_pusht_03817da0342f7fdedfedf91c,H0,R3_ORIGINAL,H_REAL3_REPLAN,1,21,1,False,0,COMPLETE,R7_PREREGISTERED_STRESS_TEST_FRESH_CASES,True
pusht,R7_pusht_03817da0342f7fdedfedf91c,REFIT_103201,R3_ORIGINAL,H_POLICY,1,24,1,False,0,COMPLETE,R7_PREREGISTERED_STRESS_TEST_FRESH_CASES,False
pusht,R7_pusht_03817da0342f7fdedfedf91c,REFIT_103201,R3_ORIGINAL,H_REAL3_REPLAN,1,24,1,False,0,COMPLETE,R7_PREREGISTERED_STRESS_TEST_FRESH_CASES,True
pusht,R7_pusht_03817da0342f7fdedfedf91c,REFIT_103202,R3_ORIGINAL,H_POLICY,1,20,1,False,0,COMPLETE,R7_PREREGISTERED_STRESS_TEST_FRESH_CASES,False
pusht,R7_pusht_03817da0342f7fdedfedf91c,REFIT_103202,R3_ORIGINAL,H_REAL3_REPLAN,1,20,1,False,0,COMPLETE,R7_PREREGISTERED_STRESS_TEST_FRESH_CASES,True
pusht,R7_pusht_03817da0342f7fdedfedf91c,REFIT_103203,R3_ORIGINAL,H_POLICY,1,23,1,False,0,COMPLETE,R7_PREREGISTERED_STRESS_TEST_FRESH_CASES,False
pusht,R7_pusht_03817da0342f7fdedfedf91c,REFIT_103203,R3_ORIGINAL,H_REAL3_REPLAN,1,23,1,False,0,COMPLETE,R7_PREREGISTERED_STRESS_TEST_FRESH_CASES,True
pusht,R7_pusht_0389b12feae8aa511870db5b,H0,R3_ORIGINAL,H_POLICY,1,24,1,False,0,COMPLETE,R7_PREREGISTERED_STRESS_TEST_FRESH_CASES,False
pusht,R7_pusht_0389b12feae8aa511870db5b,H0,R3_ORIGINAL,H_REAL3_REPLAN,1,24,1,False,0,COMPLETE,R7_PREREGISTERED_STRESS_TEST_FRESH_CASES,True
pusht,R7_pusht_0389b12feae8aa511870db5b,REFIT_103201,R3_ORIGINAL,H_POLICY,1,25,1,False,0,COMPLETE,R7_PREREGISTERED_STRESS_TEST_FRESH_CASES,False
pusht,R7_pusht_0389b12feae8aa511870db5b,REFIT_103201,R3_ORIGINAL,H_REAL3_REPLAN,1,25,1,False,0,COMPLETE,R7_PREREGISTERED_STRESS_TEST_FRESH_CASES,True
pusht,R7_pusht_0389b12feae8aa511870db5b,REFIT_103202,R3_ORIGINAL,H_POLICY,1,24,1,False,0,COMPLETE,R7_PREREGISTERED_STRESS_TEST_FRESH_CASES,False
pusht,R7_pusht_0389b12feae8aa511870db5b,REFIT_103202,R3_ORIGINAL,H_REAL3_REPLAN,1,24,1,False,0,COMPLETE,R7_PREREGISTERED_STRESS_TEST_FRESH_CASES,True
pusht,R7_pusht_0389b12feae8aa511870db5b,REFIT_103203,R3_ORIGINAL,H_POLICY,1,25,1,False,0,COMPLETE,R7_PREREGISTERED_STRESS_TEST_FRESH_CASES,False
pusht,R7_pusht_0389b12feae8aa511870db5b,REFIT_103203,R3_ORIGINAL,H_REAL3_REPLAN,1,25,1,False,0,COMPLETE,R7_PREREGISTERED_STRESS_TEST_FRESH_CASES,True
pusht,R7_pusht_0392e4da40d19dcad59cb175,H0,R3_ORIGINAL,H_POLICY,0,100,4,True,0,COMPLETE,R7_PREREGISTERED_STRESS_TEST_FRESH_CASES,False
pusht,R7_pusht_0392e4da40d19dcad59cb175,H0,R3_ORIGINAL,H_REAL3_REPLAN,0,100,4,True,0,COMPLETE,R7_PREREGISTERED_STRESS_TEST_FRESH_CASES,True
pusht,R7_pusht_0392e4da40d19dcad59cb175,REFIT_103201,R3_ORIGINAL,H_POLICY,0,100,4,True,0,COMPLETE,R7_PREREGISTERED_STRESS_TEST_FRESH_CASES,False
pusht,R7_pusht_0392e4da40d19dcad59cb175,REFIT_103201,R3_ORIGINAL,H_REAL3_REPLAN,0,100,4,True,0,COMPLETE,R7_PREREGISTERED_STRESS_TEST_FRESH_CASES,True
pusht,R7_pusht_0392e4da40d19dcad59cb175,REFIT_103202,R3_ORIGINAL,H_POLICY,0,100,4,True,0,COMPLETE,R7_PREREGISTERED_STRESS_TEST_FRESH_CASES,False
pusht,R7_pusht_0392e4da40d19dcad59cb175,REFIT_103202,R3_ORIGINAL,H_REAL3_REPLAN,0,100,4,True,0,COMPLETE,R7_PREREGISTERED_STRESS_TEST_FRESH_CASES,True
pusht,R7_pusht_0392e4da40d19dcad59cb175,REFIT_103203,R3_ORIGINAL,H_POLICY,0,100,4,True,0,COMPLETE,R7_PREREGISTERED_STRESS_TEST_FRESH_CASES,False
pusht,R7_pusht_0392e4da40d19dcad59cb175,REFIT_103203,R3_ORIGINAL,H_REAL3_REPLAN,0,100,4,True,0,COMPLETE,R7_PREREGISTERED_STRESS_TEST_FRESH_CASES,True
pusht,R7_pusht_03974a1198929242830a5517,H0,R3_ORIGINAL,H_POLICY,1,24,1,False,0,COMPLETE,R7_PREREGISTERED_STRESS_TEST_FRESH_CASES,False
pusht,R7_pusht_03974a1198929242830a5517,H0,R3_ORIGINAL,H_REAL3_REPLAN,1,24,1,False,0,COMPLETE,R7_PREREGISTERED_STRESS_TEST_FRESH_CASES,True
pusht,R7_pusht_03974a1198929242830a5517,REFIT_103201,R3_ORIGINAL,H_POLICY,1,23,1,False,0,COMPLETE,R7_PREREGISTERED_STRESS_TEST_FRESH_CASES,False
pusht,R7_pusht_03974a1198929242830a5517,REFIT_103201,R3_ORIGINAL,H_REAL3_REPLAN,1,23,1,False,0,COMPLETE,R7_PREREGISTERED_STRESS_TEST_FRESH_CASES,True
pusht,R7_pusht_03974a1198929242830a5517,REFIT_103202,R3_ORIGINAL,H_POLICY,1,23,1,False,0,COMPLETE,R7_PREREGISTERED_STRESS_TEST_FRESH_CASES,False
pusht,R7_pusht_03974a1198929242830a5517,REFIT_103202,R3_ORIGINAL,H_REAL3_REPLAN,1,23,1,False,0,COMPLETE,R7_PREREGISTERED_STRESS_TEST_FRESH_CASES,True
pusht,R7_pusht_03974a1198929242830a5517,REFIT_103203,R3_ORIGINAL,H_POLICY,1,23,1,False,0,COMPLETE,R7_PREREGISTERED_STRESS_TEST_FRESH_CASES,False
pusht,R7_pusht_03974a1198929242830a5517,REFIT_103203,R3_ORIGINAL,H_REAL3_REPLAN,1,23,1,False,0,COMPLETE,R7_PREREGISTERED_STRESS_TEST_FRESH_CASES,True
pusht,R7_pusht_03a355767097a0dbd38c1fd1,H0,R3_ORIGINAL,H_POLICY,0,100,4,True,0,COMPLETE,R7_PREREGISTERED_STRESS_TEST_FRESH_CASES,False
pusht,R7_pusht_03a355767097a0dbd38c1fd1,H0,R3_ORIGINAL,H_REAL3_REPLAN,0,100,4,True,0,COMPLETE,R7_PREREGISTERED_STRESS_TEST_FRESH_CASES,True
pusht,R7_pusht_03a355767097a0dbd38c1fd1,REFIT_103201,R3_ORIGINAL,H_POLICY,0,100,4,True,0,COMPLETE,R7_PREREGISTERED_STRESS_TEST_FRESH_CASES,False
pusht,R7_pusht_03a355767097a0dbd38c1fd1,REFIT_103201,R3_ORIGINAL,H_REAL3_REPLAN,0,100,4,True,0,COMPLETE,R7_PREREGISTERED_STRESS_TEST_FRESH_CASES,True
pusht,R7_pusht_03a355767097a0dbd38c1fd1,REFIT_103202,R3_ORIGINAL,H_POLICY,0,100,4,True,0,COMPLETE,R7_PREREGISTERED_STRESS_TEST_FRESH_CASES,False
pusht,R7_pusht_03a355767097a0dbd38c1fd1,REFIT_103202,R3_ORIGINAL,H_REAL3_REPLAN,0,100,4,True,0,COMPLETE,R7_PREREGISTERED_STRESS_TEST_FRESH_CASES,True
pusht,R7_pusht_03a355767097a0dbd38c1fd1,REFIT_103203,R3_ORIGINAL,H_POLICY,0,100,4,True,0,COMPLETE,R7_PREREGISTERED_STRESS_TEST_FRESH_CASES,False
pusht,R7_pusht_03a355767097a0dbd38c1fd1,REFIT_103203,R3_ORIGINAL,H_REAL3_REPLAN,0,100,4,True,0,COMPLETE,R7_PREREGISTERED_STRESS_TEST_FRESH_CASES,True
pusht,R7_pusht_03a45f8f0f83b9416ba20236,H0,R3_ORIGINAL,H_POLICY,1,48,2,True,0,COMPLETE,R7_PREREGISTERED_STRESS_TEST_FRESH_CASES,False
pusht,R7_pusht_03a45f8f0f83b9416ba20236,H0,R3_ORIGINAL,H_REAL3_REPLAN,1,46,2,True,0,COMPLETE,R7_PREREGISTERED_STRESS_TEST_FRESH_CASES,True
pusht,R7_pusht_03a45f8f0f83b9416ba20236,REFIT_103201,R3_ORIGINAL,H_POLICY,0,100,4,True,0,COMPLETE,R7_PREREGISTERED_STRESS_TEST_FRESH_CASES,False
pusht,R7_pusht_03a45f8f0f83b9416ba20236,REFIT_103201,R3_ORIGINAL,H_REAL3_REPLAN,0,100,4,True,0,COMPLETE,R7_PREREGISTERED_STRESS_TEST_FRESH_CASES,True
pusht,R7_pusht_03a45f8f0f83b9416ba20236,REFIT_103202,R3_ORIGINAL,H_POLICY,0,100,4,True,0,COMPLETE,R7_PREREGISTERED_STRESS_TEST_FRESH_CASES,False
pusht,R7_pusht_03a45f8f0f83b9416ba20236,REFIT_103202,R3_ORIGINAL,H_REAL3_REPLAN,0,100,4,True,0,COMPLETE,R7_PREREGISTERED_STRESS_TEST_FRESH_CASES,True
pusht,R7_pusht_03a45f8f0f83b9416ba20236,REFIT_103203,R3_ORIGINAL,H_POLICY,0,100,4,True,0,COMPLETE,R7_PREREGISTERED_STRESS_TEST_FRESH_CASES,False
pusht,R7_pusht_03a45f8f0f83b9416ba20236,REFIT_103203,R3_ORIGINAL,H_REAL3_REPLAN,0,100,4,True,0,COMPLETE,R7_PREREGISTERED_STRESS_TEST_FRESH_CASES,True
pusht,R7_pusht_03a8b37a6838cb60cbaf142c,H0,R3_ORIGINAL,H_POLICY,0,100,4,True,0,COMPLETE,R7_PREREGISTERED_STRESS_TEST_FRESH_CASES,False
pusht,R7_pusht_03a8b37a6838cb60cbaf142c,H0,R3_ORIGINAL,H_REAL3_REPLAN,0,100,4,True,0,COMPLETE,R7_PREREGISTERED_STRESS_TEST_FRESH_CASES,True
pusht,R7_pusht_03a8b37a6838cb60cbaf142c,REFIT_103201,R3_ORIGINAL,H_POLICY,1,25,1,False,0,COMPLETE,R7_PREREGISTERED_STRESS_TEST_FRESH_CASES,False
pusht,R7_pusht_03a8b37a6838cb60cbaf142c,REFIT_103201,R3_ORIGINAL,H_REAL3_REPLAN,1,25,1,False,0,COMPLETE,R7_PREREGISTERED_STRESS_TEST_FRESH_CASES,True
pusht,R7_pusht_03a8b37a6838cb60cbaf142c,REFIT_103202,R3_ORIGINAL,H_POLICY,1,46,2,True,0,COMPLETE,R7_PREREGISTERED_STRESS_TEST_FRESH_CASES,False
pusht,R7_pusht_03a8b37a6838cb60cbaf142c,REFIT_103202,R3_ORIGINAL,H_REAL3_REPLAN,1,44,2,True,0,COMPLETE,R7_PREREGISTERED_STRESS_TEST_FRESH_CASES,True
pusht,R7_pusht_03a8b37a6838cb60cbaf142c,REFIT_103203,R3_ORIGINAL,H_POLICY,1,25,1,False,0,COMPLETE,R7_PREREGISTERED_STRESS_TEST_FRESH_CASES,False
pusht,R7_pusht_03a8b37a6838cb60cbaf142c,REFIT_103203,R3_ORIGINAL,H_REAL3_REPLAN,1,25,1,False,0,COMPLETE,R7_PREREGISTERED_STRESS_TEST_FRESH_CASES,True
pusht,R7_pusht_03cabfd63e99ffd4495e82bf,H0,R3_ORIGINAL,H_POLICY,0,100,4,True,0,COMPLETE,R7_PREREGISTERED_STRESS_TEST_FRESH_CASES,False
pusht,R7_pusht_03cabfd63e99ffd4495e82bf,H0,R3_ORIGINAL,H_REAL3_REPLAN,0,100,4,True,0,COMPLETE,R7_PREREGISTERED_STRESS_TEST_FRESH_CASES,True
pusht,R7_pusht_03cabfd63e99ffd4495e82bf,REFIT_103201,R3_ORIGINAL,H_POLICY,0,100,4,True,0,COMPLETE,R7_PREREGISTERED_STRESS_TEST_FRESH_CASES,False
pusht,R7_pusht_03cabfd63e99ffd4495e82bf,REFIT_103201,R3_ORIGINAL,H_REAL3_REPLAN,0,100,4,True,0,COMPLETE,R7_PREREGISTERED_STRESS_TEST_FRESH_CASES,True
pusht,R7_pusht_03cabfd63e99ffd4495e82bf,REFIT_103202,R3_ORIGINAL,H_POLICY,1,49,2,True,0,COMPLETE,R7_PREREGISTERED_STRESS_TEST_FRESH_CASES,False
pusht,R7_pusht_03cabfd63e99ffd4495e82bf,REFIT_103202,R3_ORIGINAL,H_REAL3_REPLAN,1,50,2,True,0,COMPLETE,R7_PREREGISTERED_STRESS_TEST_FRESH_CASES,True
pusht,R7_pusht_03cabfd63e99ffd4495e82bf,REFIT_103203,R3_ORIGINAL,H_POLICY,0,100,4,True,0,COMPLETE,R7_PREREGISTERED_STRESS_TEST_FRESH_CASES,False
pusht,R7_pusht_03cabfd63e99ffd4495e82bf,REFIT_103203,R3_ORIGINAL,H_REAL3_REPLAN,0,100,4,True,0,COMPLETE,R7_PREREGISTERED_STRESS_TEST_FRESH_CASES,True
pusht,R7_pusht_03eb15f5e899e85677eef1b7,H0,R3_ORIGINAL,H_POLICY,0,100,4,True,0,COMPLETE,R7_PREREGISTERED_STRESS_TEST_FRESH_CASES,False
pusht,R7_pusht_03eb15f5e899e85677eef1b7,H0,R3_ORIGINAL,H_REAL3_REPLAN,0,100,4,True,0,COMPLETE,R7_PREREGISTERED_STRESS_TEST_FRESH_CASES,True
pusht,R7_pusht_03eb15f5e899e85677eef1b7,REFIT_103201,R3_ORIGINAL,H_POLICY,0,100,4,True,0,COMPLETE,R7_PREREGISTERED_STRESS_TEST_FRESH_CASES,False
pusht,R7_pusht_03eb15f5e899e85677eef1b7,REFIT_103201,R3_ORIGINAL,H_REAL3_REPLAN,0,100,4,True,0,COMPLETE,R7_PREREGISTERED_STRESS_TEST_FRESH_CASES,True
pusht,R7_pusht_03eb15f5e899e85677eef1b7,REFIT_103202,R3_ORIGINAL,H_POLICY,0,100,4,True,0,COMPLETE,R7_PREREGISTERED_STRESS_TEST_FRESH_CASES,False
pusht,R7_pusht_03eb15f5e899e85677eef1b7,REFIT_103202,R3_ORIGINAL,H_REAL3_REPLAN,0,100,4,True,0,COMPLETE,R7_PREREGISTERED_STRESS_TEST_FRESH_CASES,True
pusht,R7_pusht_03eb15f5e899e85677eef1b7,REFIT_103203,R3_ORIGINAL,H_POLICY,0,100,4,True,0,COMPLETE,R7_PREREGISTERED_STRESS_TEST_FRESH_CASES,False
pusht,R7_pusht_03eb15f5e899e85677eef1b7,REFIT_103203,R3_ORIGINAL,H_REAL3_REPLAN,0,100,4,True,0,COMPLETE,R7_PREREGISTERED_STRESS_TEST_FRESH_CASES,True
pusht,R7_pusht_03f4a6fe90776fe3b0963ef2,H0,R3_ORIGINAL,H_POLICY,1,25,1,False,0,COMPLETE,R7_PREREGISTERED_STRESS_TEST_FRESH_CASES,False
pusht,R7_pusht_03f4a6fe90776fe3b0963ef2,H0,R3_ORIGINAL,H_REAL3_REPLAN,1,25,1,False,0,COMPLETE,R7_PREREGISTERED_STRESS_TEST_FRESH_CASES,True
pusht,R7_pusht_03f4a6fe90776fe3b0963ef2,REFIT_103201,R3_ORIGINAL,H_POLICY,1,25,1,False,0,COMPLETE,R7_PREREGISTERED_STRESS_TEST_FRESH_CASES,False
pusht,R7_pusht_03f4a6fe90776fe3b0963ef2,REFIT_103201,R3_ORIGINAL,H_REAL3_REPLAN,1,25,1,False,0,COMPLETE,R7_PREREGISTERED_STRESS_TEST_FRESH_CASES,True
pusht,R7_pusht_03f4a6fe90776fe3b0963ef2,REFIT_103202,R3_ORIGINAL,H_POLICY,1,24,1,False,0,COMPLETE,R7_PREREGISTERED_STRESS_TEST_FRESH_CASES,False
pusht,R7_pusht_03f4a6fe90776fe3b0963ef2,REFIT_103202,R3_ORIGINAL,H_REAL3_REPLAN,1,24,1,False,0,COMPLETE,R7_PREREGISTERED_STRESS_TEST_FRESH_CASES,True
pusht,R7_pusht_03f4a6fe90776fe3b0963ef2,REFIT_103203,R3_ORIGINAL,H_POLICY,1,24,1,False,0,COMPLETE,R7_PREREGISTERED_STRESS_TEST_FRESH_CASES,False
pusht,R7_pusht_03f4a6fe90776fe3b0963ef2,REFIT_103203,R3_ORIGINAL,H_REAL3_REPLAN,1,24,1,False,0,COMPLETE,R7_PREREGISTERED_STRESS_TEST_FRESH_CASES,True
pusht,R7_pusht_0409ba7cc52dcbd29a262fe7,H0,R3_ORIGINAL,H_POLICY,0,100,4,True,0,COMPLETE,R7_PREREGISTERED_STRESS_TEST_FRESH_CASES,False
pusht,R7_pusht_0409ba7cc52dcbd29a262fe7,H0,R3_ORIGINAL,H_REAL3_REPLAN,0,100,4,True,0,COMPLETE,R7_PREREGISTERED_STRESS_TEST_FRESH_CASES,True
pusht,R7_pusht_0409ba7cc52dcbd29a262fe7,REFIT_103201,R3_ORIGINAL,H_POLICY,0,100,4,True,0,COMPLETE,R7_PREREGISTERED_STRESS_TEST_FRESH_CASES,False
pusht,R7_pusht_0409ba7cc52dcbd29a262fe7,REFIT_103201,R3_ORIGINAL,H_REAL3_REPLAN,0,100,4,True,0,COMPLETE,R7_PREREGISTERED_STRESS_TEST_FRESH_CASES,True
pusht,R7_pusht_0409ba7cc52dcbd29a262fe7,REFIT_103202,R3_ORIGINAL,H_POLICY,0,100,4,True,0,COMPLETE,R7_PREREGISTERED_STRESS_TEST_FRESH_CASES,False
pusht,R7_pusht_0409ba7cc52dcbd29a262fe7,REFIT_103202,R3_ORIGINAL,H_REAL3_REPLAN,0,100,4,True,0,COMPLETE,R7_PREREGISTERED_STRESS_TEST_FRESH_CASES,True
pusht,R7_pusht_0409ba7cc52dcbd29a262fe7,REFIT_103203,R3_ORIGINAL,H_POLICY,0,100,4,True,0,COMPLETE,R7_PREREGISTERED_STRESS_TEST_FRESH_CASES,False
pusht,R7_pusht_0409ba7cc52dcbd29a262fe7,REFIT_103203,R3_ORIGINAL,H_REAL3_REPLAN,0,100,4,True,0,COMPLETE,R7_PREREGISTERED_STRESS_TEST_FRESH_CASES,True
pusht,R7_pusht_0415fc478ce94db4c57a4f04,H0,R3_ORIGINAL,H_POLICY,0,100,4,True,0,COMPLETE,R7_PREREGISTERED_STRESS_TEST_FRESH_CASES,False
pusht,R7_pusht_0415fc478ce94db4c57a4f04,H0,R3_ORIGINAL,H_REAL3_REPLAN,0,100,4,True,0,COMPLETE,R7_PREREGISTERED_STRESS_TEST_FRESH_CASES,True
pusht,R7_pusht_0415fc478ce94db4c57a4f04,REFIT_103201,R3_ORIGINAL,H_POLICY,0,100,4,True,0,COMPLETE,R7_PREREGISTERED_STRESS_TEST_FRESH_CASES,False
pusht,R7_pusht_0415fc478ce94db4c57a4f04,REFIT_103201,R3_ORIGINAL,H_REAL3_REPLAN,1,74,3,True,0,COMPLETE,R7_PREREGISTERED_STRESS_TEST_FRESH_CASES,True
pusht,R7_pusht_0415fc478ce94db4c57a4f04,REFIT_103202,R3_ORIGINAL,H_POLICY,0,100,4,True,0,COMPLETE,R7_PREREGISTERED_STRESS_TEST_FRESH_CASES,False
pusht,R7_pusht_0415fc478ce94db4c57a4f04,REFIT_103202,R3_ORIGINAL,H_REAL3_REPLAN,0,100,4,True,0,COMPLETE,R7_PREREGISTERED_STRESS_TEST_FRESH_CASES,True
pusht,R7_pusht_0415fc478ce94db4c57a4f04,REFIT_103203,R3_ORIGINAL,H_POLICY,0,100,4,True,0,COMPLETE,R7_PREREGISTERED_STRESS_TEST_FRESH_CASES,False
pusht,R7_pusht_0415fc478ce94db4c57a4f04,REFIT_103203,R3_ORIGINAL,H_REAL3_REPLAN,0,100,4,True,0,COMPLETE,R7_PREREGISTERED_STRESS_TEST_FRESH_CASES,True
pusht,R7_pusht_04177a249fdc96272d0852db,H0,R3_ORIGINAL,H_POLICY,0,100,4,True,0,COMPLETE,R7_PREREGISTERED_STRESS_TEST_FRESH_CASES,False
pusht,R7_pusht_04177a249fdc96272d0852db,H0,R3_ORIGINAL,H_REAL3_REPLAN,0,100,4,True,0,COMPLETE,R7_PREREGISTERED_STRESS_TEST_FRESH_CASES,True
pusht,R7_pusht_04177a249fdc96272d0852db,REFIT_103201,R3_ORIGINAL,H_POLICY,0,100,4,True,0,COMPLETE,R7_PREREGISTERED_STRESS_TEST_FRESH_CASES,False
pusht,R7_pusht_04177a249fdc96272d0852db,REFIT_103201,R3_ORIGINAL,H_REAL3_REPLAN,1,100,4,True,0,COMPLETE,R7_PREREGISTERED_STRESS_TEST_FRESH_CASES,True
pusht,R7_pusht_04177a249fdc96272d0852db,REFIT_103202,R3_ORIGINAL,H_POLICY,0,100,4,True,0,COMPLETE,R7_PREREGISTERED_STRESS_TEST_FRESH_CASES,False
pusht,R7_pusht_04177a249fdc96272d0852db,REFIT_103202,R3_ORIGINAL,H_REAL3_REPLAN,0,100,4,True,0,COMPLETE,R7_PREREGISTERED_STRESS_TEST_FRESH_CASES,True
pusht,R7_pusht_04177a249fdc96272d0852db,REFIT_103203,R3_ORIGINAL,H_POLICY,0,100,4,True,0,COMPLETE,R7_PREREGISTERED_STRESS_TEST_FRESH_CASES,False
pusht,R7_pusht_04177a249fdc96272d0852db,REFIT_103203,R3_ORIGINAL,H_REAL3_REPLAN,0,100,4,True,0,COMPLETE,R7_PREREGISTERED_STRESS_TEST_FRESH_CASES,True
pusht,R7_pusht_042009a9992792f09decf905,H0,R3_ORIGINAL,H_POLICY,1,24,1,False,0,COMPLETE,R7_PREREGISTERED_STRESS_TEST_FRESH_CASES,False
pusht,R7_pusht_042009a9992792f09decf905,H0,R3_ORIGINAL,H_REAL3_REPLAN,1,24,1,False,0,COMPLETE,R7_PREREGISTERED_STRESS_TEST_FRESH_CASES,True
pusht,R7_pusht_042009a9992792f09decf905,REFIT_103201,R3_ORIGINAL,H_POLICY,1,24,1,False,0,COMPLETE,R7_PREREGISTERED_STRESS_TEST_FRESH_CASES,False
pusht,R7_pusht_042009a9992792f09decf905,REFIT_103201,R3_ORIGINAL,H_REAL3_REPLAN,1,24,1,False,0,COMPLETE,R7_PREREGISTERED_STRESS_TEST_FRESH_CASES,True
pusht,R7_pusht_042009a9992792f09decf905,REFIT_103202,R3_ORIGINAL,H_POLICY,1,24,1,False,0,COMPLETE,R7_PREREGISTERED_STRESS_TEST_FRESH_CASES,False
pusht,R7_pusht_042009a9992792f09decf905,REFIT_103202,R3_ORIGINAL,H_REAL3_REPLAN,1,24,1,False,0,COMPLETE,R7_PREREGISTERED_STRESS_TEST_FRESH_CASES,True
pusht,R7_pusht_042009a9992792f09decf905,REFIT_103203,R3_ORIGINAL,H_POLICY,1,24,1,False,0,COMPLETE,R7_PREREGISTERED_STRESS_TEST_FRESH_CASES,False
pusht,R7_pusht_042009a9992792f09decf905,REFIT_103203,R3_ORIGINAL,H_REAL3_REPLAN,1,24,1,False,0,COMPLETE,R7_PREREGISTERED_STRESS_TEST_FRESH_CASES,True
pusht,R7_pusht_042040a1e3ddf1227649ab30,H0,R3_ORIGINAL,H_POLICY,0,100,4,True,0,COMPLETE,R7_PREREGISTERED_STRESS_TEST_FRESH_CASES,False
pusht,R7_pusht_042040a1e3ddf1227649ab30,H0,R3_ORIGINAL,H_REAL3_REPLAN,0,100,4,True,0,COMPLETE,R7_PREREGISTERED_STRESS_TEST_FRESH_CASES,True
pusht,R7_pusht_042040a1e3ddf1227649ab30,REFIT_103201,R3_ORIGINAL,H_POLICY,0,100,4,True,0,COMPLETE,R7_PREREGISTERED_STRESS_TEST_FRESH_CASES,False
pusht,R7_pusht_042040a1e3ddf1227649ab30,REFIT_103201,R3_ORIGINAL,H_REAL3_REPLAN,0,100,4,True,0,COMPLETE,R7_PREREGISTERED_STRESS_TEST_FRESH_CASES,True
pusht,R7_pusht_042040a1e3ddf1227649ab30,REFIT_103202,R3_ORIGINAL,H_POLICY,0,100,4,True,0,COMPLETE,R7_PREREGISTERED_STRESS_TEST_FRESH_CASES,False
pusht,R7_pusht_042040a1e3ddf1227649ab30,REFIT_103202,R3_ORIGINAL,H_REAL3_REPLAN,0,100,4,True,0,COMPLETE,R7_PREREGISTERED_STRESS_TEST_FRESH_CASES,True
pusht,R7_pusht_042040a1e3ddf1227649ab30,REFIT_103203,R3_ORIGINAL,H_POLICY,0,100,4,True,0,COMPLETE,R7_PREREGISTERED_STRESS_TEST_FRESH_CASES,False
pusht,R7_pusht_042040a1e3ddf1227649ab30,REFIT_103203,R3_ORIGINAL,H_REAL3_REPLAN,0,100,4,True,0,COMPLETE,R7_PREREGISTERED_STRESS_TEST_FRESH_CASES,True
pusht,R7_pusht_042ddf335da9880f2916c26a,H0,R3_ORIGINAL,H_POLICY,1,21,1,False,0,COMPLETE,R7_PREREGISTERED_STRESS_TEST_FRESH_CASES,False
pusht,R7_pusht_042ddf335da9880f2916c26a,H0,R3_ORIGINAL,H_REAL3_REPLAN,1,21,1,False,0,COMPLETE,R7_PREREGISTERED_STRESS_TEST_FRESH_CASES,True
pusht,R7_pusht_042ddf335da9880f2916c26a,REFIT_103201,R3_ORIGINAL,H_POLICY,1,21,1,False,0,COMPLETE,R7_PREREGISTERED_STRESS_TEST_FRESH_CASES,False
pusht,R7_pusht_042ddf335da9880f2916c26a,REFIT_103201,R3_ORIGINAL,H_REAL3_REPLAN,1,21,1,False,0,COMPLETE,R7_PREREGISTERED_STRESS_TEST_FRESH_CASES,True
pusht,R7_pusht_042ddf335da9880f2916c26a,REFIT_103202,R3_ORIGINAL,H_POLICY,1,22,1,False,0,COMPLETE,R7_PREREGISTERED_STRESS_TEST_FRESH_CASES,False
pusht,R7_pusht_042ddf335da9880f2916c26a,REFIT_103202,R3_ORIGINAL,H_REAL3_REPLAN,1,22,1,False,0,COMPLETE,R7_PREREGISTERED_STRESS_TEST_FRESH_CASES,True
pusht,R7_pusht_042ddf335da9880f2916c26a,REFIT_103203,R3_ORIGINAL,H_POLICY,1,22,1,False,0,COMPLETE,R7_PREREGISTERED_STRESS_TEST_FRESH_CASES,False
pusht,R7_pusht_042ddf335da9880f2916c26a,REFIT_103203,R3_ORIGINAL,H_REAL3_REPLAN,1,22,1,False,0,COMPLETE,R7_PREREGISTERED_STRESS_TEST_FRESH_CASES,True
pusht,R7_pusht_0434fe4553fbd003af4bf51c,H0,R3_ORIGINAL,H_POLICY,1,48,2,True,0,COMPLETE,R7_PREREGISTERED_STRESS_TEST_FRESH_CASES,False
pusht,R7_pusht_0434fe4553fbd003af4bf51c,H0,R3_ORIGINAL,H_REAL3_REPLAN,1,47,2,True,0,COMPLETE,R7_PREREGISTERED_STRESS_TEST_FRESH_CASES,True
pusht,R7_pusht_0434fe4553fbd003af4bf51c,REFIT_103201,R3_ORIGINAL,H_POLICY,1,25,1,False,0,COMPLETE,R7_PREREGISTERED_STRESS_TEST_FRESH_CASES,False
pusht,R7_pusht_0434fe4553fbd003af4bf51c,REFIT_103201,R3_ORIGINAL,H_REAL3_REPLAN,1,25,1,False,0,COMPLETE,R7_PREREGISTERED_STRESS_TEST_FRESH_CASES,True
pusht,R7_pusht_0434fe4553fbd003af4bf51c,REFIT_103202,R3_ORIGINAL,H_POLICY,1,24,1,False,0,COMPLETE,R7_PREREGISTERED_STRESS_TEST_FRESH_CASES,False
pusht,R7_pusht_0434fe4553fbd003af4bf51c,REFIT_103202,R3_ORIGINAL,H_REAL3_REPLAN,1,24,1,False,0,COMPLETE,R7_PREREGISTERED_STRESS_TEST_FRESH_CASES,True
pusht,R7_pusht_0434fe4553fbd003af4bf51c,REFIT_103203,R3_ORIGINAL,H_POLICY,1,25,1,False,0,COMPLETE,R7_PREREGISTERED_STRESS_TEST_FRESH_CASES,False
pusht,R7_pusht_0434fe4553fbd003af4bf51c,REFIT_103203,R3_ORIGINAL,H_REAL3_REPLAN,1,25,1,False,0,COMPLETE,R7_PREREGISTERED_STRESS_TEST_FRESH_CASES,True
pusht,R7_pusht_0446b191f8f1e1cecf462744,H0,R3_ORIGINAL,H_POLICY,0,100,4,True,0,COMPLETE,R7_PREREGISTERED_STRESS_TEST_FRESH_CASES,False
pusht,R7_pusht_0446b191f8f1e1cecf462744,H0,R3_ORIGINAL,H_REAL3_REPLAN,0,100,4,True,0,COMPLETE,R7_PREREGISTERED_STRESS_TEST_FRESH_CASES,True
pusht,R7_pusht_0446b191f8f1e1cecf462744,REFIT_103201,R3_ORIGINAL,H_POLICY,0,100,4,True,0,COMPLETE,R7_PREREGISTERED_STRESS_TEST_FRESH_CASES,False
pusht,R7_pusht_0446b191f8f1e1cecf462744,REFIT_103201,R3_ORIGINAL,H_REAL3_REPLAN,0,100,4,True,0,COMPLETE,R7_PREREGISTERED_STRESS_TEST_FRESH_CASES,True
pusht,R7_pusht_0446b191f8f1e1cecf462744,REFIT_103202,R3_ORIGINAL,H_POLICY,0,100,4,True,0,COMPLETE,R7_PREREGISTERED_STRESS_TEST_FRESH_CASES,False
pusht,R7_pusht_0446b191f8f1e1cecf462744,REFIT_103202,R3_ORIGINAL,H_REAL3_REPLAN,0,100,4,True,0,COMPLETE,R7_PREREGISTERED_STRESS_TEST_FRESH_CASES,True
pusht,R7_pusht_0446b191f8f1e1cecf462744,REFIT_103203,R3_ORIGINAL,H_POLICY,0,100,4,True,0,COMPLETE,R7_PREREGISTERED_STRESS_TEST_FRESH_CASES,False
pusht,R7_pusht_0446b191f8f1e1cecf462744,REFIT_103203,R3_ORIGINAL,H_REAL3_REPLAN,0,100,4,True,0,COMPLETE,R7_PREREGISTERED_STRESS_TEST_FRESH_CASES,True
pusht,R7_pusht_044a0e8359399cb4f0b9912a,H0,R3_ORIGINAL,H_POLICY,1,21,1,False,0,COMPLETE,R7_PREREGISTERED_STRESS_TEST_FRESH_CASES,False
pusht,R7_pusht_044a0e8359399cb4f0b9912a,H0,R3_ORIGINAL,H_REAL3_REPLAN,1,21,1,False,0,COMPLETE,R7_PREREGISTERED_STRESS_TEST_FRESH_CASES,True
pusht,R7_pusht_044a0e8359399cb4f0b9912a,REFIT_103201,R3_ORIGINAL,H_POLICY,1,21,1,False,0,COMPLETE,R7_PREREGISTERED_STRESS_TEST_FRESH_CASES,False
pusht,R7_pusht_044a0e8359399cb4f0b9912a,REFIT_103201,R3_ORIGINAL,H_REAL3_REPLAN,1,21,1,False,0,COMPLETE,R7_PREREGISTERED_STRESS_TEST_FRESH_CASES,True
pusht,R7_pusht_044a0e8359399cb4f0b9912a,REFIT_103202,R3_ORIGINAL,H_POLICY,1,18,1,False,0,COMPLETE,R7_PREREGISTERED_STRESS_TEST_FRESH_CASES,False
pusht,R7_pusht_044a0e8359399cb4f0b9912a,REFIT_103202,R3_ORIGINAL,H_REAL3_REPLAN,1,18,1,False,0,COMPLETE,R7_PREREGISTERED_STRESS_TEST_FRESH_CASES,True
pusht,R7_pusht_044a0e8359399cb4f0b9912a,REFIT_103203,R3_ORIGINAL,H_POLICY,1,19,1,False,0,COMPLETE,R7_PREREGISTERED_STRESS_TEST_FRESH_CASES,False
pusht,R7_pusht_044a0e8359399cb4f0b9912a,REFIT_103203,R3_ORIGINAL,H_REAL3_REPLAN,1,19,1,False,0,COMPLETE,R7_PREREGISTERED_STRESS_TEST_FRESH_CASES,True
pusht,R7_pusht_044c38a38940103d2b84e115,H0,R3_ORIGINAL,H_POLICY,0,100,4,True,0,COMPLETE,R7_PREREGISTERED_STRESS_TEST_FRESH_CASES,False
pusht,R7_pusht_044c38a38940103d2b84e115,H0,R3_ORIGINAL,H_REAL3_REPLAN,0,100,4,True,0,COMPLETE,R7_PREREGISTERED_STRESS_TEST_FRESH_CASES,True
pusht,R7_pusht_044c38a38940103d2b84e115,REFIT_103201,R3_ORIGINAL,H_POLICY,0,100,4,True,0,COMPLETE,R7_PREREGISTERED_STRESS_TEST_FRESH_CASES,False
pusht,R7_pusht_044c38a38940103d2b84e115,REFIT_103201,R3_ORIGINAL,H_REAL3_REPLAN,0,100,4,True,0,COMPLETE,R7_PREREGISTERED_STRESS_TEST_FRESH_CASES,True
pusht,R7_pusht_044c38a38940103d2b84e115,REFIT_103202,R3_ORIGINAL,H_POLICY,1,70,3,True,0,COMPLETE,R7_PREREGISTERED_STRESS_TEST_FRESH_CASES,False
pusht,R7_pusht_044c38a38940103d2b84e115,REFIT_103202,R3_ORIGINAL,H_REAL3_REPLAN,1,70,3,True,0,COMPLETE,R7_PREREGISTERED_STRESS_TEST_FRESH_CASES,True
pusht,R7_pusht_044c38a38940103d2b84e115,REFIT_103203,R3_ORIGINAL,H_POLICY,0,100,4,True,0,COMPLETE,R7_PREREGISTERED_STRESS_TEST_FRESH_CASES,False
pusht,R7_pusht_044c38a38940103d2b84e115,REFIT_103203,R3_ORIGINAL,H_REAL3_REPLAN,0,100,4,True,0,COMPLETE,R7_PREREGISTERED_STRESS_TEST_FRESH_CASES,True
pusht,R7_pusht_045d7c64c6e3d0c893f8afe4,H0,R3_ORIGINAL,H_POLICY,1,49,2,True,0,COMPLETE,R7_PREREGISTERED_STRESS_TEST_FRESH_CASES,False
pusht,R7_pusht_045d7c64c6e3d0c893f8afe4,H0,R3_ORIGINAL,H_REAL3_REPLAN,1,49,2,True,0,COMPLETE,R7_PREREGISTERED_STRESS_TEST_FRESH_CASES,True
pusht,R7_pusht_045d7c64c6e3d0c893f8afe4,REFIT_103201,R3_ORIGINAL,H_POLICY,1,23,1,False,0,COMPLETE,R7_PREREGISTERED_STRESS_TEST_FRESH_CASES,False
pusht,R7_pusht_045d7c64c6e3d0c893f8afe4,REFIT_103201,R3_ORIGINAL,H_REAL3_REPLAN,1,23,1,False,0,COMPLETE,R7_PREREGISTERED_STRESS_TEST_FRESH_CASES,True
pusht,R7_pusht_045d7c64c6e3d0c893f8afe4,REFIT_103202,R3_ORIGINAL,H_POLICY,1,23,1,False,0,COMPLETE,R7_PREREGISTERED_STRESS_TEST_FRESH_CASES,False
pusht,R7_pusht_045d7c64c6e3d0c893f8afe4,REFIT_103202,R3_ORIGINAL,H_REAL3_REPLAN,1,23,1,False,0,COMPLETE,R7_PREREGISTERED_STRESS_TEST_FRESH_CASES,True
pusht,R7_pusht_045d7c64c6e3d0c893f8afe4,REFIT_103203,R3_ORIGINAL,H_POLICY,1,22,1,False,0,COMPLETE,R7_PREREGISTERED_STRESS_TEST_FRESH_CASES,False
pusht,R7_pusht_045d7c64c6e3d0c893f8afe4,REFIT_103203,R3_ORIGINAL,H_REAL3_REPLAN,1,22,1,False,0,COMPLETE,R7_PREREGISTERED_STRESS_TEST_FRESH_CASES,True
pusht,R7_pusht_04956cd0b9aea5a2e739680a,H0,R3_ORIGINAL,H_POLICY,0,100,4,True,0,COMPLETE,R7_PREREGISTERED_STRESS_TEST_FRESH_CASES,False
pusht,R7_pusht_04956cd0b9aea5a2e739680a,H0,R3_ORIGINAL,H_REAL3_REPLAN,1,53,3,True,0,COMPLETE,R7_PREREGISTERED_STRESS_TEST_FRESH_CASES,True
pusht,R7_pusht_04956cd0b9aea5a2e739680a,REFIT_103201,R3_ORIGINAL,H_POLICY,1,50,2,True,0,COMPLETE,R7_PREREGISTERED_STRESS_TEST_FRESH_CASES,False
pusht,R7_pusht_04956cd0b9aea5a2e739680a,REFIT_103201,R3_ORIGINAL,H_REAL3_REPLAN,1,50,2,True,0,COMPLETE,R7_PREREGISTERED_STRESS_TEST_FRESH_CASES,True
pusht,R7_pusht_04956cd0b9aea5a2e739680a,REFIT_103202,R3_ORIGINAL,H_POLICY,1,49,2,True,0,COMPLETE,R7_PREREGISTERED_STRESS_TEST_FRESH_CASES,False
pusht,R7_pusht_04956cd0b9aea5a2e739680a,REFIT_103202,R3_ORIGINAL,H_REAL3_REPLAN,1,50,2,True,0,COMPLETE,R7_PREREGISTERED_STRESS_TEST_FRESH_CASES,True
pusht,R7_pusht_04956cd0b9aea5a2e739680a,REFIT_103203,R3_ORIGINAL,H_POLICY,1,23,1,False,0,COMPLETE,R7_PREREGISTERED_STRESS_TEST_FRESH_CASES,False
pusht,R7_pusht_04956cd0b9aea5a2e739680a,REFIT_103203,R3_ORIGINAL,H_REAL3_REPLAN,1,23,1,False,0,COMPLETE,R7_PREREGISTERED_STRESS_TEST_FRESH_CASES,True
pusht,R7_pusht_0497c0fb14fc6f924576a385,H0,R3_ORIGINAL,H_POLICY,0,100,4,True,0,COMPLETE,R7_PREREGISTERED_STRESS_TEST_FRESH_CASES,False
pusht,R7_pusht_0497c0fb14fc6f924576a385,H0,R3_ORIGINAL,H_REAL3_REPLAN,0,100,4,True,0,COMPLETE,R7_PREREGISTERED_STRESS_TEST_FRESH_CASES,True
pusht,R7_pusht_0497c0fb14fc6f924576a385,REFIT_103201,R3_ORIGINAL,H_POLICY,0,100,4,True,0,COMPLETE,R7_PREREGISTERED_STRESS_TEST_FRESH_CASES,False
pusht,R7_pusht_0497c0fb14fc6f924576a385,REFIT_103201,R3_ORIGINAL,H_REAL3_REPLAN,0,100,4,True,0,COMPLETE,R7_PREREGISTERED_STRESS_TEST_FRESH_CASES,True
pusht,R7_pusht_0497c0fb14fc6f924576a385,REFIT_103202,R3_ORIGINAL,H_POLICY,0,100,4,True,0,COMPLETE,R7_PREREGISTERED_STRESS_TEST_FRESH_CASES,False
pusht,R7_pusht_0497c0fb14fc6f924576a385,REFIT_103202,R3_ORIGINAL,H_REAL3_REPLAN,0,100,4,True,0,COMPLETE,R7_PREREGISTERED_STRESS_TEST_FRESH_CASES,True
pusht,R7_pusht_0497c0fb14fc6f924576a385,REFIT_103203,R3_ORIGINAL,H_POLICY,0,100,4,True,0,COMPLETE,R7_PREREGISTERED_STRESS_TEST_FRESH_CASES,False
pusht,R7_pusht_0497c0fb14fc6f924576a385,REFIT_103203,R3_ORIGINAL,H_REAL3_REPLAN,0,100,4,True,0,COMPLETE,R7_PREREGISTERED_STRESS_TEST_FRESH_CASES,True
pusht,R7_pusht_049c17f2923a4814eecedda0,H0,R3_ORIGINAL,H_POLICY,0,100,4,True,0,COMPLETE,R7_PREREGISTERED_STRESS_TEST_FRESH_CASES,False
pusht,R7_pusht_049c17f2923a4814eecedda0,H0,R3_ORIGINAL,H_REAL3_REPLAN,0,100,4,True,0,COMPLETE,R7_PREREGISTERED_STRESS_TEST_FRESH_CASES,True
pusht,R7_pusht_049c17f2923a4814eecedda0,REFIT_103201,R3_ORIGINAL,H_POLICY,0,100,4,True,0,COMPLETE,R7_PREREGISTERED_STRESS_TEST_FRESH_CASES,False
pusht,R7_pusht_049c17f2923a4814eecedda0,REFIT_103201,R3_ORIGINAL,H_REAL3_REPLAN,0,100,4,True,0,COMPLETE,R7_PREREGISTERED_STRESS_TEST_FRESH_CASES,True
pusht,R7_pusht_049c17f2923a4814eecedda0,REFIT_103202,R3_ORIGINAL,H_POLICY,0,100,4,True,0,COMPLETE,R7_PREREGISTERED_STRESS_TEST_FRESH_CASES,False
pusht,R7_pusht_049c17f2923a4814eecedda0,REFIT_103202,R3_ORIGINAL,H_REAL3_REPLAN,0,100,4,True,0,COMPLETE,R7_PREREGISTERED_STRESS_TEST_FRESH_CASES,True
pusht,R7_pusht_049c17f2923a4814eecedda0,REFIT_103203,R3_ORIGINAL,H_POLICY,0,100,4,True,0,COMPLETE,R7_PREREGISTERED_STRESS_TEST_FRESH_CASES,False
pusht,R7_pusht_049c17f2923a4814eecedda0,REFIT_103203,R3_ORIGINAL,H_REAL3_REPLAN,0,100,4,True,0,COMPLETE,R7_PREREGISTERED_STRESS_TEST_FRESH_CASES,True
pusht,R7_pusht_04d4daa8c0c39b20a08012e0,H0,R3_ORIGINAL,H_POLICY,1,25,1,False,0,COMPLETE,R7_PREREGISTERED_STRESS_TEST_FRESH_CASES,False
pusht,R7_pusht_04d4daa8c0c39b20a08012e0,H0,R3_ORIGINAL,H_REAL3_REPLAN,1,25,1,False,0,COMPLETE,R7_PREREGISTERED_STRESS_TEST_FRESH_CASES,True
pusht,R7_pusht_04d4daa8c0c39b20a08012e0,REFIT_103201,R3_ORIGINAL,H_POLICY,1,24,1,False,0,COMPLETE,R7_PREREGISTERED_STRESS_TEST_FRESH_CASES,False
pusht,R7_pusht_04d4daa8c0c39b20a08012e0,REFIT_103201,R3_ORIGINAL,H_REAL3_REPLAN,1,24,1,False,0,COMPLETE,R7_PREREGISTERED_STRESS_TEST_FRESH_CASES,True
pusht,R7_pusht_04d4daa8c0c39b20a08012e0,REFIT_103202,R3_ORIGINAL,H_POLICY,1,24,1,False,0,COMPLETE,R7_PREREGISTERED_STRESS_TEST_FRESH_CASES,False
pusht,R7_pusht_04d4daa8c0c39b20a08012e0,REFIT_103202,R3_ORIGINAL,H_REAL3_REPLAN,1,24,1,False,0,COMPLETE,R7_PREREGISTERED_STRESS_TEST_FRESH_CASES,True
pusht,R7_pusht_04d4daa8c0c39b20a08012e0,REFIT_103203,R3_ORIGINAL,H_POLICY,1,24,1,False,0,COMPLETE,R7_PREREGISTERED_STRESS_TEST_FRESH_CASES,False
pusht,R7_pusht_04d4daa8c0c39b20a08012e0,REFIT_103203,R3_ORIGINAL,H_REAL3_REPLAN,1,24,1,False,0,COMPLETE,R7_PREREGISTERED_STRESS_TEST_FRESH_CASES,True
pusht,R7_pusht_04e11d40881599d78167abd7,H0,R3_ORIGINAL,H_POLICY,1,25,1,False,0,COMPLETE,R7_PREREGISTERED_STRESS_TEST_FRESH_CASES,False
pusht,R7_pusht_04e11d40881599d78167abd7,H0,R3_ORIGINAL,H_REAL3_REPLAN,1,25,1,False,0,COMPLETE,R7_PREREGISTERED_STRESS_TEST_FRESH_CASES,True
pusht,R7_pusht_04e11d40881599d78167abd7,REFIT_103201,R3_ORIGINAL,H_POLICY,1,25,1,False,0,COMPLETE,R7_PREREGISTERED_STRESS_TEST_FRESH_CASES,False
pusht,R7_pusht_04e11d40881599d78167abd7,REFIT_103201,R3_ORIGINAL,H_REAL3_REPLAN,1,25,1,False,0,COMPLETE,R7_PREREGISTERED_STRESS_TEST_FRESH_CASES,True
pusht,R7_pusht_04e11d40881599d78167abd7,REFIT_103202,R3_ORIGINAL,H_POLICY,1,25,1,False,0,COMPLETE,R7_PREREGISTERED_STRESS_TEST_FRESH_CASES,False
pusht,R7_pusht_04e11d40881599d78167abd7,REFIT_103202,R3_ORIGINAL,H_REAL3_REPLAN,1,25,1,False,0,COMPLETE,R7_PREREGISTERED_STRESS_TEST_FRESH_CASES,True
pusht,R7_pusht_04e11d40881599d78167abd7,REFIT_103203,R3_ORIGINAL,H_POLICY,1,25,1,False,0,COMPLETE,R7_PREREGISTERED_STRESS_TEST_FRESH_CASES,False
pusht,R7_pusht_04e11d40881599d78167abd7,REFIT_103203,R3_ORIGINAL,H_REAL3_REPLAN,1,25,1,False,0,COMPLETE,R7_PREREGISTERED_STRESS_TEST_FRESH_CASES,True
pusht,R7_pusht_04e3964f4e922fc9652a8454,H0,R3_ORIGINAL,H_POLICY,1,49,2,True,0,COMPLETE,R7_PREREGISTERED_STRESS_TEST_FRESH_CASES,False
pusht,R7_pusht_04e3964f4e922fc9652a8454,H0,R3_ORIGINAL,H_REAL3_REPLAN,1,49,2,True,0,COMPLETE,R7_PREREGISTERED_STRESS_TEST_FRESH_CASES,True
pusht,R7_pusht_04e3964f4e922fc9652a8454,REFIT_103201,R3_ORIGINAL,H_POLICY,1,25,1,False,0,COMPLETE,R7_PREREGISTERED_STRESS_TEST_FRESH_CASES,False
pusht,R7_pusht_04e3964f4e922fc9652a8454,REFIT_103201,R3_ORIGINAL,H_REAL3_REPLAN,1,25,1,False,0,COMPLETE,R7_PREREGISTERED_STRESS_TEST_FRESH_CASES,True
pusht,R7_pusht_04e3964f4e922fc9652a8454,REFIT_103202,R3_ORIGINAL,H_POLICY,1,24,1,False,0,COMPLETE,R7_PREREGISTERED_STRESS_TEST_FRESH_CASES,False
pusht,R7_pusht_04e3964f4e922fc9652a8454,REFIT_103202,R3_ORIGINAL,H_REAL3_REPLAN,1,24,1,False,0,COMPLETE,R7_PREREGISTERED_STRESS_TEST_FRESH_CASES,True
pusht,R7_pusht_04e3964f4e922fc9652a8454,REFIT_103203,R3_ORIGINAL,H_POLICY,1,25,1,False,0,COMPLETE,R7_PREREGISTERED_STRESS_TEST_FRESH_CASES,False
pusht,R7_pusht_04e3964f4e922fc9652a8454,REFIT_103203,R3_ORIGINAL,H_REAL3_REPLAN,1,25,1,False,0,COMPLETE,R7_PREREGISTERED_STRESS_TEST_FRESH_CASES,True
pusht,R7_pusht_0515c243488c95589a8d5b91,H0,R3_ORIGINAL,H_POLICY,1,24,1,False,0,COMPLETE,R7_PREREGISTERED_STRESS_TEST_FRESH_CASES,False
pusht,R7_pusht_0515c243488c95589a8d5b91,H0,R3_ORIGINAL,H_REAL3_REPLAN,1,24,1,False,0,COMPLETE,R7_PREREGISTERED_STRESS_TEST_FRESH_CASES,True
pusht,R7_pusht_0515c243488c95589a8d5b91,REFIT_103201,R3_ORIGINAL,H_POLICY,1,24,1,False,0,COMPLETE,R7_PREREGISTERED_STRESS_TEST_FRESH_CASES,False
pusht,R7_pusht_0515c243488c95589a8d5b91,REFIT_103201,R3_ORIGINAL,H_REAL3_REPLAN,1,24,1,False,0,COMPLETE,R7_PREREGISTERED_STRESS_TEST_FRESH_CASES,True
pusht,R7_pusht_0515c243488c95589a8d5b91,REFIT_103202,R3_ORIGINAL,H_POLICY,1,23,1,False,0,COMPLETE,R7_PREREGISTERED_STRESS_TEST_FRESH_CASES,False
pusht,R7_pusht_0515c243488c95589a8d5b91,REFIT_103202,R3_ORIGINAL,H_REAL3_REPLAN,1,23,1,False,0,COMPLETE,R7_PREREGISTERED_STRESS_TEST_FRESH_CASES,True
pusht,R7_pusht_0515c243488c95589a8d5b91,REFIT_103203,R3_ORIGINAL,H_POLICY,1,23,1,False,0,COMPLETE,R7_PREREGISTERED_STRESS_TEST_FRESH_CASES,False
pusht,R7_pusht_0515c243488c95589a8d5b91,REFIT_103203,R3_ORIGINAL,H_REAL3_REPLAN,1,23,1,False,0,COMPLETE,R7_PREREGISTERED_STRESS_TEST_FRESH_CASES,True
pusht,R7_pusht_051e1bf367746e2a2a178f16,H0,R3_ORIGINAL,H_POLICY,0,100,4,True,0,COMPLETE,R7_PREREGISTERED_STRESS_TEST_FRESH_CASES,False
pusht,R7_pusht_051e1bf367746e2a2a178f16,H0,R3_ORIGINAL,H_REAL3_REPLAN,0,100,4,True,0,COMPLETE,R7_PREREGISTERED_STRESS_TEST_FRESH_CASES,True
pusht,R7_pusht_051e1bf367746e2a2a178f16,REFIT_103201,R3_ORIGINAL,H_POLICY,0,100,4,True,0,COMPLETE,R7_PREREGISTERED_STRESS_TEST_FRESH_CASES,False
pusht,R7_pusht_051e1bf367746e2a2a178f16,REFIT_103201,R3_ORIGINAL,H_REAL3_REPLAN,1,49,2,True,0,COMPLETE,R7_PREREGISTERED_STRESS_TEST_FRESH_CASES,True
pusht,R7_pusht_051e1bf367746e2a2a178f16,REFIT_103202,R3_ORIGINAL,H_POLICY,1,52,3,True,0,COMPLETE,R7_PREREGISTERED_STRESS_TEST_FRESH_CASES,False
pusht,R7_pusht_051e1bf367746e2a2a178f16,REFIT_103202,R3_ORIGINAL,H_REAL3_REPLAN,1,50,2,True,0,COMPLETE,R7_PREREGISTERED_STRESS_TEST_FRESH_CASES,True
pusht,R7_pusht_051e1bf367746e2a2a178f16,REFIT_103203,R3_ORIGINAL,H_POLICY,1,26,2,True,0,COMPLETE,R7_PREREGISTERED_STRESS_TEST_FRESH_CASES,False
pusht,R7_pusht_051e1bf367746e2a2a178f16,REFIT_103203,R3_ORIGINAL,H_REAL3_REPLAN,1,26,2,True,0,COMPLETE,R7_PREREGISTERED_STRESS_TEST_FRESH_CASES,True
pusht,R7_pusht_00385494fa0ca42f41a02dfc,H0,R4_ALT_CEM_1,H_POLICY,1,23,1,False,0,COMPLETE,R7_PREREGISTERED_STRESS_TEST_FRESH_CASES,False
pusht,R7_pusht_00385494fa0ca42f41a02dfc,H0,R4_ALT_CEM_1,H_REAL3_REPLAN,1,23,1,False,0,COMPLETE,R7_PREREGISTERED_STRESS_TEST_FRESH_CASES,True
pusht,R7_pusht_00385494fa0ca42f41a02dfc,REFIT_103201,R4_ALT_CEM_1,H_POLICY,1,23,1,False,0,COMPLETE,R7_PREREGISTERED_STRESS_TEST_FRESH_CASES,False
pusht,R7_pusht_00385494fa0ca42f41a02dfc,REFIT_103201,R4_ALT_CEM_1,H_REAL3_REPLAN,1,23,1,False,0,COMPLETE,R7_PREREGISTERED_STRESS_TEST_FRESH_CASES,True
pusht,R7_pusht_00385494fa0ca42f41a02dfc,REFIT_103202,R4_ALT_CEM_1,H_POLICY,1,23,1,False,0,COMPLETE,R7_PREREGISTERED_STRESS_TEST_FRESH_CASES,False
pusht,R7_pusht_00385494fa0ca42f41a02dfc,REFIT_103202,R4_ALT_CEM_1,H_REAL3_REPLAN,1,23,1,False,0,COMPLETE,R7_PREREGISTERED_STRESS_TEST_FRESH_CASES,True
pusht,R7_pusht_00385494fa0ca42f41a02dfc,REFIT_103203,R4_ALT_CEM_1,H_POLICY,1,23,1,False,0,COMPLETE,R7_PREREGISTERED_STRESS_TEST_FRESH_CASES,False
pusht,R7_pusht_00385494fa0ca42f41a02dfc,REFIT_103203,R4_ALT_CEM_1,H_REAL3_REPLAN,1,23,1,False,0,COMPLETE,R7_PREREGISTERED_STRESS_TEST_FRESH_CASES,True
pusht,R7_pusht_0042dda916b148ca867dc9db,H0,R4_ALT_CEM_1,H_POLICY,1,25,1,False,0,COMPLETE,R7_PREREGISTERED_STRESS_TEST_FRESH_CASES,False
pusht,R7_pusht_0042dda916b148ca867dc9db,H0,R4_ALT_CEM_1,H_REAL3_REPLAN,1,25,1,False,0,COMPLETE,R7_PREREGISTERED_STRESS_TEST_FRESH_CASES,True
pusht,R7_pusht_0042dda916b148ca867dc9db,REFIT_103201,R4_ALT_CEM_1,H_POLICY,1,24,1,False,0,COMPLETE,R7_PREREGISTERED_STRESS_TEST_FRESH_CASES,False
pusht,R7_pusht_0042dda916b148ca867dc9db,REFIT_103201,R4_ALT_CEM_1,H_REAL3_REPLAN,1,24,1,False,0,COMPLETE,R7_PREREGISTERED_STRESS_TEST_FRESH_CASES,True
pusht,R7_pusht_0042dda916b148ca867dc9db,REFIT_103202,R4_ALT_CEM_1,H_POLICY,1,25,1,False,0,COMPLETE,R7_PREREGISTERED_STRESS_TEST_FRESH_CASES,False
pusht,R7_pusht_0042dda916b148ca867dc9db,REFIT_103202,R4_ALT_CEM_1,H_REAL3_REPLAN,1,25,1,False,0,COMPLETE,R7_PREREGISTERED_STRESS_TEST_FRESH_CASES,True
pusht,R7_pusht_0042dda916b148ca867dc9db,REFIT_103203,R4_ALT_CEM_1,H_POLICY,1,25,1,False,0,COMPLETE,R7_PREREGISTERED_STRESS_TEST_FRESH_CASES,False
pusht,R7_pusht_0042dda916b148ca867dc9db,REFIT_103203,R4_ALT_CEM_1,H_REAL3_REPLAN,1,25,1,False,0,COMPLETE,R7_PREREGISTERED_STRESS_TEST_FRESH_CASES,True
pusht,R7_pusht_00452403a951da87d435bfd7,H0,R4_ALT_CEM_1,H_POLICY,0,100,4,True,0,COMPLETE,R7_PREREGISTERED_STRESS_TEST_FRESH_CASES,False
pusht,R7_pusht_00452403a951da87d435bfd7,H0,R4_ALT_CEM_1,H_REAL3_REPLAN,0,100,4,True,0,COMPLETE,R7_PREREGISTERED_STRESS_TEST_FRESH_CASES,True
pusht,R7_pusht_00452403a951da87d435bfd7,REFIT_103201,R4_ALT_CEM_1,H_POLICY,0,100,4,True,0,COMPLETE,R7_PREREGISTERED_STRESS_TEST_FRESH_CASES,False
pusht,R7_pusht_00452403a951da87d435bfd7,REFIT_103201,R4_ALT_CEM_1,H_REAL3_REPLAN,0,100,4,True,0,COMPLETE,R7_PREREGISTERED_STRESS_TEST_FRESH_CASES,True
pusht,R7_pusht_00452403a951da87d435bfd7,REFIT_103202,R4_ALT_CEM_1,H_POLICY,0,100,4,True,0,COMPLETE,R7_PREREGISTERED_STRESS_TEST_FRESH_CASES,False
pusht,R7_pusht_00452403a951da87d435bfd7,REFIT_103202,R4_ALT_CEM_1,H_REAL3_REPLAN,0,100,4,True,0,COMPLETE,R7_PREREGISTERED_STRESS_TEST_FRESH_CASES,True
pusht,R7_pusht_00452403a951da87d435bfd7,REFIT_103203,R4_ALT_CEM_1,H_POLICY,0,100,4,True,0,COMPLETE,R7_PREREGISTERED_STRESS_TEST_FRESH_CASES,False
pusht,R7_pusht_00452403a951da87d435bfd7,REFIT_103203,R4_ALT_CEM_1,H_REAL3_REPLAN,0,100,4,True,0,COMPLETE,R7_PREREGISTERED_STRESS_TEST_FRESH_CASES,True
pusht,R7_pusht_004caf21971f78bee18ff833,H0,R4_ALT_CEM_1,H_POLICY,0,100,4,True,0,COMPLETE,R7_PREREGISTERED_STRESS_TEST_FRESH_CASES,False
pusht,R7_pusht_004caf21971f78bee18ff833,H0,R4_ALT_CEM_1,H_REAL3_REPLAN,0,100,4,True,0,COMPLETE,R7_PREREGISTERED_STRESS_TEST_FRESH_CASES,True
pusht,R7_pusht_004caf21971f78bee18ff833,REFIT_103201,R4_ALT_CEM_1,H_POLICY,0,100,4,True,0,COMPLETE,R7_PREREGISTERED_STRESS_TEST_FRESH_CASES,False
pusht,R7_pusht_004caf21971f78bee18ff833,REFIT_103201,R4_ALT_CEM_1,H_REAL3_REPLAN,0,100,4,True,0,COMPLETE,R7_PREREGISTERED_STRESS_TEST_FRESH_CASES,True
pusht,R7_pusht_004caf21971f78bee18ff833,REFIT_103202,R4_ALT_CEM_1,H_POLICY,0,100,4,True,0,COMPLETE,R7_PREREGISTERED_STRESS_TEST_FRESH_CASES,False
pusht,R7_pusht_004caf21971f78bee18ff833,REFIT_103202,R4_ALT_CEM_1,H_REAL3_REPLAN,0,100,4,True,0,COMPLETE,R7_PREREGISTERED_STRESS_TEST_FRESH_CASES,True
pusht,R7_pusht_004caf21971f78bee18ff833,REFIT_103203,R4_ALT_CEM_1,H_POLICY,0,100,4,True,0,COMPLETE,R7_PREREGISTERED_STRESS_TEST_FRESH_CASES,False
pusht,R7_pusht_004caf21971f78bee18ff833,REFIT_103203,R4_ALT_CEM_1,H_REAL3_REPLAN,0,100,4,True,0,COMPLETE,R7_PREREGISTERED_STRESS_TEST_FRESH_CASES,True
pusht,R7_pusht_00562cf36eb8ed212c7b86b0,H0,R4_ALT_CEM_1,H_POLICY,0,100,4,True,0,COMPLETE,R7_PREREGISTERED_STRESS_TEST_FRESH_CASES,False
pusht,R7_pusht_00562cf36eb8ed212c7b86b0,H0,R4_ALT_CEM_1,H_REAL3_REPLAN,0,100,4,True,0,COMPLETE,R7_PREREGISTERED_STRESS_TEST_FRESH_CASES,True
pusht,R7_pusht_00562cf36eb8ed212c7b86b0,REFIT_103201,R4_ALT_CEM_1,H_POLICY,0,100,4,True,0,COMPLETE,R7_PREREGISTERED_STRESS_TEST_FRESH_CASES,False
pusht,R7_pusht_00562cf36eb8ed212c7b86b0,REFIT_103201,R4_ALT_CEM_1,H_REAL3_REPLAN,0,100,4,True,0,COMPLETE,R7_PREREGISTERED_STRESS_TEST_FRESH_CASES,True
pusht,R7_pusht_00562cf36eb8ed212c7b86b0,REFIT_103202,R4_ALT_CEM_1,H_POLICY,0,100,4,True,0,COMPLETE,R7_PREREGISTERED_STRESS_TEST_FRESH_CASES,False
pusht,R7_pusht_00562cf36eb8ed212c7b86b0,REFIT_103202,R4_ALT_CEM_1,H_REAL3_REPLAN,0,100,4,True,0,COMPLETE,R7_PREREGISTERED_STRESS_TEST_FRESH_CASES,True
pusht,R7_pusht_00562cf36eb8ed212c7b86b0,REFIT_103203,R4_ALT_CEM_1,H_POLICY,0,100,4,True,0,COMPLETE,R7_PREREGISTERED_STRESS_TEST_FRESH_CASES,False
pusht,R7_pusht_00562cf36eb8ed212c7b86b0,REFIT_103203,R4_ALT_CEM_1,H_REAL3_REPLAN,0,100,4,True,0,COMPLETE,R7_PREREGISTERED_STRESS_TEST_FRESH_CASES,True
pusht,R7_pusht_005d0202e4b17ca5d3e8466e,H0,R4_ALT_CEM_1,H_POLICY,0,100,4,True,0,COMPLETE,R7_PREREGISTERED_STRESS_TEST_FRESH_CASES,False
pusht,R7_pusht_005d0202e4b17ca5d3e8466e,H0,R4_ALT_CEM_1,H_REAL3_REPLAN,0,100,4,True,0,COMPLETE,R7_PREREGISTERED_STRESS_TEST_FRESH_CASES,True
pusht,R7_pusht_005d0202e4b17ca5d3e8466e,REFIT_103201,R4_ALT_CEM_1,H_POLICY,0,100,4,True,0,COMPLETE,R7_PREREGISTERED_STRESS_TEST_FRESH_CASES,False
pusht,R7_pusht_005d0202e4b17ca5d3e8466e,REFIT_103201,R4_ALT_CEM_1,H_REAL3_REPLAN,0,100,4,True,0,COMPLETE,R7_PREREGISTERED_STRESS_TEST_FRESH_CASES,True
pusht,R7_pusht_005d0202e4b17ca5d3e8466e,REFIT_103202,R4_ALT_CEM_1,H_POLICY,0,100,4,True,0,COMPLETE,R7_PREREGISTERED_STRESS_TEST_FRESH_CASES,False
pusht,R7_pusht_005d0202e4b17ca5d3e8466e,REFIT_103202,R4_ALT_CEM_1,H_REAL3_REPLAN,0,100,4,True,0,COMPLETE,R7_PREREGISTERED_STRESS_TEST_FRESH_CASES,True
pusht,R7_pusht_005d0202e4b17ca5d3e8466e,REFIT_103203,R4_ALT_CEM_1,H_POLICY,0,100,4,True,0,COMPLETE,R7_PREREGISTERED_STRESS_TEST_FRESH_CASES,False
pusht,R7_pusht_005d0202e4b17ca5d3e8466e,REFIT_103203,R4_ALT_CEM_1,H_REAL3_REPLAN,0,100,4,True,0,COMPLETE,R7_PREREGISTERED_STRESS_TEST_FRESH_CASES,True
pusht,R7_pusht_005e362c13e1e1af781099f2,H0,R4_ALT_CEM_1,H_POLICY,0,100,4,True,0,COMPLETE,R7_PREREGISTERED_STRESS_TEST_FRESH_CASES,False
pusht,R7_pusht_005e362c13e1e1af781099f2,H0,R4_ALT_CEM_1,H_REAL3_REPLAN,0,100,4,True,0,COMPLETE,R7_PREREGISTERED_STRESS_TEST_FRESH_CASES,True
pusht,R7_pusht_005e362c13e1e1af781099f2,REFIT_103201,R4_ALT_CEM_1,H_POLICY,0,100,4,True,0,COMPLETE,R7_PREREGISTERED_STRESS_TEST_FRESH_CASES,False
pusht,R7_pusht_005e362c13e1e1af781099f2,REFIT_103201,R4_ALT_CEM_1,H_REAL3_REPLAN,0,100,4,True,0,COMPLETE,R7_PREREGISTERED_STRESS_TEST_FRESH_CASES,True
pusht,R7_pusht_005e362c13e1e1af781099f2,REFIT_103202,R4_ALT_CEM_1,H_POLICY,0,100,4,True,0,COMPLETE,R7_PREREGISTERED_STRESS_TEST_FRESH_CASES,False
pusht,R7_pusht_005e362c13e1e1af781099f2,REFIT_103202,R4_ALT_CEM_1,H_REAL3_REPLAN,0,100,4,True,0,COMPLETE,R7_PREREGISTERED_STRESS_TEST_FRESH_CASES,True
pusht,R7_pusht_005e362c13e1e1af781099f2,REFIT_103203,R4_ALT_CEM_1,H_POLICY,0,100,4,True,0,COMPLETE,R7_PREREGISTERED_STRESS_TEST_FRESH_CASES,False
pusht,R7_pusht_005e362c13e1e1af781099f2,REFIT_103203,R4_ALT_CEM_1,H_REAL3_REPLAN,0,100,4,True,0,COMPLETE,R7_PREREGISTERED_STRESS_TEST_FRESH_CASES,True
pusht,R7_pusht_0079e098440292d75fd85976,H0,R4_ALT_CEM_1,H_POLICY,1,48,2,True,0,COMPLETE,R7_PREREGISTERED_STRESS_TEST_FRESH_CASES,False
pusht,R7_pusht_0079e098440292d75fd85976,H0,R4_ALT_CEM_1,H_REAL3_REPLAN,1,49,2,True,0,COMPLETE,R7_PREREGISTERED_STRESS_TEST_FRESH_CASES,True
pusht,R7_pusht_0079e098440292d75fd85976,REFIT_103201,R4_ALT_CEM_1,H_POLICY,1,25,1,False,0,COMPLETE,R7_PREREGISTERED_STRESS_TEST_FRESH_CASES,False
pusht,R7_pusht_0079e098440292d75fd85976,REFIT_103201,R4_ALT_CEM_1,H_REAL3_REPLAN,1,25,1,False,0,COMPLETE,R7_PREREGISTERED_STRESS_TEST_FRESH_CASES,True
pusht,R7_pusht_0079e098440292d75fd85976,REFIT_103202,R4_ALT_CEM_1,H_POLICY,1,80,4,True,0,COMPLETE,R7_PREREGISTERED_STRESS_TEST_FRESH_CASES,False
pusht,R7_pusht_0079e098440292d75fd85976,REFIT_103202,R4_ALT_CEM_1,H_REAL3_REPLAN,1,27,2,True,0,COMPLETE,R7_PREREGISTERED_STRESS_TEST_FRESH_CASES,True
pusht,R7_pusht_0079e098440292d75fd85976,REFIT_103203,R4_ALT_CEM_1,H_POLICY,0,100,4,True,0,COMPLETE,R7_PREREGISTERED_STRESS_TEST_FRESH_CASES,False
pusht,R7_pusht_0079e098440292d75fd85976,REFIT_103203,R4_ALT_CEM_1,H_REAL3_REPLAN,0,100,4,True,0,COMPLETE,R7_PREREGISTERED_STRESS_TEST_FRESH_CASES,True
pusht,R7_pusht_0080bcbb5c5bef7fe04ab818,H0,R4_ALT_CEM_1,H_POLICY,1,23,1,False,0,COMPLETE,R7_PREREGISTERED_STRESS_TEST_FRESH_CASES,False
pusht,R7_pusht_0080bcbb5c5bef7fe04ab818,H0,R4_ALT_CEM_1,H_REAL3_REPLAN,1,23,1,False,0,COMPLETE,R7_PREREGISTERED_STRESS_TEST_FRESH_CASES,True
pusht,R7_pusht_0080bcbb5c5bef7fe04ab818,REFIT_103201,R4_ALT_CEM_1,H_POLICY,1,23,1,False,0,COMPLETE,R7_PREREGISTERED_STRESS_TEST_FRESH_CASES,False
pusht,R7_pusht_0080bcbb5c5bef7fe04ab818,REFIT_103201,R4_ALT_CEM_1,H_REAL3_REPLAN,1,23,1,False,0,COMPLETE,R7_PREREGISTERED_STRESS_TEST_FRESH_CASES,True
pusht,R7_pusht_0080bcbb5c5bef7fe04ab818,REFIT_103202,R4_ALT_CEM_1,H_POLICY,1,23,1,False,0,COMPLETE,R7_PREREGISTERED_STRESS_TEST_FRESH_CASES,False
pusht,R7_pusht_0080bcbb5c5bef7fe04ab818,REFIT_103202,R4_ALT_CEM_1,H_REAL3_REPLAN,1,23,1,False,0,COMPLETE,R7_PREREGISTERED_STRESS_TEST_FRESH_CASES,True
pusht,R7_pusht_0080bcbb5c5bef7fe04ab818,REFIT_103203,R4_ALT_CEM_1,H_POLICY,1,24,1,False,0,COMPLETE,R7_PREREGISTERED_STRESS_TEST_FRESH_CASES,False
pusht,R7_pusht_0080bcbb5c5bef7fe04ab818,REFIT_103203,R4_ALT_CEM_1,H_REAL3_REPLAN,1,24,1,False,0,COMPLETE,R7_PREREGISTERED_STRESS_TEST_FRESH_CASES,True
pusht,R7_pusht_0081bb23529acdfb0f569ccb,H0,R4_ALT_CEM_1,H_POLICY,0,100,4,True,0,COMPLETE,R7_PREREGISTERED_STRESS_TEST_FRESH_CASES,False
pusht,R7_pusht_0081bb23529acdfb0f569ccb,H0,R4_ALT_CEM_1,H_REAL3_REPLAN,0,100,4,True,0,COMPLETE,R7_PREREGISTERED_STRESS_TEST_FRESH_CASES,True
pusht,R7_pusht_0081bb23529acdfb0f569ccb,REFIT_103201,R4_ALT_CEM_1,H_POLICY,0,100,4,True,0,COMPLETE,R7_PREREGISTERED_STRESS_TEST_FRESH_CASES,False
pusht,R7_pusht_0081bb23529acdfb0f569ccb,REFIT_103201,R4_ALT_CEM_1,H_REAL3_REPLAN,0,100,4,True,0,COMPLETE,R7_PREREGISTERED_STRESS_TEST_FRESH_CASES,True
pusht,R7_pusht_0081bb23529acdfb0f569ccb,REFIT_103202,R4_ALT_CEM_1,H_POLICY,0,100,4,True,0,COMPLETE,R7_PREREGISTERED_STRESS_TEST_FRESH_CASES,False
pusht,R7_pusht_0081bb23529acdfb0f569ccb,REFIT_103202,R4_ALT_CEM_1,H_REAL3_REPLAN,0,100,4,True,0,COMPLETE,R7_PREREGISTERED_STRESS_TEST_FRESH_CASES,True
pusht,R7_pusht_0081bb23529acdfb0f569ccb,REFIT_103203,R4_ALT_CEM_1,H_POLICY,0,100,4,True,0,COMPLETE,R7_PREREGISTERED_STRESS_TEST_FRESH_CASES,False
pusht,R7_pusht_0081bb23529acdfb0f569ccb,REFIT_103203,R4_ALT_CEM_1,H_REAL3_REPLAN,0,100,4,True,0,COMPLETE,R7_PREREGISTERED_STRESS_TEST_FRESH_CASES,True
pusht,R7_pusht_0083db1f07731fb8348e4d59,H0,R4_ALT_CEM_1,H_POLICY,0,100,4,True,0,COMPLETE,R7_PREREGISTERED_STRESS_TEST_FRESH_CASES,False
pusht,R7_pusht_0083db1f07731fb8348e4d59,H0,R4_ALT_CEM_1,H_REAL3_REPLAN,0,100,4,True,0,COMPLETE,R7_PREREGISTERED_STRESS_TEST_FRESH_CASES,True
pusht,R7_pusht_0083db1f07731fb8348e4d59,REFIT_103201,R4_ALT_CEM_1,H_POLICY,0,100,4,True,0,COMPLETE,R7_PREREGISTERED_STRESS_TEST_FRESH_CASES,False
pusht,R7_pusht_0083db1f07731fb8348e4d59,REFIT_103201,R4_ALT_CEM_1,H_REAL3_REPLAN,0,100,4,True,0,COMPLETE,R7_PREREGISTERED_STRESS_TEST_FRESH_CASES,True
pusht,R7_pusht_0083db1f07731fb8348e4d59,REFIT_103202,R4_ALT_CEM_1,H_POLICY,0,100,4,True,0,COMPLETE,R7_PREREGISTERED_STRESS_TEST_FRESH_CASES,False
pusht,R7_pusht_0083db1f07731fb8348e4d59,REFIT_103202,R4_ALT_CEM_1,H_REAL3_REPLAN,0,100,4,True,0,COMPLETE,R7_PREREGISTERED_STRESS_TEST_FRESH_CASES,True
pusht,R7_pusht_0083db1f07731fb8348e4d59,REFIT_103203,R4_ALT_CEM_1,H_POLICY,0,100,4,True,0,COMPLETE,R7_PREREGISTERED_STRESS_TEST_FRESH_CASES,False
pusht,R7_pusht_0083db1f07731fb8348e4d59,REFIT_103203,R4_ALT_CEM_1,H_REAL3_REPLAN,0,100,4,True,0,COMPLETE,R7_PREREGISTERED_STRESS_TEST_FRESH_CASES,True
pusht,R7_pusht_00932de5945efd930ead293b,H0,R4_ALT_CEM_1,H_POLICY,0,100,4,True,0,COMPLETE,R7_PREREGISTERED_STRESS_TEST_FRESH_CASES,False
pusht,R7_pusht_00932de5945efd930ead293b,H0,R4_ALT_CEM_1,H_REAL3_REPLAN,0,100,4,True,0,COMPLETE,R7_PREREGISTERED_STRESS_TEST_FRESH_CASES,True
pusht,R7_pusht_00932de5945efd930ead293b,REFIT_103201,R4_ALT_CEM_1,H_POLICY,1,45,2,True,0,COMPLETE,R7_PREREGISTERED_STRESS_TEST_FRESH_CASES,False
pusht,R7_pusht_00932de5945efd930ead293b,REFIT_103201,R4_ALT_CEM_1,H_REAL3_REPLAN,1,28,2,True,0,COMPLETE,R7_PREREGISTERED_STRESS_TEST_FRESH_CASES,True
pusht,R7_pusht_00932de5945efd930ead293b,REFIT_103202,R4_ALT_CEM_1,H_POLICY,1,48,2,True,0,COMPLETE,R7_PREREGISTERED_STRESS_TEST_FRESH_CASES,False
pusht,R7_pusht_00932de5945efd930ead293b,REFIT_103202,R4_ALT_CEM_1,H_REAL3_REPLAN,1,45,2,True,0,COMPLETE,R7_PREREGISTERED_STRESS_TEST_FRESH_CASES,True
pusht,R7_pusht_00932de5945efd930ead293b,REFIT_103203,R4_ALT_CEM_1,H_POLICY,1,26,2,True,0,COMPLETE,R7_PREREGISTERED_STRESS_TEST_FRESH_CASES,False
pusht,R7_pusht_00932de5945efd930ead293b,REFIT_103203,R4_ALT_CEM_1,H_REAL3_REPLAN,1,49,2,True,0,COMPLETE,R7_PREREGISTERED_STRESS_TEST_FRESH_CASES,True
pusht,R7_pusht_00a7369b7c554e5d5578ed68,H0,R4_ALT_CEM_1,H_POLICY,0,100,4,True,0,COMPLETE,R7_PREREGISTERED_STRESS_TEST_FRESH_CASES,False
pusht,R7_pusht_00a7369b7c554e5d5578ed68,H0,R4_ALT_CEM_1,H_REAL3_REPLAN,0,100,4,True,0,COMPLETE,R7_PREREGISTERED_STRESS_TEST_FRESH_CASES,True
pusht,R7_pusht_00a7369b7c554e5d5578ed68,REFIT_103201,R4_ALT_CEM_1,H_POLICY,0,100,4,True,0,COMPLETE,R7_PREREGISTERED_STRESS_TEST_FRESH_CASES,False
pusht,R7_pusht_00a7369b7c554e5d5578ed68,REFIT_103201,R4_ALT_CEM_1,H_REAL3_REPLAN,0,100,4,True,0,COMPLETE,R7_PREREGISTERED_STRESS_TEST_FRESH_CASES,True
pusht,R7_pusht_00a7369b7c554e5d5578ed68,REFIT_103202,R4_ALT_CEM_1,H_POLICY,0,100,4,True,0,COMPLETE,R7_PREREGISTERED_STRESS_TEST_FRESH_CASES,False
pusht,R7_pusht_00a7369b7c554e5d5578ed68,REFIT_103202,R4_ALT_CEM_1,H_REAL3_REPLAN,0,100,4,True,0,COMPLETE,R7_PREREGISTERED_STRESS_TEST_FRESH_CASES,True
pusht,R7_pusht_00a7369b7c554e5d5578ed68,REFIT_103203,R4_ALT_CEM_1,H_POLICY,0,100,4,True,0,COMPLETE,R7_PREREGISTERED_STRESS_TEST_FRESH_CASES,False
pusht,R7_pusht_00a7369b7c554e5d5578ed68,REFIT_103203,R4_ALT_CEM_1,H_REAL3_REPLAN,0,100,4,True,0,COMPLETE,R7_PREREGISTERED_STRESS_TEST_FRESH_CASES,True
pusht,R7_pusht_00c17d97d2a90bd0e17264f0,H0,R4_ALT_CEM_1,H_POLICY,0,100,4,True,0,COMPLETE,R7_PREREGISTERED_STRESS_TEST_FRESH_CASES,False
pusht,R7_pusht_00c17d97d2a90bd0e17264f0,H0,R4_ALT_CEM_1,H_REAL3_REPLAN,0,100,4,True,0,COMPLETE,R7_PREREGISTERED_STRESS_TEST_FRESH_CASES,True
pusht,R7_pusht_00c17d97d2a90bd0e17264f0,REFIT_103201,R4_ALT_CEM_1,H_POLICY,0,100,4,True,0,COMPLETE,R7_PREREGISTERED_STRESS_TEST_FRESH_CASES,False
pusht,R7_pusht_00c17d97d2a90bd0e17264f0,REFIT_103201,R4_ALT_CEM_1,H_REAL3_REPLAN,0,100,4,True,0,COMPLETE,R7_PREREGISTERED_STRESS_TEST_FRESH_CASES,True
pusht,R7_pusht_00c17d97d2a90bd0e17264f0,REFIT_103202,R4_ALT_CEM_1,H_POLICY,0,100,4,True,0,COMPLETE,R7_PREREGISTERED_STRESS_TEST_FRESH_CASES,False
pusht,R7_pusht_00c17d97d2a90bd0e17264f0,REFIT_103202,R4_ALT_CEM_1,H_REAL3_REPLAN,0,100,4,True,0,COMPLETE,R7_PREREGISTERED_STRESS_TEST_FRESH_CASES,True
pusht,R7_pusht_00c17d97d2a90bd0e17264f0,REFIT_103203,R4_ALT_CEM_1,H_POLICY,0,100,4,True,0,COMPLETE,R7_PREREGISTERED_STRESS_TEST_FRESH_CASES,False
pusht,R7_pusht_00c17d97d2a90bd0e17264f0,REFIT_103203,R4_ALT_CEM_1,H_REAL3_REPLAN,0,100,4,True,0,COMPLETE,R7_PREREGISTERED_STRESS_TEST_FRESH_CASES,True
pusht,R7_pusht_00ee287d7ddc5e19c34c86e1,H0,R4_ALT_CEM_1,H_POLICY,0,100,4,True,0,COMPLETE,R7_PREREGISTERED_STRESS_TEST_FRESH_CASES,False
pusht,R7_pusht_00ee287d7ddc5e19c34c86e1,H0,R4_ALT_CEM_1,H_REAL3_REPLAN,0,100,4,True,0,COMPLETE,R7_PREREGISTERED_STRESS_TEST_FRESH_CASES,True
pusht,R7_pusht_00ee287d7ddc5e19c34c86e1,REFIT_103201,R4_ALT_CEM_1,H_POLICY,0,100,4,True,0,COMPLETE,R7_PREREGISTERED_STRESS_TEST_FRESH_CASES,False
pusht,R7_pusht_00ee287d7ddc5e19c34c86e1,REFIT_103201,R4_ALT_CEM_1,H_REAL3_REPLAN,0,100,4,True,0,COMPLETE,R7_PREREGISTERED_STRESS_TEST_FRESH_CASES,True
pusht,R7_pusht_00ee287d7ddc5e19c34c86e1,REFIT_103202,R4_ALT_CEM_1,H_POLICY,0,100,4,True,0,COMPLETE,R7_PREREGISTERED_STRESS_TEST_FRESH_CASES,False
pusht,R7_pusht_00ee287d7ddc5e19c34c86e1,REFIT_103202,R4_ALT_CEM_1,H_REAL3_REPLAN,0,100,4,True,0,COMPLETE,R7_PREREGISTERED_STRESS_TEST_FRESH_CASES,True
pusht,R7_pusht_00ee287d7ddc5e19c34c86e1,REFIT_103203,R4_ALT_CEM_1,H_POLICY,0,100,4,True,0,COMPLETE,R7_PREREGISTERED_STRESS_TEST_FRESH_CASES,False
pusht,R7_pusht_00ee287d7ddc5e19c34c86e1,REFIT_103203,R4_ALT_CEM_1,H_REAL3_REPLAN,0,100,4,True,0,COMPLETE,R7_PREREGISTERED_STRESS_TEST_FRESH_CASES,True
pusht,R7_pusht_0102782157fdff4c061c6da9,H0,R4_ALT_CEM_1,H_POLICY,1,38,2,True,0,COMPLETE,R7_PREREGISTERED_STRESS_TEST_FRESH_CASES,False
pusht,R7_pusht_0102782157fdff4c061c6da9,H0,R4_ALT_CEM_1,H_REAL3_REPLAN,1,33,2,True,0,COMPLETE,R7_PREREGISTERED_STRESS_TEST_FRESH_CASES,True
pusht,R7_pusht_0102782157fdff4c061c6da9,REFIT_103201,R4_ALT_CEM_1,H_POLICY,1,26,2,True,0,COMPLETE,R7_PREREGISTERED_STRESS_TEST_FRESH_CASES,False
pusht,R7_pusht_0102782157fdff4c061c6da9,REFIT_103201,R4_ALT_CEM_1,H_REAL3_REPLAN,1,26,2,True,0,COMPLETE,R7_PREREGISTERED_STRESS_TEST_FRESH_CASES,True
pusht,R7_pusht_0102782157fdff4c061c6da9,REFIT_103202,R4_ALT_CEM_1,H_POLICY,0,100,4,True,0,COMPLETE,R7_PREREGISTERED_STRESS_TEST_FRESH_CASES,False
pusht,R7_pusht_0102782157fdff4c061c6da9,REFIT_103202,R4_ALT_CEM_1,H_REAL3_REPLAN,0,100,4,True,0,COMPLETE,R7_PREREGISTERED_STRESS_TEST_FRESH_CASES,True
pusht,R7_pusht_0102782157fdff4c061c6da9,REFIT_103203,R4_ALT_CEM_1,H_POLICY,1,50,2,True,0,COMPLETE,R7_PREREGISTERED_STRESS_TEST_FRESH_CASES,False
pusht,R7_pusht_0102782157fdff4c061c6da9,REFIT_103203,R4_ALT_CEM_1,H_REAL3_REPLAN,1,50,2,True,0,COMPLETE,R7_PREREGISTERED_STRESS_TEST_FRESH_CASES,True
pusht,R7_pusht_0103c0c175f43738e25db3e4,H0,R4_ALT_CEM_1,H_POLICY,1,100,4,True,0,COMPLETE,R7_PREREGISTERED_STRESS_TEST_FRESH_CASES,False
pusht,R7_pusht_0103c0c175f43738e25db3e4,H0,R4_ALT_CEM_1,H_REAL3_REPLAN,1,75,3,True,0,COMPLETE,R7_PREREGISTERED_STRESS_TEST_FRESH_CASES,True
pusht,R7_pusht_0103c0c175f43738e25db3e4,REFIT_103201,R4_ALT_CEM_1,H_POLICY,0,100,4,True,0,COMPLETE,R7_PREREGISTERED_STRESS_TEST_FRESH_CASES,False
pusht,R7_pusht_0103c0c175f43738e25db3e4,REFIT_103201,R4_ALT_CEM_1,H_REAL3_REPLAN,0,100,4,True,0,COMPLETE,R7_PREREGISTERED_STRESS_TEST_FRESH_CASES,True
pusht,R7_pusht_0103c0c175f43738e25db3e4,REFIT_103202,R4_ALT_CEM_1,H_POLICY,0,100,4,True,0,COMPLETE,R7_PREREGISTERED_STRESS_TEST_FRESH_CASES,False
pusht,R7_pusht_0103c0c175f43738e25db3e4,REFIT_103202,R4_ALT_CEM_1,H_REAL3_REPLAN,0,100,4,True,0,COMPLETE,R7_PREREGISTERED_STRESS_TEST_FRESH_CASES,True
pusht,R7_pusht_0103c0c175f43738e25db3e4,REFIT_103203,R4_ALT_CEM_1,H_POLICY,1,50,2,True,0,COMPLETE,R7_PREREGISTERED_STRESS_TEST_FRESH_CASES,False
pusht,R7_pusht_0103c0c175f43738e25db3e4,REFIT_103203,R4_ALT_CEM_1,H_REAL3_REPLAN,1,50,2,True,0,COMPLETE,R7_PREREGISTERED_STRESS_TEST_FRESH_CASES,True
pusht,R7_pusht_0114d7350a4630342056b375,H0,R4_ALT_CEM_1,H_POLICY,0,100,4,True,0,COMPLETE,R7_PREREGISTERED_STRESS_TEST_FRESH_CASES,False
pusht,R7_pusht_0114d7350a4630342056b375,H0,R4_ALT_CEM_1,H_REAL3_REPLAN,0,100,4,True,0,COMPLETE,R7_PREREGISTERED_STRESS_TEST_FRESH_CASES,True
pusht,R7_pusht_0114d7350a4630342056b375,REFIT_103201,R4_ALT_CEM_1,H_POLICY,0,100,4,True,0,COMPLETE,R7_PREREGISTERED_STRESS_TEST_FRESH_CASES,False
pusht,R7_pusht_0114d7350a4630342056b375,REFIT_103201,R4_ALT_CEM_1,H_REAL3_REPLAN,0,100,4,True,0,COMPLETE,R7_PREREGISTERED_STRESS_TEST_FRESH_CASES,True
pusht,R7_pusht_0114d7350a4630342056b375,REFIT_103202,R4_ALT_CEM_1,H_POLICY,0,100,4,True,0,COMPLETE,R7_PREREGISTERED_STRESS_TEST_FRESH_CASES,False
pusht,R7_pusht_0114d7350a4630342056b375,REFIT_103202,R4_ALT_CEM_1,H_REAL3_REPLAN,0,100,4,True,0,COMPLETE,R7_PREREGISTERED_STRESS_TEST_FRESH_CASES,True
pusht,R7_pusht_0114d7350a4630342056b375,REFIT_103203,R4_ALT_CEM_1,H_POLICY,0,100,4,True,0,COMPLETE,R7_PREREGISTERED_STRESS_TEST_FRESH_CASES,False
pusht,R7_pusht_0114d7350a4630342056b375,REFIT_103203,R4_ALT_CEM_1,H_REAL3_REPLAN,0,100,4,True,0,COMPLETE,R7_PREREGISTERED_STRESS_TEST_FRESH_CASES,True
pusht,R7_pusht_011574665e032d9ca4ed79c6,H0,R4_ALT_CEM_1,H_POLICY,0,100,4,True,0,COMPLETE,R7_PREREGISTERED_STRESS_TEST_FRESH_CASES,False
pusht,R7_pusht_011574665e032d9ca4ed79c6,H0,R4_ALT_CEM_1,H_REAL3_REPLAN,0,100,4,True,0,COMPLETE,R7_PREREGISTERED_STRESS_TEST_FRESH_CASES,True
pusht,R7_pusht_011574665e032d9ca4ed79c6,REFIT_103201,R4_ALT_CEM_1,H_POLICY,0,100,4,True,0,COMPLETE,R7_PREREGISTERED_STRESS_TEST_FRESH_CASES,False
pusht,R7_pusht_011574665e032d9ca4ed79c6,REFIT_103201,R4_ALT_CEM_1,H_REAL3_REPLAN,0,100,4,True,0,COMPLETE,R7_PREREGISTERED_STRESS_TEST_FRESH_CASES,True
pusht,R7_pusht_011574665e032d9ca4ed79c6,REFIT_103202,R4_ALT_CEM_1,H_POLICY,0,100,4,True,0,COMPLETE,R7_PREREGISTERED_STRESS_TEST_FRESH_CASES,False
pusht,R7_pusht_011574665e032d9ca4ed79c6,REFIT_103202,R4_ALT_CEM_1,H_REAL3_REPLAN,0,100,4,True,0,COMPLETE,R7_PREREGISTERED_STRESS_TEST_FRESH_CASES,True
pusht,R7_pusht_011574665e032d9ca4ed79c6,REFIT_103203,R4_ALT_CEM_1,H_POLICY,0,100,4,True,0,COMPLETE,R7_PREREGISTERED_STRESS_TEST_FRESH_CASES,False
pusht,R7_pusht_011574665e032d9ca4ed79c6,REFIT_103203,R4_ALT_CEM_1,H_REAL3_REPLAN,0,100,4,True,0,COMPLETE,R7_PREREGISTERED_STRESS_TEST_FRESH_CASES,True
pusht,R7_pusht_0123b71e8814b0b6fbe9fed3,H0,R4_ALT_CEM_1,H_POLICY,0,100,4,True,0,COMPLETE,R7_PREREGISTERED_STRESS_TEST_FRESH_CASES,False
pusht,R7_pusht_0123b71e8814b0b6fbe9fed3,H0,R4_ALT_CEM_1,H_REAL3_REPLAN,0,100,4,True,0,COMPLETE,R7_PREREGISTERED_STRESS_TEST_FRESH_CASES,True
pusht,R7_pusht_0123b71e8814b0b6fbe9fed3,REFIT_103201,R4_ALT_CEM_1,H_POLICY,0,100,4,True,0,COMPLETE,R7_PREREGISTERED_STRESS_TEST_FRESH_CASES,False
pusht,R7_pusht_0123b71e8814b0b6fbe9fed3,REFIT_103201,R4_ALT_CEM_1,H_REAL3_REPLAN,0,100,4,True,0,COMPLETE,R7_PREREGISTERED_STRESS_TEST_FRESH_CASES,True
pusht,R7_pusht_0123b71e8814b0b6fbe9fed3,REFIT_103202,R4_ALT_CEM_1,H_POLICY,0,100,4,True,0,COMPLETE,R7_PREREGISTERED_STRESS_TEST_FRESH_CASES,False
pusht,R7_pusht_0123b71e8814b0b6fbe9fed3,REFIT_103202,R4_ALT_CEM_1,H_REAL3_REPLAN,0,100,4,True,0,COMPLETE,R7_PREREGISTERED_STRESS_TEST_FRESH_CASES,True
pusht,R7_pusht_0123b71e8814b0b6fbe9fed3,REFIT_103203,R4_ALT_CEM_1,H_POLICY,0,100,4,True,0,COMPLETE,R7_PREREGISTERED_STRESS_TEST_FRESH_CASES,False
pusht,R7_pusht_0123b71e8814b0b6fbe9fed3,REFIT_103203,R4_ALT_CEM_1,H_REAL3_REPLAN,0,100,4,True,0,COMPLETE,R7_PREREGISTERED_STRESS_TEST_FRESH_CASES,True
pusht,R7_pusht_01383ba7c0041d49d5549e5e,H0,R4_ALT_CEM_1,H_POLICY,0,100,4,True,0,COMPLETE,R7_PREREGISTERED_STRESS_TEST_FRESH_CASES,False
pusht,R7_pusht_01383ba7c0041d49d5549e5e,H0,R4_ALT_CEM_1,H_REAL3_REPLAN,0,100,4,True,0,COMPLETE,R7_PREREGISTERED_STRESS_TEST_FRESH_CASES,True
pusht,R7_pusht_01383ba7c0041d49d5549e5e,REFIT_103201,R4_ALT_CEM_1,H_POLICY,1,74,3,True,0,COMPLETE,R7_PREREGISTERED_STRESS_TEST_FRESH_CASES,False
pusht,R7_pusht_01383ba7c0041d49d5549e5e,REFIT_103201,R4_ALT_CEM_1,H_REAL3_REPLAN,1,70,3,True,0,COMPLETE,R7_PREREGISTERED_STRESS_TEST_FRESH_CASES,True
pusht,R7_pusht_01383ba7c0041d49d5549e5e,REFIT_103202,R4_ALT_CEM_1,H_POLICY,1,73,3,True,0,COMPLETE,R7_PREREGISTERED_STRESS_TEST_FRESH_CASES,False
pusht,R7_pusht_01383ba7c0041d49d5549e5e,REFIT_103202,R4_ALT_CEM_1,H_REAL3_REPLAN,0,100,4,True,0,COMPLETE,R7_PREREGISTERED_STRESS_TEST_FRESH_CASES,True
pusht,R7_pusht_01383ba7c0041d49d5549e5e,REFIT_103203,R4_ALT_CEM_1,H_POLICY,0,100,4,True,0,COMPLETE,R7_PREREGISTERED_STRESS_TEST_FRESH_CASES,False
pusht,R7_pusht_01383ba7c0041d49d5549e5e,REFIT_103203,R4_ALT_CEM_1,H_REAL3_REPLAN,0,100,4,True,0,COMPLETE,R7_PREREGISTERED_STRESS_TEST_FRESH_CASES,True
pusht,R7_pusht_0138e59625641fe9c63255fd,H0,R4_ALT_CEM_1,H_POLICY,1,25,1,False,0,COMPLETE,R7_PREREGISTERED_STRESS_TEST_FRESH_CASES,False
pusht,R7_pusht_0138e59625641fe9c63255fd,H0,R4_ALT_CEM_1,H_REAL3_REPLAN,1,25,1,False,0,COMPLETE,R7_PREREGISTERED_STRESS_TEST_FRESH_CASES,True
pusht,R7_pusht_0138e59625641fe9c63255fd,REFIT_103201,R4_ALT_CEM_1,H_POLICY,1,75,3,True,0,COMPLETE,R7_PREREGISTERED_STRESS_TEST_FRESH_CASES,False
pusht,R7_pusht_0138e59625641fe9c63255fd,REFIT_103201,R4_ALT_CEM_1,H_REAL3_REPLAN,1,74,3,True,0,COMPLETE,R7_PREREGISTERED_STRESS_TEST_FRESH_CASES,True
pusht,R7_pusht_0138e59625641fe9c63255fd,REFIT_103202,R4_ALT_CEM_1,H_POLICY,0,100,4,True,0,COMPLETE,R7_PREREGISTERED_STRESS_TEST_FRESH_CASES,False
pusht,R7_pusht_0138e59625641fe9c63255fd,REFIT_103202,R4_ALT_CEM_1,H_REAL3_REPLAN,0,100,4,True,0,COMPLETE,R7_PREREGISTERED_STRESS_TEST_FRESH_CASES,True
pusht,R7_pusht_0138e59625641fe9c63255fd,REFIT_103203,R4_ALT_CEM_1,H_POLICY,0,100,4,True,0,COMPLETE,R7_PREREGISTERED_STRESS_TEST_FRESH_CASES,False
pusht,R7_pusht_0138e59625641fe9c63255fd,REFIT_103203,R4_ALT_CEM_1,H_REAL3_REPLAN,0,100,4,True,0,COMPLETE,R7_PREREGISTERED_STRESS_TEST_FRESH_CASES,True
pusht,R7_pusht_014346343fb1f4266dd2189e,H0,R4_ALT_CEM_1,H_POLICY,0,100,4,True,0,COMPLETE,R7_PREREGISTERED_STRESS_TEST_FRESH_CASES,False
pusht,R7_pusht_014346343fb1f4266dd2189e,H0,R4_ALT_CEM_1,H_REAL3_REPLAN,0,100,4,True,0,COMPLETE,R7_PREREGISTERED_STRESS_TEST_FRESH_CASES,True
pusht,R7_pusht_014346343fb1f4266dd2189e,REFIT_103201,R4_ALT_CEM_1,H_POLICY,0,100,4,True,0,COMPLETE,R7_PREREGISTERED_STRESS_TEST_FRESH_CASES,False
pusht,R7_pusht_014346343fb1f4266dd2189e,REFIT_103201,R4_ALT_CEM_1,H_REAL3_REPLAN,0,100,4,True,0,COMPLETE,R7_PREREGISTERED_STRESS_TEST_FRESH_CASES,True
pusht,R7_pusht_014346343fb1f4266dd2189e,REFIT_103202,R4_ALT_CEM_1,H_POLICY,0,100,4,True,0,COMPLETE,R7_PREREGISTERED_STRESS_TEST_FRESH_CASES,False
pusht,R7_pusht_014346343fb1f4266dd2189e,REFIT_103202,R4_ALT_CEM_1,H_REAL3_REPLAN,0,100,4,True,0,COMPLETE,R7_PREREGISTERED_STRESS_TEST_FRESH_CASES,True
pusht,R7_pusht_014346343fb1f4266dd2189e,REFIT_103203,R4_ALT_CEM_1,H_POLICY,0,100,4,True,0,COMPLETE,R7_PREREGISTERED_STRESS_TEST_FRESH_CASES,False
pusht,R7_pusht_014346343fb1f4266dd2189e,REFIT_103203,R4_ALT_CEM_1,H_REAL3_REPLAN,0,100,4,True,0,COMPLETE,R7_PREREGISTERED_STRESS_TEST_FRESH_CASES,True
pusht,R7_pusht_015cd0dd0513717d24afb716,H0,R4_ALT_CEM_1,H_POLICY,0,100,4,True,0,COMPLETE,R7_PREREGISTERED_STRESS_TEST_FRESH_CASES,False
pusht,R7_pusht_015cd0dd0513717d24afb716,H0,R4_ALT_CEM_1,H_REAL3_REPLAN,0,100,4,True,0,COMPLETE,R7_PREREGISTERED_STRESS_TEST_FRESH_CASES,True
pusht,R7_pusht_015cd0dd0513717d24afb716,REFIT_103201,R4_ALT_CEM_1,H_POLICY,0,100,4,True,0,COMPLETE,R7_PREREGISTERED_STRESS_TEST_FRESH_CASES,False
pusht,R7_pusht_015cd0dd0513717d24afb716,REFIT_103201,R4_ALT_CEM_1,H_REAL3_REPLAN,0,100,4,True,0,COMPLETE,R7_PREREGISTERED_STRESS_TEST_FRESH_CASES,True
pusht,R7_pusht_015cd0dd0513717d24afb716,REFIT_103202,R4_ALT_CEM_1,H_POLICY,0,100,4,True,0,COMPLETE,R7_PREREGISTERED_STRESS_TEST_FRESH_CASES,False
pusht,R7_pusht_015cd0dd0513717d24afb716,REFIT_103202,R4_ALT_CEM_1,H_REAL3_REPLAN,0,100,4,True,0,COMPLETE,R7_PREREGISTERED_STRESS_TEST_FRESH_CASES,True
pusht,R7_pusht_015cd0dd0513717d24afb716,REFIT_103203,R4_ALT_CEM_1,H_POLICY,0,100,4,True,0,COMPLETE,R7_PREREGISTERED_STRESS_TEST_FRESH_CASES,False
pusht,R7_pusht_015cd0dd0513717d24afb716,REFIT_103203,R4_ALT_CEM_1,H_REAL3_REPLAN,0,100,4,True,0,COMPLETE,R7_PREREGISTERED_STRESS_TEST_FRESH_CASES,True
pusht,R7_pusht_015e78cbf575a7cc72c030de,H0,R4_ALT_CEM_1,H_POLICY,1,25,1,False,0,COMPLETE,R7_PREREGISTERED_STRESS_TEST_FRESH_CASES,False
pusht,R7_pusht_015e78cbf575a7cc72c030de,H0,R4_ALT_CEM_1,H_REAL3_REPLAN,1,25,1,False,0,COMPLETE,R7_PREREGISTERED_STRESS_TEST_FRESH_CASES,True
pusht,R7_pusht_015e78cbf575a7cc72c030de,REFIT_103201,R4_ALT_CEM_1,H_POLICY,1,50,2,True,0,COMPLETE,R7_PREREGISTERED_STRESS_TEST_FRESH_CASES,False
pusht,R7_pusht_015e78cbf575a7cc72c030de,REFIT_103201,R4_ALT_CEM_1,H_REAL3_REPLAN,1,50,2,True,0,COMPLETE,R7_PREREGISTERED_STRESS_TEST_FRESH_CASES,True
pusht,R7_pusht_015e78cbf575a7cc72c030de,REFIT_103202,R4_ALT_CEM_1,H_POLICY,0,100,4,True,0,COMPLETE,R7_PREREGISTERED_STRESS_TEST_FRESH_CASES,False
pusht,R7_pusht_015e78cbf575a7cc72c030de,REFIT_103202,R4_ALT_CEM_1,H_REAL3_REPLAN,0,100,4,True,0,COMPLETE,R7_PREREGISTERED_STRESS_TEST_FRESH_CASES,True
pusht,R7_pusht_015e78cbf575a7cc72c030de,REFIT_103203,R4_ALT_CEM_1,H_POLICY,0,100,4,True,0,COMPLETE,R7_PREREGISTERED_STRESS_TEST_FRESH_CASES,False
pusht,R7_pusht_015e78cbf575a7cc72c030de,REFIT_103203,R4_ALT_CEM_1,H_REAL3_REPLAN,0,100,4,True,0,COMPLETE,R7_PREREGISTERED_STRESS_TEST_FRESH_CASES,True
pusht,R7_pusht_016f5480427d323b43c9f79b,H0,R4_ALT_CEM_1,H_POLICY,0,100,4,True,0,COMPLETE,R7_PREREGISTERED_STRESS_TEST_FRESH_CASES,False
pusht,R7_pusht_016f5480427d323b43c9f79b,H0,R4_ALT_CEM_1,H_REAL3_REPLAN,0,100,4,True,0,COMPLETE,R7_PREREGISTERED_STRESS_TEST_FRESH_CASES,True
pusht,R7_pusht_016f5480427d323b43c9f79b,REFIT_103201,R4_ALT_CEM_1,H_POLICY,0,100,4,True,0,COMPLETE,R7_PREREGISTERED_STRESS_TEST_FRESH_CASES,False
pusht,R7_pusht_016f5480427d323b43c9f79b,REFIT_103201,R4_ALT_CEM_1,H_REAL3_REPLAN,0,100,4,True,0,COMPLETE,R7_PREREGISTERED_STRESS_TEST_FRESH_CASES,True
pusht,R7_pusht_016f5480427d323b43c9f79b,REFIT_103202,R4_ALT_CEM_1,H_POLICY,1,76,4,True,0,COMPLETE,R7_PREREGISTERED_STRESS_TEST_FRESH_CASES,False
pusht,R7_pusht_016f5480427d323b43c9f79b,REFIT_103202,R4_ALT_CEM_1,H_REAL3_REPLAN,1,50,2,True,0,COMPLETE,R7_PREREGISTERED_STRESS_TEST_FRESH_CASES,True
pusht,R7_pusht_016f5480427d323b43c9f79b,REFIT_103203,R4_ALT_CEM_1,H_POLICY,0,100,4,True,0,COMPLETE,R7_PREREGISTERED_STRESS_TEST_FRESH_CASES,False
pusht,R7_pusht_016f5480427d323b43c9f79b,REFIT_103203,R4_ALT_CEM_1,H_REAL3_REPLAN,0,100,4,True,0,COMPLETE,R7_PREREGISTERED_STRESS_TEST_FRESH_CASES,True
pusht,R7_pusht_01770b6187dbaebe65e50d49,H0,R4_ALT_CEM_1,H_POLICY,0,100,4,True,0,COMPLETE,R7_PREREGISTERED_STRESS_TEST_FRESH_CASES,False
pusht,R7_pusht_01770b6187dbaebe65e50d49,H0,R4_ALT_CEM_1,H_REAL3_REPLAN,1,49,2,True,0,COMPLETE,R7_PREREGISTERED_STRESS_TEST_FRESH_CASES,True
pusht,R7_pusht_01770b6187dbaebe65e50d49,REFIT_103201,R4_ALT_CEM_1,H_POLICY,0,100,4,True,0,COMPLETE,R7_PREREGISTERED_STRESS_TEST_FRESH_CASES,False
pusht,R7_pusht_01770b6187dbaebe65e50d49,REFIT_103201,R4_ALT_CEM_1,H_REAL3_REPLAN,0,100,4,True,0,COMPLETE,R7_PREREGISTERED_STRESS_TEST_FRESH_CASES,True
pusht,R7_pusht_01770b6187dbaebe65e50d49,REFIT_103202,R4_ALT_CEM_1,H_POLICY,0,100,4,True,0,COMPLETE,R7_PREREGISTERED_STRESS_TEST_FRESH_CASES,False
pusht,R7_pusht_01770b6187dbaebe65e50d49,REFIT_103202,R4_ALT_CEM_1,H_REAL3_REPLAN,0,100,4,True,0,COMPLETE,R7_PREREGISTERED_STRESS_TEST_FRESH_CASES,True
pusht,R7_pusht_01770b6187dbaebe65e50d49,REFIT_103203,R4_ALT_CEM_1,H_POLICY,0,100,4,True,0,COMPLETE,R7_PREREGISTERED_STRESS_TEST_FRESH_CASES,False
pusht,R7_pusht_01770b6187dbaebe65e50d49,REFIT_103203,R4_ALT_CEM_1,H_REAL3_REPLAN,0,100,4,True,0,COMPLETE,R7_PREREGISTERED_STRESS_TEST_FRESH_CASES,True
pusht,R7_pusht_0188cf2966a1d8f1966c3648,H0,R4_ALT_CEM_1,H_POLICY,0,100,4,True,0,COMPLETE,R7_PREREGISTERED_STRESS_TEST_FRESH_CASES,False
pusht,R7_pusht_0188cf2966a1d8f1966c3648,H0,R4_ALT_CEM_1,H_REAL3_REPLAN,0,100,4,True,0,COMPLETE,R7_PREREGISTERED_STRESS_TEST_FRESH_CASES,True
pusht,R7_pusht_0188cf2966a1d8f1966c3648,REFIT_103201,R4_ALT_CEM_1,H_POLICY,0,100,4,True,0,COMPLETE,R7_PREREGISTERED_STRESS_TEST_FRESH_CASES,False
pusht,R7_pusht_0188cf2966a1d8f1966c3648,REFIT_103201,R4_ALT_CEM_1,H_REAL3_REPLAN,0,100,4,True,0,COMPLETE,R7_PREREGISTERED_STRESS_TEST_FRESH_CASES,True
pusht,R7_pusht_0188cf2966a1d8f1966c3648,REFIT_103202,R4_ALT_CEM_1,H_POLICY,0,100,4,True,0,COMPLETE,R7_PREREGISTERED_STRESS_TEST_FRESH_CASES,False
pusht,R7_pusht_0188cf2966a1d8f1966c3648,REFIT_103202,R4_ALT_CEM_1,H_REAL3_REPLAN,0,100,4,True,0,COMPLETE,R7_PREREGISTERED_STRESS_TEST_FRESH_CASES,True
pusht,R7_pusht_0188cf2966a1d8f1966c3648,REFIT_103203,R4_ALT_CEM_1,H_POLICY,0,100,4,True,0,COMPLETE,R7_PREREGISTERED_STRESS_TEST_FRESH_CASES,False
pusht,R7_pusht_0188cf2966a1d8f1966c3648,REFIT_103203,R4_ALT_CEM_1,H_REAL3_REPLAN,0,100,4,True,0,COMPLETE,R7_PREREGISTERED_STRESS_TEST_FRESH_CASES,True
pusht,R7_pusht_01a13d528f52fc1e1cec3d02,H0,R4_ALT_CEM_1,H_POLICY,0,100,4,True,0,COMPLETE,R7_PREREGISTERED_STRESS_TEST_FRESH_CASES,False
pusht,R7_pusht_01a13d528f52fc1e1cec3d02,H0,R4_ALT_CEM_1,H_REAL3_REPLAN,0,100,4,True,0,COMPLETE,R7_PREREGISTERED_STRESS_TEST_FRESH_CASES,True
pusht,R7_pusht_01a13d528f52fc1e1cec3d02,REFIT_103201,R4_ALT_CEM_1,H_POLICY,1,26,2,True,0,COMPLETE,R7_PREREGISTERED_STRESS_TEST_FRESH_CASES,False
pusht,R7_pusht_01a13d528f52fc1e1cec3d02,REFIT_103201,R4_ALT_CEM_1,H_REAL3_REPLAN,1,26,2,True,0,COMPLETE,R7_PREREGISTERED_STRESS_TEST_FRESH_CASES,True
pusht,R7_pusht_01a13d528f52fc1e1cec3d02,REFIT_103202,R4_ALT_CEM_1,H_POLICY,1,25,1,False,0,COMPLETE,R7_PREREGISTERED_STRESS_TEST_FRESH_CASES,False
pusht,R7_pusht_01a13d528f52fc1e1cec3d02,REFIT_103202,R4_ALT_CEM_1,H_REAL3_REPLAN,1,25,1,False,0,COMPLETE,R7_PREREGISTERED_STRESS_TEST_FRESH_CASES,True
pusht,R7_pusht_01a13d528f52fc1e1cec3d02,REFIT_103203,R4_ALT_CEM_1,H_POLICY,1,25,1,False,0,COMPLETE,R7_PREREGISTERED_STRESS_TEST_FRESH_CASES,False
pusht,R7_pusht_01a13d528f52fc1e1cec3d02,REFIT_103203,R4_ALT_CEM_1,H_REAL3_REPLAN,1,25,1,False,0,COMPLETE,R7_PREREGISTERED_STRESS_TEST_FRESH_CASES,True
pusht,R7_pusht_01a4eaf6e0f4c63e0d83704c,H0,R4_ALT_CEM_1,H_POLICY,0,100,4,True,0,COMPLETE,R7_PREREGISTERED_STRESS_TEST_FRESH_CASES,False
pusht,R7_pusht_01a4eaf6e0f4c63e0d83704c,H0,R4_ALT_CEM_1,H_REAL3_REPLAN,0,100,4,True,0,COMPLETE,R7_PREREGISTERED_STRESS_TEST_FRESH_CASES,True
pusht,R7_pusht_01a4eaf6e0f4c63e0d83704c,REFIT_103201,R4_ALT_CEM_1,H_POLICY,0,100,4,True,0,COMPLETE,R7_PREREGISTERED_STRESS_TEST_FRESH_CASES,False
pusht,R7_pusht_01a4eaf6e0f4c63e0d83704c,REFIT_103201,R4_ALT_CEM_1,H_REAL3_REPLAN,0,100,4,True,0,COMPLETE,R7_PREREGISTERED_STRESS_TEST_FRESH_CASES,True
pusht,R7_pusht_01a4eaf6e0f4c63e0d83704c,REFIT_103202,R4_ALT_CEM_1,H_POLICY,0,100,4,True,0,COMPLETE,R7_PREREGISTERED_STRESS_TEST_FRESH_CASES,False
pusht,R7_pusht_01a4eaf6e0f4c63e0d83704c,REFIT_103202,R4_ALT_CEM_1,H_REAL3_REPLAN,1,64,3,True,0,COMPLETE,R7_PREREGISTERED_STRESS_TEST_FRESH_CASES,True
pusht,R7_pusht_01a4eaf6e0f4c63e0d83704c,REFIT_103203,R4_ALT_CEM_1,H_POLICY,1,72,3,True,0,COMPLETE,R7_PREREGISTERED_STRESS_TEST_FRESH_CASES,False
pusht,R7_pusht_01a4eaf6e0f4c63e0d83704c,REFIT_103203,R4_ALT_CEM_1,H_REAL3_REPLAN,0,100,4,True,0,COMPLETE,R7_PREREGISTERED_STRESS_TEST_FRESH_CASES,True
pusht,R7_pusht_01c260920871834194a07faa,H0,R4_ALT_CEM_1,H_POLICY,0,100,4,True,0,COMPLETE,R7_PREREGISTERED_STRESS_TEST_FRESH_CASES,False
pusht,R7_pusht_01c260920871834194a07faa,H0,R4_ALT_CEM_1,H_REAL3_REPLAN,0,100,4,True,0,COMPLETE,R7_PREREGISTERED_STRESS_TEST_FRESH_CASES,True
pusht,R7_pusht_01c260920871834194a07faa,REFIT_103201,R4_ALT_CEM_1,H_POLICY,0,100,4,True,0,COMPLETE,R7_PREREGISTERED_STRESS_TEST_FRESH_CASES,False
pusht,R7_pusht_01c260920871834194a07faa,REFIT_103201,R4_ALT_CEM_1,H_REAL3_REPLAN,0,100,4,True,0,COMPLETE,R7_PREREGISTERED_STRESS_TEST_FRESH_CASES,True
pusht,R7_pusht_01c260920871834194a07faa,REFIT_103202,R4_ALT_CEM_1,H_POLICY,0,100,4,True,0,COMPLETE,R7_PREREGISTERED_STRESS_TEST_FRESH_CASES,False
pusht,R7_pusht_01c260920871834194a07faa,REFIT_103202,R4_ALT_CEM_1,H_REAL3_REPLAN,0,100,4,True,0,COMPLETE,R7_PREREGISTERED_STRESS_TEST_FRESH_CASES,True
pusht,R7_pusht_01c260920871834194a07faa,REFIT_103203,R4_ALT_CEM_1,H_POLICY,0,100,4,True,0,COMPLETE,R7_PREREGISTERED_STRESS_TEST_FRESH_CASES,False
pusht,R7_pusht_01c260920871834194a07faa,REFIT_103203,R4_ALT_CEM_1,H_REAL3_REPLAN,0,100,4,True,0,COMPLETE,R7_PREREGISTERED_STRESS_TEST_FRESH_CASES,True
pusht,R7_pusht_01d2018d3e40b613fd19eee4,H0,R4_ALT_CEM_1,H_POLICY,1,24,1,False,0,COMPLETE,R7_PREREGISTERED_STRESS_TEST_FRESH_CASES,False
pusht,R7_pusht_01d2018d3e40b613fd19eee4,H0,R4_ALT_CEM_1,H_REAL3_REPLAN,1,24,1,False,0,COMPLETE,R7_PREREGISTERED_STRESS_TEST_FRESH_CASES,True
pusht,R7_pusht_01d2018d3e40b613fd19eee4,REFIT_103201,R4_ALT_CEM_1,H_POLICY,1,23,1,False,0,COMPLETE,R7_PREREGISTERED_STRESS_TEST_FRESH_CASES,False
pusht,R7_pusht_01d2018d3e40b613fd19eee4,REFIT_103201,R4_ALT_CEM_1,H_REAL3_REPLAN,1,23,1,False,0,COMPLETE,R7_PREREGISTERED_STRESS_TEST_FRESH_CASES,True
pusht,R7_pusht_01d2018d3e40b613fd19eee4,REFIT_103202,R4_ALT_CEM_1,H_POLICY,1,30,2,True,0,COMPLETE,R7_PREREGISTERED_STRESS_TEST_FRESH_CASES,False
pusht,R7_pusht_01d2018d3e40b613fd19eee4,REFIT_103202,R4_ALT_CEM_1,H_REAL3_REPLAN,1,55,3,True,0,COMPLETE,R7_PREREGISTERED_STRESS_TEST_FRESH_CASES,True
pusht,R7_pusht_01d2018d3e40b613fd19eee4,REFIT_103203,R4_ALT_CEM_1,H_POLICY,1,26,2,True,0,COMPLETE,R7_PREREGISTERED_STRESS_TEST_FRESH_CASES,False
pusht,R7_pusht_01d2018d3e40b613fd19eee4,REFIT_103203,R4_ALT_CEM_1,H_REAL3_REPLAN,1,72,3,True,0,COMPLETE,R7_PREREGISTERED_STRESS_TEST_FRESH_CASES,True
pusht,R7_pusht_01d4eccab5279f50795139cf,H0,R4_ALT_CEM_1,H_POLICY,0,100,4,True,0,COMPLETE,R7_PREREGISTERED_STRESS_TEST_FRESH_CASES,False
pusht,R7_pusht_01d4eccab5279f50795139cf,H0,R4_ALT_CEM_1,H_REAL3_REPLAN,0,100,4,True,0,COMPLETE,R7_PREREGISTERED_STRESS_TEST_FRESH_CASES,True
pusht,R7_pusht_01d4eccab5279f50795139cf,REFIT_103201,R4_ALT_CEM_1,H_POLICY,0,100,4,True,0,COMPLETE,R7_PREREGISTERED_STRESS_TEST_FRESH_CASES,False
pusht,R7_pusht_01d4eccab5279f50795139cf,REFIT_103201,R4_ALT_CEM_1,H_REAL3_REPLAN,0,100,4,True,0,COMPLETE,R7_PREREGISTERED_STRESS_TEST_FRESH_CASES,True
pusht,R7_pusht_01d4eccab5279f50795139cf,REFIT_103202,R4_ALT_CEM_1,H_POLICY,0,100,4,True,0,COMPLETE,R7_PREREGISTERED_STRESS_TEST_FRESH_CASES,False
pusht,R7_pusht_01d4eccab5279f50795139cf,REFIT_103202,R4_ALT_CEM_1,H_REAL3_REPLAN,0,100,4,True,0,COMPLETE,R7_PREREGISTERED_STRESS_TEST_FRESH_CASES,True
pusht,R7_pusht_01d4eccab5279f50795139cf,REFIT_103203,R4_ALT_CEM_1,H_POLICY,0,100,4,True,0,COMPLETE,R7_PREREGISTERED_STRESS_TEST_FRESH_CASES,False
pusht,R7_pusht_01d4eccab5279f50795139cf,REFIT_103203,R4_ALT_CEM_1,H_REAL3_REPLAN,0,100,4,True,0,COMPLETE,R7_PREREGISTERED_STRESS_TEST_FRESH_CASES,True
pusht,R7_pusht_01e5f08d624ac0bc6fe6a71d,H0,R4_ALT_CEM_1,H_POLICY,0,100,4,True,0,COMPLETE,R7_PREREGISTERED_STRESS_TEST_FRESH_CASES,False
pusht,R7_pusht_01e5f08d624ac0bc6fe6a71d,H0,R4_ALT_CEM_1,H_REAL3_REPLAN,0,100,4,True,0,COMPLETE,R7_PREREGISTERED_STRESS_TEST_FRESH_CASES,True
pusht,R7_pusht_01e5f08d624ac0bc6fe6a71d,REFIT_103201,R4_ALT_CEM_1,H_POLICY,1,48,2,True,0,COMPLETE,R7_PREREGISTERED_STRESS_TEST_FRESH_CASES,False
pusht,R7_pusht_01e5f08d624ac0bc6fe6a71d,REFIT_103201,R4_ALT_CEM_1,H_REAL3_REPLAN,1,44,2,True,0,COMPLETE,R7_PREREGISTERED_STRESS_TEST_FRESH_CASES,True
pusht,R7_pusht_01e5f08d624ac0bc6fe6a71d,REFIT_103202,R4_ALT_CEM_1,H_POLICY,0,100,4,True,0,COMPLETE,R7_PREREGISTERED_STRESS_TEST_FRESH_CASES,False
pusht,R7_pusht_01e5f08d624ac0bc6fe6a71d,REFIT_103202,R4_ALT_CEM_1,H_REAL3_REPLAN,0,100,4,True,0,COMPLETE,R7_PREREGISTERED_STRESS_TEST_FRESH_CASES,True
pusht,R7_pusht_01e5f08d624ac0bc6fe6a71d,REFIT_103203,R4_ALT_CEM_1,H_POLICY,1,50,2,True,0,COMPLETE,R7_PREREGISTERED_STRESS_TEST_FRESH_CASES,False
pusht,R7_pusht_01e5f08d624ac0bc6fe6a71d,REFIT_103203,R4_ALT_CEM_1,H_REAL3_REPLAN,1,45,2,True,0,COMPLETE,R7_PREREGISTERED_STRESS_TEST_FRESH_CASES,True
pusht,R7_pusht_01f59f6454cee5d8210d7998,H0,R4_ALT_CEM_1,H_POLICY,0,100,4,True,0,COMPLETE,R7_PREREGISTERED_STRESS_TEST_FRESH_CASES,False
pusht,R7_pusht_01f59f6454cee5d8210d7998,H0,R4_ALT_CEM_1,H_REAL3_REPLAN,0,100,4,True,0,COMPLETE,R7_PREREGISTERED_STRESS_TEST_FRESH_CASES,True
pusht,R7_pusht_01f59f6454cee5d8210d7998,REFIT_103201,R4_ALT_CEM_1,H_POLICY,0,100,4,True,0,COMPLETE,R7_PREREGISTERED_STRESS_TEST_FRESH_CASES,False
pusht,R7_pusht_01f59f6454cee5d8210d7998,REFIT_103201,R4_ALT_CEM_1,H_REAL3_REPLAN,0,100,4,True,0,COMPLETE,R7_PREREGISTERED_STRESS_TEST_FRESH_CASES,True
pusht,R7_pusht_01f59f6454cee5d8210d7998,REFIT_103202,R4_ALT_CEM_1,H_POLICY,0,100,4,True,0,COMPLETE,R7_PREREGISTERED_STRESS_TEST_FRESH_CASES,False
pusht,R7_pusht_01f59f6454cee5d8210d7998,REFIT_103202,R4_ALT_CEM_1,H_REAL3_REPLAN,0,100,4,True,0,COMPLETE,R7_PREREGISTERED_STRESS_TEST_FRESH_CASES,True
pusht,R7_pusht_01f59f6454cee5d8210d7998,REFIT_103203,R4_ALT_CEM_1,H_POLICY,0,100,4,True,0,COMPLETE,R7_PREREGISTERED_STRESS_TEST_FRESH_CASES,False
pusht,R7_pusht_01f59f6454cee5d8210d7998,REFIT_103203,R4_ALT_CEM_1,H_REAL3_REPLAN,0,100,4,True,0,COMPLETE,R7_PREREGISTERED_STRESS_TEST_FRESH_CASES,True
pusht,R7_pusht_01f8965659761852f32b0a4f,H0,R4_ALT_CEM_1,H_POLICY,1,49,2,True,0,COMPLETE,R7_PREREGISTERED_STRESS_TEST_FRESH_CASES,False
pusht,R7_pusht_01f8965659761852f32b0a4f,H0,R4_ALT_CEM_1,H_REAL3_REPLAN,1,49,2,True,0,COMPLETE,R7_PREREGISTERED_STRESS_TEST_FRESH_CASES,True
pusht,R7_pusht_01f8965659761852f32b0a4f,REFIT_103201,R4_ALT_CEM_1,H_POLICY,1,22,1,False,0,COMPLETE,R7_PREREGISTERED_STRESS_TEST_FRESH_CASES,False
pusht,R7_pusht_01f8965659761852f32b0a4f,REFIT_103201,R4_ALT_CEM_1,H_REAL3_REPLAN,1,22,1,False,0,COMPLETE,R7_PREREGISTERED_STRESS_TEST_FRESH_CASES,True
pusht,R7_pusht_01f8965659761852f32b0a4f,REFIT_103202,R4_ALT_CEM_1,H_POLICY,1,24,1,False,0,COMPLETE,R7_PREREGISTERED_STRESS_TEST_FRESH_CASES,False
pusht,R7_pusht_01f8965659761852f32b0a4f,REFIT_103202,R4_ALT_CEM_1,H_REAL3_REPLAN,1,24,1,False,0,COMPLETE,R7_PREREGISTERED_STRESS_TEST_FRESH_CASES,True
pusht,R7_pusht_01f8965659761852f32b0a4f,REFIT_103203,R4_ALT_CEM_1,H_POLICY,1,24,1,False,0,COMPLETE,R7_PREREGISTERED_STRESS_TEST_FRESH_CASES,False
pusht,R7_pusht_01f8965659761852f32b0a4f,REFIT_103203,R4_ALT_CEM_1,H_REAL3_REPLAN,1,24,1,False,0,COMPLETE,R7_PREREGISTERED_STRESS_TEST_FRESH_CASES,True
pusht,R7_pusht_01fc66ea015bce57c4d8df3e,H0,R4_ALT_CEM_1,H_POLICY,0,100,4,True,0,COMPLETE,R7_PREREGISTERED_STRESS_TEST_FRESH_CASES,False
pusht,R7_pusht_01fc66ea015bce57c4d8df3e,H0,R4_ALT_CEM_1,H_REAL3_REPLAN,0,100,4,True,0,COMPLETE,R7_PREREGISTERED_STRESS_TEST_FRESH_CASES,True
pusht,R7_pusht_01fc66ea015bce57c4d8df3e,REFIT_103201,R4_ALT_CEM_1,H_POLICY,0,100,4,True,0,COMPLETE,R7_PREREGISTERED_STRESS_TEST_FRESH_CASES,False
pusht,R7_pusht_01fc66ea015bce57c4d8df3e,REFIT_103201,R4_ALT_CEM_1,H_REAL3_REPLAN,0,100,4,True,0,COMPLETE,R7_PREREGISTERED_STRESS_TEST_FRESH_CASES,True
pusht,R7_pusht_01fc66ea015bce57c4d8df3e,REFIT_103202,R4_ALT_CEM_1,H_POLICY,0,100,4,True,0,COMPLETE,R7_PREREGISTERED_STRESS_TEST_FRESH_CASES,False
pusht,R7_pusht_01fc66ea015bce57c4d8df3e,REFIT_103202,R4_ALT_CEM_1,H_REAL3_REPLAN,0,100,4,True,0,COMPLETE,R7_PREREGISTERED_STRESS_TEST_FRESH_CASES,True
pusht,R7_pusht_01fc66ea015bce57c4d8df3e,REFIT_103203,R4_ALT_CEM_1,H_POLICY,0,100,4,True,0,COMPLETE,R7_PREREGISTERED_STRESS_TEST_FRESH_CASES,False
pusht,R7_pusht_01fc66ea015bce57c4d8df3e,REFIT_103203,R4_ALT_CEM_1,H_REAL3_REPLAN,0,100,4,True,0,COMPLETE,R7_PREREGISTERED_STRESS_TEST_FRESH_CASES,True
pusht,R7_pusht_020a50cb8cc1d090ced9bf33,H0,R4_ALT_CEM_1,H_POLICY,0,100,4,True,0,COMPLETE,R7_PREREGISTERED_STRESS_TEST_FRESH_CASES,False
pusht,R7_pusht_020a50cb8cc1d090ced9bf33,H0,R4_ALT_CEM_1,H_REAL3_REPLAN,0,100,4,True,0,COMPLETE,R7_PREREGISTERED_STRESS_TEST_FRESH_CASES,True
pusht,R7_pusht_020a50cb8cc1d090ced9bf33,REFIT_103201,R4_ALT_CEM_1,H_POLICY,0,100,4,True,0,COMPLETE,R7_PREREGISTERED_STRESS_TEST_FRESH_CASES,False
pusht,R7_pusht_020a50cb8cc1d090ced9bf33,REFIT_103201,R4_ALT_CEM_1,H_REAL3_REPLAN,0,100,4,True,0,COMPLETE,R7_PREREGISTERED_STRESS_TEST_FRESH_CASES,True
pusht,R7_pusht_020a50cb8cc1d090ced9bf33,REFIT_103202,R4_ALT_CEM_1,H_POLICY,0,100,4,True,0,COMPLETE,R7_PREREGISTERED_STRESS_TEST_FRESH_CASES,False
pusht,R7_pusht_020a50cb8cc1d090ced9bf33,REFIT_103202,R4_ALT_CEM_1,H_REAL3_REPLAN,0,100,4,True,0,COMPLETE,R7_PREREGISTERED_STRESS_TEST_FRESH_CASES,True
pusht,R7_pusht_020a50cb8cc1d090ced9bf33,REFIT_103203,R4_ALT_CEM_1,H_POLICY,0,100,4,True,0,COMPLETE,R7_PREREGISTERED_STRESS_TEST_FRESH_CASES,False
pusht,R7_pusht_020a50cb8cc1d090ced9bf33,REFIT_103203,R4_ALT_CEM_1,H_REAL3_REPLAN,0,100,4,True,0,COMPLETE,R7_PREREGISTERED_STRESS_TEST_FRESH_CASES,True
pusht,R7_pusht_020d1a93031af3052a4fc3f2,H0,R4_ALT_CEM_1,H_POLICY,1,75,3,True,0,COMPLETE,R7_PREREGISTERED_STRESS_TEST_FRESH_CASES,False
pusht,R7_pusht_020d1a93031af3052a4fc3f2,H0,R4_ALT_CEM_1,H_REAL3_REPLAN,1,73,3,True,0,COMPLETE,R7_PREREGISTERED_STRESS_TEST_FRESH_CASES,True
pusht,R7_pusht_020d1a93031af3052a4fc3f2,REFIT_103201,R4_ALT_CEM_1,H_POLICY,1,49,2,True,0,COMPLETE,R7_PREREGISTERED_STRESS_TEST_FRESH_CASES,False
pusht,R7_pusht_020d1a93031af3052a4fc3f2,REFIT_103201,R4_ALT_CEM_1,H_REAL3_REPLAN,1,49,2,True,0,COMPLETE,R7_PREREGISTERED_STRESS_TEST_FRESH_CASES,True
pusht,R7_pusht_020d1a93031af3052a4fc3f2,REFIT_103202,R4_ALT_CEM_1,H_POLICY,1,73,3,True,0,COMPLETE,R7_PREREGISTERED_STRESS_TEST_FRESH_CASES,False
pusht,R7_pusht_020d1a93031af3052a4fc3f2,REFIT_103202,R4_ALT_CEM_1,H_REAL3_REPLAN,0,100,4,True,0,COMPLETE,R7_PREREGISTERED_STRESS_TEST_FRESH_CASES,True
pusht,R7_pusht_020d1a93031af3052a4fc3f2,REFIT_103203,R4_ALT_CEM_1,H_POLICY,1,49,2,True,0,COMPLETE,R7_PREREGISTERED_STRESS_TEST_FRESH_CASES,False
pusht,R7_pusht_020d1a93031af3052a4fc3f2,REFIT_103203,R4_ALT_CEM_1,H_REAL3_REPLAN,1,48,2,True,0,COMPLETE,R7_PREREGISTERED_STRESS_TEST_FRESH_CASES,True
pusht,R7_pusht_02295b118e077300e2ae92cf,H0,R4_ALT_CEM_1,H_POLICY,1,22,1,False,0,COMPLETE,R7_PREREGISTERED_STRESS_TEST_FRESH_CASES,False
pusht,R7_pusht_02295b118e077300e2ae92cf,H0,R4_ALT_CEM_1,H_REAL3_REPLAN,1,22,1,False,0,COMPLETE,R7_PREREGISTERED_STRESS_TEST_FRESH_CASES,True
pusht,R7_pusht_02295b118e077300e2ae92cf,REFIT_103201,R4_ALT_CEM_1,H_POLICY,1,24,1,False,0,COMPLETE,R7_PREREGISTERED_STRESS_TEST_FRESH_CASES,False
pusht,R7_pusht_02295b118e077300e2ae92cf,REFIT_103201,R4_ALT_CEM_1,H_REAL3_REPLAN,1,24,1,False,0,COMPLETE,R7_PREREGISTERED_STRESS_TEST_FRESH_CASES,True
pusht,R7_pusht_02295b118e077300e2ae92cf,REFIT_103202,R4_ALT_CEM_1,H_POLICY,1,22,1,False,0,COMPLETE,R7_PREREGISTERED_STRESS_TEST_FRESH_CASES,False
pusht,R7_pusht_02295b118e077300e2ae92cf,REFIT_103202,R4_ALT_CEM_1,H_REAL3_REPLAN,1,22,1,False,0,COMPLETE,R7_PREREGISTERED_STRESS_TEST_FRESH_CASES,True
pusht,R7_pusht_02295b118e077300e2ae92cf,REFIT_103203,R4_ALT_CEM_1,H_POLICY,1,23,1,False,0,COMPLETE,R7_PREREGISTERED_STRESS_TEST_FRESH_CASES,False
pusht,R7_pusht_02295b118e077300e2ae92cf,REFIT_103203,R4_ALT_CEM_1,H_REAL3_REPLAN,1,23,1,False,0,COMPLETE,R7_PREREGISTERED_STRESS_TEST_FRESH_CASES,True
pusht,R7_pusht_0248ee4e8a49f44dd1d000bc,H0,R4_ALT_CEM_1,H_POLICY,1,24,1,False,0,COMPLETE,R7_PREREGISTERED_STRESS_TEST_FRESH_CASES,False
pusht,R7_pusht_0248ee4e8a49f44dd1d000bc,H0,R4_ALT_CEM_1,H_REAL3_REPLAN,1,24,1,False,0,COMPLETE,R7_PREREGISTERED_STRESS_TEST_FRESH_CASES,True
pusht,R7_pusht_0248ee4e8a49f44dd1d000bc,REFIT_103201,R4_ALT_CEM_1,H_POLICY,1,23,1,False,0,COMPLETE,R7_PREREGISTERED_STRESS_TEST_FRESH_CASES,False
pusht,R7_pusht_0248ee4e8a49f44dd1d000bc,REFIT_103201,R4_ALT_CEM_1,H_REAL3_REPLAN,1,23,1,False,0,COMPLETE,R7_PREREGISTERED_STRESS_TEST_FRESH_CASES,True
pusht,R7_pusht_0248ee4e8a49f44dd1d000bc,REFIT_103202,R4_ALT_CEM_1,H_POLICY,1,23,1,False,0,COMPLETE,R7_PREREGISTERED_STRESS_TEST_FRESH_CASES,False
pusht,R7_pusht_0248ee4e8a49f44dd1d000bc,REFIT_103202,R4_ALT_CEM_1,H_REAL3_REPLAN,1,23,1,False,0,COMPLETE,R7_PREREGISTERED_STRESS_TEST_FRESH_CASES,True
pusht,R7_pusht_0248ee4e8a49f44dd1d000bc,REFIT_103203,R4_ALT_CEM_1,H_POLICY,1,23,1,False,0,COMPLETE,R7_PREREGISTERED_STRESS_TEST_FRESH_CASES,False
pusht,R7_pusht_0248ee4e8a49f44dd1d000bc,REFIT_103203,R4_ALT_CEM_1,H_REAL3_REPLAN,1,23,1,False,0,COMPLETE,R7_PREREGISTERED_STRESS_TEST_FRESH_CASES,True
pusht,R7_pusht_02518a10660f5f5a7ec5c247,H0,R4_ALT_CEM_1,H_POLICY,0,100,4,True,0,COMPLETE,R7_PREREGISTERED_STRESS_TEST_FRESH_CASES,False
pusht,R7_pusht_02518a10660f5f5a7ec5c247,H0,R4_ALT_CEM_1,H_REAL3_REPLAN,0,100,4,True,0,COMPLETE,R7_PREREGISTERED_STRESS_TEST_FRESH_CASES,True
pusht,R7_pusht_02518a10660f5f5a7ec5c247,REFIT_103201,R4_ALT_CEM_1,H_POLICY,0,100,4,True,0,COMPLETE,R7_PREREGISTERED_STRESS_TEST_FRESH_CASES,False
pusht,R7_pusht_02518a10660f5f5a7ec5c247,REFIT_103201,R4_ALT_CEM_1,H_REAL3_REPLAN,0,100,4,True,0,COMPLETE,R7_PREREGISTERED_STRESS_TEST_FRESH_CASES,True
pusht,R7_pusht_02518a10660f5f5a7ec5c247,REFIT_103202,R4_ALT_CEM_1,H_POLICY,0,100,4,True,0,COMPLETE,R7_PREREGISTERED_STRESS_TEST_FRESH_CASES,False
pusht,R7_pusht_02518a10660f5f5a7ec5c247,REFIT_103202,R4_ALT_CEM_1,H_REAL3_REPLAN,0,100,4,True,0,COMPLETE,R7_PREREGISTERED_STRESS_TEST_FRESH_CASES,True
pusht,R7_pusht_02518a10660f5f5a7ec5c247,REFIT_103203,R4_ALT_CEM_1,H_POLICY,0,100,4,True,0,COMPLETE,R7_PREREGISTERED_STRESS_TEST_FRESH_CASES,False
pusht,R7_pusht_02518a10660f5f5a7ec5c247,REFIT_103203,R4_ALT_CEM_1,H_REAL3_REPLAN,0,100,4,True,0,COMPLETE,R7_PREREGISTERED_STRESS_TEST_FRESH_CASES,True
pusht,R7_pusht_025455343faeec637affe3b7,H0,R4_ALT_CEM_1,H_POLICY,1,30,2,True,0,COMPLETE,R7_PREREGISTERED_STRESS_TEST_FRESH_CASES,False
pusht,R7_pusht_025455343faeec637affe3b7,H0,R4_ALT_CEM_1,H_REAL3_REPLAN,1,29,2,True,0,COMPLETE,R7_PREREGISTERED_STRESS_TEST_FRESH_CASES,True
pusht,R7_pusht_025455343faeec637affe3b7,REFIT_103201,R4_ALT_CEM_1,H_POLICY,0,100,4,True,0,COMPLETE,R7_PREREGISTERED_STRESS_TEST_FRESH_CASES,False
pusht,R7_pusht_025455343faeec637affe3b7,REFIT_103201,R4_ALT_CEM_1,H_REAL3_REPLAN,0,100,4,True,0,COMPLETE,R7_PREREGISTERED_STRESS_TEST_FRESH_CASES,True
pusht,R7_pusht_025455343faeec637affe3b7,REFIT_103202,R4_ALT_CEM_1,H_POLICY,0,100,4,True,0,COMPLETE,R7_PREREGISTERED_STRESS_TEST_FRESH_CASES,False
pusht,R7_pusht_025455343faeec637affe3b7,REFIT_103202,R4_ALT_CEM_1,H_REAL3_REPLAN,0,100,4,True,0,COMPLETE,R7_PREREGISTERED_STRESS_TEST_FRESH_CASES,True
pusht,R7_pusht_025455343faeec637affe3b7,REFIT_103203,R4_ALT_CEM_1,H_POLICY,0,100,4,True,0,COMPLETE,R7_PREREGISTERED_STRESS_TEST_FRESH_CASES,False
pusht,R7_pusht_025455343faeec637affe3b7,REFIT_103203,R4_ALT_CEM_1,H_REAL3_REPLAN,0,100,4,True,0,COMPLETE,R7_PREREGISTERED_STRESS_TEST_FRESH_CASES,True
pusht,R7_pusht_02607299e74db9105dd93f3b,H0,R4_ALT_CEM_1,H_POLICY,0,100,4,True,0,COMPLETE,R7_PREREGISTERED_STRESS_TEST_FRESH_CASES,False
pusht,R7_pusht_02607299e74db9105dd93f3b,H0,R4_ALT_CEM_1,H_REAL3_REPLAN,0,100,4,True,0,COMPLETE,R7_PREREGISTERED_STRESS_TEST_FRESH_CASES,True
pusht,R7_pusht_02607299e74db9105dd93f3b,REFIT_103201,R4_ALT_CEM_1,H_POLICY,0,100,4,True,0,COMPLETE,R7_PREREGISTERED_STRESS_TEST_FRESH_CASES,False
pusht,R7_pusht_02607299e74db9105dd93f3b,REFIT_103201,R4_ALT_CEM_1,H_REAL3_REPLAN,0,100,4,True,0,COMPLETE,R7_PREREGISTERED_STRESS_TEST_FRESH_CASES,True
pusht,R7_pusht_02607299e74db9105dd93f3b,REFIT_103202,R4_ALT_CEM_1,H_POLICY,0,100,4,True,0,COMPLETE,R7_PREREGISTERED_STRESS_TEST_FRESH_CASES,False
pusht,R7_pusht_02607299e74db9105dd93f3b,REFIT_103202,R4_ALT_CEM_1,H_REAL3_REPLAN,0,100,4,True,0,COMPLETE,R7_PREREGISTERED_STRESS_TEST_FRESH_CASES,True
pusht,R7_pusht_02607299e74db9105dd93f3b,REFIT_103203,R4_ALT_CEM_1,H_POLICY,0,100,4,True,0,COMPLETE,R7_PREREGISTERED_STRESS_TEST_FRESH_CASES,False
pusht,R7_pusht_02607299e74db9105dd93f3b,REFIT_103203,R4_ALT_CEM_1,H_REAL3_REPLAN,0,100,4,True,0,COMPLETE,R7_PREREGISTERED_STRESS_TEST_FRESH_CASES,True
pusht,R7_pusht_028189a99cdfdfd55fb8e3a4,H0,R4_ALT_CEM_1,H_POLICY,0,100,4,True,0,COMPLETE,R7_PREREGISTERED_STRESS_TEST_FRESH_CASES,False
pusht,R7_pusht_028189a99cdfdfd55fb8e3a4,H0,R4_ALT_CEM_1,H_REAL3_REPLAN,0,100,4,True,0,COMPLETE,R7_PREREGISTERED_STRESS_TEST_FRESH_CASES,True
pusht,R7_pusht_028189a99cdfdfd55fb8e3a4,REFIT_103201,R4_ALT_CEM_1,H_POLICY,0,100,4,True,0,COMPLETE,R7_PREREGISTERED_STRESS_TEST_FRESH_CASES,False
pusht,R7_pusht_028189a99cdfdfd55fb8e3a4,REFIT_103201,R4_ALT_CEM_1,H_REAL3_REPLAN,0,100,4,True,0,COMPLETE,R7_PREREGISTERED_STRESS_TEST_FRESH_CASES,True
pusht,R7_pusht_028189a99cdfdfd55fb8e3a4,REFIT_103202,R4_ALT_CEM_1,H_POLICY,0,100,4,True,0,COMPLETE,R7_PREREGISTERED_STRESS_TEST_FRESH_CASES,False
pusht,R7_pusht_028189a99cdfdfd55fb8e3a4,REFIT_103202,R4_ALT_CEM_1,H_REAL3_REPLAN,0,100,4,True,0,COMPLETE,R7_PREREGISTERED_STRESS_TEST_FRESH_CASES,True
pusht,R7_pusht_028189a99cdfdfd55fb8e3a4,REFIT_103203,R4_ALT_CEM_1,H_POLICY,0,100,4,True,0,COMPLETE,R7_PREREGISTERED_STRESS_TEST_FRESH_CASES,False
pusht,R7_pusht_028189a99cdfdfd55fb8e3a4,REFIT_103203,R4_ALT_CEM_1,H_REAL3_REPLAN,0,100,4,True,0,COMPLETE,R7_PREREGISTERED_STRESS_TEST_FRESH_CASES,True
pusht,R7_pusht_02822f6999a3a040049b92dc,H0,R4_ALT_CEM_1,H_POLICY,0,100,4,True,0,COMPLETE,R7_PREREGISTERED_STRESS_TEST_FRESH_CASES,False
pusht,R7_pusht_02822f6999a3a040049b92dc,H0,R4_ALT_CEM_1,H_REAL3_REPLAN,1,75,3,True,0,COMPLETE,R7_PREREGISTERED_STRESS_TEST_FRESH_CASES,True
pusht,R7_pusht_02822f6999a3a040049b92dc,REFIT_103201,R4_ALT_CEM_1,H_POLICY,0,100,4,True,0,COMPLETE,R7_PREREGISTERED_STRESS_TEST_FRESH_CASES,False
pusht,R7_pusht_02822f6999a3a040049b92dc,REFIT_103201,R4_ALT_CEM_1,H_REAL3_REPLAN,0,100,4,True,0,COMPLETE,R7_PREREGISTERED_STRESS_TEST_FRESH_CASES,True
pusht,R7_pusht_02822f6999a3a040049b92dc,REFIT_103202,R4_ALT_CEM_1,H_POLICY,1,49,2,True,0,COMPLETE,R7_PREREGISTERED_STRESS_TEST_FRESH_CASES,False
pusht,R7_pusht_02822f6999a3a040049b92dc,REFIT_103202,R4_ALT_CEM_1,H_REAL3_REPLAN,1,50,2,True,0,COMPLETE,R7_PREREGISTERED_STRESS_TEST_FRESH_CASES,True
pusht,R7_pusht_02822f6999a3a040049b92dc,REFIT_103203,R4_ALT_CEM_1,H_POLICY,1,50,2,True,0,COMPLETE,R7_PREREGISTERED_STRESS_TEST_FRESH_CASES,False
pusht,R7_pusht_02822f6999a3a040049b92dc,REFIT_103203,R4_ALT_CEM_1,H_REAL3_REPLAN,1,51,3,True,0,COMPLETE,R7_PREREGISTERED_STRESS_TEST_FRESH_CASES,True
pusht,R7_pusht_029169af9b4893df26cdcbf1,H0,R4_ALT_CEM_1,H_POLICY,0,100,4,True,0,COMPLETE,R7_PREREGISTERED_STRESS_TEST_FRESH_CASES,False
pusht,R7_pusht_029169af9b4893df26cdcbf1,H0,R4_ALT_CEM_1,H_REAL3_REPLAN,0,100,4,True,0,COMPLETE,R7_PREREGISTERED_STRESS_TEST_FRESH_CASES,True
pusht,R7_pusht_029169af9b4893df26cdcbf1,REFIT_103201,R4_ALT_CEM_1,H_POLICY,1,51,3,True,0,COMPLETE,R7_PREREGISTERED_STRESS_TEST_FRESH_CASES,False
pusht,R7_pusht_029169af9b4893df26cdcbf1,REFIT_103201,R4_ALT_CEM_1,H_REAL3_REPLAN,0,100,4,True,0,COMPLETE,R7_PREREGISTERED_STRESS_TEST_FRESH_CASES,True
pusht,R7_pusht_029169af9b4893df26cdcbf1,REFIT_103202,R4_ALT_CEM_1,H_POLICY,0,100,4,True,0,COMPLETE,R7_PREREGISTERED_STRESS_TEST_FRESH_CASES,False
pusht,R7_pusht_029169af9b4893df26cdcbf1,REFIT_103202,R4_ALT_CEM_1,H_REAL3_REPLAN,0,100,4,True,0,COMPLETE,R7_PREREGISTERED_STRESS_TEST_FRESH_CASES,True
pusht,R7_pusht_029169af9b4893df26cdcbf1,REFIT_103203,R4_ALT_CEM_1,H_POLICY,0,100,4,True,0,COMPLETE,R7_PREREGISTERED_STRESS_TEST_FRESH_CASES,False
pusht,R7_pusht_029169af9b4893df26cdcbf1,REFIT_103203,R4_ALT_CEM_1,H_REAL3_REPLAN,0,100,4,True,0,COMPLETE,R7_PREREGISTERED_STRESS_TEST_FRESH_CASES,True
pusht,R7_pusht_029512afa3674e2902345a75,H0,R4_ALT_CEM_1,H_POLICY,1,33,2,True,0,COMPLETE,R7_PREREGISTERED_STRESS_TEST_FRESH_CASES,False
pusht,R7_pusht_029512afa3674e2902345a75,H0,R4_ALT_CEM_1,H_REAL3_REPLAN,1,39,2,True,0,COMPLETE,R7_PREREGISTERED_STRESS_TEST_FRESH_CASES,True
pusht,R7_pusht_029512afa3674e2902345a75,REFIT_103201,R4_ALT_CEM_1,H_POLICY,1,32,2,True,0,COMPLETE,R7_PREREGISTERED_STRESS_TEST_FRESH_CASES,False
pusht,R7_pusht_029512afa3674e2902345a75,REFIT_103201,R4_ALT_CEM_1,H_REAL3_REPLAN,1,55,3,True,0,COMPLETE,R7_PREREGISTERED_STRESS_TEST_FRESH_CASES,True
pusht,R7_pusht_029512afa3674e2902345a75,REFIT_103202,R4_ALT_CEM_1,H_POLICY,1,32,2,True,0,COMPLETE,R7_PREREGISTERED_STRESS_TEST_FRESH_CASES,False
pusht,R7_pusht_029512afa3674e2902345a75,REFIT_103202,R4_ALT_CEM_1,H_REAL3_REPLAN,1,32,2,True,0,COMPLETE,R7_PREREGISTERED_STRESS_TEST_FRESH_CASES,True
pusht,R7_pusht_029512afa3674e2902345a75,REFIT_103203,R4_ALT_CEM_1,H_POLICY,1,29,2,True,0,COMPLETE,R7_PREREGISTERED_STRESS_TEST_FRESH_CASES,False
pusht,R7_pusht_029512afa3674e2902345a75,REFIT_103203,R4_ALT_CEM_1,H_REAL3_REPLAN,1,27,2,True,0,COMPLETE,R7_PREREGISTERED_STRESS_TEST_FRESH_CASES,True
pusht,R7_pusht_02976e5b8cb56831df3fa4e6,H0,R4_ALT_CEM_1,H_POLICY,0,100,4,True,0,COMPLETE,R7_PREREGISTERED_STRESS_TEST_FRESH_CASES,False
pusht,R7_pusht_02976e5b8cb56831df3fa4e6,H0,R4_ALT_CEM_1,H_REAL3_REPLAN,0,100,4,True,0,COMPLETE,R7_PREREGISTERED_STRESS_TEST_FRESH_CASES,True
pusht,R7_pusht_02976e5b8cb56831df3fa4e6,REFIT_103201,R4_ALT_CEM_1,H_POLICY,0,100,4,True,0,COMPLETE,R7_PREREGISTERED_STRESS_TEST_FRESH_CASES,False
pusht,R7_pusht_02976e5b8cb56831df3fa4e6,REFIT_103201,R4_ALT_CEM_1,H_REAL3_REPLAN,0,100,4,True,0,COMPLETE,R7_PREREGISTERED_STRESS_TEST_FRESH_CASES,True
pusht,R7_pusht_02976e5b8cb56831df3fa4e6,REFIT_103202,R4_ALT_CEM_1,H_POLICY,0,100,4,True,0,COMPLETE,R7_PREREGISTERED_STRESS_TEST_FRESH_CASES,False
pusht,R7_pusht_02976e5b8cb56831df3fa4e6,REFIT_103202,R4_ALT_CEM_1,H_REAL3_REPLAN,0,100,4,True,0,COMPLETE,R7_PREREGISTERED_STRESS_TEST_FRESH_CASES,True
pusht,R7_pusht_02976e5b8cb56831df3fa4e6,REFIT_103203,R4_ALT_CEM_1,H_POLICY,0,100,4,True,0,COMPLETE,R7_PREREGISTERED_STRESS_TEST_FRESH_CASES,False
pusht,R7_pusht_02976e5b8cb56831df3fa4e6,REFIT_103203,R4_ALT_CEM_1,H_REAL3_REPLAN,0,100,4,True,0,COMPLETE,R7_PREREGISTERED_STRESS_TEST_FRESH_CASES,True
pusht,R7_pusht_02a0bf8af2cad36539028b35,H0,R4_ALT_CEM_1,H_POLICY,1,25,1,False,0,COMPLETE,R7_PREREGISTERED_STRESS_TEST_FRESH_CASES,False
pusht,R7_pusht_02a0bf8af2cad36539028b35,H0,R4_ALT_CEM_1,H_REAL3_REPLAN,1,25,1,False,0,COMPLETE,R7_PREREGISTERED_STRESS_TEST_FRESH_CASES,True
pusht,R7_pusht_02a0bf8af2cad36539028b35,REFIT_103201,R4_ALT_CEM_1,H_POLICY,1,24,1,False,0,COMPLETE,R7_PREREGISTERED_STRESS_TEST_FRESH_CASES,False
pusht,R7_pusht_02a0bf8af2cad36539028b35,REFIT_103201,R4_ALT_CEM_1,H_REAL3_REPLAN,1,24,1,False,0,COMPLETE,R7_PREREGISTERED_STRESS_TEST_FRESH_CASES,True
pusht,R7_pusht_02a0bf8af2cad36539028b35,REFIT_103202,R4_ALT_CEM_1,H_POLICY,1,24,1,False,0,COMPLETE,R7_PREREGISTERED_STRESS_TEST_FRESH_CASES,False
pusht,R7_pusht_02a0bf8af2cad36539028b35,REFIT_103202,R4_ALT_CEM_1,H_REAL3_REPLAN,1,24,1,False,0,COMPLETE,R7_PREREGISTERED_STRESS_TEST_FRESH_CASES,True
pusht,R7_pusht_02a0bf8af2cad36539028b35,REFIT_103203,R4_ALT_CEM_1,H_POLICY,1,24,1,False,0,COMPLETE,R7_PREREGISTERED_STRESS_TEST_FRESH_CASES,False
pusht,R7_pusht_02a0bf8af2cad36539028b35,REFIT_103203,R4_ALT_CEM_1,H_REAL3_REPLAN,1,24,1,False,0,COMPLETE,R7_PREREGISTERED_STRESS_TEST_FRESH_CASES,True
pusht,R7_pusht_02acac9c63e43eb3bbe69f62,H0,R4_ALT_CEM_1,H_POLICY,0,100,4,True,0,COMPLETE,R7_PREREGISTERED_STRESS_TEST_FRESH_CASES,False
pusht,R7_pusht_02acac9c63e43eb3bbe69f62,H0,R4_ALT_CEM_1,H_REAL3_REPLAN,0,100,4,True,0,COMPLETE,R7_PREREGISTERED_STRESS_TEST_FRESH_CASES,True
pusht,R7_pusht_02acac9c63e43eb3bbe69f62,REFIT_103201,R4_ALT_CEM_1,H_POLICY,0,100,4,True,0,COMPLETE,R7_PREREGISTERED_STRESS_TEST_FRESH_CASES,False
pusht,R7_pusht_02acac9c63e43eb3bbe69f62,REFIT_103201,R4_ALT_CEM_1,H_REAL3_REPLAN,0,100,4,True,0,COMPLETE,R7_PREREGISTERED_STRESS_TEST_FRESH_CASES,True
pusht,R7_pusht_02acac9c63e43eb3bbe69f62,REFIT_103202,R4_ALT_CEM_1,H_POLICY,0,100,4,True,0,COMPLETE,R7_PREREGISTERED_STRESS_TEST_FRESH_CASES,False
pusht,R7_pusht_02acac9c63e43eb3bbe69f62,REFIT_103202,R4_ALT_CEM_1,H_REAL3_REPLAN,0,100,4,True,0,COMPLETE,R7_PREREGISTERED_STRESS_TEST_FRESH_CASES,True
pusht,R7_pusht_02acac9c63e43eb3bbe69f62,REFIT_103203,R4_ALT_CEM_1,H_POLICY,0,100,4,True,0,COMPLETE,R7_PREREGISTERED_STRESS_TEST_FRESH_CASES,False
pusht,R7_pusht_02acac9c63e43eb3bbe69f62,REFIT_103203,R4_ALT_CEM_1,H_REAL3_REPLAN,0,100,4,True,0,COMPLETE,R7_PREREGISTERED_STRESS_TEST_FRESH_CASES,True
pusht,R7_pusht_02b4dad929bd61ded04a7767,H0,R4_ALT_CEM_1,H_POLICY,0,100,4,True,0,COMPLETE,R7_PREREGISTERED_STRESS_TEST_FRESH_CASES,False
pusht,R7_pusht_02b4dad929bd61ded04a7767,H0,R4_ALT_CEM_1,H_REAL3_REPLAN,0,100,4,True,0,COMPLETE,R7_PREREGISTERED_STRESS_TEST_FRESH_CASES,True
pusht,R7_pusht_02b4dad929bd61ded04a7767,REFIT_103201,R4_ALT_CEM_1,H_POLICY,0,100,4,True,0,COMPLETE,R7_PREREGISTERED_STRESS_TEST_FRESH_CASES,False
pusht,R7_pusht_02b4dad929bd61ded04a7767,REFIT_103201,R4_ALT_CEM_1,H_REAL3_REPLAN,1,69,3,True,0,COMPLETE,R7_PREREGISTERED_STRESS_TEST_FRESH_CASES,True
pusht,R7_pusht_02b4dad929bd61ded04a7767,REFIT_103202,R4_ALT_CEM_1,H_POLICY,0,100,4,True,0,COMPLETE,R7_PREREGISTERED_STRESS_TEST_FRESH_CASES,False
pusht,R7_pusht_02b4dad929bd61ded04a7767,REFIT_103202,R4_ALT_CEM_1,H_REAL3_REPLAN,0,100,4,True,0,COMPLETE,R7_PREREGISTERED_STRESS_TEST_FRESH_CASES,True
pusht,R7_pusht_02b4dad929bd61ded04a7767,REFIT_103203,R4_ALT_CEM_1,H_POLICY,0,100,4,True,0,COMPLETE,R7_PREREGISTERED_STRESS_TEST_FRESH_CASES,False
pusht,R7_pusht_02b4dad929bd61ded04a7767,REFIT_103203,R4_ALT_CEM_1,H_REAL3_REPLAN,0,100,4,True,0,COMPLETE,R7_PREREGISTERED_STRESS_TEST_FRESH_CASES,True
pusht,R7_pusht_02b65a6476d69d491e53e5e8,H0,R4_ALT_CEM_1,H_POLICY,1,24,1,False,0,COMPLETE,R7_PREREGISTERED_STRESS_TEST_FRESH_CASES,False
pusht,R7_pusht_02b65a6476d69d491e53e5e8,H0,R4_ALT_CEM_1,H_REAL3_REPLAN,1,24,1,False,0,COMPLETE,R7_PREREGISTERED_STRESS_TEST_FRESH_CASES,True
pusht,R7_pusht_02b65a6476d69d491e53e5e8,REFIT_103201,R4_ALT_CEM_1,H_POLICY,1,22,1,False,0,COMPLETE,R7_PREREGISTERED_STRESS_TEST_FRESH_CASES,False
pusht,R7_pusht_02b65a6476d69d491e53e5e8,REFIT_103201,R4_ALT_CEM_1,H_REAL3_REPLAN,1,22,1,False,0,COMPLETE,R7_PREREGISTERED_STRESS_TEST_FRESH_CASES,True
pusht,R7_pusht_02b65a6476d69d491e53e5e8,REFIT_103202,R4_ALT_CEM_1,H_POLICY,1,22,1,False,0,COMPLETE,R7_PREREGISTERED_STRESS_TEST_FRESH_CASES,False
pusht,R7_pusht_02b65a6476d69d491e53e5e8,REFIT_103202,R4_ALT_CEM_1,H_REAL3_REPLAN,1,22,1,False,0,COMPLETE,R7_PREREGISTERED_STRESS_TEST_FRESH_CASES,True
pusht,R7_pusht_02b65a6476d69d491e53e5e8,REFIT_103203,R4_ALT_CEM_1,H_POLICY,1,21,1,False,0,COMPLETE,R7_PREREGISTERED_STRESS_TEST_FRESH_CASES,False
pusht,R7_pusht_02b65a6476d69d491e53e5e8,REFIT_103203,R4_ALT_CEM_1,H_REAL3_REPLAN,1,21,1,False,0,COMPLETE,R7_PREREGISTERED_STRESS_TEST_FRESH_CASES,True
pusht,R7_pusht_02b83c55172685f27066a41e,H0,R4_ALT_CEM_1,H_POLICY,1,22,1,False,0,COMPLETE,R7_PREREGISTERED_STRESS_TEST_FRESH_CASES,False
pusht,R7_pusht_02b83c55172685f27066a41e,H0,R4_ALT_CEM_1,H_REAL3_REPLAN,1,22,1,False,0,COMPLETE,R7_PREREGISTERED_STRESS_TEST_FRESH_CASES,True
pusht,R7_pusht_02b83c55172685f27066a41e,REFIT_103201,R4_ALT_CEM_1,H_POLICY,1,23,1,False,0,COMPLETE,R7_PREREGISTERED_STRESS_TEST_FRESH_CASES,False
pusht,R7_pusht_02b83c55172685f27066a41e,REFIT_103201,R4_ALT_CEM_1,H_REAL3_REPLAN,1,23,1,False,0,COMPLETE,R7_PREREGISTERED_STRESS_TEST_FRESH_CASES,True
pusht,R7_pusht_02b83c55172685f27066a41e,REFIT_103202,R4_ALT_CEM_1,H_POLICY,1,24,1,False,0,COMPLETE,R7_PREREGISTERED_STRESS_TEST_FRESH_CASES,False
pusht,R7_pusht_02b83c55172685f27066a41e,REFIT_103202,R4_ALT_CEM_1,H_REAL3_REPLAN,1,24,1,False,0,COMPLETE,R7_PREREGISTERED_STRESS_TEST_FRESH_CASES,True
pusht,R7_pusht_02b83c55172685f27066a41e,REFIT_103203,R4_ALT_CEM_1,H_POLICY,1,23,1,False,0,COMPLETE,R7_PREREGISTERED_STRESS_TEST_FRESH_CASES,False
pusht,R7_pusht_02b83c55172685f27066a41e,REFIT_103203,R4_ALT_CEM_1,H_REAL3_REPLAN,1,23,1,False,0,COMPLETE,R7_PREREGISTERED_STRESS_TEST_FRESH_CASES,True
pusht,R7_pusht_02bda93d194973d8585afda8,H0,R4_ALT_CEM_1,H_POLICY,0,100,4,True,0,COMPLETE,R7_PREREGISTERED_STRESS_TEST_FRESH_CASES,False
pusht,R7_pusht_02bda93d194973d8585afda8,H0,R4_ALT_CEM_1,H_REAL3_REPLAN,0,100,4,True,0,COMPLETE,R7_PREREGISTERED_STRESS_TEST_FRESH_CASES,True
pusht,R7_pusht_02bda93d194973d8585afda8,REFIT_103201,R4_ALT_CEM_1,H_POLICY,1,25,1,False,0,COMPLETE,R7_PREREGISTERED_STRESS_TEST_FRESH_CASES,False
pusht,R7_pusht_02bda93d194973d8585afda8,REFIT_103201,R4_ALT_CEM_1,H_REAL3_REPLAN,1,25,1,False,0,COMPLETE,R7_PREREGISTERED_STRESS_TEST_FRESH_CASES,True
pusht,R7_pusht_02bda93d194973d8585afda8,REFIT_103202,R4_ALT_CEM_1,H_POLICY,1,24,1,False,0,COMPLETE,R7_PREREGISTERED_STRESS_TEST_FRESH_CASES,False
pusht,R7_pusht_02bda93d194973d8585afda8,REFIT_103202,R4_ALT_CEM_1,H_REAL3_REPLAN,1,24,1,False,0,COMPLETE,R7_PREREGISTERED_STRESS_TEST_FRESH_CASES,True
pusht,R7_pusht_02bda93d194973d8585afda8,REFIT_103203,R4_ALT_CEM_1,H_POLICY,0,100,4,True,0,COMPLETE,R7_PREREGISTERED_STRESS_TEST_FRESH_CASES,False
pusht,R7_pusht_02bda93d194973d8585afda8,REFIT_103203,R4_ALT_CEM_1,H_REAL3_REPLAN,1,27,2,True,0,COMPLETE,R7_PREREGISTERED_STRESS_TEST_FRESH_CASES,True
pusht,R7_pusht_02c351a9fbfd4d3437bfd299,H0,R4_ALT_CEM_1,H_POLICY,0,100,4,True,0,COMPLETE,R7_PREREGISTERED_STRESS_TEST_FRESH_CASES,False
pusht,R7_pusht_02c351a9fbfd4d3437bfd299,H0,R4_ALT_CEM_1,H_REAL3_REPLAN,0,100,4,True,0,COMPLETE,R7_PREREGISTERED_STRESS_TEST_FRESH_CASES,True
pusht,R7_pusht_02c351a9fbfd4d3437bfd299,REFIT_103201,R4_ALT_CEM_1,H_POLICY,0,100,4,True,0,COMPLETE,R7_PREREGISTERED_STRESS_TEST_FRESH_CASES,False
pusht,R7_pusht_02c351a9fbfd4d3437bfd299,REFIT_103201,R4_ALT_CEM_1,H_REAL3_REPLAN,0,100,4,True,0,COMPLETE,R7_PREREGISTERED_STRESS_TEST_FRESH_CASES,True
pusht,R7_pusht_02c351a9fbfd4d3437bfd299,REFIT_103202,R4_ALT_CEM_1,H_POLICY,0,100,4,True,0,COMPLETE,R7_PREREGISTERED_STRESS_TEST_FRESH_CASES,False
pusht,R7_pusht_02c351a9fbfd4d3437bfd299,REFIT_103202,R4_ALT_CEM_1,H_REAL3_REPLAN,0,100,4,True,0,COMPLETE,R7_PREREGISTERED_STRESS_TEST_FRESH_CASES,True
pusht,R7_pusht_02c351a9fbfd4d3437bfd299,REFIT_103203,R4_ALT_CEM_1,H_POLICY,0,100,4,True,0,COMPLETE,R7_PREREGISTERED_STRESS_TEST_FRESH_CASES,False
pusht,R7_pusht_02c351a9fbfd4d3437bfd299,REFIT_103203,R4_ALT_CEM_1,H_REAL3_REPLAN,0,100,4,True,0,COMPLETE,R7_PREREGISTERED_STRESS_TEST_FRESH_CASES,True
pusht,R7_pusht_02c59a6a459d811fafc36fb1,H0,R4_ALT_CEM_1,H_POLICY,0,100,4,True,0,COMPLETE,R7_PREREGISTERED_STRESS_TEST_FRESH_CASES,False
pusht,R7_pusht_02c59a6a459d811fafc36fb1,H0,R4_ALT_CEM_1,H_REAL3_REPLAN,0,100,4,True,0,COMPLETE,R7_PREREGISTERED_STRESS_TEST_FRESH_CASES,True
pusht,R7_pusht_02c59a6a459d811fafc36fb1,REFIT_103201,R4_ALT_CEM_1,H_POLICY,1,24,1,False,0,COMPLETE,R7_PREREGISTERED_STRESS_TEST_FRESH_CASES,False
pusht,R7_pusht_02c59a6a459d811fafc36fb1,REFIT_103201,R4_ALT_CEM_1,H_REAL3_REPLAN,1,24,1,False,0,COMPLETE,R7_PREREGISTERED_STRESS_TEST_FRESH_CASES,True
pusht,R7_pusht_02c59a6a459d811fafc36fb1,REFIT_103202,R4_ALT_CEM_1,H_POLICY,1,24,1,False,0,COMPLETE,R7_PREREGISTERED_STRESS_TEST_FRESH_CASES,False
pusht,R7_pusht_02c59a6a459d811fafc36fb1,REFIT_103202,R4_ALT_CEM_1,H_REAL3_REPLAN,1,24,1,False,0,COMPLETE,R7_PREREGISTERED_STRESS_TEST_FRESH_CASES,True
pusht,R7_pusht_02c59a6a459d811fafc36fb1,REFIT_103203,R4_ALT_CEM_1,H_POLICY,1,24,1,False,0,COMPLETE,R7_PREREGISTERED_STRESS_TEST_FRESH_CASES,False
pusht,R7_pusht_02c59a6a459d811fafc36fb1,REFIT_103203,R4_ALT_CEM_1,H_REAL3_REPLAN,1,24,1,False,0,COMPLETE,R7_PREREGISTERED_STRESS_TEST_FRESH_CASES,True
pusht,R7_pusht_02d0cf5d6db5e66c9b62b751,H0,R4_ALT_CEM_1,H_POLICY,1,24,1,False,0,COMPLETE,R7_PREREGISTERED_STRESS_TEST_FRESH_CASES,False
pusht,R7_pusht_02d0cf5d6db5e66c9b62b751,H0,R4_ALT_CEM_1,H_REAL3_REPLAN,1,24,1,False,0,COMPLETE,R7_PREREGISTERED_STRESS_TEST_FRESH_CASES,True
pusht,R7_pusht_02d0cf5d6db5e66c9b62b751,REFIT_103201,R4_ALT_CEM_1,H_POLICY,1,25,1,False,0,COMPLETE,R7_PREREGISTERED_STRESS_TEST_FRESH_CASES,False
pusht,R7_pusht_02d0cf5d6db5e66c9b62b751,REFIT_103201,R4_ALT_CEM_1,H_REAL3_REPLAN,1,25,1,False,0,COMPLETE,R7_PREREGISTERED_STRESS_TEST_FRESH_CASES,True
pusht,R7_pusht_02d0cf5d6db5e66c9b62b751,REFIT_103202,R4_ALT_CEM_1,H_POLICY,0,100,4,True,0,COMPLETE,R7_PREREGISTERED_STRESS_TEST_FRESH_CASES,False
pusht,R7_pusht_02d0cf5d6db5e66c9b62b751,REFIT_103202,R4_ALT_CEM_1,H_REAL3_REPLAN,0,100,4,True,0,COMPLETE,R7_PREREGISTERED_STRESS_TEST_FRESH_CASES,True
pusht,R7_pusht_02d0cf5d6db5e66c9b62b751,REFIT_103203,R4_ALT_CEM_1,H_POLICY,1,24,1,False,0,COMPLETE,R7_PREREGISTERED_STRESS_TEST_FRESH_CASES,False
pusht,R7_pusht_02d0cf5d6db5e66c9b62b751,REFIT_103203,R4_ALT_CEM_1,H_REAL3_REPLAN,1,24,1,False,0,COMPLETE,R7_PREREGISTERED_STRESS_TEST_FRESH_CASES,True
pusht,R7_pusht_02f68f5660abf3ea33a147c5,H0,R4_ALT_CEM_1,H_POLICY,1,14,1,False,0,COMPLETE,R7_PREREGISTERED_STRESS_TEST_FRESH_CASES,False
pusht,R7_pusht_02f68f5660abf3ea33a147c5,H0,R4_ALT_CEM_1,H_REAL3_REPLAN,1,14,1,False,0,COMPLETE,R7_PREREGISTERED_STRESS_TEST_FRESH_CASES,True
pusht,R7_pusht_02f68f5660abf3ea33a147c5,REFIT_103201,R4_ALT_CEM_1,H_POLICY,1,15,1,False,0,COMPLETE,R7_PREREGISTERED_STRESS_TEST_FRESH_CASES,False
pusht,R7_pusht_02f68f5660abf3ea33a147c5,REFIT_103201,R4_ALT_CEM_1,H_REAL3_REPLAN,1,15,1,False,0,COMPLETE,R7_PREREGISTERED_STRESS_TEST_FRESH_CASES,True
pusht,R7_pusht_02f68f5660abf3ea33a147c5,REFIT_103202,R4_ALT_CEM_1,H_POLICY,1,15,1,False,0,COMPLETE,R7_PREREGISTERED_STRESS_TEST_FRESH_CASES,False
pusht,R7_pusht_02f68f5660abf3ea33a147c5,REFIT_103202,R4_ALT_CEM_1,H_REAL3_REPLAN,1,15,1,False,0,COMPLETE,R7_PREREGISTERED_STRESS_TEST_FRESH_CASES,True
pusht,R7_pusht_02f68f5660abf3ea33a147c5,REFIT_103203,R4_ALT_CEM_1,H_POLICY,1,14,1,False,0,COMPLETE,R7_PREREGISTERED_STRESS_TEST_FRESH_CASES,False
pusht,R7_pusht_02f68f5660abf3ea33a147c5,REFIT_103203,R4_ALT_CEM_1,H_REAL3_REPLAN,1,14,1,False,0,COMPLETE,R7_PREREGISTERED_STRESS_TEST_FRESH_CASES,True
pusht,R7_pusht_02f94262d8133dea7c21cc5c,H0,R4_ALT_CEM_1,H_POLICY,0,100,4,True,0,COMPLETE,R7_PREREGISTERED_STRESS_TEST_FRESH_CASES,False
pusht,R7_pusht_02f94262d8133dea7c21cc5c,H0,R4_ALT_CEM_1,H_REAL3_REPLAN,0,100,4,True,0,COMPLETE,R7_PREREGISTERED_STRESS_TEST_FRESH_CASES,True
pusht,R7_pusht_02f94262d8133dea7c21cc5c,REFIT_103201,R4_ALT_CEM_1,H_POLICY,1,70,3,True,0,COMPLETE,R7_PREREGISTERED_STRESS_TEST_FRESH_CASES,False
pusht,R7_pusht_02f94262d8133dea7c21cc5c,REFIT_103201,R4_ALT_CEM_1,H_REAL3_REPLAN,1,95,4,True,0,COMPLETE,R7_PREREGISTERED_STRESS_TEST_FRESH_CASES,True
pusht,R7_pusht_02f94262d8133dea7c21cc5c,REFIT_103202,R4_ALT_CEM_1,H_POLICY,1,99,4,True,0,COMPLETE,R7_PREREGISTERED_STRESS_TEST_FRESH_CASES,False
pusht,R7_pusht_02f94262d8133dea7c21cc5c,REFIT_103202,R4_ALT_CEM_1,H_REAL3_REPLAN,1,75,3,True,0,COMPLETE,R7_PREREGISTERED_STRESS_TEST_FRESH_CASES,True
pusht,R7_pusht_02f94262d8133dea7c21cc5c,REFIT_103203,R4_ALT_CEM_1,H_POLICY,1,24,1,False,0,COMPLETE,R7_PREREGISTERED_STRESS_TEST_FRESH_CASES,False
pusht,R7_pusht_02f94262d8133dea7c21cc5c,REFIT_103203,R4_ALT_CEM_1,H_REAL3_REPLAN,1,24,1,False,0,COMPLETE,R7_PREREGISTERED_STRESS_TEST_FRESH_CASES,True
pusht,R7_pusht_02ffa9d1e0c744923c998aef,H0,R4_ALT_CEM_1,H_POLICY,0,100,4,True,0,COMPLETE,R7_PREREGISTERED_STRESS_TEST_FRESH_CASES,False
pusht,R7_pusht_02ffa9d1e0c744923c998aef,H0,R4_ALT_CEM_1,H_REAL3_REPLAN,0,100,4,True,0,COMPLETE,R7_PREREGISTERED_STRESS_TEST_FRESH_CASES,True
pusht,R7_pusht_02ffa9d1e0c744923c998aef,REFIT_103201,R4_ALT_CEM_1,H_POLICY,0,100,4,True,0,COMPLETE,R7_PREREGISTERED_STRESS_TEST_FRESH_CASES,False
pusht,R7_pusht_02ffa9d1e0c744923c998aef,REFIT_103201,R4_ALT_CEM_1,H_REAL3_REPLAN,0,100,4,True,0,COMPLETE,R7_PREREGISTERED_STRESS_TEST_FRESH_CASES,True
pusht,R7_pusht_02ffa9d1e0c744923c998aef,REFIT_103202,R4_ALT_CEM_1,H_POLICY,0,100,4,True,0,COMPLETE,R7_PREREGISTERED_STRESS_TEST_FRESH_CASES,False
pusht,R7_pusht_02ffa9d1e0c744923c998aef,REFIT_103202,R4_ALT_CEM_1,H_REAL3_REPLAN,0,100,4,True,0,COMPLETE,R7_PREREGISTERED_STRESS_TEST_FRESH_CASES,True
pusht,R7_pusht_02ffa9d1e0c744923c998aef,REFIT_103203,R4_ALT_CEM_1,H_POLICY,0,100,4,True,0,COMPLETE,R7_PREREGISTERED_STRESS_TEST_FRESH_CASES,False
pusht,R7_pusht_02ffa9d1e0c744923c998aef,REFIT_103203,R4_ALT_CEM_1,H_REAL3_REPLAN,0,100,4,True,0,COMPLETE,R7_PREREGISTERED_STRESS_TEST_FRESH_CASES,True
pusht,R7_pusht_0305c40eb74e7a1e091cae68,H0,R4_ALT_CEM_1,H_POLICY,0,100,4,True,0,COMPLETE,R7_PREREGISTERED_STRESS_TEST_FRESH_CASES,False
pusht,R7_pusht_0305c40eb74e7a1e091cae68,H0,R4_ALT_CEM_1,H_REAL3_REPLAN,0,100,4,True,0,COMPLETE,R7_PREREGISTERED_STRESS_TEST_FRESH_CASES,True
pusht,R7_pusht_0305c40eb74e7a1e091cae68,REFIT_103201,R4_ALT_CEM_1,H_POLICY,0,100,4,True,0,COMPLETE,R7_PREREGISTERED_STRESS_TEST_FRESH_CASES,False
pusht,R7_pusht_0305c40eb74e7a1e091cae68,REFIT_103201,R4_ALT_CEM_1,H_REAL3_REPLAN,0,100,4,True,0,COMPLETE,R7_PREREGISTERED_STRESS_TEST_FRESH_CASES,True
pusht,R7_pusht_0305c40eb74e7a1e091cae68,REFIT_103202,R4_ALT_CEM_1,H_POLICY,0,100,4,True,0,COMPLETE,R7_PREREGISTERED_STRESS_TEST_FRESH_CASES,False
pusht,R7_pusht_0305c40eb74e7a1e091cae68,REFIT_103202,R4_ALT_CEM_1,H_REAL3_REPLAN,0,100,4,True,0,COMPLETE,R7_PREREGISTERED_STRESS_TEST_FRESH_CASES,True
pusht,R7_pusht_0305c40eb74e7a1e091cae68,REFIT_103203,R4_ALT_CEM_1,H_POLICY,0,100,4,True,0,COMPLETE,R7_PREREGISTERED_STRESS_TEST_FRESH_CASES,False
pusht,R7_pusht_0305c40eb74e7a1e091cae68,REFIT_103203,R4_ALT_CEM_1,H_REAL3_REPLAN,0,100,4,True,0,COMPLETE,R7_PREREGISTERED_STRESS_TEST_FRESH_CASES,True
pusht,R7_pusht_030854683cf4a3761b62a268,H0,R4_ALT_CEM_1,H_POLICY,0,100,4,True,0,COMPLETE,R7_PREREGISTERED_STRESS_TEST_FRESH_CASES,False
pusht,R7_pusht_030854683cf4a3761b62a268,H0,R4_ALT_CEM_1,H_REAL3_REPLAN,0,100,4,True,0,COMPLETE,R7_PREREGISTERED_STRESS_TEST_FRESH_CASES,True
pusht,R7_pusht_030854683cf4a3761b62a268,REFIT_103201,R4_ALT_CEM_1,H_POLICY,0,100,4,True,0,COMPLETE,R7_PREREGISTERED_STRESS_TEST_FRESH_CASES,False
pusht,R7_pusht_030854683cf4a3761b62a268,REFIT_103201,R4_ALT_CEM_1,H_REAL3_REPLAN,0,100,4,True,0,COMPLETE,R7_PREREGISTERED_STRESS_TEST_FRESH_CASES,True
pusht,R7_pusht_030854683cf4a3761b62a268,REFIT_103202,R4_ALT_CEM_1,H_POLICY,0,100,4,True,0,COMPLETE,R7_PREREGISTERED_STRESS_TEST_FRESH_CASES,False
pusht,R7_pusht_030854683cf4a3761b62a268,REFIT_103202,R4_ALT_CEM_1,H_REAL3_REPLAN,0,100,4,True,0,COMPLETE,R7_PREREGISTERED_STRESS_TEST_FRESH_CASES,True
pusht,R7_pusht_030854683cf4a3761b62a268,REFIT_103203,R4_ALT_CEM_1,H_POLICY,0,100,4,True,0,COMPLETE,R7_PREREGISTERED_STRESS_TEST_FRESH_CASES,False
pusht,R7_pusht_030854683cf4a3761b62a268,REFIT_103203,R4_ALT_CEM_1,H_REAL3_REPLAN,0,100,4,True,0,COMPLETE,R7_PREREGISTERED_STRESS_TEST_FRESH_CASES,True
pusht,R7_pusht_03099da9f6151305c09ca86b,H0,R4_ALT_CEM_1,H_POLICY,1,25,1,False,0,COMPLETE,R7_PREREGISTERED_STRESS_TEST_FRESH_CASES,False
pusht,R7_pusht_03099da9f6151305c09ca86b,H0,R4_ALT_CEM_1,H_REAL3_REPLAN,1,25,1,False,0,COMPLETE,R7_PREREGISTERED_STRESS_TEST_FRESH_CASES,True
pusht,R7_pusht_03099da9f6151305c09ca86b,REFIT_103201,R4_ALT_CEM_1,H_POLICY,0,100,4,True,0,COMPLETE,R7_PREREGISTERED_STRESS_TEST_FRESH_CASES,False
pusht,R7_pusht_03099da9f6151305c09ca86b,REFIT_103201,R4_ALT_CEM_1,H_REAL3_REPLAN,0,100,4,True,0,COMPLETE,R7_PREREGISTERED_STRESS_TEST_FRESH_CASES,True
pusht,R7_pusht_03099da9f6151305c09ca86b,REFIT_103202,R4_ALT_CEM_1,H_POLICY,0,100,4,True,0,COMPLETE,R7_PREREGISTERED_STRESS_TEST_FRESH_CASES,False
pusht,R7_pusht_03099da9f6151305c09ca86b,REFIT_103202,R4_ALT_CEM_1,H_REAL3_REPLAN,0,100,4,True,0,COMPLETE,R7_PREREGISTERED_STRESS_TEST_FRESH_CASES,True
pusht,R7_pusht_03099da9f6151305c09ca86b,REFIT_103203,R4_ALT_CEM_1,H_POLICY,0,100,4,True,0,COMPLETE,R7_PREREGISTERED_STRESS_TEST_FRESH_CASES,False
pusht,R7_pusht_03099da9f6151305c09ca86b,REFIT_103203,R4_ALT_CEM_1,H_REAL3_REPLAN,0,100,4,True,0,COMPLETE,R7_PREREGISTERED_STRESS_TEST_FRESH_CASES,True
pusht,R7_pusht_030cd94224b27d0707ecf0e9,H0,R4_ALT_CEM_1,H_POLICY,1,25,1,False,0,COMPLETE,R7_PREREGISTERED_STRESS_TEST_FRESH_CASES,False
pusht,R7_pusht_030cd94224b27d0707ecf0e9,H0,R4_ALT_CEM_1,H_REAL3_REPLAN,1,25,1,False,0,COMPLETE,R7_PREREGISTERED_STRESS_TEST_FRESH_CASES,True
pusht,R7_pusht_030cd94224b27d0707ecf0e9,REFIT_103201,R4_ALT_CEM_1,H_POLICY,1,24,1,False,0,COMPLETE,R7_PREREGISTERED_STRESS_TEST_FRESH_CASES,False
pusht,R7_pusht_030cd94224b27d0707ecf0e9,REFIT_103201,R4_ALT_CEM_1,H_REAL3_REPLAN,1,24,1,False,0,COMPLETE,R7_PREREGISTERED_STRESS_TEST_FRESH_CASES,True
pusht,R7_pusht_030cd94224b27d0707ecf0e9,REFIT_103202,R4_ALT_CEM_1,H_POLICY,1,24,1,False,0,COMPLETE,R7_PREREGISTERED_STRESS_TEST_FRESH_CASES,False
pusht,R7_pusht_030cd94224b27d0707ecf0e9,REFIT_103202,R4_ALT_CEM_1,H_REAL3_REPLAN,1,24,1,False,0,COMPLETE,R7_PREREGISTERED_STRESS_TEST_FRESH_CASES,True
pusht,R7_pusht_030cd94224b27d0707ecf0e9,REFIT_103203,R4_ALT_CEM_1,H_POLICY,1,24,1,False,0,COMPLETE,R7_PREREGISTERED_STRESS_TEST_FRESH_CASES,False
pusht,R7_pusht_030cd94224b27d0707ecf0e9,REFIT_103203,R4_ALT_CEM_1,H_REAL3_REPLAN,1,24,1,False,0,COMPLETE,R7_PREREGISTERED_STRESS_TEST_FRESH_CASES,True
pusht,R7_pusht_0314e8bfe1a05c8592ef6bd0,H0,R4_ALT_CEM_1,H_POLICY,1,24,1,False,0,COMPLETE,R7_PREREGISTERED_STRESS_TEST_FRESH_CASES,False
pusht,R7_pusht_0314e8bfe1a05c8592ef6bd0,H0,R4_ALT_CEM_1,H_REAL3_REPLAN,1,24,1,False,0,COMPLETE,R7_PREREGISTERED_STRESS_TEST_FRESH_CASES,True
pusht,R7_pusht_0314e8bfe1a05c8592ef6bd0,REFIT_103201,R4_ALT_CEM_1,H_POLICY,0,100,4,True,0,COMPLETE,R7_PREREGISTERED_STRESS_TEST_FRESH_CASES,False
pusht,R7_pusht_0314e8bfe1a05c8592ef6bd0,REFIT_103201,R4_ALT_CEM_1,H_REAL3_REPLAN,0,100,4,True,0,COMPLETE,R7_PREREGISTERED_STRESS_TEST_FRESH_CASES,True
pusht,R7_pusht_0314e8bfe1a05c8592ef6bd0,REFIT_103202,R4_ALT_CEM_1,H_POLICY,0,100,4,True,0,COMPLETE,R7_PREREGISTERED_STRESS_TEST_FRESH_CASES,False
pusht,R7_pusht_0314e8bfe1a05c8592ef6bd0,REFIT_103202,R4_ALT_CEM_1,H_REAL3_REPLAN,0,100,4,True,0,COMPLETE,R7_PREREGISTERED_STRESS_TEST_FRESH_CASES,True
pusht,R7_pusht_0314e8bfe1a05c8592ef6bd0,REFIT_103203,R4_ALT_CEM_1,H_POLICY,0,100,4,True,0,COMPLETE,R7_PREREGISTERED_STRESS_TEST_FRESH_CASES,False
pusht,R7_pusht_0314e8bfe1a05c8592ef6bd0,REFIT_103203,R4_ALT_CEM_1,H_REAL3_REPLAN,0,100,4,True,0,COMPLETE,R7_PREREGISTERED_STRESS_TEST_FRESH_CASES,True
pusht,R7_pusht_031f43832ae0fc0bb6cca900,H0,R4_ALT_CEM_1,H_POLICY,0,100,4,True,0,COMPLETE,R7_PREREGISTERED_STRESS_TEST_FRESH_CASES,False
pusht,R7_pusht_031f43832ae0fc0bb6cca900,H0,R4_ALT_CEM_1,H_REAL3_REPLAN,0,100,4,True,0,COMPLETE,R7_PREREGISTERED_STRESS_TEST_FRESH_CASES,True
pusht,R7_pusht_031f43832ae0fc0bb6cca900,REFIT_103201,R4_ALT_CEM_1,H_POLICY,0,100,4,True,0,COMPLETE,R7_PREREGISTERED_STRESS_TEST_FRESH_CASES,False
pusht,R7_pusht_031f43832ae0fc0bb6cca900,REFIT_103201,R4_ALT_CEM_1,H_REAL3_REPLAN,0,100,4,True,0,COMPLETE,R7_PREREGISTERED_STRESS_TEST_FRESH_CASES,True
pusht,R7_pusht_031f43832ae0fc0bb6cca900,REFIT_103202,R4_ALT_CEM_1,H_POLICY,0,100,4,True,0,COMPLETE,R7_PREREGISTERED_STRESS_TEST_FRESH_CASES,False
pusht,R7_pusht_031f43832ae0fc0bb6cca900,REFIT_103202,R4_ALT_CEM_1,H_REAL3_REPLAN,0,100,4,True,0,COMPLETE,R7_PREREGISTERED_STRESS_TEST_FRESH_CASES,True
pusht,R7_pusht_031f43832ae0fc0bb6cca900,REFIT_103203,R4_ALT_CEM_1,H_POLICY,0,100,4,True,0,COMPLETE,R7_PREREGISTERED_STRESS_TEST_FRESH_CASES,False
pusht,R7_pusht_031f43832ae0fc0bb6cca900,REFIT_103203,R4_ALT_CEM_1,H_REAL3_REPLAN,0,100,4,True,0,COMPLETE,R7_PREREGISTERED_STRESS_TEST_FRESH_CASES,True
pusht,R7_pusht_0330f6c6f9fc7a418956273e,H0,R4_ALT_CEM_1,H_POLICY,0,100,4,True,0,COMPLETE,R7_PREREGISTERED_STRESS_TEST_FRESH_CASES,False
pusht,R7_pusht_0330f6c6f9fc7a418956273e,H0,R4_ALT_CEM_1,H_REAL3_REPLAN,0,100,4,True,0,COMPLETE,R7_PREREGISTERED_STRESS_TEST_FRESH_CASES,True
pusht,R7_pusht_0330f6c6f9fc7a418956273e,REFIT_103201,R4_ALT_CEM_1,H_POLICY,0,100,4,True,0,COMPLETE,R7_PREREGISTERED_STRESS_TEST_FRESH_CASES,False
pusht,R7_pusht_0330f6c6f9fc7a418956273e,REFIT_103201,R4_ALT_CEM_1,H_REAL3_REPLAN,0,100,4,True,0,COMPLETE,R7_PREREGISTERED_STRESS_TEST_FRESH_CASES,True
pusht,R7_pusht_0330f6c6f9fc7a418956273e,REFIT_103202,R4_ALT_CEM_1,H_POLICY,0,100,4,True,0,COMPLETE,R7_PREREGISTERED_STRESS_TEST_FRESH_CASES,False
pusht,R7_pusht_0330f6c6f9fc7a418956273e,REFIT_103202,R4_ALT_CEM_1,H_REAL3_REPLAN,0,100,4,True,0,COMPLETE,R7_PREREGISTERED_STRESS_TEST_FRESH_CASES,True
pusht,R7_pusht_0330f6c6f9fc7a418956273e,REFIT_103203,R4_ALT_CEM_1,H_POLICY,0,100,4,True,0,COMPLETE,R7_PREREGISTERED_STRESS_TEST_FRESH_CASES,False
pusht,R7_pusht_0330f6c6f9fc7a418956273e,REFIT_103203,R4_ALT_CEM_1,H_REAL3_REPLAN,0,100,4,True,0,COMPLETE,R7_PREREGISTERED_STRESS_TEST_FRESH_CASES,True
pusht,R7_pusht_034995e94e19dc243f05fdf5,H0,R4_ALT_CEM_1,H_POLICY,1,24,1,False,0,COMPLETE,R7_PREREGISTERED_STRESS_TEST_FRESH_CASES,False
pusht,R7_pusht_034995e94e19dc243f05fdf5,H0,R4_ALT_CEM_1,H_REAL3_REPLAN,1,24,1,False,0,COMPLETE,R7_PREREGISTERED_STRESS_TEST_FRESH_CASES,True
pusht,R7_pusht_034995e94e19dc243f05fdf5,REFIT_103201,R4_ALT_CEM_1,H_POLICY,1,23,1,False,0,COMPLETE,R7_PREREGISTERED_STRESS_TEST_FRESH_CASES,False
pusht,R7_pusht_034995e94e19dc243f05fdf5,REFIT_103201,R4_ALT_CEM_1,H_REAL3_REPLAN,1,23,1,False,0,COMPLETE,R7_PREREGISTERED_STRESS_TEST_FRESH_CASES,True
pusht,R7_pusht_034995e94e19dc243f05fdf5,REFIT_103202,R4_ALT_CEM_1,H_POLICY,1,24,1,False,0,COMPLETE,R7_PREREGISTERED_STRESS_TEST_FRESH_CASES,False
pusht,R7_pusht_034995e94e19dc243f05fdf5,REFIT_103202,R4_ALT_CEM_1,H_REAL3_REPLAN,1,24,1,False,0,COMPLETE,R7_PREREGISTERED_STRESS_TEST_FRESH_CASES,True
pusht,R7_pusht_034995e94e19dc243f05fdf5,REFIT_103203,R4_ALT_CEM_1,H_POLICY,1,23,1,False,0,COMPLETE,R7_PREREGISTERED_STRESS_TEST_FRESH_CASES,False
pusht,R7_pusht_034995e94e19dc243f05fdf5,REFIT_103203,R4_ALT_CEM_1,H_REAL3_REPLAN,1,23,1,False,0,COMPLETE,R7_PREREGISTERED_STRESS_TEST_FRESH_CASES,True
pusht,R7_pusht_0370646fa70e8a58a0a8ab9b,H0,R4_ALT_CEM_1,H_POLICY,1,24,1,False,0,COMPLETE,R7_PREREGISTERED_STRESS_TEST_FRESH_CASES,False
pusht,R7_pusht_0370646fa70e8a58a0a8ab9b,H0,R4_ALT_CEM_1,H_REAL3_REPLAN,1,24,1,False,0,COMPLETE,R7_PREREGISTERED_STRESS_TEST_FRESH_CASES,True
pusht,R7_pusht_0370646fa70e8a58a0a8ab9b,REFIT_103201,R4_ALT_CEM_1,H_POLICY,1,24,1,False,0,COMPLETE,R7_PREREGISTERED_STRESS_TEST_FRESH_CASES,False
pusht,R7_pusht_0370646fa70e8a58a0a8ab9b,REFIT_103201,R4_ALT_CEM_1,H_REAL3_REPLAN,1,24,1,False,0,COMPLETE,R7_PREREGISTERED_STRESS_TEST_FRESH_CASES,True
pusht,R7_pusht_0370646fa70e8a58a0a8ab9b,REFIT_103202,R4_ALT_CEM_1,H_POLICY,1,24,1,False,0,COMPLETE,R7_PREREGISTERED_STRESS_TEST_FRESH_CASES,False
pusht,R7_pusht_0370646fa70e8a58a0a8ab9b,REFIT_103202,R4_ALT_CEM_1,H_REAL3_REPLAN,1,24,1,False,0,COMPLETE,R7_PREREGISTERED_STRESS_TEST_FRESH_CASES,True
pusht,R7_pusht_0370646fa70e8a58a0a8ab9b,REFIT_103203,R4_ALT_CEM_1,H_POLICY,1,25,1,False,0,COMPLETE,R7_PREREGISTERED_STRESS_TEST_FRESH_CASES,False
pusht,R7_pusht_0370646fa70e8a58a0a8ab9b,REFIT_103203,R4_ALT_CEM_1,H_REAL3_REPLAN,1,25,1,False,0,COMPLETE,R7_PREREGISTERED_STRESS_TEST_FRESH_CASES,True
pusht,R7_pusht_03771182578f98b7f1941386,H0,R4_ALT_CEM_1,H_POLICY,0,100,4,True,0,COMPLETE,R7_PREREGISTERED_STRESS_TEST_FRESH_CASES,False
pusht,R7_pusht_03771182578f98b7f1941386,H0,R4_ALT_CEM_1,H_REAL3_REPLAN,0,100,4,True,0,COMPLETE,R7_PREREGISTERED_STRESS_TEST_FRESH_CASES,True
pusht,R7_pusht_03771182578f98b7f1941386,REFIT_103201,R4_ALT_CEM_1,H_POLICY,0,100,4,True,0,COMPLETE,R7_PREREGISTERED_STRESS_TEST_FRESH_CASES,False
pusht,R7_pusht_03771182578f98b7f1941386,REFIT_103201,R4_ALT_CEM_1,H_REAL3_REPLAN,0,100,4,True,0,COMPLETE,R7_PREREGISTERED_STRESS_TEST_FRESH_CASES,True
pusht,R7_pusht_03771182578f98b7f1941386,REFIT_103202,R4_ALT_CEM_1,H_POLICY,0,100,4,True,0,COMPLETE,R7_PREREGISTERED_STRESS_TEST_FRESH_CASES,False
pusht,R7_pusht_03771182578f98b7f1941386,REFIT_103202,R4_ALT_CEM_1,H_REAL3_REPLAN,0,100,4,True,0,COMPLETE,R7_PREREGISTERED_STRESS_TEST_FRESH_CASES,True
pusht,R7_pusht_03771182578f98b7f1941386,REFIT_103203,R4_ALT_CEM_1,H_POLICY,0,100,4,True,0,COMPLETE,R7_PREREGISTERED_STRESS_TEST_FRESH_CASES,False
pusht,R7_pusht_03771182578f98b7f1941386,REFIT_103203,R4_ALT_CEM_1,H_REAL3_REPLAN,0,100,4,True,0,COMPLETE,R7_PREREGISTERED_STRESS_TEST_FRESH_CASES,True
pusht,R7_pusht_03817da0342f7fdedfedf91c,H0,R4_ALT_CEM_1,H_POLICY,1,16,1,False,0,COMPLETE,R7_PREREGISTERED_STRESS_TEST_FRESH_CASES,False
pusht,R7_pusht_03817da0342f7fdedfedf91c,H0,R4_ALT_CEM_1,H_REAL3_REPLAN,1,16,1,False,0,COMPLETE,R7_PREREGISTERED_STRESS_TEST_FRESH_CASES,True
pusht,R7_pusht_03817da0342f7fdedfedf91c,REFIT_103201,R4_ALT_CEM_1,H_POLICY,1,24,1,False,0,COMPLETE,R7_PREREGISTERED_STRESS_TEST_FRESH_CASES,False
pusht,R7_pusht_03817da0342f7fdedfedf91c,REFIT_103201,R4_ALT_CEM_1,H_REAL3_REPLAN,1,24,1,False,0,COMPLETE,R7_PREREGISTERED_STRESS_TEST_FRESH_CASES,True
pusht,R7_pusht_03817da0342f7fdedfedf91c,REFIT_103202,R4_ALT_CEM_1,H_POLICY,1,22,1,False,0,COMPLETE,R7_PREREGISTERED_STRESS_TEST_FRESH_CASES,False
pusht,R7_pusht_03817da0342f7fdedfedf91c,REFIT_103202,R4_ALT_CEM_1,H_REAL3_REPLAN,1,22,1,False,0,COMPLETE,R7_PREREGISTERED_STRESS_TEST_FRESH_CASES,True
pusht,R7_pusht_03817da0342f7fdedfedf91c,REFIT_103203,R4_ALT_CEM_1,H_POLICY,1,22,1,False,0,COMPLETE,R7_PREREGISTERED_STRESS_TEST_FRESH_CASES,False
pusht,R7_pusht_03817da0342f7fdedfedf91c,REFIT_103203,R4_ALT_CEM_1,H_REAL3_REPLAN,1,22,1,False,0,COMPLETE,R7_PREREGISTERED_STRESS_TEST_FRESH_CASES,True
pusht,R7_pusht_0389b12feae8aa511870db5b,H0,R4_ALT_CEM_1,H_POLICY,1,24,1,False,0,COMPLETE,R7_PREREGISTERED_STRESS_TEST_FRESH_CASES,False
pusht,R7_pusht_0389b12feae8aa511870db5b,H0,R4_ALT_CEM_1,H_REAL3_REPLAN,1,24,1,False,0,COMPLETE,R7_PREREGISTERED_STRESS_TEST_FRESH_CASES,True
pusht,R7_pusht_0389b12feae8aa511870db5b,REFIT_103201,R4_ALT_CEM_1,H_POLICY,1,24,1,False,0,COMPLETE,R7_PREREGISTERED_STRESS_TEST_FRESH_CASES,False
pusht,R7_pusht_0389b12feae8aa511870db5b,REFIT_103201,R4_ALT_CEM_1,H_REAL3_REPLAN,1,24,1,False,0,COMPLETE,R7_PREREGISTERED_STRESS_TEST_FRESH_CASES,True
pusht,R7_pusht_0389b12feae8aa511870db5b,REFIT_103202,R4_ALT_CEM_1,H_POLICY,1,24,1,False,0,COMPLETE,R7_PREREGISTERED_STRESS_TEST_FRESH_CASES,False
pusht,R7_pusht_0389b12feae8aa511870db5b,REFIT_103202,R4_ALT_CEM_1,H_REAL3_REPLAN,1,24,1,False,0,COMPLETE,R7_PREREGISTERED_STRESS_TEST_FRESH_CASES,True
pusht,R7_pusht_0389b12feae8aa511870db5b,REFIT_103203,R4_ALT_CEM_1,H_POLICY,1,24,1,False,0,COMPLETE,R7_PREREGISTERED_STRESS_TEST_FRESH_CASES,False
pusht,R7_pusht_0389b12feae8aa511870db5b,REFIT_103203,R4_ALT_CEM_1,H_REAL3_REPLAN,1,24,1,False,0,COMPLETE,R7_PREREGISTERED_STRESS_TEST_FRESH_CASES,True
pusht,R7_pusht_0392e4da40d19dcad59cb175,H0,R4_ALT_CEM_1,H_POLICY,0,100,4,True,0,COMPLETE,R7_PREREGISTERED_STRESS_TEST_FRESH_CASES,False
pusht,R7_pusht_0392e4da40d19dcad59cb175,H0,R4_ALT_CEM_1,H_REAL3_REPLAN,0,100,4,True,0,COMPLETE,R7_PREREGISTERED_STRESS_TEST_FRESH_CASES,True
pusht,R7_pusht_0392e4da40d19dcad59cb175,REFIT_103201,R4_ALT_CEM_1,H_POLICY,0,100,4,True,0,COMPLETE,R7_PREREGISTERED_STRESS_TEST_FRESH_CASES,False
pusht,R7_pusht_0392e4da40d19dcad59cb175,REFIT_103201,R4_ALT_CEM_1,H_REAL3_REPLAN,0,100,4,True,0,COMPLETE,R7_PREREGISTERED_STRESS_TEST_FRESH_CASES,True
pusht,R7_pusht_0392e4da40d19dcad59cb175,REFIT_103202,R4_ALT_CEM_1,H_POLICY,0,100,4,True,0,COMPLETE,R7_PREREGISTERED_STRESS_TEST_FRESH_CASES,False
pusht,R7_pusht_0392e4da40d19dcad59cb175,REFIT_103202,R4_ALT_CEM_1,H_REAL3_REPLAN,0,100,4,True,0,COMPLETE,R7_PREREGISTERED_STRESS_TEST_FRESH_CASES,True
pusht,R7_pusht_0392e4da40d19dcad59cb175,REFIT_103203,R4_ALT_CEM_1,H_POLICY,0,100,4,True,0,COMPLETE,R7_PREREGISTERED_STRESS_TEST_FRESH_CASES,False
pusht,R7_pusht_0392e4da40d19dcad59cb175,REFIT_103203,R4_ALT_CEM_1,H_REAL3_REPLAN,0,100,4,True,0,COMPLETE,R7_PREREGISTERED_STRESS_TEST_FRESH_CASES,True
pusht,R7_pusht_03974a1198929242830a5517,H0,R4_ALT_CEM_1,H_POLICY,1,24,1,False,0,COMPLETE,R7_PREREGISTERED_STRESS_TEST_FRESH_CASES,False
pusht,R7_pusht_03974a1198929242830a5517,H0,R4_ALT_CEM_1,H_REAL3_REPLAN,1,24,1,False,0,COMPLETE,R7_PREREGISTERED_STRESS_TEST_FRESH_CASES,True
pusht,R7_pusht_03974a1198929242830a5517,REFIT_103201,R4_ALT_CEM_1,H_POLICY,1,24,1,False,0,COMPLETE,R7_PREREGISTERED_STRESS_TEST_FRESH_CASES,False
pusht,R7_pusht_03974a1198929242830a5517,REFIT_103201,R4_ALT_CEM_1,H_REAL3_REPLAN,1,24,1,False,0,COMPLETE,R7_PREREGISTERED_STRESS_TEST_FRESH_CASES,True
pusht,R7_pusht_03974a1198929242830a5517,REFIT_103202,R4_ALT_CEM_1,H_POLICY,1,24,1,False,0,COMPLETE,R7_PREREGISTERED_STRESS_TEST_FRESH_CASES,False
pusht,R7_pusht_03974a1198929242830a5517,REFIT_103202,R4_ALT_CEM_1,H_REAL3_REPLAN,1,24,1,False,0,COMPLETE,R7_PREREGISTERED_STRESS_TEST_FRESH_CASES,True
pusht,R7_pusht_03974a1198929242830a5517,REFIT_103203,R4_ALT_CEM_1,H_POLICY,1,24,1,False,0,COMPLETE,R7_PREREGISTERED_STRESS_TEST_FRESH_CASES,False
pusht,R7_pusht_03974a1198929242830a5517,REFIT_103203,R4_ALT_CEM_1,H_REAL3_REPLAN,1,24,1,False,0,COMPLETE,R7_PREREGISTERED_STRESS_TEST_FRESH_CASES,True
pusht,R7_pusht_03a355767097a0dbd38c1fd1,H0,R4_ALT_CEM_1,H_POLICY,0,100,4,True,0,COMPLETE,R7_PREREGISTERED_STRESS_TEST_FRESH_CASES,False
pusht,R7_pusht_03a355767097a0dbd38c1fd1,H0,R4_ALT_CEM_1,H_REAL3_REPLAN,0,100,4,True,0,COMPLETE,R7_PREREGISTERED_STRESS_TEST_FRESH_CASES,True
pusht,R7_pusht_03a355767097a0dbd38c1fd1,REFIT_103201,R4_ALT_CEM_1,H_POLICY,0,100,4,True,0,COMPLETE,R7_PREREGISTERED_STRESS_TEST_FRESH_CASES,False
pusht,R7_pusht_03a355767097a0dbd38c1fd1,REFIT_103201,R4_ALT_CEM_1,H_REAL3_REPLAN,0,100,4,True,0,COMPLETE,R7_PREREGISTERED_STRESS_TEST_FRESH_CASES,True
pusht,R7_pusht_03a355767097a0dbd38c1fd1,REFIT_103202,R4_ALT_CEM_1,H_POLICY,0,100,4,True,0,COMPLETE,R7_PREREGISTERED_STRESS_TEST_FRESH_CASES,False
pusht,R7_pusht_03a355767097a0dbd38c1fd1,REFIT_103202,R4_ALT_CEM_1,H_REAL3_REPLAN,0,100,4,True,0,COMPLETE,R7_PREREGISTERED_STRESS_TEST_FRESH_CASES,True
pusht,R7_pusht_03a355767097a0dbd38c1fd1,REFIT_103203,R4_ALT_CEM_1,H_POLICY,0,100,4,True,0,COMPLETE,R7_PREREGISTERED_STRESS_TEST_FRESH_CASES,False
pusht,R7_pusht_03a355767097a0dbd38c1fd1,REFIT_103203,R4_ALT_CEM_1,H_REAL3_REPLAN,0,100,4,True,0,COMPLETE,R7_PREREGISTERED_STRESS_TEST_FRESH_CASES,True
pusht,R7_pusht_03a45f8f0f83b9416ba20236,H0,R4_ALT_CEM_1,H_POLICY,0,100,4,True,0,COMPLETE,R7_PREREGISTERED_STRESS_TEST_FRESH_CASES,False
pusht,R7_pusht_03a45f8f0f83b9416ba20236,H0,R4_ALT_CEM_1,H_REAL3_REPLAN,0,100,4,True,0,COMPLETE,R7_PREREGISTERED_STRESS_TEST_FRESH_CASES,True
pusht,R7_pusht_03a45f8f0f83b9416ba20236,REFIT_103201,R4_ALT_CEM_1,H_POLICY,0,100,4,True,0,COMPLETE,R7_PREREGISTERED_STRESS_TEST_FRESH_CASES,False
pusht,R7_pusht_03a45f8f0f83b9416ba20236,REFIT_103201,R4_ALT_CEM_1,H_REAL3_REPLAN,0,100,4,True,0,COMPLETE,R7_PREREGISTERED_STRESS_TEST_FRESH_CASES,True
pusht,R7_pusht_03a45f8f0f83b9416ba20236,REFIT_103202,R4_ALT_CEM_1,H_POLICY,0,100,4,True,0,COMPLETE,R7_PREREGISTERED_STRESS_TEST_FRESH_CASES,False
pusht,R7_pusht_03a45f8f0f83b9416ba20236,REFIT_103202,R4_ALT_CEM_1,H_REAL3_REPLAN,0,100,4,True,0,COMPLETE,R7_PREREGISTERED_STRESS_TEST_FRESH_CASES,True
pusht,R7_pusht_03a45f8f0f83b9416ba20236,REFIT_103203,R4_ALT_CEM_1,H_POLICY,0,100,4,True,0,COMPLETE,R7_PREREGISTERED_STRESS_TEST_FRESH_CASES,False
pusht,R7_pusht_03a45f8f0f83b9416ba20236,REFIT_103203,R4_ALT_CEM_1,H_REAL3_REPLAN,0,100,4,True,0,COMPLETE,R7_PREREGISTERED_STRESS_TEST_FRESH_CASES,True
pusht,R7_pusht_03a8b37a6838cb60cbaf142c,H0,R4_ALT_CEM_1,H_POLICY,1,24,1,False,0,COMPLETE,R7_PREREGISTERED_STRESS_TEST_FRESH_CASES,False
pusht,R7_pusht_03a8b37a6838cb60cbaf142c,H0,R4_ALT_CEM_1,H_REAL3_REPLAN,1,24,1,False,0,COMPLETE,R7_PREREGISTERED_STRESS_TEST_FRESH_CASES,True
pusht,R7_pusht_03a8b37a6838cb60cbaf142c,REFIT_103201,R4_ALT_CEM_1,H_POLICY,1,25,1,False,0,COMPLETE,R7_PREREGISTERED_STRESS_TEST_FRESH_CASES,False
pusht,R7_pusht_03a8b37a6838cb60cbaf142c,REFIT_103201,R4_ALT_CEM_1,H_REAL3_REPLAN,1,25,1,False,0,COMPLETE,R7_PREREGISTERED_STRESS_TEST_FRESH_CASES,True
pusht,R7_pusht_03a8b37a6838cb60cbaf142c,REFIT_103202,R4_ALT_CEM_1,H_POLICY,1,25,1,False,0,COMPLETE,R7_PREREGISTERED_STRESS_TEST_FRESH_CASES,False
pusht,R7_pusht_03a8b37a6838cb60cbaf142c,REFIT_103202,R4_ALT_CEM_1,H_REAL3_REPLAN,1,25,1,False,0,COMPLETE,R7_PREREGISTERED_STRESS_TEST_FRESH_CASES,True
pusht,R7_pusht_03a8b37a6838cb60cbaf142c,REFIT_103203,R4_ALT_CEM_1,H_POLICY,1,25,1,False,0,COMPLETE,R7_PREREGISTERED_STRESS_TEST_FRESH_CASES,False
pusht,R7_pusht_03a8b37a6838cb60cbaf142c,REFIT_103203,R4_ALT_CEM_1,H_REAL3_REPLAN,1,25,1,False,0,COMPLETE,R7_PREREGISTERED_STRESS_TEST_FRESH_CASES,True
pusht,R7_pusht_03cabfd63e99ffd4495e82bf,H0,R4_ALT_CEM_1,H_POLICY,1,22,1,False,0,COMPLETE,R7_PREREGISTERED_STRESS_TEST_FRESH_CASES,False
pusht,R7_pusht_03cabfd63e99ffd4495e82bf,H0,R4_ALT_CEM_1,H_REAL3_REPLAN,1,22,1,False,0,COMPLETE,R7_PREREGISTERED_STRESS_TEST_FRESH_CASES,True
pusht,R7_pusht_03cabfd63e99ffd4495e82bf,REFIT_103201,R4_ALT_CEM_1,H_POLICY,0,100,4,True,0,COMPLETE,R7_PREREGISTERED_STRESS_TEST_FRESH_CASES,False
pusht,R7_pusht_03cabfd63e99ffd4495e82bf,REFIT_103201,R4_ALT_CEM_1,H_REAL3_REPLAN,0,100,4,True,0,COMPLETE,R7_PREREGISTERED_STRESS_TEST_FRESH_CASES,True
pusht,R7_pusht_03cabfd63e99ffd4495e82bf,REFIT_103202,R4_ALT_CEM_1,H_POLICY,0,100,4,True,0,COMPLETE,R7_PREREGISTERED_STRESS_TEST_FRESH_CASES,False
pusht,R7_pusht_03cabfd63e99ffd4495e82bf,REFIT_103202,R4_ALT_CEM_1,H_REAL3_REPLAN,0,100,4,True,0,COMPLETE,R7_PREREGISTERED_STRESS_TEST_FRESH_CASES,True
pusht,R7_pusht_03cabfd63e99ffd4495e82bf,REFIT_103203,R4_ALT_CEM_1,H_POLICY,0,100,4,True,0,COMPLETE,R7_PREREGISTERED_STRESS_TEST_FRESH_CASES,False
pusht,R7_pusht_03cabfd63e99ffd4495e82bf,REFIT_103203,R4_ALT_CEM_1,H_REAL3_REPLAN,0,100,4,True,0,COMPLETE,R7_PREREGISTERED_STRESS_TEST_FRESH_CASES,True
pusht,R7_pusht_03eb15f5e899e85677eef1b7,H0,R4_ALT_CEM_1,H_POLICY,0,100,4,True,0,COMPLETE,R7_PREREGISTERED_STRESS_TEST_FRESH_CASES,False
pusht,R7_pusht_03eb15f5e899e85677eef1b7,H0,R4_ALT_CEM_1,H_REAL3_REPLAN,0,100,4,True,0,COMPLETE,R7_PREREGISTERED_STRESS_TEST_FRESH_CASES,True
pusht,R7_pusht_03eb15f5e899e85677eef1b7,REFIT_103201,R4_ALT_CEM_1,H_POLICY,0,100,4,True,0,COMPLETE,R7_PREREGISTERED_STRESS_TEST_FRESH_CASES,False
pusht,R7_pusht_03eb15f5e899e85677eef1b7,REFIT_103201,R4_ALT_CEM_1,H_REAL3_REPLAN,0,100,4,True,0,COMPLETE,R7_PREREGISTERED_STRESS_TEST_FRESH_CASES,True
pusht,R7_pusht_03eb15f5e899e85677eef1b7,REFIT_103202,R4_ALT_CEM_1,H_POLICY,0,100,4,True,0,COMPLETE,R7_PREREGISTERED_STRESS_TEST_FRESH_CASES,False
pusht,R7_pusht_03eb15f5e899e85677eef1b7,REFIT_103202,R4_ALT_CEM_1,H_REAL3_REPLAN,0,100,4,True,0,COMPLETE,R7_PREREGISTERED_STRESS_TEST_FRESH_CASES,True
pusht,R7_pusht_03eb15f5e899e85677eef1b7,REFIT_103203,R4_ALT_CEM_1,H_POLICY,0,100,4,True,0,COMPLETE,R7_PREREGISTERED_STRESS_TEST_FRESH_CASES,False
pusht,R7_pusht_03eb15f5e899e85677eef1b7,REFIT_103203,R4_ALT_CEM_1,H_REAL3_REPLAN,0,100,4,True,0,COMPLETE,R7_PREREGISTERED_STRESS_TEST_FRESH_CASES,True
pusht,R7_pusht_03f4a6fe90776fe3b0963ef2,H0,R4_ALT_CEM_1,H_POLICY,1,25,1,False,0,COMPLETE,R7_PREREGISTERED_STRESS_TEST_FRESH_CASES,False
pusht,R7_pusht_03f4a6fe90776fe3b0963ef2,H0,R4_ALT_CEM_1,H_REAL3_REPLAN,1,25,1,False,0,COMPLETE,R7_PREREGISTERED_STRESS_TEST_FRESH_CASES,True
pusht,R7_pusht_03f4a6fe90776fe3b0963ef2,REFIT_103201,R4_ALT_CEM_1,H_POLICY,1,25,1,False,0,COMPLETE,R7_PREREGISTERED_STRESS_TEST_FRESH_CASES,False
pusht,R7_pusht_03f4a6fe90776fe3b0963ef2,REFIT_103201,R4_ALT_CEM_1,H_REAL3_REPLAN,1,25,1,False,0,COMPLETE,R7_PREREGISTERED_STRESS_TEST_FRESH_CASES,True
pusht,R7_pusht_03f4a6fe90776fe3b0963ef2,REFIT_103202,R4_ALT_CEM_1,H_POLICY,1,22,1,False,0,COMPLETE,R7_PREREGISTERED_STRESS_TEST_FRESH_CASES,False
pusht,R7_pusht_03f4a6fe90776fe3b0963ef2,REFIT_103202,R4_ALT_CEM_1,H_REAL3_REPLAN,1,22,1,False,0,COMPLETE,R7_PREREGISTERED_STRESS_TEST_FRESH_CASES,True
pusht,R7_pusht_03f4a6fe90776fe3b0963ef2,REFIT_103203,R4_ALT_CEM_1,H_POLICY,1,25,1,False,0,COMPLETE,R7_PREREGISTERED_STRESS_TEST_FRESH_CASES,False
pusht,R7_pusht_03f4a6fe90776fe3b0963ef2,REFIT_103203,R4_ALT_CEM_1,H_REAL3_REPLAN,1,25,1,False,0,COMPLETE,R7_PREREGISTERED_STRESS_TEST_FRESH_CASES,True
pusht,R7_pusht_0409ba7cc52dcbd29a262fe7,H0,R4_ALT_CEM_1,H_POLICY,0,100,4,True,0,COMPLETE,R7_PREREGISTERED_STRESS_TEST_FRESH_CASES,False
pusht,R7_pusht_0409ba7cc52dcbd29a262fe7,H0,R4_ALT_CEM_1,H_REAL3_REPLAN,0,100,4,True,0,COMPLETE,R7_PREREGISTERED_STRESS_TEST_FRESH_CASES,True
pusht,R7_pusht_0409ba7cc52dcbd29a262fe7,REFIT_103201,R4_ALT_CEM_1,H_POLICY,0,100,4,True,0,COMPLETE,R7_PREREGISTERED_STRESS_TEST_FRESH_CASES,False
pusht,R7_pusht_0409ba7cc52dcbd29a262fe7,REFIT_103201,R4_ALT_CEM_1,H_REAL3_REPLAN,0,100,4,True,0,COMPLETE,R7_PREREGISTERED_STRESS_TEST_FRESH_CASES,True
pusht,R7_pusht_0409ba7cc52dcbd29a262fe7,REFIT_103202,R4_ALT_CEM_1,H_POLICY,0,100,4,True,0,COMPLETE,R7_PREREGISTERED_STRESS_TEST_FRESH_CASES,False
pusht,R7_pusht_0409ba7cc52dcbd29a262fe7,REFIT_103202,R4_ALT_CEM_1,H_REAL3_REPLAN,0,100,4,True,0,COMPLETE,R7_PREREGISTERED_STRESS_TEST_FRESH_CASES,True
pusht,R7_pusht_0409ba7cc52dcbd29a262fe7,REFIT_103203,R4_ALT_CEM_1,H_POLICY,0,100,4,True,0,COMPLETE,R7_PREREGISTERED_STRESS_TEST_FRESH_CASES,False
pusht,R7_pusht_0409ba7cc52dcbd29a262fe7,REFIT_103203,R4_ALT_CEM_1,H_REAL3_REPLAN,0,100,4,True,0,COMPLETE,R7_PREREGISTERED_STRESS_TEST_FRESH_CASES,True
pusht,R7_pusht_0415fc478ce94db4c57a4f04,H0,R4_ALT_CEM_1,H_POLICY,0,100,4,True,0,COMPLETE,R7_PREREGISTERED_STRESS_TEST_FRESH_CASES,False
pusht,R7_pusht_0415fc478ce94db4c57a4f04,H0,R4_ALT_CEM_1,H_REAL3_REPLAN,0,100,4,True,0,COMPLETE,R7_PREREGISTERED_STRESS_TEST_FRESH_CASES,True
pusht,R7_pusht_0415fc478ce94db4c57a4f04,REFIT_103201,R4_ALT_CEM_1,H_POLICY,0,100,4,True,0,COMPLETE,R7_PREREGISTERED_STRESS_TEST_FRESH_CASES,False
pusht,R7_pusht_0415fc478ce94db4c57a4f04,REFIT_103201,R4_ALT_CEM_1,H_REAL3_REPLAN,0,100,4,True,0,COMPLETE,R7_PREREGISTERED_STRESS_TEST_FRESH_CASES,True
pusht,R7_pusht_0415fc478ce94db4c57a4f04,REFIT_103202,R4_ALT_CEM_1,H_POLICY,0,100,4,True,0,COMPLETE,R7_PREREGISTERED_STRESS_TEST_FRESH_CASES,False
pusht,R7_pusht_0415fc478ce94db4c57a4f04,REFIT_103202,R4_ALT_CEM_1,H_REAL3_REPLAN,0,100,4,True,0,COMPLETE,R7_PREREGISTERED_STRESS_TEST_FRESH_CASES,True
pusht,R7_pusht_0415fc478ce94db4c57a4f04,REFIT_103203,R4_ALT_CEM_1,H_POLICY,0,100,4,True,0,COMPLETE,R7_PREREGISTERED_STRESS_TEST_FRESH_CASES,False
pusht,R7_pusht_0415fc478ce94db4c57a4f04,REFIT_103203,R4_ALT_CEM_1,H_REAL3_REPLAN,0,100,4,True,0,COMPLETE,R7_PREREGISTERED_STRESS_TEST_FRESH_CASES,True
pusht,R7_pusht_04177a249fdc96272d0852db,H0,R4_ALT_CEM_1,H_POLICY,0,100,4,True,0,COMPLETE,R7_PREREGISTERED_STRESS_TEST_FRESH_CASES,False
pusht,R7_pusht_04177a249fdc96272d0852db,H0,R4_ALT_CEM_1,H_REAL3_REPLAN,0,100,4,True,0,COMPLETE,R7_PREREGISTERED_STRESS_TEST_FRESH_CASES,True
pusht,R7_pusht_04177a249fdc96272d0852db,REFIT_103201,R4_ALT_CEM_1,H_POLICY,0,100,4,True,0,COMPLETE,R7_PREREGISTERED_STRESS_TEST_FRESH_CASES,False
pusht,R7_pusht_04177a249fdc96272d0852db,REFIT_103201,R4_ALT_CEM_1,H_REAL3_REPLAN,0,100,4,True,0,COMPLETE,R7_PREREGISTERED_STRESS_TEST_FRESH_CASES,True
pusht,R7_pusht_04177a249fdc96272d0852db,REFIT_103202,R4_ALT_CEM_1,H_POLICY,0,100,4,True,0,COMPLETE,R7_PREREGISTERED_STRESS_TEST_FRESH_CASES,False
pusht,R7_pusht_04177a249fdc96272d0852db,REFIT_103202,R4_ALT_CEM_1,H_REAL3_REPLAN,0,100,4,True,0,COMPLETE,R7_PREREGISTERED_STRESS_TEST_FRESH_CASES,True
pusht,R7_pusht_04177a249fdc96272d0852db,REFIT_103203,R4_ALT_CEM_1,H_POLICY,0,100,4,True,0,COMPLETE,R7_PREREGISTERED_STRESS_TEST_FRESH_CASES,False
pusht,R7_pusht_04177a249fdc96272d0852db,REFIT_103203,R4_ALT_CEM_1,H_REAL3_REPLAN,0,100,4,True,0,COMPLETE,R7_PREREGISTERED_STRESS_TEST_FRESH_CASES,True
pusht,R7_pusht_042009a9992792f09decf905,H0,R4_ALT_CEM_1,H_POLICY,1,25,1,False,0,COMPLETE,R7_PREREGISTERED_STRESS_TEST_FRESH_CASES,False
pusht,R7_pusht_042009a9992792f09decf905,H0,R4_ALT_CEM_1,H_REAL3_REPLAN,1,25,1,False,0,COMPLETE,R7_PREREGISTERED_STRESS_TEST_FRESH_CASES,True
pusht,R7_pusht_042009a9992792f09decf905,REFIT_103201,R4_ALT_CEM_1,H_POLICY,0,100,4,True,0,COMPLETE,R7_PREREGISTERED_STRESS_TEST_FRESH_CASES,False
pusht,R7_pusht_042009a9992792f09decf905,REFIT_103201,R4_ALT_CEM_1,H_REAL3_REPLAN,1,81,4,True,0,COMPLETE,R7_PREREGISTERED_STRESS_TEST_FRESH_CASES,True
pusht,R7_pusht_042009a9992792f09decf905,REFIT_103202,R4_ALT_CEM_1,H_POLICY,0,100,4,True,0,COMPLETE,R7_PREREGISTERED_STRESS_TEST_FRESH_CASES,False
pusht,R7_pusht_042009a9992792f09decf905,REFIT_103202,R4_ALT_CEM_1,H_REAL3_REPLAN,0,100,4,True,0,COMPLETE,R7_PREREGISTERED_STRESS_TEST_FRESH_CASES,True
pusht,R7_pusht_042009a9992792f09decf905,REFIT_103203,R4_ALT_CEM_1,H_POLICY,1,47,2,True,0,COMPLETE,R7_PREREGISTERED_STRESS_TEST_FRESH_CASES,False
pusht,R7_pusht_042009a9992792f09decf905,REFIT_103203,R4_ALT_CEM_1,H_REAL3_REPLAN,1,50,2,True,0,COMPLETE,R7_PREREGISTERED_STRESS_TEST_FRESH_CASES,True
pusht,R7_pusht_042040a1e3ddf1227649ab30,H0,R4_ALT_CEM_1,H_POLICY,1,29,2,True,0,COMPLETE,R7_PREREGISTERED_STRESS_TEST_FRESH_CASES,False
pusht,R7_pusht_042040a1e3ddf1227649ab30,H0,R4_ALT_CEM_1,H_REAL3_REPLAN,1,28,2,True,0,COMPLETE,R7_PREREGISTERED_STRESS_TEST_FRESH_CASES,True
pusht,R7_pusht_042040a1e3ddf1227649ab30,REFIT_103201,R4_ALT_CEM_1,H_POLICY,0,100,4,True,0,COMPLETE,R7_PREREGISTERED_STRESS_TEST_FRESH_CASES,False
pusht,R7_pusht_042040a1e3ddf1227649ab30,REFIT_103201,R4_ALT_CEM_1,H_REAL3_REPLAN,0,100,4,True,0,COMPLETE,R7_PREREGISTERED_STRESS_TEST_FRESH_CASES,True
pusht,R7_pusht_042040a1e3ddf1227649ab30,REFIT_103202,R4_ALT_CEM_1,H_POLICY,1,64,3,True,0,COMPLETE,R7_PREREGISTERED_STRESS_TEST_FRESH_CASES,False
pusht,R7_pusht_042040a1e3ddf1227649ab30,REFIT_103202,R4_ALT_CEM_1,H_REAL3_REPLAN,1,49,2,True,0,COMPLETE,R7_PREREGISTERED_STRESS_TEST_FRESH_CASES,True
pusht,R7_pusht_042040a1e3ddf1227649ab30,REFIT_103203,R4_ALT_CEM_1,H_POLICY,0,100,4,True,0,COMPLETE,R7_PREREGISTERED_STRESS_TEST_FRESH_CASES,False
pusht,R7_pusht_042040a1e3ddf1227649ab30,REFIT_103203,R4_ALT_CEM_1,H_REAL3_REPLAN,0,100,4,True,0,COMPLETE,R7_PREREGISTERED_STRESS_TEST_FRESH_CASES,True
pusht,R7_pusht_042ddf335da9880f2916c26a,H0,R4_ALT_CEM_1,H_POLICY,1,23,1,False,0,COMPLETE,R7_PREREGISTERED_STRESS_TEST_FRESH_CASES,False
pusht,R7_pusht_042ddf335da9880f2916c26a,H0,R4_ALT_CEM_1,H_REAL3_REPLAN,1,23,1,False,0,COMPLETE,R7_PREREGISTERED_STRESS_TEST_FRESH_CASES,True
pusht,R7_pusht_042ddf335da9880f2916c26a,REFIT_103201,R4_ALT_CEM_1,H_POLICY,1,23,1,False,0,COMPLETE,R7_PREREGISTERED_STRESS_TEST_FRESH_CASES,False
pusht,R7_pusht_042ddf335da9880f2916c26a,REFIT_103201,R4_ALT_CEM_1,H_REAL3_REPLAN,1,23,1,False,0,COMPLETE,R7_PREREGISTERED_STRESS_TEST_FRESH_CASES,True
pusht,R7_pusht_042ddf335da9880f2916c26a,REFIT_103202,R4_ALT_CEM_1,H_POLICY,1,23,1,False,0,COMPLETE,R7_PREREGISTERED_STRESS_TEST_FRESH_CASES,False
pusht,R7_pusht_042ddf335da9880f2916c26a,REFIT_103202,R4_ALT_CEM_1,H_REAL3_REPLAN,1,23,1,False,0,COMPLETE,R7_PREREGISTERED_STRESS_TEST_FRESH_CASES,True
pusht,R7_pusht_042ddf335da9880f2916c26a,REFIT_103203,R4_ALT_CEM_1,H_POLICY,1,23,1,False,0,COMPLETE,R7_PREREGISTERED_STRESS_TEST_FRESH_CASES,False
pusht,R7_pusht_042ddf335da9880f2916c26a,REFIT_103203,R4_ALT_CEM_1,H_REAL3_REPLAN,1,23,1,False,0,COMPLETE,R7_PREREGISTERED_STRESS_TEST_FRESH_CASES,True
pusht,R7_pusht_0434fe4553fbd003af4bf51c,H0,R4_ALT_CEM_1,H_POLICY,1,45,2,True,0,COMPLETE,R7_PREREGISTERED_STRESS_TEST_FRESH_CASES,False
pusht,R7_pusht_0434fe4553fbd003af4bf51c,H0,R4_ALT_CEM_1,H_REAL3_REPLAN,1,50,2,True,0,COMPLETE,R7_PREREGISTERED_STRESS_TEST_FRESH_CASES,True
pusht,R7_pusht_0434fe4553fbd003af4bf51c,REFIT_103201,R4_ALT_CEM_1,H_POLICY,1,25,1,False,0,COMPLETE,R7_PREREGISTERED_STRESS_TEST_FRESH_CASES,False
pusht,R7_pusht_0434fe4553fbd003af4bf51c,REFIT_103201,R4_ALT_CEM_1,H_REAL3_REPLAN,1,25,1,False,0,COMPLETE,R7_PREREGISTERED_STRESS_TEST_FRESH_CASES,True
pusht,R7_pusht_0434fe4553fbd003af4bf51c,REFIT_103202,R4_ALT_CEM_1,H_POLICY,1,24,1,False,0,COMPLETE,R7_PREREGISTERED_STRESS_TEST_FRESH_CASES,False
pusht,R7_pusht_0434fe4553fbd003af4bf51c,REFIT_103202,R4_ALT_CEM_1,H_REAL3_REPLAN,1,24,1,False,0,COMPLETE,R7_PREREGISTERED_STRESS_TEST_FRESH_CASES,True
pusht,R7_pusht_0434fe4553fbd003af4bf51c,REFIT_103203,R4_ALT_CEM_1,H_POLICY,1,24,1,False,0,COMPLETE,R7_PREREGISTERED_STRESS_TEST_FRESH_CASES,False
pusht,R7_pusht_0434fe4553fbd003af4bf51c,REFIT_103203,R4_ALT_CEM_1,H_REAL3_REPLAN,1,24,1,False,0,COMPLETE,R7_PREREGISTERED_STRESS_TEST_FRESH_CASES,True
pusht,R7_pusht_0446b191f8f1e1cecf462744,H0,R4_ALT_CEM_1,H_POLICY,0,100,4,True,0,COMPLETE,R7_PREREGISTERED_STRESS_TEST_FRESH_CASES,False
pusht,R7_pusht_0446b191f8f1e1cecf462744,H0,R4_ALT_CEM_1,H_REAL3_REPLAN,0,100,4,True,0,COMPLETE,R7_PREREGISTERED_STRESS_TEST_FRESH_CASES,True
pusht,R7_pusht_0446b191f8f1e1cecf462744,REFIT_103201,R4_ALT_CEM_1,H_POLICY,0,100,4,True,0,COMPLETE,R7_PREREGISTERED_STRESS_TEST_FRESH_CASES,False
pusht,R7_pusht_0446b191f8f1e1cecf462744,REFIT_103201,R4_ALT_CEM_1,H_REAL3_REPLAN,0,100,4,True,0,COMPLETE,R7_PREREGISTERED_STRESS_TEST_FRESH_CASES,True
pusht,R7_pusht_0446b191f8f1e1cecf462744,REFIT_103202,R4_ALT_CEM_1,H_POLICY,0,100,4,True,0,COMPLETE,R7_PREREGISTERED_STRESS_TEST_FRESH_CASES,False
pusht,R7_pusht_0446b191f8f1e1cecf462744,REFIT_103202,R4_ALT_CEM_1,H_REAL3_REPLAN,0,100,4,True,0,COMPLETE,R7_PREREGISTERED_STRESS_TEST_FRESH_CASES,True
pusht,R7_pusht_0446b191f8f1e1cecf462744,REFIT_103203,R4_ALT_CEM_1,H_POLICY,0,100,4,True,0,COMPLETE,R7_PREREGISTERED_STRESS_TEST_FRESH_CASES,False
pusht,R7_pusht_0446b191f8f1e1cecf462744,REFIT_103203,R4_ALT_CEM_1,H_REAL3_REPLAN,0,100,4,True,0,COMPLETE,R7_PREREGISTERED_STRESS_TEST_FRESH_CASES,True
pusht,R7_pusht_044a0e8359399cb4f0b9912a,H0,R4_ALT_CEM_1,H_POLICY,1,22,1,False,0,COMPLETE,R7_PREREGISTERED_STRESS_TEST_FRESH_CASES,False
pusht,R7_pusht_044a0e8359399cb4f0b9912a,H0,R4_ALT_CEM_1,H_REAL3_REPLAN,1,22,1,False,0,COMPLETE,R7_PREREGISTERED_STRESS_TEST_FRESH_CASES,True
pusht,R7_pusht_044a0e8359399cb4f0b9912a,REFIT_103201,R4_ALT_CEM_1,H_POLICY,1,21,1,False,0,COMPLETE,R7_PREREGISTERED_STRESS_TEST_FRESH_CASES,False
pusht,R7_pusht_044a0e8359399cb4f0b9912a,REFIT_103201,R4_ALT_CEM_1,H_REAL3_REPLAN,1,21,1,False,0,COMPLETE,R7_PREREGISTERED_STRESS_TEST_FRESH_CASES,True
pusht,R7_pusht_044a0e8359399cb4f0b9912a,REFIT_103202,R4_ALT_CEM_1,H_POLICY,1,19,1,False,0,COMPLETE,R7_PREREGISTERED_STRESS_TEST_FRESH_CASES,False
pusht,R7_pusht_044a0e8359399cb4f0b9912a,REFIT_103202,R4_ALT_CEM_1,H_REAL3_REPLAN,1,19,1,False,0,COMPLETE,R7_PREREGISTERED_STRESS_TEST_FRESH_CASES,True
pusht,R7_pusht_044a0e8359399cb4f0b9912a,REFIT_103203,R4_ALT_CEM_1,H_POLICY,1,20,1,False,0,COMPLETE,R7_PREREGISTERED_STRESS_TEST_FRESH_CASES,False
pusht,R7_pusht_044a0e8359399cb4f0b9912a,REFIT_103203,R4_ALT_CEM_1,H_REAL3_REPLAN,1,20,1,False,0,COMPLETE,R7_PREREGISTERED_STRESS_TEST_FRESH_CASES,True
pusht,R7_pusht_044c38a38940103d2b84e115,H0,R4_ALT_CEM_1,H_POLICY,1,75,3,True,0,COMPLETE,R7_PREREGISTERED_STRESS_TEST_FRESH_CASES,False
pusht,R7_pusht_044c38a38940103d2b84e115,H0,R4_ALT_CEM_1,H_REAL3_REPLAN,1,70,3,True,0,COMPLETE,R7_PREREGISTERED_STRESS_TEST_FRESH_CASES,True
pusht,R7_pusht_044c38a38940103d2b84e115,REFIT_103201,R4_ALT_CEM_1,H_POLICY,1,71,3,True,0,COMPLETE,R7_PREREGISTERED_STRESS_TEST_FRESH_CASES,False
pusht,R7_pusht_044c38a38940103d2b84e115,REFIT_103201,R4_ALT_CEM_1,H_REAL3_REPLAN,1,75,3,True,0,COMPLETE,R7_PREREGISTERED_STRESS_TEST_FRESH_CASES,True
pusht,R7_pusht_044c38a38940103d2b84e115,REFIT_103202,R4_ALT_CEM_1,H_POLICY,1,47,2,True,0,COMPLETE,R7_PREREGISTERED_STRESS_TEST_FRESH_CASES,False
pusht,R7_pusht_044c38a38940103d2b84e115,REFIT_103202,R4_ALT_CEM_1,H_REAL3_REPLAN,1,45,2,True,0,COMPLETE,R7_PREREGISTERED_STRESS_TEST_FRESH_CASES,True
pusht,R7_pusht_044c38a38940103d2b84e115,REFIT_103203,R4_ALT_CEM_1,H_POLICY,0,100,4,True,0,COMPLETE,R7_PREREGISTERED_STRESS_TEST_FRESH_CASES,False
pusht,R7_pusht_044c38a38940103d2b84e115,REFIT_103203,R4_ALT_CEM_1,H_REAL3_REPLAN,0,100,4,True,0,COMPLETE,R7_PREREGISTERED_STRESS_TEST_FRESH_CASES,True
pusht,R7_pusht_045d7c64c6e3d0c893f8afe4,H0,R4_ALT_CEM_1,H_POLICY,1,23,1,False,0,COMPLETE,R7_PREREGISTERED_STRESS_TEST_FRESH_CASES,False
pusht,R7_pusht_045d7c64c6e3d0c893f8afe4,H0,R4_ALT_CEM_1,H_REAL3_REPLAN,1,23,1,False,0,COMPLETE,R7_PREREGISTERED_STRESS_TEST_FRESH_CASES,True
pusht,R7_pusht_045d7c64c6e3d0c893f8afe4,REFIT_103201,R4_ALT_CEM_1,H_POLICY,1,22,1,False,0,COMPLETE,R7_PREREGISTERED_STRESS_TEST_FRESH_CASES,False
pusht,R7_pusht_045d7c64c6e3d0c893f8afe4,REFIT_103201,R4_ALT_CEM_1,H_REAL3_REPLAN,1,22,1,False,0,COMPLETE,R7_PREREGISTERED_STRESS_TEST_FRESH_CASES,True
pusht,R7_pusht_045d7c64c6e3d0c893f8afe4,REFIT_103202,R4_ALT_CEM_1,H_POLICY,1,23,1,False,0,COMPLETE,R7_PREREGISTERED_STRESS_TEST_FRESH_CASES,False
pusht,R7_pusht_045d7c64c6e3d0c893f8afe4,REFIT_103202,R4_ALT_CEM_1,H_REAL3_REPLAN,1,23,1,False,0,COMPLETE,R7_PREREGISTERED_STRESS_TEST_FRESH_CASES,True
pusht,R7_pusht_045d7c64c6e3d0c893f8afe4,REFIT_103203,R4_ALT_CEM_1,H_POLICY,1,23,1,False,0,COMPLETE,R7_PREREGISTERED_STRESS_TEST_FRESH_CASES,False
pusht,R7_pusht_045d7c64c6e3d0c893f8afe4,REFIT_103203,R4_ALT_CEM_1,H_REAL3_REPLAN,1,23,1,False,0,COMPLETE,R7_PREREGISTERED_STRESS_TEST_FRESH_CASES,True
pusht,R7_pusht_04956cd0b9aea5a2e739680a,H0,R4_ALT_CEM_1,H_POLICY,0,100,4,True,0,COMPLETE,R7_PREREGISTERED_STRESS_TEST_FRESH_CASES,False
pusht,R7_pusht_04956cd0b9aea5a2e739680a,H0,R4_ALT_CEM_1,H_REAL3_REPLAN,1,69,3,True,0,COMPLETE,R7_PREREGISTERED_STRESS_TEST_FRESH_CASES,True
pusht,R7_pusht_04956cd0b9aea5a2e739680a,REFIT_103201,R4_ALT_CEM_1,H_POLICY,1,24,1,False,0,COMPLETE,R7_PREREGISTERED_STRESS_TEST_FRESH_CASES,False
pusht,R7_pusht_04956cd0b9aea5a2e739680a,REFIT_103201,R4_ALT_CEM_1,H_REAL3_REPLAN,1,24,1,False,0,COMPLETE,R7_PREREGISTERED_STRESS_TEST_FRESH_CASES,True
pusht,R7_pusht_04956cd0b9aea5a2e739680a,REFIT_103202,R4_ALT_CEM_1,H_POLICY,0,100,4,True,0,COMPLETE,R7_PREREGISTERED_STRESS_TEST_FRESH_CASES,False
pusht,R7_pusht_04956cd0b9aea5a2e739680a,REFIT_103202,R4_ALT_CEM_1,H_REAL3_REPLAN,0,100,4,True,0,COMPLETE,R7_PREREGISTERED_STRESS_TEST_FRESH_CASES,True
pusht,R7_pusht_04956cd0b9aea5a2e739680a,REFIT_103203,R4_ALT_CEM_1,H_POLICY,0,100,4,True,0,COMPLETE,R7_PREREGISTERED_STRESS_TEST_FRESH_CASES,False
pusht,R7_pusht_04956cd0b9aea5a2e739680a,REFIT_103203,R4_ALT_CEM_1,H_REAL3_REPLAN,0,100,4,True,0,COMPLETE,R7_PREREGISTERED_STRESS_TEST_FRESH_CASES,True
pusht,R7_pusht_0497c0fb14fc6f924576a385,H0,R4_ALT_CEM_1,H_POLICY,0,100,4,True,0,COMPLETE,R7_PREREGISTERED_STRESS_TEST_FRESH_CASES,False
pusht,R7_pusht_0497c0fb14fc6f924576a385,H0,R4_ALT_CEM_1,H_REAL3_REPLAN,0,100,4,True,0,COMPLETE,R7_PREREGISTERED_STRESS_TEST_FRESH_CASES,True
pusht,R7_pusht_0497c0fb14fc6f924576a385,REFIT_103201,R4_ALT_CEM_1,H_POLICY,0,100,4,True,0,COMPLETE,R7_PREREGISTERED_STRESS_TEST_FRESH_CASES,False
pusht,R7_pusht_0497c0fb14fc6f924576a385,REFIT_103201,R4_ALT_CEM_1,H_REAL3_REPLAN,0,100,4,True,0,COMPLETE,R7_PREREGISTERED_STRESS_TEST_FRESH_CASES,True
pusht,R7_pusht_0497c0fb14fc6f924576a385,REFIT_103202,R4_ALT_CEM_1,H_POLICY,0,100,4,True,0,COMPLETE,R7_PREREGISTERED_STRESS_TEST_FRESH_CASES,False
pusht,R7_pusht_0497c0fb14fc6f924576a385,REFIT_103202,R4_ALT_CEM_1,H_REAL3_REPLAN,0,100,4,True,0,COMPLETE,R7_PREREGISTERED_STRESS_TEST_FRESH_CASES,True
pusht,R7_pusht_0497c0fb14fc6f924576a385,REFIT_103203,R4_ALT_CEM_1,H_POLICY,0,100,4,True,0,COMPLETE,R7_PREREGISTERED_STRESS_TEST_FRESH_CASES,False
pusht,R7_pusht_0497c0fb14fc6f924576a385,REFIT_103203,R4_ALT_CEM_1,H_REAL3_REPLAN,0,100,4,True,0,COMPLETE,R7_PREREGISTERED_STRESS_TEST_FRESH_CASES,True
pusht,R7_pusht_049c17f2923a4814eecedda0,H0,R4_ALT_CEM_1,H_POLICY,0,100,4,True,0,COMPLETE,R7_PREREGISTERED_STRESS_TEST_FRESH_CASES,False
pusht,R7_pusht_049c17f2923a4814eecedda0,H0,R4_ALT_CEM_1,H_REAL3_REPLAN,0,100,4,True,0,COMPLETE,R7_PREREGISTERED_STRESS_TEST_FRESH_CASES,True
pusht,R7_pusht_049c17f2923a4814eecedda0,REFIT_103201,R4_ALT_CEM_1,H_POLICY,0,100,4,True,0,COMPLETE,R7_PREREGISTERED_STRESS_TEST_FRESH_CASES,False
pusht,R7_pusht_049c17f2923a4814eecedda0,REFIT_103201,R4_ALT_CEM_1,H_REAL3_REPLAN,0,100,4,True,0,COMPLETE,R7_PREREGISTERED_STRESS_TEST_FRESH_CASES,True
pusht,R7_pusht_049c17f2923a4814eecedda0,REFIT_103202,R4_ALT_CEM_1,H_POLICY,0,100,4,True,0,COMPLETE,R7_PREREGISTERED_STRESS_TEST_FRESH_CASES,False
pusht,R7_pusht_049c17f2923a4814eecedda0,REFIT_103202,R4_ALT_CEM_1,H_REAL3_REPLAN,0,100,4,True,0,COMPLETE,R7_PREREGISTERED_STRESS_TEST_FRESH_CASES,True
pusht,R7_pusht_049c17f2923a4814eecedda0,REFIT_103203,R4_ALT_CEM_1,H_POLICY,0,100,4,True,0,COMPLETE,R7_PREREGISTERED_STRESS_TEST_FRESH_CASES,False
pusht,R7_pusht_049c17f2923a4814eecedda0,REFIT_103203,R4_ALT_CEM_1,H_REAL3_REPLAN,0,100,4,True,0,COMPLETE,R7_PREREGISTERED_STRESS_TEST_FRESH_CASES,True
pusht,R7_pusht_04d4daa8c0c39b20a08012e0,H0,R4_ALT_CEM_1,H_POLICY,1,23,1,False,0,COMPLETE,R7_PREREGISTERED_STRESS_TEST_FRESH_CASES,False
pusht,R7_pusht_04d4daa8c0c39b20a08012e0,H0,R4_ALT_CEM_1,H_REAL3_REPLAN,1,23,1,False,0,COMPLETE,R7_PREREGISTERED_STRESS_TEST_FRESH_CASES,True
pusht,R7_pusht_04d4daa8c0c39b20a08012e0,REFIT_103201,R4_ALT_CEM_1,H_POLICY,1,25,1,False,0,COMPLETE,R7_PREREGISTERED_STRESS_TEST_FRESH_CASES,False
pusht,R7_pusht_04d4daa8c0c39b20a08012e0,REFIT_103201,R4_ALT_CEM_1,H_REAL3_REPLAN,1,25,1,False,0,COMPLETE,R7_PREREGISTERED_STRESS_TEST_FRESH_CASES,True
pusht,R7_pusht_04d4daa8c0c39b20a08012e0,REFIT_103202,R4_ALT_CEM_1,H_POLICY,1,23,1,False,0,COMPLETE,R7_PREREGISTERED_STRESS_TEST_FRESH_CASES,False
pusht,R7_pusht_04d4daa8c0c39b20a08012e0,REFIT_103202,R4_ALT_CEM_1,H_REAL3_REPLAN,1,23,1,False,0,COMPLETE,R7_PREREGISTERED_STRESS_TEST_FRESH_CASES,True
pusht,R7_pusht_04d4daa8c0c39b20a08012e0,REFIT_103203,R4_ALT_CEM_1,H_POLICY,1,24,1,False,0,COMPLETE,R7_PREREGISTERED_STRESS_TEST_FRESH_CASES,False
pusht,R7_pusht_04d4daa8c0c39b20a08012e0,REFIT_103203,R4_ALT_CEM_1,H_REAL3_REPLAN,1,24,1,False,0,COMPLETE,R7_PREREGISTERED_STRESS_TEST_FRESH_CASES,True
pusht,R7_pusht_04e11d40881599d78167abd7,H0,R4_ALT_CEM_1,H_POLICY,1,25,1,False,0,COMPLETE,R7_PREREGISTERED_STRESS_TEST_FRESH_CASES,False
pusht,R7_pusht_04e11d40881599d78167abd7,H0,R4_ALT_CEM_1,H_REAL3_REPLAN,1,25,1,False,0,COMPLETE,R7_PREREGISTERED_STRESS_TEST_FRESH_CASES,True
pusht,R7_pusht_04e11d40881599d78167abd7,REFIT_103201,R4_ALT_CEM_1,H_POLICY,1,25,1,False,0,COMPLETE,R7_PREREGISTERED_STRESS_TEST_FRESH_CASES,False
pusht,R7_pusht_04e11d40881599d78167abd7,REFIT_103201,R4_ALT_CEM_1,H_REAL3_REPLAN,1,25,1,False,0,COMPLETE,R7_PREREGISTERED_STRESS_TEST_FRESH_CASES,True
pusht,R7_pusht_04e11d40881599d78167abd7,REFIT_103202,R4_ALT_CEM_1,H_POLICY,1,25,1,False,0,COMPLETE,R7_PREREGISTERED_STRESS_TEST_FRESH_CASES,False
pusht,R7_pusht_04e11d40881599d78167abd7,REFIT_103202,R4_ALT_CEM_1,H_REAL3_REPLAN,1,25,1,False,0,COMPLETE,R7_PREREGISTERED_STRESS_TEST_FRESH_CASES,True
pusht,R7_pusht_04e11d40881599d78167abd7,REFIT_103203,R4_ALT_CEM_1,H_POLICY,1,25,1,False,0,COMPLETE,R7_PREREGISTERED_STRESS_TEST_FRESH_CASES,False
pusht,R7_pusht_04e11d40881599d78167abd7,REFIT_103203,R4_ALT_CEM_1,H_REAL3_REPLAN,1,25,1,False,0,COMPLETE,R7_PREREGISTERED_STRESS_TEST_FRESH_CASES,True
pusht,R7_pusht_04e3964f4e922fc9652a8454,H0,R4_ALT_CEM_1,H_POLICY,1,49,2,True,0,COMPLETE,R7_PREREGISTERED_STRESS_TEST_FRESH_CASES,False
pusht,R7_pusht_04e3964f4e922fc9652a8454,H0,R4_ALT_CEM_1,H_REAL3_REPLAN,1,50,2,True,0,COMPLETE,R7_PREREGISTERED_STRESS_TEST_FRESH_CASES,True
pusht,R7_pusht_04e3964f4e922fc9652a8454,REFIT_103201,R4_ALT_CEM_1,H_POLICY,1,24,1,False,0,COMPLETE,R7_PREREGISTERED_STRESS_TEST_FRESH_CASES,False
pusht,R7_pusht_04e3964f4e922fc9652a8454,REFIT_103201,R4_ALT_CEM_1,H_REAL3_REPLAN,1,24,1,False,0,COMPLETE,R7_PREREGISTERED_STRESS_TEST_FRESH_CASES,True
pusht,R7_pusht_04e3964f4e922fc9652a8454,REFIT_103202,R4_ALT_CEM_1,H_POLICY,1,51,3,True,0,COMPLETE,R7_PREREGISTERED_STRESS_TEST_FRESH_CASES,False
pusht,R7_pusht_04e3964f4e922fc9652a8454,REFIT_103202,R4_ALT_CEM_1,H_REAL3_REPLAN,1,76,4,True,0,COMPLETE,R7_PREREGISTERED_STRESS_TEST_FRESH_CASES,True
pusht,R7_pusht_04e3964f4e922fc9652a8454,REFIT_103203,R4_ALT_CEM_1,H_POLICY,1,25,1,False,0,COMPLETE,R7_PREREGISTERED_STRESS_TEST_FRESH_CASES,False
pusht,R7_pusht_04e3964f4e922fc9652a8454,REFIT_103203,R4_ALT_CEM_1,H_REAL3_REPLAN,1,25,1,False,0,COMPLETE,R7_PREREGISTERED_STRESS_TEST_FRESH_CASES,True
pusht,R7_pusht_0515c243488c95589a8d5b91,H0,R4_ALT_CEM_1,H_POLICY,1,24,1,False,0,COMPLETE,R7_PREREGISTERED_STRESS_TEST_FRESH_CASES,False
pusht,R7_pusht_0515c243488c95589a8d5b91,H0,R4_ALT_CEM_1,H_REAL3_REPLAN,1,24,1,False,0,COMPLETE,R7_PREREGISTERED_STRESS_TEST_FRESH_CASES,True
pusht,R7_pusht_0515c243488c95589a8d5b91,REFIT_103201,R4_ALT_CEM_1,H_POLICY,1,24,1,False,0,COMPLETE,R7_PREREGISTERED_STRESS_TEST_FRESH_CASES,False
pusht,R7_pusht_0515c243488c95589a8d5b91,REFIT_103201,R4_ALT_CEM_1,H_REAL3_REPLAN,1,24,1,False,0,COMPLETE,R7_PREREGISTERED_STRESS_TEST_FRESH_CASES,True
pusht,R7_pusht_0515c243488c95589a8d5b91,REFIT_103202,R4_ALT_CEM_1,H_POLICY,1,24,1,False,0,COMPLETE,R7_PREREGISTERED_STRESS_TEST_FRESH_CASES,False
pusht,R7_pusht_0515c243488c95589a8d5b91,REFIT_103202,R4_ALT_CEM_1,H_REAL3_REPLAN,1,24,1,False,0,COMPLETE,R7_PREREGISTERED_STRESS_TEST_FRESH_CASES,True
pusht,R7_pusht_0515c243488c95589a8d5b91,REFIT_103203,R4_ALT_CEM_1,H_POLICY,1,24,1,False,0,COMPLETE,R7_PREREGISTERED_STRESS_TEST_FRESH_CASES,False
pusht,R7_pusht_0515c243488c95589a8d5b91,REFIT_103203,R4_ALT_CEM_1,H_REAL3_REPLAN,1,24,1,False,0,COMPLETE,R7_PREREGISTERED_STRESS_TEST_FRESH_CASES,True
pusht,R7_pusht_051e1bf367746e2a2a178f16,H0,R4_ALT_CEM_1,H_POLICY,0,100,4,True,0,COMPLETE,R7_PREREGISTERED_STRESS_TEST_FRESH_CASES,False
pusht,R7_pusht_051e1bf367746e2a2a178f16,H0,R4_ALT_CEM_1,H_REAL3_REPLAN,0,100,4,True,0,COMPLETE,R7_PREREGISTERED_STRESS_TEST_FRESH_CASES,True
pusht,R7_pusht_051e1bf367746e2a2a178f16,REFIT_103201,R4_ALT_CEM_1,H_POLICY,0,100,4,True,0,COMPLETE,R7_PREREGISTERED_STRESS_TEST_FRESH_CASES,False
pusht,R7_pusht_051e1bf367746e2a2a178f16,REFIT_103201,R4_ALT_CEM_1,H_REAL3_REPLAN,0,100,4,True,0,COMPLETE,R7_PREREGISTERED_STRESS_TEST_FRESH_CASES,True
pusht,R7_pusht_051e1bf367746e2a2a178f16,REFIT_103202,R4_ALT_CEM_1,H_POLICY,1,25,1,False,0,COMPLETE,R7_PREREGISTERED_STRESS_TEST_FRESH_CASES,False
pusht,R7_pusht_051e1bf367746e2a2a178f16,REFIT_103202,R4_ALT_CEM_1,H_REAL3_REPLAN,1,25,1,False,0,COMPLETE,R7_PREREGISTERED_STRESS_TEST_FRESH_CASES,True
pusht,R7_pusht_051e1bf367746e2a2a178f16,REFIT_103203,R4_ALT_CEM_1,H_POLICY,1,25,1,False,0,COMPLETE,R7_PREREGISTERED_STRESS_TEST_FRESH_CASES,False
pusht,R7_pusht_051e1bf367746e2a2a178f16,REFIT_103203,R4_ALT_CEM_1,H_REAL3_REPLAN,1,25,1,False,0,COMPLETE,R7_PREREGISTERED_STRESS_TEST_FRESH_CASES,True
pusht,R7_pusht_00385494fa0ca42f41a02dfc,H0,R4_ALT_CEM_2,H_POLICY,1,24,1,False,0,COMPLETE,R7_PREREGISTERED_STRESS_TEST_FRESH_CASES,False
pusht,R7_pusht_00385494fa0ca42f41a02dfc,H0,R4_ALT_CEM_2,H_REAL3_REPLAN,1,24,1,False,0,COMPLETE,R7_PREREGISTERED_STRESS_TEST_FRESH_CASES,True
pusht,R7_pusht_00385494fa0ca42f41a02dfc,REFIT_103201,R4_ALT_CEM_2,H_POLICY,1,24,1,False,0,COMPLETE,R7_PREREGISTERED_STRESS_TEST_FRESH_CASES,False
pusht,R7_pusht_00385494fa0ca42f41a02dfc,REFIT_103201,R4_ALT_CEM_2,H_REAL3_REPLAN,1,24,1,False,0,COMPLETE,R7_PREREGISTERED_STRESS_TEST_FRESH_CASES,True
pusht,R7_pusht_00385494fa0ca42f41a02dfc,REFIT_103202,R4_ALT_CEM_2,H_POLICY,1,24,1,False,0,COMPLETE,R7_PREREGISTERED_STRESS_TEST_FRESH_CASES,False
pusht,R7_pusht_00385494fa0ca42f41a02dfc,REFIT_103202,R4_ALT_CEM_2,H_REAL3_REPLAN,1,24,1,False,0,COMPLETE,R7_PREREGISTERED_STRESS_TEST_FRESH_CASES,True
pusht,R7_pusht_00385494fa0ca42f41a02dfc,REFIT_103203,R4_ALT_CEM_2,H_POLICY,1,24,1,False,0,COMPLETE,R7_PREREGISTERED_STRESS_TEST_FRESH_CASES,False
pusht,R7_pusht_00385494fa0ca42f41a02dfc,REFIT_103203,R4_ALT_CEM_2,H_REAL3_REPLAN,1,24,1,False,0,COMPLETE,R7_PREREGISTERED_STRESS_TEST_FRESH_CASES,True
pusht,R7_pusht_0042dda916b148ca867dc9db,H0,R4_ALT_CEM_2,H_POLICY,1,24,1,False,0,COMPLETE,R7_PREREGISTERED_STRESS_TEST_FRESH_CASES,False
pusht,R7_pusht_0042dda916b148ca867dc9db,H0,R4_ALT_CEM_2,H_REAL3_REPLAN,1,24,1,False,0,COMPLETE,R7_PREREGISTERED_STRESS_TEST_FRESH_CASES,True
pusht,R7_pusht_0042dda916b148ca867dc9db,REFIT_103201,R4_ALT_CEM_2,H_POLICY,1,24,1,False,0,COMPLETE,R7_PREREGISTERED_STRESS_TEST_FRESH_CASES,False
pusht,R7_pusht_0042dda916b148ca867dc9db,REFIT_103201,R4_ALT_CEM_2,H_REAL3_REPLAN,1,24,1,False,0,COMPLETE,R7_PREREGISTERED_STRESS_TEST_FRESH_CASES,True
pusht,R7_pusht_0042dda916b148ca867dc9db,REFIT_103202,R4_ALT_CEM_2,H_POLICY,1,25,1,False,0,COMPLETE,R7_PREREGISTERED_STRESS_TEST_FRESH_CASES,False
pusht,R7_pusht_0042dda916b148ca867dc9db,REFIT_103202,R4_ALT_CEM_2,H_REAL3_REPLAN,1,25,1,False,0,COMPLETE,R7_PREREGISTERED_STRESS_TEST_FRESH_CASES,True
pusht,R7_pusht_0042dda916b148ca867dc9db,REFIT_103203,R4_ALT_CEM_2,H_POLICY,1,24,1,False,0,COMPLETE,R7_PREREGISTERED_STRESS_TEST_FRESH_CASES,False
pusht,R7_pusht_0042dda916b148ca867dc9db,REFIT_103203,R4_ALT_CEM_2,H_REAL3_REPLAN,1,24,1,False,0,COMPLETE,R7_PREREGISTERED_STRESS_TEST_FRESH_CASES,True
pusht,R7_pusht_00452403a951da87d435bfd7,H0,R4_ALT_CEM_2,H_POLICY,0,100,4,True,0,COMPLETE,R7_PREREGISTERED_STRESS_TEST_FRESH_CASES,False
pusht,R7_pusht_00452403a951da87d435bfd7,H0,R4_ALT_CEM_2,H_REAL3_REPLAN,0,100,4,True,0,COMPLETE,R7_PREREGISTERED_STRESS_TEST_FRESH_CASES,True
pusht,R7_pusht_00452403a951da87d435bfd7,REFIT_103201,R4_ALT_CEM_2,H_POLICY,0,100,4,True,0,COMPLETE,R7_PREREGISTERED_STRESS_TEST_FRESH_CASES,False
pusht,R7_pusht_00452403a951da87d435bfd7,REFIT_103201,R4_ALT_CEM_2,H_REAL3_REPLAN,0,100,4,True,0,COMPLETE,R7_PREREGISTERED_STRESS_TEST_FRESH_CASES,True
pusht,R7_pusht_00452403a951da87d435bfd7,REFIT_103202,R4_ALT_CEM_2,H_POLICY,0,100,4,True,0,COMPLETE,R7_PREREGISTERED_STRESS_TEST_FRESH_CASES,False
pusht,R7_pusht_00452403a951da87d435bfd7,REFIT_103202,R4_ALT_CEM_2,H_REAL3_REPLAN,0,100,4,True,0,COMPLETE,R7_PREREGISTERED_STRESS_TEST_FRESH_CASES,True
pusht,R7_pusht_00452403a951da87d435bfd7,REFIT_103203,R4_ALT_CEM_2,H_POLICY,0,100,4,True,0,COMPLETE,R7_PREREGISTERED_STRESS_TEST_FRESH_CASES,False
pusht,R7_pusht_00452403a951da87d435bfd7,REFIT_103203,R4_ALT_CEM_2,H_REAL3_REPLAN,0,100,4,True,0,COMPLETE,R7_PREREGISTERED_STRESS_TEST_FRESH_CASES,True
pusht,R7_pusht_004caf21971f78bee18ff833,H0,R4_ALT_CEM_2,H_POLICY,0,100,4,True,0,COMPLETE,R7_PREREGISTERED_STRESS_TEST_FRESH_CASES,False
pusht,R7_pusht_004caf21971f78bee18ff833,H0,R4_ALT_CEM_2,H_REAL3_REPLAN,0,100,4,True,0,COMPLETE,R7_PREREGISTERED_STRESS_TEST_FRESH_CASES,True
pusht,R7_pusht_004caf21971f78bee18ff833,REFIT_103201,R4_ALT_CEM_2,H_POLICY,0,100,4,True,0,COMPLETE,R7_PREREGISTERED_STRESS_TEST_FRESH_CASES,False
pusht,R7_pusht_004caf21971f78bee18ff833,REFIT_103201,R4_ALT_CEM_2,H_REAL3_REPLAN,0,100,4,True,0,COMPLETE,R7_PREREGISTERED_STRESS_TEST_FRESH_CASES,True
pusht,R7_pusht_004caf21971f78bee18ff833,REFIT_103202,R4_ALT_CEM_2,H_POLICY,0,100,4,True,0,COMPLETE,R7_PREREGISTERED_STRESS_TEST_FRESH_CASES,False
pusht,R7_pusht_004caf21971f78bee18ff833,REFIT_103202,R4_ALT_CEM_2,H_REAL3_REPLAN,0,100,4,True,0,COMPLETE,R7_PREREGISTERED_STRESS_TEST_FRESH_CASES,True
pusht,R7_pusht_004caf21971f78bee18ff833,REFIT_103203,R4_ALT_CEM_2,H_POLICY,0,100,4,True,0,COMPLETE,R7_PREREGISTERED_STRESS_TEST_FRESH_CASES,False
pusht,R7_pusht_004caf21971f78bee18ff833,REFIT_103203,R4_ALT_CEM_2,H_REAL3_REPLAN,0,100,4,True,0,COMPLETE,R7_PREREGISTERED_STRESS_TEST_FRESH_CASES,True
pusht,R7_pusht_00562cf36eb8ed212c7b86b0,H0,R4_ALT_CEM_2,H_POLICY,0,100,4,True,0,COMPLETE,R7_PREREGISTERED_STRESS_TEST_FRESH_CASES,False
pusht,R7_pusht_00562cf36eb8ed212c7b86b0,H0,R4_ALT_CEM_2,H_REAL3_REPLAN,0,100,4,True,0,COMPLETE,R7_PREREGISTERED_STRESS_TEST_FRESH_CASES,True
pusht,R7_pusht_00562cf36eb8ed212c7b86b0,REFIT_103201,R4_ALT_CEM_2,H_POLICY,0,100,4,True,0,COMPLETE,R7_PREREGISTERED_STRESS_TEST_FRESH_CASES,False
pusht,R7_pusht_00562cf36eb8ed212c7b86b0,REFIT_103201,R4_ALT_CEM_2,H_REAL3_REPLAN,0,100,4,True,0,COMPLETE,R7_PREREGISTERED_STRESS_TEST_FRESH_CASES,True
pusht,R7_pusht_00562cf36eb8ed212c7b86b0,REFIT_103202,R4_ALT_CEM_2,H_POLICY,1,49,2,True,0,COMPLETE,R7_PREREGISTERED_STRESS_TEST_FRESH_CASES,False
pusht,R7_pusht_00562cf36eb8ed212c7b86b0,REFIT_103202,R4_ALT_CEM_2,H_REAL3_REPLAN,1,50,2,True,0,COMPLETE,R7_PREREGISTERED_STRESS_TEST_FRESH_CASES,True
pusht,R7_pusht_00562cf36eb8ed212c7b86b0,REFIT_103203,R4_ALT_CEM_2,H_POLICY,0,100,4,True,0,COMPLETE,R7_PREREGISTERED_STRESS_TEST_FRESH_CASES,False
pusht,R7_pusht_00562cf36eb8ed212c7b86b0,REFIT_103203,R4_ALT_CEM_2,H_REAL3_REPLAN,0,100,4,True,0,COMPLETE,R7_PREREGISTERED_STRESS_TEST_FRESH_CASES,True
pusht,R7_pusht_005d0202e4b17ca5d3e8466e,H0,R4_ALT_CEM_2,H_POLICY,1,25,1,False,0,COMPLETE,R7_PREREGISTERED_STRESS_TEST_FRESH_CASES,False
pusht,R7_pusht_005d0202e4b17ca5d3e8466e,H0,R4_ALT_CEM_2,H_REAL3_REPLAN,1,25,1,False,0,COMPLETE,R7_PREREGISTERED_STRESS_TEST_FRESH_CASES,True
pusht,R7_pusht_005d0202e4b17ca5d3e8466e,REFIT_103201,R4_ALT_CEM_2,H_POLICY,0,100,4,True,0,COMPLETE,R7_PREREGISTERED_STRESS_TEST_FRESH_CASES,False
pusht,R7_pusht_005d0202e4b17ca5d3e8466e,REFIT_103201,R4_ALT_CEM_2,H_REAL3_REPLAN,0,100,4,True,0,COMPLETE,R7_PREREGISTERED_STRESS_TEST_FRESH_CASES,True
pusht,R7_pusht_005d0202e4b17ca5d3e8466e,REFIT_103202,R4_ALT_CEM_2,H_POLICY,0,100,4,True,0,COMPLETE,R7_PREREGISTERED_STRESS_TEST_FRESH_CASES,False
pusht,R7_pusht_005d0202e4b17ca5d3e8466e,REFIT_103202,R4_ALT_CEM_2,H_REAL3_REPLAN,0,100,4,True,0,COMPLETE,R7_PREREGISTERED_STRESS_TEST_FRESH_CASES,True
pusht,R7_pusht_005d0202e4b17ca5d3e8466e,REFIT_103203,R4_ALT_CEM_2,H_POLICY,0,100,4,True,0,COMPLETE,R7_PREREGISTERED_STRESS_TEST_FRESH_CASES,False
pusht,R7_pusht_005d0202e4b17ca5d3e8466e,REFIT_103203,R4_ALT_CEM_2,H_REAL3_REPLAN,0,100,4,True,0,COMPLETE,R7_PREREGISTERED_STRESS_TEST_FRESH_CASES,True
pusht,R7_pusht_005e362c13e1e1af781099f2,H0,R4_ALT_CEM_2,H_POLICY,0,100,4,True,0,COMPLETE,R7_PREREGISTERED_STRESS_TEST_FRESH_CASES,False
pusht,R7_pusht_005e362c13e1e1af781099f2,H0,R4_ALT_CEM_2,H_REAL3_REPLAN,0,100,4,True,0,COMPLETE,R7_PREREGISTERED_STRESS_TEST_FRESH_CASES,True
pusht,R7_pusht_005e362c13e1e1af781099f2,REFIT_103201,R4_ALT_CEM_2,H_POLICY,0,100,4,True,0,COMPLETE,R7_PREREGISTERED_STRESS_TEST_FRESH_CASES,False
pusht,R7_pusht_005e362c13e1e1af781099f2,REFIT_103201,R4_ALT_CEM_2,H_REAL3_REPLAN,0,100,4,True,0,COMPLETE,R7_PREREGISTERED_STRESS_TEST_FRESH_CASES,True
pusht,R7_pusht_005e362c13e1e1af781099f2,REFIT_103202,R4_ALT_CEM_2,H_POLICY,0,100,4,True,0,COMPLETE,R7_PREREGISTERED_STRESS_TEST_FRESH_CASES,False
pusht,R7_pusht_005e362c13e1e1af781099f2,REFIT_103202,R4_ALT_CEM_2,H_REAL3_REPLAN,0,100,4,True,0,COMPLETE,R7_PREREGISTERED_STRESS_TEST_FRESH_CASES,True
pusht,R7_pusht_005e362c13e1e1af781099f2,REFIT_103203,R4_ALT_CEM_2,H_POLICY,0,100,4,True,0,COMPLETE,R7_PREREGISTERED_STRESS_TEST_FRESH_CASES,False
pusht,R7_pusht_005e362c13e1e1af781099f2,REFIT_103203,R4_ALT_CEM_2,H_REAL3_REPLAN,0,100,4,True,0,COMPLETE,R7_PREREGISTERED_STRESS_TEST_FRESH_CASES,True
pusht,R7_pusht_0079e098440292d75fd85976,H0,R4_ALT_CEM_2,H_POLICY,1,24,1,False,0,COMPLETE,R7_PREREGISTERED_STRESS_TEST_FRESH_CASES,False
pusht,R7_pusht_0079e098440292d75fd85976,H0,R4_ALT_CEM_2,H_REAL3_REPLAN,1,24,1,False,0,COMPLETE,R7_PREREGISTERED_STRESS_TEST_FRESH_CASES,True
pusht,R7_pusht_0079e098440292d75fd85976,REFIT_103201,R4_ALT_CEM_2,H_POLICY,1,26,2,True,0,COMPLETE,R7_PREREGISTERED_STRESS_TEST_FRESH_CASES,False
pusht,R7_pusht_0079e098440292d75fd85976,REFIT_103201,R4_ALT_CEM_2,H_REAL3_REPLAN,1,62,3,True,0,COMPLETE,R7_PREREGISTERED_STRESS_TEST_FRESH_CASES,True
pusht,R7_pusht_0079e098440292d75fd85976,REFIT_103202,R4_ALT_CEM_2,H_POLICY,1,85,4,True,0,COMPLETE,R7_PREREGISTERED_STRESS_TEST_FRESH_CASES,False
pusht,R7_pusht_0079e098440292d75fd85976,REFIT_103202,R4_ALT_CEM_2,H_REAL3_REPLAN,0,100,4,True,0,COMPLETE,R7_PREREGISTERED_STRESS_TEST_FRESH_CASES,True
pusht,R7_pusht_0079e098440292d75fd85976,REFIT_103203,R4_ALT_CEM_2,H_POLICY,0,100,4,True,0,COMPLETE,R7_PREREGISTERED_STRESS_TEST_FRESH_CASES,False
pusht,R7_pusht_0079e098440292d75fd85976,REFIT_103203,R4_ALT_CEM_2,H_REAL3_REPLAN,0,100,4,True,0,COMPLETE,R7_PREREGISTERED_STRESS_TEST_FRESH_CASES,True
pusht,R7_pusht_0080bcbb5c5bef7fe04ab818,H0,R4_ALT_CEM_2,H_POLICY,1,23,1,False,0,COMPLETE,R7_PREREGISTERED_STRESS_TEST_FRESH_CASES,False
pusht,R7_pusht_0080bcbb5c5bef7fe04ab818,H0,R4_ALT_CEM_2,H_REAL3_REPLAN,1,23,1,False,0,COMPLETE,R7_PREREGISTERED_STRESS_TEST_FRESH_CASES,True
pusht,R7_pusht_0080bcbb5c5bef7fe04ab818,REFIT_103201,R4_ALT_CEM_2,H_POLICY,1,24,1,False,0,COMPLETE,R7_PREREGISTERED_STRESS_TEST_FRESH_CASES,False
pusht,R7_pusht_0080bcbb5c5bef7fe04ab818,REFIT_103201,R4_ALT_CEM_2,H_REAL3_REPLAN,1,24,1,False,0,COMPLETE,R7_PREREGISTERED_STRESS_TEST_FRESH_CASES,True
pusht,R7_pusht_0080bcbb5c5bef7fe04ab818,REFIT_103202,R4_ALT_CEM_2,H_POLICY,1,24,1,False,0,COMPLETE,R7_PREREGISTERED_STRESS_TEST_FRESH_CASES,False
pusht,R7_pusht_0080bcbb5c5bef7fe04ab818,REFIT_103202,R4_ALT_CEM_2,H_REAL3_REPLAN,1,24,1,False,0,COMPLETE,R7_PREREGISTERED_STRESS_TEST_FRESH_CASES,True
pusht,R7_pusht_0080bcbb5c5bef7fe04ab818,REFIT_103203,R4_ALT_CEM_2,H_POLICY,1,24,1,False,0,COMPLETE,R7_PREREGISTERED_STRESS_TEST_FRESH_CASES,False
pusht,R7_pusht_0080bcbb5c5bef7fe04ab818,REFIT_103203,R4_ALT_CEM_2,H_REAL3_REPLAN,1,24,1,False,0,COMPLETE,R7_PREREGISTERED_STRESS_TEST_FRESH_CASES,True
pusht,R7_pusht_0081bb23529acdfb0f569ccb,H0,R4_ALT_CEM_2,H_POLICY,0,100,4,True,0,COMPLETE,R7_PREREGISTERED_STRESS_TEST_FRESH_CASES,False
pusht,R7_pusht_0081bb23529acdfb0f569ccb,H0,R4_ALT_CEM_2,H_REAL3_REPLAN,0,100,4,True,0,COMPLETE,R7_PREREGISTERED_STRESS_TEST_FRESH_CASES,True
pusht,R7_pusht_0081bb23529acdfb0f569ccb,REFIT_103201,R4_ALT_CEM_2,H_POLICY,0,100,4,True,0,COMPLETE,R7_PREREGISTERED_STRESS_TEST_FRESH_CASES,False
pusht,R7_pusht_0081bb23529acdfb0f569ccb,REFIT_103201,R4_ALT_CEM_2,H_REAL3_REPLAN,0,100,4,True,0,COMPLETE,R7_PREREGISTERED_STRESS_TEST_FRESH_CASES,True
pusht,R7_pusht_0081bb23529acdfb0f569ccb,REFIT_103202,R4_ALT_CEM_2,H_POLICY,0,100,4,True,0,COMPLETE,R7_PREREGISTERED_STRESS_TEST_FRESH_CASES,False
pusht,R7_pusht_0081bb23529acdfb0f569ccb,REFIT_103202,R4_ALT_CEM_2,H_REAL3_REPLAN,0,100,4,True,0,COMPLETE,R7_PREREGISTERED_STRESS_TEST_FRESH_CASES,True
pusht,R7_pusht_0081bb23529acdfb0f569ccb,REFIT_103203,R4_ALT_CEM_2,H_POLICY,0,100,4,True,0,COMPLETE,R7_PREREGISTERED_STRESS_TEST_FRESH_CASES,False
pusht,R7_pusht_0081bb23529acdfb0f569ccb,REFIT_103203,R4_ALT_CEM_2,H_REAL3_REPLAN,0,100,4,True,0,COMPLETE,R7_PREREGISTERED_STRESS_TEST_FRESH_CASES,True
pusht,R7_pusht_0083db1f07731fb8348e4d59,H0,R4_ALT_CEM_2,H_POLICY,0,100,4,True,0,COMPLETE,R7_PREREGISTERED_STRESS_TEST_FRESH_CASES,False
pusht,R7_pusht_0083db1f07731fb8348e4d59,H0,R4_ALT_CEM_2,H_REAL3_REPLAN,0,100,4,True,0,COMPLETE,R7_PREREGISTERED_STRESS_TEST_FRESH_CASES,True
pusht,R7_pusht_0083db1f07731fb8348e4d59,REFIT_103201,R4_ALT_CEM_2,H_POLICY,0,100,4,True,0,COMPLETE,R7_PREREGISTERED_STRESS_TEST_FRESH_CASES,False
pusht,R7_pusht_0083db1f07731fb8348e4d59,REFIT_103201,R4_ALT_CEM_2,H_REAL3_REPLAN,0,100,4,True,0,COMPLETE,R7_PREREGISTERED_STRESS_TEST_FRESH_CASES,True
pusht,R7_pusht_0083db1f07731fb8348e4d59,REFIT_103202,R4_ALT_CEM_2,H_POLICY,0,100,4,True,0,COMPLETE,R7_PREREGISTERED_STRESS_TEST_FRESH_CASES,False
pusht,R7_pusht_0083db1f07731fb8348e4d59,REFIT_103202,R4_ALT_CEM_2,H_REAL3_REPLAN,0,100,4,True,0,COMPLETE,R7_PREREGISTERED_STRESS_TEST_FRESH_CASES,True
pusht,R7_pusht_0083db1f07731fb8348e4d59,REFIT_103203,R4_ALT_CEM_2,H_POLICY,0,100,4,True,0,COMPLETE,R7_PREREGISTERED_STRESS_TEST_FRESH_CASES,False
pusht,R7_pusht_0083db1f07731fb8348e4d59,REFIT_103203,R4_ALT_CEM_2,H_REAL3_REPLAN,0,100,4,True,0,COMPLETE,R7_PREREGISTERED_STRESS_TEST_FRESH_CASES,True
pusht,R7_pusht_00932de5945efd930ead293b,H0,R4_ALT_CEM_2,H_POLICY,0,100,4,True,0,COMPLETE,R7_PREREGISTERED_STRESS_TEST_FRESH_CASES,False
pusht,R7_pusht_00932de5945efd930ead293b,H0,R4_ALT_CEM_2,H_REAL3_REPLAN,0,100,4,True,0,COMPLETE,R7_PREREGISTERED_STRESS_TEST_FRESH_CASES,True
pusht,R7_pusht_00932de5945efd930ead293b,REFIT_103201,R4_ALT_CEM_2,H_POLICY,1,49,2,True,0,COMPLETE,R7_PREREGISTERED_STRESS_TEST_FRESH_CASES,False
pusht,R7_pusht_00932de5945efd930ead293b,REFIT_103201,R4_ALT_CEM_2,H_REAL3_REPLAN,1,27,2,True,0,COMPLETE,R7_PREREGISTERED_STRESS_TEST_FRESH_CASES,True
pusht,R7_pusht_00932de5945efd930ead293b,REFIT_103202,R4_ALT_CEM_2,H_POLICY,1,26,2,True,0,COMPLETE,R7_PREREGISTERED_STRESS_TEST_FRESH_CASES,False
pusht,R7_pusht_00932de5945efd930ead293b,REFIT_103202,R4_ALT_CEM_2,H_REAL3_REPLAN,1,26,2,True,0,COMPLETE,R7_PREREGISTERED_STRESS_TEST_FRESH_CASES,True
pusht,R7_pusht_00932de5945efd930ead293b,REFIT_103203,R4_ALT_CEM_2,H_POLICY,1,26,2,True,0,COMPLETE,R7_PREREGISTERED_STRESS_TEST_FRESH_CASES,False
pusht,R7_pusht_00932de5945efd930ead293b,REFIT_103203,R4_ALT_CEM_2,H_REAL3_REPLAN,1,49,2,True,0,COMPLETE,R7_PREREGISTERED_STRESS_TEST_FRESH_CASES,True
pusht,R7_pusht_00a7369b7c554e5d5578ed68,H0,R4_ALT_CEM_2,H_POLICY,1,73,3,True,0,COMPLETE,R7_PREREGISTERED_STRESS_TEST_FRESH_CASES,False
pusht,R7_pusht_00a7369b7c554e5d5578ed68,H0,R4_ALT_CEM_2,H_REAL3_REPLAN,0,100,4,True,0,COMPLETE,R7_PREREGISTERED_STRESS_TEST_FRESH_CASES,True
pusht,R7_pusht_00a7369b7c554e5d5578ed68,REFIT_103201,R4_ALT_CEM_2,H_POLICY,0,100,4,True,0,COMPLETE,R7_PREREGISTERED_STRESS_TEST_FRESH_CASES,False
pusht,R7_pusht_00a7369b7c554e5d5578ed68,REFIT_103201,R4_ALT_CEM_2,H_REAL3_REPLAN,0,100,4,True,0,COMPLETE,R7_PREREGISTERED_STRESS_TEST_FRESH_CASES,True
pusht,R7_pusht_00a7369b7c554e5d5578ed68,REFIT_103202,R4_ALT_CEM_2,H_POLICY,0,100,4,True,0,COMPLETE,R7_PREREGISTERED_STRESS_TEST_FRESH_CASES,False
pusht,R7_pusht_00a7369b7c554e5d5578ed68,REFIT_103202,R4_ALT_CEM_2,H_REAL3_REPLAN,0,100,4,True,0,COMPLETE,R7_PREREGISTERED_STRESS_TEST_FRESH_CASES,True
pusht,R7_pusht_00a7369b7c554e5d5578ed68,REFIT_103203,R4_ALT_CEM_2,H_POLICY,0,100,4,True,0,COMPLETE,R7_PREREGISTERED_STRESS_TEST_FRESH_CASES,False
pusht,R7_pusht_00a7369b7c554e5d5578ed68,REFIT_103203,R4_ALT_CEM_2,H_REAL3_REPLAN,0,100,4,True,0,COMPLETE,R7_PREREGISTERED_STRESS_TEST_FRESH_CASES,True
pusht,R7_pusht_00c17d97d2a90bd0e17264f0,H0,R4_ALT_CEM_2,H_POLICY,0,100,4,True,0,COMPLETE,R7_PREREGISTERED_STRESS_TEST_FRESH_CASES,False
pusht,R7_pusht_00c17d97d2a90bd0e17264f0,H0,R4_ALT_CEM_2,H_REAL3_REPLAN,0,100,4,True,0,COMPLETE,R7_PREREGISTERED_STRESS_TEST_FRESH_CASES,True
pusht,R7_pusht_00c17d97d2a90bd0e17264f0,REFIT_103201,R4_ALT_CEM_2,H_POLICY,0,100,4,True,0,COMPLETE,R7_PREREGISTERED_STRESS_TEST_FRESH_CASES,False
pusht,R7_pusht_00c17d97d2a90bd0e17264f0,REFIT_103201,R4_ALT_CEM_2,H_REAL3_REPLAN,0,100,4,True,0,COMPLETE,R7_PREREGISTERED_STRESS_TEST_FRESH_CASES,True
pusht,R7_pusht_00c17d97d2a90bd0e17264f0,REFIT_103202,R4_ALT_CEM_2,H_POLICY,0,100,4,True,0,COMPLETE,R7_PREREGISTERED_STRESS_TEST_FRESH_CASES,False
pusht,R7_pusht_00c17d97d2a90bd0e17264f0,REFIT_103202,R4_ALT_CEM_2,H_REAL3_REPLAN,0,100,4,True,0,COMPLETE,R7_PREREGISTERED_STRESS_TEST_FRESH_CASES,True
pusht,R7_pusht_00c17d97d2a90bd0e17264f0,REFIT_103203,R4_ALT_CEM_2,H_POLICY,0,100,4,True,0,COMPLETE,R7_PREREGISTERED_STRESS_TEST_FRESH_CASES,False
pusht,R7_pusht_00c17d97d2a90bd0e17264f0,REFIT_103203,R4_ALT_CEM_2,H_REAL3_REPLAN,0,100,4,True,0,COMPLETE,R7_PREREGISTERED_STRESS_TEST_FRESH_CASES,True
pusht,R7_pusht_00ee287d7ddc5e19c34c86e1,H0,R4_ALT_CEM_2,H_POLICY,0,100,4,True,0,COMPLETE,R7_PREREGISTERED_STRESS_TEST_FRESH_CASES,False
pusht,R7_pusht_00ee287d7ddc5e19c34c86e1,H0,R4_ALT_CEM_2,H_REAL3_REPLAN,0,100,4,True,0,COMPLETE,R7_PREREGISTERED_STRESS_TEST_FRESH_CASES,True
pusht,R7_pusht_00ee287d7ddc5e19c34c86e1,REFIT_103201,R4_ALT_CEM_2,H_POLICY,0,100,4,True,0,COMPLETE,R7_PREREGISTERED_STRESS_TEST_FRESH_CASES,False
pusht,R7_pusht_00ee287d7ddc5e19c34c86e1,REFIT_103201,R4_ALT_CEM_2,H_REAL3_REPLAN,0,100,4,True,0,COMPLETE,R7_PREREGISTERED_STRESS_TEST_FRESH_CASES,True
pusht,R7_pusht_00ee287d7ddc5e19c34c86e1,REFIT_103202,R4_ALT_CEM_2,H_POLICY,0,100,4,True,0,COMPLETE,R7_PREREGISTERED_STRESS_TEST_FRESH_CASES,False
pusht,R7_pusht_00ee287d7ddc5e19c34c86e1,REFIT_103202,R4_ALT_CEM_2,H_REAL3_REPLAN,0,100,4,True,0,COMPLETE,R7_PREREGISTERED_STRESS_TEST_FRESH_CASES,True
pusht,R7_pusht_00ee287d7ddc5e19c34c86e1,REFIT_103203,R4_ALT_CEM_2,H_POLICY,0,100,4,True,0,COMPLETE,R7_PREREGISTERED_STRESS_TEST_FRESH_CASES,False
pusht,R7_pusht_00ee287d7ddc5e19c34c86e1,REFIT_103203,R4_ALT_CEM_2,H_REAL3_REPLAN,0,100,4,True,0,COMPLETE,R7_PREREGISTERED_STRESS_TEST_FRESH_CASES,True
pusht,R7_pusht_0102782157fdff4c061c6da9,H0,R4_ALT_CEM_2,H_POLICY,1,25,1,False,0,COMPLETE,R7_PREREGISTERED_STRESS_TEST_FRESH_CASES,False
pusht,R7_pusht_0102782157fdff4c061c6da9,H0,R4_ALT_CEM_2,H_REAL3_REPLAN,1,25,1,False,0,COMPLETE,R7_PREREGISTERED_STRESS_TEST_FRESH_CASES,True
pusht,R7_pusht_0102782157fdff4c061c6da9,REFIT_103201,R4_ALT_CEM_2,H_POLICY,1,25,1,False,0,COMPLETE,R7_PREREGISTERED_STRESS_TEST_FRESH_CASES,False
pusht,R7_pusht_0102782157fdff4c061c6da9,REFIT_103201,R4_ALT_CEM_2,H_REAL3_REPLAN,1,25,1,False,0,COMPLETE,R7_PREREGISTERED_STRESS_TEST_FRESH_CASES,True
pusht,R7_pusht_0102782157fdff4c061c6da9,REFIT_103202,R4_ALT_CEM_2,H_POLICY,1,25,1,False,0,COMPLETE,R7_PREREGISTERED_STRESS_TEST_FRESH_CASES,False
pusht,R7_pusht_0102782157fdff4c061c6da9,REFIT_103202,R4_ALT_CEM_2,H_REAL3_REPLAN,1,25,1,False,0,COMPLETE,R7_PREREGISTERED_STRESS_TEST_FRESH_CASES,True
pusht,R7_pusht_0102782157fdff4c061c6da9,REFIT_103203,R4_ALT_CEM_2,H_POLICY,1,25,1,False,0,COMPLETE,R7_PREREGISTERED_STRESS_TEST_FRESH_CASES,False
pusht,R7_pusht_0102782157fdff4c061c6da9,REFIT_103203,R4_ALT_CEM_2,H_REAL3_REPLAN,1,25,1,False,0,COMPLETE,R7_PREREGISTERED_STRESS_TEST_FRESH_CASES,True
pusht,R7_pusht_0103c0c175f43738e25db3e4,H0,R4_ALT_CEM_2,H_POLICY,1,73,3,True,0,COMPLETE,R7_PREREGISTERED_STRESS_TEST_FRESH_CASES,False
pusht,R7_pusht_0103c0c175f43738e25db3e4,H0,R4_ALT_CEM_2,H_REAL3_REPLAN,0,100,4,True,0,COMPLETE,R7_PREREGISTERED_STRESS_TEST_FRESH_CASES,True
pusht,R7_pusht_0103c0c175f43738e25db3e4,REFIT_103201,R4_ALT_CEM_2,H_POLICY,0,100,4,True,0,COMPLETE,R7_PREREGISTERED_STRESS_TEST_FRESH_CASES,False
pusht,R7_pusht_0103c0c175f43738e25db3e4,REFIT_103201,R4_ALT_CEM_2,H_REAL3_REPLAN,0,100,4,True,0,COMPLETE,R7_PREREGISTERED_STRESS_TEST_FRESH_CASES,True
pusht,R7_pusht_0103c0c175f43738e25db3e4,REFIT_103202,R4_ALT_CEM_2,H_POLICY,0,100,4,True,0,COMPLETE,R7_PREREGISTERED_STRESS_TEST_FRESH_CASES,False
pusht,R7_pusht_0103c0c175f43738e25db3e4,REFIT_103202,R4_ALT_CEM_2,H_REAL3_REPLAN,1,73,3,True,0,COMPLETE,R7_PREREGISTERED_STRESS_TEST_FRESH_CASES,True
pusht,R7_pusht_0103c0c175f43738e25db3e4,REFIT_103203,R4_ALT_CEM_2,H_POLICY,1,50,2,True,0,COMPLETE,R7_PREREGISTERED_STRESS_TEST_FRESH_CASES,False
pusht,R7_pusht_0103c0c175f43738e25db3e4,REFIT_103203,R4_ALT_CEM_2,H_REAL3_REPLAN,1,50,2,True,0,COMPLETE,R7_PREREGISTERED_STRESS_TEST_FRESH_CASES,True
pusht,R7_pusht_0114d7350a4630342056b375,H0,R4_ALT_CEM_2,H_POLICY,0,100,4,True,0,COMPLETE,R7_PREREGISTERED_STRESS_TEST_FRESH_CASES,False
pusht,R7_pusht_0114d7350a4630342056b375,H0,R4_ALT_CEM_2,H_REAL3_REPLAN,0,100,4,True,0,COMPLETE,R7_PREREGISTERED_STRESS_TEST_FRESH_CASES,True
pusht,R7_pusht_0114d7350a4630342056b375,REFIT_103201,R4_ALT_CEM_2,H_POLICY,0,100,4,True,0,COMPLETE,R7_PREREGISTERED_STRESS_TEST_FRESH_CASES,False
pusht,R7_pusht_0114d7350a4630342056b375,REFIT_103201,R4_ALT_CEM_2,H_REAL3_REPLAN,0,100,4,True,0,COMPLETE,R7_PREREGISTERED_STRESS_TEST_FRESH_CASES,True
pusht,R7_pusht_0114d7350a4630342056b375,REFIT_103202,R4_ALT_CEM_2,H_POLICY,0,100,4,True,0,COMPLETE,R7_PREREGISTERED_STRESS_TEST_FRESH_CASES,False
pusht,R7_pusht_0114d7350a4630342056b375,REFIT_103202,R4_ALT_CEM_2,H_REAL3_REPLAN,0,100,4,True,0,COMPLETE,R7_PREREGISTERED_STRESS_TEST_FRESH_CASES,True
pusht,R7_pusht_0114d7350a4630342056b375,REFIT_103203,R4_ALT_CEM_2,H_POLICY,0,100,4,True,0,COMPLETE,R7_PREREGISTERED_STRESS_TEST_FRESH_CASES,False
pusht,R7_pusht_0114d7350a4630342056b375,REFIT_103203,R4_ALT_CEM_2,H_REAL3_REPLAN,0,100,4,True,0,COMPLETE,R7_PREREGISTERED_STRESS_TEST_FRESH_CASES,True
pusht,R7_pusht_011574665e032d9ca4ed79c6,H0,R4_ALT_CEM_2,H_POLICY,0,100,4,True,0,COMPLETE,R7_PREREGISTERED_STRESS_TEST_FRESH_CASES,False
pusht,R7_pusht_011574665e032d9ca4ed79c6,H0,R4_ALT_CEM_2,H_REAL3_REPLAN,0,100,4,True,0,COMPLETE,R7_PREREGISTERED_STRESS_TEST_FRESH_CASES,True
pusht,R7_pusht_011574665e032d9ca4ed79c6,REFIT_103201,R4_ALT_CEM_2,H_POLICY,0,100,4,True,0,COMPLETE,R7_PREREGISTERED_STRESS_TEST_FRESH_CASES,False
pusht,R7_pusht_011574665e032d9ca4ed79c6,REFIT_103201,R4_ALT_CEM_2,H_REAL3_REPLAN,0,100,4,True,0,COMPLETE,R7_PREREGISTERED_STRESS_TEST_FRESH_CASES,True
pusht,R7_pusht_011574665e032d9ca4ed79c6,REFIT_103202,R4_ALT_CEM_2,H_POLICY,0,100,4,True,0,COMPLETE,R7_PREREGISTERED_STRESS_TEST_FRESH_CASES,False
pusht,R7_pusht_011574665e032d9ca4ed79c6,REFIT_103202,R4_ALT_CEM_2,H_REAL3_REPLAN,0,100,4,True,0,COMPLETE,R7_PREREGISTERED_STRESS_TEST_FRESH_CASES,True
pusht,R7_pusht_011574665e032d9ca4ed79c6,REFIT_103203,R4_ALT_CEM_2,H_POLICY,0,100,4,True,0,COMPLETE,R7_PREREGISTERED_STRESS_TEST_FRESH_CASES,False
pusht,R7_pusht_011574665e032d9ca4ed79c6,REFIT_103203,R4_ALT_CEM_2,H_REAL3_REPLAN,0,100,4,True,0,COMPLETE,R7_PREREGISTERED_STRESS_TEST_FRESH_CASES,True
pusht,R7_pusht_0123b71e8814b0b6fbe9fed3,H0,R4_ALT_CEM_2,H_POLICY,0,100,4,True,0,COMPLETE,R7_PREREGISTERED_STRESS_TEST_FRESH_CASES,False
pusht,R7_pusht_0123b71e8814b0b6fbe9fed3,H0,R4_ALT_CEM_2,H_REAL3_REPLAN,0,100,4,True,0,COMPLETE,R7_PREREGISTERED_STRESS_TEST_FRESH_CASES,True
pusht,R7_pusht_0123b71e8814b0b6fbe9fed3,REFIT_103201,R4_ALT_CEM_2,H_POLICY,0,100,4,True,0,COMPLETE,R7_PREREGISTERED_STRESS_TEST_FRESH_CASES,False
pusht,R7_pusht_0123b71e8814b0b6fbe9fed3,REFIT_103201,R4_ALT_CEM_2,H_REAL3_REPLAN,0,100,4,True,0,COMPLETE,R7_PREREGISTERED_STRESS_TEST_FRESH_CASES,True
pusht,R7_pusht_0123b71e8814b0b6fbe9fed3,REFIT_103202,R4_ALT_CEM_2,H_POLICY,0,100,4,True,0,COMPLETE,R7_PREREGISTERED_STRESS_TEST_FRESH_CASES,False
pusht,R7_pusht_0123b71e8814b0b6fbe9fed3,REFIT_103202,R4_ALT_CEM_2,H_REAL3_REPLAN,0,100,4,True,0,COMPLETE,R7_PREREGISTERED_STRESS_TEST_FRESH_CASES,True
pusht,R7_pusht_0123b71e8814b0b6fbe9fed3,REFIT_103203,R4_ALT_CEM_2,H_POLICY,0,100,4,True,0,COMPLETE,R7_PREREGISTERED_STRESS_TEST_FRESH_CASES,False
pusht,R7_pusht_0123b71e8814b0b6fbe9fed3,REFIT_103203,R4_ALT_CEM_2,H_REAL3_REPLAN,0,100,4,True,0,COMPLETE,R7_PREREGISTERED_STRESS_TEST_FRESH_CASES,True
pusht,R7_pusht_01383ba7c0041d49d5549e5e,H0,R4_ALT_CEM_2,H_POLICY,0,100,4,True,0,COMPLETE,R7_PREREGISTERED_STRESS_TEST_FRESH_CASES,False
pusht,R7_pusht_01383ba7c0041d49d5549e5e,H0,R4_ALT_CEM_2,H_REAL3_REPLAN,0,100,4,True,0,COMPLETE,R7_PREREGISTERED_STRESS_TEST_FRESH_CASES,True
pusht,R7_pusht_01383ba7c0041d49d5549e5e,REFIT_103201,R4_ALT_CEM_2,H_POLICY,0,100,4,True,0,COMPLETE,R7_PREREGISTERED_STRESS_TEST_FRESH_CASES,False
pusht,R7_pusht_01383ba7c0041d49d5549e5e,REFIT_103201,R4_ALT_CEM_2,H_REAL3_REPLAN,0,100,4,True,0,COMPLETE,R7_PREREGISTERED_STRESS_TEST_FRESH_CASES,True
pusht,R7_pusht_01383ba7c0041d49d5549e5e,REFIT_103202,R4_ALT_CEM_2,H_POLICY,0,100,4,True,0,COMPLETE,R7_PREREGISTERED_STRESS_TEST_FRESH_CASES,False
pusht,R7_pusht_01383ba7c0041d49d5549e5e,REFIT_103202,R4_ALT_CEM_2,H_REAL3_REPLAN,0,100,4,True,0,COMPLETE,R7_PREREGISTERED_STRESS_TEST_FRESH_CASES,True
pusht,R7_pusht_01383ba7c0041d49d5549e5e,REFIT_103203,R4_ALT_CEM_2,H_POLICY,0,100,4,True,0,COMPLETE,R7_PREREGISTERED_STRESS_TEST_FRESH_CASES,False
pusht,R7_pusht_01383ba7c0041d49d5549e5e,REFIT_103203,R4_ALT_CEM_2,H_REAL3_REPLAN,0,100,4,True,0,COMPLETE,R7_PREREGISTERED_STRESS_TEST_FRESH_CASES,True
pusht,R7_pusht_0138e59625641fe9c63255fd,H0,R4_ALT_CEM_2,H_POLICY,1,25,1,False,0,COMPLETE,R7_PREREGISTERED_STRESS_TEST_FRESH_CASES,False
pusht,R7_pusht_0138e59625641fe9c63255fd,H0,R4_ALT_CEM_2,H_REAL3_REPLAN,1,25,1,False,0,COMPLETE,R7_PREREGISTERED_STRESS_TEST_FRESH_CASES,True
pusht,R7_pusht_0138e59625641fe9c63255fd,REFIT_103201,R4_ALT_CEM_2,H_POLICY,0,100,4,True,0,COMPLETE,R7_PREREGISTERED_STRESS_TEST_FRESH_CASES,False
pusht,R7_pusht_0138e59625641fe9c63255fd,REFIT_103201,R4_ALT_CEM_2,H_REAL3_REPLAN,0,100,4,True,0,COMPLETE,R7_PREREGISTERED_STRESS_TEST_FRESH_CASES,True
pusht,R7_pusht_0138e59625641fe9c63255fd,REFIT_103202,R4_ALT_CEM_2,H_POLICY,0,100,4,True,0,COMPLETE,R7_PREREGISTERED_STRESS_TEST_FRESH_CASES,False
pusht,R7_pusht_0138e59625641fe9c63255fd,REFIT_103202,R4_ALT_CEM_2,H_REAL3_REPLAN,0,100,4,True,0,COMPLETE,R7_PREREGISTERED_STRESS_TEST_FRESH_CASES,True
pusht,R7_pusht_0138e59625641fe9c63255fd,REFIT_103203,R4_ALT_CEM_2,H_POLICY,1,75,3,True,0,COMPLETE,R7_PREREGISTERED_STRESS_TEST_FRESH_CASES,False
pusht,R7_pusht_0138e59625641fe9c63255fd,REFIT_103203,R4_ALT_CEM_2,H_REAL3_REPLAN,1,51,3,True,0,COMPLETE,R7_PREREGISTERED_STRESS_TEST_FRESH_CASES,True
pusht,R7_pusht_014346343fb1f4266dd2189e,H0,R4_ALT_CEM_2,H_POLICY,0,100,4,True,0,COMPLETE,R7_PREREGISTERED_STRESS_TEST_FRESH_CASES,False
pusht,R7_pusht_014346343fb1f4266dd2189e,H0,R4_ALT_CEM_2,H_REAL3_REPLAN,0,100,4,True,0,COMPLETE,R7_PREREGISTERED_STRESS_TEST_FRESH_CASES,True
pusht,R7_pusht_014346343fb1f4266dd2189e,REFIT_103201,R4_ALT_CEM_2,H_POLICY,0,100,4,True,0,COMPLETE,R7_PREREGISTERED_STRESS_TEST_FRESH_CASES,False
pusht,R7_pusht_014346343fb1f4266dd2189e,REFIT_103201,R4_ALT_CEM_2,H_REAL3_REPLAN,0,100,4,True,0,COMPLETE,R7_PREREGISTERED_STRESS_TEST_FRESH_CASES,True
pusht,R7_pusht_014346343fb1f4266dd2189e,REFIT_103202,R4_ALT_CEM_2,H_POLICY,0,100,4,True,0,COMPLETE,R7_PREREGISTERED_STRESS_TEST_FRESH_CASES,False
pusht,R7_pusht_014346343fb1f4266dd2189e,REFIT_103202,R4_ALT_CEM_2,H_REAL3_REPLAN,0,100,4,True,0,COMPLETE,R7_PREREGISTERED_STRESS_TEST_FRESH_CASES,True
pusht,R7_pusht_014346343fb1f4266dd2189e,REFIT_103203,R4_ALT_CEM_2,H_POLICY,0,100,4,True,0,COMPLETE,R7_PREREGISTERED_STRESS_TEST_FRESH_CASES,False
pusht,R7_pusht_014346343fb1f4266dd2189e,REFIT_103203,R4_ALT_CEM_2,H_REAL3_REPLAN,0,100,4,True,0,COMPLETE,R7_PREREGISTERED_STRESS_TEST_FRESH_CASES,True
pusht,R7_pusht_015cd0dd0513717d24afb716,H0,R4_ALT_CEM_2,H_POLICY,0,100,4,True,0,COMPLETE,R7_PREREGISTERED_STRESS_TEST_FRESH_CASES,False
pusht,R7_pusht_015cd0dd0513717d24afb716,H0,R4_ALT_CEM_2,H_REAL3_REPLAN,0,100,4,True,0,COMPLETE,R7_PREREGISTERED_STRESS_TEST_FRESH_CASES,True
pusht,R7_pusht_015cd0dd0513717d24afb716,REFIT_103201,R4_ALT_CEM_2,H_POLICY,1,49,2,True,0,COMPLETE,R7_PREREGISTERED_STRESS_TEST_FRESH_CASES,False
pusht,R7_pusht_015cd0dd0513717d24afb716,REFIT_103201,R4_ALT_CEM_2,H_REAL3_REPLAN,1,50,2,True,0,COMPLETE,R7_PREREGISTERED_STRESS_TEST_FRESH_CASES,True
pusht,R7_pusht_015cd0dd0513717d24afb716,REFIT_103202,R4_ALT_CEM_2,H_POLICY,0,100,4,True,0,COMPLETE,R7_PREREGISTERED_STRESS_TEST_FRESH_CASES,False
pusht,R7_pusht_015cd0dd0513717d24afb716,REFIT_103202,R4_ALT_CEM_2,H_REAL3_REPLAN,0,100,4,True,0,COMPLETE,R7_PREREGISTERED_STRESS_TEST_FRESH_CASES,True
pusht,R7_pusht_015cd0dd0513717d24afb716,REFIT_103203,R4_ALT_CEM_2,H_POLICY,0,100,4,True,0,COMPLETE,R7_PREREGISTERED_STRESS_TEST_FRESH_CASES,False
pusht,R7_pusht_015cd0dd0513717d24afb716,REFIT_103203,R4_ALT_CEM_2,H_REAL3_REPLAN,0,100,4,True,0,COMPLETE,R7_PREREGISTERED_STRESS_TEST_FRESH_CASES,True
pusht,R7_pusht_015e78cbf575a7cc72c030de,H0,R4_ALT_CEM_2,H_POLICY,0,100,4,True,0,COMPLETE,R7_PREREGISTERED_STRESS_TEST_FRESH_CASES,False
pusht,R7_pusht_015e78cbf575a7cc72c030de,H0,R4_ALT_CEM_2,H_REAL3_REPLAN,0,100,4,True,0,COMPLETE,R7_PREREGISTERED_STRESS_TEST_FRESH_CASES,True
pusht,R7_pusht_015e78cbf575a7cc72c030de,REFIT_103201,R4_ALT_CEM_2,H_POLICY,1,50,2,True,0,COMPLETE,R7_PREREGISTERED_STRESS_TEST_FRESH_CASES,False
pusht,R7_pusht_015e78cbf575a7cc72c030de,REFIT_103201,R4_ALT_CEM_2,H_REAL3_REPLAN,1,49,2,True,0,COMPLETE,R7_PREREGISTERED_STRESS_TEST_FRESH_CASES,True
pusht,R7_pusht_015e78cbf575a7cc72c030de,REFIT_103202,R4_ALT_CEM_2,H_POLICY,0,100,4,True,0,COMPLETE,R7_PREREGISTERED_STRESS_TEST_FRESH_CASES,False
pusht,R7_pusht_015e78cbf575a7cc72c030de,REFIT_103202,R4_ALT_CEM_2,H_REAL3_REPLAN,0,100,4,True,0,COMPLETE,R7_PREREGISTERED_STRESS_TEST_FRESH_CASES,True
pusht,R7_pusht_015e78cbf575a7cc72c030de,REFIT_103203,R4_ALT_CEM_2,H_POLICY,1,50,2,True,0,COMPLETE,R7_PREREGISTERED_STRESS_TEST_FRESH_CASES,False
pusht,R7_pusht_015e78cbf575a7cc72c030de,REFIT_103203,R4_ALT_CEM_2,H_REAL3_REPLAN,1,50,2,True,0,COMPLETE,R7_PREREGISTERED_STRESS_TEST_FRESH_CASES,True
pusht,R7_pusht_016f5480427d323b43c9f79b,H0,R4_ALT_CEM_2,H_POLICY,0,100,4,True,0,COMPLETE,R7_PREREGISTERED_STRESS_TEST_FRESH_CASES,False
pusht,R7_pusht_016f5480427d323b43c9f79b,H0,R4_ALT_CEM_2,H_REAL3_REPLAN,0,100,4,True,0,COMPLETE,R7_PREREGISTERED_STRESS_TEST_FRESH_CASES,True
pusht,R7_pusht_016f5480427d323b43c9f79b,REFIT_103201,R4_ALT_CEM_2,H_POLICY,1,50,2,True,0,COMPLETE,R7_PREREGISTERED_STRESS_TEST_FRESH_CASES,False
pusht,R7_pusht_016f5480427d323b43c9f79b,REFIT_103201,R4_ALT_CEM_2,H_REAL3_REPLAN,0,100,4,True,0,COMPLETE,R7_PREREGISTERED_STRESS_TEST_FRESH_CASES,True
pusht,R7_pusht_016f5480427d323b43c9f79b,REFIT_103202,R4_ALT_CEM_2,H_POLICY,1,77,4,True,0,COMPLETE,R7_PREREGISTERED_STRESS_TEST_FRESH_CASES,False
pusht,R7_pusht_016f5480427d323b43c9f79b,REFIT_103202,R4_ALT_CEM_2,H_REAL3_REPLAN,0,100,4,True,0,COMPLETE,R7_PREREGISTERED_STRESS_TEST_FRESH_CASES,True
pusht,R7_pusht_016f5480427d323b43c9f79b,REFIT_103203,R4_ALT_CEM_2,H_POLICY,1,50,2,True,0,COMPLETE,R7_PREREGISTERED_STRESS_TEST_FRESH_CASES,False
pusht,R7_pusht_016f5480427d323b43c9f79b,REFIT_103203,R4_ALT_CEM_2,H_REAL3_REPLAN,1,50,2,True,0,COMPLETE,R7_PREREGISTERED_STRESS_TEST_FRESH_CASES,True
pusht,R7_pusht_01770b6187dbaebe65e50d49,H0,R4_ALT_CEM_2,H_POLICY,1,48,2,True,0,COMPLETE,R7_PREREGISTERED_STRESS_TEST_FRESH_CASES,False
pusht,R7_pusht_01770b6187dbaebe65e50d49,H0,R4_ALT_CEM_2,H_REAL3_REPLAN,1,100,4,True,0,COMPLETE,R7_PREREGISTERED_STRESS_TEST_FRESH_CASES,True
pusht,R7_pusht_01770b6187dbaebe65e50d49,REFIT_103201,R4_ALT_CEM_2,H_POLICY,0,100,4,True,0,COMPLETE,R7_PREREGISTERED_STRESS_TEST_FRESH_CASES,False
pusht,R7_pusht_01770b6187dbaebe65e50d49,REFIT_103201,R4_ALT_CEM_2,H_REAL3_REPLAN,1,74,3,True,0,COMPLETE,R7_PREREGISTERED_STRESS_TEST_FRESH_CASES,True
pusht,R7_pusht_01770b6187dbaebe65e50d49,REFIT_103202,R4_ALT_CEM_2,H_POLICY,0,100,4,True,0,COMPLETE,R7_PREREGISTERED_STRESS_TEST_FRESH_CASES,False
pusht,R7_pusht_01770b6187dbaebe65e50d49,REFIT_103202,R4_ALT_CEM_2,H_REAL3_REPLAN,0,100,4,True,0,COMPLETE,R7_PREREGISTERED_STRESS_TEST_FRESH_CASES,True
pusht,R7_pusht_01770b6187dbaebe65e50d49,REFIT_103203,R4_ALT_CEM_2,H_POLICY,1,23,1,False,0,COMPLETE,R7_PREREGISTERED_STRESS_TEST_FRESH_CASES,False
pusht,R7_pusht_01770b6187dbaebe65e50d49,REFIT_103203,R4_ALT_CEM_2,H_REAL3_REPLAN,1,23,1,False,0,COMPLETE,R7_PREREGISTERED_STRESS_TEST_FRESH_CASES,True
pusht,R7_pusht_0188cf2966a1d8f1966c3648,H0,R4_ALT_CEM_2,H_POLICY,1,26,2,True,0,COMPLETE,R7_PREREGISTERED_STRESS_TEST_FRESH_CASES,False
pusht,R7_pusht_0188cf2966a1d8f1966c3648,H0,R4_ALT_CEM_2,H_REAL3_REPLAN,1,26,2,True,0,COMPLETE,R7_PREREGISTERED_STRESS_TEST_FRESH_CASES,True
pusht,R7_pusht_0188cf2966a1d8f1966c3648,REFIT_103201,R4_ALT_CEM_2,H_POLICY,0,100,4,True,0,COMPLETE,R7_PREREGISTERED_STRESS_TEST_FRESH_CASES,False
pusht,R7_pusht_0188cf2966a1d8f1966c3648,REFIT_103201,R4_ALT_CEM_2,H_REAL3_REPLAN,0,100,4,True,0,COMPLETE,R7_PREREGISTERED_STRESS_TEST_FRESH_CASES,True
pusht,R7_pusht_0188cf2966a1d8f1966c3648,REFIT_103202,R4_ALT_CEM_2,H_POLICY,0,100,4,True,0,COMPLETE,R7_PREREGISTERED_STRESS_TEST_FRESH_CASES,False
pusht,R7_pusht_0188cf2966a1d8f1966c3648,REFIT_103202,R4_ALT_CEM_2,H_REAL3_REPLAN,0,100,4,True,0,COMPLETE,R7_PREREGISTERED_STRESS_TEST_FRESH_CASES,True
pusht,R7_pusht_0188cf2966a1d8f1966c3648,REFIT_103203,R4_ALT_CEM_2,H_POLICY,0,100,4,True,0,COMPLETE,R7_PREREGISTERED_STRESS_TEST_FRESH_CASES,False
pusht,R7_pusht_0188cf2966a1d8f1966c3648,REFIT_103203,R4_ALT_CEM_2,H_REAL3_REPLAN,0,100,4,True,0,COMPLETE,R7_PREREGISTERED_STRESS_TEST_FRESH_CASES,True
pusht,R7_pusht_01a13d528f52fc1e1cec3d02,H0,R4_ALT_CEM_2,H_POLICY,0,100,4,True,0,COMPLETE,R7_PREREGISTERED_STRESS_TEST_FRESH_CASES,False
pusht,R7_pusht_01a13d528f52fc1e1cec3d02,H0,R4_ALT_CEM_2,H_REAL3_REPLAN,0,100,4,True,0,COMPLETE,R7_PREREGISTERED_STRESS_TEST_FRESH_CASES,True
pusht,R7_pusht_01a13d528f52fc1e1cec3d02,REFIT_103201,R4_ALT_CEM_2,H_POLICY,0,100,4,True,0,COMPLETE,R7_PREREGISTERED_STRESS_TEST_FRESH_CASES,False
pusht,R7_pusht_01a13d528f52fc1e1cec3d02,REFIT_103201,R4_ALT_CEM_2,H_REAL3_REPLAN,0,100,4,True,0,COMPLETE,R7_PREREGISTERED_STRESS_TEST_FRESH_CASES,True
pusht,R7_pusht_01a13d528f52fc1e1cec3d02,REFIT_103202,R4_ALT_CEM_2,H_POLICY,1,24,1,False,0,COMPLETE,R7_PREREGISTERED_STRESS_TEST_FRESH_CASES,False
pusht,R7_pusht_01a13d528f52fc1e1cec3d02,REFIT_103202,R4_ALT_CEM_2,H_REAL3_REPLAN,1,24,1,False,0,COMPLETE,R7_PREREGISTERED_STRESS_TEST_FRESH_CASES,True
pusht,R7_pusht_01a13d528f52fc1e1cec3d02,REFIT_103203,R4_ALT_CEM_2,H_POLICY,0,100,4,True,0,COMPLETE,R7_PREREGISTERED_STRESS_TEST_FRESH_CASES,False
pusht,R7_pusht_01a13d528f52fc1e1cec3d02,REFIT_103203,R4_ALT_CEM_2,H_REAL3_REPLAN,0,100,4,True,0,COMPLETE,R7_PREREGISTERED_STRESS_TEST_FRESH_CASES,True
pusht,R7_pusht_01a4eaf6e0f4c63e0d83704c,H0,R4_ALT_CEM_2,H_POLICY,0,100,4,True,0,COMPLETE,R7_PREREGISTERED_STRESS_TEST_FRESH_CASES,False
pusht,R7_pusht_01a4eaf6e0f4c63e0d83704c,H0,R4_ALT_CEM_2,H_REAL3_REPLAN,0,100,4,True,0,COMPLETE,R7_PREREGISTERED_STRESS_TEST_FRESH_CASES,True
pusht,R7_pusht_01a4eaf6e0f4c63e0d83704c,REFIT_103201,R4_ALT_CEM_2,H_POLICY,0,100,4,True,0,COMPLETE,R7_PREREGISTERED_STRESS_TEST_FRESH_CASES,False
pusht,R7_pusht_01a4eaf6e0f4c63e0d83704c,REFIT_103201,R4_ALT_CEM_2,H_REAL3_REPLAN,0,100,4,True,0,COMPLETE,R7_PREREGISTERED_STRESS_TEST_FRESH_CASES,True
pusht,R7_pusht_01a4eaf6e0f4c63e0d83704c,REFIT_103202,R4_ALT_CEM_2,H_POLICY,0,100,4,True,0,COMPLETE,R7_PREREGISTERED_STRESS_TEST_FRESH_CASES,False
pusht,R7_pusht_01a4eaf6e0f4c63e0d83704c,REFIT_103202,R4_ALT_CEM_2,H_REAL3_REPLAN,0,100,4,True,0,COMPLETE,R7_PREREGISTERED_STRESS_TEST_FRESH_CASES,True
pusht,R7_pusht_01a4eaf6e0f4c63e0d83704c,REFIT_103203,R4_ALT_CEM_2,H_POLICY,0,100,4,True,0,COMPLETE,R7_PREREGISTERED_STRESS_TEST_FRESH_CASES,False
pusht,R7_pusht_01a4eaf6e0f4c63e0d83704c,REFIT_103203,R4_ALT_CEM_2,H_REAL3_REPLAN,0,100,4,True,0,COMPLETE,R7_PREREGISTERED_STRESS_TEST_FRESH_CASES,True
pusht,R7_pusht_01c260920871834194a07faa,H0,R4_ALT_CEM_2,H_POLICY,0,100,4,True,0,COMPLETE,R7_PREREGISTERED_STRESS_TEST_FRESH_CASES,False
pusht,R7_pusht_01c260920871834194a07faa,H0,R4_ALT_CEM_2,H_REAL3_REPLAN,0,100,4,True,0,COMPLETE,R7_PREREGISTERED_STRESS_TEST_FRESH_CASES,True
pusht,R7_pusht_01c260920871834194a07faa,REFIT_103201,R4_ALT_CEM_2,H_POLICY,0,100,4,True,0,COMPLETE,R7_PREREGISTERED_STRESS_TEST_FRESH_CASES,False
pusht,R7_pusht_01c260920871834194a07faa,REFIT_103201,R4_ALT_CEM_2,H_REAL3_REPLAN,0,100,4,True,0,COMPLETE,R7_PREREGISTERED_STRESS_TEST_FRESH_CASES,True
pusht,R7_pusht_01c260920871834194a07faa,REFIT_103202,R4_ALT_CEM_2,H_POLICY,0,100,4,True,0,COMPLETE,R7_PREREGISTERED_STRESS_TEST_FRESH_CASES,False
pusht,R7_pusht_01c260920871834194a07faa,REFIT_103202,R4_ALT_CEM_2,H_REAL3_REPLAN,0,100,4,True,0,COMPLETE,R7_PREREGISTERED_STRESS_TEST_FRESH_CASES,True
pusht,R7_pusht_01c260920871834194a07faa,REFIT_103203,R4_ALT_CEM_2,H_POLICY,0,100,4,True,0,COMPLETE,R7_PREREGISTERED_STRESS_TEST_FRESH_CASES,False
pusht,R7_pusht_01c260920871834194a07faa,REFIT_103203,R4_ALT_CEM_2,H_REAL3_REPLAN,0,100,4,True,0,COMPLETE,R7_PREREGISTERED_STRESS_TEST_FRESH_CASES,True
pusht,R7_pusht_01d2018d3e40b613fd19eee4,H0,R4_ALT_CEM_2,H_POLICY,1,24,1,False,0,COMPLETE,R7_PREREGISTERED_STRESS_TEST_FRESH_CASES,False
pusht,R7_pusht_01d2018d3e40b613fd19eee4,H0,R4_ALT_CEM_2,H_REAL3_REPLAN,1,24,1,False,0,COMPLETE,R7_PREREGISTERED_STRESS_TEST_FRESH_CASES,True
pusht,R7_pusht_01d2018d3e40b613fd19eee4,REFIT_103201,R4_ALT_CEM_2,H_POLICY,1,24,1,False,0,COMPLETE,R7_PREREGISTERED_STRESS_TEST_FRESH_CASES,False
pusht,R7_pusht_01d2018d3e40b613fd19eee4,REFIT_103201,R4_ALT_CEM_2,H_REAL3_REPLAN,1,24,1,False,0,COMPLETE,R7_PREREGISTERED_STRESS_TEST_FRESH_CASES,True
pusht,R7_pusht_01d2018d3e40b613fd19eee4,REFIT_103202,R4_ALT_CEM_2,H_POLICY,1,24,1,False,0,COMPLETE,R7_PREREGISTERED_STRESS_TEST_FRESH_CASES,False
pusht,R7_pusht_01d2018d3e40b613fd19eee4,REFIT_103202,R4_ALT_CEM_2,H_REAL3_REPLAN,1,24,1,False,0,COMPLETE,R7_PREREGISTERED_STRESS_TEST_FRESH_CASES,True
pusht,R7_pusht_01d2018d3e40b613fd19eee4,REFIT_103203,R4_ALT_CEM_2,H_POLICY,1,24,1,False,0,COMPLETE,R7_PREREGISTERED_STRESS_TEST_FRESH_CASES,False
pusht,R7_pusht_01d2018d3e40b613fd19eee4,REFIT_103203,R4_ALT_CEM_2,H_REAL3_REPLAN,1,24,1,False,0,COMPLETE,R7_PREREGISTERED_STRESS_TEST_FRESH_CASES,True
pusht,R7_pusht_01d4eccab5279f50795139cf,H0,R4_ALT_CEM_2,H_POLICY,0,100,4,True,0,COMPLETE,R7_PREREGISTERED_STRESS_TEST_FRESH_CASES,False
pusht,R7_pusht_01d4eccab5279f50795139cf,H0,R4_ALT_CEM_2,H_REAL3_REPLAN,0,100,4,True,0,COMPLETE,R7_PREREGISTERED_STRESS_TEST_FRESH_CASES,True
pusht,R7_pusht_01d4eccab5279f50795139cf,REFIT_103201,R4_ALT_CEM_2,H_POLICY,0,100,4,True,0,COMPLETE,R7_PREREGISTERED_STRESS_TEST_FRESH_CASES,False
pusht,R7_pusht_01d4eccab5279f50795139cf,REFIT_103201,R4_ALT_CEM_2,H_REAL3_REPLAN,0,100,4,True,0,COMPLETE,R7_PREREGISTERED_STRESS_TEST_FRESH_CASES,True
pusht,R7_pusht_01d4eccab5279f50795139cf,REFIT_103202,R4_ALT_CEM_2,H_POLICY,0,100,4,True,0,COMPLETE,R7_PREREGISTERED_STRESS_TEST_FRESH_CASES,False
pusht,R7_pusht_01d4eccab5279f50795139cf,REFIT_103202,R4_ALT_CEM_2,H_REAL3_REPLAN,0,100,4,True,0,COMPLETE,R7_PREREGISTERED_STRESS_TEST_FRESH_CASES,True
pusht,R7_pusht_01d4eccab5279f50795139cf,REFIT_103203,R4_ALT_CEM_2,H_POLICY,0,100,4,True,0,COMPLETE,R7_PREREGISTERED_STRESS_TEST_FRESH_CASES,False
pusht,R7_pusht_01d4eccab5279f50795139cf,REFIT_103203,R4_ALT_CEM_2,H_REAL3_REPLAN,0,100,4,True,0,COMPLETE,R7_PREREGISTERED_STRESS_TEST_FRESH_CASES,True
pusht,R7_pusht_01e5f08d624ac0bc6fe6a71d,H0,R4_ALT_CEM_2,H_POLICY,0,100,4,True,0,COMPLETE,R7_PREREGISTERED_STRESS_TEST_FRESH_CASES,False
pusht,R7_pusht_01e5f08d624ac0bc6fe6a71d,H0,R4_ALT_CEM_2,H_REAL3_REPLAN,0,100,4,True,0,COMPLETE,R7_PREREGISTERED_STRESS_TEST_FRESH_CASES,True
pusht,R7_pusht_01e5f08d624ac0bc6fe6a71d,REFIT_103201,R4_ALT_CEM_2,H_POLICY,1,29,2,True,0,COMPLETE,R7_PREREGISTERED_STRESS_TEST_FRESH_CASES,False
pusht,R7_pusht_01e5f08d624ac0bc6fe6a71d,REFIT_103201,R4_ALT_CEM_2,H_REAL3_REPLAN,1,30,2,True,0,COMPLETE,R7_PREREGISTERED_STRESS_TEST_FRESH_CASES,True
pusht,R7_pusht_01e5f08d624ac0bc6fe6a71d,REFIT_103202,R4_ALT_CEM_2,H_POLICY,0,100,4,True,0,COMPLETE,R7_PREREGISTERED_STRESS_TEST_FRESH_CASES,False
pusht,R7_pusht_01e5f08d624ac0bc6fe6a71d,REFIT_103202,R4_ALT_CEM_2,H_REAL3_REPLAN,0,100,4,True,0,COMPLETE,R7_PREREGISTERED_STRESS_TEST_FRESH_CASES,True
pusht,R7_pusht_01e5f08d624ac0bc6fe6a71d,REFIT_103203,R4_ALT_CEM_2,H_POLICY,1,27,2,True,0,COMPLETE,R7_PREREGISTERED_STRESS_TEST_FRESH_CASES,False
pusht,R7_pusht_01e5f08d624ac0bc6fe6a71d,REFIT_103203,R4_ALT_CEM_2,H_REAL3_REPLAN,1,27,2,True,0,COMPLETE,R7_PREREGISTERED_STRESS_TEST_FRESH_CASES,True
pusht,R7_pusht_01f59f6454cee5d8210d7998,H0,R4_ALT_CEM_2,H_POLICY,0,100,4,True,0,COMPLETE,R7_PREREGISTERED_STRESS_TEST_FRESH_CASES,False
pusht,R7_pusht_01f59f6454cee5d8210d7998,H0,R4_ALT_CEM_2,H_REAL3_REPLAN,0,100,4,True,0,COMPLETE,R7_PREREGISTERED_STRESS_TEST_FRESH_CASES,True
pusht,R7_pusht_01f59f6454cee5d8210d7998,REFIT_103201,R4_ALT_CEM_2,H_POLICY,0,100,4,True,0,COMPLETE,R7_PREREGISTERED_STRESS_TEST_FRESH_CASES,False
pusht,R7_pusht_01f59f6454cee5d8210d7998,REFIT_103201,R4_ALT_CEM_2,H_REAL3_REPLAN,0,100,4,True,0,COMPLETE,R7_PREREGISTERED_STRESS_TEST_FRESH_CASES,True
pusht,R7_pusht_01f59f6454cee5d8210d7998,REFIT_103202,R4_ALT_CEM_2,H_POLICY,0,100,4,True,0,COMPLETE,R7_PREREGISTERED_STRESS_TEST_FRESH_CASES,False
pusht,R7_pusht_01f59f6454cee5d8210d7998,REFIT_103202,R4_ALT_CEM_2,H_REAL3_REPLAN,0,100,4,True,0,COMPLETE,R7_PREREGISTERED_STRESS_TEST_FRESH_CASES,True
pusht,R7_pusht_01f59f6454cee5d8210d7998,REFIT_103203,R4_ALT_CEM_2,H_POLICY,0,100,4,True,0,COMPLETE,R7_PREREGISTERED_STRESS_TEST_FRESH_CASES,False
pusht,R7_pusht_01f59f6454cee5d8210d7998,REFIT_103203,R4_ALT_CEM_2,H_REAL3_REPLAN,0,100,4,True,0,COMPLETE,R7_PREREGISTERED_STRESS_TEST_FRESH_CASES,True
pusht,R7_pusht_01f8965659761852f32b0a4f,H0,R4_ALT_CEM_2,H_POLICY,1,50,2,True,0,COMPLETE,R7_PREREGISTERED_STRESS_TEST_FRESH_CASES,False
pusht,R7_pusht_01f8965659761852f32b0a4f,H0,R4_ALT_CEM_2,H_REAL3_REPLAN,1,49,2,True,0,COMPLETE,R7_PREREGISTERED_STRESS_TEST_FRESH_CASES,True
pusht,R7_pusht_01f8965659761852f32b0a4f,REFIT_103201,R4_ALT_CEM_2,H_POLICY,1,24,1,False,0,COMPLETE,R7_PREREGISTERED_STRESS_TEST_FRESH_CASES,False
pusht,R7_pusht_01f8965659761852f32b0a4f,REFIT_103201,R4_ALT_CEM_2,H_REAL3_REPLAN,1,24,1,False,0,COMPLETE,R7_PREREGISTERED_STRESS_TEST_FRESH_CASES,True
pusht,R7_pusht_01f8965659761852f32b0a4f,REFIT_103202,R4_ALT_CEM_2,H_POLICY,1,24,1,False,0,COMPLETE,R7_PREREGISTERED_STRESS_TEST_FRESH_CASES,False
pusht,R7_pusht_01f8965659761852f32b0a4f,REFIT_103202,R4_ALT_CEM_2,H_REAL3_REPLAN,1,24,1,False,0,COMPLETE,R7_PREREGISTERED_STRESS_TEST_FRESH_CASES,True
pusht,R7_pusht_01f8965659761852f32b0a4f,REFIT_103203,R4_ALT_CEM_2,H_POLICY,1,24,1,False,0,COMPLETE,R7_PREREGISTERED_STRESS_TEST_FRESH_CASES,False
pusht,R7_pusht_01f8965659761852f32b0a4f,REFIT_103203,R4_ALT_CEM_2,H_REAL3_REPLAN,1,24,1,False,0,COMPLETE,R7_PREREGISTERED_STRESS_TEST_FRESH_CASES,True
pusht,R7_pusht_01fc66ea015bce57c4d8df3e,H0,R4_ALT_CEM_2,H_POLICY,0,100,4,True,0,COMPLETE,R7_PREREGISTERED_STRESS_TEST_FRESH_CASES,False
pusht,R7_pusht_01fc66ea015bce57c4d8df3e,H0,R4_ALT_CEM_2,H_REAL3_REPLAN,0,100,4,True,0,COMPLETE,R7_PREREGISTERED_STRESS_TEST_FRESH_CASES,True
pusht,R7_pusht_01fc66ea015bce57c4d8df3e,REFIT_103201,R4_ALT_CEM_2,H_POLICY,0,100,4,True,0,COMPLETE,R7_PREREGISTERED_STRESS_TEST_FRESH_CASES,False
pusht,R7_pusht_01fc66ea015bce57c4d8df3e,REFIT_103201,R4_ALT_CEM_2,H_REAL3_REPLAN,0,100,4,True,0,COMPLETE,R7_PREREGISTERED_STRESS_TEST_FRESH_CASES,True
pusht,R7_pusht_01fc66ea015bce57c4d8df3e,REFIT_103202,R4_ALT_CEM_2,H_POLICY,0,100,4,True,0,COMPLETE,R7_PREREGISTERED_STRESS_TEST_FRESH_CASES,False
pusht,R7_pusht_01fc66ea015bce57c4d8df3e,REFIT_103202,R4_ALT_CEM_2,H_REAL3_REPLAN,0,100,4,True,0,COMPLETE,R7_PREREGISTERED_STRESS_TEST_FRESH_CASES,True
pusht,R7_pusht_01fc66ea015bce57c4d8df3e,REFIT_103203,R4_ALT_CEM_2,H_POLICY,0,100,4,True,0,COMPLETE,R7_PREREGISTERED_STRESS_TEST_FRESH_CASES,False
pusht,R7_pusht_01fc66ea015bce57c4d8df3e,REFIT_103203,R4_ALT_CEM_2,H_REAL3_REPLAN,0,100,4,True,0,COMPLETE,R7_PREREGISTERED_STRESS_TEST_FRESH_CASES,True
pusht,R7_pusht_020a50cb8cc1d090ced9bf33,H0,R4_ALT_CEM_2,H_POLICY,0,100,4,True,0,COMPLETE,R7_PREREGISTERED_STRESS_TEST_FRESH_CASES,False
pusht,R7_pusht_020a50cb8cc1d090ced9bf33,H0,R4_ALT_CEM_2,H_REAL3_REPLAN,0,100,4,True,0,COMPLETE,R7_PREREGISTERED_STRESS_TEST_FRESH_CASES,True
pusht,R7_pusht_020a50cb8cc1d090ced9bf33,REFIT_103201,R4_ALT_CEM_2,H_POLICY,0,100,4,True,0,COMPLETE,R7_PREREGISTERED_STRESS_TEST_FRESH_CASES,False
pusht,R7_pusht_020a50cb8cc1d090ced9bf33,REFIT_103201,R4_ALT_CEM_2,H_REAL3_REPLAN,0,100,4,True,0,COMPLETE,R7_PREREGISTERED_STRESS_TEST_FRESH_CASES,True
pusht,R7_pusht_020a50cb8cc1d090ced9bf33,REFIT_103202,R4_ALT_CEM_2,H_POLICY,0,100,4,True,0,COMPLETE,R7_PREREGISTERED_STRESS_TEST_FRESH_CASES,False
pusht,R7_pusht_020a50cb8cc1d090ced9bf33,REFIT_103202,R4_ALT_CEM_2,H_REAL3_REPLAN,0,100,4,True,0,COMPLETE,R7_PREREGISTERED_STRESS_TEST_FRESH_CASES,True
pusht,R7_pusht_020a50cb8cc1d090ced9bf33,REFIT_103203,R4_ALT_CEM_2,H_POLICY,0,100,4,True,0,COMPLETE,R7_PREREGISTERED_STRESS_TEST_FRESH_CASES,False
pusht,R7_pusht_020a50cb8cc1d090ced9bf33,REFIT_103203,R4_ALT_CEM_2,H_REAL3_REPLAN,0,100,4,True,0,COMPLETE,R7_PREREGISTERED_STRESS_TEST_FRESH_CASES,True
pusht,R7_pusht_020d1a93031af3052a4fc3f2,H0,R4_ALT_CEM_2,H_POLICY,1,48,2,True,0,COMPLETE,R7_PREREGISTERED_STRESS_TEST_FRESH_CASES,False
pusht,R7_pusht_020d1a93031af3052a4fc3f2,H0,R4_ALT_CEM_2,H_REAL3_REPLAN,1,48,2,True,0,COMPLETE,R7_PREREGISTERED_STRESS_TEST_FRESH_CASES,True
pusht,R7_pusht_020d1a93031af3052a4fc3f2,REFIT_103201,R4_ALT_CEM_2,H_POLICY,0,100,4,True,0,COMPLETE,R7_PREREGISTERED_STRESS_TEST_FRESH_CASES,False
pusht,R7_pusht_020d1a93031af3052a4fc3f2,REFIT_103201,R4_ALT_CEM_2,H_REAL3_REPLAN,0,100,4,True,0,COMPLETE,R7_PREREGISTERED_STRESS_TEST_FRESH_CASES,True
pusht,R7_pusht_020d1a93031af3052a4fc3f2,REFIT_103202,R4_ALT_CEM_2,H_POLICY,1,27,2,True,0,COMPLETE,R7_PREREGISTERED_STRESS_TEST_FRESH_CASES,False
pusht,R7_pusht_020d1a93031af3052a4fc3f2,REFIT_103202,R4_ALT_CEM_2,H_REAL3_REPLAN,1,49,2,True,0,COMPLETE,R7_PREREGISTERED_STRESS_TEST_FRESH_CASES,True
pusht,R7_pusht_020d1a93031af3052a4fc3f2,REFIT_103203,R4_ALT_CEM_2,H_POLICY,1,47,2,True,0,COMPLETE,R7_PREREGISTERED_STRESS_TEST_FRESH_CASES,False
pusht,R7_pusht_020d1a93031af3052a4fc3f2,REFIT_103203,R4_ALT_CEM_2,H_REAL3_REPLAN,1,44,2,True,0,COMPLETE,R7_PREREGISTERED_STRESS_TEST_FRESH_CASES,True
pusht,R7_pusht_02295b118e077300e2ae92cf,H0,R4_ALT_CEM_2,H_POLICY,1,23,1,False,0,COMPLETE,R7_PREREGISTERED_STRESS_TEST_FRESH_CASES,False
pusht,R7_pusht_02295b118e077300e2ae92cf,H0,R4_ALT_CEM_2,H_REAL3_REPLAN,1,23,1,False,0,COMPLETE,R7_PREREGISTERED_STRESS_TEST_FRESH_CASES,True
pusht,R7_pusht_02295b118e077300e2ae92cf,REFIT_103201,R4_ALT_CEM_2,H_POLICY,1,24,1,False,0,COMPLETE,R7_PREREGISTERED_STRESS_TEST_FRESH_CASES,False
pusht,R7_pusht_02295b118e077300e2ae92cf,REFIT_103201,R4_ALT_CEM_2,H_REAL3_REPLAN,1,24,1,False,0,COMPLETE,R7_PREREGISTERED_STRESS_TEST_FRESH_CASES,True
pusht,R7_pusht_02295b118e077300e2ae92cf,REFIT_103202,R4_ALT_CEM_2,H_POLICY,1,24,1,False,0,COMPLETE,R7_PREREGISTERED_STRESS_TEST_FRESH_CASES,False
pusht,R7_pusht_02295b118e077300e2ae92cf,REFIT_103202,R4_ALT_CEM_2,H_REAL3_REPLAN,1,24,1,False,0,COMPLETE,R7_PREREGISTERED_STRESS_TEST_FRESH_CASES,True
pusht,R7_pusht_02295b118e077300e2ae92cf,REFIT_103203,R4_ALT_CEM_2,H_POLICY,1,23,1,False,0,COMPLETE,R7_PREREGISTERED_STRESS_TEST_FRESH_CASES,False
pusht,R7_pusht_02295b118e077300e2ae92cf,REFIT_103203,R4_ALT_CEM_2,H_REAL3_REPLAN,1,23,1,False,0,COMPLETE,R7_PREREGISTERED_STRESS_TEST_FRESH_CASES,True
pusht,R7_pusht_0248ee4e8a49f44dd1d000bc,H0,R4_ALT_CEM_2,H_POLICY,1,24,1,False,0,COMPLETE,R7_PREREGISTERED_STRESS_TEST_FRESH_CASES,False
pusht,R7_pusht_0248ee4e8a49f44dd1d000bc,H0,R4_ALT_CEM_2,H_REAL3_REPLAN,1,24,1,False,0,COMPLETE,R7_PREREGISTERED_STRESS_TEST_FRESH_CASES,True
pusht,R7_pusht_0248ee4e8a49f44dd1d000bc,REFIT_103201,R4_ALT_CEM_2,H_POLICY,1,24,1,False,0,COMPLETE,R7_PREREGISTERED_STRESS_TEST_FRESH_CASES,False
pusht,R7_pusht_0248ee4e8a49f44dd1d000bc,REFIT_103201,R4_ALT_CEM_2,H_REAL3_REPLAN,1,24,1,False,0,COMPLETE,R7_PREREGISTERED_STRESS_TEST_FRESH_CASES,True
pusht,R7_pusht_0248ee4e8a49f44dd1d000bc,REFIT_103202,R4_ALT_CEM_2,H_POLICY,1,24,1,False,0,COMPLETE,R7_PREREGISTERED_STRESS_TEST_FRESH_CASES,False
pusht,R7_pusht_0248ee4e8a49f44dd1d000bc,REFIT_103202,R4_ALT_CEM_2,H_REAL3_REPLAN,1,24,1,False,0,COMPLETE,R7_PREREGISTERED_STRESS_TEST_FRESH_CASES,True
pusht,R7_pusht_0248ee4e8a49f44dd1d000bc,REFIT_103203,R4_ALT_CEM_2,H_POLICY,1,24,1,False,0,COMPLETE,R7_PREREGISTERED_STRESS_TEST_FRESH_CASES,False
pusht,R7_pusht_0248ee4e8a49f44dd1d000bc,REFIT_103203,R4_ALT_CEM_2,H_REAL3_REPLAN,1,24,1,False,0,COMPLETE,R7_PREREGISTERED_STRESS_TEST_FRESH_CASES,True
pusht,R7_pusht_02518a10660f5f5a7ec5c247,H0,R4_ALT_CEM_2,H_POLICY,0,100,4,True,0,COMPLETE,R7_PREREGISTERED_STRESS_TEST_FRESH_CASES,False
pusht,R7_pusht_02518a10660f5f5a7ec5c247,H0,R4_ALT_CEM_2,H_REAL3_REPLAN,0,100,4,True,0,COMPLETE,R7_PREREGISTERED_STRESS_TEST_FRESH_CASES,True
pusht,R7_pusht_02518a10660f5f5a7ec5c247,REFIT_103201,R4_ALT_CEM_2,H_POLICY,0,100,4,True,0,COMPLETE,R7_PREREGISTERED_STRESS_TEST_FRESH_CASES,False
pusht,R7_pusht_02518a10660f5f5a7ec5c247,REFIT_103201,R4_ALT_CEM_2,H_REAL3_REPLAN,0,100,4,True,0,COMPLETE,R7_PREREGISTERED_STRESS_TEST_FRESH_CASES,True
pusht,R7_pusht_02518a10660f5f5a7ec5c247,REFIT_103202,R4_ALT_CEM_2,H_POLICY,0,100,4,True,0,COMPLETE,R7_PREREGISTERED_STRESS_TEST_FRESH_CASES,False
pusht,R7_pusht_02518a10660f5f5a7ec5c247,REFIT_103202,R4_ALT_CEM_2,H_REAL3_REPLAN,0,100,4,True,0,COMPLETE,R7_PREREGISTERED_STRESS_TEST_FRESH_CASES,True
pusht,R7_pusht_02518a10660f5f5a7ec5c247,REFIT_103203,R4_ALT_CEM_2,H_POLICY,0,100,4,True,0,COMPLETE,R7_PREREGISTERED_STRESS_TEST_FRESH_CASES,False
pusht,R7_pusht_02518a10660f5f5a7ec5c247,REFIT_103203,R4_ALT_CEM_2,H_REAL3_REPLAN,0,100,4,True,0,COMPLETE,R7_PREREGISTERED_STRESS_TEST_FRESH_CASES,True
pusht,R7_pusht_025455343faeec637affe3b7,H0,R4_ALT_CEM_2,H_POLICY,1,34,2,True,0,COMPLETE,R7_PREREGISTERED_STRESS_TEST_FRESH_CASES,False
pusht,R7_pusht_025455343faeec637affe3b7,H0,R4_ALT_CEM_2,H_REAL3_REPLAN,1,47,2,True,0,COMPLETE,R7_PREREGISTERED_STRESS_TEST_FRESH_CASES,True
pusht,R7_pusht_025455343faeec637affe3b7,REFIT_103201,R4_ALT_CEM_2,H_POLICY,0,100,4,True,0,COMPLETE,R7_PREREGISTERED_STRESS_TEST_FRESH_CASES,False
pusht,R7_pusht_025455343faeec637affe3b7,REFIT_103201,R4_ALT_CEM_2,H_REAL3_REPLAN,0,100,4,True,0,COMPLETE,R7_PREREGISTERED_STRESS_TEST_FRESH_CASES,True
pusht,R7_pusht_025455343faeec637affe3b7,REFIT_103202,R4_ALT_CEM_2,H_POLICY,0,100,4,True,0,COMPLETE,R7_PREREGISTERED_STRESS_TEST_FRESH_CASES,False
pusht,R7_pusht_025455343faeec637affe3b7,REFIT_103202,R4_ALT_CEM_2,H_REAL3_REPLAN,0,100,4,True,0,COMPLETE,R7_PREREGISTERED_STRESS_TEST_FRESH_CASES,True
pusht,R7_pusht_025455343faeec637affe3b7,REFIT_103203,R4_ALT_CEM_2,H_POLICY,0,100,4,True,0,COMPLETE,R7_PREREGISTERED_STRESS_TEST_FRESH_CASES,False
pusht,R7_pusht_025455343faeec637affe3b7,REFIT_103203,R4_ALT_CEM_2,H_REAL3_REPLAN,0,100,4,True,0,COMPLETE,R7_PREREGISTERED_STRESS_TEST_FRESH_CASES,True
pusht,R7_pusht_02607299e74db9105dd93f3b,H0,R4_ALT_CEM_2,H_POLICY,0,100,4,True,0,COMPLETE,R7_PREREGISTERED_STRESS_TEST_FRESH_CASES,False
pusht,R7_pusht_02607299e74db9105dd93f3b,H0,R4_ALT_CEM_2,H_REAL3_REPLAN,0,100,4,True,0,COMPLETE,R7_PREREGISTERED_STRESS_TEST_FRESH_CASES,True
pusht,R7_pusht_02607299e74db9105dd93f3b,REFIT_103201,R4_ALT_CEM_2,H_POLICY,0,100,4,True,0,COMPLETE,R7_PREREGISTERED_STRESS_TEST_FRESH_CASES,False
pusht,R7_pusht_02607299e74db9105dd93f3b,REFIT_103201,R4_ALT_CEM_2,H_REAL3_REPLAN,0,100,4,True,0,COMPLETE,R7_PREREGISTERED_STRESS_TEST_FRESH_CASES,True
pusht,R7_pusht_02607299e74db9105dd93f3b,REFIT_103202,R4_ALT_CEM_2,H_POLICY,0,100,4,True,0,COMPLETE,R7_PREREGISTERED_STRESS_TEST_FRESH_CASES,False
pusht,R7_pusht_02607299e74db9105dd93f3b,REFIT_103202,R4_ALT_CEM_2,H_REAL3_REPLAN,0,100,4,True,0,COMPLETE,R7_PREREGISTERED_STRESS_TEST_FRESH_CASES,True
pusht,R7_pusht_02607299e74db9105dd93f3b,REFIT_103203,R4_ALT_CEM_2,H_POLICY,0,100,4,True,0,COMPLETE,R7_PREREGISTERED_STRESS_TEST_FRESH_CASES,False
pusht,R7_pusht_02607299e74db9105dd93f3b,REFIT_103203,R4_ALT_CEM_2,H_REAL3_REPLAN,0,100,4,True,0,COMPLETE,R7_PREREGISTERED_STRESS_TEST_FRESH_CASES,True
pusht,R7_pusht_028189a99cdfdfd55fb8e3a4,H0,R4_ALT_CEM_2,H_POLICY,0,100,4,True,0,COMPLETE,R7_PREREGISTERED_STRESS_TEST_FRESH_CASES,False
pusht,R7_pusht_028189a99cdfdfd55fb8e3a4,H0,R4_ALT_CEM_2,H_REAL3_REPLAN,0,100,4,True,0,COMPLETE,R7_PREREGISTERED_STRESS_TEST_FRESH_CASES,True
pusht,R7_pusht_028189a99cdfdfd55fb8e3a4,REFIT_103201,R4_ALT_CEM_2,H_POLICY,0,100,4,True,0,COMPLETE,R7_PREREGISTERED_STRESS_TEST_FRESH_CASES,False
pusht,R7_pusht_028189a99cdfdfd55fb8e3a4,REFIT_103201,R4_ALT_CEM_2,H_REAL3_REPLAN,0,100,4,True,0,COMPLETE,R7_PREREGISTERED_STRESS_TEST_FRESH_CASES,True
pusht,R7_pusht_028189a99cdfdfd55fb8e3a4,REFIT_103202,R4_ALT_CEM_2,H_POLICY,0,100,4,True,0,COMPLETE,R7_PREREGISTERED_STRESS_TEST_FRESH_CASES,False
pusht,R7_pusht_028189a99cdfdfd55fb8e3a4,REFIT_103202,R4_ALT_CEM_2,H_REAL3_REPLAN,0,100,4,True,0,COMPLETE,R7_PREREGISTERED_STRESS_TEST_FRESH_CASES,True
pusht,R7_pusht_028189a99cdfdfd55fb8e3a4,REFIT_103203,R4_ALT_CEM_2,H_POLICY,0,100,4,True,0,COMPLETE,R7_PREREGISTERED_STRESS_TEST_FRESH_CASES,False
pusht,R7_pusht_028189a99cdfdfd55fb8e3a4,REFIT_103203,R4_ALT_CEM_2,H_REAL3_REPLAN,0,100,4,True,0,COMPLETE,R7_PREREGISTERED_STRESS_TEST_FRESH_CASES,True
pusht,R7_pusht_02822f6999a3a040049b92dc,H0,R4_ALT_CEM_2,H_POLICY,0,100,4,True,0,COMPLETE,R7_PREREGISTERED_STRESS_TEST_FRESH_CASES,False
pusht,R7_pusht_02822f6999a3a040049b92dc,H0,R4_ALT_CEM_2,H_REAL3_REPLAN,0,100,4,True,0,COMPLETE,R7_PREREGISTERED_STRESS_TEST_FRESH_CASES,True
pusht,R7_pusht_02822f6999a3a040049b92dc,REFIT_103201,R4_ALT_CEM_2,H_POLICY,1,50,2,True,0,COMPLETE,R7_PREREGISTERED_STRESS_TEST_FRESH_CASES,False
pusht,R7_pusht_02822f6999a3a040049b92dc,REFIT_103201,R4_ALT_CEM_2,H_REAL3_REPLAN,1,49,2,True,0,COMPLETE,R7_PREREGISTERED_STRESS_TEST_FRESH_CASES,True
pusht,R7_pusht_02822f6999a3a040049b92dc,REFIT_103202,R4_ALT_CEM_2,H_POLICY,1,49,2,True,0,COMPLETE,R7_PREREGISTERED_STRESS_TEST_FRESH_CASES,False
pusht,R7_pusht_02822f6999a3a040049b92dc,REFIT_103202,R4_ALT_CEM_2,H_REAL3_REPLAN,1,49,2,True,0,COMPLETE,R7_PREREGISTERED_STRESS_TEST_FRESH_CASES,True
pusht,R7_pusht_02822f6999a3a040049b92dc,REFIT_103203,R4_ALT_CEM_2,H_POLICY,1,49,2,True,0,COMPLETE,R7_PREREGISTERED_STRESS_TEST_FRESH_CASES,False
pusht,R7_pusht_02822f6999a3a040049b92dc,REFIT_103203,R4_ALT_CEM_2,H_REAL3_REPLAN,1,48,2,True,0,COMPLETE,R7_PREREGISTERED_STRESS_TEST_FRESH_CASES,True
pusht,R7_pusht_029169af9b4893df26cdcbf1,H0,R4_ALT_CEM_2,H_POLICY,0,100,4,True,0,COMPLETE,R7_PREREGISTERED_STRESS_TEST_FRESH_CASES,False
pusht,R7_pusht_029169af9b4893df26cdcbf1,H0,R4_ALT_CEM_2,H_REAL3_REPLAN,0,100,4,True,0,COMPLETE,R7_PREREGISTERED_STRESS_TEST_FRESH_CASES,True
pusht,R7_pusht_029169af9b4893df26cdcbf1,REFIT_103201,R4_ALT_CEM_2,H_POLICY,0,100,4,True,0,COMPLETE,R7_PREREGISTERED_STRESS_TEST_FRESH_CASES,False
pusht,R7_pusht_029169af9b4893df26cdcbf1,REFIT_103201,R4_ALT_CEM_2,H_REAL3_REPLAN,0,100,4,True,0,COMPLETE,R7_PREREGISTERED_STRESS_TEST_FRESH_CASES,True
pusht,R7_pusht_029169af9b4893df26cdcbf1,REFIT_103202,R4_ALT_CEM_2,H_POLICY,0,100,4,True,0,COMPLETE,R7_PREREGISTERED_STRESS_TEST_FRESH_CASES,False
pusht,R7_pusht_029169af9b4893df26cdcbf1,REFIT_103202,R4_ALT_CEM_2,H_REAL3_REPLAN,0,100,4,True,0,COMPLETE,R7_PREREGISTERED_STRESS_TEST_FRESH_CASES,True
pusht,R7_pusht_029169af9b4893df26cdcbf1,REFIT_103203,R4_ALT_CEM_2,H_POLICY,0,100,4,True,0,COMPLETE,R7_PREREGISTERED_STRESS_TEST_FRESH_CASES,False
pusht,R7_pusht_029169af9b4893df26cdcbf1,REFIT_103203,R4_ALT_CEM_2,H_REAL3_REPLAN,0,100,4,True,0,COMPLETE,R7_PREREGISTERED_STRESS_TEST_FRESH_CASES,True
pusht,R7_pusht_029512afa3674e2902345a75,H0,R4_ALT_CEM_2,H_POLICY,1,32,2,True,0,COMPLETE,R7_PREREGISTERED_STRESS_TEST_FRESH_CASES,False
pusht,R7_pusht_029512afa3674e2902345a75,H0,R4_ALT_CEM_2,H_REAL3_REPLAN,1,89,4,True,0,COMPLETE,R7_PREREGISTERED_STRESS_TEST_FRESH_CASES,True
pusht,R7_pusht_029512afa3674e2902345a75,REFIT_103201,R4_ALT_CEM_2,H_POLICY,1,34,2,True,0,COMPLETE,R7_PREREGISTERED_STRESS_TEST_FRESH_CASES,False
pusht,R7_pusht_029512afa3674e2902345a75,REFIT_103201,R4_ALT_CEM_2,H_REAL3_REPLAN,1,34,2,True,0,COMPLETE,R7_PREREGISTERED_STRESS_TEST_FRESH_CASES,True
pusht,R7_pusht_029512afa3674e2902345a75,REFIT_103202,R4_ALT_CEM_2,H_POLICY,1,31,2,True,0,COMPLETE,R7_PREREGISTERED_STRESS_TEST_FRESH_CASES,False
pusht,R7_pusht_029512afa3674e2902345a75,REFIT_103202,R4_ALT_CEM_2,H_REAL3_REPLAN,1,38,2,True,0,COMPLETE,R7_PREREGISTERED_STRESS_TEST_FRESH_CASES,True
pusht,R7_pusht_029512afa3674e2902345a75,REFIT_103203,R4_ALT_CEM_2,H_POLICY,1,38,2,True,0,COMPLETE,R7_PREREGISTERED_STRESS_TEST_FRESH_CASES,False
pusht,R7_pusht_029512afa3674e2902345a75,REFIT_103203,R4_ALT_CEM_2,H_REAL3_REPLAN,1,44,2,True,0,COMPLETE,R7_PREREGISTERED_STRESS_TEST_FRESH_CASES,True
pusht,R7_pusht_02976e5b8cb56831df3fa4e6,H0,R4_ALT_CEM_2,H_POLICY,0,100,4,True,0,COMPLETE,R7_PREREGISTERED_STRESS_TEST_FRESH_CASES,False
pusht,R7_pusht_02976e5b8cb56831df3fa4e6,H0,R4_ALT_CEM_2,H_REAL3_REPLAN,0,100,4,True,0,COMPLETE,R7_PREREGISTERED_STRESS_TEST_FRESH_CASES,True
pusht,R7_pusht_02976e5b8cb56831df3fa4e6,REFIT_103201,R4_ALT_CEM_2,H_POLICY,0,100,4,True,0,COMPLETE,R7_PREREGISTERED_STRESS_TEST_FRESH_CASES,False
pusht,R7_pusht_02976e5b8cb56831df3fa4e6,REFIT_103201,R4_ALT_CEM_2,H_REAL3_REPLAN,0,100,4,True,0,COMPLETE,R7_PREREGISTERED_STRESS_TEST_FRESH_CASES,True
pusht,R7_pusht_02976e5b8cb56831df3fa4e6,REFIT_103202,R4_ALT_CEM_2,H_POLICY,0,100,4,True,0,COMPLETE,R7_PREREGISTERED_STRESS_TEST_FRESH_CASES,False
pusht,R7_pusht_02976e5b8cb56831df3fa4e6,REFIT_103202,R4_ALT_CEM_2,H_REAL3_REPLAN,0,100,4,True,0,COMPLETE,R7_PREREGISTERED_STRESS_TEST_FRESH_CASES,True
pusht,R7_pusht_02976e5b8cb56831df3fa4e6,REFIT_103203,R4_ALT_CEM_2,H_POLICY,0,100,4,True,0,COMPLETE,R7_PREREGISTERED_STRESS_TEST_FRESH_CASES,False
pusht,R7_pusht_02976e5b8cb56831df3fa4e6,REFIT_103203,R4_ALT_CEM_2,H_REAL3_REPLAN,0,100,4,True,0,COMPLETE,R7_PREREGISTERED_STRESS_TEST_FRESH_CASES,True
pusht,R7_pusht_02a0bf8af2cad36539028b35,H0,R4_ALT_CEM_2,H_POLICY,1,48,2,True,0,COMPLETE,R7_PREREGISTERED_STRESS_TEST_FRESH_CASES,False
pusht,R7_pusht_02a0bf8af2cad36539028b35,H0,R4_ALT_CEM_2,H_REAL3_REPLAN,1,73,3,True,0,COMPLETE,R7_PREREGISTERED_STRESS_TEST_FRESH_CASES,True
pusht,R7_pusht_02a0bf8af2cad36539028b35,REFIT_103201,R4_ALT_CEM_2,H_POLICY,1,25,1,False,0,COMPLETE,R7_PREREGISTERED_STRESS_TEST_FRESH_CASES,False
pusht,R7_pusht_02a0bf8af2cad36539028b35,REFIT_103201,R4_ALT_CEM_2,H_REAL3_REPLAN,1,25,1,False,0,COMPLETE,R7_PREREGISTERED_STRESS_TEST_FRESH_CASES,True
pusht,R7_pusht_02a0bf8af2cad36539028b35,REFIT_103202,R4_ALT_CEM_2,H_POLICY,1,24,1,False,0,COMPLETE,R7_PREREGISTERED_STRESS_TEST_FRESH_CASES,False
pusht,R7_pusht_02a0bf8af2cad36539028b35,REFIT_103202,R4_ALT_CEM_2,H_REAL3_REPLAN,1,24,1,False,0,COMPLETE,R7_PREREGISTERED_STRESS_TEST_FRESH_CASES,True
pusht,R7_pusht_02a0bf8af2cad36539028b35,REFIT_103203,R4_ALT_CEM_2,H_POLICY,1,24,1,False,0,COMPLETE,R7_PREREGISTERED_STRESS_TEST_FRESH_CASES,False
pusht,R7_pusht_02a0bf8af2cad36539028b35,REFIT_103203,R4_ALT_CEM_2,H_REAL3_REPLAN,1,24,1,False,0,COMPLETE,R7_PREREGISTERED_STRESS_TEST_FRESH_CASES,True
pusht,R7_pusht_02acac9c63e43eb3bbe69f62,H0,R4_ALT_CEM_2,H_POLICY,0,100,4,True,0,COMPLETE,R7_PREREGISTERED_STRESS_TEST_FRESH_CASES,False
pusht,R7_pusht_02acac9c63e43eb3bbe69f62,H0,R4_ALT_CEM_2,H_REAL3_REPLAN,0,100,4,True,0,COMPLETE,R7_PREREGISTERED_STRESS_TEST_FRESH_CASES,True
pusht,R7_pusht_02acac9c63e43eb3bbe69f62,REFIT_103201,R4_ALT_CEM_2,H_POLICY,0,100,4,True,0,COMPLETE,R7_PREREGISTERED_STRESS_TEST_FRESH_CASES,False
pusht,R7_pusht_02acac9c63e43eb3bbe69f62,REFIT_103201,R4_ALT_CEM_2,H_REAL3_REPLAN,0,100,4,True,0,COMPLETE,R7_PREREGISTERED_STRESS_TEST_FRESH_CASES,True
pusht,R7_pusht_02acac9c63e43eb3bbe69f62,REFIT_103202,R4_ALT_CEM_2,H_POLICY,0,100,4,True,0,COMPLETE,R7_PREREGISTERED_STRESS_TEST_FRESH_CASES,False
pusht,R7_pusht_02acac9c63e43eb3bbe69f62,REFIT_103202,R4_ALT_CEM_2,H_REAL3_REPLAN,0,100,4,True,0,COMPLETE,R7_PREREGISTERED_STRESS_TEST_FRESH_CASES,True
pusht,R7_pusht_02acac9c63e43eb3bbe69f62,REFIT_103203,R4_ALT_CEM_2,H_POLICY,0,100,4,True,0,COMPLETE,R7_PREREGISTERED_STRESS_TEST_FRESH_CASES,False
pusht,R7_pusht_02acac9c63e43eb3bbe69f62,REFIT_103203,R4_ALT_CEM_2,H_REAL3_REPLAN,0,100,4,True,0,COMPLETE,R7_PREREGISTERED_STRESS_TEST_FRESH_CASES,True
pusht,R7_pusht_02b4dad929bd61ded04a7767,H0,R4_ALT_CEM_2,H_POLICY,0,100,4,True,0,COMPLETE,R7_PREREGISTERED_STRESS_TEST_FRESH_CASES,False
pusht,R7_pusht_02b4dad929bd61ded04a7767,H0,R4_ALT_CEM_2,H_REAL3_REPLAN,0,100,4,True,0,COMPLETE,R7_PREREGISTERED_STRESS_TEST_FRESH_CASES,True
pusht,R7_pusht_02b4dad929bd61ded04a7767,REFIT_103201,R4_ALT_CEM_2,H_POLICY,1,27,2,True,0,COMPLETE,R7_PREREGISTERED_STRESS_TEST_FRESH_CASES,False
pusht,R7_pusht_02b4dad929bd61ded04a7767,REFIT_103201,R4_ALT_CEM_2,H_REAL3_REPLAN,1,27,2,True,0,COMPLETE,R7_PREREGISTERED_STRESS_TEST_FRESH_CASES,True
pusht,R7_pusht_02b4dad929bd61ded04a7767,REFIT_103202,R4_ALT_CEM_2,H_POLICY,0,100,4,True,0,COMPLETE,R7_PREREGISTERED_STRESS_TEST_FRESH_CASES,False
pusht,R7_pusht_02b4dad929bd61ded04a7767,REFIT_103202,R4_ALT_CEM_2,H_REAL3_REPLAN,0,100,4,True,0,COMPLETE,R7_PREREGISTERED_STRESS_TEST_FRESH_CASES,True
pusht,R7_pusht_02b4dad929bd61ded04a7767,REFIT_103203,R4_ALT_CEM_2,H_POLICY,1,59,3,True,0,COMPLETE,R7_PREREGISTERED_STRESS_TEST_FRESH_CASES,False
pusht,R7_pusht_02b4dad929bd61ded04a7767,REFIT_103203,R4_ALT_CEM_2,H_REAL3_REPLAN,1,74,3,True,0,COMPLETE,R7_PREREGISTERED_STRESS_TEST_FRESH_CASES,True
pusht,R7_pusht_02b65a6476d69d491e53e5e8,H0,R4_ALT_CEM_2,H_POLICY,1,24,1,False,0,COMPLETE,R7_PREREGISTERED_STRESS_TEST_FRESH_CASES,False
pusht,R7_pusht_02b65a6476d69d491e53e5e8,H0,R4_ALT_CEM_2,H_REAL3_REPLAN,1,24,1,False,0,COMPLETE,R7_PREREGISTERED_STRESS_TEST_FRESH_CASES,True
pusht,R7_pusht_02b65a6476d69d491e53e5e8,REFIT_103201,R4_ALT_CEM_2,H_POLICY,1,23,1,False,0,COMPLETE,R7_PREREGISTERED_STRESS_TEST_FRESH_CASES,False
pusht,R7_pusht_02b65a6476d69d491e53e5e8,REFIT_103201,R4_ALT_CEM_2,H_REAL3_REPLAN,1,23,1,False,0,COMPLETE,R7_PREREGISTERED_STRESS_TEST_FRESH_CASES,True
pusht,R7_pusht_02b65a6476d69d491e53e5e8,REFIT_103202,R4_ALT_CEM_2,H_POLICY,1,23,1,False,0,COMPLETE,R7_PREREGISTERED_STRESS_TEST_FRESH_CASES,False
pusht,R7_pusht_02b65a6476d69d491e53e5e8,REFIT_103202,R4_ALT_CEM_2,H_REAL3_REPLAN,1,23,1,False,0,COMPLETE,R7_PREREGISTERED_STRESS_TEST_FRESH_CASES,True
pusht,R7_pusht_02b65a6476d69d491e53e5e8,REFIT_103203,R4_ALT_CEM_2,H_POLICY,1,23,1,False,0,COMPLETE,R7_PREREGISTERED_STRESS_TEST_FRESH_CASES,False
pusht,R7_pusht_02b65a6476d69d491e53e5e8,REFIT_103203,R4_ALT_CEM_2,H_REAL3_REPLAN,1,23,1,False,0,COMPLETE,R7_PREREGISTERED_STRESS_TEST_FRESH_CASES,True
pusht,R7_pusht_02b83c55172685f27066a41e,H0,R4_ALT_CEM_2,H_POLICY,1,23,1,False,0,COMPLETE,R7_PREREGISTERED_STRESS_TEST_FRESH_CASES,False
pusht,R7_pusht_02b83c55172685f27066a41e,H0,R4_ALT_CEM_2,H_REAL3_REPLAN,1,23,1,False,0,COMPLETE,R7_PREREGISTERED_STRESS_TEST_FRESH_CASES,True
pusht,R7_pusht_02b83c55172685f27066a41e,REFIT_103201,R4_ALT_CEM_2,H_POLICY,1,24,1,False,0,COMPLETE,R7_PREREGISTERED_STRESS_TEST_FRESH_CASES,False
pusht,R7_pusht_02b83c55172685f27066a41e,REFIT_103201,R4_ALT_CEM_2,H_REAL3_REPLAN,1,24,1,False,0,COMPLETE,R7_PREREGISTERED_STRESS_TEST_FRESH_CASES,True
pusht,R7_pusht_02b83c55172685f27066a41e,REFIT_103202,R4_ALT_CEM_2,H_POLICY,1,23,1,False,0,COMPLETE,R7_PREREGISTERED_STRESS_TEST_FRESH_CASES,False
pusht,R7_pusht_02b83c55172685f27066a41e,REFIT_103202,R4_ALT_CEM_2,H_REAL3_REPLAN,1,23,1,False,0,COMPLETE,R7_PREREGISTERED_STRESS_TEST_FRESH_CASES,True
pusht,R7_pusht_02b83c55172685f27066a41e,REFIT_103203,R4_ALT_CEM_2,H_POLICY,1,23,1,False,0,COMPLETE,R7_PREREGISTERED_STRESS_TEST_FRESH_CASES,False
pusht,R7_pusht_02b83c55172685f27066a41e,REFIT_103203,R4_ALT_CEM_2,H_REAL3_REPLAN,1,23,1,False,0,COMPLETE,R7_PREREGISTERED_STRESS_TEST_FRESH_CASES,True
pusht,R7_pusht_02bda93d194973d8585afda8,H0,R4_ALT_CEM_2,H_POLICY,1,24,1,False,0,COMPLETE,R7_PREREGISTERED_STRESS_TEST_FRESH_CASES,False
pusht,R7_pusht_02bda93d194973d8585afda8,H0,R4_ALT_CEM_2,H_REAL3_REPLAN,1,24,1,False,0,COMPLETE,R7_PREREGISTERED_STRESS_TEST_FRESH_CASES,True
pusht,R7_pusht_02bda93d194973d8585afda8,REFIT_103201,R4_ALT_CEM_2,H_POLICY,1,68,3,True,0,COMPLETE,R7_PREREGISTERED_STRESS_TEST_FRESH_CASES,False
pusht,R7_pusht_02bda93d194973d8585afda8,REFIT_103201,R4_ALT_CEM_2,H_REAL3_REPLAN,1,50,2,True,0,COMPLETE,R7_PREREGISTERED_STRESS_TEST_FRESH_CASES,True
pusht,R7_pusht_02bda93d194973d8585afda8,REFIT_103202,R4_ALT_CEM_2,H_POLICY,1,98,4,True,0,COMPLETE,R7_PREREGISTERED_STRESS_TEST_FRESH_CASES,False
pusht,R7_pusht_02bda93d194973d8585afda8,REFIT_103202,R4_ALT_CEM_2,H_REAL3_REPLAN,0,100,4,True,0,COMPLETE,R7_PREREGISTERED_STRESS_TEST_FRESH_CASES,True
pusht,R7_pusht_02bda93d194973d8585afda8,REFIT_103203,R4_ALT_CEM_2,H_POLICY,1,29,2,True,0,COMPLETE,R7_PREREGISTERED_STRESS_TEST_FRESH_CASES,False
pusht,R7_pusht_02bda93d194973d8585afda8,REFIT_103203,R4_ALT_CEM_2,H_REAL3_REPLAN,1,29,2,True,0,COMPLETE,R7_PREREGISTERED_STRESS_TEST_FRESH_CASES,True
pusht,R7_pusht_02c351a9fbfd4d3437bfd299,H0,R4_ALT_CEM_2,H_POLICY,0,100,4,True,0,COMPLETE,R7_PREREGISTERED_STRESS_TEST_FRESH_CASES,False
pusht,R7_pusht_02c351a9fbfd4d3437bfd299,H0,R4_ALT_CEM_2,H_REAL3_REPLAN,0,100,4,True,0,COMPLETE,R7_PREREGISTERED_STRESS_TEST_FRESH_CASES,True
pusht,R7_pusht_02c351a9fbfd4d3437bfd299,REFIT_103201,R4_ALT_CEM_2,H_POLICY,0,100,4,True,0,COMPLETE,R7_PREREGISTERED_STRESS_TEST_FRESH_CASES,False
pusht,R7_pusht_02c351a9fbfd4d3437bfd299,REFIT_103201,R4_ALT_CEM_2,H_REAL3_REPLAN,0,100,4,True,0,COMPLETE,R7_PREREGISTERED_STRESS_TEST_FRESH_CASES,True
pusht,R7_pusht_02c351a9fbfd4d3437bfd299,REFIT_103202,R4_ALT_CEM_2,H_POLICY,0,100,4,True,0,COMPLETE,R7_PREREGISTERED_STRESS_TEST_FRESH_CASES,False
pusht,R7_pusht_02c351a9fbfd4d3437bfd299,REFIT_103202,R4_ALT_CEM_2,H_REAL3_REPLAN,0,100,4,True,0,COMPLETE,R7_PREREGISTERED_STRESS_TEST_FRESH_CASES,True
pusht,R7_pusht_02c351a9fbfd4d3437bfd299,REFIT_103203,R4_ALT_CEM_2,H_POLICY,0,100,4,True,0,COMPLETE,R7_PREREGISTERED_STRESS_TEST_FRESH_CASES,False
pusht,R7_pusht_02c351a9fbfd4d3437bfd299,REFIT_103203,R4_ALT_CEM_2,H_REAL3_REPLAN,0,100,4,True,0,COMPLETE,R7_PREREGISTERED_STRESS_TEST_FRESH_CASES,True
pusht,R7_pusht_02c59a6a459d811fafc36fb1,H0,R4_ALT_CEM_2,H_POLICY,0,100,4,True,0,COMPLETE,R7_PREREGISTERED_STRESS_TEST_FRESH_CASES,False
pusht,R7_pusht_02c59a6a459d811fafc36fb1,H0,R4_ALT_CEM_2,H_REAL3_REPLAN,0,100,4,True,0,COMPLETE,R7_PREREGISTERED_STRESS_TEST_FRESH_CASES,True
pusht,R7_pusht_02c59a6a459d811fafc36fb1,REFIT_103201,R4_ALT_CEM_2,H_POLICY,0,100,4,True,0,COMPLETE,R7_PREREGISTERED_STRESS_TEST_FRESH_CASES,False
pusht,R7_pusht_02c59a6a459d811fafc36fb1,REFIT_103201,R4_ALT_CEM_2,H_REAL3_REPLAN,0,100,4,True,0,COMPLETE,R7_PREREGISTERED_STRESS_TEST_FRESH_CASES,True
pusht,R7_pusht_02c59a6a459d811fafc36fb1,REFIT_103202,R4_ALT_CEM_2,H_POLICY,0,100,4,True,0,COMPLETE,R7_PREREGISTERED_STRESS_TEST_FRESH_CASES,False
pusht,R7_pusht_02c59a6a459d811fafc36fb1,REFIT_103202,R4_ALT_CEM_2,H_REAL3_REPLAN,0,100,4,True,0,COMPLETE,R7_PREREGISTERED_STRESS_TEST_FRESH_CASES,True
pusht,R7_pusht_02c59a6a459d811fafc36fb1,REFIT_103203,R4_ALT_CEM_2,H_POLICY,0,100,4,True,0,COMPLETE,R7_PREREGISTERED_STRESS_TEST_FRESH_CASES,False
pusht,R7_pusht_02c59a6a459d811fafc36fb1,REFIT_103203,R4_ALT_CEM_2,H_REAL3_REPLAN,0,100,4,True,0,COMPLETE,R7_PREREGISTERED_STRESS_TEST_FRESH_CASES,True
pusht,R7_pusht_02d0cf5d6db5e66c9b62b751,H0,R4_ALT_CEM_2,H_POLICY,1,25,1,False,0,COMPLETE,R7_PREREGISTERED_STRESS_TEST_FRESH_CASES,False
pusht,R7_pusht_02d0cf5d6db5e66c9b62b751,H0,R4_ALT_CEM_2,H_REAL3_REPLAN,1,25,1,False,0,COMPLETE,R7_PREREGISTERED_STRESS_TEST_FRESH_CASES,True
pusht,R7_pusht_02d0cf5d6db5e66c9b62b751,REFIT_103201,R4_ALT_CEM_2,H_POLICY,1,25,1,False,0,COMPLETE,R7_PREREGISTERED_STRESS_TEST_FRESH_CASES,False
pusht,R7_pusht_02d0cf5d6db5e66c9b62b751,REFIT_103201,R4_ALT_CEM_2,H_REAL3_REPLAN,1,25,1,False,0,COMPLETE,R7_PREREGISTERED_STRESS_TEST_FRESH_CASES,True
pusht,R7_pusht_02d0cf5d6db5e66c9b62b751,REFIT_103202,R4_ALT_CEM_2,H_POLICY,1,25,1,False,0,COMPLETE,R7_PREREGISTERED_STRESS_TEST_FRESH_CASES,False
pusht,R7_pusht_02d0cf5d6db5e66c9b62b751,REFIT_103202,R4_ALT_CEM_2,H_REAL3_REPLAN,1,25,1,False,0,COMPLETE,R7_PREREGISTERED_STRESS_TEST_FRESH_CASES,True
pusht,R7_pusht_02d0cf5d6db5e66c9b62b751,REFIT_103203,R4_ALT_CEM_2,H_POLICY,1,25,1,False,0,COMPLETE,R7_PREREGISTERED_STRESS_TEST_FRESH_CASES,False
pusht,R7_pusht_02d0cf5d6db5e66c9b62b751,REFIT_103203,R4_ALT_CEM_2,H_REAL3_REPLAN,1,25,1,False,0,COMPLETE,R7_PREREGISTERED_STRESS_TEST_FRESH_CASES,True
pusht,R7_pusht_02f68f5660abf3ea33a147c5,H0,R4_ALT_CEM_2,H_POLICY,1,20,1,False,0,COMPLETE,R7_PREREGISTERED_STRESS_TEST_FRESH_CASES,False
pusht,R7_pusht_02f68f5660abf3ea33a147c5,H0,R4_ALT_CEM_2,H_REAL3_REPLAN,1,20,1,False,0,COMPLETE,R7_PREREGISTERED_STRESS_TEST_FRESH_CASES,True
pusht,R7_pusht_02f68f5660abf3ea33a147c5,REFIT_103201,R4_ALT_CEM_2,H_POLICY,1,16,1,False,0,COMPLETE,R7_PREREGISTERED_STRESS_TEST_FRESH_CASES,False
pusht,R7_pusht_02f68f5660abf3ea33a147c5,REFIT_103201,R4_ALT_CEM_2,H_REAL3_REPLAN,1,16,1,False,0,COMPLETE,R7_PREREGISTERED_STRESS_TEST_FRESH_CASES,True
pusht,R7_pusht_02f68f5660abf3ea33a147c5,REFIT_103202,R4_ALT_CEM_2,H_POLICY,1,11,1,False,0,COMPLETE,R7_PREREGISTERED_STRESS_TEST_FRESH_CASES,False
pusht,R7_pusht_02f68f5660abf3ea33a147c5,REFIT_103202,R4_ALT_CEM_2,H_REAL3_REPLAN,1,11,1,False,0,COMPLETE,R7_PREREGISTERED_STRESS_TEST_FRESH_CASES,True
pusht,R7_pusht_02f68f5660abf3ea33a147c5,REFIT_103203,R4_ALT_CEM_2,H_POLICY,1,15,1,False,0,COMPLETE,R7_PREREGISTERED_STRESS_TEST_FRESH_CASES,False
pusht,R7_pusht_02f68f5660abf3ea33a147c5,REFIT_103203,R4_ALT_CEM_2,H_REAL3_REPLAN,1,15,1,False,0,COMPLETE,R7_PREREGISTERED_STRESS_TEST_FRESH_CASES,True
pusht,R7_pusht_02f94262d8133dea7c21cc5c,H0,R4_ALT_CEM_2,H_POLICY,1,25,1,False,0,COMPLETE,R7_PREREGISTERED_STRESS_TEST_FRESH_CASES,False
pusht,R7_pusht_02f94262d8133dea7c21cc5c,H0,R4_ALT_CEM_2,H_REAL3_REPLAN,1,25,1,False,0,COMPLETE,R7_PREREGISTERED_STRESS_TEST_FRESH_CASES,True
pusht,R7_pusht_02f94262d8133dea7c21cc5c,REFIT_103201,R4_ALT_CEM_2,H_POLICY,1,58,3,True,0,COMPLETE,R7_PREREGISTERED_STRESS_TEST_FRESH_CASES,False
pusht,R7_pusht_02f94262d8133dea7c21cc5c,REFIT_103201,R4_ALT_CEM_2,H_REAL3_REPLAN,1,58,3,True,0,COMPLETE,R7_PREREGISTERED_STRESS_TEST_FRESH_CASES,True
pusht,R7_pusht_02f94262d8133dea7c21cc5c,REFIT_103202,R4_ALT_CEM_2,H_POLICY,0,100,4,True,0,COMPLETE,R7_PREREGISTERED_STRESS_TEST_FRESH_CASES,False
pusht,R7_pusht_02f94262d8133dea7c21cc5c,REFIT_103202,R4_ALT_CEM_2,H_REAL3_REPLAN,0,100,4,True,0,COMPLETE,R7_PREREGISTERED_STRESS_TEST_FRESH_CASES,True
pusht,R7_pusht_02f94262d8133dea7c21cc5c,REFIT_103203,R4_ALT_CEM_2,H_POLICY,0,100,4,True,0,COMPLETE,R7_PREREGISTERED_STRESS_TEST_FRESH_CASES,False
pusht,R7_pusht_02f94262d8133dea7c21cc5c,REFIT_103203,R4_ALT_CEM_2,H_REAL3_REPLAN,0,100,4,True,0,COMPLETE,R7_PREREGISTERED_STRESS_TEST_FRESH_CASES,True
pusht,R7_pusht_02ffa9d1e0c744923c998aef,H0,R4_ALT_CEM_2,H_POLICY,0,100,4,True,0,COMPLETE,R7_PREREGISTERED_STRESS_TEST_FRESH_CASES,False
pusht,R7_pusht_02ffa9d1e0c744923c998aef,H0,R4_ALT_CEM_2,H_REAL3_REPLAN,0,100,4,True,0,COMPLETE,R7_PREREGISTERED_STRESS_TEST_FRESH_CASES,True
pusht,R7_pusht_02ffa9d1e0c744923c998aef,REFIT_103201,R4_ALT_CEM_2,H_POLICY,0,100,4,True,0,COMPLETE,R7_PREREGISTERED_STRESS_TEST_FRESH_CASES,False
pusht,R7_pusht_02ffa9d1e0c744923c998aef,REFIT_103201,R4_ALT_CEM_2,H_REAL3_REPLAN,0,100,4,True,0,COMPLETE,R7_PREREGISTERED_STRESS_TEST_FRESH_CASES,True
pusht,R7_pusht_02ffa9d1e0c744923c998aef,REFIT_103202,R4_ALT_CEM_2,H_POLICY,0,100,4,True,0,COMPLETE,R7_PREREGISTERED_STRESS_TEST_FRESH_CASES,False
pusht,R7_pusht_02ffa9d1e0c744923c998aef,REFIT_103202,R4_ALT_CEM_2,H_REAL3_REPLAN,0,100,4,True,0,COMPLETE,R7_PREREGISTERED_STRESS_TEST_FRESH_CASES,True
pusht,R7_pusht_02ffa9d1e0c744923c998aef,REFIT_103203,R4_ALT_CEM_2,H_POLICY,0,100,4,True,0,COMPLETE,R7_PREREGISTERED_STRESS_TEST_FRESH_CASES,False
pusht,R7_pusht_02ffa9d1e0c744923c998aef,REFIT_103203,R4_ALT_CEM_2,H_REAL3_REPLAN,0,100,4,True,0,COMPLETE,R7_PREREGISTERED_STRESS_TEST_FRESH_CASES,True
pusht,R7_pusht_0305c40eb74e7a1e091cae68,H0,R4_ALT_CEM_2,H_POLICY,0,100,4,True,0,COMPLETE,R7_PREREGISTERED_STRESS_TEST_FRESH_CASES,False
pusht,R7_pusht_0305c40eb74e7a1e091cae68,H0,R4_ALT_CEM_2,H_REAL3_REPLAN,0,100,4,True,0,COMPLETE,R7_PREREGISTERED_STRESS_TEST_FRESH_CASES,True
pusht,R7_pusht_0305c40eb74e7a1e091cae68,REFIT_103201,R4_ALT_CEM_2,H_POLICY,0,100,4,True,0,COMPLETE,R7_PREREGISTERED_STRESS_TEST_FRESH_CASES,False
pusht,R7_pusht_0305c40eb74e7a1e091cae68,REFIT_103201,R4_ALT_CEM_2,H_REAL3_REPLAN,0,100,4,True,0,COMPLETE,R7_PREREGISTERED_STRESS_TEST_FRESH_CASES,True
pusht,R7_pusht_0305c40eb74e7a1e091cae68,REFIT_103202,R4_ALT_CEM_2,H_POLICY,0,100,4,True,0,COMPLETE,R7_PREREGISTERED_STRESS_TEST_FRESH_CASES,False
pusht,R7_pusht_0305c40eb74e7a1e091cae68,REFIT_103202,R4_ALT_CEM_2,H_REAL3_REPLAN,0,100,4,True,0,COMPLETE,R7_PREREGISTERED_STRESS_TEST_FRESH_CASES,True
pusht,R7_pusht_0305c40eb74e7a1e091cae68,REFIT_103203,R4_ALT_CEM_2,H_POLICY,0,100,4,True,0,COMPLETE,R7_PREREGISTERED_STRESS_TEST_FRESH_CASES,False
pusht,R7_pusht_0305c40eb74e7a1e091cae68,REFIT_103203,R4_ALT_CEM_2,H_REAL3_REPLAN,0,100,4,True,0,COMPLETE,R7_PREREGISTERED_STRESS_TEST_FRESH_CASES,True
pusht,R7_pusht_030854683cf4a3761b62a268,H0,R4_ALT_CEM_2,H_POLICY,0,100,4,True,0,COMPLETE,R7_PREREGISTERED_STRESS_TEST_FRESH_CASES,False
pusht,R7_pusht_030854683cf4a3761b62a268,H0,R4_ALT_CEM_2,H_REAL3_REPLAN,0,100,4,True,0,COMPLETE,R7_PREREGISTERED_STRESS_TEST_FRESH_CASES,True
pusht,R7_pusht_030854683cf4a3761b62a268,REFIT_103201,R4_ALT_CEM_2,H_POLICY,0,100,4,True,0,COMPLETE,R7_PREREGISTERED_STRESS_TEST_FRESH_CASES,False
pusht,R7_pusht_030854683cf4a3761b62a268,REFIT_103201,R4_ALT_CEM_2,H_REAL3_REPLAN,0,100,4,True,0,COMPLETE,R7_PREREGISTERED_STRESS_TEST_FRESH_CASES,True
pusht,R7_pusht_030854683cf4a3761b62a268,REFIT_103202,R4_ALT_CEM_2,H_POLICY,0,100,4,True,0,COMPLETE,R7_PREREGISTERED_STRESS_TEST_FRESH_CASES,False
pusht,R7_pusht_030854683cf4a3761b62a268,REFIT_103202,R4_ALT_CEM_2,H_REAL3_REPLAN,0,100,4,True,0,COMPLETE,R7_PREREGISTERED_STRESS_TEST_FRESH_CASES,True
pusht,R7_pusht_030854683cf4a3761b62a268,REFIT_103203,R4_ALT_CEM_2,H_POLICY,0,100,4,True,0,COMPLETE,R7_PREREGISTERED_STRESS_TEST_FRESH_CASES,False
pusht,R7_pusht_030854683cf4a3761b62a268,REFIT_103203,R4_ALT_CEM_2,H_REAL3_REPLAN,0,100,4,True,0,COMPLETE,R7_PREREGISTERED_STRESS_TEST_FRESH_CASES,True
pusht,R7_pusht_03099da9f6151305c09ca86b,H0,R4_ALT_CEM_2,H_POLICY,1,23,1,False,0,COMPLETE,R7_PREREGISTERED_STRESS_TEST_FRESH_CASES,False
pusht,R7_pusht_03099da9f6151305c09ca86b,H0,R4_ALT_CEM_2,H_REAL3_REPLAN,1,23,1,False,0,COMPLETE,R7_PREREGISTERED_STRESS_TEST_FRESH_CASES,True
pusht,R7_pusht_03099da9f6151305c09ca86b,REFIT_103201,R4_ALT_CEM_2,H_POLICY,1,25,1,False,0,COMPLETE,R7_PREREGISTERED_STRESS_TEST_FRESH_CASES,False
pusht,R7_pusht_03099da9f6151305c09ca86b,REFIT_103201,R4_ALT_CEM_2,H_REAL3_REPLAN,1,25,1,False,0,COMPLETE,R7_PREREGISTERED_STRESS_TEST_FRESH_CASES,True
pusht,R7_pusht_03099da9f6151305c09ca86b,REFIT_103202,R4_ALT_CEM_2,H_POLICY,0,100,4,True,0,COMPLETE,R7_PREREGISTERED_STRESS_TEST_FRESH_CASES,False
pusht,R7_pusht_03099da9f6151305c09ca86b,REFIT_103202,R4_ALT_CEM_2,H_REAL3_REPLAN,0,100,4,True,0,COMPLETE,R7_PREREGISTERED_STRESS_TEST_FRESH_CASES,True
pusht,R7_pusht_03099da9f6151305c09ca86b,REFIT_103203,R4_ALT_CEM_2,H_POLICY,0,100,4,True,0,COMPLETE,R7_PREREGISTERED_STRESS_TEST_FRESH_CASES,False
pusht,R7_pusht_03099da9f6151305c09ca86b,REFIT_103203,R4_ALT_CEM_2,H_REAL3_REPLAN,0,100,4,True,0,COMPLETE,R7_PREREGISTERED_STRESS_TEST_FRESH_CASES,True
pusht,R7_pusht_030cd94224b27d0707ecf0e9,H0,R4_ALT_CEM_2,H_POLICY,1,25,1,False,0,COMPLETE,R7_PREREGISTERED_STRESS_TEST_FRESH_CASES,False
pusht,R7_pusht_030cd94224b27d0707ecf0e9,H0,R4_ALT_CEM_2,H_REAL3_REPLAN,1,25,1,False,0,COMPLETE,R7_PREREGISTERED_STRESS_TEST_FRESH_CASES,True
pusht,R7_pusht_030cd94224b27d0707ecf0e9,REFIT_103201,R4_ALT_CEM_2,H_POLICY,1,25,1,False,0,COMPLETE,R7_PREREGISTERED_STRESS_TEST_FRESH_CASES,False
pusht,R7_pusht_030cd94224b27d0707ecf0e9,REFIT_103201,R4_ALT_CEM_2,H_REAL3_REPLAN,1,25,1,False,0,COMPLETE,R7_PREREGISTERED_STRESS_TEST_FRESH_CASES,True
pusht,R7_pusht_030cd94224b27d0707ecf0e9,REFIT_103202,R4_ALT_CEM_2,H_POLICY,1,24,1,False,0,COMPLETE,R7_PREREGISTERED_STRESS_TEST_FRESH_CASES,False
pusht,R7_pusht_030cd94224b27d0707ecf0e9,REFIT_103202,R4_ALT_CEM_2,H_REAL3_REPLAN,1,24,1,False,0,COMPLETE,R7_PREREGISTERED_STRESS_TEST_FRESH_CASES,True
pusht,R7_pusht_030cd94224b27d0707ecf0e9,REFIT_103203,R4_ALT_CEM_2,H_POLICY,1,25,1,False,0,COMPLETE,R7_PREREGISTERED_STRESS_TEST_FRESH_CASES,False
pusht,R7_pusht_030cd94224b27d0707ecf0e9,REFIT_103203,R4_ALT_CEM_2,H_REAL3_REPLAN,1,25,1,False,0,COMPLETE,R7_PREREGISTERED_STRESS_TEST_FRESH_CASES,True
pusht,R7_pusht_0314e8bfe1a05c8592ef6bd0,H0,R4_ALT_CEM_2,H_POLICY,0,100,4,True,0,COMPLETE,R7_PREREGISTERED_STRESS_TEST_FRESH_CASES,False
pusht,R7_pusht_0314e8bfe1a05c8592ef6bd0,H0,R4_ALT_CEM_2,H_REAL3_REPLAN,0,100,4,True,0,COMPLETE,R7_PREREGISTERED_STRESS_TEST_FRESH_CASES,True
pusht,R7_pusht_0314e8bfe1a05c8592ef6bd0,REFIT_103201,R4_ALT_CEM_2,H_POLICY,0,100,4,True,0,COMPLETE,R7_PREREGISTERED_STRESS_TEST_FRESH_CASES,False
pusht,R7_pusht_0314e8bfe1a05c8592ef6bd0,REFIT_103201,R4_ALT_CEM_2,H_REAL3_REPLAN,0,100,4,True,0,COMPLETE,R7_PREREGISTERED_STRESS_TEST_FRESH_CASES,True
pusht,R7_pusht_0314e8bfe1a05c8592ef6bd0,REFIT_103202,R4_ALT_CEM_2,H_POLICY,0,100,4,True,0,COMPLETE,R7_PREREGISTERED_STRESS_TEST_FRESH_CASES,False
pusht,R7_pusht_0314e8bfe1a05c8592ef6bd0,REFIT_103202,R4_ALT_CEM_2,H_REAL3_REPLAN,0,100,4,True,0,COMPLETE,R7_PREREGISTERED_STRESS_TEST_FRESH_CASES,True
pusht,R7_pusht_0314e8bfe1a05c8592ef6bd0,REFIT_103203,R4_ALT_CEM_2,H_POLICY,0,100,4,True,0,COMPLETE,R7_PREREGISTERED_STRESS_TEST_FRESH_CASES,False
pusht,R7_pusht_0314e8bfe1a05c8592ef6bd0,REFIT_103203,R4_ALT_CEM_2,H_REAL3_REPLAN,0,100,4,True,0,COMPLETE,R7_PREREGISTERED_STRESS_TEST_FRESH_CASES,True
pusht,R7_pusht_031f43832ae0fc0bb6cca900,H0,R4_ALT_CEM_2,H_POLICY,0,100,4,True,0,COMPLETE,R7_PREREGISTERED_STRESS_TEST_FRESH_CASES,False
pusht,R7_pusht_031f43832ae0fc0bb6cca900,H0,R4_ALT_CEM_2,H_REAL3_REPLAN,0,100,4,True,0,COMPLETE,R7_PREREGISTERED_STRESS_TEST_FRESH_CASES,True
pusht,R7_pusht_031f43832ae0fc0bb6cca900,REFIT_103201,R4_ALT_CEM_2,H_POLICY,0,100,4,True,0,COMPLETE,R7_PREREGISTERED_STRESS_TEST_FRESH_CASES,False
pusht,R7_pusht_031f43832ae0fc0bb6cca900,REFIT_103201,R4_ALT_CEM_2,H_REAL3_REPLAN,0,100,4,True,0,COMPLETE,R7_PREREGISTERED_STRESS_TEST_FRESH_CASES,True
pusht,R7_pusht_031f43832ae0fc0bb6cca900,REFIT_103202,R4_ALT_CEM_2,H_POLICY,0,100,4,True,0,COMPLETE,R7_PREREGISTERED_STRESS_TEST_FRESH_CASES,False
pusht,R7_pusht_031f43832ae0fc0bb6cca900,REFIT_103202,R4_ALT_CEM_2,H_REAL3_REPLAN,0,100,4,True,0,COMPLETE,R7_PREREGISTERED_STRESS_TEST_FRESH_CASES,True
pusht,R7_pusht_031f43832ae0fc0bb6cca900,REFIT_103203,R4_ALT_CEM_2,H_POLICY,0,100,4,True,0,COMPLETE,R7_PREREGISTERED_STRESS_TEST_FRESH_CASES,False
pusht,R7_pusht_031f43832ae0fc0bb6cca900,REFIT_103203,R4_ALT_CEM_2,H_REAL3_REPLAN,0,100,4,True,0,COMPLETE,R7_PREREGISTERED_STRESS_TEST_FRESH_CASES,True
pusht,R7_pusht_0330f6c6f9fc7a418956273e,H0,R4_ALT_CEM_2,H_POLICY,0,100,4,True,0,COMPLETE,R7_PREREGISTERED_STRESS_TEST_FRESH_CASES,False
pusht,R7_pusht_0330f6c6f9fc7a418956273e,H0,R4_ALT_CEM_2,H_REAL3_REPLAN,0,100,4,True,0,COMPLETE,R7_PREREGISTERED_STRESS_TEST_FRESH_CASES,True
pusht,R7_pusht_0330f6c6f9fc7a418956273e,REFIT_103201,R4_ALT_CEM_2,H_POLICY,0,100,4,True,0,COMPLETE,R7_PREREGISTERED_STRESS_TEST_FRESH_CASES,False
pusht,R7_pusht_0330f6c6f9fc7a418956273e,REFIT_103201,R4_ALT_CEM_2,H_REAL3_REPLAN,0,100,4,True,0,COMPLETE,R7_PREREGISTERED_STRESS_TEST_FRESH_CASES,True
pusht,R7_pusht_0330f6c6f9fc7a418956273e,REFIT_103202,R4_ALT_CEM_2,H_POLICY,0,100,4,True,0,COMPLETE,R7_PREREGISTERED_STRESS_TEST_FRESH_CASES,False
pusht,R7_pusht_0330f6c6f9fc7a418956273e,REFIT_103202,R4_ALT_CEM_2,H_REAL3_REPLAN,0,100,4,True,0,COMPLETE,R7_PREREGISTERED_STRESS_TEST_FRESH_CASES,True
pusht,R7_pusht_0330f6c6f9fc7a418956273e,REFIT_103203,R4_ALT_CEM_2,H_POLICY,0,100,4,True,0,COMPLETE,R7_PREREGISTERED_STRESS_TEST_FRESH_CASES,False
pusht,R7_pusht_0330f6c6f9fc7a418956273e,REFIT_103203,R4_ALT_CEM_2,H_REAL3_REPLAN,0,100,4,True,0,COMPLETE,R7_PREREGISTERED_STRESS_TEST_FRESH_CASES,True
pusht,R7_pusht_034995e94e19dc243f05fdf5,H0,R4_ALT_CEM_2,H_POLICY,1,23,1,False,0,COMPLETE,R7_PREREGISTERED_STRESS_TEST_FRESH_CASES,False
pusht,R7_pusht_034995e94e19dc243f05fdf5,H0,R4_ALT_CEM_2,H_REAL3_REPLAN,1,23,1,False,0,COMPLETE,R7_PREREGISTERED_STRESS_TEST_FRESH_CASES,True
pusht,R7_pusht_034995e94e19dc243f05fdf5,REFIT_103201,R4_ALT_CEM_2,H_POLICY,1,22,1,False,0,COMPLETE,R7_PREREGISTERED_STRESS_TEST_FRESH_CASES,False
pusht,R7_pusht_034995e94e19dc243f05fdf5,REFIT_103201,R4_ALT_CEM_2,H_REAL3_REPLAN,1,22,1,False,0,COMPLETE,R7_PREREGISTERED_STRESS_TEST_FRESH_CASES,True
pusht,R7_pusht_034995e94e19dc243f05fdf5,REFIT_103202,R4_ALT_CEM_2,H_POLICY,1,22,1,False,0,COMPLETE,R7_PREREGISTERED_STRESS_TEST_FRESH_CASES,False
pusht,R7_pusht_034995e94e19dc243f05fdf5,REFIT_103202,R4_ALT_CEM_2,H_REAL3_REPLAN,1,22,1,False,0,COMPLETE,R7_PREREGISTERED_STRESS_TEST_FRESH_CASES,True
pusht,R7_pusht_034995e94e19dc243f05fdf5,REFIT_103203,R4_ALT_CEM_2,H_POLICY,1,22,1,False,0,COMPLETE,R7_PREREGISTERED_STRESS_TEST_FRESH_CASES,False
pusht,R7_pusht_034995e94e19dc243f05fdf5,REFIT_103203,R4_ALT_CEM_2,H_REAL3_REPLAN,1,22,1,False,0,COMPLETE,R7_PREREGISTERED_STRESS_TEST_FRESH_CASES,True
pusht,R7_pusht_0370646fa70e8a58a0a8ab9b,H0,R4_ALT_CEM_2,H_POLICY,1,23,1,False,0,COMPLETE,R7_PREREGISTERED_STRESS_TEST_FRESH_CASES,False
pusht,R7_pusht_0370646fa70e8a58a0a8ab9b,H0,R4_ALT_CEM_2,H_REAL3_REPLAN,1,23,1,False,0,COMPLETE,R7_PREREGISTERED_STRESS_TEST_FRESH_CASES,True
pusht,R7_pusht_0370646fa70e8a58a0a8ab9b,REFIT_103201,R4_ALT_CEM_2,H_POLICY,1,23,1,False,0,COMPLETE,R7_PREREGISTERED_STRESS_TEST_FRESH_CASES,False
pusht,R7_pusht_0370646fa70e8a58a0a8ab9b,REFIT_103201,R4_ALT_CEM_2,H_REAL3_REPLAN,1,23,1,False,0,COMPLETE,R7_PREREGISTERED_STRESS_TEST_FRESH_CASES,True
pusht,R7_pusht_0370646fa70e8a58a0a8ab9b,REFIT_103202,R4_ALT_CEM_2,H_POLICY,1,24,1,False,0,COMPLETE,R7_PREREGISTERED_STRESS_TEST_FRESH_CASES,False
pusht,R7_pusht_0370646fa70e8a58a0a8ab9b,REFIT_103202,R4_ALT_CEM_2,H_REAL3_REPLAN,1,24,1,False,0,COMPLETE,R7_PREREGISTERED_STRESS_TEST_FRESH_CASES,True
pusht,R7_pusht_0370646fa70e8a58a0a8ab9b,REFIT_103203,R4_ALT_CEM_2,H_POLICY,1,24,1,False,0,COMPLETE,R7_PREREGISTERED_STRESS_TEST_FRESH_CASES,False
pusht,R7_pusht_0370646fa70e8a58a0a8ab9b,REFIT_103203,R4_ALT_CEM_2,H_REAL3_REPLAN,1,24,1,False,0,COMPLETE,R7_PREREGISTERED_STRESS_TEST_FRESH_CASES,True
pusht,R7_pusht_03771182578f98b7f1941386,H0,R4_ALT_CEM_2,H_POLICY,0,100,4,True,0,COMPLETE,R7_PREREGISTERED_STRESS_TEST_FRESH_CASES,False
pusht,R7_pusht_03771182578f98b7f1941386,H0,R4_ALT_CEM_2,H_REAL3_REPLAN,0,100,4,True,0,COMPLETE,R7_PREREGISTERED_STRESS_TEST_FRESH_CASES,True
pusht,R7_pusht_03771182578f98b7f1941386,REFIT_103201,R4_ALT_CEM_2,H_POLICY,0,100,4,True,0,COMPLETE,R7_PREREGISTERED_STRESS_TEST_FRESH_CASES,False
pusht,R7_pusht_03771182578f98b7f1941386,REFIT_103201,R4_ALT_CEM_2,H_REAL3_REPLAN,0,100,4,True,0,COMPLETE,R7_PREREGISTERED_STRESS_TEST_FRESH_CASES,True
pusht,R7_pusht_03771182578f98b7f1941386,REFIT_103202,R4_ALT_CEM_2,H_POLICY,0,100,4,True,0,COMPLETE,R7_PREREGISTERED_STRESS_TEST_FRESH_CASES,False
pusht,R7_pusht_03771182578f98b7f1941386,REFIT_103202,R4_ALT_CEM_2,H_REAL3_REPLAN,0,100,4,True,0,COMPLETE,R7_PREREGISTERED_STRESS_TEST_FRESH_CASES,True
pusht,R7_pusht_03771182578f98b7f1941386,REFIT_103203,R4_ALT_CEM_2,H_POLICY,0,100,4,True,0,COMPLETE,R7_PREREGISTERED_STRESS_TEST_FRESH_CASES,False
pusht,R7_pusht_03771182578f98b7f1941386,REFIT_103203,R4_ALT_CEM_2,H_REAL3_REPLAN,0,100,4,True,0,COMPLETE,R7_PREREGISTERED_STRESS_TEST_FRESH_CASES,True
pusht,R7_pusht_03817da0342f7fdedfedf91c,H0,R4_ALT_CEM_2,H_POLICY,1,21,1,False,0,COMPLETE,R7_PREREGISTERED_STRESS_TEST_FRESH_CASES,False
pusht,R7_pusht_03817da0342f7fdedfedf91c,H0,R4_ALT_CEM_2,H_REAL3_REPLAN,1,21,1,False,0,COMPLETE,R7_PREREGISTERED_STRESS_TEST_FRESH_CASES,True
pusht,R7_pusht_03817da0342f7fdedfedf91c,REFIT_103201,R4_ALT_CEM_2,H_POLICY,1,24,1,False,0,COMPLETE,R7_PREREGISTERED_STRESS_TEST_FRESH_CASES,False
pusht,R7_pusht_03817da0342f7fdedfedf91c,REFIT_103201,R4_ALT_CEM_2,H_REAL3_REPLAN,1,24,1,False,0,COMPLETE,R7_PREREGISTERED_STRESS_TEST_FRESH_CASES,True
pusht,R7_pusht_03817da0342f7fdedfedf91c,REFIT_103202,R4_ALT_CEM_2,H_POLICY,1,20,1,False,0,COMPLETE,R7_PREREGISTERED_STRESS_TEST_FRESH_CASES,False
pusht,R7_pusht_03817da0342f7fdedfedf91c,REFIT_103202,R4_ALT_CEM_2,H_REAL3_REPLAN,1,20,1,False,0,COMPLETE,R7_PREREGISTERED_STRESS_TEST_FRESH_CASES,True
pusht,R7_pusht_03817da0342f7fdedfedf91c,REFIT_103203,R4_ALT_CEM_2,H_POLICY,1,23,1,False,0,COMPLETE,R7_PREREGISTERED_STRESS_TEST_FRESH_CASES,False
pusht,R7_pusht_03817da0342f7fdedfedf91c,REFIT_103203,R4_ALT_CEM_2,H_REAL3_REPLAN,1,23,1,False,0,COMPLETE,R7_PREREGISTERED_STRESS_TEST_FRESH_CASES,True
pusht,R7_pusht_0389b12feae8aa511870db5b,H0,R4_ALT_CEM_2,H_POLICY,1,23,1,False,0,COMPLETE,R7_PREREGISTERED_STRESS_TEST_FRESH_CASES,False
pusht,R7_pusht_0389b12feae8aa511870db5b,H0,R4_ALT_CEM_2,H_REAL3_REPLAN,1,23,1,False,0,COMPLETE,R7_PREREGISTERED_STRESS_TEST_FRESH_CASES,True
pusht,R7_pusht_0389b12feae8aa511870db5b,REFIT_103201,R4_ALT_CEM_2,H_POLICY,1,24,1,False,0,COMPLETE,R7_PREREGISTERED_STRESS_TEST_FRESH_CASES,False
pusht,R7_pusht_0389b12feae8aa511870db5b,REFIT_103201,R4_ALT_CEM_2,H_REAL3_REPLAN,1,24,1,False,0,COMPLETE,R7_PREREGISTERED_STRESS_TEST_FRESH_CASES,True
pusht,R7_pusht_0389b12feae8aa511870db5b,REFIT_103202,R4_ALT_CEM_2,H_POLICY,1,24,1,False,0,COMPLETE,R7_PREREGISTERED_STRESS_TEST_FRESH_CASES,False
pusht,R7_pusht_0389b12feae8aa511870db5b,REFIT_103202,R4_ALT_CEM_2,H_REAL3_REPLAN,1,24,1,False,0,COMPLETE,R7_PREREGISTERED_STRESS_TEST_FRESH_CASES,True
pusht,R7_pusht_0389b12feae8aa511870db5b,REFIT_103203,R4_ALT_CEM_2,H_POLICY,1,24,1,False,0,COMPLETE,R7_PREREGISTERED_STRESS_TEST_FRESH_CASES,False
pusht,R7_pusht_0389b12feae8aa511870db5b,REFIT_103203,R4_ALT_CEM_2,H_REAL3_REPLAN,1,24,1,False,0,COMPLETE,R7_PREREGISTERED_STRESS_TEST_FRESH_CASES,True
pusht,R7_pusht_0392e4da40d19dcad59cb175,H0,R4_ALT_CEM_2,H_POLICY,0,100,4,True,0,COMPLETE,R7_PREREGISTERED_STRESS_TEST_FRESH_CASES,False
pusht,R7_pusht_0392e4da40d19dcad59cb175,H0,R4_ALT_CEM_2,H_REAL3_REPLAN,0,100,4,True,0,COMPLETE,R7_PREREGISTERED_STRESS_TEST_FRESH_CASES,True
pusht,R7_pusht_0392e4da40d19dcad59cb175,REFIT_103201,R4_ALT_CEM_2,H_POLICY,0,100,4,True,0,COMPLETE,R7_PREREGISTERED_STRESS_TEST_FRESH_CASES,False
pusht,R7_pusht_0392e4da40d19dcad59cb175,REFIT_103201,R4_ALT_CEM_2,H_REAL3_REPLAN,0,100,4,True,0,COMPLETE,R7_PREREGISTERED_STRESS_TEST_FRESH_CASES,True
pusht,R7_pusht_0392e4da40d19dcad59cb175,REFIT_103202,R4_ALT_CEM_2,H_POLICY,0,100,4,True,0,COMPLETE,R7_PREREGISTERED_STRESS_TEST_FRESH_CASES,False
pusht,R7_pusht_0392e4da40d19dcad59cb175,REFIT_103202,R4_ALT_CEM_2,H_REAL3_REPLAN,0,100,4,True,0,COMPLETE,R7_PREREGISTERED_STRESS_TEST_FRESH_CASES,True
pusht,R7_pusht_0392e4da40d19dcad59cb175,REFIT_103203,R4_ALT_CEM_2,H_POLICY,0,100,4,True,0,COMPLETE,R7_PREREGISTERED_STRESS_TEST_FRESH_CASES,False
pusht,R7_pusht_0392e4da40d19dcad59cb175,REFIT_103203,R4_ALT_CEM_2,H_REAL3_REPLAN,0,100,4,True,0,COMPLETE,R7_PREREGISTERED_STRESS_TEST_FRESH_CASES,True
pusht,R7_pusht_03974a1198929242830a5517,H0,R4_ALT_CEM_2,H_POLICY,1,25,1,False,0,COMPLETE,R7_PREREGISTERED_STRESS_TEST_FRESH_CASES,False
pusht,R7_pusht_03974a1198929242830a5517,H0,R4_ALT_CEM_2,H_REAL3_REPLAN,1,25,1,False,0,COMPLETE,R7_PREREGISTERED_STRESS_TEST_FRESH_CASES,True
pusht,R7_pusht_03974a1198929242830a5517,REFIT_103201,R4_ALT_CEM_2,H_POLICY,1,23,1,False,0,COMPLETE,R7_PREREGISTERED_STRESS_TEST_FRESH_CASES,False
pusht,R7_pusht_03974a1198929242830a5517,REFIT_103201,R4_ALT_CEM_2,H_REAL3_REPLAN,1,23,1,False,0,COMPLETE,R7_PREREGISTERED_STRESS_TEST_FRESH_CASES,True
pusht,R7_pusht_03974a1198929242830a5517,REFIT_103202,R4_ALT_CEM_2,H_POLICY,1,23,1,False,0,COMPLETE,R7_PREREGISTERED_STRESS_TEST_FRESH_CASES,False
pusht,R7_pusht_03974a1198929242830a5517,REFIT_103202,R4_ALT_CEM_2,H_REAL3_REPLAN,1,23,1,False,0,COMPLETE,R7_PREREGISTERED_STRESS_TEST_FRESH_CASES,True
pusht,R7_pusht_03974a1198929242830a5517,REFIT_103203,R4_ALT_CEM_2,H_POLICY,1,23,1,False,0,COMPLETE,R7_PREREGISTERED_STRESS_TEST_FRESH_CASES,False
pusht,R7_pusht_03974a1198929242830a5517,REFIT_103203,R4_ALT_CEM_2,H_REAL3_REPLAN,1,23,1,False,0,COMPLETE,R7_PREREGISTERED_STRESS_TEST_FRESH_CASES,True
pusht,R7_pusht_03a355767097a0dbd38c1fd1,H0,R4_ALT_CEM_2,H_POLICY,0,100,4,True,0,COMPLETE,R7_PREREGISTERED_STRESS_TEST_FRESH_CASES,False
pusht,R7_pusht_03a355767097a0dbd38c1fd1,H0,R4_ALT_CEM_2,H_REAL3_REPLAN,0,100,4,True,0,COMPLETE,R7_PREREGISTERED_STRESS_TEST_FRESH_CASES,True
pusht,R7_pusht_03a355767097a0dbd38c1fd1,REFIT_103201,R4_ALT_CEM_2,H_POLICY,0,100,4,True,0,COMPLETE,R7_PREREGISTERED_STRESS_TEST_FRESH_CASES,False
pusht,R7_pusht_03a355767097a0dbd38c1fd1,REFIT_103201,R4_ALT_CEM_2,H_REAL3_REPLAN,0,100,4,True,0,COMPLETE,R7_PREREGISTERED_STRESS_TEST_FRESH_CASES,True
pusht,R7_pusht_03a355767097a0dbd38c1fd1,REFIT_103202,R4_ALT_CEM_2,H_POLICY,0,100,4,True,0,COMPLETE,R7_PREREGISTERED_STRESS_TEST_FRESH_CASES,False
pusht,R7_pusht_03a355767097a0dbd38c1fd1,REFIT_103202,R4_ALT_CEM_2,H_REAL3_REPLAN,0,100,4,True,0,COMPLETE,R7_PREREGISTERED_STRESS_TEST_FRESH_CASES,True
pusht,R7_pusht_03a355767097a0dbd38c1fd1,REFIT_103203,R4_ALT_CEM_2,H_POLICY,0,100,4,True,0,COMPLETE,R7_PREREGISTERED_STRESS_TEST_FRESH_CASES,False
pusht,R7_pusht_03a355767097a0dbd38c1fd1,REFIT_103203,R4_ALT_CEM_2,H_REAL3_REPLAN,0,100,4,True,0,COMPLETE,R7_PREREGISTERED_STRESS_TEST_FRESH_CASES,True
pusht,R7_pusht_03a45f8f0f83b9416ba20236,H0,R4_ALT_CEM_2,H_POLICY,1,49,2,True,0,COMPLETE,R7_PREREGISTERED_STRESS_TEST_FRESH_CASES,False
pusht,R7_pusht_03a45f8f0f83b9416ba20236,H0,R4_ALT_CEM_2,H_REAL3_REPLAN,1,49,2,True,0,COMPLETE,R7_PREREGISTERED_STRESS_TEST_FRESH_CASES,True
pusht,R7_pusht_03a45f8f0f83b9416ba20236,REFIT_103201,R4_ALT_CEM_2,H_POLICY,0,100,4,True,0,COMPLETE,R7_PREREGISTERED_STRESS_TEST_FRESH_CASES,False
pusht,R7_pusht_03a45f8f0f83b9416ba20236,REFIT_103201,R4_ALT_CEM_2,H_REAL3_REPLAN,0,100,4,True,0,COMPLETE,R7_PREREGISTERED_STRESS_TEST_FRESH_CASES,True
pusht,R7_pusht_03a45f8f0f83b9416ba20236,REFIT_103202,R4_ALT_CEM_2,H_POLICY,0,100,4,True,0,COMPLETE,R7_PREREGISTERED_STRESS_TEST_FRESH_CASES,False
pusht,R7_pusht_03a45f8f0f83b9416ba20236,REFIT_103202,R4_ALT_CEM_2,H_REAL3_REPLAN,0,100,4,True,0,COMPLETE,R7_PREREGISTERED_STRESS_TEST_FRESH_CASES,True
pusht,R7_pusht_03a45f8f0f83b9416ba20236,REFIT_103203,R4_ALT_CEM_2,H_POLICY,0,100,4,True,0,COMPLETE,R7_PREREGISTERED_STRESS_TEST_FRESH_CASES,False
pusht,R7_pusht_03a45f8f0f83b9416ba20236,REFIT_103203,R4_ALT_CEM_2,H_REAL3_REPLAN,0,100,4,True,0,COMPLETE,R7_PREREGISTERED_STRESS_TEST_FRESH_CASES,True
pusht,R7_pusht_03a8b37a6838cb60cbaf142c,H0,R4_ALT_CEM_2,H_POLICY,0,100,4,True,0,COMPLETE,R7_PREREGISTERED_STRESS_TEST_FRESH_CASES,False
pusht,R7_pusht_03a8b37a6838cb60cbaf142c,H0,R4_ALT_CEM_2,H_REAL3_REPLAN,0,100,4,True,0,COMPLETE,R7_PREREGISTERED_STRESS_TEST_FRESH_CASES,True
pusht,R7_pusht_03a8b37a6838cb60cbaf142c,REFIT_103201,R4_ALT_CEM_2,H_POLICY,1,48,2,True,0,COMPLETE,R7_PREREGISTERED_STRESS_TEST_FRESH_CASES,False
pusht,R7_pusht_03a8b37a6838cb60cbaf142c,REFIT_103201,R4_ALT_CEM_2,H_REAL3_REPLAN,1,49,2,True,0,COMPLETE,R7_PREREGISTERED_STRESS_TEST_FRESH_CASES,True
pusht,R7_pusht_03a8b37a6838cb60cbaf142c,REFIT_103202,R4_ALT_CEM_2,H_POLICY,1,74,3,True,0,COMPLETE,R7_PREREGISTERED_STRESS_TEST_FRESH_CASES,False
pusht,R7_pusht_03a8b37a6838cb60cbaf142c,REFIT_103202,R4_ALT_CEM_2,H_REAL3_REPLAN,1,72,3,True,0,COMPLETE,R7_PREREGISTERED_STRESS_TEST_FRESH_CASES,True
pusht,R7_pusht_03a8b37a6838cb60cbaf142c,REFIT_103203,R4_ALT_CEM_2,H_POLICY,1,49,2,True,0,COMPLETE,R7_PREREGISTERED_STRESS_TEST_FRESH_CASES,False
pusht,R7_pusht_03a8b37a6838cb60cbaf142c,REFIT_103203,R4_ALT_CEM_2,H_REAL3_REPLAN,1,49,2,True,0,COMPLETE,R7_PREREGISTERED_STRESS_TEST_FRESH_CASES,True
pusht,R7_pusht_03cabfd63e99ffd4495e82bf,H0,R4_ALT_CEM_2,H_POLICY,1,23,1,False,0,COMPLETE,R7_PREREGISTERED_STRESS_TEST_FRESH_CASES,False
pusht,R7_pusht_03cabfd63e99ffd4495e82bf,H0,R4_ALT_CEM_2,H_REAL3_REPLAN,1,23,1,False,0,COMPLETE,R7_PREREGISTERED_STRESS_TEST_FRESH_CASES,True
pusht,R7_pusht_03cabfd63e99ffd4495e82bf,REFIT_103201,R4_ALT_CEM_2,H_POLICY,1,50,2,True,0,COMPLETE,R7_PREREGISTERED_STRESS_TEST_FRESH_CASES,False
pusht,R7_pusht_03cabfd63e99ffd4495e82bf,REFIT_103201,R4_ALT_CEM_2,H_REAL3_REPLAN,1,50,2,True,0,COMPLETE,R7_PREREGISTERED_STRESS_TEST_FRESH_CASES,True
pusht,R7_pusht_03cabfd63e99ffd4495e82bf,REFIT_103202,R4_ALT_CEM_2,H_POLICY,1,49,2,True,0,COMPLETE,R7_PREREGISTERED_STRESS_TEST_FRESH_CASES,False
pusht,R7_pusht_03cabfd63e99ffd4495e82bf,REFIT_103202,R4_ALT_CEM_2,H_REAL3_REPLAN,0,100,4,True,0,COMPLETE,R7_PREREGISTERED_STRESS_TEST_FRESH_CASES,True
pusht,R7_pusht_03cabfd63e99ffd4495e82bf,REFIT_103203,R4_ALT_CEM_2,H_POLICY,1,50,2,True,0,COMPLETE,R7_PREREGISTERED_STRESS_TEST_FRESH_CASES,False
pusht,R7_pusht_03cabfd63e99ffd4495e82bf,REFIT_103203,R4_ALT_CEM_2,H_REAL3_REPLAN,1,50,2,True,0,COMPLETE,R7_PREREGISTERED_STRESS_TEST_FRESH_CASES,True
pusht,R7_pusht_03eb15f5e899e85677eef1b7,H0,R4_ALT_CEM_2,H_POLICY,0,100,4,True,0,COMPLETE,R7_PREREGISTERED_STRESS_TEST_FRESH_CASES,False
pusht,R7_pusht_03eb15f5e899e85677eef1b7,H0,R4_ALT_CEM_2,H_REAL3_REPLAN,0,100,4,True,0,COMPLETE,R7_PREREGISTERED_STRESS_TEST_FRESH_CASES,True
pusht,R7_pusht_03eb15f5e899e85677eef1b7,REFIT_103201,R4_ALT_CEM_2,H_POLICY,0,100,4,True,0,COMPLETE,R7_PREREGISTERED_STRESS_TEST_FRESH_CASES,False
pusht,R7_pusht_03eb15f5e899e85677eef1b7,REFIT_103201,R4_ALT_CEM_2,H_REAL3_REPLAN,0,100,4,True,0,COMPLETE,R7_PREREGISTERED_STRESS_TEST_FRESH_CASES,True
pusht,R7_pusht_03eb15f5e899e85677eef1b7,REFIT_103202,R4_ALT_CEM_2,H_POLICY,0,100,4,True,0,COMPLETE,R7_PREREGISTERED_STRESS_TEST_FRESH_CASES,False
pusht,R7_pusht_03eb15f5e899e85677eef1b7,REFIT_103202,R4_ALT_CEM_2,H_REAL3_REPLAN,0,100,4,True,0,COMPLETE,R7_PREREGISTERED_STRESS_TEST_FRESH_CASES,True
pusht,R7_pusht_03eb15f5e899e85677eef1b7,REFIT_103203,R4_ALT_CEM_2,H_POLICY,0,100,4,True,0,COMPLETE,R7_PREREGISTERED_STRESS_TEST_FRESH_CASES,False
pusht,R7_pusht_03eb15f5e899e85677eef1b7,REFIT_103203,R4_ALT_CEM_2,H_REAL3_REPLAN,0,100,4,True,0,COMPLETE,R7_PREREGISTERED_STRESS_TEST_FRESH_CASES,True
pusht,R7_pusht_03f4a6fe90776fe3b0963ef2,H0,R4_ALT_CEM_2,H_POLICY,1,24,1,False,0,COMPLETE,R7_PREREGISTERED_STRESS_TEST_FRESH_CASES,False
pusht,R7_pusht_03f4a6fe90776fe3b0963ef2,H0,R4_ALT_CEM_2,H_REAL3_REPLAN,1,24,1,False,0,COMPLETE,R7_PREREGISTERED_STRESS_TEST_FRESH_CASES,True
pusht,R7_pusht_03f4a6fe90776fe3b0963ef2,REFIT_103201,R4_ALT_CEM_2,H_POLICY,1,22,1,False,0,COMPLETE,R7_PREREGISTERED_STRESS_TEST_FRESH_CASES,False
pusht,R7_pusht_03f4a6fe90776fe3b0963ef2,REFIT_103201,R4_ALT_CEM_2,H_REAL3_REPLAN,1,22,1,False,0,COMPLETE,R7_PREREGISTERED_STRESS_TEST_FRESH_CASES,True
pusht,R7_pusht_03f4a6fe90776fe3b0963ef2,REFIT_103202,R4_ALT_CEM_2,H_POLICY,1,21,1,False,0,COMPLETE,R7_PREREGISTERED_STRESS_TEST_FRESH_CASES,False
pusht,R7_pusht_03f4a6fe90776fe3b0963ef2,REFIT_103202,R4_ALT_CEM_2,H_REAL3_REPLAN,1,21,1,False,0,COMPLETE,R7_PREREGISTERED_STRESS_TEST_FRESH_CASES,True
pusht,R7_pusht_03f4a6fe90776fe3b0963ef2,REFIT_103203,R4_ALT_CEM_2,H_POLICY,1,25,1,False,0,COMPLETE,R7_PREREGISTERED_STRESS_TEST_FRESH_CASES,False
pusht,R7_pusht_03f4a6fe90776fe3b0963ef2,REFIT_103203,R4_ALT_CEM_2,H_REAL3_REPLAN,1,25,1,False,0,COMPLETE,R7_PREREGISTERED_STRESS_TEST_FRESH_CASES,True
pusht,R7_pusht_0409ba7cc52dcbd29a262fe7,H0,R4_ALT_CEM_2,H_POLICY,0,100,4,True,0,COMPLETE,R7_PREREGISTERED_STRESS_TEST_FRESH_CASES,False
pusht,R7_pusht_0409ba7cc52dcbd29a262fe7,H0,R4_ALT_CEM_2,H_REAL3_REPLAN,0,100,4,True,0,COMPLETE,R7_PREREGISTERED_STRESS_TEST_FRESH_CASES,True
pusht,R7_pusht_0409ba7cc52dcbd29a262fe7,REFIT_103201,R4_ALT_CEM_2,H_POLICY,0,100,4,True,0,COMPLETE,R7_PREREGISTERED_STRESS_TEST_FRESH_CASES,False
pusht,R7_pusht_0409ba7cc52dcbd29a262fe7,REFIT_103201,R4_ALT_CEM_2,H_REAL3_REPLAN,0,100,4,True,0,COMPLETE,R7_PREREGISTERED_STRESS_TEST_FRESH_CASES,True
pusht,R7_pusht_0409ba7cc52dcbd29a262fe7,REFIT_103202,R4_ALT_CEM_2,H_POLICY,0,100,4,True,0,COMPLETE,R7_PREREGISTERED_STRESS_TEST_FRESH_CASES,False
pusht,R7_pusht_0409ba7cc52dcbd29a262fe7,REFIT_103202,R4_ALT_CEM_2,H_REAL3_REPLAN,0,100,4,True,0,COMPLETE,R7_PREREGISTERED_STRESS_TEST_FRESH_CASES,True
pusht,R7_pusht_0409ba7cc52dcbd29a262fe7,REFIT_103203,R4_ALT_CEM_2,H_POLICY,0,100,4,True,0,COMPLETE,R7_PREREGISTERED_STRESS_TEST_FRESH_CASES,False
pusht,R7_pusht_0409ba7cc52dcbd29a262fe7,REFIT_103203,R4_ALT_CEM_2,H_REAL3_REPLAN,0,100,4,True,0,COMPLETE,R7_PREREGISTERED_STRESS_TEST_FRESH_CASES,True
pusht,R7_pusht_0415fc478ce94db4c57a4f04,H0,R4_ALT_CEM_2,H_POLICY,0,100,4,True,0,COMPLETE,R7_PREREGISTERED_STRESS_TEST_FRESH_CASES,False
pusht,R7_pusht_0415fc478ce94db4c57a4f04,H0,R4_ALT_CEM_2,H_REAL3_REPLAN,0,100,4,True,0,COMPLETE,R7_PREREGISTERED_STRESS_TEST_FRESH_CASES,True
pusht,R7_pusht_0415fc478ce94db4c57a4f04,REFIT_103201,R4_ALT_CEM_2,H_POLICY,0,100,4,True,0,COMPLETE,R7_PREREGISTERED_STRESS_TEST_FRESH_CASES,False
pusht,R7_pusht_0415fc478ce94db4c57a4f04,REFIT_103201,R4_ALT_CEM_2,H_REAL3_REPLAN,0,100,4,True,0,COMPLETE,R7_PREREGISTERED_STRESS_TEST_FRESH_CASES,True
pusht,R7_pusht_0415fc478ce94db4c57a4f04,REFIT_103202,R4_ALT_CEM_2,H_POLICY,0,100,4,True,0,COMPLETE,R7_PREREGISTERED_STRESS_TEST_FRESH_CASES,False
pusht,R7_pusht_0415fc478ce94db4c57a4f04,REFIT_103202,R4_ALT_CEM_2,H_REAL3_REPLAN,0,100,4,True,0,COMPLETE,R7_PREREGISTERED_STRESS_TEST_FRESH_CASES,True
pusht,R7_pusht_0415fc478ce94db4c57a4f04,REFIT_103203,R4_ALT_CEM_2,H_POLICY,0,100,4,True,0,COMPLETE,R7_PREREGISTERED_STRESS_TEST_FRESH_CASES,False
pusht,R7_pusht_0415fc478ce94db4c57a4f04,REFIT_103203,R4_ALT_CEM_2,H_REAL3_REPLAN,1,50,2,True,0,COMPLETE,R7_PREREGISTERED_STRESS_TEST_FRESH_CASES,True
pusht,R7_pusht_04177a249fdc96272d0852db,H0,R4_ALT_CEM_2,H_POLICY,0,100,4,True,0,COMPLETE,R7_PREREGISTERED_STRESS_TEST_FRESH_CASES,False
pusht,R7_pusht_04177a249fdc96272d0852db,H0,R4_ALT_CEM_2,H_REAL3_REPLAN,0,100,4,True,0,COMPLETE,R7_PREREGISTERED_STRESS_TEST_FRESH_CASES,True
pusht,R7_pusht_04177a249fdc96272d0852db,REFIT_103201,R4_ALT_CEM_2,H_POLICY,0,100,4,True,0,COMPLETE,R7_PREREGISTERED_STRESS_TEST_FRESH_CASES,False
pusht,R7_pusht_04177a249fdc96272d0852db,REFIT_103201,R4_ALT_CEM_2,H_REAL3_REPLAN,0,100,4,True,0,COMPLETE,R7_PREREGISTERED_STRESS_TEST_FRESH_CASES,True
pusht,R7_pusht_04177a249fdc96272d0852db,REFIT_103202,R4_ALT_CEM_2,H_POLICY,1,99,4,True,0,COMPLETE,R7_PREREGISTERED_STRESS_TEST_FRESH_CASES,False
pusht,R7_pusht_04177a249fdc96272d0852db,REFIT_103202,R4_ALT_CEM_2,H_REAL3_REPLAN,0,100,4,True,0,COMPLETE,R7_PREREGISTERED_STRESS_TEST_FRESH_CASES,True
pusht,R7_pusht_04177a249fdc96272d0852db,REFIT_103203,R4_ALT_CEM_2,H_POLICY,0,100,4,True,0,COMPLETE,R7_PREREGISTERED_STRESS_TEST_FRESH_CASES,False
pusht,R7_pusht_04177a249fdc96272d0852db,REFIT_103203,R4_ALT_CEM_2,H_REAL3_REPLAN,0,100,4,True,0,COMPLETE,R7_PREREGISTERED_STRESS_TEST_FRESH_CASES,True
pusht,R7_pusht_042009a9992792f09decf905,H0,R4_ALT_CEM_2,H_POLICY,1,24,1,False,0,COMPLETE,R7_PREREGISTERED_STRESS_TEST_FRESH_CASES,False
pusht,R7_pusht_042009a9992792f09decf905,H0,R4_ALT_CEM_2,H_REAL3_REPLAN,1,24,1,False,0,COMPLETE,R7_PREREGISTERED_STRESS_TEST_FRESH_CASES,True
pusht,R7_pusht_042009a9992792f09decf905,REFIT_103201,R4_ALT_CEM_2,H_POLICY,1,24,1,False,0,COMPLETE,R7_PREREGISTERED_STRESS_TEST_FRESH_CASES,False
pusht,R7_pusht_042009a9992792f09decf905,REFIT_103201,R4_ALT_CEM_2,H_REAL3_REPLAN,1,24,1,False,0,COMPLETE,R7_PREREGISTERED_STRESS_TEST_FRESH_CASES,True
pusht,R7_pusht_042009a9992792f09decf905,REFIT_103202,R4_ALT_CEM_2,H_POLICY,1,25,1,False,0,COMPLETE,R7_PREREGISTERED_STRESS_TEST_FRESH_CASES,False
pusht,R7_pusht_042009a9992792f09decf905,REFIT_103202,R4_ALT_CEM_2,H_REAL3_REPLAN,1,25,1,False,0,COMPLETE,R7_PREREGISTERED_STRESS_TEST_FRESH_CASES,True
pusht,R7_pusht_042009a9992792f09decf905,REFIT_103203,R4_ALT_CEM_2,H_POLICY,1,26,2,True,0,COMPLETE,R7_PREREGISTERED_STRESS_TEST_FRESH_CASES,False
pusht,R7_pusht_042009a9992792f09decf905,REFIT_103203,R4_ALT_CEM_2,H_REAL3_REPLAN,1,26,2,True,0,COMPLETE,R7_PREREGISTERED_STRESS_TEST_FRESH_CASES,True
pusht,R7_pusht_042040a1e3ddf1227649ab30,H0,R4_ALT_CEM_2,H_POLICY,1,34,2,True,0,COMPLETE,R7_PREREGISTERED_STRESS_TEST_FRESH_CASES,False
pusht,R7_pusht_042040a1e3ddf1227649ab30,H0,R4_ALT_CEM_2,H_REAL3_REPLAN,1,44,2,True,0,COMPLETE,R7_PREREGISTERED_STRESS_TEST_FRESH_CASES,True
pusht,R7_pusht_042040a1e3ddf1227649ab30,REFIT_103201,R4_ALT_CEM_2,H_POLICY,0,100,4,True,0,COMPLETE,R7_PREREGISTERED_STRESS_TEST_FRESH_CASES,False
pusht,R7_pusht_042040a1e3ddf1227649ab30,REFIT_103201,R4_ALT_CEM_2,H_REAL3_REPLAN,0,100,4,True,0,COMPLETE,R7_PREREGISTERED_STRESS_TEST_FRESH_CASES,True
pusht,R7_pusht_042040a1e3ddf1227649ab30,REFIT_103202,R4_ALT_CEM_2,H_POLICY,0,100,4,True,0,COMPLETE,R7_PREREGISTERED_STRESS_TEST_FRESH_CASES,False
pusht,R7_pusht_042040a1e3ddf1227649ab30,REFIT_103202,R4_ALT_CEM_2,H_REAL3_REPLAN,0,100,4,True,0,COMPLETE,R7_PREREGISTERED_STRESS_TEST_FRESH_CASES,True
pusht,R7_pusht_042040a1e3ddf1227649ab30,REFIT_103203,R4_ALT_CEM_2,H_POLICY,0,100,4,True,0,COMPLETE,R7_PREREGISTERED_STRESS_TEST_FRESH_CASES,False
pusht,R7_pusht_042040a1e3ddf1227649ab30,REFIT_103203,R4_ALT_CEM_2,H_REAL3_REPLAN,0,100,4,True,0,COMPLETE,R7_PREREGISTERED_STRESS_TEST_FRESH_CASES,True
pusht,R7_pusht_042ddf335da9880f2916c26a,H0,R4_ALT_CEM_2,H_POLICY,1,23,1,False,0,COMPLETE,R7_PREREGISTERED_STRESS_TEST_FRESH_CASES,False
pusht,R7_pusht_042ddf335da9880f2916c26a,H0,R4_ALT_CEM_2,H_REAL3_REPLAN,1,23,1,False,0,COMPLETE,R7_PREREGISTERED_STRESS_TEST_FRESH_CASES,True
pusht,R7_pusht_042ddf335da9880f2916c26a,REFIT_103201,R4_ALT_CEM_2,H_POLICY,1,23,1,False,0,COMPLETE,R7_PREREGISTERED_STRESS_TEST_FRESH_CASES,False
pusht,R7_pusht_042ddf335da9880f2916c26a,REFIT_103201,R4_ALT_CEM_2,H_REAL3_REPLAN,1,23,1,False,0,COMPLETE,R7_PREREGISTERED_STRESS_TEST_FRESH_CASES,True
pusht,R7_pusht_042ddf335da9880f2916c26a,REFIT_103202,R4_ALT_CEM_2,H_POLICY,1,23,1,False,0,COMPLETE,R7_PREREGISTERED_STRESS_TEST_FRESH_CASES,False
pusht,R7_pusht_042ddf335da9880f2916c26a,REFIT_103202,R4_ALT_CEM_2,H_REAL3_REPLAN,1,23,1,False,0,COMPLETE,R7_PREREGISTERED_STRESS_TEST_FRESH_CASES,True
pusht,R7_pusht_042ddf335da9880f2916c26a,REFIT_103203,R4_ALT_CEM_2,H_POLICY,1,24,1,False,0,COMPLETE,R7_PREREGISTERED_STRESS_TEST_FRESH_CASES,False
pusht,R7_pusht_042ddf335da9880f2916c26a,REFIT_103203,R4_ALT_CEM_2,H_REAL3_REPLAN,1,24,1,False,0,COMPLETE,R7_PREREGISTERED_STRESS_TEST_FRESH_CASES,True
pusht,R7_pusht_0434fe4553fbd003af4bf51c,H0,R4_ALT_CEM_2,H_POLICY,1,25,1,False,0,COMPLETE,R7_PREREGISTERED_STRESS_TEST_FRESH_CASES,False
pusht,R7_pusht_0434fe4553fbd003af4bf51c,H0,R4_ALT_CEM_2,H_REAL3_REPLAN,1,25,1,False,0,COMPLETE,R7_PREREGISTERED_STRESS_TEST_FRESH_CASES,True
pusht,R7_pusht_0434fe4553fbd003af4bf51c,REFIT_103201,R4_ALT_CEM_2,H_POLICY,1,25,1,False,0,COMPLETE,R7_PREREGISTERED_STRESS_TEST_FRESH_CASES,False
pusht,R7_pusht_0434fe4553fbd003af4bf51c,REFIT_103201,R4_ALT_CEM_2,H_REAL3_REPLAN,1,25,1,False,0,COMPLETE,R7_PREREGISTERED_STRESS_TEST_FRESH_CASES,True
pusht,R7_pusht_0434fe4553fbd003af4bf51c,REFIT_103202,R4_ALT_CEM_2,H_POLICY,1,23,1,False,0,COMPLETE,R7_PREREGISTERED_STRESS_TEST_FRESH_CASES,False
pusht,R7_pusht_0434fe4553fbd003af4bf51c,REFIT_103202,R4_ALT_CEM_2,H_REAL3_REPLAN,1,23,1,False,0,COMPLETE,R7_PREREGISTERED_STRESS_TEST_FRESH_CASES,True
pusht,R7_pusht_0434fe4553fbd003af4bf51c,REFIT_103203,R4_ALT_CEM_2,H_POLICY,1,25,1,False,0,COMPLETE,R7_PREREGISTERED_STRESS_TEST_FRESH_CASES,False
pusht,R7_pusht_0434fe4553fbd003af4bf51c,REFIT_103203,R4_ALT_CEM_2,H_REAL3_REPLAN,1,25,1,False,0,COMPLETE,R7_PREREGISTERED_STRESS_TEST_FRESH_CASES,True
pusht,R7_pusht_0446b191f8f1e1cecf462744,H0,R4_ALT_CEM_2,H_POLICY,0,100,4,True,0,COMPLETE,R7_PREREGISTERED_STRESS_TEST_FRESH_CASES,False
pusht,R7_pusht_0446b191f8f1e1cecf462744,H0,R4_ALT_CEM_2,H_REAL3_REPLAN,0,100,4,True,0,COMPLETE,R7_PREREGISTERED_STRESS_TEST_FRESH_CASES,True
pusht,R7_pusht_0446b191f8f1e1cecf462744,REFIT_103201,R4_ALT_CEM_2,H_POLICY,0,100,4,True,0,COMPLETE,R7_PREREGISTERED_STRESS_TEST_FRESH_CASES,False
pusht,R7_pusht_0446b191f8f1e1cecf462744,REFIT_103201,R4_ALT_CEM_2,H_REAL3_REPLAN,0,100,4,True,0,COMPLETE,R7_PREREGISTERED_STRESS_TEST_FRESH_CASES,True
pusht,R7_pusht_0446b191f8f1e1cecf462744,REFIT_103202,R4_ALT_CEM_2,H_POLICY,0,100,4,True,0,COMPLETE,R7_PREREGISTERED_STRESS_TEST_FRESH_CASES,False
pusht,R7_pusht_0446b191f8f1e1cecf462744,REFIT_103202,R4_ALT_CEM_2,H_REAL3_REPLAN,0,100,4,True,0,COMPLETE,R7_PREREGISTERED_STRESS_TEST_FRESH_CASES,True
pusht,R7_pusht_0446b191f8f1e1cecf462744,REFIT_103203,R4_ALT_CEM_2,H_POLICY,0,100,4,True,0,COMPLETE,R7_PREREGISTERED_STRESS_TEST_FRESH_CASES,False
pusht,R7_pusht_0446b191f8f1e1cecf462744,REFIT_103203,R4_ALT_CEM_2,H_REAL3_REPLAN,0,100,4,True,0,COMPLETE,R7_PREREGISTERED_STRESS_TEST_FRESH_CASES,True
pusht,R7_pusht_044a0e8359399cb4f0b9912a,H0,R4_ALT_CEM_2,H_POLICY,1,22,1,False,0,COMPLETE,R7_PREREGISTERED_STRESS_TEST_FRESH_CASES,False
pusht,R7_pusht_044a0e8359399cb4f0b9912a,H0,R4_ALT_CEM_2,H_REAL3_REPLAN,1,22,1,False,0,COMPLETE,R7_PREREGISTERED_STRESS_TEST_FRESH_CASES,True
pusht,R7_pusht_044a0e8359399cb4f0b9912a,REFIT_103201,R4_ALT_CEM_2,H_POLICY,1,22,1,False,0,COMPLETE,R7_PREREGISTERED_STRESS_TEST_FRESH_CASES,False
pusht,R7_pusht_044a0e8359399cb4f0b9912a,REFIT_103201,R4_ALT_CEM_2,H_REAL3_REPLAN,1,22,1,False,0,COMPLETE,R7_PREREGISTERED_STRESS_TEST_FRESH_CASES,True
pusht,R7_pusht_044a0e8359399cb4f0b9912a,REFIT_103202,R4_ALT_CEM_2,H_POLICY,1,20,1,False,0,COMPLETE,R7_PREREGISTERED_STRESS_TEST_FRESH_CASES,False
pusht,R7_pusht_044a0e8359399cb4f0b9912a,REFIT_103202,R4_ALT_CEM_2,H_REAL3_REPLAN,1,20,1,False,0,COMPLETE,R7_PREREGISTERED_STRESS_TEST_FRESH_CASES,True
pusht,R7_pusht_044a0e8359399cb4f0b9912a,REFIT_103203,R4_ALT_CEM_2,H_POLICY,1,22,1,False,0,COMPLETE,R7_PREREGISTERED_STRESS_TEST_FRESH_CASES,False
pusht,R7_pusht_044a0e8359399cb4f0b9912a,REFIT_103203,R4_ALT_CEM_2,H_REAL3_REPLAN,1,22,1,False,0,COMPLETE,R7_PREREGISTERED_STRESS_TEST_FRESH_CASES,True
pusht,R7_pusht_044c38a38940103d2b84e115,H0,R4_ALT_CEM_2,H_POLICY,0,100,4,True,0,COMPLETE,R7_PREREGISTERED_STRESS_TEST_FRESH_CASES,False
pusht,R7_pusht_044c38a38940103d2b84e115,H0,R4_ALT_CEM_2,H_REAL3_REPLAN,0,100,4,True,0,COMPLETE,R7_PREREGISTERED_STRESS_TEST_FRESH_CASES,True
pusht,R7_pusht_044c38a38940103d2b84e115,REFIT_103201,R4_ALT_CEM_2,H_POLICY,0,100,4,True,0,COMPLETE,R7_PREREGISTERED_STRESS_TEST_FRESH_CASES,False
pusht,R7_pusht_044c38a38940103d2b84e115,REFIT_103201,R4_ALT_CEM_2,H_REAL3_REPLAN,0,100,4,True,0,COMPLETE,R7_PREREGISTERED_STRESS_TEST_FRESH_CASES,True
pusht,R7_pusht_044c38a38940103d2b84e115,REFIT_103202,R4_ALT_CEM_2,H_POLICY,0,100,4,True,0,COMPLETE,R7_PREREGISTERED_STRESS_TEST_FRESH_CASES,False
pusht,R7_pusht_044c38a38940103d2b84e115,REFIT_103202,R4_ALT_CEM_2,H_REAL3_REPLAN,0,100,4,True,0,COMPLETE,R7_PREREGISTERED_STRESS_TEST_FRESH_CASES,True
pusht,R7_pusht_044c38a38940103d2b84e115,REFIT_103203,R4_ALT_CEM_2,H_POLICY,0,100,4,True,0,COMPLETE,R7_PREREGISTERED_STRESS_TEST_FRESH_CASES,False
pusht,R7_pusht_044c38a38940103d2b84e115,REFIT_103203,R4_ALT_CEM_2,H_REAL3_REPLAN,0,100,4,True,0,COMPLETE,R7_PREREGISTERED_STRESS_TEST_FRESH_CASES,True
pusht,R7_pusht_045d7c64c6e3d0c893f8afe4,H0,R4_ALT_CEM_2,H_POLICY,1,25,1,False,0,COMPLETE,R7_PREREGISTERED_STRESS_TEST_FRESH_CASES,False
pusht,R7_pusht_045d7c64c6e3d0c893f8afe4,H0,R4_ALT_CEM_2,H_REAL3_REPLAN,1,25,1,False,0,COMPLETE,R7_PREREGISTERED_STRESS_TEST_FRESH_CASES,True
pusht,R7_pusht_045d7c64c6e3d0c893f8afe4,REFIT_103201,R4_ALT_CEM_2,H_POLICY,1,25,1,False,0,COMPLETE,R7_PREREGISTERED_STRESS_TEST_FRESH_CASES,False
pusht,R7_pusht_045d7c64c6e3d0c893f8afe4,REFIT_103201,R4_ALT_CEM_2,H_REAL3_REPLAN,1,25,1,False,0,COMPLETE,R7_PREREGISTERED_STRESS_TEST_FRESH_CASES,True
pusht,R7_pusht_045d7c64c6e3d0c893f8afe4,REFIT_103202,R4_ALT_CEM_2,H_POLICY,1,24,1,False,0,COMPLETE,R7_PREREGISTERED_STRESS_TEST_FRESH_CASES,False
pusht,R7_pusht_045d7c64c6e3d0c893f8afe4,REFIT_103202,R4_ALT_CEM_2,H_REAL3_REPLAN,1,24,1,False,0,COMPLETE,R7_PREREGISTERED_STRESS_TEST_FRESH_CASES,True
pusht,R7_pusht_045d7c64c6e3d0c893f8afe4,REFIT_103203,R4_ALT_CEM_2,H_POLICY,1,24,1,False,0,COMPLETE,R7_PREREGISTERED_STRESS_TEST_FRESH_CASES,False
pusht,R7_pusht_045d7c64c6e3d0c893f8afe4,REFIT_103203,R4_ALT_CEM_2,H_REAL3_REPLAN,1,24,1,False,0,COMPLETE,R7_PREREGISTERED_STRESS_TEST_FRESH_CASES,True
pusht,R7_pusht_04956cd0b9aea5a2e739680a,H0,R4_ALT_CEM_2,H_POLICY,0,100,4,True,0,COMPLETE,R7_PREREGISTERED_STRESS_TEST_FRESH_CASES,False
pusht,R7_pusht_04956cd0b9aea5a2e739680a,H0,R4_ALT_CEM_2,H_REAL3_REPLAN,0,100,4,True,0,COMPLETE,R7_PREREGISTERED_STRESS_TEST_FRESH_CASES,True
pusht,R7_pusht_04956cd0b9aea5a2e739680a,REFIT_103201,R4_ALT_CEM_2,H_POLICY,1,24,1,False,0,COMPLETE,R7_PREREGISTERED_STRESS_TEST_FRESH_CASES,False
pusht,R7_pusht_04956cd0b9aea5a2e739680a,REFIT_103201,R4_ALT_CEM_2,H_REAL3_REPLAN,1,24,1,False,0,COMPLETE,R7_PREREGISTERED_STRESS_TEST_FRESH_CASES,True
pusht,R7_pusht_04956cd0b9aea5a2e739680a,REFIT_103202,R4_ALT_CEM_2,H_POLICY,0,100,4,True,0,COMPLETE,R7_PREREGISTERED_STRESS_TEST_FRESH_CASES,False
pusht,R7_pusht_04956cd0b9aea5a2e739680a,REFIT_103202,R4_ALT_CEM_2,H_REAL3_REPLAN,0,100,4,True,0,COMPLETE,R7_PREREGISTERED_STRESS_TEST_FRESH_CASES,True
pusht,R7_pusht_04956cd0b9aea5a2e739680a,REFIT_103203,R4_ALT_CEM_2,H_POLICY,1,23,1,False,0,COMPLETE,R7_PREREGISTERED_STRESS_TEST_FRESH_CASES,False
pusht,R7_pusht_04956cd0b9aea5a2e739680a,REFIT_103203,R4_ALT_CEM_2,H_REAL3_REPLAN,1,23,1,False,0,COMPLETE,R7_PREREGISTERED_STRESS_TEST_FRESH_CASES,True
pusht,R7_pusht_0497c0fb14fc6f924576a385,H0,R4_ALT_CEM_2,H_POLICY,0,100,4,True,0,COMPLETE,R7_PREREGISTERED_STRESS_TEST_FRESH_CASES,False
pusht,R7_pusht_0497c0fb14fc6f924576a385,H0,R4_ALT_CEM_2,H_REAL3_REPLAN,0,100,4,True,0,COMPLETE,R7_PREREGISTERED_STRESS_TEST_FRESH_CASES,True
pusht,R7_pusht_0497c0fb14fc6f924576a385,REFIT_103201,R4_ALT_CEM_2,H_POLICY,0,100,4,True,0,COMPLETE,R7_PREREGISTERED_STRESS_TEST_FRESH_CASES,False
pusht,R7_pusht_0497c0fb14fc6f924576a385,REFIT_103201,R4_ALT_CEM_2,H_REAL3_REPLAN,0,100,4,True,0,COMPLETE,R7_PREREGISTERED_STRESS_TEST_FRESH_CASES,True
pusht,R7_pusht_0497c0fb14fc6f924576a385,REFIT_103202,R4_ALT_CEM_2,H_POLICY,0,100,4,True,0,COMPLETE,R7_PREREGISTERED_STRESS_TEST_FRESH_CASES,False
pusht,R7_pusht_0497c0fb14fc6f924576a385,REFIT_103202,R4_ALT_CEM_2,H_REAL3_REPLAN,0,100,4,True,0,COMPLETE,R7_PREREGISTERED_STRESS_TEST_FRESH_CASES,True
pusht,R7_pusht_0497c0fb14fc6f924576a385,REFIT_103203,R4_ALT_CEM_2,H_POLICY,0,100,4,True,0,COMPLETE,R7_PREREGISTERED_STRESS_TEST_FRESH_CASES,False
pusht,R7_pusht_0497c0fb14fc6f924576a385,REFIT_103203,R4_ALT_CEM_2,H_REAL3_REPLAN,0,100,4,True,0,COMPLETE,R7_PREREGISTERED_STRESS_TEST_FRESH_CASES,True
pusht,R7_pusht_049c17f2923a4814eecedda0,H0,R4_ALT_CEM_2,H_POLICY,0,100,4,True,0,COMPLETE,R7_PREREGISTERED_STRESS_TEST_FRESH_CASES,False
pusht,R7_pusht_049c17f2923a4814eecedda0,H0,R4_ALT_CEM_2,H_REAL3_REPLAN,0,100,4,True,0,COMPLETE,R7_PREREGISTERED_STRESS_TEST_FRESH_CASES,True
pusht,R7_pusht_049c17f2923a4814eecedda0,REFIT_103201,R4_ALT_CEM_2,H_POLICY,0,100,4,True,0,COMPLETE,R7_PREREGISTERED_STRESS_TEST_FRESH_CASES,False
pusht,R7_pusht_049c17f2923a4814eecedda0,REFIT_103201,R4_ALT_CEM_2,H_REAL3_REPLAN,0,100,4,True,0,COMPLETE,R7_PREREGISTERED_STRESS_TEST_FRESH_CASES,True
pusht,R7_pusht_049c17f2923a4814eecedda0,REFIT_103202,R4_ALT_CEM_2,H_POLICY,0,100,4,True,0,COMPLETE,R7_PREREGISTERED_STRESS_TEST_FRESH_CASES,False
pusht,R7_pusht_049c17f2923a4814eecedda0,REFIT_103202,R4_ALT_CEM_2,H_REAL3_REPLAN,0,100,4,True,0,COMPLETE,R7_PREREGISTERED_STRESS_TEST_FRESH_CASES,True
pusht,R7_pusht_049c17f2923a4814eecedda0,REFIT_103203,R4_ALT_CEM_2,H_POLICY,0,100,4,True,0,COMPLETE,R7_PREREGISTERED_STRESS_TEST_FRESH_CASES,False
pusht,R7_pusht_049c17f2923a4814eecedda0,REFIT_103203,R4_ALT_CEM_2,H_REAL3_REPLAN,0,100,4,True,0,COMPLETE,R7_PREREGISTERED_STRESS_TEST_FRESH_CASES,True
pusht,R7_pusht_04d4daa8c0c39b20a08012e0,H0,R4_ALT_CEM_2,H_POLICY,1,50,2,True,0,COMPLETE,R7_PREREGISTERED_STRESS_TEST_FRESH_CASES,False
pusht,R7_pusht_04d4daa8c0c39b20a08012e0,H0,R4_ALT_CEM_2,H_REAL3_REPLAN,1,50,2,True,0,COMPLETE,R7_PREREGISTERED_STRESS_TEST_FRESH_CASES,True
pusht,R7_pusht_04d4daa8c0c39b20a08012e0,REFIT_103201,R4_ALT_CEM_2,H_POLICY,0,100,4,True,0,COMPLETE,R7_PREREGISTERED_STRESS_TEST_FRESH_CASES,False
pusht,R7_pusht_04d4daa8c0c39b20a08012e0,REFIT_103201,R4_ALT_CEM_2,H_REAL3_REPLAN,1,86,4,True,0,COMPLETE,R7_PREREGISTERED_STRESS_TEST_FRESH_CASES,True
pusht,R7_pusht_04d4daa8c0c39b20a08012e0,REFIT_103202,R4_ALT_CEM_2,H_POLICY,1,49,2,True,0,COMPLETE,R7_PREREGISTERED_STRESS_TEST_FRESH_CASES,False
pusht,R7_pusht_04d4daa8c0c39b20a08012e0,REFIT_103202,R4_ALT_CEM_2,H_REAL3_REPLAN,1,50,2,True,0,COMPLETE,R7_PREREGISTERED_STRESS_TEST_FRESH_CASES,True
pusht,R7_pusht_04d4daa8c0c39b20a08012e0,REFIT_103203,R4_ALT_CEM_2,H_POLICY,1,25,1,False,0,COMPLETE,R7_PREREGISTERED_STRESS_TEST_FRESH_CASES,False
pusht,R7_pusht_04d4daa8c0c39b20a08012e0,REFIT_103203,R4_ALT_CEM_2,H_REAL3_REPLAN,1,25,1,False,0,COMPLETE,R7_PREREGISTERED_STRESS_TEST_FRESH_CASES,True
pusht,R7_pusht_04e11d40881599d78167abd7,H0,R4_ALT_CEM_2,H_POLICY,1,25,1,False,0,COMPLETE,R7_PREREGISTERED_STRESS_TEST_FRESH_CASES,False
pusht,R7_pusht_04e11d40881599d78167abd7,H0,R4_ALT_CEM_2,H_REAL3_REPLAN,1,25,1,False,0,COMPLETE,R7_PREREGISTERED_STRESS_TEST_FRESH_CASES,True
pusht,R7_pusht_04e11d40881599d78167abd7,REFIT_103201,R4_ALT_CEM_2,H_POLICY,1,25,1,False,0,COMPLETE,R7_PREREGISTERED_STRESS_TEST_FRESH_CASES,False
pusht,R7_pusht_04e11d40881599d78167abd7,REFIT_103201,R4_ALT_CEM_2,H_REAL3_REPLAN,1,25,1,False,0,COMPLETE,R7_PREREGISTERED_STRESS_TEST_FRESH_CASES,True
pusht,R7_pusht_04e11d40881599d78167abd7,REFIT_103202,R4_ALT_CEM_2,H_POLICY,1,25,1,False,0,COMPLETE,R7_PREREGISTERED_STRESS_TEST_FRESH_CASES,False
pusht,R7_pusht_04e11d40881599d78167abd7,REFIT_103202,R4_ALT_CEM_2,H_REAL3_REPLAN,1,25,1,False,0,COMPLETE,R7_PREREGISTERED_STRESS_TEST_FRESH_CASES,True
pusht,R7_pusht_04e11d40881599d78167abd7,REFIT_103203,R4_ALT_CEM_2,H_POLICY,1,25,1,False,0,COMPLETE,R7_PREREGISTERED_STRESS_TEST_FRESH_CASES,False
pusht,R7_pusht_04e11d40881599d78167abd7,REFIT_103203,R4_ALT_CEM_2,H_REAL3_REPLAN,1,25,1,False,0,COMPLETE,R7_PREREGISTERED_STRESS_TEST_FRESH_CASES,True
pusht,R7_pusht_04e3964f4e922fc9652a8454,H0,R4_ALT_CEM_2,H_POLICY,1,24,1,False,0,COMPLETE,R7_PREREGISTERED_STRESS_TEST_FRESH_CASES,False
pusht,R7_pusht_04e3964f4e922fc9652a8454,H0,R4_ALT_CEM_2,H_REAL3_REPLAN,1,24,1,False,0,COMPLETE,R7_PREREGISTERED_STRESS_TEST_FRESH_CASES,True
pusht,R7_pusht_04e3964f4e922fc9652a8454,REFIT_103201,R4_ALT_CEM_2,H_POLICY,1,24,1,False,0,COMPLETE,R7_PREREGISTERED_STRESS_TEST_FRESH_CASES,False
pusht,R7_pusht_04e3964f4e922fc9652a8454,REFIT_103201,R4_ALT_CEM_2,H_REAL3_REPLAN,1,24,1,False,0,COMPLETE,R7_PREREGISTERED_STRESS_TEST_FRESH_CASES,True
pusht,R7_pusht_04e3964f4e922fc9652a8454,REFIT_103202,R4_ALT_CEM_2,H_POLICY,1,24,1,False,0,COMPLETE,R7_PREREGISTERED_STRESS_TEST_FRESH_CASES,False
pusht,R7_pusht_04e3964f4e922fc9652a8454,REFIT_103202,R4_ALT_CEM_2,H_REAL3_REPLAN,1,24,1,False,0,COMPLETE,R7_PREREGISTERED_STRESS_TEST_FRESH_CASES,True
pusht,R7_pusht_04e3964f4e922fc9652a8454,REFIT_103203,R4_ALT_CEM_2,H_POLICY,1,25,1,False,0,COMPLETE,R7_PREREGISTERED_STRESS_TEST_FRESH_CASES,False
pusht,R7_pusht_04e3964f4e922fc9652a8454,REFIT_103203,R4_ALT_CEM_2,H_REAL3_REPLAN,1,25,1,False,0,COMPLETE,R7_PREREGISTERED_STRESS_TEST_FRESH_CASES,True
pusht,R7_pusht_0515c243488c95589a8d5b91,H0,R4_ALT_CEM_2,H_POLICY,1,24,1,False,0,COMPLETE,R7_PREREGISTERED_STRESS_TEST_FRESH_CASES,False
pusht,R7_pusht_0515c243488c95589a8d5b91,H0,R4_ALT_CEM_2,H_REAL3_REPLAN,1,24,1,False,0,COMPLETE,R7_PREREGISTERED_STRESS_TEST_FRESH_CASES,True
pusht,R7_pusht_0515c243488c95589a8d5b91,REFIT_103201,R4_ALT_CEM_2,H_POLICY,1,23,1,False,0,COMPLETE,R7_PREREGISTERED_STRESS_TEST_FRESH_CASES,False
pusht,R7_pusht_0515c243488c95589a8d5b91,REFIT_103201,R4_ALT_CEM_2,H_REAL3_REPLAN,1,23,1,False,0,COMPLETE,R7_PREREGISTERED_STRESS_TEST_FRESH_CASES,True
pusht,R7_pusht_0515c243488c95589a8d5b91,REFIT_103202,R4_ALT_CEM_2,H_POLICY,1,23,1,False,0,COMPLETE,R7_PREREGISTERED_STRESS_TEST_FRESH_CASES,False
pusht,R7_pusht_0515c243488c95589a8d5b91,REFIT_103202,R4_ALT_CEM_2,H_REAL3_REPLAN,1,23,1,False,0,COMPLETE,R7_PREREGISTERED_STRESS_TEST_FRESH_CASES,True
pusht,R7_pusht_0515c243488c95589a8d5b91,REFIT_103203,R4_ALT_CEM_2,H_POLICY,1,23,1,False,0,COMPLETE,R7_PREREGISTERED_STRESS_TEST_FRESH_CASES,False
pusht,R7_pusht_0515c243488c95589a8d5b91,REFIT_103203,R4_ALT_CEM_2,H_REAL3_REPLAN,1,23,1,False,0,COMPLETE,R7_PREREGISTERED_STRESS_TEST_FRESH_CASES,True
pusht,R7_pusht_051e1bf367746e2a2a178f16,H0,R4_ALT_CEM_2,H_POLICY,0,100,4,True,0,COMPLETE,R7_PREREGISTERED_STRESS_TEST_FRESH_CASES,False
pusht,R7_pusht_051e1bf367746e2a2a178f16,H0,R4_ALT_CEM_2,H_REAL3_REPLAN,0,100,4,True,0,COMPLETE,R7_PREREGISTERED_STRESS_TEST_FRESH_CASES,True
pusht,R7_pusht_051e1bf367746e2a2a178f16,REFIT_103201,R4_ALT_CEM_2,H_POLICY,1,50,2,True,0,COMPLETE,R7_PREREGISTERED_STRESS_TEST_FRESH_CASES,False
pusht,R7_pusht_051e1bf367746e2a2a178f16,REFIT_103201,R4_ALT_CEM_2,H_REAL3_REPLAN,1,49,2,True,0,COMPLETE,R7_PREREGISTERED_STRESS_TEST_FRESH_CASES,True
pusht,R7_pusht_051e1bf367746e2a2a178f16,REFIT_103202,R4_ALT_CEM_2,H_POLICY,1,49,2,True,0,COMPLETE,R7_PREREGISTERED_STRESS_TEST_FRESH_CASES,False
pusht,R7_pusht_051e1bf367746e2a2a178f16,REFIT_103202,R4_ALT_CEM_2,H_REAL3_REPLAN,1,50,2,True,0,COMPLETE,R7_PREREGISTERED_STRESS_TEST_FRESH_CASES,True
pusht,R7_pusht_051e1bf367746e2a2a178f16,REFIT_103203,R4_ALT_CEM_2,H_POLICY,1,47,2,True,0,COMPLETE,R7_PREREGISTERED_STRESS_TEST_FRESH_CASES,False
pusht,R7_pusht_051e1bf367746e2a2a178f16,REFIT_103203,R4_ALT_CEM_2,H_REAL3_REPLAN,1,50,2,True,0,COMPLETE,R7_PREREGISTERED_STRESS_TEST_FRESH_CASES,True
