case_id,arm,stream,mode,status,success,entered_replanning,first_plan_equal,source_result_sha256,trajectory_sha256
R6_reacher_004a2bdf27d8bfceafa73467,H0,R3_ORIGINAL,H_POLICY,FRESH_PAIRED_CONTROL,1,True,,dec1e7bf4923bf87a44907f05f671edc86b9876ebb268052ae4e2f063f465549,
R6_reacher_004a2bdf27d8bfceafa73467,H0,R3_ORIGINAL,REAL3_NULLACT,COMPLETE,1,True,True,09b17d027f797aaf789c02c35cb2abfffc798ca6a2797d49421d274cd1277f17,623b98e54e735d9a63736187f2c40ac1f1669d2ecd053345c47e42999195f020
R6_reacher_004a2bdf27d8bfceafa73467,H0,R3_ORIGINAL,REPEAT3_REALACT,COMPLETE,1,True,True,6b5c26c5c0443be9ca36e8baf42b63a8bcbda46bfd35f751076686f43d965dc5,d16d0f22d83e83ac224c1f84de141b8a5b97cb84d63044a9db50f8b1a70ca964
R6_reacher_004a2bdf27d8bfceafa73467,H0,R4_ALT_CEM_1,H_POLICY,FRESH_PAIRED_CONTROL,0,True,,85482d1c3e784aa316fcf61339ffb6a13f9018bb3992a780cf368b62e1c6eb8c,
R6_reacher_004a2bdf27d8bfceafa73467,H0,R4_ALT_CEM_1,REAL3_NULLACT,COMPLETE,1,True,True,0a973c46ca2bf8d9f0462bde0db357d7d5ab21508f9218950aeb32e967f163ce,4ab5700dfbb0048ff889f18d746ea883f5ce60520a7f2058608114759a65173f
R6_reacher_004a2bdf27d8bfceafa73467,H0,R4_ALT_CEM_1,REPEAT3_REALACT,COMPLETE,0,True,True,7450b57a679b235dcfb335ed9478b0170f54d830d399d08dcf32626f0527b511,50796688f72a4dbc7f89fca6eabca2caa29a6501c96330b6f1556892a8820fc3
R6_reacher_004a2bdf27d8bfceafa73467,H0,R4_ALT_CEM_2,H_POLICY,FRESH_PAIRED_CONTROL,0,True,,571edcdba8d7eb400a82c5fbe35439f5a0123eb5999fd4bf81789773bc939bf9,
R6_reacher_004a2bdf27d8bfceafa73467,H0,R4_ALT_CEM_2,REAL3_NULLACT,COMPLETE,0,True,True,38f9ae5ffa23cae92a2eb5b6cada1a76d89c409d5a5a465c8cba1f369cd33033,514f2bc48a28f3de65a475c8bc789ecaa8b141af2c7068ee60cf113f5c35b4e7
R6_reacher_004a2bdf27d8bfceafa73467,H0,R4_ALT_CEM_2,REPEAT3_REALACT,COMPLETE,1,True,True,3bf57b690e55ab040d1637597550ec2fc826842fde6a2576fd996c554752708a,313ac94fd612cc8b05b362bb97767515ad1a991f143f170a6c7db420dd1abc0e
R6_reacher_004a2bdf27d8bfceafa73467,REFIT_103201,R3_ORIGINAL,H_POLICY,FRESH_PAIRED_CONTROL,0,True,,ede0454b109c67f01216448e3d31a5f89f5a5ad4379e1a253c6eb61254cd4f4a,
R6_reacher_004a2bdf27d8bfceafa73467,REFIT_103201,R3_ORIGINAL,REAL3_NULLACT,COMPLETE,0,True,True,cd606ce992efd1324fddd16c89aa836959ce2965453efc439e5dfa98412074ed,bb1a19fb4b0c6ba75504aecfcfe1090f62fa6ceabc4b10df5640ad12ddc94630
R6_reacher_004a2bdf27d8bfceafa73467,REFIT_103201,R3_ORIGINAL,REPEAT3_REALACT,COMPLETE,1,True,True,492fccc60ac43e9a1510109bca36483cf19e1508d631ee82ca0f5d38e260419c,9df2e6f58c680320d7815f5ed0abd5735fc404579da8ae7e86c4fb4e91cc625d
R6_reacher_004a2bdf27d8bfceafa73467,REFIT_103201,R4_ALT_CEM_1,H_POLICY,FRESH_PAIRED_CONTROL,0,True,,6ec35caa75c018fe5c0ae95c3133ba5aed7c031855a8d4f80782f0db60ff1dfb,
R6_reacher_004a2bdf27d8bfceafa73467,REFIT_103201,R4_ALT_CEM_1,REAL3_NULLACT,COMPLETE,0,True,True,103ffb1081b0fb2f170c99b6c62772df97658e2e57bcdb7a79fb17ed2cf650c8,cb2b0d266c3ceba9866922ca363d04b670eb32277178e25ae66aa6d03ee32f1a
R6_reacher_004a2bdf27d8bfceafa73467,REFIT_103201,R4_ALT_CEM_1,REPEAT3_REALACT,COMPLETE,1,True,True,f54258ac3004fe05bd39d3cc8e28db70e8b857d7c90b0db10778d0a449158abd,6e3de3ba27e86616815d4dcd734f5e02bbaa860c6991ce1f831f0aef21bd17e7
R6_reacher_004a2bdf27d8bfceafa73467,REFIT_103201,R4_ALT_CEM_2,H_POLICY,FRESH_PAIRED_CONTROL,1,True,,9b75a06aa34a40294ae031b3a0a6e58b242071cd13fd2f6447f8fa0a7f9f6bb8,
R6_reacher_004a2bdf27d8bfceafa73467,REFIT_103201,R4_ALT_CEM_2,REAL3_NULLACT,COMPLETE,0,True,True,3838c333fd5ddacc062685093ec245ac4929ed65d771f6dd59038c3fa1e77aa5,93999d4e54ba659a3d203b2cbb5317ba50b953ea8ef44472ac54b7e293253d13
R6_reacher_004a2bdf27d8bfceafa73467,REFIT_103201,R4_ALT_CEM_2,REPEAT3_REALACT,COMPLETE,1,True,True,40cf9bafe579469725150648befcd09bb4698d789b5e47b9691f3ce2cb3ca830,df1d0b55b3969ef06e5c958886d2b4cc8235c148cad7568ff281c41063968453
R6_reacher_004a2bdf27d8bfceafa73467,REFIT_103202,R3_ORIGINAL,H_POLICY,FRESH_PAIRED_CONTROL,1,True,,cce75f16ee2f07e3b76ee07d2e0e90b1c9c076e3744ee7c30c37aaf45ecc0c6a,
R6_reacher_004a2bdf27d8bfceafa73467,REFIT_103202,R3_ORIGINAL,REAL3_NULLACT,COMPLETE,1,True,True,07cbb633ca872121bc07fb0304c98ccbe44672f700c92bd397a7b72df1b4e887,dee12e8a10de90e198799351b813e54490344b86abb2bb899ea9e093313ff1a2
R6_reacher_004a2bdf27d8bfceafa73467,REFIT_103202,R3_ORIGINAL,REPEAT3_REALACT,COMPLETE,1,True,True,a9e99abc8de773c45b90df02ab1fdd264df0bdcd9465ec54523b59464068abb7,f12a1d83e328125bbd123774ca0b5297caa2e2cc6d3222be737e35ce139c2c20
R6_reacher_004a2bdf27d8bfceafa73467,REFIT_103202,R4_ALT_CEM_1,H_POLICY,FRESH_PAIRED_CONTROL,0,True,,ed741fc20c0d29ca9ebaba84de506f02ce2adffe36888e89a99d58270191e0be,
R6_reacher_004a2bdf27d8bfceafa73467,REFIT_103202,R4_ALT_CEM_1,REAL3_NULLACT,COMPLETE,1,True,True,09a7290b4ab808fae53b7b980b6f2737560a9d6f4ceb6a00ee4c70b5812fc2a3,b1df51665e06f47b8546216dd691a46a783b5c4d1cad43dfdf5d47aa667da308
R6_reacher_004a2bdf27d8bfceafa73467,REFIT_103202,R4_ALT_CEM_1,REPEAT3_REALACT,COMPLETE,1,True,True,a9d184de56f6e5599821e12e5cc0c14c049326f564fdc5ed979b2c2d390dd7c5,d2c28e026e914ed44d06d446e3a60e647f7c49f72c61efa5025a7338fc88942b
R6_reacher_004a2bdf27d8bfceafa73467,REFIT_103202,R4_ALT_CEM_2,H_POLICY,FRESH_PAIRED_CONTROL,1,True,,f573ad219f0e820627493101ff92562b910c720e3c702c98dac98cd1178303a0,
R6_reacher_004a2bdf27d8bfceafa73467,REFIT_103202,R4_ALT_CEM_2,REAL3_NULLACT,COMPLETE,1,True,True,53df8ab51524fdb973f63a02c000b2469cd3282baa7ab71526947410f52b8bcb,7c8d44fa3a0e97007c5a0490120c4c99b04a02d289968eee7f47c70817696501
R6_reacher_004a2bdf27d8bfceafa73467,REFIT_103202,R4_ALT_CEM_2,REPEAT3_REALACT,COMPLETE,1,True,True,fb032ced8662d4bcb1b95e54e45dd0b02a66911335342493d79209e39c5eaaec,8884388d3697f9f1468a939688c0095608c39574a2ae277abb411a5315aff305
R6_reacher_004a2bdf27d8bfceafa73467,REFIT_103203,R3_ORIGINAL,H_POLICY,FRESH_PAIRED_CONTROL,1,True,,5f589e44c93e78a4f9db70af18888720cb8558fcad21d7446aadfec42c2197a5,
R6_reacher_004a2bdf27d8bfceafa73467,REFIT_103203,R3_ORIGINAL,REAL3_NULLACT,COMPLETE,1,True,True,5108da45b5facac3bddcef2367edeee78b3a00f3ec4be9bcaa97850433809061,1dee643b44f8a00a2d32bfa8da167480554c9f297df24718f57c0011978b8321
R6_reacher_004a2bdf27d8bfceafa73467,REFIT_103203,R3_ORIGINAL,REPEAT3_REALACT,COMPLETE,1,True,True,acbcc4133812742dbda98c3c37c827686cce4cc8b61a823b4d67f1b425cc763a,0d1b9ba2dd760ead235b42facfd524499b2435a4e163dd5d0ebb5eb32ec0a605
R6_reacher_004a2bdf27d8bfceafa73467,REFIT_103203,R4_ALT_CEM_1,H_POLICY,FRESH_PAIRED_CONTROL,0,True,,d5b8ea87ce41f80c7e0d7a143e6128f79bafb3084830c849c12af34fbfc230fa,
R6_reacher_004a2bdf27d8bfceafa73467,REFIT_103203,R4_ALT_CEM_1,REAL3_NULLACT,COMPLETE,0,True,True,90b24866061fc9c4db5f9833401f8b52f6d84164732e6c1b9024110b892b5653,f8ae714a269dbfd4595bad1ebdf9b176bc8f9de6d43bde39470a331988e682a2
R6_reacher_004a2bdf27d8bfceafa73467,REFIT_103203,R4_ALT_CEM_1,REPEAT3_REALACT,COMPLETE,1,True,True,7624fe98eb6990436b2d19f559e927967a7d793bdc58db86420d3e65e64a7171,df0adc6d521f92d4130e3222c1d35739b4d9161694dd9268d914198a2a0812e5
R6_reacher_004a2bdf27d8bfceafa73467,REFIT_103203,R4_ALT_CEM_2,H_POLICY,FRESH_PAIRED_CONTROL,1,True,,643483960e45cb139b6432cd8b20557ca9f66a6418f10a463357fba5cd5fed56,
R6_reacher_004a2bdf27d8bfceafa73467,REFIT_103203,R4_ALT_CEM_2,REAL3_NULLACT,COMPLETE,1,True,True,e7f1e11998e0a5529f6d8fd7ac54d9af7af090cb7a3e9dc27f72f5ba8a1714c1,94f0b9add45a9501dae4672185c2fa39a731c41d9dfe5bc65c5f01e79e6e25df
R6_reacher_004a2bdf27d8bfceafa73467,REFIT_103203,R4_ALT_CEM_2,REPEAT3_REALACT,COMPLETE,1,True,True,31b4dd205f875f5e0a6747500560c80822b75ac2a6108f7ef8a9f8a37fc29a81,6a895183a842eba4fa13e3acd1e91c6eeb48db8d95f2051b586bdd26443ff94d
R6_reacher_005a9d4fafe8239392288119,H0,R3_ORIGINAL,H_POLICY,FRESH_PAIRED_CONTROL,1,True,,d3e99467c9f35dd40d999935ac72e0a1b760abd6fdb221a8dfd8a45e5a12ed0f,
R6_reacher_005a9d4fafe8239392288119,H0,R3_ORIGINAL,REAL3_NULLACT,COMPLETE,1,True,True,473eb8caa5f6b8700fd368ab5c54c69c087fd412280a8565d21b4112b7ca115b,65b08dc08bc79645137ffb96da25066259c32f511913ee2496754a872c1be4e1
R6_reacher_005a9d4fafe8239392288119,H0,R3_ORIGINAL,REPEAT3_REALACT,COMPLETE,1,True,True,d76f6fee51481fbe6fe586170a3796bc857611b1165870573fac7ecd2e069b17,a9ea19df9c489bfa86f2914129d3dd955126c0fa35c79edcfc494ac49946631d
R6_reacher_005a9d4fafe8239392288119,H0,R4_ALT_CEM_1,H_POLICY,FRESH_PAIRED_CONTROL,1,False,,26828ef0af8653148e87efde9194d85ecffcb195c72155d28ba9ea458c464442,
R6_reacher_005a9d4fafe8239392288119,H0,R4_ALT_CEM_1,REAL3_NULLACT,COMPLETE,1,False,True,3435de4ac66dfba3fa5db14f3bdc50e160d801878e14a29739cfa05cb95bb85c,d02f60a4df2d394da1259d2b50b0207d1f96692b10719f842883baad286819ad
R6_reacher_005a9d4fafe8239392288119,H0,R4_ALT_CEM_1,REPEAT3_REALACT,COMPLETE,1,False,True,2f265071203eb1df069f4fb3fdcaa1c93d1fd4a843cd95cd67b38f041403e37a,d02f60a4df2d394da1259d2b50b0207d1f96692b10719f842883baad286819ad
R6_reacher_005a9d4fafe8239392288119,H0,R4_ALT_CEM_2,H_POLICY,FRESH_PAIRED_CONTROL,0,True,,7fe5eed650a31a5f72f1103b780cb8d07ed59601dcd1afc7433643c91b1956d6,
R6_reacher_005a9d4fafe8239392288119,H0,R4_ALT_CEM_2,REAL3_NULLACT,COMPLETE,0,True,True,bde274f62c7c19aba0930b1e10caadcf64fc3903b1cc9be858a515c241c94a53,2e1374487e7e981a5a038daf9ae4fd37aad427a496824f1092cb957ff262519d
R6_reacher_005a9d4fafe8239392288119,H0,R4_ALT_CEM_2,REPEAT3_REALACT,COMPLETE,1,True,True,81b3015af9ff4f02ad584fe8a8371e9c487868ea33ccaf4588749a10d92fd4f1,4448eb153aed3cfb94fe32adb11a5ab3816d3a964914fddeb458c940bc3b3125
R6_reacher_005a9d4fafe8239392288119,REFIT_103201,R3_ORIGINAL,H_POLICY,FRESH_PAIRED_CONTROL,1,True,,323334160a7a34ca8354282f2c955476fa67bda19d0075351588f7a4fabc0af2,
R6_reacher_005a9d4fafe8239392288119,REFIT_103201,R3_ORIGINAL,REAL3_NULLACT,COMPLETE,1,True,True,46cbb0a25212270cb724309db2efffe25165726e96ea031cf2a09d9c9b029c17,03d77f752dd6d726849ee0fbb0c047a7064e24d37efbe4946fb03008b0db3fa0
R6_reacher_005a9d4fafe8239392288119,REFIT_103201,R3_ORIGINAL,REPEAT3_REALACT,COMPLETE,1,True,True,a7a1b1a5b1761ac588c6d647f36b5df87905d4288991ca0f2f5013ee60d86e8d,0aa9ad3c4bfe7a6cb894a612ac430a19a10398e1a72af507a643d19a96b1f1bc
R6_reacher_005a9d4fafe8239392288119,REFIT_103201,R4_ALT_CEM_1,H_POLICY,FRESH_PAIRED_CONTROL,1,True,,eca9e88c426792de8fa00b88a730b9f850bcecc60611e3a7f4eaf045d0737f8f,
R6_reacher_005a9d4fafe8239392288119,REFIT_103201,R4_ALT_CEM_1,REAL3_NULLACT,COMPLETE,0,True,True,fe36f55c8a3c6e9f7fe890743ef3043e41a4cad2a220ef5cc1e22a4e2c00a168,2723cd45cc3f17148ff89d15c20163fb5a3b91dff00f13cf32284059e8066657
R6_reacher_005a9d4fafe8239392288119,REFIT_103201,R4_ALT_CEM_1,REPEAT3_REALACT,COMPLETE,1,True,True,7aa81ceb6085dbd215a0950d7b06c04166ceea1f5c6bfb81b513553ff6908ecc,ddaa09fc1e4cf96830bb61f88f5cbd467205252cf10a99a885b16d86f2fcd1c0
R6_reacher_005a9d4fafe8239392288119,REFIT_103201,R4_ALT_CEM_2,H_POLICY,FRESH_PAIRED_CONTROL,0,True,,a128ebf9475fdedfa1e78c0919b34eec0278108d8aea70d91ad81b3b9cf2f683,
R6_reacher_005a9d4fafe8239392288119,REFIT_103201,R4_ALT_CEM_2,REAL3_NULLACT,COMPLETE,0,True,True,8d9ab47537a08ceb940a888cec483292ae3fff0883d247dc8b9853db7e85b084,702ceb7a77642dae63875f31ea3f4ff4d55b44ad1831a3ae3a197e7535ad2afd
R6_reacher_005a9d4fafe8239392288119,REFIT_103201,R4_ALT_CEM_2,REPEAT3_REALACT,COMPLETE,1,True,True,d992dc212b38e7324868c242a27b962bfc66ddb3b99e09dd81eba3b047848fc4,ca56730557140103da312a2feb3799bb851355ac258c303c379375a9a6044044
R6_reacher_005a9d4fafe8239392288119,REFIT_103202,R3_ORIGINAL,H_POLICY,FRESH_PAIRED_CONTROL,0,True,,ed3cc0ba928359c7600817d06acdab4777ff46e615944f34d017278ed0a89d90,
R6_reacher_005a9d4fafe8239392288119,REFIT_103202,R3_ORIGINAL,REAL3_NULLACT,COMPLETE,1,True,True,364bf875e0f2236393f473a8bee6aee09e8fa431d9e0d359c25407b89d8d1923,ecf0546c3b3ccce2d295b315b52a5b34e7ae08f481a6f36acd521d25901388c8
R6_reacher_005a9d4fafe8239392288119,REFIT_103202,R3_ORIGINAL,REPEAT3_REALACT,COMPLETE,1,True,True,e04413784ca342aeb2289645788f1b9330aaf4535ce7f3a7f6302b0a606d1f34,4de040747e02c8f99fb278c53565b93178061aaccc0e8b9489f61e7bbce7698e
R6_reacher_005a9d4fafe8239392288119,REFIT_103202,R4_ALT_CEM_1,H_POLICY,FRESH_PAIRED_CONTROL,1,False,,913fcb72d734311cf5760fcf452de1092c594d519c51fed2de7dbe0c51eeeeb6,
R6_reacher_005a9d4fafe8239392288119,REFIT_103202,R4_ALT_CEM_1,REAL3_NULLACT,COMPLETE,1,False,True,a6ec540035168527161998596a5131083ac73e09c82b4dbd94e01b3ed9e73e54,474ea3b77db684fd04fb6586fac480478500389bfa15774316950862036bd6ca
R6_reacher_005a9d4fafe8239392288119,REFIT_103202,R4_ALT_CEM_1,REPEAT3_REALACT,COMPLETE,1,False,True,55861175ecf85091d422dd5fa9a386b9ff8135b166aea7b75fe3b7af6b00df14,474ea3b77db684fd04fb6586fac480478500389bfa15774316950862036bd6ca
R6_reacher_005a9d4fafe8239392288119,REFIT_103202,R4_ALT_CEM_2,H_POLICY,FRESH_PAIRED_CONTROL,1,False,,6c671934132793712c972f8a0f51dde9c77edb3d6694fb335d8da3d431a56baa,
R6_reacher_005a9d4fafe8239392288119,REFIT_103202,R4_ALT_CEM_2,REAL3_NULLACT,COMPLETE,1,False,True,81fbdf313cc0b13493d5474809f6edb9e9d01f11e80f57e1fafaa018d1e0fa73,5e281ce25c8878414dd2c36695c3e75634d5a0ad96f3a12b5a95f1159ccd1f56
R6_reacher_005a9d4fafe8239392288119,REFIT_103202,R4_ALT_CEM_2,REPEAT3_REALACT,COMPLETE,1,False,True,11a36720ac29844de336fc6a2384688c50bf07e9976debcbb7b8ecc4274162b0,5e281ce25c8878414dd2c36695c3e75634d5a0ad96f3a12b5a95f1159ccd1f56
R6_reacher_005a9d4fafe8239392288119,REFIT_103203,R3_ORIGINAL,H_POLICY,FRESH_PAIRED_CONTROL,1,False,,a94cd07f9ac892bbc409e137c85688962be94c3fb5f94f4513a0670bf34e264f,
R6_reacher_005a9d4fafe8239392288119,REFIT_103203,R3_ORIGINAL,REAL3_NULLACT,COMPLETE,1,False,True,f34b3877fe06c41365ca096e2a3ffb292b36be33af4c14f950c7ebf7da7c3db6,ae94ae20daf49a9f33fd60819315f759628303bcc3ab8908d3322a51eb973858
R6_reacher_005a9d4fafe8239392288119,REFIT_103203,R3_ORIGINAL,REPEAT3_REALACT,COMPLETE,1,False,True,b3b898be0c6cb6ea4e4dca892540b9672368b62730140c35c9e960ec1ae498b5,ae94ae20daf49a9f33fd60819315f759628303bcc3ab8908d3322a51eb973858
R6_reacher_005a9d4fafe8239392288119,REFIT_103203,R4_ALT_CEM_1,H_POLICY,FRESH_PAIRED_CONTROL,0,True,,03d724e76d73c4c512620858d7cc3a5c3ab5f610111aa836e08cbcf83667804f,
R6_reacher_005a9d4fafe8239392288119,REFIT_103203,R4_ALT_CEM_1,REAL3_NULLACT,COMPLETE,0,True,True,bfc7d940ef23b1d3630515a010a127e9cf628ad51ff412e18f0b0a5d02c8d509,2f6a6df07268cc42371186cfd7b3eed5f453b5cd7adcc347443eea48ed05e01d
R6_reacher_005a9d4fafe8239392288119,REFIT_103203,R4_ALT_CEM_1,REPEAT3_REALACT,COMPLETE,1,True,True,4e849baeb60f1454a565805dd4750ab8d857e8f61ddc0d5046a729c49b7a7df4,928526f989f06a9b63364d3e1a27faafe5e411de3034707babc9fc754b3d6c6a
R6_reacher_005a9d4fafe8239392288119,REFIT_103203,R4_ALT_CEM_2,H_POLICY,FRESH_PAIRED_CONTROL,0,True,,89346d5b44fbeb8d92463afb6146c4fb21a75f31a33fee9a635050eb9e4f208c,
R6_reacher_005a9d4fafe8239392288119,REFIT_103203,R4_ALT_CEM_2,REAL3_NULLACT,COMPLETE,0,True,True,9846f4a51be687d8365f68dbb56f28ad4d3dc791d05e220ce67771ca8261c70b,8d22f66f3e8dc3366c6e53033a14371baa0a94df8ccfce0ea38e00b285e49b11
R6_reacher_005a9d4fafe8239392288119,REFIT_103203,R4_ALT_CEM_2,REPEAT3_REALACT,COMPLETE,1,True,True,e50905b120b236ee28490fc33fd085eef12395eef8076949465a5fc2a24d1f57,000eddda7c405e4ef7ef3d919f861ef75ce2739ec561f1dafb7a7e092246a0fd
R6_reacher_01140d82262ee0be1b888afa,H0,R3_ORIGINAL,H_POLICY,FRESH_PAIRED_CONTROL,1,True,,159b06099d636ad2f81890acc8f549d8b0def0f1b3e0895518803ad2e9a8184f,
R6_reacher_01140d82262ee0be1b888afa,H0,R3_ORIGINAL,REAL3_NULLACT,COMPLETE,1,True,True,1d3ae840f28b64e629b77337b81a7532405e2533c9d2b397cd25fcf0bc0b0182,231b9c22cc2a67547c6217d0e68ed4bd3a42909f6d2c6f711e645e4bd5ce9e34
R6_reacher_01140d82262ee0be1b888afa,H0,R3_ORIGINAL,REPEAT3_REALACT,COMPLETE,1,True,True,0c63a6dbaa5cd700c1858f17f6b566aaf3f94951ebc4286d9bc3cf55aca36aa7,c05df4f2059b70e2ff37bba587e9e8d0c0552d13a6b0553de448811cfc595057
R6_reacher_01140d82262ee0be1b888afa,H0,R4_ALT_CEM_1,H_POLICY,FRESH_PAIRED_CONTROL,0,True,,224a0f8a6da40e025bb1c3b7a50e10c0e36cbb5224a6f88da075ca543924be3f,
R6_reacher_01140d82262ee0be1b888afa,H0,R4_ALT_CEM_1,REAL3_NULLACT,COMPLETE,1,True,True,482a0a6aa38a3a5339a61b0fbf3dd1961886512fd9b6a56b238e7d77a2606ad0,d5b7d7dc0f67fdf2db400b2b7b9a1868e3c63a6e584c44e66e6e318c4c82bb11
R6_reacher_01140d82262ee0be1b888afa,H0,R4_ALT_CEM_1,REPEAT3_REALACT,COMPLETE,1,True,True,97fe623e0aae6d5a3d7c659bccbeec6b52bea0b881593247b9d16b7c1d917cba,9be11d40a42ad69dbbc1aea39d1898fb2c921bd3e40bd21c8bba053b943b077b
R6_reacher_01140d82262ee0be1b888afa,H0,R4_ALT_CEM_2,H_POLICY,FRESH_PAIRED_CONTROL,0,True,,d1497138297e3d13930f35afe12415705dc9340c942a6325f77518051ba00ee2,
R6_reacher_01140d82262ee0be1b888afa,H0,R4_ALT_CEM_2,REAL3_NULLACT,COMPLETE,0,True,True,2167c6e71c1bf8af6d751011d62363453df7db579965c62df3b6b98601b08119,7173316d5b1c76461d71f2b718691a60a4dce5d55181a69ee26ebde7cd66762d
R6_reacher_01140d82262ee0be1b888afa,H0,R4_ALT_CEM_2,REPEAT3_REALACT,COMPLETE,0,True,True,e686e0665f49c7087b5895f42962d4d8996227471878da5c40a91d5915a0decc,dec72e2e8b8761cce1367663195640e028ae51f7068d78a08e213faea6016eae
R6_reacher_01140d82262ee0be1b888afa,REFIT_103201,R3_ORIGINAL,H_POLICY,FRESH_PAIRED_CONTROL,0,True,,6fc556fbf8d512f0953655c01d5addae790dc75ff4c66846db5ee877f1385fdf,
R6_reacher_01140d82262ee0be1b888afa,REFIT_103201,R3_ORIGINAL,REAL3_NULLACT,COMPLETE,1,True,True,1ab6a5469bd21c487947cc9ca34db0ee49160aae50d30a3afcff0f0c69901229,d91e33b8ce89ae4b0d9e0207515a7d13d7a22046333e8fa81da52d426bdfab9a
R6_reacher_01140d82262ee0be1b888afa,REFIT_103201,R3_ORIGINAL,REPEAT3_REALACT,COMPLETE,1,True,True,d506905d1fa3fcdc7c5ab4599c34b54398d701c7f590dcae7ca8286039ba3f6f,c71bb0b2a7d78b6cf991c6b490708a655e9bb40774032940fac5aa3a46de3c23
R6_reacher_01140d82262ee0be1b888afa,REFIT_103201,R4_ALT_CEM_1,H_POLICY,FRESH_PAIRED_CONTROL,0,True,,0d5e020d6688d7778cc1f1298ac18cfb387cab42381ca0d0cbe6169f9048fb76,
R6_reacher_01140d82262ee0be1b888afa,REFIT_103201,R4_ALT_CEM_1,REAL3_NULLACT,COMPLETE,1,True,True,8f0facd99eec22062c0b8a21f926635b160456ac430c252f9b678cc41ef9b8ca,708cb93331a6ef9378752b2b6a623cd8d55497b590d1a4f8d438a9131459a6fc
R6_reacher_01140d82262ee0be1b888afa,REFIT_103201,R4_ALT_CEM_1,REPEAT3_REALACT,COMPLETE,1,True,True,72108a2aa451cf2fe1e464445c2dd3fb919729c80da4dbe09b11d913e5d502d6,4a236f8494a585eee59da07bbc64329149ebff32914654c0af2d964609a6cac9
R6_reacher_01140d82262ee0be1b888afa,REFIT_103201,R4_ALT_CEM_2,H_POLICY,FRESH_PAIRED_CONTROL,1,True,,4d4d50dcce344cc9c2e7f1fc2e5253ea0d5524927dc10d266fbc6cc41483ad18,
R6_reacher_01140d82262ee0be1b888afa,REFIT_103201,R4_ALT_CEM_2,REAL3_NULLACT,COMPLETE,1,True,True,18404b5d77623c7ede32139cf95958b2e81318bc68cc5040889f6098c3300644,241b9244ac1bf3f5b602dff2bbfdbea72dcb895921a918378d50ddccb5380d05
R6_reacher_01140d82262ee0be1b888afa,REFIT_103201,R4_ALT_CEM_2,REPEAT3_REALACT,COMPLETE,1,True,True,6dd1c3b3cbd3c27302ca57f38e26d833bb6cb65c205da56207cdadbfc158f1c4,3935c899976f0272f16d940cf96b19cafab710bb93338be0147769009536f86e
R6_reacher_01140d82262ee0be1b888afa,REFIT_103202,R3_ORIGINAL,H_POLICY,FRESH_PAIRED_CONTROL,1,True,,8429418b810fdadc41ae392094cb591b8818b45ae396399625697cfa52a2b353,
R6_reacher_01140d82262ee0be1b888afa,REFIT_103202,R3_ORIGINAL,REAL3_NULLACT,COMPLETE,1,True,True,1cd8fcf18347cfc0b3fa761ae550055b1f5b097b8089052a95d3d67ebad68c5a,926c77a326f66bb7b9bc2aeb7bd797785f0ac0412434bd5bafd853658690c481
R6_reacher_01140d82262ee0be1b888afa,REFIT_103202,R3_ORIGINAL,REPEAT3_REALACT,COMPLETE,1,True,True,033976c27e04e382a4c76175ef9b20ac3314755fadff8fb0a6f9cd1f11cdacc1,fd3f0c8fd7f91223212b086cdb6b29541cbcbf6efed4d8b04c51a841039620a5
R6_reacher_01140d82262ee0be1b888afa,REFIT_103202,R4_ALT_CEM_1,H_POLICY,FRESH_PAIRED_CONTROL,1,True,,4bd8734a1277082a3092b1c9d90d0d7d57d39f4b12ded75f06a5f707b274ec58,
R6_reacher_01140d82262ee0be1b888afa,REFIT_103202,R4_ALT_CEM_1,REAL3_NULLACT,COMPLETE,1,True,True,1c09115f86223a2d0c068e734f8aa81bc36d9d25559c6bdc28d270c0299db972,4713bddbe86f9e4c4fbf7d399721049c19f21df1a9e7fa47fa4c417854fb61b2
R6_reacher_01140d82262ee0be1b888afa,REFIT_103202,R4_ALT_CEM_1,REPEAT3_REALACT,COMPLETE,1,True,True,a45e5b6ebf72e1c1908d3ac80438c2fe1a49631497a2ead3439be5771bbd4375,60d208fb78243779e782026a9eb7f52e78caf4b6618c8fdc3783ddd5d8f08a3e
R6_reacher_01140d82262ee0be1b888afa,REFIT_103202,R4_ALT_CEM_2,H_POLICY,FRESH_PAIRED_CONTROL,0,True,,3c10aec956cf7d7242065c0f844ef9aaf84e302a8ab8e0a76df7930c3efd7727,
R6_reacher_01140d82262ee0be1b888afa,REFIT_103202,R4_ALT_CEM_2,REAL3_NULLACT,COMPLETE,1,True,True,5cccd598845c200d0844cf33b9d76c985e7f23670c2640b14427fa9649fcc088,a38960ac67423fd43c9137658b8ca0a2f5d03b6f6499aa2d6394d5dd5af6105c
R6_reacher_01140d82262ee0be1b888afa,REFIT_103202,R4_ALT_CEM_2,REPEAT3_REALACT,COMPLETE,1,True,True,ac6180107b54526d80cce95db85de1b7f62d8faa8ac107dac2c4bdfbef365a63,d0d590fbe945058c75e09f74e1ea6966ea8912d2c62783d5391ec4c26253856e
R6_reacher_01140d82262ee0be1b888afa,REFIT_103203,R3_ORIGINAL,H_POLICY,FRESH_PAIRED_CONTROL,1,True,,63baa8d64885119bf721bb09aa3e6eb1f9162881c9e10a6e398b4e57aef15588,
R6_reacher_01140d82262ee0be1b888afa,REFIT_103203,R3_ORIGINAL,REAL3_NULLACT,COMPLETE,1,True,True,da78edc8cb72c5a93ad69755efc0677cd5645a0143f857c4f87f3cf6d8654f6a,a397a49d5cbe21795e9439c01133fe4ba0b3edf3585b1f5007f001d9f8c0cb82
R6_reacher_01140d82262ee0be1b888afa,REFIT_103203,R3_ORIGINAL,REPEAT3_REALACT,COMPLETE,1,True,True,aa1c2280b25e91eb217fefb0d1199ab4f007edd5564772788808a18cf3e4cf5a,814ce8ed07fd6608310f8b8d0bdb4889ba9a691254f599370cc64827bfacbd3b
R6_reacher_01140d82262ee0be1b888afa,REFIT_103203,R4_ALT_CEM_1,H_POLICY,FRESH_PAIRED_CONTROL,1,True,,47be8faa991c559e3867ebfb78821ad2f4f6da9381965774ca134d3c6e80a92a,
R6_reacher_01140d82262ee0be1b888afa,REFIT_103203,R4_ALT_CEM_1,REAL3_NULLACT,COMPLETE,1,True,True,edb7da7de39f2966e81b7f7eab378406c2a075934775d99f8e5a306532c12ab3,376357b5cd405c805e6c6a431c4b7f04a6b2854e6635d3d7bde2fe6d2cbfa257
R6_reacher_01140d82262ee0be1b888afa,REFIT_103203,R4_ALT_CEM_1,REPEAT3_REALACT,COMPLETE,1,True,True,6edd0fd4423f70df3da85bf170cc14bacc86b0e0219c7fd0ecd49c9da1b4f4bb,c8a4ea33db166c1138ccc180f3e946f78f2d866ac72755f498e1b96146eb75d7
R6_reacher_01140d82262ee0be1b888afa,REFIT_103203,R4_ALT_CEM_2,H_POLICY,FRESH_PAIRED_CONTROL,0,True,,fcbc52fca80d109362d7b6da06fb5a91bf4e28119bfa44f1a15e63873b265902,
R6_reacher_01140d82262ee0be1b888afa,REFIT_103203,R4_ALT_CEM_2,REAL3_NULLACT,COMPLETE,0,True,True,5860dfd262ae4fb3f2d0afdb621cfc194f306f37a4de5d6688aa7a37f4e8f223,483fc0502ba9021944774b7a47dce477b73e4c3c3e2c1a67375790fb9bbbbaec
R6_reacher_01140d82262ee0be1b888afa,REFIT_103203,R4_ALT_CEM_2,REPEAT3_REALACT,COMPLETE,1,True,True,a25dc258f7fc653a53aa46e462df929722014629d5b187d9a7e253c9db6107f0,b81c4527a8f80cbeb07f662327bd7fe1ca54a09fdbe60e507cc50379fd4839d6
R6_reacher_011ea9fb18f79bb320718d2e,H0,R3_ORIGINAL,H_POLICY,FRESH_PAIRED_CONTROL,1,False,,723ee27b63bf08d4540522985f88967438b1b986a6c34518293f7f87f38d0195,
R6_reacher_011ea9fb18f79bb320718d2e,H0,R3_ORIGINAL,REAL3_NULLACT,COMPLETE,1,False,True,c0c773756199a671de246f1b7f9f8ccf0f7564d74b95377c2b3e19da959128df,7c0207dc0a982a5a42877fa2bad9191da77e426c389ad09b6a73a649654207e6
R6_reacher_011ea9fb18f79bb320718d2e,H0,R3_ORIGINAL,REPEAT3_REALACT,COMPLETE,1,False,True,6694255b8a5cff2cf7913bbf0a2f1a2e947932132d3898d5272da3d95abf6a04,7c0207dc0a982a5a42877fa2bad9191da77e426c389ad09b6a73a649654207e6
R6_reacher_011ea9fb18f79bb320718d2e,H0,R4_ALT_CEM_1,H_POLICY,FRESH_PAIRED_CONTROL,1,True,,0b48b86db92d5b48cdbb2604d07b250a5c69ed429ecb2cd0f5969ac6a7bddf17,
R6_reacher_011ea9fb18f79bb320718d2e,H0,R4_ALT_CEM_1,REAL3_NULLACT,COMPLETE,1,True,True,ccb8751d7ab047583d18da05acb48cdc69bb0b0a94fc9ae3d74a4ec8478ca659,2ce879659d927ee5bd38d69cc1f0e9836519424f5d8740dd750c76f4a715b505
R6_reacher_011ea9fb18f79bb320718d2e,H0,R4_ALT_CEM_1,REPEAT3_REALACT,COMPLETE,1,True,True,4819bfc151488d0f6bc4729dacda03fe87991c63853337843c080b70566fb723,95ba6ff7d205345d496ef06a439f88066c2e011dc74705eef7e12455ac927a71
R6_reacher_011ea9fb18f79bb320718d2e,H0,R4_ALT_CEM_2,H_POLICY,FRESH_PAIRED_CONTROL,1,False,,e471e6275917a69c28befe076564c438cfb9f417accb18ed2a78a36852124e92,
R6_reacher_011ea9fb18f79bb320718d2e,H0,R4_ALT_CEM_2,REAL3_NULLACT,COMPLETE,1,False,True,1cfab54a468a709be01e46ef558569da0e5d69fb07e9ecdbc971ab3a8ba4d726,b6d88652d36fa03ef8ba3c21cda76b687ede352325dbf1fe6170ab729bf30aba
R6_reacher_011ea9fb18f79bb320718d2e,H0,R4_ALT_CEM_2,REPEAT3_REALACT,COMPLETE,1,False,True,d47e8a4e4ced9514e7cf541b09ba9c1bb36a7c1d8a08ff454da1d1e995592611,b6d88652d36fa03ef8ba3c21cda76b687ede352325dbf1fe6170ab729bf30aba
R6_reacher_011ea9fb18f79bb320718d2e,REFIT_103201,R3_ORIGINAL,H_POLICY,FRESH_PAIRED_CONTROL,1,False,,ee93ebab65d5d913ccc7117a652f383c7e69bd0ffaa6f3874312c3231ccb33c2,
R6_reacher_011ea9fb18f79bb320718d2e,REFIT_103201,R3_ORIGINAL,REAL3_NULLACT,COMPLETE,1,False,True,e9bfa59b2cad1e1419b1c6a84c6c23d4b7ef5826483367a59f5ab9562370e46c,51771f6be466ec15c34d10000f89710709b64b4e6740c94345dbbf243f3a7fcf
R6_reacher_011ea9fb18f79bb320718d2e,REFIT_103201,R3_ORIGINAL,REPEAT3_REALACT,COMPLETE,1,False,True,c691b192040ac2c86eb8af7a07296bbf83b5ed47a40f80623da4aa593abd9543,51771f6be466ec15c34d10000f89710709b64b4e6740c94345dbbf243f3a7fcf
R6_reacher_011ea9fb18f79bb320718d2e,REFIT_103201,R4_ALT_CEM_1,H_POLICY,FRESH_PAIRED_CONTROL,0,True,,68b04fe9bc5755136893b004fb9f30ec03e119fa07a8542f0439cf32403ac0e5,
R6_reacher_011ea9fb18f79bb320718d2e,REFIT_103201,R4_ALT_CEM_1,REAL3_NULLACT,COMPLETE,0,True,True,89e41ddc729fa6658a39a615bbb72c4b45552e4dfbfbf07185a7c46ec8deb52f,42a461f4169eb9bf8ff0fcf4110bc02cf44a5230c45e9224fce43db38fbdc7aa
R6_reacher_011ea9fb18f79bb320718d2e,REFIT_103201,R4_ALT_CEM_1,REPEAT3_REALACT,COMPLETE,1,True,True,d48a0ebf9c774f454d9f0c444654f89dcc6459104ec226a6561c007e6b0375f8,c9bb5cab4913239fc503a595a592f5504f0f5daa22b2fc94f73c08cf527fc1da
R6_reacher_011ea9fb18f79bb320718d2e,REFIT_103201,R4_ALT_CEM_2,H_POLICY,FRESH_PAIRED_CONTROL,1,False,,1374042c1832b0b9cd7c511dd441bf6e368d39fd70a91cebb5e1714d3173a606,
R6_reacher_011ea9fb18f79bb320718d2e,REFIT_103201,R4_ALT_CEM_2,REAL3_NULLACT,COMPLETE,1,False,True,07e1243e95a5c2770384e4ca7d90d12348374e82444c2a3482b4e05d3da0a4fd,a43ced0054b61cc06642720c953283ec9a8fbacd1b9a412f2705fcd85e464f90
R6_reacher_011ea9fb18f79bb320718d2e,REFIT_103201,R4_ALT_CEM_2,REPEAT3_REALACT,COMPLETE,1,False,True,33cc332b6803f51e846885419b99f65b8faf3db75b56b9384fa8227cf734c0c7,a43ced0054b61cc06642720c953283ec9a8fbacd1b9a412f2705fcd85e464f90
R6_reacher_011ea9fb18f79bb320718d2e,REFIT_103202,R3_ORIGINAL,H_POLICY,FRESH_PAIRED_CONTROL,1,True,,b4257d15c66d772b295f3b12032a4418bde58ec40a1af578e13f4b7a06220487,
R6_reacher_011ea9fb18f79bb320718d2e,REFIT_103202,R3_ORIGINAL,REAL3_NULLACT,COMPLETE,0,True,True,cb0e56c1d7a72feb7d14cf62456fc18b6d57f4314e7f11a065e3e41ec0c7d657,8b45c4c5abf8d697c9c5be89aed52cebec4fd6f5b40ccf80908b77e90edb78ec
R6_reacher_011ea9fb18f79bb320718d2e,REFIT_103202,R3_ORIGINAL,REPEAT3_REALACT,COMPLETE,1,True,True,ca97cb8cf759efd2f0f0e5a419945ff76547bd3433fd86eb5575b3eec1c683b0,164ebeb169c456286e8a2b07cbe24de2672b5427bfbf9945b8b77372012ce6d6
R6_reacher_011ea9fb18f79bb320718d2e,REFIT_103202,R4_ALT_CEM_1,H_POLICY,FRESH_PAIRED_CONTROL,1,False,,267ff7aa0cd0d174a9db6cf375616a7919ad9aa66dca7dc39edf0979756490a4,
R6_reacher_011ea9fb18f79bb320718d2e,REFIT_103202,R4_ALT_CEM_1,REAL3_NULLACT,COMPLETE,1,False,True,cdf3a5d8cd6ecba33f9db74f61b52d37470a53e1df7c2a69872f0c357a0072a7,6c5e838b1dded3b978e13738a5d6542bcaacbe67831e2b29efa06df789f44685
R6_reacher_011ea9fb18f79bb320718d2e,REFIT_103202,R4_ALT_CEM_1,REPEAT3_REALACT,COMPLETE,1,False,True,a2eb46cf9b2b24024d8992c406270bde4405eb016f4bd36e8da2dea273d9078d,6c5e838b1dded3b978e13738a5d6542bcaacbe67831e2b29efa06df789f44685
R6_reacher_011ea9fb18f79bb320718d2e,REFIT_103202,R4_ALT_CEM_2,H_POLICY,FRESH_PAIRED_CONTROL,1,False,,31a27f5fb462808b17c84a3d027c6297b46de6555e6d860e6d6bbc35556aeebc,
R6_reacher_011ea9fb18f79bb320718d2e,REFIT_103202,R4_ALT_CEM_2,REAL3_NULLACT,COMPLETE,1,False,True,5fcee42bfadb4da42b0d1c6b9f7c11dc06a5bebb3b83bda368b233a02465c3f7,e0eeeaa59b072c2839f6cf4e5b6fc700f159e7e598faa4609ecfdd690b8987f0
R6_reacher_011ea9fb18f79bb320718d2e,REFIT_103202,R4_ALT_CEM_2,REPEAT3_REALACT,COMPLETE,1,False,True,14960a90fc83a7bf421d1c0429bb67ab7fdafb2c3328fb6b3aa05f801f823af5,e0eeeaa59b072c2839f6cf4e5b6fc700f159e7e598faa4609ecfdd690b8987f0
R6_reacher_011ea9fb18f79bb320718d2e,REFIT_103203,R3_ORIGINAL,H_POLICY,FRESH_PAIRED_CONTROL,1,False,,629be16c3826711c4c677f2e7a8dcf0c21c56709a8fac6d9cbda5509c742a962,
R6_reacher_011ea9fb18f79bb320718d2e,REFIT_103203,R3_ORIGINAL,REAL3_NULLACT,COMPLETE,1,False,True,fc27a50d5456d625272f95efea5b064e3e4328cd1732e602b12a58b10c039ee9,b16d0a011184bd5e9a929fac5c6f9ed9bb495c89579558ae45b46ec1a4918039
R6_reacher_011ea9fb18f79bb320718d2e,REFIT_103203,R3_ORIGINAL,REPEAT3_REALACT,COMPLETE,1,False,True,d1b527e072f1794867a0a736553faa06574265d19bb9ede909d4849d425dfcfd,b16d0a011184bd5e9a929fac5c6f9ed9bb495c89579558ae45b46ec1a4918039
R6_reacher_011ea9fb18f79bb320718d2e,REFIT_103203,R4_ALT_CEM_1,H_POLICY,FRESH_PAIRED_CONTROL,1,False,,450e2111bc357739bdab16b87f01d194a3f8958958cc6f4b61237fd054e4c7ce,
R6_reacher_011ea9fb18f79bb320718d2e,REFIT_103203,R4_ALT_CEM_1,REAL3_NULLACT,COMPLETE,1,False,True,d95a2126a55178dc3406463a71e4abb6e4ed3f2e597e8c39e991471a7df84299,bbec6d1c3df4204f25aa70c65bb029747a2fb2f6c6f1843f5823843e21246286
R6_reacher_011ea9fb18f79bb320718d2e,REFIT_103203,R4_ALT_CEM_1,REPEAT3_REALACT,COMPLETE,1,False,True,21b1ad9524b9ad66135e2b17ccc04c5072e6820fef9aa1831565d49c86f23a82,bbec6d1c3df4204f25aa70c65bb029747a2fb2f6c6f1843f5823843e21246286
R6_reacher_011ea9fb18f79bb320718d2e,REFIT_103203,R4_ALT_CEM_2,H_POLICY,FRESH_PAIRED_CONTROL,1,False,,47e37d20daf0d87985be209d313104678c8256b6822d934a7ef88b82ae07c4d2,
R6_reacher_011ea9fb18f79bb320718d2e,REFIT_103203,R4_ALT_CEM_2,REAL3_NULLACT,COMPLETE,1,False,True,cb6bfc6886b541c19b0a96c68d383ab13f6c7b1225738979da9b3178dcbb363e,33b51a6c0a1edfce83d2f9b392699f0aa857218c3815e48cff82ea17b4832241
R6_reacher_011ea9fb18f79bb320718d2e,REFIT_103203,R4_ALT_CEM_2,REPEAT3_REALACT,COMPLETE,1,False,True,914df8e01b95e7aa4ffb95e180a40df6fff4d44cf303764f9213cadd4ec422d0,33b51a6c0a1edfce83d2f9b392699f0aa857218c3815e48cff82ea17b4832241
R6_reacher_012dddba11ae750296fdc988,H0,R3_ORIGINAL,H_POLICY,FRESH_PAIRED_CONTROL,1,False,,1afdde2f25c94c15c04736830b9ab73ec74927169d7b67eeec9cbc6bf063d294,
R6_reacher_012dddba11ae750296fdc988,H0,R3_ORIGINAL,REAL3_NULLACT,COMPLETE,1,False,True,eb7f40a9d9fbc8d83c2dba8f6a82aa7327973a70c6f2d202b0e4813dfe296eec,5c644a6e9db9379aeabe607eea7369d28f26458edb24e247495a40794b3b461b
R6_reacher_012dddba11ae750296fdc988,H0,R3_ORIGINAL,REPEAT3_REALACT,COMPLETE,1,False,True,fca20cc43d0448fc299eafdfc79207c1609ef8ae99395687cf87f0e2d2d27072,5c644a6e9db9379aeabe607eea7369d28f26458edb24e247495a40794b3b461b
R6_reacher_012dddba11ae750296fdc988,H0,R4_ALT_CEM_1,H_POLICY,FRESH_PAIRED_CONTROL,1,True,,bcc1c1cdc51337266fc00b28f8f932816b774f710da68d40b193a8c16aa1aef1,
R6_reacher_012dddba11ae750296fdc988,H0,R4_ALT_CEM_1,REAL3_NULLACT,COMPLETE,1,True,True,74eeba4b946cf9f8f08562a8b5ff77213c7cf2b829fcdaf6019f4bdafb3805b5,fdeaefb455a2beeb09172a5ba1486bcc8c14e3296ab3f569caafb451eaf671b9
R6_reacher_012dddba11ae750296fdc988,H0,R4_ALT_CEM_1,REPEAT3_REALACT,COMPLETE,1,True,True,78d10ccc1c2be39e9677c60e78868dbff936b1b071080b709cdf0775b25c7d52,9110838ca9969d9ccaa09dc091ce864b7ebf6dd8b627d7172ea5886871556366
R6_reacher_012dddba11ae750296fdc988,H0,R4_ALT_CEM_2,H_POLICY,FRESH_PAIRED_CONTROL,1,False,,8ee82ad55087ba4bc367f71608968455ecd909260687690eb067a61041c797ca,
R6_reacher_012dddba11ae750296fdc988,H0,R4_ALT_CEM_2,REAL3_NULLACT,COMPLETE,1,False,True,f3ba65e5794ab5ba1a8bc3b613f76b2eed09ce21c8bee9ac5b6a7b8a3a8de00c,32d0601292b3221644a64da69d953ad4ff162caf43262211142374ab9356d4e4
R6_reacher_012dddba11ae750296fdc988,H0,R4_ALT_CEM_2,REPEAT3_REALACT,COMPLETE,1,False,True,d53e2802f302fb345369c3ef242df1b1076d0fc47e5669204d958b4719e918b7,32d0601292b3221644a64da69d953ad4ff162caf43262211142374ab9356d4e4
R6_reacher_012dddba11ae750296fdc988,REFIT_103201,R3_ORIGINAL,H_POLICY,FRESH_PAIRED_CONTROL,1,False,,677e856f04f4fcbf22cb504298aefd78e9e828cec5d3442f7a43edcae0236d7e,
R6_reacher_012dddba11ae750296fdc988,REFIT_103201,R3_ORIGINAL,REAL3_NULLACT,COMPLETE,1,False,True,195f68f532e9617afc8125ace5306b2223b0ee470440ba36ce34cd35d77fcea2,b427d8f5d8e9e88e716b6001db55938acc609122063303634ccddc440965f67c
R6_reacher_012dddba11ae750296fdc988,REFIT_103201,R3_ORIGINAL,REPEAT3_REALACT,COMPLETE,1,False,True,555ffe3527e4b7147149b5cc813a96eab8cc21d0da2ef0edfd53d0e4bc3ab25f,b427d8f5d8e9e88e716b6001db55938acc609122063303634ccddc440965f67c
R6_reacher_012dddba11ae750296fdc988,REFIT_103201,R4_ALT_CEM_1,H_POLICY,FRESH_PAIRED_CONTROL,1,False,,0f1b48280fe67e5ab2442bf865ae0d7b0d78a3862b59005d929da0ae018fcd34,
R6_reacher_012dddba11ae750296fdc988,REFIT_103201,R4_ALT_CEM_1,REAL3_NULLACT,COMPLETE,1,False,True,cbdc3c8f422540303cd59a8789f1df0e3be8e9954b9dbb43961d265b1fb1e185,1e75901296d05ba705b634dddb4e79fdbbcb3f9eb8fb9d2081531154a516e1e4
R6_reacher_012dddba11ae750296fdc988,REFIT_103201,R4_ALT_CEM_1,REPEAT3_REALACT,COMPLETE,1,False,True,16238996d012642d68cf3a3b83d8ea85d1395b052a919b0b473c3d1affbdcb57,1e75901296d05ba705b634dddb4e79fdbbcb3f9eb8fb9d2081531154a516e1e4
R6_reacher_012dddba11ae750296fdc988,REFIT_103201,R4_ALT_CEM_2,H_POLICY,FRESH_PAIRED_CONTROL,1,False,,c5a6dd3bd944cb0f2c7b999f854a43920f78225efa420dd1198cdc5c78123c1a,
R6_reacher_012dddba11ae750296fdc988,REFIT_103201,R4_ALT_CEM_2,REAL3_NULLACT,COMPLETE,1,False,True,a2184ea3945ad09b46172189378cd7a76041c4ed65f9667eeb2be16de89a3f16,434e672ec67b760571fdd8ceea42ed888bc15a39723cb8ba4fa20bc27c13a0ca
R6_reacher_012dddba11ae750296fdc988,REFIT_103201,R4_ALT_CEM_2,REPEAT3_REALACT,COMPLETE,1,False,True,fc312ac28339946358b4be4618380622fcd0403825862278f88fdac7a4289fb7,434e672ec67b760571fdd8ceea42ed888bc15a39723cb8ba4fa20bc27c13a0ca
R6_reacher_012dddba11ae750296fdc988,REFIT_103202,R3_ORIGINAL,H_POLICY,FRESH_PAIRED_CONTROL,1,True,,b011f2c9f1a15bd2d20e2ee354d35063247bdb88cbcfcd2ede6c8a1b5a826f15,
R6_reacher_012dddba11ae750296fdc988,REFIT_103202,R3_ORIGINAL,REAL3_NULLACT,COMPLETE,1,True,True,a676931b96ae40991de521d7b0241d809d09392b23156b7f650728ca91e1b7da,d7cd392001300fc14744a09884b7facd38afa198d9312626fab3c197ec92f025
R6_reacher_012dddba11ae750296fdc988,REFIT_103202,R3_ORIGINAL,REPEAT3_REALACT,COMPLETE,1,True,True,eeae3a35a60a31ce13f73380391edd397f550f7a213030ac003406d58b7c1537,cc9a772d0014d29f5f6c71ddaf1571a4a38e3e570f55ac508a60efb9bc51ff6b
R6_reacher_012dddba11ae750296fdc988,REFIT_103202,R4_ALT_CEM_1,H_POLICY,FRESH_PAIRED_CONTROL,1,False,,c989c075578beca851a861bf61ec1e99f70308fd4a57ea2bc88bb6bb45eb3a64,
R6_reacher_012dddba11ae750296fdc988,REFIT_103202,R4_ALT_CEM_1,REAL3_NULLACT,COMPLETE,1,False,True,ceae57af7f591fd93eb5dfe8b276471a188200cac694853400655cf5ecd69661,3b52321c1e8377bd8c3817dce989d5db55d5d7872b31f2f0536d784d39620b87
R6_reacher_012dddba11ae750296fdc988,REFIT_103202,R4_ALT_CEM_1,REPEAT3_REALACT,COMPLETE,1,False,True,14990bb2ec3a13663afcbdc2ac7111781b52f0f717561382f74116804209e600,3b52321c1e8377bd8c3817dce989d5db55d5d7872b31f2f0536d784d39620b87
R6_reacher_012dddba11ae750296fdc988,REFIT_103202,R4_ALT_CEM_2,H_POLICY,FRESH_PAIRED_CONTROL,1,False,,3f480901bc6b1bf7c4668b554dce08fcc5ec2bdee8e9d71b1bc0611be7525641,
R6_reacher_012dddba11ae750296fdc988,REFIT_103202,R4_ALT_CEM_2,REAL3_NULLACT,COMPLETE,1,False,True,f628c6cd908976558503f909f2fa2e8b87e3dee733d4b166e672a7b2e4882b2a,fcb9d87b78e8f8e7a290ab8cfb4e70cc978fa13845457c43c608e2b3701d243a
R6_reacher_012dddba11ae750296fdc988,REFIT_103202,R4_ALT_CEM_2,REPEAT3_REALACT,COMPLETE,1,False,True,67e1dbc9acd78ee4d7a43b63970a65ee1aa0792aadf9d87b08ea6656159edb51,fcb9d87b78e8f8e7a290ab8cfb4e70cc978fa13845457c43c608e2b3701d243a
R6_reacher_012dddba11ae750296fdc988,REFIT_103203,R3_ORIGINAL,H_POLICY,FRESH_PAIRED_CONTROL,1,False,,af7b316d493f7fd10a1b0cd4819b37905f62b2c812cc4abe2a6c0f355c6b9bcb,
R6_reacher_012dddba11ae750296fdc988,REFIT_103203,R3_ORIGINAL,REAL3_NULLACT,COMPLETE,1,False,True,fba2993b64b5809913f1a14522f5122301a24c2516494529c6d3be9ebe64ace5,43b3076b3538b69a56e9ba8b203adbfe1585cbc4b834904ae9e92d740026901d
R6_reacher_012dddba11ae750296fdc988,REFIT_103203,R3_ORIGINAL,REPEAT3_REALACT,COMPLETE,1,False,True,f7f5d7aa12f3d04f3891f3e563d179cb85535f4e71623d4d556ccfea18a796b9,43b3076b3538b69a56e9ba8b203adbfe1585cbc4b834904ae9e92d740026901d
R6_reacher_012dddba11ae750296fdc988,REFIT_103203,R4_ALT_CEM_1,H_POLICY,FRESH_PAIRED_CONTROL,0,True,,a0ee74c8dd7e926ba350413a4a1cf5bb4bd0bdcdf033849b8ad9a8371d585318,
R6_reacher_012dddba11ae750296fdc988,REFIT_103203,R4_ALT_CEM_1,REAL3_NULLACT,COMPLETE,1,True,True,476472d119fe0822ccd6b067052f68574a054cd4b0297e6e470b5b5f8a41e990,1adf7bbfaa619f2f85857e594047df0ca7ba765e90fb1c79589d5b7015dd0286
R6_reacher_012dddba11ae750296fdc988,REFIT_103203,R4_ALT_CEM_1,REPEAT3_REALACT,COMPLETE,1,True,True,19b6cd762f743bf2894de159ff8df8e14e3a757f1c28a4392acc7ad85d196877,7f048c26b7d9d481f60ce049e8c7b2b888d00f1a24f3640a5a31d56c85c1c221
R6_reacher_012dddba11ae750296fdc988,REFIT_103203,R4_ALT_CEM_2,H_POLICY,FRESH_PAIRED_CONTROL,1,False,,538a7b489cd1038db8337b5732ab72493000fe95421d8f1f48e026018508f556,
R6_reacher_012dddba11ae750296fdc988,REFIT_103203,R4_ALT_CEM_2,REAL3_NULLACT,COMPLETE,1,False,True,0a20565add0efdd7cf30adde87305624e483efe16cf098ee9ddae24da9b90dbe,638382d793ca3163f45319dce691df7fd92d05dd8cfc4bbe2ecbc4b0aacb274a
R6_reacher_012dddba11ae750296fdc988,REFIT_103203,R4_ALT_CEM_2,REPEAT3_REALACT,COMPLETE,1,False,True,6c79762a8bfdc468df3bd1ab7d877974ba22323b13a21b78713c1cfa08a73dc2,638382d793ca3163f45319dce691df7fd92d05dd8cfc4bbe2ecbc4b0aacb274a
R6_reacher_01376a746a41e9e26d1e8b2e,H0,R3_ORIGINAL,H_POLICY,FRESH_PAIRED_CONTROL,1,True,,dff480a8985a0a4cfb933f3927b20be1afc1f31767913edfab37978913a469ae,
R6_reacher_01376a746a41e9e26d1e8b2e,H0,R3_ORIGINAL,REAL3_NULLACT,COMPLETE,1,True,True,74fc340ee44ea27ac7a4ed98d2af8d096162c302d8ae93d0dd06cc1536610f9d,979744057c07addd2bce9f3a24f483be3a38ff7533a49ec35960a5e2ff8f27b9
R6_reacher_01376a746a41e9e26d1e8b2e,H0,R3_ORIGINAL,REPEAT3_REALACT,COMPLETE,1,True,True,0ab418d94d36f85bc575fe4e19190a5c998ed132e5979aa76ce7b19bec9ecd17,a0d7ac5091ab7fa383476f86383cb289f53bd8e2bc59100f235fdacad4384bce
R6_reacher_01376a746a41e9e26d1e8b2e,H0,R4_ALT_CEM_1,H_POLICY,FRESH_PAIRED_CONTROL,0,True,,39b96ecf116ddbeba66396580c9d6df045ffeadd5b9c1537d26f5bccd3cb67aa,
R6_reacher_01376a746a41e9e26d1e8b2e,H0,R4_ALT_CEM_1,REAL3_NULLACT,COMPLETE,1,True,True,7356371ae97e15c4f3685522fe99e7e2f6336c947dc45f0e9aaf4916e737f8c2,c31c50ee6de1b1fe620a6643aea08898032f4a609eaa35e2c321940d5ac2cbb2
R6_reacher_01376a746a41e9e26d1e8b2e,H0,R4_ALT_CEM_1,REPEAT3_REALACT,COMPLETE,1,True,True,97de17dcf1730b87d643fb35c7b8aab176735d00c827ca05611b3f61d5038b3d,5725da6db04ac516d93fb6664f9472150070ea3aae13c6b751653f6661721c67
R6_reacher_01376a746a41e9e26d1e8b2e,H0,R4_ALT_CEM_2,H_POLICY,FRESH_PAIRED_CONTROL,0,True,,a17abf68e7634878f943f5b7990e556b946a7a7b074ac9f3849f22646577b931,
R6_reacher_01376a746a41e9e26d1e8b2e,H0,R4_ALT_CEM_2,REAL3_NULLACT,COMPLETE,0,True,True,5fa45becd7cafbd0ebe8753cb57eda99f09ad917e5176d6b5f8fae0294948a86,c1ea71836fc1bb2f9cc409eccbb3d26254efb1a06d9ff26773552e160c3b7c54
R6_reacher_01376a746a41e9e26d1e8b2e,H0,R4_ALT_CEM_2,REPEAT3_REALACT,COMPLETE,1,True,True,123f6f95df5cc48bd8a170854966878d20aa6994780dfad418cf3f4498eff0a4,00e444ea659053e356f03077af8c484c017ecacd168328f6132be343706fcc4c
R6_reacher_01376a746a41e9e26d1e8b2e,REFIT_103201,R3_ORIGINAL,H_POLICY,FRESH_PAIRED_CONTROL,1,False,,129e7d8cd4e4d87a8cdc8c340210d837165f8fd18ccf4f59dd9c74b01706667b,
R6_reacher_01376a746a41e9e26d1e8b2e,REFIT_103201,R3_ORIGINAL,REAL3_NULLACT,COMPLETE,1,False,True,ffd32cb6e4386133b34fa4f04e48c9b726a097477a28445c1c347e1cd4f90792,890b32c642c4371fec9ccf9047da4f2e6af5d5dde27b2a3152e94a7b42138938
R6_reacher_01376a746a41e9e26d1e8b2e,REFIT_103201,R3_ORIGINAL,REPEAT3_REALACT,COMPLETE,1,False,True,9597adce1f6d178736a0c2673ac3e512d75c93563ad6b7aac447ad3d0ec226c0,890b32c642c4371fec9ccf9047da4f2e6af5d5dde27b2a3152e94a7b42138938
R6_reacher_01376a746a41e9e26d1e8b2e,REFIT_103201,R4_ALT_CEM_1,H_POLICY,FRESH_PAIRED_CONTROL,1,False,,4a27d31cbea1de7ac206b538d694ba0ffa029156caa79df7c5894c41ef7a5c93,
R6_reacher_01376a746a41e9e26d1e8b2e,REFIT_103201,R4_ALT_CEM_1,REAL3_NULLACT,COMPLETE,1,False,True,d6bf5abf0b45aa7c7abd6b51dcabf00bb8ca801b8d3814e8d6c06df0537d8f04,120abc280094f4715fde865f36d9df6f96a844b7b46267fb411e492e6e9e41b6
R6_reacher_01376a746a41e9e26d1e8b2e,REFIT_103201,R4_ALT_CEM_1,REPEAT3_REALACT,COMPLETE,1,False,True,d80abd77451aa7bdca1a7357dc1a12ad5386a6d110ddd270652f6a2e962100d9,120abc280094f4715fde865f36d9df6f96a844b7b46267fb411e492e6e9e41b6
R6_reacher_01376a746a41e9e26d1e8b2e,REFIT_103201,R4_ALT_CEM_2,H_POLICY,FRESH_PAIRED_CONTROL,1,True,,defd5e2f7e0413b651bc70f65a55f3137e3e5ed2e9f98868d5f095a4f47bc09e,
R6_reacher_01376a746a41e9e26d1e8b2e,REFIT_103201,R4_ALT_CEM_2,REAL3_NULLACT,COMPLETE,1,True,True,4c8b89cbef7cfb462d7aca6797dd1761bed5257f124d80ae6b7a755515bdcb01,10cb36fb2746135923982de5f0387be0f0235f8fc27ec011884ed8df1fb2d639
R6_reacher_01376a746a41e9e26d1e8b2e,REFIT_103201,R4_ALT_CEM_2,REPEAT3_REALACT,COMPLETE,1,True,True,ba3c1a5dc91e6210a3a622f33b8f7ba036add2115c6f52fab09fc4424b5b7edb,45b0cc3b8d6b2e59d52af9ece159cb6a92c6fd5de8f5b57d739d9922e15ac0d2
R6_reacher_01376a746a41e9e26d1e8b2e,REFIT_103202,R3_ORIGINAL,H_POLICY,FRESH_PAIRED_CONTROL,1,False,,64dc4f95fc1e45a6323d9e65fa64085cdbde95711a0902e8a635d2738f8fe6ad,
R6_reacher_01376a746a41e9e26d1e8b2e,REFIT_103202,R3_ORIGINAL,REAL3_NULLACT,COMPLETE,1,False,True,352c0551b30747f0a6cc2a1217b978b72755f58d1950701988d6d1519cbd5855,a0c85bee06bff59a96010c22eb68a88095a25a95886ca0d702ad8967cc5eb246
R6_reacher_01376a746a41e9e26d1e8b2e,REFIT_103202,R3_ORIGINAL,REPEAT3_REALACT,COMPLETE,1,False,True,f328fd580e98ba06df1a69506704fd07ec126be457d1dce05ce06d94ac2dbe25,a0c85bee06bff59a96010c22eb68a88095a25a95886ca0d702ad8967cc5eb246
R6_reacher_01376a746a41e9e26d1e8b2e,REFIT_103202,R4_ALT_CEM_1,H_POLICY,FRESH_PAIRED_CONTROL,1,True,,4e4cc3a59f842657dcf65b25beaa4b906db27b1fc372d3c339e6b54716ff7c98,
R6_reacher_01376a746a41e9e26d1e8b2e,REFIT_103202,R4_ALT_CEM_1,REAL3_NULLACT,COMPLETE,1,True,True,c5acf3729da288aae2fd7f74fa370f05337a7915ab49917d72ed63d0b136fe90,0ee541f022c68d6fa26a0a25a9579d5826f6058453788f6c13623f91c23db9a6
R6_reacher_01376a746a41e9e26d1e8b2e,REFIT_103202,R4_ALT_CEM_1,REPEAT3_REALACT,COMPLETE,1,True,True,91ea4d4b039c9182a1a98c410b509fcbe7717c91fcb88b75de99e2adff8b0f3c,f58e4cbbd56c187c1668179ce291c3fe2eceae5d614f8864655dd417d4648c96
R6_reacher_01376a746a41e9e26d1e8b2e,REFIT_103202,R4_ALT_CEM_2,H_POLICY,FRESH_PAIRED_CONTROL,1,True,,d53aeb28c48bd805dae776ed041d6790e6d75222ab1053d580383f11f671f2dd,
R6_reacher_01376a746a41e9e26d1e8b2e,REFIT_103202,R4_ALT_CEM_2,REAL3_NULLACT,COMPLETE,0,True,True,0bf7d60f92b951efd048ac5a3a3da46a711a49f6d9fd6f6349940a66197c2e67,0120850621fe534cdcb67c8806e7292d5986e270998dceb41ed373ae8dfdd122
R6_reacher_01376a746a41e9e26d1e8b2e,REFIT_103202,R4_ALT_CEM_2,REPEAT3_REALACT,COMPLETE,1,True,True,dfe263632dbba89a25cd751a13741b9b65fd8043cc45b4d75823cc513ce6892a,46dd469b658663e383b28153a529e697707cf2d604c950605168cb40e42c2e78
R6_reacher_01376a746a41e9e26d1e8b2e,REFIT_103203,R3_ORIGINAL,H_POLICY,FRESH_PAIRED_CONTROL,1,False,,b9948fba45ddb219c60db8c4b0cfc5490eeabdacd6bc4681660c90c52337b5a9,
R6_reacher_01376a746a41e9e26d1e8b2e,REFIT_103203,R3_ORIGINAL,REAL3_NULLACT,COMPLETE,1,False,True,656b033046d113ab8986067abbafdd36c18d241197aa08d7426ed1d0c331e77e,d10ac56888c6afb98f5c5c5013a37b2785319d4cb9dc459e45be22c025b5dacf
R6_reacher_01376a746a41e9e26d1e8b2e,REFIT_103203,R3_ORIGINAL,REPEAT3_REALACT,COMPLETE,1,False,True,67f27c265449dbf48cf9fa740ce8666896b6ddda9538f59438407f9ac230c7cb,d10ac56888c6afb98f5c5c5013a37b2785319d4cb9dc459e45be22c025b5dacf
R6_reacher_01376a746a41e9e26d1e8b2e,REFIT_103203,R4_ALT_CEM_1,H_POLICY,FRESH_PAIRED_CONTROL,1,False,,2db0467c4ad98541f44b57877f05f2b80052e5a4bf6d49349d69b9c39e92b5a9,
R6_reacher_01376a746a41e9e26d1e8b2e,REFIT_103203,R4_ALT_CEM_1,REAL3_NULLACT,COMPLETE,1,False,True,5fce0938d78e675bd2d0eabdbbb681325ad1b5de662e21177142b103e0aff69a,2e6ea2dbb679afe288e22f680f5c5a22986b71ab36e77fb88c37dcaae8f57b30
R6_reacher_01376a746a41e9e26d1e8b2e,REFIT_103203,R4_ALT_CEM_1,REPEAT3_REALACT,COMPLETE,1,False,True,9be6cf16b808f9ae5e4e6f9b0302e1a619fa44768036df229eaa60b42262fb62,2e6ea2dbb679afe288e22f680f5c5a22986b71ab36e77fb88c37dcaae8f57b30
R6_reacher_01376a746a41e9e26d1e8b2e,REFIT_103203,R4_ALT_CEM_2,H_POLICY,FRESH_PAIRED_CONTROL,1,True,,3a7d0c0bda9df159ee3f77e54800225656db79f83a62e36daa7e8785b0cc6689,
R6_reacher_01376a746a41e9e26d1e8b2e,REFIT_103203,R4_ALT_CEM_2,REAL3_NULLACT,COMPLETE,1,True,True,2d97466f5ba4e0ba4705f6f62ee0d662820096994a6e699820e3a51e4ef994b7,15b7cf9793aefedc8851677bee1920e344dc4ad11bc4bbf783fdbe6ccb4b8bb3
R6_reacher_01376a746a41e9e26d1e8b2e,REFIT_103203,R4_ALT_CEM_2,REPEAT3_REALACT,COMPLETE,1,True,True,473d9735dd05f654939b76f69810eb0b638a455956dafc12e5df946359dc2b4b,e62f8ad6feb1ee33af5c0cd39522ba4db5c1c2a238a8e7796c75a10d69969078
R6_reacher_0184346c125528018922c654,H0,R3_ORIGINAL,H_POLICY,FRESH_PAIRED_CONTROL,0,True,,ef12dac1bd942c482d1c78073023af413e675c79a8feb5a88949b7750990dd90,
R6_reacher_0184346c125528018922c654,H0,R3_ORIGINAL,REAL3_NULLACT,COMPLETE,0,True,True,03bd2061c65c3bb8e49d70efddfd003dfa8a29788cef2ca2012b553fed21b957,0a43dfc438a18cc7e79f7063e6f19cadf443adc61105df46563f423ce6f1d42c
R6_reacher_0184346c125528018922c654,H0,R3_ORIGINAL,REPEAT3_REALACT,COMPLETE,1,True,True,27372a39dbe472f67e00563b1c791ac0b0cee95b4fea246bc50d56f2b1f7aae0,ad0aef2dd1c47429785366022b26e70aa93d0ce5f7bd2e05aee37d545d9f6cb1
R6_reacher_0184346c125528018922c654,H0,R4_ALT_CEM_1,H_POLICY,FRESH_PAIRED_CONTROL,1,True,,b78bcfb2bf13622b52174c237e10532dabb2a60604477ddafd566dd70bf28a29,
R6_reacher_0184346c125528018922c654,H0,R4_ALT_CEM_1,REAL3_NULLACT,COMPLETE,1,True,True,ec4875aa9694fcc49e927c78c879431e42e784ef7b6f8890cc465f147f6fd2e1,3b7fc6b5938c1c261b65f0734e60843f64c2497ea41b6a803e06a7f7ca486d5c
R6_reacher_0184346c125528018922c654,H0,R4_ALT_CEM_1,REPEAT3_REALACT,COMPLETE,1,True,True,64bb241798e271a0f6304d2e609350b542b8ff43dc60ad532174b28b123f503a,f40b870d8bca5c15df79a3ddafecf27e8dd526dc0c500c0bf24bd08f6be6e52a
R6_reacher_0184346c125528018922c654,H0,R4_ALT_CEM_2,H_POLICY,FRESH_PAIRED_CONTROL,1,True,,702d3586898b20019a9903d11cf0e42839f0bc1e901db67b1429eae5d1bd30e1,
R6_reacher_0184346c125528018922c654,H0,R4_ALT_CEM_2,REAL3_NULLACT,COMPLETE,1,True,True,a94f6a054672ec954ee87f2faad76adb527e58a51c4ed798d5632df06bb2d586,0861729c4043124b9688745fc9801f5a5e629c85fa20e1900790b98cf74f0df3
R6_reacher_0184346c125528018922c654,H0,R4_ALT_CEM_2,REPEAT3_REALACT,COMPLETE,1,True,True,d46aa162d85558e9b70944c73aca6850d8add217e87535e3c1918f89a9397dca,8c05c7c1ee8162f6346acfcb7fe5224ba89f81c9e98c07a1adf4d30c73e37ac3
R6_reacher_0184346c125528018922c654,REFIT_103201,R3_ORIGINAL,H_POLICY,FRESH_PAIRED_CONTROL,1,True,,166399a3c103fa7db1f29b69afdd6d73139271811dbd1130e1e648cf84e5b281,
R6_reacher_0184346c125528018922c654,REFIT_103201,R3_ORIGINAL,REAL3_NULLACT,COMPLETE,0,True,True,33ee27a6f095d2f17d743a4fdd020e7562e0ff6344c2a7ce7477f0311a7dcd0c,5c310c52a25b1c9e3e533f4c713a6923dd559d0dd19e8bba0de4aee7e703788b
R6_reacher_0184346c125528018922c654,REFIT_103201,R3_ORIGINAL,REPEAT3_REALACT,COMPLETE,1,True,True,0d7a0132e0146b404d4f1a3e6bbdbd924c1be48d532974a4cafbdf29b3dbd2de,61016df0ecee261b2dd86608c6c7da03eafa01c780153f6c3ce4af71fad4a907
R6_reacher_0184346c125528018922c654,REFIT_103201,R4_ALT_CEM_1,H_POLICY,FRESH_PAIRED_CONTROL,0,True,,f50b77e1c8876b5bc6305462f9f6ee56d2550f0449ee0b2e9219d53d5aa5dcd6,
R6_reacher_0184346c125528018922c654,REFIT_103201,R4_ALT_CEM_1,REAL3_NULLACT,COMPLETE,1,True,True,0e4c0638b1d441bf18574bb6b596efda9cca1f8864602aeeef227f529b3d0721,9ac2737e8132e9a7b0bea31303ba39ec4c5e9d9f4213a978de8b71a469414f8f
R6_reacher_0184346c125528018922c654,REFIT_103201,R4_ALT_CEM_1,REPEAT3_REALACT,COMPLETE,1,True,True,1122a5f5dd5a08d4310792da40a7fc275b0394d9f1152e1ac15e3cfc0b861037,8a9faa1e49bfe5f20f045d582d0f449ce003aa633f29e63416386edeb5a10e42
R6_reacher_0184346c125528018922c654,REFIT_103201,R4_ALT_CEM_2,H_POLICY,FRESH_PAIRED_CONTROL,1,True,,a4d29ad222632ed8842e5c65f1a2ed8be04d15ca1102454e81fd63ac09c261a1,
R6_reacher_0184346c125528018922c654,REFIT_103201,R4_ALT_CEM_2,REAL3_NULLACT,COMPLETE,1,True,True,2716f0194ce87509ec4d428e20e720182e845bf3d23b5e18ddd4c1aad9c987b6,27a4cb680ab0ead328942ab0c7c6db061f632a9653cdbd3ec458a172cb06b2d0
R6_reacher_0184346c125528018922c654,REFIT_103201,R4_ALT_CEM_2,REPEAT3_REALACT,COMPLETE,1,True,True,a9c0e7b3778f4031e8bd767b51b05eb518075cbff4ef66676227fef784deabed,9cfb09ef7d1cd2a191e8baad2ea348f16493b150115c616c21b07842dac2f66e
R6_reacher_0184346c125528018922c654,REFIT_103202,R3_ORIGINAL,H_POLICY,FRESH_PAIRED_CONTROL,1,True,,263b2222fee82d41d45688ee121428b970220ab72f194bb7be79cfcbc8e8ec85,
R6_reacher_0184346c125528018922c654,REFIT_103202,R3_ORIGINAL,REAL3_NULLACT,COMPLETE,1,True,True,44862b6c679cb61632f85c9580920dfe2ec58518b91f3f0b46b950cee0aec122,d0fe1d688a1c2a374768cfa208cb5a7dceafb37c169855d7d69645d36b24ffc2
R6_reacher_0184346c125528018922c654,REFIT_103202,R3_ORIGINAL,REPEAT3_REALACT,COMPLETE,1,True,True,dfeddc6993406b7c6b4c1b475ea77f37e4e78e2a8c3117e7e7630e5d0e5af775,f0634bd0a360bec7c56f1f3d8500b4611752f2809e3b62ce85dd58969c1a3f35
R6_reacher_0184346c125528018922c654,REFIT_103202,R4_ALT_CEM_1,H_POLICY,FRESH_PAIRED_CONTROL,1,True,,906b7b5861c70cfd87bd2a9282d28affeec9b6860318b31d395f0dbb8e4f50ce,
R6_reacher_0184346c125528018922c654,REFIT_103202,R4_ALT_CEM_1,REAL3_NULLACT,COMPLETE,1,True,True,e5b60273d4e11316969cb7741554717ec40afb36c395afeeda94b803601684e3,bf9775a1a8c8d53a7d65a314b4d1e26c78bc673b9c5186eb82717ab0b64108b1
R6_reacher_0184346c125528018922c654,REFIT_103202,R4_ALT_CEM_1,REPEAT3_REALACT,COMPLETE,1,True,True,9016f1726b1fe53e7d140139634417f55d5ba0298cdae5bb4143f6a0d54bb613,49b7bde2b0b80911456619e5a79b6faeafe196b5f067ac20cc6131242cdcde81
R6_reacher_0184346c125528018922c654,REFIT_103202,R4_ALT_CEM_2,H_POLICY,FRESH_PAIRED_CONTROL,1,True,,d7cc92656865fb4862df65aafe040d01eb1681ae4e7d421f15b123fa8b66cf89,
R6_reacher_0184346c125528018922c654,REFIT_103202,R4_ALT_CEM_2,REAL3_NULLACT,COMPLETE,1,True,True,ad11a9193ed73507136d76000adb7c4f047d9819fdd9b0730dea6b58c5008f05,b37cb27c2c04b30c71a74f3d823bd51ca253b4df503e2ff0ec7048e3e95b7c7c
R6_reacher_0184346c125528018922c654,REFIT_103202,R4_ALT_CEM_2,REPEAT3_REALACT,COMPLETE,1,True,True,47a8b011683e4a7290a874a1e245f73b7691ee281537e111648ab180cdfc804b,a5846795c44c47be2b0c62f81ee7d28a909a0ef3eb8a15fe48b895fb5aa0e748
R6_reacher_0184346c125528018922c654,REFIT_103203,R3_ORIGINAL,H_POLICY,FRESH_PAIRED_CONTROL,0,True,,53f5f7858a97ff4abf0688bc2fab3f2112a95501ba8fdc833ddfc4610c9cb496,
R6_reacher_0184346c125528018922c654,REFIT_103203,R3_ORIGINAL,REAL3_NULLACT,COMPLETE,0,True,True,c9c6e5864cefa57500013ac973af5c3dfb5a6ae7634c69488b1ef9af71c292e3,dbe3dbff1331fc845ee53fda177cbc61646266bbfba90de447ba0f5ab2bc5f20
R6_reacher_0184346c125528018922c654,REFIT_103203,R3_ORIGINAL,REPEAT3_REALACT,COMPLETE,1,True,True,ef3c99c1d8588df135cb1c8b5eea4f903fa22e7bd62a925f0d19a149858b8503,2bb3d699e6ee2c7bf300e5ab5121df5f3e5ace037a0316113e5ff0e8cdcf6082
R6_reacher_0184346c125528018922c654,REFIT_103203,R4_ALT_CEM_1,H_POLICY,FRESH_PAIRED_CONTROL,1,True,,4e3b3deb2a2b64d28d3101c89c5b2fb59b4db5b02569a0ef44c48fe711f26f8b,
R6_reacher_0184346c125528018922c654,REFIT_103203,R4_ALT_CEM_1,REAL3_NULLACT,COMPLETE,1,True,True,320c40039c5fc1d8ef3f621104e1f0ae5d7b0e6a91cd08eaea23a8ecb35f5241,28961a72b277d4946cf918c509bade89137db87285a25fd5958732c145640cb7
R6_reacher_0184346c125528018922c654,REFIT_103203,R4_ALT_CEM_1,REPEAT3_REALACT,COMPLETE,1,True,True,3779600f3f79abc91a92a42187cd167b01c6b8356b7f2b04d62a1bbebf9afbeb,fa180d0de884dfa458e488d80881ff46d26cb23b21c61221732c338212ae7d9a
R6_reacher_0184346c125528018922c654,REFIT_103203,R4_ALT_CEM_2,H_POLICY,FRESH_PAIRED_CONTROL,1,True,,5743137dfabfddcf2c03b4b1e4ad7dfb938366b571fbe03be2530ba5f23a2ee6,
R6_reacher_0184346c125528018922c654,REFIT_103203,R4_ALT_CEM_2,REAL3_NULLACT,COMPLETE,1,True,True,54704eba05734ef6b6d8e5eb6df6e35c722ef695a998cc3d5d100496a19e7e4c,8bbaae076e05242bc94be7b23dea75fa7b4b798d009294d747ba51d9b429ee06
R6_reacher_0184346c125528018922c654,REFIT_103203,R4_ALT_CEM_2,REPEAT3_REALACT,COMPLETE,1,True,True,dd816462fe88ed7447e7ceebbba434a402a42ae5438dd4b0ed2d0117bc9140c5,a9933b64e543929e3956be9c9cc2f028517583ea262596b9d63546fd6c88fa06
R6_reacher_0192eda575e790d45853b4a8,H0,R3_ORIGINAL,H_POLICY,FRESH_PAIRED_CONTROL,1,True,,1b5ce379502d124a9657cca87c52b402b7f8909cde3bff84941f53d4f9e3fb9d,
R6_reacher_0192eda575e790d45853b4a8,H0,R3_ORIGINAL,REAL3_NULLACT,COMPLETE,0,True,True,46d271f5c58ade7febf1d1094a4a6c2477884636cf62bf5090d27dd08ff0671e,40baa663e7118e6affb83c7cf5618ff82f9e5a3551609f022558b6a83514eae2
R6_reacher_0192eda575e790d45853b4a8,H0,R3_ORIGINAL,REPEAT3_REALACT,COMPLETE,1,True,True,88a5e89144cd4a6a4f1a3e1003ac22e7a4a923b4942942e52182210db1595b49,5c53e2eb97e8ffd987059d02b7060f6a1c72fbe4fe3e55b935b85baf86f3d177
R6_reacher_0192eda575e790d45853b4a8,H0,R4_ALT_CEM_1,H_POLICY,FRESH_PAIRED_CONTROL,1,True,,2b770ec1f53a1fd679a46517d7799310ea2421e59f6a2acee3c6e39af40b22f4,
R6_reacher_0192eda575e790d45853b4a8,H0,R4_ALT_CEM_1,REAL3_NULLACT,COMPLETE,1,True,True,ad4809d02dcbff0d63c2e28884984b42f62c1b3a5333f24f557a8dab31a5cd01,198457ee92474dec9ef4f5322ce9fa294e689e8cd5b17730d8de39066904bcf1
R6_reacher_0192eda575e790d45853b4a8,H0,R4_ALT_CEM_1,REPEAT3_REALACT,COMPLETE,1,True,True,25d94696b79cfbb76bd4aa6bf99bcf126f9c90480421a41e4fa34873994c277c,3ed9a5ceb7a2e49646d5297c14c1865d7d4b28ffb15f0cb581d7e55cb824f8dd
R6_reacher_0192eda575e790d45853b4a8,H0,R4_ALT_CEM_2,H_POLICY,FRESH_PAIRED_CONTROL,1,True,,51b2ed8d3937a0c39b257a1f99feb9aa7b3c57df7b6a984bcb7fca8ef56ad34d,
R6_reacher_0192eda575e790d45853b4a8,H0,R4_ALT_CEM_2,REAL3_NULLACT,COMPLETE,1,True,True,7170a66133786a96f7dc51980f5af31e4606270e04d467581aee37fdec3c80a9,c8838277db1c7f1a54955d61037bb14280595400651ab6161018a4a6d6b8bab0
R6_reacher_0192eda575e790d45853b4a8,H0,R4_ALT_CEM_2,REPEAT3_REALACT,COMPLETE,1,True,True,6136f6b5e12dfe95557790fca4521e066fbad76ddf1390d68fb9c61433cf37f5,b595068f9d69dc02e26381535712e30b5a95b9ab8356843a6755847a91eabc9c
R6_reacher_0192eda575e790d45853b4a8,REFIT_103201,R3_ORIGINAL,H_POLICY,FRESH_PAIRED_CONTROL,1,False,,28114219fbada6743bbbeaee9d0620a69a7a02141e6c2b64a5a3c96c3f3732f9,
R6_reacher_0192eda575e790d45853b4a8,REFIT_103201,R3_ORIGINAL,REAL3_NULLACT,COMPLETE,1,False,True,97dac8788e1cee41e96fcae0f58cd29ebd18723202b249808b809b01ae2a27bd,ede969cf05e4c9197c89cd0fea8c35323acd25c985f1fe05ee176f1af82a3dc0
R6_reacher_0192eda575e790d45853b4a8,REFIT_103201,R3_ORIGINAL,REPEAT3_REALACT,COMPLETE,1,False,True,9e2fe3bbca8a6a5a832612c6f1bb8a76a5424dd2cac3bfb4097f5cc605adc491,ede969cf05e4c9197c89cd0fea8c35323acd25c985f1fe05ee176f1af82a3dc0
R6_reacher_0192eda575e790d45853b4a8,REFIT_103201,R4_ALT_CEM_1,H_POLICY,FRESH_PAIRED_CONTROL,1,True,,2249aa0c9a758b33867cce50f917e7fec8b01a7c476047a5c44997c9a38a7cac,
R6_reacher_0192eda575e790d45853b4a8,REFIT_103201,R4_ALT_CEM_1,REAL3_NULLACT,COMPLETE,1,True,True,869afa3c3d25ffe069da7c10e7a42163a5b88a5c165f21705ed028dd7b06040b,48f4abd561b918b68ff355c80c505dea0c5ee1350fe8966912e32c0128bfe56f
R6_reacher_0192eda575e790d45853b4a8,REFIT_103201,R4_ALT_CEM_1,REPEAT3_REALACT,COMPLETE,1,True,True,a010edcb443e7ce2bca4d3905baeeffb8a48f3a25377346d79d045590ef16db3,e4d62f9b57cc9a863b1cce265d0983a4b7b4d026d62296134d103925f4d87331
R6_reacher_0192eda575e790d45853b4a8,REFIT_103201,R4_ALT_CEM_2,H_POLICY,FRESH_PAIRED_CONTROL,1,True,,9e6e965b1ac5614d1bca598eaed867a2e8584e41ee22d9693e7db4f564775d71,
R6_reacher_0192eda575e790d45853b4a8,REFIT_103201,R4_ALT_CEM_2,REAL3_NULLACT,COMPLETE,1,True,True,ce88b28e17b35c18fef3a30d31b14536ae09e103acead5ecb8666cc5497caeae,ccf91172b3ff9a192ac72ab10e0221333967d6ef5ae1772ff5119d7e19c07e7e
R6_reacher_0192eda575e790d45853b4a8,REFIT_103201,R4_ALT_CEM_2,REPEAT3_REALACT,COMPLETE,1,True,True,fb3ff4d330aba567c256b407adbc806cbbbf4e8254cc2f37b2f292227544b707,022f74e804b4fb7a53813678967932be2e9688e15da52d8401565642c53c51cb
R6_reacher_0192eda575e790d45853b4a8,REFIT_103202,R3_ORIGINAL,H_POLICY,FRESH_PAIRED_CONTROL,0,True,,0b5c9ac6d3f1abe5718c28be6214fb939b1995c0dc1b4eb8850d9b6c663a8885,
R6_reacher_0192eda575e790d45853b4a8,REFIT_103202,R3_ORIGINAL,REAL3_NULLACT,COMPLETE,0,True,True,9463acf756d1da87318f579221d30d30760614c2adba5d64b6296bfc96ccad59,ba1836d25c5d045cc129cae8afb282a4b2be38faf5a335f59369ce696c3552e0
R6_reacher_0192eda575e790d45853b4a8,REFIT_103202,R3_ORIGINAL,REPEAT3_REALACT,COMPLETE,1,True,True,e4ae382c928e56062032828122f3c16fa74929900d38bf8650ee51160b938bf8,a47740b1eed3e5e90767aff1767607e7ef670bbf9deeff4c9cfe82b727f1d359
R6_reacher_0192eda575e790d45853b4a8,REFIT_103202,R4_ALT_CEM_1,H_POLICY,FRESH_PAIRED_CONTROL,1,False,,c6c0f4476c807c578d373599b7f09c08c822e6a3ad403eb760c43727c40c7a5a,
R6_reacher_0192eda575e790d45853b4a8,REFIT_103202,R4_ALT_CEM_1,REAL3_NULLACT,COMPLETE,1,False,True,30301f9a05f7a0c4f6ac2ccc7b1fe798ba70eccfb2e8ef89aa861e4b30520c38,117cb310a139ccce60087d90e3818fba79f37a4fe1a28ab03867516b2058dc9e
R6_reacher_0192eda575e790d45853b4a8,REFIT_103202,R4_ALT_CEM_1,REPEAT3_REALACT,COMPLETE,1,False,True,18cb69a54a64dff6f46a41a1b5de1621c16baab7b045edf48d4842c6c4a810d5,117cb310a139ccce60087d90e3818fba79f37a4fe1a28ab03867516b2058dc9e
R6_reacher_0192eda575e790d45853b4a8,REFIT_103202,R4_ALT_CEM_2,H_POLICY,FRESH_PAIRED_CONTROL,1,True,,f865776eb061d5ba239e7633d408ae5a7725fec7f0051ed44a0bf94380a2ba61,
R6_reacher_0192eda575e790d45853b4a8,REFIT_103202,R4_ALT_CEM_2,REAL3_NULLACT,COMPLETE,1,True,True,0329a9bec2d1b84a951f4a9f65b0099add9c894465508efe4c6cebb5ad985edc,5097e6812ea54eaeed79d5e2b40c390118e0a685ecd2b17ff02d75b6084909dc
R6_reacher_0192eda575e790d45853b4a8,REFIT_103202,R4_ALT_CEM_2,REPEAT3_REALACT,COMPLETE,1,True,True,52d1f4ab7490f416f59eead1c10c35aabe9f0e10c787682c7181b8be2a96eab1,8bf8dd51ae305c35a20a5e644309492b23d74fabf5f28a45ce1839f708b4b7fb
R6_reacher_0192eda575e790d45853b4a8,REFIT_103203,R3_ORIGINAL,H_POLICY,FRESH_PAIRED_CONTROL,1,True,,b4d8f0b87d477308128daf4fabb001982b508682bda6480bd77c29bfb5c5f086,
R6_reacher_0192eda575e790d45853b4a8,REFIT_103203,R3_ORIGINAL,REAL3_NULLACT,COMPLETE,0,True,True,5bccfada20b18aab1d18a4cf36f8d1ee5bfee2faedc256b856757de3ecad0889,0c0fe14147edb690a15d78fd7db539201aad3e33596350efdd6bd631012ce551
R6_reacher_0192eda575e790d45853b4a8,REFIT_103203,R3_ORIGINAL,REPEAT3_REALACT,COMPLETE,1,True,True,e96e3921521d925094cdd84ad3e475842b4162f9d56bbc26c21c82f66744e8ec,32afb1e496d30e646fcac1c6f3b7ac8be58a0443f2af6ac5392882aa23b80556
R6_reacher_0192eda575e790d45853b4a8,REFIT_103203,R4_ALT_CEM_1,H_POLICY,FRESH_PAIRED_CONTROL,1,False,,020e4d783f6b0e1e383309648b6b36735ac3d6d03ec918c8064136e24b06925e,
R6_reacher_0192eda575e790d45853b4a8,REFIT_103203,R4_ALT_CEM_1,REAL3_NULLACT,COMPLETE,1,False,True,81fa7ce81654602a1afcdd8ab46e9e830bfbc607fb037806e7d8e57b171055c4,f71ec3ce2619b915c61b956c326cdfc133cb471a88c6ac9a6e247b24d5ccd4b8
R6_reacher_0192eda575e790d45853b4a8,REFIT_103203,R4_ALT_CEM_1,REPEAT3_REALACT,COMPLETE,1,False,True,4efe928e44d57bdf4402221f4d51ec95fd706e46689ad32f1664580bb85c0cdd,f71ec3ce2619b915c61b956c326cdfc133cb471a88c6ac9a6e247b24d5ccd4b8
R6_reacher_0192eda575e790d45853b4a8,REFIT_103203,R4_ALT_CEM_2,H_POLICY,FRESH_PAIRED_CONTROL,1,False,,fb54c3b3947168e446d35b1c6ef5d0055305d035f5ca4d273db46ed14b650186,
R6_reacher_0192eda575e790d45853b4a8,REFIT_103203,R4_ALT_CEM_2,REAL3_NULLACT,COMPLETE,1,False,True,f78fd993936f0122b3fddd0a8f5ed51bdc806df39fbf2bc6221515ca2b4f077f,891f68426ac6e1c7453cc5fbe921bd28f8c9eb9a5cee20823159fdd5f7971e81
R6_reacher_0192eda575e790d45853b4a8,REFIT_103203,R4_ALT_CEM_2,REPEAT3_REALACT,COMPLETE,1,False,True,95e9c5423d3ea438a2bbdcc235b642f52cd29f9662a7b9154fb9d95d4bc6ff6e,891f68426ac6e1c7453cc5fbe921bd28f8c9eb9a5cee20823159fdd5f7971e81
R6_reacher_01a317a7971dd8b32b9e544f,H0,R3_ORIGINAL,H_POLICY,FRESH_PAIRED_CONTROL,0,True,,cc37c300bd6359ade387b7428aeb9fe7aa427b0c1acadce98d29c316d320c6a5,
R6_reacher_01a317a7971dd8b32b9e544f,H0,R3_ORIGINAL,REAL3_NULLACT,COMPLETE,1,True,True,4b10b3cbaa437908c0645718719b8b9cfad9ff95a46a7f650e5896300715fd76,6aa8733cb7a9013fb65265385c4ce5bae7110b31962053937f9e533116162de4
R6_reacher_01a317a7971dd8b32b9e544f,H0,R3_ORIGINAL,REPEAT3_REALACT,COMPLETE,1,True,True,94b3a3d37f430d49bed122a561b107acf7d75007c2bad2f338f1c238dd461dc1,0023b51c2affb22f2a50821403b516bc4b288ef5e56a6f04906e92e9d1799845
R6_reacher_01a317a7971dd8b32b9e544f,H0,R4_ALT_CEM_1,H_POLICY,FRESH_PAIRED_CONTROL,1,True,,75b509c54df2db5dfe20a6dd731ea3bfa0e0d796a6a780da1842d4019d6b8cc4,
R6_reacher_01a317a7971dd8b32b9e544f,H0,R4_ALT_CEM_1,REAL3_NULLACT,COMPLETE,1,True,True,92e885a51fa9c3d745b378ff8519662d85833f0ae3133dde96206883db095520,f200144b0c37cfc7a03cd455fa7ca68c42258d04f6cd50db66b815ba4433221a
R6_reacher_01a317a7971dd8b32b9e544f,H0,R4_ALT_CEM_1,REPEAT3_REALACT,COMPLETE,1,True,True,94e76299aa6c0b67812a06cd5ce19053f7b4013cae2d8bacbc26a24abd592221,2ae85a063f9bdd620b0ee6f1aeb559571cec96281c67a3d99f6b077aa53b6532
R6_reacher_01a317a7971dd8b32b9e544f,H0,R4_ALT_CEM_2,H_POLICY,FRESH_PAIRED_CONTROL,0,True,,2f14ed39f3c46e66e09060f6fbcbbe3bd8056343df4df03f9707d63649118737,
R6_reacher_01a317a7971dd8b32b9e544f,H0,R4_ALT_CEM_2,REAL3_NULLACT,COMPLETE,0,True,True,f449adf0d0851e1b2c7585fa04b0610f8732fd7e6a5b833b723f12ab5e071bbc,5f5bacfab1b80bb8991c1d11668bca20ca4379edd0dfc296e22eecc5f3c68ce1
R6_reacher_01a317a7971dd8b32b9e544f,H0,R4_ALT_CEM_2,REPEAT3_REALACT,COMPLETE,1,True,True,e5990281f8db73cb10f304442ec26da822b755954f9f7b09681fc5b1619b29eb,d0808c2fab947681f093117777931ae4bc1f4bc366911f7a91f28a3b7b857fc4
R6_reacher_01a317a7971dd8b32b9e544f,REFIT_103201,R3_ORIGINAL,H_POLICY,FRESH_PAIRED_CONTROL,1,False,,98606860481b2c31a3d34aa16a1cabe7d57805c1fa0c89516b5ffb9820a45add,
R6_reacher_01a317a7971dd8b32b9e544f,REFIT_103201,R3_ORIGINAL,REAL3_NULLACT,COMPLETE,1,False,True,fbc9f35b0a2d858e8aadb288822cb34cbfb26373951a0c25f9cdbf8e7449b4d5,e352c9730546b313529b44319248af58c9805877cd740b824748361546d5dc18
R6_reacher_01a317a7971dd8b32b9e544f,REFIT_103201,R3_ORIGINAL,REPEAT3_REALACT,COMPLETE,1,False,True,59b1943b9b8307d86ad8530cf9ed4635928083b9a32cb4303f0f87c0e091d64a,e352c9730546b313529b44319248af58c9805877cd740b824748361546d5dc18
R6_reacher_01a317a7971dd8b32b9e544f,REFIT_103201,R4_ALT_CEM_1,H_POLICY,FRESH_PAIRED_CONTROL,1,True,,cd76f205f2241f64fb398f510f481bc91ce70514608b3e28c70e0c3246a33ceb,
R6_reacher_01a317a7971dd8b32b9e544f,REFIT_103201,R4_ALT_CEM_1,REAL3_NULLACT,COMPLETE,1,True,True,37d5ff2c15ed936c14381a9ff783600213749c7f2a759a946abd7a60ed1b9c5f,a8e6704eb829399f11a66062c11a906e5640a005f2c32b3ebf22f45323014720
R6_reacher_01a317a7971dd8b32b9e544f,REFIT_103201,R4_ALT_CEM_1,REPEAT3_REALACT,COMPLETE,1,True,True,124dab8cfc0003a2183a5e99d2ff0d2e52bd4967213ca5e28fc07b183298be7e,122ffc09c1ae3bc882cd73a93c21368cb3d5e538c84114e90f5a5ee645218f3a
R6_reacher_01a317a7971dd8b32b9e544f,REFIT_103201,R4_ALT_CEM_2,H_POLICY,FRESH_PAIRED_CONTROL,1,False,,dbf2d6cb4d5c2c21bc364cec20e72399499415ba3a67f890b5cf2d9d795d4cdc,
R6_reacher_01a317a7971dd8b32b9e544f,REFIT_103201,R4_ALT_CEM_2,REAL3_NULLACT,COMPLETE,1,False,True,bb851733d6a13a104bb91d9d8cfb37d26543e6aa410dbc7706dfbb20cbb46d4a,a5021d959b789adf0f4c995d53952039f1d921b783f912bef0a99e858e962b00
R6_reacher_01a317a7971dd8b32b9e544f,REFIT_103201,R4_ALT_CEM_2,REPEAT3_REALACT,COMPLETE,1,False,True,560026d5d68f2057319ba2a25a61d059f241e97ba169ce4a35321542f888d4de,a5021d959b789adf0f4c995d53952039f1d921b783f912bef0a99e858e962b00
R6_reacher_01a317a7971dd8b32b9e544f,REFIT_103202,R3_ORIGINAL,H_POLICY,FRESH_PAIRED_CONTROL,1,True,,1bb82beb21abc026786ee3c13daf3715822e95dea38e78b695043e326efa411b,
R6_reacher_01a317a7971dd8b32b9e544f,REFIT_103202,R3_ORIGINAL,REAL3_NULLACT,COMPLETE,1,True,True,25a5d2adeaa1af4965464609907605a2e2960828bd57cf7865b8ee1875a2ca23,93260a88c34a0591829f2f59ffb5a73b6c3d81b204dd86a5584d1a58b006e37f
R6_reacher_01a317a7971dd8b32b9e544f,REFIT_103202,R3_ORIGINAL,REPEAT3_REALACT,COMPLETE,1,True,True,56866b23b10d4201961727d9ba6fbf47e838f5e3ce6bf50592e3e892d7a870c1,cec20e594047369d5c66425b976213390866418361aa34b512a0c331a58759e1
R6_reacher_01a317a7971dd8b32b9e544f,REFIT_103202,R4_ALT_CEM_1,H_POLICY,FRESH_PAIRED_CONTROL,0,True,,b426855be4caef85c28c1bf1625b911bfdbd4d69951f743002b736cb542afcce,
R6_reacher_01a317a7971dd8b32b9e544f,REFIT_103202,R4_ALT_CEM_1,REAL3_NULLACT,COMPLETE,1,True,True,8c12de283d26414131263aca491ddffe8ac3da6484a7eb242ad292560d99edd6,a091191976e97fa404a72734abbf055392185d19de842a72f0a3154277e514e0
R6_reacher_01a317a7971dd8b32b9e544f,REFIT_103202,R4_ALT_CEM_1,REPEAT3_REALACT,COMPLETE,1,True,True,eed4e38f6ca5c589a9b451e88bd160eeb09e76221d1df77016134a55ca69574b,f54d2213576529bd36c9ef355c246f645c4e74713f445a41dd6c8768eb3c1ab1
R6_reacher_01a317a7971dd8b32b9e544f,REFIT_103202,R4_ALT_CEM_2,H_POLICY,FRESH_PAIRED_CONTROL,0,True,,7a29a5ac9208cf03a192fc737e957822b923e511b79734a55f0398120c16842f,
R6_reacher_01a317a7971dd8b32b9e544f,REFIT_103202,R4_ALT_CEM_2,REAL3_NULLACT,COMPLETE,0,True,True,15df7e0ac9f8787b4acefe89a820fb52fc64c6099ae4f267291fd6025cc3475e,cacdf18be77d24c23f404cd04ff0bafbc8ed81b0c11169b7eebf7054ccb10286
R6_reacher_01a317a7971dd8b32b9e544f,REFIT_103202,R4_ALT_CEM_2,REPEAT3_REALACT,COMPLETE,1,True,True,da2e93eab19b1e90125293a0881b4354db92cd6b65492c2cb0de42e470745230,5fbf33732ce1da1123a6d1fbaa03d1fe336e72d96abe5fdd895fadfa26583813
R6_reacher_01a317a7971dd8b32b9e544f,REFIT_103203,R3_ORIGINAL,H_POLICY,FRESH_PAIRED_CONTROL,1,True,,436249fc6d4c507d3d73e277db306ba87c9554564e3e37342c767bbf2ed63d3e,
R6_reacher_01a317a7971dd8b32b9e544f,REFIT_103203,R3_ORIGINAL,REAL3_NULLACT,COMPLETE,1,True,True,7f0895bbc7d3e8c20cd133c2e7511194542c4dd31835db9c49ae11948989a18c,fb2dd2352cfa34b1e78b5008271e93e1e18e3505289126c47ea862dc63ee4f19
R6_reacher_01a317a7971dd8b32b9e544f,REFIT_103203,R3_ORIGINAL,REPEAT3_REALACT,COMPLETE,1,True,True,2cb7c557bccdb6201bcf8235dcc6b39c183c34d229d29c95fb80e6a607b8007c,11c277cf3d8bdc4dbfddf8093e5b410713c5f048bd611e4809ecaebac6921a97
R6_reacher_01a317a7971dd8b32b9e544f,REFIT_103203,R4_ALT_CEM_1,H_POLICY,FRESH_PAIRED_CONTROL,1,True,,ee4e05f167998d23c992ca6a045f222ee507d7609690a452a4d465714899413c,
R6_reacher_01a317a7971dd8b32b9e544f,REFIT_103203,R4_ALT_CEM_1,REAL3_NULLACT,COMPLETE,1,True,True,528fc054c356bee1d178463748677d167996849015aeaf5916020ff0340674cd,914f99c4961e3378b8a17fc17985b30616a7ad1d5faa7b6f00ab364b41a71283
R6_reacher_01a317a7971dd8b32b9e544f,REFIT_103203,R4_ALT_CEM_1,REPEAT3_REALACT,COMPLETE,1,True,True,f0f9cde04e76a85683ffc094d36e9ced28c5c88bdf9fdea4d3778df5ea2e7e99,3e7d05b486ed109121bf263322ac9d582ca72423f7855e0399035f956531804c
R6_reacher_01a317a7971dd8b32b9e544f,REFIT_103203,R4_ALT_CEM_2,H_POLICY,FRESH_PAIRED_CONTROL,1,False,,6b979312654d78e681ed53cd891d42e18bfcf0c2ee64bc81fbaa121a3e89b8cd,
R6_reacher_01a317a7971dd8b32b9e544f,REFIT_103203,R4_ALT_CEM_2,REAL3_NULLACT,COMPLETE,1,False,True,81b9246ebf5014d9fbdfb6b1a10ddee06d5eef862b109fe3e27f8a7fed5c6e7b,42adaadd276ed3be0ba1d618c32390f2f114b1144836d077028080a391f42fa1
R6_reacher_01a317a7971dd8b32b9e544f,REFIT_103203,R4_ALT_CEM_2,REPEAT3_REALACT,COMPLETE,1,False,True,a58148321048b609715e11bc7bb9e323eda78f8a617dc65922ba40e3070ad896,42adaadd276ed3be0ba1d618c32390f2f114b1144836d077028080a391f42fa1
R6_reacher_01a369b2316f5e495d770946,H0,R3_ORIGINAL,H_POLICY,FRESH_PAIRED_CONTROL,1,True,,fcaed89244561db45aa944595addc2dc431ff0d6dacbf55184f82ede19135118,
R6_reacher_01a369b2316f5e495d770946,H0,R3_ORIGINAL,REAL3_NULLACT,COMPLETE,1,True,True,8ef739e42a5fdf1e49709471bb31942ba7f28017aa66728ef2f8686cea87da46,7edb476a3c33e80cd0d60f3f37f2507dd2ce5d2599dc94818e81f1adc4c8c4ff
R6_reacher_01a369b2316f5e495d770946,H0,R3_ORIGINAL,REPEAT3_REALACT,COMPLETE,1,True,True,0e9cbccddf7eff0932157fdcce07f71ad01159a9b5171eee7e83107166a89eaf,71e0fee6ba6c6563465d349c907a57ae00edfb5a563cb21fe9b0b22cedc12290
R6_reacher_01a369b2316f5e495d770946,H0,R4_ALT_CEM_1,H_POLICY,FRESH_PAIRED_CONTROL,1,False,,addceb6d2bd99ddbac366cbb33ba8a80e929ba3ead395d74aa69f440bdf91256,
R6_reacher_01a369b2316f5e495d770946,H0,R4_ALT_CEM_1,REAL3_NULLACT,COMPLETE,1,False,True,e8b2b7e9bd3b3553093cc008dcc355b2ccb7dc642ab33f937b1ce941e69b884f,6d7dd2c1ded9a05795554d01977e2821f74617c24a9c97462b82a4547fbc6994
R6_reacher_01a369b2316f5e495d770946,H0,R4_ALT_CEM_1,REPEAT3_REALACT,COMPLETE,1,False,True,532026cf3aff3b34c9d196978232b13bc4277fb55d6f13702187a8e5e1ac8d53,6d7dd2c1ded9a05795554d01977e2821f74617c24a9c97462b82a4547fbc6994
R6_reacher_01a369b2316f5e495d770946,H0,R4_ALT_CEM_2,H_POLICY,FRESH_PAIRED_CONTROL,1,True,,14b44aec4e2dc86e842918b470e9db1cc7fb0ab2014532c4265d6dc2dbb4594c,
R6_reacher_01a369b2316f5e495d770946,H0,R4_ALT_CEM_2,REAL3_NULLACT,COMPLETE,1,True,True,c49e9bd271cddcf50149341ebf9e91d8de5aaafab7995bb02af814a080340fbd,2dd35cd8c487e1247afc0b214dcc4cb7f5e362a4ffd269be0ebfd0f389594d4d
R6_reacher_01a369b2316f5e495d770946,H0,R4_ALT_CEM_2,REPEAT3_REALACT,COMPLETE,1,True,True,5f650f530a46a84d7dc7e974b6246f5077304b9fa48b66fd0da0381f9fe4b03d,6333df59b6585df29cb7afa01b7a6e0fe84f07a06bde4b903e047c780d50ee0a
R6_reacher_01a369b2316f5e495d770946,REFIT_103201,R3_ORIGINAL,H_POLICY,FRESH_PAIRED_CONTROL,1,True,,60637dcbef1dbecbd72ea0f5f6fe7e5de049e4fe67d9f37ec8a0a9d1fe732c96,
R6_reacher_01a369b2316f5e495d770946,REFIT_103201,R3_ORIGINAL,REAL3_NULLACT,COMPLETE,1,True,True,752f260f0b6b4d1e71b2b67f9a7d16bdac5f75b129965404a8893e48327e9b23,2ea98a5c3f50a7952326e5703edcedc1bba8cf513da531a861c17f920ddcb5e2
R6_reacher_01a369b2316f5e495d770946,REFIT_103201,R3_ORIGINAL,REPEAT3_REALACT,COMPLETE,1,True,True,42c7fdaacd5545d9ae28e4dbbe77407583dc49cd55048221b0b14f012bc21ee3,235aefc46c4e19b603724c5ed4b32a2441e0e013757430266ccc7baef2d7ed72
R6_reacher_01a369b2316f5e495d770946,REFIT_103201,R4_ALT_CEM_1,H_POLICY,FRESH_PAIRED_CONTROL,1,True,,d628f1b9e63a7a1eb82530e8975a04387042fd5595b98d88251ac35686cb85a2,
R6_reacher_01a369b2316f5e495d770946,REFIT_103201,R4_ALT_CEM_1,REAL3_NULLACT,COMPLETE,1,True,True,9f82db8df35ec6896e93ef30e7a7e766b73357b7b221797c804d5e3c2502361a,c97842609fec20a666ff54d64c7e659bd16060a23ea173f7b053008b3c0d5ffb
R6_reacher_01a369b2316f5e495d770946,REFIT_103201,R4_ALT_CEM_1,REPEAT3_REALACT,COMPLETE,1,True,True,02e3d2ba5e8b3e8ea743451565383d354838851fa88c57bdbfa23bb62a04f282,8dd01c8e5500fb7574296c326d1ec778c886fd0718b8b69f18d3d9a67a535a5d
R6_reacher_01a369b2316f5e495d770946,REFIT_103201,R4_ALT_CEM_2,H_POLICY,FRESH_PAIRED_CONTROL,1,True,,cae2af62ec9f6b84edc284319106779805ca382c7506704e092b9ad78d66f5d2,
R6_reacher_01a369b2316f5e495d770946,REFIT_103201,R4_ALT_CEM_2,REAL3_NULLACT,COMPLETE,1,True,True,02cad3bdd683eed44ed24b106a710df5b87bb05e41128cb8ba305de377e2c9dd,8376b8f09649e03a886d0ccc0061441520aca1139d0b1d1be1532b64a5c03207
R6_reacher_01a369b2316f5e495d770946,REFIT_103201,R4_ALT_CEM_2,REPEAT3_REALACT,COMPLETE,1,True,True,073b88c86fc354d92fb43b4628d111faff430aa74ab515e1d9fb39b97e504dc4,cdf995cb717233c58c4a2858f2290a5552b4c73765ffebede6bf04743fb65558
R6_reacher_01a369b2316f5e495d770946,REFIT_103202,R3_ORIGINAL,H_POLICY,FRESH_PAIRED_CONTROL,1,True,,a2dadad045a83af9df6d1c03752c71d5aa38215bc486c6df8a9cda59ddae7f2c,
R6_reacher_01a369b2316f5e495d770946,REFIT_103202,R3_ORIGINAL,REAL3_NULLACT,COMPLETE,1,True,True,2dec9e1ce62ae59ae4de0b8e74d2e179536d2ff06fd235dc51cc0090a0c72178,2e77d6954b7bb21e0420772da6a24dd9d45716257b75a262d46f7c346f706d92
R6_reacher_01a369b2316f5e495d770946,REFIT_103202,R3_ORIGINAL,REPEAT3_REALACT,COMPLETE,1,True,True,1b3ca1ce1ed7a703dca8780ed5d42f336d5a83df20e30a0fed4a0efcc1e705ca,c98a4a3103cdf91cc8387dadbbf68d88f1be8a52a20a65ea349eb0e696093757
R6_reacher_01a369b2316f5e495d770946,REFIT_103202,R4_ALT_CEM_1,H_POLICY,FRESH_PAIRED_CONTROL,1,True,,e7f9b8e9e5006545888ec563c9552e3400ff775f017250e798ea6d7130a881fa,
R6_reacher_01a369b2316f5e495d770946,REFIT_103202,R4_ALT_CEM_1,REAL3_NULLACT,COMPLETE,1,True,True,ceb45ed73ba4cb424cff632b5388f1e9321020e0f9248f055a0fe3bb057ae78f,070bd7567353ec4d519d647441657669f511372a25799fdb9c8ce6f690232248
R6_reacher_01a369b2316f5e495d770946,REFIT_103202,R4_ALT_CEM_1,REPEAT3_REALACT,COMPLETE,1,True,True,76f90814c8b78ab29c903bca549f560b49361a83d8bdc2b4d04a263e9b64d861,6c41a7bf472cf7744252e547aeeba42028a3d8f5083c82f860d71f7753d5ff3d
R6_reacher_01a369b2316f5e495d770946,REFIT_103202,R4_ALT_CEM_2,H_POLICY,FRESH_PAIRED_CONTROL,1,True,,a3bafe33a4f030608c0b7b641dbbb69de12ff9b1db5fe9b35c0349603bf5deeb,
R6_reacher_01a369b2316f5e495d770946,REFIT_103202,R4_ALT_CEM_2,REAL3_NULLACT,COMPLETE,1,True,True,9dc5979d3f2b96d144535ed9ed12ca6d34413a44c0842392d0f6fd056b071e2a,3dbf07e9de5028baf7bc6039d9d179c278266d21ce9310e20596a8baf794b195
R6_reacher_01a369b2316f5e495d770946,REFIT_103202,R4_ALT_CEM_2,REPEAT3_REALACT,COMPLETE,1,True,True,00e07028dd3027a420f26212c7b509ef763e951686c35cb11e4cebc625105abd,1acf2a9bdb5ebc807de6daf56ff4c6ca18a1d504c429f8861a952270c0e4ed31
R6_reacher_01a369b2316f5e495d770946,REFIT_103203,R3_ORIGINAL,H_POLICY,FRESH_PAIRED_CONTROL,0,True,,c655fb2480c19786e973702715cc0566b0da89c8c0304bed8c345233ca173368,
R6_reacher_01a369b2316f5e495d770946,REFIT_103203,R3_ORIGINAL,REAL3_NULLACT,COMPLETE,1,True,True,63b573d0a472be2f7bb0ba99c395a13113a2077c0fdde7db2ad09c867e6d5971,735b3731f789ffe07dacd45bd159cc337f23946b245388d6eea518819772bab7
R6_reacher_01a369b2316f5e495d770946,REFIT_103203,R3_ORIGINAL,REPEAT3_REALACT,COMPLETE,1,True,True,ec24576fa037d2a697f02823f41c1123db6967a32b3e82be5c71c2f38586bbc0,67ca5580aa4a00e54159fb44feef5fad78d9de00538708b2cf23320d1cad7a27
R6_reacher_01a369b2316f5e495d770946,REFIT_103203,R4_ALT_CEM_1,H_POLICY,FRESH_PAIRED_CONTROL,1,True,,2e7752cb0d65cc33adea74255b87b0855e5bf7811d97f15dd847312135a8304f,
R6_reacher_01a369b2316f5e495d770946,REFIT_103203,R4_ALT_CEM_1,REAL3_NULLACT,COMPLETE,1,True,True,fee1e65861173a380a6d83d64e755de498f7d45af151244b277428c6b435eb8f,7f71a54e03f9f8984c27f1020e8d300b2a660b9ec7052c73ee0907e64f2ce06c
R6_reacher_01a369b2316f5e495d770946,REFIT_103203,R4_ALT_CEM_1,REPEAT3_REALACT,COMPLETE,1,True,True,760a258736d4a8da6fa7aaf1cf02a8292103a10d0eb56ed1806fb7d96e9f151c,6e274a30add5912a1d9cb4a83318ccc742052129f2eaa79326525306437826b6
R6_reacher_01a369b2316f5e495d770946,REFIT_103203,R4_ALT_CEM_2,H_POLICY,FRESH_PAIRED_CONTROL,1,True,,3f602dec22c982ec1f382533ea221f22bc82285d4a9d957c5a692449330e2d0a,
R6_reacher_01a369b2316f5e495d770946,REFIT_103203,R4_ALT_CEM_2,REAL3_NULLACT,COMPLETE,1,True,True,2c7cab85da44742d594bdc5e312990c9d26374e868be0a6a520479384e066102,420f9770f5777b90997bd3ca54e5346562b0360f41ab0dfd90a5398d9593acc5
R6_reacher_01a369b2316f5e495d770946,REFIT_103203,R4_ALT_CEM_2,REPEAT3_REALACT,COMPLETE,1,True,True,361d2cc166a4329af1ffa4c0081ba07f60ccef649d9ebf5b428715b9215b8301,758cfb45b9c5a45c913ef0c269d5bbfad07db2c086a9169c9e7c2e261b258cb6
R6_reacher_01a7354c1ecb23a787077139,H0,R3_ORIGINAL,H_POLICY,FRESH_PAIRED_CONTROL,1,False,,7dedbd630ddc369523288040e5919d95c1a085fdd7d3867979d64e26ca5f6b08,
R6_reacher_01a7354c1ecb23a787077139,H0,R3_ORIGINAL,REAL3_NULLACT,COMPLETE,1,False,True,1a2a6cf301eb6c1d132f3c016564c9ea75ab736dad6db0a589ab62ec9c9af432,6ff3b1d4bb01c07439a3a2f4016c61f30f310c7295512145383ebfac0b02e7b3
R6_reacher_01a7354c1ecb23a787077139,H0,R3_ORIGINAL,REPEAT3_REALACT,COMPLETE,1,False,True,60df39286e18ca4768f7f366df721e20384fa17a2a2613cbcea4c65a814e004e,6ff3b1d4bb01c07439a3a2f4016c61f30f310c7295512145383ebfac0b02e7b3
R6_reacher_01a7354c1ecb23a787077139,H0,R4_ALT_CEM_1,H_POLICY,FRESH_PAIRED_CONTROL,1,False,,b51d9edd96ca6bc0d412f4db953d8579eaec8a9af2caeba148168ba6a54c0215,
R6_reacher_01a7354c1ecb23a787077139,H0,R4_ALT_CEM_1,REAL3_NULLACT,COMPLETE,1,False,True,3c2af427718695a1057b5037161ea046045b63ae41dbcc2c4b6d97c35394a27f,5dd68c80410bb0a76ef3a48fe5885bb9bdff4a91508e0ff5a0f1b4926152b862
R6_reacher_01a7354c1ecb23a787077139,H0,R4_ALT_CEM_1,REPEAT3_REALACT,COMPLETE,1,False,True,5b090e2f9b2987ae6cba3308d43bf5ae1be261ddecb7ca0358a5049fb40c7726,5dd68c80410bb0a76ef3a48fe5885bb9bdff4a91508e0ff5a0f1b4926152b862
R6_reacher_01a7354c1ecb23a787077139,H0,R4_ALT_CEM_2,H_POLICY,FRESH_PAIRED_CONTROL,1,False,,5b80894488e6748620b98023fa10ef1d060c65db19fa00b7ddc9f9a82905a1b6,
R6_reacher_01a7354c1ecb23a787077139,H0,R4_ALT_CEM_2,REAL3_NULLACT,COMPLETE,1,False,True,30b4502e594513a8cc43432fedb20b16a3ab39a0663ca8e9241e66d3bc31464c,4ffa0a7d003c0c1d31cf71908d0798fd6c254251ed1dc9533c40eaeab73452a2
R6_reacher_01a7354c1ecb23a787077139,H0,R4_ALT_CEM_2,REPEAT3_REALACT,COMPLETE,1,False,True,1cd79fa25f5b6e7f5b1e48a6a0a9a467b6ded7f9e5c33c47d7bab682fbb76675,4ffa0a7d003c0c1d31cf71908d0798fd6c254251ed1dc9533c40eaeab73452a2
R6_reacher_01a7354c1ecb23a787077139,REFIT_103201,R3_ORIGINAL,H_POLICY,FRESH_PAIRED_CONTROL,1,False,,5cce70f07702de739019f151f400e5ae5d41c2ef33c4308b91aa243eed5806e4,
R6_reacher_01a7354c1ecb23a787077139,REFIT_103201,R3_ORIGINAL,REAL3_NULLACT,COMPLETE,1,False,True,171aa83a42fbfb9ff60851b23ec72e85e9324b8b64e75f39802b9e79ab27fac5,42b46df6ea7417eecbd3e784aa7b2e17a0b6a6e426b6adfa49fb10a44d4d0cc3
R6_reacher_01a7354c1ecb23a787077139,REFIT_103201,R3_ORIGINAL,REPEAT3_REALACT,COMPLETE,1,False,True,77e17a8cfb272116673394ff0fdce93a3e153e815941da4a8cbe25393bb56b17,42b46df6ea7417eecbd3e784aa7b2e17a0b6a6e426b6adfa49fb10a44d4d0cc3
R6_reacher_01a7354c1ecb23a787077139,REFIT_103201,R4_ALT_CEM_1,H_POLICY,FRESH_PAIRED_CONTROL,1,True,,95b676e55ed4cc3763334d0d0fbd22be175b066451986dd92b6ba533da31f77a,
R6_reacher_01a7354c1ecb23a787077139,REFIT_103201,R4_ALT_CEM_1,REAL3_NULLACT,COMPLETE,1,True,True,4ec832684c70d44665e912ac05329351cc5a5c67552349691ddcb77d29674911,5ef3359ff0544563c6dec7a7c73ab8def3e26087a16ea1b83493bd522730e94f
R6_reacher_01a7354c1ecb23a787077139,REFIT_103201,R4_ALT_CEM_1,REPEAT3_REALACT,COMPLETE,1,True,True,fd749e6d763ed159c60d7874ca37bf59a7b9a673a7c583927e77d86fcfe17be3,edc6cc4b28cb72c0800787d1f9e749a424518ce781e6d0613686f1efb6b1779b
R6_reacher_01a7354c1ecb23a787077139,REFIT_103201,R4_ALT_CEM_2,H_POLICY,FRESH_PAIRED_CONTROL,1,False,,e0ce561d8682c4038c4b4627894885112a87303ee7a1351e368ea1075343ad82,
R6_reacher_01a7354c1ecb23a787077139,REFIT_103201,R4_ALT_CEM_2,REAL3_NULLACT,COMPLETE,1,False,True,d44c7dbd7cda9bc239949d7ad4241d6122d168e651192901592e99146023cc94,760e010dae35573fa2a2eeeef71fb413e82096db8c9d1a7944d4cb0c240e1052
R6_reacher_01a7354c1ecb23a787077139,REFIT_103201,R4_ALT_CEM_2,REPEAT3_REALACT,COMPLETE,1,False,True,83ba4e3e5194e93ca00c19399eb754b8bcda9844d8ffeb2df673ee39b896cd78,760e010dae35573fa2a2eeeef71fb413e82096db8c9d1a7944d4cb0c240e1052
R6_reacher_01a7354c1ecb23a787077139,REFIT_103202,R3_ORIGINAL,H_POLICY,FRESH_PAIRED_CONTROL,1,False,,8c63c565e533a69d7721e36c7d926e4b64c4a19412bebf20434c6f77335f5eba,
R6_reacher_01a7354c1ecb23a787077139,REFIT_103202,R3_ORIGINAL,REAL3_NULLACT,COMPLETE,1,False,True,616810d26aae8ed12791b8863f6ed7d16193a99726057fbe6811aa56d19e00b7,5cebc11dacc4d7aba869f4a45464344caae0309b032e213a0f38b3e9ab5e482c
R6_reacher_01a7354c1ecb23a787077139,REFIT_103202,R3_ORIGINAL,REPEAT3_REALACT,COMPLETE,1,False,True,1ded9cd2e5bfed6d3f2a8d710ba6e0265706c1f46f473e74f2b5c929a7a03cb2,5cebc11dacc4d7aba869f4a45464344caae0309b032e213a0f38b3e9ab5e482c
R6_reacher_01a7354c1ecb23a787077139,REFIT_103202,R4_ALT_CEM_1,H_POLICY,FRESH_PAIRED_CONTROL,1,False,,00cd081423548f951d4913dca8a04b8e2a82de83a2e4a9f7cb60f2b27642fcce,
R6_reacher_01a7354c1ecb23a787077139,REFIT_103202,R4_ALT_CEM_1,REAL3_NULLACT,COMPLETE,1,False,True,00aafa835a2180b134f7aff9e8c57e3f52ebcc115ee7a438fabfcc35f1be7024,886fefbe4bc6adb9c9515006b3880aa8aa191554bcd016f0fc1a64e204690b40
R6_reacher_01a7354c1ecb23a787077139,REFIT_103202,R4_ALT_CEM_1,REPEAT3_REALACT,COMPLETE,1,False,True,71cc683d8b585167b4c1d535bd6af9e1c45ed9a4c7df8fde348286367802dd9d,886fefbe4bc6adb9c9515006b3880aa8aa191554bcd016f0fc1a64e204690b40
R6_reacher_01a7354c1ecb23a787077139,REFIT_103202,R4_ALT_CEM_2,H_POLICY,FRESH_PAIRED_CONTROL,1,False,,0d10c63bdc562db245dceb94ee2ca137f637ddb7c33d0bd3ab056a9fff0f844c,
R6_reacher_01a7354c1ecb23a787077139,REFIT_103202,R4_ALT_CEM_2,REAL3_NULLACT,COMPLETE,1,False,True,0b8e2ac5a8ee8e89ae656c76a81313f76bc8a49d085813049dadfbec70992871,e255c2f81c6dea50672f22087adbce452f64473c4e3c61d839aec18a9c423a85
R6_reacher_01a7354c1ecb23a787077139,REFIT_103202,R4_ALT_CEM_2,REPEAT3_REALACT,COMPLETE,1,False,True,9c8ecb25d80ed2b8de32e74ecf08dc6eb3ebff86a3b5d67a6d47621db252dd92,e255c2f81c6dea50672f22087adbce452f64473c4e3c61d839aec18a9c423a85
R6_reacher_01a7354c1ecb23a787077139,REFIT_103203,R3_ORIGINAL,H_POLICY,FRESH_PAIRED_CONTROL,1,False,,f04c272b24f7da64d9d84ff114c4ac096535644680c076f978337b6f539ef692,
R6_reacher_01a7354c1ecb23a787077139,REFIT_103203,R3_ORIGINAL,REAL3_NULLACT,COMPLETE,1,False,True,c95a79d648a8d991ecd952e87833e765c8c4a08a49e285cb01fc81c4b23a3c36,94c29b8fcb2767108708fae1eeac52ae5c552a7f58308e98dca2932674c99088
R6_reacher_01a7354c1ecb23a787077139,REFIT_103203,R3_ORIGINAL,REPEAT3_REALACT,COMPLETE,1,False,True,5bb16a60d4205aa03979037ef0a972fb14bc53f1bd975281c4fbe102a564efc3,94c29b8fcb2767108708fae1eeac52ae5c552a7f58308e98dca2932674c99088
R6_reacher_01a7354c1ecb23a787077139,REFIT_103203,R4_ALT_CEM_1,H_POLICY,FRESH_PAIRED_CONTROL,1,False,,2d8bdec4e03d7dd8bf6f422ba4c703e80438fea710ac284779871865d2e5f54a,
R6_reacher_01a7354c1ecb23a787077139,REFIT_103203,R4_ALT_CEM_1,REAL3_NULLACT,COMPLETE,1,False,True,393899b36e47b3e13cef3635f2e5ad96290a4d047f6fb0394788ed3c66033684,c21668f0156d39abce1698fcb689a978592413c7949c58a59a8f0b220164622d
R6_reacher_01a7354c1ecb23a787077139,REFIT_103203,R4_ALT_CEM_1,REPEAT3_REALACT,COMPLETE,1,False,True,30a2cfc1b0ac2972e95ba9af03c538587a52a71cdfa82e8dba2809b550d18afd,c21668f0156d39abce1698fcb689a978592413c7949c58a59a8f0b220164622d
R6_reacher_01a7354c1ecb23a787077139,REFIT_103203,R4_ALT_CEM_2,H_POLICY,FRESH_PAIRED_CONTROL,1,False,,287483efbe9096bd835c71f357e464e54f143ab0d8177e3faa02efe9194dae54,
R6_reacher_01a7354c1ecb23a787077139,REFIT_103203,R4_ALT_CEM_2,REAL3_NULLACT,COMPLETE,1,False,True,aac38864cff14f43e5219b5cbae6a32da1ced36ca1b2dbba7a52235abe67279e,f51db7a1d90667cb35a651f6f4878f6a9a86cb9589738511381f4e92d7dcde1e
R6_reacher_01a7354c1ecb23a787077139,REFIT_103203,R4_ALT_CEM_2,REPEAT3_REALACT,COMPLETE,1,False,True,ce500dc7b655df231d5bb6580b88c9c7a03038da4ab2cd6137dbe24030f21c4c,f51db7a1d90667cb35a651f6f4878f6a9a86cb9589738511381f4e92d7dcde1e
R6_reacher_01f4491b43897667d92d30bf,H0,R3_ORIGINAL,H_POLICY,FRESH_PAIRED_CONTROL,1,True,,21e6d40df402d4f461420a6c824d3524474d6bae8b80b9ec9c32bddd4905dfff,
R6_reacher_01f4491b43897667d92d30bf,H0,R3_ORIGINAL,REAL3_NULLACT,COMPLETE,1,True,True,5fc0e74230cd9c2fc027bc6aafac50843c82157c32883a57b35ddd385c2c973f,d40ebbbff22d98f29ff12ed894ff9b9e909ed7a365806d1d4de3a92803e3f637
R6_reacher_01f4491b43897667d92d30bf,H0,R3_ORIGINAL,REPEAT3_REALACT,COMPLETE,1,True,True,346c122add8d6fc93949c245df540792ebf4b857a3eb0e401b13c079c689bd30,a576f6c5a553d72807708f45219806892df501965c9eb6d9c0c5b950488c8792
R6_reacher_01f4491b43897667d92d30bf,H0,R4_ALT_CEM_1,H_POLICY,FRESH_PAIRED_CONTROL,0,True,,4cfe1bb39d9b0d2dd17770071a5f85b021448e077a7696eeacb50625c22f2a30,
R6_reacher_01f4491b43897667d92d30bf,H0,R4_ALT_CEM_1,REAL3_NULLACT,COMPLETE,1,True,True,b058edfc17756bd44565f5d579635656640c754b69911066078f67b97420e4ad,a6491d0b5f32b997753ef3c452a88f3719915085d87e8bd6c2d9d7738cb36d2b
R6_reacher_01f4491b43897667d92d30bf,H0,R4_ALT_CEM_1,REPEAT3_REALACT,COMPLETE,1,True,True,76eff38ead98b280231c1bd9bc0c5881c77c9b2200515cdfc8cec1b40e68df71,3438613b15a88f9681d4bfed649b7422055b370a4d4dc2b4dca9dd11c4a599a5
R6_reacher_01f4491b43897667d92d30bf,H0,R4_ALT_CEM_2,H_POLICY,FRESH_PAIRED_CONTROL,0,True,,d061f68b588505114935deba4268a018404c2582c2b575730c709f2bb73ea4ac,
R6_reacher_01f4491b43897667d92d30bf,H0,R4_ALT_CEM_2,REAL3_NULLACT,COMPLETE,0,True,True,e78f89b8ebca1338400a51b5ff28c8b9a74151a5bc9d506047a52304009e3000,36c4d66a62ecbb21335460dbd1e7464dd6905de0fa1077c56a13e5982418d41a
R6_reacher_01f4491b43897667d92d30bf,H0,R4_ALT_CEM_2,REPEAT3_REALACT,COMPLETE,0,True,True,7d2ddd7a976a4962cc5a8b0ae1ab0e9cc16dbeee3579f8fc05a4335b4cd7ca24,2b0ed8e8e17a265660f07c707e4777d1fbd83c7a12eb4d048c163ed37a97c600
R6_reacher_01f4491b43897667d92d30bf,REFIT_103201,R3_ORIGINAL,H_POLICY,FRESH_PAIRED_CONTROL,1,True,,05ec2f4856b451243cfcf79b4a84298802c68a0c078d307e471839dad04560a1,
R6_reacher_01f4491b43897667d92d30bf,REFIT_103201,R3_ORIGINAL,REAL3_NULLACT,COMPLETE,0,True,True,ae3e5a63d42533f01013139c21d3b7c66d6de6d80fd7a8d42163f1efccd736d5,9f67ffef42407ea2707c7b2728956b0e02745659361f4387ea8ffae30120e810
R6_reacher_01f4491b43897667d92d30bf,REFIT_103201,R3_ORIGINAL,REPEAT3_REALACT,COMPLETE,1,True,True,3f06a63b8a724bf0b8101335ee81998c6ee473c4d22e7ba261d7dad7f65622ad,6c967f1fdc6e176db52f964125873dbb83deb51c5ba00ff6ea297eb28280eaea
R6_reacher_01f4491b43897667d92d30bf,REFIT_103201,R4_ALT_CEM_1,H_POLICY,FRESH_PAIRED_CONTROL,1,True,,74d9a1e4365b0d4d85c991a4bb5f69b8a07c053e826c2e212ff14f062ce2fcaa,
R6_reacher_01f4491b43897667d92d30bf,REFIT_103201,R4_ALT_CEM_1,REAL3_NULLACT,COMPLETE,1,True,True,05e771e444f16eef3d75ed8dd68e5a1e868fb6eb6db5d4a589427d4b394f59d9,843859e992a521c78993c39c08eca17aa4f305ff792fdec0dc66fd783e11a80d
R6_reacher_01f4491b43897667d92d30bf,REFIT_103201,R4_ALT_CEM_1,REPEAT3_REALACT,COMPLETE,1,True,True,779a1647ec4e72efb21339b6a59cb60f884af4434b92c6093e7de0f476f76ad4,6c21947b99cad7938f19e37afd00d789064f4e89850d993425d26ddfa95aba1a
R6_reacher_01f4491b43897667d92d30bf,REFIT_103201,R4_ALT_CEM_2,H_POLICY,FRESH_PAIRED_CONTROL,0,True,,d8c36562919aa39185e0ba5bc24e0b959e57c20600df1e6d3f171e6db82da400,
R6_reacher_01f4491b43897667d92d30bf,REFIT_103201,R4_ALT_CEM_2,REAL3_NULLACT,COMPLETE,0,True,True,889e979ea5cfe25021dd02dce1005ce7d10b0fd082e3873d7a191db93fc529ee,83f74681a9b783ca926190eab3a80b9e042670a537de48f19e88e4d764c242bb
R6_reacher_01f4491b43897667d92d30bf,REFIT_103201,R4_ALT_CEM_2,REPEAT3_REALACT,COMPLETE,1,True,True,89945cf03096ce6d0193d3cdb882bff37ff4cd7bbbba005bcc899cfd18162c6b,a9b0a7628d64af13ad87669272a5a719f8dd6f49d8a171b5883dab1ea3bcfdc8
R6_reacher_01f4491b43897667d92d30bf,REFIT_103202,R3_ORIGINAL,H_POLICY,FRESH_PAIRED_CONTROL,1,True,,93f260d44cec9a0c07dec1b879d41c2158b7523cd83241f72fa56bae869a63bb,
R6_reacher_01f4491b43897667d92d30bf,REFIT_103202,R3_ORIGINAL,REAL3_NULLACT,COMPLETE,1,True,True,72da1128cfa599f16b1ae82d8dbd4746f5af588408a8c6d322d7e9067e68a114,77c63237931032f05d9cac3c6b14edcffe6621c0834fc8d654b4fff1f6a268b4
R6_reacher_01f4491b43897667d92d30bf,REFIT_103202,R3_ORIGINAL,REPEAT3_REALACT,COMPLETE,1,True,True,5b19e03c6d517563af483be47ef30f3d7fddc449da91cd13d2db248e2a1cf45a,78bc14ca084277c32ed05b619e42c743280efce74598d6354272ba23a1214e07
R6_reacher_01f4491b43897667d92d30bf,REFIT_103202,R4_ALT_CEM_1,H_POLICY,FRESH_PAIRED_CONTROL,1,True,,48747299709898af40de43f5943ad16831a67d1ff227b7810a9d10eaea38a8f6,
R6_reacher_01f4491b43897667d92d30bf,REFIT_103202,R4_ALT_CEM_1,REAL3_NULLACT,COMPLETE,0,True,True,0be28b7eb5e69236466461d026454dc0e4ef5484791caf60fd4df09c04498aac,92bf1634c7e02f98c521552d56ebcbbe1e714a9e71c425ca1a6a09cd5677562e
R6_reacher_01f4491b43897667d92d30bf,REFIT_103202,R4_ALT_CEM_1,REPEAT3_REALACT,COMPLETE,1,True,True,cadfc8179a68a176467e0da3bb94e709d792325d144a0f6a1836deaeae6e6f01,2f6c7eb2ecfcd7529234902907ef72fe97a9611e65e85f21ee6c81651b1e476e
R6_reacher_01f4491b43897667d92d30bf,REFIT_103202,R4_ALT_CEM_2,H_POLICY,FRESH_PAIRED_CONTROL,1,True,,79385a0b4b15f8c3f2f70ad23d411b7ceec92835bd2db1a6dd37d13485d4fe20,
R6_reacher_01f4491b43897667d92d30bf,REFIT_103202,R4_ALT_CEM_2,REAL3_NULLACT,COMPLETE,0,True,True,4dc105a4489c88367dd95b1bc28c5e9c9e95f087530d893e7984d029e685c830,ca275d56e47abc30225592fc5281705ed918cf816e272ab466ee4837e6e58d24
R6_reacher_01f4491b43897667d92d30bf,REFIT_103202,R4_ALT_CEM_2,REPEAT3_REALACT,COMPLETE,0,True,True,3c00ab75492f900652dff1107048880d5c412e48c2f030cb1bd0f8ae8a55e4ad,f28cad010cdf624d40b75561b819e1c8e300062b7b848cd116e50b38c6fec63d
R6_reacher_01f4491b43897667d92d30bf,REFIT_103203,R3_ORIGINAL,H_POLICY,FRESH_PAIRED_CONTROL,1,True,,6670f2fee68eda47b5ecf0dc8063ae1b3f5a8a3833ff3965fb7daee12f81366b,
R6_reacher_01f4491b43897667d92d30bf,REFIT_103203,R3_ORIGINAL,REAL3_NULLACT,COMPLETE,1,True,True,11d61601d61aca0e5054aa0ebb46a94ed7c6fce6e580a3a5c01956282ee01b3a,0f18d893238e7fe44c3546a6477b26622fdd431bf57b4e7247b868b78c0583a8
R6_reacher_01f4491b43897667d92d30bf,REFIT_103203,R3_ORIGINAL,REPEAT3_REALACT,COMPLETE,1,True,True,207ababfa373dd3ecad1abc0ae2aca27ed8c0721b819a2c44bfceb6349008944,660994063fa78176e2778ab908fb6459e4f7c4dc1177a17386ac77e5471a6a0b
R6_reacher_01f4491b43897667d92d30bf,REFIT_103203,R4_ALT_CEM_1,H_POLICY,FRESH_PAIRED_CONTROL,1,True,,b585cf86161f649268c85247f44b409e8a7f77077b043758435a58faac70ffad,
R6_reacher_01f4491b43897667d92d30bf,REFIT_103203,R4_ALT_CEM_1,REAL3_NULLACT,COMPLETE,0,True,True,c01d24d72800ea859654c56c54df56df96df80f98d44aa605202bebf5bbd28a1,1c1148f1e07e5c5b5a0c2117a29bf183f029710666b21a1a01c65fab7bf206a8
R6_reacher_01f4491b43897667d92d30bf,REFIT_103203,R4_ALT_CEM_1,REPEAT3_REALACT,COMPLETE,0,True,True,af556091a5c324a88aa146a6bce2cb18301e6ab9108ec390cc89ca151cd030d8,f7d7d783b256b40d1ea28ecbe7414e209686c0c33e69576ec0558ce0417ac950
R6_reacher_01f4491b43897667d92d30bf,REFIT_103203,R4_ALT_CEM_2,H_POLICY,FRESH_PAIRED_CONTROL,1,True,,244120ba18130c31d362ea979f3d289df76892c49948ae451d155d7b6a20ddf7,
R6_reacher_01f4491b43897667d92d30bf,REFIT_103203,R4_ALT_CEM_2,REAL3_NULLACT,COMPLETE,0,True,True,4889f66ad265ecbaf91aae3cc3101958af3bc11a3b2b977c0e7809bbd7741974,84cbc57656190f39538987f9eeab9185896fba7c07c33a6ed6b4d85e650d63b6
R6_reacher_01f4491b43897667d92d30bf,REFIT_103203,R4_ALT_CEM_2,REPEAT3_REALACT,COMPLETE,1,True,True,b540f6ee47e787ccb01993cc13e45232f4012fe71fc2f2c829a555eb6ad9e0ea,f32b06e4da4c646ece6ac6d0884d219771be73bd3019fce09f538f3af9973c1b
R6_reacher_01f5771f4bd3fe2f344b4afe,H0,R3_ORIGINAL,H_POLICY,FRESH_PAIRED_CONTROL,1,True,,b8c1839099e0ed93adaa75327431b9d59c974b5edea74d393f11e22335cec1cb,
R6_reacher_01f5771f4bd3fe2f344b4afe,H0,R3_ORIGINAL,REAL3_NULLACT,COMPLETE,1,True,True,9978d058b3761637ac76ad41d54875e3c55bc4cec1646fba4d8b392ab252e28d,e04e3fdb47b37cb6f04014e7598b7f5242b44921ea079afffc37b7262eb52e7e
R6_reacher_01f5771f4bd3fe2f344b4afe,H0,R3_ORIGINAL,REPEAT3_REALACT,COMPLETE,1,True,True,8255f9cf0c073958cbfe0cba64399a109733ec2a71413bfe3f1c40c2b3ecac6b,a37b94271f109bbc695b376c1b40d6ca11c28d300ae146d4be7c51ffad3aebec
R6_reacher_01f5771f4bd3fe2f344b4afe,H0,R4_ALT_CEM_1,H_POLICY,FRESH_PAIRED_CONTROL,1,False,,e1125ff9026d52be441a5a743f7397df5927d8e36ac47eef22295d7d76cc8976,
R6_reacher_01f5771f4bd3fe2f344b4afe,H0,R4_ALT_CEM_1,REAL3_NULLACT,COMPLETE,1,False,True,8d8c1f7512027f88d46d1710369c1bd3953cfbcb5002348d484ffab4310ce604,13475e9fa5a91c16a2d4c2f1ea9a40bcc0ae6bcd2e31587f8330192498c548bf
R6_reacher_01f5771f4bd3fe2f344b4afe,H0,R4_ALT_CEM_1,REPEAT3_REALACT,COMPLETE,1,False,True,b6816f3b1f9381f5c4e94d2c22bc02ada016bfeebddc621e61757e80e6e7b50f,13475e9fa5a91c16a2d4c2f1ea9a40bcc0ae6bcd2e31587f8330192498c548bf
R6_reacher_01f5771f4bd3fe2f344b4afe,H0,R4_ALT_CEM_2,H_POLICY,FRESH_PAIRED_CONTROL,1,False,,0ad4c77022749a5f424abf48591766fbef105745297e29d2f48926ba47fb9294,
R6_reacher_01f5771f4bd3fe2f344b4afe,H0,R4_ALT_CEM_2,REAL3_NULLACT,COMPLETE,1,False,True,e21b5085f142c8966ebb01f868b030eb5e43b228cf3fc0d7e9280f988e899e47,8c2a1bac85e2ef23bacf96d036d3af55425a4defecc6cce09bc355d90aee4f99
R6_reacher_01f5771f4bd3fe2f344b4afe,H0,R4_ALT_CEM_2,REPEAT3_REALACT,COMPLETE,1,False,True,d1dd52b86c655119e4f3eeea5226618a3df5528eea9adfd9b9db0520a46d38bf,8c2a1bac85e2ef23bacf96d036d3af55425a4defecc6cce09bc355d90aee4f99
R6_reacher_01f5771f4bd3fe2f344b4afe,REFIT_103201,R3_ORIGINAL,H_POLICY,FRESH_PAIRED_CONTROL,1,True,,342133ed30f0e54682654a2baf93d5762d7ea42e247233ac6cedaa2d40ecb238,
R6_reacher_01f5771f4bd3fe2f344b4afe,REFIT_103201,R3_ORIGINAL,REAL3_NULLACT,COMPLETE,1,True,True,0894ebb139c8d07a7978e1821f33a50e116c74d0b2b4abe0085b4308225e936e,f8d4ca77469cd9f263491922a44c04f4258f7e8213cbeb6e67227e3931b3e312
R6_reacher_01f5771f4bd3fe2f344b4afe,REFIT_103201,R3_ORIGINAL,REPEAT3_REALACT,COMPLETE,1,True,True,7b3114c7aadd14db69925315f31ccb6ff00830a6b86217d6a2312afc816fa215,25dea6422deae80f284a0152e9caab65eb39d76b740c30a388dba084c5e82d38
R6_reacher_01f5771f4bd3fe2f344b4afe,REFIT_103201,R4_ALT_CEM_1,H_POLICY,FRESH_PAIRED_CONTROL,1,False,,0bccdaa869547f5f9031c835daac7c37d7fe523c3c370da4ad670a47e5e31cbc,
R6_reacher_01f5771f4bd3fe2f344b4afe,REFIT_103201,R4_ALT_CEM_1,REAL3_NULLACT,COMPLETE,1,False,True,8cc701ecbe7c0ef1d73836681cd62829e8545be0cba3a8c99f436cecb493df2f,57d734c93cd334b18964a3e93bffa4b535dd38c0e10c670e5a9e56025d080ee9
R6_reacher_01f5771f4bd3fe2f344b4afe,REFIT_103201,R4_ALT_CEM_1,REPEAT3_REALACT,COMPLETE,1,False,True,60914edc090577c20fb70d9f19647edc8d3089af2e5f8060dc604ae2a1850ee5,57d734c93cd334b18964a3e93bffa4b535dd38c0e10c670e5a9e56025d080ee9
R6_reacher_01f5771f4bd3fe2f344b4afe,REFIT_103201,R4_ALT_CEM_2,H_POLICY,FRESH_PAIRED_CONTROL,1,False,,94aff289e4441bef3b1e7374510f475ba95dc5d4d13031c396855bd379271fcb,
R6_reacher_01f5771f4bd3fe2f344b4afe,REFIT_103201,R4_ALT_CEM_2,REAL3_NULLACT,COMPLETE,1,False,True,3f5e921e441a09d32f9473216821c809da8ef7f7e39f2a62d7e87957bafc635e,82c38ea8d5a74a1fa847d3e01d76fb059ba4a0d7605390821f1121800364b303
R6_reacher_01f5771f4bd3fe2f344b4afe,REFIT_103201,R4_ALT_CEM_2,REPEAT3_REALACT,COMPLETE,1,False,True,4c164339ef683e368ccc2ce5c3964130a34ca21900e66007d85b77c477a4aeaf,82c38ea8d5a74a1fa847d3e01d76fb059ba4a0d7605390821f1121800364b303
R6_reacher_01f5771f4bd3fe2f344b4afe,REFIT_103202,R3_ORIGINAL,H_POLICY,FRESH_PAIRED_CONTROL,1,False,,1c7492adeaae9f6d37a2011870b3cf18cb102bd92522de8536c0d9e67795d2bc,
R6_reacher_01f5771f4bd3fe2f344b4afe,REFIT_103202,R3_ORIGINAL,REAL3_NULLACT,COMPLETE,1,False,True,1826c6be05a966153e6136d5515c70888ebb896a65c70ddef354070d4f19ce73,dbc23c7899e9ebd0f94b40676b1e6c94d7b08d8167468ba33bb186522a193670
R6_reacher_01f5771f4bd3fe2f344b4afe,REFIT_103202,R3_ORIGINAL,REPEAT3_REALACT,COMPLETE,1,False,True,2a92894f601db3f8c654f74c4f7e3ec89b09897b97e6e36ef276e91277f708b5,dbc23c7899e9ebd0f94b40676b1e6c94d7b08d8167468ba33bb186522a193670
R6_reacher_01f5771f4bd3fe2f344b4afe,REFIT_103202,R4_ALT_CEM_1,H_POLICY,FRESH_PAIRED_CONTROL,1,False,,5eaf8f06eb9672ad85a8916c577296a5cb658fb9ec79b0b85ca0d3f8cd427269,
R6_reacher_01f5771f4bd3fe2f344b4afe,REFIT_103202,R4_ALT_CEM_1,REAL3_NULLACT,COMPLETE,1,False,True,e5b6b7ff3835b637a81bb9432849f9dae9f36b7f7b33989c8537754191e657ce,532a016eecd02195b1db1dd618bdd0c0455cc6249d5973b5c5f5bef21e09cf83
R6_reacher_01f5771f4bd3fe2f344b4afe,REFIT_103202,R4_ALT_CEM_1,REPEAT3_REALACT,COMPLETE,1,False,True,b496db84199269570fe112090571ac775a261dbfe7c8a9c7c7ee4aec1fb7ef17,532a016eecd02195b1db1dd618bdd0c0455cc6249d5973b5c5f5bef21e09cf83
R6_reacher_01f5771f4bd3fe2f344b4afe,REFIT_103202,R4_ALT_CEM_2,H_POLICY,FRESH_PAIRED_CONTROL,1,False,,283e54aa2587d828df220d6f40658adfc9c1ba80cf576769be0c84b6564abbfc,
R6_reacher_01f5771f4bd3fe2f344b4afe,REFIT_103202,R4_ALT_CEM_2,REAL3_NULLACT,COMPLETE,1,False,True,03f1974d8a712870847ff37036e3363627a0998d7c8d2c1aa6fdba9c9c2d8ebf,9ab0db9e46dc90d0dc13f0e67dd92744dae20a51b83433fd21645c40c3480649
R6_reacher_01f5771f4bd3fe2f344b4afe,REFIT_103202,R4_ALT_CEM_2,REPEAT3_REALACT,COMPLETE,1,False,True,e98dbbcc408f7ed13dcc86c0626694e110754d8c9c5a45469d1018e9c43f07fc,9ab0db9e46dc90d0dc13f0e67dd92744dae20a51b83433fd21645c40c3480649
R6_reacher_01f5771f4bd3fe2f344b4afe,REFIT_103203,R3_ORIGINAL,H_POLICY,FRESH_PAIRED_CONTROL,1,False,,fd5f9440ace52bc9f84437d472adabae81d996c03cf5aa821663ca63d65bc1f3,
R6_reacher_01f5771f4bd3fe2f344b4afe,REFIT_103203,R3_ORIGINAL,REAL3_NULLACT,COMPLETE,1,False,True,341048bb42f61d0ae969a429bb1d06db729a191b6a8de80d442569ebdeb306ce,821e1d293dda4518dbedaeb7864cd1e40da225a3e8be2b6422817ffb635f60ab
R6_reacher_01f5771f4bd3fe2f344b4afe,REFIT_103203,R3_ORIGINAL,REPEAT3_REALACT,COMPLETE,1,False,True,8944cdecd9aca4e30ca14447a65f462531584d4d4781e8cf60c16909e06e4be7,821e1d293dda4518dbedaeb7864cd1e40da225a3e8be2b6422817ffb635f60ab
R6_reacher_01f5771f4bd3fe2f344b4afe,REFIT_103203,R4_ALT_CEM_1,H_POLICY,FRESH_PAIRED_CONTROL,1,False,,f6eada2d45cfc1d03f1f0d08626738a557d7b5335f460b2f9e74f567d7c27815,
R6_reacher_01f5771f4bd3fe2f344b4afe,REFIT_103203,R4_ALT_CEM_1,REAL3_NULLACT,COMPLETE,1,False,True,0237b2dd7664b1b21b9764122f50158496abd202218e70d146ea845d7a4722a2,814ff88dcc37e51ef6337b345a112b066090c8d8961e751c2536bdde3d857407
R6_reacher_01f5771f4bd3fe2f344b4afe,REFIT_103203,R4_ALT_CEM_1,REPEAT3_REALACT,COMPLETE,1,False,True,170f28eca2245405c4d794d3f6e09ebd8305a28dca3329346706daad6f15a40a,814ff88dcc37e51ef6337b345a112b066090c8d8961e751c2536bdde3d857407
R6_reacher_01f5771f4bd3fe2f344b4afe,REFIT_103203,R4_ALT_CEM_2,H_POLICY,FRESH_PAIRED_CONTROL,1,False,,62ae300952ebbadc89219e098d7f0463256dd9699f9859d5cc43ea176269b562,
R6_reacher_01f5771f4bd3fe2f344b4afe,REFIT_103203,R4_ALT_CEM_2,REAL3_NULLACT,COMPLETE,1,False,True,2f67d72b42cf4a432a61a3d9deb236c79acd2fe56da315cc3aeb0da3af92c726,1f1e6ed7f7d085c8350a23592d402923ed0f3eab0a2a7aae54886fa7a04f6918
R6_reacher_01f5771f4bd3fe2f344b4afe,REFIT_103203,R4_ALT_CEM_2,REPEAT3_REALACT,COMPLETE,1,False,True,eb8c9d5b58ccf56584083bb66f915d2c50a22c48752de2eb12e39d562a363eae,1f1e6ed7f7d085c8350a23592d402923ed0f3eab0a2a7aae54886fa7a04f6918
R6_reacher_02363949abe1b34ce169a168,H0,R3_ORIGINAL,H_POLICY,FRESH_PAIRED_CONTROL,0,True,,7378b6b101f261da0a5087ab641087638577d907584c6b2e63293926f05f9a36,
R6_reacher_02363949abe1b34ce169a168,H0,R3_ORIGINAL,REAL3_NULLACT,COMPLETE,0,True,True,fa63bb5b8d7bb64c2b8f702b771b0a6c4f69762c03110cfe161f174fd33a6509,08cd16ebd678016ab51facf262c234e9aa8635459d0b90d06e9e433fbb84097a
R6_reacher_02363949abe1b34ce169a168,H0,R3_ORIGINAL,REPEAT3_REALACT,COMPLETE,1,True,True,8a97dd15f8e86e1e0636b1c901fe0aebc15d7b023f6f24f6bb32b9b2fd2e430e,32b97364921bae557a91e8ea34de29791e57d9ea641ee71fdbdc423083823dbe
R6_reacher_02363949abe1b34ce169a168,H0,R4_ALT_CEM_1,H_POLICY,FRESH_PAIRED_CONTROL,1,True,,a0d09f978a0a85d0a7c0f9a964f0d18a942d27e26dcb781784b2e1d028dfd6fa,
R6_reacher_02363949abe1b34ce169a168,H0,R4_ALT_CEM_1,REAL3_NULLACT,COMPLETE,1,True,True,57a473b8e8a86bdadc41f1495d5fbf90638e5d31e52f426d9b997202baf3add8,4eb660cec91cf7fed5310f27cb818dad97fcde02cad066fde7fb6d202aa0bf26
R6_reacher_02363949abe1b34ce169a168,H0,R4_ALT_CEM_1,REPEAT3_REALACT,COMPLETE,1,True,True,9c242dade5dfa20ceb5b419a09f16bfb919c538b462498c2add2ae7c1b30ac81,5dc9ed04d0cd9164f0e39dab03f10eb304aa64e252adc58eea0521fa6f3d0f7f
R6_reacher_02363949abe1b34ce169a168,H0,R4_ALT_CEM_2,H_POLICY,FRESH_PAIRED_CONTROL,1,True,,779ec02fa63b4337aa124c7dcebbc489dca835b65357bd1f174504709745e2f7,
R6_reacher_02363949abe1b34ce169a168,H0,R4_ALT_CEM_2,REAL3_NULLACT,COMPLETE,1,True,True,c9d2738b44e088117784be179fceaf95e7fa0f48174ce70fdf635b008af01562,38c609b876c535c310564b531781c3128a7d8e6d7c6ee055d35f38b9035fdb59
R6_reacher_02363949abe1b34ce169a168,H0,R4_ALT_CEM_2,REPEAT3_REALACT,COMPLETE,1,True,True,f53e73c765241dfb7f8068596d461b6639dd7a725245ec8227485d54036361f9,5467d2c10b6dbb7e9a13ed88f5da24155af788872386e454d3708c7ca8b818a1
R6_reacher_02363949abe1b34ce169a168,REFIT_103201,R3_ORIGINAL,H_POLICY,FRESH_PAIRED_CONTROL,0,True,,a3cd25392cf1785a44008fb6681ef8fb0cb2f3be694dbcc6b7e0f57d88c67e91,
R6_reacher_02363949abe1b34ce169a168,REFIT_103201,R3_ORIGINAL,REAL3_NULLACT,COMPLETE,0,True,True,4e6ff9ba251367b8045258100a784c06207048c5c129112bb5b3ea96ffdcaf5a,1de9baa25390a45bfc70538f529ad890f1fbfa075eb29239d62e97365d61f10f
R6_reacher_02363949abe1b34ce169a168,REFIT_103201,R3_ORIGINAL,REPEAT3_REALACT,COMPLETE,0,True,True,0efe091b114a8b1ef74fd0501a3e46103641780b438b1c7914b1f80c854c50ee,6e1d256f3ce51b3913e2e0af69496cea6a31db1ff5aa674f3926cc79816f93e5
R6_reacher_02363949abe1b34ce169a168,REFIT_103201,R4_ALT_CEM_1,H_POLICY,FRESH_PAIRED_CONTROL,0,True,,801a46e3a5414e193a85c87593c66d9cb76c47c0191823e40847c68cde134a1e,
R6_reacher_02363949abe1b34ce169a168,REFIT_103201,R4_ALT_CEM_1,REAL3_NULLACT,COMPLETE,0,True,True,34006d278bd0cc028f0d96d4da03d5ec1eeea3dfb98182e3680e08db8d621b5e,1989a89b383a7deae326e63351f08533598bac425bf93ab5eb9b0d41f533bdc6
R6_reacher_02363949abe1b34ce169a168,REFIT_103201,R4_ALT_CEM_1,REPEAT3_REALACT,COMPLETE,1,True,True,561b4f15af39758877dd0519fbe139252c640ed0684e23ac4dc318884ee95326,2ba41d4eef82f9f56a629d83001793812296fe5dc489dac7609a6d2db30a9825
R6_reacher_02363949abe1b34ce169a168,REFIT_103201,R4_ALT_CEM_2,H_POLICY,FRESH_PAIRED_CONTROL,1,True,,320ddf05b63f3d9fabaa10842a8ae7dc6e632d5ebfedb59166d33badcf80a954,
R6_reacher_02363949abe1b34ce169a168,REFIT_103201,R4_ALT_CEM_2,REAL3_NULLACT,COMPLETE,1,True,True,89cbe4160521278990fb1ca83c18f85131b4f120b1d17a75ab89ea25a02f6264,415491652886c8a62860b87057fa95c52f3f1d10ee9d8581514a56549637537d
R6_reacher_02363949abe1b34ce169a168,REFIT_103201,R4_ALT_CEM_2,REPEAT3_REALACT,COMPLETE,1,True,True,72d2ed3efa2e2d23fd067ca4589973c78008c7e1e49d4873fa9f5976fc5ed41c,433655693b8313ad282061a71f9c8a39396169d205c9ca631079a3d0514f941d
R6_reacher_02363949abe1b34ce169a168,REFIT_103202,R3_ORIGINAL,H_POLICY,FRESH_PAIRED_CONTROL,0,True,,185c2aac2c5ae99c6253c3573e21b9123c1797880fbd181779b1395647c2cd78,
R6_reacher_02363949abe1b34ce169a168,REFIT_103202,R3_ORIGINAL,REAL3_NULLACT,COMPLETE,0,True,True,fba7ad19b5f51b48057992809d75c11dba099cd6e9f47f9948485fbcea7646e1,f4c9682eceed29153af9a21b7881503e153b53632c5def2626e252584f7f21b6
R6_reacher_02363949abe1b34ce169a168,REFIT_103202,R3_ORIGINAL,REPEAT3_REALACT,COMPLETE,0,True,True,bc130735d306d2f0f9d4d531cf501257c68b9132bbd1ffbf18b0d3e20acb9e15,8033a47054a555e3b991f9b4256c064a5ec3ca3a954cf376f16e8fe0a4bc2856
R6_reacher_02363949abe1b34ce169a168,REFIT_103202,R4_ALT_CEM_1,H_POLICY,FRESH_PAIRED_CONTROL,0,True,,9799f9d3e4cbc8deabbfcd3dc16fcfb1fbaaaa8e2ec0b6cffb36dcfb2d8f02f9,
R6_reacher_02363949abe1b34ce169a168,REFIT_103202,R4_ALT_CEM_1,REAL3_NULLACT,COMPLETE,0,True,True,64df6cc39c68d1ce508f31fe9c03e4fe09b1ab6453e3c38897324e81bd006c42,3115553ff8050181f9d911378a5b328b65d49988b57ea6972f1ef67aa6f7ecd1
R6_reacher_02363949abe1b34ce169a168,REFIT_103202,R4_ALT_CEM_1,REPEAT3_REALACT,COMPLETE,1,True,True,6481de92520ecdc7ac90449dd9b9f1d016113e31715db02fc61a0c4e4838fa26,803a22e1378f172a42e784c7ad6d2d0c358397a4c170c07683f43a6d0e432ae5
R6_reacher_02363949abe1b34ce169a168,REFIT_103202,R4_ALT_CEM_2,H_POLICY,FRESH_PAIRED_CONTROL,0,True,,5b8c89d93dc2303d7c502694d3cbd1b4e12015da01da9852ea7a918a80bce992,
R6_reacher_02363949abe1b34ce169a168,REFIT_103202,R4_ALT_CEM_2,REAL3_NULLACT,COMPLETE,0,True,True,314cc0e958a1eab795ff445c55f6e7f96cd469152a8a09652cf58c2b0692b800,0f0ac34372f61b2b561cf8dfc81ec5df69fedf82c2a4db1784191d58505ebb48
R6_reacher_02363949abe1b34ce169a168,REFIT_103202,R4_ALT_CEM_2,REPEAT3_REALACT,COMPLETE,1,True,True,49e7e942c2f88e3d019043f24cb1aff8e35a2f769b2976ce050f0eb407ef0bed,576fd76e3fe2ad0c4a4c03f7667472de1367fc92c798980f5b82f06375f80926
R6_reacher_02363949abe1b34ce169a168,REFIT_103203,R3_ORIGINAL,H_POLICY,FRESH_PAIRED_CONTROL,0,True,,b65ab7f472d72728a397bc7ed9ae92670178e6439babd9e1f93175000680a5f0,
R6_reacher_02363949abe1b34ce169a168,REFIT_103203,R3_ORIGINAL,REAL3_NULLACT,COMPLETE,0,True,True,b1b96e3de8d2b1bd0739f518f6ac8842ddc7cedb70791632b38c5fba1e7f08ac,cbd2bfcbc2a30b00ea06b14a10b7b039705e9d9928e823c63b61287549a824e7
R6_reacher_02363949abe1b34ce169a168,REFIT_103203,R3_ORIGINAL,REPEAT3_REALACT,COMPLETE,1,True,True,d282ecc37220d5a5062727b068c0c5939aac79a2566401341f883ab70ec6edc6,0c91da0d0a28b5d54fc4c1ee47ae52c7cc7234a654a52a389ad90cae5287fc0e
R6_reacher_02363949abe1b34ce169a168,REFIT_103203,R4_ALT_CEM_1,H_POLICY,FRESH_PAIRED_CONTROL,1,True,,47161a2089da006938a5f1c06b6c4c9520107b2eec1b9c24e4f5b566c91b4c6e,
R6_reacher_02363949abe1b34ce169a168,REFIT_103203,R4_ALT_CEM_1,REAL3_NULLACT,COMPLETE,1,True,True,43306364974f108c0f6ee5661c82994871f53977b17ba46a00239b1e339559ce,eba3b204b316725f19282beb70db2d4d395742f45d45ad0a5508510fb053dc34
R6_reacher_02363949abe1b34ce169a168,REFIT_103203,R4_ALT_CEM_1,REPEAT3_REALACT,COMPLETE,0,True,True,c647253443834c75c7485df7e5626bed1702bf3c2a549806197b3c9b0db85041,82428e137827fde7ca90e6eb6e997e96c80bca56ba90c615928badc91e29e80e
R6_reacher_02363949abe1b34ce169a168,REFIT_103203,R4_ALT_CEM_2,H_POLICY,FRESH_PAIRED_CONTROL,0,True,,e8fe6c93bbe0a6900dd0660183779d7dd6272ab09712763d0f3df33fd348a36c,
R6_reacher_02363949abe1b34ce169a168,REFIT_103203,R4_ALT_CEM_2,REAL3_NULLACT,COMPLETE,0,True,True,f32c80a9f1e8a4925ef29e3534284094cec733ec9c360fb02d8440fb1d394722,cc6d0a3f4648589d80cc2199e0f90f021bbae47cacba441b14493a822740390a
R6_reacher_02363949abe1b34ce169a168,REFIT_103203,R4_ALT_CEM_2,REPEAT3_REALACT,COMPLETE,1,True,True,a2ab9109609b9704d0b15e2f3e6c43f67195e5f042548165fb5a25fe05fe092a,42f7c2a5729609972c450ef8cbda354cfe64986f2570511d26771f6e5308568c
R6_reacher_0236acda3799285bc7c01150,H0,R3_ORIGINAL,H_POLICY,FRESH_PAIRED_CONTROL,1,True,,c86ac7a6d234c24c09f752bfb47c09c91c3dd7b24c01b3a05003a29ee69588fa,
R6_reacher_0236acda3799285bc7c01150,H0,R3_ORIGINAL,REAL3_NULLACT,COMPLETE,1,True,True,a063ae61fed8c4a51d89753ba81fa5d64baa7870c739e626512aaf887bef0dec,640772f79eb8118d9e0a4a10d4d7cf5673e276a8d7f894a8f98d77e06c3c2b63
R6_reacher_0236acda3799285bc7c01150,H0,R3_ORIGINAL,REPEAT3_REALACT,COMPLETE,1,True,True,9674653051268d03123d9acbcad7a9be35d88bac8654bbe58e78e54c44415d7f,25fd3858849c6ec0f2a54b325e223552bd785c6ad9ebeddbb1cb1648ac3895c1
R6_reacher_0236acda3799285bc7c01150,H0,R4_ALT_CEM_1,H_POLICY,FRESH_PAIRED_CONTROL,1,False,,1c943b8b1339a3469d49fc8db3aff6fd21f17e4ca658df1841ac2920c5be99c1,
R6_reacher_0236acda3799285bc7c01150,H0,R4_ALT_CEM_1,REAL3_NULLACT,COMPLETE,1,False,True,ba109737879c7fbd9da04a494897127f0026dd97b2738d9b2c617fa40309708d,40671848a208961a872b8f2edaebe70714c4d0d855c1e6817a9a2861ed131765
R6_reacher_0236acda3799285bc7c01150,H0,R4_ALT_CEM_1,REPEAT3_REALACT,COMPLETE,1,False,True,5a02ca991719937cb9cf785aa599b5f5a69a9862220563f43111b65c0d6fa0c6,40671848a208961a872b8f2edaebe70714c4d0d855c1e6817a9a2861ed131765
R6_reacher_0236acda3799285bc7c01150,H0,R4_ALT_CEM_2,H_POLICY,FRESH_PAIRED_CONTROL,1,True,,ea9a7310b5d3ba24f3daa97f01ae3a49d6ca1ca32963a681461e50ac60ab5bd4,
R6_reacher_0236acda3799285bc7c01150,H0,R4_ALT_CEM_2,REAL3_NULLACT,COMPLETE,1,True,True,15809e05f08b82e2b4cfd9aac0fe1232e4b75f804413b176091aec0e82597103,98d8a8de5302a6d45e4dc27343dde2228ef1995c29f840ea0f42b6504fdb7fdd
R6_reacher_0236acda3799285bc7c01150,H0,R4_ALT_CEM_2,REPEAT3_REALACT,COMPLETE,1,True,True,55600ab63655cea7f71ac28eb48e62da5dde553ac7c125da3bafd1d91b78689f,2d746fd578f903a4af7adbeb0c314ef5a549e471ddfe00b5bc6ade388e63e552
R6_reacher_0236acda3799285bc7c01150,REFIT_103201,R3_ORIGINAL,H_POLICY,FRESH_PAIRED_CONTROL,1,True,,7775ee17c65c7d8c8ed44fadcfb53e84b5b039f63dc891b80c390d48e317c426,
R6_reacher_0236acda3799285bc7c01150,REFIT_103201,R3_ORIGINAL,REAL3_NULLACT,COMPLETE,1,True,True,a7b804111ce0a1dd76764b287f7312804a971c699c2ac31d44d8f894797f33b2,1de8534685e1b1307a644e622feee99bf1f57618cf18ae8f4dcc1b09293745f6
R6_reacher_0236acda3799285bc7c01150,REFIT_103201,R3_ORIGINAL,REPEAT3_REALACT,COMPLETE,1,True,True,2ed3841be9148cc9443c206a0e7b2f59ba8978bd94449120823ddc701f1b0b73,884aa77b95bc4b851e845e6025a5c1267f139fa91004e05eaa90e3096d2d376c
R6_reacher_0236acda3799285bc7c01150,REFIT_103201,R4_ALT_CEM_1,H_POLICY,FRESH_PAIRED_CONTROL,1,True,,5ab220e38067d0d5f957e6c57a8156b6dc803e40de948e4563763848c85e1f75,
R6_reacher_0236acda3799285bc7c01150,REFIT_103201,R4_ALT_CEM_1,REAL3_NULLACT,COMPLETE,1,True,True,3f644dabcf841f0992faed7ccd618d70375c73d4982dc1ce61906a2f572d9f10,1b7252332e71ea84a89be6dab22bd51e2d4089f30f8c44426e8ee293276e4fd1
R6_reacher_0236acda3799285bc7c01150,REFIT_103201,R4_ALT_CEM_1,REPEAT3_REALACT,COMPLETE,1,True,True,8a75f88dbde5650b49cbd00609d49ec0720fbee8e5ed25f7b1b561715b2c1f66,56a8361fcef45b13054ae5ba313b0dffa5010fd321ca500fb2b72d794e9fb30d
R6_reacher_0236acda3799285bc7c01150,REFIT_103201,R4_ALT_CEM_2,H_POLICY,FRESH_PAIRED_CONTROL,1,False,,1e9103342ba2865a9b186e1d10248bde1bb1a838e81910f7be3e4092782d9c50,
R6_reacher_0236acda3799285bc7c01150,REFIT_103201,R4_ALT_CEM_2,REAL3_NULLACT,COMPLETE,1,False,True,188b8cc54d3588b9ce6225b4a1c29a8b4534574a5d5e980b4c5b0d680b053f0f,5a502c0604d13ae6ae413b73cff3386edb2f45eb3a3543dcf45ccc885097ea16
R6_reacher_0236acda3799285bc7c01150,REFIT_103201,R4_ALT_CEM_2,REPEAT3_REALACT,COMPLETE,1,False,True,1c90dfe53d764a24ce7d05409d33a9653caac057296ee4ac592c09ba6457a72b,5a502c0604d13ae6ae413b73cff3386edb2f45eb3a3543dcf45ccc885097ea16
R6_reacher_0236acda3799285bc7c01150,REFIT_103202,R3_ORIGINAL,H_POLICY,FRESH_PAIRED_CONTROL,1,True,,13ad6cdd9e74c0f5ea06d7bbb71e874844497cce114b5d1b326c6ef7041b4d4e,
R6_reacher_0236acda3799285bc7c01150,REFIT_103202,R3_ORIGINAL,REAL3_NULLACT,COMPLETE,1,True,True,ee916bc7bf386c53aa6bc523eba127d08c9b4b3b779062fd4bd498567d263f2d,ec60dcbd917831555e5ce1fb20b9fe36a0c1441bb72c8eb781a245ee01fc56c5
R6_reacher_0236acda3799285bc7c01150,REFIT_103202,R3_ORIGINAL,REPEAT3_REALACT,COMPLETE,0,True,True,5c5cb8e6d2bc8a22bbf4fb458d617c0814fa411d1aeabe733bd13f10261e964f,ac02df48c0c5ab51e88357092b1399cb463433234a987e664ad005bfbe53b785
R6_reacher_0236acda3799285bc7c01150,REFIT_103202,R4_ALT_CEM_1,H_POLICY,FRESH_PAIRED_CONTROL,1,True,,cf4971abfe4551e9f4882cdbd330ce435fd111b61890ed0a263b3543a555234a,
R6_reacher_0236acda3799285bc7c01150,REFIT_103202,R4_ALT_CEM_1,REAL3_NULLACT,COMPLETE,1,True,True,7cffc3e90c75fcc3d67efba49190d8d8026ad221c00dc404cebda789fa2e6ba6,329adfd55f011e614994aabdd1df2e510775ae8de751c825b529d52ca91b2a56
R6_reacher_0236acda3799285bc7c01150,REFIT_103202,R4_ALT_CEM_1,REPEAT3_REALACT,COMPLETE,1,True,True,5475e2d7076ca2544d76d840a53ccf1a0b49f16e145896710fc9658291323d06,39b91aa493a00b996505c318e0a3640b9c1a067ad7ff34a4332e4d9433579d9c
R6_reacher_0236acda3799285bc7c01150,REFIT_103202,R4_ALT_CEM_2,H_POLICY,FRESH_PAIRED_CONTROL,0,True,,b7c9af37cf539ca1f191b51f61414e5158159fee74a7383adea953b2cd618748,
R6_reacher_0236acda3799285bc7c01150,REFIT_103202,R4_ALT_CEM_2,REAL3_NULLACT,COMPLETE,1,True,True,7af28cd8fa336913770929b21517e5636f5c27e93a97e1f49436b90f205e7ac0,51f666d972fb182efcd3ebc05e7d96bea0f51be980fb16779acbe6327c384e34
R6_reacher_0236acda3799285bc7c01150,REFIT_103202,R4_ALT_CEM_2,REPEAT3_REALACT,COMPLETE,1,True,True,16fb31fdf5aa39b1e8c39e2ce648cbc19c55ac21f0f4c0728a3c42be7fdbdae7,b5fd64d90faed7d613439f72c48bf8c59f897d01b4291fc9ad594d94db0b5a12
R6_reacher_0236acda3799285bc7c01150,REFIT_103203,R3_ORIGINAL,H_POLICY,FRESH_PAIRED_CONTROL,1,True,,09b84950321c3d58a652363acf0c82a52e274e6f4b038faa57aee0a8edbd0f1d,
R6_reacher_0236acda3799285bc7c01150,REFIT_103203,R3_ORIGINAL,REAL3_NULLACT,COMPLETE,1,True,True,e53b3d6f469fb3114cfc5324f304dc066dc58cd0997cf3136c4d3fee481d4327,5cfacd3f6b45d340e44e59cf2c8f0e504475e17d14e76a92e407066130ccf50d
R6_reacher_0236acda3799285bc7c01150,REFIT_103203,R3_ORIGINAL,REPEAT3_REALACT,COMPLETE,1,True,True,944c9eacb9fed32873ae4c81031e37340cecbab451a0638b66d4dd4ea6de9de3,4795d1190f523bb390e18162768e1270276543b24ab29748c3cdc436e7aabcd5
R6_reacher_0236acda3799285bc7c01150,REFIT_103203,R4_ALT_CEM_1,H_POLICY,FRESH_PAIRED_CONTROL,1,True,,277c99efe8ec1a62231e47bb67bbe66f2a40bb3816eac44de5ac0365cb0789bd,
R6_reacher_0236acda3799285bc7c01150,REFIT_103203,R4_ALT_CEM_1,REAL3_NULLACT,COMPLETE,1,True,True,37c2934da7f75b1654dfac9e0dae69ee99032508722f25e45e1767a98ad4dc21,d7abb81d0ce474416d5008f9d078bc5d730f7ce4599382c8ce68eeca45603d33
R6_reacher_0236acda3799285bc7c01150,REFIT_103203,R4_ALT_CEM_1,REPEAT3_REALACT,COMPLETE,1,True,True,dc89cb2c7ac0837f2f6cb11ef0f41bffa61a9636dd19396ea80e057cbf3cb1c5,cba6fba0fd0db04529956a9482b42f2827b68e435ddd945c82df620a4f90d240
R6_reacher_0236acda3799285bc7c01150,REFIT_103203,R4_ALT_CEM_2,H_POLICY,FRESH_PAIRED_CONTROL,1,False,,3bbc5323339e34473c08e52835d57affceddb5bc4f3150429c3857b34af5edb3,
R6_reacher_0236acda3799285bc7c01150,REFIT_103203,R4_ALT_CEM_2,REAL3_NULLACT,COMPLETE,1,False,True,04172b7a08b24d0da07f635b3bd6fb4497a0f352063463e0a06ecf29bce7754b,9f3bb41f88ded53a460cacef1e908cb29a704541975e57fdf5ea89a920236066
R6_reacher_0236acda3799285bc7c01150,REFIT_103203,R4_ALT_CEM_2,REPEAT3_REALACT,COMPLETE,1,False,True,7a890965dc00642083f633b3e1c14017e5d095fc4dbe26ff07f8adab0795b134,9f3bb41f88ded53a460cacef1e908cb29a704541975e57fdf5ea89a920236066
R6_reacher_0240bbadbe9657118f04a00f,H0,R3_ORIGINAL,H_POLICY,FRESH_PAIRED_CONTROL,1,True,,3dc74d96005fb74c484523b70625073c7580795cb7fca436b9240508d944276f,
R6_reacher_0240bbadbe9657118f04a00f,H0,R3_ORIGINAL,REAL3_NULLACT,COMPLETE,1,True,True,e3afbe4a08492d18f05b16a254f4313a48d191d99342cad804564bceb4b39bcf,bb3fe2624077b8dfca0f20af43abb06537313a933ea3cc823ac56cd6fd971db6
R6_reacher_0240bbadbe9657118f04a00f,H0,R3_ORIGINAL,REPEAT3_REALACT,COMPLETE,0,True,True,de0b3721a6e6e087a7f37f663bf3e5826d4f833929f790b12f442faaf348a828,a2f89bf30f0609400b1ed735491795170f44bba331eb5ea944298ce50ad1ca65
R6_reacher_0240bbadbe9657118f04a00f,H0,R4_ALT_CEM_1,H_POLICY,FRESH_PAIRED_CONTROL,1,False,,29a9e1a10398718522efec91279a3222d19cee058662fda9b4f8113298447c60,
R6_reacher_0240bbadbe9657118f04a00f,H0,R4_ALT_CEM_1,REAL3_NULLACT,COMPLETE,1,False,True,4c7c62ec5b028f686155a8136b5af2779bfc04a1769bad0dbf60ade9e92aeb34,aeae006fe0e9a542db78d1e737bfa97168980f6dfc56fad58609596de484d0c8
R6_reacher_0240bbadbe9657118f04a00f,H0,R4_ALT_CEM_1,REPEAT3_REALACT,COMPLETE,1,False,True,da477c7abb883b906effaf295262d354d007723315c999ee75ab4da2bf041a84,aeae006fe0e9a542db78d1e737bfa97168980f6dfc56fad58609596de484d0c8
R6_reacher_0240bbadbe9657118f04a00f,H0,R4_ALT_CEM_2,H_POLICY,FRESH_PAIRED_CONTROL,1,False,,27a49a8a8329bfce336e469faecf9f3c8f5ad9af583f2741e2dcff1601c039b6,
R6_reacher_0240bbadbe9657118f04a00f,H0,R4_ALT_CEM_2,REAL3_NULLACT,COMPLETE,1,False,True,17dd3a13a39103e6f6c31fe421450d5ffcc3d89f04fecd9fde18dff80429df32,6bde45cfab5f7c946a0b40c117fcfe1b16c79061789979762cd4c4057e4bd6e8
R6_reacher_0240bbadbe9657118f04a00f,H0,R4_ALT_CEM_2,REPEAT3_REALACT,COMPLETE,1,False,True,1b7ab240781b92530820eef95ee6e607405effbd1658a414007f32e63c8b8c3e,6bde45cfab5f7c946a0b40c117fcfe1b16c79061789979762cd4c4057e4bd6e8
R6_reacher_0240bbadbe9657118f04a00f,REFIT_103201,R3_ORIGINAL,H_POLICY,FRESH_PAIRED_CONTROL,1,True,,f24cb8c95b74b2073ab1a6a5e3732ff4b3b1d05e01b0c67cc522b88c4076a05c,
R6_reacher_0240bbadbe9657118f04a00f,REFIT_103201,R3_ORIGINAL,REAL3_NULLACT,COMPLETE,1,True,True,7a76f9daa22414ed4c0498ea9c1ce23a28006ab5194acb0d6a645470ff188e18,19c9f0efa98f68ebc3ab063284db638078dfd0fd145518d8d2435518d9045d2b
R6_reacher_0240bbadbe9657118f04a00f,REFIT_103201,R3_ORIGINAL,REPEAT3_REALACT,COMPLETE,1,True,True,4da46f9b2c4e0c834bc30e36b0f39cb0ecacb35c11e72bca151ff5509b8870a6,4a8bf059f03b85e1aee75ac9379c15b5b68b47e63f6f45e4c767487b79eda470
R6_reacher_0240bbadbe9657118f04a00f,REFIT_103201,R4_ALT_CEM_1,H_POLICY,FRESH_PAIRED_CONTROL,1,True,,317a191bdc879a77779cf53321b55a65756a3785a181fc1667d85edf215e6620,
R6_reacher_0240bbadbe9657118f04a00f,REFIT_103201,R4_ALT_CEM_1,REAL3_NULLACT,COMPLETE,1,True,True,5075e623eac3eb954403fa3c77e84ed8bcb715b6ed11a9ff48198b9b8e1e8bc2,3eff6f16e5a85f5b903fdb051f390c67f4d083a404d01824987c6da44fc75475
R6_reacher_0240bbadbe9657118f04a00f,REFIT_103201,R4_ALT_CEM_1,REPEAT3_REALACT,COMPLETE,1,True,True,0b735b3bbfb12ac4102feb888785454d898df2704d31cac647f44b7876ec07c3,c11ed49990912ebfcd28b36f76781548a77c015536dc860a37c19a0743360196
R6_reacher_0240bbadbe9657118f04a00f,REFIT_103201,R4_ALT_CEM_2,H_POLICY,FRESH_PAIRED_CONTROL,1,False,,86bf20bd0ff9cb45fcc078eecc516ba94a507536e8319809a11cc1a43d6993f2,
R6_reacher_0240bbadbe9657118f04a00f,REFIT_103201,R4_ALT_CEM_2,REAL3_NULLACT,COMPLETE,1,False,True,dc6bc709137169b3b83873c0dc8a77ea4dc282a22c9943eb5dd7c9c9bb4be554,8916727fe79a245dd0a857c0ef58b2cebab98bb868b536a3638da93c377a221b
R6_reacher_0240bbadbe9657118f04a00f,REFIT_103201,R4_ALT_CEM_2,REPEAT3_REALACT,COMPLETE,1,False,True,3815eece0c8948d9bae30c81c61839563f94720010961fc461322b96edc88638,8916727fe79a245dd0a857c0ef58b2cebab98bb868b536a3638da93c377a221b
R6_reacher_0240bbadbe9657118f04a00f,REFIT_103202,R3_ORIGINAL,H_POLICY,FRESH_PAIRED_CONTROL,1,False,,bddbc35849589e14f8b89cc85935256b0e476de53a6bee17347931631816cb14,
R6_reacher_0240bbadbe9657118f04a00f,REFIT_103202,R3_ORIGINAL,REAL3_NULLACT,COMPLETE,1,False,True,90314b3de7c913d7ff13f8052c42e6707bcdb5aa0f5fde864bf3b269fe2046a5,9c2e721d893aebacf37dc404e3a5ab405af6e00bf44c95b724777cf83caee2bb
R6_reacher_0240bbadbe9657118f04a00f,REFIT_103202,R3_ORIGINAL,REPEAT3_REALACT,COMPLETE,1,False,True,7000d6a3b5143d99003e6d49c756620b72c22463305cf73602f8bcf0c9c19738,9c2e721d893aebacf37dc404e3a5ab405af6e00bf44c95b724777cf83caee2bb
R6_reacher_0240bbadbe9657118f04a00f,REFIT_103202,R4_ALT_CEM_1,H_POLICY,FRESH_PAIRED_CONTROL,1,False,,28fc2ed41d46ae22cbfee341f831af08ae2e18d6d54b3d399f42e2459037668c,
R6_reacher_0240bbadbe9657118f04a00f,REFIT_103202,R4_ALT_CEM_1,REAL3_NULLACT,COMPLETE,1,False,True,6155a041af6d6a3dff3d668970eb294f85153428187109aa168c79f4e5b72824,331951772940a3195ab7e62a319f969a03b2b682df9dd221f6a1b4496f90217d
R6_reacher_0240bbadbe9657118f04a00f,REFIT_103202,R4_ALT_CEM_1,REPEAT3_REALACT,COMPLETE,1,False,True,5b0744a6e18ec61993c7069e4500e36b0beded1d3552f005b6e562bedb758db1,331951772940a3195ab7e62a319f969a03b2b682df9dd221f6a1b4496f90217d
R6_reacher_0240bbadbe9657118f04a00f,REFIT_103202,R4_ALT_CEM_2,H_POLICY,FRESH_PAIRED_CONTROL,1,True,,b1ed844668bdec9fa20db9999a300cb08ffec8bb33c03d5ca7f145c3c17e1739,
R6_reacher_0240bbadbe9657118f04a00f,REFIT_103202,R4_ALT_CEM_2,REAL3_NULLACT,COMPLETE,1,True,True,7547f37f8532905d52ad65111bb268caf1a50ed87cccd95c72417ed7bf9fae57,9fa37a41a709149aa6d4bf49cbdf1b22d1c0ea84a691a64b139ce92e80939465
R6_reacher_0240bbadbe9657118f04a00f,REFIT_103202,R4_ALT_CEM_2,REPEAT3_REALACT,COMPLETE,1,True,True,cd33b8819f2105139f45a9d2f5244cc0b8484bf427680d74fd63c94cce9aafdb,5c4241c11d8dda1587886520fc6c373746df8b71f817faaecd492b09a21192cb
R6_reacher_0240bbadbe9657118f04a00f,REFIT_103203,R3_ORIGINAL,H_POLICY,FRESH_PAIRED_CONTROL,1,True,,b33d1e36f2121448d3baefa01fa40ccec88831faf90cf29d2f7965eb31ca85e2,
R6_reacher_0240bbadbe9657118f04a00f,REFIT_103203,R3_ORIGINAL,REAL3_NULLACT,COMPLETE,1,True,True,aacf0ce5f8ceab850036b24412c64bd22802114ff30a56dd6a387d0c293943cc,9ccb815031883aae1f06f276b930d9d141ff083ca7efa77a121fca8becb17d01
R6_reacher_0240bbadbe9657118f04a00f,REFIT_103203,R3_ORIGINAL,REPEAT3_REALACT,COMPLETE,1,True,True,ff572ed04f4986a906e208e57e3fb7d30cc98e832bd308188ae7f9dfae681c76,910650d00515628e5051127f5ad891cd7fb7d75dcb406ade9f204ab01337e8b1
R6_reacher_0240bbadbe9657118f04a00f,REFIT_103203,R4_ALT_CEM_1,H_POLICY,FRESH_PAIRED_CONTROL,1,False,,79415ff4985eeb2862b1cf06a963a1b2a1e07d2a6026b9b3d717c38ad959142c,
R6_reacher_0240bbadbe9657118f04a00f,REFIT_103203,R4_ALT_CEM_1,REAL3_NULLACT,COMPLETE,1,False,True,72256e0a2cc971372d6623ee4d0d4ab39e4c7ea355b65eac9da28af875d3e2bd,e23896e54309136c01856af9f8ba2a57910afb0e22b724f01a7648d1cd3d9ece
R6_reacher_0240bbadbe9657118f04a00f,REFIT_103203,R4_ALT_CEM_1,REPEAT3_REALACT,COMPLETE,1,False,True,497bf42d6b4203e0c543df0940266e939a96a0608a378ce2c2f2f60461547919,e23896e54309136c01856af9f8ba2a57910afb0e22b724f01a7648d1cd3d9ece
R6_reacher_0240bbadbe9657118f04a00f,REFIT_103203,R4_ALT_CEM_2,H_POLICY,FRESH_PAIRED_CONTROL,1,False,,9f84963aeac74c16634376a9507951ef0f1371ef4c024bc4d841ff55ec01016a,
R6_reacher_0240bbadbe9657118f04a00f,REFIT_103203,R4_ALT_CEM_2,REAL3_NULLACT,COMPLETE,1,False,True,dc397b6b6488184f029c040203d0a332ecd16773d55449afc8c3d8b3ebb902af,ce07cd7bfae00a76de2979e44f7f093fc961a9330ebae5cc8b98d71f51795b5a
R6_reacher_0240bbadbe9657118f04a00f,REFIT_103203,R4_ALT_CEM_2,REPEAT3_REALACT,COMPLETE,1,False,True,b81052b88399d7b31185b63cf7534934f52e3457fb517eec2d57369c9ec201f7,ce07cd7bfae00a76de2979e44f7f093fc961a9330ebae5cc8b98d71f51795b5a
R6_reacher_026d9ade4b09a32c4196f539,H0,R3_ORIGINAL,H_POLICY,FRESH_PAIRED_CONTROL,1,False,,422e73f7c25373cff3446e6f8f0e13c363afdcf2b8e4f2e327ada4477d96f4dc,
R6_reacher_026d9ade4b09a32c4196f539,H0,R3_ORIGINAL,REAL3_NULLACT,COMPLETE,1,False,True,8b0d9d50bbf4a09b1045c87e1eb92912eff32f126dc9d6bbb38f0e5f481e645f,8c35415b790b25525e444ff4b4769240e8c5fa33f40eae34c74a7f6558e28269
R6_reacher_026d9ade4b09a32c4196f539,H0,R3_ORIGINAL,REPEAT3_REALACT,COMPLETE,1,False,True,1fa8d72624e14a20856f6f03259644cfc1b3f4b273114f8040d98dde589674de,8c35415b790b25525e444ff4b4769240e8c5fa33f40eae34c74a7f6558e28269
R6_reacher_026d9ade4b09a32c4196f539,H0,R4_ALT_CEM_1,H_POLICY,FRESH_PAIRED_CONTROL,1,False,,761cb04ca7a4c29355a3732473fd294840cf21a25495481ab2654d0f9e5e8633,
R6_reacher_026d9ade4b09a32c4196f539,H0,R4_ALT_CEM_1,REAL3_NULLACT,COMPLETE,1,False,True,c33deab6949be5eda095b756923f9187edf2ac615756a5f6c303ff2df5635933,a39006fdcfd2cf1b4d69630875280fc65e66b9452aee8aed5715632f057c89a8
R6_reacher_026d9ade4b09a32c4196f539,H0,R4_ALT_CEM_1,REPEAT3_REALACT,COMPLETE,1,False,True,7c982a70131d99640271872c757f957150f84aca4797363631832d8c0cc88875,a39006fdcfd2cf1b4d69630875280fc65e66b9452aee8aed5715632f057c89a8
R6_reacher_026d9ade4b09a32c4196f539,H0,R4_ALT_CEM_2,H_POLICY,FRESH_PAIRED_CONTROL,0,True,,621b04203a8755325e0f3d1bf4277a4dce6b173ac4b162a14bf83532bef366bc,
R6_reacher_026d9ade4b09a32c4196f539,H0,R4_ALT_CEM_2,REAL3_NULLACT,COMPLETE,1,True,True,876712f8c87b3547c2841b15959ef5e23a5d29c00b840e1154f2464bf556050d,a6f366508e5e2c43be4e6f8e1b4eabbdffc490695502c8f7403a84eaec0c89a6
R6_reacher_026d9ade4b09a32c4196f539,H0,R4_ALT_CEM_2,REPEAT3_REALACT,COMPLETE,0,True,True,e13b7af522fa913d4838b7b3f5d18c612c28f3c29db2ef318d705d9ee0708844,26e4c4b6826b6be4e5ddccea2fa29951597e1bcf7a7bfc5df6d2bf397a0e4d81
R6_reacher_026d9ade4b09a32c4196f539,REFIT_103201,R3_ORIGINAL,H_POLICY,FRESH_PAIRED_CONTROL,1,False,,a0402d55d6ceabf8c5984bc56f96109281beb346d940e7dd69f0e5d25f5c25c7,
R6_reacher_026d9ade4b09a32c4196f539,REFIT_103201,R3_ORIGINAL,REAL3_NULLACT,COMPLETE,1,False,True,683cb2e9b4073248b3fa2ca660b7e101bcb8680e4b38317050f644356590f769,193f7f798ec7bd4f5da9661dd8dbacab60034282af317358c8257ee520431f5a
R6_reacher_026d9ade4b09a32c4196f539,REFIT_103201,R3_ORIGINAL,REPEAT3_REALACT,COMPLETE,1,False,True,848b68200c3fc31d4d918e9628d9b6211bac82b41b449ea2217d3334fce78e89,193f7f798ec7bd4f5da9661dd8dbacab60034282af317358c8257ee520431f5a
R6_reacher_026d9ade4b09a32c4196f539,REFIT_103201,R4_ALT_CEM_1,H_POLICY,FRESH_PAIRED_CONTROL,1,True,,bd1f1f551152c859347ff402e081b61a3bee5afbb37d8f9571716f120d6f4508,
R6_reacher_026d9ade4b09a32c4196f539,REFIT_103201,R4_ALT_CEM_1,REAL3_NULLACT,COMPLETE,1,True,True,e337408fc66c1fac703903953eb81c03409cad96bc1e567baa6bc0af51087b31,68e9137584f494c17368db85ccd7ec721a789dd388066d340c41f6d75c6a4800
R6_reacher_026d9ade4b09a32c4196f539,REFIT_103201,R4_ALT_CEM_1,REPEAT3_REALACT,COMPLETE,0,True,True,e9c1fbac2db5de162675c4a59b1d7ade1bf9a0cccce77e2584deee8caedc4085,61bb0078814079c3aad7f85d07b19c28cc1f079aa52c8d68fd3be1592f27c441
R6_reacher_026d9ade4b09a32c4196f539,REFIT_103201,R4_ALT_CEM_2,H_POLICY,FRESH_PAIRED_CONTROL,1,True,,9ba7c1460245b7c39b13d34e08f9b03510da436e659630e966bb578ba160eaf9,
R6_reacher_026d9ade4b09a32c4196f539,REFIT_103201,R4_ALT_CEM_2,REAL3_NULLACT,COMPLETE,1,True,True,e98968ed009e7ca38e7ea59281696e8f71ed2e52a1b468ab86aba931c74f0048,2d51285dc3af2607c209deec0a3949cc4faf46436a30e9a07305d9d661095f7b
R6_reacher_026d9ade4b09a32c4196f539,REFIT_103201,R4_ALT_CEM_2,REPEAT3_REALACT,COMPLETE,1,True,True,3405b96626b8b85d1db14330d283f673e265331c669a5f9df30a1cf1fd752ec8,41766b68217b6fc542d07e18a14bca7ca9baf5c3af1ba7f01727955b7c21f045
R6_reacher_026d9ade4b09a32c4196f539,REFIT_103202,R3_ORIGINAL,H_POLICY,FRESH_PAIRED_CONTROL,1,False,,e17ef07e8ed674bac7f1360ad82dda3f7861994f2c816c6177ff439a9b497b9d,
R6_reacher_026d9ade4b09a32c4196f539,REFIT_103202,R3_ORIGINAL,REAL3_NULLACT,COMPLETE,1,False,True,94448fe74612e50627b398d57ea6f72548ffb1efdc2e6ed6cb4e9b56bd5e5f74,01a84a8a53e592abf50d44a57caec631a639b252bd8422e640d0319e3a3823eb
R6_reacher_026d9ade4b09a32c4196f539,REFIT_103202,R3_ORIGINAL,REPEAT3_REALACT,COMPLETE,1,False,True,5543365e77c37c910bdf91f7d651f831a2fa5dfef557eecac0fe654d5ef665e7,01a84a8a53e592abf50d44a57caec631a639b252bd8422e640d0319e3a3823eb
R6_reacher_026d9ade4b09a32c4196f539,REFIT_103202,R4_ALT_CEM_1,H_POLICY,FRESH_PAIRED_CONTROL,1,False,,dc86baad6653182442662b7f046025b91c5e3866fafa75d9e8afcbb69df5caf8,
R6_reacher_026d9ade4b09a32c4196f539,REFIT_103202,R4_ALT_CEM_1,REAL3_NULLACT,COMPLETE,1,False,True,0a75fd2893448411cfcb8b116d105af68d38cb0e563837dfd80d5085fbd5e82c,c4ba5e9190dd36979066fb19e68d3860f483e8bb07e9b44749aef0cdc8f62b60
R6_reacher_026d9ade4b09a32c4196f539,REFIT_103202,R4_ALT_CEM_1,REPEAT3_REALACT,COMPLETE,1,False,True,92148a5631d99253d09e9ef5b0a25a4680df2a1dc8720f2a8d865aecd2f80309,c4ba5e9190dd36979066fb19e68d3860f483e8bb07e9b44749aef0cdc8f62b60
R6_reacher_026d9ade4b09a32c4196f539,REFIT_103202,R4_ALT_CEM_2,H_POLICY,FRESH_PAIRED_CONTROL,1,True,,81912be47a78aa99584ae3a6581cc586c06988d02b90460741d7ebb5e6706423,
R6_reacher_026d9ade4b09a32c4196f539,REFIT_103202,R4_ALT_CEM_2,REAL3_NULLACT,COMPLETE,1,True,True,c99aa75a103c223eec79d5d37b453478c368a3a9d1c551d9bfa2a84e738cc939,d85de5ec2fcbce02c4b155330cfd2473f07a7edbd0e93956433c1528bb2fa1bb
R6_reacher_026d9ade4b09a32c4196f539,REFIT_103202,R4_ALT_CEM_2,REPEAT3_REALACT,COMPLETE,1,True,True,f34e3fa98188757009640dabf40c0c260c81321b33480c50ff7c7171815f9a4b,434ec7a9fe011dd86992b851fc944a9a083f4702bba311cf5e64f226dbd684e0
R6_reacher_026d9ade4b09a32c4196f539,REFIT_103203,R3_ORIGINAL,H_POLICY,FRESH_PAIRED_CONTROL,1,False,,3a5db311571770698838a58d8d52de71e49942ac3097029f5f66a01506897a80,
R6_reacher_026d9ade4b09a32c4196f539,REFIT_103203,R3_ORIGINAL,REAL3_NULLACT,COMPLETE,1,False,True,6e3fc0a0ca2310e094786cdb2b8810b40df0ee8793b1e3d46b6835a3336f735e,6640893d915ef5b9d053b8c6d1e38fb2e86b74f2d2c2d9053a571c9fdf7e59a0
R6_reacher_026d9ade4b09a32c4196f539,REFIT_103203,R3_ORIGINAL,REPEAT3_REALACT,COMPLETE,1,False,True,730687698f8d2566db40be0aa747d8844c2d49a18395dae5776a2645c789271b,6640893d915ef5b9d053b8c6d1e38fb2e86b74f2d2c2d9053a571c9fdf7e59a0
R6_reacher_026d9ade4b09a32c4196f539,REFIT_103203,R4_ALT_CEM_1,H_POLICY,FRESH_PAIRED_CONTROL,1,True,,25d818aee6756285dc76e0b7a3c6e0bdee6740f627bdbbb2c1825163959e3e2c,
R6_reacher_026d9ade4b09a32c4196f539,REFIT_103203,R4_ALT_CEM_1,REAL3_NULLACT,COMPLETE,1,True,True,e923538655999a1faa3ef23fae2221498e83282e9b433a2fc91c743f0e3044bf,8560866679b462d545994e72983969b22151935f774950c2dd22819746a4eb63
R6_reacher_026d9ade4b09a32c4196f539,REFIT_103203,R4_ALT_CEM_1,REPEAT3_REALACT,COMPLETE,1,True,True,36b05252a778d40042c27263961a6667746ede035e22fb1b2ab177a5d5e80ac0,459aaa85829caa269311a0a4e4fb3d0e2bcb9f4cc596811487cbc2cc7efb5d63
R6_reacher_026d9ade4b09a32c4196f539,REFIT_103203,R4_ALT_CEM_2,H_POLICY,FRESH_PAIRED_CONTROL,1,True,,dc480eecce336d03de25a5a2df22c84d075d782b8a6328f253ed4c0f10a75c1b,
R6_reacher_026d9ade4b09a32c4196f539,REFIT_103203,R4_ALT_CEM_2,REAL3_NULLACT,COMPLETE,1,True,True,d6a3f27b91641c89767942d16b5804057a6dfb9d1eaa13e92b0475c9a2c4c5c7,2185da46ecfe6d09e9500a265c4e6761e2f62db8d422db6fbacb9ebc9ed65864
R6_reacher_026d9ade4b09a32c4196f539,REFIT_103203,R4_ALT_CEM_2,REPEAT3_REALACT,COMPLETE,1,True,True,de22b9162ee846f1c0a6b0c05595ecf7e0fe41fbcd9f8df753b6eab004cb6126,6596e7b27961706be26dc699eb03b46dd0970f04b727ac94300ee01e5bdcf1bc
R6_reacher_027fb56ab9bbb246ba323f0b,H0,R3_ORIGINAL,H_POLICY,FRESH_PAIRED_CONTROL,1,False,,74a1bf63e982d3469d313e7fa69d107992d2d0744a1174e25893f4d507899a78,
R6_reacher_027fb56ab9bbb246ba323f0b,H0,R3_ORIGINAL,REAL3_NULLACT,COMPLETE,1,False,True,a880fd58c316b84fe289f18ba6dad85e2372e6cf39f0f3b3803f17fa7ebf358d,6de36c4b73937cecadd308c0c6239320046526287e74535bd7cdf55b988db464
R6_reacher_027fb56ab9bbb246ba323f0b,H0,R3_ORIGINAL,REPEAT3_REALACT,COMPLETE,1,False,True,93a16d44977dcfeccf6a9a22d59a62fd5dc914f1f49bb4e9547e0446b20fd33c,6de36c4b73937cecadd308c0c6239320046526287e74535bd7cdf55b988db464
R6_reacher_027fb56ab9bbb246ba323f0b,H0,R4_ALT_CEM_1,H_POLICY,FRESH_PAIRED_CONTROL,1,False,,91c0d485706380c835eb508b454358af88d25617dfb2e603acaf33f845086ae8,
R6_reacher_027fb56ab9bbb246ba323f0b,H0,R4_ALT_CEM_1,REAL3_NULLACT,COMPLETE,1,False,True,fafb38a1a2581ee796caee7bb4f8131c32c84c20536b297bc1ecb551a084d649,a7291389e251619210aae010796c82c9d7b9e02d0d535bba25ff122a1898c605
R6_reacher_027fb56ab9bbb246ba323f0b,H0,R4_ALT_CEM_1,REPEAT3_REALACT,COMPLETE,1,False,True,5481c575be3fae1c2afae8521a8efbe892ee189860615fb6b603fdbc7f8f396c,a7291389e251619210aae010796c82c9d7b9e02d0d535bba25ff122a1898c605
R6_reacher_027fb56ab9bbb246ba323f0b,H0,R4_ALT_CEM_2,H_POLICY,FRESH_PAIRED_CONTROL,1,False,,73a95a8eb94a4adbc77181b6b42bb193fb1dcf640eca7029092d09a71debb549,
R6_reacher_027fb56ab9bbb246ba323f0b,H0,R4_ALT_CEM_2,REAL3_NULLACT,COMPLETE,1,False,True,0633153ebeacb49c378bfd6a55e0b0fa4e4102fe9c040c1affa5182292058fc5,7accbf6011270c20fa130351e2e4df40f9ae7bd8dd5fb1103451c62572612757
R6_reacher_027fb56ab9bbb246ba323f0b,H0,R4_ALT_CEM_2,REPEAT3_REALACT,COMPLETE,1,False,True,bcb3840aab3e532fdb0d31551e363e0eb52f234ae89903a673c739463f7989b7,7accbf6011270c20fa130351e2e4df40f9ae7bd8dd5fb1103451c62572612757
R6_reacher_027fb56ab9bbb246ba323f0b,REFIT_103201,R3_ORIGINAL,H_POLICY,FRESH_PAIRED_CONTROL,1,False,,0378455636d271d215e9b9c4661e99954f752ea78843c3f7ef710ef9d91046d8,
R6_reacher_027fb56ab9bbb246ba323f0b,REFIT_103201,R3_ORIGINAL,REAL3_NULLACT,COMPLETE,1,False,True,7fb2eda028cca30a8ae08f83183f6be677ab21867639bdfe5a5cf3d368dcb37f,b4c547cb90f8c7ecc70e1cd50d0226de0dfcffd0e6643ca6a057c96667f0c7c2
R6_reacher_027fb56ab9bbb246ba323f0b,REFIT_103201,R3_ORIGINAL,REPEAT3_REALACT,COMPLETE,1,False,True,8dfdcd4236fc7ac53f4911f3cb067b8a76380335bf2c1265e2258de37d636217,b4c547cb90f8c7ecc70e1cd50d0226de0dfcffd0e6643ca6a057c96667f0c7c2
R6_reacher_027fb56ab9bbb246ba323f0b,REFIT_103201,R4_ALT_CEM_1,H_POLICY,FRESH_PAIRED_CONTROL,1,False,,490958a8d137086aafd58182553b390fd4c04f2672f185809e84d8b575f2ce75,
R6_reacher_027fb56ab9bbb246ba323f0b,REFIT_103201,R4_ALT_CEM_1,REAL3_NULLACT,COMPLETE,1,False,True,e54eda62837cc818ee196d288f3b7d18d775f2255ed4ba9e82b924c38406104d,2f910dfd6a27c4dbd0161fb07381b7e08f010eff41c263ad8629538cd358814e
R6_reacher_027fb56ab9bbb246ba323f0b,REFIT_103201,R4_ALT_CEM_1,REPEAT3_REALACT,COMPLETE,1,False,True,8baa63ab19a73fba0f6a73900fdcb9c9eb9bcdc6b2cfff36a98df9a5df7557aa,2f910dfd6a27c4dbd0161fb07381b7e08f010eff41c263ad8629538cd358814e
R6_reacher_027fb56ab9bbb246ba323f0b,REFIT_103201,R4_ALT_CEM_2,H_POLICY,FRESH_PAIRED_CONTROL,1,False,,c5f4668a3987b8efb6b4b07a436eac548b2775ff706a3e910c63da36ae47f891,
R6_reacher_027fb56ab9bbb246ba323f0b,REFIT_103201,R4_ALT_CEM_2,REAL3_NULLACT,COMPLETE,1,False,True,694c4cb7bd30baff82f4942342ab28470bae10494ba497bc052e498af79f71f7,f3477beaa9649fe9c8df064a258a7fec7173e0f4ed2adb837e71d2857b31f317
R6_reacher_027fb56ab9bbb246ba323f0b,REFIT_103201,R4_ALT_CEM_2,REPEAT3_REALACT,COMPLETE,1,False,True,221b20fec66aef8957a9914f7b8f73c2c54a2b37bdbbc539dd3b620cbed943f1,f3477beaa9649fe9c8df064a258a7fec7173e0f4ed2adb837e71d2857b31f317
R6_reacher_027fb56ab9bbb246ba323f0b,REFIT_103202,R3_ORIGINAL,H_POLICY,FRESH_PAIRED_CONTROL,1,False,,39ba55ad88d45bf610b052b6fa585fa34e526c37be3924bfa65af9ed781cc6f3,
R6_reacher_027fb56ab9bbb246ba323f0b,REFIT_103202,R3_ORIGINAL,REAL3_NULLACT,COMPLETE,1,False,True,e8e226b7abaf5fd0d8fd722aa76cfeeea394448c746d0e04905f73ae763e5eb0,d66f6132f1f17c8898eb039a7210a63d8903eb9dad514ef4ccf4787e215f5b15
R6_reacher_027fb56ab9bbb246ba323f0b,REFIT_103202,R3_ORIGINAL,REPEAT3_REALACT,COMPLETE,1,False,True,7f35364df713f8c673efc51144ea89024ab981527ef18425880f23fe81b9b12e,d66f6132f1f17c8898eb039a7210a63d8903eb9dad514ef4ccf4787e215f5b15
R6_reacher_027fb56ab9bbb246ba323f0b,REFIT_103202,R4_ALT_CEM_1,H_POLICY,FRESH_PAIRED_CONTROL,1,False,,9145b95033cf020606a76bab3fe44d3adef3adbf1897f5805aee8b8a741514e0,
R6_reacher_027fb56ab9bbb246ba323f0b,REFIT_103202,R4_ALT_CEM_1,REAL3_NULLACT,COMPLETE,1,False,True,63845d1305adc71d4a36d7eabd0edb3557bf0d9f9ac4c5a63c3130d94cd553ac,0766e17e0e074888bb64afadfbf7657aa738d21c816a53e84592f4a94216401b
R6_reacher_027fb56ab9bbb246ba323f0b,REFIT_103202,R4_ALT_CEM_1,REPEAT3_REALACT,COMPLETE,1,False,True,7ef3c9880c939758aa87b507779310e062bafdb8b88674a4dbad503229d837c7,0766e17e0e074888bb64afadfbf7657aa738d21c816a53e84592f4a94216401b
R6_reacher_027fb56ab9bbb246ba323f0b,REFIT_103202,R4_ALT_CEM_2,H_POLICY,FRESH_PAIRED_CONTROL,1,False,,d2afb52bec28605cfd4cd45edc9a1467c078654852edc93f499a47b6f7c46cd9,
R6_reacher_027fb56ab9bbb246ba323f0b,REFIT_103202,R4_ALT_CEM_2,REAL3_NULLACT,COMPLETE,1,False,True,8f41f77c2004a90db647490dbd13d26804d170dbe2f1b258d74a7479daf507c1,0489bc70df161e7e97248d3f2dd3789f4b660a6ecda06b8f8d2ed8416edf03ab
R6_reacher_027fb56ab9bbb246ba323f0b,REFIT_103202,R4_ALT_CEM_2,REPEAT3_REALACT,COMPLETE,1,False,True,c4fd1cd968dd274d179b6cf557a38562d81132c1160c033d8446ef0558989c1b,0489bc70df161e7e97248d3f2dd3789f4b660a6ecda06b8f8d2ed8416edf03ab
R6_reacher_027fb56ab9bbb246ba323f0b,REFIT_103203,R3_ORIGINAL,H_POLICY,FRESH_PAIRED_CONTROL,1,False,,76e8cb7b5fbf7c56211d31f26c926de8b3542d8f54ba6f7c252b7d6422325011,
R6_reacher_027fb56ab9bbb246ba323f0b,REFIT_103203,R3_ORIGINAL,REAL3_NULLACT,COMPLETE,1,False,True,c44149e3fb12c297a431974c2cf07bc806aa054d702dce8985ba50af9a04401f,ee3925b0c3713b0d7213a2c6b0ef68a52a216968d14b617e65dca7e37bf331db
R6_reacher_027fb56ab9bbb246ba323f0b,REFIT_103203,R3_ORIGINAL,REPEAT3_REALACT,COMPLETE,1,False,True,aabfe456b7b3484c395153ede752c22d985d3ac0d4dfde6f5d3d7906626c521c,ee3925b0c3713b0d7213a2c6b0ef68a52a216968d14b617e65dca7e37bf331db
R6_reacher_027fb56ab9bbb246ba323f0b,REFIT_103203,R4_ALT_CEM_1,H_POLICY,FRESH_PAIRED_CONTROL,1,False,,9c1b8f9bbf68599fdb367107ba1dd69110cd41d443696c773e0ad36f15d30359,
R6_reacher_027fb56ab9bbb246ba323f0b,REFIT_103203,R4_ALT_CEM_1,REAL3_NULLACT,COMPLETE,1,False,True,11f48db5893d7be494960a79dc1bc89053d3d740d810619ccf78f6535c9304d2,eb1769da365bd581d8977d18a7c3e653e86e28c39ccc37c9afc3832e70d15056
R6_reacher_027fb56ab9bbb246ba323f0b,REFIT_103203,R4_ALT_CEM_1,REPEAT3_REALACT,COMPLETE,1,False,True,86dfcbd647bf599ec8e5909f0e78fa0a8bc67117ee6d0d9e6284ac0cc06eb500,eb1769da365bd581d8977d18a7c3e653e86e28c39ccc37c9afc3832e70d15056
R6_reacher_027fb56ab9bbb246ba323f0b,REFIT_103203,R4_ALT_CEM_2,H_POLICY,FRESH_PAIRED_CONTROL,1,False,,58f4bdb6d724c8ff86417f419fcebd838dde737df778a9792962577f61e25736,
R6_reacher_027fb56ab9bbb246ba323f0b,REFIT_103203,R4_ALT_CEM_2,REAL3_NULLACT,COMPLETE,1,False,True,5e5f6cc857f83493aba54f446703ab212f6367db2ff8703879b90ff5bfb22ed0,d07334bb10aa085408ed51019edb057938042a17a18ca9efbe342f9cc639839b
R6_reacher_027fb56ab9bbb246ba323f0b,REFIT_103203,R4_ALT_CEM_2,REPEAT3_REALACT,COMPLETE,1,False,True,35607db827d269f7ead0f1a9c4a76c41f472a77da8ea1d9b4947af2535ecef00,d07334bb10aa085408ed51019edb057938042a17a18ca9efbe342f9cc639839b
R6_reacher_02b5a054bf782ce2a8682ef0,H0,R3_ORIGINAL,H_POLICY,FRESH_PAIRED_CONTROL,1,True,,165101b477618fa49f1ca156d358033770ec9c8064892181209823fa2ed5ca85,
R6_reacher_02b5a054bf782ce2a8682ef0,H0,R3_ORIGINAL,REAL3_NULLACT,COMPLETE,1,True,True,eaaaa506e49038dbdb71bcfbccbefdb48f9f79654ef200cab2029d4d1e0c06c0,b0dd4bc033f46d7e0b30463afae0b3dd5a3489b49cc141f9f7e1f7a164872ab4
R6_reacher_02b5a054bf782ce2a8682ef0,H0,R3_ORIGINAL,REPEAT3_REALACT,COMPLETE,1,True,True,ce05f2d1232355588056502c8e4dc2bb63c0666dd88cf472189a12e4aaa12b6b,605e94f931e0c9522a4bb8b53f9ffec3b3524ca1a194754092d3064feec033cc
R6_reacher_02b5a054bf782ce2a8682ef0,H0,R4_ALT_CEM_1,H_POLICY,FRESH_PAIRED_CONTROL,1,False,,e5219b11c08db6c3a2869a77b36c445d3ee090771010106b3ce75d58436b9e45,
R6_reacher_02b5a054bf782ce2a8682ef0,H0,R4_ALT_CEM_1,REAL3_NULLACT,COMPLETE,1,False,True,ce00d69d857e4f868d1efdcd28c206f234038db6422d750d0ed629ca2d605f1e,94a5b156d2579f582c5efea531ac31152b37ffee5154a136f287e9b1b9164a5b
R6_reacher_02b5a054bf782ce2a8682ef0,H0,R4_ALT_CEM_1,REPEAT3_REALACT,COMPLETE,1,False,True,bee91715e4563fabf19a9193e04076a62cfb031f8711699b6ea9146139ee2e6e,94a5b156d2579f582c5efea531ac31152b37ffee5154a136f287e9b1b9164a5b
R6_reacher_02b5a054bf782ce2a8682ef0,H0,R4_ALT_CEM_2,H_POLICY,FRESH_PAIRED_CONTROL,0,True,,b607243639b96d044acc21bb3f2243bbcb974ffae8dfed2d1deb9b2980a9ccbe,
R6_reacher_02b5a054bf782ce2a8682ef0,H0,R4_ALT_CEM_2,REAL3_NULLACT,COMPLETE,1,True,True,ed17f1dfd5a7015648ac3bde4e3816a83a7d420a48b03aa553fb8e10d9aca5e4,ef37d858c5d626d05fc9d766c5d03033d0d618d517efe524898b2889f6b20a9a
R6_reacher_02b5a054bf782ce2a8682ef0,H0,R4_ALT_CEM_2,REPEAT3_REALACT,COMPLETE,1,True,True,eb4a5fa69e96a3b025efb3e3dd134c7b44a0f77a3e133d0d2e3bef3cb4d6812d,3788924c1b66aad2fec1584d816910fa09cfec009bc3e1a120d6aa5519fb4eeb
R6_reacher_02b5a054bf782ce2a8682ef0,REFIT_103201,R3_ORIGINAL,H_POLICY,FRESH_PAIRED_CONTROL,1,True,,94a697a8902607da2fa00442a4cbb2f7b7f12dcf648139243804aa82ab822ff9,
R6_reacher_02b5a054bf782ce2a8682ef0,REFIT_103201,R3_ORIGINAL,REAL3_NULLACT,COMPLETE,1,True,True,97b8adc18191a4f4f3822037207104f1b1a2e5f5dacb01d02b9cade3eb49e129,d7838f5fc56eee4cedf43aff4cbbf6ba1529d8ac6022e85ec17c5e812957df66
R6_reacher_02b5a054bf782ce2a8682ef0,REFIT_103201,R3_ORIGINAL,REPEAT3_REALACT,COMPLETE,1,True,True,609a3e9d29d1db5be4493187fc3e2cc0f9cb9efd5d4c19a5eec1846fe373847d,361ca7622672b2338a5adbea7ce222c3e2832e10a92a6b68f156d5029072ae91
R6_reacher_02b5a054bf782ce2a8682ef0,REFIT_103201,R4_ALT_CEM_1,H_POLICY,FRESH_PAIRED_CONTROL,1,True,,495ad8026487ca3bd040e46662316d8d9d0229adb5d62bc1fe5b1ab9367fea1f,
R6_reacher_02b5a054bf782ce2a8682ef0,REFIT_103201,R4_ALT_CEM_1,REAL3_NULLACT,COMPLETE,1,True,True,c6ba8277a142a78b9da0e483a1432e0a7296da5c62ecc46fcbe7a7b824336a51,51e1d2a95649ac75859ed6b3bd1d77dd3a73e0046647337d30de2494c0d92c69
R6_reacher_02b5a054bf782ce2a8682ef0,REFIT_103201,R4_ALT_CEM_1,REPEAT3_REALACT,COMPLETE,1,True,True,76cacf1d1141445a5fbe9813df0dae8c7a7c359a0d3498f174a010dc3eae59eb,69b33db27d346f796634a2773aa59209a4ed51a3c1ffc332b5de278f13aa8690
R6_reacher_02b5a054bf782ce2a8682ef0,REFIT_103201,R4_ALT_CEM_2,H_POLICY,FRESH_PAIRED_CONTROL,1,True,,50617f088b3736331230ca0bb955ec24b5ab21e3b12d3c17127a9ba2d39e85ff,
R6_reacher_02b5a054bf782ce2a8682ef0,REFIT_103201,R4_ALT_CEM_2,REAL3_NULLACT,COMPLETE,1,True,True,6e229b01e2d4f927e7c86dcc1f5bc02e9ad3cd744edf75a35b647c2a4ad84aef,4a767a31afbbea1c793dffd5821a5346f1a1b4bb3e3fa0805c5e0e5dfed70731
R6_reacher_02b5a054bf782ce2a8682ef0,REFIT_103201,R4_ALT_CEM_2,REPEAT3_REALACT,COMPLETE,1,True,True,31eab0107103ebbba8fa36bcaccff098a1a30b88695634483b2e18ab91c4ccb2,f2a42b1e63efdca3c4d38285598f85330c470ec9e60988993bae695ebea6217c
R6_reacher_02b5a054bf782ce2a8682ef0,REFIT_103202,R3_ORIGINAL,H_POLICY,FRESH_PAIRED_CONTROL,1,True,,aac0157c5586dc5273a80f10d16b879f2652b5681be0941c484e1f47769396c6,
R6_reacher_02b5a054bf782ce2a8682ef0,REFIT_103202,R3_ORIGINAL,REAL3_NULLACT,COMPLETE,1,True,True,afcb2e04f657a95cd187d9b739729b55cc52541fa5c0070a5a289a6dbb018c7d,f79151d9c135596a99696bcfa153a46e41e52230ebb979a636ec1aef7395c538
R6_reacher_02b5a054bf782ce2a8682ef0,REFIT_103202,R3_ORIGINAL,REPEAT3_REALACT,COMPLETE,1,True,True,c36bd56c054203acf39a1c8e4cc2cfcc41fb63abfbd6eab8d1e4c29b289f1803,5db018ca1ad1181fa4e53a99cdbd869cdbc27bf7f21c936ff1105e5a73b0c739
R6_reacher_02b5a054bf782ce2a8682ef0,REFIT_103202,R4_ALT_CEM_1,H_POLICY,FRESH_PAIRED_CONTROL,1,True,,5cf0df51c58a563a2616ac48a147c2f7d5deed45d68983400937e33cfb68bea3,
R6_reacher_02b5a054bf782ce2a8682ef0,REFIT_103202,R4_ALT_CEM_1,REAL3_NULLACT,COMPLETE,0,True,True,c032eb8cfb6e157266df214b64d876a3361572b8860c4ed9b40daee1820a6215,33ce95b59e8a27086da856effe7626aec604d9db3a4682aef13d122dbe8bc725
R6_reacher_02b5a054bf782ce2a8682ef0,REFIT_103202,R4_ALT_CEM_1,REPEAT3_REALACT,COMPLETE,1,True,True,77fef87024dc0331b175250eb3ca75cb2ac6f38d320f79330c2f61d711c326e6,99de7546ae06e47a845963327be9b87c43f5109ce788ccddb7d64967f0194e1c
R6_reacher_02b5a054bf782ce2a8682ef0,REFIT_103202,R4_ALT_CEM_2,H_POLICY,FRESH_PAIRED_CONTROL,1,True,,c2c38462fbb8650a9845c54c1e983e95fe1e3737996bd4ffb3b67d1440a1761a,
R6_reacher_02b5a054bf782ce2a8682ef0,REFIT_103202,R4_ALT_CEM_2,REAL3_NULLACT,COMPLETE,1,True,True,b8df930a5b0d255a30a2e492a0ad8efd38fa819c449504a1793c4fcb1900f24f,468a18dca1e15eadb6df76be9c8afaca004d0be9cf56de54ec85e37f4b8edbf5
R6_reacher_02b5a054bf782ce2a8682ef0,REFIT_103202,R4_ALT_CEM_2,REPEAT3_REALACT,COMPLETE,1,True,True,44f390082868fb48a7ee4730c1810b9890ec5b83da0ac6333117a5a587c9bf8c,65ddd2d05bce677f8a3e21828179f006fd9556723f3628db5dd819bd90ce367a
R6_reacher_02b5a054bf782ce2a8682ef0,REFIT_103203,R3_ORIGINAL,H_POLICY,FRESH_PAIRED_CONTROL,1,True,,a80de6ef75780b16e3fcf1d364156ec4909d72f8698b928fa6e787dd545c9f92,
R6_reacher_02b5a054bf782ce2a8682ef0,REFIT_103203,R3_ORIGINAL,REAL3_NULLACT,COMPLETE,1,True,True,d8ed36b28cbd87aaa08dfbfb8a801d92f407e4fd7f513544692786e8730e6077,011d972f24a8cea08ea5800588298d1d21a0ab7fa70e75fe6c22f48004e2c412
R6_reacher_02b5a054bf782ce2a8682ef0,REFIT_103203,R3_ORIGINAL,REPEAT3_REALACT,COMPLETE,1,True,True,885f30a7314f45ec765c37f3ed6f804d6ea8c1d6bb42f47d27217abcf6973577,a1685a781e7e61c239656cdb833988ad042d33add49df13c09a4f3f3ec906ba7
R6_reacher_02b5a054bf782ce2a8682ef0,REFIT_103203,R4_ALT_CEM_1,H_POLICY,FRESH_PAIRED_CONTROL,0,True,,d6397b70664ad71d0214f302acdf52cae3a2a4c4f7bdbab118c67895405b0092,
R6_reacher_02b5a054bf782ce2a8682ef0,REFIT_103203,R4_ALT_CEM_1,REAL3_NULLACT,COMPLETE,1,True,True,c08f9cf8f9f7abd941b21e0acf1a8b915fc8d55ebf7759bb0ffe89f9c5926b37,705b3abf5248fa0ea22e7324f780c8a102958924f1de1ce3943f9ea59474bf54
R6_reacher_02b5a054bf782ce2a8682ef0,REFIT_103203,R4_ALT_CEM_1,REPEAT3_REALACT,COMPLETE,1,True,True,ca2d656565027201ea864e5326ba1081cfc65aaad0350356a9d3e33e07962a57,26756005f4aba5cf036d465b905cda067151caafaded818a4e871bf573a28f56
R6_reacher_02b5a054bf782ce2a8682ef0,REFIT_103203,R4_ALT_CEM_2,H_POLICY,FRESH_PAIRED_CONTROL,1,True,,848747a513f3c6632f6b925486408999bc209612f8d75899a11d8809112c4d0b,
R6_reacher_02b5a054bf782ce2a8682ef0,REFIT_103203,R4_ALT_CEM_2,REAL3_NULLACT,COMPLETE,1,True,True,626596770fafb64fd71a8e8c1a426d790d3f68e0a80d193820348cea6a6302dc,8e8716cc860323774ca1093e1910f5a3b55c33662d649bdcc8a1ec2931f24a8a
R6_reacher_02b5a054bf782ce2a8682ef0,REFIT_103203,R4_ALT_CEM_2,REPEAT3_REALACT,COMPLETE,1,True,True,dcaf130b0f8f94dd9bc3276768a13995953c2942c3bffc3874211cb270f565cd,a8ee1912ee49067af571d9bc309ba4c4f800b292f0333f24298198e43967ba53
R6_reacher_02bf9b5015a6d24cafbda1dd,H0,R3_ORIGINAL,H_POLICY,FRESH_PAIRED_CONTROL,1,True,,52045d62f72013d1554d7f3171aae2ec60ee68d6e9939dfa8b54e0f912e85318,
R6_reacher_02bf9b5015a6d24cafbda1dd,H0,R3_ORIGINAL,REAL3_NULLACT,COMPLETE,1,True,True,52b7897dcc749493796d601d38c687a84a4e677d98014707b3fa8fa95f1a45a4,9dd8094b78911257a0ee7680f7331ba833ab46eea22eae596e895737b7ddf9eb
R6_reacher_02bf9b5015a6d24cafbda1dd,H0,R3_ORIGINAL,REPEAT3_REALACT,COMPLETE,1,True,True,07d4b332c89067d57fc6184a06dde99606cc6a50d672e6f03c0790e67be648e8,a9bdb1f90ba29a52407e9e8fe8246804d8f9065cf73a0565e92e7df70552625c
R6_reacher_02bf9b5015a6d24cafbda1dd,H0,R4_ALT_CEM_1,H_POLICY,FRESH_PAIRED_CONTROL,1,True,,65c706e0fcdeeb22fac8f0192ad0b92c2a1f9be105a469dcb58bb7564a35fe0a,
R6_reacher_02bf9b5015a6d24cafbda1dd,H0,R4_ALT_CEM_1,REAL3_NULLACT,COMPLETE,1,True,True,5b8005f096757c4321579c20208bbae18cbc5076f8ce6dd6caa735a556ecb4cd,9a7f4d278904fbd4c7818481d20355b60cc1a3b447c96ce22d6b53fa8f39f493
R6_reacher_02bf9b5015a6d24cafbda1dd,H0,R4_ALT_CEM_1,REPEAT3_REALACT,COMPLETE,1,True,True,f5cde3610c6d0f88a7596134cd8acac89911a167f0fa51ab455f9d6fc4a44dbd,322b573d97f3f8f85247b0df71a522aa269ee31b0db8cc5d4675c861106b64e9
R6_reacher_02bf9b5015a6d24cafbda1dd,H0,R4_ALT_CEM_2,H_POLICY,FRESH_PAIRED_CONTROL,1,True,,0c804f04e87e0e0521730887e2b3c761243e00a26477f5bd323d568178a18396,
R6_reacher_02bf9b5015a6d24cafbda1dd,H0,R4_ALT_CEM_2,REAL3_NULLACT,COMPLETE,1,True,True,646cf2a0822d539e261072f12bb4b92ee4bd95a9a19e257bb094f4efd74cbeae,7c7865e333b7a60f88e5bef074d252324849ed1e647e122c77ceaf4d6d6de908
R6_reacher_02bf9b5015a6d24cafbda1dd,H0,R4_ALT_CEM_2,REPEAT3_REALACT,COMPLETE,1,True,True,076fe23dd5a63f0791ce54ccc8bd4ebc57890c20b19c05999812222ab0ee1a95,df86b78edfcab00a59285b3fbb1c261f07f96bc7d5d1146e55df6e06c17941fa
R6_reacher_02bf9b5015a6d24cafbda1dd,REFIT_103201,R3_ORIGINAL,H_POLICY,FRESH_PAIRED_CONTROL,1,True,,c97cdbcef49f8c828fafab9303528491d43a2645e87590891efbc585af29fc73,
R6_reacher_02bf9b5015a6d24cafbda1dd,REFIT_103201,R3_ORIGINAL,REAL3_NULLACT,COMPLETE,1,True,True,311b73b9960cafaa3ab3e05926636338de9fac86c78eface13d3da304025ad60,08ca9c6034852a722cb09d81fb11421c6e14aa36af0ef37467d24fcdf3fea0eb
R6_reacher_02bf9b5015a6d24cafbda1dd,REFIT_103201,R3_ORIGINAL,REPEAT3_REALACT,COMPLETE,1,True,True,3e285449101da9e3d235ad28bb0d3b067feb21c7cdc82e639558888130d6fbdf,03624b9b93804c37c542715da25e46dc960c7b07a3a25b9472ce5fbd6664cbe3
R6_reacher_02bf9b5015a6d24cafbda1dd,REFIT_103201,R4_ALT_CEM_1,H_POLICY,FRESH_PAIRED_CONTROL,1,True,,64d852247c3763a0d63483d87b97eac1fb577a799aead998fa3b7493b64b01fd,
R6_reacher_02bf9b5015a6d24cafbda1dd,REFIT_103201,R4_ALT_CEM_1,REAL3_NULLACT,COMPLETE,1,True,True,3363bc0b86002c6cbfd36378d7439cb924223ff273137d905c7b487018c8f40a,78bda5112b909f7a597078a579689e8c1544a13d3c692cd7f35a3af37b070335
R6_reacher_02bf9b5015a6d24cafbda1dd,REFIT_103201,R4_ALT_CEM_1,REPEAT3_REALACT,COMPLETE,1,True,True,5ca2783785bd6ac104700ea00f6e597516c13e690c1a3d84bb26bf1d0bfd92b9,aef8ba479ba178583a66f66ddd7045be2ff27ded1f1a815cf38129ab49cc9347
R6_reacher_02bf9b5015a6d24cafbda1dd,REFIT_103201,R4_ALT_CEM_2,H_POLICY,FRESH_PAIRED_CONTROL,1,True,,6abeb3284d880624b8e6f79ca41df49417f90990a99a39e3b31489029ba06ab4,
R6_reacher_02bf9b5015a6d24cafbda1dd,REFIT_103201,R4_ALT_CEM_2,REAL3_NULLACT,COMPLETE,1,True,True,f4850454e11baaf012143571e4292d86bbbaddbeb86a8db4ce869d4e1214e010,5cfd153dee418c87e83d7099aa4bec5d41ac55f44494431b02b10531239571ed
R6_reacher_02bf9b5015a6d24cafbda1dd,REFIT_103201,R4_ALT_CEM_2,REPEAT3_REALACT,COMPLETE,1,True,True,5bfac85a65288e7951c21e9bcd1fee15a17ac7db0e7955059c2880f403786dfb,7c8761edf50828040ad7f6eacc84110491d3c478137f959e8ec691d05e504170
R6_reacher_02bf9b5015a6d24cafbda1dd,REFIT_103202,R3_ORIGINAL,H_POLICY,FRESH_PAIRED_CONTROL,1,False,,af38d6e728d2d844ae30be6be391b1d2968e7eae39b833b4d42c1aa31b3130c9,
R6_reacher_02bf9b5015a6d24cafbda1dd,REFIT_103202,R3_ORIGINAL,REAL3_NULLACT,COMPLETE,1,False,True,f83aa982d208b9fd6b71e33c83aceb82d89fe00c7080e1e6a96134c59fd90f6b,c5dfe272f87d54ab4d3e264a3ba177204b66c388d1e1e0acf65b2df2746f42f2
R6_reacher_02bf9b5015a6d24cafbda1dd,REFIT_103202,R3_ORIGINAL,REPEAT3_REALACT,COMPLETE,1,False,True,1c699a414b152e1a69a5717f04edb37878bf437c82128db70db6e45c116a5fdf,c5dfe272f87d54ab4d3e264a3ba177204b66c388d1e1e0acf65b2df2746f42f2
R6_reacher_02bf9b5015a6d24cafbda1dd,REFIT_103202,R4_ALT_CEM_1,H_POLICY,FRESH_PAIRED_CONTROL,1,True,,b909f6fcdbce06365f13b4c7e7714c34380d6dd3ad23d75ef2e1f1defa0ca811,
R6_reacher_02bf9b5015a6d24cafbda1dd,REFIT_103202,R4_ALT_CEM_1,REAL3_NULLACT,COMPLETE,1,True,True,69012ca699aafbb647570065782be7518fb1d8f2a90030c112e33b681cda1c89,2ba07bf90336ab7c403531be338bacf510ff5b5e307e342c5bdbdb3aff55d7b5
R6_reacher_02bf9b5015a6d24cafbda1dd,REFIT_103202,R4_ALT_CEM_1,REPEAT3_REALACT,COMPLETE,1,True,True,13a1c13ca79d0869e45594a725bf15dffd1ddf0d7b799e1d42839777831239a4,193be813b524cb996c3b22bd902dcf7487b869ec56cf5e6288ad67c07d8a28e4
R6_reacher_02bf9b5015a6d24cafbda1dd,REFIT_103202,R4_ALT_CEM_2,H_POLICY,FRESH_PAIRED_CONTROL,1,True,,dd78a22e0ed484ec4ffcc33333e3a3e43fde259f558caa8b0550ee93c420ed2b,
R6_reacher_02bf9b5015a6d24cafbda1dd,REFIT_103202,R4_ALT_CEM_2,REAL3_NULLACT,COMPLETE,1,True,True,a70394ac87ae1f590bb43dbd309e76c1b0a295ceac6a1c042532df253b6e69cb,04a1cd3e637684fc4de772a43c1493d8c9f262c717555a031224a1fa24c5a32d
R6_reacher_02bf9b5015a6d24cafbda1dd,REFIT_103202,R4_ALT_CEM_2,REPEAT3_REALACT,COMPLETE,1,True,True,afffd0b6186abd7c866472adddd12ac15a7787fb3b5e9216ca1710b214ca6aff,397c3d7a2bc6971cec5999d635128fe0e39ef7784489d0a4b60c26ae45d8df3d
R6_reacher_02bf9b5015a6d24cafbda1dd,REFIT_103203,R3_ORIGINAL,H_POLICY,FRESH_PAIRED_CONTROL,0,True,,414669e03611f6f17bf12647d6e09097c51a63708dac384ffe2ff29debf16bd0,
R6_reacher_02bf9b5015a6d24cafbda1dd,REFIT_103203,R3_ORIGINAL,REAL3_NULLACT,COMPLETE,0,True,True,fa6c60e3f4e7f9b915e6df65a6216fedc8f293b7e4ea4d5764517dc1931dd954,99cbd7c14c04103a2b4da6d62b1807cbf7d306361ce293c460b85993b993faab
R6_reacher_02bf9b5015a6d24cafbda1dd,REFIT_103203,R3_ORIGINAL,REPEAT3_REALACT,COMPLETE,1,True,True,999c0c0d324ed63df83e63e2d70ff32efaf2bf1b972ba3b7dc7d409b1073a376,11d0712eef75b77d97d970dd3bf6b265c9c40fd3010358bc5bb71803d516042c
R6_reacher_02bf9b5015a6d24cafbda1dd,REFIT_103203,R4_ALT_CEM_1,H_POLICY,FRESH_PAIRED_CONTROL,1,True,,c0939a7a676e59c7105478970d082fb7552b5c53043e903d8e01fce0cea1d125,
R6_reacher_02bf9b5015a6d24cafbda1dd,REFIT_103203,R4_ALT_CEM_1,REAL3_NULLACT,COMPLETE,1,True,True,02596b755a5927b1b6408ac4b77b2d1730e2c56a82fb9a97e4a989d66a712ed6,b000db951ce728d4f73bc81dd61210768b9bdf2ba6c73341ace1f3706e2d2828
R6_reacher_02bf9b5015a6d24cafbda1dd,REFIT_103203,R4_ALT_CEM_1,REPEAT3_REALACT,COMPLETE,0,True,True,f1d1ca7948d47407d96d6675be1f560f6ddafca58a3f0cab463637ac61fa943b,02e1eae033d322c25f142056cdcfba248c78d47ef02c7acad36bd0244cbe8832
R6_reacher_02bf9b5015a6d24cafbda1dd,REFIT_103203,R4_ALT_CEM_2,H_POLICY,FRESH_PAIRED_CONTROL,1,True,,77bf32b2aacd7758ea23177193a1207f00061dc4d6a4ae5f30a8db8e20f375ca,
R6_reacher_02bf9b5015a6d24cafbda1dd,REFIT_103203,R4_ALT_CEM_2,REAL3_NULLACT,COMPLETE,1,True,True,fb60285b5f328f5193c8c04d0b1956e34ee726bdf0049afa025ee262b7034de6,cdb4e4b6d57004e35f464338e75bcdb15fcebe485ea30ee0700cedc53f9fa488
R6_reacher_02bf9b5015a6d24cafbda1dd,REFIT_103203,R4_ALT_CEM_2,REPEAT3_REALACT,COMPLETE,1,True,True,5cdc4ec00896c8e9ead7b3673d1ddf58ea193e850944c53af2cfbb6aae3c7414,18543db7aa2ffd7473f9c7afe30681a4ab1ea0f8d02004148b353d1536092a2b
R6_reacher_02d110e309cbccb2d8a94c8b,H0,R3_ORIGINAL,H_POLICY,FRESH_PAIRED_CONTROL,1,False,,dc56dbbb91704a1692bdda6c5b9eba0a393435d9e686273bbe01870a05ccfca9,
R6_reacher_02d110e309cbccb2d8a94c8b,H0,R3_ORIGINAL,REAL3_NULLACT,COMPLETE,1,False,True,ec6be31a61fd1659b648ff54c4c412857355e0ac9803a43f03c97ac4a4bbf9fb,d118cb2876ab6a0143ae957246d2afd52e6e518bd4f6dd6bc61428f8aa7ca0b0
R6_reacher_02d110e309cbccb2d8a94c8b,H0,R3_ORIGINAL,REPEAT3_REALACT,COMPLETE,1,False,True,45d505019886e0b40e71c810eca6aba917deebbec83215629b0f24dbf33b1eb7,d118cb2876ab6a0143ae957246d2afd52e6e518bd4f6dd6bc61428f8aa7ca0b0
R6_reacher_02d110e309cbccb2d8a94c8b,H0,R4_ALT_CEM_1,H_POLICY,FRESH_PAIRED_CONTROL,1,False,,4c23e73e467f70109a3f88d07bfb614ccd784c8995cff1436f456c68aab05026,
R6_reacher_02d110e309cbccb2d8a94c8b,H0,R4_ALT_CEM_1,REAL3_NULLACT,COMPLETE,1,False,True,9ce64ed9e3c58888410baf214a549d7ad1eb544cedb09ab40d3b0e6ce5a272a9,7306e297c4b911009da92ebedab281cedf9081f6101062f4aa52917c194205f8
R6_reacher_02d110e309cbccb2d8a94c8b,H0,R4_ALT_CEM_1,REPEAT3_REALACT,COMPLETE,1,False,True,527f48a1a9dd1000c9506118d5fe8b6f3b3e3bd118bff1bdcc468d3c213df4f5,7306e297c4b911009da92ebedab281cedf9081f6101062f4aa52917c194205f8
R6_reacher_02d110e309cbccb2d8a94c8b,H0,R4_ALT_CEM_2,H_POLICY,FRESH_PAIRED_CONTROL,1,False,,92d423c4d718cae027585b6f9f186d6bfc3f81c7cc2b43ed75860a94e1f886c2,
R6_reacher_02d110e309cbccb2d8a94c8b,H0,R4_ALT_CEM_2,REAL3_NULLACT,COMPLETE,1,False,True,4bc29c583acd659d390a5c447574db7a7b55ad3a0818574091fa471c8df56308,cddab4c3391f19de3ca51b847eb8ea323f26ea117fd11c91667260ea9f0ac128
R6_reacher_02d110e309cbccb2d8a94c8b,H0,R4_ALT_CEM_2,REPEAT3_REALACT,COMPLETE,1,False,True,b2e39bfd0461b07f6e8330e6d1ae6b06edf7c9e294c6101b078799d6385354f8,cddab4c3391f19de3ca51b847eb8ea323f26ea117fd11c91667260ea9f0ac128
R6_reacher_02d110e309cbccb2d8a94c8b,REFIT_103201,R3_ORIGINAL,H_POLICY,FRESH_PAIRED_CONTROL,1,False,,556b33bdaafc522de486847662fb845fa2fd2ea8f2594fc143a800b2a5939128,
R6_reacher_02d110e309cbccb2d8a94c8b,REFIT_103201,R3_ORIGINAL,REAL3_NULLACT,COMPLETE,1,False,True,54c140020b528270f20322981437c0a89597b977be752c68385b882037e80350,d7d662769e23048623fb622a44acf3d879fe7b2f6fe99696fb52cc956413d1b3
R6_reacher_02d110e309cbccb2d8a94c8b,REFIT_103201,R3_ORIGINAL,REPEAT3_REALACT,COMPLETE,1,False,True,81bb0ba6106faffb82e631225d4515de6e82a540f6de72d0c2d1bdb85b90ed20,d7d662769e23048623fb622a44acf3d879fe7b2f6fe99696fb52cc956413d1b3
R6_reacher_02d110e309cbccb2d8a94c8b,REFIT_103201,R4_ALT_CEM_1,H_POLICY,FRESH_PAIRED_CONTROL,1,False,,90e6f3d7e2974567f486f30725190f8dc4b94525a44ab2d20fa29716fc0839bd,
R6_reacher_02d110e309cbccb2d8a94c8b,REFIT_103201,R4_ALT_CEM_1,REAL3_NULLACT,COMPLETE,1,False,True,84595d9e405ac7a81165ebf4ab5dd83b4325783b8440939120d039f50264d220,73a660a44eed61f2dd939d5e17c3f3a32c872863530420572b236a676a1a2bad
R6_reacher_02d110e309cbccb2d8a94c8b,REFIT_103201,R4_ALT_CEM_1,REPEAT3_REALACT,COMPLETE,1,False,True,7f232335fb5045706f9e78a49cd4272dda1575f77e6a38f75cea2918693fc7ae,73a660a44eed61f2dd939d5e17c3f3a32c872863530420572b236a676a1a2bad
R6_reacher_02d110e309cbccb2d8a94c8b,REFIT_103201,R4_ALT_CEM_2,H_POLICY,FRESH_PAIRED_CONTROL,1,False,,0aff3a91f1df0696ab1390cb1e35532601b57f0b1fe469f9bbf2e9c411c01f73,
R6_reacher_02d110e309cbccb2d8a94c8b,REFIT_103201,R4_ALT_CEM_2,REAL3_NULLACT,COMPLETE,1,False,True,79730706cc7b746b3d343ff70e0fa0dcf7484138b7b466a5658e44daedd45eef,8dde391a4198b1a287b4ca07293eccecb62263e1ee834da9f662ec253e49c8d8
R6_reacher_02d110e309cbccb2d8a94c8b,REFIT_103201,R4_ALT_CEM_2,REPEAT3_REALACT,COMPLETE,1,False,True,59e5b58c6a92d2f8adf014755607bd850cc75d6eac8d38588a42819870e1b612,8dde391a4198b1a287b4ca07293eccecb62263e1ee834da9f662ec253e49c8d8
R6_reacher_02d110e309cbccb2d8a94c8b,REFIT_103202,R3_ORIGINAL,H_POLICY,FRESH_PAIRED_CONTROL,1,False,,ea04c33eed7cb1981dd9fb1aba5edaca810d209a426fe392a35eb92d957d3855,
R6_reacher_02d110e309cbccb2d8a94c8b,REFIT_103202,R3_ORIGINAL,REAL3_NULLACT,COMPLETE,1,False,True,087f2918d15f5d0e0294ae31441b9bf90a4595f8905aab0fd92f1d3abb2e071a,f178b9c64a80d80b001bcc204d59240a4880add0e7ab826efcf521ae269efbb3
R6_reacher_02d110e309cbccb2d8a94c8b,REFIT_103202,R3_ORIGINAL,REPEAT3_REALACT,COMPLETE,1,False,True,9d4fd2fba282057babb170a69f1cea5aaca39103a9fb2093ad9ee18d4bfffdc7,f178b9c64a80d80b001bcc204d59240a4880add0e7ab826efcf521ae269efbb3
R6_reacher_02d110e309cbccb2d8a94c8b,REFIT_103202,R4_ALT_CEM_1,H_POLICY,FRESH_PAIRED_CONTROL,1,False,,2c0a15372150f29ba545fb52f8073371edf1dfe6c1a83f078920034156e9f07b,
R6_reacher_02d110e309cbccb2d8a94c8b,REFIT_103202,R4_ALT_CEM_1,REAL3_NULLACT,COMPLETE,1,False,True,f258b2ca8fae807b3e90abcffab83de41116ed8dfe10476565afd11d71cd0ba6,6ea680504b0af06fe97de0b263f10b896a23db72fcf4592d40046d3b6c0af3a8
R6_reacher_02d110e309cbccb2d8a94c8b,REFIT_103202,R4_ALT_CEM_1,REPEAT3_REALACT,COMPLETE,1,False,True,8beb6f3b65cb5e7cace8cc7532e99720b6ab4417f44663cb4674b20ddd7263b9,6ea680504b0af06fe97de0b263f10b896a23db72fcf4592d40046d3b6c0af3a8
R6_reacher_02d110e309cbccb2d8a94c8b,REFIT_103202,R4_ALT_CEM_2,H_POLICY,FRESH_PAIRED_CONTROL,1,False,,45bb592bd45b9d4aab3a72b397a68be861858a9aad0429c85a69e0ea765abdad,
R6_reacher_02d110e309cbccb2d8a94c8b,REFIT_103202,R4_ALT_CEM_2,REAL3_NULLACT,COMPLETE,1,False,True,835364f9348cb5fef06ff4aafe00a89532654319fdcc577234ebb74a7e69e9a9,1d4063e205fef1cb1553927d5d6eb7a0a7fc87ff7f753d6cc4882cfc15793a2f
R6_reacher_02d110e309cbccb2d8a94c8b,REFIT_103202,R4_ALT_CEM_2,REPEAT3_REALACT,COMPLETE,1,False,True,825a3c1b645568cbc6bd9db067f2a8af3a83ac0ed59c8849fa4071b2f636ec1c,1d4063e205fef1cb1553927d5d6eb7a0a7fc87ff7f753d6cc4882cfc15793a2f
R6_reacher_02d110e309cbccb2d8a94c8b,REFIT_103203,R3_ORIGINAL,H_POLICY,FRESH_PAIRED_CONTROL,1,False,,1a603e73a1637d98ab1e760cc5a7f9fa6a3862cc213ec1b85193b0ae09e2ec36,
R6_reacher_02d110e309cbccb2d8a94c8b,REFIT_103203,R3_ORIGINAL,REAL3_NULLACT,COMPLETE,1,False,True,a63b35e6124f90ff3a18f1340e2e9a5e85b123413d20a0b0e03e52dee281ee8d,70c559aafd739cb6fefbed01534600ea8e7b4abf120e40c4e692770851378d38
R6_reacher_02d110e309cbccb2d8a94c8b,REFIT_103203,R3_ORIGINAL,REPEAT3_REALACT,COMPLETE,1,False,True,49e3918d88fa191dbab35af9d6ab74bccc95afc6445f2758370a4c42f3e98f15,70c559aafd739cb6fefbed01534600ea8e7b4abf120e40c4e692770851378d38
R6_reacher_02d110e309cbccb2d8a94c8b,REFIT_103203,R4_ALT_CEM_1,H_POLICY,FRESH_PAIRED_CONTROL,1,False,,70916817415344b6eca23486d445e3cf42588bca745437d6326142e8decbd824,
R6_reacher_02d110e309cbccb2d8a94c8b,REFIT_103203,R4_ALT_CEM_1,REAL3_NULLACT,COMPLETE,1,False,True,ce96298ab3fc46b9a196c372df4e2916ca80772adc0a01a164018f343a5bde85,d2054e97bf39f21c870708016387d4e9c2ac3f5f29ab65e503112c7debadc635
R6_reacher_02d110e309cbccb2d8a94c8b,REFIT_103203,R4_ALT_CEM_1,REPEAT3_REALACT,COMPLETE,1,False,True,1dcf3edb458909327e4ab0887489e45a062043857a35401eee3020fba797d5cf,d2054e97bf39f21c870708016387d4e9c2ac3f5f29ab65e503112c7debadc635
R6_reacher_02d110e309cbccb2d8a94c8b,REFIT_103203,R4_ALT_CEM_2,H_POLICY,FRESH_PAIRED_CONTROL,1,False,,cac2e2cb7f4c8ecf496a1a17426076c689d93f730f14d54e4075987cff177c01,
R6_reacher_02d110e309cbccb2d8a94c8b,REFIT_103203,R4_ALT_CEM_2,REAL3_NULLACT,COMPLETE,1,False,True,a9dc90cdc9b1b56ab14dfa76524e437bee3c4c30433c5ade7e7468bbc6f69431,cb92ed379247ecf98e471170156cd3dc9865ea25116dc61e7b418a9daa1103c2
R6_reacher_02d110e309cbccb2d8a94c8b,REFIT_103203,R4_ALT_CEM_2,REPEAT3_REALACT,COMPLETE,1,False,True,dc3b5e93bc7ebc0a1025814ce49cc5a78feadda271570d82e46e8bfb5f2568fa,cb92ed379247ecf98e471170156cd3dc9865ea25116dc61e7b418a9daa1103c2
R6_reacher_02dc0f9a7b772ddf917ae2e2,H0,R3_ORIGINAL,H_POLICY,FRESH_PAIRED_CONTROL,1,True,,fa72b78154c5a4ff02ce0ec11dc14633a7a85c1c46c5525d953cc425f1d9ca21,
R6_reacher_02dc0f9a7b772ddf917ae2e2,H0,R3_ORIGINAL,REAL3_NULLACT,COMPLETE,1,True,True,664b474203b3befdd5f58955c6fd54df3dcf49d9520ade20584c15bd9ae74775,6dcc58265caf19a7566525c8df2cdeb615bce36f6559e9381ddd4ba5ada20c91
R6_reacher_02dc0f9a7b772ddf917ae2e2,H0,R3_ORIGINAL,REPEAT3_REALACT,COMPLETE,1,True,True,de13fad4f3b440010b5c8f05f5b5f62f4c24cbb2d0f8775178856746e2f6365b,be0b17cb6f740acb2733c5b97efd92e33bb3ed4256e949979f32ff1e0c9002a2
R6_reacher_02dc0f9a7b772ddf917ae2e2,H0,R4_ALT_CEM_1,H_POLICY,FRESH_PAIRED_CONTROL,1,True,,becdfc967efea2deb411ad87cc70b5b271bb81978d82d1d2a4a499d1b0fc34c1,
R6_reacher_02dc0f9a7b772ddf917ae2e2,H0,R4_ALT_CEM_1,REAL3_NULLACT,COMPLETE,1,True,True,e2a546b24191f6e6854811225e66a21f5bb83a6ea49ff53567a46a59ead2be20,97d6519f712d38559caec19ff2f0c5fca1cca8f4439a494216bed287ddc0ea18
R6_reacher_02dc0f9a7b772ddf917ae2e2,H0,R4_ALT_CEM_1,REPEAT3_REALACT,COMPLETE,1,True,True,2ed7d914247bdf864b287724389f5b133cb48770fa53c94805662dd2f620acbd,bf67681cb8fe7243b4bf357e1df4f763fd53f0dd30f93177cbf0912ca8abedd7
R6_reacher_02dc0f9a7b772ddf917ae2e2,H0,R4_ALT_CEM_2,H_POLICY,FRESH_PAIRED_CONTROL,0,True,,3c9bad8f9dd247b281a330fa274ee418e1b8bc2a8da4f2be53d7e7a8478a228e,
R6_reacher_02dc0f9a7b772ddf917ae2e2,H0,R4_ALT_CEM_2,REAL3_NULLACT,COMPLETE,1,True,True,4a43937c8334c19208061fdd15ad2bd68737fbdd5de35a66c29f9faf0bd6c79f,2a1d669ccb25681b74f26bf25cabaea88581caf38c5f5fd9ceda8a0772e4255c
R6_reacher_02dc0f9a7b772ddf917ae2e2,H0,R4_ALT_CEM_2,REPEAT3_REALACT,COMPLETE,1,True,True,7d578d8d5e587c367cfccc5dee24c09f76701533d7deb812716620eb46443b40,77d425e73dc4da696ad9adcd022744281baff7c43d25379433f6a2d8e5d40348
R6_reacher_02dc0f9a7b772ddf917ae2e2,REFIT_103201,R3_ORIGINAL,H_POLICY,FRESH_PAIRED_CONTROL,0,True,,e776393705c9ad6d88e2f54983668b9b6c252aa70db4f28cd15dac720745390f,
R6_reacher_02dc0f9a7b772ddf917ae2e2,REFIT_103201,R3_ORIGINAL,REAL3_NULLACT,COMPLETE,0,True,True,835e5db903c7510c734bac4b073851071f4f167a1ce4ed129189fdbeb29b6ae8,46df3edd854f9153a9676b9acb1f328d9528931578a7138d80b0513263d95bf5
R6_reacher_02dc0f9a7b772ddf917ae2e2,REFIT_103201,R3_ORIGINAL,REPEAT3_REALACT,COMPLETE,1,True,True,1fa304462974c68f0a1592db6636b8f958ed318a9306b9c4a31c704ab8c2aebf,33cc44141ce1c669a4867a57c72afe6a5121a619bef3f59a731aeb3b29ddd72f
R6_reacher_02dc0f9a7b772ddf917ae2e2,REFIT_103201,R4_ALT_CEM_1,H_POLICY,FRESH_PAIRED_CONTROL,0,True,,045f072c80e23337203f90f82ff82e3f63309c5097e915aede40194ed27e8882,
R6_reacher_02dc0f9a7b772ddf917ae2e2,REFIT_103201,R4_ALT_CEM_1,REAL3_NULLACT,COMPLETE,1,True,True,61de98cfa732e3831b38b1a4f69d712a52c8d1d8995ef72fc14d8f577f0bd613,04d38db2fe9bcd8945de2db6b70c805b679835c70396d6a50e51ad64f2b03516
R6_reacher_02dc0f9a7b772ddf917ae2e2,REFIT_103201,R4_ALT_CEM_1,REPEAT3_REALACT,COMPLETE,1,True,True,c308b8da79df7f9f7776707b3d4d8a5b66f3d557f45780d4eb2a465bdf85bfc5,babc14ac7795e68cbcc710ded914868b70a7b4fbb22dacfc67531e0d5a366069
R6_reacher_02dc0f9a7b772ddf917ae2e2,REFIT_103201,R4_ALT_CEM_2,H_POLICY,FRESH_PAIRED_CONTROL,1,True,,245d79bce3509fa7b29b2c7ee0e557638329a78a2f3ae511aa2446f3c475db8e,
R6_reacher_02dc0f9a7b772ddf917ae2e2,REFIT_103201,R4_ALT_CEM_2,REAL3_NULLACT,COMPLETE,1,True,True,6d5bc6943eccbb67a7194ffacc12ea3053aa281ca9d9fa749975d98ec90e3a98,fb804863ec65dfd32d0df0e55df8f738f790e95e4e973879f3538873962373a7
R6_reacher_02dc0f9a7b772ddf917ae2e2,REFIT_103201,R4_ALT_CEM_2,REPEAT3_REALACT,COMPLETE,1,True,True,3076f4d3b316d8b1390efba2480745396c4697844584cd04400e44f37676b0a8,3adc3353b8273fbae48325b10ab1f0c85ad7e3c26a7003daaa732b0b20c06dcc
R6_reacher_02dc0f9a7b772ddf917ae2e2,REFIT_103202,R3_ORIGINAL,H_POLICY,FRESH_PAIRED_CONTROL,1,True,,c27d6d0700895bb474d485e85b6793f29512fccaf95dba343db81f589436256d,
R6_reacher_02dc0f9a7b772ddf917ae2e2,REFIT_103202,R3_ORIGINAL,REAL3_NULLACT,COMPLETE,1,True,True,43d3be6032319feb057f0cff18449b20422de9fba414bf450f2024540da95137,1539b695461111776ff8e9def059e007e549042295beb409d4b7c863e23b5af6
R6_reacher_02dc0f9a7b772ddf917ae2e2,REFIT_103202,R3_ORIGINAL,REPEAT3_REALACT,COMPLETE,1,True,True,11bc589dcfd0bf0ba85dd06129d71f83cd7396ff9dff763e400bdc6da83b582a,67b05780557af82e91d7a21b5192f8902ce887c6f28873e8c09a1816fde28293
R6_reacher_02dc0f9a7b772ddf917ae2e2,REFIT_103202,R4_ALT_CEM_1,H_POLICY,FRESH_PAIRED_CONTROL,1,True,,7c6c1153a75503a812db5b0a8bc1e108aa92185c6afa7d07fc2b89c005a446f7,
R6_reacher_02dc0f9a7b772ddf917ae2e2,REFIT_103202,R4_ALT_CEM_1,REAL3_NULLACT,COMPLETE,1,True,True,81aeff83ff2bf82d6940f89d31763ba36e7dea8d6449c8bb137dfe4bb57904b6,d597ab9e8b353d664a12d0d0497e01acf1214570510f017fc4bb163b977a9ff5
R6_reacher_02dc0f9a7b772ddf917ae2e2,REFIT_103202,R4_ALT_CEM_1,REPEAT3_REALACT,COMPLETE,1,True,True,524a1a97a81830af7f601febc91c288b2c8c5c62c71907f354563c52993622aa,68174178d6a7d31082077b4203b0b511b22feaaecb1d59596d513304f3901562
R6_reacher_02dc0f9a7b772ddf917ae2e2,REFIT_103202,R4_ALT_CEM_2,H_POLICY,FRESH_PAIRED_CONTROL,1,True,,1c20665656e794edfa27d667da9b90149d671e6ad0a954a82b60beafac85f1b0,
R6_reacher_02dc0f9a7b772ddf917ae2e2,REFIT_103202,R4_ALT_CEM_2,REAL3_NULLACT,COMPLETE,1,True,True,7fe2d9b685d532ed075cdbe06976ba2013216445071f555c3344b8fdfbc66e96,44310caf27831017ccaf4040fc1b558c78ba407a886b254a92454205ce85bf25
R6_reacher_02dc0f9a7b772ddf917ae2e2,REFIT_103202,R4_ALT_CEM_2,REPEAT3_REALACT,COMPLETE,1,True,True,9159dd6f6c629cdddbac7e7f5e6b46bd71446b75d2b187935a562549d269f546,e701ef315c62010b13cc51343ab5075cf9d2622acf4b3b1950cf30d9aae2c4d4
R6_reacher_02dc0f9a7b772ddf917ae2e2,REFIT_103203,R3_ORIGINAL,H_POLICY,FRESH_PAIRED_CONTROL,1,True,,764eea714902a26f8a32d9d35e9f9b62ad501184bb8537546ada94a431149126,
R6_reacher_02dc0f9a7b772ddf917ae2e2,REFIT_103203,R3_ORIGINAL,REAL3_NULLACT,COMPLETE,1,True,True,f6193bc67a0fdcbdd47194e24b9408484d9f94a9c66444936bda3aff85d533d5,79eda30d65744ac051169a6f98413613233fa865c4c4393c3033220d7552949f
R6_reacher_02dc0f9a7b772ddf917ae2e2,REFIT_103203,R3_ORIGINAL,REPEAT3_REALACT,COMPLETE,1,True,True,ff88c98f30df622adae67ac63f8d78b631f408733ec84d085e34d1d448e455f1,c46449696467a32df66603865617310bdf5d5021f8a4d1924b2817e2c5a6e441
R6_reacher_02dc0f9a7b772ddf917ae2e2,REFIT_103203,R4_ALT_CEM_1,H_POLICY,FRESH_PAIRED_CONTROL,0,True,,13ab1c1d4ede8a8850e16b45a933417ec23c9e9b1c26099e8182121dd0417717,
R6_reacher_02dc0f9a7b772ddf917ae2e2,REFIT_103203,R4_ALT_CEM_1,REAL3_NULLACT,COMPLETE,1,True,True,a38525333ad47973da12a2ddc75368adb1a699711482f9395986ec63ef68577d,e110e7c18eabc0ba213caf11b0eb39e9f9291943d2e3dbb14cae5fe80d4489a9
R6_reacher_02dc0f9a7b772ddf917ae2e2,REFIT_103203,R4_ALT_CEM_1,REPEAT3_REALACT,COMPLETE,1,True,True,5cb6e029adabf0fc5d29d8266d03c7e5dfba8abbf98c9622dbe11a0ba1bd2721,6119a8fe627ab91324c1df96c3ee44c60a63e5c76fb5003103a19d9a28db9f22
R6_reacher_02dc0f9a7b772ddf917ae2e2,REFIT_103203,R4_ALT_CEM_2,H_POLICY,FRESH_PAIRED_CONTROL,1,True,,4e8f36cbf3f7dd0dc3fa3e96b29bc33a8f3bcfa2da8b0866c9ca388221757392,
R6_reacher_02dc0f9a7b772ddf917ae2e2,REFIT_103203,R4_ALT_CEM_2,REAL3_NULLACT,COMPLETE,1,True,True,d5ef97bc301bf304e45b50efe0fe4659e5d11c3082cb9b54b1c18c328abafe3e,36b49aca70977699d9d80c6671fb676cb70f1c3ad422822d8dffb4eeb5d7d8ec
R6_reacher_02dc0f9a7b772ddf917ae2e2,REFIT_103203,R4_ALT_CEM_2,REPEAT3_REALACT,COMPLETE,1,True,True,c1a87dcb846239493f4470cdfdfbe1d8d47dce69202e2f4915fed5eb886d2750,344a5f9e01de573072c5a36bebee08dd5c9e64e9b845b03008ac66d92174298d
R6_reacher_0323e2a42cd2b4632da3af22,H0,R3_ORIGINAL,H_POLICY,FRESH_PAIRED_CONTROL,1,True,,b8d2c0fbb37acd7c8f0fc01e8161d81148dd606d5d453b7acf9daf5da79e99bb,
R6_reacher_0323e2a42cd2b4632da3af22,H0,R3_ORIGINAL,REAL3_NULLACT,COMPLETE,1,True,True,7ca9d02e1ab88f70b1f4f1e36210cdf107ee1c9146d20bd6bfcf974d49ec8b3b,a18ca400d52d9560031db649b2802490cdd046cb31efaaad01123743a2c82238
R6_reacher_0323e2a42cd2b4632da3af22,H0,R3_ORIGINAL,REPEAT3_REALACT,COMPLETE,1,True,True,4aec5b42804a880dca4dd3f8efe6d199fd4054956bbf33a7c7eeb765a3f93031,91fdcdbc5fd427edc84fe1e9fb9947c107fcec9d6a4cf9e810e3257f322355d7
R6_reacher_0323e2a42cd2b4632da3af22,H0,R4_ALT_CEM_1,H_POLICY,FRESH_PAIRED_CONTROL,1,True,,ef5faa439ee90e7281d76e3a4e1f4bbc251dbf7400e3b4d9a540b284e4953942,
R6_reacher_0323e2a42cd2b4632da3af22,H0,R4_ALT_CEM_1,REAL3_NULLACT,COMPLETE,1,True,True,0f8bd7b39d5cb10b66d607393afeb32b858dbc15ce31f7b97416b5b01d3c0067,f05d9b1f2a3d426071ed5a67c496977623cec996141f64771c095da9c8d290ae
R6_reacher_0323e2a42cd2b4632da3af22,H0,R4_ALT_CEM_1,REPEAT3_REALACT,COMPLETE,1,True,True,8ee0c6d2729f26c0c87d2de4ba1e825dc102616c617f898e034026b2b4a1289c,c4eef29d750bc09e68d84893fad8014bbe70a51d5f8240cf4aa7dcea4f6ef180
R6_reacher_0323e2a42cd2b4632da3af22,H0,R4_ALT_CEM_2,H_POLICY,FRESH_PAIRED_CONTROL,1,True,,c3f90ac9363f738ffd143e32c434037d35cdd03b4df7fb1168b1ec003f9637fa,
R6_reacher_0323e2a42cd2b4632da3af22,H0,R4_ALT_CEM_2,REAL3_NULLACT,COMPLETE,1,True,True,e7ccc127f4f67c5a36bd86eb91c815020b8d2e7902f7accc5112d675bfbf2629,9cc1e776f15346ad43ea93209e7ddfd75bd449687ebc0b6e9a2d026ddbea7c17
R6_reacher_0323e2a42cd2b4632da3af22,H0,R4_ALT_CEM_2,REPEAT3_REALACT,COMPLETE,1,True,True,8cd44dd16626a708f2295abec34eadc5d5146dca133170669a708a56b1dfa30b,cb1f5ce26c0f937102da05f420913fa9b95a5177acc16a946ee99fa22b3c6665
R6_reacher_0323e2a42cd2b4632da3af22,REFIT_103201,R3_ORIGINAL,H_POLICY,FRESH_PAIRED_CONTROL,1,True,,7a7221094a4b1ba540793f62691d97cbb02fbc7aaa33e8d94009973dd589fd27,
R6_reacher_0323e2a42cd2b4632da3af22,REFIT_103201,R3_ORIGINAL,REAL3_NULLACT,COMPLETE,1,True,True,cfc9c341eb856c07a1649570e572e69b45d543f1a5ee84b5aa1e2630ba9d66a4,ca3594b75119c5f585400f371ff6c5155a847d06173c844a23270b519c6381c5
R6_reacher_0323e2a42cd2b4632da3af22,REFIT_103201,R3_ORIGINAL,REPEAT3_REALACT,COMPLETE,1,True,True,5e4aeca038d89f4e68c2cc14d42e0b8b48aa49b3418e7bd848edad6bb275a7f2,3123b3ca5d65d8bc2b3b7a87be657b8fa44d9d24b1d260dc87836fdf4020e5aa
R6_reacher_0323e2a42cd2b4632da3af22,REFIT_103201,R4_ALT_CEM_1,H_POLICY,FRESH_PAIRED_CONTROL,1,False,,1db820e65fa82898eb9a78e3a8d59337e134ff7ea30aaf844c70939732533cef,
R6_reacher_0323e2a42cd2b4632da3af22,REFIT_103201,R4_ALT_CEM_1,REAL3_NULLACT,COMPLETE,1,False,True,d881a6c2382f13e0c0575390745248892bcafcd7e659a22e0824b85e3d8e4638,b17665ccef6b225a3666ab03c5d47766d08daac7e1b50195340ef3109e972ba3
R6_reacher_0323e2a42cd2b4632da3af22,REFIT_103201,R4_ALT_CEM_1,REPEAT3_REALACT,COMPLETE,1,False,True,318703b9994de90ed0d719151bb83b7ac2a56b21563c5aa6e099ac016909a549,b17665ccef6b225a3666ab03c5d47766d08daac7e1b50195340ef3109e972ba3
R6_reacher_0323e2a42cd2b4632da3af22,REFIT_103201,R4_ALT_CEM_2,H_POLICY,FRESH_PAIRED_CONTROL,1,False,,4dcd5e86b942f0efbe8c808ae45c2e63a94d9d32e37aad16483e819470ee8cb3,
R6_reacher_0323e2a42cd2b4632da3af22,REFIT_103201,R4_ALT_CEM_2,REAL3_NULLACT,COMPLETE,1,False,True,9b803bf44f83212b0447cab541a413d1c9181e749f881ed9dd49e76858c45b63,521ca07337b516c965b644a9b15d5b9c9ffec4b6799165d6b9b1df52be31916c
R6_reacher_0323e2a42cd2b4632da3af22,REFIT_103201,R4_ALT_CEM_2,REPEAT3_REALACT,COMPLETE,1,False,True,f2cc11946d606798118bd784fd9aa5fdd66a79ee6741de4f9ef769e7338b677d,521ca07337b516c965b644a9b15d5b9c9ffec4b6799165d6b9b1df52be31916c
R6_reacher_0323e2a42cd2b4632da3af22,REFIT_103202,R3_ORIGINAL,H_POLICY,FRESH_PAIRED_CONTROL,1,True,,5bed1feae869c4bc93da88e489a72b54742be295bd0ed5c85047b8a2bedf1832,
R6_reacher_0323e2a42cd2b4632da3af22,REFIT_103202,R3_ORIGINAL,REAL3_NULLACT,COMPLETE,1,True,True,19ec559c64ae2cb9a0092ad7c4816ae35ef549713996962ee604992e3370f2f9,416993b10b1d0e5f1e95fc6b2b6adc592d36e4242ada6d55c1daf571ac973f88
R6_reacher_0323e2a42cd2b4632da3af22,REFIT_103202,R3_ORIGINAL,REPEAT3_REALACT,COMPLETE,1,True,True,da70b1a005028dce898d80df6e767cbae0859889b21696edff4027f2899f62ce,e6b5095f91ce38d6aca4ba3ad28f71e1409ccd6345d9f2702b68f0abf3097e97
R6_reacher_0323e2a42cd2b4632da3af22,REFIT_103202,R4_ALT_CEM_1,H_POLICY,FRESH_PAIRED_CONTROL,1,False,,ac36a35d4264f3f8844cdf6528244f325553e5eb5e2627d7602ceec355622016,
R6_reacher_0323e2a42cd2b4632da3af22,REFIT_103202,R4_ALT_CEM_1,REAL3_NULLACT,COMPLETE,1,False,True,a9b4c78a6749111afbc20d385db0497e30ebc09175c6098cacc45fe5cfc06c2c,18e088a45c6113aeaa0cf7296e90b6c5e7e26169fe8e328f17b42aba586dc0ce
R6_reacher_0323e2a42cd2b4632da3af22,REFIT_103202,R4_ALT_CEM_1,REPEAT3_REALACT,COMPLETE,1,False,True,a262965e69c5f6402321d3daa79729691695290ab79dc8f4b039ed3d2ba92783,18e088a45c6113aeaa0cf7296e90b6c5e7e26169fe8e328f17b42aba586dc0ce
R6_reacher_0323e2a42cd2b4632da3af22,REFIT_103202,R4_ALT_CEM_2,H_POLICY,FRESH_PAIRED_CONTROL,1,True,,dbed1e4f39002c68f7c7ab45d8d6e4b8f19421169aef90675c9b99cf478dc039,
R6_reacher_0323e2a42cd2b4632da3af22,REFIT_103202,R4_ALT_CEM_2,REAL3_NULLACT,COMPLETE,1,True,True,0f730094422baaf7d30e272f80ad2037533d5e6b7e7ef18b62e53fdf5fd59b3a,5ff84ac5a7d8b39c106c2a63d4970e9212b97a0e6b8328b8fb0a1ba5c5fb3964
R6_reacher_0323e2a42cd2b4632da3af22,REFIT_103202,R4_ALT_CEM_2,REPEAT3_REALACT,COMPLETE,1,True,True,3ab802964d0f7a322ad847de9c16715f02d41cd3f24254110215a8e86abb7e8c,7e13ecbd4a0776f71e4171b57c9c3a4a7c33ec280c0e6ed8011940f9ad22a9f9
R6_reacher_0323e2a42cd2b4632da3af22,REFIT_103203,R3_ORIGINAL,H_POLICY,FRESH_PAIRED_CONTROL,1,True,,643b37d1a9488748bbbfcaa0121eb49c2e9d33d5c6075d7b0adb71da5c662ca0,
R6_reacher_0323e2a42cd2b4632da3af22,REFIT_103203,R3_ORIGINAL,REAL3_NULLACT,COMPLETE,1,True,True,6c38b9b4a8b95b8b87b2d5dcaf63a1850f1d5aee549775181a7e3ad4c85f66f8,809bbe1ece4715bd9d03507b00e239a9715054c2b15d7d4d1b630c2b6a2fd336
R6_reacher_0323e2a42cd2b4632da3af22,REFIT_103203,R3_ORIGINAL,REPEAT3_REALACT,COMPLETE,1,True,True,c1ff5c8eb7761337ae255fa328dd8a6d7b84b4766e09134c1fb69b7a664619d6,507ed9ac7ac9f7040f07f510bc5930b5347401af3202feb2109e5135822c8f5b
R6_reacher_0323e2a42cd2b4632da3af22,REFIT_103203,R4_ALT_CEM_1,H_POLICY,FRESH_PAIRED_CONTROL,1,True,,ea5f313c03f9581e9c985856273ecf31e493ee28ea7cada79aa9e9d26e11e019,
R6_reacher_0323e2a42cd2b4632da3af22,REFIT_103203,R4_ALT_CEM_1,REAL3_NULLACT,COMPLETE,1,True,True,f3420439e17e38ae5d092bceb8f09471bdc113f3aa12062bb53431e4bcb0ad25,ed205f3863ada9b9da1ae879f7836e2c380a1400f99ddde0268551a85888cd9c
R6_reacher_0323e2a42cd2b4632da3af22,REFIT_103203,R4_ALT_CEM_1,REPEAT3_REALACT,COMPLETE,1,True,True,7fd9c5533bb1e545d353c6d16985d15af74c5e09664523f529beddeb6313c975,4e73213c30062409781d2397897f09d38dae44349b3c8676ba9c3ce384e111a8
R6_reacher_0323e2a42cd2b4632da3af22,REFIT_103203,R4_ALT_CEM_2,H_POLICY,FRESH_PAIRED_CONTROL,1,False,,35b05865d40a2f16fbb2af97d989952568116321f5065708367ebacb8a8ce5c6,
R6_reacher_0323e2a42cd2b4632da3af22,REFIT_103203,R4_ALT_CEM_2,REAL3_NULLACT,COMPLETE,1,False,True,72cb3bfcb493376e6352eee03f59b640d5917681b51da6100901fb2f22c09933,2e361be869f143c09285dc0c214d9f3b129f4c7b9f6b6f37929f13b93b519d20
R6_reacher_0323e2a42cd2b4632da3af22,REFIT_103203,R4_ALT_CEM_2,REPEAT3_REALACT,COMPLETE,1,False,True,6b256958994dc855ec895c1fde2aad641b677dbb4d77b843da7a08a774197e0c,2e361be869f143c09285dc0c214d9f3b129f4c7b9f6b6f37929f13b93b519d20
R6_reacher_03354b4110fc726a53339d43,H0,R3_ORIGINAL,H_POLICY,FRESH_PAIRED_CONTROL,1,False,,6d1da89d852b0b914f554217d9a533b8a1f44935a968cc387aff919cb11fd7e1,
R6_reacher_03354b4110fc726a53339d43,H0,R3_ORIGINAL,REAL3_NULLACT,COMPLETE,1,False,True,c4f584254f15f75285660664f34b635257f55365ba0ba5661243df5fae18eb15,aedc376f6bc038f4a6a53990c7219ba9afb4a62fc4460412c2990768c9ebbd8a
R6_reacher_03354b4110fc726a53339d43,H0,R3_ORIGINAL,REPEAT3_REALACT,COMPLETE,1,False,True,00084dd31875a1b757a9cab8c10474d73626ef7d928cfd7b964a2093df71c3e3,aedc376f6bc038f4a6a53990c7219ba9afb4a62fc4460412c2990768c9ebbd8a
R6_reacher_03354b4110fc726a53339d43,H0,R4_ALT_CEM_1,H_POLICY,FRESH_PAIRED_CONTROL,1,True,,b7b2f6c44ebabb6e0fbe8357d14dfa158a40b247ea9e13d0c46a8fa6ec196f83,
R6_reacher_03354b4110fc726a53339d43,H0,R4_ALT_CEM_1,REAL3_NULLACT,COMPLETE,1,True,True,c912a79a4ada518bb89fe827364a9b369aa20c85eb48a1414f70320625ffb9b8,862fd517c179756afce160dd4cd0383d001a5b1c8be916a6235b54cbb045ff1a
R6_reacher_03354b4110fc726a53339d43,H0,R4_ALT_CEM_1,REPEAT3_REALACT,COMPLETE,1,True,True,8c806e40e0a2c4da266cab92318eea3c17a4b068c10e48e43ef3a028ec73ee21,6891d576c0af1816911205ea8630b9b9619fb506d6ced78834fc4f5fa93deb2e
R6_reacher_03354b4110fc726a53339d43,H0,R4_ALT_CEM_2,H_POLICY,FRESH_PAIRED_CONTROL,1,False,,dad70b9fdade349404ea74091211ab237ee9d72af5c3006f63e70ff85a98909f,
R6_reacher_03354b4110fc726a53339d43,H0,R4_ALT_CEM_2,REAL3_NULLACT,COMPLETE,1,False,True,f7b4e133e611133ff94734c1a2bfe55f44995e760360188f3353141bf574bc2c,c16844604908d3568dfb4ecc83c5530071596006868f152e1089d03ff6287c21
R6_reacher_03354b4110fc726a53339d43,H0,R4_ALT_CEM_2,REPEAT3_REALACT,COMPLETE,1,False,True,e3f0017a516e2210961ce2b085b445b0102cba8118fce20e710c18b2b190b45a,c16844604908d3568dfb4ecc83c5530071596006868f152e1089d03ff6287c21
R6_reacher_03354b4110fc726a53339d43,REFIT_103201,R3_ORIGINAL,H_POLICY,FRESH_PAIRED_CONTROL,1,False,,86be76d355046e98efc31446cc56bc40f055bdb9db510c252b0693ab762bdf66,
R6_reacher_03354b4110fc726a53339d43,REFIT_103201,R3_ORIGINAL,REAL3_NULLACT,COMPLETE,1,False,True,79765a15a8bb9649a5467f3fcdb350044286273e9584363ccc0d0c629db266b1,952c402e73cf7cd70e6bad5feed201ea9d29eb789e6d9358ca3b2ddf2902e5d9
R6_reacher_03354b4110fc726a53339d43,REFIT_103201,R3_ORIGINAL,REPEAT3_REALACT,COMPLETE,1,False,True,f846d241733cfc5cc58eeb68af5bfe7f66a2c3e45a73199fb8cb6a95b62c612a,952c402e73cf7cd70e6bad5feed201ea9d29eb789e6d9358ca3b2ddf2902e5d9
R6_reacher_03354b4110fc726a53339d43,REFIT_103201,R4_ALT_CEM_1,H_POLICY,FRESH_PAIRED_CONTROL,1,False,,ca1204cefb42f65e337324a1f58060d481d0d6b23100b17ac5a045f18d3b535e,
R6_reacher_03354b4110fc726a53339d43,REFIT_103201,R4_ALT_CEM_1,REAL3_NULLACT,COMPLETE,1,False,True,94c4c85fa240b6e6f7ec8fc653a200d89688dda729e5cec913d853c3df5963fd,50c637db3ff72579e302e79047ae6ed07ffbb6155130789f074ab2f4cc094b0b
R6_reacher_03354b4110fc726a53339d43,REFIT_103201,R4_ALT_CEM_1,REPEAT3_REALACT,COMPLETE,1,False,True,76786a6a8623b252bab46bc2e95005e0a8dc26b6eb17261d970e0ffe1b4e48fc,50c637db3ff72579e302e79047ae6ed07ffbb6155130789f074ab2f4cc094b0b
R6_reacher_03354b4110fc726a53339d43,REFIT_103201,R4_ALT_CEM_2,H_POLICY,FRESH_PAIRED_CONTROL,1,False,,9a27ba85fd57d1b5a963e4fa9adf3456989117236b01156b49114a8c8b05ab0e,
R6_reacher_03354b4110fc726a53339d43,REFIT_103201,R4_ALT_CEM_2,REAL3_NULLACT,COMPLETE,1,False,True,b2351ba389d5547affa2912fb92eb48fd907cfd2e0871ce2a86c6f14f7b307c2,92cd6ae95c29f0a36e855e5d367a6048f3dbd5a5f758dd0986a6d2c6d6546a0d
R6_reacher_03354b4110fc726a53339d43,REFIT_103201,R4_ALT_CEM_2,REPEAT3_REALACT,COMPLETE,1,False,True,bf791308f9769ad72c52e857df7d2b296e6d72825d9c40b3779663b390da01f0,92cd6ae95c29f0a36e855e5d367a6048f3dbd5a5f758dd0986a6d2c6d6546a0d
R6_reacher_03354b4110fc726a53339d43,REFIT_103202,R3_ORIGINAL,H_POLICY,FRESH_PAIRED_CONTROL,1,False,,6700a966f3a08096f7733449720af24e528dd18a4eb46ac4663e40e0f100c763,
R6_reacher_03354b4110fc726a53339d43,REFIT_103202,R3_ORIGINAL,REAL3_NULLACT,COMPLETE,1,False,True,6da339cc37bff436504d2719b0f9625a8f5edf1352b6d4252285e3d6ef4d84ba,57cc158493a7fd6b42903fb99858439464ac633c9e473b8e3d23670dc627612a
R6_reacher_03354b4110fc726a53339d43,REFIT_103202,R3_ORIGINAL,REPEAT3_REALACT,COMPLETE,1,False,True,d587b67a180a4d6247a1a05fb789a855aa97018e9e84da31be694a3a105c9d9c,57cc158493a7fd6b42903fb99858439464ac633c9e473b8e3d23670dc627612a
R6_reacher_03354b4110fc726a53339d43,REFIT_103202,R4_ALT_CEM_1,H_POLICY,FRESH_PAIRED_CONTROL,1,False,,a99ca03e498642af33624a1757263e4cf6b8884c2872f85cf1b129918f88e504,
R6_reacher_03354b4110fc726a53339d43,REFIT_103202,R4_ALT_CEM_1,REAL3_NULLACT,COMPLETE,1,False,True,beb6912ce9e535781f560b67460efcfd9552d3d8dbcecaedb36dab918807c2ef,037c63504f57ffcb8873571db679bc8262cb8f23354897fd531d7056b65f379d
R6_reacher_03354b4110fc726a53339d43,REFIT_103202,R4_ALT_CEM_1,REPEAT3_REALACT,COMPLETE,1,False,True,e3974237c0f3f204e550dacd0ac32cb927775cfbdca9941cd3edc2257b5c0e95,037c63504f57ffcb8873571db679bc8262cb8f23354897fd531d7056b65f379d
R6_reacher_03354b4110fc726a53339d43,REFIT_103202,R4_ALT_CEM_2,H_POLICY,FRESH_PAIRED_CONTROL,1,False,,80109b59aeb052ca90d068a874fbe509008936d5c6177780b74a6c616b457d2b,
R6_reacher_03354b4110fc726a53339d43,REFIT_103202,R4_ALT_CEM_2,REAL3_NULLACT,COMPLETE,1,False,True,e8a9caafc2f334ab8e1feefeb0a134f3d0e201390debe6efd4143faf1a35afd3,b2879e7451b3a54c98f50eb2ad160a2f6a27cebf11956934bcb0a04a79f48197
R6_reacher_03354b4110fc726a53339d43,REFIT_103202,R4_ALT_CEM_2,REPEAT3_REALACT,COMPLETE,1,False,True,ee10da724003016a469e249450bf32f96179deeaf0e33e5ae7b854d0513c7928,b2879e7451b3a54c98f50eb2ad160a2f6a27cebf11956934bcb0a04a79f48197
R6_reacher_03354b4110fc726a53339d43,REFIT_103203,R3_ORIGINAL,H_POLICY,FRESH_PAIRED_CONTROL,1,False,,af37d28d3aba10750c9dac2d97a0dc0c693ba6e0f05bbd9726c32872836da9d4,
R6_reacher_03354b4110fc726a53339d43,REFIT_103203,R3_ORIGINAL,REAL3_NULLACT,COMPLETE,1,False,True,ea45a7a31c71450e9a4f1509c954bf14887acda3dba1ba9b6548a6ae39e322d1,de1a77c97d04d1c4f7b0ed570ebc0499ce6f05d943cfec34b8cee7b71e5b1fc0
R6_reacher_03354b4110fc726a53339d43,REFIT_103203,R3_ORIGINAL,REPEAT3_REALACT,COMPLETE,1,False,True,988ed1610b30482df77c9e293a4ed1dac316ec2a072ff2b6510c4603f7e8b9b2,de1a77c97d04d1c4f7b0ed570ebc0499ce6f05d943cfec34b8cee7b71e5b1fc0
R6_reacher_03354b4110fc726a53339d43,REFIT_103203,R4_ALT_CEM_1,H_POLICY,FRESH_PAIRED_CONTROL,1,False,,eeac45e75f60735864e0f58cf79781e9fbf335a88a4919a3ff82694f835db830,
R6_reacher_03354b4110fc726a53339d43,REFIT_103203,R4_ALT_CEM_1,REAL3_NULLACT,COMPLETE,1,False,True,cd44110b9820bff75c3bf5ab140a2937480afc5c928b0042300a3bb2c0d315a5,39be1a4b1bbdda311d01ff054e27612bb23760906cfd38379295d1d2312dadfe
R6_reacher_03354b4110fc726a53339d43,REFIT_103203,R4_ALT_CEM_1,REPEAT3_REALACT,COMPLETE,1,False,True,276b7a9b1630c3647ea8372e14bf66b580f68a401c964dcbc3325b6266406b8b,39be1a4b1bbdda311d01ff054e27612bb23760906cfd38379295d1d2312dadfe
R6_reacher_03354b4110fc726a53339d43,REFIT_103203,R4_ALT_CEM_2,H_POLICY,FRESH_PAIRED_CONTROL,1,True,,32a95c1f71bd02c184d17eb06c8945999de13d52af196177e7172d12f75eef98,
R6_reacher_03354b4110fc726a53339d43,REFIT_103203,R4_ALT_CEM_2,REAL3_NULLACT,COMPLETE,1,True,True,fe08170eb6cdbbc06a1aa9667623386af3eda457ee6fe8ce4464c7c1a87d1e3b,31a0ffa15ffe66522dcf0550cd8b571a527db61637c2eed6f848abfebea70474
R6_reacher_03354b4110fc726a53339d43,REFIT_103203,R4_ALT_CEM_2,REPEAT3_REALACT,COMPLETE,1,True,True,43e46b435b199bc17bd9467a02bd79381245327d2f3f6f425c30440812dcf8ad,77b305aa8a1d7af0118a8865b86aa45e096149e28887eec71bf1664bbd7edbcb
R6_reacher_03576c27fc916ca37b9d6b1d,H0,R3_ORIGINAL,H_POLICY,FRESH_PAIRED_CONTROL,1,False,,c0fd91ac321fe49b2b709f9c2f7b5acb74492bbc8a5e8b39e78ec8b4329d0415,
R6_reacher_03576c27fc916ca37b9d6b1d,H0,R3_ORIGINAL,REAL3_NULLACT,COMPLETE,1,False,True,892d22d573b89b160df7bc86cc8956b845e9b8c5f4a58531c4925cf91392c79e,deea3cd3c68fec6bd49837bc6d36cb4f1875c5ca75b55b8e4badc6a31a3fbc51
R6_reacher_03576c27fc916ca37b9d6b1d,H0,R3_ORIGINAL,REPEAT3_REALACT,COMPLETE,1,False,True,05423c33e1e55b206665c6c675ce7ebb35e0f875409727e8f3512c8a17d37a1d,deea3cd3c68fec6bd49837bc6d36cb4f1875c5ca75b55b8e4badc6a31a3fbc51
R6_reacher_03576c27fc916ca37b9d6b1d,H0,R4_ALT_CEM_1,H_POLICY,FRESH_PAIRED_CONTROL,1,False,,af6bc8798fa453cd025676b1f09f38be49da4498015cf62e0a86ccbd209d5cfe,
R6_reacher_03576c27fc916ca37b9d6b1d,H0,R4_ALT_CEM_1,REAL3_NULLACT,COMPLETE,1,False,True,94d00f1775aa5da171d8dedcd85081009e7ed9ed5c2d094119489e165cdff769,1dcd1df3178f532233bbfdfc53f2338cdf6d0eed28d3182072d3660aedb8ba1b
R6_reacher_03576c27fc916ca37b9d6b1d,H0,R4_ALT_CEM_1,REPEAT3_REALACT,COMPLETE,1,False,True,1bab6463fb7b9f0e00a798c680c0d8216af5f90e9753e46a5718594bb7671d3f,1dcd1df3178f532233bbfdfc53f2338cdf6d0eed28d3182072d3660aedb8ba1b
R6_reacher_03576c27fc916ca37b9d6b1d,H0,R4_ALT_CEM_2,H_POLICY,FRESH_PAIRED_CONTROL,1,False,,323a36ebd67bad6968136ea186956bfb47bd71fbcab013724f625f6f04917a3d,
R6_reacher_03576c27fc916ca37b9d6b1d,H0,R4_ALT_CEM_2,REAL3_NULLACT,COMPLETE,1,False,True,02f27e6d0df352330bfdaa73702ff5c38e7b724e869d759eaec94d024d023673,8af5c4c81d1504ad66e3613b3a4fb6a893203670a4b79420570eeb9972b7e3e3
R6_reacher_03576c27fc916ca37b9d6b1d,H0,R4_ALT_CEM_2,REPEAT3_REALACT,COMPLETE,1,False,True,10f04bfb75b9b9670447f38675f9068b0cf9ab27636447d30ebda5e5655a2085,8af5c4c81d1504ad66e3613b3a4fb6a893203670a4b79420570eeb9972b7e3e3
R6_reacher_03576c27fc916ca37b9d6b1d,REFIT_103201,R3_ORIGINAL,H_POLICY,FRESH_PAIRED_CONTROL,1,False,,2788510281d35d481427f096f2d53dc2d854d943cf011159a9f514f985afb641,
R6_reacher_03576c27fc916ca37b9d6b1d,REFIT_103201,R3_ORIGINAL,REAL3_NULLACT,COMPLETE,1,False,True,8e4cf26cf56c06dd9ba8e2c4e40389a470741a712ea0740364b785997acae321,4339937aec715e10fa03a4e2604adfbd3acf477888b94cef24a0cd0327892451
R6_reacher_03576c27fc916ca37b9d6b1d,REFIT_103201,R3_ORIGINAL,REPEAT3_REALACT,COMPLETE,1,False,True,bdc2bc627d88855656b2a2adb82d92f00943bc283b75a5f24b02c4606c4372c6,4339937aec715e10fa03a4e2604adfbd3acf477888b94cef24a0cd0327892451
R6_reacher_03576c27fc916ca37b9d6b1d,REFIT_103201,R4_ALT_CEM_1,H_POLICY,FRESH_PAIRED_CONTROL,1,False,,7671281ce8408c37c76d1a5ce0d8a1caec4e26824e5459f98895393e1a520018,
R6_reacher_03576c27fc916ca37b9d6b1d,REFIT_103201,R4_ALT_CEM_1,REAL3_NULLACT,COMPLETE,1,False,True,a9f5a16bd84694de065de2f709e08717e95e618b4074cf102f4fb1ea02423122,55722446b2dfc348f08ae90b4d6a37cbe264c135347ce0ea660fb2f48316e427
R6_reacher_03576c27fc916ca37b9d6b1d,REFIT_103201,R4_ALT_CEM_1,REPEAT3_REALACT,COMPLETE,1,False,True,9639c91a164df7afa99bf4fabd3faa90f6822b243ea0b771d3c3c5dd0f2e87c0,55722446b2dfc348f08ae90b4d6a37cbe264c135347ce0ea660fb2f48316e427
R6_reacher_03576c27fc916ca37b9d6b1d,REFIT_103201,R4_ALT_CEM_2,H_POLICY,FRESH_PAIRED_CONTROL,1,False,,bd6de848b1aca1ffabdfed8f6dbec6619d2412494efb8eca77be50c22b766e8d,
R6_reacher_03576c27fc916ca37b9d6b1d,REFIT_103201,R4_ALT_CEM_2,REAL3_NULLACT,COMPLETE,1,False,True,356d7131679fdf47f2b8eae6c403ab84a5e8ab93da4a89e795c69b95a038e8b3,cb21b318ae2e982afbd5180b5d8e8339ebfd05b06ea6fdbe3c70e00fabaffbc5
R6_reacher_03576c27fc916ca37b9d6b1d,REFIT_103201,R4_ALT_CEM_2,REPEAT3_REALACT,COMPLETE,1,False,True,b370fd55346f546540b321ab50f36b3a2d9d9c8137eb83d51427e7f5901fce8d,cb21b318ae2e982afbd5180b5d8e8339ebfd05b06ea6fdbe3c70e00fabaffbc5
R6_reacher_03576c27fc916ca37b9d6b1d,REFIT_103202,R3_ORIGINAL,H_POLICY,FRESH_PAIRED_CONTROL,1,False,,08b557b0e47d2232e62064c693453a1dc585df001bb897865069ebea7b6e70b2,
R6_reacher_03576c27fc916ca37b9d6b1d,REFIT_103202,R3_ORIGINAL,REAL3_NULLACT,COMPLETE,1,False,True,6da2211d3fd6e5af0deddee7b4eb75fa5c5498ca5ac99882c4b1b1e09b2dd40f,279b90a40b7dd748c11f227ba3048910ad4725e0ca368ac0e799dbe1d4e4b669
R6_reacher_03576c27fc916ca37b9d6b1d,REFIT_103202,R3_ORIGINAL,REPEAT3_REALACT,COMPLETE,1,False,True,1e32fbc94475e65798362a53a2c4187604ab27e7bce8f5a734d700999a123ca8,279b90a40b7dd748c11f227ba3048910ad4725e0ca368ac0e799dbe1d4e4b669
R6_reacher_03576c27fc916ca37b9d6b1d,REFIT_103202,R4_ALT_CEM_1,H_POLICY,FRESH_PAIRED_CONTROL,1,False,,0f327b99ca31a11a47a4333eed4b2bff9bce5ef618c30da539f2c2ccb2a7303e,
R6_reacher_03576c27fc916ca37b9d6b1d,REFIT_103202,R4_ALT_CEM_1,REAL3_NULLACT,COMPLETE,1,False,True,a8e12136cfc464d2c323ced3f4a3684a9e124dfd9992481e63c2c2178032bcf7,0b730d1aa5549c431c4d10c0a9bb23bde434a0cdc40759947214b87790f04565
R6_reacher_03576c27fc916ca37b9d6b1d,REFIT_103202,R4_ALT_CEM_1,REPEAT3_REALACT,COMPLETE,1,False,True,7aa2296ddea0e1e05731ebd686179846a4007e19e7f214c33e73dbe2d69bba9c,0b730d1aa5549c431c4d10c0a9bb23bde434a0cdc40759947214b87790f04565
R6_reacher_03576c27fc916ca37b9d6b1d,REFIT_103202,R4_ALT_CEM_2,H_POLICY,FRESH_PAIRED_CONTROL,1,False,,c0b760ac312382a5c6cbfd28801418afd2adc9922b0b0956e8843140a3ced507,
R6_reacher_03576c27fc916ca37b9d6b1d,REFIT_103202,R4_ALT_CEM_2,REAL3_NULLACT,COMPLETE,1,False,True,14c70dfe769ced0ed74fe1f400a8ece66cff88df93b6d59ab53efa82777901c6,086f6b2fcfb56689807f880466f04813af060b843c55b72395603f053b8ffad2
R6_reacher_03576c27fc916ca37b9d6b1d,REFIT_103202,R4_ALT_CEM_2,REPEAT3_REALACT,COMPLETE,1,False,True,4a96bd04e0e9d337e95377b873aa7ae394d51d3a39a67f6dd3854bac805c6bf2,086f6b2fcfb56689807f880466f04813af060b843c55b72395603f053b8ffad2
R6_reacher_03576c27fc916ca37b9d6b1d,REFIT_103203,R3_ORIGINAL,H_POLICY,FRESH_PAIRED_CONTROL,1,False,,3468911418521ef6f846b6a63bb19508ce13175383940dd987c34cea33bac03b,
R6_reacher_03576c27fc916ca37b9d6b1d,REFIT_103203,R3_ORIGINAL,REAL3_NULLACT,COMPLETE,1,False,True,2260c283b90fc125b39f5c79ed484c225d1c3a40451d7f0d23c0ab742f2f1565,ab15d26afb03284f45261f6c0d9e99b14b37f5f44f3d7704a87830f8deb7adfa
R6_reacher_03576c27fc916ca37b9d6b1d,REFIT_103203,R3_ORIGINAL,REPEAT3_REALACT,COMPLETE,1,False,True,cc7916e28202b5e06fb51fe85c81ede889d6cfe0b5678e12b728627f64729ec3,ab15d26afb03284f45261f6c0d9e99b14b37f5f44f3d7704a87830f8deb7adfa
R6_reacher_03576c27fc916ca37b9d6b1d,REFIT_103203,R4_ALT_CEM_1,H_POLICY,FRESH_PAIRED_CONTROL,1,False,,728f6d46dd6678fc620d76fa6c59221e983f0f1647eb079c2d79a6c2d423b1d4,
R6_reacher_03576c27fc916ca37b9d6b1d,REFIT_103203,R4_ALT_CEM_1,REAL3_NULLACT,COMPLETE,1,False,True,2efbfb745c99346d7f28ffd8eae5fa5e206d122173a9fc6255752d436c033bcd,703bc8e2b2ba6baeec224ac974f4db9c2288413369cf11ff0acfc2a94673e272
R6_reacher_03576c27fc916ca37b9d6b1d,REFIT_103203,R4_ALT_CEM_1,REPEAT3_REALACT,COMPLETE,1,False,True,4150ce6435f46f331ef12ae33b34538f59fe641c5854b10f89f42b0ad71a0c9c,703bc8e2b2ba6baeec224ac974f4db9c2288413369cf11ff0acfc2a94673e272
R6_reacher_03576c27fc916ca37b9d6b1d,REFIT_103203,R4_ALT_CEM_2,H_POLICY,FRESH_PAIRED_CONTROL,0,True,,f500cc6d4cee0dd84272a37d33eb283bcc85df2a4e73b275b8cb0ea82981c0dd,
R6_reacher_03576c27fc916ca37b9d6b1d,REFIT_103203,R4_ALT_CEM_2,REAL3_NULLACT,COMPLETE,0,True,True,32aac9139de8c554d01e5e74dd9ac55299c89277f377bbc9ec34fd0a4fb93784,e504dc3ab97fcd0d97f85adc689f9b0769f6e6ed85d5802a2cde571c09d614b0
R6_reacher_03576c27fc916ca37b9d6b1d,REFIT_103203,R4_ALT_CEM_2,REPEAT3_REALACT,COMPLETE,1,True,True,437d692426005519a1904d2d77cda6ca301335c59b19e91843db9cf04e763962,7adc1f7a34c2fd51d391191ee2024825001297e7b0a92b57b49b353230626c2d
R6_reacher_035bff63e5e604a5c077f9b3,H0,R3_ORIGINAL,H_POLICY,FRESH_PAIRED_CONTROL,1,False,,a36b8d8d2ae577761ec7374c6f365db303d181d1e233dc952a9997cac3d0b9cb,
R6_reacher_035bff63e5e604a5c077f9b3,H0,R3_ORIGINAL,REAL3_NULLACT,COMPLETE,1,False,True,f75de72fd5c67fe9e6fd6101c99b73ec0ad1d4dd3c92461209c54d31da36d3c5,44b9f0d928427d7af1fa5bd803bf84191482d9944fe068a5ccf8b809e7fcb75f
R6_reacher_035bff63e5e604a5c077f9b3,H0,R3_ORIGINAL,REPEAT3_REALACT,COMPLETE,1,False,True,219678b3916b67d433c83e4996c4e43d32e1a73f4c733e5096ce623c2e5922f3,44b9f0d928427d7af1fa5bd803bf84191482d9944fe068a5ccf8b809e7fcb75f
R6_reacher_035bff63e5e604a5c077f9b3,H0,R4_ALT_CEM_1,H_POLICY,FRESH_PAIRED_CONTROL,1,False,,25f5cc2294ef410326ad9d8d0b6ce38fdb9900f6180222d74f46d5501bf2d7cd,
R6_reacher_035bff63e5e604a5c077f9b3,H0,R4_ALT_CEM_1,REAL3_NULLACT,COMPLETE,1,False,True,52447dca963d059b3970c0096b87e0c84f08fab879b97d9acabbb18219c1efa0,9a0164106d8a2ab8b8038a02b315d7367dcb8949a7921e83cbe18425903b49a4
R6_reacher_035bff63e5e604a5c077f9b3,H0,R4_ALT_CEM_1,REPEAT3_REALACT,COMPLETE,1,False,True,de6c27a41fab3fb91fe533ecdadb906d8931d81e60d1dd2aa2fb47629d3cf09c,9a0164106d8a2ab8b8038a02b315d7367dcb8949a7921e83cbe18425903b49a4
R6_reacher_035bff63e5e604a5c077f9b3,H0,R4_ALT_CEM_2,H_POLICY,FRESH_PAIRED_CONTROL,1,False,,671af3b8f6ca66adc736ab95d65746ef6a68b9ca2b018441ee6a849d69c3e905,
R6_reacher_035bff63e5e604a5c077f9b3,H0,R4_ALT_CEM_2,REAL3_NULLACT,COMPLETE,1,False,True,7f59431592e8b503d4eec5b986524f3f0b17fada325e25019cd0143b72acf718,5fe4583f4aeebc7159aa38d78a496b24194617bf00b94517c017ebc4e594a8dc
R6_reacher_035bff63e5e604a5c077f9b3,H0,R4_ALT_CEM_2,REPEAT3_REALACT,COMPLETE,1,False,True,fea6646ba3e1e1d57586675d4578a9553a8659cbba57b6921a43bec0939ed2f3,5fe4583f4aeebc7159aa38d78a496b24194617bf00b94517c017ebc4e594a8dc
R6_reacher_035bff63e5e604a5c077f9b3,REFIT_103201,R3_ORIGINAL,H_POLICY,FRESH_PAIRED_CONTROL,1,False,,a463318dd56bc4a1515ca7edfc5841ad94cec10a4df86a283f53e6b85d05c2b9,
R6_reacher_035bff63e5e604a5c077f9b3,REFIT_103201,R3_ORIGINAL,REAL3_NULLACT,COMPLETE,1,False,True,0e92ccabcd80e1b1f4a7fbae4cc9d1624fd32523d93a721b9621c2c0b986437c,e19fb152aec16d794ef7f0903d5760efc031a10522e0335181394a1a84dbee9d
R6_reacher_035bff63e5e604a5c077f9b3,REFIT_103201,R3_ORIGINAL,REPEAT3_REALACT,COMPLETE,1,False,True,62aa3f1eac6b4181da9a1e58d7ef281d407b079b329f26074808a18750ef8be3,e19fb152aec16d794ef7f0903d5760efc031a10522e0335181394a1a84dbee9d
R6_reacher_035bff63e5e604a5c077f9b3,REFIT_103201,R4_ALT_CEM_1,H_POLICY,FRESH_PAIRED_CONTROL,1,False,,f0b2704b6debf8beb0792fe99ab06953a12a3d7a8dd2735ba238da4ad7d5f6b1,
R6_reacher_035bff63e5e604a5c077f9b3,REFIT_103201,R4_ALT_CEM_1,REAL3_NULLACT,COMPLETE,1,False,True,ad900237996dc1ab205f13d5e4849541cd3f05c997352eedb3da511895e9f206,927b9b51037910d03f59743efba7c60fe808111f7f874dd99e1dc09a607200b4
R6_reacher_035bff63e5e604a5c077f9b3,REFIT_103201,R4_ALT_CEM_1,REPEAT3_REALACT,COMPLETE,1,False,True,2d71c1069971ca4e9041cddf7b2265d4a0bed0b90c4b140258f0bf45d965b146,927b9b51037910d03f59743efba7c60fe808111f7f874dd99e1dc09a607200b4
R6_reacher_035bff63e5e604a5c077f9b3,REFIT_103201,R4_ALT_CEM_2,H_POLICY,FRESH_PAIRED_CONTROL,1,False,,5c0c03861b1dbee2203cfec31ad7cae16516474bacf0b4473bcc33393d2556de,
R6_reacher_035bff63e5e604a5c077f9b3,REFIT_103201,R4_ALT_CEM_2,REAL3_NULLACT,COMPLETE,1,False,True,d2b212ec5f4e29c4bccd20236a4b0241c3c4d489e9507646f67cb7054564c0a7,0dbc5c10246791ce231f4bf9d294df1b32d78590bb36b91f69c4862ce7fb28e4
R6_reacher_035bff63e5e604a5c077f9b3,REFIT_103201,R4_ALT_CEM_2,REPEAT3_REALACT,COMPLETE,1,False,True,b9793394f4ba3101703c2e977bb7cfe47651247e33ae54dedced59353f04be5b,0dbc5c10246791ce231f4bf9d294df1b32d78590bb36b91f69c4862ce7fb28e4
R6_reacher_035bff63e5e604a5c077f9b3,REFIT_103202,R3_ORIGINAL,H_POLICY,FRESH_PAIRED_CONTROL,1,False,,3a182cbd0683a248626f4949d134433e24bb86952a78257a3900fe6c7db754c3,
R6_reacher_035bff63e5e604a5c077f9b3,REFIT_103202,R3_ORIGINAL,REAL3_NULLACT,COMPLETE,1,False,True,c86ff091300125a4ef3260e526cd3d0f88b59c0e7559c684fec9a3d2c426cd1b,c8f6cb37168253fbb6f09fa94c6d9718aeef33163489cc01be5311df98a43fbf
R6_reacher_035bff63e5e604a5c077f9b3,REFIT_103202,R3_ORIGINAL,REPEAT3_REALACT,COMPLETE,1,False,True,2ef40905e2a82ad07e9cf9d7c8db9d300cb8d631ee8081a0bbc93e9a5e2b216d,c8f6cb37168253fbb6f09fa94c6d9718aeef33163489cc01be5311df98a43fbf
R6_reacher_035bff63e5e604a5c077f9b3,REFIT_103202,R4_ALT_CEM_1,H_POLICY,FRESH_PAIRED_CONTROL,1,False,,308d541223a0dcca8cd99cf46e3da558815949023c5b7732af82911f105d0709,
R6_reacher_035bff63e5e604a5c077f9b3,REFIT_103202,R4_ALT_CEM_1,REAL3_NULLACT,COMPLETE,1,False,True,a08543ab15ce911d731e512e60faad7e751ffe35a44cbb35b7e84216cd737339,c123b79f301427503fa692dee75442ff68500826ecff8b3c6b4d9080772b5ed0
R6_reacher_035bff63e5e604a5c077f9b3,REFIT_103202,R4_ALT_CEM_1,REPEAT3_REALACT,COMPLETE,1,False,True,14d3d51bbb9c2067b20fa409a2973790fd574c98ce3547b9e7462276a2287ded,c123b79f301427503fa692dee75442ff68500826ecff8b3c6b4d9080772b5ed0
R6_reacher_035bff63e5e604a5c077f9b3,REFIT_103202,R4_ALT_CEM_2,H_POLICY,FRESH_PAIRED_CONTROL,1,True,,8130f24494061c933ed3b935cfb6a1227f9b7a2199e70c551a218438b4b80ee1,
R6_reacher_035bff63e5e604a5c077f9b3,REFIT_103202,R4_ALT_CEM_2,REAL3_NULLACT,COMPLETE,1,True,True,5d0cbaeb482534a846221fa0732a29c49e0302dcd8ce32334648778d41ec5301,13a6d4428a3d61802e3a208cb271c1c156df572163430867524de89faa0e6b50
R6_reacher_035bff63e5e604a5c077f9b3,REFIT_103202,R4_ALT_CEM_2,REPEAT3_REALACT,COMPLETE,1,True,True,2a60031a702ceef50bbea69b4bcf3515442a130ab2f184c40cdf7464f5ada733,4c30a147c4ff382696467e8fc413b95201b3b3d27088aae25b53071995fe054c
R6_reacher_035bff63e5e604a5c077f9b3,REFIT_103203,R3_ORIGINAL,H_POLICY,FRESH_PAIRED_CONTROL,1,False,,3be6cff1b4fe4f85b15eaf26b0f146ba256eebe0099d752b6626f4ba83ab26a4,
R6_reacher_035bff63e5e604a5c077f9b3,REFIT_103203,R3_ORIGINAL,REAL3_NULLACT,COMPLETE,1,False,True,5a7e11a1aa29280f672ce44a1af845bbc2083fb96d2d98b25f714eec7f1e13b2,043b7b96477df58f4217b486d4c2ca4852dc04064af3b5b7df9d48f5d4d4af66
R6_reacher_035bff63e5e604a5c077f9b3,REFIT_103203,R3_ORIGINAL,REPEAT3_REALACT,COMPLETE,1,False,True,32ddb4e0a891423296bce8fa7d4f880bc5ea14542d3714d0f95060c9adb6c803,043b7b96477df58f4217b486d4c2ca4852dc04064af3b5b7df9d48f5d4d4af66
R6_reacher_035bff63e5e604a5c077f9b3,REFIT_103203,R4_ALT_CEM_1,H_POLICY,FRESH_PAIRED_CONTROL,1,False,,5dfe1c17244d62f1616eeb091edd57cbf7975c1fffbc2bd1e488e0bd0fbee155,
R6_reacher_035bff63e5e604a5c077f9b3,REFIT_103203,R4_ALT_CEM_1,REAL3_NULLACT,COMPLETE,1,False,True,c1a34883f655b2a790bd2c10009f3ca0de606027d63cb9836ae32d5ebbf8be4b,95cf57c13b14d203ba5a6482694cce09622e87c5388bc821c91be1e520b172ea
R6_reacher_035bff63e5e604a5c077f9b3,REFIT_103203,R4_ALT_CEM_1,REPEAT3_REALACT,COMPLETE,1,False,True,7244432df68e8c5b9a3ada912ed2aed62a22030a9493fbac86cb669b1dd12e31,95cf57c13b14d203ba5a6482694cce09622e87c5388bc821c91be1e520b172ea
R6_reacher_035bff63e5e604a5c077f9b3,REFIT_103203,R4_ALT_CEM_2,H_POLICY,FRESH_PAIRED_CONTROL,1,False,,a241338ea76b2daa1923e4114b6353b0bbecf1db9c88cdda3b9aa5d1b819bc6e,
R6_reacher_035bff63e5e604a5c077f9b3,REFIT_103203,R4_ALT_CEM_2,REAL3_NULLACT,COMPLETE,1,False,True,6f508f770108912ff5f0367438397863cedb56fc561679a6df622275ca0f8d49,e81c5017f5da423fc9802e1ac698e37de79b416a57c059526625b4af760c7ed6
R6_reacher_035bff63e5e604a5c077f9b3,REFIT_103203,R4_ALT_CEM_2,REPEAT3_REALACT,COMPLETE,1,False,True,6c721e14e7c2eb16a1e191080c451e5148a53593c7c1d812b66cbbaf01ee139c,e81c5017f5da423fc9802e1ac698e37de79b416a57c059526625b4af760c7ed6
R6_reacher_0378e2d686e7ef985b91bf38,H0,R3_ORIGINAL,H_POLICY,FRESH_PAIRED_CONTROL,1,False,,072350387ce23371fa9a4ea66e0f78a3e8cef7fbc27a70885d5277089c555b92,
R6_reacher_0378e2d686e7ef985b91bf38,H0,R3_ORIGINAL,REAL3_NULLACT,COMPLETE,1,False,True,bc155cbfc5ce0ac0e0ecc0819d96155f37a52e3d3a5334faca313f5a79387b33,ccfda82e07bf5878c021f2c58de338eec6f438921b9efec7c54b41a22ea2a729
R6_reacher_0378e2d686e7ef985b91bf38,H0,R3_ORIGINAL,REPEAT3_REALACT,COMPLETE,1,False,True,b4d95b230ddd0b342dbf03d5753010101d23f453b45ca4d3a3da1e3cbc949898,ccfda82e07bf5878c021f2c58de338eec6f438921b9efec7c54b41a22ea2a729
R6_reacher_0378e2d686e7ef985b91bf38,H0,R4_ALT_CEM_1,H_POLICY,FRESH_PAIRED_CONTROL,1,True,,bceced918f29e870171c839eb62122e919b311e3059f235ee9d99cf5c822e19d,
R6_reacher_0378e2d686e7ef985b91bf38,H0,R4_ALT_CEM_1,REAL3_NULLACT,COMPLETE,1,True,True,81124d09312f73eb25ab4d0242824a663b61aaf2e2bc19e7502b4937d03bc178,595a6a0542c4876ad04cd33464dabaec1ca73b52567d8b11bec4cb56aea9cf1d
R6_reacher_0378e2d686e7ef985b91bf38,H0,R4_ALT_CEM_1,REPEAT3_REALACT,COMPLETE,1,True,True,ed39afb161a98786268fd6dbc71d131a61a4539afe8c84479acc2f66dc57cb6b,b0a771ce9a692421b93f65a87c91b2e3ef528c6e242fbaf81c6c9efea019a6f2
R6_reacher_0378e2d686e7ef985b91bf38,H0,R4_ALT_CEM_2,H_POLICY,FRESH_PAIRED_CONTROL,1,False,,275e206a97969cefedf3e556be79e6861e4e932e5026b0b4884031c771be6feb,
R6_reacher_0378e2d686e7ef985b91bf38,H0,R4_ALT_CEM_2,REAL3_NULLACT,COMPLETE,1,False,True,69a1b6730be814a442632e37215f8c0feeb68dfff9f8a3097756837d3bf5e85b,df8ce42c3fa067bfdb17ca15bf4315c049f2d0021e4227c8333814141f64c51c
R6_reacher_0378e2d686e7ef985b91bf38,H0,R4_ALT_CEM_2,REPEAT3_REALACT,COMPLETE,1,False,True,32d22610460599a1db9e9744fce3b3fdd469660b787df9adc4b470e4f025d194,df8ce42c3fa067bfdb17ca15bf4315c049f2d0021e4227c8333814141f64c51c
R6_reacher_0378e2d686e7ef985b91bf38,REFIT_103201,R3_ORIGINAL,H_POLICY,FRESH_PAIRED_CONTROL,1,False,,31ae20c003cb7b0f031e043496a9e81fc2dae486df73cd61b5ffc953f0cd6fe5,
R6_reacher_0378e2d686e7ef985b91bf38,REFIT_103201,R3_ORIGINAL,REAL3_NULLACT,COMPLETE,1,False,True,39117d5422f8649835a91666ea4ec8716a7344610da2fc2141f1526824268200,d3e75614d774f8f427a02c47e00dfbdfadb7f4e38b3ca3aa22294de401786972
R6_reacher_0378e2d686e7ef985b91bf38,REFIT_103201,R3_ORIGINAL,REPEAT3_REALACT,COMPLETE,1,False,True,f7cfa58030b43e212121a858b71f5cbb3a6f25d60aebc67f037c3e33df807eb1,d3e75614d774f8f427a02c47e00dfbdfadb7f4e38b3ca3aa22294de401786972
R6_reacher_0378e2d686e7ef985b91bf38,REFIT_103201,R4_ALT_CEM_1,H_POLICY,FRESH_PAIRED_CONTROL,1,False,,09287894d8047e5acfcc04d0d2bceaa7bbf2a2ee9d1029896994366eb69b9837,
R6_reacher_0378e2d686e7ef985b91bf38,REFIT_103201,R4_ALT_CEM_1,REAL3_NULLACT,COMPLETE,1,False,True,ea2e694bedd7abfa5d45468c3434d79a73fc2d3b845d0155a27bdbfdc2bc6e96,7d438e9bc64ecc877c9be71af6d29cfb15de58f8bcc06cdfa28ddf605c090931
R6_reacher_0378e2d686e7ef985b91bf38,REFIT_103201,R4_ALT_CEM_1,REPEAT3_REALACT,COMPLETE,1,False,True,ccb33f489c2368ebff1c418ffb4cfee78fe86095dfc4ff5320f30b6e2e9b3845,7d438e9bc64ecc877c9be71af6d29cfb15de58f8bcc06cdfa28ddf605c090931
R6_reacher_0378e2d686e7ef985b91bf38,REFIT_103201,R4_ALT_CEM_2,H_POLICY,FRESH_PAIRED_CONTROL,1,True,,f058397bf739ec1b9405b9ca0a3a9170cd7690baf274ed61e907fc47ba7a850f,
R6_reacher_0378e2d686e7ef985b91bf38,REFIT_103201,R4_ALT_CEM_2,REAL3_NULLACT,COMPLETE,1,True,True,fa64b2ad6466adb58926090e66e93aa0de433cfcdf8c7e2eef5c1808e97ff838,e52b344392a686104725a03f826c22885d6e16caa201da05f7f4a33a9f671a89
R6_reacher_0378e2d686e7ef985b91bf38,REFIT_103201,R4_ALT_CEM_2,REPEAT3_REALACT,COMPLETE,1,True,True,798355d91488d6c27e80a63f0bcc384919d29d9d9daad57daed5273ed1c5f05b,8a036ec1133bbe0f7bc435a35e908cfdd1eb5530529710bf6b4a9037eefb107e
R6_reacher_0378e2d686e7ef985b91bf38,REFIT_103202,R3_ORIGINAL,H_POLICY,FRESH_PAIRED_CONTROL,1,False,,8c96dcbd5d0474aeb5c0a928d12c00869e82cc61ea4b2303c13004a30d5533fb,
R6_reacher_0378e2d686e7ef985b91bf38,REFIT_103202,R3_ORIGINAL,REAL3_NULLACT,COMPLETE,1,False,True,12ab38d4ce65766d836378e1c7f085ac9d2ea2205b7fe00dc4ef01efa035f8ec,bf0e2aa50d786e5050086b76a9101b6cf8a384b54655b6f3a8323d972fa72c2b
R6_reacher_0378e2d686e7ef985b91bf38,REFIT_103202,R3_ORIGINAL,REPEAT3_REALACT,COMPLETE,1,False,True,89dd8ab7ed84355763aa3a1df5987bd7c10bd07416be20243621d46f7a7eb713,bf0e2aa50d786e5050086b76a9101b6cf8a384b54655b6f3a8323d972fa72c2b
R6_reacher_0378e2d686e7ef985b91bf38,REFIT_103202,R4_ALT_CEM_1,H_POLICY,FRESH_PAIRED_CONTROL,1,False,,52f9d6ba49a64ce20f62a1ad364821a30e67143e8fcf76b5a15958f8d267bab6,
R6_reacher_0378e2d686e7ef985b91bf38,REFIT_103202,R4_ALT_CEM_1,REAL3_NULLACT,COMPLETE,1,False,True,cb9ecdffd890bb8bd9db8c9afb51ebee04a80e1d23eeaf7cac5c4090dc9c159f,492616649c7c6cebad9dc35cdeb0ac0f5e836f9a5e3808030e1722cdbad2d134
R6_reacher_0378e2d686e7ef985b91bf38,REFIT_103202,R4_ALT_CEM_1,REPEAT3_REALACT,COMPLETE,1,False,True,3a0531d3c9466a8f6c27e600ff4477abc41f0693fea669b9be3f03631b4108e9,492616649c7c6cebad9dc35cdeb0ac0f5e836f9a5e3808030e1722cdbad2d134
R6_reacher_0378e2d686e7ef985b91bf38,REFIT_103202,R4_ALT_CEM_2,H_POLICY,FRESH_PAIRED_CONTROL,1,True,,d97fb7d1060a773ee9fefd2274f2893fc4121d6fcd36d90b7203c60355a94fc5,
R6_reacher_0378e2d686e7ef985b91bf38,REFIT_103202,R4_ALT_CEM_2,REAL3_NULLACT,COMPLETE,1,True,True,199f265da73fb31b5ecb3670bb5b7d95072925eb98e0fc708b91b41a2878018b,f0d888e3cd67df5382311d90e1d2e4f78d056c4eaa21825225768a0b0a24c100
R6_reacher_0378e2d686e7ef985b91bf38,REFIT_103202,R4_ALT_CEM_2,REPEAT3_REALACT,COMPLETE,1,True,True,060fe43ac0ed1cb75ab4086d7ed5ed40d2c021aa0ca0176647d332310f4d64f0,592ee7391a742aa70201f2c0feb796820c2248ec03daa22c806696b6bb6b5b43
R6_reacher_0378e2d686e7ef985b91bf38,REFIT_103203,R3_ORIGINAL,H_POLICY,FRESH_PAIRED_CONTROL,1,False,,df23abb0f7f585efdd5377fcfa243ff52858bbed4e9101ee40fa3fc6e83dcd16,
R6_reacher_0378e2d686e7ef985b91bf38,REFIT_103203,R3_ORIGINAL,REAL3_NULLACT,COMPLETE,1,False,True,1d607d2220e3e9061ece2f4c71f0f4c779b8b23b0d4b894a0cce87ab9abeaaac,bdcd44b9f19783e5f41adce6ee305f4c9c326f37c4b9ee7ac5b3765e9e6c8e5b
R6_reacher_0378e2d686e7ef985b91bf38,REFIT_103203,R3_ORIGINAL,REPEAT3_REALACT,COMPLETE,1,False,True,f2a253fd15fbaa9efc23c565cdf7471685e3171d2c32f8593c32355ff68fa0e5,bdcd44b9f19783e5f41adce6ee305f4c9c326f37c4b9ee7ac5b3765e9e6c8e5b
R6_reacher_0378e2d686e7ef985b91bf38,REFIT_103203,R4_ALT_CEM_1,H_POLICY,FRESH_PAIRED_CONTROL,1,False,,0af5b4aa5237b3375c7fd0c57e8a78c015719f7d73fa6633da8e7659ca1f0a67,
R6_reacher_0378e2d686e7ef985b91bf38,REFIT_103203,R4_ALT_CEM_1,REAL3_NULLACT,COMPLETE,1,False,True,dbfbe3d2162de451499a5a30c9df32bf1629ab74352bf61ac5cfd9b9cc2e33a6,2912e86b11a547c60e91602ef3c8abda2a095fe69524688f92cd647e6a7358f2
R6_reacher_0378e2d686e7ef985b91bf38,REFIT_103203,R4_ALT_CEM_1,REPEAT3_REALACT,COMPLETE,1,False,True,4fe3250247d05191ad5a0e8bbd9afbd74e80690031360c3f33dcc68493d633a5,2912e86b11a547c60e91602ef3c8abda2a095fe69524688f92cd647e6a7358f2
R6_reacher_0378e2d686e7ef985b91bf38,REFIT_103203,R4_ALT_CEM_2,H_POLICY,FRESH_PAIRED_CONTROL,1,False,,5059c687ceb9b1d0289aa96ed83de9b77d203b8f882b765f1847a039e7e7021b,
R6_reacher_0378e2d686e7ef985b91bf38,REFIT_103203,R4_ALT_CEM_2,REAL3_NULLACT,COMPLETE,1,False,True,faf8ee697b25c5e522768ff41e37aab3e2027f2cb9e985f618e683c4dd716310,a5d13127f633997e4bd9a8e89db880b3bd90ecdcd87e940520a55a5ce8509b99
R6_reacher_0378e2d686e7ef985b91bf38,REFIT_103203,R4_ALT_CEM_2,REPEAT3_REALACT,COMPLETE,1,False,True,5103c28db0d6a2963e0912db3007188be03bb81a65fab81991f0e5573a98a3d5,a5d13127f633997e4bd9a8e89db880b3bd90ecdcd87e940520a55a5ce8509b99
R6_reacher_037aa4ee62015773e3d025c8,H0,R3_ORIGINAL,H_POLICY,FRESH_PAIRED_CONTROL,1,True,,59ea76db56fe12dc71a179a1ed52f0d5a56c27d63d75f21d5bb1e5be7821ab33,
R6_reacher_037aa4ee62015773e3d025c8,H0,R3_ORIGINAL,REAL3_NULLACT,COMPLETE,1,True,True,34c973785911234ff5477b23b613bda6de5d1a3be819fdeadd15084d875a7fc4,1129a75d50a695cc5fd9c202e8cd3adbe4c82a68c03bc0bfa3114c33c7de3156
R6_reacher_037aa4ee62015773e3d025c8,H0,R3_ORIGINAL,REPEAT3_REALACT,COMPLETE,1,True,True,b6c3eb81eabf15e1b2110945f6c0f6173cfa917132c1c9c88512919220b55292,c14d2ce76da2ba417e3efcb86d71ec16dbfe2238e4a9214f372fc4515cc59bf3
R6_reacher_037aa4ee62015773e3d025c8,H0,R4_ALT_CEM_1,H_POLICY,FRESH_PAIRED_CONTROL,1,True,,757cd894de423f13f0933dc81a231b5aa6484539e949bae087ff13fe89ca1337,
R6_reacher_037aa4ee62015773e3d025c8,H0,R4_ALT_CEM_1,REAL3_NULLACT,COMPLETE,1,True,True,d1ce5dcda32abd7eb7a809841130113aa63cef9bf0b19c566ba91eb7e1365918,2593d61f08a73d88d97b5eeddfb3bf89706eb5bd4e4ce1fba19a9c45af29d993
R6_reacher_037aa4ee62015773e3d025c8,H0,R4_ALT_CEM_1,REPEAT3_REALACT,COMPLETE,1,True,True,2ac53cec5b369a61498a9b6925f46d1c6f1465185eafbdb2ab8797fe511f8711,1b01bf0ee7f2d0072019539ce4854f75056c58164c1a681f4d1eb6b36f046d7f
R6_reacher_037aa4ee62015773e3d025c8,H0,R4_ALT_CEM_2,H_POLICY,FRESH_PAIRED_CONTROL,1,True,,bac787fcb884a7e2652723f606af5ebc6fe70b5e66c2266df05344dfdcd33038,
R6_reacher_037aa4ee62015773e3d025c8,H0,R4_ALT_CEM_2,REAL3_NULLACT,COMPLETE,1,True,True,53fae9ed130f16b0516af584524854aae16b6de96b2f1a67bb74893def941a69,88e50f5e7ab5abfef6253b117017094643fc4ff0a5ea1aa1aad95b9a905f8dd6
R6_reacher_037aa4ee62015773e3d025c8,H0,R4_ALT_CEM_2,REPEAT3_REALACT,COMPLETE,1,True,True,cd08ce6427f4f15487383a9f7407ab19bddc045a6caa0db1e47e17c97b6a7b44,17a2a8d94ca8b15758b111902887054cc03980cd1b5f1a0b428530dafa8b0899
R6_reacher_037aa4ee62015773e3d025c8,REFIT_103201,R3_ORIGINAL,H_POLICY,FRESH_PAIRED_CONTROL,1,False,,d62b07c49ca33c2b472f70626b4075d19403a7438e5a4ff85276d8b6eb55ff97,
R6_reacher_037aa4ee62015773e3d025c8,REFIT_103201,R3_ORIGINAL,REAL3_NULLACT,COMPLETE,1,False,True,453619746b4d6fc6db9691a0b29a4daaf12d7db41b6943ffb7938572ed7ebccb,2175bb164a9a76e496488e41645bb295949502816f5cfa42af40238f492aa243
R6_reacher_037aa4ee62015773e3d025c8,REFIT_103201,R3_ORIGINAL,REPEAT3_REALACT,COMPLETE,1,False,True,4a52fa4c4ab905fe3633228d8230ea3e40066c55b6f9824bb771229b0e7b5239,2175bb164a9a76e496488e41645bb295949502816f5cfa42af40238f492aa243
R6_reacher_037aa4ee62015773e3d025c8,REFIT_103201,R4_ALT_CEM_1,H_POLICY,FRESH_PAIRED_CONTROL,1,True,,558e9f72aa8ac6b944c46e66fd9c3391db2f63c0d58ba96d7bfe249b1169e79c,
R6_reacher_037aa4ee62015773e3d025c8,REFIT_103201,R4_ALT_CEM_1,REAL3_NULLACT,COMPLETE,1,True,True,2943edb6fe0abc026329d4eb12ca99dc7a530f424d2ba8337ef854e04baf0308,ce6c90d0c5792e98ded09ed80585e5eae88e631272c882bf9926959fb3a6d75b
R6_reacher_037aa4ee62015773e3d025c8,REFIT_103201,R4_ALT_CEM_1,REPEAT3_REALACT,COMPLETE,1,True,True,b9ecd8980b91eac0c94d60b9309b31d3e3fce2712d9f3f896fac1f266ccc70e0,20b744e9db5456390bfca29226ae41952b3cf6115b7c68fe3bc74b95a6e9d78f
R6_reacher_037aa4ee62015773e3d025c8,REFIT_103201,R4_ALT_CEM_2,H_POLICY,FRESH_PAIRED_CONTROL,1,True,,b8464fa2a183ea60ceb07cd91c558946844bbba513f0df2e222d940e93aefb97,
R6_reacher_037aa4ee62015773e3d025c8,REFIT_103201,R4_ALT_CEM_2,REAL3_NULLACT,COMPLETE,1,True,True,84d18a0dd523bfe4f2547e953a16957a7418e8b710f1efb43e3ee6e2d0723eb2,006090b048c92dae66640e617f034bdf2efeb7ac984f21e3b912734b7e1c1038
R6_reacher_037aa4ee62015773e3d025c8,REFIT_103201,R4_ALT_CEM_2,REPEAT3_REALACT,COMPLETE,1,True,True,584de9045f4039c47b60b45913f5d8a2f6b55543b8c31c25e90ae0437454eded,c03f5fdcf177b0eb72147a8665f712b8b224cf951eb5cf1777df46c07fcb2309
R6_reacher_037aa4ee62015773e3d025c8,REFIT_103202,R3_ORIGINAL,H_POLICY,FRESH_PAIRED_CONTROL,1,False,,ce8aa55a3ad226833f3f7b07031a16478a54a8e75e99aa440b70a7e7c510328d,
R6_reacher_037aa4ee62015773e3d025c8,REFIT_103202,R3_ORIGINAL,REAL3_NULLACT,COMPLETE,1,False,True,d35f52778c1c74728f4e05cbabda9823e428f5b4c6066c5b66bdc1af7ae0d864,20c149b3b88c11dd84d56433e3e98487004fe4b90229474ba7de5d6b09604507
R6_reacher_037aa4ee62015773e3d025c8,REFIT_103202,R3_ORIGINAL,REPEAT3_REALACT,COMPLETE,1,False,True,225f2d1bc3b049b5f6e1497c8ac834834ac8fa50147fd9fbbe4dc882e57d9336,20c149b3b88c11dd84d56433e3e98487004fe4b90229474ba7de5d6b09604507
R6_reacher_037aa4ee62015773e3d025c8,REFIT_103202,R4_ALT_CEM_1,H_POLICY,FRESH_PAIRED_CONTROL,1,True,,2982da74c18bfb8acfb285930dd5e572747b0f3993ae346a89b9a49cd5f390d8,
R6_reacher_037aa4ee62015773e3d025c8,REFIT_103202,R4_ALT_CEM_1,REAL3_NULLACT,COMPLETE,1,True,True,070c1e76d38919ef1893de4af99295f41e49b9c21a87390dd2848bf02e7c49c5,dfb6d1541a3b7d55c15033b3787f46472055e50cd560ddd66529bdbcbc33c416
R6_reacher_037aa4ee62015773e3d025c8,REFIT_103202,R4_ALT_CEM_1,REPEAT3_REALACT,COMPLETE,1,True,True,3084b6d107d0803ffdb4439709773b1338e4005514874bafba2b0c1a0b782f4d,163620fc8c3d53ae97db0b71fa69d1be4818e2fe4704f019eddcfae24f467bd4
R6_reacher_037aa4ee62015773e3d025c8,REFIT_103202,R4_ALT_CEM_2,H_POLICY,FRESH_PAIRED_CONTROL,0,True,,1c7707e77293d4e4cde1e99fbf76e0800f9317025e48fcbdd3bc815b0601851a,
R6_reacher_037aa4ee62015773e3d025c8,REFIT_103202,R4_ALT_CEM_2,REAL3_NULLACT,COMPLETE,0,True,True,e1045c84272f52c3be1465e150f6195527b956a1cfd5fcbe17548d0781ed0344,82ffd3c06059095a29cbc2cdfba91fe30960bd7458e7c5fc8cec37db18f690eb
R6_reacher_037aa4ee62015773e3d025c8,REFIT_103202,R4_ALT_CEM_2,REPEAT3_REALACT,COMPLETE,1,True,True,e65e27f2bc33d2697eff42285c645389b19381a7d25e9070ae7d4d93339224ce,3a19a6c9b8674ce4d40c1cb14ca44f39c6c2674ea94107e814621277b4ac042f
R6_reacher_037aa4ee62015773e3d025c8,REFIT_103203,R3_ORIGINAL,H_POLICY,FRESH_PAIRED_CONTROL,1,False,,8fb8b80e0778f013ba52a32b8c395f248859bd773e0565537fdc07e114c1c54e,
R6_reacher_037aa4ee62015773e3d025c8,REFIT_103203,R3_ORIGINAL,REAL3_NULLACT,COMPLETE,1,False,True,14abe83e523c10c1cac6ecdc6ea7fcf1915e2c593a06445ed20c78a79ef8c193,ad2d8420c4647aa71e68514f3c599374606aacceb998a7620a923418b5438008
R6_reacher_037aa4ee62015773e3d025c8,REFIT_103203,R3_ORIGINAL,REPEAT3_REALACT,COMPLETE,1,False,True,cb8e4396abee8208e443904ebca7d331b96a2003c0231f4f7145b7b0e5e6c1b0,ad2d8420c4647aa71e68514f3c599374606aacceb998a7620a923418b5438008
R6_reacher_037aa4ee62015773e3d025c8,REFIT_103203,R4_ALT_CEM_1,H_POLICY,FRESH_PAIRED_CONTROL,1,True,,f0c1040321e372e66e00ff58cbcc37bd412a7207988697a246a6ac2f5b20ed32,
R6_reacher_037aa4ee62015773e3d025c8,REFIT_103203,R4_ALT_CEM_1,REAL3_NULLACT,COMPLETE,1,True,True,6f75a21eaef66e22350e68d595fd4c78a8c54823556c0aef63d5d3829ec95391,192bb2df27ba66ac2e2db2faedc7766b0687f8f9626ce71b34d5fe4984a44066
R6_reacher_037aa4ee62015773e3d025c8,REFIT_103203,R4_ALT_CEM_1,REPEAT3_REALACT,COMPLETE,1,True,True,4fa50bcb1d924c27c9cbcb4445a415b5d54f0133ad5f70ed2227cd6f050cfc98,d763f9f8292a753216d0f003a955266b190834e71c7f2734a4bee53a9a5c446a
R6_reacher_037aa4ee62015773e3d025c8,REFIT_103203,R4_ALT_CEM_2,H_POLICY,FRESH_PAIRED_CONTROL,1,True,,885d9287464b8e6ab520cf6395e0c3a6a016b92c7050e0fd8aca706605acf563,
R6_reacher_037aa4ee62015773e3d025c8,REFIT_103203,R4_ALT_CEM_2,REAL3_NULLACT,COMPLETE,1,True,True,317772540ffaa018dc3853a41696ca8a58c6b4f2658447c214a8ec7ac8571b3e,be9f5ae5207ec97655c8a5ec9659cc3d14284522c21a1aea9d184711f8438550
R6_reacher_037aa4ee62015773e3d025c8,REFIT_103203,R4_ALT_CEM_2,REPEAT3_REALACT,COMPLETE,1,True,True,697e3233d998c7dba3b7654852ae1ad787a6d9dfb5c058561c2b256db1a62116,5cfa836d005802c34a11d5c8bc28a5b592473e8bc57ec3a0e92675c54c155bb8
R6_reacher_03c5dc1bff3c46c7e7066e86,H0,R3_ORIGINAL,H_POLICY,FRESH_PAIRED_CONTROL,1,True,,b7fff6eac04403dc29630d65b77a02d2bc8696c796e5d94f17571b03a65dc7a5,
R6_reacher_03c5dc1bff3c46c7e7066e86,H0,R3_ORIGINAL,REAL3_NULLACT,COMPLETE,1,True,True,0136331dc502034c95899cce52a1db2d38897cdc0d764b468f5d6710e831f14d,9c2f8e4bbc4a80789355a97b290c910dea42bef2afeb207fdc745ef8d254724d
R6_reacher_03c5dc1bff3c46c7e7066e86,H0,R3_ORIGINAL,REPEAT3_REALACT,COMPLETE,1,True,True,92135a7ed88e9142772f37dfe1c6e7e79b09d5608c8b1b9935e15a5c7fda534a,e986f5d6fb7bbb0f5b8c92530bb3dc6ae414289a5e8a96b7a4f5735ec4328142
R6_reacher_03c5dc1bff3c46c7e7066e86,H0,R4_ALT_CEM_1,H_POLICY,FRESH_PAIRED_CONTROL,0,True,,efeea0a9dc04a2c5587c506f4ac994f03275f55ef97cd5b545728937836272a4,
R6_reacher_03c5dc1bff3c46c7e7066e86,H0,R4_ALT_CEM_1,REAL3_NULLACT,COMPLETE,0,True,True,94d3ed63939cc5c0a4f5d53a6a46abf50f59925e358310bd1a3cc87c9ca164d5,3a83e5f805816ac09d5507bd6c042341f8df61263cd1b822f0a7c6de1e93e513
R6_reacher_03c5dc1bff3c46c7e7066e86,H0,R4_ALT_CEM_1,REPEAT3_REALACT,COMPLETE,0,True,True,1f023ba67d107112249b621615fdbf3a5d38ff7ee12be24441b56d23e149c53b,cf05e7c34caa627bd924ce80f05dba4b6a70b6a1b79b3b8d3d60618ae87d26aa
R6_reacher_03c5dc1bff3c46c7e7066e86,H0,R4_ALT_CEM_2,H_POLICY,FRESH_PAIRED_CONTROL,0,True,,9c924f6bcd40e9ff462a02246b34ee26f103e652aa3942207c59c56341d6ca48,
R6_reacher_03c5dc1bff3c46c7e7066e86,H0,R4_ALT_CEM_2,REAL3_NULLACT,COMPLETE,0,True,True,ce1a0988774efd0c7fc7a234ef589b19ac73eee4df308fa06c93fa7ee8876125,c002fd980c89d68a7fbd8658e0e1e0d3dd04caa7af4725a5c6cccb7d924615bf
R6_reacher_03c5dc1bff3c46c7e7066e86,H0,R4_ALT_CEM_2,REPEAT3_REALACT,COMPLETE,1,True,True,ece804e4d4e3ef7bf49d588d28b2b69e4bf33d27cf51515ab64852aec8da9fc1,7f2345d930837e5531b680dd01186a6f69e6ad366976701c5eee3233d8f44112
R6_reacher_03c5dc1bff3c46c7e7066e86,REFIT_103201,R3_ORIGINAL,H_POLICY,FRESH_PAIRED_CONTROL,1,True,,acbb543f7e4e752bd8d8a35571b479dda3078771e9f3b00011413c9bff1fc404,
R6_reacher_03c5dc1bff3c46c7e7066e86,REFIT_103201,R3_ORIGINAL,REAL3_NULLACT,COMPLETE,1,True,True,1533d0a407363f405bd367b27eb7cbddfebbb195bdefa3cc8bc54cc8506503d7,031428894ccde4d5425b17c7da197c2e9dcdfe36afe4a5afcfe57e21e4df745a
R6_reacher_03c5dc1bff3c46c7e7066e86,REFIT_103201,R3_ORIGINAL,REPEAT3_REALACT,COMPLETE,1,True,True,062b621a28596066a3ac0864795b1acada9b738e3269f6cbcdf629ef0c85e278,b9aa0fc86d6ac8db46fc8222ea0d517b5a2eba601aa98abad4a7af5e99ef111c
R6_reacher_03c5dc1bff3c46c7e7066e86,REFIT_103201,R4_ALT_CEM_1,H_POLICY,FRESH_PAIRED_CONTROL,1,True,,a24ac970a9f1f3902eaa92f210a5401fe01a7e5d5d96cdca1ce3f513e3a04258,
R6_reacher_03c5dc1bff3c46c7e7066e86,REFIT_103201,R4_ALT_CEM_1,REAL3_NULLACT,COMPLETE,0,True,True,7b004266678a0468ab8df7aa3b65e035cefc33485cd5aebd60d70bacd92fdb36,acaa8281d1d58f03c7c621225b864bb1ab1a7517698f5e578b51f246097be9ac
R6_reacher_03c5dc1bff3c46c7e7066e86,REFIT_103201,R4_ALT_CEM_1,REPEAT3_REALACT,COMPLETE,1,True,True,f87b4aa64b5396ae39de2988ae9121eb744c190b28a9456f746bf908f2acbf63,d218880cc2016038bb45276bbdf37d9aa7575ca17519facadceca9bc5015e4d7
R6_reacher_03c5dc1bff3c46c7e7066e86,REFIT_103201,R4_ALT_CEM_2,H_POLICY,FRESH_PAIRED_CONTROL,1,True,,177a84dfcf68b5a4c36d478e6515689e492a1308d681cae45308ca1a185227c3,
R6_reacher_03c5dc1bff3c46c7e7066e86,REFIT_103201,R4_ALT_CEM_2,REAL3_NULLACT,COMPLETE,0,True,True,1056e2eb12791683180e1c3255a98efd2ee78de3a030cd5fdfde6bee0fd6b4cd,b688e30dada775998f6c8f3ba5e27b5f1cb8205151b1afc43179ffe0e7913900
R6_reacher_03c5dc1bff3c46c7e7066e86,REFIT_103201,R4_ALT_CEM_2,REPEAT3_REALACT,COMPLETE,1,True,True,01ed16a2b172f249750373ff130ec6bb8d3d229665f194be09344b0b18e52cae,134f245f209b482129fae8ef9a5be8681694eb79a510544ceb140433291c3985
R6_reacher_03c5dc1bff3c46c7e7066e86,REFIT_103202,R3_ORIGINAL,H_POLICY,FRESH_PAIRED_CONTROL,1,True,,63865abb02e7884e917853ac20a8388c267d0e3c4df59a00b1f715cee46d96ec,
R6_reacher_03c5dc1bff3c46c7e7066e86,REFIT_103202,R3_ORIGINAL,REAL3_NULLACT,COMPLETE,1,True,True,fb9617798a08e2ac6ba32568f966ff0a5f08d800f300bdbc9a9ee4ef403adf85,d9bf7e17ef51d20ebe6792a36a1d0ffe911367853372bc5fc8686c759cd42b31
R6_reacher_03c5dc1bff3c46c7e7066e86,REFIT_103202,R3_ORIGINAL,REPEAT3_REALACT,COMPLETE,1,True,True,8fb6ff8ef8c72608706e74658ecc11307846afcd92a87e4c1e930f518ba33e05,b4327fb742a895e137d1866b2c7cae6f52d2c759670b87868bb505fb58f83f12
R6_reacher_03c5dc1bff3c46c7e7066e86,REFIT_103202,R4_ALT_CEM_1,H_POLICY,FRESH_PAIRED_CONTROL,0,True,,ec8f37cc096eb7c60ffbd9431aaac12fa454440cf6bd6ccb6780d8f24d85bf13,
R6_reacher_03c5dc1bff3c46c7e7066e86,REFIT_103202,R4_ALT_CEM_1,REAL3_NULLACT,COMPLETE,1,True,True,704fcd656191cba2b7bf98b09d661d2da6489cae695e53f79b225d7a0c8eaa48,c7c65fafbaf1ec4c82d66695d57e200a1defc01da0982fcf4620fad3b96a5d6a
R6_reacher_03c5dc1bff3c46c7e7066e86,REFIT_103202,R4_ALT_CEM_1,REPEAT3_REALACT,COMPLETE,0,True,True,69875bd770b0aa38dac2c76e466826ef163c83a7489ce88836e95df2c814eaf9,c6a736824fd4fdccbd412dd3e2d245739d58b157a251a15e8e79bef95c7fb3cc
R6_reacher_03c5dc1bff3c46c7e7066e86,REFIT_103202,R4_ALT_CEM_2,H_POLICY,FRESH_PAIRED_CONTROL,0,True,,5bcb841f400af21cd2a9aa85e0093509f1cc8ec304ed2f0c5399b0e45d580822,
R6_reacher_03c5dc1bff3c46c7e7066e86,REFIT_103202,R4_ALT_CEM_2,REAL3_NULLACT,COMPLETE,0,True,True,b964623b69779c960f42e84369e14efca99a2e72b03d82171443cfc1f0efbad2,ad2141630245a0dba427a1bd83670ac668ac5d35478ccc8691830ca172453222
R6_reacher_03c5dc1bff3c46c7e7066e86,REFIT_103202,R4_ALT_CEM_2,REPEAT3_REALACT,COMPLETE,0,True,True,c75be8fb1f1bde0e472bc5eb335fa0ee57c6fd930280e2a3d317e6c56b4830a6,1763b24023b61374dce276956c348f184027fd74f6a41c1a8cecb47c01eda66e
R6_reacher_03c5dc1bff3c46c7e7066e86,REFIT_103203,R3_ORIGINAL,H_POLICY,FRESH_PAIRED_CONTROL,1,True,,ebbaaa06435c53f237d5763531d78b87d9264536f480ee1f6c67a3ecd8075e72,
R6_reacher_03c5dc1bff3c46c7e7066e86,REFIT_103203,R3_ORIGINAL,REAL3_NULLACT,COMPLETE,1,True,True,2c3ffa71a24c19876cb9d7d903e86842747b1b3196963db9cd945babd76563d8,2271327e5dffb52b39d87b0c7814b0d2fab47a9dd79765506e2b21a7098a02af
R6_reacher_03c5dc1bff3c46c7e7066e86,REFIT_103203,R3_ORIGINAL,REPEAT3_REALACT,COMPLETE,1,True,True,977d7bf83d7845e3d98943f639045ebf354c90ddc52a54404f7da0db6e685d60,ccbbd8adee25f9858115ec63b1789ef7d297a2fdd32adfd54d425b37ecb17e82
R6_reacher_03c5dc1bff3c46c7e7066e86,REFIT_103203,R4_ALT_CEM_1,H_POLICY,FRESH_PAIRED_CONTROL,0,True,,ed9f38c87bb0c6391dcb59509b7f0a4ac6bde0f0f25f09a4e7043f72812eaae6,
R6_reacher_03c5dc1bff3c46c7e7066e86,REFIT_103203,R4_ALT_CEM_1,REAL3_NULLACT,COMPLETE,0,True,True,fe80b9df62d8e809ea85c2fef1d5cbf50295a1e4665c8be99ff62cfd03d62dc7,0919080f0e5b78c818e667f521ec16fc1a9e8bf9db9f99eb7e4b4f640c02cfff
R6_reacher_03c5dc1bff3c46c7e7066e86,REFIT_103203,R4_ALT_CEM_1,REPEAT3_REALACT,COMPLETE,0,True,True,51c3fc3a06c7d7b5e388d8de9abdcfab5685ff50f9bd5f071dc2dfff4112fcc2,8ce1a4f9f97046d10cef327dd9c1e30ee3c106eecb5bb55c964aa6636327a5f7
R6_reacher_03c5dc1bff3c46c7e7066e86,REFIT_103203,R4_ALT_CEM_2,H_POLICY,FRESH_PAIRED_CONTROL,1,False,,3f03441c21bca1398520670961ee77b0b6b257f697190b4c9ec6839e5504f3a6,
R6_reacher_03c5dc1bff3c46c7e7066e86,REFIT_103203,R4_ALT_CEM_2,REAL3_NULLACT,COMPLETE,1,False,True,f3b322fe824c94e6c5fc1b4279bc1855f24d3ffab84e564808e1e6d921e217d5,58fa5f13bdde0331a9ef6524beb40c55b8abf055ccb5d41472147d61ddf33ce2
R6_reacher_03c5dc1bff3c46c7e7066e86,REFIT_103203,R4_ALT_CEM_2,REPEAT3_REALACT,COMPLETE,1,False,True,14272b479bfe17f9cad08daff74c88b29293aa1ba9db15254ee0d234e1ce0080,58fa5f13bdde0331a9ef6524beb40c55b8abf055ccb5d41472147d61ddf33ce2
R6_reacher_03f079f0a6fc89393c99bd18,H0,R3_ORIGINAL,H_POLICY,FRESH_PAIRED_CONTROL,1,False,,090fdf34dc1db508d13f5686411429797707ed93c66ed5272902b70e73b73511,
R6_reacher_03f079f0a6fc89393c99bd18,H0,R3_ORIGINAL,REAL3_NULLACT,COMPLETE,1,False,True,ecbc0f1341fe9c7b2a127b3b90251ff17fd104ff08e77eb3eab29b6b1f8a653b,6a1892296d3ae51d26593287b935f2b9a65c840a12d38a67167525714de320ca
R6_reacher_03f079f0a6fc89393c99bd18,H0,R3_ORIGINAL,REPEAT3_REALACT,COMPLETE,1,False,True,83e6f8bc8bbbcf81a35e121e28fa0950fc661d6e7c8796fb55969d08ddb6bcf0,6a1892296d3ae51d26593287b935f2b9a65c840a12d38a67167525714de320ca
R6_reacher_03f079f0a6fc89393c99bd18,H0,R4_ALT_CEM_1,H_POLICY,FRESH_PAIRED_CONTROL,1,True,,3747971e8a263e55d54cd782506182d4b1f2ef8dd413ad8f0dcda7ab1c5e8ce1,
R6_reacher_03f079f0a6fc89393c99bd18,H0,R4_ALT_CEM_1,REAL3_NULLACT,COMPLETE,1,True,True,efc92e9fe87ab9d34f0a35f8d2084a9acde3f676a4b2f9f5381d04ea3d7c0e06,2d4c23b58392a5f816ea46505b7ef639b5d3c0e3f8f89c52d215750731ec5b89
R6_reacher_03f079f0a6fc89393c99bd18,H0,R4_ALT_CEM_1,REPEAT3_REALACT,COMPLETE,1,True,True,aad6b22df6975d45aaa34ce2ef6018b0d52074ee7cdea938fd39128a18cb5d17,9e2b70e0fa45117b08d5a12887ad21613f91c3c8b906892b3b32d4e08d3dbc4c
R6_reacher_03f079f0a6fc89393c99bd18,H0,R4_ALT_CEM_2,H_POLICY,FRESH_PAIRED_CONTROL,0,True,,1399a7084d5e9137f809b20a81a8f6a3a53a5c3ba8b9c83dccfd8418f21dabfe,
R6_reacher_03f079f0a6fc89393c99bd18,H0,R4_ALT_CEM_2,REAL3_NULLACT,COMPLETE,0,True,True,2680cf0761d3110ecf2a479e62a802b078ceae8c5127811f13c706e2188c9644,f0d484bab589c6c27020631db5b9b282e7ea0f8e48d299d4e3ac7276f62f10fe
R6_reacher_03f079f0a6fc89393c99bd18,H0,R4_ALT_CEM_2,REPEAT3_REALACT,COMPLETE,1,True,True,f0cf351dbf1578b6ffc3dfb5e5cc8e81c34ba6a60c2d5c6a0fe877656c997182,6a2ce59695c3e6fe07108d06d58fcbb408f2ff804bee3a9c762c7d8f2450af4d
R6_reacher_03f079f0a6fc89393c99bd18,REFIT_103201,R3_ORIGINAL,H_POLICY,FRESH_PAIRED_CONTROL,1,True,,e36ddaf53e4a5ddc0879331fb08e5520f4b04a3f6a57fac5462800da41cec626,
R6_reacher_03f079f0a6fc89393c99bd18,REFIT_103201,R3_ORIGINAL,REAL3_NULLACT,COMPLETE,1,True,True,25098b75958c4c04dc6e04b326fe24729824a2be24cd05933ce9914f92d342f6,a98b3d83a55218686e5a18dae8a31f64f364a7100860c61fe09db00f153b0e67
R6_reacher_03f079f0a6fc89393c99bd18,REFIT_103201,R3_ORIGINAL,REPEAT3_REALACT,COMPLETE,1,True,True,21c552ac7743b30ec669394bf0373a5fd2a637f5fc4aff8e1de8220f827efd0b,de146b15a3067b9193b657d5d396222092bf4a1a46374f3593d4fa9378f877aa
R6_reacher_03f079f0a6fc89393c99bd18,REFIT_103201,R4_ALT_CEM_1,H_POLICY,FRESH_PAIRED_CONTROL,1,True,,3a6840511760ee3242397c83141089835277d9c67da96a4eac2264b8e92cd851,
R6_reacher_03f079f0a6fc89393c99bd18,REFIT_103201,R4_ALT_CEM_1,REAL3_NULLACT,COMPLETE,1,True,True,724f04cf262e6ecbb7edbd02c45aa1e5e4784fc2f384040b1e431f9dfb2c65ae,cad2763bdc7304be28eed6aa2538b1b866af4a2219a65230ee7e9b84f91fc558
R6_reacher_03f079f0a6fc89393c99bd18,REFIT_103201,R4_ALT_CEM_1,REPEAT3_REALACT,COMPLETE,1,True,True,531e8efc3a294c55e0b5a022d3ef9526b86553ed01ead50386474937f53b267d,11427d368e4975d7c601da80a7ddc4878faec3e2b1d0dc28de0273e87c342b20
R6_reacher_03f079f0a6fc89393c99bd18,REFIT_103201,R4_ALT_CEM_2,H_POLICY,FRESH_PAIRED_CONTROL,1,False,,c60cf7cea857074cea668f339cfe130ef0ea5037bc93e5f6644edf2fc430fd8b,
R6_reacher_03f079f0a6fc89393c99bd18,REFIT_103201,R4_ALT_CEM_2,REAL3_NULLACT,COMPLETE,1,False,True,16ef6eb7875f941229f36aacdf52d0fbe938c888929c13be4636f1cce1a9e95a,73a3ddfaac1f1df1157accff786f326e757219c39cf42e172ef1186da5f49277
R6_reacher_03f079f0a6fc89393c99bd18,REFIT_103201,R4_ALT_CEM_2,REPEAT3_REALACT,COMPLETE,1,False,True,da139d65e771fd5a6aa939438a525b7dcc3a153aff7acb91fc4b08dab1a88f25,73a3ddfaac1f1df1157accff786f326e757219c39cf42e172ef1186da5f49277
R6_reacher_03f079f0a6fc89393c99bd18,REFIT_103202,R3_ORIGINAL,H_POLICY,FRESH_PAIRED_CONTROL,1,True,,baf3e8298379e2601c991f170ea21692e9b7414bda7ba54e72ee110db2ccaccb,
R6_reacher_03f079f0a6fc89393c99bd18,REFIT_103202,R3_ORIGINAL,REAL3_NULLACT,COMPLETE,1,True,True,f90fe841a528070284d2a52136c4d936994de46d01fc29ee79b98a5d0183d58d,f834df9c6a0bd0cc2375078fe8356ec4a107fc041d1b770a6853f9eebed2763e
R6_reacher_03f079f0a6fc89393c99bd18,REFIT_103202,R3_ORIGINAL,REPEAT3_REALACT,COMPLETE,1,True,True,ccbeb8fa5fa056a21ce0d7b6581a4ce0854583ba2850002c71d76321102a1240,e62f2499f3715933dbca0a655b17d22780558c1741443de00978a96c103c8a4c
R6_reacher_03f079f0a6fc89393c99bd18,REFIT_103202,R4_ALT_CEM_1,H_POLICY,FRESH_PAIRED_CONTROL,1,True,,456f65fb65ccf69de37e87f7b519d8d363fd0e0b242e840dafa7cd0ca8a54b20,
R6_reacher_03f079f0a6fc89393c99bd18,REFIT_103202,R4_ALT_CEM_1,REAL3_NULLACT,COMPLETE,1,True,True,8b13622ea60ef21209fc34c5fcf4b59a49c366c2ebea4030b790cafe22daf629,f90c14543a793f5a8a81966b4493232fdfea21b3aeca8f2eacfa9a2e8da2eb9c
R6_reacher_03f079f0a6fc89393c99bd18,REFIT_103202,R4_ALT_CEM_1,REPEAT3_REALACT,COMPLETE,1,True,True,7541f54514a52384899d6c8a8e1c37a4a9fc3cb2d45e2ca8ad0500bbd1040c30,d462a9084d481665990482693fcc72f569871e33c41cd95680d4ddbb46d74d4a
R6_reacher_03f079f0a6fc89393c99bd18,REFIT_103202,R4_ALT_CEM_2,H_POLICY,FRESH_PAIRED_CONTROL,1,False,,ee3fccd2b6960aa01afc7e88d29ba816dddabc7c7110bdee90a3f1682a5b3d86,
R6_reacher_03f079f0a6fc89393c99bd18,REFIT_103202,R4_ALT_CEM_2,REAL3_NULLACT,COMPLETE,1,False,True,2da392a788541251e71ebfe4ea41531dc18e856aa991f9144a157785d6c08bcb,dd0126ff9bf12a11e4b4dc14927167b78784a1eb18d7de3a5cb00cbf6a8e3d48
R6_reacher_03f079f0a6fc89393c99bd18,REFIT_103202,R4_ALT_CEM_2,REPEAT3_REALACT,COMPLETE,1,False,True,aa6a90abb9061b0630eccc9a26fc48dd357a23d0425cb92a43ba80f105c8fec8,dd0126ff9bf12a11e4b4dc14927167b78784a1eb18d7de3a5cb00cbf6a8e3d48
R6_reacher_03f079f0a6fc89393c99bd18,REFIT_103203,R3_ORIGINAL,H_POLICY,FRESH_PAIRED_CONTROL,1,True,,501a97dd0bd983964b0ffdcff9ec3496b6dcabca82636080e2d099bfcbaf6218,
R6_reacher_03f079f0a6fc89393c99bd18,REFIT_103203,R3_ORIGINAL,REAL3_NULLACT,COMPLETE,1,True,True,fcac34e6e463ef54740ef8d08d590d72a722e84100880ac0aaa4e420114a5723,8fc124de6b9998b2c552788a6d261c7948cd9688bec4848db3f9d056f94be59c
R6_reacher_03f079f0a6fc89393c99bd18,REFIT_103203,R3_ORIGINAL,REPEAT3_REALACT,COMPLETE,1,True,True,4a97fee0c7562dec6bba99df548fd6992fe4f7d7c786be86d57dcacdfb6ae3e2,f2efa09596fc62742c4508fd71d4ce3f5b220538f69778da3a3601d152927c0e
R6_reacher_03f079f0a6fc89393c99bd18,REFIT_103203,R4_ALT_CEM_1,H_POLICY,FRESH_PAIRED_CONTROL,1,True,,1fd465b5ee55ac3442da35476b15048f2b3d5ab41010ff8cff4392463185d094,
R6_reacher_03f079f0a6fc89393c99bd18,REFIT_103203,R4_ALT_CEM_1,REAL3_NULLACT,COMPLETE,1,True,True,2c997bd745bd61bd334611c5ede592a1e8ecb82b2ba07ffd5656788af774c297,6d28fa0be780381468f6893513fee8f22402b0eecab50de3d0708a75462b187d
R6_reacher_03f079f0a6fc89393c99bd18,REFIT_103203,R4_ALT_CEM_1,REPEAT3_REALACT,COMPLETE,1,True,True,a7ef1c44616615727f314ccfb44c2cf1b2895f2d5b1c68a87c6f55fd0949639e,6987f5166c83a6da7d6f0456b9fcd4a102cce2d337d549c20a5efb8985f9494d
R6_reacher_03f079f0a6fc89393c99bd18,REFIT_103203,R4_ALT_CEM_2,H_POLICY,FRESH_PAIRED_CONTROL,1,False,,b39b3c99d3267a1e82d5fd6661351bc265a3c7c355348bcc5b481f607a288735,
R6_reacher_03f079f0a6fc89393c99bd18,REFIT_103203,R4_ALT_CEM_2,REAL3_NULLACT,COMPLETE,1,False,True,68388864cfc8c621ca9aedf0d75c94cf7afe2fe4513651ce829e91cbd4bf4c8b,88c25d134c982fc27ad3880d21b62823dc63fe5362df8bd24900cbc743ee03be
R6_reacher_03f079f0a6fc89393c99bd18,REFIT_103203,R4_ALT_CEM_2,REPEAT3_REALACT,COMPLETE,1,False,True,d194f3638610f87cdfbf49ec814b18b385d197aaf7d429a1a895143c4de157de,88c25d134c982fc27ad3880d21b62823dc63fe5362df8bd24900cbc743ee03be
R6_reacher_04010050b2406790c8247103,H0,R3_ORIGINAL,H_POLICY,FRESH_PAIRED_CONTROL,0,True,,f1b49acb3b2bb74cdce4fca8f0141a60b5fb996126f31352ca1590001e2ae56a,
R6_reacher_04010050b2406790c8247103,H0,R3_ORIGINAL,REAL3_NULLACT,COMPLETE,0,True,True,0b387eedfda55dbf7e90a9b5256afb75bc00ad88bc141a887bc1afb2018e5d7a,23e23f5323acad3b9b8bf9fe814c87f9ec119f50d202f1e52a43a12186a78d8f
R6_reacher_04010050b2406790c8247103,H0,R3_ORIGINAL,REPEAT3_REALACT,COMPLETE,1,True,True,5228dca56f6b11b331da598a90c575df7b026f5b4bb220f15503abbc72ce7cbc,e09a03c133bf6ddd09af8e8bbb4d42873271fe5d58288fa31b09bcf9b4a896c9
R6_reacher_04010050b2406790c8247103,H0,R4_ALT_CEM_1,H_POLICY,FRESH_PAIRED_CONTROL,1,True,,e25917ff40aa836f54099800a4bb9d4b6602534849ee79395e8165512726b81e,
R6_reacher_04010050b2406790c8247103,H0,R4_ALT_CEM_1,REAL3_NULLACT,COMPLETE,1,True,True,f57d1bb21171e9196fd405bcd72d8a13d8de660c4eef74c6bfa7002dc21f1d15,87c4c9d2ed7f3e905a179e2cf42f7f0aed2a3f88c6273d2574895259db9da08e
R6_reacher_04010050b2406790c8247103,H0,R4_ALT_CEM_1,REPEAT3_REALACT,COMPLETE,1,True,True,13adfca0f9ee68f1ae4421ca0a3d28b2ef1727e1ff0664275419e66223a4398a,813755c177eca0600519b14662fc6e2d8df71784dbaaa06fe8cc82f41a1112a4
R6_reacher_04010050b2406790c8247103,H0,R4_ALT_CEM_2,H_POLICY,FRESH_PAIRED_CONTROL,0,True,,d5dd7f15992d85f6ba9db90b50fc9d83b8c79d71dd64c3eb6e4f76416c6aeb00,
R6_reacher_04010050b2406790c8247103,H0,R4_ALT_CEM_2,REAL3_NULLACT,COMPLETE,0,True,True,e1192490a11f2502fdfdb097fe1c360c00a1dca1968ea95935c6d2f66b83db4b,5adc1960c7f136ba9a77733fb52a3f2f9db1da965333d7e9abc7b450ec9b9998
R6_reacher_04010050b2406790c8247103,H0,R4_ALT_CEM_2,REPEAT3_REALACT,COMPLETE,1,True,True,b538403ec5645414314c66aedae95428450895265640999b44774fa2e1ad5828,2a0a7c477e36db1605994860bc3e7fee80b4a2de8546bb58ba7a0dfc37d227f9
R6_reacher_04010050b2406790c8247103,REFIT_103201,R3_ORIGINAL,H_POLICY,FRESH_PAIRED_CONTROL,0,True,,165fe33360519e88c2b6c43c09369c3f4f04034507a5b54d44e43499d11d50cc,
R6_reacher_04010050b2406790c8247103,REFIT_103201,R3_ORIGINAL,REAL3_NULLACT,COMPLETE,0,True,True,6dc1322a671cdb43f15f5fc8e9706f2560a4b3cf70c7e5a71a84f4daea98f51c,bebf1dbd335610e0ffd1c884e91eb24eb18fbb75ccef909abe2f11f7d8929ac7
R6_reacher_04010050b2406790c8247103,REFIT_103201,R3_ORIGINAL,REPEAT3_REALACT,COMPLETE,0,True,True,f664b54eadd26b52da4b311aeb8ca14f56aed2c6f6720f54ce2afd8cff5f378e,a7dbf734e3c122d8f19b2f0ccf7b98846940e808a43ffde0681b46f0369cef57
R6_reacher_04010050b2406790c8247103,REFIT_103201,R4_ALT_CEM_1,H_POLICY,FRESH_PAIRED_CONTROL,1,True,,88dd9e7602ecf4c701685e4e5079ecc671c74656677793e603366703649b5bb4,
R6_reacher_04010050b2406790c8247103,REFIT_103201,R4_ALT_CEM_1,REAL3_NULLACT,COMPLETE,0,True,True,d1683edbb61fe06fed960ca3ddff002fce6e461aac73f23dd69e92f9285ec13c,f1e1f5c0a877139bd66e178e712bb0608e6074927d2dff23636f24ad6816ad92
R6_reacher_04010050b2406790c8247103,REFIT_103201,R4_ALT_CEM_1,REPEAT3_REALACT,COMPLETE,1,True,True,9608a1425140a5d53f806a72d6f4f19df49e584542e9d46913677c8f37170bb0,e5b7f24ac20c9054aa3f2b8ee56cd714339ebc5db7fdaa72bfa08a9244ba7f65
R6_reacher_04010050b2406790c8247103,REFIT_103201,R4_ALT_CEM_2,H_POLICY,FRESH_PAIRED_CONTROL,1,True,,ee1c3b2300888425e04b59090bb97c2549a56e7ac862001c403de11419ea805c,
R6_reacher_04010050b2406790c8247103,REFIT_103201,R4_ALT_CEM_2,REAL3_NULLACT,COMPLETE,1,True,True,b97aba5e4015228f4681eef6044ef95a70548577087ad9e858b26a8563fa2999,6ecc707c58ebfe907aac4015813ac829fda7047ead4aa3487a0b74bc7cffa967
R6_reacher_04010050b2406790c8247103,REFIT_103201,R4_ALT_CEM_2,REPEAT3_REALACT,COMPLETE,1,True,True,2025bdeae0d250f95ada6080f08c18fd9b5c62b64a465aff5535a282ebdfe81f,176e3bca11feaae109a179e4c28fd50542b1214f5055beced96535bc0a83e481
R6_reacher_04010050b2406790c8247103,REFIT_103202,R3_ORIGINAL,H_POLICY,FRESH_PAIRED_CONTROL,1,False,,06651b45b10a1bd7d582b74b56f956c6424fec007b2c1dde61a31d14b4aaea76,
R6_reacher_04010050b2406790c8247103,REFIT_103202,R3_ORIGINAL,REAL3_NULLACT,COMPLETE,1,False,True,4aa8662fe462a097b06a900afd7483cd133e9f55c79584fecc32cb58296f562b,90138f642e887924282f71c3db5e2a6f5579db412375c0bb5be1fd3343a49e3b
R6_reacher_04010050b2406790c8247103,REFIT_103202,R3_ORIGINAL,REPEAT3_REALACT,COMPLETE,1,False,True,0f35086d7ecde747fa36dab83178f6bbbbf3b73a8b4142b20e8d2edb674dcafc,90138f642e887924282f71c3db5e2a6f5579db412375c0bb5be1fd3343a49e3b
R6_reacher_04010050b2406790c8247103,REFIT_103202,R4_ALT_CEM_1,H_POLICY,FRESH_PAIRED_CONTROL,1,True,,3c7812b5f70387698c3148df3d0343306b2f93ce2b51c18cdf785b4b9a83a5d7,
R6_reacher_04010050b2406790c8247103,REFIT_103202,R4_ALT_CEM_1,REAL3_NULLACT,COMPLETE,1,True,True,6760f8f50b38c8cbd38bc80323c80a0136103ad89432e83572d8faa9dcd0a530,8440d5d528d744c6b143a1e28eeecb9d9fd4593efc129159b61301649004222b
R6_reacher_04010050b2406790c8247103,REFIT_103202,R4_ALT_CEM_1,REPEAT3_REALACT,COMPLETE,1,True,True,556676be5c4a05080a94a648b23e53dab7438722a18a2de757c690329e239c93,d50355d41ef9fbe76252956b810fed14379f93c2607f76955fa6b4518e51003e
R6_reacher_04010050b2406790c8247103,REFIT_103202,R4_ALT_CEM_2,H_POLICY,FRESH_PAIRED_CONTROL,0,True,,761bfd34d3f1b64a63f9eabc399f4fd787a9a4473d66627bba4b4f9c5c44c3bc,
R6_reacher_04010050b2406790c8247103,REFIT_103202,R4_ALT_CEM_2,REAL3_NULLACT,COMPLETE,0,True,True,e1e3b08b36d25b1847c7af759f8dbc1be13b3901920e139f92be9df81347ed5e,2dad02ff20dca06e807e9facde4597f3e1887fec00c5066eba064ac456784979
R6_reacher_04010050b2406790c8247103,REFIT_103202,R4_ALT_CEM_2,REPEAT3_REALACT,COMPLETE,1,True,True,3ac2657a490bb2836247b6dacc40390ab0f0018ac312261e45ce5a254b248b04,91aa6b62114aa4197b2db463ee61662563c166378adc57bc6aae61d4feff3772
R6_reacher_04010050b2406790c8247103,REFIT_103203,R3_ORIGINAL,H_POLICY,FRESH_PAIRED_CONTROL,1,False,,f38e00b838b29903c2167bf67d0aa262332e0873df5ce70bef1c0e3911101016,
R6_reacher_04010050b2406790c8247103,REFIT_103203,R3_ORIGINAL,REAL3_NULLACT,COMPLETE,1,False,True,a328ace660b588443344e562e8d1ea16854b8f70cc10cf14c4141e47c839f980,cfff408371b1f95949360486ff7736d80fd97bcc1ceb56c6252b7156e29deb28
R6_reacher_04010050b2406790c8247103,REFIT_103203,R3_ORIGINAL,REPEAT3_REALACT,COMPLETE,1,False,True,8e3c6947b1221a9fd9dc7f9ae3baecb3c8efdeec62e8a5ea13d7516f12940902,cfff408371b1f95949360486ff7736d80fd97bcc1ceb56c6252b7156e29deb28
R6_reacher_04010050b2406790c8247103,REFIT_103203,R4_ALT_CEM_1,H_POLICY,FRESH_PAIRED_CONTROL,1,True,,2f6b6fe438913ac40233811d3ead8d81fcc93e466cef1bb43b739d16789177c6,
R6_reacher_04010050b2406790c8247103,REFIT_103203,R4_ALT_CEM_1,REAL3_NULLACT,COMPLETE,1,True,True,cc1ee916773f8d89d61b8e6a43997fe56572bc5ec475f27370ac216df0cc86b8,2b1c044bec77fec865568573619e8ba62489216014a6c13823569bc9d4ac3802
R6_reacher_04010050b2406790c8247103,REFIT_103203,R4_ALT_CEM_1,REPEAT3_REALACT,COMPLETE,1,True,True,fa73f409a295394d845d035903cd99be7db56af688139cc62b9b0183344af72f,727aa8338a9dc7d0c8cf212c8c59bda429505fd4e6aac71e1a511c08c2ca4a48
R6_reacher_04010050b2406790c8247103,REFIT_103203,R4_ALT_CEM_2,H_POLICY,FRESH_PAIRED_CONTROL,1,True,,46b00bd2face8a958cd9ccafc846b6e5fa9e34c2f112da7e6c8abe3f37a6d6d6,
R6_reacher_04010050b2406790c8247103,REFIT_103203,R4_ALT_CEM_2,REAL3_NULLACT,COMPLETE,1,True,True,71cc4331d9c4c61196c1892e8c14ff22be6212dd19ced41f4aa3c400e5b36380,83bba3dc0690e35d143f98a9622da0877f78ba9281d31609d4e28d3455452c7f
R6_reacher_04010050b2406790c8247103,REFIT_103203,R4_ALT_CEM_2,REPEAT3_REALACT,COMPLETE,1,True,True,81c0815b2d990ba755c3b6626a166621ff0b61c7bb30b6c7bcc4005601de7ec4,bbf92ea0c9226581aff7c74bc3debbf1ee481cdf3ee1610c5c2689ac27d804cf
R6_reacher_040a17920fc86c8a79997322,H0,R3_ORIGINAL,H_POLICY,FRESH_PAIRED_CONTROL,1,True,,e282840fdbeed269b680f9b60ae76920ee8609d5651bcdf6baa4ffdd716443ca,
R6_reacher_040a17920fc86c8a79997322,H0,R3_ORIGINAL,REAL3_NULLACT,COMPLETE,1,True,True,1edc6c9843f9882b9f4ec8c13198a9bbb32d1df3ab84612ce1de8f377d0667b6,29f9ee9fa7c9143a9560a5ce156cebaf23dc086e4092714cf06e16a2d5bf1168
R6_reacher_040a17920fc86c8a79997322,H0,R3_ORIGINAL,REPEAT3_REALACT,COMPLETE,1,True,True,8d3b965124c8a1270c24c8066e73f0334545ebe58a5f43d4a448422241a89df8,d4f9449ddc032844434f647668523acd390122765a863aca8294cb12452813bf
R6_reacher_040a17920fc86c8a79997322,H0,R4_ALT_CEM_1,H_POLICY,FRESH_PAIRED_CONTROL,1,True,,7fe20224084f92d0bff5efcacc650868d9f8815e7c3e587bac5405bd0b62fef0,
R6_reacher_040a17920fc86c8a79997322,H0,R4_ALT_CEM_1,REAL3_NULLACT,COMPLETE,1,True,True,9db30c91d4313d4112d60e396ba45cc6d8180864f0037d457e86c76dafc71a3a,d6cc0ed0083961fd93f71411fb19589770fdaf94e7342b0fbdda1e95aa9a9984
R6_reacher_040a17920fc86c8a79997322,H0,R4_ALT_CEM_1,REPEAT3_REALACT,COMPLETE,1,True,True,d8a396245eba38e71245ae452cf7eb5f6400b4a4ac38f2d47112df253681b3bd,93de5371c10d82d18202ac5bcb55ce7c455bc2cb9e14c41ea1f57d5d9ba915a1
R6_reacher_040a17920fc86c8a79997322,H0,R4_ALT_CEM_2,H_POLICY,FRESH_PAIRED_CONTROL,1,True,,1a61c80f688552c2487edec82152c0ca0407b6cd7211046876db2971f444298d,
R6_reacher_040a17920fc86c8a79997322,H0,R4_ALT_CEM_2,REAL3_NULLACT,COMPLETE,1,True,True,4de622f8f14443036086926e36e7c317613031c0e2327b57274eb457250369d8,22c14bc501348def162918b84c5a8a8a609791c4aeb26aed032e5edc2e425c91
R6_reacher_040a17920fc86c8a79997322,H0,R4_ALT_CEM_2,REPEAT3_REALACT,COMPLETE,1,True,True,e670f98a9375090b00cf60de154ef37b435b3b196765f7771c6f79d0a3cc9dbc,a11b8dda55b423d7305546977e0d516dd0f4631c954146a333167a316e44571d
R6_reacher_040a17920fc86c8a79997322,REFIT_103201,R3_ORIGINAL,H_POLICY,FRESH_PAIRED_CONTROL,1,True,,de36a14afa97b4062ff5a47004d920620e5e936918927b7308b7bba938ad650e,
R6_reacher_040a17920fc86c8a79997322,REFIT_103201,R3_ORIGINAL,REAL3_NULLACT,COMPLETE,1,True,True,57818ef227e8502924b60d8d96429f654ab394cdeb111651918c863e6c93737b,20673e4d9303d180c5d95a1a9fb0d441189398abec895cb090bccd755a8f8034
R6_reacher_040a17920fc86c8a79997322,REFIT_103201,R3_ORIGINAL,REPEAT3_REALACT,COMPLETE,1,True,True,fc463a94e4c7d8756345b1b8ea66a11085d305ca578a67d7369858346e8a6b69,91d5bbf5620eb9ad67159da36707fde6da854b7d1a8e765d2268cf1352bf6595
R6_reacher_040a17920fc86c8a79997322,REFIT_103201,R4_ALT_CEM_1,H_POLICY,FRESH_PAIRED_CONTROL,1,True,,bc1470fca0e7956001d8ad46f2d24f0e510d06f3799c6687b623f724d932f6cc,
R6_reacher_040a17920fc86c8a79997322,REFIT_103201,R4_ALT_CEM_1,REAL3_NULLACT,COMPLETE,1,True,True,655141834cc5bf46cad9dc5e49b184d7aa29d89bb5c564eee92b9a584caa9e31,0fae130faee0187402b0c85dda5f195b0abb457d55283c60e0989ad07c2f60ef
R6_reacher_040a17920fc86c8a79997322,REFIT_103201,R4_ALT_CEM_1,REPEAT3_REALACT,COMPLETE,1,True,True,034ba640153daa0e45af84d1de65cb74c5c01c012bca2850059bd62734f3b415,68856ccc01843e084b5bb29a81192c32d115a6ba103a993541f8fb901b24c6cd
R6_reacher_040a17920fc86c8a79997322,REFIT_103201,R4_ALT_CEM_2,H_POLICY,FRESH_PAIRED_CONTROL,1,True,,f756ab9a73234d1093840b689f24a244b4af0452b537c64c0c837183993ba057,
R6_reacher_040a17920fc86c8a79997322,REFIT_103201,R4_ALT_CEM_2,REAL3_NULLACT,COMPLETE,1,True,True,bd18bc48243e98ce54842cca20be250dc6eec62b5018984455e29bd94fb90d93,7adb21909ae11e094e06ed318912fb13dac8913254bd343d14bf4dde6eadc5f6
R6_reacher_040a17920fc86c8a79997322,REFIT_103201,R4_ALT_CEM_2,REPEAT3_REALACT,COMPLETE,1,True,True,d3a11f4c4e540b6cfa0ea84e84e2668c32fe32f304b36eda1fda3503fef3b3b3,6e180d7e3656bab3f9de6af7aaae5941c6952203b5d88ee4a116a1af33c7c7da
R6_reacher_040a17920fc86c8a79997322,REFIT_103202,R3_ORIGINAL,H_POLICY,FRESH_PAIRED_CONTROL,1,True,,16dece0f70858b0f17f78ac3c9feee7bdec4e1a7c902368eec836b759ccf3e7e,
R6_reacher_040a17920fc86c8a79997322,REFIT_103202,R3_ORIGINAL,REAL3_NULLACT,COMPLETE,1,True,True,25a0a41734c631f2c302dfc11a1efdaece5751b16f9e87fed252e98bddd70a44,db4447963c15d4bd01622881bf6c6f8d269d1a7f5497c2e3677eb73a6e4d575e
R6_reacher_040a17920fc86c8a79997322,REFIT_103202,R3_ORIGINAL,REPEAT3_REALACT,COMPLETE,1,True,True,d787d2adb01b761df1cb1a88b02193798f62d386d51c89461a6a30f4c232fc73,450bbabd2c381da9a47bcc80148aaddad8f53d3224255fe5b9ffefaeb662fdf9
R6_reacher_040a17920fc86c8a79997322,REFIT_103202,R4_ALT_CEM_1,H_POLICY,FRESH_PAIRED_CONTROL,1,True,,a7a69355842b5516cf67a539e10969f66f323862cc26e8778fb5a58fc91b2a6f,
R6_reacher_040a17920fc86c8a79997322,REFIT_103202,R4_ALT_CEM_1,REAL3_NULLACT,COMPLETE,1,True,True,5c9a4afc77c706f9ec5ceb2e44e0b735e29beb3e11ecec185f76d78c2e13bc6a,521349559094e5ee10d929f61915aadf443541f6d381a70afad9f381f84685a2
R6_reacher_040a17920fc86c8a79997322,REFIT_103202,R4_ALT_CEM_1,REPEAT3_REALACT,COMPLETE,1,True,True,8f7d935995e6e966435cb72ce9decc380197ab6249fda03e0889fee6df42e94a,5cc702992a2e04017f28f8b5e47f311e3dbf73c6217f16f7fd4b5bfea1b7e016
R6_reacher_040a17920fc86c8a79997322,REFIT_103202,R4_ALT_CEM_2,H_POLICY,FRESH_PAIRED_CONTROL,1,True,,854538427a1e45c83fe0fdec2ee2972655cf490362189e3964e5d68b6b3dd835,
R6_reacher_040a17920fc86c8a79997322,REFIT_103202,R4_ALT_CEM_2,REAL3_NULLACT,COMPLETE,1,True,True,9f2407f3ff9da72fec5c1c287259acf4ecca3fb90060b4fee3b7682b607eae47,23ca2eb6773a13cd822157a15e5030a3c418393a1786cad1a5a7aaf454e1be9f
R6_reacher_040a17920fc86c8a79997322,REFIT_103202,R4_ALT_CEM_2,REPEAT3_REALACT,COMPLETE,1,True,True,6f5225ad7f1cd1cb3429368ba8e0c073f559629878738765054c3b8c6859e029,e69f485563ffacc8d5f75e25ed05e0dd074081204a7aa255a2723f63ff23ee00
R6_reacher_040a17920fc86c8a79997322,REFIT_103203,R3_ORIGINAL,H_POLICY,FRESH_PAIRED_CONTROL,1,True,,195de522e264739e89b71f0875e8254a4ff11653334eb6baade8dfb584f55450,
R6_reacher_040a17920fc86c8a79997322,REFIT_103203,R3_ORIGINAL,REAL3_NULLACT,COMPLETE,1,True,True,71af62a5181ee1dae12d1a94d0e34d251cba704012afb62c6b452180c39d2c2a,9c84d69fbe9b09de93bb3da5a27bfc847629c52b90bab93d3ce224837e54eafe
R6_reacher_040a17920fc86c8a79997322,REFIT_103203,R3_ORIGINAL,REPEAT3_REALACT,COMPLETE,1,True,True,896651fa1da9b7cd8f2c4aeabe42e0b131748916aa04e706b13ee65d52c2b5a2,edd664e70bbf07ca897372e4339690b9503ca436cd377b4dc55a4d845d804321
R6_reacher_040a17920fc86c8a79997322,REFIT_103203,R4_ALT_CEM_1,H_POLICY,FRESH_PAIRED_CONTROL,1,True,,beed476279223a54a57a586dfe11961ebd68fa0fd5d52e57589f5de06ed6fbca,
R6_reacher_040a17920fc86c8a79997322,REFIT_103203,R4_ALT_CEM_1,REAL3_NULLACT,COMPLETE,1,True,True,279be416cb0497230bda4307d37f5c3634d9aab7fee9af7a7c14e8e020ffb338,bf4f3420a4a7ecfbc7c1d69812f410edd6f962b1f436d3ceb8861518e7344452
R6_reacher_040a17920fc86c8a79997322,REFIT_103203,R4_ALT_CEM_1,REPEAT3_REALACT,COMPLETE,1,True,True,02259f9859c1321632499150bb6d2ab9e8c5bd96cdac929a261ce8c62e789955,6a169788f26faa888d3bf337adc873aef69f4b65e8e5330fd51f6d769919ea74
R6_reacher_040a17920fc86c8a79997322,REFIT_103203,R4_ALT_CEM_2,H_POLICY,FRESH_PAIRED_CONTROL,1,True,,4cb48f256d4809914057d8257531afb1eb4f1e699551361f60ca2e82da37a9d0,
R6_reacher_040a17920fc86c8a79997322,REFIT_103203,R4_ALT_CEM_2,REAL3_NULLACT,COMPLETE,1,True,True,fb2f84a75a129ae38f1e97594be9788ece124fb7d143d68b6629cb0507123cfc,b7ff4e771cc0886223c8e3e3f59a750ab722de357c06d69779e16bc782dd0ca1
R6_reacher_040a17920fc86c8a79997322,REFIT_103203,R4_ALT_CEM_2,REPEAT3_REALACT,COMPLETE,1,True,True,e022aa6c47deb107a41128fded8345150d841d271cb4c061bba4bb88ecc3b1bd,d03543521af5625f42ca6813da82efe626898cce5c802362eba71c2219cfe78d
R6_reacher_040d72a154c2687da092ebc8,H0,R3_ORIGINAL,H_POLICY,FRESH_PAIRED_CONTROL,0,True,,73f4665f0855eae248cd39877fcbe917ff7b3b8ecb87a5aabfbb1e925bdabc9e,
R6_reacher_040d72a154c2687da092ebc8,H0,R3_ORIGINAL,REAL3_NULLACT,COMPLETE,0,True,True,8cd43206d221944bf5327fbad27d86b6f5dadcc09012b7c415530f53c55c7264,8c1d21745ea103308cd087669c6b32b5056d467a27a1912c06c67b43ef9d6910
R6_reacher_040d72a154c2687da092ebc8,H0,R3_ORIGINAL,REPEAT3_REALACT,COMPLETE,0,True,True,2023e920b8e22694f399ee8350ff92120e63671e5c607ebf742508e4f714d9ba,fdb702edbf8bda735cf7bcd7264ffff613cb7b711d42bfa2dec2ba984d0e1c64
R6_reacher_040d72a154c2687da092ebc8,H0,R4_ALT_CEM_1,H_POLICY,FRESH_PAIRED_CONTROL,1,True,,d66604db8509d7a31b8704bcf1f909f1ca77f373755283e983b4fdf7a84ab3d7,
R6_reacher_040d72a154c2687da092ebc8,H0,R4_ALT_CEM_1,REAL3_NULLACT,COMPLETE,1,True,True,6f7e76c73bf143c554fe0894897a80a64857245eb73c722b6325f084f9522e18,7df7bb4f341a44a4f324aa7eb7888743bf5ad92a2675f9cd7ec596819c06a5c7
R6_reacher_040d72a154c2687da092ebc8,H0,R4_ALT_CEM_1,REPEAT3_REALACT,COMPLETE,1,True,True,e0b8cf7ffd39625d3f7afee9e63df4e1a0e8250991ed2f1a5ac2601c9157c8d9,9b1872816c969d2a985ef227befb0ab027ac6a494af7c67974faec95d6c8a62d
R6_reacher_040d72a154c2687da092ebc8,H0,R4_ALT_CEM_2,H_POLICY,FRESH_PAIRED_CONTROL,1,True,,d7ce933111109576fcca90f9376ccdffdf2882fbcbe17f0aefd2b2205e40c793,
R6_reacher_040d72a154c2687da092ebc8,H0,R4_ALT_CEM_2,REAL3_NULLACT,COMPLETE,1,True,True,bbe450868d9dd77787d90cf485c47d60bf0c4e48bf07191079349b968847e10f,d095fd8589035be4f8b40711f8561905fe9a514a88256623de1e3eb032cfe048
R6_reacher_040d72a154c2687da092ebc8,H0,R4_ALT_CEM_2,REPEAT3_REALACT,COMPLETE,0,True,True,c17c7f8f8f9aef3e9d103cbaab8b9ffdb3fac51b7f80e5b730f3051290c16e06,9192b7dfa1b2ba4b398fb594291bf8994cf7cb4df29dc1b2f1674c26b32d64d5
R6_reacher_040d72a154c2687da092ebc8,REFIT_103201,R3_ORIGINAL,H_POLICY,FRESH_PAIRED_CONTROL,0,True,,61ac826f1a4e56253026ee4a45d1c693ca6b57d60aac9af52c1c2e77ae617b6f,
R6_reacher_040d72a154c2687da092ebc8,REFIT_103201,R3_ORIGINAL,REAL3_NULLACT,COMPLETE,1,True,True,fb1fd867e492a0877af3eae86ea188a4f09317247958e669d139f9c8e6185925,46dcba0b300e2e8f3b0b727439f20fcd7168210aa5427890296efc9de7d942fb
R6_reacher_040d72a154c2687da092ebc8,REFIT_103201,R3_ORIGINAL,REPEAT3_REALACT,COMPLETE,1,True,True,957011233b00a9a16011bc87ab5891e8837fb66ae5c77f5d216c75202d3bcee2,d2b9067e9b39ed09fdf29a590fe3fbf104e145df61a2045cf8d22e4aeeff7766
R6_reacher_040d72a154c2687da092ebc8,REFIT_103201,R4_ALT_CEM_1,H_POLICY,FRESH_PAIRED_CONTROL,1,True,,12515cfdd20001a24cbe1164ca4b072a00a4a463db07bf0c12664de222af4406,
R6_reacher_040d72a154c2687da092ebc8,REFIT_103201,R4_ALT_CEM_1,REAL3_NULLACT,COMPLETE,0,True,True,4683d58b52c1ca3412d749b5dfc57ffb034f69a61a47b04320a3e0af3495d362,5805595e8975cdbdf92ec69dfd67b07f8341ed99f2bd89cdc8fbaeae5d24f5ab
R6_reacher_040d72a154c2687da092ebc8,REFIT_103201,R4_ALT_CEM_1,REPEAT3_REALACT,COMPLETE,1,True,True,3ecbb324e2312f6650fa147fe2846cbfd666999503035bac9c22d49f60a19184,e03edf19e5f102ffd8fd929060473354f56fb968677c9ded21ab3624370de90e
R6_reacher_040d72a154c2687da092ebc8,REFIT_103201,R4_ALT_CEM_2,H_POLICY,FRESH_PAIRED_CONTROL,1,True,,ab2fae1709e0cbc39a1547e47ff7822464080b6c1601ec6c3568e3af1f84a71c,
R6_reacher_040d72a154c2687da092ebc8,REFIT_103201,R4_ALT_CEM_2,REAL3_NULLACT,COMPLETE,1,True,True,d67f050db8afce250218fe07a00baea407750e12a6fcb4f9bee50ec192b213bd,dfa9023e3ee5763bdf32b2b6a97195753e68791fd0f66f12661cfaf390f3c21f
R6_reacher_040d72a154c2687da092ebc8,REFIT_103201,R4_ALT_CEM_2,REPEAT3_REALACT,COMPLETE,1,True,True,1d8453e53acfe56e235e33507371dfe70ab0ad188af73b638e43fde723b4f9da,6971bce14ca17780d33bd0c29de918aa08029322dd2c1e6138bbe0afd7ff3a77
R6_reacher_040d72a154c2687da092ebc8,REFIT_103202,R3_ORIGINAL,H_POLICY,FRESH_PAIRED_CONTROL,0,True,,d24a292d8a271bfc98cceef840928847134d276aad3497e11cb1ae212c9406f4,
R6_reacher_040d72a154c2687da092ebc8,REFIT_103202,R3_ORIGINAL,REAL3_NULLACT,COMPLETE,0,True,True,eaae30cf5e63d031163b47ecd1bdbfc94e129b8f45613683820032723f5d9f91,db2a17b5c7b267a3265d5024b8cd7ec0f83d7163f2238a4867aa049f70cb3e41
R6_reacher_040d72a154c2687da092ebc8,REFIT_103202,R3_ORIGINAL,REPEAT3_REALACT,COMPLETE,1,True,True,f460712ec8ace91f7c7e35e209f01d9c3b9d014f833eaeca8ae2ab5e35f5b21f,d302b09433d398b5d482dc50a54bf406e4eac9f3ef3a25f89e2ca6c2d13e6317
R6_reacher_040d72a154c2687da092ebc8,REFIT_103202,R4_ALT_CEM_1,H_POLICY,FRESH_PAIRED_CONTROL,1,True,,d48702dd0ee67971abb4ca6fb7f97c060afd84a89c3442f33b18d4a23d69788e,
R6_reacher_040d72a154c2687da092ebc8,REFIT_103202,R4_ALT_CEM_1,REAL3_NULLACT,COMPLETE,1,True,True,8225fcf9b427d63cd7eaca6032e3dc40cc6a520474ca4f95509b79f6623dc801,bb7aac705c3dfda4c3cd771034e8c0c76e4324badfde24f8009b0db0c591edbe
R6_reacher_040d72a154c2687da092ebc8,REFIT_103202,R4_ALT_CEM_1,REPEAT3_REALACT,COMPLETE,1,True,True,9ee90cd131ae3da39984b90cae6bc46723a83502767a777325b74b411930b531,0b539b6a03c563daf9ba7165e9ca5ea0f4cf072b94f7735f334fa1ed19bd6ec6
R6_reacher_040d72a154c2687da092ebc8,REFIT_103202,R4_ALT_CEM_2,H_POLICY,FRESH_PAIRED_CONTROL,1,True,,e398a1f9fa7662955647cd5c663d63e6a673dd789dba135429a2db39a37266c3,
R6_reacher_040d72a154c2687da092ebc8,REFIT_103202,R4_ALT_CEM_2,REAL3_NULLACT,COMPLETE,1,True,True,7bf16a450d884b5b91a2245bce6c5a458a9e662de83ca4051fd22bd6729a90a6,f820dc62a7495b1e371c87e968fa7dc2ee644260fd43553f01b2a8dd69344e93
R6_reacher_040d72a154c2687da092ebc8,REFIT_103202,R4_ALT_CEM_2,REPEAT3_REALACT,COMPLETE,1,True,True,9cb2527c84b30911f70d7208d6d551954fcee23fc846288431994decf1450246,2368f7aac2f4caed03a32defaf60d588151667f057c445fda4ce6053481812d4
R6_reacher_040d72a154c2687da092ebc8,REFIT_103203,R3_ORIGINAL,H_POLICY,FRESH_PAIRED_CONTROL,0,True,,0d6e65b7cdd1cfaacd657d1a9de9034aebac23ef0439f3a941e7ca70c9c40c9e,
R6_reacher_040d72a154c2687da092ebc8,REFIT_103203,R3_ORIGINAL,REAL3_NULLACT,COMPLETE,0,True,True,82b8908099982173f52040072ea8fc47b1b1cc74d7ff6f47c9c5891d48029293,e724b60507f7743bf898404b121f60efb0572e373bbcb8e8376ef2c365800404
R6_reacher_040d72a154c2687da092ebc8,REFIT_103203,R3_ORIGINAL,REPEAT3_REALACT,COMPLETE,1,True,True,0ff53bcf73fcc60246ba25d97ed214583a9d594f2435aa6f083a3614c8dab28f,e662b341b2ddf3a6e73975d9badcdcf5358180fc8ddd392f3b35c5eb209c4884
R6_reacher_040d72a154c2687da092ebc8,REFIT_103203,R4_ALT_CEM_1,H_POLICY,FRESH_PAIRED_CONTROL,1,True,,32dc4e08a1a6ca208f09e0bbc2165b13e6e4e9c4f658f77db475b4968ae8a975,
R6_reacher_040d72a154c2687da092ebc8,REFIT_103203,R4_ALT_CEM_1,REAL3_NULLACT,COMPLETE,1,True,True,32ffeacf96e4475d87d203a49a748c91093452a81cdecfade9f446b7993fde74,ce0c04315acb3e9f99ece225bdeb0dabdf0c713255e06185d654514898e9e808
R6_reacher_040d72a154c2687da092ebc8,REFIT_103203,R4_ALT_CEM_1,REPEAT3_REALACT,COMPLETE,1,True,True,288aec844406e14b51362698ec3c5a8fde1305c71ed09be6eb70311b13ec864b,a0362775727bdb87f947c609350e6ae165986202a35e0687b9091d06fd7b3189
R6_reacher_040d72a154c2687da092ebc8,REFIT_103203,R4_ALT_CEM_2,H_POLICY,FRESH_PAIRED_CONTROL,1,True,,722b7e4c0ab4965f079fe059f60bcd392c4a8ca8a130dad945fb1778964a39ac,
R6_reacher_040d72a154c2687da092ebc8,REFIT_103203,R4_ALT_CEM_2,REAL3_NULLACT,COMPLETE,1,True,True,21c7555e10a007b4e556aa1f465c7359c82ba99bbbf8f37705b4598d6e2dd3e2,de7a3d7583b977380e0b65483f682fcd2371f7cce85c7fd766ca327edcdb16d3
R6_reacher_040d72a154c2687da092ebc8,REFIT_103203,R4_ALT_CEM_2,REPEAT3_REALACT,COMPLETE,1,True,True,2fd39153c149438f477e5c5871ab88a1186c317ac6665e96e908683ec728f740,de84e8949f0f1c13f1a34fe86d0e1fb556b4d89f5c6e7757ffa7f418332bb0c3
R6_reacher_0415eab85414f31fa3d57a99,H0,R3_ORIGINAL,H_POLICY,FRESH_PAIRED_CONTROL,1,False,,1f97bd2cd73b66e4dd5277cf7b36ec1a6c797c550ce193c2c7fef4c8d8439682,
R6_reacher_0415eab85414f31fa3d57a99,H0,R3_ORIGINAL,REAL3_NULLACT,COMPLETE,1,False,True,3c99fb55ee519045171f5edf046cf2cecebc6f4bb182d35969c2a8433e4f7814,4fcce2017552baa50b1b98e61e74a18d631986bdb37b043e6bff516616b5ffa8
R6_reacher_0415eab85414f31fa3d57a99,H0,R3_ORIGINAL,REPEAT3_REALACT,COMPLETE,1,False,True,f8cb3af21ba79d9f904a1f56c6de88b40444d674f6e8482c04576df4f916f278,4fcce2017552baa50b1b98e61e74a18d631986bdb37b043e6bff516616b5ffa8
R6_reacher_0415eab85414f31fa3d57a99,H0,R4_ALT_CEM_1,H_POLICY,FRESH_PAIRED_CONTROL,1,False,,8ded5f30e9b84b45eea052176dcddd07e250367d7c6645f506e3cc0126f0f4d8,
R6_reacher_0415eab85414f31fa3d57a99,H0,R4_ALT_CEM_1,REAL3_NULLACT,COMPLETE,1,False,True,dcb097d8485e485d074b9776d6d6fe2e363b4cece4139bd838bd85a2685e8710,743619ecf57926fa9be918c67de45a32b75520880da2642a5c40e98e89eb81e8
R6_reacher_0415eab85414f31fa3d57a99,H0,R4_ALT_CEM_1,REPEAT3_REALACT,COMPLETE,1,False,True,b75f4e7f7745996aa3341e21a68b4466cf7a86f6baba3e4a3bee3f68bb3d7093,743619ecf57926fa9be918c67de45a32b75520880da2642a5c40e98e89eb81e8
R6_reacher_0415eab85414f31fa3d57a99,H0,R4_ALT_CEM_2,H_POLICY,FRESH_PAIRED_CONTROL,1,False,,2aded6f2b01462f11e2fe283ab87914b7b983df068f88be057060f7a49de12cb,
R6_reacher_0415eab85414f31fa3d57a99,H0,R4_ALT_CEM_2,REAL3_NULLACT,COMPLETE,1,False,True,56ffa39af000f7d505ed5c3636aa00cda6ff2906027872468ea59f69444c1a21,0162253a9d4543df33c976a4b4f4de89219e6be60e5c0cb61e6e2b45e8fbc904
R6_reacher_0415eab85414f31fa3d57a99,H0,R4_ALT_CEM_2,REPEAT3_REALACT,COMPLETE,1,False,True,ff5c565a5e0a5a7ed16001778291d9ba0657c087e16967801ffd024eb65c37b1,0162253a9d4543df33c976a4b4f4de89219e6be60e5c0cb61e6e2b45e8fbc904
R6_reacher_0415eab85414f31fa3d57a99,REFIT_103201,R3_ORIGINAL,H_POLICY,FRESH_PAIRED_CONTROL,1,False,,0058c5721aa993f0a9cb71057e5aee70e0cbc08595cdc7ddcd3bb4da46e53d11,
R6_reacher_0415eab85414f31fa3d57a99,REFIT_103201,R3_ORIGINAL,REAL3_NULLACT,COMPLETE,1,False,True,3d982288c15243e5be49df804ee21d060ccfe2a19f52a3585b498d211e654ecc,f909fbf15e75e0edff5557b8e8da6b2fc21b638305186c0ee97aaac1958a5069
R6_reacher_0415eab85414f31fa3d57a99,REFIT_103201,R3_ORIGINAL,REPEAT3_REALACT,COMPLETE,1,False,True,7b09be0e35feb186bba59739cf92b6fdad86d1b7666cd01e3f3c6260e12b3aca,f909fbf15e75e0edff5557b8e8da6b2fc21b638305186c0ee97aaac1958a5069
R6_reacher_0415eab85414f31fa3d57a99,REFIT_103201,R4_ALT_CEM_1,H_POLICY,FRESH_PAIRED_CONTROL,1,False,,85fc957c6f1e13808e24807d2f5b3fc834500a58d07a0f7eb1ea0dec2374eb89,
R6_reacher_0415eab85414f31fa3d57a99,REFIT_103201,R4_ALT_CEM_1,REAL3_NULLACT,COMPLETE,1,False,True,0cb00f6dd8d217368b5ef8b8224cc4f9089a9d62a4dbf12757e9cdcfd327391b,8c775654997b95267ad32954ac7f7e5a97f2c901ce60a84ec82632b142cd27bb
R6_reacher_0415eab85414f31fa3d57a99,REFIT_103201,R4_ALT_CEM_1,REPEAT3_REALACT,COMPLETE,1,False,True,fc216c3084409dcb8a5e26413ce5d6944812de029900a2c7578df01c06abe3be,8c775654997b95267ad32954ac7f7e5a97f2c901ce60a84ec82632b142cd27bb
R6_reacher_0415eab85414f31fa3d57a99,REFIT_103201,R4_ALT_CEM_2,H_POLICY,FRESH_PAIRED_CONTROL,1,False,,0f629c6630c4f05dab2ced2b3e47bb96b35a90c46e7adcb8000a3b6951ead237,
R6_reacher_0415eab85414f31fa3d57a99,REFIT_103201,R4_ALT_CEM_2,REAL3_NULLACT,COMPLETE,1,False,True,40a23a7326a83238668f06d6569187df7b22f30848edd3aaf5c22420dca0ff80,9acf6c4b9ab438a89bf9cc03ae66c3ab5b6c53d0ca6739061fcbb6d6b10e79b7
R6_reacher_0415eab85414f31fa3d57a99,REFIT_103201,R4_ALT_CEM_2,REPEAT3_REALACT,COMPLETE,1,False,True,93bd976276b33aeb85cbd5ef815eeb814c3f26ef170afebbd39f1bbad8eefcb0,9acf6c4b9ab438a89bf9cc03ae66c3ab5b6c53d0ca6739061fcbb6d6b10e79b7
R6_reacher_0415eab85414f31fa3d57a99,REFIT_103202,R3_ORIGINAL,H_POLICY,FRESH_PAIRED_CONTROL,1,False,,51359aee84f1f56b6d161d1d5a1026819fd241bb1563552c03e51355f15990c0,
R6_reacher_0415eab85414f31fa3d57a99,REFIT_103202,R3_ORIGINAL,REAL3_NULLACT,COMPLETE,1,False,True,8ba685937917b443d79846ea8cb8d4976d5de93426f08bedaa7b76945937db40,6b513ef7481db48f3901a28ace96379e540f6e84f8be9cad82423ae4e9845f77
R6_reacher_0415eab85414f31fa3d57a99,REFIT_103202,R3_ORIGINAL,REPEAT3_REALACT,COMPLETE,1,False,True,a59652ef8a0520b2925634e1f906e3d316df3be2a46277885736bbe630eae50c,6b513ef7481db48f3901a28ace96379e540f6e84f8be9cad82423ae4e9845f77
R6_reacher_0415eab85414f31fa3d57a99,REFIT_103202,R4_ALT_CEM_1,H_POLICY,FRESH_PAIRED_CONTROL,1,False,,c24205ab0b6e1eff154b1348a54673aeb8b483d5ed9f874a3f4ffde79a3c3574,
R6_reacher_0415eab85414f31fa3d57a99,REFIT_103202,R4_ALT_CEM_1,REAL3_NULLACT,COMPLETE,1,False,True,8ccd7b38ae178244d84a86b841084871fa55302a1ca0306b2cfb70fad2b98603,ce2aa1452bfaa74b74eec28232105430f312ec3af122933e487d7165001ffd04
R6_reacher_0415eab85414f31fa3d57a99,REFIT_103202,R4_ALT_CEM_1,REPEAT3_REALACT,COMPLETE,1,False,True,38001cef5b1873807e9c60b36b83307748c1e15c52c5f00101602e12da7be764,ce2aa1452bfaa74b74eec28232105430f312ec3af122933e487d7165001ffd04
R6_reacher_0415eab85414f31fa3d57a99,REFIT_103202,R4_ALT_CEM_2,H_POLICY,FRESH_PAIRED_CONTROL,1,True,,3a1ef809b28621e5f0d6a10d7f5a271f766601b1735a4f15a1b05be889a48140,
R6_reacher_0415eab85414f31fa3d57a99,REFIT_103202,R4_ALT_CEM_2,REAL3_NULLACT,COMPLETE,1,True,True,5fda2f1bbf05c34a58d7c4e14f94f13461e410036ac4b29d4bc36889f47ee4bf,37987c0e7ecd7faf52da3eae56e365bc3a1b25e7354615044cf4736284b90e24
R6_reacher_0415eab85414f31fa3d57a99,REFIT_103202,R4_ALT_CEM_2,REPEAT3_REALACT,COMPLETE,1,True,True,63096d7ee6ba304415cb5a49131d6a6aac451b1e1c63d4c4aa102a18f86b7498,fba1f9471cd0b29ce8e26a88b2433014d8078158eb128172b7cafd93f598c4b2
R6_reacher_0415eab85414f31fa3d57a99,REFIT_103203,R3_ORIGINAL,H_POLICY,FRESH_PAIRED_CONTROL,1,False,,179d0e43f81f65260a81f2a3b1622ca3fb7d6a7d924a6bde5cafa3548791990e,
R6_reacher_0415eab85414f31fa3d57a99,REFIT_103203,R3_ORIGINAL,REAL3_NULLACT,COMPLETE,1,False,True,9de91e32f368e8c6d28fdded9c757116aa1f773ff3b13dafcba1b643ae00853d,cab898ea46a961ba8263ffbad5d216df3e4566a21a5d528e06f6bb7b54885038
R6_reacher_0415eab85414f31fa3d57a99,REFIT_103203,R3_ORIGINAL,REPEAT3_REALACT,COMPLETE,1,False,True,fb2fe6d4eb03c29aaba04140dc16ebe5e3aec661f52230f385886021d5d49241,cab898ea46a961ba8263ffbad5d216df3e4566a21a5d528e06f6bb7b54885038
R6_reacher_0415eab85414f31fa3d57a99,REFIT_103203,R4_ALT_CEM_1,H_POLICY,FRESH_PAIRED_CONTROL,1,False,,e10fa7329f660671659071a0a0de3c97853dfbb5ae8e4191f1756250686a00c1,
R6_reacher_0415eab85414f31fa3d57a99,REFIT_103203,R4_ALT_CEM_1,REAL3_NULLACT,COMPLETE,1,False,True,77bca9567c82e82ea61d62c43bf97e4a29ce2ead68f8055862370e6d6fbacd4c,74960ab5d9f5e7733618bc20ceb2a10fec3f50af93319447797b72875d5a9f33
R6_reacher_0415eab85414f31fa3d57a99,REFIT_103203,R4_ALT_CEM_1,REPEAT3_REALACT,COMPLETE,1,False,True,cf6d54a08fb985da1b024bc869ac97c1d2ac98bb7633f032e2189b71f8780461,74960ab5d9f5e7733618bc20ceb2a10fec3f50af93319447797b72875d5a9f33
R6_reacher_0415eab85414f31fa3d57a99,REFIT_103203,R4_ALT_CEM_2,H_POLICY,FRESH_PAIRED_CONTROL,1,True,,907fcfc14304bf6357fd151a016e050a7d4e75da8651adfc58999f7af0392efc,
R6_reacher_0415eab85414f31fa3d57a99,REFIT_103203,R4_ALT_CEM_2,REAL3_NULLACT,COMPLETE,1,True,True,46d4e0c40c14c7937305387fcf5bde5aa0b63b4fdf8148afbd8909ac20cee891,75f6650db44003db141a41e8344392947f0a469b8e309a5a205bdcb57e14cdc1
R6_reacher_0415eab85414f31fa3d57a99,REFIT_103203,R4_ALT_CEM_2,REPEAT3_REALACT,COMPLETE,1,True,True,7040286af0b2e5466f33b8cf95ee3adfd4ad949eb4d996bbb4965f94c1552121,141f7ea4735442b580448b6d0da1d74495353e74b75c1554306d5e39de5d3487
R6_reacher_042b78b7f94ed6c85b84ad7b,H0,R3_ORIGINAL,H_POLICY,FRESH_PAIRED_CONTROL,1,True,,5b12061f55dd271c079a6f3ad437647e49919f02e9c2bf210d8a0c0fbd275b82,
R6_reacher_042b78b7f94ed6c85b84ad7b,H0,R3_ORIGINAL,REAL3_NULLACT,COMPLETE,1,True,True,ec2c572f46e48e8a7c36345e6243bda19cbb22310ebafe5089dcf912fd1008df,3eeaab132291754d636c5efd1039f25d936034a9a9d0952f07bcfbbc8ddfd9e3
R6_reacher_042b78b7f94ed6c85b84ad7b,H0,R3_ORIGINAL,REPEAT3_REALACT,COMPLETE,1,True,True,fb48a02b9521851442e1e3b372a4d6ff13cd2d6860a82350e0a80710861885f7,34c10858b7b6c802bf8eca83c5db7d24d0d84b50c63bbcaf3ec6d775d97ad018
R6_reacher_042b78b7f94ed6c85b84ad7b,H0,R4_ALT_CEM_1,H_POLICY,FRESH_PAIRED_CONTROL,1,True,,3d14eab3d1a273ca7079ae87971144301acf192b6cdd93246b1cfd667a9e8813,
R6_reacher_042b78b7f94ed6c85b84ad7b,H0,R4_ALT_CEM_1,REAL3_NULLACT,COMPLETE,1,True,True,17016b6fbec097dd708317dc3304c2d47dd7cce7d1f2a53f29593fd1b762e5d6,b381a77fde748de2b0840faeba4f60c40cf52718b68c7972e323f488005fc3a0
R6_reacher_042b78b7f94ed6c85b84ad7b,H0,R4_ALT_CEM_1,REPEAT3_REALACT,COMPLETE,0,True,True,1490442f39d3435349e622a470412fc2f47a2fb5eb26710a577142817bf159c5,6a05ba6150a2d5b01a7c16fd3abc5b28a4822b04a189a591a01d5272a6c632be
R6_reacher_042b78b7f94ed6c85b84ad7b,H0,R4_ALT_CEM_2,H_POLICY,FRESH_PAIRED_CONTROL,1,True,,46ad2828c3410027fb697cf203867ae2c3f66e04b2e08d5094dab3e0749edd3d,
R6_reacher_042b78b7f94ed6c85b84ad7b,H0,R4_ALT_CEM_2,REAL3_NULLACT,COMPLETE,1,True,True,bb15140fc1e63ec1fa1b0d496bbeea9f22ab9b241111b0e815d9c504a477015e,ee7a345b260f7d36ecb57c743a8e995124f9e8c5f3aa9e492e19d664c7859cbe
R6_reacher_042b78b7f94ed6c85b84ad7b,H0,R4_ALT_CEM_2,REPEAT3_REALACT,COMPLETE,1,True,True,aa902bf2237c9363a2a5997a1544c094252c61ac8837939d3664951c9f3167fe,4042323232f02897e790e1496d77e619e95a7bc8d64ce7f53ac8fa5dcc317eff
R6_reacher_042b78b7f94ed6c85b84ad7b,REFIT_103201,R3_ORIGINAL,H_POLICY,FRESH_PAIRED_CONTROL,1,True,,89529c7c798867ee42821ad784c4982350dca873165a52526b55bbd57f25403f,
R6_reacher_042b78b7f94ed6c85b84ad7b,REFIT_103201,R3_ORIGINAL,REAL3_NULLACT,COMPLETE,1,True,True,60843757ca4ca86874036ae95fa315aa15f5eddabff7f7c88135a20853b02ea2,032a0963d65df016244b87c3c715dfaf68007854cf6e2701a66853eaf2748e8e
R6_reacher_042b78b7f94ed6c85b84ad7b,REFIT_103201,R3_ORIGINAL,REPEAT3_REALACT,COMPLETE,1,True,True,d7a299986882fe3663a1e4d3e74723aa8f47055b7f1c5388503b3e677a66fe74,12e6c2b9f7e0f1e358e8e3ae053ab2c464799a10c6e6fd42d2e4dc23ba2b801f
R6_reacher_042b78b7f94ed6c85b84ad7b,REFIT_103201,R4_ALT_CEM_1,H_POLICY,FRESH_PAIRED_CONTROL,1,True,,83c8a577b3662019d32c8060b669bc1534869adfd5d6dc82b40635ab0b06da2a,
R6_reacher_042b78b7f94ed6c85b84ad7b,REFIT_103201,R4_ALT_CEM_1,REAL3_NULLACT,COMPLETE,0,True,True,31a2573ff6eb5216f513591e26606566b1bec075b10367596cda832c4bfe3f20,c056574410f18399d654ed15428551a49d1c6af193785a0be6d34fc37d803f0c
R6_reacher_042b78b7f94ed6c85b84ad7b,REFIT_103201,R4_ALT_CEM_1,REPEAT3_REALACT,COMPLETE,1,True,True,7b2bccfc3dc2986df97b7cfb8d8c79f5b3c422dd0bed34a45c1e5583478fbb32,2800b4bf429b3d29b3c596f779e929b7bcb419fd22e5260a3337130762cee6c3
R6_reacher_042b78b7f94ed6c85b84ad7b,REFIT_103201,R4_ALT_CEM_2,H_POLICY,FRESH_PAIRED_CONTROL,1,True,,67bdcfb6a8f0d4926bf349379a0790c6fa542983261e16ec39aa57092b186cff,
R6_reacher_042b78b7f94ed6c85b84ad7b,REFIT_103201,R4_ALT_CEM_2,REAL3_NULLACT,COMPLETE,1,True,True,41d887b6d8194b0df62891c006bc1feb91047cbabc0fc65ab725aa24f059f5cb,479b5875a5f98e13f262fa8c6af59431ab48b420a2c90e957ea38323931cebed
R6_reacher_042b78b7f94ed6c85b84ad7b,REFIT_103201,R4_ALT_CEM_2,REPEAT3_REALACT,COMPLETE,1,True,True,c68263107c23d842610108afac6222eedd3c27ec1b86713979a8e88ddce6fc92,ad8b73cc8ead7f1cf4ec130b72e7ece80c20e2fc2fef4c0f75d9ce59a12f4346
R6_reacher_042b78b7f94ed6c85b84ad7b,REFIT_103202,R3_ORIGINAL,H_POLICY,FRESH_PAIRED_CONTROL,1,True,,45fed40dd08af962067491ab672a4cf66c465f6c1227f8127c736b1a6b6c8d2b,
R6_reacher_042b78b7f94ed6c85b84ad7b,REFIT_103202,R3_ORIGINAL,REAL3_NULLACT,COMPLETE,1,True,True,a9815e82c8d400376f3bbf69296d64720afbb5550413ed81f10c7b668138bb72,4cf17db9826cbb2e31a21bed7be2114a19c7c299da5dd1827291214a94de34e2
R6_reacher_042b78b7f94ed6c85b84ad7b,REFIT_103202,R3_ORIGINAL,REPEAT3_REALACT,COMPLETE,1,True,True,f9309ce0db2235032afa4b0fc5bea7425a516419a28168d4e38b776502c47174,bbe727e4445d73709e61682d983621eb749c7c1e6b83353f505c7b9c7551e6a5
R6_reacher_042b78b7f94ed6c85b84ad7b,REFIT_103202,R4_ALT_CEM_1,H_POLICY,FRESH_PAIRED_CONTROL,1,True,,4966d757f6d128b976c1217b7fc168283dec1774b79fdca34a2940ea13a4f9ee,
R6_reacher_042b78b7f94ed6c85b84ad7b,REFIT_103202,R4_ALT_CEM_1,REAL3_NULLACT,COMPLETE,1,True,True,910e1f8ed1a16ef3342026a78d548f1dd37e65369d31ab742e145cfe44ab26e8,c13ef4a165c45db1afb1562238d0019b4cb9c2014a4edd5b02807a8df623c81a
R6_reacher_042b78b7f94ed6c85b84ad7b,REFIT_103202,R4_ALT_CEM_1,REPEAT3_REALACT,COMPLETE,1,True,True,2d55176faf2a13bf6f6849cffbb900b9014f5e7352a81206336cda56111c8f90,58e5b1e208c48575b53f62e6fce3f802d155534cb17dbe0e4463f25788c184e9
R6_reacher_042b78b7f94ed6c85b84ad7b,REFIT_103202,R4_ALT_CEM_2,H_POLICY,FRESH_PAIRED_CONTROL,1,True,,2774bc0bcf053890d7546f4a90a12fa839d7cc2743ef6b45908d7d8a908a83eb,
R6_reacher_042b78b7f94ed6c85b84ad7b,REFIT_103202,R4_ALT_CEM_2,REAL3_NULLACT,COMPLETE,1,True,True,79d9d0ebb82b2cf78c0eea73bfc871355b240300b99c88772ca57d1ef13464dc,49e8913e1fce96bda42d5528298e90a2871a8fdc94204fd2a273801c60e2779c
R6_reacher_042b78b7f94ed6c85b84ad7b,REFIT_103202,R4_ALT_CEM_2,REPEAT3_REALACT,COMPLETE,1,True,True,790f009ad38e077181a73e20e7464ca8a87e3bf18797ddb4cd9da56444610039,f5b3e0c8435918f83165a519bed58951c5f2bdc35f0ddd3ed1ed5b6049d01d71
R6_reacher_042b78b7f94ed6c85b84ad7b,REFIT_103203,R3_ORIGINAL,H_POLICY,FRESH_PAIRED_CONTROL,1,True,,8925032c51ff1191c28a02bf69e4c36f3dd70f77ffec07cbd04b87078f2f091f,
R6_reacher_042b78b7f94ed6c85b84ad7b,REFIT_103203,R3_ORIGINAL,REAL3_NULLACT,COMPLETE,1,True,True,3788f9868928a057d5258e6cafe77b3afbe43a69db0f58b118aaad92d752195a,c34aaff6ce090b2f0284d4e7640a4bf147c0ee36122325446341e7e6fd7f7f4a
R6_reacher_042b78b7f94ed6c85b84ad7b,REFIT_103203,R3_ORIGINAL,REPEAT3_REALACT,COMPLETE,0,True,True,c95cab1bbf5127042ea9d52cd84138dc44a20f0e8956c8507e3ae467adc8f449,d87c8230e97494d8b8789dbb1925aad35516085138b2226a21b55baec6d67e00
R6_reacher_042b78b7f94ed6c85b84ad7b,REFIT_103203,R4_ALT_CEM_1,H_POLICY,FRESH_PAIRED_CONTROL,1,True,,c3c7c45b839a08285889c4d6c4647292d8a3fa6449d750b353fff4aeb8eaea2e,
R6_reacher_042b78b7f94ed6c85b84ad7b,REFIT_103203,R4_ALT_CEM_1,REAL3_NULLACT,COMPLETE,1,True,True,062c80c3f4a05c51d87eb3848e147b432ea678916c9804163550fb55b7ad1b9b,acf7a5b2835e274013c8a341ca64abf58d3b30e8d4b7889be18fb76e6cb252ec
R6_reacher_042b78b7f94ed6c85b84ad7b,REFIT_103203,R4_ALT_CEM_1,REPEAT3_REALACT,COMPLETE,1,True,True,bf8352573e1cc128c01b7f5036554dc81176e849240543b858553d6199167071,8e71153dc67e1aab4c778d32b4550d8ba4de36ce4e26e228d054c0a8f2c5f13a
R6_reacher_042b78b7f94ed6c85b84ad7b,REFIT_103203,R4_ALT_CEM_2,H_POLICY,FRESH_PAIRED_CONTROL,1,True,,01c4d85da920d8684a622307dbf6e185dfd9370aea231be5f5f96055d7d1c42e,
R6_reacher_042b78b7f94ed6c85b84ad7b,REFIT_103203,R4_ALT_CEM_2,REAL3_NULLACT,COMPLETE,1,True,True,6b678a34b88880f4866b8834399acf165628687672613cc9ba5f848c3f27f372,60123e9e61cbc2605086f06ae98e302695e83cc39349ef0c6a44b7e936111f59
R6_reacher_042b78b7f94ed6c85b84ad7b,REFIT_103203,R4_ALT_CEM_2,REPEAT3_REALACT,COMPLETE,1,True,True,7649d8c5eb6ad46803ef91b0a055ddf7d6ad8df0e654a357bba5ffea156819ab,cf95cf84e24b72368effd784ac063fbb6b0a3ed80043623463a02e7dcfbf238c
R6_reacher_04323b4ed17bb5ed62619b74,H0,R3_ORIGINAL,H_POLICY,FRESH_PAIRED_CONTROL,0,True,,4ba225a944beed62081bbdb33ae3b3c10b089c3415a8cb94d1d3c7a81dbacb23,
R6_reacher_04323b4ed17bb5ed62619b74,H0,R3_ORIGINAL,REAL3_NULLACT,COMPLETE,1,True,True,ca970056933ee245bfd54fa95e7aa7edb0478166fbd3f719609a3aed76923812,209d16ef047e188526b53cd4b36a672035ff4dc9c9d3c2980d5f3f3ff57cbdd9
R6_reacher_04323b4ed17bb5ed62619b74,H0,R3_ORIGINAL,REPEAT3_REALACT,COMPLETE,1,True,True,e23397d1171df01d87d5a098c0c682c36921ef77b330824774653bf464dcafe8,0c4cef4d395731aaa496a4a5c24868ce69d774bca0261b3383ad6072c5556947
R6_reacher_04323b4ed17bb5ed62619b74,H0,R4_ALT_CEM_1,H_POLICY,FRESH_PAIRED_CONTROL,1,False,,135cb77a8a0d339bcc92679bf239ac5e26f0c73776bba9e64a058d9542eb81f4,
R6_reacher_04323b4ed17bb5ed62619b74,H0,R4_ALT_CEM_1,REAL3_NULLACT,COMPLETE,1,False,True,df22c9d88ded421d9dd6f0335998734b79a642d39a6af951acbab408aeb87ad6,c6529ec59d70581f13322ae09407009faf6903ae6cbffa2975ff0f75c5cbe176
R6_reacher_04323b4ed17bb5ed62619b74,H0,R4_ALT_CEM_1,REPEAT3_REALACT,COMPLETE,1,False,True,3abaef04edf971bdbd022aca71c4f12eb89f6f9eda91739e15949d2da08a38e5,c6529ec59d70581f13322ae09407009faf6903ae6cbffa2975ff0f75c5cbe176
R6_reacher_04323b4ed17bb5ed62619b74,H0,R4_ALT_CEM_2,H_POLICY,FRESH_PAIRED_CONTROL,1,False,,491c048ed00047b47021d76f2fa3af32ccfb068b90f1a51aa531d0930e5d0d41,
R6_reacher_04323b4ed17bb5ed62619b74,H0,R4_ALT_CEM_2,REAL3_NULLACT,COMPLETE,1,False,True,9647d0707f3d0cef017f4fa0f06e23a7d21e06dad29f6ed8928de0b132056df9,27ade8c1b12d65b72ba7d44b695e7180a99c1a1c9c9e6ff6f14b36a4c739c8b2
R6_reacher_04323b4ed17bb5ed62619b74,H0,R4_ALT_CEM_2,REPEAT3_REALACT,COMPLETE,1,False,True,13763cdb006dd0de1fbe9ae00c934d443b136bab5c343074bc4317dcc4008c0a,27ade8c1b12d65b72ba7d44b695e7180a99c1a1c9c9e6ff6f14b36a4c739c8b2
R6_reacher_04323b4ed17bb5ed62619b74,REFIT_103201,R3_ORIGINAL,H_POLICY,FRESH_PAIRED_CONTROL,1,False,,997772c9cc4931b5d686f0fc1757893502430393b3ed1fb4bc76fdf6b115c975,
R6_reacher_04323b4ed17bb5ed62619b74,REFIT_103201,R3_ORIGINAL,REAL3_NULLACT,COMPLETE,1,False,True,2b26ec61dffb3990fc12e2dbb5bf4c11dca7cec032f6b04da6aeecbaa6e77057,858cb64a98a59583bbb3c253559c7c4d54787b516221737a5c555beaf4239a9b
R6_reacher_04323b4ed17bb5ed62619b74,REFIT_103201,R3_ORIGINAL,REPEAT3_REALACT,COMPLETE,1,False,True,73c95f12afd5a28c81aca6f66da67e5c4df912a7754f86a4da8ee75ef8640ea5,858cb64a98a59583bbb3c253559c7c4d54787b516221737a5c555beaf4239a9b
R6_reacher_04323b4ed17bb5ed62619b74,REFIT_103201,R4_ALT_CEM_1,H_POLICY,FRESH_PAIRED_CONTROL,1,False,,a8e90ff75bf9f09665f0c4bca5a5ca4aa7ae7901ce2077c47250c492fd4853e7,
R6_reacher_04323b4ed17bb5ed62619b74,REFIT_103201,R4_ALT_CEM_1,REAL3_NULLACT,COMPLETE,1,False,True,6d83c24cf94fa47c75d2ac295d1996cd97137642829b07205ccacbd410a59777,6cfd4600c025bdc6fe5d63fc6394456c7a3807ab085b86eb34fa86c4dd3b6254
R6_reacher_04323b4ed17bb5ed62619b74,REFIT_103201,R4_ALT_CEM_1,REPEAT3_REALACT,COMPLETE,1,False,True,cca0c48902b10d19b9586fa4a3fc21458fe929cea1ee05b21ae866a3d30f4731,6cfd4600c025bdc6fe5d63fc6394456c7a3807ab085b86eb34fa86c4dd3b6254
R6_reacher_04323b4ed17bb5ed62619b74,REFIT_103201,R4_ALT_CEM_2,H_POLICY,FRESH_PAIRED_CONTROL,1,False,,96a9e09a3a2a22a5f69cd4b6cffdd7d6b156431a5867239750a02bf3d74756e4,
R6_reacher_04323b4ed17bb5ed62619b74,REFIT_103201,R4_ALT_CEM_2,REAL3_NULLACT,COMPLETE,1,False,True,dad1b24b29c931ef87b13ee452ee3ea0978eb1c88ebe74b5e834f709740b5be4,ce5e89876598bf7744a3e362390ad41dae35926206ef3fedf0d018769aa941ba
R6_reacher_04323b4ed17bb5ed62619b74,REFIT_103201,R4_ALT_CEM_2,REPEAT3_REALACT,COMPLETE,1,False,True,9c711762eb12b628c88e0b000c08ba8b288fd915ddb519bad7b73cbc7ad19a55,ce5e89876598bf7744a3e362390ad41dae35926206ef3fedf0d018769aa941ba
R6_reacher_04323b4ed17bb5ed62619b74,REFIT_103202,R3_ORIGINAL,H_POLICY,FRESH_PAIRED_CONTROL,1,False,,e847c56a001cbe5a2b71a1b25971c8bed6e85f1a9de4854e8497bda184d16e79,
R6_reacher_04323b4ed17bb5ed62619b74,REFIT_103202,R3_ORIGINAL,REAL3_NULLACT,COMPLETE,1,False,True,acedd00799ea29a5e84273e97c63dcd8f4f958750c5c0cfa4d7ec02d89d919ee,215fcfd4235ebe78e3bbf52229b4fa243beedb386f4e72556c101b2467451990
R6_reacher_04323b4ed17bb5ed62619b74,REFIT_103202,R3_ORIGINAL,REPEAT3_REALACT,COMPLETE,1,False,True,cf35a4746bca0ce4e2eda50221786973936e732a5ed076842af4fa23a66920d2,215fcfd4235ebe78e3bbf52229b4fa243beedb386f4e72556c101b2467451990
R6_reacher_04323b4ed17bb5ed62619b74,REFIT_103202,R4_ALT_CEM_1,H_POLICY,FRESH_PAIRED_CONTROL,1,False,,94ad4a87a338d64753d1b08738f85d655a69749b7895dea8efef9f5f7e9a6865,
R6_reacher_04323b4ed17bb5ed62619b74,REFIT_103202,R4_ALT_CEM_1,REAL3_NULLACT,COMPLETE,1,False,True,7d0421d71433829862d08e307686d10065632212f0e91a61a8cd83e7ecee11c1,089ff8eefe9b16839fee21243dbf386141f22eb87e6eb0b8f5d97d92228de081
R6_reacher_04323b4ed17bb5ed62619b74,REFIT_103202,R4_ALT_CEM_1,REPEAT3_REALACT,COMPLETE,1,False,True,f56f4992f4dbe2efe85ca0ae58336504182b1a11f6cc24dba42a030ba0b2bd6e,089ff8eefe9b16839fee21243dbf386141f22eb87e6eb0b8f5d97d92228de081
R6_reacher_04323b4ed17bb5ed62619b74,REFIT_103202,R4_ALT_CEM_2,H_POLICY,FRESH_PAIRED_CONTROL,1,False,,ba14f813db969856b85153ffa39715d785c8319a686fb8120d1ea83aec243e8b,
R6_reacher_04323b4ed17bb5ed62619b74,REFIT_103202,R4_ALT_CEM_2,REAL3_NULLACT,COMPLETE,1,False,True,11c890a153f84b312dfc45ea079e756323660283016f530c76df1168d6f0863c,4f6671dd57b27139a20dfa190966ea6dd1c4f08260d89abbc77c831c8c651b6b
R6_reacher_04323b4ed17bb5ed62619b74,REFIT_103202,R4_ALT_CEM_2,REPEAT3_REALACT,COMPLETE,1,False,True,bc021396f3c5b3b75f5687560704eb93626a3604e23b402d8e41c4191b9cfaac,4f6671dd57b27139a20dfa190966ea6dd1c4f08260d89abbc77c831c8c651b6b
R6_reacher_04323b4ed17bb5ed62619b74,REFIT_103203,R3_ORIGINAL,H_POLICY,FRESH_PAIRED_CONTROL,1,True,,7f9aea0927d02061261baf677c84c3ecd5cfba59fef7fe11c1c7701c3c700032,
R6_reacher_04323b4ed17bb5ed62619b74,REFIT_103203,R3_ORIGINAL,REAL3_NULLACT,COMPLETE,1,True,True,1d701eed545cd70c8d7926d7cac92df3015fbfc4f855cedd7edfccf9a189fa39,3386455a7ce1897124af24d697be1181db29f3ac712c7993384c09b0b1cc6872
R6_reacher_04323b4ed17bb5ed62619b74,REFIT_103203,R3_ORIGINAL,REPEAT3_REALACT,COMPLETE,1,True,True,1bb3d71bdca45d1e09a42b14e582ee29fc2baf1b841c38f0ad149b140fdd4f2a,21c18648d40cbdbb4ec9940058d19c062ddb93109d0ba57d64efc965172cc31d
R6_reacher_04323b4ed17bb5ed62619b74,REFIT_103203,R4_ALT_CEM_1,H_POLICY,FRESH_PAIRED_CONTROL,1,False,,c19b4636b58833f0a47b1fb63772a7c5e863a1920c2a92244a6e404f5d8b70a3,
R6_reacher_04323b4ed17bb5ed62619b74,REFIT_103203,R4_ALT_CEM_1,REAL3_NULLACT,COMPLETE,1,False,True,c09bb1317531023892c5e8732d3d0ca21d833e884c4a792b0cf342750d3af517,5e483c629407672b782d7f90637e788792d1b94df9e487906825ca668bfa00ee
R6_reacher_04323b4ed17bb5ed62619b74,REFIT_103203,R4_ALT_CEM_1,REPEAT3_REALACT,COMPLETE,1,False,True,b3669dca67ad5e0ae2c5839425d227edd4469b09235cc0dbcdae8c28517b95d3,5e483c629407672b782d7f90637e788792d1b94df9e487906825ca668bfa00ee
R6_reacher_04323b4ed17bb5ed62619b74,REFIT_103203,R4_ALT_CEM_2,H_POLICY,FRESH_PAIRED_CONTROL,1,False,,e9279a5d85339c67123e63b449fefe6acc2f4c439db210c43b5e91d4078735ec,
R6_reacher_04323b4ed17bb5ed62619b74,REFIT_103203,R4_ALT_CEM_2,REAL3_NULLACT,COMPLETE,1,False,True,24ff98d73b95e9cdfd849b1f193460b73516eebf62cefce67de4e4aa6541a49a,f5496d7aa3e146211ab76eb41656483c37394bdb5912bc215259a27891d31d46
R6_reacher_04323b4ed17bb5ed62619b74,REFIT_103203,R4_ALT_CEM_2,REPEAT3_REALACT,COMPLETE,1,False,True,760bc94e70ec6520b2099d93475519e3cdd24e4364db9b56362c37d87bec11fc,f5496d7aa3e146211ab76eb41656483c37394bdb5912bc215259a27891d31d46
R6_reacher_0452de7446bee2d31c1997b9,H0,R3_ORIGINAL,H_POLICY,FRESH_PAIRED_CONTROL,1,False,,791d987fcd98d02aff86eb95a26b9034792fb446188a521366918c8bb11a411a,
R6_reacher_0452de7446bee2d31c1997b9,H0,R3_ORIGINAL,REAL3_NULLACT,COMPLETE,1,False,True,045869545a4a5bb4e308c265e89bc6573e70a0255b21c2db96daf4bb3ebfca93,99c332d659a2cd40da9b21129813f817ccb69f088f011c065d7e768dd8f621ab
R6_reacher_0452de7446bee2d31c1997b9,H0,R3_ORIGINAL,REPEAT3_REALACT,COMPLETE,1,False,True,22f00c518956c045530099a261a6189cc6c9f5d5d43e1858ab628352e70516dc,99c332d659a2cd40da9b21129813f817ccb69f088f011c065d7e768dd8f621ab
R6_reacher_0452de7446bee2d31c1997b9,H0,R4_ALT_CEM_1,H_POLICY,FRESH_PAIRED_CONTROL,1,False,,d515bef145e76ae17c2c76a79ff9cd1d8a6f69497aa1a40ab71c451fb1117bd3,
R6_reacher_0452de7446bee2d31c1997b9,H0,R4_ALT_CEM_1,REAL3_NULLACT,COMPLETE,1,False,True,213e815a771abb980d1824aa3991cfe08165a774b86ab3278eed2dad88746c5d,350c273759abe64daf9f5fc0e9c65f00dd0fd566306803fdf88c96b2475109c3
R6_reacher_0452de7446bee2d31c1997b9,H0,R4_ALT_CEM_1,REPEAT3_REALACT,COMPLETE,1,False,True,f945ca1442a5b05642271c412b4ae4a562852e26146de22cfc961ca3fbf07846,350c273759abe64daf9f5fc0e9c65f00dd0fd566306803fdf88c96b2475109c3
R6_reacher_0452de7446bee2d31c1997b9,H0,R4_ALT_CEM_2,H_POLICY,FRESH_PAIRED_CONTROL,1,False,,750423e71b4889a3f1da3b260679adbcfcfbe98f63c981eca3b11cd5bca4f946,
R6_reacher_0452de7446bee2d31c1997b9,H0,R4_ALT_CEM_2,REAL3_NULLACT,COMPLETE,1,False,True,fbcfd24bae15beede17e05900d55e1dc51e337f790988ff9db8c199884a650f7,6d7f8a8d238c79191bfcc120b0789b659a62ad49c90c827c92eee2b738d4a5c0
R6_reacher_0452de7446bee2d31c1997b9,H0,R4_ALT_CEM_2,REPEAT3_REALACT,COMPLETE,1,False,True,1f3183d18b923d444829031b8a17024d35aeb930911c4e0e0e22d0adfe4f1b36,6d7f8a8d238c79191bfcc120b0789b659a62ad49c90c827c92eee2b738d4a5c0
R6_reacher_0452de7446bee2d31c1997b9,REFIT_103201,R3_ORIGINAL,H_POLICY,FRESH_PAIRED_CONTROL,1,False,,db3faca0ca0d6d06d05026d508b69d53a2525829661546a7ba0b4e889109386c,
R6_reacher_0452de7446bee2d31c1997b9,REFIT_103201,R3_ORIGINAL,REAL3_NULLACT,COMPLETE,1,False,True,7fae86782d858ed7360fcc3b1ade26fe8bd0f988280c31e1b7879240d8778247,785e6ca83adcfcb24f92814eba7e862e98137de53678769a1ee667386bc95992
R6_reacher_0452de7446bee2d31c1997b9,REFIT_103201,R3_ORIGINAL,REPEAT3_REALACT,COMPLETE,1,False,True,746672c92fd2e0840988f9ba994a5b048cf871f5b91ae92d5139de5c5eb644a6,785e6ca83adcfcb24f92814eba7e862e98137de53678769a1ee667386bc95992
R6_reacher_0452de7446bee2d31c1997b9,REFIT_103201,R4_ALT_CEM_1,H_POLICY,FRESH_PAIRED_CONTROL,1,False,,120fab993cb0a78721747b5c26a249dd63cc87628f41722d8f6935c844cc338c,
R6_reacher_0452de7446bee2d31c1997b9,REFIT_103201,R4_ALT_CEM_1,REAL3_NULLACT,COMPLETE,1,False,True,84e1053f615daac68ef9d31de5f394c0dad5f1d858a860a9d30a85564421c7d3,f30b0531049f98f20b4bc72e391e0ec4b24597da122d05234c77a249c01047ff
R6_reacher_0452de7446bee2d31c1997b9,REFIT_103201,R4_ALT_CEM_1,REPEAT3_REALACT,COMPLETE,1,False,True,0596529eaab355a5d1f0b2976c39763d18c332e92a305d9d2bb46357fd6701a2,f30b0531049f98f20b4bc72e391e0ec4b24597da122d05234c77a249c01047ff
R6_reacher_0452de7446bee2d31c1997b9,REFIT_103201,R4_ALT_CEM_2,H_POLICY,FRESH_PAIRED_CONTROL,1,False,,7545c3d8908b6785192cb873f79d0292f82cc646542e1195f0f7894ca9ec4fc3,
R6_reacher_0452de7446bee2d31c1997b9,REFIT_103201,R4_ALT_CEM_2,REAL3_NULLACT,COMPLETE,1,False,True,44b3d2291b0e9a6f1647dc342f8fc08d762e186e53daaa8d76695b932d2f51bb,829cdf911fbfbd39ff66a810a22f4c963834d211f6a34deaa56bfe9a9a36e5d1
R6_reacher_0452de7446bee2d31c1997b9,REFIT_103201,R4_ALT_CEM_2,REPEAT3_REALACT,COMPLETE,1,False,True,01863e391656853f63e044dbd2a6e22115db827759e393bb5ea44cd2b018f3b6,829cdf911fbfbd39ff66a810a22f4c963834d211f6a34deaa56bfe9a9a36e5d1
R6_reacher_0452de7446bee2d31c1997b9,REFIT_103202,R3_ORIGINAL,H_POLICY,FRESH_PAIRED_CONTROL,1,False,,b2196ed0722383554c4dceda82742f32278e156ef8a87bc0eecff4ade856efd7,
R6_reacher_0452de7446bee2d31c1997b9,REFIT_103202,R3_ORIGINAL,REAL3_NULLACT,COMPLETE,1,False,True,c027a07018f5b6d4498be5f9abfe0edb498dfe3e19586cde5aec3ad57c9eff18,55cc662e2876ee72edf9a3737a9685d09233665c91e64078bf192d1227ce3c27
R6_reacher_0452de7446bee2d31c1997b9,REFIT_103202,R3_ORIGINAL,REPEAT3_REALACT,COMPLETE,1,False,True,aa00e4bb9b11366ebd8685cc40eaebec3cd3832e41172c64fba9bb0e09fa4ba9,55cc662e2876ee72edf9a3737a9685d09233665c91e64078bf192d1227ce3c27
R6_reacher_0452de7446bee2d31c1997b9,REFIT_103202,R4_ALT_CEM_1,H_POLICY,FRESH_PAIRED_CONTROL,0,True,,86570abe7ff98ba73d72cb1445885f49ef527a7093b8d9c590d262a23717e50e,
R6_reacher_0452de7446bee2d31c1997b9,REFIT_103202,R4_ALT_CEM_1,REAL3_NULLACT,COMPLETE,0,True,True,fa5b520e1e59ec758b36fee4ecdc9cfbe4a73a622c59e84cabdc231ae270bb96,c815b1fe68ebec37a8a05f540cef6efa0d9716b96c49b12c303a4ad9cc31d01b
R6_reacher_0452de7446bee2d31c1997b9,REFIT_103202,R4_ALT_CEM_1,REPEAT3_REALACT,COMPLETE,1,True,True,5e46f1be8e772f6a5754a78fcad0783913c85fab5769370bb1d73620e249bade,61f9b37412bfdf23652e9b54dda8fc9803a52467d6214b8f404d4b5850ea42fe
R6_reacher_0452de7446bee2d31c1997b9,REFIT_103202,R4_ALT_CEM_2,H_POLICY,FRESH_PAIRED_CONTROL,1,False,,65e9c54e26d7860b47c7212eb8cc7b0a41513f6ab6a68911f9ef7a1b3a5ce805,
R6_reacher_0452de7446bee2d31c1997b9,REFIT_103202,R4_ALT_CEM_2,REAL3_NULLACT,COMPLETE,1,False,True,e9e5b5000e3150e863c9985dfb124a61973eb5ed7310321b5890b3901a0f70f5,f716d77a542679b4f555ebb97a9482101b72c0cc88aa954ce6741a0cb1c3fbc7
R6_reacher_0452de7446bee2d31c1997b9,REFIT_103202,R4_ALT_CEM_2,REPEAT3_REALACT,COMPLETE,1,False,True,22549235667c52d03d63b26136ca823911f3986f064008aeefea00a7e20ff64b,f716d77a542679b4f555ebb97a9482101b72c0cc88aa954ce6741a0cb1c3fbc7
R6_reacher_0452de7446bee2d31c1997b9,REFIT_103203,R3_ORIGINAL,H_POLICY,FRESH_PAIRED_CONTROL,1,True,,c20c3f294f2f1747a75f8dafcb706956519b2ed0aa9317de743a3ce35b677d05,
R6_reacher_0452de7446bee2d31c1997b9,REFIT_103203,R3_ORIGINAL,REAL3_NULLACT,COMPLETE,1,True,True,e7ecae5348f14c883c62eac478d764c393922a526bf233e790a65be401449c0e,2f370328db767aaff18de8ac2557944637e3af5635c2264e6d525449e8e8e445
R6_reacher_0452de7446bee2d31c1997b9,REFIT_103203,R3_ORIGINAL,REPEAT3_REALACT,COMPLETE,1,True,True,5cd9771a02eb1f2983f451b3b324edbf7228761d91451e38ab80122b33f5675f,8ccfec807577e533a69d1807149d1340b14b4bb73244ff95299e063a3f82b0b6
R6_reacher_0452de7446bee2d31c1997b9,REFIT_103203,R4_ALT_CEM_1,H_POLICY,FRESH_PAIRED_CONTROL,1,False,,d1ae1256fce23b26b8ab3fa6464f13b75bd5ec143a4a8deca5b3f16abfd871ff,
R6_reacher_0452de7446bee2d31c1997b9,REFIT_103203,R4_ALT_CEM_1,REAL3_NULLACT,COMPLETE,1,False,True,1f9a0ea75ff55e2eb8e0970943387c33b556ab6efbe5dd1728d2bb948fd5de05,ad2925855d8d446c610814adb2d69646937b7d7def78ff5d30a128d9ad806521
R6_reacher_0452de7446bee2d31c1997b9,REFIT_103203,R4_ALT_CEM_1,REPEAT3_REALACT,COMPLETE,1,False,True,adf49d8316f0850df59d89fca80e353c96bb9576409b2650ef09840adcf3e4fd,ad2925855d8d446c610814adb2d69646937b7d7def78ff5d30a128d9ad806521
R6_reacher_0452de7446bee2d31c1997b9,REFIT_103203,R4_ALT_CEM_2,H_POLICY,FRESH_PAIRED_CONTROL,1,False,,40814ec6f5b6619eb59d911d56e8524c9b2d7c2007348f1e2d1f9c7f8caa3062,
R6_reacher_0452de7446bee2d31c1997b9,REFIT_103203,R4_ALT_CEM_2,REAL3_NULLACT,COMPLETE,1,False,True,9f424c005cff32f2dfa9613097b6199edd9fae58f90c9797b4a86786baecd1c6,9b7469f9d508d4d0f988aaef097f558c23d2cd9550882b7166d078f51b1ab8e1
R6_reacher_0452de7446bee2d31c1997b9,REFIT_103203,R4_ALT_CEM_2,REPEAT3_REALACT,COMPLETE,1,False,True,e21359c5532a862657f26674d8f5639d463fbb119199f86af97640036ba3c579,9b7469f9d508d4d0f988aaef097f558c23d2cd9550882b7166d078f51b1ab8e1
R6_reacher_04683ac84fb7627e60eba9af,H0,R3_ORIGINAL,H_POLICY,FRESH_PAIRED_CONTROL,1,True,,19efb8a9984c56ed656ac66989e6f900aec73cc3272fef0bce40e99ec6ea6318,
R6_reacher_04683ac84fb7627e60eba9af,H0,R3_ORIGINAL,REAL3_NULLACT,COMPLETE,1,True,True,6e0c193ede284e0b4d372cdf5284bb97f554f0ba21dd4dde42fff79b093fd332,651eedf1fd2d3ae65688f044d20b7dbb7306718629851afe8114eac3d88100bf
R6_reacher_04683ac84fb7627e60eba9af,H0,R3_ORIGINAL,REPEAT3_REALACT,COMPLETE,1,True,True,c618dd5c4d49c049fd47245ca5141a526c1adc69e0c73dc469cb88727d1044a8,a72496f00ac937b388b54d487829d0deb1b768650f333836470c81e2de168547
R6_reacher_04683ac84fb7627e60eba9af,H0,R4_ALT_CEM_1,H_POLICY,FRESH_PAIRED_CONTROL,1,False,,f40b0f172434cc5381017f93a961034dea46d6260920112cfd9aec1b85bc5be8,
R6_reacher_04683ac84fb7627e60eba9af,H0,R4_ALT_CEM_1,REAL3_NULLACT,COMPLETE,1,False,True,bb740e42c9ff81d7b60152f6b3fc35dc47c85b7b91a165e25e6def794016dbf9,cf3fb70dd08f37395091b0f422d521e36472db07d52933270ee63be13abe1f2d
R6_reacher_04683ac84fb7627e60eba9af,H0,R4_ALT_CEM_1,REPEAT3_REALACT,COMPLETE,1,False,True,da551f222597a644d54ed4a8322bebed1829e6470c989b3da35c6b3232234ffc,cf3fb70dd08f37395091b0f422d521e36472db07d52933270ee63be13abe1f2d
R6_reacher_04683ac84fb7627e60eba9af,H0,R4_ALT_CEM_2,H_POLICY,FRESH_PAIRED_CONTROL,1,True,,7b8648d248fdf20fce1521fd1154c75f11e00647f0daeecba020d257dc70dc4c,
R6_reacher_04683ac84fb7627e60eba9af,H0,R4_ALT_CEM_2,REAL3_NULLACT,COMPLETE,1,True,True,7c1748af6c53a9939f70249ee0ab9deb1375973724f6db9720c48fe0551a5fd2,e5eab9153a92c3b61d6367f0f319d20d082d22790da965938d10d1e399e64b14
R6_reacher_04683ac84fb7627e60eba9af,H0,R4_ALT_CEM_2,REPEAT3_REALACT,COMPLETE,1,True,True,d2358a2d87bed72e952b256b04f177c9e8a38109a5aff06898ee3d5509e7b14f,71f5762942799d9e50ad6d74f41672fc235b8875856d21f24bf75ad8c1bbac0d
R6_reacher_04683ac84fb7627e60eba9af,REFIT_103201,R3_ORIGINAL,H_POLICY,FRESH_PAIRED_CONTROL,1,True,,60c69e90ebf4cbb671affc86f8496ec64d21116a04145b2400f992a297904ba2,
R6_reacher_04683ac84fb7627e60eba9af,REFIT_103201,R3_ORIGINAL,REAL3_NULLACT,COMPLETE,1,True,True,3e5245fcd3fba3a3609a6bd2951fcd61831bf238727dbc1026cdb75ddbbd45ae,f33a2d6f168f8bf4c7fe23b4c0636f39df2a54c2c07398569bc0ad25c7c48860
R6_reacher_04683ac84fb7627e60eba9af,REFIT_103201,R3_ORIGINAL,REPEAT3_REALACT,COMPLETE,1,True,True,bcf8716788255f18ae8baa04585c2566c5996216ee4832326b2ea4f12f28a844,271c22b6707062425460db83793e4d1691b109b67bb687a03e1fcd44f50325d3
R6_reacher_04683ac84fb7627e60eba9af,REFIT_103201,R4_ALT_CEM_1,H_POLICY,FRESH_PAIRED_CONTROL,1,False,,3cc07fe9feaf78be0161c90a70a77314d48cc801571b4fbcf12e383115beba7c,
R6_reacher_04683ac84fb7627e60eba9af,REFIT_103201,R4_ALT_CEM_1,REAL3_NULLACT,COMPLETE,1,False,True,67f25a9a8a2d5cc41afe1f5a6edc2b2f51b3b2b477e4fecf099c46991c93f9a0,d25e4d3fe01a962642666ea7815d798df03afd7a68a0b0db542ed4ed5e9626ba
R6_reacher_04683ac84fb7627e60eba9af,REFIT_103201,R4_ALT_CEM_1,REPEAT3_REALACT,COMPLETE,1,False,True,57e38b1dc1cffc11b477dd62ce0e13615598e3987ee40ead3eba4e08a353b160,d25e4d3fe01a962642666ea7815d798df03afd7a68a0b0db542ed4ed5e9626ba
R6_reacher_04683ac84fb7627e60eba9af,REFIT_103201,R4_ALT_CEM_2,H_POLICY,FRESH_PAIRED_CONTROL,1,True,,9486ad94ddf5b8b1fa01ad2797fff92a3da7717193bd9d708f373f4e99ad5ef2,
R6_reacher_04683ac84fb7627e60eba9af,REFIT_103201,R4_ALT_CEM_2,REAL3_NULLACT,COMPLETE,1,True,True,f887cf717db567ad6b87a210e3e2f81d38b10519f6d83e4c204e3838accc0c1c,70a0dedb70df7240420740a8af6b2c6da3df37894ec3f65f51b9683c4ebc75d8
R6_reacher_04683ac84fb7627e60eba9af,REFIT_103201,R4_ALT_CEM_2,REPEAT3_REALACT,COMPLETE,1,True,True,a9d9a86d5e681f8c400a9a3f52bdf6666f501db87fe154e3801b8a5220bc9489,4f1351ad5fb67a587892c1bb966209360455521fd588c57fc9e1d90c7c2ebf7a
R6_reacher_04683ac84fb7627e60eba9af,REFIT_103202,R3_ORIGINAL,H_POLICY,FRESH_PAIRED_CONTROL,1,False,,18d5e06281fc193722e47fca871577cedd08ea08017bad5cc7ef77659cb6c2e1,
R6_reacher_04683ac84fb7627e60eba9af,REFIT_103202,R3_ORIGINAL,REAL3_NULLACT,COMPLETE,1,False,True,c788e768766f260a86a65d6545b01391e0949f57daf711360fa149d3f94e6f17,a10de3163e95ab5abd2536320145560008360458c43f9b59aa010578737cd3b1
R6_reacher_04683ac84fb7627e60eba9af,REFIT_103202,R3_ORIGINAL,REPEAT3_REALACT,COMPLETE,1,False,True,2f99cdeb44e06e248cc065938c7e719c019297cf94bdab55015c07f32e18ca72,a10de3163e95ab5abd2536320145560008360458c43f9b59aa010578737cd3b1
R6_reacher_04683ac84fb7627e60eba9af,REFIT_103202,R4_ALT_CEM_1,H_POLICY,FRESH_PAIRED_CONTROL,1,False,,755daacb4acf786113e815eab31921342fd4df4113ea5aa8be39bc64f7369759,
R6_reacher_04683ac84fb7627e60eba9af,REFIT_103202,R4_ALT_CEM_1,REAL3_NULLACT,COMPLETE,1,False,True,2c66f079fcbaa2fa74d8ab03e43d4776471aeda3cfde7ca99aef67bbcb223bcc,2e85a2eb049282839ea597b1390f1d7565652bab079fbce38ce595294ee320e4
R6_reacher_04683ac84fb7627e60eba9af,REFIT_103202,R4_ALT_CEM_1,REPEAT3_REALACT,COMPLETE,1,False,True,8eaede97189e965438a71a78568e91e575c56367f250d5e058e9b319d2d59a65,2e85a2eb049282839ea597b1390f1d7565652bab079fbce38ce595294ee320e4
R6_reacher_04683ac84fb7627e60eba9af,REFIT_103202,R4_ALT_CEM_2,H_POLICY,FRESH_PAIRED_CONTROL,1,True,,b0236978d7b116c3698c81a507c35c303deabc28d1bc9e3062bc5c22709018b7,
R6_reacher_04683ac84fb7627e60eba9af,REFIT_103202,R4_ALT_CEM_2,REAL3_NULLACT,COMPLETE,1,True,True,b45b58f21fe5cc9f0011df3fda4b6782ef5fa3200d8dfe9b971f169529474816,5ce28fbe9296dd417d5b86e76f5fd6310effa927083acad3a3085a2fb5812650
R6_reacher_04683ac84fb7627e60eba9af,REFIT_103202,R4_ALT_CEM_2,REPEAT3_REALACT,COMPLETE,1,True,True,dfd4d8b87ef761caf6be85108106b2f3bcb7c466974ce334fcbcc7decefdd5e8,379a3d162b06d5329fc9cf0737d1093ecd64e41b4db42505175b5cd59a0f3d14
R6_reacher_04683ac84fb7627e60eba9af,REFIT_103203,R3_ORIGINAL,H_POLICY,FRESH_PAIRED_CONTROL,1,True,,d65b48ba9633f8f2980ab7cd721d359620769af0f7ce03012f3ae7a3197d51d8,
R6_reacher_04683ac84fb7627e60eba9af,REFIT_103203,R3_ORIGINAL,REAL3_NULLACT,COMPLETE,1,True,True,22f71c197ece107308a5bdf239bee9fca86e03184b18b2bac8a15394320b732d,e70647c921d72d7b990b1644ea0d4ee20777c9813625a4307422d3f4349a70b0
R6_reacher_04683ac84fb7627e60eba9af,REFIT_103203,R3_ORIGINAL,REPEAT3_REALACT,COMPLETE,1,True,True,24eb6e2f0cdfa6d72803542dc8ece0a419b753ebe87f1575b718fbee722a2c77,2ae6c01d83d09fa656196a4cb2d52ffc90f5bf2fd0c702f8b49ad1fa4476cf70
R6_reacher_04683ac84fb7627e60eba9af,REFIT_103203,R4_ALT_CEM_1,H_POLICY,FRESH_PAIRED_CONTROL,1,False,,1b62a4e850ad2630345160badb10ab9077281f4e0f88d9845a242b6d5b69bd02,
R6_reacher_04683ac84fb7627e60eba9af,REFIT_103203,R4_ALT_CEM_1,REAL3_NULLACT,COMPLETE,1,False,True,d7db5c46f61df0811e4696f11db5a57d3cd13f1462ae8fb821033ac9f6e99ad8,92c28c0907c496aeaf9ab794067b50a69195d919d2401fc745e5a27db30e34ad
R6_reacher_04683ac84fb7627e60eba9af,REFIT_103203,R4_ALT_CEM_1,REPEAT3_REALACT,COMPLETE,1,False,True,25572437076b4051f009299b296284b4f6df70cd9b3f1c425cb28e6ffc3db416,92c28c0907c496aeaf9ab794067b50a69195d919d2401fc745e5a27db30e34ad
R6_reacher_04683ac84fb7627e60eba9af,REFIT_103203,R4_ALT_CEM_2,H_POLICY,FRESH_PAIRED_CONTROL,1,True,,40eba5627c06e0ab86dd12d7fca4e2b44cbe131959a60677389219c737aeb687,
R6_reacher_04683ac84fb7627e60eba9af,REFIT_103203,R4_ALT_CEM_2,REAL3_NULLACT,COMPLETE,1,True,True,ada8257fca1080cbdebcdddd20a848346aad02f5a41b36d5a7b2d127ab5b5f47,af3260122dc5daf8b1dc29598a26b740de1d6f2a21297d8d6c00eca58bfcc9ed
R6_reacher_04683ac84fb7627e60eba9af,REFIT_103203,R4_ALT_CEM_2,REPEAT3_REALACT,COMPLETE,1,True,True,001a0652fb05ebfb294549d9a6927e05e69c6041d83fc317ecad490d2c4ec201,f9043ace4e1aa7dc31f0ab277bc776886d07007c88cf854a0399c14c09e41fd2
R6_reacher_04689ec072dab02039d86a47,H0,R3_ORIGINAL,H_POLICY,FRESH_PAIRED_CONTROL,1,True,,a68e39d1221aa290ce758f78eac6d9641265feb0935d6a5d909a839a61ab0fdc,
R6_reacher_04689ec072dab02039d86a47,H0,R3_ORIGINAL,REAL3_NULLACT,COMPLETE,1,True,True,af048fc641b978c048c3addd63d439a31c05a517428ef4dddbfe6647777fd456,175cc991d747f48d4c8b944343ab0d455d8ef152201432ab65821a7d9a10d2e6
R6_reacher_04689ec072dab02039d86a47,H0,R3_ORIGINAL,REPEAT3_REALACT,COMPLETE,1,True,True,fc2d6d5a3c60383d1b4e254b9823ed6cd2b6445a4efe07bd35497ea0c1fff6a9,26235a64409edd820db9460c5a7519d1f24ef943d74875a250d90ea8094e4a14
R6_reacher_04689ec072dab02039d86a47,H0,R4_ALT_CEM_1,H_POLICY,FRESH_PAIRED_CONTROL,0,True,,4e23e35c67ce7b7363c2dc4efc10d41d4944226d069297231cd411664b00cb99,
R6_reacher_04689ec072dab02039d86a47,H0,R4_ALT_CEM_1,REAL3_NULLACT,COMPLETE,0,True,True,b963c37f46563f6474cb8d16a4c0d1d1ff804dea495acc7daf9578eea770de03,fa959166fc6cce92e86f9589b248cadf67625324e19a69e1c0acfd19f5bc32a3
R6_reacher_04689ec072dab02039d86a47,H0,R4_ALT_CEM_1,REPEAT3_REALACT,COMPLETE,1,True,True,099ca0187f8e3f2bf4188f3edc438dc78c82985b999916d7f76337c5e93d5f70,401834a035dd5a69e6aafec8118cc2f91b3b74b832e71f5e4623b9b724999bba
R6_reacher_04689ec072dab02039d86a47,H0,R4_ALT_CEM_2,H_POLICY,FRESH_PAIRED_CONTROL,0,True,,51a5616f2ef29f8e3648c02fd59b02414be1c045584c43251a0e5e36866f3e24,
R6_reacher_04689ec072dab02039d86a47,H0,R4_ALT_CEM_2,REAL3_NULLACT,COMPLETE,0,True,True,e1c9b7078520e906e431a438dcf652a02c94ba12e8153f6bd29d7769c5b4d817,f71edceffaa7e615029168f3fbb9a9e0367cb27f7f40b5879749b2acd4b7746b
R6_reacher_04689ec072dab02039d86a47,H0,R4_ALT_CEM_2,REPEAT3_REALACT,COMPLETE,1,True,True,19ffda8479dee7351bd127875495a32662c7880f45bb8ba308d72990d32508b4,60e0f9628d57374cbacf71fe4cfe28fc1e0274891d2930a54544f44fa943740a
R6_reacher_04689ec072dab02039d86a47,REFIT_103201,R3_ORIGINAL,H_POLICY,FRESH_PAIRED_CONTROL,1,True,,0e49c4d85a8cd2af75362ae722e6f05f8c36aa33b0b30930e31a7522e86dffea,
R6_reacher_04689ec072dab02039d86a47,REFIT_103201,R3_ORIGINAL,REAL3_NULLACT,COMPLETE,0,True,True,e13e11c58025c85a897455ea2a22e4ffa526e51230688973f0ce822c0abe9ced,baf9fd53ba13cb82511d7a8948078b5f1abc622b753248a95fbad9e0cb926830
R6_reacher_04689ec072dab02039d86a47,REFIT_103201,R3_ORIGINAL,REPEAT3_REALACT,COMPLETE,1,True,True,6fab3c688c346c456def619a8f6779ee16d1986d529b2fb28231168d2e35a92d,a3f9c6521ddfefdc61efbef1bf5d2dad7cf016d235002acfe99abd06c2ddae5d
R6_reacher_04689ec072dab02039d86a47,REFIT_103201,R4_ALT_CEM_1,H_POLICY,FRESH_PAIRED_CONTROL,0,True,,50db822cf6cce105b5402a24b7f116b316b814abfca5ceb43421c20ff1568323,
R6_reacher_04689ec072dab02039d86a47,REFIT_103201,R4_ALT_CEM_1,REAL3_NULLACT,COMPLETE,0,True,True,8a8b89d5202931ea7d11d0437703fc6d21b8668a4ea1973b36c9686cb7dba455,78e18f63c3db8765c6895a005b7e74d16b413f330072fbb94f574e9dffb3e05a
R6_reacher_04689ec072dab02039d86a47,REFIT_103201,R4_ALT_CEM_1,REPEAT3_REALACT,COMPLETE,1,True,True,41affe1e870391f43efacfae163ba7f37c6c818019117603fbe77639970ecfbc,625168677a198a622b0b43ad987b780a2a880e20517c4051a6d961fe36426e2e
R6_reacher_04689ec072dab02039d86a47,REFIT_103201,R4_ALT_CEM_2,H_POLICY,FRESH_PAIRED_CONTROL,0,True,,dc36561f30cb947ecbbceeea0cd6ee55fd1faad3265a00f233909cf5fa90819e,
R6_reacher_04689ec072dab02039d86a47,REFIT_103201,R4_ALT_CEM_2,REAL3_NULLACT,COMPLETE,0,True,True,773c4b7eb2f9467dd6b58103ac2b7aa115b98253b63c33193a6f330a885c793e,1932f6ed3526995be4823aa7bf2ff3907d942fdd750c7a6a0ba4fb06ffd3be17
R6_reacher_04689ec072dab02039d86a47,REFIT_103201,R4_ALT_CEM_2,REPEAT3_REALACT,COMPLETE,1,True,True,f94b67ec09f0a2acd444dbc84e8d486a7eb255fddd40e919f489d804a66d4cae,0579b51ce1d14c651d328972ccee3d23224ae35f51429ba67cb33f6aced9620a
R6_reacher_04689ec072dab02039d86a47,REFIT_103202,R3_ORIGINAL,H_POLICY,FRESH_PAIRED_CONTROL,1,True,,3b337561b64a3d4f6ad4b1cfbdd926303bb387d9a775be79ab2a7462c97bb136,
R6_reacher_04689ec072dab02039d86a47,REFIT_103202,R3_ORIGINAL,REAL3_NULLACT,COMPLETE,1,True,True,bc5b83d77b3c4d816a8684e6edf14a70a4bf3293fd84580aba6295f1ecb1b291,2e62e9d6664b7df62e775b54baba56638bf9e00d606bc8920e33ee9c3a847950
R6_reacher_04689ec072dab02039d86a47,REFIT_103202,R3_ORIGINAL,REPEAT3_REALACT,COMPLETE,1,True,True,f5e1cbbd751cec8f162d28dae7544dd22c6371099c3dd39c126f051a894a6b20,d40dd7e18ef0aa4352d5fff19b29e5efb09a841d361bcc5fc5860bef1d2f0dce
R6_reacher_04689ec072dab02039d86a47,REFIT_103202,R4_ALT_CEM_1,H_POLICY,FRESH_PAIRED_CONTROL,0,True,,55d9a58be066f298400c0ae07afe3fc4140fab0d60e8bf2ac78f24fd3fc6cb12,
R6_reacher_04689ec072dab02039d86a47,REFIT_103202,R4_ALT_CEM_1,REAL3_NULLACT,COMPLETE,0,True,True,b2c3692b2e37e26dacc290fc4f6cde2d87ed0a80b85eb9b39c2e63b478864265,bc970d2b5e406573ba84facf5712fcb767004dae436b1b0fc02702fdf93dd8bb
R6_reacher_04689ec072dab02039d86a47,REFIT_103202,R4_ALT_CEM_1,REPEAT3_REALACT,COMPLETE,1,True,True,4d7d6ba7179f35857f2d081e4ac8dfead879f665d55fd4847f4f0fe2cdfa52ae,95c1df9df2216b7da996e981c7a06b379a810de36583a173f9571297a0cc3091
R6_reacher_04689ec072dab02039d86a47,REFIT_103202,R4_ALT_CEM_2,H_POLICY,FRESH_PAIRED_CONTROL,1,True,,e741b4888de0da4423acef9d517803a0f8f39415be61e22c9f0a4aee9bbc3800,
R6_reacher_04689ec072dab02039d86a47,REFIT_103202,R4_ALT_CEM_2,REAL3_NULLACT,COMPLETE,1,True,True,f01d93f4fb53334272e6168699266ad64f59f016a8404dc0ca8ed7bb6c33dc55,c5671ce586ee949990c85f8201e863182e88de8be2155211c73fb421f79f9056
R6_reacher_04689ec072dab02039d86a47,REFIT_103202,R4_ALT_CEM_2,REPEAT3_REALACT,COMPLETE,1,True,True,8f633bbb78dcec39fb59e13dff6ce8dafed893568e536eb8d928f17e4c597619,47db139469bc51f24fcd696cd10281b0d9550fa2b7ad7c174302acd3a58f144c
R6_reacher_04689ec072dab02039d86a47,REFIT_103203,R3_ORIGINAL,H_POLICY,FRESH_PAIRED_CONTROL,1,True,,db5b682cc0d8325d1438179d9f28ceb8adb85727b448b905e577b07b0749eec3,
R6_reacher_04689ec072dab02039d86a47,REFIT_103203,R3_ORIGINAL,REAL3_NULLACT,COMPLETE,1,True,True,3b214310c6c71998300036f56dfde3cebee61d481b6a1b54276c5c8eb12f4150,3c00bbf7bb27a1c4ad78b7d9fb15dc092210fcdb9ee2bc29cc76de50d73a7958
R6_reacher_04689ec072dab02039d86a47,REFIT_103203,R3_ORIGINAL,REPEAT3_REALACT,COMPLETE,1,True,True,163e77900842acfdd52dc140a2a6dfc128e5aaae93f4544420a2bacce4b0dbb0,03855aabfb1e1f03b1b5f02f717ce07c9e24a24ccc6c46334673b758339fe7c5
R6_reacher_04689ec072dab02039d86a47,REFIT_103203,R4_ALT_CEM_1,H_POLICY,FRESH_PAIRED_CONTROL,0,True,,8402626c4bf843bef4c219144d9a5b08c36c80cdf73c271f725cf64f5b2940a2,
R6_reacher_04689ec072dab02039d86a47,REFIT_103203,R4_ALT_CEM_1,REAL3_NULLACT,COMPLETE,0,True,True,c151bf3de15d785d7d3761d63cebe03c2b6b068c93c201e1617dc5984af9d0ca,699d333002f8d5d0ada4de4d4a5422e1375adf09328929b6b4df465b4dbe60d5
R6_reacher_04689ec072dab02039d86a47,REFIT_103203,R4_ALT_CEM_1,REPEAT3_REALACT,COMPLETE,0,True,True,49b36a43d9961cab5cc4f04ba42241ef85e41dad3d8ec18ccb1b6912b294539f,57f0586a4aad3af73eaa90efad92462a9477d135f0493c8ffbf61eab1a69f6c0
R6_reacher_04689ec072dab02039d86a47,REFIT_103203,R4_ALT_CEM_2,H_POLICY,FRESH_PAIRED_CONTROL,0,True,,4feb93493411bbd11e23e76e3ce7a76975ca7f77aa2db1cd280402492d0395b5,
R6_reacher_04689ec072dab02039d86a47,REFIT_103203,R4_ALT_CEM_2,REAL3_NULLACT,COMPLETE,0,True,True,a58a2ccf5250027320b096a65da344c61da57105fc1453f3e046b1c15cf130c3,e108de00119f32912c8938052ffa9d7d050e06375051f9c0670203273ef71031
R6_reacher_04689ec072dab02039d86a47,REFIT_103203,R4_ALT_CEM_2,REPEAT3_REALACT,COMPLETE,1,True,True,9f5d6e0f059cf89c6c77ac250f3d9a243f66277106803ffdede9b72890dec2ef,5e303aa883d1fbaa9f861950819c655826960ab13eb0dababd4080e307ece4a7
R6_reacher_046be47cf7ed9869cb27531c,H0,R3_ORIGINAL,H_POLICY,FRESH_PAIRED_CONTROL,1,True,,dd769dfeb735f498d8de204e7df1baa22f0aca4140edb61b094ea4238afed60f,
R6_reacher_046be47cf7ed9869cb27531c,H0,R3_ORIGINAL,REAL3_NULLACT,COMPLETE,1,True,True,d439820a4aea4a9e46851a13f4aa76d4ff13286f82f2b3707acc90f6d72a6ef3,30b0fd20c6581a0a2189debbaec52e565c28be41f85242b5429c9a05940adad3
R6_reacher_046be47cf7ed9869cb27531c,H0,R3_ORIGINAL,REPEAT3_REALACT,COMPLETE,1,True,True,635e8bf3d940fb0206cc061670252532e29503388eb342d3d05d44ef4021f606,08483b2b54f25880b8224930679051226fdba437b105057050219d063c325449
R6_reacher_046be47cf7ed9869cb27531c,H0,R4_ALT_CEM_1,H_POLICY,FRESH_PAIRED_CONTROL,0,True,,e793da40e52b06aadee1a6f03b4008cd8117c267f0cb764e060b200e93c23942,
R6_reacher_046be47cf7ed9869cb27531c,H0,R4_ALT_CEM_1,REAL3_NULLACT,COMPLETE,0,True,True,fea3298279dda0963fe96d9438e42d1bcfa9e47c6a3258263b2bd33c3cc3b504,b91152b27d5627c43cb6af390774e593c174c893e9357584428ada71f8de7197
R6_reacher_046be47cf7ed9869cb27531c,H0,R4_ALT_CEM_1,REPEAT3_REALACT,COMPLETE,1,True,True,f5d1bbd4aa00edaf60872bec3e2c72c9d9c014c20ab8c209f329b467ddfe26d6,a4b5ddb730a174dfe969fa28ad7e4712566569707ec1fd7e16bddce05b1a813c
R6_reacher_046be47cf7ed9869cb27531c,H0,R4_ALT_CEM_2,H_POLICY,FRESH_PAIRED_CONTROL,0,True,,2c0ff3c3dfae77544ac77296314fb7d35e7e7dd77a7aff52c26a7adc2d743901,
R6_reacher_046be47cf7ed9869cb27531c,H0,R4_ALT_CEM_2,REAL3_NULLACT,COMPLETE,0,True,True,15ad41e3ff61aef2e65cf333387e5e083657d93c6c6b8dff57cc5ca993eab7ab,3de936ca590c3601a006030c5fc34407edb8a90620abd15f06c21ff54858ec23
R6_reacher_046be47cf7ed9869cb27531c,H0,R4_ALT_CEM_2,REPEAT3_REALACT,COMPLETE,1,True,True,3a328d715652f86f9f1c8966cf8e8636f5a6bcd541581b37c3c4ec28b8d593ae,c6ef5217b05351e7400eaba8f46e331ee38a21658e7c667e03fe20e8a34e1939
R6_reacher_046be47cf7ed9869cb27531c,REFIT_103201,R3_ORIGINAL,H_POLICY,FRESH_PAIRED_CONTROL,1,False,,8d04e564af4fe50aa30107b0d5ab9e6b3b6286cf481e3ac7d21ed1d2bddfa3b8,
R6_reacher_046be47cf7ed9869cb27531c,REFIT_103201,R3_ORIGINAL,REAL3_NULLACT,COMPLETE,1,False,True,3f5c9ccb54ca0909f3bbcbc44de99dba3479c61787ddef1b6e0f02e87c64189e,15df5b8a07296bf7e26a3aebd36c0e518952304df874efe622a3eb8f9ec13929
R6_reacher_046be47cf7ed9869cb27531c,REFIT_103201,R3_ORIGINAL,REPEAT3_REALACT,COMPLETE,1,False,True,9ebb566581856c623bdf9c893c3cba991118521d022c93b6e5ef5da87ee33b4a,15df5b8a07296bf7e26a3aebd36c0e518952304df874efe622a3eb8f9ec13929
R6_reacher_046be47cf7ed9869cb27531c,REFIT_103201,R4_ALT_CEM_1,H_POLICY,FRESH_PAIRED_CONTROL,0,True,,6007dfd5ce9c633352ca7b0fdeca6a5d9edbc7818e015bcd3ce3e64e9dfd26df,
R6_reacher_046be47cf7ed9869cb27531c,REFIT_103201,R4_ALT_CEM_1,REAL3_NULLACT,COMPLETE,0,True,True,a9ce38ee45f45e6a9b8c13a27a6ed35141c18c7899102b1d91d066e4e560f18c,a47bc47d9f79ee154eafb2a04493f815f6b6eb7b6b75704575a9fa837efd6418
R6_reacher_046be47cf7ed9869cb27531c,REFIT_103201,R4_ALT_CEM_1,REPEAT3_REALACT,COMPLETE,1,True,True,c3ce17c4e855f7c760d8df35ef5530d7f3009f5f7e80b7d28be42f0c4999ee80,0f471aeec0cf15e5f1c7c128d0bd6255215a0fef4866b5dc1071cc16e9c35763
R6_reacher_046be47cf7ed9869cb27531c,REFIT_103201,R4_ALT_CEM_2,H_POLICY,FRESH_PAIRED_CONTROL,1,False,,98d65dfbeba15a66f9953fc189eb8908da6bd3d98478c8b3f3b8fac5004b08e8,
R6_reacher_046be47cf7ed9869cb27531c,REFIT_103201,R4_ALT_CEM_2,REAL3_NULLACT,COMPLETE,1,False,True,de98f184f1bed5b1eef2651fdecdf34367112d9d01053581f5c2f7a2fa3e06e5,f6a956b87ce2f9d1bb6abb164fd219388c19267efb2834464d52ed93a2f61db6
R6_reacher_046be47cf7ed9869cb27531c,REFIT_103201,R4_ALT_CEM_2,REPEAT3_REALACT,COMPLETE,1,False,True,c6d7487d9055a9c14c623a6bc265f4bcd0ebf7c255840a08d48e95a3ab485203,f6a956b87ce2f9d1bb6abb164fd219388c19267efb2834464d52ed93a2f61db6
R6_reacher_046be47cf7ed9869cb27531c,REFIT_103202,R3_ORIGINAL,H_POLICY,FRESH_PAIRED_CONTROL,1,False,,0e99c259200321c424a809058aeb88abb7eb0c79299c0dadab241af0b3aa9e7d,
R6_reacher_046be47cf7ed9869cb27531c,REFIT_103202,R3_ORIGINAL,REAL3_NULLACT,COMPLETE,1,False,True,5879bd1ab9b704c46d4434b732dc71f3726762add615ddec601f5c22a3c77297,44908b7e76cf32fa334e0e4dc2e2991df289021ba139a4a2a9fc934cdb629302
R6_reacher_046be47cf7ed9869cb27531c,REFIT_103202,R3_ORIGINAL,REPEAT3_REALACT,COMPLETE,1,False,True,bb5dbe1d58e96844009f2c03747e120e513436040df62e93a7704b5ed63d0ac8,44908b7e76cf32fa334e0e4dc2e2991df289021ba139a4a2a9fc934cdb629302
R6_reacher_046be47cf7ed9869cb27531c,REFIT_103202,R4_ALT_CEM_1,H_POLICY,FRESH_PAIRED_CONTROL,0,True,,b9b333c23f8b72e7909d5203ffe23c09033f6f86d58689f15bab57ddd1e98f91,
R6_reacher_046be47cf7ed9869cb27531c,REFIT_103202,R4_ALT_CEM_1,REAL3_NULLACT,COMPLETE,0,True,True,d297fe7856cd73cfdcc3548670ef3b1ef0697ec63eabf42d62cbc47a7de6709f,a717ec97403dce2a0f01a503f836a13b87710414279a3979b4a4315f39f31e1b
R6_reacher_046be47cf7ed9869cb27531c,REFIT_103202,R4_ALT_CEM_1,REPEAT3_REALACT,COMPLETE,1,True,True,d4d33d476426cf7da30a0d7b2c6cdad2eccc918f2099fbbe2260fdeee5b46873,f22112e0d8e7ed1b94101a010c7d3db2f71234f5d077b82bf510f25b5b83f0c5
R6_reacher_046be47cf7ed9869cb27531c,REFIT_103202,R4_ALT_CEM_2,H_POLICY,FRESH_PAIRED_CONTROL,1,False,,7d5d32b0b84038dee62ce2c561120413b1a2b513aa87eb608d0b4eccdbccdd4c,
R6_reacher_046be47cf7ed9869cb27531c,REFIT_103202,R4_ALT_CEM_2,REAL3_NULLACT,COMPLETE,1,False,True,a231e42048545af09bf8a9e6c81cc37e22bb7c1d2d9a794c9abaf235f2838cae,7ed13381917bc4b48c3f6cea0f812454a5f8a85fc7bdc878fb349063b403c61e
R6_reacher_046be47cf7ed9869cb27531c,REFIT_103202,R4_ALT_CEM_2,REPEAT3_REALACT,COMPLETE,1,False,True,e6dfbcceb1011f3f09d4d1873725049b6812b752bd5e9fb89ad5d0c8f017130b,7ed13381917bc4b48c3f6cea0f812454a5f8a85fc7bdc878fb349063b403c61e
R6_reacher_046be47cf7ed9869cb27531c,REFIT_103203,R3_ORIGINAL,H_POLICY,FRESH_PAIRED_CONTROL,1,True,,cdfc5b047bdc09d61948a04c8d59d5d02cbff6050d1bc8f8375a171351e3c8b2,
R6_reacher_046be47cf7ed9869cb27531c,REFIT_103203,R3_ORIGINAL,REAL3_NULLACT,COMPLETE,1,True,True,920ef0005039cde5ee2ba6a12ff9a7e3e510b6df28faa6ec0c2e0c38aed4bbd9,4a209e7cae42344e2518f756c910eeb7b6fd34aba8e4f21891027319a5ee146a
R6_reacher_046be47cf7ed9869cb27531c,REFIT_103203,R3_ORIGINAL,REPEAT3_REALACT,COMPLETE,1,True,True,0f44d3799379e0d7e300545572e7661e3f7917f34f68c4a1b1281d281241903f,30aedccdbc7b794e268e0c916d6c1d6cf031fbd62d8402fee32818ea3f279a87
R6_reacher_046be47cf7ed9869cb27531c,REFIT_103203,R4_ALT_CEM_1,H_POLICY,FRESH_PAIRED_CONTROL,1,True,,15e8a72c535cc1ab9f9d2ecb559cd68f3dbb4acd57696d4085d77b65fe80d826,
R6_reacher_046be47cf7ed9869cb27531c,REFIT_103203,R4_ALT_CEM_1,REAL3_NULLACT,COMPLETE,1,True,True,4a9bca38c3957f37c2bc0f5a3f8b902922d48ef324c18d92e89986c30d064a52,eed433276819e89ec6906a05ce91b956a6eb3e7a2bacfd9cae990ede55f0384e
R6_reacher_046be47cf7ed9869cb27531c,REFIT_103203,R4_ALT_CEM_1,REPEAT3_REALACT,COMPLETE,1,True,True,9a9dc92eb941264f6337f54f6405bb28b16f181b1278765aa5f6b4789d1ab624,1153f1d43aeb7003ef82601c1b1cc9766bb5a04236fb8828f5c83c86627665f2
R6_reacher_046be47cf7ed9869cb27531c,REFIT_103203,R4_ALT_CEM_2,H_POLICY,FRESH_PAIRED_CONTROL,1,False,,74ada3d7d5285d6c13f031c3dfe70994ad14b53d4ae4fe6d92f2a51eb3efbed4,
R6_reacher_046be47cf7ed9869cb27531c,REFIT_103203,R4_ALT_CEM_2,REAL3_NULLACT,COMPLETE,1,False,True,312dec20855506a5c224173107fde2e9594ebfebb819f6c9ef1a74303c2dab21,59418d59ec1ec62d58572cbc793f83226e3e06eae21c6da7b5def0722610b975
R6_reacher_046be47cf7ed9869cb27531c,REFIT_103203,R4_ALT_CEM_2,REPEAT3_REALACT,COMPLETE,1,False,True,c715e356f4fb8df253d7ebb86adb1c9422e85a204db1b8615470a95b54a80025,59418d59ec1ec62d58572cbc793f83226e3e06eae21c6da7b5def0722610b975
R6_reacher_048302dc4ec9c121421618eb,H0,R3_ORIGINAL,H_POLICY,FRESH_PAIRED_CONTROL,1,True,,856c88a5ac14ecc91c27561dc21a6535eafb032f976e0eba6ac7bfcd5850574e,
R6_reacher_048302dc4ec9c121421618eb,H0,R3_ORIGINAL,REAL3_NULLACT,COMPLETE,1,True,True,c0eebf4bd848383e87320be54c4ee1a5184ef6630526790935d51a85718654be,ae1020664437e724297ddf4afbaf2480be18228f266eda8b92d75f81c3cf1e3c
R6_reacher_048302dc4ec9c121421618eb,H0,R3_ORIGINAL,REPEAT3_REALACT,COMPLETE,0,True,True,23e7512d772435c1ad3d098036a1d240d87f7eef419cad1af05e8468d0027f37,0528c1566f49187fc568845b39e3b401aeeaa3929267b5407a1aaf8ceb87bea8
R6_reacher_048302dc4ec9c121421618eb,H0,R4_ALT_CEM_1,H_POLICY,FRESH_PAIRED_CONTROL,1,True,,c76f162c609096fd126b7543df6cd665d0e6ffbe1d2bf5412b88051b1139fd4f,
R6_reacher_048302dc4ec9c121421618eb,H0,R4_ALT_CEM_1,REAL3_NULLACT,COMPLETE,1,True,True,9774ed7c676996ed604e396e44ffbc159d117e7a35e9c85d9ab8e9ae78bee989,dcd99a36d0c7a5973dbf9bf9eb7741862f4ca8d6e5f960099b70d281fb2ce454
R6_reacher_048302dc4ec9c121421618eb,H0,R4_ALT_CEM_1,REPEAT3_REALACT,COMPLETE,1,True,True,4923f806d843148882eb85bd2a150e223c9fe48b5e93d70d8d79e0e9522108a5,488e414adc275e75252d6c727a61bed5c176c76b7b93cec806f0378105da128e
R6_reacher_048302dc4ec9c121421618eb,H0,R4_ALT_CEM_2,H_POLICY,FRESH_PAIRED_CONTROL,0,True,,406568d230a783594886b5282738e182ed00d8d2b73a808d3d4d3dbeaace97ab,
R6_reacher_048302dc4ec9c121421618eb,H0,R4_ALT_CEM_2,REAL3_NULLACT,COMPLETE,0,True,True,b88feab348c8000a360afa736080ceda69ecb0c69562124b1bacc7e25b6a3964,35db4e88f015a6135b3584d65ff2febfceaacb73ac3dec8b4fcdece44d03d3f2
R6_reacher_048302dc4ec9c121421618eb,H0,R4_ALT_CEM_2,REPEAT3_REALACT,COMPLETE,0,True,True,4eee4ba71e61e44a873f110d69b0fb6c1eb07202ebd6e64e27c06adaa63a6eb6,c1e1fb823ea72c0f3ed4b983d3814b83cf19e99b32a1293e7df7add91b8f5d8d
R6_reacher_048302dc4ec9c121421618eb,REFIT_103201,R3_ORIGINAL,H_POLICY,FRESH_PAIRED_CONTROL,1,True,,dde68a77acdc6814c21fb3dc1e8b123ed1e8dab23ed43a4733c1cd7e3557b843,
R6_reacher_048302dc4ec9c121421618eb,REFIT_103201,R3_ORIGINAL,REAL3_NULLACT,COMPLETE,1,True,True,74deb3dbf6c1ef9aa8054e8250ae2198d13693b3d91355292af3e26c4cc1f7b1,1f093676c65eb4e694c267745f28c37b33fd6c64501dac758b6a590689f9056b
R6_reacher_048302dc4ec9c121421618eb,REFIT_103201,R3_ORIGINAL,REPEAT3_REALACT,COMPLETE,1,True,True,239923aaad6edadd89585e0297430090e3ead352ee8d1e458eeaf3637a42a161,c7e0e1318d89203214677984ecb9f3a39eb348896a683a7b986a70bf52a85f5a
R6_reacher_048302dc4ec9c121421618eb,REFIT_103201,R4_ALT_CEM_1,H_POLICY,FRESH_PAIRED_CONTROL,1,False,,45b14f54e4dca54e869aa5cbad20fe6d74365065f700abe00757cbb976d03c3b,
R6_reacher_048302dc4ec9c121421618eb,REFIT_103201,R4_ALT_CEM_1,REAL3_NULLACT,COMPLETE,1,False,True,83595f4101052fa48622cc33877e292a39e1ac601c7d305461bbf83672e1bdd0,bcf11b7f3a2a585a1b0df82f7f7e06d3d620cec3ac3cc4a477ae6bb4b89d3966
R6_reacher_048302dc4ec9c121421618eb,REFIT_103201,R4_ALT_CEM_1,REPEAT3_REALACT,COMPLETE,1,False,True,b3be33c774cd77868503ee51fd3cbeb44acc42427ee1ff85de9a36230f2cb118,bcf11b7f3a2a585a1b0df82f7f7e06d3d620cec3ac3cc4a477ae6bb4b89d3966
R6_reacher_048302dc4ec9c121421618eb,REFIT_103201,R4_ALT_CEM_2,H_POLICY,FRESH_PAIRED_CONTROL,1,True,,3941896da1507343d29d97df3cb640942d33cda8ff188219575d2373f770b4d2,
R6_reacher_048302dc4ec9c121421618eb,REFIT_103201,R4_ALT_CEM_2,REAL3_NULLACT,COMPLETE,0,True,True,e473705e5734c176a2b2cfdc568c52118e065a27bad8a1bd3cbaf82c493c2a55,fb8ef478dec611ab0bc22fd0ba7b6fdd7ffb6913298d2cea0fe218da4bd4c019
R6_reacher_048302dc4ec9c121421618eb,REFIT_103201,R4_ALT_CEM_2,REPEAT3_REALACT,COMPLETE,1,True,True,b3c231af031b3955e3798318d5290e23124d95f2f0149b82eeea08c4b7af9300,31a94e83af33376e27045ff701d930f53ff71fd24fbb23fa2db48ff6d4a0000a
R6_reacher_048302dc4ec9c121421618eb,REFIT_103202,R3_ORIGINAL,H_POLICY,FRESH_PAIRED_CONTROL,1,True,,2a7c1d4127d829193c8e3e66145b805bf25741a5560d02435579c3a35702b967,
R6_reacher_048302dc4ec9c121421618eb,REFIT_103202,R3_ORIGINAL,REAL3_NULLACT,COMPLETE,1,True,True,d0e7ec76087f20b6be8cacf86c7c61c9f50aca66b7c6a690a64eda0cf0bc2f2e,7ff0a58cbacc0d82f232acf312a14faf8250f6d64eaea58a39e5864788f1e6e4
R6_reacher_048302dc4ec9c121421618eb,REFIT_103202,R3_ORIGINAL,REPEAT3_REALACT,COMPLETE,1,True,True,b9d13ef93860154e5453ddbd567d3a7672465a100dc73efbdaaba8308ad58b2e,2b244b5e26bec4bae68ab89e01eec79b91d4f15f51f881106141a7b31e2a5431
R6_reacher_048302dc4ec9c121421618eb,REFIT_103202,R4_ALT_CEM_1,H_POLICY,FRESH_PAIRED_CONTROL,0,True,,bc35353f5a063313bf465f862c0904f664f5f4ee9ceedb2923af4a85ddfa425a,
R6_reacher_048302dc4ec9c121421618eb,REFIT_103202,R4_ALT_CEM_1,REAL3_NULLACT,COMPLETE,0,True,True,842980f6dc30b137bb618152097cd4a0b24204681828f7f12be17cbce6d44660,953554c8040ebc13a42275d98b44e4490cefa48bdf6a5c8bcc23ade37fd3e84e
R6_reacher_048302dc4ec9c121421618eb,REFIT_103202,R4_ALT_CEM_1,REPEAT3_REALACT,COMPLETE,0,True,True,532940fa268137a1a23cbe6eaad79d4cac8f369fcc8be31a24187a7ebbb6b43c,29923d305010bdef23a150b36b14b4df8d8090f41d0bf7ab26f4bfb3d64dae59
R6_reacher_048302dc4ec9c121421618eb,REFIT_103202,R4_ALT_CEM_2,H_POLICY,FRESH_PAIRED_CONTROL,1,True,,1fac437e6f7a78d07b0d77172846ffa6ecbd605c3dcf74d1e46000da19d7bac9,
R6_reacher_048302dc4ec9c121421618eb,REFIT_103202,R4_ALT_CEM_2,REAL3_NULLACT,COMPLETE,1,True,True,5af0fc80f177cb7a36d7f9d3c684ae00e159def5ae317de9f218b9eba852671e,4186ec34dd5ba8a2a4ae4d76250b34b1a212cc34e94e1c6405790b9aba651684
R6_reacher_048302dc4ec9c121421618eb,REFIT_103202,R4_ALT_CEM_2,REPEAT3_REALACT,COMPLETE,1,True,True,fe7db7da4e85f80c5b10f46742de408a4deef90b86a8c5341eda1f23610c7625,0bc51705f658d128ee243017fc1edfd501bf5b3701c8f24fdd1c00610d3a6ceb
R6_reacher_048302dc4ec9c121421618eb,REFIT_103203,R3_ORIGINAL,H_POLICY,FRESH_PAIRED_CONTROL,1,True,,0779d1bea79450cd54615ed0ecba4bb5144e01d5bd12601325ad920d6a6cf809,
R6_reacher_048302dc4ec9c121421618eb,REFIT_103203,R3_ORIGINAL,REAL3_NULLACT,COMPLETE,1,True,True,2d9b64d3bc5db5bfdf84bd3062fe8768922095d555b8dc53d27311550da016ee,04c05f526f350584f506569609b53d58b7d7882c4a693d2e99fee2fa92e3d8bd
R6_reacher_048302dc4ec9c121421618eb,REFIT_103203,R3_ORIGINAL,REPEAT3_REALACT,COMPLETE,1,True,True,7ab08382f86a00a560f4e9f9ddc9367ff92e6c8748ab0eef8ba7c774a1b60cb2,a46ebb2ffe9cf1f108712898b73bd56f8d2616796e544ebb9bf9c2684a3edf89
R6_reacher_048302dc4ec9c121421618eb,REFIT_103203,R4_ALT_CEM_1,H_POLICY,FRESH_PAIRED_CONTROL,0,True,,8bb971d52a2a8fb611bfe8f14d8914de77d1ee0a357ed1270faec7b97add99cf,
R6_reacher_048302dc4ec9c121421618eb,REFIT_103203,R4_ALT_CEM_1,REAL3_NULLACT,COMPLETE,1,True,True,783fdd0345a54a249c67c9407d5424a49c43a5dc0b4a16ecd97cbb30c4915ccd,e7b0b7eaf8a2f8b421b1946d90dcefc0abbd134d59945002fa3ff3d8486a99a3
R6_reacher_048302dc4ec9c121421618eb,REFIT_103203,R4_ALT_CEM_1,REPEAT3_REALACT,COMPLETE,1,True,True,75a42ab2b7a636cdcb225927594a9109a62b58c853b16467f406542f6b597504,1659de1a622b47706bf51d57ff5bb9afc84a1d42eec762c894a07fac99218acf
R6_reacher_048302dc4ec9c121421618eb,REFIT_103203,R4_ALT_CEM_2,H_POLICY,FRESH_PAIRED_CONTROL,1,True,,cc360afa48b9d231aa0047975e9fcd328b7802ae8b07dc4aea581f5eff3050d9,
R6_reacher_048302dc4ec9c121421618eb,REFIT_103203,R4_ALT_CEM_2,REAL3_NULLACT,COMPLETE,0,True,True,12d25280ff735f14366deeeecc79b8a312b89b90b3277fd8a42778e0b5f49845,14d96f4db7a47709c08ce2e29f2587bb3f150ddd8ca0264756e1f00029e702d9
R6_reacher_048302dc4ec9c121421618eb,REFIT_103203,R4_ALT_CEM_2,REPEAT3_REALACT,COMPLETE,1,True,True,81635cbd3ad3acbd3fba58f28ed57da59bcec9ec1d29a6cefef65e1e873696af,418bf1d2e3edbceaad998bfa550fc6e7ccd875aaf833860508a62234b8d1bda9
R6_reacher_048aa37b1e1d985113bcef99,H0,R3_ORIGINAL,H_POLICY,FRESH_PAIRED_CONTROL,1,True,,ccf7eb4e81bbd4df980d33a7e7d77493fa99b1fe4d1f12868156f5b79092c80f,
R6_reacher_048aa37b1e1d985113bcef99,H0,R3_ORIGINAL,REAL3_NULLACT,COMPLETE,1,True,True,044ab63cbd1eacbcd9374964f2f9ba000d5f36f8532c1b1db7945ca42242f337,e6083ffcda5ecc7ea05757fbd1f8cb5d15ef3c72a2514b98f9c051957c7cc325
R6_reacher_048aa37b1e1d985113bcef99,H0,R3_ORIGINAL,REPEAT3_REALACT,COMPLETE,1,True,True,582b166c4d8deb108e5a6ad2a4128a9758f381ee37563f27fc92d96f358705b8,41b8f0f84a6cbf904f905343a64824f43174f2334f147ac533b98f81a6d47654
R6_reacher_048aa37b1e1d985113bcef99,H0,R4_ALT_CEM_1,H_POLICY,FRESH_PAIRED_CONTROL,1,True,,5c7eb21c25d64ceec3c109e9b7b2d796708db2b84c0f16cfdd2a60ad39981abb,
R6_reacher_048aa37b1e1d985113bcef99,H0,R4_ALT_CEM_1,REAL3_NULLACT,COMPLETE,0,True,True,82c0ec00451e62cb37597a7fafc6b7ed40b0053bdf126b739e9302ccebd698f3,15324b7af7dbe797280a0652eaeb79aca14ffd73d1f9b40736d8b630ca073727
R6_reacher_048aa37b1e1d985113bcef99,H0,R4_ALT_CEM_1,REPEAT3_REALACT,COMPLETE,1,True,True,7288e8711b821de19f67cfcbbbd5bfc18a92b20a092d1547d0b672377acdd4af,a61fb2e70c701d4418879aa11356a981975a26ed8b0643c91dcab8549a48a137
R6_reacher_048aa37b1e1d985113bcef99,H0,R4_ALT_CEM_2,H_POLICY,FRESH_PAIRED_CONTROL,1,True,,a6406738cc350ce2ea08843ddc67431d03df0c53a136aa9f85b10da7d17d8780,
R6_reacher_048aa37b1e1d985113bcef99,H0,R4_ALT_CEM_2,REAL3_NULLACT,COMPLETE,1,True,True,a801e067e0c42ddd847fbb56442ab262f43d6179b542ccfcbbc318439653a13d,3e9c88e0f4d1f2b7945de27ca843d596081adc34c67a3190931a01db5f9566e7
R6_reacher_048aa37b1e1d985113bcef99,H0,R4_ALT_CEM_2,REPEAT3_REALACT,COMPLETE,1,True,True,f20a7762e2a03a866ca9a9ef3c0aae0d294a0c0ebda6170e42f05368e17b8616,a4324f7ea94003582e256926c10dc34166dd8bb77abff007c4e8c18a3b79a6f4
R6_reacher_048aa37b1e1d985113bcef99,REFIT_103201,R3_ORIGINAL,H_POLICY,FRESH_PAIRED_CONTROL,0,True,,0df255cf18c3dfff3f6a62636d5ddb9d405ad9a232791f230ea167ea4c1918bf,
R6_reacher_048aa37b1e1d985113bcef99,REFIT_103201,R3_ORIGINAL,REAL3_NULLACT,COMPLETE,0,True,True,04ad5300d50c0463835710ca1adf9227f246d25a9fcef2e091d72e468c876ea6,6564a81a41f4f9e5b19c25574ceecc710489a496d142975ce7a9a46a506e28fc
R6_reacher_048aa37b1e1d985113bcef99,REFIT_103201,R3_ORIGINAL,REPEAT3_REALACT,COMPLETE,1,True,True,bb62af2d9cdd12ff05c11e4d71a9591d6bd48b38c29ee48a1c14f4ebe9aeafdb,361fc67e9ca80d7ea0fe9ae08a570ee87233928d123369ce4b75fedb2b386ea2
R6_reacher_048aa37b1e1d985113bcef99,REFIT_103201,R4_ALT_CEM_1,H_POLICY,FRESH_PAIRED_CONTROL,1,True,,293806a39602fd9ebfbdd3b5ba3b72ef5914a69c55098d94c0f9a5c013bf84f9,
R6_reacher_048aa37b1e1d985113bcef99,REFIT_103201,R4_ALT_CEM_1,REAL3_NULLACT,COMPLETE,0,True,True,78f25246f488a051594c717336b3b59d75902eb840d903bd9754fdaba649c3e5,686372dc8ad2695027911d2cb01872be3991d8c309e15a458050efcfd68ce918
R6_reacher_048aa37b1e1d985113bcef99,REFIT_103201,R4_ALT_CEM_1,REPEAT3_REALACT,COMPLETE,1,True,True,c7dd19a1683cda991ab0d45d51ce7aaf3e7d4ab3dd1a6c91cbed68a07979f923,0482da36e1a6ec3f5eff22e045d9f85a7ab40af8a0b3b3a693f135e15a21d18e
R6_reacher_048aa37b1e1d985113bcef99,REFIT_103201,R4_ALT_CEM_2,H_POLICY,FRESH_PAIRED_CONTROL,0,True,,f6e90e3753304f4fd3beca7f7eac1d007a6ccba4df48dd9e7551ecd0a7210614,
R6_reacher_048aa37b1e1d985113bcef99,REFIT_103201,R4_ALT_CEM_2,REAL3_NULLACT,COMPLETE,0,True,True,b6c5c46f4a17f36def329c70e1e80255bc87e633be0f48bd3d0cff0d81536f75,033c328c2f96036cf3f0a9d991ac39da5c287f3bb0d1b1644d3054901eec4a33
R6_reacher_048aa37b1e1d985113bcef99,REFIT_103201,R4_ALT_CEM_2,REPEAT3_REALACT,COMPLETE,0,True,True,b09b6e378aab807c40ea5a6b38dcec0aee0584eb6d02f21037505a010b70464a,e092958f2a2197d0cd8103bf571b1ba6a33ab4614da0e87e9290aba4627aeecc
R6_reacher_048aa37b1e1d985113bcef99,REFIT_103202,R3_ORIGINAL,H_POLICY,FRESH_PAIRED_CONTROL,0,True,,866ae0718a90062646ec9cb142557bd927a298dbae1127d95c856ba3c4d18c45,
R6_reacher_048aa37b1e1d985113bcef99,REFIT_103202,R3_ORIGINAL,REAL3_NULLACT,COMPLETE,0,True,True,5b95f9342e0fd9f5b3c853f1c101657ee09851a0236615d7723e34a18c6c296a,91cb825bef68d4227c1b13c97b913602627847ff4593ea028e1af039ef8ee0ae
R6_reacher_048aa37b1e1d985113bcef99,REFIT_103202,R3_ORIGINAL,REPEAT3_REALACT,COMPLETE,1,True,True,cef56fce42bfd4e60a0665f6489f46d90aecfb155564c4ac9ed30a092aa8425d,78f97011118fd5b971bca5f827573568406935781d8261ed9e3ac18476fd9df0
R6_reacher_048aa37b1e1d985113bcef99,REFIT_103202,R4_ALT_CEM_1,H_POLICY,FRESH_PAIRED_CONTROL,1,False,,50506f08d0fbce5963dfa4486255dad36c5f7306401803df5d218ed8647e4486,
R6_reacher_048aa37b1e1d985113bcef99,REFIT_103202,R4_ALT_CEM_1,REAL3_NULLACT,COMPLETE,1,False,True,62c023d7545818205a3fd30101a7c6b596386fc57d53e054c2566af15d981c72,4c3e62f1251325106a8258c52d661e641d27ff3fd4727b8fff058a4ee7f3b373
R6_reacher_048aa37b1e1d985113bcef99,REFIT_103202,R4_ALT_CEM_1,REPEAT3_REALACT,COMPLETE,1,False,True,086a77ffb06150150baba7f8c057da5eb3753194f004e225b847779253e28532,4c3e62f1251325106a8258c52d661e641d27ff3fd4727b8fff058a4ee7f3b373
R6_reacher_048aa37b1e1d985113bcef99,REFIT_103202,R4_ALT_CEM_2,H_POLICY,FRESH_PAIRED_CONTROL,0,True,,896f21b38b626b4f2b37921fbcb7e7b9cb61e84d36651de2e4689724c852bf53,
R6_reacher_048aa37b1e1d985113bcef99,REFIT_103202,R4_ALT_CEM_2,REAL3_NULLACT,COMPLETE,0,True,True,13ef3fe17f616eedcc89e93f25d198c49227eb100e5290ab00c6c0841776e21f,99fa136cc78a21f41df7819b31ce53495fb1356d726b58c0d3650cf4384da3e8
R6_reacher_048aa37b1e1d985113bcef99,REFIT_103202,R4_ALT_CEM_2,REPEAT3_REALACT,COMPLETE,0,True,True,fe52954849265c98595e587bc35985edd3dde29b27d2683be63c811833ee2cd7,4e3287f7fb4ea0ec249f3fdae194caccd56101f800e4c413803c32137a59abfe
R6_reacher_048aa37b1e1d985113bcef99,REFIT_103203,R3_ORIGINAL,H_POLICY,FRESH_PAIRED_CONTROL,0,True,,8d1ec61f526ebe6680786eeb1a7f99cd77731d16ba07acd54e95a0d140e23475,
R6_reacher_048aa37b1e1d985113bcef99,REFIT_103203,R3_ORIGINAL,REAL3_NULLACT,COMPLETE,0,True,True,a55fd064f6fabdbb881884f36713e769ae114e391b2d867b12c5fa985b903209,9b7da1b9866c76e733164b95ca70e671048d3a79782acb7d5b4552e2504b5cf8
R6_reacher_048aa37b1e1d985113bcef99,REFIT_103203,R3_ORIGINAL,REPEAT3_REALACT,COMPLETE,1,True,True,73d1d0a9345d5cac419faf57383648468896f583076f393fda71fc492259ffe6,2c1e0549a98ca9e71d89bff0ba607f5911334a15e4f85aebaeacaed20fa6fd1c
R6_reacher_048aa37b1e1d985113bcef99,REFIT_103203,R4_ALT_CEM_1,H_POLICY,FRESH_PAIRED_CONTROL,1,False,,8df3be268871dd3182d586aee8664d05c1a0da54de30956ac9070f044da3b29f,
R6_reacher_048aa37b1e1d985113bcef99,REFIT_103203,R4_ALT_CEM_1,REAL3_NULLACT,COMPLETE,1,False,True,5159c5629dc5c51893265e650e27cc8b05ace41b4b86b644daa815015e038abd,2a601b4184ff71a6fd80c32dcf312e909ea6c18cc527969a345f04b7bad07a48
R6_reacher_048aa37b1e1d985113bcef99,REFIT_103203,R4_ALT_CEM_1,REPEAT3_REALACT,COMPLETE,1,False,True,267ba6bf439c62e102ddfcdd4a6797c3cc600fd50674a6c6df53312e11d33667,2a601b4184ff71a6fd80c32dcf312e909ea6c18cc527969a345f04b7bad07a48
R6_reacher_048aa37b1e1d985113bcef99,REFIT_103203,R4_ALT_CEM_2,H_POLICY,FRESH_PAIRED_CONTROL,0,True,,81621d4c5c753a824a42f72b98f70ecdc890c6555e95f7e3c9b2070f5b44952d,
R6_reacher_048aa37b1e1d985113bcef99,REFIT_103203,R4_ALT_CEM_2,REAL3_NULLACT,COMPLETE,0,True,True,da327a1915559f20b32f53cd324b03018345a137bd562cc63d8cdb6dcaf14de6,e7eb4f851ef463399afcd3207c679576825c9e01df7cc71ce2bde637339691cc
R6_reacher_048aa37b1e1d985113bcef99,REFIT_103203,R4_ALT_CEM_2,REPEAT3_REALACT,COMPLETE,0,True,True,e891dd6c721ce395f3921c46cac8efe28ec5be3ad69ccf84033f1bbf9f4d674f,7e6266e86d25c4b0e4aef0abfd81e7d2ba488626b211b3f1b86629a126eb88f0
R6_reacher_04bca313072e5fd5c88146b6,H0,R3_ORIGINAL,H_POLICY,FRESH_PAIRED_CONTROL,0,True,,b129aeeaa12b99a493e2faabca2ece9398bbdaffd445152701aa6915abe7bd24,
R6_reacher_04bca313072e5fd5c88146b6,H0,R3_ORIGINAL,REAL3_NULLACT,COMPLETE,1,True,True,053ddcec235b53e9271c42af2eabb18d93e4172756f5ef3514dd6c8e1e763ae2,e0aa92a873b018feb2cacf12980367f2327ec21b4f305752bacf4e4db247db9f
R6_reacher_04bca313072e5fd5c88146b6,H0,R3_ORIGINAL,REPEAT3_REALACT,COMPLETE,0,True,True,789083bfb719617ca77870a99949e6b71a0a2e8e478594c7ac6bf5290a385420,e90cc9993764d09219a713b7af8188a435f7453b1c156dd465611725cbba2a2d
R6_reacher_04bca313072e5fd5c88146b6,H0,R4_ALT_CEM_1,H_POLICY,FRESH_PAIRED_CONTROL,1,False,,dbb02c395549d0ec42afc6ca49ea10eaff686c93161632021db029612de44d89,
R6_reacher_04bca313072e5fd5c88146b6,H0,R4_ALT_CEM_1,REAL3_NULLACT,COMPLETE,1,False,True,f4449ac2ba52282dba3f30eb0e544689faf9b33da53b3f2a0b69293cc8fab534,287f43ab70867fefb2bba941db9c24b096b846ac84c45513e2869b77200e555d
R6_reacher_04bca313072e5fd5c88146b6,H0,R4_ALT_CEM_1,REPEAT3_REALACT,COMPLETE,1,False,True,9b5791084a083f2b779e7e6fefe03a13486ac9945c11c7a79abb6aa1d51c08c4,287f43ab70867fefb2bba941db9c24b096b846ac84c45513e2869b77200e555d
R6_reacher_04bca313072e5fd5c88146b6,H0,R4_ALT_CEM_2,H_POLICY,FRESH_PAIRED_CONTROL,1,True,,b0458fb2174f38b2a7421a76ed9ef7d233a82b70bba5e57a49f1431aec57f2bd,
R6_reacher_04bca313072e5fd5c88146b6,H0,R4_ALT_CEM_2,REAL3_NULLACT,COMPLETE,1,True,True,97591ae36cfcbc580847cb7d1d94c9642f67e3e46eccb0d430ef3e0269067ee8,e2500f6260e67fe36a1e83408d1f4d262236afbf337fb48ea83c03f2ac6fac39
R6_reacher_04bca313072e5fd5c88146b6,H0,R4_ALT_CEM_2,REPEAT3_REALACT,COMPLETE,1,True,True,4dfe210f39c4b978f8402469857b8288b179fcb823b4c6df69e01cc11d44d03f,09a8350b004bdc03b0c1cdb8f640ae5b7c86eac68a23c1cbad3049a96d67a58c
R6_reacher_04bca313072e5fd5c88146b6,REFIT_103201,R3_ORIGINAL,H_POLICY,FRESH_PAIRED_CONTROL,1,True,,4f8c3e0426608827619d5d165211d630686b98a9cc2d6d2d45db01c2d1b409d8,
R6_reacher_04bca313072e5fd5c88146b6,REFIT_103201,R3_ORIGINAL,REAL3_NULLACT,COMPLETE,1,True,True,bf2d6072885c30134b35b42969a4809ea1faf6c7b2fe1b03d81c7df12c9f7fc8,ad0cd109b939e31c9b1be0076f5b488fb73e96a743f865663d900f96cb271f95
R6_reacher_04bca313072e5fd5c88146b6,REFIT_103201,R3_ORIGINAL,REPEAT3_REALACT,COMPLETE,1,True,True,c773e63601008917b6a23b441c04d43d761d4dfb353f3db63c0fb533f368900d,3a457dccb52a3af7a6d2e3e4fece64d0e0839de4084fd1cd0da9eb0488285b8e
R6_reacher_04bca313072e5fd5c88146b6,REFIT_103201,R4_ALT_CEM_1,H_POLICY,FRESH_PAIRED_CONTROL,1,False,,cd7a93913b0d18c95773fc65d1055eda2b548fd554e24837b0358aa54d31cce8,
R6_reacher_04bca313072e5fd5c88146b6,REFIT_103201,R4_ALT_CEM_1,REAL3_NULLACT,COMPLETE,1,False,True,38d5d7eee7a47778cf8479d88ef8bea83bcdcea4de8840a95728a9d1ceba85d0,6cf95f0b2620d1ff08f027e98e2d1dc039fd9d9ed08bbd00a9eb1c7141e1066f
R6_reacher_04bca313072e5fd5c88146b6,REFIT_103201,R4_ALT_CEM_1,REPEAT3_REALACT,COMPLETE,1,False,True,7a46cf1071aaf513edb7053a5ef504afd776ab860e31d496df63d1f91c65fd73,6cf95f0b2620d1ff08f027e98e2d1dc039fd9d9ed08bbd00a9eb1c7141e1066f
R6_reacher_04bca313072e5fd5c88146b6,REFIT_103201,R4_ALT_CEM_2,H_POLICY,FRESH_PAIRED_CONTROL,1,True,,1d0c253e275fff9940fa8483414e0e033ceba94556e1fadee846c36dcef53396,
R6_reacher_04bca313072e5fd5c88146b6,REFIT_103201,R4_ALT_CEM_2,REAL3_NULLACT,COMPLETE,1,True,True,fa70999e31c132e9f4ccf660bed8b2245af98ef107ff99d8ceea6eb930479163,44cb9c609f4e9a420634172c2ee3b927e82b57f0157f9fc36c0ed47b426820b8
R6_reacher_04bca313072e5fd5c88146b6,REFIT_103201,R4_ALT_CEM_2,REPEAT3_REALACT,COMPLETE,1,True,True,719e9e2dd8a0aafc50264735cea602cc6b03841c227a827c9e42713fdea91155,76400d6893176471bd6999b991e8175b4843a753dd0b7af4250c2f4d384953c1
R6_reacher_04bca313072e5fd5c88146b6,REFIT_103202,R3_ORIGINAL,H_POLICY,FRESH_PAIRED_CONTROL,1,True,,b22cc1fb1455b78c2a610bc93d2a662b6245d8f27839c27fdcf709fc8e9f2f9f,
R6_reacher_04bca313072e5fd5c88146b6,REFIT_103202,R3_ORIGINAL,REAL3_NULLACT,COMPLETE,1,True,True,a623fd620bd3eb8a1b75515c035ed2e9c5e05ec9bdd51980ef1628d020c3d7b0,2d4cb9fc019a11add7d539b9441a0d6a209de67f78bb96e4084dd9ebfb3de889
R6_reacher_04bca313072e5fd5c88146b6,REFIT_103202,R3_ORIGINAL,REPEAT3_REALACT,COMPLETE,0,True,True,b612829a5cfa7b338b3840b77f839164623e990b9a7f27a083e557ae83518f4b,180e13acf4ca0cd0bc074572d5c4de559cd327e7ec8cbd99fee0717339c9f51f
R6_reacher_04bca313072e5fd5c88146b6,REFIT_103202,R4_ALT_CEM_1,H_POLICY,FRESH_PAIRED_CONTROL,1,False,,31acfd6dae865f8b8c725d8b1ee1f5466072a8e1debf4414e056c4d00ae7be2a,
R6_reacher_04bca313072e5fd5c88146b6,REFIT_103202,R4_ALT_CEM_1,REAL3_NULLACT,COMPLETE,1,False,True,506064d47b8f4a7f8bacdb12b29a1210a47469e48f32ad1dfa9126ab34bd28ee,31721ecbf0981ed5898c255f11bc9c4e9b80f1fdc6a31ee3ced74e7eb4ebdb4e
R6_reacher_04bca313072e5fd5c88146b6,REFIT_103202,R4_ALT_CEM_1,REPEAT3_REALACT,COMPLETE,1,False,True,798392bf12216d37fac5cbc84211c67ee4535b6c534493df77e074199ef65a5f,31721ecbf0981ed5898c255f11bc9c4e9b80f1fdc6a31ee3ced74e7eb4ebdb4e
R6_reacher_04bca313072e5fd5c88146b6,REFIT_103202,R4_ALT_CEM_2,H_POLICY,FRESH_PAIRED_CONTROL,1,True,,b09f95aafd77e846ba7676de57f972bfc80403aedf313ecb92c55c825a996d5e,
R6_reacher_04bca313072e5fd5c88146b6,REFIT_103202,R4_ALT_CEM_2,REAL3_NULLACT,COMPLETE,1,True,True,f5b2a9216845e42b181d9bd64d0a808a246cc8e4125efe27cf6238dc8241ff03,440d88d2e9ad73dcaafe568a8dd34a7dde6140a72ec29c4aa55009a51345dafa
R6_reacher_04bca313072e5fd5c88146b6,REFIT_103202,R4_ALT_CEM_2,REPEAT3_REALACT,COMPLETE,1,True,True,2d8786cfe9c9019ec41db90f79290ff313e471d6a37b121bc92b26b7d039a04b,f741bb1876ec3a698df8eecc7cb5566efa1e923b4cc12109af0fbe7f4a735698
R6_reacher_04bca313072e5fd5c88146b6,REFIT_103203,R3_ORIGINAL,H_POLICY,FRESH_PAIRED_CONTROL,0,True,,bf67d6e185e414d489688b1087f07a700d8772cce126620952339270e68d5d78,
R6_reacher_04bca313072e5fd5c88146b6,REFIT_103203,R3_ORIGINAL,REAL3_NULLACT,COMPLETE,0,True,True,697520d0a9fd8901e4c61df6a3bfe55957f99354fcc85b1a4aa27e464cb601ce,26f872eeacde40810d10452ac7beaea2ffe2ca512d9a7eeafb8e70fee1e21246
R6_reacher_04bca313072e5fd5c88146b6,REFIT_103203,R3_ORIGINAL,REPEAT3_REALACT,COMPLETE,1,True,True,fa1669ff2c0b49c47abef972e900e310f271048d67c63de18e27099d85facda6,b785690b4f6573857ac81e22fe6f1e830aa305429b1f2baf6bdf6773bf0a44dd
R6_reacher_04bca313072e5fd5c88146b6,REFIT_103203,R4_ALT_CEM_1,H_POLICY,FRESH_PAIRED_CONTROL,1,False,,b9cdf637ca2ebb9f01f04959e0819698fb69a7ddb28a7ec82aa2121ce35e6df3,
R6_reacher_04bca313072e5fd5c88146b6,REFIT_103203,R4_ALT_CEM_1,REAL3_NULLACT,COMPLETE,1,False,True,a92e328755d03c018695f329537798b451b00002d53279b99525f15061c82f8e,a877e56c4d71eaed604782f791d3ab8ecd7d6b85af6c35a464690041cbdcae17
R6_reacher_04bca313072e5fd5c88146b6,REFIT_103203,R4_ALT_CEM_1,REPEAT3_REALACT,COMPLETE,1,False,True,4cf9722a261e407fbf0e5335082ddfc7da2344b0bd2c5d443c69952f9423897e,a877e56c4d71eaed604782f791d3ab8ecd7d6b85af6c35a464690041cbdcae17
R6_reacher_04bca313072e5fd5c88146b6,REFIT_103203,R4_ALT_CEM_2,H_POLICY,FRESH_PAIRED_CONTROL,1,True,,ac7d710ced0d51f78f6a49ee5e692e868250f97b15ee96e0d4a3e191bd4bd9b5,
R6_reacher_04bca313072e5fd5c88146b6,REFIT_103203,R4_ALT_CEM_2,REAL3_NULLACT,COMPLETE,1,True,True,737f6b73c03462e3d1677e8b5c650b214396cbd1e18a6816992288bc7dbdea60,ed355a7d7d13f6ae03ab7f027d65726440a0b9d40c7ebb1ab9862b98d10bb3df
R6_reacher_04bca313072e5fd5c88146b6,REFIT_103203,R4_ALT_CEM_2,REPEAT3_REALACT,COMPLETE,1,True,True,b644992da5a634ad98d42f0b9c29e63647ef2b08264536600f4c2a95b376ecb1,5ed18fbdbbb532c4096f859629a0f6b955f0b5baa373db39e28b2180e2dc3fed
R6_reacher_04d10f6b3e3067ae5a06d677,H0,R3_ORIGINAL,H_POLICY,FRESH_PAIRED_CONTROL,1,True,,92ac268158561519e38896a6aaf4ec68f63938a7c99813342b1a55f65a96b02a,
R6_reacher_04d10f6b3e3067ae5a06d677,H0,R3_ORIGINAL,REAL3_NULLACT,COMPLETE,1,True,True,9bf4b7134955989ec1c541f85b1362124974d755045731a1a565c1daf6a2f9fd,af5752b9091394d03d7a3e6c8cb1084353c8cc92965d662e206a46c8c5424711
R6_reacher_04d10f6b3e3067ae5a06d677,H0,R3_ORIGINAL,REPEAT3_REALACT,COMPLETE,1,True,True,eae1f87765308ffeeaa0ee4670828e10fbc71c6d48e3b73555ef8a82326ae3fb,c1685b140d61a31e962710d2e858970882caaf8c27e71458a12611e362e17b5d
R6_reacher_04d10f6b3e3067ae5a06d677,H0,R4_ALT_CEM_1,H_POLICY,FRESH_PAIRED_CONTROL,1,False,,15ec14534b8f5ab1b6e0cf03357858d698fd05b116e034e5e13c53d82de2e27a,
R6_reacher_04d10f6b3e3067ae5a06d677,H0,R4_ALT_CEM_1,REAL3_NULLACT,COMPLETE,1,False,True,e0bb5c10243f76baeb875d00901ab88e7b7f2eee3208807d1c03283e2efdfa77,392d873c6488b639756309eab52be5876c437372326275847319daae495be794
R6_reacher_04d10f6b3e3067ae5a06d677,H0,R4_ALT_CEM_1,REPEAT3_REALACT,COMPLETE,1,False,True,5a53cb00759872d31733411a496d364482acfcf21c6c201afff965c5c1a4d00c,392d873c6488b639756309eab52be5876c437372326275847319daae495be794
R6_reacher_04d10f6b3e3067ae5a06d677,H0,R4_ALT_CEM_2,H_POLICY,FRESH_PAIRED_CONTROL,1,False,,f0fdf3cc93b1b1a2b10de838f9e62d91e5fc8931dc8bca3399ed4dfe2a592b62,
R6_reacher_04d10f6b3e3067ae5a06d677,H0,R4_ALT_CEM_2,REAL3_NULLACT,COMPLETE,1,False,True,1a3ef7fd9bbb392795b91de4aec2f2122a4a364c51cd65df18c29cdb22bf9b3a,0acb61832e03a68fcae00b9e88e1368fdf14d7bde1463dfb0ae7f5383ec3aa19
R6_reacher_04d10f6b3e3067ae5a06d677,H0,R4_ALT_CEM_2,REPEAT3_REALACT,COMPLETE,1,False,True,da926fa2a9f516b74b5115cfa01b2b2e77b203a1271940de62f55b25026524e4,0acb61832e03a68fcae00b9e88e1368fdf14d7bde1463dfb0ae7f5383ec3aa19
R6_reacher_04d10f6b3e3067ae5a06d677,REFIT_103201,R3_ORIGINAL,H_POLICY,FRESH_PAIRED_CONTROL,1,True,,328f853d220ca9c99d31ac8d04f2d3f381795e430f05df95fabc1778618d2eff,
R6_reacher_04d10f6b3e3067ae5a06d677,REFIT_103201,R3_ORIGINAL,REAL3_NULLACT,COMPLETE,0,True,True,b5a5cc351a21a4cea6c57cde79091cc4588f8801207a1c75860f7f5908368214,efe7dd5fa59b5015616ddd10b543558d232a45dc0951c1de9a09c71b4cdd8d71
R6_reacher_04d10f6b3e3067ae5a06d677,REFIT_103201,R3_ORIGINAL,REPEAT3_REALACT,COMPLETE,1,True,True,77e67c3c659a72770217de312fb33ef109574c205edd80e7efbfb61c2cf84c0e,52c4d2282110a4701c1654d9b3511bf9892333400d0a618151e8e6aaf690e7dc
R6_reacher_04d10f6b3e3067ae5a06d677,REFIT_103201,R4_ALT_CEM_1,H_POLICY,FRESH_PAIRED_CONTROL,1,False,,b9b6c814fb16ecf1a749521cef21519b58e12f48daadb7e877e945d303579ff4,
R6_reacher_04d10f6b3e3067ae5a06d677,REFIT_103201,R4_ALT_CEM_1,REAL3_NULLACT,COMPLETE,1,False,True,572be60bbe656a46c197ec436951f8d311467cfd0cebd45436058db697ab78aa,2dc591883c35997af72da7cbe288950ab97dd320626789dfb2a31494fed1fb4a
R6_reacher_04d10f6b3e3067ae5a06d677,REFIT_103201,R4_ALT_CEM_1,REPEAT3_REALACT,COMPLETE,1,False,True,d3dbe416066ea186118c65bed91b6d62c9ecbacc7dc83764676fec939d8a5c26,2dc591883c35997af72da7cbe288950ab97dd320626789dfb2a31494fed1fb4a
R6_reacher_04d10f6b3e3067ae5a06d677,REFIT_103201,R4_ALT_CEM_2,H_POLICY,FRESH_PAIRED_CONTROL,1,False,,73f0f0b0123eb5b5f5eee54d3f22035810feaaac55b31050e4978927d0c2e90e,
R6_reacher_04d10f6b3e3067ae5a06d677,REFIT_103201,R4_ALT_CEM_2,REAL3_NULLACT,COMPLETE,1,False,True,673aeba7298543ff348ddf149e7ab6bbc5805b92a1f4bdd04a45f39d99d1f246,6ecc111aad86598601c7fc7f8d61e1aff894207efd8e6ff4e929fa625ec6304c
R6_reacher_04d10f6b3e3067ae5a06d677,REFIT_103201,R4_ALT_CEM_2,REPEAT3_REALACT,COMPLETE,1,False,True,b71f360f801b1c9f572c6f15d91b13183da6c812190ee61b1353720ca56c3d72,6ecc111aad86598601c7fc7f8d61e1aff894207efd8e6ff4e929fa625ec6304c
R6_reacher_04d10f6b3e3067ae5a06d677,REFIT_103202,R3_ORIGINAL,H_POLICY,FRESH_PAIRED_CONTROL,1,False,,a95ed061d14344cf9eed3fd788ae9145d5ab319a18d5f6a318287b5af53b3416,
R6_reacher_04d10f6b3e3067ae5a06d677,REFIT_103202,R3_ORIGINAL,REAL3_NULLACT,COMPLETE,1,False,True,5b102e66c2c63c20ba218fcf6bc7fd43da886328e46a9b6899d4931c531e3904,2f3c2a2cac7dd91a46d2cf0513712e18c4c6baa4675cda8c5c4e83002e26e562
R6_reacher_04d10f6b3e3067ae5a06d677,REFIT_103202,R3_ORIGINAL,REPEAT3_REALACT,COMPLETE,1,False,True,f4907e449bebb97a481be3090c49db790f302a06c530439afa4982243ae0158d,2f3c2a2cac7dd91a46d2cf0513712e18c4c6baa4675cda8c5c4e83002e26e562
R6_reacher_04d10f6b3e3067ae5a06d677,REFIT_103202,R4_ALT_CEM_1,H_POLICY,FRESH_PAIRED_CONTROL,1,False,,80516f82305c3ebf800c87bfe3ab5947d18859b35c969a08ab3700a2c8827046,
R6_reacher_04d10f6b3e3067ae5a06d677,REFIT_103202,R4_ALT_CEM_1,REAL3_NULLACT,COMPLETE,1,False,True,49ea4633ed7de49fbe58dfdbb36688d85534fd719be821a210122eeecaa5c402,f409a14e47e389a0d1ced199d9c24b9475fc8738d81245081e790e4b96032c04
R6_reacher_04d10f6b3e3067ae5a06d677,REFIT_103202,R4_ALT_CEM_1,REPEAT3_REALACT,COMPLETE,1,False,True,f569d3ec77f37b289bbc154125edc0705dff28c875d2edcbeeeb2c48103aeaa8,f409a14e47e389a0d1ced199d9c24b9475fc8738d81245081e790e4b96032c04
R6_reacher_04d10f6b3e3067ae5a06d677,REFIT_103202,R4_ALT_CEM_2,H_POLICY,FRESH_PAIRED_CONTROL,1,True,,c244f3858c7e447d443c982298cacc6dc134354350129240927899dcabba0b5b,
R6_reacher_04d10f6b3e3067ae5a06d677,REFIT_103202,R4_ALT_CEM_2,REAL3_NULLACT,COMPLETE,1,True,True,345d1b7816a703171117d1b82c421503a09711cb30edbe8104aa97c2eabc83a5,e9fba5cf68b327d0134f0a198d240de58d90f1cecdc1b7a3cc1c7ff7a362f372
R6_reacher_04d10f6b3e3067ae5a06d677,REFIT_103202,R4_ALT_CEM_2,REPEAT3_REALACT,COMPLETE,0,True,True,bd3e005d1d5c7c121b8f8c3d94ac5bc17638e4816604b0614a7fde3040214006,375a3b7520ac560124c1176b6c1284c267f988f6faa3227a98b2fa71857c9f0a
R6_reacher_04d10f6b3e3067ae5a06d677,REFIT_103203,R3_ORIGINAL,H_POLICY,FRESH_PAIRED_CONTROL,1,True,,35148ad2d4238ddb8a2c7b1b422bd3f6b42dd696b36c561df5444e63145e97eb,
R6_reacher_04d10f6b3e3067ae5a06d677,REFIT_103203,R3_ORIGINAL,REAL3_NULLACT,COMPLETE,1,True,True,b9341c1e68b6c4cae9326a3682eb67e9fc9f352b7604d011d0af4d1002d2006a,562c41340c70dae44c97c588a6238ed1eab42776b282243865f24ab1a4357784
R6_reacher_04d10f6b3e3067ae5a06d677,REFIT_103203,R3_ORIGINAL,REPEAT3_REALACT,COMPLETE,1,True,True,6434b48bd268f94b210e60c0a044f752bf0b6cd76604891b30e41845ddeb1f7a,c18279bddfbe75e2cf6378fd32822229cd0982662ea2004cbd14fdee87c8bfc9
R6_reacher_04d10f6b3e3067ae5a06d677,REFIT_103203,R4_ALT_CEM_1,H_POLICY,FRESH_PAIRED_CONTROL,1,True,,eea3e6c8a0ea8037c22756cb63148d06315621e8732e96bd897ac01ab02e79b2,
R6_reacher_04d10f6b3e3067ae5a06d677,REFIT_103203,R4_ALT_CEM_1,REAL3_NULLACT,COMPLETE,1,True,True,b83ad0d521b60682bb3b18c0dd837073a295aed541d26396dc0d1cf593ac5db1,f70d625b91f6f07a531b2ebbe7b0ad4ecbc12dd2f33e4be562e626001d622101
R6_reacher_04d10f6b3e3067ae5a06d677,REFIT_103203,R4_ALT_CEM_1,REPEAT3_REALACT,COMPLETE,1,True,True,8bb6c0d41c0e5e683be48f074882dcf32b51c04c97484093571ad236b8a5edac,9adae3aefb3d95efb4c35f3ecaca6fddfc94bef707d14b940129cf7c086e41f4
R6_reacher_04d10f6b3e3067ae5a06d677,REFIT_103203,R4_ALT_CEM_2,H_POLICY,FRESH_PAIRED_CONTROL,1,True,,1acfecf5226cdac5b2aa1672dc498314d503e93c4df6ebd312d7d88389f11e06,
R6_reacher_04d10f6b3e3067ae5a06d677,REFIT_103203,R4_ALT_CEM_2,REAL3_NULLACT,COMPLETE,1,True,True,8ea3300bd3c01ae9ecbf633668b8e5b9f684a4be34016ea797c0b8b9f2492a1e,ef9b43c9e443dfce8d8e38aea8cb8471657b3c352df2f412f6ba2d3077bff90c
R6_reacher_04d10f6b3e3067ae5a06d677,REFIT_103203,R4_ALT_CEM_2,REPEAT3_REALACT,COMPLETE,0,True,True,a03fe872026503b44042154c499904c8b94b8c9fa1397461fef068a984e7ce7e,916cef4cb443b6c0e4255ab470d0293df1cc01f878a509713ae2e10fc54b46ac
R6_reacher_05227f26cb88c6f6d6a24c57,H0,R3_ORIGINAL,H_POLICY,FRESH_PAIRED_CONTROL,1,False,,442b7dba887d62822601ef93ff5481da695c91a3f5f9c523091c984c1909e5f6,
R6_reacher_05227f26cb88c6f6d6a24c57,H0,R3_ORIGINAL,REAL3_NULLACT,COMPLETE,1,False,True,f82d8db40ef9b3f0dbd2fcd1187751ce68c6b268aaf4cf9b562b87d1fb76ab01,b6e2db8cbbe7810dccc6651872bdaf1c1fc3d2a8c49b9af7ac9c718675716e19
R6_reacher_05227f26cb88c6f6d6a24c57,H0,R3_ORIGINAL,REPEAT3_REALACT,COMPLETE,1,False,True,312fae85323e2400600c917d3eed09998d0c4896261dd05a7af297359f22e53e,b6e2db8cbbe7810dccc6651872bdaf1c1fc3d2a8c49b9af7ac9c718675716e19
R6_reacher_05227f26cb88c6f6d6a24c57,H0,R4_ALT_CEM_1,H_POLICY,FRESH_PAIRED_CONTROL,1,False,,bacb6a17820956ba11944e0fd60a4e0c054472188ad794847638c112bccb5202,
R6_reacher_05227f26cb88c6f6d6a24c57,H0,R4_ALT_CEM_1,REAL3_NULLACT,COMPLETE,1,False,True,17fb85ea14e4acee95a5adc759cf23860edbd463e364016bbb90514c2d42689c,d3f3eb6942cd2679e38119bad20e1c31ea92c7ec556cd1cd86c6229104f545d3
R6_reacher_05227f26cb88c6f6d6a24c57,H0,R4_ALT_CEM_1,REPEAT3_REALACT,COMPLETE,1,False,True,a710f2ad19ad76f151d140c87741fe71c869d9fdc66d38cdf3bf7be4a03fed5c,d3f3eb6942cd2679e38119bad20e1c31ea92c7ec556cd1cd86c6229104f545d3
R6_reacher_05227f26cb88c6f6d6a24c57,H0,R4_ALT_CEM_2,H_POLICY,FRESH_PAIRED_CONTROL,1,False,,2b0998520e4ea5797fe7faad3ac02be62d4d30601254853174afbb2eae9f29df,
R6_reacher_05227f26cb88c6f6d6a24c57,H0,R4_ALT_CEM_2,REAL3_NULLACT,COMPLETE,1,False,True,5d916c2b8cdbf1148e63d0c27ef757a921598f59f7728aecdd3aeb59469de1e2,e542bdf6bf6a3160bc6145cf212f9638a62ab53e93034408a9d3fe5dd99ccd3b
R6_reacher_05227f26cb88c6f6d6a24c57,H0,R4_ALT_CEM_2,REPEAT3_REALACT,COMPLETE,1,False,True,ab42069e36da109ec564fb170bac39f1050e43f517e7bc68b0d3c9c2b1fd4f63,e542bdf6bf6a3160bc6145cf212f9638a62ab53e93034408a9d3fe5dd99ccd3b
R6_reacher_05227f26cb88c6f6d6a24c57,REFIT_103201,R3_ORIGINAL,H_POLICY,FRESH_PAIRED_CONTROL,1,False,,6558174174672ff6eed71634503f03d187d1c186e9f793d29aa38e4fa8ffaebe,
R6_reacher_05227f26cb88c6f6d6a24c57,REFIT_103201,R3_ORIGINAL,REAL3_NULLACT,COMPLETE,1,False,True,6bbb17d1df70f6fcf6bb63c0890d75f24f0a252eade9f83d0a4199e4e01dad54,27d18c664f344381fc2b1e641d1ab2779a3298d14ff99386e30a15bd2e97d3fd
R6_reacher_05227f26cb88c6f6d6a24c57,REFIT_103201,R3_ORIGINAL,REPEAT3_REALACT,COMPLETE,1,False,True,c4f11f9eb63e59faf0a1ffa457d8aa053ff1d4fe56753c961bb9557919a996fe,27d18c664f344381fc2b1e641d1ab2779a3298d14ff99386e30a15bd2e97d3fd
R6_reacher_05227f26cb88c6f6d6a24c57,REFIT_103201,R4_ALT_CEM_1,H_POLICY,FRESH_PAIRED_CONTROL,1,False,,c67c259d0ed0ef0dd7d538466430d50a7dcc4447a5c2bf62d4df2744245ac369,
R6_reacher_05227f26cb88c6f6d6a24c57,REFIT_103201,R4_ALT_CEM_1,REAL3_NULLACT,COMPLETE,1,False,True,fe26bf6443e1ae8a69d06e420af137b55fd30cbc5994d20d278a54c470552b17,febba839d2c6067e5e3c63378237b4c1df0094a1a6dfca066136aedcc3882013
R6_reacher_05227f26cb88c6f6d6a24c57,REFIT_103201,R4_ALT_CEM_1,REPEAT3_REALACT,COMPLETE,1,False,True,7f1e391320a89bd12a1ef0293a821a96af5756f87f91a067d49fdabb250b650a,febba839d2c6067e5e3c63378237b4c1df0094a1a6dfca066136aedcc3882013
R6_reacher_05227f26cb88c6f6d6a24c57,REFIT_103201,R4_ALT_CEM_2,H_POLICY,FRESH_PAIRED_CONTROL,1,False,,b29715a531d0ff0671e6f0d5c149be8d179a16636a886f657b2e9e79798a57c6,
R6_reacher_05227f26cb88c6f6d6a24c57,REFIT_103201,R4_ALT_CEM_2,REAL3_NULLACT,COMPLETE,1,False,True,443bbed00c597d5e3ac327eeff4df901967e299885f90220cd33d656ea36b5a8,ae9cac22610560698b95991a8ccc5fc0743c5d50274019434be9e4672ec43802
R6_reacher_05227f26cb88c6f6d6a24c57,REFIT_103201,R4_ALT_CEM_2,REPEAT3_REALACT,COMPLETE,1,False,True,cfaec4403c8e1ccc78e45fda9ce625743c771b624b97c4b60c95aee633d81278,ae9cac22610560698b95991a8ccc5fc0743c5d50274019434be9e4672ec43802
R6_reacher_05227f26cb88c6f6d6a24c57,REFIT_103202,R3_ORIGINAL,H_POLICY,FRESH_PAIRED_CONTROL,1,False,,83ebe39e801ea4ebaa6fbf723b581aee04096dec0907f297e3e17d3ff6099b15,
R6_reacher_05227f26cb88c6f6d6a24c57,REFIT_103202,R3_ORIGINAL,REAL3_NULLACT,COMPLETE,1,False,True,07e1091fe4300fa26030dcde4bce2caf5185b5559465bf85b5e55ec8688ec3de,cbc292652a55ac925720e9053e4aadaf5192308b27657533be31db04fc4ea60b
R6_reacher_05227f26cb88c6f6d6a24c57,REFIT_103202,R3_ORIGINAL,REPEAT3_REALACT,COMPLETE,1,False,True,736f0839f0d10b22ef68f2650cde886e6d7f0cc9efaeea29b59dad8a3874d355,cbc292652a55ac925720e9053e4aadaf5192308b27657533be31db04fc4ea60b
R6_reacher_05227f26cb88c6f6d6a24c57,REFIT_103202,R4_ALT_CEM_1,H_POLICY,FRESH_PAIRED_CONTROL,1,False,,19959776fbd6cdd34cfba4c824f067023d885856c88145f38c84df7a635f8b43,
R6_reacher_05227f26cb88c6f6d6a24c57,REFIT_103202,R4_ALT_CEM_1,REAL3_NULLACT,COMPLETE,1,False,True,c8f425a174544f93c60601291ab34994c1c2a6bc84d1eb6da1a4265e5e6e931a,3357052e5177cc466861665aea488c8e5854464e5bd9a7ed65c9944e44dff6f2
R6_reacher_05227f26cb88c6f6d6a24c57,REFIT_103202,R4_ALT_CEM_1,REPEAT3_REALACT,COMPLETE,1,False,True,89600627b709afcf4915483c65e67c096346c7820fb7340b084cb41b52b298f3,3357052e5177cc466861665aea488c8e5854464e5bd9a7ed65c9944e44dff6f2
R6_reacher_05227f26cb88c6f6d6a24c57,REFIT_103202,R4_ALT_CEM_2,H_POLICY,FRESH_PAIRED_CONTROL,1,False,,705dc1ea612d7d463ce2b4173316378bf7dc39ac54073d041ff5799e8ba92b36,
R6_reacher_05227f26cb88c6f6d6a24c57,REFIT_103202,R4_ALT_CEM_2,REAL3_NULLACT,COMPLETE,1,False,True,fd97edce89c1560c2e9d60a040b1cad5d690314c9a36deb9aa6695ec6c1b70ab,84aa6b2193e44405238e8fa3acd43c1bd9e53bab61a6eb1ad87a538222dd78fe
R6_reacher_05227f26cb88c6f6d6a24c57,REFIT_103202,R4_ALT_CEM_2,REPEAT3_REALACT,COMPLETE,1,False,True,5b1f756325b8ec6f91abd248f0f950206a9c4ce94ed8e3afe39765e19295ece7,84aa6b2193e44405238e8fa3acd43c1bd9e53bab61a6eb1ad87a538222dd78fe
R6_reacher_05227f26cb88c6f6d6a24c57,REFIT_103203,R3_ORIGINAL,H_POLICY,FRESH_PAIRED_CONTROL,1,False,,015d55968e3c16c2ad5e9251eef79b98380d37987a3efbbc4af75294cdcf016c,
R6_reacher_05227f26cb88c6f6d6a24c57,REFIT_103203,R3_ORIGINAL,REAL3_NULLACT,COMPLETE,1,False,True,15d282f9237b47cec28c412f5acc5a541e59dd2924cee2c36d4988d4ca8521c2,65c5c0dc7392b6b18101cbabb6c2920b6dea9cd4db5a40b413c38088f41d702d
R6_reacher_05227f26cb88c6f6d6a24c57,REFIT_103203,R3_ORIGINAL,REPEAT3_REALACT,COMPLETE,1,False,True,5694f610db7e204e532ff2d971c4198caf48cd223bed0fba9ceb28559ad651df,65c5c0dc7392b6b18101cbabb6c2920b6dea9cd4db5a40b413c38088f41d702d
R6_reacher_05227f26cb88c6f6d6a24c57,REFIT_103203,R4_ALT_CEM_1,H_POLICY,FRESH_PAIRED_CONTROL,1,False,,44a230e90c760036f8a92fc07b92d8815c470d34336e64eed602ad26de460240,
R6_reacher_05227f26cb88c6f6d6a24c57,REFIT_103203,R4_ALT_CEM_1,REAL3_NULLACT,COMPLETE,1,False,True,15e8aa06ba4a292bfb9c0749e677c0c16d77892dcfa6f1b278a964cc2533b047,0ff7786932b19ddfcc897f4f2d5f8cd7d42c80507e6e31cef774598e1c34513f
R6_reacher_05227f26cb88c6f6d6a24c57,REFIT_103203,R4_ALT_CEM_1,REPEAT3_REALACT,COMPLETE,1,False,True,dbdb5b8e3ac6abce05b9b8b0a3d8b74d5e807f4142216d6d9f7f635d9412a93e,0ff7786932b19ddfcc897f4f2d5f8cd7d42c80507e6e31cef774598e1c34513f
R6_reacher_05227f26cb88c6f6d6a24c57,REFIT_103203,R4_ALT_CEM_2,H_POLICY,FRESH_PAIRED_CONTROL,1,False,,86fb7c888ce371a164ccae9eac589e723e282594cf8960bed3eb8e49d92c0cc2,
R6_reacher_05227f26cb88c6f6d6a24c57,REFIT_103203,R4_ALT_CEM_2,REAL3_NULLACT,COMPLETE,1,False,True,c59b423c061b3fbbbf45c86fec40c5860ee535ce058d5bffe8f4f13ffe5815d1,0a91aa7331f5235ced0f913d5f05b4bb79ff8c78a0ea85c12786510be68073b3
R6_reacher_05227f26cb88c6f6d6a24c57,REFIT_103203,R4_ALT_CEM_2,REPEAT3_REALACT,COMPLETE,1,False,True,34f6818b85aa8ca03267ca7f45b5cd6d31b05f7e71165dc303a8ef48499ed5bc,0a91aa7331f5235ced0f913d5f05b4bb79ff8c78a0ea85c12786510be68073b3
R6_reacher_05609e0e97d87b35452f8ae7,H0,R3_ORIGINAL,H_POLICY,FRESH_PAIRED_CONTROL,1,True,,795da85df9af5e8ac6e83273e4b02fbb11684f46a2083ec7b6abc0f85932a359,
R6_reacher_05609e0e97d87b35452f8ae7,H0,R3_ORIGINAL,REAL3_NULLACT,COMPLETE,1,True,True,50eb2739c72bd42a00a1420769d450fb50eadd8d8bee910c94f241749159509b,135c6945037c1f9459f5106151023738be8ce870394358c8432ee40c01e0dce2
R6_reacher_05609e0e97d87b35452f8ae7,H0,R3_ORIGINAL,REPEAT3_REALACT,COMPLETE,1,True,True,0b6b7288c3ad7ac020180d662b06b4c93e8855ad8964c87c530c1e0c9df26fc7,e40b66765cf734ea46c7c80a7c2db7cd3cf63cee13afe12bc061fa4f655caa53
R6_reacher_05609e0e97d87b35452f8ae7,H0,R4_ALT_CEM_1,H_POLICY,FRESH_PAIRED_CONTROL,1,True,,00101a7661c95b1fc41c5890a0b519516d1a4f525494c4568aa24698561d8802,
R6_reacher_05609e0e97d87b35452f8ae7,H0,R4_ALT_CEM_1,REAL3_NULLACT,COMPLETE,1,True,True,08ab91a2145480ce45395f3e24745e3922698fcec1c9fbf06b7a491ea115ddb8,25b755c734193a4bbf47f81e480e0cdacc27acba21547fe5e92ad370c4ba88b8
R6_reacher_05609e0e97d87b35452f8ae7,H0,R4_ALT_CEM_1,REPEAT3_REALACT,COMPLETE,1,True,True,0840b9ac0cf2f71c7b1b5cb3f8a15ae5aee6a300ea40746a416a37fe9da80f24,54b02711dfce9bcb3fb23e55a3ebde27fad513f30a8c52f02c4bf255504c9ed8
R6_reacher_05609e0e97d87b35452f8ae7,H0,R4_ALT_CEM_2,H_POLICY,FRESH_PAIRED_CONTROL,1,True,,fe251cf1cee24c62d370d756d7886c6427124e530afda2d12510556f07d660f2,
R6_reacher_05609e0e97d87b35452f8ae7,H0,R4_ALT_CEM_2,REAL3_NULLACT,COMPLETE,1,True,True,916138e37a7c2a793624b8a79d62f0e15282623ed38212aec6b2f07fb0c6d434,50245741cb55f7867bffb32f94fd2adcd9c2295fc0797044b2b16dc8955fcb5a
R6_reacher_05609e0e97d87b35452f8ae7,H0,R4_ALT_CEM_2,REPEAT3_REALACT,COMPLETE,1,True,True,33f9a8b08718801e9ec95a927283853fcd21ea3cbc2dea4407580c724ba1edd3,1c52228579fe532c83639aa461f932c6443d4d71eccb9c833b912e7e7c9118f2
R6_reacher_05609e0e97d87b35452f8ae7,REFIT_103201,R3_ORIGINAL,H_POLICY,FRESH_PAIRED_CONTROL,1,False,,191a9fed51b9cd8a115bace935c306f1c8e8f75f09da9eed660efd2ef5d928af,
R6_reacher_05609e0e97d87b35452f8ae7,REFIT_103201,R3_ORIGINAL,REAL3_NULLACT,COMPLETE,1,False,True,fb9f0a2b850b99ce11fe6022eee7ee9d8f8d1575b24498df244078ae28329f78,4bbaae8326d777809941be0526637def3333f4b355b37fa37a7e2cfcba5290e2
R6_reacher_05609e0e97d87b35452f8ae7,REFIT_103201,R3_ORIGINAL,REPEAT3_REALACT,COMPLETE,1,False,True,31bb597c4ca3eafaaa388e10b09e5709e5d06f616383918df199af239afd8c4d,4bbaae8326d777809941be0526637def3333f4b355b37fa37a7e2cfcba5290e2
R6_reacher_05609e0e97d87b35452f8ae7,REFIT_103201,R4_ALT_CEM_1,H_POLICY,FRESH_PAIRED_CONTROL,1,False,,7bf7f733e6f7ca398f68ddc177c7e663818d76ab2b8288207f8c376e28f35336,
R6_reacher_05609e0e97d87b35452f8ae7,REFIT_103201,R4_ALT_CEM_1,REAL3_NULLACT,COMPLETE,1,False,True,3b25c222c47864ea0911a1c853fb236e4414ad0cde19c87702b2d20810e22dd8,0f1e6f9a188d4ced38ce4713a6d8bdfd200199dc76498081a37fa3ac89714e4f
R6_reacher_05609e0e97d87b35452f8ae7,REFIT_103201,R4_ALT_CEM_1,REPEAT3_REALACT,COMPLETE,1,False,True,ef1e2daf4578e521f4fb01bcc15d32047c1ae8da88a7cb14c4b24a065436dca9,0f1e6f9a188d4ced38ce4713a6d8bdfd200199dc76498081a37fa3ac89714e4f
R6_reacher_05609e0e97d87b35452f8ae7,REFIT_103201,R4_ALT_CEM_2,H_POLICY,FRESH_PAIRED_CONTROL,1,False,,eb4c3b1274963d461d95778fd58db44559ace3b907d02f9a18a84be22914a532,
R6_reacher_05609e0e97d87b35452f8ae7,REFIT_103201,R4_ALT_CEM_2,REAL3_NULLACT,COMPLETE,1,False,True,bf2b59851e0168dd3c84e6e25bd2f7769c285457c68dfe442f45efdc52e02125,15785098231f2cd44477b43c8d5cee6c6f85cfeccb127d3877b260487bd820e6
R6_reacher_05609e0e97d87b35452f8ae7,REFIT_103201,R4_ALT_CEM_2,REPEAT3_REALACT,COMPLETE,1,False,True,3c262e416a2fac6b6d481777f42094c68e4727ccc0e0285c28daf179822f6ccb,15785098231f2cd44477b43c8d5cee6c6f85cfeccb127d3877b260487bd820e6
R6_reacher_05609e0e97d87b35452f8ae7,REFIT_103202,R3_ORIGINAL,H_POLICY,FRESH_PAIRED_CONTROL,1,False,,8a768a54fe3cce9f38e1d9a4e821f9e33c5dc8cd5450f567708584b63a0dc3ce,
R6_reacher_05609e0e97d87b35452f8ae7,REFIT_103202,R3_ORIGINAL,REAL3_NULLACT,COMPLETE,1,False,True,ed24837229b24cc13ddae69f5556223791b051e44cc790ca5e6d340a6b8cdf2e,49884a6cdcb15f48fc3f2ff34ac7c2079f170b4bd1e7e8a039f2fd3781cb52ed
R6_reacher_05609e0e97d87b35452f8ae7,REFIT_103202,R3_ORIGINAL,REPEAT3_REALACT,COMPLETE,1,False,True,77422b28300b9a41a11362093860dffc1ca55275568bb2b7c8e30079e4551537,49884a6cdcb15f48fc3f2ff34ac7c2079f170b4bd1e7e8a039f2fd3781cb52ed
R6_reacher_05609e0e97d87b35452f8ae7,REFIT_103202,R4_ALT_CEM_1,H_POLICY,FRESH_PAIRED_CONTROL,1,False,,f35f95376d88918176ee38a1b0f06d3e5ce12047ac73cc01fd3de7096fdc0aa1,
R6_reacher_05609e0e97d87b35452f8ae7,REFIT_103202,R4_ALT_CEM_1,REAL3_NULLACT,COMPLETE,1,False,True,81b84043d38cccc82bb2556476245565b6eb8114143cea4995e07b3659bfab71,d5c7fe749cd09b933b060e302c9e152a2580728078e0743e09f221b40a422c17
R6_reacher_05609e0e97d87b35452f8ae7,REFIT_103202,R4_ALT_CEM_1,REPEAT3_REALACT,COMPLETE,1,False,True,92e956cabe85aaf5dacb8dbe68b390f777d40bd6df17b270d3f95acabc85a50c,d5c7fe749cd09b933b060e302c9e152a2580728078e0743e09f221b40a422c17
R6_reacher_05609e0e97d87b35452f8ae7,REFIT_103202,R4_ALT_CEM_2,H_POLICY,FRESH_PAIRED_CONTROL,1,False,,7940c3316c102dafd705afe8e6e7832c117b4faba4bc55cdc463818fd38e2505,
R6_reacher_05609e0e97d87b35452f8ae7,REFIT_103202,R4_ALT_CEM_2,REAL3_NULLACT,COMPLETE,1,False,True,d3a9cd703666265bcb7ed413d9c310029207ba9a4b513cdd7cf3b5277e10fc65,94421301da2378d9d26415eb20ff0090d49dc9c2d2cf76016ccae01b816fd67c
R6_reacher_05609e0e97d87b35452f8ae7,REFIT_103202,R4_ALT_CEM_2,REPEAT3_REALACT,COMPLETE,1,False,True,b1e807dad721995b4426131ff81990a374a41a023f93825ff695a4b6c81e31b9,94421301da2378d9d26415eb20ff0090d49dc9c2d2cf76016ccae01b816fd67c
R6_reacher_05609e0e97d87b35452f8ae7,REFIT_103203,R3_ORIGINAL,H_POLICY,FRESH_PAIRED_CONTROL,1,False,,647a4a53a8073f62ec064dd8b0ef4d8f4c154a8e4cbbd2303f6a65cb84da160d,
R6_reacher_05609e0e97d87b35452f8ae7,REFIT_103203,R3_ORIGINAL,REAL3_NULLACT,COMPLETE,1,False,True,3b389a357f330c75a410a0fbc5c84663d5af584c230c7b22bc60333db9a45356,64f2804b7940cba05558ac000ffa1d08784398853a1876a962d541a4191f8524
R6_reacher_05609e0e97d87b35452f8ae7,REFIT_103203,R3_ORIGINAL,REPEAT3_REALACT,COMPLETE,1,False,True,d6d44154b706388a5900941a5dc369e6474527963a299a468a277bc5cc0a47a5,64f2804b7940cba05558ac000ffa1d08784398853a1876a962d541a4191f8524
R6_reacher_05609e0e97d87b35452f8ae7,REFIT_103203,R4_ALT_CEM_1,H_POLICY,FRESH_PAIRED_CONTROL,1,False,,92f5b53907529f40f11722a79c15033d01be239c30f42a82124b9569fa13f85b,
R6_reacher_05609e0e97d87b35452f8ae7,REFIT_103203,R4_ALT_CEM_1,REAL3_NULLACT,COMPLETE,1,False,True,8f4de6dc25f35a7a7494324fa54cab371b5096e1efe3f9b486742c8625d3025e,f3d371de2f1f55da26485cf88a4797a144ac26e98341fd08240acbc97f02701c
R6_reacher_05609e0e97d87b35452f8ae7,REFIT_103203,R4_ALT_CEM_1,REPEAT3_REALACT,COMPLETE,1,False,True,70acc97bb84ca58f3a5071cd2e7fe09c7e1031b1aa07f795b3a07bc9af08eb2e,f3d371de2f1f55da26485cf88a4797a144ac26e98341fd08240acbc97f02701c
R6_reacher_05609e0e97d87b35452f8ae7,REFIT_103203,R4_ALT_CEM_2,H_POLICY,FRESH_PAIRED_CONTROL,1,False,,575bef8db19d80f45bf5825fad91a382a2804e5714396bdc1ee72525eaf34b2d,
R6_reacher_05609e0e97d87b35452f8ae7,REFIT_103203,R4_ALT_CEM_2,REAL3_NULLACT,COMPLETE,1,False,True,b67b1992049b1bf27afc968712e6f6f7116e5ba3b3df868d6d75e5a873fb9631,16ff6668ed4d7785b750cdee32fa324079945c8e89cbfbe84e26a6e9ea77f0f0
R6_reacher_05609e0e97d87b35452f8ae7,REFIT_103203,R4_ALT_CEM_2,REPEAT3_REALACT,COMPLETE,1,False,True,bd9258f34a49b9ef5786bc633ce19ac1a5ae342ef5b4fd2d37670755172ddb71,16ff6668ed4d7785b750cdee32fa324079945c8e89cbfbe84e26a6e9ea77f0f0
R6_reacher_05673647385df937e0c2da8e,H0,R3_ORIGINAL,H_POLICY,FRESH_PAIRED_CONTROL,1,False,,6eacf25f186809327151860e2476434b5c7f2071daab987a8d939ea6ed634c82,
R6_reacher_05673647385df937e0c2da8e,H0,R3_ORIGINAL,REAL3_NULLACT,COMPLETE,1,False,True,e20d3ed5e527b964e264b9a1f35708c8bb037531578e8f56e613aa44e2e926a7,9e9d287fd536fce3ef48ac5b361c206b0d1b74971ca508ba2fa64f2c2a841617
R6_reacher_05673647385df937e0c2da8e,H0,R3_ORIGINAL,REPEAT3_REALACT,COMPLETE,1,False,True,9c9c86b1bd254f939f83777dbea8800805726926c229a786b8f4a0a71a5a904b,9e9d287fd536fce3ef48ac5b361c206b0d1b74971ca508ba2fa64f2c2a841617
R6_reacher_05673647385df937e0c2da8e,H0,R4_ALT_CEM_1,H_POLICY,FRESH_PAIRED_CONTROL,1,False,,a038730e2da77a3e696476515dd28fadf96f55d54581fed6adf072c620d8bfc3,
R6_reacher_05673647385df937e0c2da8e,H0,R4_ALT_CEM_1,REAL3_NULLACT,COMPLETE,1,False,True,f186307fe4054f56072548f176464faadab769a22a16109587dae16af63e4ebf,4f767cdce4700499bc7e1bb117f546ae34838aad8fc620b84f53bef7cb0cfee5
R6_reacher_05673647385df937e0c2da8e,H0,R4_ALT_CEM_1,REPEAT3_REALACT,COMPLETE,1,False,True,dfe150ca445dae13be9676f9c5197bbf765c8deafbd2799773064522ea295d60,4f767cdce4700499bc7e1bb117f546ae34838aad8fc620b84f53bef7cb0cfee5
R6_reacher_05673647385df937e0c2da8e,H0,R4_ALT_CEM_2,H_POLICY,FRESH_PAIRED_CONTROL,1,False,,3a7daf45f5b6da1b2499e994487342ca27291cdf034195cc2d6285ea10d4689a,
R6_reacher_05673647385df937e0c2da8e,H0,R4_ALT_CEM_2,REAL3_NULLACT,COMPLETE,1,False,True,76f69a0844980d95e8b3050de5b6a9c5c16886d5d1b40d55c4328249c1fff573,038dc4cdf12837a1826278ed1b273b87a98d8a449ec77af3e915b5ad91108a4e
R6_reacher_05673647385df937e0c2da8e,H0,R4_ALT_CEM_2,REPEAT3_REALACT,COMPLETE,1,False,True,5f02f8950e4d8eee7c2ba85cdfaf84a9734eb7f9616b771de075b85410c11472,038dc4cdf12837a1826278ed1b273b87a98d8a449ec77af3e915b5ad91108a4e
R6_reacher_05673647385df937e0c2da8e,REFIT_103201,R3_ORIGINAL,H_POLICY,FRESH_PAIRED_CONTROL,1,False,,d4fc25a7f642a9c7d89b4d8421ce1fb6a21f4a6cbe83a2afd3a2a14748b6f531,
R6_reacher_05673647385df937e0c2da8e,REFIT_103201,R3_ORIGINAL,REAL3_NULLACT,COMPLETE,1,False,True,d04a1e45a2d72cff61f15828334ff99233b5b2c15f4c02ea8fa1a9a5dea5f2b3,8d6ac8f0064656222b1145b56f9af45db49c315fa1ebaaa58250809da7fa0a24
R6_reacher_05673647385df937e0c2da8e,REFIT_103201,R3_ORIGINAL,REPEAT3_REALACT,COMPLETE,1,False,True,86848bcb32a1880609f264e624ff66d62feeadb2cef7a81c0694a0a575b4db31,8d6ac8f0064656222b1145b56f9af45db49c315fa1ebaaa58250809da7fa0a24
R6_reacher_05673647385df937e0c2da8e,REFIT_103201,R4_ALT_CEM_1,H_POLICY,FRESH_PAIRED_CONTROL,1,False,,6e384adce938051b05511a0313d12fd0e95737dd56fdc0704a10bdd1abc7c741,
R6_reacher_05673647385df937e0c2da8e,REFIT_103201,R4_ALT_CEM_1,REAL3_NULLACT,COMPLETE,1,False,True,631c0f59b432f555d8d06efb2dcdd551b0e77d261654a00555841ba99f4c58e1,23a8d9e36e2d9d59938579b734d9414d344d7e06a09205998b7e0acca9ee4a3a
R6_reacher_05673647385df937e0c2da8e,REFIT_103201,R4_ALT_CEM_1,REPEAT3_REALACT,COMPLETE,1,False,True,b9ec0aa9ed0ce48232178c2fd0a08bfd166440f5e60eae1c9ff37969564cbc5b,23a8d9e36e2d9d59938579b734d9414d344d7e06a09205998b7e0acca9ee4a3a
R6_reacher_05673647385df937e0c2da8e,REFIT_103201,R4_ALT_CEM_2,H_POLICY,FRESH_PAIRED_CONTROL,0,True,,1da7728982a280fb1e1aad6b5b604507b9921ab73c218989ac7b0e35b18b2a54,
R6_reacher_05673647385df937e0c2da8e,REFIT_103201,R4_ALT_CEM_2,REAL3_NULLACT,COMPLETE,0,True,True,fe12918369de3ee31d981c6a91b627bd82c11a3399efa45be0cec56cb36b47c4,9fac8d89fd1d2f111739a061604bd2dc2449221c583d9a30419bd2abf981cd4f
R6_reacher_05673647385df937e0c2da8e,REFIT_103201,R4_ALT_CEM_2,REPEAT3_REALACT,COMPLETE,0,True,True,c2f236ef6cc08efa1e6d7c73c93e1cd2c37ffc7b917f5be1ca76a917fe91a0e8,f777b4ee8a71afda7b208fb0aaaef6ae46c0300f43d8ddd9b401bbc0b84c7a94
R6_reacher_05673647385df937e0c2da8e,REFIT_103202,R3_ORIGINAL,H_POLICY,FRESH_PAIRED_CONTROL,1,False,,c90755969e8f21a34bff51979aa1d51c210e2019faf5969aeda9023609ced5e3,
R6_reacher_05673647385df937e0c2da8e,REFIT_103202,R3_ORIGINAL,REAL3_NULLACT,COMPLETE,1,False,True,cf0971919d64f2878b5a94465d703083a624b8261c809ce5b1e7ff3bb8c63c66,ab8cd817249a087adac23c76c7db8856e9d76f7bc6b7b5c738c993f426f6799a
R6_reacher_05673647385df937e0c2da8e,REFIT_103202,R3_ORIGINAL,REPEAT3_REALACT,COMPLETE,1,False,True,3a1e86185e5a4c99739b63167f0bd6dabf025d99251aa3dce6fe738b50db83d2,ab8cd817249a087adac23c76c7db8856e9d76f7bc6b7b5c738c993f426f6799a
R6_reacher_05673647385df937e0c2da8e,REFIT_103202,R4_ALT_CEM_1,H_POLICY,FRESH_PAIRED_CONTROL,1,False,,1eb4014c304080ea062c8fe776e483f0a696c9c4ed3d5e4ab019032b4a0d9a96,
R6_reacher_05673647385df937e0c2da8e,REFIT_103202,R4_ALT_CEM_1,REAL3_NULLACT,COMPLETE,1,False,True,ba152bcd332000177d1bc6b37f8751f09806f4fd36b9c7334355f625f57b1c2b,cab6c5fe206f17bde0c9f85437be6de0094d6aedb8c0d152fdde4db8274e6e9e
R6_reacher_05673647385df937e0c2da8e,REFIT_103202,R4_ALT_CEM_1,REPEAT3_REALACT,COMPLETE,1,False,True,f56406b5b7870bff6e1aabe3916bda756a6f8db569916c11e8dad63ce97cd08e,cab6c5fe206f17bde0c9f85437be6de0094d6aedb8c0d152fdde4db8274e6e9e
R6_reacher_05673647385df937e0c2da8e,REFIT_103202,R4_ALT_CEM_2,H_POLICY,FRESH_PAIRED_CONTROL,0,True,,5d4d430a3058e6d4ba0eb5ebb2ca97c2d345065296cd5fd3f00b52cec786ad4a,
R6_reacher_05673647385df937e0c2da8e,REFIT_103202,R4_ALT_CEM_2,REAL3_NULLACT,COMPLETE,0,True,True,a14fa2c8ed1be5abfda6df978155ff5a81aafdea3a77d79a7c9d02624dc12d89,2337b047fdacd3305ab2f0d1f4021c61a9859169a8e9befd0ef4b94dc0a62fea
R6_reacher_05673647385df937e0c2da8e,REFIT_103202,R4_ALT_CEM_2,REPEAT3_REALACT,COMPLETE,1,True,True,05eb71ee5e4ec2f24c88d1aa70c624f1c6449d2f25d711149566b17277e4b04f,fd0fdbe181692819533c28b956ff673386e104da6c016e32ac3861e3bc1dada1
R6_reacher_05673647385df937e0c2da8e,REFIT_103203,R3_ORIGINAL,H_POLICY,FRESH_PAIRED_CONTROL,1,False,,bafa19b5faf9dc6497c3e01c9a787f090709bcfeacf24cc551f772c54ede3206,
R6_reacher_05673647385df937e0c2da8e,REFIT_103203,R3_ORIGINAL,REAL3_NULLACT,COMPLETE,1,False,True,bc5135ee08756b2717acc6bf27cf19ea119d587348079293fcae5ad648d0b396,f598078394e7bb40bb66a1f69f02a52d703684350bfc68bfc22a4fb6773389ab
R6_reacher_05673647385df937e0c2da8e,REFIT_103203,R3_ORIGINAL,REPEAT3_REALACT,COMPLETE,1,False,True,2601acc1c4b0a25bfed7ffff9614f3a7bb441144c8f2ca87b37d5b6cdb941517,f598078394e7bb40bb66a1f69f02a52d703684350bfc68bfc22a4fb6773389ab
R6_reacher_05673647385df937e0c2da8e,REFIT_103203,R4_ALT_CEM_1,H_POLICY,FRESH_PAIRED_CONTROL,1,True,,4215830c61702b78503c9486ea18de35990d2c747906206b63e66ad9ee9d4775,
R6_reacher_05673647385df937e0c2da8e,REFIT_103203,R4_ALT_CEM_1,REAL3_NULLACT,COMPLETE,0,True,True,3039d2cda0c95b2f37383d1bc8a629b8d0c43d0dc813fc17397c332e6a93592e,40cfdaab18c10d889bb0fdaa7e0b32ee3a0efbeadf53b66ef0f0d45fa4d9d794
R6_reacher_05673647385df937e0c2da8e,REFIT_103203,R4_ALT_CEM_1,REPEAT3_REALACT,COMPLETE,1,True,True,b70a56aeea936dec03a184e213c9b9b85dc56ad7ef6e24e802dd17bb53c5ca77,a79f23a86a7b49828a3acf5741536efef592ccf3f563fe745aecebc9330ec3ef
R6_reacher_05673647385df937e0c2da8e,REFIT_103203,R4_ALT_CEM_2,H_POLICY,FRESH_PAIRED_CONTROL,1,True,,4a843eefe8d51352ee6dacf779686f64a7ef5e64977f9414ffa5689b8e667f33,
R6_reacher_05673647385df937e0c2da8e,REFIT_103203,R4_ALT_CEM_2,REAL3_NULLACT,COMPLETE,1,True,True,0f0e02a892376f9b79e179ff50d104c42ba284c3f05c92bf6793e817f198748a,6d124d08039a3b5138bd4d8d4e156d32c76f2769be75194dd95a62e0eef4bfd7
R6_reacher_05673647385df937e0c2da8e,REFIT_103203,R4_ALT_CEM_2,REPEAT3_REALACT,COMPLETE,1,True,True,6685043986f07a2ffccd9a0b144d0c33abd295a2eff947cf4bdcdb3eee3ba2d9,8c2624f8d5ad9bee83df9b5e146f7e8724a9473870c4422a01debe6c3eae195b
R6_reacher_0572fff5c1f8d2522d9fef3e,H0,R3_ORIGINAL,H_POLICY,FRESH_PAIRED_CONTROL,1,False,,a2822d5a6bf8455bad1ba5c6684f85fa71b9a7a36d647d629d01652a8cf21197,
R6_reacher_0572fff5c1f8d2522d9fef3e,H0,R3_ORIGINAL,REAL3_NULLACT,COMPLETE,1,False,True,e877bc9a7e8d464cc8728ef4c822452fc20a187b29411325edbcd22315b9f4d8,d7769f7700d724f771058083ec5fcdb190a3cda06bdc775d6b90719ae10a9ce3
R6_reacher_0572fff5c1f8d2522d9fef3e,H0,R3_ORIGINAL,REPEAT3_REALACT,COMPLETE,1,False,True,5bcfdd570a2f019396212122e6b839c5aaf37595c25f37946f368c3444708b7d,d7769f7700d724f771058083ec5fcdb190a3cda06bdc775d6b90719ae10a9ce3
R6_reacher_0572fff5c1f8d2522d9fef3e,H0,R4_ALT_CEM_1,H_POLICY,FRESH_PAIRED_CONTROL,1,False,,4dc6bf216d8c8ec0fddfa7b7a6c19928b91eceba264219de09240b8412b6a46d,
R6_reacher_0572fff5c1f8d2522d9fef3e,H0,R4_ALT_CEM_1,REAL3_NULLACT,COMPLETE,1,False,True,504394c23e6e834c3f00f005cf42b905fd8f6592982e945a06014bddee4cc340,0f838268acdeb791f2d82d563c5ed1e44e386f44d700a3b6d544f5bf80d85b1c
R6_reacher_0572fff5c1f8d2522d9fef3e,H0,R4_ALT_CEM_1,REPEAT3_REALACT,COMPLETE,1,False,True,e425e36e901af1ed0baac5bd5cc5a8eb1be8f587482f71d3b0a8f19e20214372,0f838268acdeb791f2d82d563c5ed1e44e386f44d700a3b6d544f5bf80d85b1c
R6_reacher_0572fff5c1f8d2522d9fef3e,H0,R4_ALT_CEM_2,H_POLICY,FRESH_PAIRED_CONTROL,1,False,,78ddea7aa17ac711b33bb6194f418d1ea221022a6ef1702854b3b5e6a4dea12f,
R6_reacher_0572fff5c1f8d2522d9fef3e,H0,R4_ALT_CEM_2,REAL3_NULLACT,COMPLETE,1,False,True,0e19bbc8e16f3baaf59942c5b1093c3d3e763dff54bb3bbba553ffda09de3873,6816ed055870f4536fd4db3869e90a0c5435b46a081f724094e6fc830b05b338
R6_reacher_0572fff5c1f8d2522d9fef3e,H0,R4_ALT_CEM_2,REPEAT3_REALACT,COMPLETE,1,False,True,be5e03ff29a9dcb866197ce50dd4bb35385244301af520a771cbce95ac51084f,6816ed055870f4536fd4db3869e90a0c5435b46a081f724094e6fc830b05b338
R6_reacher_0572fff5c1f8d2522d9fef3e,REFIT_103201,R3_ORIGINAL,H_POLICY,FRESH_PAIRED_CONTROL,1,False,,551db7c91ca44bf30a0b0281c439c084ec2fdc13facd4035dfe8423b6ca36438,
R6_reacher_0572fff5c1f8d2522d9fef3e,REFIT_103201,R3_ORIGINAL,REAL3_NULLACT,COMPLETE,1,False,True,ae16b6fef8cbd89f9428f523c2a38d43e2509872e379249c1cdb67128483ee8a,a5a167e3400576521293b4986b15852f76bf44c5f5bc70087fbcf3cac3753642
R6_reacher_0572fff5c1f8d2522d9fef3e,REFIT_103201,R3_ORIGINAL,REPEAT3_REALACT,COMPLETE,1,False,True,8344e1663175b98651a6b132cddd4c5913496f0b09be946e583078bc03f230e3,a5a167e3400576521293b4986b15852f76bf44c5f5bc70087fbcf3cac3753642
R6_reacher_0572fff5c1f8d2522d9fef3e,REFIT_103201,R4_ALT_CEM_1,H_POLICY,FRESH_PAIRED_CONTROL,1,False,,975dffef2f4f9b4a292acfcfac3efd1ccc24b056f36c098ffac8e5d697a7a7c6,
R6_reacher_0572fff5c1f8d2522d9fef3e,REFIT_103201,R4_ALT_CEM_1,REAL3_NULLACT,COMPLETE,1,False,True,d1e03503cfbeede3f79a120b448cc49da60ee080053c9cfedfdb2334041405a4,b78f943ee5fc2293f6aa56ccf6e769474a91d2b44188cb2dbaac1c973042fc60
R6_reacher_0572fff5c1f8d2522d9fef3e,REFIT_103201,R4_ALT_CEM_1,REPEAT3_REALACT,COMPLETE,1,False,True,a4c5540dc3aa2acfe0b15b169e2a373cb1ac46346025ad6acc65cbd6c5639c7f,b78f943ee5fc2293f6aa56ccf6e769474a91d2b44188cb2dbaac1c973042fc60
R6_reacher_0572fff5c1f8d2522d9fef3e,REFIT_103201,R4_ALT_CEM_2,H_POLICY,FRESH_PAIRED_CONTROL,1,False,,b6ed9e44afeda643b9704fe7d796151c16865344d20e383d8490582609965530,
R6_reacher_0572fff5c1f8d2522d9fef3e,REFIT_103201,R4_ALT_CEM_2,REAL3_NULLACT,COMPLETE,1,False,True,c0bb2e9e82db0b7536bbf1f644fcee665ab1cf528ed385188477aa69229e7213,4d952cf78d03a65d7fc367796d3ff94a06d90607da12c326eedd0a65ddcfa583
R6_reacher_0572fff5c1f8d2522d9fef3e,REFIT_103201,R4_ALT_CEM_2,REPEAT3_REALACT,COMPLETE,1,False,True,0ccbd4ba52610e3dfa263ad7aeee2075188c48096fe83f2b8b38f8f644e0536a,4d952cf78d03a65d7fc367796d3ff94a06d90607da12c326eedd0a65ddcfa583
R6_reacher_0572fff5c1f8d2522d9fef3e,REFIT_103202,R3_ORIGINAL,H_POLICY,FRESH_PAIRED_CONTROL,1,False,,2dc7de59484b235cd98cf2ac4b30aa598be9cc80a27529962cdb471b7a1c7c58,
R6_reacher_0572fff5c1f8d2522d9fef3e,REFIT_103202,R3_ORIGINAL,REAL3_NULLACT,COMPLETE,1,False,True,02c9a9560b5fd6745198a277890ea60c315ebbd44441296ada875af4b2e40b0d,6c82da2e77f7da8d776fad46d59c435e9f557e87dcde5cfc3368dede399af97a
R6_reacher_0572fff5c1f8d2522d9fef3e,REFIT_103202,R3_ORIGINAL,REPEAT3_REALACT,COMPLETE,1,False,True,e328f39750ebbbab9218edf8398942abacc7ae1ccdc6139f9dca9752c8cc1abc,6c82da2e77f7da8d776fad46d59c435e9f557e87dcde5cfc3368dede399af97a
R6_reacher_0572fff5c1f8d2522d9fef3e,REFIT_103202,R4_ALT_CEM_1,H_POLICY,FRESH_PAIRED_CONTROL,1,False,,4264c95fb3a6748b006ef7bc2104a7503fcb9f78850a09a502847800a6dbc012,
R6_reacher_0572fff5c1f8d2522d9fef3e,REFIT_103202,R4_ALT_CEM_1,REAL3_NULLACT,COMPLETE,1,False,True,c8e9f6db3c229d179a71456ad614a0b69b8c29a5a5353a58e5e3354d417e6a7e,d5ebd5155f246b30c0d189167cd5137a92613b493cb2a8742f60474160243fb4
R6_reacher_0572fff5c1f8d2522d9fef3e,REFIT_103202,R4_ALT_CEM_1,REPEAT3_REALACT,COMPLETE,1,False,True,7f640864003d0d88cec633e72a637d5124f680268da7fb1cf91750507fa9c5fa,d5ebd5155f246b30c0d189167cd5137a92613b493cb2a8742f60474160243fb4
R6_reacher_0572fff5c1f8d2522d9fef3e,REFIT_103202,R4_ALT_CEM_2,H_POLICY,FRESH_PAIRED_CONTROL,1,False,,2a08ec4b9c979a02ba23693dd664e43a99ae0edf1b64f8430998e1ed07be6c40,
R6_reacher_0572fff5c1f8d2522d9fef3e,REFIT_103202,R4_ALT_CEM_2,REAL3_NULLACT,COMPLETE,1,False,True,6452d02e1a065014398d9722a845a006f45666f4d194434e9188b66f875d0727,3e1d0909146761500b164dcb1fbf32fe2edf1e86e5866e5ba4361dbd9d23f57a
R6_reacher_0572fff5c1f8d2522d9fef3e,REFIT_103202,R4_ALT_CEM_2,REPEAT3_REALACT,COMPLETE,1,False,True,22c9d45f936efec5a39e219961588f36c91c1fd381e587fb86b000faa2626da7,3e1d0909146761500b164dcb1fbf32fe2edf1e86e5866e5ba4361dbd9d23f57a
R6_reacher_0572fff5c1f8d2522d9fef3e,REFIT_103203,R3_ORIGINAL,H_POLICY,FRESH_PAIRED_CONTROL,1,False,,916e8206ef5252912ef970d6f5515a22a0d9a26585651274941bf18761dda126,
R6_reacher_0572fff5c1f8d2522d9fef3e,REFIT_103203,R3_ORIGINAL,REAL3_NULLACT,COMPLETE,1,False,True,507028a9f1e826a327b4345f5477f1049642b5cc7a42cda4fd78aea207d31ffa,0dd329ae8929ba6e9c01e43f0a0d0042181664e1cf52062391a917c8dad75e50
R6_reacher_0572fff5c1f8d2522d9fef3e,REFIT_103203,R3_ORIGINAL,REPEAT3_REALACT,COMPLETE,1,False,True,d9c68d7ff21d431f9e6ecf39ba993d2753580f33ffa5b88ba38ec97c3e9b07ba,0dd329ae8929ba6e9c01e43f0a0d0042181664e1cf52062391a917c8dad75e50
R6_reacher_0572fff5c1f8d2522d9fef3e,REFIT_103203,R4_ALT_CEM_1,H_POLICY,FRESH_PAIRED_CONTROL,1,False,,ecf70aae72ffb6e6dcca202f70abc590faddc4c440439f3c11480d427875dccd,
R6_reacher_0572fff5c1f8d2522d9fef3e,REFIT_103203,R4_ALT_CEM_1,REAL3_NULLACT,COMPLETE,1,False,True,ac46d2fd7e9696d18641dabfb5ffd69b95687fd8cb02066cc2e331b1a7c9fc91,a07395ab113fd59846e7e7acfe165a6f11eb371df46584fd8d86bbac7a914a84
R6_reacher_0572fff5c1f8d2522d9fef3e,REFIT_103203,R4_ALT_CEM_1,REPEAT3_REALACT,COMPLETE,1,False,True,ca02e72e19e5f21361e0040513b669f3e5a546de8b02fca267053ef45b7535b6,a07395ab113fd59846e7e7acfe165a6f11eb371df46584fd8d86bbac7a914a84
R6_reacher_0572fff5c1f8d2522d9fef3e,REFIT_103203,R4_ALT_CEM_2,H_POLICY,FRESH_PAIRED_CONTROL,1,False,,d8ee40361fffefb65a24185db153cd7fac5059113cf704cd3239835df9231cd5,
R6_reacher_0572fff5c1f8d2522d9fef3e,REFIT_103203,R4_ALT_CEM_2,REAL3_NULLACT,COMPLETE,1,False,True,403e1b79ae07dba3fd516113b25fe4847c37bc9971270cf6e5daaf22aaab3a95,29af54e45d14c07eb832ef2b5a0a2ca7d4e207478d55712d43c37f1941259bdd
R6_reacher_0572fff5c1f8d2522d9fef3e,REFIT_103203,R4_ALT_CEM_2,REPEAT3_REALACT,COMPLETE,1,False,True,45493566aa0f6ae2bd81aad9de9eb5d45644b9278b4c87627c3ed4b81c6ebbbd,29af54e45d14c07eb832ef2b5a0a2ca7d4e207478d55712d43c37f1941259bdd
R6_reacher_058fbdf2d7805234d86b62e9,H0,R3_ORIGINAL,H_POLICY,FRESH_PAIRED_CONTROL,1,True,,ba0f796c1fb4f67995d113eda18e7da7446af3ed82137e26a7823f0c8bf1beda,
R6_reacher_058fbdf2d7805234d86b62e9,H0,R3_ORIGINAL,REAL3_NULLACT,COMPLETE,0,True,True,013d650adfd4e15fa168adacf44627788bb8702c4f6110a86895c84ffee29686,27f665603682abe6fc55b6b0951bf66d7ade6e02e8201a5a82b7bad2aa1c5092
R6_reacher_058fbdf2d7805234d86b62e9,H0,R3_ORIGINAL,REPEAT3_REALACT,COMPLETE,1,True,True,b29072173b59e4215c04eedcf25e24cd94f6c29f28e07949f48c65f70097dc87,c6f9542919f5dc985d0323fb16add5465af97c261fd41fa1724ccc4d2e257596
R6_reacher_058fbdf2d7805234d86b62e9,H0,R4_ALT_CEM_1,H_POLICY,FRESH_PAIRED_CONTROL,1,True,,efcc1e9262106a392af080920a420bf0d07c19b1c76d07b57988c65f33ef633e,
R6_reacher_058fbdf2d7805234d86b62e9,H0,R4_ALT_CEM_1,REAL3_NULLACT,COMPLETE,1,True,True,8c946566426606fe5560a2a215238553efac50baddfb790d644ae8162b327d14,8932a110426d7d0fc3e36ff7a8025bdf78d737f0c92c3f0864ab640d81c563de
R6_reacher_058fbdf2d7805234d86b62e9,H0,R4_ALT_CEM_1,REPEAT3_REALACT,COMPLETE,1,True,True,246df7a0ea453cc2cc592769761d4ea3690e9f3519c09c7e83ca414f98731018,7eda8be3b8802734e98d250c6041ad6266644227eb36ce4531f068e8bcd139d9
R6_reacher_058fbdf2d7805234d86b62e9,H0,R4_ALT_CEM_2,H_POLICY,FRESH_PAIRED_CONTROL,1,True,,040c9a570310ac80950afdf605b2531f5cbeff8795f3baebe44ee42dabc72790,
R6_reacher_058fbdf2d7805234d86b62e9,H0,R4_ALT_CEM_2,REAL3_NULLACT,COMPLETE,0,True,True,58c318d8b1862ddd6cb9498799252f6c275ab5dd8cf548d5be50268dbd333177,77f47a63d87f599c5aeb1e1d57b224668ac547133bd461d59195598d5422c2d6
R6_reacher_058fbdf2d7805234d86b62e9,H0,R4_ALT_CEM_2,REPEAT3_REALACT,COMPLETE,1,True,True,7abc544a38b526f15fc1fe218b709cee30d89aea4ca58f2c4b7af25b4f17d5f3,573bc521bafb67a996010504646f17f21dbde9a462b3f35236483702a6907a2f
R6_reacher_058fbdf2d7805234d86b62e9,REFIT_103201,R3_ORIGINAL,H_POLICY,FRESH_PAIRED_CONTROL,1,True,,17fee55e8ee058c2f7dd66d94a33fd635f421691e79f943df0c682a7a231e7c9,
R6_reacher_058fbdf2d7805234d86b62e9,REFIT_103201,R3_ORIGINAL,REAL3_NULLACT,COMPLETE,1,True,True,e0c655b5ffe2398b608ca39c88b2bf3037e53685ff1e07bc82216660c0aea8c1,623695de9cc3f3218d8ea0f64655b554a417eee60673323685d8d63815414583
R6_reacher_058fbdf2d7805234d86b62e9,REFIT_103201,R3_ORIGINAL,REPEAT3_REALACT,COMPLETE,1,True,True,86d090d43b6464b75317aa2427309b32eb5906b145c42b4a4a71633b4365edb2,11b6b364a7c2e778aabe9b2cffa1a5982fcd1450e1a5a4db273ce45b92ee0dcc
R6_reacher_058fbdf2d7805234d86b62e9,REFIT_103201,R4_ALT_CEM_1,H_POLICY,FRESH_PAIRED_CONTROL,1,True,,f2306f2bbdfe96d7c788e484681637a38bc826935b41c1819a99057b216e3bb9,
R6_reacher_058fbdf2d7805234d86b62e9,REFIT_103201,R4_ALT_CEM_1,REAL3_NULLACT,COMPLETE,1,True,True,069364e95a89111fd2d70e8d684b36180962d2e371e989c2c57245196fa3ebab,5f00bf9d74047f16ac4cb72902f6efdc41d956d018226070c15702b4e369369d
R6_reacher_058fbdf2d7805234d86b62e9,REFIT_103201,R4_ALT_CEM_1,REPEAT3_REALACT,COMPLETE,1,True,True,6db6f0d095e692483312d985bda630f8f876cc055fc0b35561c7af0a7b3d8bfb,9f723b4366b3a4a17437e13d9d4d6eea3edb9439c1e21b4443052e423e809696
R6_reacher_058fbdf2d7805234d86b62e9,REFIT_103201,R4_ALT_CEM_2,H_POLICY,FRESH_PAIRED_CONTROL,1,True,,0446fbeaa49eec6c867a25626e805f9043646df27476f729fde4d5fc06161410,
R6_reacher_058fbdf2d7805234d86b62e9,REFIT_103201,R4_ALT_CEM_2,REAL3_NULLACT,COMPLETE,1,True,True,2beedf70f65f7cb08dd48e10692e7e48ebf1b27db6a44de6f1e64ae7b3e06f77,76eb301b00480c4d091e6a8b91ddf60dcec48e0e849c3794b759465b8c9d3ada
R6_reacher_058fbdf2d7805234d86b62e9,REFIT_103201,R4_ALT_CEM_2,REPEAT3_REALACT,COMPLETE,1,True,True,7080231a5c1c28a20dbb3889301980500334d3ad40ebdd78e131f3c0100e3ff6,05ea8eac88c8deba59dbff59895cde62f6b905081f8db5947bf3ebb1e5627947
R6_reacher_058fbdf2d7805234d86b62e9,REFIT_103202,R3_ORIGINAL,H_POLICY,FRESH_PAIRED_CONTROL,1,True,,66b4a2bdbe6b2a0c2cb2c790233dde204e36526fe0de7207c096b35bc291b663,
R6_reacher_058fbdf2d7805234d86b62e9,REFIT_103202,R3_ORIGINAL,REAL3_NULLACT,COMPLETE,1,True,True,af26c5533a9fe6f1a2667df915299c7c33ccbf5905769c37881cd549d18c2f42,b931fbdfcea9b9967ed006a8c0ad994c896ed80e5e0cfbb07050d1922ebfb52d
R6_reacher_058fbdf2d7805234d86b62e9,REFIT_103202,R3_ORIGINAL,REPEAT3_REALACT,COMPLETE,1,True,True,d5ad1c8ebdbed4e18d735728803a334bd6453680dd8864df65975466d0b8d1fa,7f9075887579d9e43b111e4f76d4843489d475689e97d0e3be84274265677a5b
R6_reacher_058fbdf2d7805234d86b62e9,REFIT_103202,R4_ALT_CEM_1,H_POLICY,FRESH_PAIRED_CONTROL,1,True,,204995b4f6bd5194248710033938cf2bb605f53a1365b9cff6dfdf649600d632,
R6_reacher_058fbdf2d7805234d86b62e9,REFIT_103202,R4_ALT_CEM_1,REAL3_NULLACT,COMPLETE,0,True,True,835401ec0433e5caae560521d8333d383c5080662b420a4058755c3943d90273,f5fdcbfba94a114074dd7f470ece50aa65414fbccc2af9a264388829e261b5ed
R6_reacher_058fbdf2d7805234d86b62e9,REFIT_103202,R4_ALT_CEM_1,REPEAT3_REALACT,COMPLETE,1,True,True,6177a3543a0d4e2a985948b85bbfa52697cc7ba879536f3fd0a1f452c6e47fc3,68325e2e3a56daf15f8346f77cdb8cd9e8cd68f7e3a8c04c8690af48ab2adf9a
R6_reacher_058fbdf2d7805234d86b62e9,REFIT_103202,R4_ALT_CEM_2,H_POLICY,FRESH_PAIRED_CONTROL,0,True,,4abc6b808717eaf02e81c14ac8c118af5b7e932c7b304c59133ab90a7e9b5029,
R6_reacher_058fbdf2d7805234d86b62e9,REFIT_103202,R4_ALT_CEM_2,REAL3_NULLACT,COMPLETE,1,True,True,63335b22b1baea0e8423231f1846a2197cabb7009170e3a2cf0948e7bfcb775c,cd0d2f56765440e40b5b8aca628af8c2e6c058fb16a7e8496f1cf02d80495b1d
R6_reacher_058fbdf2d7805234d86b62e9,REFIT_103202,R4_ALT_CEM_2,REPEAT3_REALACT,COMPLETE,1,True,True,889359ea14ca0808a7eeb6e592eacf863e04912178c379bafa5792f546d1bf44,425bfd4a02a94edbc3c8aced7004fb82cf7e6969f5804a8aba678e8e342adb58
R6_reacher_058fbdf2d7805234d86b62e9,REFIT_103203,R3_ORIGINAL,H_POLICY,FRESH_PAIRED_CONTROL,1,True,,9ccd90e83e9068170c228cb1889d3396d990b511c3ba1e7525e02fcd7e9d2be7,
R6_reacher_058fbdf2d7805234d86b62e9,REFIT_103203,R3_ORIGINAL,REAL3_NULLACT,COMPLETE,1,True,True,2a7605022017ac2fa0f3e2e6e5bdc1a121be1f8012e2f4aace2f2848fc5d6d5f,01f30537c7ca194d839f84cf70fdd593fecd1d7bcbd064bae8af5b98938fd2b3
R6_reacher_058fbdf2d7805234d86b62e9,REFIT_103203,R3_ORIGINAL,REPEAT3_REALACT,COMPLETE,1,True,True,532e6468000812dd0a34e26ed4a01ddfd3f8f08c08aede79309fecd1aea26d7b,fe9a4211e05f84bccb4edd74c8ebb8c32cbb3814c231ef61533ff77bf08479c0
R6_reacher_058fbdf2d7805234d86b62e9,REFIT_103203,R4_ALT_CEM_1,H_POLICY,FRESH_PAIRED_CONTROL,1,True,,6297f86cf99ab6e5dfbf5e463e1aba47b6235ba957080ded19f4b42021d0dc9b,
R6_reacher_058fbdf2d7805234d86b62e9,REFIT_103203,R4_ALT_CEM_1,REAL3_NULLACT,COMPLETE,1,True,True,5baf827a683be2d968003155b43f0fcdfe7bd27c4988dd7a99cecd2feadd12c7,a3cbf9f4d99b9db78f0477f2a29cce534a5e5c0457e600ca697fc9b1cda15b5a
R6_reacher_058fbdf2d7805234d86b62e9,REFIT_103203,R4_ALT_CEM_1,REPEAT3_REALACT,COMPLETE,1,True,True,2fd61ee1233d234c5a975a7ab3a0fa3f76506f76232ed10291e7902acba8a932,74d44b78849715a950d49d10ee5af39f1708855bb1e6c5ff42dd84cb53c689b6
R6_reacher_058fbdf2d7805234d86b62e9,REFIT_103203,R4_ALT_CEM_2,H_POLICY,FRESH_PAIRED_CONTROL,1,True,,e5f762dae5f939c1691626dee917e02ce314c30b5acc0902e10d023d0f595809,
R6_reacher_058fbdf2d7805234d86b62e9,REFIT_103203,R4_ALT_CEM_2,REAL3_NULLACT,COMPLETE,1,True,True,b2b82819b4686009e61fe977efff09d1e8bf1d7b063b232f4047f688c23b2fad,7d252521e2d005e765ee46aa5cfcefbd229d9832691bf0ce4a0e729c6afd0999
R6_reacher_058fbdf2d7805234d86b62e9,REFIT_103203,R4_ALT_CEM_2,REPEAT3_REALACT,COMPLETE,0,True,True,c3c300381eb56c1ba4f0fcccc50c118bced82fc9741ccaabbc03ce9aa63cfec4,e3dbd521efea9d9478a893cc5e952838c0f2acd486954d2e7e86572e97c9d1ab
R6_reacher_05b7debf402e51340c75b891,H0,R3_ORIGINAL,H_POLICY,FRESH_PAIRED_CONTROL,1,True,,f24a2de78459159059ecb1ea526fd5050f8675e9878df5d1b2f3fff3329bfe26,
R6_reacher_05b7debf402e51340c75b891,H0,R3_ORIGINAL,REAL3_NULLACT,COMPLETE,1,True,True,95479edf7f60bf8ab86791a339aab56ae9cd863c32c21b9b6f9247c153d0db6f,9b2fcb95c8850119e8067689fd7071f921ee8de76bf941fa389762da81ba9880
R6_reacher_05b7debf402e51340c75b891,H0,R3_ORIGINAL,REPEAT3_REALACT,COMPLETE,1,True,True,3d4688ab3c2b4a8f67d067880b8607900ae1bf00680826444574b56cc6fb14b9,cbfd94768f6f8a55d1e885e295684e6b97e4b3d7c349949f9c767be0d613827b
R6_reacher_05b7debf402e51340c75b891,H0,R4_ALT_CEM_1,H_POLICY,FRESH_PAIRED_CONTROL,0,True,,ba17a512397cebe07ca8b85e6e198a92ac7d35e30acd30c08d8a020eef5b93b0,
R6_reacher_05b7debf402e51340c75b891,H0,R4_ALT_CEM_1,REAL3_NULLACT,COMPLETE,0,True,True,8a0ef761005d6b257eeabcad855a9438ad60d80e34e9426e6d5207f413ad847f,14c34a752a52596a2dc46e430f8d1b4065f0c4ddf0098b41c80f6bbce7694568
R6_reacher_05b7debf402e51340c75b891,H0,R4_ALT_CEM_1,REPEAT3_REALACT,COMPLETE,1,True,True,e17016acf556f9e828d5e6d6cb681c263a204e756ca723e601d8632080a53f1a,ba8a3522fc93942c68e33fc89709740b6c27e0c16bff26b714fbd771587c122e
R6_reacher_05b7debf402e51340c75b891,H0,R4_ALT_CEM_2,H_POLICY,FRESH_PAIRED_CONTROL,1,True,,b80f211ed36cf9e2bbaf13b8d8cff6f91cdd1c339da5d4cdcec1cb4c92958935,
R6_reacher_05b7debf402e51340c75b891,H0,R4_ALT_CEM_2,REAL3_NULLACT,COMPLETE,0,True,True,1370d6269f2fea71dd57e2987d9155e1bb9751b46a9cf2d38158c0515ae6b4c1,5fc31fd631b30c89944ef47ec2d0aa2855303375efc482edeff0ad966f047d18
R6_reacher_05b7debf402e51340c75b891,H0,R4_ALT_CEM_2,REPEAT3_REALACT,COMPLETE,1,True,True,308c01a8f835b0eaca443ce994cb1de66c720003adcbb3ce78d8400f8b29c068,7159bee088b72bebebdcabeb64d2c32095b1576368d640364ca525de69db20d4
R6_reacher_05b7debf402e51340c75b891,REFIT_103201,R3_ORIGINAL,H_POLICY,FRESH_PAIRED_CONTROL,1,True,,05287ba6e994ec4324d43d4f13d033b33372e8f9f2df0460a0fe716bac7d7d11,
R6_reacher_05b7debf402e51340c75b891,REFIT_103201,R3_ORIGINAL,REAL3_NULLACT,COMPLETE,1,True,True,2330bfe5ae3f23b1dba2d11f842231a66f2c3e542c7686b8a67394c379d88846,aeec29be5a0a5d05b51f6b87a4a21889307703f579923111946783e6ac583e8b
R6_reacher_05b7debf402e51340c75b891,REFIT_103201,R3_ORIGINAL,REPEAT3_REALACT,COMPLETE,1,True,True,ef2d29374049884392296d8a0409c5f927e17d298f52b3b586fb3b761be79d01,dc1fb495ef7211a691e3c9172c53d57b7fcc46dc776ec36d40721f4b301487b0
R6_reacher_05b7debf402e51340c75b891,REFIT_103201,R4_ALT_CEM_1,H_POLICY,FRESH_PAIRED_CONTROL,1,True,,adf18d2fa0d6f8f8b08d42aee3e0c78d5ea33fccd5aff9e0bc629bdd7c207b86,
R6_reacher_05b7debf402e51340c75b891,REFIT_103201,R4_ALT_CEM_1,REAL3_NULLACT,COMPLETE,1,True,True,d88d455cf158fb119067486208abe392319f6b1df22bc0dc4a79bdc990f448c2,53b92018f14473f1b752c004aca50ed8181c5d2b96918b4cff7029891dd025e6
R6_reacher_05b7debf402e51340c75b891,REFIT_103201,R4_ALT_CEM_1,REPEAT3_REALACT,COMPLETE,1,True,True,86cf95873099606d16d8cc8fa7ca1fe7a2b6421d25399b8322b010498b54fcf5,144a5e9196a6e3b4ff2db0c05a6fe9c501a0791ae5d9651f4118d2ceb8df870f
R6_reacher_05b7debf402e51340c75b891,REFIT_103201,R4_ALT_CEM_2,H_POLICY,FRESH_PAIRED_CONTROL,0,True,,ebb426f11f698015c938b43dcdf354b3d8a7be7622dd737f2a8f9d5160a3bbf7,
R6_reacher_05b7debf402e51340c75b891,REFIT_103201,R4_ALT_CEM_2,REAL3_NULLACT,COMPLETE,0,True,True,f00205620713379cda3a03d137e211e6ed1fd0ab61c13baa587cb510cc1038c9,33138b7e06050713520825880be2c81acd76dd5780ab19df6ba7ca7a4e6378c0
R6_reacher_05b7debf402e51340c75b891,REFIT_103201,R4_ALT_CEM_2,REPEAT3_REALACT,COMPLETE,1,True,True,18ffe732c5200135859e273a4f07c1dc2c832f8e5149fbb097094fea6333e518,416049198be7a14ae7d619bcc960bf62fdeb5d5cc2ed451ff6149d4b82f95ac2
R6_reacher_05b7debf402e51340c75b891,REFIT_103202,R3_ORIGINAL,H_POLICY,FRESH_PAIRED_CONTROL,1,True,,07646b41646bca4c0179c4a670cf1046e1777e202bd36aefb55ff9b8dc9b22b0,
R6_reacher_05b7debf402e51340c75b891,REFIT_103202,R3_ORIGINAL,REAL3_NULLACT,COMPLETE,1,True,True,f5b900fb9f4b9cfe6015de04788ca84d8b694ff21be4ccc81ae9cdfc3d4e0f0b,fc9d692ce58fe904d9d04664adc386a22a91b35f02280bb5b5b8a511dee964cd
R6_reacher_05b7debf402e51340c75b891,REFIT_103202,R3_ORIGINAL,REPEAT3_REALACT,COMPLETE,1,True,True,e1424b098c3decf9c1cb364267d7a04bf2581d2c48ac0bc48e28af2f042cbc72,e350bb735f0bc2b45f73fdf7c02a3ea86a28d7051891f75a0eb5d2b0615c35f8
R6_reacher_05b7debf402e51340c75b891,REFIT_103202,R4_ALT_CEM_1,H_POLICY,FRESH_PAIRED_CONTROL,1,True,,044ff73af1062c3224d5a6001d15d31953db4cfb0118e8961cd9f691bb33cf97,
R6_reacher_05b7debf402e51340c75b891,REFIT_103202,R4_ALT_CEM_1,REAL3_NULLACT,COMPLETE,1,True,True,ac9af88c84910453a5884cf18956039914606e76bfbc0e2ef59d53a1ae72c16c,419446156234323355dc2863e903936fb254fa8650f6783a65999f74564640df
R6_reacher_05b7debf402e51340c75b891,REFIT_103202,R4_ALT_CEM_1,REPEAT3_REALACT,COMPLETE,1,True,True,96937b40bb43978186dee3d31e51a47070bdd8eb311c5947de53d7d70da52715,9bedf432481735c6abec0d35d0924848fd6d74b80f9817b0ff0b6ced163bb28e
R6_reacher_05b7debf402e51340c75b891,REFIT_103202,R4_ALT_CEM_2,H_POLICY,FRESH_PAIRED_CONTROL,1,True,,9c2487ce20d8aa02a30020cef2b6da5cedbe9e8d0b654574db853377a7fa321c,
R6_reacher_05b7debf402e51340c75b891,REFIT_103202,R4_ALT_CEM_2,REAL3_NULLACT,COMPLETE,0,True,True,031e6944162590080a5e7942ca95c64c49e972592259f16543838d17e1c39fca,f539c4de567d090ed39eee04847257eaac1c2d303eff7fada093eefb63f21aa8
R6_reacher_05b7debf402e51340c75b891,REFIT_103202,R4_ALT_CEM_2,REPEAT3_REALACT,COMPLETE,1,True,True,1b0bfd1f123adc7d1c2bef509ea609195e3d10dc347782d4c4c8e558c37f951e,e99ca2d60c034efa195b4719d0b0633f9d09150f3173080b2d2a786d042595bd
R6_reacher_05b7debf402e51340c75b891,REFIT_103203,R3_ORIGINAL,H_POLICY,FRESH_PAIRED_CONTROL,1,True,,2a43d18bc3547ad2c3a8b85b568f857c36bffea6ba6c02e67021321b16c93ee3,
R6_reacher_05b7debf402e51340c75b891,REFIT_103203,R3_ORIGINAL,REAL3_NULLACT,COMPLETE,1,True,True,512b60e3d109ac88d43c115784cdb19c7e4add7142643c74186a4b070a3bfde0,f11ac442834c727f50ed0f893d4bd01dd8dd7b1100d3414de9b336db1acd6568
R6_reacher_05b7debf402e51340c75b891,REFIT_103203,R3_ORIGINAL,REPEAT3_REALACT,COMPLETE,1,True,True,bbda146263fd9df5e974292da1d801d6165de3a74446b074e9b0d346aaf612d1,792c77663730988d47b6011e18d64021bd643b4861cf8913ab77cecfa8ea3d13
R6_reacher_05b7debf402e51340c75b891,REFIT_103203,R4_ALT_CEM_1,H_POLICY,FRESH_PAIRED_CONTROL,1,True,,3da513caca1c04a367b827145a7903fd14876f76366f048dc3fc7054a58e5562,
R6_reacher_05b7debf402e51340c75b891,REFIT_103203,R4_ALT_CEM_1,REAL3_NULLACT,COMPLETE,1,True,True,77870027f383c993ac686d4735add651f6d00669c3164738cfca8c8b0e5f31f6,34067c3135d48415fbc7926accb3974f6d1193bf96836bcb81c244b9c3508bf4
R6_reacher_05b7debf402e51340c75b891,REFIT_103203,R4_ALT_CEM_1,REPEAT3_REALACT,COMPLETE,1,True,True,4b3052a3063de19b08b660cc3bd72b9ba3de7ee20c912ac8c9a9c8774c8b678e,b5a8d335712e9df63830f2bbd643e72e8d6c85b8c1c847c5072f1987cbb958fe
R6_reacher_05b7debf402e51340c75b891,REFIT_103203,R4_ALT_CEM_2,H_POLICY,FRESH_PAIRED_CONTROL,0,True,,e27fc7f99d61df0ee9a7a47d1ec3856c4ee3b233637b0393b85854da3d1c2d2b,
R6_reacher_05b7debf402e51340c75b891,REFIT_103203,R4_ALT_CEM_2,REAL3_NULLACT,COMPLETE,0,True,True,38b0de25e06d5ac307c22fa05f3f28a0456b30e9e1eb132d768e91074d663bba,a066fbdca8d61488fd6b292d922ce87eba413fcbe3b3a6759746a7f563440b28
R6_reacher_05b7debf402e51340c75b891,REFIT_103203,R4_ALT_CEM_2,REPEAT3_REALACT,COMPLETE,1,True,True,1c756de9027f11e17cb2e684177213fe289fdaf42457cff1f9d9a303f855dfc4,90982d9c560bb7bc3e78956e64d295244760dc5f5b1d4dc1b0a45bcf910f0b51
R6_reacher_05d9adfbb7fea330209f9d6e,H0,R3_ORIGINAL,H_POLICY,FRESH_PAIRED_CONTROL,1,True,,96025ac7ed29af867c5ec37ba929ab1682c5c9907ef69bc17ba655df9dc610d0,
R6_reacher_05d9adfbb7fea330209f9d6e,H0,R3_ORIGINAL,REAL3_NULLACT,COMPLETE,1,True,True,42a06923cab8496dc7364bc22f7d1c17c9dfdcab7716ab0679f73effa8a0dcff,c275c3a5103837dfad92b3298555e38cdff5ec10a3267d5f3f4f104c65f8d2b3
R6_reacher_05d9adfbb7fea330209f9d6e,H0,R3_ORIGINAL,REPEAT3_REALACT,COMPLETE,1,True,True,a58974aa0b4d736197d98ce341ab5a03ec1ab7c97d756a891ae4bc4ace9ff1f4,36d900137d4bbe645166cd170164b49392de1aff45cf7266b3bd7c65e2f76e1f
R6_reacher_05d9adfbb7fea330209f9d6e,H0,R4_ALT_CEM_1,H_POLICY,FRESH_PAIRED_CONTROL,0,True,,dbcac37f52afdda66f52a39976e1df7c7ab8e2398c3db55756abe6cd4d257ee0,
R6_reacher_05d9adfbb7fea330209f9d6e,H0,R4_ALT_CEM_1,REAL3_NULLACT,COMPLETE,0,True,True,a0f21529d014fd65e863bf198f8b2ff14e98a1ac4134b57d6283b5170d7cb1f2,c2c092c3b6f3cafe3361b288a347bc322c0be9db3e8430903609f32a19f6900d
R6_reacher_05d9adfbb7fea330209f9d6e,H0,R4_ALT_CEM_1,REPEAT3_REALACT,COMPLETE,1,True,True,eb3861bf7617fb3e788d293d6c7ce7e2746884b9f0333299ea44f72e539bc1f6,87a875e3939fe515266c992b615ff01b044d5e0a4c483b119361aa467132416d
R6_reacher_05d9adfbb7fea330209f9d6e,H0,R4_ALT_CEM_2,H_POLICY,FRESH_PAIRED_CONTROL,1,True,,ae53b1292ce8e0cce7a2b3cfced80ab92596247caa45bb3528097bbc43a0bc0e,
R6_reacher_05d9adfbb7fea330209f9d6e,H0,R4_ALT_CEM_2,REAL3_NULLACT,COMPLETE,1,True,True,ea96a2a902dab5eb5963fd4ce6530cda7f45eebb439cd31ca4b2e0e5e200d521,28d13a764952af0d17e12c9f6852c7664c349961341e23e555f4ecdab822bc2a
R6_reacher_05d9adfbb7fea330209f9d6e,H0,R4_ALT_CEM_2,REPEAT3_REALACT,COMPLETE,1,True,True,4ad0926800d8b7e6de4359e4227fd844bba30329d98265f13107ebdb51393645,51fa17326123ed18ebf32d3cc54b5c0629e4ba66c7ea03d18febba588eca478a
R6_reacher_05d9adfbb7fea330209f9d6e,REFIT_103201,R3_ORIGINAL,H_POLICY,FRESH_PAIRED_CONTROL,0,True,,35320951ad3577bb01fe9705e1765651f4e6c70a196a43c3393ba0f7595066fc,
R6_reacher_05d9adfbb7fea330209f9d6e,REFIT_103201,R3_ORIGINAL,REAL3_NULLACT,COMPLETE,0,True,True,65324c21d8ec519f34df9ff13fcecaf397decabc883e7758c00c631eae3a77cd,5339c629f0df8431490b84dfae0a876e1778ac22d54e2571a5c4d1162f2f8a7f
R6_reacher_05d9adfbb7fea330209f9d6e,REFIT_103201,R3_ORIGINAL,REPEAT3_REALACT,COMPLETE,0,True,True,d2dfa531be2890fa5745f292c7ae32e9904a5685941acf3ed2a302fce3d144c0,19ff49cd662b79d59d563b20e2f2d5ed0ce712a9c123ac21198bdf637f7016b0
R6_reacher_05d9adfbb7fea330209f9d6e,REFIT_103201,R4_ALT_CEM_1,H_POLICY,FRESH_PAIRED_CONTROL,1,True,,005028b786a5cc76f5087e85c99836e699a86cba1a5138823e75f91c16422ae7,
R6_reacher_05d9adfbb7fea330209f9d6e,REFIT_103201,R4_ALT_CEM_1,REAL3_NULLACT,COMPLETE,0,True,True,bf020d1d5bf69a28b7ad03dcfa4af09428be868cc149c2d10cae9cf67b61606e,29da0323e79b752a763ba727efbf467fe8d901ef6c428dabe94a835e129c861d
R6_reacher_05d9adfbb7fea330209f9d6e,REFIT_103201,R4_ALT_CEM_1,REPEAT3_REALACT,COMPLETE,1,True,True,c4359d80086b34f3a6c647636b009b749b635dd338174c76fc8dd43567101ef4,5780eb9e60fb363dc4bf13ab105453bcd9f1fce17d81d60a89ee6a2314ba810e
R6_reacher_05d9adfbb7fea330209f9d6e,REFIT_103201,R4_ALT_CEM_2,H_POLICY,FRESH_PAIRED_CONTROL,1,True,,06955fc2384a7b3c983992035b02c787bfaf116b922bb4f48dd988237fcc82a6,
R6_reacher_05d9adfbb7fea330209f9d6e,REFIT_103201,R4_ALT_CEM_2,REAL3_NULLACT,COMPLETE,1,True,True,4862ae12c53a68de839b71f4426a9e745c946ae79b5496764c5a730e93de82a2,f26e98377878ea72b902673e33ccadcd19b06fa0e3c051413ab1de0146f71c5c
R6_reacher_05d9adfbb7fea330209f9d6e,REFIT_103201,R4_ALT_CEM_2,REPEAT3_REALACT,COMPLETE,1,True,True,56df2b38fa635383f6eb246788b85facbbb9afbee4b745ff97716ea47a2e4485,91baf17db9f6ed8ae87cdd4bf631fd3f8c7adcfbf22400da02324872e68e0fde
R6_reacher_05d9adfbb7fea330209f9d6e,REFIT_103202,R3_ORIGINAL,H_POLICY,FRESH_PAIRED_CONTROL,1,True,,845c74c9e4e9b4cbf98f7fd76a429f742513823dedfa12a587b4717d4e71316c,
R6_reacher_05d9adfbb7fea330209f9d6e,REFIT_103202,R3_ORIGINAL,REAL3_NULLACT,COMPLETE,1,True,True,7a60a403a956cafd4000004300dfdc8f6cfa9260acbf98ed386165df43d971c7,30a3067835de13762eae9f225b3f7a00227b83c106728612bef438b1e4f49508
R6_reacher_05d9adfbb7fea330209f9d6e,REFIT_103202,R3_ORIGINAL,REPEAT3_REALACT,COMPLETE,1,True,True,1095b9816feee202e9a2980c3cd0cbdbd34900fbf74a2da404eab6e80d00d422,581c4fc942c5bef6e7c55494fdfa46206a3015e71a1747820e61830d6e03ccef
R6_reacher_05d9adfbb7fea330209f9d6e,REFIT_103202,R4_ALT_CEM_1,H_POLICY,FRESH_PAIRED_CONTROL,1,False,,64e22ff400ae8540cd2a209da8a802c3f28daeabb410b350fc334d1e87d30fa9,
R6_reacher_05d9adfbb7fea330209f9d6e,REFIT_103202,R4_ALT_CEM_1,REAL3_NULLACT,COMPLETE,1,False,True,a838d1d9e9ebdce6a3091e8df81985dbc069662a509c6fd808a06918efbcd276,fbcf3c8cc47a32672d59bb4cf703e80f4b0e84dc48cbb71a151affe7355aa1e4
R6_reacher_05d9adfbb7fea330209f9d6e,REFIT_103202,R4_ALT_CEM_1,REPEAT3_REALACT,COMPLETE,1,False,True,4c3b5b152774559232b947eec70cae4697ebb2c3699c92e22b487b2057dce91f,fbcf3c8cc47a32672d59bb4cf703e80f4b0e84dc48cbb71a151affe7355aa1e4
R6_reacher_05d9adfbb7fea330209f9d6e,REFIT_103202,R4_ALT_CEM_2,H_POLICY,FRESH_PAIRED_CONTROL,1,True,,4e8ef7ae24edcf90a492240610677b14f750cf56a9cdb06eda877ed73a83c057,
R6_reacher_05d9adfbb7fea330209f9d6e,REFIT_103202,R4_ALT_CEM_2,REAL3_NULLACT,COMPLETE,1,True,True,3c597bbd562d7d26bedd162e7237b6a43874772c133185e81ce2f6c1480ccaee,04c8d20e571117aca053d8e1cc7a0db6e169b6112c8e1b3622a0cbb88c4076e5
R6_reacher_05d9adfbb7fea330209f9d6e,REFIT_103202,R4_ALT_CEM_2,REPEAT3_REALACT,COMPLETE,1,True,True,09128d90c8a29fba6fe56f00b7ddd9e34ed2a706efd476838ec6f24e3b79d24e,312265df561c9238d8db1a5ad906b15325c58d693852d5164471db49522c15ef
R6_reacher_05d9adfbb7fea330209f9d6e,REFIT_103203,R3_ORIGINAL,H_POLICY,FRESH_PAIRED_CONTROL,1,True,,dd9436464b074a8c177988c0c27cf130a6ace72ada221ae5fdc67d27605278a9,
R6_reacher_05d9adfbb7fea330209f9d6e,REFIT_103203,R3_ORIGINAL,REAL3_NULLACT,COMPLETE,1,True,True,d0627ff02526fc1238fb3a6173592b3aaadf08c97267b133518f2c54ccd33797,22853f5f92bb2fc0caeea5ec82d686e84dad2342440f36a2abcad201c03cf6df
R6_reacher_05d9adfbb7fea330209f9d6e,REFIT_103203,R3_ORIGINAL,REPEAT3_REALACT,COMPLETE,1,True,True,03aad2c76ff464df18fda4ca3cb22e238acc1c02e444f89ce0c3e91a3b00727c,4ad57a2dbcc2141e8972a8bf79a07d355dd326d3b82a0a5d74ffc9945cd2942f
R6_reacher_05d9adfbb7fea330209f9d6e,REFIT_103203,R4_ALT_CEM_1,H_POLICY,FRESH_PAIRED_CONTROL,0,True,,e50174046fee7f3dbcb16a4044c83f5187d163acb215ea3b3c568eab5b3b9385,
R6_reacher_05d9adfbb7fea330209f9d6e,REFIT_103203,R4_ALT_CEM_1,REAL3_NULLACT,COMPLETE,0,True,True,de4e160300cac5f28a0bd76b83ffd4b2fae33182d6efa3942b5afd4b9acd6b0a,95b2527720cd6e6d31bc421c9656c00f83ef3c708111c0abc3dc86cb5d891576
R6_reacher_05d9adfbb7fea330209f9d6e,REFIT_103203,R4_ALT_CEM_1,REPEAT3_REALACT,COMPLETE,1,True,True,b71292802583b339530be440d569ff9577c6fe11277f5b92b3edc6bc6b271ee2,dedcdf4ae032054980c24f71a978ebbafa5eddaae72bc79388e0d9b2f7e480f3
R6_reacher_05d9adfbb7fea330209f9d6e,REFIT_103203,R4_ALT_CEM_2,H_POLICY,FRESH_PAIRED_CONTROL,1,True,,af6c63f261fe889b590467ecea9a7fa01c3c81393c42d0e70a9084a5f27bf87f,
R6_reacher_05d9adfbb7fea330209f9d6e,REFIT_103203,R4_ALT_CEM_2,REAL3_NULLACT,COMPLETE,1,True,True,26a01bbda54163fcd86f47a9a75f6260e9b1d1857e876dae23a119ce0d7bf5d2,b575551c2000110aadad9c0c27033118178b882408c60d03c14db6165a443e8b
R6_reacher_05d9adfbb7fea330209f9d6e,REFIT_103203,R4_ALT_CEM_2,REPEAT3_REALACT,COMPLETE,1,True,True,c1b7efa06e788f75585a3b271d963ec316b03024e689a8665d893d66044d4fe0,4c38248403eb5930e4844137d4b5afc86b3b726377f35338131870cee45a4be1
R6_reacher_0604aded9586b94217e9ae71,H0,R3_ORIGINAL,H_POLICY,FRESH_PAIRED_CONTROL,1,True,,4bec986016e5835cc9269186fb0b1a1a488a4f127aa5dc51366f2927da42270e,
R6_reacher_0604aded9586b94217e9ae71,H0,R3_ORIGINAL,REAL3_NULLACT,COMPLETE,1,True,True,dd18a1d14ee66e9d369d7d624b58070366e151d988540066886f5464dee2b185,f78afa103f01dfdea8f592e5baa9aea0803a8379561aec259afab29e5c14cf38
R6_reacher_0604aded9586b94217e9ae71,H0,R3_ORIGINAL,REPEAT3_REALACT,COMPLETE,1,True,True,8a4ec6a867114e68483becc6b1e4913d357acc51cb42fc4a1537b3f2cd1d2b53,f8506f1fbbe8fad06cbfe80b7a6c74fa19f4d6b8e264f6e1dc76a41c13eb4d5e
R6_reacher_0604aded9586b94217e9ae71,H0,R4_ALT_CEM_1,H_POLICY,FRESH_PAIRED_CONTROL,1,True,,f1bcc68c8ca35afc61bf3d2abc4230de1dfbdf85e6058e61d53473c8d686529e,
R6_reacher_0604aded9586b94217e9ae71,H0,R4_ALT_CEM_1,REAL3_NULLACT,COMPLETE,0,True,True,abfc5d6601cdc09adff2ddc492ce4a7216c52994cc555937030924b61cefe14d,9492fc61f2e011c1d4cd440845a80f3db1175841d3add0d694e89bb0c0de2b6b
R6_reacher_0604aded9586b94217e9ae71,H0,R4_ALT_CEM_1,REPEAT3_REALACT,COMPLETE,1,True,True,ebab663872f299b847391bc1e9ab523f00fcb0decbacb0c3903a638447f11e8e,44486d7b915844fea9e84367acb02ef63f2d3e842c4553babada5adc0b3c7202
R6_reacher_0604aded9586b94217e9ae71,H0,R4_ALT_CEM_2,H_POLICY,FRESH_PAIRED_CONTROL,0,True,,2e8016afae4cc48c6bc80169b71783e6cc1983d0458af5923a127f1860d2f868,
R6_reacher_0604aded9586b94217e9ae71,H0,R4_ALT_CEM_2,REAL3_NULLACT,COMPLETE,0,True,True,80a0089df9df42fca99ebbb20bf9f85ad3a6dd87568cae28d77d9bac7755995b,8b9d74f42e2b07c7a8dddd8b51b8fa47a767118022eaff202a36a40950227165
R6_reacher_0604aded9586b94217e9ae71,H0,R4_ALT_CEM_2,REPEAT3_REALACT,COMPLETE,1,True,True,face5e42f1fe83b85d850f664cd8198aee9760f7d371c54b433298fee8ef346f,6f018f972b9ebb39231e4b0b46644c17312c1ad6c8b365141d2d1f6499d9e7b0
R6_reacher_0604aded9586b94217e9ae71,REFIT_103201,R3_ORIGINAL,H_POLICY,FRESH_PAIRED_CONTROL,1,True,,7e93c5a7c92a91639243a33561f1a2ab8d3611e01b89738b18fdc45d53abdfa8,
R6_reacher_0604aded9586b94217e9ae71,REFIT_103201,R3_ORIGINAL,REAL3_NULLACT,COMPLETE,1,True,True,d7619d52c6c69e976386229c83704b95ce1a72047fad207ecdc92048b7ecfaea,5b24176947788adcf92a71853996cc8ae805e0cc4aba059a308914193d975df6
R6_reacher_0604aded9586b94217e9ae71,REFIT_103201,R3_ORIGINAL,REPEAT3_REALACT,COMPLETE,1,True,True,b07cf7877b696be1e3b7a5ef9c468235776f7d7e945b698e980c9d4c9a95aebc,0295839af30d7a2aa9e33c0801b1ebcfc46203263728fa898b5cc4719d34426c
R6_reacher_0604aded9586b94217e9ae71,REFIT_103201,R4_ALT_CEM_1,H_POLICY,FRESH_PAIRED_CONTROL,1,True,,6c0a562d339232ddbdbc315602c7e2eac8003e34165c61f22512c776a2e5ca28,
R6_reacher_0604aded9586b94217e9ae71,REFIT_103201,R4_ALT_CEM_1,REAL3_NULLACT,COMPLETE,1,True,True,cd8f689a854b6923eca3ca5a4ad38b7bb518b9a83f04ed4d28397cf166127357,2affb9ef36d8425838851ce85ad7c4e942a4d699f0a5c4752765e49e18bd2a89
R6_reacher_0604aded9586b94217e9ae71,REFIT_103201,R4_ALT_CEM_1,REPEAT3_REALACT,COMPLETE,1,True,True,7130e7e3c08b78d63b3fdea9ab028a75a8c055dd647f88b6f279f8847b9724d0,4eff59c4eedef1a1c7072406017567792e9b1376f191ea05e81f3a2a1857b459
R6_reacher_0604aded9586b94217e9ae71,REFIT_103201,R4_ALT_CEM_2,H_POLICY,FRESH_PAIRED_CONTROL,1,False,,4f09659efcab0081dcf99f00d507d59d6b96b308c35bbd8c188cd2a7190a3340,
R6_reacher_0604aded9586b94217e9ae71,REFIT_103201,R4_ALT_CEM_2,REAL3_NULLACT,COMPLETE,1,False,True,a23a22cc7fdc66ea771251319ea113253bf3bf0be8bbd211eeed733490685e5c,0b54d249b8d9acd3bb4b7d12132cf20d928c6fe1e7e4d477cef6645c73cc6b92
R6_reacher_0604aded9586b94217e9ae71,REFIT_103201,R4_ALT_CEM_2,REPEAT3_REALACT,COMPLETE,1,False,True,3aef1013408c3a35b5f8f12a3f9c8fdf0f1fa1a5004fe80e9758853e2c88f784,0b54d249b8d9acd3bb4b7d12132cf20d928c6fe1e7e4d477cef6645c73cc6b92
R6_reacher_0604aded9586b94217e9ae71,REFIT_103202,R3_ORIGINAL,H_POLICY,FRESH_PAIRED_CONTROL,0,True,,0e48c5f48c131c663b8ce2446cfd8e5b76b90f699efe76a842ee7b89332f911f,
R6_reacher_0604aded9586b94217e9ae71,REFIT_103202,R3_ORIGINAL,REAL3_NULLACT,COMPLETE,0,True,True,e2f83dc9025cb44c57dec6971e7ffe78b7d4194f58ab06017d3df8f3c7a2ff7c,0d336407ccbe1df3d69f7897209fe78e2ebb1fd0a6817c9f67e6a65178c26ef1
R6_reacher_0604aded9586b94217e9ae71,REFIT_103202,R3_ORIGINAL,REPEAT3_REALACT,COMPLETE,1,True,True,1482ac1804bfb4a1dd49661408dae8dd851469eb09110f21723a4f9a6d916ed1,86c3e2e2420d5496c58b683d441ee34d83980c22bbb80286e1ed8cc5b66f1ced
R6_reacher_0604aded9586b94217e9ae71,REFIT_103202,R4_ALT_CEM_1,H_POLICY,FRESH_PAIRED_CONTROL,1,True,,1ae83bd5eb729fb39d3fdf9cb0a7bd8a68a4a6ae2b0b940e4f1b883decc903f5,
R6_reacher_0604aded9586b94217e9ae71,REFIT_103202,R4_ALT_CEM_1,REAL3_NULLACT,COMPLETE,0,True,True,59bd025be87dc8a84ff625fe739344a685bbc09d1655f26fba4741f3cf3ad181,48546ff9700ae2cea29b94045e7581e65140b633197220e4cc7c55c0e3e8bd84
R6_reacher_0604aded9586b94217e9ae71,REFIT_103202,R4_ALT_CEM_1,REPEAT3_REALACT,COMPLETE,1,True,True,3b46f5818ffe517ae950479164bed15cb30812092da53aa640f82d71889691f4,013f01f0a2bb8076d5f51446d3aa09e9ae7920df6463886e9e84697b541d0f7b
R6_reacher_0604aded9586b94217e9ae71,REFIT_103202,R4_ALT_CEM_2,H_POLICY,FRESH_PAIRED_CONTROL,1,False,,8a716b954acf2e1bcb3ce7e83b6086ab84f5dd26c4c449e8942413117ad2d1e4,
R6_reacher_0604aded9586b94217e9ae71,REFIT_103202,R4_ALT_CEM_2,REAL3_NULLACT,COMPLETE,1,False,True,712d4e2cfbbe2a220ef27c7e9e30714ccb2a7d511d93afca7e97b293e72ea805,7cb6f05e07e4aa24d654d2e5957b984509e3705fc7c3f697b17247a9ef301375
R6_reacher_0604aded9586b94217e9ae71,REFIT_103202,R4_ALT_CEM_2,REPEAT3_REALACT,COMPLETE,1,False,True,1a403ce844e6f1dd2b4f7795380b2af21e11346a66c2591ff6ca8e4b40431f80,7cb6f05e07e4aa24d654d2e5957b984509e3705fc7c3f697b17247a9ef301375
R6_reacher_0604aded9586b94217e9ae71,REFIT_103203,R3_ORIGINAL,H_POLICY,FRESH_PAIRED_CONTROL,1,False,,32fb9a894936deb0ab2a5f8395e5a15d3342719888ca08b70d41a508336d2614,
R6_reacher_0604aded9586b94217e9ae71,REFIT_103203,R3_ORIGINAL,REAL3_NULLACT,COMPLETE,1,False,True,aec36f2e067017d14df9c15e6cf3adaa953a7ad5ccbdca84bf9b40c92e255be1,ce7eae93d8ac02934753104007b047682ef48f93a8be3679f5ef4dbcc26869d5
R6_reacher_0604aded9586b94217e9ae71,REFIT_103203,R3_ORIGINAL,REPEAT3_REALACT,COMPLETE,1,False,True,4ab4c755ace18ca70258283bb4b2efa4af591c32aa1495e821b7ac1f628323c4,ce7eae93d8ac02934753104007b047682ef48f93a8be3679f5ef4dbcc26869d5
R6_reacher_0604aded9586b94217e9ae71,REFIT_103203,R4_ALT_CEM_1,H_POLICY,FRESH_PAIRED_CONTROL,1,True,,0873c8c6c60d39bc3ff53e44447e8441c5c3f236e37f5e7605b8004023526bf7,
R6_reacher_0604aded9586b94217e9ae71,REFIT_103203,R4_ALT_CEM_1,REAL3_NULLACT,COMPLETE,1,True,True,cd69fc3630429008e81c1b133d17ee0af15b90a2995d2003dc621b5ce7ddd12f,072cdedb53316279b67c35a162ef3d2a23a02c7f1bd1ffcf34ebcf4a6d543d5b
R6_reacher_0604aded9586b94217e9ae71,REFIT_103203,R4_ALT_CEM_1,REPEAT3_REALACT,COMPLETE,1,True,True,a082c1ff03347b0de94991415f99cd53ede563477011aa01b92780dca0a5e77e,fd40b04eca85afb6739bb44cfcbc627cc50d96335e9b20c215287e6c4997281b
R6_reacher_0604aded9586b94217e9ae71,REFIT_103203,R4_ALT_CEM_2,H_POLICY,FRESH_PAIRED_CONTROL,1,True,,72b203889cbbd7c632b62ef941aab7badce0f273f7fa0efff497feab18a18bc3,
R6_reacher_0604aded9586b94217e9ae71,REFIT_103203,R4_ALT_CEM_2,REAL3_NULLACT,COMPLETE,1,True,True,eb4d5d968acd824398b41b506c38c6de670da0bf8b79ff873243001a8aa150f6,27b32f8756bc13f9e98a06921e3a30a849a94613adc11759d91b6ecf04705605
R6_reacher_0604aded9586b94217e9ae71,REFIT_103203,R4_ALT_CEM_2,REPEAT3_REALACT,COMPLETE,1,True,True,5595a66048a8500079fad44941972688e21cffbe627999c8bc05a60b9be0f47f,e006b5dfe1ef5d129dfec93354d7e75944443dc84edebc718bdc8c95ef94f9d0
R6_reacher_06104c870ec34e14878b4947,H0,R3_ORIGINAL,H_POLICY,FRESH_PAIRED_CONTROL,1,True,,c5a88c6067238392857b666759696d7e0802f33cb172f3e9d16cab913a152a46,
R6_reacher_06104c870ec34e14878b4947,H0,R3_ORIGINAL,REAL3_NULLACT,COMPLETE,1,True,True,d64c7ce8d0b6869aaddc9bdc2318da74b7622d5f7668e5fec8ba28a71d50c22d,16407589a8abf99c08c5a2759833be8885566057bc876feef3ef2698f7816301
R6_reacher_06104c870ec34e14878b4947,H0,R3_ORIGINAL,REPEAT3_REALACT,COMPLETE,1,True,True,8992b981fd8913b39f8970b969a3e600699553fd1457bf9c772c92559e8ce75d,d2e70b48ad7d975ba541bf6d49e7cb85ad97fbb986c081ff3543a34dce1f15d4
R6_reacher_06104c870ec34e14878b4947,H0,R4_ALT_CEM_1,H_POLICY,FRESH_PAIRED_CONTROL,1,True,,d38017e781f994ea6b816d795420c8a09f301376e87f246d9ce0bdc92f9fc942,
R6_reacher_06104c870ec34e14878b4947,H0,R4_ALT_CEM_1,REAL3_NULLACT,COMPLETE,1,True,True,e3ba4e4b08a1a74e67223ffd9aa0829953e85d78503dd0bf069088a99321314c,9866f2b89cc13229ca8759c43ac6f822fb9fcd2de9340f4c014249d8f47f791d
R6_reacher_06104c870ec34e14878b4947,H0,R4_ALT_CEM_1,REPEAT3_REALACT,COMPLETE,1,True,True,93effa34a2b9da4ec84c5e4ecc8e897651b6c42953e1e0811f26d800a2d56e75,00bf1a43d414078267e5b4d7c563abf928816af6dae5408880aa38c7c200f0c8
R6_reacher_06104c870ec34e14878b4947,H0,R4_ALT_CEM_2,H_POLICY,FRESH_PAIRED_CONTROL,0,True,,77f0be5b89a527e0f264362ed5b2e7e6c2e57938f532e9de82f51ae16f074332,
R6_reacher_06104c870ec34e14878b4947,H0,R4_ALT_CEM_2,REAL3_NULLACT,COMPLETE,1,True,True,5301a70a1b850f4ceba6cdda878aafb1fe8d12fc74a5cdff69da72909ace7997,d0ef2f89713793797a9b8abc48c74ed149b0a63bc5669233dcea37df1a0523bb
R6_reacher_06104c870ec34e14878b4947,H0,R4_ALT_CEM_2,REPEAT3_REALACT,COMPLETE,1,True,True,a73512724bb8b4b5b2f26815d1e5f21240790d7a0271cff67d374abc069b7061,d47792db9b4a05c4717650c177512703129725285b7d8b5e46d547d62af65f5c
R6_reacher_06104c870ec34e14878b4947,REFIT_103201,R3_ORIGINAL,H_POLICY,FRESH_PAIRED_CONTROL,1,True,,c813540244585b34f1beca3e3e1f365d9a323a6b43785cbad9278d9938670523,
R6_reacher_06104c870ec34e14878b4947,REFIT_103201,R3_ORIGINAL,REAL3_NULLACT,COMPLETE,0,True,True,f62bbb7e036ecd4d5a078e160a2e1da72ce3369db0dbe361769e2d27a54a5ea2,0de9afb82e29fbabf65ad56348f9bf8a2f36739eedf424bdc36856dedbf83e9a
R6_reacher_06104c870ec34e14878b4947,REFIT_103201,R3_ORIGINAL,REPEAT3_REALACT,COMPLETE,1,True,True,00dc523ba8f3ec893ad266b8d4de819fabda73140264b1282d788ef5bec499ba,bfc0dcc4c7be33850ef11216f73bfa06847cda2a11f8d0b02c2b218d1484e453
R6_reacher_06104c870ec34e14878b4947,REFIT_103201,R4_ALT_CEM_1,H_POLICY,FRESH_PAIRED_CONTROL,0,True,,c5e61d0b3aa0700ed19fd47843093ba32ece807614b6ea7263cec184232e0bf0,
R6_reacher_06104c870ec34e14878b4947,REFIT_103201,R4_ALT_CEM_1,REAL3_NULLACT,COMPLETE,1,True,True,9782bff89156f7992a66cfba00795cf1fe03273778c094e30edd0cc081dd6f62,f717f8ec5a2440d257caca976ca9dec816a454550bfffe81c4013986b071cc1c
R6_reacher_06104c870ec34e14878b4947,REFIT_103201,R4_ALT_CEM_1,REPEAT3_REALACT,COMPLETE,1,True,True,5143069a86ce19ddbeade6145b16f66a5a25823307939971be531cb3dc7b71b5,a4d368fe2ab662c5fa928fe1c00c6aabd9ffa40772d80c729fce9fe7b38dca84
R6_reacher_06104c870ec34e14878b4947,REFIT_103201,R4_ALT_CEM_2,H_POLICY,FRESH_PAIRED_CONTROL,1,True,,48d77a273137bfab0551a57ccb5963139acd75731ef8014e6f6f486966f9cfe4,
R6_reacher_06104c870ec34e14878b4947,REFIT_103201,R4_ALT_CEM_2,REAL3_NULLACT,COMPLETE,0,True,True,e5130c9ed5124a567898c44de52d728e88ab87d70a5b96f7bcc9a0423217e7e2,6feca8cb3a12986cd97fb1150f5b2cc5fc89bb2a6967e75202b84ed9d5141e19
R6_reacher_06104c870ec34e14878b4947,REFIT_103201,R4_ALT_CEM_2,REPEAT3_REALACT,COMPLETE,1,True,True,40102ab8bcf7f883da7be5fa7bb39d5f85048237d4d0c84c3e0134aea33ea3ae,02407b2f0c38ddf64269a32e8275f051b602f7fa342f5ca57a91705d27f0efd3
R6_reacher_06104c870ec34e14878b4947,REFIT_103202,R3_ORIGINAL,H_POLICY,FRESH_PAIRED_CONTROL,0,True,,ea00d4223d5ff01ea9e8b0491abce2517b1538811caa45a16d51a9e788853e68,
R6_reacher_06104c870ec34e14878b4947,REFIT_103202,R3_ORIGINAL,REAL3_NULLACT,COMPLETE,1,True,True,e6faf06302027c39932d151c16f58a05805f3ed4730ebccb60e406a375f9c65d,15635c95ce6c2c5521f651c30ba2bebfcf45b451bbf1af5460ed91f1d6cd497c
R6_reacher_06104c870ec34e14878b4947,REFIT_103202,R3_ORIGINAL,REPEAT3_REALACT,COMPLETE,1,True,True,ef544d074040883a1edba1f808ef114b1f9bd9e461c16470c10dc4e39899c0a5,bbed3c2d0778361c0fee4348212729262af6eb5c2b50db45c6f13f87fd3022c8
R6_reacher_06104c870ec34e14878b4947,REFIT_103202,R4_ALT_CEM_1,H_POLICY,FRESH_PAIRED_CONTROL,1,True,,4bf3144286c4022aa603ed9084e7a9ba27d4fc9b38d306cfe66ffea2e761ac9d,
R6_reacher_06104c870ec34e14878b4947,REFIT_103202,R4_ALT_CEM_1,REAL3_NULLACT,COMPLETE,1,True,True,84ee5b217f1151c24732fcaf940c7f487fe836c37f5a0a37494c96a9a4f0b393,43dc3ba2bcb0177ec4265efa5a027cbe0362fc45a68d991f3e11cdd26aaf60a5
R6_reacher_06104c870ec34e14878b4947,REFIT_103202,R4_ALT_CEM_1,REPEAT3_REALACT,COMPLETE,1,True,True,1889f03952aa39f915589fe1c094209c15de203efb34bb0f59309e68d5e9a732,dd797b2630ee6199b37ed39c0ae164825abe538daad6eb97bcc3f7611c5130ed
R6_reacher_06104c870ec34e14878b4947,REFIT_103202,R4_ALT_CEM_2,H_POLICY,FRESH_PAIRED_CONTROL,0,True,,7350dabb512d610ed6058857e3afa4635570be0c04e690c06ea643a7d1cf9a08,
R6_reacher_06104c870ec34e14878b4947,REFIT_103202,R4_ALT_CEM_2,REAL3_NULLACT,COMPLETE,0,True,True,ae448d4b5e609653065b672353111bf6d209ef1d009035b1925d476d11c55746,0ecc9c86747a9d27622cc819faacc9399fa8c4b5a07e3f213198814c66c0dcbd
R6_reacher_06104c870ec34e14878b4947,REFIT_103202,R4_ALT_CEM_2,REPEAT3_REALACT,COMPLETE,1,True,True,f029aff8824b46e0e9bbd5e2e8ed3fa65e063ad7a26d804b80de498afcc27ecb,3b93bd1355a408e1509148bd7899cb5f1a9fdc061b5ce30d16edf81d3e49ee15
R6_reacher_06104c870ec34e14878b4947,REFIT_103203,R3_ORIGINAL,H_POLICY,FRESH_PAIRED_CONTROL,0,True,,022652bc5b1ce51f7748a3de48e5dfdfd85289d2db74f337e057b75b5f56b5ec,
R6_reacher_06104c870ec34e14878b4947,REFIT_103203,R3_ORIGINAL,REAL3_NULLACT,COMPLETE,1,True,True,554953f32ec5f8a5da34fcc0252390e25e05b4fe8a858badab2cb59090b43a09,327474ac1bd57575a25569b45faec6bb437a48b48d97c3399dc12ea4e0429176
R6_reacher_06104c870ec34e14878b4947,REFIT_103203,R3_ORIGINAL,REPEAT3_REALACT,COMPLETE,1,True,True,e7af0c6c52dfa914545a3e5bdc2a4f140001d062fdc6839cd4b9fab7b3721e53,b0ae1f0750dd262919d010ad9f27cdd9e1c92ae07a3c36b0cf0ffd14265ab6b4
R6_reacher_06104c870ec34e14878b4947,REFIT_103203,R4_ALT_CEM_1,H_POLICY,FRESH_PAIRED_CONTROL,1,True,,026785a5562e11735dd77debacede08e88b3e42e620123cee8c6cc917eea2c03,
R6_reacher_06104c870ec34e14878b4947,REFIT_103203,R4_ALT_CEM_1,REAL3_NULLACT,COMPLETE,0,True,True,12dfaa4da8d58ca2cb1b31f9e207277c571940c9fd37c10b3acc96e49e3f870f,cd5f7b6f7cf1cafbe9cb6a8246a0453bcd03ce0bcd89b05fa4c1acd40b310151
R6_reacher_06104c870ec34e14878b4947,REFIT_103203,R4_ALT_CEM_1,REPEAT3_REALACT,COMPLETE,1,True,True,282c3d21a429dc8463a5482620f97be273199979d5395894c42bd386d06f25f1,5caaa705621fa19c3e2310f1c12576a09eaf70f5f73b1890b1821c9de638799a
R6_reacher_06104c870ec34e14878b4947,REFIT_103203,R4_ALT_CEM_2,H_POLICY,FRESH_PAIRED_CONTROL,0,True,,eee7e034b4a3b5d113e043826e3de43fce47d59058e1c937a489528ca5403de4,
R6_reacher_06104c870ec34e14878b4947,REFIT_103203,R4_ALT_CEM_2,REAL3_NULLACT,COMPLETE,0,True,True,4053483000cbaa43c74816f0364d46735cece96c64b797208a7636a6718297bb,89554ecae8d9d7b4da46bd9b851408827d788906f11b4738b34f3c9b8abb47f9
R6_reacher_06104c870ec34e14878b4947,REFIT_103203,R4_ALT_CEM_2,REPEAT3_REALACT,COMPLETE,1,True,True,b3a4f33d642867d45e4437a6340834e6665a231c2f28088fc1e008f22f125eae,8bfecfa2690f5ab69371d74cffb516ed30ef2a77426fa8a829281662a76be71e
R6_reacher_0642735d2daa02558c1d8737,H0,R3_ORIGINAL,H_POLICY,FRESH_PAIRED_CONTROL,1,True,,f293b8242121591241bfd5150017b7846ab0d0ca9f4a088d036520c7cda0be77,
R6_reacher_0642735d2daa02558c1d8737,H0,R3_ORIGINAL,REAL3_NULLACT,COMPLETE,1,True,True,c63992e0101d7736a1e4ab463f7cc8add8a898f9f7843249a44991212b8d8035,58afda74fbd60836bf2c7b23be6d30a5cf52004c652f30677d044dc603aba0d3
R6_reacher_0642735d2daa02558c1d8737,H0,R3_ORIGINAL,REPEAT3_REALACT,COMPLETE,0,True,True,0e6d6bf41211a44f81f6fa0513888d8806c2e50d86211887733de32e084cf805,08dda4f337a2688966bb48d55f658609f0eae484d861b2455b82e10ddb41558c
R6_reacher_0642735d2daa02558c1d8737,H0,R4_ALT_CEM_1,H_POLICY,FRESH_PAIRED_CONTROL,1,True,,53a550378c47f47adf20af0aa94d6a9a3be33043a1af3f997fc2c5731b2c5de3,
R6_reacher_0642735d2daa02558c1d8737,H0,R4_ALT_CEM_1,REAL3_NULLACT,COMPLETE,1,True,True,b9ad61a03dbf2513ce1a9e1139a7ecf2c491437336ae2508323872186d60dd8d,ddd5e95052c3bb2f74ba514fcd6cf6507138458992a194d8018ed566321442a2
R6_reacher_0642735d2daa02558c1d8737,H0,R4_ALT_CEM_1,REPEAT3_REALACT,COMPLETE,0,True,True,33cdb27e29a0375a3a8dcf8fe196e6141f6abf687f83aa94943832263b4abfb3,ad4914b973efa2be2861ed0c648e3557f331f521e3396981cdbe362b89c1220d
R6_reacher_0642735d2daa02558c1d8737,H0,R4_ALT_CEM_2,H_POLICY,FRESH_PAIRED_CONTROL,1,True,,775279008a35f2709acf8c30f1460c23864af13143dfc8139d419628bb430772,
R6_reacher_0642735d2daa02558c1d8737,H0,R4_ALT_CEM_2,REAL3_NULLACT,COMPLETE,1,True,True,e94fe1c37cba4d1c4e36c9ed5c57b3c5b174832cb4551b480837fb87f580f0b1,508018e5808e14121230f22937bf907bbdfd3d0aff5cfbf36a522b33335a6ced
R6_reacher_0642735d2daa02558c1d8737,H0,R4_ALT_CEM_2,REPEAT3_REALACT,COMPLETE,1,True,True,92cccadfb251b976c123a46b609eae3957d69d81c337331c324e711d9701fdee,b1eb72bd80b4889c4f6ebb49d20f8d09203ae63703c9e67442f0601db6f009ea
R6_reacher_0642735d2daa02558c1d8737,REFIT_103201,R3_ORIGINAL,H_POLICY,FRESH_PAIRED_CONTROL,1,True,,bc1c5322acddb8e0effefeb4a4b1277e964f486bcb2c8a4b0403a457573eeb13,
R6_reacher_0642735d2daa02558c1d8737,REFIT_103201,R3_ORIGINAL,REAL3_NULLACT,COMPLETE,1,True,True,f449a421bdfa4bbaf751848794858696a927cd3d90e5053ae3273f257ef1c2c7,27572cd094241842cf5b611dd72e879a7c195e180ba87e2f37fa8ff804e54200
R6_reacher_0642735d2daa02558c1d8737,REFIT_103201,R3_ORIGINAL,REPEAT3_REALACT,COMPLETE,1,True,True,9aca8f8dda73107a40fb1938622b7c8be0c7114209835f70ee5977efb8310c7b,2ddb621e439d2099a0b8b36257de273dc5d34b5c9a330e479c5ffcc66dd78433
R6_reacher_0642735d2daa02558c1d8737,REFIT_103201,R4_ALT_CEM_1,H_POLICY,FRESH_PAIRED_CONTROL,1,True,,5c73c6e54c08c111c75839df183e431e1508a632b2a967c632b3e0a23c36d18c,
R6_reacher_0642735d2daa02558c1d8737,REFIT_103201,R4_ALT_CEM_1,REAL3_NULLACT,COMPLETE,1,True,True,eb26ec42b5fc83e5a2f971f817402afacc3d2d1540a1e977c58ac16957360621,4769a5a696a6771f8b5500f10b66d671f5f290e53738f69fb508d7ebe280a369
R6_reacher_0642735d2daa02558c1d8737,REFIT_103201,R4_ALT_CEM_1,REPEAT3_REALACT,COMPLETE,1,True,True,5d9da7cf89173c4c4d80926419b69c7f4d4f7dd0a9e617f980f44fddeb22bf76,659f28e79d83c76a87a8694c0707871d6af8662d60627d9dcaa34c1f98a7f23f
R6_reacher_0642735d2daa02558c1d8737,REFIT_103201,R4_ALT_CEM_2,H_POLICY,FRESH_PAIRED_CONTROL,1,True,,20cf467281358f9aff13d35cf6f4dedf700de9487544db6d007415a9d9657aeb,
R6_reacher_0642735d2daa02558c1d8737,REFIT_103201,R4_ALT_CEM_2,REAL3_NULLACT,COMPLETE,1,True,True,9988b1dc66bb0a73e6019a7e4cbf02ed9abb2091aa4076f36b71ca83e896e69e,627d4511d734da6ffe8811fed871206d39481ae69010ed431b5a9fe8e27a5f03
R6_reacher_0642735d2daa02558c1d8737,REFIT_103201,R4_ALT_CEM_2,REPEAT3_REALACT,COMPLETE,1,True,True,6415b05bc49f4106228bbbd339722a2459e0092c151866de498ddbb30f6e624a,daa5687a5c864ab663df2b255c69a07f441609f2dd55f8db564289b8265700a0
R6_reacher_0642735d2daa02558c1d8737,REFIT_103202,R3_ORIGINAL,H_POLICY,FRESH_PAIRED_CONTROL,1,True,,af1f85b80800fa8355728f08a89cf88398b4d8b302f399d4f19eb91ab07684a7,
R6_reacher_0642735d2daa02558c1d8737,REFIT_103202,R3_ORIGINAL,REAL3_NULLACT,COMPLETE,1,True,True,e612b523d66b82951e9a1e04e2e75a0cccd16c929f69368c9859bc698bc2d5b4,1423165f135c5210b2b679229ca3e91cca7443b60ec215fa48f20fbbe0c77dff
R6_reacher_0642735d2daa02558c1d8737,REFIT_103202,R3_ORIGINAL,REPEAT3_REALACT,COMPLETE,1,True,True,f0530bfaa8acad30f1185ea27cb6e21ba44d72f50ef77889befd589ef46fa7f2,70166ea05c999068ec0be7835fd0c955c3d454b8bc5f8a0f11d7030fce4b395f
R6_reacher_0642735d2daa02558c1d8737,REFIT_103202,R4_ALT_CEM_1,H_POLICY,FRESH_PAIRED_CONTROL,1,False,,3448ad9ce90dd3247c16bdc1916713d83705b5a03d1dff6229352d8c83d6e993,
R6_reacher_0642735d2daa02558c1d8737,REFIT_103202,R4_ALT_CEM_1,REAL3_NULLACT,COMPLETE,1,False,True,f19263948a8b5a78b3ba326bded4422cb20da4d7e2a54eeb9b2b5ebef0d8dc07,9998adf546042ee9618d74c3d8db7a9745351ee1f60ea9f80defff21bc9197c5
R6_reacher_0642735d2daa02558c1d8737,REFIT_103202,R4_ALT_CEM_1,REPEAT3_REALACT,COMPLETE,1,False,True,1a4eb5aab413cd2de259a8b5a271c0d5494690fbc368cedbaa5e756d54ef85dd,9998adf546042ee9618d74c3d8db7a9745351ee1f60ea9f80defff21bc9197c5
R6_reacher_0642735d2daa02558c1d8737,REFIT_103202,R4_ALT_CEM_2,H_POLICY,FRESH_PAIRED_CONTROL,1,True,,887c2b2a9b8dfa68312a0453dca12c5a556af66151f451199431c94bae38cd87,
R6_reacher_0642735d2daa02558c1d8737,REFIT_103202,R4_ALT_CEM_2,REAL3_NULLACT,COMPLETE,1,True,True,9f5405543627f775d8daa88456175d12eb346e827b1097ba75660f56732e1ef2,bc3a559ab61dd33d4824b8f259c386ca86d9bebfdea31b04271ec4bc1a9bfd46
R6_reacher_0642735d2daa02558c1d8737,REFIT_103202,R4_ALT_CEM_2,REPEAT3_REALACT,COMPLETE,1,True,True,f17ab4b985089161f59b47a49ca47f41604c6c98fa8402638935e4911b3f3fce,4ec67379cf858abd7a0e0c436c55d03677f09a2c3fb428d5037006288be6edcd
R6_reacher_0642735d2daa02558c1d8737,REFIT_103203,R3_ORIGINAL,H_POLICY,FRESH_PAIRED_CONTROL,1,True,,95f56682aeaab4542d935b132beba2ab6fa9331c3c71695b0b7453d32353bf2f,
R6_reacher_0642735d2daa02558c1d8737,REFIT_103203,R3_ORIGINAL,REAL3_NULLACT,COMPLETE,1,True,True,258d1134e15b5a1f2498f403f10a27432049d0e3824faaf69e958d895395de1f,dce3c833c3ac779015b4959e388532d009e64acee94c69566cf4806353cdbc03
R6_reacher_0642735d2daa02558c1d8737,REFIT_103203,R3_ORIGINAL,REPEAT3_REALACT,COMPLETE,1,True,True,89f0c08db6272b6ec5f208541e3d78cac83fe2576ae8ea9d81b47ccb85a5e847,6b729e5a1eba18d3b1f695568e3358ebd660359acef90a6dadb6bf38b4633a3a
R6_reacher_0642735d2daa02558c1d8737,REFIT_103203,R4_ALT_CEM_1,H_POLICY,FRESH_PAIRED_CONTROL,1,True,,0e566a9fdb04081d187f23d031b0e328cfb89c7c66c4d49959dbea6365e7edb4,
R6_reacher_0642735d2daa02558c1d8737,REFIT_103203,R4_ALT_CEM_1,REAL3_NULLACT,COMPLETE,1,True,True,d85cdcae54a1861062843fa8ba098defcf3e8df9eaa308ed1ac310a9a5980b5e,73eed474a6dd0a411f4ac9aecab5c8ebe7a4e061ad7984123d8cc8bcb212e2c7
R6_reacher_0642735d2daa02558c1d8737,REFIT_103203,R4_ALT_CEM_1,REPEAT3_REALACT,COMPLETE,1,True,True,0367e1fd72ebaa60bb2aa6bc03134127de7005bf9e59328260ba71d3400f5228,3db772751cf96bb64527f3ae88ba01ab1268d6d974db6f1f28215ebd9f1a9d1f
R6_reacher_0642735d2daa02558c1d8737,REFIT_103203,R4_ALT_CEM_2,H_POLICY,FRESH_PAIRED_CONTROL,0,True,,60ba735c4c6caadabdb209fab53de9e566e07a80db38df23901b0701adae41a7,
R6_reacher_0642735d2daa02558c1d8737,REFIT_103203,R4_ALT_CEM_2,REAL3_NULLACT,COMPLETE,1,True,True,dc56d94540f292401cc210c4b00fba51cece3dc99e0c6b8daaac900d58eaaf75,88b21c78cac8d6fa151008b781d271648f44775462013af083a4660f82769e1f
R6_reacher_0642735d2daa02558c1d8737,REFIT_103203,R4_ALT_CEM_2,REPEAT3_REALACT,COMPLETE,1,True,True,67b96bdefefd2bd6e86ddca53aaa1056cd76d9fd9dc547f384cc82dec12a046d,984be2f601c1e98baa3f1c039b635c85821c95d5aa39ddfaf8e777495afd3e1d
R6_reacher_0685d60e12fdbdbe63e5d232,H0,R3_ORIGINAL,H_POLICY,FRESH_PAIRED_CONTROL,0,True,,a0a565d864a201165bee59b1c4521ee89e13567519f11d9fe2a5533770e47075,
R6_reacher_0685d60e12fdbdbe63e5d232,H0,R3_ORIGINAL,REAL3_NULLACT,COMPLETE,0,True,True,f042b92b5fb62c777041302bb141a529141cd5d94f91d2e41c7616ce47cc1e3f,4aa805eccea22b3b9692435179129b0b618036b3840b3e55333942c536626e36
R6_reacher_0685d60e12fdbdbe63e5d232,H0,R3_ORIGINAL,REPEAT3_REALACT,COMPLETE,0,True,True,0d78767e22ec554eae89b848f34d778efddda2a9a599edfe6ce2341fc2056531,0d591c7f1ffc65f54f8a7fe7cef1b38361e5b861dfee4876fef66a07ce9ca3ea
R6_reacher_0685d60e12fdbdbe63e5d232,H0,R4_ALT_CEM_1,H_POLICY,FRESH_PAIRED_CONTROL,1,True,,ea3e92ecee1751611d65d0de4a9ea55d094196eb1414c77ce3150f046f34740b,
R6_reacher_0685d60e12fdbdbe63e5d232,H0,R4_ALT_CEM_1,REAL3_NULLACT,COMPLETE,1,True,True,c534dbd9d02521a61396bad9915069611959222fd7323dba581c2ae357cea6df,0b1c88ed8a5bd3225ba9233fd917a367240de23aed3417e3875580ed9528c357
R6_reacher_0685d60e12fdbdbe63e5d232,H0,R4_ALT_CEM_1,REPEAT3_REALACT,COMPLETE,1,True,True,3781c57dcf06441c99acca13e6b969259adf2b96edf764f38b8c0d2c8e8f45e8,0e4eb16bf7ebe8bb7aad107a7dff8d7d54ba2591a550cfb4bddb385d54f89f3a
R6_reacher_0685d60e12fdbdbe63e5d232,H0,R4_ALT_CEM_2,H_POLICY,FRESH_PAIRED_CONTROL,1,True,,dff3c70f31b9622a42201480ec220f955ea89fb7e754f1b1214d65667adeed21,
R6_reacher_0685d60e12fdbdbe63e5d232,H0,R4_ALT_CEM_2,REAL3_NULLACT,COMPLETE,1,True,True,9d06fb29cf8e47a213fb86337ff406e1c7cc570b30a7b8d491f002b715cb5982,2bf1736efa27b604684e9d53ba1fd7d6c092ad30de8a8c74316ab99fb95590f2
R6_reacher_0685d60e12fdbdbe63e5d232,H0,R4_ALT_CEM_2,REPEAT3_REALACT,COMPLETE,1,True,True,07a2be060a306e5c13dc32fde93ca75c4b2d8e6ce7cb3899dbe31bea82f0cad1,7376bcd8be7c7f901d84994617198bd9e3c19898c43adb897b3a6eac86963f49
R6_reacher_0685d60e12fdbdbe63e5d232,REFIT_103201,R3_ORIGINAL,H_POLICY,FRESH_PAIRED_CONTROL,0,True,,35a3038f8a45dae7e774911ed5ad7a471837892d9825baa647e4806e6d1bfbe4,
R6_reacher_0685d60e12fdbdbe63e5d232,REFIT_103201,R3_ORIGINAL,REAL3_NULLACT,COMPLETE,0,True,True,d682a8d7c0000f72ded4c190e151e5b713014fa49693a82d9bf9e9c540283ca3,0d0786690b5ff87ed50a3cd7dcb52255a413f5dadf3e4b6ca0c0cbd9ed15018b
R6_reacher_0685d60e12fdbdbe63e5d232,REFIT_103201,R3_ORIGINAL,REPEAT3_REALACT,COMPLETE,1,True,True,ed67705168d65e6106ab61a07a7517d39780ace6ec4a48cb35f926de058363d6,9f759f1bcec76472049881687086d90e79f355df7c6a049bb3b70dd5ac59348d
R6_reacher_0685d60e12fdbdbe63e5d232,REFIT_103201,R4_ALT_CEM_1,H_POLICY,FRESH_PAIRED_CONTROL,0,True,,df8f3df368c5c9f51211c4313881b357b07612d644288ac58d12ea3b652a1830,
R6_reacher_0685d60e12fdbdbe63e5d232,REFIT_103201,R4_ALT_CEM_1,REAL3_NULLACT,COMPLETE,1,True,True,934c8f47d3f4f4090922bc7b4c60c831c250cd1dc775696ba8e46cbc37189363,a5098d13b7188316884a01090918a39f869077a6563943a54c488af2b3ccdee2
R6_reacher_0685d60e12fdbdbe63e5d232,REFIT_103201,R4_ALT_CEM_1,REPEAT3_REALACT,COMPLETE,1,True,True,0d2b1782565e7dd2336c84b5a444233d79051c5540c42adece066f5f6564c971,1112444721b33cbcd51a252600aeb359579214fcce7c94a51bf6fd5b153cc692
R6_reacher_0685d60e12fdbdbe63e5d232,REFIT_103201,R4_ALT_CEM_2,H_POLICY,FRESH_PAIRED_CONTROL,1,True,,49e5a327a76b2d44e5872831a81d05686ffb6eed2d36ccb83572ca13b8609391,
R6_reacher_0685d60e12fdbdbe63e5d232,REFIT_103201,R4_ALT_CEM_2,REAL3_NULLACT,COMPLETE,0,True,True,2d1d5f9efcd24907c259570315519c9a05eb8de4764422b14ff3c53cbbe74b48,2abb73917c8825b090bb046fece9176cd079d868f4b99eae787649558b5dd1c3
R6_reacher_0685d60e12fdbdbe63e5d232,REFIT_103201,R4_ALT_CEM_2,REPEAT3_REALACT,COMPLETE,1,True,True,a8a2e4f2f2ab39d79a99cbb261e78074f7c592cc331196d42c636cadb17ff9cb,9cd7aa858a5321cd73a44f0fbdb3aee228b2e8bc7b79b307004fde02ea614a81
R6_reacher_0685d60e12fdbdbe63e5d232,REFIT_103202,R3_ORIGINAL,H_POLICY,FRESH_PAIRED_CONTROL,0,True,,8eb9184097ab322672be8727186829f362a68dd60b1c62ce57ed57a684f186ad,
R6_reacher_0685d60e12fdbdbe63e5d232,REFIT_103202,R3_ORIGINAL,REAL3_NULLACT,COMPLETE,1,True,True,994de50f98f9a123e05a9b621fee0998da4631bc78808f173cdbdce46c319c42,143e20c60f68b8800bb71f3b59ac3b379e043a348c6961adbcb023015e473aaa
R6_reacher_0685d60e12fdbdbe63e5d232,REFIT_103202,R3_ORIGINAL,REPEAT3_REALACT,COMPLETE,1,True,True,448e1fad7c3d56eec190ff78dc1f114cf2d42e0848f3110debd8f7576a1cbff0,075cc11c52aa93dd285feb0cf53b25aaecb7c9b29f8415a8b42fdd8475c66dc0
R6_reacher_0685d60e12fdbdbe63e5d232,REFIT_103202,R4_ALT_CEM_1,H_POLICY,FRESH_PAIRED_CONTROL,1,True,,1b4e3628ff0659fc4e19050e6351f715d466afdf121cd52b074ffae241a5b3bb,
R6_reacher_0685d60e12fdbdbe63e5d232,REFIT_103202,R4_ALT_CEM_1,REAL3_NULLACT,COMPLETE,0,True,True,854030887cd3781c108103b6ede7b8e251ae42cc56a8d395aef756a481d1d2aa,518ee2af037913983352175a3c172ed333a79f72a9caf63542b1a27d2d9f0c92
R6_reacher_0685d60e12fdbdbe63e5d232,REFIT_103202,R4_ALT_CEM_1,REPEAT3_REALACT,COMPLETE,1,True,True,4ade2db782b17d31838c936978d298899121cc22289572b21bd9af6181cdf7ff,865dcba549ce108c2c7010e03258f05289be4ba9942f3f38a953d1879e4d45fa
R6_reacher_0685d60e12fdbdbe63e5d232,REFIT_103202,R4_ALT_CEM_2,H_POLICY,FRESH_PAIRED_CONTROL,1,True,,42c7c4654faa3a5d2ab404b1f1df5fe85ccea62d9ca4f853bbe82ea1ae5bbea0,
R6_reacher_0685d60e12fdbdbe63e5d232,REFIT_103202,R4_ALT_CEM_2,REAL3_NULLACT,COMPLETE,1,True,True,275f235af020317dc3bdf844b725c9bdd52ac8715b7908183c8794b96746c51a,92c3858fc2b452e65b4fd8b87afa663dac48e5098078a3cad6b57275039772c7
R6_reacher_0685d60e12fdbdbe63e5d232,REFIT_103202,R4_ALT_CEM_2,REPEAT3_REALACT,COMPLETE,1,True,True,dc461a12ccde8238750bce4ff1c1bda3bc874790a02b1efaa4eeb21cd1fa3cf5,423f103f95ed7388a3ec429f31bb5c2a89966e58f9b8959525d5d4661160ba64
R6_reacher_0685d60e12fdbdbe63e5d232,REFIT_103203,R3_ORIGINAL,H_POLICY,FRESH_PAIRED_CONTROL,1,True,,69f99ee67948828482c016f3f61e97c715da9730bd9a5397c75bb4b494e8ec41,
R6_reacher_0685d60e12fdbdbe63e5d232,REFIT_103203,R3_ORIGINAL,REAL3_NULLACT,COMPLETE,1,True,True,140b045141ea7b90d2e11d00a7dfae3248cc5309b0d5b42d5a5408ead71da944,0ab185859e08121edeb8ea15cdaf7574e815c1c56d61a217d234e309a7ed129b
R6_reacher_0685d60e12fdbdbe63e5d232,REFIT_103203,R3_ORIGINAL,REPEAT3_REALACT,COMPLETE,1,True,True,b565944f82f75cf9b3185925761123b11c220721d0d322867343673a14f7a2c4,596df4f3eaf581bc7c6c62c51891333419adaf06a2771c1dc22bbbda7f6f8964
R6_reacher_0685d60e12fdbdbe63e5d232,REFIT_103203,R4_ALT_CEM_1,H_POLICY,FRESH_PAIRED_CONTROL,0,True,,5c92ac8549857dc9d389b5131d182a0b7d4710cf3e84ad64874b757db9bbf87f,
R6_reacher_0685d60e12fdbdbe63e5d232,REFIT_103203,R4_ALT_CEM_1,REAL3_NULLACT,COMPLETE,0,True,True,cc1ed40469f8eac80c801620ed8465392cc24f80d5340eb56c7f182421095b39,a01b909e942b95490516586c76b7dbd4f87ca37b315ff5245b6a2fade360fc61
R6_reacher_0685d60e12fdbdbe63e5d232,REFIT_103203,R4_ALT_CEM_1,REPEAT3_REALACT,COMPLETE,1,True,True,69896804e690769ec105cb61c42e6fa38673a466adbf6f517ef48d5048d95a2b,bc3fac0ac843a03e9ade2bbdd59cf97826a40f4f5620406ca2780d633610240e
R6_reacher_0685d60e12fdbdbe63e5d232,REFIT_103203,R4_ALT_CEM_2,H_POLICY,FRESH_PAIRED_CONTROL,1,True,,d36852d7d4e5bff4e4d78a7834f74b2aaab7f7abed071c605859324f40be587c,
R6_reacher_0685d60e12fdbdbe63e5d232,REFIT_103203,R4_ALT_CEM_2,REAL3_NULLACT,COMPLETE,1,True,True,08ee4aeeab22158909fe361eb7835a6ae36b84d97f595a48d31703f2f4f2d8a7,38e4a9189d62d54fbdb471749dfa50bbf7c1d226ac54def0e31873a561aa7354
R6_reacher_0685d60e12fdbdbe63e5d232,REFIT_103203,R4_ALT_CEM_2,REPEAT3_REALACT,COMPLETE,1,True,True,62c45a272b9a79cf10c347392cccb49a1b05e99d899033f62a06a8638a712865,20918fbcd0bfebac70ab42173142878110dfd2c17bcbe8728c35797ea23c705b
R6_reacher_069945d6d002522c9d5ef1d9,H0,R3_ORIGINAL,H_POLICY,FRESH_PAIRED_CONTROL,1,True,,89f5ee1356c2356fa2d57b20d2eb969c5934c9d803c09c8850a25d5220f5554d,
R6_reacher_069945d6d002522c9d5ef1d9,H0,R3_ORIGINAL,REAL3_NULLACT,COMPLETE,1,True,True,e28b9013bac95bca25e791b9b361d2a14f07dbd4c01194582e5926f92bcc331d,2dab3fdb74de985b2a8d80ea99929bc232c9139154a1281dfc68826cc766e183
R6_reacher_069945d6d002522c9d5ef1d9,H0,R3_ORIGINAL,REPEAT3_REALACT,COMPLETE,1,True,True,aae878e4c3a99c4bb7eb3065dbb418ef17ec4a60b47f39b198d5fdde0a9126d1,08a9465bc195f19e8145fdcde1d9ba1f865e935e52763bd17b553db25f2fadb0
R6_reacher_069945d6d002522c9d5ef1d9,H0,R4_ALT_CEM_1,H_POLICY,FRESH_PAIRED_CONTROL,1,False,,90c088e7d8aaaa37a42a72702927daec5674a4c882faf3ea688195c0e8e45520,
R6_reacher_069945d6d002522c9d5ef1d9,H0,R4_ALT_CEM_1,REAL3_NULLACT,COMPLETE,1,False,True,94bbe5c0cb44459642af13f811cda0ee70f520cd2e2226858dc560870ac7e496,e713d735da15586b28b1bebed3104bc461f3a0a23f14fa6f18a4711fb7ab4cce
R6_reacher_069945d6d002522c9d5ef1d9,H0,R4_ALT_CEM_1,REPEAT3_REALACT,COMPLETE,1,False,True,0b60770da37c970d11af9487eb94d081738f7aab2641bc3ae38e7eb5ae63c27a,e713d735da15586b28b1bebed3104bc461f3a0a23f14fa6f18a4711fb7ab4cce
R6_reacher_069945d6d002522c9d5ef1d9,H0,R4_ALT_CEM_2,H_POLICY,FRESH_PAIRED_CONTROL,1,False,,6d6d802c6367bbb10d174c8c7cba767f118c0e2d580eb6086d097eb262315850,
R6_reacher_069945d6d002522c9d5ef1d9,H0,R4_ALT_CEM_2,REAL3_NULLACT,COMPLETE,1,False,True,844c5fc8de92a7b23e1c6c1405019f27e9853ce3636f63ffb52d1ca865ce24a5,ecb3500f922ff7aec88e629b047467a1dc717521c544bde2bdca6757d14c128f
R6_reacher_069945d6d002522c9d5ef1d9,H0,R4_ALT_CEM_2,REPEAT3_REALACT,COMPLETE,1,False,True,414cc047c582ea31b78e445dc719d8a6b66485dd265383011ca919c07f4ed13b,ecb3500f922ff7aec88e629b047467a1dc717521c544bde2bdca6757d14c128f
R6_reacher_069945d6d002522c9d5ef1d9,REFIT_103201,R3_ORIGINAL,H_POLICY,FRESH_PAIRED_CONTROL,1,False,,ae353065c58edf0b063bb99d8f1341d01ee02c516990f9fa328f0347061ea03f,
R6_reacher_069945d6d002522c9d5ef1d9,REFIT_103201,R3_ORIGINAL,REAL3_NULLACT,COMPLETE,1,False,True,b7c990ec5d294ee69811cdc6d4f99624cea6cc16fb56b8f623387d299e1a9fa7,14dddd6cd7a99327317a7521f545e5a2a08fc873cf45079ade81dda09c8e98a8
R6_reacher_069945d6d002522c9d5ef1d9,REFIT_103201,R3_ORIGINAL,REPEAT3_REALACT,COMPLETE,1,False,True,994467300f6c1878ce795ea598671e2bb2ba4abcada73854e58c552cffd3f07e,14dddd6cd7a99327317a7521f545e5a2a08fc873cf45079ade81dda09c8e98a8
R6_reacher_069945d6d002522c9d5ef1d9,REFIT_103201,R4_ALT_CEM_1,H_POLICY,FRESH_PAIRED_CONTROL,1,False,,691df80f614bf5e49abcbc2251564a8871bad8d2f9ee9865e2d620e8302f5c73,
R6_reacher_069945d6d002522c9d5ef1d9,REFIT_103201,R4_ALT_CEM_1,REAL3_NULLACT,COMPLETE,1,False,True,a71e8f1185b52d11b73b08e4e503adcfc21be88fd9c83a8f8475a45387cda4db,cf8e4ca4ba9f003a9e56a6107344c868bb85b502097fbf6b769e18bb5c68b05d
R6_reacher_069945d6d002522c9d5ef1d9,REFIT_103201,R4_ALT_CEM_1,REPEAT3_REALACT,COMPLETE,1,False,True,7246eb0b40ab2452d58c67293b5bd97c8a5a4b4dacafa8057823c1bb9705996a,cf8e4ca4ba9f003a9e56a6107344c868bb85b502097fbf6b769e18bb5c68b05d
R6_reacher_069945d6d002522c9d5ef1d9,REFIT_103201,R4_ALT_CEM_2,H_POLICY,FRESH_PAIRED_CONTROL,1,False,,c4148cf890bf06e742d825e32aa170f65c76828bad13615543ebb10600739545,
R6_reacher_069945d6d002522c9d5ef1d9,REFIT_103201,R4_ALT_CEM_2,REAL3_NULLACT,COMPLETE,1,False,True,c78c29c115a54a317acca7a52a72f547fdc8b937361f1e9f4b91eab2a8f6dc03,ed434f5201cde2f4b401247844205e60968f8e64f4c7aa2ab0dfe260daf21d81
R6_reacher_069945d6d002522c9d5ef1d9,REFIT_103201,R4_ALT_CEM_2,REPEAT3_REALACT,COMPLETE,1,False,True,de11a534e1e10b13da990f658c3bec5bfc619ab9402dd930e69b795473069f89,ed434f5201cde2f4b401247844205e60968f8e64f4c7aa2ab0dfe260daf21d81
R6_reacher_069945d6d002522c9d5ef1d9,REFIT_103202,R3_ORIGINAL,H_POLICY,FRESH_PAIRED_CONTROL,1,False,,c8bc848f15c7b9a551837bcc23f0be1c86db347924b3884fe5a1c2c157da3180,
R6_reacher_069945d6d002522c9d5ef1d9,REFIT_103202,R3_ORIGINAL,REAL3_NULLACT,COMPLETE,1,False,True,0e8a55ef29b71a5f75cc75a2aeb12548d957ea9de0e7cc861ba3bb04708bfb2c,f2727796273bf262bc97b27d83f0312ed7d4dbc047c684cb2c887b88a81784dc
R6_reacher_069945d6d002522c9d5ef1d9,REFIT_103202,R3_ORIGINAL,REPEAT3_REALACT,COMPLETE,1,False,True,caae39662ad74b8bc7a8e7873746678ca62ded8d6ab4879549bbb7823c4a390e,f2727796273bf262bc97b27d83f0312ed7d4dbc047c684cb2c887b88a81784dc
R6_reacher_069945d6d002522c9d5ef1d9,REFIT_103202,R4_ALT_CEM_1,H_POLICY,FRESH_PAIRED_CONTROL,1,False,,6d2dd2ff87d0fabbc4006d34c411a1e599dc0b05f184af949cfdb010c6c035a1,
R6_reacher_069945d6d002522c9d5ef1d9,REFIT_103202,R4_ALT_CEM_1,REAL3_NULLACT,COMPLETE,1,False,True,2372ba1718c705e9f4e735d09c7d2d934deb52ffa931a95e9b8fa77fd0139bee,2e8ae8b9c02f65f2f7fe5ccd4584f9fd02e19292fdc52e68e93aa40f4ed9d046
R6_reacher_069945d6d002522c9d5ef1d9,REFIT_103202,R4_ALT_CEM_1,REPEAT3_REALACT,COMPLETE,1,False,True,a51985531c05c0f7ed111fc6c5410b1d8d483f8228e431393acb4121cf7816e9,2e8ae8b9c02f65f2f7fe5ccd4584f9fd02e19292fdc52e68e93aa40f4ed9d046
R6_reacher_069945d6d002522c9d5ef1d9,REFIT_103202,R4_ALT_CEM_2,H_POLICY,FRESH_PAIRED_CONTROL,1,False,,823f2aea0682467563e7044a7dba43169571e820daf81cc6ca266861cb397af4,
R6_reacher_069945d6d002522c9d5ef1d9,REFIT_103202,R4_ALT_CEM_2,REAL3_NULLACT,COMPLETE,1,False,True,daf321425256e179724ea72da23cfec824457284dd55691dd83470bb98e0de21,49405fe0e4b028df2de43a8c8cd4f671d154f21b7b2f809810c051ae788eb8d6
R6_reacher_069945d6d002522c9d5ef1d9,REFIT_103202,R4_ALT_CEM_2,REPEAT3_REALACT,COMPLETE,1,False,True,506ac8cc9ef5e1dc0cfa50ab2a21f777e57bda997bf4c9fefafc6fb90ab87d8f,49405fe0e4b028df2de43a8c8cd4f671d154f21b7b2f809810c051ae788eb8d6
R6_reacher_069945d6d002522c9d5ef1d9,REFIT_103203,R3_ORIGINAL,H_POLICY,FRESH_PAIRED_CONTROL,1,False,,44d380c845306e0cc2207b8062a9c3a1064994773aced18087752c4609685c9b,
R6_reacher_069945d6d002522c9d5ef1d9,REFIT_103203,R3_ORIGINAL,REAL3_NULLACT,COMPLETE,1,False,True,4e6c3f90fd5f709ac45b670eb751bf6aff9a21c3f7072f1ecc62a682956cbe7e,da45c021c8a543706ed0d3c79d5552837c4bbf71944f3fa82c41c247f233c89a
R6_reacher_069945d6d002522c9d5ef1d9,REFIT_103203,R3_ORIGINAL,REPEAT3_REALACT,COMPLETE,1,False,True,fe8bd460a3e20da0730a8ed0aaf6339cce1a993c00097c6b415d85a2032b5ce8,da45c021c8a543706ed0d3c79d5552837c4bbf71944f3fa82c41c247f233c89a
R6_reacher_069945d6d002522c9d5ef1d9,REFIT_103203,R4_ALT_CEM_1,H_POLICY,FRESH_PAIRED_CONTROL,1,False,,e44e8831f26ca2db8710717adc07440d14b458f85cb7971c97c98db73c52a844,
R6_reacher_069945d6d002522c9d5ef1d9,REFIT_103203,R4_ALT_CEM_1,REAL3_NULLACT,COMPLETE,1,False,True,af598004938c0dfacddfa60dca4e21a117989c9ac640d10a8a988e3a6ac0ce1a,0927b686518da9dced662fb59749ae9b734c30423dbfa0afe3e51e99f90e6936
R6_reacher_069945d6d002522c9d5ef1d9,REFIT_103203,R4_ALT_CEM_1,REPEAT3_REALACT,COMPLETE,1,False,True,29d2daeea4b0354980cb5722c1e9129dd24a94fd193ef605bed19a974abae38c,0927b686518da9dced662fb59749ae9b734c30423dbfa0afe3e51e99f90e6936
R6_reacher_069945d6d002522c9d5ef1d9,REFIT_103203,R4_ALT_CEM_2,H_POLICY,FRESH_PAIRED_CONTROL,1,True,,efedbab45bca7791c2203d600d9384bdef86d231d4e78933b5f6e1f3ea8be4de,
R6_reacher_069945d6d002522c9d5ef1d9,REFIT_103203,R4_ALT_CEM_2,REAL3_NULLACT,COMPLETE,1,True,True,10ada01f130da4428094c7d458279d87b097b5787554b20b5917fca15745d177,108549c97e87e8da36e720eb9311c6352c2f96a2496dbc59d05827804494fe29
R6_reacher_069945d6d002522c9d5ef1d9,REFIT_103203,R4_ALT_CEM_2,REPEAT3_REALACT,COMPLETE,1,True,True,baa243c3518c7768bb0649400cfd3ad3f15c66c7dca305aabe67bb45db9593c8,c5e71103363e610052e7123e96ba73555a8cc077988d4e67db2fcc1f45edb859
R6_reacher_06cc3d0169c47775bf5c3654,H0,R3_ORIGINAL,H_POLICY,FRESH_PAIRED_CONTROL,0,True,,d68b3c62e3a5a87bbc4c5cf4f3b806d8b4dec8c47b1764439f8eac3d157b699d,
R6_reacher_06cc3d0169c47775bf5c3654,H0,R3_ORIGINAL,REAL3_NULLACT,COMPLETE,0,True,True,1cadc358b5b7a8314e67a2ef5947abc193444b3f42726d468187afd1d666219b,5be02033a6e1001658962321b951486bdb7be3eb90fd6d913c7da2b400f0e9a0
R6_reacher_06cc3d0169c47775bf5c3654,H0,R3_ORIGINAL,REPEAT3_REALACT,COMPLETE,1,True,True,7658f4ae76e7941bbdc9a849e4a13100ebe096a2082797d55b0ee4db1a44836a,d14daa02e6b6616217b818133fe9dd51691d8b29e28281f5f8598d54a11d31fd
R6_reacher_06cc3d0169c47775bf5c3654,H0,R4_ALT_CEM_1,H_POLICY,FRESH_PAIRED_CONTROL,1,True,,9189c3fc3324b132b14e208f72aa8ce7a8710a690ec6ec53b2276ba1dd2f668e,
R6_reacher_06cc3d0169c47775bf5c3654,H0,R4_ALT_CEM_1,REAL3_NULLACT,COMPLETE,1,True,True,809d8b335aaaa7dac4675642d2cd796e6dfdcf483205963391c1f7c29f5829d4,59317111272f9f70e79d25e157a49d432c1177f31db50054bc3cff14df323338
R6_reacher_06cc3d0169c47775bf5c3654,H0,R4_ALT_CEM_1,REPEAT3_REALACT,COMPLETE,1,True,True,90f34041f102e257d4ac9ff5fbebbffcb69c2c534a76701a9048f66466f9f71a,da4775d5e9cb9f6c61313cbfb59afb5e78bf3fa7a9d681adb554226b0d5ecb23
R6_reacher_06cc3d0169c47775bf5c3654,H0,R4_ALT_CEM_2,H_POLICY,FRESH_PAIRED_CONTROL,1,True,,fa931979c73b14906b4de94b95b4ca1ef9ce8745f6026c9e290ca9143db0ac11,
R6_reacher_06cc3d0169c47775bf5c3654,H0,R4_ALT_CEM_2,REAL3_NULLACT,COMPLETE,1,True,True,506e078ba33c8cb6e1492bd59969ba1950b3d3a71b12b6177ea5e006f11ccdb6,a6168aa6d1f580fe396420dac8767c13921c78b273509802d5e35787591570d0
R6_reacher_06cc3d0169c47775bf5c3654,H0,R4_ALT_CEM_2,REPEAT3_REALACT,COMPLETE,1,True,True,b97e8aa2b0a4c327ae7fe499df2dec7e12df9122b1a7158c68285f89019e1bb4,b7e273321ba7ef8c662ace0648505cd2fc00883bfaa9337ee849fcaebbd1b709
R6_reacher_06cc3d0169c47775bf5c3654,REFIT_103201,R3_ORIGINAL,H_POLICY,FRESH_PAIRED_CONTROL,1,True,,1e26499330dc7a2bf9605b65f8c0c46145623fa6b213b6c2cbb13a395911aefa,
R6_reacher_06cc3d0169c47775bf5c3654,REFIT_103201,R3_ORIGINAL,REAL3_NULLACT,COMPLETE,1,True,True,a7718f4c0dd39afe08562f02fe9ad3db8fbe3d6fcc2bc8895b58a54a3f60f10d,e5bab01a89af691f2f533f8af094586e6c7fcbd25ec28fe5f374db762073ad5c
R6_reacher_06cc3d0169c47775bf5c3654,REFIT_103201,R3_ORIGINAL,REPEAT3_REALACT,COMPLETE,1,True,True,38a2174767ce094b4bfd3e647115cdf2b2bd52e60aeaf146c2a4c5b8eb747a2c,ff77e27e86c5fae1e29311c09715ec4f195ae4f39ee2bcf03576b15585b30e01
R6_reacher_06cc3d0169c47775bf5c3654,REFIT_103201,R4_ALT_CEM_1,H_POLICY,FRESH_PAIRED_CONTROL,1,True,,7b2ecbd66186d97372ac7e1e68671a161521da543067e31038ae9a94e18b89f3,
R6_reacher_06cc3d0169c47775bf5c3654,REFIT_103201,R4_ALT_CEM_1,REAL3_NULLACT,COMPLETE,1,True,True,41cb96b0b2922a21c5a6c480faa2f773c531ac6aa4be528ed1a3f6cc95b57093,fc70082b729f73fb051aa25de222b0190d9ae0546cad96ae87302973bc82a3af
R6_reacher_06cc3d0169c47775bf5c3654,REFIT_103201,R4_ALT_CEM_1,REPEAT3_REALACT,COMPLETE,1,True,True,33285b9b0b8c9239afc62d7a780c04ddd95c3e7c91531de9aac47a0b78977a31,6b568212d6e267ff8965ecc953afe22ad2f47e3c3d523bd14f52b20255c63022
R6_reacher_06cc3d0169c47775bf5c3654,REFIT_103201,R4_ALT_CEM_2,H_POLICY,FRESH_PAIRED_CONTROL,1,False,,0fd400a7d33f05c1b8ea019b16b0596581c76f9e0e9a7ff29e6a7f72955ab42a,
R6_reacher_06cc3d0169c47775bf5c3654,REFIT_103201,R4_ALT_CEM_2,REAL3_NULLACT,COMPLETE,1,False,True,03ba71a789d57feb2f2824f91f3c93573f05e837eacead6dca6f51da38dd3a2e,da2e6e6558d2246b714057a2834b6ff39ef13e3a5ceb70d80a5573ae303c2ab4
R6_reacher_06cc3d0169c47775bf5c3654,REFIT_103201,R4_ALT_CEM_2,REPEAT3_REALACT,COMPLETE,1,False,True,ed5b362d13b1596b10d9a647640b56d82fcbe7212ba713971d6475033994ba2d,da2e6e6558d2246b714057a2834b6ff39ef13e3a5ceb70d80a5573ae303c2ab4
R6_reacher_06cc3d0169c47775bf5c3654,REFIT_103202,R3_ORIGINAL,H_POLICY,FRESH_PAIRED_CONTROL,1,True,,222c6ffac0469a34a0daf54b438ef4a4d1ef2c336aafe9b94f5b90797d4c7ab2,
R6_reacher_06cc3d0169c47775bf5c3654,REFIT_103202,R3_ORIGINAL,REAL3_NULLACT,COMPLETE,0,True,True,565402e020e8df548918e24b06abbd895ee27ec4303d4352d2d365d916eddb33,c10d6a8668924441fd73532dedbe7e563f41becd8625e64567027c0b4c073798
R6_reacher_06cc3d0169c47775bf5c3654,REFIT_103202,R3_ORIGINAL,REPEAT3_REALACT,COMPLETE,1,True,True,c7279e2c73147e9e1793e445cb3658404b20f178c3cf2485a587e30620edee5d,56e6285dd7c841d4c97f76f715bfa6275fbc33cb1df7a293c09e64f0baffb4a0
R6_reacher_06cc3d0169c47775bf5c3654,REFIT_103202,R4_ALT_CEM_1,H_POLICY,FRESH_PAIRED_CONTROL,1,True,,60362ed354767d23c5d1ca4f2afe9a4b0c7c7b03467ff42d74abb4841294e923,
R6_reacher_06cc3d0169c47775bf5c3654,REFIT_103202,R4_ALT_CEM_1,REAL3_NULLACT,COMPLETE,1,True,True,885390068edd60ad72f746524852037fd17e0d8f92c1db2e77a4750d58dee3dd,a7677056fb77905c40f98e7a6adf6302e336ea44a391c7c8ea35545d98813f98
R6_reacher_06cc3d0169c47775bf5c3654,REFIT_103202,R4_ALT_CEM_1,REPEAT3_REALACT,COMPLETE,1,True,True,b8c857f4b6adc22c3d200e3ec0ef371db2a2634881904a314f044b3afde8971c,e2fff3b4458c15a83376446db12eb45b1c8fece7fb223cfd71406b6d69a32c3a
R6_reacher_06cc3d0169c47775bf5c3654,REFIT_103202,R4_ALT_CEM_2,H_POLICY,FRESH_PAIRED_CONTROL,1,True,,d383240b621b337c482b469a440bf29a33dd1e72f121c4739bc5ad41e3b6c03f,
R6_reacher_06cc3d0169c47775bf5c3654,REFIT_103202,R4_ALT_CEM_2,REAL3_NULLACT,COMPLETE,1,True,True,7338e6b05ac475f00477d5d418cdd62d5947e921371b1950470171e36e7a32e7,49c76e9a5260f8841a97ca737d24713e85144753c6b94c9021781abedee3efe7
R6_reacher_06cc3d0169c47775bf5c3654,REFIT_103202,R4_ALT_CEM_2,REPEAT3_REALACT,COMPLETE,1,True,True,058987e1104766ed0147a76e3c7291a4e3c6514879dbec5c91428e62637632ff,d77e5a35c3319b0612c33dcb8af59808425f4befb78ebdc2a8cd865ca55ceb0e
R6_reacher_06cc3d0169c47775bf5c3654,REFIT_103203,R3_ORIGINAL,H_POLICY,FRESH_PAIRED_CONTROL,1,True,,3935f82f96814b0d21195ba28e378fe68716f2d42d71d93c314860767dba179e,
R6_reacher_06cc3d0169c47775bf5c3654,REFIT_103203,R3_ORIGINAL,REAL3_NULLACT,COMPLETE,1,True,True,1ad6734f62cd3556dc96e314bcb11276dc8f8d4c5b6e64d497923ba5bbac37f5,8c26c93f4064a7db7dea00d393cfe7e762651d2e0d5c8624ca3aae5f37fa3e47
R6_reacher_06cc3d0169c47775bf5c3654,REFIT_103203,R3_ORIGINAL,REPEAT3_REALACT,COMPLETE,1,True,True,3ff8a6224c6666a188151bc5aff1b27a7a996a5d769eff71c20f9843507edf7d,2f58a549f81217f946627c1f92f663c889979aca1635da6e1e3aec5d6799e2e0
R6_reacher_06cc3d0169c47775bf5c3654,REFIT_103203,R4_ALT_CEM_1,H_POLICY,FRESH_PAIRED_CONTROL,1,True,,5296ccf7346e5a13c17939e67851fe28ffb146f4c3ad5443d5744693f25dec63,
R6_reacher_06cc3d0169c47775bf5c3654,REFIT_103203,R4_ALT_CEM_1,REAL3_NULLACT,COMPLETE,0,True,True,0ab052acc550687d77894c703bada7009e86bb9d732c29cbd086de3a165f0db7,97e5a79b9ac9d7d699307e42295fb0f208734473457c4eae0c620bf80b4f9872
R6_reacher_06cc3d0169c47775bf5c3654,REFIT_103203,R4_ALT_CEM_1,REPEAT3_REALACT,COMPLETE,1,True,True,850a186b47c3593165d00ac83f984079d1b476fd2b85ffedd556e0a54c224c91,913244772f1450205b6111a372aa9a5f214518b8e7b09009bc370f5dfd161ad1
R6_reacher_06cc3d0169c47775bf5c3654,REFIT_103203,R4_ALT_CEM_2,H_POLICY,FRESH_PAIRED_CONTROL,1,True,,6669040a35fca6003de9f43d645cd8d64a614a35bbc2552375603bf5f1268bf0,
R6_reacher_06cc3d0169c47775bf5c3654,REFIT_103203,R4_ALT_CEM_2,REAL3_NULLACT,COMPLETE,1,True,True,8f01608d40f615963e9467f875da987620c3a15a6a6942d2f5ac7240ec9135ea,011c1dd8b656700d28360fbdd0f7060608d21c9682e0b5621b34131857616de4
R6_reacher_06cc3d0169c47775bf5c3654,REFIT_103203,R4_ALT_CEM_2,REPEAT3_REALACT,COMPLETE,1,True,True,48c2ebcfbb2b3ff896837ad8d733086a39568fcfc1dd0bcfe443a210c69b9331,66847e225f32d778d545f6e001385277d9d442ea4bf75a7e17dfa14ae90e9bcc
R6_reacher_06f31f0ed66595d668f795d6,H0,R3_ORIGINAL,H_POLICY,FRESH_PAIRED_CONTROL,1,True,,f4d193b4580101cc2296f13aaf93e527d28705389e532ffc6eafcb9a8e1c5b49,
R6_reacher_06f31f0ed66595d668f795d6,H0,R3_ORIGINAL,REAL3_NULLACT,COMPLETE,1,True,True,c551765b2834042f254de50d4fe4fe3cb46581cb5184f050dc0e25065455fc02,96bd8868241e34e2241efb6520d7f7dd79776974efe3e7df593e119e4e439bf9
R6_reacher_06f31f0ed66595d668f795d6,H0,R3_ORIGINAL,REPEAT3_REALACT,COMPLETE,1,True,True,35642e9f09f755623d1d27368f5360805208fd6bbd398c2cb9a323600c8db836,7295122573799d9bf1761a8cba002676e6bd1ba16b5f64d3636dc0a9967d1322
R6_reacher_06f31f0ed66595d668f795d6,H0,R4_ALT_CEM_1,H_POLICY,FRESH_PAIRED_CONTROL,1,False,,c232b21348056a0bdc2c62a98ee309ccea7288f6bc96b9f34ff6217f64fee30c,
R6_reacher_06f31f0ed66595d668f795d6,H0,R4_ALT_CEM_1,REAL3_NULLACT,COMPLETE,1,False,True,9aea4e863c248e8e9d7a11b567c4358a36350b0b19fdb8d2f02fb462a1a91b10,db9febf5302a890d40bf7a6e6675a55626eae3e0d75b1479c3e37de6730a81ea
R6_reacher_06f31f0ed66595d668f795d6,H0,R4_ALT_CEM_1,REPEAT3_REALACT,COMPLETE,1,False,True,17d718585f0104789d900bf4c31d92496469bc9f5a7e7d3e3e30c497dd15bd5b,db9febf5302a890d40bf7a6e6675a55626eae3e0d75b1479c3e37de6730a81ea
R6_reacher_06f31f0ed66595d668f795d6,H0,R4_ALT_CEM_2,H_POLICY,FRESH_PAIRED_CONTROL,1,True,,a3d3d8da9ed53f5a7c220b0bdbfa46e236065622973bbcb8b6c6829f6366032b,
R6_reacher_06f31f0ed66595d668f795d6,H0,R4_ALT_CEM_2,REAL3_NULLACT,COMPLETE,1,True,True,5ce14dd4ed62fba4f2f38ee625deeb58e753668bc46b0c41f83ae1cdf5b4fb14,3d69c66264938dd4c32d9913afba6dc5cda3f072333bb7adc4098aade482a900
R6_reacher_06f31f0ed66595d668f795d6,H0,R4_ALT_CEM_2,REPEAT3_REALACT,COMPLETE,1,True,True,f2ed63e50081b19a6cc10f5968c2bb8ff6d3b6379c0306d6853725d83f8e1ad3,8ebfb4a99220b5ba047f45633ffe5a8481d54ba738d540a7930797af0d1d7321
R6_reacher_06f31f0ed66595d668f795d6,REFIT_103201,R3_ORIGINAL,H_POLICY,FRESH_PAIRED_CONTROL,1,True,,0767d3942d41285283e1e765292ad8a0e5d929b321a6694cbfb84a4c50d213ed,
R6_reacher_06f31f0ed66595d668f795d6,REFIT_103201,R3_ORIGINAL,REAL3_NULLACT,COMPLETE,1,True,True,0a6b4ff1c07d83bca214e50f9929c51ef1e1b7178aeae5fd6cd9148995a68bf9,dc97c461a4ca31de6b6e2b6dec106c3095a29f9f903b1a031a32cc46c90885e7
R6_reacher_06f31f0ed66595d668f795d6,REFIT_103201,R3_ORIGINAL,REPEAT3_REALACT,COMPLETE,1,True,True,8ed0d3a1993373fb9cb66f4f7a022e6a8c9ad255a04a913a83a08b4e170b7586,539c1a4a66fb51b408a3477ce3fab8c8439793a21f6414ac5ca11fa5548481a0
R6_reacher_06f31f0ed66595d668f795d6,REFIT_103201,R4_ALT_CEM_1,H_POLICY,FRESH_PAIRED_CONTROL,1,True,,379887e632ba4f70aa7034031eb3f547d02c698195aed93a5a8d847d543409f6,
R6_reacher_06f31f0ed66595d668f795d6,REFIT_103201,R4_ALT_CEM_1,REAL3_NULLACT,COMPLETE,1,True,True,dc68451fd9031c3294abea8556bcc92c90dd9d4cd1335ff123bfe11ed5230ed6,c826b2e33721e9bdfb1828e87121dde3d821eb0395dbb7f33afe278ec013faef
R6_reacher_06f31f0ed66595d668f795d6,REFIT_103201,R4_ALT_CEM_1,REPEAT3_REALACT,COMPLETE,1,True,True,9eaf67224d387262dabcb56138fc2ae107f14d479d835b1ba2d51157ef1fa271,50f4c0eb01e4403403b8e0c9b7f598ef0361ca23686a16ae56090b69dda00615
R6_reacher_06f31f0ed66595d668f795d6,REFIT_103201,R4_ALT_CEM_2,H_POLICY,FRESH_PAIRED_CONTROL,1,True,,cd43e0c83909dfa6758eb192a560bce38124a53a3fdb2740414b0311092b3afb,
R6_reacher_06f31f0ed66595d668f795d6,REFIT_103201,R4_ALT_CEM_2,REAL3_NULLACT,COMPLETE,1,True,True,e852363c29e85fc2908d791c3bb6339448535b769588b8bbc5741a97de5b07d9,4413b2b06084f61e1f5ae3ac9e5a675c4587945fd52d06bd662beb1dfc84d495
R6_reacher_06f31f0ed66595d668f795d6,REFIT_103201,R4_ALT_CEM_2,REPEAT3_REALACT,COMPLETE,1,True,True,e894b54b6f3ed0e2ed744d37a3433416b0db07f434ab3d61b046066ef878b107,6f3a14f1a82cb9b40e5b20a91182871a2491b231ff3f7cf95079d9aa6ca6634f
R6_reacher_06f31f0ed66595d668f795d6,REFIT_103202,R3_ORIGINAL,H_POLICY,FRESH_PAIRED_CONTROL,1,True,,a6d7548e390c408959fe3fa59f4759e116cbaa9d4ee74fd71840493e768033e9,
R6_reacher_06f31f0ed66595d668f795d6,REFIT_103202,R3_ORIGINAL,REAL3_NULLACT,COMPLETE,1,True,True,e7296f07f8f16905fc90a6f3efa761d054d2f6ca5e196851c4488330c7af4839,a2352b4ea918ffdd8402b71841473b4fe0af8afcffcfd029d3e7e20dcda81db3
R6_reacher_06f31f0ed66595d668f795d6,REFIT_103202,R3_ORIGINAL,REPEAT3_REALACT,COMPLETE,1,True,True,01c38d49e0fce8dd626abe1ebd8be65cdd976baa5a9e030dd81e8865f13928ff,0af5da1fa02c5a52a82149e357be1b55ace8f3d6e60128b819d488534941f455
R6_reacher_06f31f0ed66595d668f795d6,REFIT_103202,R4_ALT_CEM_1,H_POLICY,FRESH_PAIRED_CONTROL,1,True,,ff44143eb41be20b60871ffab3ab05c2c3f85c894cf879caa80410270c48616f,
R6_reacher_06f31f0ed66595d668f795d6,REFIT_103202,R4_ALT_CEM_1,REAL3_NULLACT,COMPLETE,1,True,True,79278e1070c0d104f961f182d4bdf6ae969e471a1c6130d6493737b3a06fb2a1,d229f6e2abed6d775a78252ff47a00970a72b751679c5b35f7c0bd1328445ff0
R6_reacher_06f31f0ed66595d668f795d6,REFIT_103202,R4_ALT_CEM_1,REPEAT3_REALACT,COMPLETE,1,True,True,2c6506f000bd0fe11917bdcedb483e910be9f34240e9930bef8a6fa985760939,c700d20b77b448b3a7737457c657131e6a6a180227679c43af8f15466cc98b5d
R6_reacher_06f31f0ed66595d668f795d6,REFIT_103202,R4_ALT_CEM_2,H_POLICY,FRESH_PAIRED_CONTROL,1,True,,97da993c4047d097330936776b595f6c57c1b0871fa3deeccc3e7d5319de63fc,
R6_reacher_06f31f0ed66595d668f795d6,REFIT_103202,R4_ALT_CEM_2,REAL3_NULLACT,COMPLETE,0,True,True,339db8dc93db932990d9a2f820e4b9cb153228a8e16042a74ea239ea8f2653d7,236fc202142ecb46fe2e9367fdde10b6033d75fb68dfde241d58a274c14fe09a
R6_reacher_06f31f0ed66595d668f795d6,REFIT_103202,R4_ALT_CEM_2,REPEAT3_REALACT,COMPLETE,1,True,True,43791443e7da0a570fa950c4667115dc16bcc0514cd224f05a514d38794a1450,2e09f9558424c84f3bfd72fb941e338b83457f42f247afaa0feed92164b043aa
R6_reacher_06f31f0ed66595d668f795d6,REFIT_103203,R3_ORIGINAL,H_POLICY,FRESH_PAIRED_CONTROL,1,True,,18be8fe5bc26668fe2e63c5a939f208dbb0c5c43f3307b69e0ba876f048dd7c3,
R6_reacher_06f31f0ed66595d668f795d6,REFIT_103203,R3_ORIGINAL,REAL3_NULLACT,COMPLETE,1,True,True,78235c55abde4c23db02f4a51984df346cc48fee5f85b09d2baddbbb8c715513,ab90481f7ce89495ad6b67021f25462296bbfb78a83cc5b640b92a20920e8134
R6_reacher_06f31f0ed66595d668f795d6,REFIT_103203,R3_ORIGINAL,REPEAT3_REALACT,COMPLETE,1,True,True,1e0148aee26ec6f44ae85a6f5a69f4ef5611f3b5c02581829754e786de91c1a3,b744da9d3c39d72b4672e6c39da69525a89b4f85f531ab9b0fff9e66e257ff7e
R6_reacher_06f31f0ed66595d668f795d6,REFIT_103203,R4_ALT_CEM_1,H_POLICY,FRESH_PAIRED_CONTROL,1,True,,4c957cf731b097da19cd0c6a29e94f9ec19c50583639b3a22590793228b5d9f2,
R6_reacher_06f31f0ed66595d668f795d6,REFIT_103203,R4_ALT_CEM_1,REAL3_NULLACT,COMPLETE,1,True,True,c9b0ce19a4978fc6a0025b14af18ae54df04a18b2e8d3031ea2a83ca3d270d73,3cc05f4bcee2414de962dd48a30711179481962761ffbacff995f51ff9f14407
R6_reacher_06f31f0ed66595d668f795d6,REFIT_103203,R4_ALT_CEM_1,REPEAT3_REALACT,COMPLETE,1,True,True,b2337dbfdb9e864b5a476dee0e8a010269a4074381028bd79dbc48349b2a0583,544ff848198c4f25c465b3028c7642490bd9b09deeee59ac23435a6e1f0c784d
R6_reacher_06f31f0ed66595d668f795d6,REFIT_103203,R4_ALT_CEM_2,H_POLICY,FRESH_PAIRED_CONTROL,1,True,,f695195e2a745ed2498f552a1b2290641eb76a0d4c9f318576e014987a296a8f,
R6_reacher_06f31f0ed66595d668f795d6,REFIT_103203,R4_ALT_CEM_2,REAL3_NULLACT,COMPLETE,1,True,True,d53771485adf4511b2ed7b067e259ebac4f0363602a39562ddfe4da352ead863,20ddb7308b3f53785b57cc3e1aef4c4d319d232872ccfb50f303f7f174c0d5d2
R6_reacher_06f31f0ed66595d668f795d6,REFIT_103203,R4_ALT_CEM_2,REPEAT3_REALACT,COMPLETE,1,True,True,0894328a048ed75f6e43d197a7c68cd8d3a45c8206e18a08a9dd521c88ecb35f,91477b67b2b0be33769af27f9cb2eb259ab92aeadc5674aab1249f3645ec9c1a
R6_reacher_070de37ab215162432f871dc,H0,R3_ORIGINAL,H_POLICY,FRESH_PAIRED_CONTROL,0,True,,9eb6279547b769bc3a731d6905befae7057a44645936f1b734a59b5038b7b73a,
R6_reacher_070de37ab215162432f871dc,H0,R3_ORIGINAL,REAL3_NULLACT,COMPLETE,0,True,True,cb184ce9b70a850a52af3ac3d98297ab8b342862f58cfcfdd87f5d5ce1bc4a09,d556600dd646a8531c21c4bdef68d43ed838aa58a1766545e373258397294bc2
R6_reacher_070de37ab215162432f871dc,H0,R3_ORIGINAL,REPEAT3_REALACT,COMPLETE,1,True,True,66be3b3b3f05a8ec7b6c67de48471923b7932e0cd62e1d66a40cb7647d865f75,14317af1f06b6685231c9f66f8b03623837945cb00f643993a00b0b07771ecd1
R6_reacher_070de37ab215162432f871dc,H0,R4_ALT_CEM_1,H_POLICY,FRESH_PAIRED_CONTROL,1,True,,3797aae792113a14f89de122b51c592df2cc85aef468ce32b5208dfb6b99b650,
R6_reacher_070de37ab215162432f871dc,H0,R4_ALT_CEM_1,REAL3_NULLACT,COMPLETE,1,True,True,b6e4e64f313bdf1f040fa5682e3612e047385a799d27a5198b0ea0da33cab452,e9daf5e8b405ea5e1d76d38644c668c4b785a66d6a9194f2339d92bdb4d9f3bf
R6_reacher_070de37ab215162432f871dc,H0,R4_ALT_CEM_1,REPEAT3_REALACT,COMPLETE,1,True,True,ee6f894c328d1adb9c8122045d25f0ebf7123bcd59a3e04018c62c6fd77b55c5,440ec5eec62a1bd028c6e2270f3c1b55275bcb651b455ede6c4c0e2309ba169e
R6_reacher_070de37ab215162432f871dc,H0,R4_ALT_CEM_2,H_POLICY,FRESH_PAIRED_CONTROL,0,True,,97537ecbfbd7fe1d91be5ce09a4c0ddb879db6a152627b4ab410f22fbde2ce42,
R6_reacher_070de37ab215162432f871dc,H0,R4_ALT_CEM_2,REAL3_NULLACT,COMPLETE,1,True,True,23b4f599ad789a28d81cb03b6771896b56b181a6e73bcd5f45ebda4b436e6ca8,5c1d15e360b390293d6d7c45cc08809b1a47f7527d688cbf2a934ce3aa923a6e
R6_reacher_070de37ab215162432f871dc,H0,R4_ALT_CEM_2,REPEAT3_REALACT,COMPLETE,1,True,True,2084c024e5a4156bd56527033eb4d53408c671372ed21b21f4e8967c3d4c13b8,19fc43fc1c6861f57f9f32d1946567aed5edc6a65f931056d888f8c3bd55be6f
R6_reacher_070de37ab215162432f871dc,REFIT_103201,R3_ORIGINAL,H_POLICY,FRESH_PAIRED_CONTROL,1,True,,788d086bf4fd55f6eb910e195e6f9b5deb4203110c3200291ae3435e9a48153c,
R6_reacher_070de37ab215162432f871dc,REFIT_103201,R3_ORIGINAL,REAL3_NULLACT,COMPLETE,1,True,True,dbd0c43abf3595e2f6750460d86c16972c47207f345d17a163fbd6aae8cbced6,89fd08b8238af47b8ac75150d29a5be44961b2edcdde107515875fc9b58ef35d
R6_reacher_070de37ab215162432f871dc,REFIT_103201,R3_ORIGINAL,REPEAT3_REALACT,COMPLETE,1,True,True,60c251c7e22ce5a42a925c475aa4460f1eecc23aed1187c51dc8f68066ecdf3d,8c6f9a693b8d937af913e110e8f270ecf89748ef3724fa5dd64b75b66f0d7e02
R6_reacher_070de37ab215162432f871dc,REFIT_103201,R4_ALT_CEM_1,H_POLICY,FRESH_PAIRED_CONTROL,1,True,,26adddade16d5058836f348aa986ad9810a35f9f83ebd272e3f46945f790b124,
R6_reacher_070de37ab215162432f871dc,REFIT_103201,R4_ALT_CEM_1,REAL3_NULLACT,COMPLETE,1,True,True,6e8cd646f50ad7b3102c30899e96c30f8573747de972ba00f2b7f5dc4df45d51,d2607adb3326ebc577624d57843a55fd4dfe51d8f56aab700a4637f6ab9dc88e
R6_reacher_070de37ab215162432f871dc,REFIT_103201,R4_ALT_CEM_1,REPEAT3_REALACT,COMPLETE,1,True,True,396486f9d5e376e5bf3de970edd3f7007f35c3c0c1a375b8395dd55e617be99c,f2205dcfe5e777ae8c0ab15612da355e7c413fb7cc7339e8cbd343589625be6c
R6_reacher_070de37ab215162432f871dc,REFIT_103201,R4_ALT_CEM_2,H_POLICY,FRESH_PAIRED_CONTROL,0,True,,5b846a4208837b853fa3203529db04fb2b1a1c3dd79c90305bad6b1935b97f4e,
R6_reacher_070de37ab215162432f871dc,REFIT_103201,R4_ALT_CEM_2,REAL3_NULLACT,COMPLETE,0,True,True,a31a36bd4e7bc3cc6fc57f2fe0cdcf0c67444f307d0e8cd25abdb52b5a9d62a3,18d2659298185282df45a0c99a2d256c36d241d4eba90ed7dc2e1b09ab9cbfe9
R6_reacher_070de37ab215162432f871dc,REFIT_103201,R4_ALT_CEM_2,REPEAT3_REALACT,COMPLETE,1,True,True,d8334c06f6d794dfd2453ca2c0b9381949c312fa908db7ced0358657c0ceb7c9,33cc9f9fac4d1acd2deec9ed819534552fbc2c77b2ad8e263e7b23ef213db415
R6_reacher_070de37ab215162432f871dc,REFIT_103202,R3_ORIGINAL,H_POLICY,FRESH_PAIRED_CONTROL,0,True,,87e9924255b50abff33d9c3da58f6ac7b1d56fe5a61887a1cb189aa816c25573,
R6_reacher_070de37ab215162432f871dc,REFIT_103202,R3_ORIGINAL,REAL3_NULLACT,COMPLETE,0,True,True,6358f7480883e85e00ec5eeb69e65e4d175e3b4291e6d1bc0f6c03d2f1251017,bd3e2dce501e923c95713fa36edae944d9998e37e222a2e54b1f600a9604c34b
R6_reacher_070de37ab215162432f871dc,REFIT_103202,R3_ORIGINAL,REPEAT3_REALACT,COMPLETE,1,True,True,08502f8993c693c760c3dc4076a861afd24d7df8507de4782336f512661e1368,a831dbecefc24066326b646650de9e7c4ec30a9e1acf74bdaff2a28a03e46eee
R6_reacher_070de37ab215162432f871dc,REFIT_103202,R4_ALT_CEM_1,H_POLICY,FRESH_PAIRED_CONTROL,1,True,,19a6332d904951de501e0b8ee2464e445e0b39fdb1659c522d59b7ddf2e0d385,
R6_reacher_070de37ab215162432f871dc,REFIT_103202,R4_ALT_CEM_1,REAL3_NULLACT,COMPLETE,1,True,True,fdf70d98557f70a296400a301a213651902317619d0fb0cf25489f90bd63b071,be4c5064d14c4484151001b18968b7fc39b9af3800c17e3de400679e77a2e1af
R6_reacher_070de37ab215162432f871dc,REFIT_103202,R4_ALT_CEM_1,REPEAT3_REALACT,COMPLETE,1,True,True,5a962cd4fa43c3395b576beb54db2119cf547d121631450a3f81fc65272a7a99,968454eb51073825d1611176a51ee739bfae62ad806b030931f3888397e99e4e
R6_reacher_070de37ab215162432f871dc,REFIT_103202,R4_ALT_CEM_2,H_POLICY,FRESH_PAIRED_CONTROL,1,True,,d7dcea1dc5b0552f2149ac818dabc2329549db554dadaa5cad1fc4f7b4300e34,
R6_reacher_070de37ab215162432f871dc,REFIT_103202,R4_ALT_CEM_2,REAL3_NULLACT,COMPLETE,1,True,True,22154bfaeb2b101a98d496e945ef60bf8f8b6f35f49a1243bcf9101a6dc675e0,71845ba3d184f61972f20ee9eee6ace98e229792da7a6b9c8eb848f77c7125d5
R6_reacher_070de37ab215162432f871dc,REFIT_103202,R4_ALT_CEM_2,REPEAT3_REALACT,COMPLETE,1,True,True,89fd36f4cd0c860ff02d01784375fd68a76d6e25dabe16cc3d2e32411038d604,704b7e2581d7d2f44605906396093aa7c00181319e1419b4340485f777cacab7
R6_reacher_070de37ab215162432f871dc,REFIT_103203,R3_ORIGINAL,H_POLICY,FRESH_PAIRED_CONTROL,1,True,,a898f5a4244e07ee065bedf6e7147ffa2963469a011d354cc867aff33d3c7b15,
R6_reacher_070de37ab215162432f871dc,REFIT_103203,R3_ORIGINAL,REAL3_NULLACT,COMPLETE,1,True,True,3224289866db84a2eb28a4d45dbaf134ee3d6cbbd0c84d1d71136e1d2e55f6ea,07f6109944ea776c288b0317ba100be4f452d0fa919e057f769d42cefb79c767
R6_reacher_070de37ab215162432f871dc,REFIT_103203,R3_ORIGINAL,REPEAT3_REALACT,COMPLETE,1,True,True,ad37fae96ccf956f48eb0b523b7d3efd2af97ef39e78fd09c9f5f884e708e598,e04bd4ac7fa643e73fe1a0651ae1a0d0013351457b39d0c860c7b35cbb001fb9
R6_reacher_070de37ab215162432f871dc,REFIT_103203,R4_ALT_CEM_1,H_POLICY,FRESH_PAIRED_CONTROL,0,True,,41e7f1bd1eb58523990b6a3409c771fda68cfae7e25e7f72e75b09cf413ee82d,
R6_reacher_070de37ab215162432f871dc,REFIT_103203,R4_ALT_CEM_1,REAL3_NULLACT,COMPLETE,0,True,True,0f5ecb698cc6fbb077c05b2a310cdf32c553eed4c2d5a0b88405f1300583a13d,82bf6a339391be8253beff3ac560c5fb91a3d50ccba875cc4fff3ba1e109482b
R6_reacher_070de37ab215162432f871dc,REFIT_103203,R4_ALT_CEM_1,REPEAT3_REALACT,COMPLETE,1,True,True,6d1d1603b0fd04599f31604ea6db9674300e11c72e3b6a7075bfece18eecc87e,6e9723bd5aa5ad85b79df62aa10a0ea6deeab096461574df0355cb6b04bc5348
R6_reacher_070de37ab215162432f871dc,REFIT_103203,R4_ALT_CEM_2,H_POLICY,FRESH_PAIRED_CONTROL,0,True,,c8ea3f6630db2ae428272a35f3318bf80cdb2a962defa3b05a39af869ac4594f,
R6_reacher_070de37ab215162432f871dc,REFIT_103203,R4_ALT_CEM_2,REAL3_NULLACT,COMPLETE,0,True,True,1baeef5895169e8e699c76a1c90ae5ed282827c9ba2789bd96883801a7b4d2b9,84b7a5bb92213bf477c0ab6c51afa2a1e9b77331398873ecfee38900742b684e
R6_reacher_070de37ab215162432f871dc,REFIT_103203,R4_ALT_CEM_2,REPEAT3_REALACT,COMPLETE,1,True,True,b754b2e3a3788d605a3ee68541f87dbdfee3fa3afdacd2a44f9ce5b1d846c99b,11b074d3c0de3392cb605a36f7a3a91da2d6b283b2d81d406d6ba47b41087edf
R6_reacher_0744272edb1918e64a7d6dd8,H0,R3_ORIGINAL,H_POLICY,FRESH_PAIRED_CONTROL,1,False,,357cc3691921b10cbbb49aba7b51ec8ad603057f3ab7529f24e805b383df0b84,
R6_reacher_0744272edb1918e64a7d6dd8,H0,R3_ORIGINAL,REAL3_NULLACT,COMPLETE,1,False,True,51f10ebed064ada68fcb45dce1f5db1e7e7593c4e7169a7455b35c9f7c56b7bc,559bb901be2f6f37b535e5ebf5e5231c94c0e8f72882cb8962609fc79c254348
R6_reacher_0744272edb1918e64a7d6dd8,H0,R3_ORIGINAL,REPEAT3_REALACT,COMPLETE,1,False,True,20dfbe50ee2cf57cac76e0f878c7f509b7df88040e68ce930284a5f56fab6f8b,559bb901be2f6f37b535e5ebf5e5231c94c0e8f72882cb8962609fc79c254348
R6_reacher_0744272edb1918e64a7d6dd8,H0,R4_ALT_CEM_1,H_POLICY,FRESH_PAIRED_CONTROL,0,True,,05c230ceec22054ab6316bbb3dbf116774f772fa584b954fe6ecd7c1851f9d2f,
R6_reacher_0744272edb1918e64a7d6dd8,H0,R4_ALT_CEM_1,REAL3_NULLACT,COMPLETE,0,True,True,7578afb2edfbbe0ca8af3c25d33523b160741fccd034c2f6f3c47f21189b18fe,59f71c651380dcc6a459bd6a1b2367c10378553c434de2f6dc169d0f3d6ec2e7
R6_reacher_0744272edb1918e64a7d6dd8,H0,R4_ALT_CEM_1,REPEAT3_REALACT,COMPLETE,0,True,True,ec9596713cb9892370d0de1f6c16af83880ef6d7e3f4939ecb0467ee27452837,499a97b1a9db5a045778b14e4ed92a91916386f593be84d272368d31a821b84b
R6_reacher_0744272edb1918e64a7d6dd8,H0,R4_ALT_CEM_2,H_POLICY,FRESH_PAIRED_CONTROL,1,False,,eac6be932d2f9c36e57ec3a4cec76a090129f6c8241c153c4f3b8bfab98c17c6,
R6_reacher_0744272edb1918e64a7d6dd8,H0,R4_ALT_CEM_2,REAL3_NULLACT,COMPLETE,1,False,True,6e1dd52408d1ec4be9be78615f94990958e8775ed75eef91298e8bc0b9b4cd73,9fe059f293a85415ec8e7692d5602be9f8a20b3fcd16b2d785ea77f2f3e25b63
R6_reacher_0744272edb1918e64a7d6dd8,H0,R4_ALT_CEM_2,REPEAT3_REALACT,COMPLETE,1,False,True,e2aade42a27d042a1ed887b3abd312690aa68700958c575ec821301ed711e14c,9fe059f293a85415ec8e7692d5602be9f8a20b3fcd16b2d785ea77f2f3e25b63
R6_reacher_0744272edb1918e64a7d6dd8,REFIT_103201,R3_ORIGINAL,H_POLICY,FRESH_PAIRED_CONTROL,0,True,,8e1a0d420e17acccb1cc7759318ed117afee17f836c5da6b399e1759dc87f351,
R6_reacher_0744272edb1918e64a7d6dd8,REFIT_103201,R3_ORIGINAL,REAL3_NULLACT,COMPLETE,0,True,True,0b5828d856728bb64322cf5948fc80776e2d367c6b71470034eb215fe515093d,bd89f309d268f233b5d3011ce1deea0fc4785fc0925f3183c2e45a78bdb08c20
R6_reacher_0744272edb1918e64a7d6dd8,REFIT_103201,R3_ORIGINAL,REPEAT3_REALACT,COMPLETE,1,True,True,20100dfaeee4e95b0bcefc4d761dac94b271bccfb3f7e383c50c483fc36e9d80,298a79f4b46b437f954537c5e3d9e138701cc4cc0de77e2724df0ea046e0a8c9
R6_reacher_0744272edb1918e64a7d6dd8,REFIT_103201,R4_ALT_CEM_1,H_POLICY,FRESH_PAIRED_CONTROL,1,True,,8c9ab6bb7c0a6e640abbb084352ed8bb6fb7185908880c5590a3919d8ffcc828,
R6_reacher_0744272edb1918e64a7d6dd8,REFIT_103201,R4_ALT_CEM_1,REAL3_NULLACT,COMPLETE,1,True,True,af4f75a476551196b4c8a30bb5e77e539a4bff8736cca75d83a117220c69c7a1,4a36f3c7f6b71f93d9a1d5d6df2ba7fbde9bf5f9feef1e2dcdcbc0cff99e6fa9
R6_reacher_0744272edb1918e64a7d6dd8,REFIT_103201,R4_ALT_CEM_1,REPEAT3_REALACT,COMPLETE,1,True,True,003d5b3da968ee2383f1dfe0dc7f2037dd25ec048de6ec4aff4b296193500c2a,c3d2725d2752067a76d6f8809cc1b1786ef74aa245e162ba6a05c43d10a67433
R6_reacher_0744272edb1918e64a7d6dd8,REFIT_103201,R4_ALT_CEM_2,H_POLICY,FRESH_PAIRED_CONTROL,1,False,,deccf07c83a2efb2e1fe8811e77de6163828b6cf6d6b9305efa6f0d30712824b,
R6_reacher_0744272edb1918e64a7d6dd8,REFIT_103201,R4_ALT_CEM_2,REAL3_NULLACT,COMPLETE,1,False,True,7dcc5272bbfe47aa51f3c4cf28cb0761855407e9d8fda0c42a6efadbbedaa164,46460a5826b0ba44fe93b363e5648a5353a03dd5ae33424e09e32919993b91b4
R6_reacher_0744272edb1918e64a7d6dd8,REFIT_103201,R4_ALT_CEM_2,REPEAT3_REALACT,COMPLETE,1,False,True,6ee838a156e18686d97646a00b08b55f1a67b98a73cbd332daa99c4a3d23a97c,46460a5826b0ba44fe93b363e5648a5353a03dd5ae33424e09e32919993b91b4
R6_reacher_0744272edb1918e64a7d6dd8,REFIT_103202,R3_ORIGINAL,H_POLICY,FRESH_PAIRED_CONTROL,1,False,,e9d6bd2cc5123e2478150de8e8b716ccfeebad2eb7b9d93064db9bf1d3203e47,
R6_reacher_0744272edb1918e64a7d6dd8,REFIT_103202,R3_ORIGINAL,REAL3_NULLACT,COMPLETE,1,False,True,bf115faacdc1ea9291699d7cbae8cde9ce4455db4e861e5fd51fbefa28e652f0,61eb5b0e383b2ea94d04a3189de604a27db82de5a2fe71fbf89c100d79f92103
R6_reacher_0744272edb1918e64a7d6dd8,REFIT_103202,R3_ORIGINAL,REPEAT3_REALACT,COMPLETE,1,False,True,bda9c113a7c840264277aed7ead8868a78c0fbf736d7d86467d34d3d3531f87c,61eb5b0e383b2ea94d04a3189de604a27db82de5a2fe71fbf89c100d79f92103
R6_reacher_0744272edb1918e64a7d6dd8,REFIT_103202,R4_ALT_CEM_1,H_POLICY,FRESH_PAIRED_CONTROL,1,True,,e3d385e43f178e5ed551ec11e66a8a81fbe9ebb27385b9264fc93f2a8a03f53a,
R6_reacher_0744272edb1918e64a7d6dd8,REFIT_103202,R4_ALT_CEM_1,REAL3_NULLACT,COMPLETE,1,True,True,3aed53af28537cb8757e4d9b78c92ba5790ee0a35dc4cebff988120a77fa2e91,b899d117a79e7073eb032cbdada4439c5adab98ab9006525ae0c22114f486936
R6_reacher_0744272edb1918e64a7d6dd8,REFIT_103202,R4_ALT_CEM_1,REPEAT3_REALACT,COMPLETE,1,True,True,4134a4eb8d9f229f021d1e30cdd751db024e8b99647b8e1c32673f7be860933d,d3608afc0f8ebb7d75011556b3e5640df819e9c1bed6841df0650454b35ef0ae
R6_reacher_0744272edb1918e64a7d6dd8,REFIT_103202,R4_ALT_CEM_2,H_POLICY,FRESH_PAIRED_CONTROL,1,False,,dc2806fd34539d16c26dedd6a99603856e5c620ed5185920d4d77203edc5f84f,
R6_reacher_0744272edb1918e64a7d6dd8,REFIT_103202,R4_ALT_CEM_2,REAL3_NULLACT,COMPLETE,1,False,True,19b040a16020ab82167911d832c8aa5b3d11c33909516d77785a31a14e74ae37,30f4e2cfd27a18fb7988db32d9104c6d983264e90ebc433b495245bce9d8291b
R6_reacher_0744272edb1918e64a7d6dd8,REFIT_103202,R4_ALT_CEM_2,REPEAT3_REALACT,COMPLETE,1,False,True,7688920d287eac3d20a89cb8a0be4853b1fa43fc55f0e744f1f1c2046b6f56ec,30f4e2cfd27a18fb7988db32d9104c6d983264e90ebc433b495245bce9d8291b
R6_reacher_0744272edb1918e64a7d6dd8,REFIT_103203,R3_ORIGINAL,H_POLICY,FRESH_PAIRED_CONTROL,1,False,,8ff5a10991be91015f83f6cb05908ed62de6f2e6320796fe87c9883aba399c63,
R6_reacher_0744272edb1918e64a7d6dd8,REFIT_103203,R3_ORIGINAL,REAL3_NULLACT,COMPLETE,1,False,True,866e1d63d5e4c5aa03f7f4d211cb7fc07b2301cdbbfd0b273620018377c6924b,3604c6a975c53498243d97d8ad0cfd8573effed14fc75bb3021816a5c9dedfc3
R6_reacher_0744272edb1918e64a7d6dd8,REFIT_103203,R3_ORIGINAL,REPEAT3_REALACT,COMPLETE,1,False,True,ca8b774710a2025bb4695d40b448eab3d234b43aa9431114e62a85cade26b1fa,3604c6a975c53498243d97d8ad0cfd8573effed14fc75bb3021816a5c9dedfc3
R6_reacher_0744272edb1918e64a7d6dd8,REFIT_103203,R4_ALT_CEM_1,H_POLICY,FRESH_PAIRED_CONTROL,1,False,,100501d9132fa8f5ec8c8e1d6da40c832d956781fe65f21e8c9e2126ff3b785d,
R6_reacher_0744272edb1918e64a7d6dd8,REFIT_103203,R4_ALT_CEM_1,REAL3_NULLACT,COMPLETE,1,False,True,0a0af4e48a2e6fa6eb90e3918c14ac7dff3ce2221bfb7d2dd8231fe23147a961,b8c4ae8520f7ba81e14cd4a86bb1df4a17cfbcec5aae52258ab61ab4475f04d4
R6_reacher_0744272edb1918e64a7d6dd8,REFIT_103203,R4_ALT_CEM_1,REPEAT3_REALACT,COMPLETE,1,False,True,e15481f967765404bba7eaf86e9f43e6eeeb0aed0d358f408ff9b394c304bc45,b8c4ae8520f7ba81e14cd4a86bb1df4a17cfbcec5aae52258ab61ab4475f04d4
R6_reacher_0744272edb1918e64a7d6dd8,REFIT_103203,R4_ALT_CEM_2,H_POLICY,FRESH_PAIRED_CONTROL,1,False,,76f3e7d79eb7805426b41a5a5b68125add2bfdd7094b0b888eb9a7e10e17000a,
R6_reacher_0744272edb1918e64a7d6dd8,REFIT_103203,R4_ALT_CEM_2,REAL3_NULLACT,COMPLETE,1,False,True,f599b0d7b1542870e3e48d3f288b0540534c6db09e40639052e30042895caf32,ae450306c67cea0aaa375c3ff0440ccd538113e1eb260342409a6285dad4870e
R6_reacher_0744272edb1918e64a7d6dd8,REFIT_103203,R4_ALT_CEM_2,REPEAT3_REALACT,COMPLETE,1,False,True,c55a2f572cbc69663c78d70efeda0fd8eab7397a7f1b89e22e517dfc8ed6eccf,ae450306c67cea0aaa375c3ff0440ccd538113e1eb260342409a6285dad4870e
R6_reacher_0744863efce22b67c52bbf37,H0,R3_ORIGINAL,H_POLICY,FRESH_PAIRED_CONTROL,1,True,,60638385a758235733adedbb70ab186e46ae53e7f5e7a3dbe645b269da76cd93,
R6_reacher_0744863efce22b67c52bbf37,H0,R3_ORIGINAL,REAL3_NULLACT,COMPLETE,0,True,True,aa0892df1658505c52aa7dde18240cfba347502c86dcc4b2aaada759da49562d,8118681694de68a1187586731ff801cabeb53d11cfc044d1dec393fef77e8dad
R6_reacher_0744863efce22b67c52bbf37,H0,R3_ORIGINAL,REPEAT3_REALACT,COMPLETE,1,True,True,b7cffdf401deab7af1bb26f66abaaf08891e8d883462b632062865e07659d936,63e3d8cee049b7f97868966b94ca995740acc67df9ee261f1806f0eb695ba952
R6_reacher_0744863efce22b67c52bbf37,H0,R4_ALT_CEM_1,H_POLICY,FRESH_PAIRED_CONTROL,1,False,,5e8e744780710370f30d3e01f3ac03919b3e2534fc154e6c3a5a29f60513f21c,
R6_reacher_0744863efce22b67c52bbf37,H0,R4_ALT_CEM_1,REAL3_NULLACT,COMPLETE,1,False,True,667f4eeeda9e3ec7992879c85bf43a96bd6c262a3af1fe1bb448f6ec765818a5,bfdb5c828092f21f45e4be144fcae7e72c29e5af5aa6de969950287b52e22d9e
R6_reacher_0744863efce22b67c52bbf37,H0,R4_ALT_CEM_1,REPEAT3_REALACT,COMPLETE,1,False,True,25984de7728b23798681c97ec9a9baba2a757ef4493df04907e5f9be5ca64350,bfdb5c828092f21f45e4be144fcae7e72c29e5af5aa6de969950287b52e22d9e
R6_reacher_0744863efce22b67c52bbf37,H0,R4_ALT_CEM_2,H_POLICY,FRESH_PAIRED_CONTROL,1,False,,889690b2e6cdeec4b763658e11c5916d10796a775eddac131e51be2e6d7e5aed,
R6_reacher_0744863efce22b67c52bbf37,H0,R4_ALT_CEM_2,REAL3_NULLACT,COMPLETE,1,False,True,fa468c67c595ed233605971131846b964a53a8e344f0e650dd6ed77878de90fa,bb55e330b6ecb90c91fa8c764cb3b879e86db712cc7bcc9292fd04825a91579f
R6_reacher_0744863efce22b67c52bbf37,H0,R4_ALT_CEM_2,REPEAT3_REALACT,COMPLETE,1,False,True,5817515549a5affe4efbddb1f9299821838960d57b78187aca1b55dc6d3767bd,bb55e330b6ecb90c91fa8c764cb3b879e86db712cc7bcc9292fd04825a91579f
R6_reacher_0744863efce22b67c52bbf37,REFIT_103201,R3_ORIGINAL,H_POLICY,FRESH_PAIRED_CONTROL,1,True,,97b36266a00c004df059eaf78eb0922dedc408ec13ce3b164d5dfffc9e9362e4,
R6_reacher_0744863efce22b67c52bbf37,REFIT_103201,R3_ORIGINAL,REAL3_NULLACT,COMPLETE,1,True,True,95dd514cde635448ff8d10c41e69d9747ebbeb2dc7a63c53ea8e2a705904f86a,f7ba766d1e1703c63a51aaa5b75d3173aa4598fd0145a09798028321cf35b679
R6_reacher_0744863efce22b67c52bbf37,REFIT_103201,R3_ORIGINAL,REPEAT3_REALACT,COMPLETE,1,True,True,dd805e074c733a0f5debcf3f6e5e755da0a71a5d1ff8f6851c5f97c1dc560f7a,b7f6e6c74c3941fda7f3acf66d3c5efff9b5a8e4abc353646f2efe4aea0efd5b
R6_reacher_0744863efce22b67c52bbf37,REFIT_103201,R4_ALT_CEM_1,H_POLICY,FRESH_PAIRED_CONTROL,1,True,,12e489b235cc1849a70ae919fa3d1e38376e24f137d6aec46aca7866b9c2e8db,
R6_reacher_0744863efce22b67c52bbf37,REFIT_103201,R4_ALT_CEM_1,REAL3_NULLACT,COMPLETE,1,True,True,85ccf372dd4aad72e87281c2eec1ca64be2d2a550bbc366296b30a704b217a7b,604a492561d3a36673967498a4494aa5a271334ae24fc01d06ce5419b782d857
R6_reacher_0744863efce22b67c52bbf37,REFIT_103201,R4_ALT_CEM_1,REPEAT3_REALACT,COMPLETE,1,True,True,f5e775971f7655625fa24df284929b8b2547badc29bd62df6fa6977c47c829ab,50fcb5b78992618c6a2d183b75f33100179f83ece512d96b13c487cf9b3eec90
R6_reacher_0744863efce22b67c52bbf37,REFIT_103201,R4_ALT_CEM_2,H_POLICY,FRESH_PAIRED_CONTROL,0,True,,47096d8863aa4a98e80eb92656a6d64290d456da0c1039e251962e1295311278,
R6_reacher_0744863efce22b67c52bbf37,REFIT_103201,R4_ALT_CEM_2,REAL3_NULLACT,COMPLETE,0,True,True,3a4af179167e1be1ae0504832e59239a69e6dbe5ba34c41f88735a9ac7b6d739,4bd9beab88a20640a75b8d72599cda84d2a9e50bd53adc1c232cbea5b7ed7ef0
R6_reacher_0744863efce22b67c52bbf37,REFIT_103201,R4_ALT_CEM_2,REPEAT3_REALACT,COMPLETE,1,True,True,0a4ae7aa24aefd68c817beda317e8af3003e6fa5aa37db37874f4bce73f2afc6,e8513bb25e65efeaef205d8c021be987aa831a4cfbb54f0067ebca0d368d5294
R6_reacher_0744863efce22b67c52bbf37,REFIT_103202,R3_ORIGINAL,H_POLICY,FRESH_PAIRED_CONTROL,1,True,,4066b9892de6c4ac3b2c765c70ed3854b70221e60ee9b3de9ae8274f8ba5e64d,
R6_reacher_0744863efce22b67c52bbf37,REFIT_103202,R3_ORIGINAL,REAL3_NULLACT,COMPLETE,1,True,True,2d890f818774748d1f5da5d02a65db4b29d484d05b95fb926a817c2c56f07c85,b64b12e242a1a24d5bce14d7869b8089adfebe41bddad2e1802694c6fde96625
R6_reacher_0744863efce22b67c52bbf37,REFIT_103202,R3_ORIGINAL,REPEAT3_REALACT,COMPLETE,1,True,True,5f46fd08904586b393288081be845ef6c148e183cd366e13ac72e60bd4f3e415,21fc734613cc3863705fced899dde6d451b4a027ef93fd2285bee9e20ac927d9
R6_reacher_0744863efce22b67c52bbf37,REFIT_103202,R4_ALT_CEM_1,H_POLICY,FRESH_PAIRED_CONTROL,1,True,,5122494fe9e094ef966c6c50ab995d90074bb7f3e5ed876a1dd313744496dd41,
R6_reacher_0744863efce22b67c52bbf37,REFIT_103202,R4_ALT_CEM_1,REAL3_NULLACT,COMPLETE,1,True,True,4b00ecf16ec26387b18cd8c32990d1c47b60b42bcf6b0c6e7d9790b6cc8027cc,1239ff2ad3935f2817d57f2a879e2874bfc9cbc4f1e14f0c4da3eb7efd8a2b0b
R6_reacher_0744863efce22b67c52bbf37,REFIT_103202,R4_ALT_CEM_1,REPEAT3_REALACT,COMPLETE,1,True,True,d27a8269904d41212ef1afd4d8d05c4f094daf998ec3b8547ffcb04645064f81,42fddeb3654e5f2457c9761572684dc176671b81617a1e44c5053fc7d71a12b3
R6_reacher_0744863efce22b67c52bbf37,REFIT_103202,R4_ALT_CEM_2,H_POLICY,FRESH_PAIRED_CONTROL,0,True,,967cbd0eb196b1c7664c52bbea39cf317977dffa9a1fb7ad906d699b938cb776,
R6_reacher_0744863efce22b67c52bbf37,REFIT_103202,R4_ALT_CEM_2,REAL3_NULLACT,COMPLETE,0,True,True,59bebe87e0259a85efdd5b3135e06864fb55c0fbdc1fa974ee65439c17cabcb8,ff7acdd8a2a87d45548c7f4a812bd712effcf1d4481647dfeae18ce0af2cf22b
R6_reacher_0744863efce22b67c52bbf37,REFIT_103202,R4_ALT_CEM_2,REPEAT3_REALACT,COMPLETE,1,True,True,5f7884524eef0e68bdb0b093e9d265fda573314a58a32cf017580ca34edc3270,b4b06531422b0378e64daae7f4a609a056524fda109dee60f78111be4f1ae0de
R6_reacher_0744863efce22b67c52bbf37,REFIT_103203,R3_ORIGINAL,H_POLICY,FRESH_PAIRED_CONTROL,0,True,,3b9d42253d38c87d8b2332ad4d69e69260e99061f72e2c9bf1fb0210f35805e4,
R6_reacher_0744863efce22b67c52bbf37,REFIT_103203,R3_ORIGINAL,REAL3_NULLACT,COMPLETE,0,True,True,b2f8486d357c85b2386e41ddfb130759c2508e2988ca80bcecbcc3302735f394,9b1ba64d035ddb90a6c6899371f0729d00304fc0c001fb5e844e13b989a7c65b
R6_reacher_0744863efce22b67c52bbf37,REFIT_103203,R3_ORIGINAL,REPEAT3_REALACT,COMPLETE,1,True,True,b2488230dc9792bd5afbf51055a8ad4644fe07d18be04dcd326e84bab64fa7d9,5919da13867a159a86ad4f33a747fceba75b8e8d2225df384cba1c0f8b772c32
R6_reacher_0744863efce22b67c52bbf37,REFIT_103203,R4_ALT_CEM_1,H_POLICY,FRESH_PAIRED_CONTROL,1,False,,78c9b43509f2b2e1deabb46ae922b922ac708a9d11637693e11354ab35177e75,
R6_reacher_0744863efce22b67c52bbf37,REFIT_103203,R4_ALT_CEM_1,REAL3_NULLACT,COMPLETE,1,False,True,ecaa977dd2e40c8456d7d6623a184dd01bbb2841b7078e51c4a31cc0e1e2a6c7,ac5cfeb2f767c9673dc3fd329c1b6d023aea619b9135a2b6f6b03ec20402bb3e
R6_reacher_0744863efce22b67c52bbf37,REFIT_103203,R4_ALT_CEM_1,REPEAT3_REALACT,COMPLETE,1,False,True,36e3559ef1e06a8a89359024bc1c6b299776ce0282b5256f8a6568005405835c,ac5cfeb2f767c9673dc3fd329c1b6d023aea619b9135a2b6f6b03ec20402bb3e
R6_reacher_0744863efce22b67c52bbf37,REFIT_103203,R4_ALT_CEM_2,H_POLICY,FRESH_PAIRED_CONTROL,0,True,,40dfe83436571ec46a5cd1e523bded28f4969169e3f73b79ba520b30fdb3d5da,
R6_reacher_0744863efce22b67c52bbf37,REFIT_103203,R4_ALT_CEM_2,REAL3_NULLACT,COMPLETE,0,True,True,c14cd53d575a8b21ef0d416586a2ae9b25870cb42587801cbbdd4c76dc7c7d9a,445cc4b78135468c0b518b1cac23bad5ce121f39245f527673b9152a35b83fb4
R6_reacher_0744863efce22b67c52bbf37,REFIT_103203,R4_ALT_CEM_2,REPEAT3_REALACT,COMPLETE,1,True,True,0dd4725a210d654c53d1df76394452f23066772a2f764afacec367554713a137,8e1195faf4fc5e5a9442a0742f3c442547539a61fe536d236deacfe103f31409
R6_reacher_0754fb7426df7476a90bdba4,H0,R3_ORIGINAL,H_POLICY,FRESH_PAIRED_CONTROL,1,False,,dfeca94ebc6c4259b1fcda910ff9940ed2dcfc9d2b68b72d18f60fd23b37f136,
R6_reacher_0754fb7426df7476a90bdba4,H0,R3_ORIGINAL,REAL3_NULLACT,COMPLETE,1,False,True,bbf9fdf01b9abf1bbc7ff93d5980eea53778aa2f2d00ee924b3205e2f8950660,3ffa0d729e2101c74fbee01e1a3d7d2e7e5af19951eca4096c93e4496667913e
R6_reacher_0754fb7426df7476a90bdba4,H0,R3_ORIGINAL,REPEAT3_REALACT,COMPLETE,1,False,True,3badfcd89c04c1224b29f5c6ca232e7bebba503418b89ad22ca993a0e04f1b92,3ffa0d729e2101c74fbee01e1a3d7d2e7e5af19951eca4096c93e4496667913e
R6_reacher_0754fb7426df7476a90bdba4,H0,R4_ALT_CEM_1,H_POLICY,FRESH_PAIRED_CONTROL,1,False,,b34b0f7503b0176af347dd31a597d550ac659ecf0e3052b956941c9b4d6b3fd3,
R6_reacher_0754fb7426df7476a90bdba4,H0,R4_ALT_CEM_1,REAL3_NULLACT,COMPLETE,1,False,True,cc1f7112f476903326deee15c3dc66fbf8eb27ff35854d1a1b1a55bf36b13bf7,a3dca98c2fdbf6edd1a17104f6d1fb32c883129def4cef8243f2cff9c67272a1
R6_reacher_0754fb7426df7476a90bdba4,H0,R4_ALT_CEM_1,REPEAT3_REALACT,COMPLETE,1,False,True,b7475e94d0005e4c72b2e7df61c8227dead5549e5057c714f085e906d85f909c,a3dca98c2fdbf6edd1a17104f6d1fb32c883129def4cef8243f2cff9c67272a1
R6_reacher_0754fb7426df7476a90bdba4,H0,R4_ALT_CEM_2,H_POLICY,FRESH_PAIRED_CONTROL,1,False,,6604182ce29b1f7639bb912a5247578b0427c44a15e641f70e29095e5333caff,
R6_reacher_0754fb7426df7476a90bdba4,H0,R4_ALT_CEM_2,REAL3_NULLACT,COMPLETE,1,False,True,7c368b4c83a59edd5471d6b6186383088a779367b457ffa310d586898cd7d6ec,d53ddbf71e9764e28764197521bf1fddac92ae465a3741004c1af9b071565177
R6_reacher_0754fb7426df7476a90bdba4,H0,R4_ALT_CEM_2,REPEAT3_REALACT,COMPLETE,1,False,True,f223ddfaa36037adbe69ff0173102f73ba0574a625c4e5829737d2147518db82,d53ddbf71e9764e28764197521bf1fddac92ae465a3741004c1af9b071565177
R6_reacher_0754fb7426df7476a90bdba4,REFIT_103201,R3_ORIGINAL,H_POLICY,FRESH_PAIRED_CONTROL,1,False,,30165b7eac72d5988c492a3eae9eeff6c637541dbc15e471e297453f2b9b7152,
R6_reacher_0754fb7426df7476a90bdba4,REFIT_103201,R3_ORIGINAL,REAL3_NULLACT,COMPLETE,1,False,True,1e27e25b26c3432bb0b3b4b15c14620a453b2b256f9935643cb99422ea95456b,87c82052cd392a966162bd7d64b28571a2b83e2a8d2a2a86d3de5d7200da25af
R6_reacher_0754fb7426df7476a90bdba4,REFIT_103201,R3_ORIGINAL,REPEAT3_REALACT,COMPLETE,1,False,True,25d52e7885a50b2fcddc2c7e3a9455f29075efa5ba965f63b8d3f9f0623ee043,87c82052cd392a966162bd7d64b28571a2b83e2a8d2a2a86d3de5d7200da25af
R6_reacher_0754fb7426df7476a90bdba4,REFIT_103201,R4_ALT_CEM_1,H_POLICY,FRESH_PAIRED_CONTROL,1,False,,5e7a3fd3ce04d401cdf3382bba073829b48cf941931e7743968c406761d217a1,
R6_reacher_0754fb7426df7476a90bdba4,REFIT_103201,R4_ALT_CEM_1,REAL3_NULLACT,COMPLETE,1,False,True,4617fd09c43d7252f3e1fc3e1eafdc6eae777e77e4ee9ac701d73796f449f713,74c1520694d0d79bade94576987dc3ff1b6165b9992fc5fc88ca4c5549d0835c
R6_reacher_0754fb7426df7476a90bdba4,REFIT_103201,R4_ALT_CEM_1,REPEAT3_REALACT,COMPLETE,1,False,True,a6c51171dd3c9f74b4cc9a478dbe12072caf2f0ed462619aeee9908e213add30,74c1520694d0d79bade94576987dc3ff1b6165b9992fc5fc88ca4c5549d0835c
R6_reacher_0754fb7426df7476a90bdba4,REFIT_103201,R4_ALT_CEM_2,H_POLICY,FRESH_PAIRED_CONTROL,1,False,,b5832f6495435eae74dd6d83f1444eb3c24c5b60734b6dc1d4ebdd1348c0f4e9,
R6_reacher_0754fb7426df7476a90bdba4,REFIT_103201,R4_ALT_CEM_2,REAL3_NULLACT,COMPLETE,1,False,True,e66b75103a4134ebff57e4ffec2ad3aa52977e7f5286531fedfbb2ddea709df3,6ad526131bca1284f2cf6870eb07513b1a351bf608708c5a8e38e6dad6df3c4a
R6_reacher_0754fb7426df7476a90bdba4,REFIT_103201,R4_ALT_CEM_2,REPEAT3_REALACT,COMPLETE,1,False,True,64faf622b5785f23267371160ead16ec14b400f895933bd02486d8f2284856df,6ad526131bca1284f2cf6870eb07513b1a351bf608708c5a8e38e6dad6df3c4a
R6_reacher_0754fb7426df7476a90bdba4,REFIT_103202,R3_ORIGINAL,H_POLICY,FRESH_PAIRED_CONTROL,1,False,,5676ecebe50062892b03aade10db2762ccdcde80431a5dff948284576c05eb1d,
R6_reacher_0754fb7426df7476a90bdba4,REFIT_103202,R3_ORIGINAL,REAL3_NULLACT,COMPLETE,1,False,True,d9ba26b16be28c894efb8eed3154383cd4aad76b77d32c05b0e05bacc640e029,da4b1c2b724eea91948b73fc4fc32935e5d73833f0307cdb8d79d370fcc814a8
R6_reacher_0754fb7426df7476a90bdba4,REFIT_103202,R3_ORIGINAL,REPEAT3_REALACT,COMPLETE,1,False,True,e573ac2aeb08c69eae38f7d3b1b69cc107ff2fd7743a0037b73d60570339c793,da4b1c2b724eea91948b73fc4fc32935e5d73833f0307cdb8d79d370fcc814a8
R6_reacher_0754fb7426df7476a90bdba4,REFIT_103202,R4_ALT_CEM_1,H_POLICY,FRESH_PAIRED_CONTROL,1,False,,9b7f7b363d0b71f6f7779114cc04376918b0c5c3b6067dceb360be6931ee8b9f,
R6_reacher_0754fb7426df7476a90bdba4,REFIT_103202,R4_ALT_CEM_1,REAL3_NULLACT,COMPLETE,1,False,True,2e242d8609c5c8f06d84c31734df1a238db96ed518ef5b370b7fb5d8c038065b,7edfacc743b9c51cde405ae62d15a3cc90ef54c10c9eaa519fe4b33249c24e3f
R6_reacher_0754fb7426df7476a90bdba4,REFIT_103202,R4_ALT_CEM_1,REPEAT3_REALACT,COMPLETE,1,False,True,97a3fdb7cce4226ebe13fcea3ef1252aba9f5b76de7aa286f286326e5900a40b,7edfacc743b9c51cde405ae62d15a3cc90ef54c10c9eaa519fe4b33249c24e3f
R6_reacher_0754fb7426df7476a90bdba4,REFIT_103202,R4_ALT_CEM_2,H_POLICY,FRESH_PAIRED_CONTROL,1,False,,1803623bce5b0289e82c49868cca878671a937b743f3df0466f40b35c6cdeed0,
R6_reacher_0754fb7426df7476a90bdba4,REFIT_103202,R4_ALT_CEM_2,REAL3_NULLACT,COMPLETE,1,False,True,fe4fa3570eee8802bea849dc6dd12659ea63c30923a5caf89e03303ec2d24b90,ea2a93238bcbc97e2e47e0d0616007824c62a2b9ecec22444a323cb3eb8b14b6
R6_reacher_0754fb7426df7476a90bdba4,REFIT_103202,R4_ALT_CEM_2,REPEAT3_REALACT,COMPLETE,1,False,True,9b32d87baa7d8a4c51733d37c4c59a800dcc108abf2a461b19a018753d194917,ea2a93238bcbc97e2e47e0d0616007824c62a2b9ecec22444a323cb3eb8b14b6
R6_reacher_0754fb7426df7476a90bdba4,REFIT_103203,R3_ORIGINAL,H_POLICY,FRESH_PAIRED_CONTROL,1,False,,c7195c7865ba566912560e3967ffcad01bde8265f23646b7f9082b5136800471,
R6_reacher_0754fb7426df7476a90bdba4,REFIT_103203,R3_ORIGINAL,REAL3_NULLACT,COMPLETE,1,False,True,d77470979f5dbaa619f36c7398c3df55bfbfd57102646d5d8b21fd35805aaa82,45fc41548db3b079fdd955bf2d647c2f2d3441e61593475320a0c7a413c3999b
R6_reacher_0754fb7426df7476a90bdba4,REFIT_103203,R3_ORIGINAL,REPEAT3_REALACT,COMPLETE,1,False,True,727ed9df43ba48bbd289af7534ee2e2cf4ba6d804bedb7aed8e59ed9c716f212,45fc41548db3b079fdd955bf2d647c2f2d3441e61593475320a0c7a413c3999b
R6_reacher_0754fb7426df7476a90bdba4,REFIT_103203,R4_ALT_CEM_1,H_POLICY,FRESH_PAIRED_CONTROL,1,False,,cf45520cfa76e538f5cc5a0aaafb3b71121e64af8671cf848a1736bde29e0008,
R6_reacher_0754fb7426df7476a90bdba4,REFIT_103203,R4_ALT_CEM_1,REAL3_NULLACT,COMPLETE,1,False,True,ce6c2f6de15b9adda623ff9299b2ec66e8c21b149fa569f909ae89bc26ca7059,6a012a2422fc80c66f8e036d28fd8f379fa65b485b2cc3e53a45d763ffe282ac
R6_reacher_0754fb7426df7476a90bdba4,REFIT_103203,R4_ALT_CEM_1,REPEAT3_REALACT,COMPLETE,1,False,True,6bf96bde6e4556f7774c0aa72bcf8d625e678ff5ee274905121a9ae046a4f239,6a012a2422fc80c66f8e036d28fd8f379fa65b485b2cc3e53a45d763ffe282ac
R6_reacher_0754fb7426df7476a90bdba4,REFIT_103203,R4_ALT_CEM_2,H_POLICY,FRESH_PAIRED_CONTROL,1,False,,8dc4ce853cb470bb824e2181ae6e97d267b9a9c107ed3dfb72e5dba6c2244b2c,
R6_reacher_0754fb7426df7476a90bdba4,REFIT_103203,R4_ALT_CEM_2,REAL3_NULLACT,COMPLETE,1,False,True,7904f5793033ccf480ae79661f2e4a79d4164c4c916ca7a5ec7c9c2393f7bb62,3370f0fa2bc2239461f48ec5b26109a7069cab9693ef5f98d79bf6e11bb4e66d
R6_reacher_0754fb7426df7476a90bdba4,REFIT_103203,R4_ALT_CEM_2,REPEAT3_REALACT,COMPLETE,1,False,True,4843300564ed3c8fd7dc1cebe3c730bf9ccb0270c634b93d8382f8b2aa1a580a,3370f0fa2bc2239461f48ec5b26109a7069cab9693ef5f98d79bf6e11bb4e66d
R6_reacher_07a0ab05518d2f71e8a802de,H0,R3_ORIGINAL,H_POLICY,FRESH_PAIRED_CONTROL,1,True,,1fddfd8bef0c29f347eebe8773db0cc81a53f0223279d8f54d7100cdca24161f,
R6_reacher_07a0ab05518d2f71e8a802de,H0,R3_ORIGINAL,REAL3_NULLACT,COMPLETE,1,True,True,884492b165037eb5592a96af005c75578942f3459a420abcddb8f5b7576596c4,bcf276d67bfde238a6f28abcb7bc865bd252d335508b7952d763a32ffb040b97
R6_reacher_07a0ab05518d2f71e8a802de,H0,R3_ORIGINAL,REPEAT3_REALACT,COMPLETE,0,True,True,cfebbda8f7619641db7b8a89d4554fa8c411302711cbe01a35b5015562520126,241163dcbbe8aefe9e55f02764de113a3580abff724aa80615393331908e9cc2
R6_reacher_07a0ab05518d2f71e8a802de,H0,R4_ALT_CEM_1,H_POLICY,FRESH_PAIRED_CONTROL,1,True,,8211341c72fcb10c02f4428ecf92dc289bec903569fb08c2cc69151a8cb2b6a7,
R6_reacher_07a0ab05518d2f71e8a802de,H0,R4_ALT_CEM_1,REAL3_NULLACT,COMPLETE,1,True,True,33563db97449787941a031c63359ab3c87ebf84b04317a342d89dfaffd26c0bf,eae63029a07e6e4400e178e9b7784cfdc4c2a240779ae8db45a82190ef018cfe
R6_reacher_07a0ab05518d2f71e8a802de,H0,R4_ALT_CEM_1,REPEAT3_REALACT,COMPLETE,0,True,True,db690c7de2283a17bf8c8704d28fd801bd70f6a64c83c7cba73361f97b64d656,ecc64c376471b5e36254fd2d3f449a3d1a49f7609a2a89c6d1544a52b769eb01
R6_reacher_07a0ab05518d2f71e8a802de,H0,R4_ALT_CEM_2,H_POLICY,FRESH_PAIRED_CONTROL,1,True,,2e6721e5e3ab8a405bfbf958aae394191b1a749beb3aeb14ac27f62813afe196,
R6_reacher_07a0ab05518d2f71e8a802de,H0,R4_ALT_CEM_2,REAL3_NULLACT,COMPLETE,0,True,True,448fe7d6f525e12ffe6e598693fa67b458ead1dd763ab3715dd0aed9f2bdb105,985d06bb5c505e9f69a3074622355798f8c88f4fee605fb34a729daaafed0acd
R6_reacher_07a0ab05518d2f71e8a802de,H0,R4_ALT_CEM_2,REPEAT3_REALACT,COMPLETE,1,True,True,e6879f5cbe22e31e229d74dae65ee884e42b88c26a1883a351cea87f24c37970,df868c6519fddd4dbabb980feea676123a1ce74d5085013b48b309cc3d1b7f11
R6_reacher_07a0ab05518d2f71e8a802de,REFIT_103201,R3_ORIGINAL,H_POLICY,FRESH_PAIRED_CONTROL,1,True,,ab108a089b2f3048858fc24d9438dbf0369de27ef183dd74f3becd0b4f3214f1,
R6_reacher_07a0ab05518d2f71e8a802de,REFIT_103201,R3_ORIGINAL,REAL3_NULLACT,COMPLETE,1,True,True,8becb820884e7ed349d01d9992b8c669b0a99a0b7e362b2860e5aaad93673a98,822efb21cb605b45021b0c9958e58964eda022cf74c82fbacccabc6cf93b1f94
R6_reacher_07a0ab05518d2f71e8a802de,REFIT_103201,R3_ORIGINAL,REPEAT3_REALACT,COMPLETE,1,True,True,6a3e91d3cda62e0b00ce128d6f1ab0f7ca42342b45e87dc68098a70102b8eaf3,b0e1a943626ce8b594e2390071aaf96508244c41c6a6a5e857588d2e9a0b86f5
R6_reacher_07a0ab05518d2f71e8a802de,REFIT_103201,R4_ALT_CEM_1,H_POLICY,FRESH_PAIRED_CONTROL,1,True,,d58241e2014e582e10cbc65f7bbd08b2c0fd4c1811ee09ec829eda17cae545d2,
R6_reacher_07a0ab05518d2f71e8a802de,REFIT_103201,R4_ALT_CEM_1,REAL3_NULLACT,COMPLETE,1,True,True,6079ff4e05b32f85173b75519e01545ae2f2b83e01f8ac2941e2a5a59e3adeb9,97642a47dd09796db93fb73aed56a041b365b6e7200b42ecf56a8f1b2343e72e
R6_reacher_07a0ab05518d2f71e8a802de,REFIT_103201,R4_ALT_CEM_1,REPEAT3_REALACT,COMPLETE,1,True,True,a6569cb8b88763b93d5a7762b793a91bfbdce198440aa1dfb6d1fa78b5169d98,4d542022dec5e3a54509298b7efcb4fe59c183faa3b6a70f6b4799280047b548
R6_reacher_07a0ab05518d2f71e8a802de,REFIT_103201,R4_ALT_CEM_2,H_POLICY,FRESH_PAIRED_CONTROL,1,True,,cd83880f28741c9bb640aed85a102bed62aea4f5de99924c8e1eab0dbc072d26,
R6_reacher_07a0ab05518d2f71e8a802de,REFIT_103201,R4_ALT_CEM_2,REAL3_NULLACT,COMPLETE,1,True,True,220a7a1e23eb805fd8240624ea76b99f6a54df55950733697e65fdb3b9b7f6f8,2e589ac24449a08ce99ca610147f025762af5b5b8fa5127049535a10eb509977
R6_reacher_07a0ab05518d2f71e8a802de,REFIT_103201,R4_ALT_CEM_2,REPEAT3_REALACT,COMPLETE,1,True,True,9f43d9305091c8fa73436381839e2b2bd790476ae6385982a18722ed877069cb,d2411ea680261da09c84c35eb7b78d60f216f158064c468222bcc383c80c60e6
R6_reacher_07a0ab05518d2f71e8a802de,REFIT_103202,R3_ORIGINAL,H_POLICY,FRESH_PAIRED_CONTROL,0,True,,d7ca11db2cdcb24caa3d17a09b2acc3c337e207bf9681c7acb8b9dd4ac84d18b,
R6_reacher_07a0ab05518d2f71e8a802de,REFIT_103202,R3_ORIGINAL,REAL3_NULLACT,COMPLETE,1,True,True,b164fc5983b66d4c12eab7f2c8584516d16bf609ebb7c9ee89aca4cd4c444f9f,d54ac01fb3ea440114b67a016cbe903258cc93e35fffbb0f67fb997ff536699a
R6_reacher_07a0ab05518d2f71e8a802de,REFIT_103202,R3_ORIGINAL,REPEAT3_REALACT,COMPLETE,1,True,True,749874d2278d4318af210186acdd73267b79b6b706aa0e9d4886a70e81d00a17,4a4895572a99d4c6aedc768e693945af3c831f9c5dab61e92c753ae85196bf13
R6_reacher_07a0ab05518d2f71e8a802de,REFIT_103202,R4_ALT_CEM_1,H_POLICY,FRESH_PAIRED_CONTROL,1,True,,b4bdabbad08ff786c835943a642fb509cb0858d4a62331ca6666e8240fab3497,
R6_reacher_07a0ab05518d2f71e8a802de,REFIT_103202,R4_ALT_CEM_1,REAL3_NULLACT,COMPLETE,1,True,True,9bf262ffc0a16fd7729ec8835a2b414dad1674be744b38d26f837183f8c37753,fc73d6e1dc734a440204b747aa45ffe06e92907baebc5db4a308fa1494f134c0
R6_reacher_07a0ab05518d2f71e8a802de,REFIT_103202,R4_ALT_CEM_1,REPEAT3_REALACT,COMPLETE,0,True,True,74e566a908828a4601ceee968ee21aa0cd1a434889de5a26b45c2c8ef765d9d1,ea08033f2db2ed319081dfca2098cd848c65b6e13e5eefc1206d2645c386d6f4
R6_reacher_07a0ab05518d2f71e8a802de,REFIT_103202,R4_ALT_CEM_2,H_POLICY,FRESH_PAIRED_CONTROL,1,True,,f494ff405c96e4bbb33363bfa68f56b3e1e2d8317a897cbf25ebb9a798e108c0,
R6_reacher_07a0ab05518d2f71e8a802de,REFIT_103202,R4_ALT_CEM_2,REAL3_NULLACT,COMPLETE,1,True,True,ea77c34be09548854512bfbdd3238efc2d0336013e334763c2b03e6640c516de,207ceddd8079106ed27ffd3d7aac1f3fbfd6692bf4d583a5f6a992197e0b4963
R6_reacher_07a0ab05518d2f71e8a802de,REFIT_103202,R4_ALT_CEM_2,REPEAT3_REALACT,COMPLETE,1,True,True,e61be4353fa2f45764288310238f2da577676206e6ea65a75e6537857633b4d1,24924cd291b0ab2a37d5df87b60f5cef4de762159a6f9bf36a82542cca2b8636
R6_reacher_07a0ab05518d2f71e8a802de,REFIT_103203,R3_ORIGINAL,H_POLICY,FRESH_PAIRED_CONTROL,1,True,,3e7dfc534f37469be61746933ea0456cd4f3b37fd818d7a02768f3d6f6119933,
R6_reacher_07a0ab05518d2f71e8a802de,REFIT_103203,R3_ORIGINAL,REAL3_NULLACT,COMPLETE,1,True,True,eb9f488387ead31431e5098a7b7ff30d56251a68e873d6b1a969efb61308a492,60d95fc86644674203d2d56c04370f8f112f8031200356b2a49307059c795d82
R6_reacher_07a0ab05518d2f71e8a802de,REFIT_103203,R3_ORIGINAL,REPEAT3_REALACT,COMPLETE,1,True,True,dac6370dd19bad108e26dd10da8efb8941cb4623827898c4af022f1d5063e5be,3c68a3f3c7329732cbb3d86ed357d4fe1417f2d2009b989aa47f2d84cc7a9185
R6_reacher_07a0ab05518d2f71e8a802de,REFIT_103203,R4_ALT_CEM_1,H_POLICY,FRESH_PAIRED_CONTROL,0,True,,7e72c4ca0d9819ed0387324467e0f21602af59e7a3721a28dbfd4d133da45d89,
R6_reacher_07a0ab05518d2f71e8a802de,REFIT_103203,R4_ALT_CEM_1,REAL3_NULLACT,COMPLETE,1,True,True,04c1571374f599be3c75e6708a315e1f9e6142b5f13a478bf6181a26623e816e,be86f5c1d103d8f2968e9997e5daaeb726f8aed388c773789e306649ddc7c642
R6_reacher_07a0ab05518d2f71e8a802de,REFIT_103203,R4_ALT_CEM_1,REPEAT3_REALACT,COMPLETE,1,True,True,9a2baffb1a8355ac24d2e85baa3bb27148f8af726aa0675733461823faa81a75,b5784fb04be483099b5195428bf82c8b02d36d533dbcca55c90cf10dd9922b70
R6_reacher_07a0ab05518d2f71e8a802de,REFIT_103203,R4_ALT_CEM_2,H_POLICY,FRESH_PAIRED_CONTROL,1,True,,175a31f06a6131c2f1953af7e92ec858ff7bd33d15e89be2507ec50f3b8b04ba,
R6_reacher_07a0ab05518d2f71e8a802de,REFIT_103203,R4_ALT_CEM_2,REAL3_NULLACT,COMPLETE,1,True,True,1a1dd462732f86a811f95ab4725e78278ac636821d27553ce2e84ffd7214c4e5,d2c594b94f2d507f231abd1a253246e4860a680f3b8f4ad6d2ba9c734723a3a1
R6_reacher_07a0ab05518d2f71e8a802de,REFIT_103203,R4_ALT_CEM_2,REPEAT3_REALACT,COMPLETE,1,True,True,315044f91d5b9059139360af64f9f996e407b99e5d81b85cad83b310029ad299,8d4c9d9f325d0d97b49677370450edd7a89d4786a699562dec6e199abee954cd
R6_reacher_07a6dc2136798f840125ba56,H0,R3_ORIGINAL,H_POLICY,FRESH_PAIRED_CONTROL,1,False,,50737fcb48271c198f69592fbee0eb2c6b115d0f4b9447412e8aeb51d4b59862,
R6_reacher_07a6dc2136798f840125ba56,H0,R3_ORIGINAL,REAL3_NULLACT,COMPLETE,1,False,True,a2b9930c0921f82add7a3f8bbdccb78861f90a862404c3bbc75964fc1a0ba0fc,6344ab9bd72e15615ebc37f5f935c18056b6870d934d30e3c5167c3ced6afc86
R6_reacher_07a6dc2136798f840125ba56,H0,R3_ORIGINAL,REPEAT3_REALACT,COMPLETE,1,False,True,ac859552f89933ed0e0cc79284bc527d758d378834f50f13b4cfd3ff39c1504b,6344ab9bd72e15615ebc37f5f935c18056b6870d934d30e3c5167c3ced6afc86
R6_reacher_07a6dc2136798f840125ba56,H0,R4_ALT_CEM_1,H_POLICY,FRESH_PAIRED_CONTROL,1,False,,7fecbca771651ee0703157b8149714402c4b43b23fe437560e2802afcba1154c,
R6_reacher_07a6dc2136798f840125ba56,H0,R4_ALT_CEM_1,REAL3_NULLACT,COMPLETE,1,False,True,2913df3011ea316a01246e74b609f44fd673ba30d6bceed8755b4d38f2aa644d,1fcf64acb91a88b87ee8581539fb23a894bf4a8562e6af761b446c50a9777769
R6_reacher_07a6dc2136798f840125ba56,H0,R4_ALT_CEM_1,REPEAT3_REALACT,COMPLETE,1,False,True,6636c7208856133ad5dd793db0209d466b89fe37a475dff67369ea79cb8d3f26,1fcf64acb91a88b87ee8581539fb23a894bf4a8562e6af761b446c50a9777769
R6_reacher_07a6dc2136798f840125ba56,H0,R4_ALT_CEM_2,H_POLICY,FRESH_PAIRED_CONTROL,1,False,,4e866cd36ae2c564716717764497dc2dc60b85c876848ab8efdab83e67f5f0c6,
R6_reacher_07a6dc2136798f840125ba56,H0,R4_ALT_CEM_2,REAL3_NULLACT,COMPLETE,1,False,True,1a61acc877082e7ca553fafde58f2d0b228d968ce5903b10e801214a1f32dda1,2ae63170b66495d3ce382e9669fbe2c523e15b8ae413204fabf7944f6cea806a
R6_reacher_07a6dc2136798f840125ba56,H0,R4_ALT_CEM_2,REPEAT3_REALACT,COMPLETE,1,False,True,23132707aeb8dcb01dde318fdfe11ca2473fd15001d147d8585a68b14f23ff08,2ae63170b66495d3ce382e9669fbe2c523e15b8ae413204fabf7944f6cea806a
R6_reacher_07a6dc2136798f840125ba56,REFIT_103201,R3_ORIGINAL,H_POLICY,FRESH_PAIRED_CONTROL,1,False,,b8d3736250c33addb44df68900311ea96bdc787a3e6a2ef1f6f7bfc233d932df,
R6_reacher_07a6dc2136798f840125ba56,REFIT_103201,R3_ORIGINAL,REAL3_NULLACT,COMPLETE,1,False,True,c1b2c51c0011356d02353d00dd4559bdc70cc872ba7f45c47aa494e2ab282cc6,42cf00f60de833a77b0aaecb9d6cd06418c8aebbb1597e41b0c664d71ee97cde
R6_reacher_07a6dc2136798f840125ba56,REFIT_103201,R3_ORIGINAL,REPEAT3_REALACT,COMPLETE,1,False,True,f7b46092445bfa0eb86d0e8a358a86be4ba3a93a0e045c51137fa5327a448243,42cf00f60de833a77b0aaecb9d6cd06418c8aebbb1597e41b0c664d71ee97cde
R6_reacher_07a6dc2136798f840125ba56,REFIT_103201,R4_ALT_CEM_1,H_POLICY,FRESH_PAIRED_CONTROL,1,False,,4dfe95981b82f2cf15063bc886a8b9472de2cdf1fadc2429d2164975ca4e54f3,
R6_reacher_07a6dc2136798f840125ba56,REFIT_103201,R4_ALT_CEM_1,REAL3_NULLACT,COMPLETE,1,False,True,afa6a176e8e9f056163d6be5259b9a2d8d97e05e6ffe01774c763aac066ca924,25ae101787f31b3effa0a74e7d92c7dc13a92d7b1813b95bbb6385aac2d46aac
R6_reacher_07a6dc2136798f840125ba56,REFIT_103201,R4_ALT_CEM_1,REPEAT3_REALACT,COMPLETE,1,False,True,4e103a57835ffc141cca778f2c48d18ccafdbb1a02c689724e109ec65ea90ca9,25ae101787f31b3effa0a74e7d92c7dc13a92d7b1813b95bbb6385aac2d46aac
R6_reacher_07a6dc2136798f840125ba56,REFIT_103201,R4_ALT_CEM_2,H_POLICY,FRESH_PAIRED_CONTROL,1,False,,0117be6fb4aef77ff577f02d1ffa95b95c55e6e4d097fd1db5cee0e8c5d75472,
R6_reacher_07a6dc2136798f840125ba56,REFIT_103201,R4_ALT_CEM_2,REAL3_NULLACT,COMPLETE,1,False,True,fad1a7411fe968052a1b4a44680e90c829ece75fe6ce3994056f6a08faec38bf,d4189b144e451168b4b8bff23237296c422408ae15f15baf88b8094db3932007
R6_reacher_07a6dc2136798f840125ba56,REFIT_103201,R4_ALT_CEM_2,REPEAT3_REALACT,COMPLETE,1,False,True,f64d9f04f592717f0cd4b18787d1518243fe876bb305b4d7cbe3fbb32f685686,d4189b144e451168b4b8bff23237296c422408ae15f15baf88b8094db3932007
R6_reacher_07a6dc2136798f840125ba56,REFIT_103202,R3_ORIGINAL,H_POLICY,FRESH_PAIRED_CONTROL,1,False,,b0f08aebfd416b59deb5bdcf69fc6fd0514f30ed936abc199e10e9c36b9d8582,
R6_reacher_07a6dc2136798f840125ba56,REFIT_103202,R3_ORIGINAL,REAL3_NULLACT,COMPLETE,1,False,True,0aa3050f1d6e42a9147f700333efe96d0b92e3314e042513d74d970640a19c4a,6d4b494495ac5059e7a603584a1d08010487d2ab5610021fc0c95aa476c3a554
R6_reacher_07a6dc2136798f840125ba56,REFIT_103202,R3_ORIGINAL,REPEAT3_REALACT,COMPLETE,1,False,True,ea820533074522fb1cb39531443e7ad323de28a27c7d44249713cf6100f37b60,6d4b494495ac5059e7a603584a1d08010487d2ab5610021fc0c95aa476c3a554
R6_reacher_07a6dc2136798f840125ba56,REFIT_103202,R4_ALT_CEM_1,H_POLICY,FRESH_PAIRED_CONTROL,1,False,,1e1bea22c6b0e676a7945ace16580d66989309c2fc930e83d367933051105de2,
R6_reacher_07a6dc2136798f840125ba56,REFIT_103202,R4_ALT_CEM_1,REAL3_NULLACT,COMPLETE,1,False,True,e74156589e305bd1a02a92b15e947f0dafe51eafbcd564628477d03a04e5ff77,6e43705df25c966aa9ef39dd2ff2a3ee5f3f9ca3367b50a32e108ac77bc87054
R6_reacher_07a6dc2136798f840125ba56,REFIT_103202,R4_ALT_CEM_1,REPEAT3_REALACT,COMPLETE,1,False,True,d38488af5aef0c0a6599bbeba30c4339c0ab89fa02b96c21daaa3bf3739b9ace,6e43705df25c966aa9ef39dd2ff2a3ee5f3f9ca3367b50a32e108ac77bc87054
R6_reacher_07a6dc2136798f840125ba56,REFIT_103202,R4_ALT_CEM_2,H_POLICY,FRESH_PAIRED_CONTROL,1,False,,e4b86b97a22607ffbc929fa3f3ac81cf9c6eba8009a4edb80565fbe36efa2883,
R6_reacher_07a6dc2136798f840125ba56,REFIT_103202,R4_ALT_CEM_2,REAL3_NULLACT,COMPLETE,1,False,True,d2540feffe8c788c1234bd3c4fde28bbbd0ce53f10b124ecba25f688e343f5dc,e92c6ac790f385662014d677282f7f9aff31f50d1ff57acceff0ffe11262079d
R6_reacher_07a6dc2136798f840125ba56,REFIT_103202,R4_ALT_CEM_2,REPEAT3_REALACT,COMPLETE,1,False,True,4f46e81250606406d76a4224ced008aea3bf8e38d4bcd6b704c26abfc2556b9b,e92c6ac790f385662014d677282f7f9aff31f50d1ff57acceff0ffe11262079d
R6_reacher_07a6dc2136798f840125ba56,REFIT_103203,R3_ORIGINAL,H_POLICY,FRESH_PAIRED_CONTROL,1,False,,2669e2cd633e81762ce2ab2bff5208efe56897cbe7b3437dc5129c9cc17deea7,
R6_reacher_07a6dc2136798f840125ba56,REFIT_103203,R3_ORIGINAL,REAL3_NULLACT,COMPLETE,1,False,True,92fbefa8e9f59a40ab2d6b96aa5749bb70a62ba913d3eea6e4b3b6b152f1079d,14b75894d4eb66445f563e246c8a72839718be8a60cfcdac823ae785b87d108a
R6_reacher_07a6dc2136798f840125ba56,REFIT_103203,R3_ORIGINAL,REPEAT3_REALACT,COMPLETE,1,False,True,f1cbd87ac6e862a8f57b103da28711ccfa34609fc7e4d90dad48ef68f863cd3c,14b75894d4eb66445f563e246c8a72839718be8a60cfcdac823ae785b87d108a
R6_reacher_07a6dc2136798f840125ba56,REFIT_103203,R4_ALT_CEM_1,H_POLICY,FRESH_PAIRED_CONTROL,1,False,,9eb59b69b8ed1a7f684349effeeb44a48b4ab4615b3381fadc49d879c3ba195c,
R6_reacher_07a6dc2136798f840125ba56,REFIT_103203,R4_ALT_CEM_1,REAL3_NULLACT,COMPLETE,1,False,True,67f6ee407bab68e101efc13fab3d8a7fa953ec17527133c44ad51529679ea6c8,7bc50fd59e9694ac671285eb5822803143d359b346a6721058a7027863124cd5
R6_reacher_07a6dc2136798f840125ba56,REFIT_103203,R4_ALT_CEM_1,REPEAT3_REALACT,COMPLETE,1,False,True,589a253c787d162a349c34f5fb52bf01979966950b76d12ebd7c4b1bb5a6771f,7bc50fd59e9694ac671285eb5822803143d359b346a6721058a7027863124cd5
R6_reacher_07a6dc2136798f840125ba56,REFIT_103203,R4_ALT_CEM_2,H_POLICY,FRESH_PAIRED_CONTROL,1,False,,2e6e364b44d90e0fd6691d76b0c19e85ac54d4e345d9675f3c0aeece62c1cd02,
R6_reacher_07a6dc2136798f840125ba56,REFIT_103203,R4_ALT_CEM_2,REAL3_NULLACT,COMPLETE,1,False,True,683d6a252cb91919ff39dc02ff6757efee0b4d52a6de2ca9316948b9cc08c0b1,a92df3eca51fa39ebe4bff007c195364393314bf7695d3ff7042c92bc2a74cd9
R6_reacher_07a6dc2136798f840125ba56,REFIT_103203,R4_ALT_CEM_2,REPEAT3_REALACT,COMPLETE,1,False,True,c0e0d4e0d6180485539581012f596d5eb9b03c2bd404154e7aab1b9887f5b5f9,a92df3eca51fa39ebe4bff007c195364393314bf7695d3ff7042c92bc2a74cd9
R6_reacher_07bc032092b89db7cfeb780b,H0,R3_ORIGINAL,H_POLICY,FRESH_PAIRED_CONTROL,1,False,,87980510f5e0f74966aec5196845ffd5fa1edfb902952c4be2fd3b1f13423e2d,
R6_reacher_07bc032092b89db7cfeb780b,H0,R3_ORIGINAL,REAL3_NULLACT,COMPLETE,1,False,True,02309751a2bdd58ee24b13fff6737b2b968e6612421da552a4f08b4917945324,82e30dd9796cdc4404f8d6fa4dd9369ab61d47328790b5ed014bb6bc098ad9ca
R6_reacher_07bc032092b89db7cfeb780b,H0,R3_ORIGINAL,REPEAT3_REALACT,COMPLETE,1,False,True,9a8d9575d1dd723ff77b11f29625e4189cd7080377fcc9e3762b11aed4068a7b,82e30dd9796cdc4404f8d6fa4dd9369ab61d47328790b5ed014bb6bc098ad9ca
R6_reacher_07bc032092b89db7cfeb780b,H0,R4_ALT_CEM_1,H_POLICY,FRESH_PAIRED_CONTROL,1,False,,7aa554d4020f1d94f3cdabd8e670f05f7f74db5efa08e1128e4b6c028a4181f5,
R6_reacher_07bc032092b89db7cfeb780b,H0,R4_ALT_CEM_1,REAL3_NULLACT,COMPLETE,1,False,True,9b2df1574ba9dba23306d88b2faec879b63a81d89d7a5e4af536e4b296f55efd,2eff309d83bba6dd27d505a34e967c6eb83bbc7336f01f5d371e6abe2f05cc65
R6_reacher_07bc032092b89db7cfeb780b,H0,R4_ALT_CEM_1,REPEAT3_REALACT,COMPLETE,1,False,True,18a74d2db55f369477dc06d43124f6cd887a29e45fcc778f3203eac099eb3d2b,2eff309d83bba6dd27d505a34e967c6eb83bbc7336f01f5d371e6abe2f05cc65
R6_reacher_07bc032092b89db7cfeb780b,H0,R4_ALT_CEM_2,H_POLICY,FRESH_PAIRED_CONTROL,1,False,,5143c9f9a841dbd80d794eb9f694140efaee9223a26cc22ce33c5cd0d42861ab,
R6_reacher_07bc032092b89db7cfeb780b,H0,R4_ALT_CEM_2,REAL3_NULLACT,COMPLETE,1,False,True,d950390f592edceb586a2ce47be270f0ae410ebd7b354a76944c221a82a0c144,082b6cb82c6bed4468dad1d874cdabff9a89d4ca6e55d8c2384652495a031e1f
R6_reacher_07bc032092b89db7cfeb780b,H0,R4_ALT_CEM_2,REPEAT3_REALACT,COMPLETE,1,False,True,3622f2de7c010e0a5daa9c42d330fc84d3b6706bf360ca50756460460c6105b9,082b6cb82c6bed4468dad1d874cdabff9a89d4ca6e55d8c2384652495a031e1f
R6_reacher_07bc032092b89db7cfeb780b,REFIT_103201,R3_ORIGINAL,H_POLICY,FRESH_PAIRED_CONTROL,1,False,,610f6b4c4faf851a98d038ee2e0c0d8e2cb170f9fd8d7cabe349324e4045d5cd,
R6_reacher_07bc032092b89db7cfeb780b,REFIT_103201,R3_ORIGINAL,REAL3_NULLACT,COMPLETE,1,False,True,98af216441bc10d17ddaa2fbfa9ce324c9f1cbd702ed3ceb95212b61c76c6250,e063ec85674736d0bbc6d025a2001a969424242803dfd6faecab10aa8e1215f2
R6_reacher_07bc032092b89db7cfeb780b,REFIT_103201,R3_ORIGINAL,REPEAT3_REALACT,COMPLETE,1,False,True,92ba16a13f12e976daa8d414505251adcbd2b1b8350d9ecee87642d8095fb4d7,e063ec85674736d0bbc6d025a2001a969424242803dfd6faecab10aa8e1215f2
R6_reacher_07bc032092b89db7cfeb780b,REFIT_103201,R4_ALT_CEM_1,H_POLICY,FRESH_PAIRED_CONTROL,1,False,,31a6f6e799c6d10f4eff1a5f2de2f4d523b81b46de78095906120ac5644f8b95,
R6_reacher_07bc032092b89db7cfeb780b,REFIT_103201,R4_ALT_CEM_1,REAL3_NULLACT,COMPLETE,1,False,True,927771173c75eec712b18378fe854fc8cc26d293e181f8e915298b6e3689d3f4,7e4657d28d4d23dbc3d2dde15c55b8a2d06832b22c41d0342f2b0b8f3267c170
R6_reacher_07bc032092b89db7cfeb780b,REFIT_103201,R4_ALT_CEM_1,REPEAT3_REALACT,COMPLETE,1,False,True,ad638a7afdc0cae8318ecfe621e60a7bef30126c3a4bdb2727ae3c10c552fd89,7e4657d28d4d23dbc3d2dde15c55b8a2d06832b22c41d0342f2b0b8f3267c170
R6_reacher_07bc032092b89db7cfeb780b,REFIT_103201,R4_ALT_CEM_2,H_POLICY,FRESH_PAIRED_CONTROL,1,False,,721ab5fe9f757ac6206de960e2e73e2c7cebd8dffa5e22ad03208caf0f0c9da3,
R6_reacher_07bc032092b89db7cfeb780b,REFIT_103201,R4_ALT_CEM_2,REAL3_NULLACT,COMPLETE,1,False,True,f4a2f0de30ab1b5003e370ad0f5ffd668218c042f9cc8be9c7708f397fdcaa93,de3b749fab7cd23c53f522c7fd624d5a699370e3fdcc4f93a56062671b3958d1
R6_reacher_07bc032092b89db7cfeb780b,REFIT_103201,R4_ALT_CEM_2,REPEAT3_REALACT,COMPLETE,1,False,True,09ddf6145a061208dec931d7efc8ed1e837e5b8c710a3f743a2515b086280842,de3b749fab7cd23c53f522c7fd624d5a699370e3fdcc4f93a56062671b3958d1
R6_reacher_07bc032092b89db7cfeb780b,REFIT_103202,R3_ORIGINAL,H_POLICY,FRESH_PAIRED_CONTROL,1,False,,7d2a5eb515e19f271d228821206ad110ed649b917a58011e7e0fab44ee97dd83,
R6_reacher_07bc032092b89db7cfeb780b,REFIT_103202,R3_ORIGINAL,REAL3_NULLACT,COMPLETE,1,False,True,a1b98f62cedb324164be041ca684a1ddefb6d110f3611ac587243fc2a2aaa26a,58c65df5e1e994b1a5920aaab817a76ec24bec31320cdf0e046c2ea6445e98cc
R6_reacher_07bc032092b89db7cfeb780b,REFIT_103202,R3_ORIGINAL,REPEAT3_REALACT,COMPLETE,1,False,True,e58109f85e6a9d95180ef93758dae614678185367982025c5ce35678d0a7e1e0,58c65df5e1e994b1a5920aaab817a76ec24bec31320cdf0e046c2ea6445e98cc
R6_reacher_07bc032092b89db7cfeb780b,REFIT_103202,R4_ALT_CEM_1,H_POLICY,FRESH_PAIRED_CONTROL,1,False,,56834523d2198cc49d7ae80b7b46d4ecccd8715989b6e35cdb8b3517cd6da1b8,
R6_reacher_07bc032092b89db7cfeb780b,REFIT_103202,R4_ALT_CEM_1,REAL3_NULLACT,COMPLETE,1,False,True,9de71bd51cead3da9929a5c520716485d67d88b9b9304c653d7eaa8d6ada4579,e2408731d323c3f07d1cf6b561197a7304bddd767d65d954f7bcbcb14928baf3
R6_reacher_07bc032092b89db7cfeb780b,REFIT_103202,R4_ALT_CEM_1,REPEAT3_REALACT,COMPLETE,1,False,True,739343e40419418939e9e87b30822366b6fe63311de571e448d477eb7d9b7ba6,e2408731d323c3f07d1cf6b561197a7304bddd767d65d954f7bcbcb14928baf3
R6_reacher_07bc032092b89db7cfeb780b,REFIT_103202,R4_ALT_CEM_2,H_POLICY,FRESH_PAIRED_CONTROL,1,False,,1cc766e57c469d58865e2a13c7aa8e6f4497850f535381f8b04973973938c920,
R6_reacher_07bc032092b89db7cfeb780b,REFIT_103202,R4_ALT_CEM_2,REAL3_NULLACT,COMPLETE,1,False,True,9baa38c2518dcdb6e3d39a474a473721f56e5f98472657cdf344423f24384de6,3ca915b0efc1bafcf28f39e40dc341ed13cc6744e4d47398acee740f5108d8f7
R6_reacher_07bc032092b89db7cfeb780b,REFIT_103202,R4_ALT_CEM_2,REPEAT3_REALACT,COMPLETE,1,False,True,0a7f225595bf858705e2a06e208aa4e768b1bd7b96e763a0c0d05ced25d9f46b,3ca915b0efc1bafcf28f39e40dc341ed13cc6744e4d47398acee740f5108d8f7
R6_reacher_07bc032092b89db7cfeb780b,REFIT_103203,R3_ORIGINAL,H_POLICY,FRESH_PAIRED_CONTROL,1,False,,95237ec7dd5b9fb5fd50690117b31f64b7db2bea0a8c15e9b0a7c97ad057f705,
R6_reacher_07bc032092b89db7cfeb780b,REFIT_103203,R3_ORIGINAL,REAL3_NULLACT,COMPLETE,1,False,True,6f6bdb41c0dd4b45676279c04cf27c0681f9e6155e1a416a4bca688bfbcb055c,02bb53b0bb66d7fca498c1a69af803d4cbbe59a6a509b737f945450f509dc4fb
R6_reacher_07bc032092b89db7cfeb780b,REFIT_103203,R3_ORIGINAL,REPEAT3_REALACT,COMPLETE,1,False,True,7090f4a8b11abf2d98d11b5f15b1c9c16d19d551bff2a0f8962fa435ae773ac3,02bb53b0bb66d7fca498c1a69af803d4cbbe59a6a509b737f945450f509dc4fb
R6_reacher_07bc032092b89db7cfeb780b,REFIT_103203,R4_ALT_CEM_1,H_POLICY,FRESH_PAIRED_CONTROL,1,False,,d5c255c4305e84838f7667ffd8e19e062ed615ad9302734c3d0704b04ca17d49,
R6_reacher_07bc032092b89db7cfeb780b,REFIT_103203,R4_ALT_CEM_1,REAL3_NULLACT,COMPLETE,1,False,True,5659ca45c1760e204e33cbcac64bc1d067395d5dcc722b3c6003936e12c071c1,9de219fa2fa468a17a1e3efdff8463d84aef6f8fb022f04e71c6d999d9a543e1
R6_reacher_07bc032092b89db7cfeb780b,REFIT_103203,R4_ALT_CEM_1,REPEAT3_REALACT,COMPLETE,1,False,True,8292f50a3f9ff98e57ef1f2bf491aa849c5d8d29a1a329c3b702ab83c2893ffd,9de219fa2fa468a17a1e3efdff8463d84aef6f8fb022f04e71c6d999d9a543e1
R6_reacher_07bc032092b89db7cfeb780b,REFIT_103203,R4_ALT_CEM_2,H_POLICY,FRESH_PAIRED_CONTROL,1,False,,1c3e38844baa70de6e67aec7673ece2610bc0e8148e95c06ca12107ea5d174a3,
R6_reacher_07bc032092b89db7cfeb780b,REFIT_103203,R4_ALT_CEM_2,REAL3_NULLACT,COMPLETE,1,False,True,c8dfb28dfcdefe667196535c8564516c190ab67335629d63099a651886ae1cea,f30ac13e2e25c3c800662c1f8039f67f6d5b2c1af463744edbe2ffd27ed8c9da
R6_reacher_07bc032092b89db7cfeb780b,REFIT_103203,R4_ALT_CEM_2,REPEAT3_REALACT,COMPLETE,1,False,True,431c5bfe00df24c601c91922626e0e6faf6225c2c4f592b934f659981c56a824,f30ac13e2e25c3c800662c1f8039f67f6d5b2c1af463744edbe2ffd27ed8c9da
R6_reacher_07d217105efcc8943612bd1b,H0,R3_ORIGINAL,H_POLICY,FRESH_PAIRED_CONTROL,1,True,,e7fdb5d4808ec3ca03856fb1fa927e90ebb2f6115d3452d3a35698fb48687c05,
R6_reacher_07d217105efcc8943612bd1b,H0,R3_ORIGINAL,REAL3_NULLACT,COMPLETE,1,True,True,e42802b13431c0fd6749f5e7f3b17adb841338a13086ac2b834ebfda577e0d70,5f39c380f514af676ae1db03fd2432dee64bcf047ab7dcfe59fabaa2bfd60a81
R6_reacher_07d217105efcc8943612bd1b,H0,R3_ORIGINAL,REPEAT3_REALACT,COMPLETE,1,True,True,b9c4051adb73b442ccbbb669e6767ddaa9bee0d63037f5d9d5bbe74f5e73b20a,5bdb6651dff90c91f1afdf8561dec552c337c0a74525767122db9d867d3cb9c8
R6_reacher_07d217105efcc8943612bd1b,H0,R4_ALT_CEM_1,H_POLICY,FRESH_PAIRED_CONTROL,1,False,,18fbd3a0f320053754dc9ba580e15a4416a896e39c1482e86811a0861e12fc4d,
R6_reacher_07d217105efcc8943612bd1b,H0,R4_ALT_CEM_1,REAL3_NULLACT,COMPLETE,1,False,True,5331bf84d0da53e0246572d1d84219bb50bdd5cc94e6366ee0d989c6e6384657,0538bfc68ce604eea677cbb26dfc9cf706c0a5ec6808c288423cca00135a8cb4
R6_reacher_07d217105efcc8943612bd1b,H0,R4_ALT_CEM_1,REPEAT3_REALACT,COMPLETE,1,False,True,79a20ed43a321f758179deb4139814746d071498eb747e2db0c0a6d80ddbe0d2,0538bfc68ce604eea677cbb26dfc9cf706c0a5ec6808c288423cca00135a8cb4
R6_reacher_07d217105efcc8943612bd1b,H0,R4_ALT_CEM_2,H_POLICY,FRESH_PAIRED_CONTROL,1,False,,301bfd1013355d159cf6cde044797bce121ec5a4aa2c77df824fd9315720df15,
R6_reacher_07d217105efcc8943612bd1b,H0,R4_ALT_CEM_2,REAL3_NULLACT,COMPLETE,1,False,True,fe2f63209b0fbbb283920f45027ae216ecccbb5368db0846e12a6217ea90ba03,c4ca5b7b57a625b17862d8bfaafe580c44e1af5318d77a6bc9cb6fbff3396622
R6_reacher_07d217105efcc8943612bd1b,H0,R4_ALT_CEM_2,REPEAT3_REALACT,COMPLETE,1,False,True,c3eb162e26f34440e04d7bba3fb4ee1a9abb6cc24e3bc1fcba0e889484a1f1fd,c4ca5b7b57a625b17862d8bfaafe580c44e1af5318d77a6bc9cb6fbff3396622
R6_reacher_07d217105efcc8943612bd1b,REFIT_103201,R3_ORIGINAL,H_POLICY,FRESH_PAIRED_CONTROL,1,True,,9fb2a57a79546c9c483709f449ee3148ec611ed917513de827633eedb6c29138,
R6_reacher_07d217105efcc8943612bd1b,REFIT_103201,R3_ORIGINAL,REAL3_NULLACT,COMPLETE,1,True,True,9f8ee562e30aa8fe0f7f0460cdd11bbf548d0941f659c78112973ad892657638,e9ebf37d4ad37235b7352ec8312b90d24ffee432097629c43c86ca3e426f6502
R6_reacher_07d217105efcc8943612bd1b,REFIT_103201,R3_ORIGINAL,REPEAT3_REALACT,COMPLETE,1,True,True,6d780bd19594875b79f923bff464f2b3bed54d59a3bbe6708e3374c2d963140e,b71305e774b90c145abb8973e607548ca5d3f1c0fc5d9e25ae4350241252d332
R6_reacher_07d217105efcc8943612bd1b,REFIT_103201,R4_ALT_CEM_1,H_POLICY,FRESH_PAIRED_CONTROL,1,True,,123f380e6b63a2c19c6b5d7872ac572b1134652538ccc9bc5b3526680cfeebad,
R6_reacher_07d217105efcc8943612bd1b,REFIT_103201,R4_ALT_CEM_1,REAL3_NULLACT,COMPLETE,1,True,True,0cce866c874e2041bb76f8ef6661da679402ec8d05f35ecd2c905bca6a4bbaa9,b3834637d2b9b131e4fb8adda13a9e1007ff8daf91aac168b40089c1b08cad20
R6_reacher_07d217105efcc8943612bd1b,REFIT_103201,R4_ALT_CEM_1,REPEAT3_REALACT,COMPLETE,1,True,True,9c447a42dcc4b3003d5f1da13ff12779ec07a90682f58e3007d0ca3df4d84f04,279dbef439eb7ea913c671b9bc1f3879e668fbf6697202384781f03ad42afcbc
R6_reacher_07d217105efcc8943612bd1b,REFIT_103201,R4_ALT_CEM_2,H_POLICY,FRESH_PAIRED_CONTROL,1,False,,96abf8fdb57f7406c5415b11469a20a441ec1dd8266e90ba2ae15f525f880faf,
R6_reacher_07d217105efcc8943612bd1b,REFIT_103201,R4_ALT_CEM_2,REAL3_NULLACT,COMPLETE,1,False,True,5bc8c46a1b7e370ce0a2b49888829a63e681a657cc79226486eccc3810917408,0cccddca87de0cb6039d5c2fdc3af451ee12f678c2f408df7e2cba5da9b7e1dc
R6_reacher_07d217105efcc8943612bd1b,REFIT_103201,R4_ALT_CEM_2,REPEAT3_REALACT,COMPLETE,1,False,True,969d635026013cec9e6649aa3ee84296bf8f5e2733c9d1ce80f9a85930a6bd67,0cccddca87de0cb6039d5c2fdc3af451ee12f678c2f408df7e2cba5da9b7e1dc
R6_reacher_07d217105efcc8943612bd1b,REFIT_103202,R3_ORIGINAL,H_POLICY,FRESH_PAIRED_CONTROL,1,True,,d5abe80107391f830a2dc75f30c455e54a934b5a7c25139b26aad7f049f4703b,
R6_reacher_07d217105efcc8943612bd1b,REFIT_103202,R3_ORIGINAL,REAL3_NULLACT,COMPLETE,1,True,True,01045c2db6d359eacfa5076f834c73b4ff4c8e88cc89537d91d5ee2ddb2c71de,a2ed6229ab2c933146b9da139bbd8dd47172c7dbf0e93ddd3480d1370c4ce121
R6_reacher_07d217105efcc8943612bd1b,REFIT_103202,R3_ORIGINAL,REPEAT3_REALACT,COMPLETE,1,True,True,23db1b290b8d2fda7f45f86678dd4a2129184c2270b7664e99b74950f9321faf,f5542dbf153a38358345ad21b9ef2cf036fe16be332f5e274e921992c9eaa503
R6_reacher_07d217105efcc8943612bd1b,REFIT_103202,R4_ALT_CEM_1,H_POLICY,FRESH_PAIRED_CONTROL,1,False,,4dec93591ecea85673d2f4b1f1bede9f5620120e273d6d97b0bf779d7eea9524,
R6_reacher_07d217105efcc8943612bd1b,REFIT_103202,R4_ALT_CEM_1,REAL3_NULLACT,COMPLETE,1,False,True,35e3faa4ae31e6938e613f2e172f1c8dc519bb956f88ac1bf9c874bda5d50b65,2c6434657e38c8af7b1c40701455b1ef9ee13b0f17aad762e15575d74b8a5411
R6_reacher_07d217105efcc8943612bd1b,REFIT_103202,R4_ALT_CEM_1,REPEAT3_REALACT,COMPLETE,1,False,True,cc498248267fea30c11ba2d751336d615da21223148df9ec478c9043e6eab11a,2c6434657e38c8af7b1c40701455b1ef9ee13b0f17aad762e15575d74b8a5411
R6_reacher_07d217105efcc8943612bd1b,REFIT_103202,R4_ALT_CEM_2,H_POLICY,FRESH_PAIRED_CONTROL,1,False,,2956c6da9fe7b975326e3046b927753f9d08a92ccafbf0c355ea6ceac150ff09,
R6_reacher_07d217105efcc8943612bd1b,REFIT_103202,R4_ALT_CEM_2,REAL3_NULLACT,COMPLETE,1,False,True,6670d240534eaf550f87a09e78c3a8602ef350d1c0a0a539c338cd253ebc8732,b00790cd4b693b777c0e5c5d53566aaf7fdc953a1d1c6b13c079f25777f17057
R6_reacher_07d217105efcc8943612bd1b,REFIT_103202,R4_ALT_CEM_2,REPEAT3_REALACT,COMPLETE,1,False,True,65fae2beca60addd46dba55b754995885d90cd125f74c476344b5ebf5076eb7f,b00790cd4b693b777c0e5c5d53566aaf7fdc953a1d1c6b13c079f25777f17057
R6_reacher_07d217105efcc8943612bd1b,REFIT_103203,R3_ORIGINAL,H_POLICY,FRESH_PAIRED_CONTROL,1,True,,631795dedba0b594701590f9ebcb52a5fa53c2ca3f2ed41dbbb92e35f25e7513,
R6_reacher_07d217105efcc8943612bd1b,REFIT_103203,R3_ORIGINAL,REAL3_NULLACT,COMPLETE,1,True,True,ee854fdcd28c2bc346b322ce75c160033368f1725ce6d2138f344f46d64ca35d,92a6e8aff6913709b6c89ee051152f73e79f1a740133ae253335f63012306fb7
R6_reacher_07d217105efcc8943612bd1b,REFIT_103203,R3_ORIGINAL,REPEAT3_REALACT,COMPLETE,1,True,True,963d08074e67222a67760b659cda985ad019a8a076611f11428243942571fd37,449443e5c23b2a7a1fd57f3f07df9e7079c212149049b74285c36ac94e4f1f25
R6_reacher_07d217105efcc8943612bd1b,REFIT_103203,R4_ALT_CEM_1,H_POLICY,FRESH_PAIRED_CONTROL,1,False,,fa5f6f60e00c37ae5394a01773c052b8e9c35e86678c57ecca2f2b6fdc06fd07,
R6_reacher_07d217105efcc8943612bd1b,REFIT_103203,R4_ALT_CEM_1,REAL3_NULLACT,COMPLETE,1,False,True,433a2c39f743833a024139c801692b27ee3c081f824d15c99d936a0af85702a3,46d18492fe89cd5cef0dfe70cc64e0303c114b650dd0e10f4d66546663877dc5
R6_reacher_07d217105efcc8943612bd1b,REFIT_103203,R4_ALT_CEM_1,REPEAT3_REALACT,COMPLETE,1,False,True,2e6264387fac1fd4df001a1b3324b7987f02f8e32adeed5f1d5bbf4769dca373,46d18492fe89cd5cef0dfe70cc64e0303c114b650dd0e10f4d66546663877dc5
R6_reacher_07d217105efcc8943612bd1b,REFIT_103203,R4_ALT_CEM_2,H_POLICY,FRESH_PAIRED_CONTROL,1,False,,6d47c02fd2e697411f37a7aac94f1af70810211f5c9f5bb3ac0c2cf8dd7faa1c,
R6_reacher_07d217105efcc8943612bd1b,REFIT_103203,R4_ALT_CEM_2,REAL3_NULLACT,COMPLETE,1,False,True,3723194d1db10ba3556c69c6fc2b003a869aad133fa359061af869c266e2d4a0,070a2efcbb02cb1fc67c2721b20546152baeecf95b4a9d8875ff51296923aa10
R6_reacher_07d217105efcc8943612bd1b,REFIT_103203,R4_ALT_CEM_2,REPEAT3_REALACT,COMPLETE,1,False,True,ea1a4fae9eb9f448f7daac73aa6f480d77bf029d366fe709e091dc4b65125288,070a2efcbb02cb1fc67c2721b20546152baeecf95b4a9d8875ff51296923aa10
R6_reacher_07d8ede95622d173c866dc15,H0,R3_ORIGINAL,H_POLICY,FRESH_PAIRED_CONTROL,1,False,,a670d51a96e8f84aaff28b798037c1d315ff268ae4d5a039bd7fdcf5febfdf53,
R6_reacher_07d8ede95622d173c866dc15,H0,R3_ORIGINAL,REAL3_NULLACT,COMPLETE,1,False,True,fbe2896ffd589a13f1bf64cc36b0b81ea8f916a3cb82ceb089f3b64ab04d3778,5045d81836c1b8d47e849142c308df2ec94fc15bac50a2c69cf9ba17ab6aff49
R6_reacher_07d8ede95622d173c866dc15,H0,R3_ORIGINAL,REPEAT3_REALACT,COMPLETE,1,False,True,54248e6524bd5a2245ddf075a56a7125181d600c1aeeb9e5ba694f2854762fb1,5045d81836c1b8d47e849142c308df2ec94fc15bac50a2c69cf9ba17ab6aff49
R6_reacher_07d8ede95622d173c866dc15,H0,R4_ALT_CEM_1,H_POLICY,FRESH_PAIRED_CONTROL,1,False,,18c5aa29d5c3b9fb6a22f38b6df851d0460b3ef6c9285b4c7c543181dffdbd92,
R6_reacher_07d8ede95622d173c866dc15,H0,R4_ALT_CEM_1,REAL3_NULLACT,COMPLETE,1,False,True,1db34c82d205e26698914bb7d25d819b5b16f435c2f80baeb630ec542c7d1552,5b315475aa97ee0bc4887ae6df18f55316519e8539d3a257e01a73bb0fd897ae
R6_reacher_07d8ede95622d173c866dc15,H0,R4_ALT_CEM_1,REPEAT3_REALACT,COMPLETE,1,False,True,788ac1ff5983d6e3b942eaa5e68ffcb723182650351d1dfbff864e6e65334c80,5b315475aa97ee0bc4887ae6df18f55316519e8539d3a257e01a73bb0fd897ae
R6_reacher_07d8ede95622d173c866dc15,H0,R4_ALT_CEM_2,H_POLICY,FRESH_PAIRED_CONTROL,0,True,,47a642a84485ac0f8c7e5ba66e85ca51847c9a481a1b75c0bcb37b70611536b5,
R6_reacher_07d8ede95622d173c866dc15,H0,R4_ALT_CEM_2,REAL3_NULLACT,COMPLETE,1,True,True,40689d0a4d66f05550ce097a5759ffaec6dfad32bda7190f8d06a2f67d76dbc8,28c346ab52aa9dacb17fe4c4a2f0c9a58125234264dce1397f79521281565a7d
R6_reacher_07d8ede95622d173c866dc15,H0,R4_ALT_CEM_2,REPEAT3_REALACT,COMPLETE,1,True,True,76da596836c0dcf395394bd9328058149702eab152e8f83b1f32dab84573057a,6fe09d87320765a4bea73a4e8e5769ea6c5ce35a710104aacab59b880ca522fe
R6_reacher_07d8ede95622d173c866dc15,REFIT_103201,R3_ORIGINAL,H_POLICY,FRESH_PAIRED_CONTROL,0,True,,9173f0dca57d111fcf577edfc452627cef63eb8b28a2ff37208a8db5726e049a,
R6_reacher_07d8ede95622d173c866dc15,REFIT_103201,R3_ORIGINAL,REAL3_NULLACT,COMPLETE,0,True,True,10477f694d09adfe8ff67d3557c68211f19196de946aea11cefb8916049c1730,030f86941bcb182aea0c1f4ddf85f5bdd3e55ff718533650dca8f2b90a4c3d48
R6_reacher_07d8ede95622d173c866dc15,REFIT_103201,R3_ORIGINAL,REPEAT3_REALACT,COMPLETE,1,True,True,2c232d1bd766d4ab70e7b2b87da2084273862c957eeaafe40e9d009d21c9d6c9,ce2426b93a66bd81a00bdf77e18eaa4a7ad79c78e61e1a0bd61c19bb2649835c
R6_reacher_07d8ede95622d173c866dc15,REFIT_103201,R4_ALT_CEM_1,H_POLICY,FRESH_PAIRED_CONTROL,1,True,,c70d83af41f3b3695f7372bc058f2be64d9723f9e8ee8b1d6228387d818aced4,
R6_reacher_07d8ede95622d173c866dc15,REFIT_103201,R4_ALT_CEM_1,REAL3_NULLACT,COMPLETE,0,True,True,07279af18db570b744972a8bad3bf50c956eb2be04714faadf9a0cbd12e9d893,41d3886a11a1c83cc3dabee03f4a6e12f26f4a36894c2a0047a3eee3f3a9d0a7
R6_reacher_07d8ede95622d173c866dc15,REFIT_103201,R4_ALT_CEM_1,REPEAT3_REALACT,COMPLETE,1,True,True,1190fbcc97349757ee97a98bec036bca5408bd1ea6543aafad24d382f4b037dd,990fe53e3dd02ef01a6cae1a404e1d178c45283aca33771b612667f75ebab244
R6_reacher_07d8ede95622d173c866dc15,REFIT_103201,R4_ALT_CEM_2,H_POLICY,FRESH_PAIRED_CONTROL,1,True,,ff6aa1a781cfbc83cfb9f77a845a811ffcd93ebfae48ff5cd7c265fa3eae43b1,
R6_reacher_07d8ede95622d173c866dc15,REFIT_103201,R4_ALT_CEM_2,REAL3_NULLACT,COMPLETE,1,True,True,a93b72b3f0b7384b2baf454fe72a2da449be01e9d2a45c65cefdcc44585fad20,811e00282d5726e5b4f8c6178467684885cdb2a368a81e0e50950d6d475c3ab5
R6_reacher_07d8ede95622d173c866dc15,REFIT_103201,R4_ALT_CEM_2,REPEAT3_REALACT,COMPLETE,1,True,True,7162ead0baf746b73ede283524488e87d2792f8b45a5e8c1cad22d54faa01433,d9bfec608d5248a1984f4ea7b0003cc033f2404b21f5ec8837cd7860b690cbee
R6_reacher_07d8ede95622d173c866dc15,REFIT_103202,R3_ORIGINAL,H_POLICY,FRESH_PAIRED_CONTROL,1,False,,55e8d4db96da352c5cc356f6b91dbe0f4c52996ca1fed0967e07a705a53b7af9,
R6_reacher_07d8ede95622d173c866dc15,REFIT_103202,R3_ORIGINAL,REAL3_NULLACT,COMPLETE,1,False,True,5685ea8222862a185c1c1dd508f9ec07805e0475311e18260061260504d23f4a,535d62bf6cd57b12e7683fae7e74f118974e453bd00e86038bc93d4d7d22ae97
R6_reacher_07d8ede95622d173c866dc15,REFIT_103202,R3_ORIGINAL,REPEAT3_REALACT,COMPLETE,1,False,True,95637b1cf23824ab4f8ef3267208346d2bc22243840048488bfad07d211723fb,535d62bf6cd57b12e7683fae7e74f118974e453bd00e86038bc93d4d7d22ae97
R6_reacher_07d8ede95622d173c866dc15,REFIT_103202,R4_ALT_CEM_1,H_POLICY,FRESH_PAIRED_CONTROL,1,True,,951d2e419f147f4ac3fad072db6ee6285d380608765a1bfba7870a4a0847936c,
R6_reacher_07d8ede95622d173c866dc15,REFIT_103202,R4_ALT_CEM_1,REAL3_NULLACT,COMPLETE,0,True,True,830580684484b8ad995888d7f7dfe4d93ec7f32f356faaf0e312a6eec6f6a878,6f061fe8e0c3506c03b4b505f589f5fffa828cf74ae9293fc0218fa89d810627
R6_reacher_07d8ede95622d173c866dc15,REFIT_103202,R4_ALT_CEM_1,REPEAT3_REALACT,COMPLETE,1,True,True,2b4d7c8cbcb5a2d95bc5a71083dc5c2a015c79d01661559a230fe383b18e8eb2,8a71210e02ae1277af53eb89dcffb0c9a6e0e522fd2ec35bfe2d398cb7bf913a
R6_reacher_07d8ede95622d173c866dc15,REFIT_103202,R4_ALT_CEM_2,H_POLICY,FRESH_PAIRED_CONTROL,1,True,,5b5772ad292aa288a40692c3a44e0aadda76fab71a0fc2a2748290ffec18ed90,
R6_reacher_07d8ede95622d173c866dc15,REFIT_103202,R4_ALT_CEM_2,REAL3_NULLACT,COMPLETE,1,True,True,a56b24e9375aa63a42c4eee9a6c6ba9ae70bc6133a95252956da13184750964c,0030139e5244e4331e8e9535e5f06f0d6cdabc50be3babffd8f918810eb443d6
R6_reacher_07d8ede95622d173c866dc15,REFIT_103202,R4_ALT_CEM_2,REPEAT3_REALACT,COMPLETE,1,True,True,8b64da5cb1d393507d45cdae3f85ebb9321923201b1668054e261fc8be22904f,585ccf142159dfd368e43501cfa043fc38fdfac19ed693e7a79e3d20da5f7981
R6_reacher_07d8ede95622d173c866dc15,REFIT_103203,R3_ORIGINAL,H_POLICY,FRESH_PAIRED_CONTROL,0,True,,62a64ee075b21a1c4496773e37d2e57db91a4f300401d43ee703c7d764d4eed7,
R6_reacher_07d8ede95622d173c866dc15,REFIT_103203,R3_ORIGINAL,REAL3_NULLACT,COMPLETE,0,True,True,6e4559603ffd36539bf974030eb0b6b87caaf94a6a2515113437b814dd090a8e,6c17bd23ec3bdc0e1067d5d177a1cc62d4931dbc7e6aa64c0d0603bb16dea22e
R6_reacher_07d8ede95622d173c866dc15,REFIT_103203,R3_ORIGINAL,REPEAT3_REALACT,COMPLETE,1,True,True,c2a4d65a00e6621954513631fa9d333cd3f296415aaa57e15a90f796d2ddfca9,21331513288c58d491db735b2f6d5a0932b5eff747be9ef9444d98605889511b
R6_reacher_07d8ede95622d173c866dc15,REFIT_103203,R4_ALT_CEM_1,H_POLICY,FRESH_PAIRED_CONTROL,0,True,,9b1e0797d0018028518f3247d788784586c94a8e803a3882802f2d50998d51ec,
R6_reacher_07d8ede95622d173c866dc15,REFIT_103203,R4_ALT_CEM_1,REAL3_NULLACT,COMPLETE,0,True,True,6945abad7eaf1aa5ac8805ce33d8d52ca760c31e754e98da5c9f40eff83dbcf5,66557336d07ff55e5262872700131d1aa69038376abd947bf3752468a3e7cbc6
R6_reacher_07d8ede95622d173c866dc15,REFIT_103203,R4_ALT_CEM_1,REPEAT3_REALACT,COMPLETE,1,True,True,f3cfd142b042ea97e818dc4d72dbc39a45c324382b666cfcb1fdaa6fe523e9a9,72559ade8c0085e1b47d897706f7a07fe063a84884f5468caaeadafd564d01ce
R6_reacher_07d8ede95622d173c866dc15,REFIT_103203,R4_ALT_CEM_2,H_POLICY,FRESH_PAIRED_CONTROL,1,True,,8718d47eb4fa59424465cb06eb8bc09ad42192b8884cc70711aea805ba983453,
R6_reacher_07d8ede95622d173c866dc15,REFIT_103203,R4_ALT_CEM_2,REAL3_NULLACT,COMPLETE,1,True,True,b18730b509d4d146495abf824803398faa20faff2edb855f0ba6ec194c252196,e9e7485bb382f43591cf22e59241b9d8420deb55fae1e9ed6b3444657100012b
R6_reacher_07d8ede95622d173c866dc15,REFIT_103203,R4_ALT_CEM_2,REPEAT3_REALACT,COMPLETE,1,True,True,176d407b834be0e41e28ac68408aa10f32402eb29c2db6f17cfdbee649c8fb1a,c8a1501d75c9aa953377883ab1ce438ef1ae5145621a2172d7832cd45537353f
R6_reacher_07f453cb26b9a6852312cfaf,H0,R3_ORIGINAL,H_POLICY,FRESH_PAIRED_CONTROL,1,True,,394cc6c965bbce6cf8695a0bcfefbcfc1df9ca07d5203688760c4e0be8524400,
R6_reacher_07f453cb26b9a6852312cfaf,H0,R3_ORIGINAL,REAL3_NULLACT,COMPLETE,1,True,True,3e7a286ef83901093c90cb8a7cb2787ac4b41a9eeeab8c10cf9d955dbab6e17e,9e502bd1afbf92052e8325b009c2776713b40b2a39cbac1cb307a533090e7d04
R6_reacher_07f453cb26b9a6852312cfaf,H0,R3_ORIGINAL,REPEAT3_REALACT,COMPLETE,1,True,True,af035e8fbc758225839f4e035d7710c3f758819e10ae8f1a76935dfbddf26768,0c10057d2e826e8ca588a55001c69a7023da29d518f4b8b156f8a8d6a86609a4
R6_reacher_07f453cb26b9a6852312cfaf,H0,R4_ALT_CEM_1,H_POLICY,FRESH_PAIRED_CONTROL,1,False,,9ddc790478e6158a12a05d08155fe6e45d45aa0682da2344b3b764aef5d53970,
R6_reacher_07f453cb26b9a6852312cfaf,H0,R4_ALT_CEM_1,REAL3_NULLACT,COMPLETE,1,False,True,a5dc10c657924d5f4c1899fd37352b90352e7c5a28a86d5e5ac1c9131cf814d4,17688f4d4190b1d83016a97b61e62241cfcbf0b0af48b06e57a20d2c24bcd48c
R6_reacher_07f453cb26b9a6852312cfaf,H0,R4_ALT_CEM_1,REPEAT3_REALACT,COMPLETE,1,False,True,42e01068bfdae1ec875caab7c004ec6792649a92005f1bdb13b1ed527d4638e0,17688f4d4190b1d83016a97b61e62241cfcbf0b0af48b06e57a20d2c24bcd48c
R6_reacher_07f453cb26b9a6852312cfaf,H0,R4_ALT_CEM_2,H_POLICY,FRESH_PAIRED_CONTROL,1,False,,d5ccccc404d66369ee53665bc47ec3aeaff9eefc25953844e17a7256a566dc7f,
R6_reacher_07f453cb26b9a6852312cfaf,H0,R4_ALT_CEM_2,REAL3_NULLACT,COMPLETE,1,False,True,f56c5e549e8f501b30d86604f68f87dc7799dc9fde87bb655063e5b23e81810f,bc1e509481df9a93a6f21286afd11693991e1742030843002194755f55d3128e
R6_reacher_07f453cb26b9a6852312cfaf,H0,R4_ALT_CEM_2,REPEAT3_REALACT,COMPLETE,1,False,True,d3da5ee8d6625dc129e2a2eff8528fde165f70d2bfabea70d85b5f383a579d45,bc1e509481df9a93a6f21286afd11693991e1742030843002194755f55d3128e
R6_reacher_07f453cb26b9a6852312cfaf,REFIT_103201,R3_ORIGINAL,H_POLICY,FRESH_PAIRED_CONTROL,1,False,,2eb4fa214bf99155b0e9c3e3ea7570e10744367716e7b1f33555f01e4f7c4a5c,
R6_reacher_07f453cb26b9a6852312cfaf,REFIT_103201,R3_ORIGINAL,REAL3_NULLACT,COMPLETE,1,False,True,b4baa218fc39ada9fd0c9ba1c8d5f5fba44d1c356770949f5a8f2e104955f2d6,f48af3866f0d51af1da8c477a5e712d81c266226064aa902d8468cbcaa9502d2
R6_reacher_07f453cb26b9a6852312cfaf,REFIT_103201,R3_ORIGINAL,REPEAT3_REALACT,COMPLETE,1,False,True,6a3ab2c771c2e65fe396d79c88f97b01cf1131d567b0b6bbca1c7a0cbb17ee84,f48af3866f0d51af1da8c477a5e712d81c266226064aa902d8468cbcaa9502d2
R6_reacher_07f453cb26b9a6852312cfaf,REFIT_103201,R4_ALT_CEM_1,H_POLICY,FRESH_PAIRED_CONTROL,1,False,,af5f0ac0d8885685f327b1bc194664b46757fc328fc586878512bc4b58eb54cf,
R6_reacher_07f453cb26b9a6852312cfaf,REFIT_103201,R4_ALT_CEM_1,REAL3_NULLACT,COMPLETE,1,False,True,83abbcbf986f7bb68164db2c28c904224519573d5abd6fea4602760d44f354b6,d78068e2610854b2a40f69ca3d0116a88ac836e35c6ca5b24446fc84b9efb266
R6_reacher_07f453cb26b9a6852312cfaf,REFIT_103201,R4_ALT_CEM_1,REPEAT3_REALACT,COMPLETE,1,False,True,e4cf5a53dcf45def4980baff50a3260cbdc12496b6400d22dbb4a4a674babae9,d78068e2610854b2a40f69ca3d0116a88ac836e35c6ca5b24446fc84b9efb266
R6_reacher_07f453cb26b9a6852312cfaf,REFIT_103201,R4_ALT_CEM_2,H_POLICY,FRESH_PAIRED_CONTROL,1,False,,f9f837a28b2b22b34cbb1f456792ee08d5f3ee160082c0495f91a1e6a8e9d352,
R6_reacher_07f453cb26b9a6852312cfaf,REFIT_103201,R4_ALT_CEM_2,REAL3_NULLACT,COMPLETE,1,False,True,d2f3898e45eb30b2c1509c6163135cb4f9c4e347d637ae039f7a471b7e35ad38,12b83bbec66645aac21ad79132cb2f3a12791a3d4e6739e93b474a23739be902
R6_reacher_07f453cb26b9a6852312cfaf,REFIT_103201,R4_ALT_CEM_2,REPEAT3_REALACT,COMPLETE,1,False,True,32d6677e78dd8eb7ffb65b3c1f250205937879a7bcc1ff2d9041580061107aea,12b83bbec66645aac21ad79132cb2f3a12791a3d4e6739e93b474a23739be902
R6_reacher_07f453cb26b9a6852312cfaf,REFIT_103202,R3_ORIGINAL,H_POLICY,FRESH_PAIRED_CONTROL,1,False,,5c6c70b78fcfbf3cd42512273464d1215a6fb6130f8297f4f2dbe8d4168e4cd0,
R6_reacher_07f453cb26b9a6852312cfaf,REFIT_103202,R3_ORIGINAL,REAL3_NULLACT,COMPLETE,1,False,True,d06694665108e55c185d9f4c023df5a1f4b19850680a63e2236add3c2ab7c514,205ababc58bf7cd032286a816165b8c661cbaeeb3785f0b99b7d41f3bcbea066
R6_reacher_07f453cb26b9a6852312cfaf,REFIT_103202,R3_ORIGINAL,REPEAT3_REALACT,COMPLETE,1,False,True,e939d6906257a1d2ba59d75f6f7b685d05326db289b86d6f0ddf1c92856d933e,205ababc58bf7cd032286a816165b8c661cbaeeb3785f0b99b7d41f3bcbea066
R6_reacher_07f453cb26b9a6852312cfaf,REFIT_103202,R4_ALT_CEM_1,H_POLICY,FRESH_PAIRED_CONTROL,1,False,,b3bcde1ae09c4e01b33b13d3c889c67600c6b2928eae33aafc0e7b4e0495468f,
R6_reacher_07f453cb26b9a6852312cfaf,REFIT_103202,R4_ALT_CEM_1,REAL3_NULLACT,COMPLETE,1,False,True,cc8f7e81307c37f3bb02b6eb2d7efda23be0a4a66f9b7a0a61a1f89e25613016,4ede1752268109664fde6f0fb85ba4e865c56c855a689b3e3f7cf10f2c74ad3d
R6_reacher_07f453cb26b9a6852312cfaf,REFIT_103202,R4_ALT_CEM_1,REPEAT3_REALACT,COMPLETE,1,False,True,d47b231acea034988b17e1a4142f06d80b2ce9b05c146d7b2fb260c9fb832cdc,4ede1752268109664fde6f0fb85ba4e865c56c855a689b3e3f7cf10f2c74ad3d
R6_reacher_07f453cb26b9a6852312cfaf,REFIT_103202,R4_ALT_CEM_2,H_POLICY,FRESH_PAIRED_CONTROL,1,False,,466fb84288daa5774ae1dbb330ad2740634451b5852dab830417f58909424714,
R6_reacher_07f453cb26b9a6852312cfaf,REFIT_103202,R4_ALT_CEM_2,REAL3_NULLACT,COMPLETE,1,False,True,d1677ec6b43c3d2a88049468cbdf6d77028536ba3e138fff5b17878aadf37857,2e62b076017745c4a508005c87a80c60c1549f8a12dad6fe16cad6355e3964b6
R6_reacher_07f453cb26b9a6852312cfaf,REFIT_103202,R4_ALT_CEM_2,REPEAT3_REALACT,COMPLETE,1,False,True,0a11a4f9c56559f29b60d18cf25df78d406610cf6b6d311a39cc2811af836d7e,2e62b076017745c4a508005c87a80c60c1549f8a12dad6fe16cad6355e3964b6
R6_reacher_07f453cb26b9a6852312cfaf,REFIT_103203,R3_ORIGINAL,H_POLICY,FRESH_PAIRED_CONTROL,1,False,,51e39df0370da47ac279970515897c30a1704b0913ae6030c72aa98080c3dd93,
R6_reacher_07f453cb26b9a6852312cfaf,REFIT_103203,R3_ORIGINAL,REAL3_NULLACT,COMPLETE,1,False,True,2726248b88911db4cb914b54fb669a0df06fbae9215f52d4b0b73f12c505a8a4,d9230775782330f20f38756b75474118ccf48b03fcdb5d9bc9dc7f79b740bd47
R6_reacher_07f453cb26b9a6852312cfaf,REFIT_103203,R3_ORIGINAL,REPEAT3_REALACT,COMPLETE,1,False,True,a7271b2dbe8c87a7afeb6065fe9cc4b6381fd089b6881d9b346fd11ac07cd650,d9230775782330f20f38756b75474118ccf48b03fcdb5d9bc9dc7f79b740bd47
R6_reacher_07f453cb26b9a6852312cfaf,REFIT_103203,R4_ALT_CEM_1,H_POLICY,FRESH_PAIRED_CONTROL,1,False,,13bfbb1e5d487de1fa6635b2d7e14f3a8f60f80d822c5e0fd10a1d99ffbe04d5,
R6_reacher_07f453cb26b9a6852312cfaf,REFIT_103203,R4_ALT_CEM_1,REAL3_NULLACT,COMPLETE,1,False,True,5862d3b3ba4d90ffc04ef3d8927a889019e635f14cc28740055df3911e5a8d34,458408babbb6a6896cf7c43bc192ddff8d6f09e7d3cd301e5bcb38bd8ca66660
R6_reacher_07f453cb26b9a6852312cfaf,REFIT_103203,R4_ALT_CEM_1,REPEAT3_REALACT,COMPLETE,1,False,True,d050aba7902d72671a1607dc2f5870f5fe3c8dd11994c22feb491c4503c05eca,458408babbb6a6896cf7c43bc192ddff8d6f09e7d3cd301e5bcb38bd8ca66660
R6_reacher_07f453cb26b9a6852312cfaf,REFIT_103203,R4_ALT_CEM_2,H_POLICY,FRESH_PAIRED_CONTROL,1,False,,1810805ec21207a9a4af3c35ef50cbc8913c9ec2f2108b9e4616430c80671850,
R6_reacher_07f453cb26b9a6852312cfaf,REFIT_103203,R4_ALT_CEM_2,REAL3_NULLACT,COMPLETE,1,False,True,82541eba1e125823a31fd9cb8cba11922a465f33d256ac269c8f30084defdf6c,a817780edf6c7b5f78fae71647883c6a99800369b6b87d4ddd8f911a8ba5caf2
R6_reacher_07f453cb26b9a6852312cfaf,REFIT_103203,R4_ALT_CEM_2,REPEAT3_REALACT,COMPLETE,1,False,True,389264d0c2300636c6fd464837bd3253ef8c002716002fdbe3e33c37dbc8ec43,a817780edf6c7b5f78fae71647883c6a99800369b6b87d4ddd8f911a8ba5caf2
R6_reacher_080c40555038f25160de654a,H0,R3_ORIGINAL,H_POLICY,FRESH_PAIRED_CONTROL,1,False,,60f9a1533aa4c8ba62a3b9df5226ff0e4690e9342b69ce28722906ae85e243f3,
R6_reacher_080c40555038f25160de654a,H0,R3_ORIGINAL,REAL3_NULLACT,COMPLETE,1,False,True,70d6c5e5ed7619d5e237f345721270a3a4f0265ddcc4c4f75258d4f869f0e920,3de6bfa173288fd1a85c5407ccaea1dbc1d82569929a95665b4f341d768a74eb
R6_reacher_080c40555038f25160de654a,H0,R3_ORIGINAL,REPEAT3_REALACT,COMPLETE,1,False,True,2bcf9b9c73615a364f7125273cfc8204d9e432e8c665c8f423551b9a4972161d,3de6bfa173288fd1a85c5407ccaea1dbc1d82569929a95665b4f341d768a74eb
R6_reacher_080c40555038f25160de654a,H0,R4_ALT_CEM_1,H_POLICY,FRESH_PAIRED_CONTROL,1,False,,29f7b7dae5805fa9fb1638aade37d809ee0bc26d4e95a4521d025cf6612a1427,
R6_reacher_080c40555038f25160de654a,H0,R4_ALT_CEM_1,REAL3_NULLACT,COMPLETE,1,False,True,4ebb13e90abd4b4c06a0ee45754ffee5f5979f991bc542c69250cd68e912c4fa,533709c042508859d5b60a723b5aa414dbb7a824ad0a83f24b18d6937be60f15
R6_reacher_080c40555038f25160de654a,H0,R4_ALT_CEM_1,REPEAT3_REALACT,COMPLETE,1,False,True,b5c9b7624633bb20fa9647405ace5915f40846a1be6620f9c1af2478b60b6f1e,533709c042508859d5b60a723b5aa414dbb7a824ad0a83f24b18d6937be60f15
R6_reacher_080c40555038f25160de654a,H0,R4_ALT_CEM_2,H_POLICY,FRESH_PAIRED_CONTROL,0,True,,fab4b384a51b6cb78635cac90142fb492d3477acf286b61b230c584140047856,
R6_reacher_080c40555038f25160de654a,H0,R4_ALT_CEM_2,REAL3_NULLACT,COMPLETE,0,True,True,8df48c6184d31d3add37d8a5d06c8a61b21ff3597b7df7974ddd367a9af1b548,a894e2d0acffd868a3d49952668bdc6c2bcb9b1846910d0927aa4922f235d1c0
R6_reacher_080c40555038f25160de654a,H0,R4_ALT_CEM_2,REPEAT3_REALACT,COMPLETE,1,True,True,541a79580583bc26b4dbf41b4f3b82711bee1a4a5e1b81132334f684b161ad8e,5104bef3d0f9afc5de9509d3f6b857244bbc39c98e2064e0903c980bbcdac39e
R6_reacher_080c40555038f25160de654a,REFIT_103201,R3_ORIGINAL,H_POLICY,FRESH_PAIRED_CONTROL,1,False,,60042cffe546eec19956bcd2a5e91b5041c42752a03f46b1e3a4b73fb2d8343d,
R6_reacher_080c40555038f25160de654a,REFIT_103201,R3_ORIGINAL,REAL3_NULLACT,COMPLETE,1,False,True,57274bf09d8a365444f583156d0714216e4938ad03b47f07c0fba10cf0ef51e1,6f64e1f20fe4f6d5cfa6c77e719e0f92d1a065fee8b0d723febc0a74e823634b
R6_reacher_080c40555038f25160de654a,REFIT_103201,R3_ORIGINAL,REPEAT3_REALACT,COMPLETE,1,False,True,3c6b87911c6778d3f04f85ead6062cdbd5b3180df839218747e876e11e24177a,6f64e1f20fe4f6d5cfa6c77e719e0f92d1a065fee8b0d723febc0a74e823634b
R6_reacher_080c40555038f25160de654a,REFIT_103201,R4_ALT_CEM_1,H_POLICY,FRESH_PAIRED_CONTROL,1,False,,ee025527c337044dfb332e35b8069a65143922a8b02009957f032ddc1ed8cea8,
R6_reacher_080c40555038f25160de654a,REFIT_103201,R4_ALT_CEM_1,REAL3_NULLACT,COMPLETE,1,False,True,efbff0b89df999dc2718bb84207c6aa2d697fd1ac5e95122d2d6d54a01732ad7,22ef25eb17a329ae2e37fdae00da7f01f41d113860c853fdaafc0503f2574d87
R6_reacher_080c40555038f25160de654a,REFIT_103201,R4_ALT_CEM_1,REPEAT3_REALACT,COMPLETE,1,False,True,ef4b4e45d95e82fec8d305894841922e2c57b85d1c8d78a452f0a5578ec415d6,22ef25eb17a329ae2e37fdae00da7f01f41d113860c853fdaafc0503f2574d87
R6_reacher_080c40555038f25160de654a,REFIT_103201,R4_ALT_CEM_2,H_POLICY,FRESH_PAIRED_CONTROL,1,True,,5b527dac52e636b52ac832017ba92ce4dc95ea956cf4051925749bec027bd232,
R6_reacher_080c40555038f25160de654a,REFIT_103201,R4_ALT_CEM_2,REAL3_NULLACT,COMPLETE,1,True,True,1c716b4bf743452fe61d39e34b62d70dbd5376fb22e15db157ebf3c247886990,f50a3d420fd9c8bdbc29a899ce4d7cedc4a0e064f11a72da6d8aa69a4d2a959e
R6_reacher_080c40555038f25160de654a,REFIT_103201,R4_ALT_CEM_2,REPEAT3_REALACT,COMPLETE,1,True,True,1f9cb85029837a79941a565466fb6c6c1254091c6be4314a5536ea6936e5f688,9e4a1d844a6e3298ced1bb2014c67731e2aa2ee0791f11b0906144f8256c687e
R6_reacher_080c40555038f25160de654a,REFIT_103202,R3_ORIGINAL,H_POLICY,FRESH_PAIRED_CONTROL,1,True,,809af1f6333f6076ca0e5be49a2568541887f330553c9e35590ba78319073efa,
R6_reacher_080c40555038f25160de654a,REFIT_103202,R3_ORIGINAL,REAL3_NULLACT,COMPLETE,1,True,True,e431cba641cf3d03354d27e6e518db3584dc2f8733d3c77899757a1eb46456d2,66f4d1705fc755fb05a4aa01160a33c91d68195c8c020c969db22be11df8a6cc
R6_reacher_080c40555038f25160de654a,REFIT_103202,R3_ORIGINAL,REPEAT3_REALACT,COMPLETE,1,True,True,df2b3d6683f2a94f6f9ecb68a905dfac3577607a898c88f6a5b3d3ffa558df52,94a55f85aa26c1560f48aaa8dca84ee5db0e4974f5c90ac14c384622864f94e8
R6_reacher_080c40555038f25160de654a,REFIT_103202,R4_ALT_CEM_1,H_POLICY,FRESH_PAIRED_CONTROL,1,False,,3c7100146fdd770375fd5a6a45b23a5ca3ec03fe4b380fd0e54137ecc28192db,
R6_reacher_080c40555038f25160de654a,REFIT_103202,R4_ALT_CEM_1,REAL3_NULLACT,COMPLETE,1,False,True,1bcb4ab3330d941e99825061f5cb7cf40c9621771505ded1a22a22c648fdda43,03759a31d009405e2a6701eda58dcc6c7462a2395cebcb2c5b095d19adbeb605
R6_reacher_080c40555038f25160de654a,REFIT_103202,R4_ALT_CEM_1,REPEAT3_REALACT,COMPLETE,1,False,True,978fcccf512c6f7d893460f309763734efde94dcfd83c85d60584f810e055eeb,03759a31d009405e2a6701eda58dcc6c7462a2395cebcb2c5b095d19adbeb605
R6_reacher_080c40555038f25160de654a,REFIT_103202,R4_ALT_CEM_2,H_POLICY,FRESH_PAIRED_CONTROL,1,False,,3e753b52a2b8477e3cb05ecb4c3984cabb075f0b8708b972900bf1f5ef07db9f,
R6_reacher_080c40555038f25160de654a,REFIT_103202,R4_ALT_CEM_2,REAL3_NULLACT,COMPLETE,1,False,True,428861ec43fd41dfdce3bb3112b3cc10d08309984ec5b0347a551061ba2c59af,18c4d90ee5f4e4af68ec36dfe24c49e34ebffef7dec3391401669ccaac5c6717
R6_reacher_080c40555038f25160de654a,REFIT_103202,R4_ALT_CEM_2,REPEAT3_REALACT,COMPLETE,1,False,True,970b1d787c0d1e5b951e112c7b1733f93e2bdf8789e8a0211c9e2badd97ae4aa,18c4d90ee5f4e4af68ec36dfe24c49e34ebffef7dec3391401669ccaac5c6717
R6_reacher_080c40555038f25160de654a,REFIT_103203,R3_ORIGINAL,H_POLICY,FRESH_PAIRED_CONTROL,1,False,,47aeca463a5cb9c26aaad343218c8a8ef2c4d46807b67872ac570999dbbae54d,
R6_reacher_080c40555038f25160de654a,REFIT_103203,R3_ORIGINAL,REAL3_NULLACT,COMPLETE,1,False,True,c30b11c161295bc26b5e8f4e1c735657be764613da79637e5050c7988d030c96,2ba59738963c8caed96cb692cf8c357f5cacf35ed5bc051e913a10ea321c2de9
R6_reacher_080c40555038f25160de654a,REFIT_103203,R3_ORIGINAL,REPEAT3_REALACT,COMPLETE,1,False,True,af6b07e4cba79939e3cd90cde4326b3f67f9fc8284bcefe74d7393580775ab53,2ba59738963c8caed96cb692cf8c357f5cacf35ed5bc051e913a10ea321c2de9
R6_reacher_080c40555038f25160de654a,REFIT_103203,R4_ALT_CEM_1,H_POLICY,FRESH_PAIRED_CONTROL,1,False,,a8fd1c5dc76113855175fdd8c7dea19e04f2ef6a1a0a956f5e656907f1d850c2,
R6_reacher_080c40555038f25160de654a,REFIT_103203,R4_ALT_CEM_1,REAL3_NULLACT,COMPLETE,1,False,True,66f2a872c12e3a82c2b166afe5361841703d308acabb16a866b4b8208b2233b8,c54ff9850b7d1e24a67cfd9eea09fd5865ab34b6aec999413788f3c23e5668fb
R6_reacher_080c40555038f25160de654a,REFIT_103203,R4_ALT_CEM_1,REPEAT3_REALACT,COMPLETE,1,False,True,c46a5991289dbd16e3e958f79e245b8099e168cf88336d79cc75c52923fade80,c54ff9850b7d1e24a67cfd9eea09fd5865ab34b6aec999413788f3c23e5668fb
R6_reacher_080c40555038f25160de654a,REFIT_103203,R4_ALT_CEM_2,H_POLICY,FRESH_PAIRED_CONTROL,1,False,,1a69aed2ffd6b77467b727675f83259e76caed2d7812bb8bbab9784557ae3091,
R6_reacher_080c40555038f25160de654a,REFIT_103203,R4_ALT_CEM_2,REAL3_NULLACT,COMPLETE,1,False,True,b73b044c23a225520094cf9b88c55bf104ed7f160e49bda5caea25edeece435e,b46c34ec9a96db84a7db81f6283d8ca203176f44566ae11be3dba8845eb08c85
R6_reacher_080c40555038f25160de654a,REFIT_103203,R4_ALT_CEM_2,REPEAT3_REALACT,COMPLETE,1,False,True,27a1c94240ddb2ad590b82635d96ffea6120d8e130b2635cc1c8ba8a1fdb6f25,b46c34ec9a96db84a7db81f6283d8ca203176f44566ae11be3dba8845eb08c85
R6_reacher_0836c96bfa0e02e08d4dc536,H0,R3_ORIGINAL,H_POLICY,FRESH_PAIRED_CONTROL,1,False,,0ae75d97fdc025090d347dde08b5dbf9f36a75bd566d3535ff1ac6e51d896dfc,
R6_reacher_0836c96bfa0e02e08d4dc536,H0,R3_ORIGINAL,REAL3_NULLACT,COMPLETE,1,False,True,69d1d8734e729c17e2cdc2c3ce8f09d6d31c2bc6c220ef19e22b1f604320c62e,98c93282f41e2bb89b7611bf01d366a7b7977212617ec3ced157015a9e0b6298
R6_reacher_0836c96bfa0e02e08d4dc536,H0,R3_ORIGINAL,REPEAT3_REALACT,COMPLETE,1,False,True,597c38b20d0abd6e9d3d4d3f6db000d8b9cd5051ace279753ec3229eeb211436,98c93282f41e2bb89b7611bf01d366a7b7977212617ec3ced157015a9e0b6298
R6_reacher_0836c96bfa0e02e08d4dc536,H0,R4_ALT_CEM_1,H_POLICY,FRESH_PAIRED_CONTROL,1,False,,3f9ab58207ee9bf6a2e9ea8474ba579fddb6a8933dbcc39252ca07b02e3bd3bc,
R6_reacher_0836c96bfa0e02e08d4dc536,H0,R4_ALT_CEM_1,REAL3_NULLACT,COMPLETE,1,False,True,3dcb10b101c35e8bee9f86eacfa46392f5fa08922f48f4379a4d65a89eaa154c,772643c6489318a18040319583598c6f97973fa865c357f340d24374a1eba33c
R6_reacher_0836c96bfa0e02e08d4dc536,H0,R4_ALT_CEM_1,REPEAT3_REALACT,COMPLETE,1,False,True,62408e0435fb334111f05162a3b4d6aaf30f2041311d1405882fe582833464ee,772643c6489318a18040319583598c6f97973fa865c357f340d24374a1eba33c
R6_reacher_0836c96bfa0e02e08d4dc536,H0,R4_ALT_CEM_2,H_POLICY,FRESH_PAIRED_CONTROL,1,False,,fc001cdb1b8c012ba8d2415092ede6b574ed8d3d86f815e3017eeb5a0860864d,
R6_reacher_0836c96bfa0e02e08d4dc536,H0,R4_ALT_CEM_2,REAL3_NULLACT,COMPLETE,1,False,True,19053337286d818308004df20747522bb07710df3a55c6ca9ffcf6b53d44a74c,06b5ed32f75457309388e06ae5943b5fa38a1e42a8a6a4028ad1bc35168b1e19
R6_reacher_0836c96bfa0e02e08d4dc536,H0,R4_ALT_CEM_2,REPEAT3_REALACT,COMPLETE,1,False,True,d5ecf7f7566261177f4ad9308cfff77d4cb25e358a0030d246e2faf2c9257c35,06b5ed32f75457309388e06ae5943b5fa38a1e42a8a6a4028ad1bc35168b1e19
R6_reacher_0836c96bfa0e02e08d4dc536,REFIT_103201,R3_ORIGINAL,H_POLICY,FRESH_PAIRED_CONTROL,1,True,,44d54198ec92db5a3467b5320650242849dbd40a302574c078d7c21c763ee0fb,
R6_reacher_0836c96bfa0e02e08d4dc536,REFIT_103201,R3_ORIGINAL,REAL3_NULLACT,COMPLETE,0,True,True,3ac0dba2c0d0662183362747543183d6b005d84c2235f7e7eb29dcb38eb2aba0,106c723da23ef39527a340bebfd0921d8ca3f0b36399acb5842c4b1779ef9150
R6_reacher_0836c96bfa0e02e08d4dc536,REFIT_103201,R3_ORIGINAL,REPEAT3_REALACT,COMPLETE,1,True,True,98c59ae8bb5dcfe79991447d512f03d924478f985ea86663d8620d39c44a1d11,ac37d68ca84d174bf2eda51368ac0d04545168798150a07d30f57836ca86b7ea
R6_reacher_0836c96bfa0e02e08d4dc536,REFIT_103201,R4_ALT_CEM_1,H_POLICY,FRESH_PAIRED_CONTROL,1,False,,83125bd50a06a6b5fa47be24497f799c3bbba0a00d8ba3e1950f750a37f4b63f,
R6_reacher_0836c96bfa0e02e08d4dc536,REFIT_103201,R4_ALT_CEM_1,REAL3_NULLACT,COMPLETE,1,False,True,cfe175c98a6f279fd45b115486020bbe0ff42b647fdf3c5466d0219382923b5f,a77a8f91020293c2ed994cf99bdc227ed2f11adff5adad7e8e88946314bb7a38
R6_reacher_0836c96bfa0e02e08d4dc536,REFIT_103201,R4_ALT_CEM_1,REPEAT3_REALACT,COMPLETE,1,False,True,ac224191e0af7f3ef41d5eda38b3d719152ecae0a3068d7f936fc397e20e94b7,a77a8f91020293c2ed994cf99bdc227ed2f11adff5adad7e8e88946314bb7a38
R6_reacher_0836c96bfa0e02e08d4dc536,REFIT_103201,R4_ALT_CEM_2,H_POLICY,FRESH_PAIRED_CONTROL,1,True,,18790905cff0b1ad406f08f71ff9c7c79c332efcff0e765e70a3b3c7879d532b,
R6_reacher_0836c96bfa0e02e08d4dc536,REFIT_103201,R4_ALT_CEM_2,REAL3_NULLACT,COMPLETE,1,True,True,8c9758f0a568391fa6ba862b8cadd08e405c664dd3491b5a8f4dcef94cd3ef9e,0540402609589ada41849a9a09e760e4fc402e70f49c07c1ead09ec118f89544
R6_reacher_0836c96bfa0e02e08d4dc536,REFIT_103201,R4_ALT_CEM_2,REPEAT3_REALACT,COMPLETE,0,True,True,56891127c431c4779ab5af282d47f238499a5e36824ba4093bf3afffe6eaafb0,4654158b712b6ebb818e5ef6f1a26b5f4252457bc117871df24d27c618e4f80c
R6_reacher_0836c96bfa0e02e08d4dc536,REFIT_103202,R3_ORIGINAL,H_POLICY,FRESH_PAIRED_CONTROL,1,True,,04e64400235ea63691c7e3dba9ead45e29f522a3b66f56235871c10fca0f610f,
R6_reacher_0836c96bfa0e02e08d4dc536,REFIT_103202,R3_ORIGINAL,REAL3_NULLACT,COMPLETE,1,True,True,c47eaa554ecc79aef0caaf937fba6594fca697ca7eb9de73ec34423a76701971,2fb6913d2c62a5e85b0d996387c2c120bddbbbf18dbdef80a847f496a77ecb04
R6_reacher_0836c96bfa0e02e08d4dc536,REFIT_103202,R3_ORIGINAL,REPEAT3_REALACT,COMPLETE,1,True,True,cf8c5e0975b9c5ffe5c38644d361b54128be11b19b6047ead772476e49bdbed4,e68b14d71ef78c13cddc268468ec4a9b6a3a841f5a9e40416dd473e2e884b3b0
R6_reacher_0836c96bfa0e02e08d4dc536,REFIT_103202,R4_ALT_CEM_1,H_POLICY,FRESH_PAIRED_CONTROL,1,False,,7643cd65e69e4bfee5bf8f36ae5cf957d785ef3e06854a49ca4f1beab5c23597,
R6_reacher_0836c96bfa0e02e08d4dc536,REFIT_103202,R4_ALT_CEM_1,REAL3_NULLACT,COMPLETE,1,False,True,cdb33c54641432834848614a76be133119838b429a40ff0681b006015bab17ec,25c312a6ca39e1603f455091b30348e86c93cff249157806bca709a1d6ff4435
R6_reacher_0836c96bfa0e02e08d4dc536,REFIT_103202,R4_ALT_CEM_1,REPEAT3_REALACT,COMPLETE,1,False,True,078fe9f5e576079e751aea59781deef1317541cd9d10750b1378981046e93313,25c312a6ca39e1603f455091b30348e86c93cff249157806bca709a1d6ff4435
R6_reacher_0836c96bfa0e02e08d4dc536,REFIT_103202,R4_ALT_CEM_2,H_POLICY,FRESH_PAIRED_CONTROL,1,True,,7fcbd5527a8d1c51c6fea26f5a0e9303023d84e01a311d9970008f8e614eb911,
R6_reacher_0836c96bfa0e02e08d4dc536,REFIT_103202,R4_ALT_CEM_2,REAL3_NULLACT,COMPLETE,1,True,True,1494c075ea2cb514a84c0120ea0c3fdc7d793119daf3bf253c381e66c5b29944,56e6044f46c162c70f758c39d82e517fbbddbd0e4e5e1f1f2f117ee590de1c54
R6_reacher_0836c96bfa0e02e08d4dc536,REFIT_103202,R4_ALT_CEM_2,REPEAT3_REALACT,COMPLETE,1,True,True,1585613e58357b3244e7544eff0e294dbb61b47c553d3430db40b92702e83d8a,14dee24f9d0f9e2172dbc1ae671602eed55920265d9dcb1b71c93a5452eabfb1
R6_reacher_0836c96bfa0e02e08d4dc536,REFIT_103203,R3_ORIGINAL,H_POLICY,FRESH_PAIRED_CONTROL,1,True,,5554409c18383abe9b5c609a4af4bbfa365eaa08e3b24a6b833a5c5fdb66ba8c,
R6_reacher_0836c96bfa0e02e08d4dc536,REFIT_103203,R3_ORIGINAL,REAL3_NULLACT,COMPLETE,1,True,True,b05463aa8b82dd4862aa6a58b69b7c337ee8c13c5099fad4e16175f543da53f7,cf9f25783d92ed895b4a0598a2f323e854c67bc4b9536068a8c85a339d3d4607
R6_reacher_0836c96bfa0e02e08d4dc536,REFIT_103203,R3_ORIGINAL,REPEAT3_REALACT,COMPLETE,1,True,True,06665a388feeab98ae3511e4a8db1a98a63f9ab8c5154c34c28ff8240c2794c9,b93d92ec175dc626970fd879634c9be5cb59e62c98abcaf6dd90f18d2bd0dabe
R6_reacher_0836c96bfa0e02e08d4dc536,REFIT_103203,R4_ALT_CEM_1,H_POLICY,FRESH_PAIRED_CONTROL,1,False,,f76e192f543351bcbceb2b3c4c2b41f56a1ebb3b47d2d2c08b53cd9cde3a1cdc,
R6_reacher_0836c96bfa0e02e08d4dc536,REFIT_103203,R4_ALT_CEM_1,REAL3_NULLACT,COMPLETE,1,False,True,f65056302e0cb83f061f2d96b584ab28a6bb9d29bf84c944f930b5016e967408,bc15d5e19ceca7d46264a512b251973718876acfb8585d43aaae234795ebec0a
R6_reacher_0836c96bfa0e02e08d4dc536,REFIT_103203,R4_ALT_CEM_1,REPEAT3_REALACT,COMPLETE,1,False,True,646de93522090ac91e8f74e0e3dd7ba691cdd3895c832454773e622f0b1377a0,bc15d5e19ceca7d46264a512b251973718876acfb8585d43aaae234795ebec0a
R6_reacher_0836c96bfa0e02e08d4dc536,REFIT_103203,R4_ALT_CEM_2,H_POLICY,FRESH_PAIRED_CONTROL,1,True,,0844d642433d1212daa6db5011ffc6b9e687030828ed85c42a032631f2c18c09,
R6_reacher_0836c96bfa0e02e08d4dc536,REFIT_103203,R4_ALT_CEM_2,REAL3_NULLACT,COMPLETE,1,True,True,349eaa680eb47e1ffcef23454eb11a078bd160ee1c97deaf8b5a94abadb8a8e3,fa8dc63b1de5a620d8843ee3eeb14b7dc05aaf9f96d51946551106da8b542191
R6_reacher_0836c96bfa0e02e08d4dc536,REFIT_103203,R4_ALT_CEM_2,REPEAT3_REALACT,COMPLETE,1,True,True,cfe71af8cfae280a0f3ac6f9aedcb8f1ba03af29ed13644bc7d8c19272408066,ba64da9d9f6053136763d1d728c61dc6e67f2d780b5d01fe846a57e0e0bd8464
R6_reacher_0859eef19809752e9afbb84a,H0,R3_ORIGINAL,H_POLICY,FRESH_PAIRED_CONTROL,1,True,,ca2efe5407af9336c304d76ded004c621b6c4fe329c1eb0721354a27951dfdc5,
R6_reacher_0859eef19809752e9afbb84a,H0,R3_ORIGINAL,REAL3_NULLACT,COMPLETE,1,True,True,2efd2c6e30e26b1e9e61ea74b1ead0c3f676260e04fcdc8d7714f23498502eef,b0b5ebdeefdee1817dfdbc06b761a04dffd1eb13f1faa671e99606d212c1f4e1
R6_reacher_0859eef19809752e9afbb84a,H0,R3_ORIGINAL,REPEAT3_REALACT,COMPLETE,1,True,True,69eed1eb375628291bb80b81fae5ab33d6dd36dd9c77ab5ae9cb728b394761f5,a0d13e6a9806aa10fb47867329519c06670de47b0d0d3157a94b734758176f5b
R6_reacher_0859eef19809752e9afbb84a,H0,R4_ALT_CEM_1,H_POLICY,FRESH_PAIRED_CONTROL,1,True,,465c0a1154240285cb6aaaf29dc6811eb302873c88e4aaf75b3a199574dd3b1a,
R6_reacher_0859eef19809752e9afbb84a,H0,R4_ALT_CEM_1,REAL3_NULLACT,COMPLETE,1,True,True,f9c94616070a3559ad8d7d2bdcb3254ccc94c9ab3acd53e895c6f78ebdc09131,216f51f5ad03e3b1c338cefac1e4a80a0a684e9e72fd5e23418b5f093fbc34cf
R6_reacher_0859eef19809752e9afbb84a,H0,R4_ALT_CEM_1,REPEAT3_REALACT,COMPLETE,1,True,True,1df708ce504a7973ddf832932d33ea34e251ce978310e1997d53831fd34a38dc,7af4fc93b4f21f4cf6410bfed22854b79315c2803064c5599c5f98c33d7eb028
R6_reacher_0859eef19809752e9afbb84a,H0,R4_ALT_CEM_2,H_POLICY,FRESH_PAIRED_CONTROL,1,True,,a349e7a0ad7627a964be055964ecb4b44e4bd04a92699c04e7638af4dc74f999,
R6_reacher_0859eef19809752e9afbb84a,H0,R4_ALT_CEM_2,REAL3_NULLACT,COMPLETE,1,True,True,89d36e263601a29334f5fa118cac670064e0171580fe7c9799e8e561524dc111,cfc108b88deed5b1e82fdf1bd0ae757ac7b1e0b7b205eb21b422968484dc0b32
R6_reacher_0859eef19809752e9afbb84a,H0,R4_ALT_CEM_2,REPEAT3_REALACT,COMPLETE,1,True,True,2d5d8d5def06d3be55ba1b687f6aa907fc09a970f9bbb083063cc8df9eed0d09,a0ee18bb4e9cb3f861b2f66b5d6a3c5973aa644a4d42ea6f2e4d75776efda1a0
R6_reacher_0859eef19809752e9afbb84a,REFIT_103201,R3_ORIGINAL,H_POLICY,FRESH_PAIRED_CONTROL,1,False,,dc2609e5a133ccdf2a13e5fa2b4a2d0d4b06f7d565e305096970223af6d5ff63,
R6_reacher_0859eef19809752e9afbb84a,REFIT_103201,R3_ORIGINAL,REAL3_NULLACT,COMPLETE,1,False,True,7562377ed22c731a6b95e17bda60b44a54b6333fdf260a73df7ec44c9b2273aa,8a80e4dc7d6729dc270aff34d0e5e92e796104100e6efb49d3835c908bb9b0e1
R6_reacher_0859eef19809752e9afbb84a,REFIT_103201,R3_ORIGINAL,REPEAT3_REALACT,COMPLETE,1,False,True,868165dee9776689396053fd78e0801afa3337127372b68f9f5c3af35c79a203,8a80e4dc7d6729dc270aff34d0e5e92e796104100e6efb49d3835c908bb9b0e1
R6_reacher_0859eef19809752e9afbb84a,REFIT_103201,R4_ALT_CEM_1,H_POLICY,FRESH_PAIRED_CONTROL,1,False,,35d0577691bab410cc71153174010afa82bd82391017a7ceea4417069b1e21ac,
R6_reacher_0859eef19809752e9afbb84a,REFIT_103201,R4_ALT_CEM_1,REAL3_NULLACT,COMPLETE,1,False,True,24170cc47b8be94545c544fabb94d3b6c63957c24434f7814f6c00b8314dd87b,3213a58e8720579c2e547d17c96afdc543f2208062b3063386008e242d46642b
R6_reacher_0859eef19809752e9afbb84a,REFIT_103201,R4_ALT_CEM_1,REPEAT3_REALACT,COMPLETE,1,False,True,e2bfd8b002ce4b9085fd1815bdbd9d682c4cf69bb0a57ddde549fd7c1a582d62,3213a58e8720579c2e547d17c96afdc543f2208062b3063386008e242d46642b
R6_reacher_0859eef19809752e9afbb84a,REFIT_103201,R4_ALT_CEM_2,H_POLICY,FRESH_PAIRED_CONTROL,0,True,,d891fab2c5a1d980de469a50332b3a39d2754ef5bdac4c9bfd88dffcf54b1230,
R6_reacher_0859eef19809752e9afbb84a,REFIT_103201,R4_ALT_CEM_2,REAL3_NULLACT,COMPLETE,0,True,True,b48d8288ee2f7c4811b411732f0225f76100e7802a5984702e0e6652c1652d96,ad0f4669e808d1e7c8e9e4afeaedbcd957e9ea6607674105e0b1492c0ba3627f
R6_reacher_0859eef19809752e9afbb84a,REFIT_103201,R4_ALT_CEM_2,REPEAT3_REALACT,COMPLETE,1,True,True,7d9d3621fa40a3b960d8c0ea16e50dab6f6b936311c93c93aed43e05394bb637,efa88dbe7824dff1e06aaa485146b1c5038323a1719e5181c65b5dbcea1aedc9
R6_reacher_0859eef19809752e9afbb84a,REFIT_103202,R3_ORIGINAL,H_POLICY,FRESH_PAIRED_CONTROL,1,True,,a1764024b816e84a0051e8c2dbd8601e0f6981a4ce2a690e2ee6d5d7d7b5d9d0,
R6_reacher_0859eef19809752e9afbb84a,REFIT_103202,R3_ORIGINAL,REAL3_NULLACT,COMPLETE,1,True,True,fc2f3a2a66296fecc1885e00f0d2f2e066573d6a157447d0732f4e882504fda4,be17ebbfee5037900a74495764c91d358ff3fb83ffd6ea0b7ecb8551a5500281
R6_reacher_0859eef19809752e9afbb84a,REFIT_103202,R3_ORIGINAL,REPEAT3_REALACT,COMPLETE,1,True,True,bda5ea22b8444c617a1327d699c8f714f773f66715a5ef5895634f1383df3e2e,b00ad4e74a4298f29f07080177d432a4e0cd7b1380910017fb2b00262d8269d0
R6_reacher_0859eef19809752e9afbb84a,REFIT_103202,R4_ALT_CEM_1,H_POLICY,FRESH_PAIRED_CONTROL,0,True,,47837ee4e2cb113e2987706672b99a12476b9ad72719ddf33fcf5833130692db,
R6_reacher_0859eef19809752e9afbb84a,REFIT_103202,R4_ALT_CEM_1,REAL3_NULLACT,COMPLETE,1,True,True,fef308f52b16de691015db7dc8f4e20c9d3c2cd4cfabb055df27b92051a61e53,6a6e57f00f6c71e94071eed49009d355d7a7b4ea46966734bbe2fe1f6c7e410e
R6_reacher_0859eef19809752e9afbb84a,REFIT_103202,R4_ALT_CEM_1,REPEAT3_REALACT,COMPLETE,1,True,True,1ee81144ab5859ea70bef06b124b257d8d5eb91d90518b22f2843372b46353d6,182d9ccd677c8d62ef3068d30502abb8106cc31033c74050401275038d5583b7
R6_reacher_0859eef19809752e9afbb84a,REFIT_103202,R4_ALT_CEM_2,H_POLICY,FRESH_PAIRED_CONTROL,1,True,,27c349b762067c6ecc56393345de08e03f0c9baa2ddd854678b6414e4a9eb5e2,
R6_reacher_0859eef19809752e9afbb84a,REFIT_103202,R4_ALT_CEM_2,REAL3_NULLACT,COMPLETE,1,True,True,afe6ef312aea12ac4bb57c961c77959160321d2e2520b18efb1f0945a514ab4e,46e3d5dfbe57a8cdc142ba0c4be14a9f50d266059ddd949f7dab20c8dc8ffb95
R6_reacher_0859eef19809752e9afbb84a,REFIT_103202,R4_ALT_CEM_2,REPEAT3_REALACT,COMPLETE,1,True,True,3d354261119736c05e9cd80124b4a664ad3a1435b6491d72e05cf8e99c83d0f8,b47540bdaf034b04512d260c41d8957ef38dad0e60dee0d7f97c76babfca1686
R6_reacher_0859eef19809752e9afbb84a,REFIT_103203,R3_ORIGINAL,H_POLICY,FRESH_PAIRED_CONTROL,0,True,,7de8587ebc68a2a930a59cb4b685a10acc975a5cbe09fa571cac48433adad90e,
R6_reacher_0859eef19809752e9afbb84a,REFIT_103203,R3_ORIGINAL,REAL3_NULLACT,COMPLETE,0,True,True,530d79b3252e0b53dd3857fd64b3c277d85b1f3cb7d2fc026252787c5be9fe72,2bc7de6b234925cf49ac8fbc44bae8bd8c34fbb032e83f75a3bb16533b2be70d
R6_reacher_0859eef19809752e9afbb84a,REFIT_103203,R3_ORIGINAL,REPEAT3_REALACT,COMPLETE,1,True,True,6330ca031d2981f2843112226e691333067d4910c5edb0ac45266c0d962e6c68,1a939b50aa4eb52dccaf59e068388a7a675e71b4dc7fd226fee164804a814ce9
R6_reacher_0859eef19809752e9afbb84a,REFIT_103203,R4_ALT_CEM_1,H_POLICY,FRESH_PAIRED_CONTROL,1,False,,f2be97c4d99618675981da701cdb5498ca99ba3009abd3f97c84534377eb0df8,
R6_reacher_0859eef19809752e9afbb84a,REFIT_103203,R4_ALT_CEM_1,REAL3_NULLACT,COMPLETE,1,False,True,460160c07ff92c5a12cbf02b66bc662a365faf8b0803b59591ee32d8592047c8,3b139338dc074169b95411c73bc1ff53b68052260855b4b5539bd9060a564201
R6_reacher_0859eef19809752e9afbb84a,REFIT_103203,R4_ALT_CEM_1,REPEAT3_REALACT,COMPLETE,1,False,True,0041161731a73f69fff4905db213846bc1f58920b4db8b53bed01b018481dbb9,3b139338dc074169b95411c73bc1ff53b68052260855b4b5539bd9060a564201
R6_reacher_0859eef19809752e9afbb84a,REFIT_103203,R4_ALT_CEM_2,H_POLICY,FRESH_PAIRED_CONTROL,1,True,,ccb1b08f19fdb5c45d69ce7753a3856571cb9884ad1c1a4bf2b370d142c4ee70,
R6_reacher_0859eef19809752e9afbb84a,REFIT_103203,R4_ALT_CEM_2,REAL3_NULLACT,COMPLETE,1,True,True,8810cf964ffddc6dc060316b1a13a327150d779b7776b86954428bc059911833,7639562874dcb7d45d79a5cda1ba4e39d2340106d04536ffd55a22c1bf3e6670
R6_reacher_0859eef19809752e9afbb84a,REFIT_103203,R4_ALT_CEM_2,REPEAT3_REALACT,COMPLETE,1,True,True,f439dd2826a8aac0a5ec134060b168d02433b7208f4982c8bb52f397d8eea840,fd281127e602e1fca3dbcf52090fb45970789be8a98d56d00d6527602fb59c05
R6_reacher_0877b94c4c4ad9e7428aeeea,H0,R3_ORIGINAL,H_POLICY,FRESH_PAIRED_CONTROL,1,True,,50691df25f209038bc6ea750d31fcb8cf498a79730ec8c00055734e074e1bd6d,
R6_reacher_0877b94c4c4ad9e7428aeeea,H0,R3_ORIGINAL,REAL3_NULLACT,COMPLETE,1,True,True,f3ab4322606a6d183a4881db0b07da3e71c20a1fd33217655395f24e42fdcc39,e3efcf7398a81df097b211a995df8546053d483df2b148b7f283ccdc0c326454
R6_reacher_0877b94c4c4ad9e7428aeeea,H0,R3_ORIGINAL,REPEAT3_REALACT,COMPLETE,1,True,True,c5145f574ad7d3e05b3f19d524de2b8cfec682c64d341d2e6bb18df2f918d0bf,eea9d1539b7865e8fe4a4e101330e1d1e1bd72f763c57f82b6a8738d09227587
R6_reacher_0877b94c4c4ad9e7428aeeea,H0,R4_ALT_CEM_1,H_POLICY,FRESH_PAIRED_CONTROL,1,False,,04f86d233f9352459afa218266ec7cf19666c5e50d036d6a27b61930078d9938,
R6_reacher_0877b94c4c4ad9e7428aeeea,H0,R4_ALT_CEM_1,REAL3_NULLACT,COMPLETE,1,False,True,6c4e331cb0c1691d5cbab1e11a65e2ab9f138c4bf9a662c441c1eac61e9b26b7,5d206a935b7c84ad571696775c490d1a1ddf1662b2b08f7163630a7b45d2e2e4
R6_reacher_0877b94c4c4ad9e7428aeeea,H0,R4_ALT_CEM_1,REPEAT3_REALACT,COMPLETE,1,False,True,2dcb5514434c38fd455277080888580e83f2f2a71028c8942f7f6c19006f6e92,5d206a935b7c84ad571696775c490d1a1ddf1662b2b08f7163630a7b45d2e2e4
R6_reacher_0877b94c4c4ad9e7428aeeea,H0,R4_ALT_CEM_2,H_POLICY,FRESH_PAIRED_CONTROL,1,True,,d9e1bf702e6628e2574410217afe306f646d7543f2725738070e576eb8332cb9,
R6_reacher_0877b94c4c4ad9e7428aeeea,H0,R4_ALT_CEM_2,REAL3_NULLACT,COMPLETE,1,True,True,28cbc2d2b94dc4d301e517eea06cb325e28dd06ef7a2063b2df9a1015ce27298,ca4a26ed883da4bcab8f4844a98161b46f30ae1c145f1f958f4112c9908e2037
R6_reacher_0877b94c4c4ad9e7428aeeea,H0,R4_ALT_CEM_2,REPEAT3_REALACT,COMPLETE,1,True,True,dc2fb76ed4480bb600bffccace6609854baa6e2b5f826167dc6c302706641025,35b90650fb0968a7fcfb0f7f0c95af44679b4b1d31508f6a77b5784d7de66f9c
R6_reacher_0877b94c4c4ad9e7428aeeea,REFIT_103201,R3_ORIGINAL,H_POLICY,FRESH_PAIRED_CONTROL,0,True,,f2959f03a0a5a4c5b1f6c180a39e87fe821dc974eb03164cb554753df98d6f40,
R6_reacher_0877b94c4c4ad9e7428aeeea,REFIT_103201,R3_ORIGINAL,REAL3_NULLACT,COMPLETE,1,True,True,5ab4ac59d1f1ff0f097be5bfaf8a7aa50b6529a88ca3faeece9a57c5bc4e7952,51714e4a407070fd7e18eac1562b1dd6e210cb46b024f7f84c8d01678cbd8072
R6_reacher_0877b94c4c4ad9e7428aeeea,REFIT_103201,R3_ORIGINAL,REPEAT3_REALACT,COMPLETE,1,True,True,2afc57b1481336f8f00ceaaece912b985ebb3eff9988dc0952913f50c17e3b1d,a131026a212c863ed9932abc8271bfff52e127d9e5bcc884a58f30057f32bb98
R6_reacher_0877b94c4c4ad9e7428aeeea,REFIT_103201,R4_ALT_CEM_1,H_POLICY,FRESH_PAIRED_CONTROL,1,False,,92b39d50d98d84ba3a30491327b10f0ba70db0fc5dab5ab0ae4abc7f9d748785,
R6_reacher_0877b94c4c4ad9e7428aeeea,REFIT_103201,R4_ALT_CEM_1,REAL3_NULLACT,COMPLETE,1,False,True,0b04661a0a85d571f3ed359ab81cea8b4f59e2fe04ee220e4026d4fb292604f3,10c841327a6fb08f1e4619adee8af74d5ec1222a8575f01ec8965f7d30276292
R6_reacher_0877b94c4c4ad9e7428aeeea,REFIT_103201,R4_ALT_CEM_1,REPEAT3_REALACT,COMPLETE,1,False,True,6d6184395ef34d88ac0dbe8e4e6f39e9e5479d8c5528c3f44305f1b3c928d389,10c841327a6fb08f1e4619adee8af74d5ec1222a8575f01ec8965f7d30276292
R6_reacher_0877b94c4c4ad9e7428aeeea,REFIT_103201,R4_ALT_CEM_2,H_POLICY,FRESH_PAIRED_CONTROL,1,False,,76fdd3d253fad88d3512aaea6e1ca816bfa5f0644b902491aa3a06ac5439102a,
R6_reacher_0877b94c4c4ad9e7428aeeea,REFIT_103201,R4_ALT_CEM_2,REAL3_NULLACT,COMPLETE,1,False,True,810226dbb427de0480ad1be2d3cf17710309180f29a489f9668dfb044b579455,7493ddc62f3072904c4ebefac8805aa0e1101b65c906562fcdb15376828bb54f
R6_reacher_0877b94c4c4ad9e7428aeeea,REFIT_103201,R4_ALT_CEM_2,REPEAT3_REALACT,COMPLETE,1,False,True,f9d5d8b24e6272a47ad7baadd2456e730d50fe68871c2c566f0714c17566085c,7493ddc62f3072904c4ebefac8805aa0e1101b65c906562fcdb15376828bb54f
R6_reacher_0877b94c4c4ad9e7428aeeea,REFIT_103202,R3_ORIGINAL,H_POLICY,FRESH_PAIRED_CONTROL,1,False,,57bd79785f7f70dce156b91947406e3dda5175bda75191f4c56edbf0edeca6b0,
R6_reacher_0877b94c4c4ad9e7428aeeea,REFIT_103202,R3_ORIGINAL,REAL3_NULLACT,COMPLETE,1,False,True,26ab15b31dcaceee10bb9847ae1cbc541b4625f45e4036718cd267a0e21bcc73,dd5ab845d7438f022269d9040d0e27390302ab461518d5a0753a97190267b400
R6_reacher_0877b94c4c4ad9e7428aeeea,REFIT_103202,R3_ORIGINAL,REPEAT3_REALACT,COMPLETE,1,False,True,67be923700c4b06e0a57810ea5f526f74061b25a020340c6bbcffc3b1280e12c,dd5ab845d7438f022269d9040d0e27390302ab461518d5a0753a97190267b400
R6_reacher_0877b94c4c4ad9e7428aeeea,REFIT_103202,R4_ALT_CEM_1,H_POLICY,FRESH_PAIRED_CONTROL,0,True,,f6911ddc790ecf298fef84bf3bad81d2aa937cac99424333647fa1899980e27a,
R6_reacher_0877b94c4c4ad9e7428aeeea,REFIT_103202,R4_ALT_CEM_1,REAL3_NULLACT,COMPLETE,1,True,True,473e9318f4b55ef3555f89a9ae47a595cd1f18e2e4720f41773b93f916cd8aa6,62ca3ab7aaab8dc175f42caa4923cb37976d817959cd6036b3878e9f697de4c7
R6_reacher_0877b94c4c4ad9e7428aeeea,REFIT_103202,R4_ALT_CEM_1,REPEAT3_REALACT,COMPLETE,1,True,True,13cd157d4809eeb2956cf7f40457933431386f3f60074169f86ec1706ea94eb7,37fbc36f0174af5c33cb810a3569bd804ef5f76ccfc336cdf9669fa8de785d2d
R6_reacher_0877b94c4c4ad9e7428aeeea,REFIT_103202,R4_ALT_CEM_2,H_POLICY,FRESH_PAIRED_CONTROL,1,True,,baf85f362d69b5224e8b1bc12a6808b08169b0b4fdfbf479414639babb32597c,
R6_reacher_0877b94c4c4ad9e7428aeeea,REFIT_103202,R4_ALT_CEM_2,REAL3_NULLACT,COMPLETE,1,True,True,2cfc5eb6eec5ce06516847cc2b33d0544010c3170da3819898137a5ec7b14180,fe100b175f58623dcf90dbf53fc85353aa341e42148675b7ded5f95e8ac2f604
R6_reacher_0877b94c4c4ad9e7428aeeea,REFIT_103202,R4_ALT_CEM_2,REPEAT3_REALACT,COMPLETE,1,True,True,9cbe10b3ed9fa4dd140ca3882e94d2cfdcbbbde3012e26a8d3343d212e1d9569,f276cb90264ab417d1aeb5d223dbd2829a94dedb967cad84b2a10689abe48bec
R6_reacher_0877b94c4c4ad9e7428aeeea,REFIT_103203,R3_ORIGINAL,H_POLICY,FRESH_PAIRED_CONTROL,1,True,,a603fb1951c6e3aedebf69861789d1eff5cbcb0321499fe6c452d7759d8ecf03,
R6_reacher_0877b94c4c4ad9e7428aeeea,REFIT_103203,R3_ORIGINAL,REAL3_NULLACT,COMPLETE,1,True,True,343db6f18c17f054c35b58466bee3b5f430ae483dd325f5bb1ca4efdb8a7ec80,e77c0ad588a30e2454a16fe0abda43b80c4c684106a844e48be99084c33c5659
R6_reacher_0877b94c4c4ad9e7428aeeea,REFIT_103203,R3_ORIGINAL,REPEAT3_REALACT,COMPLETE,1,True,True,6c3296ec362b1c56e4839fcec06f3f9058efa46a27c53075bc5366501c69f5f2,e2cdf2b4782b0adee5b51a6fca5ca6c4faeb427eb666a6d56184911b4d492058
R6_reacher_0877b94c4c4ad9e7428aeeea,REFIT_103203,R4_ALT_CEM_1,H_POLICY,FRESH_PAIRED_CONTROL,1,False,,9b223b63ff5214594924a8faf114e21967dbca890b6b170c5169966317ed0992,
R6_reacher_0877b94c4c4ad9e7428aeeea,REFIT_103203,R4_ALT_CEM_1,REAL3_NULLACT,COMPLETE,1,False,True,499f1f8ed60d7d942feb78a20b8fc599dcef07e850f84c39602b52ba129203a1,02431ac7ae232d02e526000c182b19f6bafdb6e03f3bd7b1ea73b3d6acbe00ac
R6_reacher_0877b94c4c4ad9e7428aeeea,REFIT_103203,R4_ALT_CEM_1,REPEAT3_REALACT,COMPLETE,1,False,True,7239276f546ca67b13ce5a154691f94d6a5f68306f8b23cdfa47a4fbc00ed66d,02431ac7ae232d02e526000c182b19f6bafdb6e03f3bd7b1ea73b3d6acbe00ac
R6_reacher_0877b94c4c4ad9e7428aeeea,REFIT_103203,R4_ALT_CEM_2,H_POLICY,FRESH_PAIRED_CONTROL,1,False,,9258a6903157688a1b7a4b45f4e6788a16344f07a02ca6e941d7316445d013c0,
R6_reacher_0877b94c4c4ad9e7428aeeea,REFIT_103203,R4_ALT_CEM_2,REAL3_NULLACT,COMPLETE,1,False,True,d8ee2f8e27cb6acbb46a45895c0b3261a1937293ee05af21b794893f1d8bb7a8,e9a31912c7c22eb6f79df2a135e366b2c688208a621799585a70dbcf778ee5fa
R6_reacher_0877b94c4c4ad9e7428aeeea,REFIT_103203,R4_ALT_CEM_2,REPEAT3_REALACT,COMPLETE,1,False,True,782259aa224f100821a6a1b063ee8d3d2c354cc7cecbd97657e78b1d47afe20b,e9a31912c7c22eb6f79df2a135e366b2c688208a621799585a70dbcf778ee5fa
R6_reacher_088a094c8c8929ddd3a33d6b,H0,R3_ORIGINAL,H_POLICY,FRESH_PAIRED_CONTROL,1,False,,b63f865f87f9ee50043268907595f064d86bbfd21b950c27d91074691f3fcc7c,
R6_reacher_088a094c8c8929ddd3a33d6b,H0,R3_ORIGINAL,REAL3_NULLACT,COMPLETE,1,False,True,d638165ab2ab7c10bc13b10f397137f9662bc01360356ae70bb3e37c511288e9,4647bbaa6089136ba75eb1ffca90e76cb2733ea8d5ed7884360c5b438c0add9e
R6_reacher_088a094c8c8929ddd3a33d6b,H0,R3_ORIGINAL,REPEAT3_REALACT,COMPLETE,1,False,True,99ac3b4c637c49914263126778fce77ef11c880c60df7177cff65af7f22aef3a,4647bbaa6089136ba75eb1ffca90e76cb2733ea8d5ed7884360c5b438c0add9e
R6_reacher_088a094c8c8929ddd3a33d6b,H0,R4_ALT_CEM_1,H_POLICY,FRESH_PAIRED_CONTROL,1,False,,7e13205d41c239fff5c4701873ee7e0c530af052aa11bbc2433645542c6dbc3a,
R6_reacher_088a094c8c8929ddd3a33d6b,H0,R4_ALT_CEM_1,REAL3_NULLACT,COMPLETE,1,False,True,91de51c2ab0bcfe9bd5cbf3913f1ec15081ac7b56ca580da455e1349d8fefea8,464fa06a4b930e18f7a074180d6c0289336a336bdc6e13362dddba8e944aa1c1
R6_reacher_088a094c8c8929ddd3a33d6b,H0,R4_ALT_CEM_1,REPEAT3_REALACT,COMPLETE,1,False,True,b20c4c11f0cd446085cc5c9ee03eb3b649fa94678a8c7882af3864675788a37e,464fa06a4b930e18f7a074180d6c0289336a336bdc6e13362dddba8e944aa1c1
R6_reacher_088a094c8c8929ddd3a33d6b,H0,R4_ALT_CEM_2,H_POLICY,FRESH_PAIRED_CONTROL,1,True,,530ab240546a44470991937393232377adb4440242f5a4206366e006cefa8d17,
R6_reacher_088a094c8c8929ddd3a33d6b,H0,R4_ALT_CEM_2,REAL3_NULLACT,COMPLETE,1,True,True,57828d2adf68dbb34b378f1208cf65854536d2f16c59ec8574b31592f7fb8810,3a870dbd147cd34a54823ca8e020b5f01598a8d542c9414835ff9eeb240c13e1
R6_reacher_088a094c8c8929ddd3a33d6b,H0,R4_ALT_CEM_2,REPEAT3_REALACT,COMPLETE,1,True,True,7da881735b1422ca75ff616bcb0b81daf4c877520c941670ec4891897212020f,d379db4816e71601a11353d529572d593a8fdd329fdc7f8b174c25bf2e5d0e5d
R6_reacher_088a094c8c8929ddd3a33d6b,REFIT_103201,R3_ORIGINAL,H_POLICY,FRESH_PAIRED_CONTROL,1,False,,f3590be3d27008079cf392d56d1cf0101356de046d16c38c5f78f356bdd8f0ec,
R6_reacher_088a094c8c8929ddd3a33d6b,REFIT_103201,R3_ORIGINAL,REAL3_NULLACT,COMPLETE,1,False,True,d7abfa38822f8607b3e7fa3c89091e795a72531756c5ffc7d07de2ee0c06d3ab,08d4b7bc307fb8b2694c3b8bbe199e8933f89f8080ce0b0d716f8afe24da99ac
R6_reacher_088a094c8c8929ddd3a33d6b,REFIT_103201,R3_ORIGINAL,REPEAT3_REALACT,COMPLETE,1,False,True,2f3b576b80115d6cf5aab13a2b6559316cb4e6b8d4b87840ffe674694e2d4fc1,08d4b7bc307fb8b2694c3b8bbe199e8933f89f8080ce0b0d716f8afe24da99ac
R6_reacher_088a094c8c8929ddd3a33d6b,REFIT_103201,R4_ALT_CEM_1,H_POLICY,FRESH_PAIRED_CONTROL,1,False,,567fc264e6213e67e95276c6ef748f30b1a64e8ec580d97eb1b5277994341774,
R6_reacher_088a094c8c8929ddd3a33d6b,REFIT_103201,R4_ALT_CEM_1,REAL3_NULLACT,COMPLETE,1,False,True,5b66dd5df31e0eecc19be4043cb97f412de0b53c4d519369bf4a22015b70bd12,dcac07b4f194b33b8e354acb3b48818d30810c9a31f765082856414ab8b36022
R6_reacher_088a094c8c8929ddd3a33d6b,REFIT_103201,R4_ALT_CEM_1,REPEAT3_REALACT,COMPLETE,1,False,True,33e888d7792c360b252df3698d19b0afc825f9856f7b03446c4365cde2daf04d,dcac07b4f194b33b8e354acb3b48818d30810c9a31f765082856414ab8b36022
R6_reacher_088a094c8c8929ddd3a33d6b,REFIT_103201,R4_ALT_CEM_2,H_POLICY,FRESH_PAIRED_CONTROL,1,False,,bec28941b4d654eb2911e57985cac07933f540c570f8f2408c8e31472999f05f,
R6_reacher_088a094c8c8929ddd3a33d6b,REFIT_103201,R4_ALT_CEM_2,REAL3_NULLACT,COMPLETE,1,False,True,457fdec0b6fa842701f5b1d26d0abffd571a83f6863f891b43425124b61bb873,933330ae304d7936e55dbba3c280db3bc93c508f978864a1a5d4b0fce1622d90
R6_reacher_088a094c8c8929ddd3a33d6b,REFIT_103201,R4_ALT_CEM_2,REPEAT3_REALACT,COMPLETE,1,False,True,0d678524fa9d8f97b9ee0b8d260760af46d2a91156d541927fef0649a41030e1,933330ae304d7936e55dbba3c280db3bc93c508f978864a1a5d4b0fce1622d90
R6_reacher_088a094c8c8929ddd3a33d6b,REFIT_103202,R3_ORIGINAL,H_POLICY,FRESH_PAIRED_CONTROL,1,False,,fbc315e9af8fe25dcfa00dbf39f3aa0104cd8cde0dca32f37570692e799b3e01,
R6_reacher_088a094c8c8929ddd3a33d6b,REFIT_103202,R3_ORIGINAL,REAL3_NULLACT,COMPLETE,1,False,True,d8f78b62f42ce78c49e613493f8b2025347a29e8cd974983c7e0ac4e36e5bf89,42d7997a3d53174d2086116ee69223349e5c067176f11135b0b40ef9134ead08
R6_reacher_088a094c8c8929ddd3a33d6b,REFIT_103202,R3_ORIGINAL,REPEAT3_REALACT,COMPLETE,1,False,True,64fa9a3d60d6d528c28f8f0157734d9d4244d12c7c8607258b5133e7ffc2e66b,42d7997a3d53174d2086116ee69223349e5c067176f11135b0b40ef9134ead08
R6_reacher_088a094c8c8929ddd3a33d6b,REFIT_103202,R4_ALT_CEM_1,H_POLICY,FRESH_PAIRED_CONTROL,1,True,,f98c28b42a11da7b851915b965a82aa740fa0a535e8d6954ddfe2966b6ddbda8,
R6_reacher_088a094c8c8929ddd3a33d6b,REFIT_103202,R4_ALT_CEM_1,REAL3_NULLACT,COMPLETE,1,True,True,78e3907847622653680c329d4412efc94d83a1e35318cc307a48f840f469673f,5cc9adb760734d7593758301aa10968bc605dc12b14571a35bd34ad6a7c7ea64
R6_reacher_088a094c8c8929ddd3a33d6b,REFIT_103202,R4_ALT_CEM_1,REPEAT3_REALACT,COMPLETE,1,True,True,76dab3dfc7203c390c5082c7063c557ccbda1cb663d7651383c0bd6d7acdc5a8,2974ffb5632d3603063830446f0bc0867818debf98ade9153552693f169f4721
R6_reacher_088a094c8c8929ddd3a33d6b,REFIT_103202,R4_ALT_CEM_2,H_POLICY,FRESH_PAIRED_CONTROL,1,False,,49e3dd4965ffa6cd046e449462b32724a096f935d65df3ac6d7c3490ee33705b,
R6_reacher_088a094c8c8929ddd3a33d6b,REFIT_103202,R4_ALT_CEM_2,REAL3_NULLACT,COMPLETE,1,False,True,f1246961b366efe2260c351e466146806bf499ebf5b13efc0d71388c3372c472,d77abf8530ca3fdf19e5174b657d210c73312e87c9304a57a00953115112e39c
R6_reacher_088a094c8c8929ddd3a33d6b,REFIT_103202,R4_ALT_CEM_2,REPEAT3_REALACT,COMPLETE,1,False,True,09fa62b3ffe5abd81b0ede9a2643c61384a27a92e1084ce07346c5c3e3817bac,d77abf8530ca3fdf19e5174b657d210c73312e87c9304a57a00953115112e39c
R6_reacher_088a094c8c8929ddd3a33d6b,REFIT_103203,R3_ORIGINAL,H_POLICY,FRESH_PAIRED_CONTROL,1,False,,3874731f630487504ad121cfc78a27f51d2cbb630d3867a6802c107f393d915c,
R6_reacher_088a094c8c8929ddd3a33d6b,REFIT_103203,R3_ORIGINAL,REAL3_NULLACT,COMPLETE,1,False,True,5cea9e02b44aa70be4d180a03d026e35bdbcb5ce0b075af2fe1d79b931361106,cf71944d780ffa492bcd5e35d4b8ddd864b97fe71ccf7af48312fc45acd48776
R6_reacher_088a094c8c8929ddd3a33d6b,REFIT_103203,R3_ORIGINAL,REPEAT3_REALACT,COMPLETE,1,False,True,94b4c82ee3d0d24e68fc612669cfcf16282d4ab26838beec67d5eacf3a42bbe5,cf71944d780ffa492bcd5e35d4b8ddd864b97fe71ccf7af48312fc45acd48776
R6_reacher_088a094c8c8929ddd3a33d6b,REFIT_103203,R4_ALT_CEM_1,H_POLICY,FRESH_PAIRED_CONTROL,1,False,,51d6e862088d4539acb7b88a06ac26145b6064164f4e3113e5c20954f64064fa,
R6_reacher_088a094c8c8929ddd3a33d6b,REFIT_103203,R4_ALT_CEM_1,REAL3_NULLACT,COMPLETE,1,False,True,f266f2cf2275eaf58aa2f5558336c55211f82a7b86dc384427f2f57183f1ccfc,ec7d8a8fa251fff5971df6b3e291b4a50adfb9ecc28791cb357426efed2f2970
R6_reacher_088a094c8c8929ddd3a33d6b,REFIT_103203,R4_ALT_CEM_1,REPEAT3_REALACT,COMPLETE,1,False,True,2a0010dd4018205dc0fc4d7fbeb6ce76aca99fa12d515a47fed91eba21bb7803,ec7d8a8fa251fff5971df6b3e291b4a50adfb9ecc28791cb357426efed2f2970
R6_reacher_088a094c8c8929ddd3a33d6b,REFIT_103203,R4_ALT_CEM_2,H_POLICY,FRESH_PAIRED_CONTROL,1,False,,6598b9e0cf9ab6273c6ebbba1b8e07a55dbaa80f3d15a2a1d957bec493af62ae,
R6_reacher_088a094c8c8929ddd3a33d6b,REFIT_103203,R4_ALT_CEM_2,REAL3_NULLACT,COMPLETE,1,False,True,9c0696583f8d9479ce0cf745516ebad93772c152a08c937e07b8734e716b2852,32f0520844e5437c12d317b8de1167391a6023153e54ce5414ee3f61945c893d
R6_reacher_088a094c8c8929ddd3a33d6b,REFIT_103203,R4_ALT_CEM_2,REPEAT3_REALACT,COMPLETE,1,False,True,be01bd95abefd88593702937219ecc004e00d02158ad78ff007edf566f04f924,32f0520844e5437c12d317b8de1167391a6023153e54ce5414ee3f61945c893d
R6_reacher_08adec0f89aa2befc53c51f6,H0,R3_ORIGINAL,H_POLICY,FRESH_PAIRED_CONTROL,1,False,,40edab39279e86b08b55c617923499d123a85fe7310cd04cd38325bf59371d5d,
R6_reacher_08adec0f89aa2befc53c51f6,H0,R3_ORIGINAL,REAL3_NULLACT,COMPLETE,1,False,True,48f2ce908783ecba64d8857b73eb8c2c6123e7e4bcf0be1a58370e5471faa743,c535e36276d54b88897a5ffac217409ab6f63f22078c7f39084d572a11331422
R6_reacher_08adec0f89aa2befc53c51f6,H0,R3_ORIGINAL,REPEAT3_REALACT,COMPLETE,1,False,True,5e8bb240ba7ddc8d035ac86393011505b29894a8d030fc23fa0df2e38c9ceecf,c535e36276d54b88897a5ffac217409ab6f63f22078c7f39084d572a11331422
R6_reacher_08adec0f89aa2befc53c51f6,H0,R4_ALT_CEM_1,H_POLICY,FRESH_PAIRED_CONTROL,1,False,,b3daa9454473bc9f14e242fa80167e37ef27c71a1816af9ad33d052cedd15853,
R6_reacher_08adec0f89aa2befc53c51f6,H0,R4_ALT_CEM_1,REAL3_NULLACT,COMPLETE,1,False,True,1c7df35b80473030781478d8deb3ef73f1fc1787105758ab1049578e996c3ed6,bf97a6d06781f4be70689de6800a2f362a4dc317f20acacda9350f5c6fbcee56
R6_reacher_08adec0f89aa2befc53c51f6,H0,R4_ALT_CEM_1,REPEAT3_REALACT,COMPLETE,1,False,True,c10b9353ade2906bf671795c6161a0bbacf13178d940e8d28019a2c9dfc7e108,bf97a6d06781f4be70689de6800a2f362a4dc317f20acacda9350f5c6fbcee56
R6_reacher_08adec0f89aa2befc53c51f6,H0,R4_ALT_CEM_2,H_POLICY,FRESH_PAIRED_CONTROL,1,False,,796cd64e075077c13205494cab87fdd082480041be0d53b51e5ede0522b3269f,
R6_reacher_08adec0f89aa2befc53c51f6,H0,R4_ALT_CEM_2,REAL3_NULLACT,COMPLETE,1,False,True,2c3a9dab7718809ec418dfd2cea726236fbc2a1eca64367d06c5ddb0f4deece1,9437b3a891da494105fa7d10ebde43811d849586ee717bc1a7d86296974d4dfb
R6_reacher_08adec0f89aa2befc53c51f6,H0,R4_ALT_CEM_2,REPEAT3_REALACT,COMPLETE,1,False,True,bcd9a2c2608e3b159958581452e9d749212dd386429f6b8f20a5e0002e715675,9437b3a891da494105fa7d10ebde43811d849586ee717bc1a7d86296974d4dfb
R6_reacher_08adec0f89aa2befc53c51f6,REFIT_103201,R3_ORIGINAL,H_POLICY,FRESH_PAIRED_CONTROL,1,False,,14b119d7fbb6eb58d97034956e19d516564fb61232d2d312cbd26b37122eced9,
R6_reacher_08adec0f89aa2befc53c51f6,REFIT_103201,R3_ORIGINAL,REAL3_NULLACT,COMPLETE,1,False,True,ac31b2803d0162b8c07190886384a0a178f122a5505b13a3448f2fcdfc22619d,c66327990618e7e2ef55b66fe2f895c5e9a4f6c586d9df3292a1e16017db008b
R6_reacher_08adec0f89aa2befc53c51f6,REFIT_103201,R3_ORIGINAL,REPEAT3_REALACT,COMPLETE,1,False,True,33d5433f6dfcfb0bdb486bca2756674b266ef951729171b100fbd98826b3dd10,c66327990618e7e2ef55b66fe2f895c5e9a4f6c586d9df3292a1e16017db008b
R6_reacher_08adec0f89aa2befc53c51f6,REFIT_103201,R4_ALT_CEM_1,H_POLICY,FRESH_PAIRED_CONTROL,1,False,,fda899c0ed721533276152e7b8be80d3c40cef7de3637b9748f63fb179158f6d,
R6_reacher_08adec0f89aa2befc53c51f6,REFIT_103201,R4_ALT_CEM_1,REAL3_NULLACT,COMPLETE,1,False,True,1f87b9c40341f41c01981237932981ab2f212370d179974d0ea080037104ee0d,31ab8890bcd7e983235ae79b2f3d357354ec424d38d697c57183670540fd12a0
R6_reacher_08adec0f89aa2befc53c51f6,REFIT_103201,R4_ALT_CEM_1,REPEAT3_REALACT,COMPLETE,1,False,True,b785dd6faf8ab515444166e1fb006c5da8d20e94898e51c7ed81183553a07c2e,31ab8890bcd7e983235ae79b2f3d357354ec424d38d697c57183670540fd12a0
R6_reacher_08adec0f89aa2befc53c51f6,REFIT_103201,R4_ALT_CEM_2,H_POLICY,FRESH_PAIRED_CONTROL,1,False,,68647d53510e7af53ef413c47de12a76b381da73349a3cd270893efde2202794,
R6_reacher_08adec0f89aa2befc53c51f6,REFIT_103201,R4_ALT_CEM_2,REAL3_NULLACT,COMPLETE,1,False,True,dfbe9ff47f8ea6eb9c10a43b861381b6cc40a93f6e3f6cb15f489ebeb3b2511a,7535eca950facc2d47e52680c48181dabb83de8ba1c51302e9900d4052e1c713
R6_reacher_08adec0f89aa2befc53c51f6,REFIT_103201,R4_ALT_CEM_2,REPEAT3_REALACT,COMPLETE,1,False,True,686bceb2f9841635648de81547af65b3e8caf13a48ed074fa999bb6015b7a2a5,7535eca950facc2d47e52680c48181dabb83de8ba1c51302e9900d4052e1c713
R6_reacher_08adec0f89aa2befc53c51f6,REFIT_103202,R3_ORIGINAL,H_POLICY,FRESH_PAIRED_CONTROL,1,False,,78c940696b80e61ae58854cbc3c14cd8b4a441379a76fc47da957f1ba0abfa52,
R6_reacher_08adec0f89aa2befc53c51f6,REFIT_103202,R3_ORIGINAL,REAL3_NULLACT,COMPLETE,1,False,True,3ceb6902ffa8525037465ca3317002d40518901dadb9d476174011a4599ce652,1f305eb3fadb1833fa67c8d98b6c1730e32c92c5853876b5a46b5726a3e7bdac
R6_reacher_08adec0f89aa2befc53c51f6,REFIT_103202,R3_ORIGINAL,REPEAT3_REALACT,COMPLETE,1,False,True,7f24044f4778590ab3fdee3c52e31174cd44583f20425c9698c5d9c8d67c00c9,1f305eb3fadb1833fa67c8d98b6c1730e32c92c5853876b5a46b5726a3e7bdac
R6_reacher_08adec0f89aa2befc53c51f6,REFIT_103202,R4_ALT_CEM_1,H_POLICY,FRESH_PAIRED_CONTROL,1,False,,67f0ec8f269c1a8e572f2eb0a1c2d5a15609b23bb11bf1f1e14611ecd453ce47,
R6_reacher_08adec0f89aa2befc53c51f6,REFIT_103202,R4_ALT_CEM_1,REAL3_NULLACT,COMPLETE,1,False,True,15e4bd382c502d6a91277e3b6d2964d530881a45a97a690f60e9e099e6542b7a,ae2ba9a2296fd1bd6ab30b7394bb2b7636d3c73ad71a08cffa8a6ab73850a0a9
R6_reacher_08adec0f89aa2befc53c51f6,REFIT_103202,R4_ALT_CEM_1,REPEAT3_REALACT,COMPLETE,1,False,True,59faaed92102750cb3c84abb0637dca9730118f7c6bc9c451d3f39c31e1cb2ff,ae2ba9a2296fd1bd6ab30b7394bb2b7636d3c73ad71a08cffa8a6ab73850a0a9
R6_reacher_08adec0f89aa2befc53c51f6,REFIT_103202,R4_ALT_CEM_2,H_POLICY,FRESH_PAIRED_CONTROL,1,False,,c1c9600bfdb5b50e52e80bb5a1408c7351696be3969ed45bb0f82656598e54ea,
R6_reacher_08adec0f89aa2befc53c51f6,REFIT_103202,R4_ALT_CEM_2,REAL3_NULLACT,COMPLETE,1,False,True,73d353c48a81da1670e1bc5ca8aad6aeb74778d6af8867daa3f8566f8278bb24,97af66c6aa606b535c415d7a556b0348a9708f4e879b8849c1a5e9902ed51d6c
R6_reacher_08adec0f89aa2befc53c51f6,REFIT_103202,R4_ALT_CEM_2,REPEAT3_REALACT,COMPLETE,1,False,True,1a5213f1f791bda204fa8874caa0de2e55d44e27f80af0c0baf0ad3fbf174021,97af66c6aa606b535c415d7a556b0348a9708f4e879b8849c1a5e9902ed51d6c
R6_reacher_08adec0f89aa2befc53c51f6,REFIT_103203,R3_ORIGINAL,H_POLICY,FRESH_PAIRED_CONTROL,1,False,,81aff70d1dd847671c1d52b3b5bdbb54069d3338252be9d4fb27b09c6e1348a7,
R6_reacher_08adec0f89aa2befc53c51f6,REFIT_103203,R3_ORIGINAL,REAL3_NULLACT,COMPLETE,1,False,True,4968647727014669cc1c3e408cb139c83b04c3f2e594a95c6aaa10a6f628bf1f,ae8dea4bcdf24b0c12e5bf0670fe4128c78881b9e6a40cf61fb909fbd1204a95
R6_reacher_08adec0f89aa2befc53c51f6,REFIT_103203,R3_ORIGINAL,REPEAT3_REALACT,COMPLETE,1,False,True,ae54ba866fc57bd42f2e34ca50dc97f925f0b252eadc18bf367049d442a39e7f,ae8dea4bcdf24b0c12e5bf0670fe4128c78881b9e6a40cf61fb909fbd1204a95
R6_reacher_08adec0f89aa2befc53c51f6,REFIT_103203,R4_ALT_CEM_1,H_POLICY,FRESH_PAIRED_CONTROL,1,False,,a8ed8abd61afa62a6d0d3f102ab5b24152b18bbe7fb2ccb521e5fba1401dec95,
R6_reacher_08adec0f89aa2befc53c51f6,REFIT_103203,R4_ALT_CEM_1,REAL3_NULLACT,COMPLETE,1,False,True,b97e6abc52fed4ccf2aaf1bec3356c3d7829711e597fcff0757e24e7a49484ed,d6070920844f2dbdb91b65eedaf8e5f825416112594d1bc49d846a7b20826e37
R6_reacher_08adec0f89aa2befc53c51f6,REFIT_103203,R4_ALT_CEM_1,REPEAT3_REALACT,COMPLETE,1,False,True,3e25a473b4d1d296aa94fb32eacb77999aa72cda78e96578bbe496ce88d90b88,d6070920844f2dbdb91b65eedaf8e5f825416112594d1bc49d846a7b20826e37
R6_reacher_08adec0f89aa2befc53c51f6,REFIT_103203,R4_ALT_CEM_2,H_POLICY,FRESH_PAIRED_CONTROL,1,False,,2230017d4683bbe9fb6c64ca8d089485d4a3efeee8dd25fee74b3c3ab9c724b9,
R6_reacher_08adec0f89aa2befc53c51f6,REFIT_103203,R4_ALT_CEM_2,REAL3_NULLACT,COMPLETE,1,False,True,1ed04f4f9b8d933f027dbca30938ae38d3923826897621c0762d43fdc768907c,927a6a3803c0d8067c01f973e6d647f256d1b19ed95df21be889f934a3b65594
R6_reacher_08adec0f89aa2befc53c51f6,REFIT_103203,R4_ALT_CEM_2,REPEAT3_REALACT,COMPLETE,1,False,True,44ccb6ed5a1f52cfea127a687e06646023086531b113c80d5590590b74b33ace,927a6a3803c0d8067c01f973e6d647f256d1b19ed95df21be889f934a3b65594
R6_reacher_08e2de8457d9e13b5d9c4a01,H0,R3_ORIGINAL,H_POLICY,FRESH_PAIRED_CONTROL,1,True,,e158f5d0675c43e535b61dce0d6278f05a5a6095126f52709a316fa0f21f7683,
R6_reacher_08e2de8457d9e13b5d9c4a01,H0,R3_ORIGINAL,REAL3_NULLACT,COMPLETE,0,True,True,ee8e6d0f66ff4dbf3e8018a0b09730d50399299c69884f6677f961455a404179,72d02955abce0054be4aab3b1845d4f0d112fd17969f402592219f185d0b40cf
R6_reacher_08e2de8457d9e13b5d9c4a01,H0,R3_ORIGINAL,REPEAT3_REALACT,COMPLETE,1,True,True,42386025fa19379238fda7f6a02b90f55b8fe2ddac326cfe5cf77e25a88911aa,a87d2817635443229193bfece8e1cd393e40696485b390c7b37ee8b9f54ca47a
R6_reacher_08e2de8457d9e13b5d9c4a01,H0,R4_ALT_CEM_1,H_POLICY,FRESH_PAIRED_CONTROL,1,True,,afe3baff724e2f1a5d0634df29d1cccd8dd66243f101c55f9fe25fba12dffe09,
R6_reacher_08e2de8457d9e13b5d9c4a01,H0,R4_ALT_CEM_1,REAL3_NULLACT,COMPLETE,1,True,True,1d335072071fb5ed66bddeba06bdbf09d4b43d423a63bab75a616cd04164b855,2220ac76c9c89745aa8ce8a448c3aa2a3ab640942bf863631835f5cf3cbd6517
R6_reacher_08e2de8457d9e13b5d9c4a01,H0,R4_ALT_CEM_1,REPEAT3_REALACT,COMPLETE,1,True,True,375a33ecfcc1a32156f582912be80675424fdf4ed25d4706fede70f4874935fd,65704414785007cec0804f11a56fb206929323a33795e61901cc5f507d6918fc
R6_reacher_08e2de8457d9e13b5d9c4a01,H0,R4_ALT_CEM_2,H_POLICY,FRESH_PAIRED_CONTROL,0,True,,bd21ffe84b63830fb5549253d588e7f2f8a395ea09e5f7a7db1e1372c20d07c4,
R6_reacher_08e2de8457d9e13b5d9c4a01,H0,R4_ALT_CEM_2,REAL3_NULLACT,COMPLETE,1,True,True,3c803d93c30c9470bab0c1349d83efc51249871052ee499ae2fcc6fdbc239e54,350344bdf88853e20e5d4349c0b53e58495e1fc4a0c999a37b679e31ce2d735a
R6_reacher_08e2de8457d9e13b5d9c4a01,H0,R4_ALT_CEM_2,REPEAT3_REALACT,COMPLETE,0,True,True,d0722aa8fc36f58c1239e68bec9c1d77a810db9ff801c4014bf62886208a740f,4ef05dde2bd293de6263e638bdef265eb5e7e2c1fab50c622bf23c7a7d1d12d1
R6_reacher_08e2de8457d9e13b5d9c4a01,REFIT_103201,R3_ORIGINAL,H_POLICY,FRESH_PAIRED_CONTROL,1,True,,5ac751e7e51fd25b399a8c653cb11429e3d518f6c4f9e1e587582b0fdbf6709b,
R6_reacher_08e2de8457d9e13b5d9c4a01,REFIT_103201,R3_ORIGINAL,REAL3_NULLACT,COMPLETE,1,True,True,2ce14fd1ca71ce2e44713526e2bde0813eae8e05f1fd5f627e0bf38dd400ff44,56f51875f2e90d4907d8a0b13f02faee12307541ae7fc4bed9ba969040d0e91c
R6_reacher_08e2de8457d9e13b5d9c4a01,REFIT_103201,R3_ORIGINAL,REPEAT3_REALACT,COMPLETE,1,True,True,aff0f583e2f3b1708e5088de456213128acad4423df6e344bc91eee9678a6d65,6085070dc6105bb4e9c9209019d5cfcd50cc5ac50c56041be54219a363fc057f
R6_reacher_08e2de8457d9e13b5d9c4a01,REFIT_103201,R4_ALT_CEM_1,H_POLICY,FRESH_PAIRED_CONTROL,1,True,,86d1457299ef521cd2b6ccbc1e9eb8fbe2d5d4616b2b526511859ed69dd86371,
R6_reacher_08e2de8457d9e13b5d9c4a01,REFIT_103201,R4_ALT_CEM_1,REAL3_NULLACT,COMPLETE,1,True,True,33f0dcd0decc0ac8352cd36dcedc994a3953ef23eb8dc9ea8560bf27d52e51d2,e2cc378e348522b07cd70577ee28523880f692bce724b68dbdcfabb19420ddc7
R6_reacher_08e2de8457d9e13b5d9c4a01,REFIT_103201,R4_ALT_CEM_1,REPEAT3_REALACT,COMPLETE,1,True,True,f911cc15fceb153351668164ffdda6b4c9a121f65fb8b7b3417c0abe8e0cf9e6,1b8620151824b1509cb557641faf28d9544b7be16ae6c0f3006073323741cafd
R6_reacher_08e2de8457d9e13b5d9c4a01,REFIT_103201,R4_ALT_CEM_2,H_POLICY,FRESH_PAIRED_CONTROL,0,True,,3e62ec944ad1422168701f1af0b0ba5397f7a124e566d1d68b436bb8eac9435b,
R6_reacher_08e2de8457d9e13b5d9c4a01,REFIT_103201,R4_ALT_CEM_2,REAL3_NULLACT,COMPLETE,0,True,True,9dfe6bd63071701723012217e492e33d885b516efcea19ed0a43160091ca8364,6cb5c1dbaf43a35a864ebffc010a5c947de02669cde63ffce7707b2986648b8e
R6_reacher_08e2de8457d9e13b5d9c4a01,REFIT_103201,R4_ALT_CEM_2,REPEAT3_REALACT,COMPLETE,1,True,True,9d2ba257abbdfeae39c2d412608d9a9bfb0d52984f57278a700bca95f0423bb2,cd746afe73ba7cb9e1c845b97ce1ae2dcff63668e8f2bb7d94b685b5e3c6b51d
R6_reacher_08e2de8457d9e13b5d9c4a01,REFIT_103202,R3_ORIGINAL,H_POLICY,FRESH_PAIRED_CONTROL,1,True,,39c77f2e1f6c80ea8c963d9626f7f46d9b8b08db20f967430cff219b9a9970ae,
R6_reacher_08e2de8457d9e13b5d9c4a01,REFIT_103202,R3_ORIGINAL,REAL3_NULLACT,COMPLETE,1,True,True,3c4ef4241b433838b7883bf25e38de932104502fe9022761257e6c2d48971321,58c564ad02c69c2030b4c9eb3309dbc45dc4f402e5cbffdff496a5adbcd8467b
R6_reacher_08e2de8457d9e13b5d9c4a01,REFIT_103202,R3_ORIGINAL,REPEAT3_REALACT,COMPLETE,1,True,True,ea1cd4476a968f454f5e205b38383d824912debe82aabd38848d6696327be7db,03a03109d20622f1cbcb87bd2a7bb1a589e477b122fd73a5d40c5cf75e6c6014
R6_reacher_08e2de8457d9e13b5d9c4a01,REFIT_103202,R4_ALT_CEM_1,H_POLICY,FRESH_PAIRED_CONTROL,1,True,,0a31860dfca3663dcd4f3337d74d4bfb436062ab7b7cd1069fea7f2e2c688073,
R6_reacher_08e2de8457d9e13b5d9c4a01,REFIT_103202,R4_ALT_CEM_1,REAL3_NULLACT,COMPLETE,1,True,True,72314b4db0c2754dc5807aa823fcb1e514902c3c049698efaae8710048dbf8f1,be14212787a46b66043d7ee03d2eb38b1f7a2d5e8d2a7253a456f68e42a8b7cf
R6_reacher_08e2de8457d9e13b5d9c4a01,REFIT_103202,R4_ALT_CEM_1,REPEAT3_REALACT,COMPLETE,1,True,True,0c7721c9a8de0ce45aa5358b60f28ff51f76c1d363e163a229157fff42563b7c,068b787b7756b6cab28f3846902d053ca06678ed6cbb8a73a47791264fe24650
R6_reacher_08e2de8457d9e13b5d9c4a01,REFIT_103202,R4_ALT_CEM_2,H_POLICY,FRESH_PAIRED_CONTROL,1,False,,1de2a167b20d3feaed331dbee01c4b3e42cc0f06940a58a0e51a6fb1ecb6d837,
R6_reacher_08e2de8457d9e13b5d9c4a01,REFIT_103202,R4_ALT_CEM_2,REAL3_NULLACT,COMPLETE,1,False,True,aeb3696f04c4c0c739e0eab8abb26d265dc6d09705b70f2b1ded06100ca5f37c,ca6d81f1a8a1c524668532aefb4b67167456a7d632d4f7d7d50e0ca2141459e0
R6_reacher_08e2de8457d9e13b5d9c4a01,REFIT_103202,R4_ALT_CEM_2,REPEAT3_REALACT,COMPLETE,1,False,True,87137c51d37fd6f1198562a72537d0b9b07dc896a8880d6dc0627e285361e20d,ca6d81f1a8a1c524668532aefb4b67167456a7d632d4f7d7d50e0ca2141459e0
R6_reacher_08e2de8457d9e13b5d9c4a01,REFIT_103203,R3_ORIGINAL,H_POLICY,FRESH_PAIRED_CONTROL,0,True,,b431b189732fd5f66b3731214d502af5bf5fcc91e4a7c991868a1e6929d1cc39,
R6_reacher_08e2de8457d9e13b5d9c4a01,REFIT_103203,R3_ORIGINAL,REAL3_NULLACT,COMPLETE,1,True,True,af10635910c190f0d9e1175756932f4cf56d760fa84396fe697a5fa53fa864cd,94a7c71a9bc637e2978d0089566768d126da38ae56341e8375de34d4a3b0c656
R6_reacher_08e2de8457d9e13b5d9c4a01,REFIT_103203,R3_ORIGINAL,REPEAT3_REALACT,COMPLETE,1,True,True,b3baf14d76ce627e427f394121ad58676443e57dad62b767b896d3785a6a4b71,721861cc439fe5ed3c1550c3ffaacae8a9e380ff4c3689046c91ef57267c6db9
R6_reacher_08e2de8457d9e13b5d9c4a01,REFIT_103203,R4_ALT_CEM_1,H_POLICY,FRESH_PAIRED_CONTROL,1,True,,31d42a83adc11b4362e650e5dfa90dd4d4f2bf8c7e04ae7b0d7466c571800020,
R6_reacher_08e2de8457d9e13b5d9c4a01,REFIT_103203,R4_ALT_CEM_1,REAL3_NULLACT,COMPLETE,0,True,True,659bdfa96198fe36ca17e1a195f4ff40fe39b7bd7f57bf45aec5928ebd300b10,537443a05062f5151c98ddf572773f3c7b83a99fe010e3e785811384f7001856
R6_reacher_08e2de8457d9e13b5d9c4a01,REFIT_103203,R4_ALT_CEM_1,REPEAT3_REALACT,COMPLETE,1,True,True,4f163c9fadeed406fc42d65977105bfb263c61c8ea4e79208433429e1338b60c,e1d8793e867035c023cdd8867004cb6149d5a8c549889dd9f159c9839eaddb8f
R6_reacher_08e2de8457d9e13b5d9c4a01,REFIT_103203,R4_ALT_CEM_2,H_POLICY,FRESH_PAIRED_CONTROL,1,True,,31f14ea6490550deed17c640b30ce76dba4f762d2c79820f63601387206ce2fa,
R6_reacher_08e2de8457d9e13b5d9c4a01,REFIT_103203,R4_ALT_CEM_2,REAL3_NULLACT,COMPLETE,1,True,True,7bc606da3754bbc1261620526276bbed092a79d1f7a48a94c73f2f3e95b26e9a,0c64346b819671ea0f6827c11a2f428928fc4b6bd350a572d9fcce15dc3ac767
R6_reacher_08e2de8457d9e13b5d9c4a01,REFIT_103203,R4_ALT_CEM_2,REPEAT3_REALACT,COMPLETE,1,True,True,da244854583efb7c100343772cee60de6d72b90c3e777585e1957448150b4fc2,bf015bee54134d6e57400b2983492823d301d6b8bc1103e13650f16fcca87250
R6_reacher_08e532e2e16e5aa68e92e603,H0,R3_ORIGINAL,H_POLICY,FRESH_PAIRED_CONTROL,1,True,,622cc58da02d9d0417a2549b1cb3f453cc9d0df35ec222e628cd70d9349e6e3e,
R6_reacher_08e532e2e16e5aa68e92e603,H0,R3_ORIGINAL,REAL3_NULLACT,COMPLETE,1,True,True,dd2dbae0adb8f5fd29f3a2b53a84ee4ce252a68757e13be2e99aac0824cac8b8,9d4307807c8962d30f6f1726dd1209387c7094c6ad5ea828c6edf50994e6fad0
R6_reacher_08e532e2e16e5aa68e92e603,H0,R3_ORIGINAL,REPEAT3_REALACT,COMPLETE,1,True,True,5a2cb13ae212cba677b11a6780f89607130bf8c1be3731a33f2bf640fbe21859,e287747388e1270c157c20c2a4f18b67de2640c9133dbc9fc448b06628500ea2
R6_reacher_08e532e2e16e5aa68e92e603,H0,R4_ALT_CEM_1,H_POLICY,FRESH_PAIRED_CONTROL,1,False,,0ade33f6931b8b90a67ff7d8bfe0c2a306b9daa5d0b24a5217296e7246ce53d8,
R6_reacher_08e532e2e16e5aa68e92e603,H0,R4_ALT_CEM_1,REAL3_NULLACT,COMPLETE,1,False,True,dc8c7de7a919e109e3308c540548ae3cf428f5236fc13127d33a0fd39e1c5c2b,a4fe975078734c3ae0738fe85c084a8efa6b69faa9ce6c6533e44f11d1e56e24
R6_reacher_08e532e2e16e5aa68e92e603,H0,R4_ALT_CEM_1,REPEAT3_REALACT,COMPLETE,1,False,True,92eb8a59f87f1da809c4ab989dde2f1c05444db501e4d959bd46bd77843d6b19,a4fe975078734c3ae0738fe85c084a8efa6b69faa9ce6c6533e44f11d1e56e24
R6_reacher_08e532e2e16e5aa68e92e603,H0,R4_ALT_CEM_2,H_POLICY,FRESH_PAIRED_CONTROL,1,True,,fd0e7f3dec36eeb3ee60071743b77147f1418ba2c8a603c4e608e4eb67a6f4d1,
R6_reacher_08e532e2e16e5aa68e92e603,H0,R4_ALT_CEM_2,REAL3_NULLACT,COMPLETE,1,True,True,5e31302d2b5ba601856fc0738359f0e3b6cce9ef4e6965326e0ee80be34d443c,bcb558ffbebd6eb88b92dc78407e490888b499fca2d13176af3a569b8b142c73
R6_reacher_08e532e2e16e5aa68e92e603,H0,R4_ALT_CEM_2,REPEAT3_REALACT,COMPLETE,1,True,True,9a23d51df0a1edfe6f6bfc2fa0f00e5c20040d05718e57b53f667967e1e58344,148318985f4df032640373408ed1db3eeae91bf45051d61ecf59366f969f5e4f
R6_reacher_08e532e2e16e5aa68e92e603,REFIT_103201,R3_ORIGINAL,H_POLICY,FRESH_PAIRED_CONTROL,1,False,,6c4f4ce88f3f20ef28f147350d506d5a4479851cd4b20cc1d159901eab8962b5,
R6_reacher_08e532e2e16e5aa68e92e603,REFIT_103201,R3_ORIGINAL,REAL3_NULLACT,COMPLETE,1,False,True,bc94819db6cd75b6654486ec6b480f0c86a6bd29f12225ffa0e0a5e7f4d9d8b5,e5dfcdc5420cf0550c71d7326ce92b8d51a8671e92a2dda26d560de4adc30bdc
R6_reacher_08e532e2e16e5aa68e92e603,REFIT_103201,R3_ORIGINAL,REPEAT3_REALACT,COMPLETE,1,False,True,282a953729f1f310c566a8a0c90dbeeaeccd05f1f53645c757d941a3ad82ea8a,e5dfcdc5420cf0550c71d7326ce92b8d51a8671e92a2dda26d560de4adc30bdc
R6_reacher_08e532e2e16e5aa68e92e603,REFIT_103201,R4_ALT_CEM_1,H_POLICY,FRESH_PAIRED_CONTROL,1,False,,efa6d29444a40acabb8073fb915a0d65bfaf91797ee2546d93d7a58dae36ce19,
R6_reacher_08e532e2e16e5aa68e92e603,REFIT_103201,R4_ALT_CEM_1,REAL3_NULLACT,COMPLETE,1,False,True,468a8a225e2356fbf0ed5dc27d95bb47ec41d0438e9cc4adbac640cb71d013f1,b8c7cbfcbdb45e59729fd473f43afcf9b137fa76bb3c64dd85d74b29a1b0d571
R6_reacher_08e532e2e16e5aa68e92e603,REFIT_103201,R4_ALT_CEM_1,REPEAT3_REALACT,COMPLETE,1,False,True,1ef714f84dcaad219465f22b526a59f171d98797c1eb8bd14f072fbd5d9720ac,b8c7cbfcbdb45e59729fd473f43afcf9b137fa76bb3c64dd85d74b29a1b0d571
R6_reacher_08e532e2e16e5aa68e92e603,REFIT_103201,R4_ALT_CEM_2,H_POLICY,FRESH_PAIRED_CONTROL,1,False,,aae5fa02daf6adc9cdd9772a774a70ed23939e294250ea84112f477fd0c91d4f,
R6_reacher_08e532e2e16e5aa68e92e603,REFIT_103201,R4_ALT_CEM_2,REAL3_NULLACT,COMPLETE,1,False,True,4141d2291516d1d7d8838f42e99ee692ae50396c54bfcfa4fc83fad74430d4f4,ad168af722522eb2d75f96eedc77edd1b294ae728838db0cf5bf4f699708a6df
R6_reacher_08e532e2e16e5aa68e92e603,REFIT_103201,R4_ALT_CEM_2,REPEAT3_REALACT,COMPLETE,1,False,True,18d700ea7015a5135d2147a5ef3e069855ee1a877cda965adcafeffb469f5753,ad168af722522eb2d75f96eedc77edd1b294ae728838db0cf5bf4f699708a6df
R6_reacher_08e532e2e16e5aa68e92e603,REFIT_103202,R3_ORIGINAL,H_POLICY,FRESH_PAIRED_CONTROL,1,False,,cda72dbc58b2d778c9db44fd08afc42e5a2087c03fd01c436857c98e33d128b9,
R6_reacher_08e532e2e16e5aa68e92e603,REFIT_103202,R3_ORIGINAL,REAL3_NULLACT,COMPLETE,1,False,True,1914e3e5bf67bcde2aa77d16340a074ef606a58ed4c2148c1e9539d155e663f3,f2200ab3532711b9df039c10b9718bde31c092b4531bd230b8b88881befaef38
R6_reacher_08e532e2e16e5aa68e92e603,REFIT_103202,R3_ORIGINAL,REPEAT3_REALACT,COMPLETE,1,False,True,b939c6a09e21efcfb65bd888889f14f064990b31f9f8949b7cbd2ff953093dab,f2200ab3532711b9df039c10b9718bde31c092b4531bd230b8b88881befaef38
R6_reacher_08e532e2e16e5aa68e92e603,REFIT_103202,R4_ALT_CEM_1,H_POLICY,FRESH_PAIRED_CONTROL,1,False,,84a9cf9fff8eec009b66b4ff770bd68b4096f9d4c73945a25867b463ba661ace,
R6_reacher_08e532e2e16e5aa68e92e603,REFIT_103202,R4_ALT_CEM_1,REAL3_NULLACT,COMPLETE,1,False,True,4ccfdf901357cf2cee13ad67cb036119a83c799ada381299c8e83f3d3d5871b9,cac1a37f4008c30529b7cca812ade9658813c34f663044fb0761c51f32b4f3f1
R6_reacher_08e532e2e16e5aa68e92e603,REFIT_103202,R4_ALT_CEM_1,REPEAT3_REALACT,COMPLETE,1,False,True,f6ead3c1ab553cf34f3682e88d5e0186e13ff38af61c46352ec40d840992ed19,cac1a37f4008c30529b7cca812ade9658813c34f663044fb0761c51f32b4f3f1
R6_reacher_08e532e2e16e5aa68e92e603,REFIT_103202,R4_ALT_CEM_2,H_POLICY,FRESH_PAIRED_CONTROL,1,False,,6f8016b6ca081212e47ce0919f14dd94bf84b56e32b0c5949ebee46323a36773,
R6_reacher_08e532e2e16e5aa68e92e603,REFIT_103202,R4_ALT_CEM_2,REAL3_NULLACT,COMPLETE,1,False,True,63ad2bd5a308c44e861a6b1e63dfc71019379c5f97e78fb438cda265609f25a6,aee384d3831b616bfd93a13647b7c41aa185406e52e43de3b9e341fd7315b1f6
R6_reacher_08e532e2e16e5aa68e92e603,REFIT_103202,R4_ALT_CEM_2,REPEAT3_REALACT,COMPLETE,1,False,True,98b1651c807ef08ecd0918a0fd5ba1c3ba2c52d1e4d0482964956384d6bd5578,aee384d3831b616bfd93a13647b7c41aa185406e52e43de3b9e341fd7315b1f6
R6_reacher_08e532e2e16e5aa68e92e603,REFIT_103203,R3_ORIGINAL,H_POLICY,FRESH_PAIRED_CONTROL,1,True,,67c285fc7a51164ef89bd85a51b1cd0434508f99825db8a77f08b23778be907b,
R6_reacher_08e532e2e16e5aa68e92e603,REFIT_103203,R3_ORIGINAL,REAL3_NULLACT,COMPLETE,1,True,True,83bcbc72f8fa8b1c24a7ec970128fc7e64396f67450240e9f135bc2b7931a1bb,590b01e57eadf3730685caaea18a024e45656b0643d30a912e5454403beebfd7
R6_reacher_08e532e2e16e5aa68e92e603,REFIT_103203,R3_ORIGINAL,REPEAT3_REALACT,COMPLETE,1,True,True,92a1fca08a802da1475a015e2f32c329c7d79e8dfda4da3f31684b3553dcad69,c4ba93d651f828c548c5a40e0921d69e0eafd8fb421417a620c699e8889548c6
R6_reacher_08e532e2e16e5aa68e92e603,REFIT_103203,R4_ALT_CEM_1,H_POLICY,FRESH_PAIRED_CONTROL,1,False,,ffbc34169310e9642505c664e0043dff5cf884621b2c15e40e82dcae5222611b,
R6_reacher_08e532e2e16e5aa68e92e603,REFIT_103203,R4_ALT_CEM_1,REAL3_NULLACT,COMPLETE,1,False,True,0af2b40e3e24211eefea106980fe20f09736c2d52e77c635a184d58d827a90ff,198b4f8459b5a097d8ab31b384ee963d6148daa7e702691497ae455b16957a5a
R6_reacher_08e532e2e16e5aa68e92e603,REFIT_103203,R4_ALT_CEM_1,REPEAT3_REALACT,COMPLETE,1,False,True,bdb12df4e483176bc62d71739b4a702c4f988e293eeb0c67fcb9cb167ca1ef92,198b4f8459b5a097d8ab31b384ee963d6148daa7e702691497ae455b16957a5a
R6_reacher_08e532e2e16e5aa68e92e603,REFIT_103203,R4_ALT_CEM_2,H_POLICY,FRESH_PAIRED_CONTROL,1,False,,60fafad59efb471f34e6db43fd67f8ee17dcda1b69a88c006382a09c6c462775,
R6_reacher_08e532e2e16e5aa68e92e603,REFIT_103203,R4_ALT_CEM_2,REAL3_NULLACT,COMPLETE,1,False,True,a9e38833845bc33cb33f16edfa44d8dc0da919a9337165cc50dd51ea088d2f03,d2fbbf14fe732b70b2a91c656287e9a8579705d6120b8bf58d1936b19a792816
R6_reacher_08e532e2e16e5aa68e92e603,REFIT_103203,R4_ALT_CEM_2,REPEAT3_REALACT,COMPLETE,1,False,True,4e7805121f1a6d167bc617356e10568665069ab3a58bb881fd2693012f9c1f63,d2fbbf14fe732b70b2a91c656287e9a8579705d6120b8bf58d1936b19a792816
R6_reacher_08e583a8582de1c1b62e2f97,H0,R3_ORIGINAL,H_POLICY,FRESH_PAIRED_CONTROL,1,False,,8f1edfad4ec701be1bd3a84df2129c061d7a0a741f5e3dcb3799a870ed3bcdba,
R6_reacher_08e583a8582de1c1b62e2f97,H0,R3_ORIGINAL,REAL3_NULLACT,COMPLETE,1,False,True,193b4fd31eb661bdfad9341bc5592f35a06bb4046b9af2010b34e04ef309a58c,dfd939cdf033dd3cb95e518215f060e01a9861a93deb92ac5a762c4a487fef92
R6_reacher_08e583a8582de1c1b62e2f97,H0,R3_ORIGINAL,REPEAT3_REALACT,COMPLETE,1,False,True,f400f5fa9e7a00a6956eebf0763af313f0762333823a9ebac18937fce0dde8bd,dfd939cdf033dd3cb95e518215f060e01a9861a93deb92ac5a762c4a487fef92
R6_reacher_08e583a8582de1c1b62e2f97,H0,R4_ALT_CEM_1,H_POLICY,FRESH_PAIRED_CONTROL,1,False,,90882488c5ab4db1feba0da715ba7ed90844befec50065343359622f0cbe6173,
R6_reacher_08e583a8582de1c1b62e2f97,H0,R4_ALT_CEM_1,REAL3_NULLACT,COMPLETE,1,False,True,70c174ae699840ef6045dd7c72febc297da1ace0bb0111f57882da1337ca75f1,d631b8da2d5f8b4216d259b1d7dd97fa71b5ffaa9925bd4aeedcfc1cf297188b
R6_reacher_08e583a8582de1c1b62e2f97,H0,R4_ALT_CEM_1,REPEAT3_REALACT,COMPLETE,1,False,True,9554faaa0eda5126e295fccbe9a8d9bd59219341cb52e2694a3cbcfeb12c85a9,d631b8da2d5f8b4216d259b1d7dd97fa71b5ffaa9925bd4aeedcfc1cf297188b
R6_reacher_08e583a8582de1c1b62e2f97,H0,R4_ALT_CEM_2,H_POLICY,FRESH_PAIRED_CONTROL,1,False,,a6476e9458d9bcd0125acc1cfa12b0483c182fc3315d4dd48cce43ce968207c3,
R6_reacher_08e583a8582de1c1b62e2f97,H0,R4_ALT_CEM_2,REAL3_NULLACT,COMPLETE,1,False,True,d35092ff95528e63f26f3ab4929c6e1937dfa02deab33f6d7450c06841f367ee,4c6480699332eae190c3d682e9d9428b21ece6fae0913f6af73b7e1782e4ff05
R6_reacher_08e583a8582de1c1b62e2f97,H0,R4_ALT_CEM_2,REPEAT3_REALACT,COMPLETE,1,False,True,d45c2b5662c069e0e15795c01217a4f16061bb54c0b1b00a513b85a0acb76582,4c6480699332eae190c3d682e9d9428b21ece6fae0913f6af73b7e1782e4ff05
R6_reacher_08e583a8582de1c1b62e2f97,REFIT_103201,R3_ORIGINAL,H_POLICY,FRESH_PAIRED_CONTROL,1,False,,f0bccaf56224e8d120491c991e7bed6e5622ef1a1f3133a0d61af50fca86459c,
R6_reacher_08e583a8582de1c1b62e2f97,REFIT_103201,R3_ORIGINAL,REAL3_NULLACT,COMPLETE,1,False,True,4f9ce72ee68c54dbd8dce1a9941f4b59b8ec65adbee718186248e6d99ab2f17e,12db0734e8d94ef160c12537c4e94b8fd06560dab6a66905e38f9ac77a6550be
R6_reacher_08e583a8582de1c1b62e2f97,REFIT_103201,R3_ORIGINAL,REPEAT3_REALACT,COMPLETE,1,False,True,3840effc8823df0a9a13305bb10ce7a8300229435c1f26ed141ee328a46ac02b,12db0734e8d94ef160c12537c4e94b8fd06560dab6a66905e38f9ac77a6550be
R6_reacher_08e583a8582de1c1b62e2f97,REFIT_103201,R4_ALT_CEM_1,H_POLICY,FRESH_PAIRED_CONTROL,1,False,,4fde324ecf3a07a71cb1278d27268c073ad44a994caf095b4d3e1141e20d1c25,
R6_reacher_08e583a8582de1c1b62e2f97,REFIT_103201,R4_ALT_CEM_1,REAL3_NULLACT,COMPLETE,1,False,True,b7b16d56a67978eac4f9530486940020e33c168719fa0e43786691474ee1973c,5a67c8721af7c2a54807a387f049ca7152e40af36b4dbadb7da75f088f468cea
R6_reacher_08e583a8582de1c1b62e2f97,REFIT_103201,R4_ALT_CEM_1,REPEAT3_REALACT,COMPLETE,1,False,True,b17aa04d4fea64a0f36a1c5708d5490310bd5412ff9809a485c4d7924171b94b,5a67c8721af7c2a54807a387f049ca7152e40af36b4dbadb7da75f088f468cea
R6_reacher_08e583a8582de1c1b62e2f97,REFIT_103201,R4_ALT_CEM_2,H_POLICY,FRESH_PAIRED_CONTROL,1,False,,7b8a859986e3b82c801b49acada410573397c2d4fe82d27a65dba11206ab66e2,
R6_reacher_08e583a8582de1c1b62e2f97,REFIT_103201,R4_ALT_CEM_2,REAL3_NULLACT,COMPLETE,1,False,True,1ddc02667a3fbff9c85d21a63d6fd588e24977aeab161130a5fcfd20db96f354,18ee75cb2964f66edae97496237a8c9f8ed3f90b87cb1993eb081e1bc434bd0d
R6_reacher_08e583a8582de1c1b62e2f97,REFIT_103201,R4_ALT_CEM_2,REPEAT3_REALACT,COMPLETE,1,False,True,ec90c8a96eccbd2f8c1cdb8390c034ccb0779045195ba85ca8b61b50ec0003bb,18ee75cb2964f66edae97496237a8c9f8ed3f90b87cb1993eb081e1bc434bd0d
R6_reacher_08e583a8582de1c1b62e2f97,REFIT_103202,R3_ORIGINAL,H_POLICY,FRESH_PAIRED_CONTROL,1,True,,48de616997d614acc906542a2ee7395b51dedc8bf0347114cdd0180bd9c568f1,
R6_reacher_08e583a8582de1c1b62e2f97,REFIT_103202,R3_ORIGINAL,REAL3_NULLACT,COMPLETE,1,True,True,906ca88d64b568c9b995263a868362664b83b09b17d42dff476dc127fb5fe833,8911c783758c2cc3066889ea2671d82cd6093fe8d69fe9c1f5a753845e49cadb
R6_reacher_08e583a8582de1c1b62e2f97,REFIT_103202,R3_ORIGINAL,REPEAT3_REALACT,COMPLETE,1,True,True,ed5007ab3b73aaa18178bb35c2321f4412f884619fb106679485a8c3030a73f4,c5ef1bde16e6b9e1cf4058c58fc067b9dbf4e71c3b66ffa2e6620b10bf55df44
R6_reacher_08e583a8582de1c1b62e2f97,REFIT_103202,R4_ALT_CEM_1,H_POLICY,FRESH_PAIRED_CONTROL,1,False,,39fd5fdfb1d770468d3d0524996c9745e9f1f0dbd928e436eee203f79487d835,
R6_reacher_08e583a8582de1c1b62e2f97,REFIT_103202,R4_ALT_CEM_1,REAL3_NULLACT,COMPLETE,1,False,True,b269cc7de34e8628712bcd49e43fbe64d3aaa01ffea819399d8764d27645241b,e3385b612373b6d741a155632411536eab5d18170ade12af41a4e30d96f4c5c9
R6_reacher_08e583a8582de1c1b62e2f97,REFIT_103202,R4_ALT_CEM_1,REPEAT3_REALACT,COMPLETE,1,False,True,022b809cacce76d46e665ba1c5ae8198f6ffd99079f23f455fa7c9e6f85a26bc,e3385b612373b6d741a155632411536eab5d18170ade12af41a4e30d96f4c5c9
R6_reacher_08e583a8582de1c1b62e2f97,REFIT_103202,R4_ALT_CEM_2,H_POLICY,FRESH_PAIRED_CONTROL,1,False,,9955bbc2d45213d805771b563153c0aee6dc91adea2796f8a9aa224c4f4270a8,
R6_reacher_08e583a8582de1c1b62e2f97,REFIT_103202,R4_ALT_CEM_2,REAL3_NULLACT,COMPLETE,1,False,True,568662bc4ab9a0a35ebc93b726bb21e06a7acc5a14cdfab29f0426c03ae04930,5a7d49be7c0334d748a80e1db319b2fb5337452e8c5e66ddcdfcfe7dfefa67b3
R6_reacher_08e583a8582de1c1b62e2f97,REFIT_103202,R4_ALT_CEM_2,REPEAT3_REALACT,COMPLETE,1,False,True,87fc27ef7983baa5fc0a9b162d3c99fbcbddf0d3faf62a4d714e4752c352d2c1,5a7d49be7c0334d748a80e1db319b2fb5337452e8c5e66ddcdfcfe7dfefa67b3
R6_reacher_08e583a8582de1c1b62e2f97,REFIT_103203,R3_ORIGINAL,H_POLICY,FRESH_PAIRED_CONTROL,1,False,,6ca52044b38a4cfcec18440444c7a5cb6393d4bea3f712b108191f5073b7b410,
R6_reacher_08e583a8582de1c1b62e2f97,REFIT_103203,R3_ORIGINAL,REAL3_NULLACT,COMPLETE,1,False,True,6d42c0ab3ac01654713e8c8acb3edaa728f88bb58f7d9e5fe830d4faa0940657,bd32475773c8e043e1c756241addd92f21daad3be613c42e405ee582e0dd2cce
R6_reacher_08e583a8582de1c1b62e2f97,REFIT_103203,R3_ORIGINAL,REPEAT3_REALACT,COMPLETE,1,False,True,06535cdecd5eb0be6ab07ad9c17205852d4149875f555517a26c2f4ed972c763,bd32475773c8e043e1c756241addd92f21daad3be613c42e405ee582e0dd2cce
R6_reacher_08e583a8582de1c1b62e2f97,REFIT_103203,R4_ALT_CEM_1,H_POLICY,FRESH_PAIRED_CONTROL,1,False,,2fe60078232540854145631e321cdfa08ae759503f2324f0855683380c956646,
R6_reacher_08e583a8582de1c1b62e2f97,REFIT_103203,R4_ALT_CEM_1,REAL3_NULLACT,COMPLETE,1,False,True,629cf17abbd6b96e8329b8ef81dd7583553526c6ff825d55359e479524d99d69,51896d3b1f8dbe5688c8685abfab8ef4bf4a3491bc1b53ec3b92421574814afe
R6_reacher_08e583a8582de1c1b62e2f97,REFIT_103203,R4_ALT_CEM_1,REPEAT3_REALACT,COMPLETE,1,False,True,355eb04b96ff5403d3c64ea297416454383f900a1514c4605597b5e4df75af73,51896d3b1f8dbe5688c8685abfab8ef4bf4a3491bc1b53ec3b92421574814afe
R6_reacher_08e583a8582de1c1b62e2f97,REFIT_103203,R4_ALT_CEM_2,H_POLICY,FRESH_PAIRED_CONTROL,1,False,,8702e4a61d3e14733208cca0e53bc959c7c524a41a73087beb9945aafd7ec0ab,
R6_reacher_08e583a8582de1c1b62e2f97,REFIT_103203,R4_ALT_CEM_2,REAL3_NULLACT,COMPLETE,1,False,True,3d1a6a3537fcd6d998d299c5ab2c57d6becddb4e2eb667cbdf76bd9e9f3d2b17,03dd24696a8b9790cbdef2be77b243ef39bf28ccbe5787a71452cf0d2736835e
R6_reacher_08e583a8582de1c1b62e2f97,REFIT_103203,R4_ALT_CEM_2,REPEAT3_REALACT,COMPLETE,1,False,True,5b76ff0a28fd7c44d02833778223c068770f960c9457a676948ec46b2f3bcc74,03dd24696a8b9790cbdef2be77b243ef39bf28ccbe5787a71452cf0d2736835e
R6_reacher_08ea3c55a7fb98416d5450bc,H0,R3_ORIGINAL,H_POLICY,FRESH_PAIRED_CONTROL,0,True,,16b9a17c89598e4f6289b428ecb4898fb86798803d2a896fa02dd6ac7f11fef9,
R6_reacher_08ea3c55a7fb98416d5450bc,H0,R3_ORIGINAL,REAL3_NULLACT,COMPLETE,1,True,True,e69d0a9d5de0818ed858c3f88586f79f64a414dc9011b3284f67f5186ccc7d02,95fe2fbcc7fea15b60d1e4e1baff7441d349a5dfe762cc9b7d6da67e4efeff33
R6_reacher_08ea3c55a7fb98416d5450bc,H0,R3_ORIGINAL,REPEAT3_REALACT,COMPLETE,0,True,True,c52a8465dbd31175de23d780516dd8086cc588909f77eecfa26d2893b1f16ee7,dd256e583bd171fc6c41ab31eba6b3201884cdda6b1a42d241ece8bc8bd46575
R6_reacher_08ea3c55a7fb98416d5450bc,H0,R4_ALT_CEM_1,H_POLICY,FRESH_PAIRED_CONTROL,0,True,,89d94554ba53a1103f7ca2c6a37a6d262a536f15f890041a81d3a4597fd22b1f,
R6_reacher_08ea3c55a7fb98416d5450bc,H0,R4_ALT_CEM_1,REAL3_NULLACT,COMPLETE,1,True,True,4e3d89117d3ad950c295b140f76e1c89b7a785cfc6352765df9f1610e1a10c50,5438952a850b6ceed493c3d04f1e9ca316d70fa9206dc747ac7685eb619897ed
R6_reacher_08ea3c55a7fb98416d5450bc,H0,R4_ALT_CEM_1,REPEAT3_REALACT,COMPLETE,1,True,True,b1d66315db85ea281014397dc426bfca6a39c7ff5e052e2db66cd00e4c770e95,f3e7ff7d52931a3b47608be1f5d1bae78ff8d00611c83934b6b65e9e83fcb90f
R6_reacher_08ea3c55a7fb98416d5450bc,H0,R4_ALT_CEM_2,H_POLICY,FRESH_PAIRED_CONTROL,0,True,,5a1c98ca0a6e1c0cd34ec42ee83c9a3d9f9e6f6bccd7f0383ae891e97f57be31,
R6_reacher_08ea3c55a7fb98416d5450bc,H0,R4_ALT_CEM_2,REAL3_NULLACT,COMPLETE,0,True,True,6bdb2f4aeaf4e6acc7a4311e9fd450d95a85c8cdc70a75cbe781a06f0e9837ca,b1e7f44f1eefac6f3fc817f89447c97cb6d8c9c7fb51e619f8cd31447a8e3387
R6_reacher_08ea3c55a7fb98416d5450bc,H0,R4_ALT_CEM_2,REPEAT3_REALACT,COMPLETE,1,True,True,ad3a36d2c6c084210e91b033de9a408a8243a7f6d009b6f293b8f858553b1d73,e1004eaa1cdf8276c21e38e64aba3aa2d3c873407e834344f5bed3a93e73d9b8
R6_reacher_08ea3c55a7fb98416d5450bc,REFIT_103201,R3_ORIGINAL,H_POLICY,FRESH_PAIRED_CONTROL,0,True,,49f6adfe6dd4b8ee91ccc3c6fb60b843ec53729de61fe40e8395ab919fa6ca0c,
R6_reacher_08ea3c55a7fb98416d5450bc,REFIT_103201,R3_ORIGINAL,REAL3_NULLACT,COMPLETE,0,True,True,c1e67c139afe2f525dd566f912c8ca69f800dac225f49ae18d68e6b41312f453,89d74441293ab68de875fb740b4b86fadfdb12b1436d02713d493df97f681383
R6_reacher_08ea3c55a7fb98416d5450bc,REFIT_103201,R3_ORIGINAL,REPEAT3_REALACT,COMPLETE,1,True,True,bec8aaf55ae98dd586057ec2c536db61868af807a9cba367a2a9ae08d500d3c5,6f322c05bf7adaaf293be2bb622ed896026e7ad8282ffd9f19e7683c7302cde3
R6_reacher_08ea3c55a7fb98416d5450bc,REFIT_103201,R4_ALT_CEM_1,H_POLICY,FRESH_PAIRED_CONTROL,1,False,,1cf47310cb38290f7f3c4ed8fe3e37b1ae7fdab5cb5bb343fc585d15f1ef4ce2,
R6_reacher_08ea3c55a7fb98416d5450bc,REFIT_103201,R4_ALT_CEM_1,REAL3_NULLACT,COMPLETE,1,False,True,3901c525fa547f95b453e4fba546ac3b8bf94d72b270b2ca7cf41dd6473ad939,290dfbc3dd65f236880af6d1d61e2319ce385b01bf85da1a6c86a394d7856cb0
R6_reacher_08ea3c55a7fb98416d5450bc,REFIT_103201,R4_ALT_CEM_1,REPEAT3_REALACT,COMPLETE,1,False,True,9d80a0e8c5a8ee519387816644469a51b0a9331652aef8b8649303117f7803f8,290dfbc3dd65f236880af6d1d61e2319ce385b01bf85da1a6c86a394d7856cb0
R6_reacher_08ea3c55a7fb98416d5450bc,REFIT_103201,R4_ALT_CEM_2,H_POLICY,FRESH_PAIRED_CONTROL,1,True,,efbe428d3cee83c4702c19a2a356877aba3b35e29cf003b03b3b9678c8bb344c,
R6_reacher_08ea3c55a7fb98416d5450bc,REFIT_103201,R4_ALT_CEM_2,REAL3_NULLACT,COMPLETE,0,True,True,91222cb5d9deffe511c4f5c985177adca09b3b55a7e05cb7ef8e7239a6001464,eec3f62a6d6155ca97d336ce4ab81b843010d67b5638af6c2231cbc7ba55950d
R6_reacher_08ea3c55a7fb98416d5450bc,REFIT_103201,R4_ALT_CEM_2,REPEAT3_REALACT,COMPLETE,1,True,True,d766642d47c168bb5632525f54161c0f51c690d6a0cf60b9e04ff75e88c8e3b1,c1935b44eb6f15a0b1e0dd09690b1d15e533dd8d935be82dd24ebafe235db7e3
R6_reacher_08ea3c55a7fb98416d5450bc,REFIT_103202,R3_ORIGINAL,H_POLICY,FRESH_PAIRED_CONTROL,1,False,,4b1c3cbab5ac420a6d533857fcf56c43cd167075a90fd6b16d82027cac8b5b46,
R6_reacher_08ea3c55a7fb98416d5450bc,REFIT_103202,R3_ORIGINAL,REAL3_NULLACT,COMPLETE,1,False,True,4b498a10045a04c32ebf88064d69e58979150550dba8c6a07b19bc6c81b4be53,e0a682d3c43a75bccfb93baf7abbd22823276e6e01be4fe3339c7515590f4a6c
R6_reacher_08ea3c55a7fb98416d5450bc,REFIT_103202,R3_ORIGINAL,REPEAT3_REALACT,COMPLETE,1,False,True,8e28f18807143a8bfd10d833675f9aea03a93bd21f9f8ad2031240d627cc5c67,e0a682d3c43a75bccfb93baf7abbd22823276e6e01be4fe3339c7515590f4a6c
R6_reacher_08ea3c55a7fb98416d5450bc,REFIT_103202,R4_ALT_CEM_1,H_POLICY,FRESH_PAIRED_CONTROL,1,False,,7be67b35d9fcdad75d1ce23d1ab4c3eb56f6ff5619b265a1de8cc32cf9971755,
R6_reacher_08ea3c55a7fb98416d5450bc,REFIT_103202,R4_ALT_CEM_1,REAL3_NULLACT,COMPLETE,1,False,True,0632edbc6fa92edb1d8601364d4c57e29fc1e620f2a7fdf8e382a8555b41469c,e7525a3d69d615a5ac7b7e552a42f2d6057e286766f796c3702b8be721e3471d
R6_reacher_08ea3c55a7fb98416d5450bc,REFIT_103202,R4_ALT_CEM_1,REPEAT3_REALACT,COMPLETE,1,False,True,c446f745cbc38edcfb7fcce9ab01517a7435568bcd804ad1a2167cb076beac15,e7525a3d69d615a5ac7b7e552a42f2d6057e286766f796c3702b8be721e3471d
R6_reacher_08ea3c55a7fb98416d5450bc,REFIT_103202,R4_ALT_CEM_2,H_POLICY,FRESH_PAIRED_CONTROL,0,True,,6058f26c62c22059f9b71f962c3fac1d3b75edf27f8dba1dc46e33fdfdc59460,
R6_reacher_08ea3c55a7fb98416d5450bc,REFIT_103202,R4_ALT_CEM_2,REAL3_NULLACT,COMPLETE,1,True,True,0fd18bb8ad0552b33f9950b284318e2069f32af110a6a4c2f7d6c2cfdef43e04,b575a706cde8b3b332ac8eac9295c503bbebecf470d10125e5b7b67a288c2be8
R6_reacher_08ea3c55a7fb98416d5450bc,REFIT_103202,R4_ALT_CEM_2,REPEAT3_REALACT,COMPLETE,1,True,True,623783b89e3bea71df09dd71743391cd06736e52ef6e4959d3503ac198fde311,e254b3ea40ea7964db5856901a8723c999ab4fe3a9457b4fa219d940482a41fd
R6_reacher_08ea3c55a7fb98416d5450bc,REFIT_103203,R3_ORIGINAL,H_POLICY,FRESH_PAIRED_CONTROL,1,True,,6005aac8da584ec3006210dc371d174cd08812146dc3deb532a0e87e61690859,
R6_reacher_08ea3c55a7fb98416d5450bc,REFIT_103203,R3_ORIGINAL,REAL3_NULLACT,COMPLETE,0,True,True,a89db685e275b2beaf7cf105ea4fa3bad6d85c371addfca2248297bb5973a6f6,abceb149163145b9ddca0795f5dae6fd7e0866d9cfa3f94f288762a4fc2fdf28
R6_reacher_08ea3c55a7fb98416d5450bc,REFIT_103203,R3_ORIGINAL,REPEAT3_REALACT,COMPLETE,1,True,True,bc244447191b7c81773e836d57961a887d0c4e5cfb29715a93301a2289b20673,fd091b5ae9f498ca8fa6e6d4819a89d921c9f774de30c2bcdd6b4cb9bee0505c
R6_reacher_08ea3c55a7fb98416d5450bc,REFIT_103203,R4_ALT_CEM_1,H_POLICY,FRESH_PAIRED_CONTROL,1,True,,1165cce8826b5eb6aac3d590b5da5efb13260aef34d7751a9e2099d6082f1b20,
R6_reacher_08ea3c55a7fb98416d5450bc,REFIT_103203,R4_ALT_CEM_1,REAL3_NULLACT,COMPLETE,1,True,True,f4058e1ed1e0a3ab3f90030ad27e848ec17fd5789fca658d5ad4e9202a5dc1da,120ca60803a3acb450ea3c4a660b88c8ab8639e3e8705e9749583ef9dc11a288
R6_reacher_08ea3c55a7fb98416d5450bc,REFIT_103203,R4_ALT_CEM_1,REPEAT3_REALACT,COMPLETE,1,True,True,c9639bf949f15bdd4d4d72c039ac7c1592252598869e65fb9d1e47b4c0dc6f69,d0236a98285eb2bebd41b971808e85695aafa42692794d11e175610207249590
R6_reacher_08ea3c55a7fb98416d5450bc,REFIT_103203,R4_ALT_CEM_2,H_POLICY,FRESH_PAIRED_CONTROL,1,True,,d9ff39e6071b6b79b81908205a780a2d67dcb285ba4fe84f732a38747dc633dc,
R6_reacher_08ea3c55a7fb98416d5450bc,REFIT_103203,R4_ALT_CEM_2,REAL3_NULLACT,COMPLETE,1,True,True,a96743c40014216b2bfc8bfbf5d9c78980c2d14e3d7fa58c90acd5202278a712,a32012277d3681e57a184273f1ff027c3b88ccf489e23bee60d1db7eb88c2f18
R6_reacher_08ea3c55a7fb98416d5450bc,REFIT_103203,R4_ALT_CEM_2,REPEAT3_REALACT,COMPLETE,1,True,True,fcf8dc9d4347c2bb24b82d1af37ee400f51bb7ec8c60095ef1ffc0dcb5121228,206f162d9ce62a7b68c873cd3ee06a4711cba7c0b1fe9eb00ca216fac256c378
R6_reacher_08edd6141fcf2cc487e96efd,H0,R3_ORIGINAL,H_POLICY,FRESH_PAIRED_CONTROL,0,True,,9de4f2479b2b175feaf5d0689ceb2279f9593762365afa08853e8babd2a28ec9,
R6_reacher_08edd6141fcf2cc487e96efd,H0,R3_ORIGINAL,REAL3_NULLACT,COMPLETE,0,True,True,351b942c104bed2096c38478eb50f3ee94f28a914ca5af8cff10c9c829644a9f,a6c988747fd5e9b4009e2bb51745cd86ab2648cd144057a3d481808aba09f28f
R6_reacher_08edd6141fcf2cc487e96efd,H0,R3_ORIGINAL,REPEAT3_REALACT,COMPLETE,1,True,True,fe2cfc986ff2096ed4139ea2d6df688f30f26e08bdd5b633345f7b02973c6346,45a7cdd9d3102f3f8d5db5f31954fc3a32f31785bbd3be74ae0cbf2e486fd52f
R6_reacher_08edd6141fcf2cc487e96efd,H0,R4_ALT_CEM_1,H_POLICY,FRESH_PAIRED_CONTROL,1,True,,6d519400c213c0b7cb9e20a83bc11a1fe472077109d8467b78b1bdd849a9626c,
R6_reacher_08edd6141fcf2cc487e96efd,H0,R4_ALT_CEM_1,REAL3_NULLACT,COMPLETE,0,True,True,abbe0550b568c1cef6fefe9464c50f70b2aee263575c4a6bd82fd2d7a8a01231,544b5fec4b144e47faee3f1bf8ba63b45bacd265857b54563813f9b08be9b52d
R6_reacher_08edd6141fcf2cc487e96efd,H0,R4_ALT_CEM_1,REPEAT3_REALACT,COMPLETE,0,True,True,c5a64dff85634b2f147a431ef832b9e527c0d8d7535ddf683024856dde564cba,62b30a8f001f7739b1bf756a1d5e86702e8305854839da84e9796bbf8ed67b0c
R6_reacher_08edd6141fcf2cc487e96efd,H0,R4_ALT_CEM_2,H_POLICY,FRESH_PAIRED_CONTROL,1,True,,7515b6481f709e26d93140a6bfcc28e142b8e438bd031bfb0c8f62f7c9a1a5ac,
R6_reacher_08edd6141fcf2cc487e96efd,H0,R4_ALT_CEM_2,REAL3_NULLACT,COMPLETE,1,True,True,cc23984dd979ae6a9441939d36850fd0c693daf244cf8e21ed0effa59616cdb2,7f0ad12cc98f8e2715d7b73d550a86bf85e3bb3f9fecca1e386f0aefd1b50149
R6_reacher_08edd6141fcf2cc487e96efd,H0,R4_ALT_CEM_2,REPEAT3_REALACT,COMPLETE,0,True,True,a70d3be4ef2f43b9964e2a2d2d0919d1c2c8f4d1ccad25d2ea7a0d2a47f3a8fe,22b38131b0bb155d0c40a22df9f95882f6fb1d705f0a45fba259701db1eef40e
R6_reacher_08edd6141fcf2cc487e96efd,REFIT_103201,R3_ORIGINAL,H_POLICY,FRESH_PAIRED_CONTROL,1,True,,a1c7ceb0021b6cb9b72fa14d3973444e48d6d1a822dbdce1cb9e872a6b49bd50,
R6_reacher_08edd6141fcf2cc487e96efd,REFIT_103201,R3_ORIGINAL,REAL3_NULLACT,COMPLETE,1,True,True,25964be8f1764631985d7dc99213f3608733505579ebc0418af75c503237c898,c2ee98dc8ada42d926b9d6207b222270dd7010b2868e5993c4c9096592049a60
R6_reacher_08edd6141fcf2cc487e96efd,REFIT_103201,R3_ORIGINAL,REPEAT3_REALACT,COMPLETE,1,True,True,0d5129cc30897d4776065d18b5c5b0f5a0f2e2ed5a2fe928229acaad356d3d4e,77b143b71344a93520d80cae64d52808227d4a3737fa78e52c89019731b0de15
R6_reacher_08edd6141fcf2cc487e96efd,REFIT_103201,R4_ALT_CEM_1,H_POLICY,FRESH_PAIRED_CONTROL,1,True,,19220570d2e6e8cfeb886350d0eeecb54772a79ee81a20e5f3201010a8b65638,
R6_reacher_08edd6141fcf2cc487e96efd,REFIT_103201,R4_ALT_CEM_1,REAL3_NULLACT,COMPLETE,1,True,True,65395cfa8b66b64e8d4e4f71b422b0ffe675468c46c7793d44613d01e1855a63,3787893e0818227a574bae92a11a47ece3ca6fb6bb3d4b8e7911255f79d50197
R6_reacher_08edd6141fcf2cc487e96efd,REFIT_103201,R4_ALT_CEM_1,REPEAT3_REALACT,COMPLETE,1,True,True,de8f07703b966de67a9ebeefd38afb08126c0da4434abe34d034e079eff23533,ffb2e654435c3496b542aa48aa18e3436e9875a3349aad0af9332048ae91eb6c
R6_reacher_08edd6141fcf2cc487e96efd,REFIT_103201,R4_ALT_CEM_2,H_POLICY,FRESH_PAIRED_CONTROL,0,True,,95d401428f16456022acddc93411fd1beb481df3e0fe640767cc46ccdfb16760,
R6_reacher_08edd6141fcf2cc487e96efd,REFIT_103201,R4_ALT_CEM_2,REAL3_NULLACT,COMPLETE,1,True,True,345ef9be256ae6de3f7177be515f0275c287931cb8b1ff79d478df08c807917a,117841dc1839710ea1db4947dbf2a786c4f640c4257b12b0cadc80195c249963
R6_reacher_08edd6141fcf2cc487e96efd,REFIT_103201,R4_ALT_CEM_2,REPEAT3_REALACT,COMPLETE,1,True,True,58b2c046a4610cd184c683c40cccf4d7d395d16cdc0485c19e6bd0f665ee3624,98732cb63aafd87ee10bfb6b0e30cb80f080b8622ee0848b6fc49c188230ea00
R6_reacher_08edd6141fcf2cc487e96efd,REFIT_103202,R3_ORIGINAL,H_POLICY,FRESH_PAIRED_CONTROL,1,True,,4bc90cdc614cd80dc4e8b01c50a8844eacb46cd394f66d758b392f06896a14d2,
R6_reacher_08edd6141fcf2cc487e96efd,REFIT_103202,R3_ORIGINAL,REAL3_NULLACT,COMPLETE,1,True,True,f43cc976d144641c6f490c2bb81109a97b209a6f2c55ccae5be5d3592492e02e,e8810826c436629823f40a5a18435503503b80e568bd177ab6378470c730d87b
R6_reacher_08edd6141fcf2cc487e96efd,REFIT_103202,R3_ORIGINAL,REPEAT3_REALACT,COMPLETE,1,True,True,d5ddf50f17cd1db2c2ed4e6c6928fc8c32dc77e523293c864a409c697f311fcb,70ced9d7995289e5b14e39e69c868a82494615da911d28c927a44e4f089222ed
R6_reacher_08edd6141fcf2cc487e96efd,REFIT_103202,R4_ALT_CEM_1,H_POLICY,FRESH_PAIRED_CONTROL,1,True,,b09c9307b368b92f4ab5260fd2c9bb133ff44a84895c306e2fb24bd9c8b11055,
R6_reacher_08edd6141fcf2cc487e96efd,REFIT_103202,R4_ALT_CEM_1,REAL3_NULLACT,COMPLETE,0,True,True,fda12393cc18d6fe016ab494d2061b691a1df39f68f25d4c34ba0248883a8d25,3de5c702606a060ba6b977d9e295c2ca31c25d8152761f9933fad4d0d4c381c8
R6_reacher_08edd6141fcf2cc487e96efd,REFIT_103202,R4_ALT_CEM_1,REPEAT3_REALACT,COMPLETE,1,True,True,8d1094172c5eb6c2015c2c729597abb69cf807064482b0a06a04ec419cad14f4,5bccdf13916ba47f1b7a7595ecb018fc1ed158ce0aac717cf391344fcb7e86de
R6_reacher_08edd6141fcf2cc487e96efd,REFIT_103202,R4_ALT_CEM_2,H_POLICY,FRESH_PAIRED_CONTROL,1,True,,2f76b2651a8e80e867c00494022ce0037a6a71ea2f03bd3fc5a3300c69e96c58,
R6_reacher_08edd6141fcf2cc487e96efd,REFIT_103202,R4_ALT_CEM_2,REAL3_NULLACT,COMPLETE,1,True,True,19b119471a916066cd9b3d8cff15271a3679e49c4859091831489d5af934c77e,4a1d60b2d9de1e5511a1ff587641de42abb6ee5c19457575a9d9c6b638e0bba5
R6_reacher_08edd6141fcf2cc487e96efd,REFIT_103202,R4_ALT_CEM_2,REPEAT3_REALACT,COMPLETE,0,True,True,e09a5a5d138b6fd2bec311aa107f050fec38f96095223659d035d4a73ffaca60,950d806de31f16d67d1523b13a2395c8f87b150780ab01d8bc4575c99114d874
R6_reacher_08edd6141fcf2cc487e96efd,REFIT_103203,R3_ORIGINAL,H_POLICY,FRESH_PAIRED_CONTROL,1,True,,714af047c044f131927a8ff15c6fa1d761960874ded0ec3b0076fc5036ced12f,
R6_reacher_08edd6141fcf2cc487e96efd,REFIT_103203,R3_ORIGINAL,REAL3_NULLACT,COMPLETE,0,True,True,7eeb00a44e48289841ebe8a0953f2b2c47bef41baaf326487b7fb570ac9a1137,f60154629c07930600daaf23ca4b1243c205e9296fca7cc9abed07c573cb4e6b
R6_reacher_08edd6141fcf2cc487e96efd,REFIT_103203,R3_ORIGINAL,REPEAT3_REALACT,COMPLETE,1,True,True,b769beffd9da9dfaa324035879045d2f538d7cbc0c371eb7e6782c8f71752a0b,00bed3793e8d82a6e4040f42ce41f1614f74fa8d0cbd544583e7cc55807cb18a
R6_reacher_08edd6141fcf2cc487e96efd,REFIT_103203,R4_ALT_CEM_1,H_POLICY,FRESH_PAIRED_CONTROL,1,True,,7129af811023598674a48955407bbd1cb41aa1b4bf7e19d95ffa4c44625e376f,
R6_reacher_08edd6141fcf2cc487e96efd,REFIT_103203,R4_ALT_CEM_1,REAL3_NULLACT,COMPLETE,0,True,True,cb8d0f0e011b227f3f0ac295b0313044e1cd3e390712f4dd4a05a79ceff67518,3de1e5d302e759e543683f0836056d0efeda7527c0cabd3916b9055533fb394d
R6_reacher_08edd6141fcf2cc487e96efd,REFIT_103203,R4_ALT_CEM_1,REPEAT3_REALACT,COMPLETE,1,True,True,5d615cffb80dff28f63edc8777cfb88367b500a85c499af0345a27b87dfbb324,04448d69a7a6ccae262a188e07934ab213726a695855eeefd783dee093d928fa
R6_reacher_08edd6141fcf2cc487e96efd,REFIT_103203,R4_ALT_CEM_2,H_POLICY,FRESH_PAIRED_CONTROL,1,True,,6e3ca990a176fba385ee97f68e0ceca52b1afa5ee926ebb8ce70feed4f5ee68a,
R6_reacher_08edd6141fcf2cc487e96efd,REFIT_103203,R4_ALT_CEM_2,REAL3_NULLACT,COMPLETE,1,True,True,3d607e50807590909d713ed7dcd46608dc3f5dafd6f07a66b1a005915959d3a8,8166a9486b2900b4531acd4b75a05816b6ed4b74d91883bf3649a596eeffa598
R6_reacher_08edd6141fcf2cc487e96efd,REFIT_103203,R4_ALT_CEM_2,REPEAT3_REALACT,COMPLETE,1,True,True,55ae084d172103129d1d1a29291f3898f7a85250e64591ea449872d2b4fdd4ae,ee9467ca726794c6f9a8dd9b25ba6bc17a13149578a9149637d6f276fd381ce8
R6_reacher_090e387544f3b641157cea56,H0,R3_ORIGINAL,H_POLICY,FRESH_PAIRED_CONTROL,1,True,,abcc62b0c3b0cb72e55121f2900ec32c078f4e3baf889be1f62812d601f836c0,
R6_reacher_090e387544f3b641157cea56,H0,R3_ORIGINAL,REAL3_NULLACT,COMPLETE,1,True,True,01629e09ba06b714359261515e85536612603a7952a7a573f5ae889b35e6be53,c639f2e5388526c6344b015e56eb6574c8363016ba2487fbf1f9674dcc2eef6e
R6_reacher_090e387544f3b641157cea56,H0,R3_ORIGINAL,REPEAT3_REALACT,COMPLETE,1,True,True,c1fb26c965038a81f468681cb1ceec697cbbb24e108279eec4d58f493051ac56,6c48968a0eb9614a963026ed5c1505928b5a49248849e846eb9d54a9f2f04f60
R6_reacher_090e387544f3b641157cea56,H0,R4_ALT_CEM_1,H_POLICY,FRESH_PAIRED_CONTROL,0,True,,8dbd0e09e5e1d8be23e10f5a9b26e33f3a652a2f23532ecade45acac87226d16,
R6_reacher_090e387544f3b641157cea56,H0,R4_ALT_CEM_1,REAL3_NULLACT,COMPLETE,1,True,True,86fdc7efa10a3d24502c4d973e7d17b1b65f1ef84fa04626c93b4c08dc33687f,9b45f870aa48c86aa233bcf7b899724573c91a90b3b059d78230e4bde4c0dfbe
R6_reacher_090e387544f3b641157cea56,H0,R4_ALT_CEM_1,REPEAT3_REALACT,COMPLETE,1,True,True,c78393028a3ba97897bc6863bbe132101ed6beccfb819d9a466f9aae87c9d9c0,5cade7d72e0e4fadd2fc315c1ee5a2a03077a6805cc208e7c35907933365f5e6
R6_reacher_090e387544f3b641157cea56,H0,R4_ALT_CEM_2,H_POLICY,FRESH_PAIRED_CONTROL,0,True,,0a6d246ce831006e4c2c5a1654b0634fdfcaa55b160c1c949a0121980ca473e2,
R6_reacher_090e387544f3b641157cea56,H0,R4_ALT_CEM_2,REAL3_NULLACT,COMPLETE,0,True,True,34266c69a6d54989d27377a92ac8b131fb91c990a2d144d760399e4357c89122,eed6ea254c42374c7daaf6d89c19a4d975ccaa656d9f7d07b5ceeac80bb10f42
R6_reacher_090e387544f3b641157cea56,H0,R4_ALT_CEM_2,REPEAT3_REALACT,COMPLETE,1,True,True,d6a71a106f67910d79846a5ec72fa0f917183e14f31892cc09e97c0cafcc5545,53daffde0a2efb8b3831fcb67e88f7145abb3018911e2a4045c991136fe28928
R6_reacher_090e387544f3b641157cea56,REFIT_103201,R3_ORIGINAL,H_POLICY,FRESH_PAIRED_CONTROL,1,True,,248429ef5b039060f9c6edd6ac1040d9e6c4c090617b9de5907d7979d74b9fa6,
R6_reacher_090e387544f3b641157cea56,REFIT_103201,R3_ORIGINAL,REAL3_NULLACT,COMPLETE,1,True,True,bb9f0c1787ae37b08790fff15d6b2bf7ecab88f3bab7d9c8a1de83d6f598d598,311e9ae1865ff0cb98e2655cfd3c823e1e5a11bb65a413a6b70fba34eb6aadf3
R6_reacher_090e387544f3b641157cea56,REFIT_103201,R3_ORIGINAL,REPEAT3_REALACT,COMPLETE,1,True,True,478b89747ea1fc7f46c2882483c3e6146635053dd0553687cbdb5260c1c9f60c,67ce826cd2b041253c40941c1b611d13c9c9501a69cb2ab8013dfdbc314e59c7
R6_reacher_090e387544f3b641157cea56,REFIT_103201,R4_ALT_CEM_1,H_POLICY,FRESH_PAIRED_CONTROL,0,True,,8dd371e212370dab732d5f6c4ce14dfc02de9d4e9afef6e2851322ad148f6501,
R6_reacher_090e387544f3b641157cea56,REFIT_103201,R4_ALT_CEM_1,REAL3_NULLACT,COMPLETE,0,True,True,caa69069b88bcd6ab13d3a965eabcf62398002fac90426b8a65b919d5e1fedf1,025fd169c086228d730318fec44ad1f34bf0df527e0ebe8fdc445b09a9961d72
R6_reacher_090e387544f3b641157cea56,REFIT_103201,R4_ALT_CEM_1,REPEAT3_REALACT,COMPLETE,1,True,True,602b0802fe98073a54807c23dc5d87f9926cb6fdb59d3feff261cc6c5320d964,d62c5cd6088a4cb48f6bd1a8b771cf620219fd02177e089d1cb07f5ea4877074
R6_reacher_090e387544f3b641157cea56,REFIT_103201,R4_ALT_CEM_2,H_POLICY,FRESH_PAIRED_CONTROL,1,True,,f84facc9cd9da47b4e69468f50fd8dce64b2423b758dcaf0abaec4ef5e822ce3,
R6_reacher_090e387544f3b641157cea56,REFIT_103201,R4_ALT_CEM_2,REAL3_NULLACT,COMPLETE,0,True,True,90371ea8a8738ee6c0b7a50fd901be69dc8a0c1d5a21924adc427a8e9a70a935,52b10251c720041a07cc6bb209264ae5f7224cee0229c0c073c6da6b87fc0f39
R6_reacher_090e387544f3b641157cea56,REFIT_103201,R4_ALT_CEM_2,REPEAT3_REALACT,COMPLETE,1,True,True,15b91c1806eea65d9c8da3b32b50059ad934d62b6b2c646ea0376c91101e4ff6,6996250c2182cc7fde4a696d180e5e5bc2c6ed88766345a354ac00e48a9361ab
R6_reacher_090e387544f3b641157cea56,REFIT_103202,R3_ORIGINAL,H_POLICY,FRESH_PAIRED_CONTROL,1,True,,ab4a0e060ff25606f577b41946a18abb521f4d2a360b064b796045f130fccc16,
R6_reacher_090e387544f3b641157cea56,REFIT_103202,R3_ORIGINAL,REAL3_NULLACT,COMPLETE,1,True,True,b6a7f8c131ce68af11c5a96341b90772368a7b8752ad7b3f0a5669138ca6ed28,efee2c88ea2e9e468e50b4dadb33ac79d3565817928ae413f95b2cf85ede1d94
R6_reacher_090e387544f3b641157cea56,REFIT_103202,R3_ORIGINAL,REPEAT3_REALACT,COMPLETE,1,True,True,1979f14836fb3402d3fcffde93e26867f657070f485aeb53b70fa8f31d1c0cd9,fede1c9766921f12b48550887838e3477b59fad6bd06bdafabb4254d32e9fa9e
R6_reacher_090e387544f3b641157cea56,REFIT_103202,R4_ALT_CEM_1,H_POLICY,FRESH_PAIRED_CONTROL,0,True,,cd7fff6ba1452f2bbf0c7014eb03a692c21d9cce9c616174b310e772d3e02ec7,
R6_reacher_090e387544f3b641157cea56,REFIT_103202,R4_ALT_CEM_1,REAL3_NULLACT,COMPLETE,1,True,True,c1af1c860ac9b800b73f550d9776f549f5058750623ce7a82b6881e5a5a67f21,7131a90c14c88074eecb020be3b3cabbf2324d93fb6f7f89c366df47868a33d2
R6_reacher_090e387544f3b641157cea56,REFIT_103202,R4_ALT_CEM_1,REPEAT3_REALACT,COMPLETE,1,True,True,cb49f786ef7bb35796c9f75455dfb8a1091a477c3dafc4d4d0e1ca357537602b,94371caaef988027ed9b3a9bda5d89c359054b8c4455892c4072c411cbe98e21
R6_reacher_090e387544f3b641157cea56,REFIT_103202,R4_ALT_CEM_2,H_POLICY,FRESH_PAIRED_CONTROL,1,True,,7ae76c063d438925010d115687ac73265d9d3dd2572045707a4d021b5428f276,
R6_reacher_090e387544f3b641157cea56,REFIT_103202,R4_ALT_CEM_2,REAL3_NULLACT,COMPLETE,1,True,True,e2af6bdf9c14999c71338c4e8b34531afd0da84dd3e07b742251110d36f803cc,4ce94ee3bc79db4658a3a973ed68fbc1357872bd0183096f732bfcb1d5e09b34
R6_reacher_090e387544f3b641157cea56,REFIT_103202,R4_ALT_CEM_2,REPEAT3_REALACT,COMPLETE,1,True,True,5cfc0bac227989f3db891396db7c4075253cb4fdcaac70b547c2d6a68dc75243,d5c1c0e43608d84d451aa1a8e1ca040aab78774a2c2ef3d9b39e607df4ee7869
R6_reacher_090e387544f3b641157cea56,REFIT_103203,R3_ORIGINAL,H_POLICY,FRESH_PAIRED_CONTROL,1,True,,16e598e14c1e1c3858cf35003471f52a0f15b0c5d7834c36e097d30114e9c5df,
R6_reacher_090e387544f3b641157cea56,REFIT_103203,R3_ORIGINAL,REAL3_NULLACT,COMPLETE,0,True,True,b336400abd2ac10983de90b8e6dcd895a0e6cb8d5577f8069e6659791041da0d,4afdc1513d1738b7d66a3a14d79445ea9646ae61c2fbd52b346f1bd4c614b516
R6_reacher_090e387544f3b641157cea56,REFIT_103203,R3_ORIGINAL,REPEAT3_REALACT,COMPLETE,1,True,True,840d51f06f94ae8bb8c983c5984919008c447f65ace8814adfa174fdea56826b,731979ff167380c92d06b14a45c0401312ee122d08cf8207edce44c47a44e566
R6_reacher_090e387544f3b641157cea56,REFIT_103203,R4_ALT_CEM_1,H_POLICY,FRESH_PAIRED_CONTROL,0,True,,9ad13ee07d0b3b57610236aed5822e036797d302d36f6282f56cabe0fc690f0b,
R6_reacher_090e387544f3b641157cea56,REFIT_103203,R4_ALT_CEM_1,REAL3_NULLACT,COMPLETE,0,True,True,9256d2cebec5e5e975a6cf0ec940163028b7c42fe9f93cd421330a6bb625cb9e,eb76a2a66b42dada1cccf5ca7d01e19119f16434e9c050db04aa03a5657cdfbf
R6_reacher_090e387544f3b641157cea56,REFIT_103203,R4_ALT_CEM_1,REPEAT3_REALACT,COMPLETE,1,True,True,96c7a2db224f8ec587bbbfbdff3543e4ea049a74d6b07f9b387df2bcfd904c2d,1323cb3d43c6a44a87016a74dbebef0cd606f0b52037ae012370304261832001
R6_reacher_090e387544f3b641157cea56,REFIT_103203,R4_ALT_CEM_2,H_POLICY,FRESH_PAIRED_CONTROL,1,True,,f293e07e9238d0ee9d415aa89f55caf0a7b5b65aa3340a39a3ddb15a2073288f,
R6_reacher_090e387544f3b641157cea56,REFIT_103203,R4_ALT_CEM_2,REAL3_NULLACT,COMPLETE,1,True,True,8b730a2e933fb38774a154f1d3f1c61323c6167c930c8eacfbf2f6c579cc616e,9def18730c8c344cabff1897856409bdbea60da8488e52eda986e6c800fcd17a
R6_reacher_090e387544f3b641157cea56,REFIT_103203,R4_ALT_CEM_2,REPEAT3_REALACT,COMPLETE,1,True,True,6e3283bc56f851690bb6a819e4b1fe239c1b12a82751e7fb6738c716bac9357c,2ac158ea574d4ddfc178da3961b170248cc09e0a1e1c59994b1a33c594d25914
R6_reacher_09129778869b8933020399b8,H0,R3_ORIGINAL,H_POLICY,FRESH_PAIRED_CONTROL,1,True,,0205fbbb7d1c5d28e0a566aba7d79fc8b66482a59d6538e2bf9b985981ba5d82,
R6_reacher_09129778869b8933020399b8,H0,R3_ORIGINAL,REAL3_NULLACT,COMPLETE,1,True,True,a56f1dd4611de8cf730edcd58c1c546bfe289b74cae66d3e3d9773135d6a90c6,f7300fc03af63fb8fd9c20d10085aa56d2cc3bf60ac42d23917c3f8835ebb78c
R6_reacher_09129778869b8933020399b8,H0,R3_ORIGINAL,REPEAT3_REALACT,COMPLETE,1,True,True,d55c7e05c07c9d30c13ac6478a569df27d70df3c2679e03c1eda2fe4374afbbd,a10ae4c8bc6f5ba1c45b5a42f4eb8a45611c196990441d1e4da9baed4f12b521
R6_reacher_09129778869b8933020399b8,H0,R4_ALT_CEM_1,H_POLICY,FRESH_PAIRED_CONTROL,1,True,,6937f3dd266cb466bda207ba7418aac7e68756a0a7ba3369436251f08882dac7,
R6_reacher_09129778869b8933020399b8,H0,R4_ALT_CEM_1,REAL3_NULLACT,COMPLETE,1,True,True,5a3caf0cd11b6fd7607bfbe2079c0c19a2387d75d96ab959e447554f8a966b70,d73ca350c86508e6e830189422da5620f82215393634ce3693f7dd4bde04046f
R6_reacher_09129778869b8933020399b8,H0,R4_ALT_CEM_1,REPEAT3_REALACT,COMPLETE,1,True,True,203e80dd74d8b1a8eb10a10af1341c8501aa5ba59029741f582aa309ab2c7ff9,c088ef2fb707bfdb6848e4121da44c75c7eae9554ff714361d5cad746c3d37a3
R6_reacher_09129778869b8933020399b8,H0,R4_ALT_CEM_2,H_POLICY,FRESH_PAIRED_CONTROL,1,True,,f7d162541fc4ea6513eecdcb81741ad456af20742e986588fefea96042148c40,
R6_reacher_09129778869b8933020399b8,H0,R4_ALT_CEM_2,REAL3_NULLACT,COMPLETE,1,True,True,d2c4957aff12ccba3531ffac803ee646a3621d6f21326a81fdbd7567f92af1e3,d9f61884823a7e1d6b24282fb5e78ba738684677c3f6145c403dd65602e7aff4
R6_reacher_09129778869b8933020399b8,H0,R4_ALT_CEM_2,REPEAT3_REALACT,COMPLETE,1,True,True,3d5ba6f3d68724f6ae04a0bb6d5c93e853dc754795da4a3526244384b249013c,e05ecd0db91ecd6c9bd6161ae292f6b6931bf38a6cdcc701b48b38272f752bf3
R6_reacher_09129778869b8933020399b8,REFIT_103201,R3_ORIGINAL,H_POLICY,FRESH_PAIRED_CONTROL,1,True,,6dbaab60c74f83cdddd6b1efedd140c58c7f5a94233646b1035d03fe53cbf2d3,
R6_reacher_09129778869b8933020399b8,REFIT_103201,R3_ORIGINAL,REAL3_NULLACT,COMPLETE,0,True,True,b3ec623227c41c324ee6750c6653b9bc3e1662347b6cb7c8f9046138d8e60180,0a5097aa0c78358b85f6e17aba99c5b31ce4e0c2117ceac2c071f02b84f1984c
R6_reacher_09129778869b8933020399b8,REFIT_103201,R3_ORIGINAL,REPEAT3_REALACT,COMPLETE,1,True,True,e0f7a11d0ba740feff9a411bf73a4906b6609916f2755b5ba91751e08397efa7,838648fbb7f83afb22e36ab80744383c7a496b1f15abf58773ed329e1a3d974b
R6_reacher_09129778869b8933020399b8,REFIT_103201,R4_ALT_CEM_1,H_POLICY,FRESH_PAIRED_CONTROL,1,True,,52b29d23f6e1409428d4949dbfcb9ff4f37bd7cb890352e73a61d786861dce49,
R6_reacher_09129778869b8933020399b8,REFIT_103201,R4_ALT_CEM_1,REAL3_NULLACT,COMPLETE,1,True,True,485db6d5a881129f01e758e135a680bbebb66940106b9d4dfff7473439d4ffc1,f5aab1f3ed55aec29edd1f4e9ab1c1149858ced38f9e6065b5e95d502a11fca9
R6_reacher_09129778869b8933020399b8,REFIT_103201,R4_ALT_CEM_1,REPEAT3_REALACT,COMPLETE,1,True,True,65993d26a55ab854f43c347a442731e88aa9ddf280cf3aaae399a7a4cc62a2b7,5e34dcf25167d599954801727e2d7c5565309c99302d44630b05b13967b5e242
R6_reacher_09129778869b8933020399b8,REFIT_103201,R4_ALT_CEM_2,H_POLICY,FRESH_PAIRED_CONTROL,1,True,,105216a610657012dedab7c568644979d476acb7949e66741db58c98e6639ba5,
R6_reacher_09129778869b8933020399b8,REFIT_103201,R4_ALT_CEM_2,REAL3_NULLACT,COMPLETE,1,True,True,6354f4cc7dbd07b5bc68e92fb49fea7bbee574390ea16349c5a6ab270dc759f6,b5ac0346c3c498a4d09a354e5429bfdcdbb0e907efbf6ee9cced3f1c3a79ba07
R6_reacher_09129778869b8933020399b8,REFIT_103201,R4_ALT_CEM_2,REPEAT3_REALACT,COMPLETE,1,True,True,01f8992c6118f5deea9bf504ee36ff7061370bdbb58bb1eec2c7c70238633193,b67ac61648ed3eb66c698269f1d9997ccd74a8a8538f85c185a88b3cebaa815d
R6_reacher_09129778869b8933020399b8,REFIT_103202,R3_ORIGINAL,H_POLICY,FRESH_PAIRED_CONTROL,1,True,,c1bbd7a1433bbcad8acd0d8b5dcfc009fd5f7bb7e5f581c2d253e3985a40c18d,
R6_reacher_09129778869b8933020399b8,REFIT_103202,R3_ORIGINAL,REAL3_NULLACT,COMPLETE,1,True,True,0cef0a8a57e78f04735829e1ff95cd967c1d5c6d20d77b3c16bd12e824dfb721,3da5705911eb144a4cd64497dd37ded4987656d12cff369951266676278f4d51
R6_reacher_09129778869b8933020399b8,REFIT_103202,R3_ORIGINAL,REPEAT3_REALACT,COMPLETE,1,True,True,6c64cf73bfd9122c1f689b5f6eb394a7882b93a21323f3ac36867ef331e90cde,8219b0703dfabaa0922efd068017593e18a27f562c223684f8497ae3e75064a0
R6_reacher_09129778869b8933020399b8,REFIT_103202,R4_ALT_CEM_1,H_POLICY,FRESH_PAIRED_CONTROL,1,True,,51ad6459deeb278af061d7a9093a5891cfbb73359dfd6a72aa629a99ca86aa78,
R6_reacher_09129778869b8933020399b8,REFIT_103202,R4_ALT_CEM_1,REAL3_NULLACT,COMPLETE,1,True,True,05378f69c188035e9c077da8414e5f07f38215449f48f1751bc1036effc1e580,6f4b6220f68aed11f88aaf641a86b743cef9e278c738e4dd6e53819b3c672641
R6_reacher_09129778869b8933020399b8,REFIT_103202,R4_ALT_CEM_1,REPEAT3_REALACT,COMPLETE,1,True,True,79f080d3a18dc850d79b7e108b56dad54843bd14bdccb9c094a60bd38a1ac28a,053e814633f69e68d608960c05b80e5aee6fe8b9d7cdcdfccf5495c008e442ad
R6_reacher_09129778869b8933020399b8,REFIT_103202,R4_ALT_CEM_2,H_POLICY,FRESH_PAIRED_CONTROL,1,True,,19914b43038c02fd4d1c6ceacc9688879345cdb12739e99dbbf1784eae1bf820,
R6_reacher_09129778869b8933020399b8,REFIT_103202,R4_ALT_CEM_2,REAL3_NULLACT,COMPLETE,1,True,True,ea4bb398d9d47c7739ce7ce8742082911c15ace4b9a175808c65cf354d97ef7b,2f18c215efdfdf313848f3a474a23cf01a1eeb7320c0a76be526636ebb3c0887
R6_reacher_09129778869b8933020399b8,REFIT_103202,R4_ALT_CEM_2,REPEAT3_REALACT,COMPLETE,1,True,True,1b96deb28d9044a0b828ac1a9be2d96a4511c7de2e3b4e4cae6a3fdd5dec3c6d,09aadf73ca0dd7a5ce9bd6ba86cd6dd93b56ab00c6f855575afe75c608831fae
R6_reacher_09129778869b8933020399b8,REFIT_103203,R3_ORIGINAL,H_POLICY,FRESH_PAIRED_CONTROL,1,True,,7983243aebf74d2c8d0e8768dba9eaacb1978f93fb14362db51a01c13900973a,
R6_reacher_09129778869b8933020399b8,REFIT_103203,R3_ORIGINAL,REAL3_NULLACT,COMPLETE,0,True,True,2c3ef9cca2aa5310dae6c44937ce04c2e34746069b5cefc3b0cb21ee03e7ba2b,08f0462b0f446298c889ee0ccde9e3e4dcd77fafe0aa4398199897ec643c17e5
R6_reacher_09129778869b8933020399b8,REFIT_103203,R3_ORIGINAL,REPEAT3_REALACT,COMPLETE,1,True,True,1790e90562be71b95f8ee853e6a413f4cafd78ca8635604385d117f131a313b1,671164c1b7ac5e343051e3e38d37ef9016b9506e21ce0519bc465a13cf2ad7c0
R6_reacher_09129778869b8933020399b8,REFIT_103203,R4_ALT_CEM_1,H_POLICY,FRESH_PAIRED_CONTROL,1,True,,c0ba040fabb15c0aa4e4c270aece48932fd34ef7d5b60734f9a46b236f0ff331,
R6_reacher_09129778869b8933020399b8,REFIT_103203,R4_ALT_CEM_1,REAL3_NULLACT,COMPLETE,1,True,True,7578f74642df75aa8b75ae7ee71421385ac1fa0f15531e4502bc70c12b8b0f7e,cb0dc7d3d5b2d8972f79d8f10d33480cb2881dd685afddba471100fb004eb070
R6_reacher_09129778869b8933020399b8,REFIT_103203,R4_ALT_CEM_1,REPEAT3_REALACT,COMPLETE,1,True,True,18c16c8c7963a7346e7ef2468e1ecb2df8625ec4d95e1ec960bc67efce145f5d,0f9b6a6e3a077e28089769420285041a19bc3adfe5d6bf4b81e0905f3a212cf7
R6_reacher_09129778869b8933020399b8,REFIT_103203,R4_ALT_CEM_2,H_POLICY,FRESH_PAIRED_CONTROL,0,True,,14b35ff18a5a5d02e40c608576e9baeece9bbcc7ff1093291b94f018fb206139,
R6_reacher_09129778869b8933020399b8,REFIT_103203,R4_ALT_CEM_2,REAL3_NULLACT,COMPLETE,0,True,True,3c84b4f867a9f9a98f80ee6927a8165a1977be374f3b6a85df1ea1bd7af1ad27,ddfa77784586ba5d767a1c4d159258948bcce5a151e84f21be987ddee67a4383
R6_reacher_09129778869b8933020399b8,REFIT_103203,R4_ALT_CEM_2,REPEAT3_REALACT,COMPLETE,1,True,True,070239e9f217d9ac1f93887fa883f3b0ed999a80b03f71099b47d7f72138eeef,292573c11291091468381929735db1099f16c6e489be4bca278547f7f49035e3
R6_reacher_0913f64b7826936e467d91e6,H0,R3_ORIGINAL,H_POLICY,FRESH_PAIRED_CONTROL,0,True,,13d0b0e16b4b38099d9915b409ed92779892ac55b2c979a30f1819cb8fc3206d,
R6_reacher_0913f64b7826936e467d91e6,H0,R3_ORIGINAL,REAL3_NULLACT,COMPLETE,0,True,True,2d8ee390acd100b353d8ae703fea967c59bc60a518091e6acbc494f6a6d8aef7,9570a8169d38d6cebb50e402840e948c5c4e9a03797fbdb1ee1802a885072a57
R6_reacher_0913f64b7826936e467d91e6,H0,R3_ORIGINAL,REPEAT3_REALACT,COMPLETE,1,True,True,bba4c643ce71e070bc1d355963fc568d13247469e2576a8652b33210d6ec2aba,d1ffa843f50bec09d981f30d69dab101a6033ff8e70b8b55803fb5e707d45121
R6_reacher_0913f64b7826936e467d91e6,H0,R4_ALT_CEM_1,H_POLICY,FRESH_PAIRED_CONTROL,1,True,,adfccc63f07a24ccdeaa86dde2a79598a60628aa4a5176f0bb22849154869336,
R6_reacher_0913f64b7826936e467d91e6,H0,R4_ALT_CEM_1,REAL3_NULLACT,COMPLETE,1,True,True,bdac97ea515c211ab34d8d24e1944aab85dc0be2dc6f11eb2d07428be1191b8d,0e783737614b0888c3d88dfad12d3e454a44e8ba52df9ef60a1f108832c5347f
R6_reacher_0913f64b7826936e467d91e6,H0,R4_ALT_CEM_1,REPEAT3_REALACT,COMPLETE,1,True,True,a5992412579c5db66a2f178acc7c29ad7a4b7e77cdbd5350eb250db7e310660c,e6d4da8b5010f29fed1a4af781ce08ad0cabd452633c88d6ce4861672efb3652
R6_reacher_0913f64b7826936e467d91e6,H0,R4_ALT_CEM_2,H_POLICY,FRESH_PAIRED_CONTROL,1,False,,79146013ad26dffdf81022ff948cf8ad5cbe986203f7d2cb384575562093a3b0,
R6_reacher_0913f64b7826936e467d91e6,H0,R4_ALT_CEM_2,REAL3_NULLACT,COMPLETE,1,False,True,44b867e53d13d27f09138918bac29a099e0ef6399c93869f32540ec182ce1c27,1681d25516e15469fb9fadfdcd3c39d6062b393b0ff8ff7a544adc0e2e258374
R6_reacher_0913f64b7826936e467d91e6,H0,R4_ALT_CEM_2,REPEAT3_REALACT,COMPLETE,1,False,True,390ad5e478ca6eccbc40f1f884908cbce4615966286945792d76b5afc2b808d3,1681d25516e15469fb9fadfdcd3c39d6062b393b0ff8ff7a544adc0e2e258374
R6_reacher_0913f64b7826936e467d91e6,REFIT_103201,R3_ORIGINAL,H_POLICY,FRESH_PAIRED_CONTROL,0,True,,d1d9c8d1d5ad160f45acc015a79759bbc456eca70a71c161b46911ff7414f69b,
R6_reacher_0913f64b7826936e467d91e6,REFIT_103201,R3_ORIGINAL,REAL3_NULLACT,COMPLETE,0,True,True,0889d976b2614ad91266643fea4c256d31e37460f64ee08b4f30bd7119e424c1,d0f8b2fe7ae742318d7fa09977764fe28982d88ccf00e0f85d0f38bf0e8e4a3a
R6_reacher_0913f64b7826936e467d91e6,REFIT_103201,R3_ORIGINAL,REPEAT3_REALACT,COMPLETE,1,True,True,fe15a7d80d1c44164013055ec2e13ff783a3f8f7ccc71ad9f611a06901a40e4f,3f8a89a3fa1711cdc7c99ebe36839efa9ed9ae3d97b4b0c3412ba8120452976b
R6_reacher_0913f64b7826936e467d91e6,REFIT_103201,R4_ALT_CEM_1,H_POLICY,FRESH_PAIRED_CONTROL,0,True,,4914c054d33ebd6565f089a82036efb14dd14686e023264c600a43821800224b,
R6_reacher_0913f64b7826936e467d91e6,REFIT_103201,R4_ALT_CEM_1,REAL3_NULLACT,COMPLETE,1,True,True,6dcbc9e62763f113bb9ecb5c3b2520eecff04ac18038434f3e0c3755e14087e5,c2ac41ada83aaf21df899b4bc16af6e7b65902bbf5e8853ad393445241ee13bc
R6_reacher_0913f64b7826936e467d91e6,REFIT_103201,R4_ALT_CEM_1,REPEAT3_REALACT,COMPLETE,1,True,True,323ee6487ce5a9913dcbe4dc6ffca55eac944c610d43fd6f3beec0a48c424d0c,867dec3ac7ddaefd27996fa38219db4a2a3e708b331c94ff45449b206ab4c4d0
R6_reacher_0913f64b7826936e467d91e6,REFIT_103201,R4_ALT_CEM_2,H_POLICY,FRESH_PAIRED_CONTROL,0,True,,7420bb52fb0ca633eb49b99f36bc75dbb4506d609237858d3e53bd8303e0b518,
R6_reacher_0913f64b7826936e467d91e6,REFIT_103201,R4_ALT_CEM_2,REAL3_NULLACT,COMPLETE,1,True,True,e7567b55fd14a96753c3dc1b2c950f7c50b623e7a56a7f582116af2ee7b2a675,f414ad3665edbd849bf7ad3e1bfd82f401e4592aa048af856419a9ac42566e10
R6_reacher_0913f64b7826936e467d91e6,REFIT_103201,R4_ALT_CEM_2,REPEAT3_REALACT,COMPLETE,1,True,True,c71a35b5fd3dc9522bbdc8b40e1d8c8ae8c21e9108d1fb78df25d220731ce70c,699113575fca7c1b10c95be162ef15e9156de3bc23f3e77fe59609b086c18d4d
R6_reacher_0913f64b7826936e467d91e6,REFIT_103202,R3_ORIGINAL,H_POLICY,FRESH_PAIRED_CONTROL,0,True,,80373bb892310664a1d5a17e9e6947010f8121e98ca6658ed62fce742df2639d,
R6_reacher_0913f64b7826936e467d91e6,REFIT_103202,R3_ORIGINAL,REAL3_NULLACT,COMPLETE,0,True,True,fec749c442f528e7d324d75dd1aea51596853d1893432d0660d0a4df81918b2b,2ccffac722c28326ff9978c4cf63c06a468d8b9976fbd6863ce308c5ea9aca58
R6_reacher_0913f64b7826936e467d91e6,REFIT_103202,R3_ORIGINAL,REPEAT3_REALACT,COMPLETE,1,True,True,f190ec8cb5f42cc89a3185b225729f77a5ae19ec94e8071752f240bd05ca1342,4464a5c2f5ef7a0ad334ab925725215fcc4d9bcdbe455636d5d056beadcf56d6
R6_reacher_0913f64b7826936e467d91e6,REFIT_103202,R4_ALT_CEM_1,H_POLICY,FRESH_PAIRED_CONTROL,1,True,,0da44347ed4a09c24211fc25327b94696f00b8db52c98363b7ce63bb987cd7c9,
R6_reacher_0913f64b7826936e467d91e6,REFIT_103202,R4_ALT_CEM_1,REAL3_NULLACT,COMPLETE,1,True,True,ec72edd527547a92ac6842a23720689592097b99343619350b778597b6650feb,0a2df14cab50af8cc2569f68ef585c98feb484f6adde2618e8cae551e43798ec
R6_reacher_0913f64b7826936e467d91e6,REFIT_103202,R4_ALT_CEM_1,REPEAT3_REALACT,COMPLETE,1,True,True,b6c0eae70f5cb4cef9abb69c94fde143656d3cb7bf8d849fc72f0df87587b16b,2142ed60d2ec97daf1151d746d185b66a3df8107016640a6c69e6f90dce90524
R6_reacher_0913f64b7826936e467d91e6,REFIT_103202,R4_ALT_CEM_2,H_POLICY,FRESH_PAIRED_CONTROL,1,True,,0e805a3d12d1aabb4fe6d7491bee8a9b895b3b388ef1e6d3a9059da72484fb6b,
R6_reacher_0913f64b7826936e467d91e6,REFIT_103202,R4_ALT_CEM_2,REAL3_NULLACT,COMPLETE,1,True,True,bbd5b8bd3444f16b8021392aca05ef7301a0dc2dc653b8d333f08e2928e6770c,bad1c0fcc29061b66d29da7aae202bc9dec4e8502927df050bf4d2f80755951a
R6_reacher_0913f64b7826936e467d91e6,REFIT_103202,R4_ALT_CEM_2,REPEAT3_REALACT,COMPLETE,1,True,True,04ac0cee9c6428657efab4a7910b5e7b18fe2a920fffb518936d7c28ae71ea78,d6df691dadcf089f29a79151d327d17fa045e62050fdc681fb66bb0cb928358d
R6_reacher_0913f64b7826936e467d91e6,REFIT_103203,R3_ORIGINAL,H_POLICY,FRESH_PAIRED_CONTROL,0,True,,1d3420cce5073a22e8365b679bec9d1909bd0e7db1c15e36c0ce0477ba11ed61,
R6_reacher_0913f64b7826936e467d91e6,REFIT_103203,R3_ORIGINAL,REAL3_NULLACT,COMPLETE,0,True,True,0014963f37351e69218448e0a8ec55f5c500fe1f7222e294024f652c346fb396,1236a0e99c7a6998a49b339a763ad85f82d4deb4787bccf74562e74161be155c
R6_reacher_0913f64b7826936e467d91e6,REFIT_103203,R3_ORIGINAL,REPEAT3_REALACT,COMPLETE,1,True,True,d02922c1a1366c26fc8b5559bb1e6da2c47f70068dc60fad2af9e174d17633bb,505613142c13b5e9ae240c3a383e6544468b2b54f9733d83a1e259f4456dc15e
R6_reacher_0913f64b7826936e467d91e6,REFIT_103203,R4_ALT_CEM_1,H_POLICY,FRESH_PAIRED_CONTROL,1,True,,a49d9e19c745a11702258171093651dc182e61f8ed10d693d993d3749ff1abcf,
R6_reacher_0913f64b7826936e467d91e6,REFIT_103203,R4_ALT_CEM_1,REAL3_NULLACT,COMPLETE,1,True,True,eba2a35ae6ed5d4e0f29f985b25bbd5f76782e2e7c3ceffe1a27bbd426767091,a2907d8cc0e570671f647141798fb1816e18039f9bf6725549d8bba0491d336f
R6_reacher_0913f64b7826936e467d91e6,REFIT_103203,R4_ALT_CEM_1,REPEAT3_REALACT,COMPLETE,1,True,True,6f529e7fb360e09ad5a9474ce8a4e72e057af8d9dd71507e105283555ff925ad,b9e820c710caca93ef3647312aeafbd48d93b3a712579724f9fc3194e3ee3bb4
R6_reacher_0913f64b7826936e467d91e6,REFIT_103203,R4_ALT_CEM_2,H_POLICY,FRESH_PAIRED_CONTROL,1,False,,4efdace8e16093dcc2d1433f5491ba60089e52e514f9d4e4b1e183d531619656,
R6_reacher_0913f64b7826936e467d91e6,REFIT_103203,R4_ALT_CEM_2,REAL3_NULLACT,COMPLETE,1,False,True,36a1b546d535f721756d8d274ca26eb1a8d4a712dd8f48beb5d1aa42c4f93067,75f4634837b093d8e2d14107a7bd395e74b61d38c232d9e1710ef2d41867b967
R6_reacher_0913f64b7826936e467d91e6,REFIT_103203,R4_ALT_CEM_2,REPEAT3_REALACT,COMPLETE,1,False,True,159ea88b531e17bf1f2b365420b671a0a1e1118d17cbb94d5c027c9b2c0d21cc,75f4634837b093d8e2d14107a7bd395e74b61d38c232d9e1710ef2d41867b967
R6_reacher_092eb479cf3e133d57041497,H0,R3_ORIGINAL,H_POLICY,FRESH_PAIRED_CONTROL,1,True,,003602eac9fd23a3e3bc090f91b21e5a05906151aca4dfb32fc1e44e68a087c9,
R6_reacher_092eb479cf3e133d57041497,H0,R3_ORIGINAL,REAL3_NULLACT,COMPLETE,1,True,True,89b95a4b78a628730f57b9835d82430f144d30db12b5afa7505e34b7b50bb074,90333c2fcf519467ce5c995a9bb8d2f2a40df412ff749501036c5698daf4e4a2
R6_reacher_092eb479cf3e133d57041497,H0,R3_ORIGINAL,REPEAT3_REALACT,COMPLETE,1,True,True,a935bbde03bfb2814a55ef3f00fb2e49a1d2bc9180310b4f56df0de8cd679d22,3ace754f40ae44876ed230f3ff9b915176b66f77ed06c284b8d02a8752d49d74
R6_reacher_092eb479cf3e133d57041497,H0,R4_ALT_CEM_1,H_POLICY,FRESH_PAIRED_CONTROL,1,True,,73c972000ac16823cfcce5c57e1f2c92e26d992a941d558e1eaa926678a19d54,
R6_reacher_092eb479cf3e133d57041497,H0,R4_ALT_CEM_1,REAL3_NULLACT,COMPLETE,1,True,True,a2460ce4c81a723e7d018620acd283a44e238e46d23e4ffcfe3233dc6584f3cb,770fc4ef6505688bc21de5a2bc98a7cb057385af1478177ccffa81e8e77de454
R6_reacher_092eb479cf3e133d57041497,H0,R4_ALT_CEM_1,REPEAT3_REALACT,COMPLETE,1,True,True,0fedad7396872e382d06d076927a00f0c0c2ff90db430b678aefbda4e40cad0f,bcb4549d0f3b0f7a59cae2db96dcbbf7ec49c44dd39369fe0e53dfd921dc4a3d
R6_reacher_092eb479cf3e133d57041497,H0,R4_ALT_CEM_2,H_POLICY,FRESH_PAIRED_CONTROL,1,False,,3b29320d67e406281f39d9d6520c5815da0c6ba9bc2cd287edc79e030bed2788,
R6_reacher_092eb479cf3e133d57041497,H0,R4_ALT_CEM_2,REAL3_NULLACT,COMPLETE,1,False,True,ce972f5ef19c848bfd40c8326ebfd99ed8dcd30a6e086a0778cf4082a1785d92,80dec304e707840814c67d9ff356eaa3cd506aa2172d9d32d22b003440e401bd
R6_reacher_092eb479cf3e133d57041497,H0,R4_ALT_CEM_2,REPEAT3_REALACT,COMPLETE,1,False,True,c7319f74413fd290f3886930d64714b8a8dcba9bf725f9f9da62a1a16505b4ca,80dec304e707840814c67d9ff356eaa3cd506aa2172d9d32d22b003440e401bd
R6_reacher_092eb479cf3e133d57041497,REFIT_103201,R3_ORIGINAL,H_POLICY,FRESH_PAIRED_CONTROL,1,False,,ab41b027daf3a10b78b03dea0d8efbb1dae9bf21ffddfcadf702d88eb6b48e4c,
R6_reacher_092eb479cf3e133d57041497,REFIT_103201,R3_ORIGINAL,REAL3_NULLACT,COMPLETE,1,False,True,1e142ba35a43f58df440c964d7cd9fad7862d85e8972f3dad98b20d92784899c,cdd498b96387c7c11485a3a4b301e49eb9a41e03cf613fcad71a00e4d725f7b8
R6_reacher_092eb479cf3e133d57041497,REFIT_103201,R3_ORIGINAL,REPEAT3_REALACT,COMPLETE,1,False,True,f9ccd5fc9b7cc8320a75fac8290d6b8aaeadf1cd5c38035f0d378cf6cb4fbed9,cdd498b96387c7c11485a3a4b301e49eb9a41e03cf613fcad71a00e4d725f7b8
R6_reacher_092eb479cf3e133d57041497,REFIT_103201,R4_ALT_CEM_1,H_POLICY,FRESH_PAIRED_CONTROL,0,True,,cff06ab0516da839f2ae3d1fef25fa3839c039fa369b9e00ed7946072489b19a,
R6_reacher_092eb479cf3e133d57041497,REFIT_103201,R4_ALT_CEM_1,REAL3_NULLACT,COMPLETE,1,True,True,f1fea3ec6c9db7de8a980151cbd74808cfefa0c8ac3894f59e9cc1029ca6dea6,e36b7e3af00c4efd5c7aa92f39b564f810af1a6b826565ca3915258ccd494343
R6_reacher_092eb479cf3e133d57041497,REFIT_103201,R4_ALT_CEM_1,REPEAT3_REALACT,COMPLETE,1,True,True,e9f868649daec87f5d70fe3761ca3b3f9dceb64ba307cdd99a10c39deeae00f6,0acbd5bfb17237c1ffc005acb166c2412c70099885708466dffee113b5bcd99a
R6_reacher_092eb479cf3e133d57041497,REFIT_103201,R4_ALT_CEM_2,H_POLICY,FRESH_PAIRED_CONTROL,1,False,,27001a1264a7869e8e888d64034f6621fa1f2a2af1aa9c4b57dfcdc39819465f,
R6_reacher_092eb479cf3e133d57041497,REFIT_103201,R4_ALT_CEM_2,REAL3_NULLACT,COMPLETE,1,False,True,4cd8840b7cd7ebe9c608c5402b76a3631f9246632e52a9fadaad0a4ce3a30bcb,803763352c4c582237fa332a0cb0f306e75f61f7feb3b2945175fc27733161a7
R6_reacher_092eb479cf3e133d57041497,REFIT_103201,R4_ALT_CEM_2,REPEAT3_REALACT,COMPLETE,1,False,True,188c786aa187df21f45d2e60f7aa3fa6205d290a6b661f7860c59f6781600935,803763352c4c582237fa332a0cb0f306e75f61f7feb3b2945175fc27733161a7
R6_reacher_092eb479cf3e133d57041497,REFIT_103202,R3_ORIGINAL,H_POLICY,FRESH_PAIRED_CONTROL,0,True,,5467ad246a7ae49b753cf79c49a820df35e0d38b4b2dc4760e38a7d6aadb216a,
R6_reacher_092eb479cf3e133d57041497,REFIT_103202,R3_ORIGINAL,REAL3_NULLACT,COMPLETE,0,True,True,d16b7b3725c04cfdaaa7c52eb330efcf2045ef74e9fc4a7e6c05580da6d57cad,ecbd839848d9f6f1fff9e392fc5a22cd287dbf760faa0be66aaba02fa4d690a9
R6_reacher_092eb479cf3e133d57041497,REFIT_103202,R3_ORIGINAL,REPEAT3_REALACT,COMPLETE,0,True,True,1c7be8ec11623481881ba20b56a38c25e41b98ecfec47c9a4dab5fd440e532b1,3d72a7bdb478e90dad31eac3db8763df8bfd0c65c2ff77dcce08a2318d5d0b8f
R6_reacher_092eb479cf3e133d57041497,REFIT_103202,R4_ALT_CEM_1,H_POLICY,FRESH_PAIRED_CONTROL,1,True,,2d64b20609c5cb9da6aa116d0b3e4af3c4eef681389a1cac8608a014bae07b4e,
R6_reacher_092eb479cf3e133d57041497,REFIT_103202,R4_ALT_CEM_1,REAL3_NULLACT,COMPLETE,1,True,True,9f6c118a5b3ca2a059aa1e3585b3cec03ffa16a85a1d3556a5f8088ce2db7bdb,8ee15653ef31e5ab6b8aab1e5fe26a39afe8748331b1e5734587fe63ce547c3c
R6_reacher_092eb479cf3e133d57041497,REFIT_103202,R4_ALT_CEM_1,REPEAT3_REALACT,COMPLETE,1,True,True,d8343e47b1b51d971b527b36ff9341b3795eb2c9171ede4d8d5b70212d5054e9,58c119cd84edf2b6572871ed1b5b047d4a0d131cf26a21b98c3a400e26668ae1
R6_reacher_092eb479cf3e133d57041497,REFIT_103202,R4_ALT_CEM_2,H_POLICY,FRESH_PAIRED_CONTROL,1,False,,9451bf3841071c2f3c27227fa997a1fd9a2faa4d8c715703c134206374a624a4,
R6_reacher_092eb479cf3e133d57041497,REFIT_103202,R4_ALT_CEM_2,REAL3_NULLACT,COMPLETE,1,False,True,d1d348ccce05db17e91b3dea81bf9f20bb9428b3aefa41ded7905dfc05db9df1,4f5897f7c7412e92aeae5cff8776eb3131ea90d14a9ecbd505009c1b82f79d24
R6_reacher_092eb479cf3e133d57041497,REFIT_103202,R4_ALT_CEM_2,REPEAT3_REALACT,COMPLETE,1,False,True,7b05ec06419b60ad2b78a63329cec102bf95a97de18d57dc840352fbba364b38,4f5897f7c7412e92aeae5cff8776eb3131ea90d14a9ecbd505009c1b82f79d24
R6_reacher_092eb479cf3e133d57041497,REFIT_103203,R3_ORIGINAL,H_POLICY,FRESH_PAIRED_CONTROL,1,False,,f3b051b4acf70f00dc787ebb09ddabb6daa2aa973d135c53bbe20207a28f0e5a,
R6_reacher_092eb479cf3e133d57041497,REFIT_103203,R3_ORIGINAL,REAL3_NULLACT,COMPLETE,1,False,True,da9f3d4a1d7aae88b7f3edc9163909293d59438b05d1d9cc7c2c25bd32ed251a,ecd593903487ac3a01886751ced1083523338657ccfa0d57297a703535e6ce23
R6_reacher_092eb479cf3e133d57041497,REFIT_103203,R3_ORIGINAL,REPEAT3_REALACT,COMPLETE,1,False,True,4eb2b9134978373504e8563a7c8b9327e76c554d347fe6d137c2543cedc9c54f,ecd593903487ac3a01886751ced1083523338657ccfa0d57297a703535e6ce23
R6_reacher_092eb479cf3e133d57041497,REFIT_103203,R4_ALT_CEM_1,H_POLICY,FRESH_PAIRED_CONTROL,1,False,,f52761faddd1fc1a6239d73e15fcdcdfbfc273561e0e6389b4493e21685fc64d,
R6_reacher_092eb479cf3e133d57041497,REFIT_103203,R4_ALT_CEM_1,REAL3_NULLACT,COMPLETE,1,False,True,315669c88a2b1a5e86ef961714c4ae8b4f70936ae5877fe768a8646326eb6515,a9aade68027d42d5ba4624a0aa4f7cf418ca36150b327134dc50df392d2d0c81
R6_reacher_092eb479cf3e133d57041497,REFIT_103203,R4_ALT_CEM_1,REPEAT3_REALACT,COMPLETE,1,False,True,3b188dca3fb5092a3e7037aaf26f9ba47ff6c43f3f2da564fd2408e4f26db516,a9aade68027d42d5ba4624a0aa4f7cf418ca36150b327134dc50df392d2d0c81
R6_reacher_092eb479cf3e133d57041497,REFIT_103203,R4_ALT_CEM_2,H_POLICY,FRESH_PAIRED_CONTROL,1,False,,0521d1c6da3e6d16cd2532777b7856f76c23ae912020fed75a4b5b7703d671f6,
R6_reacher_092eb479cf3e133d57041497,REFIT_103203,R4_ALT_CEM_2,REAL3_NULLACT,COMPLETE,1,False,True,8b361f9ef4cd3dc462858a4f321eb366ee7b512794f56017fff0ee72355d42ab,521bf2e8f067fec914e0b69dd74a4b4a9eaf2ca9f4d2c410c39bbf6e2f4ef718
R6_reacher_092eb479cf3e133d57041497,REFIT_103203,R4_ALT_CEM_2,REPEAT3_REALACT,COMPLETE,1,False,True,6417043cfaafa5221fb62f5cdc97f0c1e0663b463bd5999da1e4cfc8b91ee2e5,521bf2e8f067fec914e0b69dd74a4b4a9eaf2ca9f4d2c410c39bbf6e2f4ef718
R6_reacher_0958072154ac56b71d457e80,H0,R3_ORIGINAL,H_POLICY,FRESH_PAIRED_CONTROL,1,False,,e8c1d4107794d6cf8768996e340a3755ef67170574ee965567ec0e69e18ede6a,
R6_reacher_0958072154ac56b71d457e80,H0,R3_ORIGINAL,REAL3_NULLACT,COMPLETE,1,False,True,bb5f817651ef79bcfbce033ac4aa247da480800539e4052481039c48e9d8757d,d6e2bdd52275a017fb67339f6c25e4188636423902af2764ed10e2034d60d141
R6_reacher_0958072154ac56b71d457e80,H0,R3_ORIGINAL,REPEAT3_REALACT,COMPLETE,1,False,True,499ed94e0f9fb60af5d2bb0c9a8daf95e5935d4342bd167ff71cd1a2db8146b3,d6e2bdd52275a017fb67339f6c25e4188636423902af2764ed10e2034d60d141
R6_reacher_0958072154ac56b71d457e80,H0,R4_ALT_CEM_1,H_POLICY,FRESH_PAIRED_CONTROL,1,True,,8066894ab8011f37ae9e8d210e16143a6fc696df681e708f1a0dbeecd3d59960,
R6_reacher_0958072154ac56b71d457e80,H0,R4_ALT_CEM_1,REAL3_NULLACT,COMPLETE,1,True,True,985da9240e577f172d30dc560cb9dcf01d613ff0259989204ff0c3e98e04db55,575f144388e03d38458d92543c18eac2f19acb3ec6a1ae9bdea5cc6779ed7d3f
R6_reacher_0958072154ac56b71d457e80,H0,R4_ALT_CEM_1,REPEAT3_REALACT,COMPLETE,1,True,True,819bf9c74980bbecba7c0a27483738b16b0fb8fb2ea5086583e8e78debb7ff1d,48341267b0895c7616a8bd681dd2f817ac5ae88d3b71fcb0053847777d2668d9
R6_reacher_0958072154ac56b71d457e80,H0,R4_ALT_CEM_2,H_POLICY,FRESH_PAIRED_CONTROL,1,False,,0a51664fbd962ca809dd9ec25a9190312d6517743c460106f0144572dbb531c5,
R6_reacher_0958072154ac56b71d457e80,H0,R4_ALT_CEM_2,REAL3_NULLACT,COMPLETE,1,False,True,ed26f9b4d3f2cf1948040c7003438a68f3b2b35b68ebcabc30a3747b23656143,fb80837f0238006d5a157357d904fcbb78d15eefe0aa34e66168c8e6dd752e5d
R6_reacher_0958072154ac56b71d457e80,H0,R4_ALT_CEM_2,REPEAT3_REALACT,COMPLETE,1,False,True,f92c4f69d2ad1192712932b9e2a6a23d0b3d3471af0ccce6984fc80f91a424fd,fb80837f0238006d5a157357d904fcbb78d15eefe0aa34e66168c8e6dd752e5d
R6_reacher_0958072154ac56b71d457e80,REFIT_103201,R3_ORIGINAL,H_POLICY,FRESH_PAIRED_CONTROL,1,False,,6ca94a42b075efca31a0ff1751e510ea90bb072ac4b65e6f9410353cfd326920,
R6_reacher_0958072154ac56b71d457e80,REFIT_103201,R3_ORIGINAL,REAL3_NULLACT,COMPLETE,1,False,True,06fe132e1724cea582aedeea20aec99fb90c574a233455fa6e91d515a6f28242,dc093bb8c97be04029354af6cf68cbdaa4d2fc8fdf130243f2d4fb846343243f
R6_reacher_0958072154ac56b71d457e80,REFIT_103201,R3_ORIGINAL,REPEAT3_REALACT,COMPLETE,1,False,True,1547a4fb541c0b05210c8200e3498dc3be48652b889bb60c9b5642c25b242c20,dc093bb8c97be04029354af6cf68cbdaa4d2fc8fdf130243f2d4fb846343243f
R6_reacher_0958072154ac56b71d457e80,REFIT_103201,R4_ALT_CEM_1,H_POLICY,FRESH_PAIRED_CONTROL,1,False,,9b80c45d225736277a7583ed1164e941613518d9fbd37b03b4599a65906981d9,
R6_reacher_0958072154ac56b71d457e80,REFIT_103201,R4_ALT_CEM_1,REAL3_NULLACT,COMPLETE,1,False,True,4fe336a9e64a356c384aa6f08474459c18bea8cc6a1bb5310117b413902ebf2a,6d069b514e30806c45e85a2a08de2d98512185aa14a70e9c912afdca00ace596
R6_reacher_0958072154ac56b71d457e80,REFIT_103201,R4_ALT_CEM_1,REPEAT3_REALACT,COMPLETE,1,False,True,301386b04bbd653ea62fe18b5c6bc0f0bcb3bc086836628c104535ee28359aae,6d069b514e30806c45e85a2a08de2d98512185aa14a70e9c912afdca00ace596
R6_reacher_0958072154ac56b71d457e80,REFIT_103201,R4_ALT_CEM_2,H_POLICY,FRESH_PAIRED_CONTROL,1,True,,b04dc58eeb982d193c543061e22d23ddbd2e9d83002e0a061deb6e584c3fabbf,
R6_reacher_0958072154ac56b71d457e80,REFIT_103201,R4_ALT_CEM_2,REAL3_NULLACT,COMPLETE,0,True,True,eda9453520c46d8ce7b00034ca33de26b34578671cecb0a91604107ddb8b29c3,5eb2e5fe429e1a395e8a7ffb26deb1def60826ab40ce8a1542f0cc3c5e58faa2
R6_reacher_0958072154ac56b71d457e80,REFIT_103201,R4_ALT_CEM_2,REPEAT3_REALACT,COMPLETE,1,True,True,896d5abedaf420029b357452fdff333503202619ab4bf3cedb4ae283cf08b816,2d224c85702be18f1c074e9d2f24cbb4156c2704435069a51b8d514f34442a03
R6_reacher_0958072154ac56b71d457e80,REFIT_103202,R3_ORIGINAL,H_POLICY,FRESH_PAIRED_CONTROL,1,False,,990cf9c4a2bfffc10c544e9585b0c3048b248f9509f8500383418c446afd497c,
R6_reacher_0958072154ac56b71d457e80,REFIT_103202,R3_ORIGINAL,REAL3_NULLACT,COMPLETE,1,False,True,aa907ad874acb7489f74c8e33aa445944485611e7bf31407cb575e46f4f24081,dbc9c40ec4a812ab561e8ea96190c6b1fac823fe917222631dde9adeffafe02b
R6_reacher_0958072154ac56b71d457e80,REFIT_103202,R3_ORIGINAL,REPEAT3_REALACT,COMPLETE,1,False,True,e7ee73fcf37a98a303df0fca1a05e74a537af6b1f055d0a421c74a0c4f68ccae,dbc9c40ec4a812ab561e8ea96190c6b1fac823fe917222631dde9adeffafe02b
R6_reacher_0958072154ac56b71d457e80,REFIT_103202,R4_ALT_CEM_1,H_POLICY,FRESH_PAIRED_CONTROL,1,False,,23dc32572695c35622396f2fb843080bc6d73a6a2842802aafb39175f6ccd69d,
R6_reacher_0958072154ac56b71d457e80,REFIT_103202,R4_ALT_CEM_1,REAL3_NULLACT,COMPLETE,1,False,True,088f601f8698d8e7d3bceae409d6879676e8629347b9c8af51fa733377e29453,3568d2bda022ee3451827e515b7ed64a883009910142cfbe6b1104adbabe8b90
R6_reacher_0958072154ac56b71d457e80,REFIT_103202,R4_ALT_CEM_1,REPEAT3_REALACT,COMPLETE,1,False,True,24d1d82ea3d7d65f620fc6c601cbbb0817433fe82c8ceb844809d52fb128dade,3568d2bda022ee3451827e515b7ed64a883009910142cfbe6b1104adbabe8b90
R6_reacher_0958072154ac56b71d457e80,REFIT_103202,R4_ALT_CEM_2,H_POLICY,FRESH_PAIRED_CONTROL,1,False,,81da6b653395aa33e783810d1a36feaa1cbc04961f0388d2493b76ba9fc1ab69,
R6_reacher_0958072154ac56b71d457e80,REFIT_103202,R4_ALT_CEM_2,REAL3_NULLACT,COMPLETE,1,False,True,8724521b1ee24666ac9e831e94f1a80370e4e7f832b877140570754d8bc7dfa8,dc84fbee23142d1a45fdc39a15906a4eb22f709fde603856955379a142b3a747
R6_reacher_0958072154ac56b71d457e80,REFIT_103202,R4_ALT_CEM_2,REPEAT3_REALACT,COMPLETE,1,False,True,9f0395d95e6e68ca3d4a560cd4139d743af6ccf300ad5662326de7c6286f846f,dc84fbee23142d1a45fdc39a15906a4eb22f709fde603856955379a142b3a747
R6_reacher_0958072154ac56b71d457e80,REFIT_103203,R3_ORIGINAL,H_POLICY,FRESH_PAIRED_CONTROL,1,False,,3d2c6f4863d7f5ba98e68c66fe8660c71d813476fe84fd70c4d82e57de531a98,
R6_reacher_0958072154ac56b71d457e80,REFIT_103203,R3_ORIGINAL,REAL3_NULLACT,COMPLETE,1,False,True,be86353f26267fe323c784b855a7e8ced476eb5fe59768d97c0c5e6db7900f7c,579947c7675d50b000a1a6718c7426464dc50a68ea5107a4ea0905645114a07c
R6_reacher_0958072154ac56b71d457e80,REFIT_103203,R3_ORIGINAL,REPEAT3_REALACT,COMPLETE,1,False,True,e888f4dcec85ae982c18289af33edb4c24f70a2a0195fe4ed05e5edee76d4822,579947c7675d50b000a1a6718c7426464dc50a68ea5107a4ea0905645114a07c
R6_reacher_0958072154ac56b71d457e80,REFIT_103203,R4_ALT_CEM_1,H_POLICY,FRESH_PAIRED_CONTROL,1,False,,e026ca134fcc16e5b6ee2eeede44849eb5c4d25bf391c0a0128a5c09c805e2fd,
R6_reacher_0958072154ac56b71d457e80,REFIT_103203,R4_ALT_CEM_1,REAL3_NULLACT,COMPLETE,1,False,True,078adaf8925bca0f2c1a13caded8388ce948f57991987426b3588f76f6205884,b2d13f7bc87f3cfb833fff03cc34da1bf3c527091fcf0efe1448c9a2e56b357c
R6_reacher_0958072154ac56b71d457e80,REFIT_103203,R4_ALT_CEM_1,REPEAT3_REALACT,COMPLETE,1,False,True,42ef565fac59f48ebf538a537b89c5d9beecf4f1feacfb02fcff3907ed9da6ba,b2d13f7bc87f3cfb833fff03cc34da1bf3c527091fcf0efe1448c9a2e56b357c
R6_reacher_0958072154ac56b71d457e80,REFIT_103203,R4_ALT_CEM_2,H_POLICY,FRESH_PAIRED_CONTROL,1,False,,0baceff6fef05a50d6ef09c436af16d2a4101ced668ca22aa787fbd852e3dff3,
R6_reacher_0958072154ac56b71d457e80,REFIT_103203,R4_ALT_CEM_2,REAL3_NULLACT,COMPLETE,1,False,True,2147ad73d5e3a555cd0adac22bd84221babac0a9ee88d91009b750c17de0f36e,1d4fd6eb451f1ff3c56192faac5e9896f7e76d13714f01b38f0764a5f2792368
R6_reacher_0958072154ac56b71d457e80,REFIT_103203,R4_ALT_CEM_2,REPEAT3_REALACT,COMPLETE,1,False,True,703192a37e24e15a871d56dd47aa70c0e1c214653956989c9cc16cc2cda81bbc,1d4fd6eb451f1ff3c56192faac5e9896f7e76d13714f01b38f0764a5f2792368
R6_reacher_0965dc9d288d1769d4d29d4a,H0,R3_ORIGINAL,H_POLICY,FRESH_PAIRED_CONTROL,1,True,,e51932ffa53430cec0b649781095bbaf29fa21d37fa3bb101c78543f017324a2,
R6_reacher_0965dc9d288d1769d4d29d4a,H0,R3_ORIGINAL,REAL3_NULLACT,COMPLETE,1,True,True,64b2a9c6c4a3f1861e312835eef50d6defc998043a445c1a03878880faed7e46,ff9f28b7a913775fe513addd77f6485f11bed92a1026fd240250fcc942ce164c
R6_reacher_0965dc9d288d1769d4d29d4a,H0,R3_ORIGINAL,REPEAT3_REALACT,COMPLETE,1,True,True,de44c32aac8689d9ed05f562f99f0086b804cb2e6e35adaee45a9e34283b7c64,616a8d5b90017b45906a3f3ac98602ea3faeeb259ad0b385e07c6406dac1b6c5
R6_reacher_0965dc9d288d1769d4d29d4a,H0,R4_ALT_CEM_1,H_POLICY,FRESH_PAIRED_CONTROL,1,True,,d8b674476afc41b3e58ee230811cb301120e7f6ffcb0905a5c4ce249f468711d,
R6_reacher_0965dc9d288d1769d4d29d4a,H0,R4_ALT_CEM_1,REAL3_NULLACT,COMPLETE,1,True,True,f666edcada789d766765e9d7457624a15b229cb7dd6151f1c00c10a7868f4d53,6ea7acdd212a2dd9fd640b0c3b35c4c23e6092ee111ffde3a04dbeffe0429fb3
R6_reacher_0965dc9d288d1769d4d29d4a,H0,R4_ALT_CEM_1,REPEAT3_REALACT,COMPLETE,1,True,True,3541e74f866f894df4dca38690c8bdc2482f095818f77582488f981b3d31ab6c,3b210a988f1b276a9e8f5171dbefbdbb0d137d9f2829f7951fbb51defa31825a
R6_reacher_0965dc9d288d1769d4d29d4a,H0,R4_ALT_CEM_2,H_POLICY,FRESH_PAIRED_CONTROL,1,True,,9195f7167ad9e058ef33cdef81cb5dafc0924c92676d1dd740459630d7545b67,
R6_reacher_0965dc9d288d1769d4d29d4a,H0,R4_ALT_CEM_2,REAL3_NULLACT,COMPLETE,1,True,True,b2e2b61e9bb6139a3ef9e2911d636d2e49df58fb4101283a02ec9a49fdc8687b,2d58983f59b42915c7b602a7f28bf13385e3f24e771ba2a382e3bd9e2c1460db
R6_reacher_0965dc9d288d1769d4d29d4a,H0,R4_ALT_CEM_2,REPEAT3_REALACT,COMPLETE,1,True,True,922a71f1274130297957552fee329e7ce3f59d52c101332a29ed13e31dae71cc,fe9570d6bcae18effba14933839fc7d50e24d118b5ad32533d7f96c77dd23097
R6_reacher_0965dc9d288d1769d4d29d4a,REFIT_103201,R3_ORIGINAL,H_POLICY,FRESH_PAIRED_CONTROL,0,True,,8905e3b6940d0111a4a3336bb1de01431f18c184cb675340b285cc0b03767f88,
R6_reacher_0965dc9d288d1769d4d29d4a,REFIT_103201,R3_ORIGINAL,REAL3_NULLACT,COMPLETE,0,True,True,2b24d4a77f1b38c27ee2711341a2c1dc658d9d75e0bdcaa1c2b51cfcef85b3bd,f801ec5422227a0c9b568b2ac0b31f979e33f0cb2d18231ad3994f1cc76e33e4
R6_reacher_0965dc9d288d1769d4d29d4a,REFIT_103201,R3_ORIGINAL,REPEAT3_REALACT,COMPLETE,1,True,True,d79232b17d3bb89ff2ddadd61cf00ceae9333e6fa723e50df117a83880d8552f,77c66d13e2e4c75f401455e960a7cf8c4cbcfb43d0d23074fed946f4ef14e100
R6_reacher_0965dc9d288d1769d4d29d4a,REFIT_103201,R4_ALT_CEM_1,H_POLICY,FRESH_PAIRED_CONTROL,0,True,,933676d38a0be71128e52a0895d9ea5d719145f0031b885a987900eafb06528b,
R6_reacher_0965dc9d288d1769d4d29d4a,REFIT_103201,R4_ALT_CEM_1,REAL3_NULLACT,COMPLETE,1,True,True,63cf3f478ce274e55eae2dc58485db6eb8295041c087f2b81870a3980016a108,eed03c769b9beb943f094144543b46186fcfb2abf3a508b8c40bd49b88c96255
R6_reacher_0965dc9d288d1769d4d29d4a,REFIT_103201,R4_ALT_CEM_1,REPEAT3_REALACT,COMPLETE,1,True,True,31136dcad572e8742bce30dc7fd10384fc247eee4f7e552faf072aadf55a733a,07c487b7ce9fa99bfa6b3d0e32c15e064ef8035aec9fdffe3c3b50e64bedd976
R6_reacher_0965dc9d288d1769d4d29d4a,REFIT_103201,R4_ALT_CEM_2,H_POLICY,FRESH_PAIRED_CONTROL,1,True,,c5075b4d7ea9f6c78a3d76dc93276eb5bd0fae07155fb2ddc7ded18ea4fe8bdf,
R6_reacher_0965dc9d288d1769d4d29d4a,REFIT_103201,R4_ALT_CEM_2,REAL3_NULLACT,COMPLETE,1,True,True,ff587951f6d9aeb38923813290c779ebf8d456c0643eeeb5eac4176c991e9473,b9e86247a400a9935caf8bb188461e2093234cdd647e0a2a9206a083b72cd574
R6_reacher_0965dc9d288d1769d4d29d4a,REFIT_103201,R4_ALT_CEM_2,REPEAT3_REALACT,COMPLETE,1,True,True,4569f4c21d74b854d04dc5360f32a8741a0c889d5ae0f6498d386f4d97dbab28,3b5bb2c8cd6ed9fc9b42722e521ff2150bcb5fff49101f12b51a2ecf924ea74b
R6_reacher_0965dc9d288d1769d4d29d4a,REFIT_103202,R3_ORIGINAL,H_POLICY,FRESH_PAIRED_CONTROL,1,True,,f2fbbc8af845a13ce45e3232f723c863aa619ed0e02590d2a42368ce5f1d7a94,
R6_reacher_0965dc9d288d1769d4d29d4a,REFIT_103202,R3_ORIGINAL,REAL3_NULLACT,COMPLETE,1,True,True,662ba45891e55fbc837e174066e397b5413191914640797cd7b04dc445c1a652,a75aa7e7eddaa0b7501e1ad6046700783871ef167ace548665114f5c666e0823
R6_reacher_0965dc9d288d1769d4d29d4a,REFIT_103202,R3_ORIGINAL,REPEAT3_REALACT,COMPLETE,1,True,True,978626d96ebe90497d373e764ff543c833dfb4239d0a2cbcc1f1d22526b9ebac,ac23632c3311cd245d73d1b339108fed5ca5c5158c995bfc0e6820a374a786d5
R6_reacher_0965dc9d288d1769d4d29d4a,REFIT_103202,R4_ALT_CEM_1,H_POLICY,FRESH_PAIRED_CONTROL,1,True,,27f9e5c84afa1e5cde65dc406cfc4298bc5b4d88193f455100ba8c86b8f1bb89,
R6_reacher_0965dc9d288d1769d4d29d4a,REFIT_103202,R4_ALT_CEM_1,REAL3_NULLACT,COMPLETE,1,True,True,47d2add665946d9ea6e6b34eac66bd8879f038754bdf9271333775599fd2f01c,b5209973de1fa398cb171035849659b9edb96f183f5dfe46023a337f46efbd09
R6_reacher_0965dc9d288d1769d4d29d4a,REFIT_103202,R4_ALT_CEM_1,REPEAT3_REALACT,COMPLETE,1,True,True,febead276dd345da2770c8661b2edf4e7fdfd7a8f59d8dd0315d3d231a680278,95f88e9f1512ca56027d0a43b35d41414e56656c1c37364abeb67a53361adbe0
R6_reacher_0965dc9d288d1769d4d29d4a,REFIT_103202,R4_ALT_CEM_2,H_POLICY,FRESH_PAIRED_CONTROL,1,True,,13a2fbaba4bb8afd46891b67f89b0192c58121b030c964c0c80ba64060c3cf92,
R6_reacher_0965dc9d288d1769d4d29d4a,REFIT_103202,R4_ALT_CEM_2,REAL3_NULLACT,COMPLETE,1,True,True,a3efb2edee6924743a36f0b0fcb4968d10801207ec212e467e622e86ae173a94,9eae28ef2b4ea94fe2e7c156cc80bc27b2d9b62644b686ea6f495aab2b212e86
R6_reacher_0965dc9d288d1769d4d29d4a,REFIT_103202,R4_ALT_CEM_2,REPEAT3_REALACT,COMPLETE,1,True,True,d601a1ad6d00412c9b46a7a013bf0bf3e3fcc00f086de1598c1350b804a730c6,a30e8cf5a6a0eafafebd12f08c4ee8e458ff5968e4e07fc32525543f4f6f970e
R6_reacher_0965dc9d288d1769d4d29d4a,REFIT_103203,R3_ORIGINAL,H_POLICY,FRESH_PAIRED_CONTROL,1,True,,14777fcdd272ee2eb918e5254c596ad57be80275c57e1f3773e12942aee1deae,
R6_reacher_0965dc9d288d1769d4d29d4a,REFIT_103203,R3_ORIGINAL,REAL3_NULLACT,COMPLETE,1,True,True,183cd688a092defdd30577bf57432602b8d568c21c82d78ef35f986bfccd5084,a72624f25103e878bbd10b07ffada8d091589137b01d5f0ef44f9f71000d60f9
R6_reacher_0965dc9d288d1769d4d29d4a,REFIT_103203,R3_ORIGINAL,REPEAT3_REALACT,COMPLETE,1,True,True,d628bbeafd418261d5414ba6b6f56b2a5863835cad45c1550ca42841d249ad36,31c0a66bdfcf296efdae4cc96ca3e6bd6f695d92368422635e9c9892124be684
R6_reacher_0965dc9d288d1769d4d29d4a,REFIT_103203,R4_ALT_CEM_1,H_POLICY,FRESH_PAIRED_CONTROL,1,True,,6854ada2851b4a89a50aa0081b2a03a70f237afc6c3e7a1b450dfe189ea8d87f,
R6_reacher_0965dc9d288d1769d4d29d4a,REFIT_103203,R4_ALT_CEM_1,REAL3_NULLACT,COMPLETE,1,True,True,c982fb6a085bd7b1b187586cbcdfff55cf230f575279b043250fde21d4103e45,63b5ae6cae31ed18bc3ca4c8aab8cc39825d78bc7d93a8c9554454beccc775e6
R6_reacher_0965dc9d288d1769d4d29d4a,REFIT_103203,R4_ALT_CEM_1,REPEAT3_REALACT,COMPLETE,1,True,True,8815f1dea475b71aaff693b5caf0a3a619274fa52c74c1d511938169cf3448e0,3415339c5b7ddc33ec47436e0d5c8867daa6eee3c01c8904e0a123a53301f1d5
R6_reacher_0965dc9d288d1769d4d29d4a,REFIT_103203,R4_ALT_CEM_2,H_POLICY,FRESH_PAIRED_CONTROL,1,True,,958fc3786bcf278f7e75a0c38783319464a616ec1801c34fe7f6887fdce0f213,
R6_reacher_0965dc9d288d1769d4d29d4a,REFIT_103203,R4_ALT_CEM_2,REAL3_NULLACT,COMPLETE,1,True,True,3abd955fb14c0d1d1c4c643c43d19089ed8c8edcdd16b11c8def737206bc8fef,d8e292957bd31a98ca34acf8c20cef1e831f74234e7a0801d7383de9992de27f
R6_reacher_0965dc9d288d1769d4d29d4a,REFIT_103203,R4_ALT_CEM_2,REPEAT3_REALACT,COMPLETE,1,True,True,f3d54c59c78d71c76892cb68f0395c66fa467b62baccc69ce009a35753f180bc,3a62ada08d28dfbe299342bf96a549062c14c20ff2ddb73330349dc18604786a
R6_reacher_096c43e05c7b22dbd8c24748,H0,R3_ORIGINAL,H_POLICY,FRESH_PAIRED_CONTROL,1,False,,31e5ce43055811751f5693fd28dadb50297bfed5aef9844deaf36b38b21bc263,
R6_reacher_096c43e05c7b22dbd8c24748,H0,R3_ORIGINAL,REAL3_NULLACT,COMPLETE,1,False,True,d753bd31178a0f98fe9b1304a2a082457adda8a67dd0817e5e36c87b533eec22,010ab303a506e0837f7bebf999b205d9a2681a99e0d9400b343d48ac94e0b33a
R6_reacher_096c43e05c7b22dbd8c24748,H0,R3_ORIGINAL,REPEAT3_REALACT,COMPLETE,1,False,True,c691d2778644088b0e12cae1d46a0d241e72a152db5426af00bf0cfe5d14aac7,010ab303a506e0837f7bebf999b205d9a2681a99e0d9400b343d48ac94e0b33a
R6_reacher_096c43e05c7b22dbd8c24748,H0,R4_ALT_CEM_1,H_POLICY,FRESH_PAIRED_CONTROL,1,True,,aa41fb00560939515a3ad3d22bb6a063372307ecd2da4066a832470c0a802eb1,
R6_reacher_096c43e05c7b22dbd8c24748,H0,R4_ALT_CEM_1,REAL3_NULLACT,COMPLETE,1,True,True,2c9e62e8c47c7cf13172d24920c70c4a372b58b7ae28c087cc4a72d719ebc975,0366547b288a6f5883672048b3ad7ed27ccfc339314ef5044de0897eba59deec
R6_reacher_096c43e05c7b22dbd8c24748,H0,R4_ALT_CEM_1,REPEAT3_REALACT,COMPLETE,1,True,True,29ef9288e57e17ad7f5134519ba01fc97183016d3429fdcbdbd38570191ef71c,c013d3fd9fac3bfae2c6613f9b4556cee34e44f37ce04d816d024233dc095eef
R6_reacher_096c43e05c7b22dbd8c24748,H0,R4_ALT_CEM_2,H_POLICY,FRESH_PAIRED_CONTROL,1,False,,d6164d863f9de3d1a053e324dedc32beca433af45e4139fb6c8607a610b1b78e,
R6_reacher_096c43e05c7b22dbd8c24748,H0,R4_ALT_CEM_2,REAL3_NULLACT,COMPLETE,1,False,True,430ee82e439d976d79f7f41bbc6052071b4998ccba76a9c0503eb3c938dec9ed,f9c1fbabb0eb62ccaedd3da43578f8e11305671bc9e3211af07529360288672c
R6_reacher_096c43e05c7b22dbd8c24748,H0,R4_ALT_CEM_2,REPEAT3_REALACT,COMPLETE,1,False,True,7c7b9b0f8a276cae708d7ee4dbd46c45219992288882f89bb47a91da0f9e7387,f9c1fbabb0eb62ccaedd3da43578f8e11305671bc9e3211af07529360288672c
R6_reacher_096c43e05c7b22dbd8c24748,REFIT_103201,R3_ORIGINAL,H_POLICY,FRESH_PAIRED_CONTROL,1,False,,76712372d5988483fcbc19e61dbc6ea34dbe70696d318bcb53fde8cfa99aae35,
R6_reacher_096c43e05c7b22dbd8c24748,REFIT_103201,R3_ORIGINAL,REAL3_NULLACT,COMPLETE,1,False,True,40951b82f868d270176f1eed91477124a1e697e7ceed4c9ce80d28474948ed5e,74869ddf4f38414546e8cd7efbf90ec5f03ca054250c79d0ba4e365e6177444a
R6_reacher_096c43e05c7b22dbd8c24748,REFIT_103201,R3_ORIGINAL,REPEAT3_REALACT,COMPLETE,1,False,True,7fcc4c3ae9a7e3a7ec9e8b50a51836af1f907372dad91585325cc4483b098cc0,74869ddf4f38414546e8cd7efbf90ec5f03ca054250c79d0ba4e365e6177444a
R6_reacher_096c43e05c7b22dbd8c24748,REFIT_103201,R4_ALT_CEM_1,H_POLICY,FRESH_PAIRED_CONTROL,1,False,,5105693e1a4b9ac412073d23dcdcf14b0d061d9be436217196db162d069a2835,
R6_reacher_096c43e05c7b22dbd8c24748,REFIT_103201,R4_ALT_CEM_1,REAL3_NULLACT,COMPLETE,1,False,True,bc57e8734aa11baa0b02845407268b7e4f728e87e1663bf5353fe6733d75cdc4,67c2c21c89e6054532238807097a311c6dd9071e27af854bc93fd1d190d0655e
R6_reacher_096c43e05c7b22dbd8c24748,REFIT_103201,R4_ALT_CEM_1,REPEAT3_REALACT,COMPLETE,1,False,True,ff07082bd937124e4267da6fd098036508c89860fd7c2e7a73d384e72fc47153,67c2c21c89e6054532238807097a311c6dd9071e27af854bc93fd1d190d0655e
R6_reacher_096c43e05c7b22dbd8c24748,REFIT_103201,R4_ALT_CEM_2,H_POLICY,FRESH_PAIRED_CONTROL,1,False,,aa062e820dcd53fd3ec318412c03f02d46f23a7ea05c934c7d77c0eebd988be9,
R6_reacher_096c43e05c7b22dbd8c24748,REFIT_103201,R4_ALT_CEM_2,REAL3_NULLACT,COMPLETE,1,False,True,55cf621603f69324170d0fe0e67d2e1f4f5cc3b6dd3a6494a5a062d9b19b3fca,0aabbf2c6a3bcdeff6a3a886f3743e06f17743adb065938e2d05063a83951199
R6_reacher_096c43e05c7b22dbd8c24748,REFIT_103201,R4_ALT_CEM_2,REPEAT3_REALACT,COMPLETE,1,False,True,c828f736cb93a0a0fba8a53bad981a395e13de6da908ae3bb691687d75dc8c55,0aabbf2c6a3bcdeff6a3a886f3743e06f17743adb065938e2d05063a83951199
R6_reacher_096c43e05c7b22dbd8c24748,REFIT_103202,R3_ORIGINAL,H_POLICY,FRESH_PAIRED_CONTROL,1,False,,cac5aa732fd6b77e435b17e339318a7ffc2b85f6dfa370fb8838caf4c1f22a80,
R6_reacher_096c43e05c7b22dbd8c24748,REFIT_103202,R3_ORIGINAL,REAL3_NULLACT,COMPLETE,1,False,True,d32d8675ae60796da5c3b75cba5eaa8c839fdd086a3d99a8b7b3eeac6f1ea754,6e20d72049c170ded5580a138c9f79eb2c142d1e082ebecc73505b95faa9c52a
R6_reacher_096c43e05c7b22dbd8c24748,REFIT_103202,R3_ORIGINAL,REPEAT3_REALACT,COMPLETE,1,False,True,443de380af7fcf914f434373f44aaff886459915ca73a482ff65359e26a7f6c9,6e20d72049c170ded5580a138c9f79eb2c142d1e082ebecc73505b95faa9c52a
R6_reacher_096c43e05c7b22dbd8c24748,REFIT_103202,R4_ALT_CEM_1,H_POLICY,FRESH_PAIRED_CONTROL,1,False,,f3679cf4cf7b9895e37a7487c275b1ab6b6c0822c2ea0745f2380700c0fef0e9,
R6_reacher_096c43e05c7b22dbd8c24748,REFIT_103202,R4_ALT_CEM_1,REAL3_NULLACT,COMPLETE,1,False,True,b646bf5b700aec90252f1aa845ccd9efcec0d115bb480033697901a9fedd23e0,2535b28f52af0e5bac7ae91662f724d223c1935c6c643d1e389cbd07437e8cfe
R6_reacher_096c43e05c7b22dbd8c24748,REFIT_103202,R4_ALT_CEM_1,REPEAT3_REALACT,COMPLETE,1,False,True,8d82c573279d4ded9a2a34fa4f0b7ff1425fd737fe57709ac57b3583f8216c46,2535b28f52af0e5bac7ae91662f724d223c1935c6c643d1e389cbd07437e8cfe
R6_reacher_096c43e05c7b22dbd8c24748,REFIT_103202,R4_ALT_CEM_2,H_POLICY,FRESH_PAIRED_CONTROL,1,False,,3267970cd7937b5086e8b0a39359e8a498219a33b7b65d4dad9f691b21d1a765,
R6_reacher_096c43e05c7b22dbd8c24748,REFIT_103202,R4_ALT_CEM_2,REAL3_NULLACT,COMPLETE,1,False,True,48140e42acaaf887f510ee06a52fd8878a0e486d480fd14ac582533c2348aef0,268d14d76a438d0faad4dd58043c00a6ed24211194d19a5eeca75b10a7dc3832
R6_reacher_096c43e05c7b22dbd8c24748,REFIT_103202,R4_ALT_CEM_2,REPEAT3_REALACT,COMPLETE,1,False,True,7517094883ed9d91c9608c26025f0870573e3e9ae8a167f884d6b0334c17abb4,268d14d76a438d0faad4dd58043c00a6ed24211194d19a5eeca75b10a7dc3832
R6_reacher_096c43e05c7b22dbd8c24748,REFIT_103203,R3_ORIGINAL,H_POLICY,FRESH_PAIRED_CONTROL,1,False,,c435d1c29eb9e52be5c205f3f17cdd23073db2c26215baccfde45d3ad35174e0,
R6_reacher_096c43e05c7b22dbd8c24748,REFIT_103203,R3_ORIGINAL,REAL3_NULLACT,COMPLETE,1,False,True,bcc1d966c851d348e4e83a3a70a7c70cb4fbcc42f528852b9d0b13b575c6bd67,8cca9402ca3e585416d8f2985fb14cd4056a630a5cabb8b832c9336c66ddc46c
R6_reacher_096c43e05c7b22dbd8c24748,REFIT_103203,R3_ORIGINAL,REPEAT3_REALACT,COMPLETE,1,False,True,955ef108441c6b6f9aa2c43dc8c2b126fcd8654ce22010066b4ccc9c418fa783,8cca9402ca3e585416d8f2985fb14cd4056a630a5cabb8b832c9336c66ddc46c
R6_reacher_096c43e05c7b22dbd8c24748,REFIT_103203,R4_ALT_CEM_1,H_POLICY,FRESH_PAIRED_CONTROL,1,False,,c067276d8f313bf3ce622fe4a8d9cb197f38bd28952aa8ef92a87e7c5467aab9,
R6_reacher_096c43e05c7b22dbd8c24748,REFIT_103203,R4_ALT_CEM_1,REAL3_NULLACT,COMPLETE,1,False,True,5816eec48635354725bc04d87d77c2748bab84cea902c179c754ecad6a21e0a9,230e6ae7ff9cbeb2d0223da48275809d03193743608f336fbc63a9a93933e5d5
R6_reacher_096c43e05c7b22dbd8c24748,REFIT_103203,R4_ALT_CEM_1,REPEAT3_REALACT,COMPLETE,1,False,True,6e0123047eb06369877f0fdbb2855da4792b678aae9f28ac7b31bcb580ab08d7,230e6ae7ff9cbeb2d0223da48275809d03193743608f336fbc63a9a93933e5d5
R6_reacher_096c43e05c7b22dbd8c24748,REFIT_103203,R4_ALT_CEM_2,H_POLICY,FRESH_PAIRED_CONTROL,1,False,,1cc246703ec14ba9394c255c4b7cef0c772d2b9e3a05c74f1ec2727508071350,
R6_reacher_096c43e05c7b22dbd8c24748,REFIT_103203,R4_ALT_CEM_2,REAL3_NULLACT,COMPLETE,1,False,True,9f39305f5aaea8f93aa398041f09bb469db0265ef1a51e6415bc39026732a74f,66cfc616efcdbe07d165296d16ca9b37f31fe3f6d203c343f0e8e7650c1009ae
R6_reacher_096c43e05c7b22dbd8c24748,REFIT_103203,R4_ALT_CEM_2,REPEAT3_REALACT,COMPLETE,1,False,True,c374078b6e3736d5300310ca278391803f0d319db78201cd2920fb3269b12d16,66cfc616efcdbe07d165296d16ca9b37f31fe3f6d203c343f0e8e7650c1009ae
R6_reacher_09a47a8bb70067f36643bc00,H0,R3_ORIGINAL,H_POLICY,FRESH_PAIRED_CONTROL,1,False,,b401cb7e8fd7d16a47b2e1399de4d446ef9215b2e958b6878d7e2b56565893c5,
R6_reacher_09a47a8bb70067f36643bc00,H0,R3_ORIGINAL,REAL3_NULLACT,COMPLETE,1,False,True,8df3434850daf71b6104b65369703b3108122bfbbeeaf4ed709c6aaed31bcd1d,041e19b9f833734ded5fa0fd2d46914adb5c3bf99050e38e552d6a98f914e0db
R6_reacher_09a47a8bb70067f36643bc00,H0,R3_ORIGINAL,REPEAT3_REALACT,COMPLETE,1,False,True,73f16d3b8f220892e281e157425d86b7c009dbb781f022cc7422a7353a2f7fb3,041e19b9f833734ded5fa0fd2d46914adb5c3bf99050e38e552d6a98f914e0db
R6_reacher_09a47a8bb70067f36643bc00,H0,R4_ALT_CEM_1,H_POLICY,FRESH_PAIRED_CONTROL,1,False,,f80d9b60e09dc03c2ff94dab13eb80a79f8571443ad182e78e878191ed6f9b7c,
R6_reacher_09a47a8bb70067f36643bc00,H0,R4_ALT_CEM_1,REAL3_NULLACT,COMPLETE,1,False,True,5e3bdca83da1f3842794d7a89c79d05812614a84dbb7f812088d795d3a641bf1,8ad744b5d65077aff6c464d9c1d3be27f47a2e229e0327cfbe6e4a561ca905cc
R6_reacher_09a47a8bb70067f36643bc00,H0,R4_ALT_CEM_1,REPEAT3_REALACT,COMPLETE,1,False,True,f1a923e20065a3877730254fe517545ff82521f24a85149bc04367347fa4a8c1,8ad744b5d65077aff6c464d9c1d3be27f47a2e229e0327cfbe6e4a561ca905cc
R6_reacher_09a47a8bb70067f36643bc00,H0,R4_ALT_CEM_2,H_POLICY,FRESH_PAIRED_CONTROL,1,True,,8f88616c4d5ab41cf100d7a5d327eb30cc186ec0733226a58814fa73342536ef,
R6_reacher_09a47a8bb70067f36643bc00,H0,R4_ALT_CEM_2,REAL3_NULLACT,COMPLETE,1,True,True,7fb985d018ad69da8826151dbced506a0ab9f794fd05984b1513681e62778ade,0e48da4836f9b14cfebafac3a83f9bf2d5593b698341fcbc3b73ab099800dbf2
R6_reacher_09a47a8bb70067f36643bc00,H0,R4_ALT_CEM_2,REPEAT3_REALACT,COMPLETE,1,True,True,1c5a1b75a14c24ab7c4cdce8d3fd0bc3590292482d6650f9d1dedcb7a57d0584,33e2851703675c44f8590d4cad86fb3aa4ca5cb1025c8bc178ca12fa09438707
R6_reacher_09a47a8bb70067f36643bc00,REFIT_103201,R3_ORIGINAL,H_POLICY,FRESH_PAIRED_CONTROL,1,False,,3e2afb5aa3863b7d387cd213600b537c8a4f26f7762c7cf013698d5d31694f6e,
R6_reacher_09a47a8bb70067f36643bc00,REFIT_103201,R3_ORIGINAL,REAL3_NULLACT,COMPLETE,1,False,True,2b99fe2bace7c17b1c0ef72cab060d2afe9b602efae4c5cf5aeb07732179d70f,6bd2fe73cd75dd9a413e38ae5085595865a3fb963fb2a1672cc7f66a644c4d12
R6_reacher_09a47a8bb70067f36643bc00,REFIT_103201,R3_ORIGINAL,REPEAT3_REALACT,COMPLETE,1,False,True,4830fb38884ee002cfce431fad0204bfa947a5f207f7f90e4bc895133a4f5e10,6bd2fe73cd75dd9a413e38ae5085595865a3fb963fb2a1672cc7f66a644c4d12
R6_reacher_09a47a8bb70067f36643bc00,REFIT_103201,R4_ALT_CEM_1,H_POLICY,FRESH_PAIRED_CONTROL,1,False,,4343d1f1e038339e0941adf6e55c056e6b0e8ccc1438144639b4a033049f5ae6,
R6_reacher_09a47a8bb70067f36643bc00,REFIT_103201,R4_ALT_CEM_1,REAL3_NULLACT,COMPLETE,1,False,True,5246e79476d383ddee81c7d05c09696ca8685d1842da0a26c4caede420e9e4cb,753d3229b8ce76e3c51431a7c93129fcf651f546180d119b7ac7c14757bd3f05
R6_reacher_09a47a8bb70067f36643bc00,REFIT_103201,R4_ALT_CEM_1,REPEAT3_REALACT,COMPLETE,1,False,True,4a8da35f86916562f90ed9ddefe59c7be6bf775c085fd7e158b69b2d53925c24,753d3229b8ce76e3c51431a7c93129fcf651f546180d119b7ac7c14757bd3f05
R6_reacher_09a47a8bb70067f36643bc00,REFIT_103201,R4_ALT_CEM_2,H_POLICY,FRESH_PAIRED_CONTROL,1,False,,a0e21ef50b864c4a28cb9a7057ed9531f811badb6552cb4afff4e8a02a790d69,
R6_reacher_09a47a8bb70067f36643bc00,REFIT_103201,R4_ALT_CEM_2,REAL3_NULLACT,COMPLETE,1,False,True,59483a019cdfd6b86312a52e9312bdd513df2655479921bfb750a7258ef3d112,02fbd3147c3d099e12b35a520aecb65f6fc73b9794cfc6727716431bb226d6b2
R6_reacher_09a47a8bb70067f36643bc00,REFIT_103201,R4_ALT_CEM_2,REPEAT3_REALACT,COMPLETE,1,False,True,8b7142d7b65e80c915d8291c6a84b2de537b322316ce085c109bd8c27389f6ea,02fbd3147c3d099e12b35a520aecb65f6fc73b9794cfc6727716431bb226d6b2
R6_reacher_09a47a8bb70067f36643bc00,REFIT_103202,R3_ORIGINAL,H_POLICY,FRESH_PAIRED_CONTROL,1,False,,ad09da41f2072e13c9c53d66369085093a76d677d8f73c8f3df5c63d4a3122cd,
R6_reacher_09a47a8bb70067f36643bc00,REFIT_103202,R3_ORIGINAL,REAL3_NULLACT,COMPLETE,1,False,True,d2941172738eac2d2868dd9ea7904b7998b399056886e8610729f4ed69b23448,573d3a721cb2885df5dc52f939e49aa95a24e54333cde55f321e2e44db9a00e2
R6_reacher_09a47a8bb70067f36643bc00,REFIT_103202,R3_ORIGINAL,REPEAT3_REALACT,COMPLETE,1,False,True,ee82bcacbc9e378aee3647226ad7ad9ff871c4d3ddf4f5751ae40a5e39601fb7,573d3a721cb2885df5dc52f939e49aa95a24e54333cde55f321e2e44db9a00e2
R6_reacher_09a47a8bb70067f36643bc00,REFIT_103202,R4_ALT_CEM_1,H_POLICY,FRESH_PAIRED_CONTROL,1,False,,4e5475cf77eba9e2102e0cf1b9a4806aeef4f9838bbd1a9b44e71bf09eeb086a,
R6_reacher_09a47a8bb70067f36643bc00,REFIT_103202,R4_ALT_CEM_1,REAL3_NULLACT,COMPLETE,1,False,True,678b06c0de76f4aa4aaa8c3ff44025862baea5da36588415db63d5adfd865b2f,ad58f85bb699fd184dcce17093b5a41f2925bc41619b1540f0e9d40010a82fca
R6_reacher_09a47a8bb70067f36643bc00,REFIT_103202,R4_ALT_CEM_1,REPEAT3_REALACT,COMPLETE,1,False,True,a4c71987cbbcc7b0dcd311a440386fc4a27e7e7a3d417f5e043daf5e57161736,ad58f85bb699fd184dcce17093b5a41f2925bc41619b1540f0e9d40010a82fca
R6_reacher_09a47a8bb70067f36643bc00,REFIT_103202,R4_ALT_CEM_2,H_POLICY,FRESH_PAIRED_CONTROL,1,False,,3634fe580e4917af5add87880d8123fdc54d8c3ba1d676e44e9ced2af9bd41d7,
R6_reacher_09a47a8bb70067f36643bc00,REFIT_103202,R4_ALT_CEM_2,REAL3_NULLACT,COMPLETE,1,False,True,a1dd3a8cebd004b89bbae220b7ed6656bcc51fbc1963afd895cd54bbe1fb322b,4d470947ccda63634f80240d5ff0bdd62a27e3eff8b8efd12d678cbbc2809183
R6_reacher_09a47a8bb70067f36643bc00,REFIT_103202,R4_ALT_CEM_2,REPEAT3_REALACT,COMPLETE,1,False,True,815bc0754cb6af0a8378577e97567267bae5fb7c418646f86474065f9bffa834,4d470947ccda63634f80240d5ff0bdd62a27e3eff8b8efd12d678cbbc2809183
R6_reacher_09a47a8bb70067f36643bc00,REFIT_103203,R3_ORIGINAL,H_POLICY,FRESH_PAIRED_CONTROL,1,False,,7312cdff0655b1f199cef5a2f431d1d64ff21e025ba45a06acc911216bcf08bc,
R6_reacher_09a47a8bb70067f36643bc00,REFIT_103203,R3_ORIGINAL,REAL3_NULLACT,COMPLETE,1,False,True,3b7fc5cc6df164660c143bcbeab5b7cd953d16141abeddfd245bbcfc935197f8,e900eff2131fdced2661bfba647491d61542202407f03c244abd411222528826
R6_reacher_09a47a8bb70067f36643bc00,REFIT_103203,R3_ORIGINAL,REPEAT3_REALACT,COMPLETE,1,False,True,5a0843ebec33ace56698e24fdb8d8e4ebad9795a82d845bee6d7b3361a9fc55d,e900eff2131fdced2661bfba647491d61542202407f03c244abd411222528826
R6_reacher_09a47a8bb70067f36643bc00,REFIT_103203,R4_ALT_CEM_1,H_POLICY,FRESH_PAIRED_CONTROL,1,False,,10e62d998c2ff8d842f335bc99ad5beb22fb7e143918c307ce38e4d72a801205,
R6_reacher_09a47a8bb70067f36643bc00,REFIT_103203,R4_ALT_CEM_1,REAL3_NULLACT,COMPLETE,1,False,True,399d3a5bdaf000bb099f0b38e5a7b64a7fea3c399929ca62658cb946c3a0a700,e6d40b5cdef2a0874dabbd55c5c06fe1f7d1a38f9debb1ac6572b079fb457d26
R6_reacher_09a47a8bb70067f36643bc00,REFIT_103203,R4_ALT_CEM_1,REPEAT3_REALACT,COMPLETE,1,False,True,a81de34665a0bbb5a3e6c7f917d34ac723cbc589c9a0027c6c9d3f41e0a171bd,e6d40b5cdef2a0874dabbd55c5c06fe1f7d1a38f9debb1ac6572b079fb457d26
R6_reacher_09a47a8bb70067f36643bc00,REFIT_103203,R4_ALT_CEM_2,H_POLICY,FRESH_PAIRED_CONTROL,1,False,,3cdedeb0ad93c246edb23e59754b36fddd9c0ebc275aa6108f451299de8081b5,
R6_reacher_09a47a8bb70067f36643bc00,REFIT_103203,R4_ALT_CEM_2,REAL3_NULLACT,COMPLETE,1,False,True,6a96929078fbfe494847ce4fc53f5b8c780edc59dc7344c061f80dfb0e0b7081,1b84f43cdec5e3716acaa2e53a2da8e569c2049477ed4e130ce961960bd6bde6
R6_reacher_09a47a8bb70067f36643bc00,REFIT_103203,R4_ALT_CEM_2,REPEAT3_REALACT,COMPLETE,1,False,True,36b6ff1c6bf81cdffd4546a3634ef0cc4ac16d5555948ff08236e990d6ac4b2d,1b84f43cdec5e3716acaa2e53a2da8e569c2049477ed4e130ce961960bd6bde6
R6_reacher_09b6d2b9f5e37ac12c42b2de,H0,R3_ORIGINAL,H_POLICY,FRESH_PAIRED_CONTROL,1,True,,1a8454f09bbe41917d8b852fddcdcdc76bb6863c4e772ca7cf79a9cf828292e2,
R6_reacher_09b6d2b9f5e37ac12c42b2de,H0,R3_ORIGINAL,REAL3_NULLACT,COMPLETE,1,True,True,ad687ad65c3e444186f41b55ab904e3a34e18497833715c33620cd6f192b9c29,dcbc0e7b2104db30fbec7d5b77fa6692fb1211538da99f30ce018b80d1594b7b
R6_reacher_09b6d2b9f5e37ac12c42b2de,H0,R3_ORIGINAL,REPEAT3_REALACT,COMPLETE,1,True,True,5885fa8c12d48d70da0fc33eb943b8ee5d9eef2f67f1c49de5e1141660da0c35,6dc88f126966d18e2e0d6c886dd12b7822de48915e296d783fcb6b185c74d4d1
R6_reacher_09b6d2b9f5e37ac12c42b2de,H0,R4_ALT_CEM_1,H_POLICY,FRESH_PAIRED_CONTROL,1,False,,ced045803234d712baa19930c902060ba8aaa5efb99b12352ae31213c1deb465,
R6_reacher_09b6d2b9f5e37ac12c42b2de,H0,R4_ALT_CEM_1,REAL3_NULLACT,COMPLETE,1,False,True,59d4ec3aec592729b371a4eb53e90a128daaf8a4becde957b3e563408ff3c29d,7abe2f0a581cc830b9cdc9c9b8ddbff863c5c004a6abf8c630e23d8904d806bd
R6_reacher_09b6d2b9f5e37ac12c42b2de,H0,R4_ALT_CEM_1,REPEAT3_REALACT,COMPLETE,1,False,True,7f7a538db9db1f8f78c4fd8833d6b922349b8b2da5bb36fa8f3652e74ef58c8f,7abe2f0a581cc830b9cdc9c9b8ddbff863c5c004a6abf8c630e23d8904d806bd
R6_reacher_09b6d2b9f5e37ac12c42b2de,H0,R4_ALT_CEM_2,H_POLICY,FRESH_PAIRED_CONTROL,1,True,,75086766c8bc86660166a3fb5167fe746ee552fc12cb382e42bda30efb5b7dc1,
R6_reacher_09b6d2b9f5e37ac12c42b2de,H0,R4_ALT_CEM_2,REAL3_NULLACT,COMPLETE,1,True,True,b2291ec028435f9a0dab36559bd13562c2d5639bf87f406da272d4abf5ba4c51,885d60460f2a6eb1a6d54111935526ff5537a005ad61307b365821e8f663bd50
R6_reacher_09b6d2b9f5e37ac12c42b2de,H0,R4_ALT_CEM_2,REPEAT3_REALACT,COMPLETE,1,True,True,eba28af4aed6f8aa706b7605866a08a2b1575f51adc477ec7840d034dfe57721,cdcf41e5bb443f3d92c227f78659bf3fde526502379adb8cfb89a9fc42c46f60
R6_reacher_09b6d2b9f5e37ac12c42b2de,REFIT_103201,R3_ORIGINAL,H_POLICY,FRESH_PAIRED_CONTROL,1,False,,46896c52f39794faa894bb76a9e11e1cb64ad8802d1ce94787785c799ef1a688,
R6_reacher_09b6d2b9f5e37ac12c42b2de,REFIT_103201,R3_ORIGINAL,REAL3_NULLACT,COMPLETE,1,False,True,719f7726903b97e41266e64187e491ced442edee2ffe4daabe5eab01df316fc2,3e517f8c8bc51f56d049742c1367130172b6d7a86618aaf35e1bb0950e6ae0a7
R6_reacher_09b6d2b9f5e37ac12c42b2de,REFIT_103201,R3_ORIGINAL,REPEAT3_REALACT,COMPLETE,1,False,True,0ba3712225d6888820368d7e9335550e09337ca8cc333ea3b3728b53a3bc3c01,3e517f8c8bc51f56d049742c1367130172b6d7a86618aaf35e1bb0950e6ae0a7
R6_reacher_09b6d2b9f5e37ac12c42b2de,REFIT_103201,R4_ALT_CEM_1,H_POLICY,FRESH_PAIRED_CONTROL,1,False,,53c6e04c01a78a48aea3ae44585b3e52e70e9683948d7803bc4c9f26281efb85,
R6_reacher_09b6d2b9f5e37ac12c42b2de,REFIT_103201,R4_ALT_CEM_1,REAL3_NULLACT,COMPLETE,1,False,True,fd9033748396e7e934eb40d9b8b1180369fd1c5c32988b86f7c48a657d8230c6,359fe595f9351353c4a85883eaf4e409a3848617091ce8701f9dd4c6e76ebb05
R6_reacher_09b6d2b9f5e37ac12c42b2de,REFIT_103201,R4_ALT_CEM_1,REPEAT3_REALACT,COMPLETE,1,False,True,cca404bc1c2bb2a17f974d8878979b9ce656451f8a15672089c5b3a2f623f5b7,359fe595f9351353c4a85883eaf4e409a3848617091ce8701f9dd4c6e76ebb05
R6_reacher_09b6d2b9f5e37ac12c42b2de,REFIT_103201,R4_ALT_CEM_2,H_POLICY,FRESH_PAIRED_CONTROL,1,True,,fa1d6af9ca822d0fab9645c5dd57f5b829c131a7dcb45829efd921f18b25df5b,
R6_reacher_09b6d2b9f5e37ac12c42b2de,REFIT_103201,R4_ALT_CEM_2,REAL3_NULLACT,COMPLETE,1,True,True,9962f110416674df9cdbe495cbe41179d4f278edaa0dc80b192d1fad43b357e5,79a7f72559c5e7c7a0447ae91802707437c64f40ebd059cc6874270f28ad796c
R6_reacher_09b6d2b9f5e37ac12c42b2de,REFIT_103201,R4_ALT_CEM_2,REPEAT3_REALACT,COMPLETE,1,True,True,ec0b0a4d6efc9ea1f5a92a15b1bf403775940d0cecb6bb80aaa0bae46f2de173,8f29fda4033bfb7e6988e523b8b7ecd3c6b7853862f21da0f55597db6dadac74
R6_reacher_09b6d2b9f5e37ac12c42b2de,REFIT_103202,R3_ORIGINAL,H_POLICY,FRESH_PAIRED_CONTROL,1,True,,8881a89b6984a43a453337e81901d99d499e4813228ac094e266aafedd99773b,
R6_reacher_09b6d2b9f5e37ac12c42b2de,REFIT_103202,R3_ORIGINAL,REAL3_NULLACT,COMPLETE,1,True,True,44bff8b98b538e48f3016aefa7125eef567bec5c19751e651ccfeaaae04bfe3b,44fcf4607209eae93bcc64185f6e8c0902dfbe016e586f732a52e5b6a567f16f
R6_reacher_09b6d2b9f5e37ac12c42b2de,REFIT_103202,R3_ORIGINAL,REPEAT3_REALACT,COMPLETE,1,True,True,556b2c511660ecc68955e8e71b0325e36f9ebb6643769ea68462d79d602e37a6,e9ea9efcb12532596235fb51ec46b6165aab69634e07f7e3fe53a6f3e0abed1d
R6_reacher_09b6d2b9f5e37ac12c42b2de,REFIT_103202,R4_ALT_CEM_1,H_POLICY,FRESH_PAIRED_CONTROL,1,False,,9d4a21876d29ac24fac30e434741cec1e8be37e5f5445af964e7ec31c4508c2d,
R6_reacher_09b6d2b9f5e37ac12c42b2de,REFIT_103202,R4_ALT_CEM_1,REAL3_NULLACT,COMPLETE,1,False,True,d3b1adbf639c0724a6416bbdcc26bfe65ab2b2fffb871c84f9c6d4862a32baa9,8ffac5d49002a0558485459ae8b1f7ffe02ed200e174d49e649f56d2c7299887
R6_reacher_09b6d2b9f5e37ac12c42b2de,REFIT_103202,R4_ALT_CEM_1,REPEAT3_REALACT,COMPLETE,1,False,True,56ce2c3dd76e5b716377676abc65e8483538bde856bd78b52a9c3c0c72d6d2e9,8ffac5d49002a0558485459ae8b1f7ffe02ed200e174d49e649f56d2c7299887
R6_reacher_09b6d2b9f5e37ac12c42b2de,REFIT_103202,R4_ALT_CEM_2,H_POLICY,FRESH_PAIRED_CONTROL,1,True,,36c519f34e61da01c1a3bec4ce4e72323f022417f066dbc1800932cc4b903e5c,
R6_reacher_09b6d2b9f5e37ac12c42b2de,REFIT_103202,R4_ALT_CEM_2,REAL3_NULLACT,COMPLETE,1,True,True,add4af9f3fd49ed5a2fa2e032715eeeb9d2822e808583323ebd41e31fa0a150b,ab5cee96c718bc3965a4f9e15f4e8f13ba6a558ac21f8b7f7131e9bd1efb654a
R6_reacher_09b6d2b9f5e37ac12c42b2de,REFIT_103202,R4_ALT_CEM_2,REPEAT3_REALACT,COMPLETE,1,True,True,ccbed0e7aa669d8c38d878254353a01d270217fc4849a71cbb6d6330bccb9f3e,16cb0ef9852a146a8d89993e8c9201e6ed3dc583c9fcaded19b54c5f7e41a17b
R6_reacher_09b6d2b9f5e37ac12c42b2de,REFIT_103203,R3_ORIGINAL,H_POLICY,FRESH_PAIRED_CONTROL,1,True,,d66bf2d2a41078246e5db5ce8626b717ee9857a2ef2eff38c1a77f27c3ef946d,
R6_reacher_09b6d2b9f5e37ac12c42b2de,REFIT_103203,R3_ORIGINAL,REAL3_NULLACT,COMPLETE,1,True,True,c140673d0fcb4d3262305397b26897c66f452b65365a50c3488246cb0e71d0cf,817aaf489d638c83a8e4b8743a229f0bcb699ed7bce32320d56819f7217d1073
R6_reacher_09b6d2b9f5e37ac12c42b2de,REFIT_103203,R3_ORIGINAL,REPEAT3_REALACT,COMPLETE,1,True,True,cb4bba03da792d8f52690516ff9dcb28a08941a96f6e20d21ed3a3d32d1bc895,2922cc50601bda941018b7b50c84b5bd5a07241ebfe47bf65ac7c3edf2f52376
R6_reacher_09b6d2b9f5e37ac12c42b2de,REFIT_103203,R4_ALT_CEM_1,H_POLICY,FRESH_PAIRED_CONTROL,1,True,,907eb889b917666a82aab640f2ac26b459e3d68fed0ac4ac372ad61e6be0dba3,
R6_reacher_09b6d2b9f5e37ac12c42b2de,REFIT_103203,R4_ALT_CEM_1,REAL3_NULLACT,COMPLETE,1,True,True,1ea62f6d55f71ae2ea85b49b930fa1b60f80c293486d167c39e6a45ff222eee3,052a8108305c5cefa74959cd7f1098b1c8469ae87958d927fc4e3842b454685d
R6_reacher_09b6d2b9f5e37ac12c42b2de,REFIT_103203,R4_ALT_CEM_1,REPEAT3_REALACT,COMPLETE,1,True,True,a724b357c11b1aed0cf48e36672dabeb152eb9b9bd555a81853f6776882456d2,30b0118595facfc465bfac8462748c83a2bff67eacb7164c1b6f91749ee72d4a
R6_reacher_09b6d2b9f5e37ac12c42b2de,REFIT_103203,R4_ALT_CEM_2,H_POLICY,FRESH_PAIRED_CONTROL,1,True,,3728261fe893d17482ee4e47c1184c13e2ed41fc7e704d99875e1b71f4b6f771,
R6_reacher_09b6d2b9f5e37ac12c42b2de,REFIT_103203,R4_ALT_CEM_2,REAL3_NULLACT,COMPLETE,1,True,True,2f8b6720211075fd7d7816fac1578fbb3e88ea61faa759785df9d724103ecb7e,9000b3e609c56b8a2d22a2f59481215148be475eb0872c329395e5dc07cd6a45
R6_reacher_09b6d2b9f5e37ac12c42b2de,REFIT_103203,R4_ALT_CEM_2,REPEAT3_REALACT,COMPLETE,1,True,True,ae76e6fd2ce4ddcdb8e236cdc0cfb21a605fd6a1258ad315f42e56acb1ceca34,ea2ffea551b8987fd193677aa5afe7417fe0ece2fc2a87b7b395ba35319fd48a
R6_reacher_09cac336578dc22db2b55aa2,H0,R3_ORIGINAL,H_POLICY,FRESH_PAIRED_CONTROL,0,True,,75c4f491d2fe4b13d2d7872ec23b6a54df5e61eef2e46e6e68ebd1aa3a2f2ab5,
R6_reacher_09cac336578dc22db2b55aa2,H0,R3_ORIGINAL,REAL3_NULLACT,COMPLETE,0,True,True,9716d1aa850e2bab3f31fb4b45e6a3da6c2de7fc7bacca35a3ba28aedbd979ad,295826c65945eb9f922e6a542b7110aca170d7d0b7eeb9b50679a9c359e561c1
R6_reacher_09cac336578dc22db2b55aa2,H0,R3_ORIGINAL,REPEAT3_REALACT,COMPLETE,1,True,True,ab90d892dbfaffd5939718737e6a54ea5494dd6183c165810f70d5dedbdc2681,a7fa78aad513705393e7cf759eb73804b252a41851b5b94da300e527d693c7f7
R6_reacher_09cac336578dc22db2b55aa2,H0,R4_ALT_CEM_1,H_POLICY,FRESH_PAIRED_CONTROL,1,False,,f30869e67cfb6e67d50571be6dd1f871c0c47d647e96558ca46224ce9b4118a3,
R6_reacher_09cac336578dc22db2b55aa2,H0,R4_ALT_CEM_1,REAL3_NULLACT,COMPLETE,1,False,True,86824572fc98c781958a21ef09f4bc278a590793ac3a38af95d976e5e1d76d74,5bbd3c61e57cd2ec5e9bee9e554e70c892b2cdf251b186c248f9fe0e2d80f3ad
R6_reacher_09cac336578dc22db2b55aa2,H0,R4_ALT_CEM_1,REPEAT3_REALACT,COMPLETE,1,False,True,ab76c42b96bd0e1a82d92c2a8ea1d796581ff4c40c123a433fd3e2ef04e42f23,5bbd3c61e57cd2ec5e9bee9e554e70c892b2cdf251b186c248f9fe0e2d80f3ad
R6_reacher_09cac336578dc22db2b55aa2,H0,R4_ALT_CEM_2,H_POLICY,FRESH_PAIRED_CONTROL,0,True,,13df505fbf87a0c3775b69f50abaf4a44ad83c11c27705d3b7d08149c7865516,
R6_reacher_09cac336578dc22db2b55aa2,H0,R4_ALT_CEM_2,REAL3_NULLACT,COMPLETE,0,True,True,c40fe64a7791f025035d9feb4e2fa31cd1ef9527867d05d676c05bf6465f03dd,047a4f1f66f5489d18360654e5980a98c65d7da6c07449dc2d71afd6e5e0a1b6
R6_reacher_09cac336578dc22db2b55aa2,H0,R4_ALT_CEM_2,REPEAT3_REALACT,COMPLETE,1,True,True,07644480743bd7eb6099b4f963cca7255731c476ba8d9652e2e3763a8c88070a,977f205fbbe474cb8aa6a1eb0bfe5d8edbf4a17dc8e7cc59553b8fe55146762e
R6_reacher_09cac336578dc22db2b55aa2,REFIT_103201,R3_ORIGINAL,H_POLICY,FRESH_PAIRED_CONTROL,0,True,,0947dbb5d305c8666bcf8b215f317324f4d0e06d96f35478ad779619342aaf10,
R6_reacher_09cac336578dc22db2b55aa2,REFIT_103201,R3_ORIGINAL,REAL3_NULLACT,COMPLETE,0,True,True,09674e3f24aa8b1c18e56786a34065e62f216cc2e77e53626226092101de7ac6,4989588c21a7743073bac12e376a2013bffb909bb9c03f22124d27d3361ace01
R6_reacher_09cac336578dc22db2b55aa2,REFIT_103201,R3_ORIGINAL,REPEAT3_REALACT,COMPLETE,1,True,True,07d709ec5b9db7e9b7c947a98b73a028e344360f405aa49e3f622d62caa632f0,28621ca93f1c561f0475894cab19d934faba8a4747175c1953377f801c494915
R6_reacher_09cac336578dc22db2b55aa2,REFIT_103201,R4_ALT_CEM_1,H_POLICY,FRESH_PAIRED_CONTROL,1,False,,80a931ce67d1a98ef4e8eb42ea7eeb72ef523471f18199ca5119e5b1a2e65d4f,
R6_reacher_09cac336578dc22db2b55aa2,REFIT_103201,R4_ALT_CEM_1,REAL3_NULLACT,COMPLETE,1,False,True,df105d2803ec1b935bdfe0319eedea6ab74d8bba1122afbfa5e024aecfca318e,b48868ae23fe6fe167a34f67dc23c23527aa7fae093839927d048baec3132b41
R6_reacher_09cac336578dc22db2b55aa2,REFIT_103201,R4_ALT_CEM_1,REPEAT3_REALACT,COMPLETE,1,False,True,16f56338de3e798fa1f1e1beccd1aec4455849e957b2d2e72eb754656517e2c5,b48868ae23fe6fe167a34f67dc23c23527aa7fae093839927d048baec3132b41
R6_reacher_09cac336578dc22db2b55aa2,REFIT_103201,R4_ALT_CEM_2,H_POLICY,FRESH_PAIRED_CONTROL,1,False,,32488ceb4e330b8869dc9062bcedaeed64df542aa3e3a8d6a65272535e650c1e,
R6_reacher_09cac336578dc22db2b55aa2,REFIT_103201,R4_ALT_CEM_2,REAL3_NULLACT,COMPLETE,1,False,True,2b2f85bd39644d8c1edd4768de7d572cfc8a41d7cb09645b64cb46616ab7208d,cfbc3f07bc4530c88a9065e62ba35ca5c016fa14389c64f8fc2fa46aecb11f1c
R6_reacher_09cac336578dc22db2b55aa2,REFIT_103201,R4_ALT_CEM_2,REPEAT3_REALACT,COMPLETE,1,False,True,5860a3ce0d489706fca0d29e8148f233c81cc47d75d64c4f5697e9f7518b7937,cfbc3f07bc4530c88a9065e62ba35ca5c016fa14389c64f8fc2fa46aecb11f1c
R6_reacher_09cac336578dc22db2b55aa2,REFIT_103202,R3_ORIGINAL,H_POLICY,FRESH_PAIRED_CONTROL,1,False,,56a7d1df09cf170674ba72eb19695da3ddb67153bf11b304194b4d6d88efe88c,
R6_reacher_09cac336578dc22db2b55aa2,REFIT_103202,R3_ORIGINAL,REAL3_NULLACT,COMPLETE,1,False,True,f278d39b77e622812e32de8e817da4e9a71eee97b9db8b080a1a6d41436dbaf1,da8094ed45a9e120d731733afba21d8bb34e97a49c9567a264e49c1270643249
R6_reacher_09cac336578dc22db2b55aa2,REFIT_103202,R3_ORIGINAL,REPEAT3_REALACT,COMPLETE,1,False,True,36be5465653e1209100909ceb6812ff0ea85d4a21ab40772e10bc241a209acd6,da8094ed45a9e120d731733afba21d8bb34e97a49c9567a264e49c1270643249
R6_reacher_09cac336578dc22db2b55aa2,REFIT_103202,R4_ALT_CEM_1,H_POLICY,FRESH_PAIRED_CONTROL,0,True,,7b72e380530ced7d7e432732180a0013f332786d657009569748b664b7b2eef7,
R6_reacher_09cac336578dc22db2b55aa2,REFIT_103202,R4_ALT_CEM_1,REAL3_NULLACT,COMPLETE,0,True,True,65f7e6b656deb35f2f8416b3942763c959b3bcd8b0c6462f5bc1819eb1308dd8,735ce36186b7b00584c866f218fd389d113668336f913bf91443f050fb9cf6c1
R6_reacher_09cac336578dc22db2b55aa2,REFIT_103202,R4_ALT_CEM_1,REPEAT3_REALACT,COMPLETE,1,True,True,1707dba405ee05a1fc0b64aa3cbb1ce4125ae32abe3116ca8f34b14821aea7c4,9268496c3902450cfb83ce04aabf0707e80776189459fc9e6c43d24976d01a2c
R6_reacher_09cac336578dc22db2b55aa2,REFIT_103202,R4_ALT_CEM_2,H_POLICY,FRESH_PAIRED_CONTROL,1,True,,ba4fcd6265600d663f89d1cad6102a871b2a2d64fc6dbf66b5af759b1291ad05,
R6_reacher_09cac336578dc22db2b55aa2,REFIT_103202,R4_ALT_CEM_2,REAL3_NULLACT,COMPLETE,1,True,True,be4a715eea997fcd1da76344fb5e154ac85e4911a76cad2bf08de775932db2e2,e5a9fb4b662da2a98f6f4a6a9801ca003629574fef1aea5cc1466ae7fe493edd
R6_reacher_09cac336578dc22db2b55aa2,REFIT_103202,R4_ALT_CEM_2,REPEAT3_REALACT,COMPLETE,1,True,True,613d51630f3d536c4cb8e758f9f718efffa59206d8c8d23bf1f68ccd9af5a2cd,6af64550b56321d2d6a8bd6a3503214a985ba28339f970ef6995e6e0083407c6
R6_reacher_09cac336578dc22db2b55aa2,REFIT_103203,R3_ORIGINAL,H_POLICY,FRESH_PAIRED_CONTROL,1,False,,f55fede77a1eec1306517b2ad8fc06a220f241449b121ebd51948e634965f351,
R6_reacher_09cac336578dc22db2b55aa2,REFIT_103203,R3_ORIGINAL,REAL3_NULLACT,COMPLETE,1,False,True,61fac04aa4e3e97e744fbe15f0a91276c0ac90d7a07504ca881e8e42d2d72a18,efcd04f26782b9f1d0f0fceac0ec6b5ff50f0c7bd075f6acb0645d21b8b3e0ed
R6_reacher_09cac336578dc22db2b55aa2,REFIT_103203,R3_ORIGINAL,REPEAT3_REALACT,COMPLETE,1,False,True,a935cc75aedf3bb07c9947ad759cf0448306e21c1f6237f67af68aa6f5e19cd1,efcd04f26782b9f1d0f0fceac0ec6b5ff50f0c7bd075f6acb0645d21b8b3e0ed
R6_reacher_09cac336578dc22db2b55aa2,REFIT_103203,R4_ALT_CEM_1,H_POLICY,FRESH_PAIRED_CONTROL,0,True,,22e4ea456aeb90bcf73eccfff8a89b82c999aaa6cf0934cfb4aa61c5075dfec7,
R6_reacher_09cac336578dc22db2b55aa2,REFIT_103203,R4_ALT_CEM_1,REAL3_NULLACT,COMPLETE,0,True,True,f40bf71d39758d9b2130433971c56559b0a70f057a10e1e526d608c3b97df9e8,0dd00a1f8faa4f511fab0b8afb1a1e1761012e95953c9b47e3ba25e0a92f2293
R6_reacher_09cac336578dc22db2b55aa2,REFIT_103203,R4_ALT_CEM_1,REPEAT3_REALACT,COMPLETE,1,True,True,bee373e4d24550a17f29dc4a80c7ad0380555165e9748e029a4c446a9d644964,c7b76d036e19d51224fcbf41d923381c3d1e34a55a2cd2dee13ec464f8462476
R6_reacher_09cac336578dc22db2b55aa2,REFIT_103203,R4_ALT_CEM_2,H_POLICY,FRESH_PAIRED_CONTROL,1,False,,2fabc0aaf3e1390a8e9a89dfa29416c984d73d8df5372cfa6494f249e35711b2,
R6_reacher_09cac336578dc22db2b55aa2,REFIT_103203,R4_ALT_CEM_2,REAL3_NULLACT,COMPLETE,1,False,True,f445d5dba73e7b7dcf88c71ee28b8c2a4f121f19b4a8bb66be9c522c911fd8d4,261d5cbb564b4e3d0518c71b488a878c85892fd2e6783ef89a872ce272959af2
R6_reacher_09cac336578dc22db2b55aa2,REFIT_103203,R4_ALT_CEM_2,REPEAT3_REALACT,COMPLETE,1,False,True,4d1ef100bdda6d54fd40f338331880287f6fb2b8db847bd9bdc1dff39f4cf79f,261d5cbb564b4e3d0518c71b488a878c85892fd2e6783ef89a872ce272959af2
R6_reacher_09cf773ec6c44d3a53bda2cc,H0,R3_ORIGINAL,H_POLICY,FRESH_PAIRED_CONTROL,1,False,,a77df43b7136ed51f8984fe18599d1606f31cfa2f2c355aa518d8f2584a24b11,
R6_reacher_09cf773ec6c44d3a53bda2cc,H0,R3_ORIGINAL,REAL3_NULLACT,COMPLETE,1,False,True,970d7c3746b9ae234f68153619e1ca958281ac74ab0e2f92d8ec8f18b4f6700b,28a8d8098fa8320cc0b8435406374daf9b8bf16a656c99cd2567eb07955c68cc
R6_reacher_09cf773ec6c44d3a53bda2cc,H0,R3_ORIGINAL,REPEAT3_REALACT,COMPLETE,1,False,True,86fd2d661e8f96c09c37f1c0e5ecf941e3c13ab283a86b8beb280ef6b53fee04,28a8d8098fa8320cc0b8435406374daf9b8bf16a656c99cd2567eb07955c68cc
R6_reacher_09cf773ec6c44d3a53bda2cc,H0,R4_ALT_CEM_1,H_POLICY,FRESH_PAIRED_CONTROL,0,True,,3abccda88ef631b99b33afd092bab3dd293bf8790d0fa356ea54dbdb5cf431f5,
R6_reacher_09cf773ec6c44d3a53bda2cc,H0,R4_ALT_CEM_1,REAL3_NULLACT,COMPLETE,0,True,True,5fe62e4e2c0e6f008a5b3c9ecd057991a3679b06880e867c2ce8918be3926f88,9311dd25260a720da64281a001cce3388e994bc050841d4edf3af87f2c8d3036
R6_reacher_09cf773ec6c44d3a53bda2cc,H0,R4_ALT_CEM_1,REPEAT3_REALACT,COMPLETE,1,True,True,22ac07a1bb4a03cf1284446775ae50d1b6db36be8eff9fb96b0aa17f00b137c7,c634c6655e678a4b7f491996cdc251d589c9bed36b426a5c3a83c91472a5a0a2
R6_reacher_09cf773ec6c44d3a53bda2cc,H0,R4_ALT_CEM_2,H_POLICY,FRESH_PAIRED_CONTROL,1,True,,f3a01ed7d2fe181c91ddce0a6c5323d544a1b681012b1892bcff9f7fdcb1c6fc,
R6_reacher_09cf773ec6c44d3a53bda2cc,H0,R4_ALT_CEM_2,REAL3_NULLACT,COMPLETE,1,True,True,5ee9634a2268fd61b267d867c97cb640647d271403c4d55e3f5f9c4bdb30a83a,5f25f5894cb9d1626547d349eb07b626ee61d11757ca8ef38f354c9dc9a3f996
R6_reacher_09cf773ec6c44d3a53bda2cc,H0,R4_ALT_CEM_2,REPEAT3_REALACT,COMPLETE,1,True,True,b6279629c83ada000b438bf1186bf8fa2b2b15ef925178e6898680888384c09e,f9071ef08269b5f687ac60459a810318d99ccd2dc477346fa3738706001b785a
R6_reacher_09cf773ec6c44d3a53bda2cc,REFIT_103201,R3_ORIGINAL,H_POLICY,FRESH_PAIRED_CONTROL,1,True,,84e0e26572c6ad157c6fdda17d79f76a1dc7ddc42253c2b79b6c06c737dc1fd8,
R6_reacher_09cf773ec6c44d3a53bda2cc,REFIT_103201,R3_ORIGINAL,REAL3_NULLACT,COMPLETE,1,True,True,f5d78ffbc54ec48a555d5c881cda6c6d283a522be79f7c9106e0e2b3f12f6293,c777ea533be4301fd3d93719566d445be8f0637c06c11c0dbaca6298b95bce94
R6_reacher_09cf773ec6c44d3a53bda2cc,REFIT_103201,R3_ORIGINAL,REPEAT3_REALACT,COMPLETE,1,True,True,7bfe49715cbc246aee4c04db45a24919f425b9195d4ec17058e80a2d0de5c2d9,896a1b7d39da553ae158bb52ba064dbdbea4a0bbf41ab63c540e5046453d6ba9
R6_reacher_09cf773ec6c44d3a53bda2cc,REFIT_103201,R4_ALT_CEM_1,H_POLICY,FRESH_PAIRED_CONTROL,1,True,,b794af407752c2a009d8ba4f4e41a0e1e5be9aa138fff818181220ae4fa6fa23,
R6_reacher_09cf773ec6c44d3a53bda2cc,REFIT_103201,R4_ALT_CEM_1,REAL3_NULLACT,COMPLETE,1,True,True,3213961e2c4d2815daf5079d60be206cabceba5ddb71fabd439f6baa8d139bd5,f857a9458e55698ec0d03cbf4a6906860819e727c6b7454bdd1d6f6bcfbdbd9c
R6_reacher_09cf773ec6c44d3a53bda2cc,REFIT_103201,R4_ALT_CEM_1,REPEAT3_REALACT,COMPLETE,1,True,True,f39de4558ad4c2eacb726b15b222d5506d649331719f005bc19c3509abc74cab,da7ae76b1e98f95927345e6f072764ee19366224913efefadde23464d7e98e0e
R6_reacher_09cf773ec6c44d3a53bda2cc,REFIT_103201,R4_ALT_CEM_2,H_POLICY,FRESH_PAIRED_CONTROL,1,True,,ccddf51198487a911e8358b2edd3dab19849c6480e483541a95d5e4eaec33fc6,
R6_reacher_09cf773ec6c44d3a53bda2cc,REFIT_103201,R4_ALT_CEM_2,REAL3_NULLACT,COMPLETE,1,True,True,7da08bbe90eb9f337838007af4a33ed78d2325aa65c3d48f54143d4f58689a32,3c907616eada6191de3cdbdf4a88e632a60445f1f8073f56238ea3960ac65bdd
R6_reacher_09cf773ec6c44d3a53bda2cc,REFIT_103201,R4_ALT_CEM_2,REPEAT3_REALACT,COMPLETE,1,True,True,aa3270046869190073f02b0235b9a9052b6871d16ecc0247bd4cd58ec1aec064,13ce980052ab7762d232db18029c9e40d38b7f3df7cb0a947b61fbaeeb32e4be
R6_reacher_09cf773ec6c44d3a53bda2cc,REFIT_103202,R3_ORIGINAL,H_POLICY,FRESH_PAIRED_CONTROL,0,True,,960ad36f8840d79f390c61f7429fc0620ffa9ae42557066a1621e79424b05959,
R6_reacher_09cf773ec6c44d3a53bda2cc,REFIT_103202,R3_ORIGINAL,REAL3_NULLACT,COMPLETE,1,True,True,de8d395968ba72b5cd65d8b10ba0a09965c604a0c0c87c891dce010a9c808426,7948be65da1a36db2cb56bec83c896148a3b518f8279a81367fd1235660eb926
R6_reacher_09cf773ec6c44d3a53bda2cc,REFIT_103202,R3_ORIGINAL,REPEAT3_REALACT,COMPLETE,1,True,True,b5656e95e29c1c5b1efb94b8b57915ca08f1e478d039622bbd35934acdd0760a,df25b1770369e539fe5146baa852628f412f271a40c546d0022932419a539688
R6_reacher_09cf773ec6c44d3a53bda2cc,REFIT_103202,R4_ALT_CEM_1,H_POLICY,FRESH_PAIRED_CONTROL,0,True,,2e7915b8b7b1f529219069505c899ebef2233ca03e283441d30013cc3df71cdd,
R6_reacher_09cf773ec6c44d3a53bda2cc,REFIT_103202,R4_ALT_CEM_1,REAL3_NULLACT,COMPLETE,1,True,True,cabccd5c8d979775184024e8c075513ad8686b37d7d20b44b927502ebd574df5,f6acfdb85fd907935a496341d69a49bc8a551559e5fcc1dad138fcfa1081acd9
R6_reacher_09cf773ec6c44d3a53bda2cc,REFIT_103202,R4_ALT_CEM_1,REPEAT3_REALACT,COMPLETE,1,True,True,d3b215f5bf2c1fdcd26835a9bca2b0b4b5261f55df4ebb8838bdaf2b8c7f4e04,ef68a6ed005b9e37367b4f1b35f586f1358c87dd57bd1a8e7d92a5f231703870
R6_reacher_09cf773ec6c44d3a53bda2cc,REFIT_103202,R4_ALT_CEM_2,H_POLICY,FRESH_PAIRED_CONTROL,1,True,,692d1eb401179bdb7f7875ecd1d403508a9af90558537e8061d586e0d57aec3f,
R6_reacher_09cf773ec6c44d3a53bda2cc,REFIT_103202,R4_ALT_CEM_2,REAL3_NULLACT,COMPLETE,1,True,True,e7e5bd3c16b7baae474a8a47ef25314920a129b79687f0e4beece26c43732f5e,109b2f66ad18dd34118f2654f224237a8c4ea9c0441b52055f0ca1bb171a6534
R6_reacher_09cf773ec6c44d3a53bda2cc,REFIT_103202,R4_ALT_CEM_2,REPEAT3_REALACT,COMPLETE,1,True,True,2711c403db83a42474b1412dae05ad78d4afd59a5d72869bb418774a780fa1b9,e154a76c98f5307d2728d49229a5355450b8b2f363a14d445c25eb5d2979d1ea
R6_reacher_09cf773ec6c44d3a53bda2cc,REFIT_103203,R3_ORIGINAL,H_POLICY,FRESH_PAIRED_CONTROL,0,True,,8fdb381e639c6f7003498631250bea62dc18fe10360ed4c94c937591e44720ed,
R6_reacher_09cf773ec6c44d3a53bda2cc,REFIT_103203,R3_ORIGINAL,REAL3_NULLACT,COMPLETE,0,True,True,38daf5fdcbe503d99716635e1d341a5e86b80524dab9555b4b948e2cb6969db7,f79d047d094504f6f1cc83a6d7572331dad36477840b438c80b662e6b939d13a
R6_reacher_09cf773ec6c44d3a53bda2cc,REFIT_103203,R3_ORIGINAL,REPEAT3_REALACT,COMPLETE,1,True,True,fc220fb5d966cd3be8dacf076660131d9cb687aa93ed991977fb176aee6cefc1,25ffc98d78029ae8422fe983cb4cfa1088e4e0c7ab6c62ba221a85340c1aeff1
R6_reacher_09cf773ec6c44d3a53bda2cc,REFIT_103203,R4_ALT_CEM_1,H_POLICY,FRESH_PAIRED_CONTROL,1,True,,6b7f74443ba0b6829e96b2c1f76ada595870edf6b190a433e784174b7a6ecf0f,
R6_reacher_09cf773ec6c44d3a53bda2cc,REFIT_103203,R4_ALT_CEM_1,REAL3_NULLACT,COMPLETE,1,True,True,b2d9bbaf6f9a4cf8a0106e458d3c3463b9064b46ef9065c4b2596f41f5896894,8ec3a19e1ae70849a10b556e08a94a8b0d50c2d60b03560e86d3d6a5dc62e23b
R6_reacher_09cf773ec6c44d3a53bda2cc,REFIT_103203,R4_ALT_CEM_1,REPEAT3_REALACT,COMPLETE,0,True,True,f5b3e31af389c837ce5903da6e48937a363d72ec6aaf0a15067eecaa737c4f21,ae38bd1b3fcb9d2772a8a35b7625901a52f532eab762183782b993d396da4526
R6_reacher_09cf773ec6c44d3a53bda2cc,REFIT_103203,R4_ALT_CEM_2,H_POLICY,FRESH_PAIRED_CONTROL,1,True,,d322a4182a61babdb6e4aca65f042867b8031f9cf1e775faded1d5a9d1eeedbc,
R6_reacher_09cf773ec6c44d3a53bda2cc,REFIT_103203,R4_ALT_CEM_2,REAL3_NULLACT,COMPLETE,1,True,True,c9bd17bf5acc3a06ad6ffff18800cafd38d931ad407b28ec8e723eb2b5b28b5a,4af703268ef57fea6efd13568c833b194e20f3181190c8bf3d0fd6383b7a4922
R6_reacher_09cf773ec6c44d3a53bda2cc,REFIT_103203,R4_ALT_CEM_2,REPEAT3_REALACT,COMPLETE,1,True,True,a226e7244f9e67b4873a4fa488343eb5807f16c93561c004204af17c7322516b,d1d02da5b3a1e09005264125ed174b1a97372ee74ff0c2c4cc2f90ed3af7c951
R6_reacher_0a1c76cdd10dec44fa26825d,H0,R3_ORIGINAL,H_POLICY,FRESH_PAIRED_CONTROL,1,True,,0832ca70a898065d10ff006a70e44a91ff299ad4cb69718442228188e051390b,
R6_reacher_0a1c76cdd10dec44fa26825d,H0,R3_ORIGINAL,REAL3_NULLACT,COMPLETE,1,True,True,b077469613305f7f714163e85c0ad43ab8a99ad1639f0d67b1a8827e1f767630,978ec3e6e766eb3fa770435ac2f36c374c7c46e70910b1c0946879f1c846198e
R6_reacher_0a1c76cdd10dec44fa26825d,H0,R3_ORIGINAL,REPEAT3_REALACT,COMPLETE,1,True,True,7220ca4e0100542b5430b0be4ecb6b598c62c49028388c51d5a4f1299e81885b,29cb590a10fbd4f21d2cee388238123a19db4cea8f22412137a23a1005165dc9
R6_reacher_0a1c76cdd10dec44fa26825d,H0,R4_ALT_CEM_1,H_POLICY,FRESH_PAIRED_CONTROL,0,True,,15233e6d0fae535e24cc39482b6ebee19cc1a0518e7eda3de18e8bcb7678f9c4,
R6_reacher_0a1c76cdd10dec44fa26825d,H0,R4_ALT_CEM_1,REAL3_NULLACT,COMPLETE,1,True,True,7b605bc94e7d37bc15b470ea0364d1d5d2fbafabdd93d6fdb73348c271b98e35,a7ce6d352f789fa18a37e3ccde7158921a621d5eb8974f80fd95c6d076620e51
R6_reacher_0a1c76cdd10dec44fa26825d,H0,R4_ALT_CEM_1,REPEAT3_REALACT,COMPLETE,1,True,True,1ff79b912538fbddccd851c149d87ff566e35075d02d72ac659d0e4d09971339,51bef59c1db4faf728f1e6fe20d22c4d42167f08b8fda096caf7294c27062e2f
R6_reacher_0a1c76cdd10dec44fa26825d,H0,R4_ALT_CEM_2,H_POLICY,FRESH_PAIRED_CONTROL,1,True,,ff957ad489ac3ab58f427f8b303ea0d0fb095954a501b8cad7bd94096760e997,
R6_reacher_0a1c76cdd10dec44fa26825d,H0,R4_ALT_CEM_2,REAL3_NULLACT,COMPLETE,0,True,True,ca9f77cc050640dbe5e5c1101d9a9f8735ab2e059d664127a6ef0735825356f2,226b2d47b21c235301e5a52f94d0f7c893c45f65be0d3b313bd4a8880562b30a
R6_reacher_0a1c76cdd10dec44fa26825d,H0,R4_ALT_CEM_2,REPEAT3_REALACT,COMPLETE,1,True,True,2f5b18f5f908430a874e6ecbc69b1561d0ab164646aa322fe4268e6e9196670c,2a438f15a99f76aa4fd831725dbd57492ce50921f32579d5003a19a81fbf4bbb
R6_reacher_0a1c76cdd10dec44fa26825d,REFIT_103201,R3_ORIGINAL,H_POLICY,FRESH_PAIRED_CONTROL,1,True,,2cec6061a18734dcf73f0697e0cec4a4c307e559e26c7baf24b16b8247b8cfa4,
R6_reacher_0a1c76cdd10dec44fa26825d,REFIT_103201,R3_ORIGINAL,REAL3_NULLACT,COMPLETE,1,True,True,e4dc60c8550ae6ae30c52eb468392886ed6015704e1794290db16f2bc9ad4b51,362d654bdff7330af75cd681f23826cdc62b2505a87d936d78c30c8c5c14847d
R6_reacher_0a1c76cdd10dec44fa26825d,REFIT_103201,R3_ORIGINAL,REPEAT3_REALACT,COMPLETE,1,True,True,5b65c3c4b6f034896ec0764150f32c24d4a8004487600bbc4ae9473a4eb65de6,3270e786d9ae5174e60e633cd66e39f172998f9c8c344be344488a0b2b0ceea1
R6_reacher_0a1c76cdd10dec44fa26825d,REFIT_103201,R4_ALT_CEM_1,H_POLICY,FRESH_PAIRED_CONTROL,1,True,,cfe3adb3e73f6026f67248ba9f3e8986f75c38f7d69a33945acfda9323dfd9d3,
R6_reacher_0a1c76cdd10dec44fa26825d,REFIT_103201,R4_ALT_CEM_1,REAL3_NULLACT,COMPLETE,1,True,True,9b6ec28d0a62a2813045380dbf040ee1763c08331a23519c3d18321c5847a7a0,93c4eddc502224246aa7307b67f8a1797c245a45796d6c09e104c8248454e456
R6_reacher_0a1c76cdd10dec44fa26825d,REFIT_103201,R4_ALT_CEM_1,REPEAT3_REALACT,COMPLETE,1,True,True,ca4492bdb7a56bcdeeb8c2b3a136d41666ac83ab3c13d4a189d9759516c28eea,99977c449029745be1cb43e52ab704c7e4924d5af5d90b0ce10249ee25884b17
R6_reacher_0a1c76cdd10dec44fa26825d,REFIT_103201,R4_ALT_CEM_2,H_POLICY,FRESH_PAIRED_CONTROL,1,True,,160afcd4c0b45065e74b0979448ad578ed9b1a0bb6744a1ba66f16a329f08a2f,
R6_reacher_0a1c76cdd10dec44fa26825d,REFIT_103201,R4_ALT_CEM_2,REAL3_NULLACT,COMPLETE,1,True,True,d612ab48a46854ed23528de2cdddfe645c571bc6cb58662bf20632011d7f1ee4,bb54a81b8d194637f3148b33869b7bf67098b10508e16bfb111a56d7600ef735
R6_reacher_0a1c76cdd10dec44fa26825d,REFIT_103201,R4_ALT_CEM_2,REPEAT3_REALACT,COMPLETE,1,True,True,083ee0731f49c1e188c3398161a2c02b87ca27206f1ffaa36185a18b67162db6,6bd916fbf51b278f0a86464e8e134bbc41dd187f63c634c8ff84c9852ae4170f
R6_reacher_0a1c76cdd10dec44fa26825d,REFIT_103202,R3_ORIGINAL,H_POLICY,FRESH_PAIRED_CONTROL,1,True,,9f31db477643c4e5ecdf64c50cab4f2062de88ee212f20b1c9e120a84b9532a9,
R6_reacher_0a1c76cdd10dec44fa26825d,REFIT_103202,R3_ORIGINAL,REAL3_NULLACT,COMPLETE,1,True,True,f2b4a4c20c9c2f12695b257375f4d1710e2af837139ba3d3f9a1a97e9a326696,7d9ea3f736d982b561c07ce7ca1df0b88e11be53112fe9f498c6fe84692db8e9
R6_reacher_0a1c76cdd10dec44fa26825d,REFIT_103202,R3_ORIGINAL,REPEAT3_REALACT,COMPLETE,1,True,True,d21533b3c79fe96c47a63e0e3b6a062fbf3288d40520f308cdd5ce85287ce4b9,8b524c98108afaafd01b5102ecd9541e8e5a9798dd7e72000bc784d1f4ef0f3d
R6_reacher_0a1c76cdd10dec44fa26825d,REFIT_103202,R4_ALT_CEM_1,H_POLICY,FRESH_PAIRED_CONTROL,1,True,,85bc9f01c5bf84036036513874b1d159b36d805b704a584e52d78151fe84f46e,
R6_reacher_0a1c76cdd10dec44fa26825d,REFIT_103202,R4_ALT_CEM_1,REAL3_NULLACT,COMPLETE,1,True,True,fb4bf604fc12620efcf7bb2402944e6d75900ce6739ee272825accf58c49bd87,641fd40ffd91bfca53d90510488a77c66b72e852c58722b226748329db3cf732
R6_reacher_0a1c76cdd10dec44fa26825d,REFIT_103202,R4_ALT_CEM_1,REPEAT3_REALACT,COMPLETE,1,True,True,62a3ed8f4bc28739cd5f0591280a70619764c76af7ce8c70605af76be41cef82,683187875a85af918533666848c4a1a9dfd1a3b3d0b69f5aa04faece66c3a278
R6_reacher_0a1c76cdd10dec44fa26825d,REFIT_103202,R4_ALT_CEM_2,H_POLICY,FRESH_PAIRED_CONTROL,1,True,,037772902a22f82c3bdfe38d5ffba6e54523b4d952fa790ea8c69ec9a0d40f58,
R6_reacher_0a1c76cdd10dec44fa26825d,REFIT_103202,R4_ALT_CEM_2,REAL3_NULLACT,COMPLETE,1,True,True,232cc35cef7778182b9079cdfe013504fd705dff77c67088736e8a4966965eb1,6683a66eb47b9c261215b09ae96e1b36b53c64c10df0f949b90c6c77a50cc466
R6_reacher_0a1c76cdd10dec44fa26825d,REFIT_103202,R4_ALT_CEM_2,REPEAT3_REALACT,COMPLETE,1,True,True,a47476e333f890f2cae146be2da93d694bb42799c23a067373cf46a4ed42c0d3,1745c3f1deab4f4c13456f4989d9f13f3d69870553b6280cbbd53d36bb2cd164
R6_reacher_0a1c76cdd10dec44fa26825d,REFIT_103203,R3_ORIGINAL,H_POLICY,FRESH_PAIRED_CONTROL,1,True,,45a3f5eac8c66ddb4d379e1261e67748c3bb09a0988324d64895ec6320a978f5,
R6_reacher_0a1c76cdd10dec44fa26825d,REFIT_103203,R3_ORIGINAL,REAL3_NULLACT,COMPLETE,1,True,True,720c83bb3880e482990bf3197e8eb983e7888eecfed2799fd78038545c41c8f5,387bf5152e776e7fe076f809949ba2eb9d51998a870eca44aa2348092119d85e
R6_reacher_0a1c76cdd10dec44fa26825d,REFIT_103203,R3_ORIGINAL,REPEAT3_REALACT,COMPLETE,1,True,True,0006d414b3ee707cc601efa07a378a655151417c3c00e7079a7fbcdef2e1e5d7,05f237991f5eceb1351596e0ac704b436d8c9100f42fb155f35a94f0aa834ab4
R6_reacher_0a1c76cdd10dec44fa26825d,REFIT_103203,R4_ALT_CEM_1,H_POLICY,FRESH_PAIRED_CONTROL,1,True,,992e65b04d3b4865abe39eedaf69d83ad3c9bfc8bff1edafb235ea82ba504f2d,
R6_reacher_0a1c76cdd10dec44fa26825d,REFIT_103203,R4_ALT_CEM_1,REAL3_NULLACT,COMPLETE,1,True,True,35557915af212339b689a73bc63bc67e6631cd6bfa6088017edce107a5029248,3f4c7fc8a70c7d289748dc38bfebb79d634fb7a3e21633fae20518e54f42f1a6
R6_reacher_0a1c76cdd10dec44fa26825d,REFIT_103203,R4_ALT_CEM_1,REPEAT3_REALACT,COMPLETE,1,True,True,3922ff430858db3f0294176711dc33ae7390347c6a70bfc1dbb1d1c8d2a34410,42488c260a36a7d962f96af79917106b249ed03f427ff01596050888bee99a98
R6_reacher_0a1c76cdd10dec44fa26825d,REFIT_103203,R4_ALT_CEM_2,H_POLICY,FRESH_PAIRED_CONTROL,0,True,,55e1a61943d5bb98928bb451d65f2bc4872bac43b0b8af1d7803fdc89134ef44,
R6_reacher_0a1c76cdd10dec44fa26825d,REFIT_103203,R4_ALT_CEM_2,REAL3_NULLACT,COMPLETE,1,True,True,755ed1943647b73b9f681aebd4e6bb24ecac68818c715ad3c6a8efd5aeb7e8ea,7377fdaa9fbce492a9533b3a6bdc9861cd1b77a6e7f4dfd0375eeb63b96ec293
R6_reacher_0a1c76cdd10dec44fa26825d,REFIT_103203,R4_ALT_CEM_2,REPEAT3_REALACT,COMPLETE,1,True,True,3f0f82fd0d02556ab2f2896564a500256c74e37ea4aea1e4dfac813d024d1edc,ff7508a8caabc3f088d0609aff36d1a1e1fcb3c02635d2ec28ede9cba67e3dd7
R6_reacher_0a3276eb5547ed96f16b50c5,H0,R3_ORIGINAL,H_POLICY,FRESH_PAIRED_CONTROL,1,True,,70a37b9d2156437628f11e79989c05ac61a4f917d4a4ef4bc639847dcaf72f8a,
R6_reacher_0a3276eb5547ed96f16b50c5,H0,R3_ORIGINAL,REAL3_NULLACT,COMPLETE,1,True,True,f99798f391e3ba7c47ae60afd7dd4196347fe4a8897a4350b7ce392d0ace7680,a81966d83a0fc0f84b1c8aa4d7f9631a784098b2b41db378ea36a4d648248aaa
R6_reacher_0a3276eb5547ed96f16b50c5,H0,R3_ORIGINAL,REPEAT3_REALACT,COMPLETE,1,True,True,97817dce9680d23ba291689c24f9569b9cb08095411de30eb781bdfe70a77dca,da9695e3785568b1922c5849932b57083c2183a1d65827f2e8ce82f27142b65e
R6_reacher_0a3276eb5547ed96f16b50c5,H0,R4_ALT_CEM_1,H_POLICY,FRESH_PAIRED_CONTROL,1,True,,db8b1b614a8ce16471528493a46dbdafc065b7959e996c462b50fecbcc2bcfdb,
R6_reacher_0a3276eb5547ed96f16b50c5,H0,R4_ALT_CEM_1,REAL3_NULLACT,COMPLETE,1,True,True,ecf6540126041da71cf1b3e582ddae410e9f7ec032f9eaccd5e2d42e9c8c2e78,b35412ca061af83b409fbf0c26316b93b9ce06a85b5c46a2807ef254f35fb987
R6_reacher_0a3276eb5547ed96f16b50c5,H0,R4_ALT_CEM_1,REPEAT3_REALACT,COMPLETE,1,True,True,8ede98b12d204d8215e443f345ae14a73b7efe290228f254fcfa385cffad3b45,fbf786f35887172e9233cfc6609fcd293f4c1d413728cba16d28c191c48140cc
R6_reacher_0a3276eb5547ed96f16b50c5,H0,R4_ALT_CEM_2,H_POLICY,FRESH_PAIRED_CONTROL,1,True,,579e971eca4c67ac46648cac5dd4fea5ec5c8dcfbfa9ba6812ee6bc1a787ae3c,
R6_reacher_0a3276eb5547ed96f16b50c5,H0,R4_ALT_CEM_2,REAL3_NULLACT,COMPLETE,1,True,True,c5e105da3cfa9a5f7e4558b9c5a259933e0c30c3871fc1fa5cbb23b914870ef0,99ff3789244256da4cc6d8c35b9267e561d7faf455a4917bfba97010c741e97d
R6_reacher_0a3276eb5547ed96f16b50c5,H0,R4_ALT_CEM_2,REPEAT3_REALACT,COMPLETE,1,True,True,ae87bb88b83b06d3170325e90fabfa7d9939cb654c343d3a7574f6ff763360f0,f72a2f9f6b38fffe2cd01013be8eeb63c19f7293619b043b0339189dd6735932
R6_reacher_0a3276eb5547ed96f16b50c5,REFIT_103201,R3_ORIGINAL,H_POLICY,FRESH_PAIRED_CONTROL,1,False,,e435a4c84b316ebdd76ec2f7cf3230e14691e728b8c1c920280869d8508b8122,
R6_reacher_0a3276eb5547ed96f16b50c5,REFIT_103201,R3_ORIGINAL,REAL3_NULLACT,COMPLETE,1,False,True,b01150cdd973b8c0a54c71f8a1ee4dc7e8edaa217510f9900c96f273ca1ff6b7,66e31bdf486d2d146bb84d0b98550f2d61a1a04e22b51fcca3475940292e2174
R6_reacher_0a3276eb5547ed96f16b50c5,REFIT_103201,R3_ORIGINAL,REPEAT3_REALACT,COMPLETE,1,False,True,416dcf4ba9971a31a8cd04883b2919dcd73d7e4ef6aab5041123f1dbe73d08ef,66e31bdf486d2d146bb84d0b98550f2d61a1a04e22b51fcca3475940292e2174
R6_reacher_0a3276eb5547ed96f16b50c5,REFIT_103201,R4_ALT_CEM_1,H_POLICY,FRESH_PAIRED_CONTROL,1,False,,7f08b866da40cfa0fa7e211f341e5fba7079b4e7af617448a4e7b5bb9593579e,
R6_reacher_0a3276eb5547ed96f16b50c5,REFIT_103201,R4_ALT_CEM_1,REAL3_NULLACT,COMPLETE,1,False,True,c49a285f09e15501f6ec27171042d5df19655c6859d54f8ea45e17ec6ed9ce12,9485f7093bad7399edb846030a34f4f76fdb47c935ce249190924a83f456df2d
R6_reacher_0a3276eb5547ed96f16b50c5,REFIT_103201,R4_ALT_CEM_1,REPEAT3_REALACT,COMPLETE,1,False,True,c20b89d6f8d6e73da924f1df9a86aa4c36fb5d9b7daba5f8b4c4ba0ee42e0bd6,9485f7093bad7399edb846030a34f4f76fdb47c935ce249190924a83f456df2d
R6_reacher_0a3276eb5547ed96f16b50c5,REFIT_103201,R4_ALT_CEM_2,H_POLICY,FRESH_PAIRED_CONTROL,1,True,,90906672f1b04b64f0103a69d25073e7676fe49d181d7476b5e1ce3c4582c14a,
R6_reacher_0a3276eb5547ed96f16b50c5,REFIT_103201,R4_ALT_CEM_2,REAL3_NULLACT,COMPLETE,1,True,True,25905801ecf273d7d658b850097da820ad8c9cbbb2c0656b08df08dc7e10638a,fe36cfb678321335810e0435a8c2818da5f59ed47793ed959c5dc2e303118fe0
R6_reacher_0a3276eb5547ed96f16b50c5,REFIT_103201,R4_ALT_CEM_2,REPEAT3_REALACT,COMPLETE,1,True,True,e7ef9c98eec4792f864f7d322ce5c3ae1053e750dbac8e3158426a5d0b1b35a0,1c26f69eaa5cb71898aebf83daf3a4da9aa519d91baa20f5af180022370430fe
R6_reacher_0a3276eb5547ed96f16b50c5,REFIT_103202,R3_ORIGINAL,H_POLICY,FRESH_PAIRED_CONTROL,1,True,,e1fe87f9850e789e7f67155815004301e2775f1b5be39a8fcce6cdf3f449dd13,
R6_reacher_0a3276eb5547ed96f16b50c5,REFIT_103202,R3_ORIGINAL,REAL3_NULLACT,COMPLETE,1,True,True,e6bf748c930e7e17bc18e12731e7d0726eb6929b39f61c6f03eaa80133b7ca85,9a21d97aa0937ca5e6eff7dac570498e6356b26722299a811600ffeb5201495e
R6_reacher_0a3276eb5547ed96f16b50c5,REFIT_103202,R3_ORIGINAL,REPEAT3_REALACT,COMPLETE,1,True,True,464a7b14251a1ecfde0e3d353eb7da062998e40727872f666841f8381c1f6047,06c6791224c58f61523c1a531926f33436a6c6e233572b4329ab016db033b918
R6_reacher_0a3276eb5547ed96f16b50c5,REFIT_103202,R4_ALT_CEM_1,H_POLICY,FRESH_PAIRED_CONTROL,1,False,,8bf00cc6b35eafc869dc167864a8d165cd573e614acf17efdc91b5c350cdc9fe,
R6_reacher_0a3276eb5547ed96f16b50c5,REFIT_103202,R4_ALT_CEM_1,REAL3_NULLACT,COMPLETE,1,False,True,8ce812a1b6cd95b7bfe8ea1bbd0a8857d2de74c7b7f904ab03dbb1f4e7857e58,c6ba74e1abee82a00d40847f79c08fc688ee6d498cc9359a99eefb26c160834c
R6_reacher_0a3276eb5547ed96f16b50c5,REFIT_103202,R4_ALT_CEM_1,REPEAT3_REALACT,COMPLETE,1,False,True,e74f4fa3617f7400888a80d0fd76fe0145fd714dc3e199e40b2464a70a56e21e,c6ba74e1abee82a00d40847f79c08fc688ee6d498cc9359a99eefb26c160834c
R6_reacher_0a3276eb5547ed96f16b50c5,REFIT_103202,R4_ALT_CEM_2,H_POLICY,FRESH_PAIRED_CONTROL,1,True,,991d05f449d2d4cd343d0a472f3404c3adff08243ad2f98890d646adf46acc98,
R6_reacher_0a3276eb5547ed96f16b50c5,REFIT_103202,R4_ALT_CEM_2,REAL3_NULLACT,COMPLETE,1,True,True,d9702524127e5ed911da066b48f9c6eac1ff46555f27fe8e61ca677a030fef86,7c78e1310dfe5a0d9d0fc217294b63c53a4e09addbc867ba26141e07d0dbdd7a
R6_reacher_0a3276eb5547ed96f16b50c5,REFIT_103202,R4_ALT_CEM_2,REPEAT3_REALACT,COMPLETE,1,True,True,20f105319330bee8aac50effd5f494fa134ae0745b2d14841ea3d439c69919aa,fa026b9668b33c87e3ac1d9060b5940243aca21a4fc4f3c09566e72eaaf3ac3c
R6_reacher_0a3276eb5547ed96f16b50c5,REFIT_103203,R3_ORIGINAL,H_POLICY,FRESH_PAIRED_CONTROL,1,False,,b4d5b6028a9f0ecd8435c576a5f1e1e06fc8f14737e1f4108cab8d275abd9837,
R6_reacher_0a3276eb5547ed96f16b50c5,REFIT_103203,R3_ORIGINAL,REAL3_NULLACT,COMPLETE,1,False,True,0e00a56a7ee4464c5d81cf7e53ad7ed0edaa3b815a8f7749084f9dad79ec4679,4b0a85d906028290d6d14d11d577e02c6c88af6396124c76713232bc39069aa7
R6_reacher_0a3276eb5547ed96f16b50c5,REFIT_103203,R3_ORIGINAL,REPEAT3_REALACT,COMPLETE,1,False,True,807cee74f9c4463c3e2db47407a5a8b8e63b5e46db64ceb27e47d57a27dab4aa,4b0a85d906028290d6d14d11d577e02c6c88af6396124c76713232bc39069aa7
R6_reacher_0a3276eb5547ed96f16b50c5,REFIT_103203,R4_ALT_CEM_1,H_POLICY,FRESH_PAIRED_CONTROL,1,False,,551cc5449491877a460a24c49e6827322c689c8a5e10fae0dd2beb0dbda75e12,
R6_reacher_0a3276eb5547ed96f16b50c5,REFIT_103203,R4_ALT_CEM_1,REAL3_NULLACT,COMPLETE,1,False,True,d0e977bf7a886c37780ada680102256894497d01ec45918fefa065898bc5ea1a,799f2acd7f5c56a71a53190ba8a23086eef6d587f693c18976bd548c403cddf4
R6_reacher_0a3276eb5547ed96f16b50c5,REFIT_103203,R4_ALT_CEM_1,REPEAT3_REALACT,COMPLETE,1,False,True,80b02392ef612a2b51af009c24c7f15333a6dae3f710ca2fc001c1e603c0c7a0,799f2acd7f5c56a71a53190ba8a23086eef6d587f693c18976bd548c403cddf4
R6_reacher_0a3276eb5547ed96f16b50c5,REFIT_103203,R4_ALT_CEM_2,H_POLICY,FRESH_PAIRED_CONTROL,1,True,,4fbb20601d08d2c214501aa27fea35de53636c3c4f33947f17e9b177908bc162,
R6_reacher_0a3276eb5547ed96f16b50c5,REFIT_103203,R4_ALT_CEM_2,REAL3_NULLACT,COMPLETE,1,True,True,faa48b9551955524cb1e46526b7015c1597b2f3fa39859f51f1ae099f5491b4f,308ea7dc1933a70aa528932d2bf4fe71560611695f751ca513fa145cec33f16d
R6_reacher_0a3276eb5547ed96f16b50c5,REFIT_103203,R4_ALT_CEM_2,REPEAT3_REALACT,COMPLETE,1,True,True,6621382d66ca3f5c362251d2d47b9296d696f003f7d4d6e45e629144592b6130,fdcbd42937a12dec1e28b1480d9a0b4425ec6b5fbf91762e5f3d629d0e617264
R6_reacher_0a34e5a0c99702c6891be14b,H0,R3_ORIGINAL,H_POLICY,FRESH_PAIRED_CONTROL,1,False,,dbe5e5c6757076984fffa8ab7646ca43c96777b8ad07b03d5db737bb29d125aa,
R6_reacher_0a34e5a0c99702c6891be14b,H0,R3_ORIGINAL,REAL3_NULLACT,COMPLETE,1,False,True,8e2b21f0a30052eb6dacd1eb4bf561266ccb59b808f90e45e9de4224c053e67c,5e38df0d01e922fc9194a4238ac3312506f52a9d0df87846c34f759ea21a1e15
R6_reacher_0a34e5a0c99702c6891be14b,H0,R3_ORIGINAL,REPEAT3_REALACT,COMPLETE,1,False,True,92ef6d5946362a4cb410f795d4ff5c531858773e8a763de685e6aeac0f51c0d7,5e38df0d01e922fc9194a4238ac3312506f52a9d0df87846c34f759ea21a1e15
R6_reacher_0a34e5a0c99702c6891be14b,H0,R4_ALT_CEM_1,H_POLICY,FRESH_PAIRED_CONTROL,1,True,,02d072c5972f3c7731b745866203a09541a3ef0d8a08d7148d5aacc8e19f5718,
R6_reacher_0a34e5a0c99702c6891be14b,H0,R4_ALT_CEM_1,REAL3_NULLACT,COMPLETE,1,True,True,569896fbca9017a9923947f1d5aa6dca82e2b0bf745cdedf9e8e3c8453c11393,9975dae83e95cc97fb796539fff0033283204ba6950cada9560c3490b93127ac
R6_reacher_0a34e5a0c99702c6891be14b,H0,R4_ALT_CEM_1,REPEAT3_REALACT,COMPLETE,1,True,True,7564eb4ed9527532fc9c1a88900fe0c2b0fa4c38dc09c39898bf219767b39186,bfed87ea435af99d05f880cb0c4a9afdeaee26a692ca547701aa67240f87d82d
R6_reacher_0a34e5a0c99702c6891be14b,H0,R4_ALT_CEM_2,H_POLICY,FRESH_PAIRED_CONTROL,1,True,,891afa6a003f5136f28c80786e9991c805ae4ed9f0e4f81fd9cf32abcc0087cd,
R6_reacher_0a34e5a0c99702c6891be14b,H0,R4_ALT_CEM_2,REAL3_NULLACT,COMPLETE,1,True,True,bd099402a870ce3fb7119f9bf32f224feb5962c494e56cfb3d9ca99e306f9b99,59ffb7dfd08cb1477408a982dc31232e61ce73e40f06362cbc5c150b67cbeed5
R6_reacher_0a34e5a0c99702c6891be14b,H0,R4_ALT_CEM_2,REPEAT3_REALACT,COMPLETE,1,True,True,6ca1c7ce97ef9cb756ad09e6d7c5ea7d59db065f3eab145c4adaa9d0c995d6a8,271bcb4d5696a5efa976de817f9489140f71435cdeff8796b87e384c4e55ed96
R6_reacher_0a34e5a0c99702c6891be14b,REFIT_103201,R3_ORIGINAL,H_POLICY,FRESH_PAIRED_CONTROL,1,False,,8e348b063d952c0e20fedd0e982350bc2ec9e2e526249b7f17bbf463ead44010,
R6_reacher_0a34e5a0c99702c6891be14b,REFIT_103201,R3_ORIGINAL,REAL3_NULLACT,COMPLETE,1,False,True,6fdfee6f0367fd5c9190cace1be430b1a8b3711fd12961a1b6955b9f1f4d73a3,3c5787b73ef7671e3df63eb54d4a9197487a06f4de3e7a9b0c0c2418216d991e
R6_reacher_0a34e5a0c99702c6891be14b,REFIT_103201,R3_ORIGINAL,REPEAT3_REALACT,COMPLETE,1,False,True,c205c686a9dc24f91851b48eadfa0aee93ce8a351f422e4f6a49ee56972e2f51,3c5787b73ef7671e3df63eb54d4a9197487a06f4de3e7a9b0c0c2418216d991e
R6_reacher_0a34e5a0c99702c6891be14b,REFIT_103201,R4_ALT_CEM_1,H_POLICY,FRESH_PAIRED_CONTROL,1,True,,9e307a13bb6af0b367a109af31b08b6b1e52a42496cc4a384c3089c9c5f86363,
R6_reacher_0a34e5a0c99702c6891be14b,REFIT_103201,R4_ALT_CEM_1,REAL3_NULLACT,COMPLETE,1,True,True,e16dcc478a2c1e9e6882938fdd6184e1f6f05026c6e8b5de083c21ac3e2d9312,3e3ee36e9b2e34571913a56566fa8d6d075af77fc3c9684e3d6575305d8c0456
R6_reacher_0a34e5a0c99702c6891be14b,REFIT_103201,R4_ALT_CEM_1,REPEAT3_REALACT,COMPLETE,1,True,True,991fbce76376ecee230b3bfda27a01308ffdee3ef46effb30b1b6e81843d63d3,8591eac52c5ecd9857a761e19f3786ed7a3071e7118c012aaf0a56d77d69b4d7
R6_reacher_0a34e5a0c99702c6891be14b,REFIT_103201,R4_ALT_CEM_2,H_POLICY,FRESH_PAIRED_CONTROL,1,True,,99d230b9e7adbb9f0d2bb152a6c5192c11547d769e6712ebd2207e7e37d93064,
R6_reacher_0a34e5a0c99702c6891be14b,REFIT_103201,R4_ALT_CEM_2,REAL3_NULLACT,COMPLETE,1,True,True,31d221fedc40cf63d63e463fc7ed600dbb64db158a876152f2f860ca5c3853ec,f54e9d0218c3b29742e0a7acda7fcc4d91d46cfb0fd75ce8502fe6a38f95c17f
R6_reacher_0a34e5a0c99702c6891be14b,REFIT_103201,R4_ALT_CEM_2,REPEAT3_REALACT,COMPLETE,1,True,True,ace861f07d069769c817bf9fb20a04b56bcdb0a0f0506f5bcd5b9992e8efe0dd,be885590c66d9cad73c9405561ddaf228308b95bf90bcc7b9d41eb32a9050de2
R6_reacher_0a34e5a0c99702c6891be14b,REFIT_103202,R3_ORIGINAL,H_POLICY,FRESH_PAIRED_CONTROL,1,False,,0432f0284e3c75513523c9b337cbe5e1631559a0e7844b78bd4f3852822fb768,
R6_reacher_0a34e5a0c99702c6891be14b,REFIT_103202,R3_ORIGINAL,REAL3_NULLACT,COMPLETE,1,False,True,d97de723d32a5a05e418b6a9bad814f6e344966c0cee03babd5edb86616b1098,1efa160f34238d03ee750710749d6ae63c0441b86fbb94629a4396bb481066b2
R6_reacher_0a34e5a0c99702c6891be14b,REFIT_103202,R3_ORIGINAL,REPEAT3_REALACT,COMPLETE,1,False,True,02a274ddf1468e1eabf04f8e83d0dad2b677c5db08f7663843804449d719e79b,1efa160f34238d03ee750710749d6ae63c0441b86fbb94629a4396bb481066b2
R6_reacher_0a34e5a0c99702c6891be14b,REFIT_103202,R4_ALT_CEM_1,H_POLICY,FRESH_PAIRED_CONTROL,1,True,,6b9e72c652de9c13487771b55beea64cab85f9e3db90e44256efb9bbdbd58c13,
R6_reacher_0a34e5a0c99702c6891be14b,REFIT_103202,R4_ALT_CEM_1,REAL3_NULLACT,COMPLETE,1,True,True,8be414ab115eed9501f15ff2777346f93482d73209275ebeb7278c879ca72714,093e08bf3806172ead375311f89bc5f236ffb968e4fa942a02e7a822f19514bd
R6_reacher_0a34e5a0c99702c6891be14b,REFIT_103202,R4_ALT_CEM_1,REPEAT3_REALACT,COMPLETE,1,True,True,9968988ebc77ecf2e77ae72a22b18f6e03ed64d0a2a00141e0afa564f873a978,c036ce4162b6ad439ba83c8c7f9d3920103378546f2eb43ba63379768d019e76
R6_reacher_0a34e5a0c99702c6891be14b,REFIT_103202,R4_ALT_CEM_2,H_POLICY,FRESH_PAIRED_CONTROL,0,True,,ee6eb50db2c5304fb3ecf2c9b6176dbf204776c025af4e534e20adef142fbc1f,
R6_reacher_0a34e5a0c99702c6891be14b,REFIT_103202,R4_ALT_CEM_2,REAL3_NULLACT,COMPLETE,0,True,True,98f742ce3b4e0d1cccb6ff40e3392815a0b5976926708c42a94f974f737e8eca,a8b2e7ee400330a7ae3b93c1a301cd346ef72d7d0bab8b10136c315d161350a9
R6_reacher_0a34e5a0c99702c6891be14b,REFIT_103202,R4_ALT_CEM_2,REPEAT3_REALACT,COMPLETE,1,True,True,42bd72b0bb2e49005e4cfb7d3d095bead5944f3b02b5a268c65e77e442f8d2f0,15389b13cb410a80a31513150d22e76e3c9e2d08bfea6256f40e11f1cd32c41b
R6_reacher_0a34e5a0c99702c6891be14b,REFIT_103203,R3_ORIGINAL,H_POLICY,FRESH_PAIRED_CONTROL,1,False,,ba56cc5bdf5c7527d6cc4ea9b4f606a31614796b05b23481b72fc1d9172db7a9,
R6_reacher_0a34e5a0c99702c6891be14b,REFIT_103203,R3_ORIGINAL,REAL3_NULLACT,COMPLETE,1,False,True,7c4f2c74d05edf6c5e777e1c8e475385fcdd2e3472e1d87e78942f69b855cede,3127ba2b6e60fbd98cab28fd5e80f1f119d251eb76a0dca57c7411fde5a517ad
R6_reacher_0a34e5a0c99702c6891be14b,REFIT_103203,R3_ORIGINAL,REPEAT3_REALACT,COMPLETE,1,False,True,0b3d6a941f2d2d0fef40e7de955df0b932de07f7d6bfc5e8ad29ee3606dc6845,3127ba2b6e60fbd98cab28fd5e80f1f119d251eb76a0dca57c7411fde5a517ad
R6_reacher_0a34e5a0c99702c6891be14b,REFIT_103203,R4_ALT_CEM_1,H_POLICY,FRESH_PAIRED_CONTROL,1,True,,2c9ad28ce676318b27cc813c45575948970e4d098bb4d24bc8fecb2f85b2432f,
R6_reacher_0a34e5a0c99702c6891be14b,REFIT_103203,R4_ALT_CEM_1,REAL3_NULLACT,COMPLETE,1,True,True,991d3191f4c4fd95a486e192f8a215dd0e14df914dd24d75f5e2a4ebd51ceb1f,8e3daca941928cfe20f307006c674d06537fe5cfd8eb15c6d22af2138a027642
R6_reacher_0a34e5a0c99702c6891be14b,REFIT_103203,R4_ALT_CEM_1,REPEAT3_REALACT,COMPLETE,1,True,True,01ea4d7f1004589c284f092c473c8d52bbe89e1462ca36f895db2f43c79c0ef8,4b777b18cf8603ba6fc5bc1e6f5fea1af2dfc8eb0e0145cc5a7daed85e62a6c2
R6_reacher_0a34e5a0c99702c6891be14b,REFIT_103203,R4_ALT_CEM_2,H_POLICY,FRESH_PAIRED_CONTROL,0,True,,de921a07ab6f87e7689430557adf32f7ada5850c0a5d26084cc85825d8dd8382,
R6_reacher_0a34e5a0c99702c6891be14b,REFIT_103203,R4_ALT_CEM_2,REAL3_NULLACT,COMPLETE,1,True,True,2199feb192a0b4daeba34d6ff5966490729e2c21b955e47b6c13e2338afc6211,3283456dfdb79f02e9cf45e30ce28ece5482ac3d04862787f5566bb7194b13a1
R6_reacher_0a34e5a0c99702c6891be14b,REFIT_103203,R4_ALT_CEM_2,REPEAT3_REALACT,COMPLETE,1,True,True,56b5ca8f38ed56a0350b682910895fc4d55345b385ad2b7c918181b9c3d07b38,c5e8932dd8ac61512ae482eb6eeceb127be3d418fac5fc902ae7c2598d987800
R6_reacher_0a592ca5f4b1f51d4a757a50,H0,R3_ORIGINAL,H_POLICY,FRESH_PAIRED_CONTROL,1,False,,c037342240db3ad7f3f37176578c2af8d0bba1922e6df24ee3f78b3d119029c9,
R6_reacher_0a592ca5f4b1f51d4a757a50,H0,R3_ORIGINAL,REAL3_NULLACT,COMPLETE,1,False,True,34ed9d21ffe91083d9792a4de6590cd493aa027989cc150570f077cc85c8418b,28c1724520bf21973ec451708949b16c272e2e9b17bca2bbca286a65069eceb9
R6_reacher_0a592ca5f4b1f51d4a757a50,H0,R3_ORIGINAL,REPEAT3_REALACT,COMPLETE,1,False,True,260059710012a6cdfe17274ec83e5a549a111884f47f71efd48fe7f7a197896a,28c1724520bf21973ec451708949b16c272e2e9b17bca2bbca286a65069eceb9
R6_reacher_0a592ca5f4b1f51d4a757a50,H0,R4_ALT_CEM_1,H_POLICY,FRESH_PAIRED_CONTROL,0,True,,8b307a9602e2f075eacb90048bc2e989c61abdfd8e383c747b7e0a740546f0df,
R6_reacher_0a592ca5f4b1f51d4a757a50,H0,R4_ALT_CEM_1,REAL3_NULLACT,COMPLETE,0,True,True,2ebd7b53204799c2c3d77aee23ce90ca2713e6df91a33389e40457735e37f79c,0063c0eb498d96750d8ad4001d0fbfeaa422ca45d02df2943edd09065efe6006
R6_reacher_0a592ca5f4b1f51d4a757a50,H0,R4_ALT_CEM_1,REPEAT3_REALACT,COMPLETE,1,True,True,a5da6812eb7509594e99d9364bdffd518ac33e9d03993aa2d32047d00c39a068,4b436a3ebd1d02d77e7f3023de479bde06fc27a779986d8a0da6187f704a925d
R6_reacher_0a592ca5f4b1f51d4a757a50,H0,R4_ALT_CEM_2,H_POLICY,FRESH_PAIRED_CONTROL,1,False,,a1daa53cbc4f7ac5dc73ff50247f2b0ebecb20a6aa10979132d1ac47db0d0a73,
R6_reacher_0a592ca5f4b1f51d4a757a50,H0,R4_ALT_CEM_2,REAL3_NULLACT,COMPLETE,1,False,True,81ec5500509b7e246a83627ee0f3b826dd9a98ca5f02e32da748353aa6f8d730,dded1c63a94114b1b6b02fafa34020c184bf871e3ddff9319c9b8b47d6089053
R6_reacher_0a592ca5f4b1f51d4a757a50,H0,R4_ALT_CEM_2,REPEAT3_REALACT,COMPLETE,1,False,True,6162e0ff4df716eaf093ddd683ee0d87ce020058010a33c905cbe0bcfffaa225,dded1c63a94114b1b6b02fafa34020c184bf871e3ddff9319c9b8b47d6089053
R6_reacher_0a592ca5f4b1f51d4a757a50,REFIT_103201,R3_ORIGINAL,H_POLICY,FRESH_PAIRED_CONTROL,1,False,,587a55c701527e7ecdcadcdf132af5f5f2efffc4c86c1c77e67c36d304e67fca,
R6_reacher_0a592ca5f4b1f51d4a757a50,REFIT_103201,R3_ORIGINAL,REAL3_NULLACT,COMPLETE,1,False,True,79580803760df17d85161a781c583883a08a38454395e7db90174f805cffd964,6379e80a12b4261e7d5003d8c9b6568b621a88cc47a2596b84e63f78677f4a8c
R6_reacher_0a592ca5f4b1f51d4a757a50,REFIT_103201,R3_ORIGINAL,REPEAT3_REALACT,COMPLETE,1,False,True,10be5db3923dfeb68aef96aee8240c1d6c3687cdc96db14a2dfa1854749b578e,6379e80a12b4261e7d5003d8c9b6568b621a88cc47a2596b84e63f78677f4a8c
R6_reacher_0a592ca5f4b1f51d4a757a50,REFIT_103201,R4_ALT_CEM_1,H_POLICY,FRESH_PAIRED_CONTROL,1,False,,e130857e17791adc609b2a519bc60689bab85ed1eb6b46ae92a47db17b27de8f,
R6_reacher_0a592ca5f4b1f51d4a757a50,REFIT_103201,R4_ALT_CEM_1,REAL3_NULLACT,COMPLETE,1,False,True,4f34911a792e671dafa8b316bb5e1df212200f4cbee9497fdfb5b98d546e2154,3dec78e0b1f5a8543535633a21cbaf318694abd0a39ad5a2fae2b6d5c720b179
R6_reacher_0a592ca5f4b1f51d4a757a50,REFIT_103201,R4_ALT_CEM_1,REPEAT3_REALACT,COMPLETE,1,False,True,061b90be452ecb34d3668239ae668c34d1f3af8861cf488f90b15ae644ba5746,3dec78e0b1f5a8543535633a21cbaf318694abd0a39ad5a2fae2b6d5c720b179
R6_reacher_0a592ca5f4b1f51d4a757a50,REFIT_103201,R4_ALT_CEM_2,H_POLICY,FRESH_PAIRED_CONTROL,1,False,,29c5f42c0c86d60a4110d0d0f6638104b03ed58b623ef05525d9b07fc6bd97db,
R6_reacher_0a592ca5f4b1f51d4a757a50,REFIT_103201,R4_ALT_CEM_2,REAL3_NULLACT,COMPLETE,1,False,True,2231e5380478301f9000dba26239e5520d3ff34605f9bba92d0aa89b2a9f57ba,16e10815a9c73126cced5a0e8df2b9739caf8c218ee5ac3523cc0818c492d865
R6_reacher_0a592ca5f4b1f51d4a757a50,REFIT_103201,R4_ALT_CEM_2,REPEAT3_REALACT,COMPLETE,1,False,True,aac66d7bfe4d1f77f14e74bbd2079d42936d9110e1ca1995a3ed0cfda06c26ae,16e10815a9c73126cced5a0e8df2b9739caf8c218ee5ac3523cc0818c492d865
R6_reacher_0a592ca5f4b1f51d4a757a50,REFIT_103202,R3_ORIGINAL,H_POLICY,FRESH_PAIRED_CONTROL,1,False,,60b0f6c40ea0dda084312cf7c455582d6a01d859c911c6de45b24356a0fdc59b,
R6_reacher_0a592ca5f4b1f51d4a757a50,REFIT_103202,R3_ORIGINAL,REAL3_NULLACT,COMPLETE,1,False,True,957323ff6912e7ebe8f4db46e159247234f630e4c58cd147897eb6f40485da7a,1d4d81b13f1a316986e9675f4dddf78cb5dfcbe7bdf426ac95f4e91cd9753fb3
R6_reacher_0a592ca5f4b1f51d4a757a50,REFIT_103202,R3_ORIGINAL,REPEAT3_REALACT,COMPLETE,1,False,True,dbb8a25e2fa386f47b33736c5df16c442a65c7cc3d37cb9f8dd00c9c1e8ec4ec,1d4d81b13f1a316986e9675f4dddf78cb5dfcbe7bdf426ac95f4e91cd9753fb3
R6_reacher_0a592ca5f4b1f51d4a757a50,REFIT_103202,R4_ALT_CEM_1,H_POLICY,FRESH_PAIRED_CONTROL,1,False,,67c91e47af37a71dd57e1f820fb25f2c4c4a58cbe0b84d521074e4130ba091e3,
R6_reacher_0a592ca5f4b1f51d4a757a50,REFIT_103202,R4_ALT_CEM_1,REAL3_NULLACT,COMPLETE,1,False,True,16f35d71117da9b0ec9f4ee7b03f9f1d13d280245aab115ba5dfaf94c85ae4fe,02d38a32b737558f3956e896cd11f82a5fbb57f8b52ca46b318870e9db62c798
R6_reacher_0a592ca5f4b1f51d4a757a50,REFIT_103202,R4_ALT_CEM_1,REPEAT3_REALACT,COMPLETE,1,False,True,c8f4b1b204eecebf13afaad22057610ecb1fbe4baf6489274e8cde4532023d2a,02d38a32b737558f3956e896cd11f82a5fbb57f8b52ca46b318870e9db62c798
R6_reacher_0a592ca5f4b1f51d4a757a50,REFIT_103202,R4_ALT_CEM_2,H_POLICY,FRESH_PAIRED_CONTROL,1,False,,a28ab69e26475d52b81546369626343344532229d4482295bef17b5874e50f87,
R6_reacher_0a592ca5f4b1f51d4a757a50,REFIT_103202,R4_ALT_CEM_2,REAL3_NULLACT,COMPLETE,1,False,True,4b3bc02ace5a390a192d516ccc240f9bb004f40566358ef51505978f5df7f30f,d652bfc2dce3ebbdf3b3ed517298ea01dd8ac62f2ffed06ce785a2458ec12a0d
R6_reacher_0a592ca5f4b1f51d4a757a50,REFIT_103202,R4_ALT_CEM_2,REPEAT3_REALACT,COMPLETE,1,False,True,19820055d9e69a32b8baed3b609772535146a492646690302e063cae1ce0eaaf,d652bfc2dce3ebbdf3b3ed517298ea01dd8ac62f2ffed06ce785a2458ec12a0d
R6_reacher_0a592ca5f4b1f51d4a757a50,REFIT_103203,R3_ORIGINAL,H_POLICY,FRESH_PAIRED_CONTROL,1,False,,30a079dbb9998d9e3c9ec6f74dcd7153decd0a8b4580b2f5157a03f050b07f55,
R6_reacher_0a592ca5f4b1f51d4a757a50,REFIT_103203,R3_ORIGINAL,REAL3_NULLACT,COMPLETE,1,False,True,5307bfd9221a3ddeed9f133f99b1b5774ab93238297e7f9b274345ee23a527e1,39cc7df6ed96ff046e404f78f1930a7db157832c65bf137262c740d22ee3ffc5
R6_reacher_0a592ca5f4b1f51d4a757a50,REFIT_103203,R3_ORIGINAL,REPEAT3_REALACT,COMPLETE,1,False,True,fdff260ea31a238fe92e3ea3d299914d3cf38eeebda8fffb119379a7b755f628,39cc7df6ed96ff046e404f78f1930a7db157832c65bf137262c740d22ee3ffc5
R6_reacher_0a592ca5f4b1f51d4a757a50,REFIT_103203,R4_ALT_CEM_1,H_POLICY,FRESH_PAIRED_CONTROL,1,False,,d34dab736ef0245187b50937b56706a0df26d0105a0cf48fc43fb0df2da96617,
R6_reacher_0a592ca5f4b1f51d4a757a50,REFIT_103203,R4_ALT_CEM_1,REAL3_NULLACT,COMPLETE,1,False,True,7abf490eafa3ad52f00acde9e8c93b3992bda9795d289c0635f51cbc6429219f,f342ddec97c6e157b76ca40a5df32826999a0fee4c2ece792981ea695880fdac
R6_reacher_0a592ca5f4b1f51d4a757a50,REFIT_103203,R4_ALT_CEM_1,REPEAT3_REALACT,COMPLETE,1,False,True,56680ab00969c892ec1f57a7b510777b03113b22e0a7953b43ce83a6ff1a43ff,f342ddec97c6e157b76ca40a5df32826999a0fee4c2ece792981ea695880fdac
R6_reacher_0a592ca5f4b1f51d4a757a50,REFIT_103203,R4_ALT_CEM_2,H_POLICY,FRESH_PAIRED_CONTROL,1,False,,f7bd2f75ba1c0cd006da8e0fb81471ba8ec0ca1414b1755708dc03a6e0ac3bae,
R6_reacher_0a592ca5f4b1f51d4a757a50,REFIT_103203,R4_ALT_CEM_2,REAL3_NULLACT,COMPLETE,1,False,True,f7564de904fbff3719914677381601092097567bccc04ff789704d3f3f78c4f3,458a353c8ce375de101ef2524c5ff1c6df4d84240edc3e348bff8e4cccc05fa5
R6_reacher_0a592ca5f4b1f51d4a757a50,REFIT_103203,R4_ALT_CEM_2,REPEAT3_REALACT,COMPLETE,1,False,True,821398d0c0c074d574a5d8d969ebc278e30d68d4c0b27dbdd678a2f5a615b6e4,458a353c8ce375de101ef2524c5ff1c6df4d84240edc3e348bff8e4cccc05fa5
R6_reacher_0a67eaaa889aba7173dd8b5e,H0,R3_ORIGINAL,H_POLICY,FRESH_PAIRED_CONTROL,1,False,,56a22a625d9d4cb61f4c951c9755a64ac92a9198848b65347e26c8fcaa07be3a,
R6_reacher_0a67eaaa889aba7173dd8b5e,H0,R3_ORIGINAL,REAL3_NULLACT,COMPLETE,1,False,True,5a486867be8e8850fe54faa7a4ef69dda4e41c23db226272b8486039adc8acd3,ec7e891cdc15a32833f2b5041bc579af3a5f1ed67fe82f256f92707ace07a8a7
R6_reacher_0a67eaaa889aba7173dd8b5e,H0,R3_ORIGINAL,REPEAT3_REALACT,COMPLETE,1,False,True,287f8abc1ed50cd56a4e2241adf4eb3e01808b93a7a710d703aaf67fc8f7ea8d,ec7e891cdc15a32833f2b5041bc579af3a5f1ed67fe82f256f92707ace07a8a7
R6_reacher_0a67eaaa889aba7173dd8b5e,H0,R4_ALT_CEM_1,H_POLICY,FRESH_PAIRED_CONTROL,1,True,,ae212f92f9a600589f6067c6a9235659a9c9ab7b790c7e380027aa1ff125dbcd,
R6_reacher_0a67eaaa889aba7173dd8b5e,H0,R4_ALT_CEM_1,REAL3_NULLACT,COMPLETE,1,True,True,9a59769faacf1a3fb1af3d0a6c4a46ac87319f6ecbbf42438e82854f6508d7f9,a7c2046e52fa7b2dcfbe4c920ad0ae8fe249bec8045965d94282ce00676d76d4
R6_reacher_0a67eaaa889aba7173dd8b5e,H0,R4_ALT_CEM_1,REPEAT3_REALACT,COMPLETE,1,True,True,c51e4422cd2ee93eda5f2486b4d3b6023d63cb69c0ea59387305320875a6444f,b129c00776c2d79c6d4d34f9bf6e4b1beed296102337dcf67149b8558b2089f9
R6_reacher_0a67eaaa889aba7173dd8b5e,H0,R4_ALT_CEM_2,H_POLICY,FRESH_PAIRED_CONTROL,1,False,,e9f61bcd86b4a99385d12a05d11f351b71a2e30bb577750fbc2bb9a75d928cfb,
R6_reacher_0a67eaaa889aba7173dd8b5e,H0,R4_ALT_CEM_2,REAL3_NULLACT,COMPLETE,1,False,True,2f9cd9b4087d8e7b0d427577611ce477fd117ee83d4179bdaa37bb7f575a44af,32b67df8e3d5f14507736cc3a5b8fbb6cbeae7f6f6a12f8ec56d8baa9fe3c982
R6_reacher_0a67eaaa889aba7173dd8b5e,H0,R4_ALT_CEM_2,REPEAT3_REALACT,COMPLETE,1,False,True,39b87b5b87b36c5a12cbaa18d951211d0493bdc758dcbc8cbfa06ba96ab5f34c,32b67df8e3d5f14507736cc3a5b8fbb6cbeae7f6f6a12f8ec56d8baa9fe3c982
R6_reacher_0a67eaaa889aba7173dd8b5e,REFIT_103201,R3_ORIGINAL,H_POLICY,FRESH_PAIRED_CONTROL,1,False,,f9b53f019186ef2a3a2dc2ca9fae98f7ee46fc815a006b4445ce76d302bebdda,
R6_reacher_0a67eaaa889aba7173dd8b5e,REFIT_103201,R3_ORIGINAL,REAL3_NULLACT,COMPLETE,1,False,True,8379ae2c78fa59589de53ef9b1ce207fe668c657ec4d6d50e75eff0ee5146dbe,395afe67337a06b41a8edf3ad4463dd66556fec2d119c408807405a6a51d04d0
R6_reacher_0a67eaaa889aba7173dd8b5e,REFIT_103201,R3_ORIGINAL,REPEAT3_REALACT,COMPLETE,1,False,True,8f0c9f37faf0b279d3b43532e2f75992dde3e663adab8184db0b18c9bc94a895,395afe67337a06b41a8edf3ad4463dd66556fec2d119c408807405a6a51d04d0
R6_reacher_0a67eaaa889aba7173dd8b5e,REFIT_103201,R4_ALT_CEM_1,H_POLICY,FRESH_PAIRED_CONTROL,0,True,,a28d7bccd3cd995595913b3b25643204e59de2de643a93d644f8a3856e006f09,
R6_reacher_0a67eaaa889aba7173dd8b5e,REFIT_103201,R4_ALT_CEM_1,REAL3_NULLACT,COMPLETE,1,True,True,c5ffec0171f8cdcc0418389431f94ceaba3e76574e963490688df0d3b3cfbc5f,e4c2dbc434cb4a43568cbdedb90cf75414ece6839e2c04a2062f9d34971e80be
R6_reacher_0a67eaaa889aba7173dd8b5e,REFIT_103201,R4_ALT_CEM_1,REPEAT3_REALACT,COMPLETE,1,True,True,7a99e44f7b4335402256ed82f3581ad33ed5ef72d7fc4c8135c28c5918e8d73f,f0b3d589bf4ffbe970ca54ab0aadf0806aed206039b2fabfbd9dde71e723c868
R6_reacher_0a67eaaa889aba7173dd8b5e,REFIT_103201,R4_ALT_CEM_2,H_POLICY,FRESH_PAIRED_CONTROL,1,False,,bbdae9913879bb9000a7a36639ea7960050fc7ee1b3edcaa14ec37cf5e35850f,
R6_reacher_0a67eaaa889aba7173dd8b5e,REFIT_103201,R4_ALT_CEM_2,REAL3_NULLACT,COMPLETE,1,False,True,f1c4ba9af19dfd964c891eb50c19464b05c8b9f1a360f9b7d27c3b46399a0f16,3326c58156f4e85f429bdcd74ced473df5ad1ed54be0a7da54155bc2dddc9b45
R6_reacher_0a67eaaa889aba7173dd8b5e,REFIT_103201,R4_ALT_CEM_2,REPEAT3_REALACT,COMPLETE,1,False,True,5807f1288309e84dec1cdbe116f652ce0a710d41bbd30386cfc8187bec84b0cd,3326c58156f4e85f429bdcd74ced473df5ad1ed54be0a7da54155bc2dddc9b45
R6_reacher_0a67eaaa889aba7173dd8b5e,REFIT_103202,R3_ORIGINAL,H_POLICY,FRESH_PAIRED_CONTROL,1,False,,f0a79e75b3518179dfafb3a0c9d98836764b55767fdcba84ddd3dee167d3352a,
R6_reacher_0a67eaaa889aba7173dd8b5e,REFIT_103202,R3_ORIGINAL,REAL3_NULLACT,COMPLETE,1,False,True,509e851426db551862ae5b9de6c0febfd7d47dcfb1fcede3d4d71b61b9317065,f1aa91ee03746990a4a37d9a2e76021625d7257d760f46ef1e9eb1096c7393cd
R6_reacher_0a67eaaa889aba7173dd8b5e,REFIT_103202,R3_ORIGINAL,REPEAT3_REALACT,COMPLETE,1,False,True,31d8fc01ae95b39107bf77da5cbff919575e195cf906415c519640f4d3178637,f1aa91ee03746990a4a37d9a2e76021625d7257d760f46ef1e9eb1096c7393cd
R6_reacher_0a67eaaa889aba7173dd8b5e,REFIT_103202,R4_ALT_CEM_1,H_POLICY,FRESH_PAIRED_CONTROL,1,False,,4f79b45d095d856789580376b03d42b2b72f48706acbccc5df3dcc7d43852796,
R6_reacher_0a67eaaa889aba7173dd8b5e,REFIT_103202,R4_ALT_CEM_1,REAL3_NULLACT,COMPLETE,1,False,True,94f79da077e89da25eab8a54aa1152cc134f5500aa289c30aedae6f4bec3c602,e8fe27bafbdcc024622e9647a1322ad27d6002455ba147a8c91fe40e8e200558
R6_reacher_0a67eaaa889aba7173dd8b5e,REFIT_103202,R4_ALT_CEM_1,REPEAT3_REALACT,COMPLETE,1,False,True,a4d205fda4acebd4a41f54436cfe0d073d3fa38ce1ee2a9674c490d1a8db1591,e8fe27bafbdcc024622e9647a1322ad27d6002455ba147a8c91fe40e8e200558
R6_reacher_0a67eaaa889aba7173dd8b5e,REFIT_103202,R4_ALT_CEM_2,H_POLICY,FRESH_PAIRED_CONTROL,1,False,,f70e31269a5a9f4d9881d08776c2f09a9ae1977d4e32e817ed0610c1a9300866,
R6_reacher_0a67eaaa889aba7173dd8b5e,REFIT_103202,R4_ALT_CEM_2,REAL3_NULLACT,COMPLETE,1,False,True,088439184495569fbe27d511ed04207d8cd1fccbd40310638612b809d15609c0,c322747f3c141e979db5c605a0603f4105d56c05b35e15f092a4b8a605988b1f
R6_reacher_0a67eaaa889aba7173dd8b5e,REFIT_103202,R4_ALT_CEM_2,REPEAT3_REALACT,COMPLETE,1,False,True,99a17458abc932be316f69ec70e8a33a628ec7a16e07fd86680b018cd40af04d,c322747f3c141e979db5c605a0603f4105d56c05b35e15f092a4b8a605988b1f
R6_reacher_0a67eaaa889aba7173dd8b5e,REFIT_103203,R3_ORIGINAL,H_POLICY,FRESH_PAIRED_CONTROL,1,True,,a2827cd02b373dfc89a96e73b4a5b96dffde02f75bd26f2610cae81ad235058a,
R6_reacher_0a67eaaa889aba7173dd8b5e,REFIT_103203,R3_ORIGINAL,REAL3_NULLACT,COMPLETE,1,True,True,3602a820d1fb98ba3ea5e94444e823a22118fbb8080ee41553fd90d8f97d06fd,b0e359e359b21e4f5187804dd6b271df01e8fb8b7a005fdafc11af5320048a92
R6_reacher_0a67eaaa889aba7173dd8b5e,REFIT_103203,R3_ORIGINAL,REPEAT3_REALACT,COMPLETE,1,True,True,1828549c46d1135cd2ba48e596a19b5dd757a1707ca5649c4736ebbdd2d514a3,4d29910f4e281db21ff42d9da2d429aecf1bf2d7ea83398ddc40efe964991bea
R6_reacher_0a67eaaa889aba7173dd8b5e,REFIT_103203,R4_ALT_CEM_1,H_POLICY,FRESH_PAIRED_CONTROL,1,False,,64cd027e0af45eb0db021654fb0284a8923d2614da7f3535e63ac57617c5320b,
R6_reacher_0a67eaaa889aba7173dd8b5e,REFIT_103203,R4_ALT_CEM_1,REAL3_NULLACT,COMPLETE,1,False,True,56a178cb1ffee3ba568d6f53b62e2e8f1ac8179d71d52776c07b1b13399ca292,29f834cc18031ad96c7b9b7a98e6fc511634f29f2ac190ab03b431f7b6761759
R6_reacher_0a67eaaa889aba7173dd8b5e,REFIT_103203,R4_ALT_CEM_1,REPEAT3_REALACT,COMPLETE,1,False,True,5e36800e4370619b6cf2ab2adc95867914001939b9111096119706344a9fad96,29f834cc18031ad96c7b9b7a98e6fc511634f29f2ac190ab03b431f7b6761759
R6_reacher_0a67eaaa889aba7173dd8b5e,REFIT_103203,R4_ALT_CEM_2,H_POLICY,FRESH_PAIRED_CONTROL,1,False,,51ec0f4fe373f8000db035467dbd6406ca106af774c1aa263b7c41ed5abf2349,
R6_reacher_0a67eaaa889aba7173dd8b5e,REFIT_103203,R4_ALT_CEM_2,REAL3_NULLACT,COMPLETE,1,False,True,3a0778ed721c22a83269ed7065d7d0586e96cc662fd8a5d6220d9d53f2b09e77,a5a910ab46d1a1f17226502c896e7d634753cd1e3dd12ba7aeef40c7f3053199
R6_reacher_0a67eaaa889aba7173dd8b5e,REFIT_103203,R4_ALT_CEM_2,REPEAT3_REALACT,COMPLETE,1,False,True,01f7a73dc7bf76a9e3070d380c90ad25088d29b1158f7d08d91099bd00d59873,a5a910ab46d1a1f17226502c896e7d634753cd1e3dd12ba7aeef40c7f3053199
R6_reacher_0a74deb4b05592118d0fafd9,H0,R3_ORIGINAL,H_POLICY,FRESH_PAIRED_CONTROL,1,True,,6bc32c8b5868ce576b9fad43b95176e94fd69d4ff44783133faffd7d92132e1b,
R6_reacher_0a74deb4b05592118d0fafd9,H0,R3_ORIGINAL,REAL3_NULLACT,COMPLETE,1,True,True,6d087369919691082267f1b1a80e5e53b5a1457eb9cedae76e4429cacf06d653,a670dcfa644902e70336826dc354ed79e98bf3f6e7c7a1785c3d715c62c1ec05
R6_reacher_0a74deb4b05592118d0fafd9,H0,R3_ORIGINAL,REPEAT3_REALACT,COMPLETE,0,True,True,b0a29d2bfcd0278228151751f803b4139a52a08ccf487b19d04e4677a6e15ed1,5bdac65552544cec0734815a49982433e1e9ece8dd266c727067d248c2cc674d
R6_reacher_0a74deb4b05592118d0fafd9,H0,R4_ALT_CEM_1,H_POLICY,FRESH_PAIRED_CONTROL,0,True,,d0a887e18269a944206eaf7a38e40561b859fd5254b69e12f33abf5f2a3f2968,
R6_reacher_0a74deb4b05592118d0fafd9,H0,R4_ALT_CEM_1,REAL3_NULLACT,COMPLETE,0,True,True,6fbb2029a8c7fdf92f84f15270bccda352c843fef1691fbda6b558ce239d042d,86075712ff42092cd885fb95162f989c8e48616feac54cd8131222b21cea1d95
R6_reacher_0a74deb4b05592118d0fafd9,H0,R4_ALT_CEM_1,REPEAT3_REALACT,COMPLETE,1,True,True,c97552061b633098c748e2f09a6f156ec97ccb810ff63fe3b3cb51d71db70760,53d848ae87ff2fab5c65bf49327f7a17c7fdc86bf21652ab28f4faff4eeefccf
R6_reacher_0a74deb4b05592118d0fafd9,H0,R4_ALT_CEM_2,H_POLICY,FRESH_PAIRED_CONTROL,1,True,,20af088972982a468c2c705dc06bee4270721cd4992c5b6c0aa3b9cf51a2c674,
R6_reacher_0a74deb4b05592118d0fafd9,H0,R4_ALT_CEM_2,REAL3_NULLACT,COMPLETE,1,True,True,98c21671d79a3583e89a7acaccb6688cc0136b56156aea4289a0bdb1d0e3a166,e52b40f4e098e3df9b0d691690e9d1a0c811815053d683ee9db78b80b1d78c27
R6_reacher_0a74deb4b05592118d0fafd9,H0,R4_ALT_CEM_2,REPEAT3_REALACT,COMPLETE,1,True,True,2838699f08191e0a99c94218f17c11f99802e4a3e39f8cc1a8ff0fa77ddb4ae6,dd901093c1d63c03a1465fe1bc0a4e8d4e734f1114f1fd9feea72a0b14c1f128
R6_reacher_0a74deb4b05592118d0fafd9,REFIT_103201,R3_ORIGINAL,H_POLICY,FRESH_PAIRED_CONTROL,0,True,,d642c9b22d74e9f4a9446b15a002a2e1d043a36a0ccd4c115442f96dd6186ad8,
R6_reacher_0a74deb4b05592118d0fafd9,REFIT_103201,R3_ORIGINAL,REAL3_NULLACT,COMPLETE,0,True,True,546b208d88d520d5dcb6fa1df1c344fc9995c585906baff5d7dfa8e13b4cbcf6,ce2450df1990786d9b7a7a5c730ace98d4af31667d60191722493b3286ef3aa8
R6_reacher_0a74deb4b05592118d0fafd9,REFIT_103201,R3_ORIGINAL,REPEAT3_REALACT,COMPLETE,1,True,True,9b649a1a0e40ae8a49a05a27b2a47131e7bf73e846a1f542852172bff0562471,ecdb85345b6a7aec9bdde685d076ef6cb961bce2d6f99a752bab0ec13fe3d6e5
R6_reacher_0a74deb4b05592118d0fafd9,REFIT_103201,R4_ALT_CEM_1,H_POLICY,FRESH_PAIRED_CONTROL,1,True,,a40e70216eacef1cfc95d4affbd6f50513ae1b362ae8052fb545c364ffac4244,
R6_reacher_0a74deb4b05592118d0fafd9,REFIT_103201,R4_ALT_CEM_1,REAL3_NULLACT,COMPLETE,1,True,True,4d50cb1a75a9561d2684470a913d6e6f37401ec584a1bcc4507230ab15ab45b1,6f399279d164631ad24ae13e3d829e2397bde99f540239797853998e8640e7d0
R6_reacher_0a74deb4b05592118d0fafd9,REFIT_103201,R4_ALT_CEM_1,REPEAT3_REALACT,COMPLETE,1,True,True,0b9b534e8017dacf290947305910e6f9c2eae05c7f624f1fee93502be9116819,1287f111a732cedbdf1af1a8a4c045eda9d5e9d0a37fcf492caa62806af5328d
R6_reacher_0a74deb4b05592118d0fafd9,REFIT_103201,R4_ALT_CEM_2,H_POLICY,FRESH_PAIRED_CONTROL,0,True,,b3d7933ea470ddd09d7d24446ebe6950ed84ac49bd5acd4c83813ed1461499a6,
R6_reacher_0a74deb4b05592118d0fafd9,REFIT_103201,R4_ALT_CEM_2,REAL3_NULLACT,COMPLETE,1,True,True,f0225aaea0badf2a34efa6bdbe4703ae3c6ad86b8ac4161d7dcef036a179a797,0f7135910ecfe7dca2f98fbcff88cb7e7e0b09f348d870dc94306d00d76e8a06
R6_reacher_0a74deb4b05592118d0fafd9,REFIT_103201,R4_ALT_CEM_2,REPEAT3_REALACT,COMPLETE,1,True,True,45fd65cc73fb0603b833413f17cddbdfb97df58fa6bbc8da2dea8facafaeda22,089cedcc567b92837da1b4e29c86b433601087b055bf4028020c33fbd6abbe7f
R6_reacher_0a74deb4b05592118d0fafd9,REFIT_103202,R3_ORIGINAL,H_POLICY,FRESH_PAIRED_CONTROL,1,True,,7a13a4efc01a6c3861294af6a3405ef7ab2b81f9aaa9df0f5e6fcb2ddf9e24c0,
R6_reacher_0a74deb4b05592118d0fafd9,REFIT_103202,R3_ORIGINAL,REAL3_NULLACT,COMPLETE,0,True,True,a05091c633fe48ca370cfc610761361e38bcd900576a5cca8eefcc6d473daf83,4b5c267c9adc5f91984147f49df45e1dbc5863201a322771736362425132cf07
R6_reacher_0a74deb4b05592118d0fafd9,REFIT_103202,R3_ORIGINAL,REPEAT3_REALACT,COMPLETE,1,True,True,8706f992716bf7aac1df17494ac96159e8c98b7e3d99d05dea4c52bddc48b8e5,5cc3dc87ebc4a0b5abb90a93676bb306a2b70ca5c20d873e6c829d442b434a7b
R6_reacher_0a74deb4b05592118d0fafd9,REFIT_103202,R4_ALT_CEM_1,H_POLICY,FRESH_PAIRED_CONTROL,1,True,,ac152407b7b78b866f39c3692d539ff47108c3bb54846796cafee20490e892bb,
R6_reacher_0a74deb4b05592118d0fafd9,REFIT_103202,R4_ALT_CEM_1,REAL3_NULLACT,COMPLETE,1,True,True,361396b6702ee706c4bce1241c6e0226c153e57e7d0ef24ff448aaa7f5a374e3,ef3e670eda94f4c327f2c3b7665958e6e182adc57f35ace9f5de0d26fa0a2575
R6_reacher_0a74deb4b05592118d0fafd9,REFIT_103202,R4_ALT_CEM_1,REPEAT3_REALACT,COMPLETE,1,True,True,ad171d233e2bd82bc38bc56617ee13f34ddaa0c4731b7c03cf6c1a46bd18ddd8,6e3fec2240011f3a2daa3bb2ee55a411465df7ff9a87e1704f9d17d477f8d449
R6_reacher_0a74deb4b05592118d0fafd9,REFIT_103202,R4_ALT_CEM_2,H_POLICY,FRESH_PAIRED_CONTROL,1,True,,ead5f170da3c438baab46b59c2122bf22941c94f06a5ebfd7eb5bec78db17d9a,
R6_reacher_0a74deb4b05592118d0fafd9,REFIT_103202,R4_ALT_CEM_2,REAL3_NULLACT,COMPLETE,1,True,True,b83854fd6ca4d75716e9378e453fcae37e854549ae76a86a2914f3986688881c,7c66a541fc45399b88c900f25454d6df9a32a836b1a0e76e68bfc952f3979d7e
R6_reacher_0a74deb4b05592118d0fafd9,REFIT_103202,R4_ALT_CEM_2,REPEAT3_REALACT,COMPLETE,1,True,True,5e8efa4a9fc96a71edb984fd4823e3a979ebf8fccd45df9068feb12867be0141,eb7cc7a87abcf86cd57b09c4c355b0bcde77471179d551a401e433d49672c79a
R6_reacher_0a74deb4b05592118d0fafd9,REFIT_103203,R3_ORIGINAL,H_POLICY,FRESH_PAIRED_CONTROL,1,True,,6b761d527010fa231f1f1bbf2dad6046e037b4f7cd52c1e099c48db49b4b56e7,
R6_reacher_0a74deb4b05592118d0fafd9,REFIT_103203,R3_ORIGINAL,REAL3_NULLACT,COMPLETE,1,True,True,37ad9aa075a452158599053bed0f24e25d922830d0e348f68492eb77205715cf,36be5931b8b654bb9c83a3449c91787c2000075fe6e15748981b48408ec6d2c3
R6_reacher_0a74deb4b05592118d0fafd9,REFIT_103203,R3_ORIGINAL,REPEAT3_REALACT,COMPLETE,0,True,True,6f61f040bf8779ec0d7ae7443446f93702a77fe703e5ac92f52f6276222b1f06,98728f4ec87508e5be2863fbb29201159412b98053ced8476bb34deb6ec85729
R6_reacher_0a74deb4b05592118d0fafd9,REFIT_103203,R4_ALT_CEM_1,H_POLICY,FRESH_PAIRED_CONTROL,0,True,,fe7c9e4a4f2b7799b304fda2bd1491ed9e6cd7f76477acf6f748103a7e651f53,
R6_reacher_0a74deb4b05592118d0fafd9,REFIT_103203,R4_ALT_CEM_1,REAL3_NULLACT,COMPLETE,0,True,True,40ba7d6161045a09d1333f965542db3662b4f33b7e7756c2233149e40ddca626,15d164ff1a0290c97c101201b24546908b582d1951b537309bffe98b0b6dfe52
R6_reacher_0a74deb4b05592118d0fafd9,REFIT_103203,R4_ALT_CEM_1,REPEAT3_REALACT,COMPLETE,1,True,True,dfcc026e6728d51626e0788140c6ee4d8464d79ad26b90a63ab3acf0be1f8eb0,c428f0a1723f99ba4047f64dcadb772ab407230d98d3effe02841687644cc673
R6_reacher_0a74deb4b05592118d0fafd9,REFIT_103203,R4_ALT_CEM_2,H_POLICY,FRESH_PAIRED_CONTROL,1,True,,182bfc807ebd99fcf7e09d65672d86212c0b96dc544de8e4ed2afff1fae0abe7,
R6_reacher_0a74deb4b05592118d0fafd9,REFIT_103203,R4_ALT_CEM_2,REAL3_NULLACT,COMPLETE,1,True,True,fd37302b2f7c2bebb166c1a48c6fbfb6eb50de773d67b0b93be9141da2c5fab7,3e020319c442849f5b9fe856c3b7011f85ceff6173c46c91b1b07a0bb064a798
R6_reacher_0a74deb4b05592118d0fafd9,REFIT_103203,R4_ALT_CEM_2,REPEAT3_REALACT,COMPLETE,1,True,True,809fb19a85f40a76b1b7d7ddad78f29dbeed30d7467d67a65e210fc9323f0c02,9fe9d0d38676b1bcebb431b6fb4013266093b5b46df984fb6633efa493a6d37d
R6_reacher_0a8ebf9f92e62de330d9759e,H0,R3_ORIGINAL,H_POLICY,FRESH_PAIRED_CONTROL,1,True,,7ab402fee972482f0a7853a3e4105032d0ffd15fb4473ffec9607bd62f4a858b,
R6_reacher_0a8ebf9f92e62de330d9759e,H0,R3_ORIGINAL,REAL3_NULLACT,COMPLETE,0,True,True,834a1b267eb0134b8a4f5a9820bc8dd2178a820cace247d5e6bf710b844e00e5,0219b7665507b11cc84a6b41d8c54fc3b4a751d66f36e43146115afe767f42da
R6_reacher_0a8ebf9f92e62de330d9759e,H0,R3_ORIGINAL,REPEAT3_REALACT,COMPLETE,1,True,True,62db13e427b3fab7de53d0c161570ea5b0984670f93ecec1ad6fc8d0b428269e,9f8cd83efa14b4e2adb83d221bdf23f8ac1ef76bc6437cbc68729df162789ba2
R6_reacher_0a8ebf9f92e62de330d9759e,H0,R4_ALT_CEM_1,H_POLICY,FRESH_PAIRED_CONTROL,0,True,,60141164aa6392b86d0abf745713de978cd4f13efcc5a2c22ec299149828fbfc,
R6_reacher_0a8ebf9f92e62de330d9759e,H0,R4_ALT_CEM_1,REAL3_NULLACT,COMPLETE,0,True,True,b8d44b2c405736e35aca7c6e3d1865922a17d914c9c257701fee2e7d931c5b33,694625f61f507d7cabc19915eb1115fac9e374f83a736bf89a3453433f66e72e
R6_reacher_0a8ebf9f92e62de330d9759e,H0,R4_ALT_CEM_1,REPEAT3_REALACT,COMPLETE,1,True,True,d3935171307dbe86956f28a34b2a187f1b7559a6ddb871b34957d9014df2c485,86e30a659e0664c4481791c875e82922a3a95577ed431df79aaf1d4fa9e3cd0b
R6_reacher_0a8ebf9f92e62de330d9759e,H0,R4_ALT_CEM_2,H_POLICY,FRESH_PAIRED_CONTROL,0,True,,b0050a25e66c88076a6b3a0dbaaa8c392693b153cb31629490b9440747776282,
R6_reacher_0a8ebf9f92e62de330d9759e,H0,R4_ALT_CEM_2,REAL3_NULLACT,COMPLETE,0,True,True,133ac6c80f1fe078e7d4d7f79d0549f6c13e8eba40d048ac8255c67be3e719db,cd9b07f9e52073021b8d31a1dadd5583c17dc53e52d10a55eebccf111b77a3e4
R6_reacher_0a8ebf9f92e62de330d9759e,H0,R4_ALT_CEM_2,REPEAT3_REALACT,COMPLETE,1,True,True,669ff7b221c5c093114c4530a3741a6bd8965526356e3b592d5b43271c63533e,2d7e2057c7957f7f2a129f41f0816ec22836b3486fe33b9ba33c66589ed291a8
R6_reacher_0a8ebf9f92e62de330d9759e,REFIT_103201,R3_ORIGINAL,H_POLICY,FRESH_PAIRED_CONTROL,0,True,,2f620f119c5a8244fb09307319592830d104e0664b9f6fa207b7ecfe0a3ba334,
R6_reacher_0a8ebf9f92e62de330d9759e,REFIT_103201,R3_ORIGINAL,REAL3_NULLACT,COMPLETE,0,True,True,1963bf90733d4339ff627575611524344a56e66da1d5024d8e31b874cae1e531,5f233592f181eedf9f8d6e986a64ca9c59b666f9d37e24cfd930bcb67d18c7e4
R6_reacher_0a8ebf9f92e62de330d9759e,REFIT_103201,R3_ORIGINAL,REPEAT3_REALACT,COMPLETE,1,True,True,023737e1c2faf7e49080f62b4c9ceacf2c5ea772cce54644dea624783e9ba570,57fb2270243d59f31c6c2bd075adb5fc2737e4ee56baf6f2f0ed6920df7036ef
R6_reacher_0a8ebf9f92e62de330d9759e,REFIT_103201,R4_ALT_CEM_1,H_POLICY,FRESH_PAIRED_CONTROL,0,True,,bddcce17223493cd756fc00fab50d8cf05701037c9e629eaaa98acd2d45a1cb3,
R6_reacher_0a8ebf9f92e62de330d9759e,REFIT_103201,R4_ALT_CEM_1,REAL3_NULLACT,COMPLETE,1,True,True,3d79afd70d10422d20f3a261421c94014cd1086762f6b4af3ad0dceabe1dc8ea,3cb311596200c3cdde3b431052d008dff5d4c8d10a256677c56454497458c99e
R6_reacher_0a8ebf9f92e62de330d9759e,REFIT_103201,R4_ALT_CEM_1,REPEAT3_REALACT,COMPLETE,0,True,True,f85bfae1859265b84e4282734a9478f02945c8058ff16def4e11e9c1a553af9b,8b21b7472a83e22d058deb00a362524d0c645c0b31e55e97a461c25f0cbdb332
R6_reacher_0a8ebf9f92e62de330d9759e,REFIT_103201,R4_ALT_CEM_2,H_POLICY,FRESH_PAIRED_CONTROL,0,True,,0d85442c08629b9f563fe63d2a29bee490dc809571b1a82df352ad9e8792fb36,
R6_reacher_0a8ebf9f92e62de330d9759e,REFIT_103201,R4_ALT_CEM_2,REAL3_NULLACT,COMPLETE,0,True,True,b64bbd5929a87164dbb9861b24272e2fa437d74ba39b0f77997114c94e30fbcf,79db2207f07e23a1aaf6b500059475401c42f464e245fae647d3093283765fae
R6_reacher_0a8ebf9f92e62de330d9759e,REFIT_103201,R4_ALT_CEM_2,REPEAT3_REALACT,COMPLETE,1,True,True,f0f1d4f3c7c79ccd277acd044ab1aa57f541367ee423bee0b954b076ebce5cf4,fa17d9d95d877b701662326a4e9b5656331b627b3af1e468c9a1009d75a14517
R6_reacher_0a8ebf9f92e62de330d9759e,REFIT_103202,R3_ORIGINAL,H_POLICY,FRESH_PAIRED_CONTROL,1,True,,09789cd993cb06a61c7e2c5285315cd188cab3e58e4d8d19cbb33ed02a6ba6da,
R6_reacher_0a8ebf9f92e62de330d9759e,REFIT_103202,R3_ORIGINAL,REAL3_NULLACT,COMPLETE,0,True,True,ef9551080231be1b0ecd0be03adc116e9438eedec19603b8e4a1f01dda3e9586,9b4901fb6bd0347a56bb68f00b1a3cfa80c2c3ee86e1c2b6fcb57c131ffa96c7
R6_reacher_0a8ebf9f92e62de330d9759e,REFIT_103202,R3_ORIGINAL,REPEAT3_REALACT,COMPLETE,1,True,True,17d68269308557dd5eb6d2124509412c1d3fa00f20dbd5a7a5b3a7d14b70cc55,0b6d27d0b05302157d0c4ba39dc981d58aa1753e74cc5c565aba842e6e2642e3
R6_reacher_0a8ebf9f92e62de330d9759e,REFIT_103202,R4_ALT_CEM_1,H_POLICY,FRESH_PAIRED_CONTROL,1,True,,54a2310104e572e58fc0f8e32e34e979c37c2b1303c7bd01ddb70de9008dc403,
R6_reacher_0a8ebf9f92e62de330d9759e,REFIT_103202,R4_ALT_CEM_1,REAL3_NULLACT,COMPLETE,0,True,True,99d55211f59dd02ef29861d4b0f54c5b0203c65cfe378c521a297d9601980616,f1c7aa3efa7b9084d49af0259eeec30381b6595850cc64af943b1a9c8d3d87d0
R6_reacher_0a8ebf9f92e62de330d9759e,REFIT_103202,R4_ALT_CEM_1,REPEAT3_REALACT,COMPLETE,0,True,True,7c20020bc28542e516c89d30ce7da886f19563b741a47fa76bce2e477f6dbe01,47b5e4c9fb2dc1f211978c90b89b0bc10cb2b8c8acf712cb5ccdf6c9f0956335
R6_reacher_0a8ebf9f92e62de330d9759e,REFIT_103202,R4_ALT_CEM_2,H_POLICY,FRESH_PAIRED_CONTROL,0,True,,ac4461ed8a150f48c346205c7baaf6c0c4c7c53dac93614f78113d460e069d17,
R6_reacher_0a8ebf9f92e62de330d9759e,REFIT_103202,R4_ALT_CEM_2,REAL3_NULLACT,COMPLETE,0,True,True,84dfc986016b0d9dca16db916aee2f8c4e278c35e3c34b5fbcce9dbcb94f8741,ab1754e7cd9cd582c45bfb63f51173419a35a82a24aec1edaa617f8ca9cd4ab1
R6_reacher_0a8ebf9f92e62de330d9759e,REFIT_103202,R4_ALT_CEM_2,REPEAT3_REALACT,COMPLETE,1,True,True,14ec1b1361a849e11d2aab7df0145239ab182044277cf15ffc5fc1354ddd9a51,987f5d61edff73c6dbada0749d80354fc7d1381b1116192f176ae6ca66528c5e
R6_reacher_0a8ebf9f92e62de330d9759e,REFIT_103203,R3_ORIGINAL,H_POLICY,FRESH_PAIRED_CONTROL,1,True,,2cc9ae7322be7cdd8fa5202469a7e52487d76212c02ee54d156517ae59fdcfbf,
R6_reacher_0a8ebf9f92e62de330d9759e,REFIT_103203,R3_ORIGINAL,REAL3_NULLACT,COMPLETE,1,True,True,6976cf2fd31ad9a701fe88ac1116711ded14d4c759d019bf568cf540b5881ac1,c9fc6220f1c2193ddb1f1201982f4e45954facd694eca4c3e420838e48acdcea
R6_reacher_0a8ebf9f92e62de330d9759e,REFIT_103203,R3_ORIGINAL,REPEAT3_REALACT,COMPLETE,1,True,True,fceb4ec2e35bbb581116f55cb01174e28f91ade085525744aaa6bd92d7411f6d,a10194c90c395c68cda3f0bb390331795073999fcb57e6d3e6d280d1bcf4c5c4
R6_reacher_0a8ebf9f92e62de330d9759e,REFIT_103203,R4_ALT_CEM_1,H_POLICY,FRESH_PAIRED_CONTROL,0,True,,13c0f41ff9962121763116220c58fdd5d02ebcc2ee8358577c22669b4c209d5d,
R6_reacher_0a8ebf9f92e62de330d9759e,REFIT_103203,R4_ALT_CEM_1,REAL3_NULLACT,COMPLETE,0,True,True,a73bc1a1ac606cc80f5b35db54624186751c7ab39c5784dcf28d28eb487b6c08,49dd389b184c32c1128acf2bf55e3f9e06fc14fa36f70e8713370a4f74fa28e3
R6_reacher_0a8ebf9f92e62de330d9759e,REFIT_103203,R4_ALT_CEM_1,REPEAT3_REALACT,COMPLETE,1,True,True,e5a724085009ead51151cf0636b11defce432f29e22c9e6f1693b2bfc215c817,679179294f7ba3093a027d15797fbd2e732d26a2e06415a11593b148e6286c54
R6_reacher_0a8ebf9f92e62de330d9759e,REFIT_103203,R4_ALT_CEM_2,H_POLICY,FRESH_PAIRED_CONTROL,0,True,,6bb9b6c32f05aa4ea0ed64ddbe0aa9878eb86c592aed18bcb68fe9eed9ab54ed,
R6_reacher_0a8ebf9f92e62de330d9759e,REFIT_103203,R4_ALT_CEM_2,REAL3_NULLACT,COMPLETE,1,True,True,8a0c0cdb7acc7d0a2c0d00fbf1c7ed0c3661eb5e491f80d80a39b16db7dea475,a02a4a3b8dca52ac169fec4438e69c39024b592f0e4745d19db900ecc7dc02e6
R6_reacher_0a8ebf9f92e62de330d9759e,REFIT_103203,R4_ALT_CEM_2,REPEAT3_REALACT,COMPLETE,1,True,True,4a74002061b1ace50dd11f1ebe190bf897214bda498f32afa795ba71a8f32c57,d2e69026ce5bf98290f4e7ab8331236811cb70815e26d2de96481b050ddd78a0
R6_reacher_0ab0d3473481dc3b32839a68,H0,R3_ORIGINAL,H_POLICY,FRESH_PAIRED_CONTROL,0,True,,1a0c96bff1490ca6092128ee4ee7de58e1ad80591c51e4bf47c06bf720122a95,
R6_reacher_0ab0d3473481dc3b32839a68,H0,R3_ORIGINAL,REAL3_NULLACT,COMPLETE,0,True,True,6923f69601723d765d10b4a3cc8f3d0228cd9d21e7c442c9580884edc2d0d5f6,f09b335ff0f782e7af29dd10bd0face1e293bf967976fa15ba7d34e59e78c9bd
R6_reacher_0ab0d3473481dc3b32839a68,H0,R3_ORIGINAL,REPEAT3_REALACT,COMPLETE,1,True,True,e51fec3c433841f2bd2881ae531f0a4fbb9af2ada94822f97440456d084744f7,affe1ba8a5fbccee3e969b15d0115e712355705ce9372ea34897cf77e6bdc374
R6_reacher_0ab0d3473481dc3b32839a68,H0,R4_ALT_CEM_1,H_POLICY,FRESH_PAIRED_CONTROL,0,True,,f0053639c531e2d8c1dff6ed10944def5a76ee1589c48f837668384964e610bc,
R6_reacher_0ab0d3473481dc3b32839a68,H0,R4_ALT_CEM_1,REAL3_NULLACT,COMPLETE,0,True,True,f92b6f79867a8d587556954120b6b09083251e1ad4c18ef7da4e8b744853e543,062df4977b258654a5e6253e600cb8e7723e8dfb8db79ce864e5011814540ff4
R6_reacher_0ab0d3473481dc3b32839a68,H0,R4_ALT_CEM_1,REPEAT3_REALACT,COMPLETE,1,True,True,763dccf2db084404f5b9c4a60a3d3a7e9cc5afb7ed2f894d021e597036f06884,e9b58b1c80824e8337132b2fd2326ed8945581d37b3285582e3c11e049ee9b80
R6_reacher_0ab0d3473481dc3b32839a68,H0,R4_ALT_CEM_2,H_POLICY,FRESH_PAIRED_CONTROL,1,True,,4d0b8955e657aceb5e6f5a6e039e0d0bcb6f349d31d0a72e9de825b027010d0a,
R6_reacher_0ab0d3473481dc3b32839a68,H0,R4_ALT_CEM_2,REAL3_NULLACT,COMPLETE,1,True,True,2265d6240b3a98c56dcceb19b8e999f724e4d7e6f1a255acd56c02425633e4ae,1da6373b4d61b1ad14429f6a4474c437b5dd1f18dd21e496e0532d3567cac8af
R6_reacher_0ab0d3473481dc3b32839a68,H0,R4_ALT_CEM_2,REPEAT3_REALACT,COMPLETE,1,True,True,403d6a746c676556168072ba018c472b1c87d5d07f4958db05e45c48d1497724,1e91891e2934ec1e75f0acc777eef65ac092552765614408daccf0901893b4d8
R6_reacher_0ab0d3473481dc3b32839a68,REFIT_103201,R3_ORIGINAL,H_POLICY,FRESH_PAIRED_CONTROL,1,True,,f5ded4c8ad390fe4a1b90b94c275d0b0ffef066d676f07835492d3c901286078,
R6_reacher_0ab0d3473481dc3b32839a68,REFIT_103201,R3_ORIGINAL,REAL3_NULLACT,COMPLETE,1,True,True,c2825b998bd144caf5f67dcd600666219951215f486841c812c92e4440aa42f1,b9ad7bbdb051ad3e5b9c361adfcca3cda7d684106d8df50ba5d5490f032fd99d
R6_reacher_0ab0d3473481dc3b32839a68,REFIT_103201,R3_ORIGINAL,REPEAT3_REALACT,COMPLETE,1,True,True,a362cba2051b9a714917104fabe2b642f73978af4221f34fb994d0b7c2a57ca2,dd2c3a25826852d199e46c2d53f5558af4db8c1da0f050506289a95ed7104fb4
R6_reacher_0ab0d3473481dc3b32839a68,REFIT_103201,R4_ALT_CEM_1,H_POLICY,FRESH_PAIRED_CONTROL,1,False,,80b06f6b3a7684c26ac608fbbab81ec466b76de77f02bb93b9a22be517e8148b,
R6_reacher_0ab0d3473481dc3b32839a68,REFIT_103201,R4_ALT_CEM_1,REAL3_NULLACT,COMPLETE,1,False,True,9f82c491eb23ef723d1e3bd694b8647127aebf8f5236ce3199ecb38aaf7f89be,bcdc7fd1f8ef91be01c3ae56f5ad4914219b6a69a153ab4b4eccd0946dabeb12
R6_reacher_0ab0d3473481dc3b32839a68,REFIT_103201,R4_ALT_CEM_1,REPEAT3_REALACT,COMPLETE,1,False,True,d9d9554e8e9dca0a8710c589423e0e9acf103b3d9f27dde3d3f1b60894c1b3ad,bcdc7fd1f8ef91be01c3ae56f5ad4914219b6a69a153ab4b4eccd0946dabeb12
R6_reacher_0ab0d3473481dc3b32839a68,REFIT_103201,R4_ALT_CEM_2,H_POLICY,FRESH_PAIRED_CONTROL,1,True,,ba9b53f6330e2c556846f5bc816535c0b6d320a519736be6568ea88049c1ac8b,
R6_reacher_0ab0d3473481dc3b32839a68,REFIT_103201,R4_ALT_CEM_2,REAL3_NULLACT,COMPLETE,1,True,True,f0eeef3979c6a5dba76743a1ee106a51bf7c89666c3adefeec5b379a2495d3e6,1effca83e47267d2893be697ba7a53ebea4951f3a1626e974f2cfecc8fd360c9
R6_reacher_0ab0d3473481dc3b32839a68,REFIT_103201,R4_ALT_CEM_2,REPEAT3_REALACT,COMPLETE,1,True,True,a4251bda093e22ad27d77c2db1209b21b4e5da76ed9a3eae47e182c87d60dbde,3e3989c2d7d514dc98a32ce80d20c27b1f1a68579418bb7936a4a0f5e72bf184
R6_reacher_0ab0d3473481dc3b32839a68,REFIT_103202,R3_ORIGINAL,H_POLICY,FRESH_PAIRED_CONTROL,1,True,,0b63d6373b3ca5478ac55ab9107f6e1c1f094ce648efdbce678e88345a67b864,
R6_reacher_0ab0d3473481dc3b32839a68,REFIT_103202,R3_ORIGINAL,REAL3_NULLACT,COMPLETE,1,True,True,a0a2a3b467a04bfff5548697530517c1c698350782f9c8c21e54f095d6a0ed53,58237402d78e1ad4040e3c51fabc2118e7470a609b672d0162a0a727a0153bd2
R6_reacher_0ab0d3473481dc3b32839a68,REFIT_103202,R3_ORIGINAL,REPEAT3_REALACT,COMPLETE,1,True,True,e2e21696343b17b24d33cfe53565e97ae0341617d004ecb411a6f3b89de8026d,e58626fe5f8832aaa3c031e02d598677104fa9ac7525120446fb04e82223a849
R6_reacher_0ab0d3473481dc3b32839a68,REFIT_103202,R4_ALT_CEM_1,H_POLICY,FRESH_PAIRED_CONTROL,1,False,,9e62edc3b560baa787aa71123866b6653beaaf78ff5fce33372b511052f607b4,
R6_reacher_0ab0d3473481dc3b32839a68,REFIT_103202,R4_ALT_CEM_1,REAL3_NULLACT,COMPLETE,1,False,True,d70b319d41ba89c1a4eb4829561c607cf7eddb1901f7984bb91687a6f693f4cf,6ca7448ee30374bd51b4bf93c3a333e2552b7c530abed1bd34bc966fb2944eea
R6_reacher_0ab0d3473481dc3b32839a68,REFIT_103202,R4_ALT_CEM_1,REPEAT3_REALACT,COMPLETE,1,False,True,619255ecad216f7c90132d532a150cd6febb30f8fe3cfd42add9ecfd441ede88,6ca7448ee30374bd51b4bf93c3a333e2552b7c530abed1bd34bc966fb2944eea
R6_reacher_0ab0d3473481dc3b32839a68,REFIT_103202,R4_ALT_CEM_2,H_POLICY,FRESH_PAIRED_CONTROL,1,False,,4702ab26e1c409dd6743fcb6da2da79d738a63024d0db0d3f344e16cb425affd,
R6_reacher_0ab0d3473481dc3b32839a68,REFIT_103202,R4_ALT_CEM_2,REAL3_NULLACT,COMPLETE,1,False,True,8dd3d114c28ddd9464ce6b862af7757ccfd0440e82c0aa1c38b037ffd54dfc51,1d29ff87acaf9e54fbc08c4de3322c4727adc7a2ff7a5d65750da14b9a8884c0
R6_reacher_0ab0d3473481dc3b32839a68,REFIT_103202,R4_ALT_CEM_2,REPEAT3_REALACT,COMPLETE,1,False,True,bb545ef9a7b9cb554696e0d3a818ab76023c96b64c6da61f3c1ba9fa438306c6,1d29ff87acaf9e54fbc08c4de3322c4727adc7a2ff7a5d65750da14b9a8884c0
R6_reacher_0ab0d3473481dc3b32839a68,REFIT_103203,R3_ORIGINAL,H_POLICY,FRESH_PAIRED_CONTROL,1,True,,5b926b24d8b35c9d0c7187f8f81f30ba82169c65d0505945ec8f85d74f147ae1,
R6_reacher_0ab0d3473481dc3b32839a68,REFIT_103203,R3_ORIGINAL,REAL3_NULLACT,COMPLETE,0,True,True,b4d5591e24c4d59ed93296e7b836b798203eb3281bfff16f19cdbea72591c57d,58f5afe96c51aef035d286c0e93960caa3413a913e5a43c105056f30673046c6
R6_reacher_0ab0d3473481dc3b32839a68,REFIT_103203,R3_ORIGINAL,REPEAT3_REALACT,COMPLETE,1,True,True,24168f5b8ec0d82a1d4674ea5cf29bb72f08688d3525564bca391929be81d134,59f422f33cee49ae88e6d0b43a8d452b81ff588cf336a4b94e9a3081ee6b2a6d
R6_reacher_0ab0d3473481dc3b32839a68,REFIT_103203,R4_ALT_CEM_1,H_POLICY,FRESH_PAIRED_CONTROL,1,False,,095467895ca7ce8c617f07c0a8628bbe356efc6d0d3dcce9bcb85ed7aed90b7e,
R6_reacher_0ab0d3473481dc3b32839a68,REFIT_103203,R4_ALT_CEM_1,REAL3_NULLACT,COMPLETE,1,False,True,87644b6cd9a4526274dcf9c9067b1bfda37e1df4204bbdb67104c54bc9e384fc,e40d062fba751c245b839db2b1ef79341c1770621a1d6af81ea04089b9f0cb20
R6_reacher_0ab0d3473481dc3b32839a68,REFIT_103203,R4_ALT_CEM_1,REPEAT3_REALACT,COMPLETE,1,False,True,a472daaef13cc38facb24e1a8440299edd53b6909d37f8263f3fa6bd9bb0e26f,e40d062fba751c245b839db2b1ef79341c1770621a1d6af81ea04089b9f0cb20
R6_reacher_0ab0d3473481dc3b32839a68,REFIT_103203,R4_ALT_CEM_2,H_POLICY,FRESH_PAIRED_CONTROL,1,True,,ef04f1d8ea3b3e3a7e7bbabbfc412c249b9ce2474103c7afa9c673ec9c18a691,
R6_reacher_0ab0d3473481dc3b32839a68,REFIT_103203,R4_ALT_CEM_2,REAL3_NULLACT,COMPLETE,1,True,True,a61a7a8565dadd7fc433a91b9650d6fa9020be323e8da7c0a0cd95289ca17a18,7d55ab14db3c4dfb5002a6d7bca2c3d7ac3e4e186ec2e18acbfb48c9990e0145
R6_reacher_0ab0d3473481dc3b32839a68,REFIT_103203,R4_ALT_CEM_2,REPEAT3_REALACT,COMPLETE,1,True,True,c2f989e084ad2c759a520859db92d1c7b01ffa9e5b88c36bd11c881b8a715b98,05c866951eec63fb051300f88533fc98ca657d4c4d36c8c7a6afa520871acf08
R6_reacher_0ab3257343137f1e2ae074cc,H0,R3_ORIGINAL,H_POLICY,FRESH_PAIRED_CONTROL,1,False,,477824dafe043e73b77838efe3a65f0d3cd228797163f506061934567e84971b,
R6_reacher_0ab3257343137f1e2ae074cc,H0,R3_ORIGINAL,REAL3_NULLACT,COMPLETE,1,False,True,ce0a0190edd7f8e53fb87db7487d5782db98de9a135e2ced394ddc136899f6eb,3a62b3b262088e53b71f9e41fb4ab36090b3b7fcfaf907740f74d9fe6f3128e9
R6_reacher_0ab3257343137f1e2ae074cc,H0,R3_ORIGINAL,REPEAT3_REALACT,COMPLETE,1,False,True,7422a08df63d49984b670d2ac09949a107de9a7a53ec2de74ffa100f15cc2ad5,3a62b3b262088e53b71f9e41fb4ab36090b3b7fcfaf907740f74d9fe6f3128e9
R6_reacher_0ab3257343137f1e2ae074cc,H0,R4_ALT_CEM_1,H_POLICY,FRESH_PAIRED_CONTROL,1,False,,dda9dc6930cdccfdadd97cc6c595f623f7ff985be18856c6d025b48a67f387dd,
R6_reacher_0ab3257343137f1e2ae074cc,H0,R4_ALT_CEM_1,REAL3_NULLACT,COMPLETE,1,False,True,f5c4222e9e5c52f9187e0238a94cdead770f222f7259fc07a04fedb3e8c6af45,39e63a927c6769113684423ce596e8db5212cbdb9b8eb5537480b46ac42cc557
R6_reacher_0ab3257343137f1e2ae074cc,H0,R4_ALT_CEM_1,REPEAT3_REALACT,COMPLETE,1,False,True,d3cc3d5b9bc4922e5308f4e67dea1df80aaa116c8fe0ef0c87ffd2d1f06665be,39e63a927c6769113684423ce596e8db5212cbdb9b8eb5537480b46ac42cc557
R6_reacher_0ab3257343137f1e2ae074cc,H0,R4_ALT_CEM_2,H_POLICY,FRESH_PAIRED_CONTROL,0,True,,c925b9bb0a9631d13a54c082dd35986ab5735cfe31e656acb5124db4ddf39f06,
R6_reacher_0ab3257343137f1e2ae074cc,H0,R4_ALT_CEM_2,REAL3_NULLACT,COMPLETE,0,True,True,91b2cbe24c8f5557c78fee8d61e12e0f7768ab8e767eecff3fb9868c5fe494a1,ebcd7343efb77df291b0dda2fd51edb3c61368472a41a367021c334447cbbc71
R6_reacher_0ab3257343137f1e2ae074cc,H0,R4_ALT_CEM_2,REPEAT3_REALACT,COMPLETE,1,True,True,1a0adbc3617e2430cdbf7df15b133ef6754b1ab5381011667f08073fc5742a43,167250e8ef4934c3393724fd078442b87728f6474f48876597f57475efbbda40
R6_reacher_0ab3257343137f1e2ae074cc,REFIT_103201,R3_ORIGINAL,H_POLICY,FRESH_PAIRED_CONTROL,1,False,,b458001b6d9aa6f32bb6322d8378c84423f49352a26eacd1ef9394adb4ea893d,
R6_reacher_0ab3257343137f1e2ae074cc,REFIT_103201,R3_ORIGINAL,REAL3_NULLACT,COMPLETE,1,False,True,e493a28907e443c8c8d73a9263be1fe250ec7f9da5ca9dd604486ce26e7be39d,a1a98ad82b4ff5617ed7dd0c9179467950a56d69a19b50d99fd1b5b8a835f40f
R6_reacher_0ab3257343137f1e2ae074cc,REFIT_103201,R3_ORIGINAL,REPEAT3_REALACT,COMPLETE,1,False,True,a8c042ebd2b4709c058b6b1049f0131f7f959c7daefbbc15c78432cf57109e70,a1a98ad82b4ff5617ed7dd0c9179467950a56d69a19b50d99fd1b5b8a835f40f
R6_reacher_0ab3257343137f1e2ae074cc,REFIT_103201,R4_ALT_CEM_1,H_POLICY,FRESH_PAIRED_CONTROL,1,False,,d29c09ed8f119dac68be3d54f27e58dc987620ee4d0844bee8dd09f75783bd82,
R6_reacher_0ab3257343137f1e2ae074cc,REFIT_103201,R4_ALT_CEM_1,REAL3_NULLACT,COMPLETE,1,False,True,a7fed8ae2f4943f457d1527948bd5e3a02ad11a1da6e4092a95d30b06e523f47,830e3f7b67c869cc4b0ac95eca0b689dcf22baa8109f49b60b38c0cee8d19d68
R6_reacher_0ab3257343137f1e2ae074cc,REFIT_103201,R4_ALT_CEM_1,REPEAT3_REALACT,COMPLETE,1,False,True,b4a09766b7193505c11be5425a8f1bbce6a7bd7f80931bc28c32a59c2efb8cc5,830e3f7b67c869cc4b0ac95eca0b689dcf22baa8109f49b60b38c0cee8d19d68
R6_reacher_0ab3257343137f1e2ae074cc,REFIT_103201,R4_ALT_CEM_2,H_POLICY,FRESH_PAIRED_CONTROL,1,False,,41fed2a64c09df29b271f159e62e09f8f0659ac5f18bbc3548bcc9ee742a79a0,
R6_reacher_0ab3257343137f1e2ae074cc,REFIT_103201,R4_ALT_CEM_2,REAL3_NULLACT,COMPLETE,1,False,True,1e68edcfcdd097baca8a51207f11cc6da605ddebf83a1e1464181b813b88d56d,cfba637734748f9cf0add911d9cdd026e426a91f101095bbb6ffd96ff6433882
R6_reacher_0ab3257343137f1e2ae074cc,REFIT_103201,R4_ALT_CEM_2,REPEAT3_REALACT,COMPLETE,1,False,True,0fa338a1b39ff73328c357dd8a0719d4539ca72a31c482417621a3cf9f17cdc4,cfba637734748f9cf0add911d9cdd026e426a91f101095bbb6ffd96ff6433882
R6_reacher_0ab3257343137f1e2ae074cc,REFIT_103202,R3_ORIGINAL,H_POLICY,FRESH_PAIRED_CONTROL,1,False,,fde1bed540cb9ecd030efc5ba57fb71b4d9a22195ce98b9152b417c8b703c2cf,
R6_reacher_0ab3257343137f1e2ae074cc,REFIT_103202,R3_ORIGINAL,REAL3_NULLACT,COMPLETE,1,False,True,c317e017e54a184725e9842792cf6c8308a446ff675257fcd3eb0d2612b0f00c,a69491b2c23e495f3ed666cf64ccce38c3bda56df2444c4ee8145de3a4c9e48d
R6_reacher_0ab3257343137f1e2ae074cc,REFIT_103202,R3_ORIGINAL,REPEAT3_REALACT,COMPLETE,1,False,True,0ba2d95fd65bd696c75281a0fd903bd39456426d109be0b14be12173abc282ff,a69491b2c23e495f3ed666cf64ccce38c3bda56df2444c4ee8145de3a4c9e48d
R6_reacher_0ab3257343137f1e2ae074cc,REFIT_103202,R4_ALT_CEM_1,H_POLICY,FRESH_PAIRED_CONTROL,1,False,,6eb0e70bf2eb90b127fd857a028db64a3a456f96b5b6f9fce49e7d9fc8213682,
R6_reacher_0ab3257343137f1e2ae074cc,REFIT_103202,R4_ALT_CEM_1,REAL3_NULLACT,COMPLETE,1,False,True,cc201a7407dcc5dd4dcc26253e9a312235408aba2eaa9e7565780908bc9e5400,82d45c78c21ff5ce318d44664acd83b5bca6514209a340df4808d78cb969591a
R6_reacher_0ab3257343137f1e2ae074cc,REFIT_103202,R4_ALT_CEM_1,REPEAT3_REALACT,COMPLETE,1,False,True,71fcf9d8cd945afafd7377beece9fdfbbc0cab8d4fb289bc84c0264849e0b7df,82d45c78c21ff5ce318d44664acd83b5bca6514209a340df4808d78cb969591a
R6_reacher_0ab3257343137f1e2ae074cc,REFIT_103202,R4_ALT_CEM_2,H_POLICY,FRESH_PAIRED_CONTROL,1,False,,ba2ac4142ebae99cbe15fcb73b34c7a2a4845db5ac1a0cfd287e916cf6322234,
R6_reacher_0ab3257343137f1e2ae074cc,REFIT_103202,R4_ALT_CEM_2,REAL3_NULLACT,COMPLETE,1,False,True,bc8336096e6091a3d46c9410de641974aa39ab16fbbdc2cea41350cc381ec686,36a8f0ae8b344a4a79f033c7ee2186ef79074df34ab629867f76bf514f28a562
R6_reacher_0ab3257343137f1e2ae074cc,REFIT_103202,R4_ALT_CEM_2,REPEAT3_REALACT,COMPLETE,1,False,True,c3dbbf830295c93a723d6929eb53fe82a8402bba621bf1b3a6dfce0bf259fd54,36a8f0ae8b344a4a79f033c7ee2186ef79074df34ab629867f76bf514f28a562
R6_reacher_0ab3257343137f1e2ae074cc,REFIT_103203,R3_ORIGINAL,H_POLICY,FRESH_PAIRED_CONTROL,1,False,,396eea9e73f26e10f4e5174903fc74a77587a51f9c482cecc46197df7ccff98e,
R6_reacher_0ab3257343137f1e2ae074cc,REFIT_103203,R3_ORIGINAL,REAL3_NULLACT,COMPLETE,1,False,True,86dbdb7a204dfdd4fd22782eb4033e7f3f077cb0ab97665aae7032cfa6298e7c,c21a6bdfb7ffefbdad52b55d76a1948ae8f194e5342aef2302bb9bc914ada1f5
R6_reacher_0ab3257343137f1e2ae074cc,REFIT_103203,R3_ORIGINAL,REPEAT3_REALACT,COMPLETE,1,False,True,f127014e8d4cb3f6cef21a4e1aa70df743478b938f6fe5e22433bdcc9917f71d,c21a6bdfb7ffefbdad52b55d76a1948ae8f194e5342aef2302bb9bc914ada1f5
R6_reacher_0ab3257343137f1e2ae074cc,REFIT_103203,R4_ALT_CEM_1,H_POLICY,FRESH_PAIRED_CONTROL,1,False,,1b050187e3785e2f6f233ea7e3b58362ac5411b2ba1938a59d0ae94b7ec1fa2a,
R6_reacher_0ab3257343137f1e2ae074cc,REFIT_103203,R4_ALT_CEM_1,REAL3_NULLACT,COMPLETE,1,False,True,490dbdda076b0a221af65641723b2e806d6e556645155eec87d0494aa9229c94,f3d97fb25af631fe3617e6758af513003401fef40abb82ffd7abc0317701f79b
R6_reacher_0ab3257343137f1e2ae074cc,REFIT_103203,R4_ALT_CEM_1,REPEAT3_REALACT,COMPLETE,1,False,True,8520727b586c6f125681f56483cba35046956aecb03aa33427999c31f6a7f3f2,f3d97fb25af631fe3617e6758af513003401fef40abb82ffd7abc0317701f79b
R6_reacher_0ab3257343137f1e2ae074cc,REFIT_103203,R4_ALT_CEM_2,H_POLICY,FRESH_PAIRED_CONTROL,1,False,,01bd51adea0e434cb089f4ee24e8e088f5b3da4f3c5e598ada89c4d62883363f,
R6_reacher_0ab3257343137f1e2ae074cc,REFIT_103203,R4_ALT_CEM_2,REAL3_NULLACT,COMPLETE,1,False,True,3ad898b99bfa92ad8d70d047662417ad6b3049e74b987a133d9916cf104e9fa6,e70837f5f48c4c055822179cef7fe56333ab6ad26736dfda11aaab780cd4d024
R6_reacher_0ab3257343137f1e2ae074cc,REFIT_103203,R4_ALT_CEM_2,REPEAT3_REALACT,COMPLETE,1,False,True,d7e6a34265a62fb48e811a702f8255c18a0835cfac60e3ad781a1129b6dbc1b9,e70837f5f48c4c055822179cef7fe56333ab6ad26736dfda11aaab780cd4d024
R6_reacher_0abbe32b49558f890c57967a,H0,R3_ORIGINAL,H_POLICY,FRESH_PAIRED_CONTROL,1,False,,d829972e872e1d0c5f49ed9404d73706aa8d53a1bed374eecddb9549de29cc26,
R6_reacher_0abbe32b49558f890c57967a,H0,R3_ORIGINAL,REAL3_NULLACT,COMPLETE,1,False,True,db973f93ab6bbfa1504c7b4dcb6b9246b43dcde97d086233a9bd3113baea1314,d37a95220170c9399fdd0c07d62d28433d365eb963ad4ff576372013ed4f6f45
R6_reacher_0abbe32b49558f890c57967a,H0,R3_ORIGINAL,REPEAT3_REALACT,COMPLETE,1,False,True,ba38d91639d96660d757994856e7a7ac81f31d046a462b6268da0cb989ed7e9f,d37a95220170c9399fdd0c07d62d28433d365eb963ad4ff576372013ed4f6f45
R6_reacher_0abbe32b49558f890c57967a,H0,R4_ALT_CEM_1,H_POLICY,FRESH_PAIRED_CONTROL,1,True,,588e48fd966c00443dadf2000569dfb2745f3d73f38c3e23f1c0003ff9086060,
R6_reacher_0abbe32b49558f890c57967a,H0,R4_ALT_CEM_1,REAL3_NULLACT,COMPLETE,1,True,True,213d9e624aac3da71ce38bd6dca6b968e896af3fb11a4cb32f1921241e9e8972,bb5cedc691d106910bf08f80185a41a9f1efde0560acadc06b8768000ba2623d
R6_reacher_0abbe32b49558f890c57967a,H0,R4_ALT_CEM_1,REPEAT3_REALACT,COMPLETE,1,True,True,b7304e64a644b43bba1b626fc4aee0be06c7a57aee1688c4c676e4f469d4c84f,27662b87b81410b287a1fa44d3646a46e857e828d44417e24761a286daf6f564
R6_reacher_0abbe32b49558f890c57967a,H0,R4_ALT_CEM_2,H_POLICY,FRESH_PAIRED_CONTROL,1,False,,02ccf035a6970bff82258deba5f143bdbca6492b7d51fb83e2ece301d7f0b473,
R6_reacher_0abbe32b49558f890c57967a,H0,R4_ALT_CEM_2,REAL3_NULLACT,COMPLETE,1,False,True,9e86313063287242701b1c7cb68e6e0c9ae99c85eb80bd4c2be1b983d9ef7e02,ff691538e5a44999933a453ec4f2eb1bec395aab2ddb40d8eb982ac952d3431f
R6_reacher_0abbe32b49558f890c57967a,H0,R4_ALT_CEM_2,REPEAT3_REALACT,COMPLETE,1,False,True,3177137e9adc2b4f7f2e34a1b2209d661593a58d7b2d3b10b70f67287d8a9cbb,ff691538e5a44999933a453ec4f2eb1bec395aab2ddb40d8eb982ac952d3431f
R6_reacher_0abbe32b49558f890c57967a,REFIT_103201,R3_ORIGINAL,H_POLICY,FRESH_PAIRED_CONTROL,1,False,,2a0800b50e99f470825f54ee55cd5154868a404d0f3bf11f22347b1e0608f49a,
R6_reacher_0abbe32b49558f890c57967a,REFIT_103201,R3_ORIGINAL,REAL3_NULLACT,COMPLETE,1,False,True,1b48f962137313bcd3d918454859b5e62a32b6839259067d9f2c1b0fdc4e86be,8690ac52a0eca7fdb3478ba0985eb48e7c56ffa59907e6044072edd3b1d78ac9
R6_reacher_0abbe32b49558f890c57967a,REFIT_103201,R3_ORIGINAL,REPEAT3_REALACT,COMPLETE,1,False,True,bf443362d3e32eeed2e2899a53eb846ef509b19ca9921439509bbb9f4d4adf02,8690ac52a0eca7fdb3478ba0985eb48e7c56ffa59907e6044072edd3b1d78ac9
R6_reacher_0abbe32b49558f890c57967a,REFIT_103201,R4_ALT_CEM_1,H_POLICY,FRESH_PAIRED_CONTROL,1,False,,e8e3f208f58e0f1213ca2d37960d824cac21f05627dc9a60593fdebb29f779b3,
R6_reacher_0abbe32b49558f890c57967a,REFIT_103201,R4_ALT_CEM_1,REAL3_NULLACT,COMPLETE,1,False,True,5e8f281e22e870cd4e88f6afce7233d663c8d9c3552dcad3d577e5b805150692,4aae48ce30cf8d101670acc0799976510cdf1809592d06a7a5075cfbe773eab2
R6_reacher_0abbe32b49558f890c57967a,REFIT_103201,R4_ALT_CEM_1,REPEAT3_REALACT,COMPLETE,1,False,True,3bfdd97f31376d3333edbb624739ceec3ccfcefeff465ea0860f23a03b581398,4aae48ce30cf8d101670acc0799976510cdf1809592d06a7a5075cfbe773eab2
R6_reacher_0abbe32b49558f890c57967a,REFIT_103201,R4_ALT_CEM_2,H_POLICY,FRESH_PAIRED_CONTROL,1,False,,42a4c963871070491a733d1bf2c87ec8b3e0a51ae9d8480e5f11af43739da7e9,
R6_reacher_0abbe32b49558f890c57967a,REFIT_103201,R4_ALT_CEM_2,REAL3_NULLACT,COMPLETE,1,False,True,60cc25ad48e195f1f09c53c5cda277b5f27c2e0073891443a5027cfd03131bb7,710671d7426f8df1dc723705ca1bc5a5e00b69dacb6a8582d98988a09de53998
R6_reacher_0abbe32b49558f890c57967a,REFIT_103201,R4_ALT_CEM_2,REPEAT3_REALACT,COMPLETE,1,False,True,3aa8f4694efd77a408af4a58b8c1ec90b13b6d63d7255a19008266f14a2af554,710671d7426f8df1dc723705ca1bc5a5e00b69dacb6a8582d98988a09de53998
R6_reacher_0abbe32b49558f890c57967a,REFIT_103202,R3_ORIGINAL,H_POLICY,FRESH_PAIRED_CONTROL,1,False,,1035c779726c0b1f36530a2629b23fca9b02cba8df7183e423d20fdc669b8b99,
R6_reacher_0abbe32b49558f890c57967a,REFIT_103202,R3_ORIGINAL,REAL3_NULLACT,COMPLETE,1,False,True,7f12c3b10763faef39143c6e3d569c40f85a0355ba59a0fafb45caa839124c82,1b9341c26691e4af4af847254aaf0410c422ad6d21d3622fdecfda1bb41c029c
R6_reacher_0abbe32b49558f890c57967a,REFIT_103202,R3_ORIGINAL,REPEAT3_REALACT,COMPLETE,1,False,True,78351c970ebf363b3cc9e41776e0ba715d04438da952e7efc5231de8d9cb3c61,1b9341c26691e4af4af847254aaf0410c422ad6d21d3622fdecfda1bb41c029c
R6_reacher_0abbe32b49558f890c57967a,REFIT_103202,R4_ALT_CEM_1,H_POLICY,FRESH_PAIRED_CONTROL,1,True,,5376867e37421822d444bd7d64ff6972a80e7f0ea03304f89e602ac829dd6178,
R6_reacher_0abbe32b49558f890c57967a,REFIT_103202,R4_ALT_CEM_1,REAL3_NULLACT,COMPLETE,1,True,True,f0b5aff7acc76b85d4c7b8eb988e30cf828688f4f1ebda8284025d397f80db90,8ca7fba9dac824da2bd7cd3b4a569fe78c610db825149539d2916393371dcc8c
R6_reacher_0abbe32b49558f890c57967a,REFIT_103202,R4_ALT_CEM_1,REPEAT3_REALACT,COMPLETE,1,True,True,acbad99339df385f0931b7b24fa71c197b35cc529b37e040aee3c9b631b3c10c,455fbbbcdadd57beede3f422c5be242bbebbb4993c4dbc2627598af3971831a7
R6_reacher_0abbe32b49558f890c57967a,REFIT_103202,R4_ALT_CEM_2,H_POLICY,FRESH_PAIRED_CONTROL,1,True,,46fbbb17fc84bc8d43528c5790850b0ca0958d93013933f856ebf6b91574c44c,
R6_reacher_0abbe32b49558f890c57967a,REFIT_103202,R4_ALT_CEM_2,REAL3_NULLACT,COMPLETE,1,True,True,8aef2a3d11a129eb25dcd063b50b4e8719d718d8d40e37123f2b5050a9fe13b5,dcbf606b2fe3fe9828a8baddd5ebab070ce587d7e0a258a6a826a93d1341dc63
R6_reacher_0abbe32b49558f890c57967a,REFIT_103202,R4_ALT_CEM_2,REPEAT3_REALACT,COMPLETE,1,True,True,819623e67ac84a422994cc0e44ae5032dfb6d3e97faf1ac28e36d9e57de4a2ca,cd67d4b6be4b50808cbc739ebb01e23426e92c18b61f81b4b75bd99da49f7c8c
R6_reacher_0abbe32b49558f890c57967a,REFIT_103203,R3_ORIGINAL,H_POLICY,FRESH_PAIRED_CONTROL,1,False,,7ab34a7299967a895162af19799703ca628ee8e80c3de5e04412d5a40d4e42ec,
R6_reacher_0abbe32b49558f890c57967a,REFIT_103203,R3_ORIGINAL,REAL3_NULLACT,COMPLETE,1,False,True,3a357680400c6681b6d54ebf1f8c17532916f3ee01119daa2e4a0b6b7f011750,29b186780fb7410325b508ac416a90495ad22b7f9471ed4a8875cee1e3462216
R6_reacher_0abbe32b49558f890c57967a,REFIT_103203,R3_ORIGINAL,REPEAT3_REALACT,COMPLETE,1,False,True,89da249d7ce171b1874033b08dbaa02e2ed7ef7fa5865cd1714059af17bbdf5d,29b186780fb7410325b508ac416a90495ad22b7f9471ed4a8875cee1e3462216
R6_reacher_0abbe32b49558f890c57967a,REFIT_103203,R4_ALT_CEM_1,H_POLICY,FRESH_PAIRED_CONTROL,1,False,,32f3b59067328ff491feb5cbed27aea01e6ce79dd5e98dff7e47c5937f65983a,
R6_reacher_0abbe32b49558f890c57967a,REFIT_103203,R4_ALT_CEM_1,REAL3_NULLACT,COMPLETE,1,False,True,703428230d0b479157e45b5ec43e3e53b7f35cdbabbfe2196be1a4425669eff3,a098ae516cb6a3bbcb85af3ec5b71c1369ebc8c0bd676ffc5376eb19ed3edc7a
R6_reacher_0abbe32b49558f890c57967a,REFIT_103203,R4_ALT_CEM_1,REPEAT3_REALACT,COMPLETE,1,False,True,0a0393d57787eb00e509e46152ca2a9f418cc2a43e442fcddbb5ba3927b23de7,a098ae516cb6a3bbcb85af3ec5b71c1369ebc8c0bd676ffc5376eb19ed3edc7a
R6_reacher_0abbe32b49558f890c57967a,REFIT_103203,R4_ALT_CEM_2,H_POLICY,FRESH_PAIRED_CONTROL,1,True,,d39ecd643ce679b361da2fa219a553faeb7d61c8c8f57d53258af62ba1b924de,
R6_reacher_0abbe32b49558f890c57967a,REFIT_103203,R4_ALT_CEM_2,REAL3_NULLACT,COMPLETE,1,True,True,ccf995f6d5989fac83e161cdb2048891c4b2331968e905d3ee67db6ab52760d6,9864a2dbfa99d6b690be66627a7f91d254f536b0db433ceb34a3cbb0ebbf4a96
R6_reacher_0abbe32b49558f890c57967a,REFIT_103203,R4_ALT_CEM_2,REPEAT3_REALACT,COMPLETE,1,True,True,8de6afc44d46daeb2fb7fe5add8e72329c42b95b6222c97b9dfa710cb0a79849,dd48ea5ce73c0d23ab8b3cbcbabad828088d226c39e1156072b408c15b4b966d
