case_id,arm,stream,history,success,replan_calls,entered_replanning,second_plan_present,second_plan_vs_hreal3_different,predicted_context_l2_15,predicted_context_l2_20,result_path,result_sha256
R6_reacher_004a2bdf27d8bfceafa73467,H0,R3_ORIGINAL,PRED_PAST,1,2,1,1,1,6.675361633300781,7.209136486053467,/workspace/r8_fix/f2/FORMAL/R4_ALT_CEM_2/R6_reacher_0abbe32b49558f890c57967a/REFIT_103203/PRED_PAST/result.json,0ac4d820745bf7b457ed2f066827c06f1be54b9dc765081c911bd401e889b160
R6_reacher_004a2bdf27d8bfceafa73467,REFIT_103201,R3_ORIGINAL,PRED_PAST,1,2,1,1,1,6.000666618347168,6.285189628601074,/workspace/r8_fix/f2/FORMAL/R4_ALT_CEM_2/R6_reacher_0abbe32b49558f890c57967a/REFIT_103203/PRED_PAST/result.json,0ac4d820745bf7b457ed2f066827c06f1be54b9dc765081c911bd401e889b160
R6_reacher_004a2bdf27d8bfceafa73467,REFIT_103202,R3_ORIGINAL,PRED_PAST,1,2,1,1,1,4.888770580291748,4.555161476135254,/workspace/r8_fix/f2/FORMAL/R4_ALT_CEM_2/R6_reacher_0abbe32b49558f890c57967a/REFIT_103203/PRED_PAST/result.json,0ac4d820745bf7b457ed2f066827c06f1be54b9dc765081c911bd401e889b160
R6_reacher_004a2bdf27d8bfceafa73467,REFIT_103203,R3_ORIGINAL,PRED_PAST,1,2,1,1,1,5.930606842041016,6.2629499435424805,/workspace/r8_fix/f2/FORMAL/R4_ALT_CEM_2/R6_reacher_0abbe32b49558f890c57967a/REFIT_103203/PRED_PAST/result.json,0ac4d820745bf7b457ed2f066827c06f1be54b9dc765081c911bd401e889b160
R6_reacher_005a9d4fafe8239392288119,H0,R3_ORIGINAL,PRED_PAST,1,2,1,1,1,5.437645435333252,5.944601058959961,/workspace/r8_fix/f2/FORMAL/R4_ALT_CEM_2/R6_reacher_0abbe32b49558f890c57967a/REFIT_103203/PRED_PAST/result.json,0ac4d820745bf7b457ed2f066827c06f1be54b9dc765081c911bd401e889b160
R6_reacher_005a9d4fafe8239392288119,REFIT_103201,R3_ORIGINAL,PRED_PAST,1,2,1,1,1,5.554862022399902,5.451618671417236,/workspace/r8_fix/f2/FORMAL/R4_ALT_CEM_2/R6_reacher_0abbe32b49558f890c57967a/REFIT_103203/PRED_PAST/result.json,0ac4d820745bf7b457ed2f066827c06f1be54b9dc765081c911bd401e889b160
R6_reacher_005a9d4fafe8239392288119,REFIT_103202,R3_ORIGINAL,PRED_PAST,1,2,1,1,1,5.442281246185303,5.679775714874268,/workspace/r8_fix/f2/FORMAL/R4_ALT_CEM_2/R6_reacher_0abbe32b49558f890c57967a/REFIT_103203/PRED_PAST/result.json,0ac4d820745bf7b457ed2f066827c06f1be54b9dc765081c911bd401e889b160
R6_reacher_005a9d4fafe8239392288119,REFIT_103203,R3_ORIGINAL,PRED_PAST,1,1,0,0,,,,/workspace/r8_fix/f2/FORMAL/R4_ALT_CEM_2/R6_reacher_0abbe32b49558f890c57967a/REFIT_103203/PRED_PAST/result.json,0ac4d820745bf7b457ed2f066827c06f1be54b9dc765081c911bd401e889b160
R6_reacher_01140d82262ee0be1b888afa,H0,R3_ORIGINAL,PRED_PAST,1,2,1,1,1,12.95967960357666,13.246767044067383,/workspace/r8_fix/f2/FORMAL/R4_ALT_CEM_2/R6_reacher_0abbe32b49558f890c57967a/REFIT_103203/PRED_PAST/result.json,0ac4d820745bf7b457ed2f066827c06f1be54b9dc765081c911bd401e889b160
R6_reacher_01140d82262ee0be1b888afa,REFIT_103201,R3_ORIGINAL,PRED_PAST,0,2,1,1,1,11.65091323852539,11.778409004211426,/workspace/r8_fix/f2/FORMAL/R4_ALT_CEM_2/R6_reacher_0abbe32b49558f890c57967a/REFIT_103203/PRED_PAST/result.json,0ac4d820745bf7b457ed2f066827c06f1be54b9dc765081c911bd401e889b160
R6_reacher_01140d82262ee0be1b888afa,REFIT_103202,R3_ORIGINAL,PRED_PAST,1,2,1,1,1,12.495613098144531,12.614229202270508,/workspace/r8_fix/f2/FORMAL/R4_ALT_CEM_2/R6_reacher_0abbe32b49558f890c57967a/REFIT_103203/PRED_PAST/result.json,0ac4d820745bf7b457ed2f066827c06f1be54b9dc765081c911bd401e889b160
R6_reacher_01140d82262ee0be1b888afa,REFIT_103203,R3_ORIGINAL,PRED_PAST,1,2,1,1,1,12.142047882080078,11.95308780670166,/workspace/r8_fix/f2/FORMAL/R4_ALT_CEM_2/R6_reacher_0abbe32b49558f890c57967a/REFIT_103203/PRED_PAST/result.json,0ac4d820745bf7b457ed2f066827c06f1be54b9dc765081c911bd401e889b160
R6_reacher_011ea9fb18f79bb320718d2e,H0,R3_ORIGINAL,PRED_PAST,1,1,0,0,,,,/workspace/r8_fix/f2/FORMAL/R4_ALT_CEM_2/R6_reacher_0abbe32b49558f890c57967a/REFIT_103203/PRED_PAST/result.json,0ac4d820745bf7b457ed2f066827c06f1be54b9dc765081c911bd401e889b160
R6_reacher_011ea9fb18f79bb320718d2e,REFIT_103201,R3_ORIGINAL,PRED_PAST,1,1,0,0,,,,/workspace/r8_fix/f2/FORMAL/R4_ALT_CEM_2/R6_reacher_0abbe32b49558f890c57967a/REFIT_103203/PRED_PAST/result.json,0ac4d820745bf7b457ed2f066827c06f1be54b9dc765081c911bd401e889b160
R6_reacher_011ea9fb18f79bb320718d2e,REFIT_103202,R3_ORIGINAL,PRED_PAST,1,2,1,1,1,4.641705513000488,4.635105133056641,/workspace/r8_fix/f2/FORMAL/R4_ALT_CEM_2/R6_reacher_0abbe32b49558f890c57967a/REFIT_103203/PRED_PAST/result.json,0ac4d820745bf7b457ed2f066827c06f1be54b9dc765081c911bd401e889b160
R6_reacher_011ea9fb18f79bb320718d2e,REFIT_103203,R3_ORIGINAL,PRED_PAST,1,1,0,0,,,,/workspace/r8_fix/f2/FORMAL/R4_ALT_CEM_2/R6_reacher_0abbe32b49558f890c57967a/REFIT_103203/PRED_PAST/result.json,0ac4d820745bf7b457ed2f066827c06f1be54b9dc765081c911bd401e889b160
R6_reacher_012dddba11ae750296fdc988,H0,R3_ORIGINAL,PRED_PAST,1,1,0,0,,,,/workspace/r8_fix/f2/FORMAL/R4_ALT_CEM_2/R6_reacher_0abbe32b49558f890c57967a/REFIT_103203/PRED_PAST/result.json,0ac4d820745bf7b457ed2f066827c06f1be54b9dc765081c911bd401e889b160
R6_reacher_012dddba11ae750296fdc988,REFIT_103201,R3_ORIGINAL,PRED_PAST,1,1,0,0,,,,/workspace/r8_fix/f2/FORMAL/R4_ALT_CEM_2/R6_reacher_0abbe32b49558f890c57967a/REFIT_103203/PRED_PAST/result.json,0ac4d820745bf7b457ed2f066827c06f1be54b9dc765081c911bd401e889b160
R6_reacher_012dddba11ae750296fdc988,REFIT_103202,R3_ORIGINAL,PRED_PAST,1,2,1,1,1,2.8419628143310547,2.2900242805480957,/workspace/r8_fix/f2/FORMAL/R4_ALT_CEM_2/R6_reacher_0abbe32b49558f890c57967a/REFIT_103203/PRED_PAST/result.json,0ac4d820745bf7b457ed2f066827c06f1be54b9dc765081c911bd401e889b160
R6_reacher_012dddba11ae750296fdc988,REFIT_103203,R3_ORIGINAL,PRED_PAST,1,1,0,0,,,,/workspace/r8_fix/f2/FORMAL/R4_ALT_CEM_2/R6_reacher_0abbe32b49558f890c57967a/REFIT_103203/PRED_PAST/result.json,0ac4d820745bf7b457ed2f066827c06f1be54b9dc765081c911bd401e889b160
R6_reacher_01376a746a41e9e26d1e8b2e,H0,R3_ORIGINAL,PRED_PAST,1,2,1,1,1,3.6861047744750977,4.199645519256592,/workspace/r8_fix/f2/FORMAL/R4_ALT_CEM_2/R6_reacher_0abbe32b49558f890c57967a/REFIT_103203/PRED_PAST/result.json,0ac4d820745bf7b457ed2f066827c06f1be54b9dc765081c911bd401e889b160
R6_reacher_01376a746a41e9e26d1e8b2e,REFIT_103201,R3_ORIGINAL,PRED_PAST,1,1,0,0,,,,/workspace/r8_fix/f2/FORMAL/R4_ALT_CEM_2/R6_reacher_0abbe32b49558f890c57967a/REFIT_103203/PRED_PAST/result.json,0ac4d820745bf7b457ed2f066827c06f1be54b9dc765081c911bd401e889b160
R6_reacher_01376a746a41e9e26d1e8b2e,REFIT_103202,R3_ORIGINAL,PRED_PAST,1,1,0,0,,,,/workspace/r8_fix/f2/FORMAL/R4_ALT_CEM_2/R6_reacher_0abbe32b49558f890c57967a/REFIT_103203/PRED_PAST/result.json,0ac4d820745bf7b457ed2f066827c06f1be54b9dc765081c911bd401e889b160
R6_reacher_01376a746a41e9e26d1e8b2e,REFIT_103203,R3_ORIGINAL,PRED_PAST,1,1,0,0,,,,/workspace/r8_fix/f2/FORMAL/R4_ALT_CEM_2/R6_reacher_0abbe32b49558f890c57967a/REFIT_103203/PRED_PAST/result.json,0ac4d820745bf7b457ed2f066827c06f1be54b9dc765081c911bd401e889b160
R6_reacher_0184346c125528018922c654,H0,R3_ORIGINAL,PRED_PAST,1,2,1,1,1,4.730730056762695,5.122262954711914,/workspace/r8_fix/f2/FORMAL/R4_ALT_CEM_2/R6_reacher_0abbe32b49558f890c57967a/REFIT_103203/PRED_PAST/result.json,0ac4d820745bf7b457ed2f066827c06f1be54b9dc765081c911bd401e889b160
R6_reacher_0184346c125528018922c654,REFIT_103201,R3_ORIGINAL,PRED_PAST,1,2,1,1,1,3.7078938484191895,3.8179514408111572,/workspace/r8_fix/f2/FORMAL/R4_ALT_CEM_2/R6_reacher_0abbe32b49558f890c57967a/REFIT_103203/PRED_PAST/result.json,0ac4d820745bf7b457ed2f066827c06f1be54b9dc765081c911bd401e889b160
R6_reacher_0184346c125528018922c654,REFIT_103202,R3_ORIGINAL,PRED_PAST,1,2,1,1,1,3.00308895111084,2.9238083362579346,/workspace/r8_fix/f2/FORMAL/R4_ALT_CEM_2/R6_reacher_0abbe32b49558f890c57967a/REFIT_103203/PRED_PAST/result.json,0ac4d820745bf7b457ed2f066827c06f1be54b9dc765081c911bd401e889b160
R6_reacher_0184346c125528018922c654,REFIT_103203,R3_ORIGINAL,PRED_PAST,1,2,1,1,1,3.0662128925323486,3.1239264011383057,/workspace/r8_fix/f2/FORMAL/R4_ALT_CEM_2/R6_reacher_0abbe32b49558f890c57967a/REFIT_103203/PRED_PAST/result.json,0ac4d820745bf7b457ed2f066827c06f1be54b9dc765081c911bd401e889b160
R6_reacher_0192eda575e790d45853b4a8,H0,R3_ORIGINAL,PRED_PAST,1,2,1,1,1,5.256491184234619,5.231265068054199,/workspace/r8_fix/f2/FORMAL/R4_ALT_CEM_2/R6_reacher_0abbe32b49558f890c57967a/REFIT_103203/PRED_PAST/result.json,0ac4d820745bf7b457ed2f066827c06f1be54b9dc765081c911bd401e889b160
R6_reacher_0192eda575e790d45853b4a8,REFIT_103201,R3_ORIGINAL,PRED_PAST,1,1,0,0,,,,/workspace/r8_fix/f2/FORMAL/R4_ALT_CEM_2/R6_reacher_0abbe32b49558f890c57967a/REFIT_103203/PRED_PAST/result.json,0ac4d820745bf7b457ed2f066827c06f1be54b9dc765081c911bd401e889b160
R6_reacher_0192eda575e790d45853b4a8,REFIT_103202,R3_ORIGINAL,PRED_PAST,1,2,1,1,1,4.813034534454346,4.731210231781006,/workspace/r8_fix/f2/FORMAL/R4_ALT_CEM_2/R6_reacher_0abbe32b49558f890c57967a/REFIT_103203/PRED_PAST/result.json,0ac4d820745bf7b457ed2f066827c06f1be54b9dc765081c911bd401e889b160
R6_reacher_0192eda575e790d45853b4a8,REFIT_103203,R3_ORIGINAL,PRED_PAST,1,2,1,1,1,5.91514778137207,4.460844039916992,/workspace/r8_fix/f2/FORMAL/R4_ALT_CEM_2/R6_reacher_0abbe32b49558f890c57967a/REFIT_103203/PRED_PAST/result.json,0ac4d820745bf7b457ed2f066827c06f1be54b9dc765081c911bd401e889b160
R6_reacher_01a317a7971dd8b32b9e544f,H0,R3_ORIGINAL,PRED_PAST,1,2,1,1,1,3.8258869647979736,3.4231979846954346,/workspace/r8_fix/f2/FORMAL/R4_ALT_CEM_2/R6_reacher_0abbe32b49558f890c57967a/REFIT_103203/PRED_PAST/result.json,0ac4d820745bf7b457ed2f066827c06f1be54b9dc765081c911bd401e889b160
R6_reacher_01a317a7971dd8b32b9e544f,REFIT_103201,R3_ORIGINAL,PRED_PAST,1,1,0,0,,,,/workspace/r8_fix/f2/FORMAL/R4_ALT_CEM_2/R6_reacher_0abbe32b49558f890c57967a/REFIT_103203/PRED_PAST/result.json,0ac4d820745bf7b457ed2f066827c06f1be54b9dc765081c911bd401e889b160
R6_reacher_01a317a7971dd8b32b9e544f,REFIT_103202,R3_ORIGINAL,PRED_PAST,1,2,1,1,1,3.6844749450683594,3.662912368774414,/workspace/r8_fix/f2/FORMAL/R4_ALT_CEM_2/R6_reacher_0abbe32b49558f890c57967a/REFIT_103203/PRED_PAST/result.json,0ac4d820745bf7b457ed2f066827c06f1be54b9dc765081c911bd401e889b160
R6_reacher_01a317a7971dd8b32b9e544f,REFIT_103203,R3_ORIGINAL,PRED_PAST,1,2,1,1,1,3.5659573078155518,3.4085795879364014,/workspace/r8_fix/f2/FORMAL/R4_ALT_CEM_2/R6_reacher_0abbe32b49558f890c57967a/REFIT_103203/PRED_PAST/result.json,0ac4d820745bf7b457ed2f066827c06f1be54b9dc765081c911bd401e889b160
R6_reacher_01a369b2316f5e495d770946,H0,R3_ORIGINAL,PRED_PAST,1,2,1,1,1,3.303834915161133,3.1184170246124268,/workspace/r8_fix/f2/FORMAL/R4_ALT_CEM_2/R6_reacher_0abbe32b49558f890c57967a/REFIT_103203/PRED_PAST/result.json,0ac4d820745bf7b457ed2f066827c06f1be54b9dc765081c911bd401e889b160
R6_reacher_01a369b2316f5e495d770946,REFIT_103201,R3_ORIGINAL,PRED_PAST,1,2,1,1,1,3.4499669075012207,3.2347865104675293,/workspace/r8_fix/f2/FORMAL/R4_ALT_CEM_2/R6_reacher_0abbe32b49558f890c57967a/REFIT_103203/PRED_PAST/result.json,0ac4d820745bf7b457ed2f066827c06f1be54b9dc765081c911bd401e889b160
R6_reacher_01a369b2316f5e495d770946,REFIT_103202,R3_ORIGINAL,PRED_PAST,1,2,1,1,1,4.655812740325928,4.485804080963135,/workspace/r8_fix/f2/FORMAL/R4_ALT_CEM_2/R6_reacher_0abbe32b49558f890c57967a/REFIT_103203/PRED_PAST/result.json,0ac4d820745bf7b457ed2f066827c06f1be54b9dc765081c911bd401e889b160
R6_reacher_01a369b2316f5e495d770946,REFIT_103203,R3_ORIGINAL,PRED_PAST,1,2,1,1,1,5.062078475952148,5.12595272064209,/workspace/r8_fix/f2/FORMAL/R4_ALT_CEM_2/R6_reacher_0abbe32b49558f890c57967a/REFIT_103203/PRED_PAST/result.json,0ac4d820745bf7b457ed2f066827c06f1be54b9dc765081c911bd401e889b160
R6_reacher_01a7354c1ecb23a787077139,H0,R3_ORIGINAL,PRED_PAST,1,1,0,0,,,,/workspace/r8_fix/f2/FORMAL/R4_ALT_CEM_2/R6_reacher_0abbe32b49558f890c57967a/REFIT_103203/PRED_PAST/result.json,0ac4d820745bf7b457ed2f066827c06f1be54b9dc765081c911bd401e889b160
R6_reacher_01a7354c1ecb23a787077139,REFIT_103201,R3_ORIGINAL,PRED_PAST,1,1,0,0,,,,/workspace/r8_fix/f2/FORMAL/R4_ALT_CEM_2/R6_reacher_0abbe32b49558f890c57967a/REFIT_103203/PRED_PAST/result.json,0ac4d820745bf7b457ed2f066827c06f1be54b9dc765081c911bd401e889b160
R6_reacher_01a7354c1ecb23a787077139,REFIT_103202,R3_ORIGINAL,PRED_PAST,1,1,0,0,,,,/workspace/r8_fix/f2/FORMAL/R4_ALT_CEM_2/R6_reacher_0abbe32b49558f890c57967a/REFIT_103203/PRED_PAST/result.json,0ac4d820745bf7b457ed2f066827c06f1be54b9dc765081c911bd401e889b160
R6_reacher_01a7354c1ecb23a787077139,REFIT_103203,R3_ORIGINAL,PRED_PAST,1,1,0,0,,,,/workspace/r8_fix/f2/FORMAL/R4_ALT_CEM_2/R6_reacher_0abbe32b49558f890c57967a/REFIT_103203/PRED_PAST/result.json,0ac4d820745bf7b457ed2f066827c06f1be54b9dc765081c911bd401e889b160
R6_reacher_01f4491b43897667d92d30bf,H0,R3_ORIGINAL,PRED_PAST,1,2,1,1,1,8.043368339538574,7.191648960113525,/workspace/r8_fix/f2/FORMAL/R4_ALT_CEM_2/R6_reacher_0abbe32b49558f890c57967a/REFIT_103203/PRED_PAST/result.json,0ac4d820745bf7b457ed2f066827c06f1be54b9dc765081c911bd401e889b160
R6_reacher_01f4491b43897667d92d30bf,REFIT_103201,R3_ORIGINAL,PRED_PAST,1,2,1,1,1,7.137150287628174,7.135044574737549,/workspace/r8_fix/f2/FORMAL/R4_ALT_CEM_2/R6_reacher_0abbe32b49558f890c57967a/REFIT_103203/PRED_PAST/result.json,0ac4d820745bf7b457ed2f066827c06f1be54b9dc765081c911bd401e889b160
R6_reacher_01f4491b43897667d92d30bf,REFIT_103202,R3_ORIGINAL,PRED_PAST,1,2,1,1,1,7.4759955406188965,7.776175022125244,/workspace/r8_fix/f2/FORMAL/R4_ALT_CEM_2/R6_reacher_0abbe32b49558f890c57967a/REFIT_103203/PRED_PAST/result.json,0ac4d820745bf7b457ed2f066827c06f1be54b9dc765081c911bd401e889b160
R6_reacher_01f4491b43897667d92d30bf,REFIT_103203,R3_ORIGINAL,PRED_PAST,1,2,1,1,1,7.312613487243652,7.593014717102051,/workspace/r8_fix/f2/FORMAL/R4_ALT_CEM_2/R6_reacher_0abbe32b49558f890c57967a/REFIT_103203/PRED_PAST/result.json,0ac4d820745bf7b457ed2f066827c06f1be54b9dc765081c911bd401e889b160
R6_reacher_01f5771f4bd3fe2f344b4afe,H0,R3_ORIGINAL,PRED_PAST,1,2,1,1,1,2.5304582118988037,2.890753746032715,/workspace/r8_fix/f2/FORMAL/R4_ALT_CEM_2/R6_reacher_0abbe32b49558f890c57967a/REFIT_103203/PRED_PAST/result.json,0ac4d820745bf7b457ed2f066827c06f1be54b9dc765081c911bd401e889b160
R6_reacher_01f5771f4bd3fe2f344b4afe,REFIT_103201,R3_ORIGINAL,PRED_PAST,1,2,1,1,1,2.842714309692383,3.1902573108673096,/workspace/r8_fix/f2/FORMAL/R4_ALT_CEM_2/R6_reacher_0abbe32b49558f890c57967a/REFIT_103203/PRED_PAST/result.json,0ac4d820745bf7b457ed2f066827c06f1be54b9dc765081c911bd401e889b160
R6_reacher_01f5771f4bd3fe2f344b4afe,REFIT_103202,R3_ORIGINAL,PRED_PAST,1,1,0,0,,,,/workspace/r8_fix/f2/FORMAL/R4_ALT_CEM_2/R6_reacher_0abbe32b49558f890c57967a/REFIT_103203/PRED_PAST/result.json,0ac4d820745bf7b457ed2f066827c06f1be54b9dc765081c911bd401e889b160
R6_reacher_01f5771f4bd3fe2f344b4afe,REFIT_103203,R3_ORIGINAL,PRED_PAST,1,1,0,0,,,,/workspace/r8_fix/f2/FORMAL/R4_ALT_CEM_2/R6_reacher_0abbe32b49558f890c57967a/REFIT_103203/PRED_PAST/result.json,0ac4d820745bf7b457ed2f066827c06f1be54b9dc765081c911bd401e889b160
R6_reacher_02363949abe1b34ce169a168,H0,R3_ORIGINAL,PRED_PAST,0,2,1,1,1,4.215991497039795,4.124617099761963,/workspace/r8_fix/f2/FORMAL/R4_ALT_CEM_2/R6_reacher_0abbe32b49558f890c57967a/REFIT_103203/PRED_PAST/result.json,0ac4d820745bf7b457ed2f066827c06f1be54b9dc765081c911bd401e889b160
R6_reacher_02363949abe1b34ce169a168,REFIT_103201,R3_ORIGINAL,PRED_PAST,1,2,1,1,1,4.919579029083252,4.907849311828613,/workspace/r8_fix/f2/FORMAL/R4_ALT_CEM_2/R6_reacher_0abbe32b49558f890c57967a/REFIT_103203/PRED_PAST/result.json,0ac4d820745bf7b457ed2f066827c06f1be54b9dc765081c911bd401e889b160
R6_reacher_02363949abe1b34ce169a168,REFIT_103202,R3_ORIGINAL,PRED_PAST,1,2,1,1,1,3.971611499786377,3.8986012935638428,/workspace/r8_fix/f2/FORMAL/R4_ALT_CEM_2/R6_reacher_0abbe32b49558f890c57967a/REFIT_103203/PRED_PAST/result.json,0ac4d820745bf7b457ed2f066827c06f1be54b9dc765081c911bd401e889b160
R6_reacher_02363949abe1b34ce169a168,REFIT_103203,R3_ORIGINAL,PRED_PAST,1,2,1,1,1,4.175924301147461,4.235802173614502,/workspace/r8_fix/f2/FORMAL/R4_ALT_CEM_2/R6_reacher_0abbe32b49558f890c57967a/REFIT_103203/PRED_PAST/result.json,0ac4d820745bf7b457ed2f066827c06f1be54b9dc765081c911bd401e889b160
R6_reacher_0236acda3799285bc7c01150,H0,R3_ORIGINAL,PRED_PAST,0,2,1,1,1,2.278061866760254,3.5672779083251953,/workspace/r8_fix/f2/FORMAL/R4_ALT_CEM_2/R6_reacher_0abbe32b49558f890c57967a/REFIT_103203/PRED_PAST/result.json,0ac4d820745bf7b457ed2f066827c06f1be54b9dc765081c911bd401e889b160
R6_reacher_0236acda3799285bc7c01150,REFIT_103201,R3_ORIGINAL,PRED_PAST,1,2,1,1,1,2.8589463233947754,3.0539002418518066,/workspace/r8_fix/f2/FORMAL/R4_ALT_CEM_2/R6_reacher_0abbe32b49558f890c57967a/REFIT_103203/PRED_PAST/result.json,0ac4d820745bf7b457ed2f066827c06f1be54b9dc765081c911bd401e889b160
R6_reacher_0236acda3799285bc7c01150,REFIT_103202,R3_ORIGINAL,PRED_PAST,1,2,1,1,1,3.056857109069824,3.2291359901428223,/workspace/r8_fix/f2/FORMAL/R4_ALT_CEM_2/R6_reacher_0abbe32b49558f890c57967a/REFIT_103203/PRED_PAST/result.json,0ac4d820745bf7b457ed2f066827c06f1be54b9dc765081c911bd401e889b160
R6_reacher_0236acda3799285bc7c01150,REFIT_103203,R3_ORIGINAL,PRED_PAST,1,2,1,1,1,3.014805793762207,2.941077709197998,/workspace/r8_fix/f2/FORMAL/R4_ALT_CEM_2/R6_reacher_0abbe32b49558f890c57967a/REFIT_103203/PRED_PAST/result.json,0ac4d820745bf7b457ed2f066827c06f1be54b9dc765081c911bd401e889b160
R6_reacher_0240bbadbe9657118f04a00f,H0,R3_ORIGINAL,PRED_PAST,1,2,1,1,1,6.643083572387695,6.8480000495910645,/workspace/r8_fix/f2/FORMAL/R4_ALT_CEM_2/R6_reacher_0abbe32b49558f890c57967a/REFIT_103203/PRED_PAST/result.json,0ac4d820745bf7b457ed2f066827c06f1be54b9dc765081c911bd401e889b160
R6_reacher_0240bbadbe9657118f04a00f,REFIT_103201,R3_ORIGINAL,PRED_PAST,1,2,1,1,1,3.240044355392456,3.5286061763763428,/workspace/r8_fix/f2/FORMAL/R4_ALT_CEM_2/R6_reacher_0abbe32b49558f890c57967a/REFIT_103203/PRED_PAST/result.json,0ac4d820745bf7b457ed2f066827c06f1be54b9dc765081c911bd401e889b160
R6_reacher_0240bbadbe9657118f04a00f,REFIT_103202,R3_ORIGINAL,PRED_PAST,1,1,0,0,,,,/workspace/r8_fix/f2/FORMAL/R4_ALT_CEM_2/R6_reacher_0abbe32b49558f890c57967a/REFIT_103203/PRED_PAST/result.json,0ac4d820745bf7b457ed2f066827c06f1be54b9dc765081c911bd401e889b160
R6_reacher_0240bbadbe9657118f04a00f,REFIT_103203,R3_ORIGINAL,PRED_PAST,1,2,1,1,1,4.460507869720459,4.476996421813965,/workspace/r8_fix/f2/FORMAL/R4_ALT_CEM_2/R6_reacher_0abbe32b49558f890c57967a/REFIT_103203/PRED_PAST/result.json,0ac4d820745bf7b457ed2f066827c06f1be54b9dc765081c911bd401e889b160
R6_reacher_026d9ade4b09a32c4196f539,H0,R3_ORIGINAL,PRED_PAST,1,1,0,0,,,,/workspace/r8_fix/f2/FORMAL/R4_ALT_CEM_2/R6_reacher_0abbe32b49558f890c57967a/REFIT_103203/PRED_PAST/result.json,0ac4d820745bf7b457ed2f066827c06f1be54b9dc765081c911bd401e889b160
R6_reacher_026d9ade4b09a32c4196f539,REFIT_103201,R3_ORIGINAL,PRED_PAST,1,1,0,0,,,,/workspace/r8_fix/f2/FORMAL/R4_ALT_CEM_2/R6_reacher_0abbe32b49558f890c57967a/REFIT_103203/PRED_PAST/result.json,0ac4d820745bf7b457ed2f066827c06f1be54b9dc765081c911bd401e889b160
R6_reacher_026d9ade4b09a32c4196f539,REFIT_103202,R3_ORIGINAL,PRED_PAST,1,1,0,0,,,,/workspace/r8_fix/f2/FORMAL/R4_ALT_CEM_2/R6_reacher_0abbe32b49558f890c57967a/REFIT_103203/PRED_PAST/result.json,0ac4d820745bf7b457ed2f066827c06f1be54b9dc765081c911bd401e889b160
R6_reacher_026d9ade4b09a32c4196f539,REFIT_103203,R3_ORIGINAL,PRED_PAST,1,1,0,0,,,,/workspace/r8_fix/f2/FORMAL/R4_ALT_CEM_2/R6_reacher_0abbe32b49558f890c57967a/REFIT_103203/PRED_PAST/result.json,0ac4d820745bf7b457ed2f066827c06f1be54b9dc765081c911bd401e889b160
R6_reacher_027fb56ab9bbb246ba323f0b,H0,R3_ORIGINAL,PRED_PAST,1,1,0,0,,,,/workspace/r8_fix/f2/FORMAL/R4_ALT_CEM_2/R6_reacher_0abbe32b49558f890c57967a/REFIT_103203/PRED_PAST/result.json,0ac4d820745bf7b457ed2f066827c06f1be54b9dc765081c911bd401e889b160
R6_reacher_027fb56ab9bbb246ba323f0b,REFIT_103201,R3_ORIGINAL,PRED_PAST,1,1,0,0,,,,/workspace/r8_fix/f2/FORMAL/R4_ALT_CEM_2/R6_reacher_0abbe32b49558f890c57967a/REFIT_103203/PRED_PAST/result.json,0ac4d820745bf7b457ed2f066827c06f1be54b9dc765081c911bd401e889b160
R6_reacher_027fb56ab9bbb246ba323f0b,REFIT_103202,R3_ORIGINAL,PRED_PAST,1,1,0,0,,,,/workspace/r8_fix/f2/FORMAL/R4_ALT_CEM_2/R6_reacher_0abbe32b49558f890c57967a/REFIT_103203/PRED_PAST/result.json,0ac4d820745bf7b457ed2f066827c06f1be54b9dc765081c911bd401e889b160
R6_reacher_027fb56ab9bbb246ba323f0b,REFIT_103203,R3_ORIGINAL,PRED_PAST,1,1,0,0,,,,/workspace/r8_fix/f2/FORMAL/R4_ALT_CEM_2/R6_reacher_0abbe32b49558f890c57967a/REFIT_103203/PRED_PAST/result.json,0ac4d820745bf7b457ed2f066827c06f1be54b9dc765081c911bd401e889b160
R6_reacher_02b5a054bf782ce2a8682ef0,H0,R3_ORIGINAL,PRED_PAST,1,2,1,1,1,5.939792633056641,6.1681132316589355,/workspace/r8_fix/f2/FORMAL/R4_ALT_CEM_2/R6_reacher_0abbe32b49558f890c57967a/REFIT_103203/PRED_PAST/result.json,0ac4d820745bf7b457ed2f066827c06f1be54b9dc765081c911bd401e889b160
R6_reacher_02b5a054bf782ce2a8682ef0,REFIT_103201,R3_ORIGINAL,PRED_PAST,1,2,1,1,1,5.745517253875732,5.492049694061279,/workspace/r8_fix/f2/FORMAL/R4_ALT_CEM_2/R6_reacher_0abbe32b49558f890c57967a/REFIT_103203/PRED_PAST/result.json,0ac4d820745bf7b457ed2f066827c06f1be54b9dc765081c911bd401e889b160
R6_reacher_02b5a054bf782ce2a8682ef0,REFIT_103202,R3_ORIGINAL,PRED_PAST,1,2,1,1,1,5.220376491546631,5.170598030090332,/workspace/r8_fix/f2/FORMAL/R4_ALT_CEM_2/R6_reacher_0abbe32b49558f890c57967a/REFIT_103203/PRED_PAST/result.json,0ac4d820745bf7b457ed2f066827c06f1be54b9dc765081c911bd401e889b160
R6_reacher_02b5a054bf782ce2a8682ef0,REFIT_103203,R3_ORIGINAL,PRED_PAST,1,2,1,1,1,5.130218029022217,5.203092575073242,/workspace/r8_fix/f2/FORMAL/R4_ALT_CEM_2/R6_reacher_0abbe32b49558f890c57967a/REFIT_103203/PRED_PAST/result.json,0ac4d820745bf7b457ed2f066827c06f1be54b9dc765081c911bd401e889b160
R6_reacher_02bf9b5015a6d24cafbda1dd,H0,R3_ORIGINAL,PRED_PAST,1,2,1,1,1,6.154496669769287,6.4688496589660645,/workspace/r8_fix/f2/FORMAL/R4_ALT_CEM_2/R6_reacher_0abbe32b49558f890c57967a/REFIT_103203/PRED_PAST/result.json,0ac4d820745bf7b457ed2f066827c06f1be54b9dc765081c911bd401e889b160
R6_reacher_02bf9b5015a6d24cafbda1dd,REFIT_103201,R3_ORIGINAL,PRED_PAST,1,2,1,1,1,3.878957509994507,3.7461211681365967,/workspace/r8_fix/f2/FORMAL/R4_ALT_CEM_2/R6_reacher_0abbe32b49558f890c57967a/REFIT_103203/PRED_PAST/result.json,0ac4d820745bf7b457ed2f066827c06f1be54b9dc765081c911bd401e889b160
R6_reacher_02bf9b5015a6d24cafbda1dd,REFIT_103202,R3_ORIGINAL,PRED_PAST,1,1,0,0,,,,/workspace/r8_fix/f2/FORMAL/R4_ALT_CEM_2/R6_reacher_0abbe32b49558f890c57967a/REFIT_103203/PRED_PAST/result.json,0ac4d820745bf7b457ed2f066827c06f1be54b9dc765081c911bd401e889b160
R6_reacher_02bf9b5015a6d24cafbda1dd,REFIT_103203,R3_ORIGINAL,PRED_PAST,1,2,1,1,1,3.7784249782562256,4.126482963562012,/workspace/r8_fix/f2/FORMAL/R4_ALT_CEM_2/R6_reacher_0abbe32b49558f890c57967a/REFIT_103203/PRED_PAST/result.json,0ac4d820745bf7b457ed2f066827c06f1be54b9dc765081c911bd401e889b160
R6_reacher_02d110e309cbccb2d8a94c8b,H0,R3_ORIGINAL,PRED_PAST,1,1,0,0,,,,/workspace/r8_fix/f2/FORMAL/R4_ALT_CEM_2/R6_reacher_0abbe32b49558f890c57967a/REFIT_103203/PRED_PAST/result.json,0ac4d820745bf7b457ed2f066827c06f1be54b9dc765081c911bd401e889b160
R6_reacher_02d110e309cbccb2d8a94c8b,REFIT_103201,R3_ORIGINAL,PRED_PAST,1,1,0,0,,,,/workspace/r8_fix/f2/FORMAL/R4_ALT_CEM_2/R6_reacher_0abbe32b49558f890c57967a/REFIT_103203/PRED_PAST/result.json,0ac4d820745bf7b457ed2f066827c06f1be54b9dc765081c911bd401e889b160
R6_reacher_02d110e309cbccb2d8a94c8b,REFIT_103202,R3_ORIGINAL,PRED_PAST,1,1,0,0,,,,/workspace/r8_fix/f2/FORMAL/R4_ALT_CEM_2/R6_reacher_0abbe32b49558f890c57967a/REFIT_103203/PRED_PAST/result.json,0ac4d820745bf7b457ed2f066827c06f1be54b9dc765081c911bd401e889b160
R6_reacher_02d110e309cbccb2d8a94c8b,REFIT_103203,R3_ORIGINAL,PRED_PAST,1,1,0,0,,,,/workspace/r8_fix/f2/FORMAL/R4_ALT_CEM_2/R6_reacher_0abbe32b49558f890c57967a/REFIT_103203/PRED_PAST/result.json,0ac4d820745bf7b457ed2f066827c06f1be54b9dc765081c911bd401e889b160
R6_reacher_02dc0f9a7b772ddf917ae2e2,H0,R3_ORIGINAL,PRED_PAST,1,2,1,1,1,3.9006614685058594,4.128247261047363,/workspace/r8_fix/f2/FORMAL/R4_ALT_CEM_2/R6_reacher_0abbe32b49558f890c57967a/REFIT_103203/PRED_PAST/result.json,0ac4d820745bf7b457ed2f066827c06f1be54b9dc765081c911bd401e889b160
R6_reacher_02dc0f9a7b772ddf917ae2e2,REFIT_103201,R3_ORIGINAL,PRED_PAST,1,2,1,1,1,4.198529243469238,3.9676012992858887,/workspace/r8_fix/f2/FORMAL/R4_ALT_CEM_2/R6_reacher_0abbe32b49558f890c57967a/REFIT_103203/PRED_PAST/result.json,0ac4d820745bf7b457ed2f066827c06f1be54b9dc765081c911bd401e889b160
R6_reacher_02dc0f9a7b772ddf917ae2e2,REFIT_103202,R3_ORIGINAL,PRED_PAST,1,2,1,1,1,4.014402866363525,3.8541152477264404,/workspace/r8_fix/f2/FORMAL/R4_ALT_CEM_2/R6_reacher_0abbe32b49558f890c57967a/REFIT_103203/PRED_PAST/result.json,0ac4d820745bf7b457ed2f066827c06f1be54b9dc765081c911bd401e889b160
R6_reacher_02dc0f9a7b772ddf917ae2e2,REFIT_103203,R3_ORIGINAL,PRED_PAST,1,2,1,1,1,3.6695873737335205,3.7156643867492676,/workspace/r8_fix/f2/FORMAL/R4_ALT_CEM_2/R6_reacher_0abbe32b49558f890c57967a/REFIT_103203/PRED_PAST/result.json,0ac4d820745bf7b457ed2f066827c06f1be54b9dc765081c911bd401e889b160
R6_reacher_0323e2a42cd2b4632da3af22,H0,R3_ORIGINAL,PRED_PAST,1,2,1,1,1,3.6485824584960938,4.160763263702393,/workspace/r8_fix/f2/FORMAL/R4_ALT_CEM_2/R6_reacher_0abbe32b49558f890c57967a/REFIT_103203/PRED_PAST/result.json,0ac4d820745bf7b457ed2f066827c06f1be54b9dc765081c911bd401e889b160
R6_reacher_0323e2a42cd2b4632da3af22,REFIT_103201,R3_ORIGINAL,PRED_PAST,1,2,1,1,1,2.1428616046905518,1.7199747562408447,/workspace/r8_fix/f2/FORMAL/R4_ALT_CEM_2/R6_reacher_0abbe32b49558f890c57967a/REFIT_103203/PRED_PAST/result.json,0ac4d820745bf7b457ed2f066827c06f1be54b9dc765081c911bd401e889b160
R6_reacher_0323e2a42cd2b4632da3af22,REFIT_103202,R3_ORIGINAL,PRED_PAST,1,2,1,1,1,2.399873971939087,3.567924976348877,/workspace/r8_fix/f2/FORMAL/R4_ALT_CEM_2/R6_reacher_0abbe32b49558f890c57967a/REFIT_103203/PRED_PAST/result.json,0ac4d820745bf7b457ed2f066827c06f1be54b9dc765081c911bd401e889b160
R6_reacher_0323e2a42cd2b4632da3af22,REFIT_103203,R3_ORIGINAL,PRED_PAST,1,2,1,1,1,4.477296829223633,4.227553844451904,/workspace/r8_fix/f2/FORMAL/R4_ALT_CEM_2/R6_reacher_0abbe32b49558f890c57967a/REFIT_103203/PRED_PAST/result.json,0ac4d820745bf7b457ed2f066827c06f1be54b9dc765081c911bd401e889b160
R6_reacher_03354b4110fc726a53339d43,H0,R3_ORIGINAL,PRED_PAST,1,1,0,0,,,,/workspace/r8_fix/f2/FORMAL/R4_ALT_CEM_2/R6_reacher_0abbe32b49558f890c57967a/REFIT_103203/PRED_PAST/result.json,0ac4d820745bf7b457ed2f066827c06f1be54b9dc765081c911bd401e889b160
R6_reacher_03354b4110fc726a53339d43,REFIT_103201,R3_ORIGINAL,PRED_PAST,1,1,0,0,,,,/workspace/r8_fix/f2/FORMAL/R4_ALT_CEM_2/R6_reacher_0abbe32b49558f890c57967a/REFIT_103203/PRED_PAST/result.json,0ac4d820745bf7b457ed2f066827c06f1be54b9dc765081c911bd401e889b160
R6_reacher_03354b4110fc726a53339d43,REFIT_103202,R3_ORIGINAL,PRED_PAST,1,1,0,0,,,,/workspace/r8_fix/f2/FORMAL/R4_ALT_CEM_2/R6_reacher_0abbe32b49558f890c57967a/REFIT_103203/PRED_PAST/result.json,0ac4d820745bf7b457ed2f066827c06f1be54b9dc765081c911bd401e889b160
R6_reacher_03354b4110fc726a53339d43,REFIT_103203,R3_ORIGINAL,PRED_PAST,1,1,0,0,,,,/workspace/r8_fix/f2/FORMAL/R4_ALT_CEM_2/R6_reacher_0abbe32b49558f890c57967a/REFIT_103203/PRED_PAST/result.json,0ac4d820745bf7b457ed2f066827c06f1be54b9dc765081c911bd401e889b160
R6_reacher_03576c27fc916ca37b9d6b1d,H0,R3_ORIGINAL,PRED_PAST,1,1,0,0,,,,/workspace/r8_fix/f2/FORMAL/R4_ALT_CEM_2/R6_reacher_0abbe32b49558f890c57967a/REFIT_103203/PRED_PAST/result.json,0ac4d820745bf7b457ed2f066827c06f1be54b9dc765081c911bd401e889b160
R6_reacher_03576c27fc916ca37b9d6b1d,REFIT_103201,R3_ORIGINAL,PRED_PAST,1,1,0,0,,,,/workspace/r8_fix/f2/FORMAL/R4_ALT_CEM_2/R6_reacher_0abbe32b49558f890c57967a/REFIT_103203/PRED_PAST/result.json,0ac4d820745bf7b457ed2f066827c06f1be54b9dc765081c911bd401e889b160
R6_reacher_03576c27fc916ca37b9d6b1d,REFIT_103202,R3_ORIGINAL,PRED_PAST,1,1,0,0,,,,/workspace/r8_fix/f2/FORMAL/R4_ALT_CEM_2/R6_reacher_0abbe32b49558f890c57967a/REFIT_103203/PRED_PAST/result.json,0ac4d820745bf7b457ed2f066827c06f1be54b9dc765081c911bd401e889b160
R6_reacher_03576c27fc916ca37b9d6b1d,REFIT_103203,R3_ORIGINAL,PRED_PAST,1,1,0,0,,,,/workspace/r8_fix/f2/FORMAL/R4_ALT_CEM_2/R6_reacher_0abbe32b49558f890c57967a/REFIT_103203/PRED_PAST/result.json,0ac4d820745bf7b457ed2f066827c06f1be54b9dc765081c911bd401e889b160
R6_reacher_035bff63e5e604a5c077f9b3,H0,R3_ORIGINAL,PRED_PAST,1,1,0,0,,,,/workspace/r8_fix/f2/FORMAL/R4_ALT_CEM_2/R6_reacher_0abbe32b49558f890c57967a/REFIT_103203/PRED_PAST/result.json,0ac4d820745bf7b457ed2f066827c06f1be54b9dc765081c911bd401e889b160
R6_reacher_035bff63e5e604a5c077f9b3,REFIT_103201,R3_ORIGINAL,PRED_PAST,1,1,0,0,,,,/workspace/r8_fix/f2/FORMAL/R4_ALT_CEM_2/R6_reacher_0abbe32b49558f890c57967a/REFIT_103203/PRED_PAST/result.json,0ac4d820745bf7b457ed2f066827c06f1be54b9dc765081c911bd401e889b160
R6_reacher_035bff63e5e604a5c077f9b3,REFIT_103202,R3_ORIGINAL,PRED_PAST,1,1,0,0,,,,/workspace/r8_fix/f2/FORMAL/R4_ALT_CEM_2/R6_reacher_0abbe32b49558f890c57967a/REFIT_103203/PRED_PAST/result.json,0ac4d820745bf7b457ed2f066827c06f1be54b9dc765081c911bd401e889b160
R6_reacher_035bff63e5e604a5c077f9b3,REFIT_103203,R3_ORIGINAL,PRED_PAST,1,1,0,0,,,,/workspace/r8_fix/f2/FORMAL/R4_ALT_CEM_2/R6_reacher_0abbe32b49558f890c57967a/REFIT_103203/PRED_PAST/result.json,0ac4d820745bf7b457ed2f066827c06f1be54b9dc765081c911bd401e889b160
R6_reacher_0378e2d686e7ef985b91bf38,H0,R3_ORIGINAL,PRED_PAST,1,1,0,0,,,,/workspace/r8_fix/f2/FORMAL/R4_ALT_CEM_2/R6_reacher_0abbe32b49558f890c57967a/REFIT_103203/PRED_PAST/result.json,0ac4d820745bf7b457ed2f066827c06f1be54b9dc765081c911bd401e889b160
R6_reacher_0378e2d686e7ef985b91bf38,REFIT_103201,R3_ORIGINAL,PRED_PAST,1,1,0,0,,,,/workspace/r8_fix/f2/FORMAL/R4_ALT_CEM_2/R6_reacher_0abbe32b49558f890c57967a/REFIT_103203/PRED_PAST/result.json,0ac4d820745bf7b457ed2f066827c06f1be54b9dc765081c911bd401e889b160
R6_reacher_0378e2d686e7ef985b91bf38,REFIT_103202,R3_ORIGINAL,PRED_PAST,1,1,0,0,,,,/workspace/r8_fix/f2/FORMAL/R4_ALT_CEM_2/R6_reacher_0abbe32b49558f890c57967a/REFIT_103203/PRED_PAST/result.json,0ac4d820745bf7b457ed2f066827c06f1be54b9dc765081c911bd401e889b160
R6_reacher_0378e2d686e7ef985b91bf38,REFIT_103203,R3_ORIGINAL,PRED_PAST,1,1,0,0,,,,/workspace/r8_fix/f2/FORMAL/R4_ALT_CEM_2/R6_reacher_0abbe32b49558f890c57967a/REFIT_103203/PRED_PAST/result.json,0ac4d820745bf7b457ed2f066827c06f1be54b9dc765081c911bd401e889b160
R6_reacher_037aa4ee62015773e3d025c8,H0,R3_ORIGINAL,PRED_PAST,1,2,1,1,1,8.641589164733887,9.003786087036133,/workspace/r8_fix/f2/FORMAL/R4_ALT_CEM_2/R6_reacher_0abbe32b49558f890c57967a/REFIT_103203/PRED_PAST/result.json,0ac4d820745bf7b457ed2f066827c06f1be54b9dc765081c911bd401e889b160
R6_reacher_037aa4ee62015773e3d025c8,REFIT_103201,R3_ORIGINAL,PRED_PAST,1,1,0,0,,,,/workspace/r8_fix/f2/FORMAL/R4_ALT_CEM_2/R6_reacher_0abbe32b49558f890c57967a/REFIT_103203/PRED_PAST/result.json,0ac4d820745bf7b457ed2f066827c06f1be54b9dc765081c911bd401e889b160
R6_reacher_037aa4ee62015773e3d025c8,REFIT_103202,R3_ORIGINAL,PRED_PAST,1,1,0,0,,,,/workspace/r8_fix/f2/FORMAL/R4_ALT_CEM_2/R6_reacher_0abbe32b49558f890c57967a/REFIT_103203/PRED_PAST/result.json,0ac4d820745bf7b457ed2f066827c06f1be54b9dc765081c911bd401e889b160
R6_reacher_037aa4ee62015773e3d025c8,REFIT_103203,R3_ORIGINAL,PRED_PAST,1,1,0,0,,,,/workspace/r8_fix/f2/FORMAL/R4_ALT_CEM_2/R6_reacher_0abbe32b49558f890c57967a/REFIT_103203/PRED_PAST/result.json,0ac4d820745bf7b457ed2f066827c06f1be54b9dc765081c911bd401e889b160
R6_reacher_03c5dc1bff3c46c7e7066e86,H0,R3_ORIGINAL,PRED_PAST,1,2,1,1,1,3.742568254470825,4.796420097351074,/workspace/r8_fix/f2/FORMAL/R4_ALT_CEM_2/R6_reacher_0abbe32b49558f890c57967a/REFIT_103203/PRED_PAST/result.json,0ac4d820745bf7b457ed2f066827c06f1be54b9dc765081c911bd401e889b160
R6_reacher_03c5dc1bff3c46c7e7066e86,REFIT_103201,R3_ORIGINAL,PRED_PAST,1,2,1,1,1,4.193499565124512,3.80527663230896,/workspace/r8_fix/f2/FORMAL/R4_ALT_CEM_2/R6_reacher_0abbe32b49558f890c57967a/REFIT_103203/PRED_PAST/result.json,0ac4d820745bf7b457ed2f066827c06f1be54b9dc765081c911bd401e889b160
R6_reacher_03c5dc1bff3c46c7e7066e86,REFIT_103202,R3_ORIGINAL,PRED_PAST,1,2,1,1,1,3.728626251220703,3.5292935371398926,/workspace/r8_fix/f2/FORMAL/R4_ALT_CEM_2/R6_reacher_0abbe32b49558f890c57967a/REFIT_103203/PRED_PAST/result.json,0ac4d820745bf7b457ed2f066827c06f1be54b9dc765081c911bd401e889b160
R6_reacher_03c5dc1bff3c46c7e7066e86,REFIT_103203,R3_ORIGINAL,PRED_PAST,1,2,1,1,1,4.096320152282715,3.762432098388672,/workspace/r8_fix/f2/FORMAL/R4_ALT_CEM_2/R6_reacher_0abbe32b49558f890c57967a/REFIT_103203/PRED_PAST/result.json,0ac4d820745bf7b457ed2f066827c06f1be54b9dc765081c911bd401e889b160
R6_reacher_03f079f0a6fc89393c99bd18,H0,R3_ORIGINAL,PRED_PAST,1,1,0,0,,,,/workspace/r8_fix/f2/FORMAL/R4_ALT_CEM_2/R6_reacher_0abbe32b49558f890c57967a/REFIT_103203/PRED_PAST/result.json,0ac4d820745bf7b457ed2f066827c06f1be54b9dc765081c911bd401e889b160
R6_reacher_03f079f0a6fc89393c99bd18,REFIT_103201,R3_ORIGINAL,PRED_PAST,1,2,1,1,1,2.5846662521362305,2.6214966773986816,/workspace/r8_fix/f2/FORMAL/R4_ALT_CEM_2/R6_reacher_0abbe32b49558f890c57967a/REFIT_103203/PRED_PAST/result.json,0ac4d820745bf7b457ed2f066827c06f1be54b9dc765081c911bd401e889b160
R6_reacher_03f079f0a6fc89393c99bd18,REFIT_103202,R3_ORIGINAL,PRED_PAST,1,2,1,1,1,3.0174856185913086,3.1042380332946777,/workspace/r8_fix/f2/FORMAL/R4_ALT_CEM_2/R6_reacher_0abbe32b49558f890c57967a/REFIT_103203/PRED_PAST/result.json,0ac4d820745bf7b457ed2f066827c06f1be54b9dc765081c911bd401e889b160
R6_reacher_03f079f0a6fc89393c99bd18,REFIT_103203,R3_ORIGINAL,PRED_PAST,1,2,1,1,1,2.765674352645874,2.9462344646453857,/workspace/r8_fix/f2/FORMAL/R4_ALT_CEM_2/R6_reacher_0abbe32b49558f890c57967a/REFIT_103203/PRED_PAST/result.json,0ac4d820745bf7b457ed2f066827c06f1be54b9dc765081c911bd401e889b160
R6_reacher_04010050b2406790c8247103,H0,R3_ORIGINAL,PRED_PAST,1,2,1,1,1,4.566711902618408,4.512955188751221,/workspace/r8_fix/f2/FORMAL/R4_ALT_CEM_2/R6_reacher_0abbe32b49558f890c57967a/REFIT_103203/PRED_PAST/result.json,0ac4d820745bf7b457ed2f066827c06f1be54b9dc765081c911bd401e889b160
R6_reacher_04010050b2406790c8247103,REFIT_103201,R3_ORIGINAL,PRED_PAST,1,2,1,1,1,3.3713467121124268,3.265096664428711,/workspace/r8_fix/f2/FORMAL/R4_ALT_CEM_2/R6_reacher_0abbe32b49558f890c57967a/REFIT_103203/PRED_PAST/result.json,0ac4d820745bf7b457ed2f066827c06f1be54b9dc765081c911bd401e889b160
R6_reacher_04010050b2406790c8247103,REFIT_103202,R3_ORIGINAL,PRED_PAST,1,1,0,0,,,,/workspace/r8_fix/f2/FORMAL/R4_ALT_CEM_2/R6_reacher_0abbe32b49558f890c57967a/REFIT_103203/PRED_PAST/result.json,0ac4d820745bf7b457ed2f066827c06f1be54b9dc765081c911bd401e889b160
R6_reacher_04010050b2406790c8247103,REFIT_103203,R3_ORIGINAL,PRED_PAST,1,1,0,0,,,,/workspace/r8_fix/f2/FORMAL/R4_ALT_CEM_2/R6_reacher_0abbe32b49558f890c57967a/REFIT_103203/PRED_PAST/result.json,0ac4d820745bf7b457ed2f066827c06f1be54b9dc765081c911bd401e889b160
R6_reacher_040a17920fc86c8a79997322,H0,R3_ORIGINAL,PRED_PAST,1,2,1,1,1,5.35301399230957,5.2633376121521,/workspace/r8_fix/f2/FORMAL/R4_ALT_CEM_2/R6_reacher_0abbe32b49558f890c57967a/REFIT_103203/PRED_PAST/result.json,0ac4d820745bf7b457ed2f066827c06f1be54b9dc765081c911bd401e889b160
R6_reacher_040a17920fc86c8a79997322,REFIT_103201,R3_ORIGINAL,PRED_PAST,1,2,1,1,1,6.361794948577881,6.5082478523254395,/workspace/r8_fix/f2/FORMAL/R4_ALT_CEM_2/R6_reacher_0abbe32b49558f890c57967a/REFIT_103203/PRED_PAST/result.json,0ac4d820745bf7b457ed2f066827c06f1be54b9dc765081c911bd401e889b160
R6_reacher_040a17920fc86c8a79997322,REFIT_103202,R3_ORIGINAL,PRED_PAST,1,2,1,1,1,6.102317810058594,6.172067642211914,/workspace/r8_fix/f2/FORMAL/R4_ALT_CEM_2/R6_reacher_0abbe32b49558f890c57967a/REFIT_103203/PRED_PAST/result.json,0ac4d820745bf7b457ed2f066827c06f1be54b9dc765081c911bd401e889b160
R6_reacher_040a17920fc86c8a79997322,REFIT_103203,R3_ORIGINAL,PRED_PAST,1,2,1,1,1,6.199521064758301,6.183509826660156,/workspace/r8_fix/f2/FORMAL/R4_ALT_CEM_2/R6_reacher_0abbe32b49558f890c57967a/REFIT_103203/PRED_PAST/result.json,0ac4d820745bf7b457ed2f066827c06f1be54b9dc765081c911bd401e889b160
R6_reacher_040d72a154c2687da092ebc8,H0,R3_ORIGINAL,PRED_PAST,1,2,1,1,1,6.3731608390808105,6.132267475128174,/workspace/r8_fix/f2/FORMAL/R4_ALT_CEM_2/R6_reacher_0abbe32b49558f890c57967a/REFIT_103203/PRED_PAST/result.json,0ac4d820745bf7b457ed2f066827c06f1be54b9dc765081c911bd401e889b160
R6_reacher_040d72a154c2687da092ebc8,REFIT_103201,R3_ORIGINAL,PRED_PAST,1,2,1,1,1,5.4527506828308105,5.3724589347839355,/workspace/r8_fix/f2/FORMAL/R4_ALT_CEM_2/R6_reacher_0abbe32b49558f890c57967a/REFIT_103203/PRED_PAST/result.json,0ac4d820745bf7b457ed2f066827c06f1be54b9dc765081c911bd401e889b160
R6_reacher_040d72a154c2687da092ebc8,REFIT_103202,R3_ORIGINAL,PRED_PAST,1,2,1,1,1,6.2175469398498535,6.540631294250488,/workspace/r8_fix/f2/FORMAL/R4_ALT_CEM_2/R6_reacher_0abbe32b49558f890c57967a/REFIT_103203/PRED_PAST/result.json,0ac4d820745bf7b457ed2f066827c06f1be54b9dc765081c911bd401e889b160
R6_reacher_040d72a154c2687da092ebc8,REFIT_103203,R3_ORIGINAL,PRED_PAST,1,2,1,1,1,6.590117454528809,6.552222728729248,/workspace/r8_fix/f2/FORMAL/R4_ALT_CEM_2/R6_reacher_0abbe32b49558f890c57967a/REFIT_103203/PRED_PAST/result.json,0ac4d820745bf7b457ed2f066827c06f1be54b9dc765081c911bd401e889b160
R6_reacher_0415eab85414f31fa3d57a99,H0,R3_ORIGINAL,PRED_PAST,1,1,0,0,,,,/workspace/r8_fix/f2/FORMAL/R4_ALT_CEM_2/R6_reacher_0abbe32b49558f890c57967a/REFIT_103203/PRED_PAST/result.json,0ac4d820745bf7b457ed2f066827c06f1be54b9dc765081c911bd401e889b160
R6_reacher_0415eab85414f31fa3d57a99,REFIT_103201,R3_ORIGINAL,PRED_PAST,1,1,0,0,,,,/workspace/r8_fix/f2/FORMAL/R4_ALT_CEM_2/R6_reacher_0abbe32b49558f890c57967a/REFIT_103203/PRED_PAST/result.json,0ac4d820745bf7b457ed2f066827c06f1be54b9dc765081c911bd401e889b160
R6_reacher_0415eab85414f31fa3d57a99,REFIT_103202,R3_ORIGINAL,PRED_PAST,1,1,0,0,,,,/workspace/r8_fix/f2/FORMAL/R4_ALT_CEM_2/R6_reacher_0abbe32b49558f890c57967a/REFIT_103203/PRED_PAST/result.json,0ac4d820745bf7b457ed2f066827c06f1be54b9dc765081c911bd401e889b160
R6_reacher_0415eab85414f31fa3d57a99,REFIT_103203,R3_ORIGINAL,PRED_PAST,1,1,0,0,,,,/workspace/r8_fix/f2/FORMAL/R4_ALT_CEM_2/R6_reacher_0abbe32b49558f890c57967a/REFIT_103203/PRED_PAST/result.json,0ac4d820745bf7b457ed2f066827c06f1be54b9dc765081c911bd401e889b160
R6_reacher_042b78b7f94ed6c85b84ad7b,H0,R3_ORIGINAL,PRED_PAST,1,2,1,1,1,3.712339162826538,3.723335027694702,/workspace/r8_fix/f2/FORMAL/R4_ALT_CEM_2/R6_reacher_0abbe32b49558f890c57967a/REFIT_103203/PRED_PAST/result.json,0ac4d820745bf7b457ed2f066827c06f1be54b9dc765081c911bd401e889b160
R6_reacher_042b78b7f94ed6c85b84ad7b,REFIT_103201,R3_ORIGINAL,PRED_PAST,1,2,1,1,1,4.51115608215332,4.634397506713867,/workspace/r8_fix/f2/FORMAL/R4_ALT_CEM_2/R6_reacher_0abbe32b49558f890c57967a/REFIT_103203/PRED_PAST/result.json,0ac4d820745bf7b457ed2f066827c06f1be54b9dc765081c911bd401e889b160
R6_reacher_042b78b7f94ed6c85b84ad7b,REFIT_103202,R3_ORIGINAL,PRED_PAST,1,2,1,1,1,3.7220795154571533,4.079851150512695,/workspace/r8_fix/f2/FORMAL/R4_ALT_CEM_2/R6_reacher_0abbe32b49558f890c57967a/REFIT_103203/PRED_PAST/result.json,0ac4d820745bf7b457ed2f066827c06f1be54b9dc765081c911bd401e889b160
R6_reacher_042b78b7f94ed6c85b84ad7b,REFIT_103203,R3_ORIGINAL,PRED_PAST,1,2,1,1,1,3.513610363006592,4.051597595214844,/workspace/r8_fix/f2/FORMAL/R4_ALT_CEM_2/R6_reacher_0abbe32b49558f890c57967a/REFIT_103203/PRED_PAST/result.json,0ac4d820745bf7b457ed2f066827c06f1be54b9dc765081c911bd401e889b160
R6_reacher_04323b4ed17bb5ed62619b74,H0,R3_ORIGINAL,PRED_PAST,1,2,1,1,1,4.510647296905518,3.876065492630005,/workspace/r8_fix/f2/FORMAL/R4_ALT_CEM_2/R6_reacher_0abbe32b49558f890c57967a/REFIT_103203/PRED_PAST/result.json,0ac4d820745bf7b457ed2f066827c06f1be54b9dc765081c911bd401e889b160
R6_reacher_04323b4ed17bb5ed62619b74,REFIT_103201,R3_ORIGINAL,PRED_PAST,1,1,0,0,,,,/workspace/r8_fix/f2/FORMAL/R4_ALT_CEM_2/R6_reacher_0abbe32b49558f890c57967a/REFIT_103203/PRED_PAST/result.json,0ac4d820745bf7b457ed2f066827c06f1be54b9dc765081c911bd401e889b160
R6_reacher_04323b4ed17bb5ed62619b74,REFIT_103202,R3_ORIGINAL,PRED_PAST,1,1,0,0,,,,/workspace/r8_fix/f2/FORMAL/R4_ALT_CEM_2/R6_reacher_0abbe32b49558f890c57967a/REFIT_103203/PRED_PAST/result.json,0ac4d820745bf7b457ed2f066827c06f1be54b9dc765081c911bd401e889b160
R6_reacher_04323b4ed17bb5ed62619b74,REFIT_103203,R3_ORIGINAL,PRED_PAST,1,2,1,1,1,3.2542312145233154,2.9480433464050293,/workspace/r8_fix/f2/FORMAL/R4_ALT_CEM_2/R6_reacher_0abbe32b49558f890c57967a/REFIT_103203/PRED_PAST/result.json,0ac4d820745bf7b457ed2f066827c06f1be54b9dc765081c911bd401e889b160
R6_reacher_0452de7446bee2d31c1997b9,H0,R3_ORIGINAL,PRED_PAST,1,1,0,0,,,,/workspace/r8_fix/f2/FORMAL/R4_ALT_CEM_2/R6_reacher_0abbe32b49558f890c57967a/REFIT_103203/PRED_PAST/result.json,0ac4d820745bf7b457ed2f066827c06f1be54b9dc765081c911bd401e889b160
R6_reacher_0452de7446bee2d31c1997b9,REFIT_103201,R3_ORIGINAL,PRED_PAST,1,1,0,0,,,,/workspace/r8_fix/f2/FORMAL/R4_ALT_CEM_2/R6_reacher_0abbe32b49558f890c57967a/REFIT_103203/PRED_PAST/result.json,0ac4d820745bf7b457ed2f066827c06f1be54b9dc765081c911bd401e889b160
R6_reacher_0452de7446bee2d31c1997b9,REFIT_103202,R3_ORIGINAL,PRED_PAST,1,1,0,0,,,,/workspace/r8_fix/f2/FORMAL/R4_ALT_CEM_2/R6_reacher_0abbe32b49558f890c57967a/REFIT_103203/PRED_PAST/result.json,0ac4d820745bf7b457ed2f066827c06f1be54b9dc765081c911bd401e889b160
R6_reacher_0452de7446bee2d31c1997b9,REFIT_103203,R3_ORIGINAL,PRED_PAST,1,2,1,1,1,1.9294804334640503,1.9962064027786255,/workspace/r8_fix/f2/FORMAL/R4_ALT_CEM_2/R6_reacher_0abbe32b49558f890c57967a/REFIT_103203/PRED_PAST/result.json,0ac4d820745bf7b457ed2f066827c06f1be54b9dc765081c911bd401e889b160
R6_reacher_04683ac84fb7627e60eba9af,H0,R3_ORIGINAL,PRED_PAST,1,2,1,1,1,4.244050979614258,4.978131294250488,/workspace/r8_fix/f2/FORMAL/R4_ALT_CEM_2/R6_reacher_0abbe32b49558f890c57967a/REFIT_103203/PRED_PAST/result.json,0ac4d820745bf7b457ed2f066827c06f1be54b9dc765081c911bd401e889b160
R6_reacher_04683ac84fb7627e60eba9af,REFIT_103201,R3_ORIGINAL,PRED_PAST,1,2,1,1,1,3.76733136177063,3.8088462352752686,/workspace/r8_fix/f2/FORMAL/R4_ALT_CEM_2/R6_reacher_0abbe32b49558f890c57967a/REFIT_103203/PRED_PAST/result.json,0ac4d820745bf7b457ed2f066827c06f1be54b9dc765081c911bd401e889b160
R6_reacher_04683ac84fb7627e60eba9af,REFIT_103202,R3_ORIGINAL,PRED_PAST,1,1,0,0,,,,/workspace/r8_fix/f2/FORMAL/R4_ALT_CEM_2/R6_reacher_0abbe32b49558f890c57967a/REFIT_103203/PRED_PAST/result.json,0ac4d820745bf7b457ed2f066827c06f1be54b9dc765081c911bd401e889b160
R6_reacher_04683ac84fb7627e60eba9af,REFIT_103203,R3_ORIGINAL,PRED_PAST,1,2,1,1,1,3.6712255477905273,3.988976240158081,/workspace/r8_fix/f2/FORMAL/R4_ALT_CEM_2/R6_reacher_0abbe32b49558f890c57967a/REFIT_103203/PRED_PAST/result.json,0ac4d820745bf7b457ed2f066827c06f1be54b9dc765081c911bd401e889b160
R6_reacher_04689ec072dab02039d86a47,H0,R3_ORIGINAL,PRED_PAST,1,2,1,1,1,5.897801876068115,5.822162628173828,/workspace/r8_fix/f2/FORMAL/R4_ALT_CEM_2/R6_reacher_0abbe32b49558f890c57967a/REFIT_103203/PRED_PAST/result.json,0ac4d820745bf7b457ed2f066827c06f1be54b9dc765081c911bd401e889b160
R6_reacher_04689ec072dab02039d86a47,REFIT_103201,R3_ORIGINAL,PRED_PAST,1,2,1,1,1,5.592545032501221,4.982760429382324,/workspace/r8_fix/f2/FORMAL/R4_ALT_CEM_2/R6_reacher_0abbe32b49558f890c57967a/REFIT_103203/PRED_PAST/result.json,0ac4d820745bf7b457ed2f066827c06f1be54b9dc765081c911bd401e889b160
R6_reacher_04689ec072dab02039d86a47,REFIT_103202,R3_ORIGINAL,PRED_PAST,1,2,1,1,1,4.159824371337891,4.0286736488342285,/workspace/r8_fix/f2/FORMAL/R4_ALT_CEM_2/R6_reacher_0abbe32b49558f890c57967a/REFIT_103203/PRED_PAST/result.json,0ac4d820745bf7b457ed2f066827c06f1be54b9dc765081c911bd401e889b160
R6_reacher_04689ec072dab02039d86a47,REFIT_103203,R3_ORIGINAL,PRED_PAST,1,2,1,1,1,3.447385311126709,3.3890669345855713,/workspace/r8_fix/f2/FORMAL/R4_ALT_CEM_2/R6_reacher_0abbe32b49558f890c57967a/REFIT_103203/PRED_PAST/result.json,0ac4d820745bf7b457ed2f066827c06f1be54b9dc765081c911bd401e889b160
R6_reacher_046be47cf7ed9869cb27531c,H0,R3_ORIGINAL,PRED_PAST,1,2,1,1,1,5.718842029571533,6.037240982055664,/workspace/r8_fix/f2/FORMAL/R4_ALT_CEM_2/R6_reacher_0abbe32b49558f890c57967a/REFIT_103203/PRED_PAST/result.json,0ac4d820745bf7b457ed2f066827c06f1be54b9dc765081c911bd401e889b160
R6_reacher_046be47cf7ed9869cb27531c,REFIT_103201,R3_ORIGINAL,PRED_PAST,1,1,0,0,,,,/workspace/r8_fix/f2/FORMAL/R4_ALT_CEM_2/R6_reacher_0abbe32b49558f890c57967a/REFIT_103203/PRED_PAST/result.json,0ac4d820745bf7b457ed2f066827c06f1be54b9dc765081c911bd401e889b160
R6_reacher_046be47cf7ed9869cb27531c,REFIT_103202,R3_ORIGINAL,PRED_PAST,1,1,0,0,,,,/workspace/r8_fix/f2/FORMAL/R4_ALT_CEM_2/R6_reacher_0abbe32b49558f890c57967a/REFIT_103203/PRED_PAST/result.json,0ac4d820745bf7b457ed2f066827c06f1be54b9dc765081c911bd401e889b160
R6_reacher_046be47cf7ed9869cb27531c,REFIT_103203,R3_ORIGINAL,PRED_PAST,1,2,1,1,1,5.524308681488037,5.595455169677734,/workspace/r8_fix/f2/FORMAL/R4_ALT_CEM_2/R6_reacher_0abbe32b49558f890c57967a/REFIT_103203/PRED_PAST/result.json,0ac4d820745bf7b457ed2f066827c06f1be54b9dc765081c911bd401e889b160
R6_reacher_048302dc4ec9c121421618eb,H0,R3_ORIGINAL,PRED_PAST,1,2,1,1,1,4.575882434844971,4.811117649078369,/workspace/r8_fix/f2/FORMAL/R4_ALT_CEM_2/R6_reacher_0abbe32b49558f890c57967a/REFIT_103203/PRED_PAST/result.json,0ac4d820745bf7b457ed2f066827c06f1be54b9dc765081c911bd401e889b160
R6_reacher_048302dc4ec9c121421618eb,REFIT_103201,R3_ORIGINAL,PRED_PAST,1,2,1,1,1,4.747526168823242,4.827654838562012,/workspace/r8_fix/f2/FORMAL/R4_ALT_CEM_2/R6_reacher_0abbe32b49558f890c57967a/REFIT_103203/PRED_PAST/result.json,0ac4d820745bf7b457ed2f066827c06f1be54b9dc765081c911bd401e889b160
R6_reacher_048302dc4ec9c121421618eb,REFIT_103202,R3_ORIGINAL,PRED_PAST,1,2,1,1,1,4.521401882171631,4.843530178070068,/workspace/r8_fix/f2/FORMAL/R4_ALT_CEM_2/R6_reacher_0abbe32b49558f890c57967a/REFIT_103203/PRED_PAST/result.json,0ac4d820745bf7b457ed2f066827c06f1be54b9dc765081c911bd401e889b160
R6_reacher_048302dc4ec9c121421618eb,REFIT_103203,R3_ORIGINAL,PRED_PAST,1,2,1,1,1,4.666704177856445,4.6640801429748535,/workspace/r8_fix/f2/FORMAL/R4_ALT_CEM_2/R6_reacher_0abbe32b49558f890c57967a/REFIT_103203/PRED_PAST/result.json,0ac4d820745bf7b457ed2f066827c06f1be54b9dc765081c911bd401e889b160
R6_reacher_048aa37b1e1d985113bcef99,H0,R3_ORIGINAL,PRED_PAST,1,2,1,1,1,2.8088152408599854,3.541602849960327,/workspace/r8_fix/f2/FORMAL/R4_ALT_CEM_2/R6_reacher_0abbe32b49558f890c57967a/REFIT_103203/PRED_PAST/result.json,0ac4d820745bf7b457ed2f066827c06f1be54b9dc765081c911bd401e889b160
R6_reacher_048aa37b1e1d985113bcef99,REFIT_103201,R3_ORIGINAL,PRED_PAST,1,2,1,1,1,2.3887810707092285,4.324926853179932,/workspace/r8_fix/f2/FORMAL/R4_ALT_CEM_2/R6_reacher_0abbe32b49558f890c57967a/REFIT_103203/PRED_PAST/result.json,0ac4d820745bf7b457ed2f066827c06f1be54b9dc765081c911bd401e889b160
R6_reacher_048aa37b1e1d985113bcef99,REFIT_103202,R3_ORIGINAL,PRED_PAST,1,2,1,1,1,2.467428684234619,3.5599679946899414,/workspace/r8_fix/f2/FORMAL/R4_ALT_CEM_2/R6_reacher_0abbe32b49558f890c57967a/REFIT_103203/PRED_PAST/result.json,0ac4d820745bf7b457ed2f066827c06f1be54b9dc765081c911bd401e889b160
R6_reacher_048aa37b1e1d985113bcef99,REFIT_103203,R3_ORIGINAL,PRED_PAST,1,2,1,1,1,2.3551743030548096,4.093867778778076,/workspace/r8_fix/f2/FORMAL/R4_ALT_CEM_2/R6_reacher_0abbe32b49558f890c57967a/REFIT_103203/PRED_PAST/result.json,0ac4d820745bf7b457ed2f066827c06f1be54b9dc765081c911bd401e889b160
R6_reacher_04bca313072e5fd5c88146b6,H0,R3_ORIGINAL,PRED_PAST,1,2,1,1,1,6.0585479736328125,5.534744739532471,/workspace/r8_fix/f2/FORMAL/R4_ALT_CEM_2/R6_reacher_0abbe32b49558f890c57967a/REFIT_103203/PRED_PAST/result.json,0ac4d820745bf7b457ed2f066827c06f1be54b9dc765081c911bd401e889b160
R6_reacher_04bca313072e5fd5c88146b6,REFIT_103201,R3_ORIGINAL,PRED_PAST,1,2,1,1,1,5.389420509338379,5.258386135101318,/workspace/r8_fix/f2/FORMAL/R4_ALT_CEM_2/R6_reacher_0abbe32b49558f890c57967a/REFIT_103203/PRED_PAST/result.json,0ac4d820745bf7b457ed2f066827c06f1be54b9dc765081c911bd401e889b160
R6_reacher_04bca313072e5fd5c88146b6,REFIT_103202,R3_ORIGINAL,PRED_PAST,1,2,1,1,1,5.317422866821289,5.210638999938965,/workspace/r8_fix/f2/FORMAL/R4_ALT_CEM_2/R6_reacher_0abbe32b49558f890c57967a/REFIT_103203/PRED_PAST/result.json,0ac4d820745bf7b457ed2f066827c06f1be54b9dc765081c911bd401e889b160
R6_reacher_04bca313072e5fd5c88146b6,REFIT_103203,R3_ORIGINAL,PRED_PAST,1,2,1,1,1,5.509825229644775,5.460142135620117,/workspace/r8_fix/f2/FORMAL/R4_ALT_CEM_2/R6_reacher_0abbe32b49558f890c57967a/REFIT_103203/PRED_PAST/result.json,0ac4d820745bf7b457ed2f066827c06f1be54b9dc765081c911bd401e889b160
R6_reacher_04d10f6b3e3067ae5a06d677,H0,R3_ORIGINAL,PRED_PAST,1,2,1,1,1,1.899142861366272,2.3168978691101074,/workspace/r8_fix/f2/FORMAL/R4_ALT_CEM_2/R6_reacher_0abbe32b49558f890c57967a/REFIT_103203/PRED_PAST/result.json,0ac4d820745bf7b457ed2f066827c06f1be54b9dc765081c911bd401e889b160
R6_reacher_04d10f6b3e3067ae5a06d677,REFIT_103201,R3_ORIGINAL,PRED_PAST,1,2,1,1,1,1.9499022960662842,1.9923813343048096,/workspace/r8_fix/f2/FORMAL/R4_ALT_CEM_2/R6_reacher_0abbe32b49558f890c57967a/REFIT_103203/PRED_PAST/result.json,0ac4d820745bf7b457ed2f066827c06f1be54b9dc765081c911bd401e889b160
R6_reacher_04d10f6b3e3067ae5a06d677,REFIT_103202,R3_ORIGINAL,PRED_PAST,1,1,0,0,,,,/workspace/r8_fix/f2/FORMAL/R4_ALT_CEM_2/R6_reacher_0abbe32b49558f890c57967a/REFIT_103203/PRED_PAST/result.json,0ac4d820745bf7b457ed2f066827c06f1be54b9dc765081c911bd401e889b160
R6_reacher_04d10f6b3e3067ae5a06d677,REFIT_103203,R3_ORIGINAL,PRED_PAST,1,2,1,1,1,2.9865286350250244,2.7173941135406494,/workspace/r8_fix/f2/FORMAL/R4_ALT_CEM_2/R6_reacher_0abbe32b49558f890c57967a/REFIT_103203/PRED_PAST/result.json,0ac4d820745bf7b457ed2f066827c06f1be54b9dc765081c911bd401e889b160
R6_reacher_05227f26cb88c6f6d6a24c57,H0,R3_ORIGINAL,PRED_PAST,1,1,0,0,,,,/workspace/r8_fix/f2/FORMAL/R4_ALT_CEM_2/R6_reacher_0abbe32b49558f890c57967a/REFIT_103203/PRED_PAST/result.json,0ac4d820745bf7b457ed2f066827c06f1be54b9dc765081c911bd401e889b160
R6_reacher_05227f26cb88c6f6d6a24c57,REFIT_103201,R3_ORIGINAL,PRED_PAST,1,1,0,0,,,,/workspace/r8_fix/f2/FORMAL/R4_ALT_CEM_2/R6_reacher_0abbe32b49558f890c57967a/REFIT_103203/PRED_PAST/result.json,0ac4d820745bf7b457ed2f066827c06f1be54b9dc765081c911bd401e889b160
R6_reacher_05227f26cb88c6f6d6a24c57,REFIT_103202,R3_ORIGINAL,PRED_PAST,1,1,0,0,,,,/workspace/r8_fix/f2/FORMAL/R4_ALT_CEM_2/R6_reacher_0abbe32b49558f890c57967a/REFIT_103203/PRED_PAST/result.json,0ac4d820745bf7b457ed2f066827c06f1be54b9dc765081c911bd401e889b160
R6_reacher_05227f26cb88c6f6d6a24c57,REFIT_103203,R3_ORIGINAL,PRED_PAST,1,1,0,0,,,,/workspace/r8_fix/f2/FORMAL/R4_ALT_CEM_2/R6_reacher_0abbe32b49558f890c57967a/REFIT_103203/PRED_PAST/result.json,0ac4d820745bf7b457ed2f066827c06f1be54b9dc765081c911bd401e889b160
R6_reacher_05609e0e97d87b35452f8ae7,H0,R3_ORIGINAL,PRED_PAST,1,2,1,1,1,2.938945770263672,3.002387046813965,/workspace/r8_fix/f2/FORMAL/R4_ALT_CEM_2/R6_reacher_0abbe32b49558f890c57967a/REFIT_103203/PRED_PAST/result.json,0ac4d820745bf7b457ed2f066827c06f1be54b9dc765081c911bd401e889b160
R6_reacher_05609e0e97d87b35452f8ae7,REFIT_103201,R3_ORIGINAL,PRED_PAST,1,1,0,0,,,,/workspace/r8_fix/f2/FORMAL/R4_ALT_CEM_2/R6_reacher_0abbe32b49558f890c57967a/REFIT_103203/PRED_PAST/result.json,0ac4d820745bf7b457ed2f066827c06f1be54b9dc765081c911bd401e889b160
R6_reacher_05609e0e97d87b35452f8ae7,REFIT_103202,R3_ORIGINAL,PRED_PAST,1,1,0,0,,,,/workspace/r8_fix/f2/FORMAL/R4_ALT_CEM_2/R6_reacher_0abbe32b49558f890c57967a/REFIT_103203/PRED_PAST/result.json,0ac4d820745bf7b457ed2f066827c06f1be54b9dc765081c911bd401e889b160
R6_reacher_05609e0e97d87b35452f8ae7,REFIT_103203,R3_ORIGINAL,PRED_PAST,1,1,0,0,,,,/workspace/r8_fix/f2/FORMAL/R4_ALT_CEM_2/R6_reacher_0abbe32b49558f890c57967a/REFIT_103203/PRED_PAST/result.json,0ac4d820745bf7b457ed2f066827c06f1be54b9dc765081c911bd401e889b160
R6_reacher_05673647385df937e0c2da8e,H0,R3_ORIGINAL,PRED_PAST,1,1,0,0,,,,/workspace/r8_fix/f2/FORMAL/R4_ALT_CEM_2/R6_reacher_0abbe32b49558f890c57967a/REFIT_103203/PRED_PAST/result.json,0ac4d820745bf7b457ed2f066827c06f1be54b9dc765081c911bd401e889b160
R6_reacher_05673647385df937e0c2da8e,REFIT_103201,R3_ORIGINAL,PRED_PAST,1,1,0,0,,,,/workspace/r8_fix/f2/FORMAL/R4_ALT_CEM_2/R6_reacher_0abbe32b49558f890c57967a/REFIT_103203/PRED_PAST/result.json,0ac4d820745bf7b457ed2f066827c06f1be54b9dc765081c911bd401e889b160
R6_reacher_05673647385df937e0c2da8e,REFIT_103202,R3_ORIGINAL,PRED_PAST,1,1,0,0,,,,/workspace/r8_fix/f2/FORMAL/R4_ALT_CEM_2/R6_reacher_0abbe32b49558f890c57967a/REFIT_103203/PRED_PAST/result.json,0ac4d820745bf7b457ed2f066827c06f1be54b9dc765081c911bd401e889b160
R6_reacher_05673647385df937e0c2da8e,REFIT_103203,R3_ORIGINAL,PRED_PAST,1,1,0,0,,,,/workspace/r8_fix/f2/FORMAL/R4_ALT_CEM_2/R6_reacher_0abbe32b49558f890c57967a/REFIT_103203/PRED_PAST/result.json,0ac4d820745bf7b457ed2f066827c06f1be54b9dc765081c911bd401e889b160
R6_reacher_0572fff5c1f8d2522d9fef3e,H0,R3_ORIGINAL,PRED_PAST,1,1,0,0,,,,/workspace/r8_fix/f2/FORMAL/R4_ALT_CEM_2/R6_reacher_0abbe32b49558f890c57967a/REFIT_103203/PRED_PAST/result.json,0ac4d820745bf7b457ed2f066827c06f1be54b9dc765081c911bd401e889b160
R6_reacher_0572fff5c1f8d2522d9fef3e,REFIT_103201,R3_ORIGINAL,PRED_PAST,1,1,0,0,,,,/workspace/r8_fix/f2/FORMAL/R4_ALT_CEM_2/R6_reacher_0abbe32b49558f890c57967a/REFIT_103203/PRED_PAST/result.json,0ac4d820745bf7b457ed2f066827c06f1be54b9dc765081c911bd401e889b160
R6_reacher_0572fff5c1f8d2522d9fef3e,REFIT_103202,R3_ORIGINAL,PRED_PAST,1,1,0,0,,,,/workspace/r8_fix/f2/FORMAL/R4_ALT_CEM_2/R6_reacher_0abbe32b49558f890c57967a/REFIT_103203/PRED_PAST/result.json,0ac4d820745bf7b457ed2f066827c06f1be54b9dc765081c911bd401e889b160
R6_reacher_0572fff5c1f8d2522d9fef3e,REFIT_103203,R3_ORIGINAL,PRED_PAST,1,1,0,0,,,,/workspace/r8_fix/f2/FORMAL/R4_ALT_CEM_2/R6_reacher_0abbe32b49558f890c57967a/REFIT_103203/PRED_PAST/result.json,0ac4d820745bf7b457ed2f066827c06f1be54b9dc765081c911bd401e889b160
R6_reacher_058fbdf2d7805234d86b62e9,H0,R3_ORIGINAL,PRED_PAST,1,2,1,1,1,6.3500237464904785,6.313776969909668,/workspace/r8_fix/f2/FORMAL/R4_ALT_CEM_2/R6_reacher_0abbe32b49558f890c57967a/REFIT_103203/PRED_PAST/result.json,0ac4d820745bf7b457ed2f066827c06f1be54b9dc765081c911bd401e889b160
R6_reacher_058fbdf2d7805234d86b62e9,REFIT_103201,R3_ORIGINAL,PRED_PAST,1,2,1,1,1,5.212810039520264,5.472638130187988,/workspace/r8_fix/f2/FORMAL/R4_ALT_CEM_2/R6_reacher_0abbe32b49558f890c57967a/REFIT_103203/PRED_PAST/result.json,0ac4d820745bf7b457ed2f066827c06f1be54b9dc765081c911bd401e889b160
R6_reacher_058fbdf2d7805234d86b62e9,REFIT_103202,R3_ORIGINAL,PRED_PAST,1,2,1,1,1,5.751823902130127,5.456313610076904,/workspace/r8_fix/f2/FORMAL/R4_ALT_CEM_2/R6_reacher_0abbe32b49558f890c57967a/REFIT_103203/PRED_PAST/result.json,0ac4d820745bf7b457ed2f066827c06f1be54b9dc765081c911bd401e889b160
R6_reacher_058fbdf2d7805234d86b62e9,REFIT_103203,R3_ORIGINAL,PRED_PAST,1,2,1,1,1,6.290072441101074,6.79872465133667,/workspace/r8_fix/f2/FORMAL/R4_ALT_CEM_2/R6_reacher_0abbe32b49558f890c57967a/REFIT_103203/PRED_PAST/result.json,0ac4d820745bf7b457ed2f066827c06f1be54b9dc765081c911bd401e889b160
R6_reacher_05b7debf402e51340c75b891,H0,R3_ORIGINAL,PRED_PAST,1,2,1,1,1,6.2992658615112305,6.366501331329346,/workspace/r8_fix/f2/FORMAL/R4_ALT_CEM_2/R6_reacher_0abbe32b49558f890c57967a/REFIT_103203/PRED_PAST/result.json,0ac4d820745bf7b457ed2f066827c06f1be54b9dc765081c911bd401e889b160
R6_reacher_05b7debf402e51340c75b891,REFIT_103201,R3_ORIGINAL,PRED_PAST,1,2,1,1,1,6.3383049964904785,6.467494010925293,/workspace/r8_fix/f2/FORMAL/R4_ALT_CEM_2/R6_reacher_0abbe32b49558f890c57967a/REFIT_103203/PRED_PAST/result.json,0ac4d820745bf7b457ed2f066827c06f1be54b9dc765081c911bd401e889b160
R6_reacher_05b7debf402e51340c75b891,REFIT_103202,R3_ORIGINAL,PRED_PAST,1,2,1,1,1,6.404567718505859,6.639227867126465,/workspace/r8_fix/f2/FORMAL/R4_ALT_CEM_2/R6_reacher_0abbe32b49558f890c57967a/REFIT_103203/PRED_PAST/result.json,0ac4d820745bf7b457ed2f066827c06f1be54b9dc765081c911bd401e889b160
R6_reacher_05b7debf402e51340c75b891,REFIT_103203,R3_ORIGINAL,PRED_PAST,1,2,1,1,1,6.245861530303955,6.381372928619385,/workspace/r8_fix/f2/FORMAL/R4_ALT_CEM_2/R6_reacher_0abbe32b49558f890c57967a/REFIT_103203/PRED_PAST/result.json,0ac4d820745bf7b457ed2f066827c06f1be54b9dc765081c911bd401e889b160
R6_reacher_05d9adfbb7fea330209f9d6e,H0,R3_ORIGINAL,PRED_PAST,1,2,1,1,1,5.94484281539917,6.056398391723633,/workspace/r8_fix/f2/FORMAL/R4_ALT_CEM_2/R6_reacher_0abbe32b49558f890c57967a/REFIT_103203/PRED_PAST/result.json,0ac4d820745bf7b457ed2f066827c06f1be54b9dc765081c911bd401e889b160
R6_reacher_05d9adfbb7fea330209f9d6e,REFIT_103201,R3_ORIGINAL,PRED_PAST,1,2,1,1,1,6.124516487121582,6.212187767028809,/workspace/r8_fix/f2/FORMAL/R4_ALT_CEM_2/R6_reacher_0abbe32b49558f890c57967a/REFIT_103203/PRED_PAST/result.json,0ac4d820745bf7b457ed2f066827c06f1be54b9dc765081c911bd401e889b160
R6_reacher_05d9adfbb7fea330209f9d6e,REFIT_103202,R3_ORIGINAL,PRED_PAST,1,2,1,1,1,5.930369853973389,6.3269572257995605,/workspace/r8_fix/f2/FORMAL/R4_ALT_CEM_2/R6_reacher_0abbe32b49558f890c57967a/REFIT_103203/PRED_PAST/result.json,0ac4d820745bf7b457ed2f066827c06f1be54b9dc765081c911bd401e889b160
R6_reacher_05d9adfbb7fea330209f9d6e,REFIT_103203,R3_ORIGINAL,PRED_PAST,1,2,1,1,1,5.722318172454834,6.013092517852783,/workspace/r8_fix/f2/FORMAL/R4_ALT_CEM_2/R6_reacher_0abbe32b49558f890c57967a/REFIT_103203/PRED_PAST/result.json,0ac4d820745bf7b457ed2f066827c06f1be54b9dc765081c911bd401e889b160
R6_reacher_0604aded9586b94217e9ae71,H0,R3_ORIGINAL,PRED_PAST,1,2,1,1,1,5.504245758056641,5.111694812774658,/workspace/r8_fix/f2/FORMAL/R4_ALT_CEM_2/R6_reacher_0abbe32b49558f890c57967a/REFIT_103203/PRED_PAST/result.json,0ac4d820745bf7b457ed2f066827c06f1be54b9dc765081c911bd401e889b160
R6_reacher_0604aded9586b94217e9ae71,REFIT_103201,R3_ORIGINAL,PRED_PAST,1,2,1,1,1,5.2334184646606445,4.479343891143799,/workspace/r8_fix/f2/FORMAL/R4_ALT_CEM_2/R6_reacher_0abbe32b49558f890c57967a/REFIT_103203/PRED_PAST/result.json,0ac4d820745bf7b457ed2f066827c06f1be54b9dc765081c911bd401e889b160
R6_reacher_0604aded9586b94217e9ae71,REFIT_103202,R3_ORIGINAL,PRED_PAST,1,2,1,1,1,5.5091471672058105,5.648503303527832,/workspace/r8_fix/f2/FORMAL/R4_ALT_CEM_2/R6_reacher_0abbe32b49558f890c57967a/REFIT_103203/PRED_PAST/result.json,0ac4d820745bf7b457ed2f066827c06f1be54b9dc765081c911bd401e889b160
R6_reacher_0604aded9586b94217e9ae71,REFIT_103203,R3_ORIGINAL,PRED_PAST,1,1,0,0,,,,/workspace/r8_fix/f2/FORMAL/R4_ALT_CEM_2/R6_reacher_0abbe32b49558f890c57967a/REFIT_103203/PRED_PAST/result.json,0ac4d820745bf7b457ed2f066827c06f1be54b9dc765081c911bd401e889b160
R6_reacher_06104c870ec34e14878b4947,H0,R3_ORIGINAL,PRED_PAST,1,2,1,1,1,6.592636585235596,6.246297836303711,/workspace/r8_fix/f2/FORMAL/R4_ALT_CEM_2/R6_reacher_0abbe32b49558f890c57967a/REFIT_103203/PRED_PAST/result.json,0ac4d820745bf7b457ed2f066827c06f1be54b9dc765081c911bd401e889b160
R6_reacher_06104c870ec34e14878b4947,REFIT_103201,R3_ORIGINAL,PRED_PAST,1,2,1,1,1,7.07742977142334,7.1997599601745605,/workspace/r8_fix/f2/FORMAL/R4_ALT_CEM_2/R6_reacher_0abbe32b49558f890c57967a/REFIT_103203/PRED_PAST/result.json,0ac4d820745bf7b457ed2f066827c06f1be54b9dc765081c911bd401e889b160
R6_reacher_06104c870ec34e14878b4947,REFIT_103202,R3_ORIGINAL,PRED_PAST,1,2,1,1,1,7.328971862792969,7.545612335205078,/workspace/r8_fix/f2/FORMAL/R4_ALT_CEM_2/R6_reacher_0abbe32b49558f890c57967a/REFIT_103203/PRED_PAST/result.json,0ac4d820745bf7b457ed2f066827c06f1be54b9dc765081c911bd401e889b160
R6_reacher_06104c870ec34e14878b4947,REFIT_103203,R3_ORIGINAL,PRED_PAST,1,2,1,1,1,7.0654826164245605,7.35777473449707,/workspace/r8_fix/f2/FORMAL/R4_ALT_CEM_2/R6_reacher_0abbe32b49558f890c57967a/REFIT_103203/PRED_PAST/result.json,0ac4d820745bf7b457ed2f066827c06f1be54b9dc765081c911bd401e889b160
R6_reacher_0642735d2daa02558c1d8737,H0,R3_ORIGINAL,PRED_PAST,1,2,1,1,1,4.8721089363098145,5.2703537940979,/workspace/r8_fix/f2/FORMAL/R4_ALT_CEM_2/R6_reacher_0abbe32b49558f890c57967a/REFIT_103203/PRED_PAST/result.json,0ac4d820745bf7b457ed2f066827c06f1be54b9dc765081c911bd401e889b160
R6_reacher_0642735d2daa02558c1d8737,REFIT_103201,R3_ORIGINAL,PRED_PAST,1,2,1,1,1,3.839688777923584,3.9960882663726807,/workspace/r8_fix/f2/FORMAL/R4_ALT_CEM_2/R6_reacher_0abbe32b49558f890c57967a/REFIT_103203/PRED_PAST/result.json,0ac4d820745bf7b457ed2f066827c06f1be54b9dc765081c911bd401e889b160
R6_reacher_0642735d2daa02558c1d8737,REFIT_103202,R3_ORIGINAL,PRED_PAST,1,2,1,1,1,4.607840538024902,4.643096446990967,/workspace/r8_fix/f2/FORMAL/R4_ALT_CEM_2/R6_reacher_0abbe32b49558f890c57967a/REFIT_103203/PRED_PAST/result.json,0ac4d820745bf7b457ed2f066827c06f1be54b9dc765081c911bd401e889b160
R6_reacher_0642735d2daa02558c1d8737,REFIT_103203,R3_ORIGINAL,PRED_PAST,1,2,1,1,1,4.361238956451416,4.727902889251709,/workspace/r8_fix/f2/FORMAL/R4_ALT_CEM_2/R6_reacher_0abbe32b49558f890c57967a/REFIT_103203/PRED_PAST/result.json,0ac4d820745bf7b457ed2f066827c06f1be54b9dc765081c911bd401e889b160
R6_reacher_0685d60e12fdbdbe63e5d232,H0,R3_ORIGINAL,PRED_PAST,1,2,1,1,1,8.4820556640625,8.645979881286621,/workspace/r8_fix/f2/FORMAL/R4_ALT_CEM_2/R6_reacher_0abbe32b49558f890c57967a/REFIT_103203/PRED_PAST/result.json,0ac4d820745bf7b457ed2f066827c06f1be54b9dc765081c911bd401e889b160
R6_reacher_0685d60e12fdbdbe63e5d232,REFIT_103201,R3_ORIGINAL,PRED_PAST,1,2,1,1,1,9.535669326782227,9.2864990234375,/workspace/r8_fix/f2/FORMAL/R4_ALT_CEM_2/R6_reacher_0abbe32b49558f890c57967a/REFIT_103203/PRED_PAST/result.json,0ac4d820745bf7b457ed2f066827c06f1be54b9dc765081c911bd401e889b160
R6_reacher_0685d60e12fdbdbe63e5d232,REFIT_103202,R3_ORIGINAL,PRED_PAST,1,2,1,1,1,9.251754760742188,9.0538911819458,/workspace/r8_fix/f2/FORMAL/R4_ALT_CEM_2/R6_reacher_0abbe32b49558f890c57967a/REFIT_103203/PRED_PAST/result.json,0ac4d820745bf7b457ed2f066827c06f1be54b9dc765081c911bd401e889b160
R6_reacher_0685d60e12fdbdbe63e5d232,REFIT_103203,R3_ORIGINAL,PRED_PAST,1,2,1,1,1,9.443998336791992,9.177756309509277,/workspace/r8_fix/f2/FORMAL/R4_ALT_CEM_2/R6_reacher_0abbe32b49558f890c57967a/REFIT_103203/PRED_PAST/result.json,0ac4d820745bf7b457ed2f066827c06f1be54b9dc765081c911bd401e889b160
R6_reacher_069945d6d002522c9d5ef1d9,H0,R3_ORIGINAL,PRED_PAST,1,2,1,1,1,2.6239047050476074,2.7933990955352783,/workspace/r8_fix/f2/FORMAL/R4_ALT_CEM_2/R6_reacher_0abbe32b49558f890c57967a/REFIT_103203/PRED_PAST/result.json,0ac4d820745bf7b457ed2f066827c06f1be54b9dc765081c911bd401e889b160
R6_reacher_069945d6d002522c9d5ef1d9,REFIT_103201,R3_ORIGINAL,PRED_PAST,1,1,0,0,,,,/workspace/r8_fix/f2/FORMAL/R4_ALT_CEM_2/R6_reacher_0abbe32b49558f890c57967a/REFIT_103203/PRED_PAST/result.json,0ac4d820745bf7b457ed2f066827c06f1be54b9dc765081c911bd401e889b160
R6_reacher_069945d6d002522c9d5ef1d9,REFIT_103202,R3_ORIGINAL,PRED_PAST,1,1,0,0,,,,/workspace/r8_fix/f2/FORMAL/R4_ALT_CEM_2/R6_reacher_0abbe32b49558f890c57967a/REFIT_103203/PRED_PAST/result.json,0ac4d820745bf7b457ed2f066827c06f1be54b9dc765081c911bd401e889b160
R6_reacher_069945d6d002522c9d5ef1d9,REFIT_103203,R3_ORIGINAL,PRED_PAST,1,1,0,0,,,,/workspace/r8_fix/f2/FORMAL/R4_ALT_CEM_2/R6_reacher_0abbe32b49558f890c57967a/REFIT_103203/PRED_PAST/result.json,0ac4d820745bf7b457ed2f066827c06f1be54b9dc765081c911bd401e889b160
R6_reacher_06cc3d0169c47775bf5c3654,H0,R3_ORIGINAL,PRED_PAST,1,2,1,1,1,8.789386749267578,8.957808494567871,/workspace/r8_fix/f2/FORMAL/R4_ALT_CEM_2/R6_reacher_0abbe32b49558f890c57967a/REFIT_103203/PRED_PAST/result.json,0ac4d820745bf7b457ed2f066827c06f1be54b9dc765081c911bd401e889b160
R6_reacher_06cc3d0169c47775bf5c3654,REFIT_103201,R3_ORIGINAL,PRED_PAST,1,2,1,1,1,9.66591739654541,9.58423137664795,/workspace/r8_fix/f2/FORMAL/R4_ALT_CEM_2/R6_reacher_0abbe32b49558f890c57967a/REFIT_103203/PRED_PAST/result.json,0ac4d820745bf7b457ed2f066827c06f1be54b9dc765081c911bd401e889b160
R6_reacher_06cc3d0169c47775bf5c3654,REFIT_103202,R3_ORIGINAL,PRED_PAST,1,2,1,1,1,9.715553283691406,9.377035140991211,/workspace/r8_fix/f2/FORMAL/R4_ALT_CEM_2/R6_reacher_0abbe32b49558f890c57967a/REFIT_103203/PRED_PAST/result.json,0ac4d820745bf7b457ed2f066827c06f1be54b9dc765081c911bd401e889b160
R6_reacher_06cc3d0169c47775bf5c3654,REFIT_103203,R3_ORIGINAL,PRED_PAST,1,2,1,1,1,9.476337432861328,9.325882911682129,/workspace/r8_fix/f2/FORMAL/R4_ALT_CEM_2/R6_reacher_0abbe32b49558f890c57967a/REFIT_103203/PRED_PAST/result.json,0ac4d820745bf7b457ed2f066827c06f1be54b9dc765081c911bd401e889b160
R6_reacher_06f31f0ed66595d668f795d6,H0,R3_ORIGINAL,PRED_PAST,1,2,1,1,1,4.8574676513671875,4.813811302185059,/workspace/r8_fix/f2/FORMAL/R4_ALT_CEM_2/R6_reacher_0abbe32b49558f890c57967a/REFIT_103203/PRED_PAST/result.json,0ac4d820745bf7b457ed2f066827c06f1be54b9dc765081c911bd401e889b160
R6_reacher_06f31f0ed66595d668f795d6,REFIT_103201,R3_ORIGINAL,PRED_PAST,1,2,1,1,1,4.908105373382568,5.073315620422363,/workspace/r8_fix/f2/FORMAL/R4_ALT_CEM_2/R6_reacher_0abbe32b49558f890c57967a/REFIT_103203/PRED_PAST/result.json,0ac4d820745bf7b457ed2f066827c06f1be54b9dc765081c911bd401e889b160
R6_reacher_06f31f0ed66595d668f795d6,REFIT_103202,R3_ORIGINAL,PRED_PAST,1,2,1,1,1,4.4550371170043945,4.450531005859375,/workspace/r8_fix/f2/FORMAL/R4_ALT_CEM_2/R6_reacher_0abbe32b49558f890c57967a/REFIT_103203/PRED_PAST/result.json,0ac4d820745bf7b457ed2f066827c06f1be54b9dc765081c911bd401e889b160
R6_reacher_06f31f0ed66595d668f795d6,REFIT_103203,R3_ORIGINAL,PRED_PAST,1,2,1,1,1,4.497920036315918,4.664316654205322,/workspace/r8_fix/f2/FORMAL/R4_ALT_CEM_2/R6_reacher_0abbe32b49558f890c57967a/REFIT_103203/PRED_PAST/result.json,0ac4d820745bf7b457ed2f066827c06f1be54b9dc765081c911bd401e889b160
R6_reacher_070de37ab215162432f871dc,H0,R3_ORIGINAL,PRED_PAST,1,2,1,1,1,8.74686050415039,9.394559860229492,/workspace/r8_fix/f2/FORMAL/R4_ALT_CEM_2/R6_reacher_0abbe32b49558f890c57967a/REFIT_103203/PRED_PAST/result.json,0ac4d820745bf7b457ed2f066827c06f1be54b9dc765081c911bd401e889b160
R6_reacher_070de37ab215162432f871dc,REFIT_103201,R3_ORIGINAL,PRED_PAST,1,2,1,1,1,8.537535667419434,9.10450553894043,/workspace/r8_fix/f2/FORMAL/R4_ALT_CEM_2/R6_reacher_0abbe32b49558f890c57967a/REFIT_103203/PRED_PAST/result.json,0ac4d820745bf7b457ed2f066827c06f1be54b9dc765081c911bd401e889b160
R6_reacher_070de37ab215162432f871dc,REFIT_103202,R3_ORIGINAL,PRED_PAST,1,2,1,1,1,8.879307746887207,9.534632682800293,/workspace/r8_fix/f2/FORMAL/R4_ALT_CEM_2/R6_reacher_0abbe32b49558f890c57967a/REFIT_103203/PRED_PAST/result.json,0ac4d820745bf7b457ed2f066827c06f1be54b9dc765081c911bd401e889b160
R6_reacher_070de37ab215162432f871dc,REFIT_103203,R3_ORIGINAL,PRED_PAST,1,2,1,1,1,8.501304626464844,8.930882453918457,/workspace/r8_fix/f2/FORMAL/R4_ALT_CEM_2/R6_reacher_0abbe32b49558f890c57967a/REFIT_103203/PRED_PAST/result.json,0ac4d820745bf7b457ed2f066827c06f1be54b9dc765081c911bd401e889b160
R6_reacher_0744272edb1918e64a7d6dd8,H0,R3_ORIGINAL,PRED_PAST,1,1,0,0,,,,/workspace/r8_fix/f2/FORMAL/R4_ALT_CEM_2/R6_reacher_0abbe32b49558f890c57967a/REFIT_103203/PRED_PAST/result.json,0ac4d820745bf7b457ed2f066827c06f1be54b9dc765081c911bd401e889b160
R6_reacher_0744272edb1918e64a7d6dd8,REFIT_103201,R3_ORIGINAL,PRED_PAST,1,2,1,1,1,5.091524124145508,5.142442226409912,/workspace/r8_fix/f2/FORMAL/R4_ALT_CEM_2/R6_reacher_0abbe32b49558f890c57967a/REFIT_103203/PRED_PAST/result.json,0ac4d820745bf7b457ed2f066827c06f1be54b9dc765081c911bd401e889b160
R6_reacher_0744272edb1918e64a7d6dd8,REFIT_103202,R3_ORIGINAL,PRED_PAST,1,1,0,0,,,,/workspace/r8_fix/f2/FORMAL/R4_ALT_CEM_2/R6_reacher_0abbe32b49558f890c57967a/REFIT_103203/PRED_PAST/result.json,0ac4d820745bf7b457ed2f066827c06f1be54b9dc765081c911bd401e889b160
R6_reacher_0744272edb1918e64a7d6dd8,REFIT_103203,R3_ORIGINAL,PRED_PAST,1,1,0,0,,,,/workspace/r8_fix/f2/FORMAL/R4_ALT_CEM_2/R6_reacher_0abbe32b49558f890c57967a/REFIT_103203/PRED_PAST/result.json,0ac4d820745bf7b457ed2f066827c06f1be54b9dc765081c911bd401e889b160
R6_reacher_0744863efce22b67c52bbf37,H0,R3_ORIGINAL,PRED_PAST,1,2,1,1,1,4.025301933288574,3.809890031814575,/workspace/r8_fix/f2/FORMAL/R4_ALT_CEM_2/R6_reacher_0abbe32b49558f890c57967a/REFIT_103203/PRED_PAST/result.json,0ac4d820745bf7b457ed2f066827c06f1be54b9dc765081c911bd401e889b160
R6_reacher_0744863efce22b67c52bbf37,REFIT_103201,R3_ORIGINAL,PRED_PAST,1,2,1,1,1,3.505293130874634,3.2535839080810547,/workspace/r8_fix/f2/FORMAL/R4_ALT_CEM_2/R6_reacher_0abbe32b49558f890c57967a/REFIT_103203/PRED_PAST/result.json,0ac4d820745bf7b457ed2f066827c06f1be54b9dc765081c911bd401e889b160
R6_reacher_0744863efce22b67c52bbf37,REFIT_103202,R3_ORIGINAL,PRED_PAST,1,2,1,1,1,3.4887850284576416,3.4143528938293457,/workspace/r8_fix/f2/FORMAL/R4_ALT_CEM_2/R6_reacher_0abbe32b49558f890c57967a/REFIT_103203/PRED_PAST/result.json,0ac4d820745bf7b457ed2f066827c06f1be54b9dc765081c911bd401e889b160
R6_reacher_0744863efce22b67c52bbf37,REFIT_103203,R3_ORIGINAL,PRED_PAST,1,2,1,1,1,3.1549153327941895,3.2198009490966797,/workspace/r8_fix/f2/FORMAL/R4_ALT_CEM_2/R6_reacher_0abbe32b49558f890c57967a/REFIT_103203/PRED_PAST/result.json,0ac4d820745bf7b457ed2f066827c06f1be54b9dc765081c911bd401e889b160
R6_reacher_0754fb7426df7476a90bdba4,H0,R3_ORIGINAL,PRED_PAST,1,1,0,0,,,,/workspace/r8_fix/f2/FORMAL/R4_ALT_CEM_2/R6_reacher_0abbe32b49558f890c57967a/REFIT_103203/PRED_PAST/result.json,0ac4d820745bf7b457ed2f066827c06f1be54b9dc765081c911bd401e889b160
R6_reacher_0754fb7426df7476a90bdba4,REFIT_103201,R3_ORIGINAL,PRED_PAST,1,1,0,0,,,,/workspace/r8_fix/f2/FORMAL/R4_ALT_CEM_2/R6_reacher_0abbe32b49558f890c57967a/REFIT_103203/PRED_PAST/result.json,0ac4d820745bf7b457ed2f066827c06f1be54b9dc765081c911bd401e889b160
R6_reacher_0754fb7426df7476a90bdba4,REFIT_103202,R3_ORIGINAL,PRED_PAST,1,1,0,0,,,,/workspace/r8_fix/f2/FORMAL/R4_ALT_CEM_2/R6_reacher_0abbe32b49558f890c57967a/REFIT_103203/PRED_PAST/result.json,0ac4d820745bf7b457ed2f066827c06f1be54b9dc765081c911bd401e889b160
R6_reacher_0754fb7426df7476a90bdba4,REFIT_103203,R3_ORIGINAL,PRED_PAST,1,1,0,0,,,,/workspace/r8_fix/f2/FORMAL/R4_ALT_CEM_2/R6_reacher_0abbe32b49558f890c57967a/REFIT_103203/PRED_PAST/result.json,0ac4d820745bf7b457ed2f066827c06f1be54b9dc765081c911bd401e889b160
R6_reacher_07a0ab05518d2f71e8a802de,H0,R3_ORIGINAL,PRED_PAST,1,2,1,1,1,2.8334484100341797,2.798633575439453,/workspace/r8_fix/f2/FORMAL/R4_ALT_CEM_2/R6_reacher_0abbe32b49558f890c57967a/REFIT_103203/PRED_PAST/result.json,0ac4d820745bf7b457ed2f066827c06f1be54b9dc765081c911bd401e889b160
R6_reacher_07a0ab05518d2f71e8a802de,REFIT_103201,R3_ORIGINAL,PRED_PAST,1,2,1,1,1,2.5078537464141846,2.604382038116455,/workspace/r8_fix/f2/FORMAL/R4_ALT_CEM_2/R6_reacher_0abbe32b49558f890c57967a/REFIT_103203/PRED_PAST/result.json,0ac4d820745bf7b457ed2f066827c06f1be54b9dc765081c911bd401e889b160
R6_reacher_07a0ab05518d2f71e8a802de,REFIT_103202,R3_ORIGINAL,PRED_PAST,1,2,1,1,1,2.775869607925415,2.7762043476104736,/workspace/r8_fix/f2/FORMAL/R4_ALT_CEM_2/R6_reacher_0abbe32b49558f890c57967a/REFIT_103203/PRED_PAST/result.json,0ac4d820745bf7b457ed2f066827c06f1be54b9dc765081c911bd401e889b160
R6_reacher_07a0ab05518d2f71e8a802de,REFIT_103203,R3_ORIGINAL,PRED_PAST,1,2,1,1,1,2.294224977493286,2.4752936363220215,/workspace/r8_fix/f2/FORMAL/R4_ALT_CEM_2/R6_reacher_0abbe32b49558f890c57967a/REFIT_103203/PRED_PAST/result.json,0ac4d820745bf7b457ed2f066827c06f1be54b9dc765081c911bd401e889b160
R6_reacher_07a6dc2136798f840125ba56,H0,R3_ORIGINAL,PRED_PAST,1,1,0,0,,,,/workspace/r8_fix/f2/FORMAL/R4_ALT_CEM_2/R6_reacher_0abbe32b49558f890c57967a/REFIT_103203/PRED_PAST/result.json,0ac4d820745bf7b457ed2f066827c06f1be54b9dc765081c911bd401e889b160
R6_reacher_07a6dc2136798f840125ba56,REFIT_103201,R3_ORIGINAL,PRED_PAST,1,1,0,0,,,,/workspace/r8_fix/f2/FORMAL/R4_ALT_CEM_2/R6_reacher_0abbe32b49558f890c57967a/REFIT_103203/PRED_PAST/result.json,0ac4d820745bf7b457ed2f066827c06f1be54b9dc765081c911bd401e889b160
R6_reacher_07a6dc2136798f840125ba56,REFIT_103202,R3_ORIGINAL,PRED_PAST,1,1,0,0,,,,/workspace/r8_fix/f2/FORMAL/R4_ALT_CEM_2/R6_reacher_0abbe32b49558f890c57967a/REFIT_103203/PRED_PAST/result.json,0ac4d820745bf7b457ed2f066827c06f1be54b9dc765081c911bd401e889b160
R6_reacher_07a6dc2136798f840125ba56,REFIT_103203,R3_ORIGINAL,PRED_PAST,1,1,0,0,,,,/workspace/r8_fix/f2/FORMAL/R4_ALT_CEM_2/R6_reacher_0abbe32b49558f890c57967a/REFIT_103203/PRED_PAST/result.json,0ac4d820745bf7b457ed2f066827c06f1be54b9dc765081c911bd401e889b160
R6_reacher_07bc032092b89db7cfeb780b,H0,R3_ORIGINAL,PRED_PAST,1,1,0,0,,,,/workspace/r8_fix/f2/FORMAL/R4_ALT_CEM_2/R6_reacher_0abbe32b49558f890c57967a/REFIT_103203/PRED_PAST/result.json,0ac4d820745bf7b457ed2f066827c06f1be54b9dc765081c911bd401e889b160
R6_reacher_07bc032092b89db7cfeb780b,REFIT_103201,R3_ORIGINAL,PRED_PAST,1,1,0,0,,,,/workspace/r8_fix/f2/FORMAL/R4_ALT_CEM_2/R6_reacher_0abbe32b49558f890c57967a/REFIT_103203/PRED_PAST/result.json,0ac4d820745bf7b457ed2f066827c06f1be54b9dc765081c911bd401e889b160
R6_reacher_07bc032092b89db7cfeb780b,REFIT_103202,R3_ORIGINAL,PRED_PAST,1,1,0,0,,,,/workspace/r8_fix/f2/FORMAL/R4_ALT_CEM_2/R6_reacher_0abbe32b49558f890c57967a/REFIT_103203/PRED_PAST/result.json,0ac4d820745bf7b457ed2f066827c06f1be54b9dc765081c911bd401e889b160
R6_reacher_07bc032092b89db7cfeb780b,REFIT_103203,R3_ORIGINAL,PRED_PAST,1,1,0,0,,,,/workspace/r8_fix/f2/FORMAL/R4_ALT_CEM_2/R6_reacher_0abbe32b49558f890c57967a/REFIT_103203/PRED_PAST/result.json,0ac4d820745bf7b457ed2f066827c06f1be54b9dc765081c911bd401e889b160
R6_reacher_07d217105efcc8943612bd1b,H0,R3_ORIGINAL,PRED_PAST,1,2,1,1,1,3.1002542972564697,3.342217445373535,/workspace/r8_fix/f2/FORMAL/R4_ALT_CEM_2/R6_reacher_0abbe32b49558f890c57967a/REFIT_103203/PRED_PAST/result.json,0ac4d820745bf7b457ed2f066827c06f1be54b9dc765081c911bd401e889b160
R6_reacher_07d217105efcc8943612bd1b,REFIT_103201,R3_ORIGINAL,PRED_PAST,0,2,1,1,1,3.4651412963867188,3.875176191329956,/workspace/r8_fix/f2/FORMAL/R4_ALT_CEM_2/R6_reacher_0abbe32b49558f890c57967a/REFIT_103203/PRED_PAST/result.json,0ac4d820745bf7b457ed2f066827c06f1be54b9dc765081c911bd401e889b160
R6_reacher_07d217105efcc8943612bd1b,REFIT_103202,R3_ORIGINAL,PRED_PAST,1,2,1,1,1,2.397343158721924,2.470770835876465,/workspace/r8_fix/f2/FORMAL/R4_ALT_CEM_2/R6_reacher_0abbe32b49558f890c57967a/REFIT_103203/PRED_PAST/result.json,0ac4d820745bf7b457ed2f066827c06f1be54b9dc765081c911bd401e889b160
R6_reacher_07d217105efcc8943612bd1b,REFIT_103203,R3_ORIGINAL,PRED_PAST,1,2,1,1,1,2.199357032775879,2.316138505935669,/workspace/r8_fix/f2/FORMAL/R4_ALT_CEM_2/R6_reacher_0abbe32b49558f890c57967a/REFIT_103203/PRED_PAST/result.json,0ac4d820745bf7b457ed2f066827c06f1be54b9dc765081c911bd401e889b160
R6_reacher_07d8ede95622d173c866dc15,H0,R3_ORIGINAL,PRED_PAST,1,1,0,0,,,,/workspace/r8_fix/f2/FORMAL/R4_ALT_CEM_2/R6_reacher_0abbe32b49558f890c57967a/REFIT_103203/PRED_PAST/result.json,0ac4d820745bf7b457ed2f066827c06f1be54b9dc765081c911bd401e889b160
R6_reacher_07d8ede95622d173c866dc15,REFIT_103201,R3_ORIGINAL,PRED_PAST,1,2,1,1,1,6.017376899719238,5.963650226593018,/workspace/r8_fix/f2/FORMAL/R4_ALT_CEM_2/R6_reacher_0abbe32b49558f890c57967a/REFIT_103203/PRED_PAST/result.json,0ac4d820745bf7b457ed2f066827c06f1be54b9dc765081c911bd401e889b160
R6_reacher_07d8ede95622d173c866dc15,REFIT_103202,R3_ORIGINAL,PRED_PAST,1,1,0,0,,,,/workspace/r8_fix/f2/FORMAL/R4_ALT_CEM_2/R6_reacher_0abbe32b49558f890c57967a/REFIT_103203/PRED_PAST/result.json,0ac4d820745bf7b457ed2f066827c06f1be54b9dc765081c911bd401e889b160
R6_reacher_07d8ede95622d173c866dc15,REFIT_103203,R3_ORIGINAL,PRED_PAST,1,2,1,1,1,6.045567512512207,6.176457405090332,/workspace/r8_fix/f2/FORMAL/R4_ALT_CEM_2/R6_reacher_0abbe32b49558f890c57967a/REFIT_103203/PRED_PAST/result.json,0ac4d820745bf7b457ed2f066827c06f1be54b9dc765081c911bd401e889b160
R6_reacher_07f453cb26b9a6852312cfaf,H0,R3_ORIGINAL,PRED_PAST,1,2,1,1,1,2.8644332885742188,2.558650493621826,/workspace/r8_fix/f2/FORMAL/R4_ALT_CEM_2/R6_reacher_0abbe32b49558f890c57967a/REFIT_103203/PRED_PAST/result.json,0ac4d820745bf7b457ed2f066827c06f1be54b9dc765081c911bd401e889b160
R6_reacher_07f453cb26b9a6852312cfaf,REFIT_103201,R3_ORIGINAL,PRED_PAST,1,1,0,0,,,,/workspace/r8_fix/f2/FORMAL/R4_ALT_CEM_2/R6_reacher_0abbe32b49558f890c57967a/REFIT_103203/PRED_PAST/result.json,0ac4d820745bf7b457ed2f066827c06f1be54b9dc765081c911bd401e889b160
R6_reacher_07f453cb26b9a6852312cfaf,REFIT_103202,R3_ORIGINAL,PRED_PAST,1,1,0,0,,,,/workspace/r8_fix/f2/FORMAL/R4_ALT_CEM_2/R6_reacher_0abbe32b49558f890c57967a/REFIT_103203/PRED_PAST/result.json,0ac4d820745bf7b457ed2f066827c06f1be54b9dc765081c911bd401e889b160
R6_reacher_07f453cb26b9a6852312cfaf,REFIT_103203,R3_ORIGINAL,PRED_PAST,1,1,0,0,,,,/workspace/r8_fix/f2/FORMAL/R4_ALT_CEM_2/R6_reacher_0abbe32b49558f890c57967a/REFIT_103203/PRED_PAST/result.json,0ac4d820745bf7b457ed2f066827c06f1be54b9dc765081c911bd401e889b160
R6_reacher_080c40555038f25160de654a,H0,R3_ORIGINAL,PRED_PAST,1,1,0,0,,,,/workspace/r8_fix/f2/FORMAL/R4_ALT_CEM_2/R6_reacher_0abbe32b49558f890c57967a/REFIT_103203/PRED_PAST/result.json,0ac4d820745bf7b457ed2f066827c06f1be54b9dc765081c911bd401e889b160
R6_reacher_080c40555038f25160de654a,REFIT_103201,R3_ORIGINAL,PRED_PAST,1,1,0,0,,,,/workspace/r8_fix/f2/FORMAL/R4_ALT_CEM_2/R6_reacher_0abbe32b49558f890c57967a/REFIT_103203/PRED_PAST/result.json,0ac4d820745bf7b457ed2f066827c06f1be54b9dc765081c911bd401e889b160
R6_reacher_080c40555038f25160de654a,REFIT_103202,R3_ORIGINAL,PRED_PAST,1,2,1,1,1,1.6538372039794922,2.4201736450195312,/workspace/r8_fix/f2/FORMAL/R4_ALT_CEM_2/R6_reacher_0abbe32b49558f890c57967a/REFIT_103203/PRED_PAST/result.json,0ac4d820745bf7b457ed2f066827c06f1be54b9dc765081c911bd401e889b160
R6_reacher_080c40555038f25160de654a,REFIT_103203,R3_ORIGINAL,PRED_PAST,1,1,0,0,,,,/workspace/r8_fix/f2/FORMAL/R4_ALT_CEM_2/R6_reacher_0abbe32b49558f890c57967a/REFIT_103203/PRED_PAST/result.json,0ac4d820745bf7b457ed2f066827c06f1be54b9dc765081c911bd401e889b160
R6_reacher_0836c96bfa0e02e08d4dc536,H0,R3_ORIGINAL,PRED_PAST,1,1,0,0,,,,/workspace/r8_fix/f2/FORMAL/R4_ALT_CEM_2/R6_reacher_0abbe32b49558f890c57967a/REFIT_103203/PRED_PAST/result.json,0ac4d820745bf7b457ed2f066827c06f1be54b9dc765081c911bd401e889b160
R6_reacher_0836c96bfa0e02e08d4dc536,REFIT_103201,R3_ORIGINAL,PRED_PAST,1,2,1,1,1,2.499725103378296,2.489560604095459,/workspace/r8_fix/f2/FORMAL/R4_ALT_CEM_2/R6_reacher_0abbe32b49558f890c57967a/REFIT_103203/PRED_PAST/result.json,0ac4d820745bf7b457ed2f066827c06f1be54b9dc765081c911bd401e889b160
R6_reacher_0836c96bfa0e02e08d4dc536,REFIT_103202,R3_ORIGINAL,PRED_PAST,1,2,1,1,1,1.774178385734558,1.7947635650634766,/workspace/r8_fix/f2/FORMAL/R4_ALT_CEM_2/R6_reacher_0abbe32b49558f890c57967a/REFIT_103203/PRED_PAST/result.json,0ac4d820745bf7b457ed2f066827c06f1be54b9dc765081c911bd401e889b160
R6_reacher_0836c96bfa0e02e08d4dc536,REFIT_103203,R3_ORIGINAL,PRED_PAST,1,2,1,1,1,2.700011730194092,2.644465446472168,/workspace/r8_fix/f2/FORMAL/R4_ALT_CEM_2/R6_reacher_0abbe32b49558f890c57967a/REFIT_103203/PRED_PAST/result.json,0ac4d820745bf7b457ed2f066827c06f1be54b9dc765081c911bd401e889b160
R6_reacher_0859eef19809752e9afbb84a,H0,R3_ORIGINAL,PRED_PAST,1,2,1,1,1,4.807443618774414,4.92503023147583,/workspace/r8_fix/f2/FORMAL/R4_ALT_CEM_2/R6_reacher_0abbe32b49558f890c57967a/REFIT_103203/PRED_PAST/result.json,0ac4d820745bf7b457ed2f066827c06f1be54b9dc765081c911bd401e889b160
R6_reacher_0859eef19809752e9afbb84a,REFIT_103201,R3_ORIGINAL,PRED_PAST,1,1,0,0,,,,/workspace/r8_fix/f2/FORMAL/R4_ALT_CEM_2/R6_reacher_0abbe32b49558f890c57967a/REFIT_103203/PRED_PAST/result.json,0ac4d820745bf7b457ed2f066827c06f1be54b9dc765081c911bd401e889b160
R6_reacher_0859eef19809752e9afbb84a,REFIT_103202,R3_ORIGINAL,PRED_PAST,1,2,1,1,1,4.691295623779297,4.721531867980957,/workspace/r8_fix/f2/FORMAL/R4_ALT_CEM_2/R6_reacher_0abbe32b49558f890c57967a/REFIT_103203/PRED_PAST/result.json,0ac4d820745bf7b457ed2f066827c06f1be54b9dc765081c911bd401e889b160
R6_reacher_0859eef19809752e9afbb84a,REFIT_103203,R3_ORIGINAL,PRED_PAST,1,2,1,1,1,4.811890602111816,4.890957355499268,/workspace/r8_fix/f2/FORMAL/R4_ALT_CEM_2/R6_reacher_0abbe32b49558f890c57967a/REFIT_103203/PRED_PAST/result.json,0ac4d820745bf7b457ed2f066827c06f1be54b9dc765081c911bd401e889b160
R6_reacher_0877b94c4c4ad9e7428aeeea,H0,R3_ORIGINAL,PRED_PAST,1,2,1,1,1,7.585598945617676,7.175919532775879,/workspace/r8_fix/f2/FORMAL/R4_ALT_CEM_2/R6_reacher_0abbe32b49558f890c57967a/REFIT_103203/PRED_PAST/result.json,0ac4d820745bf7b457ed2f066827c06f1be54b9dc765081c911bd401e889b160
R6_reacher_0877b94c4c4ad9e7428aeeea,REFIT_103201,R3_ORIGINAL,PRED_PAST,1,2,1,1,1,7.442502975463867,7.509018898010254,/workspace/r8_fix/f2/FORMAL/R4_ALT_CEM_2/R6_reacher_0abbe32b49558f890c57967a/REFIT_103203/PRED_PAST/result.json,0ac4d820745bf7b457ed2f066827c06f1be54b9dc765081c911bd401e889b160
R6_reacher_0877b94c4c4ad9e7428aeeea,REFIT_103202,R3_ORIGINAL,PRED_PAST,1,1,0,0,,,,/workspace/r8_fix/f2/FORMAL/R4_ALT_CEM_2/R6_reacher_0abbe32b49558f890c57967a/REFIT_103203/PRED_PAST/result.json,0ac4d820745bf7b457ed2f066827c06f1be54b9dc765081c911bd401e889b160
R6_reacher_0877b94c4c4ad9e7428aeeea,REFIT_103203,R3_ORIGINAL,PRED_PAST,1,2,1,1,1,7.916326522827148,7.929027080535889,/workspace/r8_fix/f2/FORMAL/R4_ALT_CEM_2/R6_reacher_0abbe32b49558f890c57967a/REFIT_103203/PRED_PAST/result.json,0ac4d820745bf7b457ed2f066827c06f1be54b9dc765081c911bd401e889b160
R6_reacher_088a094c8c8929ddd3a33d6b,H0,R3_ORIGINAL,PRED_PAST,1,1,0,0,,,,/workspace/r8_fix/f2/FORMAL/R4_ALT_CEM_2/R6_reacher_0abbe32b49558f890c57967a/REFIT_103203/PRED_PAST/result.json,0ac4d820745bf7b457ed2f066827c06f1be54b9dc765081c911bd401e889b160
R6_reacher_088a094c8c8929ddd3a33d6b,REFIT_103201,R3_ORIGINAL,PRED_PAST,1,1,0,0,,,,/workspace/r8_fix/f2/FORMAL/R4_ALT_CEM_2/R6_reacher_0abbe32b49558f890c57967a/REFIT_103203/PRED_PAST/result.json,0ac4d820745bf7b457ed2f066827c06f1be54b9dc765081c911bd401e889b160
R6_reacher_088a094c8c8929ddd3a33d6b,REFIT_103202,R3_ORIGINAL,PRED_PAST,1,1,0,0,,,,/workspace/r8_fix/f2/FORMAL/R4_ALT_CEM_2/R6_reacher_0abbe32b49558f890c57967a/REFIT_103203/PRED_PAST/result.json,0ac4d820745bf7b457ed2f066827c06f1be54b9dc765081c911bd401e889b160
R6_reacher_088a094c8c8929ddd3a33d6b,REFIT_103203,R3_ORIGINAL,PRED_PAST,1,1,0,0,,,,/workspace/r8_fix/f2/FORMAL/R4_ALT_CEM_2/R6_reacher_0abbe32b49558f890c57967a/REFIT_103203/PRED_PAST/result.json,0ac4d820745bf7b457ed2f066827c06f1be54b9dc765081c911bd401e889b160
R6_reacher_08adec0f89aa2befc53c51f6,H0,R3_ORIGINAL,PRED_PAST,1,1,0,0,,,,/workspace/r8_fix/f2/FORMAL/R4_ALT_CEM_2/R6_reacher_0abbe32b49558f890c57967a/REFIT_103203/PRED_PAST/result.json,0ac4d820745bf7b457ed2f066827c06f1be54b9dc765081c911bd401e889b160
R6_reacher_08adec0f89aa2befc53c51f6,REFIT_103201,R3_ORIGINAL,PRED_PAST,1,1,0,0,,,,/workspace/r8_fix/f2/FORMAL/R4_ALT_CEM_2/R6_reacher_0abbe32b49558f890c57967a/REFIT_103203/PRED_PAST/result.json,0ac4d820745bf7b457ed2f066827c06f1be54b9dc765081c911bd401e889b160
R6_reacher_08adec0f89aa2befc53c51f6,REFIT_103202,R3_ORIGINAL,PRED_PAST,1,1,0,0,,,,/workspace/r8_fix/f2/FORMAL/R4_ALT_CEM_2/R6_reacher_0abbe32b49558f890c57967a/REFIT_103203/PRED_PAST/result.json,0ac4d820745bf7b457ed2f066827c06f1be54b9dc765081c911bd401e889b160
R6_reacher_08adec0f89aa2befc53c51f6,REFIT_103203,R3_ORIGINAL,PRED_PAST,1,1,0,0,,,,/workspace/r8_fix/f2/FORMAL/R4_ALT_CEM_2/R6_reacher_0abbe32b49558f890c57967a/REFIT_103203/PRED_PAST/result.json,0ac4d820745bf7b457ed2f066827c06f1be54b9dc765081c911bd401e889b160
R6_reacher_08e2de8457d9e13b5d9c4a01,H0,R3_ORIGINAL,PRED_PAST,1,2,1,1,1,5.360510349273682,5.863186359405518,/workspace/r8_fix/f2/FORMAL/R4_ALT_CEM_2/R6_reacher_0abbe32b49558f890c57967a/REFIT_103203/PRED_PAST/result.json,0ac4d820745bf7b457ed2f066827c06f1be54b9dc765081c911bd401e889b160
R6_reacher_08e2de8457d9e13b5d9c4a01,REFIT_103201,R3_ORIGINAL,PRED_PAST,1,2,1,1,1,4.81413459777832,5.012540817260742,/workspace/r8_fix/f2/FORMAL/R4_ALT_CEM_2/R6_reacher_0abbe32b49558f890c57967a/REFIT_103203/PRED_PAST/result.json,0ac4d820745bf7b457ed2f066827c06f1be54b9dc765081c911bd401e889b160
R6_reacher_08e2de8457d9e13b5d9c4a01,REFIT_103202,R3_ORIGINAL,PRED_PAST,1,2,1,1,1,4.735860824584961,4.922979354858398,/workspace/r8_fix/f2/FORMAL/R4_ALT_CEM_2/R6_reacher_0abbe32b49558f890c57967a/REFIT_103203/PRED_PAST/result.json,0ac4d820745bf7b457ed2f066827c06f1be54b9dc765081c911bd401e889b160
R6_reacher_08e2de8457d9e13b5d9c4a01,REFIT_103203,R3_ORIGINAL,PRED_PAST,1,2,1,1,1,4.634768009185791,4.921485424041748,/workspace/r8_fix/f2/FORMAL/R4_ALT_CEM_2/R6_reacher_0abbe32b49558f890c57967a/REFIT_103203/PRED_PAST/result.json,0ac4d820745bf7b457ed2f066827c06f1be54b9dc765081c911bd401e889b160
R6_reacher_08e532e2e16e5aa68e92e603,H0,R3_ORIGINAL,PRED_PAST,1,2,1,1,1,3.004448652267456,3.072908639907837,/workspace/r8_fix/f2/FORMAL/R4_ALT_CEM_2/R6_reacher_0abbe32b49558f890c57967a/REFIT_103203/PRED_PAST/result.json,0ac4d820745bf7b457ed2f066827c06f1be54b9dc765081c911bd401e889b160
R6_reacher_08e532e2e16e5aa68e92e603,REFIT_103201,R3_ORIGINAL,PRED_PAST,1,1,0,0,,,,/workspace/r8_fix/f2/FORMAL/R4_ALT_CEM_2/R6_reacher_0abbe32b49558f890c57967a/REFIT_103203/PRED_PAST/result.json,0ac4d820745bf7b457ed2f066827c06f1be54b9dc765081c911bd401e889b160
R6_reacher_08e532e2e16e5aa68e92e603,REFIT_103202,R3_ORIGINAL,PRED_PAST,1,1,0,0,,,,/workspace/r8_fix/f2/FORMAL/R4_ALT_CEM_2/R6_reacher_0abbe32b49558f890c57967a/REFIT_103203/PRED_PAST/result.json,0ac4d820745bf7b457ed2f066827c06f1be54b9dc765081c911bd401e889b160
R6_reacher_08e532e2e16e5aa68e92e603,REFIT_103203,R3_ORIGINAL,PRED_PAST,1,2,1,1,1,2.0236401557922363,2.030834197998047,/workspace/r8_fix/f2/FORMAL/R4_ALT_CEM_2/R6_reacher_0abbe32b49558f890c57967a/REFIT_103203/PRED_PAST/result.json,0ac4d820745bf7b457ed2f066827c06f1be54b9dc765081c911bd401e889b160
R6_reacher_08e583a8582de1c1b62e2f97,H0,R3_ORIGINAL,PRED_PAST,1,1,0,0,,,,/workspace/r8_fix/f2/FORMAL/R4_ALT_CEM_2/R6_reacher_0abbe32b49558f890c57967a/REFIT_103203/PRED_PAST/result.json,0ac4d820745bf7b457ed2f066827c06f1be54b9dc765081c911bd401e889b160
R6_reacher_08e583a8582de1c1b62e2f97,REFIT_103201,R3_ORIGINAL,PRED_PAST,1,1,0,0,,,,/workspace/r8_fix/f2/FORMAL/R4_ALT_CEM_2/R6_reacher_0abbe32b49558f890c57967a/REFIT_103203/PRED_PAST/result.json,0ac4d820745bf7b457ed2f066827c06f1be54b9dc765081c911bd401e889b160
R6_reacher_08e583a8582de1c1b62e2f97,REFIT_103202,R3_ORIGINAL,PRED_PAST,1,2,1,1,1,1.6302567720413208,1.1466376781463623,/workspace/r8_fix/f2/FORMAL/R4_ALT_CEM_2/R6_reacher_0abbe32b49558f890c57967a/REFIT_103203/PRED_PAST/result.json,0ac4d820745bf7b457ed2f066827c06f1be54b9dc765081c911bd401e889b160
R6_reacher_08e583a8582de1c1b62e2f97,REFIT_103203,R3_ORIGINAL,PRED_PAST,1,1,0,0,,,,/workspace/r8_fix/f2/FORMAL/R4_ALT_CEM_2/R6_reacher_0abbe32b49558f890c57967a/REFIT_103203/PRED_PAST/result.json,0ac4d820745bf7b457ed2f066827c06f1be54b9dc765081c911bd401e889b160
R6_reacher_08ea3c55a7fb98416d5450bc,H0,R3_ORIGINAL,PRED_PAST,0,2,1,1,1,6.7904372215271,6.816715240478516,/workspace/r8_fix/f2/FORMAL/R4_ALT_CEM_2/R6_reacher_0abbe32b49558f890c57967a/REFIT_103203/PRED_PAST/result.json,0ac4d820745bf7b457ed2f066827c06f1be54b9dc765081c911bd401e889b160
R6_reacher_08ea3c55a7fb98416d5450bc,REFIT_103201,R3_ORIGINAL,PRED_PAST,1,2,1,1,1,7.4419450759887695,7.835572242736816,/workspace/r8_fix/f2/FORMAL/R4_ALT_CEM_2/R6_reacher_0abbe32b49558f890c57967a/REFIT_103203/PRED_PAST/result.json,0ac4d820745bf7b457ed2f066827c06f1be54b9dc765081c911bd401e889b160
R6_reacher_08ea3c55a7fb98416d5450bc,REFIT_103202,R3_ORIGINAL,PRED_PAST,1,1,0,0,,,,/workspace/r8_fix/f2/FORMAL/R4_ALT_CEM_2/R6_reacher_0abbe32b49558f890c57967a/REFIT_103203/PRED_PAST/result.json,0ac4d820745bf7b457ed2f066827c06f1be54b9dc765081c911bd401e889b160
R6_reacher_08ea3c55a7fb98416d5450bc,REFIT_103203,R3_ORIGINAL,PRED_PAST,1,2,1,1,1,7.023533344268799,7.3830366134643555,/workspace/r8_fix/f2/FORMAL/R4_ALT_CEM_2/R6_reacher_0abbe32b49558f890c57967a/REFIT_103203/PRED_PAST/result.json,0ac4d820745bf7b457ed2f066827c06f1be54b9dc765081c911bd401e889b160
R6_reacher_08edd6141fcf2cc487e96efd,H0,R3_ORIGINAL,PRED_PAST,1,2,1,1,1,6.926714897155762,6.90079927444458,/workspace/r8_fix/f2/FORMAL/R4_ALT_CEM_2/R6_reacher_0abbe32b49558f890c57967a/REFIT_103203/PRED_PAST/result.json,0ac4d820745bf7b457ed2f066827c06f1be54b9dc765081c911bd401e889b160
R6_reacher_08edd6141fcf2cc487e96efd,REFIT_103201,R3_ORIGINAL,PRED_PAST,1,2,1,1,1,6.49188756942749,6.820372104644775,/workspace/r8_fix/f2/FORMAL/R4_ALT_CEM_2/R6_reacher_0abbe32b49558f890c57967a/REFIT_103203/PRED_PAST/result.json,0ac4d820745bf7b457ed2f066827c06f1be54b9dc765081c911bd401e889b160
R6_reacher_08edd6141fcf2cc487e96efd,REFIT_103202,R3_ORIGINAL,PRED_PAST,1,2,1,1,1,6.112527847290039,6.415369033813477,/workspace/r8_fix/f2/FORMAL/R4_ALT_CEM_2/R6_reacher_0abbe32b49558f890c57967a/REFIT_103203/PRED_PAST/result.json,0ac4d820745bf7b457ed2f066827c06f1be54b9dc765081c911bd401e889b160
R6_reacher_08edd6141fcf2cc487e96efd,REFIT_103203,R3_ORIGINAL,PRED_PAST,1,2,1,1,1,6.571446418762207,6.705641269683838,/workspace/r8_fix/f2/FORMAL/R4_ALT_CEM_2/R6_reacher_0abbe32b49558f890c57967a/REFIT_103203/PRED_PAST/result.json,0ac4d820745bf7b457ed2f066827c06f1be54b9dc765081c911bd401e889b160
R6_reacher_090e387544f3b641157cea56,H0,R3_ORIGINAL,PRED_PAST,1,2,1,1,1,4.36745023727417,4.383238792419434,/workspace/r8_fix/f2/FORMAL/R4_ALT_CEM_2/R6_reacher_0abbe32b49558f890c57967a/REFIT_103203/PRED_PAST/result.json,0ac4d820745bf7b457ed2f066827c06f1be54b9dc765081c911bd401e889b160
R6_reacher_090e387544f3b641157cea56,REFIT_103201,R3_ORIGINAL,PRED_PAST,1,2,1,1,1,5.898174285888672,6.066314697265625,/workspace/r8_fix/f2/FORMAL/R4_ALT_CEM_2/R6_reacher_0abbe32b49558f890c57967a/REFIT_103203/PRED_PAST/result.json,0ac4d820745bf7b457ed2f066827c06f1be54b9dc765081c911bd401e889b160
R6_reacher_090e387544f3b641157cea56,REFIT_103202,R3_ORIGINAL,PRED_PAST,1,2,1,1,1,7.890801906585693,8.25157356262207,/workspace/r8_fix/f2/FORMAL/R4_ALT_CEM_2/R6_reacher_0abbe32b49558f890c57967a/REFIT_103203/PRED_PAST/result.json,0ac4d820745bf7b457ed2f066827c06f1be54b9dc765081c911bd401e889b160
R6_reacher_090e387544f3b641157cea56,REFIT_103203,R3_ORIGINAL,PRED_PAST,1,2,1,1,1,5.745400428771973,5.409707546234131,/workspace/r8_fix/f2/FORMAL/R4_ALT_CEM_2/R6_reacher_0abbe32b49558f890c57967a/REFIT_103203/PRED_PAST/result.json,0ac4d820745bf7b457ed2f066827c06f1be54b9dc765081c911bd401e889b160
R6_reacher_09129778869b8933020399b8,H0,R3_ORIGINAL,PRED_PAST,1,2,1,1,1,2.9185264110565186,2.836859703063965,/workspace/r8_fix/f2/FORMAL/R4_ALT_CEM_2/R6_reacher_0abbe32b49558f890c57967a/REFIT_103203/PRED_PAST/result.json,0ac4d820745bf7b457ed2f066827c06f1be54b9dc765081c911bd401e889b160
R6_reacher_09129778869b8933020399b8,REFIT_103201,R3_ORIGINAL,PRED_PAST,1,2,1,1,1,2.5594215393066406,2.4662764072418213,/workspace/r8_fix/f2/FORMAL/R4_ALT_CEM_2/R6_reacher_0abbe32b49558f890c57967a/REFIT_103203/PRED_PAST/result.json,0ac4d820745bf7b457ed2f066827c06f1be54b9dc765081c911bd401e889b160
R6_reacher_09129778869b8933020399b8,REFIT_103202,R3_ORIGINAL,PRED_PAST,1,2,1,1,1,2.592827081680298,2.4913079738616943,/workspace/r8_fix/f2/FORMAL/R4_ALT_CEM_2/R6_reacher_0abbe32b49558f890c57967a/REFIT_103203/PRED_PAST/result.json,0ac4d820745bf7b457ed2f066827c06f1be54b9dc765081c911bd401e889b160
R6_reacher_09129778869b8933020399b8,REFIT_103203,R3_ORIGINAL,PRED_PAST,1,2,1,1,1,2.4859845638275146,2.195162296295166,/workspace/r8_fix/f2/FORMAL/R4_ALT_CEM_2/R6_reacher_0abbe32b49558f890c57967a/REFIT_103203/PRED_PAST/result.json,0ac4d820745bf7b457ed2f066827c06f1be54b9dc765081c911bd401e889b160
R6_reacher_0913f64b7826936e467d91e6,H0,R3_ORIGINAL,PRED_PAST,1,2,1,1,1,7.796909809112549,7.8193535804748535,/workspace/r8_fix/f2/FORMAL/R4_ALT_CEM_2/R6_reacher_0abbe32b49558f890c57967a/REFIT_103203/PRED_PAST/result.json,0ac4d820745bf7b457ed2f066827c06f1be54b9dc765081c911bd401e889b160
R6_reacher_0913f64b7826936e467d91e6,REFIT_103201,R3_ORIGINAL,PRED_PAST,1,2,1,1,1,8.307350158691406,9.015299797058105,/workspace/r8_fix/f2/FORMAL/R4_ALT_CEM_2/R6_reacher_0abbe32b49558f890c57967a/REFIT_103203/PRED_PAST/result.json,0ac4d820745bf7b457ed2f066827c06f1be54b9dc765081c911bd401e889b160
R6_reacher_0913f64b7826936e467d91e6,REFIT_103202,R3_ORIGINAL,PRED_PAST,1,2,1,1,1,8.659916877746582,8.962535858154297,/workspace/r8_fix/f2/FORMAL/R4_ALT_CEM_2/R6_reacher_0abbe32b49558f890c57967a/REFIT_103203/PRED_PAST/result.json,0ac4d820745bf7b457ed2f066827c06f1be54b9dc765081c911bd401e889b160
R6_reacher_0913f64b7826936e467d91e6,REFIT_103203,R3_ORIGINAL,PRED_PAST,1,2,1,1,1,8.102702140808105,8.761343955993652,/workspace/r8_fix/f2/FORMAL/R4_ALT_CEM_2/R6_reacher_0abbe32b49558f890c57967a/REFIT_103203/PRED_PAST/result.json,0ac4d820745bf7b457ed2f066827c06f1be54b9dc765081c911bd401e889b160
R6_reacher_092eb479cf3e133d57041497,H0,R3_ORIGINAL,PRED_PAST,1,2,1,1,1,6.625250816345215,6.270827293395996,/workspace/r8_fix/f2/FORMAL/R4_ALT_CEM_2/R6_reacher_0abbe32b49558f890c57967a/REFIT_103203/PRED_PAST/result.json,0ac4d820745bf7b457ed2f066827c06f1be54b9dc765081c911bd401e889b160
R6_reacher_092eb479cf3e133d57041497,REFIT_103201,R3_ORIGINAL,PRED_PAST,1,1,0,0,,,,/workspace/r8_fix/f2/FORMAL/R4_ALT_CEM_2/R6_reacher_0abbe32b49558f890c57967a/REFIT_103203/PRED_PAST/result.json,0ac4d820745bf7b457ed2f066827c06f1be54b9dc765081c911bd401e889b160
R6_reacher_092eb479cf3e133d57041497,REFIT_103202,R3_ORIGINAL,PRED_PAST,1,2,1,1,1,6.510826110839844,6.808006763458252,/workspace/r8_fix/f2/FORMAL/R4_ALT_CEM_2/R6_reacher_0abbe32b49558f890c57967a/REFIT_103203/PRED_PAST/result.json,0ac4d820745bf7b457ed2f066827c06f1be54b9dc765081c911bd401e889b160
R6_reacher_092eb479cf3e133d57041497,REFIT_103203,R3_ORIGINAL,PRED_PAST,1,1,0,0,,,,/workspace/r8_fix/f2/FORMAL/R4_ALT_CEM_2/R6_reacher_0abbe32b49558f890c57967a/REFIT_103203/PRED_PAST/result.json,0ac4d820745bf7b457ed2f066827c06f1be54b9dc765081c911bd401e889b160
R6_reacher_0958072154ac56b71d457e80,H0,R3_ORIGINAL,PRED_PAST,1,1,0,0,,,,/workspace/r8_fix/f2/FORMAL/R4_ALT_CEM_2/R6_reacher_0abbe32b49558f890c57967a/REFIT_103203/PRED_PAST/result.json,0ac4d820745bf7b457ed2f066827c06f1be54b9dc765081c911bd401e889b160
R6_reacher_0958072154ac56b71d457e80,REFIT_103201,R3_ORIGINAL,PRED_PAST,1,1,0,0,,,,/workspace/r8_fix/f2/FORMAL/R4_ALT_CEM_2/R6_reacher_0abbe32b49558f890c57967a/REFIT_103203/PRED_PAST/result.json,0ac4d820745bf7b457ed2f066827c06f1be54b9dc765081c911bd401e889b160
R6_reacher_0958072154ac56b71d457e80,REFIT_103202,R3_ORIGINAL,PRED_PAST,1,1,0,0,,,,/workspace/r8_fix/f2/FORMAL/R4_ALT_CEM_2/R6_reacher_0abbe32b49558f890c57967a/REFIT_103203/PRED_PAST/result.json,0ac4d820745bf7b457ed2f066827c06f1be54b9dc765081c911bd401e889b160
R6_reacher_0958072154ac56b71d457e80,REFIT_103203,R3_ORIGINAL,PRED_PAST,1,1,0,0,,,,/workspace/r8_fix/f2/FORMAL/R4_ALT_CEM_2/R6_reacher_0abbe32b49558f890c57967a/REFIT_103203/PRED_PAST/result.json,0ac4d820745bf7b457ed2f066827c06f1be54b9dc765081c911bd401e889b160
R6_reacher_0965dc9d288d1769d4d29d4a,H0,R3_ORIGINAL,PRED_PAST,1,2,1,1,1,5.251718521118164,5.391425132751465,/workspace/r8_fix/f2/FORMAL/R4_ALT_CEM_2/R6_reacher_0abbe32b49558f890c57967a/REFIT_103203/PRED_PAST/result.json,0ac4d820745bf7b457ed2f066827c06f1be54b9dc765081c911bd401e889b160
R6_reacher_0965dc9d288d1769d4d29d4a,REFIT_103201,R3_ORIGINAL,PRED_PAST,1,2,1,1,1,4.892902374267578,5.027122974395752,/workspace/r8_fix/f2/FORMAL/R4_ALT_CEM_2/R6_reacher_0abbe32b49558f890c57967a/REFIT_103203/PRED_PAST/result.json,0ac4d820745bf7b457ed2f066827c06f1be54b9dc765081c911bd401e889b160
R6_reacher_0965dc9d288d1769d4d29d4a,REFIT_103202,R3_ORIGINAL,PRED_PAST,1,2,1,1,1,5.343659400939941,5.378833770751953,/workspace/r8_fix/f2/FORMAL/R4_ALT_CEM_2/R6_reacher_0abbe32b49558f890c57967a/REFIT_103203/PRED_PAST/result.json,0ac4d820745bf7b457ed2f066827c06f1be54b9dc765081c911bd401e889b160
R6_reacher_0965dc9d288d1769d4d29d4a,REFIT_103203,R3_ORIGINAL,PRED_PAST,1,2,1,1,1,4.754012107849121,4.695244312286377,/workspace/r8_fix/f2/FORMAL/R4_ALT_CEM_2/R6_reacher_0abbe32b49558f890c57967a/REFIT_103203/PRED_PAST/result.json,0ac4d820745bf7b457ed2f066827c06f1be54b9dc765081c911bd401e889b160
R6_reacher_096c43e05c7b22dbd8c24748,H0,R3_ORIGINAL,PRED_PAST,1,1,0,0,,,,/workspace/r8_fix/f2/FORMAL/R4_ALT_CEM_2/R6_reacher_0abbe32b49558f890c57967a/REFIT_103203/PRED_PAST/result.json,0ac4d820745bf7b457ed2f066827c06f1be54b9dc765081c911bd401e889b160
R6_reacher_096c43e05c7b22dbd8c24748,REFIT_103201,R3_ORIGINAL,PRED_PAST,1,1,0,0,,,,/workspace/r8_fix/f2/FORMAL/R4_ALT_CEM_2/R6_reacher_0abbe32b49558f890c57967a/REFIT_103203/PRED_PAST/result.json,0ac4d820745bf7b457ed2f066827c06f1be54b9dc765081c911bd401e889b160
R6_reacher_096c43e05c7b22dbd8c24748,REFIT_103202,R3_ORIGINAL,PRED_PAST,1,1,0,0,,,,/workspace/r8_fix/f2/FORMAL/R4_ALT_CEM_2/R6_reacher_0abbe32b49558f890c57967a/REFIT_103203/PRED_PAST/result.json,0ac4d820745bf7b457ed2f066827c06f1be54b9dc765081c911bd401e889b160
R6_reacher_096c43e05c7b22dbd8c24748,REFIT_103203,R3_ORIGINAL,PRED_PAST,1,1,0,0,,,,/workspace/r8_fix/f2/FORMAL/R4_ALT_CEM_2/R6_reacher_0abbe32b49558f890c57967a/REFIT_103203/PRED_PAST/result.json,0ac4d820745bf7b457ed2f066827c06f1be54b9dc765081c911bd401e889b160
R6_reacher_09a47a8bb70067f36643bc00,H0,R3_ORIGINAL,PRED_PAST,1,1,0,0,,,,/workspace/r8_fix/f2/FORMAL/R4_ALT_CEM_2/R6_reacher_0abbe32b49558f890c57967a/REFIT_103203/PRED_PAST/result.json,0ac4d820745bf7b457ed2f066827c06f1be54b9dc765081c911bd401e889b160
R6_reacher_09a47a8bb70067f36643bc00,REFIT_103201,R3_ORIGINAL,PRED_PAST,1,1,0,0,,,,/workspace/r8_fix/f2/FORMAL/R4_ALT_CEM_2/R6_reacher_0abbe32b49558f890c57967a/REFIT_103203/PRED_PAST/result.json,0ac4d820745bf7b457ed2f066827c06f1be54b9dc765081c911bd401e889b160
R6_reacher_09a47a8bb70067f36643bc00,REFIT_103202,R3_ORIGINAL,PRED_PAST,1,1,0,0,,,,/workspace/r8_fix/f2/FORMAL/R4_ALT_CEM_2/R6_reacher_0abbe32b49558f890c57967a/REFIT_103203/PRED_PAST/result.json,0ac4d820745bf7b457ed2f066827c06f1be54b9dc765081c911bd401e889b160
R6_reacher_09a47a8bb70067f36643bc00,REFIT_103203,R3_ORIGINAL,PRED_PAST,1,1,0,0,,,,/workspace/r8_fix/f2/FORMAL/R4_ALT_CEM_2/R6_reacher_0abbe32b49558f890c57967a/REFIT_103203/PRED_PAST/result.json,0ac4d820745bf7b457ed2f066827c06f1be54b9dc765081c911bd401e889b160
R6_reacher_09b6d2b9f5e37ac12c42b2de,H0,R3_ORIGINAL,PRED_PAST,1,2,1,1,1,2.8500967025756836,2.4423675537109375,/workspace/r8_fix/f2/FORMAL/R4_ALT_CEM_2/R6_reacher_0abbe32b49558f890c57967a/REFIT_103203/PRED_PAST/result.json,0ac4d820745bf7b457ed2f066827c06f1be54b9dc765081c911bd401e889b160
R6_reacher_09b6d2b9f5e37ac12c42b2de,REFIT_103201,R3_ORIGINAL,PRED_PAST,1,1,0,0,,,,/workspace/r8_fix/f2/FORMAL/R4_ALT_CEM_2/R6_reacher_0abbe32b49558f890c57967a/REFIT_103203/PRED_PAST/result.json,0ac4d820745bf7b457ed2f066827c06f1be54b9dc765081c911bd401e889b160
R6_reacher_09b6d2b9f5e37ac12c42b2de,REFIT_103202,R3_ORIGINAL,PRED_PAST,1,2,1,1,1,1.2754875421524048,1.590966820716858,/workspace/r8_fix/f2/FORMAL/R4_ALT_CEM_2/R6_reacher_0abbe32b49558f890c57967a/REFIT_103203/PRED_PAST/result.json,0ac4d820745bf7b457ed2f066827c06f1be54b9dc765081c911bd401e889b160
R6_reacher_09b6d2b9f5e37ac12c42b2de,REFIT_103203,R3_ORIGINAL,PRED_PAST,1,2,1,1,1,1.8728522062301636,1.897188425064087,/workspace/r8_fix/f2/FORMAL/R4_ALT_CEM_2/R6_reacher_0abbe32b49558f890c57967a/REFIT_103203/PRED_PAST/result.json,0ac4d820745bf7b457ed2f066827c06f1be54b9dc765081c911bd401e889b160
R6_reacher_09cac336578dc22db2b55aa2,H0,R3_ORIGINAL,PRED_PAST,1,2,1,1,1,7.47311544418335,7.488161087036133,/workspace/r8_fix/f2/FORMAL/R4_ALT_CEM_2/R6_reacher_0abbe32b49558f890c57967a/REFIT_103203/PRED_PAST/result.json,0ac4d820745bf7b457ed2f066827c06f1be54b9dc765081c911bd401e889b160
R6_reacher_09cac336578dc22db2b55aa2,REFIT_103201,R3_ORIGINAL,PRED_PAST,1,2,1,1,1,7.775301456451416,7.764462947845459,/workspace/r8_fix/f2/FORMAL/R4_ALT_CEM_2/R6_reacher_0abbe32b49558f890c57967a/REFIT_103203/PRED_PAST/result.json,0ac4d820745bf7b457ed2f066827c06f1be54b9dc765081c911bd401e889b160
R6_reacher_09cac336578dc22db2b55aa2,REFIT_103202,R3_ORIGINAL,PRED_PAST,1,1,0,0,,,,/workspace/r8_fix/f2/FORMAL/R4_ALT_CEM_2/R6_reacher_0abbe32b49558f890c57967a/REFIT_103203/PRED_PAST/result.json,0ac4d820745bf7b457ed2f066827c06f1be54b9dc765081c911bd401e889b160
R6_reacher_09cac336578dc22db2b55aa2,REFIT_103203,R3_ORIGINAL,PRED_PAST,1,1,0,0,,,,/workspace/r8_fix/f2/FORMAL/R4_ALT_CEM_2/R6_reacher_0abbe32b49558f890c57967a/REFIT_103203/PRED_PAST/result.json,0ac4d820745bf7b457ed2f066827c06f1be54b9dc765081c911bd401e889b160
R6_reacher_09cf773ec6c44d3a53bda2cc,H0,R3_ORIGINAL,PRED_PAST,1,1,0,0,,,,/workspace/r8_fix/f2/FORMAL/R4_ALT_CEM_2/R6_reacher_0abbe32b49558f890c57967a/REFIT_103203/PRED_PAST/result.json,0ac4d820745bf7b457ed2f066827c06f1be54b9dc765081c911bd401e889b160
R6_reacher_09cf773ec6c44d3a53bda2cc,REFIT_103201,R3_ORIGINAL,PRED_PAST,1,2,1,1,1,7.575485706329346,7.902931213378906,/workspace/r8_fix/f2/FORMAL/R4_ALT_CEM_2/R6_reacher_0abbe32b49558f890c57967a/REFIT_103203/PRED_PAST/result.json,0ac4d820745bf7b457ed2f066827c06f1be54b9dc765081c911bd401e889b160
R6_reacher_09cf773ec6c44d3a53bda2cc,REFIT_103202,R3_ORIGINAL,PRED_PAST,1,2,1,1,1,7.744887828826904,7.819393634796143,/workspace/r8_fix/f2/FORMAL/R4_ALT_CEM_2/R6_reacher_0abbe32b49558f890c57967a/REFIT_103203/PRED_PAST/result.json,0ac4d820745bf7b457ed2f066827c06f1be54b9dc765081c911bd401e889b160
R6_reacher_09cf773ec6c44d3a53bda2cc,REFIT_103203,R3_ORIGINAL,PRED_PAST,1,2,1,1,1,7.245520114898682,7.352459907531738,/workspace/r8_fix/f2/FORMAL/R4_ALT_CEM_2/R6_reacher_0abbe32b49558f890c57967a/REFIT_103203/PRED_PAST/result.json,0ac4d820745bf7b457ed2f066827c06f1be54b9dc765081c911bd401e889b160
R6_reacher_0a1c76cdd10dec44fa26825d,H0,R3_ORIGINAL,PRED_PAST,1,2,1,1,1,5.02075719833374,5.1093621253967285,/workspace/r8_fix/f2/FORMAL/R4_ALT_CEM_2/R6_reacher_0abbe32b49558f890c57967a/REFIT_103203/PRED_PAST/result.json,0ac4d820745bf7b457ed2f066827c06f1be54b9dc765081c911bd401e889b160
R6_reacher_0a1c76cdd10dec44fa26825d,REFIT_103201,R3_ORIGINAL,PRED_PAST,1,2,1,1,1,4.068691253662109,4.035013198852539,/workspace/r8_fix/f2/FORMAL/R4_ALT_CEM_2/R6_reacher_0abbe32b49558f890c57967a/REFIT_103203/PRED_PAST/result.json,0ac4d820745bf7b457ed2f066827c06f1be54b9dc765081c911bd401e889b160
R6_reacher_0a1c76cdd10dec44fa26825d,REFIT_103202,R3_ORIGINAL,PRED_PAST,1,2,1,1,1,4.433635711669922,4.840116500854492,/workspace/r8_fix/f2/FORMAL/R4_ALT_CEM_2/R6_reacher_0abbe32b49558f890c57967a/REFIT_103203/PRED_PAST/result.json,0ac4d820745bf7b457ed2f066827c06f1be54b9dc765081c911bd401e889b160
R6_reacher_0a1c76cdd10dec44fa26825d,REFIT_103203,R3_ORIGINAL,PRED_PAST,1,2,1,1,1,4.265003204345703,4.2102580070495605,/workspace/r8_fix/f2/FORMAL/R4_ALT_CEM_2/R6_reacher_0abbe32b49558f890c57967a/REFIT_103203/PRED_PAST/result.json,0ac4d820745bf7b457ed2f066827c06f1be54b9dc765081c911bd401e889b160
R6_reacher_0a3276eb5547ed96f16b50c5,H0,R3_ORIGINAL,PRED_PAST,1,2,1,1,1,2.060539484024048,2.1320126056671143,/workspace/r8_fix/f2/FORMAL/R4_ALT_CEM_2/R6_reacher_0abbe32b49558f890c57967a/REFIT_103203/PRED_PAST/result.json,0ac4d820745bf7b457ed2f066827c06f1be54b9dc765081c911bd401e889b160
R6_reacher_0a3276eb5547ed96f16b50c5,REFIT_103201,R3_ORIGINAL,PRED_PAST,1,1,0,0,,,,/workspace/r8_fix/f2/FORMAL/R4_ALT_CEM_2/R6_reacher_0abbe32b49558f890c57967a/REFIT_103203/PRED_PAST/result.json,0ac4d820745bf7b457ed2f066827c06f1be54b9dc765081c911bd401e889b160
R6_reacher_0a3276eb5547ed96f16b50c5,REFIT_103202,R3_ORIGINAL,PRED_PAST,1,2,1,1,1,2.0649468898773193,1.7681043148040771,/workspace/r8_fix/f2/FORMAL/R4_ALT_CEM_2/R6_reacher_0abbe32b49558f890c57967a/REFIT_103203/PRED_PAST/result.json,0ac4d820745bf7b457ed2f066827c06f1be54b9dc765081c911bd401e889b160
R6_reacher_0a3276eb5547ed96f16b50c5,REFIT_103203,R3_ORIGINAL,PRED_PAST,1,1,0,0,,,,/workspace/r8_fix/f2/FORMAL/R4_ALT_CEM_2/R6_reacher_0abbe32b49558f890c57967a/REFIT_103203/PRED_PAST/result.json,0ac4d820745bf7b457ed2f066827c06f1be54b9dc765081c911bd401e889b160
R6_reacher_0a34e5a0c99702c6891be14b,H0,R3_ORIGINAL,PRED_PAST,1,1,0,0,,,,/workspace/r8_fix/f2/FORMAL/R4_ALT_CEM_2/R6_reacher_0abbe32b49558f890c57967a/REFIT_103203/PRED_PAST/result.json,0ac4d820745bf7b457ed2f066827c06f1be54b9dc765081c911bd401e889b160
R6_reacher_0a34e5a0c99702c6891be14b,REFIT_103201,R3_ORIGINAL,PRED_PAST,1,1,0,0,,,,/workspace/r8_fix/f2/FORMAL/R4_ALT_CEM_2/R6_reacher_0abbe32b49558f890c57967a/REFIT_103203/PRED_PAST/result.json,0ac4d820745bf7b457ed2f066827c06f1be54b9dc765081c911bd401e889b160
R6_reacher_0a34e5a0c99702c6891be14b,REFIT_103202,R3_ORIGINAL,PRED_PAST,1,1,0,0,,,,/workspace/r8_fix/f2/FORMAL/R4_ALT_CEM_2/R6_reacher_0abbe32b49558f890c57967a/REFIT_103203/PRED_PAST/result.json,0ac4d820745bf7b457ed2f066827c06f1be54b9dc765081c911bd401e889b160
R6_reacher_0a34e5a0c99702c6891be14b,REFIT_103203,R3_ORIGINAL,PRED_PAST,1,1,0,0,,,,/workspace/r8_fix/f2/FORMAL/R4_ALT_CEM_2/R6_reacher_0abbe32b49558f890c57967a/REFIT_103203/PRED_PAST/result.json,0ac4d820745bf7b457ed2f066827c06f1be54b9dc765081c911bd401e889b160
R6_reacher_0a592ca5f4b1f51d4a757a50,H0,R3_ORIGINAL,PRED_PAST,1,1,0,0,,,,/workspace/r8_fix/f2/FORMAL/R4_ALT_CEM_2/R6_reacher_0abbe32b49558f890c57967a/REFIT_103203/PRED_PAST/result.json,0ac4d820745bf7b457ed2f066827c06f1be54b9dc765081c911bd401e889b160
R6_reacher_0a592ca5f4b1f51d4a757a50,REFIT_103201,R3_ORIGINAL,PRED_PAST,1,1,0,0,,,,/workspace/r8_fix/f2/FORMAL/R4_ALT_CEM_2/R6_reacher_0abbe32b49558f890c57967a/REFIT_103203/PRED_PAST/result.json,0ac4d820745bf7b457ed2f066827c06f1be54b9dc765081c911bd401e889b160
R6_reacher_0a592ca5f4b1f51d4a757a50,REFIT_103202,R3_ORIGINAL,PRED_PAST,1,1,0,0,,,,/workspace/r8_fix/f2/FORMAL/R4_ALT_CEM_2/R6_reacher_0abbe32b49558f890c57967a/REFIT_103203/PRED_PAST/result.json,0ac4d820745bf7b457ed2f066827c06f1be54b9dc765081c911bd401e889b160
R6_reacher_0a592ca5f4b1f51d4a757a50,REFIT_103203,R3_ORIGINAL,PRED_PAST,1,1,0,0,,,,/workspace/r8_fix/f2/FORMAL/R4_ALT_CEM_2/R6_reacher_0abbe32b49558f890c57967a/REFIT_103203/PRED_PAST/result.json,0ac4d820745bf7b457ed2f066827c06f1be54b9dc765081c911bd401e889b160
R6_reacher_0a67eaaa889aba7173dd8b5e,H0,R3_ORIGINAL,PRED_PAST,1,1,0,0,,,,/workspace/r8_fix/f2/FORMAL/R4_ALT_CEM_2/R6_reacher_0abbe32b49558f890c57967a/REFIT_103203/PRED_PAST/result.json,0ac4d820745bf7b457ed2f066827c06f1be54b9dc765081c911bd401e889b160
R6_reacher_0a67eaaa889aba7173dd8b5e,REFIT_103201,R3_ORIGINAL,PRED_PAST,1,1,0,0,,,,/workspace/r8_fix/f2/FORMAL/R4_ALT_CEM_2/R6_reacher_0abbe32b49558f890c57967a/REFIT_103203/PRED_PAST/result.json,0ac4d820745bf7b457ed2f066827c06f1be54b9dc765081c911bd401e889b160
R6_reacher_0a67eaaa889aba7173dd8b5e,REFIT_103202,R3_ORIGINAL,PRED_PAST,1,1,0,0,,,,/workspace/r8_fix/f2/FORMAL/R4_ALT_CEM_2/R6_reacher_0abbe32b49558f890c57967a/REFIT_103203/PRED_PAST/result.json,0ac4d820745bf7b457ed2f066827c06f1be54b9dc765081c911bd401e889b160
R6_reacher_0a67eaaa889aba7173dd8b5e,REFIT_103203,R3_ORIGINAL,PRED_PAST,1,2,1,1,1,2.464151620864868,2.373513698577881,/workspace/r8_fix/f2/FORMAL/R4_ALT_CEM_2/R6_reacher_0abbe32b49558f890c57967a/REFIT_103203/PRED_PAST/result.json,0ac4d820745bf7b457ed2f066827c06f1be54b9dc765081c911bd401e889b160
R6_reacher_0a74deb4b05592118d0fafd9,H0,R3_ORIGINAL,PRED_PAST,1,2,1,1,1,4.597741603851318,4.696846961975098,/workspace/r8_fix/f2/FORMAL/R4_ALT_CEM_2/R6_reacher_0abbe32b49558f890c57967a/REFIT_103203/PRED_PAST/result.json,0ac4d820745bf7b457ed2f066827c06f1be54b9dc765081c911bd401e889b160
R6_reacher_0a74deb4b05592118d0fafd9,REFIT_103201,R3_ORIGINAL,PRED_PAST,1,2,1,1,1,3.7227752208709717,3.893073081970215,/workspace/r8_fix/f2/FORMAL/R4_ALT_CEM_2/R6_reacher_0abbe32b49558f890c57967a/REFIT_103203/PRED_PAST/result.json,0ac4d820745bf7b457ed2f066827c06f1be54b9dc765081c911bd401e889b160
R6_reacher_0a74deb4b05592118d0fafd9,REFIT_103202,R3_ORIGINAL,PRED_PAST,1,2,1,1,1,3.7257654666900635,4.04409646987915,/workspace/r8_fix/f2/FORMAL/R4_ALT_CEM_2/R6_reacher_0abbe32b49558f890c57967a/REFIT_103203/PRED_PAST/result.json,0ac4d820745bf7b457ed2f066827c06f1be54b9dc765081c911bd401e889b160
R6_reacher_0a74deb4b05592118d0fafd9,REFIT_103203,R3_ORIGINAL,PRED_PAST,1,2,1,1,1,3.740410327911377,3.885753870010376,/workspace/r8_fix/f2/FORMAL/R4_ALT_CEM_2/R6_reacher_0abbe32b49558f890c57967a/REFIT_103203/PRED_PAST/result.json,0ac4d820745bf7b457ed2f066827c06f1be54b9dc765081c911bd401e889b160
R6_reacher_0a8ebf9f92e62de330d9759e,H0,R3_ORIGINAL,PRED_PAST,1,2,1,1,1,2.9525792598724365,2.9991376399993896,/workspace/r8_fix/f2/FORMAL/R4_ALT_CEM_2/R6_reacher_0abbe32b49558f890c57967a/REFIT_103203/PRED_PAST/result.json,0ac4d820745bf7b457ed2f066827c06f1be54b9dc765081c911bd401e889b160
R6_reacher_0a8ebf9f92e62de330d9759e,REFIT_103201,R3_ORIGINAL,PRED_PAST,1,2,1,1,1,3.0142552852630615,2.9256749153137207,/workspace/r8_fix/f2/FORMAL/R4_ALT_CEM_2/R6_reacher_0abbe32b49558f890c57967a/REFIT_103203/PRED_PAST/result.json,0ac4d820745bf7b457ed2f066827c06f1be54b9dc765081c911bd401e889b160
R6_reacher_0a8ebf9f92e62de330d9759e,REFIT_103202,R3_ORIGINAL,PRED_PAST,1,2,1,1,1,3.6903865337371826,3.4662508964538574,/workspace/r8_fix/f2/FORMAL/R4_ALT_CEM_2/R6_reacher_0abbe32b49558f890c57967a/REFIT_103203/PRED_PAST/result.json,0ac4d820745bf7b457ed2f066827c06f1be54b9dc765081c911bd401e889b160
R6_reacher_0a8ebf9f92e62de330d9759e,REFIT_103203,R3_ORIGINAL,PRED_PAST,1,2,1,1,1,3.3425679206848145,2.956352949142456,/workspace/r8_fix/f2/FORMAL/R4_ALT_CEM_2/R6_reacher_0abbe32b49558f890c57967a/REFIT_103203/PRED_PAST/result.json,0ac4d820745bf7b457ed2f066827c06f1be54b9dc765081c911bd401e889b160
R6_reacher_0ab0d3473481dc3b32839a68,H0,R3_ORIGINAL,PRED_PAST,1,2,1,1,1,5.095029354095459,6.488746643066406,/workspace/r8_fix/f2/FORMAL/R4_ALT_CEM_2/R6_reacher_0abbe32b49558f890c57967a/REFIT_103203/PRED_PAST/result.json,0ac4d820745bf7b457ed2f066827c06f1be54b9dc765081c911bd401e889b160
R6_reacher_0ab0d3473481dc3b32839a68,REFIT_103201,R3_ORIGINAL,PRED_PAST,1,2,1,1,1,4.797100067138672,5.30687952041626,/workspace/r8_fix/f2/FORMAL/R4_ALT_CEM_2/R6_reacher_0abbe32b49558f890c57967a/REFIT_103203/PRED_PAST/result.json,0ac4d820745bf7b457ed2f066827c06f1be54b9dc765081c911bd401e889b160
R6_reacher_0ab0d3473481dc3b32839a68,REFIT_103202,R3_ORIGINAL,PRED_PAST,1,2,1,1,1,4.503933906555176,4.682197093963623,/workspace/r8_fix/f2/FORMAL/R4_ALT_CEM_2/R6_reacher_0abbe32b49558f890c57967a/REFIT_103203/PRED_PAST/result.json,0ac4d820745bf7b457ed2f066827c06f1be54b9dc765081c911bd401e889b160
R6_reacher_0ab0d3473481dc3b32839a68,REFIT_103203,R3_ORIGINAL,PRED_PAST,1,2,1,1,1,4.625126361846924,4.969154357910156,/workspace/r8_fix/f2/FORMAL/R4_ALT_CEM_2/R6_reacher_0abbe32b49558f890c57967a/REFIT_103203/PRED_PAST/result.json,0ac4d820745bf7b457ed2f066827c06f1be54b9dc765081c911bd401e889b160
R6_reacher_0ab3257343137f1e2ae074cc,H0,R3_ORIGINAL,PRED_PAST,1,1,0,0,,,,/workspace/r8_fix/f2/FORMAL/R4_ALT_CEM_2/R6_reacher_0abbe32b49558f890c57967a/REFIT_103203/PRED_PAST/result.json,0ac4d820745bf7b457ed2f066827c06f1be54b9dc765081c911bd401e889b160
R6_reacher_0ab3257343137f1e2ae074cc,REFIT_103201,R3_ORIGINAL,PRED_PAST,1,1,0,0,,,,/workspace/r8_fix/f2/FORMAL/R4_ALT_CEM_2/R6_reacher_0abbe32b49558f890c57967a/REFIT_103203/PRED_PAST/result.json,0ac4d820745bf7b457ed2f066827c06f1be54b9dc765081c911bd401e889b160
R6_reacher_0ab3257343137f1e2ae074cc,REFIT_103202,R3_ORIGINAL,PRED_PAST,1,1,0,0,,,,/workspace/r8_fix/f2/FORMAL/R4_ALT_CEM_2/R6_reacher_0abbe32b49558f890c57967a/REFIT_103203/PRED_PAST/result.json,0ac4d820745bf7b457ed2f066827c06f1be54b9dc765081c911bd401e889b160
R6_reacher_0ab3257343137f1e2ae074cc,REFIT_103203,R3_ORIGINAL,PRED_PAST,1,1,0,0,,,,/workspace/r8_fix/f2/FORMAL/R4_ALT_CEM_2/R6_reacher_0abbe32b49558f890c57967a/REFIT_103203/PRED_PAST/result.json,0ac4d820745bf7b457ed2f066827c06f1be54b9dc765081c911bd401e889b160
R6_reacher_0abbe32b49558f890c57967a,H0,R3_ORIGINAL,PRED_PAST,1,1,0,0,,,,/workspace/r8_fix/f2/FORMAL/R4_ALT_CEM_2/R6_reacher_0abbe32b49558f890c57967a/REFIT_103203/PRED_PAST/result.json,0ac4d820745bf7b457ed2f066827c06f1be54b9dc765081c911bd401e889b160
R6_reacher_0abbe32b49558f890c57967a,REFIT_103201,R3_ORIGINAL,PRED_PAST,1,1,0,0,,,,/workspace/r8_fix/f2/FORMAL/R4_ALT_CEM_2/R6_reacher_0abbe32b49558f890c57967a/REFIT_103203/PRED_PAST/result.json,0ac4d820745bf7b457ed2f066827c06f1be54b9dc765081c911bd401e889b160
R6_reacher_0abbe32b49558f890c57967a,REFIT_103202,R3_ORIGINAL,PRED_PAST,1,1,0,0,,,,/workspace/r8_fix/f2/FORMAL/R4_ALT_CEM_2/R6_reacher_0abbe32b49558f890c57967a/REFIT_103203/PRED_PAST/result.json,0ac4d820745bf7b457ed2f066827c06f1be54b9dc765081c911bd401e889b160
R6_reacher_0abbe32b49558f890c57967a,REFIT_103203,R3_ORIGINAL,PRED_PAST,1,1,0,0,,,,/workspace/r8_fix/f2/FORMAL/R4_ALT_CEM_2/R6_reacher_0abbe32b49558f890c57967a/REFIT_103203/PRED_PAST/result.json,0ac4d820745bf7b457ed2f066827c06f1be54b9dc765081c911bd401e889b160
R6_reacher_004a2bdf27d8bfceafa73467,H0,R4_ALT_CEM_1,PRED_PAST,1,2,1,1,1,4.865030765533447,4.956236839294434,/workspace/r8_fix/f2/FORMAL/R4_ALT_CEM_2/R6_reacher_0abbe32b49558f890c57967a/REFIT_103203/PRED_PAST/result.json,0ac4d820745bf7b457ed2f066827c06f1be54b9dc765081c911bd401e889b160
R6_reacher_004a2bdf27d8bfceafa73467,REFIT_103201,R4_ALT_CEM_1,PRED_PAST,1,2,1,1,1,4.257986545562744,4.113291263580322,/workspace/r8_fix/f2/FORMAL/R4_ALT_CEM_2/R6_reacher_0abbe32b49558f890c57967a/REFIT_103203/PRED_PAST/result.json,0ac4d820745bf7b457ed2f066827c06f1be54b9dc765081c911bd401e889b160
R6_reacher_004a2bdf27d8bfceafa73467,REFIT_103202,R4_ALT_CEM_1,PRED_PAST,1,2,1,1,1,4.615025043487549,4.348379611968994,/workspace/r8_fix/f2/FORMAL/R4_ALT_CEM_2/R6_reacher_0abbe32b49558f890c57967a/REFIT_103203/PRED_PAST/result.json,0ac4d820745bf7b457ed2f066827c06f1be54b9dc765081c911bd401e889b160
R6_reacher_004a2bdf27d8bfceafa73467,REFIT_103203,R4_ALT_CEM_1,PRED_PAST,1,2,1,1,1,4.317981243133545,3.9101009368896484,/workspace/r8_fix/f2/FORMAL/R4_ALT_CEM_2/R6_reacher_0abbe32b49558f890c57967a/REFIT_103203/PRED_PAST/result.json,0ac4d820745bf7b457ed2f066827c06f1be54b9dc765081c911bd401e889b160
R6_reacher_005a9d4fafe8239392288119,H0,R4_ALT_CEM_1,PRED_PAST,1,1,0,0,,,,/workspace/r8_fix/f2/FORMAL/R4_ALT_CEM_2/R6_reacher_0abbe32b49558f890c57967a/REFIT_103203/PRED_PAST/result.json,0ac4d820745bf7b457ed2f066827c06f1be54b9dc765081c911bd401e889b160
R6_reacher_005a9d4fafe8239392288119,REFIT_103201,R4_ALT_CEM_1,PRED_PAST,1,2,1,1,1,4.557539939880371,4.708530902862549,/workspace/r8_fix/f2/FORMAL/R4_ALT_CEM_2/R6_reacher_0abbe32b49558f890c57967a/REFIT_103203/PRED_PAST/result.json,0ac4d820745bf7b457ed2f066827c06f1be54b9dc765081c911bd401e889b160
R6_reacher_005a9d4fafe8239392288119,REFIT_103202,R4_ALT_CEM_1,PRED_PAST,1,1,0,0,,,,/workspace/r8_fix/f2/FORMAL/R4_ALT_CEM_2/R6_reacher_0abbe32b49558f890c57967a/REFIT_103203/PRED_PAST/result.json,0ac4d820745bf7b457ed2f066827c06f1be54b9dc765081c911bd401e889b160
R6_reacher_005a9d4fafe8239392288119,REFIT_103203,R4_ALT_CEM_1,PRED_PAST,1,2,1,1,1,5.864402770996094,5.908556938171387,/workspace/r8_fix/f2/FORMAL/R4_ALT_CEM_2/R6_reacher_0abbe32b49558f890c57967a/REFIT_103203/PRED_PAST/result.json,0ac4d820745bf7b457ed2f066827c06f1be54b9dc765081c911bd401e889b160
R6_reacher_01140d82262ee0be1b888afa,H0,R4_ALT_CEM_1,PRED_PAST,1,2,1,1,1,12.500143051147461,13.18069839477539,/workspace/r8_fix/f2/FORMAL/R4_ALT_CEM_2/R6_reacher_0abbe32b49558f890c57967a/REFIT_103203/PRED_PAST/result.json,0ac4d820745bf7b457ed2f066827c06f1be54b9dc765081c911bd401e889b160
R6_reacher_01140d82262ee0be1b888afa,REFIT_103201,R4_ALT_CEM_1,PRED_PAST,1,2,1,1,1,11.785807609558105,12.113046646118164,/workspace/r8_fix/f2/FORMAL/R4_ALT_CEM_2/R6_reacher_0abbe32b49558f890c57967a/REFIT_103203/PRED_PAST/result.json,0ac4d820745bf7b457ed2f066827c06f1be54b9dc765081c911bd401e889b160
R6_reacher_01140d82262ee0be1b888afa,REFIT_103202,R4_ALT_CEM_1,PRED_PAST,1,2,1,1,1,12.573071479797363,12.952065467834473,/workspace/r8_fix/f2/FORMAL/R4_ALT_CEM_2/R6_reacher_0abbe32b49558f890c57967a/REFIT_103203/PRED_PAST/result.json,0ac4d820745bf7b457ed2f066827c06f1be54b9dc765081c911bd401e889b160
R6_reacher_01140d82262ee0be1b888afa,REFIT_103203,R4_ALT_CEM_1,PRED_PAST,1,2,1,1,1,12.046653747558594,12.385688781738281,/workspace/r8_fix/f2/FORMAL/R4_ALT_CEM_2/R6_reacher_0abbe32b49558f890c57967a/REFIT_103203/PRED_PAST/result.json,0ac4d820745bf7b457ed2f066827c06f1be54b9dc765081c911bd401e889b160
R6_reacher_011ea9fb18f79bb320718d2e,H0,R4_ALT_CEM_1,PRED_PAST,1,2,1,1,1,4.585111141204834,5.462186813354492,/workspace/r8_fix/f2/FORMAL/R4_ALT_CEM_2/R6_reacher_0abbe32b49558f890c57967a/REFIT_103203/PRED_PAST/result.json,0ac4d820745bf7b457ed2f066827c06f1be54b9dc765081c911bd401e889b160
R6_reacher_011ea9fb18f79bb320718d2e,REFIT_103201,R4_ALT_CEM_1,PRED_PAST,1,2,1,1,1,4.37205171585083,4.752052307128906,/workspace/r8_fix/f2/FORMAL/R4_ALT_CEM_2/R6_reacher_0abbe32b49558f890c57967a/REFIT_103203/PRED_PAST/result.json,0ac4d820745bf7b457ed2f066827c06f1be54b9dc765081c911bd401e889b160
R6_reacher_011ea9fb18f79bb320718d2e,REFIT_103202,R4_ALT_CEM_1,PRED_PAST,1,1,0,0,,,,/workspace/r8_fix/f2/FORMAL/R4_ALT_CEM_2/R6_reacher_0abbe32b49558f890c57967a/REFIT_103203/PRED_PAST/result.json,0ac4d820745bf7b457ed2f066827c06f1be54b9dc765081c911bd401e889b160
R6_reacher_011ea9fb18f79bb320718d2e,REFIT_103203,R4_ALT_CEM_1,PRED_PAST,1,1,0,0,,,,/workspace/r8_fix/f2/FORMAL/R4_ALT_CEM_2/R6_reacher_0abbe32b49558f890c57967a/REFIT_103203/PRED_PAST/result.json,0ac4d820745bf7b457ed2f066827c06f1be54b9dc765081c911bd401e889b160
R6_reacher_012dddba11ae750296fdc988,H0,R4_ALT_CEM_1,PRED_PAST,1,2,1,1,1,3.5418648719787598,3.1404008865356445,/workspace/r8_fix/f2/FORMAL/R4_ALT_CEM_2/R6_reacher_0abbe32b49558f890c57967a/REFIT_103203/PRED_PAST/result.json,0ac4d820745bf7b457ed2f066827c06f1be54b9dc765081c911bd401e889b160
R6_reacher_012dddba11ae750296fdc988,REFIT_103201,R4_ALT_CEM_1,PRED_PAST,1,1,0,0,,,,/workspace/r8_fix/f2/FORMAL/R4_ALT_CEM_2/R6_reacher_0abbe32b49558f890c57967a/REFIT_103203/PRED_PAST/result.json,0ac4d820745bf7b457ed2f066827c06f1be54b9dc765081c911bd401e889b160
R6_reacher_012dddba11ae750296fdc988,REFIT_103202,R4_ALT_CEM_1,PRED_PAST,1,1,0,0,,,,/workspace/r8_fix/f2/FORMAL/R4_ALT_CEM_2/R6_reacher_0abbe32b49558f890c57967a/REFIT_103203/PRED_PAST/result.json,0ac4d820745bf7b457ed2f066827c06f1be54b9dc765081c911bd401e889b160
R6_reacher_012dddba11ae750296fdc988,REFIT_103203,R4_ALT_CEM_1,PRED_PAST,1,2,1,1,1,2.5802149772644043,2.694734573364258,/workspace/r8_fix/f2/FORMAL/R4_ALT_CEM_2/R6_reacher_0abbe32b49558f890c57967a/REFIT_103203/PRED_PAST/result.json,0ac4d820745bf7b457ed2f066827c06f1be54b9dc765081c911bd401e889b160
R6_reacher_01376a746a41e9e26d1e8b2e,H0,R4_ALT_CEM_1,PRED_PAST,1,2,1,1,1,3.718947410583496,4.213193893432617,/workspace/r8_fix/f2/FORMAL/R4_ALT_CEM_2/R6_reacher_0abbe32b49558f890c57967a/REFIT_103203/PRED_PAST/result.json,0ac4d820745bf7b457ed2f066827c06f1be54b9dc765081c911bd401e889b160
R6_reacher_01376a746a41e9e26d1e8b2e,REFIT_103201,R4_ALT_CEM_1,PRED_PAST,1,1,0,0,,,,/workspace/r8_fix/f2/FORMAL/R4_ALT_CEM_2/R6_reacher_0abbe32b49558f890c57967a/REFIT_103203/PRED_PAST/result.json,0ac4d820745bf7b457ed2f066827c06f1be54b9dc765081c911bd401e889b160
R6_reacher_01376a746a41e9e26d1e8b2e,REFIT_103202,R4_ALT_CEM_1,PRED_PAST,0,2,1,1,1,2.553392171859741,2.326409339904785,/workspace/r8_fix/f2/FORMAL/R4_ALT_CEM_2/R6_reacher_0abbe32b49558f890c57967a/REFIT_103203/PRED_PAST/result.json,0ac4d820745bf7b457ed2f066827c06f1be54b9dc765081c911bd401e889b160
R6_reacher_01376a746a41e9e26d1e8b2e,REFIT_103203,R4_ALT_CEM_1,PRED_PAST,1,1,0,0,,,,/workspace/r8_fix/f2/FORMAL/R4_ALT_CEM_2/R6_reacher_0abbe32b49558f890c57967a/REFIT_103203/PRED_PAST/result.json,0ac4d820745bf7b457ed2f066827c06f1be54b9dc765081c911bd401e889b160
R6_reacher_0184346c125528018922c654,H0,R4_ALT_CEM_1,PRED_PAST,1,2,1,1,1,4.628321647644043,5.011873245239258,/workspace/r8_fix/f2/FORMAL/R4_ALT_CEM_2/R6_reacher_0abbe32b49558f890c57967a/REFIT_103203/PRED_PAST/result.json,0ac4d820745bf7b457ed2f066827c06f1be54b9dc765081c911bd401e889b160
R6_reacher_0184346c125528018922c654,REFIT_103201,R4_ALT_CEM_1,PRED_PAST,1,2,1,1,1,3.8837881088256836,4.052432060241699,/workspace/r8_fix/f2/FORMAL/R4_ALT_CEM_2/R6_reacher_0abbe32b49558f890c57967a/REFIT_103203/PRED_PAST/result.json,0ac4d820745bf7b457ed2f066827c06f1be54b9dc765081c911bd401e889b160
R6_reacher_0184346c125528018922c654,REFIT_103202,R4_ALT_CEM_1,PRED_PAST,1,2,1,1,1,3.3043441772460938,3.2275211811065674,/workspace/r8_fix/f2/FORMAL/R4_ALT_CEM_2/R6_reacher_0abbe32b49558f890c57967a/REFIT_103203/PRED_PAST/result.json,0ac4d820745bf7b457ed2f066827c06f1be54b9dc765081c911bd401e889b160
R6_reacher_0184346c125528018922c654,REFIT_103203,R4_ALT_CEM_1,PRED_PAST,1,2,1,1,1,4.119348049163818,4.467840194702148,/workspace/r8_fix/f2/FORMAL/R4_ALT_CEM_2/R6_reacher_0abbe32b49558f890c57967a/REFIT_103203/PRED_PAST/result.json,0ac4d820745bf7b457ed2f066827c06f1be54b9dc765081c911bd401e889b160
R6_reacher_0192eda575e790d45853b4a8,H0,R4_ALT_CEM_1,PRED_PAST,1,2,1,1,1,4.77915620803833,4.132955551147461,/workspace/r8_fix/f2/FORMAL/R4_ALT_CEM_2/R6_reacher_0abbe32b49558f890c57967a/REFIT_103203/PRED_PAST/result.json,0ac4d820745bf7b457ed2f066827c06f1be54b9dc765081c911bd401e889b160
R6_reacher_0192eda575e790d45853b4a8,REFIT_103201,R4_ALT_CEM_1,PRED_PAST,1,2,1,1,1,3.158863067626953,4.284852981567383,/workspace/r8_fix/f2/FORMAL/R4_ALT_CEM_2/R6_reacher_0abbe32b49558f890c57967a/REFIT_103203/PRED_PAST/result.json,0ac4d820745bf7b457ed2f066827c06f1be54b9dc765081c911bd401e889b160
R6_reacher_0192eda575e790d45853b4a8,REFIT_103202,R4_ALT_CEM_1,PRED_PAST,1,1,0,0,,,,/workspace/r8_fix/f2/FORMAL/R4_ALT_CEM_2/R6_reacher_0abbe32b49558f890c57967a/REFIT_103203/PRED_PAST/result.json,0ac4d820745bf7b457ed2f066827c06f1be54b9dc765081c911bd401e889b160
R6_reacher_0192eda575e790d45853b4a8,REFIT_103203,R4_ALT_CEM_1,PRED_PAST,1,1,0,0,,,,/workspace/r8_fix/f2/FORMAL/R4_ALT_CEM_2/R6_reacher_0abbe32b49558f890c57967a/REFIT_103203/PRED_PAST/result.json,0ac4d820745bf7b457ed2f066827c06f1be54b9dc765081c911bd401e889b160
R6_reacher_01a317a7971dd8b32b9e544f,H0,R4_ALT_CEM_1,PRED_PAST,1,2,1,1,1,4.007443904876709,4.106629848480225,/workspace/r8_fix/f2/FORMAL/R4_ALT_CEM_2/R6_reacher_0abbe32b49558f890c57967a/REFIT_103203/PRED_PAST/result.json,0ac4d820745bf7b457ed2f066827c06f1be54b9dc765081c911bd401e889b160
R6_reacher_01a317a7971dd8b32b9e544f,REFIT_103201,R4_ALT_CEM_1,PRED_PAST,1,2,1,1,1,3.5685477256774902,3.6526615619659424,/workspace/r8_fix/f2/FORMAL/R4_ALT_CEM_2/R6_reacher_0abbe32b49558f890c57967a/REFIT_103203/PRED_PAST/result.json,0ac4d820745bf7b457ed2f066827c06f1be54b9dc765081c911bd401e889b160
R6_reacher_01a317a7971dd8b32b9e544f,REFIT_103202,R4_ALT_CEM_1,PRED_PAST,1,2,1,1,1,3.8002512454986572,3.8593339920043945,/workspace/r8_fix/f2/FORMAL/R4_ALT_CEM_2/R6_reacher_0abbe32b49558f890c57967a/REFIT_103203/PRED_PAST/result.json,0ac4d820745bf7b457ed2f066827c06f1be54b9dc765081c911bd401e889b160
R6_reacher_01a317a7971dd8b32b9e544f,REFIT_103203,R4_ALT_CEM_1,PRED_PAST,1,2,1,1,1,3.674861431121826,3.8621561527252197,/workspace/r8_fix/f2/FORMAL/R4_ALT_CEM_2/R6_reacher_0abbe32b49558f890c57967a/REFIT_103203/PRED_PAST/result.json,0ac4d820745bf7b457ed2f066827c06f1be54b9dc765081c911bd401e889b160
R6_reacher_01a369b2316f5e495d770946,H0,R4_ALT_CEM_1,PRED_PAST,1,1,0,0,,,,/workspace/r8_fix/f2/FORMAL/R4_ALT_CEM_2/R6_reacher_0abbe32b49558f890c57967a/REFIT_103203/PRED_PAST/result.json,0ac4d820745bf7b457ed2f066827c06f1be54b9dc765081c911bd401e889b160
R6_reacher_01a369b2316f5e495d770946,REFIT_103201,R4_ALT_CEM_1,PRED_PAST,1,2,1,1,1,3.4232215881347656,3.6548664569854736,/workspace/r8_fix/f2/FORMAL/R4_ALT_CEM_2/R6_reacher_0abbe32b49558f890c57967a/REFIT_103203/PRED_PAST/result.json,0ac4d820745bf7b457ed2f066827c06f1be54b9dc765081c911bd401e889b160
R6_reacher_01a369b2316f5e495d770946,REFIT_103202,R4_ALT_CEM_1,PRED_PAST,1,2,1,1,1,3.5321483612060547,3.714475393295288,/workspace/r8_fix/f2/FORMAL/R4_ALT_CEM_2/R6_reacher_0abbe32b49558f890c57967a/REFIT_103203/PRED_PAST/result.json,0ac4d820745bf7b457ed2f066827c06f1be54b9dc765081c911bd401e889b160
R6_reacher_01a369b2316f5e495d770946,REFIT_103203,R4_ALT_CEM_1,PRED_PAST,1,2,1,1,1,3.296837329864502,3.3417532444000244,/workspace/r8_fix/f2/FORMAL/R4_ALT_CEM_2/R6_reacher_0abbe32b49558f890c57967a/REFIT_103203/PRED_PAST/result.json,0ac4d820745bf7b457ed2f066827c06f1be54b9dc765081c911bd401e889b160
R6_reacher_01a7354c1ecb23a787077139,H0,R4_ALT_CEM_1,PRED_PAST,1,1,0,0,,,,/workspace/r8_fix/f2/FORMAL/R4_ALT_CEM_2/R6_reacher_0abbe32b49558f890c57967a/REFIT_103203/PRED_PAST/result.json,0ac4d820745bf7b457ed2f066827c06f1be54b9dc765081c911bd401e889b160
R6_reacher_01a7354c1ecb23a787077139,REFIT_103201,R4_ALT_CEM_1,PRED_PAST,1,2,1,1,1,2.9447643756866455,2.810934543609619,/workspace/r8_fix/f2/FORMAL/R4_ALT_CEM_2/R6_reacher_0abbe32b49558f890c57967a/REFIT_103203/PRED_PAST/result.json,0ac4d820745bf7b457ed2f066827c06f1be54b9dc765081c911bd401e889b160
R6_reacher_01a7354c1ecb23a787077139,REFIT_103202,R4_ALT_CEM_1,PRED_PAST,1,1,0,0,,,,/workspace/r8_fix/f2/FORMAL/R4_ALT_CEM_2/R6_reacher_0abbe32b49558f890c57967a/REFIT_103203/PRED_PAST/result.json,0ac4d820745bf7b457ed2f066827c06f1be54b9dc765081c911bd401e889b160
R6_reacher_01a7354c1ecb23a787077139,REFIT_103203,R4_ALT_CEM_1,PRED_PAST,1,1,0,0,,,,/workspace/r8_fix/f2/FORMAL/R4_ALT_CEM_2/R6_reacher_0abbe32b49558f890c57967a/REFIT_103203/PRED_PAST/result.json,0ac4d820745bf7b457ed2f066827c06f1be54b9dc765081c911bd401e889b160
R6_reacher_01f4491b43897667d92d30bf,H0,R4_ALT_CEM_1,PRED_PAST,1,2,1,1,1,7.139474391937256,6.624453067779541,/workspace/r8_fix/f2/FORMAL/R4_ALT_CEM_2/R6_reacher_0abbe32b49558f890c57967a/REFIT_103203/PRED_PAST/result.json,0ac4d820745bf7b457ed2f066827c06f1be54b9dc765081c911bd401e889b160
R6_reacher_01f4491b43897667d92d30bf,REFIT_103201,R4_ALT_CEM_1,PRED_PAST,0,2,1,1,1,7.05131196975708,7.045950412750244,/workspace/r8_fix/f2/FORMAL/R4_ALT_CEM_2/R6_reacher_0abbe32b49558f890c57967a/REFIT_103203/PRED_PAST/result.json,0ac4d820745bf7b457ed2f066827c06f1be54b9dc765081c911bd401e889b160
R6_reacher_01f4491b43897667d92d30bf,REFIT_103202,R4_ALT_CEM_1,PRED_PAST,1,2,1,1,1,7.609607219696045,7.772696495056152,/workspace/r8_fix/f2/FORMAL/R4_ALT_CEM_2/R6_reacher_0abbe32b49558f890c57967a/REFIT_103203/PRED_PAST/result.json,0ac4d820745bf7b457ed2f066827c06f1be54b9dc765081c911bd401e889b160
R6_reacher_01f4491b43897667d92d30bf,REFIT_103203,R4_ALT_CEM_1,PRED_PAST,1,2,1,1,1,7.414947032928467,7.296857833862305,/workspace/r8_fix/f2/FORMAL/R4_ALT_CEM_2/R6_reacher_0abbe32b49558f890c57967a/REFIT_103203/PRED_PAST/result.json,0ac4d820745bf7b457ed2f066827c06f1be54b9dc765081c911bd401e889b160
R6_reacher_01f5771f4bd3fe2f344b4afe,H0,R4_ALT_CEM_1,PRED_PAST,1,1,0,0,,,,/workspace/r8_fix/f2/FORMAL/R4_ALT_CEM_2/R6_reacher_0abbe32b49558f890c57967a/REFIT_103203/PRED_PAST/result.json,0ac4d820745bf7b457ed2f066827c06f1be54b9dc765081c911bd401e889b160
R6_reacher_01f5771f4bd3fe2f344b4afe,REFIT_103201,R4_ALT_CEM_1,PRED_PAST,1,1,0,0,,,,/workspace/r8_fix/f2/FORMAL/R4_ALT_CEM_2/R6_reacher_0abbe32b49558f890c57967a/REFIT_103203/PRED_PAST/result.json,0ac4d820745bf7b457ed2f066827c06f1be54b9dc765081c911bd401e889b160
R6_reacher_01f5771f4bd3fe2f344b4afe,REFIT_103202,R4_ALT_CEM_1,PRED_PAST,1,1,0,0,,,,/workspace/r8_fix/f2/FORMAL/R4_ALT_CEM_2/R6_reacher_0abbe32b49558f890c57967a/REFIT_103203/PRED_PAST/result.json,0ac4d820745bf7b457ed2f066827c06f1be54b9dc765081c911bd401e889b160
R6_reacher_01f5771f4bd3fe2f344b4afe,REFIT_103203,R4_ALT_CEM_1,PRED_PAST,1,1,0,0,,,,/workspace/r8_fix/f2/FORMAL/R4_ALT_CEM_2/R6_reacher_0abbe32b49558f890c57967a/REFIT_103203/PRED_PAST/result.json,0ac4d820745bf7b457ed2f066827c06f1be54b9dc765081c911bd401e889b160
R6_reacher_02363949abe1b34ce169a168,H0,R4_ALT_CEM_1,PRED_PAST,1,2,1,1,1,4.0682830810546875,4.039475440979004,/workspace/r8_fix/f2/FORMAL/R4_ALT_CEM_2/R6_reacher_0abbe32b49558f890c57967a/REFIT_103203/PRED_PAST/result.json,0ac4d820745bf7b457ed2f066827c06f1be54b9dc765081c911bd401e889b160
R6_reacher_02363949abe1b34ce169a168,REFIT_103201,R4_ALT_CEM_1,PRED_PAST,1,2,1,1,1,4.106449604034424,4.130839824676514,/workspace/r8_fix/f2/FORMAL/R4_ALT_CEM_2/R6_reacher_0abbe32b49558f890c57967a/REFIT_103203/PRED_PAST/result.json,0ac4d820745bf7b457ed2f066827c06f1be54b9dc765081c911bd401e889b160
R6_reacher_02363949abe1b34ce169a168,REFIT_103202,R4_ALT_CEM_1,PRED_PAST,1,2,1,1,1,3.865926742553711,3.8925673961639404,/workspace/r8_fix/f2/FORMAL/R4_ALT_CEM_2/R6_reacher_0abbe32b49558f890c57967a/REFIT_103203/PRED_PAST/result.json,0ac4d820745bf7b457ed2f066827c06f1be54b9dc765081c911bd401e889b160
R6_reacher_02363949abe1b34ce169a168,REFIT_103203,R4_ALT_CEM_1,PRED_PAST,1,2,1,1,1,3.9720983505249023,4.2685441970825195,/workspace/r8_fix/f2/FORMAL/R4_ALT_CEM_2/R6_reacher_0abbe32b49558f890c57967a/REFIT_103203/PRED_PAST/result.json,0ac4d820745bf7b457ed2f066827c06f1be54b9dc765081c911bd401e889b160
R6_reacher_0236acda3799285bc7c01150,H0,R4_ALT_CEM_1,PRED_PAST,1,1,0,0,,,,/workspace/r8_fix/f2/FORMAL/R4_ALT_CEM_2/R6_reacher_0abbe32b49558f890c57967a/REFIT_103203/PRED_PAST/result.json,0ac4d820745bf7b457ed2f066827c06f1be54b9dc765081c911bd401e889b160
R6_reacher_0236acda3799285bc7c01150,REFIT_103201,R4_ALT_CEM_1,PRED_PAST,0,2,1,1,1,2.821039915084839,2.920880079269409,/workspace/r8_fix/f2/FORMAL/R4_ALT_CEM_2/R6_reacher_0abbe32b49558f890c57967a/REFIT_103203/PRED_PAST/result.json,0ac4d820745bf7b457ed2f066827c06f1be54b9dc765081c911bd401e889b160
R6_reacher_0236acda3799285bc7c01150,REFIT_103202,R4_ALT_CEM_1,PRED_PAST,1,2,1,1,1,2.8917644023895264,3.188621759414673,/workspace/r8_fix/f2/FORMAL/R4_ALT_CEM_2/R6_reacher_0abbe32b49558f890c57967a/REFIT_103203/PRED_PAST/result.json,0ac4d820745bf7b457ed2f066827c06f1be54b9dc765081c911bd401e889b160
R6_reacher_0236acda3799285bc7c01150,REFIT_103203,R4_ALT_CEM_1,PRED_PAST,1,2,1,1,1,2.5830886363983154,2.6879191398620605,/workspace/r8_fix/f2/FORMAL/R4_ALT_CEM_2/R6_reacher_0abbe32b49558f890c57967a/REFIT_103203/PRED_PAST/result.json,0ac4d820745bf7b457ed2f066827c06f1be54b9dc765081c911bd401e889b160
R6_reacher_0240bbadbe9657118f04a00f,H0,R4_ALT_CEM_1,PRED_PAST,1,1,0,0,,,,/workspace/r8_fix/f2/FORMAL/R4_ALT_CEM_2/R6_reacher_0abbe32b49558f890c57967a/REFIT_103203/PRED_PAST/result.json,0ac4d820745bf7b457ed2f066827c06f1be54b9dc765081c911bd401e889b160
R6_reacher_0240bbadbe9657118f04a00f,REFIT_103201,R4_ALT_CEM_1,PRED_PAST,1,2,1,1,1,3.9497194290161133,3.9086272716522217,/workspace/r8_fix/f2/FORMAL/R4_ALT_CEM_2/R6_reacher_0abbe32b49558f890c57967a/REFIT_103203/PRED_PAST/result.json,0ac4d820745bf7b457ed2f066827c06f1be54b9dc765081c911bd401e889b160
R6_reacher_0240bbadbe9657118f04a00f,REFIT_103202,R4_ALT_CEM_1,PRED_PAST,1,1,0,0,,,,/workspace/r8_fix/f2/FORMAL/R4_ALT_CEM_2/R6_reacher_0abbe32b49558f890c57967a/REFIT_103203/PRED_PAST/result.json,0ac4d820745bf7b457ed2f066827c06f1be54b9dc765081c911bd401e889b160
R6_reacher_0240bbadbe9657118f04a00f,REFIT_103203,R4_ALT_CEM_1,PRED_PAST,1,1,0,0,,,,/workspace/r8_fix/f2/FORMAL/R4_ALT_CEM_2/R6_reacher_0abbe32b49558f890c57967a/REFIT_103203/PRED_PAST/result.json,0ac4d820745bf7b457ed2f066827c06f1be54b9dc765081c911bd401e889b160
R6_reacher_026d9ade4b09a32c4196f539,H0,R4_ALT_CEM_1,PRED_PAST,1,1,0,0,,,,/workspace/r8_fix/f2/FORMAL/R4_ALT_CEM_2/R6_reacher_0abbe32b49558f890c57967a/REFIT_103203/PRED_PAST/result.json,0ac4d820745bf7b457ed2f066827c06f1be54b9dc765081c911bd401e889b160
R6_reacher_026d9ade4b09a32c4196f539,REFIT_103201,R4_ALT_CEM_1,PRED_PAST,1,2,1,1,1,2.272040843963623,2.5061702728271484,/workspace/r8_fix/f2/FORMAL/R4_ALT_CEM_2/R6_reacher_0abbe32b49558f890c57967a/REFIT_103203/PRED_PAST/result.json,0ac4d820745bf7b457ed2f066827c06f1be54b9dc765081c911bd401e889b160
R6_reacher_026d9ade4b09a32c4196f539,REFIT_103202,R4_ALT_CEM_1,PRED_PAST,1,1,0,0,,,,/workspace/r8_fix/f2/FORMAL/R4_ALT_CEM_2/R6_reacher_0abbe32b49558f890c57967a/REFIT_103203/PRED_PAST/result.json,0ac4d820745bf7b457ed2f066827c06f1be54b9dc765081c911bd401e889b160
R6_reacher_026d9ade4b09a32c4196f539,REFIT_103203,R4_ALT_CEM_1,PRED_PAST,1,2,1,1,1,2.3803484439849854,2.3878283500671387,/workspace/r8_fix/f2/FORMAL/R4_ALT_CEM_2/R6_reacher_0abbe32b49558f890c57967a/REFIT_103203/PRED_PAST/result.json,0ac4d820745bf7b457ed2f066827c06f1be54b9dc765081c911bd401e889b160
R6_reacher_027fb56ab9bbb246ba323f0b,H0,R4_ALT_CEM_1,PRED_PAST,1,1,0,0,,,,/workspace/r8_fix/f2/FORMAL/R4_ALT_CEM_2/R6_reacher_0abbe32b49558f890c57967a/REFIT_103203/PRED_PAST/result.json,0ac4d820745bf7b457ed2f066827c06f1be54b9dc765081c911bd401e889b160
R6_reacher_027fb56ab9bbb246ba323f0b,REFIT_103201,R4_ALT_CEM_1,PRED_PAST,1,1,0,0,,,,/workspace/r8_fix/f2/FORMAL/R4_ALT_CEM_2/R6_reacher_0abbe32b49558f890c57967a/REFIT_103203/PRED_PAST/result.json,0ac4d820745bf7b457ed2f066827c06f1be54b9dc765081c911bd401e889b160
R6_reacher_027fb56ab9bbb246ba323f0b,REFIT_103202,R4_ALT_CEM_1,PRED_PAST,1,1,0,0,,,,/workspace/r8_fix/f2/FORMAL/R4_ALT_CEM_2/R6_reacher_0abbe32b49558f890c57967a/REFIT_103203/PRED_PAST/result.json,0ac4d820745bf7b457ed2f066827c06f1be54b9dc765081c911bd401e889b160
R6_reacher_027fb56ab9bbb246ba323f0b,REFIT_103203,R4_ALT_CEM_1,PRED_PAST,1,1,0,0,,,,/workspace/r8_fix/f2/FORMAL/R4_ALT_CEM_2/R6_reacher_0abbe32b49558f890c57967a/REFIT_103203/PRED_PAST/result.json,0ac4d820745bf7b457ed2f066827c06f1be54b9dc765081c911bd401e889b160
R6_reacher_02b5a054bf782ce2a8682ef0,H0,R4_ALT_CEM_1,PRED_PAST,1,1,0,0,,,,/workspace/r8_fix/f2/FORMAL/R4_ALT_CEM_2/R6_reacher_0abbe32b49558f890c57967a/REFIT_103203/PRED_PAST/result.json,0ac4d820745bf7b457ed2f066827c06f1be54b9dc765081c911bd401e889b160
R6_reacher_02b5a054bf782ce2a8682ef0,REFIT_103201,R4_ALT_CEM_1,PRED_PAST,0,2,1,1,1,5.849595069885254,5.730045318603516,/workspace/r8_fix/f2/FORMAL/R4_ALT_CEM_2/R6_reacher_0abbe32b49558f890c57967a/REFIT_103203/PRED_PAST/result.json,0ac4d820745bf7b457ed2f066827c06f1be54b9dc765081c911bd401e889b160
R6_reacher_02b5a054bf782ce2a8682ef0,REFIT_103202,R4_ALT_CEM_1,PRED_PAST,1,2,1,1,1,5.272843360900879,5.457831382751465,/workspace/r8_fix/f2/FORMAL/R4_ALT_CEM_2/R6_reacher_0abbe32b49558f890c57967a/REFIT_103203/PRED_PAST/result.json,0ac4d820745bf7b457ed2f066827c06f1be54b9dc765081c911bd401e889b160
R6_reacher_02b5a054bf782ce2a8682ef0,REFIT_103203,R4_ALT_CEM_1,PRED_PAST,1,2,1,1,1,5.840922832489014,5.634909152984619,/workspace/r8_fix/f2/FORMAL/R4_ALT_CEM_2/R6_reacher_0abbe32b49558f890c57967a/REFIT_103203/PRED_PAST/result.json,0ac4d820745bf7b457ed2f066827c06f1be54b9dc765081c911bd401e889b160
R6_reacher_02bf9b5015a6d24cafbda1dd,H0,R4_ALT_CEM_1,PRED_PAST,1,2,1,1,1,5.334079265594482,5.598361015319824,/workspace/r8_fix/f2/FORMAL/R4_ALT_CEM_2/R6_reacher_0abbe32b49558f890c57967a/REFIT_103203/PRED_PAST/result.json,0ac4d820745bf7b457ed2f066827c06f1be54b9dc765081c911bd401e889b160
R6_reacher_02bf9b5015a6d24cafbda1dd,REFIT_103201,R4_ALT_CEM_1,PRED_PAST,1,2,1,1,1,3.6040360927581787,3.9453983306884766,/workspace/r8_fix/f2/FORMAL/R4_ALT_CEM_2/R6_reacher_0abbe32b49558f890c57967a/REFIT_103203/PRED_PAST/result.json,0ac4d820745bf7b457ed2f066827c06f1be54b9dc765081c911bd401e889b160
R6_reacher_02bf9b5015a6d24cafbda1dd,REFIT_103202,R4_ALT_CEM_1,PRED_PAST,1,2,1,1,1,3.973619222640991,3.9822652339935303,/workspace/r8_fix/f2/FORMAL/R4_ALT_CEM_2/R6_reacher_0abbe32b49558f890c57967a/REFIT_103203/PRED_PAST/result.json,0ac4d820745bf7b457ed2f066827c06f1be54b9dc765081c911bd401e889b160
R6_reacher_02bf9b5015a6d24cafbda1dd,REFIT_103203,R4_ALT_CEM_1,PRED_PAST,1,2,1,1,1,5.154637813568115,5.414479732513428,/workspace/r8_fix/f2/FORMAL/R4_ALT_CEM_2/R6_reacher_0abbe32b49558f890c57967a/REFIT_103203/PRED_PAST/result.json,0ac4d820745bf7b457ed2f066827c06f1be54b9dc765081c911bd401e889b160
R6_reacher_02d110e309cbccb2d8a94c8b,H0,R4_ALT_CEM_1,PRED_PAST,1,1,0,0,,,,/workspace/r8_fix/f2/FORMAL/R4_ALT_CEM_2/R6_reacher_0abbe32b49558f890c57967a/REFIT_103203/PRED_PAST/result.json,0ac4d820745bf7b457ed2f066827c06f1be54b9dc765081c911bd401e889b160
R6_reacher_02d110e309cbccb2d8a94c8b,REFIT_103201,R4_ALT_CEM_1,PRED_PAST,1,1,0,0,,,,/workspace/r8_fix/f2/FORMAL/R4_ALT_CEM_2/R6_reacher_0abbe32b49558f890c57967a/REFIT_103203/PRED_PAST/result.json,0ac4d820745bf7b457ed2f066827c06f1be54b9dc765081c911bd401e889b160
R6_reacher_02d110e309cbccb2d8a94c8b,REFIT_103202,R4_ALT_CEM_1,PRED_PAST,1,1,0,0,,,,/workspace/r8_fix/f2/FORMAL/R4_ALT_CEM_2/R6_reacher_0abbe32b49558f890c57967a/REFIT_103203/PRED_PAST/result.json,0ac4d820745bf7b457ed2f066827c06f1be54b9dc765081c911bd401e889b160
R6_reacher_02d110e309cbccb2d8a94c8b,REFIT_103203,R4_ALT_CEM_1,PRED_PAST,1,1,0,0,,,,/workspace/r8_fix/f2/FORMAL/R4_ALT_CEM_2/R6_reacher_0abbe32b49558f890c57967a/REFIT_103203/PRED_PAST/result.json,0ac4d820745bf7b457ed2f066827c06f1be54b9dc765081c911bd401e889b160
R6_reacher_02dc0f9a7b772ddf917ae2e2,H0,R4_ALT_CEM_1,PRED_PAST,1,2,1,1,1,4.118546962738037,3.9375996589660645,/workspace/r8_fix/f2/FORMAL/R4_ALT_CEM_2/R6_reacher_0abbe32b49558f890c57967a/REFIT_103203/PRED_PAST/result.json,0ac4d820745bf7b457ed2f066827c06f1be54b9dc765081c911bd401e889b160
R6_reacher_02dc0f9a7b772ddf917ae2e2,REFIT_103201,R4_ALT_CEM_1,PRED_PAST,1,2,1,1,1,4.220313549041748,4.1141357421875,/workspace/r8_fix/f2/FORMAL/R4_ALT_CEM_2/R6_reacher_0abbe32b49558f890c57967a/REFIT_103203/PRED_PAST/result.json,0ac4d820745bf7b457ed2f066827c06f1be54b9dc765081c911bd401e889b160
R6_reacher_02dc0f9a7b772ddf917ae2e2,REFIT_103202,R4_ALT_CEM_1,PRED_PAST,1,2,1,1,1,4.225256443023682,3.951871633529663,/workspace/r8_fix/f2/FORMAL/R4_ALT_CEM_2/R6_reacher_0abbe32b49558f890c57967a/REFIT_103203/PRED_PAST/result.json,0ac4d820745bf7b457ed2f066827c06f1be54b9dc765081c911bd401e889b160
R6_reacher_02dc0f9a7b772ddf917ae2e2,REFIT_103203,R4_ALT_CEM_1,PRED_PAST,1,2,1,1,1,3.7493739128112793,3.5587356090545654,/workspace/r8_fix/f2/FORMAL/R4_ALT_CEM_2/R6_reacher_0abbe32b49558f890c57967a/REFIT_103203/PRED_PAST/result.json,0ac4d820745bf7b457ed2f066827c06f1be54b9dc765081c911bd401e889b160
R6_reacher_0323e2a42cd2b4632da3af22,H0,R4_ALT_CEM_1,PRED_PAST,1,2,1,1,1,3.9672696590423584,4.0324482917785645,/workspace/r8_fix/f2/FORMAL/R4_ALT_CEM_2/R6_reacher_0abbe32b49558f890c57967a/REFIT_103203/PRED_PAST/result.json,0ac4d820745bf7b457ed2f066827c06f1be54b9dc765081c911bd401e889b160
R6_reacher_0323e2a42cd2b4632da3af22,REFIT_103201,R4_ALT_CEM_1,PRED_PAST,1,1,0,0,,,,/workspace/r8_fix/f2/FORMAL/R4_ALT_CEM_2/R6_reacher_0abbe32b49558f890c57967a/REFIT_103203/PRED_PAST/result.json,0ac4d820745bf7b457ed2f066827c06f1be54b9dc765081c911bd401e889b160
R6_reacher_0323e2a42cd2b4632da3af22,REFIT_103202,R4_ALT_CEM_1,PRED_PAST,1,1,0,0,,,,/workspace/r8_fix/f2/FORMAL/R4_ALT_CEM_2/R6_reacher_0abbe32b49558f890c57967a/REFIT_103203/PRED_PAST/result.json,0ac4d820745bf7b457ed2f066827c06f1be54b9dc765081c911bd401e889b160
R6_reacher_0323e2a42cd2b4632da3af22,REFIT_103203,R4_ALT_CEM_1,PRED_PAST,1,2,1,1,1,2.6312735080718994,2.8169641494750977,/workspace/r8_fix/f2/FORMAL/R4_ALT_CEM_2/R6_reacher_0abbe32b49558f890c57967a/REFIT_103203/PRED_PAST/result.json,0ac4d820745bf7b457ed2f066827c06f1be54b9dc765081c911bd401e889b160
R6_reacher_03354b4110fc726a53339d43,H0,R4_ALT_CEM_1,PRED_PAST,1,2,1,1,1,3.8428125381469727,4.33173942565918,/workspace/r8_fix/f2/FORMAL/R4_ALT_CEM_2/R6_reacher_0abbe32b49558f890c57967a/REFIT_103203/PRED_PAST/result.json,0ac4d820745bf7b457ed2f066827c06f1be54b9dc765081c911bd401e889b160
R6_reacher_03354b4110fc726a53339d43,REFIT_103201,R4_ALT_CEM_1,PRED_PAST,1,1,0,0,,,,/workspace/r8_fix/f2/FORMAL/R4_ALT_CEM_2/R6_reacher_0abbe32b49558f890c57967a/REFIT_103203/PRED_PAST/result.json,0ac4d820745bf7b457ed2f066827c06f1be54b9dc765081c911bd401e889b160
R6_reacher_03354b4110fc726a53339d43,REFIT_103202,R4_ALT_CEM_1,PRED_PAST,1,1,0,0,,,,/workspace/r8_fix/f2/FORMAL/R4_ALT_CEM_2/R6_reacher_0abbe32b49558f890c57967a/REFIT_103203/PRED_PAST/result.json,0ac4d820745bf7b457ed2f066827c06f1be54b9dc765081c911bd401e889b160
R6_reacher_03354b4110fc726a53339d43,REFIT_103203,R4_ALT_CEM_1,PRED_PAST,1,1,0,0,,,,/workspace/r8_fix/f2/FORMAL/R4_ALT_CEM_2/R6_reacher_0abbe32b49558f890c57967a/REFIT_103203/PRED_PAST/result.json,0ac4d820745bf7b457ed2f066827c06f1be54b9dc765081c911bd401e889b160
R6_reacher_03576c27fc916ca37b9d6b1d,H0,R4_ALT_CEM_1,PRED_PAST,1,1,0,0,,,,/workspace/r8_fix/f2/FORMAL/R4_ALT_CEM_2/R6_reacher_0abbe32b49558f890c57967a/REFIT_103203/PRED_PAST/result.json,0ac4d820745bf7b457ed2f066827c06f1be54b9dc765081c911bd401e889b160
R6_reacher_03576c27fc916ca37b9d6b1d,REFIT_103201,R4_ALT_CEM_1,PRED_PAST,1,1,0,0,,,,/workspace/r8_fix/f2/FORMAL/R4_ALT_CEM_2/R6_reacher_0abbe32b49558f890c57967a/REFIT_103203/PRED_PAST/result.json,0ac4d820745bf7b457ed2f066827c06f1be54b9dc765081c911bd401e889b160
R6_reacher_03576c27fc916ca37b9d6b1d,REFIT_103202,R4_ALT_CEM_1,PRED_PAST,1,1,0,0,,,,/workspace/r8_fix/f2/FORMAL/R4_ALT_CEM_2/R6_reacher_0abbe32b49558f890c57967a/REFIT_103203/PRED_PAST/result.json,0ac4d820745bf7b457ed2f066827c06f1be54b9dc765081c911bd401e889b160
R6_reacher_03576c27fc916ca37b9d6b1d,REFIT_103203,R4_ALT_CEM_1,PRED_PAST,1,1,0,0,,,,/workspace/r8_fix/f2/FORMAL/R4_ALT_CEM_2/R6_reacher_0abbe32b49558f890c57967a/REFIT_103203/PRED_PAST/result.json,0ac4d820745bf7b457ed2f066827c06f1be54b9dc765081c911bd401e889b160
R6_reacher_035bff63e5e604a5c077f9b3,H0,R4_ALT_CEM_1,PRED_PAST,1,1,0,0,,,,/workspace/r8_fix/f2/FORMAL/R4_ALT_CEM_2/R6_reacher_0abbe32b49558f890c57967a/REFIT_103203/PRED_PAST/result.json,0ac4d820745bf7b457ed2f066827c06f1be54b9dc765081c911bd401e889b160
R6_reacher_035bff63e5e604a5c077f9b3,REFIT_103201,R4_ALT_CEM_1,PRED_PAST,1,1,0,0,,,,/workspace/r8_fix/f2/FORMAL/R4_ALT_CEM_2/R6_reacher_0abbe32b49558f890c57967a/REFIT_103203/PRED_PAST/result.json,0ac4d820745bf7b457ed2f066827c06f1be54b9dc765081c911bd401e889b160
R6_reacher_035bff63e5e604a5c077f9b3,REFIT_103202,R4_ALT_CEM_1,PRED_PAST,1,1,0,0,,,,/workspace/r8_fix/f2/FORMAL/R4_ALT_CEM_2/R6_reacher_0abbe32b49558f890c57967a/REFIT_103203/PRED_PAST/result.json,0ac4d820745bf7b457ed2f066827c06f1be54b9dc765081c911bd401e889b160
R6_reacher_035bff63e5e604a5c077f9b3,REFIT_103203,R4_ALT_CEM_1,PRED_PAST,1,1,0,0,,,,/workspace/r8_fix/f2/FORMAL/R4_ALT_CEM_2/R6_reacher_0abbe32b49558f890c57967a/REFIT_103203/PRED_PAST/result.json,0ac4d820745bf7b457ed2f066827c06f1be54b9dc765081c911bd401e889b160
R6_reacher_0378e2d686e7ef985b91bf38,H0,R4_ALT_CEM_1,PRED_PAST,0,2,1,1,1,2.4809505939483643,2.045276403427124,/workspace/r8_fix/f2/FORMAL/R4_ALT_CEM_2/R6_reacher_0abbe32b49558f890c57967a/REFIT_103203/PRED_PAST/result.json,0ac4d820745bf7b457ed2f066827c06f1be54b9dc765081c911bd401e889b160
R6_reacher_0378e2d686e7ef985b91bf38,REFIT_103201,R4_ALT_CEM_1,PRED_PAST,1,1,0,0,,,,/workspace/r8_fix/f2/FORMAL/R4_ALT_CEM_2/R6_reacher_0abbe32b49558f890c57967a/REFIT_103203/PRED_PAST/result.json,0ac4d820745bf7b457ed2f066827c06f1be54b9dc765081c911bd401e889b160
R6_reacher_0378e2d686e7ef985b91bf38,REFIT_103202,R4_ALT_CEM_1,PRED_PAST,1,1,0,0,,,,/workspace/r8_fix/f2/FORMAL/R4_ALT_CEM_2/R6_reacher_0abbe32b49558f890c57967a/REFIT_103203/PRED_PAST/result.json,0ac4d820745bf7b457ed2f066827c06f1be54b9dc765081c911bd401e889b160
R6_reacher_0378e2d686e7ef985b91bf38,REFIT_103203,R4_ALT_CEM_1,PRED_PAST,1,1,0,0,,,,/workspace/r8_fix/f2/FORMAL/R4_ALT_CEM_2/R6_reacher_0abbe32b49558f890c57967a/REFIT_103203/PRED_PAST/result.json,0ac4d820745bf7b457ed2f066827c06f1be54b9dc765081c911bd401e889b160
R6_reacher_037aa4ee62015773e3d025c8,H0,R4_ALT_CEM_1,PRED_PAST,1,2,1,1,1,8.87069320678711,9.214478492736816,/workspace/r8_fix/f2/FORMAL/R4_ALT_CEM_2/R6_reacher_0abbe32b49558f890c57967a/REFIT_103203/PRED_PAST/result.json,0ac4d820745bf7b457ed2f066827c06f1be54b9dc765081c911bd401e889b160
R6_reacher_037aa4ee62015773e3d025c8,REFIT_103201,R4_ALT_CEM_1,PRED_PAST,1,2,1,1,1,8.328291893005371,8.310774803161621,/workspace/r8_fix/f2/FORMAL/R4_ALT_CEM_2/R6_reacher_0abbe32b49558f890c57967a/REFIT_103203/PRED_PAST/result.json,0ac4d820745bf7b457ed2f066827c06f1be54b9dc765081c911bd401e889b160
R6_reacher_037aa4ee62015773e3d025c8,REFIT_103202,R4_ALT_CEM_1,PRED_PAST,1,2,1,1,1,8.37413215637207,8.565122604370117,/workspace/r8_fix/f2/FORMAL/R4_ALT_CEM_2/R6_reacher_0abbe32b49558f890c57967a/REFIT_103203/PRED_PAST/result.json,0ac4d820745bf7b457ed2f066827c06f1be54b9dc765081c911bd401e889b160
R6_reacher_037aa4ee62015773e3d025c8,REFIT_103203,R4_ALT_CEM_1,PRED_PAST,1,2,1,1,1,8.062911033630371,8.238566398620605,/workspace/r8_fix/f2/FORMAL/R4_ALT_CEM_2/R6_reacher_0abbe32b49558f890c57967a/REFIT_103203/PRED_PAST/result.json,0ac4d820745bf7b457ed2f066827c06f1be54b9dc765081c911bd401e889b160
R6_reacher_03c5dc1bff3c46c7e7066e86,H0,R4_ALT_CEM_1,PRED_PAST,1,2,1,1,1,3.5741984844207764,3.429253578186035,/workspace/r8_fix/f2/FORMAL/R4_ALT_CEM_2/R6_reacher_0abbe32b49558f890c57967a/REFIT_103203/PRED_PAST/result.json,0ac4d820745bf7b457ed2f066827c06f1be54b9dc765081c911bd401e889b160
R6_reacher_03c5dc1bff3c46c7e7066e86,REFIT_103201,R4_ALT_CEM_1,PRED_PAST,1,2,1,1,1,4.441712856292725,4.419969081878662,/workspace/r8_fix/f2/FORMAL/R4_ALT_CEM_2/R6_reacher_0abbe32b49558f890c57967a/REFIT_103203/PRED_PAST/result.json,0ac4d820745bf7b457ed2f066827c06f1be54b9dc765081c911bd401e889b160
R6_reacher_03c5dc1bff3c46c7e7066e86,REFIT_103202,R4_ALT_CEM_1,PRED_PAST,0,2,1,1,1,4.007707118988037,4.070515155792236,/workspace/r8_fix/f2/FORMAL/R4_ALT_CEM_2/R6_reacher_0abbe32b49558f890c57967a/REFIT_103203/PRED_PAST/result.json,0ac4d820745bf7b457ed2f066827c06f1be54b9dc765081c911bd401e889b160
R6_reacher_03c5dc1bff3c46c7e7066e86,REFIT_103203,R4_ALT_CEM_1,PRED_PAST,0,2,1,1,1,4.047976970672607,3.9412643909454346,/workspace/r8_fix/f2/FORMAL/R4_ALT_CEM_2/R6_reacher_0abbe32b49558f890c57967a/REFIT_103203/PRED_PAST/result.json,0ac4d820745bf7b457ed2f066827c06f1be54b9dc765081c911bd401e889b160
R6_reacher_03f079f0a6fc89393c99bd18,H0,R4_ALT_CEM_1,PRED_PAST,1,2,1,1,1,2.735203266143799,2.6780502796173096,/workspace/r8_fix/f2/FORMAL/R4_ALT_CEM_2/R6_reacher_0abbe32b49558f890c57967a/REFIT_103203/PRED_PAST/result.json,0ac4d820745bf7b457ed2f066827c06f1be54b9dc765081c911bd401e889b160
R6_reacher_03f079f0a6fc89393c99bd18,REFIT_103201,R4_ALT_CEM_1,PRED_PAST,1,2,1,1,1,2.7445261478424072,2.6175336837768555,/workspace/r8_fix/f2/FORMAL/R4_ALT_CEM_2/R6_reacher_0abbe32b49558f890c57967a/REFIT_103203/PRED_PAST/result.json,0ac4d820745bf7b457ed2f066827c06f1be54b9dc765081c911bd401e889b160
R6_reacher_03f079f0a6fc89393c99bd18,REFIT_103202,R4_ALT_CEM_1,PRED_PAST,1,2,1,1,1,3.0854854583740234,3.2968978881835938,/workspace/r8_fix/f2/FORMAL/R4_ALT_CEM_2/R6_reacher_0abbe32b49558f890c57967a/REFIT_103203/PRED_PAST/result.json,0ac4d820745bf7b457ed2f066827c06f1be54b9dc765081c911bd401e889b160
R6_reacher_03f079f0a6fc89393c99bd18,REFIT_103203,R4_ALT_CEM_1,PRED_PAST,1,2,1,1,1,3.1272964477539062,3.131251096725464,/workspace/r8_fix/f2/FORMAL/R4_ALT_CEM_2/R6_reacher_0abbe32b49558f890c57967a/REFIT_103203/PRED_PAST/result.json,0ac4d820745bf7b457ed2f066827c06f1be54b9dc765081c911bd401e889b160
R6_reacher_04010050b2406790c8247103,H0,R4_ALT_CEM_1,PRED_PAST,0,2,1,1,1,4.957665920257568,4.691930770874023,/workspace/r8_fix/f2/FORMAL/R4_ALT_CEM_2/R6_reacher_0abbe32b49558f890c57967a/REFIT_103203/PRED_PAST/result.json,0ac4d820745bf7b457ed2f066827c06f1be54b9dc765081c911bd401e889b160
R6_reacher_04010050b2406790c8247103,REFIT_103201,R4_ALT_CEM_1,PRED_PAST,1,2,1,1,1,3.0951104164123535,2.9789013862609863,/workspace/r8_fix/f2/FORMAL/R4_ALT_CEM_2/R6_reacher_0abbe32b49558f890c57967a/REFIT_103203/PRED_PAST/result.json,0ac4d820745bf7b457ed2f066827c06f1be54b9dc765081c911bd401e889b160
R6_reacher_04010050b2406790c8247103,REFIT_103202,R4_ALT_CEM_1,PRED_PAST,1,2,1,1,1,2.86088490486145,2.760014533996582,/workspace/r8_fix/f2/FORMAL/R4_ALT_CEM_2/R6_reacher_0abbe32b49558f890c57967a/REFIT_103203/PRED_PAST/result.json,0ac4d820745bf7b457ed2f066827c06f1be54b9dc765081c911bd401e889b160
R6_reacher_04010050b2406790c8247103,REFIT_103203,R4_ALT_CEM_1,PRED_PAST,1,2,1,1,1,2.7758710384368896,2.702171802520752,/workspace/r8_fix/f2/FORMAL/R4_ALT_CEM_2/R6_reacher_0abbe32b49558f890c57967a/REFIT_103203/PRED_PAST/result.json,0ac4d820745bf7b457ed2f066827c06f1be54b9dc765081c911bd401e889b160
R6_reacher_040a17920fc86c8a79997322,H0,R4_ALT_CEM_1,PRED_PAST,1,2,1,1,1,4.00852108001709,4.081948757171631,/workspace/r8_fix/f2/FORMAL/R4_ALT_CEM_2/R6_reacher_0abbe32b49558f890c57967a/REFIT_103203/PRED_PAST/result.json,0ac4d820745bf7b457ed2f066827c06f1be54b9dc765081c911bd401e889b160
R6_reacher_040a17920fc86c8a79997322,REFIT_103201,R4_ALT_CEM_1,PRED_PAST,1,2,1,1,1,5.754361152648926,6.173783302307129,/workspace/r8_fix/f2/FORMAL/R4_ALT_CEM_2/R6_reacher_0abbe32b49558f890c57967a/REFIT_103203/PRED_PAST/result.json,0ac4d820745bf7b457ed2f066827c06f1be54b9dc765081c911bd401e889b160
R6_reacher_040a17920fc86c8a79997322,REFIT_103202,R4_ALT_CEM_1,PRED_PAST,1,2,1,1,1,5.740977764129639,5.947903156280518,/workspace/r8_fix/f2/FORMAL/R4_ALT_CEM_2/R6_reacher_0abbe32b49558f890c57967a/REFIT_103203/PRED_PAST/result.json,0ac4d820745bf7b457ed2f066827c06f1be54b9dc765081c911bd401e889b160
R6_reacher_040a17920fc86c8a79997322,REFIT_103203,R4_ALT_CEM_1,PRED_PAST,1,2,1,1,1,6.025268077850342,6.432065010070801,/workspace/r8_fix/f2/FORMAL/R4_ALT_CEM_2/R6_reacher_0abbe32b49558f890c57967a/REFIT_103203/PRED_PAST/result.json,0ac4d820745bf7b457ed2f066827c06f1be54b9dc765081c911bd401e889b160
R6_reacher_040d72a154c2687da092ebc8,H0,R4_ALT_CEM_1,PRED_PAST,1,2,1,1,1,6.048158168792725,5.855494022369385,/workspace/r8_fix/f2/FORMAL/R4_ALT_CEM_2/R6_reacher_0abbe32b49558f890c57967a/REFIT_103203/PRED_PAST/result.json,0ac4d820745bf7b457ed2f066827c06f1be54b9dc765081c911bd401e889b160
R6_reacher_040d72a154c2687da092ebc8,REFIT_103201,R4_ALT_CEM_1,PRED_PAST,0,2,1,1,1,5.944666862487793,5.741929531097412,/workspace/r8_fix/f2/FORMAL/R4_ALT_CEM_2/R6_reacher_0abbe32b49558f890c57967a/REFIT_103203/PRED_PAST/result.json,0ac4d820745bf7b457ed2f066827c06f1be54b9dc765081c911bd401e889b160
R6_reacher_040d72a154c2687da092ebc8,REFIT_103202,R4_ALT_CEM_1,PRED_PAST,1,2,1,1,1,5.95249080657959,5.664624214172363,/workspace/r8_fix/f2/FORMAL/R4_ALT_CEM_2/R6_reacher_0abbe32b49558f890c57967a/REFIT_103203/PRED_PAST/result.json,0ac4d820745bf7b457ed2f066827c06f1be54b9dc765081c911bd401e889b160
R6_reacher_040d72a154c2687da092ebc8,REFIT_103203,R4_ALT_CEM_1,PRED_PAST,1,2,1,1,1,6.406139373779297,6.199307441711426,/workspace/r8_fix/f2/FORMAL/R4_ALT_CEM_2/R6_reacher_0abbe32b49558f890c57967a/REFIT_103203/PRED_PAST/result.json,0ac4d820745bf7b457ed2f066827c06f1be54b9dc765081c911bd401e889b160
R6_reacher_0415eab85414f31fa3d57a99,H0,R4_ALT_CEM_1,PRED_PAST,1,1,0,0,,,,/workspace/r8_fix/f2/FORMAL/R4_ALT_CEM_2/R6_reacher_0abbe32b49558f890c57967a/REFIT_103203/PRED_PAST/result.json,0ac4d820745bf7b457ed2f066827c06f1be54b9dc765081c911bd401e889b160
R6_reacher_0415eab85414f31fa3d57a99,REFIT_103201,R4_ALT_CEM_1,PRED_PAST,1,1,0,0,,,,/workspace/r8_fix/f2/FORMAL/R4_ALT_CEM_2/R6_reacher_0abbe32b49558f890c57967a/REFIT_103203/PRED_PAST/result.json,0ac4d820745bf7b457ed2f066827c06f1be54b9dc765081c911bd401e889b160
R6_reacher_0415eab85414f31fa3d57a99,REFIT_103202,R4_ALT_CEM_1,PRED_PAST,1,1,0,0,,,,/workspace/r8_fix/f2/FORMAL/R4_ALT_CEM_2/R6_reacher_0abbe32b49558f890c57967a/REFIT_103203/PRED_PAST/result.json,0ac4d820745bf7b457ed2f066827c06f1be54b9dc765081c911bd401e889b160
R6_reacher_0415eab85414f31fa3d57a99,REFIT_103203,R4_ALT_CEM_1,PRED_PAST,1,1,0,0,,,,/workspace/r8_fix/f2/FORMAL/R4_ALT_CEM_2/R6_reacher_0abbe32b49558f890c57967a/REFIT_103203/PRED_PAST/result.json,0ac4d820745bf7b457ed2f066827c06f1be54b9dc765081c911bd401e889b160
R6_reacher_042b78b7f94ed6c85b84ad7b,H0,R4_ALT_CEM_1,PRED_PAST,1,2,1,1,1,3.9953761100769043,4.321219444274902,/workspace/r8_fix/f2/FORMAL/R4_ALT_CEM_2/R6_reacher_0abbe32b49558f890c57967a/REFIT_103203/PRED_PAST/result.json,0ac4d820745bf7b457ed2f066827c06f1be54b9dc765081c911bd401e889b160
R6_reacher_042b78b7f94ed6c85b84ad7b,REFIT_103201,R4_ALT_CEM_1,PRED_PAST,1,2,1,1,1,3.47945499420166,3.5317840576171875,/workspace/r8_fix/f2/FORMAL/R4_ALT_CEM_2/R6_reacher_0abbe32b49558f890c57967a/REFIT_103203/PRED_PAST/result.json,0ac4d820745bf7b457ed2f066827c06f1be54b9dc765081c911bd401e889b160
R6_reacher_042b78b7f94ed6c85b84ad7b,REFIT_103202,R4_ALT_CEM_1,PRED_PAST,1,2,1,1,1,3.5510261058807373,3.692286252975464,/workspace/r8_fix/f2/FORMAL/R4_ALT_CEM_2/R6_reacher_0abbe32b49558f890c57967a/REFIT_103203/PRED_PAST/result.json,0ac4d820745bf7b457ed2f066827c06f1be54b9dc765081c911bd401e889b160
R6_reacher_042b78b7f94ed6c85b84ad7b,REFIT_103203,R4_ALT_CEM_1,PRED_PAST,1,2,1,1,1,2.8080358505249023,2.6620724201202393,/workspace/r8_fix/f2/FORMAL/R4_ALT_CEM_2/R6_reacher_0abbe32b49558f890c57967a/REFIT_103203/PRED_PAST/result.json,0ac4d820745bf7b457ed2f066827c06f1be54b9dc765081c911bd401e889b160
R6_reacher_04323b4ed17bb5ed62619b74,H0,R4_ALT_CEM_1,PRED_PAST,1,1,0,0,,,,/workspace/r8_fix/f2/FORMAL/R4_ALT_CEM_2/R6_reacher_0abbe32b49558f890c57967a/REFIT_103203/PRED_PAST/result.json,0ac4d820745bf7b457ed2f066827c06f1be54b9dc765081c911bd401e889b160
R6_reacher_04323b4ed17bb5ed62619b74,REFIT_103201,R4_ALT_CEM_1,PRED_PAST,1,1,0,0,,,,/workspace/r8_fix/f2/FORMAL/R4_ALT_CEM_2/R6_reacher_0abbe32b49558f890c57967a/REFIT_103203/PRED_PAST/result.json,0ac4d820745bf7b457ed2f066827c06f1be54b9dc765081c911bd401e889b160
R6_reacher_04323b4ed17bb5ed62619b74,REFIT_103202,R4_ALT_CEM_1,PRED_PAST,1,1,0,0,,,,/workspace/r8_fix/f2/FORMAL/R4_ALT_CEM_2/R6_reacher_0abbe32b49558f890c57967a/REFIT_103203/PRED_PAST/result.json,0ac4d820745bf7b457ed2f066827c06f1be54b9dc765081c911bd401e889b160
R6_reacher_04323b4ed17bb5ed62619b74,REFIT_103203,R4_ALT_CEM_1,PRED_PAST,1,1,0,0,,,,/workspace/r8_fix/f2/FORMAL/R4_ALT_CEM_2/R6_reacher_0abbe32b49558f890c57967a/REFIT_103203/PRED_PAST/result.json,0ac4d820745bf7b457ed2f066827c06f1be54b9dc765081c911bd401e889b160
R6_reacher_0452de7446bee2d31c1997b9,H0,R4_ALT_CEM_1,PRED_PAST,1,1,0,0,,,,/workspace/r8_fix/f2/FORMAL/R4_ALT_CEM_2/R6_reacher_0abbe32b49558f890c57967a/REFIT_103203/PRED_PAST/result.json,0ac4d820745bf7b457ed2f066827c06f1be54b9dc765081c911bd401e889b160
R6_reacher_0452de7446bee2d31c1997b9,REFIT_103201,R4_ALT_CEM_1,PRED_PAST,1,1,0,0,,,,/workspace/r8_fix/f2/FORMAL/R4_ALT_CEM_2/R6_reacher_0abbe32b49558f890c57967a/REFIT_103203/PRED_PAST/result.json,0ac4d820745bf7b457ed2f066827c06f1be54b9dc765081c911bd401e889b160
R6_reacher_0452de7446bee2d31c1997b9,REFIT_103202,R4_ALT_CEM_1,PRED_PAST,1,2,1,1,1,1.9873512983322144,1.9377108812332153,/workspace/r8_fix/f2/FORMAL/R4_ALT_CEM_2/R6_reacher_0abbe32b49558f890c57967a/REFIT_103203/PRED_PAST/result.json,0ac4d820745bf7b457ed2f066827c06f1be54b9dc765081c911bd401e889b160
R6_reacher_0452de7446bee2d31c1997b9,REFIT_103203,R4_ALT_CEM_1,PRED_PAST,1,1,0,0,,,,/workspace/r8_fix/f2/FORMAL/R4_ALT_CEM_2/R6_reacher_0abbe32b49558f890c57967a/REFIT_103203/PRED_PAST/result.json,0ac4d820745bf7b457ed2f066827c06f1be54b9dc765081c911bd401e889b160
R6_reacher_04683ac84fb7627e60eba9af,H0,R4_ALT_CEM_1,PRED_PAST,1,1,0,0,,,,/workspace/r8_fix/f2/FORMAL/R4_ALT_CEM_2/R6_reacher_0abbe32b49558f890c57967a/REFIT_103203/PRED_PAST/result.json,0ac4d820745bf7b457ed2f066827c06f1be54b9dc765081c911bd401e889b160
R6_reacher_04683ac84fb7627e60eba9af,REFIT_103201,R4_ALT_CEM_1,PRED_PAST,1,1,0,0,,,,/workspace/r8_fix/f2/FORMAL/R4_ALT_CEM_2/R6_reacher_0abbe32b49558f890c57967a/REFIT_103203/PRED_PAST/result.json,0ac4d820745bf7b457ed2f066827c06f1be54b9dc765081c911bd401e889b160
R6_reacher_04683ac84fb7627e60eba9af,REFIT_103202,R4_ALT_CEM_1,PRED_PAST,1,1,0,0,,,,/workspace/r8_fix/f2/FORMAL/R4_ALT_CEM_2/R6_reacher_0abbe32b49558f890c57967a/REFIT_103203/PRED_PAST/result.json,0ac4d820745bf7b457ed2f066827c06f1be54b9dc765081c911bd401e889b160
R6_reacher_04683ac84fb7627e60eba9af,REFIT_103203,R4_ALT_CEM_1,PRED_PAST,1,1,0,0,,,,/workspace/r8_fix/f2/FORMAL/R4_ALT_CEM_2/R6_reacher_0abbe32b49558f890c57967a/REFIT_103203/PRED_PAST/result.json,0ac4d820745bf7b457ed2f066827c06f1be54b9dc765081c911bd401e889b160
R6_reacher_04689ec072dab02039d86a47,H0,R4_ALT_CEM_1,PRED_PAST,1,2,1,1,1,4.154012203216553,4.671224594116211,/workspace/r8_fix/f2/FORMAL/R4_ALT_CEM_2/R6_reacher_0abbe32b49558f890c57967a/REFIT_103203/PRED_PAST/result.json,0ac4d820745bf7b457ed2f066827c06f1be54b9dc765081c911bd401e889b160
R6_reacher_04689ec072dab02039d86a47,REFIT_103201,R4_ALT_CEM_1,PRED_PAST,1,2,1,1,1,3.1224756240844727,3.1623594760894775,/workspace/r8_fix/f2/FORMAL/R4_ALT_CEM_2/R6_reacher_0abbe32b49558f890c57967a/REFIT_103203/PRED_PAST/result.json,0ac4d820745bf7b457ed2f066827c06f1be54b9dc765081c911bd401e889b160
R6_reacher_04689ec072dab02039d86a47,REFIT_103202,R4_ALT_CEM_1,PRED_PAST,1,2,1,1,1,3.0165529251098633,2.7550950050354004,/workspace/r8_fix/f2/FORMAL/R4_ALT_CEM_2/R6_reacher_0abbe32b49558f890c57967a/REFIT_103203/PRED_PAST/result.json,0ac4d820745bf7b457ed2f066827c06f1be54b9dc765081c911bd401e889b160
R6_reacher_04689ec072dab02039d86a47,REFIT_103203,R4_ALT_CEM_1,PRED_PAST,1,2,1,1,1,3.6622936725616455,3.9104092121124268,/workspace/r8_fix/f2/FORMAL/R4_ALT_CEM_2/R6_reacher_0abbe32b49558f890c57967a/REFIT_103203/PRED_PAST/result.json,0ac4d820745bf7b457ed2f066827c06f1be54b9dc765081c911bd401e889b160
R6_reacher_046be47cf7ed9869cb27531c,H0,R4_ALT_CEM_1,PRED_PAST,1,2,1,1,1,5.595365524291992,6.24716329574585,/workspace/r8_fix/f2/FORMAL/R4_ALT_CEM_2/R6_reacher_0abbe32b49558f890c57967a/REFIT_103203/PRED_PAST/result.json,0ac4d820745bf7b457ed2f066827c06f1be54b9dc765081c911bd401e889b160
R6_reacher_046be47cf7ed9869cb27531c,REFIT_103201,R4_ALT_CEM_1,PRED_PAST,1,2,1,1,1,5.148500919342041,5.046372413635254,/workspace/r8_fix/f2/FORMAL/R4_ALT_CEM_2/R6_reacher_0abbe32b49558f890c57967a/REFIT_103203/PRED_PAST/result.json,0ac4d820745bf7b457ed2f066827c06f1be54b9dc765081c911bd401e889b160
R6_reacher_046be47cf7ed9869cb27531c,REFIT_103202,R4_ALT_CEM_1,PRED_PAST,1,2,1,1,1,5.094210624694824,5.06345272064209,/workspace/r8_fix/f2/FORMAL/R4_ALT_CEM_2/R6_reacher_0abbe32b49558f890c57967a/REFIT_103203/PRED_PAST/result.json,0ac4d820745bf7b457ed2f066827c06f1be54b9dc765081c911bd401e889b160
R6_reacher_046be47cf7ed9869cb27531c,REFIT_103203,R4_ALT_CEM_1,PRED_PAST,1,2,1,1,1,5.216701984405518,5.177178859710693,/workspace/r8_fix/f2/FORMAL/R4_ALT_CEM_2/R6_reacher_0abbe32b49558f890c57967a/REFIT_103203/PRED_PAST/result.json,0ac4d820745bf7b457ed2f066827c06f1be54b9dc765081c911bd401e889b160
R6_reacher_048302dc4ec9c121421618eb,H0,R4_ALT_CEM_1,PRED_PAST,1,2,1,1,1,4.733445167541504,4.637562274932861,/workspace/r8_fix/f2/FORMAL/R4_ALT_CEM_2/R6_reacher_0abbe32b49558f890c57967a/REFIT_103203/PRED_PAST/result.json,0ac4d820745bf7b457ed2f066827c06f1be54b9dc765081c911bd401e889b160
R6_reacher_048302dc4ec9c121421618eb,REFIT_103201,R4_ALT_CEM_1,PRED_PAST,1,1,0,0,,,,/workspace/r8_fix/f2/FORMAL/R4_ALT_CEM_2/R6_reacher_0abbe32b49558f890c57967a/REFIT_103203/PRED_PAST/result.json,0ac4d820745bf7b457ed2f066827c06f1be54b9dc765081c911bd401e889b160
R6_reacher_048302dc4ec9c121421618eb,REFIT_103202,R4_ALT_CEM_1,PRED_PAST,1,2,1,1,1,4.949885845184326,5.11332368850708,/workspace/r8_fix/f2/FORMAL/R4_ALT_CEM_2/R6_reacher_0abbe32b49558f890c57967a/REFIT_103203/PRED_PAST/result.json,0ac4d820745bf7b457ed2f066827c06f1be54b9dc765081c911bd401e889b160
R6_reacher_048302dc4ec9c121421618eb,REFIT_103203,R4_ALT_CEM_1,PRED_PAST,1,2,1,1,1,4.928164958953857,5.0820088386535645,/workspace/r8_fix/f2/FORMAL/R4_ALT_CEM_2/R6_reacher_0abbe32b49558f890c57967a/REFIT_103203/PRED_PAST/result.json,0ac4d820745bf7b457ed2f066827c06f1be54b9dc765081c911bd401e889b160
R6_reacher_048aa37b1e1d985113bcef99,H0,R4_ALT_CEM_1,PRED_PAST,1,2,1,1,1,7.021704196929932,7.586234092712402,/workspace/r8_fix/f2/FORMAL/R4_ALT_CEM_2/R6_reacher_0abbe32b49558f890c57967a/REFIT_103203/PRED_PAST/result.json,0ac4d820745bf7b457ed2f066827c06f1be54b9dc765081c911bd401e889b160
R6_reacher_048aa37b1e1d985113bcef99,REFIT_103201,R4_ALT_CEM_1,PRED_PAST,1,2,1,1,1,6.126855373382568,5.896042823791504,/workspace/r8_fix/f2/FORMAL/R4_ALT_CEM_2/R6_reacher_0abbe32b49558f890c57967a/REFIT_103203/PRED_PAST/result.json,0ac4d820745bf7b457ed2f066827c06f1be54b9dc765081c911bd401e889b160
R6_reacher_048aa37b1e1d985113bcef99,REFIT_103202,R4_ALT_CEM_1,PRED_PAST,1,1,0,0,,,,/workspace/r8_fix/f2/FORMAL/R4_ALT_CEM_2/R6_reacher_0abbe32b49558f890c57967a/REFIT_103203/PRED_PAST/result.json,0ac4d820745bf7b457ed2f066827c06f1be54b9dc765081c911bd401e889b160
R6_reacher_048aa37b1e1d985113bcef99,REFIT_103203,R4_ALT_CEM_1,PRED_PAST,1,1,0,0,,,,/workspace/r8_fix/f2/FORMAL/R4_ALT_CEM_2/R6_reacher_0abbe32b49558f890c57967a/REFIT_103203/PRED_PAST/result.json,0ac4d820745bf7b457ed2f066827c06f1be54b9dc765081c911bd401e889b160
R6_reacher_04bca313072e5fd5c88146b6,H0,R4_ALT_CEM_1,PRED_PAST,1,1,0,0,,,,/workspace/r8_fix/f2/FORMAL/R4_ALT_CEM_2/R6_reacher_0abbe32b49558f890c57967a/REFIT_103203/PRED_PAST/result.json,0ac4d820745bf7b457ed2f066827c06f1be54b9dc765081c911bd401e889b160
R6_reacher_04bca313072e5fd5c88146b6,REFIT_103201,R4_ALT_CEM_1,PRED_PAST,1,1,0,0,,,,/workspace/r8_fix/f2/FORMAL/R4_ALT_CEM_2/R6_reacher_0abbe32b49558f890c57967a/REFIT_103203/PRED_PAST/result.json,0ac4d820745bf7b457ed2f066827c06f1be54b9dc765081c911bd401e889b160
R6_reacher_04bca313072e5fd5c88146b6,REFIT_103202,R4_ALT_CEM_1,PRED_PAST,1,1,0,0,,,,/workspace/r8_fix/f2/FORMAL/R4_ALT_CEM_2/R6_reacher_0abbe32b49558f890c57967a/REFIT_103203/PRED_PAST/result.json,0ac4d820745bf7b457ed2f066827c06f1be54b9dc765081c911bd401e889b160
R6_reacher_04bca313072e5fd5c88146b6,REFIT_103203,R4_ALT_CEM_1,PRED_PAST,1,1,0,0,,,,/workspace/r8_fix/f2/FORMAL/R4_ALT_CEM_2/R6_reacher_0abbe32b49558f890c57967a/REFIT_103203/PRED_PAST/result.json,0ac4d820745bf7b457ed2f066827c06f1be54b9dc765081c911bd401e889b160
R6_reacher_04d10f6b3e3067ae5a06d677,H0,R4_ALT_CEM_1,PRED_PAST,1,1,0,0,,,,/workspace/r8_fix/f2/FORMAL/R4_ALT_CEM_2/R6_reacher_0abbe32b49558f890c57967a/REFIT_103203/PRED_PAST/result.json,0ac4d820745bf7b457ed2f066827c06f1be54b9dc765081c911bd401e889b160
R6_reacher_04d10f6b3e3067ae5a06d677,REFIT_103201,R4_ALT_CEM_1,PRED_PAST,1,1,0,0,,,,/workspace/r8_fix/f2/FORMAL/R4_ALT_CEM_2/R6_reacher_0abbe32b49558f890c57967a/REFIT_103203/PRED_PAST/result.json,0ac4d820745bf7b457ed2f066827c06f1be54b9dc765081c911bd401e889b160
R6_reacher_04d10f6b3e3067ae5a06d677,REFIT_103202,R4_ALT_CEM_1,PRED_PAST,1,1,0,0,,,,/workspace/r8_fix/f2/FORMAL/R4_ALT_CEM_2/R6_reacher_0abbe32b49558f890c57967a/REFIT_103203/PRED_PAST/result.json,0ac4d820745bf7b457ed2f066827c06f1be54b9dc765081c911bd401e889b160
R6_reacher_04d10f6b3e3067ae5a06d677,REFIT_103203,R4_ALT_CEM_1,PRED_PAST,1,2,1,1,1,3.102992057800293,2.7807323932647705,/workspace/r8_fix/f2/FORMAL/R4_ALT_CEM_2/R6_reacher_0abbe32b49558f890c57967a/REFIT_103203/PRED_PAST/result.json,0ac4d820745bf7b457ed2f066827c06f1be54b9dc765081c911bd401e889b160
R6_reacher_05227f26cb88c6f6d6a24c57,H0,R4_ALT_CEM_1,PRED_PAST,1,1,0,0,,,,/workspace/r8_fix/f2/FORMAL/R4_ALT_CEM_2/R6_reacher_0abbe32b49558f890c57967a/REFIT_103203/PRED_PAST/result.json,0ac4d820745bf7b457ed2f066827c06f1be54b9dc765081c911bd401e889b160
R6_reacher_05227f26cb88c6f6d6a24c57,REFIT_103201,R4_ALT_CEM_1,PRED_PAST,1,1,0,0,,,,/workspace/r8_fix/f2/FORMAL/R4_ALT_CEM_2/R6_reacher_0abbe32b49558f890c57967a/REFIT_103203/PRED_PAST/result.json,0ac4d820745bf7b457ed2f066827c06f1be54b9dc765081c911bd401e889b160
R6_reacher_05227f26cb88c6f6d6a24c57,REFIT_103202,R4_ALT_CEM_1,PRED_PAST,1,1,0,0,,,,/workspace/r8_fix/f2/FORMAL/R4_ALT_CEM_2/R6_reacher_0abbe32b49558f890c57967a/REFIT_103203/PRED_PAST/result.json,0ac4d820745bf7b457ed2f066827c06f1be54b9dc765081c911bd401e889b160
R6_reacher_05227f26cb88c6f6d6a24c57,REFIT_103203,R4_ALT_CEM_1,PRED_PAST,1,1,0,0,,,,/workspace/r8_fix/f2/FORMAL/R4_ALT_CEM_2/R6_reacher_0abbe32b49558f890c57967a/REFIT_103203/PRED_PAST/result.json,0ac4d820745bf7b457ed2f066827c06f1be54b9dc765081c911bd401e889b160
R6_reacher_05609e0e97d87b35452f8ae7,H0,R4_ALT_CEM_1,PRED_PAST,1,2,1,1,1,2.7510011196136475,2.7827160358428955,/workspace/r8_fix/f2/FORMAL/R4_ALT_CEM_2/R6_reacher_0abbe32b49558f890c57967a/REFIT_103203/PRED_PAST/result.json,0ac4d820745bf7b457ed2f066827c06f1be54b9dc765081c911bd401e889b160
R6_reacher_05609e0e97d87b35452f8ae7,REFIT_103201,R4_ALT_CEM_1,PRED_PAST,1,1,0,0,,,,/workspace/r8_fix/f2/FORMAL/R4_ALT_CEM_2/R6_reacher_0abbe32b49558f890c57967a/REFIT_103203/PRED_PAST/result.json,0ac4d820745bf7b457ed2f066827c06f1be54b9dc765081c911bd401e889b160
R6_reacher_05609e0e97d87b35452f8ae7,REFIT_103202,R4_ALT_CEM_1,PRED_PAST,1,1,0,0,,,,/workspace/r8_fix/f2/FORMAL/R4_ALT_CEM_2/R6_reacher_0abbe32b49558f890c57967a/REFIT_103203/PRED_PAST/result.json,0ac4d820745bf7b457ed2f066827c06f1be54b9dc765081c911bd401e889b160
R6_reacher_05609e0e97d87b35452f8ae7,REFIT_103203,R4_ALT_CEM_1,PRED_PAST,1,1,0,0,,,,/workspace/r8_fix/f2/FORMAL/R4_ALT_CEM_2/R6_reacher_0abbe32b49558f890c57967a/REFIT_103203/PRED_PAST/result.json,0ac4d820745bf7b457ed2f066827c06f1be54b9dc765081c911bd401e889b160
R6_reacher_05673647385df937e0c2da8e,H0,R4_ALT_CEM_1,PRED_PAST,1,1,0,0,,,,/workspace/r8_fix/f2/FORMAL/R4_ALT_CEM_2/R6_reacher_0abbe32b49558f890c57967a/REFIT_103203/PRED_PAST/result.json,0ac4d820745bf7b457ed2f066827c06f1be54b9dc765081c911bd401e889b160
R6_reacher_05673647385df937e0c2da8e,REFIT_103201,R4_ALT_CEM_1,PRED_PAST,1,1,0,0,,,,/workspace/r8_fix/f2/FORMAL/R4_ALT_CEM_2/R6_reacher_0abbe32b49558f890c57967a/REFIT_103203/PRED_PAST/result.json,0ac4d820745bf7b457ed2f066827c06f1be54b9dc765081c911bd401e889b160
R6_reacher_05673647385df937e0c2da8e,REFIT_103202,R4_ALT_CEM_1,PRED_PAST,1,1,0,0,,,,/workspace/r8_fix/f2/FORMAL/R4_ALT_CEM_2/R6_reacher_0abbe32b49558f890c57967a/REFIT_103203/PRED_PAST/result.json,0ac4d820745bf7b457ed2f066827c06f1be54b9dc765081c911bd401e889b160
R6_reacher_05673647385df937e0c2da8e,REFIT_103203,R4_ALT_CEM_1,PRED_PAST,1,2,1,1,1,3.4916069507598877,3.940951347351074,/workspace/r8_fix/f2/FORMAL/R4_ALT_CEM_2/R6_reacher_0abbe32b49558f890c57967a/REFIT_103203/PRED_PAST/result.json,0ac4d820745bf7b457ed2f066827c06f1be54b9dc765081c911bd401e889b160
R6_reacher_0572fff5c1f8d2522d9fef3e,H0,R4_ALT_CEM_1,PRED_PAST,1,1,0,0,,,,/workspace/r8_fix/f2/FORMAL/R4_ALT_CEM_2/R6_reacher_0abbe32b49558f890c57967a/REFIT_103203/PRED_PAST/result.json,0ac4d820745bf7b457ed2f066827c06f1be54b9dc765081c911bd401e889b160
R6_reacher_0572fff5c1f8d2522d9fef3e,REFIT_103201,R4_ALT_CEM_1,PRED_PAST,1,1,0,0,,,,/workspace/r8_fix/f2/FORMAL/R4_ALT_CEM_2/R6_reacher_0abbe32b49558f890c57967a/REFIT_103203/PRED_PAST/result.json,0ac4d820745bf7b457ed2f066827c06f1be54b9dc765081c911bd401e889b160
R6_reacher_0572fff5c1f8d2522d9fef3e,REFIT_103202,R4_ALT_CEM_1,PRED_PAST,1,1,0,0,,,,/workspace/r8_fix/f2/FORMAL/R4_ALT_CEM_2/R6_reacher_0abbe32b49558f890c57967a/REFIT_103203/PRED_PAST/result.json,0ac4d820745bf7b457ed2f066827c06f1be54b9dc765081c911bd401e889b160
R6_reacher_0572fff5c1f8d2522d9fef3e,REFIT_103203,R4_ALT_CEM_1,PRED_PAST,1,1,0,0,,,,/workspace/r8_fix/f2/FORMAL/R4_ALT_CEM_2/R6_reacher_0abbe32b49558f890c57967a/REFIT_103203/PRED_PAST/result.json,0ac4d820745bf7b457ed2f066827c06f1be54b9dc765081c911bd401e889b160
R6_reacher_058fbdf2d7805234d86b62e9,H0,R4_ALT_CEM_1,PRED_PAST,1,2,1,1,1,6.6163859367370605,6.697144031524658,/workspace/r8_fix/f2/FORMAL/R4_ALT_CEM_2/R6_reacher_0abbe32b49558f890c57967a/REFIT_103203/PRED_PAST/result.json,0ac4d820745bf7b457ed2f066827c06f1be54b9dc765081c911bd401e889b160
R6_reacher_058fbdf2d7805234d86b62e9,REFIT_103201,R4_ALT_CEM_1,PRED_PAST,1,2,1,1,1,5.073783874511719,5.439387321472168,/workspace/r8_fix/f2/FORMAL/R4_ALT_CEM_2/R6_reacher_0abbe32b49558f890c57967a/REFIT_103203/PRED_PAST/result.json,0ac4d820745bf7b457ed2f066827c06f1be54b9dc765081c911bd401e889b160
R6_reacher_058fbdf2d7805234d86b62e9,REFIT_103202,R4_ALT_CEM_1,PRED_PAST,1,2,1,1,1,4.9121880531311035,5.187839031219482,/workspace/r8_fix/f2/FORMAL/R4_ALT_CEM_2/R6_reacher_0abbe32b49558f890c57967a/REFIT_103203/PRED_PAST/result.json,0ac4d820745bf7b457ed2f066827c06f1be54b9dc765081c911bd401e889b160
R6_reacher_058fbdf2d7805234d86b62e9,REFIT_103203,R4_ALT_CEM_1,PRED_PAST,1,2,1,1,1,4.953074932098389,5.165807247161865,/workspace/r8_fix/f2/FORMAL/R4_ALT_CEM_2/R6_reacher_0abbe32b49558f890c57967a/REFIT_103203/PRED_PAST/result.json,0ac4d820745bf7b457ed2f066827c06f1be54b9dc765081c911bd401e889b160
R6_reacher_05b7debf402e51340c75b891,H0,R4_ALT_CEM_1,PRED_PAST,1,2,1,1,1,6.556317329406738,7.0787272453308105,/workspace/r8_fix/f2/FORMAL/R4_ALT_CEM_2/R6_reacher_0abbe32b49558f890c57967a/REFIT_103203/PRED_PAST/result.json,0ac4d820745bf7b457ed2f066827c06f1be54b9dc765081c911bd401e889b160
R6_reacher_05b7debf402e51340c75b891,REFIT_103201,R4_ALT_CEM_1,PRED_PAST,1,2,1,1,1,6.6261515617370605,6.739731311798096,/workspace/r8_fix/f2/FORMAL/R4_ALT_CEM_2/R6_reacher_0abbe32b49558f890c57967a/REFIT_103203/PRED_PAST/result.json,0ac4d820745bf7b457ed2f066827c06f1be54b9dc765081c911bd401e889b160
R6_reacher_05b7debf402e51340c75b891,REFIT_103202,R4_ALT_CEM_1,PRED_PAST,1,2,1,1,1,7.069819450378418,7.22222375869751,/workspace/r8_fix/f2/FORMAL/R4_ALT_CEM_2/R6_reacher_0abbe32b49558f890c57967a/REFIT_103203/PRED_PAST/result.json,0ac4d820745bf7b457ed2f066827c06f1be54b9dc765081c911bd401e889b160
R6_reacher_05b7debf402e51340c75b891,REFIT_103203,R4_ALT_CEM_1,PRED_PAST,1,2,1,1,1,6.771823406219482,7.225739002227783,/workspace/r8_fix/f2/FORMAL/R4_ALT_CEM_2/R6_reacher_0abbe32b49558f890c57967a/REFIT_103203/PRED_PAST/result.json,0ac4d820745bf7b457ed2f066827c06f1be54b9dc765081c911bd401e889b160
R6_reacher_05d9adfbb7fea330209f9d6e,H0,R4_ALT_CEM_1,PRED_PAST,1,2,1,1,1,6.031625270843506,5.870887279510498,/workspace/r8_fix/f2/FORMAL/R4_ALT_CEM_2/R6_reacher_0abbe32b49558f890c57967a/REFIT_103203/PRED_PAST/result.json,0ac4d820745bf7b457ed2f066827c06f1be54b9dc765081c911bd401e889b160
R6_reacher_05d9adfbb7fea330209f9d6e,REFIT_103201,R4_ALT_CEM_1,PRED_PAST,1,2,1,1,1,5.815141201019287,5.912441253662109,/workspace/r8_fix/f2/FORMAL/R4_ALT_CEM_2/R6_reacher_0abbe32b49558f890c57967a/REFIT_103203/PRED_PAST/result.json,0ac4d820745bf7b457ed2f066827c06f1be54b9dc765081c911bd401e889b160
R6_reacher_05d9adfbb7fea330209f9d6e,REFIT_103202,R4_ALT_CEM_1,PRED_PAST,1,1,0,0,,,,/workspace/r8_fix/f2/FORMAL/R4_ALT_CEM_2/R6_reacher_0abbe32b49558f890c57967a/REFIT_103203/PRED_PAST/result.json,0ac4d820745bf7b457ed2f066827c06f1be54b9dc765081c911bd401e889b160
R6_reacher_05d9adfbb7fea330209f9d6e,REFIT_103203,R4_ALT_CEM_1,PRED_PAST,1,2,1,1,1,6.010893821716309,6.161351680755615,/workspace/r8_fix/f2/FORMAL/R4_ALT_CEM_2/R6_reacher_0abbe32b49558f890c57967a/REFIT_103203/PRED_PAST/result.json,0ac4d820745bf7b457ed2f066827c06f1be54b9dc765081c911bd401e889b160
R6_reacher_0604aded9586b94217e9ae71,H0,R4_ALT_CEM_1,PRED_PAST,1,2,1,1,1,5.094584941864014,5.526882648468018,/workspace/r8_fix/f2/FORMAL/R4_ALT_CEM_2/R6_reacher_0abbe32b49558f890c57967a/REFIT_103203/PRED_PAST/result.json,0ac4d820745bf7b457ed2f066827c06f1be54b9dc765081c911bd401e889b160
R6_reacher_0604aded9586b94217e9ae71,REFIT_103201,R4_ALT_CEM_1,PRED_PAST,1,2,1,1,1,5.811873435974121,5.878950595855713,/workspace/r8_fix/f2/FORMAL/R4_ALT_CEM_2/R6_reacher_0abbe32b49558f890c57967a/REFIT_103203/PRED_PAST/result.json,0ac4d820745bf7b457ed2f066827c06f1be54b9dc765081c911bd401e889b160
R6_reacher_0604aded9586b94217e9ae71,REFIT_103202,R4_ALT_CEM_1,PRED_PAST,1,2,1,1,1,5.355844974517822,5.3931989669799805,/workspace/r8_fix/f2/FORMAL/R4_ALT_CEM_2/R6_reacher_0abbe32b49558f890c57967a/REFIT_103203/PRED_PAST/result.json,0ac4d820745bf7b457ed2f066827c06f1be54b9dc765081c911bd401e889b160
R6_reacher_0604aded9586b94217e9ae71,REFIT_103203,R4_ALT_CEM_1,PRED_PAST,1,2,1,1,1,5.180761814117432,5.130239963531494,/workspace/r8_fix/f2/FORMAL/R4_ALT_CEM_2/R6_reacher_0abbe32b49558f890c57967a/REFIT_103203/PRED_PAST/result.json,0ac4d820745bf7b457ed2f066827c06f1be54b9dc765081c911bd401e889b160
R6_reacher_06104c870ec34e14878b4947,H0,R4_ALT_CEM_1,PRED_PAST,1,2,1,1,1,7.108897686004639,6.640982151031494,/workspace/r8_fix/f2/FORMAL/R4_ALT_CEM_2/R6_reacher_0abbe32b49558f890c57967a/REFIT_103203/PRED_PAST/result.json,0ac4d820745bf7b457ed2f066827c06f1be54b9dc765081c911bd401e889b160
R6_reacher_06104c870ec34e14878b4947,REFIT_103201,R4_ALT_CEM_1,PRED_PAST,1,2,1,1,1,6.646358489990234,6.622344017028809,/workspace/r8_fix/f2/FORMAL/R4_ALT_CEM_2/R6_reacher_0abbe32b49558f890c57967a/REFIT_103203/PRED_PAST/result.json,0ac4d820745bf7b457ed2f066827c06f1be54b9dc765081c911bd401e889b160
R6_reacher_06104c870ec34e14878b4947,REFIT_103202,R4_ALT_CEM_1,PRED_PAST,1,2,1,1,1,7.454525947570801,7.454165935516357,/workspace/r8_fix/f2/FORMAL/R4_ALT_CEM_2/R6_reacher_0abbe32b49558f890c57967a/REFIT_103203/PRED_PAST/result.json,0ac4d820745bf7b457ed2f066827c06f1be54b9dc765081c911bd401e889b160
R6_reacher_06104c870ec34e14878b4947,REFIT_103203,R4_ALT_CEM_1,PRED_PAST,1,2,1,1,1,7.158880710601807,7.26676607131958,/workspace/r8_fix/f2/FORMAL/R4_ALT_CEM_2/R6_reacher_0abbe32b49558f890c57967a/REFIT_103203/PRED_PAST/result.json,0ac4d820745bf7b457ed2f066827c06f1be54b9dc765081c911bd401e889b160
R6_reacher_0642735d2daa02558c1d8737,H0,R4_ALT_CEM_1,PRED_PAST,0,2,1,1,1,5.050453186035156,5.485629081726074,/workspace/r8_fix/f2/FORMAL/R4_ALT_CEM_2/R6_reacher_0abbe32b49558f890c57967a/REFIT_103203/PRED_PAST/result.json,0ac4d820745bf7b457ed2f066827c06f1be54b9dc765081c911bd401e889b160
R6_reacher_0642735d2daa02558c1d8737,REFIT_103201,R4_ALT_CEM_1,PRED_PAST,1,2,1,1,1,4.0805864334106445,4.1353302001953125,/workspace/r8_fix/f2/FORMAL/R4_ALT_CEM_2/R6_reacher_0abbe32b49558f890c57967a/REFIT_103203/PRED_PAST/result.json,0ac4d820745bf7b457ed2f066827c06f1be54b9dc765081c911bd401e889b160
R6_reacher_0642735d2daa02558c1d8737,REFIT_103202,R4_ALT_CEM_1,PRED_PAST,1,1,0,0,,,,/workspace/r8_fix/f2/FORMAL/R4_ALT_CEM_2/R6_reacher_0abbe32b49558f890c57967a/REFIT_103203/PRED_PAST/result.json,0ac4d820745bf7b457ed2f066827c06f1be54b9dc765081c911bd401e889b160
R6_reacher_0642735d2daa02558c1d8737,REFIT_103203,R4_ALT_CEM_1,PRED_PAST,1,2,1,1,1,5.27234411239624,5.186401844024658,/workspace/r8_fix/f2/FORMAL/R4_ALT_CEM_2/R6_reacher_0abbe32b49558f890c57967a/REFIT_103203/PRED_PAST/result.json,0ac4d820745bf7b457ed2f066827c06f1be54b9dc765081c911bd401e889b160
R6_reacher_0685d60e12fdbdbe63e5d232,H0,R4_ALT_CEM_1,PRED_PAST,1,2,1,1,1,7.409195423126221,7.083115577697754,/workspace/r8_fix/f2/FORMAL/R4_ALT_CEM_2/R6_reacher_0abbe32b49558f890c57967a/REFIT_103203/PRED_PAST/result.json,0ac4d820745bf7b457ed2f066827c06f1be54b9dc765081c911bd401e889b160
R6_reacher_0685d60e12fdbdbe63e5d232,REFIT_103201,R4_ALT_CEM_1,PRED_PAST,1,2,1,1,1,8.054856300354004,7.903818607330322,/workspace/r8_fix/f2/FORMAL/R4_ALT_CEM_2/R6_reacher_0abbe32b49558f890c57967a/REFIT_103203/PRED_PAST/result.json,0ac4d820745bf7b457ed2f066827c06f1be54b9dc765081c911bd401e889b160
R6_reacher_0685d60e12fdbdbe63e5d232,REFIT_103202,R4_ALT_CEM_1,PRED_PAST,1,2,1,1,1,8.0988130569458,7.550109386444092,/workspace/r8_fix/f2/FORMAL/R4_ALT_CEM_2/R6_reacher_0abbe32b49558f890c57967a/REFIT_103203/PRED_PAST/result.json,0ac4d820745bf7b457ed2f066827c06f1be54b9dc765081c911bd401e889b160
R6_reacher_0685d60e12fdbdbe63e5d232,REFIT_103203,R4_ALT_CEM_1,PRED_PAST,1,2,1,1,1,8.20708179473877,7.919072151184082,/workspace/r8_fix/f2/FORMAL/R4_ALT_CEM_2/R6_reacher_0abbe32b49558f890c57967a/REFIT_103203/PRED_PAST/result.json,0ac4d820745bf7b457ed2f066827c06f1be54b9dc765081c911bd401e889b160
R6_reacher_069945d6d002522c9d5ef1d9,H0,R4_ALT_CEM_1,PRED_PAST,1,1,0,0,,,,/workspace/r8_fix/f2/FORMAL/R4_ALT_CEM_2/R6_reacher_0abbe32b49558f890c57967a/REFIT_103203/PRED_PAST/result.json,0ac4d820745bf7b457ed2f066827c06f1be54b9dc765081c911bd401e889b160
R6_reacher_069945d6d002522c9d5ef1d9,REFIT_103201,R4_ALT_CEM_1,PRED_PAST,1,1,0,0,,,,/workspace/r8_fix/f2/FORMAL/R4_ALT_CEM_2/R6_reacher_0abbe32b49558f890c57967a/REFIT_103203/PRED_PAST/result.json,0ac4d820745bf7b457ed2f066827c06f1be54b9dc765081c911bd401e889b160
R6_reacher_069945d6d002522c9d5ef1d9,REFIT_103202,R4_ALT_CEM_1,PRED_PAST,1,1,0,0,,,,/workspace/r8_fix/f2/FORMAL/R4_ALT_CEM_2/R6_reacher_0abbe32b49558f890c57967a/REFIT_103203/PRED_PAST/result.json,0ac4d820745bf7b457ed2f066827c06f1be54b9dc765081c911bd401e889b160
R6_reacher_069945d6d002522c9d5ef1d9,REFIT_103203,R4_ALT_CEM_1,PRED_PAST,1,1,0,0,,,,/workspace/r8_fix/f2/FORMAL/R4_ALT_CEM_2/R6_reacher_0abbe32b49558f890c57967a/REFIT_103203/PRED_PAST/result.json,0ac4d820745bf7b457ed2f066827c06f1be54b9dc765081c911bd401e889b160
R6_reacher_06cc3d0169c47775bf5c3654,H0,R4_ALT_CEM_1,PRED_PAST,1,2,1,1,1,8.436423301696777,8.207508087158203,/workspace/r8_fix/f2/FORMAL/R4_ALT_CEM_2/R6_reacher_0abbe32b49558f890c57967a/REFIT_103203/PRED_PAST/result.json,0ac4d820745bf7b457ed2f066827c06f1be54b9dc765081c911bd401e889b160
R6_reacher_06cc3d0169c47775bf5c3654,REFIT_103201,R4_ALT_CEM_1,PRED_PAST,1,2,1,1,1,9.256800651550293,9.390186309814453,/workspace/r8_fix/f2/FORMAL/R4_ALT_CEM_2/R6_reacher_0abbe32b49558f890c57967a/REFIT_103203/PRED_PAST/result.json,0ac4d820745bf7b457ed2f066827c06f1be54b9dc765081c911bd401e889b160
R6_reacher_06cc3d0169c47775bf5c3654,REFIT_103202,R4_ALT_CEM_1,PRED_PAST,1,2,1,1,1,9.418774604797363,9.36923599243164,/workspace/r8_fix/f2/FORMAL/R4_ALT_CEM_2/R6_reacher_0abbe32b49558f890c57967a/REFIT_103203/PRED_PAST/result.json,0ac4d820745bf7b457ed2f066827c06f1be54b9dc765081c911bd401e889b160
R6_reacher_06cc3d0169c47775bf5c3654,REFIT_103203,R4_ALT_CEM_1,PRED_PAST,1,2,1,1,1,8.90422248840332,8.928153991699219,/workspace/r8_fix/f2/FORMAL/R4_ALT_CEM_2/R6_reacher_0abbe32b49558f890c57967a/REFIT_103203/PRED_PAST/result.json,0ac4d820745bf7b457ed2f066827c06f1be54b9dc765081c911bd401e889b160
R6_reacher_06f31f0ed66595d668f795d6,H0,R4_ALT_CEM_1,PRED_PAST,1,1,0,0,,,,/workspace/r8_fix/f2/FORMAL/R4_ALT_CEM_2/R6_reacher_0abbe32b49558f890c57967a/REFIT_103203/PRED_PAST/result.json,0ac4d820745bf7b457ed2f066827c06f1be54b9dc765081c911bd401e889b160
R6_reacher_06f31f0ed66595d668f795d6,REFIT_103201,R4_ALT_CEM_1,PRED_PAST,1,2,1,1,1,4.398121356964111,4.623494625091553,/workspace/r8_fix/f2/FORMAL/R4_ALT_CEM_2/R6_reacher_0abbe32b49558f890c57967a/REFIT_103203/PRED_PAST/result.json,0ac4d820745bf7b457ed2f066827c06f1be54b9dc765081c911bd401e889b160
R6_reacher_06f31f0ed66595d668f795d6,REFIT_103202,R4_ALT_CEM_1,PRED_PAST,1,2,1,1,1,4.2615742683410645,4.477686882019043,/workspace/r8_fix/f2/FORMAL/R4_ALT_CEM_2/R6_reacher_0abbe32b49558f890c57967a/REFIT_103203/PRED_PAST/result.json,0ac4d820745bf7b457ed2f066827c06f1be54b9dc765081c911bd401e889b160
R6_reacher_06f31f0ed66595d668f795d6,REFIT_103203,R4_ALT_CEM_1,PRED_PAST,1,2,1,1,1,4.488277435302734,4.4594879150390625,/workspace/r8_fix/f2/FORMAL/R4_ALT_CEM_2/R6_reacher_0abbe32b49558f890c57967a/REFIT_103203/PRED_PAST/result.json,0ac4d820745bf7b457ed2f066827c06f1be54b9dc765081c911bd401e889b160
R6_reacher_070de37ab215162432f871dc,H0,R4_ALT_CEM_1,PRED_PAST,1,2,1,1,1,8.23396110534668,8.851180076599121,/workspace/r8_fix/f2/FORMAL/R4_ALT_CEM_2/R6_reacher_0abbe32b49558f890c57967a/REFIT_103203/PRED_PAST/result.json,0ac4d820745bf7b457ed2f066827c06f1be54b9dc765081c911bd401e889b160
R6_reacher_070de37ab215162432f871dc,REFIT_103201,R4_ALT_CEM_1,PRED_PAST,1,2,1,1,1,8.560087203979492,9.09748363494873,/workspace/r8_fix/f2/FORMAL/R4_ALT_CEM_2/R6_reacher_0abbe32b49558f890c57967a/REFIT_103203/PRED_PAST/result.json,0ac4d820745bf7b457ed2f066827c06f1be54b9dc765081c911bd401e889b160
R6_reacher_070de37ab215162432f871dc,REFIT_103202,R4_ALT_CEM_1,PRED_PAST,1,2,1,1,1,7.734866142272949,8.281889915466309,/workspace/r8_fix/f2/FORMAL/R4_ALT_CEM_2/R6_reacher_0abbe32b49558f890c57967a/REFIT_103203/PRED_PAST/result.json,0ac4d820745bf7b457ed2f066827c06f1be54b9dc765081c911bd401e889b160
R6_reacher_070de37ab215162432f871dc,REFIT_103203,R4_ALT_CEM_1,PRED_PAST,1,2,1,1,1,8.552556037902832,8.678342819213867,/workspace/r8_fix/f2/FORMAL/R4_ALT_CEM_2/R6_reacher_0abbe32b49558f890c57967a/REFIT_103203/PRED_PAST/result.json,0ac4d820745bf7b457ed2f066827c06f1be54b9dc765081c911bd401e889b160
R6_reacher_0744272edb1918e64a7d6dd8,H0,R4_ALT_CEM_1,PRED_PAST,1,2,1,1,1,5.406495094299316,4.754189491271973,/workspace/r8_fix/f2/FORMAL/R4_ALT_CEM_2/R6_reacher_0abbe32b49558f890c57967a/REFIT_103203/PRED_PAST/result.json,0ac4d820745bf7b457ed2f066827c06f1be54b9dc765081c911bd401e889b160
R6_reacher_0744272edb1918e64a7d6dd8,REFIT_103201,R4_ALT_CEM_1,PRED_PAST,1,2,1,1,1,5.264379024505615,5.145620822906494,/workspace/r8_fix/f2/FORMAL/R4_ALT_CEM_2/R6_reacher_0abbe32b49558f890c57967a/REFIT_103203/PRED_PAST/result.json,0ac4d820745bf7b457ed2f066827c06f1be54b9dc765081c911bd401e889b160
R6_reacher_0744272edb1918e64a7d6dd8,REFIT_103202,R4_ALT_CEM_1,PRED_PAST,1,2,1,1,1,5.270211696624756,5.385572910308838,/workspace/r8_fix/f2/FORMAL/R4_ALT_CEM_2/R6_reacher_0abbe32b49558f890c57967a/REFIT_103203/PRED_PAST/result.json,0ac4d820745bf7b457ed2f066827c06f1be54b9dc765081c911bd401e889b160
R6_reacher_0744272edb1918e64a7d6dd8,REFIT_103203,R4_ALT_CEM_1,PRED_PAST,1,1,0,0,,,,/workspace/r8_fix/f2/FORMAL/R4_ALT_CEM_2/R6_reacher_0abbe32b49558f890c57967a/REFIT_103203/PRED_PAST/result.json,0ac4d820745bf7b457ed2f066827c06f1be54b9dc765081c911bd401e889b160
R6_reacher_0744863efce22b67c52bbf37,H0,R4_ALT_CEM_1,PRED_PAST,1,1,0,0,,,,/workspace/r8_fix/f2/FORMAL/R4_ALT_CEM_2/R6_reacher_0abbe32b49558f890c57967a/REFIT_103203/PRED_PAST/result.json,0ac4d820745bf7b457ed2f066827c06f1be54b9dc765081c911bd401e889b160
R6_reacher_0744863efce22b67c52bbf37,REFIT_103201,R4_ALT_CEM_1,PRED_PAST,1,2,1,1,1,4.115334987640381,4.001728057861328,/workspace/r8_fix/f2/FORMAL/R4_ALT_CEM_2/R6_reacher_0abbe32b49558f890c57967a/REFIT_103203/PRED_PAST/result.json,0ac4d820745bf7b457ed2f066827c06f1be54b9dc765081c911bd401e889b160
R6_reacher_0744863efce22b67c52bbf37,REFIT_103202,R4_ALT_CEM_1,PRED_PAST,1,2,1,1,1,4.326995372772217,4.270570278167725,/workspace/r8_fix/f2/FORMAL/R4_ALT_CEM_2/R6_reacher_0abbe32b49558f890c57967a/REFIT_103203/PRED_PAST/result.json,0ac4d820745bf7b457ed2f066827c06f1be54b9dc765081c911bd401e889b160
R6_reacher_0744863efce22b67c52bbf37,REFIT_103203,R4_ALT_CEM_1,PRED_PAST,1,1,0,0,,,,/workspace/r8_fix/f2/FORMAL/R4_ALT_CEM_2/R6_reacher_0abbe32b49558f890c57967a/REFIT_103203/PRED_PAST/result.json,0ac4d820745bf7b457ed2f066827c06f1be54b9dc765081c911bd401e889b160
R6_reacher_0754fb7426df7476a90bdba4,H0,R4_ALT_CEM_1,PRED_PAST,1,1,0,0,,,,/workspace/r8_fix/f2/FORMAL/R4_ALT_CEM_2/R6_reacher_0abbe32b49558f890c57967a/REFIT_103203/PRED_PAST/result.json,0ac4d820745bf7b457ed2f066827c06f1be54b9dc765081c911bd401e889b160
R6_reacher_0754fb7426df7476a90bdba4,REFIT_103201,R4_ALT_CEM_1,PRED_PAST,1,1,0,0,,,,/workspace/r8_fix/f2/FORMAL/R4_ALT_CEM_2/R6_reacher_0abbe32b49558f890c57967a/REFIT_103203/PRED_PAST/result.json,0ac4d820745bf7b457ed2f066827c06f1be54b9dc765081c911bd401e889b160
R6_reacher_0754fb7426df7476a90bdba4,REFIT_103202,R4_ALT_CEM_1,PRED_PAST,1,1,0,0,,,,/workspace/r8_fix/f2/FORMAL/R4_ALT_CEM_2/R6_reacher_0abbe32b49558f890c57967a/REFIT_103203/PRED_PAST/result.json,0ac4d820745bf7b457ed2f066827c06f1be54b9dc765081c911bd401e889b160
R6_reacher_0754fb7426df7476a90bdba4,REFIT_103203,R4_ALT_CEM_1,PRED_PAST,1,1,0,0,,,,/workspace/r8_fix/f2/FORMAL/R4_ALT_CEM_2/R6_reacher_0abbe32b49558f890c57967a/REFIT_103203/PRED_PAST/result.json,0ac4d820745bf7b457ed2f066827c06f1be54b9dc765081c911bd401e889b160
R6_reacher_07a0ab05518d2f71e8a802de,H0,R4_ALT_CEM_1,PRED_PAST,1,2,1,1,1,3.4917397499084473,4.581457614898682,/workspace/r8_fix/f2/FORMAL/R4_ALT_CEM_2/R6_reacher_0abbe32b49558f890c57967a/REFIT_103203/PRED_PAST/result.json,0ac4d820745bf7b457ed2f066827c06f1be54b9dc765081c911bd401e889b160
R6_reacher_07a0ab05518d2f71e8a802de,REFIT_103201,R4_ALT_CEM_1,PRED_PAST,1,2,1,1,1,2.4324193000793457,2.3928253650665283,/workspace/r8_fix/f2/FORMAL/R4_ALT_CEM_2/R6_reacher_0abbe32b49558f890c57967a/REFIT_103203/PRED_PAST/result.json,0ac4d820745bf7b457ed2f066827c06f1be54b9dc765081c911bd401e889b160
R6_reacher_07a0ab05518d2f71e8a802de,REFIT_103202,R4_ALT_CEM_1,PRED_PAST,1,2,1,1,1,2.723742961883545,3.49493145942688,/workspace/r8_fix/f2/FORMAL/R4_ALT_CEM_2/R6_reacher_0abbe32b49558f890c57967a/REFIT_103203/PRED_PAST/result.json,0ac4d820745bf7b457ed2f066827c06f1be54b9dc765081c911bd401e889b160
R6_reacher_07a0ab05518d2f71e8a802de,REFIT_103203,R4_ALT_CEM_1,PRED_PAST,1,2,1,1,1,2.700596570968628,3.264939069747925,/workspace/r8_fix/f2/FORMAL/R4_ALT_CEM_2/R6_reacher_0abbe32b49558f890c57967a/REFIT_103203/PRED_PAST/result.json,0ac4d820745bf7b457ed2f066827c06f1be54b9dc765081c911bd401e889b160
R6_reacher_07a6dc2136798f840125ba56,H0,R4_ALT_CEM_1,PRED_PAST,1,1,0,0,,,,/workspace/r8_fix/f2/FORMAL/R4_ALT_CEM_2/R6_reacher_0abbe32b49558f890c57967a/REFIT_103203/PRED_PAST/result.json,0ac4d820745bf7b457ed2f066827c06f1be54b9dc765081c911bd401e889b160
R6_reacher_07a6dc2136798f840125ba56,REFIT_103201,R4_ALT_CEM_1,PRED_PAST,1,1,0,0,,,,/workspace/r8_fix/f2/FORMAL/R4_ALT_CEM_2/R6_reacher_0abbe32b49558f890c57967a/REFIT_103203/PRED_PAST/result.json,0ac4d820745bf7b457ed2f066827c06f1be54b9dc765081c911bd401e889b160
R6_reacher_07a6dc2136798f840125ba56,REFIT_103202,R4_ALT_CEM_1,PRED_PAST,1,1,0,0,,,,/workspace/r8_fix/f2/FORMAL/R4_ALT_CEM_2/R6_reacher_0abbe32b49558f890c57967a/REFIT_103203/PRED_PAST/result.json,0ac4d820745bf7b457ed2f066827c06f1be54b9dc765081c911bd401e889b160
R6_reacher_07a6dc2136798f840125ba56,REFIT_103203,R4_ALT_CEM_1,PRED_PAST,1,1,0,0,,,,/workspace/r8_fix/f2/FORMAL/R4_ALT_CEM_2/R6_reacher_0abbe32b49558f890c57967a/REFIT_103203/PRED_PAST/result.json,0ac4d820745bf7b457ed2f066827c06f1be54b9dc765081c911bd401e889b160
R6_reacher_07bc032092b89db7cfeb780b,H0,R4_ALT_CEM_1,PRED_PAST,1,1,0,0,,,,/workspace/r8_fix/f2/FORMAL/R4_ALT_CEM_2/R6_reacher_0abbe32b49558f890c57967a/REFIT_103203/PRED_PAST/result.json,0ac4d820745bf7b457ed2f066827c06f1be54b9dc765081c911bd401e889b160
R6_reacher_07bc032092b89db7cfeb780b,REFIT_103201,R4_ALT_CEM_1,PRED_PAST,1,1,0,0,,,,/workspace/r8_fix/f2/FORMAL/R4_ALT_CEM_2/R6_reacher_0abbe32b49558f890c57967a/REFIT_103203/PRED_PAST/result.json,0ac4d820745bf7b457ed2f066827c06f1be54b9dc765081c911bd401e889b160
R6_reacher_07bc032092b89db7cfeb780b,REFIT_103202,R4_ALT_CEM_1,PRED_PAST,1,1,0,0,,,,/workspace/r8_fix/f2/FORMAL/R4_ALT_CEM_2/R6_reacher_0abbe32b49558f890c57967a/REFIT_103203/PRED_PAST/result.json,0ac4d820745bf7b457ed2f066827c06f1be54b9dc765081c911bd401e889b160
R6_reacher_07bc032092b89db7cfeb780b,REFIT_103203,R4_ALT_CEM_1,PRED_PAST,1,1,0,0,,,,/workspace/r8_fix/f2/FORMAL/R4_ALT_CEM_2/R6_reacher_0abbe32b49558f890c57967a/REFIT_103203/PRED_PAST/result.json,0ac4d820745bf7b457ed2f066827c06f1be54b9dc765081c911bd401e889b160
R6_reacher_07d217105efcc8943612bd1b,H0,R4_ALT_CEM_1,PRED_PAST,1,1,0,0,,,,/workspace/r8_fix/f2/FORMAL/R4_ALT_CEM_2/R6_reacher_0abbe32b49558f890c57967a/REFIT_103203/PRED_PAST/result.json,0ac4d820745bf7b457ed2f066827c06f1be54b9dc765081c911bd401e889b160
R6_reacher_07d217105efcc8943612bd1b,REFIT_103201,R4_ALT_CEM_1,PRED_PAST,1,2,1,1,1,2.674517869949341,2.9116854667663574,/workspace/r8_fix/f2/FORMAL/R4_ALT_CEM_2/R6_reacher_0abbe32b49558f890c57967a/REFIT_103203/PRED_PAST/result.json,0ac4d820745bf7b457ed2f066827c06f1be54b9dc765081c911bd401e889b160
R6_reacher_07d217105efcc8943612bd1b,REFIT_103202,R4_ALT_CEM_1,PRED_PAST,1,1,0,0,,,,/workspace/r8_fix/f2/FORMAL/R4_ALT_CEM_2/R6_reacher_0abbe32b49558f890c57967a/REFIT_103203/PRED_PAST/result.json,0ac4d820745bf7b457ed2f066827c06f1be54b9dc765081c911bd401e889b160
R6_reacher_07d217105efcc8943612bd1b,REFIT_103203,R4_ALT_CEM_1,PRED_PAST,1,1,0,0,,,,/workspace/r8_fix/f2/FORMAL/R4_ALT_CEM_2/R6_reacher_0abbe32b49558f890c57967a/REFIT_103203/PRED_PAST/result.json,0ac4d820745bf7b457ed2f066827c06f1be54b9dc765081c911bd401e889b160
R6_reacher_07d8ede95622d173c866dc15,H0,R4_ALT_CEM_1,PRED_PAST,1,1,0,0,,,,/workspace/r8_fix/f2/FORMAL/R4_ALT_CEM_2/R6_reacher_0abbe32b49558f890c57967a/REFIT_103203/PRED_PAST/result.json,0ac4d820745bf7b457ed2f066827c06f1be54b9dc765081c911bd401e889b160
R6_reacher_07d8ede95622d173c866dc15,REFIT_103201,R4_ALT_CEM_1,PRED_PAST,1,2,1,1,1,6.011961936950684,6.056084632873535,/workspace/r8_fix/f2/FORMAL/R4_ALT_CEM_2/R6_reacher_0abbe32b49558f890c57967a/REFIT_103203/PRED_PAST/result.json,0ac4d820745bf7b457ed2f066827c06f1be54b9dc765081c911bd401e889b160
R6_reacher_07d8ede95622d173c866dc15,REFIT_103202,R4_ALT_CEM_1,PRED_PAST,1,2,1,1,1,6.047572135925293,6.060487747192383,/workspace/r8_fix/f2/FORMAL/R4_ALT_CEM_2/R6_reacher_0abbe32b49558f890c57967a/REFIT_103203/PRED_PAST/result.json,0ac4d820745bf7b457ed2f066827c06f1be54b9dc765081c911bd401e889b160
R6_reacher_07d8ede95622d173c866dc15,REFIT_103203,R4_ALT_CEM_1,PRED_PAST,1,2,1,1,1,5.602833271026611,6.2501726150512695,/workspace/r8_fix/f2/FORMAL/R4_ALT_CEM_2/R6_reacher_0abbe32b49558f890c57967a/REFIT_103203/PRED_PAST/result.json,0ac4d820745bf7b457ed2f066827c06f1be54b9dc765081c911bd401e889b160
R6_reacher_07f453cb26b9a6852312cfaf,H0,R4_ALT_CEM_1,PRED_PAST,1,1,0,0,,,,/workspace/r8_fix/f2/FORMAL/R4_ALT_CEM_2/R6_reacher_0abbe32b49558f890c57967a/REFIT_103203/PRED_PAST/result.json,0ac4d820745bf7b457ed2f066827c06f1be54b9dc765081c911bd401e889b160
R6_reacher_07f453cb26b9a6852312cfaf,REFIT_103201,R4_ALT_CEM_1,PRED_PAST,1,1,0,0,,,,/workspace/r8_fix/f2/FORMAL/R4_ALT_CEM_2/R6_reacher_0abbe32b49558f890c57967a/REFIT_103203/PRED_PAST/result.json,0ac4d820745bf7b457ed2f066827c06f1be54b9dc765081c911bd401e889b160
R6_reacher_07f453cb26b9a6852312cfaf,REFIT_103202,R4_ALT_CEM_1,PRED_PAST,1,1,0,0,,,,/workspace/r8_fix/f2/FORMAL/R4_ALT_CEM_2/R6_reacher_0abbe32b49558f890c57967a/REFIT_103203/PRED_PAST/result.json,0ac4d820745bf7b457ed2f066827c06f1be54b9dc765081c911bd401e889b160
R6_reacher_07f453cb26b9a6852312cfaf,REFIT_103203,R4_ALT_CEM_1,PRED_PAST,1,1,0,0,,,,/workspace/r8_fix/f2/FORMAL/R4_ALT_CEM_2/R6_reacher_0abbe32b49558f890c57967a/REFIT_103203/PRED_PAST/result.json,0ac4d820745bf7b457ed2f066827c06f1be54b9dc765081c911bd401e889b160
R6_reacher_080c40555038f25160de654a,H0,R4_ALT_CEM_1,PRED_PAST,1,1,0,0,,,,/workspace/r8_fix/f2/FORMAL/R4_ALT_CEM_2/R6_reacher_0abbe32b49558f890c57967a/REFIT_103203/PRED_PAST/result.json,0ac4d820745bf7b457ed2f066827c06f1be54b9dc765081c911bd401e889b160
R6_reacher_080c40555038f25160de654a,REFIT_103201,R4_ALT_CEM_1,PRED_PAST,1,1,0,0,,,,/workspace/r8_fix/f2/FORMAL/R4_ALT_CEM_2/R6_reacher_0abbe32b49558f890c57967a/REFIT_103203/PRED_PAST/result.json,0ac4d820745bf7b457ed2f066827c06f1be54b9dc765081c911bd401e889b160
R6_reacher_080c40555038f25160de654a,REFIT_103202,R4_ALT_CEM_1,PRED_PAST,1,1,0,0,,,,/workspace/r8_fix/f2/FORMAL/R4_ALT_CEM_2/R6_reacher_0abbe32b49558f890c57967a/REFIT_103203/PRED_PAST/result.json,0ac4d820745bf7b457ed2f066827c06f1be54b9dc765081c911bd401e889b160
R6_reacher_080c40555038f25160de654a,REFIT_103203,R4_ALT_CEM_1,PRED_PAST,1,1,0,0,,,,/workspace/r8_fix/f2/FORMAL/R4_ALT_CEM_2/R6_reacher_0abbe32b49558f890c57967a/REFIT_103203/PRED_PAST/result.json,0ac4d820745bf7b457ed2f066827c06f1be54b9dc765081c911bd401e889b160
R6_reacher_0836c96bfa0e02e08d4dc536,H0,R4_ALT_CEM_1,PRED_PAST,1,1,0,0,,,,/workspace/r8_fix/f2/FORMAL/R4_ALT_CEM_2/R6_reacher_0abbe32b49558f890c57967a/REFIT_103203/PRED_PAST/result.json,0ac4d820745bf7b457ed2f066827c06f1be54b9dc765081c911bd401e889b160
R6_reacher_0836c96bfa0e02e08d4dc536,REFIT_103201,R4_ALT_CEM_1,PRED_PAST,1,1,0,0,,,,/workspace/r8_fix/f2/FORMAL/R4_ALT_CEM_2/R6_reacher_0abbe32b49558f890c57967a/REFIT_103203/PRED_PAST/result.json,0ac4d820745bf7b457ed2f066827c06f1be54b9dc765081c911bd401e889b160
R6_reacher_0836c96bfa0e02e08d4dc536,REFIT_103202,R4_ALT_CEM_1,PRED_PAST,1,1,0,0,,,,/workspace/r8_fix/f2/FORMAL/R4_ALT_CEM_2/R6_reacher_0abbe32b49558f890c57967a/REFIT_103203/PRED_PAST/result.json,0ac4d820745bf7b457ed2f066827c06f1be54b9dc765081c911bd401e889b160
R6_reacher_0836c96bfa0e02e08d4dc536,REFIT_103203,R4_ALT_CEM_1,PRED_PAST,1,1,0,0,,,,/workspace/r8_fix/f2/FORMAL/R4_ALT_CEM_2/R6_reacher_0abbe32b49558f890c57967a/REFIT_103203/PRED_PAST/result.json,0ac4d820745bf7b457ed2f066827c06f1be54b9dc765081c911bd401e889b160
R6_reacher_0859eef19809752e9afbb84a,H0,R4_ALT_CEM_1,PRED_PAST,1,2,1,1,1,4.9538187980651855,5.072009086608887,/workspace/r8_fix/f2/FORMAL/R4_ALT_CEM_2/R6_reacher_0abbe32b49558f890c57967a/REFIT_103203/PRED_PAST/result.json,0ac4d820745bf7b457ed2f066827c06f1be54b9dc765081c911bd401e889b160
R6_reacher_0859eef19809752e9afbb84a,REFIT_103201,R4_ALT_CEM_1,PRED_PAST,1,1,0,0,,,,/workspace/r8_fix/f2/FORMAL/R4_ALT_CEM_2/R6_reacher_0abbe32b49558f890c57967a/REFIT_103203/PRED_PAST/result.json,0ac4d820745bf7b457ed2f066827c06f1be54b9dc765081c911bd401e889b160
R6_reacher_0859eef19809752e9afbb84a,REFIT_103202,R4_ALT_CEM_1,PRED_PAST,1,2,1,1,1,4.532618045806885,4.62737512588501,/workspace/r8_fix/f2/FORMAL/R4_ALT_CEM_2/R6_reacher_0abbe32b49558f890c57967a/REFIT_103203/PRED_PAST/result.json,0ac4d820745bf7b457ed2f066827c06f1be54b9dc765081c911bd401e889b160
R6_reacher_0859eef19809752e9afbb84a,REFIT_103203,R4_ALT_CEM_1,PRED_PAST,1,1,0,0,,,,/workspace/r8_fix/f2/FORMAL/R4_ALT_CEM_2/R6_reacher_0abbe32b49558f890c57967a/REFIT_103203/PRED_PAST/result.json,0ac4d820745bf7b457ed2f066827c06f1be54b9dc765081c911bd401e889b160
R6_reacher_0877b94c4c4ad9e7428aeeea,H0,R4_ALT_CEM_1,PRED_PAST,1,1,0,0,,,,/workspace/r8_fix/f2/FORMAL/R4_ALT_CEM_2/R6_reacher_0abbe32b49558f890c57967a/REFIT_103203/PRED_PAST/result.json,0ac4d820745bf7b457ed2f066827c06f1be54b9dc765081c911bd401e889b160
R6_reacher_0877b94c4c4ad9e7428aeeea,REFIT_103201,R4_ALT_CEM_1,PRED_PAST,1,1,0,0,,,,/workspace/r8_fix/f2/FORMAL/R4_ALT_CEM_2/R6_reacher_0abbe32b49558f890c57967a/REFIT_103203/PRED_PAST/result.json,0ac4d820745bf7b457ed2f066827c06f1be54b9dc765081c911bd401e889b160
R6_reacher_0877b94c4c4ad9e7428aeeea,REFIT_103202,R4_ALT_CEM_1,PRED_PAST,1,2,1,1,1,7.313770294189453,7.4091477394104,/workspace/r8_fix/f2/FORMAL/R4_ALT_CEM_2/R6_reacher_0abbe32b49558f890c57967a/REFIT_103203/PRED_PAST/result.json,0ac4d820745bf7b457ed2f066827c06f1be54b9dc765081c911bd401e889b160
R6_reacher_0877b94c4c4ad9e7428aeeea,REFIT_103203,R4_ALT_CEM_1,PRED_PAST,1,1,0,0,,,,/workspace/r8_fix/f2/FORMAL/R4_ALT_CEM_2/R6_reacher_0abbe32b49558f890c57967a/REFIT_103203/PRED_PAST/result.json,0ac4d820745bf7b457ed2f066827c06f1be54b9dc765081c911bd401e889b160
R6_reacher_088a094c8c8929ddd3a33d6b,H0,R4_ALT_CEM_1,PRED_PAST,1,1,0,0,,,,/workspace/r8_fix/f2/FORMAL/R4_ALT_CEM_2/R6_reacher_0abbe32b49558f890c57967a/REFIT_103203/PRED_PAST/result.json,0ac4d820745bf7b457ed2f066827c06f1be54b9dc765081c911bd401e889b160
R6_reacher_088a094c8c8929ddd3a33d6b,REFIT_103201,R4_ALT_CEM_1,PRED_PAST,1,1,0,0,,,,/workspace/r8_fix/f2/FORMAL/R4_ALT_CEM_2/R6_reacher_0abbe32b49558f890c57967a/REFIT_103203/PRED_PAST/result.json,0ac4d820745bf7b457ed2f066827c06f1be54b9dc765081c911bd401e889b160
R6_reacher_088a094c8c8929ddd3a33d6b,REFIT_103202,R4_ALT_CEM_1,PRED_PAST,1,2,1,1,1,2.5620245933532715,2.41752290725708,/workspace/r8_fix/f2/FORMAL/R4_ALT_CEM_2/R6_reacher_0abbe32b49558f890c57967a/REFIT_103203/PRED_PAST/result.json,0ac4d820745bf7b457ed2f066827c06f1be54b9dc765081c911bd401e889b160
R6_reacher_088a094c8c8929ddd3a33d6b,REFIT_103203,R4_ALT_CEM_1,PRED_PAST,1,1,0,0,,,,/workspace/r8_fix/f2/FORMAL/R4_ALT_CEM_2/R6_reacher_0abbe32b49558f890c57967a/REFIT_103203/PRED_PAST/result.json,0ac4d820745bf7b457ed2f066827c06f1be54b9dc765081c911bd401e889b160
R6_reacher_08adec0f89aa2befc53c51f6,H0,R4_ALT_CEM_1,PRED_PAST,1,1,0,0,,,,/workspace/r8_fix/f2/FORMAL/R4_ALT_CEM_2/R6_reacher_0abbe32b49558f890c57967a/REFIT_103203/PRED_PAST/result.json,0ac4d820745bf7b457ed2f066827c06f1be54b9dc765081c911bd401e889b160
R6_reacher_08adec0f89aa2befc53c51f6,REFIT_103201,R4_ALT_CEM_1,PRED_PAST,1,1,0,0,,,,/workspace/r8_fix/f2/FORMAL/R4_ALT_CEM_2/R6_reacher_0abbe32b49558f890c57967a/REFIT_103203/PRED_PAST/result.json,0ac4d820745bf7b457ed2f066827c06f1be54b9dc765081c911bd401e889b160
R6_reacher_08adec0f89aa2befc53c51f6,REFIT_103202,R4_ALT_CEM_1,PRED_PAST,1,1,0,0,,,,/workspace/r8_fix/f2/FORMAL/R4_ALT_CEM_2/R6_reacher_0abbe32b49558f890c57967a/REFIT_103203/PRED_PAST/result.json,0ac4d820745bf7b457ed2f066827c06f1be54b9dc765081c911bd401e889b160
R6_reacher_08adec0f89aa2befc53c51f6,REFIT_103203,R4_ALT_CEM_1,PRED_PAST,1,1,0,0,,,,/workspace/r8_fix/f2/FORMAL/R4_ALT_CEM_2/R6_reacher_0abbe32b49558f890c57967a/REFIT_103203/PRED_PAST/result.json,0ac4d820745bf7b457ed2f066827c06f1be54b9dc765081c911bd401e889b160
R6_reacher_08e2de8457d9e13b5d9c4a01,H0,R4_ALT_CEM_1,PRED_PAST,1,2,1,1,1,5.682923316955566,6.252551555633545,/workspace/r8_fix/f2/FORMAL/R4_ALT_CEM_2/R6_reacher_0abbe32b49558f890c57967a/REFIT_103203/PRED_PAST/result.json,0ac4d820745bf7b457ed2f066827c06f1be54b9dc765081c911bd401e889b160
R6_reacher_08e2de8457d9e13b5d9c4a01,REFIT_103201,R4_ALT_CEM_1,PRED_PAST,1,2,1,1,1,4.599695205688477,5.195104122161865,/workspace/r8_fix/f2/FORMAL/R4_ALT_CEM_2/R6_reacher_0abbe32b49558f890c57967a/REFIT_103203/PRED_PAST/result.json,0ac4d820745bf7b457ed2f066827c06f1be54b9dc765081c911bd401e889b160
R6_reacher_08e2de8457d9e13b5d9c4a01,REFIT_103202,R4_ALT_CEM_1,PRED_PAST,1,2,1,1,1,4.757740497589111,5.09727144241333,/workspace/r8_fix/f2/FORMAL/R4_ALT_CEM_2/R6_reacher_0abbe32b49558f890c57967a/REFIT_103203/PRED_PAST/result.json,0ac4d820745bf7b457ed2f066827c06f1be54b9dc765081c911bd401e889b160
R6_reacher_08e2de8457d9e13b5d9c4a01,REFIT_103203,R4_ALT_CEM_1,PRED_PAST,1,2,1,1,1,4.615535736083984,4.9292168617248535,/workspace/r8_fix/f2/FORMAL/R4_ALT_CEM_2/R6_reacher_0abbe32b49558f890c57967a/REFIT_103203/PRED_PAST/result.json,0ac4d820745bf7b457ed2f066827c06f1be54b9dc765081c911bd401e889b160
R6_reacher_08e532e2e16e5aa68e92e603,H0,R4_ALT_CEM_1,PRED_PAST,1,1,0,0,,,,/workspace/r8_fix/f2/FORMAL/R4_ALT_CEM_2/R6_reacher_0abbe32b49558f890c57967a/REFIT_103203/PRED_PAST/result.json,0ac4d820745bf7b457ed2f066827c06f1be54b9dc765081c911bd401e889b160
R6_reacher_08e532e2e16e5aa68e92e603,REFIT_103201,R4_ALT_CEM_1,PRED_PAST,1,1,0,0,,,,/workspace/r8_fix/f2/FORMAL/R4_ALT_CEM_2/R6_reacher_0abbe32b49558f890c57967a/REFIT_103203/PRED_PAST/result.json,0ac4d820745bf7b457ed2f066827c06f1be54b9dc765081c911bd401e889b160
R6_reacher_08e532e2e16e5aa68e92e603,REFIT_103202,R4_ALT_CEM_1,PRED_PAST,1,1,0,0,,,,/workspace/r8_fix/f2/FORMAL/R4_ALT_CEM_2/R6_reacher_0abbe32b49558f890c57967a/REFIT_103203/PRED_PAST/result.json,0ac4d820745bf7b457ed2f066827c06f1be54b9dc765081c911bd401e889b160
R6_reacher_08e532e2e16e5aa68e92e603,REFIT_103203,R4_ALT_CEM_1,PRED_PAST,1,1,0,0,,,,/workspace/r8_fix/f2/FORMAL/R4_ALT_CEM_2/R6_reacher_0abbe32b49558f890c57967a/REFIT_103203/PRED_PAST/result.json,0ac4d820745bf7b457ed2f066827c06f1be54b9dc765081c911bd401e889b160
R6_reacher_08e583a8582de1c1b62e2f97,H0,R4_ALT_CEM_1,PRED_PAST,1,1,0,0,,,,/workspace/r8_fix/f2/FORMAL/R4_ALT_CEM_2/R6_reacher_0abbe32b49558f890c57967a/REFIT_103203/PRED_PAST/result.json,0ac4d820745bf7b457ed2f066827c06f1be54b9dc765081c911bd401e889b160
R6_reacher_08e583a8582de1c1b62e2f97,REFIT_103201,R4_ALT_CEM_1,PRED_PAST,1,1,0,0,,,,/workspace/r8_fix/f2/FORMAL/R4_ALT_CEM_2/R6_reacher_0abbe32b49558f890c57967a/REFIT_103203/PRED_PAST/result.json,0ac4d820745bf7b457ed2f066827c06f1be54b9dc765081c911bd401e889b160
R6_reacher_08e583a8582de1c1b62e2f97,REFIT_103202,R4_ALT_CEM_1,PRED_PAST,1,1,0,0,,,,/workspace/r8_fix/f2/FORMAL/R4_ALT_CEM_2/R6_reacher_0abbe32b49558f890c57967a/REFIT_103203/PRED_PAST/result.json,0ac4d820745bf7b457ed2f066827c06f1be54b9dc765081c911bd401e889b160
R6_reacher_08e583a8582de1c1b62e2f97,REFIT_103203,R4_ALT_CEM_1,PRED_PAST,1,1,0,0,,,,/workspace/r8_fix/f2/FORMAL/R4_ALT_CEM_2/R6_reacher_0abbe32b49558f890c57967a/REFIT_103203/PRED_PAST/result.json,0ac4d820745bf7b457ed2f066827c06f1be54b9dc765081c911bd401e889b160
R6_reacher_08ea3c55a7fb98416d5450bc,H0,R4_ALT_CEM_1,PRED_PAST,1,2,1,1,1,6.578088760375977,6.65482234954834,/workspace/r8_fix/f2/FORMAL/R4_ALT_CEM_2/R6_reacher_0abbe32b49558f890c57967a/REFIT_103203/PRED_PAST/result.json,0ac4d820745bf7b457ed2f066827c06f1be54b9dc765081c911bd401e889b160
R6_reacher_08ea3c55a7fb98416d5450bc,REFIT_103201,R4_ALT_CEM_1,PRED_PAST,1,1,0,0,,,,/workspace/r8_fix/f2/FORMAL/R4_ALT_CEM_2/R6_reacher_0abbe32b49558f890c57967a/REFIT_103203/PRED_PAST/result.json,0ac4d820745bf7b457ed2f066827c06f1be54b9dc765081c911bd401e889b160
R6_reacher_08ea3c55a7fb98416d5450bc,REFIT_103202,R4_ALT_CEM_1,PRED_PAST,1,1,0,0,,,,/workspace/r8_fix/f2/FORMAL/R4_ALT_CEM_2/R6_reacher_0abbe32b49558f890c57967a/REFIT_103203/PRED_PAST/result.json,0ac4d820745bf7b457ed2f066827c06f1be54b9dc765081c911bd401e889b160
R6_reacher_08ea3c55a7fb98416d5450bc,REFIT_103203,R4_ALT_CEM_1,PRED_PAST,1,2,1,1,1,7.457366943359375,7.486398220062256,/workspace/r8_fix/f2/FORMAL/R4_ALT_CEM_2/R6_reacher_0abbe32b49558f890c57967a/REFIT_103203/PRED_PAST/result.json,0ac4d820745bf7b457ed2f066827c06f1be54b9dc765081c911bd401e889b160
R6_reacher_08edd6141fcf2cc487e96efd,H0,R4_ALT_CEM_1,PRED_PAST,0,2,1,1,1,7.050573348999023,7.252333164215088,/workspace/r8_fix/f2/FORMAL/R4_ALT_CEM_2/R6_reacher_0abbe32b49558f890c57967a/REFIT_103203/PRED_PAST/result.json,0ac4d820745bf7b457ed2f066827c06f1be54b9dc765081c911bd401e889b160
R6_reacher_08edd6141fcf2cc487e96efd,REFIT_103201,R4_ALT_CEM_1,PRED_PAST,1,2,1,1,1,6.718077182769775,6.747018337249756,/workspace/r8_fix/f2/FORMAL/R4_ALT_CEM_2/R6_reacher_0abbe32b49558f890c57967a/REFIT_103203/PRED_PAST/result.json,0ac4d820745bf7b457ed2f066827c06f1be54b9dc765081c911bd401e889b160
R6_reacher_08edd6141fcf2cc487e96efd,REFIT_103202,R4_ALT_CEM_1,PRED_PAST,1,2,1,1,1,6.24381160736084,6.665448188781738,/workspace/r8_fix/f2/FORMAL/R4_ALT_CEM_2/R6_reacher_0abbe32b49558f890c57967a/REFIT_103203/PRED_PAST/result.json,0ac4d820745bf7b457ed2f066827c06f1be54b9dc765081c911bd401e889b160
R6_reacher_08edd6141fcf2cc487e96efd,REFIT_103203,R4_ALT_CEM_1,PRED_PAST,1,2,1,1,1,6.717090129852295,6.791401386260986,/workspace/r8_fix/f2/FORMAL/R4_ALT_CEM_2/R6_reacher_0abbe32b49558f890c57967a/REFIT_103203/PRED_PAST/result.json,0ac4d820745bf7b457ed2f066827c06f1be54b9dc765081c911bd401e889b160
R6_reacher_090e387544f3b641157cea56,H0,R4_ALT_CEM_1,PRED_PAST,1,2,1,1,1,4.265092372894287,4.070882797241211,/workspace/r8_fix/f2/FORMAL/R4_ALT_CEM_2/R6_reacher_0abbe32b49558f890c57967a/REFIT_103203/PRED_PAST/result.json,0ac4d820745bf7b457ed2f066827c06f1be54b9dc765081c911bd401e889b160
R6_reacher_090e387544f3b641157cea56,REFIT_103201,R4_ALT_CEM_1,PRED_PAST,1,2,1,1,1,9.003768920898438,9.150362968444824,/workspace/r8_fix/f2/FORMAL/R4_ALT_CEM_2/R6_reacher_0abbe32b49558f890c57967a/REFIT_103203/PRED_PAST/result.json,0ac4d820745bf7b457ed2f066827c06f1be54b9dc765081c911bd401e889b160
R6_reacher_090e387544f3b641157cea56,REFIT_103202,R4_ALT_CEM_1,PRED_PAST,0,2,1,1,1,6.0946502685546875,6.884125232696533,/workspace/r8_fix/f2/FORMAL/R4_ALT_CEM_2/R6_reacher_0abbe32b49558f890c57967a/REFIT_103203/PRED_PAST/result.json,0ac4d820745bf7b457ed2f066827c06f1be54b9dc765081c911bd401e889b160
R6_reacher_090e387544f3b641157cea56,REFIT_103203,R4_ALT_CEM_1,PRED_PAST,0,2,1,1,1,6.820240020751953,8.378539085388184,/workspace/r8_fix/f2/FORMAL/R4_ALT_CEM_2/R6_reacher_0abbe32b49558f890c57967a/REFIT_103203/PRED_PAST/result.json,0ac4d820745bf7b457ed2f066827c06f1be54b9dc765081c911bd401e889b160
R6_reacher_09129778869b8933020399b8,H0,R4_ALT_CEM_1,PRED_PAST,1,2,1,1,1,3.232389450073242,2.7792649269104004,/workspace/r8_fix/f2/FORMAL/R4_ALT_CEM_2/R6_reacher_0abbe32b49558f890c57967a/REFIT_103203/PRED_PAST/result.json,0ac4d820745bf7b457ed2f066827c06f1be54b9dc765081c911bd401e889b160
R6_reacher_09129778869b8933020399b8,REFIT_103201,R4_ALT_CEM_1,PRED_PAST,1,2,1,1,1,2.3014779090881348,2.1462531089782715,/workspace/r8_fix/f2/FORMAL/R4_ALT_CEM_2/R6_reacher_0abbe32b49558f890c57967a/REFIT_103203/PRED_PAST/result.json,0ac4d820745bf7b457ed2f066827c06f1be54b9dc765081c911bd401e889b160
R6_reacher_09129778869b8933020399b8,REFIT_103202,R4_ALT_CEM_1,PRED_PAST,1,2,1,1,1,2.4444968700408936,2.1994755268096924,/workspace/r8_fix/f2/FORMAL/R4_ALT_CEM_2/R6_reacher_0abbe32b49558f890c57967a/REFIT_103203/PRED_PAST/result.json,0ac4d820745bf7b457ed2f066827c06f1be54b9dc765081c911bd401e889b160
R6_reacher_09129778869b8933020399b8,REFIT_103203,R4_ALT_CEM_1,PRED_PAST,1,2,1,1,1,2.6242928504943848,2.328120231628418,/workspace/r8_fix/f2/FORMAL/R4_ALT_CEM_2/R6_reacher_0abbe32b49558f890c57967a/REFIT_103203/PRED_PAST/result.json,0ac4d820745bf7b457ed2f066827c06f1be54b9dc765081c911bd401e889b160
R6_reacher_0913f64b7826936e467d91e6,H0,R4_ALT_CEM_1,PRED_PAST,0,2,1,1,1,7.381248950958252,8.337663650512695,/workspace/r8_fix/f2/FORMAL/R4_ALT_CEM_2/R6_reacher_0abbe32b49558f890c57967a/REFIT_103203/PRED_PAST/result.json,0ac4d820745bf7b457ed2f066827c06f1be54b9dc765081c911bd401e889b160
R6_reacher_0913f64b7826936e467d91e6,REFIT_103201,R4_ALT_CEM_1,PRED_PAST,1,2,1,1,1,7.949453830718994,8.5040283203125,/workspace/r8_fix/f2/FORMAL/R4_ALT_CEM_2/R6_reacher_0abbe32b49558f890c57967a/REFIT_103203/PRED_PAST/result.json,0ac4d820745bf7b457ed2f066827c06f1be54b9dc765081c911bd401e889b160
R6_reacher_0913f64b7826936e467d91e6,REFIT_103202,R4_ALT_CEM_1,PRED_PAST,1,2,1,1,1,7.9948577880859375,8.422264099121094,/workspace/r8_fix/f2/FORMAL/R4_ALT_CEM_2/R6_reacher_0abbe32b49558f890c57967a/REFIT_103203/PRED_PAST/result.json,0ac4d820745bf7b457ed2f066827c06f1be54b9dc765081c911bd401e889b160
R6_reacher_0913f64b7826936e467d91e6,REFIT_103203,R4_ALT_CEM_1,PRED_PAST,1,2,1,1,1,8.347448348999023,8.789331436157227,/workspace/r8_fix/f2/FORMAL/R4_ALT_CEM_2/R6_reacher_0abbe32b49558f890c57967a/REFIT_103203/PRED_PAST/result.json,0ac4d820745bf7b457ed2f066827c06f1be54b9dc765081c911bd401e889b160
R6_reacher_092eb479cf3e133d57041497,H0,R4_ALT_CEM_1,PRED_PAST,1,2,1,1,1,6.4271955490112305,6.097499370574951,/workspace/r8_fix/f2/FORMAL/R4_ALT_CEM_2/R6_reacher_0abbe32b49558f890c57967a/REFIT_103203/PRED_PAST/result.json,0ac4d820745bf7b457ed2f066827c06f1be54b9dc765081c911bd401e889b160
R6_reacher_092eb479cf3e133d57041497,REFIT_103201,R4_ALT_CEM_1,PRED_PAST,1,2,1,1,1,6.21714973449707,6.78964376449585,/workspace/r8_fix/f2/FORMAL/R4_ALT_CEM_2/R6_reacher_0abbe32b49558f890c57967a/REFIT_103203/PRED_PAST/result.json,0ac4d820745bf7b457ed2f066827c06f1be54b9dc765081c911bd401e889b160
R6_reacher_092eb479cf3e133d57041497,REFIT_103202,R4_ALT_CEM_1,PRED_PAST,1,2,1,1,1,6.528855323791504,6.954581260681152,/workspace/r8_fix/f2/FORMAL/R4_ALT_CEM_2/R6_reacher_0abbe32b49558f890c57967a/REFIT_103203/PRED_PAST/result.json,0ac4d820745bf7b457ed2f066827c06f1be54b9dc765081c911bd401e889b160
R6_reacher_092eb479cf3e133d57041497,REFIT_103203,R4_ALT_CEM_1,PRED_PAST,1,1,0,0,,,,/workspace/r8_fix/f2/FORMAL/R4_ALT_CEM_2/R6_reacher_0abbe32b49558f890c57967a/REFIT_103203/PRED_PAST/result.json,0ac4d820745bf7b457ed2f066827c06f1be54b9dc765081c911bd401e889b160
R6_reacher_0958072154ac56b71d457e80,H0,R4_ALT_CEM_1,PRED_PAST,1,2,1,1,1,1.8570022583007812,2.089146852493286,/workspace/r8_fix/f2/FORMAL/R4_ALT_CEM_2/R6_reacher_0abbe32b49558f890c57967a/REFIT_103203/PRED_PAST/result.json,0ac4d820745bf7b457ed2f066827c06f1be54b9dc765081c911bd401e889b160
R6_reacher_0958072154ac56b71d457e80,REFIT_103201,R4_ALT_CEM_1,PRED_PAST,1,1,0,0,,,,/workspace/r8_fix/f2/FORMAL/R4_ALT_CEM_2/R6_reacher_0abbe32b49558f890c57967a/REFIT_103203/PRED_PAST/result.json,0ac4d820745bf7b457ed2f066827c06f1be54b9dc765081c911bd401e889b160
R6_reacher_0958072154ac56b71d457e80,REFIT_103202,R4_ALT_CEM_1,PRED_PAST,1,1,0,0,,,,/workspace/r8_fix/f2/FORMAL/R4_ALT_CEM_2/R6_reacher_0abbe32b49558f890c57967a/REFIT_103203/PRED_PAST/result.json,0ac4d820745bf7b457ed2f066827c06f1be54b9dc765081c911bd401e889b160
R6_reacher_0958072154ac56b71d457e80,REFIT_103203,R4_ALT_CEM_1,PRED_PAST,1,1,0,0,,,,/workspace/r8_fix/f2/FORMAL/R4_ALT_CEM_2/R6_reacher_0abbe32b49558f890c57967a/REFIT_103203/PRED_PAST/result.json,0ac4d820745bf7b457ed2f066827c06f1be54b9dc765081c911bd401e889b160
R6_reacher_0965dc9d288d1769d4d29d4a,H0,R4_ALT_CEM_1,PRED_PAST,1,2,1,1,1,5.727453231811523,5.830284595489502,/workspace/r8_fix/f2/FORMAL/R4_ALT_CEM_2/R6_reacher_0abbe32b49558f890c57967a/REFIT_103203/PRED_PAST/result.json,0ac4d820745bf7b457ed2f066827c06f1be54b9dc765081c911bd401e889b160
R6_reacher_0965dc9d288d1769d4d29d4a,REFIT_103201,R4_ALT_CEM_1,PRED_PAST,1,2,1,1,1,4.949031352996826,5.0636420249938965,/workspace/r8_fix/f2/FORMAL/R4_ALT_CEM_2/R6_reacher_0abbe32b49558f890c57967a/REFIT_103203/PRED_PAST/result.json,0ac4d820745bf7b457ed2f066827c06f1be54b9dc765081c911bd401e889b160
R6_reacher_0965dc9d288d1769d4d29d4a,REFIT_103202,R4_ALT_CEM_1,PRED_PAST,0,2,1,1,1,4.8307366371154785,4.907080173492432,/workspace/r8_fix/f2/FORMAL/R4_ALT_CEM_2/R6_reacher_0abbe32b49558f890c57967a/REFIT_103203/PRED_PAST/result.json,0ac4d820745bf7b457ed2f066827c06f1be54b9dc765081c911bd401e889b160
R6_reacher_0965dc9d288d1769d4d29d4a,REFIT_103203,R4_ALT_CEM_1,PRED_PAST,1,2,1,1,1,4.41384744644165,4.428598880767822,/workspace/r8_fix/f2/FORMAL/R4_ALT_CEM_2/R6_reacher_0abbe32b49558f890c57967a/REFIT_103203/PRED_PAST/result.json,0ac4d820745bf7b457ed2f066827c06f1be54b9dc765081c911bd401e889b160
R6_reacher_096c43e05c7b22dbd8c24748,H0,R4_ALT_CEM_1,PRED_PAST,1,2,1,1,1,4.188266277313232,4.364144325256348,/workspace/r8_fix/f2/FORMAL/R4_ALT_CEM_2/R6_reacher_0abbe32b49558f890c57967a/REFIT_103203/PRED_PAST/result.json,0ac4d820745bf7b457ed2f066827c06f1be54b9dc765081c911bd401e889b160
R6_reacher_096c43e05c7b22dbd8c24748,REFIT_103201,R4_ALT_CEM_1,PRED_PAST,1,1,0,0,,,,/workspace/r8_fix/f2/FORMAL/R4_ALT_CEM_2/R6_reacher_0abbe32b49558f890c57967a/REFIT_103203/PRED_PAST/result.json,0ac4d820745bf7b457ed2f066827c06f1be54b9dc765081c911bd401e889b160
R6_reacher_096c43e05c7b22dbd8c24748,REFIT_103202,R4_ALT_CEM_1,PRED_PAST,1,1,0,0,,,,/workspace/r8_fix/f2/FORMAL/R4_ALT_CEM_2/R6_reacher_0abbe32b49558f890c57967a/REFIT_103203/PRED_PAST/result.json,0ac4d820745bf7b457ed2f066827c06f1be54b9dc765081c911bd401e889b160
R6_reacher_096c43e05c7b22dbd8c24748,REFIT_103203,R4_ALT_CEM_1,PRED_PAST,1,1,0,0,,,,/workspace/r8_fix/f2/FORMAL/R4_ALT_CEM_2/R6_reacher_0abbe32b49558f890c57967a/REFIT_103203/PRED_PAST/result.json,0ac4d820745bf7b457ed2f066827c06f1be54b9dc765081c911bd401e889b160
R6_reacher_09a47a8bb70067f36643bc00,H0,R4_ALT_CEM_1,PRED_PAST,1,1,0,0,,,,/workspace/r8_fix/f2/FORMAL/R4_ALT_CEM_2/R6_reacher_0abbe32b49558f890c57967a/REFIT_103203/PRED_PAST/result.json,0ac4d820745bf7b457ed2f066827c06f1be54b9dc765081c911bd401e889b160
R6_reacher_09a47a8bb70067f36643bc00,REFIT_103201,R4_ALT_CEM_1,PRED_PAST,1,1,0,0,,,,/workspace/r8_fix/f2/FORMAL/R4_ALT_CEM_2/R6_reacher_0abbe32b49558f890c57967a/REFIT_103203/PRED_PAST/result.json,0ac4d820745bf7b457ed2f066827c06f1be54b9dc765081c911bd401e889b160
R6_reacher_09a47a8bb70067f36643bc00,REFIT_103202,R4_ALT_CEM_1,PRED_PAST,1,1,0,0,,,,/workspace/r8_fix/f2/FORMAL/R4_ALT_CEM_2/R6_reacher_0abbe32b49558f890c57967a/REFIT_103203/PRED_PAST/result.json,0ac4d820745bf7b457ed2f066827c06f1be54b9dc765081c911bd401e889b160
R6_reacher_09a47a8bb70067f36643bc00,REFIT_103203,R4_ALT_CEM_1,PRED_PAST,1,1,0,0,,,,/workspace/r8_fix/f2/FORMAL/R4_ALT_CEM_2/R6_reacher_0abbe32b49558f890c57967a/REFIT_103203/PRED_PAST/result.json,0ac4d820745bf7b457ed2f066827c06f1be54b9dc765081c911bd401e889b160
R6_reacher_09b6d2b9f5e37ac12c42b2de,H0,R4_ALT_CEM_1,PRED_PAST,1,1,0,0,,,,/workspace/r8_fix/f2/FORMAL/R4_ALT_CEM_2/R6_reacher_0abbe32b49558f890c57967a/REFIT_103203/PRED_PAST/result.json,0ac4d820745bf7b457ed2f066827c06f1be54b9dc765081c911bd401e889b160
R6_reacher_09b6d2b9f5e37ac12c42b2de,REFIT_103201,R4_ALT_CEM_1,PRED_PAST,1,1,0,0,,,,/workspace/r8_fix/f2/FORMAL/R4_ALT_CEM_2/R6_reacher_0abbe32b49558f890c57967a/REFIT_103203/PRED_PAST/result.json,0ac4d820745bf7b457ed2f066827c06f1be54b9dc765081c911bd401e889b160
R6_reacher_09b6d2b9f5e37ac12c42b2de,REFIT_103202,R4_ALT_CEM_1,PRED_PAST,1,1,0,0,,,,/workspace/r8_fix/f2/FORMAL/R4_ALT_CEM_2/R6_reacher_0abbe32b49558f890c57967a/REFIT_103203/PRED_PAST/result.json,0ac4d820745bf7b457ed2f066827c06f1be54b9dc765081c911bd401e889b160
R6_reacher_09b6d2b9f5e37ac12c42b2de,REFIT_103203,R4_ALT_CEM_1,PRED_PAST,1,2,1,1,1,1.8653700351715088,1.7675303220748901,/workspace/r8_fix/f2/FORMAL/R4_ALT_CEM_2/R6_reacher_0abbe32b49558f890c57967a/REFIT_103203/PRED_PAST/result.json,0ac4d820745bf7b457ed2f066827c06f1be54b9dc765081c911bd401e889b160
R6_reacher_09cac336578dc22db2b55aa2,H0,R4_ALT_CEM_1,PRED_PAST,1,1,0,0,,,,/workspace/r8_fix/f2/FORMAL/R4_ALT_CEM_2/R6_reacher_0abbe32b49558f890c57967a/REFIT_103203/PRED_PAST/result.json,0ac4d820745bf7b457ed2f066827c06f1be54b9dc765081c911bd401e889b160
R6_reacher_09cac336578dc22db2b55aa2,REFIT_103201,R4_ALT_CEM_1,PRED_PAST,1,1,0,0,,,,/workspace/r8_fix/f2/FORMAL/R4_ALT_CEM_2/R6_reacher_0abbe32b49558f890c57967a/REFIT_103203/PRED_PAST/result.json,0ac4d820745bf7b457ed2f066827c06f1be54b9dc765081c911bd401e889b160
R6_reacher_09cac336578dc22db2b55aa2,REFIT_103202,R4_ALT_CEM_1,PRED_PAST,1,2,1,1,1,7.445592880249023,7.846195697784424,/workspace/r8_fix/f2/FORMAL/R4_ALT_CEM_2/R6_reacher_0abbe32b49558f890c57967a/REFIT_103203/PRED_PAST/result.json,0ac4d820745bf7b457ed2f066827c06f1be54b9dc765081c911bd401e889b160
R6_reacher_09cac336578dc22db2b55aa2,REFIT_103203,R4_ALT_CEM_1,PRED_PAST,1,2,1,1,1,7.405170917510986,7.693196773529053,/workspace/r8_fix/f2/FORMAL/R4_ALT_CEM_2/R6_reacher_0abbe32b49558f890c57967a/REFIT_103203/PRED_PAST/result.json,0ac4d820745bf7b457ed2f066827c06f1be54b9dc765081c911bd401e889b160
R6_reacher_09cf773ec6c44d3a53bda2cc,H0,R4_ALT_CEM_1,PRED_PAST,1,2,1,1,1,8.15160846710205,8.588960647583008,/workspace/r8_fix/f2/FORMAL/R4_ALT_CEM_2/R6_reacher_0abbe32b49558f890c57967a/REFIT_103203/PRED_PAST/result.json,0ac4d820745bf7b457ed2f066827c06f1be54b9dc765081c911bd401e889b160
R6_reacher_09cf773ec6c44d3a53bda2cc,REFIT_103201,R4_ALT_CEM_1,PRED_PAST,0,2,1,1,1,8.169370651245117,8.118597030639648,/workspace/r8_fix/f2/FORMAL/R4_ALT_CEM_2/R6_reacher_0abbe32b49558f890c57967a/REFIT_103203/PRED_PAST/result.json,0ac4d820745bf7b457ed2f066827c06f1be54b9dc765081c911bd401e889b160
R6_reacher_09cf773ec6c44d3a53bda2cc,REFIT_103202,R4_ALT_CEM_1,PRED_PAST,1,2,1,1,1,7.98627233505249,7.974566459655762,/workspace/r8_fix/f2/FORMAL/R4_ALT_CEM_2/R6_reacher_0abbe32b49558f890c57967a/REFIT_103203/PRED_PAST/result.json,0ac4d820745bf7b457ed2f066827c06f1be54b9dc765081c911bd401e889b160
R6_reacher_09cf773ec6c44d3a53bda2cc,REFIT_103203,R4_ALT_CEM_1,PRED_PAST,1,2,1,1,1,8.050046920776367,8.042790412902832,/workspace/r8_fix/f2/FORMAL/R4_ALT_CEM_2/R6_reacher_0abbe32b49558f890c57967a/REFIT_103203/PRED_PAST/result.json,0ac4d820745bf7b457ed2f066827c06f1be54b9dc765081c911bd401e889b160
R6_reacher_0a1c76cdd10dec44fa26825d,H0,R4_ALT_CEM_1,PRED_PAST,0,2,1,1,1,4.696402072906494,4.63419771194458,/workspace/r8_fix/f2/FORMAL/R4_ALT_CEM_2/R6_reacher_0abbe32b49558f890c57967a/REFIT_103203/PRED_PAST/result.json,0ac4d820745bf7b457ed2f066827c06f1be54b9dc765081c911bd401e889b160
R6_reacher_0a1c76cdd10dec44fa26825d,REFIT_103201,R4_ALT_CEM_1,PRED_PAST,1,2,1,1,1,3.9783668518066406,4.016547679901123,/workspace/r8_fix/f2/FORMAL/R4_ALT_CEM_2/R6_reacher_0abbe32b49558f890c57967a/REFIT_103203/PRED_PAST/result.json,0ac4d820745bf7b457ed2f066827c06f1be54b9dc765081c911bd401e889b160
R6_reacher_0a1c76cdd10dec44fa26825d,REFIT_103202,R4_ALT_CEM_1,PRED_PAST,1,2,1,1,1,4.006936550140381,4.315469741821289,/workspace/r8_fix/f2/FORMAL/R4_ALT_CEM_2/R6_reacher_0abbe32b49558f890c57967a/REFIT_103203/PRED_PAST/result.json,0ac4d820745bf7b457ed2f066827c06f1be54b9dc765081c911bd401e889b160
R6_reacher_0a1c76cdd10dec44fa26825d,REFIT_103203,R4_ALT_CEM_1,PRED_PAST,1,2,1,1,1,3.9338674545288086,4.239601135253906,/workspace/r8_fix/f2/FORMAL/R4_ALT_CEM_2/R6_reacher_0abbe32b49558f890c57967a/REFIT_103203/PRED_PAST/result.json,0ac4d820745bf7b457ed2f066827c06f1be54b9dc765081c911bd401e889b160
R6_reacher_0a3276eb5547ed96f16b50c5,H0,R4_ALT_CEM_1,PRED_PAST,1,2,1,1,1,2.707127332687378,3.0800037384033203,/workspace/r8_fix/f2/FORMAL/R4_ALT_CEM_2/R6_reacher_0abbe32b49558f890c57967a/REFIT_103203/PRED_PAST/result.json,0ac4d820745bf7b457ed2f066827c06f1be54b9dc765081c911bd401e889b160
R6_reacher_0a3276eb5547ed96f16b50c5,REFIT_103201,R4_ALT_CEM_1,PRED_PAST,1,1,0,0,,,,/workspace/r8_fix/f2/FORMAL/R4_ALT_CEM_2/R6_reacher_0abbe32b49558f890c57967a/REFIT_103203/PRED_PAST/result.json,0ac4d820745bf7b457ed2f066827c06f1be54b9dc765081c911bd401e889b160
R6_reacher_0a3276eb5547ed96f16b50c5,REFIT_103202,R4_ALT_CEM_1,PRED_PAST,1,1,0,0,,,,/workspace/r8_fix/f2/FORMAL/R4_ALT_CEM_2/R6_reacher_0abbe32b49558f890c57967a/REFIT_103203/PRED_PAST/result.json,0ac4d820745bf7b457ed2f066827c06f1be54b9dc765081c911bd401e889b160
R6_reacher_0a3276eb5547ed96f16b50c5,REFIT_103203,R4_ALT_CEM_1,PRED_PAST,1,1,0,0,,,,/workspace/r8_fix/f2/FORMAL/R4_ALT_CEM_2/R6_reacher_0abbe32b49558f890c57967a/REFIT_103203/PRED_PAST/result.json,0ac4d820745bf7b457ed2f066827c06f1be54b9dc765081c911bd401e889b160
R6_reacher_0a34e5a0c99702c6891be14b,H0,R4_ALT_CEM_1,PRED_PAST,1,2,1,1,1,3.431954860687256,3.575446128845215,/workspace/r8_fix/f2/FORMAL/R4_ALT_CEM_2/R6_reacher_0abbe32b49558f890c57967a/REFIT_103203/PRED_PAST/result.json,0ac4d820745bf7b457ed2f066827c06f1be54b9dc765081c911bd401e889b160
R6_reacher_0a34e5a0c99702c6891be14b,REFIT_103201,R4_ALT_CEM_1,PRED_PAST,1,2,1,1,1,4.13388204574585,4.222909927368164,/workspace/r8_fix/f2/FORMAL/R4_ALT_CEM_2/R6_reacher_0abbe32b49558f890c57967a/REFIT_103203/PRED_PAST/result.json,0ac4d820745bf7b457ed2f066827c06f1be54b9dc765081c911bd401e889b160
R6_reacher_0a34e5a0c99702c6891be14b,REFIT_103202,R4_ALT_CEM_1,PRED_PAST,1,2,1,1,1,5.4300432205200195,5.7717766761779785,/workspace/r8_fix/f2/FORMAL/R4_ALT_CEM_2/R6_reacher_0abbe32b49558f890c57967a/REFIT_103203/PRED_PAST/result.json,0ac4d820745bf7b457ed2f066827c06f1be54b9dc765081c911bd401e889b160
R6_reacher_0a34e5a0c99702c6891be14b,REFIT_103203,R4_ALT_CEM_1,PRED_PAST,1,2,1,1,1,4.631291389465332,4.718888282775879,/workspace/r8_fix/f2/FORMAL/R4_ALT_CEM_2/R6_reacher_0abbe32b49558f890c57967a/REFIT_103203/PRED_PAST/result.json,0ac4d820745bf7b457ed2f066827c06f1be54b9dc765081c911bd401e889b160
R6_reacher_0a592ca5f4b1f51d4a757a50,H0,R4_ALT_CEM_1,PRED_PAST,1,2,1,1,1,3.4320273399353027,4.402416706085205,/workspace/r8_fix/f2/FORMAL/R4_ALT_CEM_2/R6_reacher_0abbe32b49558f890c57967a/REFIT_103203/PRED_PAST/result.json,0ac4d820745bf7b457ed2f066827c06f1be54b9dc765081c911bd401e889b160
R6_reacher_0a592ca5f4b1f51d4a757a50,REFIT_103201,R4_ALT_CEM_1,PRED_PAST,1,1,0,0,,,,/workspace/r8_fix/f2/FORMAL/R4_ALT_CEM_2/R6_reacher_0abbe32b49558f890c57967a/REFIT_103203/PRED_PAST/result.json,0ac4d820745bf7b457ed2f066827c06f1be54b9dc765081c911bd401e889b160
R6_reacher_0a592ca5f4b1f51d4a757a50,REFIT_103202,R4_ALT_CEM_1,PRED_PAST,1,1,0,0,,,,/workspace/r8_fix/f2/FORMAL/R4_ALT_CEM_2/R6_reacher_0abbe32b49558f890c57967a/REFIT_103203/PRED_PAST/result.json,0ac4d820745bf7b457ed2f066827c06f1be54b9dc765081c911bd401e889b160
R6_reacher_0a592ca5f4b1f51d4a757a50,REFIT_103203,R4_ALT_CEM_1,PRED_PAST,1,1,0,0,,,,/workspace/r8_fix/f2/FORMAL/R4_ALT_CEM_2/R6_reacher_0abbe32b49558f890c57967a/REFIT_103203/PRED_PAST/result.json,0ac4d820745bf7b457ed2f066827c06f1be54b9dc765081c911bd401e889b160
R6_reacher_0a67eaaa889aba7173dd8b5e,H0,R4_ALT_CEM_1,PRED_PAST,1,2,1,1,1,2.2890799045562744,2.395832061767578,/workspace/r8_fix/f2/FORMAL/R4_ALT_CEM_2/R6_reacher_0abbe32b49558f890c57967a/REFIT_103203/PRED_PAST/result.json,0ac4d820745bf7b457ed2f066827c06f1be54b9dc765081c911bd401e889b160
R6_reacher_0a67eaaa889aba7173dd8b5e,REFIT_103201,R4_ALT_CEM_1,PRED_PAST,1,2,1,1,1,2.837968587875366,3.1074869632720947,/workspace/r8_fix/f2/FORMAL/R4_ALT_CEM_2/R6_reacher_0abbe32b49558f890c57967a/REFIT_103203/PRED_PAST/result.json,0ac4d820745bf7b457ed2f066827c06f1be54b9dc765081c911bd401e889b160
R6_reacher_0a67eaaa889aba7173dd8b5e,REFIT_103202,R4_ALT_CEM_1,PRED_PAST,1,1,0,0,,,,/workspace/r8_fix/f2/FORMAL/R4_ALT_CEM_2/R6_reacher_0abbe32b49558f890c57967a/REFIT_103203/PRED_PAST/result.json,0ac4d820745bf7b457ed2f066827c06f1be54b9dc765081c911bd401e889b160
R6_reacher_0a67eaaa889aba7173dd8b5e,REFIT_103203,R4_ALT_CEM_1,PRED_PAST,1,1,0,0,,,,/workspace/r8_fix/f2/FORMAL/R4_ALT_CEM_2/R6_reacher_0abbe32b49558f890c57967a/REFIT_103203/PRED_PAST/result.json,0ac4d820745bf7b457ed2f066827c06f1be54b9dc765081c911bd401e889b160
R6_reacher_0a74deb4b05592118d0fafd9,H0,R4_ALT_CEM_1,PRED_PAST,1,2,1,1,1,4.944531440734863,5.25059175491333,/workspace/r8_fix/f2/FORMAL/R4_ALT_CEM_2/R6_reacher_0abbe32b49558f890c57967a/REFIT_103203/PRED_PAST/result.json,0ac4d820745bf7b457ed2f066827c06f1be54b9dc765081c911bd401e889b160
R6_reacher_0a74deb4b05592118d0fafd9,REFIT_103201,R4_ALT_CEM_1,PRED_PAST,1,2,1,1,1,3.807194232940674,3.740859270095825,/workspace/r8_fix/f2/FORMAL/R4_ALT_CEM_2/R6_reacher_0abbe32b49558f890c57967a/REFIT_103203/PRED_PAST/result.json,0ac4d820745bf7b457ed2f066827c06f1be54b9dc765081c911bd401e889b160
R6_reacher_0a74deb4b05592118d0fafd9,REFIT_103202,R4_ALT_CEM_1,PRED_PAST,1,2,1,1,1,4.359622478485107,4.603346824645996,/workspace/r8_fix/f2/FORMAL/R4_ALT_CEM_2/R6_reacher_0abbe32b49558f890c57967a/REFIT_103203/PRED_PAST/result.json,0ac4d820745bf7b457ed2f066827c06f1be54b9dc765081c911bd401e889b160
R6_reacher_0a74deb4b05592118d0fafd9,REFIT_103203,R4_ALT_CEM_1,PRED_PAST,1,2,1,1,1,4.0381598472595215,4.043490886688232,/workspace/r8_fix/f2/FORMAL/R4_ALT_CEM_2/R6_reacher_0abbe32b49558f890c57967a/REFIT_103203/PRED_PAST/result.json,0ac4d820745bf7b457ed2f066827c06f1be54b9dc765081c911bd401e889b160
R6_reacher_0a8ebf9f92e62de330d9759e,H0,R4_ALT_CEM_1,PRED_PAST,1,2,1,1,1,5.082529067993164,4.863205432891846,/workspace/r8_fix/f2/FORMAL/R4_ALT_CEM_2/R6_reacher_0abbe32b49558f890c57967a/REFIT_103203/PRED_PAST/result.json,0ac4d820745bf7b457ed2f066827c06f1be54b9dc765081c911bd401e889b160
R6_reacher_0a8ebf9f92e62de330d9759e,REFIT_103201,R4_ALT_CEM_1,PRED_PAST,0,2,1,1,1,4.359760284423828,4.10563850402832,/workspace/r8_fix/f2/FORMAL/R4_ALT_CEM_2/R6_reacher_0abbe32b49558f890c57967a/REFIT_103203/PRED_PAST/result.json,0ac4d820745bf7b457ed2f066827c06f1be54b9dc765081c911bd401e889b160
R6_reacher_0a8ebf9f92e62de330d9759e,REFIT_103202,R4_ALT_CEM_1,PRED_PAST,0,2,1,1,1,5.009576797485352,5.005866050720215,/workspace/r8_fix/f2/FORMAL/R4_ALT_CEM_2/R6_reacher_0abbe32b49558f890c57967a/REFIT_103203/PRED_PAST/result.json,0ac4d820745bf7b457ed2f066827c06f1be54b9dc765081c911bd401e889b160
R6_reacher_0a8ebf9f92e62de330d9759e,REFIT_103203,R4_ALT_CEM_1,PRED_PAST,1,2,1,1,1,6.206582069396973,5.822304725646973,/workspace/r8_fix/f2/FORMAL/R4_ALT_CEM_2/R6_reacher_0abbe32b49558f890c57967a/REFIT_103203/PRED_PAST/result.json,0ac4d820745bf7b457ed2f066827c06f1be54b9dc765081c911bd401e889b160
R6_reacher_0ab0d3473481dc3b32839a68,H0,R4_ALT_CEM_1,PRED_PAST,1,2,1,1,1,6.019847869873047,6.596632957458496,/workspace/r8_fix/f2/FORMAL/R4_ALT_CEM_2/R6_reacher_0abbe32b49558f890c57967a/REFIT_103203/PRED_PAST/result.json,0ac4d820745bf7b457ed2f066827c06f1be54b9dc765081c911bd401e889b160
R6_reacher_0ab0d3473481dc3b32839a68,REFIT_103201,R4_ALT_CEM_1,PRED_PAST,1,1,0,0,,,,/workspace/r8_fix/f2/FORMAL/R4_ALT_CEM_2/R6_reacher_0abbe32b49558f890c57967a/REFIT_103203/PRED_PAST/result.json,0ac4d820745bf7b457ed2f066827c06f1be54b9dc765081c911bd401e889b160
R6_reacher_0ab0d3473481dc3b32839a68,REFIT_103202,R4_ALT_CEM_1,PRED_PAST,1,1,0,0,,,,/workspace/r8_fix/f2/FORMAL/R4_ALT_CEM_2/R6_reacher_0abbe32b49558f890c57967a/REFIT_103203/PRED_PAST/result.json,0ac4d820745bf7b457ed2f066827c06f1be54b9dc765081c911bd401e889b160
R6_reacher_0ab0d3473481dc3b32839a68,REFIT_103203,R4_ALT_CEM_1,PRED_PAST,1,1,0,0,,,,/workspace/r8_fix/f2/FORMAL/R4_ALT_CEM_2/R6_reacher_0abbe32b49558f890c57967a/REFIT_103203/PRED_PAST/result.json,0ac4d820745bf7b457ed2f066827c06f1be54b9dc765081c911bd401e889b160
R6_reacher_0ab3257343137f1e2ae074cc,H0,R4_ALT_CEM_1,PRED_PAST,1,1,0,0,,,,/workspace/r8_fix/f2/FORMAL/R4_ALT_CEM_2/R6_reacher_0abbe32b49558f890c57967a/REFIT_103203/PRED_PAST/result.json,0ac4d820745bf7b457ed2f066827c06f1be54b9dc765081c911bd401e889b160
R6_reacher_0ab3257343137f1e2ae074cc,REFIT_103201,R4_ALT_CEM_1,PRED_PAST,1,1,0,0,,,,/workspace/r8_fix/f2/FORMAL/R4_ALT_CEM_2/R6_reacher_0abbe32b49558f890c57967a/REFIT_103203/PRED_PAST/result.json,0ac4d820745bf7b457ed2f066827c06f1be54b9dc765081c911bd401e889b160
R6_reacher_0ab3257343137f1e2ae074cc,REFIT_103202,R4_ALT_CEM_1,PRED_PAST,1,1,0,0,,,,/workspace/r8_fix/f2/FORMAL/R4_ALT_CEM_2/R6_reacher_0abbe32b49558f890c57967a/REFIT_103203/PRED_PAST/result.json,0ac4d820745bf7b457ed2f066827c06f1be54b9dc765081c911bd401e889b160
R6_reacher_0ab3257343137f1e2ae074cc,REFIT_103203,R4_ALT_CEM_1,PRED_PAST,1,1,0,0,,,,/workspace/r8_fix/f2/FORMAL/R4_ALT_CEM_2/R6_reacher_0abbe32b49558f890c57967a/REFIT_103203/PRED_PAST/result.json,0ac4d820745bf7b457ed2f066827c06f1be54b9dc765081c911bd401e889b160
R6_reacher_0abbe32b49558f890c57967a,H0,R4_ALT_CEM_1,PRED_PAST,1,2,1,1,1,4.510722637176514,4.827553749084473,/workspace/r8_fix/f2/FORMAL/R4_ALT_CEM_2/R6_reacher_0abbe32b49558f890c57967a/REFIT_103203/PRED_PAST/result.json,0ac4d820745bf7b457ed2f066827c06f1be54b9dc765081c911bd401e889b160
R6_reacher_0abbe32b49558f890c57967a,REFIT_103201,R4_ALT_CEM_1,PRED_PAST,1,1,0,0,,,,/workspace/r8_fix/f2/FORMAL/R4_ALT_CEM_2/R6_reacher_0abbe32b49558f890c57967a/REFIT_103203/PRED_PAST/result.json,0ac4d820745bf7b457ed2f066827c06f1be54b9dc765081c911bd401e889b160
R6_reacher_0abbe32b49558f890c57967a,REFIT_103202,R4_ALT_CEM_1,PRED_PAST,1,2,1,1,1,2.959630250930786,2.8618381023406982,/workspace/r8_fix/f2/FORMAL/R4_ALT_CEM_2/R6_reacher_0abbe32b49558f890c57967a/REFIT_103203/PRED_PAST/result.json,0ac4d820745bf7b457ed2f066827c06f1be54b9dc765081c911bd401e889b160
R6_reacher_0abbe32b49558f890c57967a,REFIT_103203,R4_ALT_CEM_1,PRED_PAST,1,1,0,0,,,,/workspace/r8_fix/f2/FORMAL/R4_ALT_CEM_2/R6_reacher_0abbe32b49558f890c57967a/REFIT_103203/PRED_PAST/result.json,0ac4d820745bf7b457ed2f066827c06f1be54b9dc765081c911bd401e889b160
R6_reacher_004a2bdf27d8bfceafa73467,H0,R4_ALT_CEM_2,PRED_PAST,1,2,1,1,1,6.639163017272949,7.743775367736816,/workspace/r8_fix/f2/FORMAL/R4_ALT_CEM_2/R6_reacher_0abbe32b49558f890c57967a/REFIT_103203/PRED_PAST/result.json,0ac4d820745bf7b457ed2f066827c06f1be54b9dc765081c911bd401e889b160
R6_reacher_004a2bdf27d8bfceafa73467,REFIT_103201,R4_ALT_CEM_2,PRED_PAST,1,2,1,1,1,4.1516571044921875,4.215775966644287,/workspace/r8_fix/f2/FORMAL/R4_ALT_CEM_2/R6_reacher_0abbe32b49558f890c57967a/REFIT_103203/PRED_PAST/result.json,0ac4d820745bf7b457ed2f066827c06f1be54b9dc765081c911bd401e889b160
R6_reacher_004a2bdf27d8bfceafa73467,REFIT_103202,R4_ALT_CEM_2,PRED_PAST,1,2,1,1,1,4.779377460479736,4.037747859954834,/workspace/r8_fix/f2/FORMAL/R4_ALT_CEM_2/R6_reacher_0abbe32b49558f890c57967a/REFIT_103203/PRED_PAST/result.json,0ac4d820745bf7b457ed2f066827c06f1be54b9dc765081c911bd401e889b160
R6_reacher_004a2bdf27d8bfceafa73467,REFIT_103203,R4_ALT_CEM_2,PRED_PAST,1,2,1,1,1,4.8935017585754395,3.899689197540283,/workspace/r8_fix/f2/FORMAL/R4_ALT_CEM_2/R6_reacher_0abbe32b49558f890c57967a/REFIT_103203/PRED_PAST/result.json,0ac4d820745bf7b457ed2f066827c06f1be54b9dc765081c911bd401e889b160
R6_reacher_005a9d4fafe8239392288119,H0,R4_ALT_CEM_2,PRED_PAST,1,2,1,1,1,5.425937652587891,5.929110527038574,/workspace/r8_fix/f2/FORMAL/R4_ALT_CEM_2/R6_reacher_0abbe32b49558f890c57967a/REFIT_103203/PRED_PAST/result.json,0ac4d820745bf7b457ed2f066827c06f1be54b9dc765081c911bd401e889b160
R6_reacher_005a9d4fafe8239392288119,REFIT_103201,R4_ALT_CEM_2,PRED_PAST,1,2,1,1,1,5.933966159820557,5.780331134796143,/workspace/r8_fix/f2/FORMAL/R4_ALT_CEM_2/R6_reacher_0abbe32b49558f890c57967a/REFIT_103203/PRED_PAST/result.json,0ac4d820745bf7b457ed2f066827c06f1be54b9dc765081c911bd401e889b160
R6_reacher_005a9d4fafe8239392288119,REFIT_103202,R4_ALT_CEM_2,PRED_PAST,1,1,0,0,,,,/workspace/r8_fix/f2/FORMAL/R4_ALT_CEM_2/R6_reacher_0abbe32b49558f890c57967a/REFIT_103203/PRED_PAST/result.json,0ac4d820745bf7b457ed2f066827c06f1be54b9dc765081c911bd401e889b160
R6_reacher_005a9d4fafe8239392288119,REFIT_103203,R4_ALT_CEM_2,PRED_PAST,1,2,1,1,1,6.134581089019775,6.202406883239746,/workspace/r8_fix/f2/FORMAL/R4_ALT_CEM_2/R6_reacher_0abbe32b49558f890c57967a/REFIT_103203/PRED_PAST/result.json,0ac4d820745bf7b457ed2f066827c06f1be54b9dc765081c911bd401e889b160
R6_reacher_01140d82262ee0be1b888afa,H0,R4_ALT_CEM_2,PRED_PAST,1,2,1,1,1,12.185247421264648,12.811256408691406,/workspace/r8_fix/f2/FORMAL/R4_ALT_CEM_2/R6_reacher_0abbe32b49558f890c57967a/REFIT_103203/PRED_PAST/result.json,0ac4d820745bf7b457ed2f066827c06f1be54b9dc765081c911bd401e889b160
R6_reacher_01140d82262ee0be1b888afa,REFIT_103201,R4_ALT_CEM_2,PRED_PAST,1,2,1,1,1,11.60000228881836,11.915852546691895,/workspace/r8_fix/f2/FORMAL/R4_ALT_CEM_2/R6_reacher_0abbe32b49558f890c57967a/REFIT_103203/PRED_PAST/result.json,0ac4d820745bf7b457ed2f066827c06f1be54b9dc765081c911bd401e889b160
R6_reacher_01140d82262ee0be1b888afa,REFIT_103202,R4_ALT_CEM_2,PRED_PAST,1,2,1,1,1,12.221631050109863,12.888622283935547,/workspace/r8_fix/f2/FORMAL/R4_ALT_CEM_2/R6_reacher_0abbe32b49558f890c57967a/REFIT_103203/PRED_PAST/result.json,0ac4d820745bf7b457ed2f066827c06f1be54b9dc765081c911bd401e889b160
R6_reacher_01140d82262ee0be1b888afa,REFIT_103203,R4_ALT_CEM_2,PRED_PAST,1,2,1,1,1,11.792740821838379,12.10184097290039,/workspace/r8_fix/f2/FORMAL/R4_ALT_CEM_2/R6_reacher_0abbe32b49558f890c57967a/REFIT_103203/PRED_PAST/result.json,0ac4d820745bf7b457ed2f066827c06f1be54b9dc765081c911bd401e889b160
R6_reacher_011ea9fb18f79bb320718d2e,H0,R4_ALT_CEM_2,PRED_PAST,1,1,0,0,,,,/workspace/r8_fix/f2/FORMAL/R4_ALT_CEM_2/R6_reacher_0abbe32b49558f890c57967a/REFIT_103203/PRED_PAST/result.json,0ac4d820745bf7b457ed2f066827c06f1be54b9dc765081c911bd401e889b160
R6_reacher_011ea9fb18f79bb320718d2e,REFIT_103201,R4_ALT_CEM_2,PRED_PAST,1,1,0,0,,,,/workspace/r8_fix/f2/FORMAL/R4_ALT_CEM_2/R6_reacher_0abbe32b49558f890c57967a/REFIT_103203/PRED_PAST/result.json,0ac4d820745bf7b457ed2f066827c06f1be54b9dc765081c911bd401e889b160
R6_reacher_011ea9fb18f79bb320718d2e,REFIT_103202,R4_ALT_CEM_2,PRED_PAST,1,1,0,0,,,,/workspace/r8_fix/f2/FORMAL/R4_ALT_CEM_2/R6_reacher_0abbe32b49558f890c57967a/REFIT_103203/PRED_PAST/result.json,0ac4d820745bf7b457ed2f066827c06f1be54b9dc765081c911bd401e889b160
R6_reacher_011ea9fb18f79bb320718d2e,REFIT_103203,R4_ALT_CEM_2,PRED_PAST,1,1,0,0,,,,/workspace/r8_fix/f2/FORMAL/R4_ALT_CEM_2/R6_reacher_0abbe32b49558f890c57967a/REFIT_103203/PRED_PAST/result.json,0ac4d820745bf7b457ed2f066827c06f1be54b9dc765081c911bd401e889b160
R6_reacher_012dddba11ae750296fdc988,H0,R4_ALT_CEM_2,PRED_PAST,1,1,0,0,,,,/workspace/r8_fix/f2/FORMAL/R4_ALT_CEM_2/R6_reacher_0abbe32b49558f890c57967a/REFIT_103203/PRED_PAST/result.json,0ac4d820745bf7b457ed2f066827c06f1be54b9dc765081c911bd401e889b160
R6_reacher_012dddba11ae750296fdc988,REFIT_103201,R4_ALT_CEM_2,PRED_PAST,1,1,0,0,,,,/workspace/r8_fix/f2/FORMAL/R4_ALT_CEM_2/R6_reacher_0abbe32b49558f890c57967a/REFIT_103203/PRED_PAST/result.json,0ac4d820745bf7b457ed2f066827c06f1be54b9dc765081c911bd401e889b160
R6_reacher_012dddba11ae750296fdc988,REFIT_103202,R4_ALT_CEM_2,PRED_PAST,1,1,0,0,,,,/workspace/r8_fix/f2/FORMAL/R4_ALT_CEM_2/R6_reacher_0abbe32b49558f890c57967a/REFIT_103203/PRED_PAST/result.json,0ac4d820745bf7b457ed2f066827c06f1be54b9dc765081c911bd401e889b160
R6_reacher_012dddba11ae750296fdc988,REFIT_103203,R4_ALT_CEM_2,PRED_PAST,1,1,0,0,,,,/workspace/r8_fix/f2/FORMAL/R4_ALT_CEM_2/R6_reacher_0abbe32b49558f890c57967a/REFIT_103203/PRED_PAST/result.json,0ac4d820745bf7b457ed2f066827c06f1be54b9dc765081c911bd401e889b160
R6_reacher_01376a746a41e9e26d1e8b2e,H0,R4_ALT_CEM_2,PRED_PAST,1,2,1,1,1,3.52351713180542,3.911161422729492,/workspace/r8_fix/f2/FORMAL/R4_ALT_CEM_2/R6_reacher_0abbe32b49558f890c57967a/REFIT_103203/PRED_PAST/result.json,0ac4d820745bf7b457ed2f066827c06f1be54b9dc765081c911bd401e889b160
R6_reacher_01376a746a41e9e26d1e8b2e,REFIT_103201,R4_ALT_CEM_2,PRED_PAST,1,2,1,1,1,2.644583225250244,2.4596853256225586,/workspace/r8_fix/f2/FORMAL/R4_ALT_CEM_2/R6_reacher_0abbe32b49558f890c57967a/REFIT_103203/PRED_PAST/result.json,0ac4d820745bf7b457ed2f066827c06f1be54b9dc765081c911bd401e889b160
R6_reacher_01376a746a41e9e26d1e8b2e,REFIT_103202,R4_ALT_CEM_2,PRED_PAST,1,2,1,1,1,2.3265790939331055,2.3297717571258545,/workspace/r8_fix/f2/FORMAL/R4_ALT_CEM_2/R6_reacher_0abbe32b49558f890c57967a/REFIT_103203/PRED_PAST/result.json,0ac4d820745bf7b457ed2f066827c06f1be54b9dc765081c911bd401e889b160
R6_reacher_01376a746a41e9e26d1e8b2e,REFIT_103203,R4_ALT_CEM_2,PRED_PAST,1,2,1,1,1,2.438307523727417,2.3128585815429688,/workspace/r8_fix/f2/FORMAL/R4_ALT_CEM_2/R6_reacher_0abbe32b49558f890c57967a/REFIT_103203/PRED_PAST/result.json,0ac4d820745bf7b457ed2f066827c06f1be54b9dc765081c911bd401e889b160
R6_reacher_0184346c125528018922c654,H0,R4_ALT_CEM_2,PRED_PAST,1,2,1,1,1,4.178613185882568,4.6684722900390625,/workspace/r8_fix/f2/FORMAL/R4_ALT_CEM_2/R6_reacher_0abbe32b49558f890c57967a/REFIT_103203/PRED_PAST/result.json,0ac4d820745bf7b457ed2f066827c06f1be54b9dc765081c911bd401e889b160
R6_reacher_0184346c125528018922c654,REFIT_103201,R4_ALT_CEM_2,PRED_PAST,1,2,1,1,1,3.086805820465088,3.1443023681640625,/workspace/r8_fix/f2/FORMAL/R4_ALT_CEM_2/R6_reacher_0abbe32b49558f890c57967a/REFIT_103203/PRED_PAST/result.json,0ac4d820745bf7b457ed2f066827c06f1be54b9dc765081c911bd401e889b160
R6_reacher_0184346c125528018922c654,REFIT_103202,R4_ALT_CEM_2,PRED_PAST,1,2,1,1,1,2.9787886142730713,3.0183258056640625,/workspace/r8_fix/f2/FORMAL/R4_ALT_CEM_2/R6_reacher_0abbe32b49558f890c57967a/REFIT_103203/PRED_PAST/result.json,0ac4d820745bf7b457ed2f066827c06f1be54b9dc765081c911bd401e889b160
R6_reacher_0184346c125528018922c654,REFIT_103203,R4_ALT_CEM_2,PRED_PAST,0,2,1,1,1,2.9800617694854736,3.101285457611084,/workspace/r8_fix/f2/FORMAL/R4_ALT_CEM_2/R6_reacher_0abbe32b49558f890c57967a/REFIT_103203/PRED_PAST/result.json,0ac4d820745bf7b457ed2f066827c06f1be54b9dc765081c911bd401e889b160
R6_reacher_0192eda575e790d45853b4a8,H0,R4_ALT_CEM_2,PRED_PAST,0,2,1,1,1,5.307845115661621,5.302072048187256,/workspace/r8_fix/f2/FORMAL/R4_ALT_CEM_2/R6_reacher_0abbe32b49558f890c57967a/REFIT_103203/PRED_PAST/result.json,0ac4d820745bf7b457ed2f066827c06f1be54b9dc765081c911bd401e889b160
R6_reacher_0192eda575e790d45853b4a8,REFIT_103201,R4_ALT_CEM_2,PRED_PAST,1,2,1,1,1,2.3925881385803223,2.64231276512146,/workspace/r8_fix/f2/FORMAL/R4_ALT_CEM_2/R6_reacher_0abbe32b49558f890c57967a/REFIT_103203/PRED_PAST/result.json,0ac4d820745bf7b457ed2f066827c06f1be54b9dc765081c911bd401e889b160
R6_reacher_0192eda575e790d45853b4a8,REFIT_103202,R4_ALT_CEM_2,PRED_PAST,1,2,1,1,1,4.205570220947266,4.251356601715088,/workspace/r8_fix/f2/FORMAL/R4_ALT_CEM_2/R6_reacher_0abbe32b49558f890c57967a/REFIT_103203/PRED_PAST/result.json,0ac4d820745bf7b457ed2f066827c06f1be54b9dc765081c911bd401e889b160
R6_reacher_0192eda575e790d45853b4a8,REFIT_103203,R4_ALT_CEM_2,PRED_PAST,1,1,0,0,,,,/workspace/r8_fix/f2/FORMAL/R4_ALT_CEM_2/R6_reacher_0abbe32b49558f890c57967a/REFIT_103203/PRED_PAST/result.json,0ac4d820745bf7b457ed2f066827c06f1be54b9dc765081c911bd401e889b160
R6_reacher_01a317a7971dd8b32b9e544f,H0,R4_ALT_CEM_2,PRED_PAST,1,2,1,1,1,4.902949333190918,3.634856939315796,/workspace/r8_fix/f2/FORMAL/R4_ALT_CEM_2/R6_reacher_0abbe32b49558f890c57967a/REFIT_103203/PRED_PAST/result.json,0ac4d820745bf7b457ed2f066827c06f1be54b9dc765081c911bd401e889b160
R6_reacher_01a317a7971dd8b32b9e544f,REFIT_103201,R4_ALT_CEM_2,PRED_PAST,1,1,0,0,,,,/workspace/r8_fix/f2/FORMAL/R4_ALT_CEM_2/R6_reacher_0abbe32b49558f890c57967a/REFIT_103203/PRED_PAST/result.json,0ac4d820745bf7b457ed2f066827c06f1be54b9dc765081c911bd401e889b160
R6_reacher_01a317a7971dd8b32b9e544f,REFIT_103202,R4_ALT_CEM_2,PRED_PAST,1,2,1,1,1,3.488281488418579,3.346261739730835,/workspace/r8_fix/f2/FORMAL/R4_ALT_CEM_2/R6_reacher_0abbe32b49558f890c57967a/REFIT_103203/PRED_PAST/result.json,0ac4d820745bf7b457ed2f066827c06f1be54b9dc765081c911bd401e889b160
R6_reacher_01a317a7971dd8b32b9e544f,REFIT_103203,R4_ALT_CEM_2,PRED_PAST,1,1,0,0,,,,/workspace/r8_fix/f2/FORMAL/R4_ALT_CEM_2/R6_reacher_0abbe32b49558f890c57967a/REFIT_103203/PRED_PAST/result.json,0ac4d820745bf7b457ed2f066827c06f1be54b9dc765081c911bd401e889b160
R6_reacher_01a369b2316f5e495d770946,H0,R4_ALT_CEM_2,PRED_PAST,1,2,1,1,1,3.1571056842803955,2.9181177616119385,/workspace/r8_fix/f2/FORMAL/R4_ALT_CEM_2/R6_reacher_0abbe32b49558f890c57967a/REFIT_103203/PRED_PAST/result.json,0ac4d820745bf7b457ed2f066827c06f1be54b9dc765081c911bd401e889b160
R6_reacher_01a369b2316f5e495d770946,REFIT_103201,R4_ALT_CEM_2,PRED_PAST,1,2,1,1,1,3.277963161468506,3.758371114730835,/workspace/r8_fix/f2/FORMAL/R4_ALT_CEM_2/R6_reacher_0abbe32b49558f890c57967a/REFIT_103203/PRED_PAST/result.json,0ac4d820745bf7b457ed2f066827c06f1be54b9dc765081c911bd401e889b160
R6_reacher_01a369b2316f5e495d770946,REFIT_103202,R4_ALT_CEM_2,PRED_PAST,1,2,1,1,1,3.0044236183166504,2.552985906600952,/workspace/r8_fix/f2/FORMAL/R4_ALT_CEM_2/R6_reacher_0abbe32b49558f890c57967a/REFIT_103203/PRED_PAST/result.json,0ac4d820745bf7b457ed2f066827c06f1be54b9dc765081c911bd401e889b160
R6_reacher_01a369b2316f5e495d770946,REFIT_103203,R4_ALT_CEM_2,PRED_PAST,1,2,1,1,1,3.4456357955932617,3.8372340202331543,/workspace/r8_fix/f2/FORMAL/R4_ALT_CEM_2/R6_reacher_0abbe32b49558f890c57967a/REFIT_103203/PRED_PAST/result.json,0ac4d820745bf7b457ed2f066827c06f1be54b9dc765081c911bd401e889b160
R6_reacher_01a7354c1ecb23a787077139,H0,R4_ALT_CEM_2,PRED_PAST,1,1,0,0,,,,/workspace/r8_fix/f2/FORMAL/R4_ALT_CEM_2/R6_reacher_0abbe32b49558f890c57967a/REFIT_103203/PRED_PAST/result.json,0ac4d820745bf7b457ed2f066827c06f1be54b9dc765081c911bd401e889b160
R6_reacher_01a7354c1ecb23a787077139,REFIT_103201,R4_ALT_CEM_2,PRED_PAST,1,1,0,0,,,,/workspace/r8_fix/f2/FORMAL/R4_ALT_CEM_2/R6_reacher_0abbe32b49558f890c57967a/REFIT_103203/PRED_PAST/result.json,0ac4d820745bf7b457ed2f066827c06f1be54b9dc765081c911bd401e889b160
R6_reacher_01a7354c1ecb23a787077139,REFIT_103202,R4_ALT_CEM_2,PRED_PAST,1,1,0,0,,,,/workspace/r8_fix/f2/FORMAL/R4_ALT_CEM_2/R6_reacher_0abbe32b49558f890c57967a/REFIT_103203/PRED_PAST/result.json,0ac4d820745bf7b457ed2f066827c06f1be54b9dc765081c911bd401e889b160
R6_reacher_01a7354c1ecb23a787077139,REFIT_103203,R4_ALT_CEM_2,PRED_PAST,1,1,0,0,,,,/workspace/r8_fix/f2/FORMAL/R4_ALT_CEM_2/R6_reacher_0abbe32b49558f890c57967a/REFIT_103203/PRED_PAST/result.json,0ac4d820745bf7b457ed2f066827c06f1be54b9dc765081c911bd401e889b160
R6_reacher_01f4491b43897667d92d30bf,H0,R4_ALT_CEM_2,PRED_PAST,0,2,1,1,1,7.887807369232178,7.7473673820495605,/workspace/r8_fix/f2/FORMAL/R4_ALT_CEM_2/R6_reacher_0abbe32b49558f890c57967a/REFIT_103203/PRED_PAST/result.json,0ac4d820745bf7b457ed2f066827c06f1be54b9dc765081c911bd401e889b160
R6_reacher_01f4491b43897667d92d30bf,REFIT_103201,R4_ALT_CEM_2,PRED_PAST,1,2,1,1,1,7.495413780212402,7.774892330169678,/workspace/r8_fix/f2/FORMAL/R4_ALT_CEM_2/R6_reacher_0abbe32b49558f890c57967a/REFIT_103203/PRED_PAST/result.json,0ac4d820745bf7b457ed2f066827c06f1be54b9dc765081c911bd401e889b160
R6_reacher_01f4491b43897667d92d30bf,REFIT_103202,R4_ALT_CEM_2,PRED_PAST,0,2,1,1,1,7.4342451095581055,7.590644836425781,/workspace/r8_fix/f2/FORMAL/R4_ALT_CEM_2/R6_reacher_0abbe32b49558f890c57967a/REFIT_103203/PRED_PAST/result.json,0ac4d820745bf7b457ed2f066827c06f1be54b9dc765081c911bd401e889b160
R6_reacher_01f4491b43897667d92d30bf,REFIT_103203,R4_ALT_CEM_2,PRED_PAST,1,2,1,1,1,7.459874153137207,7.824640274047852,/workspace/r8_fix/f2/FORMAL/R4_ALT_CEM_2/R6_reacher_0abbe32b49558f890c57967a/REFIT_103203/PRED_PAST/result.json,0ac4d820745bf7b457ed2f066827c06f1be54b9dc765081c911bd401e889b160
R6_reacher_01f5771f4bd3fe2f344b4afe,H0,R4_ALT_CEM_2,PRED_PAST,1,1,0,0,,,,/workspace/r8_fix/f2/FORMAL/R4_ALT_CEM_2/R6_reacher_0abbe32b49558f890c57967a/REFIT_103203/PRED_PAST/result.json,0ac4d820745bf7b457ed2f066827c06f1be54b9dc765081c911bd401e889b160
R6_reacher_01f5771f4bd3fe2f344b4afe,REFIT_103201,R4_ALT_CEM_2,PRED_PAST,1,1,0,0,,,,/workspace/r8_fix/f2/FORMAL/R4_ALT_CEM_2/R6_reacher_0abbe32b49558f890c57967a/REFIT_103203/PRED_PAST/result.json,0ac4d820745bf7b457ed2f066827c06f1be54b9dc765081c911bd401e889b160
R6_reacher_01f5771f4bd3fe2f344b4afe,REFIT_103202,R4_ALT_CEM_2,PRED_PAST,1,1,0,0,,,,/workspace/r8_fix/f2/FORMAL/R4_ALT_CEM_2/R6_reacher_0abbe32b49558f890c57967a/REFIT_103203/PRED_PAST/result.json,0ac4d820745bf7b457ed2f066827c06f1be54b9dc765081c911bd401e889b160
R6_reacher_01f5771f4bd3fe2f344b4afe,REFIT_103203,R4_ALT_CEM_2,PRED_PAST,1,1,0,0,,,,/workspace/r8_fix/f2/FORMAL/R4_ALT_CEM_2/R6_reacher_0abbe32b49558f890c57967a/REFIT_103203/PRED_PAST/result.json,0ac4d820745bf7b457ed2f066827c06f1be54b9dc765081c911bd401e889b160
R6_reacher_02363949abe1b34ce169a168,H0,R4_ALT_CEM_2,PRED_PAST,1,2,1,1,1,4.2328009605407715,3.8759427070617676,/workspace/r8_fix/f2/FORMAL/R4_ALT_CEM_2/R6_reacher_0abbe32b49558f890c57967a/REFIT_103203/PRED_PAST/result.json,0ac4d820745bf7b457ed2f066827c06f1be54b9dc765081c911bd401e889b160
R6_reacher_02363949abe1b34ce169a168,REFIT_103201,R4_ALT_CEM_2,PRED_PAST,1,2,1,1,1,4.285553932189941,4.201607704162598,/workspace/r8_fix/f2/FORMAL/R4_ALT_CEM_2/R6_reacher_0abbe32b49558f890c57967a/REFIT_103203/PRED_PAST/result.json,0ac4d820745bf7b457ed2f066827c06f1be54b9dc765081c911bd401e889b160
R6_reacher_02363949abe1b34ce169a168,REFIT_103202,R4_ALT_CEM_2,PRED_PAST,1,2,1,1,1,3.6257264614105225,3.807487964630127,/workspace/r8_fix/f2/FORMAL/R4_ALT_CEM_2/R6_reacher_0abbe32b49558f890c57967a/REFIT_103203/PRED_PAST/result.json,0ac4d820745bf7b457ed2f066827c06f1be54b9dc765081c911bd401e889b160
R6_reacher_02363949abe1b34ce169a168,REFIT_103203,R4_ALT_CEM_2,PRED_PAST,1,2,1,1,1,4.049715042114258,4.069062232971191,/workspace/r8_fix/f2/FORMAL/R4_ALT_CEM_2/R6_reacher_0abbe32b49558f890c57967a/REFIT_103203/PRED_PAST/result.json,0ac4d820745bf7b457ed2f066827c06f1be54b9dc765081c911bd401e889b160
R6_reacher_0236acda3799285bc7c01150,H0,R4_ALT_CEM_2,PRED_PAST,1,2,1,1,1,1.481446623802185,1.827783465385437,/workspace/r8_fix/f2/FORMAL/R4_ALT_CEM_2/R6_reacher_0abbe32b49558f890c57967a/REFIT_103203/PRED_PAST/result.json,0ac4d820745bf7b457ed2f066827c06f1be54b9dc765081c911bd401e889b160
R6_reacher_0236acda3799285bc7c01150,REFIT_103201,R4_ALT_CEM_2,PRED_PAST,1,1,0,0,,,,/workspace/r8_fix/f2/FORMAL/R4_ALT_CEM_2/R6_reacher_0abbe32b49558f890c57967a/REFIT_103203/PRED_PAST/result.json,0ac4d820745bf7b457ed2f066827c06f1be54b9dc765081c911bd401e889b160
R6_reacher_0236acda3799285bc7c01150,REFIT_103202,R4_ALT_CEM_2,PRED_PAST,1,2,1,1,1,2.789182186126709,2.8253257274627686,/workspace/r8_fix/f2/FORMAL/R4_ALT_CEM_2/R6_reacher_0abbe32b49558f890c57967a/REFIT_103203/PRED_PAST/result.json,0ac4d820745bf7b457ed2f066827c06f1be54b9dc765081c911bd401e889b160
R6_reacher_0236acda3799285bc7c01150,REFIT_103203,R4_ALT_CEM_2,PRED_PAST,1,1,0,0,,,,/workspace/r8_fix/f2/FORMAL/R4_ALT_CEM_2/R6_reacher_0abbe32b49558f890c57967a/REFIT_103203/PRED_PAST/result.json,0ac4d820745bf7b457ed2f066827c06f1be54b9dc765081c911bd401e889b160
R6_reacher_0240bbadbe9657118f04a00f,H0,R4_ALT_CEM_2,PRED_PAST,1,1,0,0,,,,/workspace/r8_fix/f2/FORMAL/R4_ALT_CEM_2/R6_reacher_0abbe32b49558f890c57967a/REFIT_103203/PRED_PAST/result.json,0ac4d820745bf7b457ed2f066827c06f1be54b9dc765081c911bd401e889b160
R6_reacher_0240bbadbe9657118f04a00f,REFIT_103201,R4_ALT_CEM_2,PRED_PAST,1,1,0,0,,,,/workspace/r8_fix/f2/FORMAL/R4_ALT_CEM_2/R6_reacher_0abbe32b49558f890c57967a/REFIT_103203/PRED_PAST/result.json,0ac4d820745bf7b457ed2f066827c06f1be54b9dc765081c911bd401e889b160
R6_reacher_0240bbadbe9657118f04a00f,REFIT_103202,R4_ALT_CEM_2,PRED_PAST,1,2,1,1,1,3.4280214309692383,3.4270119667053223,/workspace/r8_fix/f2/FORMAL/R4_ALT_CEM_2/R6_reacher_0abbe32b49558f890c57967a/REFIT_103203/PRED_PAST/result.json,0ac4d820745bf7b457ed2f066827c06f1be54b9dc765081c911bd401e889b160
R6_reacher_0240bbadbe9657118f04a00f,REFIT_103203,R4_ALT_CEM_2,PRED_PAST,1,1,0,0,,,,/workspace/r8_fix/f2/FORMAL/R4_ALT_CEM_2/R6_reacher_0abbe32b49558f890c57967a/REFIT_103203/PRED_PAST/result.json,0ac4d820745bf7b457ed2f066827c06f1be54b9dc765081c911bd401e889b160
R6_reacher_026d9ade4b09a32c4196f539,H0,R4_ALT_CEM_2,PRED_PAST,1,2,1,1,1,3.2107224464416504,2.8983283042907715,/workspace/r8_fix/f2/FORMAL/R4_ALT_CEM_2/R6_reacher_0abbe32b49558f890c57967a/REFIT_103203/PRED_PAST/result.json,0ac4d820745bf7b457ed2f066827c06f1be54b9dc765081c911bd401e889b160
R6_reacher_026d9ade4b09a32c4196f539,REFIT_103201,R4_ALT_CEM_2,PRED_PAST,1,2,1,1,1,2.2327017784118652,2.261014699935913,/workspace/r8_fix/f2/FORMAL/R4_ALT_CEM_2/R6_reacher_0abbe32b49558f890c57967a/REFIT_103203/PRED_PAST/result.json,0ac4d820745bf7b457ed2f066827c06f1be54b9dc765081c911bd401e889b160
R6_reacher_026d9ade4b09a32c4196f539,REFIT_103202,R4_ALT_CEM_2,PRED_PAST,1,2,1,1,1,2.490232467651367,2.5421929359436035,/workspace/r8_fix/f2/FORMAL/R4_ALT_CEM_2/R6_reacher_0abbe32b49558f890c57967a/REFIT_103203/PRED_PAST/result.json,0ac4d820745bf7b457ed2f066827c06f1be54b9dc765081c911bd401e889b160
R6_reacher_026d9ade4b09a32c4196f539,REFIT_103203,R4_ALT_CEM_2,PRED_PAST,1,2,1,1,1,2.4918415546417236,2.3636677265167236,/workspace/r8_fix/f2/FORMAL/R4_ALT_CEM_2/R6_reacher_0abbe32b49558f890c57967a/REFIT_103203/PRED_PAST/result.json,0ac4d820745bf7b457ed2f066827c06f1be54b9dc765081c911bd401e889b160
R6_reacher_027fb56ab9bbb246ba323f0b,H0,R4_ALT_CEM_2,PRED_PAST,1,1,0,0,,,,/workspace/r8_fix/f2/FORMAL/R4_ALT_CEM_2/R6_reacher_0abbe32b49558f890c57967a/REFIT_103203/PRED_PAST/result.json,0ac4d820745bf7b457ed2f066827c06f1be54b9dc765081c911bd401e889b160
R6_reacher_027fb56ab9bbb246ba323f0b,REFIT_103201,R4_ALT_CEM_2,PRED_PAST,1,1,0,0,,,,/workspace/r8_fix/f2/FORMAL/R4_ALT_CEM_2/R6_reacher_0abbe32b49558f890c57967a/REFIT_103203/PRED_PAST/result.json,0ac4d820745bf7b457ed2f066827c06f1be54b9dc765081c911bd401e889b160
R6_reacher_027fb56ab9bbb246ba323f0b,REFIT_103202,R4_ALT_CEM_2,PRED_PAST,1,1,0,0,,,,/workspace/r8_fix/f2/FORMAL/R4_ALT_CEM_2/R6_reacher_0abbe32b49558f890c57967a/REFIT_103203/PRED_PAST/result.json,0ac4d820745bf7b457ed2f066827c06f1be54b9dc765081c911bd401e889b160
R6_reacher_027fb56ab9bbb246ba323f0b,REFIT_103203,R4_ALT_CEM_2,PRED_PAST,1,1,0,0,,,,/workspace/r8_fix/f2/FORMAL/R4_ALT_CEM_2/R6_reacher_0abbe32b49558f890c57967a/REFIT_103203/PRED_PAST/result.json,0ac4d820745bf7b457ed2f066827c06f1be54b9dc765081c911bd401e889b160
R6_reacher_02b5a054bf782ce2a8682ef0,H0,R4_ALT_CEM_2,PRED_PAST,1,2,1,1,1,6.216732025146484,6.104180812835693,/workspace/r8_fix/f2/FORMAL/R4_ALT_CEM_2/R6_reacher_0abbe32b49558f890c57967a/REFIT_103203/PRED_PAST/result.json,0ac4d820745bf7b457ed2f066827c06f1be54b9dc765081c911bd401e889b160
R6_reacher_02b5a054bf782ce2a8682ef0,REFIT_103201,R4_ALT_CEM_2,PRED_PAST,1,2,1,1,1,4.596127033233643,4.5019683837890625,/workspace/r8_fix/f2/FORMAL/R4_ALT_CEM_2/R6_reacher_0abbe32b49558f890c57967a/REFIT_103203/PRED_PAST/result.json,0ac4d820745bf7b457ed2f066827c06f1be54b9dc765081c911bd401e889b160
R6_reacher_02b5a054bf782ce2a8682ef0,REFIT_103202,R4_ALT_CEM_2,PRED_PAST,1,2,1,1,1,5.073321342468262,5.044207572937012,/workspace/r8_fix/f2/FORMAL/R4_ALT_CEM_2/R6_reacher_0abbe32b49558f890c57967a/REFIT_103203/PRED_PAST/result.json,0ac4d820745bf7b457ed2f066827c06f1be54b9dc765081c911bd401e889b160
R6_reacher_02b5a054bf782ce2a8682ef0,REFIT_103203,R4_ALT_CEM_2,PRED_PAST,1,2,1,1,1,5.371258735656738,5.172290325164795,/workspace/r8_fix/f2/FORMAL/R4_ALT_CEM_2/R6_reacher_0abbe32b49558f890c57967a/REFIT_103203/PRED_PAST/result.json,0ac4d820745bf7b457ed2f066827c06f1be54b9dc765081c911bd401e889b160
R6_reacher_02bf9b5015a6d24cafbda1dd,H0,R4_ALT_CEM_2,PRED_PAST,1,2,1,1,1,4.469471454620361,5.051281929016113,/workspace/r8_fix/f2/FORMAL/R4_ALT_CEM_2/R6_reacher_0abbe32b49558f890c57967a/REFIT_103203/PRED_PAST/result.json,0ac4d820745bf7b457ed2f066827c06f1be54b9dc765081c911bd401e889b160
R6_reacher_02bf9b5015a6d24cafbda1dd,REFIT_103201,R4_ALT_CEM_2,PRED_PAST,1,2,1,1,1,3.5680222511291504,4.270158767700195,/workspace/r8_fix/f2/FORMAL/R4_ALT_CEM_2/R6_reacher_0abbe32b49558f890c57967a/REFIT_103203/PRED_PAST/result.json,0ac4d820745bf7b457ed2f066827c06f1be54b9dc765081c911bd401e889b160
R6_reacher_02bf9b5015a6d24cafbda1dd,REFIT_103202,R4_ALT_CEM_2,PRED_PAST,1,2,1,1,1,3.616323232650757,3.523507833480835,/workspace/r8_fix/f2/FORMAL/R4_ALT_CEM_2/R6_reacher_0abbe32b49558f890c57967a/REFIT_103203/PRED_PAST/result.json,0ac4d820745bf7b457ed2f066827c06f1be54b9dc765081c911bd401e889b160
R6_reacher_02bf9b5015a6d24cafbda1dd,REFIT_103203,R4_ALT_CEM_2,PRED_PAST,1,2,1,1,1,3.4742980003356934,5.102329254150391,/workspace/r8_fix/f2/FORMAL/R4_ALT_CEM_2/R6_reacher_0abbe32b49558f890c57967a/REFIT_103203/PRED_PAST/result.json,0ac4d820745bf7b457ed2f066827c06f1be54b9dc765081c911bd401e889b160
R6_reacher_02d110e309cbccb2d8a94c8b,H0,R4_ALT_CEM_2,PRED_PAST,1,1,0,0,,,,/workspace/r8_fix/f2/FORMAL/R4_ALT_CEM_2/R6_reacher_0abbe32b49558f890c57967a/REFIT_103203/PRED_PAST/result.json,0ac4d820745bf7b457ed2f066827c06f1be54b9dc765081c911bd401e889b160
R6_reacher_02d110e309cbccb2d8a94c8b,REFIT_103201,R4_ALT_CEM_2,PRED_PAST,1,1,0,0,,,,/workspace/r8_fix/f2/FORMAL/R4_ALT_CEM_2/R6_reacher_0abbe32b49558f890c57967a/REFIT_103203/PRED_PAST/result.json,0ac4d820745bf7b457ed2f066827c06f1be54b9dc765081c911bd401e889b160
R6_reacher_02d110e309cbccb2d8a94c8b,REFIT_103202,R4_ALT_CEM_2,PRED_PAST,1,1,0,0,,,,/workspace/r8_fix/f2/FORMAL/R4_ALT_CEM_2/R6_reacher_0abbe32b49558f890c57967a/REFIT_103203/PRED_PAST/result.json,0ac4d820745bf7b457ed2f066827c06f1be54b9dc765081c911bd401e889b160
R6_reacher_02d110e309cbccb2d8a94c8b,REFIT_103203,R4_ALT_CEM_2,PRED_PAST,1,1,0,0,,,,/workspace/r8_fix/f2/FORMAL/R4_ALT_CEM_2/R6_reacher_0abbe32b49558f890c57967a/REFIT_103203/PRED_PAST/result.json,0ac4d820745bf7b457ed2f066827c06f1be54b9dc765081c911bd401e889b160
R6_reacher_02dc0f9a7b772ddf917ae2e2,H0,R4_ALT_CEM_2,PRED_PAST,1,2,1,1,1,3.5819053649902344,3.467137575149536,/workspace/r8_fix/f2/FORMAL/R4_ALT_CEM_2/R6_reacher_0abbe32b49558f890c57967a/REFIT_103203/PRED_PAST/result.json,0ac4d820745bf7b457ed2f066827c06f1be54b9dc765081c911bd401e889b160
R6_reacher_02dc0f9a7b772ddf917ae2e2,REFIT_103201,R4_ALT_CEM_2,PRED_PAST,1,2,1,1,1,3.8974063396453857,3.9058284759521484,/workspace/r8_fix/f2/FORMAL/R4_ALT_CEM_2/R6_reacher_0abbe32b49558f890c57967a/REFIT_103203/PRED_PAST/result.json,0ac4d820745bf7b457ed2f066827c06f1be54b9dc765081c911bd401e889b160
R6_reacher_02dc0f9a7b772ddf917ae2e2,REFIT_103202,R4_ALT_CEM_2,PRED_PAST,1,2,1,1,1,3.7111899852752686,3.75586199760437,/workspace/r8_fix/f2/FORMAL/R4_ALT_CEM_2/R6_reacher_0abbe32b49558f890c57967a/REFIT_103203/PRED_PAST/result.json,0ac4d820745bf7b457ed2f066827c06f1be54b9dc765081c911bd401e889b160
R6_reacher_02dc0f9a7b772ddf917ae2e2,REFIT_103203,R4_ALT_CEM_2,PRED_PAST,1,2,1,1,1,4.036879539489746,3.9656431674957275,/workspace/r8_fix/f2/FORMAL/R4_ALT_CEM_2/R6_reacher_0abbe32b49558f890c57967a/REFIT_103203/PRED_PAST/result.json,0ac4d820745bf7b457ed2f066827c06f1be54b9dc765081c911bd401e889b160
R6_reacher_0323e2a42cd2b4632da3af22,H0,R4_ALT_CEM_2,PRED_PAST,1,2,1,1,1,2.7556815147399902,3.710137128829956,/workspace/r8_fix/f2/FORMAL/R4_ALT_CEM_2/R6_reacher_0abbe32b49558f890c57967a/REFIT_103203/PRED_PAST/result.json,0ac4d820745bf7b457ed2f066827c06f1be54b9dc765081c911bd401e889b160
R6_reacher_0323e2a42cd2b4632da3af22,REFIT_103201,R4_ALT_CEM_2,PRED_PAST,1,1,0,0,,,,/workspace/r8_fix/f2/FORMAL/R4_ALT_CEM_2/R6_reacher_0abbe32b49558f890c57967a/REFIT_103203/PRED_PAST/result.json,0ac4d820745bf7b457ed2f066827c06f1be54b9dc765081c911bd401e889b160
R6_reacher_0323e2a42cd2b4632da3af22,REFIT_103202,R4_ALT_CEM_2,PRED_PAST,1,2,1,1,1,2.3494062423706055,2.0533220767974854,/workspace/r8_fix/f2/FORMAL/R4_ALT_CEM_2/R6_reacher_0abbe32b49558f890c57967a/REFIT_103203/PRED_PAST/result.json,0ac4d820745bf7b457ed2f066827c06f1be54b9dc765081c911bd401e889b160
R6_reacher_0323e2a42cd2b4632da3af22,REFIT_103203,R4_ALT_CEM_2,PRED_PAST,1,1,0,0,,,,/workspace/r8_fix/f2/FORMAL/R4_ALT_CEM_2/R6_reacher_0abbe32b49558f890c57967a/REFIT_103203/PRED_PAST/result.json,0ac4d820745bf7b457ed2f066827c06f1be54b9dc765081c911bd401e889b160
R6_reacher_03354b4110fc726a53339d43,H0,R4_ALT_CEM_2,PRED_PAST,1,1,0,0,,,,/workspace/r8_fix/f2/FORMAL/R4_ALT_CEM_2/R6_reacher_0abbe32b49558f890c57967a/REFIT_103203/PRED_PAST/result.json,0ac4d820745bf7b457ed2f066827c06f1be54b9dc765081c911bd401e889b160
R6_reacher_03354b4110fc726a53339d43,REFIT_103201,R4_ALT_CEM_2,PRED_PAST,1,1,0,0,,,,/workspace/r8_fix/f2/FORMAL/R4_ALT_CEM_2/R6_reacher_0abbe32b49558f890c57967a/REFIT_103203/PRED_PAST/result.json,0ac4d820745bf7b457ed2f066827c06f1be54b9dc765081c911bd401e889b160
R6_reacher_03354b4110fc726a53339d43,REFIT_103202,R4_ALT_CEM_2,PRED_PAST,1,1,0,0,,,,/workspace/r8_fix/f2/FORMAL/R4_ALT_CEM_2/R6_reacher_0abbe32b49558f890c57967a/REFIT_103203/PRED_PAST/result.json,0ac4d820745bf7b457ed2f066827c06f1be54b9dc765081c911bd401e889b160
R6_reacher_03354b4110fc726a53339d43,REFIT_103203,R4_ALT_CEM_2,PRED_PAST,1,2,1,1,1,1.0989055633544922,1.330570936203003,/workspace/r8_fix/f2/FORMAL/R4_ALT_CEM_2/R6_reacher_0abbe32b49558f890c57967a/REFIT_103203/PRED_PAST/result.json,0ac4d820745bf7b457ed2f066827c06f1be54b9dc765081c911bd401e889b160
R6_reacher_03576c27fc916ca37b9d6b1d,H0,R4_ALT_CEM_2,PRED_PAST,1,1,0,0,,,,/workspace/r8_fix/f2/FORMAL/R4_ALT_CEM_2/R6_reacher_0abbe32b49558f890c57967a/REFIT_103203/PRED_PAST/result.json,0ac4d820745bf7b457ed2f066827c06f1be54b9dc765081c911bd401e889b160
R6_reacher_03576c27fc916ca37b9d6b1d,REFIT_103201,R4_ALT_CEM_2,PRED_PAST,1,1,0,0,,,,/workspace/r8_fix/f2/FORMAL/R4_ALT_CEM_2/R6_reacher_0abbe32b49558f890c57967a/REFIT_103203/PRED_PAST/result.json,0ac4d820745bf7b457ed2f066827c06f1be54b9dc765081c911bd401e889b160
R6_reacher_03576c27fc916ca37b9d6b1d,REFIT_103202,R4_ALT_CEM_2,PRED_PAST,1,1,0,0,,,,/workspace/r8_fix/f2/FORMAL/R4_ALT_CEM_2/R6_reacher_0abbe32b49558f890c57967a/REFIT_103203/PRED_PAST/result.json,0ac4d820745bf7b457ed2f066827c06f1be54b9dc765081c911bd401e889b160
R6_reacher_03576c27fc916ca37b9d6b1d,REFIT_103203,R4_ALT_CEM_2,PRED_PAST,1,2,1,1,1,1.0920225381851196,3.11918568611145,/workspace/r8_fix/f2/FORMAL/R4_ALT_CEM_2/R6_reacher_0abbe32b49558f890c57967a/REFIT_103203/PRED_PAST/result.json,0ac4d820745bf7b457ed2f066827c06f1be54b9dc765081c911bd401e889b160
R6_reacher_035bff63e5e604a5c077f9b3,H0,R4_ALT_CEM_2,PRED_PAST,1,1,0,0,,,,/workspace/r8_fix/f2/FORMAL/R4_ALT_CEM_2/R6_reacher_0abbe32b49558f890c57967a/REFIT_103203/PRED_PAST/result.json,0ac4d820745bf7b457ed2f066827c06f1be54b9dc765081c911bd401e889b160
R6_reacher_035bff63e5e604a5c077f9b3,REFIT_103201,R4_ALT_CEM_2,PRED_PAST,1,1,0,0,,,,/workspace/r8_fix/f2/FORMAL/R4_ALT_CEM_2/R6_reacher_0abbe32b49558f890c57967a/REFIT_103203/PRED_PAST/result.json,0ac4d820745bf7b457ed2f066827c06f1be54b9dc765081c911bd401e889b160
R6_reacher_035bff63e5e604a5c077f9b3,REFIT_103202,R4_ALT_CEM_2,PRED_PAST,1,2,1,1,1,2.1649136543273926,2.4533283710479736,/workspace/r8_fix/f2/FORMAL/R4_ALT_CEM_2/R6_reacher_0abbe32b49558f890c57967a/REFIT_103203/PRED_PAST/result.json,0ac4d820745bf7b457ed2f066827c06f1be54b9dc765081c911bd401e889b160
R6_reacher_035bff63e5e604a5c077f9b3,REFIT_103203,R4_ALT_CEM_2,PRED_PAST,1,1,0,0,,,,/workspace/r8_fix/f2/FORMAL/R4_ALT_CEM_2/R6_reacher_0abbe32b49558f890c57967a/REFIT_103203/PRED_PAST/result.json,0ac4d820745bf7b457ed2f066827c06f1be54b9dc765081c911bd401e889b160
R6_reacher_0378e2d686e7ef985b91bf38,H0,R4_ALT_CEM_2,PRED_PAST,1,1,0,0,,,,/workspace/r8_fix/f2/FORMAL/R4_ALT_CEM_2/R6_reacher_0abbe32b49558f890c57967a/REFIT_103203/PRED_PAST/result.json,0ac4d820745bf7b457ed2f066827c06f1be54b9dc765081c911bd401e889b160
R6_reacher_0378e2d686e7ef985b91bf38,REFIT_103201,R4_ALT_CEM_2,PRED_PAST,1,2,1,1,1,1.911016821861267,2.418224334716797,/workspace/r8_fix/f2/FORMAL/R4_ALT_CEM_2/R6_reacher_0abbe32b49558f890c57967a/REFIT_103203/PRED_PAST/result.json,0ac4d820745bf7b457ed2f066827c06f1be54b9dc765081c911bd401e889b160
R6_reacher_0378e2d686e7ef985b91bf38,REFIT_103202,R4_ALT_CEM_2,PRED_PAST,1,2,1,1,1,1.7006763219833374,1.7786661386489868,/workspace/r8_fix/f2/FORMAL/R4_ALT_CEM_2/R6_reacher_0abbe32b49558f890c57967a/REFIT_103203/PRED_PAST/result.json,0ac4d820745bf7b457ed2f066827c06f1be54b9dc765081c911bd401e889b160
R6_reacher_0378e2d686e7ef985b91bf38,REFIT_103203,R4_ALT_CEM_2,PRED_PAST,1,1,0,0,,,,/workspace/r8_fix/f2/FORMAL/R4_ALT_CEM_2/R6_reacher_0abbe32b49558f890c57967a/REFIT_103203/PRED_PAST/result.json,0ac4d820745bf7b457ed2f066827c06f1be54b9dc765081c911bd401e889b160
R6_reacher_037aa4ee62015773e3d025c8,H0,R4_ALT_CEM_2,PRED_PAST,1,2,1,1,1,7.124109268188477,7.445954322814941,/workspace/r8_fix/f2/FORMAL/R4_ALT_CEM_2/R6_reacher_0abbe32b49558f890c57967a/REFIT_103203/PRED_PAST/result.json,0ac4d820745bf7b457ed2f066827c06f1be54b9dc765081c911bd401e889b160
R6_reacher_037aa4ee62015773e3d025c8,REFIT_103201,R4_ALT_CEM_2,PRED_PAST,1,2,1,1,1,8.222124099731445,8.338433265686035,/workspace/r8_fix/f2/FORMAL/R4_ALT_CEM_2/R6_reacher_0abbe32b49558f890c57967a/REFIT_103203/PRED_PAST/result.json,0ac4d820745bf7b457ed2f066827c06f1be54b9dc765081c911bd401e889b160
R6_reacher_037aa4ee62015773e3d025c8,REFIT_103202,R4_ALT_CEM_2,PRED_PAST,1,2,1,1,1,8.355774879455566,8.527640342712402,/workspace/r8_fix/f2/FORMAL/R4_ALT_CEM_2/R6_reacher_0abbe32b49558f890c57967a/REFIT_103203/PRED_PAST/result.json,0ac4d820745bf7b457ed2f066827c06f1be54b9dc765081c911bd401e889b160
R6_reacher_037aa4ee62015773e3d025c8,REFIT_103203,R4_ALT_CEM_2,PRED_PAST,1,2,1,1,1,8.226469039916992,8.999137878417969,/workspace/r8_fix/f2/FORMAL/R4_ALT_CEM_2/R6_reacher_0abbe32b49558f890c57967a/REFIT_103203/PRED_PAST/result.json,0ac4d820745bf7b457ed2f066827c06f1be54b9dc765081c911bd401e889b160
R6_reacher_03c5dc1bff3c46c7e7066e86,H0,R4_ALT_CEM_2,PRED_PAST,1,2,1,1,1,3.924323558807373,4.481446743011475,/workspace/r8_fix/f2/FORMAL/R4_ALT_CEM_2/R6_reacher_0abbe32b49558f890c57967a/REFIT_103203/PRED_PAST/result.json,0ac4d820745bf7b457ed2f066827c06f1be54b9dc765081c911bd401e889b160
R6_reacher_03c5dc1bff3c46c7e7066e86,REFIT_103201,R4_ALT_CEM_2,PRED_PAST,1,2,1,1,1,4.314295768737793,4.118927955627441,/workspace/r8_fix/f2/FORMAL/R4_ALT_CEM_2/R6_reacher_0abbe32b49558f890c57967a/REFIT_103203/PRED_PAST/result.json,0ac4d820745bf7b457ed2f066827c06f1be54b9dc765081c911bd401e889b160
R6_reacher_03c5dc1bff3c46c7e7066e86,REFIT_103202,R4_ALT_CEM_2,PRED_PAST,1,2,1,1,1,4.0299787521362305,3.575669765472412,/workspace/r8_fix/f2/FORMAL/R4_ALT_CEM_2/R6_reacher_0abbe32b49558f890c57967a/REFIT_103203/PRED_PAST/result.json,0ac4d820745bf7b457ed2f066827c06f1be54b9dc765081c911bd401e889b160
R6_reacher_03c5dc1bff3c46c7e7066e86,REFIT_103203,R4_ALT_CEM_2,PRED_PAST,1,1,0,0,,,,/workspace/r8_fix/f2/FORMAL/R4_ALT_CEM_2/R6_reacher_0abbe32b49558f890c57967a/REFIT_103203/PRED_PAST/result.json,0ac4d820745bf7b457ed2f066827c06f1be54b9dc765081c911bd401e889b160
R6_reacher_03f079f0a6fc89393c99bd18,H0,R4_ALT_CEM_2,PRED_PAST,0,2,1,1,1,2.8575055599212646,3.1237471103668213,/workspace/r8_fix/f2/FORMAL/R4_ALT_CEM_2/R6_reacher_0abbe32b49558f890c57967a/REFIT_103203/PRED_PAST/result.json,0ac4d820745bf7b457ed2f066827c06f1be54b9dc765081c911bd401e889b160
R6_reacher_03f079f0a6fc89393c99bd18,REFIT_103201,R4_ALT_CEM_2,PRED_PAST,1,1,0,0,,,,/workspace/r8_fix/f2/FORMAL/R4_ALT_CEM_2/R6_reacher_0abbe32b49558f890c57967a/REFIT_103203/PRED_PAST/result.json,0ac4d820745bf7b457ed2f066827c06f1be54b9dc765081c911bd401e889b160
R6_reacher_03f079f0a6fc89393c99bd18,REFIT_103202,R4_ALT_CEM_2,PRED_PAST,1,1,0,0,,,,/workspace/r8_fix/f2/FORMAL/R4_ALT_CEM_2/R6_reacher_0abbe32b49558f890c57967a/REFIT_103203/PRED_PAST/result.json,0ac4d820745bf7b457ed2f066827c06f1be54b9dc765081c911bd401e889b160
R6_reacher_03f079f0a6fc89393c99bd18,REFIT_103203,R4_ALT_CEM_2,PRED_PAST,1,1,0,0,,,,/workspace/r8_fix/f2/FORMAL/R4_ALT_CEM_2/R6_reacher_0abbe32b49558f890c57967a/REFIT_103203/PRED_PAST/result.json,0ac4d820745bf7b457ed2f066827c06f1be54b9dc765081c911bd401e889b160
R6_reacher_04010050b2406790c8247103,H0,R4_ALT_CEM_2,PRED_PAST,1,2,1,1,1,4.708750247955322,4.323296070098877,/workspace/r8_fix/f2/FORMAL/R4_ALT_CEM_2/R6_reacher_0abbe32b49558f890c57967a/REFIT_103203/PRED_PAST/result.json,0ac4d820745bf7b457ed2f066827c06f1be54b9dc765081c911bd401e889b160
R6_reacher_04010050b2406790c8247103,REFIT_103201,R4_ALT_CEM_2,PRED_PAST,1,2,1,1,1,3.3157901763916016,3.535309076309204,/workspace/r8_fix/f2/FORMAL/R4_ALT_CEM_2/R6_reacher_0abbe32b49558f890c57967a/REFIT_103203/PRED_PAST/result.json,0ac4d820745bf7b457ed2f066827c06f1be54b9dc765081c911bd401e889b160
R6_reacher_04010050b2406790c8247103,REFIT_103202,R4_ALT_CEM_2,PRED_PAST,1,2,1,1,1,2.441152811050415,2.5827088356018066,/workspace/r8_fix/f2/FORMAL/R4_ALT_CEM_2/R6_reacher_0abbe32b49558f890c57967a/REFIT_103203/PRED_PAST/result.json,0ac4d820745bf7b457ed2f066827c06f1be54b9dc765081c911bd401e889b160
R6_reacher_04010050b2406790c8247103,REFIT_103203,R4_ALT_CEM_2,PRED_PAST,1,2,1,1,1,2.3974828720092773,2.30530047416687,/workspace/r8_fix/f2/FORMAL/R4_ALT_CEM_2/R6_reacher_0abbe32b49558f890c57967a/REFIT_103203/PRED_PAST/result.json,0ac4d820745bf7b457ed2f066827c06f1be54b9dc765081c911bd401e889b160
R6_reacher_040a17920fc86c8a79997322,H0,R4_ALT_CEM_2,PRED_PAST,1,2,1,1,1,4.285890102386475,4.092525959014893,/workspace/r8_fix/f2/FORMAL/R4_ALT_CEM_2/R6_reacher_0abbe32b49558f890c57967a/REFIT_103203/PRED_PAST/result.json,0ac4d820745bf7b457ed2f066827c06f1be54b9dc765081c911bd401e889b160
R6_reacher_040a17920fc86c8a79997322,REFIT_103201,R4_ALT_CEM_2,PRED_PAST,1,2,1,1,1,5.820138931274414,5.945199966430664,/workspace/r8_fix/f2/FORMAL/R4_ALT_CEM_2/R6_reacher_0abbe32b49558f890c57967a/REFIT_103203/PRED_PAST/result.json,0ac4d820745bf7b457ed2f066827c06f1be54b9dc765081c911bd401e889b160
R6_reacher_040a17920fc86c8a79997322,REFIT_103202,R4_ALT_CEM_2,PRED_PAST,1,2,1,1,1,5.857472896575928,6.0059404373168945,/workspace/r8_fix/f2/FORMAL/R4_ALT_CEM_2/R6_reacher_0abbe32b49558f890c57967a/REFIT_103203/PRED_PAST/result.json,0ac4d820745bf7b457ed2f066827c06f1be54b9dc765081c911bd401e889b160
R6_reacher_040a17920fc86c8a79997322,REFIT_103203,R4_ALT_CEM_2,PRED_PAST,1,2,1,1,1,5.967817783355713,6.203799724578857,/workspace/r8_fix/f2/FORMAL/R4_ALT_CEM_2/R6_reacher_0abbe32b49558f890c57967a/REFIT_103203/PRED_PAST/result.json,0ac4d820745bf7b457ed2f066827c06f1be54b9dc765081c911bd401e889b160
R6_reacher_040d72a154c2687da092ebc8,H0,R4_ALT_CEM_2,PRED_PAST,1,2,1,1,1,6.029470443725586,6.248183250427246,/workspace/r8_fix/f2/FORMAL/R4_ALT_CEM_2/R6_reacher_0abbe32b49558f890c57967a/REFIT_103203/PRED_PAST/result.json,0ac4d820745bf7b457ed2f066827c06f1be54b9dc765081c911bd401e889b160
R6_reacher_040d72a154c2687da092ebc8,REFIT_103201,R4_ALT_CEM_2,PRED_PAST,1,2,1,1,1,6.220951557159424,6.058324813842773,/workspace/r8_fix/f2/FORMAL/R4_ALT_CEM_2/R6_reacher_0abbe32b49558f890c57967a/REFIT_103203/PRED_PAST/result.json,0ac4d820745bf7b457ed2f066827c06f1be54b9dc765081c911bd401e889b160
R6_reacher_040d72a154c2687da092ebc8,REFIT_103202,R4_ALT_CEM_2,PRED_PAST,1,2,1,1,1,5.863760948181152,5.644235134124756,/workspace/r8_fix/f2/FORMAL/R4_ALT_CEM_2/R6_reacher_0abbe32b49558f890c57967a/REFIT_103203/PRED_PAST/result.json,0ac4d820745bf7b457ed2f066827c06f1be54b9dc765081c911bd401e889b160
R6_reacher_040d72a154c2687da092ebc8,REFIT_103203,R4_ALT_CEM_2,PRED_PAST,1,2,1,1,1,6.0935235023498535,6.091742515563965,/workspace/r8_fix/f2/FORMAL/R4_ALT_CEM_2/R6_reacher_0abbe32b49558f890c57967a/REFIT_103203/PRED_PAST/result.json,0ac4d820745bf7b457ed2f066827c06f1be54b9dc765081c911bd401e889b160
R6_reacher_0415eab85414f31fa3d57a99,H0,R4_ALT_CEM_2,PRED_PAST,1,1,0,0,,,,/workspace/r8_fix/f2/FORMAL/R4_ALT_CEM_2/R6_reacher_0abbe32b49558f890c57967a/REFIT_103203/PRED_PAST/result.json,0ac4d820745bf7b457ed2f066827c06f1be54b9dc765081c911bd401e889b160
R6_reacher_0415eab85414f31fa3d57a99,REFIT_103201,R4_ALT_CEM_2,PRED_PAST,1,1,0,0,,,,/workspace/r8_fix/f2/FORMAL/R4_ALT_CEM_2/R6_reacher_0abbe32b49558f890c57967a/REFIT_103203/PRED_PAST/result.json,0ac4d820745bf7b457ed2f066827c06f1be54b9dc765081c911bd401e889b160
R6_reacher_0415eab85414f31fa3d57a99,REFIT_103202,R4_ALT_CEM_2,PRED_PAST,1,2,1,1,1,5.392894744873047,5.357508182525635,/workspace/r8_fix/f2/FORMAL/R4_ALT_CEM_2/R6_reacher_0abbe32b49558f890c57967a/REFIT_103203/PRED_PAST/result.json,0ac4d820745bf7b457ed2f066827c06f1be54b9dc765081c911bd401e889b160
R6_reacher_0415eab85414f31fa3d57a99,REFIT_103203,R4_ALT_CEM_2,PRED_PAST,1,2,1,1,1,4.888924598693848,5.169776916503906,/workspace/r8_fix/f2/FORMAL/R4_ALT_CEM_2/R6_reacher_0abbe32b49558f890c57967a/REFIT_103203/PRED_PAST/result.json,0ac4d820745bf7b457ed2f066827c06f1be54b9dc765081c911bd401e889b160
R6_reacher_042b78b7f94ed6c85b84ad7b,H0,R4_ALT_CEM_2,PRED_PAST,1,2,1,1,1,6.859126091003418,7.480597972869873,/workspace/r8_fix/f2/FORMAL/R4_ALT_CEM_2/R6_reacher_0abbe32b49558f890c57967a/REFIT_103203/PRED_PAST/result.json,0ac4d820745bf7b457ed2f066827c06f1be54b9dc765081c911bd401e889b160
R6_reacher_042b78b7f94ed6c85b84ad7b,REFIT_103201,R4_ALT_CEM_2,PRED_PAST,1,2,1,1,1,4.0191802978515625,5.0327630043029785,/workspace/r8_fix/f2/FORMAL/R4_ALT_CEM_2/R6_reacher_0abbe32b49558f890c57967a/REFIT_103203/PRED_PAST/result.json,0ac4d820745bf7b457ed2f066827c06f1be54b9dc765081c911bd401e889b160
R6_reacher_042b78b7f94ed6c85b84ad7b,REFIT_103202,R4_ALT_CEM_2,PRED_PAST,1,2,1,1,1,3.504516839981079,4.200859069824219,/workspace/r8_fix/f2/FORMAL/R4_ALT_CEM_2/R6_reacher_0abbe32b49558f890c57967a/REFIT_103203/PRED_PAST/result.json,0ac4d820745bf7b457ed2f066827c06f1be54b9dc765081c911bd401e889b160
R6_reacher_042b78b7f94ed6c85b84ad7b,REFIT_103203,R4_ALT_CEM_2,PRED_PAST,1,2,1,1,1,3.57698655128479,4.348270416259766,/workspace/r8_fix/f2/FORMAL/R4_ALT_CEM_2/R6_reacher_0abbe32b49558f890c57967a/REFIT_103203/PRED_PAST/result.json,0ac4d820745bf7b457ed2f066827c06f1be54b9dc765081c911bd401e889b160
R6_reacher_04323b4ed17bb5ed62619b74,H0,R4_ALT_CEM_2,PRED_PAST,1,1,0,0,,,,/workspace/r8_fix/f2/FORMAL/R4_ALT_CEM_2/R6_reacher_0abbe32b49558f890c57967a/REFIT_103203/PRED_PAST/result.json,0ac4d820745bf7b457ed2f066827c06f1be54b9dc765081c911bd401e889b160
R6_reacher_04323b4ed17bb5ed62619b74,REFIT_103201,R4_ALT_CEM_2,PRED_PAST,1,1,0,0,,,,/workspace/r8_fix/f2/FORMAL/R4_ALT_CEM_2/R6_reacher_0abbe32b49558f890c57967a/REFIT_103203/PRED_PAST/result.json,0ac4d820745bf7b457ed2f066827c06f1be54b9dc765081c911bd401e889b160
R6_reacher_04323b4ed17bb5ed62619b74,REFIT_103202,R4_ALT_CEM_2,PRED_PAST,1,1,0,0,,,,/workspace/r8_fix/f2/FORMAL/R4_ALT_CEM_2/R6_reacher_0abbe32b49558f890c57967a/REFIT_103203/PRED_PAST/result.json,0ac4d820745bf7b457ed2f066827c06f1be54b9dc765081c911bd401e889b160
R6_reacher_04323b4ed17bb5ed62619b74,REFIT_103203,R4_ALT_CEM_2,PRED_PAST,1,1,0,0,,,,/workspace/r8_fix/f2/FORMAL/R4_ALT_CEM_2/R6_reacher_0abbe32b49558f890c57967a/REFIT_103203/PRED_PAST/result.json,0ac4d820745bf7b457ed2f066827c06f1be54b9dc765081c911bd401e889b160
R6_reacher_0452de7446bee2d31c1997b9,H0,R4_ALT_CEM_2,PRED_PAST,1,1,0,0,,,,/workspace/r8_fix/f2/FORMAL/R4_ALT_CEM_2/R6_reacher_0abbe32b49558f890c57967a/REFIT_103203/PRED_PAST/result.json,0ac4d820745bf7b457ed2f066827c06f1be54b9dc765081c911bd401e889b160
R6_reacher_0452de7446bee2d31c1997b9,REFIT_103201,R4_ALT_CEM_2,PRED_PAST,1,1,0,0,,,,/workspace/r8_fix/f2/FORMAL/R4_ALT_CEM_2/R6_reacher_0abbe32b49558f890c57967a/REFIT_103203/PRED_PAST/result.json,0ac4d820745bf7b457ed2f066827c06f1be54b9dc765081c911bd401e889b160
R6_reacher_0452de7446bee2d31c1997b9,REFIT_103202,R4_ALT_CEM_2,PRED_PAST,1,1,0,0,,,,/workspace/r8_fix/f2/FORMAL/R4_ALT_CEM_2/R6_reacher_0abbe32b49558f890c57967a/REFIT_103203/PRED_PAST/result.json,0ac4d820745bf7b457ed2f066827c06f1be54b9dc765081c911bd401e889b160
R6_reacher_0452de7446bee2d31c1997b9,REFIT_103203,R4_ALT_CEM_2,PRED_PAST,1,1,0,0,,,,/workspace/r8_fix/f2/FORMAL/R4_ALT_CEM_2/R6_reacher_0abbe32b49558f890c57967a/REFIT_103203/PRED_PAST/result.json,0ac4d820745bf7b457ed2f066827c06f1be54b9dc765081c911bd401e889b160
R6_reacher_04683ac84fb7627e60eba9af,H0,R4_ALT_CEM_2,PRED_PAST,1,2,1,1,1,3.6555886268615723,4.137334823608398,/workspace/r8_fix/f2/FORMAL/R4_ALT_CEM_2/R6_reacher_0abbe32b49558f890c57967a/REFIT_103203/PRED_PAST/result.json,0ac4d820745bf7b457ed2f066827c06f1be54b9dc765081c911bd401e889b160
R6_reacher_04683ac84fb7627e60eba9af,REFIT_103201,R4_ALT_CEM_2,PRED_PAST,1,2,1,1,1,3.358410120010376,3.364081382751465,/workspace/r8_fix/f2/FORMAL/R4_ALT_CEM_2/R6_reacher_0abbe32b49558f890c57967a/REFIT_103203/PRED_PAST/result.json,0ac4d820745bf7b457ed2f066827c06f1be54b9dc765081c911bd401e889b160
R6_reacher_04683ac84fb7627e60eba9af,REFIT_103202,R4_ALT_CEM_2,PRED_PAST,1,2,1,1,1,3.809973955154419,3.971844434738159,/workspace/r8_fix/f2/FORMAL/R4_ALT_CEM_2/R6_reacher_0abbe32b49558f890c57967a/REFIT_103203/PRED_PAST/result.json,0ac4d820745bf7b457ed2f066827c06f1be54b9dc765081c911bd401e889b160
R6_reacher_04683ac84fb7627e60eba9af,REFIT_103203,R4_ALT_CEM_2,PRED_PAST,1,2,1,1,1,3.599214553833008,3.8501265048980713,/workspace/r8_fix/f2/FORMAL/R4_ALT_CEM_2/R6_reacher_0abbe32b49558f890c57967a/REFIT_103203/PRED_PAST/result.json,0ac4d820745bf7b457ed2f066827c06f1be54b9dc765081c911bd401e889b160
R6_reacher_04689ec072dab02039d86a47,H0,R4_ALT_CEM_2,PRED_PAST,1,2,1,1,1,3.196093797683716,3.815073013305664,/workspace/r8_fix/f2/FORMAL/R4_ALT_CEM_2/R6_reacher_0abbe32b49558f890c57967a/REFIT_103203/PRED_PAST/result.json,0ac4d820745bf7b457ed2f066827c06f1be54b9dc765081c911bd401e889b160
R6_reacher_04689ec072dab02039d86a47,REFIT_103201,R4_ALT_CEM_2,PRED_PAST,1,2,1,1,1,2.4231343269348145,2.0301573276519775,/workspace/r8_fix/f2/FORMAL/R4_ALT_CEM_2/R6_reacher_0abbe32b49558f890c57967a/REFIT_103203/PRED_PAST/result.json,0ac4d820745bf7b457ed2f066827c06f1be54b9dc765081c911bd401e889b160
R6_reacher_04689ec072dab02039d86a47,REFIT_103202,R4_ALT_CEM_2,PRED_PAST,1,2,1,1,1,2.400918483734131,2.422128200531006,/workspace/r8_fix/f2/FORMAL/R4_ALT_CEM_2/R6_reacher_0abbe32b49558f890c57967a/REFIT_103203/PRED_PAST/result.json,0ac4d820745bf7b457ed2f066827c06f1be54b9dc765081c911bd401e889b160
R6_reacher_04689ec072dab02039d86a47,REFIT_103203,R4_ALT_CEM_2,PRED_PAST,1,2,1,1,1,2.7652549743652344,2.991305351257324,/workspace/r8_fix/f2/FORMAL/R4_ALT_CEM_2/R6_reacher_0abbe32b49558f890c57967a/REFIT_103203/PRED_PAST/result.json,0ac4d820745bf7b457ed2f066827c06f1be54b9dc765081c911bd401e889b160
R6_reacher_046be47cf7ed9869cb27531c,H0,R4_ALT_CEM_2,PRED_PAST,1,2,1,1,1,6.0493316650390625,6.107402801513672,/workspace/r8_fix/f2/FORMAL/R4_ALT_CEM_2/R6_reacher_0abbe32b49558f890c57967a/REFIT_103203/PRED_PAST/result.json,0ac4d820745bf7b457ed2f066827c06f1be54b9dc765081c911bd401e889b160
R6_reacher_046be47cf7ed9869cb27531c,REFIT_103201,R4_ALT_CEM_2,PRED_PAST,1,1,0,0,,,,/workspace/r8_fix/f2/FORMAL/R4_ALT_CEM_2/R6_reacher_0abbe32b49558f890c57967a/REFIT_103203/PRED_PAST/result.json,0ac4d820745bf7b457ed2f066827c06f1be54b9dc765081c911bd401e889b160
R6_reacher_046be47cf7ed9869cb27531c,REFIT_103202,R4_ALT_CEM_2,PRED_PAST,1,1,0,0,,,,/workspace/r8_fix/f2/FORMAL/R4_ALT_CEM_2/R6_reacher_0abbe32b49558f890c57967a/REFIT_103203/PRED_PAST/result.json,0ac4d820745bf7b457ed2f066827c06f1be54b9dc765081c911bd401e889b160
R6_reacher_046be47cf7ed9869cb27531c,REFIT_103203,R4_ALT_CEM_2,PRED_PAST,1,1,0,0,,,,/workspace/r8_fix/f2/FORMAL/R4_ALT_CEM_2/R6_reacher_0abbe32b49558f890c57967a/REFIT_103203/PRED_PAST/result.json,0ac4d820745bf7b457ed2f066827c06f1be54b9dc765081c911bd401e889b160
R6_reacher_048302dc4ec9c121421618eb,H0,R4_ALT_CEM_2,PRED_PAST,1,2,1,1,1,4.671098232269287,5.082093715667725,/workspace/r8_fix/f2/FORMAL/R4_ALT_CEM_2/R6_reacher_0abbe32b49558f890c57967a/REFIT_103203/PRED_PAST/result.json,0ac4d820745bf7b457ed2f066827c06f1be54b9dc765081c911bd401e889b160
R6_reacher_048302dc4ec9c121421618eb,REFIT_103201,R4_ALT_CEM_2,PRED_PAST,1,2,1,1,1,5.184284687042236,5.340752601623535,/workspace/r8_fix/f2/FORMAL/R4_ALT_CEM_2/R6_reacher_0abbe32b49558f890c57967a/REFIT_103203/PRED_PAST/result.json,0ac4d820745bf7b457ed2f066827c06f1be54b9dc765081c911bd401e889b160
R6_reacher_048302dc4ec9c121421618eb,REFIT_103202,R4_ALT_CEM_2,PRED_PAST,1,2,1,1,1,4.941688060760498,5.057402610778809,/workspace/r8_fix/f2/FORMAL/R4_ALT_CEM_2/R6_reacher_0abbe32b49558f890c57967a/REFIT_103203/PRED_PAST/result.json,0ac4d820745bf7b457ed2f066827c06f1be54b9dc765081c911bd401e889b160
R6_reacher_048302dc4ec9c121421618eb,REFIT_103203,R4_ALT_CEM_2,PRED_PAST,1,2,1,1,1,4.961178779602051,5.140399932861328,/workspace/r8_fix/f2/FORMAL/R4_ALT_CEM_2/R6_reacher_0abbe32b49558f890c57967a/REFIT_103203/PRED_PAST/result.json,0ac4d820745bf7b457ed2f066827c06f1be54b9dc765081c911bd401e889b160
R6_reacher_048aa37b1e1d985113bcef99,H0,R4_ALT_CEM_2,PRED_PAST,1,2,1,1,1,4.652078628540039,4.892727851867676,/workspace/r8_fix/f2/FORMAL/R4_ALT_CEM_2/R6_reacher_0abbe32b49558f890c57967a/REFIT_103203/PRED_PAST/result.json,0ac4d820745bf7b457ed2f066827c06f1be54b9dc765081c911bd401e889b160
R6_reacher_048aa37b1e1d985113bcef99,REFIT_103201,R4_ALT_CEM_2,PRED_PAST,0,2,1,1,1,1.0549315214157104,1.350358247756958,/workspace/r8_fix/f2/FORMAL/R4_ALT_CEM_2/R6_reacher_0abbe32b49558f890c57967a/REFIT_103203/PRED_PAST/result.json,0ac4d820745bf7b457ed2f066827c06f1be54b9dc765081c911bd401e889b160
R6_reacher_048aa37b1e1d985113bcef99,REFIT_103202,R4_ALT_CEM_2,PRED_PAST,0,2,1,1,1,7.346757411956787,7.093235492706299,/workspace/r8_fix/f2/FORMAL/R4_ALT_CEM_2/R6_reacher_0abbe32b49558f890c57967a/REFIT_103203/PRED_PAST/result.json,0ac4d820745bf7b457ed2f066827c06f1be54b9dc765081c911bd401e889b160
R6_reacher_048aa37b1e1d985113bcef99,REFIT_103203,R4_ALT_CEM_2,PRED_PAST,0,2,1,1,1,6.849817276000977,6.34475040435791,/workspace/r8_fix/f2/FORMAL/R4_ALT_CEM_2/R6_reacher_0abbe32b49558f890c57967a/REFIT_103203/PRED_PAST/result.json,0ac4d820745bf7b457ed2f066827c06f1be54b9dc765081c911bd401e889b160
R6_reacher_04bca313072e5fd5c88146b6,H0,R4_ALT_CEM_2,PRED_PAST,1,2,1,1,1,5.463528633117676,5.512938022613525,/workspace/r8_fix/f2/FORMAL/R4_ALT_CEM_2/R6_reacher_0abbe32b49558f890c57967a/REFIT_103203/PRED_PAST/result.json,0ac4d820745bf7b457ed2f066827c06f1be54b9dc765081c911bd401e889b160
R6_reacher_04bca313072e5fd5c88146b6,REFIT_103201,R4_ALT_CEM_2,PRED_PAST,1,2,1,1,1,4.276520729064941,4.417541980743408,/workspace/r8_fix/f2/FORMAL/R4_ALT_CEM_2/R6_reacher_0abbe32b49558f890c57967a/REFIT_103203/PRED_PAST/result.json,0ac4d820745bf7b457ed2f066827c06f1be54b9dc765081c911bd401e889b160
R6_reacher_04bca313072e5fd5c88146b6,REFIT_103202,R4_ALT_CEM_2,PRED_PAST,1,2,1,1,1,4.803241729736328,4.674526214599609,/workspace/r8_fix/f2/FORMAL/R4_ALT_CEM_2/R6_reacher_0abbe32b49558f890c57967a/REFIT_103203/PRED_PAST/result.json,0ac4d820745bf7b457ed2f066827c06f1be54b9dc765081c911bd401e889b160
R6_reacher_04bca313072e5fd5c88146b6,REFIT_103203,R4_ALT_CEM_2,PRED_PAST,1,2,1,1,1,5.114102363586426,4.967324733734131,/workspace/r8_fix/f2/FORMAL/R4_ALT_CEM_2/R6_reacher_0abbe32b49558f890c57967a/REFIT_103203/PRED_PAST/result.json,0ac4d820745bf7b457ed2f066827c06f1be54b9dc765081c911bd401e889b160
R6_reacher_04d10f6b3e3067ae5a06d677,H0,R4_ALT_CEM_2,PRED_PAST,1,1,0,0,,,,/workspace/r8_fix/f2/FORMAL/R4_ALT_CEM_2/R6_reacher_0abbe32b49558f890c57967a/REFIT_103203/PRED_PAST/result.json,0ac4d820745bf7b457ed2f066827c06f1be54b9dc765081c911bd401e889b160
R6_reacher_04d10f6b3e3067ae5a06d677,REFIT_103201,R4_ALT_CEM_2,PRED_PAST,1,1,0,0,,,,/workspace/r8_fix/f2/FORMAL/R4_ALT_CEM_2/R6_reacher_0abbe32b49558f890c57967a/REFIT_103203/PRED_PAST/result.json,0ac4d820745bf7b457ed2f066827c06f1be54b9dc765081c911bd401e889b160
R6_reacher_04d10f6b3e3067ae5a06d677,REFIT_103202,R4_ALT_CEM_2,PRED_PAST,1,2,1,1,1,3.1621339321136475,3.0715315341949463,/workspace/r8_fix/f2/FORMAL/R4_ALT_CEM_2/R6_reacher_0abbe32b49558f890c57967a/REFIT_103203/PRED_PAST/result.json,0ac4d820745bf7b457ed2f066827c06f1be54b9dc765081c911bd401e889b160
R6_reacher_04d10f6b3e3067ae5a06d677,REFIT_103203,R4_ALT_CEM_2,PRED_PAST,1,2,1,1,1,3.4496705532073975,3.592559337615967,/workspace/r8_fix/f2/FORMAL/R4_ALT_CEM_2/R6_reacher_0abbe32b49558f890c57967a/REFIT_103203/PRED_PAST/result.json,0ac4d820745bf7b457ed2f066827c06f1be54b9dc765081c911bd401e889b160
R6_reacher_05227f26cb88c6f6d6a24c57,H0,R4_ALT_CEM_2,PRED_PAST,1,1,0,0,,,,/workspace/r8_fix/f2/FORMAL/R4_ALT_CEM_2/R6_reacher_0abbe32b49558f890c57967a/REFIT_103203/PRED_PAST/result.json,0ac4d820745bf7b457ed2f066827c06f1be54b9dc765081c911bd401e889b160
R6_reacher_05227f26cb88c6f6d6a24c57,REFIT_103201,R4_ALT_CEM_2,PRED_PAST,1,1,0,0,,,,/workspace/r8_fix/f2/FORMAL/R4_ALT_CEM_2/R6_reacher_0abbe32b49558f890c57967a/REFIT_103203/PRED_PAST/result.json,0ac4d820745bf7b457ed2f066827c06f1be54b9dc765081c911bd401e889b160
R6_reacher_05227f26cb88c6f6d6a24c57,REFIT_103202,R4_ALT_CEM_2,PRED_PAST,1,1,0,0,,,,/workspace/r8_fix/f2/FORMAL/R4_ALT_CEM_2/R6_reacher_0abbe32b49558f890c57967a/REFIT_103203/PRED_PAST/result.json,0ac4d820745bf7b457ed2f066827c06f1be54b9dc765081c911bd401e889b160
R6_reacher_05227f26cb88c6f6d6a24c57,REFIT_103203,R4_ALT_CEM_2,PRED_PAST,1,1,0,0,,,,/workspace/r8_fix/f2/FORMAL/R4_ALT_CEM_2/R6_reacher_0abbe32b49558f890c57967a/REFIT_103203/PRED_PAST/result.json,0ac4d820745bf7b457ed2f066827c06f1be54b9dc765081c911bd401e889b160
R6_reacher_05609e0e97d87b35452f8ae7,H0,R4_ALT_CEM_2,PRED_PAST,1,2,1,1,1,2.3545284271240234,3.2957448959350586,/workspace/r8_fix/f2/FORMAL/R4_ALT_CEM_2/R6_reacher_0abbe32b49558f890c57967a/REFIT_103203/PRED_PAST/result.json,0ac4d820745bf7b457ed2f066827c06f1be54b9dc765081c911bd401e889b160
R6_reacher_05609e0e97d87b35452f8ae7,REFIT_103201,R4_ALT_CEM_2,PRED_PAST,1,1,0,0,,,,/workspace/r8_fix/f2/FORMAL/R4_ALT_CEM_2/R6_reacher_0abbe32b49558f890c57967a/REFIT_103203/PRED_PAST/result.json,0ac4d820745bf7b457ed2f066827c06f1be54b9dc765081c911bd401e889b160
R6_reacher_05609e0e97d87b35452f8ae7,REFIT_103202,R4_ALT_CEM_2,PRED_PAST,1,1,0,0,,,,/workspace/r8_fix/f2/FORMAL/R4_ALT_CEM_2/R6_reacher_0abbe32b49558f890c57967a/REFIT_103203/PRED_PAST/result.json,0ac4d820745bf7b457ed2f066827c06f1be54b9dc765081c911bd401e889b160
R6_reacher_05609e0e97d87b35452f8ae7,REFIT_103203,R4_ALT_CEM_2,PRED_PAST,1,1,0,0,,,,/workspace/r8_fix/f2/FORMAL/R4_ALT_CEM_2/R6_reacher_0abbe32b49558f890c57967a/REFIT_103203/PRED_PAST/result.json,0ac4d820745bf7b457ed2f066827c06f1be54b9dc765081c911bd401e889b160
R6_reacher_05673647385df937e0c2da8e,H0,R4_ALT_CEM_2,PRED_PAST,1,1,0,0,,,,/workspace/r8_fix/f2/FORMAL/R4_ALT_CEM_2/R6_reacher_0abbe32b49558f890c57967a/REFIT_103203/PRED_PAST/result.json,0ac4d820745bf7b457ed2f066827c06f1be54b9dc765081c911bd401e889b160
R6_reacher_05673647385df937e0c2da8e,REFIT_103201,R4_ALT_CEM_2,PRED_PAST,1,2,1,1,1,4.2992329597473145,4.367799282073975,/workspace/r8_fix/f2/FORMAL/R4_ALT_CEM_2/R6_reacher_0abbe32b49558f890c57967a/REFIT_103203/PRED_PAST/result.json,0ac4d820745bf7b457ed2f066827c06f1be54b9dc765081c911bd401e889b160
R6_reacher_05673647385df937e0c2da8e,REFIT_103202,R4_ALT_CEM_2,PRED_PAST,1,2,1,1,1,3.9593629837036133,3.9149014949798584,/workspace/r8_fix/f2/FORMAL/R4_ALT_CEM_2/R6_reacher_0abbe32b49558f890c57967a/REFIT_103203/PRED_PAST/result.json,0ac4d820745bf7b457ed2f066827c06f1be54b9dc765081c911bd401e889b160
R6_reacher_05673647385df937e0c2da8e,REFIT_103203,R4_ALT_CEM_2,PRED_PAST,1,2,1,1,1,3.865659713745117,3.7427706718444824,/workspace/r8_fix/f2/FORMAL/R4_ALT_CEM_2/R6_reacher_0abbe32b49558f890c57967a/REFIT_103203/PRED_PAST/result.json,0ac4d820745bf7b457ed2f066827c06f1be54b9dc765081c911bd401e889b160
R6_reacher_0572fff5c1f8d2522d9fef3e,H0,R4_ALT_CEM_2,PRED_PAST,1,1,0,0,,,,/workspace/r8_fix/f2/FORMAL/R4_ALT_CEM_2/R6_reacher_0abbe32b49558f890c57967a/REFIT_103203/PRED_PAST/result.json,0ac4d820745bf7b457ed2f066827c06f1be54b9dc765081c911bd401e889b160
R6_reacher_0572fff5c1f8d2522d9fef3e,REFIT_103201,R4_ALT_CEM_2,PRED_PAST,1,1,0,0,,,,/workspace/r8_fix/f2/FORMAL/R4_ALT_CEM_2/R6_reacher_0abbe32b49558f890c57967a/REFIT_103203/PRED_PAST/result.json,0ac4d820745bf7b457ed2f066827c06f1be54b9dc765081c911bd401e889b160
R6_reacher_0572fff5c1f8d2522d9fef3e,REFIT_103202,R4_ALT_CEM_2,PRED_PAST,1,1,0,0,,,,/workspace/r8_fix/f2/FORMAL/R4_ALT_CEM_2/R6_reacher_0abbe32b49558f890c57967a/REFIT_103203/PRED_PAST/result.json,0ac4d820745bf7b457ed2f066827c06f1be54b9dc765081c911bd401e889b160
R6_reacher_0572fff5c1f8d2522d9fef3e,REFIT_103203,R4_ALT_CEM_2,PRED_PAST,1,1,0,0,,,,/workspace/r8_fix/f2/FORMAL/R4_ALT_CEM_2/R6_reacher_0abbe32b49558f890c57967a/REFIT_103203/PRED_PAST/result.json,0ac4d820745bf7b457ed2f066827c06f1be54b9dc765081c911bd401e889b160
R6_reacher_058fbdf2d7805234d86b62e9,H0,R4_ALT_CEM_2,PRED_PAST,1,2,1,1,1,6.0060930252075195,5.653501033782959,/workspace/r8_fix/f2/FORMAL/R4_ALT_CEM_2/R6_reacher_0abbe32b49558f890c57967a/REFIT_103203/PRED_PAST/result.json,0ac4d820745bf7b457ed2f066827c06f1be54b9dc765081c911bd401e889b160
R6_reacher_058fbdf2d7805234d86b62e9,REFIT_103201,R4_ALT_CEM_2,PRED_PAST,1,2,1,1,1,4.864317893981934,5.531380653381348,/workspace/r8_fix/f2/FORMAL/R4_ALT_CEM_2/R6_reacher_0abbe32b49558f890c57967a/REFIT_103203/PRED_PAST/result.json,0ac4d820745bf7b457ed2f066827c06f1be54b9dc765081c911bd401e889b160
R6_reacher_058fbdf2d7805234d86b62e9,REFIT_103202,R4_ALT_CEM_2,PRED_PAST,1,2,1,1,1,4.567008018493652,4.721339225769043,/workspace/r8_fix/f2/FORMAL/R4_ALT_CEM_2/R6_reacher_0abbe32b49558f890c57967a/REFIT_103203/PRED_PAST/result.json,0ac4d820745bf7b457ed2f066827c06f1be54b9dc765081c911bd401e889b160
R6_reacher_058fbdf2d7805234d86b62e9,REFIT_103203,R4_ALT_CEM_2,PRED_PAST,1,2,1,1,1,4.57960319519043,4.740363597869873,/workspace/r8_fix/f2/FORMAL/R4_ALT_CEM_2/R6_reacher_0abbe32b49558f890c57967a/REFIT_103203/PRED_PAST/result.json,0ac4d820745bf7b457ed2f066827c06f1be54b9dc765081c911bd401e889b160
R6_reacher_05b7debf402e51340c75b891,H0,R4_ALT_CEM_2,PRED_PAST,1,2,1,1,1,6.565485954284668,7.499843597412109,/workspace/r8_fix/f2/FORMAL/R4_ALT_CEM_2/R6_reacher_0abbe32b49558f890c57967a/REFIT_103203/PRED_PAST/result.json,0ac4d820745bf7b457ed2f066827c06f1be54b9dc765081c911bd401e889b160
R6_reacher_05b7debf402e51340c75b891,REFIT_103201,R4_ALT_CEM_2,PRED_PAST,1,2,1,1,1,6.875976085662842,6.522164344787598,/workspace/r8_fix/f2/FORMAL/R4_ALT_CEM_2/R6_reacher_0abbe32b49558f890c57967a/REFIT_103203/PRED_PAST/result.json,0ac4d820745bf7b457ed2f066827c06f1be54b9dc765081c911bd401e889b160
R6_reacher_05b7debf402e51340c75b891,REFIT_103202,R4_ALT_CEM_2,PRED_PAST,1,2,1,1,1,6.503215312957764,6.400040626525879,/workspace/r8_fix/f2/FORMAL/R4_ALT_CEM_2/R6_reacher_0abbe32b49558f890c57967a/REFIT_103203/PRED_PAST/result.json,0ac4d820745bf7b457ed2f066827c06f1be54b9dc765081c911bd401e889b160
R6_reacher_05b7debf402e51340c75b891,REFIT_103203,R4_ALT_CEM_2,PRED_PAST,1,2,1,1,1,6.2107954025268555,6.1895432472229,/workspace/r8_fix/f2/FORMAL/R4_ALT_CEM_2/R6_reacher_0abbe32b49558f890c57967a/REFIT_103203/PRED_PAST/result.json,0ac4d820745bf7b457ed2f066827c06f1be54b9dc765081c911bd401e889b160
R6_reacher_05d9adfbb7fea330209f9d6e,H0,R4_ALT_CEM_2,PRED_PAST,1,2,1,1,1,5.542657852172852,5.782031059265137,/workspace/r8_fix/f2/FORMAL/R4_ALT_CEM_2/R6_reacher_0abbe32b49558f890c57967a/REFIT_103203/PRED_PAST/result.json,0ac4d820745bf7b457ed2f066827c06f1be54b9dc765081c911bd401e889b160
R6_reacher_05d9adfbb7fea330209f9d6e,REFIT_103201,R4_ALT_CEM_2,PRED_PAST,1,2,1,1,1,5.414966583251953,5.610130310058594,/workspace/r8_fix/f2/FORMAL/R4_ALT_CEM_2/R6_reacher_0abbe32b49558f890c57967a/REFIT_103203/PRED_PAST/result.json,0ac4d820745bf7b457ed2f066827c06f1be54b9dc765081c911bd401e889b160
R6_reacher_05d9adfbb7fea330209f9d6e,REFIT_103202,R4_ALT_CEM_2,PRED_PAST,1,2,1,1,1,5.763739109039307,5.730538368225098,/workspace/r8_fix/f2/FORMAL/R4_ALT_CEM_2/R6_reacher_0abbe32b49558f890c57967a/REFIT_103203/PRED_PAST/result.json,0ac4d820745bf7b457ed2f066827c06f1be54b9dc765081c911bd401e889b160
R6_reacher_05d9adfbb7fea330209f9d6e,REFIT_103203,R4_ALT_CEM_2,PRED_PAST,1,2,1,1,1,5.638681888580322,5.780232906341553,/workspace/r8_fix/f2/FORMAL/R4_ALT_CEM_2/R6_reacher_0abbe32b49558f890c57967a/REFIT_103203/PRED_PAST/result.json,0ac4d820745bf7b457ed2f066827c06f1be54b9dc765081c911bd401e889b160
R6_reacher_0604aded9586b94217e9ae71,H0,R4_ALT_CEM_2,PRED_PAST,1,2,1,1,1,6.526914119720459,6.679656028747559,/workspace/r8_fix/f2/FORMAL/R4_ALT_CEM_2/R6_reacher_0abbe32b49558f890c57967a/REFIT_103203/PRED_PAST/result.json,0ac4d820745bf7b457ed2f066827c06f1be54b9dc765081c911bd401e889b160
R6_reacher_0604aded9586b94217e9ae71,REFIT_103201,R4_ALT_CEM_2,PRED_PAST,1,1,0,0,,,,/workspace/r8_fix/f2/FORMAL/R4_ALT_CEM_2/R6_reacher_0abbe32b49558f890c57967a/REFIT_103203/PRED_PAST/result.json,0ac4d820745bf7b457ed2f066827c06f1be54b9dc765081c911bd401e889b160
R6_reacher_0604aded9586b94217e9ae71,REFIT_103202,R4_ALT_CEM_2,PRED_PAST,1,1,0,0,,,,/workspace/r8_fix/f2/FORMAL/R4_ALT_CEM_2/R6_reacher_0abbe32b49558f890c57967a/REFIT_103203/PRED_PAST/result.json,0ac4d820745bf7b457ed2f066827c06f1be54b9dc765081c911bd401e889b160
R6_reacher_0604aded9586b94217e9ae71,REFIT_103203,R4_ALT_CEM_2,PRED_PAST,1,2,1,1,1,5.338470935821533,5.325674533843994,/workspace/r8_fix/f2/FORMAL/R4_ALT_CEM_2/R6_reacher_0abbe32b49558f890c57967a/REFIT_103203/PRED_PAST/result.json,0ac4d820745bf7b457ed2f066827c06f1be54b9dc765081c911bd401e889b160
R6_reacher_06104c870ec34e14878b4947,H0,R4_ALT_CEM_2,PRED_PAST,0,2,1,1,1,6.948520660400391,6.888699054718018,/workspace/r8_fix/f2/FORMAL/R4_ALT_CEM_2/R6_reacher_0abbe32b49558f890c57967a/REFIT_103203/PRED_PAST/result.json,0ac4d820745bf7b457ed2f066827c06f1be54b9dc765081c911bd401e889b160
R6_reacher_06104c870ec34e14878b4947,REFIT_103201,R4_ALT_CEM_2,PRED_PAST,1,2,1,1,1,7.196873188018799,7.40427827835083,/workspace/r8_fix/f2/FORMAL/R4_ALT_CEM_2/R6_reacher_0abbe32b49558f890c57967a/REFIT_103203/PRED_PAST/result.json,0ac4d820745bf7b457ed2f066827c06f1be54b9dc765081c911bd401e889b160
R6_reacher_06104c870ec34e14878b4947,REFIT_103202,R4_ALT_CEM_2,PRED_PAST,1,2,1,1,1,7.420384883880615,7.125619411468506,/workspace/r8_fix/f2/FORMAL/R4_ALT_CEM_2/R6_reacher_0abbe32b49558f890c57967a/REFIT_103203/PRED_PAST/result.json,0ac4d820745bf7b457ed2f066827c06f1be54b9dc765081c911bd401e889b160
R6_reacher_06104c870ec34e14878b4947,REFIT_103203,R4_ALT_CEM_2,PRED_PAST,1,2,1,1,1,7.836456298828125,7.862792491912842,/workspace/r8_fix/f2/FORMAL/R4_ALT_CEM_2/R6_reacher_0abbe32b49558f890c57967a/REFIT_103203/PRED_PAST/result.json,0ac4d820745bf7b457ed2f066827c06f1be54b9dc765081c911bd401e889b160
R6_reacher_0642735d2daa02558c1d8737,H0,R4_ALT_CEM_2,PRED_PAST,1,2,1,1,1,5.200335502624512,5.621659755706787,/workspace/r8_fix/f2/FORMAL/R4_ALT_CEM_2/R6_reacher_0abbe32b49558f890c57967a/REFIT_103203/PRED_PAST/result.json,0ac4d820745bf7b457ed2f066827c06f1be54b9dc765081c911bd401e889b160
R6_reacher_0642735d2daa02558c1d8737,REFIT_103201,R4_ALT_CEM_2,PRED_PAST,1,2,1,1,1,3.8393399715423584,3.6651346683502197,/workspace/r8_fix/f2/FORMAL/R4_ALT_CEM_2/R6_reacher_0abbe32b49558f890c57967a/REFIT_103203/PRED_PAST/result.json,0ac4d820745bf7b457ed2f066827c06f1be54b9dc765081c911bd401e889b160
R6_reacher_0642735d2daa02558c1d8737,REFIT_103202,R4_ALT_CEM_2,PRED_PAST,1,2,1,1,1,4.518412113189697,4.615471363067627,/workspace/r8_fix/f2/FORMAL/R4_ALT_CEM_2/R6_reacher_0abbe32b49558f890c57967a/REFIT_103203/PRED_PAST/result.json,0ac4d820745bf7b457ed2f066827c06f1be54b9dc765081c911bd401e889b160
R6_reacher_0642735d2daa02558c1d8737,REFIT_103203,R4_ALT_CEM_2,PRED_PAST,1,2,1,1,1,4.572524547576904,4.327923774719238,/workspace/r8_fix/f2/FORMAL/R4_ALT_CEM_2/R6_reacher_0abbe32b49558f890c57967a/REFIT_103203/PRED_PAST/result.json,0ac4d820745bf7b457ed2f066827c06f1be54b9dc765081c911bd401e889b160
R6_reacher_0685d60e12fdbdbe63e5d232,H0,R4_ALT_CEM_2,PRED_PAST,1,2,1,1,1,8.373924255371094,8.555196762084961,/workspace/r8_fix/f2/FORMAL/R4_ALT_CEM_2/R6_reacher_0abbe32b49558f890c57967a/REFIT_103203/PRED_PAST/result.json,0ac4d820745bf7b457ed2f066827c06f1be54b9dc765081c911bd401e889b160
R6_reacher_0685d60e12fdbdbe63e5d232,REFIT_103201,R4_ALT_CEM_2,PRED_PAST,1,2,1,1,1,8.911279678344727,9.171180725097656,/workspace/r8_fix/f2/FORMAL/R4_ALT_CEM_2/R6_reacher_0abbe32b49558f890c57967a/REFIT_103203/PRED_PAST/result.json,0ac4d820745bf7b457ed2f066827c06f1be54b9dc765081c911bd401e889b160
R6_reacher_0685d60e12fdbdbe63e5d232,REFIT_103202,R4_ALT_CEM_2,PRED_PAST,1,2,1,1,1,8.653495788574219,6.767891883850098,/workspace/r8_fix/f2/FORMAL/R4_ALT_CEM_2/R6_reacher_0abbe32b49558f890c57967a/REFIT_103203/PRED_PAST/result.json,0ac4d820745bf7b457ed2f066827c06f1be54b9dc765081c911bd401e889b160
R6_reacher_0685d60e12fdbdbe63e5d232,REFIT_103203,R4_ALT_CEM_2,PRED_PAST,1,2,1,1,1,8.64008903503418,7.0899739265441895,/workspace/r8_fix/f2/FORMAL/R4_ALT_CEM_2/R6_reacher_0abbe32b49558f890c57967a/REFIT_103203/PRED_PAST/result.json,0ac4d820745bf7b457ed2f066827c06f1be54b9dc765081c911bd401e889b160
R6_reacher_069945d6d002522c9d5ef1d9,H0,R4_ALT_CEM_2,PRED_PAST,1,1,0,0,,,,/workspace/r8_fix/f2/FORMAL/R4_ALT_CEM_2/R6_reacher_0abbe32b49558f890c57967a/REFIT_103203/PRED_PAST/result.json,0ac4d820745bf7b457ed2f066827c06f1be54b9dc765081c911bd401e889b160
R6_reacher_069945d6d002522c9d5ef1d9,REFIT_103201,R4_ALT_CEM_2,PRED_PAST,1,1,0,0,,,,/workspace/r8_fix/f2/FORMAL/R4_ALT_CEM_2/R6_reacher_0abbe32b49558f890c57967a/REFIT_103203/PRED_PAST/result.json,0ac4d820745bf7b457ed2f066827c06f1be54b9dc765081c911bd401e889b160
R6_reacher_069945d6d002522c9d5ef1d9,REFIT_103202,R4_ALT_CEM_2,PRED_PAST,1,1,0,0,,,,/workspace/r8_fix/f2/FORMAL/R4_ALT_CEM_2/R6_reacher_0abbe32b49558f890c57967a/REFIT_103203/PRED_PAST/result.json,0ac4d820745bf7b457ed2f066827c06f1be54b9dc765081c911bd401e889b160
R6_reacher_069945d6d002522c9d5ef1d9,REFIT_103203,R4_ALT_CEM_2,PRED_PAST,1,2,1,1,1,1.1039793491363525,0.7199720740318298,/workspace/r8_fix/f2/FORMAL/R4_ALT_CEM_2/R6_reacher_0abbe32b49558f890c57967a/REFIT_103203/PRED_PAST/result.json,0ac4d820745bf7b457ed2f066827c06f1be54b9dc765081c911bd401e889b160
R6_reacher_06cc3d0169c47775bf5c3654,H0,R4_ALT_CEM_2,PRED_PAST,0,2,1,1,1,8.886693000793457,8.879562377929688,/workspace/r8_fix/f2/FORMAL/R4_ALT_CEM_2/R6_reacher_0abbe32b49558f890c57967a/REFIT_103203/PRED_PAST/result.json,0ac4d820745bf7b457ed2f066827c06f1be54b9dc765081c911bd401e889b160
R6_reacher_06cc3d0169c47775bf5c3654,REFIT_103201,R4_ALT_CEM_2,PRED_PAST,1,1,0,0,,,,/workspace/r8_fix/f2/FORMAL/R4_ALT_CEM_2/R6_reacher_0abbe32b49558f890c57967a/REFIT_103203/PRED_PAST/result.json,0ac4d820745bf7b457ed2f066827c06f1be54b9dc765081c911bd401e889b160
R6_reacher_06cc3d0169c47775bf5c3654,REFIT_103202,R4_ALT_CEM_2,PRED_PAST,1,2,1,1,1,9.097112655639648,9.035654067993164,/workspace/r8_fix/f2/FORMAL/R4_ALT_CEM_2/R6_reacher_0abbe32b49558f890c57967a/REFIT_103203/PRED_PAST/result.json,0ac4d820745bf7b457ed2f066827c06f1be54b9dc765081c911bd401e889b160
R6_reacher_06cc3d0169c47775bf5c3654,REFIT_103203,R4_ALT_CEM_2,PRED_PAST,1,2,1,1,1,8.508216857910156,8.549918174743652,/workspace/r8_fix/f2/FORMAL/R4_ALT_CEM_2/R6_reacher_0abbe32b49558f890c57967a/REFIT_103203/PRED_PAST/result.json,0ac4d820745bf7b457ed2f066827c06f1be54b9dc765081c911bd401e889b160
R6_reacher_06f31f0ed66595d668f795d6,H0,R4_ALT_CEM_2,PRED_PAST,1,2,1,1,1,4.8270368576049805,4.961569309234619,/workspace/r8_fix/f2/FORMAL/R4_ALT_CEM_2/R6_reacher_0abbe32b49558f890c57967a/REFIT_103203/PRED_PAST/result.json,0ac4d820745bf7b457ed2f066827c06f1be54b9dc765081c911bd401e889b160
R6_reacher_06f31f0ed66595d668f795d6,REFIT_103201,R4_ALT_CEM_2,PRED_PAST,1,2,1,1,1,4.567734718322754,4.528532981872559,/workspace/r8_fix/f2/FORMAL/R4_ALT_CEM_2/R6_reacher_0abbe32b49558f890c57967a/REFIT_103203/PRED_PAST/result.json,0ac4d820745bf7b457ed2f066827c06f1be54b9dc765081c911bd401e889b160
R6_reacher_06f31f0ed66595d668f795d6,REFIT_103202,R4_ALT_CEM_2,PRED_PAST,1,2,1,1,1,4.571235179901123,4.391137599945068,/workspace/r8_fix/f2/FORMAL/R4_ALT_CEM_2/R6_reacher_0abbe32b49558f890c57967a/REFIT_103203/PRED_PAST/result.json,0ac4d820745bf7b457ed2f066827c06f1be54b9dc765081c911bd401e889b160
R6_reacher_06f31f0ed66595d668f795d6,REFIT_103203,R4_ALT_CEM_2,PRED_PAST,1,2,1,1,1,4.6796674728393555,4.869215488433838,/workspace/r8_fix/f2/FORMAL/R4_ALT_CEM_2/R6_reacher_0abbe32b49558f890c57967a/REFIT_103203/PRED_PAST/result.json,0ac4d820745bf7b457ed2f066827c06f1be54b9dc765081c911bd401e889b160
R6_reacher_070de37ab215162432f871dc,H0,R4_ALT_CEM_2,PRED_PAST,1,2,1,1,1,8.700549125671387,8.931671142578125,/workspace/r8_fix/f2/FORMAL/R4_ALT_CEM_2/R6_reacher_0abbe32b49558f890c57967a/REFIT_103203/PRED_PAST/result.json,0ac4d820745bf7b457ed2f066827c06f1be54b9dc765081c911bd401e889b160
R6_reacher_070de37ab215162432f871dc,REFIT_103201,R4_ALT_CEM_2,PRED_PAST,0,2,1,1,1,8.831392288208008,8.695164680480957,/workspace/r8_fix/f2/FORMAL/R4_ALT_CEM_2/R6_reacher_0abbe32b49558f890c57967a/REFIT_103203/PRED_PAST/result.json,0ac4d820745bf7b457ed2f066827c06f1be54b9dc765081c911bd401e889b160
R6_reacher_070de37ab215162432f871dc,REFIT_103202,R4_ALT_CEM_2,PRED_PAST,1,2,1,1,1,7.990680694580078,6.111211776733398,/workspace/r8_fix/f2/FORMAL/R4_ALT_CEM_2/R6_reacher_0abbe32b49558f890c57967a/REFIT_103203/PRED_PAST/result.json,0ac4d820745bf7b457ed2f066827c06f1be54b9dc765081c911bd401e889b160
R6_reacher_070de37ab215162432f871dc,REFIT_103203,R4_ALT_CEM_2,PRED_PAST,1,2,1,1,1,8.353681564331055,8.70940113067627,/workspace/r8_fix/f2/FORMAL/R4_ALT_CEM_2/R6_reacher_0abbe32b49558f890c57967a/REFIT_103203/PRED_PAST/result.json,0ac4d820745bf7b457ed2f066827c06f1be54b9dc765081c911bd401e889b160
R6_reacher_0744272edb1918e64a7d6dd8,H0,R4_ALT_CEM_2,PRED_PAST,1,1,0,0,,,,/workspace/r8_fix/f2/FORMAL/R4_ALT_CEM_2/R6_reacher_0abbe32b49558f890c57967a/REFIT_103203/PRED_PAST/result.json,0ac4d820745bf7b457ed2f066827c06f1be54b9dc765081c911bd401e889b160
R6_reacher_0744272edb1918e64a7d6dd8,REFIT_103201,R4_ALT_CEM_2,PRED_PAST,1,1,0,0,,,,/workspace/r8_fix/f2/FORMAL/R4_ALT_CEM_2/R6_reacher_0abbe32b49558f890c57967a/REFIT_103203/PRED_PAST/result.json,0ac4d820745bf7b457ed2f066827c06f1be54b9dc765081c911bd401e889b160
R6_reacher_0744272edb1918e64a7d6dd8,REFIT_103202,R4_ALT_CEM_2,PRED_PAST,1,1,0,0,,,,/workspace/r8_fix/f2/FORMAL/R4_ALT_CEM_2/R6_reacher_0abbe32b49558f890c57967a/REFIT_103203/PRED_PAST/result.json,0ac4d820745bf7b457ed2f066827c06f1be54b9dc765081c911bd401e889b160
R6_reacher_0744272edb1918e64a7d6dd8,REFIT_103203,R4_ALT_CEM_2,PRED_PAST,1,1,0,0,,,,/workspace/r8_fix/f2/FORMAL/R4_ALT_CEM_2/R6_reacher_0abbe32b49558f890c57967a/REFIT_103203/PRED_PAST/result.json,0ac4d820745bf7b457ed2f066827c06f1be54b9dc765081c911bd401e889b160
R6_reacher_0744863efce22b67c52bbf37,H0,R4_ALT_CEM_2,PRED_PAST,1,1,0,0,,,,/workspace/r8_fix/f2/FORMAL/R4_ALT_CEM_2/R6_reacher_0abbe32b49558f890c57967a/REFIT_103203/PRED_PAST/result.json,0ac4d820745bf7b457ed2f066827c06f1be54b9dc765081c911bd401e889b160
R6_reacher_0744863efce22b67c52bbf37,REFIT_103201,R4_ALT_CEM_2,PRED_PAST,1,2,1,1,1,3.8977513313293457,4.2505598068237305,/workspace/r8_fix/f2/FORMAL/R4_ALT_CEM_2/R6_reacher_0abbe32b49558f890c57967a/REFIT_103203/PRED_PAST/result.json,0ac4d820745bf7b457ed2f066827c06f1be54b9dc765081c911bd401e889b160
R6_reacher_0744863efce22b67c52bbf37,REFIT_103202,R4_ALT_CEM_2,PRED_PAST,1,2,1,1,1,4.347806453704834,4.239222049713135,/workspace/r8_fix/f2/FORMAL/R4_ALT_CEM_2/R6_reacher_0abbe32b49558f890c57967a/REFIT_103203/PRED_PAST/result.json,0ac4d820745bf7b457ed2f066827c06f1be54b9dc765081c911bd401e889b160
R6_reacher_0744863efce22b67c52bbf37,REFIT_103203,R4_ALT_CEM_2,PRED_PAST,1,2,1,1,1,4.8961710929870605,5.1108551025390625,/workspace/r8_fix/f2/FORMAL/R4_ALT_CEM_2/R6_reacher_0abbe32b49558f890c57967a/REFIT_103203/PRED_PAST/result.json,0ac4d820745bf7b457ed2f066827c06f1be54b9dc765081c911bd401e889b160
R6_reacher_0754fb7426df7476a90bdba4,H0,R4_ALT_CEM_2,PRED_PAST,1,1,0,0,,,,/workspace/r8_fix/f2/FORMAL/R4_ALT_CEM_2/R6_reacher_0abbe32b49558f890c57967a/REFIT_103203/PRED_PAST/result.json,0ac4d820745bf7b457ed2f066827c06f1be54b9dc765081c911bd401e889b160
R6_reacher_0754fb7426df7476a90bdba4,REFIT_103201,R4_ALT_CEM_2,PRED_PAST,1,1,0,0,,,,/workspace/r8_fix/f2/FORMAL/R4_ALT_CEM_2/R6_reacher_0abbe32b49558f890c57967a/REFIT_103203/PRED_PAST/result.json,0ac4d820745bf7b457ed2f066827c06f1be54b9dc765081c911bd401e889b160
R6_reacher_0754fb7426df7476a90bdba4,REFIT_103202,R4_ALT_CEM_2,PRED_PAST,1,1,0,0,,,,/workspace/r8_fix/f2/FORMAL/R4_ALT_CEM_2/R6_reacher_0abbe32b49558f890c57967a/REFIT_103203/PRED_PAST/result.json,0ac4d820745bf7b457ed2f066827c06f1be54b9dc765081c911bd401e889b160
R6_reacher_0754fb7426df7476a90bdba4,REFIT_103203,R4_ALT_CEM_2,PRED_PAST,1,1,0,0,,,,/workspace/r8_fix/f2/FORMAL/R4_ALT_CEM_2/R6_reacher_0abbe32b49558f890c57967a/REFIT_103203/PRED_PAST/result.json,0ac4d820745bf7b457ed2f066827c06f1be54b9dc765081c911bd401e889b160
R6_reacher_07a0ab05518d2f71e8a802de,H0,R4_ALT_CEM_2,PRED_PAST,1,2,1,1,1,4.706783771514893,4.100155830383301,/workspace/r8_fix/f2/FORMAL/R4_ALT_CEM_2/R6_reacher_0abbe32b49558f890c57967a/REFIT_103203/PRED_PAST/result.json,0ac4d820745bf7b457ed2f066827c06f1be54b9dc765081c911bd401e889b160
R6_reacher_07a0ab05518d2f71e8a802de,REFIT_103201,R4_ALT_CEM_2,PRED_PAST,1,2,1,1,1,4.019907474517822,3.8654935359954834,/workspace/r8_fix/f2/FORMAL/R4_ALT_CEM_2/R6_reacher_0abbe32b49558f890c57967a/REFIT_103203/PRED_PAST/result.json,0ac4d820745bf7b457ed2f066827c06f1be54b9dc765081c911bd401e889b160
R6_reacher_07a0ab05518d2f71e8a802de,REFIT_103202,R4_ALT_CEM_2,PRED_PAST,1,2,1,1,1,6.313499927520752,6.5418548583984375,/workspace/r8_fix/f2/FORMAL/R4_ALT_CEM_2/R6_reacher_0abbe32b49558f890c57967a/REFIT_103203/PRED_PAST/result.json,0ac4d820745bf7b457ed2f066827c06f1be54b9dc765081c911bd401e889b160
R6_reacher_07a0ab05518d2f71e8a802de,REFIT_103203,R4_ALT_CEM_2,PRED_PAST,1,2,1,1,1,3.5820343494415283,3.3120436668395996,/workspace/r8_fix/f2/FORMAL/R4_ALT_CEM_2/R6_reacher_0abbe32b49558f890c57967a/REFIT_103203/PRED_PAST/result.json,0ac4d820745bf7b457ed2f066827c06f1be54b9dc765081c911bd401e889b160
R6_reacher_07a6dc2136798f840125ba56,H0,R4_ALT_CEM_2,PRED_PAST,1,1,0,0,,,,/workspace/r8_fix/f2/FORMAL/R4_ALT_CEM_2/R6_reacher_0abbe32b49558f890c57967a/REFIT_103203/PRED_PAST/result.json,0ac4d820745bf7b457ed2f066827c06f1be54b9dc765081c911bd401e889b160
R6_reacher_07a6dc2136798f840125ba56,REFIT_103201,R4_ALT_CEM_2,PRED_PAST,1,1,0,0,,,,/workspace/r8_fix/f2/FORMAL/R4_ALT_CEM_2/R6_reacher_0abbe32b49558f890c57967a/REFIT_103203/PRED_PAST/result.json,0ac4d820745bf7b457ed2f066827c06f1be54b9dc765081c911bd401e889b160
R6_reacher_07a6dc2136798f840125ba56,REFIT_103202,R4_ALT_CEM_2,PRED_PAST,1,1,0,0,,,,/workspace/r8_fix/f2/FORMAL/R4_ALT_CEM_2/R6_reacher_0abbe32b49558f890c57967a/REFIT_103203/PRED_PAST/result.json,0ac4d820745bf7b457ed2f066827c06f1be54b9dc765081c911bd401e889b160
R6_reacher_07a6dc2136798f840125ba56,REFIT_103203,R4_ALT_CEM_2,PRED_PAST,1,1,0,0,,,,/workspace/r8_fix/f2/FORMAL/R4_ALT_CEM_2/R6_reacher_0abbe32b49558f890c57967a/REFIT_103203/PRED_PAST/result.json,0ac4d820745bf7b457ed2f066827c06f1be54b9dc765081c911bd401e889b160
R6_reacher_07bc032092b89db7cfeb780b,H0,R4_ALT_CEM_2,PRED_PAST,1,1,0,0,,,,/workspace/r8_fix/f2/FORMAL/R4_ALT_CEM_2/R6_reacher_0abbe32b49558f890c57967a/REFIT_103203/PRED_PAST/result.json,0ac4d820745bf7b457ed2f066827c06f1be54b9dc765081c911bd401e889b160
R6_reacher_07bc032092b89db7cfeb780b,REFIT_103201,R4_ALT_CEM_2,PRED_PAST,1,1,0,0,,,,/workspace/r8_fix/f2/FORMAL/R4_ALT_CEM_2/R6_reacher_0abbe32b49558f890c57967a/REFIT_103203/PRED_PAST/result.json,0ac4d820745bf7b457ed2f066827c06f1be54b9dc765081c911bd401e889b160
R6_reacher_07bc032092b89db7cfeb780b,REFIT_103202,R4_ALT_CEM_2,PRED_PAST,1,1,0,0,,,,/workspace/r8_fix/f2/FORMAL/R4_ALT_CEM_2/R6_reacher_0abbe32b49558f890c57967a/REFIT_103203/PRED_PAST/result.json,0ac4d820745bf7b457ed2f066827c06f1be54b9dc765081c911bd401e889b160
R6_reacher_07bc032092b89db7cfeb780b,REFIT_103203,R4_ALT_CEM_2,PRED_PAST,1,1,0,0,,,,/workspace/r8_fix/f2/FORMAL/R4_ALT_CEM_2/R6_reacher_0abbe32b49558f890c57967a/REFIT_103203/PRED_PAST/result.json,0ac4d820745bf7b457ed2f066827c06f1be54b9dc765081c911bd401e889b160
R6_reacher_07d217105efcc8943612bd1b,H0,R4_ALT_CEM_2,PRED_PAST,1,1,0,0,,,,/workspace/r8_fix/f2/FORMAL/R4_ALT_CEM_2/R6_reacher_0abbe32b49558f890c57967a/REFIT_103203/PRED_PAST/result.json,0ac4d820745bf7b457ed2f066827c06f1be54b9dc765081c911bd401e889b160
R6_reacher_07d217105efcc8943612bd1b,REFIT_103201,R4_ALT_CEM_2,PRED_PAST,1,1,0,0,,,,/workspace/r8_fix/f2/FORMAL/R4_ALT_CEM_2/R6_reacher_0abbe32b49558f890c57967a/REFIT_103203/PRED_PAST/result.json,0ac4d820745bf7b457ed2f066827c06f1be54b9dc765081c911bd401e889b160
R6_reacher_07d217105efcc8943612bd1b,REFIT_103202,R4_ALT_CEM_2,PRED_PAST,1,1,0,0,,,,/workspace/r8_fix/f2/FORMAL/R4_ALT_CEM_2/R6_reacher_0abbe32b49558f890c57967a/REFIT_103203/PRED_PAST/result.json,0ac4d820745bf7b457ed2f066827c06f1be54b9dc765081c911bd401e889b160
R6_reacher_07d217105efcc8943612bd1b,REFIT_103203,R4_ALT_CEM_2,PRED_PAST,1,1,0,0,,,,/workspace/r8_fix/f2/FORMAL/R4_ALT_CEM_2/R6_reacher_0abbe32b49558f890c57967a/REFIT_103203/PRED_PAST/result.json,0ac4d820745bf7b457ed2f066827c06f1be54b9dc765081c911bd401e889b160
R6_reacher_07d8ede95622d173c866dc15,H0,R4_ALT_CEM_2,PRED_PAST,1,2,1,1,1,6.33885383605957,6.539770603179932,/workspace/r8_fix/f2/FORMAL/R4_ALT_CEM_2/R6_reacher_0abbe32b49558f890c57967a/REFIT_103203/PRED_PAST/result.json,0ac4d820745bf7b457ed2f066827c06f1be54b9dc765081c911bd401e889b160
R6_reacher_07d8ede95622d173c866dc15,REFIT_103201,R4_ALT_CEM_2,PRED_PAST,1,2,1,1,1,6.037821292877197,6.04069185256958,/workspace/r8_fix/f2/FORMAL/R4_ALT_CEM_2/R6_reacher_0abbe32b49558f890c57967a/REFIT_103203/PRED_PAST/result.json,0ac4d820745bf7b457ed2f066827c06f1be54b9dc765081c911bd401e889b160
R6_reacher_07d8ede95622d173c866dc15,REFIT_103202,R4_ALT_CEM_2,PRED_PAST,1,2,1,1,1,6.287398815155029,6.341742515563965,/workspace/r8_fix/f2/FORMAL/R4_ALT_CEM_2/R6_reacher_0abbe32b49558f890c57967a/REFIT_103203/PRED_PAST/result.json,0ac4d820745bf7b457ed2f066827c06f1be54b9dc765081c911bd401e889b160
R6_reacher_07d8ede95622d173c866dc15,REFIT_103203,R4_ALT_CEM_2,PRED_PAST,1,2,1,1,1,8.322881698608398,8.086567878723145,/workspace/r8_fix/f2/FORMAL/R4_ALT_CEM_2/R6_reacher_0abbe32b49558f890c57967a/REFIT_103203/PRED_PAST/result.json,0ac4d820745bf7b457ed2f066827c06f1be54b9dc765081c911bd401e889b160
R6_reacher_07f453cb26b9a6852312cfaf,H0,R4_ALT_CEM_2,PRED_PAST,1,1,0,0,,,,/workspace/r8_fix/f2/FORMAL/R4_ALT_CEM_2/R6_reacher_0abbe32b49558f890c57967a/REFIT_103203/PRED_PAST/result.json,0ac4d820745bf7b457ed2f066827c06f1be54b9dc765081c911bd401e889b160
R6_reacher_07f453cb26b9a6852312cfaf,REFIT_103201,R4_ALT_CEM_2,PRED_PAST,1,1,0,0,,,,/workspace/r8_fix/f2/FORMAL/R4_ALT_CEM_2/R6_reacher_0abbe32b49558f890c57967a/REFIT_103203/PRED_PAST/result.json,0ac4d820745bf7b457ed2f066827c06f1be54b9dc765081c911bd401e889b160
R6_reacher_07f453cb26b9a6852312cfaf,REFIT_103202,R4_ALT_CEM_2,PRED_PAST,1,1,0,0,,,,/workspace/r8_fix/f2/FORMAL/R4_ALT_CEM_2/R6_reacher_0abbe32b49558f890c57967a/REFIT_103203/PRED_PAST/result.json,0ac4d820745bf7b457ed2f066827c06f1be54b9dc765081c911bd401e889b160
R6_reacher_07f453cb26b9a6852312cfaf,REFIT_103203,R4_ALT_CEM_2,PRED_PAST,1,1,0,0,,,,/workspace/r8_fix/f2/FORMAL/R4_ALT_CEM_2/R6_reacher_0abbe32b49558f890c57967a/REFIT_103203/PRED_PAST/result.json,0ac4d820745bf7b457ed2f066827c06f1be54b9dc765081c911bd401e889b160
R6_reacher_080c40555038f25160de654a,H0,R4_ALT_CEM_2,PRED_PAST,1,2,1,1,1,2.0415542125701904,2.204188823699951,/workspace/r8_fix/f2/FORMAL/R4_ALT_CEM_2/R6_reacher_0abbe32b49558f890c57967a/REFIT_103203/PRED_PAST/result.json,0ac4d820745bf7b457ed2f066827c06f1be54b9dc765081c911bd401e889b160
R6_reacher_080c40555038f25160de654a,REFIT_103201,R4_ALT_CEM_2,PRED_PAST,1,2,1,1,1,1.4923374652862549,1.3937302827835083,/workspace/r8_fix/f2/FORMAL/R4_ALT_CEM_2/R6_reacher_0abbe32b49558f890c57967a/REFIT_103203/PRED_PAST/result.json,0ac4d820745bf7b457ed2f066827c06f1be54b9dc765081c911bd401e889b160
R6_reacher_080c40555038f25160de654a,REFIT_103202,R4_ALT_CEM_2,PRED_PAST,1,1,0,0,,,,/workspace/r8_fix/f2/FORMAL/R4_ALT_CEM_2/R6_reacher_0abbe32b49558f890c57967a/REFIT_103203/PRED_PAST/result.json,0ac4d820745bf7b457ed2f066827c06f1be54b9dc765081c911bd401e889b160
R6_reacher_080c40555038f25160de654a,REFIT_103203,R4_ALT_CEM_2,PRED_PAST,1,1,0,0,,,,/workspace/r8_fix/f2/FORMAL/R4_ALT_CEM_2/R6_reacher_0abbe32b49558f890c57967a/REFIT_103203/PRED_PAST/result.json,0ac4d820745bf7b457ed2f066827c06f1be54b9dc765081c911bd401e889b160
R6_reacher_0836c96bfa0e02e08d4dc536,H0,R4_ALT_CEM_2,PRED_PAST,1,1,0,0,,,,/workspace/r8_fix/f2/FORMAL/R4_ALT_CEM_2/R6_reacher_0abbe32b49558f890c57967a/REFIT_103203/PRED_PAST/result.json,0ac4d820745bf7b457ed2f066827c06f1be54b9dc765081c911bd401e889b160
R6_reacher_0836c96bfa0e02e08d4dc536,REFIT_103201,R4_ALT_CEM_2,PRED_PAST,1,2,1,1,1,2.389080286026001,2.5238747596740723,/workspace/r8_fix/f2/FORMAL/R4_ALT_CEM_2/R6_reacher_0abbe32b49558f890c57967a/REFIT_103203/PRED_PAST/result.json,0ac4d820745bf7b457ed2f066827c06f1be54b9dc765081c911bd401e889b160
R6_reacher_0836c96bfa0e02e08d4dc536,REFIT_103202,R4_ALT_CEM_2,PRED_PAST,1,2,1,1,1,1.9339818954467773,1.981988549232483,/workspace/r8_fix/f2/FORMAL/R4_ALT_CEM_2/R6_reacher_0abbe32b49558f890c57967a/REFIT_103203/PRED_PAST/result.json,0ac4d820745bf7b457ed2f066827c06f1be54b9dc765081c911bd401e889b160
R6_reacher_0836c96bfa0e02e08d4dc536,REFIT_103203,R4_ALT_CEM_2,PRED_PAST,1,2,1,1,1,2.143702983856201,2.050530433654785,/workspace/r8_fix/f2/FORMAL/R4_ALT_CEM_2/R6_reacher_0abbe32b49558f890c57967a/REFIT_103203/PRED_PAST/result.json,0ac4d820745bf7b457ed2f066827c06f1be54b9dc765081c911bd401e889b160
R6_reacher_0859eef19809752e9afbb84a,H0,R4_ALT_CEM_2,PRED_PAST,1,2,1,1,1,5.661951065063477,5.497998237609863,/workspace/r8_fix/f2/FORMAL/R4_ALT_CEM_2/R6_reacher_0abbe32b49558f890c57967a/REFIT_103203/PRED_PAST/result.json,0ac4d820745bf7b457ed2f066827c06f1be54b9dc765081c911bd401e889b160
R6_reacher_0859eef19809752e9afbb84a,REFIT_103201,R4_ALT_CEM_2,PRED_PAST,1,2,1,1,1,4.908425807952881,5.117918491363525,/workspace/r8_fix/f2/FORMAL/R4_ALT_CEM_2/R6_reacher_0abbe32b49558f890c57967a/REFIT_103203/PRED_PAST/result.json,0ac4d820745bf7b457ed2f066827c06f1be54b9dc765081c911bd401e889b160
R6_reacher_0859eef19809752e9afbb84a,REFIT_103202,R4_ALT_CEM_2,PRED_PAST,1,2,1,1,1,4.570973873138428,4.694985389709473,/workspace/r8_fix/f2/FORMAL/R4_ALT_CEM_2/R6_reacher_0abbe32b49558f890c57967a/REFIT_103203/PRED_PAST/result.json,0ac4d820745bf7b457ed2f066827c06f1be54b9dc765081c911bd401e889b160
R6_reacher_0859eef19809752e9afbb84a,REFIT_103203,R4_ALT_CEM_2,PRED_PAST,1,2,1,1,1,4.97810173034668,5.047695636749268,/workspace/r8_fix/f2/FORMAL/R4_ALT_CEM_2/R6_reacher_0abbe32b49558f890c57967a/REFIT_103203/PRED_PAST/result.json,0ac4d820745bf7b457ed2f066827c06f1be54b9dc765081c911bd401e889b160
R6_reacher_0877b94c4c4ad9e7428aeeea,H0,R4_ALT_CEM_2,PRED_PAST,1,2,1,1,1,7.7809038162231445,7.38838005065918,/workspace/r8_fix/f2/FORMAL/R4_ALT_CEM_2/R6_reacher_0abbe32b49558f890c57967a/REFIT_103203/PRED_PAST/result.json,0ac4d820745bf7b457ed2f066827c06f1be54b9dc765081c911bd401e889b160
R6_reacher_0877b94c4c4ad9e7428aeeea,REFIT_103201,R4_ALT_CEM_2,PRED_PAST,1,1,0,0,,,,/workspace/r8_fix/f2/FORMAL/R4_ALT_CEM_2/R6_reacher_0abbe32b49558f890c57967a/REFIT_103203/PRED_PAST/result.json,0ac4d820745bf7b457ed2f066827c06f1be54b9dc765081c911bd401e889b160
R6_reacher_0877b94c4c4ad9e7428aeeea,REFIT_103202,R4_ALT_CEM_2,PRED_PAST,1,2,1,1,1,7.197901725769043,7.065201759338379,/workspace/r8_fix/f2/FORMAL/R4_ALT_CEM_2/R6_reacher_0abbe32b49558f890c57967a/REFIT_103203/PRED_PAST/result.json,0ac4d820745bf7b457ed2f066827c06f1be54b9dc765081c911bd401e889b160
R6_reacher_0877b94c4c4ad9e7428aeeea,REFIT_103203,R4_ALT_CEM_2,PRED_PAST,1,1,0,0,,,,/workspace/r8_fix/f2/FORMAL/R4_ALT_CEM_2/R6_reacher_0abbe32b49558f890c57967a/REFIT_103203/PRED_PAST/result.json,0ac4d820745bf7b457ed2f066827c06f1be54b9dc765081c911bd401e889b160
R6_reacher_088a094c8c8929ddd3a33d6b,H0,R4_ALT_CEM_2,PRED_PAST,0,2,1,1,1,2.894845724105835,4.2632365226745605,/workspace/r8_fix/f2/FORMAL/R4_ALT_CEM_2/R6_reacher_0abbe32b49558f890c57967a/REFIT_103203/PRED_PAST/result.json,0ac4d820745bf7b457ed2f066827c06f1be54b9dc765081c911bd401e889b160
R6_reacher_088a094c8c8929ddd3a33d6b,REFIT_103201,R4_ALT_CEM_2,PRED_PAST,1,1,0,0,,,,/workspace/r8_fix/f2/FORMAL/R4_ALT_CEM_2/R6_reacher_0abbe32b49558f890c57967a/REFIT_103203/PRED_PAST/result.json,0ac4d820745bf7b457ed2f066827c06f1be54b9dc765081c911bd401e889b160
R6_reacher_088a094c8c8929ddd3a33d6b,REFIT_103202,R4_ALT_CEM_2,PRED_PAST,1,1,0,0,,,,/workspace/r8_fix/f2/FORMAL/R4_ALT_CEM_2/R6_reacher_0abbe32b49558f890c57967a/REFIT_103203/PRED_PAST/result.json,0ac4d820745bf7b457ed2f066827c06f1be54b9dc765081c911bd401e889b160
R6_reacher_088a094c8c8929ddd3a33d6b,REFIT_103203,R4_ALT_CEM_2,PRED_PAST,1,1,0,0,,,,/workspace/r8_fix/f2/FORMAL/R4_ALT_CEM_2/R6_reacher_0abbe32b49558f890c57967a/REFIT_103203/PRED_PAST/result.json,0ac4d820745bf7b457ed2f066827c06f1be54b9dc765081c911bd401e889b160
R6_reacher_08adec0f89aa2befc53c51f6,H0,R4_ALT_CEM_2,PRED_PAST,1,1,0,0,,,,/workspace/r8_fix/f2/FORMAL/R4_ALT_CEM_2/R6_reacher_0abbe32b49558f890c57967a/REFIT_103203/PRED_PAST/result.json,0ac4d820745bf7b457ed2f066827c06f1be54b9dc765081c911bd401e889b160
R6_reacher_08adec0f89aa2befc53c51f6,REFIT_103201,R4_ALT_CEM_2,PRED_PAST,1,1,0,0,,,,/workspace/r8_fix/f2/FORMAL/R4_ALT_CEM_2/R6_reacher_0abbe32b49558f890c57967a/REFIT_103203/PRED_PAST/result.json,0ac4d820745bf7b457ed2f066827c06f1be54b9dc765081c911bd401e889b160
R6_reacher_08adec0f89aa2befc53c51f6,REFIT_103202,R4_ALT_CEM_2,PRED_PAST,1,1,0,0,,,,/workspace/r8_fix/f2/FORMAL/R4_ALT_CEM_2/R6_reacher_0abbe32b49558f890c57967a/REFIT_103203/PRED_PAST/result.json,0ac4d820745bf7b457ed2f066827c06f1be54b9dc765081c911bd401e889b160
R6_reacher_08adec0f89aa2befc53c51f6,REFIT_103203,R4_ALT_CEM_2,PRED_PAST,1,1,0,0,,,,/workspace/r8_fix/f2/FORMAL/R4_ALT_CEM_2/R6_reacher_0abbe32b49558f890c57967a/REFIT_103203/PRED_PAST/result.json,0ac4d820745bf7b457ed2f066827c06f1be54b9dc765081c911bd401e889b160
R6_reacher_08e2de8457d9e13b5d9c4a01,H0,R4_ALT_CEM_2,PRED_PAST,0,2,1,1,1,6.11448335647583,6.2490363121032715,/workspace/r8_fix/f2/FORMAL/R4_ALT_CEM_2/R6_reacher_0abbe32b49558f890c57967a/REFIT_103203/PRED_PAST/result.json,0ac4d820745bf7b457ed2f066827c06f1be54b9dc765081c911bd401e889b160
R6_reacher_08e2de8457d9e13b5d9c4a01,REFIT_103201,R4_ALT_CEM_2,PRED_PAST,1,2,1,1,1,5.333162307739258,5.0101518630981445,/workspace/r8_fix/f2/FORMAL/R4_ALT_CEM_2/R6_reacher_0abbe32b49558f890c57967a/REFIT_103203/PRED_PAST/result.json,0ac4d820745bf7b457ed2f066827c06f1be54b9dc765081c911bd401e889b160
R6_reacher_08e2de8457d9e13b5d9c4a01,REFIT_103202,R4_ALT_CEM_2,PRED_PAST,1,1,0,0,,,,/workspace/r8_fix/f2/FORMAL/R4_ALT_CEM_2/R6_reacher_0abbe32b49558f890c57967a/REFIT_103203/PRED_PAST/result.json,0ac4d820745bf7b457ed2f066827c06f1be54b9dc765081c911bd401e889b160
R6_reacher_08e2de8457d9e13b5d9c4a01,REFIT_103203,R4_ALT_CEM_2,PRED_PAST,1,2,1,1,1,4.75076961517334,4.758040428161621,/workspace/r8_fix/f2/FORMAL/R4_ALT_CEM_2/R6_reacher_0abbe32b49558f890c57967a/REFIT_103203/PRED_PAST/result.json,0ac4d820745bf7b457ed2f066827c06f1be54b9dc765081c911bd401e889b160
R6_reacher_08e532e2e16e5aa68e92e603,H0,R4_ALT_CEM_2,PRED_PAST,1,2,1,1,1,2.7864372730255127,2.9545934200286865,/workspace/r8_fix/f2/FORMAL/R4_ALT_CEM_2/R6_reacher_0abbe32b49558f890c57967a/REFIT_103203/PRED_PAST/result.json,0ac4d820745bf7b457ed2f066827c06f1be54b9dc765081c911bd401e889b160
R6_reacher_08e532e2e16e5aa68e92e603,REFIT_103201,R4_ALT_CEM_2,PRED_PAST,1,1,0,0,,,,/workspace/r8_fix/f2/FORMAL/R4_ALT_CEM_2/R6_reacher_0abbe32b49558f890c57967a/REFIT_103203/PRED_PAST/result.json,0ac4d820745bf7b457ed2f066827c06f1be54b9dc765081c911bd401e889b160
R6_reacher_08e532e2e16e5aa68e92e603,REFIT_103202,R4_ALT_CEM_2,PRED_PAST,1,1,0,0,,,,/workspace/r8_fix/f2/FORMAL/R4_ALT_CEM_2/R6_reacher_0abbe32b49558f890c57967a/REFIT_103203/PRED_PAST/result.json,0ac4d820745bf7b457ed2f066827c06f1be54b9dc765081c911bd401e889b160
R6_reacher_08e532e2e16e5aa68e92e603,REFIT_103203,R4_ALT_CEM_2,PRED_PAST,1,1,0,0,,,,/workspace/r8_fix/f2/FORMAL/R4_ALT_CEM_2/R6_reacher_0abbe32b49558f890c57967a/REFIT_103203/PRED_PAST/result.json,0ac4d820745bf7b457ed2f066827c06f1be54b9dc765081c911bd401e889b160
R6_reacher_08e583a8582de1c1b62e2f97,H0,R4_ALT_CEM_2,PRED_PAST,1,1,0,0,,,,/workspace/r8_fix/f2/FORMAL/R4_ALT_CEM_2/R6_reacher_0abbe32b49558f890c57967a/REFIT_103203/PRED_PAST/result.json,0ac4d820745bf7b457ed2f066827c06f1be54b9dc765081c911bd401e889b160
R6_reacher_08e583a8582de1c1b62e2f97,REFIT_103201,R4_ALT_CEM_2,PRED_PAST,1,1,0,0,,,,/workspace/r8_fix/f2/FORMAL/R4_ALT_CEM_2/R6_reacher_0abbe32b49558f890c57967a/REFIT_103203/PRED_PAST/result.json,0ac4d820745bf7b457ed2f066827c06f1be54b9dc765081c911bd401e889b160
R6_reacher_08e583a8582de1c1b62e2f97,REFIT_103202,R4_ALT_CEM_2,PRED_PAST,1,1,0,0,,,,/workspace/r8_fix/f2/FORMAL/R4_ALT_CEM_2/R6_reacher_0abbe32b49558f890c57967a/REFIT_103203/PRED_PAST/result.json,0ac4d820745bf7b457ed2f066827c06f1be54b9dc765081c911bd401e889b160
R6_reacher_08e583a8582de1c1b62e2f97,REFIT_103203,R4_ALT_CEM_2,PRED_PAST,1,1,0,0,,,,/workspace/r8_fix/f2/FORMAL/R4_ALT_CEM_2/R6_reacher_0abbe32b49558f890c57967a/REFIT_103203/PRED_PAST/result.json,0ac4d820745bf7b457ed2f066827c06f1be54b9dc765081c911bd401e889b160
R6_reacher_08ea3c55a7fb98416d5450bc,H0,R4_ALT_CEM_2,PRED_PAST,1,2,1,1,1,6.771899700164795,6.778785705566406,/workspace/r8_fix/f2/FORMAL/R4_ALT_CEM_2/R6_reacher_0abbe32b49558f890c57967a/REFIT_103203/PRED_PAST/result.json,0ac4d820745bf7b457ed2f066827c06f1be54b9dc765081c911bd401e889b160
R6_reacher_08ea3c55a7fb98416d5450bc,REFIT_103201,R4_ALT_CEM_2,PRED_PAST,1,2,1,1,1,7.490590572357178,7.857547760009766,/workspace/r8_fix/f2/FORMAL/R4_ALT_CEM_2/R6_reacher_0abbe32b49558f890c57967a/REFIT_103203/PRED_PAST/result.json,0ac4d820745bf7b457ed2f066827c06f1be54b9dc765081c911bd401e889b160
R6_reacher_08ea3c55a7fb98416d5450bc,REFIT_103202,R4_ALT_CEM_2,PRED_PAST,1,2,1,1,1,7.345948696136475,7.755630970001221,/workspace/r8_fix/f2/FORMAL/R4_ALT_CEM_2/R6_reacher_0abbe32b49558f890c57967a/REFIT_103203/PRED_PAST/result.json,0ac4d820745bf7b457ed2f066827c06f1be54b9dc765081c911bd401e889b160
R6_reacher_08ea3c55a7fb98416d5450bc,REFIT_103203,R4_ALT_CEM_2,PRED_PAST,1,2,1,1,1,6.811563014984131,6.933689117431641,/workspace/r8_fix/f2/FORMAL/R4_ALT_CEM_2/R6_reacher_0abbe32b49558f890c57967a/REFIT_103203/PRED_PAST/result.json,0ac4d820745bf7b457ed2f066827c06f1be54b9dc765081c911bd401e889b160
R6_reacher_08edd6141fcf2cc487e96efd,H0,R4_ALT_CEM_2,PRED_PAST,0,2,1,1,1,6.9887518882751465,7.20534086227417,/workspace/r8_fix/f2/FORMAL/R4_ALT_CEM_2/R6_reacher_0abbe32b49558f890c57967a/REFIT_103203/PRED_PAST/result.json,0ac4d820745bf7b457ed2f066827c06f1be54b9dc765081c911bd401e889b160
R6_reacher_08edd6141fcf2cc487e96efd,REFIT_103201,R4_ALT_CEM_2,PRED_PAST,1,2,1,1,1,6.261428356170654,6.326847076416016,/workspace/r8_fix/f2/FORMAL/R4_ALT_CEM_2/R6_reacher_0abbe32b49558f890c57967a/REFIT_103203/PRED_PAST/result.json,0ac4d820745bf7b457ed2f066827c06f1be54b9dc765081c911bd401e889b160
R6_reacher_08edd6141fcf2cc487e96efd,REFIT_103202,R4_ALT_CEM_2,PRED_PAST,1,2,1,1,1,6.386135578155518,6.684972763061523,/workspace/r8_fix/f2/FORMAL/R4_ALT_CEM_2/R6_reacher_0abbe32b49558f890c57967a/REFIT_103203/PRED_PAST/result.json,0ac4d820745bf7b457ed2f066827c06f1be54b9dc765081c911bd401e889b160
R6_reacher_08edd6141fcf2cc487e96efd,REFIT_103203,R4_ALT_CEM_2,PRED_PAST,1,2,1,1,1,6.529814720153809,6.803579330444336,/workspace/r8_fix/f2/FORMAL/R4_ALT_CEM_2/R6_reacher_0abbe32b49558f890c57967a/REFIT_103203/PRED_PAST/result.json,0ac4d820745bf7b457ed2f066827c06f1be54b9dc765081c911bd401e889b160
R6_reacher_090e387544f3b641157cea56,H0,R4_ALT_CEM_2,PRED_PAST,1,2,1,1,1,4.006995677947998,4.255916118621826,/workspace/r8_fix/f2/FORMAL/R4_ALT_CEM_2/R6_reacher_0abbe32b49558f890c57967a/REFIT_103203/PRED_PAST/result.json,0ac4d820745bf7b457ed2f066827c06f1be54b9dc765081c911bd401e889b160
R6_reacher_090e387544f3b641157cea56,REFIT_103201,R4_ALT_CEM_2,PRED_PAST,1,2,1,1,1,5.416531085968018,5.481339454650879,/workspace/r8_fix/f2/FORMAL/R4_ALT_CEM_2/R6_reacher_0abbe32b49558f890c57967a/REFIT_103203/PRED_PAST/result.json,0ac4d820745bf7b457ed2f066827c06f1be54b9dc765081c911bd401e889b160
R6_reacher_090e387544f3b641157cea56,REFIT_103202,R4_ALT_CEM_2,PRED_PAST,1,2,1,1,1,5.244948863983154,5.352235317230225,/workspace/r8_fix/f2/FORMAL/R4_ALT_CEM_2/R6_reacher_0abbe32b49558f890c57967a/REFIT_103203/PRED_PAST/result.json,0ac4d820745bf7b457ed2f066827c06f1be54b9dc765081c911bd401e889b160
R6_reacher_090e387544f3b641157cea56,REFIT_103203,R4_ALT_CEM_2,PRED_PAST,1,2,1,1,1,5.48321533203125,5.4399333000183105,/workspace/r8_fix/f2/FORMAL/R4_ALT_CEM_2/R6_reacher_0abbe32b49558f890c57967a/REFIT_103203/PRED_PAST/result.json,0ac4d820745bf7b457ed2f066827c06f1be54b9dc765081c911bd401e889b160
R6_reacher_09129778869b8933020399b8,H0,R4_ALT_CEM_2,PRED_PAST,1,2,1,1,1,2.6259665489196777,2.5067362785339355,/workspace/r8_fix/f2/FORMAL/R4_ALT_CEM_2/R6_reacher_0abbe32b49558f890c57967a/REFIT_103203/PRED_PAST/result.json,0ac4d820745bf7b457ed2f066827c06f1be54b9dc765081c911bd401e889b160
R6_reacher_09129778869b8933020399b8,REFIT_103201,R4_ALT_CEM_2,PRED_PAST,1,2,1,1,1,2.5832407474517822,2.310011386871338,/workspace/r8_fix/f2/FORMAL/R4_ALT_CEM_2/R6_reacher_0abbe32b49558f890c57967a/REFIT_103203/PRED_PAST/result.json,0ac4d820745bf7b457ed2f066827c06f1be54b9dc765081c911bd401e889b160
R6_reacher_09129778869b8933020399b8,REFIT_103202,R4_ALT_CEM_2,PRED_PAST,1,2,1,1,1,2.643378496170044,2.366227388381958,/workspace/r8_fix/f2/FORMAL/R4_ALT_CEM_2/R6_reacher_0abbe32b49558f890c57967a/REFIT_103203/PRED_PAST/result.json,0ac4d820745bf7b457ed2f066827c06f1be54b9dc765081c911bd401e889b160
R6_reacher_09129778869b8933020399b8,REFIT_103203,R4_ALT_CEM_2,PRED_PAST,0,2,1,1,1,2.610398530960083,2.320526123046875,/workspace/r8_fix/f2/FORMAL/R4_ALT_CEM_2/R6_reacher_0abbe32b49558f890c57967a/REFIT_103203/PRED_PAST/result.json,0ac4d820745bf7b457ed2f066827c06f1be54b9dc765081c911bd401e889b160
R6_reacher_0913f64b7826936e467d91e6,H0,R4_ALT_CEM_2,PRED_PAST,1,1,0,0,,,,/workspace/r8_fix/f2/FORMAL/R4_ALT_CEM_2/R6_reacher_0abbe32b49558f890c57967a/REFIT_103203/PRED_PAST/result.json,0ac4d820745bf7b457ed2f066827c06f1be54b9dc765081c911bd401e889b160
R6_reacher_0913f64b7826936e467d91e6,REFIT_103201,R4_ALT_CEM_2,PRED_PAST,1,2,1,1,1,8.270485877990723,9.421723365783691,/workspace/r8_fix/f2/FORMAL/R4_ALT_CEM_2/R6_reacher_0abbe32b49558f890c57967a/REFIT_103203/PRED_PAST/result.json,0ac4d820745bf7b457ed2f066827c06f1be54b9dc765081c911bd401e889b160
R6_reacher_0913f64b7826936e467d91e6,REFIT_103202,R4_ALT_CEM_2,PRED_PAST,1,2,1,1,1,8.1253023147583,9.294891357421875,/workspace/r8_fix/f2/FORMAL/R4_ALT_CEM_2/R6_reacher_0abbe32b49558f890c57967a/REFIT_103203/PRED_PAST/result.json,0ac4d820745bf7b457ed2f066827c06f1be54b9dc765081c911bd401e889b160
R6_reacher_0913f64b7826936e467d91e6,REFIT_103203,R4_ALT_CEM_2,PRED_PAST,1,1,0,0,,,,/workspace/r8_fix/f2/FORMAL/R4_ALT_CEM_2/R6_reacher_0abbe32b49558f890c57967a/REFIT_103203/PRED_PAST/result.json,0ac4d820745bf7b457ed2f066827c06f1be54b9dc765081c911bd401e889b160
R6_reacher_092eb479cf3e133d57041497,H0,R4_ALT_CEM_2,PRED_PAST,1,1,0,0,,,,/workspace/r8_fix/f2/FORMAL/R4_ALT_CEM_2/R6_reacher_0abbe32b49558f890c57967a/REFIT_103203/PRED_PAST/result.json,0ac4d820745bf7b457ed2f066827c06f1be54b9dc765081c911bd401e889b160
R6_reacher_092eb479cf3e133d57041497,REFIT_103201,R4_ALT_CEM_2,PRED_PAST,1,1,0,0,,,,/workspace/r8_fix/f2/FORMAL/R4_ALT_CEM_2/R6_reacher_0abbe32b49558f890c57967a/REFIT_103203/PRED_PAST/result.json,0ac4d820745bf7b457ed2f066827c06f1be54b9dc765081c911bd401e889b160
R6_reacher_092eb479cf3e133d57041497,REFIT_103202,R4_ALT_CEM_2,PRED_PAST,1,1,0,0,,,,/workspace/r8_fix/f2/FORMAL/R4_ALT_CEM_2/R6_reacher_0abbe32b49558f890c57967a/REFIT_103203/PRED_PAST/result.json,0ac4d820745bf7b457ed2f066827c06f1be54b9dc765081c911bd401e889b160
R6_reacher_092eb479cf3e133d57041497,REFIT_103203,R4_ALT_CEM_2,PRED_PAST,1,1,0,0,,,,/workspace/r8_fix/f2/FORMAL/R4_ALT_CEM_2/R6_reacher_0abbe32b49558f890c57967a/REFIT_103203/PRED_PAST/result.json,0ac4d820745bf7b457ed2f066827c06f1be54b9dc765081c911bd401e889b160
R6_reacher_0958072154ac56b71d457e80,H0,R4_ALT_CEM_2,PRED_PAST,1,1,0,0,,,,/workspace/r8_fix/f2/FORMAL/R4_ALT_CEM_2/R6_reacher_0abbe32b49558f890c57967a/REFIT_103203/PRED_PAST/result.json,0ac4d820745bf7b457ed2f066827c06f1be54b9dc765081c911bd401e889b160
R6_reacher_0958072154ac56b71d457e80,REFIT_103201,R4_ALT_CEM_2,PRED_PAST,1,2,1,1,1,2.0547173023223877,2.699399709701538,/workspace/r8_fix/f2/FORMAL/R4_ALT_CEM_2/R6_reacher_0abbe32b49558f890c57967a/REFIT_103203/PRED_PAST/result.json,0ac4d820745bf7b457ed2f066827c06f1be54b9dc765081c911bd401e889b160
R6_reacher_0958072154ac56b71d457e80,REFIT_103202,R4_ALT_CEM_2,PRED_PAST,1,1,0,0,,,,/workspace/r8_fix/f2/FORMAL/R4_ALT_CEM_2/R6_reacher_0abbe32b49558f890c57967a/REFIT_103203/PRED_PAST/result.json,0ac4d820745bf7b457ed2f066827c06f1be54b9dc765081c911bd401e889b160
R6_reacher_0958072154ac56b71d457e80,REFIT_103203,R4_ALT_CEM_2,PRED_PAST,1,1,0,0,,,,/workspace/r8_fix/f2/FORMAL/R4_ALT_CEM_2/R6_reacher_0abbe32b49558f890c57967a/REFIT_103203/PRED_PAST/result.json,0ac4d820745bf7b457ed2f066827c06f1be54b9dc765081c911bd401e889b160
R6_reacher_0965dc9d288d1769d4d29d4a,H0,R4_ALT_CEM_2,PRED_PAST,1,2,1,1,1,5.516999244689941,6.0379462242126465,/workspace/r8_fix/f2/FORMAL/R4_ALT_CEM_2/R6_reacher_0abbe32b49558f890c57967a/REFIT_103203/PRED_PAST/result.json,0ac4d820745bf7b457ed2f066827c06f1be54b9dc765081c911bd401e889b160
R6_reacher_0965dc9d288d1769d4d29d4a,REFIT_103201,R4_ALT_CEM_2,PRED_PAST,1,2,1,1,1,5.208699703216553,5.0967631340026855,/workspace/r8_fix/f2/FORMAL/R4_ALT_CEM_2/R6_reacher_0abbe32b49558f890c57967a/REFIT_103203/PRED_PAST/result.json,0ac4d820745bf7b457ed2f066827c06f1be54b9dc765081c911bd401e889b160
R6_reacher_0965dc9d288d1769d4d29d4a,REFIT_103202,R4_ALT_CEM_2,PRED_PAST,1,2,1,1,1,4.980650424957275,4.960693836212158,/workspace/r8_fix/f2/FORMAL/R4_ALT_CEM_2/R6_reacher_0abbe32b49558f890c57967a/REFIT_103203/PRED_PAST/result.json,0ac4d820745bf7b457ed2f066827c06f1be54b9dc765081c911bd401e889b160
R6_reacher_0965dc9d288d1769d4d29d4a,REFIT_103203,R4_ALT_CEM_2,PRED_PAST,1,2,1,1,1,4.725671768188477,4.449145793914795,/workspace/r8_fix/f2/FORMAL/R4_ALT_CEM_2/R6_reacher_0abbe32b49558f890c57967a/REFIT_103203/PRED_PAST/result.json,0ac4d820745bf7b457ed2f066827c06f1be54b9dc765081c911bd401e889b160
R6_reacher_096c43e05c7b22dbd8c24748,H0,R4_ALT_CEM_2,PRED_PAST,1,1,0,0,,,,/workspace/r8_fix/f2/FORMAL/R4_ALT_CEM_2/R6_reacher_0abbe32b49558f890c57967a/REFIT_103203/PRED_PAST/result.json,0ac4d820745bf7b457ed2f066827c06f1be54b9dc765081c911bd401e889b160
R6_reacher_096c43e05c7b22dbd8c24748,REFIT_103201,R4_ALT_CEM_2,PRED_PAST,1,1,0,0,,,,/workspace/r8_fix/f2/FORMAL/R4_ALT_CEM_2/R6_reacher_0abbe32b49558f890c57967a/REFIT_103203/PRED_PAST/result.json,0ac4d820745bf7b457ed2f066827c06f1be54b9dc765081c911bd401e889b160
R6_reacher_096c43e05c7b22dbd8c24748,REFIT_103202,R4_ALT_CEM_2,PRED_PAST,1,1,0,0,,,,/workspace/r8_fix/f2/FORMAL/R4_ALT_CEM_2/R6_reacher_0abbe32b49558f890c57967a/REFIT_103203/PRED_PAST/result.json,0ac4d820745bf7b457ed2f066827c06f1be54b9dc765081c911bd401e889b160
R6_reacher_096c43e05c7b22dbd8c24748,REFIT_103203,R4_ALT_CEM_2,PRED_PAST,1,1,0,0,,,,/workspace/r8_fix/f2/FORMAL/R4_ALT_CEM_2/R6_reacher_0abbe32b49558f890c57967a/REFIT_103203/PRED_PAST/result.json,0ac4d820745bf7b457ed2f066827c06f1be54b9dc765081c911bd401e889b160
R6_reacher_09a47a8bb70067f36643bc00,H0,R4_ALT_CEM_2,PRED_PAST,1,2,1,1,1,6.004871368408203,5.901243686676025,/workspace/r8_fix/f2/FORMAL/R4_ALT_CEM_2/R6_reacher_0abbe32b49558f890c57967a/REFIT_103203/PRED_PAST/result.json,0ac4d820745bf7b457ed2f066827c06f1be54b9dc765081c911bd401e889b160
R6_reacher_09a47a8bb70067f36643bc00,REFIT_103201,R4_ALT_CEM_2,PRED_PAST,1,1,0,0,,,,/workspace/r8_fix/f2/FORMAL/R4_ALT_CEM_2/R6_reacher_0abbe32b49558f890c57967a/REFIT_103203/PRED_PAST/result.json,0ac4d820745bf7b457ed2f066827c06f1be54b9dc765081c911bd401e889b160
R6_reacher_09a47a8bb70067f36643bc00,REFIT_103202,R4_ALT_CEM_2,PRED_PAST,1,1,0,0,,,,/workspace/r8_fix/f2/FORMAL/R4_ALT_CEM_2/R6_reacher_0abbe32b49558f890c57967a/REFIT_103203/PRED_PAST/result.json,0ac4d820745bf7b457ed2f066827c06f1be54b9dc765081c911bd401e889b160
R6_reacher_09a47a8bb70067f36643bc00,REFIT_103203,R4_ALT_CEM_2,PRED_PAST,1,1,0,0,,,,/workspace/r8_fix/f2/FORMAL/R4_ALT_CEM_2/R6_reacher_0abbe32b49558f890c57967a/REFIT_103203/PRED_PAST/result.json,0ac4d820745bf7b457ed2f066827c06f1be54b9dc765081c911bd401e889b160
R6_reacher_09b6d2b9f5e37ac12c42b2de,H0,R4_ALT_CEM_2,PRED_PAST,1,2,1,1,1,3.1180098056793213,3.125563621520996,/workspace/r8_fix/f2/FORMAL/R4_ALT_CEM_2/R6_reacher_0abbe32b49558f890c57967a/REFIT_103203/PRED_PAST/result.json,0ac4d820745bf7b457ed2f066827c06f1be54b9dc765081c911bd401e889b160
R6_reacher_09b6d2b9f5e37ac12c42b2de,REFIT_103201,R4_ALT_CEM_2,PRED_PAST,1,2,1,1,1,2.2278106212615967,2.1069493293762207,/workspace/r8_fix/f2/FORMAL/R4_ALT_CEM_2/R6_reacher_0abbe32b49558f890c57967a/REFIT_103203/PRED_PAST/result.json,0ac4d820745bf7b457ed2f066827c06f1be54b9dc765081c911bd401e889b160
R6_reacher_09b6d2b9f5e37ac12c42b2de,REFIT_103202,R4_ALT_CEM_2,PRED_PAST,1,2,1,1,1,1.6311331987380981,1.9250847101211548,/workspace/r8_fix/f2/FORMAL/R4_ALT_CEM_2/R6_reacher_0abbe32b49558f890c57967a/REFIT_103203/PRED_PAST/result.json,0ac4d820745bf7b457ed2f066827c06f1be54b9dc765081c911bd401e889b160
R6_reacher_09b6d2b9f5e37ac12c42b2de,REFIT_103203,R4_ALT_CEM_2,PRED_PAST,1,2,1,1,1,2.069634199142456,2.223479747772217,/workspace/r8_fix/f2/FORMAL/R4_ALT_CEM_2/R6_reacher_0abbe32b49558f890c57967a/REFIT_103203/PRED_PAST/result.json,0ac4d820745bf7b457ed2f066827c06f1be54b9dc765081c911bd401e889b160
R6_reacher_09cac336578dc22db2b55aa2,H0,R4_ALT_CEM_2,PRED_PAST,1,2,1,1,1,7.357517242431641,7.330519199371338,/workspace/r8_fix/f2/FORMAL/R4_ALT_CEM_2/R6_reacher_0abbe32b49558f890c57967a/REFIT_103203/PRED_PAST/result.json,0ac4d820745bf7b457ed2f066827c06f1be54b9dc765081c911bd401e889b160
R6_reacher_09cac336578dc22db2b55aa2,REFIT_103201,R4_ALT_CEM_2,PRED_PAST,1,1,0,0,,,,/workspace/r8_fix/f2/FORMAL/R4_ALT_CEM_2/R6_reacher_0abbe32b49558f890c57967a/REFIT_103203/PRED_PAST/result.json,0ac4d820745bf7b457ed2f066827c06f1be54b9dc765081c911bd401e889b160
R6_reacher_09cac336578dc22db2b55aa2,REFIT_103202,R4_ALT_CEM_2,PRED_PAST,1,2,1,1,1,7.169602394104004,7.41159725189209,/workspace/r8_fix/f2/FORMAL/R4_ALT_CEM_2/R6_reacher_0abbe32b49558f890c57967a/REFIT_103203/PRED_PAST/result.json,0ac4d820745bf7b457ed2f066827c06f1be54b9dc765081c911bd401e889b160
R6_reacher_09cac336578dc22db2b55aa2,REFIT_103203,R4_ALT_CEM_2,PRED_PAST,1,1,0,0,,,,/workspace/r8_fix/f2/FORMAL/R4_ALT_CEM_2/R6_reacher_0abbe32b49558f890c57967a/REFIT_103203/PRED_PAST/result.json,0ac4d820745bf7b457ed2f066827c06f1be54b9dc765081c911bd401e889b160
R6_reacher_09cf773ec6c44d3a53bda2cc,H0,R4_ALT_CEM_2,PRED_PAST,1,2,1,1,1,8.464998245239258,9.028460502624512,/workspace/r8_fix/f2/FORMAL/R4_ALT_CEM_2/R6_reacher_0abbe32b49558f890c57967a/REFIT_103203/PRED_PAST/result.json,0ac4d820745bf7b457ed2f066827c06f1be54b9dc765081c911bd401e889b160
R6_reacher_09cf773ec6c44d3a53bda2cc,REFIT_103201,R4_ALT_CEM_2,PRED_PAST,1,2,1,1,1,7.783805847167969,7.870631694793701,/workspace/r8_fix/f2/FORMAL/R4_ALT_CEM_2/R6_reacher_0abbe32b49558f890c57967a/REFIT_103203/PRED_PAST/result.json,0ac4d820745bf7b457ed2f066827c06f1be54b9dc765081c911bd401e889b160
R6_reacher_09cf773ec6c44d3a53bda2cc,REFIT_103202,R4_ALT_CEM_2,PRED_PAST,1,2,1,1,1,7.801997184753418,7.871220111846924,/workspace/r8_fix/f2/FORMAL/R4_ALT_CEM_2/R6_reacher_0abbe32b49558f890c57967a/REFIT_103203/PRED_PAST/result.json,0ac4d820745bf7b457ed2f066827c06f1be54b9dc765081c911bd401e889b160
R6_reacher_09cf773ec6c44d3a53bda2cc,REFIT_103203,R4_ALT_CEM_2,PRED_PAST,1,2,1,1,1,7.784551620483398,8.004499435424805,/workspace/r8_fix/f2/FORMAL/R4_ALT_CEM_2/R6_reacher_0abbe32b49558f890c57967a/REFIT_103203/PRED_PAST/result.json,0ac4d820745bf7b457ed2f066827c06f1be54b9dc765081c911bd401e889b160
R6_reacher_0a1c76cdd10dec44fa26825d,H0,R4_ALT_CEM_2,PRED_PAST,0,2,1,1,1,4.868780136108398,5.4681830406188965,/workspace/r8_fix/f2/FORMAL/R4_ALT_CEM_2/R6_reacher_0abbe32b49558f890c57967a/REFIT_103203/PRED_PAST/result.json,0ac4d820745bf7b457ed2f066827c06f1be54b9dc765081c911bd401e889b160
R6_reacher_0a1c76cdd10dec44fa26825d,REFIT_103201,R4_ALT_CEM_2,PRED_PAST,1,2,1,1,1,3.906447410583496,3.824788808822632,/workspace/r8_fix/f2/FORMAL/R4_ALT_CEM_2/R6_reacher_0abbe32b49558f890c57967a/REFIT_103203/PRED_PAST/result.json,0ac4d820745bf7b457ed2f066827c06f1be54b9dc765081c911bd401e889b160
R6_reacher_0a1c76cdd10dec44fa26825d,REFIT_103202,R4_ALT_CEM_2,PRED_PAST,1,2,1,1,1,3.964909553527832,4.13178825378418,/workspace/r8_fix/f2/FORMAL/R4_ALT_CEM_2/R6_reacher_0abbe32b49558f890c57967a/REFIT_103203/PRED_PAST/result.json,0ac4d820745bf7b457ed2f066827c06f1be54b9dc765081c911bd401e889b160
R6_reacher_0a1c76cdd10dec44fa26825d,REFIT_103203,R4_ALT_CEM_2,PRED_PAST,1,2,1,1,1,4.0936279296875,4.295621395111084,/workspace/r8_fix/f2/FORMAL/R4_ALT_CEM_2/R6_reacher_0abbe32b49558f890c57967a/REFIT_103203/PRED_PAST/result.json,0ac4d820745bf7b457ed2f066827c06f1be54b9dc765081c911bd401e889b160
R6_reacher_0a3276eb5547ed96f16b50c5,H0,R4_ALT_CEM_2,PRED_PAST,1,2,1,1,1,2.162828207015991,2.2108187675476074,/workspace/r8_fix/f2/FORMAL/R4_ALT_CEM_2/R6_reacher_0abbe32b49558f890c57967a/REFIT_103203/PRED_PAST/result.json,0ac4d820745bf7b457ed2f066827c06f1be54b9dc765081c911bd401e889b160
R6_reacher_0a3276eb5547ed96f16b50c5,REFIT_103201,R4_ALT_CEM_2,PRED_PAST,1,2,1,1,1,2.4851677417755127,4.617151737213135,/workspace/r8_fix/f2/FORMAL/R4_ALT_CEM_2/R6_reacher_0abbe32b49558f890c57967a/REFIT_103203/PRED_PAST/result.json,0ac4d820745bf7b457ed2f066827c06f1be54b9dc765081c911bd401e889b160
R6_reacher_0a3276eb5547ed96f16b50c5,REFIT_103202,R4_ALT_CEM_2,PRED_PAST,1,2,1,1,1,1.6745587587356567,1.8935482501983643,/workspace/r8_fix/f2/FORMAL/R4_ALT_CEM_2/R6_reacher_0abbe32b49558f890c57967a/REFIT_103203/PRED_PAST/result.json,0ac4d820745bf7b457ed2f066827c06f1be54b9dc765081c911bd401e889b160
R6_reacher_0a3276eb5547ed96f16b50c5,REFIT_103203,R4_ALT_CEM_2,PRED_PAST,1,2,1,1,1,1.8411593437194824,1.836110234260559,/workspace/r8_fix/f2/FORMAL/R4_ALT_CEM_2/R6_reacher_0abbe32b49558f890c57967a/REFIT_103203/PRED_PAST/result.json,0ac4d820745bf7b457ed2f066827c06f1be54b9dc765081c911bd401e889b160
R6_reacher_0a34e5a0c99702c6891be14b,H0,R4_ALT_CEM_2,PRED_PAST,1,2,1,1,1,2.97280216217041,3.0269181728363037,/workspace/r8_fix/f2/FORMAL/R4_ALT_CEM_2/R6_reacher_0abbe32b49558f890c57967a/REFIT_103203/PRED_PAST/result.json,0ac4d820745bf7b457ed2f066827c06f1be54b9dc765081c911bd401e889b160
R6_reacher_0a34e5a0c99702c6891be14b,REFIT_103201,R4_ALT_CEM_2,PRED_PAST,1,2,1,1,1,4.114497184753418,4.168874740600586,/workspace/r8_fix/f2/FORMAL/R4_ALT_CEM_2/R6_reacher_0abbe32b49558f890c57967a/REFIT_103203/PRED_PAST/result.json,0ac4d820745bf7b457ed2f066827c06f1be54b9dc765081c911bd401e889b160
R6_reacher_0a34e5a0c99702c6891be14b,REFIT_103202,R4_ALT_CEM_2,PRED_PAST,1,2,1,1,1,4.4842658042907715,4.523608684539795,/workspace/r8_fix/f2/FORMAL/R4_ALT_CEM_2/R6_reacher_0abbe32b49558f890c57967a/REFIT_103203/PRED_PAST/result.json,0ac4d820745bf7b457ed2f066827c06f1be54b9dc765081c911bd401e889b160
R6_reacher_0a34e5a0c99702c6891be14b,REFIT_103203,R4_ALT_CEM_2,PRED_PAST,1,2,1,1,1,4.171318054199219,4.151538848876953,/workspace/r8_fix/f2/FORMAL/R4_ALT_CEM_2/R6_reacher_0abbe32b49558f890c57967a/REFIT_103203/PRED_PAST/result.json,0ac4d820745bf7b457ed2f066827c06f1be54b9dc765081c911bd401e889b160
R6_reacher_0a592ca5f4b1f51d4a757a50,H0,R4_ALT_CEM_2,PRED_PAST,1,1,0,0,,,,/workspace/r8_fix/f2/FORMAL/R4_ALT_CEM_2/R6_reacher_0abbe32b49558f890c57967a/REFIT_103203/PRED_PAST/result.json,0ac4d820745bf7b457ed2f066827c06f1be54b9dc765081c911bd401e889b160
R6_reacher_0a592ca5f4b1f51d4a757a50,REFIT_103201,R4_ALT_CEM_2,PRED_PAST,1,1,0,0,,,,/workspace/r8_fix/f2/FORMAL/R4_ALT_CEM_2/R6_reacher_0abbe32b49558f890c57967a/REFIT_103203/PRED_PAST/result.json,0ac4d820745bf7b457ed2f066827c06f1be54b9dc765081c911bd401e889b160
R6_reacher_0a592ca5f4b1f51d4a757a50,REFIT_103202,R4_ALT_CEM_2,PRED_PAST,1,1,0,0,,,,/workspace/r8_fix/f2/FORMAL/R4_ALT_CEM_2/R6_reacher_0abbe32b49558f890c57967a/REFIT_103203/PRED_PAST/result.json,0ac4d820745bf7b457ed2f066827c06f1be54b9dc765081c911bd401e889b160
R6_reacher_0a592ca5f4b1f51d4a757a50,REFIT_103203,R4_ALT_CEM_2,PRED_PAST,1,1,0,0,,,,/workspace/r8_fix/f2/FORMAL/R4_ALT_CEM_2/R6_reacher_0abbe32b49558f890c57967a/REFIT_103203/PRED_PAST/result.json,0ac4d820745bf7b457ed2f066827c06f1be54b9dc765081c911bd401e889b160
R6_reacher_0a67eaaa889aba7173dd8b5e,H0,R4_ALT_CEM_2,PRED_PAST,1,1,0,0,,,,/workspace/r8_fix/f2/FORMAL/R4_ALT_CEM_2/R6_reacher_0abbe32b49558f890c57967a/REFIT_103203/PRED_PAST/result.json,0ac4d820745bf7b457ed2f066827c06f1be54b9dc765081c911bd401e889b160
R6_reacher_0a67eaaa889aba7173dd8b5e,REFIT_103201,R4_ALT_CEM_2,PRED_PAST,1,1,0,0,,,,/workspace/r8_fix/f2/FORMAL/R4_ALT_CEM_2/R6_reacher_0abbe32b49558f890c57967a/REFIT_103203/PRED_PAST/result.json,0ac4d820745bf7b457ed2f066827c06f1be54b9dc765081c911bd401e889b160
R6_reacher_0a67eaaa889aba7173dd8b5e,REFIT_103202,R4_ALT_CEM_2,PRED_PAST,1,1,0,0,,,,/workspace/r8_fix/f2/FORMAL/R4_ALT_CEM_2/R6_reacher_0abbe32b49558f890c57967a/REFIT_103203/PRED_PAST/result.json,0ac4d820745bf7b457ed2f066827c06f1be54b9dc765081c911bd401e889b160
R6_reacher_0a67eaaa889aba7173dd8b5e,REFIT_103203,R4_ALT_CEM_2,PRED_PAST,1,1,0,0,,,,/workspace/r8_fix/f2/FORMAL/R4_ALT_CEM_2/R6_reacher_0abbe32b49558f890c57967a/REFIT_103203/PRED_PAST/result.json,0ac4d820745bf7b457ed2f066827c06f1be54b9dc765081c911bd401e889b160
R6_reacher_0a74deb4b05592118d0fafd9,H0,R4_ALT_CEM_2,PRED_PAST,1,2,1,1,1,4.901440620422363,5.305452823638916,/workspace/r8_fix/f2/FORMAL/R4_ALT_CEM_2/R6_reacher_0abbe32b49558f890c57967a/REFIT_103203/PRED_PAST/result.json,0ac4d820745bf7b457ed2f066827c06f1be54b9dc765081c911bd401e889b160
R6_reacher_0a74deb4b05592118d0fafd9,REFIT_103201,R4_ALT_CEM_2,PRED_PAST,1,2,1,1,1,3.5878117084503174,3.8678510189056396,/workspace/r8_fix/f2/FORMAL/R4_ALT_CEM_2/R6_reacher_0abbe32b49558f890c57967a/REFIT_103203/PRED_PAST/result.json,0ac4d820745bf7b457ed2f066827c06f1be54b9dc765081c911bd401e889b160
R6_reacher_0a74deb4b05592118d0fafd9,REFIT_103202,R4_ALT_CEM_2,PRED_PAST,1,2,1,1,1,3.9178624153137207,4.05537223815918,/workspace/r8_fix/f2/FORMAL/R4_ALT_CEM_2/R6_reacher_0abbe32b49558f890c57967a/REFIT_103203/PRED_PAST/result.json,0ac4d820745bf7b457ed2f066827c06f1be54b9dc765081c911bd401e889b160
R6_reacher_0a74deb4b05592118d0fafd9,REFIT_103203,R4_ALT_CEM_2,PRED_PAST,1,2,1,1,1,3.698791265487671,3.7936818599700928,/workspace/r8_fix/f2/FORMAL/R4_ALT_CEM_2/R6_reacher_0abbe32b49558f890c57967a/REFIT_103203/PRED_PAST/result.json,0ac4d820745bf7b457ed2f066827c06f1be54b9dc765081c911bd401e889b160
R6_reacher_0a8ebf9f92e62de330d9759e,H0,R4_ALT_CEM_2,PRED_PAST,1,2,1,1,1,2.956033229827881,3.2341718673706055,/workspace/r8_fix/f2/FORMAL/R4_ALT_CEM_2/R6_reacher_0abbe32b49558f890c57967a/REFIT_103203/PRED_PAST/result.json,0ac4d820745bf7b457ed2f066827c06f1be54b9dc765081c911bd401e889b160
R6_reacher_0a8ebf9f92e62de330d9759e,REFIT_103201,R4_ALT_CEM_2,PRED_PAST,1,2,1,1,1,3.626542091369629,3.6351795196533203,/workspace/r8_fix/f2/FORMAL/R4_ALT_CEM_2/R6_reacher_0abbe32b49558f890c57967a/REFIT_103203/PRED_PAST/result.json,0ac4d820745bf7b457ed2f066827c06f1be54b9dc765081c911bd401e889b160
R6_reacher_0a8ebf9f92e62de330d9759e,REFIT_103202,R4_ALT_CEM_2,PRED_PAST,1,2,1,1,1,3.528754949569702,3.2259140014648438,/workspace/r8_fix/f2/FORMAL/R4_ALT_CEM_2/R6_reacher_0abbe32b49558f890c57967a/REFIT_103203/PRED_PAST/result.json,0ac4d820745bf7b457ed2f066827c06f1be54b9dc765081c911bd401e889b160
R6_reacher_0a8ebf9f92e62de330d9759e,REFIT_103203,R4_ALT_CEM_2,PRED_PAST,1,2,1,1,1,2.7276153564453125,2.5326123237609863,/workspace/r8_fix/f2/FORMAL/R4_ALT_CEM_2/R6_reacher_0abbe32b49558f890c57967a/REFIT_103203/PRED_PAST/result.json,0ac4d820745bf7b457ed2f066827c06f1be54b9dc765081c911bd401e889b160
R6_reacher_0ab0d3473481dc3b32839a68,H0,R4_ALT_CEM_2,PRED_PAST,1,2,1,1,1,4.949250221252441,5.8898491859436035,/workspace/r8_fix/f2/FORMAL/R4_ALT_CEM_2/R6_reacher_0abbe32b49558f890c57967a/REFIT_103203/PRED_PAST/result.json,0ac4d820745bf7b457ed2f066827c06f1be54b9dc765081c911bd401e889b160
R6_reacher_0ab0d3473481dc3b32839a68,REFIT_103201,R4_ALT_CEM_2,PRED_PAST,1,2,1,1,1,4.2630615234375,4.710160255432129,/workspace/r8_fix/f2/FORMAL/R4_ALT_CEM_2/R6_reacher_0abbe32b49558f890c57967a/REFIT_103203/PRED_PAST/result.json,0ac4d820745bf7b457ed2f066827c06f1be54b9dc765081c911bd401e889b160
R6_reacher_0ab0d3473481dc3b32839a68,REFIT_103202,R4_ALT_CEM_2,PRED_PAST,1,1,0,0,,,,/workspace/r8_fix/f2/FORMAL/R4_ALT_CEM_2/R6_reacher_0abbe32b49558f890c57967a/REFIT_103203/PRED_PAST/result.json,0ac4d820745bf7b457ed2f066827c06f1be54b9dc765081c911bd401e889b160
R6_reacher_0ab0d3473481dc3b32839a68,REFIT_103203,R4_ALT_CEM_2,PRED_PAST,1,2,1,1,1,4.504100799560547,5.030047416687012,/workspace/r8_fix/f2/FORMAL/R4_ALT_CEM_2/R6_reacher_0abbe32b49558f890c57967a/REFIT_103203/PRED_PAST/result.json,0ac4d820745bf7b457ed2f066827c06f1be54b9dc765081c911bd401e889b160
R6_reacher_0ab3257343137f1e2ae074cc,H0,R4_ALT_CEM_2,PRED_PAST,1,2,1,1,1,2.9835593700408936,2.450687885284424,/workspace/r8_fix/f2/FORMAL/R4_ALT_CEM_2/R6_reacher_0abbe32b49558f890c57967a/REFIT_103203/PRED_PAST/result.json,0ac4d820745bf7b457ed2f066827c06f1be54b9dc765081c911bd401e889b160
R6_reacher_0ab3257343137f1e2ae074cc,REFIT_103201,R4_ALT_CEM_2,PRED_PAST,1,1,0,0,,,,/workspace/r8_fix/f2/FORMAL/R4_ALT_CEM_2/R6_reacher_0abbe32b49558f890c57967a/REFIT_103203/PRED_PAST/result.json,0ac4d820745bf7b457ed2f066827c06f1be54b9dc765081c911bd401e889b160
R6_reacher_0ab3257343137f1e2ae074cc,REFIT_103202,R4_ALT_CEM_2,PRED_PAST,1,1,0,0,,,,/workspace/r8_fix/f2/FORMAL/R4_ALT_CEM_2/R6_reacher_0abbe32b49558f890c57967a/REFIT_103203/PRED_PAST/result.json,0ac4d820745bf7b457ed2f066827c06f1be54b9dc765081c911bd401e889b160
R6_reacher_0ab3257343137f1e2ae074cc,REFIT_103203,R4_ALT_CEM_2,PRED_PAST,1,1,0,0,,,,/workspace/r8_fix/f2/FORMAL/R4_ALT_CEM_2/R6_reacher_0abbe32b49558f890c57967a/REFIT_103203/PRED_PAST/result.json,0ac4d820745bf7b457ed2f066827c06f1be54b9dc765081c911bd401e889b160
R6_reacher_0abbe32b49558f890c57967a,H0,R4_ALT_CEM_2,PRED_PAST,1,1,0,0,,,,/workspace/r8_fix/f2/FORMAL/R4_ALT_CEM_2/R6_reacher_0abbe32b49558f890c57967a/REFIT_103203/PRED_PAST/result.json,0ac4d820745bf7b457ed2f066827c06f1be54b9dc765081c911bd401e889b160
R6_reacher_0abbe32b49558f890c57967a,REFIT_103201,R4_ALT_CEM_2,PRED_PAST,1,1,0,0,,,,/workspace/r8_fix/f2/FORMAL/R4_ALT_CEM_2/R6_reacher_0abbe32b49558f890c57967a/REFIT_103203/PRED_PAST/result.json,0ac4d820745bf7b457ed2f066827c06f1be54b9dc765081c911bd401e889b160
R6_reacher_0abbe32b49558f890c57967a,REFIT_103202,R4_ALT_CEM_2,PRED_PAST,1,2,1,1,1,2.6472644805908203,2.5995006561279297,/workspace/r8_fix/f2/FORMAL/R4_ALT_CEM_2/R6_reacher_0abbe32b49558f890c57967a/REFIT_103203/PRED_PAST/result.json,0ac4d820745bf7b457ed2f066827c06f1be54b9dc765081c911bd401e889b160
R6_reacher_0abbe32b49558f890c57967a,REFIT_103203,R4_ALT_CEM_2,PRED_PAST,1,2,1,1,1,2.6945176124572754,2.732001543045044,/workspace/r8_fix/f2/FORMAL/R4_ALT_CEM_2/R6_reacher_0abbe32b49558f890c57967a/REFIT_103203/PRED_PAST/result.json,0ac4d820745bf7b457ed2f066827c06f1be54b9dc765081c911bd401e889b160
