scope,history_kind,horizon_raw,task,metric,arm,estimate,cases,universe_cases,conditional95_low,conditional95_high,paired_cases,reference_arm,difference_vs_reference,difference95_low,difference95_high,family_difference95_low,family_difference95_high,multiplicity,independent_unit,delivery_source,delivery_source_sha256,pairing,source_relation,task_time_reduction,stream,contrast,status,reason,scientific_zero_imputed,source_gate_sha256,evidence_gate_sha256
PRIMARY,H_POLICY,10,pusht,latent_mse,H0,0.018743416527286172,100,100,0.014287194573553279,0.024506497067515735,100,H0,0.0,0.0,0.0,0.0,0.0,UNADJUSTED_POINTWISE,CASE,R4_PUSHT_S1_OFFLINE_S1_MAIN_TABLE,d68f30471d326828ccb875b8d41552f66b2e15e63972d538821d6af8770f505b,,,,,,,,,,
PRIMARY,H_POLICY,10,pusht,latent_mse,REFIT_103201,0.019346747437957675,100,100,0.010903716945031193,0.03367055850720498,100,H0,0.0006033309106715023,-0.007730831672728527,0.013068571976386003,-0.007686645711339011,0.012566932692425325,UNADJUSTED_POINTWISE,CASE,R4_PUSHT_S1_OFFLINE_S1_MAIN_TABLE,d68f30471d326828ccb875b8d41552f66b2e15e63972d538821d6af8770f505b,,,,,,,,,,
PRIMARY,H_POLICY,10,pusht,latent_mse,REFIT_103202,0.01717190461116843,100,100,0.010891300913208397,0.026573310067586127,100,H0,-0.0015715119161177427,-0.007822165896883233,0.006151137895823917,-0.007817605994860652,0.005861409104975872,UNADJUSTED_POINTWISE,CASE,R4_PUSHT_S1_OFFLINE_S1_MAIN_TABLE,d68f30471d326828ccb875b8d41552f66b2e15e63972d538821d6af8770f505b,,,,,,,,,,
PRIMARY,H_POLICY,10,pusht,latent_mse,REFIT_103203,0.01691375198541209,100,100,0.010772311732522213,0.02617393680743407,100,H0,-0.001829664541874081,-0.008090790773450863,0.005703497186943418,-0.008000615069793767,0.0054292894827670975,UNADJUSTED_POINTWISE,CASE,R4_PUSHT_S1_OFFLINE_S1_MAIN_TABLE,d68f30471d326828ccb875b8d41552f66b2e15e63972d538821d6af8770f505b,,,,,,,,,,
PRIMARY,H_POLICY,10,pusht,latent_mse,FIXED3_REFIT_MEAN_NOT_ENSEMBLE,0.017810801344846066,100,100,0.01087935518096007,0.02878662238010049,100,H0,-0.0009326151824401073,-0.007841386376656979,0.008248333245826266,-0.007823571194722344,0.007894470388694346,UNADJUSTED_POINTWISE,CASE,R4_PUSHT_S1_OFFLINE_S1_MAIN_TABLE,d68f30471d326828ccb875b8d41552f66b2e15e63972d538821d6af8770f505b,,,,,,,,,,
PRIMARY,H_POLICY,25,pusht,latent_mse,H0,0.06172028503380716,100,100,0.04123008244065568,0.08912758148473221,100,H0,0.0,0.0,0.0,0.0,0.0,UNADJUSTED_POINTWISE,CASE,R4_PUSHT_S1_OFFLINE_S1_MAIN_TABLE,d68f30471d326828ccb875b8d41552f66b2e15e63972d538821d6af8770f505b,,,,,,,,,,
PRIMARY,H_POLICY,25,pusht,latent_mse,REFIT_103201,0.060060673262923955,100,100,0.03628642002237029,0.09485666324914199,100,H0,-0.0016596117708832026,-0.02544590068468824,0.021305057410208973,-0.02622776785934325,0.02063797944178516,UNADJUSTED_POINTWISE,CASE,R4_PUSHT_S1_OFFLINE_S1_MAIN_TABLE,d68f30471d326828ccb875b8d41552f66b2e15e63972d538821d6af8770f505b,,,,,,,,,,
PRIMARY,H_POLICY,25,pusht,latent_mse,REFIT_103202,0.057478964822366835,100,100,0.03429397698282264,0.0925269771462772,100,H0,-0.004241320211440325,-0.028175840797950515,0.01867039150546769,-0.026435763978482317,0.016958405298245816,UNADJUSTED_POINTWISE,CASE,R4_PUSHT_S1_OFFLINE_S1_MAIN_TABLE,d68f30471d326828ccb875b8d41552f66b2e15e63972d538821d6af8770f505b,,,,,,,,,,
PRIMARY,H_POLICY,25,pusht,latent_mse,REFIT_103203,0.059791509120259434,100,100,0.03643665075144963,0.09319756817305458,100,H0,-0.0019287759135477244,-0.02609457221091725,0.02106778618355747,-0.027847878942143738,0.02033605908920221,UNADJUSTED_POINTWISE,CASE,R4_PUSHT_S1_OFFLINE_S1_MAIN_TABLE,d68f30471d326828ccb875b8d41552f66b2e15e63972d538821d6af8770f505b,,,,,,,,,,
PRIMARY,H_POLICY,25,pusht,latent_mse,FIXED3_REFIT_MEAN_NOT_ENSEMBLE,0.059110382401850084,100,100,0.03600893694366096,0.0930514309171121,100,H0,-0.0026099026319570846,-0.02638375457310273,0.019638379453894832,-0.026788814647540377,0.018973579719922647,UNADJUSTED_POINTWISE,CASE,R4_PUSHT_S1_OFFLINE_S1_MAIN_TABLE,d68f30471d326828ccb875b8d41552f66b2e15e63972d538821d6af8770f505b,,,,,,,,,,
PRIMARY,H_POLICY,5,pusht,latent_mse,H0,0.008788446520920843,100,100,0.006132567625289085,0.013172340440039986,100,H0,0.0,0.0,0.0,0.0,0.0,UNADJUSTED_POINTWISE,CASE,R4_PUSHT_S1_OFFLINE_S1_MAIN_TABLE,d68f30471d326828ccb875b8d41552f66b2e15e63972d538821d6af8770f505b,,,,,,,,,,
PRIMARY,H_POLICY,5,pusht,latent_mse,REFIT_103201,0.0073573072347790005,100,100,0.005050159771664766,0.01108037382530165,100,H0,-0.0014311392861418425,-0.005357094046747079,0.001988265508873155,-0.0053783029850941,0.002041010197075129,UNADJUSTED_POINTWISE,CASE,R4_PUSHT_S1_OFFLINE_S1_MAIN_TABLE,d68f30471d326828ccb875b8d41552f66b2e15e63972d538821d6af8770f505b,,,,,,,,,,
PRIMARY,H_POLICY,5,pusht,latent_mse,REFIT_103202,0.006640173299238086,100,100,0.004997801635123324,0.008955077755264938,100,H0,-0.0021482732216827572,-0.0057475126302742865,0.00016862591981771258,-0.005665944761274856,0.0001892314622368127,UNADJUSTED_POINTWISE,CASE,R4_PUSHT_S1_OFFLINE_S1_MAIN_TABLE,d68f30471d326828ccb875b8d41552f66b2e15e63972d538821d6af8770f505b,,,,,,,,,,
PRIMARY,H_POLICY,5,pusht,latent_mse,REFIT_103203,0.006670928843086585,100,100,0.004985695184383076,0.009177456654288107,100,H0,-0.0021175176778342577,-0.005888983816170366,0.0003745986535795962,-0.005826400428959164,0.0004016581269892271,UNADJUSTED_POINTWISE,CASE,R4_PUSHT_S1_OFFLINE_S1_MAIN_TABLE,d68f30471d326828ccb875b8d41552f66b2e15e63972d538821d6af8770f505b,,,,,,,,,,
PRIMARY,H_POLICY,5,pusht,latent_mse,FIXED3_REFIT_MEAN_NOT_ENSEMBLE,0.00688946979236789,100,100,0.005014349677483551,0.009745966393044604,100,H0,-0.0018989767285529527,-0.005623171066845923,0.0007921262954478141,-0.005603253499052531,0.0008286823196394837,UNADJUSTED_POINTWISE,CASE,R4_PUSHT_S1_OFFLINE_S1_MAIN_TABLE,d68f30471d326828ccb875b8d41552f66b2e15e63972d538821d6af8770f505b,,,,,,,,,,
PRIMARY,H_REAL3,10,pusht,latent_mse,H0,0.016971468781121074,100,100,0.012767860032152386,0.02279245748394168,100,H0,0.0,0.0,0.0,0.0,0.0,UNADJUSTED_POINTWISE,CASE,R4_PUSHT_S1_OFFLINE_S1_MAIN_TABLE,d68f30471d326828ccb875b8d41552f66b2e15e63972d538821d6af8770f505b,,,,,,,,,,
PRIMARY,H_REAL3,10,pusht,latent_mse,REFIT_103201,0.017407510889461263,100,100,0.01045164987182943,0.02850815493284607,100,H0,0.00043604210834018885,-0.007243145747459493,0.010744284423068165,-0.007182587897816867,0.010321237729695194,UNADJUSTED_POINTWISE,CASE,R4_PUSHT_S1_OFFLINE_S1_MAIN_TABLE,d68f30471d326828ccb875b8d41552f66b2e15e63972d538821d6af8770f505b,,,,,,,,,,
PRIMARY,H_REAL3,10,pusht,latent_mse,REFIT_103202,0.0152917560050264,100,100,0.010453017227089731,0.021938854072795944,100,H0,-0.0016797127760946752,-0.007484886255173478,0.004527165717096066,-0.0076258990084379814,0.0040982574958326615,UNADJUSTED_POINTWISE,CASE,R4_PUSHT_S1_OFFLINE_S1_MAIN_TABLE,d68f30471d326828ccb875b8d41552f66b2e15e63972d538821d6af8770f505b,,,,,,,,,,
PRIMARY,H_REAL3,10,pusht,latent_mse,REFIT_103203,0.014945311211049557,100,100,0.01041710175407934,0.02101910104876151,100,H0,-0.0020261575700715184,-0.007678651325171813,0.003631652474490692,-0.007820607846367685,0.0032888652359751983,UNADJUSTED_POINTWISE,CASE,R4_PUSHT_S1_OFFLINE_S1_MAIN_TABLE,d68f30471d326828ccb875b8d41552f66b2e15e63972d538821d6af8770f505b,,,,,,,,,,
PRIMARY,H_REAL3,10,pusht,latent_mse,FIXED3_REFIT_MEAN_NOT_ENSEMBLE,0.015881526035179075,100,100,0.01042583479138557,0.023767542530316856,100,H0,-0.0010899427459420017,-0.007349146390789733,0.006104762820536657,-0.007441085683209826,0.005812182896901069,UNADJUSTED_POINTWISE,CASE,R4_PUSHT_S1_OFFLINE_S1_MAIN_TABLE,d68f30471d326828ccb875b8d41552f66b2e15e63972d538821d6af8770f505b,,,,,,,,,,
PRIMARY,H_REAL3,25,pusht,latent_mse,H0,0.05831168442033231,100,100,0.03657578802248463,0.08797968132258392,100,H0,0.0,0.0,0.0,0.0,0.0,UNADJUSTED_POINTWISE,CASE,R4_PUSHT_S1_OFFLINE_S1_MAIN_TABLE,d68f30471d326828ccb875b8d41552f66b2e15e63972d538821d6af8770f505b,,,,,,,,,,
PRIMARY,H_REAL3,25,pusht,latent_mse,REFIT_103201,0.05881644344655797,100,100,0.03503123165277066,0.0936714191380306,100,H0,0.0005047590262256562,-0.025081205180787946,0.02365249875973677,-0.025404900101616723,0.02306437282927186,UNADJUSTED_POINTWISE,CASE,R4_PUSHT_S1_OFFLINE_S1_MAIN_TABLE,d68f30471d326828ccb875b8d41552f66b2e15e63972d538821d6af8770f505b,,,,,,,,,,
PRIMARY,H_REAL3,25,pusht,latent_mse,REFIT_103202,0.05525292263482697,100,100,0.032317011064005786,0.08999426230721291,100,H0,-0.0030587617855053397,-0.02824915745764156,0.01930922578909666,-0.026627099402551778,0.017861639467647426,UNADJUSTED_POINTWISE,CASE,R4_PUSHT_S1_OFFLINE_S1_MAIN_TABLE,d68f30471d326828ccb875b8d41552f66b2e15e63972d538821d6af8770f505b,,,,,,,,,,
PRIMARY,H_REAL3,25,pusht,latent_mse,REFIT_103203,0.05856171598425135,100,100,0.03530338821781334,0.09167770940478656,100,H0,0.00025003156391903756,-0.025821733340329955,0.022734435725898946,-0.027331093272982134,0.022641560491024604,UNADJUSTED_POINTWISE,CASE,R4_PUSHT_S1_OFFLINE_S1_MAIN_TABLE,d68f30471d326828ccb875b8d41552f66b2e15e63972d538821d6af8770f505b,,,,,,,,,,
PRIMARY,H_REAL3,25,pusht,latent_mse,FIXED3_REFIT_MEAN_NOT_ENSEMBLE,0.05754369402187876,100,100,0.034463215959161374,0.0917104799110481,100,H0,-0.0007679903984535504,-0.026454254001282006,0.02168021935856084,-0.026450225468556222,0.020493096104240976,UNADJUSTED_POINTWISE,CASE,R4_PUSHT_S1_OFFLINE_S1_MAIN_TABLE,d68f30471d326828ccb875b8d41552f66b2e15e63972d538821d6af8770f505b,,,,,,,,,,
PRIMARY,H_REAL3,5,pusht,latent_mse,H0,0.008431567454244941,100,100,0.005728722749161534,0.013262695228972003,100,H0,0.0,0.0,0.0,0.0,0.0,UNADJUSTED_POINTWISE,CASE,R4_PUSHT_S1_OFFLINE_S1_MAIN_TABLE,d68f30471d326828ccb875b8d41552f66b2e15e63972d538821d6af8770f505b,,,,,,,,,,
PRIMARY,H_REAL3,5,pusht,latent_mse,REFIT_103201,0.006658591856248677,100,100,0.004838567217608215,0.009358976958843409,100,H0,-0.0017729755979962647,-0.006129160917480476,0.0014731319578422692,-0.006082270323995651,0.0014998820169023713,UNADJUSTED_POINTWISE,CASE,R4_PUSHT_S1_OFFLINE_S1_MAIN_TABLE,d68f30471d326828ccb875b8d41552f66b2e15e63972d538821d6af8770f505b,,,,,,,,,,
PRIMARY,H_REAL3,5,pusht,latent_mse,REFIT_103202,0.0060653452400583775,100,100,0.004751603809185326,0.007748313329415395,100,H0,-0.002366222214186564,-0.0063942876604560295,9.077925505698511e-05,-0.006307370645010285,8.77596234885071e-05,UNADJUSTED_POINTWISE,CASE,R4_PUSHT_S1_OFFLINE_S1_MAIN_TABLE,d68f30471d326828ccb875b8d41552f66b2e15e63972d538821d6af8770f505b,,,,,,,,,,
PRIMARY,H_REAL3,5,pusht,latent_mse,REFIT_103203,0.006047517550759949,100,100,0.004792332329408964,0.007645405386312632,100,H0,-0.0023840499034849926,-0.006439236923892167,6.02851336443556e-05,-0.006385988214041929,4.432055431303011e-05,UNADJUSTED_POINTWISE,CASE,R4_PUSHT_S1_OFFLINE_S1_MAIN_TABLE,d68f30471d326828ccb875b8d41552f66b2e15e63972d538821d6af8770f505b,,,,,,,,,,
PRIMARY,H_REAL3,5,pusht,latent_mse,FIXED3_REFIT_MEAN_NOT_ENSEMBLE,0.0062571515490223335,100,100,0.004795225501812335,0.008219408858426803,100,H0,-0.002174415905222607,-0.006344826790329535,0.0004772092040948334,-0.006251039661557842,0.0005170694049528941,UNADJUSTED_POINTWISE,CASE,R4_PUSHT_S1_OFFLINE_S1_MAIN_TABLE,d68f30471d326828ccb875b8d41552f66b2e15e63972d538821d6af8770f505b,,,,,,,,,,
PRIMARY,H_POLICY,10,pusht,latent_mse,H0,0.034466458570764025,99,100,0.024621446032016023,0.04994460419297287,99,H0,0.0,0.0,0.0,0.0,0.0,UNADJUSTED_POINTWISE,CASE,R4_PUSHT_S1_CROSS_S1_MAIN_TABLE,0c8f82dadc91d38aae26e370006366e3e72665db2cb0d0db031f293b0c859449,,,,,,,,,,
PRIMARY,H_POLICY,10,pusht,latent_mse,REFIT_103201,0.03166112078233036,99,100,0.01876657775101316,0.050451687961888654,99,H0,-0.0028053377884336645,-0.007889672458615528,0.004085764546401948,-0.008604006174187391,0.005889859982384562,UNADJUSTED_POINTWISE,CASE,R4_PUSHT_S1_CROSS_S1_MAIN_TABLE,0c8f82dadc91d38aae26e370006366e3e72665db2cb0d0db031f293b0c859449,,,,,,,,,,
PRIMARY,H_POLICY,10,pusht,latent_mse,REFIT_103202,0.03167863603076123,99,100,0.018990215771937307,0.04993973374615726,99,H0,-0.0027878225400027904,-0.007715645693839178,0.004003390602894573,-0.008310724675909624,0.005349141954574834,UNADJUSTED_POINTWISE,CASE,R4_PUSHT_S1_CROSS_S1_MAIN_TABLE,0c8f82dadc91d38aae26e370006366e3e72665db2cb0d0db031f293b0c859449,,,,,,,,,,
PRIMARY,H_POLICY,10,pusht,latent_mse,REFIT_103203,0.03193767231348933,99,100,0.018863127566336194,0.05115125343746504,99,H0,-0.0025287862572746875,-0.007807703485550928,0.00440655695345331,-0.008469376319179892,0.006529415431249835,UNADJUSTED_POINTWISE,CASE,R4_PUSHT_S1_CROSS_S1_MAIN_TABLE,0c8f82dadc91d38aae26e370006366e3e72665db2cb0d0db031f293b0c859449,,,,,,,,,,
PRIMARY,H_POLICY,10,pusht,latent_mse,FIXED3_REFIT_MEAN_NOT_ENSEMBLE,0.031759143042193634,99,100,0.01889751374405239,0.05041243316905374,99,H0,-0.0027073155285703807,-0.007798691194508588,0.004073852326514674,-0.008430535563098314,0.005933833771924051,UNADJUSTED_POINTWISE,CASE,R4_PUSHT_S1_CROSS_S1_MAIN_TABLE,0c8f82dadc91d38aae26e370006366e3e72665db2cb0d0db031f293b0c859449,,,,,,,,,,
PRIMARY,H_POLICY,10,pusht,optimism,H0,-6.877893169319589,99,100,-11.328145357225011,-3.483421386340848,99,H0,0.0,0.0,0.0,0.0,0.0,UNADJUSTED_POINTWISE,CASE,R4_PUSHT_S1_CROSS_S1_MAIN_TABLE,0c8f82dadc91d38aae26e370006366e3e72665db2cb0d0db031f293b0c859449,,,,,,,,,,
PRIMARY,H_POLICY,10,pusht,optimism,REFIT_103201,-5.462086826462536,99,100,-10.195452897843861,-1.9129014474230812,99,H0,1.4158063428570526,-0.30961530636138407,3.068806595340065,-0.4863878145135329,3.268104673944662,UNADJUSTED_POINTWISE,CASE,R4_PUSHT_S1_CROSS_S1_MAIN_TABLE,0c8f82dadc91d38aae26e370006366e3e72665db2cb0d0db031f293b0c859449,,,,,,,,,,
PRIMARY,H_POLICY,10,pusht,optimism,REFIT_103202,-5.231250794246943,99,100,-9.967085496350972,-1.6948065204004903,99,H0,1.646642375072646,-0.04740758385260913,3.3010250253714233,-0.17429865394870944,3.469866993725299,UNADJUSTED_POINTWISE,CASE,R4_PUSHT_S1_CROSS_S1_MAIN_TABLE,0c8f82dadc91d38aae26e370006366e3e72665db2cb0d0db031f293b0c859449,,,,,,,,,,
PRIMARY,H_POLICY,10,pusht,optimism,REFIT_103203,-5.571484507133665,99,100,-10.328522365073361,-1.9394989205831632,99,H0,1.3064086621859257,-0.40900545256135856,3.015723027058522,-0.6339119709341148,3.2253165146533505,UNADJUSTED_POINTWISE,CASE,R4_PUSHT_S1_CROSS_S1_MAIN_TABLE,0c8f82dadc91d38aae26e370006366e3e72665db2cb0d0db031f293b0c859449,,,,,,,,,,
PRIMARY,H_POLICY,10,pusht,optimism,FIXED3_REFIT_MEAN_NOT_ENSEMBLE,-5.421607375947713,99,100,-10.172710535417,-1.8411858410211124,99,H0,1.4562857933718754,-0.23091107846711223,3.1374149007462346,-0.42349724646696113,3.300972250835559,UNADJUSTED_POINTWISE,CASE,R4_PUSHT_S1_CROSS_S1_MAIN_TABLE,0c8f82dadc91d38aae26e370006366e3e72665db2cb0d0db031f293b0c859449,,,,,,,,,,
PRIMARY,H_POLICY,25,pusht,latent_mse,H0,0.24663326701770225,50,100,0.17016141689520664,0.3307175499466701,50,H0,0.0,0.0,0.0,0.0,0.0,UNADJUSTED_POINTWISE,CASE,R4_PUSHT_S1_CROSS_S1_MAIN_TABLE,0c8f82dadc91d38aae26e370006366e3e72665db2cb0d0db031f293b0c859449,,,,,,,,,,
PRIMARY,H_POLICY,25,pusht,latent_mse,REFIT_103201,0.18654188200055308,50,100,0.1274637899061382,0.2563746971083525,50,H0,-0.06009138501714915,-0.09684405114197726,-0.027801905936628832,-0.09567582603475275,-0.028596960730196585,UNADJUSTED_POINTWISE,CASE,R4_PUSHT_S1_CROSS_S1_MAIN_TABLE,0c8f82dadc91d38aae26e370006366e3e72665db2cb0d0db031f293b0c859449,,,,,,,,,,
PRIMARY,H_POLICY,25,pusht,latent_mse,REFIT_103202,0.18513212827344738,50,100,0.12676997993716177,0.2543753394359918,50,H0,-0.06150113874425491,-0.09752275086040517,-0.030340647109454673,-0.0949952802728928,-0.03066557002797847,UNADJUSTED_POINTWISE,CASE,R4_PUSHT_S1_CROSS_S1_MAIN_TABLE,0c8f82dadc91d38aae26e370006366e3e72665db2cb0d0db031f293b0c859449,,,,,,,,,,
PRIMARY,H_POLICY,25,pusht,latent_mse,REFIT_103203,0.19077555764311305,50,100,0.13130982995576762,0.26115836348754395,50,H0,-0.05585770937458922,-0.09116572608746448,-0.024674668507804726,-0.0904780002459963,-0.02569108674798701,UNADJUSTED_POINTWISE,CASE,R4_PUSHT_S1_CROSS_S1_MAIN_TABLE,0c8f82dadc91d38aae26e370006366e3e72665db2cb0d0db031f293b0c859449,,,,,,,,,,
PRIMARY,H_POLICY,25,pusht,latent_mse,FIXED3_REFIT_MEAN_NOT_ENSEMBLE,0.1874831893057045,50,100,0.12889764157710298,0.25759401301037455,50,H0,-0.05915007771199776,-0.09480061909242704,-0.027982267420469917,-0.09344026892086409,-0.0286642640579479,UNADJUSTED_POINTWISE,CASE,R4_PUSHT_S1_CROSS_S1_MAIN_TABLE,0c8f82dadc91d38aae26e370006366e3e72665db2cb0d0db031f293b0c859449,,,,,,,,,,
PRIMARY,H_POLICY,25,pusht,optimism,H0,-40.27702528735002,50,100,-57.34872793860193,-24.965683570658147,50,H0,0.0,0.0,0.0,0.0,0.0,UNADJUSTED_POINTWISE,CASE,R4_PUSHT_S1_CROSS_S1_MAIN_TABLE,0c8f82dadc91d38aae26e370006366e3e72665db2cb0d0db031f293b0c859449,,,,,,,,,,
PRIMARY,H_POLICY,25,pusht,optimism,REFIT_103201,-39.08604301154614,50,100,-54.89244838023262,-25.262490541808287,50,H0,1.1909822758038837,-2.8749995997148576,5.604229346792827,-2.5893060800372094,5.582443438790712,UNADJUSTED_POINTWISE,CASE,R4_PUSHT_S1_CROSS_S1_MAIN_TABLE,0c8f82dadc91d38aae26e370006366e3e72665db2cb0d0db031f293b0c859449,,,,,,,,,,
PRIMARY,H_POLICY,25,pusht,optimism,REFIT_103202,-39.457693617145225,50,100,-55.353715009792225,-25.539305932301506,50,H0,0.8193316702047985,-3.3404249325077284,5.337901953084834,-3.185852061368848,5.425955394877602,UNADJUSTED_POINTWISE,CASE,R4_PUSHT_S1_CROSS_S1_MAIN_TABLE,0c8f82dadc91d38aae26e370006366e3e72665db2cb0d0db031f293b0c859449,,,,,,,,,,
PRIMARY,H_POLICY,25,pusht,optimism,REFIT_103203,-40.06759800940752,50,100,-56.00757008481563,-26.001162783792275,50,H0,0.20942727794249832,-3.8155049063497466,4.322520913706981,-3.398004537952411,4.277191318986682,UNADJUSTED_POINTWISE,CASE,R4_PUSHT_S1_CROSS_S1_MAIN_TABLE,0c8f82dadc91d38aae26e370006366e3e72665db2cb0d0db031f293b0c859449,,,,,,,,,,
PRIMARY,H_POLICY,25,pusht,optimism,FIXED3_REFIT_MEAN_NOT_ENSEMBLE,-39.53711154603296,50,100,-55.44349942633512,-25.630300030252368,50,H0,0.7399137413170597,-3.287329404565384,5.047189074090076,-2.9988654522321863,5.04479254188601,UNADJUSTED_POINTWISE,CASE,R4_PUSHT_S1_CROSS_S1_MAIN_TABLE,0c8f82dadc91d38aae26e370006366e3e72665db2cb0d0db031f293b0c859449,,,,,,,,,,
PRIMARY,H_POLICY,5,pusht,latent_mse,H0,0.018248429555096663,100,100,0.01475608795986045,0.022278045358034425,100,H0,0.0,0.0,0.0,0.0,0.0,UNADJUSTED_POINTWISE,CASE,R4_PUSHT_S1_CROSS_S1_MAIN_TABLE,0c8f82dadc91d38aae26e370006366e3e72665db2cb0d0db031f293b0c859449,,,,,,,,,,
PRIMARY,H_POLICY,5,pusht,latent_mse,REFIT_103201,0.01754387665714603,100,100,0.012522723090020008,0.024425808616098946,100,H0,-0.0007045528979506343,-0.0036511550023133168,0.003583450126869137,-0.0038028459539678544,0.004146773313114083,UNADJUSTED_POINTWISE,CASE,R4_PUSHT_S1_CROSS_S1_MAIN_TABLE,0c8f82dadc91d38aae26e370006366e3e72665db2cb0d0db031f293b0c859449,,,,,,,,,,
PRIMARY,H_POLICY,5,pusht,latent_mse,REFIT_103202,0.017495403563661967,100,100,0.012688922393375834,0.024244995372500848,100,H0,-0.0007530259914346971,-0.003599051355893607,0.0034125235804604017,-0.0036049973038986367,0.003667885246798016,UNADJUSTED_POINTWISE,CASE,R4_PUSHT_S1_CROSS_S1_MAIN_TABLE,0c8f82dadc91d38aae26e370006366e3e72665db2cb0d0db031f293b0c859449,,,,,,,,,,
PRIMARY,H_POLICY,5,pusht,latent_mse,REFIT_103203,0.017474361307686193,100,100,0.012495375248341588,0.0242755259797268,100,H0,-0.0007740682474104688,-0.0037826663105370245,0.0034356320330407443,-0.003982026635819827,0.004103658644350325,UNADJUSTED_POINTWISE,CASE,R4_PUSHT_S1_CROSS_S1_MAIN_TABLE,0c8f82dadc91d38aae26e370006366e3e72665db2cb0d0db031f293b0c859449,,,,,,,,,,
PRIMARY,H_POLICY,5,pusht,latent_mse,FIXED3_REFIT_MEAN_NOT_ENSEMBLE,0.01750454717616473,100,100,0.012567928592705963,0.024317343997875773,100,H0,-0.0007438823789319326,-0.0036619262531991503,0.0034748756843691764,-0.003795471543028694,0.003959280550140406,UNADJUSTED_POINTWISE,CASE,R4_PUSHT_S1_CROSS_S1_MAIN_TABLE,0c8f82dadc91d38aae26e370006366e3e72665db2cb0d0db031f293b0c859449,,,,,,,,,,
PRIMARY,H_POLICY,5,pusht,optimism,H0,-2.088781433105469,100,100,-4.026224952459335,-0.269670353591445,100,H0,0.0,0.0,0.0,0.0,0.0,UNADJUSTED_POINTWISE,CASE,R4_PUSHT_S1_CROSS_S1_MAIN_TABLE,0c8f82dadc91d38aae26e370006366e3e72665db2cb0d0db031f293b0c859449,,,,,,,,,,
PRIMARY,H_POLICY,5,pusht,optimism,REFIT_103201,-1.2923384857177735,100,100,-3.6203006657361985,0.7530776203870755,100,H0,0.7964429473876953,-0.5223377484083175,2.193124616861343,-0.6913747657539543,2.253647349554591,UNADJUSTED_POINTWISE,CASE,R4_PUSHT_S1_CROSS_S1_MAIN_TABLE,0c8f82dadc91d38aae26e370006366e3e72665db2cb0d0db031f293b0c859449,,,,,,,,,,
PRIMARY,H_POLICY,5,pusht,optimism,REFIT_103202,-1.0096649432182312,100,100,-3.297532169699669,0.9865900480747221,100,H0,1.0791164898872376,-0.20792252981662748,2.455254303872583,-0.34719371291307294,2.56029929603849,UNADJUSTED_POINTWISE,CASE,R4_PUSHT_S1_CROSS_S1_MAIN_TABLE,0c8f82dadc91d38aae26e370006366e3e72665db2cb0d0db031f293b0c859449,,,,,,,,,,
PRIMARY,H_POLICY,5,pusht,optimism,REFIT_103203,-1.4110463190078735,100,100,-3.7720960216522217,0.6720833275318141,100,H0,0.6777351140975952,-0.6611269903182984,2.120166656434534,-0.8632580130600503,2.1869114912748326,UNADJUSTED_POINTWISE,CASE,R4_PUSHT_S1_CROSS_S1_MAIN_TABLE,0c8f82dadc91d38aae26e370006366e3e72665db2cb0d0db031f293b0c859449,,,,,,,,,,
PRIMARY,H_POLICY,5,pusht,optimism,FIXED3_REFIT_MEAN_NOT_ENSEMBLE,-1.237683249314626,100,100,-3.573431639353434,0.7959972833196313,100,H0,0.8510981837908429,-0.45288761816422146,2.243335332155227,-0.616504025674019,2.3335691428590586,UNADJUSTED_POINTWISE,CASE,R4_PUSHT_S1_CROSS_S1_MAIN_TABLE,0c8f82dadc91d38aae26e370006366e3e72665db2cb0d0db031f293b0c859449,,,,,,,,,,
SECONDARY,H_POLICY,10,pusht,latent_mse,H0,0.033534332270144365,99,100,0.027867850363636218,0.039781534758026434,99,H0,0.0,0.0,0.0,0.0,0.0,UNADJUSTED_POINTWISE,CASE,R4_PUSHT_S1_CROSS_S1_MAIN_TABLE,0c8f82dadc91d38aae26e370006366e3e72665db2cb0d0db031f293b0c859449,,,,,,,,,,
SECONDARY,H_POLICY,10,pusht,latent_mse,REFIT_103201,0.02572164904628605,99,100,0.020776790382711918,0.031247092266175346,99,H0,-0.007812683223858315,-0.010762294774033418,-0.005263760719765001,-0.010682334701858157,-0.005135072286257941,UNADJUSTED_POINTWISE,CASE,R4_PUSHT_S1_CROSS_S1_MAIN_TABLE,0c8f82dadc91d38aae26e370006366e3e72665db2cb0d0db031f293b0c859449,,,,,,,,,,
SECONDARY,H_POLICY,10,pusht,latent_mse,REFIT_103202,0.025346140182996114,99,100,0.020489003572661126,0.030794979883486635,99,H0,-0.008188192087148254,-0.011017779184752713,-0.005755541654646765,-0.01093283218130835,-0.005598293477458618,UNADJUSTED_POINTWISE,CASE,R4_PUSHT_S1_CROSS_S1_MAIN_TABLE,0c8f82dadc91d38aae26e370006366e3e72665db2cb0d0db031f293b0c859449,,,,,,,,,,
SECONDARY,H_POLICY,10,pusht,latent_mse,REFIT_103203,0.026092039595567138,99,100,0.02097040863816338,0.03183474485909155,99,H0,-0.007442292674577227,-0.010311638518552864,-0.004951855879735242,-0.010162204704621914,-0.004749149277240462,UNADJUSTED_POINTWISE,CASE,R4_PUSHT_S1_CROSS_S1_MAIN_TABLE,0c8f82dadc91d38aae26e370006366e3e72665db2cb0d0db031f293b0c859449,,,,,,,,,,
SECONDARY,H_POLICY,10,pusht,latent_mse,FIXED3_REFIT_MEAN_NOT_ENSEMBLE,0.025719942941616433,99,100,0.02076962437111442,0.031281746433828646,99,H0,-0.007814389328527932,-0.010692804055209483,-0.005338473830965211,-0.010568368578812598,-0.0051690527245715845,UNADJUSTED_POINTWISE,CASE,R4_PUSHT_S1_CROSS_S1_MAIN_TABLE,0c8f82dadc91d38aae26e370006366e3e72665db2cb0d0db031f293b0c859449,,,,,,,,,,
SECONDARY,H_POLICY,10,pusht,optimism,H0,-7.562735924578444,99,100,-9.841700211662266,-5.35272713565985,99,H0,0.0,0.0,0.0,0.0,0.0,UNADJUSTED_POINTWISE,CASE,R4_PUSHT_S1_CROSS_S1_MAIN_TABLE,0c8f82dadc91d38aae26e370006366e3e72665db2cb0d0db031f293b0c859449,,,,,,,,,,
SECONDARY,H_POLICY,10,pusht,optimism,REFIT_103201,-4.264367951071666,99,100,-5.964315734684354,-2.6071612963122632,99,H0,3.298367973506778,2.0861208702444105,4.52446979445917,2.1511974884556198,4.461144304076022,UNADJUSTED_POINTWISE,CASE,R4_PUSHT_S1_CROSS_S1_MAIN_TABLE,0c8f82dadc91d38aae26e370006366e3e72665db2cb0d0db031f293b0c859449,,,,,,,,,,
SECONDARY,H_POLICY,10,pusht,optimism,REFIT_103202,-4.366969423651335,99,100,-6.102536727493622,-2.6791714256197485,99,H0,3.195766500927109,2.0325734402353812,4.407941100544516,2.026165220308968,4.378561135766576,UNADJUSTED_POINTWISE,CASE,R4_PUSHT_S1_CROSS_S1_MAIN_TABLE,0c8f82dadc91d38aae26e370006366e3e72665db2cb0d0db031f293b0c859449,,,,,,,,,,
SECONDARY,H_POLICY,10,pusht,optimism,REFIT_103203,-4.390038006152291,99,100,-6.144161105486563,-2.6494419157830476,99,H0,3.1726979184261532,1.9641760785418863,4.458024808904627,1.9637385616562992,4.408355648815433,UNADJUSTED_POINTWISE,CASE,R4_PUSHT_S1_CROSS_S1_MAIN_TABLE,0c8f82dadc91d38aae26e370006366e3e72665db2cb0d0db031f293b0c859449,,,,,,,,,,
SECONDARY,H_POLICY,10,pusht,optimism,FIXED3_REFIT_MEAN_NOT_ENSEMBLE,-4.340458460291764,99,100,-6.067537996149309,-2.6438303604372413,99,H0,3.2222774642866807,2.028998640875941,4.454961497805355,2.0734368721771657,4.404058666266272,UNADJUSTED_POINTWISE,CASE,R4_PUSHT_S1_CROSS_S1_MAIN_TABLE,0c8f82dadc91d38aae26e370006366e3e72665db2cb0d0db031f293b0c859449,,,,,,,,,,
SECONDARY,H_POLICY,25,pusht,latent_mse,H0,0.24468711065877916,24,100,0.16278988123575885,0.33238408764717176,24,H0,0.0,0.0,0.0,0.0,0.0,UNADJUSTED_POINTWISE,CASE,R4_PUSHT_S1_CROSS_S1_MAIN_TABLE,0c8f82dadc91d38aae26e370006366e3e72665db2cb0d0db031f293b0c859449,,,,,,,,,,
SECONDARY,H_POLICY,25,pusht,latent_mse,REFIT_103201,0.18722860981721887,24,100,0.12556568210566083,0.25135351992387917,24,H0,-0.05745850084156031,-0.09733711558720928,-0.018560793876585067,-0.09939597182922932,-0.018476471727539728,UNADJUSTED_POINTWISE,CASE,R4_PUSHT_S1_CROSS_S1_MAIN_TABLE,0c8f82dadc91d38aae26e370006366e3e72665db2cb0d0db031f293b0c859449,,,,,,,,,,
SECONDARY,H_POLICY,25,pusht,latent_mse,REFIT_103202,0.18053023842894164,24,100,0.12170552815225504,0.24235103557915613,24,H0,-0.06415687222983758,-0.10133496669393653,-0.02961975204389666,-0.10299208256015879,-0.02734937170958651,UNADJUSTED_POINTWISE,CASE,R4_PUSHT_S1_CROSS_S1_MAIN_TABLE,0c8f82dadc91d38aae26e370006366e3e72665db2cb0d0db031f293b0c859449,,,,,,,,,,
SECONDARY,H_POLICY,25,pusht,latent_mse,REFIT_103203,0.1991476560497983,24,100,0.13165614533463393,0.26893140253697695,24,H0,-0.04553945460898087,-0.08431784702572855,-0.003844802795118157,-0.0847866894390537,-0.007342615237412992,UNADJUSTED_POINTWISE,CASE,R4_PUSHT_S1_CROSS_S1_MAIN_TABLE,0c8f82dadc91d38aae26e370006366e3e72665db2cb0d0db031f293b0c859449,,,,,,,,,,
SECONDARY,H_POLICY,25,pusht,latent_mse,FIXED3_REFIT_MEAN_NOT_ENSEMBLE,0.18896883476531956,24,100,0.12658420125353134,0.253312600659913,24,H0,-0.05571827589345959,-0.09338978404100126,-0.01873691094343104,-0.0951773818470964,-0.018849152564432148,UNADJUSTED_POINTWISE,CASE,R4_PUSHT_S1_CROSS_S1_MAIN_TABLE,0c8f82dadc91d38aae26e370006366e3e72665db2cb0d0db031f293b0c859449,,,,,,,,,,
SECONDARY,H_POLICY,25,pusht,optimism,H0,-35.83852555772392,24,100,-50.14029938443623,-22.36513904227199,24,H0,0.0,0.0,0.0,0.0,0.0,UNADJUSTED_POINTWISE,CASE,R4_PUSHT_S1_CROSS_S1_MAIN_TABLE,0c8f82dadc91d38aae26e370006366e3e72665db2cb0d0db031f293b0c859449,,,,,,,,,,
SECONDARY,H_POLICY,25,pusht,optimism,REFIT_103201,-31.11790470100459,24,100,-43.099071968900176,-18.777160960977792,24,H0,4.720620856719329,-0.5366975916580426,10.611076374572212,-0.8177048638679458,10.612713230134444,UNADJUSTED_POINTWISE,CASE,R4_PUSHT_S1_CROSS_S1_MAIN_TABLE,0c8f82dadc91d38aae26e370006366e3e72665db2cb0d0db031f293b0c859449,,,,,,,,,,
SECONDARY,H_POLICY,25,pusht,optimism,REFIT_103202,-31.667987153160865,24,100,-43.736963011906774,-19.343697016890005,24,H0,4.17053840456306,-0.915971639827854,9.480583994359211,-1.205073333099791,9.648958130820066,UNADJUSTED_POINTWISE,CASE,R4_PUSHT_S1_CROSS_S1_MAIN_TABLE,0c8f82dadc91d38aae26e370006366e3e72665db2cb0d0db031f293b0c859449,,,,,,,,,,
SECONDARY,H_POLICY,25,pusht,optimism,REFIT_103203,-30.554513337670446,24,100,-43.08329437545079,-17.662970914581084,24,H0,5.284012220053473,-0.23976372026594273,11.474288856894086,-0.6952351724363142,11.129528211540519,UNADJUSTED_POINTWISE,CASE,R4_PUSHT_S1_CROSS_S1_MAIN_TABLE,0c8f82dadc91d38aae26e370006366e3e72665db2cb0d0db031f293b0c859449,,,,,,,,,,
SECONDARY,H_POLICY,25,pusht,optimism,FIXED3_REFIT_MEAN_NOT_ENSEMBLE,-31.113468397278634,24,100,-43.229352520232865,-18.65370803465091,24,H0,4.725057160445288,-0.4825106333532599,10.367409557447017,-0.7950526422329836,10.37397591361395,UNADJUSTED_POINTWISE,CASE,R4_PUSHT_S1_CROSS_S1_MAIN_TABLE,0c8f82dadc91d38aae26e370006366e3e72665db2cb0d0db031f293b0c859449,,,,,,,,,,
SECONDARY,H_POLICY,5,pusht,latent_mse,H0,0.01620143660506007,99,100,0.013856748950323962,0.018987447837906044,99,H0,0.0,0.0,0.0,0.0,0.0,UNADJUSTED_POINTWISE,CASE,R4_PUSHT_S1_CROSS_S1_MAIN_TABLE,0c8f82dadc91d38aae26e370006366e3e72665db2cb0d0db031f293b0c859449,,,,,,,,,,
SECONDARY,H_POLICY,5,pusht,latent_mse,REFIT_103201,0.013047817326958755,99,100,0.01085354432677677,0.01567228731891862,99,H0,-0.0031536192781013157,-0.0038834101932163183,-0.0025326725316013226,-0.0038335811178839764,-0.0024936578546700377,UNADJUSTED_POINTWISE,CASE,R4_PUSHT_S1_CROSS_S1_MAIN_TABLE,0c8f82dadc91d38aae26e370006366e3e72665db2cb0d0db031f293b0c859449,,,,,,,,,,
SECONDARY,H_POLICY,5,pusht,latent_mse,REFIT_103202,0.012938882410183473,99,100,0.010781779240528207,0.01552083066189811,99,H0,-0.0032625541948765957,-0.00395693198544378,-0.002664261492614294,-0.00389440996409664,-0.002627026261650784,UNADJUSTED_POINTWISE,CASE,R4_PUSHT_S1_CROSS_S1_MAIN_TABLE,0c8f82dadc91d38aae26e370006366e3e72665db2cb0d0db031f293b0c859449,,,,,,,,,,
SECONDARY,H_POLICY,5,pusht,latent_mse,REFIT_103203,0.01316572024220949,99,100,0.010935310977702317,0.015873573180106165,99,H0,-0.00303571636285058,-0.003718605742257167,-0.0024402856988083458,-0.0036439203739987948,-0.002410755615255279,UNADJUSTED_POINTWISE,CASE,R4_PUSHT_S1_CROSS_S1_MAIN_TABLE,0c8f82dadc91d38aae26e370006366e3e72665db2cb0d0db031f293b0c859449,,,,,,,,,,
SECONDARY,H_POLICY,5,pusht,latent_mse,FIXED3_REFIT_MEAN_NOT_ENSEMBLE,0.013050806659783903,99,100,0.010861407390491287,0.015668818434303924,99,H0,-0.003150629945276163,-0.003845722749943502,-0.0025542435345371852,-0.003778674574175484,-0.0025184848113462754,UNADJUSTED_POINTWISE,CASE,R4_PUSHT_S1_CROSS_S1_MAIN_TABLE,0c8f82dadc91d38aae26e370006366e3e72665db2cb0d0db031f293b0c859449,,,,,,,,,,
SECONDARY,H_POLICY,5,pusht,optimism,H0,-4.64432997000852,99,100,-5.849393361206207,-3.47162822349981,99,H0,0.0,0.0,0.0,0.0,0.0,UNADJUSTED_POINTWISE,CASE,R4_PUSHT_S1_CROSS_S1_MAIN_TABLE,0c8f82dadc91d38aae26e370006366e3e72665db2cb0d0db031f293b0c859449,,,,,,,,,,
SECONDARY,H_POLICY,5,pusht,optimism,REFIT_103201,-2.40471788398275,99,100,-3.300633263898005,-1.5424752472218985,99,H0,2.2396120860257693,1.539537564848425,2.9360908393611163,1.586320502086277,2.8401791181981046,UNADJUSTED_POINTWISE,CASE,R4_PUSHT_S1_CROSS_S1_MAIN_TABLE,0c8f82dadc91d38aae26e370006366e3e72665db2cb0d0db031f293b0c859449,,,,,,,,,,
SECONDARY,H_POLICY,5,pusht,optimism,REFIT_103202,-2.4574652304031472,99,100,-3.3551778236597722,-1.5847626442856042,99,H0,2.186864739605372,1.5082036019777332,2.8630496826950407,1.5611498366430359,2.7658870289983803,UNADJUSTED_POINTWISE,CASE,R4_PUSHT_S1_CROSS_S1_MAIN_TABLE,0c8f82dadc91d38aae26e370006366e3e72665db2cb0d0db031f293b0c859449,,,,,,,,,,
SECONDARY,H_POLICY,5,pusht,optimism,REFIT_103203,-2.457102135336621,99,100,-3.39029168018844,-1.5499675667777666,99,H0,2.1872278346718983,1.5026449880207426,2.8915839539346226,1.5325264836710728,2.7904022440753424,UNADJUSTED_POINTWISE,CASE,R4_PUSHT_S1_CROSS_S1_MAIN_TABLE,0c8f82dadc91d38aae26e370006366e3e72665db2cb0d0db031f293b0c859449,,,,,,,,,,
SECONDARY,H_POLICY,5,pusht,optimism,FIXED3_REFIT_MEAN_NOT_ENSEMBLE,-2.4397617499075057,99,100,-3.3484870005721175,-1.563246693182728,99,H0,2.204568220101014,1.522152829357322,2.891142366237605,1.5699716364293408,2.7901486232430956,UNADJUSTED_POINTWISE,CASE,R4_PUSHT_S1_CROSS_S1_MAIN_TABLE,0c8f82dadc91d38aae26e370006366e3e72665db2cb0d0db031f293b0c859449,,,,,,,,,,
SECONDARY,H_REAL3,10,pusht,latent_mse,H0,0.033943799546207826,98,100,0.027254584360837938,0.041448311324343075,98,H0,0.0,0.0,0.0,0.0,0.0,UNADJUSTED_POINTWISE,CASE,R4_PUSHT_S1_CROSS_S1_MAIN_TABLE,0c8f82dadc91d38aae26e370006366e3e72665db2cb0d0db031f293b0c859449,,,,,,,,,,
SECONDARY,H_REAL3,10,pusht,latent_mse,REFIT_103201,0.02695785633414916,98,100,0.020893688552707148,0.033601254150328295,98,H0,-0.006985943212058669,-0.010579674405975327,-0.00362107693808855,-0.010726645590455986,-0.0033029043875392756,UNADJUSTED_POINTWISE,CASE,R4_PUSHT_S1_CROSS_S1_MAIN_TABLE,0c8f82dadc91d38aae26e370006366e3e72665db2cb0d0db031f293b0c859449,,,,,,,,,,
SECONDARY,H_REAL3,10,pusht,latent_mse,REFIT_103202,0.026094920512060284,98,100,0.02038808543304987,0.03234128872253508,98,H0,-0.00784887903414754,-0.01118240729970632,-0.004918576080813938,-0.011282543614119876,-0.004748946652664972,UNADJUSTED_POINTWISE,CASE,R4_PUSHT_S1_CROSS_S1_MAIN_TABLE,0c8f82dadc91d38aae26e370006366e3e72665db2cb0d0db031f293b0c859449,,,,,,,,,,
SECONDARY,H_REAL3,10,pusht,latent_mse,REFIT_103203,0.027304252241391425,98,100,0.021160685730137803,0.03400894459037886,98,H0,-0.006639547304816397,-0.01007002358297337,-0.0033191785668484955,-0.010149716306100733,-0.003083883043323943,UNADJUSTED_POINTWISE,CASE,R4_PUSHT_S1_CROSS_S1_MAIN_TABLE,0c8f82dadc91d38aae26e370006366e3e72665db2cb0d0db031f293b0c859449,,,,,,,,,,
SECONDARY,H_REAL3,10,pusht,latent_mse,FIXED3_REFIT_MEAN_NOT_ENSEMBLE,0.02678567636253362,98,100,0.020810468960097247,0.03331903822403079,98,H0,-0.007158123183674203,-0.010593949732506753,-0.004011569446845601,-0.01069360437387629,-0.0037516158083407028,UNADJUSTED_POINTWISE,CASE,R4_PUSHT_S1_CROSS_S1_MAIN_TABLE,0c8f82dadc91d38aae26e370006366e3e72665db2cb0d0db031f293b0c859449,,,,,,,,,,
SECONDARY,H_REAL3,10,pusht,optimism,H0,-6.882199961276515,98,100,-9.34330961992633,-4.52375007805382,98,H0,0.0,0.0,0.0,0.0,0.0,UNADJUSTED_POINTWISE,CASE,R4_PUSHT_S1_CROSS_S1_MAIN_TABLE,0c8f82dadc91d38aae26e370006366e3e72665db2cb0d0db031f293b0c859449,,,,,,,,,,
SECONDARY,H_REAL3,10,pusht,optimism,REFIT_103201,-4.20831595359949,98,100,-6.2116315605759524,-2.196656768572336,98,H0,2.6738840076770227,1.4667803508539041,3.9346905560749628,1.4160345340783551,3.9628821873223226,UNADJUSTED_POINTWISE,CASE,R4_PUSHT_S1_CROSS_S1_MAIN_TABLE,0c8f82dadc91d38aae26e370006366e3e72665db2cb0d0db031f293b0c859449,,,,,,,,,,
SECONDARY,H_REAL3,10,pusht,optimism,REFIT_103202,-4.5212193079672245,98,100,-6.506022444950152,-2.5280844005891216,98,H0,2.36098065330929,1.2465678309846582,3.5016161390638327,1.184993079060672,3.5342734236609212,UNADJUSTED_POINTWISE,CASE,R4_PUSHT_S1_CROSS_S1_MAIN_TABLE,0c8f82dadc91d38aae26e370006366e3e72665db2cb0d0db031f293b0c859449,,,,,,,,,,
SECONDARY,H_REAL3,10,pusht,optimism,REFIT_103203,-4.441782065159143,98,100,-6.5027708364676755,-2.3323949938143143,98,H0,2.4404178961173715,1.1854238700396809,3.738262598428037,1.159433909224543,3.7526546112809465,UNADJUSTED_POINTWISE,CASE,R4_PUSHT_S1_CROSS_S1_MAIN_TABLE,0c8f82dadc91d38aae26e370006366e3e72665db2cb0d0db031f293b0c859449,,,,,,,,,,
SECONDARY,H_REAL3,10,pusht,optimism,FIXED3_REFIT_MEAN_NOT_ENSEMBLE,-4.390439108908619,98,100,-6.396138454462901,-2.3624513874209168,98,H0,2.4917608523678947,1.3214938440295947,3.7043476901294827,1.2666551907692785,3.7191475144692943,UNADJUSTED_POINTWISE,CASE,R4_PUSHT_S1_CROSS_S1_MAIN_TABLE,0c8f82dadc91d38aae26e370006366e3e72665db2cb0d0db031f293b0c859449,,,,,,,,,,
SECONDARY,H_REAL3,25,pusht,latent_mse,H0,0.20664883451244875,23,100,0.13768479826066593,0.28180841466606976,23,H0,0.0,0.0,0.0,0.0,0.0,UNADJUSTED_POINTWISE,CASE,R4_PUSHT_S1_CROSS_S1_MAIN_TABLE,0c8f82dadc91d38aae26e370006366e3e72665db2cb0d0db031f293b0c859449,,,,,,,,,,
SECONDARY,H_REAL3,25,pusht,latent_mse,REFIT_103201,0.14808083773641173,23,100,0.09979666127283134,0.2005388395371303,23,H0,-0.05856799677603708,-0.09874964386461749,-0.021416129323565344,-0.09997202362594748,-0.020124248104410464,UNADJUSTED_POINTWISE,CASE,R4_PUSHT_S1_CROSS_S1_MAIN_TABLE,0c8f82dadc91d38aae26e370006366e3e72665db2cb0d0db031f293b0c859449,,,,,,,,,,
SECONDARY,H_REAL3,25,pusht,latent_mse,REFIT_103202,0.14253613386691402,23,100,0.0962728313513824,0.1921978000008304,23,H0,-0.06411270064553473,-0.10009990173159328,-0.0318591781832755,-0.10248156408767885,-0.02841572371394292,UNADJUSTED_POINTWISE,CASE,R4_PUSHT_S1_CROSS_S1_MAIN_TABLE,0c8f82dadc91d38aae26e370006366e3e72665db2cb0d0db031f293b0c859449,,,,,,,,,,
SECONDARY,H_REAL3,25,pusht,latent_mse,REFIT_103203,0.1577037330772065,23,100,0.10541918049537703,0.2141763771361227,23,H0,-0.04894510143524225,-0.08549533364458733,-0.015177511447115075,-0.08680193847396857,-0.0154661505128631,UNADJUSTED_POINTWISE,CASE,R4_PUSHT_S1_CROSS_S1_MAIN_TABLE,0c8f82dadc91d38aae26e370006366e3e72665db2cb0d0db031f293b0c859449,,,,,,,,,,
SECONDARY,H_REAL3,25,pusht,latent_mse,FIXED3_REFIT_MEAN_NOT_ENSEMBLE,0.14944023489351074,23,100,0.10119327522541986,0.2016092235196279,23,H0,-0.05720859961893803,-0.09398539471633383,-0.023538879011778844,-0.09569620362295331,-0.021981107745798322,UNADJUSTED_POINTWISE,CASE,R4_PUSHT_S1_CROSS_S1_MAIN_TABLE,0c8f82dadc91d38aae26e370006366e3e72665db2cb0d0db031f293b0c859449,,,,,,,,,,
SECONDARY,H_REAL3,25,pusht,optimism,H0,-32.73827213622208,23,100,-45.49599440807564,-20.807940847104522,23,H0,0.0,0.0,0.0,0.0,0.0,UNADJUSTED_POINTWISE,CASE,R4_PUSHT_S1_CROSS_S1_MAIN_TABLE,0c8f82dadc91d38aae26e370006366e3e72665db2cb0d0db031f293b0c859449,,,,,,,,,,
SECONDARY,H_REAL3,25,pusht,optimism,REFIT_103201,-28.234461845874822,23,100,-38.54765428634898,-17.77159194311996,23,H0,4.5038102903472526,-0.6415355815512372,10.14121577228004,-0.6636643573664749,10.427828769313333,UNADJUSTED_POINTWISE,CASE,R4_PUSHT_S1_CROSS_S1_MAIN_TABLE,0c8f82dadc91d38aae26e370006366e3e72665db2cb0d0db031f293b0c859449,,,,,,,,,,
SECONDARY,H_REAL3,25,pusht,optimism,REFIT_103202,-28.584905884437337,23,100,-38.928960130836764,-18.10098421064837,23,H0,4.153366251784737,-0.6521399532283405,9.32355831809481,-0.8619079993081007,9.615730942338022,UNADJUSTED_POINTWISE,CASE,R4_PUSHT_S1_CROSS_S1_MAIN_TABLE,0c8f82dadc91d38aae26e370006366e3e72665db2cb0d0db031f293b0c859449,,,,,,,,,,
SECONDARY,H_REAL3,25,pusht,optimism,REFIT_103203,-28.024961717675207,23,100,-38.75421247726714,-17.284620225811956,23,H0,4.713310418546871,-0.4340183572678386,10.218314644773283,-0.7487138614660818,10.32829519798086,UNADJUSTED_POINTWISE,CASE,R4_PUSHT_S1_CROSS_S1_MAIN_TABLE,0c8f82dadc91d38aae26e370006366e3e72665db2cb0d0db031f293b0c859449,,,,,,,,,,
SECONDARY,H_REAL3,25,pusht,optimism,FIXED3_REFIT_MEAN_NOT_ENSEMBLE,-28.281443149329128,23,100,-38.68124490941814,-17.717625269617447,23,H0,4.456828986892954,-0.4700796282307308,9.900867682934082,-0.6660102942711165,10.080927869907425,UNADJUSTED_POINTWISE,CASE,R4_PUSHT_S1_CROSS_S1_MAIN_TABLE,0c8f82dadc91d38aae26e370006366e3e72665db2cb0d0db031f293b0c859449,,,,,,,,,,
SECONDARY,H_REAL3,5,pusht,latent_mse,H0,0.016026889977538192,99,100,0.01308851656025814,0.01955105800236494,99,H0,0.0,0.0,0.0,0.0,0.0,UNADJUSTED_POINTWISE,CASE,R4_PUSHT_S1_CROSS_S1_MAIN_TABLE,0c8f82dadc91d38aae26e370006366e3e72665db2cb0d0db031f293b0c859449,,,,,,,,,,
SECONDARY,H_REAL3,5,pusht,latent_mse,REFIT_103201,0.012934781572793787,99,100,0.010272905599434078,0.016237056044050683,99,H0,-0.0030921084047444026,-0.0038677385863280867,-0.0023718127175917656,-0.003904733657060415,-0.002322153040883169,UNADJUSTED_POINTWISE,CASE,R4_PUSHT_S1_CROSS_S1_MAIN_TABLE,0c8f82dadc91d38aae26e370006366e3e72665db2cb0d0db031f293b0c859449,,,,,,,,,,
SECONDARY,H_REAL3,5,pusht,latent_mse,REFIT_103202,0.012835649033971228,99,100,0.010211141431057731,0.016085067853439366,99,H0,-0.0031912409435669634,-0.003960439929413771,-0.002505410661174738,-0.003993720741082026,-0.002439177247487476,UNADJUSTED_POINTWISE,CASE,R4_PUSHT_S1_CROSS_S1_MAIN_TABLE,0c8f82dadc91d38aae26e370006366e3e72665db2cb0d0db031f293b0c859449,,,,,,,,,,
SECONDARY,H_REAL3,5,pusht,latent_mse,REFIT_103203,0.013004128526339342,99,100,0.010304120668354096,0.016358222005413176,99,H0,-0.003022761451198849,-0.0037826017864562487,-0.0023372197010184757,-0.0037715978844313704,-0.002315078965953486,UNADJUSTED_POINTWISE,CASE,R4_PUSHT_S1_CROSS_S1_MAIN_TABLE,0c8f82dadc91d38aae26e370006366e3e72665db2cb0d0db031f293b0c859449,,,,,,,,,,
SECONDARY,H_REAL3,5,pusht,latent_mse,FIXED3_REFIT_MEAN_NOT_ENSEMBLE,0.012924853044368119,99,100,0.010277191892864653,0.016238390835379653,99,H0,-0.003102036933170072,-0.0038636960314442415,-0.002418818430655162,-0.0038771480546142888,-0.0023632132725347255,UNADJUSTED_POINTWISE,CASE,R4_PUSHT_S1_CROSS_S1_MAIN_TABLE,0c8f82dadc91d38aae26e370006366e3e72665db2cb0d0db031f293b0c859449,,,,,,,,,,
SECONDARY,H_REAL3,5,pusht,optimism,H0,-4.1336698727493895,99,100,-5.343552850005023,-2.9910456296884473,99,H0,0.0,0.0,0.0,0.0,0.0,UNADJUSTED_POINTWISE,CASE,R4_PUSHT_S1_CROSS_S1_MAIN_TABLE,0c8f82dadc91d38aae26e370006366e3e72665db2cb0d0db031f293b0c859449,,,,,,,,,,
SECONDARY,H_REAL3,5,pusht,optimism,REFIT_103201,-2.3665851908224047,99,100,-3.3011645425873053,-1.4379659556724347,99,H0,1.767084681926984,1.13769128569181,2.386253678485512,1.147781038402349,2.3539354726329167,UNADJUSTED_POINTWISE,CASE,R4_PUSHT_S1_CROSS_S1_MAIN_TABLE,0c8f82dadc91d38aae26e370006366e3e72665db2cb0d0db031f293b0c859449,,,,,,,,,,
SECONDARY,H_REAL3,5,pusht,optimism,REFIT_103202,-2.460948604908614,99,100,-3.418658478053379,-1.5185201013154392,99,H0,1.6727212678407746,1.0717531431106921,2.278274496456852,1.0771237381458056,2.255917054723952,UNADJUSTED_POINTWISE,CASE,R4_PUSHT_S1_CROSS_S1_MAIN_TABLE,0c8f82dadc91d38aae26e370006366e3e72665db2cb0d0db031f293b0c859449,,,,,,,,,,
SECONDARY,H_REAL3,5,pusht,optimism,REFIT_103203,-2.455211688525173,99,100,-3.441873925318062,-1.4756206170135335,99,H0,1.6784581842242159,1.0505940499031086,2.294627511309817,1.078156761177161,2.26827784258148,UNADJUSTED_POINTWISE,CASE,R4_PUSHT_S1_CROSS_S1_MAIN_TABLE,0c8f82dadc91d38aae26e370006366e3e72665db2cb0d0db031f293b0c859449,,,,,,,,,,
SECONDARY,H_REAL3,5,pusht,optimism,FIXED3_REFIT_MEAN_NOT_ENSEMBLE,-2.4275818280853976,99,100,-3.3824870928513335,-1.4882685443118524,99,H0,1.7060880446639919,1.0966084868016113,2.3194830002956417,1.1026702281184948,2.2846625457824064,UNADJUSTED_POINTWISE,CASE,R4_PUSHT_S1_CROSS_S1_MAIN_TABLE,0c8f82dadc91d38aae26e370006366e3e72665db2cb0d0db031f293b0c859449,,,,,,,,,,
SECONDARY,,10,pusht,latent_mse_REAL3_minus_POLICY,H0,-0.0026109080431543125,98,100,-0.003797493166066296,-0.0015244455187834397,98,H0,0.0,0.0,0.0,0.0,0.0,UNADJUSTED_POINTWISE,CASE,R4_PUSHT_S1_CROSS_S1_HISTORY_PAIRED_TABLE,d689c2a4f0f67da42d4a06b3b496b2a52a33ee7b9d241eebee37cefdea4d35de,SAME_SOURCE_ANCHOR_HORIZON_ALL4_MODELS_BOTH_HISTORIES,,,,,,,,,
SECONDARY,,10,pusht,latent_mse_REAL3_minus_POLICY,REFIT_103201,-0.0021075558561826635,98,100,-0.003559317412661675,-0.0006772824178323568,98,H0,0.0005033521869716491,-0.0007783169286247704,0.0017502457950127176,-0.0008303989065147402,0.0018113283582909688,UNADJUSTED_POINTWISE,CASE,R4_PUSHT_S1_CROSS_S1_HISTORY_PAIRED_TABLE,d689c2a4f0f67da42d4a06b3b496b2a52a33ee7b9d241eebee37cefdea4d35de,SAME_SOURCE_ANCHOR_HORIZON_ALL4_MODELS_BOTH_HISTORIES,,,,,,,,,
SECONDARY,,10,pusht,latent_mse_REAL3_minus_POLICY,REFIT_103202,-0.002243716037171045,98,100,-0.0036322957986149123,-0.0009985043968452907,98,H0,0.0003671920059832672,-0.0007788707777535803,0.001408033841447178,-0.0008113592049315141,0.0014833495905638109,UNADJUSTED_POINTWISE,CASE,R4_PUSHT_S1_CROSS_S1_HISTORY_PAIRED_TABLE,d689c2a4f0f67da42d4a06b3b496b2a52a33ee7b9d241eebee37cefdea4d35de,SAME_SOURCE_ANCHOR_HORIZON_ALL4_MODELS_BOTH_HISTORIES,,,,,,,,,
SECONDARY,,10,pusht,latent_mse_REAL3_minus_POLICY,REFIT_103203,-0.002481005569113607,98,100,-0.004296711936798596,-0.0009057601018628784,98,H0,0.000129902474040706,-0.0015118350351640158,0.0015579915482932776,-0.00161207075867698,0.001630786398489036,UNADJUSTED_POINTWISE,CASE,R4_PUSHT_S1_CROSS_S1_HISTORY_PAIRED_TABLE,d689c2a4f0f67da42d4a06b3b496b2a52a33ee7b9d241eebee37cefdea4d35de,SAME_SOURCE_ANCHOR_HORIZON_ALL4_MODELS_BOTH_HISTORIES,,,,,,,,,
SECONDARY,,10,pusht,latent_mse_REAL3_minus_POLICY,FIXED3_REFIT_MEAN_NOT_ENSEMBLE,-0.0022774258208224387,98,100,-0.0037933219841695116,-0.000885951421875172,98,H0,0.0003334822223318742,-0.0010038843058206791,0.001532374352111835,-0.0010572251588955477,0.0016212314271959617,UNADJUSTED_POINTWISE,CASE,R4_PUSHT_S1_CROSS_S1_HISTORY_PAIRED_TABLE,d689c2a4f0f67da42d4a06b3b496b2a52a33ee7b9d241eebee37cefdea4d35de,SAME_SOURCE_ANCHOR_HORIZON_ALL4_MODELS_BOTH_HISTORIES,,,,,,,,,
SECONDARY,,10,pusht,optimism_REAL3_minus_POLICY,H0,0.36598677961862974,98,100,-0.23073676254420508,0.9606673142960027,98,H0,0.0,0.0,0.0,0.0,0.0,UNADJUSTED_POINTWISE,CASE,R4_PUSHT_S1_CROSS_S1_HISTORY_PAIRED_TABLE,d689c2a4f0f67da42d4a06b3b496b2a52a33ee7b9d241eebee37cefdea4d35de,SAME_SOURCE_ANCHOR_HORIZON_ALL4_MODELS_BOTH_HISTORIES,,,,,,,,,
SECONDARY,,10,pusht,optimism_REAL3_minus_POLICY,REFIT_103201,-0.3724001886676668,98,100,-0.8593802614390554,0.10247260478295314,98,H0,-0.7383869682862965,-1.1944905957184826,-0.3183712358057817,-1.1609967053902963,-0.3496874990751023,UNADJUSTED_POINTWISE,CASE,R4_PUSHT_S1_CROSS_S1_HISTORY_PAIRED_TABLE,d689c2a4f0f67da42d4a06b3b496b2a52a33ee7b9d241eebee37cefdea4d35de,SAME_SOURCE_ANCHOR_HORIZON_ALL4_MODELS_BOTH_HISTORIES,,,,,,,,,
SECONDARY,,10,pusht,optimism_REAL3_minus_POLICY,REFIT_103202,-0.43750999245002453,98,100,-0.9489311193847523,0.043439180792263415,98,H0,-0.8034967720686542,-1.2934778416989177,-0.35834306376139824,-1.2518932212891631,-0.40086160115987546,UNADJUSTED_POINTWISE,CASE,R4_PUSHT_S1_CROSS_S1_HISTORY_PAIRED_TABLE,d689c2a4f0f67da42d4a06b3b496b2a52a33ee7b9d241eebee37cefdea4d35de,SAME_SOURCE_ANCHOR_HORIZON_ALL4_MODELS_BOTH_HISTORIES,,,,,,,,,
SECONDARY,,10,pusht,optimism_REAL3_minus_POLICY,REFIT_103203,-0.5560503389976653,98,100,-1.1829263026353054,0.015504420494941143,98,H0,-0.922037118616295,-1.5517181578215862,-0.4035280296779534,-1.5313382295769415,-0.41692436878533573,UNADJUSTED_POINTWISE,CASE,R4_PUSHT_S1_CROSS_S1_HISTORY_PAIRED_TABLE,d689c2a4f0f67da42d4a06b3b496b2a52a33ee7b9d241eebee37cefdea4d35de,SAME_SOURCE_ANCHOR_HORIZON_ALL4_MODELS_BOTH_HISTORIES,,,,,,,,,
SECONDARY,,10,pusht,optimism_REAL3_minus_POLICY,FIXED3_REFIT_MEAN_NOT_ENSEMBLE,-0.45532017337178554,98,100,-0.9896875571502188,0.04446135072276683,98,H0,-0.8213069529904152,-1.3392810592140343,-0.37011455493257933,-1.3049571601112382,-0.39460080109646484,UNADJUSTED_POINTWISE,CASE,R4_PUSHT_S1_CROSS_S1_HISTORY_PAIRED_TABLE,d689c2a4f0f67da42d4a06b3b496b2a52a33ee7b9d241eebee37cefdea4d35de,SAME_SOURCE_ANCHOR_HORIZON_ALL4_MODELS_BOTH_HISTORIES,,,,,,,,,
SECONDARY,,25,pusht,latent_mse_REAL3_minus_POLICY,H0,-0.0012654481075466805,23,100,-0.007789069183126834,0.0052223466304112095,23,H0,0.0,0.0,0.0,0.0,0.0,UNADJUSTED_POINTWISE,CASE,R4_PUSHT_S1_CROSS_S1_HISTORY_PAIRED_TABLE,d689c2a4f0f67da42d4a06b3b496b2a52a33ee7b9d241eebee37cefdea4d35de,SAME_SOURCE_ANCHOR_HORIZON_ALL4_MODELS_BOTH_HISTORIES,,,,,,,,,
SECONDARY,,25,pusht,latent_mse_REAL3_minus_POLICY,REFIT_103201,-0.005866319243487051,23,100,-0.018630338378198757,0.0033317176669984865,23,H0,-0.004600871135940369,-0.015759585390467016,0.005646392752766533,-0.015478938128850041,0.006018121968692777,UNADJUSTED_POINTWISE,CASE,R4_PUSHT_S1_CROSS_S1_HISTORY_PAIRED_TABLE,d689c2a4f0f67da42d4a06b3b496b2a52a33ee7b9d241eebee37cefdea4d35de,SAME_SOURCE_ANCHOR_HORIZON_ALL4_MODELS_BOTH_HISTORIES,,,,,,,,,
SECONDARY,,25,pusht,latent_mse_REAL3_minus_POLICY,REFIT_103202,-0.005703132067375855,23,100,-0.01949736618503027,0.0035343526012049787,23,H0,-0.004437683959829177,-0.01497522446218716,0.004356344003420931,-0.014396272301069974,0.0044901494344230675,UNADJUSTED_POINTWISE,CASE,R4_PUSHT_S1_CROSS_S1_HISTORY_PAIRED_TABLE,d689c2a4f0f67da42d4a06b3b496b2a52a33ee7b9d241eebee37cefdea4d35de,SAME_SOURCE_ANCHOR_HORIZON_ALL4_MODELS_BOTH_HISTORIES,,,,,,,,,
SECONDARY,,25,pusht,latent_mse_REAL3_minus_POLICY,REFIT_103203,-0.006899320515245689,23,100,-0.0229339311315582,0.003811796130880558,23,H0,-0.00563387240769901,-0.018836185179718988,0.005712230497310428,-0.018322580431726052,0.006089325722262189,UNADJUSTED_POINTWISE,CASE,R4_PUSHT_S1_CROSS_S1_HISTORY_PAIRED_TABLE,d689c2a4f0f67da42d4a06b3b496b2a52a33ee7b9d241eebee37cefdea4d35de,SAME_SOURCE_ANCHOR_HORIZON_ALL4_MODELS_BOTH_HISTORIES,,,,,,,,,
SECONDARY,,25,pusht,latent_mse_REAL3_minus_POLICY,FIXED3_REFIT_MEAN_NOT_ENSEMBLE,-0.006156257275369532,23,100,-0.020253417044716084,0.003445469206310946,23,H0,-0.004890809167822852,-0.016298273939100216,0.005115079019622792,-0.015902706738624758,0.0054352027976893634,UNADJUSTED_POINTWISE,CASE,R4_PUSHT_S1_CROSS_S1_HISTORY_PAIRED_TABLE,d689c2a4f0f67da42d4a06b3b496b2a52a33ee7b9d241eebee37cefdea4d35de,SAME_SOURCE_ANCHOR_HORIZON_ALL4_MODELS_BOTH_HISTORIES,,,,,,,,,
SECONDARY,,25,pusht,optimism_REAL3_minus_POLICY,H0,-0.3088016927912807,23,100,-1.987774054186351,1.6345698042076806,23,H0,0.0,0.0,0.0,0.0,0.0,UNADJUSTED_POINTWISE,CASE,R4_PUSHT_S1_CROSS_S1_HISTORY_PAIRED_TABLE,d689c2a4f0f67da42d4a06b3b496b2a52a33ee7b9d241eebee37cefdea4d35de,SAME_SOURCE_ANCHOR_HORIZON_ALL4_MODELS_BOTH_HISTORIES,,,,,,,,,
SECONDARY,,25,pusht,optimism_REAL3_minus_POLICY,REFIT_103201,-1.9084149605176535,23,100,-4.161510625005005,-0.28579374540564545,23,H0,-1.5996132677263721,-3.4734354378339467,-0.011300960723134523,-3.4446297869383344,0.18596414184525673,UNADJUSTED_POINTWISE,CASE,R4_PUSHT_S1_CROSS_S1_HISTORY_PAIRED_TABLE,d689c2a4f0f67da42d4a06b3b496b2a52a33ee7b9d241eebee37cefdea4d35de,SAME_SOURCE_ANCHOR_HORIZON_ALL4_MODELS_BOTH_HISTORIES,,,,,,,,,
SECONDARY,,25,pusht,optimism_REAL3_minus_POLICY,REFIT_103202,-1.807087555286055,23,100,-3.8695812170766923,-0.1750695744392408,23,H0,-1.498285862494774,-3.0413238605473576,-0.17531587875109514,-3.1482953840194736,0.013608512638228442,UNADJUSTED_POINTWISE,CASE,R4_PUSHT_S1_CROSS_S1_HISTORY_PAIRED_TABLE,d689c2a4f0f67da42d4a06b3b496b2a52a33ee7b9d241eebee37cefdea4d35de,SAME_SOURCE_ANCHOR_HORIZON_ALL4_MODELS_BOTH_HISTORIES,,,,,,,,,
SECONDARY,,25,pusht,optimism_REAL3_minus_POLICY,REFIT_103203,-2.573541654908719,23,100,-6.439769223994679,-0.0607619343111978,23,H0,-2.264739962117438,-5.301543437925568,-0.03479378533144728,-5.18017751849868,0.1896069282513445,UNADJUSTED_POINTWISE,CASE,R4_PUSHT_S1_CROSS_S1_HISTORY_PAIRED_TABLE,d689c2a4f0f67da42d4a06b3b496b2a52a33ee7b9d241eebee37cefdea4d35de,SAME_SOURCE_ANCHOR_HORIZON_ALL4_MODELS_BOTH_HISTORIES,,,,,,,,,
SECONDARY,,25,pusht,optimism_REAL3_minus_POLICY,FIXED3_REFIT_MEAN_NOT_ENSEMBLE,-2.096348056904142,23,100,-4.805375733757616,-0.17783053928177187,23,H0,-1.7875463641128615,-3.8692910885648426,-0.09293549806015906,-3.828784091336193,0.11178829783053158,UNADJUSTED_POINTWISE,CASE,R4_PUSHT_S1_CROSS_S1_HISTORY_PAIRED_TABLE,d689c2a4f0f67da42d4a06b3b496b2a52a33ee7b9d241eebee37cefdea4d35de,SAME_SOURCE_ANCHOR_HORIZON_ALL4_MODELS_BOTH_HISTORIES,,,,,,,,,
SECONDARY,,5,pusht,latent_mse_REAL3_minus_POLICY,H0,-0.0013104306285965238,99,100,-0.0017652075998903162,-0.000904513499657645,99,H0,0.0,0.0,0.0,0.0,0.0,UNADJUSTED_POINTWISE,CASE,R4_PUSHT_S1_CROSS_S1_HISTORY_PAIRED_TABLE,d689c2a4f0f67da42d4a06b3b496b2a52a33ee7b9d241eebee37cefdea4d35de,SAME_SOURCE_ANCHOR_HORIZON_ALL4_MODELS_BOTH_HISTORIES,,,,,,,,,
SECONDARY,,5,pusht,latent_mse_REAL3_minus_POLICY,REFIT_103201,-0.0012904263486371512,99,100,-0.0018640826306807294,-0.0008586750544211265,99,H0,2.0004279959372898e-05,-0.00031538843644572293,0.0003292782223375668,-0.0003252669527260805,0.00032473575795084715,UNADJUSTED_POINTWISE,CASE,R4_PUSHT_S1_CROSS_S1_HISTORY_PAIRED_TABLE,d689c2a4f0f67da42d4a06b3b496b2a52a33ee7b9d241eebee37cefdea4d35de,SAME_SOURCE_ANCHOR_HORIZON_ALL4_MODELS_BOTH_HISTORIES,,,,,,,,,
SECONDARY,,5,pusht,latent_mse_REAL3_minus_POLICY,REFIT_103202,-0.0012570677837590255,99,100,-0.001752062826630473,-0.0008718577641490291,99,H0,5.336284483749844e-05,-0.0002407771579880264,0.00034515321808408574,-0.0002448074409549995,0.0003577411591421809,UNADJUSTED_POINTWISE,CASE,R4_PUSHT_S1_CROSS_S1_HISTORY_PAIRED_TABLE,d689c2a4f0f67da42d4a06b3b496b2a52a33ee7b9d241eebee37cefdea4d35de,SAME_SOURCE_ANCHOR_HORIZON_ALL4_MODELS_BOTH_HISTORIES,,,,,,,,,
SECONDARY,,5,pusht,latent_mse_REAL3_minus_POLICY,REFIT_103203,-0.0013419092059408575,99,100,-0.001882849937016949,-0.000925194547110672,99,H0,-3.1478577344333656e-05,-0.0003423440395537421,0.00026989120000024273,-0.00035903847550852096,0.0002880657818420222,UNADJUSTED_POINTWISE,CASE,R4_PUSHT_S1_CROSS_S1_HISTORY_PAIRED_TABLE,d689c2a4f0f67da42d4a06b3b496b2a52a33ee7b9d241eebee37cefdea4d35de,SAME_SOURCE_ANCHOR_HORIZON_ALL4_MODELS_BOTH_HISTORIES,,,,,,,,,
SECONDARY,,5,pusht,latent_mse_REAL3_minus_POLICY,FIXED3_REFIT_MEAN_NOT_ENSEMBLE,-0.0012964677794456779,99,100,-0.0018233170042145075,-0.0008877379188669478,99,H0,1.3962849150845889e-05,-0.00029418554686777825,0.00030659318254108156,-0.00030059163609293625,0.0003207368205087089,UNADJUSTED_POINTWISE,CASE,R4_PUSHT_S1_CROSS_S1_HISTORY_PAIRED_TABLE,d689c2a4f0f67da42d4a06b3b496b2a52a33ee7b9d241eebee37cefdea4d35de,SAME_SOURCE_ANCHOR_HORIZON_ALL4_MODELS_BOTH_HISTORIES,,,,,,,,,
SECONDARY,,5,pusht,optimism_REAL3_minus_POLICY,H0,0.4065140402157899,99,100,0.024733413551427205,0.800685118526153,99,H0,0.0,0.0,0.0,0.0,0.0,UNADJUSTED_POINTWISE,CASE,R4_PUSHT_S1_CROSS_S1_HISTORY_PAIRED_TABLE,d689c2a4f0f67da42d4a06b3b496b2a52a33ee7b9d241eebee37cefdea4d35de,SAME_SOURCE_ANCHOR_HORIZON_ALL4_MODELS_BOTH_HISTORIES,,,,,,,,,
SECONDARY,,5,pusht,optimism_REAL3_minus_POLICY,REFIT_103201,-0.20479903706740007,99,100,-0.5048664829982823,0.08882600621224754,99,H0,-0.61131307728319,-0.8778912983444407,-0.358123830031049,-0.8814729469724821,-0.3422810602233569,UNADJUSTED_POINTWISE,CASE,R4_PUSHT_S1_CROSS_S1_HISTORY_PAIRED_TABLE,d689c2a4f0f67da42d4a06b3b496b2a52a33ee7b9d241eebee37cefdea4d35de,SAME_SOURCE_ANCHOR_HORIZON_ALL4_MODELS_BOTH_HISTORIES,,,,,,,,,
SECONDARY,,5,pusht,optimism_REAL3_minus_POLICY,REFIT_103202,-0.20204621096760078,99,100,-0.4928659745797661,0.08488300960870526,99,H0,-0.6085602511833907,-0.8714399154666892,-0.3607114057965807,-0.8655242534087543,-0.35634166484329294,UNADJUSTED_POINTWISE,CASE,R4_PUSHT_S1_CROSS_S1_HISTORY_PAIRED_TABLE,d689c2a4f0f67da42d4a06b3b496b2a52a33ee7b9d241eebee37cefdea4d35de,SAME_SOURCE_ANCHOR_HORIZON_ALL4_MODELS_BOTH_HISTORIES,,,,,,,,,
SECONDARY,,5,pusht,optimism_REAL3_minus_POLICY,REFIT_103203,-0.2263944763150838,99,100,-0.5351133646858821,0.07990748504051107,99,H0,-0.6329085165308737,-0.9065730256933732,-0.3784052959392011,-0.9061534748003344,-0.3554073500133793,UNADJUSTED_POINTWISE,CASE,R4_PUSHT_S1_CROSS_S1_HISTORY_PAIRED_TABLE,d689c2a4f0f67da42d4a06b3b496b2a52a33ee7b9d241eebee37cefdea4d35de,SAME_SOURCE_ANCHOR_HORIZON_ALL4_MODELS_BOTH_HISTORIES,,,,,,,,,
SECONDARY,,5,pusht,optimism_REAL3_minus_POLICY,FIXED3_REFIT_MEAN_NOT_ENSEMBLE,-0.2110799081166949,99,100,-0.50653713722712,0.07911907793028806,99,H0,-0.6175939483324848,-0.8839045609633306,-0.36839484737985245,-0.8848096266202896,-0.35561975676437224,UNADJUSTED_POINTWISE,CASE,R4_PUSHT_S1_CROSS_S1_HISTORY_PAIRED_TABLE,d689c2a4f0f67da42d4a06b3b496b2a52a33ee7b9d241eebee37cefdea4d35de,SAME_SOURCE_ANCHOR_HORIZON_ALL4_MODELS_BOTH_HISTORIES,,,,,,,,,
FIRST_ANCHOR_DESCRIPTIVE_SOURCE_RELATION,H_POLICY,10,pusht,latent_mse,H0,0.035312167124911434,98,100,0.025342910421503783,0.05044887229369171,98,H0,0.0,0.0,0.0,0.0,0.0,UNADJUSTED_POINTWISE,CASE,R4_PUSHT_S1_CROSS_S1_SOURCE_RELATION_TABLE,75c3581ec5b1933f41c91b02009716a1df9d946b72064fd35943323f0746b083,,OTHER,,,,,,,,
FIRST_ANCHOR_DESCRIPTIVE_SOURCE_RELATION,H_POLICY,10,pusht,latent_mse,REFIT_103201,0.03181466704582551,99,100,0.018750872213387906,0.05079918087562792,98,H0,-0.0032761173701344607,-0.008589488097726788,0.003338009199019842,-0.009398206356018422,0.0057143555296295745,UNADJUSTED_POINTWISE,CASE,R4_PUSHT_S1_CROSS_S1_SOURCE_RELATION_TABLE,75c3581ec5b1933f41c91b02009716a1df9d946b72064fd35943323f0746b083,,OTHER,,,,,,,,
FIRST_ANCHOR_DESCRIPTIVE_SOURCE_RELATION,H_POLICY,10,pusht,latent_mse,REFIT_103202,0.030947482209458248,99,100,0.019030013783912555,0.04963604093275111,98,H0,-0.004166267144645811,-0.008529610734343447,0.0010519699720289376,-0.009004467817359092,0.0022692095459483134,UNADJUSTED_POINTWISE,CASE,R4_PUSHT_S1_CROSS_S1_SOURCE_RELATION_TABLE,75c3581ec5b1933f41c91b02009716a1df9d946b72064fd35943323f0746b083,,OTHER,,,,,,,,
FIRST_ANCHOR_DESCRIPTIVE_SOURCE_RELATION,H_POLICY,10,pusht,latent_mse,REFIT_103203,0.030847045124950588,99,100,0.018795529903862223,0.048530103454143964,98,H0,-0.0042733146950007,-0.008946573186471483,0.0011099263266127442,-0.009363455424674464,0.0024663543881531954,UNADJUSTED_POINTWISE,CASE,R4_PUSHT_S1_CROSS_S1_SOURCE_RELATION_TABLE,75c3581ec5b1933f41c91b02009716a1df9d946b72064fd35943323f0746b083,,OTHER,,,,,,,,
FIRST_ANCHOR_DESCRIPTIVE_SOURCE_RELATION,H_POLICY,10,pusht,latent_mse,FIXED3_REFIT_MEAN_NOT_ENSEMBLE,0.031203064793411447,99,100,0.01890700072908466,0.04976164886246453,98,H0,-0.003905233069926991,-0.008554364147603796,0.001622086730657652,-0.00921882125723274,0.003523189996642479,UNADJUSTED_POINTWISE,CASE,R4_PUSHT_S1_CROSS_S1_SOURCE_RELATION_TABLE,75c3581ec5b1933f41c91b02009716a1df9d946b72064fd35943323f0746b083,,OTHER,,,,,,,,
FIRST_ANCHOR_DESCRIPTIVE_SOURCE_RELATION,H_POLICY,10,pusht,optimism,H0,-6.913177414005305,98,100,-11.616097069237242,-3.2793414684725737,98,H0,0.0,0.0,0.0,0.0,0.0,UNADJUSTED_POINTWISE,CASE,R4_PUSHT_S1_CROSS_S1_SOURCE_RELATION_TABLE,75c3581ec5b1933f41c91b02009716a1df9d946b72064fd35943323f0746b083,,OTHER,,,,,,,,
FIRST_ANCHOR_DESCRIPTIVE_SOURCE_RELATION,H_POLICY,10,pusht,optimism,REFIT_103201,-5.264543990896206,99,100,-10.065126232587128,-1.6731933453578722,98,H0,1.7141451024684773,-0.24974579919468307,3.647252961019669,-0.2535425531380478,3.9040774940616556,UNADJUSTED_POINTWISE,CASE,R4_PUSHT_S1_CROSS_S1_SOURCE_RELATION_TABLE,75c3581ec5b1933f41c91b02009716a1df9d946b72064fd35943323f0746b083,,OTHER,,,,,,,,
FIRST_ANCHOR_DESCRIPTIVE_SOURCE_RELATION,H_POLICY,10,pusht,optimism,REFIT_103202,-5.021127343579173,99,100,-9.920073247919277,-1.5098305541371548,98,H0,1.953709380967276,-0.14151757785429595,3.998284941595714,0.05663780546424362,4.044331458136902,UNADJUSTED_POINTWISE,CASE,R4_PUSHT_S1_CROSS_S1_SOURCE_RELATION_TABLE,75c3581ec5b1933f41c91b02009716a1df9d946b72064fd35943323f0746b083,,OTHER,,,,,,,,
FIRST_ANCHOR_DESCRIPTIVE_SOURCE_RELATION,H_POLICY,10,pusht,optimism,REFIT_103203,-5.187402412144824,99,100,-9.611278130670991,-1.7872943533658996,98,H0,1.8083980975507874,-0.07955664240746285,3.7590865590343543,-0.1533841370307292,3.924315252612235,UNADJUSTED_POINTWISE,CASE,R4_PUSHT_S1_CROSS_S1_SOURCE_RELATION_TABLE,75c3581ec5b1933f41c91b02009716a1df9d946b72064fd35943323f0746b083,,OTHER,,,,,,,,
FIRST_ANCHOR_DESCRIPTIVE_SOURCE_RELATION,H_POLICY,10,pusht,optimism,FIXED3_REFIT_MEAN_NOT_ENSEMBLE,-5.157691248873402,99,100,-9.843211426470013,-1.662145316882316,98,H0,1.8254175269955137,-0.12588586164993154,3.736191932086052,-0.08563655184716312,3.9082935484166126,UNADJUSTED_POINTWISE,CASE,R4_PUSHT_S1_CROSS_S1_SOURCE_RELATION_TABLE,75c3581ec5b1933f41c91b02009716a1df9d946b72064fd35943323f0746b083,,OTHER,,,,,,,,
FIRST_ANCHOR_DESCRIPTIVE_SOURCE_RELATION,H_POLICY,25,pusht,latent_mse,H0,0.25803961170216405,29,100,0.15742522587227764,0.37595094115563743,29,H0,0.0,0.0,0.0,0.0,0.0,UNADJUSTED_POINTWISE,CASE,R4_PUSHT_S1_CROSS_S1_SOURCE_RELATION_TABLE,75c3581ec5b1933f41c91b02009716a1df9d946b72064fd35943323f0746b083,,OTHER,,,,,,,,
FIRST_ANCHOR_DESCRIPTIVE_SOURCE_RELATION,H_POLICY,25,pusht,latent_mse,REFIT_103201,0.18372059280375894,49,100,0.12551901805620938,0.2529382968296718,28,H0,-0.030655611769318403,-0.08817025506351558,0.015407383974390404,-0.0952800744682567,0.022525697961967947,UNADJUSTED_POINTWISE,CASE,R4_PUSHT_S1_CROSS_S1_SOURCE_RELATION_TABLE,75c3581ec5b1933f41c91b02009716a1df9d946b72064fd35943323f0746b083,,OTHER,,,,,,,,
FIRST_ANCHOR_DESCRIPTIVE_SOURCE_RELATION,H_POLICY,25,pusht,latent_mse,REFIT_103202,0.1879800041516622,50,100,0.12621380766029447,0.26105478674711263,29,H0,-0.02656148306640058,-0.07856959332119522,0.016706989615728758,-0.08413092258003113,0.02297682615582799,UNADJUSTED_POINTWISE,CASE,R4_PUSHT_S1_CROSS_S1_SOURCE_RELATION_TABLE,75c3581ec5b1933f41c91b02009716a1df9d946b72064fd35943323f0746b083,,OTHER,,,,,,,,
FIRST_ANCHOR_DESCRIPTIVE_SOURCE_RELATION,H_POLICY,25,pusht,latent_mse,REFIT_103203,0.19181460779530152,47,100,0.13209681000673767,0.26216386926507773,26,H0,-0.03640428163970892,-0.09660092538471021,0.010165916339716028,-0.10040099556845697,0.0191274849232286,UNADJUSTED_POINTWISE,CASE,R4_PUSHT_S1_CROSS_S1_SOURCE_RELATION_TABLE,75c3581ec5b1933f41c91b02009716a1df9d946b72064fd35943323f0746b083,,OTHER,,,,,,,,
FIRST_ANCHOR_DESCRIPTIVE_SOURCE_RELATION,H_POLICY,25,pusht,latent_mse,FIXED3_REFIT_MEAN_NOT_ENSEMBLE,0.192022628050212,46,100,0.12903125214844194,0.26648912479416753,25,H0,-0.03302067293371592,-0.0935141686655762,0.015717996173241915,-0.09853073815238249,0.02498034951989769,UNADJUSTED_POINTWISE,CASE,R4_PUSHT_S1_CROSS_S1_SOURCE_RELATION_TABLE,75c3581ec5b1933f41c91b02009716a1df9d946b72064fd35943323f0746b083,,OTHER,,,,,,,,
FIRST_ANCHOR_DESCRIPTIVE_SOURCE_RELATION,H_POLICY,25,pusht,optimism,H0,-36.6927581210246,29,100,-60.628527367409966,-17.12885659745999,29,H0,0.0,0.0,0.0,0.0,0.0,UNADJUSTED_POINTWISE,CASE,R4_PUSHT_S1_CROSS_S1_SOURCE_RELATION_TABLE,75c3581ec5b1933f41c91b02009716a1df9d946b72064fd35943323f0746b083,,OTHER,,,,,,,,
FIRST_ANCHOR_DESCRIPTIVE_SOURCE_RELATION,H_POLICY,25,pusht,optimism,REFIT_103201,-38.63479275869675,49,100,-54.45134749086021,-24.763609146812627,28,H0,-6.9232060096803165,-14.629171477766201,3.5687924246453946,-14.563314327740517,3.2584727398242963,UNADJUSTED_POINTWISE,CASE,R4_PUSHT_S1_CROSS_S1_SOURCE_RELATION_TABLE,75c3581ec5b1933f41c91b02009716a1df9d946b72064fd35943323f0746b083,,OTHER,,,,,,,,
FIRST_ANCHOR_DESCRIPTIVE_SOURCE_RELATION,H_POLICY,25,pusht,optimism,REFIT_103202,-40.241245863040284,50,100,-56.844116011846296,-25.65717770002057,29,H0,-9.279243225338814,-15.815540919128136,-1.2768074012457886,-15.812489501208553,-1.7430348340521242,UNADJUSTED_POINTWISE,CASE,R4_PUSHT_S1_CROSS_S1_SOURCE_RELATION_TABLE,75c3581ec5b1933f41c91b02009716a1df9d946b72064fd35943323f0746b083,,OTHER,,,,,,,,
FIRST_ANCHOR_DESCRIPTIVE_SOURCE_RELATION,H_POLICY,25,pusht,optimism,REFIT_103203,-40.215564632246675,47,100,-56.67846053134242,-25.745712833055055,26,H0,-4.929790162887328,-13.368928601025706,6.420484263611762,-13.268434584685751,5.754465507418877,UNADJUSTED_POINTWISE,CASE,R4_PUSHT_S1_CROSS_S1_SOURCE_RELATION_TABLE,75c3581ec5b1933f41c91b02009716a1df9d946b72064fd35943323f0746b083,,OTHER,,,,,,,,
FIRST_ANCHOR_DESCRIPTIVE_SOURCE_RELATION,H_POLICY,25,pusht,optimism,FIXED3_REFIT_MEAN_NOT_ENSEMBLE,-40.88729240259398,46,100,-57.82264322020602,-26.003999815113094,25,H0,-6.728535936276119,-14.531140029047826,3.9795215496540375,-14.634035372928707,3.2102612646680653,UNADJUSTED_POINTWISE,CASE,R4_PUSHT_S1_CROSS_S1_SOURCE_RELATION_TABLE,75c3581ec5b1933f41c91b02009716a1df9d946b72064fd35943323f0746b083,,OTHER,,,,,,,,
FIRST_ANCHOR_DESCRIPTIVE_SOURCE_RELATION,H_POLICY,5,pusht,latent_mse,H0,0.01934974369437744,100,100,0.015438706970113947,0.023969775577133985,100,H0,0.0,0.0,0.0,0.0,0.0,UNADJUSTED_POINTWISE,CASE,R4_PUSHT_S1_CROSS_S1_SOURCE_RELATION_TABLE,75c3581ec5b1933f41c91b02009716a1df9d946b72064fd35943323f0746b083,,OTHER,,,,,,,,
FIRST_ANCHOR_DESCRIPTIVE_SOURCE_RELATION,H_POLICY,5,pusht,latent_mse,REFIT_103201,0.018339616142523787,100,100,0.0124489015234091,0.02701112613861914,100,H0,-0.001010127551853657,-0.004898888239171355,0.004918476313119751,-0.0047715285391064215,0.004937453656086284,UNADJUSTED_POINTWISE,CASE,R4_PUSHT_S1_CROSS_S1_SOURCE_RELATION_TABLE,75c3581ec5b1933f41c91b02009716a1df9d946b72064fd35943323f0746b083,,OTHER,,,,,,,,
FIRST_ANCHOR_DESCRIPTIVE_SOURCE_RELATION,H_POLICY,5,pusht,latent_mse,REFIT_103202,0.01644628824472117,100,100,0.01252153401071943,0.021392131738442306,100,H0,-0.0029034554496562737,-0.004992387373989914,-0.0007121529612923071,-0.004817531575306562,-0.0009345227403532996,UNADJUSTED_POINTWISE,CASE,R4_PUSHT_S1_CROSS_S1_SOURCE_RELATION_TABLE,75c3581ec5b1933f41c91b02009716a1df9d946b72064fd35943323f0746b083,,OTHER,,,,,,,,
FIRST_ANCHOR_DESCRIPTIVE_SOURCE_RELATION,H_POLICY,5,pusht,latent_mse,REFIT_103203,0.016477014718887704,100,100,0.012272997870401014,0.022112279944568092,100,H0,-0.0028727289754897356,-0.005623550885531585,0.0002612085865694095,-0.00527231500677072,-0.00020664248951953753,UNADJUSTED_POINTWISE,CASE,R4_PUSHT_S1_CROSS_S1_SOURCE_RELATION_TABLE,75c3581ec5b1933f41c91b02009716a1df9d946b72064fd35943323f0746b083,,OTHER,,,,,,,,
FIRST_ANCHOR_DESCRIPTIVE_SOURCE_RELATION,H_POLICY,5,pusht,latent_mse,FIXED3_REFIT_MEAN_NOT_ENSEMBLE,0.017087639702044223,100,100,0.012442832925350455,0.02340496901750642,100,H0,-0.002262103992333222,-0.005085696858163121,0.0014369195831984843,-0.004826407522419467,0.0011175338145798072,UNADJUSTED_POINTWISE,CASE,R4_PUSHT_S1_CROSS_S1_SOURCE_RELATION_TABLE,75c3581ec5b1933f41c91b02009716a1df9d946b72064fd35943323f0746b083,,OTHER,,,,,,,,
FIRST_ANCHOR_DESCRIPTIVE_SOURCE_RELATION,H_POLICY,5,pusht,optimism,H0,-2.1478716786702474,100,100,-4.475646830479303,-0.0109741760889723,100,H0,0.0,0.0,0.0,0.0,0.0,UNADJUSTED_POINTWISE,CASE,R4_PUSHT_S1_CROSS_S1_SOURCE_RELATION_TABLE,75c3581ec5b1933f41c91b02009716a1df9d946b72064fd35943323f0746b083,,OTHER,,,,,,,,
FIRST_ANCHOR_DESCRIPTIVE_SOURCE_RELATION,H_POLICY,5,pusht,optimism,REFIT_103201,-1.5996637280782062,100,100,-4.220658229668934,0.6374921662012718,100,H0,0.5482079505920412,-1.0943312421639755,2.1759591910839076,-1.219243109518659,2.298945843916899,UNADJUSTED_POINTWISE,CASE,R4_PUSHT_S1_CROSS_S1_SOURCE_RELATION_TABLE,75c3581ec5b1933f41c91b02009716a1df9d946b72064fd35943323f0746b083,,OTHER,,,,,,,,
FIRST_ANCHOR_DESCRIPTIVE_SOURCE_RELATION,H_POLICY,5,pusht,optimism,REFIT_103202,-0.6495264720916748,100,100,-2.7159145247936265,1.2078422307968137,100,H0,1.4983452065785727,-0.1537902548313142,3.152181114435196,0.1366579521644724,3.0893476540100537,UNADJUSTED_POINTWISE,CASE,R4_PUSHT_S1_CROSS_S1_SOURCE_RELATION_TABLE,75c3581ec5b1933f41c91b02009716a1df9d946b72064fd35943323f0746b083,,OTHER,,,,,,,,
FIRST_ANCHOR_DESCRIPTIVE_SOURCE_RELATION,H_POLICY,5,pusht,optimism,REFIT_103203,-1.100333299636841,100,100,-3.1077615890502925,0.7303234278360996,100,H0,1.0475383790334067,-0.5059377226829527,2.544658691326777,-0.3671027106303793,2.6084326574812122,UNADJUSTED_POINTWISE,CASE,R4_PUSHT_S1_CROSS_S1_SOURCE_RELATION_TABLE,75c3581ec5b1933f41c91b02009716a1df9d946b72064fd35943323f0746b083,,OTHER,,,,,,,,
FIRST_ANCHOR_DESCRIPTIVE_SOURCE_RELATION,H_POLICY,5,pusht,optimism,FIXED3_REFIT_MEAN_NOT_ENSEMBLE,-1.116507833268907,100,100,-3.3198661144044666,0.8594003747304266,100,H0,1.03136384540134,-0.5248106159369151,2.5407076915899913,-0.3614771351462856,2.600342597518035,UNADJUSTED_POINTWISE,CASE,R4_PUSHT_S1_CROSS_S1_SOURCE_RELATION_TABLE,75c3581ec5b1933f41c91b02009716a1df9d946b72064fd35943323f0746b083,,OTHER,,,,,,,,
FIRST_ANCHOR_DESCRIPTIVE_SOURCE_RELATION,H_POLICY,10,pusht,latent_mse,H0,0.03284187407957183,99,100,0.021749917614335208,0.0503936329774201,99,H0,0.0,0.0,0.0,0.0,0.0,UNADJUSTED_POINTWISE,CASE,R4_PUSHT_S1_CROSS_S1_SOURCE_RELATION_TABLE,75c3581ec5b1933f41c91b02009716a1df9d946b72064fd35943323f0746b083,,OWN,,,,,,,,
FIRST_ANCHOR_DESCRIPTIVE_SOURCE_RELATION,H_POLICY,10,pusht,latent_mse,REFIT_103201,0.027521888007565092,96,100,0.01768868528754801,0.04413981907907517,96,H0,-0.005078812983507912,-0.009939639088625472,-0.0004188574687907343,-0.009572067773321877,-0.0008141659613217332,UNADJUSTED_POINTWISE,CASE,R4_PUSHT_S1_CROSS_S1_SOURCE_RELATION_TABLE,75c3581ec5b1933f41c91b02009716a1df9d946b72064fd35943323f0746b083,,OWN,,,,,,,,
FIRST_ANCHOR_DESCRIPTIVE_SOURCE_RELATION,H_POLICY,10,pusht,latent_mse,REFIT_103202,0.03280209307078771,97,100,0.018673627830314305,0.0526126785759973,97,H0,-0.00013656671562222475,-0.012417227244067188,0.016555676288008962,-0.007680732935100552,0.010257715085030435,UNADJUSTED_POINTWISE,CASE,R4_PUSHT_S1_CROSS_S1_SOURCE_RELATION_TABLE,75c3581ec5b1933f41c91b02009716a1df9d946b72064fd35943323f0746b083,,OWN,,,,,,,,
FIRST_ANCHOR_DESCRIPTIVE_SOURCE_RELATION,H_POLICY,10,pusht,latent_mse,REFIT_103203,0.035333407819559126,97,100,0.019066943207085577,0.059394897637173844,97,H0,0.002082802976971281,-0.007046729128017921,0.014031859019948268,-0.008516520115956239,0.017650103357414525,UNADJUSTED_POINTWISE,CASE,R4_PUSHT_S1_CROSS_S1_SOURCE_RELATION_TABLE,75c3581ec5b1933f41c91b02009716a1df9d946b72064fd35943323f0746b083,,OWN,,,,,,,,
FIRST_ANCHOR_DESCRIPTIVE_SOURCE_RELATION,H_POLICY,10,pusht,latent_mse,FIXED3_REFIT_MEAN_NOT_ENSEMBLE,0.028039126400427338,95,100,0.018093769880513356,0.04500317892845259,95,H0,-0.004494414470370924,-0.00972645265584422,0.0006448587561867824,-0.009223303219687989,0.00024676140648632823,UNADJUSTED_POINTWISE,CASE,R4_PUSHT_S1_CROSS_S1_SOURCE_RELATION_TABLE,75c3581ec5b1933f41c91b02009716a1df9d946b72064fd35943323f0746b083,,OWN,,,,,,,,
FIRST_ANCHOR_DESCRIPTIVE_SOURCE_RELATION,H_POLICY,10,pusht,optimism,H0,-6.93549773669002,99,100,-11.90277084183693,-3.449513228369372,99,H0,0.0,0.0,0.0,0.0,0.0,UNADJUSTED_POINTWISE,CASE,R4_PUSHT_S1_CROSS_S1_SOURCE_RELATION_TABLE,75c3581ec5b1933f41c91b02009716a1df9d946b72064fd35943323f0746b083,,OWN,,,,,,,,
FIRST_ANCHOR_DESCRIPTIVE_SOURCE_RELATION,H_POLICY,10,pusht,optimism,REFIT_103201,-5.187265286842982,96,100,-9.585525296199906,-1.9653229930121277,96,H0,1.8172420958677928,-0.3815216979708801,4.027041456381546,0.3931415890508668,3.2986002470799556,UNADJUSTED_POINTWISE,CASE,R4_PUSHT_S1_CROSS_S1_SOURCE_RELATION_TABLE,75c3581ec5b1933f41c91b02009716a1df9d946b72064fd35943323f0746b083,,OWN,,,,,,,,
FIRST_ANCHOR_DESCRIPTIVE_SOURCE_RELATION,H_POLICY,10,pusht,optimism,REFIT_103202,-5.566940130646696,97,100,-10.338046218685268,-1.7701674091319257,97,H0,1.2955396101646817,-3.019397381860383,4.980531757386536,-1.432973845839821,3.539449145358018,UNADJUSTED_POINTWISE,CASE,R4_PUSHT_S1_CROSS_S1_SOURCE_RELATION_TABLE,75c3581ec5b1933f41c91b02009716a1df9d946b72064fd35943323f0746b083,,OWN,,,,,,,,
FIRST_ANCHOR_DESCRIPTIVE_SOURCE_RELATION,H_POLICY,10,pusht,optimism,REFIT_103203,-6.6198444464772015,97,100,-12.457972975735812,-2.298360590140026,97,H0,0.2948103835902263,-3.118758255939295,3.1600039394230257,-3.813326916544061,3.363520220405176,UNADJUSTED_POINTWISE,CASE,R4_PUSHT_S1_CROSS_S1_SOURCE_RELATION_TABLE,75c3581ec5b1933f41c91b02009716a1df9d946b72064fd35943323f0746b083,,OWN,,,,,,,,
FIRST_ANCHOR_DESCRIPTIVE_SOURCE_RELATION,H_POLICY,10,pusht,optimism,FIXED3_REFIT_MEAN_NOT_ENSEMBLE,-5.016866677267509,95,100,-9.552442463051504,-1.8544446125906755,95,H0,1.942420685082151,-0.18187776529197144,4.0665339075400535,0.5120237577903576,3.370435838800188,UNADJUSTED_POINTWISE,CASE,R4_PUSHT_S1_CROSS_S1_SOURCE_RELATION_TABLE,75c3581ec5b1933f41c91b02009716a1df9d946b72064fd35943323f0746b083,,OWN,,,,,,,,
FIRST_ANCHOR_DESCRIPTIVE_SOURCE_RELATION,H_POLICY,25,pusht,latent_mse,H0,0.28236188837844467,36,100,0.17737571797135504,0.40253260649723915,36,H0,0.0,0.0,0.0,0.0,0.0,UNADJUSTED_POINTWISE,CASE,R4_PUSHT_S1_CROSS_S1_SOURCE_RELATION_TABLE,75c3581ec5b1933f41c91b02009716a1df9d946b72064fd35943323f0746b083,,OWN,,,,,,,,
FIRST_ANCHOR_DESCRIPTIVE_SOURCE_RELATION,H_POLICY,25,pusht,latent_mse,REFIT_103201,0.30936069943402944,19,100,0.1711660623266969,0.4704524127766488,12,H0,-0.007802465620140235,-0.17494968095912583,0.2219023749343163,-0.1904022834263742,0.18442627604459744,UNADJUSTED_POINTWISE,CASE,R4_PUSHT_S1_CROSS_S1_SOURCE_RELATION_TABLE,75c3581ec5b1933f41c91b02009716a1df9d946b72064fd35943323f0746b083,,OWN,,,,,,,,
FIRST_ANCHOR_DESCRIPTIVE_SOURCE_RELATION,H_POLICY,25,pusht,latent_mse,REFIT_103202,0.24606980703538284,16,100,0.15257163312088584,0.35820023751579533,9,H0,-0.17976449864606062,-0.3278626950783655,-0.04734827081362406,-0.32743406277874276,-0.04381847913850048,UNADJUSTED_POINTWISE,CASE,R4_PUSHT_S1_CROSS_S1_SOURCE_RELATION_TABLE,75c3581ec5b1933f41c91b02009716a1df9d946b72064fd35943323f0746b083,,OWN,,,,,,,,
FIRST_ANCHOR_DESCRIPTIVE_SOURCE_RELATION,H_POLICY,25,pusht,latent_mse,REFIT_103203,0.270837766601919,26,100,0.15880922708801398,0.4071921543658922,13,H0,0.016027517903309602,-0.12602978563782843,0.2114816812171529,-0.1406254168995656,0.17060668747872113,UNADJUSTED_POINTWISE,CASE,R4_PUSHT_S1_CROSS_S1_SOURCE_RELATION_TABLE,75c3581ec5b1933f41c91b02009716a1df9d946b72064fd35943323f0746b083,,OWN,,,,,,,,
FIRST_ANCHOR_DESCRIPTIVE_SOURCE_RELATION,H_POLICY,25,pusht,latent_mse,FIXED3_REFIT_MEAN_NOT_ENSEMBLE,0.3340303343579624,11,100,0.170942470311032,0.5438905565068124,8,H0,-0.11957681970670819,-0.2431646740557908,-0.012511702623063175,-0.24134833834444483,-0.010702852846034686,UNADJUSTED_POINTWISE,CASE,R4_PUSHT_S1_CROSS_S1_SOURCE_RELATION_TABLE,75c3581ec5b1933f41c91b02009716a1df9d946b72064fd35943323f0746b083,,OWN,,,,,,,,
FIRST_ANCHOR_DESCRIPTIVE_SOURCE_RELATION,H_POLICY,25,pusht,optimism,H0,-52.62622535559866,36,100,-76.7593239006427,-31.248716670837492,36,H0,0.0,0.0,0.0,0.0,0.0,UNADJUSTED_POINTWISE,CASE,R4_PUSHT_S1_CROSS_S1_SOURCE_RELATION_TABLE,75c3581ec5b1933f41c91b02009716a1df9d946b72064fd35943323f0746b083,,OWN,,,,,,,,
FIRST_ANCHOR_DESCRIPTIVE_SOURCE_RELATION,H_POLICY,25,pusht,optimism,REFIT_103201,-61.58293690022669,19,100,-94.81843995278827,-32.2938608481549,12,H0,-0.3286423037449519,-47.26702669262886,37.1301707288457,-40.9589883238303,40.14376200692521,UNADJUSTED_POINTWISE,CASE,R4_PUSHT_S1_CROSS_S1_SOURCE_RELATION_TABLE,75c3581ec5b1933f41c91b02009716a1df9d946b72064fd35943323f0746b083,,OWN,,,,,,,,
FIRST_ANCHOR_DESCRIPTIVE_SOURCE_RELATION,H_POLICY,25,pusht,optimism,REFIT_103202,-48.492476895451546,16,100,-74.71370124773847,-25.95467700452397,9,H0,33.030009898874496,5.865321917831898,66.53889519553623,5.812156012902658,65.87663552420472,UNADJUSTED_POINTWISE,CASE,R4_PUSHT_S1_CROSS_S1_SOURCE_RELATION_TABLE,75c3581ec5b1933f41c91b02009716a1df9d946b72064fd35943323f0746b083,,OWN,,,,,,,,
FIRST_ANCHOR_DESCRIPTIVE_SOURCE_RELATION,H_POLICY,25,pusht,optimism,REFIT_103203,-53.44989330493487,26,100,-81.17252370185503,-29.518635804776764,13,H0,-7.303239776537969,-47.9027944044063,20.0144329882585,-40.07577054177722,23.13186699334118,UNADJUSTED_POINTWISE,CASE,R4_PUSHT_S1_CROSS_S1_SOURCE_RELATION_TABLE,75c3581ec5b1933f41c91b02009716a1df9d946b72064fd35943323f0746b083,,OWN,,,,,,,,
FIRST_ANCHOR_DESCRIPTIVE_SOURCE_RELATION,H_POLICY,25,pusht,optimism,FIXED3_REFIT_MEAN_NOT_ENSEMBLE,-69.68121060096856,11,100,-112.35777689094668,-33.20029429274077,8,H0,20.95507923265298,0.24077693621317553,49.008660712781406,0.1451544287800791,47.34772067274365,UNADJUSTED_POINTWISE,CASE,R4_PUSHT_S1_CROSS_S1_SOURCE_RELATION_TABLE,75c3581ec5b1933f41c91b02009716a1df9d946b72064fd35943323f0746b083,,OWN,,,,,,,,
FIRST_ANCHOR_DESCRIPTIVE_SOURCE_RELATION,H_POLICY,5,pusht,latent_mse,H0,0.014944487137254327,100,100,0.011808875387185253,0.018563513440312814,100,H0,0.0,0.0,0.0,0.0,0.0,UNADJUSTED_POINTWISE,CASE,R4_PUSHT_S1_CROSS_S1_SOURCE_RELATION_TABLE,75c3581ec5b1933f41c91b02009716a1df9d946b72064fd35943323f0746b083,,OWN,,,,,,,,
FIRST_ANCHOR_DESCRIPTIVE_SOURCE_RELATION,H_POLICY,5,pusht,latent_mse,REFIT_103201,0.01515665820101276,100,100,0.01198679726064438,0.019179285746009554,100,H0,0.00021217106375843287,-0.0030298822363838554,0.003717059088754464,-0.0028644273638955735,0.0031247312247287477,UNADJUSTED_POINTWISE,CASE,R4_PUSHT_S1_CROSS_S1_SOURCE_RELATION_TABLE,75c3581ec5b1933f41c91b02009716a1df9d946b72064fd35943323f0746b083,,OWN,,,,,,,,
FIRST_ANCHOR_DESCRIPTIVE_SOURCE_RELATION,H_POLICY,5,pusht,latent_mse,REFIT_103202,0.02064274952048436,100,100,0.012740118816960603,0.033422390008228824,100,H0,0.00569826238323003,-0.001831838293117471,0.01747715652239275,-0.0022568789909313868,0.01887912617166485,UNADJUSTED_POINTWISE,CASE,R4_PUSHT_S1_CROSS_S1_SOURCE_RELATION_TABLE,75c3581ec5b1933f41c91b02009716a1df9d946b72064fd35943323f0746b083,,OWN,,,,,,,,
FIRST_ANCHOR_DESCRIPTIVE_SOURCE_RELATION,H_POLICY,5,pusht,latent_mse,REFIT_103203,0.02046640107408166,100,100,0.01290054132923251,0.031369732298015145,100,H0,0.005521913936827332,-0.0015599547683959826,0.015204819406149891,-0.0025379012623387904,0.018428441271643028,UNADJUSTED_POINTWISE,CASE,R4_PUSHT_S1_CROSS_S1_SOURCE_RELATION_TABLE,75c3581ec5b1933f41c91b02009716a1df9d946b72064fd35943323f0746b083,,OWN,,,,,,,,
FIRST_ANCHOR_DESCRIPTIVE_SOURCE_RELATION,H_POLICY,5,pusht,latent_mse,FIXED3_REFIT_MEAN_NOT_ENSEMBLE,0.01875526959852626,100,100,0.012919915149531638,0.02717777733246718,100,H0,0.0038107824612719316,-0.0016394455766033697,0.011109010970316973,-0.0023009336670305855,0.013185243021534345,UNADJUSTED_POINTWISE,CASE,R4_PUSHT_S1_CROSS_S1_SOURCE_RELATION_TABLE,75c3581ec5b1933f41c91b02009716a1df9d946b72064fd35943323f0746b083,,OWN,,,,,,,,
FIRST_ANCHOR_DESCRIPTIVE_SOURCE_RELATION,H_POLICY,5,pusht,optimism,H0,-1.9115106964111328,100,100,-3.6633690700531005,-0.2223300781250014,100,H0,0.0,0.0,0.0,0.0,0.0,UNADJUSTED_POINTWISE,CASE,R4_PUSHT_S1_CROSS_S1_SOURCE_RELATION_TABLE,75c3581ec5b1933f41c91b02009716a1df9d946b72064fd35943323f0746b083,,OWN,,,,,,,,
FIRST_ANCHOR_DESCRIPTIVE_SOURCE_RELATION,H_POLICY,5,pusht,optimism,REFIT_103201,-0.3703627586364746,100,100,-2.433677523136139,1.4299201216697688,100,H0,1.5411479377746582,-0.09027967739105225,3.2138580250740025,-0.11478860167419018,3.2025371949536363,UNADJUSTED_POINTWISE,CASE,R4_PUSHT_S1_CROSS_S1_SOURCE_RELATION_TABLE,75c3581ec5b1933f41c91b02009716a1df9d946b72064fd35943323f0746b083,,OWN,,,,,,,,
FIRST_ANCHOR_DESCRIPTIVE_SOURCE_RELATION,H_POLICY,5,pusht,optimism,REFIT_103202,-2.0900803565979005,100,100,-5.94091038608551,0.7572716741561882,100,H0,-0.17856966018676756,-4.407152377128601,2.774227711677549,-4.429710274736896,2.750134190226188,UNADJUSTED_POINTWISE,CASE,R4_PUSHT_S1_CROSS_S1_SOURCE_RELATION_TABLE,75c3581ec5b1933f41c91b02009716a1df9d946b72064fd35943323f0746b083,,OWN,,,,,,,,
FIRST_ANCHOR_DESCRIPTIVE_SOURCE_RELATION,H_POLICY,5,pusht,optimism,REFIT_103203,-2.343185377120972,100,100,-5.934764858007431,0.6510902769565556,100,H0,-0.4316746807098389,-4.141526085615158,2.5268879129886623,-5.203027308871274,2.669738571124501,UNADJUSTED_POINTWISE,CASE,R4_PUSHT_S1_CROSS_S1_SOURCE_RELATION_TABLE,75c3581ec5b1933f41c91b02009716a1df9d946b72064fd35943323f0746b083,,OWN,,,,,,,,
FIRST_ANCHOR_DESCRIPTIVE_SOURCE_RELATION,H_POLICY,5,pusht,optimism,FIXED3_REFIT_MEAN_NOT_ENSEMBLE,-1.6012094974517823,100,100,-4.34974574549993,0.7092875970204671,100,H0,0.31030119895935077,-2.595242112080257,2.642822821776072,-3.063810242542955,2.7042303264915386,UNADJUSTED_POINTWISE,CASE,R4_PUSHT_S1_CROSS_S1_SOURCE_RELATION_TABLE,75c3581ec5b1933f41c91b02009716a1df9d946b72064fd35943323f0746b083,,OWN,,,,,,,,
INITIAL_FIXED64,,,pusht,D_total,H0,0.5024489711964661,100,100,0.4192182517502796,0.592242128508483,100,H0,0.0,0.0,0.0,0.0,0.0,UNADJUSTED_POINTWISE,CASE,R4_PUSHT_S2_S2_MAIN_TABLE,ba7e062dab2bf49f0f78678e72509bb56beea8ad359075671ab89ca13cd3eef9,,,ANYTIME,,,,,,,
INITIAL_FIXED64,,,pusht,D_total,REFIT_103201,0.38499902114796974,100,100,0.31366207216204195,0.46577774811051137,100,H0,-0.11744995004849634,-0.21521403099210684,-0.022158607014809022,-0.2140018038379175,-0.02437783327178123,UNADJUSTED_POINTWISE,CASE,R4_PUSHT_S2_S2_MAIN_TABLE,ba7e062dab2bf49f0f78678e72509bb56beea8ad359075671ab89ca13cd3eef9,,,ANYTIME,,,,,,,
INITIAL_FIXED64,,,pusht,D_total,REFIT_103202,0.33487498976186925,100,100,0.28248004823069384,0.3922716614865784,100,H0,-0.1675739814345967,-0.25792310078081815,-0.08440949071051985,-0.25302566460793324,-0.0847450364185837,UNADJUSTED_POINTWISE,CASE,R4_PUSHT_S2_S2_MAIN_TABLE,ba7e062dab2bf49f0f78678e72509bb56beea8ad359075671ab89ca13cd3eef9,,,ANYTIME,,,,,,,
INITIAL_FIXED64,,,pusht,D_total,REFIT_103203,0.3806664399874428,100,100,0.3143448948984951,0.45834175380979303,100,H0,-0.12178253120902319,-0.2133097830315889,-0.032704008937300084,-0.2087418037553948,-0.039730307554954165,UNADJUSTED_POINTWISE,CASE,R4_PUSHT_S2_S2_MAIN_TABLE,ba7e062dab2bf49f0f78678e72509bb56beea8ad359075671ab89ca13cd3eef9,,,ANYTIME,,,,,,,
INITIAL_FIXED64,,,pusht,D_total,FIXED3_REFIT_MEAN_NOT_ENSEMBLE,0.36684681696576066,100,100,0.30709033132692926,0.4333296090665937,100,H0,-0.1356021542307054,-0.22607618126258996,-0.05003847975223306,-0.22179094914023934,-0.0532019478478103,UNADJUSTED_POINTWISE,CASE,R4_PUSHT_S2_S2_MAIN_TABLE,ba7e062dab2bf49f0f78678e72509bb56beea8ad359075671ab89ca13cd3eef9,,,ANYTIME,,,,,,,
INITIAL_FIXED64,,,pusht,D_goal,H0,0.10814876695554355,100,100,0.08516923145008469,0.13236135582716307,100,H0,0.0,0.0,0.0,0.0,0.0,UNADJUSTED_POINTWISE,CASE,R4_PUSHT_S2_S2_MAIN_TABLE,ba7e062dab2bf49f0f78678e72509bb56beea8ad359075671ab89ca13cd3eef9,,,ANYTIME,,,,,,,
INITIAL_FIXED64,,,pusht,D_goal,REFIT_103201,0.10814876695554355,100,100,0.08516923145008469,0.13236135582716307,100,H0,0.0,0.0,0.0,0.0,0.0,UNADJUSTED_POINTWISE,CASE,R4_PUSHT_S2_S2_MAIN_TABLE,ba7e062dab2bf49f0f78678e72509bb56beea8ad359075671ab89ca13cd3eef9,,,ANYTIME,,,,,,,
INITIAL_FIXED64,,,pusht,D_goal,REFIT_103202,0.10814876695554355,100,100,0.08516923145008469,0.13236135582716307,100,H0,0.0,0.0,0.0,0.0,0.0,UNADJUSTED_POINTWISE,CASE,R4_PUSHT_S2_S2_MAIN_TABLE,ba7e062dab2bf49f0f78678e72509bb56beea8ad359075671ab89ca13cd3eef9,,,ANYTIME,,,,,,,
INITIAL_FIXED64,,,pusht,D_goal,REFIT_103203,0.10814876695554355,100,100,0.08516923145008469,0.13236135582716307,100,H0,0.0,0.0,0.0,0.0,0.0,UNADJUSTED_POINTWISE,CASE,R4_PUSHT_S2_S2_MAIN_TABLE,ba7e062dab2bf49f0f78678e72509bb56beea8ad359075671ab89ca13cd3eef9,,,ANYTIME,,,,,,,
INITIAL_FIXED64,,,pusht,D_goal,FIXED3_REFIT_MEAN_NOT_ENSEMBLE,0.10814876695554355,100,100,0.08516923145008469,0.13236135582716307,100,H0,-4.163336342344337e-19,-2.220446049250313e-18,1.1102230246251566e-18,-1.942890293094024e-18,7.080503983578805e-19,UNADJUSTED_POINTWISE,CASE,R4_PUSHT_S2_S2_MAIN_TABLE,ba7e062dab2bf49f0f78678e72509bb56beea8ad359075671ab89ca13cd3eef9,,,ANYTIME,,,,,,,
INITIAL_FIXED64,,,pusht,D_model_signed,H0,0.39430020424092255,100,100,0.30619722365481616,0.48774213588827897,100,H0,0.0,0.0,0.0,0.0,0.0,UNADJUSTED_POINTWISE,CASE,R4_PUSHT_S2_S2_MAIN_TABLE,ba7e062dab2bf49f0f78678e72509bb56beea8ad359075671ab89ca13cd3eef9,,,ANYTIME,,,,,,,
INITIAL_FIXED64,,,pusht,D_model_signed,REFIT_103201,0.2768502541924262,100,100,0.19682760219958495,0.3644257314338818,100,H0,-0.11744995004849634,-0.21521403099210681,-0.022158607014809033,-0.2140018038379175,-0.024377833271781238,UNADJUSTED_POINTWISE,CASE,R4_PUSHT_S2_S2_MAIN_TABLE,ba7e062dab2bf49f0f78678e72509bb56beea8ad359075671ab89ca13cd3eef9,,,ANYTIME,,,,,,,
INITIAL_FIXED64,,,pusht,D_model_signed,REFIT_103202,0.22672622280632573,100,100,0.16621057215336146,0.292963496928526,100,H0,-0.16757398143459676,-0.25792310078081815,-0.08440949071051985,-0.25302566460793324,-0.08474503641858375,UNADJUSTED_POINTWISE,CASE,R4_PUSHT_S2_S2_MAIN_TABLE,ba7e062dab2bf49f0f78678e72509bb56beea8ad359075671ab89ca13cd3eef9,,,ANYTIME,,,,,,,
INITIAL_FIXED64,,,pusht,D_model_signed,REFIT_103203,0.2725176730318994,100,100,0.2006872444590511,0.3554555375245928,100,H0,-0.12178253120902319,-0.2133097830315889,-0.032704008937300084,-0.2087418037553948,-0.039730307554954165,UNADJUSTED_POINTWISE,CASE,R4_PUSHT_S2_S2_MAIN_TABLE,ba7e062dab2bf49f0f78678e72509bb56beea8ad359075671ab89ca13cd3eef9,,,ANYTIME,,,,,,,
INITIAL_FIXED64,,,pusht,D_model_signed,FIXED3_REFIT_MEAN_NOT_ENSEMBLE,0.2586980500102171,100,100,0.19188855178538564,0.33359920022156786,100,H0,-0.13560215423070543,-0.22607618126258996,-0.05003847975223306,-0.22179094914023934,-0.05320194784781028,UNADJUSTED_POINTWISE,CASE,R4_PUSHT_S2_S2_MAIN_TABLE,ba7e062dab2bf49f0f78678e72509bb56beea8ad359075671ab89ca13cd3eef9,,,ANYTIME,,,,,,,
INITIAL_FIXED64,,,pusht,latent_finite_menu_loss,H0,24.8682595384866,100,100,16.19901884007454,34.59710583595931,100,H0,0.0,0.0,0.0,0.0,0.0,UNADJUSTED_POINTWISE,CASE,R4_PUSHT_S2_S2_MAIN_TABLE,ba7e062dab2bf49f0f78678e72509bb56beea8ad359075671ab89ca13cd3eef9,,,ANYTIME,,,,,,,
INITIAL_FIXED64,,,pusht,latent_finite_menu_loss,REFIT_103201,20.533438598886132,100,100,13.48216834301129,29.232223877646017,100,H0,-4.334820939600467,-14.301140866354107,5.496061502903699,-14.576533158311657,5.509578003113792,UNADJUSTED_POINTWISE,CASE,R4_PUSHT_S2_S2_MAIN_TABLE,ba7e062dab2bf49f0f78678e72509bb56beea8ad359075671ab89ca13cd3eef9,,,ANYTIME,,,,,,,
INITIAL_FIXED64,,,pusht,latent_finite_menu_loss,REFIT_103202,15.706066497936845,100,100,10.73806839487329,21.831883613459766,100,H0,-9.162193040549756,-18.27761154130101,-0.5543992213383402,-17.146657328607112,-2.0805326490995073,UNADJUSTED_POINTWISE,CASE,R4_PUSHT_S2_S2_MAIN_TABLE,ba7e062dab2bf49f0f78678e72509bb56beea8ad359075671ab89ca13cd3eef9,,,ANYTIME,,,,,,,
INITIAL_FIXED64,,,pusht,latent_finite_menu_loss,REFIT_103203,18.739355202391742,100,100,11.971973996741697,27.133242719825354,100,H0,-6.128904336094856,-15.347692018926143,3.208891704693436,-15.321359856930824,2.6576117933362844,UNADJUSTED_POINTWISE,CASE,R4_PUSHT_S2_S2_MAIN_TABLE,ba7e062dab2bf49f0f78678e72509bb56beea8ad359075671ab89ca13cd3eef9,,,ANYTIME,,,,,,,
INITIAL_FIXED64,,,pusht,latent_finite_menu_loss,FIXED3_REFIT_MEAN_NOT_ENSEMBLE,18.32628676640491,100,100,12.19955157707197,25.82798637072555,100,H0,-6.541972772081692,-15.795890372122328,2.574494353383774,-15.480145508472928,1.7076436239152957,UNADJUSTED_POINTWISE,CASE,R4_PUSHT_S2_S2_MAIN_TABLE,ba7e062dab2bf49f0f78678e72509bb56beea8ad359075671ab89ca13cd3eef9,,,ANYTIME,,,,,,,
INITIAL_FIXED64,,,pusht,spearman_model_sim_lat,H0,0.7163948176154104,100,100,0.6832499561874076,0.7473230257992767,100,H0,0.0,0.0,0.0,0.0,0.0,UNADJUSTED_POINTWISE,CASE,R4_PUSHT_S2_S2_MAIN_TABLE,ba7e062dab2bf49f0f78678e72509bb56beea8ad359075671ab89ca13cd3eef9,,,ANYTIME,,,,,,,
INITIAL_FIXED64,,,pusht,spearman_model_sim_lat,REFIT_103201,0.7548520632149399,100,100,0.7255570150015448,0.7820545539280582,100,H0,0.03845724559952959,-6.604865795847532e-05,0.07627340859757191,-0.000888933776303984,0.07741577574583802,UNADJUSTED_POINTWISE,CASE,R4_PUSHT_S2_S2_MAIN_TABLE,ba7e062dab2bf49f0f78678e72509bb56beea8ad359075671ab89ca13cd3eef9,,,ANYTIME,,,,,,,
INITIAL_FIXED64,,,pusht,spearman_model_sim_lat,REFIT_103202,0.7593420969700199,100,100,0.7306213433757028,0.7859300461126753,100,H0,0.042947279354609603,0.005319869881119562,0.08012288579578673,0.0048521830882131255,0.08039207488275325,UNADJUSTED_POINTWISE,CASE,R4_PUSHT_S2_S2_MAIN_TABLE,ba7e062dab2bf49f0f78678e72509bb56beea8ad359075671ab89ca13cd3eef9,,,ANYTIME,,,,,,,
INITIAL_FIXED64,,,pusht,spearman_model_sim_lat,REFIT_103203,0.7609828860842492,100,100,0.7308838198524626,0.7881523009718703,100,H0,0.0445880684688389,0.007227045793773189,0.08186561183461262,0.0060216714405303086,0.0820119741412077,UNADJUSTED_POINTWISE,CASE,R4_PUSHT_S2_S2_MAIN_TABLE,ba7e062dab2bf49f0f78678e72509bb56beea8ad359075671ab89ca13cd3eef9,,,ANYTIME,,,,,,,
INITIAL_FIXED64,,,pusht,spearman_model_sim_lat,FIXED3_REFIT_MEAN_NOT_ENSEMBLE,0.758392348756403,100,100,0.7298239969981193,0.7845314907362049,100,H0,0.0419975311409927,0.004686541525855617,0.07875174805060005,0.0035456996104700498,0.07978667476896036,UNADJUSTED_POINTWISE,CASE,R4_PUSHT_S2_S2_MAIN_TABLE,ba7e062dab2bf49f0f78678e72509bb56beea8ad359075671ab89ca13cd3eef9,,,ANYTIME,,,,,,,
INITIAL_FIXED64,,,pusht,pairwise_error_rate,H0,0.21832528870137147,100,100,0.2030664441380015,0.23419459945174706,100,H0,0.0,0.0,0.0,0.0,0.0,UNADJUSTED_POINTWISE,CASE,R4_PUSHT_S2_S2_MAIN_TABLE,ba7e062dab2bf49f0f78678e72509bb56beea8ad359075671ab89ca13cd3eef9,,,ANYTIME,,,,,,,
INITIAL_FIXED64,,,pusht,pairwise_error_rate,REFIT_103201,0.19836568519852427,100,100,0.1846779001453067,0.21282130020746984,100,H0,-0.0199596035028472,-0.03840310307545403,-0.001197698162214753,-0.03918905914765742,-0.0007330696196391704,UNADJUSTED_POINTWISE,CASE,R4_PUSHT_S2_S2_MAIN_TABLE,ba7e062dab2bf49f0f78678e72509bb56beea8ad359075671ab89ca13cd3eef9,,,ANYTIME,,,,,,,
INITIAL_FIXED64,,,pusht,pairwise_error_rate,REFIT_103202,0.19625661339854633,100,100,0.1831786861740477,0.21029474933986506,100,H0,-0.02206867530282507,-0.04027140518055695,-0.003668142683484558,-0.04089218817755862,-0.0032336281232528724,UNADJUSTED_POINTWISE,CASE,R4_PUSHT_S2_S2_MAIN_TABLE,ba7e062dab2bf49f0f78678e72509bb56beea8ad359075671ab89ca13cd3eef9,,,ANYTIME,,,,,,,
INITIAL_FIXED64,,,pusht,pairwise_error_rate,REFIT_103203,0.19507274808131203,100,100,0.1817573633010592,0.20944598503287556,100,H0,-0.023252540620059457,-0.041668440321484077,-0.005056284782033369,-0.04170364544607483,-0.004424485879751425,UNADJUSTED_POINTWISE,CASE,R4_PUSHT_S2_S2_MAIN_TABLE,ba7e062dab2bf49f0f78678e72509bb56beea8ad359075671ab89ca13cd3eef9,,,ANYTIME,,,,,,,
INITIAL_FIXED64,,,pusht,pairwise_error_rate,FIXED3_REFIT_MEAN_NOT_ENSEMBLE,0.19656501555946085,100,100,0.18348840330396265,0.2105272101960218,100,H0,-0.021760273141910577,-0.03986453452191465,-0.0036994926764724106,-0.040428196954540085,-0.0030897997783680526,UNADJUSTED_POINTWISE,CASE,R4_PUSHT_S2_S2_MAIN_TABLE,ba7e062dab2bf49f0f78678e72509bb56beea8ad359075671ab89ca13cd3eef9,,,ANYTIME,,,,,,,
INITIAL_FIXED64,,,pusht,optimism_bias_mean,H0,-17.38038749995525,100,100,-22.672517781257632,-12.81202650236167,100,H0,0.0,0.0,0.0,0.0,0.0,UNADJUSTED_POINTWISE,CASE,R4_PUSHT_S2_S2_MAIN_TABLE,ba7e062dab2bf49f0f78678e72509bb56beea8ad359075671ab89ca13cd3eef9,,,ANYTIME,,,,,,,
INITIAL_FIXED64,,,pusht,optimism_bias_mean,REFIT_103201,-18.04123080451391,100,100,-23.27018799645052,-13.531783748746502,100,H0,-0.6608433045586571,-1.8149455977231264,0.5133395747368907,-1.92627335280363,0.6415954385407618,UNADJUSTED_POINTWISE,CASE,R4_PUSHT_S2_S2_MAIN_TABLE,ba7e062dab2bf49f0f78678e72509bb56beea8ad359075671ab89ca13cd3eef9,,,ANYTIME,,,,,,,
INITIAL_FIXED64,,,pusht,optimism_bias_mean,REFIT_103202,-18.2545720442303,100,100,-23.493245846899516,-13.695043758074055,100,H0,-0.8741845442750491,-2.025905069165281,0.3011628693795638,-2.0958287674144342,0.40164864521738364,UNADJUSTED_POINTWISE,CASE,R4_PUSHT_S2_S2_MAIN_TABLE,ba7e062dab2bf49f0f78678e72509bb56beea8ad359075671ab89ca13cd3eef9,,,ANYTIME,,,,,,,
INITIAL_FIXED64,,,pusht,optimism_bias_mean,REFIT_103203,-18.371899026682367,100,100,-23.63721457614578,-13.827444782075796,100,H0,-0.9915115267271176,-2.1624469249414977,0.2093180863370652,-2.219609078743507,0.3125394314601339,UNADJUSTED_POINTWISE,CASE,R4_PUSHT_S2_S2_MAIN_TABLE,ba7e062dab2bf49f0f78678e72509bb56beea8ad359075671ab89ca13cd3eef9,,,ANYTIME,,,,,,,
INITIAL_FIXED64,,,pusht,optimism_bias_mean,FIXED3_REFIT_MEAN_NOT_ENSEMBLE,-18.222567291808858,100,100,-23.45198211751509,-13.707218844087798,100,H0,-0.842179791853608,-1.981935548870921,0.3436877182963066,-2.0678274430498575,0.4298046865779294,UNADJUSTED_POINTWISE,CASE,R4_PUSHT_S2_S2_MAIN_TABLE,ba7e062dab2bf49f0f78678e72509bb56beea8ad359075671ab89ca13cd3eef9,,,ANYTIME,,,,,,,
INITIAL_FIXED64,,,pusht,goal_cost_abs_error_mean,H0,25.408874332095728,100,100,21.06511441497828,30.486399160190338,100,H0,0.0,0.0,0.0,0.0,0.0,UNADJUSTED_POINTWISE,CASE,R4_PUSHT_S2_S2_MAIN_TABLE,ba7e062dab2bf49f0f78678e72509bb56beea8ad359075671ab89ca13cd3eef9,,,ANYTIME,,,,,,,
INITIAL_FIXED64,,,pusht,goal_cost_abs_error_mean,REFIT_103201,24.349012744413923,100,100,19.868361833045288,29.68715323452634,100,H0,-1.0598615876818076,-2.1334578968320272,-0.07421556960232585,-2.3298916000731076,0.17376516226397273,UNADJUSTED_POINTWISE,CASE,R4_PUSHT_S2_S2_MAIN_TABLE,ba7e062dab2bf49f0f78678e72509bb56beea8ad359075671ab89ca13cd3eef9,,,ANYTIME,,,,,,,
INITIAL_FIXED64,,,pusht,goal_cost_abs_error_mean,REFIT_103202,24.273834859462223,100,100,19.84408570340497,29.49348741225033,100,H0,-1.1350394726335071,-2.141250789390935,-0.1686034517250378,-2.2801675120130063,-0.05443091621658697,UNADJUSTED_POINTWISE,CASE,R4_PUSHT_S2_S2_MAIN_TABLE,ba7e062dab2bf49f0f78678e72509bb56beea8ad359075671ab89ca13cd3eef9,,,ANYTIME,,,,,,,
INITIAL_FIXED64,,,pusht,goal_cost_abs_error_mean,REFIT_103203,24.365632245443994,100,100,19.815895410924856,29.77405521718858,100,H0,-1.043242086651735,-2.141490146138822,0.006449546773685103,-2.269951825029326,0.15778177798971937,UNADJUSTED_POINTWISE,CASE,R4_PUSHT_S2_S2_MAIN_TABLE,ba7e062dab2bf49f0f78678e72509bb56beea8ad359075671ab89ca13cd3eef9,,,ANYTIME,,,,,,,
INITIAL_FIXED64,,,pusht,goal_cost_abs_error_mean,FIXED3_REFIT_MEAN_NOT_ENSEMBLE,24.329493283106714,100,100,19.843300145206744,29.66779430845104,100,H0,-1.0793810489890163,-2.131260518308554,-0.09385624923405693,-2.278552980848873,0.07790538667834539,UNADJUSTED_POINTWISE,CASE,R4_PUSHT_S2_S2_MAIN_TABLE,ba7e062dab2bf49f0f78678e72509bb56beea8ad359075671ab89ca13cd3eef9,,,ANYTIME,,,,,,,
INITIAL_FIXED64,,,pusht,latent_mse_mean,H0,0.137423916781554,100,100,0.1123975420810093,0.1663538598418272,100,H0,0.0,0.0,0.0,0.0,0.0,UNADJUSTED_POINTWISE,CASE,R4_PUSHT_S2_S2_MAIN_TABLE,ba7e062dab2bf49f0f78678e72509bb56beea8ad359075671ab89ca13cd3eef9,,,ANYTIME,,,,,,,
INITIAL_FIXED64,,,pusht,latent_mse_mean,REFIT_103201,0.1121092623210643,100,100,0.08955653434403939,0.13879734542714503,100,H0,-0.02531465446048969,-0.035515712638486546,-0.015857214416481847,-0.035129619368433236,-0.015471771699128275,UNADJUSTED_POINTWISE,CASE,R4_PUSHT_S2_S2_MAIN_TABLE,ba7e062dab2bf49f0f78678e72509bb56beea8ad359075671ab89ca13cd3eef9,,,ANYTIME,,,,,,,
INITIAL_FIXED64,,,pusht,latent_mse_mean,REFIT_103202,0.1095915958135447,100,100,0.0884685428766461,0.13515554123912532,100,H0,-0.0278323209680093,-0.0373709741972034,-0.0191500621895666,-0.03677494720244433,-0.01888369948632226,UNADJUSTED_POINTWISE,CASE,R4_PUSHT_S2_S2_MAIN_TABLE,ba7e062dab2bf49f0f78678e72509bb56beea8ad359075671ab89ca13cd3eef9,,,ANYTIME,,,,,,,
INITIAL_FIXED64,,,pusht,latent_mse_mean,REFIT_103203,0.11163761689400417,100,100,0.08890101231049084,0.1386942026386477,100,H0,-0.02578629988754983,-0.03533802904798358,-0.01685270064759516,-0.034868453435505854,-0.01687977315414117,UNADJUSTED_POINTWISE,CASE,R4_PUSHT_S2_S2_MAIN_TABLE,ba7e062dab2bf49f0f78678e72509bb56beea8ad359075671ab89ca13cd3eef9,,,ANYTIME,,,,,,,
INITIAL_FIXED64,,,pusht,latent_mse_mean,FIXED3_REFIT_MEAN_NOT_ENSEMBLE,0.11111282500953772,100,100,0.08906121046761412,0.13747043252371013,100,H0,-0.026311091772016272,-0.0359901068660641,-0.017506714437371857,-0.03524146713543013,-0.017215028519936816,UNADJUSTED_POINTWISE,CASE,R4_PUSHT_S2_S2_MAIN_TABLE,ba7e062dab2bf49f0f78678e72509bb56beea8ad359075671ab89ca13cd3eef9,,,ANYTIME,,,,,,,
INITIAL_FIXED64,,,pusht,top1_changed,H0,0.98,100,100,0.95,1.0,100,H0,0.0,0.0,0.0,0.0,0.0,UNADJUSTED_POINTWISE,CASE,R4_PUSHT_S2_S2_MAIN_TABLE,ba7e062dab2bf49f0f78678e72509bb56beea8ad359075671ab89ca13cd3eef9,,,ANYTIME,,,,,,,
INITIAL_FIXED64,,,pusht,top1_changed,REFIT_103201,0.99,100,100,0.97,1.0,100,H0,0.01,-0.02,0.05,-0.020202020202020204,0.0425531914893617,UNADJUSTED_POINTWISE,CASE,R4_PUSHT_S2_S2_MAIN_TABLE,ba7e062dab2bf49f0f78678e72509bb56beea8ad359075671ab89ca13cd3eef9,,,ANYTIME,,,,,,,
INITIAL_FIXED64,,,pusht,top1_changed,REFIT_103202,0.98,100,100,0.95,1.0,100,H0,0.0,-0.04,0.04,-0.0392156862745098,0.04,UNADJUSTED_POINTWISE,CASE,R4_PUSHT_S2_S2_MAIN_TABLE,ba7e062dab2bf49f0f78678e72509bb56beea8ad359075671ab89ca13cd3eef9,,,ANYTIME,,,,,,,
INITIAL_FIXED64,,,pusht,top1_changed,REFIT_103203,0.95,100,100,0.91,0.99,100,H0,-0.03,-0.08,0.02,-0.07478398871451242,0.010309278350515464,UNADJUSTED_POINTWISE,CASE,R4_PUSHT_S2_S2_MAIN_TABLE,ba7e062dab2bf49f0f78678e72509bb56beea8ad359075671ab89ca13cd3eef9,,,ANYTIME,,,,,,,
INITIAL_FIXED64,,,pusht,top1_changed,FIXED3_REFIT_MEAN_NOT_ENSEMBLE,0.9733333333333334,100,100,0.9466666666666665,0.9933333333333333,100,H0,-0.0066666666666666706,-0.04008333333333331,0.03333333333333333,-0.0392156862745098,0.027210884353741492,UNADJUSTED_POINTWISE,CASE,R4_PUSHT_S2_S2_MAIN_TABLE,ba7e062dab2bf49f0f78678e72509bb56beea8ad359075671ab89ca13cd3eef9,,,ANYTIME,,,,,,,
INITIAL_FIXED64,,,pusht,near_tie_pairs_model,H0,0.03,100,100,0.0,0.07,100,H0,0.0,0.0,0.0,0.0,0.0,UNADJUSTED_POINTWISE,CASE,R4_PUSHT_S2_S2_MAIN_TABLE,ba7e062dab2bf49f0f78678e72509bb56beea8ad359075671ab89ca13cd3eef9,,,ANYTIME,,,,,,,
INITIAL_FIXED64,,,pusht,near_tie_pairs_model,REFIT_103201,0.02,100,100,0.0,0.05,100,H0,-0.01,-0.05,0.03,-0.052083333333333336,0.03125,UNADJUSTED_POINTWISE,CASE,R4_PUSHT_S2_S2_MAIN_TABLE,ba7e062dab2bf49f0f78678e72509bb56beea8ad359075671ab89ca13cd3eef9,,,ANYTIME,,,,,,,
INITIAL_FIXED64,,,pusht,near_tie_pairs_model,REFIT_103202,0.03,100,100,0.0,0.07,100,H0,0.0,-0.05,0.05,-0.04950495049504951,0.049019607843137254,UNADJUSTED_POINTWISE,CASE,R4_PUSHT_S2_S2_MAIN_TABLE,ba7e062dab2bf49f0f78678e72509bb56beea8ad359075671ab89ca13cd3eef9,,,ANYTIME,,,,,,,
INITIAL_FIXED64,,,pusht,near_tie_pairs_model,REFIT_103203,0.04,100,100,0.01,0.08,100,H0,0.01,-0.04,0.06,-0.04081632653061224,0.061224489795918366,UNADJUSTED_POINTWISE,CASE,R4_PUSHT_S2_S2_MAIN_TABLE,ba7e062dab2bf49f0f78678e72509bb56beea8ad359075671ab89ca13cd3eef9,,,ANYTIME,,,,,,,
INITIAL_FIXED64,,,pusht,near_tie_pairs_model,FIXED3_REFIT_MEAN_NOT_ENSEMBLE,0.03,100,100,0.013333333333333332,0.04999999999999999,100,H0,-2.220446049250313e-18,-0.04000000000000001,0.03666666666666666,-0.04207119741100324,0.03526152482269496,UNADJUSTED_POINTWISE,CASE,R4_PUSHT_S2_S2_MAIN_TABLE,ba7e062dab2bf49f0f78678e72509bb56beea8ad359075671ab89ca13cd3eef9,,,ANYTIME,,,,,,,
INITIAL_FIXED64,,,pusht,near_tie_pairs_sim_lat,H0,1.32,100,100,0.37,2.64,100,H0,0.0,0.0,0.0,0.0,0.0,UNADJUSTED_POINTWISE,CASE,R4_PUSHT_S2_S2_MAIN_TABLE,ba7e062dab2bf49f0f78678e72509bb56beea8ad359075671ab89ca13cd3eef9,,,ANYTIME,,,,,,,
INITIAL_FIXED64,,,pusht,near_tie_pairs_sim_lat,REFIT_103201,1.32,100,100,0.37,2.64,100,H0,0.0,0.0,0.0,0.0,0.0,UNADJUSTED_POINTWISE,CASE,R4_PUSHT_S2_S2_MAIN_TABLE,ba7e062dab2bf49f0f78678e72509bb56beea8ad359075671ab89ca13cd3eef9,,,ANYTIME,,,,,,,
INITIAL_FIXED64,,,pusht,near_tie_pairs_sim_lat,REFIT_103202,1.32,100,100,0.37,2.64,100,H0,0.0,0.0,0.0,0.0,0.0,UNADJUSTED_POINTWISE,CASE,R4_PUSHT_S2_S2_MAIN_TABLE,ba7e062dab2bf49f0f78678e72509bb56beea8ad359075671ab89ca13cd3eef9,,,ANYTIME,,,,,,,
INITIAL_FIXED64,,,pusht,near_tie_pairs_sim_lat,REFIT_103203,1.32,100,100,0.37,2.64,100,H0,0.0,0.0,0.0,0.0,0.0,UNADJUSTED_POINTWISE,CASE,R4_PUSHT_S2_S2_MAIN_TABLE,ba7e062dab2bf49f0f78678e72509bb56beea8ad359075671ab89ca13cd3eef9,,,ANYTIME,,,,,,,
INITIAL_FIXED64,,,pusht,near_tie_pairs_sim_lat,FIXED3_REFIT_MEAN_NOT_ENSEMBLE,1.32,100,100,0.37,2.64,100,H0,0.0,0.0,0.0,0.0,0.0,UNADJUSTED_POINTWISE,CASE,R4_PUSHT_S2_S2_MAIN_TABLE,ba7e062dab2bf49f0f78678e72509bb56beea8ad359075671ab89ca13cd3eef9,,,ANYTIME,,,,,,,
INITIAL_FIXED64,,,pusht,D_total,H0,0.551895946317675,100,100,0.45309260362701875,0.6589245064019185,100,H0,0.0,0.0,0.0,0.0,0.0,UNADJUSTED_POINTWISE,CASE,R4_PUSHT_S2_S2_MAIN_TABLE,ba7e062dab2bf49f0f78678e72509bb56beea8ad359075671ab89ca13cd3eef9,,,TERMINAL,,,,,,,
INITIAL_FIXED64,,,pusht,D_total,REFIT_103201,0.4284727211586646,100,100,0.34803253731655864,0.5191250618038173,100,H0,-0.12342322515901046,-0.23507172294090908,-0.013338130418129262,-0.22359021874478888,-0.018767881849922844,UNADJUSTED_POINTWISE,CASE,R4_PUSHT_S2_S2_MAIN_TABLE,ba7e062dab2bf49f0f78678e72509bb56beea8ad359075671ab89ca13cd3eef9,,,TERMINAL,,,,,,,
INITIAL_FIXED64,,,pusht,D_total,REFIT_103202,0.36356972086516187,100,100,0.30990689335886906,0.42202537325252826,100,H0,-0.18832622545251312,-0.29308051688826814,-0.09083481026783097,-0.2784340238412502,-0.09646562794048887,UNADJUSTED_POINTWISE,CASE,R4_PUSHT_S2_S2_MAIN_TABLE,ba7e062dab2bf49f0f78678e72509bb56beea8ad359075671ab89ca13cd3eef9,,,TERMINAL,,,,,,,
INITIAL_FIXED64,,,pusht,D_total,REFIT_103203,0.4230254129887571,100,100,0.34881787301877026,0.5053519767280723,100,H0,-0.12887053332891799,-0.2360701718377826,-0.026916074412894408,-0.21510309045997866,-0.040452849285916886,UNADJUSTED_POINTWISE,CASE,R4_PUSHT_S2_S2_MAIN_TABLE,ba7e062dab2bf49f0f78678e72509bb56beea8ad359075671ab89ca13cd3eef9,,,TERMINAL,,,,,,,
INITIAL_FIXED64,,,pusht,D_total,FIXED3_REFIT_MEAN_NOT_ENSEMBLE,0.40502261833752784,100,100,0.3403567364499317,0.4758708702338772,100,H0,-0.14687332798014716,-0.2496506753922913,-0.048764023734774405,-0.23454477328034185,-0.056293773638585606,UNADJUSTED_POINTWISE,CASE,R4_PUSHT_S2_S2_MAIN_TABLE,ba7e062dab2bf49f0f78678e72509bb56beea8ad359075671ab89ca13cd3eef9,,,TERMINAL,,,,,,,
INITIAL_FIXED64,,,pusht,D_goal,H0,0.11661529128324709,100,100,0.0810051669812936,0.16171685881625594,100,H0,0.0,0.0,0.0,0.0,0.0,UNADJUSTED_POINTWISE,CASE,R4_PUSHT_S2_S2_MAIN_TABLE,ba7e062dab2bf49f0f78678e72509bb56beea8ad359075671ab89ca13cd3eef9,,,TERMINAL,,,,,,,
INITIAL_FIXED64,,,pusht,D_goal,REFIT_103201,0.11661529128324709,100,100,0.0810051669812936,0.16171685881625594,100,H0,0.0,0.0,0.0,0.0,0.0,UNADJUSTED_POINTWISE,CASE,R4_PUSHT_S2_S2_MAIN_TABLE,ba7e062dab2bf49f0f78678e72509bb56beea8ad359075671ab89ca13cd3eef9,,,TERMINAL,,,,,,,
INITIAL_FIXED64,,,pusht,D_goal,REFIT_103202,0.11661529128324709,100,100,0.0810051669812936,0.16171685881625594,100,H0,0.0,0.0,0.0,0.0,0.0,UNADJUSTED_POINTWISE,CASE,R4_PUSHT_S2_S2_MAIN_TABLE,ba7e062dab2bf49f0f78678e72509bb56beea8ad359075671ab89ca13cd3eef9,,,TERMINAL,,,,,,,
INITIAL_FIXED64,,,pusht,D_goal,REFIT_103203,0.11661529128324709,100,100,0.0810051669812936,0.16171685881625594,100,H0,0.0,0.0,0.0,0.0,0.0,UNADJUSTED_POINTWISE,CASE,R4_PUSHT_S2_S2_MAIN_TABLE,ba7e062dab2bf49f0f78678e72509bb56beea8ad359075671ab89ca13cd3eef9,,,TERMINAL,,,,,,,
INITIAL_FIXED64,,,pusht,D_goal,FIXED3_REFIT_MEAN_NOT_ENSEMBLE,0.11661529128324709,100,100,0.08100516698129359,0.16171685881625594,100,H0,2.7755575615628915e-18,-8.326672684688674e-19,8.326672684688674e-18,-8.496604780294565e-19,7.91033905045424e-18,UNADJUSTED_POINTWISE,CASE,R4_PUSHT_S2_S2_MAIN_TABLE,ba7e062dab2bf49f0f78678e72509bb56beea8ad359075671ab89ca13cd3eef9,,,TERMINAL,,,,,,,
INITIAL_FIXED64,,,pusht,D_model_signed,H0,0.435280655034428,100,100,0.3276089899465053,0.5493493097598684,100,H0,0.0,0.0,0.0,0.0,0.0,UNADJUSTED_POINTWISE,CASE,R4_PUSHT_S2_S2_MAIN_TABLE,ba7e062dab2bf49f0f78678e72509bb56beea8ad359075671ab89ca13cd3eef9,,,TERMINAL,,,,,,,
INITIAL_FIXED64,,,pusht,D_model_signed,REFIT_103201,0.31185742987541754,100,100,0.21438599841195768,0.4154851347813747,100,H0,-0.12342322515901046,-0.23507172294090908,-0.013338130418129262,-0.22359021874478888,-0.018767881849922858,UNADJUSTED_POINTWISE,CASE,R4_PUSHT_S2_S2_MAIN_TABLE,ba7e062dab2bf49f0f78678e72509bb56beea8ad359075671ab89ca13cd3eef9,,,TERMINAL,,,,,,,
INITIAL_FIXED64,,,pusht,D_model_signed,REFIT_103202,0.24695442958191477,100,100,0.17742140587294947,0.3180301107245744,100,H0,-0.18832622545251312,-0.29308051688826814,-0.090834810267831,-0.2784340238412502,-0.09646562794048887,UNADJUSTED_POINTWISE,CASE,R4_PUSHT_S2_S2_MAIN_TABLE,ba7e062dab2bf49f0f78678e72509bb56beea8ad359075671ab89ca13cd3eef9,,,TERMINAL,,,,,,,
INITIAL_FIXED64,,,pusht,D_model_signed,REFIT_103203,0.30641012170551,100,100,0.21658787031389048,0.4012324373930706,100,H0,-0.12887053332891793,-0.2360701718377826,-0.026916074412894415,-0.21510309045997872,-0.04045284928591687,UNADJUSTED_POINTWISE,CASE,R4_PUSHT_S2_S2_MAIN_TABLE,ba7e062dab2bf49f0f78678e72509bb56beea8ad359075671ab89ca13cd3eef9,,,TERMINAL,,,,,,,
INITIAL_FIXED64,,,pusht,D_model_signed,FIXED3_REFIT_MEAN_NOT_ENSEMBLE,0.28840732705428074,100,100,0.20456249877948807,0.37284550879774153,100,H0,-0.14687332798014716,-0.24965067539229133,-0.04876402373477441,-0.23454477328034185,-0.056293773638585606,UNADJUSTED_POINTWISE,CASE,R4_PUSHT_S2_S2_MAIN_TABLE,ba7e062dab2bf49f0f78678e72509bb56beea8ad359075671ab89ca13cd3eef9,,,TERMINAL,,,,,,,
INITIAL_FIXED64,,,pusht,latent_finite_menu_loss,H0,24.8682595384866,100,100,16.19901884007454,34.59710583595931,100,H0,0.0,0.0,0.0,0.0,0.0,UNADJUSTED_POINTWISE,CASE,R4_PUSHT_S2_S2_MAIN_TABLE,ba7e062dab2bf49f0f78678e72509bb56beea8ad359075671ab89ca13cd3eef9,,,TERMINAL,,,,,,,
INITIAL_FIXED64,,,pusht,latent_finite_menu_loss,REFIT_103201,20.533438598886132,100,100,13.48216834301129,29.232223877646017,100,H0,-4.334820939600467,-14.301140866354107,5.496061502903699,-14.576533158311657,5.509578003113792,UNADJUSTED_POINTWISE,CASE,R4_PUSHT_S2_S2_MAIN_TABLE,ba7e062dab2bf49f0f78678e72509bb56beea8ad359075671ab89ca13cd3eef9,,,TERMINAL,,,,,,,
INITIAL_FIXED64,,,pusht,latent_finite_menu_loss,REFIT_103202,15.706066497936845,100,100,10.73806839487329,21.831883613459766,100,H0,-9.162193040549756,-18.27761154130101,-0.5543992213383402,-17.146657328607112,-2.0805326490995073,UNADJUSTED_POINTWISE,CASE,R4_PUSHT_S2_S2_MAIN_TABLE,ba7e062dab2bf49f0f78678e72509bb56beea8ad359075671ab89ca13cd3eef9,,,TERMINAL,,,,,,,
INITIAL_FIXED64,,,pusht,latent_finite_menu_loss,REFIT_103203,18.739355202391742,100,100,11.971973996741697,27.133242719825354,100,H0,-6.128904336094856,-15.347692018926143,3.208891704693436,-15.321359856930824,2.6576117933362844,UNADJUSTED_POINTWISE,CASE,R4_PUSHT_S2_S2_MAIN_TABLE,ba7e062dab2bf49f0f78678e72509bb56beea8ad359075671ab89ca13cd3eef9,,,TERMINAL,,,,,,,
INITIAL_FIXED64,,,pusht,latent_finite_menu_loss,FIXED3_REFIT_MEAN_NOT_ENSEMBLE,18.32628676640491,100,100,12.19955157707197,25.82798637072555,100,H0,-6.541972772081692,-15.795890372122328,2.574494353383774,-15.480145508472928,1.7076436239152957,UNADJUSTED_POINTWISE,CASE,R4_PUSHT_S2_S2_MAIN_TABLE,ba7e062dab2bf49f0f78678e72509bb56beea8ad359075671ab89ca13cd3eef9,,,TERMINAL,,,,,,,
INITIAL_FIXED64,,,pusht,spearman_model_sim_lat,H0,0.7163948176154104,100,100,0.6832499561874076,0.7473230257992767,100,H0,0.0,0.0,0.0,0.0,0.0,UNADJUSTED_POINTWISE,CASE,R4_PUSHT_S2_S2_MAIN_TABLE,ba7e062dab2bf49f0f78678e72509bb56beea8ad359075671ab89ca13cd3eef9,,,TERMINAL,,,,,,,
INITIAL_FIXED64,,,pusht,spearman_model_sim_lat,REFIT_103201,0.7548520632149399,100,100,0.7255570150015448,0.7820545539280582,100,H0,0.03845724559952959,-6.604865795847532e-05,0.07627340859757191,-0.000888933776303984,0.07741577574583802,UNADJUSTED_POINTWISE,CASE,R4_PUSHT_S2_S2_MAIN_TABLE,ba7e062dab2bf49f0f78678e72509bb56beea8ad359075671ab89ca13cd3eef9,,,TERMINAL,,,,,,,
INITIAL_FIXED64,,,pusht,spearman_model_sim_lat,REFIT_103202,0.7593420969700199,100,100,0.7306213433757028,0.7859300461126753,100,H0,0.042947279354609603,0.005319869881119562,0.08012288579578673,0.0048521830882131255,0.08039207488275325,UNADJUSTED_POINTWISE,CASE,R4_PUSHT_S2_S2_MAIN_TABLE,ba7e062dab2bf49f0f78678e72509bb56beea8ad359075671ab89ca13cd3eef9,,,TERMINAL,,,,,,,
INITIAL_FIXED64,,,pusht,spearman_model_sim_lat,REFIT_103203,0.7609828860842492,100,100,0.7308838198524626,0.7881523009718703,100,H0,0.0445880684688389,0.007227045793773189,0.08186561183461262,0.0060216714405303086,0.0820119741412077,UNADJUSTED_POINTWISE,CASE,R4_PUSHT_S2_S2_MAIN_TABLE,ba7e062dab2bf49f0f78678e72509bb56beea8ad359075671ab89ca13cd3eef9,,,TERMINAL,,,,,,,
INITIAL_FIXED64,,,pusht,spearman_model_sim_lat,FIXED3_REFIT_MEAN_NOT_ENSEMBLE,0.758392348756403,100,100,0.7298239969981193,0.7845314907362049,100,H0,0.0419975311409927,0.004686541525855617,0.07875174805060005,0.0035456996104700498,0.07978667476896036,UNADJUSTED_POINTWISE,CASE,R4_PUSHT_S2_S2_MAIN_TABLE,ba7e062dab2bf49f0f78678e72509bb56beea8ad359075671ab89ca13cd3eef9,,,TERMINAL,,,,,,,
INITIAL_FIXED64,,,pusht,pairwise_error_rate,H0,0.21832528870137147,100,100,0.2030664441380015,0.23419459945174706,100,H0,0.0,0.0,0.0,0.0,0.0,UNADJUSTED_POINTWISE,CASE,R4_PUSHT_S2_S2_MAIN_TABLE,ba7e062dab2bf49f0f78678e72509bb56beea8ad359075671ab89ca13cd3eef9,,,TERMINAL,,,,,,,
INITIAL_FIXED64,,,pusht,pairwise_error_rate,REFIT_103201,0.19836568519852427,100,100,0.1846779001453067,0.21282130020746984,100,H0,-0.0199596035028472,-0.03840310307545403,-0.001197698162214753,-0.03918905914765742,-0.0007330696196391704,UNADJUSTED_POINTWISE,CASE,R4_PUSHT_S2_S2_MAIN_TABLE,ba7e062dab2bf49f0f78678e72509bb56beea8ad359075671ab89ca13cd3eef9,,,TERMINAL,,,,,,,
INITIAL_FIXED64,,,pusht,pairwise_error_rate,REFIT_103202,0.19625661339854633,100,100,0.1831786861740477,0.21029474933986506,100,H0,-0.02206867530282507,-0.04027140518055695,-0.003668142683484558,-0.04089218817755862,-0.0032336281232528724,UNADJUSTED_POINTWISE,CASE,R4_PUSHT_S2_S2_MAIN_TABLE,ba7e062dab2bf49f0f78678e72509bb56beea8ad359075671ab89ca13cd3eef9,,,TERMINAL,,,,,,,
INITIAL_FIXED64,,,pusht,pairwise_error_rate,REFIT_103203,0.19507274808131203,100,100,0.1817573633010592,0.20944598503287556,100,H0,-0.023252540620059457,-0.041668440321484077,-0.005056284782033369,-0.04170364544607483,-0.004424485879751425,UNADJUSTED_POINTWISE,CASE,R4_PUSHT_S2_S2_MAIN_TABLE,ba7e062dab2bf49f0f78678e72509bb56beea8ad359075671ab89ca13cd3eef9,,,TERMINAL,,,,,,,
INITIAL_FIXED64,,,pusht,pairwise_error_rate,FIXED3_REFIT_MEAN_NOT_ENSEMBLE,0.19656501555946085,100,100,0.18348840330396265,0.2105272101960218,100,H0,-0.021760273141910577,-0.03986453452191465,-0.0036994926764724106,-0.040428196954540085,-0.0030897997783680526,UNADJUSTED_POINTWISE,CASE,R4_PUSHT_S2_S2_MAIN_TABLE,ba7e062dab2bf49f0f78678e72509bb56beea8ad359075671ab89ca13cd3eef9,,,TERMINAL,,,,,,,
INITIAL_FIXED64,,,pusht,optimism_bias_mean,H0,-17.38038749995525,100,100,-22.672517781257632,-12.81202650236167,100,H0,0.0,0.0,0.0,0.0,0.0,UNADJUSTED_POINTWISE,CASE,R4_PUSHT_S2_S2_MAIN_TABLE,ba7e062dab2bf49f0f78678e72509bb56beea8ad359075671ab89ca13cd3eef9,,,TERMINAL,,,,,,,
INITIAL_FIXED64,,,pusht,optimism_bias_mean,REFIT_103201,-18.04123080451391,100,100,-23.27018799645052,-13.531783748746502,100,H0,-0.6608433045586571,-1.8149455977231264,0.5133395747368907,-1.92627335280363,0.6415954385407618,UNADJUSTED_POINTWISE,CASE,R4_PUSHT_S2_S2_MAIN_TABLE,ba7e062dab2bf49f0f78678e72509bb56beea8ad359075671ab89ca13cd3eef9,,,TERMINAL,,,,,,,
INITIAL_FIXED64,,,pusht,optimism_bias_mean,REFIT_103202,-18.2545720442303,100,100,-23.493245846899516,-13.695043758074055,100,H0,-0.8741845442750491,-2.025905069165281,0.3011628693795638,-2.0958287674144342,0.40164864521738364,UNADJUSTED_POINTWISE,CASE,R4_PUSHT_S2_S2_MAIN_TABLE,ba7e062dab2bf49f0f78678e72509bb56beea8ad359075671ab89ca13cd3eef9,,,TERMINAL,,,,,,,
INITIAL_FIXED64,,,pusht,optimism_bias_mean,REFIT_103203,-18.371899026682367,100,100,-23.63721457614578,-13.827444782075796,100,H0,-0.9915115267271176,-2.1624469249414977,0.2093180863370652,-2.219609078743507,0.3125394314601339,UNADJUSTED_POINTWISE,CASE,R4_PUSHT_S2_S2_MAIN_TABLE,ba7e062dab2bf49f0f78678e72509bb56beea8ad359075671ab89ca13cd3eef9,,,TERMINAL,,,,,,,
INITIAL_FIXED64,,,pusht,optimism_bias_mean,FIXED3_REFIT_MEAN_NOT_ENSEMBLE,-18.222567291808858,100,100,-23.45198211751509,-13.707218844087798,100,H0,-0.842179791853608,-1.981935548870921,0.3436877182963066,-2.0678274430498575,0.4298046865779294,UNADJUSTED_POINTWISE,CASE,R4_PUSHT_S2_S2_MAIN_TABLE,ba7e062dab2bf49f0f78678e72509bb56beea8ad359075671ab89ca13cd3eef9,,,TERMINAL,,,,,,,
INITIAL_FIXED64,,,pusht,goal_cost_abs_error_mean,H0,25.408874332095728,100,100,21.06511441497828,30.486399160190338,100,H0,0.0,0.0,0.0,0.0,0.0,UNADJUSTED_POINTWISE,CASE,R4_PUSHT_S2_S2_MAIN_TABLE,ba7e062dab2bf49f0f78678e72509bb56beea8ad359075671ab89ca13cd3eef9,,,TERMINAL,,,,,,,
INITIAL_FIXED64,,,pusht,goal_cost_abs_error_mean,REFIT_103201,24.349012744413923,100,100,19.868361833045288,29.68715323452634,100,H0,-1.0598615876818076,-2.1334578968320272,-0.07421556960232585,-2.3298916000731076,0.17376516226397273,UNADJUSTED_POINTWISE,CASE,R4_PUSHT_S2_S2_MAIN_TABLE,ba7e062dab2bf49f0f78678e72509bb56beea8ad359075671ab89ca13cd3eef9,,,TERMINAL,,,,,,,
INITIAL_FIXED64,,,pusht,goal_cost_abs_error_mean,REFIT_103202,24.273834859462223,100,100,19.84408570340497,29.49348741225033,100,H0,-1.1350394726335071,-2.141250789390935,-0.1686034517250378,-2.2801675120130063,-0.05443091621658697,UNADJUSTED_POINTWISE,CASE,R4_PUSHT_S2_S2_MAIN_TABLE,ba7e062dab2bf49f0f78678e72509bb56beea8ad359075671ab89ca13cd3eef9,,,TERMINAL,,,,,,,
INITIAL_FIXED64,,,pusht,goal_cost_abs_error_mean,REFIT_103203,24.365632245443994,100,100,19.815895410924856,29.77405521718858,100,H0,-1.043242086651735,-2.141490146138822,0.006449546773685103,-2.269951825029326,0.15778177798971937,UNADJUSTED_POINTWISE,CASE,R4_PUSHT_S2_S2_MAIN_TABLE,ba7e062dab2bf49f0f78678e72509bb56beea8ad359075671ab89ca13cd3eef9,,,TERMINAL,,,,,,,
INITIAL_FIXED64,,,pusht,goal_cost_abs_error_mean,FIXED3_REFIT_MEAN_NOT_ENSEMBLE,24.329493283106714,100,100,19.843300145206744,29.66779430845104,100,H0,-1.0793810489890163,-2.131260518308554,-0.09385624923405693,-2.278552980848873,0.07790538667834539,UNADJUSTED_POINTWISE,CASE,R4_PUSHT_S2_S2_MAIN_TABLE,ba7e062dab2bf49f0f78678e72509bb56beea8ad359075671ab89ca13cd3eef9,,,TERMINAL,,,,,,,
INITIAL_FIXED64,,,pusht,latent_mse_mean,H0,0.137423916781554,100,100,0.1123975420810093,0.1663538598418272,100,H0,0.0,0.0,0.0,0.0,0.0,UNADJUSTED_POINTWISE,CASE,R4_PUSHT_S2_S2_MAIN_TABLE,ba7e062dab2bf49f0f78678e72509bb56beea8ad359075671ab89ca13cd3eef9,,,TERMINAL,,,,,,,
INITIAL_FIXED64,,,pusht,latent_mse_mean,REFIT_103201,0.1121092623210643,100,100,0.08955653434403939,0.13879734542714503,100,H0,-0.02531465446048969,-0.035515712638486546,-0.015857214416481847,-0.035129619368433236,-0.015471771699128275,UNADJUSTED_POINTWISE,CASE,R4_PUSHT_S2_S2_MAIN_TABLE,ba7e062dab2bf49f0f78678e72509bb56beea8ad359075671ab89ca13cd3eef9,,,TERMINAL,,,,,,,
INITIAL_FIXED64,,,pusht,latent_mse_mean,REFIT_103202,0.1095915958135447,100,100,0.0884685428766461,0.13515554123912532,100,H0,-0.0278323209680093,-0.0373709741972034,-0.0191500621895666,-0.03677494720244433,-0.01888369948632226,UNADJUSTED_POINTWISE,CASE,R4_PUSHT_S2_S2_MAIN_TABLE,ba7e062dab2bf49f0f78678e72509bb56beea8ad359075671ab89ca13cd3eef9,,,TERMINAL,,,,,,,
INITIAL_FIXED64,,,pusht,latent_mse_mean,REFIT_103203,0.11163761689400417,100,100,0.08890101231049084,0.1386942026386477,100,H0,-0.02578629988754983,-0.03533802904798358,-0.01685270064759516,-0.034868453435505854,-0.01687977315414117,UNADJUSTED_POINTWISE,CASE,R4_PUSHT_S2_S2_MAIN_TABLE,ba7e062dab2bf49f0f78678e72509bb56beea8ad359075671ab89ca13cd3eef9,,,TERMINAL,,,,,,,
INITIAL_FIXED64,,,pusht,latent_mse_mean,FIXED3_REFIT_MEAN_NOT_ENSEMBLE,0.11111282500953772,100,100,0.08906121046761412,0.13747043252371013,100,H0,-0.026311091772016272,-0.0359901068660641,-0.017506714437371857,-0.03524146713543013,-0.017215028519936816,UNADJUSTED_POINTWISE,CASE,R4_PUSHT_S2_S2_MAIN_TABLE,ba7e062dab2bf49f0f78678e72509bb56beea8ad359075671ab89ca13cd3eef9,,,TERMINAL,,,,,,,
INITIAL_FIXED64,,,pusht,top1_changed,H0,0.98,100,100,0.95,1.0,100,H0,0.0,0.0,0.0,0.0,0.0,UNADJUSTED_POINTWISE,CASE,R4_PUSHT_S2_S2_MAIN_TABLE,ba7e062dab2bf49f0f78678e72509bb56beea8ad359075671ab89ca13cd3eef9,,,TERMINAL,,,,,,,
INITIAL_FIXED64,,,pusht,top1_changed,REFIT_103201,0.99,100,100,0.97,1.0,100,H0,0.01,-0.02,0.05,-0.020202020202020204,0.0425531914893617,UNADJUSTED_POINTWISE,CASE,R4_PUSHT_S2_S2_MAIN_TABLE,ba7e062dab2bf49f0f78678e72509bb56beea8ad359075671ab89ca13cd3eef9,,,TERMINAL,,,,,,,
INITIAL_FIXED64,,,pusht,top1_changed,REFIT_103202,0.98,100,100,0.95,1.0,100,H0,0.0,-0.04,0.04,-0.0392156862745098,0.04,UNADJUSTED_POINTWISE,CASE,R4_PUSHT_S2_S2_MAIN_TABLE,ba7e062dab2bf49f0f78678e72509bb56beea8ad359075671ab89ca13cd3eef9,,,TERMINAL,,,,,,,
INITIAL_FIXED64,,,pusht,top1_changed,REFIT_103203,0.95,100,100,0.91,0.99,100,H0,-0.03,-0.08,0.02,-0.07478398871451242,0.010309278350515464,UNADJUSTED_POINTWISE,CASE,R4_PUSHT_S2_S2_MAIN_TABLE,ba7e062dab2bf49f0f78678e72509bb56beea8ad359075671ab89ca13cd3eef9,,,TERMINAL,,,,,,,
INITIAL_FIXED64,,,pusht,top1_changed,FIXED3_REFIT_MEAN_NOT_ENSEMBLE,0.9733333333333334,100,100,0.9466666666666665,0.9933333333333333,100,H0,-0.0066666666666666706,-0.04008333333333331,0.03333333333333333,-0.0392156862745098,0.027210884353741492,UNADJUSTED_POINTWISE,CASE,R4_PUSHT_S2_S2_MAIN_TABLE,ba7e062dab2bf49f0f78678e72509bb56beea8ad359075671ab89ca13cd3eef9,,,TERMINAL,,,,,,,
INITIAL_FIXED64,,,pusht,near_tie_pairs_model,H0,0.03,100,100,0.0,0.07,100,H0,0.0,0.0,0.0,0.0,0.0,UNADJUSTED_POINTWISE,CASE,R4_PUSHT_S2_S2_MAIN_TABLE,ba7e062dab2bf49f0f78678e72509bb56beea8ad359075671ab89ca13cd3eef9,,,TERMINAL,,,,,,,
INITIAL_FIXED64,,,pusht,near_tie_pairs_model,REFIT_103201,0.02,100,100,0.0,0.05,100,H0,-0.01,-0.05,0.03,-0.052083333333333336,0.03125,UNADJUSTED_POINTWISE,CASE,R4_PUSHT_S2_S2_MAIN_TABLE,ba7e062dab2bf49f0f78678e72509bb56beea8ad359075671ab89ca13cd3eef9,,,TERMINAL,,,,,,,
INITIAL_FIXED64,,,pusht,near_tie_pairs_model,REFIT_103202,0.03,100,100,0.0,0.07,100,H0,0.0,-0.05,0.05,-0.04950495049504951,0.049019607843137254,UNADJUSTED_POINTWISE,CASE,R4_PUSHT_S2_S2_MAIN_TABLE,ba7e062dab2bf49f0f78678e72509bb56beea8ad359075671ab89ca13cd3eef9,,,TERMINAL,,,,,,,
INITIAL_FIXED64,,,pusht,near_tie_pairs_model,REFIT_103203,0.04,100,100,0.01,0.08,100,H0,0.01,-0.04,0.06,-0.04081632653061224,0.061224489795918366,UNADJUSTED_POINTWISE,CASE,R4_PUSHT_S2_S2_MAIN_TABLE,ba7e062dab2bf49f0f78678e72509bb56beea8ad359075671ab89ca13cd3eef9,,,TERMINAL,,,,,,,
INITIAL_FIXED64,,,pusht,near_tie_pairs_model,FIXED3_REFIT_MEAN_NOT_ENSEMBLE,0.03,100,100,0.013333333333333332,0.04999999999999999,100,H0,-2.220446049250313e-18,-0.04000000000000001,0.03666666666666666,-0.04207119741100324,0.03526152482269496,UNADJUSTED_POINTWISE,CASE,R4_PUSHT_S2_S2_MAIN_TABLE,ba7e062dab2bf49f0f78678e72509bb56beea8ad359075671ab89ca13cd3eef9,,,TERMINAL,,,,,,,
INITIAL_FIXED64,,,pusht,near_tie_pairs_sim_lat,H0,1.32,100,100,0.37,2.64,100,H0,0.0,0.0,0.0,0.0,0.0,UNADJUSTED_POINTWISE,CASE,R4_PUSHT_S2_S2_MAIN_TABLE,ba7e062dab2bf49f0f78678e72509bb56beea8ad359075671ab89ca13cd3eef9,,,TERMINAL,,,,,,,
INITIAL_FIXED64,,,pusht,near_tie_pairs_sim_lat,REFIT_103201,1.32,100,100,0.37,2.64,100,H0,0.0,0.0,0.0,0.0,0.0,UNADJUSTED_POINTWISE,CASE,R4_PUSHT_S2_S2_MAIN_TABLE,ba7e062dab2bf49f0f78678e72509bb56beea8ad359075671ab89ca13cd3eef9,,,TERMINAL,,,,,,,
INITIAL_FIXED64,,,pusht,near_tie_pairs_sim_lat,REFIT_103202,1.32,100,100,0.37,2.64,100,H0,0.0,0.0,0.0,0.0,0.0,UNADJUSTED_POINTWISE,CASE,R4_PUSHT_S2_S2_MAIN_TABLE,ba7e062dab2bf49f0f78678e72509bb56beea8ad359075671ab89ca13cd3eef9,,,TERMINAL,,,,,,,
INITIAL_FIXED64,,,pusht,near_tie_pairs_sim_lat,REFIT_103203,1.32,100,100,0.37,2.64,100,H0,0.0,0.0,0.0,0.0,0.0,UNADJUSTED_POINTWISE,CASE,R4_PUSHT_S2_S2_MAIN_TABLE,ba7e062dab2bf49f0f78678e72509bb56beea8ad359075671ab89ca13cd3eef9,,,TERMINAL,,,,,,,
INITIAL_FIXED64,,,pusht,near_tie_pairs_sim_lat,FIXED3_REFIT_MEAN_NOT_ENSEMBLE,1.32,100,100,0.37,2.64,100,H0,0.0,0.0,0.0,0.0,0.0,UNADJUSTED_POINTWISE,CASE,R4_PUSHT_S2_S2_MAIN_TABLE,ba7e062dab2bf49f0f78678e72509bb56beea8ad359075671ab89ca13cd3eef9,,,TERMINAL,,,,,,,
LEARNING_POLICIES_ALL100,,,pusht,success_fraction,H0,0.91,100,100,0.85,0.96,100,H0,0.0,0.0,0.0,0.0,0.0,UNADJUSTED_POINTWISE,CASE,R4_PUSHT_S3_S3_LEARNING_MAIN_TABLE,6dd342b824a806c94f3af8a089315051e130bf79d5378944aad52f354b878204,,,,R3_ORIGINAL,,,,,,
LEARNING_POLICIES_ALL100,,,pusht,success_fraction,REFIT_103201,0.94,100,100,0.89,0.98,100,H0,0.03,-0.03,0.09,-0.03,0.09803921568627451,UNADJUSTED_POINTWISE,CASE,R4_PUSHT_S3_S3_LEARNING_MAIN_TABLE,6dd342b824a806c94f3af8a089315051e130bf79d5378944aad52f354b878204,,,,R3_ORIGINAL,,,,,,
LEARNING_POLICIES_ALL100,,,pusht,success_fraction,REFIT_103202,0.95,100,100,0.9,0.99,100,H0,0.04,-0.01,0.09,-0.01064115762983299,0.10310980354016704,UNADJUSTED_POINTWISE,CASE,R4_PUSHT_S3_S3_LEARNING_MAIN_TABLE,6dd342b824a806c94f3af8a089315051e130bf79d5378944aad52f354b878204,,,,R3_ORIGINAL,,,,,,
LEARNING_POLICIES_ALL100,,,pusht,success_fraction,REFIT_103203,0.93,100,100,0.88,0.98,100,H0,0.02,-0.04,0.08,-0.041237113402061855,0.09090909090909091,UNADJUSTED_POINTWISE,CASE,R4_PUSHT_S3_S3_LEARNING_MAIN_TABLE,6dd342b824a806c94f3af8a089315051e130bf79d5378944aad52f354b878204,,,,R3_ORIGINAL,,,,,,
LEARNING_POLICIES_ALL100,,,pusht,success_fraction,FIXED3_REFIT_MEAN_NOT_ENSEMBLE,0.94,100,100,0.8933333333333333,0.98,100,H0,0.03,-0.023333333333333334,0.08333333333333331,-0.02666666666666667,0.09615384615384616,UNADJUSTED_POINTWISE,CASE,R4_PUSHT_S3_S3_LEARNING_MAIN_TABLE,6dd342b824a806c94f3af8a089315051e130bf79d5378944aad52f354b878204,,,,R3_ORIGINAL,,,,,,
LEARNING_POLICIES_ALL100,,,pusht,success_fraction,H0,0.92,100,100,0.86,0.97,100,H0,0.0,0.0,0.0,0.0,0.0,UNADJUSTED_POINTWISE,CASE,R4_PUSHT_S3_S3_LEARNING_MAIN_TABLE,6dd342b824a806c94f3af8a089315051e130bf79d5378944aad52f354b878204,,,,R4_ALT_CEM_1,,,,,,
LEARNING_POLICIES_ALL100,,,pusht,success_fraction,REFIT_103201,0.95,100,100,0.9,0.99,100,H0,0.03,-0.03,0.09,-0.0297029702970297,0.0891089108910891,UNADJUSTED_POINTWISE,CASE,R4_PUSHT_S3_S3_LEARNING_MAIN_TABLE,6dd342b824a806c94f3af8a089315051e130bf79d5378944aad52f354b878204,,,,R4_ALT_CEM_1,,,,,,
LEARNING_POLICIES_ALL100,,,pusht,success_fraction,REFIT_103202,0.93,100,100,0.88,0.98,100,H0,0.01,-0.04,0.06,-0.04081632653061224,0.061224489795918366,UNADJUSTED_POINTWISE,CASE,R4_PUSHT_S3_S3_LEARNING_MAIN_TABLE,6dd342b824a806c94f3af8a089315051e130bf79d5378944aad52f354b878204,,,,R4_ALT_CEM_1,,,,,,
LEARNING_POLICIES_ALL100,,,pusht,success_fraction,REFIT_103203,0.92,100,100,0.86,0.97,100,H0,0.0,-0.06,0.05,-0.05825242718446602,0.05319148936170213,UNADJUSTED_POINTWISE,CASE,R4_PUSHT_S3_S3_LEARNING_MAIN_TABLE,6dd342b824a806c94f3af8a089315051e130bf79d5378944aad52f354b878204,,,,R4_ALT_CEM_1,,,,,,
LEARNING_POLICIES_ALL100,,,pusht,success_fraction,FIXED3_REFIT_MEAN_NOT_ENSEMBLE,0.9333333333333332,100,100,0.8866666666666667,0.9733333333333333,100,H0,0.01333333333333333,-0.03666666666666667,0.06341666666666546,-0.03666666666666667,0.06462585034013606,UNADJUSTED_POINTWISE,CASE,R4_PUSHT_S3_S3_LEARNING_MAIN_TABLE,6dd342b824a806c94f3af8a089315051e130bf79d5378944aad52f354b878204,,,,R4_ALT_CEM_1,,,,,,
LEARNING_POLICIES_ALL100,,,pusht,success_fraction,H0,0.93,100,100,0.88,0.98,100,H0,0.0,0.0,0.0,0.0,0.0,UNADJUSTED_POINTWISE,CASE,R4_PUSHT_S3_S3_LEARNING_MAIN_TABLE,6dd342b824a806c94f3af8a089315051e130bf79d5378944aad52f354b878204,,,,R4_ALT_CEM_2,,,,,,
LEARNING_POLICIES_ALL100,,,pusht,success_fraction,REFIT_103201,0.95,100,100,0.9,0.99,100,H0,0.02,-0.03,0.08,-0.038461538461538464,0.07920792079207921,UNADJUSTED_POINTWISE,CASE,R4_PUSHT_S3_S3_LEARNING_MAIN_TABLE,6dd342b824a806c94f3af8a089315051e130bf79d5378944aad52f354b878204,,,,R4_ALT_CEM_2,,,,,,
LEARNING_POLICIES_ALL100,,,pusht,success_fraction,REFIT_103202,0.95,100,100,0.91,0.99,100,H0,0.02,-0.03,0.08,-0.03125,0.07766990291262135,UNADJUSTED_POINTWISE,CASE,R4_PUSHT_S3_S3_LEARNING_MAIN_TABLE,6dd342b824a806c94f3af8a089315051e130bf79d5378944aad52f354b878204,,,,R4_ALT_CEM_2,,,,,,
LEARNING_POLICIES_ALL100,,,pusht,success_fraction,REFIT_103203,0.93,100,100,0.88,0.98,100,H0,0.0,-0.06,0.06,-0.05264557670772676,0.058823529411764705,UNADJUSTED_POINTWISE,CASE,R4_PUSHT_S3_S3_LEARNING_MAIN_TABLE,6dd342b824a806c94f3af8a089315051e130bf79d5378944aad52f354b878204,,,,R4_ALT_CEM_2,,,,,,
LEARNING_POLICIES_ALL100,,,pusht,success_fraction,FIXED3_REFIT_MEAN_NOT_ENSEMBLE,0.9433333333333332,100,100,0.9,0.98,100,H0,0.01333333333333333,-0.03666666666666668,0.06999999999999999,-0.03594771241830066,0.06666666666666667,UNADJUSTED_POINTWISE,CASE,R4_PUSHT_S3_S3_LEARNING_MAIN_TABLE,6dd342b824a806c94f3af8a089315051e130bf79d5378944aad52f354b878204,,,,R4_ALT_CEM_2,,,,,,
FIXED20_POLICY_INTERVENTION,,,pusht,success_fraction,H0,0.9,20,20,0.75,1.0,20,H0,0.0,0.0,0.0,0.0,0.0,UNADJUSTED_POINTWISE,CASE,R4_PUSHT_S3_S3_MENU_INTERVENTIONS,4475f77d4309e0df798f54f5fc12a806b90e925ee7bc49861e3fd34115dc04fb,,,,R3_ORIGINAL,H0_MENU_RERANK - H0,,,,,
FIXED20_POLICY_INTERVENTION,,,pusht,success_fraction,H0_MENU_RERANK,0.9,20,20,0.75,1.0,20,H0,0.0,0.0,0.0,0.0,0.0,UNADJUSTED_POINTWISE,CASE,R4_PUSHT_S3_S3_MENU_INTERVENTIONS,4475f77d4309e0df798f54f5fc12a806b90e925ee7bc49861e3fd34115dc04fb,,,,R3_ORIGINAL,H0_MENU_RERANK - H0,,,,,
FIXED20_POLICY_INTERVENTION,,,pusht,success_fraction,H0,0.9,20,20,0.75,1.0,20,H0,0.0,0.0,0.0,0.0,0.0,UNADJUSTED_POINTWISE,CASE,R4_PUSHT_S3_S3_MENU_INTERVENTIONS,4475f77d4309e0df798f54f5fc12a806b90e925ee7bc49861e3fd34115dc04fb,,,,R4_ALT_CEM_1,H0_MENU_RERANK - H0,,,,,
FIXED20_POLICY_INTERVENTION,,,pusht,success_fraction,H0_MENU_RERANK,0.9,20,20,0.75,1.0,20,H0,0.0,0.0,0.0,0.0,0.0,UNADJUSTED_POINTWISE,CASE,R4_PUSHT_S3_S3_MENU_INTERVENTIONS,4475f77d4309e0df798f54f5fc12a806b90e925ee7bc49861e3fd34115dc04fb,,,,R4_ALT_CEM_1,H0_MENU_RERANK - H0,,,,,
FIXED20_POLICY_INTERVENTION,,,pusht,success_fraction,H0,0.85,20,20,0.7,1.0,20,H0,0.0,0.0,0.0,0.0,0.0,UNADJUSTED_POINTWISE,CASE,R4_PUSHT_S3_S3_MENU_INTERVENTIONS,4475f77d4309e0df798f54f5fc12a806b90e925ee7bc49861e3fd34115dc04fb,,,,R4_ALT_CEM_2,H0_MENU_RERANK - H0,,,,,
FIXED20_POLICY_INTERVENTION,,,pusht,success_fraction,H0_MENU_RERANK,0.85,20,20,0.7,1.0,20,H0,0.0,0.0,0.0,0.0,0.0,UNADJUSTED_POINTWISE,CASE,R4_PUSHT_S3_S3_MENU_INTERVENTIONS,4475f77d4309e0df798f54f5fc12a806b90e925ee7bc49861e3fd34115dc04fb,,,,R4_ALT_CEM_2,H0_MENU_RERANK - H0,,,,,
FIXED20_POLICY_INTERVENTION,,,pusht,success_fraction,H0,0.8833333333333332,20,20,0.75,0.9833333333333332,20,H0,0.0,0.0,0.0,0.0,0.0,UNADJUSTED_POINTWISE,CASE,R4_PUSHT_S3_S3_MENU_INTERVENTIONS,4475f77d4309e0df798f54f5fc12a806b90e925ee7bc49861e3fd34115dc04fb,,,,MEAN_OF_3_STREAMS,H0_MENU_RERANK - H0,,,,,
FIXED20_POLICY_INTERVENTION,,,pusht,success_fraction,H0_MENU_RERANK,0.8833333333333332,20,20,0.75,0.9833333333333332,20,H0,0.0,0.0,0.0,0.0,0.0,UNADJUSTED_POINTWISE,CASE,R4_PUSHT_S3_S3_MENU_INTERVENTIONS,4475f77d4309e0df798f54f5fc12a806b90e925ee7bc49861e3fd34115dc04fb,,,,MEAN_OF_3_STREAMS,H0_MENU_RERANK - H0,,,,,
FIXED20_POLICY_INTERVENTION,,,pusht,success_fraction,H0_MENU_RERANK,0.9,20,20,0.75,1.0,20,H0_MENU_RERANK,0.0,0.0,0.0,0.0,0.0,UNADJUSTED_POINTWISE,CASE,R4_PUSHT_S3_S3_MENU_INTERVENTIONS,4475f77d4309e0df798f54f5fc12a806b90e925ee7bc49861e3fd34115dc04fb,,,,R3_ORIGINAL,SIM_LAT_RERANK - H0_MENU_RERANK,,,,,
FIXED20_POLICY_INTERVENTION,,,pusht,success_fraction,SIM_LAT_RERANK,1.0,20,20,1.0,1.0,20,H0_MENU_RERANK,0.1,0.0,0.25,0.0,0.25,UNADJUSTED_POINTWISE,CASE,R4_PUSHT_S3_S3_MENU_INTERVENTIONS,4475f77d4309e0df798f54f5fc12a806b90e925ee7bc49861e3fd34115dc04fb,,,,R3_ORIGINAL,SIM_LAT_RERANK - H0_MENU_RERANK,,,,,
FIXED20_POLICY_INTERVENTION,,,pusht,success_fraction,H0_MENU_RERANK,0.9,20,20,0.75,1.0,20,H0_MENU_RERANK,0.0,0.0,0.0,0.0,0.0,UNADJUSTED_POINTWISE,CASE,R4_PUSHT_S3_S3_MENU_INTERVENTIONS,4475f77d4309e0df798f54f5fc12a806b90e925ee7bc49861e3fd34115dc04fb,,,,R4_ALT_CEM_1,SIM_LAT_RERANK - H0_MENU_RERANK,,,,,
FIXED20_POLICY_INTERVENTION,,,pusht,success_fraction,SIM_LAT_RERANK,1.0,20,20,1.0,1.0,20,H0_MENU_RERANK,0.1,0.0,0.25,0.0,0.25,UNADJUSTED_POINTWISE,CASE,R4_PUSHT_S3_S3_MENU_INTERVENTIONS,4475f77d4309e0df798f54f5fc12a806b90e925ee7bc49861e3fd34115dc04fb,,,,R4_ALT_CEM_1,SIM_LAT_RERANK - H0_MENU_RERANK,,,,,
FIXED20_POLICY_INTERVENTION,,,pusht,success_fraction,H0_MENU_RERANK,0.85,20,20,0.7,1.0,20,H0_MENU_RERANK,0.0,0.0,0.0,0.0,0.0,UNADJUSTED_POINTWISE,CASE,R4_PUSHT_S3_S3_MENU_INTERVENTIONS,4475f77d4309e0df798f54f5fc12a806b90e925ee7bc49861e3fd34115dc04fb,,,,R4_ALT_CEM_2,SIM_LAT_RERANK - H0_MENU_RERANK,,,,,
FIXED20_POLICY_INTERVENTION,,,pusht,success_fraction,SIM_LAT_RERANK,1.0,20,20,1.0,1.0,20,H0_MENU_RERANK,0.15,0.0,0.3,0.0,0.3,UNADJUSTED_POINTWISE,CASE,R4_PUSHT_S3_S3_MENU_INTERVENTIONS,4475f77d4309e0df798f54f5fc12a806b90e925ee7bc49861e3fd34115dc04fb,,,,R4_ALT_CEM_2,SIM_LAT_RERANK - H0_MENU_RERANK,,,,,
FIXED20_POLICY_INTERVENTION,,,pusht,success_fraction,H0_MENU_RERANK,0.8833333333333332,20,20,0.75,0.9833333333333332,20,H0_MENU_RERANK,0.0,0.0,0.0,0.0,0.0,UNADJUSTED_POINTWISE,CASE,R4_PUSHT_S3_S3_MENU_INTERVENTIONS,4475f77d4309e0df798f54f5fc12a806b90e925ee7bc49861e3fd34115dc04fb,,,,MEAN_OF_3_STREAMS,SIM_LAT_RERANK - H0_MENU_RERANK,,,,,
FIXED20_POLICY_INTERVENTION,,,pusht,success_fraction,SIM_LAT_RERANK,1.0,20,20,1.0,1.0,20,H0_MENU_RERANK,0.11666666666666667,0.01666666666666667,0.25,0.01666666666666667,0.25,UNADJUSTED_POINTWISE,CASE,R4_PUSHT_S3_S3_MENU_INTERVENTIONS,4475f77d4309e0df798f54f5fc12a806b90e925ee7bc49861e3fd34115dc04fb,,,,MEAN_OF_3_STREAMS,SIM_LAT_RERANK - H0_MENU_RERANK,,,,,
FIXED20_POLICY_INTERVENTION,,,pusht,success_fraction,SIM_LAT_RERANK,1.0,20,20,1.0,1.0,20,SIM_LAT_RERANK,0.0,0.0,0.0,0.0,0.0,UNADJUSTED_POINTWISE,CASE,R4_PUSHT_S3_S3_MENU_INTERVENTIONS,4475f77d4309e0df798f54f5fc12a806b90e925ee7bc49861e3fd34115dc04fb,,,,R3_ORIGINAL,SIM_TASK_RERANK - SIM_LAT_RERANK,,,,,
FIXED20_POLICY_INTERVENTION,,,pusht,success_fraction,SIM_TASK_RERANK,1.0,20,20,1.0,1.0,20,SIM_LAT_RERANK,0.0,0.0,0.0,0.0,0.0,UNADJUSTED_POINTWISE,CASE,R4_PUSHT_S3_S3_MENU_INTERVENTIONS,4475f77d4309e0df798f54f5fc12a806b90e925ee7bc49861e3fd34115dc04fb,,,,R3_ORIGINAL,SIM_TASK_RERANK - SIM_LAT_RERANK,,,,,
FIXED20_POLICY_INTERVENTION,,,pusht,success_fraction,SIM_LAT_RERANK,1.0,20,20,1.0,1.0,20,SIM_LAT_RERANK,0.0,0.0,0.0,0.0,0.0,UNADJUSTED_POINTWISE,CASE,R4_PUSHT_S3_S3_MENU_INTERVENTIONS,4475f77d4309e0df798f54f5fc12a806b90e925ee7bc49861e3fd34115dc04fb,,,,R4_ALT_CEM_1,SIM_TASK_RERANK - SIM_LAT_RERANK,,,,,
FIXED20_POLICY_INTERVENTION,,,pusht,success_fraction,SIM_TASK_RERANK,1.0,20,20,1.0,1.0,20,SIM_LAT_RERANK,0.0,0.0,0.0,0.0,0.0,UNADJUSTED_POINTWISE,CASE,R4_PUSHT_S3_S3_MENU_INTERVENTIONS,4475f77d4309e0df798f54f5fc12a806b90e925ee7bc49861e3fd34115dc04fb,,,,R4_ALT_CEM_1,SIM_TASK_RERANK - SIM_LAT_RERANK,,,,,
FIXED20_POLICY_INTERVENTION,,,pusht,success_fraction,SIM_LAT_RERANK,1.0,20,20,1.0,1.0,20,SIM_LAT_RERANK,0.0,0.0,0.0,0.0,0.0,UNADJUSTED_POINTWISE,CASE,R4_PUSHT_S3_S3_MENU_INTERVENTIONS,4475f77d4309e0df798f54f5fc12a806b90e925ee7bc49861e3fd34115dc04fb,,,,R4_ALT_CEM_2,SIM_TASK_RERANK - SIM_LAT_RERANK,,,,,
FIXED20_POLICY_INTERVENTION,,,pusht,success_fraction,SIM_TASK_RERANK,1.0,20,20,1.0,1.0,20,SIM_LAT_RERANK,0.0,0.0,0.0,0.0,0.0,UNADJUSTED_POINTWISE,CASE,R4_PUSHT_S3_S3_MENU_INTERVENTIONS,4475f77d4309e0df798f54f5fc12a806b90e925ee7bc49861e3fd34115dc04fb,,,,R4_ALT_CEM_2,SIM_TASK_RERANK - SIM_LAT_RERANK,,,,,
FIXED20_POLICY_INTERVENTION,,,pusht,success_fraction,SIM_LAT_RERANK,1.0,20,20,1.0,1.0,20,SIM_LAT_RERANK,0.0,0.0,0.0,0.0,0.0,UNADJUSTED_POINTWISE,CASE,R4_PUSHT_S3_S3_MENU_INTERVENTIONS,4475f77d4309e0df798f54f5fc12a806b90e925ee7bc49861e3fd34115dc04fb,,,,MEAN_OF_3_STREAMS,SIM_TASK_RERANK - SIM_LAT_RERANK,,,,,
FIXED20_POLICY_INTERVENTION,,,pusht,success_fraction,SIM_TASK_RERANK,1.0,20,20,1.0,1.0,20,SIM_LAT_RERANK,0.0,0.0,0.0,0.0,0.0,UNADJUSTED_POINTWISE,CASE,R4_PUSHT_S3_S3_MENU_INTERVENTIONS,4475f77d4309e0df798f54f5fc12a806b90e925ee7bc49861e3fd34115dc04fb,,,,MEAN_OF_3_STREAMS,SIM_TASK_RERANK - SIM_LAT_RERANK,,,,,
LEARNING_POLICIES_ALL100,,,pusht,terminal_task_margin,H0,0.9223357180985858,100,100,0.8248452903909701,1.0370427465900856,100,H0,0.0,0.0,0.0,0.0,0.0,UNADJUSTED_POINTWISE,CASE,R4_PUSHT_S3_S3_MARGIN_AND_RESOURCE_TABLE,d7d7ef1dd65413ecd65c86cf63474d3e9469dab18572fe357beaf0ce9654d6ec,,,,R3_ORIGINAL,,,,,,
LEARNING_POLICIES_ALL100,,,pusht,terminal_task_margin,REFIT_103201,0.9122431491462334,100,100,0.7822790916855301,1.1290728316611183,100,H0,-0.010092568952352696,-0.17529773321703654,0.2201337603264954,-0.1978582478642651,0.21799040096446687,UNADJUSTED_POINTWISE,CASE,R4_PUSHT_S3_S3_MARGIN_AND_RESOURCE_TABLE,d7d7ef1dd65413ecd65c86cf63474d3e9469dab18572fe357beaf0ce9654d6ec,,,,R3_ORIGINAL,,,,,,
LEARNING_POLICIES_ALL100,,,pusht,terminal_task_margin,REFIT_103202,0.874069560369835,100,100,0.7496194015794106,1.070347262695697,100,H0,-0.048266157728750925,-0.21464066114148833,0.16721781198930127,-0.24062470301202715,0.16918624140236396,UNADJUSTED_POINTWISE,CASE,R4_PUSHT_S3_S3_MARGIN_AND_RESOURCE_TABLE,d7d7ef1dd65413ecd65c86cf63474d3e9469dab18572fe357beaf0ce9654d6ec,,,,R3_ORIGINAL,,,,,,
LEARNING_POLICIES_ALL100,,,pusht,terminal_task_margin,REFIT_103203,1.1477353754954083,100,100,0.7664237860532054,1.8430372311862662,100,H0,0.22539965739682216,-0.17764258079609982,0.9253475845823279,-0.19339598266815292,0.9157503401295556,UNADJUSTED_POINTWISE,CASE,R4_PUSHT_S3_S3_MARGIN_AND_RESOURCE_TABLE,d7d7ef1dd65413ecd65c86cf63474d3e9469dab18572fe357beaf0ce9654d6ec,,,,R3_ORIGINAL,,,,,,
LEARNING_POLICIES_ALL100,,,pusht,terminal_task_margin,FIXED3_REFIT_MEAN_NOT_ENSEMBLE,0.9780160283371591,100,100,0.7815937464447803,1.2544414462983349,100,H0,0.05568031023857285,-0.16466608076988412,0.34568630184851645,-0.18676285469271056,0.3511483657825307,UNADJUSTED_POINTWISE,CASE,R4_PUSHT_S3_S3_MARGIN_AND_RESOURCE_TABLE,d7d7ef1dd65413ecd65c86cf63474d3e9469dab18572fe357beaf0ce9654d6ec,,,,R3_ORIGINAL,,,,,,
FIXED20_POLICY_INTERVENTION,,,pusht,terminal_task_margin,H0,0.9721027802926459,20,20,0.7241348884813631,1.325450217047107,20,H0,0.0,0.0,0.0,0.0,0.0,UNADJUSTED_POINTWISE,CASE,R4_PUSHT_S3_S3_MARGIN_AND_RESOURCE_TABLE,d7d7ef1dd65413ecd65c86cf63474d3e9469dab18572fe357beaf0ce9654d6ec,,,,R3_ORIGINAL,H0_MENU_RERANK - H0,,,,,
FIXED20_POLICY_INTERVENTION,,,pusht,terminal_task_margin,H0_MENU_RERANK,0.997989851727756,20,20,0.7545462152912749,1.3520999706249524,20,H0,0.02588707143511016,-0.010034911114931062,0.08426739197593507,-0.009972889181342778,0.07988209860105647,UNADJUSTED_POINTWISE,CASE,R4_PUSHT_S3_S3_MARGIN_AND_RESOURCE_TABLE,d7d7ef1dd65413ecd65c86cf63474d3e9469dab18572fe357beaf0ce9654d6ec,,,,R3_ORIGINAL,H0_MENU_RERANK - H0,,,,,
FIXED20_POLICY_INTERVENTION,,,pusht,terminal_task_margin,H0_MENU_RERANK,0.997989851727756,20,20,0.7545462152912749,1.3520999706249524,20,H0_MENU_RERANK,0.0,0.0,0.0,0.0,0.0,UNADJUSTED_POINTWISE,CASE,R4_PUSHT_S3_S3_MARGIN_AND_RESOURCE_TABLE,d7d7ef1dd65413ecd65c86cf63474d3e9469dab18572fe357beaf0ce9654d6ec,,,,R3_ORIGINAL,SIM_LAT_RERANK - H0_MENU_RERANK,,,,,
FIXED20_POLICY_INTERVENTION,,,pusht,terminal_task_margin,SIM_LAT_RERANK,0.7130068385432182,20,20,0.6211062438247391,0.7941999815783352,20,H0_MENU_RERANK,-0.2849830131845379,-0.6653077310099053,-0.03962367285766742,-0.669646492637942,-0.041674558293741094,UNADJUSTED_POINTWISE,CASE,R4_PUSHT_S3_S3_MARGIN_AND_RESOURCE_TABLE,d7d7ef1dd65413ecd65c86cf63474d3e9469dab18572fe357beaf0ce9654d6ec,,,,R3_ORIGINAL,SIM_LAT_RERANK - H0_MENU_RERANK,,,,,
FIXED20_POLICY_INTERVENTION,,,pusht,terminal_task_margin,SIM_LAT_RERANK,0.7130068385432182,20,20,0.6211062438247391,0.7941999815783352,20,SIM_LAT_RERANK,0.0,0.0,0.0,0.0,0.0,UNADJUSTED_POINTWISE,CASE,R4_PUSHT_S3_S3_MARGIN_AND_RESOURCE_TABLE,d7d7ef1dd65413ecd65c86cf63474d3e9469dab18572fe357beaf0ce9654d6ec,,,,R3_ORIGINAL,SIM_TASK_RERANK - SIM_LAT_RERANK,,,,,
FIXED20_POLICY_INTERVENTION,,,pusht,terminal_task_margin,SIM_TASK_RERANK,0.742744699318603,20,20,0.6310007745087503,0.841706632001693,20,SIM_LAT_RERANK,0.029737860775384723,-0.04764461881814749,0.12118270484400238,-0.04666180335989483,0.11964684766981415,UNADJUSTED_POINTWISE,CASE,R4_PUSHT_S3_S3_MARGIN_AND_RESOURCE_TABLE,d7d7ef1dd65413ecd65c86cf63474d3e9469dab18572fe357beaf0ce9654d6ec,,,,R3_ORIGINAL,SIM_TASK_RERANK - SIM_LAT_RERANK,,,,,
LEARNING_POLICIES_ALL100,,,pusht,anytime_executed_task_margin,H0,0.8325954475168034,100,100,0.7807814527493068,0.8888256494893281,100,H0,0.0,0.0,0.0,0.0,0.0,UNADJUSTED_POINTWISE,CASE,R4_PUSHT_S3_S3_MARGIN_AND_RESOURCE_TABLE,d7d7ef1dd65413ecd65c86cf63474d3e9469dab18572fe357beaf0ce9654d6ec,,,,R3_ORIGINAL,,,,,,
LEARNING_POLICIES_ALL100,,,pusht,anytime_executed_task_margin,REFIT_103201,0.8423158373010832,100,100,0.7747885100933932,0.9369806354331394,100,H0,0.009720389784279587,-0.06367297740868177,0.1071588362166825,-0.0674892858469456,0.10447573663269175,UNADJUSTED_POINTWISE,CASE,R4_PUSHT_S3_S3_MARGIN_AND_RESOURCE_TABLE,d7d7ef1dd65413ecd65c86cf63474d3e9469dab18572fe357beaf0ce9654d6ec,,,,R3_ORIGINAL,,,,,,
LEARNING_POLICIES_ALL100,,,pusht,anytime_executed_task_margin,REFIT_103202,0.8173250498945162,100,100,0.7439824235890838,0.9138138735547658,100,H0,-0.015270397622287381,-0.09410216123267746,0.08384208545342635,-0.09514909678204432,0.08460217037296777,UNADJUSTED_POINTWISE,CASE,R4_PUSHT_S3_S3_MARGIN_AND_RESOURCE_TABLE,d7d7ef1dd65413ecd65c86cf63474d3e9469dab18572fe357beaf0ce9654d6ec,,,,R3_ORIGINAL,,,,,,
LEARNING_POLICIES_ALL100,,,pusht,anytime_executed_task_margin,REFIT_103203,0.8923577320479097,100,100,0.7580774378701662,1.0919113406987713,100,H0,0.059762284531106206,-0.07628101929268086,0.25779701354006573,-0.07544040055256264,0.2583007056141817,UNADJUSTED_POINTWISE,CASE,R4_PUSHT_S3_S3_MARGIN_AND_RESOURCE_TABLE,d7d7ef1dd65413ecd65c86cf63474d3e9469dab18572fe357beaf0ce9654d6ec,,,,R3_ORIGINAL,,,,,,
LEARNING_POLICIES_ALL100,,,pusht,anytime_executed_task_margin,FIXED3_REFIT_MEAN_NOT_ENSEMBLE,0.850666206414503,100,100,0.7720693941904464,0.9571957626621946,100,H0,0.018070758897699463,-0.06505837864393167,0.1238060782757714,-0.0659486092123689,0.12136141678542481,UNADJUSTED_POINTWISE,CASE,R4_PUSHT_S3_S3_MARGIN_AND_RESOURCE_TABLE,d7d7ef1dd65413ecd65c86cf63474d3e9469dab18572fe357beaf0ce9654d6ec,,,,R3_ORIGINAL,,,,,,
FIXED20_POLICY_INTERVENTION,,,pusht,anytime_executed_task_margin,H0,0.8387099742394639,20,20,0.7123982500727322,0.994789005559887,20,H0,0.0,0.0,0.0,0.0,0.0,UNADJUSTED_POINTWISE,CASE,R4_PUSHT_S3_S3_MARGIN_AND_RESOURCE_TABLE,d7d7ef1dd65413ecd65c86cf63474d3e9469dab18572fe357beaf0ce9654d6ec,,,,R3_ORIGINAL,H0_MENU_RERANK - H0,,,,,
FIXED20_POLICY_INTERVENTION,,,pusht,anytime_executed_task_margin,H0_MENU_RERANK,0.864597045674574,20,20,0.7412194235853102,1.017110372842806,20,H0,0.02588707143511016,-0.010034911114931062,0.08426739197593507,-0.009972889181342778,0.07988209860105647,UNADJUSTED_POINTWISE,CASE,R4_PUSHT_S3_S3_MARGIN_AND_RESOURCE_TABLE,d7d7ef1dd65413ecd65c86cf63474d3e9469dab18572fe357beaf0ce9654d6ec,,,,R3_ORIGINAL,H0_MENU_RERANK - H0,,,,,
FIXED20_POLICY_INTERVENTION,,,pusht,anytime_executed_task_margin,H0_MENU_RERANK,0.864597045674574,20,20,0.7412194235853102,1.017110372842806,20,H0_MENU_RERANK,0.0,0.0,0.0,0.0,0.0,UNADJUSTED_POINTWISE,CASE,R4_PUSHT_S3_S3_MARGIN_AND_RESOURCE_TABLE,d7d7ef1dd65413ecd65c86cf63474d3e9469dab18572fe357beaf0ce9654d6ec,,,,R3_ORIGINAL,SIM_LAT_RERANK - H0_MENU_RERANK,,,,,
FIXED20_POLICY_INTERVENTION,,,pusht,anytime_executed_task_margin,SIM_LAT_RERANK,0.7130068385432182,20,20,0.6211062438247391,0.7941999815783352,20,H0_MENU_RERANK,-0.1515902071313559,-0.31123211190396716,-0.03764737222887952,-0.30968406455415803,-0.04005240295826449,UNADJUSTED_POINTWISE,CASE,R4_PUSHT_S3_S3_MARGIN_AND_RESOURCE_TABLE,d7d7ef1dd65413ecd65c86cf63474d3e9469dab18572fe357beaf0ce9654d6ec,,,,R3_ORIGINAL,SIM_LAT_RERANK - H0_MENU_RERANK,,,,,
FIXED20_POLICY_INTERVENTION,,,pusht,anytime_executed_task_margin,SIM_LAT_RERANK,0.7130068385432182,20,20,0.6211062438247391,0.7941999815783352,20,SIM_LAT_RERANK,0.0,0.0,0.0,0.0,0.0,UNADJUSTED_POINTWISE,CASE,R4_PUSHT_S3_S3_MARGIN_AND_RESOURCE_TABLE,d7d7ef1dd65413ecd65c86cf63474d3e9469dab18572fe357beaf0ce9654d6ec,,,,R3_ORIGINAL,SIM_TASK_RERANK - SIM_LAT_RERANK,,,,,
FIXED20_POLICY_INTERVENTION,,,pusht,anytime_executed_task_margin,SIM_TASK_RERANK,0.742744699318603,20,20,0.6310007745087503,0.841706632001693,20,SIM_LAT_RERANK,0.029737860775384723,-0.04764461881814749,0.12118270484400238,-0.04666180335989483,0.11964684766981415,UNADJUSTED_POINTWISE,CASE,R4_PUSHT_S3_S3_MARGIN_AND_RESOURCE_TABLE,d7d7ef1dd65413ecd65c86cf63474d3e9469dab18572fe357beaf0ce9654d6ec,,,,R3_ORIGINAL,SIM_TASK_RERANK - SIM_LAT_RERANK,,,,,
LEARNING_POLICIES_ALL100,,,pusht,executed_raw_steps,H0,27.02,100,100,25.199749999999998,29.01,100,H0,0.0,0.0,0.0,0.0,0.0,UNADJUSTED_POINTWISE,CASE,R4_PUSHT_S3_S3_MARGIN_AND_RESOURCE_TABLE,d7d7ef1dd65413ecd65c86cf63474d3e9469dab18572fe357beaf0ce9654d6ec,,,,R3_ORIGINAL,,,,,,
LEARNING_POLICIES_ALL100,,,pusht,executed_raw_steps,REFIT_103201,25.0,100,100,23.35,26.84,100,H0,-2.02,-4.06025,0.01,-4.333333333333333,0.10111642743221536,UNADJUSTED_POINTWISE,CASE,R4_PUSHT_S3_S3_MARGIN_AND_RESOURCE_TABLE,d7d7ef1dd65413ecd65c86cf63474d3e9469dab18572fe357beaf0ce9654d6ec,,,,R3_ORIGINAL,,,,,,
LEARNING_POLICIES_ALL100,,,pusht,executed_raw_steps,REFIT_103202,24.61,100,100,23.16,26.28,100,H0,-2.41,-4.38,-0.51,-4.455693069306931,-0.4488937159022037,UNADJUSTED_POINTWISE,CASE,R4_PUSHT_S3_S3_MARGIN_AND_RESOURCE_TABLE,d7d7ef1dd65413ecd65c86cf63474d3e9469dab18572fe357beaf0ce9654d6ec,,,,R3_ORIGINAL,,,,,,
LEARNING_POLICIES_ALL100,,,pusht,executed_raw_steps,REFIT_103203,25.03,100,100,23.47,26.820249999999998,100,H0,-1.99,-4.1605,0.17024999999999638,-4.2,0.05051793444650569,UNADJUSTED_POINTWISE,CASE,R4_PUSHT_S3_S3_MARGIN_AND_RESOURCE_TABLE,d7d7ef1dd65413ecd65c86cf63474d3e9469dab18572fe357beaf0ce9654d6ec,,,,R3_ORIGINAL,,,,,,
LEARNING_POLICIES_ALL100,,,pusht,executed_raw_steps,FIXED3_REFIT_MEAN_NOT_ENSEMBLE,24.879999999999995,100,100,23.510000000000005,26.443499999999997,100,H0,-2.14,-4.09675,-0.2831666666666692,-4.186861111111111,-0.29734893957583086,UNADJUSTED_POINTWISE,CASE,R4_PUSHT_S3_S3_MARGIN_AND_RESOURCE_TABLE,d7d7ef1dd65413ecd65c86cf63474d3e9469dab18572fe357beaf0ce9654d6ec,,,,R3_ORIGINAL,,,,,,
FIXED20_POLICY_INTERVENTION,,,pusht,executed_raw_steps,H0,27.45,20,20,23.6,31.75,20,H0,0.0,0.0,0.0,0.0,0.0,UNADJUSTED_POINTWISE,CASE,R4_PUSHT_S3_S3_MARGIN_AND_RESOURCE_TABLE,d7d7ef1dd65413ecd65c86cf63474d3e9469dab18572fe357beaf0ce9654d6ec,,,,R3_ORIGINAL,H0_MENU_RERANK - H0,,,,,
FIXED20_POLICY_INTERVENTION,,,pusht,executed_raw_steps,H0_MENU_RERANK,27.2,20,20,23.35,31.55,20,H0,-0.25,-0.6,0.0,-0.6,0.0,UNADJUSTED_POINTWISE,CASE,R4_PUSHT_S3_S3_MARGIN_AND_RESOURCE_TABLE,d7d7ef1dd65413ecd65c86cf63474d3e9469dab18572fe357beaf0ce9654d6ec,,,,R3_ORIGINAL,H0_MENU_RERANK - H0,,,,,
FIXED20_POLICY_INTERVENTION,,,pusht,executed_raw_steps,H0_MENU_RERANK,27.2,20,20,23.35,31.55,20,H0_MENU_RERANK,0.0,0.0,0.0,0.0,0.0,UNADJUSTED_POINTWISE,CASE,R4_PUSHT_S3_S3_MARGIN_AND_RESOURCE_TABLE,d7d7ef1dd65413ecd65c86cf63474d3e9469dab18572fe357beaf0ce9654d6ec,,,,R3_ORIGINAL,SIM_LAT_RERANK - H0_MENU_RERANK,,,,,
FIXED20_POLICY_INTERVENTION,,,pusht,executed_raw_steps,SIM_LAT_RERANK,22.35,20,20,20.4,23.75,20,H0_MENU_RERANK,-4.85,-9.0,-1.35,-9.2,-1.4,UNADJUSTED_POINTWISE,CASE,R4_PUSHT_S3_S3_MARGIN_AND_RESOURCE_TABLE,d7d7ef1dd65413ecd65c86cf63474d3e9469dab18572fe357beaf0ce9654d6ec,,,,R3_ORIGINAL,SIM_LAT_RERANK - H0_MENU_RERANK,,,,,
FIXED20_POLICY_INTERVENTION,,,pusht,executed_raw_steps,SIM_LAT_RERANK,22.35,20,20,20.4,23.75,20,SIM_LAT_RERANK,0.0,0.0,0.0,0.0,0.0,UNADJUSTED_POINTWISE,CASE,R4_PUSHT_S3_S3_MARGIN_AND_RESOURCE_TABLE,d7d7ef1dd65413ecd65c86cf63474d3e9469dab18572fe357beaf0ce9654d6ec,,,,R3_ORIGINAL,SIM_TASK_RERANK - SIM_LAT_RERANK,,,,,
FIXED20_POLICY_INTERVENTION,,,pusht,executed_raw_steps,SIM_TASK_RERANK,21.75,20,20,19.85,23.2,20,SIM_LAT_RERANK,-0.6,-1.1,-0.2,-1.1,-0.2,UNADJUSTED_POINTWISE,CASE,R4_PUSHT_S3_S3_MARGIN_AND_RESOURCE_TABLE,d7d7ef1dd65413ecd65c86cf63474d3e9469dab18572fe357beaf0ce9654d6ec,,,,R3_ORIGINAL,SIM_TASK_RERANK - SIM_LAT_RERANK,,,,,
LEARNING_POLICIES_ALL100,,,pusht,replan_calls,H0,1.17,100,100,1.1,1.25,100,H0,0.0,0.0,0.0,0.0,0.0,UNADJUSTED_POINTWISE,CASE,R4_PUSHT_S3_S3_MARGIN_AND_RESOURCE_TABLE,d7d7ef1dd65413ecd65c86cf63474d3e9469dab18572fe357beaf0ce9654d6ec,,,,R3_ORIGINAL,,,,,,
LEARNING_POLICIES_ALL100,,,pusht,replan_calls,REFIT_103201,1.12,100,100,1.06,1.19,100,H0,-0.05,-0.13,0.03,-0.13592233009708737,0.03125,UNADJUSTED_POINTWISE,CASE,R4_PUSHT_S3_S3_MARGIN_AND_RESOURCE_TABLE,d7d7ef1dd65413ecd65c86cf63474d3e9469dab18572fe357beaf0ce9654d6ec,,,,R3_ORIGINAL,,,,,,
LEARNING_POLICIES_ALL100,,,pusht,replan_calls,REFIT_103202,1.09,100,100,1.04,1.15,100,H0,-0.08,-0.16,-0.01,-0.16003225806451613,0.0,UNADJUSTED_POINTWISE,CASE,R4_PUSHT_S3_S3_MARGIN_AND_RESOURCE_TABLE,d7d7ef1dd65413ecd65c86cf63474d3e9469dab18572fe357beaf0ce9654d6ec,,,,R3_ORIGINAL,,,,,,
LEARNING_POLICIES_ALL100,,,pusht,replan_calls,REFIT_103203,1.12,100,100,1.06,1.19,100,H0,-0.05,-0.13,0.03,-0.13131313131313133,0.0297029702970297,UNADJUSTED_POINTWISE,CASE,R4_PUSHT_S3_S3_MARGIN_AND_RESOURCE_TABLE,d7d7ef1dd65413ecd65c86cf63474d3e9469dab18572fe357beaf0ce9654d6ec,,,,R3_ORIGINAL,,,,,,
LEARNING_POLICIES_ALL100,,,pusht,replan_calls,FIXED3_REFIT_MEAN_NOT_ENSEMBLE,1.11,100,100,1.06,1.17,100,H0,-0.05999999999999999,-0.13666666666666666,0.013333333333333332,-0.13915857605177995,0.013336700336700294,UNADJUSTED_POINTWISE,CASE,R4_PUSHT_S3_S3_MARGIN_AND_RESOURCE_TABLE,d7d7ef1dd65413ecd65c86cf63474d3e9469dab18572fe357beaf0ce9654d6ec,,,,R3_ORIGINAL,,,,,,
FIXED20_POLICY_INTERVENTION,,,pusht,replan_calls,H0,1.2,20,20,1.05,1.4,20,H0,0.0,0.0,0.0,0.0,0.0,UNADJUSTED_POINTWISE,CASE,R4_PUSHT_S3_S3_MARGIN_AND_RESOURCE_TABLE,d7d7ef1dd65413ecd65c86cf63474d3e9469dab18572fe357beaf0ce9654d6ec,,,,R3_ORIGINAL,H0_MENU_RERANK - H0,,,,,
FIXED20_POLICY_INTERVENTION,,,pusht,replan_calls,H0_MENU_RERANK,1.2,20,20,1.05,1.4,20,H0,0.0,0.0,0.0,0.0,0.0,UNADJUSTED_POINTWISE,CASE,R4_PUSHT_S3_S3_MARGIN_AND_RESOURCE_TABLE,d7d7ef1dd65413ecd65c86cf63474d3e9469dab18572fe357beaf0ce9654d6ec,,,,R3_ORIGINAL,H0_MENU_RERANK - H0,,,,,
FIXED20_POLICY_INTERVENTION,,,pusht,replan_calls,H0_MENU_RERANK,1.2,20,20,1.05,1.4,20,H0_MENU_RERANK,0.0,0.0,0.0,0.0,0.0,UNADJUSTED_POINTWISE,CASE,R4_PUSHT_S3_S3_MARGIN_AND_RESOURCE_TABLE,d7d7ef1dd65413ecd65c86cf63474d3e9469dab18572fe357beaf0ce9654d6ec,,,,R3_ORIGINAL,SIM_LAT_RERANK - H0_MENU_RERANK,,,,,
FIXED20_POLICY_INTERVENTION,,,pusht,replan_calls,SIM_LAT_RERANK,1.0,20,20,1.0,1.0,20,H0_MENU_RERANK,-0.2,-0.4,-0.05,-0.4,-0.05,UNADJUSTED_POINTWISE,CASE,R4_PUSHT_S3_S3_MARGIN_AND_RESOURCE_TABLE,d7d7ef1dd65413ecd65c86cf63474d3e9469dab18572fe357beaf0ce9654d6ec,,,,R3_ORIGINAL,SIM_LAT_RERANK - H0_MENU_RERANK,,,,,
FIXED20_POLICY_INTERVENTION,,,pusht,replan_calls,SIM_LAT_RERANK,1.0,20,20,1.0,1.0,20,SIM_LAT_RERANK,0.0,0.0,0.0,0.0,0.0,UNADJUSTED_POINTWISE,CASE,R4_PUSHT_S3_S3_MARGIN_AND_RESOURCE_TABLE,d7d7ef1dd65413ecd65c86cf63474d3e9469dab18572fe357beaf0ce9654d6ec,,,,R3_ORIGINAL,SIM_TASK_RERANK - SIM_LAT_RERANK,,,,,
FIXED20_POLICY_INTERVENTION,,,pusht,replan_calls,SIM_TASK_RERANK,1.0,20,20,1.0,1.0,20,SIM_LAT_RERANK,0.0,0.0,0.0,0.0,0.0,UNADJUSTED_POINTWISE,CASE,R4_PUSHT_S3_S3_MARGIN_AND_RESOURCE_TABLE,d7d7ef1dd65413ecd65c86cf63474d3e9469dab18572fe357beaf0ce9654d6ec,,,,R3_ORIGINAL,SIM_TASK_RERANK - SIM_LAT_RERANK,,,,,
LEARNING_POLICIES_ALL100,,,pusht,wall_seconds,H0,0.688927498270641,100,100,0.6463263959780307,0.7348887795173215,100,H0,0.0,0.0,0.0,0.0,0.0,UNADJUSTED_POINTWISE,CASE,R4_PUSHT_S3_S3_MARGIN_AND_RESOURCE_TABLE,d7d7ef1dd65413ecd65c86cf63474d3e9469dab18572fe357beaf0ce9654d6ec,,,,R3_ORIGINAL,,,,,,
LEARNING_POLICIES_ALL100,,,pusht,wall_seconds,REFIT_103201,0.6507501535804476,100,100,0.6164605309634935,0.6901401048578045,100,H0,-0.038177344690193425,-0.08489856535959552,0.008092455362129838,-0.09413242399564539,0.01376943852926781,UNADJUSTED_POINTWISE,CASE,R4_PUSHT_S3_S3_MARGIN_AND_RESOURCE_TABLE,d7d7ef1dd65413ecd65c86cf63474d3e9469dab18572fe357beaf0ce9654d6ec,,,,R3_ORIGINAL,,,,,,
LEARNING_POLICIES_ALL100,,,pusht,wall_seconds,REFIT_103202,0.631590165500238,100,100,0.6016770754795362,0.6668866509970975,100,H0,-0.05733733277040301,-0.1019062177519154,-0.014186172953617664,-0.11036425327510473,-0.008563467739424721,UNADJUSTED_POINTWISE,CASE,R4_PUSHT_S3_S3_MARGIN_AND_RESOURCE_TABLE,d7d7ef1dd65413ecd65c86cf63474d3e9469dab18572fe357beaf0ce9654d6ec,,,,R3_ORIGINAL,,,,,,
LEARNING_POLICIES_ALL100,,,pusht,wall_seconds,REFIT_103203,0.6475386724190321,100,100,0.613193954382703,0.6864789648122168,100,H0,-0.041388825851608996,-0.08715891316183115,0.006100144872710984,-0.09615829692788157,0.009388832677362622,UNADJUSTED_POINTWISE,CASE,R4_PUSHT_S3_S3_MARGIN_AND_RESOURCE_TABLE,d7d7ef1dd65413ecd65c86cf63474d3e9469dab18572fe357beaf0ce9654d6ec,,,,R3_ORIGINAL,,,,,,
LEARNING_POLICIES_ALL100,,,pusht,wall_seconds,FIXED3_REFIT_MEAN_NOT_ENSEMBLE,0.6432929971665726,100,100,0.6130035849082317,0.6780344002990385,100,H0,-0.0456345011040685,-0.0902257307647936,-0.0020801209522348717,-0.09798182744766631,0.0016865583879604074,UNADJUSTED_POINTWISE,CASE,R4_PUSHT_S3_S3_MARGIN_AND_RESOURCE_TABLE,d7d7ef1dd65413ecd65c86cf63474d3e9469dab18572fe357beaf0ce9654d6ec,,,,R3_ORIGINAL,,,,,,
FIXED20_POLICY_INTERVENTION,,,pusht,wall_seconds,H0,0.6959779697499471,20,20,0.6089478633449835,0.8049337252283294,20,H0,0.0,0.0,0.0,0.0,0.0,UNADJUSTED_POINTWISE,CASE,R4_PUSHT_S3_S3_MARGIN_AND_RESOURCE_TABLE,d7d7ef1dd65413ecd65c86cf63474d3e9469dab18572fe357beaf0ce9654d6ec,,,,R3_ORIGINAL,H0_MENU_RERANK - H0,,,,,
FIXED20_POLICY_INTERVENTION,,,pusht,wall_seconds,H0_MENU_RERANK,2.492528739151021,20,20,2.1389448179538886,2.88690817007624,20,H0,1.7965507694010738,1.5235761814274518,2.0945257378624587,1.5402133725654858,2.1040431690580226,UNADJUSTED_POINTWISE,CASE,R4_PUSHT_S3_S3_MARGIN_AND_RESOURCE_TABLE,d7d7ef1dd65413ecd65c86cf63474d3e9469dab18572fe357beaf0ce9654d6ec,,,,R3_ORIGINAL,H0_MENU_RERANK - H0,,,,,
FIXED20_POLICY_INTERVENTION,,,pusht,wall_seconds,H0_MENU_RERANK,2.492528739151021,20,20,2.1389448179538886,2.88690817007624,20,H0_MENU_RERANK,0.0,0.0,0.0,0.0,0.0,UNADJUSTED_POINTWISE,CASE,R4_PUSHT_S3_S3_MARGIN_AND_RESOURCE_TABLE,d7d7ef1dd65413ecd65c86cf63474d3e9469dab18572fe357beaf0ce9654d6ec,,,,R3_ORIGINAL,SIM_LAT_RERANK - H0_MENU_RERANK,,,,,
FIXED20_POLICY_INTERVENTION,,,pusht,wall_seconds,SIM_LAT_RERANK,21.575440654199337,20,20,21.19985550798752,21.948527690493172,20,H0_MENU_RERANK,19.082911915048317,18.642797782952147,19.511918803396327,18.64601485354437,19.504563664323687,UNADJUSTED_POINTWISE,CASE,R4_PUSHT_S3_S3_MARGIN_AND_RESOURCE_TABLE,d7d7ef1dd65413ecd65c86cf63474d3e9469dab18572fe357beaf0ce9654d6ec,,,,R3_ORIGINAL,SIM_LAT_RERANK - H0_MENU_RERANK,,,,,
FIXED20_POLICY_INTERVENTION,,,pusht,wall_seconds,SIM_LAT_RERANK,21.575440654199337,20,20,21.19985550798752,21.948527690493172,20,SIM_LAT_RERANK,0.0,0.0,0.0,0.0,0.0,UNADJUSTED_POINTWISE,CASE,R4_PUSHT_S3_S3_MARGIN_AND_RESOURCE_TABLE,d7d7ef1dd65413ecd65c86cf63474d3e9469dab18572fe357beaf0ce9654d6ec,,,,R3_ORIGINAL,SIM_TASK_RERANK - SIM_LAT_RERANK,,,,,
FIXED20_POLICY_INTERVENTION,,,pusht,wall_seconds,SIM_TASK_RERANK,21.801954389849563,20,20,21.466448107921313,22.171848221384682,20,SIM_LAT_RERANK,0.22651373565022367,-0.006445381389676185,0.48391108299892927,-0.018265408670849866,0.47918414172232576,UNADJUSTED_POINTWISE,CASE,R4_PUSHT_S3_S3_MARGIN_AND_RESOURCE_TABLE,d7d7ef1dd65413ecd65c86cf63474d3e9469dab18572fe357beaf0ce9654d6ec,,,,R3_ORIGINAL,SIM_TASK_RERANK - SIM_LAT_RERANK,,,,,
LEARNING_POLICIES_ALL100,,,pusht,branch_count,H0,0.0,100,100,0.0,0.0,100,H0,0.0,0.0,0.0,0.0,0.0,UNADJUSTED_POINTWISE,CASE,R4_PUSHT_S3_S3_MARGIN_AND_RESOURCE_TABLE,d7d7ef1dd65413ecd65c86cf63474d3e9469dab18572fe357beaf0ce9654d6ec,,,,R3_ORIGINAL,,,,,,
LEARNING_POLICIES_ALL100,,,pusht,branch_count,REFIT_103201,0.0,100,100,0.0,0.0,100,H0,0.0,0.0,0.0,0.0,0.0,UNADJUSTED_POINTWISE,CASE,R4_PUSHT_S3_S3_MARGIN_AND_RESOURCE_TABLE,d7d7ef1dd65413ecd65c86cf63474d3e9469dab18572fe357beaf0ce9654d6ec,,,,R3_ORIGINAL,,,,,,
LEARNING_POLICIES_ALL100,,,pusht,branch_count,REFIT_103202,0.0,100,100,0.0,0.0,100,H0,0.0,0.0,0.0,0.0,0.0,UNADJUSTED_POINTWISE,CASE,R4_PUSHT_S3_S3_MARGIN_AND_RESOURCE_TABLE,d7d7ef1dd65413ecd65c86cf63474d3e9469dab18572fe357beaf0ce9654d6ec,,,,R3_ORIGINAL,,,,,,
LEARNING_POLICIES_ALL100,,,pusht,branch_count,REFIT_103203,0.0,100,100,0.0,0.0,100,H0,0.0,0.0,0.0,0.0,0.0,UNADJUSTED_POINTWISE,CASE,R4_PUSHT_S3_S3_MARGIN_AND_RESOURCE_TABLE,d7d7ef1dd65413ecd65c86cf63474d3e9469dab18572fe357beaf0ce9654d6ec,,,,R3_ORIGINAL,,,,,,
LEARNING_POLICIES_ALL100,,,pusht,branch_count,FIXED3_REFIT_MEAN_NOT_ENSEMBLE,0.0,100,100,0.0,0.0,100,H0,0.0,0.0,0.0,0.0,0.0,UNADJUSTED_POINTWISE,CASE,R4_PUSHT_S3_S3_MARGIN_AND_RESOURCE_TABLE,d7d7ef1dd65413ecd65c86cf63474d3e9469dab18572fe357beaf0ce9654d6ec,,,,R3_ORIGINAL,,,,,,
FIXED20_POLICY_INTERVENTION,,,pusht,branch_count,H0,0.0,20,20,0.0,0.0,20,H0,0.0,0.0,0.0,0.0,0.0,UNADJUSTED_POINTWISE,CASE,R4_PUSHT_S3_S3_MARGIN_AND_RESOURCE_TABLE,d7d7ef1dd65413ecd65c86cf63474d3e9469dab18572fe357beaf0ce9654d6ec,,,,R3_ORIGINAL,H0_MENU_RERANK - H0,,,,,
FIXED20_POLICY_INTERVENTION,,,pusht,branch_count,H0_MENU_RERANK,0.0,20,20,0.0,0.0,20,H0,0.0,0.0,0.0,0.0,0.0,UNADJUSTED_POINTWISE,CASE,R4_PUSHT_S3_S3_MARGIN_AND_RESOURCE_TABLE,d7d7ef1dd65413ecd65c86cf63474d3e9469dab18572fe357beaf0ce9654d6ec,,,,R3_ORIGINAL,H0_MENU_RERANK - H0,,,,,
FIXED20_POLICY_INTERVENTION,,,pusht,branch_count,H0_MENU_RERANK,0.0,20,20,0.0,0.0,20,H0_MENU_RERANK,0.0,0.0,0.0,0.0,0.0,UNADJUSTED_POINTWISE,CASE,R4_PUSHT_S3_S3_MARGIN_AND_RESOURCE_TABLE,d7d7ef1dd65413ecd65c86cf63474d3e9469dab18572fe357beaf0ce9654d6ec,,,,R3_ORIGINAL,SIM_LAT_RERANK - H0_MENU_RERANK,,,,,
FIXED20_POLICY_INTERVENTION,,,pusht,branch_count,SIM_LAT_RERANK,64.0,20,20,64.0,64.0,20,H0_MENU_RERANK,64.0,64.0,64.0,64.0,64.0,UNADJUSTED_POINTWISE,CASE,R4_PUSHT_S3_S3_MARGIN_AND_RESOURCE_TABLE,d7d7ef1dd65413ecd65c86cf63474d3e9469dab18572fe357beaf0ce9654d6ec,,,,R3_ORIGINAL,SIM_LAT_RERANK - H0_MENU_RERANK,,,,,
FIXED20_POLICY_INTERVENTION,,,pusht,branch_count,SIM_LAT_RERANK,64.0,20,20,64.0,64.0,20,SIM_LAT_RERANK,0.0,0.0,0.0,0.0,0.0,UNADJUSTED_POINTWISE,CASE,R4_PUSHT_S3_S3_MARGIN_AND_RESOURCE_TABLE,d7d7ef1dd65413ecd65c86cf63474d3e9469dab18572fe357beaf0ce9654d6ec,,,,R3_ORIGINAL,SIM_TASK_RERANK - SIM_LAT_RERANK,,,,,
FIXED20_POLICY_INTERVENTION,,,pusht,branch_count,SIM_TASK_RERANK,64.0,20,20,64.0,64.0,20,SIM_LAT_RERANK,0.0,0.0,0.0,0.0,0.0,UNADJUSTED_POINTWISE,CASE,R4_PUSHT_S3_S3_MARGIN_AND_RESOURCE_TABLE,d7d7ef1dd65413ecd65c86cf63474d3e9469dab18572fe357beaf0ce9654d6ec,,,,R3_ORIGINAL,SIM_TASK_RERANK - SIM_LAT_RERANK,,,,,
LEARNING_POLICIES_ALL100,,,pusht,branch_raw_steps,H0,0.0,100,100,0.0,0.0,100,H0,0.0,0.0,0.0,0.0,0.0,UNADJUSTED_POINTWISE,CASE,R4_PUSHT_S3_S3_MARGIN_AND_RESOURCE_TABLE,d7d7ef1dd65413ecd65c86cf63474d3e9469dab18572fe357beaf0ce9654d6ec,,,,R3_ORIGINAL,,,,,,
LEARNING_POLICIES_ALL100,,,pusht,branch_raw_steps,REFIT_103201,0.0,100,100,0.0,0.0,100,H0,0.0,0.0,0.0,0.0,0.0,UNADJUSTED_POINTWISE,CASE,R4_PUSHT_S3_S3_MARGIN_AND_RESOURCE_TABLE,d7d7ef1dd65413ecd65c86cf63474d3e9469dab18572fe357beaf0ce9654d6ec,,,,R3_ORIGINAL,,,,,,
LEARNING_POLICIES_ALL100,,,pusht,branch_raw_steps,REFIT_103202,0.0,100,100,0.0,0.0,100,H0,0.0,0.0,0.0,0.0,0.0,UNADJUSTED_POINTWISE,CASE,R4_PUSHT_S3_S3_MARGIN_AND_RESOURCE_TABLE,d7d7ef1dd65413ecd65c86cf63474d3e9469dab18572fe357beaf0ce9654d6ec,,,,R3_ORIGINAL,,,,,,
LEARNING_POLICIES_ALL100,,,pusht,branch_raw_steps,REFIT_103203,0.0,100,100,0.0,0.0,100,H0,0.0,0.0,0.0,0.0,0.0,UNADJUSTED_POINTWISE,CASE,R4_PUSHT_S3_S3_MARGIN_AND_RESOURCE_TABLE,d7d7ef1dd65413ecd65c86cf63474d3e9469dab18572fe357beaf0ce9654d6ec,,,,R3_ORIGINAL,,,,,,
LEARNING_POLICIES_ALL100,,,pusht,branch_raw_steps,FIXED3_REFIT_MEAN_NOT_ENSEMBLE,0.0,100,100,0.0,0.0,100,H0,0.0,0.0,0.0,0.0,0.0,UNADJUSTED_POINTWISE,CASE,R4_PUSHT_S3_S3_MARGIN_AND_RESOURCE_TABLE,d7d7ef1dd65413ecd65c86cf63474d3e9469dab18572fe357beaf0ce9654d6ec,,,,R3_ORIGINAL,,,,,,
FIXED20_POLICY_INTERVENTION,,,pusht,branch_raw_steps,H0,0.0,20,20,0.0,0.0,20,H0,0.0,0.0,0.0,0.0,0.0,UNADJUSTED_POINTWISE,CASE,R4_PUSHT_S3_S3_MARGIN_AND_RESOURCE_TABLE,d7d7ef1dd65413ecd65c86cf63474d3e9469dab18572fe357beaf0ce9654d6ec,,,,R3_ORIGINAL,H0_MENU_RERANK - H0,,,,,
FIXED20_POLICY_INTERVENTION,,,pusht,branch_raw_steps,H0_MENU_RERANK,0.0,20,20,0.0,0.0,20,H0,0.0,0.0,0.0,0.0,0.0,UNADJUSTED_POINTWISE,CASE,R4_PUSHT_S3_S3_MARGIN_AND_RESOURCE_TABLE,d7d7ef1dd65413ecd65c86cf63474d3e9469dab18572fe357beaf0ce9654d6ec,,,,R3_ORIGINAL,H0_MENU_RERANK - H0,,,,,
FIXED20_POLICY_INTERVENTION,,,pusht,branch_raw_steps,H0_MENU_RERANK,0.0,20,20,0.0,0.0,20,H0_MENU_RERANK,0.0,0.0,0.0,0.0,0.0,UNADJUSTED_POINTWISE,CASE,R4_PUSHT_S3_S3_MARGIN_AND_RESOURCE_TABLE,d7d7ef1dd65413ecd65c86cf63474d3e9469dab18572fe357beaf0ce9654d6ec,,,,R3_ORIGINAL,SIM_LAT_RERANK - H0_MENU_RERANK,,,,,
FIXED20_POLICY_INTERVENTION,,,pusht,branch_raw_steps,SIM_LAT_RERANK,1600.0,20,20,1600.0,1600.0,20,H0_MENU_RERANK,1600.0,1600.0,1600.0,1600.0,1600.0,UNADJUSTED_POINTWISE,CASE,R4_PUSHT_S3_S3_MARGIN_AND_RESOURCE_TABLE,d7d7ef1dd65413ecd65c86cf63474d3e9469dab18572fe357beaf0ce9654d6ec,,,,R3_ORIGINAL,SIM_LAT_RERANK - H0_MENU_RERANK,,,,,
FIXED20_POLICY_INTERVENTION,,,pusht,branch_raw_steps,SIM_LAT_RERANK,1600.0,20,20,1600.0,1600.0,20,SIM_LAT_RERANK,0.0,0.0,0.0,0.0,0.0,UNADJUSTED_POINTWISE,CASE,R4_PUSHT_S3_S3_MARGIN_AND_RESOURCE_TABLE,d7d7ef1dd65413ecd65c86cf63474d3e9469dab18572fe357beaf0ce9654d6ec,,,,R3_ORIGINAL,SIM_TASK_RERANK - SIM_LAT_RERANK,,,,,
FIXED20_POLICY_INTERVENTION,,,pusht,branch_raw_steps,SIM_TASK_RERANK,1600.0,20,20,1600.0,1600.0,20,SIM_LAT_RERANK,0.0,0.0,0.0,0.0,0.0,UNADJUSTED_POINTWISE,CASE,R4_PUSHT_S3_S3_MARGIN_AND_RESOURCE_TABLE,d7d7ef1dd65413ecd65c86cf63474d3e9469dab18572fe357beaf0ce9654d6ec,,,,R3_ORIGINAL,SIM_TASK_RERANK - SIM_LAT_RERANK,,,,,
LEARNING_POLICIES_ALL100,,,pusht,branch_seconds,H0,0.0,100,100,0.0,0.0,100,H0,0.0,0.0,0.0,0.0,0.0,UNADJUSTED_POINTWISE,CASE,R4_PUSHT_S3_S3_MARGIN_AND_RESOURCE_TABLE,d7d7ef1dd65413ecd65c86cf63474d3e9469dab18572fe357beaf0ce9654d6ec,,,,R3_ORIGINAL,,,,,,
LEARNING_POLICIES_ALL100,,,pusht,branch_seconds,REFIT_103201,0.0,100,100,0.0,0.0,100,H0,0.0,0.0,0.0,0.0,0.0,UNADJUSTED_POINTWISE,CASE,R4_PUSHT_S3_S3_MARGIN_AND_RESOURCE_TABLE,d7d7ef1dd65413ecd65c86cf63474d3e9469dab18572fe357beaf0ce9654d6ec,,,,R3_ORIGINAL,,,,,,
LEARNING_POLICIES_ALL100,,,pusht,branch_seconds,REFIT_103202,0.0,100,100,0.0,0.0,100,H0,0.0,0.0,0.0,0.0,0.0,UNADJUSTED_POINTWISE,CASE,R4_PUSHT_S3_S3_MARGIN_AND_RESOURCE_TABLE,d7d7ef1dd65413ecd65c86cf63474d3e9469dab18572fe357beaf0ce9654d6ec,,,,R3_ORIGINAL,,,,,,
LEARNING_POLICIES_ALL100,,,pusht,branch_seconds,REFIT_103203,0.0,100,100,0.0,0.0,100,H0,0.0,0.0,0.0,0.0,0.0,UNADJUSTED_POINTWISE,CASE,R4_PUSHT_S3_S3_MARGIN_AND_RESOURCE_TABLE,d7d7ef1dd65413ecd65c86cf63474d3e9469dab18572fe357beaf0ce9654d6ec,,,,R3_ORIGINAL,,,,,,
LEARNING_POLICIES_ALL100,,,pusht,branch_seconds,FIXED3_REFIT_MEAN_NOT_ENSEMBLE,0.0,100,100,0.0,0.0,100,H0,0.0,0.0,0.0,0.0,0.0,UNADJUSTED_POINTWISE,CASE,R4_PUSHT_S3_S3_MARGIN_AND_RESOURCE_TABLE,d7d7ef1dd65413ecd65c86cf63474d3e9469dab18572fe357beaf0ce9654d6ec,,,,R3_ORIGINAL,,,,,,
FIXED20_POLICY_INTERVENTION,,,pusht,branch_seconds,H0,0.0,20,20,0.0,0.0,20,H0,0.0,0.0,0.0,0.0,0.0,UNADJUSTED_POINTWISE,CASE,R4_PUSHT_S3_S3_MARGIN_AND_RESOURCE_TABLE,d7d7ef1dd65413ecd65c86cf63474d3e9469dab18572fe357beaf0ce9654d6ec,,,,R3_ORIGINAL,H0_MENU_RERANK - H0,,,,,
FIXED20_POLICY_INTERVENTION,,,pusht,branch_seconds,H0_MENU_RERANK,0.0,20,20,0.0,0.0,20,H0,0.0,0.0,0.0,0.0,0.0,UNADJUSTED_POINTWISE,CASE,R4_PUSHT_S3_S3_MARGIN_AND_RESOURCE_TABLE,d7d7ef1dd65413ecd65c86cf63474d3e9469dab18572fe357beaf0ce9654d6ec,,,,R3_ORIGINAL,H0_MENU_RERANK - H0,,,,,
FIXED20_POLICY_INTERVENTION,,,pusht,branch_seconds,H0_MENU_RERANK,0.0,20,20,0.0,0.0,20,H0_MENU_RERANK,0.0,0.0,0.0,0.0,0.0,UNADJUSTED_POINTWISE,CASE,R4_PUSHT_S3_S3_MARGIN_AND_RESOURCE_TABLE,d7d7ef1dd65413ecd65c86cf63474d3e9469dab18572fe357beaf0ce9654d6ec,,,,R3_ORIGINAL,SIM_LAT_RERANK - H0_MENU_RERANK,,,,,
FIXED20_POLICY_INTERVENTION,,,pusht,branch_seconds,SIM_LAT_RERANK,18.827858006920724,20,20,18.517300464192996,19.137134267329568,20,H0_MENU_RERANK,18.827858006920724,18.517300464192996,19.137134267329568,18.521036793670028,19.139086479756518,UNADJUSTED_POINTWISE,CASE,R4_PUSHT_S3_S3_MARGIN_AND_RESOURCE_TABLE,d7d7ef1dd65413ecd65c86cf63474d3e9469dab18572fe357beaf0ce9654d6ec,,,,R3_ORIGINAL,SIM_LAT_RERANK - H0_MENU_RERANK,,,,,
FIXED20_POLICY_INTERVENTION,,,pusht,branch_seconds,SIM_LAT_RERANK,18.827858006920724,20,20,18.517300464192996,19.137134267329568,20,SIM_LAT_RERANK,0.0,0.0,0.0,0.0,0.0,UNADJUSTED_POINTWISE,CASE,R4_PUSHT_S3_S3_MARGIN_AND_RESOURCE_TABLE,d7d7ef1dd65413ecd65c86cf63474d3e9469dab18572fe357beaf0ce9654d6ec,,,,R3_ORIGINAL,SIM_TASK_RERANK - SIM_LAT_RERANK,,,,,
FIXED20_POLICY_INTERVENTION,,,pusht,branch_seconds,SIM_TASK_RERANK,19.072238078650845,20,20,18.791251151329455,19.397617171392774,20,SIM_LAT_RERANK,0.2443800717301201,0.03539034992660164,0.4826556229989728,0.022473548945527003,0.48090747829821334,UNADJUSTED_POINTWISE,CASE,R4_PUSHT_S3_S3_MARGIN_AND_RESOURCE_TABLE,d7d7ef1dd65413ecd65c86cf63474d3e9469dab18572fe357beaf0ce9654d6ec,,,,R3_ORIGINAL,SIM_TASK_RERANK - SIM_LAT_RERANK,,,,,
LEARNING_POLICIES_ALL100,,,pusht,terminal_task_margin,H0,0.8835509797628789,100,100,0.8007873501335838,0.9822704158973805,100,H0,0.0,0.0,0.0,0.0,0.0,UNADJUSTED_POINTWISE,CASE,R4_PUSHT_S3_S3_MARGIN_AND_RESOURCE_TABLE,d7d7ef1dd65413ecd65c86cf63474d3e9469dab18572fe357beaf0ce9654d6ec,,,,R4_ALT_CEM_1,,,,,,
LEARNING_POLICIES_ALL100,,,pusht,terminal_task_margin,REFIT_103201,1.1727518042561336,100,100,0.7530620628096248,1.961577468383988,100,H0,0.28920082449325496,-0.15338897467054394,1.0636172655589593,-0.1648094319867854,1.0726036081416928,UNADJUSTED_POINTWISE,CASE,R4_PUSHT_S3_S3_MARGIN_AND_RESOURCE_TABLE,d7d7ef1dd65413ecd65c86cf63474d3e9469dab18572fe357beaf0ce9654d6ec,,,,R4_ALT_CEM_1,,,,,,
LEARNING_POLICIES_ALL100,,,pusht,terminal_task_margin,REFIT_103202,1.167670577685886,100,100,0.7766835921673271,1.9019072525332796,100,H0,0.28411959792300684,-0.13294524944660147,1.0398336898622582,-0.13739760472781076,1.0489379838195934,UNADJUSTED_POINTWISE,CASE,R4_PUSHT_S3_S3_MARGIN_AND_RESOURCE_TABLE,d7d7ef1dd65413ecd65c86cf63474d3e9469dab18572fe357beaf0ce9654d6ec,,,,R4_ALT_CEM_1,,,,,,
LEARNING_POLICIES_ALL100,,,pusht,terminal_task_margin,REFIT_103203,1.2681992968948472,100,100,0.7781425352863248,2.0681888299632023,100,H0,0.38464831713196834,-0.11579465636598246,1.1812258540629141,-0.11925439989444493,1.1862011036854907,UNADJUSTED_POINTWISE,CASE,R4_PUSHT_S3_S3_MARGIN_AND_RESOURCE_TABLE,d7d7ef1dd65413ecd65c86cf63474d3e9469dab18572fe357beaf0ce9654d6ec,,,,R4_ALT_CEM_1,,,,,,
LEARNING_POLICIES_ALL100,,,pusht,terminal_task_margin,FIXED3_REFIT_MEAN_NOT_ENSEMBLE,1.2028738929456222,100,100,0.7856514668813744,1.964030669200901,100,H0,0.3193229131827433,-0.11730943177829982,1.0863544877157196,-0.12404161614518101,1.0958730448620178,UNADJUSTED_POINTWISE,CASE,R4_PUSHT_S3_S3_MARGIN_AND_RESOURCE_TABLE,d7d7ef1dd65413ecd65c86cf63474d3e9469dab18572fe357beaf0ce9654d6ec,,,,R4_ALT_CEM_1,,,,,,
FIXED20_POLICY_INTERVENTION,,,pusht,terminal_task_margin,H0,0.9448806843297957,20,20,0.7298958731857569,1.2542106563144837,20,H0,0.0,0.0,0.0,0.0,0.0,UNADJUSTED_POINTWISE,CASE,R4_PUSHT_S3_S3_MARGIN_AND_RESOURCE_TABLE,d7d7ef1dd65413ecd65c86cf63474d3e9469dab18572fe357beaf0ce9654d6ec,,,,R4_ALT_CEM_1,H0_MENU_RERANK - H0,,,,,
FIXED20_POLICY_INTERVENTION,,,pusht,terminal_task_margin,H0_MENU_RERANK,0.9593915392631331,20,20,0.7511014971541494,1.2642417952843448,20,H0,0.014510854933337397,-0.010173800467044764,0.05370636526705695,-0.010173800467044764,0.05370636526705695,UNADJUSTED_POINTWISE,CASE,R4_PUSHT_S3_S3_MARGIN_AND_RESOURCE_TABLE,d7d7ef1dd65413ecd65c86cf63474d3e9469dab18572fe357beaf0ce9654d6ec,,,,R4_ALT_CEM_1,H0_MENU_RERANK - H0,,,,,
FIXED20_POLICY_INTERVENTION,,,pusht,terminal_task_margin,H0_MENU_RERANK,0.9593915392631331,20,20,0.7511014971541494,1.2642417952843448,20,H0_MENU_RERANK,0.0,0.0,0.0,0.0,0.0,UNADJUSTED_POINTWISE,CASE,R4_PUSHT_S3_S3_MARGIN_AND_RESOURCE_TABLE,d7d7ef1dd65413ecd65c86cf63474d3e9469dab18572fe357beaf0ce9654d6ec,,,,R4_ALT_CEM_1,SIM_LAT_RERANK - H0_MENU_RERANK,,,,,
FIXED20_POLICY_INTERVENTION,,,pusht,terminal_task_margin,SIM_LAT_RERANK,0.7262380511442879,20,20,0.6175621130788739,0.8163408915466148,20,H0_MENU_RERANK,-0.23315348811884523,-0.5423160533301964,-0.014027676589972433,-0.5255296931231145,-0.01910569274041849,UNADJUSTED_POINTWISE,CASE,R4_PUSHT_S3_S3_MARGIN_AND_RESOURCE_TABLE,d7d7ef1dd65413ecd65c86cf63474d3e9469dab18572fe357beaf0ce9654d6ec,,,,R4_ALT_CEM_1,SIM_LAT_RERANK - H0_MENU_RERANK,,,,,
FIXED20_POLICY_INTERVENTION,,,pusht,terminal_task_margin,SIM_LAT_RERANK,0.7262380511442879,20,20,0.6175621130788739,0.8163408915466148,20,SIM_LAT_RERANK,0.0,0.0,0.0,0.0,0.0,UNADJUSTED_POINTWISE,CASE,R4_PUSHT_S3_S3_MARGIN_AND_RESOURCE_TABLE,d7d7ef1dd65413ecd65c86cf63474d3e9469dab18572fe357beaf0ce9654d6ec,,,,R4_ALT_CEM_1,SIM_TASK_RERANK - SIM_LAT_RERANK,,,,,
FIXED20_POLICY_INTERVENTION,,,pusht,terminal_task_margin,SIM_TASK_RERANK,0.710975862388912,20,20,0.5898017450209524,0.8166366015577188,20,SIM_LAT_RERANK,-0.01526218875537591,-0.11471447962677131,0.0705957278054927,-0.10917812978901247,0.0702356436817733,UNADJUSTED_POINTWISE,CASE,R4_PUSHT_S3_S3_MARGIN_AND_RESOURCE_TABLE,d7d7ef1dd65413ecd65c86cf63474d3e9469dab18572fe357beaf0ce9654d6ec,,,,R4_ALT_CEM_1,SIM_TASK_RERANK - SIM_LAT_RERANK,,,,,
LEARNING_POLICIES_ALL100,,,pusht,anytime_executed_task_margin,H0,0.8333592337630574,100,100,0.7775064155993489,0.8999337505351326,100,H0,0.0,0.0,0.0,0.0,0.0,UNADJUSTED_POINTWISE,CASE,R4_PUSHT_S3_S3_MARGIN_AND_RESOURCE_TABLE,d7d7ef1dd65413ecd65c86cf63474d3e9469dab18572fe357beaf0ce9654d6ec,,,,R4_ALT_CEM_1,,,,,,
LEARNING_POLICIES_ALL100,,,pusht,anytime_executed_task_margin,REFIT_103201,0.8812415460321893,100,100,0.751285511206207,1.0836115183200297,100,H0,0.04788231226913189,-0.09359707213970872,0.25339978123192103,-0.10169790206316373,0.2666172369851449,UNADJUSTED_POINTWISE,CASE,R4_PUSHT_S3_S3_MARGIN_AND_RESOURCE_TABLE,d7d7ef1dd65413ecd65c86cf63474d3e9469dab18572fe357beaf0ce9654d6ec,,,,R4_ALT_CEM_1,,,,,,
LEARNING_POLICIES_ALL100,,,pusht,anytime_executed_task_margin,REFIT_103202,0.8859152750952063,100,100,0.7680067400712132,1.072234712296388,100,H0,0.05255604133214878,-0.06774839130632763,0.24636911835499603,-0.07308745917307063,0.24269750687731437,UNADJUSTED_POINTWISE,CASE,R4_PUSHT_S3_S3_MARGIN_AND_RESOURCE_TABLE,d7d7ef1dd65413ecd65c86cf63474d3e9469dab18572fe357beaf0ce9654d6ec,,,,R4_ALT_CEM_1,,,,,,
LEARNING_POLICIES_ALL100,,,pusht,anytime_executed_task_margin,REFIT_103203,0.9191107433437854,100,100,0.7651693047239316,1.1338272883490959,100,H0,0.08575150958072815,-0.07673365071661128,0.30673724181429823,-0.07490555340574288,0.30832962517781065,UNADJUSTED_POINTWISE,CASE,R4_PUSHT_S3_S3_MARGIN_AND_RESOURCE_TABLE,d7d7ef1dd65413ecd65c86cf63474d3e9469dab18572fe357beaf0ce9654d6ec,,,,R4_ALT_CEM_1,,,,,,
LEARNING_POLICIES_ALL100,,,pusht,anytime_executed_task_margin,FIXED3_REFIT_MEAN_NOT_ENSEMBLE,0.8954225214903937,100,100,0.7724986288872893,1.093799198714239,100,H0,0.062063287727336255,-0.07071825802024305,0.2594499718638745,-0.07234633422444484,0.26714427685625447,UNADJUSTED_POINTWISE,CASE,R4_PUSHT_S3_S3_MARGIN_AND_RESOURCE_TABLE,d7d7ef1dd65413ecd65c86cf63474d3e9469dab18572fe357beaf0ce9654d6ec,,,,R4_ALT_CEM_1,,,,,,
FIXED20_POLICY_INTERVENTION,,,pusht,anytime_executed_task_margin,H0,0.8836239656616595,20,20,0.7185552158172999,1.1168413371362393,20,H0,0.0,0.0,0.0,0.0,0.0,UNADJUSTED_POINTWISE,CASE,R4_PUSHT_S3_S3_MARGIN_AND_RESOURCE_TABLE,d7d7ef1dd65413ecd65c86cf63474d3e9469dab18572fe357beaf0ce9654d6ec,,,,R4_ALT_CEM_1,H0_MENU_RERANK - H0,,,,,
FIXED20_POLICY_INTERVENTION,,,pusht,anytime_executed_task_margin,H0_MENU_RERANK,0.8981348205949968,20,20,0.7412662338088342,1.1277114813462803,20,H0,0.014510854933337397,-0.010173800467044764,0.05370636526705695,-0.010173800467044764,0.05370636526705695,UNADJUSTED_POINTWISE,CASE,R4_PUSHT_S3_S3_MARGIN_AND_RESOURCE_TABLE,d7d7ef1dd65413ecd65c86cf63474d3e9469dab18572fe357beaf0ce9654d6ec,,,,R4_ALT_CEM_1,H0_MENU_RERANK - H0,,,,,
FIXED20_POLICY_INTERVENTION,,,pusht,anytime_executed_task_margin,H0_MENU_RERANK,0.8981348205949968,20,20,0.7412662338088342,1.1277114813462803,20,H0_MENU_RERANK,0.0,0.0,0.0,0.0,0.0,UNADJUSTED_POINTWISE,CASE,R4_PUSHT_S3_S3_MARGIN_AND_RESOURCE_TABLE,d7d7ef1dd65413ecd65c86cf63474d3e9469dab18572fe357beaf0ce9654d6ec,,,,R4_ALT_CEM_1,SIM_LAT_RERANK - H0_MENU_RERANK,,,,,
FIXED20_POLICY_INTERVENTION,,,pusht,anytime_executed_task_margin,SIM_LAT_RERANK,0.7262380511442879,20,20,0.6175621130788739,0.8163408915466148,20,H0_MENU_RERANK,-0.17189676945070903,-0.4180814240199638,0.0016920221170211884,-0.4156969622117775,-0.00240581011178601,UNADJUSTED_POINTWISE,CASE,R4_PUSHT_S3_S3_MARGIN_AND_RESOURCE_TABLE,d7d7ef1dd65413ecd65c86cf63474d3e9469dab18572fe357beaf0ce9654d6ec,,,,R4_ALT_CEM_1,SIM_LAT_RERANK - H0_MENU_RERANK,,,,,
FIXED20_POLICY_INTERVENTION,,,pusht,anytime_executed_task_margin,SIM_LAT_RERANK,0.7262380511442879,20,20,0.6175621130788739,0.8163408915466148,20,SIM_LAT_RERANK,0.0,0.0,0.0,0.0,0.0,UNADJUSTED_POINTWISE,CASE,R4_PUSHT_S3_S3_MARGIN_AND_RESOURCE_TABLE,d7d7ef1dd65413ecd65c86cf63474d3e9469dab18572fe357beaf0ce9654d6ec,,,,R4_ALT_CEM_1,SIM_TASK_RERANK - SIM_LAT_RERANK,,,,,
FIXED20_POLICY_INTERVENTION,,,pusht,anytime_executed_task_margin,SIM_TASK_RERANK,0.710975862388912,20,20,0.5898017450209524,0.8166366015577188,20,SIM_LAT_RERANK,-0.01526218875537591,-0.11471447962677131,0.0705957278054927,-0.10917812978901247,0.0702356436817733,UNADJUSTED_POINTWISE,CASE,R4_PUSHT_S3_S3_MARGIN_AND_RESOURCE_TABLE,d7d7ef1dd65413ecd65c86cf63474d3e9469dab18572fe357beaf0ce9654d6ec,,,,R4_ALT_CEM_1,SIM_TASK_RERANK - SIM_LAT_RERANK,,,,,
LEARNING_POLICIES_ALL100,,,pusht,executed_raw_steps,H0,25.98,100,100,24.22975,27.890249999999998,100,H0,0.0,0.0,0.0,0.0,0.0,UNADJUSTED_POINTWISE,CASE,R4_PUSHT_S3_S3_MARGIN_AND_RESOURCE_TABLE,d7d7ef1dd65413ecd65c86cf63474d3e9469dab18572fe357beaf0ce9654d6ec,,,,R4_ALT_CEM_1,,,,,,
LEARNING_POLICIES_ALL100,,,pusht,executed_raw_steps,REFIT_103201,24.51,100,100,23.08,26.18,100,H0,-1.47,-3.51,0.59,-3.2292455808080804,0.32054190608281924,UNADJUSTED_POINTWISE,CASE,R4_PUSHT_S3_S3_MARGIN_AND_RESOURCE_TABLE,d7d7ef1dd65413ecd65c86cf63474d3e9469dab18572fe357beaf0ce9654d6ec,,,,R4_ALT_CEM_1,,,,,,
LEARNING_POLICIES_ALL100,,,pusht,executed_raw_steps,REFIT_103202,25.06,100,100,23.329749999999997,26.97,100,H0,-0.92,-2.92,1.21,-2.7320421467556093,0.9801980198019802,UNADJUSTED_POINTWISE,CASE,R4_PUSHT_S3_S3_MARGIN_AND_RESOURCE_TABLE,d7d7ef1dd65413ecd65c86cf63474d3e9469dab18572fe357beaf0ce9654d6ec,,,,R4_ALT_CEM_1,,,,,,
LEARNING_POLICIES_ALL100,,,pusht,executed_raw_steps,REFIT_103203,25.7,100,100,23.97,27.62,100,H0,-0.28,-2.34,1.7202499999999963,-2.3164183673469387,1.8453806502775574,UNADJUSTED_POINTWISE,CASE,R4_PUSHT_S3_S3_MARGIN_AND_RESOURCE_TABLE,d7d7ef1dd65413ecd65c86cf63474d3e9469dab18572fe357beaf0ce9654d6ec,,,,R4_ALT_CEM_1,,,,,,
LEARNING_POLICIES_ALL100,,,pusht,executed_raw_steps,FIXED3_REFIT_MEAN_NOT_ENSEMBLE,25.089999999999996,100,100,23.61325,26.75374999999999,100,H0,-0.8900000000000002,-2.783333333333333,1.0133333333333332,-2.612272108843538,0.9125420875420869,UNADJUSTED_POINTWISE,CASE,R4_PUSHT_S3_S3_MARGIN_AND_RESOURCE_TABLE,d7d7ef1dd65413ecd65c86cf63474d3e9469dab18572fe357beaf0ce9654d6ec,,,,R4_ALT_CEM_1,,,,,,
FIXED20_POLICY_INTERVENTION,,,pusht,executed_raw_steps,H0,27.3,20,20,23.05,32.0,20,H0,0.0,0.0,0.0,0.0,0.0,UNADJUSTED_POINTWISE,CASE,R4_PUSHT_S3_S3_MARGIN_AND_RESOURCE_TABLE,d7d7ef1dd65413ecd65c86cf63474d3e9469dab18572fe357beaf0ce9654d6ec,,,,R4_ALT_CEM_1,H0_MENU_RERANK - H0,,,,,
FIXED20_POLICY_INTERVENTION,,,pusht,executed_raw_steps,H0_MENU_RERANK,25.9,20,20,21.85,30.55,20,H0,-1.4,-4.2,0.0,-4.2,0.0,UNADJUSTED_POINTWISE,CASE,R4_PUSHT_S3_S3_MARGIN_AND_RESOURCE_TABLE,d7d7ef1dd65413ecd65c86cf63474d3e9469dab18572fe357beaf0ce9654d6ec,,,,R4_ALT_CEM_1,H0_MENU_RERANK - H0,,,,,
FIXED20_POLICY_INTERVENTION,,,pusht,executed_raw_steps,H0_MENU_RERANK,25.9,20,20,21.85,30.55,20,H0_MENU_RERANK,0.0,0.0,0.0,0.0,0.0,UNADJUSTED_POINTWISE,CASE,R4_PUSHT_S3_S3_MARGIN_AND_RESOURCE_TABLE,d7d7ef1dd65413ecd65c86cf63474d3e9469dab18572fe357beaf0ce9654d6ec,,,,R4_ALT_CEM_1,SIM_LAT_RERANK - H0_MENU_RERANK,,,,,
FIXED20_POLICY_INTERVENTION,,,pusht,executed_raw_steps,SIM_LAT_RERANK,23.1,20,20,20.05,26.5,20,H0_MENU_RERANK,-2.8,-7.95,2.55,-7.65,2.15,UNADJUSTED_POINTWISE,CASE,R4_PUSHT_S3_S3_MARGIN_AND_RESOURCE_TABLE,d7d7ef1dd65413ecd65c86cf63474d3e9469dab18572fe357beaf0ce9654d6ec,,,,R4_ALT_CEM_1,SIM_LAT_RERANK - H0_MENU_RERANK,,,,,
FIXED20_POLICY_INTERVENTION,,,pusht,executed_raw_steps,SIM_LAT_RERANK,23.1,20,20,20.05,26.5,20,SIM_LAT_RERANK,0.0,0.0,0.0,0.0,0.0,UNADJUSTED_POINTWISE,CASE,R4_PUSHT_S3_S3_MARGIN_AND_RESOURCE_TABLE,d7d7ef1dd65413ecd65c86cf63474d3e9469dab18572fe357beaf0ce9654d6ec,,,,R4_ALT_CEM_1,SIM_TASK_RERANK - SIM_LAT_RERANK,,,,,
FIXED20_POLICY_INTERVENTION,,,pusht,executed_raw_steps,SIM_TASK_RERANK,20.7,20,20,18.25,22.75124999999998,20,SIM_LAT_RERANK,-2.4,-6.1,-0.2,-6.05,-0.15,UNADJUSTED_POINTWISE,CASE,R4_PUSHT_S3_S3_MARGIN_AND_RESOURCE_TABLE,d7d7ef1dd65413ecd65c86cf63474d3e9469dab18572fe357beaf0ce9654d6ec,,,,R4_ALT_CEM_1,SIM_TASK_RERANK - SIM_LAT_RERANK,,,,,
LEARNING_POLICIES_ALL100,,,pusht,replan_calls,H0,1.19,100,100,1.12,1.27,100,H0,0.0,0.0,0.0,0.0,0.0,UNADJUSTED_POINTWISE,CASE,R4_PUSHT_S3_S3_MARGIN_AND_RESOURCE_TABLE,d7d7ef1dd65413ecd65c86cf63474d3e9469dab18572fe357beaf0ce9654d6ec,,,,R4_ALT_CEM_1,,,,,,
LEARNING_POLICIES_ALL100,,,pusht,replan_calls,REFIT_103201,1.09,100,100,1.04,1.15,100,H0,-0.1,-0.19,-0.02,-0.17894736842105263,-0.028564690026954276,UNADJUSTED_POINTWISE,CASE,R4_PUSHT_S3_S3_MARGIN_AND_RESOURCE_TABLE,d7d7ef1dd65413ecd65c86cf63474d3e9469dab18572fe357beaf0ce9654d6ec,,,,R4_ALT_CEM_1,,,,,,
LEARNING_POLICIES_ALL100,,,pusht,replan_calls,REFIT_103202,1.12,100,100,1.06,1.19,100,H0,-0.07,-0.15,0.01,-0.14896276595744679,0.009708737864077669,UNADJUSTED_POINTWISE,CASE,R4_PUSHT_S3_S3_MARGIN_AND_RESOURCE_TABLE,d7d7ef1dd65413ecd65c86cf63474d3e9469dab18572fe357beaf0ce9654d6ec,,,,R4_ALT_CEM_1,,,,,,
LEARNING_POLICIES_ALL100,,,pusht,replan_calls,REFIT_103203,1.13,100,100,1.07,1.2,100,H0,-0.06,-0.15,0.03,-0.13725490196078433,0.0196078431372549,UNADJUSTED_POINTWISE,CASE,R4_PUSHT_S3_S3_MARGIN_AND_RESOURCE_TABLE,d7d7ef1dd65413ecd65c86cf63474d3e9469dab18572fe357beaf0ce9654d6ec,,,,R4_ALT_CEM_1,,,,,,
LEARNING_POLICIES_ALL100,,,pusht,replan_calls,FIXED3_REFIT_MEAN_NOT_ENSEMBLE,1.1133333333333335,100,100,1.0633333333333335,1.1733333333333333,100,H0,-0.07666666666666667,-0.16,8.333333333212244e-05,-0.14931441326530612,-0.006278195488722847,UNADJUSTED_POINTWISE,CASE,R4_PUSHT_S3_S3_MARGIN_AND_RESOURCE_TABLE,d7d7ef1dd65413ecd65c86cf63474d3e9469dab18572fe357beaf0ce9654d6ec,,,,R4_ALT_CEM_1,,,,,,
FIXED20_POLICY_INTERVENTION,,,pusht,replan_calls,H0,1.2,20,20,1.05,1.4,20,H0,0.0,0.0,0.0,0.0,0.0,UNADJUSTED_POINTWISE,CASE,R4_PUSHT_S3_S3_MARGIN_AND_RESOURCE_TABLE,d7d7ef1dd65413ecd65c86cf63474d3e9469dab18572fe357beaf0ce9654d6ec,,,,R4_ALT_CEM_1,H0_MENU_RERANK - H0,,,,,
FIXED20_POLICY_INTERVENTION,,,pusht,replan_calls,H0_MENU_RERANK,1.15,20,20,1.0,1.3,20,H0,-0.05,-0.15,0.0,-0.15,0.0,UNADJUSTED_POINTWISE,CASE,R4_PUSHT_S3_S3_MARGIN_AND_RESOURCE_TABLE,d7d7ef1dd65413ecd65c86cf63474d3e9469dab18572fe357beaf0ce9654d6ec,,,,R4_ALT_CEM_1,H0_MENU_RERANK - H0,,,,,
FIXED20_POLICY_INTERVENTION,,,pusht,replan_calls,H0_MENU_RERANK,1.15,20,20,1.0,1.3,20,H0_MENU_RERANK,0.0,0.0,0.0,0.0,0.0,UNADJUSTED_POINTWISE,CASE,R4_PUSHT_S3_S3_MARGIN_AND_RESOURCE_TABLE,d7d7ef1dd65413ecd65c86cf63474d3e9469dab18572fe357beaf0ce9654d6ec,,,,R4_ALT_CEM_1,SIM_LAT_RERANK - H0_MENU_RERANK,,,,,
FIXED20_POLICY_INTERVENTION,,,pusht,replan_calls,SIM_LAT_RERANK,1.05,20,20,1.0,1.15,20,H0_MENU_RERANK,-0.1,-0.3,0.1,-0.3,0.1,UNADJUSTED_POINTWISE,CASE,R4_PUSHT_S3_S3_MARGIN_AND_RESOURCE_TABLE,d7d7ef1dd65413ecd65c86cf63474d3e9469dab18572fe357beaf0ce9654d6ec,,,,R4_ALT_CEM_1,SIM_LAT_RERANK - H0_MENU_RERANK,,,,,
FIXED20_POLICY_INTERVENTION,,,pusht,replan_calls,SIM_LAT_RERANK,1.05,20,20,1.0,1.15,20,SIM_LAT_RERANK,0.0,0.0,0.0,0.0,0.0,UNADJUSTED_POINTWISE,CASE,R4_PUSHT_S3_S3_MARGIN_AND_RESOURCE_TABLE,d7d7ef1dd65413ecd65c86cf63474d3e9469dab18572fe357beaf0ce9654d6ec,,,,R4_ALT_CEM_1,SIM_TASK_RERANK - SIM_LAT_RERANK,,,,,
FIXED20_POLICY_INTERVENTION,,,pusht,replan_calls,SIM_TASK_RERANK,1.0,20,20,1.0,1.0,20,SIM_LAT_RERANK,-0.05,-0.15,0.0,-0.15,0.0,UNADJUSTED_POINTWISE,CASE,R4_PUSHT_S3_S3_MARGIN_AND_RESOURCE_TABLE,d7d7ef1dd65413ecd65c86cf63474d3e9469dab18572fe357beaf0ce9654d6ec,,,,R4_ALT_CEM_1,SIM_TASK_RERANK - SIM_LAT_RERANK,,,,,
LEARNING_POLICIES_ALL100,,,pusht,wall_seconds,H0,1.0731077709313832,100,100,0.9497161807680823,1.2115794484819926,100,H0,0.0,0.0,0.0,0.0,0.0,UNADJUSTED_POINTWISE,CASE,R4_PUSHT_S3_S3_MARGIN_AND_RESOURCE_TABLE,d7d7ef1dd65413ecd65c86cf63474d3e9469dab18572fe357beaf0ce9654d6ec,,,,R4_ALT_CEM_1,,,,,,
LEARNING_POLICIES_ALL100,,,pusht,wall_seconds,REFIT_103201,0.7735159800815745,100,100,0.7295727316565098,0.8210068263499125,100,H0,-0.2995917908498086,-0.4430258909476761,-0.1652803293521356,-0.4054507905753609,-0.20387000522995505,UNADJUSTED_POINTWISE,CASE,R4_PUSHT_S3_S3_MARGIN_AND_RESOURCE_TABLE,d7d7ef1dd65413ecd65c86cf63474d3e9469dab18572fe357beaf0ce9654d6ec,,,,R4_ALT_CEM_1,,,,,,
LEARNING_POLICIES_ALL100,,,pusht,wall_seconds,REFIT_103202,1.8152904348311132,100,100,1.675134207279094,1.9688588046989826,100,H0,0.74218266389973,0.5154352715175629,0.9748434423133584,0.588711177451882,0.9033819694413917,UNADJUSTED_POINTWISE,CASE,R4_PUSHT_S3_S3_MARGIN_AND_RESOURCE_TABLE,d7d7ef1dd65413ecd65c86cf63474d3e9469dab18572fe357beaf0ce9654d6ec,,,,R4_ALT_CEM_1,,,,,,
LEARNING_POLICIES_ALL100,,,pusht,wall_seconds,REFIT_103203,2.050174130391679,100,100,1.9371663079804422,2.1787292979460617,100,H0,0.9770663594602956,0.8021421259088966,1.1455771421884635,0.8327112618767126,1.129269739775348,UNADJUSTED_POINTWISE,CASE,R4_PUSHT_S3_S3_MARGIN_AND_RESOURCE_TABLE,d7d7ef1dd65413ecd65c86cf63474d3e9469dab18572fe357beaf0ce9654d6ec,,,,R4_ALT_CEM_1,,,,,,
LEARNING_POLICIES_ALL100,,,pusht,wall_seconds,FIXED3_REFIT_MEAN_NOT_ENSEMBLE,1.546326848434789,100,100,1.466853961957895,1.6353350717788757,100,H0,0.47321907750340564,0.3055150613873266,0.6401242238171957,0.35104956294863493,0.5942317013405967,UNADJUSTED_POINTWISE,CASE,R4_PUSHT_S3_S3_MARGIN_AND_RESOURCE_TABLE,d7d7ef1dd65413ecd65c86cf63474d3e9469dab18572fe357beaf0ce9654d6ec,,,,R4_ALT_CEM_1,,,,,,
FIXED20_POLICY_INTERVENTION,,,pusht,wall_seconds,H0,1.005555466354417,20,20,0.8365702046181468,1.186760146769484,20,H0,0.0,0.0,0.0,0.0,0.0,UNADJUSTED_POINTWISE,CASE,R4_PUSHT_S3_S3_MARGIN_AND_RESOURCE_TABLE,d7d7ef1dd65413ecd65c86cf63474d3e9469dab18572fe357beaf0ce9654d6ec,,,,R4_ALT_CEM_1,H0_MENU_RERANK - H0,,,,,
FIXED20_POLICY_INTERVENTION,,,pusht,wall_seconds,H0_MENU_RERANK,2.3720315701008077,20,20,2.1050888379541357,2.6888128951351247,20,H0,1.3664761037463904,1.112208360412078,1.6431369397297384,1.1250984986031836,1.6298119714304629,UNADJUSTED_POINTWISE,CASE,R4_PUSHT_S3_S3_MARGIN_AND_RESOURCE_TABLE,d7d7ef1dd65413ecd65c86cf63474d3e9469dab18572fe357beaf0ce9654d6ec,,,,R4_ALT_CEM_1,H0_MENU_RERANK - H0,,,,,
FIXED20_POLICY_INTERVENTION,,,pusht,wall_seconds,H0_MENU_RERANK,2.3720315701008077,20,20,2.1050888379541357,2.6888128951351247,20,H0_MENU_RERANK,0.0,0.0,0.0,0.0,0.0,UNADJUSTED_POINTWISE,CASE,R4_PUSHT_S3_S3_MARGIN_AND_RESOURCE_TABLE,d7d7ef1dd65413ecd65c86cf63474d3e9469dab18572fe357beaf0ce9654d6ec,,,,R4_ALT_CEM_1,SIM_LAT_RERANK - H0_MENU_RERANK,,,,,
FIXED20_POLICY_INTERVENTION,,,pusht,wall_seconds,SIM_LAT_RERANK,23.42430939439946,20,20,21.483715566697718,26.980790885936948,20,H0_MENU_RERANK,21.052277824298653,18.98410000890628,24.702757603464196,19.022865359067946,24.661175977813325,UNADJUSTED_POINTWISE,CASE,R4_PUSHT_S3_S3_MARGIN_AND_RESOURCE_TABLE,d7d7ef1dd65413ecd65c86cf63474d3e9469dab18572fe357beaf0ce9654d6ec,,,,R4_ALT_CEM_1,SIM_LAT_RERANK - H0_MENU_RERANK,,,,,
FIXED20_POLICY_INTERVENTION,,,pusht,wall_seconds,SIM_LAT_RERANK,23.42430939439946,20,20,21.483715566697718,26.980790885936948,20,SIM_LAT_RERANK,0.0,0.0,0.0,0.0,0.0,UNADJUSTED_POINTWISE,CASE,R4_PUSHT_S3_S3_MARGIN_AND_RESOURCE_TABLE,d7d7ef1dd65413ecd65c86cf63474d3e9469dab18572fe357beaf0ce9654d6ec,,,,R4_ALT_CEM_1,SIM_TASK_RERANK - SIM_LAT_RERANK,,,,,
FIXED20_POLICY_INTERVENTION,,,pusht,wall_seconds,SIM_TASK_RERANK,19.819098275098078,20,20,17.789563651175268,21.57037678263714,20,SIM_LAT_RERANK,-3.6052111193013845,-7.634196593043271,-0.7130272784333305,-7.675119933959977,-0.6280193542029531,UNADJUSTED_POINTWISE,CASE,R4_PUSHT_S3_S3_MARGIN_AND_RESOURCE_TABLE,d7d7ef1dd65413ecd65c86cf63474d3e9469dab18572fe357beaf0ce9654d6ec,,,,R4_ALT_CEM_1,SIM_TASK_RERANK - SIM_LAT_RERANK,,,,,
LEARNING_POLICIES_ALL100,,,pusht,branch_count,H0,0.0,100,100,0.0,0.0,100,H0,0.0,0.0,0.0,0.0,0.0,UNADJUSTED_POINTWISE,CASE,R4_PUSHT_S3_S3_MARGIN_AND_RESOURCE_TABLE,d7d7ef1dd65413ecd65c86cf63474d3e9469dab18572fe357beaf0ce9654d6ec,,,,R4_ALT_CEM_1,,,,,,
LEARNING_POLICIES_ALL100,,,pusht,branch_count,REFIT_103201,0.0,100,100,0.0,0.0,100,H0,0.0,0.0,0.0,0.0,0.0,UNADJUSTED_POINTWISE,CASE,R4_PUSHT_S3_S3_MARGIN_AND_RESOURCE_TABLE,d7d7ef1dd65413ecd65c86cf63474d3e9469dab18572fe357beaf0ce9654d6ec,,,,R4_ALT_CEM_1,,,,,,
LEARNING_POLICIES_ALL100,,,pusht,branch_count,REFIT_103202,0.0,100,100,0.0,0.0,100,H0,0.0,0.0,0.0,0.0,0.0,UNADJUSTED_POINTWISE,CASE,R4_PUSHT_S3_S3_MARGIN_AND_RESOURCE_TABLE,d7d7ef1dd65413ecd65c86cf63474d3e9469dab18572fe357beaf0ce9654d6ec,,,,R4_ALT_CEM_1,,,,,,
LEARNING_POLICIES_ALL100,,,pusht,branch_count,REFIT_103203,0.0,100,100,0.0,0.0,100,H0,0.0,0.0,0.0,0.0,0.0,UNADJUSTED_POINTWISE,CASE,R4_PUSHT_S3_S3_MARGIN_AND_RESOURCE_TABLE,d7d7ef1dd65413ecd65c86cf63474d3e9469dab18572fe357beaf0ce9654d6ec,,,,R4_ALT_CEM_1,,,,,,
LEARNING_POLICIES_ALL100,,,pusht,branch_count,FIXED3_REFIT_MEAN_NOT_ENSEMBLE,0.0,100,100,0.0,0.0,100,H0,0.0,0.0,0.0,0.0,0.0,UNADJUSTED_POINTWISE,CASE,R4_PUSHT_S3_S3_MARGIN_AND_RESOURCE_TABLE,d7d7ef1dd65413ecd65c86cf63474d3e9469dab18572fe357beaf0ce9654d6ec,,,,R4_ALT_CEM_1,,,,,,
FIXED20_POLICY_INTERVENTION,,,pusht,branch_count,H0,0.0,20,20,0.0,0.0,20,H0,0.0,0.0,0.0,0.0,0.0,UNADJUSTED_POINTWISE,CASE,R4_PUSHT_S3_S3_MARGIN_AND_RESOURCE_TABLE,d7d7ef1dd65413ecd65c86cf63474d3e9469dab18572fe357beaf0ce9654d6ec,,,,R4_ALT_CEM_1,H0_MENU_RERANK - H0,,,,,
FIXED20_POLICY_INTERVENTION,,,pusht,branch_count,H0_MENU_RERANK,0.0,20,20,0.0,0.0,20,H0,0.0,0.0,0.0,0.0,0.0,UNADJUSTED_POINTWISE,CASE,R4_PUSHT_S3_S3_MARGIN_AND_RESOURCE_TABLE,d7d7ef1dd65413ecd65c86cf63474d3e9469dab18572fe357beaf0ce9654d6ec,,,,R4_ALT_CEM_1,H0_MENU_RERANK - H0,,,,,
FIXED20_POLICY_INTERVENTION,,,pusht,branch_count,H0_MENU_RERANK,0.0,20,20,0.0,0.0,20,H0_MENU_RERANK,0.0,0.0,0.0,0.0,0.0,UNADJUSTED_POINTWISE,CASE,R4_PUSHT_S3_S3_MARGIN_AND_RESOURCE_TABLE,d7d7ef1dd65413ecd65c86cf63474d3e9469dab18572fe357beaf0ce9654d6ec,,,,R4_ALT_CEM_1,SIM_LAT_RERANK - H0_MENU_RERANK,,,,,
FIXED20_POLICY_INTERVENTION,,,pusht,branch_count,SIM_LAT_RERANK,67.2,20,20,64.0,73.6,20,H0_MENU_RERANK,67.2,64.0,73.6,64.0,73.6,UNADJUSTED_POINTWISE,CASE,R4_PUSHT_S3_S3_MARGIN_AND_RESOURCE_TABLE,d7d7ef1dd65413ecd65c86cf63474d3e9469dab18572fe357beaf0ce9654d6ec,,,,R4_ALT_CEM_1,SIM_LAT_RERANK - H0_MENU_RERANK,,,,,
FIXED20_POLICY_INTERVENTION,,,pusht,branch_count,SIM_LAT_RERANK,67.2,20,20,64.0,73.6,20,SIM_LAT_RERANK,0.0,0.0,0.0,0.0,0.0,UNADJUSTED_POINTWISE,CASE,R4_PUSHT_S3_S3_MARGIN_AND_RESOURCE_TABLE,d7d7ef1dd65413ecd65c86cf63474d3e9469dab18572fe357beaf0ce9654d6ec,,,,R4_ALT_CEM_1,SIM_TASK_RERANK - SIM_LAT_RERANK,,,,,
FIXED20_POLICY_INTERVENTION,,,pusht,branch_count,SIM_TASK_RERANK,64.0,20,20,64.0,64.0,20,SIM_LAT_RERANK,-3.2,-9.6,0.0,-9.6,0.0,UNADJUSTED_POINTWISE,CASE,R4_PUSHT_S3_S3_MARGIN_AND_RESOURCE_TABLE,d7d7ef1dd65413ecd65c86cf63474d3e9469dab18572fe357beaf0ce9654d6ec,,,,R4_ALT_CEM_1,SIM_TASK_RERANK - SIM_LAT_RERANK,,,,,
LEARNING_POLICIES_ALL100,,,pusht,branch_raw_steps,H0,0.0,100,100,0.0,0.0,100,H0,0.0,0.0,0.0,0.0,0.0,UNADJUSTED_POINTWISE,CASE,R4_PUSHT_S3_S3_MARGIN_AND_RESOURCE_TABLE,d7d7ef1dd65413ecd65c86cf63474d3e9469dab18572fe357beaf0ce9654d6ec,,,,R4_ALT_CEM_1,,,,,,
LEARNING_POLICIES_ALL100,,,pusht,branch_raw_steps,REFIT_103201,0.0,100,100,0.0,0.0,100,H0,0.0,0.0,0.0,0.0,0.0,UNADJUSTED_POINTWISE,CASE,R4_PUSHT_S3_S3_MARGIN_AND_RESOURCE_TABLE,d7d7ef1dd65413ecd65c86cf63474d3e9469dab18572fe357beaf0ce9654d6ec,,,,R4_ALT_CEM_1,,,,,,
LEARNING_POLICIES_ALL100,,,pusht,branch_raw_steps,REFIT_103202,0.0,100,100,0.0,0.0,100,H0,0.0,0.0,0.0,0.0,0.0,UNADJUSTED_POINTWISE,CASE,R4_PUSHT_S3_S3_MARGIN_AND_RESOURCE_TABLE,d7d7ef1dd65413ecd65c86cf63474d3e9469dab18572fe357beaf0ce9654d6ec,,,,R4_ALT_CEM_1,,,,,,
LEARNING_POLICIES_ALL100,,,pusht,branch_raw_steps,REFIT_103203,0.0,100,100,0.0,0.0,100,H0,0.0,0.0,0.0,0.0,0.0,UNADJUSTED_POINTWISE,CASE,R4_PUSHT_S3_S3_MARGIN_AND_RESOURCE_TABLE,d7d7ef1dd65413ecd65c86cf63474d3e9469dab18572fe357beaf0ce9654d6ec,,,,R4_ALT_CEM_1,,,,,,
LEARNING_POLICIES_ALL100,,,pusht,branch_raw_steps,FIXED3_REFIT_MEAN_NOT_ENSEMBLE,0.0,100,100,0.0,0.0,100,H0,0.0,0.0,0.0,0.0,0.0,UNADJUSTED_POINTWISE,CASE,R4_PUSHT_S3_S3_MARGIN_AND_RESOURCE_TABLE,d7d7ef1dd65413ecd65c86cf63474d3e9469dab18572fe357beaf0ce9654d6ec,,,,R4_ALT_CEM_1,,,,,,
FIXED20_POLICY_INTERVENTION,,,pusht,branch_raw_steps,H0,0.0,20,20,0.0,0.0,20,H0,0.0,0.0,0.0,0.0,0.0,UNADJUSTED_POINTWISE,CASE,R4_PUSHT_S3_S3_MARGIN_AND_RESOURCE_TABLE,d7d7ef1dd65413ecd65c86cf63474d3e9469dab18572fe357beaf0ce9654d6ec,,,,R4_ALT_CEM_1,H0_MENU_RERANK - H0,,,,,
FIXED20_POLICY_INTERVENTION,,,pusht,branch_raw_steps,H0_MENU_RERANK,0.0,20,20,0.0,0.0,20,H0,0.0,0.0,0.0,0.0,0.0,UNADJUSTED_POINTWISE,CASE,R4_PUSHT_S3_S3_MARGIN_AND_RESOURCE_TABLE,d7d7ef1dd65413ecd65c86cf63474d3e9469dab18572fe357beaf0ce9654d6ec,,,,R4_ALT_CEM_1,H0_MENU_RERANK - H0,,,,,
FIXED20_POLICY_INTERVENTION,,,pusht,branch_raw_steps,H0_MENU_RERANK,0.0,20,20,0.0,0.0,20,H0_MENU_RERANK,0.0,0.0,0.0,0.0,0.0,UNADJUSTED_POINTWISE,CASE,R4_PUSHT_S3_S3_MARGIN_AND_RESOURCE_TABLE,d7d7ef1dd65413ecd65c86cf63474d3e9469dab18572fe357beaf0ce9654d6ec,,,,R4_ALT_CEM_1,SIM_LAT_RERANK - H0_MENU_RERANK,,,,,
FIXED20_POLICY_INTERVENTION,,,pusht,branch_raw_steps,SIM_LAT_RERANK,1680.0,20,20,1600.0,1840.0,20,H0_MENU_RERANK,1680.0,1600.0,1840.0,1600.0,1840.0,UNADJUSTED_POINTWISE,CASE,R4_PUSHT_S3_S3_MARGIN_AND_RESOURCE_TABLE,d7d7ef1dd65413ecd65c86cf63474d3e9469dab18572fe357beaf0ce9654d6ec,,,,R4_ALT_CEM_1,SIM_LAT_RERANK - H0_MENU_RERANK,,,,,
FIXED20_POLICY_INTERVENTION,,,pusht,branch_raw_steps,SIM_LAT_RERANK,1680.0,20,20,1600.0,1840.0,20,SIM_LAT_RERANK,0.0,0.0,0.0,0.0,0.0,UNADJUSTED_POINTWISE,CASE,R4_PUSHT_S3_S3_MARGIN_AND_RESOURCE_TABLE,d7d7ef1dd65413ecd65c86cf63474d3e9469dab18572fe357beaf0ce9654d6ec,,,,R4_ALT_CEM_1,SIM_TASK_RERANK - SIM_LAT_RERANK,,,,,
FIXED20_POLICY_INTERVENTION,,,pusht,branch_raw_steps,SIM_TASK_RERANK,1600.0,20,20,1600.0,1600.0,20,SIM_LAT_RERANK,-80.0,-240.0,0.0,-240.0,0.0,UNADJUSTED_POINTWISE,CASE,R4_PUSHT_S3_S3_MARGIN_AND_RESOURCE_TABLE,d7d7ef1dd65413ecd65c86cf63474d3e9469dab18572fe357beaf0ce9654d6ec,,,,R4_ALT_CEM_1,SIM_TASK_RERANK - SIM_LAT_RERANK,,,,,
LEARNING_POLICIES_ALL100,,,pusht,branch_seconds,H0,0.0,100,100,0.0,0.0,100,H0,0.0,0.0,0.0,0.0,0.0,UNADJUSTED_POINTWISE,CASE,R4_PUSHT_S3_S3_MARGIN_AND_RESOURCE_TABLE,d7d7ef1dd65413ecd65c86cf63474d3e9469dab18572fe357beaf0ce9654d6ec,,,,R4_ALT_CEM_1,,,,,,
LEARNING_POLICIES_ALL100,,,pusht,branch_seconds,REFIT_103201,0.0,100,100,0.0,0.0,100,H0,0.0,0.0,0.0,0.0,0.0,UNADJUSTED_POINTWISE,CASE,R4_PUSHT_S3_S3_MARGIN_AND_RESOURCE_TABLE,d7d7ef1dd65413ecd65c86cf63474d3e9469dab18572fe357beaf0ce9654d6ec,,,,R4_ALT_CEM_1,,,,,,
LEARNING_POLICIES_ALL100,,,pusht,branch_seconds,REFIT_103202,0.0,100,100,0.0,0.0,100,H0,0.0,0.0,0.0,0.0,0.0,UNADJUSTED_POINTWISE,CASE,R4_PUSHT_S3_S3_MARGIN_AND_RESOURCE_TABLE,d7d7ef1dd65413ecd65c86cf63474d3e9469dab18572fe357beaf0ce9654d6ec,,,,R4_ALT_CEM_1,,,,,,
LEARNING_POLICIES_ALL100,,,pusht,branch_seconds,REFIT_103203,0.0,100,100,0.0,0.0,100,H0,0.0,0.0,0.0,0.0,0.0,UNADJUSTED_POINTWISE,CASE,R4_PUSHT_S3_S3_MARGIN_AND_RESOURCE_TABLE,d7d7ef1dd65413ecd65c86cf63474d3e9469dab18572fe357beaf0ce9654d6ec,,,,R4_ALT_CEM_1,,,,,,
LEARNING_POLICIES_ALL100,,,pusht,branch_seconds,FIXED3_REFIT_MEAN_NOT_ENSEMBLE,0.0,100,100,0.0,0.0,100,H0,0.0,0.0,0.0,0.0,0.0,UNADJUSTED_POINTWISE,CASE,R4_PUSHT_S3_S3_MARGIN_AND_RESOURCE_TABLE,d7d7ef1dd65413ecd65c86cf63474d3e9469dab18572fe357beaf0ce9654d6ec,,,,R4_ALT_CEM_1,,,,,,
FIXED20_POLICY_INTERVENTION,,,pusht,branch_seconds,H0,0.0,20,20,0.0,0.0,20,H0,0.0,0.0,0.0,0.0,0.0,UNADJUSTED_POINTWISE,CASE,R4_PUSHT_S3_S3_MARGIN_AND_RESOURCE_TABLE,d7d7ef1dd65413ecd65c86cf63474d3e9469dab18572fe357beaf0ce9654d6ec,,,,R4_ALT_CEM_1,H0_MENU_RERANK - H0,,,,,
FIXED20_POLICY_INTERVENTION,,,pusht,branch_seconds,H0_MENU_RERANK,0.0,20,20,0.0,0.0,20,H0,0.0,0.0,0.0,0.0,0.0,UNADJUSTED_POINTWISE,CASE,R4_PUSHT_S3_S3_MARGIN_AND_RESOURCE_TABLE,d7d7ef1dd65413ecd65c86cf63474d3e9469dab18572fe357beaf0ce9654d6ec,,,,R4_ALT_CEM_1,H0_MENU_RERANK - H0,,,,,
FIXED20_POLICY_INTERVENTION,,,pusht,branch_seconds,H0_MENU_RERANK,0.0,20,20,0.0,0.0,20,H0_MENU_RERANK,0.0,0.0,0.0,0.0,0.0,UNADJUSTED_POINTWISE,CASE,R4_PUSHT_S3_S3_MARGIN_AND_RESOURCE_TABLE,d7d7ef1dd65413ecd65c86cf63474d3e9469dab18572fe357beaf0ce9654d6ec,,,,R4_ALT_CEM_1,SIM_LAT_RERANK - H0_MENU_RERANK,,,,,
FIXED20_POLICY_INTERVENTION,,,pusht,branch_seconds,SIM_LAT_RERANK,20.587113423866686,20,20,18.819709290522514,23.878810043272345,20,H0_MENU_RERANK,20.587113423866686,18.819709290522514,23.878810043272345,18.830799023541914,23.852176331054544,UNADJUSTED_POINTWISE,CASE,R4_PUSHT_S3_S3_MARGIN_AND_RESOURCE_TABLE,d7d7ef1dd65413ecd65c86cf63474d3e9469dab18572fe357beaf0ce9654d6ec,,,,R4_ALT_CEM_1,SIM_LAT_RERANK - H0_MENU_RERANK,,,,,
FIXED20_POLICY_INTERVENTION,,,pusht,branch_seconds,SIM_LAT_RERANK,20.587113423866686,20,20,18.819709290522514,23.878810043272345,20,SIM_LAT_RERANK,0.0,0.0,0.0,0.0,0.0,UNADJUSTED_POINTWISE,CASE,R4_PUSHT_S3_S3_MARGIN_AND_RESOURCE_TABLE,d7d7ef1dd65413ecd65c86cf63474d3e9469dab18572fe357beaf0ce9654d6ec,,,,R4_ALT_CEM_1,SIM_TASK_RERANK - SIM_LAT_RERANK,,,,,
FIXED20_POLICY_INTERVENTION,,,pusht,branch_seconds,SIM_TASK_RERANK,17.365280076496127,20,20,15.530276208446848,18.916498610702618,20,SIM_LAT_RERANK,-3.221833347370557,-6.902847266916506,-0.5874388595867652,-6.9376648225855755,-0.5284374265095542,UNADJUSTED_POINTWISE,CASE,R4_PUSHT_S3_S3_MARGIN_AND_RESOURCE_TABLE,d7d7ef1dd65413ecd65c86cf63474d3e9469dab18572fe357beaf0ce9654d6ec,,,,R4_ALT_CEM_1,SIM_TASK_RERANK - SIM_LAT_RERANK,,,,,
LEARNING_POLICIES_ALL100,,,pusht,terminal_task_margin,H0,0.9016349777283879,100,100,0.8248535501381438,0.996806194891876,100,H0,0.0,0.0,0.0,0.0,0.0,UNADJUSTED_POINTWISE,CASE,R4_PUSHT_S3_S3_MARGIN_AND_RESOURCE_TABLE,d7d7ef1dd65413ecd65c86cf63474d3e9469dab18572fe357beaf0ce9654d6ec,,,,R4_ALT_CEM_2,,,,,,
LEARNING_POLICIES_ALL100,,,pusht,terminal_task_margin,REFIT_103201,1.083051559107047,100,100,0.7580377569212458,1.6380207035997605,100,H0,0.1814165813786591,-0.16126400745028782,0.7339412097957022,-0.16549227683573792,0.7294191304958686,UNADJUSTED_POINTWISE,CASE,R4_PUSHT_S3_S3_MARGIN_AND_RESOURCE_TABLE,d7d7ef1dd65413ecd65c86cf63474d3e9469dab18572fe357beaf0ce9654d6ec,,,,R4_ALT_CEM_2,,,,,,
LEARNING_POLICIES_ALL100,,,pusht,terminal_task_margin,REFIT_103202,0.9146145401052825,100,100,0.7831078745393937,1.1232846005102244,100,H0,0.012979562376894531,-0.14207868923898706,0.22313071992847588,-0.15113411036464786,0.21489670552493553,UNADJUSTED_POINTWISE,CASE,R4_PUSHT_S3_S3_MARGIN_AND_RESOURCE_TABLE,d7d7ef1dd65413ecd65c86cf63474d3e9469dab18572fe357beaf0ce9654d6ec,,,,R4_ALT_CEM_2,,,,,,
LEARNING_POLICIES_ALL100,,,pusht,terminal_task_margin,REFIT_103203,1.1211977452923514,100,100,0.7975701320115252,1.695293052177245,100,H0,0.21956276756396334,-0.12366518866443292,0.788518488766042,-0.12767516656751868,0.7915663908977866,UNADJUSTED_POINTWISE,CASE,R4_PUSHT_S3_S3_MARGIN_AND_RESOURCE_TABLE,d7d7ef1dd65413ecd65c86cf63474d3e9469dab18572fe357beaf0ce9654d6ec,,,,R4_ALT_CEM_2,,,,,,
LEARNING_POLICIES_ALL100,,,pusht,terminal_task_margin,FIXED3_REFIT_MEAN_NOT_ENSEMBLE,1.0396212815015604,100,100,0.7900746590846421,1.430545696384429,100,H0,0.13798630377317234,-0.12760308076681992,0.5333750945635716,-0.13499872319623402,0.5313907291205541,UNADJUSTED_POINTWISE,CASE,R4_PUSHT_S3_S3_MARGIN_AND_RESOURCE_TABLE,d7d7ef1dd65413ecd65c86cf63474d3e9469dab18572fe357beaf0ce9654d6ec,,,,R4_ALT_CEM_2,,,,,,
FIXED20_POLICY_INTERVENTION,,,pusht,terminal_task_margin,H0,1.0141737069472827,20,20,0.8230292087189169,1.2669769211549133,20,H0,0.0,0.0,0.0,0.0,0.0,UNADJUSTED_POINTWISE,CASE,R4_PUSHT_S3_S3_MARGIN_AND_RESOURCE_TABLE,d7d7ef1dd65413ecd65c86cf63474d3e9469dab18572fe357beaf0ce9654d6ec,,,,R4_ALT_CEM_2,H0_MENU_RERANK - H0,,,,,
FIXED20_POLICY_INTERVENTION,,,pusht,terminal_task_margin,H0_MENU_RERANK,1.0338585974569352,20,20,0.8454862942974659,1.28339579202902,20,H0,0.01968489050965254,-0.0009670318505691944,0.044443572185385846,0.0,0.04438430518439773,UNADJUSTED_POINTWISE,CASE,R4_PUSHT_S3_S3_MARGIN_AND_RESOURCE_TABLE,d7d7ef1dd65413ecd65c86cf63474d3e9469dab18572fe357beaf0ce9654d6ec,,,,R4_ALT_CEM_2,H0_MENU_RERANK - H0,,,,,
FIXED20_POLICY_INTERVENTION,,,pusht,terminal_task_margin,H0_MENU_RERANK,1.0338585974569352,20,20,0.8454862942974659,1.28339579202902,20,H0_MENU_RERANK,0.0,0.0,0.0,0.0,0.0,UNADJUSTED_POINTWISE,CASE,R4_PUSHT_S3_S3_MARGIN_AND_RESOURCE_TABLE,d7d7ef1dd65413ecd65c86cf63474d3e9469dab18572fe357beaf0ce9654d6ec,,,,R4_ALT_CEM_2,SIM_LAT_RERANK - H0_MENU_RERANK,,,,,
FIXED20_POLICY_INTERVENTION,,,pusht,terminal_task_margin,SIM_LAT_RERANK,0.7794308699496656,20,20,0.695809428888197,0.853191098105705,20,H0_MENU_RERANK,-0.2544277275072695,-0.4864398356598879,-0.06097911813362961,-0.49048171713961164,-0.06267968946910399,UNADJUSTED_POINTWISE,CASE,R4_PUSHT_S3_S3_MARGIN_AND_RESOURCE_TABLE,d7d7ef1dd65413ecd65c86cf63474d3e9469dab18572fe357beaf0ce9654d6ec,,,,R4_ALT_CEM_2,SIM_LAT_RERANK - H0_MENU_RERANK,,,,,
FIXED20_POLICY_INTERVENTION,,,pusht,terminal_task_margin,SIM_LAT_RERANK,0.7794308699496656,20,20,0.695809428888197,0.853191098105705,20,SIM_LAT_RERANK,0.0,0.0,0.0,0.0,0.0,UNADJUSTED_POINTWISE,CASE,R4_PUSHT_S3_S3_MARGIN_AND_RESOURCE_TABLE,d7d7ef1dd65413ecd65c86cf63474d3e9469dab18572fe357beaf0ce9654d6ec,,,,R4_ALT_CEM_2,SIM_TASK_RERANK - SIM_LAT_RERANK,,,,,
FIXED20_POLICY_INTERVENTION,,,pusht,terminal_task_margin,SIM_TASK_RERANK,0.7278491920174557,20,20,0.6518201616146375,0.8017484893978175,20,SIM_LAT_RERANK,-0.05158167793220998,-0.1504286236560315,0.04729587937924441,-0.149826575363709,0.046183809496932106,UNADJUSTED_POINTWISE,CASE,R4_PUSHT_S3_S3_MARGIN_AND_RESOURCE_TABLE,d7d7ef1dd65413ecd65c86cf63474d3e9469dab18572fe357beaf0ce9654d6ec,,,,R4_ALT_CEM_2,SIM_TASK_RERANK - SIM_LAT_RERANK,,,,,
LEARNING_POLICIES_ALL100,,,pusht,anytime_executed_task_margin,H0,0.8668413224425842,100,100,0.8133606055558681,0.9296789284537429,100,H0,0.0,0.0,0.0,0.0,0.0,UNADJUSTED_POINTWISE,CASE,R4_PUSHT_S3_S3_MARGIN_AND_RESOURCE_TABLE,d7d7ef1dd65413ecd65c86cf63474d3e9469dab18572fe357beaf0ce9654d6ec,,,,R4_ALT_CEM_2,,,,,,
LEARNING_POLICIES_ALL100,,,pusht,anytime_executed_task_margin,REFIT_103201,0.8850588528416377,100,100,0.7519319147651272,1.0837481434564094,100,H0,0.018217530399053425,-0.1218249687261908,0.2143661868074859,-0.12242006970165038,0.21053282018396652,UNADJUSTED_POINTWISE,CASE,R4_PUSHT_S3_S3_MARGIN_AND_RESOURCE_TABLE,d7d7ef1dd65413ecd65c86cf63474d3e9469dab18572fe357beaf0ce9654d6ec,,,,R4_ALT_CEM_2,,,,,,
LEARNING_POLICIES_ALL100,,,pusht,anytime_executed_task_margin,REFIT_103202,0.85885619133313,100,100,0.7777955308726086,0.9654855064788456,100,H0,-0.007985131109454402,-0.0933864240155974,0.09860684906389379,-0.0975153779644199,0.09229351346947558,UNADJUSTED_POINTWISE,CASE,R4_PUSHT_S3_S3_MARGIN_AND_RESOURCE_TABLE,d7d7ef1dd65413ecd65c86cf63474d3e9469dab18572fe357beaf0ce9654d6ec,,,,R4_ALT_CEM_2,,,,,,
LEARNING_POLICIES_ALL100,,,pusht,anytime_executed_task_margin,REFIT_103203,0.9201518574434319,100,100,0.7927151738825988,1.1178331959895997,100,H0,0.053310535000847564,-0.08115399644412054,0.24415804493921625,-0.08285192281591387,0.24843740513839302,UNADJUSTED_POINTWISE,CASE,R4_PUSHT_S3_S3_MARGIN_AND_RESOURCE_TABLE,d7d7ef1dd65413ecd65c86cf63474d3e9469dab18572fe357beaf0ce9654d6ec,,,,R4_ALT_CEM_2,,,,,,
LEARNING_POLICIES_ALL100,,,pusht,anytime_executed_task_margin,FIXED3_REFIT_MEAN_NOT_ENSEMBLE,0.8880223005394001,100,100,0.782750110970898,1.0328095834719564,100,H0,0.021180978096815534,-0.08898970643166638,0.1657847974687626,-0.09147901418421835,0.16783505505648208,UNADJUSTED_POINTWISE,CASE,R4_PUSHT_S3_S3_MARGIN_AND_RESOURCE_TABLE,d7d7ef1dd65413ecd65c86cf63474d3e9469dab18572fe357beaf0ce9654d6ec,,,,R4_ALT_CEM_2,,,,,,
FIXED20_POLICY_INTERVENTION,,,pusht,anytime_executed_task_margin,H0,0.9502706961603116,20,20,0.811409743991554,1.1544634182478357,20,H0,0.0,0.0,0.0,0.0,0.0,UNADJUSTED_POINTWISE,CASE,R4_PUSHT_S3_S3_MARGIN_AND_RESOURCE_TABLE,d7d7ef1dd65413ecd65c86cf63474d3e9469dab18572fe357beaf0ce9654d6ec,,,,R4_ALT_CEM_2,H0_MENU_RERANK - H0,,,,,
FIXED20_POLICY_INTERVENTION,,,pusht,anytime_executed_task_margin,H0_MENU_RERANK,0.9706030284743707,20,20,0.8367530310171954,1.170305122002599,20,H0,0.020332332314059308,-0.0003195900461624268,0.04513197538601892,0.0,0.04503054908431023,UNADJUSTED_POINTWISE,CASE,R4_PUSHT_S3_S3_MARGIN_AND_RESOURCE_TABLE,d7d7ef1dd65413ecd65c86cf63474d3e9469dab18572fe357beaf0ce9654d6ec,,,,R4_ALT_CEM_2,H0_MENU_RERANK - H0,,,,,
FIXED20_POLICY_INTERVENTION,,,pusht,anytime_executed_task_margin,H0_MENU_RERANK,0.9706030284743707,20,20,0.8367530310171954,1.170305122002599,20,H0_MENU_RERANK,0.0,0.0,0.0,0.0,0.0,UNADJUSTED_POINTWISE,CASE,R4_PUSHT_S3_S3_MARGIN_AND_RESOURCE_TABLE,d7d7ef1dd65413ecd65c86cf63474d3e9469dab18572fe357beaf0ce9654d6ec,,,,R4_ALT_CEM_2,SIM_LAT_RERANK - H0_MENU_RERANK,,,,,
FIXED20_POLICY_INTERVENTION,,,pusht,anytime_executed_task_margin,SIM_LAT_RERANK,0.7794308699496656,20,20,0.695809428888197,0.853191098105705,20,H0_MENU_RERANK,-0.1911721585247051,-0.38775275951362786,-0.043759390760434544,-0.3844645485939227,-0.04396228180077873,UNADJUSTED_POINTWISE,CASE,R4_PUSHT_S3_S3_MARGIN_AND_RESOURCE_TABLE,d7d7ef1dd65413ecd65c86cf63474d3e9469dab18572fe357beaf0ce9654d6ec,,,,R4_ALT_CEM_2,SIM_LAT_RERANK - H0_MENU_RERANK,,,,,
FIXED20_POLICY_INTERVENTION,,,pusht,anytime_executed_task_margin,SIM_LAT_RERANK,0.7794308699496656,20,20,0.695809428888197,0.853191098105705,20,SIM_LAT_RERANK,0.0,0.0,0.0,0.0,0.0,UNADJUSTED_POINTWISE,CASE,R4_PUSHT_S3_S3_MARGIN_AND_RESOURCE_TABLE,d7d7ef1dd65413ecd65c86cf63474d3e9469dab18572fe357beaf0ce9654d6ec,,,,R4_ALT_CEM_2,SIM_TASK_RERANK - SIM_LAT_RERANK,,,,,
FIXED20_POLICY_INTERVENTION,,,pusht,anytime_executed_task_margin,SIM_TASK_RERANK,0.7278491920174557,20,20,0.6518201616146375,0.8017484893978175,20,SIM_LAT_RERANK,-0.05158167793220998,-0.1504286236560315,0.04729587937924441,-0.149826575363709,0.046183809496932106,UNADJUSTED_POINTWISE,CASE,R4_PUSHT_S3_S3_MARGIN_AND_RESOURCE_TABLE,d7d7ef1dd65413ecd65c86cf63474d3e9469dab18572fe357beaf0ce9654d6ec,,,,R4_ALT_CEM_2,SIM_TASK_RERANK - SIM_LAT_RERANK,,,,,
LEARNING_POLICIES_ALL100,,,pusht,executed_raw_steps,H0,25.79,100,100,24.039749999999998,27.720249999999997,100,H0,0.0,0.0,0.0,0.0,0.0,UNADJUSTED_POINTWISE,CASE,R4_PUSHT_S3_S3_MARGIN_AND_RESOURCE_TABLE,d7d7ef1dd65413ecd65c86cf63474d3e9469dab18572fe357beaf0ce9654d6ec,,,,R4_ALT_CEM_2,,,,,,
LEARNING_POLICIES_ALL100,,,pusht,executed_raw_steps,REFIT_103201,24.03,100,100,22.67,25.63,100,H0,-1.76,-3.86,0.31024999999999636,-4.16670792079208,0.3787335808109638,UNADJUSTED_POINTWISE,CASE,R4_PUSHT_S3_S3_MARGIN_AND_RESOURCE_TABLE,d7d7ef1dd65413ecd65c86cf63474d3e9469dab18572fe357beaf0ce9654d6ec,,,,R4_ALT_CEM_2,,,,,,
LEARNING_POLICIES_ALL100,,,pusht,executed_raw_steps,REFIT_103202,24.34,100,100,22.92975,25.94025,100,H0,-1.45,-3.31025,0.42,-3.484982174688057,0.4846567229655609,UNADJUSTED_POINTWISE,CASE,R4_PUSHT_S3_S3_MARGIN_AND_RESOURCE_TABLE,d7d7ef1dd65413ecd65c86cf63474d3e9469dab18572fe357beaf0ce9654d6ec,,,,R4_ALT_CEM_2,,,,,,
LEARNING_POLICIES_ALL100,,,pusht,executed_raw_steps,REFIT_103203,25.16,100,100,23.559749999999998,27.04,100,H0,-0.63,-2.73,1.54,-2.5362518409425623,1.2680709754163357,UNADJUSTED_POINTWISE,CASE,R4_PUSHT_S3_S3_MARGIN_AND_RESOURCE_TABLE,d7d7ef1dd65413ecd65c86cf63474d3e9469dab18572fe357beaf0ce9654d6ec,,,,R4_ALT_CEM_2,,,,,,
LEARNING_POLICIES_ALL100,,,pusht,executed_raw_steps,FIXED3_REFIT_MEAN_NOT_ENSEMBLE,24.51,100,100,23.226666666666667,25.976750000000003,100,H0,-1.2799999999999998,-3.16025,0.5800833333333323,-3.3100782828282815,0.5100387788778873,UNADJUSTED_POINTWISE,CASE,R4_PUSHT_S3_S3_MARGIN_AND_RESOURCE_TABLE,d7d7ef1dd65413ecd65c86cf63474d3e9469dab18572fe357beaf0ce9654d6ec,,,,R4_ALT_CEM_2,,,,,,
FIXED20_POLICY_INTERVENTION,,,pusht,executed_raw_steps,H0,26.4,20,20,21.75,31.4,20,H0,0.0,0.0,0.0,0.0,0.0,UNADJUSTED_POINTWISE,CASE,R4_PUSHT_S3_S3_MARGIN_AND_RESOURCE_TABLE,d7d7ef1dd65413ecd65c86cf63474d3e9469dab18572fe357beaf0ce9654d6ec,,,,R4_ALT_CEM_2,H0_MENU_RERANK - H0,,,,,
FIXED20_POLICY_INTERVENTION,,,pusht,executed_raw_steps,H0_MENU_RERANK,26.35,20,20,21.7,31.4,20,H0,-0.05,-0.15,0.0,-0.15,0.0,UNADJUSTED_POINTWISE,CASE,R4_PUSHT_S3_S3_MARGIN_AND_RESOURCE_TABLE,d7d7ef1dd65413ecd65c86cf63474d3e9469dab18572fe357beaf0ce9654d6ec,,,,R4_ALT_CEM_2,H0_MENU_RERANK - H0,,,,,
FIXED20_POLICY_INTERVENTION,,,pusht,executed_raw_steps,H0_MENU_RERANK,26.35,20,20,21.7,31.4,20,H0_MENU_RERANK,0.0,0.0,0.0,0.0,0.0,UNADJUSTED_POINTWISE,CASE,R4_PUSHT_S3_S3_MARGIN_AND_RESOURCE_TABLE,d7d7ef1dd65413ecd65c86cf63474d3e9469dab18572fe357beaf0ce9654d6ec,,,,R4_ALT_CEM_2,SIM_LAT_RERANK - H0_MENU_RERANK,,,,,
FIXED20_POLICY_INTERVENTION,,,pusht,executed_raw_steps,SIM_LAT_RERANK,23.3,20,20,20.3,26.8,20,H0_MENU_RERANK,-3.05,-6.75,-0.4,-6.75,-0.4,UNADJUSTED_POINTWISE,CASE,R4_PUSHT_S3_S3_MARGIN_AND_RESOURCE_TABLE,d7d7ef1dd65413ecd65c86cf63474d3e9469dab18572fe357beaf0ce9654d6ec,,,,R4_ALT_CEM_2,SIM_LAT_RERANK - H0_MENU_RERANK,,,,,
FIXED20_POLICY_INTERVENTION,,,pusht,executed_raw_steps,SIM_LAT_RERANK,23.3,20,20,20.3,26.8,20,SIM_LAT_RERANK,0.0,0.0,0.0,0.0,0.0,UNADJUSTED_POINTWISE,CASE,R4_PUSHT_S3_S3_MARGIN_AND_RESOURCE_TABLE,d7d7ef1dd65413ecd65c86cf63474d3e9469dab18572fe357beaf0ce9654d6ec,,,,R4_ALT_CEM_2,SIM_TASK_RERANK - SIM_LAT_RERANK,,,,,
FIXED20_POLICY_INTERVENTION,,,pusht,executed_raw_steps,SIM_TASK_RERANK,21.7,20,20,19.7,23.35,20,SIM_LAT_RERANK,-1.6,-4.25,-0.1,-4.2,-0.15,UNADJUSTED_POINTWISE,CASE,R4_PUSHT_S3_S3_MARGIN_AND_RESOURCE_TABLE,d7d7ef1dd65413ecd65c86cf63474d3e9469dab18572fe357beaf0ce9654d6ec,,,,R4_ALT_CEM_2,SIM_TASK_RERANK - SIM_LAT_RERANK,,,,,
LEARNING_POLICIES_ALL100,,,pusht,replan_calls,H0,1.15,100,100,1.08,1.22,100,H0,0.0,0.0,0.0,0.0,0.0,UNADJUSTED_POINTWISE,CASE,R4_PUSHT_S3_S3_MARGIN_AND_RESOURCE_TABLE,d7d7ef1dd65413ecd65c86cf63474d3e9469dab18572fe357beaf0ce9654d6ec,,,,R4_ALT_CEM_2,,,,,,
LEARNING_POLICIES_ALL100,,,pusht,replan_calls,REFIT_103201,1.07,100,100,1.02,1.12,100,H0,-0.08,-0.16,-0.01,-0.16346153846153846,0.0,UNADJUSTED_POINTWISE,CASE,R4_PUSHT_S3_S3_MARGIN_AND_RESOURCE_TABLE,d7d7ef1dd65413ecd65c86cf63474d3e9469dab18572fe357beaf0ce9654d6ec,,,,R4_ALT_CEM_2,,,,,,
LEARNING_POLICIES_ALL100,,,pusht,replan_calls,REFIT_103202,1.09,100,100,1.04,1.15,100,H0,-0.06,-0.14,0.01,-0.14285714285714285,0.019801980198019802,UNADJUSTED_POINTWISE,CASE,R4_PUSHT_S3_S3_MARGIN_AND_RESOURCE_TABLE,d7d7ef1dd65413ecd65c86cf63474d3e9469dab18572fe357beaf0ce9654d6ec,,,,R4_ALT_CEM_2,,,,,,
LEARNING_POLICIES_ALL100,,,pusht,replan_calls,REFIT_103203,1.12,100,100,1.06,1.19,100,H0,-0.03,-0.12,0.05,-0.11224489795918367,0.05,UNADJUSTED_POINTWISE,CASE,R4_PUSHT_S3_S3_MARGIN_AND_RESOURCE_TABLE,d7d7ef1dd65413ecd65c86cf63474d3e9469dab18572fe357beaf0ce9654d6ec,,,,R4_ALT_CEM_2,,,,,,
LEARNING_POLICIES_ALL100,,,pusht,replan_calls,FIXED3_REFIT_MEAN_NOT_ENSEMBLE,1.0933333333333335,100,100,1.0466666666666666,1.1466666666666665,100,H0,-0.056666666666666664,-0.13333333333333333,0.013333333333333338,-0.13605442176870744,0.016343913803144965,UNADJUSTED_POINTWISE,CASE,R4_PUSHT_S3_S3_MARGIN_AND_RESOURCE_TABLE,d7d7ef1dd65413ecd65c86cf63474d3e9469dab18572fe357beaf0ce9654d6ec,,,,R4_ALT_CEM_2,,,,,,
FIXED20_POLICY_INTERVENTION,,,pusht,replan_calls,H0,1.2,20,20,1.05,1.4,20,H0,0.0,0.0,0.0,0.0,0.0,UNADJUSTED_POINTWISE,CASE,R4_PUSHT_S3_S3_MARGIN_AND_RESOURCE_TABLE,d7d7ef1dd65413ecd65c86cf63474d3e9469dab18572fe357beaf0ce9654d6ec,,,,R4_ALT_CEM_2,H0_MENU_RERANK - H0,,,,,
FIXED20_POLICY_INTERVENTION,,,pusht,replan_calls,H0_MENU_RERANK,1.2,20,20,1.05,1.4,20,H0,0.0,0.0,0.0,0.0,0.0,UNADJUSTED_POINTWISE,CASE,R4_PUSHT_S3_S3_MARGIN_AND_RESOURCE_TABLE,d7d7ef1dd65413ecd65c86cf63474d3e9469dab18572fe357beaf0ce9654d6ec,,,,R4_ALT_CEM_2,H0_MENU_RERANK - H0,,,,,
FIXED20_POLICY_INTERVENTION,,,pusht,replan_calls,H0_MENU_RERANK,1.2,20,20,1.05,1.4,20,H0_MENU_RERANK,0.0,0.0,0.0,0.0,0.0,UNADJUSTED_POINTWISE,CASE,R4_PUSHT_S3_S3_MARGIN_AND_RESOURCE_TABLE,d7d7ef1dd65413ecd65c86cf63474d3e9469dab18572fe357beaf0ce9654d6ec,,,,R4_ALT_CEM_2,SIM_LAT_RERANK - H0_MENU_RERANK,,,,,
FIXED20_POLICY_INTERVENTION,,,pusht,replan_calls,SIM_LAT_RERANK,1.1,20,20,1.0,1.25,20,H0_MENU_RERANK,-0.1,-0.25,0.0,-0.25,0.0,UNADJUSTED_POINTWISE,CASE,R4_PUSHT_S3_S3_MARGIN_AND_RESOURCE_TABLE,d7d7ef1dd65413ecd65c86cf63474d3e9469dab18572fe357beaf0ce9654d6ec,,,,R4_ALT_CEM_2,SIM_LAT_RERANK - H0_MENU_RERANK,,,,,
FIXED20_POLICY_INTERVENTION,,,pusht,replan_calls,SIM_LAT_RERANK,1.1,20,20,1.0,1.25,20,SIM_LAT_RERANK,0.0,0.0,0.0,0.0,0.0,UNADJUSTED_POINTWISE,CASE,R4_PUSHT_S3_S3_MARGIN_AND_RESOURCE_TABLE,d7d7ef1dd65413ecd65c86cf63474d3e9469dab18572fe357beaf0ce9654d6ec,,,,R4_ALT_CEM_2,SIM_TASK_RERANK - SIM_LAT_RERANK,,,,,
FIXED20_POLICY_INTERVENTION,,,pusht,replan_calls,SIM_TASK_RERANK,1.05,20,20,1.0,1.15,20,SIM_LAT_RERANK,-0.05,-0.15,0.0,-0.15,0.0,UNADJUSTED_POINTWISE,CASE,R4_PUSHT_S3_S3_MARGIN_AND_RESOURCE_TABLE,d7d7ef1dd65413ecd65c86cf63474d3e9469dab18572fe357beaf0ce9654d6ec,,,,R4_ALT_CEM_2,SIM_TASK_RERANK - SIM_LAT_RERANK,,,,,
LEARNING_POLICIES_ALL100,,,pusht,wall_seconds,H0,2.132239445440646,100,100,2.010494321372338,2.26575437012341,100,H0,0.0,0.0,0.0,0.0,0.0,UNADJUSTED_POINTWISE,CASE,R4_PUSHT_S3_S3_MARGIN_AND_RESOURCE_TABLE,d7d7ef1dd65413ecd65c86cf63474d3e9469dab18572fe357beaf0ce9654d6ec,,,,R4_ALT_CEM_2,,,,,,
LEARNING_POLICIES_ALL100,,,pusht,wall_seconds,REFIT_103201,1.8481896326586138,100,100,1.7562311830086181,1.9532089088004505,100,H0,-0.28404981278203195,-0.4444946909577775,-0.13562971269203264,-0.4626062119729398,-0.12648045460069807,UNADJUSTED_POINTWISE,CASE,R4_PUSHT_S3_S3_MARGIN_AND_RESOURCE_TABLE,d7d7ef1dd65413ecd65c86cf63474d3e9469dab18572fe357beaf0ce9654d6ec,,,,R4_ALT_CEM_2,,,,,,
LEARNING_POLICIES_ALL100,,,pusht,wall_seconds,REFIT_103202,1.945200874201255,100,100,1.8532887370115496,2.0511437956232763,100,H0,-0.18703857123939088,-0.332936471328976,-0.04754357371871447,-0.34791241940066264,-0.03793701435564239,UNADJUSTED_POINTWISE,CASE,R4_PUSHT_S3_S3_MARGIN_AND_RESOURCE_TABLE,d7d7ef1dd65413ecd65c86cf63474d3e9469dab18572fe357beaf0ce9654d6ec,,,,R4_ALT_CEM_2,,,,,,
LEARNING_POLICIES_ALL100,,,pusht,wall_seconds,REFIT_103203,1.9939105909701902,100,100,1.8885249211773043,2.117141633942418,100,H0,-0.13832885447045556,-0.2884339695717572,0.006946791526563162,-0.29079389349028695,0.006727980552647504,UNADJUSTED_POINTWISE,CASE,R4_PUSHT_S3_S3_MARGIN_AND_RESOURCE_TABLE,d7d7ef1dd65413ecd65c86cf63474d3e9469dab18572fe357beaf0ce9654d6ec,,,,R4_ALT_CEM_2,,,,,,
LEARNING_POLICIES_ALL100,,,pusht,wall_seconds,FIXED3_REFIT_MEAN_NOT_ENSEMBLE,1.9291003659433528,100,100,1.8456530660150503,2.0240861402835235,100,H0,-0.20313907949729276,-0.3451932100536724,-0.06983048032540198,-0.3592114693388435,-0.06510522086706684,UNADJUSTED_POINTWISE,CASE,R4_PUSHT_S3_S3_MARGIN_AND_RESOURCE_TABLE,d7d7ef1dd65413ecd65c86cf63474d3e9469dab18572fe357beaf0ce9654d6ec,,,,R4_ALT_CEM_2,,,,,,
FIXED20_POLICY_INTERVENTION,,,pusht,wall_seconds,H0,2.168135426448134,20,20,1.8931356788501945,2.4900795390177155,20,H0,0.0,0.0,0.0,0.0,0.0,UNADJUSTED_POINTWISE,CASE,R4_PUSHT_S3_S3_MARGIN_AND_RESOURCE_TABLE,d7d7ef1dd65413ecd65c86cf63474d3e9469dab18572fe357beaf0ce9654d6ec,,,,R4_ALT_CEM_2,H0_MENU_RERANK - H0,,,,,
FIXED20_POLICY_INTERVENTION,,,pusht,wall_seconds,H0_MENU_RERANK,2.4785434403529507,20,20,2.1503789990305453,2.8579195306410474,20,H0,0.3104080139048165,0.15209577692119636,0.4922857088435193,0.15036387870601176,0.4911088589637799,UNADJUSTED_POINTWISE,CASE,R4_PUSHT_S3_S3_MARGIN_AND_RESOURCE_TABLE,d7d7ef1dd65413ecd65c86cf63474d3e9469dab18572fe357beaf0ce9654d6ec,,,,R4_ALT_CEM_2,H0_MENU_RERANK - H0,,,,,
FIXED20_POLICY_INTERVENTION,,,pusht,wall_seconds,H0_MENU_RERANK,2.4785434403529507,20,20,2.1503789990305453,2.8579195306410474,20,H0_MENU_RERANK,0.0,0.0,0.0,0.0,0.0,UNADJUSTED_POINTWISE,CASE,R4_PUSHT_S3_S3_MARGIN_AND_RESOURCE_TABLE,d7d7ef1dd65413ecd65c86cf63474d3e9469dab18572fe357beaf0ce9654d6ec,,,,R4_ALT_CEM_2,SIM_LAT_RERANK - H0_MENU_RERANK,,,,,
FIXED20_POLICY_INTERVENTION,,,pusht,wall_seconds,SIM_LAT_RERANK,25.423820852153586,20,20,21.64248830108514,30.89008716680917,20,H0_MENU_RERANK,22.945277411800635,19.294923710449766,28.168532828444658,19.304282764230738,28.20661707436877,UNADJUSTED_POINTWISE,CASE,R4_PUSHT_S3_S3_MARGIN_AND_RESOURCE_TABLE,d7d7ef1dd65413ecd65c86cf63474d3e9469dab18572fe357beaf0ce9654d6ec,,,,R4_ALT_CEM_2,SIM_LAT_RERANK - H0_MENU_RERANK,,,,,
FIXED20_POLICY_INTERVENTION,,,pusht,wall_seconds,SIM_LAT_RERANK,25.423820852153586,20,20,21.64248830108514,30.89008716680917,20,SIM_LAT_RERANK,0.0,0.0,0.0,0.0,0.0,UNADJUSTED_POINTWISE,CASE,R4_PUSHT_S3_S3_MARGIN_AND_RESOURCE_TABLE,d7d7ef1dd65413ecd65c86cf63474d3e9469dab18572fe357beaf0ce9654d6ec,,,,R4_ALT_CEM_2,SIM_TASK_RERANK - SIM_LAT_RERANK,,,,,
FIXED20_POLICY_INTERVENTION,,,pusht,wall_seconds,SIM_TASK_RERANK,9.25361922209704,20,20,8.315034966698695,10.764921762318698,20,SIM_LAT_RERANK,-16.170201630056546,-21.003582117253465,-13.044943416298956,-20.823483602954365,-13.033783315568,UNADJUSTED_POINTWISE,CASE,R4_PUSHT_S3_S3_MARGIN_AND_RESOURCE_TABLE,d7d7ef1dd65413ecd65c86cf63474d3e9469dab18572fe357beaf0ce9654d6ec,,,,R4_ALT_CEM_2,SIM_TASK_RERANK - SIM_LAT_RERANK,,,,,
LEARNING_POLICIES_ALL100,,,pusht,branch_count,H0,0.0,100,100,0.0,0.0,100,H0,0.0,0.0,0.0,0.0,0.0,UNADJUSTED_POINTWISE,CASE,R4_PUSHT_S3_S3_MARGIN_AND_RESOURCE_TABLE,d7d7ef1dd65413ecd65c86cf63474d3e9469dab18572fe357beaf0ce9654d6ec,,,,R4_ALT_CEM_2,,,,,,
LEARNING_POLICIES_ALL100,,,pusht,branch_count,REFIT_103201,0.0,100,100,0.0,0.0,100,H0,0.0,0.0,0.0,0.0,0.0,UNADJUSTED_POINTWISE,CASE,R4_PUSHT_S3_S3_MARGIN_AND_RESOURCE_TABLE,d7d7ef1dd65413ecd65c86cf63474d3e9469dab18572fe357beaf0ce9654d6ec,,,,R4_ALT_CEM_2,,,,,,
LEARNING_POLICIES_ALL100,,,pusht,branch_count,REFIT_103202,0.0,100,100,0.0,0.0,100,H0,0.0,0.0,0.0,0.0,0.0,UNADJUSTED_POINTWISE,CASE,R4_PUSHT_S3_S3_MARGIN_AND_RESOURCE_TABLE,d7d7ef1dd65413ecd65c86cf63474d3e9469dab18572fe357beaf0ce9654d6ec,,,,R4_ALT_CEM_2,,,,,,
LEARNING_POLICIES_ALL100,,,pusht,branch_count,REFIT_103203,0.0,100,100,0.0,0.0,100,H0,0.0,0.0,0.0,0.0,0.0,UNADJUSTED_POINTWISE,CASE,R4_PUSHT_S3_S3_MARGIN_AND_RESOURCE_TABLE,d7d7ef1dd65413ecd65c86cf63474d3e9469dab18572fe357beaf0ce9654d6ec,,,,R4_ALT_CEM_2,,,,,,
LEARNING_POLICIES_ALL100,,,pusht,branch_count,FIXED3_REFIT_MEAN_NOT_ENSEMBLE,0.0,100,100,0.0,0.0,100,H0,0.0,0.0,0.0,0.0,0.0,UNADJUSTED_POINTWISE,CASE,R4_PUSHT_S3_S3_MARGIN_AND_RESOURCE_TABLE,d7d7ef1dd65413ecd65c86cf63474d3e9469dab18572fe357beaf0ce9654d6ec,,,,R4_ALT_CEM_2,,,,,,
FIXED20_POLICY_INTERVENTION,,,pusht,branch_count,H0,0.0,20,20,0.0,0.0,20,H0,0.0,0.0,0.0,0.0,0.0,UNADJUSTED_POINTWISE,CASE,R4_PUSHT_S3_S3_MARGIN_AND_RESOURCE_TABLE,d7d7ef1dd65413ecd65c86cf63474d3e9469dab18572fe357beaf0ce9654d6ec,,,,R4_ALT_CEM_2,H0_MENU_RERANK - H0,,,,,
FIXED20_POLICY_INTERVENTION,,,pusht,branch_count,H0_MENU_RERANK,0.0,20,20,0.0,0.0,20,H0,0.0,0.0,0.0,0.0,0.0,UNADJUSTED_POINTWISE,CASE,R4_PUSHT_S3_S3_MARGIN_AND_RESOURCE_TABLE,d7d7ef1dd65413ecd65c86cf63474d3e9469dab18572fe357beaf0ce9654d6ec,,,,R4_ALT_CEM_2,H0_MENU_RERANK - H0,,,,,
FIXED20_POLICY_INTERVENTION,,,pusht,branch_count,H0_MENU_RERANK,0.0,20,20,0.0,0.0,20,H0_MENU_RERANK,0.0,0.0,0.0,0.0,0.0,UNADJUSTED_POINTWISE,CASE,R4_PUSHT_S3_S3_MARGIN_AND_RESOURCE_TABLE,d7d7ef1dd65413ecd65c86cf63474d3e9469dab18572fe357beaf0ce9654d6ec,,,,R4_ALT_CEM_2,SIM_LAT_RERANK - H0_MENU_RERANK,,,,,
FIXED20_POLICY_INTERVENTION,,,pusht,branch_count,SIM_LAT_RERANK,70.4,20,20,64.0,80.0,20,H0_MENU_RERANK,70.4,64.0,80.0,64.0,80.0,UNADJUSTED_POINTWISE,CASE,R4_PUSHT_S3_S3_MARGIN_AND_RESOURCE_TABLE,d7d7ef1dd65413ecd65c86cf63474d3e9469dab18572fe357beaf0ce9654d6ec,,,,R4_ALT_CEM_2,SIM_LAT_RERANK - H0_MENU_RERANK,,,,,
FIXED20_POLICY_INTERVENTION,,,pusht,branch_count,SIM_LAT_RERANK,70.4,20,20,64.0,80.0,20,SIM_LAT_RERANK,0.0,0.0,0.0,0.0,0.0,UNADJUSTED_POINTWISE,CASE,R4_PUSHT_S3_S3_MARGIN_AND_RESOURCE_TABLE,d7d7ef1dd65413ecd65c86cf63474d3e9469dab18572fe357beaf0ce9654d6ec,,,,R4_ALT_CEM_2,SIM_TASK_RERANK - SIM_LAT_RERANK,,,,,
FIXED20_POLICY_INTERVENTION,,,pusht,branch_count,SIM_TASK_RERANK,67.2,20,20,64.0,73.6,20,SIM_LAT_RERANK,-3.2,-9.6,0.0,-9.6,0.0,UNADJUSTED_POINTWISE,CASE,R4_PUSHT_S3_S3_MARGIN_AND_RESOURCE_TABLE,d7d7ef1dd65413ecd65c86cf63474d3e9469dab18572fe357beaf0ce9654d6ec,,,,R4_ALT_CEM_2,SIM_TASK_RERANK - SIM_LAT_RERANK,,,,,
LEARNING_POLICIES_ALL100,,,pusht,branch_raw_steps,H0,0.0,100,100,0.0,0.0,100,H0,0.0,0.0,0.0,0.0,0.0,UNADJUSTED_POINTWISE,CASE,R4_PUSHT_S3_S3_MARGIN_AND_RESOURCE_TABLE,d7d7ef1dd65413ecd65c86cf63474d3e9469dab18572fe357beaf0ce9654d6ec,,,,R4_ALT_CEM_2,,,,,,
LEARNING_POLICIES_ALL100,,,pusht,branch_raw_steps,REFIT_103201,0.0,100,100,0.0,0.0,100,H0,0.0,0.0,0.0,0.0,0.0,UNADJUSTED_POINTWISE,CASE,R4_PUSHT_S3_S3_MARGIN_AND_RESOURCE_TABLE,d7d7ef1dd65413ecd65c86cf63474d3e9469dab18572fe357beaf0ce9654d6ec,,,,R4_ALT_CEM_2,,,,,,
LEARNING_POLICIES_ALL100,,,pusht,branch_raw_steps,REFIT_103202,0.0,100,100,0.0,0.0,100,H0,0.0,0.0,0.0,0.0,0.0,UNADJUSTED_POINTWISE,CASE,R4_PUSHT_S3_S3_MARGIN_AND_RESOURCE_TABLE,d7d7ef1dd65413ecd65c86cf63474d3e9469dab18572fe357beaf0ce9654d6ec,,,,R4_ALT_CEM_2,,,,,,
LEARNING_POLICIES_ALL100,,,pusht,branch_raw_steps,REFIT_103203,0.0,100,100,0.0,0.0,100,H0,0.0,0.0,0.0,0.0,0.0,UNADJUSTED_POINTWISE,CASE,R4_PUSHT_S3_S3_MARGIN_AND_RESOURCE_TABLE,d7d7ef1dd65413ecd65c86cf63474d3e9469dab18572fe357beaf0ce9654d6ec,,,,R4_ALT_CEM_2,,,,,,
LEARNING_POLICIES_ALL100,,,pusht,branch_raw_steps,FIXED3_REFIT_MEAN_NOT_ENSEMBLE,0.0,100,100,0.0,0.0,100,H0,0.0,0.0,0.0,0.0,0.0,UNADJUSTED_POINTWISE,CASE,R4_PUSHT_S3_S3_MARGIN_AND_RESOURCE_TABLE,d7d7ef1dd65413ecd65c86cf63474d3e9469dab18572fe357beaf0ce9654d6ec,,,,R4_ALT_CEM_2,,,,,,
FIXED20_POLICY_INTERVENTION,,,pusht,branch_raw_steps,H0,0.0,20,20,0.0,0.0,20,H0,0.0,0.0,0.0,0.0,0.0,UNADJUSTED_POINTWISE,CASE,R4_PUSHT_S3_S3_MARGIN_AND_RESOURCE_TABLE,d7d7ef1dd65413ecd65c86cf63474d3e9469dab18572fe357beaf0ce9654d6ec,,,,R4_ALT_CEM_2,H0_MENU_RERANK - H0,,,,,
FIXED20_POLICY_INTERVENTION,,,pusht,branch_raw_steps,H0_MENU_RERANK,0.0,20,20,0.0,0.0,20,H0,0.0,0.0,0.0,0.0,0.0,UNADJUSTED_POINTWISE,CASE,R4_PUSHT_S3_S3_MARGIN_AND_RESOURCE_TABLE,d7d7ef1dd65413ecd65c86cf63474d3e9469dab18572fe357beaf0ce9654d6ec,,,,R4_ALT_CEM_2,H0_MENU_RERANK - H0,,,,,
FIXED20_POLICY_INTERVENTION,,,pusht,branch_raw_steps,H0_MENU_RERANK,0.0,20,20,0.0,0.0,20,H0_MENU_RERANK,0.0,0.0,0.0,0.0,0.0,UNADJUSTED_POINTWISE,CASE,R4_PUSHT_S3_S3_MARGIN_AND_RESOURCE_TABLE,d7d7ef1dd65413ecd65c86cf63474d3e9469dab18572fe357beaf0ce9654d6ec,,,,R4_ALT_CEM_2,SIM_LAT_RERANK - H0_MENU_RERANK,,,,,
FIXED20_POLICY_INTERVENTION,,,pusht,branch_raw_steps,SIM_LAT_RERANK,1760.0,20,20,1600.0,2000.0,20,H0_MENU_RERANK,1760.0,1600.0,2000.0,1600.0,2000.0,UNADJUSTED_POINTWISE,CASE,R4_PUSHT_S3_S3_MARGIN_AND_RESOURCE_TABLE,d7d7ef1dd65413ecd65c86cf63474d3e9469dab18572fe357beaf0ce9654d6ec,,,,R4_ALT_CEM_2,SIM_LAT_RERANK - H0_MENU_RERANK,,,,,
FIXED20_POLICY_INTERVENTION,,,pusht,branch_raw_steps,SIM_LAT_RERANK,1760.0,20,20,1600.0,2000.0,20,SIM_LAT_RERANK,0.0,0.0,0.0,0.0,0.0,UNADJUSTED_POINTWISE,CASE,R4_PUSHT_S3_S3_MARGIN_AND_RESOURCE_TABLE,d7d7ef1dd65413ecd65c86cf63474d3e9469dab18572fe357beaf0ce9654d6ec,,,,R4_ALT_CEM_2,SIM_TASK_RERANK - SIM_LAT_RERANK,,,,,
FIXED20_POLICY_INTERVENTION,,,pusht,branch_raw_steps,SIM_TASK_RERANK,1680.0,20,20,1600.0,1840.0,20,SIM_LAT_RERANK,-80.0,-240.0,0.0,-240.0,0.0,UNADJUSTED_POINTWISE,CASE,R4_PUSHT_S3_S3_MARGIN_AND_RESOURCE_TABLE,d7d7ef1dd65413ecd65c86cf63474d3e9469dab18572fe357beaf0ce9654d6ec,,,,R4_ALT_CEM_2,SIM_TASK_RERANK - SIM_LAT_RERANK,,,,,
LEARNING_POLICIES_ALL100,,,pusht,branch_seconds,H0,0.0,100,100,0.0,0.0,100,H0,0.0,0.0,0.0,0.0,0.0,UNADJUSTED_POINTWISE,CASE,R4_PUSHT_S3_S3_MARGIN_AND_RESOURCE_TABLE,d7d7ef1dd65413ecd65c86cf63474d3e9469dab18572fe357beaf0ce9654d6ec,,,,R4_ALT_CEM_2,,,,,,
LEARNING_POLICIES_ALL100,,,pusht,branch_seconds,REFIT_103201,0.0,100,100,0.0,0.0,100,H0,0.0,0.0,0.0,0.0,0.0,UNADJUSTED_POINTWISE,CASE,R4_PUSHT_S3_S3_MARGIN_AND_RESOURCE_TABLE,d7d7ef1dd65413ecd65c86cf63474d3e9469dab18572fe357beaf0ce9654d6ec,,,,R4_ALT_CEM_2,,,,,,
LEARNING_POLICIES_ALL100,,,pusht,branch_seconds,REFIT_103202,0.0,100,100,0.0,0.0,100,H0,0.0,0.0,0.0,0.0,0.0,UNADJUSTED_POINTWISE,CASE,R4_PUSHT_S3_S3_MARGIN_AND_RESOURCE_TABLE,d7d7ef1dd65413ecd65c86cf63474d3e9469dab18572fe357beaf0ce9654d6ec,,,,R4_ALT_CEM_2,,,,,,
LEARNING_POLICIES_ALL100,,,pusht,branch_seconds,REFIT_103203,0.0,100,100,0.0,0.0,100,H0,0.0,0.0,0.0,0.0,0.0,UNADJUSTED_POINTWISE,CASE,R4_PUSHT_S3_S3_MARGIN_AND_RESOURCE_TABLE,d7d7ef1dd65413ecd65c86cf63474d3e9469dab18572fe357beaf0ce9654d6ec,,,,R4_ALT_CEM_2,,,,,,
LEARNING_POLICIES_ALL100,,,pusht,branch_seconds,FIXED3_REFIT_MEAN_NOT_ENSEMBLE,0.0,100,100,0.0,0.0,100,H0,0.0,0.0,0.0,0.0,0.0,UNADJUSTED_POINTWISE,CASE,R4_PUSHT_S3_S3_MARGIN_AND_RESOURCE_TABLE,d7d7ef1dd65413ecd65c86cf63474d3e9469dab18572fe357beaf0ce9654d6ec,,,,R4_ALT_CEM_2,,,,,,
FIXED20_POLICY_INTERVENTION,,,pusht,branch_seconds,H0,0.0,20,20,0.0,0.0,20,H0,0.0,0.0,0.0,0.0,0.0,UNADJUSTED_POINTWISE,CASE,R4_PUSHT_S3_S3_MARGIN_AND_RESOURCE_TABLE,d7d7ef1dd65413ecd65c86cf63474d3e9469dab18572fe357beaf0ce9654d6ec,,,,R4_ALT_CEM_2,H0_MENU_RERANK - H0,,,,,
FIXED20_POLICY_INTERVENTION,,,pusht,branch_seconds,H0_MENU_RERANK,0.0,20,20,0.0,0.0,20,H0,0.0,0.0,0.0,0.0,0.0,UNADJUSTED_POINTWISE,CASE,R4_PUSHT_S3_S3_MARGIN_AND_RESOURCE_TABLE,d7d7ef1dd65413ecd65c86cf63474d3e9469dab18572fe357beaf0ce9654d6ec,,,,R4_ALT_CEM_2,H0_MENU_RERANK - H0,,,,,
FIXED20_POLICY_INTERVENTION,,,pusht,branch_seconds,H0_MENU_RERANK,0.0,20,20,0.0,0.0,20,H0_MENU_RERANK,0.0,0.0,0.0,0.0,0.0,UNADJUSTED_POINTWISE,CASE,R4_PUSHT_S3_S3_MARGIN_AND_RESOURCE_TABLE,d7d7ef1dd65413ecd65c86cf63474d3e9469dab18572fe357beaf0ce9654d6ec,,,,R4_ALT_CEM_2,SIM_LAT_RERANK - H0_MENU_RERANK,,,,,
FIXED20_POLICY_INTERVENTION,,,pusht,branch_seconds,SIM_LAT_RERANK,22.449429494008655,20,20,18.9253148511572,27.55875898892929,20,H0_MENU_RERANK,22.449429494008655,18.9253148511572,27.55875898892929,18.93643962776016,27.592454147146963,UNADJUSTED_POINTWISE,CASE,R4_PUSHT_S3_S3_MARGIN_AND_RESOURCE_TABLE,d7d7ef1dd65413ecd65c86cf63474d3e9469dab18572fe357beaf0ce9654d6ec,,,,R4_ALT_CEM_2,SIM_LAT_RERANK - H0_MENU_RERANK,,,,,
FIXED20_POLICY_INTERVENTION,,,pusht,branch_seconds,SIM_LAT_RERANK,22.449429494008655,20,20,18.9253148511572,27.55875898892929,20,SIM_LAT_RERANK,0.0,0.0,0.0,0.0,0.0,UNADJUSTED_POINTWISE,CASE,R4_PUSHT_S3_S3_MARGIN_AND_RESOURCE_TABLE,d7d7ef1dd65413ecd65c86cf63474d3e9469dab18572fe357beaf0ce9654d6ec,,,,R4_ALT_CEM_2,SIM_TASK_RERANK - SIM_LAT_RERANK,,,,,
FIXED20_POLICY_INTERVENTION,,,pusht,branch_seconds,SIM_TASK_RERANK,8.203978230356006,20,20,7.353349660051753,9.607618493328118,20,SIM_LAT_RERANK,-14.24545126365265,-18.71835319829035,-11.326459104402748,-18.553739751345166,-11.31940048287306,UNADJUSTED_POINTWISE,CASE,R4_PUSHT_S3_S3_MARGIN_AND_RESOURCE_TABLE,d7d7ef1dd65413ecd65c86cf63474d3e9469dab18572fe357beaf0ce9654d6ec,,,,R4_ALT_CEM_2,SIM_TASK_RERANK - SIM_LAT_RERANK,,,,,
PRIMARY,H_POLICY,10,reacher,latent_mse,H0,0.09794826551806182,100,100,0.07640864390530623,0.12235997334285639,100,H0,0.0,0.0,0.0,,,UNADJUSTED_POINTWISE,CASE,R4_REACHER_S1_OFFLINE_S1_MAIN_TABLE,48179fd303776ba644c073c3e8b434a5ef14f4153ce1b85d1747378a36b835fb,,,,,,,,,,
PRIMARY,H_POLICY,10,reacher,latent_mse,REFIT_103201,0.08858161731273867,100,100,0.06844126252300338,0.11146025159885173,100,H0,-0.009366648205323146,-0.014818009663751582,-0.004257360131625319,,,UNADJUSTED_POINTWISE,CASE,R4_REACHER_S1_OFFLINE_S1_MAIN_TABLE,48179fd303776ba644c073c3e8b434a5ef14f4153ce1b85d1747378a36b835fb,,,,,,,,,,
PRIMARY,H_POLICY,10,reacher,latent_mse,REFIT_103202,0.08840253695612774,100,100,0.06824921456590528,0.11125107953860423,100,H0,-0.009545728561934084,-0.01531927155930316,-0.004127405527979136,,,UNADJUSTED_POINTWISE,CASE,R4_REACHER_S1_OFFLINE_S1_MAIN_TABLE,48179fd303776ba644c073c3e8b434a5ef14f4153ce1b85d1747378a36b835fb,,,,,,,,,,
PRIMARY,H_POLICY,10,reacher,latent_mse,REFIT_103203,0.08957573263207451,100,100,0.0696925642627757,0.11248592825728701,100,H0,-0.008372532885987312,-0.01383446617500158,-0.003336491567606572,,,UNADJUSTED_POINTWISE,CASE,R4_REACHER_S1_OFFLINE_S1_MAIN_TABLE,48179fd303776ba644c073c3e8b434a5ef14f4153ce1b85d1747378a36b835fb,,,,,,,,,,
PRIMARY,H_POLICY,10,reacher,latent_mse,FIXED3_REFIT_MEAN_NOT_ENSEMBLE,0.08885329563364698,100,100,0.06886161131908497,0.1118907579464139,100,H0,-0.009094969884414847,-0.014462461304656853,-0.004210878549861571,,,UNADJUSTED_POINTWISE,CASE,R4_REACHER_S1_OFFLINE_S1_MAIN_TABLE,48179fd303776ba644c073c3e8b434a5ef14f4153ce1b85d1747378a36b835fb,,,,,,,,,,
PRIMARY,H_POLICY,25,reacher,latent_mse,H0,0.11806012281682342,100,100,0.09240242752304766,0.14645918206579514,100,H0,0.0,0.0,0.0,,,UNADJUSTED_POINTWISE,CASE,R4_REACHER_S1_OFFLINE_S1_MAIN_TABLE,48179fd303776ba644c073c3e8b434a5ef14f4153ce1b85d1747378a36b835fb,,,,,,,,,,
PRIMARY,H_POLICY,25,reacher,latent_mse,REFIT_103201,0.1024842522724066,100,100,0.0788657255283615,0.12990312492885275,100,H0,-0.01557587054441683,-0.024021133869973708,-0.007477128737111344,,,UNADJUSTED_POINTWISE,CASE,R4_REACHER_S1_OFFLINE_S1_MAIN_TABLE,48179fd303776ba644c073c3e8b434a5ef14f4153ce1b85d1747378a36b835fb,,,,,,,,,,
PRIMARY,H_POLICY,25,reacher,latent_mse,REFIT_103202,0.10302555574802681,100,100,0.07893093001731905,0.13072546096751464,100,H0,-0.015034567068796604,-0.023614080404979178,-0.007014618918765338,,,UNADJUSTED_POINTWISE,CASE,R4_REACHER_S1_OFFLINE_S1_MAIN_TABLE,48179fd303776ba644c073c3e8b434a5ef14f4153ce1b85d1747378a36b835fb,,,,,,,,,,
PRIMARY,H_POLICY,25,reacher,latent_mse,REFIT_103203,0.10343735985225067,100,100,0.07961685828672489,0.13115877805376658,100,H0,-0.014622762964572758,-0.022714484247902872,-0.00675741959741572,,,UNADJUSTED_POINTWISE,CASE,R4_REACHER_S1_OFFLINE_S1_MAIN_TABLE,48179fd303776ba644c073c3e8b434a5ef14f4153ce1b85d1747378a36b835fb,,,,,,,,,,
PRIMARY,H_POLICY,25,reacher,latent_mse,FIXED3_REFIT_MEAN_NOT_ENSEMBLE,0.10298238929089472,100,100,0.07927217018998149,0.13037037055797795,100,H0,-0.015077733525928729,-0.02332681344942345,-0.007448524826662225,,,UNADJUSTED_POINTWISE,CASE,R4_REACHER_S1_OFFLINE_S1_MAIN_TABLE,48179fd303776ba644c073c3e8b434a5ef14f4153ce1b85d1747378a36b835fb,,,,,,,,,,
PRIMARY,H_POLICY,5,reacher,latent_mse,H0,0.07098522661719471,100,100,0.05673616013582796,0.08669182679662481,100,H0,0.0,0.0,0.0,,,UNADJUSTED_POINTWISE,CASE,R4_REACHER_S1_OFFLINE_S1_MAIN_TABLE,48179fd303776ba644c073c3e8b434a5ef14f4153ce1b85d1747378a36b835fb,,,,,,,,,,
PRIMARY,H_POLICY,5,reacher,latent_mse,REFIT_103201,0.06508420951198786,100,100,0.05152619073353708,0.08055994008912239,100,H0,-0.005901017105206847,-0.008904166192456615,-0.0030547159513807857,,,UNADJUSTED_POINTWISE,CASE,R4_REACHER_S1_OFFLINE_S1_MAIN_TABLE,48179fd303776ba644c073c3e8b434a5ef14f4153ce1b85d1747378a36b835fb,,,,,,,,,,
PRIMARY,H_POLICY,5,reacher,latent_mse,REFIT_103202,0.06546967102913186,100,100,0.05178790099284379,0.08107222709612688,100,H0,-0.005515555588062853,-0.008698273363057524,-0.002589259768137709,,,UNADJUSTED_POINTWISE,CASE,R4_REACHER_S1_OFFLINE_S1_MAIN_TABLE,48179fd303776ba644c073c3e8b434a5ef14f4153ce1b85d1747378a36b835fb,,,,,,,,,,
PRIMARY,H_POLICY,5,reacher,latent_mse,REFIT_103203,0.06588760346639902,100,100,0.05232108214497566,0.08127185904886573,100,H0,-0.005097623150795698,-0.007972770679276436,-0.0023307272830279573,,,UNADJUSTED_POINTWISE,CASE,R4_REACHER_S1_OFFLINE_S1_MAIN_TABLE,48179fd303776ba644c073c3e8b434a5ef14f4153ce1b85d1747378a36b835fb,,,,,,,,,,
PRIMARY,H_POLICY,5,reacher,latent_mse,FIXED3_REFIT_MEAN_NOT_ENSEMBLE,0.06548049466917291,100,100,0.051742359374552814,0.08099893876285447,100,H0,-0.0055047319480218005,-0.008419889108471884,-0.002766270838639078,,,UNADJUSTED_POINTWISE,CASE,R4_REACHER_S1_OFFLINE_S1_MAIN_TABLE,48179fd303776ba644c073c3e8b434a5ef14f4153ce1b85d1747378a36b835fb,,,,,,,,,,
PRIMARY,H_REAL3,10,reacher,latent_mse,H0,0.01108217476401478,100,100,0.009856589782168157,0.012408243400743228,100,H0,0.0,0.0,0.0,,,UNADJUSTED_POINTWISE,CASE,R4_REACHER_S1_OFFLINE_S1_MAIN_TABLE,48179fd303776ba644c073c3e8b434a5ef14f4153ce1b85d1747378a36b835fb,,,,,,,,,,
PRIMARY,H_REAL3,10,reacher,latent_mse,REFIT_103201,0.0012027151112852152,100,100,0.0010021100436533742,0.0014309607091527138,100,H0,-0.009879459652729565,-0.011214914344909632,-0.008640885546767096,,,UNADJUSTED_POINTWISE,CASE,R4_REACHER_S1_OFFLINE_S1_MAIN_TABLE,48179fd303776ba644c073c3e8b434a5ef14f4153ce1b85d1747378a36b835fb,,,,,,,,,,
PRIMARY,H_REAL3,10,reacher,latent_mse,REFIT_103202,0.0012813396721321625,100,100,0.0010794774563983084,0.0015079020754055817,100,H0,-0.009800835091882619,-0.01114217926584388,-0.008591230215090036,,,UNADJUSTED_POINTWISE,CASE,R4_REACHER_S1_OFFLINE_S1_MAIN_TABLE,48179fd303776ba644c073c3e8b434a5ef14f4153ce1b85d1747378a36b835fb,,,,,,,,,,
PRIMARY,H_REAL3,10,reacher,latent_mse,REFIT_103203,0.0011367981178045739,100,100,0.0009425852056483564,0.0013659735158398688,100,H0,-0.009945376646210207,-0.01128438777860356,-0.008712304383152515,,,UNADJUSTED_POINTWISE,CASE,R4_REACHER_S1_OFFLINE_S1_MAIN_TABLE,48179fd303776ba644c073c3e8b434a5ef14f4153ce1b85d1747378a36b835fb,,,,,,,,,,
PRIMARY,H_REAL3,10,reacher,latent_mse,FIXED3_REFIT_MEAN_NOT_ENSEMBLE,0.0012069509670739839,100,100,0.0010180771393473453,0.0014286775821249949,100,H0,-0.009875223796940797,-0.011219277925414644,-0.008645135242131802,,,UNADJUSTED_POINTWISE,CASE,R4_REACHER_S1_OFFLINE_S1_MAIN_TABLE,48179fd303776ba644c073c3e8b434a5ef14f4153ce1b85d1747378a36b835fb,,,,,,,,,,
PRIMARY,H_REAL3,25,reacher,latent_mse,H0,0.01976001632399857,100,100,0.01726574023417197,0.022501347407931454,100,H0,0.0,0.0,0.0,,,UNADJUSTED_POINTWISE,CASE,R4_REACHER_S1_OFFLINE_S1_MAIN_TABLE,48179fd303776ba644c073c3e8b434a5ef14f4153ce1b85d1747378a36b835fb,,,,,,,,,,
PRIMARY,H_REAL3,25,reacher,latent_mse,REFIT_103201,0.0019027620230917819,100,100,0.0015685445250055636,0.0022682863767186055,100,H0,-0.01785725430090679,-0.020596824623913563,-0.015381196845315574,,,UNADJUSTED_POINTWISE,CASE,R4_REACHER_S1_OFFLINE_S1_MAIN_TABLE,48179fd303776ba644c073c3e8b434a5ef14f4153ce1b85d1747378a36b835fb,,,,,,,,,,
PRIMARY,H_REAL3,25,reacher,latent_mse,REFIT_103202,0.0022497243169345895,100,100,0.0018625709277403076,0.002681655968131963,100,H0,-0.01751029200706398,-0.020337288178307062,-0.014973125922893816,,,UNADJUSTED_POINTWISE,CASE,R4_REACHER_S1_OFFLINE_S1_MAIN_TABLE,48179fd303776ba644c073c3e8b434a5ef14f4153ce1b85d1747378a36b835fb,,,,,,,,,,
PRIMARY,H_REAL3,25,reacher,latent_mse,REFIT_103203,0.0019322885687870438,100,100,0.0016194114094178077,0.002294475514099758,100,H0,-0.017827727755211527,-0.020583730333681157,-0.015304042431944253,,,UNADJUSTED_POINTWISE,CASE,R4_REACHER_S1_OFFLINE_S1_MAIN_TABLE,48179fd303776ba644c073c3e8b434a5ef14f4153ce1b85d1747378a36b835fb,,,,,,,,,,
PRIMARY,H_REAL3,25,reacher,latent_mse,FIXED3_REFIT_MEAN_NOT_ENSEMBLE,0.0020282583029378053,100,100,0.0017190456744986783,0.0023784010907681175,100,H0,-0.017731758021060764,-0.020504083571195226,-0.015236944911393952,,,UNADJUSTED_POINTWISE,CASE,R4_REACHER_S1_OFFLINE_S1_MAIN_TABLE,48179fd303776ba644c073c3e8b434a5ef14f4153ce1b85d1747378a36b835fb,,,,,,,,,,
PRIMARY,H_REAL3,5,reacher,latent_mse,H0,0.006784568335860968,100,100,0.006019644018902909,0.007632306279498152,100,H0,0.0,0.0,0.0,,,UNADJUSTED_POINTWISE,CASE,R4_REACHER_S1_OFFLINE_S1_MAIN_TABLE,48179fd303776ba644c073c3e8b434a5ef14f4153ce1b85d1747378a36b835fb,,,,,,,,,,
PRIMARY,H_REAL3,5,reacher,latent_mse,REFIT_103201,0.0009278431780694518,100,100,0.0007909100023935025,0.001083665349113289,100,H0,-0.005856725157791516,-0.006619366329792683,-0.00516025983039799,,,UNADJUSTED_POINTWISE,CASE,R4_REACHER_S1_OFFLINE_S1_MAIN_TABLE,48179fd303776ba644c073c3e8b434a5ef14f4153ce1b85d1747378a36b835fb,,,,,,,,,,
PRIMARY,H_REAL3,5,reacher,latent_mse,REFIT_103202,0.0009290837292792275,100,100,0.0007988663508367608,0.0010777995934404315,100,H0,-0.00585548460658174,-0.006635443631967064,-0.0051614402022532885,,,UNADJUSTED_POINTWISE,CASE,R4_REACHER_S1_OFFLINE_S1_MAIN_TABLE,48179fd303776ba644c073c3e8b434a5ef14f4153ce1b85d1747378a36b835fb,,,,,,,,,,
PRIMARY,H_REAL3,5,reacher,latent_mse,REFIT_103203,0.0009385532443411649,100,100,0.0007900177400406392,0.0011073770211478403,100,H0,-0.0058460150915198026,-0.006599417488854669,-0.005162714261048677,,,UNADJUSTED_POINTWISE,CASE,R4_REACHER_S1_OFFLINE_S1_MAIN_TABLE,48179fd303776ba644c073c3e8b434a5ef14f4153ce1b85d1747378a36b835fb,,,,,,,,,,
PRIMARY,H_REAL3,5,reacher,latent_mse,FIXED3_REFIT_MEAN_NOT_ENSEMBLE,0.0009318267172299479,100,100,0.0007975613684866404,0.0010868976723128678,100,H0,-0.005852741618631019,-0.006616311210440472,-0.005162949421154433,,,UNADJUSTED_POINTWISE,CASE,R4_REACHER_S1_OFFLINE_S1_MAIN_TABLE,48179fd303776ba644c073c3e8b434a5ef14f4153ce1b85d1747378a36b835fb,,,,,,,,,,
PRIMARY,H_POLICY,10,reacher,latent_mse,H0,0.09708551915365612,99,100,0.07638162781400605,0.12015070522363477,99,H0,0.0,0.0,0.0,,,UNADJUSTED_POINTWISE,CASE,R4_REACHER_S1_CROSS_S1_MAIN_TABLE,7e744eced39e4d75ab165f6317f251311c7efe70098aad21c2b90da76b929ac9,,,,,,,,,,
PRIMARY,H_POLICY,10,reacher,latent_mse,REFIT_103201,0.0901192945448722,99,100,0.06989720999537374,0.11273341687868586,99,H0,-0.006966224608783923,-0.01253713137795009,-0.0013116398129942722,,,UNADJUSTED_POINTWISE,CASE,R4_REACHER_S1_CROSS_S1_MAIN_TABLE,7e744eced39e4d75ab165f6317f251311c7efe70098aad21c2b90da76b929ac9,,,,,,,,,,
PRIMARY,H_POLICY,10,reacher,latent_mse,REFIT_103202,0.09138162051326938,99,100,0.07101095561719013,0.11375454536706783,99,H0,-0.005703898640386745,-0.01152799726533149,4.457177627288019e-05,,,UNADJUSTED_POINTWISE,CASE,R4_REACHER_S1_CROSS_S1_MAIN_TABLE,7e744eced39e4d75ab165f6317f251311c7efe70098aad21c2b90da76b929ac9,,,,,,,,,,
PRIMARY,H_POLICY,10,reacher,latent_mse,REFIT_103203,0.09029276456344526,99,100,0.07037464897221336,0.11255954607616574,99,H0,-0.0067927545902108765,-0.012246436113868867,-0.0013923909421640888,,,UNADJUSTED_POINTWISE,CASE,R4_REACHER_S1_CROSS_S1_MAIN_TABLE,7e744eced39e4d75ab165f6317f251311c7efe70098aad21c2b90da76b929ac9,,,,,,,,,,
PRIMARY,H_POLICY,10,reacher,latent_mse,FIXED3_REFIT_MEAN_NOT_ENSEMBLE,0.09059789320719563,99,100,0.07038052404517171,0.11303137623997686,99,H0,-0.006487625946460514,-0.011960194402037798,-0.0009207417597311489,,,UNADJUSTED_POINTWISE,CASE,R4_REACHER_S1_CROSS_S1_MAIN_TABLE,7e744eced39e4d75ab165f6317f251311c7efe70098aad21c2b90da76b929ac9,,,,,,,,,,
PRIMARY,H_POLICY,10,reacher,optimism,H0,3.2076434761988195,99,100,-4.53120862021109,11.02628745773211,99,H0,0.0,0.0,0.0,,,UNADJUSTED_POINTWISE,CASE,R4_REACHER_S1_CROSS_S1_MAIN_TABLE,7e744eced39e4d75ab165f6317f251311c7efe70098aad21c2b90da76b929ac9,,,,,,,,,,
PRIMARY,H_POLICY,10,reacher,optimism,REFIT_103201,5.463825200442914,99,100,-1.9690201988175329,12.835779496709502,99,H0,2.2561817242440956,0.06985427140998876,4.470162209423699,,,UNADJUSTED_POINTWISE,CASE,R4_REACHER_S1_CROSS_S1_MAIN_TABLE,7e744eced39e4d75ab165f6317f251311c7efe70098aad21c2b90da76b929ac9,,,,,,,,,,
PRIMARY,H_POLICY,10,reacher,optimism,REFIT_103202,5.475466745218846,99,100,-2.0669662346115008,12.887506933281687,99,H0,2.2678232690200257,0.191315043543269,4.3703730004600185,,,UNADJUSTED_POINTWISE,CASE,R4_REACHER_S1_CROSS_S1_MAIN_TABLE,7e744eced39e4d75ab165f6317f251311c7efe70098aad21c2b90da76b929ac9,,,,,,,,,,
PRIMARY,H_POLICY,10,reacher,optimism,REFIT_103203,5.095334386735251,99,100,-2.4145128586114684,12.544308111790032,99,H0,1.887690910536432,-0.22152303284047017,3.9964330203831144,,,UNADJUSTED_POINTWISE,CASE,R4_REACHER_S1_CROSS_S1_MAIN_TABLE,7e744eced39e4d75ab165f6317f251311c7efe70098aad21c2b90da76b929ac9,,,,,,,,,,
PRIMARY,H_POLICY,10,reacher,optimism,FIXED3_REFIT_MEAN_NOT_ENSEMBLE,5.344875444132337,99,100,-2.151267759026753,12.743615136869225,99,H0,2.137231967933518,0.009846214358202585,4.237589600407414,,,UNADJUSTED_POINTWISE,CASE,R4_REACHER_S1_CROSS_S1_MAIN_TABLE,7e744eced39e4d75ab165f6317f251311c7efe70098aad21c2b90da76b929ac9,,,,,,,,,,
PRIMARY,H_POLICY,25,reacher,latent_mse,H0,0.1272449178349537,90,100,0.10016740413219109,0.15644264608561825,90,H0,0.0,0.0,0.0,,,UNADJUSTED_POINTWISE,CASE,R4_REACHER_S1_CROSS_S1_MAIN_TABLE,7e744eced39e4d75ab165f6317f251311c7efe70098aad21c2b90da76b929ac9,,,,,,,,,,
PRIMARY,H_POLICY,25,reacher,latent_mse,REFIT_103201,0.11207070225160957,90,100,0.08598811554738808,0.14181432562145485,90,H0,-0.015174215583344149,-0.026101654652129613,-0.004223425758215477,,,UNADJUSTED_POINTWISE,CASE,R4_REACHER_S1_CROSS_S1_MAIN_TABLE,7e744eced39e4d75ab165f6317f251311c7efe70098aad21c2b90da76b929ac9,,,,,,,,,,
PRIMARY,H_POLICY,25,reacher,latent_mse,REFIT_103202,0.11448681816766987,90,100,0.08838552804848969,0.14352948323584763,90,H0,-0.012758099667283843,-0.023644708983509784,-0.0018901781489436818,,,UNADJUSTED_POINTWISE,CASE,R4_REACHER_S1_CROSS_S1_MAIN_TABLE,7e744eced39e4d75ab165f6317f251311c7efe70098aad21c2b90da76b929ac9,,,,,,,,,,
PRIMARY,H_POLICY,25,reacher,latent_mse,REFIT_103203,0.11287492110816487,90,100,0.08730219250158558,0.1413642489092926,90,H0,-0.014369996726788854,-0.02443908117473221,-0.00410120060360585,,,UNADJUSTED_POINTWISE,CASE,R4_REACHER_S1_CROSS_S1_MAIN_TABLE,7e744eced39e4d75ab165f6317f251311c7efe70098aad21c2b90da76b929ac9,,,,,,,,,,
PRIMARY,H_POLICY,25,reacher,latent_mse,FIXED3_REFIT_MEAN_NOT_ENSEMBLE,0.11314414717581477,90,100,0.08707774848606724,0.1423052741781693,90,H0,-0.01410077065913895,-0.024462236573907524,-0.0036816135690805342,,,UNADJUSTED_POINTWISE,CASE,R4_REACHER_S1_CROSS_S1_MAIN_TABLE,7e744eced39e4d75ab165f6317f251311c7efe70098aad21c2b90da76b929ac9,,,,,,,,,,
PRIMARY,H_POLICY,25,reacher,optimism,H0,-18.547598906875486,90,100,-24.12948722088044,-13.582731476735374,90,H0,0.0,0.0,0.0,,,UNADJUSTED_POINTWISE,CASE,R4_REACHER_S1_CROSS_S1_MAIN_TABLE,7e744eced39e4d75ab165f6317f251311c7efe70098aad21c2b90da76b929ac9,,,,,,,,,,
PRIMARY,H_POLICY,25,reacher,optimism,REFIT_103201,-21.151235824378418,90,100,-26.711104837667108,-16.25091785024938,90,H0,-2.60363691750293,-3.081298582144286,-2.1797279908187206,,,UNADJUSTED_POINTWISE,CASE,R4_REACHER_S1_CROSS_S1_MAIN_TABLE,7e744eced39e4d75ab165f6317f251311c7efe70098aad21c2b90da76b929ac9,,,,,,,,,,
PRIMARY,H_POLICY,25,reacher,optimism,REFIT_103202,-21.191008268006975,90,100,-26.739520017848758,-16.295857234831605,90,H0,-2.6434093611314893,-3.1271583808804335,-2.218849726650726,,,UNADJUSTED_POINTWISE,CASE,R4_REACHER_S1_CROSS_S1_MAIN_TABLE,7e744eced39e4d75ab165f6317f251311c7efe70098aad21c2b90da76b929ac9,,,,,,,,,,
PRIMARY,H_POLICY,25,reacher,optimism,REFIT_103203,-21.219925611121237,90,100,-26.77498698769789,-16.318553737505102,90,H0,-2.6723267042457506,-3.1624503049903256,-2.239987313926278,,,UNADJUSTED_POINTWISE,CASE,R4_REACHER_S1_CROSS_S1_MAIN_TABLE,7e744eced39e4d75ab165f6317f251311c7efe70098aad21c2b90da76b929ac9,,,,,,,,,,
PRIMARY,H_POLICY,25,reacher,optimism,FIXED3_REFIT_MEAN_NOT_ENSEMBLE,-21.187389901168878,90,100,-26.75172484685846,-16.298638675274738,90,H0,-2.63979099429339,-3.1213563030415052,-2.2152332138335598,,,UNADJUSTED_POINTWISE,CASE,R4_REACHER_S1_CROSS_S1_MAIN_TABLE,7e744eced39e4d75ab165f6317f251311c7efe70098aad21c2b90da76b929ac9,,,,,,,,,,
PRIMARY,H_POLICY,5,reacher,latent_mse,H0,0.06962011139762278,100,100,0.05567556545324624,0.08444106379615066,100,H0,0.0,0.0,0.0,,,UNADJUSTED_POINTWISE,CASE,R4_REACHER_S1_CROSS_S1_MAIN_TABLE,7e744eced39e4d75ab165f6317f251311c7efe70098aad21c2b90da76b929ac9,,,,,,,,,,
PRIMARY,H_POLICY,5,reacher,latent_mse,REFIT_103201,0.06586308265172798,100,100,0.052375324949697336,0.08091764491887442,100,H0,-0.003757028745894786,-0.006627279777545482,-0.0008587641267295118,,,UNADJUSTED_POINTWISE,CASE,R4_REACHER_S1_CROSS_S1_MAIN_TABLE,7e744eced39e4d75ab165f6317f251311c7efe70098aad21c2b90da76b929ac9,,,,,,,,,,
PRIMARY,H_POLICY,5,reacher,latent_mse,REFIT_103202,0.06648706959706033,100,100,0.0527018404370101,0.08156859585828351,100,H0,-0.0031330418005624475,-0.006040466872487741,-0.00023068578828679424,,,UNADJUSTED_POINTWISE,CASE,R4_REACHER_S1_CROSS_S1_MAIN_TABLE,7e744eced39e4d75ab165f6317f251311c7efe70098aad21c2b90da76b929ac9,,,,,,,,,,
PRIMARY,H_POLICY,5,reacher,latent_mse,REFIT_103203,0.06592243932420389,100,100,0.05242114165860402,0.08067923288200109,100,H0,-0.0036976720734188955,-0.006355860337469494,-0.001016751257013921,,,UNADJUSTED_POINTWISE,CASE,R4_REACHER_S1_CROSS_S1_MAIN_TABLE,7e744eced39e4d75ab165f6317f251311c7efe70098aad21c2b90da76b929ac9,,,,,,,,,,
PRIMARY,H_POLICY,5,reacher,latent_mse,FIXED3_REFIT_MEAN_NOT_ENSEMBLE,0.06609086385766406,100,100,0.0524887088979449,0.08098943292824293,100,H0,-0.00352924753995871,-0.006249091455884302,-0.0007728970309512501,,,UNADJUSTED_POINTWISE,CASE,R4_REACHER_S1_CROSS_S1_MAIN_TABLE,7e744eced39e4d75ab165f6317f251311c7efe70098aad21c2b90da76b929ac9,,,,,,,,,,
PRIMARY,H_POLICY,5,reacher,optimism,H0,-5.135011729399364,100,100,-11.75106226315101,1.570571134666597,100,H0,0.0,0.0,0.0,,,UNADJUSTED_POINTWISE,CASE,R4_REACHER_S1_CROSS_S1_MAIN_TABLE,7e744eced39e4d75ab165f6317f251311c7efe70098aad21c2b90da76b929ac9,,,,,,,,,,
PRIMARY,H_POLICY,5,reacher,optimism,REFIT_103201,-3.386506117383639,100,100,-9.844506989136336,3.170925283839299,100,H0,1.748505612015724,0.29317184872925284,3.2729776809662576,,,UNADJUSTED_POINTWISE,CASE,R4_REACHER_S1_CROSS_S1_MAIN_TABLE,7e744eced39e4d75ab165f6317f251311c7efe70098aad21c2b90da76b929ac9,,,,,,,,,,
PRIMARY,H_POLICY,5,reacher,optimism,REFIT_103202,-3.3174025515715284,100,100,-9.894991084019344,3.3066808475255858,100,H0,1.8176091778278352,0.416731956154108,3.295790844589472,,,UNADJUSTED_POINTWISE,CASE,R4_REACHER_S1_CROSS_S1_MAIN_TABLE,7e744eced39e4d75ab165f6317f251311c7efe70098aad21c2b90da76b929ac9,,,,,,,,,,
PRIMARY,H_POLICY,5,reacher,optimism,REFIT_103203,-3.7428289743264513,100,100,-10.16260836939017,2.82005311246713,100,H0,1.3921827550729118,0.006920963644981398,2.8814097441136837,,,UNADJUSTED_POINTWISE,CASE,R4_REACHER_S1_CROSS_S1_MAIN_TABLE,7e744eced39e4d75ab165f6317f251311c7efe70098aad21c2b90da76b929ac9,,,,,,,,,,
PRIMARY,H_POLICY,5,reacher,optimism,FIXED3_REFIT_MEAN_NOT_ENSEMBLE,-3.4822458810938737,100,100,-9.957369641323883,3.1158305285440524,100,H0,1.6527658483054903,0.2559638799346156,3.1255413613335934,,,UNADJUSTED_POINTWISE,CASE,R4_REACHER_S1_CROSS_S1_MAIN_TABLE,7e744eced39e4d75ab165f6317f251311c7efe70098aad21c2b90da76b929ac9,,,,,,,,,,
SECONDARY,H_POLICY,10,reacher,latent_mse,H0,0.0594424939645385,99,100,0.05269841810457872,0.0666348281328,99,H0,0.0,0.0,0.0,,,UNADJUSTED_POINTWISE,CASE,R4_REACHER_S1_CROSS_S1_MAIN_TABLE,7e744eced39e4d75ab165f6317f251311c7efe70098aad21c2b90da76b929ac9,,,,,,,,,,
SECONDARY,H_POLICY,10,reacher,latent_mse,REFIT_103201,0.052626760429048826,99,100,0.04554357801010626,0.060359312379606664,99,H0,-0.0068157335354896665,-0.009432276925003922,-0.004059725262740578,,,UNADJUSTED_POINTWISE,CASE,R4_REACHER_S1_CROSS_S1_MAIN_TABLE,7e744eced39e4d75ab165f6317f251311c7efe70098aad21c2b90da76b929ac9,,,,,,,,,,
SECONDARY,H_POLICY,10,reacher,latent_mse,REFIT_103202,0.052503237922934216,99,100,0.045405256369977186,0.06037490382262566,99,H0,-0.0069392560416042855,-0.009246368566506544,-0.004426900595836004,,,UNADJUSTED_POINTWISE,CASE,R4_REACHER_S1_CROSS_S1_MAIN_TABLE,7e744eced39e4d75ab165f6317f251311c7efe70098aad21c2b90da76b929ac9,,,,,,,,,,
SECONDARY,H_POLICY,10,reacher,latent_mse,REFIT_103203,0.05321336484674106,99,100,0.04596082086685016,0.06117450036310195,99,H0,-0.0062291291177974375,-0.00883016659380077,-0.003364501490362397,,,UNADJUSTED_POINTWISE,CASE,R4_REACHER_S1_CROSS_S1_MAIN_TABLE,7e744eced39e4d75ab165f6317f251311c7efe70098aad21c2b90da76b929ac9,,,,,,,,,,
SECONDARY,H_POLICY,10,reacher,latent_mse,FIXED3_REFIT_MEAN_NOT_ENSEMBLE,0.05278112106624137,99,100,0.04569613907790779,0.06063666733132345,99,H0,-0.00666137289829713,-0.009147739764401877,-0.003976347413734996,,,UNADJUSTED_POINTWISE,CASE,R4_REACHER_S1_CROSS_S1_MAIN_TABLE,7e744eced39e4d75ab165f6317f251311c7efe70098aad21c2b90da76b929ac9,,,,,,,,,,
SECONDARY,H_POLICY,10,reacher,optimism,H0,5.978916017048869,99,100,2.7218270387782764,9.205821496509774,99,H0,0.0,0.0,0.0,,,UNADJUSTED_POINTWISE,CASE,R4_REACHER_S1_CROSS_S1_MAIN_TABLE,7e744eced39e4d75ab165f6317f251311c7efe70098aad21c2b90da76b929ac9,,,,,,,,,,
SECONDARY,H_POLICY,10,reacher,optimism,REFIT_103201,6.20689558951778,99,100,3.036843649221459,9.478306199973597,99,H0,0.22797957246890993,-1.1569409386826899,1.6771233716922946,,,UNADJUSTED_POINTWISE,CASE,R4_REACHER_S1_CROSS_S1_MAIN_TABLE,7e744eced39e4d75ab165f6317f251311c7efe70098aad21c2b90da76b929ac9,,,,,,,,,,
SECONDARY,H_POLICY,10,reacher,optimism,REFIT_103202,5.806783437118309,99,100,2.668600289018526,9.06675972044109,99,H0,-0.17213257993055867,-1.5113067793791222,1.2680863991674356,,,UNADJUSTED_POINTWISE,CASE,R4_REACHER_S1_CROSS_S1_MAIN_TABLE,7e744eced39e4d75ab165f6317f251311c7efe70098aad21c2b90da76b929ac9,,,,,,,,,,
SECONDARY,H_POLICY,10,reacher,optimism,REFIT_103203,5.991788171016191,99,100,2.7574326800053925,9.309191958199417,99,H0,0.012872153967322615,-1.3501214288557315,1.4774817426585494,,,UNADJUSTED_POINTWISE,CASE,R4_REACHER_S1_CROSS_S1_MAIN_TABLE,7e744eced39e4d75ab165f6317f251311c7efe70098aad21c2b90da76b929ac9,,,,,,,,,,
SECONDARY,H_POLICY,10,reacher,optimism,FIXED3_REFIT_MEAN_NOT_ENSEMBLE,6.001822399217426,99,100,2.8511770026884764,9.279984894751461,99,H0,0.022906382168557993,-1.3279216498627224,1.4510748509372642,,,UNADJUSTED_POINTWISE,CASE,R4_REACHER_S1_CROSS_S1_MAIN_TABLE,7e744eced39e4d75ab165f6317f251311c7efe70098aad21c2b90da76b929ac9,,,,,,,,,,
SECONDARY,H_POLICY,25,reacher,latent_mse,H0,0.0944734414188906,65,100,0.07814563268126051,0.11269248966165712,65,H0,0.0,0.0,0.0,,,UNADJUSTED_POINTWISE,CASE,R4_REACHER_S1_CROSS_S1_MAIN_TABLE,7e744eced39e4d75ab165f6317f251311c7efe70098aad21c2b90da76b929ac9,,,,,,,,,,
SECONDARY,H_POLICY,25,reacher,latent_mse,REFIT_103201,0.07947072102258107,65,100,0.06568234610149999,0.09387937971230538,65,H0,-0.015002720396309517,-0.022676210893571358,-0.0073974375627550515,,,UNADJUSTED_POINTWISE,CASE,R4_REACHER_S1_CROSS_S1_MAIN_TABLE,7e744eced39e4d75ab165f6317f251311c7efe70098aad21c2b90da76b929ac9,,,,,,,,,,
SECONDARY,H_POLICY,25,reacher,latent_mse,REFIT_103202,0.08067818430908485,65,100,0.06642074906551704,0.09580231267248179,65,H0,-0.013795257109805748,-0.020662689260546638,-0.007018754612874273,,,UNADJUSTED_POINTWISE,CASE,R4_REACHER_S1_CROSS_S1_MAIN_TABLE,7e744eced39e4d75ab165f6317f251311c7efe70098aad21c2b90da76b929ac9,,,,,,,,,,
SECONDARY,H_POLICY,25,reacher,latent_mse,REFIT_103203,0.081844846211058,65,100,0.06715614179345436,0.09759694762883435,65,H0,-0.012628595207832605,-0.019562810626542696,-0.0055643103898031735,,,UNADJUSTED_POINTWISE,CASE,R4_REACHER_S1_CROSS_S1_MAIN_TABLE,7e744eced39e4d75ab165f6317f251311c7efe70098aad21c2b90da76b929ac9,,,,,,,,,,
SECONDARY,H_POLICY,25,reacher,latent_mse,FIXED3_REFIT_MEAN_NOT_ENSEMBLE,0.08066458384757463,65,100,0.06662222776323054,0.09552969036076145,65,H0,-0.013808857571315955,-0.020815340621655423,-0.0068869071509900905,,,UNADJUSTED_POINTWISE,CASE,R4_REACHER_S1_CROSS_S1_MAIN_TABLE,7e744eced39e4d75ab165f6317f251311c7efe70098aad21c2b90da76b929ac9,,,,,,,,,,
SECONDARY,H_POLICY,25,reacher,optimism,H0,-2.243295745126749,65,100,-7.999423990301866,3.2863624468074946,65,H0,0.0,0.0,0.0,,,UNADJUSTED_POINTWISE,CASE,R4_REACHER_S1_CROSS_S1_MAIN_TABLE,7e744eced39e4d75ab165f6317f251311c7efe70098aad21c2b90da76b929ac9,,,,,,,,,,
SECONDARY,H_POLICY,25,reacher,optimism,REFIT_103201,-3.4375130221301284,65,100,-8.433913833865402,1.3405612457256648,65,H0,-1.1942172770033797,-3.762299330793909,1.4545719269362878,,,UNADJUSTED_POINTWISE,CASE,R4_REACHER_S1_CROSS_S1_MAIN_TABLE,7e744eced39e4d75ab165f6317f251311c7efe70098aad21c2b90da76b929ac9,,,,,,,,,,
SECONDARY,H_POLICY,25,reacher,optimism,REFIT_103202,-3.719026606998422,65,100,-8.665525286152253,0.9733483852343188,65,H0,-1.4757308618716731,-3.9681831144707953,1.0613213466435834,,,UNADJUSTED_POINTWISE,CASE,R4_REACHER_S1_CROSS_S1_MAIN_TABLE,7e744eced39e4d75ab165f6317f251311c7efe70098aad21c2b90da76b929ac9,,,,,,,,,,
SECONDARY,H_POLICY,25,reacher,optimism,REFIT_103203,-3.624867896599538,65,100,-8.613560902150374,1.179419888305132,65,H0,-1.3815721514727886,-3.793141174304587,1.040630237753596,,,UNADJUSTED_POINTWISE,CASE,R4_REACHER_S1_CROSS_S1_MAIN_TABLE,7e744eced39e4d75ab165f6317f251311c7efe70098aad21c2b90da76b929ac9,,,,,,,,,,
SECONDARY,H_POLICY,25,reacher,optimism,FIXED3_REFIT_MEAN_NOT_ENSEMBLE,-3.5938025085760303,65,100,-8.569689610265645,1.1557383519960505,65,H0,-1.3505067634492804,-3.811111355976111,1.1459510529632402,,,UNADJUSTED_POINTWISE,CASE,R4_REACHER_S1_CROSS_S1_MAIN_TABLE,7e744eced39e4d75ab165f6317f251311c7efe70098aad21c2b90da76b929ac9,,,,,,,,,,
SECONDARY,H_POLICY,5,reacher,latent_mse,H0,0.041590103115650146,99,100,0.037652738611622265,0.04578883326589486,99,H0,0.0,0.0,0.0,,,UNADJUSTED_POINTWISE,CASE,R4_REACHER_S1_CROSS_S1_MAIN_TABLE,7e744eced39e4d75ab165f6317f251311c7efe70098aad21c2b90da76b929ac9,,,,,,,,,,
SECONDARY,H_POLICY,5,reacher,latent_mse,REFIT_103201,0.03670894355092761,99,100,0.03268722453090396,0.04116525607299873,99,H0,-0.0048811595647225365,-0.006121050425454412,-0.0036480486581156168,,,UNADJUSTED_POINTWISE,CASE,R4_REACHER_S1_CROSS_S1_MAIN_TABLE,7e744eced39e4d75ab165f6317f251311c7efe70098aad21c2b90da76b929ac9,,,,,,,,,,
SECONDARY,H_POLICY,5,reacher,latent_mse,REFIT_103202,0.036849288085668425,99,100,0.03278011253775024,0.04141656725057615,99,H0,-0.00474081502998171,-0.005908471866152052,-0.0035387224409550613,,,UNADJUSTED_POINTWISE,CASE,R4_REACHER_S1_CROSS_S1_MAIN_TABLE,7e744eced39e4d75ab165f6317f251311c7efe70098aad21c2b90da76b929ac9,,,,,,,,,,
SECONDARY,H_POLICY,5,reacher,latent_mse,REFIT_103203,0.037127329023978896,99,100,0.0330332116998993,0.04171477686729656,99,H0,-0.004462774091671239,-0.005714022538542291,-0.0031822182228429014,,,UNADJUSTED_POINTWISE,CASE,R4_REACHER_S1_CROSS_S1_MAIN_TABLE,7e744eced39e4d75ab165f6317f251311c7efe70098aad21c2b90da76b929ac9,,,,,,,,,,
SECONDARY,H_POLICY,5,reacher,latent_mse,FIXED3_REFIT_MEAN_NOT_ENSEMBLE,0.036895186886858305,99,100,0.03284862818141097,0.04141596012026633,99,H0,-0.004694916228791828,-0.005885718055088686,-0.0034659767336118184,,,UNADJUSTED_POINTWISE,CASE,R4_REACHER_S1_CROSS_S1_MAIN_TABLE,7e744eced39e4d75ab165f6317f251311c7efe70098aad21c2b90da76b929ac9,,,,,,,,,,
SECONDARY,H_POLICY,5,reacher,optimism,H0,3.8882842398648347,99,100,1.5707585326904125,6.20282510451295,99,H0,0.0,0.0,0.0,,,UNADJUSTED_POINTWISE,CASE,R4_REACHER_S1_CROSS_S1_MAIN_TABLE,7e744eced39e4d75ab165f6317f251311c7efe70098aad21c2b90da76b929ac9,,,,,,,,,,
SECONDARY,H_POLICY,5,reacher,optimism,REFIT_103201,3.7629711089492313,99,100,1.6323114819586337,6.020451644847496,99,H0,-0.12531313091560273,-1.1236383364085256,0.8591494441280558,,,UNADJUSTED_POINTWISE,CASE,R4_REACHER_S1_CROSS_S1_MAIN_TABLE,7e744eced39e4d75ab165f6317f251311c7efe70098aad21c2b90da76b929ac9,,,,,,,,,,
SECONDARY,H_POLICY,5,reacher,optimism,REFIT_103202,3.7255209374051095,99,100,1.5906709003106205,5.977552596396282,99,H0,-0.16276330245972515,-1.1279061082320132,0.791719152407491,,,UNADJUSTED_POINTWISE,CASE,R4_REACHER_S1_CROSS_S1_MAIN_TABLE,7e744eced39e4d75ab165f6317f251311c7efe70098aad21c2b90da76b929ac9,,,,,,,,,,
SECONDARY,H_POLICY,5,reacher,optimism,REFIT_103203,3.7106111266373483,99,100,1.531728741980453,5.983258435532527,99,H0,-0.17767311322748613,-1.1703379326895145,0.8222232710964383,,,UNADJUSTED_POINTWISE,CASE,R4_REACHER_S1_CROSS_S1_MAIN_TABLE,7e744eced39e4d75ab165f6317f251311c7efe70098aad21c2b90da76b929ac9,,,,,,,,,,
SECONDARY,H_POLICY,5,reacher,optimism,FIXED3_REFIT_MEAN_NOT_ENSEMBLE,3.7330343909972297,99,100,1.593563132005365,5.982016595799782,99,H0,-0.15524984886760482,-1.1260962786689077,0.8146215041277768,,,UNADJUSTED_POINTWISE,CASE,R4_REACHER_S1_CROSS_S1_MAIN_TABLE,7e744eced39e4d75ab165f6317f251311c7efe70098aad21c2b90da76b929ac9,,,,,,,,,,
SECONDARY,H_REAL3,10,reacher,latent_mse,H0,0.01424209957594678,96,100,0.012531814281284278,0.01608378119763175,96,H0,0.0,0.0,0.0,,,UNADJUSTED_POINTWISE,CASE,R4_REACHER_S1_CROSS_S1_MAIN_TABLE,7e744eced39e4d75ab165f6317f251311c7efe70098aad21c2b90da76b929ac9,,,,,,,,,,
SECONDARY,H_REAL3,10,reacher,latent_mse,REFIT_103201,0.005318202890156553,96,100,0.003971686199603453,0.006924423895457158,96,H0,-0.008923896685790226,-0.009810145129462529,-0.008091555359646417,,,UNADJUSTED_POINTWISE,CASE,R4_REACHER_S1_CROSS_S1_MAIN_TABLE,7e744eced39e4d75ab165f6317f251311c7efe70098aad21c2b90da76b929ac9,,,,,,,,,,
SECONDARY,H_REAL3,10,reacher,latent_mse,REFIT_103202,0.005211326442428593,96,100,0.003883250513522832,0.006818700870813835,96,H0,-0.009030773133518187,-0.009912809141056985,-0.008195981894009639,,,UNADJUSTED_POINTWISE,CASE,R4_REACHER_S1_CROSS_S1_MAIN_TABLE,7e744eced39e4d75ab165f6317f251311c7efe70098aad21c2b90da76b929ac9,,,,,,,,,,
SECONDARY,H_REAL3,10,reacher,latent_mse,REFIT_103203,0.005298745703630036,96,100,0.003931937616608404,0.0069455113891308965,96,H0,-0.008943353872316744,-0.009782926755205416,-0.008133936618655807,,,UNADJUSTED_POINTWISE,CASE,R4_REACHER_S1_CROSS_S1_MAIN_TABLE,7e744eced39e4d75ab165f6317f251311c7efe70098aad21c2b90da76b929ac9,,,,,,,,,,
SECONDARY,H_REAL3,10,reacher,latent_mse,FIXED3_REFIT_MEAN_NOT_ENSEMBLE,0.005276091678738393,96,100,0.003925159008114706,0.006893260452313681,96,H0,-0.008966007897208384,-0.009825068889999325,-0.008138226041549259,,,UNADJUSTED_POINTWISE,CASE,R4_REACHER_S1_CROSS_S1_MAIN_TABLE,7e744eced39e4d75ab165f6317f251311c7efe70098aad21c2b90da76b929ac9,,,,,,,,,,
SECONDARY,H_REAL3,10,reacher,optimism,H0,1.3151185995382806,96,100,0.010518786501312043,2.60810197767973,96,H0,0.0,0.0,0.0,,,UNADJUSTED_POINTWISE,CASE,R4_REACHER_S1_CROSS_S1_MAIN_TABLE,7e744eced39e4d75ab165f6317f251311c7efe70098aad21c2b90da76b929ac9,,,,,,,,,,
SECONDARY,H_REAL3,10,reacher,optimism,REFIT_103201,-0.03482244818013532,96,100,-0.7170059686327864,0.5889267404663248,96,H0,-1.349941047718416,-2.428574659767954,-0.27006168956191756,,,UNADJUSTED_POINTWISE,CASE,R4_REACHER_S1_CROSS_S1_MAIN_TABLE,7e744eced39e4d75ab165f6317f251311c7efe70098aad21c2b90da76b929ac9,,,,,,,,,,
SECONDARY,H_REAL3,10,reacher,optimism,REFIT_103202,-0.10786606966601486,96,100,-0.8104757872173391,0.514722750973784,96,H0,-1.4229846692042951,-2.463939569099017,-0.34190566680156864,,,UNADJUSTED_POINTWISE,CASE,R4_REACHER_S1_CROSS_S1_MAIN_TABLE,7e744eced39e4d75ab165f6317f251311c7efe70098aad21c2b90da76b929ac9,,,,,,,,,,
SECONDARY,H_REAL3,10,reacher,optimism,REFIT_103203,-0.10980294330543039,96,100,-0.8276612501082282,0.514230900217342,96,H0,-1.4249215428437108,-2.4875940177679596,-0.3477075648025877,,,UNADJUSTED_POINTWISE,CASE,R4_REACHER_S1_CROSS_S1_MAIN_TABLE,7e744eced39e4d75ab165f6317f251311c7efe70098aad21c2b90da76b929ac9,,,,,,,,,,
SECONDARY,H_REAL3,10,reacher,optimism,FIXED3_REFIT_MEAN_NOT_ENSEMBLE,-0.08416382038386022,96,100,-0.7815445621889384,0.5154720069638902,96,H0,-1.3992824199221408,-2.45848322778128,-0.3287036703696997,,,UNADJUSTED_POINTWISE,CASE,R4_REACHER_S1_CROSS_S1_MAIN_TABLE,7e744eced39e4d75ab165f6317f251311c7efe70098aad21c2b90da76b929ac9,,,,,,,,,,
SECONDARY,H_REAL3,25,reacher,latent_mse,H0,0.02565340371706115,62,100,0.020508718474952326,0.03148663604242954,62,H0,0.0,0.0,0.0,,,UNADJUSTED_POINTWISE,CASE,R4_REACHER_S1_CROSS_S1_MAIN_TABLE,7e744eced39e4d75ab165f6317f251311c7efe70098aad21c2b90da76b929ac9,,,,,,,,,,
SECONDARY,H_REAL3,25,reacher,latent_mse,REFIT_103201,0.011511277509716826,62,100,0.007045123189278629,0.016978523681223625,62,H0,-0.014142126207344324,-0.017260973491267314,-0.011224294191916147,,,UNADJUSTED_POINTWISE,CASE,R4_REACHER_S1_CROSS_S1_MAIN_TABLE,7e744eced39e4d75ab165f6317f251311c7efe70098aad21c2b90da76b929ac9,,,,,,,,,,
SECONDARY,H_REAL3,25,reacher,latent_mse,REFIT_103202,0.011147831774068237,62,100,0.006638453801128189,0.016863251089274504,62,H0,-0.014505571942992913,-0.01759264852878696,-0.011631513745001014,,,UNADJUSTED_POINTWISE,CASE,R4_REACHER_S1_CROSS_S1_MAIN_TABLE,7e744eced39e4d75ab165f6317f251311c7efe70098aad21c2b90da76b929ac9,,,,,,,,,,
SECONDARY,H_REAL3,25,reacher,latent_mse,REFIT_103203,0.011088766243011703,62,100,0.006552346630804872,0.016886591182312855,62,H0,-0.014564637474049444,-0.01767293229058627,-0.011581764032888053,,,UNADJUSTED_POINTWISE,CASE,R4_REACHER_S1_CROSS_S1_MAIN_TABLE,7e744eced39e4d75ab165f6317f251311c7efe70098aad21c2b90da76b929ac9,,,,,,,,,,
SECONDARY,H_REAL3,25,reacher,latent_mse,FIXED3_REFIT_MEAN_NOT_ENSEMBLE,0.011249291842265589,62,100,0.006790159019938966,0.01686250869861464,62,H0,-0.014404111874795563,-0.01748442543377036,-0.01152805182898003,,,UNADJUSTED_POINTWISE,CASE,R4_REACHER_S1_CROSS_S1_MAIN_TABLE,7e744eced39e4d75ab165f6317f251311c7efe70098aad21c2b90da76b929ac9,,,,,,,,,,
SECONDARY,H_REAL3,25,reacher,optimism,H0,2.343010443655688,62,100,-1.9965270379068263,6.454375106855601,62,H0,0.0,0.0,0.0,,,UNADJUSTED_POINTWISE,CASE,R4_REACHER_S1_CROSS_S1_MAIN_TABLE,7e744eced39e4d75ab165f6317f251311c7efe70098aad21c2b90da76b929ac9,,,,,,,,,,
SECONDARY,H_REAL3,25,reacher,optimism,REFIT_103201,1.1435734356918066,62,100,-2.185712930137435,4.091360839191962,62,H0,-1.1994370079638803,-4.104150909740011,1.792773038166247,,,UNADJUSTED_POINTWISE,CASE,R4_REACHER_S1_CROSS_S1_MAIN_TABLE,7e744eced39e4d75ab165f6317f251311c7efe70098aad21c2b90da76b929ac9,,,,,,,,,,
SECONDARY,H_REAL3,25,reacher,optimism,REFIT_103202,0.6241529300934856,62,100,-2.6661783857798826,3.510453279229833,62,H0,-1.7188575135622013,-4.553541218885721,1.2208186125681084,,,UNADJUSTED_POINTWISE,CASE,R4_REACHER_S1_CROSS_S1_MAIN_TABLE,7e744eced39e4d75ab165f6317f251311c7efe70098aad21c2b90da76b929ac9,,,,,,,,,,
SECONDARY,H_REAL3,25,reacher,optimism,REFIT_103203,0.5655820334513425,62,100,-2.717770145348711,3.4699659312881983,62,H0,-1.7774284102043445,-4.466269457025055,0.9918334362850785,,,UNADJUSTED_POINTWISE,CASE,R4_REACHER_S1_CROSS_S1_MAIN_TABLE,7e744eced39e4d75ab165f6317f251311c7efe70098aad21c2b90da76b929ac9,,,,,,,,,,
SECONDARY,H_REAL3,25,reacher,optimism,FIXED3_REFIT_MEAN_NOT_ENSEMBLE,0.7777694664122117,62,100,-2.529229189551721,3.706962758364184,62,H0,-1.5652409772434759,-4.328280400873142,1.2681702440938547,,,UNADJUSTED_POINTWISE,CASE,R4_REACHER_S1_CROSS_S1_MAIN_TABLE,7e744eced39e4d75ab165f6317f251311c7efe70098aad21c2b90da76b929ac9,,,,,,,,,,
SECONDARY,H_REAL3,5,reacher,latent_mse,H0,0.008386129721822259,99,100,0.007474379553292694,0.00941094979675881,99,H0,0.0,0.0,0.0,,,UNADJUSTED_POINTWISE,CASE,R4_REACHER_S1_CROSS_S1_MAIN_TABLE,7e744eced39e4d75ab165f6317f251311c7efe70098aad21c2b90da76b929ac9,,,,,,,,,,
SECONDARY,H_REAL3,5,reacher,latent_mse,REFIT_103201,0.002922950805492318,99,100,0.002236726310446077,0.003705097661212883,99,H0,-0.005463178916329942,-0.005978227578861336,-0.004998952908827436,,,UNADJUSTED_POINTWISE,CASE,R4_REACHER_S1_CROSS_S1_MAIN_TABLE,7e744eced39e4d75ab165f6317f251311c7efe70098aad21c2b90da76b929ac9,,,,,,,,,,
SECONDARY,H_REAL3,5,reacher,latent_mse,REFIT_103202,0.002915797895941595,99,100,0.002237918903985176,0.00368353414427783,99,H0,-0.0054703318258806635,-0.005990407998376624,-0.004999453706196791,,,UNADJUSTED_POINTWISE,CASE,R4_REACHER_S1_CROSS_S1_MAIN_TABLE,7e744eced39e4d75ab165f6317f251311c7efe70098aad21c2b90da76b929ac9,,,,,,,,,,
SECONDARY,H_REAL3,5,reacher,latent_mse,REFIT_103203,0.0029487562676903892,99,100,0.0022555602787194358,0.00374618152964969,99,H0,-0.00543737345413187,-0.005947962211033165,-0.00497564537497484,,,UNADJUSTED_POINTWISE,CASE,R4_REACHER_S1_CROSS_S1_MAIN_TABLE,7e744eced39e4d75ab165f6317f251311c7efe70098aad21c2b90da76b929ac9,,,,,,,,,,
SECONDARY,H_REAL3,5,reacher,latent_mse,FIXED3_REFIT_MEAN_NOT_ENSEMBLE,0.002929168323041434,99,100,0.0022460388041369572,0.003716097747058977,99,H0,-0.005456961398780825,-0.005971985456820259,-0.0049921831783153355,,,UNADJUSTED_POINTWISE,CASE,R4_REACHER_S1_CROSS_S1_MAIN_TABLE,7e744eced39e4d75ab165f6317f251311c7efe70098aad21c2b90da76b929ac9,,,,,,,,,,
SECONDARY,H_REAL3,5,reacher,optimism,H0,0.8096176037117472,99,100,-0.19030474881463522,1.8659376416175575,99,H0,0.0,0.0,0.0,,,UNADJUSTED_POINTWISE,CASE,R4_REACHER_S1_CROSS_S1_MAIN_TABLE,7e744eced39e4d75ab165f6317f251311c7efe70098aad21c2b90da76b929ac9,,,,,,,,,,
SECONDARY,H_REAL3,5,reacher,optimism,REFIT_103201,0.02042889968408463,99,100,-0.36793695017584294,0.42468968468006735,99,H0,-0.7891887040276626,-1.6692291428652188,0.08575902344612858,,,UNADJUSTED_POINTWISE,CASE,R4_REACHER_S1_CROSS_S1_MAIN_TABLE,7e744eced39e4d75ab165f6317f251311c7efe70098aad21c2b90da76b929ac9,,,,,,,,,,
SECONDARY,H_REAL3,5,reacher,optimism,REFIT_103202,-0.008279412238532294,99,100,-0.43195974532122783,0.41967818378163463,99,H0,-0.8178970159502796,-1.6834200337033747,0.04475076476089514,,,UNADJUSTED_POINTWISE,CASE,R4_REACHER_S1_CROSS_S1_MAIN_TABLE,7e744eced39e4d75ab165f6317f251311c7efe70098aad21c2b90da76b929ac9,,,,,,,,,,
SECONDARY,H_REAL3,5,reacher,optimism,REFIT_103203,-0.042172330740966595,99,100,-0.4562108688235356,0.37118156098478794,99,H0,-0.8517899344527138,-1.7504495698958125,0.02679050719944658,,,UNADJUSTED_POINTWISE,CASE,R4_REACHER_S1_CROSS_S1_MAIN_TABLE,7e744eced39e4d75ab165f6317f251311c7efe70098aad21c2b90da76b929ac9,,,,,,,,,,
SECONDARY,H_REAL3,5,reacher,optimism,FIXED3_REFIT_MEAN_NOT_ENSEMBLE,-0.010007614431804797,99,100,-0.4071132484722919,0.39415852523864264,99,H0,-0.8196252181435524,-1.6893720402477135,0.05375555885598899,,,UNADJUSTED_POINTWISE,CASE,R4_REACHER_S1_CROSS_S1_MAIN_TABLE,7e744eced39e4d75ab165f6317f251311c7efe70098aad21c2b90da76b929ac9,,,,,,,,,,
SECONDARY,,10,reacher,latent_mse_REAL3_minus_POLICY,H0,-0.04705942534337889,96,100,-0.055853655244160895,-0.038701565054494444,96,H0,0.0,0.0,0.0,,,UNADJUSTED_POINTWISE,CASE,R4_REACHER_S1_CROSS_S1_HISTORY_PAIRED_TABLE,bcaa99f2737c8b847a4c9db7cf68e030accdeb6d916604e2039cd8be02775689,SAME_SOURCE_ANCHOR_HORIZON_ALL4_MODELS_BOTH_HISTORIES,,,,,,,,,
SECONDARY,,10,reacher,latent_mse_REAL3_minus_POLICY,REFIT_103201,-0.04970296332485364,96,100,-0.05959486077007502,-0.04058348351483963,96,H0,-0.002643537981474759,-0.00560755230274726,2.9793147537302997e-05,,,UNADJUSTED_POINTWISE,CASE,R4_REACHER_S1_CROSS_S1_HISTORY_PAIRED_TABLE,bcaa99f2737c8b847a4c9db7cf68e030accdeb6d916604e2039cd8be02775689,SAME_SOURCE_ANCHOR_HORIZON_ALL4_MODELS_BOTH_HISTORIES,,,,,,,,,
SECONDARY,,10,reacher,latent_mse_REAL3_minus_POLICY,REFIT_103202,-0.04955103685150306,96,100,-0.05959388333849236,-0.04046664069176569,96,H0,-0.002491611508124171,-0.005187380552045427,-7.768152065368139e-05,,,UNADJUSTED_POINTWISE,CASE,R4_REACHER_S1_CROSS_S1_HISTORY_PAIRED_TABLE,bcaa99f2737c8b847a4c9db7cf68e030accdeb6d916604e2039cd8be02775689,SAME_SOURCE_ANCHOR_HORIZON_ALL4_MODELS_BOTH_HISTORIES,,,,,,,,,
SECONDARY,,10,reacher,latent_mse_REAL3_minus_POLICY,REFIT_103203,-0.05023129783492584,96,100,-0.060362341699627106,-0.04091399403105662,96,H0,-0.0031718724915469503,-0.006118959191331762,-0.000578383972106189,,,UNADJUSTED_POINTWISE,CASE,R4_REACHER_S1_CROSS_S1_HISTORY_PAIRED_TABLE,bcaa99f2737c8b847a4c9db7cf68e030accdeb6d916604e2039cd8be02775689,SAME_SOURCE_ANCHOR_HORIZON_ALL4_MODELS_BOTH_HISTORIES,,,,,,,,,
SECONDARY,,10,reacher,latent_mse_REAL3_minus_POLICY,FIXED3_REFIT_MEAN_NOT_ENSEMBLE,-0.04982843267042752,96,100,-0.059834275033100334,-0.040664892674421464,96,H0,-0.002769007327048627,-0.005597454297756154,-0.00029609343871035286,,,UNADJUSTED_POINTWISE,CASE,R4_REACHER_S1_CROSS_S1_HISTORY_PAIRED_TABLE,bcaa99f2737c8b847a4c9db7cf68e030accdeb6d916604e2039cd8be02775689,SAME_SOURCE_ANCHOR_HORIZON_ALL4_MODELS_BOTH_HISTORIES,,,,,,,,,
SECONDARY,,10,reacher,optimism_REAL3_minus_POLICY,H0,-4.070223854780539,96,100,-7.106727973571401,-1.015370778335801,96,H0,0.0,0.0,0.0,,,UNADJUSTED_POINTWISE,CASE,R4_REACHER_S1_CROSS_S1_HISTORY_PAIRED_TABLE,bcaa99f2737c8b847a4c9db7cf68e030accdeb6d916604e2039cd8be02775689,SAME_SOURCE_ANCHOR_HORIZON_ALL4_MODELS_BOTH_HISTORIES,,,,,,,,,
SECONDARY,,10,reacher,optimism_REAL3_minus_POLICY,REFIT_103201,-5.125188391890752,96,100,-8.478642598196274,-1.8268627640877084,96,H0,-1.0549645371102134,-1.7964403737380736,-0.4002836259755483,,,UNADJUSTED_POINTWISE,CASE,R4_REACHER_S1_CROSS_S1_HISTORY_PAIRED_TABLE,bcaa99f2737c8b847a4c9db7cf68e030accdeb6d916604e2039cd8be02775689,SAME_SOURCE_ANCHOR_HORIZON_ALL4_MODELS_BOTH_HISTORIES,,,,,,,,,
SECONDARY,,10,reacher,optimism_REAL3_minus_POLICY,REFIT_103202,-4.876800272432906,96,100,-8.221965893228061,-1.593445631771739,96,H0,-0.8065764176523675,-1.5214709880211508,-0.16486546285441792,,,UNADJUSTED_POINTWISE,CASE,R4_REACHER_S1_CROSS_S1_HISTORY_PAIRED_TABLE,bcaa99f2737c8b847a4c9db7cf68e030accdeb6d916604e2039cd8be02775689,SAME_SOURCE_ANCHOR_HORIZON_ALL4_MODELS_BOTH_HISTORIES,,,,,,,,,
SECONDARY,,10,reacher,optimism_REAL3_minus_POLICY,REFIT_103203,-5.047085432528444,96,100,-8.381233247847604,-1.7657179907193499,96,H0,-0.9768615777479052,-1.680828232601974,-0.3439637535413325,,,UNADJUSTED_POINTWISE,CASE,R4_REACHER_S1_CROSS_S1_HISTORY_PAIRED_TABLE,bcaa99f2737c8b847a4c9db7cf68e030accdeb6d916604e2039cd8be02775689,SAME_SOURCE_ANCHOR_HORIZON_ALL4_MODELS_BOTH_HISTORIES,,,,,,,,,
SECONDARY,,10,reacher,optimism_REAL3_minus_POLICY,FIXED3_REFIT_MEAN_NOT_ENSEMBLE,-5.016358032284034,96,100,-8.35666796757869,-1.7315591773151482,96,H0,-0.9461341775034953,-1.6542023328655457,-0.32252428618116213,,,UNADJUSTED_POINTWISE,CASE,R4_REACHER_S1_CROSS_S1_HISTORY_PAIRED_TABLE,bcaa99f2737c8b847a4c9db7cf68e030accdeb6d916604e2039cd8be02775689,SAME_SOURCE_ANCHOR_HORIZON_ALL4_MODELS_BOTH_HISTORIES,,,,,,,,,
SECONDARY,,25,reacher,latent_mse_REAL3_minus_POLICY,H0,-0.06741631963629703,62,100,-0.0888038120077785,-0.04845165500398177,62,H0,0.0,0.0,0.0,,,UNADJUSTED_POINTWISE,CASE,R4_REACHER_S1_CROSS_S1_HISTORY_PAIRED_TABLE,bcaa99f2737c8b847a4c9db7cf68e030accdeb6d916604e2039cd8be02775689,SAME_SOURCE_ANCHOR_HORIZON_ALL4_MODELS_BOTH_HISTORIES,,,,,,,,,
SECONDARY,,25,reacher,latent_mse_REAL3_minus_POLICY,REFIT_103201,-0.06458467127838967,62,100,-0.08161086378279353,-0.04893325067062949,62,H0,0.00283164835790737,-0.0057495340203764156,0.01166545319017865,,,UNADJUSTED_POINTWISE,CASE,R4_REACHER_S1_CROSS_S1_HISTORY_PAIRED_TABLE,bcaa99f2737c8b847a4c9db7cf68e030accdeb6d916604e2039cd8be02775689,SAME_SOURCE_ANCHOR_HORIZON_ALL4_MODELS_BOTH_HISTORIES,,,,,,,,,
SECONDARY,,25,reacher,latent_mse_REAL3_minus_POLICY,REFIT_103202,-0.06683944149584237,62,100,-0.08511539819791207,-0.05034511561422807,62,H0,0.0005768781404546724,-0.007184820275301546,0.008351692315777473,,,UNADJUSTED_POINTWISE,CASE,R4_REACHER_S1_CROSS_S1_HISTORY_PAIRED_TABLE,bcaa99f2737c8b847a4c9db7cf68e030accdeb6d916604e2039cd8be02775689,SAME_SOURCE_ANCHOR_HORIZON_ALL4_MODELS_BOTH_HISTORIES,,,,,,,,,
SECONDARY,,25,reacher,latent_mse_REAL3_minus_POLICY,REFIT_103203,-0.06777110939063034,62,100,-0.08662907407462171,-0.050920845802845574,62,H0,-0.00035478975433332827,-0.008727077056825816,0.007835043162257535,,,UNADJUSTED_POINTWISE,CASE,R4_REACHER_S1_CROSS_S1_HISTORY_PAIRED_TABLE,bcaa99f2737c8b847a4c9db7cf68e030accdeb6d916604e2039cd8be02775689,SAME_SOURCE_ANCHOR_HORIZON_ALL4_MODELS_BOTH_HISTORIES,,,,,,,,,
SECONDARY,,25,reacher,latent_mse_REAL3_minus_POLICY,FIXED3_REFIT_MEAN_NOT_ENSEMBLE,-0.06639840738828746,62,100,-0.08451739850546508,-0.05022171740116461,62,H0,0.0010179122480095714,-0.007046217242040259,0.009092777020606827,,,UNADJUSTED_POINTWISE,CASE,R4_REACHER_S1_CROSS_S1_HISTORY_PAIRED_TABLE,bcaa99f2737c8b847a4c9db7cf68e030accdeb6d916604e2039cd8be02775689,SAME_SOURCE_ANCHOR_HORIZON_ALL4_MODELS_BOTH_HISTORIES,,,,,,,,,
SECONDARY,,25,reacher,optimism_REAL3_minus_POLICY,H0,3.391271970239687,62,100,-1.4737710227267138,8.393560125327193,62,H0,0.0,0.0,0.0,,,UNADJUSTED_POINTWISE,CASE,R4_REACHER_S1_CROSS_S1_HISTORY_PAIRED_TABLE,bcaa99f2737c8b847a4c9db7cf68e030accdeb6d916604e2039cd8be02775689,SAME_SOURCE_ANCHOR_HORIZON_ALL4_MODELS_BOTH_HISTORIES,,,,,,,,,
SECONDARY,,25,reacher,optimism_REAL3_minus_POLICY,REFIT_103201,4.0094709557229775,62,100,-1.2603603253855042,9.454619387054443,62,H0,0.6181989854832901,-0.9437812277631897,2.186022527436263,,,UNADJUSTED_POINTWISE,CASE,R4_REACHER_S1_CROSS_S1_HISTORY_PAIRED_TABLE,bcaa99f2737c8b847a4c9db7cf68e030accdeb6d916604e2039cd8be02775689,SAME_SOURCE_ANCHOR_HORIZON_ALL4_MODELS_BOTH_HISTORIES,,,,,,,,,
SECONDARY,,25,reacher,optimism_REAL3_minus_POLICY,REFIT_103202,3.8825216400098403,62,100,-1.2663895802015,9.219425335089525,62,H0,0.4912496697701524,-0.972823236679812,1.9013035975439097,,,UNADJUSTED_POINTWISE,CASE,R4_REACHER_S1_CROSS_S1_HISTORY_PAIRED_TABLE,bcaa99f2737c8b847a4c9db7cf68e030accdeb6d916604e2039cd8be02775689,SAME_SOURCE_ANCHOR_HORIZON_ALL4_MODELS_BOTH_HISTORIES,,,,,,,,,
SECONDARY,,25,reacher,optimism_REAL3_minus_POLICY,REFIT_103203,3.628216932857673,62,100,-1.4868572321081024,8.999646258258041,62,H0,0.23694496261798578,-1.2478909986728302,1.6926160392399168,,,UNADJUSTED_POINTWISE,CASE,R4_REACHER_S1_CROSS_S1_HISTORY_PAIRED_TABLE,bcaa99f2737c8b847a4c9db7cf68e030accdeb6d916604e2039cd8be02775689,SAME_SOURCE_ANCHOR_HORIZON_ALL4_MODELS_BOTH_HISTORIES,,,,,,,,,
SECONDARY,,25,reacher,optimism_REAL3_minus_POLICY,FIXED3_REFIT_MEAN_NOT_ENSEMBLE,3.840069842863497,62,100,-1.350464789486571,9.227179936345053,62,H0,0.44879787262380927,-1.020153180570703,1.905937257004377,,,UNADJUSTED_POINTWISE,CASE,R4_REACHER_S1_CROSS_S1_HISTORY_PAIRED_TABLE,bcaa99f2737c8b847a4c9db7cf68e030accdeb6d916604e2039cd8be02775689,SAME_SOURCE_ANCHOR_HORIZON_ALL4_MODELS_BOTH_HISTORIES,,,,,,,,,
SECONDARY,,5,reacher,latent_mse_REAL3_minus_POLICY,H0,-0.03367004038176289,99,100,-0.03884324389315401,-0.02890516590545748,99,H0,0.0,0.0,0.0,,,UNADJUSTED_POINTWISE,CASE,R4_REACHER_S1_CROSS_S1_HISTORY_PAIRED_TABLE,bcaa99f2737c8b847a4c9db7cf68e030accdeb6d916604e2039cd8be02775689,SAME_SOURCE_ANCHOR_HORIZON_ALL4_MODELS_BOTH_HISTORIES,,,,,,,,,
SECONDARY,,5,reacher,latent_mse_REAL3_minus_POLICY,REFIT_103201,-0.03409624342534671,99,100,-0.0395250933402919,-0.029175320244354878,99,H0,-0.0004262030435838136,-0.0016881051373612676,0.000738635631900791,,,UNADJUSTED_POINTWISE,CASE,R4_REACHER_S1_CROSS_S1_HISTORY_PAIRED_TABLE,bcaa99f2737c8b847a4c9db7cf68e030accdeb6d916604e2039cd8be02775689,SAME_SOURCE_ANCHOR_HORIZON_ALL4_MODELS_BOTH_HISTORIES,,,,,,,,,
SECONDARY,,5,reacher,latent_mse_REAL3_minus_POLICY,REFIT_103202,-0.03433768774955197,99,100,-0.03992348886780653,-0.029389887731088013,99,H0,-0.0006676473677890762,-0.0018982195477772474,0.00048279597013979364,,,UNADJUSTED_POINTWISE,CASE,R4_REACHER_S1_CROSS_S1_HISTORY_PAIRED_TABLE,bcaa99f2737c8b847a4c9db7cf68e030accdeb6d916604e2039cd8be02775689,SAME_SOURCE_ANCHOR_HORIZON_ALL4_MODELS_BOTH_HISTORIES,,,,,,,,,
SECONDARY,,5,reacher,latent_mse_REAL3_minus_POLICY,REFIT_103203,-0.03452712934880027,99,100,-0.04011652083556554,-0.029524028836959336,99,H0,-0.0008570889670373741,-0.0020985228402731902,0.0003143055608993256,,,UNADJUSTED_POINTWISE,CASE,R4_REACHER_S1_CROSS_S1_HISTORY_PAIRED_TABLE,bcaa99f2737c8b847a4c9db7cf68e030accdeb6d916604e2039cd8be02775689,SAME_SOURCE_ANCHOR_HORIZON_ALL4_MODELS_BOTH_HISTORIES,,,,,,,,,
SECONDARY,,5,reacher,latent_mse_REAL3_minus_POLICY,FIXED3_REFIT_MEAN_NOT_ENSEMBLE,-0.034320353507899644,99,100,-0.03984143645021858,-0.029373688388806732,99,H0,-0.0006503131261367545,-0.001882139431488751,0.00047148177462435776,,,UNADJUSTED_POINTWISE,CASE,R4_REACHER_S1_CROSS_S1_HISTORY_PAIRED_TABLE,bcaa99f2737c8b847a4c9db7cf68e030accdeb6d916604e2039cd8be02775689,SAME_SOURCE_ANCHOR_HORIZON_ALL4_MODELS_BOTH_HISTORIES,,,,,,,,,
SECONDARY,,5,reacher,optimism_REAL3_minus_POLICY,H0,-3.866640373689099,99,100,-6.394948885805384,-1.4630218297517774,99,H0,0.0,0.0,0.0,,,UNADJUSTED_POINTWISE,CASE,R4_REACHER_S1_CROSS_S1_HISTORY_PAIRED_TABLE,bcaa99f2737c8b847a4c9db7cf68e030accdeb6d916604e2039cd8be02775689,SAME_SOURCE_ANCHOR_HORIZON_ALL4_MODELS_BOTH_HISTORIES,,,,,,,,,
SECONDARY,,5,reacher,optimism_REAL3_minus_POLICY,REFIT_103201,-4.227087316366764,99,100,-6.771454321930968,-1.8235817231142064,99,H0,-0.36044694267766275,-0.771572765329222,0.046819396974129436,,,UNADJUSTED_POINTWISE,CASE,R4_REACHER_S1_CROSS_S1_HISTORY_PAIRED_TABLE,bcaa99f2737c8b847a4c9db7cf68e030accdeb6d916604e2039cd8be02775689,SAME_SOURCE_ANCHOR_HORIZON_ALL4_MODELS_BOTH_HISTORIES,,,,,,,,,
SECONDARY,,5,reacher,optimism_REAL3_minus_POLICY,REFIT_103202,-4.23350641873487,99,100,-6.810488084237963,-1.8005458745707337,99,H0,-0.36686604504577,-0.8099180780443184,0.06963993783064965,,,UNADJUSTED_POINTWISE,CASE,R4_REACHER_S1_CROSS_S1_HISTORY_PAIRED_TABLE,bcaa99f2737c8b847a4c9db7cf68e030accdeb6d916604e2039cd8be02775689,SAME_SOURCE_ANCHOR_HORIZON_ALL4_MODELS_BOTH_HISTORIES,,,,,,,,,
SECONDARY,,5,reacher,optimism_REAL3_minus_POLICY,REFIT_103203,-4.267653502478347,99,100,-6.810425241898642,-1.8414351200940717,99,H0,-0.40101312878924666,-0.8230887314335849,0.01824915142499111,,,UNADJUSTED_POINTWISE,CASE,R4_REACHER_S1_CROSS_S1_HISTORY_PAIRED_TABLE,bcaa99f2737c8b847a4c9db7cf68e030accdeb6d916604e2039cd8be02775689,SAME_SOURCE_ANCHOR_HORIZON_ALL4_MODELS_BOTH_HISTORIES,,,,,,,,,
SECONDARY,,5,reacher,optimism_REAL3_minus_POLICY,FIXED3_REFIT_MEAN_NOT_ENSEMBLE,-4.2427490791933264,99,100,-6.796222824527645,-1.798705604539377,99,H0,-0.3761087055042265,-0.7867872786942224,0.03825486932343707,,,UNADJUSTED_POINTWISE,CASE,R4_REACHER_S1_CROSS_S1_HISTORY_PAIRED_TABLE,bcaa99f2737c8b847a4c9db7cf68e030accdeb6d916604e2039cd8be02775689,SAME_SOURCE_ANCHOR_HORIZON_ALL4_MODELS_BOTH_HISTORIES,,,,,,,,,
FIRST_ANCHOR_DESCRIPTIVE_SOURCE_RELATION,H_POLICY,10,reacher,latent_mse,H0,0.09730721938483394,99,100,0.07690047589560407,0.12027245118906309,99,H0,0.0,0.0,0.0,,,UNADJUSTED_POINTWISE,CASE,R4_REACHER_S1_CROSS_S1_SOURCE_RELATION_TABLE,6b979dcf277f7b8128523072113441fcb16f46acbd9a550c4b2e83c5f1fe3269,,OTHER,,,,,,,,
FIRST_ANCHOR_DESCRIPTIVE_SOURCE_RELATION,H_POLICY,10,reacher,latent_mse,REFIT_103201,0.0899490754572582,99,100,0.06957270992135961,0.11271055511209264,99,H0,-0.0073581439275757065,-0.013012488310045199,-0.0017693925244305392,,,UNADJUSTED_POINTWISE,CASE,R4_REACHER_S1_CROSS_S1_SOURCE_RELATION_TABLE,6b979dcf277f7b8128523072113441fcb16f46acbd9a550c4b2e83c5f1fe3269,,OTHER,,,,,,,,
FIRST_ANCHOR_DESCRIPTIVE_SOURCE_RELATION,H_POLICY,10,reacher,latent_mse,REFIT_103202,0.09061896815556589,99,100,0.07058683012591584,0.11281294310935963,99,H0,-0.006688251229268044,-0.012279975310663549,-0.0011445408553307532,,,UNADJUSTED_POINTWISE,CASE,R4_REACHER_S1_CROSS_S1_SOURCE_RELATION_TABLE,6b979dcf277f7b8128523072113441fcb16f46acbd9a550c4b2e83c5f1fe3269,,OTHER,,,,,,,,
FIRST_ANCHOR_DESCRIPTIVE_SOURCE_RELATION,H_POLICY,10,reacher,latent_mse,REFIT_103203,0.09076534738326729,99,100,0.07072656831494636,0.11330283732550829,99,H0,-0.006541872001566643,-0.012237146768655902,-0.0009138082962892653,,,UNADJUSTED_POINTWISE,CASE,R4_REACHER_S1_CROSS_S1_SOURCE_RELATION_TABLE,6b979dcf277f7b8128523072113441fcb16f46acbd9a550c4b2e83c5f1fe3269,,OTHER,,,,,,,,
FIRST_ANCHOR_DESCRIPTIVE_SOURCE_RELATION,H_POLICY,10,reacher,latent_mse,FIXED3_REFIT_MEAN_NOT_ENSEMBLE,0.09044446366536377,99,100,0.07030378941225122,0.11275551708282093,99,H0,-0.006862755719470132,-0.012380320511000685,-0.0013838069310851413,,,UNADJUSTED_POINTWISE,CASE,R4_REACHER_S1_CROSS_S1_SOURCE_RELATION_TABLE,6b979dcf277f7b8128523072113441fcb16f46acbd9a550c4b2e83c5f1fe3269,,OTHER,,,,,,,,
FIRST_ANCHOR_DESCRIPTIVE_SOURCE_RELATION,H_POLICY,10,reacher,optimism,H0,3.2922609711335573,99,100,-4.375852503095814,11.034217310666886,99,H0,0.0,0.0,0.0,,,UNADJUSTED_POINTWISE,CASE,R4_REACHER_S1_CROSS_S1_SOURCE_RELATION_TABLE,6b979dcf277f7b8128523072113441fcb16f46acbd9a550c4b2e83c5f1fe3269,,OTHER,,,,,,,,
FIRST_ANCHOR_DESCRIPTIVE_SOURCE_RELATION,H_POLICY,10,reacher,optimism,REFIT_103201,4.733860547293718,99,100,-2.967199105900567,12.258407345416865,99,H0,1.4415995761601614,-1.361675313215075,4.2817107088035975,,,UNADJUSTED_POINTWISE,CASE,R4_REACHER_S1_CROSS_S1_SOURCE_RELATION_TABLE,6b979dcf277f7b8128523072113441fcb16f46acbd9a550c4b2e83c5f1fe3269,,OTHER,,,,,,,,
FIRST_ANCHOR_DESCRIPTIVE_SOURCE_RELATION,H_POLICY,10,reacher,optimism,REFIT_103202,5.739255027939575,99,100,-1.7851788545497738,13.096700254875199,99,H0,2.4469940568060182,0.06954792501739707,4.811297353377348,,,UNADJUSTED_POINTWISE,CASE,R4_REACHER_S1_CROSS_S1_SOURCE_RELATION_TABLE,6b979dcf277f7b8128523072113441fcb16f46acbd9a550c4b2e83c5f1fe3269,,OTHER,,,,,,,,
FIRST_ANCHOR_DESCRIPTIVE_SOURCE_RELATION,H_POLICY,10,reacher,optimism,REFIT_103203,5.32336451489516,99,100,-2.201533784722288,12.799484886129846,99,H0,2.0311035437616036,-0.43165098799311497,4.539770615091736,,,UNADJUSTED_POINTWISE,CASE,R4_REACHER_S1_CROSS_S1_SOURCE_RELATION_TABLE,6b979dcf277f7b8128523072113441fcb16f46acbd9a550c4b2e83c5f1fe3269,,OTHER,,,,,,,,
FIRST_ANCHOR_DESCRIPTIVE_SOURCE_RELATION,H_POLICY,10,reacher,optimism,FIXED3_REFIT_MEAN_NOT_ENSEMBLE,5.2654933633761525,99,100,-2.1933056958119073,12.746095385760144,99,H0,1.9732323922425945,-0.370660194815711,4.349019921702299,,,UNADJUSTED_POINTWISE,CASE,R4_REACHER_S1_CROSS_S1_SOURCE_RELATION_TABLE,6b979dcf277f7b8128523072113441fcb16f46acbd9a550c4b2e83c5f1fe3269,,OTHER,,,,,,,,
FIRST_ANCHOR_DESCRIPTIVE_SOURCE_RELATION,H_POLICY,25,reacher,latent_mse,H0,0.12734807015149,89,100,0.10046230816684655,0.15663994077882362,89,H0,0.0,0.0,0.0,,,UNADJUSTED_POINTWISE,CASE,R4_REACHER_S1_CROSS_S1_SOURCE_RELATION_TABLE,6b979dcf277f7b8128523072113441fcb16f46acbd9a550c4b2e83c5f1fe3269,,OTHER,,,,,,,,
FIRST_ANCHOR_DESCRIPTIVE_SOURCE_RELATION,H_POLICY,25,reacher,latent_mse,REFIT_103201,0.112868051865393,88,100,0.08657455582845007,0.1431698955145016,87,H0,-0.013913100293968625,-0.026137317420108164,-0.0009392543748565939,,,UNADJUSTED_POINTWISE,CASE,R4_REACHER_S1_CROSS_S1_SOURCE_RELATION_TABLE,6b979dcf277f7b8128523072113441fcb16f46acbd9a550c4b2e83c5f1fe3269,,OTHER,,,,,,,,
FIRST_ANCHOR_DESCRIPTIVE_SOURCE_RELATION,H_POLICY,25,reacher,latent_mse,REFIT_103202,0.12217819229927937,85,100,0.09402344643973402,0.15431651451339534,84,H0,-0.009810240330850884,-0.02568239072535631,0.008710493213147834,,,UNADJUSTED_POINTWISE,CASE,R4_REACHER_S1_CROSS_S1_SOURCE_RELATION_TABLE,6b979dcf277f7b8128523072113441fcb16f46acbd9a550c4b2e83c5f1fe3269,,OTHER,,,,,,,,
FIRST_ANCHOR_DESCRIPTIVE_SOURCE_RELATION,H_POLICY,25,reacher,latent_mse,REFIT_103203,0.11470165920323007,88,100,0.08870237852881122,0.1439713681600373,87,H0,-0.013346896456666934,-0.02584979433669051,-0.00043940264110741215,,,UNADJUSTED_POINTWISE,CASE,R4_REACHER_S1_CROSS_S1_SOURCE_RELATION_TABLE,6b979dcf277f7b8128523072113441fcb16f46acbd9a550c4b2e83c5f1fe3269,,OTHER,,,,,,,,
FIRST_ANCHOR_DESCRIPTIVE_SOURCE_RELATION,H_POLICY,25,reacher,latent_mse,FIXED3_REFIT_MEAN_NOT_ENSEMBLE,0.12241847764275711,81,100,0.09455010817219205,0.15476919874539896,80,H0,-0.012708570937563007,-0.026691360206668027,0.0025394120705837363,,,UNADJUSTED_POINTWISE,CASE,R4_REACHER_S1_CROSS_S1_SOURCE_RELATION_TABLE,6b979dcf277f7b8128523072113441fcb16f46acbd9a550c4b2e83c5f1fe3269,,OTHER,,,,,,,,
FIRST_ANCHOR_DESCRIPTIVE_SOURCE_RELATION,H_POLICY,25,reacher,optimism,H0,-17.343820189094444,89,100,-22.948620084737218,-12.421619836214475,89,H0,0.0,0.0,0.0,,,UNADJUSTED_POINTWISE,CASE,R4_REACHER_S1_CROSS_S1_SOURCE_RELATION_TABLE,6b979dcf277f7b8128523072113441fcb16f46acbd9a550c4b2e83c5f1fe3269,,OTHER,,,,,,,,
FIRST_ANCHOR_DESCRIPTIVE_SOURCE_RELATION,H_POLICY,25,reacher,optimism,REFIT_103201,-21.328033355311632,88,100,-26.85617733337909,-16.311583337062668,87,H0,-3.9942898036648034,-5.598103813477742,-2.6153712055521523,,,UNADJUSTED_POINTWISE,CASE,R4_REACHER_S1_CROSS_S1_SOURCE_RELATION_TABLE,6b979dcf277f7b8128523072113441fcb16f46acbd9a550c4b2e83c5f1fe3269,,OTHER,,,,,,,,
FIRST_ANCHOR_DESCRIPTIVE_SOURCE_RELATION,H_POLICY,25,reacher,optimism,REFIT_103202,-22.56164964436024,85,100,-28.576013267435947,-17.17795321691412,84,H0,-4.43078915977348,-7.0098287807780535,-2.5330440394670397,,,UNADJUSTED_POINTWISE,CASE,R4_REACHER_S1_CROSS_S1_SOURCE_RELATION_TABLE,6b979dcf277f7b8128523072113441fcb16f46acbd9a550c4b2e83c5f1fe3269,,OTHER,,,,,,,,
FIRST_ANCHOR_DESCRIPTIVE_SOURCE_RELATION,H_POLICY,25,reacher,optimism,REFIT_103203,-21.444927539951593,88,100,-27.232694706191655,-16.354087058628526,87,H0,-4.155063373261485,-5.587905367075176,-2.9532148127662734,,,UNADJUSTED_POINTWISE,CASE,R4_REACHER_S1_CROSS_S1_SOURCE_RELATION_TABLE,6b979dcf277f7b8128523072113441fcb16f46acbd9a550c4b2e83c5f1fe3269,,OTHER,,,,,,,,
FIRST_ANCHOR_DESCRIPTIVE_SOURCE_RELATION,H_POLICY,25,reacher,optimism,FIXED3_REFIT_MEAN_NOT_ENSEMBLE,-22.902721701473485,81,100,-29.058384154553433,-17.517480788808623,80,H0,-4.285826472736273,-6.214511054788889,-2.7554432570671694,,,UNADJUSTED_POINTWISE,CASE,R4_REACHER_S1_CROSS_S1_SOURCE_RELATION_TABLE,6b979dcf277f7b8128523072113441fcb16f46acbd9a550c4b2e83c5f1fe3269,,OTHER,,,,,,,,
FIRST_ANCHOR_DESCRIPTIVE_SOURCE_RELATION,H_POLICY,5,reacher,latent_mse,H0,0.06936533451701205,100,100,0.055537024083314464,0.08397602000207796,100,H0,0.0,0.0,0.0,,,UNADJUSTED_POINTWISE,CASE,R4_REACHER_S1_CROSS_S1_SOURCE_RELATION_TABLE,6b979dcf277f7b8128523072113441fcb16f46acbd9a550c4b2e83c5f1fe3269,,OTHER,,,,,,,,
FIRST_ANCHOR_DESCRIPTIVE_SOURCE_RELATION,H_POLICY,5,reacher,latent_mse,REFIT_103201,0.06556440036394634,100,100,0.0519506302991552,0.0807296456693827,100,H0,-0.003800934153065706,-0.007361167229508283,-0.0005375217156251903,,,UNADJUSTED_POINTWISE,CASE,R4_REACHER_S1_CROSS_S1_SOURCE_RELATION_TABLE,6b979dcf277f7b8128523072113441fcb16f46acbd9a550c4b2e83c5f1fe3269,,OTHER,,,,,,,,
FIRST_ANCHOR_DESCRIPTIVE_SOURCE_RELATION,H_POLICY,5,reacher,latent_mse,REFIT_103202,0.06663254480537337,100,100,0.05291452186120054,0.08166622070920614,100,H0,-0.002732789711638666,-0.005629378261073727,0.00015863219188758874,,,UNADJUSTED_POINTWISE,CASE,R4_REACHER_S1_CROSS_S1_SOURCE_RELATION_TABLE,6b979dcf277f7b8128523072113441fcb16f46acbd9a550c4b2e83c5f1fe3269,,OTHER,,,,,,,,
FIRST_ANCHOR_DESCRIPTIVE_SOURCE_RELATION,H_POLICY,5,reacher,latent_mse,REFIT_103203,0.0660228148669315,100,100,0.05238742438269159,0.08077778098111352,100,H0,-0.0033425196500805514,-0.005971907347673549,-0.0006371568307707411,,,UNADJUSTED_POINTWISE,CASE,R4_REACHER_S1_CROSS_S1_SOURCE_RELATION_TABLE,6b979dcf277f7b8128523072113441fcb16f46acbd9a550c4b2e83c5f1fe3269,,OTHER,,,,,,,,
FIRST_ANCHOR_DESCRIPTIVE_SOURCE_RELATION,H_POLICY,5,reacher,latent_mse,FIXED3_REFIT_MEAN_NOT_ENSEMBLE,0.06607325334541708,100,100,0.05244144279123024,0.0809727303783034,100,H0,-0.003292081171594974,-0.006140729430577871,-0.0004186798651806214,,,UNADJUSTED_POINTWISE,CASE,R4_REACHER_S1_CROSS_S1_SOURCE_RELATION_TABLE,6b979dcf277f7b8128523072113441fcb16f46acbd9a550c4b2e83c5f1fe3269,,OTHER,,,,,,,,
FIRST_ANCHOR_DESCRIPTIVE_SOURCE_RELATION,H_POLICY,5,reacher,optimism,H0,-4.691829690933227,100,100,-11.329157670219736,2.032246521671612,100,H0,0.0,0.0,0.0,,,UNADJUSTED_POINTWISE,CASE,R4_REACHER_S1_CROSS_S1_SOURCE_RELATION_TABLE,6b979dcf277f7b8128523072113441fcb16f46acbd9a550c4b2e83c5f1fe3269,,OTHER,,,,,,,,
FIRST_ANCHOR_DESCRIPTIVE_SOURCE_RELATION,H_POLICY,5,reacher,optimism,REFIT_103201,-3.557451654275259,100,100,-10.056467501540979,3.023848280648383,100,H0,1.134378036657969,-0.5245134134689967,2.856079882760841,,,UNADJUSTED_POINTWISE,CASE,R4_REACHER_S1_CROSS_S1_SOURCE_RELATION_TABLE,6b979dcf277f7b8128523072113441fcb16f46acbd9a550c4b2e83c5f1fe3269,,OTHER,,,,,,,,
FIRST_ANCHOR_DESCRIPTIVE_SOURCE_RELATION,H_POLICY,5,reacher,optimism,REFIT_103202,-3.4640237474441533,100,100,-9.99124500862757,3.1896153161525733,100,H0,1.2278059434890751,-0.3305474383433658,2.8346692781448364,,,UNADJUSTED_POINTWISE,CASE,R4_REACHER_S1_CROSS_S1_SOURCE_RELATION_TABLE,6b979dcf277f7b8128523072113441fcb16f46acbd9a550c4b2e83c5f1fe3269,,OTHER,,,,,,,,
FIRST_ANCHOR_DESCRIPTIVE_SOURCE_RELATION,H_POLICY,5,reacher,optimism,REFIT_103203,-3.943046597639718,100,100,-10.44854104069869,2.6301280626853245,100,H0,0.7487830932935081,-0.9542073644399637,2.5764400430917727,,,UNADJUSTED_POINTWISE,CASE,R4_REACHER_S1_CROSS_S1_SOURCE_RELATION_TABLE,6b979dcf277f7b8128523072113441fcb16f46acbd9a550c4b2e83c5f1fe3269,,OTHER,,,,,,,,
FIRST_ANCHOR_DESCRIPTIVE_SOURCE_RELATION,H_POLICY,5,reacher,optimism,FIXED3_REFIT_MEAN_NOT_ENSEMBLE,-3.6548406664530444,100,100,-10.153128065480125,2.9371955129570395,100,H0,1.0369890244801838,-0.5268012755182053,2.698361524118316,,,UNADJUSTED_POINTWISE,CASE,R4_REACHER_S1_CROSS_S1_SOURCE_RELATION_TABLE,6b979dcf277f7b8128523072113441fcb16f46acbd9a550c4b2e83c5f1fe3269,,OTHER,,,,,,,,
FIRST_ANCHOR_DESCRIPTIVE_SOURCE_RELATION,H_POLICY,10,reacher,latent_mse,H0,0.09684924629744979,98,100,0.07581787912711276,0.12035108610441372,98,H0,0.0,0.0,0.0,,,UNADJUSTED_POINTWISE,CASE,R4_REACHER_S1_CROSS_S1_SOURCE_RELATION_TABLE,6b979dcf277f7b8128523072113441fcb16f46acbd9a550c4b2e83c5f1fe3269,,OWN,,,,,,,,
FIRST_ANCHOR_DESCRIPTIVE_SOURCE_RELATION,H_POLICY,10,reacher,latent_mse,REFIT_103201,0.08885504900281001,97,100,0.06857279194912791,0.11180068605577019,96,H0,-0.007495721849409165,-0.015348445810647633,-8.286783084776588e-05,,,UNADJUSTED_POINTWISE,CASE,R4_REACHER_S1_CROSS_S1_SOURCE_RELATION_TABLE,6b979dcf277f7b8128523072113441fcb16f46acbd9a550c4b2e83c5f1fe3269,,OWN,,,,,,,,
FIRST_ANCHOR_DESCRIPTIVE_SOURCE_RELATION,H_POLICY,10,reacher,latent_mse,REFIT_103202,0.09426466347940732,96,100,0.07178578642694836,0.1187911570597107,96,H0,-0.004182821149394537,-0.013105518068330576,0.005830193798198124,,,UNADJUSTED_POINTWISE,CASE,R4_REACHER_S1_CROSS_S1_SOURCE_RELATION_TABLE,6b979dcf277f7b8128523072113441fcb16f46acbd9a550c4b2e83c5f1fe3269,,OWN,,,,,,,,
FIRST_ANCHOR_DESCRIPTIVE_SOURCE_RELATION,H_POLICY,10,reacher,latent_mse,REFIT_103203,0.09062813141129784,96,100,0.07026479400412491,0.11305701928395114,95,H0,-0.009330206151475737,-0.015713341566346184,-0.003254477042003469,,,UNADJUSTED_POINTWISE,CASE,R4_REACHER_S1_CROSS_S1_SOURCE_RELATION_TABLE,6b979dcf277f7b8128523072113441fcb16f46acbd9a550c4b2e83c5f1fe3269,,OWN,,,,,,,,
FIRST_ANCHOR_DESCRIPTIVE_SOURCE_RELATION,H_POLICY,10,reacher,latent_mse,FIXED3_REFIT_MEAN_NOT_ENSEMBLE,0.0910376208994421,92,100,0.0695333262677429,0.11474702378082079,92,H0,-0.007456707886771968,-0.01480854983714393,-0.0003445510833476868,,,UNADJUSTED_POINTWISE,CASE,R4_REACHER_S1_CROSS_S1_SOURCE_RELATION_TABLE,6b979dcf277f7b8128523072113441fcb16f46acbd9a550c4b2e83c5f1fe3269,,OWN,,,,,,,,
FIRST_ANCHOR_DESCRIPTIVE_SOURCE_RELATION,H_POLICY,10,reacher,optimism,H0,3.042541511204778,98,100,-4.953008044811038,11.148519991258073,98,H0,0.0,0.0,0.0,,,UNADJUSTED_POINTWISE,CASE,R4_REACHER_S1_CROSS_S1_SOURCE_RELATION_TABLE,6b979dcf277f7b8128523072113441fcb16f46acbd9a550c4b2e83c5f1fe3269,,OWN,,,,,,,,
FIRST_ANCHOR_DESCRIPTIVE_SOURCE_RELATION,H_POLICY,10,reacher,optimism,REFIT_103201,7.8033860897280505,97,100,0.19244730496827064,15.393316079143426,96,H0,3.9470210609336696,-0.5934504584578627,8.540953659282,,,UNADJUSTED_POINTWISE,CASE,R4_REACHER_S1_CROSS_S1_SOURCE_RELATION_TABLE,6b979dcf277f7b8128523072113441fcb16f46acbd9a550c4b2e83c5f1fe3269,,OWN,,,,,,,,
FIRST_ANCHOR_DESCRIPTIVE_SOURCE_RELATION,H_POLICY,10,reacher,optimism,REFIT_103202,4.936128909389178,96,100,-3.641905283309678,13.23085291870689,96,H0,1.9217217440406482,-3.0471899692590037,6.915917707400652,,,UNADJUSTED_POINTWISE,CASE,R4_REACHER_S1_CROSS_S1_SOURCE_RELATION_TABLE,6b979dcf277f7b8128523072113441fcb16f46acbd9a550c4b2e83c5f1fe3269,,OWN,,,,,,,,
FIRST_ANCHOR_DESCRIPTIVE_SOURCE_RELATION,H_POLICY,10,reacher,optimism,REFIT_103203,5.364882456759612,96,100,-2.4785758936032645,13.193750434441274,95,H0,2.948054404007761,-1.590709319230049,7.231714412539273,,,UNADJUSTED_POINTWISE,CASE,R4_REACHER_S1_CROSS_S1_SOURCE_RELATION_TABLE,6b979dcf277f7b8128523072113441fcb16f46acbd9a550c4b2e83c5f1fe3269,,OWN,,,,,,,,
FIRST_ANCHOR_DESCRIPTIVE_SOURCE_RELATION,H_POLICY,10,reacher,optimism,FIXED3_REFIT_MEAN_NOT_ENSEMBLE,6.976552554230759,92,100,-0.9877399429171185,14.712891371378962,92,H0,2.8440865515798763,-1.3499328538161537,7.043469929776546,,,UNADJUSTED_POINTWISE,CASE,R4_REACHER_S1_CROSS_S1_SOURCE_RELATION_TABLE,6b979dcf277f7b8128523072113441fcb16f46acbd9a550c4b2e83c5f1fe3269,,OWN,,,,,,,,
FIRST_ANCHOR_DESCRIPTIVE_SOURCE_RELATION,H_POLICY,25,reacher,latent_mse,H0,0.13891823867808528,67,100,0.10316056200857497,0.1785442867395057,67,H0,0.0,0.0,0.0,,,UNADJUSTED_POINTWISE,CASE,R4_REACHER_S1_CROSS_S1_SOURCE_RELATION_TABLE,6b979dcf277f7b8128523072113441fcb16f46acbd9a550c4b2e83c5f1fe3269,,OWN,,,,,,,,
FIRST_ANCHOR_DESCRIPTIVE_SOURCE_RELATION,H_POLICY,25,reacher,latent_mse,REFIT_103201,0.12454008086772067,72,100,0.09365483714795639,0.16089703874678066,58,H0,-0.016366419147555555,-0.037797714415350715,0.0031162649243564444,,,UNADJUSTED_POINTWISE,CASE,R4_REACHER_S1_CROSS_S1_SOURCE_RELATION_TABLE,6b979dcf277f7b8128523072113441fcb16f46acbd9a550c4b2e83c5f1fe3269,,OWN,,,,,,,,
FIRST_ANCHOR_DESCRIPTIVE_SOURCE_RELATION,H_POLICY,25,reacher,latent_mse,REFIT_103202,0.1156962498745189,72,100,0.08541151690596248,0.14991010742879896,56,H0,-0.018240049456445768,-0.04617321393812738,0.00838186066608048,,,UNADJUSTED_POINTWISE,CASE,R4_REACHER_S1_CROSS_S1_SOURCE_RELATION_TABLE,6b979dcf277f7b8128523072113441fcb16f46acbd9a550c4b2e83c5f1fe3269,,OWN,,,,,,,,
FIRST_ANCHOR_DESCRIPTIVE_SOURCE_RELATION,H_POLICY,25,reacher,latent_mse,REFIT_103203,0.12447954987963805,65,100,0.09458067467007632,0.15964038172565767,52,H0,-0.0133251750913377,-0.02825869657235065,0.001586822961095943,,,UNADJUSTED_POINTWISE,CASE,R4_REACHER_S1_CROSS_S1_SOURCE_RELATION_TABLE,6b979dcf277f7b8128523072113441fcb16f46acbd9a550c4b2e83c5f1fe3269,,OWN,,,,,,,,
FIRST_ANCHOR_DESCRIPTIVE_SOURCE_RELATION,H_POLICY,25,reacher,latent_mse,FIXED3_REFIT_MEAN_NOT_ENSEMBLE,0.13345703380803267,50,100,0.09743882342785432,0.17821820666074595,44,H0,-0.0143818318999062,-0.035904977781054594,0.007196056223220343,,,UNADJUSTED_POINTWISE,CASE,R4_REACHER_S1_CROSS_S1_SOURCE_RELATION_TABLE,6b979dcf277f7b8128523072113441fcb16f46acbd9a550c4b2e83c5f1fe3269,,OWN,,,,,,,,
FIRST_ANCHOR_DESCRIPTIVE_SOURCE_RELATION,H_POLICY,25,reacher,optimism,H0,-24.295982991581532,67,100,-31.82693304611741,-17.470040233567705,67,H0,0.0,0.0,0.0,,,UNADJUSTED_POINTWISE,CASE,R4_REACHER_S1_CROSS_S1_SOURCE_RELATION_TABLE,6b979dcf277f7b8128523072113441fcb16f46acbd9a550c4b2e83c5f1fe3269,,OWN,,,,,,,,
FIRST_ANCHOR_DESCRIPTIVE_SOURCE_RELATION,H_POLICY,25,reacher,optimism,REFIT_103201,-23.4325174867279,72,100,-30.383570487534044,-17.56399774650902,58,H0,1.3456651827898518,-2.561885469405052,5.488341007454687,,,UNADJUSTED_POINTWISE,CASE,R4_REACHER_S1_CROSS_S1_SOURCE_RELATION_TABLE,6b979dcf277f7b8128523072113441fcb16f46acbd9a550c4b2e83c5f1fe3269,,OWN,,,,,,,,
FIRST_ANCHOR_DESCRIPTIVE_SOURCE_RELATION,H_POLICY,25,reacher,optimism,REFIT_103202,-21.727987642529317,72,100,-28.312023648949438,-16.05537933267774,56,H0,1.697344064047294,-3.310388315526176,7.086060813232648,,,UNADJUSTED_POINTWISE,CASE,R4_REACHER_S1_CROSS_S1_SOURCE_RELATION_TABLE,6b979dcf277f7b8128523072113441fcb16f46acbd9a550c4b2e83c5f1fe3269,,OWN,,,,,,,,
FIRST_ANCHOR_DESCRIPTIVE_SOURCE_RELATION,H_POLICY,25,reacher,optimism,REFIT_103203,-23.62273636511885,65,100,-30.20979925948547,-18.07839359935418,52,H0,0.5849729835127409,-2.4044675073966957,3.7160254254974414,,,UNADJUSTED_POINTWISE,CASE,R4_REACHER_S1_CROSS_S1_SOURCE_RELATION_TABLE,6b979dcf277f7b8128523072113441fcb16f46acbd9a550c4b2e83c5f1fe3269,,OWN,,,,,,,,
FIRST_ANCHOR_DESCRIPTIVE_SOURCE_RELATION,H_POLICY,25,reacher,optimism,FIXED3_REFIT_MEAN_NOT_ENSEMBLE,-25.115817618717745,50,100,-33.547065780495885,-18.28933140245346,44,H0,1.033767396584153,-3.179617952236714,5.297944126610023,,,UNADJUSTED_POINTWISE,CASE,R4_REACHER_S1_CROSS_S1_SOURCE_RELATION_TABLE,6b979dcf277f7b8128523072113441fcb16f46acbd9a550c4b2e83c5f1fe3269,,OWN,,,,,,,,
FIRST_ANCHOR_DESCRIPTIVE_SOURCE_RELATION,H_POLICY,5,reacher,latent_mse,H0,0.0703442286234349,100,100,0.055920936414739116,0.08580383833125232,100,H0,0.0,0.0,0.0,,,UNADJUSTED_POINTWISE,CASE,R4_REACHER_S1_CROSS_S1_SOURCE_RELATION_TABLE,6b979dcf277f7b8128523072113441fcb16f46acbd9a550c4b2e83c5f1fe3269,,OWN,,,,,,,,
FIRST_ANCHOR_DESCRIPTIVE_SOURCE_RELATION,H_POLICY,5,reacher,latent_mse,REFIT_103201,0.067259546103558,99,100,0.053165886320115534,0.08236924443806619,99,H0,-0.003567263044209944,-0.00804791804192619,0.0013739454129891868,,,UNADJUSTED_POINTWISE,CASE,R4_REACHER_S1_CROSS_S1_SOURCE_RELATION_TABLE,6b979dcf277f7b8128523072113441fcb16f46acbd9a550c4b2e83c5f1fe3269,,OWN,,,,,,,,
FIRST_ANCHOR_DESCRIPTIVE_SOURCE_RELATION,H_POLICY,5,reacher,latent_mse,REFIT_103202,0.0655920015438935,98,100,0.05137532802633506,0.08072235264556106,98,H0,-0.0048987108035659305,-0.008486784646415772,-0.0014891676464814205,,,UNADJUSTED_POINTWISE,CASE,R4_REACHER_S1_CROSS_S1_SOURCE_RELATION_TABLE,6b979dcf277f7b8128523072113441fcb16f46acbd9a550c4b2e83c5f1fe3269,,OWN,,,,,,,,
FIRST_ANCHOR_DESCRIPTIVE_SOURCE_RELATION,H_POLICY,5,reacher,latent_mse,REFIT_103203,0.06558233059709892,100,100,0.052207915033039176,0.08029691650829045,100,H0,-0.004761898026335984,-0.008288607803231571,-0.0012622617930173892,,,UNADJUSTED_POINTWISE,CASE,R4_REACHER_S1_CROSS_S1_SOURCE_RELATION_TABLE,6b979dcf277f7b8128523072113441fcb16f46acbd9a550c4b2e83c5f1fe3269,,OWN,,,,,,,,
FIRST_ANCHOR_DESCRIPTIVE_SOURCE_RELATION,H_POLICY,5,reacher,latent_mse,FIXED3_REFIT_MEAN_NOT_ENSEMBLE,0.06567422940307076,98,100,0.05175781363897197,0.08041005252835141,98,H0,-0.004816482944388677,-0.008172779872922448,-0.0015562863522223295,,,UNADJUSTED_POINTWISE,CASE,R4_REACHER_S1_CROSS_S1_SOURCE_RELATION_TABLE,6b979dcf277f7b8128523072113441fcb16f46acbd9a550c4b2e83c5f1fe3269,,OWN,,,,,,,,
FIRST_ANCHOR_DESCRIPTIVE_SOURCE_RELATION,H_POLICY,5,reacher,optimism,H0,-6.440574293136597,100,100,-13.313511648654938,0.4933450365066489,100,H0,0.0,0.0,0.0,,,UNADJUSTED_POINTWISE,CASE,R4_REACHER_S1_CROSS_S1_SOURCE_RELATION_TABLE,6b979dcf277f7b8128523072113441fcb16f46acbd9a550c4b2e83c5f1fe3269,,OWN,,,,,,,,
FIRST_ANCHOR_DESCRIPTIVE_SOURCE_RELATION,H_POLICY,5,reacher,optimism,REFIT_103201,-2.9830646779802112,99,100,-9.714169382326531,3.8032216951761892,99,H0,3.472396819278447,0.6858819254721055,6.464348340272903,,,UNADJUSTED_POINTWISE,CASE,R4_REACHER_S1_CROSS_S1_SOURCE_RELATION_TABLE,6b979dcf277f7b8128523072113441fcb16f46acbd9a550c4b2e83c5f1fe3269,,OWN,,,,,,,,
FIRST_ANCHOR_DESCRIPTIVE_SOURCE_RELATION,H_POLICY,5,reacher,optimism,REFIT_103202,-3.229761775659055,98,100,-10.074323200215897,3.593880013870565,98,H0,3.597185514411148,0.8007581667024263,6.500890324612642,,,UNADJUSTED_POINTWISE,CASE,R4_REACHER_S1_CROSS_S1_SOURCE_RELATION_TABLE,6b979dcf277f7b8128523072113441fcb16f46acbd9a550c4b2e83c5f1fe3269,,OWN,,,,,,,,
FIRST_ANCHOR_DESCRIPTIVE_SOURCE_RELATION,H_POLICY,5,reacher,optimism,REFIT_103203,-3.0919645166397096,100,100,-9.662881635904311,3.5729732980728004,100,H0,3.3486097764968874,0.5021778197288513,6.355786457896231,,,UNADJUSTED_POINTWISE,CASE,R4_REACHER_S1_CROSS_S1_SOURCE_RELATION_TABLE,6b979dcf277f7b8128523072113441fcb16f46acbd9a550c4b2e83c5f1fe3269,,OWN,,,,,,,,
FIRST_ANCHOR_DESCRIPTIVE_SOURCE_RELATION,H_POLICY,5,reacher,optimism,FIXED3_REFIT_MEAN_NOT_ENSEMBLE,-3.2927323498693455,98,100,-9.941096678799283,3.4304366565075006,98,H0,3.5342149402008576,0.964446019355328,6.225775898546264,,,UNADJUSTED_POINTWISE,CASE,R4_REACHER_S1_CROSS_S1_SOURCE_RELATION_TABLE,6b979dcf277f7b8128523072113441fcb16f46acbd9a550c4b2e83c5f1fe3269,,OWN,,,,,,,,
LEARNING_POLICIES_ALL100,,,reacher,success_fraction,H0,0.86,100,100,0.79,0.92,100,H0,0.0,0.0,0.0,,,UNADJUSTED_POINTWISE,CASE,R4_REACHER_S3_S3_LEARNING_MAIN_TABLE,4e7b775758d8bf2630671def0ef747ef0661f8e75c6dff57206cde17176ec448,,,,R3_ORIGINAL,,,,,,
LEARNING_POLICIES_ALL100,,,reacher,success_fraction,REFIT_103201,0.85,100,100,0.78,0.92,100,H0,-0.01,-0.09,0.07,,,UNADJUSTED_POINTWISE,CASE,R4_REACHER_S3_S3_LEARNING_MAIN_TABLE,4e7b775758d8bf2630671def0ef747ef0661f8e75c6dff57206cde17176ec448,,,,R3_ORIGINAL,,,,,,
LEARNING_POLICIES_ALL100,,,reacher,success_fraction,REFIT_103202,0.86,100,100,0.79,0.92,100,H0,0.0,-0.09,0.09,,,UNADJUSTED_POINTWISE,CASE,R4_REACHER_S3_S3_LEARNING_MAIN_TABLE,4e7b775758d8bf2630671def0ef747ef0661f8e75c6dff57206cde17176ec448,,,,R3_ORIGINAL,,,,,,
LEARNING_POLICIES_ALL100,,,reacher,success_fraction,REFIT_103203,0.82,100,100,0.74,0.89,100,H0,-0.04,-0.13,0.06,,,UNADJUSTED_POINTWISE,CASE,R4_REACHER_S3_S3_LEARNING_MAIN_TABLE,4e7b775758d8bf2630671def0ef747ef0661f8e75c6dff57206cde17176ec448,,,,R3_ORIGINAL,,,,,,
LEARNING_POLICIES_ALL100,,,reacher,success_fraction,FIXED3_REFIT_MEAN_NOT_ENSEMBLE,0.8433333333333333,100,100,0.7933333333333333,0.8900000000000001,100,H0,-0.016666666666666684,-0.08341666666666668,0.05666666666666665,,,UNADJUSTED_POINTWISE,CASE,R4_REACHER_S3_S3_LEARNING_MAIN_TABLE,4e7b775758d8bf2630671def0ef747ef0661f8e75c6dff57206cde17176ec448,,,,R3_ORIGINAL,,,,,,
LEARNING_POLICIES_ALL100,,,reacher,success_fraction,H0,0.68,100,100,0.59,0.77,100,H0,0.0,0.0,0.0,,,UNADJUSTED_POINTWISE,CASE,R4_REACHER_S3_S3_LEARNING_MAIN_TABLE,4e7b775758d8bf2630671def0ef747ef0661f8e75c6dff57206cde17176ec448,,,,R4_ALT_CEM_1,,,,,,
LEARNING_POLICIES_ALL100,,,reacher,success_fraction,REFIT_103201,0.9,100,100,0.84,0.95,100,H0,0.22,0.13,0.32,,,UNADJUSTED_POINTWISE,CASE,R4_REACHER_S3_S3_LEARNING_MAIN_TABLE,4e7b775758d8bf2630671def0ef747ef0661f8e75c6dff57206cde17176ec448,,,,R4_ALT_CEM_1,,,,,,
LEARNING_POLICIES_ALL100,,,reacher,success_fraction,REFIT_103202,0.76,100,100,0.67,0.84,100,H0,0.08,-0.02,0.18,,,UNADJUSTED_POINTWISE,CASE,R4_REACHER_S3_S3_LEARNING_MAIN_TABLE,4e7b775758d8bf2630671def0ef747ef0661f8e75c6dff57206cde17176ec448,,,,R4_ALT_CEM_1,,,,,,
LEARNING_POLICIES_ALL100,,,reacher,success_fraction,REFIT_103203,0.83,100,100,0.76,0.9,100,H0,0.15,0.05,0.26,,,UNADJUSTED_POINTWISE,CASE,R4_REACHER_S3_S3_LEARNING_MAIN_TABLE,4e7b775758d8bf2630671def0ef747ef0661f8e75c6dff57206cde17176ec448,,,,R4_ALT_CEM_1,,,,,,
LEARNING_POLICIES_ALL100,,,reacher,success_fraction,FIXED3_REFIT_MEAN_NOT_ENSEMBLE,0.83,100,100,0.7766666666666667,0.8766666666666667,100,H0,0.14999999999999997,0.06666666666666664,0.23999999999999996,,,UNADJUSTED_POINTWISE,CASE,R4_REACHER_S3_S3_LEARNING_MAIN_TABLE,4e7b775758d8bf2630671def0ef747ef0661f8e75c6dff57206cde17176ec448,,,,R4_ALT_CEM_1,,,,,,
LEARNING_POLICIES_ALL100,,,reacher,success_fraction,H0,0.84,100,100,0.77,0.91,100,H0,0.0,0.0,0.0,,,UNADJUSTED_POINTWISE,CASE,R4_REACHER_S3_S3_LEARNING_MAIN_TABLE,4e7b775758d8bf2630671def0ef747ef0661f8e75c6dff57206cde17176ec448,,,,R4_ALT_CEM_2,,,,,,
LEARNING_POLICIES_ALL100,,,reacher,success_fraction,REFIT_103201,0.8,100,100,0.72,0.88,100,H0,-0.04,-0.13,0.05,,,UNADJUSTED_POINTWISE,CASE,R4_REACHER_S3_S3_LEARNING_MAIN_TABLE,4e7b775758d8bf2630671def0ef747ef0661f8e75c6dff57206cde17176ec448,,,,R4_ALT_CEM_2,,,,,,
LEARNING_POLICIES_ALL100,,,reacher,success_fraction,REFIT_103202,0.8,100,100,0.72,0.88,100,H0,-0.04,-0.14,0.06,,,UNADJUSTED_POINTWISE,CASE,R4_REACHER_S3_S3_LEARNING_MAIN_TABLE,4e7b775758d8bf2630671def0ef747ef0661f8e75c6dff57206cde17176ec448,,,,R4_ALT_CEM_2,,,,,,
LEARNING_POLICIES_ALL100,,,reacher,success_fraction,REFIT_103203,0.85,100,100,0.78,0.92,100,H0,0.01,-0.09,0.11,,,UNADJUSTED_POINTWISE,CASE,R4_REACHER_S3_S3_LEARNING_MAIN_TABLE,4e7b775758d8bf2630671def0ef747ef0661f8e75c6dff57206cde17176ec448,,,,R4_ALT_CEM_2,,,,,,
LEARNING_POLICIES_ALL100,,,reacher,success_fraction,FIXED3_REFIT_MEAN_NOT_ENSEMBLE,0.8166666666666668,100,100,0.7666666666666664,0.8699999999999999,100,H0,-0.023333333333333352,-0.10000000000000002,0.05999999999999997,,,UNADJUSTED_POINTWISE,CASE,R4_REACHER_S3_S3_LEARNING_MAIN_TABLE,4e7b775758d8bf2630671def0ef747ef0661f8e75c6dff57206cde17176ec448,,,,R4_ALT_CEM_2,,,,,,
FIXED20_POLICY_INTERVENTION,,,reacher,success_fraction,H0,0.8,20,20,0.6,0.95,20,H0,0.0,0.0,0.0,,,UNADJUSTED_POINTWISE,CASE,R4_REACHER_S3_S3_MENU_INTERVENTIONS,95a41ca55c2a2f4d9577cab860e67a58ac12ab5f992fd30e5b24c9af4e48f188,,,,R3_ORIGINAL,H0_MENU_RERANK - H0,,,,,
FIXED20_POLICY_INTERVENTION,,,reacher,success_fraction,H0_MENU_RERANK,0.85,20,20,0.7,1.0,20,H0,0.05,0.0,0.15,,,UNADJUSTED_POINTWISE,CASE,R4_REACHER_S3_S3_MENU_INTERVENTIONS,95a41ca55c2a2f4d9577cab860e67a58ac12ab5f992fd30e5b24c9af4e48f188,,,,R3_ORIGINAL,H0_MENU_RERANK - H0,,,,,
FIXED20_POLICY_INTERVENTION,,,reacher,success_fraction,H0,0.55,20,20,0.35,0.75,20,H0,0.0,0.0,0.0,,,UNADJUSTED_POINTWISE,CASE,R4_REACHER_S3_S3_MENU_INTERVENTIONS,95a41ca55c2a2f4d9577cab860e67a58ac12ab5f992fd30e5b24c9af4e48f188,,,,R4_ALT_CEM_1,H0_MENU_RERANK - H0,,,,,
FIXED20_POLICY_INTERVENTION,,,reacher,success_fraction,H0_MENU_RERANK,0.6,20,20,0.35,0.8,20,H0,0.05,0.0,0.15,,,UNADJUSTED_POINTWISE,CASE,R4_REACHER_S3_S3_MENU_INTERVENTIONS,95a41ca55c2a2f4d9577cab860e67a58ac12ab5f992fd30e5b24c9af4e48f188,,,,R4_ALT_CEM_1,H0_MENU_RERANK - H0,,,,,
FIXED20_POLICY_INTERVENTION,,,reacher,success_fraction,H0,0.85,20,20,0.7,1.0,20,H0,0.0,0.0,0.0,,,UNADJUSTED_POINTWISE,CASE,R4_REACHER_S3_S3_MENU_INTERVENTIONS,95a41ca55c2a2f4d9577cab860e67a58ac12ab5f992fd30e5b24c9af4e48f188,,,,R4_ALT_CEM_2,H0_MENU_RERANK - H0,,,,,
FIXED20_POLICY_INTERVENTION,,,reacher,success_fraction,H0_MENU_RERANK,0.85,20,20,0.7,1.0,20,H0,0.0,0.0,0.0,,,UNADJUSTED_POINTWISE,CASE,R4_REACHER_S3_S3_MENU_INTERVENTIONS,95a41ca55c2a2f4d9577cab860e67a58ac12ab5f992fd30e5b24c9af4e48f188,,,,R4_ALT_CEM_2,H0_MENU_RERANK - H0,,,,,
FIXED20_POLICY_INTERVENTION,,,reacher,success_fraction,H0,0.7333333333333333,20,20,0.6166666666666667,0.85,20,H0,0.0,0.0,0.0,,,UNADJUSTED_POINTWISE,CASE,R4_REACHER_S3_S3_MENU_INTERVENTIONS,95a41ca55c2a2f4d9577cab860e67a58ac12ab5f992fd30e5b24c9af4e48f188,,,,MEAN_OF_3_STREAMS,H0_MENU_RERANK - H0,,,,,
FIXED20_POLICY_INTERVENTION,,,reacher,success_fraction,H0_MENU_RERANK,0.7666666666666666,20,20,0.6499999999999999,0.8833333333333332,20,H0,0.03333333333333334,0.0,0.08333333333333334,,,UNADJUSTED_POINTWISE,CASE,R4_REACHER_S3_S3_MENU_INTERVENTIONS,95a41ca55c2a2f4d9577cab860e67a58ac12ab5f992fd30e5b24c9af4e48f188,,,,MEAN_OF_3_STREAMS,H0_MENU_RERANK - H0,,,,,
FIXED20_POLICY_INTERVENTION,,,reacher,success_fraction,H0_MENU_RERANK,,0,20,,,0,H0_MENU_RERANK,,,,,,UNADJUSTED_POINTWISE,CASE,R4_REACHER_S3_S3_MENU_INTERVENTIONS,95a41ca55c2a2f4d9577cab860e67a58ac12ab5f992fd30e5b24c9af4e48f188,,,,R3_ORIGINAL,SIM_LAT_RERANK - H0_MENU_RERANK,,,,,
FIXED20_POLICY_INTERVENTION,,,reacher,success_fraction,SIM_LAT_RERANK,,0,20,,,0,H0_MENU_RERANK,,,,,,UNADJUSTED_POINTWISE,CASE,R4_REACHER_S3_S3_MENU_INTERVENTIONS,95a41ca55c2a2f4d9577cab860e67a58ac12ab5f992fd30e5b24c9af4e48f188,,,,R3_ORIGINAL,SIM_LAT_RERANK - H0_MENU_RERANK,,,,,
FIXED20_POLICY_INTERVENTION,,,reacher,success_fraction,H0_MENU_RERANK,,0,20,,,0,H0_MENU_RERANK,,,,,,UNADJUSTED_POINTWISE,CASE,R4_REACHER_S3_S3_MENU_INTERVENTIONS,95a41ca55c2a2f4d9577cab860e67a58ac12ab5f992fd30e5b24c9af4e48f188,,,,R4_ALT_CEM_1,SIM_LAT_RERANK - H0_MENU_RERANK,,,,,
FIXED20_POLICY_INTERVENTION,,,reacher,success_fraction,SIM_LAT_RERANK,,0,20,,,0,H0_MENU_RERANK,,,,,,UNADJUSTED_POINTWISE,CASE,R4_REACHER_S3_S3_MENU_INTERVENTIONS,95a41ca55c2a2f4d9577cab860e67a58ac12ab5f992fd30e5b24c9af4e48f188,,,,R4_ALT_CEM_1,SIM_LAT_RERANK - H0_MENU_RERANK,,,,,
FIXED20_POLICY_INTERVENTION,,,reacher,success_fraction,H0_MENU_RERANK,,0,20,,,0,H0_MENU_RERANK,,,,,,UNADJUSTED_POINTWISE,CASE,R4_REACHER_S3_S3_MENU_INTERVENTIONS,95a41ca55c2a2f4d9577cab860e67a58ac12ab5f992fd30e5b24c9af4e48f188,,,,R4_ALT_CEM_2,SIM_LAT_RERANK - H0_MENU_RERANK,,,,,
FIXED20_POLICY_INTERVENTION,,,reacher,success_fraction,SIM_LAT_RERANK,,0,20,,,0,H0_MENU_RERANK,,,,,,UNADJUSTED_POINTWISE,CASE,R4_REACHER_S3_S3_MENU_INTERVENTIONS,95a41ca55c2a2f4d9577cab860e67a58ac12ab5f992fd30e5b24c9af4e48f188,,,,R4_ALT_CEM_2,SIM_LAT_RERANK - H0_MENU_RERANK,,,,,
FIXED20_POLICY_INTERVENTION,,,reacher,success_fraction,H0_MENU_RERANK,,0,20,,,0,H0_MENU_RERANK,,,,,,UNADJUSTED_POINTWISE,CASE,R4_REACHER_S3_S3_MENU_INTERVENTIONS,95a41ca55c2a2f4d9577cab860e67a58ac12ab5f992fd30e5b24c9af4e48f188,,,,MEAN_OF_3_STREAMS,SIM_LAT_RERANK - H0_MENU_RERANK,,,,,
FIXED20_POLICY_INTERVENTION,,,reacher,success_fraction,SIM_LAT_RERANK,,0,20,,,0,H0_MENU_RERANK,,,,,,UNADJUSTED_POINTWISE,CASE,R4_REACHER_S3_S3_MENU_INTERVENTIONS,95a41ca55c2a2f4d9577cab860e67a58ac12ab5f992fd30e5b24c9af4e48f188,,,,MEAN_OF_3_STREAMS,SIM_LAT_RERANK - H0_MENU_RERANK,,,,,
FIXED20_POLICY_INTERVENTION,,,reacher,success_fraction,SIM_LAT_RERANK,,0,20,,,0,SIM_LAT_RERANK,,,,,,UNADJUSTED_POINTWISE,CASE,R4_REACHER_S3_S3_MENU_INTERVENTIONS,95a41ca55c2a2f4d9577cab860e67a58ac12ab5f992fd30e5b24c9af4e48f188,,,,R3_ORIGINAL,SIM_TASK_RERANK - SIM_LAT_RERANK,,,,,
FIXED20_POLICY_INTERVENTION,,,reacher,success_fraction,SIM_TASK_RERANK,,0,20,,,0,SIM_LAT_RERANK,,,,,,UNADJUSTED_POINTWISE,CASE,R4_REACHER_S3_S3_MENU_INTERVENTIONS,95a41ca55c2a2f4d9577cab860e67a58ac12ab5f992fd30e5b24c9af4e48f188,,,,R3_ORIGINAL,SIM_TASK_RERANK - SIM_LAT_RERANK,,,,,
FIXED20_POLICY_INTERVENTION,,,reacher,success_fraction,SIM_LAT_RERANK,,0,20,,,0,SIM_LAT_RERANK,,,,,,UNADJUSTED_POINTWISE,CASE,R4_REACHER_S3_S3_MENU_INTERVENTIONS,95a41ca55c2a2f4d9577cab860e67a58ac12ab5f992fd30e5b24c9af4e48f188,,,,R4_ALT_CEM_1,SIM_TASK_RERANK - SIM_LAT_RERANK,,,,,
FIXED20_POLICY_INTERVENTION,,,reacher,success_fraction,SIM_TASK_RERANK,,0,20,,,0,SIM_LAT_RERANK,,,,,,UNADJUSTED_POINTWISE,CASE,R4_REACHER_S3_S3_MENU_INTERVENTIONS,95a41ca55c2a2f4d9577cab860e67a58ac12ab5f992fd30e5b24c9af4e48f188,,,,R4_ALT_CEM_1,SIM_TASK_RERANK - SIM_LAT_RERANK,,,,,
FIXED20_POLICY_INTERVENTION,,,reacher,success_fraction,SIM_LAT_RERANK,,0,20,,,0,SIM_LAT_RERANK,,,,,,UNADJUSTED_POINTWISE,CASE,R4_REACHER_S3_S3_MENU_INTERVENTIONS,95a41ca55c2a2f4d9577cab860e67a58ac12ab5f992fd30e5b24c9af4e48f188,,,,R4_ALT_CEM_2,SIM_TASK_RERANK - SIM_LAT_RERANK,,,,,
FIXED20_POLICY_INTERVENTION,,,reacher,success_fraction,SIM_TASK_RERANK,,0,20,,,0,SIM_LAT_RERANK,,,,,,UNADJUSTED_POINTWISE,CASE,R4_REACHER_S3_S3_MENU_INTERVENTIONS,95a41ca55c2a2f4d9577cab860e67a58ac12ab5f992fd30e5b24c9af4e48f188,,,,R4_ALT_CEM_2,SIM_TASK_RERANK - SIM_LAT_RERANK,,,,,
FIXED20_POLICY_INTERVENTION,,,reacher,success_fraction,SIM_LAT_RERANK,,0,20,,,0,SIM_LAT_RERANK,,,,,,UNADJUSTED_POINTWISE,CASE,R4_REACHER_S3_S3_MENU_INTERVENTIONS,95a41ca55c2a2f4d9577cab860e67a58ac12ab5f992fd30e5b24c9af4e48f188,,,,MEAN_OF_3_STREAMS,SIM_TASK_RERANK - SIM_LAT_RERANK,,,,,
FIXED20_POLICY_INTERVENTION,,,reacher,success_fraction,SIM_TASK_RERANK,,0,20,,,0,SIM_LAT_RERANK,,,,,,UNADJUSTED_POINTWISE,CASE,R4_REACHER_S3_S3_MENU_INTERVENTIONS,95a41ca55c2a2f4d9577cab860e67a58ac12ab5f992fd30e5b24c9af4e48f188,,,,MEAN_OF_3_STREAMS,SIM_TASK_RERANK - SIM_LAT_RERANK,,,,,
LEARNING_POLICIES_ALL100,,,reacher,terminal_task_margin,H0,1.1011447203442308,100,100,0.913018143385523,1.3235538584639535,100,H0,0.0,0.0,0.0,,,UNADJUSTED_POINTWISE,CASE,R4_REACHER_S3_S3_MARGIN_AND_RESOURCE_TABLE,39cd52919c02458beb08604f8a57e78307168cd44e8c5920743505715202e48d,,,,R3_ORIGINAL,,,,,,
LEARNING_POLICIES_ALL100,,,reacher,terminal_task_margin,REFIT_103201,1.0712119509393003,100,100,0.9120397212121459,1.2753943168106543,100,H0,-0.029932769404930185,-0.2075183300797665,0.13906741528322925,,,UNADJUSTED_POINTWISE,CASE,R4_REACHER_S3_S3_MARGIN_AND_RESOURCE_TABLE,39cd52919c02458beb08604f8a57e78307168cd44e8c5920743505715202e48d,,,,R3_ORIGINAL,,,,,,
LEARNING_POLICIES_ALL100,,,reacher,terminal_task_margin,REFIT_103202,0.9891915160145515,100,100,0.843279574743141,1.1828491432611297,100,H0,-0.11195320432967933,-0.3238069530234396,0.09081067171371489,,,UNADJUSTED_POINTWISE,CASE,R4_REACHER_S3_S3_MARGIN_AND_RESOURCE_TABLE,39cd52919c02458beb08604f8a57e78307168cd44e8c5920743505715202e48d,,,,R3_ORIGINAL,,,,,,
LEARNING_POLICIES_ALL100,,,reacher,terminal_task_margin,REFIT_103203,1.0935790767792926,100,100,0.9142448630620725,1.3127677468028944,100,H0,-0.007565643564938074,-0.2264937497954022,0.19871185934946914,,,UNADJUSTED_POINTWISE,CASE,R4_REACHER_S3_S3_MARGIN_AND_RESOURCE_TABLE,39cd52919c02458beb08604f8a57e78307168cd44e8c5920743505715202e48d,,,,R3_ORIGINAL,,,,,,
LEARNING_POLICIES_ALL100,,,reacher,terminal_task_margin,FIXED3_REFIT_MEAN_NOT_ENSEMBLE,1.0513275145777148,100,100,0.9147604766391075,1.2366988512579078,100,H0,-0.04981720576651588,-0.23503506173636501,0.11688528902366446,,,UNADJUSTED_POINTWISE,CASE,R4_REACHER_S3_S3_MARGIN_AND_RESOURCE_TABLE,39cd52919c02458beb08604f8a57e78307168cd44e8c5920743505715202e48d,,,,R3_ORIGINAL,,,,,,
FIXED20_POLICY_INTERVENTION,,,reacher,terminal_task_margin,H0,1.3566352416795406,20,20,0.7874370972561705,2.0838178754775236,20,H0,0.0,0.0,0.0,,,UNADJUSTED_POINTWISE,CASE,R4_REACHER_S3_S3_MARGIN_AND_RESOURCE_TABLE,39cd52919c02458beb08604f8a57e78307168cd44e8c5920743505715202e48d,,,,R3_ORIGINAL,H0_MENU_RERANK - H0,,,,,
FIXED20_POLICY_INTERVENTION,,,reacher,terminal_task_margin,H0_MENU_RERANK,1.3903664678504282,20,20,0.8186289213590722,2.1010490697173902,20,H0,0.03373122617088742,-0.02715193768024715,0.12910084848193837,,,UNADJUSTED_POINTWISE,CASE,R4_REACHER_S3_S3_MARGIN_AND_RESOURCE_TABLE,39cd52919c02458beb08604f8a57e78307168cd44e8c5920743505715202e48d,,,,R3_ORIGINAL,H0_MENU_RERANK - H0,,,,,
FIXED20_POLICY_INTERVENTION,,,reacher,terminal_task_margin,H0_MENU_RERANK,,0,20,,,0,H0_MENU_RERANK,,,,,,UNADJUSTED_POINTWISE,CASE,R4_REACHER_S3_S3_MARGIN_AND_RESOURCE_TABLE,39cd52919c02458beb08604f8a57e78307168cd44e8c5920743505715202e48d,,,,R3_ORIGINAL,SIM_LAT_RERANK - H0_MENU_RERANK,,,,,
FIXED20_POLICY_INTERVENTION,,,reacher,terminal_task_margin,SIM_LAT_RERANK,,0,20,,,0,H0_MENU_RERANK,,,,,,UNADJUSTED_POINTWISE,CASE,R4_REACHER_S3_S3_MARGIN_AND_RESOURCE_TABLE,39cd52919c02458beb08604f8a57e78307168cd44e8c5920743505715202e48d,,,,R3_ORIGINAL,SIM_LAT_RERANK - H0_MENU_RERANK,,,,,
FIXED20_POLICY_INTERVENTION,,,reacher,terminal_task_margin,SIM_LAT_RERANK,,0,20,,,0,SIM_LAT_RERANK,,,,,,UNADJUSTED_POINTWISE,CASE,R4_REACHER_S3_S3_MARGIN_AND_RESOURCE_TABLE,39cd52919c02458beb08604f8a57e78307168cd44e8c5920743505715202e48d,,,,R3_ORIGINAL,SIM_TASK_RERANK - SIM_LAT_RERANK,,,,,
FIXED20_POLICY_INTERVENTION,,,reacher,terminal_task_margin,SIM_TASK_RERANK,,0,20,,,0,SIM_LAT_RERANK,,,,,,UNADJUSTED_POINTWISE,CASE,R4_REACHER_S3_S3_MARGIN_AND_RESOURCE_TABLE,39cd52919c02458beb08604f8a57e78307168cd44e8c5920743505715202e48d,,,,R3_ORIGINAL,SIM_TASK_RERANK - SIM_LAT_RERANK,,,,,
LEARNING_POLICIES_ALL100,,,reacher,anytime_executed_task_margin,H0,0.8540036842566266,100,100,0.785062235998989,0.9344947828405172,100,H0,0.0,0.0,0.0,,,UNADJUSTED_POINTWISE,CASE,R4_REACHER_S3_S3_MARGIN_AND_RESOURCE_TABLE,39cd52919c02458beb08604f8a57e78307168cd44e8c5920743505715202e48d,,,,R3_ORIGINAL,,,,,,
LEARNING_POLICIES_ALL100,,,reacher,anytime_executed_task_margin,REFIT_103201,0.8840217668820771,100,100,0.8243808360240481,0.9485245491842562,100,H0,0.030018082625450467,-0.05733012722410754,0.11066377851069303,,,UNADJUSTED_POINTWISE,CASE,R4_REACHER_S3_S3_MARGIN_AND_RESOURCE_TABLE,39cd52919c02458beb08604f8a57e78307168cd44e8c5920743505715202e48d,,,,R3_ORIGINAL,,,,,,
LEARNING_POLICIES_ALL100,,,reacher,anytime_executed_task_margin,REFIT_103202,0.86073683062033,100,100,0.8017833544116907,0.9220249493124415,100,H0,0.0067331463637033215,-0.08652958604942954,0.09473366793901404,,,UNADJUSTED_POINTWISE,CASE,R4_REACHER_S3_S3_MARGIN_AND_RESOURCE_TABLE,39cd52919c02458beb08604f8a57e78307168cd44e8c5920743505715202e48d,,,,R3_ORIGINAL,,,,,,
LEARNING_POLICIES_ALL100,,,reacher,anytime_executed_task_margin,REFIT_103203,0.9016061565490929,100,100,0.8182665156013758,0.9929505925815144,100,H0,0.04760247229246627,-0.043610828745336574,0.14265588140152172,,,UNADJUSTED_POINTWISE,CASE,R4_REACHER_S3_S3_MARGIN_AND_RESOURCE_TABLE,39cd52919c02458beb08604f8a57e78307168cd44e8c5920743505715202e48d,,,,R3_ORIGINAL,,,,,,
LEARNING_POLICIES_ALL100,,,reacher,anytime_executed_task_margin,FIXED3_REFIT_MEAN_NOT_ENSEMBLE,0.8821215846838332,100,100,0.835338513402632,0.934063902483529,100,H0,0.02811790042720669,-0.04769424893488316,0.09983394066793305,,,UNADJUSTED_POINTWISE,CASE,R4_REACHER_S3_S3_MARGIN_AND_RESOURCE_TABLE,39cd52919c02458beb08604f8a57e78307168cd44e8c5920743505715202e48d,,,,R3_ORIGINAL,,,,,,
FIXED20_POLICY_INTERVENTION,,,reacher,anytime_executed_task_margin,H0,0.9197164201920967,20,20,0.718388094603677,1.1859228831005109,20,H0,0.0,0.0,0.0,,,UNADJUSTED_POINTWISE,CASE,R4_REACHER_S3_S3_MARGIN_AND_RESOURCE_TABLE,39cd52919c02458beb08604f8a57e78307168cd44e8c5920743505715202e48d,,,,R3_ORIGINAL,H0_MENU_RERANK - H0,,,,,
FIXED20_POLICY_INTERVENTION,,,reacher,anytime_executed_task_margin,H0_MENU_RERANK,0.953447646362984,20,20,0.7680560984573338,1.2077711814628214,20,H0,0.03373122617088742,-0.02715193768024715,0.12910084848193837,,,UNADJUSTED_POINTWISE,CASE,R4_REACHER_S3_S3_MARGIN_AND_RESOURCE_TABLE,39cd52919c02458beb08604f8a57e78307168cd44e8c5920743505715202e48d,,,,R3_ORIGINAL,H0_MENU_RERANK - H0,,,,,
FIXED20_POLICY_INTERVENTION,,,reacher,anytime_executed_task_margin,H0_MENU_RERANK,,0,20,,,0,H0_MENU_RERANK,,,,,,UNADJUSTED_POINTWISE,CASE,R4_REACHER_S3_S3_MARGIN_AND_RESOURCE_TABLE,39cd52919c02458beb08604f8a57e78307168cd44e8c5920743505715202e48d,,,,R3_ORIGINAL,SIM_LAT_RERANK - H0_MENU_RERANK,,,,,
FIXED20_POLICY_INTERVENTION,,,reacher,anytime_executed_task_margin,SIM_LAT_RERANK,,0,20,,,0,H0_MENU_RERANK,,,,,,UNADJUSTED_POINTWISE,CASE,R4_REACHER_S3_S3_MARGIN_AND_RESOURCE_TABLE,39cd52919c02458beb08604f8a57e78307168cd44e8c5920743505715202e48d,,,,R3_ORIGINAL,SIM_LAT_RERANK - H0_MENU_RERANK,,,,,
FIXED20_POLICY_INTERVENTION,,,reacher,anytime_executed_task_margin,SIM_LAT_RERANK,,0,20,,,0,SIM_LAT_RERANK,,,,,,UNADJUSTED_POINTWISE,CASE,R4_REACHER_S3_S3_MARGIN_AND_RESOURCE_TABLE,39cd52919c02458beb08604f8a57e78307168cd44e8c5920743505715202e48d,,,,R3_ORIGINAL,SIM_TASK_RERANK - SIM_LAT_RERANK,,,,,
FIXED20_POLICY_INTERVENTION,,,reacher,anytime_executed_task_margin,SIM_TASK_RERANK,,0,20,,,0,SIM_LAT_RERANK,,,,,,UNADJUSTED_POINTWISE,CASE,R4_REACHER_S3_S3_MARGIN_AND_RESOURCE_TABLE,39cd52919c02458beb08604f8a57e78307168cd44e8c5920743505715202e48d,,,,R3_ORIGINAL,SIM_TASK_RERANK - SIM_LAT_RERANK,,,,,
LEARNING_POLICIES_ALL100,,,reacher,executed_raw_steps,H0,31.59,100,100,29.10975,34.060249999999996,100,H0,0.0,0.0,0.0,,,UNADJUSTED_POINTWISE,CASE,R4_REACHER_S3_S3_MARGIN_AND_RESOURCE_TABLE,39cd52919c02458beb08604f8a57e78307168cd44e8c5920743505715202e48d,,,,R3_ORIGINAL,,,,,,
LEARNING_POLICIES_ALL100,,,reacher,executed_raw_steps,REFIT_103201,32.05,100,100,29.53,34.71,100,H0,0.46,-2.38,3.32,,,UNADJUSTED_POINTWISE,CASE,R4_REACHER_S3_S3_MARGIN_AND_RESOURCE_TABLE,39cd52919c02458beb08604f8a57e78307168cd44e8c5920743505715202e48d,,,,R3_ORIGINAL,,,,,,
LEARNING_POLICIES_ALL100,,,reacher,executed_raw_steps,REFIT_103202,31.65,100,100,29.129749999999998,34.11024999999999,100,H0,0.06,-2.29,2.42,,,UNADJUSTED_POINTWISE,CASE,R4_REACHER_S3_S3_MARGIN_AND_RESOURCE_TABLE,39cd52919c02458beb08604f8a57e78307168cd44e8c5920743505715202e48d,,,,R3_ORIGINAL,,,,,,
LEARNING_POLICIES_ALL100,,,reacher,executed_raw_steps,REFIT_103203,32.58,100,100,29.92975,35.3405,100,H0,0.99,-2.16,4.210249999999997,,,UNADJUSTED_POINTWISE,CASE,R4_REACHER_S3_S3_MARGIN_AND_RESOURCE_TABLE,39cd52919c02458beb08604f8a57e78307168cd44e8c5920743505715202e48d,,,,R3_ORIGINAL,,,,,,
LEARNING_POLICIES_ALL100,,,reacher,executed_raw_steps,FIXED3_REFIT_MEAN_NOT_ENSEMBLE,32.093333333333334,100,100,29.903250000000003,34.30333333333333,100,H0,0.5033333333333335,-1.9299999999999997,2.9266666666666667,,,UNADJUSTED_POINTWISE,CASE,R4_REACHER_S3_S3_MARGIN_AND_RESOURCE_TABLE,39cd52919c02458beb08604f8a57e78307168cd44e8c5920743505715202e48d,,,,R3_ORIGINAL,,,,,,
FIXED20_POLICY_INTERVENTION,,,reacher,executed_raw_steps,H0,34.45,20,20,29.598750000000003,39.65124999999998,20,H0,0.0,0.0,0.0,,,UNADJUSTED_POINTWISE,CASE,R4_REACHER_S3_S3_MARGIN_AND_RESOURCE_TABLE,39cd52919c02458beb08604f8a57e78307168cd44e8c5920743505715202e48d,,,,R3_ORIGINAL,H0_MENU_RERANK - H0,,,,,
FIXED20_POLICY_INTERVENTION,,,reacher,executed_raw_steps,H0_MENU_RERANK,34.2,20,20,29.548750000000002,39.2,20,H0,-0.25,-1.4,0.5,,,UNADJUSTED_POINTWISE,CASE,R4_REACHER_S3_S3_MARGIN_AND_RESOURCE_TABLE,39cd52919c02458beb08604f8a57e78307168cd44e8c5920743505715202e48d,,,,R3_ORIGINAL,H0_MENU_RERANK - H0,,,,,
FIXED20_POLICY_INTERVENTION,,,reacher,executed_raw_steps,H0_MENU_RERANK,,0,20,,,0,H0_MENU_RERANK,,,,,,UNADJUSTED_POINTWISE,CASE,R4_REACHER_S3_S3_MARGIN_AND_RESOURCE_TABLE,39cd52919c02458beb08604f8a57e78307168cd44e8c5920743505715202e48d,,,,R3_ORIGINAL,SIM_LAT_RERANK - H0_MENU_RERANK,,,,,
FIXED20_POLICY_INTERVENTION,,,reacher,executed_raw_steps,SIM_LAT_RERANK,,0,20,,,0,H0_MENU_RERANK,,,,,,UNADJUSTED_POINTWISE,CASE,R4_REACHER_S3_S3_MARGIN_AND_RESOURCE_TABLE,39cd52919c02458beb08604f8a57e78307168cd44e8c5920743505715202e48d,,,,R3_ORIGINAL,SIM_LAT_RERANK - H0_MENU_RERANK,,,,,
FIXED20_POLICY_INTERVENTION,,,reacher,executed_raw_steps,SIM_LAT_RERANK,,0,20,,,0,SIM_LAT_RERANK,,,,,,UNADJUSTED_POINTWISE,CASE,R4_REACHER_S3_S3_MARGIN_AND_RESOURCE_TABLE,39cd52919c02458beb08604f8a57e78307168cd44e8c5920743505715202e48d,,,,R3_ORIGINAL,SIM_TASK_RERANK - SIM_LAT_RERANK,,,,,
FIXED20_POLICY_INTERVENTION,,,reacher,executed_raw_steps,SIM_TASK_RERANK,,0,20,,,0,SIM_LAT_RERANK,,,,,,UNADJUSTED_POINTWISE,CASE,R4_REACHER_S3_S3_MARGIN_AND_RESOURCE_TABLE,39cd52919c02458beb08604f8a57e78307168cd44e8c5920743505715202e48d,,,,R3_ORIGINAL,SIM_TASK_RERANK - SIM_LAT_RERANK,,,,,
LEARNING_POLICIES_ALL100,,,reacher,replan_calls,H0,1.48,100,100,1.38,1.58,100,H0,0.0,0.0,0.0,,,UNADJUSTED_POINTWISE,CASE,R4_REACHER_S3_S3_MARGIN_AND_RESOURCE_TABLE,39cd52919c02458beb08604f8a57e78307168cd44e8c5920743505715202e48d,,,,R3_ORIGINAL,,,,,,
LEARNING_POLICIES_ALL100,,,reacher,replan_calls,REFIT_103201,1.57,100,100,1.47,1.67,100,H0,0.09,0.0,0.19,,,UNADJUSTED_POINTWISE,CASE,R4_REACHER_S3_S3_MARGIN_AND_RESOURCE_TABLE,39cd52919c02458beb08604f8a57e78307168cd44e8c5920743505715202e48d,,,,R3_ORIGINAL,,,,,,
LEARNING_POLICIES_ALL100,,,reacher,replan_calls,REFIT_103202,1.53,100,100,1.43,1.63,100,H0,0.05,-0.04,0.14,,,UNADJUSTED_POINTWISE,CASE,R4_REACHER_S3_S3_MARGIN_AND_RESOURCE_TABLE,39cd52919c02458beb08604f8a57e78307168cd44e8c5920743505715202e48d,,,,R3_ORIGINAL,,,,,,
LEARNING_POLICIES_ALL100,,,reacher,replan_calls,REFIT_103203,1.54,100,100,1.44,1.64,100,H0,0.06,-0.04,0.16,,,UNADJUSTED_POINTWISE,CASE,R4_REACHER_S3_S3_MARGIN_AND_RESOURCE_TABLE,39cd52919c02458beb08604f8a57e78307168cd44e8c5920743505715202e48d,,,,R3_ORIGINAL,,,,,,
LEARNING_POLICIES_ALL100,,,reacher,replan_calls,FIXED3_REFIT_MEAN_NOT_ENSEMBLE,1.5466666666666666,100,100,1.46,1.633333333333333,100,H0,0.06666666666666667,-0.01666666666666667,0.15008333333333215,,,UNADJUSTED_POINTWISE,CASE,R4_REACHER_S3_S3_MARGIN_AND_RESOURCE_TABLE,39cd52919c02458beb08604f8a57e78307168cd44e8c5920743505715202e48d,,,,R3_ORIGINAL,,,,,,
FIXED20_POLICY_INTERVENTION,,,reacher,replan_calls,H0,1.55,20,20,1.35,1.75,20,H0,0.0,0.0,0.0,,,UNADJUSTED_POINTWISE,CASE,R4_REACHER_S3_S3_MARGIN_AND_RESOURCE_TABLE,39cd52919c02458beb08604f8a57e78307168cd44e8c5920743505715202e48d,,,,R3_ORIGINAL,H0_MENU_RERANK - H0,,,,,
FIXED20_POLICY_INTERVENTION,,,reacher,replan_calls,H0_MENU_RERANK,1.55,20,20,1.35,1.75,20,H0,0.0,0.0,0.0,,,UNADJUSTED_POINTWISE,CASE,R4_REACHER_S3_S3_MARGIN_AND_RESOURCE_TABLE,39cd52919c02458beb08604f8a57e78307168cd44e8c5920743505715202e48d,,,,R3_ORIGINAL,H0_MENU_RERANK - H0,,,,,
FIXED20_POLICY_INTERVENTION,,,reacher,replan_calls,H0_MENU_RERANK,,0,20,,,0,H0_MENU_RERANK,,,,,,UNADJUSTED_POINTWISE,CASE,R4_REACHER_S3_S3_MARGIN_AND_RESOURCE_TABLE,39cd52919c02458beb08604f8a57e78307168cd44e8c5920743505715202e48d,,,,R3_ORIGINAL,SIM_LAT_RERANK - H0_MENU_RERANK,,,,,
FIXED20_POLICY_INTERVENTION,,,reacher,replan_calls,SIM_LAT_RERANK,,0,20,,,0,H0_MENU_RERANK,,,,,,UNADJUSTED_POINTWISE,CASE,R4_REACHER_S3_S3_MARGIN_AND_RESOURCE_TABLE,39cd52919c02458beb08604f8a57e78307168cd44e8c5920743505715202e48d,,,,R3_ORIGINAL,SIM_LAT_RERANK - H0_MENU_RERANK,,,,,
FIXED20_POLICY_INTERVENTION,,,reacher,replan_calls,SIM_LAT_RERANK,,0,20,,,0,SIM_LAT_RERANK,,,,,,UNADJUSTED_POINTWISE,CASE,R4_REACHER_S3_S3_MARGIN_AND_RESOURCE_TABLE,39cd52919c02458beb08604f8a57e78307168cd44e8c5920743505715202e48d,,,,R3_ORIGINAL,SIM_TASK_RERANK - SIM_LAT_RERANK,,,,,
FIXED20_POLICY_INTERVENTION,,,reacher,replan_calls,SIM_TASK_RERANK,,0,20,,,0,SIM_LAT_RERANK,,,,,,UNADJUSTED_POINTWISE,CASE,R4_REACHER_S3_S3_MARGIN_AND_RESOURCE_TABLE,39cd52919c02458beb08604f8a57e78307168cd44e8c5920743505715202e48d,,,,R3_ORIGINAL,SIM_TASK_RERANK - SIM_LAT_RERANK,,,,,
LEARNING_POLICIES_ALL100,,,reacher,wall_seconds,H0,3.186075844778097,100,100,2.989903903352351,3.3854122092860344,100,H0,0.0,0.0,0.0,,,UNADJUSTED_POINTWISE,CASE,R4_REACHER_S3_S3_MARGIN_AND_RESOURCE_TABLE,39cd52919c02458beb08604f8a57e78307168cd44e8c5920743505715202e48d,,,,R3_ORIGINAL,,,,,,
LEARNING_POLICIES_ALL100,,,reacher,wall_seconds,REFIT_103201,3.3296351186875834,100,100,3.144543393057829,3.514116953725541,100,H0,0.14355927390948636,-0.042811082860054736,0.33311399600347064,,,UNADJUSTED_POINTWISE,CASE,R4_REACHER_S3_S3_MARGIN_AND_RESOURCE_TABLE,39cd52919c02458beb08604f8a57e78307168cd44e8c5920743505715202e48d,,,,R3_ORIGINAL,,,,,,
LEARNING_POLICIES_ALL100,,,reacher,wall_seconds,REFIT_103202,3.282312904969731,100,100,3.0911952967373435,3.4711253607038812,100,H0,0.09623706019163364,-0.08555414286402083,0.2848230439138206,,,UNADJUSTED_POINTWISE,CASE,R4_REACHER_S3_S3_MARGIN_AND_RESOURCE_TABLE,39cd52919c02458beb08604f8a57e78307168cd44e8c5920743505715202e48d,,,,R3_ORIGINAL,,,,,,
LEARNING_POLICIES_ALL100,,,reacher,wall_seconds,REFIT_103203,3.301061505279504,100,100,3.1114306419472633,3.4914661847286914,100,H0,0.11498566050140653,-0.10372683996043633,0.337712036507757,,,UNADJUSTED_POINTWISE,CASE,R4_REACHER_S3_S3_MARGIN_AND_RESOURCE_TABLE,39cd52919c02458beb08604f8a57e78307168cd44e8c5920743505715202e48d,,,,R3_ORIGINAL,,,,,,
LEARNING_POLICIES_ALL100,,,reacher,wall_seconds,FIXED3_REFIT_MEAN_NOT_ENSEMBLE,3.3043365096456063,100,100,3.138141464781768,3.4663961106918437,100,H0,0.11826066486750882,-0.05740622696739108,0.29632615625118325,,,UNADJUSTED_POINTWISE,CASE,R4_REACHER_S3_S3_MARGIN_AND_RESOURCE_TABLE,39cd52919c02458beb08604f8a57e78307168cd44e8c5920743505715202e48d,,,,R3_ORIGINAL,,,,,,
FIXED20_POLICY_INTERVENTION,,,reacher,wall_seconds,H0,3.3067396307975288,20,20,2.9033956410628887,3.7224742299984066,20,H0,0.0,0.0,0.0,,,UNADJUSTED_POINTWISE,CASE,R4_REACHER_S3_S3_MARGIN_AND_RESOURCE_TABLE,39cd52919c02458beb08604f8a57e78307168cd44e8c5920743505715202e48d,,,,R3_ORIGINAL,H0_MENU_RERANK - H0,,,,,
FIXED20_POLICY_INTERVENTION,,,reacher,wall_seconds,H0_MENU_RERANK,3.6514855283050567,20,20,3.1403495462159845,4.210339010059761,20,H0,0.3447458975075278,0.02796995245636936,0.7720833115833374,,,UNADJUSTED_POINTWISE,CASE,R4_REACHER_S3_S3_MARGIN_AND_RESOURCE_TABLE,39cd52919c02458beb08604f8a57e78307168cd44e8c5920743505715202e48d,,,,R3_ORIGINAL,H0_MENU_RERANK - H0,,,,,
FIXED20_POLICY_INTERVENTION,,,reacher,wall_seconds,H0_MENU_RERANK,,0,20,,,0,H0_MENU_RERANK,,,,,,UNADJUSTED_POINTWISE,CASE,R4_REACHER_S3_S3_MARGIN_AND_RESOURCE_TABLE,39cd52919c02458beb08604f8a57e78307168cd44e8c5920743505715202e48d,,,,R3_ORIGINAL,SIM_LAT_RERANK - H0_MENU_RERANK,,,,,
FIXED20_POLICY_INTERVENTION,,,reacher,wall_seconds,SIM_LAT_RERANK,,0,20,,,0,H0_MENU_RERANK,,,,,,UNADJUSTED_POINTWISE,CASE,R4_REACHER_S3_S3_MARGIN_AND_RESOURCE_TABLE,39cd52919c02458beb08604f8a57e78307168cd44e8c5920743505715202e48d,,,,R3_ORIGINAL,SIM_LAT_RERANK - H0_MENU_RERANK,,,,,
FIXED20_POLICY_INTERVENTION,,,reacher,wall_seconds,SIM_LAT_RERANK,,0,20,,,0,SIM_LAT_RERANK,,,,,,UNADJUSTED_POINTWISE,CASE,R4_REACHER_S3_S3_MARGIN_AND_RESOURCE_TABLE,39cd52919c02458beb08604f8a57e78307168cd44e8c5920743505715202e48d,,,,R3_ORIGINAL,SIM_TASK_RERANK - SIM_LAT_RERANK,,,,,
FIXED20_POLICY_INTERVENTION,,,reacher,wall_seconds,SIM_TASK_RERANK,,0,20,,,0,SIM_LAT_RERANK,,,,,,UNADJUSTED_POINTWISE,CASE,R4_REACHER_S3_S3_MARGIN_AND_RESOURCE_TABLE,39cd52919c02458beb08604f8a57e78307168cd44e8c5920743505715202e48d,,,,R3_ORIGINAL,SIM_TASK_RERANK - SIM_LAT_RERANK,,,,,
LEARNING_POLICIES_ALL100,,,reacher,branch_count,H0,0.0,100,100,0.0,0.0,100,H0,0.0,0.0,0.0,,,UNADJUSTED_POINTWISE,CASE,R4_REACHER_S3_S3_MARGIN_AND_RESOURCE_TABLE,39cd52919c02458beb08604f8a57e78307168cd44e8c5920743505715202e48d,,,,R3_ORIGINAL,,,,,,
LEARNING_POLICIES_ALL100,,,reacher,branch_count,REFIT_103201,0.0,100,100,0.0,0.0,100,H0,0.0,0.0,0.0,,,UNADJUSTED_POINTWISE,CASE,R4_REACHER_S3_S3_MARGIN_AND_RESOURCE_TABLE,39cd52919c02458beb08604f8a57e78307168cd44e8c5920743505715202e48d,,,,R3_ORIGINAL,,,,,,
LEARNING_POLICIES_ALL100,,,reacher,branch_count,REFIT_103202,0.0,100,100,0.0,0.0,100,H0,0.0,0.0,0.0,,,UNADJUSTED_POINTWISE,CASE,R4_REACHER_S3_S3_MARGIN_AND_RESOURCE_TABLE,39cd52919c02458beb08604f8a57e78307168cd44e8c5920743505715202e48d,,,,R3_ORIGINAL,,,,,,
LEARNING_POLICIES_ALL100,,,reacher,branch_count,REFIT_103203,0.0,100,100,0.0,0.0,100,H0,0.0,0.0,0.0,,,UNADJUSTED_POINTWISE,CASE,R4_REACHER_S3_S3_MARGIN_AND_RESOURCE_TABLE,39cd52919c02458beb08604f8a57e78307168cd44e8c5920743505715202e48d,,,,R3_ORIGINAL,,,,,,
LEARNING_POLICIES_ALL100,,,reacher,branch_count,FIXED3_REFIT_MEAN_NOT_ENSEMBLE,0.0,100,100,0.0,0.0,100,H0,0.0,0.0,0.0,,,UNADJUSTED_POINTWISE,CASE,R4_REACHER_S3_S3_MARGIN_AND_RESOURCE_TABLE,39cd52919c02458beb08604f8a57e78307168cd44e8c5920743505715202e48d,,,,R3_ORIGINAL,,,,,,
FIXED20_POLICY_INTERVENTION,,,reacher,branch_count,H0,0.0,20,20,0.0,0.0,20,H0,0.0,0.0,0.0,,,UNADJUSTED_POINTWISE,CASE,R4_REACHER_S3_S3_MARGIN_AND_RESOURCE_TABLE,39cd52919c02458beb08604f8a57e78307168cd44e8c5920743505715202e48d,,,,R3_ORIGINAL,H0_MENU_RERANK - H0,,,,,
FIXED20_POLICY_INTERVENTION,,,reacher,branch_count,H0_MENU_RERANK,0.0,20,20,0.0,0.0,20,H0,0.0,0.0,0.0,,,UNADJUSTED_POINTWISE,CASE,R4_REACHER_S3_S3_MARGIN_AND_RESOURCE_TABLE,39cd52919c02458beb08604f8a57e78307168cd44e8c5920743505715202e48d,,,,R3_ORIGINAL,H0_MENU_RERANK - H0,,,,,
FIXED20_POLICY_INTERVENTION,,,reacher,branch_count,H0_MENU_RERANK,,0,20,,,0,H0_MENU_RERANK,,,,,,UNADJUSTED_POINTWISE,CASE,R4_REACHER_S3_S3_MARGIN_AND_RESOURCE_TABLE,39cd52919c02458beb08604f8a57e78307168cd44e8c5920743505715202e48d,,,,R3_ORIGINAL,SIM_LAT_RERANK - H0_MENU_RERANK,,,,,
FIXED20_POLICY_INTERVENTION,,,reacher,branch_count,SIM_LAT_RERANK,,0,20,,,0,H0_MENU_RERANK,,,,,,UNADJUSTED_POINTWISE,CASE,R4_REACHER_S3_S3_MARGIN_AND_RESOURCE_TABLE,39cd52919c02458beb08604f8a57e78307168cd44e8c5920743505715202e48d,,,,R3_ORIGINAL,SIM_LAT_RERANK - H0_MENU_RERANK,,,,,
FIXED20_POLICY_INTERVENTION,,,reacher,branch_count,SIM_LAT_RERANK,,0,20,,,0,SIM_LAT_RERANK,,,,,,UNADJUSTED_POINTWISE,CASE,R4_REACHER_S3_S3_MARGIN_AND_RESOURCE_TABLE,39cd52919c02458beb08604f8a57e78307168cd44e8c5920743505715202e48d,,,,R3_ORIGINAL,SIM_TASK_RERANK - SIM_LAT_RERANK,,,,,
FIXED20_POLICY_INTERVENTION,,,reacher,branch_count,SIM_TASK_RERANK,,0,20,,,0,SIM_LAT_RERANK,,,,,,UNADJUSTED_POINTWISE,CASE,R4_REACHER_S3_S3_MARGIN_AND_RESOURCE_TABLE,39cd52919c02458beb08604f8a57e78307168cd44e8c5920743505715202e48d,,,,R3_ORIGINAL,SIM_TASK_RERANK - SIM_LAT_RERANK,,,,,
LEARNING_POLICIES_ALL100,,,reacher,branch_raw_steps,H0,0.0,100,100,0.0,0.0,100,H0,0.0,0.0,0.0,,,UNADJUSTED_POINTWISE,CASE,R4_REACHER_S3_S3_MARGIN_AND_RESOURCE_TABLE,39cd52919c02458beb08604f8a57e78307168cd44e8c5920743505715202e48d,,,,R3_ORIGINAL,,,,,,
LEARNING_POLICIES_ALL100,,,reacher,branch_raw_steps,REFIT_103201,0.0,100,100,0.0,0.0,100,H0,0.0,0.0,0.0,,,UNADJUSTED_POINTWISE,CASE,R4_REACHER_S3_S3_MARGIN_AND_RESOURCE_TABLE,39cd52919c02458beb08604f8a57e78307168cd44e8c5920743505715202e48d,,,,R3_ORIGINAL,,,,,,
LEARNING_POLICIES_ALL100,,,reacher,branch_raw_steps,REFIT_103202,0.0,100,100,0.0,0.0,100,H0,0.0,0.0,0.0,,,UNADJUSTED_POINTWISE,CASE,R4_REACHER_S3_S3_MARGIN_AND_RESOURCE_TABLE,39cd52919c02458beb08604f8a57e78307168cd44e8c5920743505715202e48d,,,,R3_ORIGINAL,,,,,,
LEARNING_POLICIES_ALL100,,,reacher,branch_raw_steps,REFIT_103203,0.0,100,100,0.0,0.0,100,H0,0.0,0.0,0.0,,,UNADJUSTED_POINTWISE,CASE,R4_REACHER_S3_S3_MARGIN_AND_RESOURCE_TABLE,39cd52919c02458beb08604f8a57e78307168cd44e8c5920743505715202e48d,,,,R3_ORIGINAL,,,,,,
LEARNING_POLICIES_ALL100,,,reacher,branch_raw_steps,FIXED3_REFIT_MEAN_NOT_ENSEMBLE,0.0,100,100,0.0,0.0,100,H0,0.0,0.0,0.0,,,UNADJUSTED_POINTWISE,CASE,R4_REACHER_S3_S3_MARGIN_AND_RESOURCE_TABLE,39cd52919c02458beb08604f8a57e78307168cd44e8c5920743505715202e48d,,,,R3_ORIGINAL,,,,,,
FIXED20_POLICY_INTERVENTION,,,reacher,branch_raw_steps,H0,0.0,20,20,0.0,0.0,20,H0,0.0,0.0,0.0,,,UNADJUSTED_POINTWISE,CASE,R4_REACHER_S3_S3_MARGIN_AND_RESOURCE_TABLE,39cd52919c02458beb08604f8a57e78307168cd44e8c5920743505715202e48d,,,,R3_ORIGINAL,H0_MENU_RERANK - H0,,,,,
FIXED20_POLICY_INTERVENTION,,,reacher,branch_raw_steps,H0_MENU_RERANK,0.0,20,20,0.0,0.0,20,H0,0.0,0.0,0.0,,,UNADJUSTED_POINTWISE,CASE,R4_REACHER_S3_S3_MARGIN_AND_RESOURCE_TABLE,39cd52919c02458beb08604f8a57e78307168cd44e8c5920743505715202e48d,,,,R3_ORIGINAL,H0_MENU_RERANK - H0,,,,,
FIXED20_POLICY_INTERVENTION,,,reacher,branch_raw_steps,H0_MENU_RERANK,,0,20,,,0,H0_MENU_RERANK,,,,,,UNADJUSTED_POINTWISE,CASE,R4_REACHER_S3_S3_MARGIN_AND_RESOURCE_TABLE,39cd52919c02458beb08604f8a57e78307168cd44e8c5920743505715202e48d,,,,R3_ORIGINAL,SIM_LAT_RERANK - H0_MENU_RERANK,,,,,
FIXED20_POLICY_INTERVENTION,,,reacher,branch_raw_steps,SIM_LAT_RERANK,,0,20,,,0,H0_MENU_RERANK,,,,,,UNADJUSTED_POINTWISE,CASE,R4_REACHER_S3_S3_MARGIN_AND_RESOURCE_TABLE,39cd52919c02458beb08604f8a57e78307168cd44e8c5920743505715202e48d,,,,R3_ORIGINAL,SIM_LAT_RERANK - H0_MENU_RERANK,,,,,
FIXED20_POLICY_INTERVENTION,,,reacher,branch_raw_steps,SIM_LAT_RERANK,,0,20,,,0,SIM_LAT_RERANK,,,,,,UNADJUSTED_POINTWISE,CASE,R4_REACHER_S3_S3_MARGIN_AND_RESOURCE_TABLE,39cd52919c02458beb08604f8a57e78307168cd44e8c5920743505715202e48d,,,,R3_ORIGINAL,SIM_TASK_RERANK - SIM_LAT_RERANK,,,,,
FIXED20_POLICY_INTERVENTION,,,reacher,branch_raw_steps,SIM_TASK_RERANK,,0,20,,,0,SIM_LAT_RERANK,,,,,,UNADJUSTED_POINTWISE,CASE,R4_REACHER_S3_S3_MARGIN_AND_RESOURCE_TABLE,39cd52919c02458beb08604f8a57e78307168cd44e8c5920743505715202e48d,,,,R3_ORIGINAL,SIM_TASK_RERANK - SIM_LAT_RERANK,,,,,
LEARNING_POLICIES_ALL100,,,reacher,branch_seconds,H0,0.0,100,100,0.0,0.0,100,H0,0.0,0.0,0.0,,,UNADJUSTED_POINTWISE,CASE,R4_REACHER_S3_S3_MARGIN_AND_RESOURCE_TABLE,39cd52919c02458beb08604f8a57e78307168cd44e8c5920743505715202e48d,,,,R3_ORIGINAL,,,,,,
LEARNING_POLICIES_ALL100,,,reacher,branch_seconds,REFIT_103201,0.0,100,100,0.0,0.0,100,H0,0.0,0.0,0.0,,,UNADJUSTED_POINTWISE,CASE,R4_REACHER_S3_S3_MARGIN_AND_RESOURCE_TABLE,39cd52919c02458beb08604f8a57e78307168cd44e8c5920743505715202e48d,,,,R3_ORIGINAL,,,,,,
LEARNING_POLICIES_ALL100,,,reacher,branch_seconds,REFIT_103202,0.0,100,100,0.0,0.0,100,H0,0.0,0.0,0.0,,,UNADJUSTED_POINTWISE,CASE,R4_REACHER_S3_S3_MARGIN_AND_RESOURCE_TABLE,39cd52919c02458beb08604f8a57e78307168cd44e8c5920743505715202e48d,,,,R3_ORIGINAL,,,,,,
LEARNING_POLICIES_ALL100,,,reacher,branch_seconds,REFIT_103203,0.0,100,100,0.0,0.0,100,H0,0.0,0.0,0.0,,,UNADJUSTED_POINTWISE,CASE,R4_REACHER_S3_S3_MARGIN_AND_RESOURCE_TABLE,39cd52919c02458beb08604f8a57e78307168cd44e8c5920743505715202e48d,,,,R3_ORIGINAL,,,,,,
LEARNING_POLICIES_ALL100,,,reacher,branch_seconds,FIXED3_REFIT_MEAN_NOT_ENSEMBLE,0.0,100,100,0.0,0.0,100,H0,0.0,0.0,0.0,,,UNADJUSTED_POINTWISE,CASE,R4_REACHER_S3_S3_MARGIN_AND_RESOURCE_TABLE,39cd52919c02458beb08604f8a57e78307168cd44e8c5920743505715202e48d,,,,R3_ORIGINAL,,,,,,
FIXED20_POLICY_INTERVENTION,,,reacher,branch_seconds,H0,0.0,20,20,0.0,0.0,20,H0,0.0,0.0,0.0,,,UNADJUSTED_POINTWISE,CASE,R4_REACHER_S3_S3_MARGIN_AND_RESOURCE_TABLE,39cd52919c02458beb08604f8a57e78307168cd44e8c5920743505715202e48d,,,,R3_ORIGINAL,H0_MENU_RERANK - H0,,,,,
FIXED20_POLICY_INTERVENTION,,,reacher,branch_seconds,H0_MENU_RERANK,0.0,20,20,0.0,0.0,20,H0,0.0,0.0,0.0,,,UNADJUSTED_POINTWISE,CASE,R4_REACHER_S3_S3_MARGIN_AND_RESOURCE_TABLE,39cd52919c02458beb08604f8a57e78307168cd44e8c5920743505715202e48d,,,,R3_ORIGINAL,H0_MENU_RERANK - H0,,,,,
FIXED20_POLICY_INTERVENTION,,,reacher,branch_seconds,H0_MENU_RERANK,,0,20,,,0,H0_MENU_RERANK,,,,,,UNADJUSTED_POINTWISE,CASE,R4_REACHER_S3_S3_MARGIN_AND_RESOURCE_TABLE,39cd52919c02458beb08604f8a57e78307168cd44e8c5920743505715202e48d,,,,R3_ORIGINAL,SIM_LAT_RERANK - H0_MENU_RERANK,,,,,
FIXED20_POLICY_INTERVENTION,,,reacher,branch_seconds,SIM_LAT_RERANK,,0,20,,,0,H0_MENU_RERANK,,,,,,UNADJUSTED_POINTWISE,CASE,R4_REACHER_S3_S3_MARGIN_AND_RESOURCE_TABLE,39cd52919c02458beb08604f8a57e78307168cd44e8c5920743505715202e48d,,,,R3_ORIGINAL,SIM_LAT_RERANK - H0_MENU_RERANK,,,,,
FIXED20_POLICY_INTERVENTION,,,reacher,branch_seconds,SIM_LAT_RERANK,,0,20,,,0,SIM_LAT_RERANK,,,,,,UNADJUSTED_POINTWISE,CASE,R4_REACHER_S3_S3_MARGIN_AND_RESOURCE_TABLE,39cd52919c02458beb08604f8a57e78307168cd44e8c5920743505715202e48d,,,,R3_ORIGINAL,SIM_TASK_RERANK - SIM_LAT_RERANK,,,,,
FIXED20_POLICY_INTERVENTION,,,reacher,branch_seconds,SIM_TASK_RERANK,,0,20,,,0,SIM_LAT_RERANK,,,,,,UNADJUSTED_POINTWISE,CASE,R4_REACHER_S3_S3_MARGIN_AND_RESOURCE_TABLE,39cd52919c02458beb08604f8a57e78307168cd44e8c5920743505715202e48d,,,,R3_ORIGINAL,SIM_TASK_RERANK - SIM_LAT_RERANK,,,,,
LEARNING_POLICIES_ALL100,,,reacher,terminal_task_margin,H0,1.2025050435917537,100,100,1.047902528773309,1.3711479030534988,100,H0,0.0,0.0,0.0,,,UNADJUSTED_POINTWISE,CASE,R4_REACHER_S3_S3_MARGIN_AND_RESOURCE_TABLE,39cd52919c02458beb08604f8a57e78307168cd44e8c5920743505715202e48d,,,,R4_ALT_CEM_1,,,,,,
LEARNING_POLICIES_ALL100,,,reacher,terminal_task_margin,REFIT_103201,0.890215675152383,100,100,0.7815967109469354,1.029613678562888,100,H0,-0.3122893684393707,-0.4999430949999231,-0.12107633840034865,,,UNADJUSTED_POINTWISE,CASE,R4_REACHER_S3_S3_MARGIN_AND_RESOURCE_TABLE,39cd52919c02458beb08604f8a57e78307168cd44e8c5920743505715202e48d,,,,R4_ALT_CEM_1,,,,,,
LEARNING_POLICIES_ALL100,,,reacher,terminal_task_margin,REFIT_103202,1.1407675618095734,100,100,0.9915423865865027,1.3116286862018363,100,H0,-0.06173748178218028,-0.23319776522796412,0.11076763353108575,,,UNADJUSTED_POINTWISE,CASE,R4_REACHER_S3_S3_MARGIN_AND_RESOURCE_TABLE,39cd52919c02458beb08604f8a57e78307168cd44e8c5920743505715202e48d,,,,R4_ALT_CEM_1,,,,,,
LEARNING_POLICIES_ALL100,,,reacher,terminal_task_margin,REFIT_103203,0.9467238500222059,100,100,0.861819290384772,1.0386375099764127,100,H0,-0.2557811935695478,-0.4365902023859062,-0.09079626140141024,,,UNADJUSTED_POINTWISE,CASE,R4_REACHER_S3_S3_MARGIN_AND_RESOURCE_TABLE,39cd52919c02458beb08604f8a57e78307168cd44e8c5920743505715202e48d,,,,R4_ALT_CEM_1,,,,,,
LEARNING_POLICIES_ALL100,,,reacher,terminal_task_margin,FIXED3_REFIT_MEAN_NOT_ENSEMBLE,0.9925690289947208,100,100,0.9094694286039451,1.0891644540376857,100,H0,-0.20993601459703293,-0.3664255149061212,-0.05753409131075914,,,UNADJUSTED_POINTWISE,CASE,R4_REACHER_S3_S3_MARGIN_AND_RESOURCE_TABLE,39cd52919c02458beb08604f8a57e78307168cd44e8c5920743505715202e48d,,,,R4_ALT_CEM_1,,,,,,
FIXED20_POLICY_INTERVENTION,,,reacher,terminal_task_margin,H0,1.47272929535271,20,20,1.0704661308339969,1.9653514026063639,20,H0,0.0,0.0,0.0,,,UNADJUSTED_POINTWISE,CASE,R4_REACHER_S3_S3_MARGIN_AND_RESOURCE_TABLE,39cd52919c02458beb08604f8a57e78307168cd44e8c5920743505715202e48d,,,,R4_ALT_CEM_1,H0_MENU_RERANK - H0,,,,,
FIXED20_POLICY_INTERVENTION,,,reacher,terminal_task_margin,H0_MENU_RERANK,1.5252152373778372,20,20,1.0649941689373226,2.071766307349768,20,H0,0.05248594202512691,-0.11519647273219946,0.2896283522627327,,,UNADJUSTED_POINTWISE,CASE,R4_REACHER_S3_S3_MARGIN_AND_RESOURCE_TABLE,39cd52919c02458beb08604f8a57e78307168cd44e8c5920743505715202e48d,,,,R4_ALT_CEM_1,H0_MENU_RERANK - H0,,,,,
FIXED20_POLICY_INTERVENTION,,,reacher,terminal_task_margin,H0_MENU_RERANK,,0,20,,,0,H0_MENU_RERANK,,,,,,UNADJUSTED_POINTWISE,CASE,R4_REACHER_S3_S3_MARGIN_AND_RESOURCE_TABLE,39cd52919c02458beb08604f8a57e78307168cd44e8c5920743505715202e48d,,,,R4_ALT_CEM_1,SIM_LAT_RERANK - H0_MENU_RERANK,,,,,
FIXED20_POLICY_INTERVENTION,,,reacher,terminal_task_margin,SIM_LAT_RERANK,,0,20,,,0,H0_MENU_RERANK,,,,,,UNADJUSTED_POINTWISE,CASE,R4_REACHER_S3_S3_MARGIN_AND_RESOURCE_TABLE,39cd52919c02458beb08604f8a57e78307168cd44e8c5920743505715202e48d,,,,R4_ALT_CEM_1,SIM_LAT_RERANK - H0_MENU_RERANK,,,,,
FIXED20_POLICY_INTERVENTION,,,reacher,terminal_task_margin,SIM_LAT_RERANK,,0,20,,,0,SIM_LAT_RERANK,,,,,,UNADJUSTED_POINTWISE,CASE,R4_REACHER_S3_S3_MARGIN_AND_RESOURCE_TABLE,39cd52919c02458beb08604f8a57e78307168cd44e8c5920743505715202e48d,,,,R4_ALT_CEM_1,SIM_TASK_RERANK - SIM_LAT_RERANK,,,,,
FIXED20_POLICY_INTERVENTION,,,reacher,terminal_task_margin,SIM_TASK_RERANK,,0,20,,,0,SIM_LAT_RERANK,,,,,,UNADJUSTED_POINTWISE,CASE,R4_REACHER_S3_S3_MARGIN_AND_RESOURCE_TABLE,39cd52919c02458beb08604f8a57e78307168cd44e8c5920743505715202e48d,,,,R4_ALT_CEM_1,SIM_TASK_RERANK - SIM_LAT_RERANK,,,,,
LEARNING_POLICIES_ALL100,,,reacher,anytime_executed_task_margin,H0,0.9972827926769783,100,100,0.9152536229647733,1.0875744891262003,100,H0,0.0,0.0,0.0,,,UNADJUSTED_POINTWISE,CASE,R4_REACHER_S3_S3_MARGIN_AND_RESOURCE_TABLE,39cd52919c02458beb08604f8a57e78307168cd44e8c5920743505715202e48d,,,,R4_ALT_CEM_1,,,,,,
LEARNING_POLICIES_ALL100,,,reacher,anytime_executed_task_margin,REFIT_103201,0.808094854674055,100,100,0.748307408508265,0.8738431230772143,100,H0,-0.18918793800292344,-0.28870806861044,-0.09752719908675372,,,UNADJUSTED_POINTWISE,CASE,R4_REACHER_S3_S3_MARGIN_AND_RESOURCE_TABLE,39cd52919c02458beb08604f8a57e78307168cd44e8c5920743505715202e48d,,,,R4_ALT_CEM_1,,,,,,
LEARNING_POLICIES_ALL100,,,reacher,anytime_executed_task_margin,REFIT_103202,0.9370223934289535,100,100,0.8630659876778857,1.0156939165965833,100,H0,-0.06026039924802468,-0.15735975265641278,0.03654892070324197,,,UNADJUSTED_POINTWISE,CASE,R4_REACHER_S3_S3_MARGIN_AND_RESOURCE_TABLE,39cd52919c02458beb08604f8a57e78307168cd44e8c5920743505715202e48d,,,,R4_ALT_CEM_1,,,,,,
LEARNING_POLICIES_ALL100,,,reacher,anytime_executed_task_margin,REFIT_103203,0.8784373967112263,100,100,0.8239534775081142,0.9347968317810855,100,H0,-0.11884539596575205,-0.2219294600049741,-0.024386273352418913,,,UNADJUSTED_POINTWISE,CASE,R4_REACHER_S3_S3_MARGIN_AND_RESOURCE_TABLE,39cd52919c02458beb08604f8a57e78307168cd44e8c5920743505715202e48d,,,,R4_ALT_CEM_1,,,,,,
LEARNING_POLICIES_ALL100,,,reacher,anytime_executed_task_margin,FIXED3_REFIT_MEAN_NOT_ENSEMBLE,0.874518214938078,100,100,0.831098151488472,0.9208330211563366,100,H0,-0.1227645777389001,-0.21086855100438004,-0.03887540552678251,,,UNADJUSTED_POINTWISE,CASE,R4_REACHER_S3_S3_MARGIN_AND_RESOURCE_TABLE,39cd52919c02458beb08604f8a57e78307168cd44e8c5920743505715202e48d,,,,R4_ALT_CEM_1,,,,,,
FIXED20_POLICY_INTERVENTION,,,reacher,anytime_executed_task_margin,H0,1.1377522713809118,20,20,0.9180025494514791,1.3839653305344648,20,H0,0.0,0.0,0.0,,,UNADJUSTED_POINTWISE,CASE,R4_REACHER_S3_S3_MARGIN_AND_RESOURCE_TABLE,39cd52919c02458beb08604f8a57e78307168cd44e8c5920743505715202e48d,,,,R4_ALT_CEM_1,H0_MENU_RERANK - H0,,,,,
FIXED20_POLICY_INTERVENTION,,,reacher,anytime_executed_task_margin,H0_MENU_RERANK,1.1175498970621842,20,20,0.8806440396254469,1.3832266007064553,20,H0,-0.020202374318727623,-0.1277236092670391,0.08044634820173746,,,UNADJUSTED_POINTWISE,CASE,R4_REACHER_S3_S3_MARGIN_AND_RESOURCE_TABLE,39cd52919c02458beb08604f8a57e78307168cd44e8c5920743505715202e48d,,,,R4_ALT_CEM_1,H0_MENU_RERANK - H0,,,,,
FIXED20_POLICY_INTERVENTION,,,reacher,anytime_executed_task_margin,H0_MENU_RERANK,,0,20,,,0,H0_MENU_RERANK,,,,,,UNADJUSTED_POINTWISE,CASE,R4_REACHER_S3_S3_MARGIN_AND_RESOURCE_TABLE,39cd52919c02458beb08604f8a57e78307168cd44e8c5920743505715202e48d,,,,R4_ALT_CEM_1,SIM_LAT_RERANK - H0_MENU_RERANK,,,,,
FIXED20_POLICY_INTERVENTION,,,reacher,anytime_executed_task_margin,SIM_LAT_RERANK,,0,20,,,0,H0_MENU_RERANK,,,,,,UNADJUSTED_POINTWISE,CASE,R4_REACHER_S3_S3_MARGIN_AND_RESOURCE_TABLE,39cd52919c02458beb08604f8a57e78307168cd44e8c5920743505715202e48d,,,,R4_ALT_CEM_1,SIM_LAT_RERANK - H0_MENU_RERANK,,,,,
FIXED20_POLICY_INTERVENTION,,,reacher,anytime_executed_task_margin,SIM_LAT_RERANK,,0,20,,,0,SIM_LAT_RERANK,,,,,,UNADJUSTED_POINTWISE,CASE,R4_REACHER_S3_S3_MARGIN_AND_RESOURCE_TABLE,39cd52919c02458beb08604f8a57e78307168cd44e8c5920743505715202e48d,,,,R4_ALT_CEM_1,SIM_TASK_RERANK - SIM_LAT_RERANK,,,,,
FIXED20_POLICY_INTERVENTION,,,reacher,anytime_executed_task_margin,SIM_TASK_RERANK,,0,20,,,0,SIM_LAT_RERANK,,,,,,UNADJUSTED_POINTWISE,CASE,R4_REACHER_S3_S3_MARGIN_AND_RESOURCE_TABLE,39cd52919c02458beb08604f8a57e78307168cd44e8c5920743505715202e48d,,,,R4_ALT_CEM_1,SIM_TASK_RERANK - SIM_LAT_RERANK,,,,,
LEARNING_POLICIES_ALL100,,,reacher,executed_raw_steps,H0,34.8,100,100,32.12,37.51049999999999,100,H0,0.0,0.0,0.0,,,UNADJUSTED_POINTWISE,CASE,R4_REACHER_S3_S3_MARGIN_AND_RESOURCE_TABLE,39cd52919c02458beb08604f8a57e78307168cd44e8c5920743505715202e48d,,,,R4_ALT_CEM_1,,,,,,
LEARNING_POLICIES_ALL100,,,reacher,executed_raw_steps,REFIT_103201,29.02,100,100,26.54975,31.480249999999998,100,H0,-5.78,-8.46,-3.11,,,UNADJUSTED_POINTWISE,CASE,R4_REACHER_S3_S3_MARGIN_AND_RESOURCE_TABLE,39cd52919c02458beb08604f8a57e78307168cd44e8c5920743505715202e48d,,,,R4_ALT_CEM_1,,,,,,
LEARNING_POLICIES_ALL100,,,reacher,executed_raw_steps,REFIT_103202,32.08,100,100,29.46,34.74,100,H0,-2.72,-5.730250000000001,0.16,,,UNADJUSTED_POINTWISE,CASE,R4_REACHER_S3_S3_MARGIN_AND_RESOURCE_TABLE,39cd52919c02458beb08604f8a57e78307168cd44e8c5920743505715202e48d,,,,R4_ALT_CEM_1,,,,,,
LEARNING_POLICIES_ALL100,,,reacher,executed_raw_steps,REFIT_103203,33.23,100,100,30.57,35.72,100,H0,-1.57,-4.29025,1.11,,,UNADJUSTED_POINTWISE,CASE,R4_REACHER_S3_S3_MARGIN_AND_RESOURCE_TABLE,39cd52919c02458beb08604f8a57e78307168cd44e8c5920743505715202e48d,,,,R4_ALT_CEM_1,,,,,,
LEARNING_POLICIES_ALL100,,,reacher,executed_raw_steps,FIXED3_REFIT_MEAN_NOT_ENSEMBLE,31.443333333333335,100,100,29.430000000000003,33.403333333333336,100,H0,-3.356666666666667,-5.716666666666668,-1.086666666666667,,,UNADJUSTED_POINTWISE,CASE,R4_REACHER_S3_S3_MARGIN_AND_RESOURCE_TABLE,39cd52919c02458beb08604f8a57e78307168cd44e8c5920743505715202e48d,,,,R4_ALT_CEM_1,,,,,,
FIXED20_POLICY_INTERVENTION,,,reacher,executed_raw_steps,H0,37.4,20,20,31.9,43.1,20,H0,0.0,0.0,0.0,,,UNADJUSTED_POINTWISE,CASE,R4_REACHER_S3_S3_MARGIN_AND_RESOURCE_TABLE,39cd52919c02458beb08604f8a57e78307168cd44e8c5920743505715202e48d,,,,R4_ALT_CEM_1,H0_MENU_RERANK - H0,,,,,
FIXED20_POLICY_INTERVENTION,,,reacher,executed_raw_steps,H0_MENU_RERANK,36.05,20,20,30.4,41.85,20,H0,-1.35,-4.7,0.55,,,UNADJUSTED_POINTWISE,CASE,R4_REACHER_S3_S3_MARGIN_AND_RESOURCE_TABLE,39cd52919c02458beb08604f8a57e78307168cd44e8c5920743505715202e48d,,,,R4_ALT_CEM_1,H0_MENU_RERANK - H0,,,,,
FIXED20_POLICY_INTERVENTION,,,reacher,executed_raw_steps,H0_MENU_RERANK,,0,20,,,0,H0_MENU_RERANK,,,,,,UNADJUSTED_POINTWISE,CASE,R4_REACHER_S3_S3_MARGIN_AND_RESOURCE_TABLE,39cd52919c02458beb08604f8a57e78307168cd44e8c5920743505715202e48d,,,,R4_ALT_CEM_1,SIM_LAT_RERANK - H0_MENU_RERANK,,,,,
FIXED20_POLICY_INTERVENTION,,,reacher,executed_raw_steps,SIM_LAT_RERANK,,0,20,,,0,H0_MENU_RERANK,,,,,,UNADJUSTED_POINTWISE,CASE,R4_REACHER_S3_S3_MARGIN_AND_RESOURCE_TABLE,39cd52919c02458beb08604f8a57e78307168cd44e8c5920743505715202e48d,,,,R4_ALT_CEM_1,SIM_LAT_RERANK - H0_MENU_RERANK,,,,,
FIXED20_POLICY_INTERVENTION,,,reacher,executed_raw_steps,SIM_LAT_RERANK,,0,20,,,0,SIM_LAT_RERANK,,,,,,UNADJUSTED_POINTWISE,CASE,R4_REACHER_S3_S3_MARGIN_AND_RESOURCE_TABLE,39cd52919c02458beb08604f8a57e78307168cd44e8c5920743505715202e48d,,,,R4_ALT_CEM_1,SIM_TASK_RERANK - SIM_LAT_RERANK,,,,,
FIXED20_POLICY_INTERVENTION,,,reacher,executed_raw_steps,SIM_TASK_RERANK,,0,20,,,0,SIM_LAT_RERANK,,,,,,UNADJUSTED_POINTWISE,CASE,R4_REACHER_S3_S3_MARGIN_AND_RESOURCE_TABLE,39cd52919c02458beb08604f8a57e78307168cd44e8c5920743505715202e48d,,,,R4_ALT_CEM_1,SIM_TASK_RERANK - SIM_LAT_RERANK,,,,,
LEARNING_POLICIES_ALL100,,,reacher,replan_calls,H0,1.61,100,100,1.51,1.71,100,H0,0.0,0.0,0.0,,,UNADJUSTED_POINTWISE,CASE,R4_REACHER_S3_S3_MARGIN_AND_RESOURCE_TABLE,39cd52919c02458beb08604f8a57e78307168cd44e8c5920743505715202e48d,,,,R4_ALT_CEM_1,,,,,,
LEARNING_POLICIES_ALL100,,,reacher,replan_calls,REFIT_103201,1.43,100,100,1.33,1.53,100,H0,-0.18,-0.28,-0.08,,,UNADJUSTED_POINTWISE,CASE,R4_REACHER_S3_S3_MARGIN_AND_RESOURCE_TABLE,39cd52919c02458beb08604f8a57e78307168cd44e8c5920743505715202e48d,,,,R4_ALT_CEM_1,,,,,,
LEARNING_POLICIES_ALL100,,,reacher,replan_calls,REFIT_103202,1.52,100,100,1.43,1.62,100,H0,-0.09,-0.19,0.02,,,UNADJUSTED_POINTWISE,CASE,R4_REACHER_S3_S3_MARGIN_AND_RESOURCE_TABLE,39cd52919c02458beb08604f8a57e78307168cd44e8c5920743505715202e48d,,,,R4_ALT_CEM_1,,,,,,
LEARNING_POLICIES_ALL100,,,reacher,replan_calls,REFIT_103203,1.55,100,100,1.45,1.6402499999999962,100,H0,-0.06,-0.16,0.04,,,UNADJUSTED_POINTWISE,CASE,R4_REACHER_S3_S3_MARGIN_AND_RESOURCE_TABLE,39cd52919c02458beb08604f8a57e78307168cd44e8c5920743505715202e48d,,,,R4_ALT_CEM_1,,,,,,
LEARNING_POLICIES_ALL100,,,reacher,replan_calls,FIXED3_REFIT_MEAN_NOT_ENSEMBLE,1.5,100,100,1.42,1.5766666666666669,100,H0,-0.10999999999999999,-0.19,-0.02666666666666666,,,UNADJUSTED_POINTWISE,CASE,R4_REACHER_S3_S3_MARGIN_AND_RESOURCE_TABLE,39cd52919c02458beb08604f8a57e78307168cd44e8c5920743505715202e48d,,,,R4_ALT_CEM_1,,,,,,
FIXED20_POLICY_INTERVENTION,,,reacher,replan_calls,H0,1.65,20,20,1.45,1.85,20,H0,0.0,0.0,0.0,,,UNADJUSTED_POINTWISE,CASE,R4_REACHER_S3_S3_MARGIN_AND_RESOURCE_TABLE,39cd52919c02458beb08604f8a57e78307168cd44e8c5920743505715202e48d,,,,R4_ALT_CEM_1,H0_MENU_RERANK - H0,,,,,
FIXED20_POLICY_INTERVENTION,,,reacher,replan_calls,H0_MENU_RERANK,1.6,20,20,1.4,1.8,20,H0,-0.05,-0.15,0.0,,,UNADJUSTED_POINTWISE,CASE,R4_REACHER_S3_S3_MARGIN_AND_RESOURCE_TABLE,39cd52919c02458beb08604f8a57e78307168cd44e8c5920743505715202e48d,,,,R4_ALT_CEM_1,H0_MENU_RERANK - H0,,,,,
FIXED20_POLICY_INTERVENTION,,,reacher,replan_calls,H0_MENU_RERANK,,0,20,,,0,H0_MENU_RERANK,,,,,,UNADJUSTED_POINTWISE,CASE,R4_REACHER_S3_S3_MARGIN_AND_RESOURCE_TABLE,39cd52919c02458beb08604f8a57e78307168cd44e8c5920743505715202e48d,,,,R4_ALT_CEM_1,SIM_LAT_RERANK - H0_MENU_RERANK,,,,,
FIXED20_POLICY_INTERVENTION,,,reacher,replan_calls,SIM_LAT_RERANK,,0,20,,,0,H0_MENU_RERANK,,,,,,UNADJUSTED_POINTWISE,CASE,R4_REACHER_S3_S3_MARGIN_AND_RESOURCE_TABLE,39cd52919c02458beb08604f8a57e78307168cd44e8c5920743505715202e48d,,,,R4_ALT_CEM_1,SIM_LAT_RERANK - H0_MENU_RERANK,,,,,
FIXED20_POLICY_INTERVENTION,,,reacher,replan_calls,SIM_LAT_RERANK,,0,20,,,0,SIM_LAT_RERANK,,,,,,UNADJUSTED_POINTWISE,CASE,R4_REACHER_S3_S3_MARGIN_AND_RESOURCE_TABLE,39cd52919c02458beb08604f8a57e78307168cd44e8c5920743505715202e48d,,,,R4_ALT_CEM_1,SIM_TASK_RERANK - SIM_LAT_RERANK,,,,,
FIXED20_POLICY_INTERVENTION,,,reacher,replan_calls,SIM_TASK_RERANK,,0,20,,,0,SIM_LAT_RERANK,,,,,,UNADJUSTED_POINTWISE,CASE,R4_REACHER_S3_S3_MARGIN_AND_RESOURCE_TABLE,39cd52919c02458beb08604f8a57e78307168cd44e8c5920743505715202e48d,,,,R4_ALT_CEM_1,SIM_TASK_RERANK - SIM_LAT_RERANK,,,,,
LEARNING_POLICIES_ALL100,,,reacher,wall_seconds,H0,3.4743433713994456,100,100,3.2757837052110332,3.676984897720962,100,H0,0.0,0.0,0.0,,,UNADJUSTED_POINTWISE,CASE,R4_REACHER_S3_S3_MARGIN_AND_RESOURCE_TABLE,39cd52919c02458beb08604f8a57e78307168cd44e8c5920743505715202e48d,,,,R4_ALT_CEM_1,,,,,,
LEARNING_POLICIES_ALL100,,,reacher,wall_seconds,REFIT_103201,1.9181709344600677,100,100,1.774513790122117,2.064245904833144,100,H0,-1.556172436939378,-1.7440195329198978,-1.3713710112846023,,,UNADJUSTED_POINTWISE,CASE,R4_REACHER_S3_S3_MARGIN_AND_RESOURCE_TABLE,39cd52919c02458beb08604f8a57e78307168cd44e8c5920743505715202e48d,,,,R4_ALT_CEM_1,,,,,,
LEARNING_POLICIES_ALL100,,,reacher,wall_seconds,REFIT_103202,1.6869189289706992,100,100,1.578948531794842,1.800891045315009,100,H0,-1.7874244424287462,-1.9802926861588857,-1.596737075070458,,,UNADJUSTED_POINTWISE,CASE,R4_REACHER_S3_S3_MARGIN_AND_RESOURCE_TABLE,39cd52919c02458beb08604f8a57e78307168cd44e8c5920743505715202e48d,,,,R4_ALT_CEM_1,,,,,,
LEARNING_POLICIES_ALL100,,,reacher,wall_seconds,REFIT_103203,1.6667865091274143,100,100,1.5597906811398934,1.7673130952558858,100,H0,-1.807556862272031,-1.9890568369801696,-1.6271684059644396,,,UNADJUSTED_POINTWISE,CASE,R4_REACHER_S3_S3_MARGIN_AND_RESOURCE_TABLE,39cd52919c02458beb08604f8a57e78307168cd44e8c5920743505715202e48d,,,,R4_ALT_CEM_1,,,,,,
LEARNING_POLICIES_ALL100,,,reacher,wall_seconds,FIXED3_REFIT_MEAN_NOT_ENSEMBLE,1.7572921241860604,100,100,1.662100187975906,1.8503644469740566,100,H0,-1.7170512472133848,-1.8867225801390426,-1.545934790266843,,,UNADJUSTED_POINTWISE,CASE,R4_REACHER_S3_S3_MARGIN_AND_RESOURCE_TABLE,39cd52919c02458beb08604f8a57e78307168cd44e8c5920743505715202e48d,,,,R4_ALT_CEM_1,,,,,,
FIXED20_POLICY_INTERVENTION,,,reacher,wall_seconds,H0,3.485080338800617,20,20,3.08123467915535,3.879452807706293,20,H0,0.0,0.0,0.0,,,UNADJUSTED_POINTWISE,CASE,R4_REACHER_S3_S3_MARGIN_AND_RESOURCE_TABLE,39cd52919c02458beb08604f8a57e78307168cd44e8c5920743505715202e48d,,,,R4_ALT_CEM_1,H0_MENU_RERANK - H0,,,,,
FIXED20_POLICY_INTERVENTION,,,reacher,wall_seconds,H0_MENU_RERANK,3.746050207100052,20,20,3.2605032794528963,4.240798614166961,20,H0,0.2609698682994349,-0.060464777243359996,0.5976309336913982,,,UNADJUSTED_POINTWISE,CASE,R4_REACHER_S3_S3_MARGIN_AND_RESOURCE_TABLE,39cd52919c02458beb08604f8a57e78307168cd44e8c5920743505715202e48d,,,,R4_ALT_CEM_1,H0_MENU_RERANK - H0,,,,,
FIXED20_POLICY_INTERVENTION,,,reacher,wall_seconds,H0_MENU_RERANK,,0,20,,,0,H0_MENU_RERANK,,,,,,UNADJUSTED_POINTWISE,CASE,R4_REACHER_S3_S3_MARGIN_AND_RESOURCE_TABLE,39cd52919c02458beb08604f8a57e78307168cd44e8c5920743505715202e48d,,,,R4_ALT_CEM_1,SIM_LAT_RERANK - H0_MENU_RERANK,,,,,
FIXED20_POLICY_INTERVENTION,,,reacher,wall_seconds,SIM_LAT_RERANK,,0,20,,,0,H0_MENU_RERANK,,,,,,UNADJUSTED_POINTWISE,CASE,R4_REACHER_S3_S3_MARGIN_AND_RESOURCE_TABLE,39cd52919c02458beb08604f8a57e78307168cd44e8c5920743505715202e48d,,,,R4_ALT_CEM_1,SIM_LAT_RERANK - H0_MENU_RERANK,,,,,
FIXED20_POLICY_INTERVENTION,,,reacher,wall_seconds,SIM_LAT_RERANK,,0,20,,,0,SIM_LAT_RERANK,,,,,,UNADJUSTED_POINTWISE,CASE,R4_REACHER_S3_S3_MARGIN_AND_RESOURCE_TABLE,39cd52919c02458beb08604f8a57e78307168cd44e8c5920743505715202e48d,,,,R4_ALT_CEM_1,SIM_TASK_RERANK - SIM_LAT_RERANK,,,,,
FIXED20_POLICY_INTERVENTION,,,reacher,wall_seconds,SIM_TASK_RERANK,,0,20,,,0,SIM_LAT_RERANK,,,,,,UNADJUSTED_POINTWISE,CASE,R4_REACHER_S3_S3_MARGIN_AND_RESOURCE_TABLE,39cd52919c02458beb08604f8a57e78307168cd44e8c5920743505715202e48d,,,,R4_ALT_CEM_1,SIM_TASK_RERANK - SIM_LAT_RERANK,,,,,
LEARNING_POLICIES_ALL100,,,reacher,branch_count,H0,0.0,100,100,0.0,0.0,100,H0,0.0,0.0,0.0,,,UNADJUSTED_POINTWISE,CASE,R4_REACHER_S3_S3_MARGIN_AND_RESOURCE_TABLE,39cd52919c02458beb08604f8a57e78307168cd44e8c5920743505715202e48d,,,,R4_ALT_CEM_1,,,,,,
LEARNING_POLICIES_ALL100,,,reacher,branch_count,REFIT_103201,0.0,100,100,0.0,0.0,100,H0,0.0,0.0,0.0,,,UNADJUSTED_POINTWISE,CASE,R4_REACHER_S3_S3_MARGIN_AND_RESOURCE_TABLE,39cd52919c02458beb08604f8a57e78307168cd44e8c5920743505715202e48d,,,,R4_ALT_CEM_1,,,,,,
LEARNING_POLICIES_ALL100,,,reacher,branch_count,REFIT_103202,0.0,100,100,0.0,0.0,100,H0,0.0,0.0,0.0,,,UNADJUSTED_POINTWISE,CASE,R4_REACHER_S3_S3_MARGIN_AND_RESOURCE_TABLE,39cd52919c02458beb08604f8a57e78307168cd44e8c5920743505715202e48d,,,,R4_ALT_CEM_1,,,,,,
LEARNING_POLICIES_ALL100,,,reacher,branch_count,REFIT_103203,0.0,100,100,0.0,0.0,100,H0,0.0,0.0,0.0,,,UNADJUSTED_POINTWISE,CASE,R4_REACHER_S3_S3_MARGIN_AND_RESOURCE_TABLE,39cd52919c02458beb08604f8a57e78307168cd44e8c5920743505715202e48d,,,,R4_ALT_CEM_1,,,,,,
LEARNING_POLICIES_ALL100,,,reacher,branch_count,FIXED3_REFIT_MEAN_NOT_ENSEMBLE,0.0,100,100,0.0,0.0,100,H0,0.0,0.0,0.0,,,UNADJUSTED_POINTWISE,CASE,R4_REACHER_S3_S3_MARGIN_AND_RESOURCE_TABLE,39cd52919c02458beb08604f8a57e78307168cd44e8c5920743505715202e48d,,,,R4_ALT_CEM_1,,,,,,
FIXED20_POLICY_INTERVENTION,,,reacher,branch_count,H0,0.0,20,20,0.0,0.0,20,H0,0.0,0.0,0.0,,,UNADJUSTED_POINTWISE,CASE,R4_REACHER_S3_S3_MARGIN_AND_RESOURCE_TABLE,39cd52919c02458beb08604f8a57e78307168cd44e8c5920743505715202e48d,,,,R4_ALT_CEM_1,H0_MENU_RERANK - H0,,,,,
FIXED20_POLICY_INTERVENTION,,,reacher,branch_count,H0_MENU_RERANK,0.0,20,20,0.0,0.0,20,H0,0.0,0.0,0.0,,,UNADJUSTED_POINTWISE,CASE,R4_REACHER_S3_S3_MARGIN_AND_RESOURCE_TABLE,39cd52919c02458beb08604f8a57e78307168cd44e8c5920743505715202e48d,,,,R4_ALT_CEM_1,H0_MENU_RERANK - H0,,,,,
FIXED20_POLICY_INTERVENTION,,,reacher,branch_count,H0_MENU_RERANK,,0,20,,,0,H0_MENU_RERANK,,,,,,UNADJUSTED_POINTWISE,CASE,R4_REACHER_S3_S3_MARGIN_AND_RESOURCE_TABLE,39cd52919c02458beb08604f8a57e78307168cd44e8c5920743505715202e48d,,,,R4_ALT_CEM_1,SIM_LAT_RERANK - H0_MENU_RERANK,,,,,
FIXED20_POLICY_INTERVENTION,,,reacher,branch_count,SIM_LAT_RERANK,,0,20,,,0,H0_MENU_RERANK,,,,,,UNADJUSTED_POINTWISE,CASE,R4_REACHER_S3_S3_MARGIN_AND_RESOURCE_TABLE,39cd52919c02458beb08604f8a57e78307168cd44e8c5920743505715202e48d,,,,R4_ALT_CEM_1,SIM_LAT_RERANK - H0_MENU_RERANK,,,,,
FIXED20_POLICY_INTERVENTION,,,reacher,branch_count,SIM_LAT_RERANK,,0,20,,,0,SIM_LAT_RERANK,,,,,,UNADJUSTED_POINTWISE,CASE,R4_REACHER_S3_S3_MARGIN_AND_RESOURCE_TABLE,39cd52919c02458beb08604f8a57e78307168cd44e8c5920743505715202e48d,,,,R4_ALT_CEM_1,SIM_TASK_RERANK - SIM_LAT_RERANK,,,,,
FIXED20_POLICY_INTERVENTION,,,reacher,branch_count,SIM_TASK_RERANK,,0,20,,,0,SIM_LAT_RERANK,,,,,,UNADJUSTED_POINTWISE,CASE,R4_REACHER_S3_S3_MARGIN_AND_RESOURCE_TABLE,39cd52919c02458beb08604f8a57e78307168cd44e8c5920743505715202e48d,,,,R4_ALT_CEM_1,SIM_TASK_RERANK - SIM_LAT_RERANK,,,,,
LEARNING_POLICIES_ALL100,,,reacher,branch_raw_steps,H0,0.0,100,100,0.0,0.0,100,H0,0.0,0.0,0.0,,,UNADJUSTED_POINTWISE,CASE,R4_REACHER_S3_S3_MARGIN_AND_RESOURCE_TABLE,39cd52919c02458beb08604f8a57e78307168cd44e8c5920743505715202e48d,,,,R4_ALT_CEM_1,,,,,,
LEARNING_POLICIES_ALL100,,,reacher,branch_raw_steps,REFIT_103201,0.0,100,100,0.0,0.0,100,H0,0.0,0.0,0.0,,,UNADJUSTED_POINTWISE,CASE,R4_REACHER_S3_S3_MARGIN_AND_RESOURCE_TABLE,39cd52919c02458beb08604f8a57e78307168cd44e8c5920743505715202e48d,,,,R4_ALT_CEM_1,,,,,,
LEARNING_POLICIES_ALL100,,,reacher,branch_raw_steps,REFIT_103202,0.0,100,100,0.0,0.0,100,H0,0.0,0.0,0.0,,,UNADJUSTED_POINTWISE,CASE,R4_REACHER_S3_S3_MARGIN_AND_RESOURCE_TABLE,39cd52919c02458beb08604f8a57e78307168cd44e8c5920743505715202e48d,,,,R4_ALT_CEM_1,,,,,,
LEARNING_POLICIES_ALL100,,,reacher,branch_raw_steps,REFIT_103203,0.0,100,100,0.0,0.0,100,H0,0.0,0.0,0.0,,,UNADJUSTED_POINTWISE,CASE,R4_REACHER_S3_S3_MARGIN_AND_RESOURCE_TABLE,39cd52919c02458beb08604f8a57e78307168cd44e8c5920743505715202e48d,,,,R4_ALT_CEM_1,,,,,,
LEARNING_POLICIES_ALL100,,,reacher,branch_raw_steps,FIXED3_REFIT_MEAN_NOT_ENSEMBLE,0.0,100,100,0.0,0.0,100,H0,0.0,0.0,0.0,,,UNADJUSTED_POINTWISE,CASE,R4_REACHER_S3_S3_MARGIN_AND_RESOURCE_TABLE,39cd52919c02458beb08604f8a57e78307168cd44e8c5920743505715202e48d,,,,R4_ALT_CEM_1,,,,,,
FIXED20_POLICY_INTERVENTION,,,reacher,branch_raw_steps,H0,0.0,20,20,0.0,0.0,20,H0,0.0,0.0,0.0,,,UNADJUSTED_POINTWISE,CASE,R4_REACHER_S3_S3_MARGIN_AND_RESOURCE_TABLE,39cd52919c02458beb08604f8a57e78307168cd44e8c5920743505715202e48d,,,,R4_ALT_CEM_1,H0_MENU_RERANK - H0,,,,,
FIXED20_POLICY_INTERVENTION,,,reacher,branch_raw_steps,H0_MENU_RERANK,0.0,20,20,0.0,0.0,20,H0,0.0,0.0,0.0,,,UNADJUSTED_POINTWISE,CASE,R4_REACHER_S3_S3_MARGIN_AND_RESOURCE_TABLE,39cd52919c02458beb08604f8a57e78307168cd44e8c5920743505715202e48d,,,,R4_ALT_CEM_1,H0_MENU_RERANK - H0,,,,,
FIXED20_POLICY_INTERVENTION,,,reacher,branch_raw_steps,H0_MENU_RERANK,,0,20,,,0,H0_MENU_RERANK,,,,,,UNADJUSTED_POINTWISE,CASE,R4_REACHER_S3_S3_MARGIN_AND_RESOURCE_TABLE,39cd52919c02458beb08604f8a57e78307168cd44e8c5920743505715202e48d,,,,R4_ALT_CEM_1,SIM_LAT_RERANK - H0_MENU_RERANK,,,,,
FIXED20_POLICY_INTERVENTION,,,reacher,branch_raw_steps,SIM_LAT_RERANK,,0,20,,,0,H0_MENU_RERANK,,,,,,UNADJUSTED_POINTWISE,CASE,R4_REACHER_S3_S3_MARGIN_AND_RESOURCE_TABLE,39cd52919c02458beb08604f8a57e78307168cd44e8c5920743505715202e48d,,,,R4_ALT_CEM_1,SIM_LAT_RERANK - H0_MENU_RERANK,,,,,
FIXED20_POLICY_INTERVENTION,,,reacher,branch_raw_steps,SIM_LAT_RERANK,,0,20,,,0,SIM_LAT_RERANK,,,,,,UNADJUSTED_POINTWISE,CASE,R4_REACHER_S3_S3_MARGIN_AND_RESOURCE_TABLE,39cd52919c02458beb08604f8a57e78307168cd44e8c5920743505715202e48d,,,,R4_ALT_CEM_1,SIM_TASK_RERANK - SIM_LAT_RERANK,,,,,
FIXED20_POLICY_INTERVENTION,,,reacher,branch_raw_steps,SIM_TASK_RERANK,,0,20,,,0,SIM_LAT_RERANK,,,,,,UNADJUSTED_POINTWISE,CASE,R4_REACHER_S3_S3_MARGIN_AND_RESOURCE_TABLE,39cd52919c02458beb08604f8a57e78307168cd44e8c5920743505715202e48d,,,,R4_ALT_CEM_1,SIM_TASK_RERANK - SIM_LAT_RERANK,,,,,
LEARNING_POLICIES_ALL100,,,reacher,branch_seconds,H0,0.0,100,100,0.0,0.0,100,H0,0.0,0.0,0.0,,,UNADJUSTED_POINTWISE,CASE,R4_REACHER_S3_S3_MARGIN_AND_RESOURCE_TABLE,39cd52919c02458beb08604f8a57e78307168cd44e8c5920743505715202e48d,,,,R4_ALT_CEM_1,,,,,,
LEARNING_POLICIES_ALL100,,,reacher,branch_seconds,REFIT_103201,0.0,100,100,0.0,0.0,100,H0,0.0,0.0,0.0,,,UNADJUSTED_POINTWISE,CASE,R4_REACHER_S3_S3_MARGIN_AND_RESOURCE_TABLE,39cd52919c02458beb08604f8a57e78307168cd44e8c5920743505715202e48d,,,,R4_ALT_CEM_1,,,,,,
LEARNING_POLICIES_ALL100,,,reacher,branch_seconds,REFIT_103202,0.0,100,100,0.0,0.0,100,H0,0.0,0.0,0.0,,,UNADJUSTED_POINTWISE,CASE,R4_REACHER_S3_S3_MARGIN_AND_RESOURCE_TABLE,39cd52919c02458beb08604f8a57e78307168cd44e8c5920743505715202e48d,,,,R4_ALT_CEM_1,,,,,,
LEARNING_POLICIES_ALL100,,,reacher,branch_seconds,REFIT_103203,0.0,100,100,0.0,0.0,100,H0,0.0,0.0,0.0,,,UNADJUSTED_POINTWISE,CASE,R4_REACHER_S3_S3_MARGIN_AND_RESOURCE_TABLE,39cd52919c02458beb08604f8a57e78307168cd44e8c5920743505715202e48d,,,,R4_ALT_CEM_1,,,,,,
LEARNING_POLICIES_ALL100,,,reacher,branch_seconds,FIXED3_REFIT_MEAN_NOT_ENSEMBLE,0.0,100,100,0.0,0.0,100,H0,0.0,0.0,0.0,,,UNADJUSTED_POINTWISE,CASE,R4_REACHER_S3_S3_MARGIN_AND_RESOURCE_TABLE,39cd52919c02458beb08604f8a57e78307168cd44e8c5920743505715202e48d,,,,R4_ALT_CEM_1,,,,,,
FIXED20_POLICY_INTERVENTION,,,reacher,branch_seconds,H0,0.0,20,20,0.0,0.0,20,H0,0.0,0.0,0.0,,,UNADJUSTED_POINTWISE,CASE,R4_REACHER_S3_S3_MARGIN_AND_RESOURCE_TABLE,39cd52919c02458beb08604f8a57e78307168cd44e8c5920743505715202e48d,,,,R4_ALT_CEM_1,H0_MENU_RERANK - H0,,,,,
FIXED20_POLICY_INTERVENTION,,,reacher,branch_seconds,H0_MENU_RERANK,0.0,20,20,0.0,0.0,20,H0,0.0,0.0,0.0,,,UNADJUSTED_POINTWISE,CASE,R4_REACHER_S3_S3_MARGIN_AND_RESOURCE_TABLE,39cd52919c02458beb08604f8a57e78307168cd44e8c5920743505715202e48d,,,,R4_ALT_CEM_1,H0_MENU_RERANK - H0,,,,,
FIXED20_POLICY_INTERVENTION,,,reacher,branch_seconds,H0_MENU_RERANK,,0,20,,,0,H0_MENU_RERANK,,,,,,UNADJUSTED_POINTWISE,CASE,R4_REACHER_S3_S3_MARGIN_AND_RESOURCE_TABLE,39cd52919c02458beb08604f8a57e78307168cd44e8c5920743505715202e48d,,,,R4_ALT_CEM_1,SIM_LAT_RERANK - H0_MENU_RERANK,,,,,
FIXED20_POLICY_INTERVENTION,,,reacher,branch_seconds,SIM_LAT_RERANK,,0,20,,,0,H0_MENU_RERANK,,,,,,UNADJUSTED_POINTWISE,CASE,R4_REACHER_S3_S3_MARGIN_AND_RESOURCE_TABLE,39cd52919c02458beb08604f8a57e78307168cd44e8c5920743505715202e48d,,,,R4_ALT_CEM_1,SIM_LAT_RERANK - H0_MENU_RERANK,,,,,
FIXED20_POLICY_INTERVENTION,,,reacher,branch_seconds,SIM_LAT_RERANK,,0,20,,,0,SIM_LAT_RERANK,,,,,,UNADJUSTED_POINTWISE,CASE,R4_REACHER_S3_S3_MARGIN_AND_RESOURCE_TABLE,39cd52919c02458beb08604f8a57e78307168cd44e8c5920743505715202e48d,,,,R4_ALT_CEM_1,SIM_TASK_RERANK - SIM_LAT_RERANK,,,,,
FIXED20_POLICY_INTERVENTION,,,reacher,branch_seconds,SIM_TASK_RERANK,,0,20,,,0,SIM_LAT_RERANK,,,,,,UNADJUSTED_POINTWISE,CASE,R4_REACHER_S3_S3_MARGIN_AND_RESOURCE_TABLE,39cd52919c02458beb08604f8a57e78307168cd44e8c5920743505715202e48d,,,,R4_ALT_CEM_1,SIM_TASK_RERANK - SIM_LAT_RERANK,,,,,
LEARNING_POLICIES_ALL100,,,reacher,terminal_task_margin,H0,1.0779957023778939,100,100,0.9080277688643004,1.2616997878788656,100,H0,0.0,0.0,0.0,,,UNADJUSTED_POINTWISE,CASE,R4_REACHER_S3_S3_MARGIN_AND_RESOURCE_TABLE,39cd52919c02458beb08604f8a57e78307168cd44e8c5920743505715202e48d,,,,R4_ALT_CEM_2,,,,,,
LEARNING_POLICIES_ALL100,,,reacher,terminal_task_margin,REFIT_103201,1.0453727687385805,100,100,0.8892833968218692,1.220232078553311,100,H0,-0.03262293363931328,-0.2544891429887675,0.17871614648090728,,,UNADJUSTED_POINTWISE,CASE,R4_REACHER_S3_S3_MARGIN_AND_RESOURCE_TABLE,39cd52919c02458beb08604f8a57e78307168cd44e8c5920743505715202e48d,,,,R4_ALT_CEM_2,,,,,,
LEARNING_POLICIES_ALL100,,,reacher,terminal_task_margin,REFIT_103202,1.0264195141970494,100,100,0.904990865866601,1.1624396027275294,100,H0,-0.051576188180844376,-0.23754777443872002,0.12952001977618607,,,UNADJUSTED_POINTWISE,CASE,R4_REACHER_S3_S3_MARGIN_AND_RESOURCE_TABLE,39cd52919c02458beb08604f8a57e78307168cd44e8c5920743505715202e48d,,,,R4_ALT_CEM_2,,,,,,
LEARNING_POLICIES_ALL100,,,reacher,terminal_task_margin,REFIT_103203,0.994086402216369,100,100,0.8461739291856031,1.1677766887718364,100,H0,-0.08390930016152467,-0.3254336055817434,0.14504777694083504,,,UNADJUSTED_POINTWISE,CASE,R4_REACHER_S3_S3_MARGIN_AND_RESOURCE_TABLE,39cd52919c02458beb08604f8a57e78307168cd44e8c5920743505715202e48d,,,,R4_ALT_CEM_2,,,,,,
LEARNING_POLICIES_ALL100,,,reacher,terminal_task_margin,FIXED3_REFIT_MEAN_NOT_ENSEMBLE,1.021959561717333,100,100,0.9128284992785175,1.1453249365295457,100,H0,-0.05603614066056079,-0.25570641976827474,0.11980927963539607,,,UNADJUSTED_POINTWISE,CASE,R4_REACHER_S3_S3_MARGIN_AND_RESOURCE_TABLE,39cd52919c02458beb08604f8a57e78307168cd44e8c5920743505715202e48d,,,,R4_ALT_CEM_2,,,,,,
FIXED20_POLICY_INTERVENTION,,,reacher,terminal_task_margin,H0,1.1261220146601663,20,20,0.7722154358267952,1.5643619811281317,20,H0,0.0,0.0,0.0,,,UNADJUSTED_POINTWISE,CASE,R4_REACHER_S3_S3_MARGIN_AND_RESOURCE_TABLE,39cd52919c02458beb08604f8a57e78307168cd44e8c5920743505715202e48d,,,,R4_ALT_CEM_2,H0_MENU_RERANK - H0,,,,,
FIXED20_POLICY_INTERVENTION,,,reacher,terminal_task_margin,H0_MENU_RERANK,1.1059529430770518,20,20,0.7493909042639176,1.5465834173700752,20,H0,-0.02016907158311465,-0.056582326898307805,0.015742751111647024,,,UNADJUSTED_POINTWISE,CASE,R4_REACHER_S3_S3_MARGIN_AND_RESOURCE_TABLE,39cd52919c02458beb08604f8a57e78307168cd44e8c5920743505715202e48d,,,,R4_ALT_CEM_2,H0_MENU_RERANK - H0,,,,,
FIXED20_POLICY_INTERVENTION,,,reacher,terminal_task_margin,H0_MENU_RERANK,,0,20,,,0,H0_MENU_RERANK,,,,,,UNADJUSTED_POINTWISE,CASE,R4_REACHER_S3_S3_MARGIN_AND_RESOURCE_TABLE,39cd52919c02458beb08604f8a57e78307168cd44e8c5920743505715202e48d,,,,R4_ALT_CEM_2,SIM_LAT_RERANK - H0_MENU_RERANK,,,,,
FIXED20_POLICY_INTERVENTION,,,reacher,terminal_task_margin,SIM_LAT_RERANK,,0,20,,,0,H0_MENU_RERANK,,,,,,UNADJUSTED_POINTWISE,CASE,R4_REACHER_S3_S3_MARGIN_AND_RESOURCE_TABLE,39cd52919c02458beb08604f8a57e78307168cd44e8c5920743505715202e48d,,,,R4_ALT_CEM_2,SIM_LAT_RERANK - H0_MENU_RERANK,,,,,
FIXED20_POLICY_INTERVENTION,,,reacher,terminal_task_margin,SIM_LAT_RERANK,,0,20,,,0,SIM_LAT_RERANK,,,,,,UNADJUSTED_POINTWISE,CASE,R4_REACHER_S3_S3_MARGIN_AND_RESOURCE_TABLE,39cd52919c02458beb08604f8a57e78307168cd44e8c5920743505715202e48d,,,,R4_ALT_CEM_2,SIM_TASK_RERANK - SIM_LAT_RERANK,,,,,
FIXED20_POLICY_INTERVENTION,,,reacher,terminal_task_margin,SIM_TASK_RERANK,,0,20,,,0,SIM_LAT_RERANK,,,,,,UNADJUSTED_POINTWISE,CASE,R4_REACHER_S3_S3_MARGIN_AND_RESOURCE_TABLE,39cd52919c02458beb08604f8a57e78307168cd44e8c5920743505715202e48d,,,,R4_ALT_CEM_2,SIM_TASK_RERANK - SIM_LAT_RERANK,,,,,
LEARNING_POLICIES_ALL100,,,reacher,anytime_executed_task_margin,H0,0.8769419709107009,100,100,0.7946449820412979,0.9708404396692916,100,H0,0.0,0.0,0.0,,,UNADJUSTED_POINTWISE,CASE,R4_REACHER_S3_S3_MARGIN_AND_RESOURCE_TABLE,39cd52919c02458beb08604f8a57e78307168cd44e8c5920743505715202e48d,,,,R4_ALT_CEM_2,,,,,,
LEARNING_POLICIES_ALL100,,,reacher,anytime_executed_task_margin,REFIT_103201,0.9157697741423197,100,100,0.8212305038452755,1.0250499065614704,100,H0,0.03882780323161885,-0.05967925862263858,0.13662229637959564,,,UNADJUSTED_POINTWISE,CASE,R4_REACHER_S3_S3_MARGIN_AND_RESOURCE_TABLE,39cd52919c02458beb08604f8a57e78307168cd44e8c5920743505715202e48d,,,,R4_ALT_CEM_2,,,,,,
LEARNING_POLICIES_ALL100,,,reacher,anytime_executed_task_margin,REFIT_103202,0.90765500852006,100,100,0.8261816898459342,1.0016904444173167,100,H0,0.0307130376093592,-0.062187873147186726,0.1227116699120795,,,UNADJUSTED_POINTWISE,CASE,R4_REACHER_S3_S3_MARGIN_AND_RESOURCE_TABLE,39cd52919c02458beb08604f8a57e78307168cd44e8c5920743505715202e48d,,,,R4_ALT_CEM_2,,,,,,
LEARNING_POLICIES_ALL100,,,reacher,anytime_executed_task_margin,REFIT_103203,0.8416859946275334,100,100,0.7679581437498141,0.9278382140576702,100,H0,-0.035255976283167616,-0.1312472871979096,0.05618512496733725,,,UNADJUSTED_POINTWISE,CASE,R4_REACHER_S3_S3_MARGIN_AND_RESOURCE_TABLE,39cd52919c02458beb08604f8a57e78307168cd44e8c5920743505715202e48d,,,,R4_ALT_CEM_2,,,,,,
LEARNING_POLICIES_ALL100,,,reacher,anytime_executed_task_margin,FIXED3_REFIT_MEAN_NOT_ENSEMBLE,0.8883702590966377,100,100,0.8212639940886156,0.971764564011782,100,H0,0.011428288185936806,-0.0718053221624755,0.09105376462512084,,,UNADJUSTED_POINTWISE,CASE,R4_REACHER_S3_S3_MARGIN_AND_RESOURCE_TABLE,39cd52919c02458beb08604f8a57e78307168cd44e8c5920743505715202e48d,,,,R4_ALT_CEM_2,,,,,,
FIXED20_POLICY_INTERVENTION,,,reacher,anytime_executed_task_margin,H0,0.9548156266070424,20,20,0.7583835596087297,1.2091499350090757,20,H0,0.0,0.0,0.0,,,UNADJUSTED_POINTWISE,CASE,R4_REACHER_S3_S3_MARGIN_AND_RESOURCE_TABLE,39cd52919c02458beb08604f8a57e78307168cd44e8c5920743505715202e48d,,,,R4_ALT_CEM_2,H0_MENU_RERANK - H0,,,,,
FIXED20_POLICY_INTERVENTION,,,reacher,anytime_executed_task_margin,H0_MENU_RERANK,0.9331557063879312,20,20,0.7283262909380457,1.196485557625981,20,H0,-0.02165992021911123,-0.0577719421471683,0.014208642520419978,,,UNADJUSTED_POINTWISE,CASE,R4_REACHER_S3_S3_MARGIN_AND_RESOURCE_TABLE,39cd52919c02458beb08604f8a57e78307168cd44e8c5920743505715202e48d,,,,R4_ALT_CEM_2,H0_MENU_RERANK - H0,,,,,
FIXED20_POLICY_INTERVENTION,,,reacher,anytime_executed_task_margin,H0_MENU_RERANK,,0,20,,,0,H0_MENU_RERANK,,,,,,UNADJUSTED_POINTWISE,CASE,R4_REACHER_S3_S3_MARGIN_AND_RESOURCE_TABLE,39cd52919c02458beb08604f8a57e78307168cd44e8c5920743505715202e48d,,,,R4_ALT_CEM_2,SIM_LAT_RERANK - H0_MENU_RERANK,,,,,
FIXED20_POLICY_INTERVENTION,,,reacher,anytime_executed_task_margin,SIM_LAT_RERANK,,0,20,,,0,H0_MENU_RERANK,,,,,,UNADJUSTED_POINTWISE,CASE,R4_REACHER_S3_S3_MARGIN_AND_RESOURCE_TABLE,39cd52919c02458beb08604f8a57e78307168cd44e8c5920743505715202e48d,,,,R4_ALT_CEM_2,SIM_LAT_RERANK - H0_MENU_RERANK,,,,,
FIXED20_POLICY_INTERVENTION,,,reacher,anytime_executed_task_margin,SIM_LAT_RERANK,,0,20,,,0,SIM_LAT_RERANK,,,,,,UNADJUSTED_POINTWISE,CASE,R4_REACHER_S3_S3_MARGIN_AND_RESOURCE_TABLE,39cd52919c02458beb08604f8a57e78307168cd44e8c5920743505715202e48d,,,,R4_ALT_CEM_2,SIM_TASK_RERANK - SIM_LAT_RERANK,,,,,
FIXED20_POLICY_INTERVENTION,,,reacher,anytime_executed_task_margin,SIM_TASK_RERANK,,0,20,,,0,SIM_LAT_RERANK,,,,,,UNADJUSTED_POINTWISE,CASE,R4_REACHER_S3_S3_MARGIN_AND_RESOURCE_TABLE,39cd52919c02458beb08604f8a57e78307168cd44e8c5920743505715202e48d,,,,R4_ALT_CEM_2,SIM_TASK_RERANK - SIM_LAT_RERANK,,,,,
LEARNING_POLICIES_ALL100,,,reacher,executed_raw_steps,H0,31.46,100,100,28.75975,34.180249999999994,100,H0,0.0,0.0,0.0,,,UNADJUSTED_POINTWISE,CASE,R4_REACHER_S3_S3_MARGIN_AND_RESOURCE_TABLE,39cd52919c02458beb08604f8a57e78307168cd44e8c5920743505715202e48d,,,,R4_ALT_CEM_2,,,,,,
LEARNING_POLICIES_ALL100,,,reacher,executed_raw_steps,REFIT_103201,33.05,100,100,30.45975,35.6005,100,H0,1.59,-1.2502499999999999,4.36,,,UNADJUSTED_POINTWISE,CASE,R4_REACHER_S3_S3_MARGIN_AND_RESOURCE_TABLE,39cd52919c02458beb08604f8a57e78307168cd44e8c5920743505715202e48d,,,,R4_ALT_CEM_2,,,,,,
LEARNING_POLICIES_ALL100,,,reacher,executed_raw_steps,REFIT_103202,32.96,100,100,30.34,35.68,100,H0,1.5,-1.2102499999999998,4.32,,,UNADJUSTED_POINTWISE,CASE,R4_REACHER_S3_S3_MARGIN_AND_RESOURCE_TABLE,39cd52919c02458beb08604f8a57e78307168cd44e8c5920743505715202e48d,,,,R4_ALT_CEM_2,,,,,,
LEARNING_POLICIES_ALL100,,,reacher,executed_raw_steps,REFIT_103203,31.14,100,100,28.48,33.810249999999996,100,H0,-0.32,-3.27025,2.67,,,UNADJUSTED_POINTWISE,CASE,R4_REACHER_S3_S3_MARGIN_AND_RESOURCE_TABLE,39cd52919c02458beb08604f8a57e78307168cd44e8c5920743505715202e48d,,,,R4_ALT_CEM_2,,,,,,
LEARNING_POLICIES_ALL100,,,reacher,executed_raw_steps,FIXED3_REFIT_MEAN_NOT_ENSEMBLE,32.38333333333333,100,100,30.250000000000004,34.50008333333333,100,H0,0.9233333333333336,-1.5167499999999998,3.313499999999997,,,UNADJUSTED_POINTWISE,CASE,R4_REACHER_S3_S3_MARGIN_AND_RESOURCE_TABLE,39cd52919c02458beb08604f8a57e78307168cd44e8c5920743505715202e48d,,,,R4_ALT_CEM_2,,,,,,
FIXED20_POLICY_INTERVENTION,,,reacher,executed_raw_steps,H0,28.45,20,20,23.15,33.90124999999998,20,H0,0.0,0.0,0.0,,,UNADJUSTED_POINTWISE,CASE,R4_REACHER_S3_S3_MARGIN_AND_RESOURCE_TABLE,39cd52919c02458beb08604f8a57e78307168cd44e8c5920743505715202e48d,,,,R4_ALT_CEM_2,H0_MENU_RERANK - H0,,,,,
FIXED20_POLICY_INTERVENTION,,,reacher,executed_raw_steps,H0_MENU_RERANK,27.95,20,20,22.75,33.5,20,H0,-0.5,-1.7,0.25,,,UNADJUSTED_POINTWISE,CASE,R4_REACHER_S3_S3_MARGIN_AND_RESOURCE_TABLE,39cd52919c02458beb08604f8a57e78307168cd44e8c5920743505715202e48d,,,,R4_ALT_CEM_2,H0_MENU_RERANK - H0,,,,,
FIXED20_POLICY_INTERVENTION,,,reacher,executed_raw_steps,H0_MENU_RERANK,,0,20,,,0,H0_MENU_RERANK,,,,,,UNADJUSTED_POINTWISE,CASE,R4_REACHER_S3_S3_MARGIN_AND_RESOURCE_TABLE,39cd52919c02458beb08604f8a57e78307168cd44e8c5920743505715202e48d,,,,R4_ALT_CEM_2,SIM_LAT_RERANK - H0_MENU_RERANK,,,,,
FIXED20_POLICY_INTERVENTION,,,reacher,executed_raw_steps,SIM_LAT_RERANK,,0,20,,,0,H0_MENU_RERANK,,,,,,UNADJUSTED_POINTWISE,CASE,R4_REACHER_S3_S3_MARGIN_AND_RESOURCE_TABLE,39cd52919c02458beb08604f8a57e78307168cd44e8c5920743505715202e48d,,,,R4_ALT_CEM_2,SIM_LAT_RERANK - H0_MENU_RERANK,,,,,
FIXED20_POLICY_INTERVENTION,,,reacher,executed_raw_steps,SIM_LAT_RERANK,,0,20,,,0,SIM_LAT_RERANK,,,,,,UNADJUSTED_POINTWISE,CASE,R4_REACHER_S3_S3_MARGIN_AND_RESOURCE_TABLE,39cd52919c02458beb08604f8a57e78307168cd44e8c5920743505715202e48d,,,,R4_ALT_CEM_2,SIM_TASK_RERANK - SIM_LAT_RERANK,,,,,
FIXED20_POLICY_INTERVENTION,,,reacher,executed_raw_steps,SIM_TASK_RERANK,,0,20,,,0,SIM_LAT_RERANK,,,,,,UNADJUSTED_POINTWISE,CASE,R4_REACHER_S3_S3_MARGIN_AND_RESOURCE_TABLE,39cd52919c02458beb08604f8a57e78307168cd44e8c5920743505715202e48d,,,,R4_ALT_CEM_2,SIM_TASK_RERANK - SIM_LAT_RERANK,,,,,
LEARNING_POLICIES_ALL100,,,reacher,replan_calls,H0,1.48,100,100,1.38,1.58,100,H0,0.0,0.0,0.0,,,UNADJUSTED_POINTWISE,CASE,R4_REACHER_S3_S3_MARGIN_AND_RESOURCE_TABLE,39cd52919c02458beb08604f8a57e78307168cd44e8c5920743505715202e48d,,,,R4_ALT_CEM_2,,,,,,
LEARNING_POLICIES_ALL100,,,reacher,replan_calls,REFIT_103201,1.53,100,100,1.43,1.63,100,H0,0.05,-0.05,0.15,,,UNADJUSTED_POINTWISE,CASE,R4_REACHER_S3_S3_MARGIN_AND_RESOURCE_TABLE,39cd52919c02458beb08604f8a57e78307168cd44e8c5920743505715202e48d,,,,R4_ALT_CEM_2,,,,,,
LEARNING_POLICIES_ALL100,,,reacher,replan_calls,REFIT_103202,1.57,100,100,1.47,1.67,100,H0,0.09,-0.02,0.2,,,UNADJUSTED_POINTWISE,CASE,R4_REACHER_S3_S3_MARGIN_AND_RESOURCE_TABLE,39cd52919c02458beb08604f8a57e78307168cd44e8c5920743505715202e48d,,,,R4_ALT_CEM_2,,,,,,
LEARNING_POLICIES_ALL100,,,reacher,replan_calls,REFIT_103203,1.48,100,100,1.38,1.58,100,H0,0.0,-0.11,0.11,,,UNADJUSTED_POINTWISE,CASE,R4_REACHER_S3_S3_MARGIN_AND_RESOURCE_TABLE,39cd52919c02458beb08604f8a57e78307168cd44e8c5920743505715202e48d,,,,R4_ALT_CEM_2,,,,,,
LEARNING_POLICIES_ALL100,,,reacher,replan_calls,FIXED3_REFIT_MEAN_NOT_ENSEMBLE,1.5266666666666666,100,100,1.4499999999999997,1.6033333333333335,100,H0,0.046666666666666655,-0.04333333333333334,0.13333333333333333,,,UNADJUSTED_POINTWISE,CASE,R4_REACHER_S3_S3_MARGIN_AND_RESOURCE_TABLE,39cd52919c02458beb08604f8a57e78307168cd44e8c5920743505715202e48d,,,,R4_ALT_CEM_2,,,,,,
FIXED20_POLICY_INTERVENTION,,,reacher,replan_calls,H0,1.4,20,20,1.2,1.6,20,H0,0.0,0.0,0.0,,,UNADJUSTED_POINTWISE,CASE,R4_REACHER_S3_S3_MARGIN_AND_RESOURCE_TABLE,39cd52919c02458beb08604f8a57e78307168cd44e8c5920743505715202e48d,,,,R4_ALT_CEM_2,H0_MENU_RERANK - H0,,,,,
FIXED20_POLICY_INTERVENTION,,,reacher,replan_calls,H0_MENU_RERANK,1.4,20,20,1.2,1.6,20,H0,0.0,0.0,0.0,,,UNADJUSTED_POINTWISE,CASE,R4_REACHER_S3_S3_MARGIN_AND_RESOURCE_TABLE,39cd52919c02458beb08604f8a57e78307168cd44e8c5920743505715202e48d,,,,R4_ALT_CEM_2,H0_MENU_RERANK - H0,,,,,
FIXED20_POLICY_INTERVENTION,,,reacher,replan_calls,H0_MENU_RERANK,,0,20,,,0,H0_MENU_RERANK,,,,,,UNADJUSTED_POINTWISE,CASE,R4_REACHER_S3_S3_MARGIN_AND_RESOURCE_TABLE,39cd52919c02458beb08604f8a57e78307168cd44e8c5920743505715202e48d,,,,R4_ALT_CEM_2,SIM_LAT_RERANK - H0_MENU_RERANK,,,,,
FIXED20_POLICY_INTERVENTION,,,reacher,replan_calls,SIM_LAT_RERANK,,0,20,,,0,H0_MENU_RERANK,,,,,,UNADJUSTED_POINTWISE,CASE,R4_REACHER_S3_S3_MARGIN_AND_RESOURCE_TABLE,39cd52919c02458beb08604f8a57e78307168cd44e8c5920743505715202e48d,,,,R4_ALT_CEM_2,SIM_LAT_RERANK - H0_MENU_RERANK,,,,,
FIXED20_POLICY_INTERVENTION,,,reacher,replan_calls,SIM_LAT_RERANK,,0,20,,,0,SIM_LAT_RERANK,,,,,,UNADJUSTED_POINTWISE,CASE,R4_REACHER_S3_S3_MARGIN_AND_RESOURCE_TABLE,39cd52919c02458beb08604f8a57e78307168cd44e8c5920743505715202e48d,,,,R4_ALT_CEM_2,SIM_TASK_RERANK - SIM_LAT_RERANK,,,,,
FIXED20_POLICY_INTERVENTION,,,reacher,replan_calls,SIM_TASK_RERANK,,0,20,,,0,SIM_LAT_RERANK,,,,,,UNADJUSTED_POINTWISE,CASE,R4_REACHER_S3_S3_MARGIN_AND_RESOURCE_TABLE,39cd52919c02458beb08604f8a57e78307168cd44e8c5920743505715202e48d,,,,R4_ALT_CEM_2,SIM_TASK_RERANK - SIM_LAT_RERANK,,,,,
LEARNING_POLICIES_ALL100,,,reacher,wall_seconds,H0,3.252354742230673,100,100,3.05782591227987,3.4469873154341473,100,H0,0.0,0.0,0.0,,,UNADJUSTED_POINTWISE,CASE,R4_REACHER_S3_S3_MARGIN_AND_RESOURCE_TABLE,39cd52919c02458beb08604f8a57e78307168cd44e8c5920743505715202e48d,,,,R4_ALT_CEM_2,,,,,,
LEARNING_POLICIES_ALL100,,,reacher,wall_seconds,REFIT_103201,2.1751982205509557,100,100,1.9945100585154287,2.3581170866789543,100,H0,-1.0771565216797172,-1.287007449714176,-0.871302258618111,,,UNADJUSTED_POINTWISE,CASE,R4_REACHER_S3_S3_MARGIN_AND_RESOURCE_TABLE,39cd52919c02458beb08604f8a57e78307168cd44e8c5920743505715202e48d,,,,R4_ALT_CEM_2,,,,,,
LEARNING_POLICIES_ALL100,,,reacher,wall_seconds,REFIT_103202,1.7296768187903218,100,100,1.6310318576029386,1.828329468715252,100,H0,-1.5226779234403511,-1.6939646890116054,-1.3515144611258292,,,UNADJUSTED_POINTWISE,CASE,R4_REACHER_S3_S3_MARGIN_AND_RESOURCE_TABLE,39cd52919c02458beb08604f8a57e78307168cd44e8c5920743505715202e48d,,,,R4_ALT_CEM_2,,,,,,
LEARNING_POLICIES_ALL100,,,reacher,wall_seconds,REFIT_103203,1.5888919343205634,100,100,1.4900889447847512,1.6887421745036482,100,H0,-1.6634628079101095,-1.8436802019247842,-1.4793740687098618,,,UNADJUSTED_POINTWISE,CASE,R4_REACHER_S3_S3_MARGIN_AND_RESOURCE_TABLE,39cd52919c02458beb08604f8a57e78307168cd44e8c5920743505715202e48d,,,,R4_ALT_CEM_2,,,,,,
LEARNING_POLICIES_ALL100,,,reacher,wall_seconds,FIXED3_REFIT_MEAN_NOT_ENSEMBLE,1.8312556578872803,100,100,1.731373398486862,1.929917868414559,100,H0,-1.4210990843433924,-1.5862371203582373,-1.2568251102313612,,,UNADJUSTED_POINTWISE,CASE,R4_REACHER_S3_S3_MARGIN_AND_RESOURCE_TABLE,39cd52919c02458beb08604f8a57e78307168cd44e8c5920743505715202e48d,,,,R4_ALT_CEM_2,,,,,,
FIXED20_POLICY_INTERVENTION,,,reacher,wall_seconds,H0,3.030831117699563,20,20,2.625579030039116,3.451267969304026,20,H0,0.0,0.0,0.0,,,UNADJUSTED_POINTWISE,CASE,R4_REACHER_S3_S3_MARGIN_AND_RESOURCE_TABLE,39cd52919c02458beb08604f8a57e78307168cd44e8c5920743505715202e48d,,,,R4_ALT_CEM_2,H0_MENU_RERANK - H0,,,,,
FIXED20_POLICY_INTERVENTION,,,reacher,wall_seconds,H0_MENU_RERANK,3.400333837751532,20,20,2.8504873407705236,3.9991315223677155,20,H0,0.36950272005196894,0.05514992662912846,0.7910909294817247,,,UNADJUSTED_POINTWISE,CASE,R4_REACHER_S3_S3_MARGIN_AND_RESOURCE_TABLE,39cd52919c02458beb08604f8a57e78307168cd44e8c5920743505715202e48d,,,,R4_ALT_CEM_2,H0_MENU_RERANK - H0,,,,,
FIXED20_POLICY_INTERVENTION,,,reacher,wall_seconds,H0_MENU_RERANK,,0,20,,,0,H0_MENU_RERANK,,,,,,UNADJUSTED_POINTWISE,CASE,R4_REACHER_S3_S3_MARGIN_AND_RESOURCE_TABLE,39cd52919c02458beb08604f8a57e78307168cd44e8c5920743505715202e48d,,,,R4_ALT_CEM_2,SIM_LAT_RERANK - H0_MENU_RERANK,,,,,
FIXED20_POLICY_INTERVENTION,,,reacher,wall_seconds,SIM_LAT_RERANK,,0,20,,,0,H0_MENU_RERANK,,,,,,UNADJUSTED_POINTWISE,CASE,R4_REACHER_S3_S3_MARGIN_AND_RESOURCE_TABLE,39cd52919c02458beb08604f8a57e78307168cd44e8c5920743505715202e48d,,,,R4_ALT_CEM_2,SIM_LAT_RERANK - H0_MENU_RERANK,,,,,
FIXED20_POLICY_INTERVENTION,,,reacher,wall_seconds,SIM_LAT_RERANK,,0,20,,,0,SIM_LAT_RERANK,,,,,,UNADJUSTED_POINTWISE,CASE,R4_REACHER_S3_S3_MARGIN_AND_RESOURCE_TABLE,39cd52919c02458beb08604f8a57e78307168cd44e8c5920743505715202e48d,,,,R4_ALT_CEM_2,SIM_TASK_RERANK - SIM_LAT_RERANK,,,,,
FIXED20_POLICY_INTERVENTION,,,reacher,wall_seconds,SIM_TASK_RERANK,,0,20,,,0,SIM_LAT_RERANK,,,,,,UNADJUSTED_POINTWISE,CASE,R4_REACHER_S3_S3_MARGIN_AND_RESOURCE_TABLE,39cd52919c02458beb08604f8a57e78307168cd44e8c5920743505715202e48d,,,,R4_ALT_CEM_2,SIM_TASK_RERANK - SIM_LAT_RERANK,,,,,
LEARNING_POLICIES_ALL100,,,reacher,branch_count,H0,0.0,100,100,0.0,0.0,100,H0,0.0,0.0,0.0,,,UNADJUSTED_POINTWISE,CASE,R4_REACHER_S3_S3_MARGIN_AND_RESOURCE_TABLE,39cd52919c02458beb08604f8a57e78307168cd44e8c5920743505715202e48d,,,,R4_ALT_CEM_2,,,,,,
LEARNING_POLICIES_ALL100,,,reacher,branch_count,REFIT_103201,0.0,100,100,0.0,0.0,100,H0,0.0,0.0,0.0,,,UNADJUSTED_POINTWISE,CASE,R4_REACHER_S3_S3_MARGIN_AND_RESOURCE_TABLE,39cd52919c02458beb08604f8a57e78307168cd44e8c5920743505715202e48d,,,,R4_ALT_CEM_2,,,,,,
LEARNING_POLICIES_ALL100,,,reacher,branch_count,REFIT_103202,0.0,100,100,0.0,0.0,100,H0,0.0,0.0,0.0,,,UNADJUSTED_POINTWISE,CASE,R4_REACHER_S3_S3_MARGIN_AND_RESOURCE_TABLE,39cd52919c02458beb08604f8a57e78307168cd44e8c5920743505715202e48d,,,,R4_ALT_CEM_2,,,,,,
LEARNING_POLICIES_ALL100,,,reacher,branch_count,REFIT_103203,0.0,100,100,0.0,0.0,100,H0,0.0,0.0,0.0,,,UNADJUSTED_POINTWISE,CASE,R4_REACHER_S3_S3_MARGIN_AND_RESOURCE_TABLE,39cd52919c02458beb08604f8a57e78307168cd44e8c5920743505715202e48d,,,,R4_ALT_CEM_2,,,,,,
LEARNING_POLICIES_ALL100,,,reacher,branch_count,FIXED3_REFIT_MEAN_NOT_ENSEMBLE,0.0,100,100,0.0,0.0,100,H0,0.0,0.0,0.0,,,UNADJUSTED_POINTWISE,CASE,R4_REACHER_S3_S3_MARGIN_AND_RESOURCE_TABLE,39cd52919c02458beb08604f8a57e78307168cd44e8c5920743505715202e48d,,,,R4_ALT_CEM_2,,,,,,
FIXED20_POLICY_INTERVENTION,,,reacher,branch_count,H0,0.0,20,20,0.0,0.0,20,H0,0.0,0.0,0.0,,,UNADJUSTED_POINTWISE,CASE,R4_REACHER_S3_S3_MARGIN_AND_RESOURCE_TABLE,39cd52919c02458beb08604f8a57e78307168cd44e8c5920743505715202e48d,,,,R4_ALT_CEM_2,H0_MENU_RERANK - H0,,,,,
FIXED20_POLICY_INTERVENTION,,,reacher,branch_count,H0_MENU_RERANK,0.0,20,20,0.0,0.0,20,H0,0.0,0.0,0.0,,,UNADJUSTED_POINTWISE,CASE,R4_REACHER_S3_S3_MARGIN_AND_RESOURCE_TABLE,39cd52919c02458beb08604f8a57e78307168cd44e8c5920743505715202e48d,,,,R4_ALT_CEM_2,H0_MENU_RERANK - H0,,,,,
FIXED20_POLICY_INTERVENTION,,,reacher,branch_count,H0_MENU_RERANK,,0,20,,,0,H0_MENU_RERANK,,,,,,UNADJUSTED_POINTWISE,CASE,R4_REACHER_S3_S3_MARGIN_AND_RESOURCE_TABLE,39cd52919c02458beb08604f8a57e78307168cd44e8c5920743505715202e48d,,,,R4_ALT_CEM_2,SIM_LAT_RERANK - H0_MENU_RERANK,,,,,
FIXED20_POLICY_INTERVENTION,,,reacher,branch_count,SIM_LAT_RERANK,,0,20,,,0,H0_MENU_RERANK,,,,,,UNADJUSTED_POINTWISE,CASE,R4_REACHER_S3_S3_MARGIN_AND_RESOURCE_TABLE,39cd52919c02458beb08604f8a57e78307168cd44e8c5920743505715202e48d,,,,R4_ALT_CEM_2,SIM_LAT_RERANK - H0_MENU_RERANK,,,,,
FIXED20_POLICY_INTERVENTION,,,reacher,branch_count,SIM_LAT_RERANK,,0,20,,,0,SIM_LAT_RERANK,,,,,,UNADJUSTED_POINTWISE,CASE,R4_REACHER_S3_S3_MARGIN_AND_RESOURCE_TABLE,39cd52919c02458beb08604f8a57e78307168cd44e8c5920743505715202e48d,,,,R4_ALT_CEM_2,SIM_TASK_RERANK - SIM_LAT_RERANK,,,,,
FIXED20_POLICY_INTERVENTION,,,reacher,branch_count,SIM_TASK_RERANK,,0,20,,,0,SIM_LAT_RERANK,,,,,,UNADJUSTED_POINTWISE,CASE,R4_REACHER_S3_S3_MARGIN_AND_RESOURCE_TABLE,39cd52919c02458beb08604f8a57e78307168cd44e8c5920743505715202e48d,,,,R4_ALT_CEM_2,SIM_TASK_RERANK - SIM_LAT_RERANK,,,,,
LEARNING_POLICIES_ALL100,,,reacher,branch_raw_steps,H0,0.0,100,100,0.0,0.0,100,H0,0.0,0.0,0.0,,,UNADJUSTED_POINTWISE,CASE,R4_REACHER_S3_S3_MARGIN_AND_RESOURCE_TABLE,39cd52919c02458beb08604f8a57e78307168cd44e8c5920743505715202e48d,,,,R4_ALT_CEM_2,,,,,,
LEARNING_POLICIES_ALL100,,,reacher,branch_raw_steps,REFIT_103201,0.0,100,100,0.0,0.0,100,H0,0.0,0.0,0.0,,,UNADJUSTED_POINTWISE,CASE,R4_REACHER_S3_S3_MARGIN_AND_RESOURCE_TABLE,39cd52919c02458beb08604f8a57e78307168cd44e8c5920743505715202e48d,,,,R4_ALT_CEM_2,,,,,,
LEARNING_POLICIES_ALL100,,,reacher,branch_raw_steps,REFIT_103202,0.0,100,100,0.0,0.0,100,H0,0.0,0.0,0.0,,,UNADJUSTED_POINTWISE,CASE,R4_REACHER_S3_S3_MARGIN_AND_RESOURCE_TABLE,39cd52919c02458beb08604f8a57e78307168cd44e8c5920743505715202e48d,,,,R4_ALT_CEM_2,,,,,,
LEARNING_POLICIES_ALL100,,,reacher,branch_raw_steps,REFIT_103203,0.0,100,100,0.0,0.0,100,H0,0.0,0.0,0.0,,,UNADJUSTED_POINTWISE,CASE,R4_REACHER_S3_S3_MARGIN_AND_RESOURCE_TABLE,39cd52919c02458beb08604f8a57e78307168cd44e8c5920743505715202e48d,,,,R4_ALT_CEM_2,,,,,,
LEARNING_POLICIES_ALL100,,,reacher,branch_raw_steps,FIXED3_REFIT_MEAN_NOT_ENSEMBLE,0.0,100,100,0.0,0.0,100,H0,0.0,0.0,0.0,,,UNADJUSTED_POINTWISE,CASE,R4_REACHER_S3_S3_MARGIN_AND_RESOURCE_TABLE,39cd52919c02458beb08604f8a57e78307168cd44e8c5920743505715202e48d,,,,R4_ALT_CEM_2,,,,,,
FIXED20_POLICY_INTERVENTION,,,reacher,branch_raw_steps,H0,0.0,20,20,0.0,0.0,20,H0,0.0,0.0,0.0,,,UNADJUSTED_POINTWISE,CASE,R4_REACHER_S3_S3_MARGIN_AND_RESOURCE_TABLE,39cd52919c02458beb08604f8a57e78307168cd44e8c5920743505715202e48d,,,,R4_ALT_CEM_2,H0_MENU_RERANK - H0,,,,,
FIXED20_POLICY_INTERVENTION,,,reacher,branch_raw_steps,H0_MENU_RERANK,0.0,20,20,0.0,0.0,20,H0,0.0,0.0,0.0,,,UNADJUSTED_POINTWISE,CASE,R4_REACHER_S3_S3_MARGIN_AND_RESOURCE_TABLE,39cd52919c02458beb08604f8a57e78307168cd44e8c5920743505715202e48d,,,,R4_ALT_CEM_2,H0_MENU_RERANK - H0,,,,,
FIXED20_POLICY_INTERVENTION,,,reacher,branch_raw_steps,H0_MENU_RERANK,,0,20,,,0,H0_MENU_RERANK,,,,,,UNADJUSTED_POINTWISE,CASE,R4_REACHER_S3_S3_MARGIN_AND_RESOURCE_TABLE,39cd52919c02458beb08604f8a57e78307168cd44e8c5920743505715202e48d,,,,R4_ALT_CEM_2,SIM_LAT_RERANK - H0_MENU_RERANK,,,,,
FIXED20_POLICY_INTERVENTION,,,reacher,branch_raw_steps,SIM_LAT_RERANK,,0,20,,,0,H0_MENU_RERANK,,,,,,UNADJUSTED_POINTWISE,CASE,R4_REACHER_S3_S3_MARGIN_AND_RESOURCE_TABLE,39cd52919c02458beb08604f8a57e78307168cd44e8c5920743505715202e48d,,,,R4_ALT_CEM_2,SIM_LAT_RERANK - H0_MENU_RERANK,,,,,
FIXED20_POLICY_INTERVENTION,,,reacher,branch_raw_steps,SIM_LAT_RERANK,,0,20,,,0,SIM_LAT_RERANK,,,,,,UNADJUSTED_POINTWISE,CASE,R4_REACHER_S3_S3_MARGIN_AND_RESOURCE_TABLE,39cd52919c02458beb08604f8a57e78307168cd44e8c5920743505715202e48d,,,,R4_ALT_CEM_2,SIM_TASK_RERANK - SIM_LAT_RERANK,,,,,
FIXED20_POLICY_INTERVENTION,,,reacher,branch_raw_steps,SIM_TASK_RERANK,,0,20,,,0,SIM_LAT_RERANK,,,,,,UNADJUSTED_POINTWISE,CASE,R4_REACHER_S3_S3_MARGIN_AND_RESOURCE_TABLE,39cd52919c02458beb08604f8a57e78307168cd44e8c5920743505715202e48d,,,,R4_ALT_CEM_2,SIM_TASK_RERANK - SIM_LAT_RERANK,,,,,
LEARNING_POLICIES_ALL100,,,reacher,branch_seconds,H0,0.0,100,100,0.0,0.0,100,H0,0.0,0.0,0.0,,,UNADJUSTED_POINTWISE,CASE,R4_REACHER_S3_S3_MARGIN_AND_RESOURCE_TABLE,39cd52919c02458beb08604f8a57e78307168cd44e8c5920743505715202e48d,,,,R4_ALT_CEM_2,,,,,,
LEARNING_POLICIES_ALL100,,,reacher,branch_seconds,REFIT_103201,0.0,100,100,0.0,0.0,100,H0,0.0,0.0,0.0,,,UNADJUSTED_POINTWISE,CASE,R4_REACHER_S3_S3_MARGIN_AND_RESOURCE_TABLE,39cd52919c02458beb08604f8a57e78307168cd44e8c5920743505715202e48d,,,,R4_ALT_CEM_2,,,,,,
LEARNING_POLICIES_ALL100,,,reacher,branch_seconds,REFIT_103202,0.0,100,100,0.0,0.0,100,H0,0.0,0.0,0.0,,,UNADJUSTED_POINTWISE,CASE,R4_REACHER_S3_S3_MARGIN_AND_RESOURCE_TABLE,39cd52919c02458beb08604f8a57e78307168cd44e8c5920743505715202e48d,,,,R4_ALT_CEM_2,,,,,,
LEARNING_POLICIES_ALL100,,,reacher,branch_seconds,REFIT_103203,0.0,100,100,0.0,0.0,100,H0,0.0,0.0,0.0,,,UNADJUSTED_POINTWISE,CASE,R4_REACHER_S3_S3_MARGIN_AND_RESOURCE_TABLE,39cd52919c02458beb08604f8a57e78307168cd44e8c5920743505715202e48d,,,,R4_ALT_CEM_2,,,,,,
LEARNING_POLICIES_ALL100,,,reacher,branch_seconds,FIXED3_REFIT_MEAN_NOT_ENSEMBLE,0.0,100,100,0.0,0.0,100,H0,0.0,0.0,0.0,,,UNADJUSTED_POINTWISE,CASE,R4_REACHER_S3_S3_MARGIN_AND_RESOURCE_TABLE,39cd52919c02458beb08604f8a57e78307168cd44e8c5920743505715202e48d,,,,R4_ALT_CEM_2,,,,,,
FIXED20_POLICY_INTERVENTION,,,reacher,branch_seconds,H0,0.0,20,20,0.0,0.0,20,H0,0.0,0.0,0.0,,,UNADJUSTED_POINTWISE,CASE,R4_REACHER_S3_S3_MARGIN_AND_RESOURCE_TABLE,39cd52919c02458beb08604f8a57e78307168cd44e8c5920743505715202e48d,,,,R4_ALT_CEM_2,H0_MENU_RERANK - H0,,,,,
FIXED20_POLICY_INTERVENTION,,,reacher,branch_seconds,H0_MENU_RERANK,0.0,20,20,0.0,0.0,20,H0,0.0,0.0,0.0,,,UNADJUSTED_POINTWISE,CASE,R4_REACHER_S3_S3_MARGIN_AND_RESOURCE_TABLE,39cd52919c02458beb08604f8a57e78307168cd44e8c5920743505715202e48d,,,,R4_ALT_CEM_2,H0_MENU_RERANK - H0,,,,,
FIXED20_POLICY_INTERVENTION,,,reacher,branch_seconds,H0_MENU_RERANK,,0,20,,,0,H0_MENU_RERANK,,,,,,UNADJUSTED_POINTWISE,CASE,R4_REACHER_S3_S3_MARGIN_AND_RESOURCE_TABLE,39cd52919c02458beb08604f8a57e78307168cd44e8c5920743505715202e48d,,,,R4_ALT_CEM_2,SIM_LAT_RERANK - H0_MENU_RERANK,,,,,
FIXED20_POLICY_INTERVENTION,,,reacher,branch_seconds,SIM_LAT_RERANK,,0,20,,,0,H0_MENU_RERANK,,,,,,UNADJUSTED_POINTWISE,CASE,R4_REACHER_S3_S3_MARGIN_AND_RESOURCE_TABLE,39cd52919c02458beb08604f8a57e78307168cd44e8c5920743505715202e48d,,,,R4_ALT_CEM_2,SIM_LAT_RERANK - H0_MENU_RERANK,,,,,
FIXED20_POLICY_INTERVENTION,,,reacher,branch_seconds,SIM_LAT_RERANK,,0,20,,,0,SIM_LAT_RERANK,,,,,,UNADJUSTED_POINTWISE,CASE,R4_REACHER_S3_S3_MARGIN_AND_RESOURCE_TABLE,39cd52919c02458beb08604f8a57e78307168cd44e8c5920743505715202e48d,,,,R4_ALT_CEM_2,SIM_TASK_RERANK - SIM_LAT_RERANK,,,,,
FIXED20_POLICY_INTERVENTION,,,reacher,branch_seconds,SIM_TASK_RERANK,,0,20,,,0,SIM_LAT_RERANK,,,,,,UNADJUSTED_POINTWISE,CASE,R4_REACHER_S3_S3_MARGIN_AND_RESOURCE_TABLE,39cd52919c02458beb08604f8a57e78307168cd44e8c5920743505715202e48d,,,,R4_ALT_CEM_2,SIM_TASK_RERANK - SIM_LAT_RERANK,,,,,
SIM_LAT_RERANK,,,reacher,CLOSED_LOOP_SIM_RERANK,,,0,20,,,,,,,,,,,,R4_EXPLICIT_TECHNICAL_LIMITATIONS,be56a08acb477082eabef600910114a1733ca3b3df7612b8f4eada1c69831615,,,,,,TECHNICALLY_UNEVALUABLE,TRUE_DMC_LAST_PREVENTS_FIXED25_CONFIRMED_ON_FROZEN_TECH_MENU,False,18b890a465499988c258cb2697b5300cfed2cd0e5faf6581c467a75828b74553,a5d1645b6e2962f92e7d95c952a346964f04b71abd1ec12f376ade32ab5f8705
SIM_TASK_RERANK,,,reacher,CLOSED_LOOP_SIM_RERANK,,,0,20,,,,,,,,,,,,R4_EXPLICIT_TECHNICAL_LIMITATIONS,be56a08acb477082eabef600910114a1733ca3b3df7612b8f4eada1c69831615,,,,,,TECHNICALLY_UNEVALUABLE,TRUE_DMC_LAST_PREVENTS_FIXED25_CONFIRMED_ON_FROZEN_TECH_MENU,False,18b890a465499988c258cb2697b5300cfed2cd0e5faf6581c467a75828b74553,a5d1645b6e2962f92e7d95c952a346964f04b71abd1ec12f376ade32ab5f8705
S2_initial,,,reacher,FIXED25_SIMULATOR_ATTRIBUTION,,,0,100,,,,,,,,,,,,R4_EXPLICIT_TECHNICAL_LIMITATIONS,be56a08acb477082eabef600910114a1733ca3b3df7612b8f4eada1c69831615,,,,,,TECHNICALLY_UNEVALUABLE,TRUE_DMC_LAST_PREVENTS_COMMON_FIXED_HORIZON; all100forks and64candidate weights retained; complete-case ranking is not a full-task result,False,18b890a465499988c258cb2697b5300cfed2cd0e5faf6581c467a75828b74553,c42bc924edb25b8afe5a70e954b185a78ea16953c2d104616e9d52406733aace
